t,Load,PV,P_imp,P_exp,P_ch,P_dis,P_curt,E,c_grid,c_sell
1,0.18042277030102213,0.0,0.0,0.0,0.0,0.18042277030102216,0.0,4.810081294419977,0.27,0.06
2,0.12031507389686937,0.0,0.0,0.0,0.0,0.12031507389686937,0.0,4.683433848212745,0.27,0.06
3,0.09968108856410063,0.0,0.0,-2.7755575615628914e-17,0.0,0.0996810885641006,0.0,4.578506386566324,0.27,0.06
4,0.048046284687896505,0.0,0.0,0.0,0.0,0.048046284687896505,0.0,4.527931350052748,0.27,0.06
5,0.0372807271229735,0.0,0.0,0.0,0.0,0.0372807271229735,0.0,4.488688479396987,0.27,0.06
6,0.03080145636630712,0.0,0.0,0.0,0.0,0.03080145636630712,0.0,4.456265893748243,0.27,0.06
7,0.04385967896820421,0.0,0.0,0.0,0.0,0.04385967896820421,0.0,4.410097810623817,0.27,0.06
8,0.03349284575753788,0.0,0.0,0.0,0.0,0.03349284575753788,0.0,4.374842183510619,0.27,0.06
9,0.04645138727087088,0.006185275056134478,0.0,0.0,0.0,0.0402661122147364,0.0,4.33245680223195,0.27,0.06
10,0.04176637610835812,0.029581750268469216,0.0,0.0,0.0,0.012184625839888906,0.0,4.319630880295224,0.27,0.06
11,0.07157102158902424,0.0532471504832446,0.0,0.0,0.0,0.018323871105779647,0.0,4.3003425949207195,0.27,0.06
12,0.3713120449331663,0.23988110217704134,0.0,0.0,0.0,0.13143094275612494,0.0,4.161994234124799,0.27,0.06
13,0.6404509940243464,0.35987543826604995,0.0,0.0,0.0,0.2805755557582964,0.0,3.8666515438529077,0.27,0.06
14,0.46989665149117,0.3952121835867487,0.0,0.0,0.0,0.07468446790442129,0.0,3.7880363144798332,0.27,0.06
15,0.5030904440149062,0.16436696149171257,0.0,0.0,0.0,0.3387234825231936,0.0,3.4314852802448925,0.27,0.06
16,0.4213519613604537,0.14032506627352034,0.0,0.0,0.0,0.28102689508693335,0.0,3.135667495942857,0.27,0.06
17,0.06509175083235774,0.05744238052131842,0.0,0.0,0.0,0.007649370311039322,0.0,3.127615527194395,0.27,0.06
18,0.09051042841620338,0.021944280199155345,0.0,0.0,0.0,0.06856614821704804,0.0,3.055440634334344,0.27,0.06
19,0.07824965452281904,0.0,0.0,0.0,0.0,0.07824965452281904,0.0,2.973072576941903,0.27,0.06
20,0.022129201661230398,0.0,0.0,0.0,0.0,0.022129201661230398,0.0,2.9497786804563972,0.27,0.06
21,0.037181046034409505,0.0,0.0,2.0816681711721685e-17,0.0,0.037181046034409526,0.0,2.910640737262282,0.27,0.06
22,0.05243225258471687,0.0,0.0,0.0,0.0,0.05243225258471687,0.0,2.855448892436264,0.27,0.06
23,0.031598905074819855,0.0,0.0,0.0,0.0,0.031598905074819855,0.0,2.8221868870943485,0.27,0.06
24,0.013556628044717689,0.0,0.0,0.0,0.0,0.013556628044717689,0.0,2.8079167523104354,0.27,0.06
25,0.0441587222338965,0.0,0.0,0.0,0.0,0.0441587222338965,0.0,2.7614338868010706,0.27,0.06
26,0.03199762942907637,0.0,0.0,0.0,0.0,0.03199762942907637,0.0,2.727752171612569,0.27,0.06
27,0.028907515683589173,0.0,0.0,0.0,0.0,0.028907515683589173,0.0,2.697323207735107,0.27,0.06
28,0.02302633145830724,0.0,0.0,0.0,0.0,0.02302633145830724,0.0,2.6730849640947834,0.27,0.06
29,0.03409093228892241,0.0,0.0,0.0,0.0,0.03409093228892241,0.0,2.6371997722117073,0.27,0.06
30,0.04734851706794775,0.0,0.0,0.0,0.0,0.04734851706794775,0.0,2.587359227929657,0.27,0.06
31,0.05233257149615288,0.0,0.0,0.0,0.0,0.05233257149615288,0.0,2.532272310565286,0.27,0.06
32,0.045853300739486375,0.0,0.0,0.0,0.0,0.045853300739486375,0.0,2.484005678207932,0.27,0.06
33,0.03399125120035825,0.006830695061991982,0.0,1.0408340855860843e-17,0.0,0.02716055613836628,0.0,2.4554156191149143,0.27,0.06
34,0.039772754337076124,0.030280955274814857,0.0,6.938893903907228e-18,0.0,0.009491799062261275,0.0,2.4454242516809552,0.27,0.06
35,0.0331938024918455,0.05604397050862714,0.0,-0.0,0.022850168016781636,0.0,0.0,2.4671319112968977,0.27,0.06
36,0.21421465932425238,0.2416560071931495,0.0,-0.0,0.027441347868897126,0.0,0.0,2.49320119177235,0.27,0.06
37,0.39294284115157624,0.3602519332694669,0.0,0.0,0.0,0.03269090788210902,0.0,2.4587897097911826,0.27,0.06
38,0.25887178700096913,0.39962255362677507,0.0,-0.0,0.14075076662580593,0.0,0.0,2.592502938085698,0.27,0.06
39,0.21979680028384185,0.17044466654687085,0.0,0.0,0.0,0.049352133736971115,0.0,2.5405533236257285,0.27,0.06
40,0.23315406615143075,0.14473543631354674,0.0,0.0,0.0,0.08841862983788401,0.0,2.4474810816911137,0.27,0.06
41,0.0668860104265115,0.06169139555988036,0.0,0.0,0.0,0.005194614866631142,0.0,2.4420130660420285,0.27,0.06
42,0.052332571496152815,0.022751055206477237,0.0,0.0,0.0,0.029581516289675577,0.0,2.41087462784237,0.27,0.06
43,0.06927835655204996,0.0,0.0,0.0,0.0,0.06927835655204996,0.0,2.3379500419981065,0.27,0.06
44,0.0246212288753328,0.0,0.0,1.3877787807814457e-17,0.0,0.024621228875332815,0.0,2.3120329589714403,0.27,0.06
45,0.025618039760973876,0.0,0.0,0.0,0.0,0.025618039760973876,0.0,2.28506660132831,0.27,0.06
46,0.034788699908871124,0.0,0.0,0.0,0.0,0.034788699908871124,0.0,2.248446917213709,0.27,0.06
47,0.027113256089435336,0.0,0.0,0.0,0.0,0.027113256089435336,0.0,2.219906647645882,0.27,0.06
48,0.020135579889948324,0.0,0.0,0.0,0.0,0.020135579889948324,0.0,2.1987113003933048,0.27,0.06
49,0.01714514723302531,0.0,0.0,0.0,0.0,0.01714514723302531,0.0,2.1806637769901203,0.27,0.06
50,0.02202952057266625,0.0,0.0,0.0,0.0,0.02202952057266625,0.0,2.157474807966261,0.27,0.06
51,0.019736855535691888,0.0,0.0,0.0,0.0,0.019736855535691888,0.0,2.1366991705602696,0.27,0.06
52,0.018640363561486826,0.0,0.0,0.0,0.0,0.018640363561486826,0.0,2.117077735232389,0.27,0.06
53,0.03927434889425564,0.0,0.0,0.0,0.0,0.03927434889425564,0.0,2.0757363153436987,0.27,0.06
54,0.044956170942409376,0.0,0.0,0.0,0.0,0.044956170942409376,0.0,2.0284140301411626,0.27,0.06
55,0.040570203045589004,0.0,0.0,0.0,0.0,0.040570203045589004,0.0,1.9857085532510688,0.27,0.06
56,0.043660316791076126,0.0,0.0,0.0,0.0,0.043660316791076126,0.0,1.9397503250499362,0.27,0.06
57,0.03478869990887113,0.006830695061991987,0.0,0.0,0.0,0.027958004846879145,0.0,1.9103208462637475,0.27,0.06
58,0.014852482196050999,0.03087259028018422,0.0,-8.673617379884035e-17,0.01602010808413331,0.0,0.0,1.9255399489436742,0.27,0.06
59,0.019238450092871413,0.056958315516925304,0.0,-1.8041124150158794e-16,0.037719865424054075,0.0,0.0,1.9613738210965255,0.27,0.06
60,0.21042678792692582,0.2438611922131627,0.0,-0.0,0.03343440428623687,0.0,0.0,1.9931365051684506,0.27,0.06
61,0.3683216222443525,0.36073599827386016,0.0,0.0,0.0,0.00758562397049235,0.0,1.9851516378310903,0.27,0.06
62,0.1974682264773745,0.400429328634097,0.0,-0.0,0.20296110215672253,0.0,0.0,2.1779646848799765,0.27,0.06
63,0.1900918358917399,0.17501639158836146,0.0,0.0,0.0,0.015075444303378462,0.0,2.162095796139578,0.27,0.06
64,0.18640363561486825,0.14769361134039363,0.0,0.0,0.0,0.03871002427447462,0.0,2.121348402166447,0.27,0.06
65,0.0936005421616905,0.062175460564273505,0.0,0.0,0.0,0.031425081597417,0.0,2.088269368906008,0.27,0.06
66,0.0331938024918455,0.02409568021868038,0.0,-2.0816681711721685e-17,0.0,0.009098122273165102,0.0,2.0786923980921497,0.27,0.06
67,0.09659097481861353,0.0,0.0,0.0,0.0,0.09659097481861353,0.0,1.9770176877567673,0.27,0.06
68,0.019637174447127814,0.0,0.0,0.0,0.0,0.019637174447127814,0.0,1.9563469778124223,0.27,0.06
69,0.059409928784203994,0.0,0.0,0.0,0.0,0.059409928784203994,0.0,1.893810210671155,0.27,0.06
70,0.05781503136717825,0.0,0.0,0.0,0.0,0.05781503136717825,0.0,1.8329522829162306,0.27,0.06
71,0.0421651004626145,0.0,0.0,0.0,0.0,0.0421651004626145,0.0,1.7885679666397942,0.27,0.06
72,0.033692207934666,0.0,0.0,0.0,0.0,0.033692207934666,0.0,1.7531024846033036,0.27,0.06
73,0.09878395876702374,0.0,0.0,0.0,0.0,0.09878395876702374,0.0,1.6491193701116997,0.27,0.06
74,0.10416673754948512,0.0,0.0,0.0,0.0,0.10416673754948497,0.0,1.5394701726911892,0.27,0.06
75,0.025817401938102003,0.0,0.0,0.0,0.0,0.025817401938102003,0.0,1.512293960124766,0.27,0.06
76,0.020035898801384226,0.0,0.0,0.0,0.0,0.020035898801384226,0.0,1.4912035403338353,0.27,0.06
77,0.050837355167691375,0.0,0.0,0.0,0.0,0.050837355167691375,0.0,1.4376905348941602,0.27,0.06
78,0.09579352611010061,0.0,0.0,0.0,0.0,0.09579352611010061,0.0,1.336855244251949,0.27,0.06
79,0.045554257473794005,0.0,0.0,-6.938893903907228e-18,0.0,0.045554257473794,0.0,1.2889033942795343,0.27,0.06
80,0.03698168385728137,0.0,0.0,0.0,0.0,0.03698168385728137,0.0,1.2499753060087118,0.27,0.06
81,0.03229667269476862,0.010703215097137038,0.0,0.0,0.0,0.021593457597631587,0.0,1.2272453506427838,0.27,0.06
82,0.0351874242631275,0.04033875036609441,0.0,0.0,0.0051513261029669105,0.0,0.0,1.2321391104406023,0.27,0.06
83,0.0282097480636405,0.0652949905925848,0.0,-7.771561172376096e-16,0.03708524252894507,0.0,0.0,1.2673700908431,0.27,0.06
84,0.08413083874810096,0.24477553722146086,0.0,0.0,0.1606446984733599,0.0,0.0,1.4199825543927922,0.27,0.06
85,0.1615830445624071,0.3596065132636096,0.0,0.0,0.1980234687012025,0.0,0.0,1.6081048496589345,0.27,0.06
86,0.18281511642656062,0.39661059359944006,0.0,-0.0,0.21379547717287944,0.0,0.0,1.81121055297317,0.27,0.06
87,0.1828151164265605,0.17636101660056472,0.0,0.0,0.0,0.006454099825995785,0.0,1.804416763682648,0.27,0.06
88,0.12948573404476676,0.14446651131110602,0.0,-0.0,0.014980777266339257,0.0,0.0,1.8186485020856704,0.27,0.06
89,0.0244218666982047,0.06303602057208349,0.0,-0.0,0.03861415387387879,0.0,0.0,1.8553319482658552,0.27,0.06
90,0.06977676199487048,0.024956240226490407,0.0,0.0,0.0,0.04482052176838008,0.0,1.8081524516675604,0.27,0.06
91,0.05592109068446037,0.0,0.0,0.0,0.0,0.05592109068446037,0.0,1.749288145683918,0.27,0.06
92,0.052531933673281,0.0,0.0,-6.938893903907228e-18,0.0,0.052531933673280996,0.0,1.6939913733962537,0.27,0.06
93,0.048843733396409246,0.0,0.0,0.0,0.0,0.048843733396409246,0.0,1.642576917189507,0.27,0.06
94,0.05332938238179375,0.0,0.0,0.0,0.0,0.05332938238179375,0.0,1.5864407252086716,0.27,0.06
95,0.06828154566640887,0.0,0.0,0.0,0.0,0.06828154566640887,0.0,1.5145654139808729,0.27,0.06
96,0.041267970665537626,0.0,0.0,0.0,0.0,0.041267970665537626,0.0,1.4711254448592543,0.27,0.06
97,0.03488838099743517,0.0,0.0,1.3877787807814457e-17,0.0,0.03488838099743519,0.0,1.4344008332830067,0.27,0.06
98,0.04037084086846075,0.0,0.0,0.0,0.0,0.04037084086846075,0.0,1.3919052113162058,0.27,0.06
99,0.023524736901127725,0.0,0.0,0.0,0.0,0.023524736901127725,0.0,1.3671423303676504,0.27,0.06
100,0.0166467417902048,0.0,0.0,0.0,0.0,0.0166467417902048,0.0,1.349619444272698,0.27,0.06
101,0.02103270968702521,0.0,0.0,0.0,0.0,0.02103270968702521,0.0,1.327479749865303,0.27,0.06
102,0.030602094189179,0.0,0.0,0.0,0.0,0.030602094189179,0.0,1.2952670191398514,0.27,0.06
103,0.09968108856410063,0.0,0.09968108856410063,0.0,0.0,0.0,0.0,1.2952670191398514,0.27,0.06
104,0.073265600094614,0.0,0.0,0.0,0.0,0.073265600094614,0.0,1.2181453348297313,0.27,0.06
105,0.03837721909717875,0.008551815077612011,0.0,0.0,0.0,0.029825404019566737,0.0,1.1867501727038716,0.27,0.06
106,0.028907515683589124,0.03738057533924747,0.0,0.0,0.008473059655658345,0.0,0.0,1.194799579376747,0.27,0.06
107,0.014154714576102286,0.06959779063163486,0.0,-1.0269562977782698e-15,0.0554430760555336,0.0,0.0,1.2474705016295038,0.27,0.06
108,0.09031106623907513,0.25004646726929713,0.0,-8.326672684688674e-17,0.15973540103022207,0.0,0.0,1.3992191326082148,0.27,0.06
109,0.15191397897168937,0.35234553819771236,0.0,-2.7755575615628914e-17,0.20043155922602301,0.0,0.0,1.5896291138729368,0.27,0.06
110,0.160486552588202,0.3928456435652714,0.0,0.0,0.23235909097706942,0.0,0.0,1.8103702503011527,0.27,0.06
111,0.17912691614968887,0.1840522716703667,0.0,-0.0,0.0049253555206778266,0.0,0.0,1.8150493380457966,0.27,0.06
112,0.17673457002415038,0.14581113632330925,0.0,0.0,0.0,0.030923433700841135,0.0,1.782498355202806,0.27,0.06
113,0.17085338579886838,0.06637069060234732,0.0,0.0,0.0,0.10448269519652097,0.0,1.6725165707854155,0.27,0.06
114,0.06309812906107562,0.02506381022746665,0.0,0.0,0.0,0.03803431883360897,0.0,1.632480445697406,0.27,0.06
115,0.06160291273261412,5.378500048812589e-05,0.0,0.0,0.0,0.06154912773212591,0.0,1.567691890189905,0.27,0.06
116,0.051933847141896375,0.0,0.0,0.0,0.0,0.051933847141896375,0.0,1.5130246826721194,0.27,0.06
117,0.033991251200358286,0.0,0.0,0.0,0.0,0.033991251200358286,0.0,1.4772444182506896,0.27,0.06
118,0.0147528011074869,0.0,0.0,3.469446951953614e-18,0.0,0.014752801107486904,0.0,1.4617151539270192,0.27,0.06
119,0.0171451472330253,0.0,0.0,0.0,0.0,0.0171451472330253,0.0,1.4436676305238345,0.27,0.06
120,0.05901120442994763,0.0,0.0,1.3877787807814457e-17,0.0,0.059011204429947645,0.0,1.3815505732291529,0.27,0.06
121,0.03817785692005062,0.0,0.0,0.0,0.0,0.03817785692005062,0.0,1.3413633554185733,0.27,0.06
122,0.03987243542564025,0.0,0.0,6.938893903907228e-18,0.0,0.03987243542564026,0.0,1.2993923707600046,0.27,0.06
123,0.026913893912307203,0.0,0.0,0.0,0.0,0.026913893912307203,0.0,1.2710619561154708,0.27,0.06
124,0.026415488469486725,0.0,0.0,0.0,0.0,0.026415488469486725,0.0,1.243256178779169,0.27,0.06
125,0.02252792601548674,0.0,0.0,0.0,0.0,0.02252792601548674,0.0,1.2195425724470776,0.27,0.06
126,0.03748008930010175,0.0,0.0,0.0,0.0,0.03748008930010175,0.0,1.1800898468680232,0.27,0.06
127,0.030303050923486625,0.0,0.0,0.0,0.0,0.030303050923486625,0.0,1.148191898527511,0.27,0.06
128,0.027412299355127748,0.0,0.0,0.0,0.0,0.027412299355127748,0.0,1.119336846574745,0.27,0.06
129,0.028907515683589124,0.006938265062968238,0.0,0.0,0.0,0.021969250620620887,0.0,1.0962113196056704,0.27,0.06
130,0.02432218560964055,0.04550211041295449,0.0,-8.673617379884035e-17,0.021179924803314026,0.0,0.0,1.1163322481688187,0.27,0.06
131,0.025119634318153387,0.08411974076342886,0.0,-3.0531133177191805e-16,0.05900010644527578,0.0,0.0,1.1723823492918306,0.27,0.06
132,0.08861648773348549,0.25284328729467975,0.0,-8.326672684688674e-17,0.16422679956119435,0.0,0.0,1.3283978088749653,0.27,0.06
133,0.16218113109379176,0.37950696344421603,0.0,1.2490009027033011e-15,0.21732583235042302,0.0,0.0,1.5348573496078672,0.27,0.06
134,0.167464228787689,0.3988157786194531,0.0,-5.551115123125783e-17,0.23135154983176417,0.0,0.0,1.7546413219480432,0.27,0.06
135,0.18161894336379125,0.20578141186756949,0.0,-4.40619762898109e-16,0.024162468503778674,0.0,0.0,1.777595667026633,0.27,0.06
136,0.184310332755022,0.17560802659373098,0.0,0.0,0.0,0.008702306161291029,0.0,1.76843534475159,0.27,0.06
137,0.1796253215925092,0.0993946809020566,0.08023064069045262,0.0,0.0,0.0,0.0,1.76843534475159,0.27,0.06
138,0.11792272777133113,0.02716142524650356,0.0,0.0,0.0,0.09076130252482757,0.0,1.672897131567561,0.27,0.06
139,0.07316591900604988,0.0,0.07316591900605014,0.0,0.0,-2.636779683484747e-16,0.0,1.672897131567561,0.27,0.06
140,0.03229667269476865,0.0,0.0,0.0,0.0,0.03229667269476865,0.0,1.6389006339941203,0.27,0.06
141,0.055223323064511755,0.0,0.05522332306451207,0.0,0.0,-3.122502256758253e-16,0.0,1.6389006339941203,0.27,0.06
142,0.050837355167691375,0.0,0.0,0.0,0.0,0.050837355167691375,0.0,1.5853876285544453,0.27,0.06
143,0.036682640591588996,0.0,0.0,0.0,0.0,0.036682640591588996,0.0,1.5467743226685622,0.27,0.06
144,0.018540682472922714,0.0,0.0,3.469446951953614e-18,0.0,0.018540682472922718,0.0,1.5272578148023277,0.27,0.06
145,0.08283498459676764,0.0,0.08283498459676764,0.0,0.0,0.0,0.0,1.5272578148023277,0.27,0.06
146,0.11154313810322863,0.0,0.010751338186364215,0.0,0.0,0.10079179991686442,0.0,1.4211611833108915,0.27,0.06
147,0.041666695019794,0.0,0.0,0.0,0.0,0.041666695019794,0.0,1.3773015043426873,0.27,0.06
148,0.019537493358563723,0.0,0.0,0.0,0.0,0.019537493358563723,0.0,1.3567357218599887,0.27,0.06
149,0.023923461255384096,0.0,0.0,0.0,0.0,0.023923461255384096,0.0,1.3315531310648476,0.27,0.06
150,0.03090113745487114,0.0,0.03090113745487114,0.0,0.0,0.0,0.0,1.3315531310648476,0.27,0.06
151,0.020633985332768827,0.0,0.020633985332768827,0.0,0.0,0.0,0.0,1.3315531310648476,0.27,0.06
152,0.03189794834051225,0.0,0.03189794834051225,0.0,0.0,0.0,0.0,1.3315531310648476,0.27,0.06
153,0.04435808441102475,0.0,0.04435808441102475,0.0,0.0,0.0,0.0,1.3315531310648476,0.27,0.06
154,0.04395936005676838,0.014360595130329603,0.0,0.0,0.0,0.029598764926438773,0.0,1.3003965364054384,0.27,0.06
155,0.031698586163384,0.05007383545444517,0.0,4.163336342344337e-16,0.018375249291060755,0.0,0.0,1.317853023231946,0.27,0.06
156,0.15091716808604824,0.1773829316098391,0.0,-8.673617379884035e-17,0.026465763523790934,0.0,0.0,1.3429954985795474,0.27,0.06
157,0.27452171790553376,0.24542095722731838,0.0,0.0,0.0,0.029100760678215376,0.0,1.312363118918268,0.27,0.06
158,0.28120035083932876,0.14516571631745173,0.13603463452187703,0.0,0.0,0.0,0.0,1.312363118918268,0.27,0.06
159,0.2858853520337313,0.07400816067166119,0.2118771913620701,0.0,0.0,0.0,0.0,1.312363118918268,0.27,0.06
160,0.022627607104050852,0.08922931580980079,0.0,0.0,0.06660170870574994,0.0,0.0,1.3756347421887305,0.27,0.06
161,0.056917901570101494,0.06362765557745287,0.0,0.0,0.006709754007351375,0.0,0.0,1.3820090084957144,0.27,0.06
162,0.05402715000174252,0.017533910159129033,0.03649323984261349,0.0,0.0,0.0,0.0,1.3820090084957144,0.27,0.06
163,0.08961329861912638,0.0,0.08961329861912665,0.0,0.0,-2.636779683484747e-16,0.0,1.3820090084957144,0.27,0.06
164,0.052531933673281,0.0,0.05253193367328102,0.0,0.0,0.0,0.0,1.3820090084957144,0.27,0.06
165,0.048245646865024625,0.0,0.0482456468650246,0.0,0.0,2.7755575615628914e-17,0.0,1.3820090084957144,0.27,0.06
166,0.054425874355998875,0.0,0.054425874355998875,0.0,0.0,0.0,0.0,1.3820090084957144,0.27,0.06
167,0.04844500904215287,0.0,0.0,0.0,0.0,0.04844500904215287,0.0,1.3310142621355536,0.27,0.06
168,0.0481459657764605,0.0,0.0,0.0,0.0,0.0481459657764605,0.0,1.280334298160332,0.27,0.06
169,0.06519143192092175,0.0,0.0,0.0,0.0,0.06519143192092175,0.0,1.2117117382435723,0.27,0.06
170,0.036084554060204374,0.0,0.0,6.938893903907228e-18,0.0,0.03608455406020438,0.0,1.1737279971275676,0.27,0.06
171,0.034988062085999375,0.0,0.0,0.0,0.0,0.034988062085999375,0.0,1.1368984580896735,0.27,0.06
172,0.022727288192614888,0.0,0.0,0.0,0.0,0.022727288192614888,0.0,1.1129749968342895,0.27,0.06
173,0.04505585203097338,0.0,0.0,0.0,0.0,0.04505585203097338,0.0,1.0655477841701069,0.27,0.06
174,0.05751598810148612,0.0,0.0,0.0,0.0,0.05751598810148612,0.0,1.0050046388001215,0.27,0.06
175,0.056220133950152754,0.0,0.05622013395015266,0.0,0.0,9.020562075079397e-17,0.0,1.0050046388001215,0.27,0.06
176,0.03090113745487125,0.0,0.03090113745487122,0.0,0.0,0.0,0.0,1.0050046388001215,0.27,0.06
177,0.032795078137589126,0.007852610071266386,0.02494246806632274,0.0,0.0,0.0,0.0,1.0050046388001215,0.27,0.06
178,0.04186605719692225,0.037111650336806835,0.0,0.0,0.0,0.004754406860115402,0.0,1.0,0.27,0.06
179,0.026714531735178997,0.06927508062870613,0.0,-0.0,0.04256054889352713,0.0,0.0,1.0404325214488508,0.27,0.06
180,0.1360646759218886,0.26962420744697485,0.0,-8.326672684688674e-17,0.13355953152508634,0.0,0.0,1.1673140763976828,0.27,0.06
181,0.2311604443801495,0.39117830855013935,0.0,-6.661338147750939e-16,0.16001786416999053,0.0,0.0,1.3193310473591737,0.27,0.06
182,0.061802274909742494,0.4424354140153234,0.0,-1.1102230246251565e-16,0.380633139105581,0.0,0.0,1.6809325295094757,0.27,0.06
183,0.020933028598461138,0.22901653207843992,0.0,-2.220446049250313e-16,0.208083503479979,0.0,0.0,1.8786118578154558,0.27,0.06
184,0.05342906347035787,0.17399447657908718,0.0,-9.71445146547012e-17,0.12056541310872941,0.0,0.0,1.9931490002687489,0.27,0.06
185,0.0639952588581525,0.07605199069020997,0.0,0.0,0.012056731832057466,0.0,0.0,2.0046028955092035,0.27,0.06
186,0.027113256089435427,0.029151470264564217,0.0,0.0,0.00203821417512879,0.0,0.0,2.0065391989755756,0.27,0.06
187,0.12729275009635638,0.0002689250024406293,0.0,0.0,0.0,0.12702382509391574,0.0,1.8728299094030327,0.27,0.06
188,0.05970897204989638,0.0,0.0,0.0,0.0,0.05970897204989638,0.0,1.809978359876826,0.27,0.06
189,0.047846922510768254,0.0,0.0,0.0,0.0,0.047846922510768254,0.0,1.7596131782865436,0.27,0.06
190,0.049641182104922,0.0,0.0,0.0,0.0,0.049641182104922,0.0,1.7073593023866258,0.27,0.06
191,0.0550239608873835,0.0,0.0,0.0,0.0,0.0550239608873835,0.0,1.649439343557801,0.27,0.06
192,0.04316191134825562,0.0,0.0,-1.3877787807814457e-17,0.0,0.04316191134825561,0.0,1.6040057526649003,0.27,0.06
193,0.028309429152204524,0.0,0.0,0.0,0.0,0.028309429152204524,0.0,1.5742063535573165,0.27,0.06
194,0.02661485064661475,0.0,0.0,0.0,0.0,0.02661485064661475,0.0,1.5461907212977222,0.27,0.06
195,0.031598905074819876,0.0,0.0,0.0,0.0,0.031598905074819876,0.0,1.5129287159558065,0.27,0.06
196,0.022228882749794412,0.0,0.0,0.0,0.0,0.022228882749794412,0.0,1.4895298920086544,0.27,0.06
197,0.03329348358040962,0.0,0.0,0.0,0.0,0.03329348358040962,0.0,1.4544841198187495,0.27,0.06
198,0.0471491548908195,0.0,0.0,0.0,0.0,0.0471491548908195,0.0,1.4048534304599922,0.27,0.06
199,0.04445776549958888,0.0,0.0,0.0,0.0,0.04445776549958888,0.0,1.358055782565688,0.27,0.06
200,0.10745621347210049,0.0,0.05637388424356139,0.0,0.0,0.0510823292285391,0.0,1.3042849096935416,0.27,0.06
201,0.08193785479969062,0.0057549950522294635,0.0,0.0,0.0,0.07618285974746115,0.0,1.2240924257488457,0.27,0.06
202,0.05871216116425525,0.05986270554328408,0.0,-0.0,0.0011505443790288325,0.0,0.0,1.225185442908923,0.27,0.06
203,0.03149922398625575,0.1076237859767398,0.0,-0.0,0.07612456199048405,0.0,0.0,1.297503776799883,0.27,0.06
204,0.14782705434056162,0.10004010090791413,0.0,0.0,0.0,0.04778695343264754,0.0,1.2472017205549908,0.27,0.06
205,0.24671069419614852,0.12015569109047308,0.12655500310567544,0.0,0.0,0.0,0.0,1.2472017205549908,0.27,0.06
206,0.056917901570101494,0.18539689668256978,0.0,-8.326672684688674e-17,0.12847899511246838,0.0,0.0,1.3692567659118358,0.27,0.06
207,0.049342138839229825,0.18625745669037988,0.0,-4.440892098500626e-16,0.1369153178511505,0.0,0.0,1.4993263178704288,0.27,0.06
208,0.025717720849538,0.0890679608083364,0.0,-8.326672684688674e-17,0.06335023995879849,0.0,0.0,1.5595090458312875,0.27,0.06
209,0.05243225258471698,0.03759571534119996,0.0,0.0,0.0,0.014836537243517023,0.0,1.5438916382065329,0.27,0.06
210,0.060905145112665496,0.012800830116173952,0.0,0.0,0.0,0.048104314996491544,0.0,1.4932555171575943,0.27,0.06
211,0.029306240037845495,0.0002689250024406293,0.0,3.469446951953614e-18,0.0,0.029037315035404868,0.0,1.462689922383484,0.27,0.06
212,0.036981683857281275,0.0,0.0,0.0,0.0,0.036981683857281275,0.0,1.4237618341126614,0.27,0.06
213,0.05203352823046049,0.0,0.05203352823046043,0.0,0.0,6.245004513516506e-17,0.0,1.4237618341126614,0.27,0.06
214,0.049641182104922126,0.0,0.049641182104922084,0.0,0.0,4.163336342344337e-17,0.0,1.4237618341126614,0.27,0.06
215,0.044557446588152874,0.0,0.0,0.0,0.0,0.04455744658815271,0.0,1.3768592587567112,0.27,0.06
216,0.0272129371779995,0.0,0.027212937177999653,0.0,0.0,-1.5265566588595902e-16,0.0,1.3768592587567112,0.27,0.06
217,0.0237240990782559,0.0,0.0,0.0,0.0,0.0237240990782559,0.0,1.3518865228848629,0.27,0.06
218,0.034788699908871124,0.0,0.0,-6.938893903907228e-18,0.0,0.03478869990887112,0.0,1.3152668387702617,0.27,0.06
219,0.032894759226153245,0.0,0.0,0.0,0.0,0.032894759226153245,0.0,1.2806407764269425,0.27,0.06
220,0.0243221856096405,0.0,0.0,0.0,0.0,0.0243221856096405,0.0,1.2550384757852155,0.27,0.06
221,0.0271132560894355,0.0,0.0,0.0,0.0,0.0271132560894355,0.0,1.2264982062173888,0.27,0.06
222,0.025717720849537988,0.0,0.0,0.0,0.0,0.025717720849537988,0.0,1.199426921112612,0.27,0.06
223,0.07745220581430613,0.0,0.0,0.0,0.0,0.07745220581430613,0.0,1.1178982834133424,0.27,0.06
224,0.11164281919179263,0.0,0.0,1.3877787807814457e-17,0.0,0.11164281919179264,0.0,1.0003795263693502,0.27,0.06
225,0.05751598810148599,0.01882475017084405,0.03869123793064194,0.0,0.0,0.0,0.0,1.0003795263693502,0.27,0.06
226,0.037579770388665876,0.037219220337783084,0.0,0.0,0.0,0.0003605500508827922,0.0,1.0,0.27,0.06
227,0.039174667805691496,0.12456606113049945,0.0,-0.0,0.08539139332480795,0.0,0.0,1.0811218236585676,0.27,0.06
228,0.0232256936354354,0.32738929797122207,0.0,-0.0,0.30416360433578665,0.0,0.0,1.370077247777565,0.27,0.06
229,0.021531115129845724,0.3967181636004162,0.0,-0.0,0.37518704847057044,0.0,0.0,1.7265049438246067,0.27,0.06
230,0.02651516955805074,0.27150668246405923,0.0,-1.1102230246251565e-16,0.2449915129060086,0.0,0.0,1.959246881085315,0.27,0.06
231,0.019736855535691926,0.15549243641117183,0.0,-4.996003610813204e-16,0.1357555808754804,0.0,0.0,2.0882146829170214,0.27,0.06
232,0.019736855535691926,0.08944445581175331,0.0,-8.326672684688674e-17,0.06970760027606146,0.0,0.0,2.15443690317928,0.27,0.06
233,0.03090113745487125,0.041199310373904396,0.0,5.793976409762536e-16,0.010298172919032567,0.0,0.0,2.1642201674523607,0.27,0.06
234,0.027312618266563577,0.005701210051741342,0.0,0.0,0.0,0.021611408214822235,0.0,2.141471316699916,0.27,0.06
235,0.05352874455892212,0.0,0.0,-6.938893903907228e-18,0.0,0.05352874455892211,0.0,2.085125269795788,0.27,0.06
236,0.06010769640415262,0.0,0.0,0.0,0.0,0.06010769640415262,0.0,2.0218540104229956,0.27,0.06
237,0.04984054428205025,0.0,0.0,0.0,0.0,0.04984054428205025,0.0,1.9693902795997849,0.27,0.06
238,0.02671453173517899,0.0,0.0,0.0,0.0,0.02671453173517899,0.0,1.9412697198785438,0.27,0.06
239,0.0250199532295892,0.0,0.0,0.0,0.0,0.0250199532295892,0.0,1.914932927005292,0.27,0.06
240,0.128787966424818,0.0,0.0,0.0,0.0,0.128787966424818,0.0,1.779366646558115,0.27,0.06
241,0.07854869778851137,0.0,0.0,0.0,0.0,0.07854869778851137,0.0,1.6966838067807346,0.27,0.06
242,0.03688200276871725,0.0,0.0,0.0,0.0,0.03688200276871725,0.0,1.6578606459715586,0.27,0.06
243,0.02960528330353787,0.0,0.0,0.0,0.0,0.02960528330353787,0.0,1.6266971898625713,0.27,0.06
244,0.037280727122973624,0.0,0.0,0.0,0.0,0.037280727122973624,0.0,1.5874543192068096,0.27,0.06
245,0.027910704797948153,0.0,0.0,0.0,0.0,0.027910704797948153,0.0,1.5580746299458115,0.27,0.06
246,0.020933028598461176,0.0,0.0,0.0,0.0,0.020933028598461176,0.0,1.536039863000063,0.27,0.06
247,0.025518358672409775,0.0,0.0,0.0,0.0,0.025518358672409775,0.0,1.509178432818579,0.27,0.06
248,0.1234051876423565,0.0,0.0,0.0,0.0,0.1234051876423565,0.0,1.379278235300309,0.27,0.06
249,0.0964912937300495,0.01984666518011844,0.0,2.7755575615628914e-17,0.0,0.0766446285499311,0.0,1.2985996789319605,0.27,0.06
250,0.038676262362871,0.03797221034461684,0.0,2.7755575615628914e-17,0.0,0.0007040520182541865,0.0,1.2978585715443245,0.27,0.06
251,0.026315807380922613,0.12886886116954954,0.0,-0.0,0.10255305378862693,0.0,0.0,1.39528397264352,0.27,0.06
252,0.024322185609640612,0.32722794296975777,0.0,-0.0,0.30290575736011716,0.0,0.0,1.6830444421356312,0.27,0.06
253,0.019537493358563723,0.3973635836062738,0.0,-0.0,0.3778260902477101,0.0,0.0,2.041979227870956,0.27,0.06
254,0.0245215477867687,0.27935929253532565,0.0,-0.0,0.25483774474855697,0.0,0.0,2.284075085382085,0.27,0.06
255,0.028807834595025002,0.16022551645412692,0.0,-0.0,0.1314176818591019,0.0,0.0,2.4089218831482317,0.27,0.06
256,0.019637174447127814,0.09412375085422031,0.0,-8.326672684688674e-17,0.07448657640709258,0.0,0.0,2.4796841307349697,0.27,0.06
257,0.021331752952717477,0.04351206539489382,0.0,5.724587470723463e-16,0.022180312442175772,0.0,0.0,2.5007554275550365,0.27,0.06
258,0.0273126182665635,0.005808780052717593,0.0,0.0,0.0,0.021503838213845907,0.0,2.478119808382567,0.27,0.06
259,0.056020771773024496,0.0,0.0,0.0,0.0,0.056020771773024496,0.0,2.4191505749372784,0.27,0.06
260,0.0490430955735375,0.0,0.0,0.0,0.0,0.0490430955735375,0.0,2.367526263807239,0.27,0.06
261,0.05233257149615287,0.0,0.0,0.0,0.0,0.05233257149615287,0.0,2.3124393464428676,0.27,0.06
262,0.06070578293553726,0.0,0.0,1.3877787807814457e-17,0.0,0.06070578293553727,0.0,2.2485385223001964,0.27,0.06
263,0.06848090784353712,0.0,0.0,0.0,0.0,0.06848090784353712,0.0,2.176453356149105,0.27,0.06
264,0.06698569151507562,0.0,0.0,0.0,0.0,0.06698569151507562,0.0,2.105942101922709,0.27,0.06
265,0.07675443819435751,0.0,0.0,0.0,0.0,0.07675443819435751,0.0,2.0251479564549646,0.27,0.06
266,0.0715710215890242,0.0,0.0,0.0,0.0,0.07157102158902416,0.0,1.949810038992834,0.27,0.06
267,0.01774323376440991,0.0,0.0,0.0,0.0,0.01774323376440991,0.0,1.931132950819771,0.27,0.06
268,0.0292065589492815,0.0,0.0,0.0,0.0,0.0292065589492815,0.0,1.9003892045573694,0.27,0.06
269,0.026116445203794428,0.0,0.0,0.0,0.0,0.026116445203794428,0.0,1.872898209606007,0.27,0.06
270,0.08114040609117787,0.0,0.0,0.0,0.0,0.08114040609117787,0.0,1.7874872558258197,0.27,0.06
271,0.025618039760973824,0.0,0.0,0.0,0.0,0.025618039760973824,0.0,1.7605208981826894,0.27,0.06
272,0.10556227278938249,0.0,0.0,0.0,0.0,0.10556227278938249,0.0,1.6494027162991287,0.27,0.06
273,0.11652719253143362,0.02006180518207094,0.0,0.0,0.0,0.09646538734936268,0.0,1.5478602032997997,0.27,0.06
274,0.03349284575753775,0.03872520035145061,0.0,6.245004513516506e-17,0.0052323545939128024,0.0,0.0,1.5528309401640168,0.27,0.06
275,0.025917083026666125,0.12967563617687144,0.0,0.0,0.10375855315020532,0.0,0.0,1.6514015656567118,0.27,0.06
276,0.022926650369743087,0.3303474729980691,0.0,-0.0,0.30742082262832604,0.0,0.0,1.9434513471536219,0.27,0.06
277,0.018540682472922725,0.39698708860285703,0.0,-0.0,0.3784464061299343,0.0,0.0,2.3029754329770595,0.27,0.06
278,0.0246212288753328,0.28317802756998267,0.0,-0.0,0.25855679869464987,0.0,0.0,2.5486043917369767,0.27,0.06
279,0.025717720849537974,0.16280719647755693,0.0,-0.0,0.13708947562801896,0.0,0.0,2.6788393935835946,0.27,0.06
280,0.02661485064661485,0.09579108586935219,0.0,-0.0,0.06917623522273733,0.0,0.0,2.744556817045195,0.27,0.06
281,0.03239635378333275,0.04464155040514446,0.0,-5.134781488891349e-16,0.012245196621812227,0.0,0.0,2.7561897538359164,0.27,0.06
282,0.07715316254861389,0.006454200058575107,0.0,0.0,0.0,0.07069896249003878,0.0,2.681769793320086,0.27,0.06
283,0.04186605719692225,0.0,0.0,-6.938893903907228e-18,0.0,0.04186605719692224,0.0,2.637700259428589,0.27,0.06
284,0.05572172850733225,0.0,0.0,0.0,0.0,0.05572172850733225,0.0,2.5790458083682393,0.27,0.06
285,0.036283916237332625,0.0,0.0,0.0,0.0,0.036283916237332625,0.0,2.5408522123289417,0.27,0.06
286,0.0166467417902048,0.0,0.0,0.0,0.0,0.0166467417902048,0.0,2.5233293262339895,0.27,0.06
287,0.016746422878768912,0.0,0.0,3.469446951953614e-18,0.0,0.016746422878768916,0.0,2.5057015126773905,0.27,0.06
288,0.15500409271717636,0.0,0.0,0.0,0.0,0.15500409271717636,0.0,2.3425393098172047,0.27,0.06
289,0.09848491550133137,0.0,0.0,0.0,0.0,0.09848491550133137,0.0,2.23887097771054,0.27,0.06
290,0.05492427979881937,0.0,0.0,0.0,0.0,0.05492427979881937,0.0,2.1810559463433616,0.27,0.06
291,0.019637174447127825,0.0,0.0,0.0,0.0,0.019637174447127825,0.0,2.1603852363990166,0.27,0.06
292,0.017842914852974012,0.0,0.0,0.0,0.0,0.017842914852974012,0.0,2.141603220764307,0.27,0.06
293,0.10685812694071586,0.0,0.0,0.0,0.0,0.10685812694071586,0.0,2.029120981879343,0.27,0.06
294,0.0698764430834345,0.0,0.0,0.0,0.0,0.0698764430834345,0.0,1.9555668312652015,0.27,0.06
295,0.09160692039040849,0.0,0.0,0.0,0.0,0.09160692039040849,0.0,1.8591384940121398,0.27,0.06
296,0.05532300415307587,0.0,0.0,0.0,0.0,0.05532300415307587,0.0,1.8009037527983758,0.27,0.06
297,0.032695397049025,0.028721190260659203,0.0,0.0,0.0,0.003974206788365797,0.0,1.7967203772316749,0.27,0.06
298,0.024322185609640612,0.04932084544761142,0.0,-6.349087922075114e-16,0.024998659837971445,0.0,0.0,1.8204691040777476,0.27,0.06
299,0.034389975554614705,0.13279516620518278,0.0,-8.326672684688674e-17,0.09840519065056816,0.0,0.0,1.9139540351957873,0.27,0.06
300,0.02751198044369174,0.33266022801905853,0.0,0.0,0.3051482475753668,0.0,0.0,2.203844870392386,0.27,0.06
301,0.031399542897691625,0.38897312353012625,0.0,-0.0,0.3575735806324346,0.0,0.0,2.5435397719931987,0.27,0.06
302,0.013556628044717686,0.2861362025968296,0.0,-0.0,0.2725795745521119,0.0,0.0,2.802490367817705,0.27,0.06
303,0.010765557564922862,0.1601717314536388,0.0,-0.0,0.14940617388871594,0.0,0.0,2.944426233011985,0.27,0.06
304,0.025817401938102,0.09509188086300649,0.0,-0.0,0.06927447892490449,0.0,0.0,3.010236987990644,0.27,0.06
305,0.020933028598461134,0.045394540411978226,0.0,-0.0,0.024461511813517092,0.0,0.0,3.033475424213485,0.27,0.06
306,0.018640363561486815,0.006884480062480115,0.0,0.0,0.0,0.0117558834990067,0.0,3.0211008100040044,0.27,0.06
307,0.14104874031820197,0.0,0.0,0.0,0.0,0.14104874031820197,0.0,2.872628451774318,0.27,0.06
308,0.21770349742399564,0.0,0.0,0.0,0.0,0.21770349742399564,0.0,2.643466875538533,0.27,0.06
309,0.040968927399845374,0.0,0.0,0.0,0.0,0.040968927399845374,0.0,2.6003416888018536,0.27,0.06
310,0.05861248007569113,0.0,0.0,0.0,0.0,0.05861248007569113,0.0,2.538644341353758,0.27,0.06
311,0.13157903690461287,0.0,0.022656604995952997,0.0,0.0,0.10892243190865987,0.0,2.423989149870958,0.27,0.06
312,0.105960997143639,0.0,0.0,0.0,0.0,0.105960997143639,0.0,2.3124512581408116,0.27,0.06
313,0.12519944723651039,0.0,0.0,0.0,0.0,0.12519944723651039,0.0,2.180662366312906,0.27,0.06
314,0.10576163496651075,0.0,0.0,0.0,0.0,0.10576163496651075,0.0,2.0693343295060527,0.27,0.06
315,0.038676262362871125,0.0,0.0,0.0,0.0,0.038676262362871125,0.0,2.028622474387241,0.27,0.06
316,0.027910704797948202,0.0,0.0,0.0,0.0,0.027910704797948202,0.0,1.9992427851262429,0.27,0.06
317,0.036283916237332625,0.0,0.0,0.0,0.0,0.036283916237332736,0.0,1.9610491890869453,0.27,0.06
318,0.027312618266563626,0.0,0.0,0.0,0.0,0.027312618266563626,0.0,1.9322990645958256,0.27,0.06
319,0.03329348358040955,0.0,0.0,0.0,0.0,0.03329348358040955,0.0,1.8972532924059209,0.27,0.06
320,0.1415471457610229,0.0,0.0,0.0,0.0,0.1415471457610229,0.0,1.748256296868002,0.27,0.06
321,0.08552637398799826,0.024041895218192257,0.0,0.0,0.0,0.061484478769806,0.0,1.6835357928997852,0.27,0.06
322,0.07685411928292149,0.04964355545054017,0.0,0.0,0.0,0.027210563832381324,0.0,1.6548930941288573,0.27,0.06
323,0.02830942915220462,0.1411856262813304,0.0,-8.326672684688674e-17,0.11287619712912587,0.0,0.0,1.7621254814015268,0.27,0.06
324,0.0174441904987176,0.32868013798293694,0.0,4.996003610813204e-16,0.31123594748421884,0.0,0.0,2.0577996315115348,0.27,0.06
325,0.019936217712820125,0.38198107346667,0.0,0.0,0.36204485575384987,0.0,0.0,2.401742244477692,0.27,0.06
326,0.032595715960460875,0.28930951762562895,0.0,0.0,0.2567138016651681,0.0,0.0,2.6456203560596014,0.27,0.06
327,0.025318996495281538,0.16635700650977334,0.0,-0.0,0.1410380100144918,0.0,0.0,2.779606465573369,0.27,0.06
328,0.022029520572666238,0.09702814088057908,0.0,-0.0,0.07499862030791285,0.0,0.0,2.850855154865886,0.27,0.06
329,0.019836536624256024,0.04733080042955076,0.0,-0.0,0.02749426380529474,0.0,0.0,2.876974705480916,0.27,0.06
330,0.025618039760973824,0.0065617700595513515,0.0,0.0,0.0,0.019056269701422473,0.0,2.856915474216261,0.27,0.06
331,0.16876008293902187,0.0,0.0,0.0,0.0,0.16876008293902187,0.0,2.6792732816488694,0.27,0.06
332,0.04545457638522988,0.0,0.0,0.0,0.0,0.04545457638522988,0.0,2.631426359138101,0.27,0.06
333,0.0510367173448195,0.0,0.0,0.0,0.0,0.0510367173448195,0.0,2.5777034987751333,0.27,0.06
334,0.03299444031471725,0.0,0.0,0.0,0.0,0.03299444031471725,0.0,2.5429725089701676,0.27,0.06
335,0.017942595941538114,0.0,0.0,3.469446951953614e-18,0.0,0.017942595941538117,0.0,2.5240855658738117,0.27,0.06
336,0.0620016370868705,0.0,0.0,0.0,0.0,0.0620016370868705,0.0,2.4588206847297376,0.27,0.06
337,0.022926650369743153,0.0,0.0,0.0,0.0,0.022926650369743153,0.0,2.4346873685510606,0.27,0.06
338,0.017344509410153513,0.0,0.0,3.469446951953614e-18,0.0,0.017344509410153516,0.0,2.416429990224583,0.27,0.06
339,0.023724099078255997,0.0,0.0,0.0,0.0,0.023724099078256046,0.0,2.391457254352735,0.27,0.06
340,0.028110066975076377,0.0,0.0,0.0,0.0,0.028110066975076377,0.0,2.3618677101684438,0.27,0.06
341,0.05243225258471688,0.0,0.0,0.0,0.0,0.05243225258471688,0.0,2.306675865342426,0.27,0.06
342,0.07505985968876774,0.0,0.07505985968876756,0.0,0.0,1.8041124150158794e-16,0.0,2.306675865342426,0.27,0.06
343,0.10307024557528,0.0,0.0,0.0,0.0,0.10307024557528,0.0,2.198180870000026,0.27,0.06
344,0.11523133838010025,0.0,0.11523133838010025,0.0,0.0,0.0,0.0,2.198180870000026,0.27,0.06
345,0.1155303816457925,0.024364605221121015,0.0,0.0,0.0,0.0911657764246715,0.0,2.102216894816161,0.27,0.06
346,0.10536291061225436,0.0648647105886798,0.0,0.0,0.0,0.04049820002357456,0.0,2.0595872105808195,0.27,0.06
347,0.08452956310235737,0.14726333133648867,0.0,-8.326672684688674e-17,0.06273376823413138,0.0,0.0,2.1191842904032443,0.27,0.06
348,0.33353293230358916,0.3415885381000874,0.0,2.220446049250313e-16,0.008055605796498,0.0,0.0,2.1268371159099173,0.27,0.06
349,0.6777317211473199,0.4046245586721707,0.27310716247514927,0.0,0.0,0.0,0.0,2.1268371159099173,0.27,0.06
350,0.6939797485513775,0.3001740877242305,0.39380566082714696,0.0,0.0,0.0,0.0,2.1268371159099173,0.27,0.06
351,0.7294662160801975,0.18701044669721362,0.5424557693829839,0.0,0.0,0.0,0.0,2.1268371159099173,0.27,0.06
352,0.50269172962876,0.13801231125253094,0.364679418376229,0.0,0.0,0.0,0.0,2.1268371159099173,0.27,0.06
353,0.4869421176356312,0.06083083555207036,0.42611128208356064,0.0,0.0,-0.0,0.0,2.1268371159099173,0.27,0.06
354,0.4898328791720988,0.00693826506296823,0.4828946141091306,0.0,0.0,0.0,0.0,2.1268371159099173,0.27,0.06
355,0.19617238229414952,0.0,0.19617238229414952,0.0,0.0,0.0,0.0,2.1268371159099173,0.27,0.06
356,0.040669884134153,0.0,0.0,0.0,0.0,0.040669884134152894,0.0,2.0840267115581774,0.27,0.06
357,0.04485648985384525,0.0,0.0,-6.938893903907228e-18,0.0,0.044856489853845244,0.0,2.036809353817288,0.27,0.06
358,0.08133976826830612,0.0,0.0,0.0,0.0,0.08133976826830612,0.0,1.9511885451138076,0.27,0.06
359,0.03239635378333275,0.0,0.0,0.0,0.0,0.03239635378333275,0.0,1.9170871200787205,0.27,0.06
360,0.018640363561486822,0.0,0.0,0.0,0.0,0.018640363561486822,0.0,1.8974656847508395,0.27,0.06
361,0.02372409907825595,0.0,0.0,6.938893903907228e-18,0.0,0.023724099078255956,0.0,1.872492948878991,0.27,0.06
362,0.024621228875332826,0.0,0.0,0.0,0.0,0.024621228875332826,0.0,1.8465758658523248,0.27,0.06
363,0.0160486552588202,0.0,0.0,0.0,0.0,0.0160486552588202,0.0,1.8296825445272509,0.27,0.06
364,0.042862868082563246,0.0,0.0,0.0,0.0,0.042862868082563246,0.0,1.7845637360192896,0.27,0.06
365,0.0657895184523065,0.0,0.0657895184523065,0.0,0.0,0.0,0.0,1.7845637360192896,0.27,0.06
366,0.044756808765281125,0.0,0.044756808765281125,0.0,0.0,0.0,0.0,1.7845637360192896,0.27,0.06
367,0.05223289040758863,0.0,0.05223289040758863,0.0,0.0,0.0,0.0,1.7845637360192896,0.27,0.06
368,0.07814997343425488,0.0,0.07814997343425478,0.0,0.0,0.0,0.0,1.7845637360192896,0.27,0.06
369,0.03688200276871725,0.008336675075659508,0.0,0.0,0.0,0.028545327693057777,0.0,1.7545160226581762,0.27,0.06
370,0.04405904114533237,0.018340685166450918,0.0,0.0,0.0,0.025718355978881453,0.0,1.7274440689961956,0.27,0.06
371,0.044657127676717125,0.11165766101334933,0.0,-8.326672684688674e-17,0.06700053333663228,0.0,0.0,1.7910945756659962,0.27,0.06
372,0.33722111264424365,0.24122572718924445,0.0959953854549992,0.0,0.0,0.0,0.0,1.7910945756659962,0.27,0.06
373,0.6563002970741475,0.20927743689929781,0.4470228601748497,0.0,0.0,0.0,0.0,1.7910945756659962,0.27,0.06
374,0.462719613114555,0.08100021073511755,0.38171940237943747,0.0,0.0,0.0,0.0,1.7910945756659962,0.27,0.06
375,0.52531933673281,0.07680498069704372,0.44851435603576606,0.0,0.0,-0.0,0.0,1.7910945756659962,0.27,0.06
376,0.5136566593389187,0.09310183584494584,0.42055482349397266,0.0,0.0,-0.0,0.0,1.7910945756659962,0.27,0.06
377,0.38128016375768503,0.029850675270909847,0.3514294884867752,0.0,0.0,0.0,0.0,1.7910945756659962,0.27,0.06
378,0.3855664405978325,0.007207190065408859,0.3783592505324236,0.0,0.0,0.0,0.0,1.7910945756659962,0.27,0.06
379,0.17733265655553554,0.0,0.17733265655553546,0.0,0.0,8.326672684688674e-17,0.0,1.7910945756659962,0.27,0.06
380,0.05123607952194763,0.0,0.05123607952194763,0.0,0.0,0.0,0.0,1.7910945756659962,0.27,0.06
381,0.060705782935537245,0.0,0.060705782935537085,0.0,0.0,1.5959455978986625e-16,0.0,1.7910945756659962,0.27,0.06
382,0.02591708302666611,0.0,0.0,0.0,0.0,0.02591708302666611,0.0,1.7638134356379265,0.27,0.06
383,0.033592526846102,0.0,0.0,-6.938893903907228e-18,0.0,0.03359252684610199,0.0,1.7284528810630824,0.27,0.06
384,0.05273129585040925,0.0,0.0,0.0,0.0,0.05273129585040925,0.0,1.6729462538521254,0.27,0.06
385,0.037579770388665876,0.0,0.0,0.0,0.0,0.037579770388665876,0.0,1.6333886008114245,0.27,0.06
386,0.0292065589492815,0.0,0.0,0.0,0.0,0.0292065589492815,0.0,1.6026448545490228,0.27,0.06
387,0.025518358672409824,0.0,0.0,-3.469446951953614e-18,0.0,0.02551835867240982,0.0,1.5757834243675388,0.27,0.06
388,0.03309412140328138,0.0,0.0,0.0,0.0,0.03309412140328138,0.0,1.5409475071009269,0.27,0.06
389,0.024720909963896975,0.0,0.0,0.0,0.0,0.024720909963896975,0.0,1.5149254966126142,0.27,0.06
390,0.03498806208599925,0.0,0.03498806208599925,0.0,0.0,4.614364446098307e-17,0.0,1.5149254966126142,0.27,0.06
391,0.10536291061225424,0.0,0.1053629106122543,0.0,0.0,-6.938893903907228e-17,0.0,1.5149254966126142,0.27,0.06
392,0.16148337344195138,0.0,0.16148337344195138,0.0,0.0,0.0,0.0,1.5149254966126142,0.27,0.06
393,0.053130020204665625,0.02355783021379914,0.029572189990866526,0.0,0.0,0.0,0.0,1.5149254966126142,0.27,0.06
394,0.04066988413415312,0.046470240421740736,0.0,-0.0,0.005800356287587613,0.0,0.0,1.5204358350858225,0.27,0.06
395,0.028209748063640374,0.14833903134625107,0.0,-9.71445146547012e-17,0.12012928328261079,0.0,0.0,1.6345586542043027,0.27,0.06
396,0.22338531947214937,0.3617579132831345,0.0,-4.440892098500626e-16,0.13837259381098557,0.0,0.0,1.7660126183247389,0.27,0.06
397,0.402910959976095,0.41871622880006,0.0,-8.673617379884035e-17,0.015805268823965078,0.0,0.0,1.7810276237075058,0.27,0.06
398,0.24481675351343077,0.3487957281654962,0.0,-1.304512053934559e-15,0.10397897465206674,0.0,0.0,1.8798076496269691,0.27,0.06
399,0.21570987565271377,0.19835908180020817,0.0,0.0,0.0,0.017350793852505597,0.0,1.8615436560980159,0.27,0.06
400,0.21939807592958538,0.12037083109242566,0.09902724483715972,0.0,0.0,0.0,0.0,1.8615436560980159,0.27,0.06
401,0.18690204105768876,0.0517949554700652,0.13510708558762358,0.0,0.0,0.0,0.0,1.8615436560980159,0.27,0.06
402,0.19128800895450912,0.007798825070778248,0.18348918388373087,0.0,0.0,0.0,0.0,1.8615436560980159,0.27,0.06
403,0.04894341448497337,0.0,0.048943414484973455,0.0,0.0,-8.326672684688674e-17,0.0,1.8615436560980159,0.27,0.06
404,0.06160291273261413,0.0,0.06160291273261413,0.0,0.0,0.0,0.0,1.8615436560980159,0.27,0.06
405,0.04894341448497337,0.0,0.04894341448497337,0.0,0.0,0.0,0.0,1.8615436560980159,0.27,0.06
406,0.03478869990887118,0.0,0.03478869990887118,0.0,0.0,0.0,0.0,1.8615436560980159,0.27,0.06
407,0.03199762942907629,0.0,0.031997629429076246,0.0,0.0,0.0,0.0,1.8615436560980159,0.27,0.06
408,0.10077758053830574,0.0,0.10077758053830574,0.0,0.0,0.0,0.0,1.8615436560980159,0.27,0.06
409,0.08722095249358812,0.0,0.08722095249358812,0.0,0.0,0.0,0.0,1.8615436560980159,0.27,0.06
410,0.032695397049025,0.0,0.0,0.0,0.0,0.032695397049025,0.0,1.8271274486779896,0.27,0.06
411,0.020833347509897026,0.0,0.0,0.0,0.0,0.020833347509897026,0.0,1.8051976091938875,0.27,0.06
412,0.015251206550307398,0.0,0.0,0.0,0.0,0.015251206550307398,0.0,1.789143707561985,0.27,0.06
413,0.02332537472399955,0.0,0.0,3.469446951953614e-18,0.0,0.023325374723999554,0.0,1.7645906815367223,0.27,0.06
414,0.022228882749794385,0.0,0.0,0.0,0.0,0.022228882749794385,0.0,1.7411918575895702,0.27,0.06
415,0.028907515683589197,0.0,0.0,0.0,0.0,0.028907515683589197,0.0,1.710762893712108,0.27,0.06
416,0.07824965452281901,0.0,0.07824965452281911,0.0,0.0,-9.71445146547012e-17,0.0,1.710762893712108,0.27,0.06
417,0.06549047518661413,0.029259040265540465,0.036231434921073724,0.0,0.0,0.0,0.0,1.710762893712108,0.27,0.06
418,0.027312618266563535,0.08175320074195129,0.0,-0.0,0.05444058247538776,0.0,0.0,1.7624814470637264,0.27,0.06
419,0.02791070479794825,0.11579910605093496,0.0,-0.0,0.08788840125298672,0.0,0.0,1.845975428254064,0.27,0.06
420,0.2061404911505607,0.10391262094305914,0.10222787020750157,0.0,0.0,0.0,0.0,1.845975428254064,0.27,0.06
421,0.3625401290757438,0.14527328631842784,0.21726684275731595,0.0,0.0,0.0,0.0,1.845975428254064,0.27,0.06
422,0.19846504733112438,0.1977674467948388,0.0,0.0,0.0,0.0006976005362855919,0.0,1.8452411119000793,0.27,0.06
423,0.18740044650050913,0.14704819133453606,0.0,0.0,0.0,0.04035225516597307,0.0,1.802765053830634,0.27,0.06
424,0.21252009078677125,0.05776509052424716,0.1547550002625241,0.0,0.0,0.0,0.0,1.802765053830634,0.27,0.06
425,0.09918268312128012,0.020707225187928446,0.0,0.0,0.0,0.07847545793335167,0.0,1.7201593086376321,0.27,0.06
426,0.05422651217887062,0.005539855050276961,0.0,0.0,0.0,0.04868665712859366,0.0,1.6689101958706913,0.27,0.06
427,0.07346496227174218,0.0,0.0,0.0,0.0,0.07346496227174218,0.0,1.5915786566372785,0.27,0.06
428,0.04176637610835825,0.0,0.04176637610835825,0.0,0.0,0.0,0.0,1.5915786566372785,0.27,0.06
429,0.059708972049896246,0.0,0.05970897204989627,0.0,0.0,-2.0816681711721685e-17,0.0,1.5915786566372785,0.27,0.06
430,0.04575361965092225,0.0,0.04575361965092225,0.0,0.0,0.0,0.0,1.5915786566372785,0.27,0.06
431,0.07396336771456263,0.0,0.07396336771456263,0.0,0.0,0.0,0.0,1.5915786566372785,0.27,0.06
432,0.047248835979383626,0.0,0.047248835979383626,0.0,0.0,0.0,0.0,1.5915786566372785,0.27,0.06
433,0.041168289576973625,0.0,0.0,0.0,0.0,0.041168289576973625,0.0,1.5482436149773062,0.27,0.06
434,0.029904326569230172,0.0,0.029904326569230172,0.0,0.0,0.0,0.0,1.5482436149773062,0.27,0.06
435,0.020035898801384247,0.0,0.0,-2.7755575615628914e-17,0.0,0.02003589880138422,0.0,1.5271531951863753,0.27,0.06
436,0.0471491548908195,0.0,0.0,0.0,0.0,0.0471491548908195,0.0,1.477522505827618,0.27,0.06
437,0.054126831090306624,0.0,0.0,0.0,0.0,0.054126831090306624,0.0,1.4205468941536112,0.27,0.06
438,0.03458933773174295,0.0,0.0,0.0,0.0,0.03458933773174295,0.0,1.3841370649623028,0.27,0.06
439,0.03837721909717862,0.0,0.0,0.0,0.0,0.03837721909717862,0.0,1.3437399922284305,0.27,0.06
440,0.042862868082563246,0.0,0.0,0.0,0.0,0.042862868082563246,0.0,1.2986211837204693,0.27,0.06
441,0.043460954613947875,0.007476115067849492,0.03598483954609838,0.0,0.0,0.0,0.0,1.2986211837204693,0.27,0.06
442,0.0330941214032815,0.018824750170844052,0.01426937123243745,0.0,0.0,0.0,0.0,1.2986211837204693,0.27,0.06
443,0.039772754337076124,0.06153004055841599,0.0,-0.0,0.021757286221339864,0.0,0.0,1.319290605630742,0.27,0.06
444,0.20793475074471324,0.07879502571510438,0.12913972502960885,0.0,0.0,0.0,0.0,1.319290605630742,0.27,0.06
445,0.4043064952159925,0.05297822548080396,0.3513282697351885,0.0,0.0,0.0,0.0,1.319290605630742,0.27,0.06
446,0.2704347932744045,0.17662994160300532,0.09380485167139918,0.0,0.0,0.0,0.0,1.319290605630742,0.27,0.06
447,0.22208946532081625,0.17587695159617175,0.04621251372464452,0.0,0.0,0.0,0.0,1.319290605630742,0.27,0.06
448,0.21939807592958613,0.09546837586642343,0.1239297000631627,0.0,0.0,0.0,0.0,1.319290605630742,0.27,0.06
449,0.10516354843512613,0.028075770254801694,0.07708777818032443,0.0,0.0,0.0,0.0,1.319290605630742,0.27,0.06
450,0.07017548634912676,0.00908966508249327,0.06108582126663349,0.0,0.0,0.0,0.0,1.319290605630742,0.27,0.06
451,0.15540281707143289,0.0,0.15540281707143289,0.0,0.0,0.0,0.0,1.319290605630742,0.27,0.06
452,0.056519177215845,0.0,0.0,0.0,0.0,0.056519177215845,0.0,1.259796734877221,0.27,0.06
453,0.029904326569230172,0.0,0.0,0.0,0.0,0.029904326569230172,0.0,1.2283184963832945,0.27,0.06
454,0.020733666421332925,0.0,0.020733666421332925,0.0,0.0,0.0,0.0,1.2283184963832945,0.27,0.06
455,0.026216126292358373,0.0,0.026216126292358373,0.0,0.0,0.0,0.0,1.2283184963832945,0.27,0.06
456,0.018640363561486822,0.0,0.018640363561486822,0.0,0.0,0.0,0.0,1.2283184963832945,0.27,0.06
457,0.020434623155640624,0.0,0.020434623155640624,0.0,0.0,0.0,0.0,1.2283184963832945,0.27,0.06
458,0.17972500268107336,0.0,0.17972500268107328,0.0,0.0,0.0,0.0,1.2283184963832945,0.27,0.06
459,0.04296254917112738,0.0,0.0,0.0,0.0,0.04296254917112738,0.0,1.1830947604136868,0.27,0.06
460,0.028309429152204624,0.0,0.0,0.0,0.0,0.028309429152204624,0.0,1.153295361306103,0.27,0.06
461,0.02791070479794815,0.0,0.0,0.0,0.0,0.02791070479794815,0.0,1.1239156720451047,0.27,0.06
462,0.03289475922615313,0.0,0.0,0.0,0.0,0.03289475922615313,0.0,1.0892896097017857,0.27,0.06
463,0.032795078137589,0.0,0.0,0.0,0.0,0.032795078137589,0.0,1.0547684748201132,0.27,0.06
464,0.03897530562856325,0.0,0.0,6.938893903907228e-18,0.0,0.03897530562856326,0.0,1.0137418373163622,0.27,0.06
465,0.03438997555461475,0.024203250219656632,0.0,3.469446951953614e-18,0.0,0.010186725334958124,0.0,1.0030189685427222,0.27,0.06
466,0.031000818543435248,0.05136467546616017,0.0,-0.0,0.020363856922724924,0.0,0.0,1.022364632619311,0.27,0.06
467,0.03638359732589675,0.16232313147316396,0.0,-0.0,0.12593953414726722,0.0,0.0,1.1420071900592148,0.27,0.06
468,0.21690603874737413,0.35299095820357007,0.0,-0.0,0.13608491945619594,0.0,0.0,1.271287863542601,0.27,0.06
469,0.3571573502932813,0.32292514293070773,0.0,0.0,0.0,0.034232207362573645,0.0,1.2352539610556814,0.27,0.06
470,0.17962532159250938,0.44361868402606186,0.0,-0.0,0.2639933624335525,0.0,0.0,1.4860476553675563,0.27,0.06
471,0.2348486446570215,0.2335344721194425,0.0,0.0,0.0,0.0013141725375789837,0.0,1.4846643158543154,0.27,0.06
472,0.17464126716430428,0.12042461609291379,0.054216651071390495,0.0,0.0,0.0,0.0,1.4846643158543154,0.27,0.06
473,0.046152344005178585,0.06491849558916793,0.0,-8.673617379884035e-17,0.01876615158398943,0.0,0.0,1.5024921598591052,0.27,0.06
474,0.09001202297338276,0.011402420103482675,0.0,-1.3877787807814457e-17,0.0,0.07860960286990007,0.0,1.4197452094697367,0.27,0.06
475,0.025817401938102048,0.0,0.0,0.0,0.0,0.025817401938102048,0.0,1.3925689969033135,0.27,0.06
476,0.03139954289769175,0.0,0.0,0.0,0.0,0.03139954289769175,0.0,1.3595168464846905,0.27,0.06
477,0.05711726374722963,0.0,0.05711726374722963,0.0,0.0,0.0,0.0,1.3595168464846905,0.27,0.06
478,0.0292065589492815,0.0,0.0,0.0,0.0,0.0292065589492815,0.0,1.328773100222289,0.27,0.06
479,0.05392746891317837,0.0,0.0,0.0,0.0,0.05392746891317837,0.0,1.2720073434715748,0.27,0.06
480,0.08203753588825488,0.0,0.0,0.0,0.0,0.08203753588825488,0.0,1.1856520425365698,0.27,0.06
481,0.027811023709384076,0.0,0.02781102370938423,0.0,0.0,-1.5265566588595902e-16,0.0,1.1856520425365698,0.27,0.06
482,0.02362441798969179,0.0,0.0,0.0,0.0,0.02362441798969179,0.0,1.1607842341263679,0.27,0.06
483,0.030502413100614748,0.0,0.03050241310061461,0.0,0.0,1.3877787807814457e-16,0.0,1.1607842341263679,0.27,0.06
484,0.02432218560964056,0.0,0.0,0.0,0.0,0.02432218560964056,0.0,1.135181933484641,0.27,0.06
485,0.025019953229589227,0.0,0.0,0.0,0.0,0.025019953229589227,0.0,1.108845140611389,0.27,0.06
486,0.04176637610835825,0.0,0.0,0.0,0.0,0.04176637610835825,0.0,1.0648805341815384,0.27,0.06
487,0.02711325608943537,0.0,0.0,0.0,0.0,0.02711325608943537,0.0,1.0363402646137116,0.27,0.06
488,0.021132390775589337,0.00043028000390500724,0.0,0.0,0.0,0.02070211077168433,0.0,1.0145485690645701,0.27,0.06
489,0.03807817583148638,0.024257035220144742,0.0,3.469446951953614e-18,0.0,0.01382114061134164,0.0,1.0,0.27,0.06
490,0.0410686084884095,0.0451794004100257,0.0,0.0,0.0041107919216162025,0.0,0.0,1.0039052523255354,0.27,0.06
491,0.02950560221497375,0.15296454138823007,0.0,0.0,0.12345893917325632,0.0,0.0,1.1211912445401289,0.27,0.06
492,0.21949774705004124,0.3742360333963796,0.0,-0.0,0.15473828634633838,0.0,0.0,1.2681926165691504,0.27,0.06
493,0.36263979022809,0.4376485489718801,0.0,-0.0,0.0750087587437901,0.0,0.0,1.339450937375751,0.27,0.06
494,0.2158095667093866,0.3963416685969996,0.0,-0.0,0.18053210188761298,0.0,0.0,1.5109564341689834,0.27,0.06
495,0.20205357648754074,0.21868981198471982,0.0,-0.0,0.016636235497179075,0.0,0.0,1.5267608578913034,0.27,0.06
496,0.207934740776605,0.11762779606753124,0.0,0.0,0.0,0.09030694470907377,0.0,1.4317009160922785,0.27,0.06
497,0.11423452749445928,0.05970135054181971,0.054533176952639574,0.0,0.0,0.0,0.0,1.4317009160922785,0.27,0.06
498,0.1114434570146645,0.012585690114221457,0.09885776690044304,0.0,0.0,0.0,0.0,1.4317009160922785,0.27,0.06
499,0.11064600830615162,0.0,0.11064600830615162,0.0,0.0,0.0,0.0,1.4317009160922785,0.27,0.06
500,0.05482459871025538,0.0,0.05482459871025538,0.0,0.0,0.0,0.0,1.4317009160922785,0.27,0.06
501,0.04784692251076825,0.0,0.04784692251076825,0.0,0.0,0.0,0.0,1.4317009160922785,0.27,0.06
502,0.028508791329332775,0.0,0.0,0.0,0.0,0.028508791329332775,0.0,1.401691662061402,0.27,0.06
503,0.0204346231556406,0.0,0.0,0.0,0.0,0.0204346231556406,0.0,1.3801815324238855,0.27,0.06
504,0.03488838099743525,0.0,0.0,0.0,0.0,0.03488838099743525,0.0,1.343456920847638,0.27,0.06
505,0.03817785692005062,0.0,0.0,0.0,0.0,0.03817785692005062,0.0,1.3032697030370584,0.27,0.06
506,0.034788699908871124,0.0,0.0,0.0,0.0,0.034788699908871124,0.0,1.2666500189224572,0.27,0.06
507,0.03738040821153775,0.0,0.03738040821153775,0.0,0.0,0.0,0.0,1.2666500189224572,0.27,0.06
508,0.019836536624256027,0.0,0.0,0.0,0.0,0.019836536624256027,0.0,1.2457694540548192,0.27,0.06
509,0.038775943451435126,0.0,0.0,0.0,0.0,0.038775943451435126,0.0,1.2049526714743612,0.27,0.06
510,0.04256382481687088,0.0,0.0,0.0,0.0,0.04256382481687088,0.0,1.1601486453513392,0.27,0.06
511,0.03349284575753787,0.0,0.0,6.938893903907228e-18,0.0,0.03349284575753788,0.0,1.1248930182381414,0.27,0.06
512,0.1455343893035869,0.0,0.1455343893035869,0.0,0.0,0.0,0.0,1.1248930182381414,0.27,0.06
513,0.04395936005676838,0.032593710295804275,0.0,0.0,0.0,0.011365649760964103,0.0,1.1129291763844948,0.27,0.06
514,0.032695397049025,0.09950225090303276,0.0,-8.326672684688674e-17,0.06680685385400784,0.0,0.0,1.1763956875458024,0.27,0.06
515,0.0331938024918455,0.09277912584201709,0.0,-8.743006318923108e-16,0.059585323350172456,0.0,0.0,1.2330017447284662,0.27,0.06
516,0.21909903266389286,0.15102828137065735,0.05360338124654482,0.0,0.0,0.014467370046690686,0.0,1.2177729341530024,0.27,0.06
517,0.41756407002690876,0.11058196100358678,0.306982109023322,0.0,0.0,0.0,0.0,1.2177729341530024,0.27,0.06
518,0.1857058679949194,0.16307612147999767,0.0,0.0,0.0,0.022629746514921723,0.0,1.1939521483478217,0.27,0.06
519,0.2305623578487654,0.3203972479077657,0.0,-0.0,0.0898348900590003,0.0,0.0,1.279295293903872,0.27,0.06
520,0.21600891891840598,0.22143284700961435,0.0,-0.0,0.005423928091208369,0.0,0.0,1.28444802559052,0.27,0.06
521,0.047547879245075975,0.07223325565555304,0.0,-0.0,0.024685376410477064,0.0,0.0,1.3078991331804732,0.27,0.06
522,0.10915079197769026,0.00898209508151702,0.10016869689617323,0.0,0.0,0.0,0.0,1.3078991331804732,0.27,0.06
523,0.06818186457784475,0.0,0.06818186457784475,0.0,0.0,0.0,0.0,1.3078991331804732,0.27,0.06
524,0.058213755721434744,0.0,0.058213755721434744,0.0,0.0,0.0,0.0,1.3078991331804732,0.27,0.06
525,0.05422651217887074,0.0,0.05422651217887074,0.0,0.0,0.0,0.0,1.3078991331804732,0.27,0.06
526,0.03518742426312755,0.0,0.0,0.0,0.0,0.03518742426312755,0.0,1.2708597392192864,0.27,0.06
527,0.03478869990887108,0.0,0.0,0.0,0.0,0.03478869990887108,0.0,1.2342400551046853,0.27,0.06
528,0.12888764751338214,0.0,0.12888764751338214,0.0,0.0,0.0,0.0,1.2342400551046853,0.27,0.06
529,0.044956170942409376,0.0,0.0,6.938893903907228e-18,0.0,0.04495617094240938,0.0,1.186917769902149,0.27,0.06
530,0.028508791329332803,0.0,0.0,0.0,0.0,0.028508791329332803,0.0,1.1569085158712722,0.27,0.06
531,0.029804645480666126,0.0,0.029804645480666126,0.0,0.0,0.0,0.0,1.1569085158712722,0.27,0.06
532,0.033991251200358376,0.0,0.03399125120035855,0.0,0.0,-1.734723475976807e-16,0.0,1.1569085158712722,0.27,0.06
533,0.029405921126409752,0.0,0.029405921126409752,0.0,0.0,0.0,0.0,1.1569085158712722,0.27,0.06
534,0.030602094189178877,0.0,0.030602094189178877,0.0,0.0,0.0,0.0,1.1569085158712722,0.27,0.06
535,0.04027115977989662,0.0,0.04027115977989662,0.0,0.0,0.0,0.0,1.1569085158712722,0.27,0.06
536,0.07097293505763963,0.0,0.07097293505763963,0.0,0.0,0.0,0.0,1.1569085158712722,0.27,0.06
537,0.05661885830440913,0.023181335210382237,0.0,0.0,0.0,0.033437523094026894,0.0,1.1217111231407175,0.27,0.06
538,0.03159890507481987,0.06712368060918107,0.0,-9.020562075079397e-17,0.03552477553436129,0.0,0.0,1.1554596598983609,0.27,0.06
539,0.029605283303537948,0.10283692093329663,0.0,0.0,0.07323163762975868,0.0,0.0,1.2250297156466317,0.27,0.06
540,0.22099296337850238,0.15092071136968122,0.07007225200882117,0.0,0.0,0.0,0.0,1.2250297156466317,0.27,0.06
541,0.3861645470654337,0.15495458640629067,0.231209960659143,0.0,0.0,0.0,0.0,1.2250297156466317,0.27,0.06
542,0.20972901033886726,0.09288669584299333,0.11684231449587393,0.0,0.0,0.0,0.0,1.2250297156466317,0.27,0.06
543,0.19447780378856025,0.056743175514972766,0.1377346282735874,0.0,0.0,0.0,0.0,1.2250297156466317,0.27,0.06
544,0.20713730203620112,0.056420465512044035,0.15071683652415707,0.0,0.0,0.0,0.0,1.2250297156466317,0.27,0.06
545,0.18550650581779127,0.02549409023137164,0.16001241558641954,0.0,0.0,0.0,0.0,1.2250297156466317,0.27,0.06
546,0.07446177315738312,0.005432285049300711,0.0690294881080824,0.0,0.0,0.0,0.0,1.2250297156466317,0.27,0.06
547,0.138756075281228,0.0,0.138756075281228,0.0,0.0,0.0,0.0,1.2250297156466317,0.27,0.06
548,0.05502396088738351,0.0,0.0,0.0,0.0,0.05502396088738351,0.0,1.1671097568178068,0.27,0.06
549,0.06140355055548599,0.0,0.06140355055548599,0.0,0.0,0.0,0.0,1.1671097568178068,0.27,0.06
550,0.040570203045589004,0.0,0.040570203045589004,0.0,0.0,0.0,0.0,1.1671097568178068,0.27,0.06
551,0.08153913044543437,0.0,0.08153913044543437,0.0,0.0,0.0,0.0,1.1671097568178068,0.27,0.06
552,0.04744819815651187,0.0,0.04744819815651187,0.0,0.0,0.0,0.0,1.1671097568178068,0.27,0.06
553,0.028508791329332754,0.0,0.0,0.0,0.0,0.028508791329332754,0.0,1.1371005027869303,0.27,0.06
554,0.029405921126409624,0.0,0.0,0.0,0.0,0.029405921126409624,0.0,1.106146901601236,0.27,0.06
555,0.03498806208599925,0.0,0.03498806208599925,0.0,0.0,0.0,0.0,1.106146901601236,0.27,0.06
556,0.028608472417896873,0.0,0.028608472417896873,0.0,0.0,0.0,0.0,1.106146901601236,0.27,0.06
557,0.027511980443691735,0.0,0.027511980443691735,0.0,0.0,0.0,0.0,1.106146901601236,0.27,0.06
558,0.03987243542564025,0.0,0.03987243542564025,0.0,0.0,0.0,0.0,1.106146901601236,0.27,0.06
559,0.08552637398799838,0.0,0.08552637398799826,0.0,0.0,1.249000902703301e-16,0.0,1.106146901601236,0.27,0.06
560,0.08492828745661375,0.0,0.08492828745661375,0.0,0.0,0.0,0.0,1.106146901601236,0.27,0.06
561,0.034788699908871124,0.030388525275791112,0.0,0.0,0.0,0.004400174633080012,0.0,1.1015151388295727,0.27,0.06
562,0.026714531735178976,0.05609775550911526,0.0,-8.673617379884035e-17,0.029383223773936373,0.0,0.0,1.1294292014148124,0.27,0.06
563,0.029804645480665998,0.15323346639067054,0.0,1.3600232051658168e-15,0.12342882091000318,0.0,0.0,1.2466865812793153,0.27,0.06
564,0.21501210803276488,0.21713004697056404,0.0,0.0,0.0021179389377991575,0.0,0.0,1.2486986232702244,0.27,0.06
565,0.3840712442055888,0.20551248686512896,0.17855875734045984,0.0,0.0,0.0,0.0,1.2486986232702244,0.27,0.06
566,0.21341722058384888,0.438401538978714,0.0,0.0,0.2249843183948651,0.0,0.0,1.4624337257453461,0.27,0.06
567,0.18640363561486814,0.19012997672552492,0.0,0.0,0.0037263411106567834,0.0,0.0,1.4659737498004701,0.27,0.06
568,0.21780317851255987,0.12004812108949695,0.09775505742306292,0.0,0.0,0.0,0.0,1.4659737498004701,0.27,0.06
569,0.21700572980404675,0.06631690560185918,0.15068882420218754,0.0,0.0,0.0,0.0,1.4659737498004701,0.27,0.06
570,0.09080947168189564,0.012962185117638322,0.07784728656425732,0.0,0.0,0.0,0.0,1.4659737498004701,0.27,0.06
571,0.09379990433881862,0.0,0.09379990433881862,0.0,0.0,0.0,0.0,1.4659737498004701,0.27,0.06
572,0.05851279898712712,0.0,0.0,0.0,0.0,0.05851279898712702,0.0,1.4043813298140206,0.27,0.06
573,0.052531933673281,0.0,0.052531933673281,0.0,0.0,0.0,0.0,1.4043813298140206,0.27,0.06
574,0.030203369834922448,0.0,0.0,0.0,0.0,0.030203369834922448,0.0,1.372588308935155,0.27,0.06
575,0.020534304244204726,0.0,0.0,0.0,0.0,0.020534304244204726,0.0,1.350973251835992,0.27,0.06
576,0.07914678431989587,0.0,0.07914678431989587,0.0,0.0,0.0,0.0,1.350973251835992,0.27,0.06
577,0.034788699908871124,0.0,0.0,0.0,0.0,0.034788699908871124,0.0,1.314353567721391,0.27,0.06
578,0.03209731051764038,0.0,0.0,0.0,0.0,0.03209731051764038,0.0,1.280566925071243,0.27,0.06
579,0.03429029446605063,0.0,0.0,0.0,0.0,0.03429029446605063,0.0,1.244471878264874,0.27,0.06
580,0.029605283303537875,0.0,0.0,0.0,0.0,0.029605283303537875,0.0,1.2133084221558867,0.27,0.06
581,0.039772754337076124,0.0,0.039772754337076124,0.0,0.0,0.0,0.0,1.2133084221558867,0.27,0.06
582,0.04675043053656325,0.0,0.0,0.0,0.0,0.046750430536563,0.0,1.1640974426437152,0.27,0.06
583,0.04336127352538374,0.0,0.04336127352538374,0.0,0.0,0.0,0.0,1.1640974426437152,0.27,0.06
584,0.030801456366307125,0.0006992050063456352,0.0,0.0,0.0,0.030102251359961685,0.0,1.1324108622648081,0.27,0.06
585,0.03947371107138375,0.02280484020696537,0.0,0.0,0.0,0.01666887086441838,0.0,1.1148646824075257,0.27,0.06
586,0.034090932288922376,0.03926305035633188,0.0,0.0,0.005172118067409505,0.0,0.0,1.1197781945715648,0.27,0.06
587,0.02791070479794825,0.14995258136089487,0.0,2.7755575615628914e-17,0.1220418765629466,0.0,0.0,1.235717977306364,0.27,0.06
588,0.21760380636732327,0.38531574349693365,0.0,-8.326672684688674e-17,0.16771193712961047,0.0,0.0,1.395044317579494,0.27,0.06
589,0.3780903689236325,0.4502880240865897,0.0,1.0547118733938987e-15,0.07219765516295612,0.0,0.0,1.4636320899843023,0.27,0.06
590,0.21002805360456,0.445716299045099,0.0,-1.1102230246251565e-16,0.23568824544053912,0.0,0.0,1.6875359231528144,0.27,0.06
591,0.1896931115374835,0.25467197731127594,0.0,1.1379786002407855e-15,0.0649788657737913,0.0,0.0,1.7492658456379162,0.27,0.06
592,0.18082149465527853,0.11821943107290075,0.06260206358237777,0.0,0.0,0.0,0.0,1.7492658456379162,0.27,0.06
593,0.09998013182979287,0.057818875524735296,0.0,0.0,0.0,0.04216125630505758,0.0,1.7048855758431187,0.27,0.06
594,0.034090932288922376,0.01398410012691272,0.0,0.0,0.0,0.020106832162009657,0.0,1.6837204893567927,0.27,0.06
595,0.14822577869481762,0.0,0.0,0.0,0.0,0.14822577869481762,0.0,1.5276933538885638,0.27,0.06
596,0.0470494738022555,0.0,0.0,0.0,0.0,0.0470494738022555,0.0,1.4781675919914528,0.27,0.06
597,0.050637992990563124,0.0,0.0,0.0,0.0,0.050637992990563124,0.0,1.4248644414750704,0.27,0.06
598,0.046551068359435,0.0,0.0,0.0,0.0,0.046551068359435,0.0,1.3758633168861916,0.27,0.06
599,0.06110450728979363,0.0,0.0,0.0,0.0,0.06110450728979363,0.0,1.311542782896935,0.27,0.06
600,0.05612045286158862,0.0,0.0,0.0,0.0,0.05612045286158862,0.0,1.2524686219899996,0.27,0.06
601,0.10685812694071586,0.0,0.10685812694071586,0.0,0.0,0.0,0.0,1.2524686219899996,0.27,0.06
602,0.04884373339640925,0.0,0.0,0.0,0.0,0.04884373339640925,0.0,1.201054165783253,0.27,0.06
603,0.034190613377486495,0.0,0.034190613377486495,0.0,0.0,0.0,0.0,1.201054165783253,0.27,0.06
604,0.0171451472330253,0.0,0.0,0.0,0.0,0.0171451472330253,0.0,1.1830066423800685,0.27,0.06
605,0.022627607104050835,0.0,0.0,0.0,0.0,0.022627607104050835,0.0,1.159188108586331,0.27,0.06
606,0.02801038588651225,0.0,0.0,0.0,0.0,0.02801038588651225,0.0,1.1297034918636863,0.27,0.06
607,0.0778509301685625,0.0,0.0778509301685625,0.0,0.0,0.0,0.0,1.1297034918636863,0.27,0.06
608,0.0897129797076905,0.0005916350053693847,0.08912134470232114,0.0,0.0,0.0,0.0,1.1297034918636863,0.27,0.06
609,0.061403550555486006,0.02549409023137165,0.03590946032411435,0.0,0.0,0.0,0.0,1.1297034918636863,0.27,0.06
610,0.0400717976027685,0.04700809042662199,0.0,-0.0,0.006936292823853489,0.0,0.0,1.136292970046347,0.27,0.06
611,0.03399125120035837,0.15914981644436443,0.0,-8.326672684688674e-17,0.12515856524400615,0.0,0.0,1.2551936070281529,0.27,0.06
612,0.03688200276871725,0.38918826353207864,0.0,-5.551115123125783e-17,0.35230626076336147,0.0,0.0,1.5898845547533462,0.27,0.06
613,0.387859115602915,0.44921232407682715,0.0,-1.2836953722228372e-15,0.06135320847391341,0.0,0.0,1.648170102803564,0.27,0.06
614,0.346292111639795,0.4495888190802441,0.0,-8.326672684688674e-17,0.10329670744044919,0.0,0.0,1.7463019748719908,0.27,0.06
615,0.2173047730697394,0.2716142524650356,0.0,7.494005416219807e-16,0.054309479395295485,0.0,0.0,1.7978959802975214,0.27,0.06
616,0.18002404594676577,0.12838479616515658,0.0,0.0,0.0,0.05163924978160919,0.0,1.7435388752642487,0.27,0.06
617,0.1352672371814845,0.06384279557940539,0.0,0.0,0.0,0.07142444160207911,0.0,1.6683552525252179,0.27,0.06
618,0.23873621707912962,0.017641480160105288,0.0,0.0,0.0,0.22109473691902434,0.0,1.4356239505051922,0.27,0.06
619,0.1534091953001511,0.0,0.1534091953001512,0.0,0.0,-1.1102230246251565e-16,0.0,1.4356239505051922,0.27,0.06
620,0.047547879245076,0.0,0.0,0.0,0.0,0.047547879245076,0.0,1.385573551299849,0.27,0.06
621,0.057815031367178374,0.0,0.05781503136717858,0.0,0.0,-2.0816681711721685e-16,0.0,1.385573551299849,0.27,0.06
622,0.028708153506460925,0.0,0.0,0.0,0.0,0.028708153506460925,0.0,1.3553544423456796,0.27,0.06
623,0.04744819815651188,0.0,0.0,0.0,0.0,0.04744819815651188,0.0,1.305408970601983,0.27,0.06
624,0.0500399064591785,0.0,0.0,0.0,0.0,0.0500399064591785,0.0,1.2527353848554792,0.27,0.06
625,0.035685829705948004,0.0,0.0,0.0,0.0,0.035685829705948004,0.0,1.2151713535860602,0.27,0.06
626,0.019537493358563713,0.0,0.0,3.469446951953614e-18,0.0,0.019537493358563716,0.0,1.1946055711033616,0.27,0.06
627,0.03239635378333275,0.0,0.0,0.0,0.0,0.03239635378333275,0.0,1.1605041460682746,0.27,0.06
628,0.029904326569230123,0.0,0.0,0.0,0.0,0.029904326569230123,0.0,1.129025907574348,0.27,0.06
629,0.027212937177999524,0.0,0.0,0.0,0.0,0.027212937177999524,0.0,1.1003807105448749,0.27,0.06
630,0.021531115129845724,0.0,0.0,0.0,0.0,0.021531115129845724,0.0,1.0777163788292479,0.27,0.06
631,0.018740044650050913,0.0,0.0,0.0,0.0,0.018740044650050913,0.0,1.0579900160397204,0.27,0.06
632,0.04675043053656325,0.0006992050063456352,0.0,0.0,0.0,0.04605122553021756,0.0,1.0095150417973862,0.27,0.06
633,0.03937402998281975,0.030334740275302967,0.0,0.0,0.0,0.00903928970751678,0.0,1.0,0.27,0.06
634,0.02850879132933275,0.10622537596404855,0.0,-0.0,0.0777165846347158,0.0,0.0,1.07383075540298,0.27,0.06
635,0.035685829705948,0.24407633221511524,0.0,-0.0,0.20839050250916724,0.0,0.0,1.2718017327866888,0.27,0.06
636,0.037679451477230126,0.4242022988498486,0.0,-1.1102230246251565e-16,0.3865228473726186,0.0,0.0,1.6389984377906766,0.27,0.06
637,0.40639978810772875,0.4744374893057584,0.0,5.134781488891349e-16,0.06803770119802914,0.0,0.0,1.7036342539288043,0.27,0.06
638,0.2364435520421559,0.45835577415980866,0.0,-8.326672684688674e-17,0.22191222211765285,0.0,0.0,1.9144508649405745,0.27,0.06
639,0.21889967048676476,0.3123832828350349,0.0,-9.298117831235686e-16,0.09348361234827109,0.0,0.0,2.003260296671432,0.27,0.06
640,0.2115232699330215,0.21938901699106544,0.0,0.0,0.007865747058043937,0.0,0.0,2.010732756376574,0.27,0.06
641,0.18291479751512463,0.0781496057092469,0.0,0.0,0.0,0.10476519180587773,0.0,1.9004536071072289,0.27,0.06
642,0.14892354631476623,0.016996060154247768,0.13192748616051847,0.0,0.0,0.0,0.0,1.9004536071072289,0.27,0.06
643,0.10825366218061325,0.0,0.0,0.0,0.0,0.10825366218061325,0.0,1.7865023837592149,0.27,0.06
644,0.046949792713691374,0.0,0.0,0.0,0.0,0.046949792713691374,0.0,1.7370815493237504,0.27,0.06
645,0.061403550555486,0.0,0.0,0.0,0.0,0.06140355055548594,0.0,1.6724462329495546,0.27,0.06
646,0.045354895296665754,0.0,0.0,0.0,0.0,0.045354895296665754,0.0,1.6247042379004328,0.27,0.06
647,0.027212937177999448,0.0,0.0,0.0,0.0,0.027212937177999448,0.0,1.5960590408709598,0.27,0.06
648,0.028708153506461,0.0,0.0,0.0,0.0,0.028708153506461,0.0,1.5658399319167904,0.27,0.06
649,0.06419462103528076,0.0,0.0,0.0,0.0,0.06419462103528076,0.0,1.498266646616495,0.27,0.06
650,0.0837321143938445,0.0,0.0,0.0,0.0,0.0837321143938445,0.0,1.4101275788335006,0.27,0.06
651,0.037280727122973624,0.0,0.0,0.0,0.0,0.037280727122973624,0.0,1.3708847081777389,0.27,0.06
652,0.023724099078255987,0.0,0.0,0.0,0.0,0.023724099078255987,0.0,1.3459119723058905,0.27,0.06
653,0.030004007657794374,0.0,0.0,0.0,0.0,0.030004007657794374,0.0,1.3143288063503176,0.27,0.06
654,0.03738040821153775,0.0,0.0,0.0,0.0,0.03738040821153775,0.0,1.2749810082329094,0.27,0.06
655,0.031100499631999373,0.0,0.0,0.0,0.0,0.031100499631999373,0.0,1.2422436401992258,0.27,0.06
656,0.03678232168015312,0.0,0.0,0.0,0.0,0.03678232168015312,0.0,1.2035254068516963,0.27,0.06
657,0.0340909322889225,0.05109575046371957,0.0,-0.0,0.01700481817479707,0.0,0.0,1.2196799841177535,0.27,0.06
658,0.030502413100614825,0.09670543087765032,0.0,-0.0,0.0662030177770355,0.0,0.0,1.282572851005937,0.27,0.06
659,0.03638359732589675,0.1907216117308944,0.0,-0.0,0.15433801440499767,0.0,0.0,1.4291939646906848,0.27,0.06
660,0.027910704797948126,0.22681134705842687,0.0,-0.0,0.19890064226047874,0.0,0.0,1.6181495748381396,0.27,0.06
661,0.41576982040086374,0.23842890716386195,0.1773409132370018,0.0,0.0,0.0,0.0,1.6181495748381396,0.27,0.06
662,0.25727688958394423,0.30802669779549663,0.0,-9.020562075079397e-17,0.050749808211552484,0.0,0.0,1.6663618926391144,0.27,0.06
663,0.21042677795881637,0.2540265573054185,0.0,1.3461454173580023e-15,0.043599779346600795,0.0,0.0,1.7077816830183852,0.27,0.06
664,0.2177035073921045,0.15000636636138298,0.06769714103072152,0.0,0.0,0.0,0.0,1.7077816830183852,0.27,0.06
665,0.19687014991409862,0.07169540565067176,0.12517474426342687,0.0,0.0,0.0,0.0,1.7077816830183852,0.27,0.06
666,0.08363243330528036,0.020922365189880957,0.0627100681153994,0.0,0.0,0.0,0.0,1.7077816830183852,0.27,0.06
667,0.17892755397256124,0.0,0.17892755397256124,0.0,0.0,0.0,0.0,1.7077816830183852,0.27,0.06
668,0.050338949724870755,0.0,0.05033894972487061,0.0,0.0,1.457167719820518e-16,0.0,1.707781683018385,0.27,0.06
669,0.055622047418768125,0.0,0.0355857461291217,0.0,0.0,0.020036301289646424,0.0,1.6866908395555993,0.27,0.06
670,0.04834532795358875,0.0,0.0,0.0,0.0,0.04834532795358875,0.0,1.6358010206570848,0.27,0.06
671,0.030402732012050654,0.0,0.0,0.0,0.0,0.030402732012050654,0.0,1.603798144854926,0.27,0.06
672,0.027212937177999524,0.0,0.0,0.0,0.0,0.027212937177999524,0.0,1.575152947825453,0.27,0.06
673,0.031897948340512225,0.0,0.0,0.0,0.0,0.031897948340512225,0.0,1.541576160098598,0.27,0.06
674,0.02103270968702525,0.0,0.0,-3.469446951953614e-18,0.0,0.021032709687025246,0.0,1.519436465691203,0.27,0.06
675,0.017444190498717614,0.0,0.0,0.0,0.0,0.017444190498717614,0.0,1.5010741599030792,0.27,0.06
676,0.043759997879640126,0.0,0.0,0.0,0.0,0.043759997879640126,0.0,1.4550110042403002,0.27,0.06
677,0.043759997879640126,0.0,0.0,0.0,0.0,0.043759997879640126,0.0,1.408947848577521,0.27,0.06
678,0.02990432656923024,0.0,0.0,0.0,0.0,0.02990432656923024,0.0,1.3774696100835946,0.27,0.06
679,0.09080947168189561,0.0,0.09080947168189561,0.0,0.0,0.0,0.0,1.3774696100835946,0.27,0.06
680,0.03847690018574275,0.0002689250024406293,0.0,-6.938893903907228e-18,0.0,0.038207975183302115,0.0,1.3372506888380133,0.27,0.06
681,0.032196991606204504,0.02855983525919482,0.0,0.0,0.0,0.003637156347009684,0.0,1.333422103209582,0.27,0.06
682,0.030502413100614877,0.11504611604410125,0.0,-0.0,0.08454370294348637,0.0,0.0,1.4137386210058942,0.27,0.06
683,0.032496034871896874,0.11251822102115935,0.0,-0.0,0.08002218614926249,0.0,0.0,1.4897596978476935,0.27,0.06
684,0.020235260978512425,0.10966761599528863,0.0,-0.0,0.0894323550167762,0.0,0.0,1.5747204351136308,0.27,0.06
685,0.4086924631128125,0.11267957602262368,0.2960128870901888,0.0,0.0,0.0,0.0,1.5747204351136308,0.27,0.06
686,0.24950176467594337,0.07857988571315187,0.17092187896279154,0.0,0.0,0.0,0.0,1.5747204351136308,0.27,0.06
687,0.2141149782356876,0.09751220588497217,0.11660277235071542,0.0,0.0,0.0,0.0,1.574720435113631,0.27,0.06
688,0.21909903266389286,0.21169776192126355,0.0,0.0,0.0,0.007401270742629307,0.0,1.5669296238056,0.27,0.06
689,0.15829356863979177,0.10471939595038106,0.0,0.0,0.0,0.05357417268941071,0.0,1.5105357578167466,0.27,0.06
690,0.098086191147075,0.01850204016791528,0.07958415097915972,0.0,0.0,0.0,0.0,1.5105357578167466,0.27,0.06
691,0.1892943871832266,0.0,0.1892943871832266,0.0,0.0,0.0,0.0,1.5105357578167466,0.27,0.06
692,0.05233257149615275,0.0,0.05233257149615275,0.0,0.0,0.0,0.0,1.5105357578167466,0.27,0.06
693,0.05073767407912725,0.0,0.05073767407912725,0.0,0.0,0.0,0.0,1.5105357578167466,0.27,0.06
694,0.029904326569230172,0.0,0.029904326569230172,0.0,0.0,0.0,0.0,1.5105357578167466,0.27,0.06
695,0.025318996495281524,0.0,0.025318996495281524,0.0,0.0,0.0,0.0,1.5105357578167466,0.27,0.06
696,0.020035898801384226,0.0,0.020035898801384233,0.0,0.0,0.0,0.0,1.5105357578167466,0.27,0.06
697,0.056618858304409124,0.0,0.0566188583044092,0.0,0.0,-7.632783294297951e-17,0.0,1.5105357578167466,0.27,0.06
698,0.045753619650922124,0.0,0.045753619650922124,0.0,0.0,0.0,0.0,1.5105357578167466,0.27,0.06
699,0.02870815350646095,0.0,0.0,0.0,0.0,0.02870815350646095,0.0,1.4803166488625772,0.27,0.06
700,0.030203369834922524,0.0,0.0,-3.469446951953614e-18,0.0,0.03020336983492252,0.0,1.4485236279837115,0.27,0.06
701,0.03558614861738388,0.0,0.0,0.0,0.0,0.03558614861738388,0.0,1.411064524175939,0.27,0.06
702,0.030701775277743003,0.0,0.0,0.0,0.0,0.030701775277743003,0.0,1.3787468659888409,0.27,0.06
703,0.04286286808256325,0.0,0.0,0.0,0.0,0.04286286808256325,0.0,1.3336280574808796,0.27,0.06
704,0.0410686084884095,0.0,0.0,0.0,0.0,0.0410686084884095,0.0,1.2903979432825539,0.27,0.06
705,0.04784692251076825,0.018932320171820304,0.0,0.0,0.0,0.028914602338947944,0.0,1.2599615197678717,0.27,0.06
706,0.03937402998281975,0.07524521568288803,0.0,0.0,0.03587118570006828,0.0,0.0,1.2940391461829366,0.27,0.06
707,0.025318996495281573,0.1557613614136125,0.0,-0.0,0.13044236491833092,0.0,0.0,1.4179593928553509,0.27,0.06
708,0.029007196772153264,0.19120567673528752,0.0,-0.0,0.16219847996313425,0.0,0.0,1.5720479488203285,0.27,0.06
709,0.42633600582054876,0.13521549122714838,0.2911205145934004,0.0,0.0,0.0,0.0,1.5720479488203285,0.27,0.06
710,0.24332153718496913,0.11816564607241253,0.12515589111255654,0.0,0.0,0.0,0.0,1.5720479488203285,0.27,0.06
711,0.23385183377138025,0.05851808053108093,0.17533375324029932,0.0,0.0,0.0,0.0,1.5720479488203285,0.27,0.06
712,0.2283693739003551,0.0293128252660286,0.1990565486343265,0.0,0.0,0.0,0.0,1.5720479488203285,0.27,0.06
713,0.11104473266040812,0.01118728010153018,0.09985745255887794,0.0,0.0,0.0,0.0,1.5720479488203285,0.27,0.06
714,0.04186605719692225,0.0010757000097625165,0.0,0.0,0.0,0.04079035718715973,0.0,1.5291107307285814,0.27,0.06
715,0.20474495591066275,0.0,0.20474495591066275,0.0,0.0,0.0,0.0,1.5291107307285814,0.27,0.06
716,0.047149154890819625,0.0,0.0,0.0,0.0,0.047149154890819625,0.0,1.479480041369824,0.27,0.06
717,0.05612045286158862,0.0,0.05612045286158862,0.0,0.0,0.0,0.0,1.479480041369824,0.27,0.06
718,0.048046284687896505,0.0,0.048046284687896505,0.0,0.0,0.0,0.0,1.479480041369824,0.27,0.06
719,0.021132390775589274,0.0,0.0,0.0,0.0,0.021132390775589274,0.0,1.4572354195007826,0.27,0.06
720,0.020135579889948324,0.0,0.020135579889948324,0.0,0.0,0.0,0.0,1.4572354195007826,0.27,0.06
721,0.042165100462614506,0.0,0.042165100462614506,0.0,0.0,0.0,0.0,1.4572354195007826,0.27,0.06
722,0.06887963219779362,0.0,0.06887963219779349,0.0,0.0,1.3877787807814457e-16,0.0,1.4572354195007826,0.27,0.06
723,0.017643552675845803,0.0,0.017643552675845803,0.0,0.0,0.0,0.0,1.4572354195007826,0.27,0.06
724,0.020434623155640624,0.0,0.020434623155640624,0.0,0.0,0.0,0.0,1.4572354195007826,0.27,0.06
725,0.027412299355127723,0.0,0.0,0.0,0.0,0.027412299355127723,0.0,1.4283803675480167,0.27,0.06
726,0.020833347509897026,0.0,0.0,0.0,0.0,0.020833347509897026,0.0,1.4064505280639144,0.27,0.06
727,0.01903908791574316,0.0,0.0,0.0,0.0,0.01903908791574316,0.0,1.386409382889448,0.27,0.06
728,0.047547879245076,0.0,0.0,0.0,0.0,0.047547879245076,0.0,1.3363589836841048,0.27,0.06
729,0.03179826725194813,0.009842655089327025,0.0,0.0,0.0,0.021955612162621103,0.0,1.313247812986609,0.27,0.06
730,0.026913893912307127,0.04695430542613388,0.0,7.979727989493313e-16,0.020040411513825955,0.0,0.0,1.3322862039247436,0.27,0.06
731,0.032496034871896874,0.05131089046567208,0.0,0.0,0.018814855593775208,0.0,0.0,1.35016031673883,0.27,0.06
732,0.036582959503024995,0.08336675075659507,0.0,0.0,0.04678379125357007,0.0,0.0,1.3946049184297216,0.27,0.06
733,0.4267347301748063,0.11391663103385065,0.31281809914095565,0.0,0.0,0.0,0.0,1.3946049184297216,0.27,0.06
734,0.22149137878943187,0.06421929058282227,0.15727208820660965,0.0,0.0,0.0,0.0,1.3946049184297216,0.27,0.06
735,0.23325374723999565,0.04690052042564574,0.1863532268143499,0.0,0.0,0.0,0.0,1.3946049184297216,0.27,0.06
736,0.2283693739003545,0.02511759522795477,0.20325177867239974,0.0,0.0,0.0,0.0,1.3946049184297216,0.27,0.06
737,0.20295069631650875,0.011725130106411434,0.19122556621009731,0.0,0.0,0.0,0.0,1.3946049184297216,0.27,0.06
738,0.06389557776958843,0.0011832700107387688,0.0,0.0,0.0,0.06271230775884966,0.0,1.3285919628940903,0.27,0.06
739,0.06220099926399876,0.0,0.06220099926399876,0.0,0.0,0.0,0.0,1.3285919628940903,0.27,0.06
740,0.048544690130717,0.0,0.0,0.0,0.0,0.048544690130717,0.0,1.277492289072283,0.27,0.06
741,0.04675043053656325,0.0,0.0,-1.3877787807814457e-17,0.0,0.046750430536563234,0.0,1.228281309560111,0.27,0.06
742,0.039772754337076256,0.0,0.0,0.0,0.0,0.039772754337076256,0.0,1.1864152523631888,0.27,0.06
743,0.01774323376440991,0.0,0.0,0.0,0.0,0.01774323376440991,0.0,1.1677381641901257,0.27,0.06
744,0.018341320295794515,0.0,0.0,0.0,0.0,0.018341320295794515,0.0,1.1484315112471841,0.27,0.06
745,0.025318996495281496,0.0,0.025318996495281496,0.0,0.0,0.0,0.0,1.1484315112471841,0.27,0.06
746,0.0549242797988195,0.0,0.0549242797988196,0.0,0.0,-9.71445146547012e-17,0.0,1.1484315112471841,0.27,0.06
747,0.0380781758314865,0.0,0.03807817583148654,0.0,0.0,0.0,0.0,1.1484315112471841,0.27,0.06
748,0.02482059105246106,0.0,0.02482059105246106,0.0,0.0,0.0,0.0,1.1484315112471841,0.27,0.06
749,0.026216126292358498,0.0,0.026216126292358498,0.0,0.0,0.0,0.0,1.1484315112471841,0.27,0.06
750,0.03309412140328138,0.0,0.0,0.0,0.0,0.03309412140328138,0.0,1.1135955939805722,0.27,0.06
751,0.034589337731742976,0.0,0.0,0.0,0.0,0.034589337731742976,0.0,1.0771857647892638,0.27,0.06
752,0.03767945147723,0.0,0.0,0.0,0.0,0.03767945147723,0.0,1.0375231842869164,0.27,0.06
753,0.03877594345143512,0.024418390221609135,0.0,0.0,0.0,0.014357553229825983,0.0,1.0224099703607838,0.27,0.06
754,0.0312001807205635,0.07131891064725487,0.0,-4.3021142204224816e-16,0.040118729926691805,0.0,0.0,1.060522763791141,0.27,0.06
755,0.03239635378333275,0.14253025129353358,0.0,-6.938893903907228e-17,0.1101338975102009,0.0,0.0,1.1651499664258318,0.27,0.06
756,0.02950560221497375,0.37676392841932166,0.0,-9.992007221626409e-16,0.34725832620434893,0.0,0.0,1.4950453763199634,0.27,0.06
757,0.4059014026011262,0.5361826698661266,0.0,0.0,0.1302812672650004,0.0,0.0,1.6188125802217137,0.27,0.06
758,0.26804244714886727,0.34153475309959913,0.0,-0.0,0.07349230595073186,0.0,0.0,1.688630270874909,0.27,0.06
759,0.21471306476707278,0.259835337358136,0.0,-0.0,0.045122272591063245,0.0,0.0,1.731496429836419,0.27,0.06
760,0.22507989797773886,0.16856219152978638,0.0,0.0,0.0,0.056517706447952655,0.0,1.6720041072596268,0.27,0.06
761,0.16866040185045825,0.1370979662442327,0.0,0.0,0.0,0.03156243560622554,0.0,1.638780490832021,0.27,0.06
762,0.08542669289943425,0.04060767536853503,0.0,0.0,0.0,0.04481901753089919,0.0,1.5916025776416007,0.27,0.06
763,0.12111252260538224,0.0,0.12111252260538224,0.0,0.0,0.0,0.0,1.5916025776416007,0.27,0.06
764,0.025119634318153353,0.0,0.0,0.0,0.0,0.025119634318153353,0.0,1.5651608573067024,0.27,0.06
765,0.053728106736050246,0.0,0.0,-1.3877787807814457e-17,0.0,0.05372810673605023,0.0,1.508604955479281,0.27,0.06
766,0.04336127352538375,0.0,0.0,0.0,0.0,0.04336127352538375,0.0,1.4629615096630877,0.27,0.06
767,0.056220133950152754,0.0,0.0,0.0,0.0,0.056220133950152754,0.0,1.4037824212945058,0.27,0.06
768,0.06309812906107576,0.0,0.0,0.0,0.0,0.06309812906107576,0.0,1.3373633380723209,0.27,0.06
769,0.05143544169907587,0.0,0.0,0.0,0.0,0.05143544169907587,0.0,1.2832207678627674,0.27,0.06
770,0.07924646540845988,0.0,0.0,1.3877787807814457e-17,0.0,0.07924646540845989,0.0,1.1998034358538623,0.27,0.06
771,0.03827753800861462,0.0,0.0,0.0,0.0,0.03827753800861462,0.0,1.1595112905816363,0.27,0.06
772,0.020733666421332873,0.0,0.0,0.0,0.0,0.020733666421332873,0.0,1.1376863785591806,0.27,0.06
773,0.021132390775589337,0.0,0.0,0.0,0.0,0.021132390775589337,0.0,1.1154417566901393,0.27,0.06
774,0.030602094189178874,0.0,0.0,0.0,0.0,0.030602094189178874,0.0,1.083229025964688,0.27,0.06
775,0.08413083874810087,0.0,0.08413083874810087,0.0,0.0,0.0,0.0,1.083229025964688,0.27,0.06
776,0.067384415869332,0.0024741100224537887,0.0,0.0,0.0,0.06491030584687821,0.0,1.0149023882311319,0.27,0.06
777,0.04086924631128125,0.035282960320210575,0.0,0.0,0.0,0.005586285991070673,0.0,1.0090220871878997,0.27,0.06
778,0.041068608488409375,0.06131490055646348,0.0,0.020246292068054103,0.0,0.0,0.0,1.0090220871878997,0.27,0.06
779,0.044557446588152874,0.2018551068319364,0.0,0.1572976602437835,0.0,0.0,0.0,1.0090220871878997,0.27,0.06
780,0.03249603487189675,0.4520091441022096,0.0,5.551115123125783e-16,0.4195131092303123,0.0,0.0,1.4075595409566963,0.27,0.06
781,0.28020353995368624,0.5366129498700315,0.0,0.25640940991634525,0.0,0.0,0.0,1.4075595409566963,0.27,0.06
782,0.18431033275502262,0.6037366304792127,0.0,0.41942629772419004,0.0,0.0,0.0,1.4075595409566963,0.27,0.06
783,0.058413117898563,0.416295903778094,0.0,-0.0,0.357882785879531,0.0,0.0,1.7475481875422507,0.27,0.06
784,0.05482459871025533,0.16366775648536686,0.0,-0.0,0.10884315777511153,0.0,0.0,1.8509491874286066,0.27,0.06
785,0.03189794834051225,0.07363166566824428,0.0,0.041733717327732026,0.0,0.0,0.0,1.8509491874286066,0.27,0.06
786,0.05023926863630674,0.025332735229907272,0.0,0.0,0.0,0.024906533406399468,0.0,1.824731783842923,0.27,0.06
787,0.05522332306451175,0.0,0.0,0.0,0.0,0.05522332306451175,0.0,1.766601970090805,0.27,0.06
788,0.030801456366306997,0.0,0.0,0.0,0.0,0.030801456366306997,0.0,1.734179384442061,0.27,0.06
789,0.061503231644050124,0.0,0.0,-1.3877787807814457e-17,0.0,0.06150323164405011,0.0,1.6694391406062188,0.27,0.06
790,0.04784692251076825,0.0,0.0,0.0,0.0,0.04784692251076825,0.0,1.6190739590159364,0.27,0.06
791,0.07964518976271637,0.0,0.0,0.0,0.0,0.07964518976271637,0.0,1.5352369171604454,0.27,0.06
792,0.02601676411523025,0.0,0.0,0.0,0.0,0.02601676411523025,0.0,1.5078508496707295,0.27,0.06
793,0.021730477306973937,0.0,0.0,6.938893903907228e-18,0.0,0.021730477306973944,0.0,1.4849766630318095,0.27,0.06
794,0.045753619650922124,0.0,0.0,0.0,0.0,0.045753619650922124,0.0,1.436814958136102,0.27,0.06
795,0.035087743174563375,0.0,0.0,0.0,0.0,0.035087743174563375,0.0,1.3998804916365617,0.27,0.06
796,0.024820591052461087,0.0,0.0,0.0,0.0,0.024820591052461087,0.0,1.3737535536866028,0.27,0.06
797,0.032795078137589126,0.0,0.0,0.0,0.0,0.032795078137589126,0.0,1.33923241880493,0.27,0.06
798,0.028508791329332747,0.0,0.0,0.0,0.0,0.028508791329332747,0.0,1.3092231647740535,0.27,0.06
799,0.04525521420810162,0.0,0.0,0.0,0.0,0.04525521420810162,0.0,1.2615860971865782,0.27,0.06
800,0.09888363985558775,0.004679295042466953,0.0,0.0,0.0,0.0942043448131208,0.0,1.1624236289622405,0.27,0.06
801,0.2195974381067134,0.06529499059258481,0.0,0.0,0.0,0.15430244751412858,0.0,1.0,0.27,0.06
802,0.028807834595025124,0.07207190065408867,0.0,0.04326406605906354,0.0,0.0,0.0,1.0,0.27,0.06
803,0.03917466780569162,0.2582755723439806,0.0,0.21910090453828895,0.0,0.0,0.0,1.0,0.27,0.06
804,0.028608472417896838,0.5045033045786205,0.0,0.47589483216072365,0.0,0.0,0.0,1.0,0.27,0.06
805,0.024122823432512413,0.5325790748334224,0.0,0.50845625140091,0.0,0.0,0.0,1.0,0.27,0.06
806,0.0330941214032815,0.6208940456349251,0.0,0.5877999242316436,0.0,0.0,0.0,1.0,0.27,0.06
807,0.02242824492692264,0.42006085381226305,0.0,0.14617938620919568,0.2514532226761447,0.0,0.0,1.2388805615423375,0.27,0.06
808,0.07685411928292163,0.1363449762373991,0.0,0.05949085695447748,0.0,0.0,0.0,1.2388805615423375,0.27,0.06
809,0.04146733284266575,0.07002807063553985,0.0,0.028560737792874102,0.0,0.0,0.0,1.2388805615423375,0.27,0.06
810,0.015450568727435589,0.025171380228442897,0.0,0.009720811501007308,0.0,0.0,0.0,1.2388805615423375,0.27,0.06
811,0.013755990221845888,0.0,0.0,0.0,0.0,0.013755990221845888,0.0,1.2244005718351314,0.27,0.06
812,0.021331752952717477,0.0,0.0,0.0,0.0,0.021331752952717477,0.0,1.2019460950427971,0.27,0.06
813,0.0147528011074869,0.0,0.0,0.0,0.0,0.0147528011074869,0.0,1.1864168307191267,0.27,0.06
814,0.016447379613076612,0.0,0.0,0.0,0.0,0.016447379613076612,0.0,1.1691037995474671,0.27,0.06
815,0.017444190498717614,0.0,0.0,-3.469446951953614e-18,0.0,0.01744419049871761,0.0,1.1507414937593434,0.27,0.06
816,0.013955352398974087,0.0,0.0,0.0,0.0,0.013955352398974087,0.0,1.1360516491288444,0.27,0.06
817,0.017643552675845813,0.0,0.0,0.0,0.0,0.017643552675845813,0.0,1.1174794884174277,0.27,0.06
818,0.018441001384358613,0.0,0.0,0.0,0.0,0.018441001384358613,0.0,1.0980679080128397,0.27,0.06
819,0.011762368450563875,0.0,0.0,0.0,0.0,0.011762368450563875,0.0,1.085686467538562,0.27,0.06
820,0.017842914852974,0.0,0.0,0.0,0.0,0.017842914852974,0.0,1.0669044519038526,0.27,0.06
821,0.019537493358563727,0.0,0.0,0.0,0.0,0.019537493358563727,0.0,1.0463386694211538,0.27,0.06
822,0.011463325184871575,0.0,0.0,0.0,0.0,0.011463325184871575,0.0,1.0342720113318153,0.27,0.06
823,0.0161483363473843,0.0,0.0,0.0,0.0,0.0161483363473843,0.0,1.017273762545095,0.27,0.06
824,0.019637174447127825,0.0032271000292875525,0.0,0.0,0.0,0.016410074417840273,0.0,1.0,0.27,0.06
825,0.013755990221845886,0.03883277035242687,0.0,0.025076780130580983,0.0,0.0,0.0,1.0,0.27,0.06
826,0.014055033487538187,0.06916751062772986,0.0,0.05511247714019167,0.0,0.0,0.0,1.0,0.27,0.06
827,0.020833347509897075,0.21153640691979902,0.0,0.19070305940990195,0.0,0.0,0.0,1.0,0.27,0.06
828,0.014453757841794588,0.458570914161761,0.0,0.4441171563199664,0.0,0.0,0.0,1.0,0.27,0.06
829,0.013157903690461287,0.5360750998651505,0.0,0.5229171961746891,0.0,0.0,0.0,1.0,0.27,0.06
830,0.020334942067076527,0.5930334153820758,0.0,0.5726984733149992,0.0,0.0,0.0,1.0,0.27,0.06
831,0.014952163284615102,0.40478591367363526,0.0,-0.0,0.38983375038902013,0.0,0.0,1.370342062869569,0.27,0.06
832,0.014154714576102286,0.1732952715727416,0.0,0.15914055699663932,0.0,0.0,0.0,1.370342062869569,0.27,0.06
833,0.020334942067076523,0.0912731458283496,0.0,0.07093820376127308,0.0,0.0,0.0,1.370342062869569,0.27,0.06
834,0.015151525461743288,0.02839848025773046,0.0,0.01324695479598717,0.0,0.0,0.0,1.370342062869569,0.27,0.06
835,0.015649930904563798,0.0,0.0,0.0,0.0,0.015649930904563798,0.0,1.3538684513910808,0.27,0.06
836,0.021431434041281637,0.0,0.0,0.0,0.0,0.021431434041281637,0.0,1.3313090471371,0.27,0.06
837,0.0166467417902048,0.0,0.0,0.0,0.0,0.0166467417902048,0.0,1.3137861610421477,0.27,0.06
838,0.011961730627692074,0.0,0.0,0.0,0.0,0.011961730627692074,0.0,1.301194865644577,0.27,0.06
839,0.018241639207230414,0.0,0.0,-3.469446951953614e-18,0.0,0.01824163920723041,0.0,1.281993140163282,0.27,0.06
840,0.01854068247292271,0.0,0.0,0.0,0.0,0.01854068247292271,0.0,1.2624766322970475,0.27,0.06
841,0.013955352398974087,0.0,0.0,0.0,0.0,0.013955352398974087,0.0,1.2477867876665485,0.27,0.06
842,0.014653120018922789,0.0,0.0,0.0,0.0,0.014653120018922789,0.0,1.2323624508045246,0.27,0.06
843,0.019936217712820115,0.0,0.0,0.0,0.0,0.019936217712820115,0.0,1.21137695847524,0.27,0.06
844,0.014254395664666387,0.0,0.0,0.0,0.0,0.014254395664666387,0.0,1.1963723314598018,0.27,0.06
845,0.012659498247640788,0.0,0.0,0.0,0.0,0.012659498247640788,0.0,1.1830465438307063,0.27,0.06
846,0.020135579889948324,0.0,0.0,0.0,0.0,0.020135579889948324,0.0,1.161851196578129,0.27,0.06
847,0.014055033487538188,0.0,0.0,0.0,0.0,0.014055033487538188,0.0,1.1470564244859836,0.27,0.06
848,0.012858860424768987,0.003334670030263804,0.0,0.0,0.0,0.009524190394505184,0.0,1.1370309609128202,0.27,0.06
849,0.020833347509897036,0.04566346541441886,0.0,0.024830117904521824,0.0,0.0,0.0,1.1370309609128202,0.27,0.06
850,0.014752801107486887,0.07228704065604113,0.0,0.057534239548554245,0.0,0.0,0.0,1.1370309609128202,0.27,0.06
851,0.0146531200189228,0.20685711187733197,0.0,0.19220399185840917,0.0,0.0,0.0,1.1370309609128202,0.27,0.06
852,0.01774323376440991,0.4172640337868805,0.0,0.3995208000224706,0.0,0.0,0.0,1.1370309609128202,0.27,0.06
853,0.0151515254617433,0.4630350692022754,0.0,0.4478835437405321,0.0,0.0,0.0,1.1370309609128202,0.27,0.06
854,0.014553438930358698,0.5993262604391865,0.0,0.47644232630427386,0.10833049520455397,0.0,0.0,1.2399449313571465,0.27,0.06
855,0.017444190498717614,0.39774007860969074,0.0,0.38029588811097315,0.0,0.0,0.0,1.2399449313571465,0.27,0.06
856,0.017145147233025314,0.13709796624423284,0.0,0.11995281901120752,0.0,0.0,0.0,1.2399449313571465,0.27,0.06
857,0.014952163284615086,0.06744639061210986,0.0,0.05249422732749477,0.0,0.0,0.0,1.2399449313571465,0.27,0.06
858,0.0161483363473843,0.02527895022941915,0.0,0.009130613882034847,0.0,0.0,0.0,1.2399449313571465,0.27,0.06
859,0.018441001384358613,0.0,0.0,0.0,0.0,0.018441001384358613,0.0,1.2205333509525584,0.27,0.06
860,0.014653120018922789,0.0,0.0,0.0,0.0,0.014653120018922789,0.0,1.2051090140905345,0.27,0.06
861,0.013556628044717686,0.0,0.0,0.0,0.0,0.013556628044717686,0.0,1.1908388793066211,0.27,0.06
862,0.021830158395537987,0.0,0.0,0.0,0.0,0.021830158395537987,0.0,1.1678597652060547,0.27,0.06
863,0.023026331458307236,0.0,0.0,0.0,0.0,0.023026331458307236,0.0,1.1436215215657313,0.27,0.06
864,0.017942595941538114,0.0,0.0,0.0,0.0,0.017942595941538114,0.0,1.1247345784693754,0.27,0.06
865,0.011263963007743374,0.0,0.0,0.0,0.0,0.011263963007743374,0.0,1.1128777753033297,0.27,0.06
866,0.015350887638871488,0.0,0.0,0.0,0.0,0.015350887638871488,0.0,1.0967189462097808,0.27,0.06
867,0.02282696928117901,0.0,0.0,0.0,0.0,0.02282696928117901,0.0,1.0726905574927503,0.27,0.06
868,0.011263963007743374,0.0,0.0,0.0,0.0,0.011263963007743374,0.0,1.0608337543267046,0.27,0.06
869,0.013656309133281789,0.0,0.0,0.0,0.0,0.013656309133281789,0.0,1.0464586920811447,0.27,0.06
870,0.020733666421332925,0.0,0.0,0.0,0.0,0.020733666421332925,0.0,1.024633780058689,0.27,0.06
871,0.014354076753230487,0.0,0.0,0.0,0.0,0.014354076753230487,0.0,1.0095242255816044,0.27,0.06
872,0.012759179336204888,0.003711165033680688,0.0,0.0,0.0,0.0090480143025242,0.0,1.0,0.27,0.06
873,0.0212320718641534,0.03409969030947179,0.0,0.01286761844531839,0.0,0.0,0.0,1.0,0.27,0.06
874,0.018141958118666313,0.05744238052131843,0.0,0.039300422402652115,0.0,0.0,0.0,1.0,0.27,0.06
875,0.014952163284615088,0.21567785195738476,0.0,0.20072568867276966,0.0,0.0,0.0,1.0,0.27,0.06
876,0.015151525461743299,0.4809992593653096,0.0,0.46584773390356626,0.0,0.0,0.0,1.0,0.27,0.06
877,0.017643552675845813,0.5318798698270766,0.0,0.5142363171512307,0.0,0.0,0.0,1.0,0.27,0.06
878,0.014453757841794588,0.6150314805817192,0.0,0.016542189270061236,0.5840355334698634,0.0,0.0,1.5548337567963701,0.27,0.06
879,0.014852482196050999,0.37127785836953275,0.0,0.35642537617348174,0.0,0.0,0.0,1.5548337567963701,0.27,0.06
880,0.018441001384358613,0.22864003707502314,0.0,0.21019903569066453,0.0,0.0,0.0,1.5548337567963701,0.27,0.06
881,0.0161483363473843,0.12542662113830957,0.0,0.10927828479092527,0.0,0.0,0.0,1.5548337567963701,0.27,0.06
882,0.014852482196051,0.03700408033583059,0.0,0.022151598139779585,0.0,0.0,0.0,1.5548337567963701,0.27,0.06
883,0.0155502498159997,0.0003227100029287553,0.0,0.0,0.0,0.015227539813070946,0.0,1.5388047675194534,0.27,0.06
884,0.019039087915743165,0.0,0.0,3.469446951953614e-18,0.0,0.01903908791574317,0.0,1.5187636223449867,0.27,0.06
885,0.014553438930358688,0.0,0.0,0.0,0.0,0.014553438930358688,0.0,1.5034442129446093,0.27,0.06
886,0.011862049539127976,0.0,0.0,0.0,0.0,0.011862049539127976,0.0,1.4909578450086851,0.27,0.06
887,0.022029520572666213,0.0,0.0,0.0,0.0,0.022029520572666213,0.0,1.467768875984826,0.27,0.06
888,0.014653120018922786,0.0,0.0,0.0,0.0,0.014653120018922786,0.0,1.452344539122802,0.27,0.06
889,0.012360454981948476,0.0,0.0,0.0,0.0,0.012360454981948476,0.0,1.4393335338786457,0.27,0.06
890,0.019138769004307325,0.0,0.0,0.0,0.0,0.019138769004307325,0.0,1.4191874612425328,0.27,0.06
891,0.017344509410153502,0.0,0.0,0.0,0.0,0.017344509410153502,0.0,1.4009300829160554,0.27,0.06
892,0.013456946956153588,0.0,0.0,0.0,0.0,0.013456946956153588,0.0,1.3867648755937885,0.27,0.06
893,0.015051844373179187,0.0,0.0,3.469446951953614e-18,0.0,0.01505184437317919,0.0,1.3709208288851789,0.27,0.06
894,0.01913876900430726,0.0,0.0,0.0,0.0,0.01913876900430726,0.0,1.350774756249066,0.27,0.06
895,0.013755990221845888,0.0,0.0,0.0,0.0,0.013755990221845888,0.0,1.3362947665418599,0.27,0.06
896,0.012659498247640788,0.0026892500244062928,0.0,0.0,0.0,0.009970248223234494,0.0,1.3257997684121392,0.27,0.06
897,0.020733666421332897,0.03635866032997308,0.0,0.01562499390864018,0.0,0.0,0.0,1.3257997684121392,0.27,0.06
898,0.014752801107486887,0.1968531017865407,0.0,0.1821003006790538,0.0,0.0,0.0,1.3257997684121392,0.27,0.06
899,0.012659498247640788,0.2839310175768162,0.0,0.2712715193291754,0.0,0.0,0.0,1.3257997684121392,0.27,0.06
900,0.021032709687025225,0.34320208811473124,0.0,0.322169378427706,0.0,0.0,0.0,1.3257997684121392,0.27,0.06
901,0.013955352398974089,0.35944515826214507,0.0,0.34548980586317096,0.0,0.0,0.0,1.3257997684121392,0.27,0.06
902,0.012061411716256175,0.24251656720095943,0.0,0.23045515548470324,0.0,0.0,0.0,1.3257997684121392,0.27,0.06
903,0.020833347509897036,0.36762047833634015,0.0,0.34678713082644314,0.0,0.0,0.0,1.3257997684121392,0.27,0.06
904,0.0165470607016407,0.2137953769403003,0.0,0.1972483162386596,0.0,0.0,0.0,1.3257997684121392,0.27,0.06
905,0.013755990221845888,0.1493071613550374,0.0,0.1355511711331915,0.0,0.0,0.0,1.3257997684121392,0.27,0.06
906,0.01724482832158941,0.0,0.0,-3.469446951953614e-18,0.0,0.017244828321589408,0.0,1.3076473175473082,0.27,0.06
907,0.017842914852974012,0.0,0.0,0.0,0.0,0.017842914852974012,0.0,1.2888653019125988,0.27,0.06
908,0.013656309133281787,0.0,0.0,0.0,0.0,0.013656309133281787,0.0,1.2744902396670392,0.27,0.06
909,0.014453757841794587,0.0,0.0,0.0,0.0,0.014453757841794587,0.0,1.259275757728308,0.27,0.06
910,0.019936217712820097,0.0,0.0,0.0,0.0,0.019936217712820097,0.0,1.2382902653990235,0.27,0.06
911,0.015450568727435601,0.0,0.0,0.0,0.0,0.015450568727435601,0.0,1.2220265088438282,0.27,0.06
912,0.016347698524512514,0.0,0.0,0.0,0.0,0.016347698524512514,0.0,1.204818405133815,0.27,0.06
913,0.02222888274979444,0.0,0.0,0.0,0.0,0.02222888274979444,0.0,1.181419581186663,0.27,0.06
914,0.012161092804820287,0.0,0.0,0.0,0.0,0.012161092804820287,0.0,1.1686184308657996,0.27,0.06
915,0.013257584779025389,0.0,0.0,-3.469446951953614e-18,0.0,0.013257584779025385,0.0,1.1546630784668255,0.27,0.06
916,0.023026331458307236,0.0,0.0,0.0,0.0,0.023026331458307236,0.0,1.130424834826502,0.27,0.06
917,0.013855671310409986,0.0,0.0,0.0,0.0,0.013855671310409986,0.0,1.1158399176576494,0.27,0.06
918,0.011064600830615175,0.0,0.0,0.0,0.0,0.011064600830615175,0.0,1.1041929694148966,0.27,0.06
919,0.021730477306973937,0.0,0.0,0.0,0.0,0.021730477306973937,0.0,1.0813187827759767,0.27,0.06
920,0.015450568727435587,0.0,0.0,0.0,0.0,0.015450568727435587,0.0,1.0650550262207814,0.27,0.06
921,0.011463325184871575,0.0,0.0,0.0,0.0,0.011463325184871575,0.0,1.052988368131443,0.27,0.06
922,0.020633985332768837,0.0,0.0,0.0,0.0,0.020633985332768837,0.0,1.0312683835706336,0.27,0.06
923,0.01694578505589711,0.0,0.0,0.0,0.0,0.01694578505589711,0.0,1.013430715090742,0.27,0.06
924,0.012759179336204888,0.0,0.0,0.0,0.0,0.012759179336204888,0.0,1.0,0.27,0.06
925,0.017145147233025314,0.5618381150989628,0.0,0.5446929678659375,0.0,0.0,0.0,1.0,0.27,0.06
926,0.018042277030102225,0.5902903803571814,0.0,0.2592718397884875,0.3129762635385917,0.0,0.0,1.297327450361662,0.27,0.06
927,0.014553438930358688,0.28801867761391386,0.0,0.27346523868355516,0.0,0.0,0.0,1.297327450361662,0.27,0.06
928,0.0163476985245125,0.16979924654101342,0.0,0.1534515480165009,0.0,0.0,0.0,1.297327450361662,0.27,0.06
929,0.01943781226999966,0.07234082565652927,0.0,0.05290301338652961,0.0,0.0,0.0,1.297327450361662,0.27,0.06
930,0.014852482196050988,0.012316765111780821,0.0,0.0,0.0,0.002535717084270167,0.0,1.2946582744834831,0.27,0.06
931,0.0149521632846151,0.0,0.0,0.0,0.0,0.0149521632846151,0.0,1.2789191552365198,0.27,0.06
932,0.019437812269999622,0.0,0.0,0.0,0.0,0.019437812269999622,0.0,1.2584583002154677,0.27,0.06
933,0.0145534389303587,0.0,0.0,0.0,0.0,0.0145534389303587,0.0,1.24313889081509,0.27,0.06
934,0.034988062085999375,0.0,0.0,0.0,0.0,0.034988062085999375,0.0,1.206309351777196,0.27,0.06
935,0.030502413100614825,0.0,0.0,0.0,0.0,0.030502413100614825,0.0,1.1742015485133908,0.27,0.06
936,0.013157903690461287,0.0,0.0,0.0,0.0,0.013157903690461287,0.0,1.160351123576063,0.27,0.06
937,0.019238450092871427,0.0,0.0,0.0,0.0,0.019238450092871427,0.0,1.1401001234783037,0.27,0.06
938,0.018042277030102215,0.0,0.0,0.0,0.0,0.018042277030102215,0.0,1.1211082529203014,0.27,0.06
939,0.011263963007743374,0.0,0.0,0.0,0.0,0.011263963007743374,0.0,1.1092514497542556,0.27,0.06
940,0.018441001384358613,0.0,0.0,0.0,0.0,0.018441001384358613,0.0,1.0898398693496676,0.27,0.06
941,0.019039087915743214,0.0,0.0,-3.469446951953614e-18,0.0,0.01903908791574321,0.0,1.0697987241752012,0.27,0.06
942,0.012460136070512587,0.0,0.0,0.0,0.0,0.012460136070512587,0.0,1.0566827914693984,0.27,0.06
943,0.0157496119931279,0.0,0.0,0.0,0.0,0.0157496119931279,0.0,1.0401042525292636,0.27,0.06
944,0.019238450092871427,0.009466160085910141,0.0,0.0,0.0,0.009772290006961285,0.0,1.0298176314693044,0.27,0.06
945,0.014453757841794587,0.06572527059648978,0.0,0.05127151275469519,0.0,0.0,0.0,1.0298176314693044,0.27,0.06
946,0.014354076753230489,0.11138873601090862,0.0,0.09703465925767814,0.0,0.0,0.0,1.0298176314693044,0.27,0.06
947,0.026714531735179,0.21497864695103908,0.0,0.18826411521586006,0.0,0.0,0.0,1.0298176314693046,0.27,0.06
948,0.011064600830615175,0.4047321286731471,0.0,0.39366752784253195,0.0,0.0,0.0,1.0298176314693046,0.27,0.06
949,0.0153508876388715,0.37633364841541656,0.0,0.36098276077654506,0.0,0.0,0.0,1.0298176314693046,0.27,0.06
950,0.023026331458307188,0.3094788928086762,0.0,-0.0,0.286452561350369,0.0,0.0,1.3019475647521552,0.27,0.06
951,0.01305822260189719,0.24074166218485132,0.0,0.22768343958295414,0.0,0.0,0.0,1.3019475647521552,0.27,0.06
952,0.013955352398974089,0.16318369148097384,0.0,0.14922833908199976,0.0,0.0,0.0,1.3019475647521552,0.27,0.06
953,0.02292665036974315,0.06916751062772986,0.0,0.04624086025798671,0.0,0.0,0.0,1.3019475647521552,0.27,0.06
954,0.015550249815999687,0.014199240128865222,0.0,0.0,0.0,0.0013510096871344641,0.0,1.3005254492920137,0.27,0.06
955,0.012161092804820275,0.0,0.0,0.0,0.0,0.012161092804820275,0.0,1.2877242989711504,0.27,0.06
956,0.021630796218409836,0.0,0.0,0.0,0.0,0.021630796218409836,0.0,1.264955039793877,0.27,0.06
957,0.02272728819261496,0.0,0.0,0.0,0.0,0.02272728819261496,0.0,1.2410315785384927,0.27,0.06
958,0.018939406827179123,0.0,0.0,0.0,0.0,0.018939406827179123,0.0,1.2210953608256725,0.27,0.06
959,0.013755990221845888,0.0,0.0,0.0,0.0,0.013755990221845888,0.0,1.2066153711184664,0.27,0.06
960,0.014354076753230487,0.0,0.0,0.0,0.0,0.014354076753230487,0.0,1.1915058166413817,0.27,0.06
961,0.01694578505589711,0.0,0.0,0.0,0.0,0.01694578505589711,0.0,1.17366814816149,0.27,0.06
962,0.018042277030102215,0.0,0.0,0.0,0.0,0.018042277030102215,0.0,1.1546762776034876,0.27,0.06
963,0.014453757841794587,0.0,0.0,0.0,0.0,0.014453757841794587,0.0,1.1394617956647564,0.27,0.06
964,0.013656309133281787,0.0,0.0,0.0,0.0,0.013656309133281787,0.0,1.1250867334191965,0.27,0.06
965,0.019836536624256024,0.0,0.0,0.0,0.0,0.019836536624256024,0.0,1.1042061685515585,0.27,0.06
966,0.014852482196051,0.0,0.0,0.0,0.0,0.014852482196051,0.0,1.0885719767662418,0.27,0.06
967,0.014254395664666387,0.0,0.0,0.0,0.0,0.014254395664666387,0.0,1.0735673497508036,0.27,0.06
968,0.0164473796130766,0.0,0.0,0.0,0.0,0.0164473796130766,0.0,1.056254318579144,0.27,0.06
969,0.01764355267584581,0.011617560105435184,0.0,0.0,0.0,0.006025992570410626,0.0,1.0499111685050275,0.27,0.06
970,0.014653120018922789,0.02479488522502602,0.0,0.010141765206103232,0.0,0.0,0.0,1.0499111685050275,0.27,0.06
971,0.014553438930358698,0.1686697615307627,0.0,0.154116322600404,0.0,0.0,0.0,1.0499111685050275,0.27,0.06
972,0.01883972573861501,0.4016663836453239,0.0,0.3828266579067089,0.0,0.0,0.0,1.0499111685050275,0.27,0.06
973,0.014254395664666387,0.5873322053303343,0.0,0.5730778096656679,0.0,0.0,0.0,1.0499111685050275,0.27,0.06
974,0.012659498247640788,0.6471411258731303,0.0,-0.0,0.6344816276254895,0.0,0.0,1.6526687147492427,0.27,0.06
975,0.02133175295271754,0.43915452898554763,0.0,0.4178227760328301,0.0,0.0,0.0,1.6526687147492427,0.27,0.06
976,0.0163476985245125,0.19082918173187044,0.0,0.17448148320735793,0.0,0.0,0.0,1.6526687147492427,0.27,0.06
977,0.013955352398974087,0.10794649597966863,0.0,-0.0,0.09399114358069455,0.0,0.0,1.7419603011509026,0.27,0.06
978,0.016846103967333,0.04318935539196506,0.0,0.026343251424632064,0.0,0.0,0.0,1.7419603011509026,0.27,0.06
979,0.019736855535691922,0.0011294850102506425,0.0,0.0,0.0,0.01860737052544128,0.0,1.7223735953346484,0.27,0.06
980,0.013955352398974087,0.0,0.0,0.0,0.0,0.013955352398974087,0.0,1.7076837507041494,0.27,0.06
981,0.011662687361999775,0.0,0.0,0.0,0.0,0.011662687361999775,0.0,1.6954072376915181,0.27,0.06
982,0.02292665036974311,0.0,0.0,0.0,0.0,0.02292665036974311,0.0,1.6712739215128412,0.27,0.06
983,0.014852482196050999,0.0,0.0,0.0,0.0,0.014852482196050999,0.0,1.6556397297275243,0.27,0.06
984,0.010665876476358773,0.0,0.0,0.0,0.0,0.010665876476358773,0.0,1.6444124913313574,0.27,0.06
985,0.024322185609640536,0.0,0.0,0.0,0.0,0.024322185609640536,0.0,1.6188101906896304,0.27,0.06
986,0.015051844373179198,0.0,0.0,0.0,0.0,0.015051844373179198,0.0,1.6029661439810208,0.27,0.06
987,0.014453757841794588,0.0,0.0,0.0,0.0,0.014453757841794588,0.0,1.5877516620422896,0.27,0.06
988,0.0157496119931279,0.0,0.0,0.0,0.0,0.0157496119931279,0.0,1.5711731231021548,0.27,0.06
989,0.017444190498717614,0.0,0.0,0.0,0.0,0.017444190498717614,0.0,1.5528108173140311,0.27,0.06
990,0.014154714576102288,0.0,0.0,0.0,0.0,0.014154714576102288,0.0,1.5379111177602394,0.27,0.06
991,0.014254395664666387,0.0,0.0,0.0,0.0,0.014254395664666387,0.0,1.5229064907448011,0.27,0.06
992,0.01664674179020481,0.00591635005369385,0.0,0.0,0.0,0.010730391736510962,0.0,1.5116113415484738,0.27,0.06
993,0.016447379613076612,0.0347451103153293,0.0,0.018297730702252688,0.0,0.0,0.0,1.5116113415484738,0.27,0.06
994,0.0144537578417946,0.05400014049007834,0.0,0.03954638264828374,0.0,0.0,0.0,1.5116113415484738,0.27,0.06
995,0.014254395664666387,0.24923969226197523,0.0,0.23498529659730885,0.0,0.0,0.0,1.5116113415484738,0.27,0.06
996,0.019039087915743238,0.507730404607908,0.0,0.48869131669216476,0.0,0.0,0.0,1.5116113415484738,0.27,0.06
997,0.014453757841794587,0.6145474155773261,0.0,0.6000936577355315,0.0,0.0,0.0,1.5116113415484738,0.27,0.06
998,0.010964919742051073,0.6780137161533146,0.0,0.6670487964112636,0.0,0.0,0.0,1.5116113415484738,0.27,0.06
999,0.02322569363543544,0.4437262540270383,0.0,-0.0,0.4205005603916029,0.0,0.0,1.9110868739204965,0.27,0.06
1000,0.0164473796130766,0.14419758630866544,0.0,0.12775020669558884,0.0,0.0,0.0,1.9110868739204965,0.27,0.06
1001,0.011463325184871575,0.07508386068142371,0.0,0.06362053549655214,0.0,0.0,0.0,1.9110868739204965,0.27,0.06
1002,0.017244828321589398,0.035229175319722424,0.0,0.017984346998133026,0.0,0.0,0.0,1.9110868739204965,0.27,0.06
1003,0.021232071864153438,0.0003227100029287553,0.0,0.0,0.0,0.020909361861224683,0.0,1.8890770193297337,0.27,0.06
1004,0.011064600830615175,0.0,0.0,-3.469446951953614e-18,0.0,0.011064600830615171,0.0,1.877430071086981,0.27,0.06
1005,0.014154714576102286,0.0,0.0,0.0,0.0,0.014154714576102286,0.0,1.8625303715331891,0.27,0.06
1006,0.0204346231556406,0.0,0.0,0.0,0.0,0.0204346231556406,0.0,1.8410202418956727,0.27,0.06
1007,0.013257584779025387,0.0,0.0,0.0,0.0,0.013257584779025387,0.0,1.8270648894966985,0.27,0.06
1008,0.014254395664666387,0.0,0.0,0.0,0.0,0.014254395664666387,0.0,1.8120602624812603,0.27,0.06
1009,0.016646741790204797,0.0,0.0,0.0,0.0,0.016646741790204797,0.0,1.794537376386308,0.27,0.06
1010,0.018740044650050924,0.0,0.0,0.0,0.0,0.018740044650050924,0.0,1.7748110135967803,0.27,0.06
1011,0.013755990221845888,0.0,0.0,0.0,0.0,0.013755990221845888,0.0,1.7603310238895742,0.27,0.06
1012,0.014354076753230489,0.0,0.0,0.0,0.0,0.014354076753230489,0.0,1.7452214694124895,0.27,0.06
1013,0.017344509410153513,0.0,0.0,0.0,0.0,0.017344509410153513,0.0,1.726964091086012,0.27,0.06
1014,0.024820591052461087,0.0,0.0,0.0,0.0,0.024820591052461087,0.0,1.7008371531360529,0.27,0.06
1015,0.03777913256579413,0.0,0.0,0.0,0.0,0.03777913256579413,0.0,1.661069645172059,0.27,0.06
1016,0.041567013931229996,0.005916350053693845,0.0,0.0,0.0,0.035650663877536154,0.0,1.6235426305641263,0.27,0.06
1017,0.056618858304409124,0.03399212030849553,0.0,0.0,0.0,0.022626737995913596,0.0,1.5997250116210593,0.27,0.06
1018,0.03937402998281975,0.07207190065408865,0.0,-9.020562075079397e-17,0.032697870671268996,0.0,0.0,1.6307879887587649,0.27,0.06
1019,0.20554240461917525,0.2598353373581361,0.0,0.054292932738960825,0.0,0.0,0.0,1.6307879887587649,0.27,0.06
1020,0.03628391623733265,0.5128937646547682,0.0,-1.1102230246251565e-16,0.4766098484174357,0.0,0.0,2.0835673447553287,0.27,0.06
1021,0.28927451901302004,0.6224538106490809,0.0,0.33317929163606086,0.0,0.0,0.0,2.0835673447553287,0.27,0.06
1022,0.30871233128302,0.6834997862031035,0.0,0.0,0.3747874549200835,0.0,0.0,2.439615426929408,0.27,0.06
1023,0.31479287768543,0.4488896140738983,0.0,0.1340967363884683,0.0,0.0,0.0,2.439615426929408,0.27,0.06
1024,0.28588536200184,0.13811988125350716,0.0,0.0,0.0,0.14776548074833284,0.0,2.2840728156153736,0.27,0.06
1025,0.030402732012050623,0.07040456563895676,0.0,0.04000183362690614,0.0,0.0,0.0,2.2840728156153736,0.27,0.06
1026,0.026016764115230247,0.03931683535682,0.0,0.013300071241589752,0.0,0.0,0.0,2.2840728156153736,0.27,0.06
1027,0.07316591900604982,0.0008605600078100134,0.0,0.0,0.0,0.07230535899823981,0.0,2.2079619114067,0.27,0.06
1028,0.031100499631999498,0.0,0.0,0.0,0.0,0.031100499631999498,0.0,2.1752245433730164,0.27,0.06
1029,0.03199762942907637,0.0,0.0,0.0,0.0,0.03199762942907637,0.0,2.1415428281845146,0.27,0.06
1030,0.04465712767671713,0.0,0.0,0.0,0.0,0.04465712767671713,0.0,2.094535325366918,0.27,0.06
1031,0.045055852030973384,0.0,0.0,0.0,0.0,0.045055852030973384,0.0,2.0471081127027353,0.27,0.06
1032,0.09449767195876739,0.0,0.0,0.0,0.0,0.09449767195876739,0.0,1.9476368790619278,0.27,0.06
1033,0.033991251200358244,0.0,0.0,0.0,0.0,0.033991251200358244,0.0,1.911856614640498,0.27,0.06
1034,0.029704964392102,0.0,0.0,0.0,0.0,0.029704964392102,0.0,1.8805882310698643,0.27,0.06
1035,0.0270135750008713,0.0,0.0,1.3877787807814457e-17,0.0,0.027013575000871315,0.0,1.852152888963684,0.27,0.06
1036,0.021730477306973923,0.0,0.0,0.0,0.0,0.021730477306973923,0.0,1.829278702324764,0.27,0.06
1037,0.02462122887533281,0.0,0.0,0.0,0.0,0.02462122887533281,0.0,1.803361619298098,0.27,0.06
1038,0.035087743174563375,0.0,0.0,0.0,0.0,0.035087743174563375,0.0,1.7664271527985576,0.27,0.06
1039,0.029106877860717376,0.0,0.0,0.0,0.0,0.029106877860717376,0.0,1.7357883339978024,0.27,0.06
1040,0.02990432656923025,0.006507985059063234,0.0,0.0,0.0,0.023396341510167017,0.0,1.7111606060923634,0.27,0.06
1041,0.05113639843338363,0.03313156030068551,0.0,0.0,0.0,0.01800483813269812,0.0,1.6922081449000497,0.27,0.06
1042,0.14643151910066374,0.051794955470065185,0.0,0.0,0.0,0.09463656363059855,0.0,1.5925907094994196,0.27,0.06
1043,0.04066988413415309,0.2619867373776611,0.0,0.221316853243508,0.0,0.0,0.0,1.5925907094994196,0.27,0.06
1044,0.026614850646614903,0.5183798347045571,0.0,0.49176498405794217,0.0,0.0,0.0,1.5925907094994196,0.27,0.06
1045,0.27741246947389253,0.6228303056524974,0.0,0.3454178361786049,0.0,0.0,0.0,1.5925907094994196,0.27,0.06
1046,0.02322569363543545,0.6752706811284199,0.0,-1.1102230246251565e-16,0.6520449874929846,0.0,0.0,2.2120334476177548,0.27,0.06
1047,0.06828154566640887,0.44883582907341035,0.0,-5.551115123125783e-17,0.38055428340700154,0.0,0.0,2.5735600168544064,0.27,0.06
1048,0.055622047418768125,0.14102427127986605,0.0,0.08540222386109793,0.0,0.0,0.0,2.5735600168544064,0.27,0.06
1049,0.024421866698204585,0.07578306568776931,0.0,0.051361198989564726,0.0,0.0,0.0,2.5735600168544064,0.27,0.06
1050,0.06748409695789613,0.03340048530312614,0.0,0.0,0.0,0.03408361165476999,0.0,2.537682530902017,0.27,0.06
1051,0.1392544807240486,0.0007529900068337623,0.0,0.0,0.0,0.13850149071721485,0.0,2.3918914880417907,0.27,0.06
1052,0.05731662592435788,0.0,0.0,0.0,0.0,0.05731662592435788,0.0,2.3315581975950983,0.27,0.06
1053,0.0471491548908195,0.0,0.0,0.0,0.0,0.0471491548908195,0.0,2.281927508236341,0.27,0.06
1054,0.044856489853845376,0.0,0.0,0.0,0.0,0.044856489853845376,0.0,2.234710150495451,0.27,0.06
1055,0.028508791329332803,0.0,0.0,0.0,0.0,0.028508791329332803,0.0,2.2047008964645745,0.27,0.06
1056,0.14284299991235624,0.0,0.0,0.0,0.0,0.14284299991235624,0.0,2.0543398439252525,0.27,0.06
1057,0.04246414372830675,0.0,0.0,0.0,0.0,0.04246414372830675,0.0,2.009640745263877,0.27,0.06
1058,0.03229667269476862,0.0,0.0,6.938893903907228e-18,0.0,0.03229667269476863,0.0,1.9756442476904363,0.27,0.06
1059,0.025618039760973824,0.0,0.0,0.0,0.0,0.025618039760973824,0.0,1.9486778900473058,0.27,0.06
1060,0.027312618266563615,0.0,0.0,0.0,0.0,0.027312618266563615,0.0,1.9199277655561862,0.27,0.06
1061,0.03209731051764037,0.0,0.0,0.0,0.0,0.03209731051764037,0.0,1.8861411229060385,0.27,0.06
1062,0.04834532795358875,0.0,0.0,0.0,0.0,0.04834532795358875,0.0,1.835251304007524,0.27,0.06
1063,0.048445009042152876,0.0,0.0,0.0,0.0,0.048445009042152876,0.0,1.784256557647363,0.27,0.06
1064,0.04276318699399925,0.00758368506882574,0.0,0.0,0.0,0.03517950192517351,0.0,1.7472255029892856,0.27,0.06
1065,0.03997211651420425,0.037703285342176214,0.0,0.0,0.0,0.0022688311720280366,0.0,1.7448372596503088,0.27,0.06
1066,0.0945973530473315,0.059324855538402825,0.0,0.0,0.0,0.03527249750892867,0.0,1.7077083149040682,0.27,0.06
1067,0.02212920166123034,0.2681182274333073,0.0,0.24598902577207699,0.0,0.0,0.0,1.7077083149040682,0.27,0.06
1068,0.025119634318153363,0.5266627247797282,0.0,0.5015430904615749,0.0,0.0,0.0,1.7077083149040682,0.27,0.06
1069,0.28688217288748125,0.6318661857345025,0.0,0.34498401284702124,0.0,0.0,0.0,1.7077083149040682,0.27,0.06
1070,0.11632783035430537,0.6775834361494096,0.0,0.5612556057951043,0.0,0.0,0.0,1.7077083149040682,0.27,0.06
1071,0.06808218348928075,0.45728007415004635,0.0,-5.551115123125783e-17,0.38919789066076566,0.0,0.0,2.0774463110317956,0.27,0.06
1072,0.05721694483579375,0.14661791133063112,0.0,-8.326672684688674e-17,0.08940096649483745,0.0,0.0,2.162377229201891,0.27,0.06
1073,0.04375999787964025,0.07486872067947122,0.0,0.031108722799830964,0.0,0.0,0.0,2.162377229201891,0.27,0.06
1074,0.04914277666210159,0.03969333036023688,0.0,0.0,0.0,0.009449446301864707,0.0,2.1524304436209807,0.27,0.06
1075,0.13048254493040773,0.000376495003416881,0.0,0.0,0.0,0.13010604992699085,0.0,2.0154767068557273,0.27,0.06
1076,0.055622047418768125,0.0,0.0,0.0,0.0,0.055622047418768125,0.0,1.956927183257024,0.27,0.06
1077,0.02781102370938402,0.0,0.0,0.0,0.0,0.02781102370938402,0.0,1.9276524214576725,0.27,0.06
1078,0.02332537472399955,0.0,0.0,0.0,0.0,0.02332537472399955,0.0,1.9030993954324098,0.27,0.06
1079,0.019238450092871423,0.0,0.0,0.0,0.0,0.019238450092871423,0.0,1.8828483953346504,0.27,0.06
1080,0.0312001807205635,0.0,0.0,-2.0816681711721685e-17,0.0,0.031200180720563478,0.0,1.8500060998393204,0.27,0.06
1081,0.023225693635435463,0.0,0.0,0.0,0.0,0.023225693635435463,0.0,1.8255580012757042,0.27,0.06
1082,0.08662286596220338,0.0,0.0,0.0,0.0,0.08662286596220338,0.0,1.734376037104964,0.27,0.06
1083,0.05950960987276813,0.0,0.0,0.0,0.0,0.05950960987276813,0.0,1.67173434250205,0.27,0.06
1084,0.04186605719692225,0.0,0.0,0.0,0.0,0.04186605719692225,0.0,1.627664808610553,0.27,0.06
1085,0.035486467528819864,0.0,0.0,0.0,0.0,0.035486467528819864,0.0,1.5903106322644267,0.27,0.06
1086,0.032795078137589126,0.0,0.0,0.0,0.0,0.032795078137589126,0.0,1.555789497382754,0.27,0.06
1087,0.045952981828050375,0.0,0.0,6.938893903907228e-18,0.0,0.04595298182805038,0.0,1.5074179375637535,0.27,0.06
1088,0.030103688746358503,0.01339246512154333,0.0,0.0,0.0,0.016711223624815173,0.0,1.4898271758534218,0.27,0.06
1089,0.07545858404302412,0.08503408577172697,0.0,0.009575501728702848,0.0,0.0,0.0,1.4898271758534218,0.27,0.06
1090,0.038676262362871,0.1718430765595622,0.0,0.1331668141966912,0.0,0.0,0.0,1.4898271758534218,0.27,0.06
1091,0.06289876688394748,0.2957099326837162,0.0,0.23281116579976874,0.0,0.0,0.0,1.4898271758534218,0.27,0.06
1092,0.020933028598461138,0.49261681947074465,0.0,0.4716837908722835,0.0,0.0,0.0,1.4898271758534218,0.27,0.06
1093,0.29096909751861,0.5843740303034873,0.0,0.29340493278487734,0.0,0.0,0.0,1.4898271758534218,0.27,0.06
1094,0.08343307112815211,0.6520893459180379,0.0,-1.1102230246251565e-16,0.5686562747898859,0.0,0.0,2.0300506369038134,0.27,0.06
1095,0.05891152334138338,0.40914249871317343,0.0,0.35023097537179004,0.0,0.0,0.0,2.0300506369038134,0.27,0.06
1096,0.04694979271369142,0.2293930270818569,0.0,-8.326672684688674e-17,0.18244323436816556,0.0,0.0,2.2033717095535708,0.27,0.06
1097,0.054326193267434854,0.1335481562120165,0.0,0.07922196294458164,0.0,0.0,0.0,2.2033717095535708,0.27,0.06
1098,0.216008918918406,0.04136066537536878,0.0,0.0,0.0,0.17464825354303723,0.0,2.019531442666163,0.27,0.06
1099,0.13297457214451025,0.0005378500048812589,0.0,2.7755575615628914e-17,0.0,0.132436722139629,0.0,1.8801243667297116,0.27,0.06
1100,0.052432252584716996,0.0,0.0,0.0,0.0,0.052432252584716996,0.0,1.8249325219036938,0.27,0.06
1101,0.049342138839229874,0.0,0.0,0.0,0.0,0.049342138839229874,0.0,1.772993428388715,0.27,0.06
1102,0.05671853939297325,0.0,0.0,0.0,0.0,0.05671853939297325,0.0,1.713289702711901,0.27,0.06
1103,0.06559015627517813,0.0,0.0,0.0,0.0,0.06559015627517813,0.0,1.6442474329485555,0.27,0.06
1104,0.029505602214973798,0.0,0.0,0.0,0.0,0.029505602214973798,0.0,1.6131889043012146,0.27,0.06
1105,0.10865238653486962,0.0,0.0,0.0,0.0,0.10865238653486962,0.0,1.498817971106615,0.27,0.06
1106,0.03638359732589675,0.0,0.0,-3.469446951953614e-17,0.0,0.036383597325896716,0.0,1.460519447605671,0.27,0.06
1107,0.02452154778676871,0.0,0.0,0.0,0.0,0.02452154778676871,0.0,1.4347072920406514,0.27,0.06
1108,0.029405921126409745,0.0,0.0,0.0,0.0,0.029405921126409745,0.0,1.403753690854957,0.27,0.06
1109,0.028508791329332876,0.0,0.0,0.0,0.0,0.028508791329332876,0.0,1.3737444368240803,0.27,0.06
1110,0.01854068247292271,0.0,0.0,0.0,0.0,0.01854068247292271,0.0,1.354227928957846,0.27,0.06
1111,0.0272129371779995,0.0,0.0,0.0,0.0,0.0272129371779995,0.0,1.3255827319283728,0.27,0.06
1112,0.026415488469486628,0.007960180072242626,0.0,0.0,0.0,0.018455308397244,0.0,1.306156091510221,0.27,0.06
1113,0.10277120230958775,0.045125615409537606,0.0,0.0,0.0,0.057645586900050144,0.0,1.2454765263522736,0.27,0.06
1114,0.10845302435774137,0.07857988571315189,0.0,0.0,0.0,0.029873138644589486,0.0,1.2140311172527056,0.27,0.06
1115,0.020334942067076523,0.28366209257437586,0.0,0.2633271505072993,0.0,0.0,0.0,1.2140311172527056,0.27,0.06
1116,0.018939406827179126,0.5515113950052425,0.0,-0.0,0.5325719881780634,0.0,0.0,1.7199745060218659,0.27,0.06
1117,0.28917483792445625,0.6484857508853334,0.0,0.3593109129608772,0.0,0.0,0.0,1.7199745060218659,0.27,0.06
1118,0.11024728395189524,0.6610176559990668,0.0,-1.1102230246251565e-16,0.5507703720471717,0.0,0.0,2.243206359466679,0.27,0.06
1119,0.0555223663302041,0.4522242841041624,0.0,0.3967019177739583,0.0,0.0,0.0,2.243206359466679,0.27,0.06
1120,0.05592109068446038,0.15920360144485254,0.0,0.10328251076039216,0.0,0.0,0.0,2.243206359466679,0.27,0.06
1121,0.043560635702511986,0.09460781585861339,0.0,0.0510471801561014,0.0,0.0,0.0,2.243206359466679,0.27,0.06
1122,0.01824163920723041,0.05270930047836334,0.0,0.03446766127113293,0.0,0.0,0.0,2.243206359466679,0.27,0.06
1123,0.10655908367502351,0.001505980013667524,0.0,0.0,0.0,0.10505310366135598,0.0,2.132624145086304,0.27,0.06
1124,0.04585330073948625,0.0,0.0,1.3877787807814457e-17,0.0,0.045853300739486264,0.0,2.08435751272895,0.27,0.06
1125,0.012260773893384376,0.0,0.0,0.0,0.0,0.012260773893384376,0.0,2.0714514349464404,0.27,0.06
1126,0.015450568727435587,0.0,0.0,0.0,0.0,0.015450568727435587,0.0,2.055187678391245,0.27,0.06
1127,0.062400361441126984,0.0,0.0,0.0,0.0,0.062400361441126984,0.0,1.9895030874005852,0.27,0.06
1128,0.13985256725543327,0.0,0.0,0.0,0.0,0.13985256725543327,0.0,1.8422898587106555,0.27,0.06
1129,0.04037084086846075,0.0,0.0,0.0,0.0,0.04037084086846075,0.0,1.7997942367438549,0.27,0.06
1130,0.113835803140203,0.0,0.0,0.0,0.0,0.113835803140203,0.0,1.679967075543641,0.27,0.06
1131,0.07356464336030627,0.0,0.0,0.0,0.0,0.07356464336030627,0.0,1.602530608848582,0.27,0.06
1132,0.0212320718641534,0.0,0.0,-1.3877787807814457e-17,0.0,0.021232071864153386,0.0,1.5801810595178942,0.27,0.06
1133,0.022328563838358587,0.0,0.0,0.0,0.0,0.022328563838358587,0.0,1.5566773081090957,0.27,0.06
1134,0.05522332306451173,0.0,0.0,0.0,0.0,0.05522332306451173,0.0,1.498547494356978,0.27,0.06
1135,0.13506787500435638,0.0,0.0,0.0,0.0,0.13506787500435638,0.0,1.3563707838260766,0.27,0.06
1136,0.0945973530473315,0.013392465121543334,0.0,0.0,0.0,0.08120488792578816,0.0,1.2708919544305102,0.27,0.06
1137,0.06269940470681926,0.13779717125057844,0.0,0.07509776654375919,0.0,0.0,0.0,1.2708919544305102,0.27,0.06
1138,0.023724099078255952,0.22616592705256913,0.0,0.20244182797431318,0.0,0.0,0.0,1.2708919544305102,0.27,0.06
1139,0.020534304244204736,0.33212237801417704,0.0,0.31158807376997233,0.0,0.0,0.0,1.2708919544305102,0.27,0.06
1140,0.030701775277743003,0.5582883050667464,0.0,0.5275865297890034,0.0,0.0,0.0,1.2708919544305102,0.27,0.06
1141,0.28837738921594375,0.6560156509536709,0.0,0.3676382617377271,0.0,0.0,0.0,1.2708919544305102,0.27,0.06
1142,0.12918669077907435,0.6412247758194365,0.0,-0.0,0.5120380850403621,0.0,0.0,1.7573281352188541,0.27,0.06
1143,0.08851680664492138,0.35175390319234295,0.0,0.26323709654742156,0.0,0.0,0.0,1.7573281352188541,0.27,0.06
1144,0.06060610184697325,0.21723761697154043,0.0,-8.326672684688674e-17,0.15663151512456727,0.0,0.0,1.906128074587193,0.27,0.06
1145,0.021730477306973937,0.10676322596892979,0.0,0.08503274866195584,0.0,0.0,0.0,1.906128074587193,0.27,0.06
1146,0.059409928784203994,0.026247080238205413,0.0,0.0,0.0,0.03316284854599858,0.0,1.871219812959826,0.27,0.06
1147,0.12709338791922825,0.0,0.0,0.0,0.0,0.12709338791922825,0.0,1.7374372993606384,0.27,0.06
1148,0.04625202509374275,0.0,0.0,0.0,0.0,0.04625202509374275,0.0,1.6887509571566988,0.27,0.06
1149,0.086224141607947,0.0,0.0,0.0,0.0,0.086224141607947,0.0,1.597988702832544,0.27,0.06
1150,0.0391746678056915,0.0,0.0,6.938893903907228e-18,0.0,0.03917466780569151,0.0,1.5567522104055003,0.27,0.06
1151,0.021032709687025173,0.0,0.0,0.0,0.0,0.021032709687025173,0.0,1.5346125159981052,0.27,0.06
1152,0.016746422878768902,0.0,0.0,0.0,0.0,0.016746422878768902,0.0,1.5169847024415064,0.27,0.06
1153,0.02332537472399955,0.0,0.0,0.0,0.0,0.02332537472399955,0.0,1.4924316764162437,0.27,0.06
1154,0.02771134262082,0.0,0.0,0.0,0.0,0.02771134262082,0.0,1.4632618420785384,0.27,0.06
1155,0.03399125120035825,0.0,0.0,0.0,0.0,0.03399125120035825,0.0,1.4274815776571086,0.27,0.06
1156,0.031200180720563374,0.0,0.0,-6.938893903907228e-18,0.0,0.031200180720563367,0.0,1.3946392821617788,0.27,0.06
1157,0.03947371107138387,0.0,0.0,0.0,0.0,0.03947371107138387,0.0,1.3530880073497957,0.27,0.06
1158,0.03698168385728125,0.0,0.0,0.0,0.0,0.03698168385728125,0.0,1.3141599190789734,0.27,0.06
1159,0.06748409695789612,0.0,0.0,0.0,0.0,0.06748409695789612,0.0,1.2431240275443458,0.27,0.06
1160,0.09848491550133151,0.0021514000195250343,0.0,1.3877787807814457e-17,0.0,0.09633351548180649,0.0,1.1417203270371812,0.27,0.06
1161,0.052531933673281,0.040769030369999404,0.0,0.0,0.0,0.0117629033032816,0.0,1.1293383235600427,0.27,0.06
1162,0.023823780166820064,0.1210700360987713,0.0,0.09724625593195124,0.0,0.0,0.0,1.1293383235600427,0.27,0.06
1163,0.02292665036974314,0.1571059864258157,0.0,0.13417933605607255,0.0,0.0,0.0,1.1293383235600427,0.27,0.06
1164,0.02631580738092255,0.39585760359260636,0.0,-0.0,0.3695417962116838,0.0,0.0,1.4804030299611424,0.27,0.06
1165,0.28249620499066125,0.33610246805029853,0.0,0.05360626305963728,0.0,0.0,0.0,1.4804030299611424,0.27,0.06
1166,0.2191987137524571,0.2622556623801018,0.0,0.04305694862764467,0.0,0.0,0.0,1.4804030299611424,0.27,0.06
1167,0.08273530350820349,0.3074350627901274,0.0,-0.0,0.2246997592819239,0.0,0.0,1.69386780127897,0.27,0.06
1168,0.0570175826586655,0.252144082288334,0.0,-0.0,0.19512649962966852,0.0,0.0,1.8792379759271551,0.27,0.06
1169,0.04296254917112736,0.10681701096941798,0.0,0.06385446179829063,0.0,0.0,0.0,1.8792379759271551,0.27,0.06
1170,0.0719697459432807,0.05550612050374589,0.0,0.0,0.0,0.016463625439534814,0.0,1.8619078438855394,0.27,0.06
1171,0.12470104179368988,0.001559765014155651,0.0,0.0,0.0,0.12314127677953422,0.0,1.7322854472755034,0.27,0.06
1172,0.056917901570101494,0.0,0.0,0.0,0.0,0.056917901570101494,0.0,1.6723718666753966,0.27,0.06
1173,0.043560635702511875,0.0,0.0,6.938893903907228e-18,0.0,0.04356063570251188,0.0,1.6265185659359105,0.27,0.06
1174,0.03897530562856338,0.0,0.0,6.938893903907228e-18,0.0,0.038975305628563384,0.0,1.5854919284321596,0.27,0.06
1175,0.026016764115230247,0.0,0.0,0.0,0.0,0.026016764115230247,0.0,1.5581058609424436,0.27,0.06
1176,0.04425840332246063,0.0,0.0,0.0,0.0,0.04425840332246063,0.0,1.5115180679714324,0.27,0.06
1177,0.08572573616512649,0.0,0.0,0.0,0.0,0.08572573616512649,0.0,1.4212804509555097,0.27,0.06
1178,0.02521931540671745,0.0,0.0,0.0,0.0,0.02521931540671745,0.0,1.3947338031589651,0.27,0.06
1179,0.03787881365435812,0.0,0.0,0.0,0.0,0.03787881365435812,0.0,1.354861367733325,0.27,0.06
1180,0.028209748063640454,0.0,0.0,0.0,0.0,0.028209748063640454,0.0,1.3251668960873877,0.27,0.06
1181,0.018141958118666313,0.0,0.0,0.0,0.0,0.018141958118666313,0.0,1.3060700980677389,0.27,0.06
1182,0.018640363561486812,0.0,0.0,0.0,0.0,0.018640363561486812,0.0,1.2864486627398581,0.27,0.06
1183,0.14523534603789465,0.0,0.0,0.0,0.0,0.14523534603789465,0.0,1.1335693511210216,0.27,0.06
1184,0.11403516531733113,0.011456205103970813,0.0,0.0,0.0,0.10257896021336031,0.0,1.0255914982648529,0.27,0.06
1185,0.07406304880312675,0.04975112545151642,0.0,0.0,0.0,0.02431192335161033,0.0,0.9999999999999999,0.27,0.06
1186,0.054425874355998875,0.06992050063456362,0.0,0.015494626278564745,0.0,0.0,0.0,0.9999999999999999,0.27,0.06
1187,0.030602094189179,0.33836143807079977,0.0,0.3077593438816208,0.0,0.0,0.0,1.0,0.27,0.06
1188,0.05881184225281938,0.6092764855294898,0.0,0.5504646432766704,0.0,0.0,0.0,1.0,0.27,0.06
1189,0.28688217288748125,0.7220098465526016,0.0,0.43512767366512034,0.0,0.0,0.0,1.0,0.27,0.06
1190,0.06768345913502438,0.7271194215989736,0.0,0.06259262975742852,0.5968433327065207,0.0,0.0,1.5670011660711947,0.27,0.06
1191,0.05532300415307587,0.4693816992598745,0.0,0.4140586951067986,0.0,0.0,0.0,1.5670011660711947,0.27,0.06
1192,0.0518341660533323,0.14898445135210867,0.0,-0.0,0.09715028529877637,0.0,0.0,1.6592939371050321,0.27,0.06
1193,0.05711726374722963,0.07960180072242626,0.0,0.02248453697519663,0.0,0.0,0.0,1.6592939371050321,0.27,0.06
1194,0.02482059105246101,0.047492155431015134,0.0,0.022671564378554124,0.0,0.0,0.0,1.6592939371050321,0.27,0.06
1195,0.04694979271369143,0.001237055011226895,0.0,-2.0816681711721685e-17,0.0,0.04571273770246451,0.0,1.61117526583928,0.27,0.06
1196,0.033293483580409663,0.0,0.0,0.0,0.0,0.033293483580409663,0.0,1.576129493649375,0.27,0.06
1197,0.06120418837835775,0.0,0.0,0.0,0.0,0.06120418837835775,0.0,1.5117040321984723,0.27,0.06
1198,0.049541501016358,0.0,0.0,0.0,0.0,0.049541501016358,0.0,1.4595550837602007,0.27,0.06
1199,0.021032709687025225,0.0,0.0,0.0,0.0,0.021032709687025225,0.0,1.4374153893528057,0.27,0.06
1200,0.022926650369743153,0.0,0.0,0.0,0.0,0.022926650369743153,0.0,1.4132820731741287,0.27,0.06
1201,0.026913893912307127,0.0,0.0,0.0,0.0,0.026913893912307127,0.0,1.384951658529595,0.27,0.06
1202,0.025219315406717475,0.0,0.0,0.0,0.0,0.025219315406717475,0.0,1.3584050107330503,0.27,0.06
1203,0.050637992990563124,0.0,0.0,0.0,0.0,0.050637992990563124,0.0,1.305101860216668,0.27,0.06
1204,0.055522366330204,0.0,0.0,0.0,0.0,0.055522366330204,0.0,1.2466572640796112,0.27,0.06
1205,0.056917901570101376,0.0,0.0,0.0,0.0,0.056917901570101376,0.0,1.1867436834795044,0.27,0.06
1206,0.03598487297164037,0.0,0.0,0.0,0.0,0.03598487297164037,0.0,1.1488648698251462,0.27,0.06
1207,0.028010385886512248,0.0,0.0,0.0,0.0,0.028010385886512248,0.0,1.1193802531025017,0.27,0.06
1208,0.03907498671712738,0.022266990202084107,0.0,0.0,0.0,0.01680799651504327,0.0,1.1016876251919299,0.27,0.06
1209,0.03947371107138387,0.10595645096160794,0.0,0.06648273989022407,0.0,0.0,0.0,1.1016876251919299,0.27,0.06
1210,0.027113256089435378,0.14672548133160743,0.0,0.11961222524217205,0.0,0.0,0.0,1.1016876251919299,0.27,0.06
1211,0.016846103967333013,0.4078516587014584,0.0,0.3910055547341254,0.0,0.0,0.0,1.1016876251919299,0.27,0.06
1212,0.028010385886512328,0.43103299391184063,0.0,0.4030226080253283,0.0,0.0,0.0,1.1016876251919299,0.27,0.06
1213,0.29874422242661003,0.5954537404040414,0.0,0.2967095179774314,0.0,0.0,0.0,1.1016876251919299,0.27,0.06
1214,0.11463325184871574,0.7135656014759659,0.0,0.5989323496272502,0.0,0.0,0.0,1.1016876251919299,0.27,0.06
1215,0.06080546402410138,0.42172818882739493,0.0,-0.0,0.36092272480329357,0.0,0.0,1.4445642137550587,0.27,0.06
1216,0.04974086319348625,0.27145289746357104,0.0,-0.0,0.22171203427008343,0.0,0.0,1.655190646311638,0.27,0.06
1217,0.04694979271369135,0.19152838673821607,0.0,-0.0,0.14457859402452472,0.0,0.0,1.7925403106349365,0.27,0.06
1218,0.01574961199312789,0.05781887552473529,0.0,-0.0,0.0420692635316074,0.0,0.0,1.8325061109899634,0.27,0.06
1219,0.05392746891317838,0.001559765014155651,0.0,-2.0816681711721685e-17,0.0,0.052367703899022705,0.0,1.777382212148887,0.27,0.06
1220,0.05911088551851175,0.0,0.0,0.0,0.0,0.05911088551851175,0.0,1.7151602273925588,0.27,0.06
1221,0.04375999787964012,0.0,0.0,0.0,0.0,0.04375999787964012,0.0,1.6690970717297797,0.27,0.06
1222,0.04076956522271712,0.0,0.0,0.0,0.0,0.04076956522271712,0.0,1.6261817399163934,0.27,0.06
1223,0.09998013182979286,0.0,0.0,0.0,0.0,0.09998013182979286,0.0,1.5209394958850324,0.27,0.06
1224,0.037978494742922336,0.0,0.0,0.0,0.0,0.037978494742922336,0.0,1.4809621329977458,0.27,0.06
1225,0.07725284363717792,0.0,0.0,1.3877787807814457e-17,0.0,0.07725284363717794,0.0,1.3996433502217691,0.27,0.06
1226,0.06250004252969113,0.0,0.0,0.0,0.0,0.06250004252969113,0.0,1.3338538317694624,0.27,0.06
1227,0.03209731051764037,0.0,0.0,0.0,0.0,0.03209731051764037,0.0,1.3000671891193147,0.27,0.06
1228,0.026714531735178928,0.0,0.0,0.0,0.0,0.026714531735178928,0.0,1.2719466293980737,0.27,0.06
1229,0.0327950781375891,0.0,0.0,0.0,0.0,0.0327950781375891,0.0,1.237425494516401,0.27,0.06
1230,0.023325374723999526,0.0,0.0,0.0,0.0,0.023325374723999526,0.0,1.2128724684911383,0.27,0.06
1231,0.04685011162512737,0.0,0.0,0.0,0.0,0.04685011162512737,0.0,1.16355656151732,0.27,0.06
1232,0.028309429152204524,0.012262980111292694,0.0,0.0,0.0,0.01604644904091183,0.0,1.1466655625268865,0.27,0.06
1233,0.06110450728979363,0.06690854060722855,0.0,-8.586881206085195e-17,0.005804033317435005,0.0,0.0,1.1521793941784497,0.27,0.06
1234,0.0312001807205635,0.1667335015131901,0.0,0.13553332079262662,0.0,0.0,0.0,1.1521793941784497,0.27,0.06
1235,0.023724099078255914,0.4140369337575927,0.0,0.3903128346793368,0.0,0.0,0.0,1.1521793941784497,0.27,0.06
1236,0.027312618266563497,0.5915274353684083,0.0,-6.661338147750939e-16,0.5642148171018455,0.0,0.0,1.6881834704252028,0.27,0.06
1237,0.288178027038815,0.635469780767207,0.0,0.34729175372839194,0.0,0.0,0.0,1.6881834704252028,0.27,0.06
1238,0.11054632721758764,0.4439413940289908,0.0,-1.1102230246251565e-16,0.3333950668114033,0.0,0.0,2.004908783896036,0.27,0.06
1239,0.07276719465179347,0.3377160180649423,0.0,0.2649488234131488,0.0,0.0,0.0,2.004908783896036,0.27,0.06
1240,0.05851279898712712,0.2860824175963415,0.0,0.22756961860921437,0.0,0.0,0.0,2.004908783896036,0.27,0.06
1241,0.17783106199835588,0.16813191152588156,0.0,0.0,0.0,0.009699150472474327,0.0,1.9946991518197474,0.27,0.06
1242,0.31808236357615377,0.04969734045102827,0.0,0.0,0.0,0.2683850231251255,0.0,1.7121886011617207,0.27,0.06
1243,0.0400717976027685,0.001021915009274391,0.0,0.0,0.0,0.03904988259349411,0.0,1.6710834615896215,0.27,0.06
1244,0.05073767407912725,0.0,0.0,0.0,0.0,0.05073767407912725,0.0,1.617675383611593,0.27,0.06
1245,0.04884373339640938,0.0,0.0,0.0,0.0,0.04884373339640938,0.0,1.5662609274048462,0.27,0.06
1246,0.03080145636630715,0.0,0.0,0.0,0.0,0.03080145636630715,0.0,1.533838341756102,0.27,0.06
1247,0.03169858616338394,0.0,0.0,6.938893903907228e-18,0.0,0.031698586163383946,0.0,1.50047140895254,0.27,0.06
1248,0.11423452749445925,0.0,0.0,0.0,0.0,0.11423452749445925,0.0,1.3802245379057405,0.27,0.06
1249,0.09549448284440838,0.0,0.0,1.3877787807814457e-17,0.0,0.0954944828444084,0.0,1.2797040296484685,0.27,0.06
1250,0.09818587223563913,0.0,0.0,0.0,0.0,0.09818587223563913,0.0,1.176350479926743,0.27,0.06
1251,0.0361842351487685,0.0,0.0,6.938893903907228e-18,0.0,0.03618423514876851,0.0,1.138261811349092,0.27,0.06
1252,0.022826969281179037,0.0,0.0,0.0,0.0,0.022826969281179037,0.0,1.1142334226320616,0.27,0.06
1253,0.023325374723999485,0.0,0.0,0.0,0.0,0.023325374723999485,0.0,1.089680396606799,0.27,0.06
1254,0.025418677583845674,0.0,0.0,0.0,0.0,0.025418677583845674,0.0,1.0629238938869614,0.27,0.06
1255,0.04934213883922975,0.0,0.0,0.0,0.0,0.04934213883922975,0.0,1.0109848003719828,0.27,0.06
1256,0.03668264059158913,0.02624708023820542,0.0,0.0,0.0,0.010435560353383708,0.0,1.0,0.27,0.06
1257,0.06848090784353712,0.1250501261348926,0.0,0.056569218291355486,0.0,0.0,0.0,1.0,0.27,0.06
1258,0.063397172326768,0.1777594266132561,0.0,0.11436225428648811,0.0,0.0,0.0,1.0,0.27,0.06
1259,0.024421866698204613,0.40311857865850326,0.0,0.37869671196029864,0.0,0.0,0.0,1.0,0.27,0.06
1260,0.021431434041281623,0.6166988155968511,0.0,0.5952673815555695,0.0,0.0,0.0,1.0,0.27,0.06
1261,0.2938598590550775,0.6805416111762563,0.0,0.03381500141960764,0.3528667507015712,0.0,0.0,1.3352234131664926,0.27,0.06
1262,0.06429430212384488,0.6191191406188168,0.0,0.5548248384949719,0.0,0.0,0.0,1.3352234131664926,0.27,0.06
1263,0.04914277666210155,0.4369493439655345,0.0,-5.551115123125783e-17,0.387806567303433,0.0,0.0,1.7036396521047539,0.27,0.06
1264,0.057416307012922004,0.25386520230395415,0.0,0.19644889529103216,0.0,0.0,0.0,1.7036396521047539,0.27,0.06
1265,0.058114074632870744,0.18077138664059106,0.0,0.12265731200772031,0.0,0.0,0.0,1.7036396521047539,0.27,0.06
1266,0.07954550867415233,0.06900615562626548,0.0,0.0,0.0,0.010539353047886849,0.0,1.692545596264873,0.27,0.06
1267,0.11383580314020288,0.001613550014643777,0.0,0.0,0.0,0.1122222531255591,0.0,1.5744169087642845,0.27,0.06
1268,0.05183416605333238,0.0,0.0,0.0,0.0,0.05183416605333238,0.0,1.5198546287081451,0.27,0.06
1269,0.04385967896820438,0.0,0.0,0.0,0.0,0.04385967896820438,0.0,1.4736865455837196,0.27,0.06
1270,0.056519177215845,0.0,0.0,0.0,0.0,0.056519177215845,0.0,1.4141926748301985,0.27,0.06
1271,0.067384415869332,0.0,0.0,0.0,0.0,0.067384415869332,0.0,1.3432617107572176,0.27,0.06
1272,0.034788699908871124,0.0,0.0,0.0,0.0,0.034788699908871124,0.0,1.3066420266426164,0.27,0.06
1273,0.05173448496476825,0.0,0.0,0.0,0.0,0.05173448496476825,0.0,1.2521846740481235,0.27,0.06
1274,0.04096892739984537,0.0,0.0,0.0,0.0,0.04096892739984537,0.0,1.2090594873114442,0.27,0.06
1275,0.03020336983492245,0.0,0.0,6.938893903907228e-18,0.0,0.03020336983492246,0.0,1.1772664664325785,0.27,0.06
1276,0.022029520572666238,0.0,0.0,6.938893903907228e-18,0.0,0.022029520572666245,0.0,1.1540774974087193,0.27,0.06
1277,0.028608472417896876,0.0,0.0,3.469446951953614e-18,0.0,0.02860847241789688,0.0,1.1239633159161961,0.27,0.06
1278,0.0239234612553842,0.0,0.0,0.0,0.0,0.0239234612553842,0.0,1.0987807251210548,0.27,0.06
1279,0.044756808765281125,0.0,0.0,0.0,0.0,0.044756808765281125,0.0,1.0516682948418115,0.27,0.06
1280,0.05043863081343487,0.015543865141068376,0.0,0.0,0.0,0.0348947656723665,0.0,1.01493696255511,0.27,0.06
1281,0.11632783035430538,0.102137715926951,0.0,0.0,0.0,0.014190114427354378,0.0,1.0,0.27,0.06
1282,0.05382778782461437,0.22777947706721313,0.0,0.17395168924259877,0.0,0.0,0.0,1.0,0.27,0.06
1283,0.05193384714189638,0.35331366820649873,0.0,0.30137982106460237,0.0,0.0,0.0,1.0,0.27,0.06
1284,0.027511980443691873,0.5805015102683422,0.0,0.5529895298246503,0.0,0.0,0.0,1.0,0.27,0.06
1285,0.2795057823018475,0.6902766962646073,0.0,0.4107709139627598,0.0,0.0,0.0,1.0,0.27,0.06
1286,0.09260373127604954,0.6641909710278663,0.0,0.17280895063277218,0.3987782891190445,0.0,0.0,1.3788393746630923,0.27,0.06
1287,0.0648923886552295,0.44281190901874024,0.0,-5.551115123125783e-17,0.3779195203635108,0.0,0.0,1.7378629190084276,0.27,0.06
1288,0.050637992990563076,0.16667971651270216,0.0,0.1160417235221391,0.0,0.0,0.0,1.7378629190084276,0.27,0.06
1289,0.04864437121928106,0.11682102106020935,0.0,0.06817664984092829,0.0,0.0,0.0,1.7378629190084276,0.27,0.06
1290,0.11283899225456187,0.05986270554328411,0.0,0.0,0.0,0.05297628671127776,0.0,1.6820984066807667,0.27,0.06
1291,0.12410294529419637,0.002205185020013161,0.0,0.0,0.0,0.12189776027418321,0.0,1.5537849748132055,0.27,0.06
1292,0.0371810460344095,0.0,0.0,0.0,0.0,0.0371810460344095,0.0,1.5146470316190903,0.27,0.06
1293,0.02183015839553804,0.0,0.0,0.0,0.0,0.02183015839553804,0.0,1.491667917518524,0.27,0.06
1294,0.02472090996389696,0.0,0.0,0.0,0.0,0.02472090996389696,0.0,1.4656459070302112,0.27,0.06
1295,0.019138769004307322,0.0,0.0,0.0,0.0,0.019138769004307322,0.0,1.4454998343940983,0.27,0.06
1296,0.019736855535691926,0.0,0.0,0.0,0.0,0.019736855535691926,0.0,1.4247241969881068,0.27,0.06
1297,0.0440590411453325,0.0,0.0,0.0,0.0,0.0440590411453325,0.0,1.3783462589403883,0.27,0.06
1298,0.05372810673605025,0.0,0.0,0.0,0.0,0.05372810673605025,0.0,1.321790357112967,0.27,0.06
1299,0.04565393856235812,0.0,0.0,0.0,0.0,0.04565393856235812,0.0,1.2737335796789058,0.27,0.06
1300,0.026714531735179025,0.0,0.0,0.0,0.0,0.026714531735179025,0.0,1.2456130199576647,0.27,0.06
1301,0.026913893912307127,0.0,0.0,0.0,0.0,0.026913893912307127,0.0,1.217282605313131,0.27,0.06
1302,0.06040673966984499,0.0,0.0,6.938893903907228e-18,0.0,0.060406739669845,0.0,1.1536965635553993,0.27,0.06
1303,0.026116445203794414,0.0,0.0,0.0,0.0,0.026116445203794414,0.0,1.1262055686040366,0.27,0.06
1304,0.06947771872917813,0.013822745125448344,0.0,0.0,0.0,0.055654973603729785,0.0,1.0676213858632686,0.27,0.06
1305,0.10915079197769026,0.044910475407585096,0.0,0.0,0.0,0.06424031657010516,0.0,1.0,0.27,0.06
1306,0.083233708951024,0.08347432075757134,0.0,0.0002406118065473445,0.0,0.0,0.0,1.0,0.27,0.06
1307,0.030004007657794252,0.39419026857747447,0.0,0.3641862609196802,0.0,0.0,0.0,1.0,0.27,0.06
1308,0.042663505905435,0.6694081160752144,0.0,0.3279111284771823,0.29883348169259716,0.0,0.0,1.2838918076079673,0.27,0.06
1309,0.28030323101036,0.7335198366570603,0.0,-5.551115123125783e-17,0.4532166056467004,0.0,0.0,1.7144475829723327,0.27,0.06
1310,0.06897931328635759,0.6434837458399377,0.0,0.5745044325535802,0.0,0.0,0.0,1.7144475829723327,0.27,0.06
1311,0.07515954077733189,0.4228576738376456,0.0,0.3476981330603137,0.0,0.0,0.0,1.7144475829723327,0.27,0.06
1312,0.05602077177302456,0.17388690657811084,0.0,0.11786613480508629,0.0,0.0,0.0,1.7144475829723327,0.27,0.06
1313,0.05582140959589631,0.12058597109437817,0.0,-8.326672684688674e-17,0.06476456149848195,0.0,0.0,1.7759739163958905,0.27,0.06
1314,0.0254186775838457,0.056312895511067766,0.0,0.030894217927222065,0.0,0.0,0.0,1.7759739163958905,0.27,0.06
1315,0.13755990221845887,0.0029043900263587964,0.0,0.0,0.0,0.1346555121921001,0.0,1.6342312719831535,0.27,0.06
1316,0.05233257149615275,0.0,0.0,0.0,0.0,0.05233257149615275,0.0,1.5791443546187822,0.27,0.06
1317,0.05163480387620412,0.0,0.0,0.0,0.0,0.05163480387620412,0.0,1.5247919294859358,0.27,0.06
1318,0.027511980443691825,0.0,0.0,0.0,0.0,0.027511980443691825,0.0,1.4958319500715234,0.27,0.06
1319,0.015849293081692,0.0,0.0,0.0,0.0,0.015849293081692,0.0,1.4791484836697424,0.27,0.06
1320,0.022029520572666238,0.0,0.0,0.0,0.0,0.022029520572666238,0.0,1.4559595146458832,0.27,0.06
1321,0.03937402998281979,0.0,0.0,0.0,0.0,0.03937402998281979,0.0,1.4145131672955467,0.27,0.06
1322,0.11652719253143363,0.0,0.0,0.0,0.0,0.11652719253143363,0.0,1.2918529646308796,0.27,0.06
1323,0.05352874455892213,0.0,0.0,6.938893903907228e-18,0.0,0.053528744558922134,0.0,1.235506917726751,0.27,0.06
1324,0.03458933773174287,0.0,0.0,0.0,0.0,0.03458933773174287,0.0,1.1990970885354426,0.27,0.06
1325,0.04455744658815303,0.0,0.0,0.0,0.0,0.04455744658815303,0.0,1.1521945131794922,0.27,0.06
1326,0.029206558949281498,0.0,0.0,0.0,0.0,0.029206558949281498,0.0,1.1214507669170906,0.27,0.06
1327,0.0351874242631275,0.0,0.0,1.3877787807814457e-17,0.0,0.035187424263127515,0.0,1.0844113729559037,0.27,0.06
1328,0.03349284575753787,0.015328725139115864,0.0,0.0,0.0,0.018164120618422007,0.0,1.0652912459891437,0.27,0.06
1329,0.07785093016856262,0.049105705445658905,0.0,0.0,0.0,0.028745224722903716,0.0,1.0350331147018765,0.27,0.06
1330,0.06090514511266537,0.09154207083079022,0.0,0.030636925718124847,0.0,0.0,0.0,1.0350331147018765,0.27,0.06
1331,0.036383597325896744,0.41107875873074595,0.0,0.3746951614048492,0.0,0.0,0.0,1.0350331147018765,0.27,0.06
1332,0.017643552675845813,0.6505833659043703,0.0,0.6329398132285244,0.0,0.0,0.0,1.0350331147018765,0.27,0.06
1333,0.28867643248163627,0.7569700968698833,0.0,-1.1102230246251565e-16,0.4682936643882471,0.0,0.0,1.4799120958707113,0.27,0.06
1334,0.13825766983840748,0.7485258517932474,0.0,1.3322676295501878e-15,0.6102681819548386,0.0,0.0,2.059666868727808,0.27,0.06
1335,0.07177038376615241,0.44555494404363466,0.0,0.37378456027748225,0.0,0.0,0.0,2.059666868727808,0.27,0.06
1336,0.06030705858128088,0.16899247153369143,0.0,0.10868541295241055,0.0,0.0,0.0,2.059666868727808,0.27,0.06
1337,0.08363243330528039,0.10907598098991922,0.0,0.02544354768463883,0.0,0.0,0.0,2.059666868727808,0.27,0.06
1338,0.042563824816870946,0.058518080531080936,0.0,0.01595425571420999,0.0,0.0,0.0,2.059666868727808,0.27,0.06
1339,0.1907896035116891,0.003173315028799426,0.0,0.0,0.0,0.1876162884828897,0.0,1.8621760387458188,0.27,0.06
1340,0.059110885518511624,0.0,0.0,0.0,0.0,0.059110885518511624,0.0,1.7999540539894907,0.27,0.06
1341,0.050737674079127125,0.0,0.0,0.0,0.0,0.050737674079127125,0.0,1.746545976011462,0.27,0.06
1342,0.02671453173517895,0.0,0.0,0.0,0.0,0.02671453173517895,0.0,1.718425416290221,0.27,0.06
1343,0.03438997555461463,0.0,0.0,0.0,0.0,0.03438997555461463,0.0,1.6822254420222056,0.27,0.06
1344,0.10526322952369024,0.0,0.0,0.0,0.0,0.10526322952369024,0.0,1.5714220425235843,0.27,0.06
1345,0.10486450516943388,0.0,0.0,0.0,0.0,0.10486450516943388,0.0,1.4610383528715487,0.27,0.06
1346,0.03777913256579413,0.0,0.0,0.0,0.0,0.03777913256579413,0.0,1.4212708449075548,0.27,0.06
1347,0.03309412140328137,0.0,0.0,-6.938893903907228e-18,0.0,0.033094121403281364,0.0,1.386434927640943,0.27,0.06
1348,0.028508791329332747,0.0,0.0,0.0,0.0,0.028508791329332747,0.0,1.3564256736100664,0.27,0.06
1349,0.027013575000871252,0.0,0.0,0.0,0.0,0.027013575000871252,0.0,1.3279903315038861,0.27,0.06
1350,0.053528744558921995,0.0,0.0,0.0,0.0,0.053528744558921995,0.0,1.2716442845997578,0.27,0.06
1351,0.043660316791076126,0.0,0.0,0.0,0.0,0.043660316791076126,0.0,1.225686056398625,0.27,0.06
1352,0.23155916873440574,0.017157415155712147,0.0,0.0,0.0,0.2144017535786936,0.0,1.0,0.27,0.06
1353,0.0340909322889225,0.052655515477875225,0.0,0.018564583188952724,0.0,0.0,0.0,1.0,0.27,0.06
1354,0.04076956522271712,0.08799226079857392,0.0,0.047222695575856795,0.0,0.0,0.0,1.0,0.27,0.06
1355,0.03209731051764037,0.43501308394796173,0.0,0.40291577343032137,0.0,0.0,0.0,1.0,0.27,0.06
1356,0.02292665036974321,0.6626849910141985,0.0,0.6397583406444554,0.0,0.0,0.0,1.0,0.27,0.06
1357,0.14692993451159275,0.8285041475190908,0.0,0.6815742130074981,0.0,0.0,0.0,1.0,0.27,0.06
1358,0.23056235784876528,0.7699322819875217,0.0,0.14363015484004743,0.39573976929870897,0.0,0.0,1.3759527808337735,0.27,0.06
1359,0.06578951845230638,0.444801954036801,0.0,-5.551115123125783e-17,0.37901243558449466,0.0,0.0,1.7360145946390433,0.27,0.06
1360,0.05163480387620413,0.16146257146535387,0.0,0.10982776758914974,0.0,0.0,0.0,1.7360145946390433,0.27,0.06
1361,0.023425055812563687,0.11687480606069744,0.0,0.09344975024813376,0.0,0.0,0.0,1.7360145946390433,0.27,0.06
1362,0.08791872011353676,0.06949022063065861,0.0,0.0,0.0,0.01842849948287814,0.0,1.7166161741307504,0.27,0.06
1363,0.05472491762169127,0.003980090036121311,0.0,0.0,0.0,0.05074482758556996,0.0,1.66320056614594,0.27,0.06
1364,0.064393983212409,0.0,0.0,0.0,0.0,0.064393983212409,0.0,1.5954174259223515,0.27,0.06
1365,0.05263161476184512,0.0,0.0,1.3877787807814457e-17,0.0,0.052631614761845136,0.0,1.5400157261730407,0.27,0.06
1366,0.027811023709384125,0.0,0.0,0.0,0.0,0.027811023709384125,0.0,1.510740964373689,0.27,0.06
1367,0.07216910812040887,0.0,0.0,0.0,0.0,0.07216910812040887,0.0,1.4347734821416798,0.27,0.06
1368,0.12051443607399763,0.0,0.0,0.0,0.0,0.12051443607399763,0.0,1.307916181011156,0.27,0.06
1369,0.05492427979881938,0.0,0.0,0.0,0.0,0.05492427979881938,0.0,1.2501011496439776,0.27,0.06
1370,0.052432252584716864,0.0,0.0,0.0,0.0,0.052432252584716864,0.0,1.1949093048179598,0.27,0.06
1371,0.013855671310409988,0.0,0.0,0.0,0.0,0.013855671310409988,0.0,1.1803243876491072,0.27,0.06
1372,0.026116445203794372,0.0,0.0,0.0,0.0,0.026116445203794372,0.0,1.1528333926977445,0.27,0.06
1373,0.02382378016682006,0.0,0.0,0.0,0.0,0.02382378016682006,0.0,1.1277557293642497,0.27,0.06
1374,0.021730477306973937,0.0,0.0,0.0,0.0,0.021730477306973937,0.0,1.10488154272533,0.27,0.06
1375,0.020534304244204698,0.0,0.0,3.469446951953614e-18,0.0,0.0205343042442047,0.0,1.0832664856261671,0.27,0.06
1376,0.05322970129322968,0.023934325217216005,0.0,0.0,0.0,0.029295376076013676,0.0,1.0524292476514159,0.27,0.06
1377,0.15899133625974063,0.10918355099089552,0.0,0.0,0.0,0.049807785268845106,0.0,1.0,0.27,0.06
1378,0.026614850646614875,0.19163595673919243,0.0,0.16502110609257756,0.0,0.0,0.0,1.0,0.27,0.06
1379,0.020434623155640638,0.27779952752117,0.0,0.05464687509833588,0.20271802926719346,0.0,0.0,1.1925821278038338,0.27,0.06
1380,0.013955352398974087,0.21029935190857205,0.0,0.19634399950959797,0.0,0.0,0.0,1.1925821278038338,0.27,0.06
1381,0.13526723718148415,0.15732112642776813,0.0,0.022053889246283986,0.0,0.0,0.0,1.1925821278038338,0.27,0.06
1382,0.22757192519184227,0.49164868946195855,0.0,-0.0,0.2640767642701163,0.0,0.0,1.4434550538604443,0.27,0.06
1383,0.05143544169907587,0.45539759913296163,0.0,-0.0,0.40396215743388575,0.0,0.0,1.8272191034226357,0.27,0.06
1384,0.08383179548240863,0.18399848666987856,0.0,0.10016669118746993,0.0,0.0,0.0,1.8272191034226357,0.27,0.06
1385,0.021431434041281637,0.14274539129548602,0.0,-8.326672684688674e-17,0.12131395725420446,0.0,0.0,1.94246736281413,0.27,0.06
1386,0.05462523653312712,0.07890259571608063,0.0,0.024277359182953512,0.0,0.0,0.0,1.94246736281413,0.27,0.06
1387,0.11253994898886963,0.005109575046371959,0.0,0.0,0.0,0.10743037394249767,0.0,1.8293827586641325,0.27,0.06
1388,0.11104473266040811,0.0,0.0,-1.3877787807814457e-17,0.0,0.1110447326604081,0.0,1.7124935663900187,0.27,0.06
1389,0.043261592436819624,0.0,0.0,0.0,0.0,0.043261592436819624,0.0,1.6669550480354718,0.27,0.06
1390,0.03379188902323015,0.0,0.0,0.0,0.0,0.03379188902323015,0.0,1.6313846385373347,0.27,0.06
1391,0.02282696928117909,0.0,0.0,0.0,0.0,0.02282696928117909,0.0,1.6073562498203042,0.27,0.06
1392,0.0351874242631275,0.0,0.0,0.0,0.0,0.0351874242631275,0.0,1.5703168558591174,0.27,0.06
1393,0.07805029234569087,0.0,0.0,0.0,0.0,0.07805029234569087,0.0,1.488158653389969,0.27,0.06
1394,0.027212937177999497,0.0,0.0,0.0,0.0,0.027212937177999497,0.0,1.459513456360496,0.27,0.06
1395,0.02751198044369175,0.0,0.0,0.0,0.0,0.02751198044369175,0.0,1.4305534769460835,0.27,0.06
1396,0.02342505581256365,0.0,0.0,0.0,0.0,0.02342505581256365,0.0,1.4058955234591743,0.27,0.06
1397,0.09080947168189563,0.0,0.0,-1.3877787807814457e-17,0.0,0.09080947168189561,0.0,1.3103066058992843,0.27,0.06
1398,0.13855671310409973,0.0,0.0,0.0,0.0,0.13855671310409973,0.0,1.1644574342107583,0.27,0.06
1399,0.07904710323133186,0.0,0.0,0.0,0.0,0.07904710323133186,0.0,1.081249957125146,0.27,0.06
1400,0.10526322952369026,0.028075770254801707,0.0,0.0,0.0,0.07718745926888855,0.0,1.0,0.27,0.06
1401,0.035287105351691626,0.12784694616027517,0.0,0.09255984080858354,0.0,0.0,0.0,1.0,0.27,0.06
1402,0.1085527054463055,0.25198272728686966,0.0,0.14343002184056414,0.0,0.0,0.0,1.0,0.27,0.06
1403,0.048445009042152924,0.4321624789220915,0.0,0.38371746987993854,0.0,0.0,0.0,1.0,0.27,0.06
1404,0.0259170830266662,0.605135040491904,0.0,0.13590812209459008,0.4433098353706478,0.0,0.0,1.4211443436021154,0.27,0.06
1405,0.16367634742225323,0.6488084608882622,0.0,0.48513211346600893,0.0,0.0,0.0,1.4211443436021154,0.27,0.06
1406,0.2039475072021495,0.626380115684714,0.0,0.4224326084825645,0.0,0.0,0.0,1.4211443436021154,0.27,0.06
1407,0.06369621559246025,0.43200112392062695,0.0,-0.0,0.3683049083281667,0.0,0.0,1.7710340065138737,0.27,0.06
1408,0.05731662592435788,0.21745275697349276,0.0,0.16013613104913488,0.0,0.0,0.0,1.7710340065138737,0.27,0.06
1409,0.028907515683589145,0.14010992627156788,0.0,-0.0,0.11120241058797872,0.0,0.0,1.8766762965724535,0.27,0.06
1410,0.05322970129322975,0.07411573067263744,0.0,0.020886029379407686,0.0,0.0,0.0,1.8766762965724535,0.27,0.06
1411,0.16407507177650954,0.006776910061503856,0.0,0.0,0.0,0.15729816171500569,0.0,1.7110992842408685,0.27,0.06
1412,0.05671853939297325,0.0,0.0,-6.938893903907228e-18,0.0,0.05671853939297324,0.0,1.6513955585640545,0.27,0.06
1413,0.04415872223389662,0.0,0.0,0.0,0.0,0.04415872223389662,0.0,1.6049126930546898,0.27,0.06
1414,0.06230068035256287,0.0,0.0,0.0,0.0,0.06230068035256287,0.0,1.5393330295256762,0.27,0.06
1415,0.057515988101486004,0.0,0.0,0.0,0.0,0.057515988101486004,0.0,1.478789884155691,0.27,0.06
1416,0.08094104391404963,0.0,0.0,0.0,0.0,0.08094104391404963,0.0,1.3935887852987965,0.27,0.06
1417,0.021929839484102136,0.0,0.0,0.0,0.0,0.021929839484102136,0.0,1.3705047437365838,0.27,0.06
1418,0.01724482832158941,0.0,0.0,0.0,0.0,0.01724482832158941,0.0,1.3523522928717528,0.27,0.06
1419,0.03179826725194811,0.0,0.0,0.0,0.0,0.03179826725194811,0.0,1.3188804326065442,0.27,0.06
1420,0.045853300739486375,0.0,0.0,0.0,0.0,0.045853300739486375,0.0,1.27061380024919,0.27,0.06
1421,0.045255214208101746,0.0,0.0,0.0,0.0,0.045255214208101746,0.0,1.2229767326617145,0.27,0.06
1422,0.10536291061225438,0.0,0.0,0.0,0.0,0.10536291061225438,0.0,1.1120684057014467,0.27,0.06
1423,0.04096892739984538,0.0,0.0,0.0,0.0,0.04096892739984538,0.0,1.0689432189647674,0.27,0.06
1424,0.047248835979383674,0.015328725139115873,0.0,0.0,0.0,0.0319201108402678,0.0,1.0353431022908013,0.27,0.06
1425,0.04984054428205026,0.063251160574036,0.0,0.013410616291985741,0.0,0.0,0.0,1.0353431022908013,0.27,0.06
1426,0.02711325608943535,0.20787902688660642,0.0,0.18076577079717107,0.0,0.0,0.0,1.0353431022908013,0.27,0.06
1427,0.019637174447127825,0.473953424301365,0.0,0.4543162498542372,0.0,0.0,0.0,1.0353431022908013,0.27,0.06
1428,0.016846103967333,0.6810256761806498,0.0,0.0,0.6641795722133168,0.0,0.0,1.6663136958934521,0.27,0.06
1429,0.15041876264322765,0.8555580027646179,0.0,0.7051392401213903,0.0,0.0,0.0,1.6663136958934521,0.27,0.06
1430,0.28977292445584124,0.42920430389524433,0.0,0.1394313794394031,0.0,0.0,0.0,1.6663136958934521,0.27,0.06
1431,0.0566188583044091,0.2342874621262761,0.0,-0.0,0.177668603821867,0.0,0.0,1.8350988695242259,0.27,0.06
1432,0.01764355267584581,0.1355382012300772,0.0,0.1178946485542314,0.0,0.0,0.0,1.8350988695242259,0.27,0.06
1433,0.05113639843338362,0.10826920598259737,0.0,0.05713280754921375,0.0,0.0,0.0,1.8350988695242259,0.27,0.06
1434,0.05003990645917851,0.07927909071949753,0.0,0.029239184260319018,0.0,0.0,0.0,1.8350988695242259,0.27,0.06
1435,0.15011970940942665,0.002904390026358797,0.0,0.0,0.0,0.14721531938306787,0.0,1.680135375436786,0.27,0.06
1436,0.07814997343425487,0.0,0.0,0.0,0.0,0.07814997343425487,0.0,1.5978722455059915,0.27,0.06
1437,0.05322970129322975,0.0,0.0,0.0,0.0,0.05322970129322975,0.0,1.5418409809868023,0.27,0.06
1438,0.04784692251076838,0.0,0.0,6.938893903907228e-18,0.0,0.047846922510768386,0.0,1.4914757993965198,0.27,0.06
1439,0.065490475186614,0.0,0.0,0.0,0.0,0.065490475186614,0.0,1.4225384570948207,0.27,0.06
1440,0.092105325833229,0.0,0.0,0.0,0.0,0.092105325833229,0.0,1.3255854825335271,0.27,0.06
1441,0.08413083874810087,0.0,0.0,0.0,0.0,0.08413083874810087,0.0,1.2370267049039472,0.27,0.06
1442,0.029605283303537875,0.0,0.0,2.42861286636753e-17,0.0,0.0296052833035379,0.0,1.20586324879496,0.27,0.06
1443,0.028508791329332803,0.0,0.0,0.0,0.0,0.028508791329332803,0.0,1.1758539947640834,0.27,0.06
1444,0.023225693635435453,0.0,0.0,0.0,0.0,0.023225693635435453,0.0,1.1514058962004672,0.27,0.06
1445,0.015849293081691987,0.0,0.0,0.0,0.0,0.015849293081691987,0.0,1.1347224297986862,0.27,0.06
1446,0.026515169558050826,0.0,0.0,0.0,0.0,0.026515169558050826,0.0,1.1068117250007379,0.27,0.06
1447,0.0341906133774865,0.0,0.0,0.0,0.0,0.0341906133774865,0.0,1.0708216056560151,0.27,0.06
1448,0.030701775277743024,0.03721922033778309,0.0,0.006517445060040067,0.0,0.0,0.0,1.0708216056560151,0.27,0.06
1449,0.026714531735178973,0.07373923566922055,0.0,0.04702470393404158,0.0,0.0,0.0,1.0708216056560151,0.27,0.06
1450,0.05123607952194775,0.23864404716581444,0.0,0.1874079676438667,0.0,0.0,0.0,1.0708216056560151,0.27,0.06
1451,0.03558614861738388,0.17426340158152773,0.0,0.13867725296414385,0.0,0.0,0.0,1.0708216056560151,0.27,0.06
1452,0.030303050923486625,0.3938675585745456,0.0,0.36356450765105897,0.0,0.0,0.0,1.0708216056560151,0.27,0.06
1453,0.1495216328461506,0.546563174960335,0.0,0.3970415421141844,0.0,0.0,0.0,1.0708216056560151,0.27,0.06
1454,0.26555041993476375,0.6144936305768383,0.0,0.3489432106420745,0.0,0.0,0.0,1.0708216056560151,0.27,0.06
1455,0.023126012546871338,0.4821287443755603,0.0,-0.0,0.45900273182868795,0.0,0.0,1.5068742008932687,0.27,0.06
1456,0.054625236533127175,0.14796253634283424,0.0,0.09333729980970706,0.0,0.0,0.0,1.5068742008932687,0.27,0.06
1457,0.05631981503871687,0.12187681110609311,0.0,0.06555699606737624,0.0,0.0,0.0,1.5068742008932687,0.27,0.06
1458,0.05033894972487078,0.07137269564774301,0.0,0.02103374592287223,0.0,0.0,0.0,1.5068742008932687,0.27,0.06
1459,0.14274331882379201,0.008766955079564516,0.0,0.0,0.0,0.1339763637442275,0.0,1.3658464495835556,0.27,0.06
1460,0.04525521420810162,0.0,0.0,0.0,0.0,0.04525521420810162,0.0,1.31820938199608,0.27,0.06
1461,0.04086924631128125,0.0,0.0,0.0,0.0,0.04086924631128125,0.0,1.2751891227210472,0.27,0.06
1462,0.025817401938102065,0.0,0.0,6.938893903907228e-18,0.0,0.025817401938102072,0.0,1.2480129101546242,0.27,0.06
1463,0.03000400765779425,0.0,0.0,0.0,0.0,0.03000400765779425,0.0,1.2164297441990513,0.27,0.06
1464,0.02751198044369175,0.0,0.0,0.0,0.0,0.02751198044369175,0.0,1.1874697647846388,0.27,0.06
1465,0.029106877860717424,0.0,0.0,0.0,0.0,0.029106877860717424,0.0,1.1568309459838837,0.27,0.06
1466,0.022129201661230315,0.0,0.0,0.0,0.0,0.022129201661230315,0.0,1.133537049498378,0.27,0.06
1467,0.02492027214102515,0.0,0.0,6.938893903907228e-18,0.0,0.024920272141025157,0.0,1.1073051840867727,0.27,0.06
1468,0.025717720849537936,0.0,0.0,0.0,0.0,0.025717720849537936,0.0,1.080233898981996,0.27,0.06
1469,0.0292065589492815,0.0,0.0,0.0,0.0,0.0292065589492815,0.0,1.0494901527195943,0.27,0.06
1470,0.02262760710405084,0.0,0.0,0.0,0.0,0.02262760710405084,0.0,1.0256716189258566,0.27,0.06
1471,0.0167464228787689,0.0,0.0,0.0,0.0,0.0167464228787689,0.0,1.0080438053692578,0.27,0.06
1472,0.035287105351691626,0.027645490250896684,0.0,0.0,0.0,0.007641615100794943,0.0,1.0,0.27,0.06
1473,0.04744819815651188,0.12596447114319081,0.0,0.07851627298667893,0.0,0.0,0.0,1.0,0.27,0.06
1474,0.032795078137589126,0.24671179723903325,0.0,0.2139167191014441,0.0,0.0,0.0,1.0,0.27,0.06
1475,0.028807834595025,0.4386166789806663,0.0,0.4098088443856413,0.0,0.0,0.0,1.0,0.27,0.06
1476,0.0390749867171275,0.6463881358662966,0.0,0.022906933804457852,0.5844062153447113,0.0,0.0,1.5551859045774756,0.27,0.06
1477,0.1541069728882084,0.3468056831474357,0.0,0.1926987102592273,0.0,0.0,0.0,1.5551859045774756,0.27,0.06
1478,0.21570988562082263,0.3628336132928969,0.0,-8.326672684688674e-17,0.14712372767207432,0.0,0.0,1.6949534458659463,0.27,0.06
1479,0.06758377804646025,0.1895383417201556,0.0,0.12195456367369535,0.0,0.0,0.0,1.6949534458659463,0.27,0.06
1480,0.057515988101486004,0.14876931135015609,0.0,0.09125332324867008,0.0,0.0,0.0,1.6949534458659463,0.27,0.06
1481,0.05033894972487084,0.13989478626961538,0.0,0.08955583654474454,0.0,0.0,0.0,1.6949534458659463,0.27,0.06
1482,0.02192983948410214,0.04921327544663517,0.0,0.027283435962533027,0.0,0.0,0.0,1.6949534458659463,0.27,0.06
1483,0.05731662592435788,0.0005378500048812589,0.0,0.0,0.0,0.056778775919476616,0.0,1.635186313319129,0.27,0.06
1484,0.11722496015138237,0.0,0.0,0.0,0.0,0.11722496015138237,0.0,1.511791618422937,0.27,0.06
1485,0.03668264059158903,0.0,0.0,0.0,0.0,0.03668264059158903,0.0,1.473178312537054,0.27,0.06
1486,0.020434623155640624,0.0,0.0,0.0,0.0,0.020434623155640624,0.0,1.4516681828995375,0.27,0.06
1487,0.02611644520379436,0.0,0.0,0.0,0.0,0.02611644520379436,0.0,1.424177187948175,0.27,0.06
1488,0.11064600830615162,0.0,0.0,0.0,0.0,0.11064600830615162,0.0,1.307707705520647,0.27,0.06
1489,0.03927434889425563,0.0,0.0,0.0,0.0,0.03927434889425563,0.0,1.2663662856319569,0.27,0.06
1490,0.025019953229589213,0.0,0.0,6.938893903907228e-18,0.0,0.02501995322958922,0.0,1.240029492758705,0.27,0.06
1491,0.029605283303537875,0.0,0.0,0.0,0.0,0.029605283303537875,0.0,1.2088660366497177,0.27,0.06
1492,0.021830158395538035,0.0,0.0,0.0,0.0,0.021830158395538035,0.0,1.1858869225491513,0.27,0.06
1493,0.07745220581430617,0.0,0.0,0.0,0.0,0.07745220581430617,0.0,1.1043582848498816,0.27,0.06
1494,0.023823780166820012,0.0,0.0,0.0,0.0,0.023823780166820012,0.0,1.0792806215163868,0.27,0.06
1495,0.023823780166820074,0.0,0.0,0.0,0.0,0.023823780166820074,0.0,1.054202958182892,0.27,0.06
1496,0.0415670139312299,0.02086858018939284,0.0,0.0,0.0,0.02069843374183706,0.0,1.0324151331914846,0.27,0.06
1497,0.09290277454174173,0.08766955079564513,0.0,0.0,0.0,0.005233223746096596,0.0,1.026906476616646,0.27,0.06
1498,0.06349685341533212,0.23224363210772764,0.0,0.16874677869239552,0.0,0.0,0.0,1.026906476616646,0.27,0.06
1499,0.019836536624256024,0.4692741292588979,0.0,0.4494375926346419,0.0,0.0,0.0,1.026906476616646,0.27,0.06
1500,0.02153111512984575,0.5473161649671686,0.0,0.5257850498373229,0.0,0.0,0.0,1.026906476616646,0.27,0.06
1501,0.15799452537409936,0.7919841321876533,0.0,-7.771561172376096e-16,0.6339896068135548,0.0,0.0,1.629196603089523,0.27,0.06
1502,0.20414686937927812,0.6227765206520094,0.0,-5.551115123125783e-17,0.41862965127273133,0.0,0.0,2.026894771798618,0.27,0.06
1503,0.04854469013071698,0.4516864340992809,0.0,0.4031417439685639,0.0,0.0,0.0,2.026894771798618,0.27,0.06
1504,0.05861248007569114,0.30721992278817484,0.0,0.0,0.2486074427124837,0.0,0.0,2.2630718423754774,0.27,0.06
1505,0.03568582970594812,0.13440871621982659,0.0,0.09872288651387846,0.0,0.0,0.0,2.2630718423754774,0.27,0.06
1506,0.04226478155117863,0.04722323042857452,0.0,0.004958448877395889,0.0,0.0,0.0,2.2630718423754774,0.27,0.06
1507,0.33911507326318,0.004302800039050068,0.0,0.0,0.0,0.33481227322412993,0.0,1.9106378705606037,0.27,0.06
1508,0.05612045286158863,0.0,0.0,0.0,0.0,0.05612045286158863,0.0,1.8515637096536683,0.27,0.06
1509,0.03399125120035825,0.0,0.0,0.0,0.0,0.03399125120035825,0.0,1.8157834452322386,0.27,0.06
1510,0.02143143404128165,0.0,0.0,0.0,0.0,0.02143143404128165,0.0,1.7932240409782578,0.27,0.06
1511,0.04326159243681975,0.0,0.0,0.0,0.0,0.04326159243681975,0.0,1.7476855226237111,0.27,0.06
1512,0.056419496127281005,0.0,0.0,-1.3877787807814457e-17,0.0,0.05641949612728099,0.0,1.6882965793318363,0.27,0.06
1513,0.052432252584717,0.0,0.0,0.0,0.0,0.052432252584717,0.0,1.6331047345058183,0.27,0.06
1514,0.025817401938102075,0.0,0.0,0.0,0.0,0.025817401938102075,0.0,1.605928521939395,0.27,0.06
1515,0.020733666421332925,0.0,0.0,0.0,0.0,0.020733666421332925,0.0,1.5841036099169394,0.27,0.06
1516,0.03458933773174287,0.0,0.0,0.0,0.0,0.03458933773174287,0.0,1.547693780725631,0.27,0.06
1517,0.040869246311281124,0.0,0.0,0.0,0.0,0.040869246311281124,0.0,1.5046735214505982,0.27,0.06
1518,0.019338131181435524,0.0,0.0,0.0,0.0,0.019338131181435524,0.0,1.4843175938911926,0.27,0.06
1519,0.09878395876702363,0.0,0.0,0.0,0.0,0.09878395876702363,0.0,1.3803344793995886,0.27,0.06
1520,0.05392746891317837,0.031249085283601118,0.0,0.0,0.0,0.022678383629577255,0.0,1.3564624966316126,0.27,0.06
1521,0.03558614861738388,0.06685475560674045,0.0,0.03126860698935657,0.0,0.0,0.0,1.3564624966316126,0.27,0.06
1522,0.029904326569230248,0.2201420069978992,0.0,-0.0,0.19023768042866895,0.0,0.0,1.537188293038848,0.27,0.06
1523,0.030602094189178836,0.23918189717069568,0.0,-0.0,0.20857980298151685,0.0,0.0,1.735339105871289,0.27,0.06
1524,0.018540682472922725,0.18561203668452234,0.0,-8.326672684688674e-17,0.1670713542115997,0.0,0.0,1.8940568923723087,0.27,0.06
1525,0.1434410864437406,0.2403651671814344,0.0,0.09692408073769382,0.0,0.0,0.0,1.8940568923723087,0.27,0.06
1526,0.2769140640310725,0.2204647170008278,0.0,0.0,0.0,0.056449347030244706,0.0,1.8346365270773142,0.27,0.06
1527,0.06050642075840906,0.11138873601090866,0.0,0.0508823152524996,0.0,0.0,0.0,1.8346365270773142,0.27,0.06
1528,0.04236446263974281,0.07944044572096191,0.0,-8.326672684688674e-17,0.037075983081219184,0.0,0.0,1.8698587110044724,0.27,0.06
1529,0.031100499631999377,0.07137269564774304,0.0,0.040272196015743666,0.0,0.0,0.0,1.8698587110044724,0.27,0.06
1530,0.060207377492716756,0.04292043038952442,0.0,0.0,0.0,0.017286947103192334,0.0,1.8516619245800594,0.27,0.06
1531,0.06170259382117831,0.0018286900165962795,0.0,0.0,0.0,0.05987390380458203,0.0,1.7886367626804993,0.27,0.06
1532,0.04146733284266588,0.0,0.0,0.0,0.0,0.04146733284266588,0.0,1.7449869386355878,0.27,0.06
1533,0.03179826725194812,0.0,0.0,0.0,0.0,0.03179826725194812,0.0,1.7115150783703792,0.27,0.06
1534,0.02482059105246106,0.0,0.0,0.0,0.0,0.02482059105246106,0.0,1.6853881404204203,0.27,0.06
1535,0.026714531735179,0.0,0.0,0.0,0.0,0.026714531735179,0.0,1.6572675806991792,0.27,0.06
1536,0.19039087915743225,0.0,0.0,0.0,0.0,0.19039087915743225,0.0,1.4568561289545137,0.27,0.06
1537,0.15161493570599702,0.0,0.0,0.0,0.0,0.15161493570599702,0.0,1.2972614597903065,0.27,0.06
1538,0.04196573828548637,0.0,0.0,1.3877787807814457e-17,0.0,0.04196573828548639,0.0,1.2530869984371629,0.27,0.06
1539,0.026714531735179,0.0,0.0,0.0,0.0,0.026714531735179,0.0,1.2249664387159218,0.27,0.06
1540,0.028907515683589124,0.0,0.0,0.0,0.0,0.028907515683589124,0.0,1.1945374748384596,0.27,0.06
1541,0.02771134262082,0.0,0.0,0.0,0.0,0.02771134262082,0.0,1.1653676405007543,0.27,0.06
1542,0.022428244926922608,0.0,0.0,2.7755575615628914e-17,0.0,0.022428244926922636,0.0,1.1417589616303094,0.27,0.06
1543,0.021730477306973937,0.0,0.0,0.0,0.0,0.021730477306973937,0.0,1.1188847749913895,0.27,0.06
1544,0.030402732012050626,0.004087660037097567,0.0,0.0,0.0,0.026315071974953058,0.0,1.091184699228281,0.27,0.06
1545,0.10037885618404924,0.03996225536267751,0.0,0.0,0.0,0.06041660082137173,0.0,1.0275882773110476,0.27,0.06
1546,0.026913893912307252,0.1212851761007238,0.0,0.09437128218841655,0.0,0.0,0.0,1.0275882773110476,0.27,0.06
1547,0.02771134262082,0.24418390221609143,0.0,0.21647255959527142,0.0,0.0,0.0,1.0275882773110476,0.27,0.06
1548,0.0320973105176405,0.6568762109614812,0.0,0.6247789004438407,0.0,0.0,0.0,1.0275882773110476,0.27,0.06
1549,0.15031908155466436,0.6240135756632361,0.0,-1.1657341758564144e-15,0.47369449410857295,0.0,0.0,1.477598046714192,0.27,0.06
1550,0.27511982437313626,0.3524531081986888,0.0,0.07733328382555255,0.0,0.0,0.0,1.477598046714192,0.27,0.06
1551,0.05651917721584504,0.3677818333378046,0.0,0.3112626561219596,0.0,0.0,0.0,1.477598046714192,0.27,0.06
1552,0.028807834595025002,0.2937198876656553,0.0,-1.1102230246251565e-16,0.2649120530706304,0.0,0.0,1.729264497131291,0.27,0.06
1553,0.050837355167691375,0.21142883691882278,0.0,0.16059148175113142,0.0,0.0,0.0,1.729264497131291,0.27,0.06
1554,0.05233257149615287,0.08793847579808582,0.0,0.03560590430193295,0.0,0.0,0.0,1.729264497131291,0.27,0.06
1555,0.098086191147075,0.006615555060039481,0.0,0.0,0.0,0.09147063608703551,0.0,1.6329796170396746,0.27,0.06
1556,0.027611661532255923,0.0,0.0,0.0,0.0,0.027611661532255923,0.0,1.6039147101636158,0.27,0.06
1557,0.04027115977989663,0.0,0.0,0.0,0.0,0.04027115977989663,0.0,1.5615240156584616,0.27,0.06
1558,0.035287105351691626,0.0,0.0,0.0,0.0,0.035287105351691626,0.0,1.5243796942356282,0.27,0.06
1559,0.027511980443691752,0.0,0.0,0.0,0.0,0.027511980443691752,0.0,1.4954197148212158,0.27,0.06
1560,0.03309412140328144,0.0,0.0,0.0,0.0,0.03309412140328144,0.0,1.4605837975546039,0.27,0.06
1561,0.030502413100614873,0.0,0.0,0.0,0.0,0.030502413100614873,0.0,1.4284759942907987,0.27,0.06
1562,0.026116445203794372,0.0,0.0,0.0,0.0,0.026116445203794372,0.0,1.4009849993394363,0.27,0.06
1563,0.0272129371779995,0.0,0.0,0.0,0.0,0.0272129371779995,0.0,1.372339802309963,0.27,0.06
1564,0.017543871587281712,0.0,0.0,0.0,0.0,0.017543871587281712,0.0,1.3538725690601927,0.27,0.06
1565,0.0302033698349225,0.0,0.0,0.0,0.0,0.0302033698349225,0.0,1.322079548181327,0.27,0.06
1566,0.07575762730871637,0.0,0.0,0.0,0.0,0.07575762730871637,0.0,1.2423346773300465,0.27,0.06
1567,0.1551037738057405,0.0,0.0,0.0,0.0,0.1551037738057405,0.0,1.0790675470082145,0.27,0.06
1568,0.04874405230784512,0.02904390026358796,0.0,0.0,0.0,0.01970015204425716,0.0,1.058330544856365,0.27,0.06
1569,0.03598487297164037,0.11423934103677932,0.0,0.07825446806513894,0.0,0.0,0.0,1.058330544856365,0.27,0.06
1570,0.03598487297164025,0.2624170173815659,0.0,-0.0,0.22643214440992568,0.0,0.0,1.2734410820457942,0.27,0.06
1571,0.028807834595025127,0.2732278024796793,0.0,-0.0,0.2444199678846542,0.0,0.0,1.5056400515362156,0.27,0.06
1572,0.02372409907825595,0.23746077715507558,0.0,-0.0,0.21373667807681962,0.0,0.0,1.7086898957091943,0.27,0.06
1573,0.1539076007429716,0.2255742920471998,0.0,0.0716666913042282,0.0,0.0,0.0,1.7086898957091943,0.27,0.06
1574,0.21441402150138078,0.13704418124374476,0.0,0.0,0.0,0.07736984025763602,0.0,1.6272479585958932,0.27,0.06
1575,0.05821375572143472,0.19674553178556442,0.0,0.1385317760641297,0.0,0.0,0.0,1.6272479585958932,0.27,0.06
1576,0.05193384714189643,0.19147460173772807,0.0,-8.326672684688674e-17,0.13954075459583173,0.0,0.0,1.7598116754619333,0.27,0.06
1577,0.028708153506461,0.1519964113794437,0.0,0.1232882578729827,0.0,0.0,0.0,1.7598116754619333,0.27,0.06
1578,0.07814997343425488,0.07997829572584315,0.0,0.0018283222915882746,0.0,0.0,0.0,1.7598116754619333,0.27,0.06
1579,0.07994423302840863,0.009735085088350784,0.0,-2.7755575615628914e-17,0.0,0.07020914794005781,0.0,1.685907309209241,0.27,0.06
1580,0.05671853939297325,0.0,0.0,0.0,0.0,0.05671853939297325,0.0,1.6262035835324269,0.27,0.06
1581,0.14643151910066388,0.0,0.0,0.0,0.0,0.14643151910066388,0.0,1.4720651423738333,0.27,0.06
1582,0.054425874355998875,0.0,0.0,0.0,0.0,0.054425874355998875,0.0,1.4147747483148871,0.27,0.06
1583,0.02073366642133294,0.0,0.0,0.0,0.0,0.02073366642133294,0.0,1.3929498362924315,0.27,0.06
1584,0.036283916237332625,0.0,0.0,0.0,0.0,0.036283916237332625,0.0,1.3547562402531341,0.27,0.06
1585,0.031698586163384,0.0,0.0,0.0,0.0,0.031698586163384,0.0,1.321389307449572,0.27,0.06
1586,0.022228882749794388,0.0,0.0,0.0,0.0,0.022228882749794388,0.0,1.2979904835024199,0.27,0.06
1587,0.022727288192614888,0.0,0.0,0.0,0.0,0.022727288192614888,0.0,1.2740670222470358,0.27,0.06
1588,0.03229667269476862,0.0,0.0,-6.938893903907228e-18,0.0,0.032296672694768616,0.0,1.2400705246735952,0.27,0.06
1589,0.04565393856235813,0.0,0.0,0.0,0.0,0.04565393856235813,0.0,1.1920137472395342,0.27,0.06
1590,0.04435808441102475,0.0,0.0,0.0,0.0,0.04435808441102475,0.0,1.1453210268068765,0.27,0.06
1591,0.048544690130717,0.0,0.0,0.0,0.0,0.048544690130717,0.0,1.094221352985069,0.27,0.06
1592,0.04385967896820425,0.025816800234300417,0.0,3.469446951953614e-18,0.0,0.01804287873390384,0.0,1.075228849054644,0.27,0.06
1593,0.026714531735178973,0.0501276204549333,0.0,0.023413088719754324,0.0,0.0,0.0,1.075228849054644,0.27,0.06
1594,0.027113256089435427,0.19077539673138244,0.0,0.163662140641947,0.0,0.0,0.0,1.075228849054644,0.27,0.06
1595,0.028508791329332754,0.6734419911118238,0.0,0.6449331997824911,0.0,0.0,0.0,1.075228849054644,0.27,0.06
1596,0.022228882749794475,0.9158509883118071,0.0,0.8936221055620126,0.0,0.0,0.0,1.075228849054644,0.27,0.06
1597,0.14862450304907454,0.9509725936305532,0.0,0.8023480905814786,0.0,0.0,0.0,1.075228849054644,0.27,0.06
1598,0.21122421669922076,0.8736297629286284,0.0,-0.0,0.6624055462294076,0.0,0.0,1.7045141179725813,0.27,0.06
1599,0.0697767619948705,0.5396786948978549,0.0,0.46990193290298443,0.0,0.0,0.0,1.7045141179725813,0.27,0.06
1600,0.05861248007569113,0.3560567032313931,0.0,0.29744422315570196,0.0,0.0,0.0,1.7045141179725813,0.27,0.06
1601,0.04724883597938372,0.19835908180020823,0.0,0.1511102458208245,0.0,0.0,0.0,1.7045141179725813,0.27,0.06
1602,0.10147534815825437,0.08745441079369268,0.0,0.0,0.0,0.014020937364561697,0.0,1.6897552365362005,0.27,0.06
1603,0.03957339215994787,0.007099620064432615,0.0,0.0,0.0,0.03247377209551526,0.0,1.6555723185409215,0.27,0.06
1604,0.08682222813933163,0.0,0.0,0.0,0.0,0.08682222813933163,0.0,1.5641804994468882,0.27,0.06
1605,0.05382778782461437,0.0,0.0,0.0,0.0,0.05382778782461437,0.0,1.5075196701578204,0.27,0.06
1606,0.056220133950152754,0.0,0.0,6.938893903907228e-18,0.0,0.05622013395015276,0.0,1.4483405817892385,0.27,0.06
1607,0.07645539492866525,0.0,0.0,0.0,0.0,0.07645539492866525,0.0,1.367861218706433,0.27,0.06
1608,0.05023926863630663,0.0,0.0,0.0,0.0,0.05023926863630663,0.0,1.3149777780366365,0.27,0.06
1609,0.05831343680999887,0.0,0.0,0.0,0.0,0.05831343680999887,0.0,1.2535952129734798,0.27,0.06
1610,0.035685829705948,0.0,0.0,0.0,0.0,0.035685829705948,0.0,1.2160311817040608,0.27,0.06
1611,0.0240231423439483,0.0,0.0,0.0,0.0,0.0240231423439483,0.0,1.190743663447273,0.27,0.06
1612,0.026614850646614875,0.0,0.0,0.0,0.0,0.026614850646614875,0.0,1.1627280311876784,0.27,0.06
1613,0.034589337731743,0.0,0.0,0.0,0.0,0.034589337731743,0.0,1.12631820199637,0.27,0.06
1614,0.02093302859846114,0.0,0.0,0.0,0.0,0.02093302859846114,0.0,1.1042834350506214,0.27,0.06
1615,0.01883972573861501,0.0,0.0,0.0,0.0,0.01883972573861501,0.0,1.0844521447994475,0.27,0.06
1616,0.1055622727893825,0.025332735229907283,0.0,0.0,0.0,0.08022953755947522,0.0,1.0,0.27,0.06
1617,0.043759997879640126,0.14543464131989237,0.0,0.10167464344025223,0.0,0.0,0.0,1.0,0.27,0.06
1618,0.049541501016358,0.3196442579009319,0.0,0.2701027568845739,0.0,0.0,0.0,1.0,0.27,0.06
1619,0.031100499631999377,0.6532188309282887,0.0,0.6221183312962894,0.0,0.0,0.0,1.0,0.27,0.06
1620,0.0245215477867687,0.8885282080638391,0.0,0.8640066602770704,0.0,0.0,0.0,1.0,0.27,0.06
1621,0.1455343893035872,0.9298888734392079,0.0,0.7843544841356207,0.0,0.0,0.0,1.0,0.27,0.06
1622,0.2022529286965604,0.8674444878724938,0.0,0.0021214364117584372,0.663070122764175,0.0,0.0,1.6299166166259662,0.27,0.06
1623,0.06429430212384496,0.43818639897676126,0.0,0.3738920968529163,0.0,0.0,0.0,1.6299166166259662,0.27,0.06
1624,0.046650749447999074,0.1229525111158557,0.0,0.07630176166785663,0.0,0.0,0.0,1.6299166166259662,0.27,0.06
1625,0.01804227703010221,0.11800429107094809,0.0,0.09996201404084588,0.0,0.0,0.0,1.6299166166259662,0.27,0.06
1626,0.05711726374722975,0.0874544107936927,0.0,0.030337147046462953,0.0,0.0,0.0,1.6299166166259662,0.27,0.06
1627,0.07994423302840875,0.011025925100065797,0.0,0.0,0.0,0.06891830792834296,0.0,1.5573710293329737,0.27,0.06
1628,0.041866057196922254,0.0,0.0,0.0,0.0,0.041866057196922254,0.0,1.5133014954414765,0.27,0.06
1629,0.050637992990563124,0.0,0.0,0.0,0.0,0.050637992990563124,0.0,1.4599983449250944,0.27,0.06
1630,0.0275119804436918,0.0,0.0,0.0,0.0,0.0275119804436918,0.0,1.4310383655106818,0.27,0.06
1631,0.013955352398974089,0.0,0.0,5.204170427930421e-18,0.0,0.013955352398974094,0.0,1.4163485208801827,0.27,0.06
1632,0.08801840120210078,0.0,0.0,0.0,0.0,0.08801840120210078,0.0,1.3236975722463924,0.27,0.06
1633,0.09439799087020338,0.0,0.0,0.0,0.0,0.09439799087020338,0.0,1.224331266067231,0.27,0.06
1634,0.027711342620819923,0.0,0.0,0.0,0.0,0.027711342620819923,0.0,1.1951614317295258,0.27,0.06
1635,0.019936217712820135,0.0,0.0,0.0,0.0,0.019936217712820135,0.0,1.1741759394002416,0.27,0.06
1636,0.021431434041281575,0.0,0.0,0.0,0.0,0.021431434041281575,0.0,1.151616535146261,0.27,0.06
1637,0.027611661532255874,0.0,0.0,0.0,0.0,0.027611661532255874,0.0,1.1225516282702022,0.27,0.06
1638,0.02641548846948665,0.0,0.0,-3.469446951953614e-18,0.0,0.026415488469486645,0.0,1.0947458509339005,0.27,0.06
1639,0.01883972573861501,0.0,0.0,0.0,0.0,0.01883972573861501,0.0,1.0749145606827266,0.27,0.06
1640,0.02332537472399959,0.01613550014643776,0.0,0.0,0.0,0.007189874577561831,0.0,1.0673462716537143,0.27,0.06
1641,0.09848491550133137,0.09261777084055274,0.0,0.0,0.0,0.005867144660778631,0.0,1.0611703299055262,0.27,0.06
1642,0.06279908579538337,0.2733353724806557,0.0,0.21053628668527233,0.0,0.0,0.0,1.0611703299055262,0.27,0.06
1643,0.12599689594502325,0.6859201112250694,0.0,0.5599232152800461,0.0,0.0,0.0,1.0611703299055262,0.27,0.06
1644,0.029904326569230148,0.7109301364520476,0.0,0.6810258098828175,0.0,0.0,0.0,1.0611703299055262,0.27,0.06
1645,0.14992035720040764,0.580017445263949,0.0,0.4300970880635414,0.0,0.0,0.0,1.0611703299055262,0.27,0.06
1646,0.2104267779588165,0.7669203219601866,0.0,-0.0,0.5564935440013701,0.0,0.0,1.5898391967068277,0.27,0.06
1647,0.061204188378357754,0.44168242400848956,0.0,-0.0,0.3804782356301311,0.0,0.0,1.9512935205554522,0.27,0.06
1648,0.04944181992779398,0.2688712174401412,0.0,0.21942939751234722,0.0,0.0,0.0,1.9512935205554522,0.27,0.06
1649,0.0166467417902048,0.2526819322932154,0.0,0.23603519050301058,0.0,0.0,0.0,1.9512935205554522,0.27,0.06
1650,0.053429063470357877,0.1540402413979925,0.0,0.10061117792763462,0.0,0.0,0.0,1.9512935205554522,0.27,0.06
1651,0.05133576061051188,0.01914746017377281,0.0,0.0,0.0,0.032188300436739065,0.0,1.9174110990430953,0.27,0.06
1652,0.13546659935861274,0.0,0.0,0.0,0.0,0.13546659935861274,0.0,1.7748146786656083,0.27,0.06
1653,0.09180628256753662,0.0,0.0,0.0,0.0,0.09180628256753662,0.0,1.6781764864892539,0.27,0.06
1654,0.027212937177999448,0.0,0.0,0.0,0.0,0.027212937177999448,0.0,1.6495312894597807,0.27,0.06
1655,0.12400327417374113,0.0,0.0,0.0,0.0,0.12400327417374113,0.0,1.5190015271716322,0.27,0.06
1656,0.039972116514204376,0.0,0.0,2.7755575615628914e-17,0.0,0.0399721165142044,0.0,1.4769256150514172,0.27,0.06
1657,0.022826969281179024,0.0,0.0,0.0,0.0,0.022826969281179024,0.0,1.4528972263343867,0.27,0.06
1658,0.026913893912307127,0.0,0.0,0.0,0.0,0.026913893912307127,0.0,1.4245668116898529,0.27,0.06
1659,0.028708153506460873,0.0,0.0,0.0,0.0,0.028708153506460873,0.0,1.3943477027356836,0.27,0.06
1660,0.037380408211537625,0.0,0.0,0.0,0.0,0.037380408211537625,0.0,1.3549999046182757,0.27,0.06
1661,0.06987644308343458,0.0,0.0,0.0,0.0,0.06987644308343458,0.0,1.281445754004134,0.27,0.06
1662,0.1145335707601515,0.0,0.0,0.0,0.0,0.1145335707601515,0.0,1.1608841005723955,0.27,0.06
1663,0.04246414372830688,5.378500048812589e-05,0.0,0.0,0.0,0.04241035872781876,0.0,1.1162416177010073,0.27,0.06
1664,0.03777913256579413,0.03845627534900998,0.0,0.0006771427832158519,0.0,0.0,0.0,1.1162416177010073,0.27,0.06
1665,0.090211385150511,0.06830695061991984,0.0,0.0,0.0,0.021904434530591155,0.0,1.0931843181951217,0.27,0.06
1666,0.06359653450389623,0.27129154246210685,0.0,0.2076950079582106,0.0,0.0,0.0,1.0931843181951217,0.27,0.06
1667,0.013456946956153588,0.707272756418855,0.0,0.6938158094627014,0.0,0.0,0.0,1.0931843181951217,0.27,0.06
1668,0.08472892527948553,0.9452713835788122,0.0,0.8605424582993267,0.0,0.0,0.0,1.0931843181951217,0.27,0.06
1669,0.15560217924856123,0.996474704043508,0.0,0.0,0.8408725247949468,0.0,0.0,1.8920132167503212,0.27,0.06
1670,0.18231671098374,0.9077294532381001,0.0,0.72541274225436,0.0,0.0,0.0,1.8920132167503212,0.27,0.06
1671,0.04645138727087087,0.43888560398310716,0.0,0.3924342167122363,0.0,0.0,0.0,1.8920132167503212,0.27,0.06
1672,0.048943414484973344,0.12687881615148894,0.0,0.0779354016665156,0.0,0.0,0.0,1.8920132167503212,0.27,0.06
1673,0.01724482832158941,0.10536481595623853,0.0,0.08811998763464912,0.0,0.0,0.0,1.8920132167503212,0.27,0.06
1674,0.040570203045589004,0.09267155584104086,0.0,0.05210135279545186,0.0,0.0,0.0,1.8920132167503212,0.27,0.06
1675,0.044258403322460664,0.01107971010055393,0.0,0.0,0.0,0.03317869322190674,0.0,1.8570882765167351,0.27,0.06
1676,0.10725685129497224,0.0,0.0,0.0,0.0,0.10725685129497224,0.0,1.7441863277851855,0.27,0.06
1677,0.051933847141896375,0.0,0.0,0.0,0.0,0.051933847141896375,0.0,1.6895191202673998,0.27,0.06
1678,0.01724482832158941,0.0,0.0,0.0,0.0,0.01724482832158941,0.0,1.6713666694025688,0.27,0.06
1679,0.011862049539127974,0.0,0.0,3.469446951953614e-18,0.0,0.011862049539127978,0.0,1.6588803014666447,0.27,0.06
1680,0.045255214208101746,0.0,0.0,0.0,0.0,0.045255214208101746,0.0,1.6112432338791691,0.27,0.06
1681,0.036184235148768625,0.0,0.0,6.938893903907228e-18,0.0,0.03618423514876863,0.0,1.5731545653015182,0.27,0.06
1682,0.027212937177999497,0.0,0.0,0.0,0.0,0.027212937177999497,0.0,1.544509368272045,0.27,0.06
1683,0.027013575000871263,0.0,0.0,0.0,0.0,0.027013575000871263,0.0,1.5160740261658647,0.27,0.06
1684,0.019437812269999626,0.0,0.0,0.0,0.0,0.019437812269999626,0.0,1.4956131711448124,0.27,0.06
1685,0.03169858616338388,0.0,0.0,0.0,0.0,0.03169858616338388,0.0,1.4622462383412504,0.27,0.06
1686,0.049043095573537504,0.0,0.0,0.0,0.0,0.049043095573537504,0.0,1.410621927211211,0.27,0.06
1687,0.050637992990563124,0.0021514000195250343,0.0,0.0,0.0,0.04848659297103809,0.0,1.3595834082943288,0.27,0.06
1688,0.03209731051764038,0.046524025422228873,0.0,0.014426714904588495,0.0,0.0,0.0,1.3595834082943288,0.27,0.06
1689,0.025717720849537926,0.15360996139408745,0.0,0.1278922405445495,0.0,0.0,0.0,1.3595834082943288,0.27,0.06
1690,0.029704964392102004,0.22842489707307043,0.0,0.19871993268096844,0.0,0.0,0.0,1.3595834082943288,0.27,0.06
1691,0.0288078345950251,0.3296482679917235,0.0,0.30084043339669836,0.0,0.0,0.0,1.3595834082943288,0.27,0.06
1692,0.019238450092871427,0.7378764216965986,0.0,0.7186379716037272,0.0,0.0,0.0,1.3595834082943288,0.27,0.06
1693,0.14752801107486851,0.4374871939704159,0.0,-0.0,0.28995918289554695,0.0,0.0,1.6350446320450984,0.27,0.06
1694,0.19437812269999574,0.5209077297274988,0.0,0.326529607027503,0.0,0.0,0.0,1.6350446320450984,0.27,0.06
1695,0.06509175083235776,0.32878770798391344,0.0,0.2636959571515557,0.0,0.0,0.0,1.6350446320450984,0.27,0.06
1696,0.049541501016358014,0.3408355480932535,0.0,0.2912940470768955,0.0,0.0,0.0,1.6350446320450984,0.27,0.06
1697,0.045055852030973446,0.22207826701547165,0.0,0.1770224149844982,0.0,0.0,0.0,1.6350446320450984,0.27,0.06
1698,0.02711325608943535,0.08067750073218877,0.0,-0.0,0.05356424464275342,0.0,0.0,1.6859306644557142,0.27,0.06
1699,0.05701758265866554,0.004679295042466951,0.0,0.0,0.0,0.05233828761619859,0.0,1.6308377301228736,0.27,0.06
1700,0.019936217712820125,0.0,0.0,0.0,0.0,0.019936217712820125,0.0,1.6098522377935893,0.27,0.06
1701,0.02312601254687131,0.0,0.0,0.0,0.0,0.02312601254687131,0.0,1.5855090666916196,0.27,0.06
1702,0.030402732012050748,0.0,0.0,0.0,0.0,0.030402732012050748,0.0,1.553506190889461,0.27,0.06
1703,0.027312618266563574,0.0,0.0,3.469446951953614e-18,0.0,0.027312618266563577,0.0,1.5247560663983413,0.27,0.06
1704,0.03458933773174287,0.0,0.0,0.0,0.0,0.03458933773174287,0.0,1.488346237207033,0.27,0.06
1705,0.061503231644050124,0.0,0.0,0.0,0.0,0.061503231644050124,0.0,1.4236059933711909,0.27,0.06
1706,0.030303050923486577,0.0,0.0,0.0,0.0,0.030303050923486577,0.0,1.3917080450306787,0.27,0.06
1707,0.018939406827179112,0.0,0.0,0.0,0.0,0.018939406827179112,0.0,1.3717718273178585,0.27,0.06
1708,0.01834132029579451,0.0,0.0,1.0408340855860843e-17,0.0,0.018341320295794522,0.0,1.352465174374917,0.27,0.06
1709,0.0292065589492815,0.0,0.0,0.0,0.0,0.0292065589492815,0.0,1.3217214281125154,0.27,0.06
1710,0.024621228875332864,0.0,0.0,0.0,0.0,0.024621228875332864,0.0,1.2958043450858492,0.27,0.06
1711,0.034090932288922376,0.001237055011226895,0.0,0.0,0.0,0.03285387727769548,0.0,1.2612213163724855,0.27,0.06
1712,0.05153512278764,0.031786935288482386,0.0,0.0,0.0,0.01974818749915761,0.0,1.2404337505838985,0.27,0.06
1713,0.03419061337748662,0.05916350053693843,0.0,0.024972887159451812,0.0,0.0,0.0,1.2404337505838985,0.27,0.06
1714,0.026415488469486624,0.2950645126778585,0.0,0.2686490242083719,0.0,0.0,0.0,1.2404337505838985,0.27,0.06
1715,0.031100499631999373,0.7574541618742765,0.0,0.7263536622422772,0.0,0.0,0.0,1.2404337505838985,0.27,0.06
1716,0.03050241310061475,0.9630742187403815,0.0,0.9325718056397667,0.0,0.0,0.0,1.2404337505838985,0.27,0.06
1717,0.1515152546174334,0.89826329315219,0.0,0.7467480385347566,0.0,0.0,0.0,1.2404337505838985,0.27,0.06
1718,0.19088927463214328,0.825169477488827,0.0,0.0,0.6342802028566836,0.0,0.0,1.842999943297748,0.27,0.06
1719,0.06987644308343449,0.4109174037292816,0.0,0.3410409606458471,0.0,0.0,0.0,1.842999943297748,0.27,0.06
1720,0.05303033911610153,0.17883512662301854,0.0,0.125804787506917,0.0,0.0,0.0,1.842999943297748,0.27,0.06
1721,0.021830158395538035,0.13881908625985284,0.0,0.1169889278643148,0.0,0.0,0.0,1.842999943297748,0.27,0.06
1722,0.05472491762169125,0.11015168099968173,0.0,0.055426763377990476,0.0,0.0,0.0,1.842999943297748,0.27,0.06
1723,0.051834166053332256,0.013177325119590836,0.0,0.0,0.0,0.03865684093374142,0.0,1.8023085317885466,0.27,0.06
1724,0.069378037640614,0.0,0.0,0.0,0.0,0.069378037640614,0.0,1.729279018482637,0.27,0.06
1725,0.05153512278764,0.0,0.0,0.0,0.0,0.05153512278764,0.0,1.675031520811437,0.27,0.06
1726,0.03448965664317888,0.0,0.0,0.0,0.0,0.03448965664317888,0.0,1.638726619081775,0.27,0.06
1727,0.017145147233025314,0.0,0.0,-6.938893903907228e-18,0.0,0.017145147233025307,0.0,1.6206790956785906,0.27,0.06
1728,0.01913876900430731,0.0,0.0,0.0,0.0,0.01913876900430731,0.0,1.6005330230424777,0.27,0.06
1729,0.04744819815651187,0.0,0.0,0.0,0.0,0.04744819815651187,0.0,1.5505875512987808,0.27,0.06
1730,0.036882002768717254,0.0,0.0,0.0,0.0,0.036882002768717254,0.0,1.5117643904896048,0.27,0.06
1731,0.023425055812563652,0.0,0.0,3.469446951953614e-18,0.0,0.023425055812563655,0.0,1.4871064370026956,0.27,0.06
1732,0.02302633145830725,0.0,0.0,0.0,0.0,0.02302633145830725,0.0,1.4628681933623722,0.27,0.06
1733,0.028209748063640502,0.0,0.0,0.0,0.0,0.028209748063640502,0.0,1.4331737217164349,0.27,0.06
1734,0.020035898801384226,0.0,0.0,0.0,0.0,0.020035898801384226,0.0,1.4120833019255041,0.27,0.06
1735,0.03070177527774294,0.001559765014155651,0.0,0.0,0.0,0.02914201026358729,0.0,1.3814075016480438,0.27,0.06
1736,0.05203352823046049,0.028021985254313576,0.0,0.0,0.0,0.024011542976146917,0.0,1.3561321932520998,0.27,0.06
1737,0.034689018820307,0.04759972543199137,0.0,0.01291070661168437,0.0,0.0,0.0,1.3561321932520998,0.27,0.06
1738,0.024820591052461025,0.29673184769299027,0.0,0.27191125664052923,0.0,0.0,0.0,1.3561321932520998,0.27,0.06
1739,0.0341906133774865,0.7551951918537751,0.0,0.7210045784762886,0.0,0.0,0.0,1.3561321932520998,0.27,0.06
1740,0.026116445203794376,0.9808232689014631,0.0,0.9547068236976687,0.0,0.0,0.0,1.3561321932520998,0.27,0.06
1741,0.15520345489430445,1.006424929133811,0.0,0.8512214742395066,0.0,0.0,0.0,1.3561321932520998,0.27,0.06
1742,0.21162295102158601,0.8897652630750661,0.0,0.6781423120534801,0.0,0.0,0.0,1.3561321932520998,0.27,0.06
1743,0.066387604983691,0.43969237899042907,0.0,-1.1102230246251565e-16,0.37330477400673817,0.0,0.0,1.7107717285585011,0.27,0.06
1744,0.04445776549958888,0.17888891162350656,0.0,0.13443114612391768,0.0,0.0,0.0,1.7107717285585011,0.27,0.06
1745,0.04944181992779388,0.15554622141166013,0.0,0.10610440148386625,0.0,0.0,0.0,1.7107717285585011,0.27,0.06
1746,0.025418677583845663,0.12693260115197702,0.0,0.10151392356813135,0.0,0.0,0.0,1.7107717285585011,0.27,0.06
1747,0.18939406827179062,0.019631525178165927,0.0,0.0,0.0,0.16976254309362468,0.0,1.5320743147757383,0.27,0.06
1748,0.05572172850733226,0.0,0.0,0.0,0.0,0.05572172850733226,0.0,1.4734198637153886,0.27,0.06
1749,0.050538311901999,0.0,0.0,0.0,0.0,0.050538311901999,0.0,1.4202216406606527,0.27,0.06
1750,0.04306223025969137,0.0,0.0,0.0,0.0,0.04306223025969137,0.0,1.3748929772293987,0.27,0.06
1751,0.019238450092871427,0.0,0.0,0.0,0.0,0.019238450092871427,0.0,1.3546419771316391,0.27,0.06
1752,0.026216126292358526,0.0,0.0,0.0,0.0,0.026216126292358526,0.0,1.3270460547186302,0.27,0.06
1753,0.054525555444563126,0.0,0.0,-1.3877787807814457e-17,0.0,0.05452555544456311,0.0,1.2696507331980376,0.27,0.06
1754,0.045354895296665754,0.0,0.0,0.0,0.0,0.045354895296665754,0.0,1.2219087381489155,0.27,0.06
1755,0.02661485064661487,0.0,0.0,0.0,0.0,0.02661485064661487,0.0,1.193893105889321,0.27,0.06
1756,0.029007196772153337,0.0,0.0,0.0,0.0,0.029007196772153337,0.0,1.1633592145502123,0.27,0.06
1757,0.023126012546871348,0.0,0.0,0.0,0.0,0.023126012546871348,0.0,1.1390160434482424,0.27,0.06
1758,0.02801038588651225,0.0,0.0,0.0,0.0,0.02801038588651225,0.0,1.109531426725598,0.27,0.06
1759,0.10626004040933126,0.002205185020013161,0.0,0.0,0.0,0.10405485538931811,0.0,1.0,0.27,0.06
1760,0.03179826725194808,0.03270128029678056,0.0,0.0009030130448324791,0.0,0.0,0.0,1.0,0.27,0.06
1761,0.0469497927136914,0.054053925490566486,0.0,0.007104132776875084,0.0,0.0,0.0,1.0,0.27,0.06
1762,0.047547879245076,0.3206661729102064,0.0,0.2731182936651304,0.0,0.0,0.0,1.0,0.27,0.06
1763,0.03558614861738388,0.7895100221651995,0.0,0.7539238735478156,0.0,0.0,0.0,1.0,0.27,0.06
1764,0.01804227703010221,1.0163751542241144,0.0,0.9983328771940122,0.0,0.0,0.0,1.0,0.27,0.06
1765,0.15370823856584348,1.0211620192675575,0.0,0.0897860228846068,0.7776677578171072,0.0,0.0,1.7387843699262517,0.27,0.06
1766,0.1786285107068681,0.9136458032917939,0.0,0.7350172925849258,0.0,0.0,0.0,1.7387843699262517,0.27,0.06
1767,0.07216910812040889,0.4115628237351391,0.0,0.3393937156147302,0.0,0.0,0.0,1.7387843699262517,0.27,0.06
1768,0.04934213883922986,0.1348389962237316,0.0,0.08549685738450175,0.0,0.0,0.0,1.7387843699262517,0.27,0.06
1769,0.04884373339640925,0.12203816610755751,0.0,0.07319443271114826,0.0,0.0,0.0,1.7387843699262517,0.27,0.06
1770,0.08941393644199826,0.10848434598454991,0.0,0.019070409542551653,0.0,0.0,0.0,1.7387843699262517,0.27,0.06
1771,0.05781503136717825,0.015167370137651485,0.0,0.0,0.0,0.04264766122952676,0.0,1.6938920949478022,0.27,0.06
1772,0.06977676199487037,0.0,0.0,0.0,0.0,0.06977676199487037,0.0,1.6204428717953072,0.27,0.06
1773,0.044557446588153,0.0,0.0,0.0,0.0,0.044557446588153,0.0,1.5735402964393568,0.27,0.06
1774,0.05322970129322975,0.0,0.0,0.0,0.0,0.05322970129322975,0.0,1.5175090319201676,0.27,0.06
1775,0.0658891995408705,0.0,0.0,0.0,0.0,0.0658891995408705,0.0,1.448151979771883,0.27,0.06
1776,0.044557446588152874,0.0,0.0,0.0,0.0,0.044557446588152874,0.0,1.4012494044159325,0.27,0.06
1777,0.12181029022533088,0.0,0.0,0.0,0.0,0.12181029022533088,0.0,1.2730280462840053,0.27,0.06
1778,0.08652318487363925,0.0,0.0,0.0,0.0,0.08652318487363925,0.0,1.1819510095749113,0.27,0.06
1779,0.0327950781375891,0.0,0.0,1.3877787807814457e-17,0.0,0.03279507813758911,0.0,1.1474298746932385,0.27,0.06
1780,0.026913893912307252,0.0,0.0,0.0,0.0,0.026913893912307252,0.0,1.1190994600487048,0.27,0.06
1781,0.027511980443691776,0.0,0.0,0.0,0.0,0.027511980443691776,0.0,1.0901394806342923,0.27,0.06
1782,0.02322569363543545,0.0,0.0,0.0,0.0,0.02322569363543545,0.0,1.0656913820706762,0.27,0.06
1783,0.06299844797251163,0.0005916350053693847,0.0,0.0,0.0,0.06240681296714224,0.0,1.0,0.27,0.06
1784,0.02442186669820469,0.0501276204549333,0.0,0.025705753756728608,0.0,0.0,0.0,1.0,0.27,0.06
1785,0.049641182104922126,0.16108607646193693,0.0,0.1114448943570148,0.0,0.0,0.0,1.0,0.27,0.06
1786,0.08682222813933163,0.3351343380415123,0.0,0.2483121099021807,0.0,0.0,0.0,1.0,0.27,0.06
1787,0.03897530562856334,0.7711693369987485,0.0,0.7321940313701851,0.0,0.0,0.0,1.0,0.27,0.06
1788,0.024322185609640515,1.0048651641196553,0.0,0.9805429785100148,0.0,0.0,0.0,1.0,0.27,0.06
1789,0.026714531735178973,1.0308433193554203,0.0,1.0041287876202414,0.0,0.0,0.0,1.0,0.27,0.06
1790,0.020334942067076527,0.9234884583811209,0.0,0.321091847680552,0.5820616686334924,0.0,0.0,1.5529585852018177,0.27,0.06
1791,0.020235260978512425,0.4130688037488065,0.0,0.3928335427702941,0.0,0.0,0.0,1.5529585852018177,0.27,0.06
1792,0.021431434041281637,0.13532306122812462,0.0,0.11389162718684298,0.0,0.0,0.0,1.5529585852018177,0.27,0.06
1793,0.02721293717799945,0.13419357621787406,0.0,-9.71445146547012e-17,0.1069806390398747,0.0,0.0,1.6545901922896986,0.27,0.06
1794,0.090111704061947,0.11025925100065802,0.0,0.020147546938711014,0.0,0.0,0.0,1.6545901922896986,0.27,0.06
1795,0.04126797066553775,0.01457573513228211,0.0,0.0,0.0,0.026692235533255643,0.0,1.6264931022546927,0.27,0.06
1796,0.055921090684460495,0.0,0.0,-6.938893903907228e-18,0.0,0.05592109068446049,0.0,1.56762879627105,0.27,0.06
1797,0.038775943451435126,0.0,0.0,0.0,0.0,0.038775943451435126,0.0,1.526812013690592,0.27,0.06
1798,0.018141958118666313,0.0,0.0,0.0,0.0,0.018141958118666313,0.0,1.5077152156709432,0.27,0.06
1799,0.019437812269999626,0.0,0.0,0.0,0.0,0.019437812269999626,0.0,1.4872543606498911,0.27,0.06
1800,0.043261592436819624,0.0,0.0,0.0,0.0,0.043261592436819624,0.0,1.4417158422953442,0.27,0.06
1801,0.08153913044543425,0.0,0.0,0.0,0.0,0.08153913044543425,0.0,1.3558851786685713,0.27,0.06
1802,0.0563198150387168,0.0,0.0,0.0,0.0,0.0563198150387168,0.0,1.2966011628383431,0.27,0.06
1803,0.017842914852974012,0.0,0.0,-3.469446951953614e-18,0.0,0.01784291485297401,0.0,1.2778191472036338,0.27,0.06
1804,0.025618039760973828,0.0,0.0,0.0,0.0,0.025618039760973828,0.0,1.2508527895605033,0.27,0.06
1805,0.01993621771282011,0.0,0.0,0.0,0.0,0.01993621771282011,0.0,1.229867297231219,0.27,0.06
1806,0.021830158395538073,0.0,0.0,0.0,0.0,0.021830158395538073,0.0,1.2068881831306526,0.27,0.06
1807,0.02402314234394825,0.0,0.0,0.0,0.0,0.02402314234394825,0.0,1.1816006648738648,0.27,0.06
1808,0.11393548422876712,0.030280955274814864,0.0,0.0,0.0,0.08365452895395226,0.0,1.0935432659749678,0.27,0.06
1809,0.16537092592784325,0.1092911209918717,0.0,0.0,0.0,0.05607980493597155,0.0,1.0345118923581558,0.27,0.06
1810,0.0707735728805115,0.2546719773112759,0.0,0.18389840443076438,0.0,0.0,0.0,1.0345118923581558,0.27,0.06
1811,0.05482459871025538,0.23606236714238435,0.0,0.18123776843212897,0.0,0.0,0.0,1.0345118923581558,0.27,0.06
1812,0.031100499631999325,0.3113075828252726,0.0,0.28020708319327325,0.0,0.0,0.0,1.0345118923581558,0.27,0.06
1813,0.020833347509897022,0.6045434054865345,0.0,0.5837100579766374,0.0,0.0,0.0,1.0345118923581558,0.27,0.06
1814,0.022527926015486737,0.6376211807867321,0.0,-0.0,0.6150932547712307,0.0,0.0,1.618850484390825,0.27,0.06
1815,0.02332537472399957,0.4178018837917618,0.0,0.3944765090677622,0.0,0.0,0.0,1.618850484390825,0.27,0.06
1816,0.026814212823742998,0.1441438013081774,0.0,0.1173295884844344,0.0,0.0,0.0,1.618850484390825,0.27,0.06
1817,0.021929839484102084,0.1335481562120165,0.0,-8.326672684688674e-17,0.11161831672791449,0.0,0.0,1.7248878852823437,0.27,0.06
1818,0.0252193154067174,0.12069354109535448,0.0,0.09547422568863707,0.0,0.0,0.0,1.7248878852823437,0.27,0.06
1819,0.11872017647984387,0.014737090133746475,0.0,0.0,0.0,0.10398308634609739,0.0,1.6154320049180306,0.27,0.06
1820,0.0393740299828198,0.0,0.0,0.0,0.0,0.0393740299828198,0.0,1.573985657567694,0.27,0.06
1821,0.04764756033364,0.0,0.0,6.938893903907228e-18,0.0,0.04764756033364001,0.0,1.5238303309007046,0.27,0.06
1822,0.05671853939297325,0.0,0.0,0.0,0.0,0.05671853939297325,0.0,1.4641266052238906,0.27,0.06
1823,0.05153512278764,0.0,0.0,0.0,0.0,0.05153512278764,0.0,1.4098791075526906,0.27,0.06
1824,0.053429063470358,0.0,0.0,0.0,0.0,0.053429063470358,0.0,1.3536379881102085,0.27,0.06
1825,0.054625236533127126,0.0,0.0,0.0,0.0,0.054625236533127126,0.0,1.2961377391279694,0.27,0.06
1826,0.06399525885815249,0.0,0.0,0.0,0.0,0.06399525885815249,0.0,1.2287743087509668,0.27,0.06
1827,0.05462523653312712,0.0,0.0,0.0,0.0,0.05462523653312712,0.0,1.1712740597687277,0.27,0.06
1828,0.05113639843338362,0.0,0.0,0.0,0.0,0.05113639843338362,0.0,1.1174462719441134,0.27,0.06
1829,0.038676262362871,0.0,0.0,0.0,0.0,0.038676262362871,0.0,1.0767344168253017,0.27,0.06
1830,0.03149922398625581,0.0,0.0,0.0,0.0,0.03149922398625581,0.0,1.0435773389450325,0.27,0.06
1831,0.045055852030973495,0.003657380033192558,0.0,0.0,0.0,0.04139847199778093,0.0,1.0,0.27,0.06
1832,0.026614850646614875,0.03953197535877251,0.0,0.012917124712157634,0.0,0.0,0.0,1.0,0.27,0.06
1833,0.027511980443691724,0.07406194567214931,0.0,0.046549965228457585,0.0,0.0,0.0,1.0,0.27,0.06
1834,0.029804645480666126,0.37229977337880715,0.0,0.342495127898141,0.0,0.0,0.0,1.0,0.27,0.06
1835,0.1341707452072794,0.8006973022667296,0.0,0.6665265570594503,0.0,0.0,0.0,1.0,0.27,0.06
1836,0.024322185609640584,0.9902356439868851,0.0,0.9659134583772445,0.0,0.0,0.0,1.0,0.27,0.06
1837,0.16377602851081713,1.0151380992128873,0.0,0.4621465990086446,0.3892154716934256,0.0,0.0,1.3697546981087543,0.27,0.06
1838,0.2946572878273725,0.9005760481731793,0.0,0.6059187603458067,0.0,0.0,0.0,1.3697546981087543,0.27,0.06
1839,0.3129986081231675,0.40682974369218405,0.0,-0.0,0.09383113556901657,0.0,0.0,1.45889427689932,0.27,0.06
1840,0.1436404486208694,0.16522752149952263,0.0,0.021587072878653246,0.0,0.0,0.0,1.45889427689932,0.27,0.06
1841,0.056917901570101376,0.14070156127693723,0.0,-9.71445146547012e-17,0.08378365970683595,0.0,0.0,1.5384887536208143,0.27,0.06
1842,0.05133576061051185,0.13037484118321702,0.0,0.07903908057270517,0.0,0.0,0.0,1.5384887536208143,0.27,0.06
1843,0.050637992990563,0.02221320520159598,0.0,0.0,0.0,0.02842478778896702,0.0,1.5085679243692702,0.27,0.06
1844,0.024621228875332826,0.0,0.0,0.0,0.0,0.024621228875332826,0.0,1.482650841342604,0.27,0.06
1845,0.021830158395538035,0.0,0.0,0.0,0.0,0.021830158395538035,0.0,1.4596717272420376,0.27,0.06
1846,0.04814596577646062,0.0,0.0,0.0,0.0,0.04814596577646062,0.0,1.4089917632668159,0.27,0.06
1847,0.051634803876204116,0.0,0.0,0.0,0.0,0.051634803876204116,0.0,1.3546393381339694,0.27,0.06
1848,0.029505602214973753,0.0,0.0,0.0,0.0,0.029505602214973753,0.0,1.3235808094866286,0.27,0.06
1849,0.026913893912307123,0.0,0.0,0.0,0.0,0.026913893912307123,0.0,1.2952503948420948,0.27,0.06
1850,0.0320973105176405,0.0,0.0,0.0,0.0,0.0320973105176405,0.0,1.261463752191947,0.27,0.06
1851,0.024920272141025164,0.0,0.0,0.0,0.0,0.024920272141025164,0.0,1.2352318867803416,0.27,0.06
1852,0.022029520572666262,0.0,0.0,0.0,0.0,0.022029520572666262,0.0,1.2120429177564824,0.27,0.06
1853,0.020035898801384226,0.0,0.0,0.0,0.0,0.020035898801384226,0.0,1.1909524979655517,0.27,0.06
1854,0.036383597325896626,0.0,0.0,0.0,0.0,0.036383597325896626,0.0,1.1526539744646078,0.27,0.06
1855,0.11981666845404888,0.003549810032216308,0.0,0.0,0.0,0.11626685842183257,0.0,1.030267807704784,0.27,0.06
1856,0.05482459871025527,0.030496095276767367,0.0,0.0,0.0,0.024328503433487907,0.0,1.0046588567221653,0.27,0.06
1857,0.052133209319024626,0.04770729543296765,0.0,6.938893903907228e-18,0.0,0.004425913886056981,0.0,1.0,0.27,0.06
1858,0.0371810460344095,0.3598216532655619,0.0,0.3226406072311524,0.0,0.0,0.0,1.0,0.27,0.06
1859,0.028110066975076373,0.8209742474507532,0.0,0.7928641804756769,0.0,0.0,0.0,1.0,0.27,0.06
1860,0.0157496119931279,1.0407935444457235,0.0,0.7343669163401154,0.29067701611248004,0.0,0.0,1.276143165306856,0.27,0.06
1861,0.1529107898573307,1.0308433193554203,0.0,0.8779325294980895,0.0,0.0,0.0,1.276143165306856,0.27,0.06
1862,0.21929839484102087,0.9026736631922165,0.0,0.6833752683511957,0.0,0.0,0.0,1.276143165306856,0.27,0.06
1863,0.04864437121928113,0.3920388685579495,0.0,-0.0,0.343394497338669,0.0,0.0,1.6023679377785915,0.27,0.06
1864,0.06957739981774225,0.1391417962627817,0.0,0.06956439644503945,0.0,0.0,0.0,1.6023679377785915,0.27,0.06
1865,0.06299844797251163,0.13182703619639652,0.0,0.06882858822388489,0.0,0.0,0.0,1.6023679377785915,0.27,0.06
1866,0.019238450092871423,0.11886485107875819,0.0,0.09962640098588676,0.0,0.0,0.0,1.6023679377785915,0.27,0.06
1867,0.09988045074122888,0.016296855147902134,0.0,0.0,0.0,0.08358359559332675,0.0,1.5143852055750897,0.27,0.06
1868,0.10526322952369024,0.0,0.0,-1.3877787807814457e-17,0.0,0.10526322952369023,0.0,1.4035818060764684,0.27,0.06
1869,0.052531933673280996,0.0,0.0,0.0,0.0,0.052531933673280996,0.0,1.3482850337888042,0.27,0.06
1870,0.03787881365435812,0.0,0.0,0.0,0.0,0.03787881365435812,0.0,1.3084125983631643,0.27,0.06
1871,0.023923461255384186,0.0,0.0,0.0,0.0,0.023923461255384186,0.0,1.283230007568023,0.27,0.06
1872,0.030203369834922375,0.0,0.0,1.3877787807814457e-17,0.0,0.03020336983492239,0.0,1.2514369866891573,0.27,0.06
1873,0.03548646752881975,0.0,0.0,6.938893903907228e-18,0.0,0.03548646752881976,0.0,1.2140828103430312,0.27,0.06
1874,0.023425055812563676,0.0,0.0,0.0,0.0,0.023425055812563676,0.0,1.189424856856122,0.27,0.06
1875,0.023026331458307236,0.0,0.0,0.0,0.0,0.023026331458307236,0.0,1.1651866132157986,0.27,0.06
1876,0.028608472417896876,0.0,0.0,0.0,0.0,0.028608472417896876,0.0,1.1350724317232757,0.27,0.06
1877,0.04565393856235812,0.0,0.0,0.0,0.0,0.04565393856235812,0.0,1.0870156542892144,0.27,0.06
1878,0.03229667269476864,0.0,0.0,0.0,0.0,0.03229667269476864,0.0,1.0530191567157738,0.27,0.06
1879,0.03957339215994787,0.0038725200351450656,0.0,0.0,0.0,0.03570087212480281,0.0,1.0154392913212447,0.27,0.06
1880,0.0450558520309735,0.03038852527579111,0.0,0.0,0.0,0.014667326755182394,0.0,1.0,0.27,0.06
1881,0.032196991606204456,0.047277015429062624,0.0,0.015080023822858168,0.0,0.0,0.0,1.0,0.27,0.06
1882,0.031698586163384,0.37945317844372795,0.0,0.34775459228034394,0.0,0.0,0.0,1.0,0.27,0.06
1883,0.03757977038866587,0.8424882476460036,0.0,0.8049084772573377,0.0,0.0,0.0,1.0,0.27,0.06
1884,0.0250199532295892,1.0475704545072275,0.0,1.0225505012776384,0.0,0.0,0.0,1.0,0.27,0.06
1885,0.14902322740333113,1.0474628845062508,0.0,0.8984396571029196,0.0,0.0,0.0,1.0,0.27,0.06
1886,0.239234612553841,0.9242414483879546,0.0,0.14754155371254607,0.5374652821215676,0.0,0.0,1.5105920180154893,0.27,0.06
1887,0.05651917721584508,0.40419427866826596,0.0,0.34767510145242086,0.0,0.0,0.0,1.5105920180154893,0.27,0.06
1888,0.04904309557353752,0.1287612911685732,0.0,0.07971819559503569,0.0,0.0,0.0,1.5105920180154893,0.27,0.06
1889,0.026116445203794376,0.12811587116271575,0.0,0.10199942595892138,0.0,0.0,0.0,1.5105920180154893,0.27,0.06
1890,0.05881184225281937,0.1259106861427026,0.0,0.06709884388988321,0.0,0.0,0.0,1.5105920180154893,0.27,0.06
1891,0.06379589668102438,0.017641480160105277,0.0,0.0,0.0,0.0461544165209191,0.0,1.4620084216776796,0.27,0.06
1892,0.051535122787640004,0.0,0.0,-6.938893903907228e-18,0.0,0.05153512278764,0.0,1.40776092400648,0.27,0.06
1893,0.05711726374722963,0.0,0.0,0.0,0.0,0.05711726374722963,0.0,1.3476374884830802,0.27,0.06
1894,0.03289475922615319,0.0,0.0,0.0,0.0,0.03289475922615319,0.0,1.313011426139761,0.27,0.06
1895,0.020833347509897026,0.0,0.0,0.0,0.0,0.020833347509897026,0.0,1.2910815866556589,0.27,0.06
1896,0.024820591052461097,0.0,0.0,0.0,0.0,0.024820591052461097,0.0,1.2649546487056997,0.27,0.06
1897,0.02332537472399955,0.0,0.0,0.0,0.0,0.02332537472399955,0.0,1.240401622680437,0.27,0.06
1898,0.097089380261434,0.0,0.0,0.0,0.0,0.097089380261434,0.0,1.1382022750368224,0.27,0.06
1899,0.039174667805691496,0.0,0.0,0.0,0.0,0.039174667805691496,0.0,1.0969657826097787,0.27,0.06
1900,0.03000400765779425,0.0,0.0,0.0,0.0,0.03000400765779425,0.0,1.0653826166542057,0.27,0.06
1901,0.020334942067076523,0.0,0.0,0.0,0.0,0.020334942067076523,0.0,1.0439774144783358,0.27,0.06
1902,0.019936217712820115,0.0,0.0,0.0,0.0,0.019936217712820115,0.0,1.0229919221490515,0.27,0.06
1903,0.027113256089435375,0.005270930047836335,0.0,0.0,0.0,0.02184232604159904,0.0,1.0,0.27,0.06
1904,0.02242824492692265,0.037757070342664345,0.0,0.015328825415741695,0.0,0.0,0.0,1.0,0.27,0.06
1905,0.018241639207230414,0.04985869545249266,0.0,0.031617056245262246,0.0,0.0,0.0,1.0,0.27,0.06
1906,0.0420654193740505,0.39526596858723695,0.0,0.35320054921318644,0.0,0.0,0.0,1.0,0.27,0.06
1907,0.12330550655379251,0.8419503976411222,0.0,0.7186448910873298,0.0,0.0,0.0,1.0,0.27,0.06
1908,0.058413117898562995,1.038803499427663,0.0,0.9803903815291,0.0,0.0,0.0,1.0,0.27,0.06
1909,0.14692992454348394,1.029821404346146,0.0,0.882891479802662,0.0,0.0,0.0,1.0,0.27,0.06
1910,0.20305037740507273,0.9008449731756201,0.0,0.22207601774156777,0.4757185780289796,0.0,0.0,1.4519326491275306,0.27,0.06
1911,0.07356464336030627,0.38112051345885983,0.0,0.30755587009855356,0.0,0.0,0.0,1.4519326491275306,0.27,0.06
1912,0.056220133950152754,0.1408629162784016,0.0,0.08464278232824886,0.0,0.0,0.0,1.4519326491275306,0.27,0.06
1913,0.026714531735179,0.13623740623642278,0.0,0.10952287450124377,0.0,0.0,0.0,1.4519326491275306,0.27,0.06
1914,0.049840544282050245,0.13284895120567092,0.0,0.08300840692362067,0.0,0.0,0.0,1.4519326491275306,0.27,0.06
1915,0.04495617094240932,0.01882475017084405,0.0,0.0,0.0,0.026131420771565272,0.0,1.4244258904206197,0.27,0.06
1916,0.021232071864153438,0.0,0.0,0.0,0.0,0.021232071864153438,0.0,1.402076341089932,0.27,0.06
1917,0.050837355167691375,0.0,0.0,0.0,0.0,0.050837355167691375,0.0,1.3485633356502567,0.27,0.06
1918,0.03708136494584538,0.0,0.0,0.0,0.0,0.03708136494584538,0.0,1.309530319917788,0.27,0.06
1919,0.02492027214102515,0.0,0.0,0.0,0.0,0.02492027214102515,0.0,1.2832984545061823,0.27,0.06
1920,0.0223285638383585,0.0,0.0,3.469446951953614e-18,0.0,0.022328563838358503,0.0,1.259794703097384,0.27,0.06
1921,0.034190613377486495,0.0,0.0,0.0,0.0,0.034190613377486495,0.0,1.2238045837526614,0.27,0.06
1922,0.02302633145830721,0.0,0.0,0.0,0.0,0.02302633145830721,0.0,1.199566340112338,0.27,0.06
1923,0.02511963431815339,0.0,0.0,3.469446951953614e-18,0.0,0.025119634318153394,0.0,1.1731246197774396,0.27,0.06
1924,0.017643552675845803,0.0,0.0,0.0,0.0,0.017643552675845803,0.0,1.154552459066023,0.27,0.06
1925,0.028608472417896873,0.0,0.0,0.0,0.0,0.028608472417896873,0.0,1.1244382775735,0.27,0.06
1926,0.04934213883922975,0.0,0.0,0.0,0.0,0.04934213883922975,0.0,1.0724991840585214,0.27,0.06
1927,0.04306223025969137,0.0056474250512532145,0.0,0.0,0.0,0.03741480520843816,0.0,1.033115178575955,0.27,0.06
1928,0.04485648985384525,0.03657380033192559,0.0,0.0,0.0,0.008282689521919663,0.0,1.0243965580265657,0.27,0.06
1929,0.0332934835804096,0.05690453051643718,0.0,0.02361104693602758,0.0,0.0,0.0,1.0243965580265657,0.27,0.06
1930,0.03578551079451212,0.40639946368827895,0.0,0.3706139528937668,0.0,0.0,0.0,1.0243965580265657,0.27,0.06
1931,0.03139954289769175,0.8190379874331806,0.0,0.7876384445354888,0.0,0.0,0.0,1.0243965580265657,0.27,0.06
1932,0.020933028598461127,1.0048651641196555,0.0,0.9839321355211944,0.0,0.0,0.0,1.0243965580265657,0.27,0.06
1933,0.14712928672061215,1.0061560041313702,0.0,0.859026717410758,0.0,0.0,0.0,1.0243965580265657,0.27,0.06
1934,0.18720108432338087,0.8893887680716491,0.0,-0.0,0.7021876837482682,0.0,0.0,1.6914748575874206,0.27,0.06
1935,0.06399525885815249,0.3760647234129759,0.0,0.31206946455482343,0.0,0.0,0.0,1.6914748575874206,0.27,0.06
1936,0.049342138839229825,0.1519426263789556,0.0,0.10260048753972575,0.0,0.0,0.0,1.6914748575874206,0.27,0.06
1937,0.05990833422702442,0.14629520132770235,0.0,0.08638686710067793,0.0,0.0,0.0,1.6914748575874206,0.27,0.06
1938,0.02651516955805074,0.1354844162295891,0.0,0.10896924667153836,0.0,0.0,0.0,1.6914748575874206,0.27,0.06
1939,0.05771535027861421,0.021514000195250352,0.0,0.0,0.0,0.03620135008336385,0.0,1.6533681732891428,0.27,0.06
1940,0.031598905074819876,0.0,-0.0,0.0,0.0,0.031598905074819876,0.0,1.620106167947227,0.27,0.06
1941,0.08692190922789574,0.0,0.0,0.0,0.0,0.08692190922789574,0.0,1.5286094213915473,0.27,0.06
1942,0.04435808441102475,0.0,0.0,0.0,0.0,0.04435808441102475,0.0,1.4819167009588896,0.27,0.06
1943,0.04136765175410175,0.0,0.0,0.0,0.0,0.04136765175410175,0.0,1.4383718043756246,0.27,0.06
1944,0.09928236420984425,0.0,0.0,0.0,0.0,0.09928236420984425,0.0,1.3338640525757886,0.27,0.06
1945,0.05552236633020413,0.0,0.0,0.0,0.0,0.05552236633020413,0.0,1.2754194564387318,0.27,0.06
1946,0.05233257149615288,0.0,0.0,1.3877787807814457e-17,0.0,0.05233257149615289,0.0,1.2203325390743602,0.27,0.06
1947,0.03289475922615325,0.0,0.0,0.0,0.0,0.03289475922615325,0.0,1.185706476731041,0.27,0.06
1948,0.025518358672409827,0.0,0.0,0.0,0.0,0.025518358672409827,0.0,1.158845046549557,0.27,0.06
1949,0.029007196772153226,0.0,0.0,1.734723475976807e-17,0.0,0.029007196772153243,0.0,1.1283111552104483,0.27,0.06
1950,0.0255183586724098,0.0,0.0,0.0,0.0,0.0255183586724098,0.0,1.1014497250289643,0.27,0.06
1951,0.10336928884097238,0.00699205006345637,0.0,0.0,0.0,0.09637723877751601,0.0,1.0,0.27,0.06
1952,0.03299444031471725,0.0403387503660944,0.0,0.007344310051377145,0.0,0.0,0.0,1.0,0.27,0.06
1953,0.03797849474292238,0.062390600566226,0.0,0.024412105823303623,0.0,0.0,0.0,1.0,0.27,0.06
1954,0.02452154778676875,0.417532958789321,0.0,0.39301141100255227,0.0,0.0,0.0,1.0,0.27,0.06
1955,0.02840911024076875,0.819199342434645,0.0,0.7907902321938762,0.0,0.0,0.0,1.0,0.27,0.06
1956,0.03050241310061475,1.0006699340815817,0.0,0.9701675209809669,0.0,0.0,0.0,1.0,0.27,0.06
1957,0.1489235363466575,0.9994328790703546,0.0,0.1118161866728744,0.7386931560508228,0.0,0.0,1.7017584982482816,0.27,0.06
1958,0.27342522593132873,0.8655620128554095,0.0,0.5921367869240808,0.0,0.0,0.0,1.7017584982482816,0.27,0.06
1959,0.07087325396907562,0.37337547338856975,0.0,0.3025022194194941,0.0,0.0,0.0,1.7017584982482816,0.27,0.06
1960,0.01794259594153811,0.15952631144778126,0.0,0.14158371550624316,0.0,0.0,0.0,1.7017584982482816,0.27,0.06
1961,0.052232890407588745,0.15425538139994496,0.0,0.10202249099235622,0.0,0.0,0.0,1.7017584982482816,0.27,0.06
1962,0.052531933673281,0.134193576217874,0.0,0.081661642544593,0.0,0.0,0.0,1.7017584982482816,0.27,0.06
1963,0.05711726374722963,0.024203250219656632,0.0,0.0,0.0,0.03291401352757299,0.0,1.6671121682192573,0.27,0.06
1964,0.044557446588152874,0.0,0.0,0.0,0.0,0.044557446588152874,0.0,1.620209592863307,0.27,0.06
1965,0.04126797066553775,0.0,0.0,0.0,0.0,0.04126797066553775,0.0,1.5767696237416882,0.27,0.06
1966,0.020933028598461127,0.0,0.0,0.0,0.0,0.020933028598461127,0.0,1.5547348567959396,0.27,0.06
1967,0.04007179760276849,0.0,0.0,0.0,0.0,0.04007179760276849,0.0,1.5125540172140781,0.27,0.06
1968,0.1694578605270799,0.0,0.0,0.0,0.0,0.1694578605270799,0.0,1.3341773219224151,0.27,0.06
1969,0.122906782199536,0.0,0.0,0.0,0.0,0.122906782199536,0.0,1.2048017617123772,0.27,0.06
1970,0.04944181992779388,0.0,0.0,1.3877787807814457e-17,0.0,0.049441819927793895,0.0,1.152757740735752,0.27,0.06
1971,0.0312001807205635,0.0,0.0,0.0,0.0,0.0312001807205635,0.0,1.119915445240422,0.27,0.06
1972,0.03309412140328138,0.0,0.0,6.938893903907228e-18,0.0,0.033094121403281385,0.0,1.08507952797381,0.27,0.06
1973,0.020933028598461127,0.0,0.0,6.938893903907228e-18,0.0,0.020933028598461134,0.0,1.0630447610280613,0.27,0.06
1974,0.0250199532295892,0.0,0.0,2.0816681711721685e-17,0.0,0.02501995322958922,0.0,1.0367079681548095,0.27,0.06
1975,0.042563824816871,0.007691255069801997,0.0,0.0,0.0,0.034872569747069,0.0,1.0,0.27,0.06
1976,0.04316191134825563,0.06179896556085662,0.0,0.018637054212600992,0.0,0.0,0.0,1.0,0.27,0.06
1977,0.04136765175410175,0.08729305579222826,0.0,0.04592540403812651,0.0,0.0,0.0,1.0,0.27,0.06
1978,0.042065419374050506,0.4321086939216032,0.0,0.3900432745475527,0.0,0.0,0.0,1.0,0.27,0.06
1979,0.031997629429076246,0.7786454520665982,0.0,0.7466478226375219,0.0,0.0,0.0,1.0,0.27,0.06
1980,0.02332537472399956,0.9831898089229407,0.0,0.9598644341989412,0.0,0.0,0.0,1.0,0.27,0.06
1981,0.15849293081692026,0.9863093389512518,0.0,0.23367193331876734,0.5941444748155642,0.0,0.0,1.564437251074786,0.27,0.06
1982,0.24890367814455888,0.8766417229559634,0.0,0.6277380448114045,0.0,0.0,0.0,1.564437251074786,0.27,0.06
1983,0.05402715000174253,0.3754193034071184,0.0,0.32139215340537586,0.0,0.0,0.0,1.564437251074786,0.27,0.06
1984,0.060905145112665385,0.16974546154052517,0.0,0.10884031642785978,0.0,0.0,0.0,1.564437251074786,0.27,0.06
1985,0.02761166153225585,0.15882710644143566,0.0,0.1312154449091798,0.0,0.0,0.0,1.564437251074786,0.27,0.06
1986,0.04665074944799915,0.1355919862305653,0.0,0.08894123678256613,0.0,0.0,0.0,1.564437251074786,0.27,0.06
1987,0.053429063470358,0.02312755020989411,0.0,0.0,0.0,0.030301513260463892,0.0,1.5325409213269292,0.27,0.06
1988,0.02711325608943537,0.0,0.0,0.0,0.0,0.02711325608943537,0.0,1.5040006517591025,0.27,0.06
1989,0.05612045286158862,0.0,0.0,0.0,0.0,0.05612045286158862,0.0,1.444926490852167,0.27,0.06
1990,0.04595298182805037,0.0,0.0,0.0,0.0,0.04595298182805037,0.0,1.3965549310331666,0.27,0.06
1991,0.023126012546871348,0.0,0.0,0.0,0.0,0.023126012546871348,0.0,1.3722117599311967,0.27,0.06
1992,0.021132390775589274,0.0,0.0,0.0,0.0,0.021132390775589274,0.0,1.3499671380621552,0.27,0.06
1993,0.07605667057440876,0.0,0.0,0.0,0.0,0.07605667057440876,0.0,1.2699074848259355,0.27,0.06
1994,0.037480089300101875,0.0,0.0,-6.938893903907228e-18,0.0,0.03748008930010187,0.0,1.2304547592468809,0.27,0.06
1995,0.028907515683589152,0.0,0.0,0.0,0.0,0.028907515683589152,0.0,1.2000257953694187,0.27,0.06
1996,0.02940592112640962,0.0,0.0,0.0,0.0,0.02940592112640962,0.0,1.1690721941837243,0.27,0.06
1997,0.0262161262923585,0.0,0.0,0.0,0.0,0.0262161262923585,0.0,1.1414762717707154,0.27,0.06
1998,0.022228882749794447,0.0,0.0,0.0,0.0,0.022228882749794447,0.0,1.1180774478235633,0.27,0.06
1999,0.045354895296665754,0.007960180072242626,0.0,0.0,0.0,0.03739471522442313,0.0,1.0787145896925916,0.27,0.06
2000,0.04176637610835812,0.04211365538220254,0.0,0.0003472792738444183,0.0,0.0,0.0,1.0787145896925916,0.27,0.06
2001,0.03498806208599925,0.06830695061991984,0.0,0.03331888853392059,0.0,0.0,0.0,1.0787145896925916,0.27,0.06
2002,0.04076956522271712,0.43684177396455826,0.0,0.3960722087418411,0.0,0.0,0.0,1.0787145896925916,0.27,0.06
2003,0.027013575000871273,0.8191993424346452,0.0,0.7921857674337739,0.0,0.0,0.0,1.0787145896925916,0.27,0.06
2004,0.023823780166820064,1.025626174308072,0.0,1.001802394141252,0.0,0.0,0.0,1.0787145896925916,0.27,0.06
2005,0.15779515322886312,1.0008850740835342,0.0,0.0,0.8430899208546712,0.0,0.0,1.8796500145045292,0.27,0.06
2006,0.20504399917635488,0.848727307702626,0.0,0.6436833085262712,0.0,0.0,0.0,1.8796500145045292,0.27,0.06
2007,0.05691790157010145,0.35401287321284436,0.0,0.2970949716427429,0.0,0.0,0.0,1.8796500145045292,0.27,0.06
2008,0.05562204741876825,0.21691490696861163,0.0,0.16129285954984338,0.0,0.0,0.0,1.8796500145045292,0.27,0.06
2009,0.025518358672409803,0.16248448647462826,0.0,0.13696612780221845,0.0,0.0,0.0,1.8796500145045292,0.27,0.06
2010,0.03947371107138379,0.10402019094403546,0.0,0.06454647987265166,0.0,0.0,0.0,1.8796500145045292,0.27,0.06
2011,0.11582942491148487,0.0022589700205012855,0.0,0.0,0.0,0.1135704548909836,0.0,1.7601021672508623,0.27,0.06
2012,0.09968108856410063,0.0,0.0,1.3877787807814457e-17,0.0,0.09968108856410064,0.0,1.6551747056044406,0.27,0.06
2013,0.05033894972487075,0.0,0.0,0.0,0.0,0.05033894972487075,0.0,1.6021863374729977,0.27,0.06
2014,0.03628391623733258,0.0,0.0,0.0,0.0,0.03628391623733258,0.0,1.5639927414337003,0.27,0.06
2015,0.0213317529527175,0.0,0.0,0.0,0.0,0.0213317529527175,0.0,1.541538264641366,0.27,0.06
2016,0.027910704797948247,0.0,0.0,0.0,0.0,0.027910704797948247,0.0,1.512158575380368,0.27,0.06
2017,0.02731261826656355,0.0,0.0,0.0,0.0,0.02731261826656355,0.0,1.4834084508892484,0.27,0.06
2018,0.025418677583845667,0.0,0.0,0.0,0.0,0.025418677583845667,0.0,1.456651948169411,0.27,0.06
2019,0.023624417989691837,0.0,0.0,0.0,0.0,0.023624417989691837,0.0,1.4317841397592088,0.27,0.06
2020,0.03259571596046086,0.0,0.0,0.0,0.0,0.03259571596046086,0.0,1.397472859800829,0.27,0.06
2021,0.055721728507332126,0.0,0.0,0.0,0.0,0.055721728507332126,0.0,1.3388184087404795,0.27,0.06
2022,0.05472491762169125,0.0,0.0,0.0,0.0,0.05472491762169125,0.0,1.281213232296594,0.27,0.06
2023,0.10167471033538264,0.00758368506882574,0.0,0.0,0.0,0.0940910252665569,0.0,1.1821700478054815,0.27,0.06
2024,0.055821409595896376,0.03797221034461687,0.0,0.0,0.0,0.017849199251279507,0.0,1.163381417014661,0.27,0.06
2025,0.035287105351691626,0.06169139555988036,0.0,0.026404290208188734,0.0,0.0,0.0,1.163381417014661,0.27,0.06
2026,0.022228882749794447,0.4701346892667082,0.0,0.44790580651691375,0.0,0.0,0.0,1.163381417014661,0.27,0.06
2027,0.027910704797948126,0.8659922928593144,0.0,0.8380815880613663,0.0,0.0,0.0,1.163381417014661,0.27,0.06
2028,0.01883972573861501,1.096461019950934,0.0,1.077621294212319,0.0,0.0,0.0,1.163381417014661,0.27,0.06
2029,0.14354076753230527,1.0973215799587437,0.0,-0.0,0.9537808124264384,0.0,0.0,2.0694731888197775,0.27,0.06
2030,0.22797064954609877,0.9401080235319519,0.0,0.7121373739858531,0.0,0.0,0.0,2.0694731888197775,0.27,0.06
2031,0.06389557776958851,0.36057464327239586,0.0,0.2966790655028073,0.0,0.0,0.0,2.0694731888197775,0.27,0.06
2032,0.04944181992779384,0.13467764122226727,0.0,0.08523582129447344,0.0,0.0,0.0,2.0694731888197775,0.27,0.06
2033,0.021830158395538035,0.13747446124764964,0.0,0.11564430285211161,0.0,0.0,0.0,2.0694731888197775,0.27,0.06
2034,0.0477472414222042,0.1506517863672406,0.0,-8.326672684688674e-17,0.1029045449450365,0.0,0.0,2.167232506517562,0.27,0.06
2035,0.11812208994845924,0.02409568021868038,0.0,0.0,0.0,0.09402640972977885,0.0,2.0682573383809526,0.27,0.06
2036,0.06399525885815263,0.0,0.0,0.0,0.0,0.06399525885815263,0.0,2.00089390800395,0.27,0.06
2037,0.04635170618230687,0.0,0.0,0.0,0.0,0.04635170618230687,0.0,1.9521026383383637,0.27,0.06
2038,0.020733666421332925,0.0,0.0,0.0,0.0,0.020733666421332925,0.0,1.9302777263159079,0.27,0.06
2039,0.032695397049025,0.0,0.0,0.0,0.0,0.032695397049025,0.0,1.8958615188958816,0.27,0.06
2040,0.05950960987276813,0.0,0.0,0.0,0.0,0.05950960987276813,0.0,1.833219824292968,0.27,0.06
2041,0.059310247695639876,0.0,0.0,0.0,0.0,0.059310247695639876,0.0,1.7707879846133472,0.27,0.06
2042,0.026216126292358498,0.0,0.0,0.0,0.0,0.026216126292358498,0.0,1.7431920622003383,0.27,0.06
2043,0.025119634318153346,0.0,0.0,0.0,0.0,0.025119634318153346,0.0,1.71675034186544,0.27,0.06
2044,0.015948974170256088,0.0,0.0,0.0,0.0,0.015948974170256088,0.0,1.6999619480020125,0.27,0.06
2045,0.02820974806364045,0.0,0.0,0.0,0.0,0.02820974806364045,0.0,1.6702674763560752,0.27,0.06
2046,0.15081748699748426,0.0,0.0,0.0,0.0,0.15081748699748426,0.0,1.5115122268850392,0.27,0.06
2047,0.04734851706794775,0.009197235083469521,0.0,0.0,0.0,0.03815128198447823,0.0,1.4713529826908516,0.27,0.06
2048,0.031598905074819855,0.03813356534608123,0.0,0.006534660271261372,0.0,0.0,0.0,1.4713529826908516,0.27,0.06
2049,0.03598487297164037,0.06174518056036847,0.0,0.025760307588728097,0.0,0.0,0.0,1.4713529826908516,0.27,0.06
2050,0.02940592112640975,0.4780410843384626,0.0,0.4486351632120528,0.0,0.0,0.0,1.4713529826908516,0.27,0.06
2051,0.09070979059333162,0.8502332877162936,0.0,0.759523497122962,0.0,0.0,0.0,1.4713529826908516,0.27,0.06
2052,0.025418677583845677,1.0875327098699046,0.0,1.062114032286059,0.0,0.0,0.0,1.4713529826908516,0.27,0.06
2053,0.14722896780917627,1.074409169750802,0.0,0.9271802019416258,0.0,0.0,0.0,1.4713529826908516,0.27,0.06
2054,0.1714514723302526,0.8995003481634168,0.0,0.7280488758331642,0.0,0.0,0.0,1.4713529826908516,0.27,0.06
2055,0.07386368662599854,0.3372319530605492,0.0,0.2633682664345507,0.0,0.0,0.0,1.4713529826908516,0.27,0.06
2056,0.057715350278614255,0.13037484118321715,0.0,0.0726594909046029,0.0,0.0,0.0,1.4713529826908516,0.27,0.06
2057,0.054525555444563126,0.1388190862598529,0.0,0.08429353081528977,0.0,0.0,0.0,1.4713529826908516,0.27,0.06
2058,0.033592526846101874,0.14925337635454933,0.0,-9.71445146547012e-17,0.11566084950844756,0.0,0.0,1.5812307897238767,0.27,0.06
2059,0.126794344653536,0.025117595227954783,0.0,0.0,0.0,0.10167674942558122,0.0,1.4742026324337911,0.27,0.06
2060,0.06250004252969113,0.0,0.0,0.0,0.0,0.06250004252969113,0.0,1.4084131139814846,0.27,0.06
2061,0.05013958754774263,0.0,0.0,1.3877787807814457e-17,0.0,0.05013958754774264,0.0,1.3556346007733344,0.27,0.06
2062,0.05163480387620412,0.0,0.0,0.0,0.0,0.05163480387620412,0.0,1.301282175640488,0.27,0.06
2063,0.047348517067947744,0.0,0.0,0.0,0.0,0.047348517067947744,0.0,1.2514416313584378,0.27,0.06
2064,0.03458933773174287,0.0,0.0,0.0,0.0,0.03458933773174287,0.0,1.2150318021671296,0.27,0.06
2065,0.044956170942409376,0.0,0.0,0.0,0.0,0.044956170942409376,0.0,1.1677095169645935,0.27,0.06
2066,0.019238450092871413,0.0,0.0,0.0,0.0,0.019238450092871413,0.0,1.147458516866834,0.27,0.06
2067,0.02801038588651225,0.0,0.0,0.0,0.0,0.02801038588651225,0.0,1.1179739001441895,0.27,0.06
2068,0.030103688746358374,0.0,-0.0,0.0,0.0,0.030103688746358374,0.0,1.0862858067269703,0.27,0.06
2069,0.0282097480636405,0.0,0.0,0.0,0.0,0.0282097480636405,0.0,1.0565913350810328,0.27,0.06
2070,0.030103688746358374,0.0,0.0,0.0,0.0,0.030103688746358374,0.0,1.0249032416638135,0.27,0.06
2071,0.03339316466897362,0.009735085088350772,0.0,0.0,0.0,0.02365807958062285,0.0,1.0,0.27,0.06
2072,0.027412299355127623,0.03781085534315246,0.0,0.01039855598802484,0.0,0.0,0.0,1.0,0.27,0.06
2073,0.04076956522271712,0.06126111555597536,0.0,0.020491550333258238,0.0,0.0,0.0,1.0,0.27,0.06
2074,0.06798250240071663,0.4855171994063121,0.0,0.4175346970055955,0.0,0.0,0.0,1.0,0.27,0.06
2075,0.25159505756768163,0.8309782575415445,0.0,0.5793831999738629,0.0,0.0,0.0,1.0,0.27,0.06
2076,0.03957339215994787,1.0569828295926493,0.0,1.0174094374327014,0.0,0.0,0.0,1.0,0.27,0.06
2077,0.16457347721932974,1.0553692795780054,0.0,0.8907958023586757,0.0,0.0,0.0,1.0,0.27,0.06
2078,0.21750413524686774,0.8757273779476652,0.0,0.146329978222977,0.5118932644778205,0.0,0.0,1.4862986012539294,0.27,0.06
2079,0.060406739669844986,0.3170087928770137,0.0,0.2566020532071687,0.0,0.0,0.0,1.4862986012539294,0.27,0.06
2080,0.05422651217887074,0.12601825614367887,0.0,0.07179174396480813,0.0,0.0,0.0,1.4862986012539294,0.27,0.06
2081,0.052232890407588745,0.13403222121640973,0.0,0.08179933080882099,0.0,0.0,0.0,1.4862986012539294,0.27,0.06
2082,0.05472491762169125,0.1518888413784675,0.0,0.09716392375677625,0.0,0.0,0.0,1.4862986012539294,0.27,0.06
2083,0.10855270544630562,0.026139510237229168,0.0,0.0,0.0,0.08241319520907645,0.0,1.3995478694549015,0.27,0.06
2084,0.05113639843338363,0.0,0.0,0.0,0.0,0.05113639843338363,0.0,1.3457200816302872,0.27,0.06
2085,0.04585330073948625,0.0,0.0,0.0,0.0,0.04585330073948625,0.0,1.2974534492729333,0.27,0.06
2086,0.04296254917112737,0.0,0.0,0.0,0.0,0.04296254917112737,0.0,1.2522297133033256,0.27,0.06
2087,0.018939406827179123,0.0,0.0,0.0,0.0,0.018939406827179123,0.0,1.2322934955905056,0.27,0.06
2088,0.020733666421332952,0.0,0.0,0.0,0.0,0.020733666421332952,0.0,1.2104685835680498,0.27,0.06
2089,0.037878813654358245,0.0,0.0,0.0,0.0,0.037878813654358245,0.0,1.1705961481424096,0.27,0.06
2090,0.023624417989691886,0.0,0.0,0.0,0.0,0.023624417989691886,0.0,1.1457283397322076,0.27,0.06
2091,0.031100499631999373,0.0,0.0,0.0,0.0,0.031100499631999373,0.0,1.112990971698524,0.27,0.06
2092,0.03588519188307625,0.0,0.0,0.0,0.0,0.03588519188307625,0.0,1.075217085505812,0.27,0.06
2093,0.027910704797948174,0.0,0.0,0.0,0.0,0.027910704797948174,0.0,1.045837396244814,0.27,0.06
2094,0.0282097480636405,0.0,0.0,0.0,0.0,0.0282097480636405,0.0,1.0161429245988767,0.27,0.06
2095,0.0264154884694867,0.011079710100553936,0.0,0.0,0.0,0.015335778368932764,0.0,1.0,0.27,0.06
2096,0.02272728819261494,0.04404991539977507,0.0,0.02132262720716013,0.0,0.0,0.0,1.0,0.27,0.06
2097,0.02492027214102519,0.0723946106570174,0.0,0.04747433851599221,0.0,0.0,0.0,1.0,0.27,0.06
2098,0.038576581274306875,0.4804076243599401,0.0,0.44183104308563326,0.0,0.0,0.0,1.0,0.27,0.06
2099,0.02661485064661475,0.8023646372818616,0.0,0.7757497866352469,0.0,0.0,0.0,1.0,0.27,0.06
2100,0.02531899649528154,1.0173432842329007,0.0,0.34049290245147557,0.6515313852861435,0.0,0.0,1.6189548160218363,0.27,0.06
2101,0.03349284575753775,1.0256261743080721,0.0,0.9921333285505344,0.0,0.0,0.0,1.6189548160218363,0.27,0.06
2102,0.299142956748975,0.8569564127773093,0.0,0.5578134560283343,0.0,0.0,0.0,1.6189548160218363,0.27,0.06
2103,0.07994423302840863,0.3129749178404045,0.0,0.23303068481199585,0.0,0.0,0.0,1.6189548160218363,0.27,0.06
2104,0.03528710535169162,0.14150833628425916,0.0,0.10622123093256754,0.0,0.0,0.0,1.6189548160218363,0.27,0.06
2105,0.054525555444563,0.1462414163272143,0.0,0.0917158608826513,0.0,0.0,0.0,1.6189548160218363,0.27,0.06
2106,0.08253594133107538,0.153394821392135,0.0,0.07085888006105963,0.0,0.0,0.0,1.6189548160218363,0.27,0.06
2107,0.031598905074819876,0.029635535268957344,0.0,0.0,0.0,0.0019633698058625325,0.0,1.6168881109630338,0.27,0.06
2108,0.08462924419092137,0.0,0.0,0.0,0.0,0.08462924419092137,0.0,1.5278046960252218,0.27,0.06
2109,0.045753619650922256,0.0,0.0,0.0,0.0,0.045753619650922256,0.0,1.4796429911295141,0.27,0.06
2110,0.04375999787964012,0.0,0.0,0.0,0.0,0.04375999787964012,0.0,1.433579835466735,0.27,0.06
2111,0.06728473478076799,0.0,0.0,0.0,0.0,0.06728473478076799,0.0,1.3627537988554004,0.27,0.06
2112,0.09858459658989549,0.0,0.0,0.0,0.0,0.09858459658989549,0.0,1.2589805392870894,0.27,0.06
2113,0.11642751144286961,0.0,0.0,0.0,0.0,0.11642751144286961,0.0,1.1364252640840686,0.27,0.06
2114,0.03738040821153775,0.0,0.0,1.3877787807814457e-17,0.0,0.03738040821153776,0.0,1.0970774659666604,0.27,0.06
2115,0.018640363561486826,0.0,0.0,0.0,0.0,0.018640363561486826,0.0,1.0774560306387795,0.27,0.06
2116,0.016746422878768902,0.0,0.0,0.0,0.0,0.016746422878768902,0.0,1.0598282170821807,0.27,0.06
2117,0.030801456366307125,0.0,0.0,0.0,0.0,0.030801456366307125,0.0,1.0274056314334363,0.27,0.06
2118,0.02412282343251235,0.0,0.0,0.0,0.0,0.02412282343251235,0.0,1.0020131857150023,0.27,0.06
2119,0.015251206550307386,0.01333868012105521,0.0,0.0,0.0,0.0019125264292521767,0.0,1.0,0.27,0.06
2120,0.0302033698349225,0.057334810520342186,0.0,0.027131440685419686,0.0,0.0,0.0,1.0,0.27,0.06
2121,0.031100499631999377,0.09245641583908831,0.0,0.06135591620708894,0.0,0.0,0.0,1.0,0.27,0.06
2122,0.024023142343948253,0.48793752442827787,0.0,0.4639143820843296,0.0,0.0,0.0,1.0,0.27,0.06
2123,0.0236244179896918,0.7869283421417695,0.0,0.1063811064040926,0.6569228177479851,0.0,0.0,1.6240766768605859,0.27,0.06
2124,0.025618039760973876,0.9859328439478351,0.0,0.9603148041868612,0.0,0.0,0.0,1.6240766768605859,0.27,0.06
2125,0.01764355267584581,0.9793710738882837,0.0,0.9617275212124379,0.0,0.0,0.0,1.6240766768605859,0.27,0.06
2126,0.29465730776359,0.8350659175786421,0.0,0.5404086098150521,0.0,0.0,0.0,1.6240766768605859,0.27,0.06
2127,0.13257584779025375,0.3128673478394284,0.0,0.18029150004917463,0.0,0.0,0.0,1.6240766768605859,0.27,0.06
2128,0.06349685341533214,0.15549243641117183,0.0,0.0919955829958397,0.0,0.0,0.0,1.6240766768605859,0.27,0.06
2129,0.05313002020466569,0.15473944640433818,0.0,0.10160942619967249,0.0,0.0,0.0,1.6240766768605859,0.27,0.06
2130,0.05761566919005012,0.15264183138530113,0.0,-0.0,0.09502616219525101,0.0,0.0,1.7143515309460744,0.27,0.06
2131,0.023225693635435488,0.03103394528164862,0.0,0.007808251646213134,0.0,0.0,0.0,1.7143515309460744,0.27,0.06
2132,0.05562204741876813,0.0,0.0,0.0,0.0,0.05562204741876813,0.0,1.6558020073473712,0.27,0.06
2133,0.03708136494584538,0.0,0.0,-6.938893903907228e-18,0.0,0.03708136494584537,0.0,1.6167689916149024,0.27,0.06
2134,0.031299861809127624,0.0,0.0,0.0,0.0,0.031299861809127624,0.0,1.583821768657926,0.27,0.06
2135,0.026913893912307203,0.0,0.0,0.0,0.0,0.026913893912307203,0.0,1.555491354013392,0.27,0.06
2136,0.049840544282050245,0.0,0.0,0.0,0.0,0.049840544282050245,0.0,1.5030276231901811,0.27,0.06
2137,0.12360454981948474,0.0,0.0,0.0,0.0,0.12360454981948474,0.0,1.3729175707486183,0.27,0.06
2138,0.07486049751163963,0.0,0.0,1.3877787807814457e-17,0.0,0.07486049751163965,0.0,1.2941170470521555,0.27,0.06
2139,0.043660316791076,0.0,0.0,1.3877787807814457e-17,0.0,0.043660316791076015,0.0,1.2481588188510229,0.27,0.06
2140,0.0249202721410252,0.0,0.0,0.0,0.0,0.0249202721410252,0.0,1.2219269534394175,0.27,0.06
2141,0.02561803976097385,0.0,0.0,0.0,0.0,0.02561803976097385,0.0,1.1949605957962872,0.27,0.06
2142,0.02621612629235851,0.0,0.0,0.0,0.0,0.02621612629235851,0.0,1.1673646733832783,0.27,0.06
2143,0.01854068247292271,0.0,0.0,0.0,0.0,0.01854068247292271,0.0,1.1478481655170438,0.27,0.06
2144,0.01824163920723041,0.011456205103970805,0.0,0.0,0.0,0.006785434103259606,0.0,1.1407056033030865,0.27,0.06
2145,0.02183015839553805,0.04700809042662199,0.0,-8.673617379884035e-17,0.025177932031084028,0.0,0.0,1.1646246387326162,0.27,0.06
2146,0.02472090996389695,0.08697034578929953,0.0,0.062249435825402585,0.0,0.0,0.0,1.1646246387326162,0.27,0.06
2147,0.036882002768717226,0.5019216245551905,0.0,-1.1102230246251565e-16,0.4650396217864734,0.0,0.0,1.606412279429766,0.27,0.06
2148,0.08094104391404974,0.7766016220480493,0.0,-1.1102230246251565e-16,0.6956605781339996,0.0,0.0,2.2672898286570655,0.27,0.06
2149,0.0302033698349225,0.9981420390586397,0.0,0.0,0.9679386692237173,0.0,0.0,3.186831564419597,0.27,0.06
2150,0.29615252409205123,1.0081460491494312,0.0,-1.1102230246251565e-16,0.71199352505738,0.0,0.0,3.863225413224108,0.27,0.06
2151,0.09788682896994687,0.8217272374575869,0.0,0.0,0.7238404084876401,0.0,0.0,4.550873801287366,0.27,0.06
2152,0.054724917621691245,0.32916420298733023,0.0,0.0,0.274439285365639,0.0,0.0,4.811591122384724,0.27,0.06
2153,0.05213320931902463,0.24724964724391466,0.0,-0.0,0.19511643792489003,0.0,0.0,4.996951738413369,0.27,0.06
2154,0.04306223025969145,0.23267391211163255,0.0,-0.0,0.1896116818519411,0.0,0.0,5.177082836172713,0.27,0.06
2155,0.09330149889599826,0.14769361134039358,0.0,-0.0,0.05439211244439532,0.0,0.0,5.228755342994888,0.27,0.06
2156,0.10885174871199786,0.023611615214287236,0.0,0.0,0.0,0.08524013349771062,0.0,5.139028886681508,0.27,0.06
2157,0.053827787824614254,0.0,0.0,0.0,0.0,0.053827787824614254,0.0,5.082368057392441,0.27,0.06
2158,0.01774323376440991,0.0,0.0,0.0,0.0,0.01774323376440991,0.0,5.063690969219378,0.27,0.06
2159,0.019836536624256013,0.0,0.0,0.0,0.0,0.019836536624256013,0.0,5.04281040435174,0.27,0.06
2160,0.040669884134153,0.0,0.0,0.0,0.0,0.040669884134153,0.0,5.0,0.27,0.06
