MIP has 10753 rows; 9409 cols; 25537 nonzeros; 1344 integer variables (1344 binary)
Coefficient ranges:
  Matrix  [2e-01, 3e+00]
  Cost    [1e-02, 6e-02]
  Bound   [1e+00, 1e+00]
  RHS     [2e-04, 5e+00]
Presolving model
8064 rows, 8598 cols, 22037 nonzeros 0s
6438 rows, 7306 cols, 17783 nonzeros 0s
4671 rows, 5815 cols, 13189 nonzeros 0s
2783 rows, 4093 cols, 8243 nonzeros 0s
1421 rows, 2941 cols, 4889 nonzeros 0s
1216 rows, 2736 cols, 4479 nonzeros 0s
Presolve reductions: rows 1216(-9537); columns 2736(-6673); nonzeros 4479(-21058) 

Solving MIP model with:
   1216 rows
   2736 cols (132 binary, 0 integer, 0 implied int., 2604 continuous, 0 domain fixed)
   4479 nonzeros

Src: B => Branching; C => Central rounding; F => Feasibility pump; H => Heuristic;
     I => Shifting; J => Feasibility jump; L => Sub-MIP; P => Empty MIP; R => Randomized rounding;
     S => Solve LP; T => Evaluate node; U => Unbounded; X => User solution; Y => HiGHS solution;
     Z => ZI Round; l => Trivial lower; p => Trivial point; u => Trivial upper; z => Trivial zero

        Nodes      |    B&B Tree     |            Objective Bounds              |  Dynamic Constraints |       Work      
Src  Proc. InQueue |  Leaves   Expl. | BestBound       BestSol              Gap |   Cuts   InLp Confl. | LpIters     Time

 J       0       0         0   0.00%   -inf            24.33358871        Large        0      0      0         0     0.4s
 T       0       0         0   0.00%   -0.2989341032   23.43901227      101.28%        0      0      0       677     0.4s
         1       0         1 100.00%   23.43901227     23.43901227        0.00%        0      0      0       677     0.4s

Solving report
  Status            Optimal
  Primal bound      23.4390122664
  Dual bound        23.4390122664
  Gap               0% (tolerance: 0.5%)
  P-D integral      0.017000438143
  Solution status   feasible
                    23.4390122664 (objective)
                    0 (bound viol.)
                    0 (int. viol.)
                    0 (row viol.)
  Timing            0.41
  Max sub-MIP depth 0
  Nodes             1
  Repair LPs        0
  LP iterations     677
                    0 (strong br.)
                    0 (separation)
                    0 (heuristics)
MIP has 10753 rows; 9409 cols; 25537 nonzeros; 1344 integer variables (1344 binary)
Coefficient ranges:
  Matrix  [2e-01, 3e+00]
  Cost    [1e-02, 6e-02]
  Bound   [1e+00, 1e+00]
  RHS     [2e-04, 5e+00]
Presolving model
8064 rows, 8601 cols, 22040 nonzeros 0s
6434 rows, 7305 cols, 17778 nonzeros 0s
4678 rows, 5822 cols, 13203 nonzeros 0s
2780 rows, 4074 cols, 8221 nonzeros 0s
2586 rows, 3235 cols, 5898 nonzeros 0s
1393 rows, 2872 cols, 4772 nonzeros 0s
1141 rows, 2506 cols, 4154 nonzeros 0s
Presolve reductions: rows 1141(-9612); columns 2506(-6903); nonzeros 4154(-21383) 

Solving MIP model with:
   1141 rows
   2506 cols (127 binary, 0 integer, 0 implied int., 2379 continuous, 0 domain fixed)
   4154 nonzeros

Src: B => Branching; C => Central rounding; F => Feasibility pump; H => Heuristic;
     I => Shifting; J => Feasibility jump; L => Sub-MIP; P => Empty MIP; R => Randomized rounding;
     S => Solve LP; T => Evaluate node; U => Unbounded; X => User solution; Y => HiGHS solution;
     Z => ZI Round; l => Trivial lower; p => Trivial point; u => Trivial upper; z => Trivial zero

        Nodes      |    B&B Tree     |            Objective Bounds              |  Dynamic Constraints |       Work      
Src  Proc. InQueue |  Leaves   Expl. | BestBound       BestSol              Gap |   Cuts   InLp Confl. | LpIters     Time

 J       0       0         0   0.00%   -inf            26.63444904        Large        0      0      0         0     0.4s
 T       0       0         0   0.00%   1.952429478     26.12919867       92.53%        0      0      0       473     0.5s
         1       0         1 100.00%   26.12919867     26.12919867        0.00%        0      0      0       473     0.5s

Solving report
  Status            Optimal
  Primal bound      26.1291986736
  Dual bound        26.1291986736
  Gap               0% (tolerance: 0.5%)
  P-D integral      0.0159596539362
  Solution status   feasible
                    26.1291986736 (objective)
                    0 (bound viol.)
                    0 (int. viol.)
                    0 (row viol.)
  Timing            0.47
  Max sub-MIP depth 0
  Nodes             1
  Repair LPs        0
  LP iterations     473
                    0 (strong br.)
                    0 (separation)
                    0 (heuristics)
MIP has 10753 rows; 9409 cols; 25537 nonzeros; 1344 integer variables (1344 binary)
Coefficient ranges:
  Matrix  [2e-01, 3e+00]
  Cost    [1e-02, 6e-02]
  Bound   [1e+00, 1e+00]
  RHS     [2e-04, 5e+00]
Presolving model
8064 rows, 8609 cols, 22048 nonzeros 0s
6438 rows, 7317 cols, 17790 nonzeros 0s
4669 rows, 5822 cols, 13174 nonzeros 0s
2775 rows, 4091 cols, 8209 nonzeros 0s
2548 rows, 3136 cols, 5623 nonzeros 0s
1269 rows, 2742 cols, 4414 nonzeros 0s
1017 rows, 2325 cols, 3745 nonzeros 0s
910 rows, 1926 cols, 3239 nonzeros 0s
859 rows, 1752 cols, 3014 nonzeros 0s
Presolve reductions: rows 859(-9894); columns 1752(-7657); nonzeros 3014(-22523) 

Solving MIP model with:
   859 rows
   1752 cols (101 binary, 0 integer, 0 implied int., 1651 continuous, 0 domain fixed)
   3014 nonzeros

Src: B => Branching; C => Central rounding; F => Feasibility pump; H => Heuristic;
     I => Shifting; J => Feasibility jump; L => Sub-MIP; P => Empty MIP; R => Randomized rounding;
     S => Solve LP; T => Evaluate node; U => Unbounded; X => User solution; Y => HiGHS solution;
     Z => ZI Round; l => Trivial lower; p => Trivial point; u => Trivial upper; z => Trivial zero

        Nodes      |    B&B Tree     |            Objective Bounds              |  Dynamic Constraints |       Work      
Src  Proc. InQueue |  Leaves   Expl. | BestBound       BestSol              Gap |   Cuts   InLp Confl. | LpIters     Time

 J       0       0         0   0.00%   -inf            25.44607771        Large        0      0      0         0     0.5s
 T       0       0         0   0.00%   11.64883436     25.00365932       53.41%        0      0      0       300     0.5s
         1       0         1 100.00%   25.00365932     25.00365932        0.00%        0      0      0       300     0.5s

Solving report
  Status            Optimal
  Primal bound      25.0036593225
  Dual bound        25.0036593225
  Gap               0% (tolerance: 0.5%)
  P-D integral      0.00576067964854
  Solution status   feasible
                    25.0036593225 (objective)
                    0 (bound viol.)
                    0 (int. viol.)
                    0 (row viol.)
  Timing            0.52
  Max sub-MIP depth 0
  Nodes             1
  Repair LPs        0
  LP iterations     300
                    0 (strong br.)
                    0 (separation)
                    0 (heuristics)
MIP has 10753 rows; 9409 cols; 25537 nonzeros; 1344 integer variables (1344 binary)
Coefficient ranges:
  Matrix  [2e-01, 3e+00]
  Cost    [1e-02, 6e-02]
  Bound   [1e+00, 1e+00]
  RHS     [2e-04, 5e+00]
Presolving model
8064 rows, 8617 cols, 22056 nonzeros 0s
6436 rows, 7323 cols, 17794 nonzeros 0s
4650 rows, 5810 cols, 13143 nonzeros 0s
2762 rows, 4074 cols, 8179 nonzeros 0s
2525 rows, 3173 cols, 5767 nonzeros 0s
1356 rows, 2768 cols, 4621 nonzeros 0s
1101 rows, 2344 cols, 3942 nonzeros 0s
1099 rows, 2342 cols, 3938 nonzeros 0s
Presolve reductions: rows 1099(-9654); columns 2342(-7067); nonzeros 3938(-21599) 

Solving MIP model with:
   1099 rows
   2342 cols (125 binary, 0 integer, 0 implied int., 2217 continuous, 0 domain fixed)
   3938 nonzeros

Src: B => Branching; C => Central rounding; F => Feasibility pump; H => Heuristic;
     I => Shifting; J => Feasibility jump; L => Sub-MIP; P => Empty MIP; R => Randomized rounding;
     S => Solve LP; T => Evaluate node; U => Unbounded; X => User solution; Y => HiGHS solution;
     Z => ZI Round; l => Trivial lower; p => Trivial point; u => Trivial upper; z => Trivial zero

        Nodes      |    B&B Tree     |            Objective Bounds              |  Dynamic Constraints |       Work      
Src  Proc. InQueue |  Leaves   Expl. | BestBound       BestSol              Gap |   Cuts   InLp Confl. | LpIters     Time

 J       0       0         0   0.00%   -inf            25.15601031        Large        0      0      0         0     0.5s
 T       0       0         0   0.00%   4.474429952     24.4305166        81.69%        0      0      0       353     0.6s
         1       0         1 100.00%   24.4305166      24.4305166         0.00%        0      0      0       353     0.6s

Solving report
  Status            Optimal
  Primal bound      24.4305166016
  Dual bound        24.4305166016
  Gap               0% (tolerance: 0.5%)
  P-D integral      0.0123168835945
  Solution status   feasible
                    24.4305166016 (objective)
                    0 (bound viol.)
                    0 (int. viol.)
                    0 (row viol.)
  Timing            0.57
  Max sub-MIP depth 0
  Nodes             1
  Repair LPs        0
  LP iterations     353
                    0 (strong br.)
                    0 (separation)
                    0 (heuristics)
MIP has 10753 rows; 9409 cols; 25537 nonzeros; 1344 integer variables (1344 binary)
Coefficient ranges:
  Matrix  [2e-01, 3e+00]
  Cost    [1e-02, 6e-02]
  Bound   [1e+00, 1e+00]
  RHS     [2e-04, 5e+00]
Presolving model
8064 rows, 8611 cols, 22050 nonzeros 0s
6441 rows, 7322 cols, 17802 nonzeros 0s
4674 rows, 5830 cols, 13207 nonzeros 0s
2770 rows, 4080 cols, 8217 nonzeros 0s
1482 rows, 2923 cols, 5000 nonzeros 0s
1215 rows, 2408 cols, 4218 nonzeros 0s
1199 rows, 2335 cols, 4129 nonzeros 0s
Presolve reductions: rows 1199(-9554); columns 2335(-7074); nonzeros 4129(-21408) 

Solving MIP model with:
   1199 rows
   2335 cols (149 binary, 0 integer, 0 implied int., 2186 continuous, 0 domain fixed)
   4129 nonzeros

Src: B => Branching; C => Central rounding; F => Feasibility pump; H => Heuristic;
     I => Shifting; J => Feasibility jump; L => Sub-MIP; P => Empty MIP; R => Randomized rounding;
     S => Solve LP; T => Evaluate node; U => Unbounded; X => User solution; Y => HiGHS solution;
     Z => ZI Round; l => Trivial lower; p => Trivial point; u => Trivial upper; z => Trivial zero

        Nodes      |    B&B Tree     |            Objective Bounds              |  Dynamic Constraints |       Work      
Src  Proc. InQueue |  Leaves   Expl. | BestBound       BestSol              Gap |   Cuts   InLp Confl. | LpIters     Time

 J       0       0         0   0.00%   -inf            24.10930775        Large        0      0      0         0     0.4s
 T       0       0         0   0.00%   5.472602619     22.96683228       76.17%        0      0      0       568     0.4s
         1       0         1 100.00%   22.96683228     22.96683228        0.00%        0      0      0       568     0.4s

Solving report
  Status            Optimal
  Primal bound      22.9668322763
  Dual bound        22.9668322763
  Gap               0% (tolerance: 0.5%)
  P-D integral      0.011413907735
  Solution status   feasible
                    22.9668322763 (objective)
                    0 (bound viol.)
                    0 (int. viol.)
                    0 (row viol.)
  Timing            0.43
  Max sub-MIP depth 0
  Nodes             1
  Repair LPs        0
  LP iterations     568
                    0 (strong br.)
                    0 (separation)
                    0 (heuristics)
MIP has 10753 rows; 9409 cols; 25537 nonzeros; 1344 integer variables (1344 binary)
Coefficient ranges:
  Matrix  [2e-01, 3e+00]
  Cost    [1e-02, 6e-02]
  Bound   [1e+00, 1e+00]
  RHS     [2e-04, 5e+00]
Presolving model
8064 rows, 8635 cols, 22074 nonzeros 0s
6424 rows, 7329 cols, 17788 nonzeros 0s
4638 rows, 5810 cols, 13131 nonzeros 0s
2736 rows, 4041 cols, 8128 nonzeros 0s
1649 rows, 3072 cols, 5458 nonzeros 0s
1475 rows, 2825 cols, 5037 nonzeros 0s
Presolve reductions: rows 1475(-9278); columns 2825(-6584); nonzeros 5037(-20500) 

Solving MIP model with:
   1475 rows
   2825 cols (185 binary, 0 integer, 0 implied int., 2640 continuous, 0 domain fixed)
   5037 nonzeros

Src: B => Branching; C => Central rounding; F => Feasibility pump; H => Heuristic;
     I => Shifting; J => Feasibility jump; L => Sub-MIP; P => Empty MIP; R => Randomized rounding;
     S => Solve LP; T => Evaluate node; U => Unbounded; X => User solution; Y => HiGHS solution;
     Z => ZI Round; l => Trivial lower; p => Trivial point; u => Trivial upper; z => Trivial zero

        Nodes      |    B&B Tree     |            Objective Bounds              |  Dynamic Constraints |       Work      
Src  Proc. InQueue |  Leaves   Expl. | BestBound       BestSol              Gap |   Cuts   InLp Confl. | LpIters     Time

 J       0       0         0   0.00%   -inf            21.73510566        Large        0      0      0         0     0.5s
 T       0       0         0   0.00%   0.6242267276    19.72250783       96.83%        0      0      0       763     0.5s
         1       0         1 100.00%   19.72250783     19.72250783        0.00%        0      0      0       763     0.5s

Solving report
  Status            Optimal
  Primal bound      19.7225078337
  Dual bound        19.7225078337
  Gap               0% (tolerance: 0.5%)
  P-D integral      0.022390317131
  Solution status   feasible
                    19.7225078337 (objective)
                    0 (bound viol.)
                    0 (int. viol.)
                    0 (row viol.)
  Timing            0.50
  Max sub-MIP depth 0
  Nodes             1
  Repair LPs        0
  LP iterations     763
                    0 (strong br.)
                    0 (separation)
                    0 (heuristics)
MIP has 10753 rows; 9409 cols; 25537 nonzeros; 1344 integer variables (1344 binary)
Coefficient ranges:
  Matrix  [2e-01, 3e+00]
  Cost    [1e-02, 6e-02]
  Bound   [1e+00, 1e+00]
  RHS     [2e-04, 5e+00]
Presolving model
8064 rows, 8674 cols, 22113 nonzeros 0s
6410 rows, 7354 cols, 17799 nonzeros 0s
4611 rows, 5810 cols, 13108 nonzeros 0s
2667 rows, 3978 cols, 7996 nonzeros 0s
2018 rows, 3345 cols, 6444 nonzeros 0s
1945 rows, 3228 cols, 6254 nonzeros 0s
Presolve reductions: rows 1945(-8808); columns 3228(-6181); nonzeros 6254(-19283) 

Solving MIP model with:
   1945 rows
   3228 cols (271 binary, 0 integer, 0 implied int., 2957 continuous, 0 domain fixed)
   6254 nonzeros

Src: B => Branching; C => Central rounding; F => Feasibility pump; H => Heuristic;
     I => Shifting; J => Feasibility jump; L => Sub-MIP; P => Empty MIP; R => Randomized rounding;
     S => Solve LP; T => Evaluate node; U => Unbounded; X => User solution; Y => HiGHS solution;
     Z => ZI Round; l => Trivial lower; p => Trivial point; u => Trivial upper; z => Trivial zero

        Nodes      |    B&B Tree     |            Objective Bounds              |  Dynamic Constraints |       Work      
Src  Proc. InQueue |  Leaves   Expl. | BestBound       BestSol              Gap |   Cuts   InLp Confl. | LpIters     Time

 J       0       0         0   0.00%   -inf            19.15118352        Large        0      0      0         0     0.5s
 T       0       0         0   0.00%   0.190573142     16.46594564       98.84%        0      0      0       897     0.5s
         1       0         1 100.00%   16.46594564     16.46594564        0.00%        0      0      0       897     0.5s

Solving report
  Status            Optimal
  Primal bound      16.4659456385
  Dual bound        16.4659456385
  Gap               0% (tolerance: 0.5%)
  P-D integral      0.0214246477073
  Solution status   feasible
                    16.4659456385 (objective)
                    0 (bound viol.)
                    0 (int. viol.)
                    0 (row viol.)
  Timing            0.50
  Max sub-MIP depth 0
  Nodes             1
  Repair LPs        0
  LP iterations     897
                    0 (strong br.)
                    0 (separation)
                    0 (heuristics)
MIP has 10753 rows; 9409 cols; 25537 nonzeros; 1344 integer variables (1344 binary)
Coefficient ranges:
  Matrix  [2e-01, 3e+00]
  Cost    [1e-02, 6e-02]
  Bound   [1e+00, 1e+00]
  RHS     [2e-04, 5e+00]
Presolving model
8064 rows, 8692 cols, 22131 nonzeros 0s
6382 rows, 7344 cols, 17761 nonzeros 0s
4550 rows, 5751 cols, 12992 nonzeros 0s
2825 rows, 4020 cols, 8404 nonzeros 0s
2565 rows, 3706 cols, 7828 nonzeros 0s
Presolve reductions: rows 2565(-8188); columns 3706(-5703); nonzeros 7828(-17709) 

Solving MIP model with:
   2565 rows
   3706 cols (390 binary, 0 integer, 0 implied int., 3316 continuous, 0 domain fixed)
   7828 nonzeros

Src: B => Branching; C => Central rounding; F => Feasibility pump; H => Heuristic;
     I => Shifting; J => Feasibility jump; L => Sub-MIP; P => Empty MIP; R => Randomized rounding;
     S => Solve LP; T => Evaluate node; U => Unbounded; X => User solution; Y => HiGHS solution;
     Z => ZI Round; l => Trivial lower; p => Trivial point; u => Trivial upper; z => Trivial zero

        Nodes      |    B&B Tree     |            Objective Bounds              |  Dynamic Constraints |       Work      
Src  Proc. InQueue |  Leaves   Expl. | BestBound       BestSol              Gap |   Cuts   InLp Confl. | LpIters     Time

 J       0       0         0   0.00%   -inf            11.41172508        Large        0      0      0         0     0.5s
 T       0       0         0   0.00%   0.8645710477    7.676770201       88.74%        0      0      0      1039     0.5s
         1       0         1 100.00%   7.676770201     7.676770201        0.00%        0      0      0      1039     0.5s

Solving report
  Status            Optimal
  Primal bound      7.67677020106
  Dual bound        7.67677020106
  Gap               0% (tolerance: 0.5%)
  P-D integral      0.0416877534799
  Solution status   feasible
                    7.67677020106 (objective)
                    0 (bound viol.)
                    0 (int. viol.)
                    0 (row viol.)
  Timing            0.54
  Max sub-MIP depth 0
  Nodes             1
  Repair LPs        0
  LP iterations     1039
                    0 (strong br.)
                    0 (separation)
                    0 (heuristics)
MIP has 10753 rows; 9409 cols; 25537 nonzeros; 1344 integer variables (1344 binary)
Coefficient ranges:
  Matrix  [2e-01, 3e+00]
  Cost    [1e-02, 6e-02]
  Bound   [1e+00, 1e+00]
  RHS     [2e-04, 5e+00]
Presolving model
8064 rows, 8707 cols, 22146 nonzeros 0s
6415 rows, 7392 cols, 17846 nonzeros 0s
4615 rows, 5850 cols, 13168 nonzeros 0s
2707 rows, 4048 cols, 8154 nonzeros 0s
2422 rows, 3763 cols, 7584 nonzeros 0s
Presolve reductions: rows 2422(-8331); columns 3763(-5646); nonzeros 7584(-17953) 

Solving MIP model with:
   2422 rows
   3763 cols (350 binary, 0 integer, 0 implied int., 3413 continuous, 0 domain fixed)
   7584 nonzeros

Src: B => Branching; C => Central rounding; F => Feasibility pump; H => Heuristic;
     I => Shifting; J => Feasibility jump; L => Sub-MIP; P => Empty MIP; R => Randomized rounding;
     S => Solve LP; T => Evaluate node; U => Unbounded; X => User solution; Y => HiGHS solution;
     Z => ZI Round; l => Trivial lower; p => Trivial point; u => Trivial upper; z => Trivial zero

        Nodes      |    B&B Tree     |            Objective Bounds              |  Dynamic Constraints |       Work      
Src  Proc. InQueue |  Leaves   Expl. | BestBound       BestSol              Gap |   Cuts   InLp Confl. | LpIters     Time

 J       0       0         0   0.00%   -inf            12.90218517        Large        0      0      0         0     0.4s
 T       0       0         0   0.00%   -1.545054344    9.002142094      117.16%        0      0      0      1054     0.4s
         1       0         1 100.00%   9.002142094     9.002142094        0.00%        0      0      0      1054     0.4s

Solving report
  Status            Optimal
  Primal bound      9.00214209433
  Dual bound        9.00214209433
  Gap               0% (tolerance: 0.5%)
  P-D integral      0.0407147910038
  Solution status   feasible
                    9.00214209433 (objective)
                    0 (bound viol.)
                    0 (int. viol.)
                    0 (row viol.)
  Timing            0.43
  Max sub-MIP depth 0
  Nodes             1
  Repair LPs        0
  LP iterations     1054
                    0 (strong br.)
                    0 (separation)
                    0 (heuristics)
MIP has 10753 rows; 9409 cols; 25537 nonzeros; 1344 integer variables (1344 binary)
Coefficient ranges:
  Matrix  [2e-01, 3e+00]
  Cost    [1e-02, 6e-02]
  Bound   [1e+00, 1e+00]
  RHS     [2e-04, 5e+00]
Presolving model
8064 rows, 8724 cols, 22163 nonzeros 0s
6419 rows, 7413 cols, 17867 nonzeros 0s
4638 rows, 5891 cols, 13216 nonzeros 0s
2704 rows, 4079 cols, 8130 nonzeros 0s
2120 rows, 3457 cols, 6714 nonzeros 0s
2060 rows, 3367 cols, 6564 nonzeros 0s
Presolve reductions: rows 2060(-8693); columns 3367(-6042); nonzeros 6564(-18973) 

Solving MIP model with:
   2060 rows
   3367 cols (285 binary, 0 integer, 0 implied int., 3082 continuous, 0 domain fixed)
   6564 nonzeros

Src: B => Branching; C => Central rounding; F => Feasibility pump; H => Heuristic;
     I => Shifting; J => Feasibility jump; L => Sub-MIP; P => Empty MIP; R => Randomized rounding;
     S => Solve LP; T => Evaluate node; U => Unbounded; X => User solution; Y => HiGHS solution;
     Z => ZI Round; l => Trivial lower; p => Trivial point; u => Trivial upper; z => Trivial zero

        Nodes      |    B&B Tree     |            Objective Bounds              |  Dynamic Constraints |       Work      
Src  Proc. InQueue |  Leaves   Expl. | BestBound       BestSol              Gap |   Cuts   InLp Confl. | LpIters     Time

 J       0       0         0   0.00%   -inf            18.40153167        Large        0      0      0         0     0.5s
 T       0       0         0   0.00%   0.9333420237    13.60469758       93.14%        0      0      0       928     0.5s
         1       0         1 100.00%   13.60469758     13.60469758        0.00%        0      0      0       928     0.5s

Solving report
  Status            Optimal
  Primal bound      13.6046975848
  Dual bound        13.6046975848
  Gap               0% (tolerance: 0.5%)
  P-D integral      0.0216157896132
  Solution status   feasible
                    13.6046975848 (objective)
                    0 (bound viol.)
                    0 (int. viol.)
                    0 (row viol.)
  Timing            0.51
  Max sub-MIP depth 0
  Nodes             1
  Repair LPs        0
  LP iterations     928
                    0 (strong br.)
                    0 (separation)
                    0 (heuristics)
MIP has 10753 rows; 9409 cols; 25537 nonzeros; 1344 integer variables (1344 binary)
Coefficient ranges:
  Matrix  [2e-01, 3e+00]
  Cost    [1e-02, 6e-02]
  Bound   [1e+00, 1e+00]
  RHS     [3e-04, 5e+00]
Presolving model
8064 rows, 8744 cols, 22183 nonzeros 0s
6409 rows, 7423 cols, 17867 nonzeros 0s
4621 rows, 5885 cols, 13197 nonzeros 0s
2670 rows, 4025 cols, 8050 nonzeros 0s
2370 rows, 3664 cols, 7387 nonzeros 0s
Presolve reductions: rows 2370(-8383); columns 3664(-5745); nonzeros 7387(-18150) 

Solving MIP model with:
   2370 rows
   3664 cols (339 binary, 0 integer, 0 implied int., 3325 continuous, 0 domain fixed)
   7387 nonzeros

Src: B => Branching; C => Central rounding; F => Feasibility pump; H => Heuristic;
     I => Shifting; J => Feasibility jump; L => Sub-MIP; P => Empty MIP; R => Randomized rounding;
     S => Solve LP; T => Evaluate node; U => Unbounded; X => User solution; Y => HiGHS solution;
     Z => ZI Round; l => Trivial lower; p => Trivial point; u => Trivial upper; z => Trivial zero

        Nodes      |    B&B Tree     |            Objective Bounds              |  Dynamic Constraints |       Work      
Src  Proc. InQueue |  Leaves   Expl. | BestBound       BestSol              Gap |   Cuts   InLp Confl. | LpIters     Time

 J       0       0         0   0.00%   -inf            17.90517301        Large        0      0      0         0     0.5s
         0       0         0   0.00%   11.36971378     17.90517301       36.50%        0      0      2      1086     0.6s
 C       0       0         0   0.00%   11.39741048     11.39741048        0.00%        0      0      2      1093     0.6s
         1       0         1 100.00%   11.39741048     11.39741048        0.00%        0      0      2      1093     0.6s

Solving report
  Status            Optimal
  Primal bound      11.3974104762
  Dual bound        11.3974104762
  Gap               0% (tolerance: 0.5%)
  P-D integral      0.055935209457
  Solution status   feasible
                    11.3974104762 (objective)
                    0 (bound viol.)
                    0 (int. viol.)
                    0 (row viol.)
  Timing            0.63
  Max sub-MIP depth 0
  Nodes             1
  Repair LPs        0
  LP iterations     1093
                    0 (strong br.)
                    7 (separation)
                    0 (heuristics)
MIP has 10753 rows; 9409 cols; 25537 nonzeros; 1344 integer variables (1344 binary)
Coefficient ranges:
  Matrix  [2e-01, 3e+00]
  Cost    [1e-02, 6e-02]
  Bound   [1e+00, 1e+00]
  RHS     [2e-04, 5e+00]
Presolving model
8064 rows, 8764 cols, 22203 nonzeros 0s
6424 rows, 7458 cols, 17917 nonzeros 0s
4617 rows, 5906 cols, 13214 nonzeros 0s
2776 rows, 4131 cols, 8350 nonzeros 0s
2517 rows, 3872 cols, 7830 nonzeros 0s
Presolve reductions: rows 2517(-8236); columns 3872(-5537); nonzeros 7830(-17707) 

Solving MIP model with:
   2517 rows
   3872 cols (361 binary, 0 integer, 0 implied int., 3511 continuous, 0 domain fixed)
   7830 nonzeros

Src: B => Branching; C => Central rounding; F => Feasibility pump; H => Heuristic;
     I => Shifting; J => Feasibility jump; L => Sub-MIP; P => Empty MIP; R => Randomized rounding;
     S => Solve LP; T => Evaluate node; U => Unbounded; X => User solution; Y => HiGHS solution;
     Z => ZI Round; l => Trivial lower; p => Trivial point; u => Trivial upper; z => Trivial zero

        Nodes      |    B&B Tree     |            Objective Bounds              |  Dynamic Constraints |       Work      
Src  Proc. InQueue |  Leaves   Expl. | BestBound       BestSol              Gap |   Cuts   InLp Confl. | LpIters     Time

 J       0       0         0   0.00%   -inf            17.67246521        Large        0      0      0         0     0.5s
 T       0       0         0   0.00%   -1.936341267    11.08043171      117.48%        0      0      0      1148     0.5s
         1       0         1 100.00%   11.08043171     11.08043171        0.00%        0      0      0      1148     0.5s

Solving report
  Status            Optimal
  Primal bound      11.0804317052
  Dual bound        11.0804317052
  Gap               0% (tolerance: 0.5%)
  P-D integral      0.0309778016969
  Solution status   feasible
                    11.0804317052 (objective)
                    0 (bound viol.)
                    0 (int. viol.)
                    0 (row viol.)
  Timing            0.49
  Max sub-MIP depth 0
  Nodes             1
  Repair LPs        0
  LP iterations     1148
                    0 (strong br.)
                    0 (separation)
                    0 (heuristics)
MIP has 10753 rows; 9409 cols; 25537 nonzeros; 1344 integer variables (1344 binary)
Coefficient ranges:
  Matrix  [2e-01, 3e+00]
  Cost    [1e-02, 6e-02]
  Bound   [1e+00, 1e+00]
  RHS     [2e-04, 5e+00]
Presolving model
8064 rows, 8776 cols, 22215 nonzeros 0s
6426 rows, 7472 cols, 17933 nonzeros 0s
4636 rows, 5937 cols, 13264 nonzeros 0s
2862 rows, 4220 cols, 8587 nonzeros 0s
2610 rows, 3968 cols, 8083 nonzeros 0s
Presolve reductions: rows 2610(-8143); columns 3968(-5441); nonzeros 8083(-17454) 

Solving MIP model with:
   2610 rows
   3968 cols (377 binary, 0 integer, 0 implied int., 3591 continuous, 0 domain fixed)
   8083 nonzeros

Src: B => Branching; C => Central rounding; F => Feasibility pump; H => Heuristic;
     I => Shifting; J => Feasibility jump; L => Sub-MIP; P => Empty MIP; R => Randomized rounding;
     S => Solve LP; T => Evaluate node; U => Unbounded; X => User solution; Y => HiGHS solution;
     Z => ZI Round; l => Trivial lower; p => Trivial point; u => Trivial upper; z => Trivial zero

        Nodes      |    B&B Tree     |            Objective Bounds              |  Dynamic Constraints |       Work      
Src  Proc. InQueue |  Leaves   Expl. | BestBound       BestSol              Gap |   Cuts   InLp Confl. | LpIters     Time

 J       0       0         0   0.00%   -inf            15.49876881        Large        0      0      0         0     0.4s
 T       0       0         0   0.00%   -1.770971398    10.0611652       117.60%        0      0      0      1187     0.5s
         1       0         1 100.00%   10.0611652      10.0611652         0.00%        0      0      0      1187     0.5s

Solving report
  Status            Optimal
  Primal bound      10.0611652039
  Dual bound        10.0611652039
  Gap               0% (tolerance: 0.5%)
  P-D integral      0.0400329468828
  Solution status   feasible
                    10.0611652039 (objective)
                    0 (bound viol.)
                    0 (int. viol.)
                    0 (row viol.)
  Timing            0.47
  Max sub-MIP depth 0
  Nodes             1
  Repair LPs        0
  LP iterations     1187
                    0 (strong br.)
                    0 (separation)
                    0 (heuristics)
MIP has 10753 rows; 9409 cols; 25537 nonzeros; 1344 integer variables (1344 binary)
Coefficient ranges:
  Matrix  [2e-01, 3e+00]
  Cost    [1e-02, 6e-02]
  Bound   [1e+00, 1e+00]
  RHS     [4e-04, 5e+00]
Presolving model
8064 rows, 8786 cols, 22225 nonzeros 0s
6404 rows, 7460 cols, 17899 nonzeros 0s
4589 rows, 5888 cols, 13168 nonzeros 0s
3127 rows, 4417 cols, 9286 nonzeros 0s
2921 rows, 4202 cols, 8865 nonzeros 0s
Presolve reductions: rows 2921(-7832); columns 4202(-5207); nonzeros 8865(-16672) 

Solving MIP model with:
   2921 rows
   4202 cols (436 binary, 0 integer, 0 implied int., 3766 continuous, 0 domain fixed)
   8865 nonzeros

Src: B => Branching; C => Central rounding; F => Feasibility pump; H => Heuristic;
     I => Shifting; J => Feasibility jump; L => Sub-MIP; P => Empty MIP; R => Randomized rounding;
     S => Solve LP; T => Evaluate node; U => Unbounded; X => User solution; Y => HiGHS solution;
     Z => ZI Round; l => Trivial lower; p => Trivial point; u => Trivial upper; z => Trivial zero

        Nodes      |    B&B Tree     |            Objective Bounds              |  Dynamic Constraints |       Work      
Src  Proc. InQueue |  Leaves   Expl. | BestBound       BestSol              Gap |   Cuts   InLp Confl. | LpIters     Time

 J       0       0         0   0.00%   -inf            8.622084885        Large        0      0      0         0     0.5s
 T       0       0         0   0.00%   -1.783399903    4.658611974      138.28%        0      0      0      1247     0.5s
         1       0         1 100.00%   4.658611974     4.658611974        0.00%        0      0      0      1247     0.5s

Solving report
  Status            Optimal
  Primal bound      4.65861197405
  Dual bound        4.65861197405
  Gap               0% (tolerance: 0.5%)
  P-D integral      0.0400179153749
  Solution status   feasible
                    4.65861197405 (objective)
                    0 (bound viol.)
                    0 (int. viol.)
                    0 (row viol.)
  Timing            0.50
  Max sub-MIP depth 0
  Nodes             1
  Repair LPs        0
  LP iterations     1247
                    0 (strong br.)
                    0 (separation)
                    0 (heuristics)
MIP has 10753 rows; 9409 cols; 25537 nonzeros; 1344 integer variables (1344 binary)
Coefficient ranges:
  Matrix  [2e-01, 3e+00]
  Cost    [1e-02, 6e-02]
  Bound   [1e+00, 1e+00]
  RHS     [4e-04, 5e+00]
Presolving model
8064 rows, 8808 cols, 22247 nonzeros 0s
6412 rows, 7490 cols, 17941 nonzeros 0s
4597 rows, 5926 cols, 13226 nonzeros 0s
3290 rows, 4565 cols, 9710 nonzeros 0s
3104 rows, 4379 cols, 9338 nonzeros 0s
Presolve reductions: rows 3104(-7649); columns 4379(-5030); nonzeros 9338(-16199) 

Solving MIP model with:
   3104 rows
   4379 cols (464 binary, 0 integer, 0 implied int., 3915 continuous, 0 domain fixed)
   9338 nonzeros

Src: B => Branching; C => Central rounding; F => Feasibility pump; H => Heuristic;
     I => Shifting; J => Feasibility jump; L => Sub-MIP; P => Empty MIP; R => Randomized rounding;
     S => Solve LP; T => Evaluate node; U => Unbounded; X => User solution; Y => HiGHS solution;
     Z => ZI Round; l => Trivial lower; p => Trivial point; u => Trivial upper; z => Trivial zero

        Nodes      |    B&B Tree     |            Objective Bounds              |  Dynamic Constraints |       Work      
Src  Proc. InQueue |  Leaves   Expl. | BestBound       BestSol              Gap |   Cuts   InLp Confl. | LpIters     Time

 J       0       0         0   0.00%   -inf            5.926704028        Large        0      0      0         0     0.4s
 T       0       0         0   0.00%   -2.548153066    0.7949307166     420.55%        0      0      0      1313     0.4s
         1       0         1 100.00%   0.7949307166    0.7949307166       0.00%        0      0      0      1313     0.4s

Solving report
  Status            Optimal
  Primal bound      0.794930716565
  Dual bound        0.794930716565
  Gap               0% (tolerance: 0.5%)
  P-D integral      0.0634864617827
  Solution status   feasible
                    0.794930716565 (objective)
                    0 (bound viol.)
                    0 (int. viol.)
                    0 (row viol.)
  Timing            0.45
  Max sub-MIP depth 0
  Nodes             1
  Repair LPs        0
  LP iterations     1313
                    0 (strong br.)
                    0 (separation)
                    0 (heuristics)
MIP has 10753 rows; 9409 cols; 25537 nonzeros; 1344 integer variables (1344 binary)
Coefficient ranges:
  Matrix  [2e-01, 3e+00]
  Cost    [1e-02, 6e-02]
  Bound   [1e+00, 1e+00]
  RHS     [2e-04, 5e+00]
Presolving model
8064 rows, 8828 cols, 22267 nonzeros 0s
6414 rows, 7512 cols, 17965 nonzeros 0s
4626 rows, 5974 cols, 13303 nonzeros 0s
3275 rows, 4606 cols, 9704 nonzeros 0s
3090 rows, 4421 cols, 9334 nonzeros 0s
Presolve reductions: rows 3090(-7663); columns 4421(-4988); nonzeros 9334(-16203) 

Solving MIP model with:
   3090 rows
   4421 cols (456 binary, 0 integer, 0 implied int., 3965 continuous, 0 domain fixed)
   9334 nonzeros

Src: B => Branching; C => Central rounding; F => Feasibility pump; H => Heuristic;
     I => Shifting; J => Feasibility jump; L => Sub-MIP; P => Empty MIP; R => Randomized rounding;
     S => Solve LP; T => Evaluate node; U => Unbounded; X => User solution; Y => HiGHS solution;
     Z => ZI Round; l => Trivial lower; p => Trivial point; u => Trivial upper; z => Trivial zero

        Nodes      |    B&B Tree     |            Objective Bounds              |  Dynamic Constraints |       Work      
Src  Proc. InQueue |  Leaves   Expl. | BestBound       BestSol              Gap |   Cuts   InLp Confl. | LpIters     Time

 J       0       0         0   0.00%   -inf            8.119533164        Large        0      0      0         0     0.4s
 T       0       0         0   0.00%   -2.804438944    1.948255826      243.95%        0      0      0      1335     0.5s
         1       0         1 100.00%   1.948255826     1.948255826        0.00%        0      0      0      1335     0.5s

Solving report
  Status            Optimal
  Primal bound      1.9482558257
  Dual bound        1.9482558257
  Gap               0% (tolerance: 0.5%)
  P-D integral      0.0500731671392
  Solution status   feasible
                    1.9482558257 (objective)
                    0 (bound viol.)
                    0 (int. viol.)
                    0 (row viol.)
  Timing            0.46
  Max sub-MIP depth 0
  Nodes             1
  Repair LPs        0
  LP iterations     1335
                    0 (strong br.)
                    0 (separation)
                    0 (heuristics)
MIP has 10753 rows; 9409 cols; 25537 nonzeros; 1344 integer variables (1344 binary)
Coefficient ranges:
  Matrix  [2e-01, 3e+00]
  Cost    [1e-02, 6e-02]
  Bound   [1e+00, 1e+00]
  RHS     [1e-04, 5e+00]
Presolving model
8064 rows, 8843 cols, 22282 nonzeros 0s
6409 rows, 7522 cols, 17966 nonzeros 0s
4608 rows, 5963 cols, 13262 nonzeros 0s
3295 rows, 4602 cols, 9748 nonzeros 0s
3110 rows, 4417 cols, 9376 nonzeros 0s
Presolve reductions: rows 3110(-7643); columns 4417(-4992); nonzeros 9376(-16161) 

Solving MIP model with:
   3110 rows
   4417 cols (463 binary, 0 integer, 0 implied int., 3954 continuous, 0 domain fixed)
   9376 nonzeros

Src: B => Branching; C => Central rounding; F => Feasibility pump; H => Heuristic;
     I => Shifting; J => Feasibility jump; L => Sub-MIP; P => Empty MIP; R => Randomized rounding;
     S => Solve LP; T => Evaluate node; U => Unbounded; X => User solution; Y => HiGHS solution;
     Z => ZI Round; l => Trivial lower; p => Trivial point; u => Trivial upper; z => Trivial zero

        Nodes      |    B&B Tree     |            Objective Bounds              |  Dynamic Constraints |       Work      
Src  Proc. InQueue |  Leaves   Expl. | BestBound       BestSol              Gap |   Cuts   InLp Confl. | LpIters     Time

 J       0       0         0   0.00%   -inf            8.289757295        Large        0      0      0         0     0.5s
 T       0       0         0   0.00%   -3.223994211    1.375654883      334.36%        0      0      0      1330     0.5s
         1       0         1 100.00%   1.375654883     1.375654883        0.00%        0      0      0      1330     0.5s

Solving report
  Status            Optimal
  Primal bound      1.3756548828
  Dual bound        1.3756548828
  Gap               0% (tolerance: 0.5%)
  P-D integral      0.0538322096861
  Solution status   feasible
                    1.3756548828 (objective)
                    0 (bound viol.)
                    0 (int. viol.)
                    0 (row viol.)
  Timing            0.52
  Max sub-MIP depth 0
  Nodes             1
  Repair LPs        0
  LP iterations     1330
                    0 (strong br.)
                    0 (separation)
                    0 (heuristics)
MIP has 10753 rows; 9409 cols; 25537 nonzeros; 1344 integer variables (1344 binary)
Coefficient ranges:
  Matrix  [2e-01, 3e+00]
  Cost    [1e-02, 6e-02]
  Bound   [1e+00, 1e+00]
  RHS     [1e-04, 5e+00]
Presolving model
8064 rows, 8854 cols, 22293 nonzeros 0s
6432 rows, 7556 cols, 18027 nonzeros 0s
4648 rows, 6032 cols, 13383 nonzeros 0s
3281 rows, 4663 cols, 9747 nonzeros 0s
3077 rows, 4459 cols, 9339 nonzeros 0s
Presolve reductions: rows 3077(-7676); columns 4459(-4950); nonzeros 9339(-16198) 

Solving MIP model with:
   3077 rows
   4459 cols (451 binary, 0 integer, 0 implied int., 4008 continuous, 0 domain fixed)
   9339 nonzeros

Src: B => Branching; C => Central rounding; F => Feasibility pump; H => Heuristic;
     I => Shifting; J => Feasibility jump; L => Sub-MIP; P => Empty MIP; R => Randomized rounding;
     S => Solve LP; T => Evaluate node; U => Unbounded; X => User solution; Y => HiGHS solution;
     Z => ZI Round; l => Trivial lower; p => Trivial point; u => Trivial upper; z => Trivial zero

        Nodes      |    B&B Tree     |            Objective Bounds              |  Dynamic Constraints |       Work      
Src  Proc. InQueue |  Leaves   Expl. | BestBound       BestSol              Gap |   Cuts   InLp Confl. | LpIters     Time

 J       0       0         0   0.00%   -inf            8.756513062        Large        0      0      0         0     0.5s
 T       0       0         0   0.00%   -3.493106783    1.981358725      276.30%        0      0      0      1335     0.5s
         1       0         1 100.00%   1.981358725     1.981358725        0.00%        0      0      0      1335     0.5s

Solving report
  Status            Optimal
  Primal bound      1.98135872484
  Dual bound        1.98135872484
  Gap               0% (tolerance: 0.5%)
  P-D integral      0.0523997335968
  Solution status   feasible
                    1.98135872484 (objective)
                    0 (bound viol.)
                    0 (int. viol.)
                    0 (row viol.)
  Timing            0.52
  Max sub-MIP depth 0
  Nodes             1
  Repair LPs        0
  LP iterations     1335
                    0 (strong br.)
                    0 (separation)
                    0 (heuristics)
MIP has 10753 rows; 9409 cols; 25537 nonzeros; 1344 integer variables (1344 binary)
Coefficient ranges:
  Matrix  [2e-01, 3e+00]
  Cost    [1e-02, 6e-02]
  Bound   [1e+00, 1e+00]
  RHS     [4e-04, 5e+00]
Presolving model
8064 rows, 8869 cols, 22308 nonzeros 0s
6428 rows, 7567 cols, 18034 nonzeros 0s
4641 rows, 6034 cols, 13378 nonzeros 0s
3411 rows, 4776 cols, 10102 nonzeros 0s
3236 rows, 4601 cols, 9752 nonzeros 0s
Presolve reductions: rows 3236(-7517); columns 4601(-4808); nonzeros 9752(-15785) 

Solving MIP model with:
   3236 rows
   4601 cols (479 binary, 0 integer, 0 implied int., 4122 continuous, 0 domain fixed)
   9752 nonzeros

Src: B => Branching; C => Central rounding; F => Feasibility pump; H => Heuristic;
     I => Shifting; J => Feasibility jump; L => Sub-MIP; P => Empty MIP; R => Randomized rounding;
     S => Solve LP; T => Evaluate node; U => Unbounded; X => User solution; Y => HiGHS solution;
     Z => ZI Round; l => Trivial lower; p => Trivial point; u => Trivial upper; z => Trivial zero

        Nodes      |    B&B Tree     |            Objective Bounds              |  Dynamic Constraints |       Work      
Src  Proc. InQueue |  Leaves   Expl. | BestBound       BestSol              Gap |   Cuts   InLp Confl. | LpIters     Time

 J       0       0         0   0.00%   -inf            7.844146736        Large        0      0      0         0     0.4s
 T       0       0         0   0.00%   -3.575563969    1.660519562      315.33%        0      0      0      1372     0.5s
         1       0         1 100.00%   1.660519562     1.660519562        0.00%        0      0      0      1372     0.5s

Solving report
  Status            Optimal
  Primal bound      1.66051956195
  Dual bound        1.66051956195
  Gap               0% (tolerance: 0.5%)
  P-D integral      0.0593219579679
  Solution status   feasible
                    1.66051956195 (objective)
                    0 (bound viol.)
                    0 (int. viol.)
                    0 (row viol.)
  Timing            0.46
  Max sub-MIP depth 0
  Nodes             1
  Repair LPs        0
  LP iterations     1372
                    0 (strong br.)
                    0 (separation)
                    0 (heuristics)
MIP has 10753 rows; 9409 cols; 25537 nonzeros; 1344 integer variables (1344 binary)
Coefficient ranges:
  Matrix  [2e-01, 3e+00]
  Cost    [1e-02, 6e-02]
  Bound   [1e+00, 1e+00]
  RHS     [2e-04, 5e+00]
Presolving model
8064 rows, 8887 cols, 22326 nonzeros 0s
6422 rows, 7579 cols, 18040 nonzeros 0s
4639 rows, 6047 cols, 13389 nonzeros 0s
3529 rows, 4871 cols, 10411 nonzeros 0s
3372 rows, 4714 cols, 10097 nonzeros 0s
Presolve reductions: rows 3372(-7381); columns 4714(-4695); nonzeros 10097(-15440) 

Solving MIP model with:
   3372 rows
   4714 cols (503 binary, 0 integer, 0 implied int., 4211 continuous, 0 domain fixed)
   10097 nonzeros

Src: B => Branching; C => Central rounding; F => Feasibility pump; H => Heuristic;
     I => Shifting; J => Feasibility jump; L => Sub-MIP; P => Empty MIP; R => Randomized rounding;
     S => Solve LP; T => Evaluate node; U => Unbounded; X => User solution; Y => HiGHS solution;
     Z => ZI Round; l => Trivial lower; p => Trivial point; u => Trivial upper; z => Trivial zero

        Nodes      |    B&B Tree     |            Objective Bounds              |  Dynamic Constraints |       Work      
Src  Proc. InQueue |  Leaves   Expl. | BestBound       BestSol              Gap |   Cuts   InLp Confl. | LpIters     Time

 J       0       0         0   0.00%   -inf            7.729971237        Large        0      0      0         0     0.4s
 T       0       0         0   0.00%   -4.4428417      0.6422619198     791.75%        0      0      0      1442     0.5s
         1       0         1 100.00%   0.6422619198    0.6422619198       0.00%        0      0      0      1442     0.5s

Solving report
  Status            Optimal
  Primal bound      0.642261919759
  Dual bound        0.642261919759
  Gap               0% (tolerance: 0.5%)
  P-D integral      0.0654865677212
  Solution status   feasible
                    0.642261919759 (objective)
                    0 (bound viol.)
                    0 (int. viol.)
                    0 (row viol.)
  Timing            0.46
  Max sub-MIP depth 0
  Nodes             1
  Repair LPs        0
  LP iterations     1442
                    0 (strong br.)
                    0 (separation)
                    0 (heuristics)
MIP has 10753 rows; 9409 cols; 25537 nonzeros; 1344 integer variables (1344 binary)
Coefficient ranges:
  Matrix  [2e-01, 3e+00]
  Cost    [1e-02, 6e-02]
  Bound   [1e+00, 1e+00]
  RHS     [2e-04, 5e+00]
Presolving model
8064 rows, 8895 cols, 22334 nonzeros 0s
6421 rows, 7586 cols, 18046 nonzeros 0s
4627 rows, 6042 cols, 13372 nonzeros 0s
3572 rows, 4909 cols, 10528 nonzeros 0s
3424 rows, 4761 cols, 10232 nonzeros 0s
Presolve reductions: rows 3424(-7329); columns 4761(-4648); nonzeros 10232(-15305) 

Solving MIP model with:
   3424 rows
   4761 cols (512 binary, 0 integer, 0 implied int., 4249 continuous, 0 domain fixed)
   10232 nonzeros

Src: B => Branching; C => Central rounding; F => Feasibility pump; H => Heuristic;
     I => Shifting; J => Feasibility jump; L => Sub-MIP; P => Empty MIP; R => Randomized rounding;
     S => Solve LP; T => Evaluate node; U => Unbounded; X => User solution; Y => HiGHS solution;
     Z => ZI Round; l => Trivial lower; p => Trivial point; u => Trivial upper; z => Trivial zero

        Nodes      |    B&B Tree     |            Objective Bounds              |  Dynamic Constraints |       Work      
Src  Proc. InQueue |  Leaves   Expl. | BestBound       BestSol              Gap |   Cuts   InLp Confl. | LpIters     Time

 J       0       0         0   0.00%   -inf            7.226021417        Large        0      0      0         0     0.4s
 T       0       0         0   0.00%   -4.480325054    0.305279193     1567.62%        0      0      0      1445     0.5s
         1       0         1 100.00%   0.305279193     0.305279193        0.00%        0      0      0      1445     0.5s

Solving report
  Status            Optimal
  Primal bound      0.305279192963
  Dual bound        0.305279192963
  Gap               0% (tolerance: 0.5%)
  P-D integral      0.0678049209033
  Solution status   feasible
                    0.305279192963 (objective)
                    0 (bound viol.)
                    0 (int. viol.)
                    0 (row viol.)
  Timing            0.46
  Max sub-MIP depth 0
  Nodes             1
  Repair LPs        0
  LP iterations     1445
                    0 (strong br.)
                    0 (separation)
                    0 (heuristics)
MIP has 10753 rows; 9409 cols; 25537 nonzeros; 1344 integer variables (1344 binary)
Coefficient ranges:
  Matrix  [2e-01, 3e+00]
  Cost    [1e-02, 6e-02]
  Bound   [1e+00, 1e+00]
  RHS     [2e-04, 5e+00]
Presolving model
8064 rows, 8904 cols, 22343 nonzeros 0s
6417 rows, 7591 cols, 18047 nonzeros 0s
4633 rows, 6054 cols, 13390 nonzeros 0s
3663 rows, 5004 cols, 10786 nonzeros 0s
3530 rows, 4871 cols, 10520 nonzeros 0s
Presolve reductions: rows 3530(-7223); columns 4871(-4538); nonzeros 10520(-15017) 

Solving MIP model with:
   3530 rows
   4871 cols (530 binary, 0 integer, 0 implied int., 4341 continuous, 0 domain fixed)
   10520 nonzeros

Src: B => Branching; C => Central rounding; F => Feasibility pump; H => Heuristic;
     I => Shifting; J => Feasibility jump; L => Sub-MIP; P => Empty MIP; R => Randomized rounding;
     S => Solve LP; T => Evaluate node; U => Unbounded; X => User solution; Y => HiGHS solution;
     Z => ZI Round; l => Trivial lower; p => Trivial point; u => Trivial upper; z => Trivial zero

        Nodes      |    B&B Tree     |            Objective Bounds              |  Dynamic Constraints |       Work      
Src  Proc. InQueue |  Leaves   Expl. | BestBound       BestSol              Gap |   Cuts   InLp Confl. | LpIters     Time

 J       0       0         0   0.00%   -inf            6.511419707        Large        0      0      0         0     0.5s
 T       0       0         0   0.00%   -4.125249853    0.3856446099    1169.70%        0      0      0      1463     0.5s
         1       0         1 100.00%   0.3856446099    0.3856446099       0.00%        0      0      0      1463     0.5s

Solving report
  Status            Optimal
  Primal bound      0.38564460988
  Dual bound        0.38564460988
  Gap               0% (tolerance: 0.5%)
  P-D integral      0.0688759490262
  Solution status   feasible
                    0.38564460988 (objective)
                    0 (bound viol.)
                    0 (int. viol.)
                    0 (row viol.)
  Timing            0.51
  Max sub-MIP depth 0
  Nodes             1
  Repair LPs        0
  LP iterations     1463
                    0 (strong br.)
                    0 (separation)
                    0 (heuristics)
MIP has 10753 rows; 9409 cols; 25537 nonzeros; 1344 integer variables (1344 binary)
Coefficient ranges:
  Matrix  [2e-01, 3e+00]
  Cost    [1e-02, 6e-02]
  Bound   [1e+00, 1e+00]
  RHS     [1e-04, 5e+00]
Presolving model
8064 rows, 8914 cols, 22353 nonzeros 0s
6416 rows, 7600 cols, 18055 nonzeros 0s
4619 rows, 6045 cols, 13367 nonzeros 0s
3759 rows, 5038 cols, 11008 nonzeros 0s
3651 rows, 4930 cols, 10792 nonzeros 0s
Presolve reductions: rows 3651(-7102); columns 4930(-4479); nonzeros 10792(-14745) 

Solving MIP model with:
   3651 rows
   4930 cols (553 binary, 0 integer, 0 implied int., 4377 continuous, 0 domain fixed)
   10792 nonzeros

Src: B => Branching; C => Central rounding; F => Feasibility pump; H => Heuristic;
     I => Shifting; J => Feasibility jump; L => Sub-MIP; P => Empty MIP; R => Randomized rounding;
     S => Solve LP; T => Evaluate node; U => Unbounded; X => User solution; Y => HiGHS solution;
     Z => ZI Round; l => Trivial lower; p => Trivial point; u => Trivial upper; z => Trivial zero

        Nodes      |    B&B Tree     |            Objective Bounds              |  Dynamic Constraints |       Work      
Src  Proc. InQueue |  Leaves   Expl. | BestBound       BestSol              Gap |   Cuts   InLp Confl. | LpIters     Time

 J       0       0         0   0.00%   -inf            5.8657449          Large        0      0      0         0     0.5s
 T       0       0         0   0.00%   -3.931863145    0.2478595579    1686.33%        0      0      0      1473     0.5s
         1       0         1 100.00%   0.2478595579    0.2478595579       0.00%        0      0      0      1473     0.5s

Solving report
  Status            Optimal
  Primal bound      0.247859557871
  Dual bound        0.247859557871
  Gap               0% (tolerance: 0.5%)
  P-D integral      0.0738789511217
  Solution status   feasible
                    0.247859557871 (objective)
                    0 (bound viol.)
                    0 (int. viol.)
                    0 (row viol.)
  Timing            0.51
  Max sub-MIP depth 0
  Nodes             1
  Repair LPs        0
  LP iterations     1473
                    0 (strong br.)
                    0 (separation)
                    0 (heuristics)
MIP has 10753 rows; 9409 cols; 25537 nonzeros; 1344 integer variables (1344 binary)
Coefficient ranges:
  Matrix  [2e-01, 3e+00]
  Cost    [1e-02, 6e-02]
  Bound   [1e+00, 1e+00]
  RHS     [1e-04, 5e+00]
Presolving model
8064 rows, 8907 cols, 22346 nonzeros 0s
6415 rows, 7592 cols, 18046 nonzeros 0s
4612 rows, 6031 cols, 13346 nonzeros 0s
3702 rows, 4997 cols, 10862 nonzeros 0s
3584 rows, 4879 cols, 10626 nonzeros 0s
Presolve reductions: rows 3584(-7169); columns 4879(-4530); nonzeros 10626(-14911) 

Solving MIP model with:
   3584 rows
   4879 cols (541 binary, 0 integer, 0 implied int., 4338 continuous, 0 domain fixed)
   10626 nonzeros

Src: B => Branching; C => Central rounding; F => Feasibility pump; H => Heuristic;
     I => Shifting; J => Feasibility jump; L => Sub-MIP; P => Empty MIP; R => Randomized rounding;
     S => Solve LP; T => Evaluate node; U => Unbounded; X => User solution; Y => HiGHS solution;
     Z => ZI Round; l => Trivial lower; p => Trivial point; u => Trivial upper; z => Trivial zero

        Nodes      |    B&B Tree     |            Objective Bounds              |  Dynamic Constraints |       Work      
Src  Proc. InQueue |  Leaves   Expl. | BestBound       BestSol              Gap |   Cuts   InLp Confl. | LpIters     Time

 J       0       0         0   0.00%   -inf            4.501806114        Large        0      0      0         0     0.5s
 T       0       0         0   0.00%   -3.739795364    -0.6865615441    444.71%        0      0      0      1471     0.5s
         1       0         1 100.00%   -0.6865615441   -0.6865615441      0.00%        0      0      0      1471     0.5s

Solving report
  Status            Optimal
  Primal bound      -0.68656154409
  Dual bound        -0.68656154409
  Gap               0% (tolerance: 0.5%)
  P-D integral      0.0834394418677
  Solution status   feasible
                    -0.68656154409 (objective)
                    0 (bound viol.)
                    0 (int. viol.)
                    0 (row viol.)
  Timing            0.52
  Max sub-MIP depth 0
  Nodes             1
  Repair LPs        0
  LP iterations     1471
                    0 (strong br.)
                    0 (separation)
                    0 (heuristics)
MIP has 10753 rows; 9409 cols; 25537 nonzeros; 1344 integer variables (1344 binary)
Coefficient ranges:
  Matrix  [2e-01, 3e+00]
  Cost    [1e-02, 6e-02]
  Bound   [1e+00, 1e+00]
  RHS     [2e-04, 5e+00]
Presolving model
8064 rows, 9020 cols, 22459 nonzeros 0s
6436 rows, 7726 cols, 18201 nonzeros 0s
4656 rows, 6189 cols, 13548 nonzeros 0s
4155 rows, 5496 cols, 12182 nonzeros 0s
Presolve reductions: rows 4155(-6598); columns 5496(-3913); nonzeros 12182(-13355) 

Solving MIP model with:
   4155 rows
   5496 cols (633 binary, 0 integer, 0 implied int., 4863 continuous, 0 domain fixed)
   12182 nonzeros

Src: B => Branching; C => Central rounding; F => Feasibility pump; H => Heuristic;
     I => Shifting; J => Feasibility jump; L => Sub-MIP; P => Empty MIP; R => Randomized rounding;
     S => Solve LP; T => Evaluate node; U => Unbounded; X => User solution; Y => HiGHS solution;
     Z => ZI Round; l => Trivial lower; p => Trivial point; u => Trivial upper; z => Trivial zero

        Nodes      |    B&B Tree     |            Objective Bounds              |  Dynamic Constraints |       Work      
Src  Proc. InQueue |  Leaves   Expl. | BestBound       BestSol              Gap |   Cuts   InLp Confl. | LpIters     Time

 J       0       0         0   0.00%   -inf            4.352347208        Large        0      0      0         0     0.6s
 T       0       0         0   0.00%   -2.850775523    -0.2600542295    996.22%        0      0      0      1645     0.6s
         1       0         1 100.00%   -0.2600542295   -0.2600542295      0.00%        0      0      0      1645     0.6s

Solving report
  Status            Optimal
  Primal bound      -0.260054229527
  Dual bound        -0.260054229527
  Gap               0% (tolerance: 0.5%)
  P-D integral      0.0924127055135
  Solution status   feasible
                    -0.260054229527 (objective)
                    0 (bound viol.)
                    0 (int. viol.)
                    0 (row viol.)
  Timing            0.64
  Max sub-MIP depth 0
  Nodes             1
  Repair LPs        0
  LP iterations     1645
                    0 (strong br.)
                    0 (separation)
                    0 (heuristics)
MIP has 10753 rows; 9409 cols; 25537 nonzeros; 1344 integer variables (1344 binary)
Coefficient ranges:
  Matrix  [2e-01, 3e+00]
  Cost    [1e-02, 6e-02]
  Bound   [1e+00, 1e+00]
  RHS     [6e-04, 5e+00]
Presolving model
8064 rows, 9276 cols, 22715 nonzeros 0s
6535 rows, 8081 cols, 18655 nonzeros 0s
5350 rows, 7057 cols, 15642 nonzeros 0s
5319 rows, 6941 cols, 15495 nonzeros 0s
Presolve reductions: rows 5319(-5434); columns 6941(-2468); nonzeros 15495(-10042) 

Solving MIP model with:
   5319 rows
   6941 cols (809 binary, 0 integer, 0 implied int., 6132 continuous, 0 domain fixed)
   15495 nonzeros

Src: B => Branching; C => Central rounding; F => Feasibility pump; H => Heuristic;
     I => Shifting; J => Feasibility jump; L => Sub-MIP; P => Empty MIP; R => Randomized rounding;
     S => Solve LP; T => Evaluate node; U => Unbounded; X => User solution; Y => HiGHS solution;
     Z => ZI Round; l => Trivial lower; p => Trivial point; u => Trivial upper; z => Trivial zero

        Nodes      |    B&B Tree     |            Objective Bounds              |  Dynamic Constraints |       Work      
Src  Proc. InQueue |  Leaves   Expl. | BestBound       BestSol              Gap |   Cuts   InLp Confl. | LpIters     Time

 J       0       0         0   0.00%   -inf            4.948729195        Large        0      0      0         0     0.5s
 T       0       0         0   0.00%   -1.962523391    0.9816097359     299.93%        0      0      0      2135     0.6s
         1       0         1 100.00%   0.9816097359    0.9816097359       0.00%        0      0      0      2135     0.6s

Solving report
  Status            Optimal
  Primal bound      0.98160973594
  Dual bound        0.98160973594
  Gap               0% (tolerance: 0.5%)
  P-D integral      0.101304304649
  Solution status   feasible
                    0.98160973594 (objective)
                    0 (bound viol.)
                    0 (int. viol.)
                    0 (row viol.)
  Timing            0.57
  Max sub-MIP depth 0
  Nodes             1
  Repair LPs        0
  LP iterations     2135
                    0 (strong br.)
                    0 (separation)
                    0 (heuristics)
MIP has 10753 rows; 9409 cols; 25537 nonzeros; 1344 integer variables (1344 binary)
Coefficient ranges:
  Matrix  [2e-01, 3e+00]
  Cost    [1e-02, 6e-02]
  Bound   [1e+00, 1e+00]
  RHS     [7e-04, 5e+00]
Presolving model
8064 rows, 9173 cols, 22612 nonzeros 0s
6470 rows, 7913 cols, 18422 nonzeros 0s
5036 rows, 6662 cols, 14653 nonzeros 0s
4838 rows, 6331 cols, 14124 nonzeros 0s
Presolve reductions: rows 4838(-5915); columns 6331(-3078); nonzeros 14124(-11413) 

Solving MIP model with:
   4838 rows
   6331 cols (739 binary, 0 integer, 0 implied int., 5592 continuous, 0 domain fixed)
   14124 nonzeros

Src: B => Branching; C => Central rounding; F => Feasibility pump; H => Heuristic;
     I => Shifting; J => Feasibility jump; L => Sub-MIP; P => Empty MIP; R => Randomized rounding;
     S => Solve LP; T => Evaluate node; U => Unbounded; X => User solution; Y => HiGHS solution;
     Z => ZI Round; l => Trivial lower; p => Trivial point; u => Trivial upper; z => Trivial zero

        Nodes      |    B&B Tree     |            Objective Bounds              |  Dynamic Constraints |       Work      
Src  Proc. InQueue |  Leaves   Expl. | BestBound       BestSol              Gap |   Cuts   InLp Confl. | LpIters     Time

 J       0       0         0   0.00%   -inf            4.232657867        Large        0      0      0         0     0.4s
 T       0       0         0   0.00%   -1.985602298    0.5334869511     472.19%        0      0      0      1974     0.5s
         1       0         1 100.00%   0.5334869511    0.5334869511       0.00%        0      0      0      1974     0.5s

Solving report
  Status            Optimal
  Primal bound      0.533486951112
  Dual bound        0.533486951112
  Gap               0% (tolerance: 0.5%)
  P-D integral      0.107480766074
  Solution status   feasible
                    0.533486951112 (objective)
                    0 (bound viol.)
                    0 (int. viol.)
                    0 (row viol.)
  Timing            0.53
  Max sub-MIP depth 0
  Nodes             1
  Repair LPs        0
  LP iterations     1974
                    0 (strong br.)
                    0 (separation)
                    0 (heuristics)
MIP has 10753 rows; 9409 cols; 25537 nonzeros; 1344 integer variables (1344 binary)
Coefficient ranges:
  Matrix  [2e-01, 3e+00]
  Cost    [1e-02, 6e-02]
  Bound   [1e+00, 1e+00]
  RHS     [3e-04, 5e+00]
Presolving model
8064 rows, 8908 cols, 22347 nonzeros 0s
6389 rows, 7567 cols, 17993 nonzeros 0s
4560 rows, 5959 cols, 13220 nonzeros 0s
3874 rows, 5062 cols, 11333 nonzeros 0s
3874 rows, 5062 cols, 11333 nonzeros 0s
Presolve reductions: rows 3874(-6879); columns 5062(-4347); nonzeros 11333(-14204) 

Solving MIP model with:
   3874 rows
   5062 cols (600 binary, 0 integer, 0 implied int., 4462 continuous, 0 domain fixed)
   11333 nonzeros

Src: B => Branching; C => Central rounding; F => Feasibility pump; H => Heuristic;
     I => Shifting; J => Feasibility jump; L => Sub-MIP; P => Empty MIP; R => Randomized rounding;
     S => Solve LP; T => Evaluate node; U => Unbounded; X => User solution; Y => HiGHS solution;
     Z => ZI Round; l => Trivial lower; p => Trivial point; u => Trivial upper; z => Trivial zero

        Nodes      |    B&B Tree     |            Objective Bounds              |  Dynamic Constraints |       Work      
Src  Proc. InQueue |  Leaves   Expl. | BestBound       BestSol              Gap |   Cuts   InLp Confl. | LpIters     Time

 J       0       0         0   0.00%   -inf            4.160083044        Large        0      0      0         0     0.5s
 T       0       0         0   0.00%   -2.977657947    -0.4740666521    528.11%        0      0      0      1530     0.5s
         1       0         1 100.00%   -0.4740666521   -0.4740666521      0.00%        0      0      0      1530     0.5s

Solving report
  Status            Optimal
  Primal bound      -0.474066652137
  Dual bound        -0.474066652137
  Gap               0% (tolerance: 0.5%)
  P-D integral      0.0833969160863
  Solution status   feasible
                    -0.474066652137 (objective)
                    0 (bound viol.)
                    0 (int. viol.)
                    0 (row viol.)
  Timing            0.55
  Max sub-MIP depth 0
  Nodes             1
  Repair LPs        0
  LP iterations     1530
                    0 (strong br.)
                    0 (separation)
                    0 (heuristics)
MIP has 10753 rows; 9409 cols; 25537 nonzeros; 1344 integer variables (1344 binary)
Coefficient ranges:
  Matrix  [2e-01, 3e+00]
  Cost    [1e-02, 6e-02]
  Bound   [1e+00, 1e+00]
  RHS     [2e-04, 5e+00]
Presolving model
8064 rows, 8873 cols, 22312 nonzeros 0s
6378 rows, 7521 cols, 17938 nonzeros 0s
4546 rows, 5911 cols, 13160 nonzeros 0s
3824 rows, 4984 cols, 11119 nonzeros 0s
3736 rows, 4896 cols, 10943 nonzeros 0s
Presolve reductions: rows 3736(-7017); columns 4896(-4513); nonzeros 10943(-14594) 

Solving MIP model with:
   3736 rows
   4896 cols (578 binary, 0 integer, 0 implied int., 4318 continuous, 0 domain fixed)
   10943 nonzeros

Src: B => Branching; C => Central rounding; F => Feasibility pump; H => Heuristic;
     I => Shifting; J => Feasibility jump; L => Sub-MIP; P => Empty MIP; R => Randomized rounding;
     S => Solve LP; T => Evaluate node; U => Unbounded; X => User solution; Y => HiGHS solution;
     Z => ZI Round; l => Trivial lower; p => Trivial point; u => Trivial upper; z => Trivial zero

        Nodes      |    B&B Tree     |            Objective Bounds              |  Dynamic Constraints |       Work      
Src  Proc. InQueue |  Leaves   Expl. | BestBound       BestSol              Gap |   Cuts   InLp Confl. | LpIters     Time

 J       0       0         0   0.00%   -inf            4.680800267        Large        0      0      0         0     0.5s
 T       0       0         0   0.00%   -2.941799506    -0.1451781645   1926.34%        0      0      0      1488     0.5s
         1       0         1 100.00%   -0.1451781645   -0.1451781645      0.00%        0      0      0      1488     0.5s

Solving report
  Status            Optimal
  Primal bound      -0.145178164462
  Dual bound        -0.145178164462
  Gap               0% (tolerance: 0.5%)
  P-D integral      0.0855101951201
  Solution status   feasible
                    -0.145178164462 (objective)
                    0 (bound viol.)
                    0 (int. viol.)
                    0 (row viol.)
  Timing            0.52
  Max sub-MIP depth 0
  Nodes             1
  Repair LPs        0
  LP iterations     1488
                    0 (strong br.)
                    0 (separation)
                    0 (heuristics)
MIP has 10753 rows; 9409 cols; 25537 nonzeros; 1344 integer variables (1344 binary)
Coefficient ranges:
  Matrix  [2e-01, 3e+00]
  Cost    [1e-02, 6e-02]
  Bound   [1e+00, 1e+00]
  RHS     [2e-04, 5e+00]
Presolving model
8064 rows, 8866 cols, 22305 nonzeros 0s
6419 rows, 7555 cols, 18013 nonzeros 0s
4622 rows, 6010 cols, 13335 nonzeros 0s
3390 rows, 4726 cols, 10031 nonzeros 0s
3207 rows, 4543 cols, 9665 nonzeros 0s
Presolve reductions: rows 3207(-7546); columns 4543(-4866); nonzeros 9665(-15872) 

Solving MIP model with:
   3207 rows
   4543 cols (479 binary, 0 integer, 0 implied int., 4064 continuous, 0 domain fixed)
   9665 nonzeros

Src: B => Branching; C => Central rounding; F => Feasibility pump; H => Heuristic;
     I => Shifting; J => Feasibility jump; L => Sub-MIP; P => Empty MIP; R => Randomized rounding;
     S => Solve LP; T => Evaluate node; U => Unbounded; X => User solution; Y => HiGHS solution;
     Z => ZI Round; l => Trivial lower; p => Trivial point; u => Trivial upper; z => Trivial zero

        Nodes      |    B&B Tree     |            Objective Bounds              |  Dynamic Constraints |       Work      
Src  Proc. InQueue |  Leaves   Expl. | BestBound       BestSol              Gap |   Cuts   InLp Confl. | LpIters     Time

 J       0       0         0   0.00%   -inf            5.802108534        Large        0      0      0         0     0.4s
 T       0       0         0   0.00%   -2.800663084    0.1659792292    1787.36%        0      0      0      1358     0.5s
         1       0         1 100.00%   0.1659792292    0.1659792292       0.00%        0      0      0      1358     0.5s

Solving report
  Status            Optimal
  Primal bound      0.165979229247
  Dual bound        0.165979229247
  Gap               0% (tolerance: 0.5%)
  P-D integral      0.0714455092807
  Solution status   feasible
                    0.165979229247 (objective)
                    0 (bound viol.)
                    0 (int. viol.)
                    0 (row viol.)
  Timing            0.48
  Max sub-MIP depth 0
  Nodes             1
  Repair LPs        0
  LP iterations     1358
                    0 (strong br.)
                    0 (separation)
                    0 (heuristics)
MIP has 10753 rows; 9409 cols; 25537 nonzeros; 1344 integer variables (1344 binary)
Coefficient ranges:
  Matrix  [2e-01, 3e+00]
  Cost    [1e-02, 6e-02]
  Bound   [1e+00, 1e+00]
  RHS     [1e-04, 5e+00]
Presolving model
8064 rows, 8851 cols, 22290 nonzeros 0s
6451 rows, 7572 cols, 18062 nonzeros 0s
4680 rows, 6070 cols, 13453 nonzeros 0s
2995 rows, 4475 cols, 9017 nonzeros 0s
2747 rows, 4227 cols, 8521 nonzeros 0s
Presolve reductions: rows 2747(-8006); columns 4227(-5182); nonzeros 8521(-17016) 

Solving MIP model with:
   2747 rows
   4227 cols (387 binary, 0 integer, 0 implied int., 3840 continuous, 0 domain fixed)
   8521 nonzeros

Src: B => Branching; C => Central rounding; F => Feasibility pump; H => Heuristic;
     I => Shifting; J => Feasibility jump; L => Sub-MIP; P => Empty MIP; R => Randomized rounding;
     S => Solve LP; T => Evaluate node; U => Unbounded; X => User solution; Y => HiGHS solution;
     Z => ZI Round; l => Trivial lower; p => Trivial point; u => Trivial upper; z => Trivial zero

        Nodes      |    B&B Tree     |            Objective Bounds              |  Dynamic Constraints |       Work      
Src  Proc. InQueue |  Leaves   Expl. | BestBound       BestSol              Gap |   Cuts   InLp Confl. | LpIters     Time

 J       0       0         0   0.00%   -inf            7.492217084        Large        0      0      0         0     0.4s
 T       0       0         0   0.00%   -2.435709804    1.574492609      254.70%        0      0      0      1271     0.5s
         1       0         1 100.00%   1.574492609     1.574492609        0.00%        0      0      0      1271     0.5s

Solving report
  Status            Optimal
  Primal bound      1.57449260947
  Dual bound        1.57449260947
  Gap               0% (tolerance: 0.5%)
  P-D integral      0.0593572200885
  Solution status   feasible
                    1.57449260947 (objective)
                    0 (bound viol.)
                    0 (int. viol.)
                    0 (row viol.)
  Timing            0.47
  Max sub-MIP depth 0
  Nodes             1
  Repair LPs        0
  LP iterations     1271
                    0 (strong br.)
                    0 (separation)
                    0 (heuristics)
MIP has 10753 rows; 9409 cols; 25537 nonzeros; 1344 integer variables (1344 binary)
Coefficient ranges:
  Matrix  [2e-01, 3e+00]
  Cost    [1e-02, 6e-02]
  Bound   [1e+00, 1e+00]
  RHS     [1e-04, 5e+00]
Presolving model
8064 rows, 8838 cols, 22277 nonzeros 0s
6422 rows, 7530 cols, 17991 nonzeros 0s
4640 rows, 6001 cols, 13344 nonzeros 0s
3275 rows, 4642 cols, 9740 nonzeros 0s
3068 rows, 4435 cols, 9326 nonzeros 0s
Presolve reductions: rows 3068(-7685); columns 4435(-4974); nonzeros 9326(-16211) 

Solving MIP model with:
   3068 rows
   4435 cols (456 binary, 0 integer, 0 implied int., 3979 continuous, 0 domain fixed)
   9326 nonzeros

Src: B => Branching; C => Central rounding; F => Feasibility pump; H => Heuristic;
     I => Shifting; J => Feasibility jump; L => Sub-MIP; P => Empty MIP; R => Randomized rounding;
     S => Solve LP; T => Evaluate node; U => Unbounded; X => User solution; Y => HiGHS solution;
     Z => ZI Round; l => Trivial lower; p => Trivial point; u => Trivial upper; z => Trivial zero

        Nodes      |    B&B Tree     |            Objective Bounds              |  Dynamic Constraints |       Work      
Src  Proc. InQueue |  Leaves   Expl. | BestBound       BestSol              Gap |   Cuts   InLp Confl. | LpIters     Time

 J       0       0         0   0.00%   -inf            6.330896051        Large        0      0      0         0     0.4s
 T       0       0         0   0.00%   -2.27321131     1.447321469      257.06%        0      0      0      1304     0.5s
         1       0         1 100.00%   1.447321469     1.447321469        0.00%        0      0      0      1304     0.5s

Solving report
  Status            Optimal
  Primal bound      1.44732146901
  Dual bound        1.44732146901
  Gap               0% (tolerance: 0.5%)
  P-D integral      0.0479983406477
  Solution status   feasible
                    1.44732146901 (objective)
                    0 (bound viol.)
                    0 (int. viol.)
                    0 (row viol.)
  Timing            0.49
  Max sub-MIP depth 0
  Nodes             1
  Repair LPs        0
  LP iterations     1304
                    0 (strong br.)
                    0 (separation)
                    0 (heuristics)
MIP has 10753 rows; 9409 cols; 25537 nonzeros; 1344 integer variables (1344 binary)
Coefficient ranges:
  Matrix  [2e-01, 3e+00]
  Cost    [1e-02, 6e-02]
  Bound   [1e+00, 1e+00]
  RHS     [4e-04, 5e+00]
Presolving model
8064 rows, 8813 cols, 22252 nonzeros 0s
6402 rows, 7485 cols, 17926 nonzeros 0s
4588 rows, 5913 cols, 13204 nonzeros 0s
3373 rows, 4624 cols, 9932 nonzeros 0s
3210 rows, 4461 cols, 9606 nonzeros 0s
Presolve reductions: rows 3210(-7543); columns 4461(-4948); nonzeros 9606(-15931) 

Solving MIP model with:
   3210 rows
   4461 cols (484 binary, 0 integer, 0 implied int., 3977 continuous, 0 domain fixed)
   9606 nonzeros

Src: B => Branching; C => Central rounding; F => Feasibility pump; H => Heuristic;
     I => Shifting; J => Feasibility jump; L => Sub-MIP; P => Empty MIP; R => Randomized rounding;
     S => Solve LP; T => Evaluate node; U => Unbounded; X => User solution; Y => HiGHS solution;
     Z => ZI Round; l => Trivial lower; p => Trivial point; u => Trivial upper; z => Trivial zero

        Nodes      |    B&B Tree     |            Objective Bounds              |  Dynamic Constraints |       Work      
Src  Proc. InQueue |  Leaves   Expl. | BestBound       BestSol              Gap |   Cuts   InLp Confl. | LpIters     Time

 J       0       0         0   0.00%   -inf            6.601823004        Large        0      0      0         0     0.4s
 T       0       0         0   0.00%   -2.353073658    1.891952047      224.37%        0      0      0      1298     0.5s
         1       0         1 100.00%   1.891952047     1.891952047        0.00%        0      0      0      1298     0.5s

Solving report
  Status            Optimal
  Primal bound      1.89195204684
  Dual bound        1.89195204684
  Gap               0% (tolerance: 0.5%)
  P-D integral      0.0535102399494
  Solution status   feasible
                    1.89195204684 (objective)
                    0 (bound viol.)
                    0 (int. viol.)
                    0 (row viol.)
  Timing            0.45
  Max sub-MIP depth 0
  Nodes             1
  Repair LPs        0
  LP iterations     1298
                    0 (strong br.)
                    0 (separation)
                    0 (heuristics)
MIP has 10753 rows; 9409 cols; 25537 nonzeros; 1344 integer variables (1344 binary)
Coefficient ranges:
  Matrix  [2e-01, 3e+00]
  Cost    [1e-02, 6e-02]
  Bound   [1e+00, 1e+00]
  RHS     [5e-04, 5e+00]
Presolving model
8064 rows, 8792 cols, 22231 nonzeros 0s
6420 rows, 7482 cols, 17941 nonzeros 0s
4639 rows, 5959 cols, 13301 nonzeros 0s
3069 rows, 4418 cols, 9142 nonzeros 0s
2843 rows, 4192 cols, 8690 nonzeros 0s
Presolve reductions: rows 2843(-7910); columns 4192(-5217); nonzeros 8690(-16847) 

Solving MIP model with:
   2843 rows
   4192 cols (414 binary, 0 integer, 0 implied int., 3778 continuous, 0 domain fixed)
   8690 nonzeros

Src: B => Branching; C => Central rounding; F => Feasibility pump; H => Heuristic;
     I => Shifting; J => Feasibility jump; L => Sub-MIP; P => Empty MIP; R => Randomized rounding;
     S => Solve LP; T => Evaluate node; U => Unbounded; X => User solution; Y => HiGHS solution;
     Z => ZI Round; l => Trivial lower; p => Trivial point; u => Trivial upper; z => Trivial zero

        Nodes      |    B&B Tree     |            Objective Bounds              |  Dynamic Constraints |       Work      
Src  Proc. InQueue |  Leaves   Expl. | BestBound       BestSol              Gap |   Cuts   InLp Confl. | LpIters     Time

 J       0       0         0   0.00%   -inf            9.134523865        Large        0      0      0         0     0.4s
 T       0       0         0   0.00%   -1.931726825    4.169364487      146.33%        0      0      0      1192     0.4s
         1       0         1 100.00%   4.169364487     4.169364487        0.00%        0      0      0      1192     0.4s

Solving report
  Status            Optimal
  Primal bound      4.1693644868
  Dual bound        4.1693644868
  Gap               0% (tolerance: 0.5%)
  P-D integral      0.0393242323956
  Solution status   feasible
                    4.1693644868 (objective)
                    0 (bound viol.)
                    0 (int. viol.)
                    0 (row viol.)
  Timing            0.41
  Max sub-MIP depth 0
  Nodes             1
  Repair LPs        0
  LP iterations     1192
                    0 (strong br.)
                    0 (separation)
                    0 (heuristics)
MIP has 10753 rows; 9409 cols; 25537 nonzeros; 1344 integer variables (1344 binary)
Coefficient ranges:
  Matrix  [2e-01, 3e+00]
  Cost    [1e-02, 6e-02]
  Bound   [1e+00, 1e+00]
  RHS     [4e-04, 5e+00]
Presolving model
8064 rows, 8762 cols, 22201 nonzeros 0s
6418 rows, 7450 cols, 17907 nonzeros 0s
4628 rows, 5918 cols, 13249 nonzeros 0s
2965 rows, 4301 cols, 8853 nonzeros 0s
2719 rows, 4055 cols, 8361 nonzeros 0s
Presolve reductions: rows 2719(-8034); columns 4055(-5354); nonzeros 8361(-17176) 

Solving MIP model with:
   2719 rows
   4055 cols (397 binary, 0 integer, 0 implied int., 3658 continuous, 0 domain fixed)
   8361 nonzeros

Src: B => Branching; C => Central rounding; F => Feasibility pump; H => Heuristic;
     I => Shifting; J => Feasibility jump; L => Sub-MIP; P => Empty MIP; R => Randomized rounding;
     S => Solve LP; T => Evaluate node; U => Unbounded; X => User solution; Y => HiGHS solution;
     Z => ZI Round; l => Trivial lower; p => Trivial point; u => Trivial upper; z => Trivial zero

        Nodes      |    B&B Tree     |            Objective Bounds              |  Dynamic Constraints |       Work      
Src  Proc. InQueue |  Leaves   Expl. | BestBound       BestSol              Gap |   Cuts   InLp Confl. | LpIters     Time

 J       0       0         0   0.00%   -inf            9.407525877        Large        0      0      0         0     0.4s
 T       0       0         0   0.00%   -1.731714143    4.88585433       135.44%        0      0      0      1142     0.5s
         1       0         1 100.00%   4.88585433      4.88585433         0.00%        0      0      0      1142     0.5s

Solving report
  Status            Optimal
  Primal bound      4.88585432965
  Dual bound        4.88585432965
  Gap               0% (tolerance: 0.5%)
  P-D integral      0.0361684420111
  Solution status   feasible
                    4.88585432965 (objective)
                    0 (bound viol.)
                    0 (int. viol.)
                    0 (row viol.)
  Timing            0.47
  Max sub-MIP depth 0
  Nodes             1
  Repair LPs        0
  LP iterations     1142
                    0 (strong br.)
                    0 (separation)
                    0 (heuristics)
MIP has 10753 rows; 9409 cols; 25537 nonzeros; 1344 integer variables (1344 binary)
Coefficient ranges:
  Matrix  [2e-01, 3e+00]
  Cost    [1e-02, 6e-02]
  Bound   [1e+00, 1e+00]
  RHS     [2e-04, 5e+00]
Presolving model
8064 rows, 8750 cols, 22189 nonzeros 0s
6420 rows, 7440 cols, 17899 nonzeros 0s
4620 rows, 5900 cols, 13223 nonzeros 0s
2948 rows, 4267 cols, 8794 nonzeros 0s
2703 rows, 4009 cols, 8291 nonzeros 0s
Presolve reductions: rows 2703(-8050); columns 4009(-5400); nonzeros 8291(-17246) 

Solving MIP model with:
   2703 rows
   4009 cols (395 binary, 0 integer, 0 implied int., 3614 continuous, 0 domain fixed)
   8291 nonzeros

Src: B => Branching; C => Central rounding; F => Feasibility pump; H => Heuristic;
     I => Shifting; J => Feasibility jump; L => Sub-MIP; P => Empty MIP; R => Randomized rounding;
     S => Solve LP; T => Evaluate node; U => Unbounded; X => User solution; Y => HiGHS solution;
     Z => ZI Round; l => Trivial lower; p => Trivial point; u => Trivial upper; z => Trivial zero

        Nodes      |    B&B Tree     |            Objective Bounds              |  Dynamic Constraints |       Work      
Src  Proc. InQueue |  Leaves   Expl. | BestBound       BestSol              Gap |   Cuts   InLp Confl. | LpIters     Time

 J       0       0         0   0.00%   -inf            9.03316841         Large        0      0      0         0     0.4s
 T       0       0         0   0.00%   -1.329633174    5.149024282      125.82%        0      0      0      1136     0.4s
         1       0         1 100.00%   5.149024282     5.149024282        0.00%        0      0      0      1136     0.4s

Solving report
  Status            Optimal
  Primal bound      5.14902428164
  Dual bound        5.14902428164
  Gap               0% (tolerance: 0.5%)
  P-D integral      0.0354332105901
  Solution status   feasible
                    5.14902428164 (objective)
                    0 (bound viol.)
                    0 (int. viol.)
                    0 (row viol.)
  Timing            0.44
  Max sub-MIP depth 0
  Nodes             1
  Repair LPs        0
  LP iterations     1136
                    0 (strong br.)
                    0 (separation)
                    0 (heuristics)
MIP has 10753 rows; 9409 cols; 25537 nonzeros; 1344 integer variables (1344 binary)
Coefficient ranges:
  Matrix  [2e-01, 3e+00]
  Cost    [1e-02, 6e-02]
  Bound   [1e+00, 1e+00]
  RHS     [9e-05, 5e+00]
WARNING: Problem has some excessively small row bounds
Presolving model
8064 rows, 8755 cols, 22194 nonzeros 0s
6436 rows, 7461 cols, 17936 nonzeros 0s
4657 rows, 5950 cols, 13310 nonzeros 0s
2815 rows, 4208 cols, 8474 nonzeros 0s
2545 rows, 3922 cols, 7918 nonzeros 0s
Presolve reductions: rows 2545(-8208); columns 3922(-5487); nonzeros 7918(-17619) 

Solving MIP model with:
   2545 rows
   3922 cols (363 binary, 0 integer, 0 implied int., 3559 continuous, 0 domain fixed)
   7918 nonzeros

Src: B => Branching; C => Central rounding; F => Feasibility pump; H => Heuristic;
     I => Shifting; J => Feasibility jump; L => Sub-MIP; P => Empty MIP; R => Randomized rounding;
     S => Solve LP; T => Evaluate node; U => Unbounded; X => User solution; Y => HiGHS solution;
     Z => ZI Round; l => Trivial lower; p => Trivial point; u => Trivial upper; z => Trivial zero

        Nodes      |    B&B Tree     |            Objective Bounds              |  Dynamic Constraints |       Work      
Src  Proc. InQueue |  Leaves   Expl. | BestBound       BestSol              Gap |   Cuts   InLp Confl. | LpIters     Time

 J       0       0         0   0.00%   -inf            10.11025698        Large        0      0      0         0     0.4s
 T       0       0         0   0.00%   -0.8288006197   6.565912616      112.62%        0      0      0      1123     0.4s
         1       0         1 100.00%   6.565912616     6.565912616        0.00%        0      0      0      1123     0.4s

Solving report
  Status            Optimal
  Primal bound      6.56591261611
  Dual bound        6.56591261611
  Gap               0% (tolerance: 0.5%)
  P-D integral      0.031549851807
  Solution status   feasible
                    6.56591261611 (objective)
                    0 (bound viol.)
                    0 (int. viol.)
                    0 (row viol.)
  Timing            0.43
  Max sub-MIP depth 0
  Nodes             1
  Repair LPs        0
  LP iterations     1123
                    0 (strong br.)
                    0 (separation)
                    0 (heuristics)
MIP has 10753 rows; 9409 cols; 25537 nonzeros; 1344 integer variables (1344 binary)
Coefficient ranges:
  Matrix  [2e-01, 3e+00]
  Cost    [1e-02, 6e-02]
  Bound   [1e+00, 1e+00]
  RHS     [9e-05, 5e+00]
WARNING: Problem has some excessively small row bounds
Presolving model
8064 rows, 8734 cols, 22173 nonzeros 0s
6444 rows, 7448 cols, 17931 nonzeros 0s
4665 rows, 5943 cols, 13311 nonzeros 0s
2733 rows, 4139 cols, 8239 nonzeros 0s
2206 rows, 3653 cols, 7062 nonzeros 0s
Presolve reductions: rows 2206(-8547); columns 3653(-5756); nonzeros 7062(-18475) 

Solving MIP model with:
   2206 rows
   3653 cols (301 binary, 0 integer, 0 implied int., 3352 continuous, 0 domain fixed)
   7062 nonzeros

Src: B => Branching; C => Central rounding; F => Feasibility pump; H => Heuristic;
     I => Shifting; J => Feasibility jump; L => Sub-MIP; P => Empty MIP; R => Randomized rounding;
     S => Solve LP; T => Evaluate node; U => Unbounded; X => User solution; Y => HiGHS solution;
     Z => ZI Round; l => Trivial lower; p => Trivial point; u => Trivial upper; z => Trivial zero

        Nodes      |    B&B Tree     |            Objective Bounds              |  Dynamic Constraints |       Work      
Src  Proc. InQueue |  Leaves   Expl. | BestBound       BestSol              Gap |   Cuts   InLp Confl. | LpIters     Time

 J       0       0         0   0.00%   -inf            13.04237822        Large        0      0      0         0     0.5s
 T       0       0         0   0.00%   -0.9312159512   9.900923621      109.41%        0      0      0      1092     0.5s
         1       0         1 100.00%   9.900923621     9.900923621        0.00%        0      0      0      1092     0.5s

Solving report
  Status            Optimal
  Primal bound      9.90092362092
  Dual bound        9.90092362092
  Gap               0% (tolerance: 0.5%)
  P-D integral      0.0301419064207
  Solution status   feasible
                    9.90092362092 (objective)
                    0 (bound viol.)
                    0 (int. viol.)
                    0 (row viol.)
  Timing            0.49
  Max sub-MIP depth 0
  Nodes             1
  Repair LPs        0
  LP iterations     1092
                    0 (strong br.)
                    0 (separation)
                    0 (heuristics)
MIP has 10753 rows; 9409 cols; 25537 nonzeros; 1344 integer variables (1344 binary)
Coefficient ranges:
  Matrix  [2e-01, 3e+00]
  Cost    [1e-02, 6e-02]
  Bound   [1e+00, 1e+00]
  RHS     [9e-05, 5e+00]
WARNING: Problem has some excessively small row bounds
Presolving model
8064 rows, 8720 cols, 22159 nonzeros 0s
6429 rows, 7419 cols, 17883 nonzeros 0s
4644 rows, 5897 cols, 13228 nonzeros 0s
2712 rows, 4089 cols, 8148 nonzeros 0s
2102 rows, 3531 cols, 6723 nonzeros 0s
2041 rows, 3470 cols, 6601 nonzeros 0s
Presolve reductions: rows 2041(-8712); columns 3470(-5939); nonzeros 6601(-18936) 

Solving MIP model with:
   2041 rows
   3470 cols (273 binary, 0 integer, 0 implied int., 3197 continuous, 0 domain fixed)
   6601 nonzeros

Src: B => Branching; C => Central rounding; F => Feasibility pump; H => Heuristic;
     I => Shifting; J => Feasibility jump; L => Sub-MIP; P => Empty MIP; R => Randomized rounding;
     S => Solve LP; T => Evaluate node; U => Unbounded; X => User solution; Y => HiGHS solution;
     Z => ZI Round; l => Trivial lower; p => Trivial point; u => Trivial upper; z => Trivial zero

        Nodes      |    B&B Tree     |            Objective Bounds              |  Dynamic Constraints |       Work      
Src  Proc. InQueue |  Leaves   Expl. | BestBound       BestSol              Gap |   Cuts   InLp Confl. | LpIters     Time

 J       0       0         0   0.00%   -inf            13.86887134        Large        0      0      0         0     0.5s
 T       0       0         0   0.00%   -0.4514575792   11.10366968      104.07%        0      0      0      1030     0.5s
         1       0         1 100.00%   11.10366968     11.10366968        0.00%        0      0      0      1030     0.5s

Solving report
  Status            Optimal
  Primal bound      11.1036696769
  Dual bound        11.1036696769
  Gap               0% (tolerance: 0.5%)
  P-D integral      0.037281696292
  Solution status   feasible
                    11.1036696769 (objective)
                    0 (bound viol.)
                    0 (int. viol.)
                    0 (row viol.)
  Timing            0.51
  Max sub-MIP depth 0
  Nodes             1
  Repair LPs        0
  LP iterations     1030
                    0 (strong br.)
                    0 (separation)
                    0 (heuristics)
MIP has 10753 rows; 9409 cols; 25537 nonzeros; 1344 integer variables (1344 binary)
Coefficient ranges:
  Matrix  [2e-01, 3e+00]
  Cost    [1e-02, 6e-02]
  Bound   [1e+00, 1e+00]
  RHS     [9e-05, 5e+00]
WARNING: Problem has some excessively small row bounds
Presolving model
8064 rows, 8827 cols, 22266 nonzeros 0s
6478 rows, 7575 cols, 18088 nonzeros 0s
4742 rows, 6121 cols, 13546 nonzeros 0s
2876 rows, 4429 cols, 8656 nonzeros 0s
1953 rows, 3621 cols, 6411 nonzeros 0s
1831 rows, 3499 cols, 6167 nonzeros 0s
Presolve reductions: rows 1831(-8922); columns 3499(-5910); nonzeros 6167(-19370) 

Solving MIP model with:
   1831 rows
   3499 cols (210 binary, 0 integer, 0 implied int., 3289 continuous, 0 domain fixed)
   6167 nonzeros

Src: B => Branching; C => Central rounding; F => Feasibility pump; H => Heuristic;
     I => Shifting; J => Feasibility jump; L => Sub-MIP; P => Empty MIP; R => Randomized rounding;
     S => Solve LP; T => Evaluate node; U => Unbounded; X => User solution; Y => HiGHS solution;
     Z => ZI Round; l => Trivial lower; p => Trivial point; u => Trivial upper; z => Trivial zero

        Nodes      |    B&B Tree     |            Objective Bounds              |  Dynamic Constraints |       Work      
Src  Proc. InQueue |  Leaves   Expl. | BestBound       BestSol              Gap |   Cuts   InLp Confl. | LpIters     Time

 J       0       0         0   0.00%   -inf            14.57934234        Large        0      0      0         0     0.5s
 T       0       0         0   0.00%   -0.4572489284   12.32435747      103.71%        0      0      0      1077     0.5s
         1       0         1 100.00%   12.32435747     12.32435747        0.00%        0      0      0      1077     0.5s

Solving report
  Status            Optimal
  Primal bound      12.3243574686
  Dual bound        12.3243574686
  Gap               0% (tolerance: 0.5%)
  P-D integral      0.0271240828874
  Solution status   feasible
                    12.3243574686 (objective)
                    0 (bound viol.)
                    0 (int. viol.)
                    0 (row viol.)
  Timing            0.52
  Max sub-MIP depth 0
  Nodes             1
  Repair LPs        0
  LP iterations     1077
                    0 (strong br.)
                    0 (separation)
                    0 (heuristics)
MIP has 10753 rows; 9409 cols; 25537 nonzeros; 1344 integer variables (1344 binary)
Coefficient ranges:
  Matrix  [2e-01, 3e+00]
  Cost    [1e-02, 6e-02]
  Bound   [1e+00, 1e+00]
  RHS     [2e-05, 5e+00]
WARNING: Problem has some excessively small row bounds
Presolving model
8064 rows, 9176 cols, 22615 nonzeros 0s
6594 rows, 8040 cols, 18673 nonzeros 0s
5003 rows, 6766 cols, 14472 nonzeros 0s
3268 rows, 5320 cols, 9955 nonzeros 0s
1756 rows, 4059 cols, 6110 nonzeros 0s
1494 rows, 3760 cols, 5549 nonzeros 0s
Presolve reductions: rows 1494(-9259); columns 3760(-5649); nonzeros 5549(-19988) 

Solving MIP model with:
   1494 rows
   3760 cols (74 binary, 0 integer, 0 implied int., 3686 continuous, 0 domain fixed)
   5549 nonzeros

Src: B => Branching; C => Central rounding; F => Feasibility pump; H => Heuristic;
     I => Shifting; J => Feasibility jump; L => Sub-MIP; P => Empty MIP; R => Randomized rounding;
     S => Solve LP; T => Evaluate node; U => Unbounded; X => User solution; Y => HiGHS solution;
     Z => ZI Round; l => Trivial lower; p => Trivial point; u => Trivial upper; z => Trivial zero

        Nodes      |    B&B Tree     |            Objective Bounds              |  Dynamic Constraints |       Work      
Src  Proc. InQueue |  Leaves   Expl. | BestBound       BestSol              Gap |   Cuts   InLp Confl. | LpIters     Time

         0       0         0   0.00%   0.5517833359    inf                  inf        0      0      0         0     0.5s
 T       0       0         0   0.00%   0.5517833359    16.15387525       96.58%        0      0      0      1247     0.5s
         1       0         1 100.00%   16.15387525     16.15387525        0.00%        0      0      0      1247     0.5s

Solving report
  Status            Optimal
  Primal bound      16.1538752488
  Dual bound        16.1538752488
  Gap               0% (tolerance: 0.5%)
  P-D integral      6.85747873625e-05
  Solution status   feasible
                    16.1538752488 (objective)
                    0 (bound viol.)
                    0 (int. viol.)
                    0 (row viol.)
  Timing            0.49
  Max sub-MIP depth 0
  Nodes             1
  Repair LPs        0
  LP iterations     1247
                    0 (strong br.)
                    0 (separation)
                    0 (heuristics)
MIP has 10753 rows; 9409 cols; 25537 nonzeros; 1344 integer variables (1344 binary)
Coefficient ranges:
  Matrix  [2e-01, 3e+00]
  Cost    [1e-02, 6e-02]
  Bound   [1e+00, 1e+00]
  RHS     [2e-05, 5e+00]
WARNING: Problem has some excessively small row bounds
Presolving model
8064 rows, 9068 cols, 22507 nonzeros 0s
6562 rows, 7900 cols, 18501 nonzeros 0s
4936 rows, 6582 cols, 14221 nonzeros 0s
3162 rows, 5072 cols, 9601 nonzeros 0s
1176 rows, 2018 cols, 3753 nonzeros 0s
1054 rows, 1772 cols, 3385 nonzeros 0s
Presolve reductions: rows 1054(-9699); columns 1772(-7637); nonzeros 3385(-22152) 

Solving MIP model with:
   1054 rows
   1772 cols (140 binary, 0 integer, 0 implied int., 1632 continuous, 0 domain fixed)
   3385 nonzeros

Src: B => Branching; C => Central rounding; F => Feasibility pump; H => Heuristic;
     I => Shifting; J => Feasibility jump; L => Sub-MIP; P => Empty MIP; R => Randomized rounding;
     S => Solve LP; T => Evaluate node; U => Unbounded; X => User solution; Y => HiGHS solution;
     Z => ZI Round; l => Trivial lower; p => Trivial point; u => Trivial upper; z => Trivial zero

        Nodes      |    B&B Tree     |            Objective Bounds              |  Dynamic Constraints |       Work      
Src  Proc. InQueue |  Leaves   Expl. | BestBound       BestSol              Gap |   Cuts   InLp Confl. | LpIters     Time

 J       0       0         0   0.00%   -inf            14.37858035        Large        0      0      0         0     0.4s
 T       0       0         0   0.00%   9.375297914     13.61853529       31.16%        0      0      0       510     0.5s
         1       0         1 100.00%   13.61853529     13.61853529        0.00%        0      0      0       510     0.5s

Solving report
  Status            Optimal
  Primal bound      13.6185352891
  Dual bound        13.6185352891
  Gap               0% (tolerance: 0.5%)
  P-D integral      0.00403032087231
  Solution status   feasible
                    13.6185352891 (objective)
                    0 (bound viol.)
                    0 (int. viol.)
                    0 (row viol.)
  Timing            0.46
  Max sub-MIP depth 0
  Nodes             1
  Repair LPs        0
  LP iterations     510
                    0 (strong br.)
                    0 (separation)
                    0 (heuristics)
MIP has 10753 rows; 9409 cols; 25537 nonzeros; 1344 integer variables (1344 binary)
Coefficient ranges:
  Matrix  [2e-01, 3e+00]
  Cost    [1e-02, 6e-02]
  Bound   [1e+00, 1e+00]
  RHS     [2e-04, 5e+00]
Presolving model
8064 rows, 8560 cols, 21999 nonzeros 0s
6407 rows, 7236 cols, 17678 nonzeros 0s
4595 rows, 5681 cols, 12959 nonzeros 0s
2659 rows, 3826 cols, 7836 nonzeros 0s
2430 rows, 3037 cols, 5730 nonzeros 0s
1429 rows, 2749 cols, 4801 nonzeros 0s
1244 rows, 2544 cols, 4411 nonzeros 0s
Presolve reductions: rows 1244(-9509); columns 2544(-6865); nonzeros 4411(-21126) 

Solving MIP model with:
   1244 rows
   2544 cols (156 binary, 0 integer, 0 implied int., 2388 continuous, 0 domain fixed)
   4411 nonzeros

Src: B => Branching; C => Central rounding; F => Feasibility pump; H => Heuristic;
     I => Shifting; J => Feasibility jump; L => Sub-MIP; P => Empty MIP; R => Randomized rounding;
     S => Solve LP; T => Evaluate node; U => Unbounded; X => User solution; Y => HiGHS solution;
     Z => ZI Round; l => Trivial lower; p => Trivial point; u => Trivial upper; z => Trivial zero

        Nodes      |    B&B Tree     |            Objective Bounds              |  Dynamic Constraints |       Work      
Src  Proc. InQueue |  Leaves   Expl. | BestBound       BestSol              Gap |   Cuts   InLp Confl. | LpIters     Time

 J       0       0         0   0.00%   -inf            12.99651921        Large        0      0      0         0     0.6s
 T       0       0         0   0.00%   0.8267960201    12.15639974       93.20%        0      0      0       496     0.6s
         1       0         1 100.00%   12.15639974     12.15639974        0.00%        0      0      0       496     0.6s

Solving report
  Status            Optimal
  Primal bound      12.1563997422
  Dual bound        12.1563997422
  Gap               0% (tolerance: 0.5%)
  P-D integral      0.0268775581269
  Solution status   feasible
                    12.1563997422 (objective)
                    0 (bound viol.)
                    0 (int. viol.)
                    0 (row viol.)
  Timing            0.61
  Max sub-MIP depth 0
  Nodes             1
  Repair LPs        0
  LP iterations     496
                    0 (strong br.)
                    0 (separation)
                    0 (heuristics)
MIP has 10753 rows; 9409 cols; 25537 nonzeros; 1344 integer variables (1344 binary)
Coefficient ranges:
  Matrix  [2e-01, 3e+00]
  Cost    [1e-02, 6e-02]
  Bound   [1e+00, 1e+00]
  RHS     [4e-04, 5e+00]
Presolving model
8064 rows, 8414 cols, 21853 nonzeros 0s
6386 rows, 7070 cols, 17491 nonzeros 0s
4560 rows, 5500 cols, 12743 nonzeros 0s
2622 rows, 3675 cols, 7640 nonzeros 0s
2418 rows, 2710 cols, 4964 nonzeros 0s
1015 rows, 2221 cols, 3570 nonzeros 0s
807 rows, 1865 cols, 3006 nonzeros 0s
719 rows, 1460 cols, 2513 nonzeros 0s
627 rows, 1114 cols, 2075 nonzeros 0s
Presolve reductions: rows 627(-10126); columns 1114(-8295); nonzeros 2075(-23462) 

Solving MIP model with:
   627 rows
   1114 cols (84 binary, 0 integer, 0 implied int., 1030 continuous, 0 domain fixed)
   2075 nonzeros

Src: B => Branching; C => Central rounding; F => Feasibility pump; H => Heuristic;
     I => Shifting; J => Feasibility jump; L => Sub-MIP; P => Empty MIP; R => Randomized rounding;
     S => Solve LP; T => Evaluate node; U => Unbounded; X => User solution; Y => HiGHS solution;
     Z => ZI Round; l => Trivial lower; p => Trivial point; u => Trivial upper; z => Trivial zero

        Nodes      |    B&B Tree     |            Objective Bounds              |  Dynamic Constraints |       Work      
Src  Proc. InQueue |  Leaves   Expl. | BestBound       BestSol              Gap |   Cuts   InLp Confl. | LpIters     Time

 J       0       0         0   0.00%   -inf            18.05699335        Large        0      0      0         0     0.5s
 T       0       0         0   0.00%   11.6262409      17.65179807       34.14%        0      0      0       288     0.5s
         1       0         1 100.00%   17.65179807     17.65179807        0.00%        0      0      0       288     0.5s

Solving report
  Status            Optimal
  Primal bound      17.651798074
  Dual bound        17.651798074
  Gap               0% (tolerance: 0.5%)
  P-D integral      0.00335265690593
  Solution status   feasible
                    17.651798074 (objective)
                    0 (bound viol.)
                    0 (int. viol.)
                    0 (row viol.)
  Timing            0.46
  Max sub-MIP depth 0
  Nodes             1
  Repair LPs        0
  LP iterations     288
                    0 (strong br.)
                    0 (separation)
                    0 (heuristics)
MIP has 10753 rows; 9409 cols; 25537 nonzeros; 1344 integer variables (1344 binary)
Coefficient ranges:
  Matrix  [2e-01, 3e+00]
  Cost    [1e-02, 6e-02]
  Bound   [1e+00, 1e+00]
  RHS     [2e-04, 5e+00]
Presolving model
8064 rows, 8526 cols, 21965 nonzeros 0s
6391 rows, 7187 cols, 17613 nonzeros 0s
4585 rows, 5636 cols, 12904 nonzeros 0s
2642 rows, 3814 cols, 7807 nonzeros 0s
2377 rows, 2889 cols, 5563 nonzeros 0s
1485 rows, 2657 cols, 4845 nonzeros 0s
1350 rows, 2503 cols, 4554 nonzeros 0s
Presolve reductions: rows 1350(-9403); columns 2503(-6906); nonzeros 4554(-20983) 

Solving MIP model with:
   1350 rows
   2503 cols (176 binary, 0 integer, 0 implied int., 2327 continuous, 0 domain fixed)
   4554 nonzeros

Src: B => Branching; C => Central rounding; F => Feasibility pump; H => Heuristic;
     I => Shifting; J => Feasibility jump; L => Sub-MIP; P => Empty MIP; R => Randomized rounding;
     S => Solve LP; T => Evaluate node; U => Unbounded; X => User solution; Y => HiGHS solution;
     Z => ZI Round; l => Trivial lower; p => Trivial point; u => Trivial upper; z => Trivial zero

        Nodes      |    B&B Tree     |            Objective Bounds              |  Dynamic Constraints |       Work      
Src  Proc. InQueue |  Leaves   Expl. | BestBound       BestSol              Gap |   Cuts   InLp Confl. | LpIters     Time

 J       0       0         0   0.00%   -inf            20.94543662        Large        0      0      0         0     0.6s
 T       0       0         0   0.00%   4.407715141     19.93891836       77.89%        0      0      0       628     0.6s
         1       0         1 100.00%   19.93891836     19.93891836        0.00%        0      0      0       628     0.6s

Solving report
  Status            Optimal
  Primal bound      19.9389183625
  Dual bound        19.9389183625
  Gap               0% (tolerance: 0.5%)
  P-D integral      0.0129820220528
  Solution status   feasible
                    19.9389183625 (objective)
                    0 (bound viol.)
                    0 (int. viol.)
                    0 (row viol.)
  Timing            0.60
  Max sub-MIP depth 0
  Nodes             1
  Repair LPs        0
  LP iterations     628
                    0 (strong br.)
                    0 (separation)
                    0 (heuristics)
MIP has 10753 rows; 9409 cols; 25537 nonzeros; 1344 integer variables (1344 binary)
Coefficient ranges:
  Matrix  [2e-01, 3e+00]
  Cost    [1e-02, 6e-02]
  Bound   [1e+00, 1e+00]
  RHS     [2e-04, 5e+00]
Presolving model
8064 rows, 8605 cols, 22044 nonzeros 0s
6402 rows, 7277 cols, 17714 nonzeros 0s
4586 rows, 5720 cols, 12990 nonzeros 0s
2635 rows, 3877 cols, 7855 nonzeros 0s
1768 rows, 3089 cols, 5738 nonzeros 0s
1640 rows, 2874 cols, 5395 nonzeros 0s
Presolve reductions: rows 1640(-9113); columns 2874(-6535); nonzeros 5395(-20142) 

Solving MIP model with:
   1640 rows
   2874 cols (221 binary, 0 integer, 0 implied int., 2653 continuous, 0 domain fixed)
   5395 nonzeros

Src: B => Branching; C => Central rounding; F => Feasibility pump; H => Heuristic;
     I => Shifting; J => Feasibility jump; L => Sub-MIP; P => Empty MIP; R => Randomized rounding;
     S => Solve LP; T => Evaluate node; U => Unbounded; X => User solution; Y => HiGHS solution;
     Z => ZI Round; l => Trivial lower; p => Trivial point; u => Trivial upper; z => Trivial zero

        Nodes      |    B&B Tree     |            Objective Bounds              |  Dynamic Constraints |       Work      
Src  Proc. InQueue |  Leaves   Expl. | BestBound       BestSol              Gap |   Cuts   InLp Confl. | LpIters     Time

 J       0       0         0   0.00%   -inf            20.66192791        Large        0      0      0         0     0.5s
 T       0       0         0   0.00%   2.089355536     19.52061416       89.30%        0      0      0       733     0.5s
         1       0         1 100.00%   19.52061416     19.52061416        0.00%        0      0      0       733     0.5s

Solving report
  Status            Optimal
  Primal bound      19.5206141576
  Dual bound        19.5206141576
  Gap               0% (tolerance: 0.5%)
  P-D integral      0.0161979924026
  Solution status   feasible
                    19.5206141576 (objective)
                    0 (bound viol.)
                    0 (int. viol.)
                    0 (row viol.)
  Timing            0.51
  Max sub-MIP depth 0
  Nodes             1
  Repair LPs        0
  LP iterations     733
                    0 (strong br.)
                    0 (separation)
                    0 (heuristics)
MIP has 10753 rows; 9409 cols; 25537 nonzeros; 1344 integer variables (1344 binary)
Coefficient ranges:
  Matrix  [2e-01, 3e+00]
  Cost    [1e-02, 6e-02]
  Bound   [1e+00, 1e+00]
  RHS     [1e-04, 5e+00]
WARNING: Problem has some excessively small row bounds
Presolving model
8064 rows, 8586 cols, 22025 nonzeros 0s
6417 rows, 7273 cols, 17725 nonzeros 0s
4615 rows, 5738 cols, 13036 nonzeros 0s
2689 rows, 3929 cols, 7969 nonzeros 0s
1574 rows, 2923 cols, 5206 nonzeros 0s
1376 rows, 2594 cols, 4679 nonzeros 0s
Presolve reductions: rows 1376(-9377); columns 2594(-6815); nonzeros 4679(-20858) 

Solving MIP model with:
   1376 rows
   2594 cols (178 binary, 0 integer, 0 implied int., 2416 continuous, 0 domain fixed)
   4679 nonzeros

Src: B => Branching; C => Central rounding; F => Feasibility pump; H => Heuristic;
     I => Shifting; J => Feasibility jump; L => Sub-MIP; P => Empty MIP; R => Randomized rounding;
     S => Solve LP; T => Evaluate node; U => Unbounded; X => User solution; Y => HiGHS solution;
     Z => ZI Round; l => Trivial lower; p => Trivial point; u => Trivial upper; z => Trivial zero

        Nodes      |    B&B Tree     |            Objective Bounds              |  Dynamic Constraints |       Work      
Src  Proc. InQueue |  Leaves   Expl. | BestBound       BestSol              Gap |   Cuts   InLp Confl. | LpIters     Time

 J       0       0         0   0.00%   -inf            22.76949311        Large        0      0      0         0     0.5s
 T       0       0         0   0.00%   3.650414463     22.26771613       83.61%        0      0      0       641     0.5s
         1       0         1 100.00%   22.26771613     22.26771613        0.00%        0      0      0       641     0.5s

Solving report
  Status            Optimal
  Primal bound      22.2677161252
  Dual bound        22.2677161252
  Gap               0% (tolerance: 0.5%)
  P-D integral      0.0136946906363
  Solution status   feasible
                    22.2677161252 (objective)
                    0 (bound viol.)
                    0 (int. viol.)
                    0 (row viol.)
  Timing            0.49
  Max sub-MIP depth 0
  Nodes             1
  Repair LPs        0
  LP iterations     641
                    0 (strong br.)
                    0 (separation)
                    0 (heuristics)
MIP has 10753 rows; 9409 cols; 25537 nonzeros; 1344 integer variables (1344 binary)
Coefficient ranges:
  Matrix  [2e-01, 3e+00]
  Cost    [1e-02, 6e-02]
  Bound   [1e+00, 1e+00]
  RHS     [1e-04, 5e+00]
WARNING: Problem has some excessively small row bounds
Presolving model
8064 rows, 8540 cols, 21979 nonzeros 0s
6404 rows, 7214 cols, 17653 nonzeros 0s
4602 rows, 5671 cols, 12956 nonzeros 0s
2678 rows, 3875 cols, 7900 nonzeros 0s
2472 rows, 3084 cols, 5741 nonzeros 0s
1377 rows, 2682 cols, 4628 nonzeros 0s
1151 rows, 2241 cols, 3961 nonzeros 0s
1089 rows, 2053 cols, 3711 nonzeros 0s
Presolve reductions: rows 1089(-9664); columns 2053(-7356); nonzeros 3711(-21826) 

Solving MIP model with:
   1089 rows
   2053 cols (143 binary, 0 integer, 0 implied int., 1910 continuous, 0 domain fixed)
   3711 nonzeros

Src: B => Branching; C => Central rounding; F => Feasibility pump; H => Heuristic;
     I => Shifting; J => Feasibility jump; L => Sub-MIP; P => Empty MIP; R => Randomized rounding;
     S => Solve LP; T => Evaluate node; U => Unbounded; X => User solution; Y => HiGHS solution;
     Z => ZI Round; l => Trivial lower; p => Trivial point; u => Trivial upper; z => Trivial zero

        Nodes      |    B&B Tree     |            Objective Bounds              |  Dynamic Constraints |       Work      
Src  Proc. InQueue |  Leaves   Expl. | BestBound       BestSol              Gap |   Cuts   InLp Confl. | LpIters     Time

 J       0       0         0   0.00%   -inf            23.37896983        Large        0      0      0         0     0.5s
 T       0       0         0   0.00%   8.797263639     22.66898303       61.19%        0      0      0       381     0.5s
         1       0         1 100.00%   22.66898303     22.66898303        0.00%        0      0      0       381     0.5s

Solving report
  Status            Optimal
  Primal bound      22.6689830329
  Dual bound        22.6689830329
  Gap               0% (tolerance: 0.5%)
  P-D integral      0.011388805689
  Solution status   feasible
                    22.6689830329 (objective)
                    0 (bound viol.)
                    0 (int. viol.)
                    0 (row viol.)
  Timing            0.48
  Max sub-MIP depth 0
  Nodes             1
  Repair LPs        0
  LP iterations     381
                    0 (strong br.)
                    0 (separation)
                    0 (heuristics)
MIP has 10753 rows; 9409 cols; 25537 nonzeros; 1344 integer variables (1344 binary)
Coefficient ranges:
  Matrix  [2e-01, 3e+00]
  Cost    [1e-02, 6e-02]
  Bound   [1e+00, 1e+00]
  RHS     [1e-03, 5e+00]
Presolving model
8064 rows, 8485 cols, 21924 nonzeros 0s
6398 rows, 7153 cols, 17586 nonzeros 0s
4570 rows, 5588 cols, 12841 nonzeros 0s
2643 rows, 3772 cols, 7758 nonzeros 0s
2421 rows, 2869 cols, 5311 nonzeros 0s
1192 rows, 2465 cols, 4114 nonzeros 0s
954 rows, 2109 cols, 3520 nonzeros 0s
932 rows, 2034 cols, 3423 nonzeros 0s
Presolve reductions: rows 932(-9821); columns 2034(-7375); nonzeros 3423(-22114) 

Solving MIP model with:
   932 rows
   2034 cols (115 binary, 0 integer, 0 implied int., 1919 continuous, 0 domain fixed)
   3423 nonzeros

Src: B => Branching; C => Central rounding; F => Feasibility pump; H => Heuristic;
     I => Shifting; J => Feasibility jump; L => Sub-MIP; P => Empty MIP; R => Randomized rounding;
     S => Solve LP; T => Evaluate node; U => Unbounded; X => User solution; Y => HiGHS solution;
     Z => ZI Round; l => Trivial lower; p => Trivial point; u => Trivial upper; z => Trivial zero

        Nodes      |    B&B Tree     |            Objective Bounds              |  Dynamic Constraints |       Work      
Src  Proc. InQueue |  Leaves   Expl. | BestBound       BestSol              Gap |   Cuts   InLp Confl. | LpIters     Time

 J       0       0         0   0.00%   -inf            23.65138053        Large        0      0      0         0     0.5s
 T       0       0         0   0.00%   4.136262897     23.03182951       82.04%        0      0      0       312     0.5s
         1       0         1 100.00%   23.03182951     23.03182951        0.00%        0      0      0       312     0.5s

Solving report
  Status            Optimal
  Primal bound      23.0318295059
  Dual bound        23.0318295059
  Gap               0% (tolerance: 0.5%)
  P-D integral      0.0124790228539
  Solution status   feasible
                    23.0318295059 (objective)
                    0 (bound viol.)
                    0 (int. viol.)
                    0 (row viol.)
  Timing            0.51
  Max sub-MIP depth 0
  Nodes             1
  Repair LPs        0
  LP iterations     312
                    0 (strong br.)
                    0 (separation)
                    0 (heuristics)
MIP has 10753 rows; 9409 cols; 25537 nonzeros; 1344 integer variables (1344 binary)
Coefficient ranges:
  Matrix  [2e-01, 3e+00]
  Cost    [1e-02, 6e-02]
  Bound   [1e+00, 1e+00]
  RHS     [2e-04, 5e+00]
Presolving model
8064 rows, 8504 cols, 21943 nonzeros 0s
6417 rows, 7191 cols, 17643 nonzeros 0s
4616 rows, 5658 cols, 12957 nonzeros 0s
2709 rows, 3895 cols, 7947 nonzeros 0s
2499 rows, 2903 cols, 5207 nonzeros 0s
1084 rows, 2483 cols, 3880 nonzeros 0s
830 rows, 2106 cols, 3249 nonzeros 0s
693 rows, 1588 cols, 2594 nonzeros 0s
Presolve reductions: rows 693(-10060); columns 1588(-7821); nonzeros 2594(-22943) 

Solving MIP model with:
   693 rows
   1588 cols (79 binary, 0 integer, 0 implied int., 1509 continuous, 0 domain fixed)
   2594 nonzeros

Src: B => Branching; C => Central rounding; F => Feasibility pump; H => Heuristic;
     I => Shifting; J => Feasibility jump; L => Sub-MIP; P => Empty MIP; R => Randomized rounding;
     S => Solve LP; T => Evaluate node; U => Unbounded; X => User solution; Y => HiGHS solution;
     Z => ZI Round; l => Trivial lower; p => Trivial point; u => Trivial upper; z => Trivial zero

        Nodes      |    B&B Tree     |            Objective Bounds              |  Dynamic Constraints |       Work      
Src  Proc. InQueue |  Leaves   Expl. | BestBound       BestSol              Gap |   Cuts   InLp Confl. | LpIters     Time

 J       0       0         0   0.00%   -inf            25.83487868        Large        0      0      0         0     0.5s
 T       0       0         0   0.00%   9.891676095     25.65490771       61.44%        0      0      0       183     0.5s
         1       0         1 100.00%   25.65490771     25.65490771        0.00%        0      0      0       183     0.5s

Solving report
  Status            Optimal
  Primal bound      25.6549077069
  Dual bound        25.6549077069
  Gap               0% (tolerance: 0.5%)
  P-D integral      0.00617752999379
  Solution status   feasible
                    25.6549077069 (objective)
                    0 (bound viol.)
                    0 (int. viol.)
                    0 (row viol.)
  Timing            0.53
  Max sub-MIP depth 0
  Nodes             1
  Repair LPs        0
  LP iterations     183
                    0 (strong br.)
                    0 (separation)
                    0 (heuristics)
MIP has 10753 rows; 9409 cols; 25537 nonzeros; 1344 integer variables (1344 binary)
Coefficient ranges:
  Matrix  [2e-01, 3e+00]
  Cost    [1e-02, 6e-02]
  Bound   [1e+00, 1e+00]
  RHS     [2e-04, 5e+00]
Presolving model
8064 rows, 8562 cols, 22001 nonzeros 0s
6417 rows, 7249 cols, 17701 nonzeros 0s
4629 rows, 5726 cols, 13038 nonzeros 0s
2728 rows, 3974 cols, 8045 nonzeros 0s
2507 rows, 3091 cols, 5637 nonzeros 0s
1307 rows, 2725 cols, 4501 nonzeros 0s
1064 rows, 2310 cols, 3843 nonzeros 0s
961 rows, 1905 cols, 3335 nonzeros 0s
Presolve reductions: rows 961(-9792); columns 1905(-7504); nonzeros 3335(-22202) 

Solving MIP model with:
   961 rows
   1905 cols (118 binary, 0 integer, 0 implied int., 1787 continuous, 0 domain fixed)
   3335 nonzeros

Src: B => Branching; C => Central rounding; F => Feasibility pump; H => Heuristic;
     I => Shifting; J => Feasibility jump; L => Sub-MIP; P => Empty MIP; R => Randomized rounding;
     S => Solve LP; T => Evaluate node; U => Unbounded; X => User solution; Y => HiGHS solution;
     Z => ZI Round; l => Trivial lower; p => Trivial point; u => Trivial upper; z => Trivial zero

        Nodes      |    B&B Tree     |            Objective Bounds              |  Dynamic Constraints |       Work      
Src  Proc. InQueue |  Leaves   Expl. | BestBound       BestSol              Gap |   Cuts   InLp Confl. | LpIters     Time

 J       0       0         0   0.00%   -inf            27.13029672        Large        0      0      0         0     0.5s
 T       0       0         0   0.00%   9.134263545     26.76271864       65.87%        0      0      0       280     0.5s
         1       0         1 100.00%   26.76271864     26.76271864        0.00%        0      0      0       280     0.5s

Solving report
  Status            Optimal
  Primal bound      26.7627186402
  Dual bound        26.7627186402
  Gap               0% (tolerance: 0.5%)
  P-D integral      0.00721049953254
  Solution status   feasible
                    26.7627186402 (objective)
                    0 (bound viol.)
                    0 (int. viol.)
                    0 (row viol.)
  Timing            0.51
  Max sub-MIP depth 0
  Nodes             1
  Repair LPs        0
  LP iterations     280
                    0 (strong br.)
                    0 (separation)
                    0 (heuristics)
MIP has 10754 rows; 9409 cols; 25538 nonzeros; 1344 integer variables (1344 binary)
Coefficient ranges:
  Matrix  [2e-01, 3e+00]
  Cost    [1e-02, 6e-02]
  Bound   [1e+00, 1e+00]
  RHS     [2e-04, 5e+00]
Presolving model
8064 rows, 8561 cols, 22000 nonzeros 0s
6409 rows, 7240 cols, 17684 nonzeros 0s
4624 rows, 5718 cols, 13025 nonzeros 0s
2702 rows, 3940 cols, 7985 nonzeros 0s
2477 rows, 3047 cols, 5575 nonzeros 0s
1271 rows, 2506 cols, 4254 nonzeros 0s
1031 rows, 2048 cols, 3556 nonzeros 0s
846 rows, 1335 cols, 2658 nonzeros 0s
Presolve reductions: rows 846(-9908); columns 1335(-8074); nonzeros 2658(-22880) 

Solving MIP model with:
   846 rows
   1335 cols (120 binary, 0 integer, 0 implied int., 1215 continuous, 0 domain fixed)
   2658 nonzeros

Src: B => Branching; C => Central rounding; F => Feasibility pump; H => Heuristic;
     I => Shifting; J => Feasibility jump; L => Sub-MIP; P => Empty MIP; R => Randomized rounding;
     S => Solve LP; T => Evaluate node; U => Unbounded; X => User solution; Y => HiGHS solution;
     Z => ZI Round; l => Trivial lower; p => Trivial point; u => Trivial upper; z => Trivial zero

        Nodes      |    B&B Tree     |            Objective Bounds              |  Dynamic Constraints |       Work      
Src  Proc. InQueue |  Leaves   Expl. | BestBound       BestSol              Gap |   Cuts   InLp Confl. | LpIters     Time

         0       0         0   0.00%   19.55695789     inf                  inf        0      0      0         0     0.5s
 T       0       0         0   0.00%   19.55695789     27.51972844       28.93%        0      0      0       181     0.5s
         1       0         1 100.00%   27.51972844     27.51972844        0.00%        0      0      0       181     0.5s

Solving report
  Status            Optimal
  Primal bound      27.5197284404
  Dual bound        27.5197284404
  Gap               0% (tolerance: 0.5%)
  P-D integral      1.840251587e-05
  Solution status   feasible
                    27.5197284404 (objective)
                    0 (bound viol.)
                    0 (int. viol.)
                    0 (row viol.)
  Timing            0.54
  Max sub-MIP depth 0
  Nodes             1
  Repair LPs        0
  LP iterations     181
                    0 (strong br.)
                    0 (separation)
                    0 (heuristics)
MIP has 10753 rows; 9409 cols; 25537 nonzeros; 1344 integer variables (1344 binary)
Coefficient ranges:
  Matrix  [2e-01, 3e+00]
  Cost    [1e-02, 6e-02]
  Bound   [1e+00, 1e+00]
  RHS     [2e-04, 5e+00]
Presolving model
8064 rows, 8598 cols, 22037 nonzeros 0s
6438 rows, 7306 cols, 17783 nonzeros 0s
4671 rows, 5815 cols, 13189 nonzeros 0s
2783 rows, 4093 cols, 8243 nonzeros 0s
1421 rows, 2941 cols, 4889 nonzeros 0s
1216 rows, 2736 cols, 4479 nonzeros 0s
Presolve reductions: rows 1216(-9537); columns 2736(-6673); nonzeros 4479(-21058) 

Solving MIP model with:
   1216 rows
   2736 cols (132 binary, 0 integer, 0 implied int., 2604 continuous, 0 domain fixed)
   4479 nonzeros

Src: B => Branching; C => Central rounding; F => Feasibility pump; H => Heuristic;
     I => Shifting; J => Feasibility jump; L => Sub-MIP; P => Empty MIP; R => Randomized rounding;
     S => Solve LP; T => Evaluate node; U => Unbounded; X => User solution; Y => HiGHS solution;
     Z => ZI Round; l => Trivial lower; p => Trivial point; u => Trivial upper; z => Trivial zero

        Nodes      |    B&B Tree     |            Objective Bounds              |  Dynamic Constraints |       Work      
Src  Proc. InQueue |  Leaves   Expl. | BestBound       BestSol              Gap |   Cuts   InLp Confl. | LpIters     Time

 J       0       0         0   0.00%   -inf            24.42232076        Large        0      0      0         0     0.4s
 T       0       0         0   0.00%   4.241352232     24.05464836       82.37%        0      0      0       714     0.4s
         1       0         1 100.00%   24.05464836     24.05464836        0.00%        0      0      0       714     0.4s

Solving report
  Status            Optimal
  Primal bound      24.054648356
  Dual bound        24.054648356
  Gap               0% (tolerance: 0.5%)
  P-D integral      0.0167949619121
  Solution status   feasible
                    24.054648356 (objective)
                    0 (bound viol.)
                    0 (int. viol.)
                    0 (row viol.)
  Timing            0.41
  Max sub-MIP depth 0
  Nodes             1
  Repair LPs        0
  LP iterations     714
                    0 (strong br.)
                    0 (separation)
                    0 (heuristics)
MIP has 10753 rows; 9409 cols; 25537 nonzeros; 1344 integer variables (1344 binary)
Coefficient ranges:
  Matrix  [2e-01, 3e+00]
  Cost    [1e-02, 6e-02]
  Bound   [1e+00, 1e+00]
  RHS     [2e-04, 5e+00]
Presolving model
8064 rows, 8601 cols, 22040 nonzeros 0s
6434 rows, 7305 cols, 17778 nonzeros 0s
4678 rows, 5822 cols, 13203 nonzeros 0s
2780 rows, 4074 cols, 8221 nonzeros 0s
2586 rows, 3235 cols, 5898 nonzeros 0s
1393 rows, 2872 cols, 4772 nonzeros 0s
1141 rows, 2506 cols, 4154 nonzeros 0s
Presolve reductions: rows 1141(-9612); columns 2506(-6903); nonzeros 4154(-21383) 

Solving MIP model with:
   1141 rows
   2506 cols (127 binary, 0 integer, 0 implied int., 2379 continuous, 0 domain fixed)
   4154 nonzeros

Src: B => Branching; C => Central rounding; F => Feasibility pump; H => Heuristic;
     I => Shifting; J => Feasibility jump; L => Sub-MIP; P => Empty MIP; R => Randomized rounding;
     S => Solve LP; T => Evaluate node; U => Unbounded; X => User solution; Y => HiGHS solution;
     Z => ZI Round; l => Trivial lower; p => Trivial point; u => Trivial upper; z => Trivial zero

        Nodes      |    B&B Tree     |            Objective Bounds              |  Dynamic Constraints |       Work      
Src  Proc. InQueue |  Leaves   Expl. | BestBound       BestSol              Gap |   Cuts   InLp Confl. | LpIters     Time

 J       0       0         0   0.00%   -inf            26.74667538        Large        0      0      0         0     0.4s
 T       0       0         0   0.00%   6.448235142     26.56293498       75.72%        0      0      0       495     0.4s
         1       0         1 100.00%   26.56293498     26.56293498        0.00%        0      0      0       495     0.4s

Solving report
  Status            Optimal
  Primal bound      26.5629349818
  Dual bound        26.5629349818
  Gap               0% (tolerance: 0.5%)
  P-D integral      0.0160013751943
  Solution status   feasible
                    26.5629349818 (objective)
                    0 (bound viol.)
                    0 (int. viol.)
                    0 (row viol.)
  Timing            0.44
  Max sub-MIP depth 0
  Nodes             1
  Repair LPs        0
  LP iterations     495
                    0 (strong br.)
                    0 (separation)
                    0 (heuristics)
MIP has 10753 rows; 9409 cols; 25537 nonzeros; 1344 integer variables (1344 binary)
Coefficient ranges:
  Matrix  [2e-01, 3e+00]
  Cost    [1e-02, 6e-02]
  Bound   [1e+00, 1e+00]
  RHS     [2e-04, 5e+00]
Presolving model
8064 rows, 8609 cols, 22048 nonzeros 0s
6438 rows, 7317 cols, 17790 nonzeros 0s
4669 rows, 5822 cols, 13174 nonzeros 0s
2775 rows, 4091 cols, 8209 nonzeros 0s
2548 rows, 3136 cols, 5623 nonzeros 0s
1269 rows, 2742 cols, 4414 nonzeros 0s
1017 rows, 2325 cols, 3745 nonzeros 0s
910 rows, 1926 cols, 3239 nonzeros 0s
859 rows, 1752 cols, 3014 nonzeros 0s
Presolve reductions: rows 859(-9894); columns 1752(-7657); nonzeros 3014(-22523) 

Solving MIP model with:
   859 rows
   1752 cols (101 binary, 0 integer, 0 implied int., 1651 continuous, 0 domain fixed)
   3014 nonzeros

Src: B => Branching; C => Central rounding; F => Feasibility pump; H => Heuristic;
     I => Shifting; J => Feasibility jump; L => Sub-MIP; P => Empty MIP; R => Randomized rounding;
     S => Solve LP; T => Evaluate node; U => Unbounded; X => User solution; Y => HiGHS solution;
     Z => ZI Round; l => Trivial lower; p => Trivial point; u => Trivial upper; z => Trivial zero

        Nodes      |    B&B Tree     |            Objective Bounds              |  Dynamic Constraints |       Work      
Src  Proc. InQueue |  Leaves   Expl. | BestBound       BestSol              Gap |   Cuts   InLp Confl. | LpIters     Time

 J       0       0         0   0.00%   -inf            25.53165067        Large        0      0      0         0     0.5s
 T       0       0         0   0.00%   14.0060774      25.25606524       44.54%        0      0      0       343     0.5s
         1       0         1 100.00%   25.25606524     25.25606524        0.00%        0      0      0       343     0.5s

Solving report
  Status            Optimal
  Primal bound      25.2560652441
  Dual bound        25.2560652441
  Gap               0% (tolerance: 0.5%)
  P-D integral      0.00467633191381
  Solution status   feasible
                    25.2560652441 (objective)
                    0 (bound viol.)
                    0 (int. viol.)
                    0 (row viol.)
  Timing            0.52
  Max sub-MIP depth 0
  Nodes             1
  Repair LPs        0
  LP iterations     343
                    0 (strong br.)
                    0 (separation)
                    0 (heuristics)
MIP has 10753 rows; 9409 cols; 25537 nonzeros; 1344 integer variables (1344 binary)
Coefficient ranges:
  Matrix  [2e-01, 3e+00]
  Cost    [1e-02, 6e-02]
  Bound   [1e+00, 1e+00]
  RHS     [2e-04, 5e+00]
Presolving model
8064 rows, 8617 cols, 22056 nonzeros 0s
6449 rows, 7336 cols, 17824 nonzeros 0s
4702 rows, 5867 cols, 13272 nonzeros 0s
2797 rows, 4132 cols, 8296 nonzeros 0s
2602 rows, 3286 cols, 5953 nonzeros 0s
1406 rows, 2945 cols, 4850 nonzeros 0s
1132 rows, 2486 cols, 4117 nonzeros 0s
1131 rows, 2485 cols, 4115 nonzeros 0s
Presolve reductions: rows 1131(-9622); columns 2485(-6924); nonzeros 4115(-21422) 

Solving MIP model with:
   1131 rows
   2485 cols (125 binary, 0 integer, 0 implied int., 2360 continuous, 0 domain fixed)
   4115 nonzeros

Src: B => Branching; C => Central rounding; F => Feasibility pump; H => Heuristic;
     I => Shifting; J => Feasibility jump; L => Sub-MIP; P => Empty MIP; R => Randomized rounding;
     S => Solve LP; T => Evaluate node; U => Unbounded; X => User solution; Y => HiGHS solution;
     Z => ZI Round; l => Trivial lower; p => Trivial point; u => Trivial upper; z => Trivial zero

        Nodes      |    B&B Tree     |            Objective Bounds              |  Dynamic Constraints |       Work      
Src  Proc. InQueue |  Leaves   Expl. | BestBound       BestSol              Gap |   Cuts   InLp Confl. | LpIters     Time

 J       0       0         0   0.00%   -inf            25.04938487        Large        0      0      0         0     0.5s
 T       0       0         0   0.00%   7.076688827     24.70778682       71.36%        0      0      0       461     0.5s
         1       0         1 100.00%   24.70778682     24.70778682        0.00%        0      0      0       461     0.5s

Solving report
  Status            Optimal
  Primal bound      24.7077868176
  Dual bound        24.7077868176
  Gap               0% (tolerance: 0.5%)
  P-D integral      0.0147753675044
  Solution status   feasible
                    24.7077868176 (objective)
                    0 (bound viol.)
                    0 (int. viol.)
                    0 (row viol.)
  Timing            0.49
  Max sub-MIP depth 0
  Nodes             1
  Repair LPs        0
  LP iterations     461
                    0 (strong br.)
                    0 (separation)
                    0 (heuristics)
MIP has 10753 rows; 9409 cols; 25537 nonzeros; 1344 integer variables (1344 binary)
Coefficient ranges:
  Matrix  [2e-01, 3e+00]
  Cost    [1e-02, 6e-02]
  Bound   [1e+00, 1e+00]
  RHS     [2e-04, 5e+00]
Presolving model
8064 rows, 8611 cols, 22050 nonzeros 0s
6441 rows, 7322 cols, 17802 nonzeros 0s
4674 rows, 5830 cols, 13207 nonzeros 0s
2768 rows, 4079 cols, 8214 nonzeros 0s
1487 rows, 2932 cols, 5014 nonzeros 0s
1237 rows, 2486 cols, 4318 nonzeros 0s
1199 rows, 2336 cols, 4130 nonzeros 0s
Presolve reductions: rows 1199(-9554); columns 2336(-7073); nonzeros 4130(-21407) 

Solving MIP model with:
   1199 rows
   2336 cols (149 binary, 0 integer, 0 implied int., 2187 continuous, 0 domain fixed)
   4130 nonzeros

Src: B => Branching; C => Central rounding; F => Feasibility pump; H => Heuristic;
     I => Shifting; J => Feasibility jump; L => Sub-MIP; P => Empty MIP; R => Randomized rounding;
     S => Solve LP; T => Evaluate node; U => Unbounded; X => User solution; Y => HiGHS solution;
     Z => ZI Round; l => Trivial lower; p => Trivial point; u => Trivial upper; z => Trivial zero

        Nodes      |    B&B Tree     |            Objective Bounds              |  Dynamic Constraints |       Work      
Src  Proc. InQueue |  Leaves   Expl. | BestBound       BestSol              Gap |   Cuts   InLp Confl. | LpIters     Time

 J       0       0         0   0.00%   -inf            24.1011297         Large        0      0      0         0     0.4s
 T       0       0         0   0.00%   9.168724437     23.62498036       61.19%        0      0      0       601     0.4s
         1       0         1 100.00%   23.62498036     23.62498036        0.00%        0      0      0       601     0.4s

Solving report
  Status            Optimal
  Primal bound      23.6249803606
  Dual bound        23.6249803606
  Gap               0% (tolerance: 0.5%)
  P-D integral      0.00910790857931
  Solution status   feasible
                    23.6249803606 (objective)
                    0 (bound viol.)
                    0 (int. viol.)
                    0 (row viol.)
  Timing            0.44
  Max sub-MIP depth 0
  Nodes             1
  Repair LPs        0
  LP iterations     601
                    0 (strong br.)
                    0 (separation)
                    0 (heuristics)
MIP has 10753 rows; 9409 cols; 25537 nonzeros; 1344 integer variables (1344 binary)
Coefficient ranges:
  Matrix  [2e-01, 3e+00]
  Cost    [1e-02, 6e-02]
  Bound   [1e+00, 1e+00]
  RHS     [2e-04, 5e+00]
Presolving model
8064 rows, 8635 cols, 22074 nonzeros 0s
6433 rows, 7338 cols, 17810 nonzeros 0s
4673 rows, 5849 cols, 13225 nonzeros 0s
2762 rows, 4081 cols, 8210 nonzeros 0s
1675 rows, 3151 cols, 5565 nonzeros 0s
1522 rows, 2998 cols, 5259 nonzeros 0s
Presolve reductions: rows 1522(-9231); columns 2998(-6411); nonzeros 5259(-20278) 

Solving MIP model with:
   1522 rows
   2998 cols (185 binary, 0 integer, 0 implied int., 2813 continuous, 0 domain fixed)
   5259 nonzeros

Src: B => Branching; C => Central rounding; F => Feasibility pump; H => Heuristic;
     I => Shifting; J => Feasibility jump; L => Sub-MIP; P => Empty MIP; R => Randomized rounding;
     S => Solve LP; T => Evaluate node; U => Unbounded; X => User solution; Y => HiGHS solution;
     Z => ZI Round; l => Trivial lower; p => Trivial point; u => Trivial upper; z => Trivial zero

        Nodes      |    B&B Tree     |            Objective Bounds              |  Dynamic Constraints |       Work      
Src  Proc. InQueue |  Leaves   Expl. | BestBound       BestSol              Gap |   Cuts   InLp Confl. | LpIters     Time

 J       0       0         0   0.00%   -inf            21.56914746        Large        0      0      0         0     0.4s
 T       0       0         0   0.00%   3.440407974     20.64489835       83.34%        0      0      0       821     0.4s
         1       0         1 100.00%   20.64489835     20.64489835        0.00%        0      0      0       821     0.4s

Solving report
  Status            Optimal
  Primal bound      20.6448983522
  Dual bound        20.6448983522
  Gap               0% (tolerance: 0.5%)
  P-D integral      0.0169177438169
  Solution status   feasible
                    20.6448983522 (objective)
                    0 (bound viol.)
                    0 (int. viol.)
                    0 (row viol.)
  Timing            0.41
  Max sub-MIP depth 0
  Nodes             1
  Repair LPs        0
  LP iterations     821
                    0 (strong br.)
                    0 (separation)
                    0 (heuristics)
MIP has 10753 rows; 9409 cols; 25537 nonzeros; 1344 integer variables (1344 binary)
Coefficient ranges:
  Matrix  [2e-01, 3e+00]
  Cost    [1e-02, 6e-02]
  Bound   [1e+00, 1e+00]
  RHS     [2e-04, 5e+00]
Presolving model
8064 rows, 8674 cols, 22113 nonzeros 0s
6416 rows, 7360 cols, 17815 nonzeros 0s
4631 rows, 5837 cols, 13171 nonzeros 0s
2693 rows, 4023 cols, 8083 nonzeros 0s
2057 rows, 3458 cols, 6598 nonzeros 0s
1992 rows, 3393 cols, 6468 nonzeros 0s
Presolve reductions: rows 1992(-8761); columns 3393(-6016); nonzeros 6468(-19069) 

Solving MIP model with:
   1992 rows
   3393 cols (271 binary, 0 integer, 0 implied int., 3122 continuous, 0 domain fixed)
   6468 nonzeros

Src: B => Branching; C => Central rounding; F => Feasibility pump; H => Heuristic;
     I => Shifting; J => Feasibility jump; L => Sub-MIP; P => Empty MIP; R => Randomized rounding;
     S => Solve LP; T => Evaluate node; U => Unbounded; X => User solution; Y => HiGHS solution;
     Z => ZI Round; l => Trivial lower; p => Trivial point; u => Trivial upper; z => Trivial zero

        Nodes      |    B&B Tree     |            Objective Bounds              |  Dynamic Constraints |       Work      
Src  Proc. InQueue |  Leaves   Expl. | BestBound       BestSol              Gap |   Cuts   InLp Confl. | LpIters     Time

 J       0       0         0   0.00%   -inf            18.82370764        Large        0      0      0         0     0.4s
 T       0       0         0   0.00%   2.754884185     17.37104236       84.14%        0      0      0       932     0.5s
         1       0         1 100.00%   17.37104236     17.37104236        0.00%        0      0      0       932     0.5s

Solving report
  Status            Optimal
  Primal bound      17.3710423624
  Dual bound        17.3710423624
  Gap               0% (tolerance: 0.5%)
  P-D integral      0.0249235376785
  Solution status   feasible
                    17.3710423624 (objective)
                    0 (bound viol.)
                    0 (int. viol.)
                    0 (row viol.)
  Timing            0.46
  Max sub-MIP depth 0
  Nodes             1
  Repair LPs        0
  LP iterations     932
                    0 (strong br.)
                    0 (separation)
                    0 (heuristics)
MIP has 10753 rows; 9409 cols; 25537 nonzeros; 1344 integer variables (1344 binary)
Coefficient ranges:
  Matrix  [2e-01, 3e+00]
  Cost    [5e-03, 6e-02]
  Bound   [1e+00, 1e+00]
  RHS     [2e-04, 5e+00]
Presolving model
8064 rows, 8692 cols, 22131 nonzeros 0s
6386 rows, 7348 cols, 17773 nonzeros 0s
4572 rows, 5783 cols, 13058 nonzeros 0s
2846 rows, 4086 cols, 8491 nonzeros 0s
2582 rows, 3761 cols, 7902 nonzeros 0s
Presolve reductions: rows 2582(-8171); columns 3761(-5648); nonzeros 7902(-17635) 

Solving MIP model with:
   2582 rows
   3761 cols (390 binary, 0 integer, 0 implied int., 3371 continuous, 0 domain fixed)
   7902 nonzeros

Src: B => Branching; C => Central rounding; F => Feasibility pump; H => Heuristic;
     I => Shifting; J => Feasibility jump; L => Sub-MIP; P => Empty MIP; R => Randomized rounding;
     S => Solve LP; T => Evaluate node; U => Unbounded; X => User solution; Y => HiGHS solution;
     Z => ZI Round; l => Trivial lower; p => Trivial point; u => Trivial upper; z => Trivial zero

        Nodes      |    B&B Tree     |            Objective Bounds              |  Dynamic Constraints |       Work      
Src  Proc. InQueue |  Leaves   Expl. | BestBound       BestSol              Gap |   Cuts   InLp Confl. | LpIters     Time

 J       0       0         0   0.00%   -inf            11.25202347        Large        0      0      0         0     0.4s
 T       0       0         0   0.00%   2.198856823     9.21107965        76.13%        0      0      0      1061     0.4s
         1       0         1 100.00%   9.21107965      9.21107965         0.00%        0      0      0      1061     0.4s

Solving report
  Status            Optimal
  Primal bound      9.21107964951
  Dual bound        9.21107964951
  Gap               0% (tolerance: 0.5%)
  P-D integral      0.0237027784667
  Solution status   feasible
                    9.21107964951 (objective)
                    0 (bound viol.)
                    0 (int. viol.)
                    0 (row viol.)
  Timing            0.44
  Max sub-MIP depth 0
  Nodes             1
  Repair LPs        0
  LP iterations     1061
                    0 (strong br.)
                    0 (separation)
                    0 (heuristics)
MIP has 10753 rows; 9409 cols; 25537 nonzeros; 1344 integer variables (1344 binary)
Coefficient ranges:
  Matrix  [2e-01, 3e+00]
  Cost    [5e-03, 6e-02]
  Bound   [1e+00, 1e+00]
  RHS     [2e-04, 5e+00]
Presolving model
8064 rows, 8707 cols, 22146 nonzeros 0s
6415 rows, 7392 cols, 17846 nonzeros 0s
4614 rows, 5849 cols, 13166 nonzeros 0s
2699 rows, 4025 cols, 8123 nonzeros 0s
2419 rows, 3745 cols, 7563 nonzeros 0s
Presolve reductions: rows 2419(-8334); columns 3745(-5664); nonzeros 7563(-17974) 

Solving MIP model with:
   2419 rows
   3745 cols (350 binary, 0 integer, 0 implied int., 3395 continuous, 0 domain fixed)
   7563 nonzeros

Src: B => Branching; C => Central rounding; F => Feasibility pump; H => Heuristic;
     I => Shifting; J => Feasibility jump; L => Sub-MIP; P => Empty MIP; R => Randomized rounding;
     S => Solve LP; T => Evaluate node; U => Unbounded; X => User solution; Y => HiGHS solution;
     Z => ZI Round; l => Trivial lower; p => Trivial point; u => Trivial upper; z => Trivial zero

        Nodes      |    B&B Tree     |            Objective Bounds              |  Dynamic Constraints |       Work      
Src  Proc. InQueue |  Leaves   Expl. | BestBound       BestSol              Gap |   Cuts   InLp Confl. | LpIters     Time

 J       0       0         0   0.00%   -inf            13.14264346        Large        0      0      0         0     0.4s
 T       0       0         0   0.00%   0.8621239515    10.93812605       92.12%        0      0      0      1073     0.4s
         1       0         1 100.00%   10.93812605     10.93812605        0.00%        0      0      0      1073     0.4s

Solving report
  Status            Optimal
  Primal bound      10.9381260517
  Dual bound        10.9381260517
  Gap               0% (tolerance: 0.5%)
  P-D integral      0.027868464824
  Solution status   feasible
                    10.9381260517 (objective)
                    0 (bound viol.)
                    0 (int. viol.)
                    0 (row viol.)
  Timing            0.43
  Max sub-MIP depth 0
  Nodes             1
  Repair LPs        0
  LP iterations     1073
                    0 (strong br.)
                    0 (separation)
                    0 (heuristics)
MIP has 10753 rows; 9409 cols; 25537 nonzeros; 1344 integer variables (1344 binary)
Coefficient ranges:
  Matrix  [2e-01, 3e+00]
  Cost    [5e-03, 6e-02]
  Bound   [1e+00, 1e+00]
  RHS     [2e-04, 5e+00]
Presolving model
8064 rows, 8724 cols, 22163 nonzeros 0s
6419 rows, 7413 cols, 17867 nonzeros 0s
4638 rows, 5893 cols, 13218 nonzeros 0s
2705 rows, 4086 cols, 8138 nonzeros 0s
2120 rows, 3463 cols, 6720 nonzeros 0s
2060 rows, 3373 cols, 6570 nonzeros 0s
Presolve reductions: rows 2060(-8693); columns 3373(-6036); nonzeros 6570(-18967) 

Solving MIP model with:
   2060 rows
   3373 cols (285 binary, 0 integer, 0 implied int., 3088 continuous, 0 domain fixed)
   6570 nonzeros

Src: B => Branching; C => Central rounding; F => Feasibility pump; H => Heuristic;
     I => Shifting; J => Feasibility jump; L => Sub-MIP; P => Empty MIP; R => Randomized rounding;
     S => Solve LP; T => Evaluate node; U => Unbounded; X => User solution; Y => HiGHS solution;
     Z => ZI Round; l => Trivial lower; p => Trivial point; u => Trivial upper; z => Trivial zero

        Nodes      |    B&B Tree     |            Objective Bounds              |  Dynamic Constraints |       Work      
Src  Proc. InQueue |  Leaves   Expl. | BestBound       BestSol              Gap |   Cuts   InLp Confl. | LpIters     Time

 J       0       0         0   0.00%   -inf            18.40313724        Large        0      0      0         0     0.5s
 T       0       0         0   0.00%   3.751457101     15.87209546       76.36%        0      0      0       959     0.5s
         1       0         1 100.00%   15.87209546     15.87209546        0.00%        0      0      0       959     0.5s

Solving report
  Status            Optimal
  Primal bound      15.8720954579
  Dual bound        15.8720954579
  Gap               0% (tolerance: 0.5%)
  P-D integral      0.0188028277209
  Solution status   feasible
                    15.8720954579 (objective)
                    0 (bound viol.)
                    0 (int. viol.)
                    0 (row viol.)
  Timing            0.51
  Max sub-MIP depth 0
  Nodes             1
  Repair LPs        0
  LP iterations     959
                    0 (strong br.)
                    0 (separation)
                    0 (heuristics)
MIP has 10753 rows; 9409 cols; 25537 nonzeros; 1344 integer variables (1344 binary)
Coefficient ranges:
  Matrix  [2e-01, 3e+00]
  Cost    [5e-03, 6e-02]
  Bound   [1e+00, 1e+00]
  RHS     [3e-04, 5e+00]
Presolving model
8064 rows, 8744 cols, 22183 nonzeros 0s
6409 rows, 7423 cols, 17867 nonzeros 0s
4624 rows, 5890 cols, 13205 nonzeros 0s
2670 rows, 4028 cols, 8053 nonzeros 0s
2370 rows, 3667 cols, 7390 nonzeros 0s
Presolve reductions: rows 2370(-8383); columns 3667(-5742); nonzeros 7390(-18147) 

Solving MIP model with:
   2370 rows
   3667 cols (339 binary, 0 integer, 0 implied int., 3328 continuous, 0 domain fixed)
   7390 nonzeros

Src: B => Branching; C => Central rounding; F => Feasibility pump; H => Heuristic;
     I => Shifting; J => Feasibility jump; L => Sub-MIP; P => Empty MIP; R => Randomized rounding;
     S => Solve LP; T => Evaluate node; U => Unbounded; X => User solution; Y => HiGHS solution;
     Z => ZI Round; l => Trivial lower; p => Trivial point; u => Trivial upper; z => Trivial zero

        Nodes      |    B&B Tree     |            Objective Bounds              |  Dynamic Constraints |       Work      
Src  Proc. InQueue |  Leaves   Expl. | BestBound       BestSol              Gap |   Cuts   InLp Confl. | LpIters     Time

 J       0       0         0   0.00%   -inf            17.51506096        Large        0      0      0         0     0.5s
         0       0         0   0.00%   14.26389342     17.51506096       18.56%        0      0      2      1093     0.5s
 C       0       0         0   0.00%   14.26389342     14.26389342        0.00%        0      0      2      1097     0.6s
         1       0         1 100.00%   14.26389342     14.26389342        0.00%        0      0      2      1097     0.6s

Solving report
  Status            Optimal
  Primal bound      14.2638934236
  Dual bound        14.2638934236
  Gap               0% (tolerance: 0.5%)
  P-D integral      0.0386951435445
  Solution status   feasible
                    14.2638934236 (objective)
                    0 (bound viol.)
                    0 (int. viol.)
                    0 (row viol.)
  Timing            0.62
  Max sub-MIP depth 0
  Nodes             1
  Repair LPs        0
  LP iterations     1097
                    0 (strong br.)
                    4 (separation)
                    0 (heuristics)
MIP has 10753 rows; 9409 cols; 25537 nonzeros; 1344 integer variables (1344 binary)
Coefficient ranges:
  Matrix  [2e-01, 3e+00]
  Cost    [5e-03, 6e-02]
  Bound   [1e+00, 1e+00]
  RHS     [2e-04, 5e+00]
Presolving model
8064 rows, 8764 cols, 22203 nonzeros 0s
6425 rows, 7459 cols, 17923 nonzeros 0s
4647 rows, 5944 cols, 13294 nonzeros 0s
2802 rows, 4204 cols, 8449 nonzeros 0s
2531 rows, 3933 cols, 7907 nonzeros 0s
Presolve reductions: rows 2531(-8222); columns 3933(-5476); nonzeros 7907(-17630) 

Solving MIP model with:
   2531 rows
   3933 cols (361 binary, 0 integer, 0 implied int., 3572 continuous, 0 domain fixed)
   7907 nonzeros

Src: B => Branching; C => Central rounding; F => Feasibility pump; H => Heuristic;
     I => Shifting; J => Feasibility jump; L => Sub-MIP; P => Empty MIP; R => Randomized rounding;
     S => Solve LP; T => Evaluate node; U => Unbounded; X => User solution; Y => HiGHS solution;
     Z => ZI Round; l => Trivial lower; p => Trivial point; u => Trivial upper; z => Trivial zero

        Nodes      |    B&B Tree     |            Objective Bounds              |  Dynamic Constraints |       Work      
Src  Proc. InQueue |  Leaves   Expl. | BestBound       BestSol              Gap |   Cuts   InLp Confl. | LpIters     Time

 J       0       0         0   0.00%   -inf            17.29199682        Large        0      0      0         0     0.4s
 T       0       0         0   0.00%   0.723456709     13.88438308       94.79%        0      0      0      1157     0.5s
         1       0         1 100.00%   13.88438308     13.88438308        0.00%        0      0      0      1157     0.5s

Solving report
  Status            Optimal
  Primal bound      13.8843830777
  Dual bound        13.8843830777
  Gap               0% (tolerance: 0.5%)
  P-D integral      0.0350744787703
  Solution status   feasible
                    13.8843830777 (objective)
                    0 (bound viol.)
                    0 (int. viol.)
                    0 (row viol.)
  Timing            0.47
  Max sub-MIP depth 0
  Nodes             1
  Repair LPs        0
  LP iterations     1157
                    0 (strong br.)
                    0 (separation)
                    0 (heuristics)
MIP has 10753 rows; 9409 cols; 25537 nonzeros; 1344 integer variables (1344 binary)
Coefficient ranges:
  Matrix  [2e-01, 3e+00]
  Cost    [5e-03, 6e-02]
  Bound   [1e+00, 1e+00]
  RHS     [2e-04, 5e+00]
Presolving model
8064 rows, 8776 cols, 22215 nonzeros 0s
6426 rows, 7472 cols, 17937 nonzeros 0s
4647 rows, 5952 cols, 13302 nonzeros 0s
2887 rows, 4280 cols, 8674 nonzeros 0s
2626 rows, 4019 cols, 8152 nonzeros 0s
Presolve reductions: rows 2626(-8127); columns 4019(-5390); nonzeros 8152(-17385) 

Solving MIP model with:
   2626 rows
   4019 cols (377 binary, 0 integer, 0 implied int., 3642 continuous, 0 domain fixed)
   8152 nonzeros

Src: B => Branching; C => Central rounding; F => Feasibility pump; H => Heuristic;
     I => Shifting; J => Feasibility jump; L => Sub-MIP; P => Empty MIP; R => Randomized rounding;
     S => Solve LP; T => Evaluate node; U => Unbounded; X => User solution; Y => HiGHS solution;
     Z => ZI Round; l => Trivial lower; p => Trivial point; u => Trivial upper; z => Trivial zero

        Nodes      |    B&B Tree     |            Objective Bounds              |  Dynamic Constraints |       Work      
Src  Proc. InQueue |  Leaves   Expl. | BestBound       BestSol              Gap |   Cuts   InLp Confl. | LpIters     Time

 J       0       0         0   0.00%   -inf            15.50301371        Large        0      0      0         0     0.4s
 T       0       0         0   0.00%   0.6122792281    12.60234769       95.14%        0      0      0      1189     0.4s
         1       0         1 100.00%   12.60234769     12.60234769        0.00%        0      0      0      1189     0.4s

Solving report
  Status            Optimal
  Primal bound      12.6023476923
  Dual bound        12.6023476923
  Gap               0% (tolerance: 0.5%)
  P-D integral      0.0289043429612
  Solution status   feasible
                    12.6023476923 (objective)
                    0 (bound viol.)
                    0 (int. viol.)
                    0 (row viol.)
  Timing            0.44
  Max sub-MIP depth 0
  Nodes             1
  Repair LPs        0
  LP iterations     1189
                    0 (strong br.)
                    0 (separation)
                    0 (heuristics)
MIP has 10753 rows; 9409 cols; 25537 nonzeros; 1344 integer variables (1344 binary)
Coefficient ranges:
  Matrix  [2e-01, 3e+00]
  Cost    [1e-02, 6e-02]
  Bound   [1e+00, 1e+00]
  RHS     [4e-04, 5e+00]
Presolving model
8064 rows, 8786 cols, 22225 nonzeros 0s
6404 rows, 7460 cols, 17899 nonzeros 0s
4589 rows, 5890 cols, 13170 nonzeros 0s
3125 rows, 4413 cols, 9281 nonzeros 0s
2922 rows, 4210 cols, 8874 nonzeros 0s
Presolve reductions: rows 2922(-7831); columns 4210(-5199); nonzeros 8874(-16663) 

Solving MIP model with:
   2922 rows
   4210 cols (436 binary, 0 integer, 0 implied int., 3774 continuous, 0 domain fixed)
   8874 nonzeros

Src: B => Branching; C => Central rounding; F => Feasibility pump; H => Heuristic;
     I => Shifting; J => Feasibility jump; L => Sub-MIP; P => Empty MIP; R => Randomized rounding;
     S => Solve LP; T => Evaluate node; U => Unbounded; X => User solution; Y => HiGHS solution;
     Z => ZI Round; l => Trivial lower; p => Trivial point; u => Trivial upper; z => Trivial zero

        Nodes      |    B&B Tree     |            Objective Bounds              |  Dynamic Constraints |       Work      
Src  Proc. InQueue |  Leaves   Expl. | BestBound       BestSol              Gap |   Cuts   InLp Confl. | LpIters     Time

 J       0       0         0   0.00%   -inf            8.724780524        Large        0      0      0         0     0.4s
 T       0       0         0   0.00%   0.0441286673    6.706498257       99.34%        0      0      0      1258     0.5s
         1       0         1 100.00%   6.706498257     6.706498257        0.00%        0      0      0      1258     0.5s

Solving report
  Status            Optimal
  Primal bound      6.70649825724
  Dual bound        6.70649825724
  Gap               0% (tolerance: 0.5%)
  P-D integral      0.0386173615721
  Solution status   feasible
                    6.70649825724 (objective)
                    0 (bound viol.)
                    0 (int. viol.)
                    0 (row viol.)
  Timing            0.49
  Max sub-MIP depth 0
  Nodes             1
  Repair LPs        0
  LP iterations     1258
                    0 (strong br.)
                    0 (separation)
                    0 (heuristics)
MIP has 10753 rows; 9409 cols; 25537 nonzeros; 1344 integer variables (1344 binary)
Coefficient ranges:
  Matrix  [2e-01, 3e+00]
  Cost    [5e-03, 6e-02]
  Bound   [1e+00, 1e+00]
  RHS     [4e-04, 5e+00]
Presolving model
8064 rows, 8808 cols, 22247 nonzeros 0s
6412 rows, 7490 cols, 17941 nonzeros 0s
4598 rows, 5928 cols, 13229 nonzeros 0s
3286 rows, 4556 cols, 9697 nonzeros 0s
3105 rows, 4375 cols, 9335 nonzeros 0s
Presolve reductions: rows 3105(-7648); columns 4375(-5034); nonzeros 9335(-16202) 

Solving MIP model with:
   3105 rows
   4375 cols (464 binary, 0 integer, 0 implied int., 3911 continuous, 0 domain fixed)
   9335 nonzeros

Src: B => Branching; C => Central rounding; F => Feasibility pump; H => Heuristic;
     I => Shifting; J => Feasibility jump; L => Sub-MIP; P => Empty MIP; R => Randomized rounding;
     S => Solve LP; T => Evaluate node; U => Unbounded; X => User solution; Y => HiGHS solution;
     Z => ZI Round; l => Trivial lower; p => Trivial point; u => Trivial upper; z => Trivial zero

        Nodes      |    B&B Tree     |            Objective Bounds              |  Dynamic Constraints |       Work      
Src  Proc. InQueue |  Leaves   Expl. | BestBound       BestSol              Gap |   Cuts   InLp Confl. | LpIters     Time

 J       0       0         0   0.00%   -inf            5.956574163        Large        0      0      0         0     0.4s
 T       0       0         0   0.00%   -1.349972776    3.301781713      140.89%        0      0      0      1307     0.4s
         1       0         1 100.00%   3.301781713     3.301781713        0.00%        0      0      0      1307     0.4s

Solving report
  Status            Optimal
  Primal bound      3.30178171266
  Dual bound        3.30178171266
  Gap               0% (tolerance: 0.5%)
  P-D integral      0.0526222947708
  Solution status   feasible
                    3.30178171266 (objective)
                    0 (bound viol.)
                    0 (int. viol.)
                    0 (row viol.)
  Timing            0.44
  Max sub-MIP depth 0
  Nodes             1
  Repair LPs        0
  LP iterations     1307
                    0 (strong br.)
                    0 (separation)
                    0 (heuristics)
MIP has 10753 rows; 9409 cols; 25537 nonzeros; 1344 integer variables (1344 binary)
Coefficient ranges:
  Matrix  [2e-01, 3e+00]
  Cost    [5e-03, 6e-02]
  Bound   [1e+00, 1e+00]
  RHS     [2e-04, 5e+00]
Presolving model
8064 rows, 8828 cols, 22267 nonzeros 0s
6415 rows, 7513 cols, 17967 nonzeros 0s
4627 rows, 5978 cols, 13308 nonzeros 0s
3280 rows, 4621 cols, 9724 nonzeros 0s
3090 rows, 4431 cols, 9344 nonzeros 0s
Presolve reductions: rows 3090(-7663); columns 4431(-4978); nonzeros 9344(-16193) 

Solving MIP model with:
   3090 rows
   4431 cols (456 binary, 0 integer, 0 implied int., 3975 continuous, 0 domain fixed)
   9344 nonzeros

Src: B => Branching; C => Central rounding; F => Feasibility pump; H => Heuristic;
     I => Shifting; J => Feasibility jump; L => Sub-MIP; P => Empty MIP; R => Randomized rounding;
     S => Solve LP; T => Evaluate node; U => Unbounded; X => User solution; Y => HiGHS solution;
     Z => ZI Round; l => Trivial lower; p => Trivial point; u => Trivial upper; z => Trivial zero

        Nodes      |    B&B Tree     |            Objective Bounds              |  Dynamic Constraints |       Work      
Src  Proc. InQueue |  Leaves   Expl. | BestBound       BestSol              Gap |   Cuts   InLp Confl. | LpIters     Time

 J       0       0         0   0.00%   -inf            7.989944676        Large        0      0      0         0     0.4s
 T       0       0         0   0.00%   -1.456235513    4.902947965      129.70%        0      0      0      1313     0.5s
         1       0         1 100.00%   4.902947965     4.902947965        0.00%        0      0      0      1313     0.5s

Solving report
  Status            Optimal
  Primal bound      4.90294796458
  Dual bound        4.90294796458
  Gap               0% (tolerance: 0.5%)
  P-D integral      0.0503893260897
  Solution status   feasible
                    4.90294796458 (objective)
                    0 (bound viol.)
                    0 (int. viol.)
                    0 (row viol.)
  Timing            0.49
  Max sub-MIP depth 0
  Nodes             1
  Repair LPs        0
  LP iterations     1313
                    0 (strong br.)
                    0 (separation)
                    0 (heuristics)
MIP has 10753 rows; 9409 cols; 25537 nonzeros; 1344 integer variables (1344 binary)
Coefficient ranges:
  Matrix  [2e-01, 3e+00]
  Cost    [5e-03, 6e-02]
  Bound   [1e+00, 1e+00]
  RHS     [1e-04, 5e+00]
Presolving model
8064 rows, 8843 cols, 22282 nonzeros 0s
6409 rows, 7522 cols, 17966 nonzeros 0s
4608 rows, 5965 cols, 13264 nonzeros 0s
3291 rows, 4606 cols, 9748 nonzeros 0s
3110 rows, 4425 cols, 9384 nonzeros 0s
Presolve reductions: rows 3110(-7643); columns 4425(-4984); nonzeros 9384(-16153) 

Solving MIP model with:
   3110 rows
   4425 cols (463 binary, 0 integer, 0 implied int., 3962 continuous, 0 domain fixed)
   9384 nonzeros

Src: B => Branching; C => Central rounding; F => Feasibility pump; H => Heuristic;
     I => Shifting; J => Feasibility jump; L => Sub-MIP; P => Empty MIP; R => Randomized rounding;
     S => Solve LP; T => Evaluate node; U => Unbounded; X => User solution; Y => HiGHS solution;
     Z => ZI Round; l => Trivial lower; p => Trivial point; u => Trivial upper; z => Trivial zero

        Nodes      |    B&B Tree     |            Objective Bounds              |  Dynamic Constraints |       Work      
Src  Proc. InQueue |  Leaves   Expl. | BestBound       BestSol              Gap |   Cuts   InLp Confl. | LpIters     Time

 J       0       0         0   0.00%   -inf            8.289757295        Large        0      0      0         0     0.5s
 T       0       0         0   0.00%   -1.837727165    4.796252581      138.32%        0      0      0      1319     0.5s
         1       0         1 100.00%   4.796252581     4.796252581        0.00%        0      0      0      1319     0.5s

Solving report
  Status            Optimal
  Primal bound      4.79625258109
  Dual bound        4.79625258109
  Gap               0% (tolerance: 0.5%)
  P-D integral      0.0464749173523
  Solution status   feasible
                    4.79625258109 (objective)
                    0 (bound viol.)
                    0 (int. viol.)
                    0 (row viol.)
  Timing            0.53
  Max sub-MIP depth 0
  Nodes             1
  Repair LPs        0
  LP iterations     1319
                    0 (strong br.)
                    0 (separation)
                    0 (heuristics)
MIP has 10753 rows; 9409 cols; 25537 nonzeros; 1344 integer variables (1344 binary)
Coefficient ranges:
  Matrix  [2e-01, 3e+00]
  Cost    [5e-03, 6e-02]
  Bound   [1e+00, 1e+00]
  RHS     [1e-04, 5e+00]
Presolving model
8064 rows, 8854 cols, 22293 nonzeros 0s
6432 rows, 7556 cols, 18027 nonzeros 0s
4651 rows, 6036 cols, 13390 nonzeros 0s
3283 rows, 4669 cols, 9755 nonzeros 0s
3077 rows, 4463 cols, 9343 nonzeros 0s
Presolve reductions: rows 3077(-7676); columns 4463(-4946); nonzeros 9343(-16194) 

Solving MIP model with:
   3077 rows
   4463 cols (451 binary, 0 integer, 0 implied int., 4012 continuous, 0 domain fixed)
   9343 nonzeros

Src: B => Branching; C => Central rounding; F => Feasibility pump; H => Heuristic;
     I => Shifting; J => Feasibility jump; L => Sub-MIP; P => Empty MIP; R => Randomized rounding;
     S => Solve LP; T => Evaluate node; U => Unbounded; X => User solution; Y => HiGHS solution;
     Z => ZI Round; l => Trivial lower; p => Trivial point; u => Trivial upper; z => Trivial zero

        Nodes      |    B&B Tree     |            Objective Bounds              |  Dynamic Constraints |       Work      
Src  Proc. InQueue |  Leaves   Expl. | BestBound       BestSol              Gap |   Cuts   InLp Confl. | LpIters     Time

 J       0       0         0   0.00%   -inf            8.76544978         Large        0      0      0         0     0.4s
 T       0       0         0   0.00%   -1.861110907    5.388452651      134.54%        0      0      0      1326     0.5s
         1       0         1 100.00%   5.388452651     5.388452651        0.00%        0      0      0      1326     0.5s

Solving report
  Status            Optimal
  Primal bound      5.38845265085
  Dual bound        5.38845265085
  Gap               0% (tolerance: 0.5%)
  P-D integral      0.0645865254922
  Solution status   feasible
                    5.38845265085 (objective)
                    0 (bound viol.)
                    0 (int. viol.)
                    0 (row viol.)
  Timing            0.50
  Max sub-MIP depth 0
  Nodes             1
  Repair LPs        0
  LP iterations     1326
                    0 (strong br.)
                    0 (separation)
                    0 (heuristics)
MIP has 10753 rows; 9409 cols; 25537 nonzeros; 1344 integer variables (1344 binary)
Coefficient ranges:
  Matrix  [2e-01, 3e+00]
  Cost    [5e-03, 6e-02]
  Bound   [1e+00, 1e+00]
  RHS     [4e-04, 5e+00]
Presolving model
8064 rows, 8869 cols, 22308 nonzeros 0s
6427 rows, 7566 cols, 18032 nonzeros 0s
4642 rows, 6038 cols, 13383 nonzeros 0s
3411 rows, 4780 cols, 10106 nonzeros 0s
3227 rows, 4581 cols, 9723 nonzeros 0s
Presolve reductions: rows 3227(-7526); columns 4581(-4828); nonzeros 9723(-15814) 

Solving MIP model with:
   3227 rows
   4581 cols (479 binary, 0 integer, 0 implied int., 4102 continuous, 0 domain fixed)
   9723 nonzeros

Src: B => Branching; C => Central rounding; F => Feasibility pump; H => Heuristic;
     I => Shifting; J => Feasibility jump; L => Sub-MIP; P => Empty MIP; R => Randomized rounding;
     S => Solve LP; T => Evaluate node; U => Unbounded; X => User solution; Y => HiGHS solution;
     Z => ZI Round; l => Trivial lower; p => Trivial point; u => Trivial upper; z => Trivial zero

        Nodes      |    B&B Tree     |            Objective Bounds              |  Dynamic Constraints |       Work      
Src  Proc. InQueue |  Leaves   Expl. | BestBound       BestSol              Gap |   Cuts   InLp Confl. | LpIters     Time

 J       0       0         0   0.00%   -inf            8.019710972        Large        0      0      0         0     0.4s
 T       0       0         0   0.00%   -1.676521038    4.926145081      134.03%        0      0      0      1388     0.4s
         1       0         1 100.00%   4.926145081     4.926145081        0.00%        0      0      0      1388     0.4s

Solving report
  Status            Optimal
  Primal bound      4.92614508053
  Dual bound        4.92614508053
  Gap               0% (tolerance: 0.5%)
  P-D integral      0.0492513376492
  Solution status   feasible
                    4.92614508053 (objective)
                    0 (bound viol.)
                    0 (int. viol.)
                    0 (row viol.)
  Timing            0.44
  Max sub-MIP depth 0
  Nodes             1
  Repair LPs        0
  LP iterations     1388
                    0 (strong br.)
                    0 (separation)
                    0 (heuristics)
MIP has 10753 rows; 9409 cols; 25537 nonzeros; 1344 integer variables (1344 binary)
Coefficient ranges:
  Matrix  [2e-01, 3e+00]
  Cost    [5e-03, 6e-02]
  Bound   [1e+00, 1e+00]
  RHS     [2e-04, 5e+00]
Presolving model
8064 rows, 8887 cols, 22326 nonzeros 0s
6422 rows, 7579 cols, 18040 nonzeros 0s
4638 rows, 6048 cols, 13389 nonzeros 0s
3515 rows, 4847 cols, 10373 nonzeros 0s
3365 rows, 4697 cols, 10073 nonzeros 0s
Presolve reductions: rows 3365(-7388); columns 4697(-4712); nonzeros 10073(-15464) 

Solving MIP model with:
   3365 rows
   4697 cols (503 binary, 0 integer, 0 implied int., 4194 continuous, 0 domain fixed)
   10073 nonzeros

Src: B => Branching; C => Central rounding; F => Feasibility pump; H => Heuristic;
     I => Shifting; J => Feasibility jump; L => Sub-MIP; P => Empty MIP; R => Randomized rounding;
     S => Solve LP; T => Evaluate node; U => Unbounded; X => User solution; Y => HiGHS solution;
     Z => ZI Round; l => Trivial lower; p => Trivial point; u => Trivial upper; z => Trivial zero

        Nodes      |    B&B Tree     |            Objective Bounds              |  Dynamic Constraints |       Work      
Src  Proc. InQueue |  Leaves   Expl. | BestBound       BestSol              Gap |   Cuts   InLp Confl. | LpIters     Time

 J       0       0         0   0.00%   -inf            7.842804383        Large        0      0      0         0     0.5s
 T       0       0         0   0.00%   -2.665759692    4.503194423      159.20%        0      0      0      1420     0.5s
         1       0         1 100.00%   4.503194423     4.503194423        0.00%        0      0      0      1420     0.5s

Solving report
  Status            Optimal
  Primal bound      4.50319442333
  Dual bound        4.50319442333
  Gap               0% (tolerance: 0.5%)
  P-D integral      0.0519612613361
  Solution status   feasible
                    4.50319442333 (objective)
                    0 (bound viol.)
                    0 (int. viol.)
                    0 (row viol.)
  Timing            0.50
  Max sub-MIP depth 0
  Nodes             1
  Repair LPs        0
  LP iterations     1420
                    0 (strong br.)
                    0 (separation)
                    0 (heuristics)
MIP has 10753 rows; 9409 cols; 25537 nonzeros; 1344 integer variables (1344 binary)
Coefficient ranges:
  Matrix  [2e-01, 3e+00]
  Cost    [5e-03, 6e-02]
  Bound   [1e+00, 1e+00]
  RHS     [2e-04, 5e+00]
Presolving model
8064 rows, 8895 cols, 22334 nonzeros 0s
6421 rows, 7586 cols, 18046 nonzeros 0s
4629 rows, 6049 cols, 13381 nonzeros 0s
3562 rows, 4894 cols, 10503 nonzeros 0s
3417 rows, 4749 cols, 10213 nonzeros 0s
Presolve reductions: rows 3417(-7336); columns 4749(-4660); nonzeros 10213(-15324) 

Solving MIP model with:
   3417 rows
   4749 cols (512 binary, 0 integer, 0 implied int., 4237 continuous, 0 domain fixed)
   10213 nonzeros

Src: B => Branching; C => Central rounding; F => Feasibility pump; H => Heuristic;
     I => Shifting; J => Feasibility jump; L => Sub-MIP; P => Empty MIP; R => Randomized rounding;
     S => Solve LP; T => Evaluate node; U => Unbounded; X => User solution; Y => HiGHS solution;
     Z => ZI Round; l => Trivial lower; p => Trivial point; u => Trivial upper; z => Trivial zero

        Nodes      |    B&B Tree     |            Objective Bounds              |  Dynamic Constraints |       Work      
Src  Proc. InQueue |  Leaves   Expl. | BestBound       BestSol              Gap |   Cuts   InLp Confl. | LpIters     Time

 J       0       0         0   0.00%   -inf            7.425934663        Large        0      0      0         0     0.5s
 T       0       0         0   0.00%   -2.72760213     4.132681128      166.00%        0      0      0      1433     0.5s
         1       0         1 100.00%   4.132681128     4.132681128        0.00%        0      0      0      1433     0.5s

Solving report
  Status            Optimal
  Primal bound      4.13268112791
  Dual bound        4.13268112791
  Gap               0% (tolerance: 0.5%)
  P-D integral      0.0632648101207
  Solution status   feasible
                    4.13268112791 (objective)
                    0 (bound viol.)
                    0 (int. viol.)
                    0 (row viol.)
  Timing            0.52
  Max sub-MIP depth 0
  Nodes             1
  Repair LPs        0
  LP iterations     1433
                    0 (strong br.)
                    0 (separation)
                    0 (heuristics)
MIP has 10753 rows; 9409 cols; 25537 nonzeros; 1344 integer variables (1344 binary)
Coefficient ranges:
  Matrix  [2e-01, 3e+00]
  Cost    [5e-03, 6e-02]
  Bound   [1e+00, 1e+00]
  RHS     [2e-04, 5e+00]
Presolving model
8064 rows, 8904 cols, 22343 nonzeros 0s
6417 rows, 7591 cols, 18047 nonzeros 0s
4635 rows, 6062 cols, 13400 nonzeros 0s
3650 rows, 4984 cols, 10753 nonzeros 0s
3522 rows, 4856 cols, 10497 nonzeros 0s
Presolve reductions: rows 3522(-7231); columns 4856(-4553); nonzeros 10497(-15040) 

Solving MIP model with:
   3522 rows
   4856 cols (530 binary, 0 integer, 0 implied int., 4326 continuous, 0 domain fixed)
   10497 nonzeros

Src: B => Branching; C => Central rounding; F => Feasibility pump; H => Heuristic;
     I => Shifting; J => Feasibility jump; L => Sub-MIP; P => Empty MIP; R => Randomized rounding;
     S => Solve LP; T => Evaluate node; U => Unbounded; X => User solution; Y => HiGHS solution;
     Z => ZI Round; l => Trivial lower; p => Trivial point; u => Trivial upper; z => Trivial zero

        Nodes      |    B&B Tree     |            Objective Bounds              |  Dynamic Constraints |       Work      
Src  Proc. InQueue |  Leaves   Expl. | BestBound       BestSol              Gap |   Cuts   InLp Confl. | LpIters     Time

 J       0       0         0   0.00%   -inf            6.779194132        Large        0      0      0         0     0.4s
 T       0       0         0   0.00%   -2.297117569    3.654092747      162.86%        0      0      0      1445     0.5s
         1       0         1 100.00%   3.654092747     3.654092747        0.00%        0      0      0      1445     0.5s

Solving report
  Status            Optimal
  Primal bound      3.65409274726
  Dual bound        3.65409274726
  Gap               0% (tolerance: 0.5%)
  P-D integral      0.0575715676089
  Solution status   feasible
                    3.65409274726 (objective)
                    0 (bound viol.)
                    0 (int. viol.)
                    0 (row viol.)
  Timing            0.49
  Max sub-MIP depth 0
  Nodes             1
  Repair LPs        0
  LP iterations     1445
                    0 (strong br.)
                    0 (separation)
                    0 (heuristics)
MIP has 10753 rows; 9409 cols; 25537 nonzeros; 1344 integer variables (1344 binary)
Coefficient ranges:
  Matrix  [2e-01, 3e+00]
  Cost    [5e-03, 6e-02]
  Bound   [1e+00, 1e+00]
  RHS     [1e-04, 5e+00]
Presolving model
8064 rows, 8914 cols, 22353 nonzeros 0s
6417 rows, 7601 cols, 18057 nonzeros 0s
4615 rows, 6045 cols, 13363 nonzeros 0s
3760 rows, 5047 cols, 11018 nonzeros 0s
3651 rows, 4938 cols, 10800 nonzeros 0s
Presolve reductions: rows 3651(-7102); columns 4938(-4471); nonzeros 10800(-14737) 

Solving MIP model with:
   3651 rows
   4938 cols (553 binary, 0 integer, 0 implied int., 4385 continuous, 0 domain fixed)
   10800 nonzeros

Src: B => Branching; C => Central rounding; F => Feasibility pump; H => Heuristic;
     I => Shifting; J => Feasibility jump; L => Sub-MIP; P => Empty MIP; R => Randomized rounding;
     S => Solve LP; T => Evaluate node; U => Unbounded; X => User solution; Y => HiGHS solution;
     Z => ZI Round; l => Trivial lower; p => Trivial point; u => Trivial upper; z => Trivial zero

        Nodes      |    B&B Tree     |            Objective Bounds              |  Dynamic Constraints |       Work      
Src  Proc. InQueue |  Leaves   Expl. | BestBound       BestSol              Gap |   Cuts   InLp Confl. | LpIters     Time

 J       0       0         0   0.00%   -inf            6.073351509        Large        0      0      0         0     0.4s
 T       0       0         0   0.00%   -2.428255304    2.987722408      181.27%        0      0      0      1481     0.5s
         1       0         1 100.00%   2.987722408     2.987722408        0.00%        0      0      0      1481     0.5s

Solving report
  Status            Optimal
  Primal bound      2.98772240814
  Dual bound        2.98772240814
  Gap               0% (tolerance: 0.5%)
  P-D integral      0.0573311507662
  Solution status   feasible
                    2.98772240814 (objective)
                    0 (bound viol.)
                    0 (int. viol.)
                    0 (row viol.)
  Timing            0.45
  Max sub-MIP depth 0
  Nodes             1
  Repair LPs        0
  LP iterations     1481
                    0 (strong br.)
                    0 (separation)
                    0 (heuristics)
MIP has 10753 rows; 9409 cols; 25537 nonzeros; 1344 integer variables (1344 binary)
Coefficient ranges:
  Matrix  [2e-01, 3e+00]
  Cost    [5e-03, 6e-02]
  Bound   [1e+00, 1e+00]
  RHS     [1e-04, 5e+00]
Presolving model
8064 rows, 8907 cols, 22346 nonzeros 0s
6415 rows, 7592 cols, 18046 nonzeros 0s
4612 rows, 6033 cols, 13348 nonzeros 0s
3695 rows, 4979 cols, 10837 nonzeros 0s
3574 rows, 4858 cols, 10595 nonzeros 0s
Presolve reductions: rows 3574(-7179); columns 4858(-4551); nonzeros 10595(-14942) 

Solving MIP model with:
   3574 rows
   4858 cols (541 binary, 0 integer, 0 implied int., 4317 continuous, 0 domain fixed)
   10595 nonzeros

Src: B => Branching; C => Central rounding; F => Feasibility pump; H => Heuristic;
     I => Shifting; J => Feasibility jump; L => Sub-MIP; P => Empty MIP; R => Randomized rounding;
     S => Solve LP; T => Evaluate node; U => Unbounded; X => User solution; Y => HiGHS solution;
     Z => ZI Round; l => Trivial lower; p => Trivial point; u => Trivial upper; z => Trivial zero

        Nodes      |    B&B Tree     |            Objective Bounds              |  Dynamic Constraints |       Work      
Src  Proc. InQueue |  Leaves   Expl. | BestBound       BestSol              Gap |   Cuts   InLp Confl. | LpIters     Time

 J       0       0         0   0.00%   -inf            4.810162347        Large        0      0      0         0     0.4s
 T       0       0         0   0.00%   -2.495882744    2.00053274       224.76%        0      0      0      1472     0.5s
         1       0         1 100.00%   2.00053274      2.00053274         0.00%        0      0      0      1472     0.5s

Solving report
  Status            Optimal
  Primal bound      2.00053274019
  Dual bound        2.00053274019
  Gap               0% (tolerance: 0.5%)
  P-D integral      0.0707153570423
  Solution status   feasible
                    2.00053274019 (objective)
                    0 (bound viol.)
                    0 (int. viol.)
                    0 (row viol.)
  Timing            0.47
  Max sub-MIP depth 0
  Nodes             1
  Repair LPs        0
  LP iterations     1472
                    0 (strong br.)
                    0 (separation)
                    0 (heuristics)
MIP has 10753 rows; 9409 cols; 25537 nonzeros; 1344 integer variables (1344 binary)
Coefficient ranges:
  Matrix  [2e-01, 3e+00]
  Cost    [5e-03, 6e-02]
  Bound   [1e+00, 1e+00]
  RHS     [2e-04, 5e+00]
Presolving model
8064 rows, 9020 cols, 22459 nonzeros 0s
6436 rows, 7726 cols, 18201 nonzeros 0s
4658 rows, 6192 cols, 13553 nonzeros 0s
4151 rows, 5489 cols, 12171 nonzeros 0s
Presolve reductions: rows 4151(-6602); columns 5489(-3920); nonzeros 12171(-13366) 

Solving MIP model with:
   4151 rows
   5489 cols (633 binary, 0 integer, 0 implied int., 4856 continuous, 0 domain fixed)
   12171 nonzeros

Src: B => Branching; C => Central rounding; F => Feasibility pump; H => Heuristic;
     I => Shifting; J => Feasibility jump; L => Sub-MIP; P => Empty MIP; R => Randomized rounding;
     S => Solve LP; T => Evaluate node; U => Unbounded; X => User solution; Y => HiGHS solution;
     Z => ZI Round; l => Trivial lower; p => Trivial point; u => Trivial upper; z => Trivial zero

        Nodes      |    B&B Tree     |            Objective Bounds              |  Dynamic Constraints |       Work      
Src  Proc. InQueue |  Leaves   Expl. | BestBound       BestSol              Gap |   Cuts   InLp Confl. | LpIters     Time

 J       0       0         0   0.00%   -inf            4.894373898        Large        0      0      0         0     0.5s
 T       0       0         0   0.00%   -1.852585467    2.57227771       172.02%        0      0      0      1657     0.6s
         1       0         1 100.00%   2.57227771      2.57227771         0.00%        0      0      0      1657     0.6s

Solving report
  Status            Optimal
  Primal bound      2.57227771024
  Dual bound        2.57227771024
  Gap               0% (tolerance: 0.5%)
  P-D integral      0.0702803403178
  Solution status   feasible
                    2.57227771024 (objective)
                    0 (bound viol.)
                    0 (int. viol.)
                    0 (row viol.)
  Timing            0.56
  Max sub-MIP depth 0
  Nodes             1
  Repair LPs        0
  LP iterations     1657
                    0 (strong br.)
                    0 (separation)
                    0 (heuristics)
MIP has 10753 rows; 9409 cols; 25537 nonzeros; 1344 integer variables (1344 binary)
Coefficient ranges:
  Matrix  [2e-01, 3e+00]
  Cost    [5e-03, 6e-02]
  Bound   [1e+00, 1e+00]
  RHS     [6e-04, 5e+00]
Presolving model
8064 rows, 9276 cols, 22715 nonzeros 0s
6535 rows, 8078 cols, 18652 nonzeros 0s
5337 rows, 7016 cols, 15588 nonzeros 0s
5309 rows, 6917 cols, 15461 nonzeros 0s
Presolve reductions: rows 5309(-5444); columns 6917(-2492); nonzeros 15461(-10076) 

Solving MIP model with:
   5309 rows
   6917 cols (809 binary, 0 integer, 0 implied int., 6108 continuous, 0 domain fixed)
   15461 nonzeros

Src: B => Branching; C => Central rounding; F => Feasibility pump; H => Heuristic;
     I => Shifting; J => Feasibility jump; L => Sub-MIP; P => Empty MIP; R => Randomized rounding;
     S => Solve LP; T => Evaluate node; U => Unbounded; X => User solution; Y => HiGHS solution;
     Z => ZI Round; l => Trivial lower; p => Trivial point; u => Trivial upper; z => Trivial zero

        Nodes      |    B&B Tree     |            Objective Bounds              |  Dynamic Constraints |       Work      
Src  Proc. InQueue |  Leaves   Expl. | BestBound       BestSol              Gap |   Cuts   InLp Confl. | LpIters     Time

 J       0       0         0   0.00%   -inf            5.280153435        Large        0      0      0         0     0.5s
 T       0       0         0   0.00%   -1.136586896    3.603817501      131.54%        0      0      0      2177     0.6s
         1       0         1 100.00%   3.603817501     3.603817501        0.00%        0      0      0      2177     0.6s

Solving report
  Status            Optimal
  Primal bound      3.60381750144
  Dual bound        3.60381750144
  Gap               0% (tolerance: 0.5%)
  P-D integral      0.0987507276262
  Solution status   feasible
                    3.60381750144 (objective)
                    0 (bound viol.)
                    0 (int. viol.)
                    0 (row viol.)
  Timing            0.57
  Max sub-MIP depth 0
  Nodes             1
  Repair LPs        0
  LP iterations     2177
                    0 (strong br.)
                    0 (separation)
                    0 (heuristics)
MIP has 10753 rows; 9409 cols; 25537 nonzeros; 1344 integer variables (1344 binary)
Coefficient ranges:
  Matrix  [2e-01, 3e+00]
  Cost    [5e-03, 6e-02]
  Bound   [1e+00, 1e+00]
  RHS     [7e-04, 5e+00]
Presolving model
8064 rows, 9173 cols, 22612 nonzeros 0s
6470 rows, 7913 cols, 18422 nonzeros 0s
5033 rows, 6660 cols, 14648 nonzeros 0s
4835 rows, 6332 cols, 14122 nonzeros 0s
Presolve reductions: rows 4835(-5918); columns 6332(-3077); nonzeros 14122(-11415) 

Solving MIP model with:
   4835 rows
   6332 cols (739 binary, 0 integer, 0 implied int., 5593 continuous, 0 domain fixed)
   14122 nonzeros

Src: B => Branching; C => Central rounding; F => Feasibility pump; H => Heuristic;
     I => Shifting; J => Feasibility jump; L => Sub-MIP; P => Empty MIP; R => Randomized rounding;
     S => Solve LP; T => Evaluate node; U => Unbounded; X => User solution; Y => HiGHS solution;
     Z => ZI Round; l => Trivial lower; p => Trivial point; u => Trivial upper; z => Trivial zero

        Nodes      |    B&B Tree     |            Objective Bounds              |  Dynamic Constraints |       Work      
Src  Proc. InQueue |  Leaves   Expl. | BestBound       BestSol              Gap |   Cuts   InLp Confl. | LpIters     Time

 J       0       0         0   0.00%   -inf            4.591576483        Large        0      0      0         0     0.5s
 T       0       0         0   0.00%   -1.445187112    2.690639264      153.71%        0      0      0      2002     0.6s
         1       0         1 100.00%   2.690639264     2.690639264        0.00%        0      0      0      2002     0.6s

Solving report
  Status            Optimal
  Primal bound      2.69063926357
  Dual bound        2.69063926357
  Gap               0% (tolerance: 0.5%)
  P-D integral      0.0993679364836
  Solution status   feasible
                    2.69063926357 (objective)
                    0 (bound viol.)
                    0 (int. viol.)
                    0 (row viol.)
  Timing            0.56
  Max sub-MIP depth 0
  Nodes             1
  Repair LPs        0
  LP iterations     2002
                    0 (strong br.)
                    0 (separation)
                    0 (heuristics)
MIP has 10753 rows; 9409 cols; 25537 nonzeros; 1344 integer variables (1344 binary)
Coefficient ranges:
  Matrix  [2e-01, 3e+00]
  Cost    [5e-03, 6e-02]
  Bound   [1e+00, 1e+00]
  RHS     [3e-04, 5e+00]
Presolving model
8064 rows, 8908 cols, 22347 nonzeros 0s
6389 rows, 7567 cols, 17993 nonzeros 0s
4559 rows, 5962 cols, 13222 nonzeros 0s
3874 rows, 5071 cols, 11342 nonzeros 0s
Presolve reductions: rows 3874(-6879); columns 5071(-4338); nonzeros 11342(-14195) 

Solving MIP model with:
   3874 rows
   5071 cols (600 binary, 0 integer, 0 implied int., 4471 continuous, 0 domain fixed)
   11342 nonzeros

Src: B => Branching; C => Central rounding; F => Feasibility pump; H => Heuristic;
     I => Shifting; J => Feasibility jump; L => Sub-MIP; P => Empty MIP; R => Randomized rounding;
     S => Solve LP; T => Evaluate node; U => Unbounded; X => User solution; Y => HiGHS solution;
     Z => ZI Round; l => Trivial lower; p => Trivial point; u => Trivial upper; z => Trivial zero

        Nodes      |    B&B Tree     |            Objective Bounds              |  Dynamic Constraints |       Work      
Src  Proc. InQueue |  Leaves   Expl. | BestBound       BestSol              Gap |   Cuts   InLp Confl. | LpIters     Time

 J       0       0         0   0.00%   -inf            4.160083044        Large        0      0      0         0     0.4s
 T       0       0         0   0.00%   -1.837302302    2.070083049      188.76%        0      0      0      1527     0.5s
         1       0         1 100.00%   2.070083049     2.070083049        0.00%        0      0      0      1527     0.5s

Solving report
  Status            Optimal
  Primal bound      2.07008304888
  Dual bound        2.07008304888
  Gap               0% (tolerance: 0.5%)
  P-D integral      0.0759008326555
  Solution status   feasible
                    2.07008304888 (objective)
                    0 (bound viol.)
                    0 (int. viol.)
                    0 (row viol.)
  Timing            0.49
  Max sub-MIP depth 0
  Nodes             1
  Repair LPs        0
  LP iterations     1527
                    0 (strong br.)
                    0 (separation)
                    0 (heuristics)
MIP has 10753 rows; 9409 cols; 25537 nonzeros; 1344 integer variables (1344 binary)
Coefficient ranges:
  Matrix  [2e-01, 3e+00]
  Cost    [5e-03, 6e-02]
  Bound   [1e+00, 1e+00]
  RHS     [2e-04, 5e+00]
Presolving model
8064 rows, 8873 cols, 22312 nonzeros 0s
6377 rows, 7520 cols, 17936 nonzeros 0s
4543 rows, 5904 cols, 13150 nonzeros 0s
3820 rows, 4976 cols, 11107 nonzeros 0s
3730 rows, 4886 cols, 10927 nonzeros 0s
Presolve reductions: rows 3730(-7023); columns 4886(-4523); nonzeros 10927(-14610) 

Solving MIP model with:
   3730 rows
   4886 cols (578 binary, 0 integer, 0 implied int., 4308 continuous, 0 domain fixed)
   10927 nonzeros

Src: B => Branching; C => Central rounding; F => Feasibility pump; H => Heuristic;
     I => Shifting; J => Feasibility jump; L => Sub-MIP; P => Empty MIP; R => Randomized rounding;
     S => Solve LP; T => Evaluate node; U => Unbounded; X => User solution; Y => HiGHS solution;
     Z => ZI Round; l => Trivial lower; p => Trivial point; u => Trivial upper; z => Trivial zero

        Nodes      |    B&B Tree     |            Objective Bounds              |  Dynamic Constraints |       Work      
Src  Proc. InQueue |  Leaves   Expl. | BestBound       BestSol              Gap |   Cuts   InLp Confl. | LpIters     Time

 J       0       0         0   0.00%   -inf            4.69627964         Large        0      0      0         0     0.5s
 T       0       0         0   0.00%   -1.626359461    2.407184105      167.56%        0      0      0      1467     0.5s
         1       0         1 100.00%   2.407184105     2.407184105        0.00%        0      0      0      1467     0.5s

Solving report
  Status            Optimal
  Primal bound      2.4071841053
  Dual bound        2.4071841053
  Gap               0% (tolerance: 0.5%)
  P-D integral      0.0647505469385
  Solution status   feasible
                    2.4071841053 (objective)
                    0 (bound viol.)
                    0 (int. viol.)
                    0 (row viol.)
  Timing            0.51
  Max sub-MIP depth 0
  Nodes             1
  Repair LPs        0
  LP iterations     1467
                    0 (strong br.)
                    0 (separation)
                    0 (heuristics)
MIP has 10753 rows; 9409 cols; 25537 nonzeros; 1344 integer variables (1344 binary)
Coefficient ranges:
  Matrix  [2e-01, 3e+00]
  Cost    [5e-03, 6e-02]
  Bound   [1e+00, 1e+00]
  RHS     [2e-04, 5e+00]
Presolving model
8064 rows, 8866 cols, 22305 nonzeros 0s
6419 rows, 7555 cols, 18013 nonzeros 0s
4623 rows, 6014 cols, 13340 nonzeros 0s
3392 rows, 4720 cols, 10027 nonzeros 0s
3218 rows, 4546 cols, 9679 nonzeros 0s
Presolve reductions: rows 3218(-7535); columns 4546(-4863); nonzeros 9679(-15858) 

Solving MIP model with:
   3218 rows
   4546 cols (479 binary, 0 integer, 0 implied int., 4067 continuous, 0 domain fixed)
   9679 nonzeros

Src: B => Branching; C => Central rounding; F => Feasibility pump; H => Heuristic;
     I => Shifting; J => Feasibility jump; L => Sub-MIP; P => Empty MIP; R => Randomized rounding;
     S => Solve LP; T => Evaluate node; U => Unbounded; X => User solution; Y => HiGHS solution;
     Z => ZI Round; l => Trivial lower; p => Trivial point; u => Trivial upper; z => Trivial zero

        Nodes      |    B&B Tree     |            Objective Bounds              |  Dynamic Constraints |       Work      
Src  Proc. InQueue |  Leaves   Expl. | BestBound       BestSol              Gap |   Cuts   InLp Confl. | LpIters     Time

 J       0       0         0   0.00%   -inf            5.903460776        Large        0      0      0         0     0.4s
 T       0       0         0   0.00%   -1.671093457    3.116112846      153.63%        0      0      0      1362     0.5s
         1       0         1 100.00%   3.116112846     3.116112846        0.00%        0      0      0      1362     0.5s

Solving report
  Status            Optimal
  Primal bound      3.11611284598
  Dual bound        3.11611284598
  Gap               0% (tolerance: 0.5%)
  P-D integral      0.0531847955813
  Solution status   feasible
                    3.11611284598 (objective)
                    0 (bound viol.)
                    0 (int. viol.)
                    0 (row viol.)
  Timing            0.48
  Max sub-MIP depth 0
  Nodes             1
  Repair LPs        0
  LP iterations     1362
                    0 (strong br.)
                    0 (separation)
                    0 (heuristics)
MIP has 10753 rows; 9409 cols; 25537 nonzeros; 1344 integer variables (1344 binary)
Coefficient ranges:
  Matrix  [2e-01, 3e+00]
  Cost    [5e-03, 6e-02]
  Bound   [1e+00, 1e+00]
  RHS     [1e-04, 5e+00]
Presolving model
8064 rows, 8851 cols, 22290 nonzeros 0s
6451 rows, 7572 cols, 18062 nonzeros 0s
4680 rows, 6070 cols, 13453 nonzeros 0s
2996 rows, 4477 cols, 9020 nonzeros 0s
2747 rows, 4228 cols, 8522 nonzeros 0s
Presolve reductions: rows 2747(-8006); columns 4228(-5181); nonzeros 8522(-17015) 

Solving MIP model with:
   2747 rows
   4228 cols (387 binary, 0 integer, 0 implied int., 3841 continuous, 0 domain fixed)
   8522 nonzeros

Src: B => Branching; C => Central rounding; F => Feasibility pump; H => Heuristic;
     I => Shifting; J => Feasibility jump; L => Sub-MIP; P => Empty MIP; R => Randomized rounding;
     S => Solve LP; T => Evaluate node; U => Unbounded; X => User solution; Y => HiGHS solution;
     Z => ZI Round; l => Trivial lower; p => Trivial point; u => Trivial upper; z => Trivial zero

        Nodes      |    B&B Tree     |            Objective Bounds              |  Dynamic Constraints |       Work      
Src  Proc. InQueue |  Leaves   Expl. | BestBound       BestSol              Gap |   Cuts   InLp Confl. | LpIters     Time

 J       0       0         0   0.00%   -inf            7.55673228         Large        0      0      0         0     0.4s
 T       0       0         0   0.00%   -1.496698161    4.402047436      134.00%        0      0      0      1269     0.4s
         1       0         1 100.00%   4.402047436     4.402047436        0.00%        0      0      0      1269     0.4s

Solving report
  Status            Optimal
  Primal bound      4.40204743633
  Dual bound        4.40204743633
  Gap               0% (tolerance: 0.5%)
  P-D integral      0.0480238300683
  Solution status   feasible
                    4.40204743633 (objective)
                    0 (bound viol.)
                    0 (int. viol.)
                    0 (row viol.)
  Timing            0.44
  Max sub-MIP depth 0
  Nodes             1
  Repair LPs        0
  LP iterations     1269
                    0 (strong br.)
                    0 (separation)
                    0 (heuristics)
MIP has 10753 rows; 9409 cols; 25537 nonzeros; 1344 integer variables (1344 binary)
Coefficient ranges:
  Matrix  [2e-01, 3e+00]
  Cost    [5e-03, 6e-02]
  Bound   [1e+00, 1e+00]
  RHS     [1e-04, 5e+00]
Presolving model
8064 rows, 8838 cols, 22277 nonzeros 0s
6422 rows, 7530 cols, 17991 nonzeros 0s
4639 rows, 6002 cols, 13344 nonzeros 0s
3273 rows, 4645 cols, 9741 nonzeros 0s
3069 rows, 4441 cols, 9333 nonzeros 0s
Presolve reductions: rows 3069(-7684); columns 4441(-4968); nonzeros 9333(-16204) 

Solving MIP model with:
   3069 rows
   4441 cols (456 binary, 0 integer, 0 implied int., 3985 continuous, 0 domain fixed)
   9333 nonzeros

Src: B => Branching; C => Central rounding; F => Feasibility pump; H => Heuristic;
     I => Shifting; J => Feasibility jump; L => Sub-MIP; P => Empty MIP; R => Randomized rounding;
     S => Solve LP; T => Evaluate node; U => Unbounded; X => User solution; Y => HiGHS solution;
     Z => ZI Round; l => Trivial lower; p => Trivial point; u => Trivial upper; z => Trivial zero

        Nodes      |    B&B Tree     |            Objective Bounds              |  Dynamic Constraints |       Work      
Src  Proc. InQueue |  Leaves   Expl. | BestBound       BestSol              Gap |   Cuts   InLp Confl. | LpIters     Time

         0       0         0   0.00%   -1.219983492    inf                  inf        0      0      0         0     0.5s
 T       0       0         0   0.00%   -1.219983492    3.795456477      132.14%        0      0      0      1301     0.5s
         1       0         1 100.00%   3.795456477     3.795456477        0.00%        0      0      0      1301     0.5s

Solving report
  Status            Optimal
  Primal bound      3.79545647739
  Dual bound        3.79545647739
  Gap               0% (tolerance: 0.5%)
  P-D integral      0.000106771760491
  Solution status   feasible
                    3.79545647739 (objective)
                    0 (bound viol.)
                    0 (int. viol.)
                    0 (row viol.)
  Timing            0.50
  Max sub-MIP depth 0
  Nodes             1
  Repair LPs        0
  LP iterations     1301
                    0 (strong br.)
                    0 (separation)
                    0 (heuristics)
MIP has 10753 rows; 9409 cols; 25537 nonzeros; 1344 integer variables (1344 binary)
Coefficient ranges:
  Matrix  [2e-01, 3e+00]
  Cost    [5e-03, 6e-02]
  Bound   [1e+00, 1e+00]
  RHS     [4e-04, 5e+00]
Presolving model
8064 rows, 8813 cols, 22252 nonzeros 0s
6403 rows, 7486 cols, 17928 nonzeros 0s
4593 rows, 5919 cols, 13215 nonzeros 0s
3362 rows, 4603 cols, 9900 nonzeros 0s
3202 rows, 4443 cols, 9580 nonzeros 0s
Presolve reductions: rows 3202(-7551); columns 4443(-4966); nonzeros 9580(-15957) 

Solving MIP model with:
   3202 rows
   4443 cols (484 binary, 0 integer, 0 implied int., 3959 continuous, 0 domain fixed)
   9580 nonzeros

Src: B => Branching; C => Central rounding; F => Feasibility pump; H => Heuristic;
     I => Shifting; J => Feasibility jump; L => Sub-MIP; P => Empty MIP; R => Randomized rounding;
     S => Solve LP; T => Evaluate node; U => Unbounded; X => User solution; Y => HiGHS solution;
     Z => ZI Round; l => Trivial lower; p => Trivial point; u => Trivial upper; z => Trivial zero

        Nodes      |    B&B Tree     |            Objective Bounds              |  Dynamic Constraints |       Work      
Src  Proc. InQueue |  Leaves   Expl. | BestBound       BestSol              Gap |   Cuts   InLp Confl. | LpIters     Time

 J       0       0         0   0.00%   -inf            6.873901076        Large        0      0      0         0     0.4s
 T       0       0         0   0.00%   -0.6329394281   4.461275063      114.19%        0      0      0      1314     0.4s
         1       0         1 100.00%   4.461275063     4.461275063        0.00%        0      0      0      1314     0.4s

Solving report
  Status            Optimal
  Primal bound      4.46127506326
  Dual bound        4.46127506326
  Gap               0% (tolerance: 0.5%)
  P-D integral      0.0440184998744
  Solution status   feasible
                    4.46127506326 (objective)
                    0 (bound viol.)
                    0 (int. viol.)
                    0 (row viol.)
  Timing            0.45
  Max sub-MIP depth 0
  Nodes             1
  Repair LPs        0
  LP iterations     1314
                    0 (strong br.)
                    0 (separation)
                    0 (heuristics)
MIP has 10753 rows; 9409 cols; 25537 nonzeros; 1344 integer variables (1344 binary)
Coefficient ranges:
  Matrix  [2e-01, 3e+00]
  Cost    [1e-02, 6e-02]
  Bound   [1e+00, 1e+00]
  RHS     [5e-04, 5e+00]
Presolving model
8064 rows, 8792 cols, 22231 nonzeros 0s
6420 rows, 7482 cols, 17941 nonzeros 0s
4635 rows, 5955 cols, 13293 nonzeros 0s
3070 rows, 4423 cols, 9148 nonzeros 0s
2843 rows, 4196 cols, 8694 nonzeros 0s
Presolve reductions: rows 2843(-7910); columns 4196(-5213); nonzeros 8694(-16843) 

Solving MIP model with:
   2843 rows
   4196 cols (414 binary, 0 integer, 0 implied int., 3782 continuous, 0 domain fixed)
   8694 nonzeros

Src: B => Branching; C => Central rounding; F => Feasibility pump; H => Heuristic;
     I => Shifting; J => Feasibility jump; L => Sub-MIP; P => Empty MIP; R => Randomized rounding;
     S => Solve LP; T => Evaluate node; U => Unbounded; X => User solution; Y => HiGHS solution;
     Z => ZI Round; l => Trivial lower; p => Trivial point; u => Trivial upper; z => Trivial zero

        Nodes      |    B&B Tree     |            Objective Bounds              |  Dynamic Constraints |       Work      
Src  Proc. InQueue |  Leaves   Expl. | BestBound       BestSol              Gap |   Cuts   InLp Confl. | LpIters     Time

 J       0       0         0   0.00%   -inf            9.210103187        Large        0      0      0         0     0.4s
 T       0       0         0   0.00%   0.267805524     6.712225797       96.01%        0      0      0      1230     0.5s
         1       0         1 100.00%   6.712225797     6.712225797        0.00%        0      0      0      1230     0.5s

Solving report
  Status            Optimal
  Primal bound      6.71222579657
  Dual bound        6.71222579657
  Gap               0% (tolerance: 0.5%)
  P-D integral      0.0412691310694
  Solution status   feasible
                    6.71222579657 (objective)
                    0 (bound viol.)
                    0 (int. viol.)
                    0 (row viol.)
  Timing            0.46
  Max sub-MIP depth 0
  Nodes             1
  Repair LPs        0
  LP iterations     1230
                    0 (strong br.)
                    0 (separation)
                    0 (heuristics)
MIP has 10753 rows; 9409 cols; 25537 nonzeros; 1344 integer variables (1344 binary)
Coefficient ranges:
  Matrix  [2e-01, 3e+00]
  Cost    [1e-02, 6e-02]
  Bound   [1e+00, 1e+00]
  RHS     [4e-04, 5e+00]
Presolving model
8064 rows, 8762 cols, 22201 nonzeros 0s
6417 rows, 7449 cols, 17905 nonzeros 0s
4625 rows, 5915 cols, 13243 nonzeros 0s
2965 rows, 4306 cols, 8858 nonzeros 0s
2727 rows, 4068 cols, 8382 nonzeros 0s
Presolve reductions: rows 2727(-8026); columns 4068(-5341); nonzeros 8382(-17155) 

Solving MIP model with:
   2727 rows
   4068 cols (397 binary, 0 integer, 0 implied int., 3671 continuous, 0 domain fixed)
   8382 nonzeros

Src: B => Branching; C => Central rounding; F => Feasibility pump; H => Heuristic;
     I => Shifting; J => Feasibility jump; L => Sub-MIP; P => Empty MIP; R => Randomized rounding;
     S => Solve LP; T => Evaluate node; U => Unbounded; X => User solution; Y => HiGHS solution;
     Z => ZI Round; l => Trivial lower; p => Trivial point; u => Trivial upper; z => Trivial zero

        Nodes      |    B&B Tree     |            Objective Bounds              |  Dynamic Constraints |       Work      
Src  Proc. InQueue |  Leaves   Expl. | BestBound       BestSol              Gap |   Cuts   InLp Confl. | LpIters     Time

 J       0       0         0   0.00%   -inf            9.376092832        Large        0      0      0         0     0.4s
 T       0       0         0   0.00%   0.6255420985    7.252326521       91.37%        0      0      0      1179     0.4s
         1       0         1 100.00%   7.252326521     7.252326521        0.00%        0      0      0      1179     0.4s

Solving report
  Status            Optimal
  Primal bound      7.25232652137
  Dual bound        7.25232652137
  Gap               0% (tolerance: 0.5%)
  P-D integral      0.0299474345681
  Solution status   feasible
                    7.25232652137 (objective)
                    0 (bound viol.)
                    0 (int. viol.)
                    0 (row viol.)
  Timing            0.43
  Max sub-MIP depth 0
  Nodes             1
  Repair LPs        0
  LP iterations     1179
                    0 (strong br.)
                    0 (separation)
                    0 (heuristics)
MIP has 10753 rows; 9409 cols; 25537 nonzeros; 1344 integer variables (1344 binary)
Coefficient ranges:
  Matrix  [2e-01, 3e+00]
  Cost    [5e-03, 6e-02]
  Bound   [1e+00, 1e+00]
  RHS     [2e-04, 5e+00]
Presolving model
8064 rows, 8750 cols, 22189 nonzeros 0s
6420 rows, 7440 cols, 17899 nonzeros 0s
4618 rows, 5900 cols, 13221 nonzeros 0s
2944 rows, 4269 cols, 8792 nonzeros 0s
2703 rows, 4015 cols, 8297 nonzeros 0s
Presolve reductions: rows 2703(-8050); columns 4015(-5394); nonzeros 8297(-17240) 

Solving MIP model with:
   2703 rows
   4015 cols (395 binary, 0 integer, 0 implied int., 3620 continuous, 0 domain fixed)
   8297 nonzeros

Src: B => Branching; C => Central rounding; F => Feasibility pump; H => Heuristic;
     I => Shifting; J => Feasibility jump; L => Sub-MIP; P => Empty MIP; R => Randomized rounding;
     S => Solve LP; T => Evaluate node; U => Unbounded; X => User solution; Y => HiGHS solution;
     Z => ZI Round; l => Trivial lower; p => Trivial point; u => Trivial upper; z => Trivial zero

        Nodes      |    B&B Tree     |            Objective Bounds              |  Dynamic Constraints |       Work      
Src  Proc. InQueue |  Leaves   Expl. | BestBound       BestSol              Gap |   Cuts   InLp Confl. | LpIters     Time

 J       0       0         0   0.00%   -inf            9.091313469        Large        0      0      0         0     0.4s
 T       0       0         0   0.00%   0.9594908041    7.125056256       86.53%        0      0      0      1168     0.5s
         1       0         1 100.00%   7.125056256     7.125056256        0.00%        0      0      0      1168     0.5s

Solving report
  Status            Optimal
  Primal bound      7.12505625551
  Dual bound        7.12505625551
  Gap               0% (tolerance: 0.5%)
  P-D integral      0.0332225390135
  Solution status   feasible
                    7.12505625551 (objective)
                    0 (bound viol.)
                    0 (int. viol.)
                    0 (row viol.)
  Timing            0.46
  Max sub-MIP depth 0
  Nodes             1
  Repair LPs        0
  LP iterations     1168
                    0 (strong br.)
                    0 (separation)
                    0 (heuristics)
MIP has 10753 rows; 9409 cols; 25537 nonzeros; 1344 integer variables (1344 binary)
Coefficient ranges:
  Matrix  [2e-01, 3e+00]
  Cost    [5e-03, 6e-02]
  Bound   [1e+00, 1e+00]
  RHS     [9e-05, 5e+00]
WARNING: Problem has some excessively small row bounds
Presolving model
8064 rows, 8755 cols, 22194 nonzeros 0s
6436 rows, 7461 cols, 17936 nonzeros 0s
4656 rows, 5948 cols, 13307 nonzeros 0s
2807 rows, 4184 cols, 8442 nonzeros 0s
2545 rows, 3922 cols, 7918 nonzeros 0s
Presolve reductions: rows 2545(-8208); columns 3922(-5487); nonzeros 7918(-17619) 

Solving MIP model with:
   2545 rows
   3922 cols (363 binary, 0 integer, 0 implied int., 3559 continuous, 0 domain fixed)
   7918 nonzeros

Src: B => Branching; C => Central rounding; F => Feasibility pump; H => Heuristic;
     I => Shifting; J => Feasibility jump; L => Sub-MIP; P => Empty MIP; R => Randomized rounding;
     S => Solve LP; T => Evaluate node; U => Unbounded; X => User solution; Y => HiGHS solution;
     Z => ZI Round; l => Trivial lower; p => Trivial point; u => Trivial upper; z => Trivial zero

        Nodes      |    B&B Tree     |            Objective Bounds              |  Dynamic Constraints |       Work      
Src  Proc. InQueue |  Leaves   Expl. | BestBound       BestSol              Gap |   Cuts   InLp Confl. | LpIters     Time

 J       0       0         0   0.00%   -inf            10.24765339        Large        0      0      0         0     0.4s
 T       0       0         0   0.00%   1.233246268     8.114518431       84.80%        0      0      0      1128     0.4s
         1       0         1 100.00%   8.114518431     8.114518431        0.00%        0      0      0      1128     0.4s

Solving report
  Status            Optimal
  Primal bound      8.11451843125
  Dual bound        8.11451843125
  Gap               0% (tolerance: 0.5%)
  P-D integral      0.027372972718
  Solution status   feasible
                    8.11451843125 (objective)
                    0 (bound viol.)
                    0 (int. viol.)
                    0 (row viol.)
  Timing            0.45
  Max sub-MIP depth 0
  Nodes             1
  Repair LPs        0
  LP iterations     1128
                    0 (strong br.)
                    0 (separation)
                    0 (heuristics)
MIP has 10753 rows; 9409 cols; 25537 nonzeros; 1344 integer variables (1344 binary)
Coefficient ranges:
  Matrix  [2e-01, 3e+00]
  Cost    [5e-03, 6e-02]
  Bound   [1e+00, 1e+00]
  RHS     [9e-05, 5e+00]
WARNING: Problem has some excessively small row bounds
Presolving model
8064 rows, 8734 cols, 22173 nonzeros 0s
6444 rows, 7448 cols, 17931 nonzeros 0s
4665 rows, 5943 cols, 13311 nonzeros 0s
2733 rows, 4139 cols, 8239 nonzeros 0s
2206 rows, 3653 cols, 7062 nonzeros 0s
Presolve reductions: rows 2206(-8547); columns 3653(-5756); nonzeros 7062(-18475) 

Solving MIP model with:
   2206 rows
   3653 cols (301 binary, 0 integer, 0 implied int., 3352 continuous, 0 domain fixed)
   7062 nonzeros

Src: B => Branching; C => Central rounding; F => Feasibility pump; H => Heuristic;
     I => Shifting; J => Feasibility jump; L => Sub-MIP; P => Empty MIP; R => Randomized rounding;
     S => Solve LP; T => Evaluate node; U => Unbounded; X => User solution; Y => HiGHS solution;
     Z => ZI Round; l => Trivial lower; p => Trivial point; u => Trivial upper; z => Trivial zero

        Nodes      |    B&B Tree     |            Objective Bounds              |  Dynamic Constraints |       Work      
Src  Proc. InQueue |  Leaves   Expl. | BestBound       BestSol              Gap |   Cuts   InLp Confl. | LpIters     Time

 J       0       0         0   0.00%   -inf            13.1518981         Large        0      0      0         0     0.4s
 T       0       0         0   0.00%   1.816813047     11.28766213       83.90%        0      0      0      1071     0.5s
         1       0         1 100.00%   11.28766213     11.28766213        0.00%        0      0      0      1071     0.5s

Solving report
  Status            Optimal
  Primal bound      11.2876621257
  Dual bound        11.2876621257
  Gap               0% (tolerance: 0.5%)
  P-D integral      0.023594622818
  Solution status   feasible
                    11.2876621257 (objective)
                    0 (bound viol.)
                    0 (int. viol.)
                    0 (row viol.)
  Timing            0.48
  Max sub-MIP depth 0
  Nodes             1
  Repair LPs        0
  LP iterations     1071
                    0 (strong br.)
                    0 (separation)
                    0 (heuristics)
MIP has 10753 rows; 9409 cols; 25537 nonzeros; 1344 integer variables (1344 binary)
Coefficient ranges:
  Matrix  [2e-01, 3e+00]
  Cost    [1e-02, 6e-02]
  Bound   [1e+00, 1e+00]
  RHS     [9e-05, 5e+00]
WARNING: Problem has some excessively small row bounds
Presolving model
8064 rows, 8720 cols, 22159 nonzeros 0s
6438 rows, 7428 cols, 17905 nonzeros 0s
4673 rows, 5935 cols, 13311 nonzeros 0s
2747 rows, 4159 cols, 8273 nonzeros 0s
2119 rows, 3581 cols, 6791 nonzeros 0s
2054 rows, 3516 cols, 6661 nonzeros 0s
Presolve reductions: rows 2054(-8699); columns 3516(-5893); nonzeros 6661(-18876) 

Solving MIP model with:
   2054 rows
   3516 cols (273 binary, 0 integer, 0 implied int., 3243 continuous, 0 domain fixed)
   6661 nonzeros

Src: B => Branching; C => Central rounding; F => Feasibility pump; H => Heuristic;
     I => Shifting; J => Feasibility jump; L => Sub-MIP; P => Empty MIP; R => Randomized rounding;
     S => Solve LP; T => Evaluate node; U => Unbounded; X => User solution; Y => HiGHS solution;
     Z => ZI Round; l => Trivial lower; p => Trivial point; u => Trivial upper; z => Trivial zero

        Nodes      |    B&B Tree     |            Objective Bounds              |  Dynamic Constraints |       Work      
Src  Proc. InQueue |  Leaves   Expl. | BestBound       BestSol              Gap |   Cuts   InLp Confl. | LpIters     Time

 J       0       0         0   0.00%   -inf            13.84449603        Large        0      0      0         0     0.4s
 T       0       0         0   0.00%   2.513188069     12.28598558       79.54%        0      0      0      1056     0.5s
         1       0         1 100.00%   12.28598558     12.28598558        0.00%        0      0      0      1056     0.5s

Solving report
  Status            Optimal
  Primal bound      12.285985578
  Dual bound        12.285985578
  Gap               0% (tolerance: 0.5%)
  P-D integral      0.0271656634317
  Solution status   feasible
                    12.285985578 (objective)
                    0 (bound viol.)
                    0 (int. viol.)
                    0 (row viol.)
  Timing            0.46
  Max sub-MIP depth 0
  Nodes             1
  Repair LPs        0
  LP iterations     1056
                    0 (strong br.)
                    0 (separation)
                    0 (heuristics)
MIP has 10753 rows; 9409 cols; 25537 nonzeros; 1344 integer variables (1344 binary)
Coefficient ranges:
  Matrix  [2e-01, 3e+00]
  Cost    [1e-02, 6e-02]
  Bound   [1e+00, 1e+00]
  RHS     [9e-05, 5e+00]
WARNING: Problem has some excessively small row bounds
Presolving model
8064 rows, 8827 cols, 22266 nonzeros 0s
6485 rows, 7582 cols, 18106 nonzeros 0s
4767 rows, 6150 cols, 13620 nonzeros 0s
2911 rows, 4475 cols, 8753 nonzeros 0s
1968 rows, 3640 cols, 6447 nonzeros 0s
1837 rows, 3484 cols, 6160 nonzeros 0s
Presolve reductions: rows 1837(-8916); columns 3484(-5925); nonzeros 6160(-19377) 

Solving MIP model with:
   1837 rows
   3484 cols (210 binary, 0 integer, 0 implied int., 3274 continuous, 0 domain fixed)
   6160 nonzeros

Src: B => Branching; C => Central rounding; F => Feasibility pump; H => Heuristic;
     I => Shifting; J => Feasibility jump; L => Sub-MIP; P => Empty MIP; R => Randomized rounding;
     S => Solve LP; T => Evaluate node; U => Unbounded; X => User solution; Y => HiGHS solution;
     Z => ZI Round; l => Trivial lower; p => Trivial point; u => Trivial upper; z => Trivial zero

        Nodes      |    B&B Tree     |            Objective Bounds              |  Dynamic Constraints |       Work      
Src  Proc. InQueue |  Leaves   Expl. | BestBound       BestSol              Gap |   Cuts   InLp Confl. | LpIters     Time

         0       0         0   0.00%   2.539483903     inf                  inf        0      0      0         0     0.4s
 T       0       0         0   0.00%   2.539483903     13.46427782       81.14%        0      0      0      1100     0.5s
         1       0         1 100.00%   13.46427782     13.46427782        0.00%        0      0      0      1100     0.5s

Solving report
  Status            Optimal
  Primal bound      13.464277822
  Dual bound        13.464277822
  Gap               0% (tolerance: 0.5%)
  P-D integral      6.66152010729e-05
  Solution status   feasible
                    13.464277822 (objective)
                    0 (bound viol.)
                    0 (int. viol.)
                    0 (row viol.)
  Timing            0.47
  Max sub-MIP depth 0
  Nodes             1
  Repair LPs        0
  LP iterations     1100
                    0 (strong br.)
                    0 (separation)
                    0 (heuristics)
MIP has 10753 rows; 9409 cols; 25537 nonzeros; 1344 integer variables (1344 binary)
Coefficient ranges:
  Matrix  [2e-01, 3e+00]
  Cost    [1e-02, 6e-02]
  Bound   [1e+00, 1e+00]
  RHS     [2e-05, 5e+00]
WARNING: Problem has some excessively small row bounds
Presolving model
8064 rows, 9176 cols, 22615 nonzeros 0s
6594 rows, 8040 cols, 18673 nonzeros 0s
5003 rows, 6766 cols, 14472 nonzeros 0s
3268 rows, 5320 cols, 9955 nonzeros 0s
1756 rows, 4059 cols, 6110 nonzeros 0s
1494 rows, 3760 cols, 5549 nonzeros 0s
Presolve reductions: rows 1494(-9259); columns 3760(-5649); nonzeros 5549(-19988) 

Solving MIP model with:
   1494 rows
   3760 cols (74 binary, 0 integer, 0 implied int., 3686 continuous, 0 domain fixed)
   5549 nonzeros

Src: B => Branching; C => Central rounding; F => Feasibility pump; H => Heuristic;
     I => Shifting; J => Feasibility jump; L => Sub-MIP; P => Empty MIP; R => Randomized rounding;
     S => Solve LP; T => Evaluate node; U => Unbounded; X => User solution; Y => HiGHS solution;
     Z => ZI Round; l => Trivial lower; p => Trivial point; u => Trivial upper; z => Trivial zero

        Nodes      |    B&B Tree     |            Objective Bounds              |  Dynamic Constraints |       Work      
Src  Proc. InQueue |  Leaves   Expl. | BestBound       BestSol              Gap |   Cuts   InLp Confl. | LpIters     Time

         0       0         0   0.00%   1.561448717     inf                  inf        0      0      0         0     0.5s
 T       0       0         0   0.00%   1.561448717     16.5683913        90.58%        0      0      0      1271     0.5s
         1       0         1 100.00%   16.5683913      16.5683913         0.00%        0      0      0      1271     0.5s

Solving report
  Status            Optimal
  Primal bound      16.5683913008
  Dual bound        16.5683913008
  Gap               0% (tolerance: 0.5%)
  P-D integral      7.22794483566e-05
  Solution status   feasible
                    16.5683913008 (objective)
                    0 (bound viol.)
                    0 (int. viol.)
                    0 (row viol.)
  Timing            0.49
  Max sub-MIP depth 0
  Nodes             1
  Repair LPs        0
  LP iterations     1271
                    0 (strong br.)
                    0 (separation)
                    0 (heuristics)
MIP has 10753 rows; 9409 cols; 25537 nonzeros; 1344 integer variables (1344 binary)
Coefficient ranges:
  Matrix  [2e-01, 3e+00]
  Cost    [1e-02, 6e-02]
  Bound   [1e+00, 1e+00]
  RHS     [2e-05, 5e+00]
WARNING: Problem has some excessively small row bounds
Presolving model
8064 rows, 9068 cols, 22507 nonzeros 0s
6562 rows, 7900 cols, 18501 nonzeros 0s
4936 rows, 6582 cols, 14221 nonzeros 0s
3162 rows, 5072 cols, 9601 nonzeros 0s
1175 rows, 2016 cols, 3750 nonzeros 0s
1054 rows, 1772 cols, 3385 nonzeros 0s
Presolve reductions: rows 1054(-9699); columns 1772(-7637); nonzeros 3385(-22152) 

Solving MIP model with:
   1054 rows
   1772 cols (140 binary, 0 integer, 0 implied int., 1632 continuous, 0 domain fixed)
   3385 nonzeros

Src: B => Branching; C => Central rounding; F => Feasibility pump; H => Heuristic;
     I => Shifting; J => Feasibility jump; L => Sub-MIP; P => Empty MIP; R => Randomized rounding;
     S => Solve LP; T => Evaluate node; U => Unbounded; X => User solution; Y => HiGHS solution;
     Z => ZI Round; l => Trivial lower; p => Trivial point; u => Trivial upper; z => Trivial zero

        Nodes      |    B&B Tree     |            Objective Bounds              |  Dynamic Constraints |       Work      
Src  Proc. InQueue |  Leaves   Expl. | BestBound       BestSol              Gap |   Cuts   InLp Confl. | LpIters     Time

 J       0       0         0   0.00%   -inf            14.46306834        Large        0      0      0         0     0.5s
 T       0       0         0   0.00%   10.16227051     14.08882093       27.87%        0      0      0       516     0.5s
         1       0         1 100.00%   14.08882093     14.08882093        0.00%        0      0      0       516     0.5s

Solving report
  Status            Optimal
  Primal bound      14.0888209344
  Dual bound        14.0888209344
  Gap               0% (tolerance: 0.5%)
  P-D integral      0.00350125796731
  Solution status   feasible
                    14.0888209344 (objective)
                    0 (bound viol.)
                    0 (int. viol.)
                    0 (row viol.)
  Timing            0.47
  Max sub-MIP depth 0
  Nodes             1
  Repair LPs        0
  LP iterations     516
                    0 (strong br.)
                    0 (separation)
                    0 (heuristics)
MIP has 10753 rows; 9409 cols; 25537 nonzeros; 1344 integer variables (1344 binary)
Coefficient ranges:
  Matrix  [2e-01, 3e+00]
  Cost    [1e-02, 6e-02]
  Bound   [1e+00, 1e+00]
  RHS     [2e-04, 5e+00]
Presolving model
8064 rows, 8560 cols, 21999 nonzeros 0s
6407 rows, 7236 cols, 17678 nonzeros 0s
4595 rows, 5681 cols, 12959 nonzeros 0s
2659 rows, 3826 cols, 7836 nonzeros 0s
2430 rows, 3037 cols, 5730 nonzeros 0s
1429 rows, 2749 cols, 4801 nonzeros 0s
1244 rows, 2544 cols, 4411 nonzeros 0s
Presolve reductions: rows 1244(-9509); columns 2544(-6865); nonzeros 4411(-21126) 

Solving MIP model with:
   1244 rows
   2544 cols (156 binary, 0 integer, 0 implied int., 2388 continuous, 0 domain fixed)
   4411 nonzeros

Src: B => Branching; C => Central rounding; F => Feasibility pump; H => Heuristic;
     I => Shifting; J => Feasibility jump; L => Sub-MIP; P => Empty MIP; R => Randomized rounding;
     S => Solve LP; T => Evaluate node; U => Unbounded; X => User solution; Y => HiGHS solution;
     Z => ZI Round; l => Trivial lower; p => Trivial point; u => Trivial upper; z => Trivial zero

        Nodes      |    B&B Tree     |            Objective Bounds              |  Dynamic Constraints |       Work      
Src  Proc. InQueue |  Leaves   Expl. | BestBound       BestSol              Gap |   Cuts   InLp Confl. | LpIters     Time

 J       0       0         0   0.00%   -inf            13.06806869        Large        0      0      0         0     0.6s
 T       0       0         0   0.00%   3.31231208      12.65723498       73.83%        0      0      0       502     0.6s
         1       0         1 100.00%   12.65723498     12.65723498        0.00%        0      0      0       502     0.6s

Solving report
  Status            Optimal
  Primal bound      12.6572349843
  Dual bound        12.6572349843
  Gap               0% (tolerance: 0.5%)
  P-D integral      0.0175122931229
  Solution status   feasible
                    12.6572349843 (objective)
                    0 (bound viol.)
                    0 (int. viol.)
                    0 (row viol.)
  Timing            0.59
  Max sub-MIP depth 0
  Nodes             1
  Repair LPs        0
  LP iterations     502
                    0 (strong br.)
                    0 (separation)
                    0 (heuristics)
MIP has 10753 rows; 9409 cols; 25537 nonzeros; 1344 integer variables (1344 binary)
Coefficient ranges:
  Matrix  [2e-01, 3e+00]
  Cost    [1e-02, 6e-02]
  Bound   [1e+00, 1e+00]
  RHS     [4e-04, 5e+00]
Presolving model
8064 rows, 8414 cols, 21853 nonzeros 0s
6394 rows, 7078 cols, 17511 nonzeros 0s
4590 rows, 5533 cols, 12826 nonzeros 0s
2653 rows, 3721 cols, 7741 nonzeros 0s
2472 rows, 2766 cols, 5057 nonzeros 0s
1017 rows, 2214 cols, 3566 nonzeros 0s
810 rows, 1889 cols, 3034 nonzeros 0s
630 rows, 1122 cols, 2087 nonzeros 0s
Presolve reductions: rows 630(-10123); columns 1122(-8287); nonzeros 2087(-23450) 

Solving MIP model with:
   630 rows
   1122 cols (84 binary, 0 integer, 0 implied int., 1038 continuous, 0 domain fixed)
   2087 nonzeros

Src: B => Branching; C => Central rounding; F => Feasibility pump; H => Heuristic;
     I => Shifting; J => Feasibility jump; L => Sub-MIP; P => Empty MIP; R => Randomized rounding;
     S => Solve LP; T => Evaluate node; U => Unbounded; X => User solution; Y => HiGHS solution;
     Z => ZI Round; l => Trivial lower; p => Trivial point; u => Trivial upper; z => Trivial zero

        Nodes      |    B&B Tree     |            Objective Bounds              |  Dynamic Constraints |       Work      
Src  Proc. InQueue |  Leaves   Expl. | BestBound       BestSol              Gap |   Cuts   InLp Confl. | LpIters     Time

 J       0       0         0   0.00%   -inf            18.03919003        Large        0      0      0         0     0.4s
 T       0       0         0   0.00%   13.00068107     17.9251049        27.47%        0      0      0       304     0.4s
         1       0         1 100.00%   17.9251049      17.9251049         0.00%        0      0      0       304     0.4s

Solving report
  Status            Optimal
  Primal bound      17.925104896
  Dual bound        17.925104896
  Gap               0% (tolerance: 0.5%)
  P-D integral      0.00215545223657
  Solution status   feasible
                    17.925104896 (objective)
                    0 (bound viol.)
                    0 (int. viol.)
                    0 (row viol.)
  Timing            0.37
  Max sub-MIP depth 0
  Nodes             1
  Repair LPs        0
  LP iterations     304
                    0 (strong br.)
                    0 (separation)
                    0 (heuristics)
MIP has 10753 rows; 9409 cols; 25537 nonzeros; 1344 integer variables (1344 binary)
Coefficient ranges:
  Matrix  [2e-01, 3e+00]
  Cost    [1e-02, 6e-02]
  Bound   [1e+00, 1e+00]
  RHS     [2e-04, 5e+00]
Presolving model
8064 rows, 8526 cols, 21965 nonzeros 0s
6391 rows, 7187 cols, 17613 nonzeros 0s
4585 rows, 5636 cols, 12904 nonzeros 0s
2642 rows, 3814 cols, 7807 nonzeros 0s
2407 rows, 2889 cols, 5563 nonzeros 0s
1488 rows, 2660 cols, 4851 nonzeros 0s
1350 rows, 2503 cols, 4554 nonzeros 0s
Presolve reductions: rows 1350(-9403); columns 2503(-6906); nonzeros 4554(-20983) 

Solving MIP model with:
   1350 rows
   2503 cols (176 binary, 0 integer, 0 implied int., 2327 continuous, 0 domain fixed)
   4554 nonzeros

Src: B => Branching; C => Central rounding; F => Feasibility pump; H => Heuristic;
     I => Shifting; J => Feasibility jump; L => Sub-MIP; P => Empty MIP; R => Randomized rounding;
     S => Solve LP; T => Evaluate node; U => Unbounded; X => User solution; Y => HiGHS solution;
     Z => ZI Round; l => Trivial lower; p => Trivial point; u => Trivial upper; z => Trivial zero

        Nodes      |    B&B Tree     |            Objective Bounds              |  Dynamic Constraints |       Work      
Src  Proc. InQueue |  Leaves   Expl. | BestBound       BestSol              Gap |   Cuts   InLp Confl. | LpIters     Time

 J       0       0         0   0.00%   -inf            21.01273998        Large        0      0      0         0     0.4s
 T       0       0         0   0.00%   8.319903137     20.64262285       59.70%        0      0      0       652     0.5s
         1       0         1 100.00%   20.64262285     20.64262285        0.00%        0      0      0       652     0.5s

Solving report
  Status            Optimal
  Primal bound      20.642622855
  Dual bound        20.642622855
  Gap               0% (tolerance: 0.5%)
  P-D integral      0.00957512661521
  Solution status   feasible
                    20.642622855 (objective)
                    0 (bound viol.)
                    0 (int. viol.)
                    0 (row viol.)
  Timing            0.45
  Max sub-MIP depth 0
  Nodes             1
  Repair LPs        0
  LP iterations     652
                    0 (strong br.)
                    0 (separation)
                    0 (heuristics)
MIP has 10753 rows; 9409 cols; 25537 nonzeros; 1344 integer variables (1344 binary)
Coefficient ranges:
  Matrix  [2e-01, 3e+00]
  Cost    [1e-02, 6e-02]
  Bound   [1e+00, 1e+00]
  RHS     [2e-04, 5e+00]
Presolving model
8064 rows, 8605 cols, 22044 nonzeros 0s
6402 rows, 7277 cols, 17714 nonzeros 0s
4586 rows, 5720 cols, 12990 nonzeros 0s
2635 rows, 3877 cols, 7855 nonzeros 0s
1768 rows, 3089 cols, 5738 nonzeros 0s
1640 rows, 2874 cols, 5395 nonzeros 0s
Presolve reductions: rows 1640(-9113); columns 2874(-6535); nonzeros 5395(-20142) 

Solving MIP model with:
   1640 rows
   2874 cols (221 binary, 0 integer, 0 implied int., 2653 continuous, 0 domain fixed)
   5395 nonzeros

Src: B => Branching; C => Central rounding; F => Feasibility pump; H => Heuristic;
     I => Shifting; J => Feasibility jump; L => Sub-MIP; P => Empty MIP; R => Randomized rounding;
     S => Solve LP; T => Evaluate node; U => Unbounded; X => User solution; Y => HiGHS solution;
     Z => ZI Round; l => Trivial lower; p => Trivial point; u => Trivial upper; z => Trivial zero

        Nodes      |    B&B Tree     |            Objective Bounds              |  Dynamic Constraints |       Work      
Src  Proc. InQueue |  Leaves   Expl. | BestBound       BestSol              Gap |   Cuts   InLp Confl. | LpIters     Time

 J       0       0         0   0.00%   -inf            20.69419441        Large        0      0      0         0     0.5s
 T       0       0         0   0.00%   6.423404592     20.26643355       68.31%        0      0      0       751     0.5s
         1       0         1 100.00%   20.26643355     20.26643355        0.00%        0      0      0       751     0.5s

Solving report
  Status            Optimal
  Primal bound      20.2664335533
  Dual bound        20.2664335533
  Gap               0% (tolerance: 0.5%)
  P-D integral      0.0180736430833
  Solution status   feasible
                    20.2664335533 (objective)
                    0 (bound viol.)
                    0 (int. viol.)
                    0 (row viol.)
  Timing            0.48
  Max sub-MIP depth 0
  Nodes             1
  Repair LPs        0
  LP iterations     751
                    0 (strong br.)
                    0 (separation)
                    0 (heuristics)
MIP has 10753 rows; 9409 cols; 25537 nonzeros; 1344 integer variables (1344 binary)
Coefficient ranges:
  Matrix  [2e-01, 3e+00]
  Cost    [1e-02, 6e-02]
  Bound   [1e+00, 1e+00]
  RHS     [1e-04, 5e+00]
WARNING: Problem has some excessively small row bounds
Presolving model
8064 rows, 8586 cols, 22025 nonzeros 0s
6427 rows, 7283 cols, 17749 nonzeros 0s
4649 rows, 5774 cols, 13126 nonzeros 0s
2723 rows, 3985 cols, 8075 nonzeros 0s
1577 rows, 2939 cols, 5227 nonzeros 0s
1383 rows, 2625 cols, 4719 nonzeros 0s
Presolve reductions: rows 1383(-9370); columns 2625(-6784); nonzeros 4719(-20818) 

Solving MIP model with:
   1383 rows
   2625 cols (178 binary, 0 integer, 0 implied int., 2447 continuous, 0 domain fixed)
   4719 nonzeros

Src: B => Branching; C => Central rounding; F => Feasibility pump; H => Heuristic;
     I => Shifting; J => Feasibility jump; L => Sub-MIP; P => Empty MIP; R => Randomized rounding;
     S => Solve LP; T => Evaluate node; U => Unbounded; X => User solution; Y => HiGHS solution;
     Z => ZI Round; l => Trivial lower; p => Trivial point; u => Trivial upper; z => Trivial zero

        Nodes      |    B&B Tree     |            Objective Bounds              |  Dynamic Constraints |       Work      
Src  Proc. InQueue |  Leaves   Expl. | BestBound       BestSol              Gap |   Cuts   InLp Confl. | LpIters     Time

 J       0       0         0   0.00%   -inf            22.94898774        Large        0      0      0         0     0.4s
 T       0       0         0   0.00%   7.973684503     22.70822898       64.89%        0      0      0       677     0.4s
         1       0         1 100.00%   22.70822898     22.70822898        0.00%        0      0      0       677     0.5s

Solving report
  Status            Optimal
  Primal bound      22.7082289794
  Dual bound        22.7082289794
  Gap               0% (tolerance: 0.5%)
  P-D integral      0.0134916008711
  Solution status   feasible
                    22.7082289794 (objective)
                    0 (bound viol.)
                    0 (int. viol.)
                    0 (row viol.)
  Timing            0.45
  Max sub-MIP depth 0
  Nodes             1
  Repair LPs        0
  LP iterations     677
                    0 (strong br.)
                    0 (separation)
                    0 (heuristics)
MIP has 10753 rows; 9409 cols; 25537 nonzeros; 1344 integer variables (1344 binary)
Coefficient ranges:
  Matrix  [2e-01, 3e+00]
  Cost    [1e-02, 6e-02]
  Bound   [1e+00, 1e+00]
  RHS     [1e-04, 5e+00]
WARNING: Problem has some excessively small row bounds
Presolving model
8064 rows, 8540 cols, 21979 nonzeros 0s
6411 rows, 7221 cols, 17671 nonzeros 0s
4632 rows, 5706 cols, 13041 nonzeros 0s
2713 rows, 3919 cols, 7999 nonzeros 0s
1386 rows, 2699 cols, 4656 nonzeros 0s
1138 rows, 2246 cols, 3955 nonzeros 0s
1092 rows, 2082 cols, 3745 nonzeros 0s
Presolve reductions: rows 1092(-9661); columns 2082(-7327); nonzeros 3745(-21792) 

Solving MIP model with:
   1092 rows
   2082 cols (143 binary, 0 integer, 0 implied int., 1939 continuous, 0 domain fixed)
   3745 nonzeros

Src: B => Branching; C => Central rounding; F => Feasibility pump; H => Heuristic;
     I => Shifting; J => Feasibility jump; L => Sub-MIP; P => Empty MIP; R => Randomized rounding;
     S => Solve LP; T => Evaluate node; U => Unbounded; X => User solution; Y => HiGHS solution;
     Z => ZI Round; l => Trivial lower; p => Trivial point; u => Trivial upper; z => Trivial zero

        Nodes      |    B&B Tree     |            Objective Bounds              |  Dynamic Constraints |       Work      
Src  Proc. InQueue |  Leaves   Expl. | BestBound       BestSol              Gap |   Cuts   InLp Confl. | LpIters     Time

 J       0       0         0   0.00%   -inf            23.36321688        Large        0      0      0         0     0.4s
 T       0       0         0   0.00%   11.85108678     23.10923028       48.72%        0      0      0       435     0.5s
         1       0         1 100.00%   23.10923028     23.10923028        0.00%        0      0      0       435     0.5s

Solving report
  Status            Optimal
  Primal bound      23.1092302752
  Dual bound        23.1092302752
  Gap               0% (tolerance: 0.5%)
  P-D integral      0.00916912808125
  Solution status   feasible
                    23.1092302752 (objective)
                    0 (bound viol.)
                    0 (int. viol.)
                    0 (row viol.)
  Timing            0.45
  Max sub-MIP depth 0
  Nodes             1
  Repair LPs        0
  LP iterations     435
                    0 (strong br.)
                    0 (separation)
                    0 (heuristics)
MIP has 10753 rows; 9409 cols; 25537 nonzeros; 1344 integer variables (1344 binary)
Coefficient ranges:
  Matrix  [2e-01, 3e+00]
  Cost    [1e-02, 6e-02]
  Bound   [1e+00, 1e+00]
  RHS     [1e-03, 5e+00]
Presolving model
8064 rows, 8485 cols, 21924 nonzeros 0s
6398 rows, 7153 cols, 17586 nonzeros 0s
4570 rows, 5588 cols, 12841 nonzeros 0s
2643 rows, 3772 cols, 7758 nonzeros 0s
2421 rows, 2869 cols, 5311 nonzeros 0s
1192 rows, 2465 cols, 4114 nonzeros 0s
954 rows, 2109 cols, 3520 nonzeros 0s
932 rows, 2034 cols, 3423 nonzeros 0s
Presolve reductions: rows 932(-9821); columns 2034(-7375); nonzeros 3423(-22114) 

Solving MIP model with:
   932 rows
   2034 cols (115 binary, 0 integer, 0 implied int., 1919 continuous, 0 domain fixed)
   3423 nonzeros

Src: B => Branching; C => Central rounding; F => Feasibility pump; H => Heuristic;
     I => Shifting; J => Feasibility jump; L => Sub-MIP; P => Empty MIP; R => Randomized rounding;
     S => Solve LP; T => Evaluate node; U => Unbounded; X => User solution; Y => HiGHS solution;
     Z => ZI Round; l => Trivial lower; p => Trivial point; u => Trivial upper; z => Trivial zero

        Nodes      |    B&B Tree     |            Objective Bounds              |  Dynamic Constraints |       Work      
Src  Proc. InQueue |  Leaves   Expl. | BestBound       BestSol              Gap |   Cuts   InLp Confl. | LpIters     Time

 J       0       0         0   0.00%   -inf            23.66227845        Large        0      0      0         0     0.5s
 T       0       0         0   0.00%   8.805072494     23.42958227       62.42%        0      0      0       332     0.5s
         1       0         1 100.00%   23.42958227     23.42958227        0.00%        0      0      0       332     0.5s

Solving report
  Status            Optimal
  Primal bound      23.4295822698
  Dual bound        23.4295822698
  Gap               0% (tolerance: 0.5%)
  P-D integral      0.00732322751462
  Solution status   feasible
                    23.4295822698 (objective)
                    0 (bound viol.)
                    0 (int. viol.)
                    0 (row viol.)
  Timing            0.48
  Max sub-MIP depth 0
  Nodes             1
  Repair LPs        0
  LP iterations     332
                    0 (strong br.)
                    0 (separation)
                    0 (heuristics)
MIP has 10753 rows; 9409 cols; 25537 nonzeros; 1344 integer variables (1344 binary)
Coefficient ranges:
  Matrix  [2e-01, 3e+00]
  Cost    [1e-02, 6e-02]
  Bound   [1e+00, 1e+00]
  RHS     [2e-04, 5e+00]
Presolving model
8064 rows, 8504 cols, 21943 nonzeros 0s
6417 rows, 7191 cols, 17643 nonzeros 0s
4616 rows, 5658 cols, 12957 nonzeros 0s
2709 rows, 3895 cols, 7947 nonzeros 0s
2499 rows, 2903 cols, 5207 nonzeros 0s
1084 rows, 2483 cols, 3880 nonzeros 0s
830 rows, 2106 cols, 3249 nonzeros 0s
693 rows, 1588 cols, 2594 nonzeros 0s
Presolve reductions: rows 693(-10060); columns 1588(-7821); nonzeros 2594(-22943) 

Solving MIP model with:
   693 rows
   1588 cols (79 binary, 0 integer, 0 implied int., 1509 continuous, 0 domain fixed)
   2594 nonzeros

Src: B => Branching; C => Central rounding; F => Feasibility pump; H => Heuristic;
     I => Shifting; J => Feasibility jump; L => Sub-MIP; P => Empty MIP; R => Randomized rounding;
     S => Solve LP; T => Evaluate node; U => Unbounded; X => User solution; Y => HiGHS solution;
     Z => ZI Round; l => Trivial lower; p => Trivial point; u => Trivial upper; z => Trivial zero

        Nodes      |    B&B Tree     |            Objective Bounds              |  Dynamic Constraints |       Work      
Src  Proc. InQueue |  Leaves   Expl. | BestBound       BestSol              Gap |   Cuts   InLp Confl. | LpIters     Time

 J       0       0         0   0.00%   -inf            25.95442343        Large        0      0      0         0     0.5s
 T       0       0         0   0.00%   13.56205099     25.87648671       47.59%        0      0      0       185     0.5s
         1       0         1 100.00%   25.87648671     25.87648671        0.00%        0      0      0       185     0.5s

Solving report
  Status            Optimal
  Primal bound      25.8764867074
  Dual bound        25.8764867074
  Gap               0% (tolerance: 0.5%)
  P-D integral      0.00457682489302
  Solution status   feasible
                    25.8764867074 (objective)
                    0 (bound viol.)
                    0 (int. viol.)
                    0 (row viol.)
  Timing            0.51
  Max sub-MIP depth 0
  Nodes             1
  Repair LPs        0
  LP iterations     185
                    0 (strong br.)
                    0 (separation)
                    0 (heuristics)
MIP has 10753 rows; 9409 cols; 25537 nonzeros; 1344 integer variables (1344 binary)
Coefficient ranges:
  Matrix  [2e-01, 3e+00]
  Cost    [1e-02, 6e-02]
  Bound   [1e+00, 1e+00]
  RHS     [2e-04, 5e+00]
Presolving model
8064 rows, 8562 cols, 22001 nonzeros 0s
6417 rows, 7249 cols, 17701 nonzeros 0s
4629 rows, 5726 cols, 13038 nonzeros 0s
2728 rows, 3974 cols, 8045 nonzeros 0s
2507 rows, 3091 cols, 5637 nonzeros 0s
1307 rows, 2725 cols, 4501 nonzeros 0s
1064 rows, 2310 cols, 3843 nonzeros 0s
961 rows, 1905 cols, 3335 nonzeros 0s
Presolve reductions: rows 961(-9792); columns 1905(-7504); nonzeros 3335(-22202) 

Solving MIP model with:
   961 rows
   1905 cols (118 binary, 0 integer, 0 implied int., 1787 continuous, 0 domain fixed)
   3335 nonzeros

Src: B => Branching; C => Central rounding; F => Feasibility pump; H => Heuristic;
     I => Shifting; J => Feasibility jump; L => Sub-MIP; P => Empty MIP; R => Randomized rounding;
     S => Solve LP; T => Evaluate node; U => Unbounded; X => User solution; Y => HiGHS solution;
     Z => ZI Round; l => Trivial lower; p => Trivial point; u => Trivial upper; z => Trivial zero

        Nodes      |    B&B Tree     |            Objective Bounds              |  Dynamic Constraints |       Work      
Src  Proc. InQueue |  Leaves   Expl. | BestBound       BestSol              Gap |   Cuts   InLp Confl. | LpIters     Time

 J       0       0         0   0.00%   -inf            27.24643832        Large        0      0      0         0     0.5s
 T       0       0         0   0.00%   13.00901096     27.05777597       51.92%        0      0      0       291     0.5s
         1       0         1 100.00%   27.05777597     27.05777597        0.00%        0      0      0       291     0.5s

Solving report
  Status            Optimal
  Primal bound      27.0577759687
  Dual bound        27.0577759687
  Gap               0% (tolerance: 0.5%)
  P-D integral      0.006813603199
  Solution status   feasible
                    27.0577759687 (objective)
                    0 (bound viol.)
                    0 (int. viol.)
                    0 (row viol.)
  Timing            0.50
  Max sub-MIP depth 0
  Nodes             1
  Repair LPs        0
  LP iterations     291
                    0 (strong br.)
                    0 (separation)
                    0 (heuristics)
MIP has 10754 rows; 9409 cols; 25538 nonzeros; 1344 integer variables (1344 binary)
Coefficient ranges:
  Matrix  [2e-01, 3e+00]
  Cost    [1e-02, 6e-02]
  Bound   [1e+00, 1e+00]
  RHS     [2e-04, 5e+00]
Presolving model
8064 rows, 8561 cols, 22000 nonzeros 0s
6420 rows, 7251 cols, 17710 nonzeros 0s
4650 rows, 5747 cols, 13100 nonzeros 0s
2746 rows, 3995 cols, 8108 nonzeros 0s
2554 rows, 3137 cols, 5726 nonzeros 0s
1324 rows, 2749 cols, 4552 nonzeros 0s
1069 rows, 2303 cols, 3851 nonzeros 0s
935 rows, 1792 cols, 3206 nonzeros 0s
Presolve reductions: rows 935(-9819); columns 1792(-7617); nonzeros 3206(-22332) 

Solving MIP model with:
   935 rows
   1792 cols (120 binary, 0 integer, 0 implied int., 1672 continuous, 0 domain fixed)
   3206 nonzeros

Src: B => Branching; C => Central rounding; F => Feasibility pump; H => Heuristic;
     I => Shifting; J => Feasibility jump; L => Sub-MIP; P => Empty MIP; R => Randomized rounding;
     S => Solve LP; T => Evaluate node; U => Unbounded; X => User solution; Y => HiGHS solution;
     Z => ZI Round; l => Trivial lower; p => Trivial point; u => Trivial upper; z => Trivial zero

        Nodes      |    B&B Tree     |            Objective Bounds              |  Dynamic Constraints |       Work      
Src  Proc. InQueue |  Leaves   Expl. | BestBound       BestSol              Gap |   Cuts   InLp Confl. | LpIters     Time

         0       0         0   0.00%   14.99363157     inf                  inf        0      0      0         0     0.4s
 T       0       0         0   0.00%   14.99363157     27.6435978        45.76%        0      0      0       194     0.5s
         1       0         1 100.00%   27.6435978      27.6435978         0.00%        0      0      0       194     0.5s

Solving report
  Status            Optimal
  Primal bound      27.6435977958
  Dual bound        27.6435977958
  Gap               0% (tolerance: 0.5%)
  P-D integral      2.57634041758e-05
  Solution status   feasible
                    27.6435977958 (objective)
                    0 (bound viol.)
                    0 (int. viol.)
                    0 (row viol.)
  Timing            0.50
  Max sub-MIP depth 0
  Nodes             1
  Repair LPs        0
  LP iterations     194
                    0 (strong br.)
                    0 (separation)
                    0 (heuristics)
