MIP has 10753 rows; 9409 cols; 25537 nonzeros; 1344 integer variables (1344 binary)
Coefficient ranges:
  Matrix  [2e-01, 2e+00]
  Cost    [1e-02, 6e-02]
  Bound   [1e+00, 1e+00]
  RHS     [2e-04, 4e+00]
Presolving model
8064 rows, 8598 cols, 22037 nonzeros 0s
6394 rows, 7262 cols, 17695 nonzeros 0s
4577 rows, 5703 cols, 12983 nonzeros 0s
2618 rows, 3832 cols, 7817 nonzeros 0s
2031 rows, 3304 cols, 6466 nonzeros 0s
1976 rows, 3249 cols, 6356 nonzeros 0s
Presolve reductions: rows 1976(-8777); columns 3249(-6160); nonzeros 6356(-19181) 

Solving MIP model with:
   1976 rows
   3249 cols (283 binary, 0 integer, 0 implied int., 2966 continuous, 0 domain fixed)
   6356 nonzeros

Src: B => Branching; C => Central rounding; F => Feasibility pump; H => Heuristic;
     I => Shifting; J => Feasibility jump; L => Sub-MIP; P => Empty MIP; R => Randomized rounding;
     S => Solve LP; T => Evaluate node; U => Unbounded; X => User solution; Y => HiGHS solution;
     Z => ZI Round; l => Trivial lower; p => Trivial point; u => Trivial upper; z => Trivial zero

        Nodes      |    B&B Tree     |            Objective Bounds              |  Dynamic Constraints |       Work      
Src  Proc. InQueue |  Leaves   Expl. | BestBound       BestSol              Gap |   Cuts   InLp Confl. | LpIters     Time

 J       0       0         0   0.00%   -inf            5.058727753        Large        0      0      0         0     0.4s
 T       0       0         0   0.00%   -0.8625657116   2.926834521      129.47%        0      0      0       906     0.4s
         1       0         1 100.00%   2.926834521     2.926834521        0.00%        0      0      0       906     0.4s

Solving report
  Status            Optimal
  Primal bound      2.92683452135
  Dual bound        2.92683452135
  Gap               0% (tolerance: 0.5%)
  P-D integral      0.0286102997223
  Solution status   feasible
                    2.92683452135 (objective)
                    0 (bound viol.)
                    0 (int. viol.)
                    0 (row viol.)
  Timing            0.43
  Max sub-MIP depth 0
  Nodes             1
  Repair LPs        0
  LP iterations     906
                    0 (strong br.)
                    0 (separation)
                    0 (heuristics)
MIP has 10753 rows; 9409 cols; 25537 nonzeros; 1344 integer variables (1344 binary)
Coefficient ranges:
  Matrix  [2e-01, 2e+00]
  Cost    [1e-02, 6e-02]
  Bound   [1e+00, 1e+00]
  RHS     [2e-04, 4e+00]
Presolving model
8064 rows, 8601 cols, 22040 nonzeros 0s
6404 rows, 7275 cols, 17718 nonzeros 0s
4608 rows, 5739 cols, 13050 nonzeros 0s
2652 rows, 3902 cols, 7921 nonzeros 0s
1923 rows, 3232 cols, 6182 nonzeros 0s
1838 rows, 3147 cols, 6012 nonzeros 0s
Presolve reductions: rows 1838(-8915); columns 3147(-6262); nonzeros 6012(-19525) 

Solving MIP model with:
   1838 rows
   3147 cols (257 binary, 0 integer, 0 implied int., 2890 continuous, 0 domain fixed)
   6012 nonzeros

Src: B => Branching; C => Central rounding; F => Feasibility pump; H => Heuristic;
     I => Shifting; J => Feasibility jump; L => Sub-MIP; P => Empty MIP; R => Randomized rounding;
     S => Solve LP; T => Evaluate node; U => Unbounded; X => User solution; Y => HiGHS solution;
     Z => ZI Round; l => Trivial lower; p => Trivial point; u => Trivial upper; z => Trivial zero

        Nodes      |    B&B Tree     |            Objective Bounds              |  Dynamic Constraints |       Work      
Src  Proc. InQueue |  Leaves   Expl. | BestBound       BestSol              Gap |   Cuts   InLp Confl. | LpIters     Time

 J       0       0         0   0.00%   -inf            8.176341204        Large        0      0      0         0     0.4s
 T       0       0         0   0.00%   -0.7139831183   5.882027273      112.14%        0      0      0       870     0.4s
         1       0         1 100.00%   5.882027273     5.882027273        0.00%        0      0      0       870     0.4s

Solving report
  Status            Optimal
  Primal bound      5.88202727337
  Dual bound        5.88202727337
  Gap               0% (tolerance: 0.5%)
  P-D integral      0.0234738727001
  Solution status   feasible
                    5.88202727337 (objective)
                    0 (bound viol.)
                    0 (int. viol.)
                    0 (row viol.)
  Timing            0.43
  Max sub-MIP depth 0
  Nodes             1
  Repair LPs        0
  LP iterations     870
                    0 (strong br.)
                    0 (separation)
                    0 (heuristics)
MIP has 10753 rows; 9409 cols; 25537 nonzeros; 1344 integer variables (1344 binary)
Coefficient ranges:
  Matrix  [2e-01, 2e+00]
  Cost    [1e-02, 6e-02]
  Bound   [1e+00, 1e+00]
  RHS     [2e-04, 4e+00]
Presolving model
8064 rows, 8609 cols, 22048 nonzeros 0s
6426 rows, 7305 cols, 17770 nonzeros 0s
4652 rows, 5803 cols, 13158 nonzeros 0s
2748 rows, 4034 cols, 8149 nonzeros 0s
1622 rows, 3073 cols, 5402 nonzeros 0s
1463 rows, 2914 cols, 5084 nonzeros 0s
Presolve reductions: rows 1463(-9290); columns 2914(-6495); nonzeros 5084(-20453) 

Solving MIP model with:
   1463 rows
   2914 cols (177 binary, 0 integer, 0 implied int., 2737 continuous, 0 domain fixed)
   5084 nonzeros

Src: B => Branching; C => Central rounding; F => Feasibility pump; H => Heuristic;
     I => Shifting; J => Feasibility jump; L => Sub-MIP; P => Empty MIP; R => Randomized rounding;
     S => Solve LP; T => Evaluate node; U => Unbounded; X => User solution; Y => HiGHS solution;
     Z => ZI Round; l => Trivial lower; p => Trivial point; u => Trivial upper; z => Trivial zero

        Nodes      |    B&B Tree     |            Objective Bounds              |  Dynamic Constraints |       Work      
Src  Proc. InQueue |  Leaves   Expl. | BestBound       BestSol              Gap |   Cuts   InLp Confl. | LpIters     Time

 J       0       0         0   0.00%   -inf            9.202170465        Large        0      0      0         0     0.4s
 T       0       0         0   0.00%   -0.4301544842   8.009460457      105.37%        0      0      0       814     0.5s
         1       0         1 100.00%   8.009460457     8.009460457        0.00%        0      0      0       814     0.5s

Solving report
  Status            Optimal
  Primal bound      8.00946045723
  Dual bound        8.00946045723
  Gap               0% (tolerance: 0.5%)
  P-D integral      0.0317884451564
  Solution status   feasible
                    8.00946045723 (objective)
                    0 (bound viol.)
                    0 (int. viol.)
                    0 (row viol.)
  Timing            0.47
  Max sub-MIP depth 0
  Nodes             1
  Repair LPs        0
  LP iterations     814
                    0 (strong br.)
                    0 (separation)
                    0 (heuristics)
MIP has 10753 rows; 9409 cols; 25537 nonzeros; 1344 integer variables (1344 binary)
Coefficient ranges:
  Matrix  [2e-01, 2e+00]
  Cost    [1e-02, 6e-02]
  Bound   [1e+00, 1e+00]
  RHS     [3e-04, 4e+00]
Presolving model
8064 rows, 8617 cols, 22056 nonzeros 0s
6397 rows, 7284 cols, 17716 nonzeros 0s
4594 rows, 5733 cols, 13014 nonzeros 0s
2633 rows, 3874 cols, 7858 nonzeros 0s
1978 rows, 3288 cols, 6331 nonzeros 0s
1907 rows, 3217 cols, 6189 nonzeros 0s
Presolve reductions: rows 1907(-8846); columns 3217(-6192); nonzeros 6189(-19348) 

Solving MIP model with:
   1907 rows
   3217 cols (267 binary, 0 integer, 0 implied int., 2950 continuous, 0 domain fixed)
   6189 nonzeros

Src: B => Branching; C => Central rounding; F => Feasibility pump; H => Heuristic;
     I => Shifting; J => Feasibility jump; L => Sub-MIP; P => Empty MIP; R => Randomized rounding;
     S => Solve LP; T => Evaluate node; U => Unbounded; X => User solution; Y => HiGHS solution;
     Z => ZI Round; l => Trivial lower; p => Trivial point; u => Trivial upper; z => Trivial zero

        Nodes      |    B&B Tree     |            Objective Bounds              |  Dynamic Constraints |       Work      
Src  Proc. InQueue |  Leaves   Expl. | BestBound       BestSol              Gap |   Cuts   InLp Confl. | LpIters     Time

 J       0       0         0   0.00%   -inf            6.45502576         Large        0      0      0         0     0.5s
 T       0       0         0   0.00%   -0.8207679869   4.882358296      116.81%        0      0      0       856     0.6s
         1       0         1 100.00%   4.882358296     4.882358296        0.00%        0      0      0       856     0.6s

Solving report
  Status            Optimal
  Primal bound      4.88235829564
  Dual bound        4.88235829564
  Gap               0% (tolerance: 0.5%)
  P-D integral      0.0323763097046
  Solution status   feasible
                    4.88235829564 (objective)
                    0 (bound viol.)
                    0 (int. viol.)
                    0 (row viol.)
  Timing            0.56
  Max sub-MIP depth 0
  Nodes             1
  Repair LPs        0
  LP iterations     856
                    0 (strong br.)
                    0 (separation)
                    0 (heuristics)
MIP has 10753 rows; 9409 cols; 25537 nonzeros; 1344 integer variables (1344 binary)
Coefficient ranges:
  Matrix  [2e-01, 2e+00]
  Cost    [1e-02, 6e-02]
  Bound   [1e+00, 1e+00]
  RHS     [3e-04, 4e+00]
Presolving model
8064 rows, 8611 cols, 22050 nonzeros 0s
6353 rows, 7234 cols, 17622 nonzeros 0s
4473 rows, 5586 cols, 12746 nonzeros 0s
2803 rows, 3882 cols, 8296 nonzeros 0s
2568 rows, 3647 cols, 7824 nonzeros 0s
Presolve reductions: rows 2568(-8185); columns 3647(-5762); nonzeros 7824(-17713) 

Solving MIP model with:
   2568 rows
   3647 cols (403 binary, 0 integer, 0 implied int., 3244 continuous, 0 domain fixed)
   7824 nonzeros

Src: B => Branching; C => Central rounding; F => Feasibility pump; H => Heuristic;
     I => Shifting; J => Feasibility jump; L => Sub-MIP; P => Empty MIP; R => Randomized rounding;
     S => Solve LP; T => Evaluate node; U => Unbounded; X => User solution; Y => HiGHS solution;
     Z => ZI Round; l => Trivial lower; p => Trivial point; u => Trivial upper; z => Trivial zero

        Nodes      |    B&B Tree     |            Objective Bounds              |  Dynamic Constraints |       Work      
Src  Proc. InQueue |  Leaves   Expl. | BestBound       BestSol              Gap |   Cuts   InLp Confl. | LpIters     Time

 J       0       0         0   0.00%   -inf            2.416808137        Large        0      0      0         0     0.4s
 T       0       0         0   0.00%   -1.930854592    0.7954038098     342.75%        0      0      0       941     0.5s
         1       0         1 100.00%   0.7954038098    0.7954038098       0.00%        0      0      0       941     0.5s

Solving report
  Status            Optimal
  Primal bound      0.795403809782
  Dual bound        0.795403809782
  Gap               0% (tolerance: 0.5%)
  P-D integral      0.0612128186164
  Solution status   feasible
                    0.795403809782 (objective)
                    0 (bound viol.)
                    0 (int. viol.)
                    0 (row viol.)
  Timing            0.47
  Max sub-MIP depth 0
  Nodes             1
  Repair LPs        0
  LP iterations     941
                    0 (strong br.)
                    0 (separation)
                    0 (heuristics)
MIP has 10753 rows; 9409 cols; 25537 nonzeros; 1344 integer variables (1344 binary)
Coefficient ranges:
  Matrix  [2e-01, 2e+00]
  Cost    [1e-02, 6e-02]
  Bound   [1e+00, 1e+00]
  RHS     [3e-04, 4e+00]
Presolving model
8064 rows, 8635 cols, 22074 nonzeros 0s
6349 rows, 7254 cols, 17642 nonzeros 0s
4473 rows, 5606 cols, 12782 nonzeros 0s
3075 rows, 4107 cols, 9013 nonzeros 0s
2884 rows, 3916 cols, 8631 nonzeros 0s
Presolve reductions: rows 2884(-7869); columns 3916(-5493); nonzeros 8631(-16906) 

Solving MIP model with:
   2884 rows
   3916 cols (458 binary, 0 integer, 0 implied int., 3458 continuous, 0 domain fixed)
   8631 nonzeros

Src: B => Branching; C => Central rounding; F => Feasibility pump; H => Heuristic;
     I => Shifting; J => Feasibility jump; L => Sub-MIP; P => Empty MIP; R => Randomized rounding;
     S => Solve LP; T => Evaluate node; U => Unbounded; X => User solution; Y => HiGHS solution;
     Z => ZI Round; l => Trivial lower; p => Trivial point; u => Trivial upper; z => Trivial zero

        Nodes      |    B&B Tree     |            Objective Bounds              |  Dynamic Constraints |       Work      
Src  Proc. InQueue |  Leaves   Expl. | BestBound       BestSol              Gap |   Cuts   InLp Confl. | LpIters     Time

 J       0       0         0   0.00%   -inf            1.321678037        Large        0      0      0         0     0.4s
 T       0       0         0   0.00%   -2.515469066    -1.525109253      64.94%        0      0      0      1106     0.5s
         1       0         1 100.00%   -1.525109253    -1.525109253       0.00%        0      0      0      1106     0.5s

Solving report
  Status            Optimal
  Primal bound      -1.52510925284
  Dual bound        -1.52510925284
  Gap               0% (tolerance: 0.5%)
  P-D integral      0.126585946661
  Solution status   feasible
                    -1.52510925284 (objective)
                    0 (bound viol.)
                    0 (int. viol.)
                    0 (row viol.)
  Timing            0.45
  Max sub-MIP depth 0
  Nodes             1
  Repair LPs        0
  LP iterations     1106
                    0 (strong br.)
                    0 (separation)
                    0 (heuristics)
MIP has 10753 rows; 9409 cols; 25537 nonzeros; 1344 integer variables (1344 binary)
Coefficient ranges:
  Matrix  [2e-01, 2e+00]
  Cost    [1e-02, 6e-02]
  Bound   [1e+00, 1e+00]
  RHS     [3e-04, 4e+00]
Presolving model
8064 rows, 8674 cols, 22113 nonzeros 0s
6361 rows, 7305 cols, 17705 nonzeros 0s
4512 rows, 5689 cols, 12904 nonzeros 0s
3084 rows, 4187 cols, 9066 nonzeros 0s
2879 rows, 3982 cols, 8656 nonzeros 0s
Presolve reductions: rows 2879(-7874); columns 3982(-5427); nonzeros 8656(-16881) 

Solving MIP model with:
   2879 rows
   3982 cols (449 binary, 0 integer, 0 implied int., 3533 continuous, 0 domain fixed)
   8656 nonzeros

Src: B => Branching; C => Central rounding; F => Feasibility pump; H => Heuristic;
     I => Shifting; J => Feasibility jump; L => Sub-MIP; P => Empty MIP; R => Randomized rounding;
     S => Solve LP; T => Evaluate node; U => Unbounded; X => User solution; Y => HiGHS solution;
     Z => ZI Round; l => Trivial lower; p => Trivial point; u => Trivial upper; z => Trivial zero

        Nodes      |    B&B Tree     |            Objective Bounds              |  Dynamic Constraints |       Work      
Src  Proc. InQueue |  Leaves   Expl. | BestBound       BestSol              Gap |   Cuts   InLp Confl. | LpIters     Time

 J       0       0         0   0.00%   -inf            2.35854752         Large        0      0      0         0     0.4s
 T       0       0         0   0.00%   -2.663691042    -1.197474028     122.44%        0      0      0      1134     0.5s
         1       0         1 100.00%   -1.197474028    -1.197474028       0.00%        0      0      0      1134     0.5s

Solving report
  Status            Optimal
  Primal bound      -1.19747402773
  Dual bound        -1.19747402773
  Gap               0% (tolerance: 0.5%)
  P-D integral      0.0872731342116
  Solution status   feasible
                    -1.19747402773 (objective)
                    0 (bound viol.)
                    0 (int. viol.)
                    0 (row viol.)
  Timing            0.46
  Max sub-MIP depth 0
  Nodes             1
  Repair LPs        0
  LP iterations     1134
                    0 (strong br.)
                    0 (separation)
                    0 (heuristics)
MIP has 10753 rows; 9409 cols; 25537 nonzeros; 1344 integer variables (1344 binary)
Coefficient ranges:
  Matrix  [2e-01, 2e+00]
  Cost    [1e-02, 6e-02]
  Bound   [1e+00, 1e+00]
  RHS     [1e-04, 4e+00]
WARNING: Problem has some excessively small row bounds
Presolving model
8064 rows, 8692 cols, 22131 nonzeros 0s
6356 rows, 7318 cols, 17713 nonzeros 0s
4500 rows, 5690 cols, 12893 nonzeros 0s
3238 rows, 4311 cols, 9468 nonzeros 0s
3064 rows, 4137 cols, 9120 nonzeros 0s
Presolve reductions: rows 3064(-7689); columns 4137(-5272); nonzeros 9120(-16417) 

Solving MIP model with:
   3064 rows
   4137 cols (480 binary, 0 integer, 0 implied int., 3657 continuous, 0 domain fixed)
   9120 nonzeros

Src: B => Branching; C => Central rounding; F => Feasibility pump; H => Heuristic;
     I => Shifting; J => Feasibility jump; L => Sub-MIP; P => Empty MIP; R => Randomized rounding;
     S => Solve LP; T => Evaluate node; U => Unbounded; X => User solution; Y => HiGHS solution;
     Z => ZI Round; l => Trivial lower; p => Trivial point; u => Trivial upper; z => Trivial zero

        Nodes      |    B&B Tree     |            Objective Bounds              |  Dynamic Constraints |       Work      
Src  Proc. InQueue |  Leaves   Expl. | BestBound       BestSol              Gap |   Cuts   InLp Confl. | LpIters     Time

 J       0       0         0   0.00%   -inf            2.080846697        Large        0      0      0         0     0.4s
 T       0       0         0   0.00%   -2.903881425    -1.490605081      94.81%        0      0      0      1205     0.5s
         1       0         1 100.00%   -1.490605081    -1.490605081       0.00%        0      0      0      1205     0.5s

Solving report
  Status            Optimal
  Primal bound      -1.49060508063
  Dual bound        -1.49060508063
  Gap               0% (tolerance: 0.5%)
  P-D integral      0.0978868169704
  Solution status   feasible
                    -1.49060508063 (objective)
                    0 (bound viol.)
                    0 (int. viol.)
                    0 (row viol.)
  Timing            0.46
  Max sub-MIP depth 0
  Nodes             1
  Repair LPs        0
  LP iterations     1205
                    0 (strong br.)
                    0 (separation)
                    0 (heuristics)
MIP has 10753 rows; 9409 cols; 25537 nonzeros; 1344 integer variables (1344 binary)
Coefficient ranges:
  Matrix  [2e-01, 2e+00]
  Cost    [1e-02, 6e-02]
  Bound   [1e+00, 1e+00]
  RHS     [1e-04, 4e+00]
WARNING: Problem has some excessively small row bounds
Presolving model
8064 rows, 8707 cols, 22146 nonzeros 0s
6358 rows, 7335 cols, 17732 nonzeros 0s
4511 rows, 5713 cols, 12927 nonzeros 0s
3283 rows, 4359 cols, 9585 nonzeros 0s
3110 rows, 4186 cols, 9239 nonzeros 0s
Presolve reductions: rows 3110(-7643); columns 4186(-5223); nonzeros 9239(-16298) 

Solving MIP model with:
   3110 rows
   4186 cols (486 binary, 0 integer, 0 implied int., 3700 continuous, 0 domain fixed)
   9239 nonzeros

Src: B => Branching; C => Central rounding; F => Feasibility pump; H => Heuristic;
     I => Shifting; J => Feasibility jump; L => Sub-MIP; P => Empty MIP; R => Randomized rounding;
     S => Solve LP; T => Evaluate node; U => Unbounded; X => User solution; Y => HiGHS solution;
     Z => ZI Round; l => Trivial lower; p => Trivial point; u => Trivial upper; z => Trivial zero

        Nodes      |    B&B Tree     |            Objective Bounds              |  Dynamic Constraints |       Work      
Src  Proc. InQueue |  Leaves   Expl. | BestBound       BestSol              Gap |   Cuts   InLp Confl. | LpIters     Time

 J       0       0         0   0.00%   -inf            2.147547342        Large        0      0      0         0     0.4s
 T       0       0         0   0.00%   -3.069137275    -1.695218387      81.05%        0      0      0      1215     0.4s
         1       0         1 100.00%   -1.695218387    -1.695218387       0.00%        0      0      0      1215     0.4s

Solving report
  Status            Optimal
  Primal bound      -1.69521838669
  Dual bound        -1.69521838669
  Gap               0% (tolerance: 0.5%)
  P-D integral      0.090981967812
  Solution status   feasible
                    -1.69521838669 (objective)
                    0 (bound viol.)
                    0 (int. viol.)
                    0 (row viol.)
  Timing            0.45
  Max sub-MIP depth 0
  Nodes             1
  Repair LPs        0
  LP iterations     1215
                    0 (strong br.)
                    0 (separation)
                    0 (heuristics)
MIP has 10753 rows; 9409 cols; 25537 nonzeros; 1344 integer variables (1344 binary)
Coefficient ranges:
  Matrix  [2e-01, 2e+00]
  Cost    [1e-02, 6e-02]
  Bound   [1e+00, 1e+00]
  RHS     [3e-04, 4e+00]
Presolving model
8064 rows, 8724 cols, 22163 nonzeros 0s
6357 rows, 7351 cols, 17747 nonzeros 0s
4483 rows, 5701 cols, 12887 nonzeros 0s
3387 rows, 4439 cols, 9873 nonzeros 0s
3233 rows, 4285 cols, 9565 nonzeros 0s
Presolve reductions: rows 3233(-7520); columns 4285(-5124); nonzeros 9565(-15972) 

Solving MIP model with:
   3233 rows
   4285 cols (512 binary, 0 integer, 0 implied int., 3773 continuous, 0 domain fixed)
   9565 nonzeros

Src: B => Branching; C => Central rounding; F => Feasibility pump; H => Heuristic;
     I => Shifting; J => Feasibility jump; L => Sub-MIP; P => Empty MIP; R => Randomized rounding;
     S => Solve LP; T => Evaluate node; U => Unbounded; X => User solution; Y => HiGHS solution;
     Z => ZI Round; l => Trivial lower; p => Trivial point; u => Trivial upper; z => Trivial zero

        Nodes      |    B&B Tree     |            Objective Bounds              |  Dynamic Constraints |       Work      
Src  Proc. InQueue |  Leaves   Expl. | BestBound       BestSol              Gap |   Cuts   InLp Confl. | LpIters     Time

 J       0       0         0   0.00%   -inf            1.45089735         Large        0      0      0         0     0.5s
 T       0       0         0   0.00%   -3.913073339    -2.742747135      42.67%        0      0      0      1230     0.5s
         1       0         1 100.00%   -2.742747135    -2.742747135       0.00%        0      0      0      1230     0.5s

Solving report
  Status            Optimal
  Primal bound      -2.74274713474
  Dual bound        -2.74274713474
  Gap               0% (tolerance: 0.5%)
  P-D integral      0.157334709501
  Solution status   feasible
                    -2.74274713474 (objective)
                    0 (bound viol.)
                    0 (int. viol.)
                    0 (row viol.)
  Timing            0.51
  Max sub-MIP depth 0
  Nodes             1
  Repair LPs        0
  LP iterations     1230
                    0 (strong br.)
                    0 (separation)
                    0 (heuristics)
MIP has 10753 rows; 9409 cols; 25537 nonzeros; 1344 integer variables (1344 binary)
Coefficient ranges:
  Matrix  [2e-01, 2e+00]
  Cost    [1e-02, 6e-02]
  Bound   [1e+00, 1e+00]
  RHS     [2e-04, 4e+00]
Presolving model
8064 rows, 8744 cols, 22183 nonzeros 0s
6348 rows, 7362 cols, 17749 nonzeros 0s
4477 rows, 5707 cols, 12887 nonzeros 0s
3578 rows, 4599 cols, 10384 nonzeros 0s
3460 rows, 4481 cols, 10148 nonzeros 0s
Presolve reductions: rows 3460(-7293); columns 4481(-4928); nonzeros 10148(-15389) 

Solving MIP model with:
   3460 rows
   4481 cols (552 binary, 0 integer, 0 implied int., 3929 continuous, 0 domain fixed)
   10148 nonzeros

Src: B => Branching; C => Central rounding; F => Feasibility pump; H => Heuristic;
     I => Shifting; J => Feasibility jump; L => Sub-MIP; P => Empty MIP; R => Randomized rounding;
     S => Solve LP; T => Evaluate node; U => Unbounded; X => User solution; Y => HiGHS solution;
     Z => ZI Round; l => Trivial lower; p => Trivial point; u => Trivial upper; z => Trivial zero

        Nodes      |    B&B Tree     |            Objective Bounds              |  Dynamic Constraints |       Work      
Src  Proc. InQueue |  Leaves   Expl. | BestBound       BestSol              Gap |   Cuts   InLp Confl. | LpIters     Time

 J       0       0         0   0.00%   -inf            0.5781704766       Large        0      0      0         0     0.4s
 T       0       0         0   0.00%   -4.809570464    -3.740207852      28.59%        0      0      0      1293     0.5s
         1       0         1 100.00%   -3.740207852    -3.740207852       0.00%        0      0      0      1293     0.5s

Solving report
  Status            Optimal
  Primal bound      -3.74020785195
  Dual bound        -3.74020785195
  Gap               0% (tolerance: 0.5%)
  P-D integral      0.378905262344
  Solution status   feasible
                    -3.74020785195 (objective)
                    0 (bound viol.)
                    0 (int. viol.)
                    0 (row viol.)
  Timing            0.49
  Max sub-MIP depth 0
  Nodes             1
  Repair LPs        0
  LP iterations     1293
                    0 (strong br.)
                    0 (separation)
                    0 (heuristics)
MIP has 10753 rows; 9409 cols; 25537 nonzeros; 1344 integer variables (1344 binary)
Coefficient ranges:
  Matrix  [2e-01, 2e+00]
  Cost    [1e-02, 6e-02]
  Bound   [1e+00, 1e+00]
  RHS     [2e-04, 4e+00]
Presolving model
8064 rows, 8764 cols, 22203 nonzeros 0s
6347 rows, 7381 cols, 17767 nonzeros 0s
4465 rows, 5709 cols, 12877 nonzeros 0s
3698 rows, 4702 cols, 10703 nonzeros 0s
3603 rows, 4607 cols, 10513 nonzeros 0s
Presolve reductions: rows 3603(-7150); columns 4607(-4802); nonzeros 10513(-15024) 

Solving MIP model with:
   3603 rows
   4607 cols (576 binary, 0 integer, 0 implied int., 4031 continuous, 0 domain fixed)
   10513 nonzeros

Src: B => Branching; C => Central rounding; F => Feasibility pump; H => Heuristic;
     I => Shifting; J => Feasibility jump; L => Sub-MIP; P => Empty MIP; R => Randomized rounding;
     S => Solve LP; T => Evaluate node; U => Unbounded; X => User solution; Y => HiGHS solution;
     Z => ZI Round; l => Trivial lower; p => Trivial point; u => Trivial upper; z => Trivial zero

        Nodes      |    B&B Tree     |            Objective Bounds              |  Dynamic Constraints |       Work      
Src  Proc. InQueue |  Leaves   Expl. | BestBound       BestSol              Gap |   Cuts   InLp Confl. | LpIters     Time

 J       0       0         0   0.00%   -inf            0.0227998133       Large        0      0      0         0     0.4s
 T       0       0         0   0.00%   -5.157840038    -4.135203204      24.73%        0      0      0      1349     0.5s
         1       0         1 100.00%   -4.135203204    -4.135203204       0.00%        0      0      0      1349     0.5s

Solving report
  Status            Optimal
  Primal bound      -4.13520320373
  Dual bound        -4.13520320373
  Gap               0% (tolerance: 0.5%)
  P-D integral      10.90958049
  Solution status   feasible
                    -4.13520320373 (objective)
                    0 (bound viol.)
                    0 (int. viol.)
                    0 (row viol.)
  Timing            0.45
  Max sub-MIP depth 0
  Nodes             1
  Repair LPs        0
  LP iterations     1349
                    0 (strong br.)
                    0 (separation)
                    0 (heuristics)
MIP has 10753 rows; 9409 cols; 25537 nonzeros; 1344 integer variables (1344 binary)
Coefficient ranges:
  Matrix  [2e-01, 2e+00]
  Cost    [1e-02, 6e-02]
  Bound   [1e+00, 1e+00]
  RHS     [3e-04, 4e+00]
Presolving model
8064 rows, 8776 cols, 22215 nonzeros 0s
6351 rows, 7397 cols, 17787 nonzeros 0s
4489 rows, 5748 cols, 12940 nonzeros 0s
3689 rows, 4724 cols, 10692 nonzeros 0s
3592 rows, 4627 cols, 10498 nonzeros 0s
Presolve reductions: rows 3592(-7161); columns 4627(-4782); nonzeros 10498(-15039) 

Solving MIP model with:
   3592 rows
   4627 cols (570 binary, 0 integer, 0 implied int., 4057 continuous, 0 domain fixed)
   10498 nonzeros

Src: B => Branching; C => Central rounding; F => Feasibility pump; H => Heuristic;
     I => Shifting; J => Feasibility jump; L => Sub-MIP; P => Empty MIP; R => Randomized rounding;
     S => Solve LP; T => Evaluate node; U => Unbounded; X => User solution; Y => HiGHS solution;
     Z => ZI Round; l => Trivial lower; p => Trivial point; u => Trivial upper; z => Trivial zero

        Nodes      |    B&B Tree     |            Objective Bounds              |  Dynamic Constraints |       Work      
Src  Proc. InQueue |  Leaves   Expl. | BestBound       BestSol              Gap |   Cuts   InLp Confl. | LpIters     Time

 J       0       0         0   0.00%   -inf            0.5704225591       Large        0      0      0         0     0.4s
 T       0       0         0   0.00%   -4.525848405    -3.487628275      29.77%        0      0      0      1372     0.5s
         1       0         1 100.00%   -3.487628275    -3.487628275       0.00%        0      0      0      1372     0.5s

Solving report
  Status            Optimal
  Primal bound      -3.48762827516
  Dual bound        -3.48762827516
  Gap               0% (tolerance: 0.5%)
  P-D integral      0.428962020695
  Solution status   feasible
                    -3.48762827516 (objective)
                    0 (bound viol.)
                    0 (int. viol.)
                    0 (row viol.)
  Timing            0.49
  Max sub-MIP depth 0
  Nodes             1
  Repair LPs        0
  LP iterations     1372
                    0 (strong br.)
                    0 (separation)
                    0 (heuristics)
MIP has 10753 rows; 9409 cols; 25537 nonzeros; 1344 integer variables (1344 binary)
Coefficient ranges:
  Matrix  [2e-01, 2e+00]
  Cost    [1e-02, 6e-02]
  Bound   [1e+00, 1e+00]
  RHS     [6e-04, 4e+00]
Presolving model
8064 rows, 8786 cols, 22225 nonzeros 0s
6349 rows, 7405 cols, 17793 nonzeros 0s
4475 rows, 5737 cols, 12915 nonzeros 0s
3731 rows, 4755 cols, 10797 nonzeros 0s
3643 rows, 4667 cols, 10621 nonzeros 0s
Presolve reductions: rows 3643(-7110); columns 4667(-4742); nonzeros 10621(-14916) 

Solving MIP model with:
   3643 rows
   4667 cols (578 binary, 0 integer, 0 implied int., 4089 continuous, 0 domain fixed)
   10621 nonzeros

Src: B => Branching; C => Central rounding; F => Feasibility pump; H => Heuristic;
     I => Shifting; J => Feasibility jump; L => Sub-MIP; P => Empty MIP; R => Randomized rounding;
     S => Solve LP; T => Evaluate node; U => Unbounded; X => User solution; Y => HiGHS solution;
     Z => ZI Round; l => Trivial lower; p => Trivial point; u => Trivial upper; z => Trivial zero

        Nodes      |    B&B Tree     |            Objective Bounds              |  Dynamic Constraints |       Work      
Src  Proc. InQueue |  Leaves   Expl. | BestBound       BestSol              Gap |   Cuts   InLp Confl. | LpIters     Time

 J       0       0         0   0.00%   -inf            0.6534981159       Large        0      0      0         0     0.5s
 T       0       0         0   0.00%   -4.110762188    -3.066817294      34.04%        0      0      0      1382     0.5s
         1       0         1 100.00%   -3.066817294    -3.066817294       0.00%        0      0      0      1382     0.5s

Solving report
  Status            Optimal
  Primal bound      -3.06681729368
  Dual bound        -3.06681729368
  Gap               0% (tolerance: 0.5%)
  P-D integral      0.333554889964
  Solution status   feasible
                    -3.06681729368 (objective)
                    0 (bound viol.)
                    0 (int. viol.)
                    0 (row viol.)
  Timing            0.53
  Max sub-MIP depth 0
  Nodes             1
  Repair LPs        0
  LP iterations     1382
                    0 (strong br.)
                    0 (separation)
                    0 (heuristics)
MIP has 10753 rows; 9409 cols; 25537 nonzeros; 1344 integer variables (1344 binary)
Coefficient ranges:
  Matrix  [2e-01, 2e+00]
  Cost    [1e-02, 6e-02]
  Bound   [1e+00, 1e+00]
  RHS     [5e-04, 4e+00]
Presolving model
8064 rows, 8808 cols, 22247 nonzeros 0s
6344 rows, 7422 cols, 17805 nonzeros 0s
4462 rows, 5745 cols, 12910 nonzeros 0s
3873 rows, 4853 cols, 11205 nonzeros 0s
Presolve reductions: rows 3873(-6880); columns 4853(-4556); nonzeros 11205(-14332) 

Solving MIP model with:
   3873 rows
   4853 cols (620 binary, 0 integer, 0 implied int., 4233 continuous, 0 domain fixed)
   11205 nonzeros

Src: B => Branching; C => Central rounding; F => Feasibility pump; H => Heuristic;
     I => Shifting; J => Feasibility jump; L => Sub-MIP; P => Empty MIP; R => Randomized rounding;
     S => Solve LP; T => Evaluate node; U => Unbounded; X => User solution; Y => HiGHS solution;
     Z => ZI Round; l => Trivial lower; p => Trivial point; u => Trivial upper; z => Trivial zero

        Nodes      |    B&B Tree     |            Objective Bounds              |  Dynamic Constraints |       Work      
Src  Proc. InQueue |  Leaves   Expl. | BestBound       BestSol              Gap |   Cuts   InLp Confl. | LpIters     Time

 J       0       0         0   0.00%   -inf            0.1860643563       Large        0      0      0         0     0.5s
 T       0       0         0   0.00%   -4.602951642    -3.667813921      25.50%        0      0      0      1460     0.5s
         1       0         1 100.00%   -3.667813921    -3.667813921       0.00%        0      0      0      1460     0.5s

Solving report
  Status            Optimal
  Primal bound      -3.66781392057
  Dual bound        -3.66781392057
  Gap               0% (tolerance: 0.5%)
  P-D integral      1.12249243024
  Solution status   feasible
                    -3.66781392057 (objective)
                    0 (bound viol.)
                    0 (int. viol.)
                    0 (row viol.)
  Timing            0.51
  Max sub-MIP depth 0
  Nodes             1
  Repair LPs        0
  LP iterations     1460
                    0 (strong br.)
                    0 (separation)
                    0 (heuristics)
MIP has 10753 rows; 9409 cols; 25537 nonzeros; 1344 integer variables (1344 binary)
Coefficient ranges:
  Matrix  [2e-01, 2e+00]
  Cost    [1e-02, 6e-02]
  Bound   [1e+00, 1e+00]
  RHS     [3e-04, 4e+00]
Presolving model
8064 rows, 8828 cols, 22267 nonzeros 0s
6338 rows, 7436 cols, 17813 nonzeros 0s
4461 rows, 5754 cols, 12918 nonzeros 0s
3946 rows, 4932 cols, 11397 nonzeros 0s
Presolve reductions: rows 3946(-6807); columns 4932(-4477); nonzeros 11397(-14140) 

Solving MIP model with:
   3946 rows
   4932 cols (630 binary, 0 integer, 0 implied int., 4302 continuous, 0 domain fixed)
   11397 nonzeros

Src: B => Branching; C => Central rounding; F => Feasibility pump; H => Heuristic;
     I => Shifting; J => Feasibility jump; L => Sub-MIP; P => Empty MIP; R => Randomized rounding;
     S => Solve LP; T => Evaluate node; U => Unbounded; X => User solution; Y => HiGHS solution;
     Z => ZI Round; l => Trivial lower; p => Trivial point; u => Trivial upper; z => Trivial zero

        Nodes      |    B&B Tree     |            Objective Bounds              |  Dynamic Constraints |       Work      
Src  Proc. InQueue |  Leaves   Expl. | BestBound       BestSol              Gap |   Cuts   InLp Confl. | LpIters     Time

 J       0       0         0   0.00%   -inf            -0.0676188503      Large        0      0      0         0     0.5s
 T       0       0         0   0.00%   -5.162080861    -4.180214536      23.49%        0      0      0      1492     0.5s
         1       0         1 100.00%   -4.180214536    -4.180214536       0.00%        0      0      0      1492     0.5s

Solving report
  Status            Optimal
  Primal bound      -4.18021453631
  Dual bound        -4.18021453631
  Gap               0% (tolerance: 0.5%)
  P-D integral      4.74603970611
  Solution status   feasible
                    -4.18021453631 (objective)
                    0 (bound viol.)
                    0 (int. viol.)
                    0 (row viol.)
  Timing            0.53
  Max sub-MIP depth 0
  Nodes             1
  Repair LPs        0
  LP iterations     1492
                    0 (strong br.)
                    0 (separation)
                    0 (heuristics)
MIP has 10753 rows; 9409 cols; 25537 nonzeros; 1344 integer variables (1344 binary)
Coefficient ranges:
  Matrix  [2e-01, 2e+00]
  Cost    [1e-02, 6e-02]
  Bound   [1e+00, 1e+00]
  RHS     [3e-04, 4e+00]
Presolving model
8064 rows, 8843 cols, 22282 nonzeros 0s
6344 rows, 7457 cols, 17840 nonzeros 0s
4469 rows, 5782 cols, 12954 nonzeros 0s
4045 rows, 5023 cols, 11659 nonzeros 0s
Presolve reductions: rows 4045(-6708); columns 5023(-4386); nonzeros 11659(-13878) 

Solving MIP model with:
   4045 rows
   5023 cols (648 binary, 0 integer, 0 implied int., 4375 continuous, 0 domain fixed)
   11659 nonzeros

Src: B => Branching; C => Central rounding; F => Feasibility pump; H => Heuristic;
     I => Shifting; J => Feasibility jump; L => Sub-MIP; P => Empty MIP; R => Randomized rounding;
     S => Solve LP; T => Evaluate node; U => Unbounded; X => User solution; Y => HiGHS solution;
     Z => ZI Round; l => Trivial lower; p => Trivial point; u => Trivial upper; z => Trivial zero

        Nodes      |    B&B Tree     |            Objective Bounds              |  Dynamic Constraints |       Work      
Src  Proc. InQueue |  Leaves   Expl. | BestBound       BestSol              Gap |   Cuts   InLp Confl. | LpIters     Time

 J       0       0         0   0.00%   -inf            -0.6053766755      Large        0      0      0         0     0.5s
 T       0       0         0   0.00%   -6.343167691    -5.355610152      18.44%        0      0      0      1576     0.5s
         1       0         1 100.00%   -5.355610152    -5.355610152       0.00%        0      0      0      1576     0.5s

Solving report
  Status            Optimal
  Primal bound      -5.35561015218
  Dual bound        -5.35561015218
  Gap               0% (tolerance: 0.5%)
  P-D integral      0.453550331864
  Solution status   feasible
                    -5.35561015218 (objective)
                    0 (bound viol.)
                    0 (int. viol.)
                    0 (row viol.)
  Timing            0.52
  Max sub-MIP depth 0
  Nodes             1
  Repair LPs        0
  LP iterations     1576
                    0 (strong br.)
                    0 (separation)
                    0 (heuristics)
MIP has 10753 rows; 9409 cols; 25537 nonzeros; 1344 integer variables (1344 binary)
Coefficient ranges:
  Matrix  [2e-01, 2e+00]
  Cost    [1e-02, 6e-02]
  Bound   [1e+00, 1e+00]
  RHS     [3e-04, 4e+00]
Presolving model
8064 rows, 8854 cols, 22293 nonzeros 0s
6346 rows, 7470 cols, 17855 nonzeros 0s
4469 rows, 5796 cols, 12968 nonzeros 0s
4041 rows, 5046 cols, 11666 nonzeros 0s
Presolve reductions: rows 4041(-6712); columns 5046(-4363); nonzeros 11666(-13871) 

Solving MIP model with:
   4041 rows
   5046 cols (645 binary, 0 integer, 0 implied int., 4401 continuous, 0 domain fixed)
   11666 nonzeros

Src: B => Branching; C => Central rounding; F => Feasibility pump; H => Heuristic;
     I => Shifting; J => Feasibility jump; L => Sub-MIP; P => Empty MIP; R => Randomized rounding;
     S => Solve LP; T => Evaluate node; U => Unbounded; X => User solution; Y => HiGHS solution;
     Z => ZI Round; l => Trivial lower; p => Trivial point; u => Trivial upper; z => Trivial zero

        Nodes      |    B&B Tree     |            Objective Bounds              |  Dynamic Constraints |       Work      
Src  Proc. InQueue |  Leaves   Expl. | BestBound       BestSol              Gap |   Cuts   InLp Confl. | LpIters     Time

 J       0       0         0   0.00%   -inf            -0.3941809355      Large        0      0      0         0     0.5s
 T       0       0         0   0.00%   -6.12562173     -5.182719658      18.19%        0      0      0      1574     0.5s
         1       0         1 100.00%   -5.182719658    -5.182719658       0.00%        0      0      0      1574     0.5s

Solving report
  Status            Optimal
  Primal bound      -5.18271965834
  Dual bound        -5.18271965834
  Gap               0% (tolerance: 0.5%)
  P-D integral      0.728453988213
  Solution status   feasible
                    -5.18271965834 (objective)
                    0 (bound viol.)
                    0 (int. viol.)
                    0 (row viol.)
  Timing            0.55
  Max sub-MIP depth 0
  Nodes             1
  Repair LPs        0
  LP iterations     1574
                    0 (strong br.)
                    0 (separation)
                    0 (heuristics)
MIP has 10753 rows; 9409 cols; 25537 nonzeros; 1344 integer variables (1344 binary)
Coefficient ranges:
  Matrix  [2e-01, 2e+00]
  Cost    [1e-02, 6e-02]
  Bound   [1e+00, 1e+00]
  RHS     [4e-04, 4e+00]
Presolving model
8064 rows, 8869 cols, 22308 nonzeros 0s
6351 rows, 7490 cols, 17880 nonzeros 0s
4475 rows, 5820 cols, 12998 nonzeros 0s
4243 rows, 5235 cols, 12181 nonzeros 0s
Presolve reductions: rows 4243(-6510); columns 5235(-4174); nonzeros 12181(-13356) 

Solving MIP model with:
   4243 rows
   5235 cols (676 binary, 0 integer, 0 implied int., 4559 continuous, 0 domain fixed)
   12181 nonzeros

Src: B => Branching; C => Central rounding; F => Feasibility pump; H => Heuristic;
     I => Shifting; J => Feasibility jump; L => Sub-MIP; P => Empty MIP; R => Randomized rounding;
     S => Solve LP; T => Evaluate node; U => Unbounded; X => User solution; Y => HiGHS solution;
     Z => ZI Round; l => Trivial lower; p => Trivial point; u => Trivial upper; z => Trivial zero

        Nodes      |    B&B Tree     |            Objective Bounds              |  Dynamic Constraints |       Work      
Src  Proc. InQueue |  Leaves   Expl. | BestBound       BestSol              Gap |   Cuts   InLp Confl. | LpIters     Time

         0       0         0   0.00%   -7.236815887    inf                  inf        0      0      0         0     0.5s
         0       0         0   0.00%   -5.331748824    inf                  inf        0      0      2      1733     0.5s
 R       0       0         0   0.00%   -5.331748824    -5.331748824       0.00%        0      0      2      1753     0.6s
         1       0         1 100.00%   -5.331748824    -5.331748824       0.00%        0      0      2      1753     0.6s

Solving report
  Status            Optimal
  Primal bound      -5.33174882378
  Dual bound        -5.33174882378
  Gap               0% (tolerance: 0.5%)
  P-D integral      0
  Solution status   feasible
                    -5.33174882378 (objective)
                    0 (bound viol.)
                    0 (int. viol.)
                    0 (row viol.)
  Timing            0.58
  Max sub-MIP depth 0
  Nodes             1
  Repair LPs        0
  LP iterations     1753
                    0 (strong br.)
                    20 (separation)
                    0 (heuristics)
MIP has 10753 rows; 9409 cols; 25537 nonzeros; 1344 integer variables (1344 binary)
Coefficient ranges:
  Matrix  [2e-01, 2e+00]
  Cost    [1e-02, 6e-02]
  Bound   [1e+00, 1e+00]
  RHS     [4e-04, 4e+00]
Presolving model
8064 rows, 8887 cols, 22326 nonzeros 0s
6347 rows, 7504 cols, 17890 nonzeros 0s
4507 rows, 5856 cols, 13098 nonzeros 0s
4261 rows, 5252 cols, 12248 nonzeros 0s
Presolve reductions: rows 4261(-6492); columns 5252(-4157); nonzeros 12248(-13289) 

Solving MIP model with:
   4261 rows
   5252 cols (684 binary, 0 integer, 0 implied int., 4568 continuous, 0 domain fixed)
   12248 nonzeros

Src: B => Branching; C => Central rounding; F => Feasibility pump; H => Heuristic;
     I => Shifting; J => Feasibility jump; L => Sub-MIP; P => Empty MIP; R => Randomized rounding;
     S => Solve LP; T => Evaluate node; U => Unbounded; X => User solution; Y => HiGHS solution;
     Z => ZI Round; l => Trivial lower; p => Trivial point; u => Trivial upper; z => Trivial zero

        Nodes      |    B&B Tree     |            Objective Bounds              |  Dynamic Constraints |       Work      
Src  Proc. InQueue |  Leaves   Expl. | BestBound       BestSol              Gap |   Cuts   InLp Confl. | LpIters     Time

 J       0       0         0   0.00%   -inf            -2.220820161       Large        0      0      0         0     0.5s
 T       0       0         0   0.00%   -7.712776446    -6.937872088      11.17%        0      0      0      1586     0.5s
         1       0         1 100.00%   -6.937872088    -6.937872088       0.00%        0      0      0      1586     0.5s

Solving report
  Status            Optimal
  Primal bound      -6.9378720878
  Dual bound        -6.9378720878
  Gap               0% (tolerance: 0.5%)
  P-D integral      0.152290281767
  Solution status   feasible
                    -6.9378720878 (objective)
                    0 (bound viol.)
                    0 (int. viol.)
                    0 (row viol.)
  Timing            0.54
  Max sub-MIP depth 0
  Nodes             1
  Repair LPs        0
  LP iterations     1586
                    0 (strong br.)
                    0 (separation)
                    0 (heuristics)
MIP has 10753 rows; 9409 cols; 25537 nonzeros; 1344 integer variables (1344 binary)
Coefficient ranges:
  Matrix  [2e-01, 2e+00]
  Cost    [1e-02, 6e-02]
  Bound   [1e+00, 1e+00]
  RHS     [2e-04, 4e+00]
Presolving model
8064 rows, 8895 cols, 22334 nonzeros 0s
6353 rows, 7518 cols, 17910 nonzeros 0s
4513 rows, 5875 cols, 13119 nonzeros 0s
4268 rows, 5276 cols, 12275 nonzeros 0s
Presolve reductions: rows 4268(-6485); columns 5276(-4133); nonzeros 12275(-13262) 

Solving MIP model with:
   4268 rows
   5276 cols (683 binary, 0 integer, 0 implied int., 4593 continuous, 0 domain fixed)
   12275 nonzeros

Src: B => Branching; C => Central rounding; F => Feasibility pump; H => Heuristic;
     I => Shifting; J => Feasibility jump; L => Sub-MIP; P => Empty MIP; R => Randomized rounding;
     S => Solve LP; T => Evaluate node; U => Unbounded; X => User solution; Y => HiGHS solution;
     Z => ZI Round; l => Trivial lower; p => Trivial point; u => Trivial upper; z => Trivial zero

        Nodes      |    B&B Tree     |            Objective Bounds              |  Dynamic Constraints |       Work      
Src  Proc. InQueue |  Leaves   Expl. | BestBound       BestSol              Gap |   Cuts   InLp Confl. | LpIters     Time

 J       0       0         0   0.00%   -inf            -2.267685897       Large        0      0      0         0     0.4s
 T       0       0         0   0.00%   -7.841803769    -7.049169477      11.24%        0      0      0      1574     0.5s
         1       0         1 100.00%   -7.049169477    -7.049169477       0.00%        0      0      0      1574     0.5s

Solving report
  Status            Optimal
  Primal bound      -7.04916947656
  Dual bound        -7.04916947656
  Gap               0% (tolerance: 0.5%)
  P-D integral      0.106822935467
  Solution status   feasible
                    -7.04916947656 (objective)
                    0 (bound viol.)
                    0 (int. viol.)
                    0 (row viol.)
  Timing            0.50
  Max sub-MIP depth 0
  Nodes             1
  Repair LPs        0
  LP iterations     1574
                    0 (strong br.)
                    0 (separation)
                    0 (heuristics)
MIP has 10753 rows; 9409 cols; 25537 nonzeros; 1344 integer variables (1344 binary)
Coefficient ranges:
  Matrix  [2e-01, 2e+00]
  Cost    [1e-02, 6e-02]
  Bound   [1e+00, 1e+00]
  RHS     [2e-04, 4e+00]
Presolving model
8064 rows, 8904 cols, 22343 nonzeros 0s
6354 rows, 7528 cols, 17921 nonzeros 0s
4586 rows, 5939 cols, 13312 nonzeros 0s
4356 rows, 5368 cols, 12511 nonzeros 0s
Presolve reductions: rows 4356(-6397); columns 5368(-4041); nonzeros 12511(-13026) 

Solving MIP model with:
   4356 rows
   5368 cols (697 binary, 0 integer, 0 implied int., 4671 continuous, 0 domain fixed)
   12511 nonzeros

Src: B => Branching; C => Central rounding; F => Feasibility pump; H => Heuristic;
     I => Shifting; J => Feasibility jump; L => Sub-MIP; P => Empty MIP; R => Randomized rounding;
     S => Solve LP; T => Evaluate node; U => Unbounded; X => User solution; Y => HiGHS solution;
     Z => ZI Round; l => Trivial lower; p => Trivial point; u => Trivial upper; z => Trivial zero

        Nodes      |    B&B Tree     |            Objective Bounds              |  Dynamic Constraints |       Work      
Src  Proc. InQueue |  Leaves   Expl. | BestBound       BestSol              Gap |   Cuts   InLp Confl. | LpIters     Time

 J       0       0         0   0.00%   -inf            -1.548600684       Large        0      0      0         0     0.4s
 T       0       0         0   0.00%   -7.258689637    -6.370620961      13.94%        0      0      0      1632     0.4s
         1       0         1 100.00%   -6.370620961    -6.370620961       0.00%        0      0      0      1632     0.4s

Solving report
  Status            Optimal
  Primal bound      -6.37062096056
  Dual bound        -6.37062096056
  Gap               0% (tolerance: 0.5%)
  P-D integral      0.195461158522
  Solution status   feasible
                    -6.37062096056 (objective)
                    0 (bound viol.)
                    0 (int. viol.)
                    0 (row viol.)
  Timing            0.45
  Max sub-MIP depth 0
  Nodes             1
  Repair LPs        0
  LP iterations     1632
                    0 (strong br.)
                    0 (separation)
                    0 (heuristics)
MIP has 10753 rows; 9409 cols; 25537 nonzeros; 1344 integer variables (1344 binary)
Coefficient ranges:
  Matrix  [2e-01, 2e+00]
  Cost    [1e-02, 6e-02]
  Bound   [1e+00, 1e+00]
  RHS     [3e-04, 4e+00]
Presolving model
8064 rows, 8914 cols, 22353 nonzeros 0s
6352 rows, 7536 cols, 17927 nonzeros 0s
4684 rows, 6026 cols, 13581 nonzeros 0s
4468 rows, 5479 cols, 12818 nonzeros 0s
Presolve reductions: rows 4468(-6285); columns 5479(-3930); nonzeros 12818(-12719) 

Solving MIP model with:
   4468 rows
   5479 cols (718 binary, 0 integer, 0 implied int., 4761 continuous, 0 domain fixed)
   12818 nonzeros

Src: B => Branching; C => Central rounding; F => Feasibility pump; H => Heuristic;
     I => Shifting; J => Feasibility jump; L => Sub-MIP; P => Empty MIP; R => Randomized rounding;
     S => Solve LP; T => Evaluate node; U => Unbounded; X => User solution; Y => HiGHS solution;
     Z => ZI Round; l => Trivial lower; p => Trivial point; u => Trivial upper; z => Trivial zero

        Nodes      |    B&B Tree     |            Objective Bounds              |  Dynamic Constraints |       Work      
Src  Proc. InQueue |  Leaves   Expl. | BestBound       BestSol              Gap |   Cuts   InLp Confl. | LpIters     Time

 J       0       0         0   0.00%   -inf            -0.8018350355      Large        0      0      0         0     0.4s
 T       0       0         0   0.00%   -7.450575889    -6.431133926      15.85%        0      0      0      1648     0.5s
         1       0         1 100.00%   -6.431133926    -6.431133926       0.00%        0      0      0      1648     0.5s

Solving report
  Status            Optimal
  Primal bound      -6.43113392568
  Dual bound        -6.43113392568
  Gap               0% (tolerance: 0.5%)
  P-D integral      0.682917206715
  Solution status   feasible
                    -6.43113392568 (objective)
                    0 (bound viol.)
                    0 (int. viol.)
                    0 (row viol.)
  Timing            0.52
  Max sub-MIP depth 0
  Nodes             1
  Repair LPs        0
  LP iterations     1648
                    0 (strong br.)
                    0 (separation)
                    0 (heuristics)
MIP has 10753 rows; 9409 cols; 25537 nonzeros; 1344 integer variables (1344 binary)
Coefficient ranges:
  Matrix  [2e-01, 2e+00]
  Cost    [1e-02, 6e-02]
  Bound   [1e+00, 1e+00]
  RHS     [3e-04, 4e+00]
Presolving model
8064 rows, 8907 cols, 22346 nonzeros 0s
6356 rows, 7533 cols, 17928 nonzeros 0s
4534 rows, 5902 cols, 13179 nonzeros 0s
4301 rows, 5330 cols, 12374 nonzeros 0s
Presolve reductions: rows 4301(-6452); columns 5330(-4079); nonzeros 12374(-13163) 

Solving MIP model with:
   4301 rows
   5330 cols (686 binary, 0 integer, 0 implied int., 4644 continuous, 0 domain fixed)
   12374 nonzeros

Src: B => Branching; C => Central rounding; F => Feasibility pump; H => Heuristic;
     I => Shifting; J => Feasibility jump; L => Sub-MIP; P => Empty MIP; R => Randomized rounding;
     S => Solve LP; T => Evaluate node; U => Unbounded; X => User solution; Y => HiGHS solution;
     Z => ZI Round; l => Trivial lower; p => Trivial point; u => Trivial upper; z => Trivial zero

        Nodes      |    B&B Tree     |            Objective Bounds              |  Dynamic Constraints |       Work      
Src  Proc. InQueue |  Leaves   Expl. | BestBound       BestSol              Gap |   Cuts   InLp Confl. | LpIters     Time

 J       0       0         0   0.00%   -inf            -0.5005866607      Large        0      0      0         0     0.4s
 T       0       0         0   0.00%   -6.549941152    -5.558912436      17.83%        0      0      0      1602     0.4s
         1       0         1 100.00%   -5.558912436    -5.558912436       0.00%        0      0      0      1602     0.4s

Solving report
  Status            Optimal
  Primal bound      -5.55891243554
  Dual bound        -5.55891243554
  Gap               0% (tolerance: 0.5%)
  P-D integral      0.487256178361
  Solution status   feasible
                    -5.55891243554 (objective)
                    0 (bound viol.)
                    0 (int. viol.)
                    0 (row viol.)
  Timing            0.45
  Max sub-MIP depth 0
  Nodes             1
  Repair LPs        0
  LP iterations     1602
                    0 (strong br.)
                    0 (separation)
                    0 (heuristics)
MIP has 10753 rows; 9409 cols; 25537 nonzeros; 1344 integer variables (1344 binary)
Coefficient ranges:
  Matrix  [2e-01, 2e+00]
  Cost    [1e-02, 6e-02]
  Bound   [1e+00, 1e+00]
  RHS     [3e-04, 4e+00]
Presolving model
8064 rows, 9020 cols, 22459 nonzeros 0s
6367 rows, 7657 cols, 18063 nonzeros 0s
5175 rows, 6527 cols, 14929 nonzeros 0s
5023 rows, 6149 cols, 14399 nonzeros 0s
Presolve reductions: rows 5023(-5730); columns 6149(-3260); nonzeros 14399(-11138) 

Solving MIP model with:
   5023 rows
   6149 cols (807 binary, 0 integer, 0 implied int., 5342 continuous, 0 domain fixed)
   14399 nonzeros

Src: B => Branching; C => Central rounding; F => Feasibility pump; H => Heuristic;
     I => Shifting; J => Feasibility jump; L => Sub-MIP; P => Empty MIP; R => Randomized rounding;
     S => Solve LP; T => Evaluate node; U => Unbounded; X => User solution; Y => HiGHS solution;
     Z => ZI Round; l => Trivial lower; p => Trivial point; u => Trivial upper; z => Trivial zero

        Nodes      |    B&B Tree     |            Objective Bounds              |  Dynamic Constraints |       Work      
Src  Proc. InQueue |  Leaves   Expl. | BestBound       BestSol              Gap |   Cuts   InLp Confl. | LpIters     Time

 J       0       0         0   0.00%   -inf            -1.065422501       Large        0      0      0         0     0.4s
 T       0       0         0   0.00%   -4.993462296    -4.242290338      17.71%        0      0      0      1810     0.5s
         1       0         1 100.00%   -4.242290338    -4.242290338       0.00%        0      0      0      1810     0.5s

Solving report
  Status            Optimal
  Primal bound      -4.24229033817
  Dual bound        -4.24229033817
  Gap               0% (tolerance: 0.5%)
  P-D integral      0.22371910673
  Solution status   feasible
                    -4.24229033817 (objective)
                    0 (bound viol.)
                    0 (int. viol.)
                    0 (row viol.)
  Timing            0.49
  Max sub-MIP depth 0
  Nodes             1
  Repair LPs        0
  LP iterations     1810
                    0 (strong br.)
                    0 (separation)
                    0 (heuristics)
MIP has 10753 rows; 9409 cols; 25537 nonzeros; 1344 integer variables (1344 binary)
Coefficient ranges:
  Matrix  [2e-01, 2e+00]
  Cost    [1e-02, 6e-02]
  Bound   [1e+00, 1e+00]
  RHS     [1e-03, 4e+00]
Presolving model
8064 rows, 9276 cols, 22715 nonzeros 0s
6827 rows, 8141 cols, 19435 nonzeros 0s
Presolve reductions: rows 6827(-3926); columns 8141(-1268); nonzeros 19435(-6102) 

Solving MIP model with:
   6827 rows
   8141 cols (1117 binary, 0 integer, 0 implied int., 7024 continuous, 0 domain fixed)
   19435 nonzeros

Src: B => Branching; C => Central rounding; F => Feasibility pump; H => Heuristic;
     I => Shifting; J => Feasibility jump; L => Sub-MIP; P => Empty MIP; R => Randomized rounding;
     S => Solve LP; T => Evaluate node; U => Unbounded; X => User solution; Y => HiGHS solution;
     Z => ZI Round; l => Trivial lower; p => Trivial point; u => Trivial upper; z => Trivial zero

        Nodes      |    B&B Tree     |            Objective Bounds              |  Dynamic Constraints |       Work      
Src  Proc. InQueue |  Leaves   Expl. | BestBound       BestSol              Gap |   Cuts   InLp Confl. | LpIters     Time

 J       0       0         0   0.00%   -inf            -1.775416372       Large        0      0      0         0     0.4s
 T       0       0         0   0.00%   -4.168701088    -3.723213701      11.97%        0      0      0      2373     0.5s
         1       0         1 100.00%   -3.723213701    -3.723213701       0.00%        0      0      0      2373     0.5s

Solving report
  Status            Optimal
  Primal bound      -3.72321370071
  Dual bound        -3.72321370071
  Gap               0% (tolerance: 0.5%)
  P-D integral      0.127019710585
  Solution status   feasible
                    -3.72321370071 (objective)
                    0 (bound viol.)
                    0 (int. viol.)
                    0 (row viol.)
  Timing            0.47
  Max sub-MIP depth 0
  Nodes             1
  Repair LPs        0
  LP iterations     2373
                    0 (strong br.)
                    0 (separation)
                    0 (heuristics)
MIP has 10753 rows; 9409 cols; 25537 nonzeros; 1344 integer variables (1344 binary)
Coefficient ranges:
  Matrix  [2e-01, 2e+00]
  Cost    [1e-02, 6e-02]
  Bound   [1e+00, 1e+00]
  RHS     [1e-03, 4e+00]
Presolving model
8064 rows, 9173 cols, 22612 nonzeros 0s
6356 rows, 7799 cols, 18192 nonzeros 0s
6211 rows, 7460 cols, 17700 nonzeros 0s
Presolve reductions: rows 6211(-4542); columns 7460(-1949); nonzeros 17700(-7837) 

Solving MIP model with:
   6211 rows
   7460 cols (1008 binary, 0 integer, 0 implied int., 6452 continuous, 0 domain fixed)
   17700 nonzeros

Src: B => Branching; C => Central rounding; F => Feasibility pump; H => Heuristic;
     I => Shifting; J => Feasibility jump; L => Sub-MIP; P => Empty MIP; R => Randomized rounding;
     S => Solve LP; T => Evaluate node; U => Unbounded; X => User solution; Y => HiGHS solution;
     Z => ZI Round; l => Trivial lower; p => Trivial point; u => Trivial upper; z => Trivial zero

        Nodes      |    B&B Tree     |            Objective Bounds              |  Dynamic Constraints |       Work      
Src  Proc. InQueue |  Leaves   Expl. | BestBound       BestSol              Gap |   Cuts   InLp Confl. | LpIters     Time

         0       0         0   0.00%   -7.104898751    inf                  inf        0      0      0         0     0.5s
         0       0         0   0.00%   -3.334010989    inf                  inf        0      0      2      2586     0.6s
 R       0       0         0   0.00%   -3.334010989    -3.334010989       0.00%        0      0      2      2611     0.7s
         1       0         1 100.00%   -3.334010989    -3.334010989       0.00%        0      0      2      2611     0.7s

Solving report
  Status            Optimal
  Primal bound      -3.33401098948
  Dual bound        -3.33401098948
  Gap               0% (tolerance: 0.5%)
  P-D integral      0
  Solution status   feasible
                    -3.33401098948 (objective)
                    0 (bound viol.)
                    0 (int. viol.)
                    0 (row viol.)
  Timing            0.67
  Max sub-MIP depth 0
  Nodes             1
  Repair LPs        0
  LP iterations     2611
                    0 (strong br.)
                    25 (separation)
                    0 (heuristics)
MIP has 10753 rows; 9409 cols; 25537 nonzeros; 1344 integer variables (1344 binary)
Coefficient ranges:
  Matrix  [2e-01, 2e+00]
  Cost    [1e-02, 6e-02]
  Bound   [1e+00, 1e+00]
  RHS     [1e-03, 4e+00]
Presolving model
8064 rows, 8908 cols, 22347 nonzeros 0s
6354 rows, 7532 cols, 17923 nonzeros 0s
4565 rows, 5928 cols, 13258 nonzeros 0s
4322 rows, 5346 cols, 12433 nonzeros 0s
Presolve reductions: rows 4322(-6431); columns 5346(-4063); nonzeros 12433(-13104) 

Solving MIP model with:
   4322 rows
   5346 cols (692 binary, 0 integer, 0 implied int., 4654 continuous, 0 domain fixed)
   12433 nonzeros

Src: B => Branching; C => Central rounding; F => Feasibility pump; H => Heuristic;
     I => Shifting; J => Feasibility jump; L => Sub-MIP; P => Empty MIP; R => Randomized rounding;
     S => Solve LP; T => Evaluate node; U => Unbounded; X => User solution; Y => HiGHS solution;
     Z => ZI Round; l => Trivial lower; p => Trivial point; u => Trivial upper; z => Trivial zero

        Nodes      |    B&B Tree     |            Objective Bounds              |  Dynamic Constraints |       Work      
Src  Proc. InQueue |  Leaves   Expl. | BestBound       BestSol              Gap |   Cuts   InLp Confl. | LpIters     Time

 J       0       0         0   0.00%   -inf            -0.5224288789      Large        0      0      0         0     0.4s
 T       0       0         0   0.00%   -5.077217739    -4.136021222      22.76%        0      0      0      1609     0.5s
         1       0         1 100.00%   -4.136021222    -4.136021222       0.00%        0      0      0      1609     0.5s

Solving report
  Status            Optimal
  Primal bound      -4.13602122197
  Dual bound        -4.13602122197
  Gap               0% (tolerance: 0.5%)
  P-D integral      0.465215691444
  Solution status   feasible
                    -4.13602122197 (objective)
                    0 (bound viol.)
                    0 (int. viol.)
                    0 (row viol.)
  Timing            0.46
  Max sub-MIP depth 0
  Nodes             1
  Repair LPs        0
  LP iterations     1609
                    0 (strong br.)
                    0 (separation)
                    0 (heuristics)
MIP has 10753 rows; 9409 cols; 25537 nonzeros; 1344 integer variables (1344 binary)
Coefficient ranges:
  Matrix  [2e-01, 2e+00]
  Cost    [1e-02, 6e-02]
  Bound   [1e+00, 1e+00]
  RHS     [3e-04, 4e+00]
Presolving model
8064 rows, 8873 cols, 22312 nonzeros 0s
6345 rows, 7488 cols, 17872 nonzeros 0s
4479 rows, 5822 cols, 13004 nonzeros 0s
4222 rows, 5220 cols, 12133 nonzeros 0s
Presolve reductions: rows 4222(-6531); columns 5220(-4189); nonzeros 12133(-13404) 

Solving MIP model with:
   4222 rows
   5220 cols (673 binary, 0 integer, 0 implied int., 4547 continuous, 0 domain fixed)
   12133 nonzeros

Src: B => Branching; C => Central rounding; F => Feasibility pump; H => Heuristic;
     I => Shifting; J => Feasibility jump; L => Sub-MIP; P => Empty MIP; R => Randomized rounding;
     S => Solve LP; T => Evaluate node; U => Unbounded; X => User solution; Y => HiGHS solution;
     Z => ZI Round; l => Trivial lower; p => Trivial point; u => Trivial upper; z => Trivial zero

        Nodes      |    B&B Tree     |            Objective Bounds              |  Dynamic Constraints |       Work      
Src  Proc. InQueue |  Leaves   Expl. | BestBound       BestSol              Gap |   Cuts   InLp Confl. | LpIters     Time

         0       0         0   0.00%   -5.815006361    inf                  inf        0      0      0         0     0.5s
         0       0         0   0.00%   -4.003585055    inf                  inf        0      0      2      1668     0.6s
 R       0       0         0   0.00%   -4.003585055    -4.003585055       0.00%        0      0      2      1683     0.6s
         1       0         1 100.00%   -4.003585055    -4.003585055       0.00%        0      0      2      1683     0.6s

Solving report
  Status            Optimal
  Primal bound      -4.00358505466
  Dual bound        -4.00358505466
  Gap               0% (tolerance: 0.5%)
  P-D integral      0
  Solution status   feasible
                    -4.00358505466 (objective)
                    0 (bound viol.)
                    0 (int. viol.)
                    0 (row viol.)
  Timing            0.60
  Max sub-MIP depth 0
  Nodes             1
  Repair LPs        0
  LP iterations     1683
                    0 (strong br.)
                    15 (separation)
                    0 (heuristics)
MIP has 10753 rows; 9409 cols; 25537 nonzeros; 1344 integer variables (1344 binary)
Coefficient ranges:
  Matrix  [2e-01, 2e+00]
  Cost    [1e-02, 6e-02]
  Bound   [1e+00, 1e+00]
  RHS     [3e-04, 4e+00]
Presolving model
8064 rows, 8866 cols, 22305 nonzeros 0s
6350 rows, 7486 cols, 17875 nonzeros 0s
4480 rows, 5822 cols, 13005 nonzeros 0s
4057 rows, 5086 cols, 11726 nonzeros 0s
Presolve reductions: rows 4057(-6696); columns 5086(-4323); nonzeros 11726(-13811) 

Solving MIP model with:
   4057 rows
   5086 cols (646 binary, 0 integer, 0 implied int., 4440 continuous, 0 domain fixed)
   11726 nonzeros

Src: B => Branching; C => Central rounding; F => Feasibility pump; H => Heuristic;
     I => Shifting; J => Feasibility jump; L => Sub-MIP; P => Empty MIP; R => Randomized rounding;
     S => Solve LP; T => Evaluate node; U => Unbounded; X => User solution; Y => HiGHS solution;
     Z => ZI Round; l => Trivial lower; p => Trivial point; u => Trivial upper; z => Trivial zero

        Nodes      |    B&B Tree     |            Objective Bounds              |  Dynamic Constraints |       Work      
Src  Proc. InQueue |  Leaves   Expl. | BestBound       BestSol              Gap |   Cuts   InLp Confl. | LpIters     Time

 J       0       0         0   0.00%   -inf            -0.1778890662      Large        0      0      0         0     0.5s
 T       0       0         0   0.00%   -4.838731071    -3.851907338      25.62%        0      0      0      1536     0.6s
         1       0         1 100.00%   -3.851907338    -3.851907338       0.00%        0      0      0      1536     0.6s

Solving report
  Status            Optimal
  Primal bound      -3.85190733807
  Dual bound        -3.85190733807
  Gap               0% (tolerance: 0.5%)
  P-D integral      1.51438223015
  Solution status   feasible
                    -3.85190733807 (objective)
                    0 (bound viol.)
                    0 (int. viol.)
                    0 (row viol.)
  Timing            0.58
  Max sub-MIP depth 0
  Nodes             1
  Repair LPs        0
  LP iterations     1536
                    0 (strong br.)
                    0 (separation)
                    0 (heuristics)
MIP has 10753 rows; 9409 cols; 25537 nonzeros; 1344 integer variables (1344 binary)
Coefficient ranges:
  Matrix  [2e-01, 2e+00]
  Cost    [1e-02, 6e-02]
  Bound   [1e+00, 1e+00]
  RHS     [2e-04, 4e+00]
Presolving model
8064 rows, 8851 cols, 22290 nonzeros 0s
6347 rows, 7468 cols, 17854 nonzeros 0s
4483 rows, 5803 cols, 12989 nonzeros 0s
3977 rows, 5002 cols, 11502 nonzeros 0s
Presolve reductions: rows 3977(-6776); columns 5002(-4407); nonzeros 11502(-14035) 

Solving MIP model with:
   3977 rows
   5002 cols (631 binary, 0 integer, 0 implied int., 4371 continuous, 0 domain fixed)
   11502 nonzeros

Src: B => Branching; C => Central rounding; F => Feasibility pump; H => Heuristic;
     I => Shifting; J => Feasibility jump; L => Sub-MIP; P => Empty MIP; R => Randomized rounding;
     S => Solve LP; T => Evaluate node; U => Unbounded; X => User solution; Y => HiGHS solution;
     Z => ZI Round; l => Trivial lower; p => Trivial point; u => Trivial upper; z => Trivial zero

        Nodes      |    B&B Tree     |            Objective Bounds              |  Dynamic Constraints |       Work      
Src  Proc. InQueue |  Leaves   Expl. | BestBound       BestSol              Gap |   Cuts   InLp Confl. | LpIters     Time

 J       0       0         0   0.00%   -inf            0.2806521713       Large        0      0      0         0     0.5s
 T       0       0         0   0.00%   -4.326034577    -3.297590619      31.19%        0      0      0      1505     0.5s
         1       0         1 100.00%   -3.297590619    -3.297590619       0.00%        0      0      0      1505     0.5s

Solving report
  Status            Optimal
  Primal bound      -3.29759061884
  Dual bound        -3.29759061884
  Gap               0% (tolerance: 0.5%)
  P-D integral      1.02101881862
  Solution status   feasible
                    -3.29759061884 (objective)
                    0 (bound viol.)
                    0 (int. viol.)
                    0 (row viol.)
  Timing            0.54
  Max sub-MIP depth 0
  Nodes             1
  Repair LPs        0
  LP iterations     1505
                    0 (strong br.)
                    0 (separation)
                    0 (heuristics)
MIP has 10753 rows; 9409 cols; 25537 nonzeros; 1344 integer variables (1344 binary)
Coefficient ranges:
  Matrix  [2e-01, 2e+00]
  Cost    [1e-02, 6e-02]
  Bound   [1e+00, 1e+00]
  RHS     [2e-04, 4e+00]
Presolving model
8064 rows, 8838 cols, 22277 nonzeros 0s
6348 rows, 7456 cols, 17843 nonzeros 0s
4486 rows, 5794 cols, 12983 nonzeros 0s
3951 rows, 4963 cols, 11421 nonzeros 0s
Presolve reductions: rows 3951(-6802); columns 4963(-4446); nonzeros 11421(-14116) 

Solving MIP model with:
   3951 rows
   4963 cols (627 binary, 0 integer, 0 implied int., 4336 continuous, 0 domain fixed)
   11421 nonzeros

Src: B => Branching; C => Central rounding; F => Feasibility pump; H => Heuristic;
     I => Shifting; J => Feasibility jump; L => Sub-MIP; P => Empty MIP; R => Randomized rounding;
     S => Solve LP; T => Evaluate node; U => Unbounded; X => User solution; Y => HiGHS solution;
     Z => ZI Round; l => Trivial lower; p => Trivial point; u => Trivial upper; z => Trivial zero

        Nodes      |    B&B Tree     |            Objective Bounds              |  Dynamic Constraints |       Work      
Src  Proc. InQueue |  Leaves   Expl. | BestBound       BestSol              Gap |   Cuts   InLp Confl. | LpIters     Time

 J       0       0         0   0.00%   -inf            0.6326675159       Large        0      0      0         0     0.4s
 T       0       0         0   0.00%   -3.951629961    -2.93401445       34.68%        0      0      0      1494     0.5s
         1       0         1 100.00%   -2.93401445     -2.93401445        0.00%        0      0      0      1494     0.5s

Solving report
  Status            Optimal
  Primal bound      -2.93401445029
  Dual bound        -2.93401445029
  Gap               0% (tolerance: 0.5%)
  P-D integral      0.327701216201
  Solution status   feasible
                    -2.93401445029 (objective)
                    0 (bound viol.)
                    0 (int. viol.)
                    0 (row viol.)
  Timing            0.49
  Max sub-MIP depth 0
  Nodes             1
  Repair LPs        0
  LP iterations     1494
                    0 (strong br.)
                    0 (separation)
                    0 (heuristics)
MIP has 10753 rows; 9409 cols; 25537 nonzeros; 1344 integer variables (1344 binary)
Coefficient ranges:
  Matrix  [2e-01, 2e+00]
  Cost    [1e-02, 6e-02]
  Bound   [1e+00, 1e+00]
  RHS     [1e-04, 4e+00]
Presolving model
8064 rows, 8813 cols, 22252 nonzeros 0s
6360 rows, 7443 cols, 17842 nonzeros 0s
4495 rows, 5787 cols, 12985 nonzeros 0s
3845 rows, 4880 cols, 11108 nonzeros 0s
3776 rows, 4811 cols, 10970 nonzeros 0s
Presolve reductions: rows 3776(-6977); columns 4811(-4598); nonzeros 10970(-14567) 

Solving MIP model with:
   3776 rows
   4811 cols (596 binary, 0 integer, 0 implied int., 4215 continuous, 0 domain fixed)
   10970 nonzeros

Src: B => Branching; C => Central rounding; F => Feasibility pump; H => Heuristic;
     I => Shifting; J => Feasibility jump; L => Sub-MIP; P => Empty MIP; R => Randomized rounding;
     S => Solve LP; T => Evaluate node; U => Unbounded; X => User solution; Y => HiGHS solution;
     Z => ZI Round; l => Trivial lower; p => Trivial point; u => Trivial upper; z => Trivial zero

        Nodes      |    B&B Tree     |            Objective Bounds              |  Dynamic Constraints |       Work      
Src  Proc. InQueue |  Leaves   Expl. | BestBound       BestSol              Gap |   Cuts   InLp Confl. | LpIters     Time

 J       0       0         0   0.00%   -inf            0.4234751732       Large        0      0      0         0     0.5s
 T       0       0         0   0.00%   -4.086124676    -3.067765263      33.20%        0      0      0      1448     0.5s
         1       0         1 100.00%   -3.067765263    -3.067765263       0.00%        0      0      0      1448     0.5s

Solving report
  Status            Optimal
  Primal bound      -3.06776526305
  Dual bound        -3.06776526305
  Gap               0% (tolerance: 0.5%)
  P-D integral      0.646572937403
  Solution status   feasible
                    -3.06776526305 (objective)
                    0 (bound viol.)
                    0 (int. viol.)
                    0 (row viol.)
  Timing            0.53
  Max sub-MIP depth 0
  Nodes             1
  Repair LPs        0
  LP iterations     1448
                    0 (strong br.)
                    0 (separation)
                    0 (heuristics)
MIP has 10753 rows; 9409 cols; 25537 nonzeros; 1344 integer variables (1344 binary)
Coefficient ranges:
  Matrix  [2e-01, 2e+00]
  Cost    [1e-02, 6e-02]
  Bound   [1e+00, 1e+00]
  RHS     [1e-04, 4e+00]
Presolving model
8064 rows, 8792 cols, 22231 nonzeros 0s
6397 rows, 7459 cols, 17895 nonzeros 0s
4586 rows, 5893 cols, 13182 nonzeros 0s
3298 rows, 4546 cols, 9719 nonzeros 0s
3118 rows, 4366 cols, 9359 nonzeros 0s
Presolve reductions: rows 3118(-7635); columns 4366(-5043); nonzeros 9359(-16178) 

Solving MIP model with:
   3118 rows
   4366 cols (469 binary, 0 integer, 0 implied int., 3897 continuous, 0 domain fixed)
   9359 nonzeros

Src: B => Branching; C => Central rounding; F => Feasibility pump; H => Heuristic;
     I => Shifting; J => Feasibility jump; L => Sub-MIP; P => Empty MIP; R => Randomized rounding;
     S => Solve LP; T => Evaluate node; U => Unbounded; X => User solution; Y => HiGHS solution;
     Z => ZI Round; l => Trivial lower; p => Trivial point; u => Trivial upper; z => Trivial zero

        Nodes      |    B&B Tree     |            Objective Bounds              |  Dynamic Constraints |       Work      
Src  Proc. InQueue |  Leaves   Expl. | BestBound       BestSol              Gap |   Cuts   InLp Confl. | LpIters     Time

 J       0       0         0   0.00%   -inf            4.305112349        Large        0      0      0         0     0.4s
 T       0       0         0   0.00%   -3.379504138    -0.8179240753    313.18%        0      0      0      1310     0.5s
         1       0         1 100.00%   -0.8179240753   -0.8179240753      0.00%        0      0      0      1310     0.5s

Solving report
  Status            Optimal
  Primal bound      -0.817924075347
  Dual bound        -0.817924075347
  Gap               0% (tolerance: 0.5%)
  P-D integral      0.0782664029677
  Solution status   feasible
                    -0.817924075347 (objective)
                    0 (bound viol.)
                    0 (int. viol.)
                    0 (row viol.)
  Timing            0.46
  Max sub-MIP depth 0
  Nodes             1
  Repair LPs        0
  LP iterations     1310
                    0 (strong br.)
                    0 (separation)
                    0 (heuristics)
MIP has 10753 rows; 9409 cols; 25537 nonzeros; 1344 integer variables (1344 binary)
Coefficient ranges:
  Matrix  [2e-01, 2e+00]
  Cost    [1e-02, 6e-02]
  Bound   [1e+00, 1e+00]
  RHS     [3e-04, 4e+00]
Presolving model
8064 rows, 8762 cols, 22201 nonzeros 0s
6430 rows, 7462 cols, 17931 nonzeros 0s
4647 rows, 5945 cols, 13295 nonzeros 0s
2752 rows, 4154 cols, 8305 nonzeros 0s
2475 rows, 3877 cols, 7751 nonzeros 0s
Presolve reductions: rows 2475(-8278); columns 3877(-5532); nonzeros 7751(-17786) 

Solving MIP model with:
   2475 rows
   3877 cols (350 binary, 0 integer, 0 implied int., 3527 continuous, 0 domain fixed)
   7751 nonzeros

Src: B => Branching; C => Central rounding; F => Feasibility pump; H => Heuristic;
     I => Shifting; J => Feasibility jump; L => Sub-MIP; P => Empty MIP; R => Randomized rounding;
     S => Solve LP; T => Evaluate node; U => Unbounded; X => User solution; Y => HiGHS solution;
     Z => ZI Round; l => Trivial lower; p => Trivial point; u => Trivial upper; z => Trivial zero

        Nodes      |    B&B Tree     |            Objective Bounds              |  Dynamic Constraints |       Work      
Src  Proc. InQueue |  Leaves   Expl. | BestBound       BestSol              Gap |   Cuts   InLp Confl. | LpIters     Time

 J       0       0         0   0.00%   -inf            7.841405601        Large        0      0      0         0     0.4s
 T       0       0         0   0.00%   -3.100768854    0.9450983213     428.09%        0      0      0      1159     0.4s
         1       0         1 100.00%   0.9450983213    0.9450983213       0.00%        0      0      0      1159     0.4s

Solving report
  Status            Optimal
  Primal bound      0.945098321265
  Dual bound        0.945098321265
  Gap               0% (tolerance: 0.5%)
  P-D integral      0.0495605640608
  Solution status   feasible
                    0.945098321265 (objective)
                    0 (bound viol.)
                    0 (int. viol.)
                    0 (row viol.)
  Timing            0.44
  Max sub-MIP depth 0
  Nodes             1
  Repair LPs        0
  LP iterations     1159
                    0 (strong br.)
                    0 (separation)
                    0 (heuristics)
MIP has 10753 rows; 9409 cols; 25537 nonzeros; 1344 integer variables (1344 binary)
Coefficient ranges:
  Matrix  [2e-01, 2e+00]
  Cost    [1e-02, 6e-02]
  Bound   [1e+00, 1e+00]
  RHS     [2e-04, 4e+00]
Presolving model
8064 rows, 8750 cols, 22189 nonzeros 0s
6437 rows, 7457 cols, 17933 nonzeros 0s
4647 rows, 5939 cols, 13289 nonzeros 0s
2706 rows, 4116 cols, 8189 nonzeros 0s
2379 rows, 3796 cols, 7514 nonzeros 0s
Presolve reductions: rows 2379(-8374); columns 3796(-5613); nonzeros 7514(-18023) 

Solving MIP model with:
   2379 rows
   3796 cols (335 binary, 0 integer, 0 implied int., 3461 continuous, 0 domain fixed)
   7514 nonzeros

Src: B => Branching; C => Central rounding; F => Feasibility pump; H => Heuristic;
     I => Shifting; J => Feasibility jump; L => Sub-MIP; P => Empty MIP; R => Randomized rounding;
     S => Solve LP; T => Evaluate node; U => Unbounded; X => User solution; Y => HiGHS solution;
     Z => ZI Round; l => Trivial lower; p => Trivial point; u => Trivial upper; z => Trivial zero

        Nodes      |    B&B Tree     |            Objective Bounds              |  Dynamic Constraints |       Work      
Src  Proc. InQueue |  Leaves   Expl. | BestBound       BestSol              Gap |   Cuts   InLp Confl. | LpIters     Time

 J       0       0         0   0.00%   -inf            8.702025111        Large        0      0      0         0     0.4s
 T       0       0         0   0.00%   -2.992448589    1.52071491       296.78%        0      0      0      1123     0.5s
         1       0         1 100.00%   1.52071491      1.52071491         0.00%        0      0      0      1123     0.5s

Solving report
  Status            Optimal
  Primal bound      1.52071491046
  Dual bound        1.52071491046
  Gap               0% (tolerance: 0.5%)
  P-D integral      0.0555077960597
  Solution status   feasible
                    1.52071491046 (objective)
                    0 (bound viol.)
                    0 (int. viol.)
                    0 (row viol.)
  Timing            0.46
  Max sub-MIP depth 0
  Nodes             1
  Repair LPs        0
  LP iterations     1123
                    0 (strong br.)
                    0 (separation)
                    0 (heuristics)
MIP has 10753 rows; 9409 cols; 25537 nonzeros; 1344 integer variables (1344 binary)
Coefficient ranges:
  Matrix  [2e-01, 2e+00]
  Cost    [1e-02, 6e-02]
  Bound   [1e+00, 1e+00]
  RHS     [2e-04, 4e+00]
Presolving model
8064 rows, 8755 cols, 22194 nonzeros 0s
6433 rows, 7458 cols, 17930 nonzeros 0s
4650 rows, 5943 cols, 13296 nonzeros 0s
2771 rows, 4153 cols, 8359 nonzeros 0s
2501 rows, 3883 cols, 7819 nonzeros 0s
Presolve reductions: rows 2501(-8252); columns 3883(-5526); nonzeros 7819(-17718) 

Solving MIP model with:
   2501 rows
   3883 cols (359 binary, 0 integer, 0 implied int., 3524 continuous, 0 domain fixed)
   7819 nonzeros

Src: B => Branching; C => Central rounding; F => Feasibility pump; H => Heuristic;
     I => Shifting; J => Feasibility jump; L => Sub-MIP; P => Empty MIP; R => Randomized rounding;
     S => Solve LP; T => Evaluate node; U => Unbounded; X => User solution; Y => HiGHS solution;
     Z => ZI Round; l => Trivial lower; p => Trivial point; u => Trivial upper; z => Trivial zero

        Nodes      |    B&B Tree     |            Objective Bounds              |  Dynamic Constraints |       Work      
Src  Proc. InQueue |  Leaves   Expl. | BestBound       BestSol              Gap |   Cuts   InLp Confl. | LpIters     Time

 J       0       0         0   0.00%   -inf            13.90119347        Large        0      0      0         0     0.4s
 T       0       0         0   0.00%   -2.506020006    6.970484341      135.95%        0      0      0      1177     0.5s
         1       0         1 100.00%   6.970484341     6.970484341        0.00%        0      0      0      1177     0.5s

Solving report
  Status            Optimal
  Primal bound      6.97048434097
  Dual bound        6.97048434097
  Gap               0% (tolerance: 0.5%)
  P-D integral      0.0438754748169
  Solution status   feasible
                    6.97048434097 (objective)
                    0 (bound viol.)
                    0 (int. viol.)
                    0 (row viol.)
  Timing            0.45
  Max sub-MIP depth 0
  Nodes             1
  Repair LPs        0
  LP iterations     1177
                    0 (strong br.)
                    0 (separation)
                    0 (heuristics)
MIP has 10753 rows; 9409 cols; 25537 nonzeros; 1344 integer variables (1344 binary)
Coefficient ranges:
  Matrix  [2e-01, 2e+00]
  Cost    [1e-02, 6e-02]
  Bound   [1e+00, 1e+00]
  RHS     [3e-04, 4e+00]
Presolving model
8064 rows, 8734 cols, 22173 nonzeros 0s
6426 rows, 7430 cols, 17895 nonzeros 0s
4630 rows, 5900 cols, 13233 nonzeros 0s
2742 rows, 4092 cols, 8265 nonzeros 0s
2473 rows, 3821 cols, 7725 nonzeros 0s
Presolve reductions: rows 2473(-8280); columns 3821(-5588); nonzeros 7725(-17812) 

Solving MIP model with:
   2473 rows
   3821 cols (358 binary, 0 integer, 0 implied int., 3463 continuous, 0 domain fixed)
   7725 nonzeros

Src: B => Branching; C => Central rounding; F => Feasibility pump; H => Heuristic;
     I => Shifting; J => Feasibility jump; L => Sub-MIP; P => Empty MIP; R => Randomized rounding;
     S => Solve LP; T => Evaluate node; U => Unbounded; X => User solution; Y => HiGHS solution;
     Z => ZI Round; l => Trivial lower; p => Trivial point; u => Trivial upper; z => Trivial zero

        Nodes      |    B&B Tree     |            Objective Bounds              |  Dynamic Constraints |       Work      
Src  Proc. InQueue |  Leaves   Expl. | BestBound       BestSol              Gap |   Cuts   InLp Confl. | LpIters     Time

 J       0       0         0   0.00%   -inf            16.72178883        Large        0      0      0         0     0.4s
 T       0       0         0   0.00%   -2.134907115    10.11645926      121.10%        0      0      0      1148     0.4s
         1       0         1 100.00%   10.11645926     10.11645926        0.00%        0      0      0      1148     0.4s

Solving report
  Status            Optimal
  Primal bound      10.1164592623
  Dual bound        10.1164592623
  Gap               0% (tolerance: 0.5%)
  P-D integral      0.0324111032929
  Solution status   feasible
                    10.1164592623 (objective)
                    0 (bound viol.)
                    0 (int. viol.)
                    0 (row viol.)
  Timing            0.42
  Max sub-MIP depth 0
  Nodes             1
  Repair LPs        0
  LP iterations     1148
                    0 (strong br.)
                    0 (separation)
                    0 (heuristics)
MIP has 10753 rows; 9409 cols; 25537 nonzeros; 1344 integer variables (1344 binary)
Coefficient ranges:
  Matrix  [2e-01, 2e+00]
  Cost    [1e-02, 6e-02]
  Bound   [1e+00, 1e+00]
  RHS     [3e-04, 4e+00]
Presolving model
8064 rows, 8720 cols, 22159 nonzeros 0s
6401 rows, 7391 cols, 17827 nonzeros 0s
4577 rows, 5813 cols, 13077 nonzeros 0s
2795 rows, 4086 cols, 8368 nonzeros 0s
2531 rows, 3822 cols, 7840 nonzeros 0s
Presolve reductions: rows 2531(-8222); columns 3822(-5587); nonzeros 7840(-17697) 

Solving MIP model with:
   2531 rows
   3822 cols (372 binary, 0 integer, 0 implied int., 3450 continuous, 0 domain fixed)
   7840 nonzeros

Src: B => Branching; C => Central rounding; F => Feasibility pump; H => Heuristic;
     I => Shifting; J => Feasibility jump; L => Sub-MIP; P => Empty MIP; R => Randomized rounding;
     S => Solve LP; T => Evaluate node; U => Unbounded; X => User solution; Y => HiGHS solution;
     Z => ZI Round; l => Trivial lower; p => Trivial point; u => Trivial upper; z => Trivial zero

        Nodes      |    B&B Tree     |            Objective Bounds              |  Dynamic Constraints |       Work      
Src  Proc. InQueue |  Leaves   Expl. | BestBound       BestSol              Gap |   Cuts   InLp Confl. | LpIters     Time

 J       0       0         0   0.00%   -inf            13.64933191        Large        0      0      0         0     0.4s
 T       0       0         0   0.00%   -2.333682545    6.558526711      135.58%        0      0      0      1125     0.5s
         1       0         1 100.00%   6.558526711     6.558526711        0.00%        0      0      0      1125     0.5s

Solving report
  Status            Optimal
  Primal bound      6.55852671125
  Dual bound        6.55852671125
  Gap               0% (tolerance: 0.5%)
  P-D integral      0.0433185638392
  Solution status   feasible
                    6.55852671125 (objective)
                    0 (bound viol.)
                    0 (int. viol.)
                    0 (row viol.)
  Timing            0.47
  Max sub-MIP depth 0
  Nodes             1
  Repair LPs        0
  LP iterations     1125
                    0 (strong br.)
                    0 (separation)
                    0 (heuristics)
MIP has 10753 rows; 9409 cols; 25537 nonzeros; 1344 integer variables (1344 binary)
Coefficient ranges:
  Matrix  [2e-01, 2e+00]
  Cost    [1e-02, 6e-02]
  Bound   [1e+00, 1e+00]
  RHS     [5e-05, 4e+00]
WARNING: Problem has some excessively small row bounds
Presolving model
8064 rows, 8827 cols, 22266 nonzeros 0s
6425 rows, 7522 cols, 17982 nonzeros 0s
4615 rows, 5962 cols, 13264 nonzeros 0s
3113 rows, 4473 cols, 9279 nonzeros 0s
2898 rows, 4258 cols, 8849 nonzeros 0s
Presolve reductions: rows 2898(-7855); columns 4258(-5151); nonzeros 8849(-16688) 

Solving MIP model with:
   2898 rows
   4258 cols (424 binary, 0 integer, 0 implied int., 3834 continuous, 0 domain fixed)
   8849 nonzeros

Src: B => Branching; C => Central rounding; F => Feasibility pump; H => Heuristic;
     I => Shifting; J => Feasibility jump; L => Sub-MIP; P => Empty MIP; R => Randomized rounding;
     S => Solve LP; T => Evaluate node; U => Unbounded; X => User solution; Y => HiGHS solution;
     Z => ZI Round; l => Trivial lower; p => Trivial point; u => Trivial upper; z => Trivial zero

        Nodes      |    B&B Tree     |            Objective Bounds              |  Dynamic Constraints |       Work      
Src  Proc. InQueue |  Leaves   Expl. | BestBound       BestSol              Gap |   Cuts   InLp Confl. | LpIters     Time

 J       0       0         0   0.00%   -inf            16.0852761         Large        0      0      0         0     0.5s
 T       0       0         0   0.00%   -1.847760819    10.28454699      117.97%        0      0      0      1271     0.5s
         1       0         1 100.00%   10.28454699     10.28454699        0.00%        0      0      0      1271     0.5s

Solving report
  Status            Optimal
  Primal bound      10.2845469866
  Dual bound        10.2845469866
  Gap               0% (tolerance: 0.5%)
  P-D integral      0.039458746247
  Solution status   feasible
                    10.2845469866 (objective)
                    0 (bound viol.)
                    0 (int. viol.)
                    0 (row viol.)
  Timing            0.53
  Max sub-MIP depth 0
  Nodes             1
  Repair LPs        0
  LP iterations     1271
                    0 (strong br.)
                    0 (separation)
                    0 (heuristics)
MIP has 10753 rows; 9409 cols; 25537 nonzeros; 1344 integer variables (1344 binary)
Coefficient ranges:
  Matrix  [2e-01, 2e+00]
  Cost    [1e-02, 6e-02]
  Bound   [1e+00, 1e+00]
  RHS     [5e-05, 4e+00]
WARNING: Problem has some excessively small row bounds
Presolving model
8064 rows, 9176 cols, 22615 nonzeros 0s
6547 rows, 7993 cols, 18579 nonzeros 0s
4859 rows, 6603 cols, 14165 nonzeros 0s
3941 rows, 5717 cols, 11785 nonzeros 0s
3821 rows, 5597 cols, 11545 nonzeros 0s
Presolve reductions: rows 3821(-6932); columns 5597(-3812); nonzeros 11545(-13992) 

Solving MIP model with:
   3821 rows
   5597 cols (532 binary, 0 integer, 0 implied int., 5065 continuous, 0 domain fixed)
   11545 nonzeros

Src: B => Branching; C => Central rounding; F => Feasibility pump; H => Heuristic;
     I => Shifting; J => Feasibility jump; L => Sub-MIP; P => Empty MIP; R => Randomized rounding;
     S => Solve LP; T => Evaluate node; U => Unbounded; X => User solution; Y => HiGHS solution;
     Z => ZI Round; l => Trivial lower; p => Trivial point; u => Trivial upper; z => Trivial zero

        Nodes      |    B&B Tree     |            Objective Bounds              |  Dynamic Constraints |       Work      
Src  Proc. InQueue |  Leaves   Expl. | BestBound       BestSol              Gap |   Cuts   InLp Confl. | LpIters     Time

 J       0       0         0   0.00%   -inf            20.7194152         Large        0      0      0         0     0.5s
 T       0       0         0   0.00%   -0.8274099219   18.10458631      104.57%        0      0      0      1824     0.5s
         1       0         1 100.00%   18.10458631     18.10458631        0.00%        0      0      0      1824     0.5s

Solving report
  Status            Optimal
  Primal bound      18.1045863141
  Dual bound        18.1045863141
  Gap               0% (tolerance: 0.5%)
  P-D integral      0.0507312360558
  Solution status   feasible
                    18.1045863141 (objective)
                    0 (bound viol.)
                    0 (int. viol.)
                    0 (row viol.)
  Timing            0.55
  Max sub-MIP depth 0
  Nodes             1
  Repair LPs        0
  LP iterations     1824
                    0 (strong br.)
                    0 (separation)
                    0 (heuristics)
MIP has 10753 rows; 9409 cols; 25537 nonzeros; 1344 integer variables (1344 binary)
Coefficient ranges:
  Matrix  [2e-01, 2e+00]
  Cost    [1e-02, 6e-02]
  Bound   [1e+00, 1e+00]
  RHS     [2e-04, 4e+00]
Presolving model
8064 rows, 9068 cols, 22507 nonzeros 0s
6504 rows, 7842 cols, 18385 nonzeros 0s
4796 rows, 6414 cols, 13913 nonzeros 0s
3648 rows, 5305 cols, 10904 nonzeros 0s
3474 rows, 5130 cols, 10555 nonzeros 0s
Presolve reductions: rows 3474(-7279); columns 5130(-4279); nonzeros 10555(-14982) 

Solving MIP model with:
   3474 rows
   5130 cols (488 binary, 0 integer, 0 implied int., 4642 continuous, 0 domain fixed)
   10555 nonzeros

Src: B => Branching; C => Central rounding; F => Feasibility pump; H => Heuristic;
     I => Shifting; J => Feasibility jump; L => Sub-MIP; P => Empty MIP; R => Randomized rounding;
     S => Solve LP; T => Evaluate node; U => Unbounded; X => User solution; Y => HiGHS solution;
     Z => ZI Round; l => Trivial lower; p => Trivial point; u => Trivial upper; z => Trivial zero

        Nodes      |    B&B Tree     |            Objective Bounds              |  Dynamic Constraints |       Work      
Src  Proc. InQueue |  Leaves   Expl. | BestBound       BestSol              Gap |   Cuts   InLp Confl. | LpIters     Time

 J       0       0         0   0.00%   -inf            22.51837788        Large        0      0      0         0     0.5s
 T       0       0         0   0.00%   -0.8734816398   19.74085762      104.42%        0      0      0      1617     0.5s
         1       0         1 100.00%   19.74085762     19.74085762        0.00%        0      0      0      1617     0.5s

Solving report
  Status            Optimal
  Primal bound      19.7408576223
  Dual bound        19.7408576223
  Gap               0% (tolerance: 0.5%)
  P-D integral      0.0428695925843
  Solution status   feasible
                    19.7408576223 (objective)
                    0 (bound viol.)
                    0 (int. viol.)
                    0 (row viol.)
  Timing            0.53
  Max sub-MIP depth 0
  Nodes             1
  Repair LPs        0
  LP iterations     1617
                    0 (strong br.)
                    0 (separation)
                    0 (heuristics)
MIP has 10753 rows; 9409 cols; 25537 nonzeros; 1344 integer variables (1344 binary)
Coefficient ranges:
  Matrix  [2e-01, 2e+00]
  Cost    [1e-02, 6e-02]
  Bound   [1e+00, 1e+00]
  RHS     [5e-04, 4e+00]
Presolving model
8064 rows, 8560 cols, 21999 nonzeros 0s
6396 rows, 7226 cols, 17661 nonzeros 0s
4615 rows, 5705 cols, 13023 nonzeros 0s
2650 rows, 3864 cols, 7877 nonzeros 0s
1716 rows, 3033 cols, 5624 nonzeros 0s
1596 rows, 2912 cols, 5383 nonzeros 0s
Presolve reductions: rows 1596(-9157); columns 2912(-6497); nonzeros 5383(-20154) 

Solving MIP model with:
   1596 rows
   2912 cols (219 binary, 0 integer, 0 implied int., 2693 continuous, 0 domain fixed)
   5383 nonzeros

Src: B => Branching; C => Central rounding; F => Feasibility pump; H => Heuristic;
     I => Shifting; J => Feasibility jump; L => Sub-MIP; P => Empty MIP; R => Randomized rounding;
     S => Solve LP; T => Evaluate node; U => Unbounded; X => User solution; Y => HiGHS solution;
     Z => ZI Round; l => Trivial lower; p => Trivial point; u => Trivial upper; z => Trivial zero

        Nodes      |    B&B Tree     |            Objective Bounds              |  Dynamic Constraints |       Work      
Src  Proc. InQueue |  Leaves   Expl. | BestBound       BestSol              Gap |   Cuts   InLp Confl. | LpIters     Time

 J       0       0         0   0.00%   -inf            23.96467127        Large        0      0      0         0     0.5s
 T       0       0         0   0.00%   -0.7334444951   21.59787748      103.40%        0      0      0       591     0.5s
         1       0         1 100.00%   21.59787748     21.59787748        0.00%        0      0      0       591     0.5s

Solving report
  Status            Optimal
  Primal bound      21.5978774839
  Dual bound        21.5978774839
  Gap               0% (tolerance: 0.5%)
  P-D integral      0.0207603307826
  Solution status   feasible
                    21.5978774839 (objective)
                    0 (bound viol.)
                    0 (int. viol.)
                    0 (row viol.)
  Timing            0.51
  Max sub-MIP depth 0
  Nodes             1
  Repair LPs        0
  LP iterations     591
                    0 (strong br.)
                    0 (separation)
                    0 (heuristics)
MIP has 10753 rows; 9409 cols; 25537 nonzeros; 1344 integer variables (1344 binary)
Coefficient ranges:
  Matrix  [2e-01, 2e+00]
  Cost    [1e-02, 6e-02]
  Bound   [1e+00, 1e+00]
  RHS     [2e-05, 4e+00]
WARNING: Problem has some excessively small row bounds
Presolving model
8064 rows, 8414 cols, 21853 nonzeros 0s
6350 rows, 7033 cols, 17414 nonzeros 0s
4496 rows, 5425 cols, 12601 nonzeros 0s
4352 rows, 4023 cols, 9034 nonzeros 0s
2520 rows, 3515 cols, 7374 nonzeros 0s
2307 rows, 2810 cols, 5470 nonzeros 0s
1368 rows, 2475 cols, 4524 nonzeros 0s
1160 rows, 1938 cols, 3779 nonzeros 0s
1082 rows, 1528 cols, 3291 nonzeros 0s
1082 rows, 1527 cols, 3290 nonzeros 0s
Presolve reductions: rows 1082(-9671); columns 1527(-7882); nonzeros 3290(-22247) 

Solving MIP model with:
   1082 rows
   1527 cols (171 binary, 0 integer, 0 implied int., 1356 continuous, 0 domain fixed)
   3290 nonzeros

Src: B => Branching; C => Central rounding; F => Feasibility pump; H => Heuristic;
     I => Shifting; J => Feasibility jump; L => Sub-MIP; P => Empty MIP; R => Randomized rounding;
     S => Solve LP; T => Evaluate node; U => Unbounded; X => User solution; Y => HiGHS solution;
     Z => ZI Round; l => Trivial lower; p => Trivial point; u => Trivial upper; z => Trivial zero

        Nodes      |    B&B Tree     |            Objective Bounds              |  Dynamic Constraints |       Work      
Src  Proc. InQueue |  Leaves   Expl. | BestBound       BestSol              Gap |   Cuts   InLp Confl. | LpIters     Time

 J       0       0         0   0.00%   -inf            21.1190981         Large        0      0      0         0     0.4s
 T       0       0         0   0.00%   13.56395851     19.75215986       31.33%        0      0      0       372     0.4s
         1       0         1 100.00%   19.75215986     19.75215986        0.00%        0      0      0       372     0.4s

Solving report
  Status            Optimal
  Primal bound      19.7521598615
  Dual bound        19.7521598615
  Gap               0% (tolerance: 0.5%)
  P-D integral      0.00426689749254
  Solution status   feasible
                    19.7521598615 (objective)
                    0 (bound viol.)
                    0 (int. viol.)
                    0 (row viol.)
  Timing            0.42
  Max sub-MIP depth 0
  Nodes             1
  Repair LPs        0
  LP iterations     372
                    0 (strong br.)
                    0 (separation)
                    0 (heuristics)
MIP has 10753 rows; 9409 cols; 25537 nonzeros; 1344 integer variables (1344 binary)
Coefficient ranges:
  Matrix  [2e-01, 2e+00]
  Cost    [1e-02, 6e-02]
  Bound   [1e+00, 1e+00]
  RHS     [2e-05, 4e+00]
WARNING: Problem has some excessively small row bounds
Presolving model
8064 rows, 8526 cols, 21965 nonzeros 0s
6334 rows, 7130 cols, 17499 nonzeros 0s
4454 rows, 5474 cols, 12615 nonzeros 0s
4300 rows, 3743 cols, 8456 nonzeros 0s
2447 rows, 3356 cols, 7214 nonzeros 0s
2238 rows, 3102 cols, 6749 nonzeros 0s
Presolve reductions: rows 2238(-8515); columns 3102(-6307); nonzeros 6749(-18788) 

Solving MIP model with:
   2238 rows
   3102 cols (353 binary, 0 integer, 0 implied int., 2749 continuous, 0 domain fixed)
   6749 nonzeros

Src: B => Branching; C => Central rounding; F => Feasibility pump; H => Heuristic;
     I => Shifting; J => Feasibility jump; L => Sub-MIP; P => Empty MIP; R => Randomized rounding;
     S => Solve LP; T => Evaluate node; U => Unbounded; X => User solution; Y => HiGHS solution;
     Z => ZI Round; l => Trivial lower; p => Trivial point; u => Trivial upper; z => Trivial zero

        Nodes      |    B&B Tree     |            Objective Bounds              |  Dynamic Constraints |       Work      
Src  Proc. InQueue |  Leaves   Expl. | BestBound       BestSol              Gap |   Cuts   InLp Confl. | LpIters     Time

 J       0       0         0   0.00%   -inf            15.77517236        Large        0      0      0         0     0.4s
         0       0         0   0.00%   12.42181179     15.77517236       21.26%        0      0      2       827     0.4s
 C       0       0         0   0.00%   12.43831038     12.43831038        0.00%        0      0      2       835     0.5s
         1       0         1 100.00%   12.43831038     12.43831038        0.00%        0      0      2       835     0.5s

Solving report
  Status            Optimal
  Primal bound      12.438310383
  Dual bound        12.438310383
  Gap               0% (tolerance: 0.5%)
  P-D integral      0.0306904132431
  Solution status   feasible
                    12.438310383 (objective)
                    0 (bound viol.)
                    0 (int. viol.)
                    0 (row viol.)
  Timing            0.49
  Max sub-MIP depth 0
  Nodes             1
  Repair LPs        0
  LP iterations     835
                    0 (strong br.)
                    8 (separation)
                    0 (heuristics)
MIP has 10753 rows; 9409 cols; 25537 nonzeros; 1344 integer variables (1344 binary)
Coefficient ranges:
  Matrix  [2e-01, 2e+00]
  Cost    [1e-02, 6e-02]
  Bound   [1e+00, 1e+00]
  RHS     [3e-04, 4e+00]
Presolving model
8064 rows, 8605 cols, 22044 nonzeros 0s
6348 rows, 7223 cols, 17606 nonzeros 0s
4475 rows, 5576 cols, 12738 nonzeros 0s
2763 rows, 3842 cols, 8174 nonzeros 0s
2518 rows, 3558 cols, 7645 nonzeros 0s
Presolve reductions: rows 2518(-8235); columns 3558(-5851); nonzeros 7645(-17892) 

Solving MIP model with:
   2518 rows
   3558 cols (393 binary, 0 integer, 0 implied int., 3165 continuous, 0 domain fixed)
   7645 nonzeros

Src: B => Branching; C => Central rounding; F => Feasibility pump; H => Heuristic;
     I => Shifting; J => Feasibility jump; L => Sub-MIP; P => Empty MIP; R => Randomized rounding;
     S => Solve LP; T => Evaluate node; U => Unbounded; X => User solution; Y => HiGHS solution;
     Z => ZI Round; l => Trivial lower; p => Trivial point; u => Trivial upper; z => Trivial zero

        Nodes      |    B&B Tree     |            Objective Bounds              |  Dynamic Constraints |       Work      
Src  Proc. InQueue |  Leaves   Expl. | BestBound       BestSol              Gap |   Cuts   InLp Confl. | LpIters     Time

 J       0       0         0   0.00%   -inf            17.35433615        Large        0      0      0         0     0.5s
 T       0       0         0   0.00%   -0.5089026886   13.90605239      103.66%        0      0      0       912     0.5s
         1       0         1 100.00%   13.90605239     13.90605239        0.00%        0      0      0       912     0.5s

Solving report
  Status            Optimal
  Primal bound      13.9060523853
  Dual bound        13.9060523853
  Gap               0% (tolerance: 0.5%)
  P-D integral      0.027179287776
  Solution status   feasible
                    13.9060523853 (objective)
                    0 (bound viol.)
                    0 (int. viol.)
                    0 (row viol.)
  Timing            0.50
  Max sub-MIP depth 0
  Nodes             1
  Repair LPs        0
  LP iterations     912
                    0 (strong br.)
                    0 (separation)
                    0 (heuristics)
MIP has 10753 rows; 9409 cols; 25537 nonzeros; 1344 integer variables (1344 binary)
Coefficient ranges:
  Matrix  [2e-01, 2e+00]
  Cost    [1e-02, 6e-02]
  Bound   [1e+00, 1e+00]
  RHS     [3e-04, 4e+00]
Presolving model
8064 rows, 8586 cols, 22025 nonzeros 0s
6360 rows, 7216 cols, 17611 nonzeros 0s
4495 rows, 5586 cols, 12768 nonzeros 0s
4336 rows, 4191 cols, 9304 nonzeros 0s
2587 rows, 3698 cols, 7704 nonzeros 0s
2295 rows, 3311 cols, 7023 nonzeros 0s
Presolve reductions: rows 2295(-8458); columns 3311(-6098); nonzeros 7023(-18514) 

Solving MIP model with:
   2295 rows
   3311 cols (355 binary, 0 integer, 0 implied int., 2956 continuous, 0 domain fixed)
   7023 nonzeros

Src: B => Branching; C => Central rounding; F => Feasibility pump; H => Heuristic;
     I => Shifting; J => Feasibility jump; L => Sub-MIP; P => Empty MIP; R => Randomized rounding;
     S => Solve LP; T => Evaluate node; U => Unbounded; X => User solution; Y => HiGHS solution;
     Z => ZI Round; l => Trivial lower; p => Trivial point; u => Trivial upper; z => Trivial zero

        Nodes      |    B&B Tree     |            Objective Bounds              |  Dynamic Constraints |       Work      
Src  Proc. InQueue |  Leaves   Expl. | BestBound       BestSol              Gap |   Cuts   InLp Confl. | LpIters     Time

 J       0       0         0   0.00%   -inf            21.85481677        Large        0      0      0         0     0.4s
 T       0       0         0   0.00%   1.602792659     19.43466067       91.75%        0      0      0       773     0.5s
         1       0         1 100.00%   19.43466067     19.43466067        0.00%        0      0      0       773     0.5s

Solving report
  Status            Optimal
  Primal bound      19.4346606746
  Dual bound        19.4346606746
  Gap               0% (tolerance: 0.5%)
  P-D integral      0.0282083097813
  Solution status   feasible
                    19.4346606746 (objective)
                    0 (bound viol.)
                    0 (int. viol.)
                    0 (row viol.)
  Timing            0.47
  Max sub-MIP depth 0
  Nodes             1
  Repair LPs        0
  LP iterations     773
                    0 (strong br.)
                    0 (separation)
                    0 (heuristics)
MIP has 10753 rows; 9409 cols; 25537 nonzeros; 1344 integer variables (1344 binary)
Coefficient ranges:
  Matrix  [2e-01, 2e+00]
  Cost    [1e-02, 6e-02]
  Bound   [1e+00, 1e+00]
  RHS     [3e-04, 4e+00]
Presolving model
8064 rows, 8540 cols, 21979 nonzeros 0s
6349 rows, 7159 cols, 17543 nonzeros 0s
4475 rows, 5513 cols, 12675 nonzeros 0s
4315 rows, 4060 cols, 9052 nonzeros 0s
2463 rows, 3532 cols, 7346 nonzeros 0s
2174 rows, 3189 cols, 6712 nonzeros 0s
Presolve reductions: rows 2174(-8579); columns 3189(-6220); nonzeros 6712(-18825) 

Solving MIP model with:
   2174 rows
   3189 cols (338 binary, 0 integer, 0 implied int., 2851 continuous, 0 domain fixed)
   6712 nonzeros

Src: B => Branching; C => Central rounding; F => Feasibility pump; H => Heuristic;
     I => Shifting; J => Feasibility jump; L => Sub-MIP; P => Empty MIP; R => Randomized rounding;
     S => Solve LP; T => Evaluate node; U => Unbounded; X => User solution; Y => HiGHS solution;
     Z => ZI Round; l => Trivial lower; p => Trivial point; u => Trivial upper; z => Trivial zero

        Nodes      |    B&B Tree     |            Objective Bounds              |  Dynamic Constraints |       Work      
Src  Proc. InQueue |  Leaves   Expl. | BestBound       BestSol              Gap |   Cuts   InLp Confl. | LpIters     Time

 J       0       0         0   0.00%   -inf            21.97055289        Large        0      0      0         0     0.5s
         0       0         0   0.00%   19.38377295     21.97055289       11.77%        0      0      2       749     0.5s
 C       0       0         0   0.00%   19.42167219     19.42167219        0.00%        0      0      2       760     0.5s
         1       0         1 100.00%   19.42167219     19.42167219        0.00%        0      0      2       760     0.5s

Solving report
  Status            Optimal
  Primal bound      19.4216721853
  Dual bound        19.4216721853
  Gap               0% (tolerance: 0.5%)
  P-D integral      0.0291668515457
  Solution status   feasible
                    19.4216721853 (objective)
                    0 (bound viol.)
                    0 (int. viol.)
                    0 (row viol.)
  Timing            0.53
  Max sub-MIP depth 0
  Nodes             1
  Repair LPs        0
  LP iterations     760
                    0 (strong br.)
                    11 (separation)
                    0 (heuristics)
MIP has 10753 rows; 9409 cols; 25537 nonzeros; 1344 integer variables (1344 binary)
Coefficient ranges:
  Matrix  [2e-01, 2e+00]
  Cost    [1e-02, 6e-02]
  Bound   [1e+00, 1e+00]
  RHS     [4e-04, 4e+00]
Presolving model
8064 rows, 8485 cols, 21924 nonzeros 0s
6350 rows, 7105 cols, 17490 nonzeros 0s
4476 rows, 5466 cols, 12629 nonzeros 0s
4315 rows, 4021 cols, 8996 nonzeros 0s
2432 rows, 3470 cols, 7235 nonzeros 0s
1979 rows, 3037 cols, 6225 nonzeros 0s
1943 rows, 2964 cols, 6116 nonzeros 0s
Presolve reductions: rows 1943(-8810); columns 2964(-6445); nonzeros 6116(-19421) 

Solving MIP model with:
   1943 rows
   2964 cols (303 binary, 0 integer, 0 implied int., 2661 continuous, 0 domain fixed)
   6116 nonzeros

Src: B => Branching; C => Central rounding; F => Feasibility pump; H => Heuristic;
     I => Shifting; J => Feasibility jump; L => Sub-MIP; P => Empty MIP; R => Randomized rounding;
     S => Solve LP; T => Evaluate node; U => Unbounded; X => User solution; Y => HiGHS solution;
     Z => ZI Round; l => Trivial lower; p => Trivial point; u => Trivial upper; z => Trivial zero

        Nodes      |    B&B Tree     |            Objective Bounds              |  Dynamic Constraints |       Work      
Src  Proc. InQueue |  Leaves   Expl. | BestBound       BestSol              Gap |   Cuts   InLp Confl. | LpIters     Time

 J       0       0         0   0.00%   -inf            18.44090505        Large        0      0      0         0     0.4s
 T       0       0         0   0.00%   0.7209749382    16.25939246       95.57%        0      0      0       713     0.5s
         1       0         1 100.00%   16.25939246     16.25939246        0.00%        0      0      0       713     0.5s

Solving report
  Status            Optimal
  Primal bound      16.2593924635
  Dual bound        16.2593924635
  Gap               0% (tolerance: 0.5%)
  P-D integral      0.0214237670759
  Solution status   feasible
                    16.2593924635 (objective)
                    0 (bound viol.)
                    0 (int. viol.)
                    0 (row viol.)
  Timing            0.47
  Max sub-MIP depth 0
  Nodes             1
  Repair LPs        0
  LP iterations     713
                    0 (strong br.)
                    0 (separation)
                    0 (heuristics)
MIP has 10753 rows; 9409 cols; 25537 nonzeros; 1344 integer variables (1344 binary)
Coefficient ranges:
  Matrix  [2e-01, 2e+00]
  Cost    [1e-02, 6e-02]
  Bound   [1e+00, 1e+00]
  RHS     [6e-05, 4e+00]
WARNING: Problem has some excessively small row bounds
Presolving model
8064 rows, 8504 cols, 21943 nonzeros 0s
6364 rows, 7138 cols, 17537 nonzeros 0s
4514 rows, 5528 cols, 12729 nonzeros 0s
4357 rows, 4118 cols, 9135 nonzeros 0s
2482 rows, 3576 cols, 7387 nonzeros 0s
1872 rows, 3027 cols, 5980 nonzeros 0s
1813 rows, 2968 cols, 5862 nonzeros 0s
Presolve reductions: rows 1813(-8940); columns 2968(-6441); nonzeros 5862(-19675) 

Solving MIP model with:
   1813 rows
   2968 cols (271 binary, 0 integer, 0 implied int., 2697 continuous, 0 domain fixed)
   5862 nonzeros

Src: B => Branching; C => Central rounding; F => Feasibility pump; H => Heuristic;
     I => Shifting; J => Feasibility jump; L => Sub-MIP; P => Empty MIP; R => Randomized rounding;
     S => Solve LP; T => Evaluate node; U => Unbounded; X => User solution; Y => HiGHS solution;
     Z => ZI Round; l => Trivial lower; p => Trivial point; u => Trivial upper; z => Trivial zero

        Nodes      |    B&B Tree     |            Objective Bounds              |  Dynamic Constraints |       Work      
Src  Proc. InQueue |  Leaves   Expl. | BestBound       BestSol              Gap |   Cuts   InLp Confl. | LpIters     Time

 J       0       0         0   0.00%   -inf            19.60078716        Large        0      0      0         0     0.5s
 T       0       0         0   0.00%   -0.4415795592   18.12598769      102.44%        0      0      0       629     0.5s
         1       0         1 100.00%   18.12598769     18.12598769        0.00%        0      0      0       629     0.5s

Solving report
  Status            Optimal
  Primal bound      18.1259876869
  Dual bound        18.1259876869
  Gap               0% (tolerance: 0.5%)
  P-D integral      0.0269217960654
  Solution status   feasible
                    18.1259876869 (objective)
                    0 (bound viol.)
                    0 (int. viol.)
                    0 (row viol.)
  Timing            0.48
  Max sub-MIP depth 0
  Nodes             1
  Repair LPs        0
  LP iterations     629
                    0 (strong br.)
                    0 (separation)
                    0 (heuristics)
MIP has 10753 rows; 9409 cols; 25537 nonzeros; 1344 integer variables (1344 binary)
Coefficient ranges:
  Matrix  [2e-01, 2e+00]
  Cost    [1e-02, 6e-02]
  Bound   [1e+00, 1e+00]
  RHS     [6e-05, 4e+00]
WARNING: Problem has some excessively small row bounds
Presolving model
8064 rows, 8562 cols, 22001 nonzeros 0s
6358 rows, 7190 cols, 17583 nonzeros 0s
4505 rows, 5574 cols, 12766 nonzeros 0s
4347 rows, 4147 cols, 9171 nonzeros 0s
2494 rows, 3618 cols, 7463 nonzeros 0s
2190 rows, 3220 cols, 6759 nonzeros 0s
Presolve reductions: rows 2190(-8563); columns 3220(-6189); nonzeros 6759(-18778) 

Solving MIP model with:
   2190 rows
   3220 cols (338 binary, 0 integer, 0 implied int., 2882 continuous, 0 domain fixed)
   6759 nonzeros

Src: B => Branching; C => Central rounding; F => Feasibility pump; H => Heuristic;
     I => Shifting; J => Feasibility jump; L => Sub-MIP; P => Empty MIP; R => Randomized rounding;
     S => Solve LP; T => Evaluate node; U => Unbounded; X => User solution; Y => HiGHS solution;
     Z => ZI Round; l => Trivial lower; p => Trivial point; u => Trivial upper; z => Trivial zero

        Nodes      |    B&B Tree     |            Objective Bounds              |  Dynamic Constraints |       Work      
Src  Proc. InQueue |  Leaves   Expl. | BestBound       BestSol              Gap |   Cuts   InLp Confl. | LpIters     Time

 J       0       0         0   0.00%   -inf            21.20404548        Large        0      0      0         0     0.4s
         0       0         0   0.00%   19.08309942     21.20404548       10.00%        0      0      2       784     0.4s
 C       0       0         0   0.00%   19.13886242     19.13886242        0.00%        0      0      2       812     0.5s
         1       0         1 100.00%   19.13886242     19.13886242        0.00%        0      0      2       812     0.5s

Solving report
  Status            Optimal
  Primal bound      19.1388624204
  Dual bound        19.1388624204
  Gap               0% (tolerance: 0.5%)
  P-D integral      0.0284784580088
  Solution status   feasible
                    19.1388624204 (objective)
                    0 (bound viol.)
                    0 (int. viol.)
                    0 (row viol.)
  Timing            0.50
  Max sub-MIP depth 0
  Nodes             1
  Repair LPs        0
  LP iterations     812
                    0 (strong br.)
                    28 (separation)
                    0 (heuristics)
MIP has 10754 rows; 9409 cols; 25538 nonzeros; 1344 integer variables (1344 binary)
Coefficient ranges:
  Matrix  [2e-01, 2e+00]
  Cost    [1e-02, 6e-02]
  Bound   [1e+00, 1e+00]
  RHS     [6e-05, 4e+00]
WARNING: Problem has some excessively small row bounds
Presolving model
8064 rows, 8561 cols, 22000 nonzeros 0s
6357 rows, 7188 cols, 17580 nonzeros 0s
4491 rows, 5559 cols, 12737 nonzeros 0s
4334 rows, 4111 cols, 9110 nonzeros 0s
2486 rows, 3586 cols, 7423 nonzeros 0s
2148 rows, 3006 cols, 6456 nonzeros 0s
2072 rows, 2873 cols, 6263 nonzeros 0s
Presolve reductions: rows 2072(-8682); columns 2873(-6536); nonzeros 6263(-19275) 

Solving MIP model with:
   2072 rows
   2873 cols (330 binary, 0 integer, 0 implied int., 2543 continuous, 0 domain fixed)
   6263 nonzeros

Src: B => Branching; C => Central rounding; F => Feasibility pump; H => Heuristic;
     I => Shifting; J => Feasibility jump; L => Sub-MIP; P => Empty MIP; R => Randomized rounding;
     S => Solve LP; T => Evaluate node; U => Unbounded; X => User solution; Y => HiGHS solution;
     Z => ZI Round; l => Trivial lower; p => Trivial point; u => Trivial upper; z => Trivial zero

        Nodes      |    B&B Tree     |            Objective Bounds              |  Dynamic Constraints |       Work      
Src  Proc. InQueue |  Leaves   Expl. | BestBound       BestSol              Gap |   Cuts   InLp Confl. | LpIters     Time

         0       0         0   0.00%   5.844661093     inf                  inf        0      0      0         0     0.5s
 T       0       0         0   0.00%   5.844661093     18.84147764       68.98%        0      0      0       719     0.5s
         1       0         1 100.00%   18.84147764     18.84147764        0.00%        0      0      0       719     0.5s

Solving report
  Status            Optimal
  Primal bound      18.8414776406
  Dual bound        18.8414776406
  Gap               0% (tolerance: 0.5%)
  P-D integral      4.26295294788e-05
  Solution status   feasible
                    18.8414776406 (objective)
                    0 (bound viol.)
                    0 (int. viol.)
                    0 (row viol.)
  Timing            0.54
  Max sub-MIP depth 0
  Nodes             1
  Repair LPs        0
  LP iterations     719
                    0 (strong br.)
                    0 (separation)
                    0 (heuristics)
MIP has 10753 rows; 9409 cols; 25537 nonzeros; 1344 integer variables (1344 binary)
Coefficient ranges:
  Matrix  [2e-01, 2e+00]
  Cost    [5e-03, 6e-02]
  Bound   [1e+00, 1e+00]
  RHS     [2e-04, 4e+00]
Presolving model
8064 rows, 8598 cols, 22037 nonzeros 0s
6394 rows, 7262 cols, 17695 nonzeros 0s
4577 rows, 5703 cols, 12983 nonzeros 0s
2620 rows, 3836 cols, 7823 nonzeros 0s
2031 rows, 3306 cols, 6468 nonzeros 0s
1976 rows, 3251 cols, 6358 nonzeros 0s
Presolve reductions: rows 1976(-8777); columns 3251(-6158); nonzeros 6358(-19179) 

Solving MIP model with:
   1976 rows
   3251 cols (283 binary, 0 integer, 0 implied int., 2968 continuous, 0 domain fixed)
   6358 nonzeros

Src: B => Branching; C => Central rounding; F => Feasibility pump; H => Heuristic;
     I => Shifting; J => Feasibility jump; L => Sub-MIP; P => Empty MIP; R => Randomized rounding;
     S => Solve LP; T => Evaluate node; U => Unbounded; X => User solution; Y => HiGHS solution;
     Z => ZI Round; l => Trivial lower; p => Trivial point; u => Trivial upper; z => Trivial zero

        Nodes      |    B&B Tree     |            Objective Bounds              |  Dynamic Constraints |       Work      
Src  Proc. InQueue |  Leaves   Expl. | BestBound       BestSol              Gap |   Cuts   InLp Confl. | LpIters     Time

 J       0       0         0   0.00%   -inf            5.124100223        Large        0      0      0         0     0.4s
 T       0       0         0   0.00%   0.1266172082    4.073564034       96.89%        0      0      0       926     0.5s
         1       0         1 100.00%   4.073564034     4.073564034        0.00%        0      0      0       926     0.5s

Solving report
  Status            Optimal
  Primal bound      4.07356403402
  Dual bound        4.07356403402
  Gap               0% (tolerance: 0.5%)
  P-D integral      0.0234879696914
  Solution status   feasible
                    4.07356403402 (objective)
                    0 (bound viol.)
                    0 (int. viol.)
                    0 (row viol.)
  Timing            0.45
  Max sub-MIP depth 0
  Nodes             1
  Repair LPs        0
  LP iterations     926
                    0 (strong br.)
                    0 (separation)
                    0 (heuristics)
MIP has 10753 rows; 9409 cols; 25537 nonzeros; 1344 integer variables (1344 binary)
Coefficient ranges:
  Matrix  [2e-01, 2e+00]
  Cost    [5e-03, 6e-02]
  Bound   [1e+00, 1e+00]
  RHS     [2e-04, 4e+00]
Presolving model
8064 rows, 8601 cols, 22040 nonzeros 0s
6404 rows, 7275 cols, 17718 nonzeros 0s
4606 rows, 5738 cols, 13047 nonzeros 0s
2650 rows, 3902 cols, 7919 nonzeros 0s
1923 rows, 3234 cols, 6184 nonzeros 0s
1838 rows, 3149 cols, 6014 nonzeros 0s
Presolve reductions: rows 1838(-8915); columns 3149(-6260); nonzeros 6014(-19523) 

Solving MIP model with:
   1838 rows
   3149 cols (257 binary, 0 integer, 0 implied int., 2892 continuous, 0 domain fixed)
   6014 nonzeros

Src: B => Branching; C => Central rounding; F => Feasibility pump; H => Heuristic;
     I => Shifting; J => Feasibility jump; L => Sub-MIP; P => Empty MIP; R => Randomized rounding;
     S => Solve LP; T => Evaluate node; U => Unbounded; X => User solution; Y => HiGHS solution;
     Z => ZI Round; l => Trivial lower; p => Trivial point; u => Trivial upper; z => Trivial zero

        Nodes      |    B&B Tree     |            Objective Bounds              |  Dynamic Constraints |       Work      
Src  Proc. InQueue |  Leaves   Expl. | BestBound       BestSol              Gap |   Cuts   InLp Confl. | LpIters     Time

 J       0       0         0   0.00%   -inf            8.184354492        Large        0      0      0         0     0.4s
 T       0       0         0   0.00%   0.300169492     6.950733161       95.68%        0      0      0       866     0.5s
         1       0         1 100.00%   6.950733161     6.950733161        0.00%        0      0      0       866     0.5s

Solving report
  Status            Optimal
  Primal bound      6.95073316116
  Dual bound        6.95073316116
  Gap               0% (tolerance: 0.5%)
  P-D integral      0.0267073503973
  Solution status   feasible
                    6.95073316116 (objective)
                    0 (bound viol.)
                    0 (int. viol.)
                    0 (row viol.)
  Timing            0.47
  Max sub-MIP depth 0
  Nodes             1
  Repair LPs        0
  LP iterations     866
                    0 (strong br.)
                    0 (separation)
                    0 (heuristics)
MIP has 10753 rows; 9409 cols; 25537 nonzeros; 1344 integer variables (1344 binary)
Coefficient ranges:
  Matrix  [2e-01, 2e+00]
  Cost    [5e-03, 6e-02]
  Bound   [1e+00, 1e+00]
  RHS     [2e-04, 4e+00]
Presolving model
8064 rows, 8609 cols, 22048 nonzeros 0s
6426 rows, 7305 cols, 17770 nonzeros 0s
4652 rows, 5803 cols, 13158 nonzeros 0s
2748 rows, 4036 cols, 8151 nonzeros 0s
1623 rows, 3076 cols, 5406 nonzeros 0s
1463 rows, 2916 cols, 5086 nonzeros 0s
Presolve reductions: rows 1463(-9290); columns 2916(-6493); nonzeros 5086(-20451) 

Solving MIP model with:
   1463 rows
   2916 cols (177 binary, 0 integer, 0 implied int., 2739 continuous, 0 domain fixed)
   5086 nonzeros

Src: B => Branching; C => Central rounding; F => Feasibility pump; H => Heuristic;
     I => Shifting; J => Feasibility jump; L => Sub-MIP; P => Empty MIP; R => Randomized rounding;
     S => Solve LP; T => Evaluate node; U => Unbounded; X => User solution; Y => HiGHS solution;
     Z => ZI Round; l => Trivial lower; p => Trivial point; u => Trivial upper; z => Trivial zero

        Nodes      |    B&B Tree     |            Objective Bounds              |  Dynamic Constraints |       Work      
Src  Proc. InQueue |  Leaves   Expl. | BestBound       BestSol              Gap |   Cuts   InLp Confl. | LpIters     Time

 J       0       0         0   0.00%   -inf            9.393653463        Large        0      0      0         0     0.4s
 T       0       0         0   0.00%   0.6795141425    8.793691822       92.27%        0      0      0       852     0.5s
         1       0         1 100.00%   8.793691822     8.793691822        0.00%        0      0      0       852     0.5s

Solving report
  Status            Optimal
  Primal bound      8.79369182175
  Dual bound        8.79369182175
  Gap               0% (tolerance: 0.5%)
  P-D integral      0.0260709052285
  Solution status   feasible
                    8.79369182175 (objective)
                    0 (bound viol.)
                    0 (int. viol.)
                    0 (row viol.)
  Timing            0.46
  Max sub-MIP depth 0
  Nodes             1
  Repair LPs        0
  LP iterations     852
                    0 (strong br.)
                    0 (separation)
                    0 (heuristics)
MIP has 10753 rows; 9409 cols; 25537 nonzeros; 1344 integer variables (1344 binary)
Coefficient ranges:
  Matrix  [2e-01, 2e+00]
  Cost    [1e-02, 6e-02]
  Bound   [1e+00, 1e+00]
  RHS     [3e-04, 4e+00]
Presolving model
8064 rows, 8617 cols, 22056 nonzeros 0s
6405 rows, 7292 cols, 17736 nonzeros 0s
4609 rows, 5757 cols, 13069 nonzeros 0s
2650 rows, 3904 cols, 7921 nonzeros 0s
1986 rows, 3299 cols, 6352 nonzeros 0s
1910 rows, 3215 cols, 6192 nonzeros 0s
Presolve reductions: rows 1910(-8843); columns 3215(-6194); nonzeros 6192(-19345) 

Solving MIP model with:
   1910 rows
   3215 cols (267 binary, 0 integer, 0 implied int., 2948 continuous, 0 domain fixed)
   6192 nonzeros

Src: B => Branching; C => Central rounding; F => Feasibility pump; H => Heuristic;
     I => Shifting; J => Feasibility jump; L => Sub-MIP; P => Empty MIP; R => Randomized rounding;
     S => Solve LP; T => Evaluate node; U => Unbounded; X => User solution; Y => HiGHS solution;
     Z => ZI Round; l => Trivial lower; p => Trivial point; u => Trivial upper; z => Trivial zero

        Nodes      |    B&B Tree     |            Objective Bounds              |  Dynamic Constraints |       Work      
Src  Proc. InQueue |  Leaves   Expl. | BestBound       BestSol              Gap |   Cuts   InLp Confl. | LpIters     Time

 J       0       0         0   0.00%   -inf            6.522358151        Large        0      0      0         0     0.5s
 T       0       0         0   0.00%   0.1156759732    5.728371307       97.98%        0      0      0       882     0.5s
         1       0         1 100.00%   5.728371307     5.728371307        0.00%        0      0      0       882     0.5s

Solving report
  Status            Optimal
  Primal bound      5.72837130706
  Dual bound        5.72837130706
  Gap               0% (tolerance: 0.5%)
  P-D integral      0.0323044455255
  Solution status   feasible
                    5.72837130706 (objective)
                    0 (bound viol.)
                    0 (int. viol.)
                    0 (row viol.)
  Timing            0.49
  Max sub-MIP depth 0
  Nodes             1
  Repair LPs        0
  LP iterations     882
                    0 (strong br.)
                    0 (separation)
                    0 (heuristics)
MIP has 10753 rows; 9409 cols; 25537 nonzeros; 1344 integer variables (1344 binary)
Coefficient ranges:
  Matrix  [2e-01, 2e+00]
  Cost    [1e-02, 6e-02]
  Bound   [1e+00, 1e+00]
  RHS     [3e-04, 4e+00]
Presolving model
8064 rows, 8611 cols, 22050 nonzeros 0s
6364 rows, 7245 cols, 17648 nonzeros 0s
4510 rows, 5632 cols, 12845 nonzeros 0s
2803 rows, 3889 cols, 8303 nonzeros 0s
2541 rows, 3544 cols, 7696 nonzeros 0s
Presolve reductions: rows 2541(-8212); columns 3544(-5865); nonzeros 7696(-17841) 

Solving MIP model with:
   2541 rows
   3544 cols (403 binary, 0 integer, 0 implied int., 3141 continuous, 0 domain fixed)
   7696 nonzeros

Src: B => Branching; C => Central rounding; F => Feasibility pump; H => Heuristic;
     I => Shifting; J => Feasibility jump; L => Sub-MIP; P => Empty MIP; R => Randomized rounding;
     S => Solve LP; T => Evaluate node; U => Unbounded; X => User solution; Y => HiGHS solution;
     Z => ZI Round; l => Trivial lower; p => Trivial point; u => Trivial upper; z => Trivial zero

        Nodes      |    B&B Tree     |            Objective Bounds              |  Dynamic Constraints |       Work      
Src  Proc. InQueue |  Leaves   Expl. | BestBound       BestSol              Gap |   Cuts   InLp Confl. | LpIters     Time

 J       0       0         0   0.00%   -inf            2.589152841        Large        0      0      0         0     0.4s
 T       0       0         0   0.00%   -0.8126172793   1.48133954       154.86%        0      0      0       941     0.5s
         1       0         1 100.00%   1.48133954      1.48133954         0.00%        0      0      0       941     0.5s

Solving report
  Status            Optimal
  Primal bound      1.48133953956
  Dual bound        1.48133953956
  Gap               0% (tolerance: 0.5%)
  P-D integral      0.0401934438197
  Solution status   feasible
                    1.48133953956 (objective)
                    0 (bound viol.)
                    0 (int. viol.)
                    0 (row viol.)
  Timing            0.46
  Max sub-MIP depth 0
  Nodes             1
  Repair LPs        0
  LP iterations     941
                    0 (strong br.)
                    0 (separation)
                    0 (heuristics)
MIP has 10753 rows; 9409 cols; 25537 nonzeros; 1344 integer variables (1344 binary)
Coefficient ranges:
  Matrix  [2e-01, 2e+00]
  Cost    [1e-02, 6e-02]
  Bound   [1e+00, 1e+00]
  RHS     [3e-04, 4e+00]
Presolving model
8064 rows, 8635 cols, 22074 nonzeros 0s
6348 rows, 7253 cols, 17640 nonzeros 0s
4473 rows, 5605 cols, 12781 nonzeros 0s
3068 rows, 4088 cols, 8987 nonzeros 0s
2880 rows, 3900 cols, 8611 nonzeros 0s
Presolve reductions: rows 2880(-7873); columns 3900(-5509); nonzeros 8611(-16926) 

Solving MIP model with:
   2880 rows
   3900 cols (458 binary, 0 integer, 0 implied int., 3442 continuous, 0 domain fixed)
   8611 nonzeros

Src: B => Branching; C => Central rounding; F => Feasibility pump; H => Heuristic;
     I => Shifting; J => Feasibility jump; L => Sub-MIP; P => Empty MIP; R => Randomized rounding;
     S => Solve LP; T => Evaluate node; U => Unbounded; X => User solution; Y => HiGHS solution;
     Z => ZI Round; l => Trivial lower; p => Trivial point; u => Trivial upper; z => Trivial zero

        Nodes      |    B&B Tree     |            Objective Bounds              |  Dynamic Constraints |       Work      
Src  Proc. InQueue |  Leaves   Expl. | BestBound       BestSol              Gap |   Cuts   InLp Confl. | LpIters     Time

 J       0       0         0   0.00%   -inf            1.286953984        Large        0      0      0         0     0.4s
 T       0       0         0   0.00%   -1.916143177    -0.2530374892    657.26%        0      0      0      1084     0.5s
         1       0         1 100.00%   -0.2530374892   -0.2530374892      0.00%        0      0      0      1084     0.5s

Solving report
  Status            Optimal
  Primal bound      -0.253037489207
  Dual bound        -0.253037489207
  Gap               0% (tolerance: 0.5%)
  P-D integral      0.0880338539222
  Solution status   feasible
                    -0.253037489207 (objective)
                    0 (bound viol.)
                    0 (int. viol.)
                    0 (row viol.)
  Timing            0.45
  Max sub-MIP depth 0
  Nodes             1
  Repair LPs        0
  LP iterations     1084
                    0 (strong br.)
                    0 (separation)
                    0 (heuristics)
MIP has 10753 rows; 9409 cols; 25537 nonzeros; 1344 integer variables (1344 binary)
Coefficient ranges:
  Matrix  [2e-01, 2e+00]
  Cost    [1e-02, 6e-02]
  Bound   [1e+00, 1e+00]
  RHS     [3e-04, 4e+00]
Presolving model
8064 rows, 8674 cols, 22113 nonzeros 0s
6362 rows, 7306 cols, 17707 nonzeros 0s
4507 rows, 5686 cols, 12896 nonzeros 0s
3083 rows, 4195 cols, 9073 nonzeros 0s
2881 rows, 3993 cols, 8669 nonzeros 0s
Presolve reductions: rows 2881(-7872); columns 3993(-5416); nonzeros 8669(-16868) 

Solving MIP model with:
   2881 rows
   3993 cols (449 binary, 0 integer, 0 implied int., 3544 continuous, 0 domain fixed)
   8669 nonzeros

Src: B => Branching; C => Central rounding; F => Feasibility pump; H => Heuristic;
     I => Shifting; J => Feasibility jump; L => Sub-MIP; P => Empty MIP; R => Randomized rounding;
     S => Solve LP; T => Evaluate node; U => Unbounded; X => User solution; Y => HiGHS solution;
     Z => ZI Round; l => Trivial lower; p => Trivial point; u => Trivial upper; z => Trivial zero

        Nodes      |    B&B Tree     |            Objective Bounds              |  Dynamic Constraints |       Work      
Src  Proc. InQueue |  Leaves   Expl. | BestBound       BestSol              Gap |   Cuts   InLp Confl. | LpIters     Time

 J       0       0         0   0.00%   -inf            2.568465094        Large        0      0      0         0     0.4s
 T       0       0         0   0.00%   -1.87340153     0.6656265069     381.45%        0      0      0      1127     0.4s
         1       0         1 100.00%   0.6656265069    0.6656265069       0.00%        0      0      0      1127     0.4s

Solving report
  Status            Optimal
  Primal bound      0.665626506912
  Dual bound        0.665626506912
  Gap               0% (tolerance: 0.5%)
  P-D integral      0.053964148849
  Solution status   feasible
                    0.665626506912 (objective)
                    0 (bound viol.)
                    0 (int. viol.)
                    0 (row viol.)
  Timing            0.45
  Max sub-MIP depth 0
  Nodes             1
  Repair LPs        0
  LP iterations     1127
                    0 (strong br.)
                    0 (separation)
                    0 (heuristics)
MIP has 10753 rows; 9409 cols; 25537 nonzeros; 1344 integer variables (1344 binary)
Coefficient ranges:
  Matrix  [2e-01, 2e+00]
  Cost    [5e-03, 6e-02]
  Bound   [1e+00, 1e+00]
  RHS     [1e-04, 4e+00]
WARNING: Problem has some excessively small row bounds
Presolving model
8064 rows, 8692 cols, 22131 nonzeros 0s
6356 rows, 7318 cols, 17713 nonzeros 0s
4496 rows, 5688 cols, 12887 nonzeros 0s
3228 rows, 4294 cols, 9441 nonzeros 0s
3061 rows, 4127 cols, 9107 nonzeros 0s
Presolve reductions: rows 3061(-7692); columns 4127(-5282); nonzeros 9107(-16430) 

Solving MIP model with:
   3061 rows
   4127 cols (480 binary, 0 integer, 0 implied int., 3647 continuous, 0 domain fixed)
   9107 nonzeros

Src: B => Branching; C => Central rounding; F => Feasibility pump; H => Heuristic;
     I => Shifting; J => Feasibility jump; L => Sub-MIP; P => Empty MIP; R => Randomized rounding;
     S => Solve LP; T => Evaluate node; U => Unbounded; X => User solution; Y => HiGHS solution;
     Z => ZI Round; l => Trivial lower; p => Trivial point; u => Trivial upper; z => Trivial zero

        Nodes      |    B&B Tree     |            Objective Bounds              |  Dynamic Constraints |       Work      
Src  Proc. InQueue |  Leaves   Expl. | BestBound       BestSol              Gap |   Cuts   InLp Confl. | LpIters     Time

 J       0       0         0   0.00%   -inf            2.19150339         Large        0      0      0         0     0.4s
 T       0       0         0   0.00%   -2.017127728    0.3393423074     694.42%        0      0      0      1179     0.4s
         1       0         1 100.00%   0.3393423074    0.3393423074       0.00%        0      0      0      1179     0.4s

Solving report
  Status            Optimal
  Primal bound      0.339342307397
  Dual bound        0.339342307397
  Gap               0% (tolerance: 0.5%)
  P-D integral      0.0683857310696
  Solution status   feasible
                    0.339342307397 (objective)
                    0 (bound viol.)
                    0 (int. viol.)
                    0 (row viol.)
  Timing            0.44
  Max sub-MIP depth 0
  Nodes             1
  Repair LPs        0
  LP iterations     1179
                    0 (strong br.)
                    0 (separation)
                    0 (heuristics)
MIP has 10753 rows; 9409 cols; 25537 nonzeros; 1344 integer variables (1344 binary)
Coefficient ranges:
  Matrix  [2e-01, 2e+00]
  Cost    [5e-03, 6e-02]
  Bound   [1e+00, 1e+00]
  RHS     [1e-04, 4e+00]
WARNING: Problem has some excessively small row bounds
Presolving model
8064 rows, 8707 cols, 22146 nonzeros 0s
6358 rows, 7335 cols, 17732 nonzeros 0s
4502 rows, 5705 cols, 12910 nonzeros 0s
3272 rows, 4346 cols, 9561 nonzeros 0s
3107 rows, 4181 cols, 9231 nonzeros 0s
Presolve reductions: rows 3107(-7646); columns 4181(-5228); nonzeros 9231(-16306) 

Solving MIP model with:
   3107 rows
   4181 cols (486 binary, 0 integer, 0 implied int., 3695 continuous, 0 domain fixed)
   9231 nonzeros

Src: B => Branching; C => Central rounding; F => Feasibility pump; H => Heuristic;
     I => Shifting; J => Feasibility jump; L => Sub-MIP; P => Empty MIP; R => Randomized rounding;
     S => Solve LP; T => Evaluate node; U => Unbounded; X => User solution; Y => HiGHS solution;
     Z => ZI Round; l => Trivial lower; p => Trivial point; u => Trivial upper; z => Trivial zero

        Nodes      |    B&B Tree     |            Objective Bounds              |  Dynamic Constraints |       Work      
Src  Proc. InQueue |  Leaves   Expl. | BestBound       BestSol              Gap |   Cuts   InLp Confl. | LpIters     Time

 J       0       0         0   0.00%   -inf            2.312924805        Large        0      0      0         0     0.4s
 T       0       0         0   0.00%   -2.145046528    0.1080265469    2085.67%        0      0      0      1209     0.5s
         1       0         1 100.00%   0.1080265469    0.1080265469       0.00%        0      0      0      1209     0.5s

Solving report
  Status            Optimal
  Primal bound      0.108026546868
  Dual bound        0.108026546868
  Gap               0% (tolerance: 0.5%)
  P-D integral      0.0763422878032
  Solution status   feasible
                    0.108026546868 (objective)
                    0 (bound viol.)
                    0 (int. viol.)
                    0 (row viol.)
  Timing            0.46
  Max sub-MIP depth 0
  Nodes             1
  Repair LPs        0
  LP iterations     1209
                    0 (strong br.)
                    0 (separation)
                    0 (heuristics)
MIP has 10753 rows; 9409 cols; 25537 nonzeros; 1344 integer variables (1344 binary)
Coefficient ranges:
  Matrix  [2e-01, 2e+00]
  Cost    [1e-02, 6e-02]
  Bound   [1e+00, 1e+00]
  RHS     [3e-04, 4e+00]
Presolving model
8064 rows, 8724 cols, 22163 nonzeros 0s
6356 rows, 7350 cols, 17745 nonzeros 0s
4490 rows, 5706 cols, 12899 nonzeros 0s
3384 rows, 4432 cols, 9863 nonzeros 0s
3237 rows, 4285 cols, 9569 nonzeros 0s
Presolve reductions: rows 3237(-7516); columns 4285(-5124); nonzeros 9569(-15968) 

Solving MIP model with:
   3237 rows
   4285 cols (512 binary, 0 integer, 0 implied int., 3773 continuous, 0 domain fixed)
   9569 nonzeros

Src: B => Branching; C => Central rounding; F => Feasibility pump; H => Heuristic;
     I => Shifting; J => Feasibility jump; L => Sub-MIP; P => Empty MIP; R => Randomized rounding;
     S => Solve LP; T => Evaluate node; U => Unbounded; X => User solution; Y => HiGHS solution;
     Z => ZI Round; l => Trivial lower; p => Trivial point; u => Trivial upper; z => Trivial zero

        Nodes      |    B&B Tree     |            Objective Bounds              |  Dynamic Constraints |       Work      
Src  Proc. InQueue |  Leaves   Expl. | BestBound       BestSol              Gap |   Cuts   InLp Confl. | LpIters     Time

 J       0       0         0   0.00%   -inf            1.271396518        Large        0      0      0         0     0.4s
 T       0       0         0   0.00%   -3.125321766    -1.114160314     180.51%        0      0      0      1230     0.4s
         1       0         1 100.00%   -1.114160314    -1.114160314       0.00%        0      0      0      1230     0.5s

Solving report
  Status            Optimal
  Primal bound      -1.11416031429
  Dual bound        -1.11416031429
  Gap               0% (tolerance: 0.5%)
  P-D integral      0.118365898739
  Solution status   feasible
                    -1.11416031429 (objective)
                    0 (bound viol.)
                    0 (int. viol.)
                    0 (row viol.)
  Timing            0.45
  Max sub-MIP depth 0
  Nodes             1
  Repair LPs        0
  LP iterations     1230
                    0 (strong br.)
                    0 (separation)
                    0 (heuristics)
MIP has 10753 rows; 9409 cols; 25537 nonzeros; 1344 integer variables (1344 binary)
Coefficient ranges:
  Matrix  [2e-01, 2e+00]
  Cost    [1e-02, 6e-02]
  Bound   [1e+00, 1e+00]
  RHS     [2e-04, 4e+00]
Presolving model
8064 rows, 8744 cols, 22183 nonzeros 0s
6348 rows, 7362 cols, 17749 nonzeros 0s
4471 rows, 5704 cols, 12878 nonzeros 0s
3574 rows, 4598 cols, 10379 nonzeros 0s
3456 rows, 4480 cols, 10143 nonzeros 0s
Presolve reductions: rows 3456(-7297); columns 4480(-4929); nonzeros 10143(-15394) 

Solving MIP model with:
   3456 rows
   4480 cols (552 binary, 0 integer, 0 implied int., 3928 continuous, 0 domain fixed)
   10143 nonzeros

Src: B => Branching; C => Central rounding; F => Feasibility pump; H => Heuristic;
     I => Shifting; J => Feasibility jump; L => Sub-MIP; P => Empty MIP; R => Randomized rounding;
     S => Solve LP; T => Evaluate node; U => Unbounded; X => User solution; Y => HiGHS solution;
     Z => ZI Round; l => Trivial lower; p => Trivial point; u => Trivial upper; z => Trivial zero

        Nodes      |    B&B Tree     |            Objective Bounds              |  Dynamic Constraints |       Work      
Src  Proc. InQueue |  Leaves   Expl. | BestBound       BestSol              Gap |   Cuts   InLp Confl. | LpIters     Time

 J       0       0         0   0.00%   -inf            0.5270677122       Large        0      0      0         0     0.4s
 T       0       0         0   0.00%   -4.113978906    -2.417840177      70.15%        0      0      0      1279     0.5s
         1       0         1 100.00%   -2.417840177    -2.417840177       0.00%        0      0      0      1279     0.5s

Solving report
  Status            Optimal
  Primal bound      -2.41784017668
  Dual bound        -2.41784017668
  Gap               0% (tolerance: 0.5%)
  P-D integral      0.381662755632
  Solution status   feasible
                    -2.41784017668 (objective)
                    0 (bound viol.)
                    0 (int. viol.)
                    0 (row viol.)
  Timing            0.47
  Max sub-MIP depth 0
  Nodes             1
  Repair LPs        0
  LP iterations     1279
                    0 (strong br.)
                    0 (separation)
                    0 (heuristics)
MIP has 10753 rows; 9409 cols; 25537 nonzeros; 1344 integer variables (1344 binary)
Coefficient ranges:
  Matrix  [2e-01, 2e+00]
  Cost    [1e-02, 6e-02]
  Bound   [1e+00, 1e+00]
  RHS     [2e-04, 4e+00]
Presolving model
8064 rows, 8764 cols, 22203 nonzeros 0s
6348 rows, 7382 cols, 17769 nonzeros 0s
4467 rows, 5714 cols, 12884 nonzeros 0s
3690 rows, 4693 cols, 10686 nonzeros 0s
3598 rows, 4601 cols, 10502 nonzeros 0s
Presolve reductions: rows 3598(-7155); columns 4601(-4808); nonzeros 10502(-15035) 

Solving MIP model with:
   3598 rows
   4601 cols (576 binary, 0 integer, 0 implied int., 4025 continuous, 0 domain fixed)
   10502 nonzeros

Src: B => Branching; C => Central rounding; F => Feasibility pump; H => Heuristic;
     I => Shifting; J => Feasibility jump; L => Sub-MIP; P => Empty MIP; R => Randomized rounding;
     S => Solve LP; T => Evaluate node; U => Unbounded; X => User solution; Y => HiGHS solution;
     Z => ZI Round; l => Trivial lower; p => Trivial point; u => Trivial upper; z => Trivial zero

        Nodes      |    B&B Tree     |            Objective Bounds              |  Dynamic Constraints |       Work      
Src  Proc. InQueue |  Leaves   Expl. | BestBound       BestSol              Gap |   Cuts   InLp Confl. | LpIters     Time

 J       0       0         0   0.00%   -inf            -0.0253880675      Large        0      0      0         0     0.4s
 T       0       0         0   0.00%   -4.454745044    -2.861867971      55.66%        0      0      0      1325     0.5s
         1       0         1 100.00%   -2.861867971    -2.861867971       0.00%        0      0      0      1325     0.5s

Solving report
  Status            Optimal
  Primal bound      -2.86186797125
  Dual bound        -2.86186797125
  Gap               0% (tolerance: 0.5%)
  P-D integral      7.32698756654
  Solution status   feasible
                    -2.86186797125 (objective)
                    0 (bound viol.)
                    0 (int. viol.)
                    0 (row viol.)
  Timing            0.49
  Max sub-MIP depth 0
  Nodes             1
  Repair LPs        0
  LP iterations     1325
                    0 (strong br.)
                    0 (separation)
                    0 (heuristics)
MIP has 10753 rows; 9409 cols; 25537 nonzeros; 1344 integer variables (1344 binary)
Coefficient ranges:
  Matrix  [2e-01, 2e+00]
  Cost    [1e-02, 6e-02]
  Bound   [1e+00, 1e+00]
  RHS     [3e-04, 4e+00]
Presolving model
8064 rows, 8776 cols, 22215 nonzeros 0s
6351 rows, 7397 cols, 17787 nonzeros 0s
4492 rows, 5754 cols, 12949 nonzeros 0s
3683 rows, 4716 cols, 10678 nonzeros 0s
3586 rows, 4619 cols, 10484 nonzeros 0s
Presolve reductions: rows 3586(-7167); columns 4619(-4790); nonzeros 10484(-15053) 

Solving MIP model with:
   3586 rows
   4619 cols (570 binary, 0 integer, 0 implied int., 4049 continuous, 0 domain fixed)
   10484 nonzeros

Src: B => Branching; C => Central rounding; F => Feasibility pump; H => Heuristic;
     I => Shifting; J => Feasibility jump; L => Sub-MIP; P => Empty MIP; R => Randomized rounding;
     S => Solve LP; T => Evaluate node; U => Unbounded; X => User solution; Y => HiGHS solution;
     Z => ZI Round; l => Trivial lower; p => Trivial point; u => Trivial upper; z => Trivial zero

        Nodes      |    B&B Tree     |            Objective Bounds              |  Dynamic Constraints |       Work      
Src  Proc. InQueue |  Leaves   Expl. | BestBound       BestSol              Gap |   Cuts   InLp Confl. | LpIters     Time

 J       0       0         0   0.00%   -inf            0.6782989662       Large        0      0      0         0     0.4s
 T       0       0         0   0.00%   -3.83700535     -2.191332927      75.10%        0      0      0      1347     0.5s
         1       0         1 100.00%   -2.191332927    -2.191332927       0.00%        0      0      0      1347     0.5s

Solving report
  Status            Optimal
  Primal bound      -2.19133292698
  Dual bound        -2.19133292698
  Gap               0% (tolerance: 0.5%)
  P-D integral      0.269053824722
  Solution status   feasible
                    -2.19133292698 (objective)
                    0 (bound viol.)
                    0 (int. viol.)
                    0 (row viol.)
  Timing            0.49
  Max sub-MIP depth 0
  Nodes             1
  Repair LPs        0
  LP iterations     1347
                    0 (strong br.)
                    0 (separation)
                    0 (heuristics)
MIP has 10753 rows; 9409 cols; 25537 nonzeros; 1344 integer variables (1344 binary)
Coefficient ranges:
  Matrix  [2e-01, 2e+00]
  Cost    [1e-02, 6e-02]
  Bound   [1e+00, 1e+00]
  RHS     [6e-04, 4e+00]
Presolving model
8064 rows, 8786 cols, 22225 nonzeros 0s
6349 rows, 7405 cols, 17793 nonzeros 0s
4474 rows, 5739 cols, 12916 nonzeros 0s
3731 rows, 4757 cols, 10799 nonzeros 0s
3640 rows, 4666 cols, 10617 nonzeros 0s
Presolve reductions: rows 3640(-7113); columns 4666(-4743); nonzeros 10617(-14920) 

Solving MIP model with:
   3640 rows
   4666 cols (578 binary, 0 integer, 0 implied int., 4088 continuous, 0 domain fixed)
   10617 nonzeros

Src: B => Branching; C => Central rounding; F => Feasibility pump; H => Heuristic;
     I => Shifting; J => Feasibility jump; L => Sub-MIP; P => Empty MIP; R => Randomized rounding;
     S => Solve LP; T => Evaluate node; U => Unbounded; X => User solution; Y => HiGHS solution;
     Z => ZI Round; l => Trivial lower; p => Trivial point; u => Trivial upper; z => Trivial zero

        Nodes      |    B&B Tree     |            Objective Bounds              |  Dynamic Constraints |       Work      
Src  Proc. InQueue |  Leaves   Expl. | BestBound       BestSol              Gap |   Cuts   InLp Confl. | LpIters     Time

 J       0       0         0   0.00%   -inf            0.630499996        Large        0      0      0         0     0.4s
 T       0       0         0   0.00%   -3.432294754    -1.796402705      91.06%        0      0      0      1377     0.5s
         1       0         1 100.00%   -1.796402705    -1.796402705       0.00%        0      0      0      1377     0.5s

Solving report
  Status            Optimal
  Primal bound      -1.79640270452
  Dual bound        -1.79640270452
  Gap               0% (tolerance: 0.5%)
  P-D integral      0.269477560303
  Solution status   feasible
                    -1.79640270452 (objective)
                    0 (bound viol.)
                    0 (int. viol.)
                    0 (row viol.)
  Timing            0.49
  Max sub-MIP depth 0
  Nodes             1
  Repair LPs        0
  LP iterations     1377
                    0 (strong br.)
                    0 (separation)
                    0 (heuristics)
MIP has 10753 rows; 9409 cols; 25537 nonzeros; 1344 integer variables (1344 binary)
Coefficient ranges:
  Matrix  [2e-01, 2e+00]
  Cost    [1e-02, 6e-02]
  Bound   [1e+00, 1e+00]
  RHS     [5e-04, 4e+00]
Presolving model
8064 rows, 8808 cols, 22247 nonzeros 0s
6345 rows, 7423 cols, 17807 nonzeros 0s
4467 rows, 5755 cols, 12925 nonzeros 0s
3870 rows, 4854 cols, 11203 nonzeros 0s
Presolve reductions: rows 3870(-6883); columns 4854(-4555); nonzeros 11203(-14334) 

Solving MIP model with:
   3870 rows
   4854 cols (620 binary, 0 integer, 0 implied int., 4234 continuous, 0 domain fixed)
   11203 nonzeros

Src: B => Branching; C => Central rounding; F => Feasibility pump; H => Heuristic;
     I => Shifting; J => Feasibility jump; L => Sub-MIP; P => Empty MIP; R => Randomized rounding;
     S => Solve LP; T => Evaluate node; U => Unbounded; X => User solution; Y => HiGHS solution;
     Z => ZI Round; l => Trivial lower; p => Trivial point; u => Trivial upper; z => Trivial zero

        Nodes      |    B&B Tree     |            Objective Bounds              |  Dynamic Constraints |       Work      
Src  Proc. InQueue |  Leaves   Expl. | BestBound       BestSol              Gap |   Cuts   InLp Confl. | LpIters     Time

         0       0         0   0.00%   -3.907527285    inf                  inf        0      0      0         0     0.5s
 T       0       0         0   0.00%   -3.907527285    -2.460382118      58.82%        0      0      0      1435     0.5s
         1       0         1 100.00%   -2.460382118    -2.460382118       0.00%        0      0      0      1435     0.5s

Solving report
  Status            Optimal
  Primal bound      -2.46038211811
  Dual bound        -2.46038211811
  Gap               0% (tolerance: 0.5%)
  P-D integral      5.37007434881e-05
  Solution status   feasible
                    -2.46038211811 (objective)
                    0 (bound viol.)
                    0 (int. viol.)
                    0 (row viol.)
  Timing            0.51
  Max sub-MIP depth 0
  Nodes             1
  Repair LPs        0
  LP iterations     1435
                    0 (strong br.)
                    0 (separation)
                    0 (heuristics)
MIP has 10753 rows; 9409 cols; 25537 nonzeros; 1344 integer variables (1344 binary)
Coefficient ranges:
  Matrix  [2e-01, 2e+00]
  Cost    [1e-02, 6e-02]
  Bound   [1e+00, 1e+00]
  RHS     [3e-04, 4e+00]
Presolving model
8064 rows, 8828 cols, 22267 nonzeros 0s
6339 rows, 7437 cols, 17815 nonzeros 0s
4473 rows, 5768 cols, 12944 nonzeros 0s
3944 rows, 4937 cols, 11400 nonzeros 0s
Presolve reductions: rows 3944(-6809); columns 4937(-4472); nonzeros 11400(-14137) 

Solving MIP model with:
   3944 rows
   4937 cols (630 binary, 0 integer, 0 implied int., 4307 continuous, 0 domain fixed)
   11400 nonzeros

Src: B => Branching; C => Central rounding; F => Feasibility pump; H => Heuristic;
     I => Shifting; J => Feasibility jump; L => Sub-MIP; P => Empty MIP; R => Randomized rounding;
     S => Solve LP; T => Evaluate node; U => Unbounded; X => User solution; Y => HiGHS solution;
     Z => ZI Round; l => Trivial lower; p => Trivial point; u => Trivial upper; z => Trivial zero

        Nodes      |    B&B Tree     |            Objective Bounds              |  Dynamic Constraints |       Work      
Src  Proc. InQueue |  Leaves   Expl. | BestBound       BestSol              Gap |   Cuts   InLp Confl. | LpIters     Time

 J       0       0         0   0.00%   -inf            0.3269520676       Large        0      0      0         0     0.4s
 T       0       0         0   0.00%   -4.512971639    -2.963359401      52.29%        0      0      0      1479     0.5s
         1       0         1 100.00%   -2.963359401    -2.963359401       0.00%        0      0      0      1479     0.5s

Solving report
  Status            Optimal
  Primal bound      -2.96335940144
  Dual bound        -2.96335940144
  Gap               0% (tolerance: 0.5%)
  P-D integral      0.858679536877
  Solution status   feasible
                    -2.96335940144 (objective)
                    0 (bound viol.)
                    0 (int. viol.)
                    0 (row viol.)
  Timing            0.51
  Max sub-MIP depth 0
  Nodes             1
  Repair LPs        0
  LP iterations     1479
                    0 (strong br.)
                    0 (separation)
                    0 (heuristics)
MIP has 10753 rows; 9409 cols; 25537 nonzeros; 1344 integer variables (1344 binary)
Coefficient ranges:
  Matrix  [2e-01, 2e+00]
  Cost    [1e-02, 6e-02]
  Bound   [1e+00, 1e+00]
  RHS     [3e-04, 4e+00]
Presolving model
8064 rows, 8843 cols, 22282 nonzeros 0s
6345 rows, 7458 cols, 17842 nonzeros 0s
4464 rows, 5781 cols, 12948 nonzeros 0s
4042 rows, 5028 cols, 11661 nonzeros 0s
Presolve reductions: rows 4042(-6711); columns 5028(-4381); nonzeros 11661(-13876) 

Solving MIP model with:
   4042 rows
   5028 cols (648 binary, 0 integer, 0 implied int., 4380 continuous, 0 domain fixed)
   11661 nonzeros

Src: B => Branching; C => Central rounding; F => Feasibility pump; H => Heuristic;
     I => Shifting; J => Feasibility jump; L => Sub-MIP; P => Empty MIP; R => Randomized rounding;
     S => Solve LP; T => Evaluate node; U => Unbounded; X => User solution; Y => HiGHS solution;
     Z => ZI Round; l => Trivial lower; p => Trivial point; u => Trivial upper; z => Trivial zero

        Nodes      |    B&B Tree     |            Objective Bounds              |  Dynamic Constraints |       Work      
Src  Proc. InQueue |  Leaves   Expl. | BestBound       BestSol              Gap |   Cuts   InLp Confl. | LpIters     Time

 J       0       0         0   0.00%   -inf            -0.791792187       Large        0      0      0         0     0.5s
 T       0       0         0   0.00%   -5.720540677    -4.182930909      36.76%        0      0      0      1491     0.5s
         1       0         1 100.00%   -4.182930909    -4.182930909       0.00%        0      0      0      1491     0.5s

Solving report
  Status            Optimal
  Primal bound      -4.18293090886
  Dual bound        -4.18293090886
  Gap               0% (tolerance: 0.5%)
  P-D integral      0.334500097296
  Solution status   feasible
                    -4.18293090886 (objective)
                    0 (bound viol.)
                    0 (int. viol.)
                    0 (row viol.)
  Timing            0.54
  Max sub-MIP depth 0
  Nodes             1
  Repair LPs        0
  LP iterations     1491
                    0 (strong br.)
                    0 (separation)
                    0 (heuristics)
MIP has 10753 rows; 9409 cols; 25537 nonzeros; 1344 integer variables (1344 binary)
Coefficient ranges:
  Matrix  [2e-01, 2e+00]
  Cost    [1e-02, 6e-02]
  Bound   [1e+00, 1e+00]
  RHS     [3e-04, 4e+00]
Presolving model
8064 rows, 8854 cols, 22293 nonzeros 0s
6347 rows, 7471 cols, 17857 nonzeros 0s
4471 rows, 5801 cols, 12975 nonzeros 0s
4037 rows, 5045 cols, 11661 nonzeros 0s
Presolve reductions: rows 4037(-6716); columns 5045(-4364); nonzeros 11661(-13876) 

Solving MIP model with:
   4037 rows
   5045 cols (645 binary, 0 integer, 0 implied int., 4400 continuous, 0 domain fixed)
   11661 nonzeros

Src: B => Branching; C => Central rounding; F => Feasibility pump; H => Heuristic;
     I => Shifting; J => Feasibility jump; L => Sub-MIP; P => Empty MIP; R => Randomized rounding;
     S => Solve LP; T => Evaluate node; U => Unbounded; X => User solution; Y => HiGHS solution;
     Z => ZI Round; l => Trivial lower; p => Trivial point; u => Trivial upper; z => Trivial zero

        Nodes      |    B&B Tree     |            Objective Bounds              |  Dynamic Constraints |       Work      
Src  Proc. InQueue |  Leaves   Expl. | BestBound       BestSol              Gap |   Cuts   InLp Confl. | LpIters     Time

 J       0       0         0   0.00%   -inf            -0.1269774279      Large        0      0      0         0     0.5s
 T       0       0         0   0.00%   -5.572389006    -4.086805662      36.35%        0      0      0      1504     0.5s
         1       0         1 100.00%   -4.086805662    -4.086805662       0.00%        0      0      0      1504     0.5s

Solving report
  Status            Optimal
  Primal bound      -4.0868056619
  Dual bound        -4.0868056619
  Gap               0% (tolerance: 0.5%)
  P-D integral      2.29970453121
  Solution status   feasible
                    -4.0868056619 (objective)
                    0 (bound viol.)
                    0 (int. viol.)
                    0 (row viol.)
  Timing            0.52
  Max sub-MIP depth 0
  Nodes             1
  Repair LPs        0
  LP iterations     1504
                    0 (strong br.)
                    0 (separation)
                    0 (heuristics)
MIP has 10753 rows; 9409 cols; 25537 nonzeros; 1344 integer variables (1344 binary)
Coefficient ranges:
  Matrix  [2e-01, 2e+00]
  Cost    [1e-02, 6e-02]
  Bound   [1e+00, 1e+00]
  RHS     [4e-04, 4e+00]
Presolving model
8064 rows, 8869 cols, 22308 nonzeros 0s
6352 rows, 7491 cols, 17882 nonzeros 0s
4480 rows, 5829 cols, 13012 nonzeros 0s
4236 rows, 5228 cols, 12167 nonzeros 0s
Presolve reductions: rows 4236(-6517); columns 5228(-4181); nonzeros 12167(-13370) 

Solving MIP model with:
   4236 rows
   5228 cols (676 binary, 0 integer, 0 implied int., 4552 continuous, 0 domain fixed)
   12167 nonzeros

Src: B => Branching; C => Central rounding; F => Feasibility pump; H => Heuristic;
     I => Shifting; J => Feasibility jump; L => Sub-MIP; P => Empty MIP; R => Randomized rounding;
     S => Solve LP; T => Evaluate node; U => Unbounded; X => User solution; Y => HiGHS solution;
     Z => ZI Round; l => Trivial lower; p => Trivial point; u => Trivial upper; z => Trivial zero

        Nodes      |    B&B Tree     |            Objective Bounds              |  Dynamic Constraints |       Work      
Src  Proc. InQueue |  Leaves   Expl. | BestBound       BestSol              Gap |   Cuts   InLp Confl. | LpIters     Time

         0       0         0   0.00%   -6.70626969     inf                  inf        0      0      0         0     0.5s
         0       0         0   0.00%   -4.259711118    inf                  inf        0      0      2      1672     0.5s
 R       0       0         0   0.00%   -4.259711118    -4.259711118       0.00%        0      0      2      1692     0.6s
         1       0         1 100.00%   -4.259711118    -4.259711118       0.00%        0      0      2      1692     0.6s

Solving report
  Status            Optimal
  Primal bound      -4.25971111761
  Dual bound        -4.25971111761
  Gap               0% (tolerance: 0.5%)
  P-D integral      0
  Solution status   feasible
                    -4.25971111761 (objective)
                    0 (bound viol.)
                    0 (int. viol.)
                    0 (row viol.)
  Timing            0.57
  Max sub-MIP depth 0
  Nodes             1
  Repair LPs        0
  LP iterations     1692
                    0 (strong br.)
                    20 (separation)
                    0 (heuristics)
MIP has 10753 rows; 9409 cols; 25537 nonzeros; 1344 integer variables (1344 binary)
Coefficient ranges:
  Matrix  [2e-01, 2e+00]
  Cost    [1e-02, 6e-02]
  Bound   [1e+00, 1e+00]
  RHS     [4e-04, 4e+00]
Presolving model
8064 rows, 8887 cols, 22326 nonzeros 0s
6347 rows, 7504 cols, 17890 nonzeros 0s
4510 rows, 5860 cols, 13105 nonzeros 0s
4261 rows, 5261 cols, 12257 nonzeros 0s
Presolve reductions: rows 4261(-6492); columns 5261(-4148); nonzeros 12257(-13280) 

Solving MIP model with:
   4261 rows
   5261 cols (684 binary, 0 integer, 0 implied int., 4577 continuous, 0 domain fixed)
   12257 nonzeros

Src: B => Branching; C => Central rounding; F => Feasibility pump; H => Heuristic;
     I => Shifting; J => Feasibility jump; L => Sub-MIP; P => Empty MIP; R => Randomized rounding;
     S => Solve LP; T => Evaluate node; U => Unbounded; X => User solution; Y => HiGHS solution;
     Z => ZI Round; l => Trivial lower; p => Trivial point; u => Trivial upper; z => Trivial zero

        Nodes      |    B&B Tree     |            Objective Bounds              |  Dynamic Constraints |       Work      
Src  Proc. InQueue |  Leaves   Expl. | BestBound       BestSol              Gap |   Cuts   InLp Confl. | LpIters     Time

 J       0       0         0   0.00%   -inf            -2.103555307       Large        0      0      0         0     0.4s
 T       0       0         0   0.00%   -7.217521643    -6.027782271      19.74%        0      0      0      1564     0.5s
         1       0         1 100.00%   -6.027782271    -6.027782271       0.00%        0      0      0      1564     0.5s

Solving report
  Status            Optimal
  Primal bound      -6.02778227093
  Dual bound        -6.02778227093
  Gap               0% (tolerance: 0.5%)
  P-D integral      0.118390786827
  Solution status   feasible
                    -6.02778227093 (objective)
                    0 (bound viol.)
                    0 (int. viol.)
                    0 (row viol.)
  Timing            0.50
  Max sub-MIP depth 0
  Nodes             1
  Repair LPs        0
  LP iterations     1564
                    0 (strong br.)
                    0 (separation)
                    0 (heuristics)
MIP has 10753 rows; 9409 cols; 25537 nonzeros; 1344 integer variables (1344 binary)
Coefficient ranges:
  Matrix  [2e-01, 2e+00]
  Cost    [1e-02, 6e-02]
  Bound   [1e+00, 1e+00]
  RHS     [2e-04, 4e+00]
Presolving model
8064 rows, 8895 cols, 22334 nonzeros 0s
6353 rows, 7516 cols, 17908 nonzeros 0s
4500 rows, 5843 cols, 13074 nonzeros 0s
4261 rows, 5270 cols, 12261 nonzeros 0s
Presolve reductions: rows 4261(-6492); columns 5270(-4139); nonzeros 12261(-13276) 

Solving MIP model with:
   4261 rows
   5270 cols (683 binary, 0 integer, 0 implied int., 4587 continuous, 0 domain fixed)
   12261 nonzeros

Src: B => Branching; C => Central rounding; F => Feasibility pump; H => Heuristic;
     I => Shifting; J => Feasibility jump; L => Sub-MIP; P => Empty MIP; R => Randomized rounding;
     S => Solve LP; T => Evaluate node; U => Unbounded; X => User solution; Y => HiGHS solution;
     Z => ZI Round; l => Trivial lower; p => Trivial point; u => Trivial upper; z => Trivial zero

        Nodes      |    B&B Tree     |            Objective Bounds              |  Dynamic Constraints |       Work      
Src  Proc. InQueue |  Leaves   Expl. | BestBound       BestSol              Gap |   Cuts   InLp Confl. | LpIters     Time

 J       0       0         0   0.00%   -inf            -2.52289964        Large        0      0      0         0     0.5s
 T       0       0         0   0.00%   -7.302396041    -6.048956304      20.72%        0      0      0      1558     0.5s
         1       0         1 100.00%   -6.048956304    -6.048956304       0.00%        0      0      0      1558     0.5s

Solving report
  Status            Optimal
  Primal bound      -6.04895630449
  Dual bound        -6.04895630449
  Gap               0% (tolerance: 0.5%)
  P-D integral      0.0793986625615
  Solution status   feasible
                    -6.04895630449 (objective)
                    0 (bound viol.)
                    0 (int. viol.)
                    0 (row viol.)
  Timing            0.53
  Max sub-MIP depth 0
  Nodes             1
  Repair LPs        0
  LP iterations     1558
                    0 (strong br.)
                    0 (separation)
                    0 (heuristics)
MIP has 10753 rows; 9409 cols; 25537 nonzeros; 1344 integer variables (1344 binary)
Coefficient ranges:
  Matrix  [2e-01, 2e+00]
  Cost    [1e-02, 6e-02]
  Bound   [1e+00, 1e+00]
  RHS     [2e-04, 4e+00]
Presolving model
8064 rows, 8904 cols, 22343 nonzeros 0s
6353 rows, 7527 cols, 17919 nonzeros 0s
4585 rows, 5941 cols, 13313 nonzeros 0s
4351 rows, 5363 cols, 12501 nonzeros 0s
Presolve reductions: rows 4351(-6402); columns 5363(-4046); nonzeros 12501(-13036) 

Solving MIP model with:
   4351 rows
   5363 cols (697 binary, 0 integer, 0 implied int., 4666 continuous, 0 domain fixed)
   12501 nonzeros

Src: B => Branching; C => Central rounding; F => Feasibility pump; H => Heuristic;
     I => Shifting; J => Feasibility jump; L => Sub-MIP; P => Empty MIP; R => Randomized rounding;
     S => Solve LP; T => Evaluate node; U => Unbounded; X => User solution; Y => HiGHS solution;
     Z => ZI Round; l => Trivial lower; p => Trivial point; u => Trivial upper; z => Trivial zero

        Nodes      |    B&B Tree     |            Objective Bounds              |  Dynamic Constraints |       Work      
Src  Proc. InQueue |  Leaves   Expl. | BestBound       BestSol              Gap |   Cuts   InLp Confl. | LpIters     Time

 J       0       0         0   0.00%   -inf            -1.575071144       Large        0      0      0         0     0.4s
 T       0       0         0   0.00%   -6.676655431    -5.247936203      27.22%        0      0      0      1604     0.5s
         1       0         1 100.00%   -5.247936203    -5.247936203       0.00%        0      0      0      1604     0.5s

Solving report
  Status            Optimal
  Primal bound      -5.24793620298
  Dual bound        -5.24793620298
  Gap               0% (tolerance: 0.5%)
  P-D integral      0.150633657915
  Solution status   feasible
                    -5.24793620298 (objective)
                    0 (bound viol.)
                    0 (int. viol.)
                    0 (row viol.)
  Timing            0.51
  Max sub-MIP depth 0
  Nodes             1
  Repair LPs        0
  LP iterations     1604
                    0 (strong br.)
                    0 (separation)
                    0 (heuristics)
MIP has 10753 rows; 9409 cols; 25537 nonzeros; 1344 integer variables (1344 binary)
Coefficient ranges:
  Matrix  [2e-01, 2e+00]
  Cost    [1e-02, 6e-02]
  Bound   [1e+00, 1e+00]
  RHS     [3e-04, 4e+00]
Presolving model
8064 rows, 8914 cols, 22353 nonzeros 0s
6352 rows, 7536 cols, 17927 nonzeros 0s
4671 rows, 5990 cols, 13532 nonzeros 0s
4461 rows, 5470 cols, 12802 nonzeros 0s
Presolve reductions: rows 4461(-6292); columns 5470(-3939); nonzeros 12802(-12735) 

Solving MIP model with:
   4461 rows
   5470 cols (718 binary, 0 integer, 0 implied int., 4752 continuous, 0 domain fixed)
   12802 nonzeros

Src: B => Branching; C => Central rounding; F => Feasibility pump; H => Heuristic;
     I => Shifting; J => Feasibility jump; L => Sub-MIP; P => Empty MIP; R => Randomized rounding;
     S => Solve LP; T => Evaluate node; U => Unbounded; X => User solution; Y => HiGHS solution;
     Z => ZI Round; l => Trivial lower; p => Trivial point; u => Trivial upper; z => Trivial zero

        Nodes      |    B&B Tree     |            Objective Bounds              |  Dynamic Constraints |       Work      
Src  Proc. InQueue |  Leaves   Expl. | BestBound       BestSol              Gap |   Cuts   InLp Confl. | LpIters     Time

 J       0       0         0   0.00%   -inf            -0.851471757       Large        0      0      0         0     0.5s
 T       0       0         0   0.00%   -6.824559104    -5.210735198      30.97%        0      0      0      1616     0.5s
         1       0         1 100.00%   -5.210735198    -5.210735198       0.00%        0      0      0      1616     0.5s

Solving report
  Status            Optimal
  Primal bound      -5.2107351984
  Dual bound        -5.2107351984
  Gap               0% (tolerance: 0.5%)
  P-D integral      0.336925958124
  Solution status   feasible
                    -5.2107351984 (objective)
                    0 (bound viol.)
                    0 (int. viol.)
                    0 (row viol.)
  Timing            0.51
  Max sub-MIP depth 0
  Nodes             1
  Repair LPs        0
  LP iterations     1616
                    0 (strong br.)
                    0 (separation)
                    0 (heuristics)
MIP has 10753 rows; 9409 cols; 25537 nonzeros; 1344 integer variables (1344 binary)
Coefficient ranges:
  Matrix  [2e-01, 2e+00]
  Cost    [1e-02, 6e-02]
  Bound   [1e+00, 1e+00]
  RHS     [3e-04, 4e+00]
Presolving model
8064 rows, 8907 cols, 22346 nonzeros 0s
6358 rows, 7531 cols, 17932 nonzeros 0s
4523 rows, 5869 cols, 13135 nonzeros 0s
4293 rows, 5321 cols, 12355 nonzeros 0s
Presolve reductions: rows 4293(-6460); columns 5321(-4088); nonzeros 12355(-13182) 

Solving MIP model with:
   4293 rows
   5321 cols (686 binary, 0 integer, 0 implied int., 4635 continuous, 0 domain fixed)
   12355 nonzeros

Src: B => Branching; C => Central rounding; F => Feasibility pump; H => Heuristic;
     I => Shifting; J => Feasibility jump; L => Sub-MIP; P => Empty MIP; R => Randomized rounding;
     S => Solve LP; T => Evaluate node; U => Unbounded; X => User solution; Y => HiGHS solution;
     Z => ZI Round; l => Trivial lower; p => Trivial point; u => Trivial upper; z => Trivial zero

        Nodes      |    B&B Tree     |            Objective Bounds              |  Dynamic Constraints |       Work      
Src  Proc. InQueue |  Leaves   Expl. | BestBound       BestSol              Gap |   Cuts   InLp Confl. | LpIters     Time

 J       0       0         0   0.00%   -inf            -0.7466839005      Large        0      0      0         0     0.5s
 T       0       0         0   0.00%   -5.94743368     -4.351073771      36.69%        0      0      0      1580     0.5s
         1       0         1 100.00%   -4.351073771    -4.351073771       0.00%        0      0      0      1580     0.5s

Solving report
  Status            Optimal
  Primal bound      -4.3510737711
  Dual bound        -4.3510737711
  Gap               0% (tolerance: 0.5%)
  P-D integral      0.295062687876
  Solution status   feasible
                    -4.3510737711 (objective)
                    0 (bound viol.)
                    0 (int. viol.)
                    0 (row viol.)
  Timing            0.52
  Max sub-MIP depth 0
  Nodes             1
  Repair LPs        0
  LP iterations     1580
                    0 (strong br.)
                    0 (separation)
                    0 (heuristics)
MIP has 10753 rows; 9409 cols; 25537 nonzeros; 1344 integer variables (1344 binary)
Coefficient ranges:
  Matrix  [2e-01, 2e+00]
  Cost    [1e-02, 6e-02]
  Bound   [1e+00, 1e+00]
  RHS     [3e-04, 4e+00]
Presolving model
8064 rows, 9020 cols, 22459 nonzeros 0s
6367 rows, 7657 cols, 18063 nonzeros 0s
5173 rows, 6522 cols, 14922 nonzeros 0s
5015 rows, 6140 cols, 14382 nonzeros 0s
Presolve reductions: rows 5015(-5738); columns 6140(-3269); nonzeros 14382(-11155) 

Solving MIP model with:
   5015 rows
   6140 cols (807 binary, 0 integer, 0 implied int., 5333 continuous, 0 domain fixed)
   14382 nonzeros

Src: B => Branching; C => Central rounding; F => Feasibility pump; H => Heuristic;
     I => Shifting; J => Feasibility jump; L => Sub-MIP; P => Empty MIP; R => Randomized rounding;
     S => Solve LP; T => Evaluate node; U => Unbounded; X => User solution; Y => HiGHS solution;
     Z => ZI Round; l => Trivial lower; p => Trivial point; u => Trivial upper; z => Trivial zero

        Nodes      |    B&B Tree     |            Objective Bounds              |  Dynamic Constraints |       Work      
Src  Proc. InQueue |  Leaves   Expl. | BestBound       BestSol              Gap |   Cuts   InLp Confl. | LpIters     Time

 J       0       0         0   0.00%   -inf            -0.7378119569      Large        0      0      0         0     0.5s
 T       0       0         0   0.00%   -4.531521773    -3.241922412      39.78%        0      0      0      1781     0.5s
         1       0         1 100.00%   -3.241922412    -3.241922412       0.00%        0      0      0      1781     0.5s

Solving report
  Status            Optimal
  Primal bound      -3.24192241182
  Dual bound        -3.24192241182
  Gap               0% (tolerance: 0.5%)
  P-D integral      0.292794965814
  Solution status   feasible
                    -3.24192241182 (objective)
                    0 (bound viol.)
                    0 (int. viol.)
                    0 (row viol.)
  Timing            0.54
  Max sub-MIP depth 0
  Nodes             1
  Repair LPs        0
  LP iterations     1781
                    0 (strong br.)
                    0 (separation)
                    0 (heuristics)
MIP has 10753 rows; 9409 cols; 25537 nonzeros; 1344 integer variables (1344 binary)
Coefficient ranges:
  Matrix  [2e-01, 2e+00]
  Cost    [1e-02, 6e-02]
  Bound   [1e+00, 1e+00]
  RHS     [1e-03, 4e+00]
Presolving model
8064 rows, 9276 cols, 22715 nonzeros 0s
6822 rows, 8134 cols, 19421 nonzeros 0s
Presolve reductions: rows 6822(-3931); columns 8134(-1275); nonzeros 19421(-6116) 

Solving MIP model with:
   6822 rows
   8134 cols (1117 binary, 0 integer, 0 implied int., 7017 continuous, 0 domain fixed)
   19421 nonzeros

Src: B => Branching; C => Central rounding; F => Feasibility pump; H => Heuristic;
     I => Shifting; J => Feasibility jump; L => Sub-MIP; P => Empty MIP; R => Randomized rounding;
     S => Solve LP; T => Evaluate node; U => Unbounded; X => User solution; Y => HiGHS solution;
     Z => ZI Round; l => Trivial lower; p => Trivial point; u => Trivial upper; z => Trivial zero

        Nodes      |    B&B Tree     |            Objective Bounds              |  Dynamic Constraints |       Work      
Src  Proc. InQueue |  Leaves   Expl. | BestBound       BestSol              Gap |   Cuts   InLp Confl. | LpIters     Time

 J       0       0         0   0.00%   -inf            -1.799240629       Large        0      0      0         0     0.4s
 T       0       0         0   0.00%   -3.987294373    -3.018990917      32.07%        0      0      0      2365     0.6s
         1       0         1 100.00%   -3.018990917    -3.018990917       0.00%        0      0      0      2365     0.6s

Solving report
  Status            Optimal
  Primal bound      -3.01899091689
  Dual bound        -3.01899091689
  Gap               0% (tolerance: 0.5%)
  P-D integral      0.119427050787
  Solution status   feasible
                    -3.01899091689 (objective)
                    0 (bound viol.)
                    0 (int. viol.)
                    0 (row viol.)
  Timing            0.56
  Max sub-MIP depth 0
  Nodes             1
  Repair LPs        0
  LP iterations     2365
                    0 (strong br.)
                    0 (separation)
                    0 (heuristics)
MIP has 10753 rows; 9409 cols; 25537 nonzeros; 1344 integer variables (1344 binary)
Coefficient ranges:
  Matrix  [2e-01, 2e+00]
  Cost    [1e-02, 6e-02]
  Bound   [1e+00, 1e+00]
  RHS     [1e-03, 4e+00]
Presolving model
8064 rows, 9173 cols, 22612 nonzeros 0s
6356 rows, 7799 cols, 18192 nonzeros 0s
6211 rows, 7465 cols, 17705 nonzeros 0s
Presolve reductions: rows 6211(-4542); columns 7465(-1944); nonzeros 17705(-7832) 

Solving MIP model with:
   6211 rows
   7465 cols (1008 binary, 0 integer, 0 implied int., 6457 continuous, 0 domain fixed)
   17705 nonzeros

Src: B => Branching; C => Central rounding; F => Feasibility pump; H => Heuristic;
     I => Shifting; J => Feasibility jump; L => Sub-MIP; P => Empty MIP; R => Randomized rounding;
     S => Solve LP; T => Evaluate node; U => Unbounded; X => User solution; Y => HiGHS solution;
     Z => ZI Round; l => Trivial lower; p => Trivial point; u => Trivial upper; z => Trivial zero

        Nodes      |    B&B Tree     |            Objective Bounds              |  Dynamic Constraints |       Work      
Src  Proc. InQueue |  Leaves   Expl. | BestBound       BestSol              Gap |   Cuts   InLp Confl. | LpIters     Time

         0       0         0   0.00%   -6.870978876    inf                  inf        0      0      0         0     0.5s
         0       0         0   0.00%   -2.438208299    inf                  inf        0      0      2      2317     0.5s
 R       0       0         0   0.00%   -2.438208299    -2.438208299       0.00%        0      0      2      2342     0.6s
         1       0         1 100.00%   -2.438208299    -2.438208299       0.00%        0      0      2      2342     0.6s

Solving report
  Status            Optimal
  Primal bound      -2.4382082992
  Dual bound        -2.4382082992
  Gap               0% (tolerance: 0.5%)
  P-D integral      0
  Solution status   feasible
                    -2.4382082992 (objective)
                    0 (bound viol.)
                    0 (int. viol.)
                    0 (row viol.)
  Timing            0.63
  Max sub-MIP depth 0
  Nodes             1
  Repair LPs        0
  LP iterations     2342
                    0 (strong br.)
                    25 (separation)
                    0 (heuristics)
MIP has 10753 rows; 9409 cols; 25537 nonzeros; 1344 integer variables (1344 binary)
Coefficient ranges:
  Matrix  [2e-01, 2e+00]
  Cost    [1e-02, 6e-02]
  Bound   [1e+00, 1e+00]
  RHS     [1e-03, 4e+00]
Presolving model
8064 rows, 8908 cols, 22347 nonzeros 0s
6354 rows, 7532 cols, 17923 nonzeros 0s
4564 rows, 5929 cols, 13258 nonzeros 0s
4322 rows, 5356 cols, 12443 nonzeros 0s
Presolve reductions: rows 4322(-6431); columns 5356(-4053); nonzeros 12443(-13094) 

Solving MIP model with:
   4322 rows
   5356 cols (692 binary, 0 integer, 0 implied int., 4664 continuous, 0 domain fixed)
   12443 nonzeros

Src: B => Branching; C => Central rounding; F => Feasibility pump; H => Heuristic;
     I => Shifting; J => Feasibility jump; L => Sub-MIP; P => Empty MIP; R => Randomized rounding;
     S => Solve LP; T => Evaluate node; U => Unbounded; X => User solution; Y => HiGHS solution;
     Z => ZI Round; l => Trivial lower; p => Trivial point; u => Trivial upper; z => Trivial zero

        Nodes      |    B&B Tree     |            Objective Bounds              |  Dynamic Constraints |       Work      
Src  Proc. InQueue |  Leaves   Expl. | BestBound       BestSol              Gap |   Cuts   InLp Confl. | LpIters     Time

 J       0       0         0   0.00%   -inf            -0.5224288789      Large        0      0      0         0     0.4s
 T       0       0         0   0.00%   -4.579581792    -3.008539525      52.22%        0      0      0      1597     0.5s
         1       0         1 100.00%   -3.008539525    -3.008539525       0.00%        0      0      0      1597     0.5s

Solving report
  Status            Optimal
  Primal bound      -3.00853952504
  Dual bound        -3.00853952504
  Gap               0% (tolerance: 0.5%)
  P-D integral      0.384183918854
  Solution status   feasible
                    -3.00853952504 (objective)
                    0 (bound viol.)
                    0 (int. viol.)
                    0 (row viol.)
  Timing            0.50
  Max sub-MIP depth 0
  Nodes             1
  Repair LPs        0
  LP iterations     1597
                    0 (strong br.)
                    0 (separation)
                    0 (heuristics)
MIP has 10753 rows; 9409 cols; 25537 nonzeros; 1344 integer variables (1344 binary)
Coefficient ranges:
  Matrix  [2e-01, 2e+00]
  Cost    [1e-02, 6e-02]
  Bound   [1e+00, 1e+00]
  RHS     [3e-04, 4e+00]
Presolving model
8064 rows, 8873 cols, 22312 nonzeros 0s
6345 rows, 7488 cols, 17872 nonzeros 0s
4484 rows, 5828 cols, 13015 nonzeros 0s
4216 rows, 5215 cols, 12122 nonzeros 0s
Presolve reductions: rows 4216(-6537); columns 5215(-4194); nonzeros 12122(-13415) 

Solving MIP model with:
   4216 rows
   5215 cols (673 binary, 0 integer, 0 implied int., 4542 continuous, 0 domain fixed)
   12122 nonzeros

Src: B => Branching; C => Central rounding; F => Feasibility pump; H => Heuristic;
     I => Shifting; J => Feasibility jump; L => Sub-MIP; P => Empty MIP; R => Randomized rounding;
     S => Solve LP; T => Evaluate node; U => Unbounded; X => User solution; Y => HiGHS solution;
     Z => ZI Round; l => Trivial lower; p => Trivial point; u => Trivial upper; z => Trivial zero

        Nodes      |    B&B Tree     |            Objective Bounds              |  Dynamic Constraints |       Work      
Src  Proc. InQueue |  Leaves   Expl. | BestBound       BestSol              Gap |   Cuts   InLp Confl. | LpIters     Time

         0       0         0   0.00%   -5.27672151     inf                  inf        0      0      0         0     0.5s
         0       0         0   0.00%   -2.856344219    inf                  inf        0      0      2      1649     0.5s
 R       0       0         0   0.00%   -2.856344219    -2.856344219       0.00%        0      0      2      1664     0.6s
         1       0         1 100.00%   -2.856344219    -2.856344219       0.00%        0      0      2      1664     0.6s

Solving report
  Status            Optimal
  Primal bound      -2.85634421938
  Dual bound        -2.85634421938
  Gap               0% (tolerance: 0.5%)
  P-D integral      0
  Solution status   feasible
                    -2.85634421938 (objective)
                    0 (bound viol.)
                    0 (int. viol.)
                    0 (row viol.)
  Timing            0.57
  Max sub-MIP depth 0
  Nodes             1
  Repair LPs        0
  LP iterations     1664
                    0 (strong br.)
                    15 (separation)
                    0 (heuristics)
MIP has 10753 rows; 9409 cols; 25537 nonzeros; 1344 integer variables (1344 binary)
Coefficient ranges:
  Matrix  [2e-01, 2e+00]
  Cost    [1e-02, 6e-02]
  Bound   [1e+00, 1e+00]
  RHS     [3e-04, 4e+00]
Presolving model
8064 rows, 8866 cols, 22305 nonzeros 0s
6351 rows, 7487 cols, 17877 nonzeros 0s
4485 rows, 5831 cols, 13019 nonzeros 0s
4052 rows, 5080 cols, 11715 nonzeros 0s
Presolve reductions: rows 4052(-6701); columns 5080(-4329); nonzeros 11715(-13822) 

Solving MIP model with:
   4052 rows
   5080 cols (646 binary, 0 integer, 0 implied int., 4434 continuous, 0 domain fixed)
   11715 nonzeros

Src: B => Branching; C => Central rounding; F => Feasibility pump; H => Heuristic;
     I => Shifting; J => Feasibility jump; L => Sub-MIP; P => Empty MIP; R => Randomized rounding;
     S => Solve LP; T => Evaluate node; U => Unbounded; X => User solution; Y => HiGHS solution;
     Z => ZI Round; l => Trivial lower; p => Trivial point; u => Trivial upper; z => Trivial zero

        Nodes      |    B&B Tree     |            Objective Bounds              |  Dynamic Constraints |       Work      
Src  Proc. InQueue |  Leaves   Expl. | BestBound       BestSol              Gap |   Cuts   InLp Confl. | LpIters     Time

 J       0       0         0   0.00%   -inf            -0.0337804676      Large        0      0      0         0     0.5s
 T       0       0         0   0.00%   -4.230520485    -2.608668259      62.17%        0      0      0      1518     0.5s
         1       0         1 100.00%   -2.608668259    -2.608668259       0.00%        0      0      0      1518     0.5s

Solving report
  Status            Optimal
  Primal bound      -2.60866825928
  Dual bound        -2.60866825928
  Gap               0% (tolerance: 0.5%)
  P-D integral      6.26127852803
  Solution status   feasible
                    -2.60866825928 (objective)
                    0 (bound viol.)
                    0 (int. viol.)
                    0 (row viol.)
  Timing            0.55
  Max sub-MIP depth 0
  Nodes             1
  Repair LPs        0
  LP iterations     1518
                    0 (strong br.)
                    0 (separation)
                    0 (heuristics)
MIP has 10753 rows; 9409 cols; 25537 nonzeros; 1344 integer variables (1344 binary)
Coefficient ranges:
  Matrix  [2e-01, 2e+00]
  Cost    [1e-02, 6e-02]
  Bound   [1e+00, 1e+00]
  RHS     [2e-04, 4e+00]
Presolving model
8064 rows, 8851 cols, 22290 nonzeros 0s
6349 rows, 7468 cols, 17856 nonzeros 0s
4470 rows, 5784 cols, 12953 nonzeros 0s
3970 rows, 5001 cols, 11492 nonzeros 0s
Presolve reductions: rows 3970(-6783); columns 5001(-4408); nonzeros 11492(-14045) 

Solving MIP model with:
   3970 rows
   5001 cols (631 binary, 0 integer, 0 implied int., 4370 continuous, 0 domain fixed)
   11492 nonzeros

Src: B => Branching; C => Central rounding; F => Feasibility pump; H => Heuristic;
     I => Shifting; J => Feasibility jump; L => Sub-MIP; P => Empty MIP; R => Randomized rounding;
     S => Solve LP; T => Evaluate node; U => Unbounded; X => User solution; Y => HiGHS solution;
     Z => ZI Round; l => Trivial lower; p => Trivial point; u => Trivial upper; z => Trivial zero

        Nodes      |    B&B Tree     |            Objective Bounds              |  Dynamic Constraints |       Work      
Src  Proc. InQueue |  Leaves   Expl. | BestBound       BestSol              Gap |   Cuts   InLp Confl. | LpIters     Time

 J       0       0         0   0.00%   -inf            0.3561571225       Large        0      0      0         0     0.5s
 T       0       0         0   0.00%   -3.681859984    -1.998433419      84.24%        0      0      0      1490     0.6s
         1       0         1 100.00%   -1.998433419    -1.998433419       0.00%        0      0      0      1490     0.6s

Solving report
  Status            Optimal
  Primal bound      -1.99843341884
  Dual bound        -1.99843341884
  Gap               0% (tolerance: 0.5%)
  P-D integral      0.568213788736
  Solution status   feasible
                    -1.99843341884 (objective)
                    0 (bound viol.)
                    0 (int. viol.)
                    0 (row viol.)
  Timing            0.57
  Max sub-MIP depth 0
  Nodes             1
  Repair LPs        0
  LP iterations     1490
                    0 (strong br.)
                    0 (separation)
                    0 (heuristics)
MIP has 10753 rows; 9409 cols; 25537 nonzeros; 1344 integer variables (1344 binary)
Coefficient ranges:
  Matrix  [2e-01, 2e+00]
  Cost    [1e-02, 6e-02]
  Bound   [1e+00, 1e+00]
  RHS     [2e-04, 4e+00]
Presolving model
8064 rows, 8838 cols, 22277 nonzeros 0s
6347 rows, 7455 cols, 17841 nonzeros 0s
4479 rows, 5789 cols, 12971 nonzeros 0s
3951 rows, 4975 cols, 11433 nonzeros 0s
Presolve reductions: rows 3951(-6802); columns 4975(-4434); nonzeros 11433(-14104) 

Solving MIP model with:
   3951 rows
   4975 cols (627 binary, 0 integer, 0 implied int., 4348 continuous, 0 domain fixed)
   11433 nonzeros

Src: B => Branching; C => Central rounding; F => Feasibility pump; H => Heuristic;
     I => Shifting; J => Feasibility jump; L => Sub-MIP; P => Empty MIP; R => Randomized rounding;
     S => Solve LP; T => Evaluate node; U => Unbounded; X => User solution; Y => HiGHS solution;
     Z => ZI Round; l => Trivial lower; p => Trivial point; u => Trivial upper; z => Trivial zero

        Nodes      |    B&B Tree     |            Objective Bounds              |  Dynamic Constraints |       Work      
Src  Proc. InQueue |  Leaves   Expl. | BestBound       BestSol              Gap |   Cuts   InLp Confl. | LpIters     Time

 J       0       0         0   0.00%   -inf            0.6358521157       Large        0      0      0         0     0.5s
 T       0       0         0   0.00%   -3.348364276    -1.711195916      95.67%        0      0      0      1489     0.5s
         1       0         1 100.00%   -1.711195916    -1.711195916       0.00%        0      0      0      1489     0.5s

Solving report
  Status            Optimal
  Primal bound      -1.711195916
  Dual bound        -1.711195916
  Gap               0% (tolerance: 0.5%)
  P-D integral      0.36159524744
  Solution status   feasible
                    -1.711195916 (objective)
                    0 (bound viol.)
                    0 (int. viol.)
                    0 (row viol.)
  Timing            0.54
  Max sub-MIP depth 0
  Nodes             1
  Repair LPs        0
  LP iterations     1489
                    0 (strong br.)
                    0 (separation)
                    0 (heuristics)
MIP has 10753 rows; 9409 cols; 25537 nonzeros; 1344 integer variables (1344 binary)
Coefficient ranges:
  Matrix  [2e-01, 2e+00]
  Cost    [1e-02, 6e-02]
  Bound   [1e+00, 1e+00]
  RHS     [1e-04, 4e+00]
Presolving model
8064 rows, 8813 cols, 22252 nonzeros 0s
6342 rows, 7423 cols, 17804 nonzeros 0s
4465 rows, 5738 cols, 12894 nonzeros 0s
3801 rows, 4830 cols, 11012 nonzeros 0s
3768 rows, 4797 cols, 10946 nonzeros 0s
Presolve reductions: rows 3768(-6985); columns 4797(-4612); nonzeros 10946(-14591) 

Solving MIP model with:
   3768 rows
   4797 cols (596 binary, 0 integer, 0 implied int., 4201 continuous, 0 domain fixed)
   10946 nonzeros

Src: B => Branching; C => Central rounding; F => Feasibility pump; H => Heuristic;
     I => Shifting; J => Feasibility jump; L => Sub-MIP; P => Empty MIP; R => Randomized rounding;
     S => Solve LP; T => Evaluate node; U => Unbounded; X => User solution; Y => HiGHS solution;
     Z => ZI Round; l => Trivial lower; p => Trivial point; u => Trivial upper; z => Trivial zero

        Nodes      |    B&B Tree     |            Objective Bounds              |  Dynamic Constraints |       Work      
Src  Proc. InQueue |  Leaves   Expl. | BestBound       BestSol              Gap |   Cuts   InLp Confl. | LpIters     Time

 J       0       0         0   0.00%   -inf            0.6505116191       Large        0      0      0         0     0.5s
 T       0       0         0   0.00%   -3.384266267    -1.761194159      92.16%        0      0      0      1427     0.6s
         1       0         1 100.00%   -1.761194159    -1.761194159       0.00%        0      0      0      1427     0.6s

Solving report
  Status            Optimal
  Primal bound      -1.76119415893
  Dual bound        -1.76119415893
  Gap               0% (tolerance: 0.5%)
  P-D integral      0.316363560791
  Solution status   feasible
                    -1.76119415893 (objective)
                    0 (bound viol.)
                    0 (int. viol.)
                    0 (row viol.)
  Timing            0.56
  Max sub-MIP depth 0
  Nodes             1
  Repair LPs        0
  LP iterations     1427
                    0 (strong br.)
                    0 (separation)
                    0 (heuristics)
MIP has 10753 rows; 9409 cols; 25537 nonzeros; 1344 integer variables (1344 binary)
Coefficient ranges:
  Matrix  [2e-01, 2e+00]
  Cost    [5e-03, 6e-02]
  Bound   [1e+00, 1e+00]
  RHS     [1e-04, 4e+00]
Presolving model
8064 rows, 8792 cols, 22231 nonzeros 0s
6397 rows, 7459 cols, 17895 nonzeros 0s
4588 rows, 5896 cols, 13187 nonzeros 0s
3291 rows, 4534 cols, 9700 nonzeros 0s
3113 rows, 4356 cols, 9344 nonzeros 0s
Presolve reductions: rows 3113(-7640); columns 4356(-5053); nonzeros 9344(-16193) 

Solving MIP model with:
   3113 rows
   4356 cols (469 binary, 0 integer, 0 implied int., 3887 continuous, 0 domain fixed)
   9344 nonzeros

Src: B => Branching; C => Central rounding; F => Feasibility pump; H => Heuristic;
     I => Shifting; J => Feasibility jump; L => Sub-MIP; P => Empty MIP; R => Randomized rounding;
     S => Solve LP; T => Evaluate node; U => Unbounded; X => User solution; Y => HiGHS solution;
     Z => ZI Round; l => Trivial lower; p => Trivial point; u => Trivial upper; z => Trivial zero

        Nodes      |    B&B Tree     |            Objective Bounds              |  Dynamic Constraints |       Work      
Src  Proc. InQueue |  Leaves   Expl. | BestBound       BestSol              Gap |   Cuts   InLp Confl. | LpIters     Time

 J       0       0         0   0.00%   -inf            4.405185204        Large        0      0      0         0     0.4s
 T       0       0         0   0.00%   -2.531646817    1.288290532      296.51%        0      0      0      1286     0.5s
         1       0         1 100.00%   1.288290532     1.288290532        0.00%        0      0      0      1286     0.5s

Solving report
  Status            Optimal
  Primal bound      1.28829053212
  Dual bound        1.28829053212
  Gap               0% (tolerance: 0.5%)
  P-D integral      0.0656478758031
  Solution status   feasible
                    1.28829053212 (objective)
                    0 (bound viol.)
                    0 (int. viol.)
                    0 (row viol.)
  Timing            0.47
  Max sub-MIP depth 0
  Nodes             1
  Repair LPs        0
  LP iterations     1286
                    0 (strong br.)
                    0 (separation)
                    0 (heuristics)
MIP has 10753 rows; 9409 cols; 25537 nonzeros; 1344 integer variables (1344 binary)
Coefficient ranges:
  Matrix  [2e-01, 2e+00]
  Cost    [5e-03, 6e-02]
  Bound   [1e+00, 1e+00]
  RHS     [3e-04, 4e+00]
Presolving model
8064 rows, 8762 cols, 22201 nonzeros 0s
6430 rows, 7462 cols, 17931 nonzeros 0s
4645 rows, 5943 cols, 13291 nonzeros 0s
2748 rows, 4156 cols, 8303 nonzeros 0s
2472 rows, 3864 cols, 7735 nonzeros 0s
Presolve reductions: rows 2472(-8281); columns 3864(-5545); nonzeros 7735(-17802) 

Solving MIP model with:
   2472 rows
   3864 cols (350 binary, 0 integer, 0 implied int., 3514 continuous, 0 domain fixed)
   7735 nonzeros

Src: B => Branching; C => Central rounding; F => Feasibility pump; H => Heuristic;
     I => Shifting; J => Feasibility jump; L => Sub-MIP; P => Empty MIP; R => Randomized rounding;
     S => Solve LP; T => Evaluate node; U => Unbounded; X => User solution; Y => HiGHS solution;
     Z => ZI Round; l => Trivial lower; p => Trivial point; u => Trivial upper; z => Trivial zero

        Nodes      |    B&B Tree     |            Objective Bounds              |  Dynamic Constraints |       Work      
Src  Proc. InQueue |  Leaves   Expl. | BestBound       BestSol              Gap |   Cuts   InLp Confl. | LpIters     Time

 J       0       0         0   0.00%   -inf            7.900487916        Large        0      0      0         0     0.4s
 T       0       0         0   0.00%   -2.137059628    3.865362816      155.29%        0      0      0      1138     0.5s
         1       0         1 100.00%   3.865362816     3.865362816        0.00%        0      0      0      1138     0.5s

Solving report
  Status            Optimal
  Primal bound      3.86536281637
  Dual bound        3.86536281637
  Gap               0% (tolerance: 0.5%)
  P-D integral      0.0391688239111
  Solution status   feasible
                    3.86536281637 (objective)
                    0 (bound viol.)
                    0 (int. viol.)
                    0 (row viol.)
  Timing            0.45
  Max sub-MIP depth 0
  Nodes             1
  Repair LPs        0
  LP iterations     1138
                    0 (strong br.)
                    0 (separation)
                    0 (heuristics)
MIP has 10753 rows; 9409 cols; 25537 nonzeros; 1344 integer variables (1344 binary)
Coefficient ranges:
  Matrix  [2e-01, 2e+00]
  Cost    [5e-03, 6e-02]
  Bound   [1e+00, 1e+00]
  RHS     [2e-04, 4e+00]
Presolving model
8064 rows, 8750 cols, 22189 nonzeros 0s
6437 rows, 7457 cols, 17933 nonzeros 0s
4644 rows, 5937 cols, 13284 nonzeros 0s
2704 rows, 4119 cols, 8190 nonzeros 0s
2379 rows, 3801 cols, 7519 nonzeros 0s
Presolve reductions: rows 2379(-8374); columns 3801(-5608); nonzeros 7519(-18018) 

Solving MIP model with:
   2379 rows
   3801 cols (335 binary, 0 integer, 0 implied int., 3466 continuous, 0 domain fixed)
   7519 nonzeros

Src: B => Branching; C => Central rounding; F => Feasibility pump; H => Heuristic;
     I => Shifting; J => Feasibility jump; L => Sub-MIP; P => Empty MIP; R => Randomized rounding;
     S => Solve LP; T => Evaluate node; U => Unbounded; X => User solution; Y => HiGHS solution;
     Z => ZI Round; l => Trivial lower; p => Trivial point; u => Trivial upper; z => Trivial zero

        Nodes      |    B&B Tree     |            Objective Bounds              |  Dynamic Constraints |       Work      
Src  Proc. InQueue |  Leaves   Expl. | BestBound       BestSol              Gap |   Cuts   InLp Confl. | LpIters     Time

 J       0       0         0   0.00%   -inf            9.01415848         Large        0      0      0         0     0.4s
 T       0       0         0   0.00%   -2.046385292    4.56270783       144.85%        0      0      0      1108     0.5s
         1       0         1 100.00%   4.56270783      4.56270783         0.00%        0      0      0      1108     0.5s

Solving report
  Status            Optimal
  Primal bound      4.56270783034
  Dual bound        4.56270783034
  Gap               0% (tolerance: 0.5%)
  P-D integral      0.0455177105185
  Solution status   feasible
                    4.56270783034 (objective)
                    0 (bound viol.)
                    0 (int. viol.)
                    0 (row viol.)
  Timing            0.46
  Max sub-MIP depth 0
  Nodes             1
  Repair LPs        0
  LP iterations     1108
                    0 (strong br.)
                    0 (separation)
                    0 (heuristics)
MIP has 10753 rows; 9409 cols; 25537 nonzeros; 1344 integer variables (1344 binary)
Coefficient ranges:
  Matrix  [2e-01, 2e+00]
  Cost    [5e-03, 6e-02]
  Bound   [1e+00, 1e+00]
  RHS     [2e-04, 4e+00]
Presolving model
8064 rows, 8755 cols, 22194 nonzeros 0s
6433 rows, 7458 cols, 17930 nonzeros 0s
4650 rows, 5944 cols, 13297 nonzeros 0s
2773 rows, 4161 cols, 8369 nonzeros 0s
2501 rows, 3889 cols, 7825 nonzeros 0s
Presolve reductions: rows 2501(-8252); columns 3889(-5520); nonzeros 7825(-17712) 

Solving MIP model with:
   2501 rows
   3889 cols (359 binary, 0 integer, 0 implied int., 3530 continuous, 0 domain fixed)
   7825 nonzeros

Src: B => Branching; C => Central rounding; F => Feasibility pump; H => Heuristic;
     I => Shifting; J => Feasibility jump; L => Sub-MIP; P => Empty MIP; R => Randomized rounding;
     S => Solve LP; T => Evaluate node; U => Unbounded; X => User solution; Y => HiGHS solution;
     Z => ZI Round; l => Trivial lower; p => Trivial point; u => Trivial upper; z => Trivial zero

        Nodes      |    B&B Tree     |            Objective Bounds              |  Dynamic Constraints |       Work      
Src  Proc. InQueue |  Leaves   Expl. | BestBound       BestSol              Gap |   Cuts   InLp Confl. | LpIters     Time

 J       0       0         0   0.00%   -inf            13.90307292        Large        0      0      0         0     0.4s
 T       0       0         0   0.00%   -1.334179318    9.81277173       113.60%        0      0      0      1162     0.5s
         1       0         1 100.00%   9.81277173      9.81277173         0.00%        0      0      0      1162     0.5s

Solving report
  Status            Optimal
  Primal bound      9.81277173015
  Dual bound        9.81277173015
  Gap               0% (tolerance: 0.5%)
  P-D integral      0.0370393466193
  Solution status   feasible
                    9.81277173015 (objective)
                    0 (bound viol.)
                    0 (int. viol.)
                    0 (row viol.)
  Timing            0.46
  Max sub-MIP depth 0
  Nodes             1
  Repair LPs        0
  LP iterations     1162
                    0 (strong br.)
                    0 (separation)
                    0 (heuristics)
MIP has 10753 rows; 9409 cols; 25537 nonzeros; 1344 integer variables (1344 binary)
Coefficient ranges:
  Matrix  [2e-01, 2e+00]
  Cost    [5e-03, 6e-02]
  Bound   [1e+00, 1e+00]
  RHS     [3e-04, 4e+00]
Presolving model
8064 rows, 8734 cols, 22173 nonzeros 0s
6415 rows, 7419 cols, 17869 nonzeros 0s
4594 rows, 5854 cols, 13135 nonzeros 0s
2728 rows, 4054 cols, 8213 nonzeros 0s
2462 rows, 3788 cols, 7679 nonzeros 0s
Presolve reductions: rows 2462(-8291); columns 3788(-5621); nonzeros 7679(-17858) 

Solving MIP model with:
   2462 rows
   3788 cols (358 binary, 0 integer, 0 implied int., 3430 continuous, 0 domain fixed)
   7679 nonzeros

Src: B => Branching; C => Central rounding; F => Feasibility pump; H => Heuristic;
     I => Shifting; J => Feasibility jump; L => Sub-MIP; P => Empty MIP; R => Randomized rounding;
     S => Solve LP; T => Evaluate node; U => Unbounded; X => User solution; Y => HiGHS solution;
     Z => ZI Round; l => Trivial lower; p => Trivial point; u => Trivial upper; z => Trivial zero

        Nodes      |    B&B Tree     |            Objective Bounds              |  Dynamic Constraints |       Work      
Src  Proc. InQueue |  Leaves   Expl. | BestBound       BestSol              Gap |   Cuts   InLp Confl. | LpIters     Time

 J       0       0         0   0.00%   -inf            16.61504229        Large        0      0      0         0     0.4s
 T       0       0         0   0.00%   -0.6673715422   12.86268142      105.19%        0      0      0      1131     0.5s
         1       0         1 100.00%   12.86268142     12.86268142        0.00%        0      0      0      1131     0.5s

Solving report
  Status            Optimal
  Primal bound      12.862681417
  Dual bound        12.862681417
  Gap               0% (tolerance: 0.5%)
  P-D integral      0.036056338563
  Solution status   feasible
                    12.862681417 (objective)
                    0 (bound viol.)
                    0 (int. viol.)
                    0 (row viol.)
  Timing            0.47
  Max sub-MIP depth 0
  Nodes             1
  Repair LPs        0
  LP iterations     1131
                    0 (strong br.)
                    0 (separation)
                    0 (heuristics)
MIP has 10753 rows; 9409 cols; 25537 nonzeros; 1344 integer variables (1344 binary)
Coefficient ranges:
  Matrix  [2e-01, 2e+00]
  Cost    [5e-03, 6e-02]
  Bound   [1e+00, 1e+00]
  RHS     [3e-04, 4e+00]
Presolving model
8064 rows, 8720 cols, 22159 nonzeros 0s
6401 rows, 7391 cols, 17827 nonzeros 0s
4578 rows, 5815 cols, 13080 nonzeros 0s
2789 rows, 4085 cols, 8359 nonzeros 0s
2529 rows, 3825 cols, 7839 nonzeros 0s
Presolve reductions: rows 2529(-8224); columns 3825(-5584); nonzeros 7839(-17698) 

Solving MIP model with:
   2529 rows
   3825 cols (372 binary, 0 integer, 0 implied int., 3453 continuous, 0 domain fixed)
   7839 nonzeros

Src: B => Branching; C => Central rounding; F => Feasibility pump; H => Heuristic;
     I => Shifting; J => Feasibility jump; L => Sub-MIP; P => Empty MIP; R => Randomized rounding;
     S => Solve LP; T => Evaluate node; U => Unbounded; X => User solution; Y => HiGHS solution;
     Z => ZI Round; l => Trivial lower; p => Trivial point; u => Trivial upper; z => Trivial zero

        Nodes      |    B&B Tree     |            Objective Bounds              |  Dynamic Constraints |       Work      
Src  Proc. InQueue |  Leaves   Expl. | BestBound       BestSol              Gap |   Cuts   InLp Confl. | LpIters     Time

 J       0       0         0   0.00%   -inf            13.64933191        Large        0      0      0         0     0.5s
 T       0       0         0   0.00%   -0.9094940119   9.600670397      109.47%        0      0      0      1130     0.5s
         1       0         1 100.00%   9.600670397     9.600670397        0.00%        0      0      0      1130     0.5s

Solving report
  Status            Optimal
  Primal bound      9.60067039719
  Dual bound        9.60067039719
  Gap               0% (tolerance: 0.5%)
  P-D integral      0.0337898673296
  Solution status   feasible
                    9.60067039719 (objective)
                    0 (bound viol.)
                    0 (int. viol.)
                    0 (row viol.)
  Timing            0.51
  Max sub-MIP depth 0
  Nodes             1
  Repair LPs        0
  LP iterations     1130
                    0 (strong br.)
                    0 (separation)
                    0 (heuristics)
MIP has 10753 rows; 9409 cols; 25537 nonzeros; 1344 integer variables (1344 binary)
Coefficient ranges:
  Matrix  [2e-01, 2e+00]
  Cost    [5e-03, 6e-02]
  Bound   [1e+00, 1e+00]
  RHS     [5e-05, 4e+00]
WARNING: Problem has some excessively small row bounds
Presolving model
8064 rows, 8827 cols, 22266 nonzeros 0s
6425 rows, 7522 cols, 17982 nonzeros 0s
4618 rows, 5969 cols, 13274 nonzeros 0s
3118 rows, 4486 cols, 9297 nonzeros 0s
2898 rows, 4266 cols, 8857 nonzeros 0s
Presolve reductions: rows 2898(-7855); columns 4266(-5143); nonzeros 8857(-16680) 

Solving MIP model with:
   2898 rows
   4266 cols (424 binary, 0 integer, 0 implied int., 3842 continuous, 0 domain fixed)
   8857 nonzeros

Src: B => Branching; C => Central rounding; F => Feasibility pump; H => Heuristic;
     I => Shifting; J => Feasibility jump; L => Sub-MIP; P => Empty MIP; R => Randomized rounding;
     S => Solve LP; T => Evaluate node; U => Unbounded; X => User solution; Y => HiGHS solution;
     Z => ZI Round; l => Trivial lower; p => Trivial point; u => Trivial upper; z => Trivial zero

        Nodes      |    B&B Tree     |            Objective Bounds              |  Dynamic Constraints |       Work      
Src  Proc. InQueue |  Leaves   Expl. | BestBound       BestSol              Gap |   Cuts   InLp Confl. | LpIters     Time

 J       0       0         0   0.00%   -inf            16.09074886        Large        0      0      0         0     0.5s
 T       0       0         0   0.00%   -0.5162817095   12.76735885      104.04%        0      0      0      1290     0.5s
         1       0         1 100.00%   12.76735885     12.76735885        0.00%        0      0      0      1290     0.5s

Solving report
  Status            Optimal
  Primal bound      12.7673588459
  Dual bound        12.7673588459
  Gap               0% (tolerance: 0.5%)
  P-D integral      0.033022320699
  Solution status   feasible
                    12.7673588459 (objective)
                    0 (bound viol.)
                    0 (int. viol.)
                    0 (row viol.)
  Timing            0.52
  Max sub-MIP depth 0
  Nodes             1
  Repair LPs        0
  LP iterations     1290
                    0 (strong br.)
                    0 (separation)
                    0 (heuristics)
MIP has 10753 rows; 9409 cols; 25537 nonzeros; 1344 integer variables (1344 binary)
Coefficient ranges:
  Matrix  [2e-01, 2e+00]
  Cost    [5e-03, 6e-02]
  Bound   [1e+00, 1e+00]
  RHS     [5e-05, 4e+00]
WARNING: Problem has some excessively small row bounds
Presolving model
8064 rows, 9176 cols, 22615 nonzeros 0s
6547 rows, 7993 cols, 18579 nonzeros 0s
4857 rows, 6603 cols, 14163 nonzeros 0s
3942 rows, 5721 cols, 11790 nonzeros 0s
3821 rows, 5600 cols, 11548 nonzeros 0s
Presolve reductions: rows 3821(-6932); columns 5600(-3809); nonzeros 11548(-13989) 

Solving MIP model with:
   3821 rows
   5600 cols (532 binary, 0 integer, 0 implied int., 5068 continuous, 0 domain fixed)
   11548 nonzeros

Src: B => Branching; C => Central rounding; F => Feasibility pump; H => Heuristic;
     I => Shifting; J => Feasibility jump; L => Sub-MIP; P => Empty MIP; R => Randomized rounding;
     S => Solve LP; T => Evaluate node; U => Unbounded; X => User solution; Y => HiGHS solution;
     Z => ZI Round; l => Trivial lower; p => Trivial point; u => Trivial upper; z => Trivial zero

        Nodes      |    B&B Tree     |            Objective Bounds              |  Dynamic Constraints |       Work      
Src  Proc. InQueue |  Leaves   Expl. | BestBound       BestSol              Gap |   Cuts   InLp Confl. | LpIters     Time

 J       0       0         0   0.00%   -inf            20.74313148        Large        0      0      0         0     0.5s
 T       0       0         0   0.00%   -0.2119139166   19.28156158      101.10%        0      0      0      1810     0.6s
         1       0         1 100.00%   19.28156158     19.28156158        0.00%        0      0      0      1810     0.6s

Solving report
  Status            Optimal
  Primal bound      19.2815615782
  Dual bound        19.2815615782
  Gap               0% (tolerance: 0.5%)
  P-D integral      0.0557692406482
  Solution status   feasible
                    19.2815615782 (objective)
                    0 (bound viol.)
                    0 (int. viol.)
                    0 (row viol.)
  Timing            0.58
  Max sub-MIP depth 0
  Nodes             1
  Repair LPs        0
  LP iterations     1810
                    0 (strong br.)
                    0 (separation)
                    0 (heuristics)
MIP has 10753 rows; 9409 cols; 25537 nonzeros; 1344 integer variables (1344 binary)
Coefficient ranges:
  Matrix  [2e-01, 2e+00]
  Cost    [1e-02, 6e-02]
  Bound   [1e+00, 1e+00]
  RHS     [2e-04, 4e+00]
Presolving model
8064 rows, 9068 cols, 22507 nonzeros 0s
6504 rows, 7842 cols, 18385 nonzeros 0s
4796 rows, 6415 cols, 13914 nonzeros 0s
3647 rows, 5307 cols, 10905 nonzeros 0s
3474 rows, 5133 cols, 10558 nonzeros 0s
Presolve reductions: rows 3474(-7279); columns 5133(-4276); nonzeros 10558(-14979) 

Solving MIP model with:
   3474 rows
   5133 cols (488 binary, 0 integer, 0 implied int., 4645 continuous, 0 domain fixed)
   10558 nonzeros

Src: B => Branching; C => Central rounding; F => Feasibility pump; H => Heuristic;
     I => Shifting; J => Feasibility jump; L => Sub-MIP; P => Empty MIP; R => Randomized rounding;
     S => Solve LP; T => Evaluate node; U => Unbounded; X => User solution; Y => HiGHS solution;
     Z => ZI Round; l => Trivial lower; p => Trivial point; u => Trivial upper; z => Trivial zero

        Nodes      |    B&B Tree     |            Objective Bounds              |  Dynamic Constraints |       Work      
Src  Proc. InQueue |  Leaves   Expl. | BestBound       BestSol              Gap |   Cuts   InLp Confl. | LpIters     Time

 J       0       0         0   0.00%   -inf            22.60632234        Large        0      0      0         0     0.5s
 T       0       0         0   0.00%   0.6274691049    21.01990085       97.01%        0      0      0      1570     0.5s
         1       0         1 100.00%   21.01990085     21.01990085        0.00%        0      0      0      1570     0.5s

Solving report
  Status            Optimal
  Primal bound      21.0199008454
  Dual bound        21.0199008454
  Gap               0% (tolerance: 0.5%)
  P-D integral      0.04587389536
  Solution status   feasible
                    21.0199008454 (objective)
                    0 (bound viol.)
                    0 (int. viol.)
                    0 (row viol.)
  Timing            0.54
  Max sub-MIP depth 0
  Nodes             1
  Repair LPs        0
  LP iterations     1570
                    0 (strong br.)
                    0 (separation)
                    0 (heuristics)
MIP has 10753 rows; 9409 cols; 25537 nonzeros; 1344 integer variables (1344 binary)
Coefficient ranges:
  Matrix  [2e-01, 2e+00]
  Cost    [1e-02, 6e-02]
  Bound   [1e+00, 1e+00]
  RHS     [5e-04, 4e+00]
Presolving model
8064 rows, 8560 cols, 21999 nonzeros 0s
6396 rows, 7226 cols, 17661 nonzeros 0s
4617 rows, 5708 cols, 13028 nonzeros 0s
2646 rows, 3861 cols, 7870 nonzeros 0s
1721 rows, 3058 cols, 5654 nonzeros 0s
1591 rows, 2927 cols, 5393 nonzeros 0s
Presolve reductions: rows 1591(-9162); columns 2927(-6482); nonzeros 5393(-20144) 

Solving MIP model with:
   1591 rows
   2927 cols (219 binary, 0 integer, 0 implied int., 2708 continuous, 0 domain fixed)
   5393 nonzeros

Src: B => Branching; C => Central rounding; F => Feasibility pump; H => Heuristic;
     I => Shifting; J => Feasibility jump; L => Sub-MIP; P => Empty MIP; R => Randomized rounding;
     S => Solve LP; T => Evaluate node; U => Unbounded; X => User solution; Y => HiGHS solution;
     Z => ZI Round; l => Trivial lower; p => Trivial point; u => Trivial upper; z => Trivial zero

        Nodes      |    B&B Tree     |            Objective Bounds              |  Dynamic Constraints |       Work      
Src  Proc. InQueue |  Leaves   Expl. | BestBound       BestSol              Gap |   Cuts   InLp Confl. | LpIters     Time

         0       0         0   0.00%   3.210092058     inf                  inf        0      0      0         0     0.5s
 T       0       0         0   0.00%   3.210092058     22.46698165       85.71%        0      0      0       594     0.6s
         1       0         1 100.00%   22.46698165     22.46698165        0.00%        0      0      0       594     0.6s

Solving report
  Status            Optimal
  Primal bound      22.466981653
  Dual bound        22.466981653
  Gap               0% (tolerance: 0.5%)
  P-D integral      5.25414304304e-05
  Solution status   feasible
                    22.466981653 (objective)
                    0 (bound viol.)
                    0 (int. viol.)
                    0 (row viol.)
  Timing            0.56
  Max sub-MIP depth 0
  Nodes             1
  Repair LPs        0
  LP iterations     594
                    0 (strong br.)
                    0 (separation)
                    0 (heuristics)
MIP has 10753 rows; 9409 cols; 25537 nonzeros; 1344 integer variables (1344 binary)
Coefficient ranges:
  Matrix  [2e-01, 2e+00]
  Cost    [1e-02, 6e-02]
  Bound   [1e+00, 1e+00]
  RHS     [2e-05, 4e+00]
WARNING: Problem has some excessively small row bounds
Presolving model
8064 rows, 8414 cols, 21853 nonzeros 0s
6350 rows, 7033 cols, 17414 nonzeros 0s
4496 rows, 5425 cols, 12601 nonzeros 0s
4352 rows, 4024 cols, 9035 nonzeros 0s
2521 rows, 3517 cols, 7377 nonzeros 0s
2307 rows, 2811 cols, 5471 nonzeros 0s
1368 rows, 2476 cols, 4525 nonzeros 0s
1160 rows, 1939 cols, 3780 nonzeros 0s
1082 rows, 1529 cols, 3292 nonzeros 0s
1082 rows, 1528 cols, 3291 nonzeros 0s
Presolve reductions: rows 1082(-9671); columns 1528(-7881); nonzeros 3291(-22246) 

Solving MIP model with:
   1082 rows
   1528 cols (171 binary, 0 integer, 0 implied int., 1357 continuous, 0 domain fixed)
   3291 nonzeros

Src: B => Branching; C => Central rounding; F => Feasibility pump; H => Heuristic;
     I => Shifting; J => Feasibility jump; L => Sub-MIP; P => Empty MIP; R => Randomized rounding;
     S => Solve LP; T => Evaluate node; U => Unbounded; X => User solution; Y => HiGHS solution;
     Z => ZI Round; l => Trivial lower; p => Trivial point; u => Trivial upper; z => Trivial zero

        Nodes      |    B&B Tree     |            Objective Bounds              |  Dynamic Constraints |       Work      
Src  Proc. InQueue |  Leaves   Expl. | BestBound       BestSol              Gap |   Cuts   InLp Confl. | LpIters     Time

 J       0       0         0   0.00%   -inf            21.1203906         Large        0      0      0         0     0.4s
 T       0       0         0   0.00%   14.81889788     20.41974009       27.43%        0      0      0       379     0.4s
         1       0         1 100.00%   20.41974009     20.41974009        0.00%        0      0      0       379     0.4s

Solving report
  Status            Optimal
  Primal bound      20.4197400936
  Dual bound        20.4197400936
  Gap               0% (tolerance: 0.5%)
  P-D integral      0.003099970412
  Solution status   feasible
                    20.4197400936 (objective)
                    0 (bound viol.)
                    0 (int. viol.)
                    0 (row viol.)
  Timing            0.44
  Max sub-MIP depth 0
  Nodes             1
  Repair LPs        0
  LP iterations     379
                    0 (strong br.)
                    0 (separation)
                    0 (heuristics)
MIP has 10753 rows; 9409 cols; 25537 nonzeros; 1344 integer variables (1344 binary)
Coefficient ranges:
  Matrix  [2e-01, 2e+00]
  Cost    [1e-02, 6e-02]
  Bound   [1e+00, 1e+00]
  RHS     [2e-05, 4e+00]
WARNING: Problem has some excessively small row bounds
Presolving model
8064 rows, 8526 cols, 21965 nonzeros 0s
6342 rows, 7138 cols, 17519 nonzeros 0s
4488 rows, 5517 cols, 12708 nonzeros 0s
4348 rows, 4107 cols, 9202 nonzeros 0s
2518 rows, 3581 cols, 7498 nonzeros 0s
2232 rows, 3294 cols, 6925 nonzeros 0s
Presolve reductions: rows 2232(-8521); columns 3294(-6115); nonzeros 6925(-18612) 

Solving MIP model with:
   2232 rows
   3294 cols (350 binary, 0 integer, 0 implied int., 2944 continuous, 0 domain fixed)
   6925 nonzeros

Src: B => Branching; C => Central rounding; F => Feasibility pump; H => Heuristic;
     I => Shifting; J => Feasibility jump; L => Sub-MIP; P => Empty MIP; R => Randomized rounding;
     S => Solve LP; T => Evaluate node; U => Unbounded; X => User solution; Y => HiGHS solution;
     Z => ZI Round; l => Trivial lower; p => Trivial point; u => Trivial upper; z => Trivial zero

        Nodes      |    B&B Tree     |            Objective Bounds              |  Dynamic Constraints |       Work      
Src  Proc. InQueue |  Leaves   Expl. | BestBound       BestSol              Gap |   Cuts   InLp Confl. | LpIters     Time

 J       0       0         0   0.00%   -inf            15.63032822        Large        0      0      0         0     0.4s
 T       0       0         0   0.00%   1.926858342     13.86920843       86.11%        0      0      0       803     0.4s
         1       0         1 100.00%   13.86920843     13.86920843        0.00%        0      0      0       803     0.4s

Solving report
  Status            Optimal
  Primal bound      13.8692084339
  Dual bound        13.8692084339
  Gap               0% (tolerance: 0.5%)
  P-D integral      0.0222693634809
  Solution status   feasible
                    13.8692084339 (objective)
                    0 (bound viol.)
                    0 (int. viol.)
                    0 (row viol.)
  Timing            0.43
  Max sub-MIP depth 0
  Nodes             1
  Repair LPs        0
  LP iterations     803
                    0 (strong br.)
                    0 (separation)
                    0 (heuristics)
MIP has 10753 rows; 9409 cols; 25537 nonzeros; 1344 integer variables (1344 binary)
Coefficient ranges:
  Matrix  [2e-01, 2e+00]
  Cost    [1e-02, 6e-02]
  Bound   [1e+00, 1e+00]
  RHS     [3e-04, 4e+00]
Presolving model
8064 rows, 8605 cols, 22044 nonzeros 0s
6348 rows, 7223 cols, 17606 nonzeros 0s
4473 rows, 5576 cols, 12736 nonzeros 0s
2765 rows, 3850 cols, 8184 nonzeros 0s
2518 rows, 3564 cols, 7651 nonzeros 0s
Presolve reductions: rows 2518(-8235); columns 3564(-5845); nonzeros 7651(-17886) 

Solving MIP model with:
   2518 rows
   3564 cols (393 binary, 0 integer, 0 implied int., 3171 continuous, 0 domain fixed)
   7651 nonzeros

Src: B => Branching; C => Central rounding; F => Feasibility pump; H => Heuristic;
     I => Shifting; J => Feasibility jump; L => Sub-MIP; P => Empty MIP; R => Randomized rounding;
     S => Solve LP; T => Evaluate node; U => Unbounded; X => User solution; Y => HiGHS solution;
     Z => ZI Round; l => Trivial lower; p => Trivial point; u => Trivial upper; z => Trivial zero

        Nodes      |    B&B Tree     |            Objective Bounds              |  Dynamic Constraints |       Work      
Src  Proc. InQueue |  Leaves   Expl. | BestBound       BestSol              Gap |   Cuts   InLp Confl. | LpIters     Time

 J       0       0         0   0.00%   -inf            17.35433615        Large        0      0      0         0     0.4s
 T       0       0         0   0.00%   2.592542142     15.52093166       83.30%        0      0      0       889     0.5s
         1       0         1 100.00%   15.52093166     15.52093166        0.00%        0      0      0       889     0.5s

Solving report
  Status            Optimal
  Primal bound      15.5209316551
  Dual bound        15.5209316551
  Gap               0% (tolerance: 0.5%)
  P-D integral      0.023264706238
  Solution status   feasible
                    15.5209316551 (objective)
                    0 (bound viol.)
                    0 (int. viol.)
                    0 (row viol.)
  Timing            0.46
  Max sub-MIP depth 0
  Nodes             1
  Repair LPs        0
  LP iterations     889
                    0 (strong br.)
                    0 (separation)
                    0 (heuristics)
MIP has 10753 rows; 9409 cols; 25537 nonzeros; 1344 integer variables (1344 binary)
Coefficient ranges:
  Matrix  [2e-01, 2e+00]
  Cost    [1e-02, 6e-02]
  Bound   [1e+00, 1e+00]
  RHS     [3e-04, 4e+00]
Presolving model
8064 rows, 8586 cols, 22025 nonzeros 0s
6360 rows, 7216 cols, 17611 nonzeros 0s
4495 rows, 5590 cols, 12772 nonzeros 0s
4336 rows, 4198 cols, 9311 nonzeros 0s
2586 rows, 3704 cols, 7709 nonzeros 0s
2295 rows, 3318 cols, 7030 nonzeros 0s
Presolve reductions: rows 2295(-8458); columns 3318(-6091); nonzeros 7030(-18507) 

Solving MIP model with:
   2295 rows
   3318 cols (355 binary, 0 integer, 0 implied int., 2963 continuous, 0 domain fixed)
   7030 nonzeros

Src: B => Branching; C => Central rounding; F => Feasibility pump; H => Heuristic;
     I => Shifting; J => Feasibility jump; L => Sub-MIP; P => Empty MIP; R => Randomized rounding;
     S => Solve LP; T => Evaluate node; U => Unbounded; X => User solution; Y => HiGHS solution;
     Z => ZI Round; l => Trivial lower; p => Trivial point; u => Trivial upper; z => Trivial zero

        Nodes      |    B&B Tree     |            Objective Bounds              |  Dynamic Constraints |       Work      
Src  Proc. InQueue |  Leaves   Expl. | BestBound       BestSol              Gap |   Cuts   InLp Confl. | LpIters     Time

 J       0       0         0   0.00%   -inf            21.85481677        Large        0      0      0         0     0.5s
 T       0       0         0   0.00%   5.276421412     20.66034186       74.46%        0      0      0       788     0.5s
         1       0         1 100.00%   20.66034186     20.66034186        0.00%        0      0      0       788     0.5s

Solving report
  Status            Optimal
  Primal bound      20.6603418633
  Dual bound        20.6603418633
  Gap               0% (tolerance: 0.5%)
  P-D integral      0.0178091965886
  Solution status   feasible
                    20.6603418633 (objective)
                    0 (bound viol.)
                    0 (int. viol.)
                    0 (row viol.)
  Timing            0.48
  Max sub-MIP depth 0
  Nodes             1
  Repair LPs        0
  LP iterations     788
                    0 (strong br.)
                    0 (separation)
                    0 (heuristics)
MIP has 10753 rows; 9409 cols; 25537 nonzeros; 1344 integer variables (1344 binary)
Coefficient ranges:
  Matrix  [2e-01, 2e+00]
  Cost    [1e-02, 6e-02]
  Bound   [1e+00, 1e+00]
  RHS     [3e-04, 4e+00]
Presolving model
8064 rows, 8540 cols, 21979 nonzeros 0s
6349 rows, 7159 cols, 17543 nonzeros 0s
4478 rows, 5520 cols, 12685 nonzeros 0s
4315 rows, 4067 cols, 9059 nonzeros 0s
2465 rows, 3540 cols, 7356 nonzeros 0s
2174 rows, 3195 cols, 6718 nonzeros 0s
Presolve reductions: rows 2174(-8579); columns 3195(-6214); nonzeros 6718(-18819) 

Solving MIP model with:
   2174 rows
   3195 cols (338 binary, 0 integer, 0 implied int., 2857 continuous, 0 domain fixed)
   6718 nonzeros

Src: B => Branching; C => Central rounding; F => Feasibility pump; H => Heuristic;
     I => Shifting; J => Feasibility jump; L => Sub-MIP; P => Empty MIP; R => Randomized rounding;
     S => Solve LP; T => Evaluate node; U => Unbounded; X => User solution; Y => HiGHS solution;
     Z => ZI Round; l => Trivial lower; p => Trivial point; u => Trivial upper; z => Trivial zero

        Nodes      |    B&B Tree     |            Objective Bounds              |  Dynamic Constraints |       Work      
Src  Proc. InQueue |  Leaves   Expl. | BestBound       BestSol              Gap |   Cuts   InLp Confl. | LpIters     Time

 J       0       0         0   0.00%   -inf            21.97055289        Large        0      0      0         0     0.4s
         0       0         0   0.00%   20.6498573      21.97055289        6.01%        0      0      2       741     0.5s
 C       0       0         0   0.00%   20.6498573      20.6498573         0.00%        0      0      2       744     0.5s
         1       0         1 100.00%   20.6498573      20.6498573         0.00%        0      0      2       744     0.5s

Solving report
  Status            Optimal
  Primal bound      20.6498572979
  Dual bound        20.6498572979
  Gap               0% (tolerance: 0.5%)
  P-D integral      0.0212051420654
  Solution status   feasible
                    20.6498572979 (objective)
                    0 (bound viol.)
                    0 (int. viol.)
                    0 (row viol.)
  Timing            0.51
  Max sub-MIP depth 0
  Nodes             1
  Repair LPs        0
  LP iterations     744
                    0 (strong br.)
                    3 (separation)
                    0 (heuristics)
MIP has 10753 rows; 9409 cols; 25537 nonzeros; 1344 integer variables (1344 binary)
Coefficient ranges:
  Matrix  [2e-01, 2e+00]
  Cost    [1e-02, 6e-02]
  Bound   [1e+00, 1e+00]
  RHS     [4e-04, 4e+00]
Presolving model
8064 rows, 8485 cols, 21924 nonzeros 0s
6350 rows, 7105 cols, 17490 nonzeros 0s
4476 rows, 5466 cols, 12629 nonzeros 0s
4315 rows, 4023 cols, 8998 nonzeros 0s
2430 rows, 3470 cols, 7233 nonzeros 0s
1960 rows, 3018 cols, 6187 nonzeros 0s
1943 rows, 2965 cols, 6117 nonzeros 0s
Presolve reductions: rows 1943(-8810); columns 2965(-6444); nonzeros 6117(-19420) 

Solving MIP model with:
   1943 rows
   2965 cols (303 binary, 0 integer, 0 implied int., 2662 continuous, 0 domain fixed)
   6117 nonzeros

Src: B => Branching; C => Central rounding; F => Feasibility pump; H => Heuristic;
     I => Shifting; J => Feasibility jump; L => Sub-MIP; P => Empty MIP; R => Randomized rounding;
     S => Solve LP; T => Evaluate node; U => Unbounded; X => User solution; Y => HiGHS solution;
     Z => ZI Round; l => Trivial lower; p => Trivial point; u => Trivial upper; z => Trivial zero

        Nodes      |    B&B Tree     |            Objective Bounds              |  Dynamic Constraints |       Work      
Src  Proc. InQueue |  Leaves   Expl. | BestBound       BestSol              Gap |   Cuts   InLp Confl. | LpIters     Time

 J       0       0         0   0.00%   -inf            18.44090505        Large        0      0      0         0     0.5s
 T       0       0         0   0.00%   4.351778371     17.32581178       74.88%        0      0      0       709     0.5s
         1       0         1 100.00%   17.32581178     17.32581178        0.00%        0      0      0       709     0.5s

Solving report
  Status            Optimal
  Primal bound      17.3258117811
  Dual bound        17.3258117811
  Gap               0% (tolerance: 0.5%)
  P-D integral      0.0214452865844
  Solution status   feasible
                    17.3258117811 (objective)
                    0 (bound viol.)
                    0 (int. viol.)
                    0 (row viol.)
  Timing            0.50
  Max sub-MIP depth 0
  Nodes             1
  Repair LPs        0
  LP iterations     709
                    0 (strong br.)
                    0 (separation)
                    0 (heuristics)
MIP has 10753 rows; 9409 cols; 25537 nonzeros; 1344 integer variables (1344 binary)
Coefficient ranges:
  Matrix  [2e-01, 2e+00]
  Cost    [1e-02, 6e-02]
  Bound   [1e+00, 1e+00]
  RHS     [6e-05, 4e+00]
WARNING: Problem has some excessively small row bounds
Presolving model
8064 rows, 8504 cols, 21943 nonzeros 0s
6364 rows, 7138 cols, 17537 nonzeros 0s
4514 rows, 5529 cols, 12730 nonzeros 0s
4357 rows, 4120 cols, 9137 nonzeros 0s
2485 rows, 3581 cols, 7395 nonzeros 0s
1873 rows, 3030 cols, 5984 nonzeros 0s
1813 rows, 2970 cols, 5864 nonzeros 0s
Presolve reductions: rows 1813(-8940); columns 2970(-6439); nonzeros 5864(-19673) 

Solving MIP model with:
   1813 rows
   2970 cols (271 binary, 0 integer, 0 implied int., 2699 continuous, 0 domain fixed)
   5864 nonzeros

Src: B => Branching; C => Central rounding; F => Feasibility pump; H => Heuristic;
     I => Shifting; J => Feasibility jump; L => Sub-MIP; P => Empty MIP; R => Randomized rounding;
     S => Solve LP; T => Evaluate node; U => Unbounded; X => User solution; Y => HiGHS solution;
     Z => ZI Round; l => Trivial lower; p => Trivial point; u => Trivial upper; z => Trivial zero

        Nodes      |    B&B Tree     |            Objective Bounds              |  Dynamic Constraints |       Work      
Src  Proc. InQueue |  Leaves   Expl. | BestBound       BestSol              Gap |   Cuts   InLp Confl. | LpIters     Time

 J       0       0         0   0.00%   -inf            19.60078716        Large        0      0      0         0     0.4s
 T       0       0         0   0.00%   4.165047613     18.86228907       77.92%        0      0      0       638     0.5s
         1       0         1 100.00%   18.86228907     18.86228907        0.00%        0      0      0       638     0.5s

Solving report
  Status            Optimal
  Primal bound      18.8622890659
  Dual bound        18.8622890659
  Gap               0% (tolerance: 0.5%)
  P-D integral      0.0188681792516
  Solution status   feasible
                    18.8622890659 (objective)
                    0 (bound viol.)
                    0 (int. viol.)
                    0 (row viol.)
  Timing            0.46
  Max sub-MIP depth 0
  Nodes             1
  Repair LPs        0
  LP iterations     638
                    0 (strong br.)
                    0 (separation)
                    0 (heuristics)
MIP has 10753 rows; 9409 cols; 25537 nonzeros; 1344 integer variables (1344 binary)
Coefficient ranges:
  Matrix  [2e-01, 2e+00]
  Cost    [1e-02, 6e-02]
  Bound   [1e+00, 1e+00]
  RHS     [6e-05, 4e+00]
WARNING: Problem has some excessively small row bounds
Presolving model
8064 rows, 8562 cols, 22001 nonzeros 0s
6367 rows, 7199 cols, 17605 nonzeros 0s
4529 rows, 5607 cols, 12839 nonzeros 0s
4393 rows, 4201 cols, 9293 nonzeros 0s
2527 rows, 3671 cols, 7565 nonzeros 0s
2169 rows, 3323 cols, 6819 nonzeros 0s
Presolve reductions: rows 2169(-8584); columns 3323(-6086); nonzeros 6819(-18718) 

Solving MIP model with:
   2169 rows
   3323 cols (332 binary, 0 integer, 0 implied int., 2991 continuous, 0 domain fixed)
   6819 nonzeros

Src: B => Branching; C => Central rounding; F => Feasibility pump; H => Heuristic;
     I => Shifting; J => Feasibility jump; L => Sub-MIP; P => Empty MIP; R => Randomized rounding;
     S => Solve LP; T => Evaluate node; U => Unbounded; X => User solution; Y => HiGHS solution;
     Z => ZI Round; l => Trivial lower; p => Trivial point; u => Trivial upper; z => Trivial zero

        Nodes      |    B&B Tree     |            Objective Bounds              |  Dynamic Constraints |       Work      
Src  Proc. InQueue |  Leaves   Expl. | BestBound       BestSol              Gap |   Cuts   InLp Confl. | LpIters     Time

 J       0       0         0   0.00%   -inf            21.24376304        Large        0      0      0         0     0.4s
 T       0       0         0   0.00%   3.910975607     19.97071968       80.42%        0      0      0       724     0.5s
         1       0         1 100.00%   19.97071968     19.97071968        0.00%        0      0      0       724     0.5s

Solving report
  Status            Optimal
  Primal bound      19.9707196781
  Dual bound        19.9707196781
  Gap               0% (tolerance: 0.5%)
  P-D integral      0.0186334605721
  Solution status   feasible
                    19.9707196781 (objective)
                    0 (bound viol.)
                    0 (int. viol.)
                    0 (row viol.)
  Timing            0.48
  Max sub-MIP depth 0
  Nodes             1
  Repair LPs        0
  LP iterations     724
                    0 (strong br.)
                    0 (separation)
                    0 (heuristics)
MIP has 10754 rows; 9409 cols; 25538 nonzeros; 1344 integer variables (1344 binary)
Coefficient ranges:
  Matrix  [2e-01, 2e+00]
  Cost    [1e-02, 6e-02]
  Bound   [1e+00, 1e+00]
  RHS     [6e-05, 4e+00]
WARNING: Problem has some excessively small row bounds
Presolving model
8064 rows, 8561 cols, 22000 nonzeros 0s
6357 rows, 7188 cols, 17580 nonzeros 0s
4491 rows, 5561 cols, 12739 nonzeros 0s
4334 rows, 4116 cols, 9115 nonzeros 0s
2488 rows, 3593 cols, 7432 nonzeros 0s
2148 rows, 3011 cols, 6461 nonzeros 0s
2072 rows, 2878 cols, 6268 nonzeros 0s
Presolve reductions: rows 2072(-8682); columns 2878(-6531); nonzeros 6268(-19270) 

Solving MIP model with:
   2072 rows
   2878 cols (330 binary, 0 integer, 0 implied int., 2548 continuous, 0 domain fixed)
   6268 nonzeros

Src: B => Branching; C => Central rounding; F => Feasibility pump; H => Heuristic;
     I => Shifting; J => Feasibility jump; L => Sub-MIP; P => Empty MIP; R => Randomized rounding;
     S => Solve LP; T => Evaluate node; U => Unbounded; X => User solution; Y => HiGHS solution;
     Z => ZI Round; l => Trivial lower; p => Trivial point; u => Trivial upper; z => Trivial zero

        Nodes      |    B&B Tree     |            Objective Bounds              |  Dynamic Constraints |       Work      
Src  Proc. InQueue |  Leaves   Expl. | BestBound       BestSol              Gap |   Cuts   InLp Confl. | LpIters     Time

         0       0         0   0.00%   8.700323358     inf                  inf        0      0      0         0     0.5s
 T       0       0         0   0.00%   8.700323358     19.7763886        56.01%        0      0      0       725     0.5s
         1       0         1 100.00%   19.7763886      19.7763886         0.00%        0      0      0       725     0.5s

Solving report
  Status            Optimal
  Primal bound      19.7763886011
  Dual bound        19.7763886011
  Gap               0% (tolerance: 0.5%)
  P-D integral      3.71883211746e-05
  Solution status   feasible
                    19.7763886011 (objective)
                    0 (bound viol.)
                    0 (int. viol.)
                    0 (row viol.)
  Timing            0.52
  Max sub-MIP depth 0
  Nodes             1
  Repair LPs        0
  LP iterations     725
                    0 (strong br.)
                    0 (separation)
                    0 (heuristics)
