MIP has 10753 rows; 9409 cols; 25537 nonzeros; 1344 integer variables (1344 binary)
Coefficient ranges:
  Matrix  [2e-01, 3e+00]
  Cost    [1e-02, 6e-02]
  Bound   [1e+00, 1e+00]
  RHS     [1e-03, 5e+00]
Presolving model
8064 rows, 8411 cols, 21850 nonzeros 0s
6233 rows, 6874 cols, 17066 nonzeros 0s
4269 rows, 5113 cols, 11925 nonzeros 0s
4175 rows, 3775 cols, 8549 nonzeros 0s
2158 rows, 3054 cols, 6339 nonzeros 0s
1939 rows, 2224 cols, 4114 nonzeros 0s
670 rows, 1739 cols, 2660 nonzeros 0s
486 rows, 1554 cols, 2291 nonzeros 0s
462 rows, 1400 cols, 2113 nonzeros 0s
Presolve reductions: rows 462(-10291); columns 1400(-8009); nonzeros 2113(-23424) 

Solving MIP model with:
   462 rows
   1400 cols (63 binary, 0 integer, 0 implied int., 1337 continuous, 0 domain fixed)
   2113 nonzeros

Src: B => Branching; C => Central rounding; F => Feasibility pump; H => Heuristic;
     I => Shifting; J => Feasibility jump; L => Sub-MIP; P => Empty MIP; R => Randomized rounding;
     S => Solve LP; T => Evaluate node; U => Unbounded; X => User solution; Y => HiGHS solution;
     Z => ZI Round; l => Trivial lower; p => Trivial point; u => Trivial upper; z => Trivial zero

        Nodes      |    B&B Tree     |            Objective Bounds              |  Dynamic Constraints |       Work      
Src  Proc. InQueue |  Leaves   Expl. | BestBound       BestSol              Gap |   Cuts   InLp Confl. | LpIters     Time

 J       0       0         0   0.00%   -inf            22.14753249        Large        0      0      0         0     0.4s
 T       0       0         0   0.00%   -0.9948183951   18.77264623      105.30%        0      0      0       177     0.4s
         1       0         1 100.00%   18.77264623     18.77264623        0.00%        0      0      0       177     0.4s

Solving report
  Status            Optimal
  Primal bound      18.7726462316
  Dual bound        18.7726462316
  Gap               0% (tolerance: 0.5%)
  P-D integral      0.0102239384547
  Solution status   feasible
                    18.7726462316 (objective)
                    0 (bound viol.)
                    0 (int. viol.)
                    0 (row viol.)
  Timing            0.42
  Max sub-MIP depth 0
  Nodes             1
  Repair LPs        0
  LP iterations     177
                    0 (strong br.)
                    0 (separation)
                    0 (heuristics)
MIP has 10753 rows; 9409 cols; 25537 nonzeros; 1344 integer variables (1344 binary)
Coefficient ranges:
  Matrix  [2e-01, 3e+00]
  Cost    [1e-02, 6e-02]
  Bound   [1e+00, 1e+00]
  RHS     [1e-03, 5e+00]
Presolving model
8064 rows, 8410 cols, 21849 nonzeros 0s
6219 rows, 6855 cols, 17025 nonzeros 0s
4252 rows, 5092 cols, 11875 nonzeros 0s
4152 rows, 3734 cols, 8464 nonzeros 0s
2148 rows, 3032 cols, 6307 nonzeros 0s
1940 rows, 2211 cols, 4102 nonzeros 0s
669 rows, 1724 cols, 2636 nonzeros 0s
476 rows, 1525 cols, 2244 nonzeros 0s
445 rows, 1356 cols, 2044 nonzeros 0s
Presolve reductions: rows 445(-10308); columns 1356(-8053); nonzeros 2044(-23493) 

Solving MIP model with:
   445 rows
   1356 cols (61 binary, 0 integer, 0 implied int., 1295 continuous, 0 domain fixed)
   2044 nonzeros

Src: B => Branching; C => Central rounding; F => Feasibility pump; H => Heuristic;
     I => Shifting; J => Feasibility jump; L => Sub-MIP; P => Empty MIP; R => Randomized rounding;
     S => Solve LP; T => Evaluate node; U => Unbounded; X => User solution; Y => HiGHS solution;
     Z => ZI Round; l => Trivial lower; p => Trivial point; u => Trivial upper; z => Trivial zero

        Nodes      |    B&B Tree     |            Objective Bounds              |  Dynamic Constraints |       Work      
Src  Proc. InQueue |  Leaves   Expl. | BestBound       BestSol              Gap |   Cuts   InLp Confl. | LpIters     Time

 J       0       0         0   0.00%   -inf            24.47236644        Large        0      0      0         0     0.4s
 T       0       0         0   0.00%   -1.053356101    21.09592581      104.99%        0      0      0       162     0.4s
         1       0         1 100.00%   21.09592581     21.09592581        0.00%        0      0      0       162     0.4s

Solving report
  Status            Optimal
  Primal bound      21.0959258089
  Dual bound        21.0959258089
  Gap               0% (tolerance: 0.5%)
  P-D integral      0.00995231332127
  Solution status   feasible
                    21.0959258089 (objective)
                    0 (bound viol.)
                    0 (int. viol.)
                    0 (row viol.)
  Timing            0.40
  Max sub-MIP depth 0
  Nodes             1
  Repair LPs        0
  LP iterations     162
                    0 (strong br.)
                    0 (separation)
                    0 (heuristics)
MIP has 10753 rows; 9409 cols; 25537 nonzeros; 1344 integer variables (1344 binary)
Coefficient ranges:
  Matrix  [2e-01, 3e+00]
  Cost    [1e-02, 6e-02]
  Bound   [1e+00, 1e+00]
  RHS     [2e-03, 5e+00]
Presolving model
8064 rows, 8411 cols, 21850 nonzeros 0s
6209 rows, 6843 cols, 16999 nonzeros 0s
4227 rows, 5047 cols, 11789 nonzeros 0s
4130 rows, 3712 cols, 8419 nonzeros 0s
2103 rows, 2977 cols, 6175 nonzeros 0s
1891 rows, 2098 cols, 3800 nonzeros 0s
512 rows, 1575 cols, 2226 nonzeros 0s
351 rows, 1414 cols, 1904 nonzeros 0s
285 rows, 1179 cols, 1603 nonzeros 0s
283 rows, 1167 cols, 1589 nonzeros 0s
Presolve reductions: rows 283(-10470); columns 1167(-8242); nonzeros 1589(-23948) 

Solving MIP model with:
   283 rows
   1167 cols (35 binary, 0 integer, 0 implied int., 1132 continuous, 0 domain fixed)
   1589 nonzeros

Src: B => Branching; C => Central rounding; F => Feasibility pump; H => Heuristic;
     I => Shifting; J => Feasibility jump; L => Sub-MIP; P => Empty MIP; R => Randomized rounding;
     S => Solve LP; T => Evaluate node; U => Unbounded; X => User solution; Y => HiGHS solution;
     Z => ZI Round; l => Trivial lower; p => Trivial point; u => Trivial upper; z => Trivial zero

        Nodes      |    B&B Tree     |            Objective Bounds              |  Dynamic Constraints |       Work      
Src  Proc. InQueue |  Leaves   Expl. | BestBound       BestSol              Gap |   Cuts   InLp Confl. | LpIters     Time

 J       0       0         0   0.00%   -inf            22.70509666        Large        0      0      0         0     0.4s
 T       0       0         0   0.00%   -0.5732065897   20.76707586      102.76%        0      0      0       106     0.4s
         1       0         1 100.00%   20.76707586     20.76707586        0.00%        0      0      0       106     0.4s

Solving report
  Status            Optimal
  Primal bound      20.7670758633
  Dual bound        20.7670758633
  Gap               0% (tolerance: 0.5%)
  P-D integral      0.00717948817575
  Solution status   feasible
                    20.7670758633 (objective)
                    0 (bound viol.)
                    0 (int. viol.)
                    0 (row viol.)
  Timing            0.40
  Max sub-MIP depth 0
  Nodes             1
  Repair LPs        0
  LP iterations     106
                    0 (strong br.)
                    0 (separation)
                    0 (heuristics)
MIP has 10753 rows; 9409 cols; 25537 nonzeros; 1344 integer variables (1344 binary)
Coefficient ranges:
  Matrix  [2e-01, 3e+00]
  Cost    [1e-02, 6e-02]
  Bound   [1e+00, 1e+00]
  RHS     [1e-17, 5e+00]
WARNING: Problem has some excessively small row bounds
Presolving model
8064 rows, 8404 cols, 21843 nonzeros 0s
6224 rows, 6857 cols, 17036 nonzeros 0s
4250 rows, 5086 cols, 11875 nonzeros 0s
4153 rows, 3733 cols, 8481 nonzeros 0s
2142 rows, 3018 cols, 6283 nonzeros 0s
1929 rows, 2177 cols, 4026 nonzeros 0s
611 rows, 1644 cols, 2470 nonzeros 0s
449 rows, 1456 cols, 2120 nonzeros 0s
388 rows, 1193 cols, 1796 nonzeros 0s
383 rows, 1126 cols, 1724 nonzeros 0s
Presolve reductions: rows 383(-10370); columns 1126(-8283); nonzeros 1724(-23813) 

Solving MIP model with:
   383 rows
   1126 cols (54 binary, 0 integer, 0 implied int., 1072 continuous, 0 domain fixed)
   1724 nonzeros

Src: B => Branching; C => Central rounding; F => Feasibility pump; H => Heuristic;
     I => Shifting; J => Feasibility jump; L => Sub-MIP; P => Empty MIP; R => Randomized rounding;
     S => Solve LP; T => Evaluate node; U => Unbounded; X => User solution; Y => HiGHS solution;
     Z => ZI Round; l => Trivial lower; p => Trivial point; u => Trivial upper; z => Trivial zero

        Nodes      |    B&B Tree     |            Objective Bounds              |  Dynamic Constraints |       Work      
Src  Proc. InQueue |  Leaves   Expl. | BestBound       BestSol              Gap |   Cuts   InLp Confl. | LpIters     Time

 J       0       0         0   0.00%   -inf            23.20624977        Large        0      0      0         0     0.4s
 T       0       0         0   0.00%   2.274222874     18.724661         87.85%        0      0      0       146     0.4s
         1       0         1 100.00%   18.724661       18.724661          0.00%        0      0      0       146     0.4s

Solving report
  Status            Optimal
  Primal bound      18.7246609989
  Dual bound        18.7246609989
  Gap               0% (tolerance: 0.5%)
  P-D integral      0.00876170254899
  Solution status   feasible
                    18.7246609989 (objective)
                    0 (bound viol.)
                    0 (int. viol.)
                    0 (row viol.)
  Timing            0.44
  Max sub-MIP depth 0
  Nodes             1
  Repair LPs        0
  LP iterations     146
                    0 (strong br.)
                    0 (separation)
                    0 (heuristics)
MIP has 10753 rows; 9409 cols; 25537 nonzeros; 1344 integer variables (1344 binary)
Coefficient ranges:
  Matrix  [2e-01, 3e+00]
  Cost    [1e-02, 6e-02]
  Bound   [1e+00, 1e+00]
  RHS     [1e-17, 5e+00]
WARNING: Problem has some excessively small row bounds
Presolving model
8064 rows, 8430 cols, 21869 nonzeros 0s
6188 rows, 6834 cols, 16953 nonzeros 0s
4219 rows, 5062 cols, 11800 nonzeros 0s
4117 rows, 3697 cols, 8380 nonzeros 0s
2112 rows, 2994 cols, 6225 nonzeros 0s
1880 rows, 2271 cols, 4322 nonzeros 0s
868 rows, 1886 cols, 3173 nonzeros 0s
697 rows, 1590 cols, 2706 nonzeros 0s
697 rows, 1590 cols, 2706 nonzeros 0s
Presolve reductions: rows 697(-10056); columns 1590(-7819); nonzeros 2706(-22831) 

Solving MIP model with:
   697 rows
   1590 cols (105 binary, 0 integer, 0 implied int., 1485 continuous, 0 domain fixed)
   2706 nonzeros

Src: B => Branching; C => Central rounding; F => Feasibility pump; H => Heuristic;
     I => Shifting; J => Feasibility jump; L => Sub-MIP; P => Empty MIP; R => Randomized rounding;
     S => Solve LP; T => Evaluate node; U => Unbounded; X => User solution; Y => HiGHS solution;
     Z => ZI Round; l => Trivial lower; p => Trivial point; u => Trivial upper; z => Trivial zero

        Nodes      |    B&B Tree     |            Objective Bounds              |  Dynamic Constraints |       Work      
Src  Proc. InQueue |  Leaves   Expl. | BestBound       BestSol              Gap |   Cuts   InLp Confl. | LpIters     Time

 J       0       0         0   0.00%   -inf            21.04138772        Large        0      0      0         0     0.4s
 T       0       0         0   0.00%   -2.762980501    12.15376937      122.73%        0      0      0       276     0.5s
         1       0         1 100.00%   12.15376937     12.15376937        0.00%        0      0      0       276     0.5s

Solving report
  Status            Optimal
  Primal bound      12.153769371
  Dual bound        12.153769371
  Gap               0% (tolerance: 0.5%)
  P-D integral      0.0355197777261
  Solution status   feasible
                    12.153769371 (objective)
                    0 (bound viol.)
                    0 (int. viol.)
                    0 (row viol.)
  Timing            0.47
  Max sub-MIP depth 0
  Nodes             1
  Repair LPs        0
  LP iterations     276
                    0 (strong br.)
                    0 (separation)
                    0 (heuristics)
MIP has 10753 rows; 9409 cols; 25537 nonzeros; 1344 integer variables (1344 binary)
Coefficient ranges:
  Matrix  [2e-01, 3e+00]
  Cost    [1e-02, 6e-02]
  Bound   [1e+00, 1e+00]
  RHS     [6e-17, 5e+00]
WARNING: Problem has some excessively small row bounds
Presolving model
8064 rows, 8504 cols, 21943 nonzeros 0s
6180 rows, 6896 cols, 16999 nonzeros 0s
4172 rows, 5074 cols, 11733 nonzeros 0s
4050 rows, 3661 cols, 8272 nonzeros 0s
2003 rows, 2898 cols, 5952 nonzeros 0s
1759 rows, 2270 cols, 4360 nonzeros 0s
950 rows, 1902 cols, 3351 nonzeros 0s
821 rows, 1645 cols, 2965 nonzeros 0s
Presolve reductions: rows 821(-9932); columns 1645(-7764); nonzeros 2965(-22572) 

Solving MIP model with:
   821 rows
   1645 cols (125 binary, 0 integer, 0 implied int., 1520 continuous, 0 domain fixed)
   2965 nonzeros

Src: B => Branching; C => Central rounding; F => Feasibility pump; H => Heuristic;
     I => Shifting; J => Feasibility jump; L => Sub-MIP; P => Empty MIP; R => Randomized rounding;
     S => Solve LP; T => Evaluate node; U => Unbounded; X => User solution; Y => HiGHS solution;
     Z => ZI Round; l => Trivial lower; p => Trivial point; u => Trivial upper; z => Trivial zero

        Nodes      |    B&B Tree     |            Objective Bounds              |  Dynamic Constraints |       Work      
Src  Proc. InQueue |  Leaves   Expl. | BestBound       BestSol              Gap |   Cuts   InLp Confl. | LpIters     Time

 J       0       0         0   0.00%   -inf            17.6916383         Large        0      0      0         0     0.4s
 T       0       0         0   0.00%   -2.996678687    7.387618047      140.56%        0      0      0       340     0.4s
         1       0         1 100.00%   7.387618047     7.387618047        0.00%        0      0      0       340     0.4s

Solving report
  Status            Optimal
  Primal bound      7.38761804714
  Dual bound        7.38761804714
  Gap               0% (tolerance: 0.5%)
  P-D integral      0.017166413443
  Solution status   feasible
                    7.38761804714 (objective)
                    0 (bound viol.)
                    0 (int. viol.)
                    0 (row viol.)
  Timing            0.39
  Max sub-MIP depth 0
  Nodes             1
  Repair LPs        0
  LP iterations     340
                    0 (strong br.)
                    0 (separation)
                    0 (heuristics)
MIP has 10753 rows; 9409 cols; 25537 nonzeros; 1344 integer variables (1344 binary)
Coefficient ranges:
  Matrix  [2e-01, 3e+00]
  Cost    [1e-02, 6e-02]
  Bound   [1e+00, 1e+00]
  RHS     [1e-17, 5e+00]
WARNING: Problem has some excessively small row bounds
Presolving model
8064 rows, 8548 cols, 21987 nonzeros 0s
6157 rows, 6909 cols, 16973 nonzeros 0s
4128 rows, 5051 cols, 11630 nonzeros 0s
4005 rows, 3647 cols, 8192 nonzeros 0s
1929 rows, 2845 cols, 5769 nonzeros 0s
1679 rows, 2239 cols, 4259 nonzeros 0s
939 rows, 1935 cols, 3361 nonzeros 0s
821 rows, 1707 cols, 3015 nonzeros 0s
Presolve reductions: rows 821(-9932); columns 1707(-7702); nonzeros 3015(-22522) 

Solving MIP model with:
   821 rows
   1707 cols (122 binary, 0 integer, 0 implied int., 1585 continuous, 0 domain fixed)
   3015 nonzeros

Src: B => Branching; C => Central rounding; F => Feasibility pump; H => Heuristic;
     I => Shifting; J => Feasibility jump; L => Sub-MIP; P => Empty MIP; R => Randomized rounding;
     S => Solve LP; T => Evaluate node; U => Unbounded; X => User solution; Y => HiGHS solution;
     Z => ZI Round; l => Trivial lower; p => Trivial point; u => Trivial upper; z => Trivial zero

        Nodes      |    B&B Tree     |            Objective Bounds              |  Dynamic Constraints |       Work      
Src  Proc. InQueue |  Leaves   Expl. | BestBound       BestSol              Gap |   Cuts   InLp Confl. | LpIters     Time

 J       0       0         0   0.00%   -inf            16.094792          Large        0      0      0         0     0.4s
 T       0       0         0   0.00%   -3.401961114    6.908321905      149.24%        0      0      0       353     0.4s
         1       0         1 100.00%   6.908321905     6.908321905        0.00%        0      0      0       353     0.4s

Solving report
  Status            Optimal
  Primal bound      6.90832190462
  Dual bound        6.90832190462
  Gap               0% (tolerance: 0.5%)
  P-D integral      0.0162439590252
  Solution status   feasible
                    6.90832190462 (objective)
                    0 (bound viol.)
                    0 (int. viol.)
                    0 (row viol.)
  Timing            0.41
  Max sub-MIP depth 0
  Nodes             1
  Repair LPs        0
  LP iterations     353
                    0 (strong br.)
                    0 (separation)
                    0 (heuristics)
MIP has 10753 rows; 9409 cols; 25537 nonzeros; 1344 integer variables (1344 binary)
Coefficient ranges:
  Matrix  [2e-01, 3e+00]
  Cost    [1e-02, 6e-02]
  Bound   [1e+00, 1e+00]
  RHS     [1e-17, 5e+00]
WARNING: Problem has some excessively small row bounds
Presolving model
8064 rows, 8572 cols, 22011 nonzeros 0s
6116 rows, 6879 cols, 16874 nonzeros 0s
4074 rows, 5000 cols, 11489 nonzeros 0s
3946 rows, 3577 cols, 8042 nonzeros 0s
1837 rows, 2730 cols, 5506 nonzeros 0s
1577 rows, 2132 cols, 4045 nonzeros 0s
858 rows, 1787 cols, 3096 nonzeros 0s
747 rows, 1636 cols, 2834 nonzeros 0s
Presolve reductions: rows 747(-10006); columns 1636(-7773); nonzeros 2834(-22703) 

Solving MIP model with:
   747 rows
   1636 cols (113 binary, 0 integer, 0 implied int., 1523 continuous, 0 domain fixed)
   2834 nonzeros

Src: B => Branching; C => Central rounding; F => Feasibility pump; H => Heuristic;
     I => Shifting; J => Feasibility jump; L => Sub-MIP; P => Empty MIP; R => Randomized rounding;
     S => Solve LP; T => Evaluate node; U => Unbounded; X => User solution; Y => HiGHS solution;
     Z => ZI Round; l => Trivial lower; p => Trivial point; u => Trivial upper; z => Trivial zero

        Nodes      |    B&B Tree     |            Objective Bounds              |  Dynamic Constraints |       Work      
Src  Proc. InQueue |  Leaves   Expl. | BestBound       BestSol              Gap |   Cuts   InLp Confl. | LpIters     Time

 J       0       0         0   0.00%   -inf            9.625613761        Large        0      0      0         0     0.5s
 T       0       0         0   0.00%   -2.750904822    3.044611138      190.35%        0      0      0       318     0.5s
         1       0         1 100.00%   3.044611138     3.044611138        0.00%        0      0      0       318     0.5s

Solving report
  Status            Optimal
  Primal bound      3.04461113771
  Dual bound        3.04461113771
  Gap               0% (tolerance: 0.5%)
  P-D integral      0.0198889704084
  Solution status   feasible
                    3.04461113771 (objective)
                    0 (bound viol.)
                    0 (int. viol.)
                    0 (row viol.)
  Timing            0.47
  Max sub-MIP depth 0
  Nodes             1
  Repair LPs        0
  LP iterations     318
                    0 (strong br.)
                    0 (separation)
                    0 (heuristics)
MIP has 10753 rows; 9409 cols; 25537 nonzeros; 1344 integer variables (1344 binary)
Coefficient ranges:
  Matrix  [2e-01, 3e+00]
  Cost    [1e-02, 6e-02]
  Bound   [1e+00, 1e+00]
  RHS     [1e-03, 7e+00]
Presolving model
8064 rows, 8597 cols, 22036 nonzeros 0s
6136 rows, 6930 cols, 16956 nonzeros 0s
4059 rows, 5014 cols, 11481 nonzeros 0s
3949 rows, 3615 cols, 8085 nonzeros 0s
1813 rows, 2737 cols, 5470 nonzeros 0s
1552 rows, 2204 cols, 4166 nonzeros 0s
975 rows, 1962 cols, 3461 nonzeros 0s
880 rows, 1839 cols, 3243 nonzeros 0s
Presolve reductions: rows 880(-9873); columns 1839(-7570); nonzeros 3243(-22294) 

Solving MIP model with:
   880 rows
   1839 cols (132 binary, 0 integer, 0 implied int., 1707 continuous, 0 domain fixed)
   3243 nonzeros

Src: B => Branching; C => Central rounding; F => Feasibility pump; H => Heuristic;
     I => Shifting; J => Feasibility jump; L => Sub-MIP; P => Empty MIP; R => Randomized rounding;
     S => Solve LP; T => Evaluate node; U => Unbounded; X => User solution; Y => HiGHS solution;
     Z => ZI Round; l => Trivial lower; p => Trivial point; u => Trivial upper; z => Trivial zero

        Nodes      |    B&B Tree     |            Objective Bounds              |  Dynamic Constraints |       Work      
Src  Proc. InQueue |  Leaves   Expl. | BestBound       BestSol              Gap |   Cuts   InLp Confl. | LpIters     Time

 J       0       0         0   0.00%   -inf            10.08921171        Large        0      0      0         0     0.4s
 T       0       0         0   0.00%   -3.503033673    2.445578853      243.24%        0      0      0       360     0.4s
         1       0         1 100.00%   2.445578853     2.445578853        0.00%        0      0      0       360     0.4s

Solving report
  Status            Optimal
  Primal bound      2.44557885304
  Dual bound        2.44557885304
  Gap               0% (tolerance: 0.5%)
  P-D integral      0.0196724280527
  Solution status   feasible
                    2.44557885304 (objective)
                    0 (bound viol.)
                    0 (int. viol.)
                    0 (row viol.)
  Timing            0.42
  Max sub-MIP depth 0
  Nodes             1
  Repair LPs        0
  LP iterations     360
                    0 (strong br.)
                    0 (separation)
                    0 (heuristics)
MIP has 10753 rows; 9409 cols; 25537 nonzeros; 1344 integer variables (1344 binary)
Coefficient ranges:
  Matrix  [2e-01, 3e+00]
  Cost    [1e-02, 6e-02]
  Bound   [1e+00, 1e+00]
  RHS     [6e-17, 7e+00]
WARNING: Problem has some excessively small row bounds
Presolving model
8064 rows, 8633 cols, 22072 nonzeros 0s
6146 rows, 6982 cols, 17024 nonzeros 0s
4059 rows, 5043 cols, 11506 nonzeros 0s
3904 rows, 3574 cols, 7976 nonzeros 0s
1820 rows, 2743 cols, 5487 nonzeros 0s
1548 rows, 2306 cols, 4498 nonzeros 0s
1188 rows, 2068 cols, 3966 nonzeros 0s
1188 rows, 2042 cols, 3940 nonzeros 0s
Presolve reductions: rows 1188(-9565); columns 2042(-7367); nonzeros 3940(-21597) 

Solving MIP model with:
   1188 rows
   2042 cols (179 binary, 0 integer, 0 implied int., 1863 continuous, 0 domain fixed)
   3940 nonzeros

Src: B => Branching; C => Central rounding; F => Feasibility pump; H => Heuristic;
     I => Shifting; J => Feasibility jump; L => Sub-MIP; P => Empty MIP; R => Randomized rounding;
     S => Solve LP; T => Evaluate node; U => Unbounded; X => User solution; Y => HiGHS solution;
     Z => ZI Round; l => Trivial lower; p => Trivial point; u => Trivial upper; z => Trivial zero

        Nodes      |    B&B Tree     |            Objective Bounds              |  Dynamic Constraints |       Work      
Src  Proc. InQueue |  Leaves   Expl. | BestBound       BestSol              Gap |   Cuts   InLp Confl. | LpIters     Time

 J       0       0         0   0.00%   -inf            13.41955303        Large        0      0      0         0     0.4s
 T       0       0         0   0.00%   -4.775410697    2.395457773      299.35%        0      0      0       500     0.5s
         1       0         1 100.00%   2.395457773     2.395457773        0.00%        0      0      0       500     0.5s

Solving report
  Status            Optimal
  Primal bound      2.3954577735
  Dual bound        2.3954577735
  Gap               0% (tolerance: 0.5%)
  P-D integral      0.0269410134394
  Solution status   feasible
                    2.3954577735 (objective)
                    0 (bound viol.)
                    0 (int. viol.)
                    0 (row viol.)
  Timing            0.46
  Max sub-MIP depth 0
  Nodes             1
  Repair LPs        0
  LP iterations     500
                    0 (strong br.)
                    0 (separation)
                    0 (heuristics)
MIP has 10753 rows; 9409 cols; 25537 nonzeros; 1344 integer variables (1344 binary)
Coefficient ranges:
  Matrix  [2e-01, 3e+00]
  Cost    [1e-02, 6e-02]
  Bound   [1e+00, 1e+00]
  RHS     [6e-17, 6e+00]
WARNING: Problem has some excessively small row bounds
Presolving model
8064 rows, 8620 cols, 22059 nonzeros 0s
6133 rows, 6946 cols, 16966 nonzeros 0s
4093 rows, 5071 cols, 11595 nonzeros 0s
3956 rows, 3626 cols, 8114 nonzeros 0s
1851 rows, 2787 cols, 5589 nonzeros 0s
1585 rows, 2351 cols, 4602 nonzeros 0s
1200 rows, 2098 cols, 4021 nonzeros 0s
1197 rows, 2045 cols, 3965 nonzeros 0s
Presolve reductions: rows 1197(-9556); columns 2045(-7364); nonzeros 3965(-21572) 

Solving MIP model with:
   1197 rows
   2045 cols (181 binary, 0 integer, 0 implied int., 1864 continuous, 0 domain fixed)
   3965 nonzeros

Src: B => Branching; C => Central rounding; F => Feasibility pump; H => Heuristic;
     I => Shifting; J => Feasibility jump; L => Sub-MIP; P => Empty MIP; R => Randomized rounding;
     S => Solve LP; T => Evaluate node; U => Unbounded; X => User solution; Y => HiGHS solution;
     Z => ZI Round; l => Trivial lower; p => Trivial point; u => Trivial upper; z => Trivial zero

        Nodes      |    B&B Tree     |            Objective Bounds              |  Dynamic Constraints |       Work      
Src  Proc. InQueue |  Leaves   Expl. | BestBound       BestSol              Gap |   Cuts   InLp Confl. | LpIters     Time

 J       0       0         0   0.00%   -inf            12.9456851         Large        0      0      0         0     0.4s
 T       0       0         0   0.00%   -5.741065577    1.495720561      483.83%        0      0      0       503     0.4s
         1       0         1 100.00%   1.495720561     1.495720561        0.00%        0      0      0       503     0.4s

Solving report
  Status            Optimal
  Primal bound      1.49572056114
  Dual bound        1.49572056114
  Gap               0% (tolerance: 0.5%)
  P-D integral      0.0281463536308
  Solution status   feasible
                    1.49572056114 (objective)
                    0 (bound viol.)
                    0 (int. viol.)
                    0 (row viol.)
  Timing            0.43
  Max sub-MIP depth 0
  Nodes             1
  Repair LPs        0
  LP iterations     503
                    0 (strong br.)
                    0 (separation)
                    0 (heuristics)
MIP has 10753 rows; 9409 cols; 25537 nonzeros; 1344 integer variables (1344 binary)
Coefficient ranges:
  Matrix  [2e-01, 3e+00]
  Cost    [1e-02, 6e-02]
  Bound   [1e+00, 1e+00]
  RHS     [1e-16, 7e+00]
WARNING: Problem has some excessively small row bounds
Presolving model
8064 rows, 8607 cols, 22046 nonzeros 0s
6156 rows, 6967 cols, 17029 nonzeros 0s
4110 rows, 5087 cols, 11639 nonzeros 0s
3983 rows, 3668 cols, 8191 nonzeros 0s
1879 rows, 2832 cols, 5679 nonzeros 0s
1608 rows, 2389 cols, 4656 nonzeros 0s
1202 rows, 2189 cols, 4103 nonzeros 0s
1175 rows, 2054 cols, 3941 nonzeros 0s
Presolve reductions: rows 1175(-9578); columns 2054(-7355); nonzeros 3941(-21596) 

Solving MIP model with:
   1175 rows
   2054 cols (179 binary, 0 integer, 0 implied int., 1875 continuous, 0 domain fixed)
   3941 nonzeros

Src: B => Branching; C => Central rounding; F => Feasibility pump; H => Heuristic;
     I => Shifting; J => Feasibility jump; L => Sub-MIP; P => Empty MIP; R => Randomized rounding;
     S => Solve LP; T => Evaluate node; U => Unbounded; X => User solution; Y => HiGHS solution;
     Z => ZI Round; l => Trivial lower; p => Trivial point; u => Trivial upper; z => Trivial zero

        Nodes      |    B&B Tree     |            Objective Bounds              |  Dynamic Constraints |       Work      
Src  Proc. InQueue |  Leaves   Expl. | BestBound       BestSol              Gap |   Cuts   InLp Confl. | LpIters     Time

 J       0       0         0   0.00%   -inf            13.92570802        Large        0      0      0         0     0.5s
 T       0       0         0   0.00%   -6.126374402    1.425451092      529.78%        0      0      0       493     0.5s
         1       0         1 100.00%   1.425451092     1.425451092        0.00%        0      0      0       493     0.5s

Solving report
  Status            Optimal
  Primal bound      1.42545109245
  Dual bound        1.42545109245
  Gap               0% (tolerance: 0.5%)
  P-D integral      0.0294580147458
  Solution status   feasible
                    1.42545109245 (objective)
                    0 (bound viol.)
                    0 (int. viol.)
                    0 (row viol.)
  Timing            0.53
  Max sub-MIP depth 0
  Nodes             1
  Repair LPs        0
  LP iterations     493
                    0 (strong br.)
                    0 (separation)
                    0 (heuristics)
MIP has 10753 rows; 9409 cols; 25537 nonzeros; 1344 integer variables (1344 binary)
Coefficient ranges:
  Matrix  [2e-01, 3e+00]
  Cost    [1e-02, 6e-02]
  Bound   [1e+00, 1e+00]
  RHS     [1e-16, 7e+00]
WARNING: Problem has some excessively small row bounds
Presolving model
8064 rows, 8639 cols, 22078 nonzeros 0s
6137 rows, 6971 cols, 16996 nonzeros 0s
4058 rows, 5047 cols, 11509 nonzeros 0s
3917 rows, 3592 cols, 8020 nonzeros 0s
1814 rows, 2751 cols, 5489 nonzeros 0s
1542 rows, 2306 cols, 4499 nonzeros 0s
1171 rows, 2077 cols, 3952 nonzeros 0s
1170 rows, 2037 cols, 3911 nonzeros 0s
Presolve reductions: rows 1170(-9583); columns 2037(-7372); nonzeros 3911(-21626) 

Solving MIP model with:
   1170 rows
   2037 cols (177 binary, 0 integer, 0 implied int., 1860 continuous, 0 domain fixed)
   3911 nonzeros

Src: B => Branching; C => Central rounding; F => Feasibility pump; H => Heuristic;
     I => Shifting; J => Feasibility jump; L => Sub-MIP; P => Empty MIP; R => Randomized rounding;
     S => Solve LP; T => Evaluate node; U => Unbounded; X => User solution; Y => HiGHS solution;
     Z => ZI Round; l => Trivial lower; p => Trivial point; u => Trivial upper; z => Trivial zero

        Nodes      |    B&B Tree     |            Objective Bounds              |  Dynamic Constraints |       Work      
Src  Proc. InQueue |  Leaves   Expl. | BestBound       BestSol              Gap |   Cuts   InLp Confl. | LpIters     Time

         0       0         0   0.00%   -5.353172843    inf                  inf        0      0      0         0     0.4s
 T       0       0         0   0.00%   -5.353172843    1.375678494      489.13%        0      0      0       502     0.4s
         1       0         1 100.00%   1.375678494     1.375678494        0.00%        0      0      0       502     0.4s

Solving report
  Status            Optimal
  Primal bound      1.37567849447
  Dual bound        1.37567849447
  Gap               0% (tolerance: 0.5%)
  P-D integral      0.000318912536886
  Solution status   feasible
                    1.37567849447 (objective)
                    0 (bound viol.)
                    0 (int. viol.)
                    0 (row viol.)
  Timing            0.44
  Max sub-MIP depth 0
  Nodes             1
  Repair LPs        0
  LP iterations     502
                    0 (strong br.)
                    0 (separation)
                    0 (heuristics)
MIP has 10753 rows; 9409 cols; 25537 nonzeros; 1344 integer variables (1344 binary)
Coefficient ranges:
  Matrix  [2e-01, 3e+00]
  Cost    [1e-02, 6e-02]
  Bound   [1e+00, 1e+00]
  RHS     [4e-17, 5e+00]
WARNING: Problem has some excessively small row bounds
Presolving model
8064 rows, 8691 cols, 22130 nonzeros 0s
6078 rows, 6943 cols, 16868 nonzeros 0s
3970 rows, 4983 cols, 11308 nonzeros 0s
3832 rows, 3512 cols, 7842 nonzeros 0s
1653 rows, 2555 cols, 5035 nonzeros 0s
1360 rows, 2183 cols, 4259 nonzeros 0s
1208 rows, 2072 cols, 4019 nonzeros 0s
Presolve reductions: rows 1208(-9545); columns 2072(-7337); nonzeros 4019(-21518) 

Solving MIP model with:
   1208 rows
   2072 cols (185 binary, 0 integer, 0 implied int., 1887 continuous, 0 domain fixed)
   4019 nonzeros

Src: B => Branching; C => Central rounding; F => Feasibility pump; H => Heuristic;
     I => Shifting; J => Feasibility jump; L => Sub-MIP; P => Empty MIP; R => Randomized rounding;
     S => Solve LP; T => Evaluate node; U => Unbounded; X => User solution; Y => HiGHS solution;
     Z => ZI Round; l => Trivial lower; p => Trivial point; u => Trivial upper; z => Trivial zero

        Nodes      |    B&B Tree     |            Objective Bounds              |  Dynamic Constraints |       Work      
Src  Proc. InQueue |  Leaves   Expl. | BestBound       BestSol              Gap |   Cuts   InLp Confl. | LpIters     Time

 J       0       0         0   0.00%   -inf            6.487989998        Large        0      0      0         0     0.5s
 T       0       0         0   0.00%   -4.753389258    -0.7088797379    570.55%        0      0      0       500     0.5s
         1       0         1 100.00%   -0.7088797379   -0.7088797379      0.00%        0      0      0       500     0.5s

Solving report
  Status            Optimal
  Primal bound      -0.708879737922
  Dual bound        -0.708879737922
  Gap               0% (tolerance: 0.5%)
  P-D integral      0.0351076811236
  Solution status   feasible
                    -0.708879737922 (objective)
                    0 (bound viol.)
                    0 (int. viol.)
                    0 (row viol.)
  Timing            0.49
  Max sub-MIP depth 0
  Nodes             1
  Repair LPs        0
  LP iterations     500
                    0 (strong br.)
                    0 (separation)
                    0 (heuristics)
MIP has 10753 rows; 9409 cols; 25537 nonzeros; 1344 integer variables (1344 binary)
Coefficient ranges:
  Matrix  [2e-01, 3e+00]
  Cost    [1e-02, 6e-02]
  Bound   [1e+00, 1e+00]
  RHS     [3e-17, 5e+00]
WARNING: Problem has some excessively small row bounds
Presolving model
8064 rows, 8706 cols, 22145 nonzeros 0s
6088 rows, 6972 cols, 16915 nonzeros 0s
3923 rows, 4935 cols, 11181 nonzeros 0s
3774 rows, 3440 cols, 7671 nonzeros 0s
1613 rows, 2523 cols, 4939 nonzeros 0s
1325 rows, 2175 cols, 4204 nonzeros 0s
1194 rows, 2110 cols, 4031 nonzeros 0s
Presolve reductions: rows 1194(-9559); columns 2110(-7299); nonzeros 4031(-21506) 

Solving MIP model with:
   1194 rows
   2110 cols (182 binary, 0 integer, 0 implied int., 1928 continuous, 0 domain fixed)
   4031 nonzeros

Src: B => Branching; C => Central rounding; F => Feasibility pump; H => Heuristic;
     I => Shifting; J => Feasibility jump; L => Sub-MIP; P => Empty MIP; R => Randomized rounding;
     S => Solve LP; T => Evaluate node; U => Unbounded; X => User solution; Y => HiGHS solution;
     Z => ZI Round; l => Trivial lower; p => Trivial point; u => Trivial upper; z => Trivial zero

        Nodes      |    B&B Tree     |            Objective Bounds              |  Dynamic Constraints |       Work      
Src  Proc. InQueue |  Leaves   Expl. | BestBound       BestSol              Gap |   Cuts   InLp Confl. | LpIters     Time

         0       0         0   0.00%   -5.349115534    inf                  inf        0      0      0         0     0.4s
 T       0       0         0   0.00%   -5.349115534    -2.961693593      80.61%        0      0      0       494     0.4s
         1       0         1 100.00%   -2.961693593    -2.961693593       0.00%        0      0      0       494     0.4s

Solving report
  Status            Optimal
  Primal bound      -2.96169359324
  Dual bound        -2.96169359324
  Gap               0% (tolerance: 0.5%)
  P-D integral      4.65119865729e-05
  Solution status   feasible
                    -2.96169359324 (objective)
                    0 (bound viol.)
                    0 (int. viol.)
                    0 (row viol.)
  Timing            0.43
  Max sub-MIP depth 0
  Nodes             1
  Repair LPs        0
  LP iterations     494
                    0 (strong br.)
                    0 (separation)
                    0 (heuristics)
MIP has 10753 rows; 9409 cols; 25537 nonzeros; 1344 integer variables (1344 binary)
Coefficient ranges:
  Matrix  [2e-01, 3e+00]
  Cost    [1e-02, 6e-02]
  Bound   [1e+00, 1e+00]
  RHS     [3e-17, 5e+00]
WARNING: Problem has some excessively small row bounds
Presolving model
8064 rows, 8699 cols, 22138 nonzeros 0s
6100 rows, 6982 cols, 16945 nonzeros 0s
3945 rows, 4960 cols, 11236 nonzeros 0s
3805 rows, 3487 cols, 7736 nonzeros 0s
1670 rows, 2610 cols, 5115 nonzeros 0s
1270 rows, 2215 cols, 4248 nonzeros 0s
1254 rows, 2196 cols, 4213 nonzeros 0s
Presolve reductions: rows 1254(-9499); columns 2196(-7213); nonzeros 4213(-21324) 

Solving MIP model with:
   1254 rows
   2196 cols (191 binary, 0 integer, 0 implied int., 2005 continuous, 0 domain fixed)
   4213 nonzeros

Src: B => Branching; C => Central rounding; F => Feasibility pump; H => Heuristic;
     I => Shifting; J => Feasibility jump; L => Sub-MIP; P => Empty MIP; R => Randomized rounding;
     S => Solve LP; T => Evaluate node; U => Unbounded; X => User solution; Y => HiGHS solution;
     Z => ZI Round; l => Trivial lower; p => Trivial point; u => Trivial upper; z => Trivial zero

        Nodes      |    B&B Tree     |            Objective Bounds              |  Dynamic Constraints |       Work      
Src  Proc. InQueue |  Leaves   Expl. | BestBound       BestSol              Gap |   Cuts   InLp Confl. | LpIters     Time

 J       0       0         0   0.00%   -inf            5.022379709        Large        0      0      0         0     0.4s
 T       0       0         0   0.00%   -6.224829815    -3.046921764     104.30%        0      0      0       534     0.4s
         1       0         1 100.00%   -3.046921764    -3.046921764       0.00%        0      0      0       534     0.4s

Solving report
  Status            Optimal
  Primal bound      -3.04692176441
  Dual bound        -3.04692176441
  Gap               0% (tolerance: 0.5%)
  P-D integral      0.0483661259068
  Solution status   feasible
                    -3.04692176441 (objective)
                    0 (bound viol.)
                    0 (int. viol.)
                    0 (row viol.)
  Timing            0.43
  Max sub-MIP depth 0
  Nodes             1
  Repair LPs        0
  LP iterations     534
                    0 (strong br.)
                    0 (separation)
                    0 (heuristics)
MIP has 10753 rows; 9409 cols; 25537 nonzeros; 1344 integer variables (1344 binary)
Coefficient ranges:
  Matrix  [2e-01, 3e+00]
  Cost    [1e-02, 6e-02]
  Bound   [1e+00, 1e+00]
  RHS     [1e-17, 5e+00]
WARNING: Problem has some excessively small row bounds
Presolving model
8064 rows, 8737 cols, 22176 nonzeros 0s
6052 rows, 6955 cols, 16838 nonzeros 0s
3942 rows, 4986 cols, 11259 nonzeros 0s
3792 rows, 3571 cols, 7954 nonzeros 0s
1780 rows, 2719 cols, 5418 nonzeros 0s
1502 rows, 2400 cols, 4821 nonzeros 0s
Presolve reductions: rows 1502(-9251); columns 2400(-7009); nonzeros 4821(-20716) 

Solving MIP model with:
   1502 rows
   2400 cols (230 binary, 0 integer, 0 implied int., 2170 continuous, 0 domain fixed)
   4821 nonzeros

Src: B => Branching; C => Central rounding; F => Feasibility pump; H => Heuristic;
     I => Shifting; J => Feasibility jump; L => Sub-MIP; P => Empty MIP; R => Randomized rounding;
     S => Solve LP; T => Evaluate node; U => Unbounded; X => User solution; Y => HiGHS solution;
     Z => ZI Round; l => Trivial lower; p => Trivial point; u => Trivial upper; z => Trivial zero

        Nodes      |    B&B Tree     |            Objective Bounds              |  Dynamic Constraints |       Work      
Src  Proc. InQueue |  Leaves   Expl. | BestBound       BestSol              Gap |   Cuts   InLp Confl. | LpIters     Time

 J       0       0         0   0.00%   -inf            3.711288599        Large        0      0      0         0     0.4s
 T       0       0         0   0.00%   -8.201570543    -4.806355936      70.64%        0      0      0       627     0.4s
         1       0         1 100.00%   -4.806355936    -4.806355936       0.00%        0      0      0       627     0.4s

Solving report
  Status            Optimal
  Primal bound      -4.80635593591
  Dual bound        -4.80635593591
  Gap               0% (tolerance: 0.5%)
  P-D integral      0.0848082109649
  Solution status   feasible
                    -4.80635593591 (objective)
                    0 (bound viol.)
                    0 (int. viol.)
                    0 (row viol.)
  Timing            0.43
  Max sub-MIP depth 0
  Nodes             1
  Repair LPs        0
  LP iterations     627
                    0 (strong br.)
                    0 (separation)
                    0 (heuristics)
MIP has 10753 rows; 9409 cols; 25537 nonzeros; 1344 integer variables (1344 binary)
Coefficient ranges:
  Matrix  [2e-01, 3e+00]
  Cost    [1e-02, 6e-02]
  Bound   [1e+00, 1e+00]
  RHS     [1e-17, 5e+00]
WARNING: Problem has some excessively small row bounds
Presolving model
8064 rows, 8757 cols, 22196 nonzeros 0s
6082 rows, 7011 cols, 16936 nonzeros 0s
3932 rows, 4994 cols, 11245 nonzeros 0s
3787 rows, 3588 cols, 7966 nonzeros 0s
1774 rows, 2727 cols, 5412 nonzeros 0s
1491 rows, 2363 cols, 4765 nonzeros 0s
Presolve reductions: rows 1491(-9262); columns 2363(-7046); nonzeros 4765(-20772) 

Solving MIP model with:
   1491 rows
   2363 cols (228 binary, 0 integer, 0 implied int., 2135 continuous, 0 domain fixed)
   4765 nonzeros

Src: B => Branching; C => Central rounding; F => Feasibility pump; H => Heuristic;
     I => Shifting; J => Feasibility jump; L => Sub-MIP; P => Empty MIP; R => Randomized rounding;
     S => Solve LP; T => Evaluate node; U => Unbounded; X => User solution; Y => HiGHS solution;
     Z => ZI Round; l => Trivial lower; p => Trivial point; u => Trivial upper; z => Trivial zero

        Nodes      |    B&B Tree     |            Objective Bounds              |  Dynamic Constraints |       Work      
Src  Proc. InQueue |  Leaves   Expl. | BestBound       BestSol              Gap |   Cuts   InLp Confl. | LpIters     Time

 J       0       0         0   0.00%   -inf            3.454566096        Large        0      0      0         0     0.4s
 T       0       0         0   0.00%   -8.122328186    -4.19239382       93.74%        0      0      0       617     0.4s
         1       0         1 100.00%   -4.19239382     -4.19239382        0.00%        0      0      0       617     0.4s

Solving report
  Status            Optimal
  Primal bound      -4.1923938195
  Dual bound        -4.1923938195
  Gap               0% (tolerance: 0.5%)
  P-D integral      0.08330713589
  Solution status   feasible
                    -4.1923938195 (objective)
                    0 (bound viol.)
                    0 (int. viol.)
                    0 (row viol.)
  Timing            0.44
  Max sub-MIP depth 0
  Nodes             1
  Repair LPs        0
  LP iterations     617
                    0 (strong br.)
                    0 (separation)
                    0 (heuristics)
MIP has 10753 rows; 9409 cols; 25537 nonzeros; 1344 integer variables (1344 binary)
Coefficient ranges:
  Matrix  [2e-01, 3e+00]
  Cost    [1e-02, 6e-02]
  Bound   [1e+00, 1e+00]
  RHS     [8e-03, 5e+00]
Presolving model
8064 rows, 8767 cols, 22206 nonzeros 0s
6080 rows, 7021 cols, 16948 nonzeros 0s
3936 rows, 5010 cols, 11277 nonzeros 0s
3775 rows, 3623 cols, 8118 nonzeros 0s
1876 rows, 2798 cols, 5669 nonzeros 0s
1612 rows, 2500 cols, 5107 nonzeros 0s
Presolve reductions: rows 1612(-9141); columns 2500(-6909); nonzeros 5107(-20430) 

Solving MIP model with:
   1612 rows
   2500 cols (249 binary, 0 integer, 0 implied int., 2251 continuous, 0 domain fixed)
   5107 nonzeros

Src: B => Branching; C => Central rounding; F => Feasibility pump; H => Heuristic;
     I => Shifting; J => Feasibility jump; L => Sub-MIP; P => Empty MIP; R => Randomized rounding;
     S => Solve LP; T => Evaluate node; U => Unbounded; X => User solution; Y => HiGHS solution;
     Z => ZI Round; l => Trivial lower; p => Trivial point; u => Trivial upper; z => Trivial zero

        Nodes      |    B&B Tree     |            Objective Bounds              |  Dynamic Constraints |       Work      
Src  Proc. InQueue |  Leaves   Expl. | BestBound       BestSol              Gap |   Cuts   InLp Confl. | LpIters     Time

 J       0       0         0   0.00%   -inf            2.260107678        Large        0      0      0         0     0.4s
 T       0       0         0   0.00%   -8.776489696    -5.069035551      73.14%        0      0      0       668     0.4s
         1       0         1 100.00%   -5.069035551    -5.069035551       0.00%        0      0      0       668     0.4s

Solving report
  Status            Optimal
  Primal bound      -5.06903555084
  Dual bound        -5.06903555084
  Gap               0% (tolerance: 0.5%)
  P-D integral      0.133014603904
  Solution status   feasible
                    -5.06903555084 (objective)
                    0 (bound viol.)
                    0 (int. viol.)
                    0 (row viol.)
  Timing            0.44
  Max sub-MIP depth 0
  Nodes             1
  Repair LPs        0
  LP iterations     668
                    0 (strong br.)
                    0 (separation)
                    0 (heuristics)
MIP has 10753 rows; 9409 cols; 25537 nonzeros; 1344 integer variables (1344 binary)
Coefficient ranges:
  Matrix  [2e-01, 3e+00]
  Cost    [1e-02, 6e-02]
  Bound   [1e+00, 1e+00]
  RHS     [2e-16, 6e+00]
WARNING: Problem has some excessively small row bounds
Presolving model
8064 rows, 8789 cols, 22228 nonzeros 0s
6084 rows, 7051 cols, 16990 nonzeros 0s
3954 rows, 5050 cols, 11351 nonzeros 0s
3791 rows, 3813 cols, 8598 nonzeros 0s
2222 rows, 3146 cols, 6615 nonzeros 0s
2006 rows, 2904 cols, 6157 nonzeros 0s
Presolve reductions: rows 2006(-8747); columns 2904(-6505); nonzeros 6157(-19380) 

Solving MIP model with:
   2006 rows
   2904 cols (312 binary, 0 integer, 0 implied int., 2592 continuous, 0 domain fixed)
   6157 nonzeros

Src: B => Branching; C => Central rounding; F => Feasibility pump; H => Heuristic;
     I => Shifting; J => Feasibility jump; L => Sub-MIP; P => Empty MIP; R => Randomized rounding;
     S => Solve LP; T => Evaluate node; U => Unbounded; X => User solution; Y => HiGHS solution;
     Z => ZI Round; l => Trivial lower; p => Trivial point; u => Trivial upper; z => Trivial zero

        Nodes      |    B&B Tree     |            Objective Bounds              |  Dynamic Constraints |       Work      
Src  Proc. InQueue |  Leaves   Expl. | BestBound       BestSol              Gap |   Cuts   InLp Confl. | LpIters     Time

 J       0       0         0   0.00%   -inf            1.297899251        Large        0      0      0         0     0.4s
 T       0       0         0   0.00%   -11.78407917    -7.990828389      47.47%        0      0      0       796     0.4s
         1       0         1 100.00%   -7.990828389    -7.990828389       0.00%        0      0      0       796     0.4s

Solving report
  Status            Optimal
  Primal bound      -7.99082838891
  Dual bound        -7.99082838891
  Gap               0% (tolerance: 0.5%)
  P-D integral      0.337785948053
  Solution status   feasible
                    -7.99082838891 (objective)
                    0 (bound viol.)
                    0 (int. viol.)
                    0 (row viol.)
  Timing            0.44
  Max sub-MIP depth 0
  Nodes             1
  Repair LPs        0
  LP iterations     796
                    0 (strong br.)
                    0 (separation)
                    0 (heuristics)
MIP has 10753 rows; 9409 cols; 25537 nonzeros; 1344 integer variables (1344 binary)
Coefficient ranges:
  Matrix  [2e-01, 3e+00]
  Cost    [1e-02, 6e-02]
  Bound   [1e+00, 1e+00]
  RHS     [2e-16, 6e+00]
WARNING: Problem has some excessively small row bounds
Presolving model
8064 rows, 8800 cols, 22239 nonzeros 0s
6099 rows, 7082 cols, 17048 nonzeros 0s
3962 rows, 5073 cols, 11390 nonzeros 0s
2365 rows, 3284 cols, 7000 nonzeros 0s
2157 rows, 3056 cols, 6564 nonzeros 0s
Presolve reductions: rows 2157(-8596); columns 3056(-6353); nonzeros 6564(-18973) 

Solving MIP model with:
   2157 rows
   3056 cols (338 binary, 0 integer, 0 implied int., 2718 continuous, 0 domain fixed)
   6564 nonzeros

Src: B => Branching; C => Central rounding; F => Feasibility pump; H => Heuristic;
     I => Shifting; J => Feasibility jump; L => Sub-MIP; P => Empty MIP; R => Randomized rounding;
     S => Solve LP; T => Evaluate node; U => Unbounded; X => User solution; Y => HiGHS solution;
     Z => ZI Round; l => Trivial lower; p => Trivial point; u => Trivial upper; z => Trivial zero

        Nodes      |    B&B Tree     |            Objective Bounds              |  Dynamic Constraints |       Work      
Src  Proc. InQueue |  Leaves   Expl. | BestBound       BestSol              Gap |   Cuts   InLp Confl. | LpIters     Time

 J       0       0         0   0.00%   -inf            0.0566384203       Large        0      0      0         0     0.4s
 T       0       0         0   0.00%   -13.02496896    -9.297692397      40.09%        0      0      0       852     0.5s
         1       0         1 100.00%   -9.297692397    -9.297692397       0.00%        0      0      0       852     0.5s

Solving report
  Status            Optimal
  Primal bound      -9.29769239713
  Dual bound        -9.29769239713
  Gap               0% (tolerance: 0.5%)
  P-D integral      8.0672146094
  Solution status   feasible
                    -9.29769239713 (objective)
                    0 (bound viol.)
                    0 (int. viol.)
                    0 (row viol.)
  Timing            0.46
  Max sub-MIP depth 0
  Nodes             1
  Repair LPs        0
  LP iterations     852
                    0 (strong br.)
                    0 (separation)
                    0 (heuristics)
MIP has 10753 rows; 9409 cols; 25537 nonzeros; 1344 integer variables (1344 binary)
Coefficient ranges:
  Matrix  [2e-01, 3e+00]
  Cost    [1e-02, 6e-02]
  Bound   [1e+00, 1e+00]
  RHS     [2e-03, 6e+00]
Presolving model
8064 rows, 8809 cols, 22248 nonzeros 0s
6064 rows, 7044 cols, 16951 nonzeros 0s
3933 rows, 5034 cols, 11294 nonzeros 0s
3768 rows, 3803 cols, 8569 nonzeros 0s
2167 rows, 3088 cols, 6466 nonzeros 0s
1949 rows, 2856 cols, 6016 nonzeros 0s
Presolve reductions: rows 1949(-8804); columns 2856(-6553); nonzeros 6016(-19521) 

Solving MIP model with:
   1949 rows
   2856 cols (303 binary, 0 integer, 0 implied int., 2553 continuous, 0 domain fixed)
   6016 nonzeros

Src: B => Branching; C => Central rounding; F => Feasibility pump; H => Heuristic;
     I => Shifting; J => Feasibility jump; L => Sub-MIP; P => Empty MIP; R => Randomized rounding;
     S => Solve LP; T => Evaluate node; U => Unbounded; X => User solution; Y => HiGHS solution;
     Z => ZI Round; l => Trivial lower; p => Trivial point; u => Trivial upper; z => Trivial zero

        Nodes      |    B&B Tree     |            Objective Bounds              |  Dynamic Constraints |       Work      
Src  Proc. InQueue |  Leaves   Expl. | BestBound       BestSol              Gap |   Cuts   InLp Confl. | LpIters     Time

         0       0         0   0.00%   -10.89575736    inf                  inf        0      0      0         0     0.4s
 T       0       0         0   0.00%   -10.89575736    -7.503187266      45.22%        0      0      0       789     0.4s
         1       0         1 100.00%   -7.503187266    -7.503187266       0.00%        0      0      0       789     0.5s

Solving report
  Status            Optimal
  Primal bound      -7.50318726556
  Dual bound        -7.50318726556
  Gap               0% (tolerance: 0.5%)
  P-D integral      3.19670423493e-05
  Solution status   feasible
                    -7.50318726556 (objective)
                    0 (bound viol.)
                    0 (int. viol.)
                    0 (row viol.)
  Timing            0.45
  Max sub-MIP depth 0
  Nodes             1
  Repair LPs        0
  LP iterations     789
                    0 (strong br.)
                    0 (separation)
                    0 (heuristics)
MIP has 10753 rows; 9409 cols; 25537 nonzeros; 1344 integer variables (1344 binary)
Coefficient ranges:
  Matrix  [2e-01, 3e+00]
  Cost    [1e-02, 6e-02]
  Bound   [1e+00, 1e+00]
  RHS     [6e-17, 6e+00]
WARNING: Problem has some excessively small row bounds
Presolving model
8064 rows, 8825 cols, 22264 nonzeros 0s
6046 rows, 7037 cols, 16914 nonzeros 0s
3872 rows, 4968 cols, 11123 nonzeros 0s
3709 rows, 3714 cols, 8338 nonzeros 0s
2059 rows, 2976 cols, 6162 nonzeros 0s
1830 rows, 2710 cols, 5667 nonzeros 0s
Presolve reductions: rows 1830(-8923); columns 2710(-6699); nonzeros 5667(-19870) 

Solving MIP model with:
   1830 rows
   2710 cols (282 binary, 0 integer, 0 implied int., 2428 continuous, 0 domain fixed)
   5667 nonzeros

Src: B => Branching; C => Central rounding; F => Feasibility pump; H => Heuristic;
     I => Shifting; J => Feasibility jump; L => Sub-MIP; P => Empty MIP; R => Randomized rounding;
     S => Solve LP; T => Evaluate node; U => Unbounded; X => User solution; Y => HiGHS solution;
     Z => ZI Round; l => Trivial lower; p => Trivial point; u => Trivial upper; z => Trivial zero

        Nodes      |    B&B Tree     |            Objective Bounds              |  Dynamic Constraints |       Work      
Src  Proc. InQueue |  Leaves   Expl. | BestBound       BestSol              Gap |   Cuts   InLp Confl. | LpIters     Time

 J       0       0         0   0.00%   -inf            1.115405143        Large        0      0      0         0     0.5s
 T       0       0         0   0.00%   -10.44766011    -7.208086736      44.94%        0      0      0       741     0.6s
         1       0         1 100.00%   -7.208086736    -7.208086736       0.00%        0      0      0       741     0.6s

Solving report
  Status            Optimal
  Primal bound      -7.20808673628
  Dual bound        -7.20808673628
  Gap               0% (tolerance: 0.5%)
  P-D integral      0.310322197733
  Solution status   feasible
                    -7.20808673628 (objective)
                    0 (bound viol.)
                    0 (int. viol.)
                    0 (row viol.)
  Timing            0.57
  Max sub-MIP depth 0
  Nodes             1
  Repair LPs        0
  LP iterations     741
                    0 (strong br.)
                    0 (separation)
                    0 (heuristics)
MIP has 10753 rows; 9409 cols; 25537 nonzeros; 1344 integer variables (1344 binary)
Coefficient ranges:
  Matrix  [2e-01, 3e+00]
  Cost    [1e-02, 6e-02]
  Bound   [1e+00, 1e+00]
  RHS     [1e-17, 6e+00]
WARNING: Problem has some excessively small row bounds
Presolving model
8064 rows, 8814 cols, 22253 nonzeros 0s
6023 rows, 6994 cols, 16832 nonzeros 0s
3849 rows, 4929 cols, 11049 nonzeros 0s
3691 rows, 3664 cols, 8216 nonzeros 0s
1983 rows, 2896 cols, 5962 nonzeros 0s
1750 rows, 2629 cols, 5462 nonzeros 0s
Presolve reductions: rows 1750(-9003); columns 2629(-6780); nonzeros 5462(-20075) 

Solving MIP model with:
   1750 rows
   2629 cols (271 binary, 0 integer, 0 implied int., 2358 continuous, 0 domain fixed)
   5462 nonzeros

Src: B => Branching; C => Central rounding; F => Feasibility pump; H => Heuristic;
     I => Shifting; J => Feasibility jump; L => Sub-MIP; P => Empty MIP; R => Randomized rounding;
     S => Solve LP; T => Evaluate node; U => Unbounded; X => User solution; Y => HiGHS solution;
     Z => ZI Round; l => Trivial lower; p => Trivial point; u => Trivial upper; z => Trivial zero

        Nodes      |    B&B Tree     |            Objective Bounds              |  Dynamic Constraints |       Work      
Src  Proc. InQueue |  Leaves   Expl. | BestBound       BestSol              Gap |   Cuts   InLp Confl. | LpIters     Time

 J       0       0         0   0.00%   -inf            -0.9010224497      Large        0      0      0         0     0.5s
 T       0       0         0   0.00%   -10.11619574    -7.613288667      32.88%        0      0      0       705     0.5s
         1       0         1 100.00%   -7.613288667    -7.613288667       0.00%        0      0      0       705     0.5s

Solving report
  Status            Optimal
  Primal bound      -7.61328866722
  Dual bound        -7.61328866722
  Gap               0% (tolerance: 0.5%)
  P-D integral      0.300755508947
  Solution status   feasible
                    -7.61328866722 (objective)
                    0 (bound viol.)
                    0 (int. viol.)
                    0 (row viol.)
  Timing            0.49
  Max sub-MIP depth 0
  Nodes             1
  Repair LPs        0
  LP iterations     705
                    0 (strong br.)
                    0 (separation)
                    0 (heuristics)
MIP has 10754 rows; 9409 cols; 25538 nonzeros; 1344 integer variables (1344 binary)
Coefficient ranges:
  Matrix  [2e-01, 3e+00]
  Cost    [1e-02, 6e-02]
  Bound   [1e+00, 1e+00]
  RHS     [1e-17, 5e+00]
WARNING: Problem has some excessively small row bounds
Presolving model
8064 rows, 8856 cols, 22295 nonzeros 0s
5974 rows, 6967 cols, 16716 nonzeros 0s
3740 rows, 4824 cols, 10759 nonzeros 0s
3587 rows, 3551 cols, 7935 nonzeros 0s
1865 rows, 2758 cols, 5622 nonzeros 0s
1618 rows, 2504 cols, 5121 nonzeros 0s
Presolve reductions: rows 1618(-9136); columns 2504(-6905); nonzeros 5121(-20417) 

Solving MIP model with:
   1618 rows
   2504 cols (250 binary, 0 integer, 0 implied int., 2254 continuous, 0 domain fixed)
   5121 nonzeros

Src: B => Branching; C => Central rounding; F => Feasibility pump; H => Heuristic;
     I => Shifting; J => Feasibility jump; L => Sub-MIP; P => Empty MIP; R => Randomized rounding;
     S => Solve LP; T => Evaluate node; U => Unbounded; X => User solution; Y => HiGHS solution;
     Z => ZI Round; l => Trivial lower; p => Trivial point; u => Trivial upper; z => Trivial zero

        Nodes      |    B&B Tree     |            Objective Bounds              |  Dynamic Constraints |       Work      
Src  Proc. InQueue |  Leaves   Expl. | BestBound       BestSol              Gap |   Cuts   InLp Confl. | LpIters     Time

         0       0         0   0.00%   -8.134370712    inf                  inf        0      0      0         0     0.4s
 T       0       0         0   0.00%   -8.134370712    -5.840503918      39.28%        0      0      0       655     0.4s
         1       0         1 100.00%   -5.840503918    -5.840503918       0.00%        0      0      0       655     0.4s

Solving report
  Status            Optimal
  Primal bound      -5.84050391765
  Dual bound        -5.84050391765
  Gap               0% (tolerance: 0.5%)
  P-D integral      2.54502980027e-05
  Solution status   feasible
                    -5.84050391765 (objective)
                    0 (bound viol.)
                    0 (int. viol.)
                    0 (row viol.)
  Timing            0.43
  Max sub-MIP depth 0
  Nodes             1
  Repair LPs        0
  LP iterations     655
                    0 (strong br.)
                    0 (separation)
                    0 (heuristics)
MIP has 10753 rows; 9409 cols; 25537 nonzeros; 1344 integer variables (1344 binary)
Coefficient ranges:
  Matrix  [2e-01, 3e+00]
  Cost    [5e-03, 6e-02]
  Bound   [1e+00, 1e+00]
  RHS     [1e-03, 5e+00]
Presolving model
8064 rows, 8411 cols, 21850 nonzeros 0s
6233 rows, 6874 cols, 17066 nonzeros 0s
4269 rows, 5113 cols, 11925 nonzeros 0s
4175 rows, 3775 cols, 8549 nonzeros 0s
2158 rows, 3054 cols, 6339 nonzeros 0s
1939 rows, 2224 cols, 4114 nonzeros 0s
670 rows, 1739 cols, 2660 nonzeros 0s
486 rows, 1554 cols, 2291 nonzeros 0s
462 rows, 1400 cols, 2113 nonzeros 0s
Presolve reductions: rows 462(-10291); columns 1400(-8009); nonzeros 2113(-23424) 

Solving MIP model with:
   462 rows
   1400 cols (63 binary, 0 integer, 0 implied int., 1337 continuous, 0 domain fixed)
   2113 nonzeros

Src: B => Branching; C => Central rounding; F => Feasibility pump; H => Heuristic;
     I => Shifting; J => Feasibility jump; L => Sub-MIP; P => Empty MIP; R => Randomized rounding;
     S => Solve LP; T => Evaluate node; U => Unbounded; X => User solution; Y => HiGHS solution;
     Z => ZI Round; l => Trivial lower; p => Trivial point; u => Trivial upper; z => Trivial zero

        Nodes      |    B&B Tree     |            Objective Bounds              |  Dynamic Constraints |       Work      
Src  Proc. InQueue |  Leaves   Expl. | BestBound       BestSol              Gap |   Cuts   InLp Confl. | LpIters     Time

 J       0       0         0   0.00%   -inf            22.33061716        Large        0      0      0         0     0.4s
 T       0       0         0   0.00%   4.379227954     20.16358742       78.28%        0      0      0       188     0.4s
         1       0         1 100.00%   20.16358742     20.16358742        0.00%        0      0      0       188     0.4s

Solving report
  Status            Optimal
  Primal bound      20.1635874246
  Dual bound        20.1635874246
  Gap               0% (tolerance: 0.5%)
  P-D integral      0.00837406626341
  Solution status   feasible
                    20.1635874246 (objective)
                    0 (bound viol.)
                    0 (int. viol.)
                    0 (row viol.)
  Timing            0.40
  Max sub-MIP depth 0
  Nodes             1
  Repair LPs        0
  LP iterations     188
                    0 (strong br.)
                    0 (separation)
                    0 (heuristics)
MIP has 10753 rows; 9409 cols; 25537 nonzeros; 1344 integer variables (1344 binary)
Coefficient ranges:
  Matrix  [2e-01, 3e+00]
  Cost    [5e-03, 6e-02]
  Bound   [1e+00, 1e+00]
  RHS     [1e-03, 5e+00]
Presolving model
8064 rows, 8410 cols, 21849 nonzeros 0s
6218 rows, 6854 cols, 17023 nonzeros 0s
4248 rows, 5089 cols, 11868 nonzeros 0s
4151 rows, 3735 cols, 8464 nonzeros 0s
2148 rows, 3034 cols, 6309 nonzeros 0s
1941 rows, 2214 cols, 4106 nonzeros 0s
661 rows, 1718 cols, 2622 nonzeros 0s
474 rows, 1527 cols, 2244 nonzeros 0s
446 rows, 1359 cols, 2048 nonzeros 0s
Presolve reductions: rows 446(-10307); columns 1359(-8050); nonzeros 2048(-23489) 

Solving MIP model with:
   446 rows
   1359 cols (61 binary, 0 integer, 0 implied int., 1298 continuous, 0 domain fixed)
   2048 nonzeros

Src: B => Branching; C => Central rounding; F => Feasibility pump; H => Heuristic;
     I => Shifting; J => Feasibility jump; L => Sub-MIP; P => Empty MIP; R => Randomized rounding;
     S => Solve LP; T => Evaluate node; U => Unbounded; X => User solution; Y => HiGHS solution;
     Z => ZI Round; l => Trivial lower; p => Trivial point; u => Trivial upper; z => Trivial zero

        Nodes      |    B&B Tree     |            Objective Bounds              |  Dynamic Constraints |       Work      
Src  Proc. InQueue |  Leaves   Expl. | BestBound       BestSol              Gap |   Cuts   InLp Confl. | LpIters     Time

 J       0       0         0   0.00%   -inf            24.305527          Large        0      0      0         0     0.4s
 T       0       0         0   0.00%   4.523530207     22.35372069       79.76%        0      0      0       174     0.4s
         1       0         1 100.00%   22.35372069     22.35372069        0.00%        0      0      0       174     0.4s

Solving report
  Status            Optimal
  Primal bound      22.3537206895
  Dual bound        22.3537206895
  Gap               0% (tolerance: 0.5%)
  P-D integral      0.0089559574917
  Solution status   feasible
                    22.3537206895 (objective)
                    0 (bound viol.)
                    0 (int. viol.)
                    0 (row viol.)
  Timing            0.40
  Max sub-MIP depth 0
  Nodes             1
  Repair LPs        0
  LP iterations     174
                    0 (strong br.)
                    0 (separation)
                    0 (heuristics)
MIP has 10753 rows; 9409 cols; 25537 nonzeros; 1344 integer variables (1344 binary)
Coefficient ranges:
  Matrix  [2e-01, 3e+00]
  Cost    [1e-02, 6e-02]
  Bound   [1e+00, 1e+00]
  RHS     [2e-03, 5e+00]
Presolving model
8064 rows, 8411 cols, 21850 nonzeros 0s
6209 rows, 6843 cols, 16999 nonzeros 0s
4227 rows, 5048 cols, 11790 nonzeros 0s
4130 rows, 3713 cols, 8420 nonzeros 0s
2103 rows, 2978 cols, 6176 nonzeros 0s
1891 rows, 2099 cols, 3801 nonzeros 0s
511 rows, 1575 cols, 2225 nonzeros 0s
351 rows, 1415 cols, 1905 nonzeros 0s
285 rows, 1180 cols, 1604 nonzeros 0s
283 rows, 1168 cols, 1590 nonzeros 0s
Presolve reductions: rows 283(-10470); columns 1168(-8241); nonzeros 1590(-23947) 

Solving MIP model with:
   283 rows
   1168 cols (35 binary, 0 integer, 0 implied int., 1133 continuous, 0 domain fixed)
   1590 nonzeros

Src: B => Branching; C => Central rounding; F => Feasibility pump; H => Heuristic;
     I => Shifting; J => Feasibility jump; L => Sub-MIP; P => Empty MIP; R => Randomized rounding;
     S => Solve LP; T => Evaluate node; U => Unbounded; X => User solution; Y => HiGHS solution;
     Z => ZI Round; l => Trivial lower; p => Trivial point; u => Trivial upper; z => Trivial zero

        Nodes      |    B&B Tree     |            Objective Bounds              |  Dynamic Constraints |       Work      
Src  Proc. InQueue |  Leaves   Expl. | BestBound       BestSol              Gap |   Cuts   InLp Confl. | LpIters     Time

 J       0       0         0   0.00%   -inf            22.81150325        Large        0      0      0         0     0.4s
 T       0       0         0   0.00%   4.867685387     21.70833386       77.58%        0      0      0       112     0.4s
         1       0         1 100.00%   21.70833386     21.70833386        0.00%        0      0      0       112     0.4s

Solving report
  Status            Optimal
  Primal bound      21.7083338635
  Dual bound        21.7083338635
  Gap               0% (tolerance: 0.5%)
  P-D integral      0.00837515837694
  Solution status   feasible
                    21.7083338635 (objective)
                    0 (bound viol.)
                    0 (int. viol.)
                    0 (row viol.)
  Timing            0.41
  Max sub-MIP depth 0
  Nodes             1
  Repair LPs        0
  LP iterations     112
                    0 (strong br.)
                    0 (separation)
                    0 (heuristics)
MIP has 10753 rows; 9409 cols; 25537 nonzeros; 1344 integer variables (1344 binary)
Coefficient ranges:
  Matrix  [2e-01, 3e+00]
  Cost    [5e-03, 6e-02]
  Bound   [1e+00, 1e+00]
  RHS     [1e-17, 5e+00]
WARNING: Problem has some excessively small row bounds
Presolving model
8064 rows, 8404 cols, 21843 nonzeros 0s
6224 rows, 6857 cols, 17036 nonzeros 0s
4251 rows, 5088 cols, 11878 nonzeros 0s
4154 rows, 3738 cols, 8487 nonzeros 0s
2146 rows, 3026 cols, 6295 nonzeros 0s
1930 rows, 2182 cols, 4032 nonzeros 0s
611 rows, 1652 cols, 2478 nonzeros 0s
450 rows, 1472 cols, 2137 nonzeros 0s
389 rows, 1243 cols, 1847 nonzeros 0s
388 rows, 1241 cols, 1844 nonzeros 0s
Presolve reductions: rows 388(-10365); columns 1241(-8168); nonzeros 1844(-23693) 

Solving MIP model with:
   388 rows
   1241 cols (54 binary, 0 integer, 0 implied int., 1187 continuous, 0 domain fixed)
   1844 nonzeros

Src: B => Branching; C => Central rounding; F => Feasibility pump; H => Heuristic;
     I => Shifting; J => Feasibility jump; L => Sub-MIP; P => Empty MIP; R => Randomized rounding;
     S => Solve LP; T => Evaluate node; U => Unbounded; X => User solution; Y => HiGHS solution;
     Z => ZI Round; l => Trivial lower; p => Trivial point; u => Trivial upper; z => Trivial zero

        Nodes      |    B&B Tree     |            Objective Bounds              |  Dynamic Constraints |       Work      
Src  Proc. InQueue |  Leaves   Expl. | BestBound       BestSol              Gap |   Cuts   InLp Confl. | LpIters     Time

 J       0       0         0   0.00%   -inf            23.17894263        Large        0      0      0         0     0.4s
 T       0       0         0   0.00%   3.935927058     20.49317097       80.79%        0      0      0       155     0.4s
         1       0         1 100.00%   20.49317097     20.49317097        0.00%        0      0      0       155     0.4s

Solving report
  Status            Optimal
  Primal bound      20.4931709707
  Dual bound        20.4931709707
  Gap               0% (tolerance: 0.5%)
  P-D integral      0.00992193039794
  Solution status   feasible
                    20.4931709707 (objective)
                    0 (bound viol.)
                    0 (int. viol.)
                    0 (row viol.)
  Timing            0.41
  Max sub-MIP depth 0
  Nodes             1
  Repair LPs        0
  LP iterations     155
                    0 (strong br.)
                    0 (separation)
                    0 (heuristics)
MIP has 10753 rows; 9409 cols; 25537 nonzeros; 1344 integer variables (1344 binary)
Coefficient ranges:
  Matrix  [2e-01, 3e+00]
  Cost    [5e-03, 6e-02]
  Bound   [1e+00, 1e+00]
  RHS     [1e-17, 5e+00]
WARNING: Problem has some excessively small row bounds
Presolving model
8064 rows, 8430 cols, 21869 nonzeros 0s
6188 rows, 6834 cols, 16953 nonzeros 0s
4221 rows, 5066 cols, 11806 nonzeros 0s
4117 rows, 3702 cols, 8385 nonzeros 0s
2110 rows, 2997 cols, 6226 nonzeros 0s
1880 rows, 2276 cols, 4327 nonzeros 0s
869 rows, 1892 cols, 3180 nonzeros 0s
697 rows, 1595 cols, 2711 nonzeros 0s
697 rows, 1595 cols, 2711 nonzeros 0s
Presolve reductions: rows 697(-10056); columns 1595(-7814); nonzeros 2711(-22826) 

Solving MIP model with:
   697 rows
   1595 cols (105 binary, 0 integer, 0 implied int., 1490 continuous, 0 domain fixed)
   2711 nonzeros

Src: B => Branching; C => Central rounding; F => Feasibility pump; H => Heuristic;
     I => Shifting; J => Feasibility jump; L => Sub-MIP; P => Empty MIP; R => Randomized rounding;
     S => Solve LP; T => Evaluate node; U => Unbounded; X => User solution; Y => HiGHS solution;
     Z => ZI Round; l => Trivial lower; p => Trivial point; u => Trivial upper; z => Trivial zero

        Nodes      |    B&B Tree     |            Objective Bounds              |  Dynamic Constraints |       Work      
Src  Proc. InQueue |  Leaves   Expl. | BestBound       BestSol              Gap |   Cuts   InLp Confl. | LpIters     Time

 J       0       0         0   0.00%   -inf            21.13163196        Large        0      0      0         0     0.4s
 T       0       0         0   0.00%   1.69251212      15.61615691       89.16%        0      0      0       294     0.4s
         1       0         1 100.00%   15.61615691     15.61615691        0.00%        0      0      0       294     0.4s

Solving report
  Status            Optimal
  Primal bound      15.6161569079
  Dual bound        15.6161569079
  Gap               0% (tolerance: 0.5%)
  P-D integral      0.0111940199794
  Solution status   feasible
                    15.6161569079 (objective)
                    0 (bound viol.)
                    0 (int. viol.)
                    0 (row viol.)
  Timing            0.39
  Max sub-MIP depth 0
  Nodes             1
  Repair LPs        0
  LP iterations     294
                    0 (strong br.)
                    0 (separation)
                    0 (heuristics)
MIP has 10753 rows; 9409 cols; 25537 nonzeros; 1344 integer variables (1344 binary)
Coefficient ranges:
  Matrix  [2e-01, 3e+00]
  Cost    [5e-03, 6e-02]
  Bound   [1e+00, 1e+00]
  RHS     [6e-17, 5e+00]
WARNING: Problem has some excessively small row bounds
Presolving model
8064 rows, 8504 cols, 21943 nonzeros 0s
6180 rows, 6896 cols, 16999 nonzeros 0s
4173 rows, 5078 cols, 11738 nonzeros 0s
4050 rows, 3668 cols, 8279 nonzeros 0s
1998 rows, 2900 cols, 5949 nonzeros 0s
1759 rows, 2277 cols, 4367 nonzeros 0s
953 rows, 1912 cols, 3364 nonzeros 0s
821 rows, 1652 cols, 2972 nonzeros 0s
Presolve reductions: rows 821(-9932); columns 1652(-7757); nonzeros 2972(-22565) 

Solving MIP model with:
   821 rows
   1652 cols (125 binary, 0 integer, 0 implied int., 1527 continuous, 0 domain fixed)
   2972 nonzeros

Src: B => Branching; C => Central rounding; F => Feasibility pump; H => Heuristic;
     I => Shifting; J => Feasibility jump; L => Sub-MIP; P => Empty MIP; R => Randomized rounding;
     S => Solve LP; T => Evaluate node; U => Unbounded; X => User solution; Y => HiGHS solution;
     Z => ZI Round; l => Trivial lower; p => Trivial point; u => Trivial upper; z => Trivial zero

        Nodes      |    B&B Tree     |            Objective Bounds              |  Dynamic Constraints |       Work      
Src  Proc. InQueue |  Leaves   Expl. | BestBound       BestSol              Gap |   Cuts   InLp Confl. | LpIters     Time

 J       0       0         0   0.00%   -inf            17.7408768         Large        0      0      0         0     0.4s
 T       0       0         0   0.00%   1.007242916     11.68160022       91.38%        0      0      0       352     0.4s
         1       0         1 100.00%   11.68160022     11.68160022        0.00%        0      0      0       352     0.4s

Solving report
  Status            Optimal
  Primal bound      11.6816002182
  Dual bound        11.6816002182
  Gap               0% (tolerance: 0.5%)
  P-D integral      0.0145788574177
  Solution status   feasible
                    11.6816002182 (objective)
                    0 (bound viol.)
                    0 (int. viol.)
                    0 (row viol.)
  Timing            0.40
  Max sub-MIP depth 0
  Nodes             1
  Repair LPs        0
  LP iterations     352
                    0 (strong br.)
                    0 (separation)
                    0 (heuristics)
MIP has 10753 rows; 9409 cols; 25537 nonzeros; 1344 integer variables (1344 binary)
Coefficient ranges:
  Matrix  [2e-01, 3e+00]
  Cost    [5e-03, 6e-02]
  Bound   [1e+00, 1e+00]
  RHS     [1e-17, 5e+00]
WARNING: Problem has some excessively small row bounds
Presolving model
8064 rows, 8548 cols, 21987 nonzeros 0s
6158 rows, 6910 cols, 16975 nonzeros 0s
4130 rows, 5053 cols, 11634 nonzeros 0s
4006 rows, 3654 cols, 8200 nonzeros 0s
1927 rows, 2849 cols, 5771 nonzeros 0s
1678 rows, 2244 cols, 4263 nonzeros 0s
939 rows, 1941 cols, 3367 nonzeros 0s
820 rows, 1712 cols, 3019 nonzeros 0s
Presolve reductions: rows 820(-9933); columns 1712(-7697); nonzeros 3019(-22518) 

Solving MIP model with:
   820 rows
   1712 cols (122 binary, 0 integer, 0 implied int., 1590 continuous, 0 domain fixed)
   3019 nonzeros

Src: B => Branching; C => Central rounding; F => Feasibility pump; H => Heuristic;
     I => Shifting; J => Feasibility jump; L => Sub-MIP; P => Empty MIP; R => Randomized rounding;
     S => Solve LP; T => Evaluate node; U => Unbounded; X => User solution; Y => HiGHS solution;
     Z => ZI Round; l => Trivial lower; p => Trivial point; u => Trivial upper; z => Trivial zero

        Nodes      |    B&B Tree     |            Objective Bounds              |  Dynamic Constraints |       Work      
Src  Proc. InQueue |  Leaves   Expl. | BestBound       BestSol              Gap |   Cuts   InLp Confl. | LpIters     Time

 J       0       0         0   0.00%   -inf            16.00692406        Large        0      0      0         0     0.4s
 T       0       0         0   0.00%   0.6398381025    10.77071333       94.06%        0      0      0       369     0.4s
         1       0         1 100.00%   10.77071333     10.77071333        0.00%        0      0      0       369     0.4s

Solving report
  Status            Optimal
  Primal bound      10.7707133336
  Dual bound        10.7707133336
  Gap               0% (tolerance: 0.5%)
  P-D integral      0.0141743924853
  Solution status   feasible
                    10.7707133336 (objective)
                    0 (bound viol.)
                    0 (int. viol.)
                    0 (row viol.)
  Timing            0.41
  Max sub-MIP depth 0
  Nodes             1
  Repair LPs        0
  LP iterations     369
                    0 (strong br.)
                    0 (separation)
                    0 (heuristics)
MIP has 10753 rows; 9409 cols; 25537 nonzeros; 1344 integer variables (1344 binary)
Coefficient ranges:
  Matrix  [2e-01, 3e+00]
  Cost    [5e-03, 6e-02]
  Bound   [1e+00, 1e+00]
  RHS     [1e-17, 5e+00]
WARNING: Problem has some excessively small row bounds
Presolving model
8064 rows, 8572 cols, 22011 nonzeros 0s
6116 rows, 6879 cols, 16874 nonzeros 0s
4074 rows, 5002 cols, 11491 nonzeros 0s
3946 rows, 3585 cols, 8050 nonzeros 0s
1831 rows, 2732 cols, 5502 nonzeros 0s
1577 rows, 2140 cols, 4053 nonzeros 0s
859 rows, 1796 cols, 3106 nonzeros 0s
747 rows, 1644 cols, 2842 nonzeros 0s
Presolve reductions: rows 747(-10006); columns 1644(-7765); nonzeros 2842(-22695) 

Solving MIP model with:
   747 rows
   1644 cols (113 binary, 0 integer, 0 implied int., 1531 continuous, 0 domain fixed)
   2842 nonzeros

Src: B => Branching; C => Central rounding; F => Feasibility pump; H => Heuristic;
     I => Shifting; J => Feasibility jump; L => Sub-MIP; P => Empty MIP; R => Randomized rounding;
     S => Solve LP; T => Evaluate node; U => Unbounded; X => User solution; Y => HiGHS solution;
     Z => ZI Round; l => Trivial lower; p => Trivial point; u => Trivial upper; z => Trivial zero

        Nodes      |    B&B Tree     |            Objective Bounds              |  Dynamic Constraints |       Work      
Src  Proc. InQueue |  Leaves   Expl. | BestBound       BestSol              Gap |   Cuts   InLp Confl. | LpIters     Time

 J       0       0         0   0.00%   -inf            9.747068181        Large        0      0      0         0     0.4s
 T       0       0         0   0.00%   -0.2207189732   5.947118754      103.71%        0      0      0       312     0.4s
         1       0         1 100.00%   5.947118754     5.947118754        0.00%        0      0      0       312     0.4s

Solving report
  Status            Optimal
  Primal bound      5.94711875411
  Dual bound        5.94711875411
  Gap               0% (tolerance: 0.5%)
  P-D integral      0.010332316645
  Solution status   feasible
                    5.94711875411 (objective)
                    0 (bound viol.)
                    0 (int. viol.)
                    0 (row viol.)
  Timing            0.40
  Max sub-MIP depth 0
  Nodes             1
  Repair LPs        0
  LP iterations     312
                    0 (strong br.)
                    0 (separation)
                    0 (heuristics)
MIP has 10753 rows; 9409 cols; 25537 nonzeros; 1344 integer variables (1344 binary)
Coefficient ranges:
  Matrix  [2e-01, 3e+00]
  Cost    [5e-03, 6e-02]
  Bound   [1e+00, 1e+00]
  RHS     [1e-03, 7e+00]
Presolving model
8064 rows, 8597 cols, 22036 nonzeros 0s
6135 rows, 6929 cols, 16954 nonzeros 0s
4056 rows, 5007 cols, 11465 nonzeros 0s
3909 rows, 3571 cols, 7983 nonzeros 0s
1790 rows, 2702 cols, 5392 nonzeros 0s
1515 rows, 2164 cols, 4086 nonzeros 0s
964 rows, 1939 cols, 3425 nonzeros 0s
877 rows, 1823 cols, 3222 nonzeros 0s
Presolve reductions: rows 877(-9876); columns 1823(-7586); nonzeros 3222(-22315) 

Solving MIP model with:
   877 rows
   1823 cols (132 binary, 0 integer, 0 implied int., 1691 continuous, 0 domain fixed)
   3222 nonzeros

Src: B => Branching; C => Central rounding; F => Feasibility pump; H => Heuristic;
     I => Shifting; J => Feasibility jump; L => Sub-MIP; P => Empty MIP; R => Randomized rounding;
     S => Solve LP; T => Evaluate node; U => Unbounded; X => User solution; Y => HiGHS solution;
     Z => ZI Round; l => Trivial lower; p => Trivial point; u => Trivial upper; z => Trivial zero

        Nodes      |    B&B Tree     |            Objective Bounds              |  Dynamic Constraints |       Work      
Src  Proc. InQueue |  Leaves   Expl. | BestBound       BestSol              Gap |   Cuts   InLp Confl. | LpIters     Time

 J       0       0         0   0.00%   -inf            9.89389419         Large        0      0      0         0     0.5s
 T       0       0         0   0.00%   -0.9675938363   5.715105329      116.93%        0      0      0       359     0.5s
         1       0         1 100.00%   5.715105329     5.715105329        0.00%        0      0      0       359     0.5s

Solving report
  Status            Optimal
  Primal bound      5.71510532856
  Dual bound        5.71510532856
  Gap               0% (tolerance: 0.5%)
  P-D integral      0.0119306610119
  Solution status   feasible
                    5.71510532856 (objective)
                    0 (bound viol.)
                    0 (int. viol.)
                    0 (row viol.)
  Timing            0.52
  Max sub-MIP depth 0
  Nodes             1
  Repair LPs        0
  LP iterations     359
                    0 (strong br.)
                    0 (separation)
                    0 (heuristics)
MIP has 10753 rows; 9409 cols; 25537 nonzeros; 1344 integer variables (1344 binary)
Coefficient ranges:
  Matrix  [2e-01, 3e+00]
  Cost    [5e-03, 6e-02]
  Bound   [1e+00, 1e+00]
  RHS     [6e-17, 7e+00]
WARNING: Problem has some excessively small row bounds
Presolving model
8064 rows, 8633 cols, 22072 nonzeros 0s
6146 rows, 6982 cols, 17024 nonzeros 0s
4060 rows, 5046 cols, 11510 nonzeros 0s
3904 rows, 3581 cols, 7983 nonzeros 0s
1821 rows, 2751 cols, 5496 nonzeros 0s
1548 rows, 2313 cols, 4505 nonzeros 0s
1188 rows, 2075 cols, 3973 nonzeros 0s
1188 rows, 2049 cols, 3947 nonzeros 0s
Presolve reductions: rows 1188(-9565); columns 2049(-7360); nonzeros 3947(-21590) 

Solving MIP model with:
   1188 rows
   2049 cols (179 binary, 0 integer, 0 implied int., 1870 continuous, 0 domain fixed)
   3947 nonzeros

Src: B => Branching; C => Central rounding; F => Feasibility pump; H => Heuristic;
     I => Shifting; J => Feasibility jump; L => Sub-MIP; P => Empty MIP; R => Randomized rounding;
     S => Solve LP; T => Evaluate node; U => Unbounded; X => User solution; Y => HiGHS solution;
     Z => ZI Round; l => Trivial lower; p => Trivial point; u => Trivial upper; z => Trivial zero

        Nodes      |    B&B Tree     |            Objective Bounds              |  Dynamic Constraints |       Work      
Src  Proc. InQueue |  Leaves   Expl. | BestBound       BestSol              Gap |   Cuts   InLp Confl. | LpIters     Time

 J       0       0         0   0.00%   -inf            13.52010567        Large        0      0      0         0     0.7s
 T       0       0         0   0.00%   -1.745280151    6.712174701      126.00%        0      0      0       512     0.7s
         1       0         1 100.00%   6.712174701     6.712174701        0.00%        0      0      0       512     0.7s

Solving report
  Status            Optimal
  Primal bound      6.71217470112
  Dual bound        6.71217470112
  Gap               0% (tolerance: 0.5%)
  P-D integral      0.0221132133531
  Solution status   feasible
                    6.71217470112 (objective)
                    0 (bound viol.)
                    0 (int. viol.)
                    0 (row viol.)
  Timing            0.69
  Max sub-MIP depth 0
  Nodes             1
  Repair LPs        0
  LP iterations     512
                    0 (strong br.)
                    0 (separation)
                    0 (heuristics)
MIP has 10753 rows; 9409 cols; 25537 nonzeros; 1344 integer variables (1344 binary)
Coefficient ranges:
  Matrix  [2e-01, 3e+00]
  Cost    [5e-03, 6e-02]
  Bound   [1e+00, 1e+00]
  RHS     [6e-17, 6e+00]
WARNING: Problem has some excessively small row bounds
Presolving model
8064 rows, 8620 cols, 22059 nonzeros 0s
6133 rows, 6946 cols, 16966 nonzeros 0s
4092 rows, 5073 cols, 11596 nonzeros 0s
3955 rows, 3639 cols, 8126 nonzeros 0s
1851 rows, 2800 cols, 5602 nonzeros 0s
1585 rows, 2358 cols, 4609 nonzeros 0s
1201 rows, 2145 cols, 4069 nonzeros 0s
1193 rows, 2035 cols, 3951 nonzeros 0s
Presolve reductions: rows 1193(-9560); columns 2035(-7374); nonzeros 3951(-21586) 

Solving MIP model with:
   1193 rows
   2035 cols (181 binary, 0 integer, 0 implied int., 1854 continuous, 0 domain fixed)
   3951 nonzeros

Src: B => Branching; C => Central rounding; F => Feasibility pump; H => Heuristic;
     I => Shifting; J => Feasibility jump; L => Sub-MIP; P => Empty MIP; R => Randomized rounding;
     S => Solve LP; T => Evaluate node; U => Unbounded; X => User solution; Y => HiGHS solution;
     Z => ZI Round; l => Trivial lower; p => Trivial point; u => Trivial upper; z => Trivial zero

        Nodes      |    B&B Tree     |            Objective Bounds              |  Dynamic Constraints |       Work      
Src  Proc. InQueue |  Leaves   Expl. | BestBound       BestSol              Gap |   Cuts   InLp Confl. | LpIters     Time

 J       0       0         0   0.00%   -inf            13.82024556        Large        0      0      0         0     0.5s
 T       0       0         0   0.00%   -2.340135624    6.256238421      137.40%        0      0      0       510     0.5s
         1       0         1 100.00%   6.256238421     6.256238421        0.00%        0      0      0       510     0.5s

Solving report
  Status            Optimal
  Primal bound      6.25623842136
  Dual bound        6.25623842136
  Gap               0% (tolerance: 0.5%)
  P-D integral      0.0237644168914
  Solution status   feasible
                    6.25623842136 (objective)
                    0 (bound viol.)
                    0 (int. viol.)
                    0 (row viol.)
  Timing            0.54
  Max sub-MIP depth 0
  Nodes             1
  Repair LPs        0
  LP iterations     510
                    0 (strong br.)
                    0 (separation)
                    0 (heuristics)
MIP has 10753 rows; 9409 cols; 25537 nonzeros; 1344 integer variables (1344 binary)
Coefficient ranges:
  Matrix  [2e-01, 3e+00]
  Cost    [5e-03, 6e-02]
  Bound   [1e+00, 1e+00]
  RHS     [1e-16, 7e+00]
WARNING: Problem has some excessively small row bounds
Presolving model
8064 rows, 8607 cols, 22046 nonzeros 0s
6157 rows, 6968 cols, 17031 nonzeros 0s
4108 rows, 5088 cols, 11638 nonzeros 0s
3984 rows, 3680 cols, 8204 nonzeros 0s
1877 rows, 2841 cols, 5686 nonzeros 0s
1608 rows, 2401 cols, 4668 nonzeros 0s
1202 rows, 2200 cols, 4114 nonzeros 0s
1175 rows, 2065 cols, 3952 nonzeros 0s
Presolve reductions: rows 1175(-9578); columns 2065(-7344); nonzeros 3952(-21585) 

Solving MIP model with:
   1175 rows
   2065 cols (179 binary, 0 integer, 0 implied int., 1886 continuous, 0 domain fixed)
   3952 nonzeros

Src: B => Branching; C => Central rounding; F => Feasibility pump; H => Heuristic;
     I => Shifting; J => Feasibility jump; L => Sub-MIP; P => Empty MIP; R => Randomized rounding;
     S => Solve LP; T => Evaluate node; U => Unbounded; X => User solution; Y => HiGHS solution;
     Z => ZI Round; l => Trivial lower; p => Trivial point; u => Trivial upper; z => Trivial zero

        Nodes      |    B&B Tree     |            Objective Bounds              |  Dynamic Constraints |       Work      
Src  Proc. InQueue |  Leaves   Expl. | BestBound       BestSol              Gap |   Cuts   InLp Confl. | LpIters     Time

         0       0         0   0.00%   -2.623274987    inf                  inf        0      0      0         0     0.4s
 T       0       0         0   0.00%   -2.623274987    6.233415228      142.08%        0      0      0       504     0.4s
         1       0         1 100.00%   6.233415228     6.233415228        0.00%        0      0      0       504     0.4s

Solving report
  Status            Optimal
  Primal bound      6.23341522783
  Dual bound        6.23341522783
  Gap               0% (tolerance: 0.5%)
  P-D integral      9.53384149776e-05
  Solution status   feasible
                    6.23341522783 (objective)
                    0 (bound viol.)
                    0 (int. viol.)
                    0 (row viol.)
  Timing            0.43
  Max sub-MIP depth 0
  Nodes             1
  Repair LPs        0
  LP iterations     504
                    0 (strong br.)
                    0 (separation)
                    0 (heuristics)
MIP has 10753 rows; 9409 cols; 25537 nonzeros; 1344 integer variables (1344 binary)
Coefficient ranges:
  Matrix  [2e-01, 3e+00]
  Cost    [5e-03, 6e-02]
  Bound   [1e+00, 1e+00]
  RHS     [1e-16, 7e+00]
WARNING: Problem has some excessively small row bounds
Presolving model
8064 rows, 8639 cols, 22078 nonzeros 0s
6137 rows, 6971 cols, 16996 nonzeros 0s
4055 rows, 5045 cols, 11504 nonzeros 0s
3916 rows, 3599 cols, 8026 nonzeros 0s
1812 rows, 2757 cols, 5493 nonzeros 0s
1542 rows, 2314 cols, 4507 nonzeros 0s
1174 rows, 2099 cols, 3977 nonzeros 0s
1168 rows, 2025 cols, 3897 nonzeros 0s
Presolve reductions: rows 1168(-9585); columns 2025(-7384); nonzeros 3897(-21640) 

Solving MIP model with:
   1168 rows
   2025 cols (177 binary, 0 integer, 0 implied int., 1848 continuous, 0 domain fixed)
   3897 nonzeros

Src: B => Branching; C => Central rounding; F => Feasibility pump; H => Heuristic;
     I => Shifting; J => Feasibility jump; L => Sub-MIP; P => Empty MIP; R => Randomized rounding;
     S => Solve LP; T => Evaluate node; U => Unbounded; X => User solution; Y => HiGHS solution;
     Z => ZI Round; l => Trivial lower; p => Trivial point; u => Trivial upper; z => Trivial zero

        Nodes      |    B&B Tree     |            Objective Bounds              |  Dynamic Constraints |       Work      
Src  Proc. InQueue |  Leaves   Expl. | BestBound       BestSol              Gap |   Cuts   InLp Confl. | LpIters     Time

         0       0         0   0.00%   -2.089657456    inf                  inf        0      0      0         0     0.4s
 T       0       0         0   0.00%   -2.089657456    5.573190652      137.49%        0      0      0       513     0.5s
         1       0         1 100.00%   5.573190652     5.573190652        0.00%        0      0      0       513     0.5s

Solving report
  Status            Optimal
  Primal bound      5.57319065161
  Dual bound        5.57319065161
  Gap               0% (tolerance: 0.5%)
  P-D integral      8.30468796239e-05
  Solution status   feasible
                    5.57319065161 (objective)
                    0 (bound viol.)
                    0 (int. viol.)
                    0 (row viol.)
  Timing            0.46
  Max sub-MIP depth 0
  Nodes             1
  Repair LPs        0
  LP iterations     513
                    0 (strong br.)
                    0 (separation)
                    0 (heuristics)
MIP has 10753 rows; 9409 cols; 25537 nonzeros; 1344 integer variables (1344 binary)
Coefficient ranges:
  Matrix  [2e-01, 3e+00]
  Cost    [5e-03, 6e-02]
  Bound   [1e+00, 1e+00]
  RHS     [4e-17, 5e+00]
WARNING: Problem has some excessively small row bounds
Presolving model
8064 rows, 8691 cols, 22130 nonzeros 0s
6078 rows, 6943 cols, 16868 nonzeros 0s
3970 rows, 4984 cols, 11309 nonzeros 0s
3832 rows, 3522 cols, 7852 nonzeros 0s
1646 rows, 2558 cols, 5031 nonzeros 0s
1360 rows, 2190 cols, 4266 nonzeros 0s
1208 rows, 2079 cols, 4026 nonzeros 0s
Presolve reductions: rows 1208(-9545); columns 2079(-7330); nonzeros 4026(-21511) 

Solving MIP model with:
   1208 rows
   2079 cols (185 binary, 0 integer, 0 implied int., 1894 continuous, 0 domain fixed)
   4026 nonzeros

Src: B => Branching; C => Central rounding; F => Feasibility pump; H => Heuristic;
     I => Shifting; J => Feasibility jump; L => Sub-MIP; P => Empty MIP; R => Randomized rounding;
     S => Solve LP; T => Evaluate node; U => Unbounded; X => User solution; Y => HiGHS solution;
     Z => ZI Round; l => Trivial lower; p => Trivial point; u => Trivial upper; z => Trivial zero

        Nodes      |    B&B Tree     |            Objective Bounds              |  Dynamic Constraints |       Work      
Src  Proc. InQueue |  Leaves   Expl. | BestBound       BestSol              Gap |   Cuts   InLp Confl. | LpIters     Time

 J       0       0         0   0.00%   -inf            6.497264654        Large        0      0      0         0     0.4s
 T       0       0         0   0.00%   -2.704110115    2.02010876       233.86%        0      0      0       510     0.5s
         1       0         1 100.00%   2.02010876      2.02010876         0.00%        0      0      0       510     0.5s

Solving report
  Status            Optimal
  Primal bound      2.0201087596
  Dual bound        2.0201087596
  Gap               0% (tolerance: 0.5%)
  P-D integral      0.0301458035797
  Solution status   feasible
                    2.0201087596 (objective)
                    0 (bound viol.)
                    0 (int. viol.)
                    0 (row viol.)
  Timing            0.47
  Max sub-MIP depth 0
  Nodes             1
  Repair LPs        0
  LP iterations     510
                    0 (strong br.)
                    0 (separation)
                    0 (heuristics)
MIP has 10753 rows; 9409 cols; 25537 nonzeros; 1344 integer variables (1344 binary)
Coefficient ranges:
  Matrix  [2e-01, 3e+00]
  Cost    [5e-03, 6e-02]
  Bound   [1e+00, 1e+00]
  RHS     [3e-17, 5e+00]
WARNING: Problem has some excessively small row bounds
Presolving model
8064 rows, 8706 cols, 22145 nonzeros 0s
6094 rows, 6980 cols, 16929 nonzeros 0s
3926 rows, 4939 cols, 11188 nonzeros 0s
3766 rows, 3440 cols, 7660 nonzeros 0s
1595 rows, 2501 cols, 4895 nonzeros 0s
1314 rows, 2162 cols, 4183 nonzeros 0s
1190 rows, 2098 cols, 4013 nonzeros 0s
Presolve reductions: rows 1190(-9563); columns 2098(-7311); nonzeros 4013(-21524) 

Solving MIP model with:
   1190 rows
   2098 cols (182 binary, 0 integer, 0 implied int., 1916 continuous, 0 domain fixed)
   4013 nonzeros

Src: B => Branching; C => Central rounding; F => Feasibility pump; H => Heuristic;
     I => Shifting; J => Feasibility jump; L => Sub-MIP; P => Empty MIP; R => Randomized rounding;
     S => Solve LP; T => Evaluate node; U => Unbounded; X => User solution; Y => HiGHS solution;
     Z => ZI Round; l => Trivial lower; p => Trivial point; u => Trivial upper; z => Trivial zero

        Nodes      |    B&B Tree     |            Objective Bounds              |  Dynamic Constraints |       Work      
Src  Proc. InQueue |  Leaves   Expl. | BestBound       BestSol              Gap |   Cuts   InLp Confl. | LpIters     Time

 J       0       0         0   0.00%   -inf            3.516715336        Large        0      0      0         0     0.4s
 T       0       0         0   0.00%   -3.888014828    -0.3754342073    935.60%        0      0      0       488     0.5s
         1       0         1 100.00%   -0.3754342073   -0.3754342073      0.00%        0      0      0       488     0.5s

Solving report
  Status            Optimal
  Primal bound      -0.375434207347
  Dual bound        -0.375434207347
  Gap               0% (tolerance: 0.5%)
  P-D integral      0.0426334660634
  Solution status   feasible
                    -0.375434207347 (objective)
                    0 (bound viol.)
                    0 (int. viol.)
                    0 (row viol.)
  Timing            0.46
  Max sub-MIP depth 0
  Nodes             1
  Repair LPs        0
  LP iterations     488
                    0 (strong br.)
                    0 (separation)
                    0 (heuristics)
MIP has 10753 rows; 9409 cols; 25537 nonzeros; 1344 integer variables (1344 binary)
Coefficient ranges:
  Matrix  [2e-01, 3e+00]
  Cost    [5e-03, 6e-02]
  Bound   [1e+00, 1e+00]
  RHS     [3e-17, 5e+00]
WARNING: Problem has some excessively small row bounds
Presolving model
8064 rows, 8699 cols, 22138 nonzeros 0s
6098 rows, 6980 cols, 16941 nonzeros 0s
3964 rows, 4985 cols, 11292 nonzeros 0s
3798 rows, 3497 cols, 7760 nonzeros 0s
1647 rows, 2582 cols, 5048 nonzeros 0s
1345 rows, 2226 cols, 4312 nonzeros 0s
1248 rows, 2177 cols, 4188 nonzeros 0s
Presolve reductions: rows 1248(-9505); columns 2177(-7232); nonzeros 4188(-21349) 

Solving MIP model with:
   1248 rows
   2177 cols (191 binary, 0 integer, 0 implied int., 1986 continuous, 0 domain fixed)
   4188 nonzeros

Src: B => Branching; C => Central rounding; F => Feasibility pump; H => Heuristic;
     I => Shifting; J => Feasibility jump; L => Sub-MIP; P => Empty MIP; R => Randomized rounding;
     S => Solve LP; T => Evaluate node; U => Unbounded; X => User solution; Y => HiGHS solution;
     Z => ZI Round; l => Trivial lower; p => Trivial point; u => Trivial upper; z => Trivial zero

        Nodes      |    B&B Tree     |            Objective Bounds              |  Dynamic Constraints |       Work      
Src  Proc. InQueue |  Leaves   Expl. | BestBound       BestSol              Gap |   Cuts   InLp Confl. | LpIters     Time

 J       0       0         0   0.00%   -inf            5.084608936        Large        0      0      0         0     0.4s
 T       0       0         0   0.00%   -4.415812665    0.3232461895    1466.08%        0      0      0       521     0.5s
         1       0         1 100.00%   0.3232461895    0.3232461895       0.00%        0      0      0       521     0.5s

Solving report
  Status            Optimal
  Primal bound      0.323246189538
  Dual bound        0.323246189538
  Gap               0% (tolerance: 0.5%)
  P-D integral      0.0411445763123
  Solution status   feasible
                    0.323246189538 (objective)
                    0 (bound viol.)
                    0 (int. viol.)
                    0 (row viol.)
  Timing            0.47
  Max sub-MIP depth 0
  Nodes             1
  Repair LPs        0
  LP iterations     521
                    0 (strong br.)
                    0 (separation)
                    0 (heuristics)
MIP has 10753 rows; 9409 cols; 25537 nonzeros; 1344 integer variables (1344 binary)
Coefficient ranges:
  Matrix  [2e-01, 3e+00]
  Cost    [5e-03, 6e-02]
  Bound   [1e+00, 1e+00]
  RHS     [1e-17, 5e+00]
WARNING: Problem has some excessively small row bounds
Presolving model
8064 rows, 8737 cols, 22176 nonzeros 0s
6052 rows, 6955 cols, 16838 nonzeros 0s
3942 rows, 4987 cols, 11260 nonzeros 0s
3791 rows, 3575 cols, 7957 nonzeros 0s
1781 rows, 2725 cols, 5425 nonzeros 0s
1500 rows, 2402 cols, 4821 nonzeros 0s
Presolve reductions: rows 1500(-9253); columns 2402(-7007); nonzeros 4821(-20716) 

Solving MIP model with:
   1500 rows
   2402 cols (230 binary, 0 integer, 0 implied int., 2172 continuous, 0 domain fixed)
   4821 nonzeros

Src: B => Branching; C => Central rounding; F => Feasibility pump; H => Heuristic;
     I => Shifting; J => Feasibility jump; L => Sub-MIP; P => Empty MIP; R => Randomized rounding;
     S => Solve LP; T => Evaluate node; U => Unbounded; X => User solution; Y => HiGHS solution;
     Z => ZI Round; l => Trivial lower; p => Trivial point; u => Trivial upper; z => Trivial zero

        Nodes      |    B&B Tree     |            Objective Bounds              |  Dynamic Constraints |       Work      
Src  Proc. InQueue |  Leaves   Expl. | BestBound       BestSol              Gap |   Cuts   InLp Confl. | LpIters     Time

 J       0       0         0   0.00%   -inf            4.301084624        Large        0      0      0         0     0.4s
 T       0       0         0   0.00%   -6.296102269    -1.3564456       364.16%        0      0      0       611     0.4s
         1       0         1 100.00%   -1.3564456      -1.3564456         0.00%        0      0      0       611     0.4s

Solving report
  Status            Optimal
  Primal bound      -1.35644560034
  Dual bound        -1.35644560034
  Gap               0% (tolerance: 0.5%)
  P-D integral      0.0665776884899
  Solution status   feasible
                    -1.35644560034 (objective)
                    0 (bound viol.)
                    0 (int. viol.)
                    0 (row viol.)
  Timing            0.44
  Max sub-MIP depth 0
  Nodes             1
  Repair LPs        0
  LP iterations     611
                    0 (strong br.)
                    0 (separation)
                    0 (heuristics)
MIP has 10753 rows; 9409 cols; 25537 nonzeros; 1344 integer variables (1344 binary)
Coefficient ranges:
  Matrix  [2e-01, 3e+00]
  Cost    [5e-03, 6e-02]
  Bound   [1e+00, 1e+00]
  RHS     [1e-17, 5e+00]
WARNING: Problem has some excessively small row bounds
Presolving model
8064 rows, 8757 cols, 22196 nonzeros 0s
6083 rows, 7012 cols, 16938 nonzeros 0s
3943 rows, 5008 cols, 11270 nonzeros 0s
3787 rows, 3598 cols, 7976 nonzeros 0s
1767 rows, 2707 cols, 5385 nonzeros 0s
1487 rows, 2346 cols, 4744 nonzeros 0s
Presolve reductions: rows 1487(-9266); columns 2346(-7063); nonzeros 4744(-20793) 

Solving MIP model with:
   1487 rows
   2346 cols (228 binary, 0 integer, 0 implied int., 2118 continuous, 0 domain fixed)
   4744 nonzeros

Src: B => Branching; C => Central rounding; F => Feasibility pump; H => Heuristic;
     I => Shifting; J => Feasibility jump; L => Sub-MIP; P => Empty MIP; R => Randomized rounding;
     S => Solve LP; T => Evaluate node; U => Unbounded; X => User solution; Y => HiGHS solution;
     Z => ZI Round; l => Trivial lower; p => Trivial point; u => Trivial upper; z => Trivial zero

        Nodes      |    B&B Tree     |            Objective Bounds              |  Dynamic Constraints |       Work      
Src  Proc. InQueue |  Leaves   Expl. | BestBound       BestSol              Gap |   Cuts   InLp Confl. | LpIters     Time

 J       0       0         0   0.00%   -inf            4.534342534        Large        0      0      0         0     0.4s
 T       0       0         0   0.00%   -6.032507405    -0.8057274339    648.70%        0      0      0       602     0.5s
         1       0         1 100.00%   -0.8057274339   -0.8057274339      0.00%        0      0      0       602     0.5s

Solving report
  Status            Optimal
  Primal bound      -0.805727433899
  Dual bound        -0.805727433899
  Gap               0% (tolerance: 0.5%)
  P-D integral      0.0579900346902
  Solution status   feasible
                    -0.805727433899 (objective)
                    0 (bound viol.)
                    0 (int. viol.)
                    0 (row viol.)
  Timing            0.45
  Max sub-MIP depth 0
  Nodes             1
  Repair LPs        0
  LP iterations     602
                    0 (strong br.)
                    0 (separation)
                    0 (heuristics)
MIP has 10753 rows; 9409 cols; 25537 nonzeros; 1344 integer variables (1344 binary)
Coefficient ranges:
  Matrix  [2e-01, 3e+00]
  Cost    [5e-03, 6e-02]
  Bound   [1e+00, 1e+00]
  RHS     [8e-03, 5e+00]
Presolving model
8064 rows, 8767 cols, 22206 nonzeros 0s
6080 rows, 7021 cols, 16948 nonzeros 0s
3935 rows, 5008 cols, 11274 nonzeros 0s
3774 rows, 3629 cols, 8123 nonzeros 0s
1866 rows, 2768 cols, 5629 nonzeros 0s
1609 rows, 2489 cols, 5093 nonzeros 0s
Presolve reductions: rows 1609(-9144); columns 2489(-6920); nonzeros 5093(-20444) 

Solving MIP model with:
   1609 rows
   2489 cols (249 binary, 0 integer, 0 implied int., 2240 continuous, 0 domain fixed)
   5093 nonzeros

Src: B => Branching; C => Central rounding; F => Feasibility pump; H => Heuristic;
     I => Shifting; J => Feasibility jump; L => Sub-MIP; P => Empty MIP; R => Randomized rounding;
     S => Solve LP; T => Evaluate node; U => Unbounded; X => User solution; Y => HiGHS solution;
     Z => ZI Round; l => Trivial lower; p => Trivial point; u => Trivial upper; z => Trivial zero

        Nodes      |    B&B Tree     |            Objective Bounds              |  Dynamic Constraints |       Work      
Src  Proc. InQueue |  Leaves   Expl. | BestBound       BestSol              Gap |   Cuts   InLp Confl. | LpIters     Time

         0       0         0   0.00%   -6.483583675    inf                  inf        0      0      0         0     0.4s
 T       0       0         0   0.00%   -6.483583675    -1.46032215      343.98%        0      0      0       645     0.5s
         1       0         1 100.00%   -1.46032215     -1.46032215        0.00%        0      0      0       645     0.5s

Solving report
  Status            Optimal
  Primal bound      -1.46032214981
  Dual bound        -1.46032214981
  Gap               0% (tolerance: 0.5%)
  P-D integral      0.000276562422775
  Solution status   feasible
                    -1.46032214981 (objective)
                    0 (bound viol.)
                    0 (int. viol.)
                    0 (row viol.)
  Timing            0.48
  Max sub-MIP depth 0
  Nodes             1
  Repair LPs        0
  LP iterations     645
                    0 (strong br.)
                    0 (separation)
                    0 (heuristics)
MIP has 10753 rows; 9409 cols; 25537 nonzeros; 1344 integer variables (1344 binary)
Coefficient ranges:
  Matrix  [2e-01, 3e+00]
  Cost    [5e-03, 6e-02]
  Bound   [1e+00, 1e+00]
  RHS     [2e-16, 6e+00]
WARNING: Problem has some excessively small row bounds
Presolving model
8064 rows, 8789 cols, 22228 nonzeros 0s
6083 rows, 7053 cols, 16991 nonzeros 0s
3908 rows, 4991 cols, 11218 nonzeros 0s
3723 rows, 3743 cols, 8436 nonzeros 0s
2208 rows, 3115 cols, 6570 nonzeros 0s
2002 rows, 2888 cols, 6135 nonzeros 0s
Presolve reductions: rows 2002(-8751); columns 2888(-6521); nonzeros 6135(-19402) 

Solving MIP model with:
   2002 rows
   2888 cols (312 binary, 0 integer, 0 implied int., 2576 continuous, 0 domain fixed)
   6135 nonzeros

Src: B => Branching; C => Central rounding; F => Feasibility pump; H => Heuristic;
     I => Shifting; J => Feasibility jump; L => Sub-MIP; P => Empty MIP; R => Randomized rounding;
     S => Solve LP; T => Evaluate node; U => Unbounded; X => User solution; Y => HiGHS solution;
     Z => ZI Round; l => Trivial lower; p => Trivial point; u => Trivial upper; z => Trivial zero

        Nodes      |    B&B Tree     |            Objective Bounds              |  Dynamic Constraints |       Work      
Src  Proc. InQueue |  Leaves   Expl. | BestBound       BestSol              Gap |   Cuts   InLp Confl. | LpIters     Time

 J       0       0         0   0.00%   -inf            1.743172942        Large        0      0      0         0     0.5s
 T       0       0         0   0.00%   -9.630125674    -4.334626159     122.17%        0      0      0       790     0.5s
         1       0         1 100.00%   -4.334626159    -4.334626159       0.00%        0      0      0       790     0.5s

Solving report
  Status            Optimal
  Primal bound      -4.33462615933
  Dual bound        -4.33462615933
  Gap               0% (tolerance: 0.5%)
  P-D integral      0.210866154104
  Solution status   feasible
                    -4.33462615933 (objective)
                    0 (bound viol.)
                    0 (int. viol.)
                    0 (row viol.)
  Timing            0.51
  Max sub-MIP depth 0
  Nodes             1
  Repair LPs        0
  LP iterations     790
                    0 (strong br.)
                    0 (separation)
                    0 (heuristics)
MIP has 10753 rows; 9409 cols; 25537 nonzeros; 1344 integer variables (1344 binary)
Coefficient ranges:
  Matrix  [2e-01, 3e+00]
  Cost    [5e-03, 6e-02]
  Bound   [1e+00, 1e+00]
  RHS     [2e-16, 6e+00]
WARNING: Problem has some excessively small row bounds
Presolving model
8064 rows, 8800 cols, 22239 nonzeros 0s
6103 rows, 7088 cols, 17054 nonzeros 0s
3946 rows, 5062 cols, 11351 nonzeros 0s
3756 rows, 3879 cols, 8766 nonzeros 0s
2352 rows, 3272 cols, 6973 nonzeros 0s
2150 rows, 3046 cols, 6547 nonzeros 0s
Presolve reductions: rows 2150(-8603); columns 3046(-6363); nonzeros 6547(-18990) 

Solving MIP model with:
   2150 rows
   3046 cols (338 binary, 0 integer, 0 implied int., 2708 continuous, 0 domain fixed)
   6547 nonzeros

Src: B => Branching; C => Central rounding; F => Feasibility pump; H => Heuristic;
     I => Shifting; J => Feasibility jump; L => Sub-MIP; P => Empty MIP; R => Randomized rounding;
     S => Solve LP; T => Evaluate node; U => Unbounded; X => User solution; Y => HiGHS solution;
     Z => ZI Round; l => Trivial lower; p => Trivial point; u => Trivial upper; z => Trivial zero

        Nodes      |    B&B Tree     |            Objective Bounds              |  Dynamic Constraints |       Work      
Src  Proc. InQueue |  Leaves   Expl. | BestBound       BestSol              Gap |   Cuts   InLp Confl. | LpIters     Time

 J       0       0         0   0.00%   -inf            -0.2817822841      Large        0      0      0         0     0.4s
 T       0       0         0   0.00%   -10.96854537    -5.801004076      89.08%        0      0      0       828     0.5s
         1       0         1 100.00%   -5.801004076    -5.801004076       0.00%        0      0      0       828     0.5s

Solving report
  Status            Optimal
  Primal bound      -5.80100407637
  Dual bound        -5.80100407637
  Gap               0% (tolerance: 0.5%)
  P-D integral      1.19258811177
  Solution status   feasible
                    -5.80100407637 (objective)
                    0 (bound viol.)
                    0 (int. viol.)
                    0 (row viol.)
  Timing            0.48
  Max sub-MIP depth 0
  Nodes             1
  Repair LPs        0
  LP iterations     828
                    0 (strong br.)
                    0 (separation)
                    0 (heuristics)
MIP has 10753 rows; 9409 cols; 25537 nonzeros; 1344 integer variables (1344 binary)
Coefficient ranges:
  Matrix  [2e-01, 3e+00]
  Cost    [5e-03, 6e-02]
  Bound   [1e+00, 1e+00]
  RHS     [2e-03, 6e+00]
Presolving model
8064 rows, 8809 cols, 22248 nonzeros 0s
6065 rows, 7047 cols, 16955 nonzeros 0s
3892 rows, 4979 cols, 11170 nonzeros 0s
3701 rows, 3744 cols, 8426 nonzeros 0s
2160 rows, 3073 cols, 6443 nonzeros 0s
1942 rows, 2834 cols, 5985 nonzeros 0s
Presolve reductions: rows 1942(-8811); columns 2834(-6575); nonzeros 5985(-19552) 

Solving MIP model with:
   1942 rows
   2834 cols (303 binary, 0 integer, 0 implied int., 2531 continuous, 0 domain fixed)
   5985 nonzeros

Src: B => Branching; C => Central rounding; F => Feasibility pump; H => Heuristic;
     I => Shifting; J => Feasibility jump; L => Sub-MIP; P => Empty MIP; R => Randomized rounding;
     S => Solve LP; T => Evaluate node; U => Unbounded; X => User solution; Y => HiGHS solution;
     Z => ZI Round; l => Trivial lower; p => Trivial point; u => Trivial upper; z => Trivial zero

        Nodes      |    B&B Tree     |            Objective Bounds              |  Dynamic Constraints |       Work      
Src  Proc. InQueue |  Leaves   Expl. | BestBound       BestSol              Gap |   Cuts   InLp Confl. | LpIters     Time

         0       0         0   0.00%   -8.714534029    inf                  inf        0      0      0         0     0.5s
 T       0       0         0   0.00%   -8.714534029    -4.129827763     111.01%        0      0      0       760     0.5s
         1       0         1 100.00%   -4.129827763    -4.129827763       0.00%        0      0      0       760     0.5s

Solving report
  Status            Optimal
  Primal bound      -4.12982776307
  Dual bound        -4.12982776307
  Gap               0% (tolerance: 0.5%)
  P-D integral      9.64715791547e-05
  Solution status   feasible
                    -4.12982776307 (objective)
                    0 (bound viol.)
                    0 (int. viol.)
                    0 (row viol.)
  Timing            0.49
  Max sub-MIP depth 0
  Nodes             1
  Repair LPs        0
  LP iterations     760
                    0 (strong br.)
                    0 (separation)
                    0 (heuristics)
MIP has 10753 rows; 9409 cols; 25537 nonzeros; 1344 integer variables (1344 binary)
Coefficient ranges:
  Matrix  [2e-01, 3e+00]
  Cost    [5e-03, 6e-02]
  Bound   [1e+00, 1e+00]
  RHS     [6e-17, 6e+00]
WARNING: Problem has some excessively small row bounds
Presolving model
8064 rows, 8825 cols, 22264 nonzeros 0s
6046 rows, 7037 cols, 16914 nonzeros 0s
3869 rows, 4967 cols, 11119 nonzeros 0s
3708 rows, 3720 cols, 8343 nonzeros 0s
2056 rows, 2979 cols, 6162 nonzeros 0s
1824 rows, 2693 cols, 5644 nonzeros 0s
Presolve reductions: rows 1824(-8929); columns 2693(-6716); nonzeros 5644(-19893) 

Solving MIP model with:
   1824 rows
   2693 cols (282 binary, 0 integer, 0 implied int., 2411 continuous, 0 domain fixed)
   5644 nonzeros

Src: B => Branching; C => Central rounding; F => Feasibility pump; H => Heuristic;
     I => Shifting; J => Feasibility jump; L => Sub-MIP; P => Empty MIP; R => Randomized rounding;
     S => Solve LP; T => Evaluate node; U => Unbounded; X => User solution; Y => HiGHS solution;
     Z => ZI Round; l => Trivial lower; p => Trivial point; u => Trivial upper; z => Trivial zero

        Nodes      |    B&B Tree     |            Objective Bounds              |  Dynamic Constraints |       Work      
Src  Proc. InQueue |  Leaves   Expl. | BestBound       BestSol              Gap |   Cuts   InLp Confl. | LpIters     Time

 J       0       0         0   0.00%   -inf            0.9948878997       Large        0      0      0         0     0.4s
 T       0       0         0   0.00%   -8.464603447    -4.188958358     102.07%        0      0      0       729     0.5s
         1       0         1 100.00%   -4.188958358    -4.188958358       0.00%        0      0      0       729     0.5s

Solving report
  Status            Optimal
  Primal bound      -4.18895835794
  Dual bound        -4.18895835794
  Gap               0% (tolerance: 0.5%)
  P-D integral      0.272217018087
  Solution status   feasible
                    -4.18895835794 (objective)
                    0 (bound viol.)
                    0 (int. viol.)
                    0 (row viol.)
  Timing            0.46
  Max sub-MIP depth 0
  Nodes             1
  Repair LPs        0
  LP iterations     729
                    0 (strong br.)
                    0 (separation)
                    0 (heuristics)
MIP has 10753 rows; 9409 cols; 25537 nonzeros; 1344 integer variables (1344 binary)
Coefficient ranges:
  Matrix  [2e-01, 3e+00]
  Cost    [5e-03, 6e-02]
  Bound   [1e+00, 1e+00]
  RHS     [1e-17, 6e+00]
WARNING: Problem has some excessively small row bounds
Presolving model
8064 rows, 8814 cols, 22253 nonzeros 0s
6040 rows, 7014 cols, 16869 nonzeros 0s
3833 rows, 4915 cols, 11015 nonzeros 0s
3651 rows, 3636 cols, 8172 nonzeros 0s
1976 rows, 2869 cols, 5926 nonzeros 0s
1744 rows, 2610 cols, 5437 nonzeros 0s
Presolve reductions: rows 1744(-9009); columns 2610(-6799); nonzeros 5437(-20100) 

Solving MIP model with:
   1744 rows
   2610 cols (271 binary, 0 integer, 0 implied int., 2339 continuous, 0 domain fixed)
   5437 nonzeros

Src: B => Branching; C => Central rounding; F => Feasibility pump; H => Heuristic;
     I => Shifting; J => Feasibility jump; L => Sub-MIP; P => Empty MIP; R => Randomized rounding;
     S => Solve LP; T => Evaluate node; U => Unbounded; X => User solution; Y => HiGHS solution;
     Z => ZI Round; l => Trivial lower; p => Trivial point; u => Trivial upper; z => Trivial zero

        Nodes      |    B&B Tree     |            Objective Bounds              |  Dynamic Constraints |       Work      
Src  Proc. InQueue |  Leaves   Expl. | BestBound       BestSol              Gap |   Cuts   InLp Confl. | LpIters     Time

         0       0         0   0.00%   -8.583459934    inf                  inf        0      0      0         0     0.5s
 T       0       0         0   0.00%   -8.583459934    -5.174999866      65.86%        0      0      0       692     0.5s
         1       0         1 100.00%   -5.174999866    -5.174999866       0.00%        0      0      0       692     0.5s

Solving report
  Status            Optimal
  Primal bound      -5.17499986569
  Dual bound        -5.17499986569
  Gap               0% (tolerance: 0.5%)
  P-D integral      5.13080259805e-05
  Solution status   feasible
                    -5.17499986569 (objective)
                    0 (bound viol.)
                    0 (int. viol.)
                    0 (row viol.)
  Timing            0.49
  Max sub-MIP depth 0
  Nodes             1
  Repair LPs        0
  LP iterations     692
                    0 (strong br.)
                    0 (separation)
                    0 (heuristics)
MIP has 10754 rows; 9409 cols; 25538 nonzeros; 1344 integer variables (1344 binary)
Coefficient ranges:
  Matrix  [2e-01, 3e+00]
  Cost    [5e-03, 6e-02]
  Bound   [1e+00, 1e+00]
  RHS     [1e-17, 5e+00]
WARNING: Problem has some excessively small row bounds
Presolving model
8064 rows, 8856 cols, 22295 nonzeros 0s
5972 rows, 6966 cols, 16713 nonzeros 0s
3727 rows, 4803 cols, 10713 nonzeros 0s
3546 rows, 3516 cols, 7849 nonzeros 0s
1852 rows, 2740 cols, 5591 nonzeros 0s
1616 rows, 2504 cols, 5117 nonzeros 0s
Presolve reductions: rows 1616(-9138); columns 2504(-6905); nonzeros 5117(-20421) 

Solving MIP model with:
   1616 rows
   2504 cols (250 binary, 0 integer, 0 implied int., 2254 continuous, 0 domain fixed)
   5117 nonzeros

Src: B => Branching; C => Central rounding; F => Feasibility pump; H => Heuristic;
     I => Shifting; J => Feasibility jump; L => Sub-MIP; P => Empty MIP; R => Randomized rounding;
     S => Solve LP; T => Evaluate node; U => Unbounded; X => User solution; Y => HiGHS solution;
     Z => ZI Round; l => Trivial lower; p => Trivial point; u => Trivial upper; z => Trivial zero

        Nodes      |    B&B Tree     |            Objective Bounds              |  Dynamic Constraints |       Work      
Src  Proc. InQueue |  Leaves   Expl. | BestBound       BestSol              Gap |   Cuts   InLp Confl. | LpIters     Time

         0       0         0   0.00%   -6.731782118    inf                  inf        0      0      0         0     0.4s
 T       0       0         0   0.00%   -6.731782118    -3.368736223      99.83%        0      0      0       634     0.5s
         1       0         1 100.00%   -3.368736223    -3.368736223       0.00%        0      0      0       634     0.5s

Solving report
  Status            Optimal
  Primal bound      -3.36873622306
  Dual bound        -3.36873622306
  Gap               0% (tolerance: 0.5%)
  P-D integral      6.83843049162e-05
  Solution status   feasible
                    -3.36873622306 (objective)
                    0 (bound viol.)
                    0 (int. viol.)
                    0 (row viol.)
  Timing            0.46
  Max sub-MIP depth 0
  Nodes             1
  Repair LPs        0
  LP iterations     634
                    0 (strong br.)
                    0 (separation)
                    0 (heuristics)
