MIP has 10753 rows; 9409 cols; 25537 nonzeros; 1344 integer variables (1344 binary)
Coefficient ranges:
  Matrix  [2e-01, 2e+00]
  Cost    [1e-02, 6e-02]
  Bound   [1e+00, 1e+00]
  RHS     [5e-04, 5e+00]
Presolving model
8064 rows, 8598 cols, 22037 nonzeros 0s
6410 rows, 7277 cols, 17726 nonzeros 0s
4632 rows, 5764 cols, 13099 nonzeros 0s
2695 rows, 3956 cols, 8018 nonzeros 0s
1790 rows, 3173 cols, 5842 nonzeros 0s
1667 rows, 3050 cols, 5596 nonzeros 0s
Presolve reductions: rows 1667(-9086); columns 3050(-6359); nonzeros 5596(-19941) 

Solving MIP model with:
   1667 rows
   3050 cols (220 binary, 0 integer, 0 implied int., 2830 continuous, 0 domain fixed)
   5596 nonzeros

Src: B => Branching; C => Central rounding; F => Feasibility pump; H => Heuristic;
     I => Shifting; J => Feasibility jump; L => Sub-MIP; P => Empty MIP; R => Randomized rounding;
     S => Solve LP; T => Evaluate node; U => Unbounded; X => User solution; Y => HiGHS solution;
     Z => ZI Round; l => Trivial lower; p => Trivial point; u => Trivial upper; z => Trivial zero

        Nodes      |    B&B Tree     |            Objective Bounds              |  Dynamic Constraints |       Work      
Src  Proc. InQueue |  Leaves   Expl. | BestBound       BestSol              Gap |   Cuts   InLp Confl. | LpIters     Time

 J       0       0         0   0.00%   -inf            20.36561671        Large        0      0      0         0     0.5s
 T       0       0         0   0.00%   -0.9650626958   17.28984503      105.58%        0      0      0       829     0.5s
         1       0         1 100.00%   17.28984503     17.28984503        0.00%        0      0      0       829     0.5s

Solving report
  Status            Optimal
  Primal bound      17.2898450267
  Dual bound        17.2898450267
  Gap               0% (tolerance: 0.5%)
  P-D integral      0.0296538944431
  Solution status   feasible
                    17.2898450267 (objective)
                    0 (bound viol.)
                    0 (int. viol.)
                    0 (row viol.)
  Timing            0.49
  Max sub-MIP depth 0
  Nodes             1
  Repair LPs        0
  LP iterations     829
                    0 (strong br.)
                    0 (separation)
                    0 (heuristics)
MIP has 10753 rows; 9409 cols; 25537 nonzeros; 1344 integer variables (1344 binary)
Coefficient ranges:
  Matrix  [2e-01, 2e+00]
  Cost    [1e-02, 6e-02]
  Bound   [1e+00, 1e+00]
  RHS     [5e-04, 5e+00]
Presolving model
8064 rows, 8601 cols, 22040 nonzeros 0s
6422 rows, 7293 cols, 17754 nonzeros 0s
4638 rows, 5776 cols, 13117 nonzeros 0s
2731 rows, 4002 cols, 8100 nonzeros 0s
1628 rows, 3023 cols, 5386 nonzeros 0s
1477 rows, 2865 cols, 5077 nonzeros 0s
Presolve reductions: rows 1477(-9276); columns 2865(-6544); nonzeros 5077(-20460) 

Solving MIP model with:
   1477 rows
   2865 cols (184 binary, 0 integer, 0 implied int., 2681 continuous, 0 domain fixed)
   5077 nonzeros

Src: B => Branching; C => Central rounding; F => Feasibility pump; H => Heuristic;
     I => Shifting; J => Feasibility jump; L => Sub-MIP; P => Empty MIP; R => Randomized rounding;
     S => Solve LP; T => Evaluate node; U => Unbounded; X => User solution; Y => HiGHS solution;
     Z => ZI Round; l => Trivial lower; p => Trivial point; u => Trivial upper; z => Trivial zero

        Nodes      |    B&B Tree     |            Objective Bounds              |  Dynamic Constraints |       Work      
Src  Proc. InQueue |  Leaves   Expl. | BestBound       BestSol              Gap |   Cuts   InLp Confl. | LpIters     Time

 J       0       0         0   0.00%   -inf            22.36677109        Large        0      0      0         0     0.5s
 T       0       0         0   0.00%   -0.6129857824   19.98109408      103.07%        0      0      0       767     0.5s
         1       0         1 100.00%   19.98109408     19.98109408        0.00%        0      0      0       767     0.5s

Solving report
  Status            Optimal
  Primal bound      19.9810940765
  Dual bound        19.9810940765
  Gap               0% (tolerance: 0.5%)
  P-D integral      0.0276390928567
  Solution status   feasible
                    19.9810940765 (objective)
                    0 (bound viol.)
                    0 (int. viol.)
                    0 (row viol.)
  Timing            0.49
  Max sub-MIP depth 0
  Nodes             1
  Repair LPs        0
  LP iterations     767
                    0 (strong br.)
                    0 (separation)
                    0 (heuristics)
MIP has 10753 rows; 9409 cols; 25537 nonzeros; 1344 integer variables (1344 binary)
Coefficient ranges:
  Matrix  [2e-01, 2e+00]
  Cost    [1e-02, 6e-02]
  Bound   [1e+00, 1e+00]
  RHS     [3e-04, 5e+00]
Presolving model
8064 rows, 8609 cols, 22048 nonzeros 0s
6414 rows, 7292 cols, 17741 nonzeros 0s
4617 rows, 5760 cols, 13061 nonzeros 0s
2674 rows, 3944 cols, 7961 nonzeros 0s
1702 rows, 3031 cols, 5554 nonzeros 0s
1551 rows, 2771 cols, 5143 nonzeros 0s
Presolve reductions: rows 1551(-9202); columns 2771(-6638); nonzeros 5143(-20394) 

Solving MIP model with:
   1551 rows
   2771 cols (206 binary, 0 integer, 0 implied int., 2565 continuous, 0 domain fixed)
   5143 nonzeros

Src: B => Branching; C => Central rounding; F => Feasibility pump; H => Heuristic;
     I => Shifting; J => Feasibility jump; L => Sub-MIP; P => Empty MIP; R => Randomized rounding;
     S => Solve LP; T => Evaluate node; U => Unbounded; X => User solution; Y => HiGHS solution;
     Z => ZI Round; l => Trivial lower; p => Trivial point; u => Trivial upper; z => Trivial zero

        Nodes      |    B&B Tree     |            Objective Bounds              |  Dynamic Constraints |       Work      
Src  Proc. InQueue |  Leaves   Expl. | BestBound       BestSol              Gap |   Cuts   InLp Confl. | LpIters     Time

 J       0       0         0   0.00%   -inf            21.7963142         Large        0      0      0         0     0.5s
 T       0       0         0   0.00%   2.364154437     19.02909079       87.58%        0      0      0       700     0.5s
         1       0         1 100.00%   19.02909079     19.02909079        0.00%        0      0      0       700     0.5s

Solving report
  Status            Optimal
  Primal bound      19.0290907886
  Dual bound        19.0290907886
  Gap               0% (tolerance: 0.5%)
  P-D integral      0.0243558503293
  Solution status   feasible
                    19.0290907886 (objective)
                    0 (bound viol.)
                    0 (int. viol.)
                    0 (row viol.)
  Timing            0.51
  Max sub-MIP depth 0
  Nodes             1
  Repair LPs        0
  LP iterations     700
                    0 (strong br.)
                    0 (separation)
                    0 (heuristics)
MIP has 10753 rows; 9409 cols; 25537 nonzeros; 1344 integer variables (1344 binary)
Coefficient ranges:
  Matrix  [2e-01, 2e+00]
  Cost    [1e-02, 6e-02]
  Bound   [1e+00, 1e+00]
  RHS     [3e-04, 5e+00]
Presolving model
8064 rows, 8617 cols, 22056 nonzeros 0s
6413 rows, 7300 cols, 17748 nonzeros 0s
4594 rows, 5744 cols, 13017 nonzeros 0s
2653 rows, 3910 cols, 7910 nonzeros 0s
1868 rows, 3166 cols, 5995 nonzeros 0s
1731 rows, 2894 cols, 5586 nonzeros 0s
Presolve reductions: rows 1731(-9022); columns 2894(-6515); nonzeros 5586(-19951) 

Solving MIP model with:
   1731 rows
   2894 cols (241 binary, 0 integer, 0 implied int., 2653 continuous, 0 domain fixed)
   5586 nonzeros

Src: B => Branching; C => Central rounding; F => Feasibility pump; H => Heuristic;
     I => Shifting; J => Feasibility jump; L => Sub-MIP; P => Empty MIP; R => Randomized rounding;
     S => Solve LP; T => Evaluate node; U => Unbounded; X => User solution; Y => HiGHS solution;
     Z => ZI Round; l => Trivial lower; p => Trivial point; u => Trivial upper; z => Trivial zero

        Nodes      |    B&B Tree     |            Objective Bounds              |  Dynamic Constraints |       Work      
Src  Proc. InQueue |  Leaves   Expl. | BestBound       BestSol              Gap |   Cuts   InLp Confl. | LpIters     Time

 J       0       0         0   0.00%   -inf            19.71294375        Large        0      0      0         0     0.5s
 T       0       0         0   0.00%   1.690038446     15.84789919       89.34%        0      0      0       821     0.5s
         1       0         1 100.00%   15.84789919     15.84789919        0.00%        0      0      0       821     0.5s

Solving report
  Status            Optimal
  Primal bound      15.8478991926
  Dual bound        15.8478991926
  Gap               0% (tolerance: 0.5%)
  P-D integral      0.0257823116061
  Solution status   feasible
                    15.8478991926 (objective)
                    0 (bound viol.)
                    0 (int. viol.)
                    0 (row viol.)
  Timing            0.53
  Max sub-MIP depth 0
  Nodes             1
  Repair LPs        0
  LP iterations     821
                    0 (strong br.)
                    0 (separation)
                    0 (heuristics)
MIP has 10753 rows; 9409 cols; 25537 nonzeros; 1344 integer variables (1344 binary)
Coefficient ranges:
  Matrix  [2e-01, 2e+00]
  Cost    [1e-02, 6e-02]
  Bound   [1e+00, 1e+00]
  RHS     [9e-04, 5e+00]
Presolving model
8064 rows, 8611 cols, 22050 nonzeros 0s
6392 rows, 7273 cols, 17700 nonzeros 0s
4569 rows, 5704 cols, 12952 nonzeros 0s
2620 rows, 3853 cols, 7816 nonzeros 0s
1901 rows, 3192 cols, 6102 nonzeros 0s
1783 rows, 2940 cols, 5732 nonzeros 0s
Presolve reductions: rows 1783(-8970); columns 2940(-6469); nonzeros 5732(-19805) 

Solving MIP model with:
   1783 rows
   2940 cols (253 binary, 0 integer, 0 implied int., 2687 continuous, 0 domain fixed)
   5732 nonzeros

Src: B => Branching; C => Central rounding; F => Feasibility pump; H => Heuristic;
     I => Shifting; J => Feasibility jump; L => Sub-MIP; P => Empty MIP; R => Randomized rounding;
     S => Solve LP; T => Evaluate node; U => Unbounded; X => User solution; Y => HiGHS solution;
     Z => ZI Round; l => Trivial lower; p => Trivial point; u => Trivial upper; z => Trivial zero

        Nodes      |    B&B Tree     |            Objective Bounds              |  Dynamic Constraints |       Work      
Src  Proc. InQueue |  Leaves   Expl. | BestBound       BestSol              Gap |   Cuts   InLp Confl. | LpIters     Time

 J       0       0         0   0.00%   -inf            18.70564179        Large        0      0      0         0     0.5s
 T       0       0         0   0.00%   1.314815951     13.55857317       90.30%        0      0      0       773     0.5s
         1       0         1 100.00%   13.55857317     13.55857317        0.00%        0      0      0       773     0.5s

Solving report
  Status            Optimal
  Primal bound      13.5585731717
  Dual bound        13.5585731717
  Gap               0% (tolerance: 0.5%)
  P-D integral      0.0280139938441
  Solution status   feasible
                    13.5585731717 (objective)
                    0 (bound viol.)
                    0 (int. viol.)
                    0 (row viol.)
  Timing            0.53
  Max sub-MIP depth 0
  Nodes             1
  Repair LPs        0
  LP iterations     773
                    0 (strong br.)
                    0 (separation)
                    0 (heuristics)
MIP has 10753 rows; 9409 cols; 25537 nonzeros; 1344 integer variables (1344 binary)
Coefficient ranges:
  Matrix  [2e-01, 2e+00]
  Cost    [1e-02, 6e-02]
  Bound   [1e+00, 1e+00]
  RHS     [9e-04, 5e+00]
Presolving model
8064 rows, 8635 cols, 22074 nonzeros 0s
6401 rows, 7306 cols, 17746 nonzeros 0s
4594 rows, 5757 cols, 13054 nonzeros 0s
2630 rows, 3890 cols, 7887 nonzeros 0s
2135 rows, 3321 cols, 6691 nonzeros 0s
2121 rows, 3306 cols, 6662 nonzeros 0s
Presolve reductions: rows 2121(-8632); columns 3306(-6103); nonzeros 6662(-18875) 

Solving MIP model with:
   2121 rows
   3306 cols (309 binary, 0 integer, 0 implied int., 2997 continuous, 0 domain fixed)
   6662 nonzeros

Src: B => Branching; C => Central rounding; F => Feasibility pump; H => Heuristic;
     I => Shifting; J => Feasibility jump; L => Sub-MIP; P => Empty MIP; R => Randomized rounding;
     S => Solve LP; T => Evaluate node; U => Unbounded; X => User solution; Y => HiGHS solution;
     Z => ZI Round; l => Trivial lower; p => Trivial point; u => Trivial upper; z => Trivial zero

        Nodes      |    B&B Tree     |            Objective Bounds              |  Dynamic Constraints |       Work      
Src  Proc. InQueue |  Leaves   Expl. | BestBound       BestSol              Gap |   Cuts   InLp Confl. | LpIters     Time

 J       0       0         0   0.00%   -inf            17.22583486        Large        0      0      0         0     0.4s
 T       0       0         0   0.00%   -0.6943219331   10.11777015      106.86%        0      0      0       956     0.4s
         1       0         1 100.00%   10.11777015     10.11777015        0.00%        0      0      0       956     0.4s

Solving report
  Status            Optimal
  Primal bound      10.1177701543
  Dual bound        10.1177701543
  Gap               0% (tolerance: 0.5%)
  P-D integral      0.0360012586166
  Solution status   feasible
                    10.1177701543 (objective)
                    0 (bound viol.)
                    0 (int. viol.)
                    0 (row viol.)
  Timing            0.44
  Max sub-MIP depth 0
  Nodes             1
  Repair LPs        0
  LP iterations     956
                    0 (strong br.)
                    0 (separation)
                    0 (heuristics)
MIP has 10753 rows; 9409 cols; 25537 nonzeros; 1344 integer variables (1344 binary)
Coefficient ranges:
  Matrix  [2e-01, 2e+00]
  Cost    [1e-02, 6e-02]
  Bound   [1e+00, 1e+00]
  RHS     [4e-04, 5e+00]
Presolving model
8064 rows, 8674 cols, 22113 nonzeros 0s
6396 rows, 7340 cols, 17775 nonzeros 0s
4587 rows, 5781 cols, 13071 nonzeros 0s
2627 rows, 3881 cols, 7875 nonzeros 0s
2355 rows, 3601 cols, 7323 nonzeros 0s
Presolve reductions: rows 2355(-8398); columns 3601(-5808); nonzeros 7323(-18214) 

Solving MIP model with:
   2355 rows
   3601 cols (342 binary, 0 integer, 0 implied int., 3259 continuous, 0 domain fixed)
   7323 nonzeros

Src: B => Branching; C => Central rounding; F => Feasibility pump; H => Heuristic;
     I => Shifting; J => Feasibility jump; L => Sub-MIP; P => Empty MIP; R => Randomized rounding;
     S => Solve LP; T => Evaluate node; U => Unbounded; X => User solution; Y => HiGHS solution;
     Z => ZI Round; l => Trivial lower; p => Trivial point; u => Trivial upper; z => Trivial zero

        Nodes      |    B&B Tree     |            Objective Bounds              |  Dynamic Constraints |       Work      
Src  Proc. InQueue |  Leaves   Expl. | BestBound       BestSol              Gap |   Cuts   InLp Confl. | LpIters     Time

 J       0       0         0   0.00%   -inf            18.27031589        Large        0      0      0         0     0.4s
         0       0         0   0.00%   10.50028102     18.27031589       42.53%        0      0      2      1037     0.4s
 C       0       0         0   0.00%   10.52011751     10.52011751        0.00%        0      0      2      1042     0.5s
         1       0         1 100.00%   10.52011751     10.52011751        0.00%        0      0      2      1042     0.5s

Solving report
  Status            Optimal
  Primal bound      10.5201175084
  Dual bound        10.5201175084
  Gap               0% (tolerance: 0.5%)
  P-D integral      0.0810909991472
  Solution status   feasible
                    10.5201175084 (objective)
                    0 (bound viol.)
                    0 (int. viol.)
                    0 (row viol.)
  Timing            0.52
  Max sub-MIP depth 0
  Nodes             1
  Repair LPs        0
  LP iterations     1042
                    0 (strong br.)
                    5 (separation)
                    0 (heuristics)
MIP has 10753 rows; 9409 cols; 25537 nonzeros; 1344 integer variables (1344 binary)
Coefficient ranges:
  Matrix  [2e-01, 2e+00]
  Cost    [1e-02, 6e-02]
  Bound   [1e+00, 1e+00]
  RHS     [4e-04, 5e+00]
Presolving model
8064 rows, 8692 cols, 22131 nonzeros 0s
6386 rows, 7348 cols, 17769 nonzeros 0s
4580 rows, 5782 cols, 13049 nonzeros 0s
2721 rows, 3994 cols, 8152 nonzeros 0s
2470 rows, 3743 cols, 7650 nonzeros 0s
Presolve reductions: rows 2470(-8283); columns 3743(-5666); nonzeros 7650(-17887) 

Solving MIP model with:
   2470 rows
   3743 cols (360 binary, 0 integer, 0 implied int., 3383 continuous, 0 domain fixed)
   7650 nonzeros

Src: B => Branching; C => Central rounding; F => Feasibility pump; H => Heuristic;
     I => Shifting; J => Feasibility jump; L => Sub-MIP; P => Empty MIP; R => Randomized rounding;
     S => Solve LP; T => Evaluate node; U => Unbounded; X => User solution; Y => HiGHS solution;
     Z => ZI Round; l => Trivial lower; p => Trivial point; u => Trivial upper; z => Trivial zero

        Nodes      |    B&B Tree     |            Objective Bounds              |  Dynamic Constraints |       Work      
Src  Proc. InQueue |  Leaves   Expl. | BestBound       BestSol              Gap |   Cuts   InLp Confl. | LpIters     Time

 J       0       0         0   0.00%   -inf            16.36876718        Large        0      0      0         0     0.4s
 T       0       0         0   0.00%   -2.635805271    8.671708936      130.40%        0      0      0      1059     0.5s
         1       0         1 100.00%   8.671708936     8.671708936        0.00%        0      0      0      1059     0.5s

Solving report
  Status            Optimal
  Primal bound      8.67170893592
  Dual bound        8.67170893592
  Gap               0% (tolerance: 0.5%)
  P-D integral      0.0452364671621
  Solution status   feasible
                    8.67170893592 (objective)
                    0 (bound viol.)
                    0 (int. viol.)
                    0 (row viol.)
  Timing            0.48
  Max sub-MIP depth 0
  Nodes             1
  Repair LPs        0
  LP iterations     1059
                    0 (strong br.)
                    0 (separation)
                    0 (heuristics)
MIP has 10753 rows; 9409 cols; 25537 nonzeros; 1344 integer variables (1344 binary)
Coefficient ranges:
  Matrix  [2e-01, 2e+00]
  Cost    [1e-02, 6e-02]
  Bound   [1e+00, 1e+00]
  RHS     [1e-04, 5e+00]
Presolving model
8064 rows, 8707 cols, 22146 nonzeros 0s
6394 rows, 7371 cols, 17804 nonzeros 0s
4586 rows, 5809 cols, 13098 nonzeros 0s
2862 rows, 4128 cols, 8529 nonzeros 0s
2615 rows, 3881 cols, 8035 nonzeros 0s
Presolve reductions: rows 2615(-8138); columns 3881(-5528); nonzeros 8035(-17502) 

Solving MIP model with:
   2615 rows
   3881 cols (385 binary, 0 integer, 0 implied int., 3496 continuous, 0 domain fixed)
   8035 nonzeros

Src: B => Branching; C => Central rounding; F => Feasibility pump; H => Heuristic;
     I => Shifting; J => Feasibility jump; L => Sub-MIP; P => Empty MIP; R => Randomized rounding;
     S => Solve LP; T => Evaluate node; U => Unbounded; X => User solution; Y => HiGHS solution;
     Z => ZI Round; l => Trivial lower; p => Trivial point; u => Trivial upper; z => Trivial zero

        Nodes      |    B&B Tree     |            Objective Bounds              |  Dynamic Constraints |       Work      
Src  Proc. InQueue |  Leaves   Expl. | BestBound       BestSol              Gap |   Cuts   InLp Confl. | LpIters     Time

 J       0       0         0   0.00%   -inf            13.39625748        Large        0      0      0         0     0.4s
 T       0       0         0   0.00%   -3.572680814    4.36013382       181.94%        0      0      0      1142     0.5s
         1       0         1 100.00%   4.36013382      4.36013382         0.00%        0      0      0      1142     0.5s

Solving report
  Status            Optimal
  Primal bound      4.36013382004
  Dual bound        4.36013382004
  Gap               0% (tolerance: 0.5%)
  P-D integral      0.0543386600969
  Solution status   feasible
                    4.36013382004 (objective)
                    0 (bound viol.)
                    0 (int. viol.)
                    0 (row viol.)
  Timing            0.46
  Max sub-MIP depth 0
  Nodes             1
  Repair LPs        0
  LP iterations     1142
                    0 (strong br.)
                    0 (separation)
                    0 (heuristics)
MIP has 10753 rows; 9409 cols; 25537 nonzeros; 1344 integer variables (1344 binary)
Coefficient ranges:
  Matrix  [2e-01, 2e+00]
  Cost    [1e-02, 6e-02]
  Bound   [1e+00, 1e+00]
  RHS     [1e-04, 5e+00]
Presolving model
8064 rows, 8724 cols, 22163 nonzeros 0s
6394 rows, 7388 cols, 17821 nonzeros 0s
4589 rows, 5830 cols, 13122 nonzeros 0s
2935 rows, 4202 cols, 8740 nonzeros 0s
2689 rows, 3955 cols, 8247 nonzeros 0s
Presolve reductions: rows 2689(-8064); columns 3955(-5454); nonzeros 8247(-17290) 

Solving MIP model with:
   2689 rows
   3955 cols (401 binary, 0 integer, 0 implied int., 3554 continuous, 0 domain fixed)
   8247 nonzeros

Src: B => Branching; C => Central rounding; F => Feasibility pump; H => Heuristic;
     I => Shifting; J => Feasibility jump; L => Sub-MIP; P => Empty MIP; R => Randomized rounding;
     S => Solve LP; T => Evaluate node; U => Unbounded; X => User solution; Y => HiGHS solution;
     Z => ZI Round; l => Trivial lower; p => Trivial point; u => Trivial upper; z => Trivial zero

        Nodes      |    B&B Tree     |            Objective Bounds              |  Dynamic Constraints |       Work      
Src  Proc. InQueue |  Leaves   Expl. | BestBound       BestSol              Gap |   Cuts   InLp Confl. | LpIters     Time

 J       0       0         0   0.00%   -inf            13.11093686        Large        0      0      0         0     0.5s
 T       0       0         0   0.00%   -5.148847528    1.246154262      513.18%        0      0      0      1180     0.6s
         1       0         1 100.00%   1.246154262     1.246154262        0.00%        0      0      0      1180     0.6s

Solving report
  Status            Optimal
  Primal bound      1.24615426159
  Dual bound        1.24615426159
  Gap               0% (tolerance: 0.5%)
  P-D integral      0.063099522751
  Solution status   feasible
                    1.24615426159 (objective)
                    0 (bound viol.)
                    0 (int. viol.)
                    0 (row viol.)
  Timing            0.59
  Max sub-MIP depth 0
  Nodes             1
  Repair LPs        0
  LP iterations     1180
                    0 (strong br.)
                    0 (separation)
                    0 (heuristics)
MIP has 10753 rows; 9409 cols; 25537 nonzeros; 1344 integer variables (1344 binary)
Coefficient ranges:
  Matrix  [2e-01, 2e+00]
  Cost    [1e-02, 6e-02]
  Bound   [1e+00, 1e+00]
  RHS     [1e-04, 5e+00]
Presolving model
8064 rows, 8744 cols, 22183 nonzeros 0s
6410 rows, 7423 cols, 17872 nonzeros 0s
4621 rows, 5888 cols, 13212 nonzeros 0s
2877 rows, 4208 cols, 8620 nonzeros 0s
2631 rows, 3961 cols, 8127 nonzeros 0s
Presolve reductions: rows 2631(-8122); columns 3961(-5448); nonzeros 8127(-17410) 

Solving MIP model with:
   2631 rows
   3961 cols (384 binary, 0 integer, 0 implied int., 3577 continuous, 0 domain fixed)
   8127 nonzeros

Src: B => Branching; C => Central rounding; F => Feasibility pump; H => Heuristic;
     I => Shifting; J => Feasibility jump; L => Sub-MIP; P => Empty MIP; R => Randomized rounding;
     S => Solve LP; T => Evaluate node; U => Unbounded; X => User solution; Y => HiGHS solution;
     Z => ZI Round; l => Trivial lower; p => Trivial point; u => Trivial upper; z => Trivial zero

        Nodes      |    B&B Tree     |            Objective Bounds              |  Dynamic Constraints |       Work      
Src  Proc. InQueue |  Leaves   Expl. | BestBound       BestSol              Gap |   Cuts   InLp Confl. | LpIters     Time

 J       0       0         0   0.00%   -inf            16.86432249        Large        0      0      0         0     0.4s
 T       0       0         0   0.00%   -6.571119756    2.011018668      426.76%        0      0      0      1220     0.4s
         1       0         1 100.00%   2.011018668     2.011018668        0.00%        0      0      0      1220     0.4s

Solving report
  Status            Optimal
  Primal bound      2.0110186679
  Dual bound        2.0110186679
  Gap               0% (tolerance: 0.5%)
  P-D integral      0.0624168247578
  Solution status   feasible
                    2.0110186679 (objective)
                    0 (bound viol.)
                    0 (int. viol.)
                    0 (row viol.)
  Timing            0.43
  Max sub-MIP depth 0
  Nodes             1
  Repair LPs        0
  LP iterations     1220
                    0 (strong br.)
                    0 (separation)
                    0 (heuristics)
MIP has 10753 rows; 9409 cols; 25537 nonzeros; 1344 integer variables (1344 binary)
Coefficient ranges:
  Matrix  [2e-01, 2e+00]
  Cost    [1e-02, 6e-02]
  Bound   [1e+00, 1e+00]
  RHS     [5e-04, 5e+00]
Presolving model
8064 rows, 8764 cols, 22203 nonzeros 0s
6411 rows, 7444 cols, 17890 nonzeros 0s
4616 rows, 5897 cols, 13216 nonzeros 0s
2940 rows, 4273 cols, 8776 nonzeros 0s
2697 rows, 4030 cols, 8290 nonzeros 0s
Presolve reductions: rows 2697(-8056); columns 4030(-5379); nonzeros 8290(-17247) 

Solving MIP model with:
   2697 rows
   4030 cols (391 binary, 0 integer, 0 implied int., 3639 continuous, 0 domain fixed)
   8290 nonzeros

Src: B => Branching; C => Central rounding; F => Feasibility pump; H => Heuristic;
     I => Shifting; J => Feasibility jump; L => Sub-MIP; P => Empty MIP; R => Randomized rounding;
     S => Solve LP; T => Evaluate node; U => Unbounded; X => User solution; Y => HiGHS solution;
     Z => ZI Round; l => Trivial lower; p => Trivial point; u => Trivial upper; z => Trivial zero

        Nodes      |    B&B Tree     |            Objective Bounds              |  Dynamic Constraints |       Work      
Src  Proc. InQueue |  Leaves   Expl. | BestBound       BestSol              Gap |   Cuts   InLp Confl. | LpIters     Time

 J       0       0         0   0.00%   -inf            16.66091737        Large        0      0      0         0     0.4s
 T       0       0         0   0.00%   -6.766050057    2.321122349      391.50%        0      0      0      1256     0.5s
         1       0         1 100.00%   2.321122349     2.321122349        0.00%        0      0      0      1256     0.5s

Solving report
  Status            Optimal
  Primal bound      2.3211223485
  Dual bound        2.3211223485
  Gap               0% (tolerance: 0.5%)
  P-D integral      0.0662724187594
  Solution status   feasible
                    2.3211223485 (objective)
                    0 (bound viol.)
                    0 (int. viol.)
                    0 (row viol.)
  Timing            0.49
  Max sub-MIP depth 0
  Nodes             1
  Repair LPs        0
  LP iterations     1256
                    0 (strong br.)
                    0 (separation)
                    0 (heuristics)
MIP has 10753 rows; 9409 cols; 25537 nonzeros; 1344 integer variables (1344 binary)
Coefficient ranges:
  Matrix  [2e-01, 2e+00]
  Cost    [1e-02, 6e-02]
  Bound   [1e+00, 1e+00]
  RHS     [8e-05, 5e+00]
WARNING: Problem has some excessively small row bounds
Presolving model
8064 rows, 8776 cols, 22215 nonzeros 0s
6418 rows, 7461 cols, 17918 nonzeros 0s
4611 rows, 5905 cols, 13207 nonzeros 0s
3025 rows, 4338 cols, 9002 nonzeros 0s
2808 rows, 4120 cols, 8565 nonzeros 0s
Presolve reductions: rows 2808(-7945); columns 4120(-5289); nonzeros 8565(-16972) 

Solving MIP model with:
   2808 rows
   4120 cols (410 binary, 0 integer, 0 implied int., 3710 continuous, 0 domain fixed)
   8565 nonzeros

Src: B => Branching; C => Central rounding; F => Feasibility pump; H => Heuristic;
     I => Shifting; J => Feasibility jump; L => Sub-MIP; P => Empty MIP; R => Randomized rounding;
     S => Solve LP; T => Evaluate node; U => Unbounded; X => User solution; Y => HiGHS solution;
     Z => ZI Round; l => Trivial lower; p => Trivial point; u => Trivial upper; z => Trivial zero

        Nodes      |    B&B Tree     |            Objective Bounds              |  Dynamic Constraints |       Work      
Src  Proc. InQueue |  Leaves   Expl. | BestBound       BestSol              Gap |   Cuts   InLp Confl. | LpIters     Time

 J       0       0         0   0.00%   -inf            14.18801247        Large        0      0      0         0     0.4s
 T       0       0         0   0.00%   -4.969581529    2.830858368      275.55%        0      0      0      1300     0.5s
         1       0         1 100.00%   2.830858368     2.830858368        0.00%        0      0      0      1300     0.5s

Solving report
  Status            Optimal
  Primal bound      2.83085836802
  Dual bound        2.83085836802
  Gap               0% (tolerance: 0.5%)
  P-D integral      0.0583680396242
  Solution status   feasible
                    2.83085836802 (objective)
                    0 (bound viol.)
                    0 (int. viol.)
                    0 (row viol.)
  Timing            0.45
  Max sub-MIP depth 0
  Nodes             1
  Repair LPs        0
  LP iterations     1300
                    0 (strong br.)
                    0 (separation)
                    0 (heuristics)
MIP has 10753 rows; 9409 cols; 25537 nonzeros; 1344 integer variables (1344 binary)
Coefficient ranges:
  Matrix  [2e-01, 2e+00]
  Cost    [1e-02, 6e-02]
  Bound   [1e+00, 1e+00]
  RHS     [8e-05, 5e+00]
WARNING: Problem has some excessively small row bounds
Presolving model
8064 rows, 8786 cols, 22225 nonzeros 0s
6416 rows, 7472 cols, 17927 nonzeros 0s
4618 rows, 5927 cols, 13248 nonzeros 0s
3170 rows, 4473 cols, 9394 nonzeros 0s
2970 rows, 4273 cols, 8994 nonzeros 0s
Presolve reductions: rows 2970(-7783); columns 4273(-5136); nonzeros 8994(-16543) 

Solving MIP model with:
   2970 rows
   4273 cols (438 binary, 0 integer, 0 implied int., 3835 continuous, 0 domain fixed)
   8994 nonzeros

Src: B => Branching; C => Central rounding; F => Feasibility pump; H => Heuristic;
     I => Shifting; J => Feasibility jump; L => Sub-MIP; P => Empty MIP; R => Randomized rounding;
     S => Solve LP; T => Evaluate node; U => Unbounded; X => User solution; Y => HiGHS solution;
     Z => ZI Round; l => Trivial lower; p => Trivial point; u => Trivial upper; z => Trivial zero

        Nodes      |    B&B Tree     |            Objective Bounds              |  Dynamic Constraints |       Work      
Src  Proc. InQueue |  Leaves   Expl. | BestBound       BestSol              Gap |   Cuts   InLp Confl. | LpIters     Time

         0       0         0   0.00%   -4.609967002    inf                  inf        0      0      0         0     0.5s
 T       0       0         0   0.00%   -4.609967002    2.409391377      291.33%        0      0      0      1332     0.5s
         1       0         1 100.00%   2.409391377     2.409391377        0.00%        0      0      0      1332     0.5s

Solving report
  Status            Optimal
  Primal bound      2.40939137731
  Dual bound        2.40939137731
  Gap               0% (tolerance: 0.5%)
  P-D integral      0.000251711943155
  Solution status   feasible
                    2.40939137731 (objective)
                    0 (bound viol.)
                    0 (int. viol.)
                    0 (row viol.)
  Timing            0.53
  Max sub-MIP depth 0
  Nodes             1
  Repair LPs        0
  LP iterations     1332
                    0 (strong br.)
                    0 (separation)
                    0 (heuristics)
MIP has 10753 rows; 9409 cols; 25537 nonzeros; 1344 integer variables (1344 binary)
Coefficient ranges:
  Matrix  [2e-01, 2e+00]
  Cost    [1e-02, 6e-02]
  Bound   [1e+00, 1e+00]
  RHS     [9e-04, 5e+00]
Presolving model
8064 rows, 8808 cols, 22247 nonzeros 0s
6415 rows, 7493 cols, 17947 nonzeros 0s
4614 rows, 5950 cols, 13267 nonzeros 0s
3234 rows, 4541 cols, 9570 nonzeros 0s
3044 rows, 4351 cols, 9190 nonzeros 0s
Presolve reductions: rows 3044(-7709); columns 4351(-5058); nonzeros 9190(-16347) 

Solving MIP model with:
   3044 rows
   4351 cols (449 binary, 0 integer, 0 implied int., 3902 continuous, 0 domain fixed)
   9190 nonzeros

Src: B => Branching; C => Central rounding; F => Feasibility pump; H => Heuristic;
     I => Shifting; J => Feasibility jump; L => Sub-MIP; P => Empty MIP; R => Randomized rounding;
     S => Solve LP; T => Evaluate node; U => Unbounded; X => User solution; Y => HiGHS solution;
     Z => ZI Round; l => Trivial lower; p => Trivial point; u => Trivial upper; z => Trivial zero

        Nodes      |    B&B Tree     |            Objective Bounds              |  Dynamic Constraints |       Work      
Src  Proc. InQueue |  Leaves   Expl. | BestBound       BestSol              Gap |   Cuts   InLp Confl. | LpIters     Time

         0       0         0   0.00%   -5.39556328     inf                  inf        0      0      0         0     0.5s
 T       0       0         0   0.00%   -5.39556328     1.987841398      371.43%        0      0      0      1372     0.6s
         1       0         1 100.00%   1.987841398     1.987841398        0.00%        0      0      0      1372     0.6s

Solving report
  Status            Optimal
  Primal bound      1.98784139777
  Dual bound        1.98784139777
  Gap               0% (tolerance: 0.5%)
  P-D integral      0.00035582827825
  Solution status   feasible
                    1.98784139777 (objective)
                    0 (bound viol.)
                    0 (int. viol.)
                    0 (row viol.)
  Timing            0.57
  Max sub-MIP depth 0
  Nodes             1
  Repair LPs        0
  LP iterations     1372
                    0 (strong br.)
                    0 (separation)
                    0 (heuristics)
MIP has 10753 rows; 9409 cols; 25537 nonzeros; 1344 integer variables (1344 binary)
Coefficient ranges:
  Matrix  [2e-01, 2e+00]
  Cost    [1e-02, 6e-02]
  Bound   [1e+00, 1e+00]
  RHS     [5e-04, 5e+00]
Presolving model
8064 rows, 8828 cols, 22267 nonzeros 0s
6416 rows, 7514 cols, 17969 nonzeros 0s
4622 rows, 5971 cols, 13296 nonzeros 0s
3388 rows, 4691 cols, 10002 nonzeros 0s
3216 rows, 4504 cols, 9643 nonzeros 0s
Presolve reductions: rows 3216(-7537); columns 4504(-4905); nonzeros 9643(-15894) 

Solving MIP model with:
   3216 rows
   4504 cols (481 binary, 0 integer, 0 implied int., 4023 continuous, 0 domain fixed)
   9643 nonzeros

Src: B => Branching; C => Central rounding; F => Feasibility pump; H => Heuristic;
     I => Shifting; J => Feasibility jump; L => Sub-MIP; P => Empty MIP; R => Randomized rounding;
     S => Solve LP; T => Evaluate node; U => Unbounded; X => User solution; Y => HiGHS solution;
     Z => ZI Round; l => Trivial lower; p => Trivial point; u => Trivial upper; z => Trivial zero

        Nodes      |    B&B Tree     |            Objective Bounds              |  Dynamic Constraints |       Work      
Src  Proc. InQueue |  Leaves   Expl. | BestBound       BestSol              Gap |   Cuts   InLp Confl. | LpIters     Time

 J       0       0         0   0.00%   -inf            13.22602831        Large        0      0      0         0     0.5s
 T       0       0         0   0.00%   -6.040704836    1.137295001      631.15%        0      0      0      1446     0.6s
         1       0         1 100.00%   1.137295001     1.137295001        0.00%        0      0      0      1446     0.6s

Solving report
  Status            Optimal
  Primal bound      1.13729500141
  Dual bound        1.13729500141
  Gap               0% (tolerance: 0.5%)
  P-D integral      0.0731140416658
  Solution status   feasible
                    1.13729500141 (objective)
                    0 (bound viol.)
                    0 (int. viol.)
                    0 (row viol.)
  Timing            0.56
  Max sub-MIP depth 0
  Nodes             1
  Repair LPs        0
  LP iterations     1446
                    0 (strong br.)
                    0 (separation)
                    0 (heuristics)
MIP has 10753 rows; 9409 cols; 25537 nonzeros; 1344 integer variables (1344 binary)
Coefficient ranges:
  Matrix  [2e-01, 2e+00]
  Cost    [1e-02, 6e-02]
  Bound   [1e+00, 1e+00]
  RHS     [5e-04, 5e+00]
Presolving model
8064 rows, 8843 cols, 22282 nonzeros 0s
6391 rows, 7504 cols, 17934 nonzeros 0s
4566 rows, 5912 cols, 13181 nonzeros 0s
3695 rows, 4885 cols, 10791 nonzeros 0s
3582 rows, 4772 cols, 10565 nonzeros 0s
Presolve reductions: rows 3582(-7171); columns 4772(-4637); nonzeros 10565(-14972) 

Solving MIP model with:
   3582 rows
   4772 cols (553 binary, 0 integer, 0 implied int., 4219 continuous, 0 domain fixed)
   10565 nonzeros

Src: B => Branching; C => Central rounding; F => Feasibility pump; H => Heuristic;
     I => Shifting; J => Feasibility jump; L => Sub-MIP; P => Empty MIP; R => Randomized rounding;
     S => Solve LP; T => Evaluate node; U => Unbounded; X => User solution; Y => HiGHS solution;
     Z => ZI Round; l => Trivial lower; p => Trivial point; u => Trivial upper; z => Trivial zero

        Nodes      |    B&B Tree     |            Objective Bounds              |  Dynamic Constraints |       Work      
Src  Proc. InQueue |  Leaves   Expl. | BestBound       BestSol              Gap |   Cuts   InLp Confl. | LpIters     Time

         0       0         0   0.00%   -7.784251828    inf                  inf        0      0      0         0     0.5s
 T       0       0         0   0.00%   -7.784251828    -2.944421961     164.37%        0      0      0      1553     0.6s
         1       0         1 100.00%   -2.944421961    -2.944421961       0.00%        0      0      0      1553     0.6s

Solving report
  Status            Optimal
  Primal bound      -2.94442196123
  Dual bound        -2.94442196123
  Gap               0% (tolerance: 0.5%)
  P-D integral      0.000150401141595
  Solution status   feasible
                    -2.94442196123 (objective)
                    0 (bound viol.)
                    0 (int. viol.)
                    0 (row viol.)
  Timing            0.60
  Max sub-MIP depth 0
  Nodes             1
  Repair LPs        0
  LP iterations     1553
                    0 (strong br.)
                    0 (separation)
                    0 (heuristics)
MIP has 10753 rows; 9409 cols; 25537 nonzeros; 1344 integer variables (1344 binary)
Coefficient ranges:
  Matrix  [2e-01, 2e+00]
  Cost    [1e-02, 6e-02]
  Bound   [1e+00, 1e+00]
  RHS     [2e-04, 5e+00]
Presolving model
8064 rows, 8854 cols, 22293 nonzeros 0s
6405 rows, 7528 cols, 17972 nonzeros 0s
4575 rows, 5942 cols, 13220 nonzeros 0s
3589 rows, 4818 cols, 10510 nonzeros 0s
3460 rows, 4689 cols, 10252 nonzeros 0s
Presolve reductions: rows 3460(-7293); columns 4689(-4720); nonzeros 10252(-15285) 

Solving MIP model with:
   3460 rows
   4689 cols (526 binary, 0 integer, 0 implied int., 4163 continuous, 0 domain fixed)
   10252 nonzeros

Src: B => Branching; C => Central rounding; F => Feasibility pump; H => Heuristic;
     I => Shifting; J => Feasibility jump; L => Sub-MIP; P => Empty MIP; R => Randomized rounding;
     S => Solve LP; T => Evaluate node; U => Unbounded; X => User solution; Y => HiGHS solution;
     Z => ZI Round; l => Trivial lower; p => Trivial point; u => Trivial upper; z => Trivial zero

        Nodes      |    B&B Tree     |            Objective Bounds              |  Dynamic Constraints |       Work      
Src  Proc. InQueue |  Leaves   Expl. | BestBound       BestSol              Gap |   Cuts   InLp Confl. | LpIters     Time

 J       0       0         0   0.00%   -inf            10.49693302        Large        0      0      0         0     0.4s
 T       0       0         0   0.00%   -7.446926949    -1.908123018     290.27%        0      0      0      1524     0.5s
         1       0         1 100.00%   -1.908123018    -1.908123018       0.00%        0      0      0      1524     0.5s

Solving report
  Status            Optimal
  Primal bound      -1.90812301789
  Dual bound        -1.90812301789
  Gap               0% (tolerance: 0.5%)
  P-D integral      0.0919541568523
  Solution status   feasible
                    -1.90812301789 (objective)
                    0 (bound viol.)
                    0 (int. viol.)
                    0 (row viol.)
  Timing            0.50
  Max sub-MIP depth 0
  Nodes             1
  Repair LPs        0
  LP iterations     1524
                    0 (strong br.)
                    0 (separation)
                    0 (heuristics)
MIP has 10753 rows; 9409 cols; 25537 nonzeros; 1344 integer variables (1344 binary)
Coefficient ranges:
  Matrix  [2e-01, 2e+00]
  Cost    [1e-02, 6e-02]
  Bound   [1e+00, 1e+00]
  RHS     [2e-04, 5e+00]
Presolving model
8064 rows, 8869 cols, 22308 nonzeros 0s
6395 rows, 7534 cols, 17968 nonzeros 0s
4590 rows, 5963 cols, 13256 nonzeros 0s
3701 rows, 4943 cols, 10847 nonzeros 0s
3578 rows, 4820 cols, 10601 nonzeros 0s
Presolve reductions: rows 3578(-7175); columns 4820(-4589); nonzeros 10601(-14936) 

Solving MIP model with:
   3578 rows
   4820 cols (551 binary, 0 integer, 0 implied int., 4269 continuous, 0 domain fixed)
   10601 nonzeros

Src: B => Branching; C => Central rounding; F => Feasibility pump; H => Heuristic;
     I => Shifting; J => Feasibility jump; L => Sub-MIP; P => Empty MIP; R => Randomized rounding;
     S => Solve LP; T => Evaluate node; U => Unbounded; X => User solution; Y => HiGHS solution;
     Z => ZI Round; l => Trivial lower; p => Trivial point; u => Trivial upper; z => Trivial zero

        Nodes      |    B&B Tree     |            Objective Bounds              |  Dynamic Constraints |       Work      
Src  Proc. InQueue |  Leaves   Expl. | BestBound       BestSol              Gap |   Cuts   InLp Confl. | LpIters     Time

         0       0         0   0.00%   -7.571518246    inf                  inf        0      0      0         0     0.5s
 T       0       0         0   0.00%   -7.571518246    -2.393235155     216.37%        0      0      0      1574     0.6s
         1       0         1 100.00%   -2.393235155    -2.393235155       0.00%        0      0      0      1574     0.6s

Solving report
  Status            Optimal
  Primal bound      -2.39323515538
  Dual bound        -2.39323515538
  Gap               0% (tolerance: 0.5%)
  P-D integral      0.000200576530997
  Solution status   feasible
                    -2.39323515538 (objective)
                    0 (bound viol.)
                    0 (int. viol.)
                    0 (row viol.)
  Timing            0.60
  Max sub-MIP depth 0
  Nodes             1
  Repair LPs        0
  LP iterations     1574
                    0 (strong br.)
                    0 (separation)
                    0 (heuristics)
MIP has 10753 rows; 9409 cols; 25537 nonzeros; 1344 integer variables (1344 binary)
Coefficient ranges:
  Matrix  [2e-01, 2e+00]
  Cost    [1e-02, 6e-02]
  Bound   [1e+00, 1e+00]
  RHS     [9e-04, 5e+00]
Presolving model
8064 rows, 8887 cols, 22326 nonzeros 0s
6363 rows, 7520 cols, 17922 nonzeros 0s
4506 rows, 5874 cols, 13083 nonzeros 0s
4083 rows, 5150 cols, 11816 nonzeros 0s
Presolve reductions: rows 4083(-6670); columns 5150(-4259); nonzeros 11816(-13721) 

Solving MIP model with:
   4083 rows
   5150 cols (646 binary, 0 integer, 0 implied int., 4504 continuous, 0 domain fixed)
   11816 nonzeros

Src: B => Branching; C => Central rounding; F => Feasibility pump; H => Heuristic;
     I => Shifting; J => Feasibility jump; L => Sub-MIP; P => Empty MIP; R => Randomized rounding;
     S => Solve LP; T => Evaluate node; U => Unbounded; X => User solution; Y => HiGHS solution;
     Z => ZI Round; l => Trivial lower; p => Trivial point; u => Trivial upper; z => Trivial zero

        Nodes      |    B&B Tree     |            Objective Bounds              |  Dynamic Constraints |       Work      
Src  Proc. InQueue |  Leaves   Expl. | BestBound       BestSol              Gap |   Cuts   InLp Confl. | LpIters     Time

         0       0         0   0.00%   -10.22872612    inf                  inf        0      0      0         0     0.5s
 T       0       0         0   0.00%   -10.22872612    -6.547777944      56.22%        0      0      0      1678     0.6s
         1       0         1 100.00%   -6.547777944    -6.547777944       0.00%        0      0      0      1678     0.6s

Solving report
  Status            Optimal
  Primal bound      -6.54777794415
  Dual bound        -6.54777794415
  Gap               0% (tolerance: 0.5%)
  P-D integral      5.0988599094e-05
  Solution status   feasible
                    -6.54777794415 (objective)
                    0 (bound viol.)
                    0 (int. viol.)
                    0 (row viol.)
  Timing            0.60
  Max sub-MIP depth 0
  Nodes             1
  Repair LPs        0
  LP iterations     1678
                    0 (strong br.)
                    0 (separation)
                    0 (heuristics)
MIP has 10753 rows; 9409 cols; 25537 nonzeros; 1344 integer variables (1344 binary)
Coefficient ranges:
  Matrix  [2e-01, 2e+00]
  Cost    [1e-02, 6e-02]
  Bound   [1e+00, 1e+00]
  RHS     [5e-04, 5e+00]
Presolving model
8064 rows, 8895 cols, 22334 nonzeros 0s
6356 rows, 7521 cols, 17916 nonzeros 0s
4502 rows, 5873 cols, 13078 nonzeros 0s
4253 rows, 5282 cols, 12234 nonzeros 0s
Presolve reductions: rows 4253(-6500); columns 5282(-4127); nonzeros 12234(-13303) 

Solving MIP model with:
   4253 rows
   5282 cols (675 binary, 0 integer, 0 implied int., 4607 continuous, 0 domain fixed)
   12234 nonzeros

Src: B => Branching; C => Central rounding; F => Feasibility pump; H => Heuristic;
     I => Shifting; J => Feasibility jump; L => Sub-MIP; P => Empty MIP; R => Randomized rounding;
     S => Solve LP; T => Evaluate node; U => Unbounded; X => User solution; Y => HiGHS solution;
     Z => ZI Round; l => Trivial lower; p => Trivial point; u => Trivial upper; z => Trivial zero

        Nodes      |    B&B Tree     |            Objective Bounds              |  Dynamic Constraints |       Work      
Src  Proc. InQueue |  Leaves   Expl. | BestBound       BestSol              Gap |   Cuts   InLp Confl. | LpIters     Time

         0       0         0   0.00%   -11.37914998    inf                  inf        0      0      0         0     0.5s
         0       0         0   0.00%   -7.568975148    inf                  inf        0      0      2      1808     0.5s
 R       0       0         0   0.00%   -7.568975148    -7.568975148       0.00%        0      0      2      1817     0.6s
         1       0         1 100.00%   -7.568975148    -7.568975148       0.00%        0      0      2      1817     0.6s

Solving report
  Status            Optimal
  Primal bound      -7.56897514794
  Dual bound        -7.56897514794
  Gap               0% (tolerance: 0.5%)
  P-D integral      1.69046641587e-19
  Solution status   feasible
                    -7.56897514794 (objective)
                    0 (bound viol.)
                    0 (int. viol.)
                    0 (row viol.)
  Timing            0.59
  Max sub-MIP depth 0
  Nodes             1
  Repair LPs        0
  LP iterations     1817
                    0 (strong br.)
                    9 (separation)
                    0 (heuristics)
MIP has 10753 rows; 9409 cols; 25537 nonzeros; 1344 integer variables (1344 binary)
Coefficient ranges:
  Matrix  [2e-01, 2e+00]
  Cost    [1e-02, 6e-02]
  Bound   [1e+00, 1e+00]
  RHS     [3e-04, 5e+00]
Presolving model
8064 rows, 8904 cols, 22343 nonzeros 0s
6349 rows, 7510 cols, 17890 nonzeros 0s
4469 rows, 5820 cols, 12972 nonzeros 0s
4033 rows, 5083 cols, 11663 nonzeros 0s
Presolve reductions: rows 4033(-6720); columns 5083(-4326); nonzeros 11663(-13874) 

Solving MIP model with:
   4033 rows
   5083 cols (637 binary, 0 integer, 0 implied int., 4446 continuous, 0 domain fixed)
   11663 nonzeros

Src: B => Branching; C => Central rounding; F => Feasibility pump; H => Heuristic;
     I => Shifting; J => Feasibility jump; L => Sub-MIP; P => Empty MIP; R => Randomized rounding;
     S => Solve LP; T => Evaluate node; U => Unbounded; X => User solution; Y => HiGHS solution;
     Z => ZI Round; l => Trivial lower; p => Trivial point; u => Trivial upper; z => Trivial zero

        Nodes      |    B&B Tree     |            Objective Bounds              |  Dynamic Constraints |       Work      
Src  Proc. InQueue |  Leaves   Expl. | BestBound       BestSol              Gap |   Cuts   InLp Confl. | LpIters     Time

 J       0       0         0   0.00%   -inf            4.557596389        Large        0      0      0         0     0.5s
 T       0       0         0   0.00%   -9.320698406    -6.184915632      50.70%        0      0      0      1683     0.6s
         1       0         1 100.00%   -6.184915632    -6.184915632       0.00%        0      0      0      1683     0.6s

Solving report
  Status            Optimal
  Primal bound      -6.18491563212
  Dual bound        -6.18491563212
  Gap               0% (tolerance: 0.5%)
  P-D integral      0.23772791525
  Solution status   feasible
                    -6.18491563212 (objective)
                    0 (bound viol.)
                    0 (int. viol.)
                    0 (row viol.)
  Timing            0.57
  Max sub-MIP depth 0
  Nodes             1
  Repair LPs        0
  LP iterations     1683
                    0 (strong br.)
                    0 (separation)
                    0 (heuristics)
MIP has 10753 rows; 9409 cols; 25537 nonzeros; 1344 integer variables (1344 binary)
Coefficient ranges:
  Matrix  [2e-01, 2e+00]
  Cost    [1e-02, 6e-02]
  Bound   [1e+00, 1e+00]
  RHS     [3e-04, 5e+00]
Presolving model
8064 rows, 8914 cols, 22353 nonzeros 0s
6353 rows, 7514 cols, 17898 nonzeros 0s
4516 rows, 5868 cols, 13087 nonzeros 0s
3956 rows, 5072 cols, 11503 nonzeros 0s
Presolve reductions: rows 3956(-6797); columns 5072(-4337); nonzeros 11503(-14034) 

Solving MIP model with:
   3956 rows
   5072 cols (619 binary, 0 integer, 0 implied int., 4453 continuous, 0 domain fixed)
   11503 nonzeros

Src: B => Branching; C => Central rounding; F => Feasibility pump; H => Heuristic;
     I => Shifting; J => Feasibility jump; L => Sub-MIP; P => Empty MIP; R => Randomized rounding;
     S => Solve LP; T => Evaluate node; U => Unbounded; X => User solution; Y => HiGHS solution;
     Z => ZI Round; l => Trivial lower; p => Trivial point; u => Trivial upper; z => Trivial zero

        Nodes      |    B&B Tree     |            Objective Bounds              |  Dynamic Constraints |       Work      
Src  Proc. InQueue |  Leaves   Expl. | BestBound       BestSol              Gap |   Cuts   InLp Confl. | LpIters     Time

 J       0       0         0   0.00%   -inf            5.471861622        Large        0      0      0         0     0.5s
 T       0       0         0   0.00%   -9.07270819     -5.711615364      58.85%        0      0      0      1675     0.6s
         1       0         1 100.00%   -5.711615364    -5.711615364       0.00%        0      0      0      1675     0.6s

Solving report
  Status            Optimal
  Primal bound      -5.71161536394
  Dual bound        -5.71161536394
  Gap               0% (tolerance: 0.5%)
  P-D integral      0.20015344225
  Solution status   feasible
                    -5.71161536394 (objective)
                    0 (bound viol.)
                    0 (int. viol.)
                    0 (row viol.)
  Timing            0.60
  Max sub-MIP depth 0
  Nodes             1
  Repair LPs        0
  LP iterations     1675
                    0 (strong br.)
                    0 (separation)
                    0 (heuristics)
MIP has 10753 rows; 9409 cols; 25537 nonzeros; 1344 integer variables (1344 binary)
Coefficient ranges:
  Matrix  [2e-01, 2e+00]
  Cost    [1e-02, 6e-02]
  Bound   [1e+00, 1e+00]
  RHS     [2e-04, 5e+00]
Presolving model
8064 rows, 8907 cols, 22346 nonzeros 0s
6377 rows, 7507 cols, 17927 nonzeros 0s
4537 rows, 5869 cols, 13105 nonzeros 0s
3701 rows, 4876 cols, 10800 nonzeros 0s
3599 rows, 4774 cols, 10596 nonzeros 0s
Presolve reductions: rows 3599(-7154); columns 4774(-4635); nonzeros 10596(-14941) 

Solving MIP model with:
   3599 rows
   4774 cols (556 binary, 0 integer, 0 implied int., 4218 continuous, 0 domain fixed)
   10596 nonzeros

Src: B => Branching; C => Central rounding; F => Feasibility pump; H => Heuristic;
     I => Shifting; J => Feasibility jump; L => Sub-MIP; P => Empty MIP; R => Randomized rounding;
     S => Solve LP; T => Evaluate node; U => Unbounded; X => User solution; Y => HiGHS solution;
     Z => ZI Round; l => Trivial lower; p => Trivial point; u => Trivial upper; z => Trivial zero

        Nodes      |    B&B Tree     |            Objective Bounds              |  Dynamic Constraints |       Work      
Src  Proc. InQueue |  Leaves   Expl. | BestBound       BestSol              Gap |   Cuts   InLp Confl. | LpIters     Time

 J       0       0         0   0.00%   -inf            5.57628299         Large        0      0      0         0     0.5s
 T       0       0         0   0.00%   -8.424573072    -5.084354022      65.70%        0      0      0      1528     0.6s
         1       0         1 100.00%   -5.084354022    -5.084354022       0.00%        0      0      0      1528     0.6s

Solving report
  Status            Optimal
  Primal bound      -5.08435402221
  Dual bound        -5.08435402221
  Gap               0% (tolerance: 0.5%)
  P-D integral      0.172398333921
  Solution status   feasible
                    -5.08435402221 (objective)
                    0 (bound viol.)
                    0 (int. viol.)
                    0 (row viol.)
  Timing            0.58
  Max sub-MIP depth 0
  Nodes             1
  Repair LPs        0
  LP iterations     1528
                    0 (strong br.)
                    0 (separation)
                    0 (heuristics)
MIP has 10753 rows; 9409 cols; 25537 nonzeros; 1344 integer variables (1344 binary)
Coefficient ranges:
  Matrix  [2e-01, 2e+00]
  Cost    [1e-02, 6e-02]
  Bound   [1e+00, 1e+00]
  RHS     [2e-04, 5e+00]
Presolving model
8064 rows, 9020 cols, 22459 nonzeros 0s
6383 rows, 7641 cols, 18035 nonzeros 0s
4546 rows, 5999 cols, 13204 nonzeros 0s
3875 rows, 5149 cols, 11367 nonzeros 0s
Presolve reductions: rows 3875(-6878); columns 5149(-4260); nonzeros 11367(-14170) 

Solving MIP model with:
   3875 rows
   5149 cols (586 binary, 0 integer, 0 implied int., 4563 continuous, 0 domain fixed)
   11367 nonzeros

Src: B => Branching; C => Central rounding; F => Feasibility pump; H => Heuristic;
     I => Shifting; J => Feasibility jump; L => Sub-MIP; P => Empty MIP; R => Randomized rounding;
     S => Solve LP; T => Evaluate node; U => Unbounded; X => User solution; Y => HiGHS solution;
     Z => ZI Round; l => Trivial lower; p => Trivial point; u => Trivial upper; z => Trivial zero

        Nodes      |    B&B Tree     |            Objective Bounds              |  Dynamic Constraints |       Work      
Src  Proc. InQueue |  Leaves   Expl. | BestBound       BestSol              Gap |   Cuts   InLp Confl. | LpIters     Time

 J       0       0         0   0.00%   -inf            5.84596933         Large        0      0      0         0     0.5s
 T       0       0         0   0.00%   -5.803631837    -2.466872297     135.26%        0      0      0      1647     0.6s
         1       0         1 100.00%   -2.466872297    -2.466872297       0.00%        0      0      0      1647     0.6s

Solving report
  Status            Optimal
  Primal bound      -2.4668722971
  Dual bound        -2.4668722971
  Gap               0% (tolerance: 0.5%)
  P-D integral      0.147707068668
  Solution status   feasible
                    -2.4668722971 (objective)
                    0 (bound viol.)
                    0 (int. viol.)
                    0 (row viol.)
  Timing            0.57
  Max sub-MIP depth 0
  Nodes             1
  Repair LPs        0
  LP iterations     1647
                    0 (strong br.)
                    0 (separation)
                    0 (heuristics)
MIP has 10753 rows; 9409 cols; 25537 nonzeros; 1344 integer variables (1344 binary)
Coefficient ranges:
  Matrix  [2e-01, 2e+00]
  Cost    [1e-02, 6e-02]
  Bound   [1e+00, 1e+00]
  RHS     [3e-04, 5e+00]
Presolving model
8064 rows, 9276 cols, 22715 nonzeros 0s
6194 rows, 7639 cols, 17672 nonzeros 0s
4512 rows, 6024 cols, 13159 nonzeros 0s
4303 rows, 5555 cols, 12481 nonzeros 0s
Presolve reductions: rows 4303(-6450); columns 5555(-3854); nonzeros 12481(-13056) 

Solving MIP model with:
   4303 rows
   5555 cols (656 binary, 0 integer, 0 implied int., 4899 continuous, 0 domain fixed)
   12481 nonzeros

Src: B => Branching; C => Central rounding; F => Feasibility pump; H => Heuristic;
     I => Shifting; J => Feasibility jump; L => Sub-MIP; P => Empty MIP; R => Randomized rounding;
     S => Solve LP; T => Evaluate node; U => Unbounded; X => User solution; Y => HiGHS solution;
     Z => ZI Round; l => Trivial lower; p => Trivial point; u => Trivial upper; z => Trivial zero

        Nodes      |    B&B Tree     |            Objective Bounds              |  Dynamic Constraints |       Work      
Src  Proc. InQueue |  Leaves   Expl. | BestBound       BestSol              Gap |   Cuts   InLp Confl. | LpIters     Time

 J       0       0         0   0.00%   -inf            2.459314794        Large        0      0      0         0     0.5s
 T       0       0         0   0.00%   -4.67330291     -2.46653175       89.47%        0      0      0      1744     0.5s
         1       0         1 100.00%   -2.46653175     -2.46653175        0.00%        0      0      0      1744     0.5s

Solving report
  Status            Optimal
  Primal bound      -2.46653175007
  Dual bound        -2.46653175007
  Gap               0% (tolerance: 0.5%)
  P-D integral      0.221142595838
  Solution status   feasible
                    -2.46653175007 (objective)
                    0 (bound viol.)
                    0 (int. viol.)
                    0 (row viol.)
  Timing            0.55
  Max sub-MIP depth 0
  Nodes             1
  Repair LPs        0
  LP iterations     1744
                    0 (strong br.)
                    0 (separation)
                    0 (heuristics)
MIP has 10753 rows; 9409 cols; 25537 nonzeros; 1344 integer variables (1344 binary)
Coefficient ranges:
  Matrix  [2e-01, 2e+00]
  Cost    [1e-02, 6e-02]
  Bound   [1e+00, 1e+00]
  RHS     [4e-04, 5e+00]
Presolving model
8064 rows, 9173 cols, 22612 nonzeros 0s
6185 rows, 7545 cols, 17605 nonzeros 0s
4262 rows, 5695 cols, 12440 nonzeros 0s
4018 rows, 5108 cols, 11609 nonzeros 0s
Presolve reductions: rows 4018(-6735); columns 5108(-4301); nonzeros 11609(-13928) 

Solving MIP model with:
   4018 rows
   5108 cols (621 binary, 0 integer, 0 implied int., 4487 continuous, 0 domain fixed)
   11609 nonzeros

Src: B => Branching; C => Central rounding; F => Feasibility pump; H => Heuristic;
     I => Shifting; J => Feasibility jump; L => Sub-MIP; P => Empty MIP; R => Randomized rounding;
     S => Solve LP; T => Evaluate node; U => Unbounded; X => User solution; Y => HiGHS solution;
     Z => ZI Round; l => Trivial lower; p => Trivial point; u => Trivial upper; z => Trivial zero

        Nodes      |    B&B Tree     |            Objective Bounds              |  Dynamic Constraints |       Work      
Src  Proc. InQueue |  Leaves   Expl. | BestBound       BestSol              Gap |   Cuts   InLp Confl. | LpIters     Time

 J       0       0         0   0.00%   -inf            1.62550292         Large        0      0      0         0     0.4s
 T       0       0         0   0.00%   -5.242173203    -3.31884693       57.95%        0      0      0      1636     0.5s
         1       0         1 100.00%   -3.31884693     -3.31884693        0.00%        0      0      0      1636     0.5s

Solving report
  Status            Optimal
  Primal bound      -3.31884693045
  Dual bound        -3.31884693045
  Gap               0% (tolerance: 0.5%)
  P-D integral      0.398606867457
  Solution status   feasible
                    -3.31884693045 (objective)
                    0 (bound viol.)
                    0 (int. viol.)
                    0 (row viol.)
  Timing            0.53
  Max sub-MIP depth 0
  Nodes             1
  Repair LPs        0
  LP iterations     1636
                    0 (strong br.)
                    0 (separation)
                    0 (heuristics)
MIP has 10753 rows; 9409 cols; 25537 nonzeros; 1344 integer variables (1344 binary)
Coefficient ranges:
  Matrix  [2e-01, 2e+00]
  Cost    [1e-02, 6e-02]
  Bound   [1e+00, 1e+00]
  RHS     [8e-04, 5e+00]
Presolving model
8064 rows, 8908 cols, 22347 nonzeros 0s
6397 rows, 7575 cols, 18011 nonzeros 0s
4576 rows, 5981 cols, 13260 nonzeros 0s
3868 rows, 5088 cols, 11307 nonzeros 0s
3830 rows, 5050 cols, 11231 nonzeros 0s
Presolve reductions: rows 3830(-6923); columns 5050(-4359); nonzeros 11231(-14306) 

Solving MIP model with:
   3830 rows
   5050 cols (588 binary, 0 integer, 0 implied int., 4462 continuous, 0 domain fixed)
   11231 nonzeros

Src: B => Branching; C => Central rounding; F => Feasibility pump; H => Heuristic;
     I => Shifting; J => Feasibility jump; L => Sub-MIP; P => Empty MIP; R => Randomized rounding;
     S => Solve LP; T => Evaluate node; U => Unbounded; X => User solution; Y => HiGHS solution;
     Z => ZI Round; l => Trivial lower; p => Trivial point; u => Trivial upper; z => Trivial zero

        Nodes      |    B&B Tree     |            Objective Bounds              |  Dynamic Constraints |       Work      
Src  Proc. InQueue |  Leaves   Expl. | BestBound       BestSol              Gap |   Cuts   InLp Confl. | LpIters     Time

 J       0       0         0   0.00%   -inf            5.39937472         Large        0      0      0         0     0.4s
 T       0       0         0   0.00%   -6.123808852    -2.775274039     120.66%        0      0      0      1586     0.5s
         1       0         1 100.00%   -2.775274039    -2.775274039       0.00%        0      0      0      1586     0.5s

Solving report
  Status            Optimal
  Primal bound      -2.77527403856
  Dual bound        -2.77527403856
  Gap               0% (tolerance: 0.5%)
  P-D integral      0.144187858359
  Solution status   feasible
                    -2.77527403856 (objective)
                    0 (bound viol.)
                    0 (int. viol.)
                    0 (row viol.)
  Timing            0.51
  Max sub-MIP depth 0
  Nodes             1
  Repair LPs        0
  LP iterations     1586
                    0 (strong br.)
                    0 (separation)
                    0 (heuristics)
MIP has 10753 rows; 9409 cols; 25537 nonzeros; 1344 integer variables (1344 binary)
Coefficient ranges:
  Matrix  [2e-01, 2e+00]
  Cost    [1e-02, 6e-02]
  Bound   [1e+00, 1e+00]
  RHS     [1e-04, 5e+00]
Presolving model
8064 rows, 8873 cols, 22312 nonzeros 0s
6332 rows, 7406 cols, 17749 nonzeros 0s
4461 rows, 5712 cols, 12820 nonzeros 0s
3155 rows, 4333 cols, 9287 nonzeros 0s
2985 rows, 4134 cols, 8918 nonzeros 0s
Presolve reductions: rows 2985(-7768); columns 4134(-5275); nonzeros 8918(-16619) 

Solving MIP model with:
   2985 rows
   4134 cols (450 binary, 0 integer, 0 implied int., 3684 continuous, 0 domain fixed)
   8918 nonzeros

Src: B => Branching; C => Central rounding; F => Feasibility pump; H => Heuristic;
     I => Shifting; J => Feasibility jump; L => Sub-MIP; P => Empty MIP; R => Randomized rounding;
     S => Solve LP; T => Evaluate node; U => Unbounded; X => User solution; Y => HiGHS solution;
     Z => ZI Round; l => Trivial lower; p => Trivial point; u => Trivial upper; z => Trivial zero

        Nodes      |    B&B Tree     |            Objective Bounds              |  Dynamic Constraints |       Work      
Src  Proc. InQueue |  Leaves   Expl. | BestBound       BestSol              Gap |   Cuts   InLp Confl. | LpIters     Time

 J       0       0         0   0.00%   -inf            4.363340278        Large        0      0      0         0     0.4s
 T       0       0         0   0.00%   -6.048040013    -2.587076961     133.78%        0      0      0      1263     0.5s
         1       0         1 100.00%   -2.587076961    -2.587076961       0.00%        0      0      0      1263     0.5s

Solving report
  Status            Optimal
  Primal bound      -2.5870769608
  Dual bound        -2.5870769608
  Gap               0% (tolerance: 0.5%)
  P-D integral      0.120315280961
  Solution status   feasible
                    -2.5870769608 (objective)
                    0 (bound viol.)
                    0 (int. viol.)
                    0 (row viol.)
  Timing            0.47
  Max sub-MIP depth 0
  Nodes             1
  Repair LPs        0
  LP iterations     1263
                    0 (strong br.)
                    0 (separation)
                    0 (heuristics)
MIP has 10753 rows; 9409 cols; 25537 nonzeros; 1344 integer variables (1344 binary)
Coefficient ranges:
  Matrix  [2e-01, 2e+00]
  Cost    [1e-02, 6e-02]
  Bound   [1e+00, 1e+00]
  RHS     [1e-04, 5e+00]
Presolving model
8064 rows, 8866 cols, 22305 nonzeros 0s
6349 rows, 7422 cols, 17794 nonzeros 0s
4484 rows, 5735 cols, 12894 nonzeros 0s
3174 rows, 4346 cols, 9343 nonzeros 0s
3003 rows, 4120 cols, 8946 nonzeros 0s
Presolve reductions: rows 3003(-7750); columns 4120(-5289); nonzeros 8946(-16591) 

Solving MIP model with:
   3003 rows
   4120 cols (456 binary, 0 integer, 0 implied int., 3664 continuous, 0 domain fixed)
   8946 nonzeros

Src: B => Branching; C => Central rounding; F => Feasibility pump; H => Heuristic;
     I => Shifting; J => Feasibility jump; L => Sub-MIP; P => Empty MIP; R => Randomized rounding;
     S => Solve LP; T => Evaluate node; U => Unbounded; X => User solution; Y => HiGHS solution;
     Z => ZI Round; l => Trivial lower; p => Trivial point; u => Trivial upper; z => Trivial zero

        Nodes      |    B&B Tree     |            Objective Bounds              |  Dynamic Constraints |       Work      
Src  Proc. InQueue |  Leaves   Expl. | BestBound       BestSol              Gap |   Cuts   InLp Confl. | LpIters     Time

 J       0       0         0   0.00%   -inf            3.979604437        Large        0      0      0         0     0.4s
 T       0       0         0   0.00%   -6.193415802    -2.785813517     122.32%        0      0      0      1260     0.5s
         1       0         1 100.00%   -2.785813517    -2.785813517       0.00%        0      0      0      1260     0.5s

Solving report
  Status            Optimal
  Primal bound      -2.7858135174
  Dual bound        -2.7858135174
  Gap               0% (tolerance: 0.5%)
  P-D integral      0.126095579912
  Solution status   feasible
                    -2.7858135174 (objective)
                    0 (bound viol.)
                    0 (int. viol.)
                    0 (row viol.)
  Timing            0.50
  Max sub-MIP depth 0
  Nodes             1
  Repair LPs        0
  LP iterations     1260
                    0 (strong br.)
                    0 (separation)
                    0 (heuristics)
MIP has 10753 rows; 9409 cols; 25537 nonzeros; 1344 integer variables (1344 binary)
Coefficient ranges:
  Matrix  [2e-01, 2e+00]
  Cost    [1e-02, 6e-02]
  Bound   [1e+00, 1e+00]
  RHS     [5e-04, 5e+00]
Presolving model
8064 rows, 8851 cols, 22290 nonzeros 0s
6341 rows, 7443 cols, 17811 nonzeros 0s
4459 rows, 5759 cols, 12893 nonzeros 0s
3725 rows, 4768 cols, 10788 nonzeros 0s
3651 rows, 4694 cols, 10640 nonzeros 0s
Presolve reductions: rows 3651(-7102); columns 4694(-4715); nonzeros 10640(-14897) 

Solving MIP model with:
   3651 rows
   4694 cols (574 binary, 0 integer, 0 implied int., 4120 continuous, 0 domain fixed)
   10640 nonzeros

Src: B => Branching; C => Central rounding; F => Feasibility pump; H => Heuristic;
     I => Shifting; J => Feasibility jump; L => Sub-MIP; P => Empty MIP; R => Randomized rounding;
     S => Solve LP; T => Evaluate node; U => Unbounded; X => User solution; Y => HiGHS solution;
     Z => ZI Round; l => Trivial lower; p => Trivial point; u => Trivial upper; z => Trivial zero

        Nodes      |    B&B Tree     |            Objective Bounds              |  Dynamic Constraints |       Work      
Src  Proc. InQueue |  Leaves   Expl. | BestBound       BestSol              Gap |   Cuts   InLp Confl. | LpIters     Time

 J       0       0         0   0.00%   -inf            2.22892279         Large        0      0      0         0     0.4s
 T       0       0         0   0.00%   -6.100056567    -3.946261585      54.58%        0      0      0      1436     0.5s
         1       0         1 100.00%   -3.946261585    -3.946261585       0.00%        0      0      0      1436     0.5s

Solving report
  Status            Optimal
  Primal bound      -3.94626158462
  Dual bound        -3.94626158462
  Gap               0% (tolerance: 0.5%)
  P-D integral      0.221812114582
  Solution status   feasible
                    -3.94626158462 (objective)
                    0 (bound viol.)
                    0 (int. viol.)
                    0 (row viol.)
  Timing            0.50
  Max sub-MIP depth 0
  Nodes             1
  Repair LPs        0
  LP iterations     1436
                    0 (strong br.)
                    0 (separation)
                    0 (heuristics)
MIP has 10753 rows; 9409 cols; 25537 nonzeros; 1344 integer variables (1344 binary)
Coefficient ranges:
  Matrix  [2e-01, 2e+00]
  Cost    [1e-02, 6e-02]
  Bound   [1e+00, 1e+00]
  RHS     [9e-04, 5e+00]
Presolving model
8064 rows, 8838 cols, 22277 nonzeros 0s
6284 rows, 7241 cols, 17564 nonzeros 0s
4378 rows, 5444 cols, 12517 nonzeros 0s
3158 rows, 4082 cols, 9171 nonzeros 0s
3013 rows, 3937 cols, 8881 nonzeros 0s
Presolve reductions: rows 3013(-7740); columns 3937(-5472); nonzeros 8881(-16656) 

Solving MIP model with:
   3013 rows
   3937 cols (483 binary, 0 integer, 0 implied int., 3454 continuous, 0 domain fixed)
   8881 nonzeros

Src: B => Branching; C => Central rounding; F => Feasibility pump; H => Heuristic;
     I => Shifting; J => Feasibility jump; L => Sub-MIP; P => Empty MIP; R => Randomized rounding;
     S => Solve LP; T => Evaluate node; U => Unbounded; X => User solution; Y => HiGHS solution;
     Z => ZI Round; l => Trivial lower; p => Trivial point; u => Trivial upper; z => Trivial zero

        Nodes      |    B&B Tree     |            Objective Bounds              |  Dynamic Constraints |       Work      
Src  Proc. InQueue |  Leaves   Expl. | BestBound       BestSol              Gap |   Cuts   InLp Confl. | LpIters     Time

 J       0       0         0   0.00%   -inf            -2.22371617        Large        0      0      0         0     0.4s
 T       0       0         0   0.00%   -6.565777469    -5.884161853      11.58%        0      0      0      1159     0.5s
         1       0         1 100.00%   -5.884161853    -5.884161853       0.00%        0      0      0      1159     0.5s

Solving report
  Status            Optimal
  Primal bound      -5.88416185343
  Dual bound        -5.88416185343
  Gap               0% (tolerance: 0.5%)
  P-D integral      0.109611819371
  Solution status   feasible
                    -5.88416185343 (objective)
                    0 (bound viol.)
                    0 (int. viol.)
                    0 (row viol.)
  Timing            0.48
  Max sub-MIP depth 0
  Nodes             1
  Repair LPs        0
  LP iterations     1159
                    0 (strong br.)
                    0 (separation)
                    0 (heuristics)
MIP has 10753 rows; 9409 cols; 25537 nonzeros; 1344 integer variables (1344 binary)
Coefficient ranges:
  Matrix  [2e-01, 2e+00]
  Cost    [1e-02, 6e-02]
  Bound   [1e+00, 1e+00]
  RHS     [9e-04, 5e+00]
Presolving model
8064 rows, 8813 cols, 22252 nonzeros 0s
6248 rows, 7204 cols, 17464 nonzeros 0s
4360 rows, 5415 cols, 12458 nonzeros 0s
3178 rows, 4091 cols, 9216 nonzeros 0s
3043 rows, 3936 cols, 8926 nonzeros 0s
Presolve reductions: rows 3043(-7710); columns 3936(-5473); nonzeros 8926(-16611) 

Solving MIP model with:
   3043 rows
   3936 cols (487 binary, 0 integer, 0 implied int., 3449 continuous, 0 domain fixed)
   8926 nonzeros

Src: B => Branching; C => Central rounding; F => Feasibility pump; H => Heuristic;
     I => Shifting; J => Feasibility jump; L => Sub-MIP; P => Empty MIP; R => Randomized rounding;
     S => Solve LP; T => Evaluate node; U => Unbounded; X => User solution; Y => HiGHS solution;
     Z => ZI Round; l => Trivial lower; p => Trivial point; u => Trivial upper; z => Trivial zero

        Nodes      |    B&B Tree     |            Objective Bounds              |  Dynamic Constraints |       Work      
Src  Proc. InQueue |  Leaves   Expl. | BestBound       BestSol              Gap |   Cuts   InLp Confl. | LpIters     Time

 J       0       0         0   0.00%   -inf            0.1144468161       Large        0      0      0         0     0.4s
 T       0       0         0   0.00%   -6.696514127    -5.118898858      30.82%        0      0      0      1145     0.5s
         1       0         1 100.00%   -5.118898858    -5.118898858       0.00%        0      0      0      1145     0.5s

Solving report
  Status            Optimal
  Primal bound      -5.11889885806
  Dual bound        -5.11889885806
  Gap               0% (tolerance: 0.5%)
  P-D integral      4.293121581
  Solution status   feasible
                    -5.11889885806 (objective)
                    0 (bound viol.)
                    0 (int. viol.)
                    0 (row viol.)
  Timing            0.53
  Max sub-MIP depth 0
  Nodes             1
  Repair LPs        0
  LP iterations     1145
                    0 (strong br.)
                    0 (separation)
                    0 (heuristics)
MIP has 10753 rows; 9409 cols; 25537 nonzeros; 1344 integer variables (1344 binary)
Coefficient ranges:
  Matrix  [2e-01, 2e+00]
  Cost    [1e-02, 6e-02]
  Bound   [1e+00, 1e+00]
  RHS     [4e-04, 5e+00]
Presolving model
8064 rows, 8792 cols, 22231 nonzeros 0s
6370 rows, 7432 cols, 17841 nonzeros 0s
4530 rows, 5819 cols, 13052 nonzeros 0s
3509 rows, 4659 cols, 10255 nonzeros 0s
3371 rows, 4521 cols, 9979 nonzeros 0s
Presolve reductions: rows 3371(-7382); columns 4521(-4888); nonzeros 9979(-15558) 

Solving MIP model with:
   3371 rows
   4521 cols (522 binary, 0 integer, 0 implied int., 3999 continuous, 0 domain fixed)
   9979 nonzeros

Src: B => Branching; C => Central rounding; F => Feasibility pump; H => Heuristic;
     I => Shifting; J => Feasibility jump; L => Sub-MIP; P => Empty MIP; R => Randomized rounding;
     S => Solve LP; T => Evaluate node; U => Unbounded; X => User solution; Y => HiGHS solution;
     Z => ZI Round; l => Trivial lower; p => Trivial point; u => Trivial upper; z => Trivial zero

        Nodes      |    B&B Tree     |            Objective Bounds              |  Dynamic Constraints |       Work      
Src  Proc. InQueue |  Leaves   Expl. | BestBound       BestSol              Gap |   Cuts   InLp Confl. | LpIters     Time

 J       0       0         0   0.00%   -inf            6.252909031        Large        0      0      0         0     0.4s
 T       0       0         0   0.00%   -5.138605394    -1.252999583     310.10%        0      0      0      1356     0.5s
         1       0         1 100.00%   -1.252999583    -1.252999583       0.00%        0      0      0      1356     0.5s

Solving report
  Status            Optimal
  Primal bound      -1.25299958318
  Dual bound        -1.25299958318
  Gap               0% (tolerance: 0.5%)
  P-D integral      0.0808569614793
  Solution status   feasible
                    -1.25299958318 (objective)
                    0 (bound viol.)
                    0 (int. viol.)
                    0 (row viol.)
  Timing            0.50
  Max sub-MIP depth 0
  Nodes             1
  Repair LPs        0
  LP iterations     1356
                    0 (strong br.)
                    0 (separation)
                    0 (heuristics)
MIP has 10753 rows; 9409 cols; 25537 nonzeros; 1344 integer variables (1344 binary)
Coefficient ranges:
  Matrix  [2e-01, 2e+00]
  Cost    [1e-02, 6e-02]
  Bound   [1e+00, 1e+00]
  RHS     [4e-04, 5e+00]
Presolving model
8064 rows, 8762 cols, 22201 nonzeros 0s
6430 rows, 7449 cols, 17930 nonzeros 0s
4640 rows, 5915 cols, 13278 nonzeros 0s
2998 rows, 4315 cols, 8928 nonzeros 0s
2759 rows, 4076 cols, 8450 nonzeros 0s
Presolve reductions: rows 2759(-7994); columns 4076(-5333); nonzeros 8450(-17087) 

Solving MIP model with:
   2759 rows
   4076 cols (404 binary, 0 integer, 0 implied int., 3672 continuous, 0 domain fixed)
   8450 nonzeros

Src: B => Branching; C => Central rounding; F => Feasibility pump; H => Heuristic;
     I => Shifting; J => Feasibility jump; L => Sub-MIP; P => Empty MIP; R => Randomized rounding;
     S => Solve LP; T => Evaluate node; U => Unbounded; X => User solution; Y => HiGHS solution;
     Z => ZI Round; l => Trivial lower; p => Trivial point; u => Trivial upper; z => Trivial zero

        Nodes      |    B&B Tree     |            Objective Bounds              |  Dynamic Constraints |       Work      
Src  Proc. InQueue |  Leaves   Expl. | BestBound       BestSol              Gap |   Cuts   InLp Confl. | LpIters     Time

 J       0       0         0   0.00%   -inf            10.00391969        Large        0      0      0         0     0.4s
 T       0       0         0   0.00%   -3.999657867    1.399805142      385.73%        0      0      0      1217     0.5s
         1       0         1 100.00%   1.399805142     1.399805142        0.00%        0      0      0      1217     0.5s

Solving report
  Status            Optimal
  Primal bound      1.39980514199
  Dual bound        1.39980514199
  Gap               0% (tolerance: 0.5%)
  P-D integral      0.0665045283791
  Solution status   feasible
                    1.39980514199 (objective)
                    0 (bound viol.)
                    0 (int. viol.)
                    0 (row viol.)
  Timing            0.47
  Max sub-MIP depth 0
  Nodes             1
  Repair LPs        0
  LP iterations     1217
                    0 (strong br.)
                    0 (separation)
                    0 (heuristics)
MIP has 10753 rows; 9409 cols; 25537 nonzeros; 1344 integer variables (1344 binary)
Coefficient ranges:
  Matrix  [2e-01, 2e+00]
  Cost    [1e-02, 6e-02]
  Bound   [1e+00, 1e+00]
  RHS     [3e-04, 5e+00]
Presolving model
8064 rows, 8750 cols, 22189 nonzeros 0s
6438 rows, 7444 cols, 17933 nonzeros 0s
4659 rows, 5923 cols, 13309 nonzeros 0s
2843 rows, 4205 cols, 8539 nonzeros 0s
2593 rows, 3955 cols, 8039 nonzeros 0s
Presolve reductions: rows 2593(-8160); columns 3955(-5454); nonzeros 8039(-17498) 

Solving MIP model with:
   2593 rows
   3955 cols (373 binary, 0 integer, 0 implied int., 3582 continuous, 0 domain fixed)
   8039 nonzeros

Src: B => Branching; C => Central rounding; F => Feasibility pump; H => Heuristic;
     I => Shifting; J => Feasibility jump; L => Sub-MIP; P => Empty MIP; R => Randomized rounding;
     S => Solve LP; T => Evaluate node; U => Unbounded; X => User solution; Y => HiGHS solution;
     Z => ZI Round; l => Trivial lower; p => Trivial point; u => Trivial upper; z => Trivial zero

        Nodes      |    B&B Tree     |            Objective Bounds              |  Dynamic Constraints |       Work      
Src  Proc. InQueue |  Leaves   Expl. | BestBound       BestSol              Gap |   Cuts   InLp Confl. | LpIters     Time

 J       0       0         0   0.00%   -inf            10.21715216        Large        0      0      0         0     0.4s
 T       0       0         0   0.00%   -3.421343218    2.305780002      248.38%        0      0      0      1159     0.5s
         1       0         1 100.00%   2.305780002     2.305780002        0.00%        0      0      0      1159     0.5s

Solving report
  Status            Optimal
  Primal bound      2.30578000214
  Dual bound        2.30578000214
  Gap               0% (tolerance: 0.5%)
  P-D integral      0.0597374036354
  Solution status   feasible
                    2.30578000214 (objective)
                    0 (bound viol.)
                    0 (int. viol.)
                    0 (row viol.)
  Timing            0.45
  Max sub-MIP depth 0
  Nodes             1
  Repair LPs        0
  LP iterations     1159
                    0 (strong br.)
                    0 (separation)
                    0 (heuristics)
MIP has 10753 rows; 9409 cols; 25537 nonzeros; 1344 integer variables (1344 binary)
Coefficient ranges:
  Matrix  [2e-01, 2e+00]
  Cost    [1e-02, 6e-02]
  Bound   [1e+00, 1e+00]
  RHS     [3e-04, 5e+00]
Presolving model
8064 rows, 8755 cols, 22194 nonzeros 0s
6358 rows, 7331 cols, 17708 nonzeros 0s
4527 rows, 5717 cols, 12915 nonzeros 0s
2595 rows, 3807 cols, 7773 nonzeros 0s
2359 rows, 3571 cols, 7301 nonzeros 0s
Presolve reductions: rows 2359(-8394); columns 3571(-5838); nonzeros 7301(-18236) 

Solving MIP model with:
   2359 rows
   3571 cols (343 binary, 0 integer, 0 implied int., 3228 continuous, 0 domain fixed)
   7301 nonzeros

Src: B => Branching; C => Central rounding; F => Feasibility pump; H => Heuristic;
     I => Shifting; J => Feasibility jump; L => Sub-MIP; P => Empty MIP; R => Randomized rounding;
     S => Solve LP; T => Evaluate node; U => Unbounded; X => User solution; Y => HiGHS solution;
     Z => ZI Round; l => Trivial lower; p => Trivial point; u => Trivial upper; z => Trivial zero

        Nodes      |    B&B Tree     |            Objective Bounds              |  Dynamic Constraints |       Work      
Src  Proc. InQueue |  Leaves   Expl. | BestBound       BestSol              Gap |   Cuts   InLp Confl. | LpIters     Time

 J       0       0         0   0.00%   -inf            9.521657769        Large        0      0      0         0     0.5s
 T       0       0         0   0.00%   -3.376086769    2.630601747      228.34%        0      0      0      1042     0.6s
         1       0         1 100.00%   2.630601747     2.630601747        0.00%        0      0      0      1042     0.6s

Solving report
  Status            Optimal
  Primal bound      2.63060174703
  Dual bound        2.63060174703
  Gap               0% (tolerance: 0.5%)
  P-D integral      0.0532592402216
  Solution status   feasible
                    2.63060174703 (objective)
                    0 (bound viol.)
                    0 (int. viol.)
                    0 (row viol.)
  Timing            0.56
  Max sub-MIP depth 0
  Nodes             1
  Repair LPs        0
  LP iterations     1042
                    0 (strong br.)
                    0 (separation)
                    0 (heuristics)
MIP has 10753 rows; 9409 cols; 25537 nonzeros; 1344 integer variables (1344 binary)
Coefficient ranges:
  Matrix  [2e-01, 2e+00]
  Cost    [1e-02, 6e-02]
  Bound   [1e+00, 1e+00]
  RHS     [3e-06, 5e+00]
WARNING: Problem has some excessively small row bounds
Presolving model
8064 rows, 8734 cols, 22173 nonzeros 0s
6348 rows, 7241 cols, 17628 nonzeros 0s
4492 rows, 5543 cols, 12730 nonzeros 0s
2542 rows, 3609 cols, 7526 nonzeros 0s
2003 rows, 3089 cols, 6231 nonzeros 0s
1951 rows, 3037 cols, 6127 nonzeros 0s
Presolve reductions: rows 1951(-8802); columns 3037(-6372); nonzeros 6127(-19410) 

Solving MIP model with:
   1951 rows
   3037 cols (285 binary, 0 integer, 0 implied int., 2752 continuous, 0 domain fixed)
   6127 nonzeros

Src: B => Branching; C => Central rounding; F => Feasibility pump; H => Heuristic;
     I => Shifting; J => Feasibility jump; L => Sub-MIP; P => Empty MIP; R => Randomized rounding;
     S => Solve LP; T => Evaluate node; U => Unbounded; X => User solution; Y => HiGHS solution;
     Z => ZI Round; l => Trivial lower; p => Trivial point; u => Trivial upper; z => Trivial zero

        Nodes      |    B&B Tree     |            Objective Bounds              |  Dynamic Constraints |       Work      
Src  Proc. InQueue |  Leaves   Expl. | BestBound       BestSol              Gap |   Cuts   InLp Confl. | LpIters     Time

 J       0       0         0   0.00%   -inf            6.573758458        Large        0      0      0         0     0.5s
 T       0       0         0   0.00%   -3.041663708    1.699058671      279.02%        0      0      0       856     0.5s
         1       0         1 100.00%   1.699058671     1.699058671        0.00%        0      0      0       856     0.5s

Solving report
  Status            Optimal
  Primal bound      1.69905867052
  Dual bound        1.69905867052
  Gap               0% (tolerance: 0.5%)
  P-D integral      0.0487611943475
  Solution status   feasible
                    1.69905867052 (objective)
                    0 (bound viol.)
                    0 (int. viol.)
                    0 (row viol.)
  Timing            0.52
  Max sub-MIP depth 0
  Nodes             1
  Repair LPs        0
  LP iterations     856
                    0 (strong br.)
                    0 (separation)
                    0 (heuristics)
MIP has 10753 rows; 9409 cols; 25537 nonzeros; 1344 integer variables (1344 binary)
Coefficient ranges:
  Matrix  [2e-01, 2e+00]
  Cost    [1e-02, 6e-02]
  Bound   [1e+00, 1e+00]
  RHS     [3e-06, 5e+00]
WARNING: Problem has some excessively small row bounds
Presolving model
8064 rows, 8720 cols, 22159 nonzeros 0s
6370 rows, 7287 cols, 17701 nonzeros 0s
4563 rows, 5677 cols, 12971 nonzeros 0s
2597 rows, 3751 cols, 7751 nonzeros 0s
2357 rows, 3511 cols, 7271 nonzeros 0s
Presolve reductions: rows 2357(-8396); columns 3511(-5898); nonzeros 7271(-18266) 

Solving MIP model with:
   2357 rows
   3511 cols (351 binary, 0 integer, 0 implied int., 3160 continuous, 0 domain fixed)
   7271 nonzeros

Src: B => Branching; C => Central rounding; F => Feasibility pump; H => Heuristic;
     I => Shifting; J => Feasibility jump; L => Sub-MIP; P => Empty MIP; R => Randomized rounding;
     S => Solve LP; T => Evaluate node; U => Unbounded; X => User solution; Y => HiGHS solution;
     Z => ZI Round; l => Trivial lower; p => Trivial point; u => Trivial upper; z => Trivial zero

        Nodes      |    B&B Tree     |            Objective Bounds              |  Dynamic Constraints |       Work      
Src  Proc. InQueue |  Leaves   Expl. | BestBound       BestSol              Gap |   Cuts   InLp Confl. | LpIters     Time

 J       0       0         0   0.00%   -inf            7.96243686         Large        0      0      0         0     0.4s
 T       0       0         0   0.00%   -3.127049236    1.322156764      336.51%        0      0      0       985     0.5s
         1       0         1 100.00%   1.322156764     1.322156764        0.00%        0      0      0       985     0.5s

Solving report
  Status            Optimal
  Primal bound      1.32215676375
  Dual bound        1.32215676375
  Gap               0% (tolerance: 0.5%)
  P-D integral      0.060352694021
  Solution status   feasible
                    1.32215676375 (objective)
                    0 (bound viol.)
                    0 (int. viol.)
                    0 (row viol.)
  Timing            0.49
  Max sub-MIP depth 0
  Nodes             1
  Repair LPs        0
  LP iterations     985
                    0 (strong br.)
                    0 (separation)
                    0 (heuristics)
MIP has 10753 rows; 9409 cols; 25537 nonzeros; 1344 integer variables (1344 binary)
Coefficient ranges:
  Matrix  [2e-01, 2e+00]
  Cost    [1e-02, 6e-02]
  Bound   [1e+00, 1e+00]
  RHS     [7e-05, 5e+00]
WARNING: Problem has some excessively small row bounds
Presolving model
8064 rows, 8827 cols, 22266 nonzeros 0s
6441 rows, 7537 cols, 18017 nonzeros 0s
4684 rows, 6045 cols, 13432 nonzeros 0s
2896 rows, 4379 cols, 8734 nonzeros 0s
2639 rows, 4122 cols, 8220 nonzeros 0s
Presolve reductions: rows 2639(-8114); columns 4122(-5287); nonzeros 8220(-17317) 

Solving MIP model with:
   2639 rows
   4122 cols (365 binary, 0 integer, 0 implied int., 3757 continuous, 0 domain fixed)
   8220 nonzeros

Src: B => Branching; C => Central rounding; F => Feasibility pump; H => Heuristic;
     I => Shifting; J => Feasibility jump; L => Sub-MIP; P => Empty MIP; R => Randomized rounding;
     S => Solve LP; T => Evaluate node; U => Unbounded; X => User solution; Y => HiGHS solution;
     Z => ZI Round; l => Trivial lower; p => Trivial point; u => Trivial upper; z => Trivial zero

        Nodes      |    B&B Tree     |            Objective Bounds              |  Dynamic Constraints |       Work      
Src  Proc. InQueue |  Leaves   Expl. | BestBound       BestSol              Gap |   Cuts   InLp Confl. | LpIters     Time

 J       0       0         0   0.00%   -inf            11.68018914        Large        0      0      0         0     0.4s
 T       0       0         0   0.00%   -2.320931729    5.26264556       144.10%        0      0      0      1270     0.5s
         1       0         1 100.00%   5.26264556      5.26264556         0.00%        0      0      0      1270     0.5s

Solving report
  Status            Optimal
  Primal bound      5.26264555995
  Dual bound        5.26264555995
  Gap               0% (tolerance: 0.5%)
  P-D integral      0.0570035905654
  Solution status   feasible
                    5.26264555995 (objective)
                    0 (bound viol.)
                    0 (int. viol.)
                    0 (row viol.)
  Timing            0.46
  Max sub-MIP depth 0
  Nodes             1
  Repair LPs        0
  LP iterations     1270
                    0 (strong br.)
                    0 (separation)
                    0 (heuristics)
MIP has 10753 rows; 9409 cols; 25537 nonzeros; 1344 integer variables (1344 binary)
Coefficient ranges:
  Matrix  [2e-01, 2e+00]
  Cost    [1e-02, 6e-02]
  Bound   [1e+00, 1e+00]
  RHS     [6e-05, 5e+00]
WARNING: Problem has some excessively small row bounds
Presolving model
8064 rows, 9176 cols, 22615 nonzeros 0s
6580 rows, 8024 cols, 18639 nonzeros 0s
4964 rows, 6722 cols, 14385 nonzeros 0s
3187 rows, 5218 cols, 9768 nonzeros 0s
2738 rows, 4802 cols, 8767 nonzeros 0s
Presolve reductions: rows 2738(-8015); columns 4802(-4607); nonzeros 8767(-16770) 

Solving MIP model with:
   2738 rows
   4802 cols (307 binary, 0 integer, 0 implied int., 4495 continuous, 0 domain fixed)
   8767 nonzeros

Src: B => Branching; C => Central rounding; F => Feasibility pump; H => Heuristic;
     I => Shifting; J => Feasibility jump; L => Sub-MIP; P => Empty MIP; R => Randomized rounding;
     S => Solve LP; T => Evaluate node; U => Unbounded; X => User solution; Y => HiGHS solution;
     Z => ZI Round; l => Trivial lower; p => Trivial point; u => Trivial upper; z => Trivial zero

        Nodes      |    B&B Tree     |            Objective Bounds              |  Dynamic Constraints |       Work      
Src  Proc. InQueue |  Leaves   Expl. | BestBound       BestSol              Gap |   Cuts   InLp Confl. | LpIters     Time

 J       0       0         0   0.00%   -inf            14.6588808         Large        0      0      0         0     0.4s
 T       0       0         0   0.00%   -0.8472350813   11.87252329      107.14%        0      0      0      1683     0.5s
         1       0         1 100.00%   11.87252329     11.87252329        0.00%        0      0      0      1683     0.5s

Solving report
  Status            Optimal
  Primal bound      11.8725232908
  Dual bound        11.8725232908
  Gap               0% (tolerance: 0.5%)
  P-D integral      0.0672340161549
  Solution status   feasible
                    11.8725232908 (objective)
                    0 (bound viol.)
                    0 (int. viol.)
                    0 (row viol.)
  Timing            0.52
  Max sub-MIP depth 0
  Nodes             1
  Repair LPs        0
  LP iterations     1683
                    0 (strong br.)
                    0 (separation)
                    0 (heuristics)
MIP has 10753 rows; 9409 cols; 25537 nonzeros; 1344 integer variables (1344 binary)
Coefficient ranges:
  Matrix  [2e-01, 2e+00]
  Cost    [1e-02, 6e-02]
  Bound   [1e+00, 1e+00]
  RHS     [4e-05, 5e+00]
WARNING: Problem has some excessively small row bounds
Presolving model
8064 rows, 9068 cols, 22507 nonzeros 0s
6532 rows, 7869 cols, 18438 nonzeros 0s
4877 rows, 6507 cols, 14086 nonzeros 0s
3069 rows, 4923 cols, 9359 nonzeros 0s
2544 rows, 4314 cols, 8121 nonzeros 0s
Presolve reductions: rows 2544(-8209); columns 4314(-5095); nonzeros 8121(-17416) 

Solving MIP model with:
   2544 rows
   4314 cols (316 binary, 0 integer, 0 implied int., 3998 continuous, 0 domain fixed)
   8121 nonzeros

Src: B => Branching; C => Central rounding; F => Feasibility pump; H => Heuristic;
     I => Shifting; J => Feasibility jump; L => Sub-MIP; P => Empty MIP; R => Randomized rounding;
     S => Solve LP; T => Evaluate node; U => Unbounded; X => User solution; Y => HiGHS solution;
     Z => ZI Round; l => Trivial lower; p => Trivial point; u => Trivial upper; z => Trivial zero

        Nodes      |    B&B Tree     |            Objective Bounds              |  Dynamic Constraints |       Work      
Src  Proc. InQueue |  Leaves   Expl. | BestBound       BestSol              Gap |   Cuts   InLp Confl. | LpIters     Time

 J       0       0         0   0.00%   -inf            14.17590936        Large        0      0      0         0     0.5s
 T       0       0         0   0.00%   0.2436028173    11.97127993       97.97%        0      0      0      1414     0.6s
         1       0         1 100.00%   11.97127993     11.97127993        0.00%        0      0      0      1414     0.6s

Solving report
  Status            Optimal
  Primal bound      11.9712799314
  Dual bound        11.9712799314
  Gap               0% (tolerance: 0.5%)
  P-D integral      0.0419722860618
  Solution status   feasible
                    11.9712799314 (objective)
                    0 (bound viol.)
                    0 (int. viol.)
                    0 (row viol.)
  Timing            0.56
  Max sub-MIP depth 0
  Nodes             1
  Repair LPs        0
  LP iterations     1414
                    0 (strong br.)
                    0 (separation)
                    0 (heuristics)
MIP has 10753 rows; 9409 cols; 25537 nonzeros; 1344 integer variables (1344 binary)
Coefficient ranges:
  Matrix  [2e-01, 2e+00]
  Cost    [1e-02, 6e-02]
  Bound   [1e+00, 1e+00]
  RHS     [4e-05, 5e+00]
WARNING: Problem has some excessively small row bounds
Presolving model
8064 rows, 8560 cols, 21999 nonzeros 0s
6399 rows, 7227 cols, 17661 nonzeros 0s
4599 rows, 5680 cols, 12968 nonzeros 0s
2678 rows, 3891 cols, 7924 nonzeros 0s
1554 rows, 2931 cols, 5184 nonzeros 0s
1391 rows, 2767 cols, 4857 nonzeros 0s
Presolve reductions: rows 1391(-9362); columns 2767(-6642); nonzeros 4857(-20680) 

Solving MIP model with:
   1391 rows
   2767 cols (175 binary, 0 integer, 0 implied int., 2592 continuous, 0 domain fixed)
   4857 nonzeros

Src: B => Branching; C => Central rounding; F => Feasibility pump; H => Heuristic;
     I => Shifting; J => Feasibility jump; L => Sub-MIP; P => Empty MIP; R => Randomized rounding;
     S => Solve LP; T => Evaluate node; U => Unbounded; X => User solution; Y => HiGHS solution;
     Z => ZI Round; l => Trivial lower; p => Trivial point; u => Trivial upper; z => Trivial zero

        Nodes      |    B&B Tree     |            Objective Bounds              |  Dynamic Constraints |       Work      
Src  Proc. InQueue |  Leaves   Expl. | BestBound       BestSol              Gap |   Cuts   InLp Confl. | LpIters     Time

 J       0       0         0   0.00%   -inf            19.15019778        Large        0      0      0         0     0.5s
 T       0       0         0   0.00%   -0.6291470619   17.1459497       103.67%        0      0      0       606     0.6s
         1       0         1 100.00%   17.1459497      17.1459497         0.00%        0      0      0       606     0.6s

Solving report
  Status            Optimal
  Primal bound      17.1459496964
  Dual bound        17.1459496964
  Gap               0% (tolerance: 0.5%)
  P-D integral      0.0321688002588
  Solution status   feasible
                    17.1459496964 (objective)
                    0 (bound viol.)
                    0 (int. viol.)
                    0 (row viol.)
  Timing            0.58
  Max sub-MIP depth 0
  Nodes             1
  Repair LPs        0
  LP iterations     606
                    0 (strong br.)
                    0 (separation)
                    0 (heuristics)
MIP has 10753 rows; 9409 cols; 25537 nonzeros; 1344 integer variables (1344 binary)
Coefficient ranges:
  Matrix  [2e-01, 2e+00]
  Cost    [1e-02, 6e-02]
  Bound   [1e+00, 1e+00]
  RHS     [9e-04, 5e+00]
Presolving model
8064 rows, 8414 cols, 21853 nonzeros 0s
6389 rows, 7070 cols, 17498 nonzeros 0s
4562 rows, 5497 cols, 12751 nonzeros 0s
2606 rows, 3649 cols, 7594 nonzeros 0s
2394 rows, 2724 cols, 5039 nonzeros 0s
1047 rows, 2128 cols, 3564 nonzeros 0s
872 rows, 1801 cols, 3062 nonzeros 0s
752 rows, 1346 cols, 2487 nonzeros 0s
702 rows, 1194 cols, 2285 nonzeros 0s
Presolve reductions: rows 702(-10051); columns 1194(-8215); nonzeros 2285(-23252) 

Solving MIP model with:
   702 rows
   1194 cols (98 binary, 0 integer, 0 implied int., 1096 continuous, 0 domain fixed)
   2285 nonzeros

Src: B => Branching; C => Central rounding; F => Feasibility pump; H => Heuristic;
     I => Shifting; J => Feasibility jump; L => Sub-MIP; P => Empty MIP; R => Randomized rounding;
     S => Solve LP; T => Evaluate node; U => Unbounded; X => User solution; Y => HiGHS solution;
     Z => ZI Round; l => Trivial lower; p => Trivial point; u => Trivial upper; z => Trivial zero

        Nodes      |    B&B Tree     |            Objective Bounds              |  Dynamic Constraints |       Work      
Src  Proc. InQueue |  Leaves   Expl. | BestBound       BestSol              Gap |   Cuts   InLp Confl. | LpIters     Time

 J       0       0         0   0.00%   -inf            22.06884033        Large        0      0      0         0     0.4s
 T       0       0         0   0.00%   16.80418841     21.07998215       20.28%        0      0      0       327     0.5s
         1       0         1 100.00%   21.07998215     21.07998215        0.00%        0      0      0       327     0.5s

Solving report
  Status            Optimal
  Primal bound      21.0799821459
  Dual bound        21.0799821459
  Gap               0% (tolerance: 0.5%)
  P-D integral      0.00283308968539
  Solution status   feasible
                    21.0799821459 (objective)
                    0 (bound viol.)
                    0 (int. viol.)
                    0 (row viol.)
  Timing            0.45
  Max sub-MIP depth 0
  Nodes             1
  Repair LPs        0
  LP iterations     327
                    0 (strong br.)
                    0 (separation)
                    0 (heuristics)
MIP has 10753 rows; 9409 cols; 25537 nonzeros; 1344 integer variables (1344 binary)
Coefficient ranges:
  Matrix  [2e-01, 2e+00]
  Cost    [1e-02, 6e-02]
  Bound   [1e+00, 1e+00]
  RHS     [5e-04, 5e+00]
Presolving model
8064 rows, 8526 cols, 21965 nonzeros 0s
6390 rows, 7181 cols, 17610 nonzeros 0s
4581 rows, 5627 cols, 12896 nonzeros 0s
2621 rows, 3772 cols, 7736 nonzeros 0s
2388 rows, 2921 cols, 5689 nonzeros 0s
1566 rows, 2724 cols, 5057 nonzeros 0s
1451 rows, 2608 cols, 4824 nonzeros 0s
Presolve reductions: rows 1451(-9302); columns 2608(-6801); nonzeros 4824(-20713) 

Solving MIP model with:
   1451 rows
   2608 cols (192 binary, 0 integer, 0 implied int., 2416 continuous, 0 domain fixed)
   4824 nonzeros

Src: B => Branching; C => Central rounding; F => Feasibility pump; H => Heuristic;
     I => Shifting; J => Feasibility jump; L => Sub-MIP; P => Empty MIP; R => Randomized rounding;
     S => Solve LP; T => Evaluate node; U => Unbounded; X => User solution; Y => HiGHS solution;
     Z => ZI Round; l => Trivial lower; p => Trivial point; u => Trivial upper; z => Trivial zero

        Nodes      |    B&B Tree     |            Objective Bounds              |  Dynamic Constraints |       Work      
Src  Proc. InQueue |  Leaves   Expl. | BestBound       BestSol              Gap |   Cuts   InLp Confl. | LpIters     Time

 J       0       0         0   0.00%   -inf            20.24891191        Large        0      0      0         0     0.5s
 T       0       0         0   0.00%   3.55386857      18.24222295       80.52%        0      0      0       683     0.5s
         1       0         1 100.00%   18.24222295     18.24222295        0.00%        0      0      0       683     0.5s

Solving report
  Status            Optimal
  Primal bound      18.2422229504
  Dual bound        18.2422229504
  Gap               0% (tolerance: 0.5%)
  P-D integral      0.0211933642557
  Solution status   feasible
                    18.2422229504 (objective)
                    0 (bound viol.)
                    0 (int. viol.)
                    0 (row viol.)
  Timing            0.48
  Max sub-MIP depth 0
  Nodes             1
  Repair LPs        0
  LP iterations     683
                    0 (strong br.)
                    0 (separation)
                    0 (heuristics)
MIP has 10753 rows; 9409 cols; 25537 nonzeros; 1344 integer variables (1344 binary)
Coefficient ranges:
  Matrix  [2e-01, 2e+00]
  Cost    [1e-02, 6e-02]
  Bound   [1e+00, 1e+00]
  RHS     [5e-04, 5e+00]
Presolving model
8064 rows, 8605 cols, 22044 nonzeros 0s
6424 rows, 7296 cols, 17759 nonzeros 0s
4636 rows, 5772 cols, 13100 nonzeros 0s
2717 rows, 3986 cols, 8062 nonzeros 0s
1708 rows, 3100 cols, 5605 nonzeros 0s
1550 rows, 2877 cols, 5224 nonzeros 0s
Presolve reductions: rows 1550(-9203); columns 2877(-6532); nonzeros 5224(-20313) 

Solving MIP model with:
   1550 rows
   2877 cols (200 binary, 0 integer, 0 implied int., 2677 continuous, 0 domain fixed)
   5224 nonzeros

Src: B => Branching; C => Central rounding; F => Feasibility pump; H => Heuristic;
     I => Shifting; J => Feasibility jump; L => Sub-MIP; P => Empty MIP; R => Randomized rounding;
     S => Solve LP; T => Evaluate node; U => Unbounded; X => User solution; Y => HiGHS solution;
     Z => ZI Round; l => Trivial lower; p => Trivial point; u => Trivial upper; z => Trivial zero

        Nodes      |    B&B Tree     |            Objective Bounds              |  Dynamic Constraints |       Work      
Src  Proc. InQueue |  Leaves   Expl. | BestBound       BestSol              Gap |   Cuts   InLp Confl. | LpIters     Time

 J       0       0         0   0.00%   -inf            18.75311823        Large        0      0      0         0     0.4s
 T       0       0         0   0.00%   1.172840267     16.77764003       93.01%        0      0      0       758     0.5s
         1       0         1 100.00%   16.77764003     16.77764003        0.00%        0      0      0       758     0.5s

Solving report
  Status            Optimal
  Primal bound      16.7776400327
  Dual bound        16.7776400327
  Gap               0% (tolerance: 0.5%)
  P-D integral      0.0265614610351
  Solution status   feasible
                    16.7776400327 (objective)
                    0 (bound viol.)
                    0 (int. viol.)
                    0 (row viol.)
  Timing            0.47
  Max sub-MIP depth 0
  Nodes             1
  Repair LPs        0
  LP iterations     758
                    0 (strong br.)
                    0 (separation)
                    0 (heuristics)
MIP has 10753 rows; 9409 cols; 25537 nonzeros; 1344 integer variables (1344 binary)
Coefficient ranges:
  Matrix  [2e-01, 2e+00]
  Cost    [1e-02, 6e-02]
  Bound   [1e+00, 1e+00]
  RHS     [5e-04, 5e+00]
Presolving model
8064 rows, 8586 cols, 22025 nonzeros 0s
6411 rows, 7215 cols, 17681 nonzeros 0s
4618 rows, 5650 cols, 12988 nonzeros 0s
2709 rows, 3851 cols, 7947 nonzeros 0s
2492 rows, 2984 cols, 5640 nonzeros 0s
1340 rows, 2624 cols, 4513 nonzeros 0s
1140 rows, 2356 cols, 4045 nonzeros 0s
Presolve reductions: rows 1140(-9613); columns 2356(-7053); nonzeros 4045(-21492) 

Solving MIP model with:
   1140 rows
   2356 cols (138 binary, 0 integer, 0 implied int., 2218 continuous, 0 domain fixed)
   4045 nonzeros

Src: B => Branching; C => Central rounding; F => Feasibility pump; H => Heuristic;
     I => Shifting; J => Feasibility jump; L => Sub-MIP; P => Empty MIP; R => Randomized rounding;
     S => Solve LP; T => Evaluate node; U => Unbounded; X => User solution; Y => HiGHS solution;
     Z => ZI Round; l => Trivial lower; p => Trivial point; u => Trivial upper; z => Trivial zero

        Nodes      |    B&B Tree     |            Objective Bounds              |  Dynamic Constraints |       Work      
Src  Proc. InQueue |  Leaves   Expl. | BestBound       BestSol              Gap |   Cuts   InLp Confl. | LpIters     Time

 J       0       0         0   0.00%   -inf            16.46144689        Large        0      0      0         0     0.5s
 T       0       0         0   0.00%   1.099245853     14.85386404       92.60%        0      0      0       621     0.5s
         1       0         1 100.00%   14.85386404     14.85386404        0.00%        0      0      0       621     0.5s

Solving report
  Status            Optimal
  Primal bound      14.8538640422
  Dual bound        14.8538640422
  Gap               0% (tolerance: 0.5%)
  P-D integral      0.0190202371045
  Solution status   feasible
                    14.8538640422 (objective)
                    0 (bound viol.)
                    0 (int. viol.)
                    0 (row viol.)
  Timing            0.52
  Max sub-MIP depth 0
  Nodes             1
  Repair LPs        0
  LP iterations     621
                    0 (strong br.)
                    0 (separation)
                    0 (heuristics)
MIP has 10753 rows; 9409 cols; 25537 nonzeros; 1344 integer variables (1344 binary)
Coefficient ranges:
  Matrix  [2e-01, 2e+00]
  Cost    [1e-02, 6e-02]
  Bound   [1e+00, 1e+00]
  RHS     [5e-04, 5e+00]
Presolving model
8064 rows, 8540 cols, 21979 nonzeros 0s
6412 rows, 7147 cols, 17638 nonzeros 0s
4653 rows, 5601 cols, 13026 nonzeros 0s
2733 rows, 3791 cols, 7959 nonzeros 0s
2553 rows, 2883 cols, 5507 nonzeros 0s
1247 rows, 2477 cols, 4217 nonzeros 0s
1055 rows, 2285 cols, 3833 nonzeros 0s
Presolve reductions: rows 1055(-9698); columns 2285(-7124); nonzeros 3833(-21704) 

Solving MIP model with:
   1055 rows
   2285 cols (124 binary, 0 integer, 0 implied int., 2161 continuous, 0 domain fixed)
   3833 nonzeros

Src: B => Branching; C => Central rounding; F => Feasibility pump; H => Heuristic;
     I => Shifting; J => Feasibility jump; L => Sub-MIP; P => Empty MIP; R => Randomized rounding;
     S => Solve LP; T => Evaluate node; U => Unbounded; X => User solution; Y => HiGHS solution;
     Z => ZI Round; l => Trivial lower; p => Trivial point; u => Trivial upper; z => Trivial zero

        Nodes      |    B&B Tree     |            Objective Bounds              |  Dynamic Constraints |       Work      
Src  Proc. InQueue |  Leaves   Expl. | BestBound       BestSol              Gap |   Cuts   InLp Confl. | LpIters     Time

 J       0       0         0   0.00%   -inf            16.6673136         Large        0      0      0         0     0.4s
 T       0       0         0   0.00%   -0.3986092958   15.32535552      102.60%        0      0      0       558     0.5s
         1       0         1 100.00%   15.32535552     15.32535552        0.00%        0      0      0       558     0.5s

Solving report
  Status            Optimal
  Primal bound      15.3253555229
  Dual bound        15.3253555229
  Gap               0% (tolerance: 0.5%)
  P-D integral      0.0200979646057
  Solution status   feasible
                    15.3253555229 (objective)
                    0 (bound viol.)
                    0 (int. viol.)
                    0 (row viol.)
  Timing            0.46
  Max sub-MIP depth 0
  Nodes             1
  Repair LPs        0
  LP iterations     558
                    0 (strong br.)
                    0 (separation)
                    0 (heuristics)
MIP has 10753 rows; 9409 cols; 25537 nonzeros; 1344 integer variables (1344 binary)
Coefficient ranges:
  Matrix  [2e-01, 2e+00]
  Cost    [1e-02, 6e-02]
  Bound   [1e+00, 1e+00]
  RHS     [1e-04, 5e+00]
Presolving model
8064 rows, 8485 cols, 21924 nonzeros 0s
6403 rows, 7137 cols, 17595 nonzeros 0s
4600 rows, 5567 cols, 12903 nonzeros 0s
2694 rows, 3756 cols, 7869 nonzeros 0s
2484 rows, 2947 cols, 5718 nonzeros 0s
1411 rows, 2571 cols, 4643 nonzeros 0s
1195 rows, 2217 cols, 4074 nonzeros 0s
Presolve reductions: rows 1195(-9558); columns 2217(-7192); nonzeros 4074(-21463) 

Solving MIP model with:
   1195 rows
   2217 cols (166 binary, 0 integer, 0 implied int., 2051 continuous, 0 domain fixed)
   4074 nonzeros

Src: B => Branching; C => Central rounding; F => Feasibility pump; H => Heuristic;
     I => Shifting; J => Feasibility jump; L => Sub-MIP; P => Empty MIP; R => Randomized rounding;
     S => Solve LP; T => Evaluate node; U => Unbounded; X => User solution; Y => HiGHS solution;
     Z => ZI Round; l => Trivial lower; p => Trivial point; u => Trivial upper; z => Trivial zero

        Nodes      |    B&B Tree     |            Objective Bounds              |  Dynamic Constraints |       Work      
Src  Proc. InQueue |  Leaves   Expl. | BestBound       BestSol              Gap |   Cuts   InLp Confl. | LpIters     Time

 J       0       0         0   0.00%   -inf            17.1576459         Large        0      0      0         0     0.4s
 T       0       0         0   0.00%   3.690084957     15.78816356       76.63%        0      0      0       526     0.5s
         1       0         1 100.00%   15.78816356     15.78816356        0.00%        0      0      0       526     0.5s

Solving report
  Status            Optimal
  Primal bound      15.7881635587
  Dual bound        15.7881635587
  Gap               0% (tolerance: 0.5%)
  P-D integral      0.0168625800791
  Solution status   feasible
                    15.7881635587 (objective)
                    0 (bound viol.)
                    0 (int. viol.)
                    0 (row viol.)
  Timing            0.47
  Max sub-MIP depth 0
  Nodes             1
  Repair LPs        0
  LP iterations     526
                    0 (strong br.)
                    0 (separation)
                    0 (heuristics)
MIP has 10753 rows; 9409 cols; 25537 nonzeros; 1344 integer variables (1344 binary)
Coefficient ranges:
  Matrix  [2e-01, 2e+00]
  Cost    [1e-02, 6e-02]
  Bound   [1e+00, 1e+00]
  RHS     [1e-04, 5e+00]
Presolving model
8064 rows, 8504 cols, 21943 nonzeros 0s
6426 rows, 7181 cols, 17662 nonzeros 0s
4670 rows, 5693 cols, 13090 nonzeros 0s
2757 rows, 3927 cols, 8083 nonzeros 0s
2572 rows, 3000 cols, 5501 nonzeros 0s
1221 rows, 2629 cols, 4269 nonzeros 0s
982 rows, 2389 cols, 3790 nonzeros 0s
Presolve reductions: rows 982(-9771); columns 2389(-7020); nonzeros 3790(-21747) 

Solving MIP model with:
   982 rows
   2389 cols (105 binary, 0 integer, 0 implied int., 2284 continuous, 0 domain fixed)
   3790 nonzeros

Src: B => Branching; C => Central rounding; F => Feasibility pump; H => Heuristic;
     I => Shifting; J => Feasibility jump; L => Sub-MIP; P => Empty MIP; R => Randomized rounding;
     S => Solve LP; T => Evaluate node; U => Unbounded; X => User solution; Y => HiGHS solution;
     Z => ZI Round; l => Trivial lower; p => Trivial point; u => Trivial upper; z => Trivial zero

        Nodes      |    B&B Tree     |            Objective Bounds              |  Dynamic Constraints |       Work      
Src  Proc. InQueue |  Leaves   Expl. | BestBound       BestSol              Gap |   Cuts   InLp Confl. | LpIters     Time

 J       0       0         0   0.00%   -inf            25.80346831        Large        0      0      0         0     0.4s
 T       0       0         0   0.00%   -0.2895849968   24.74884892      101.17%        0      0      0       435     0.4s
         1       0         1 100.00%   24.74884892     24.74884892        0.00%        0      0      0       435     0.4s

Solving report
  Status            Optimal
  Primal bound      24.7488489241
  Dual bound        24.7488489241
  Gap               0% (tolerance: 0.5%)
  P-D integral      0.0207604412488
  Solution status   feasible
                    24.7488489241 (objective)
                    0 (bound viol.)
                    0 (int. viol.)
                    0 (row viol.)
  Timing            0.43
  Max sub-MIP depth 0
  Nodes             1
  Repair LPs        0
  LP iterations     435
                    0 (strong br.)
                    0 (separation)
                    0 (heuristics)
MIP has 10753 rows; 9409 cols; 25537 nonzeros; 1344 integer variables (1344 binary)
Coefficient ranges:
  Matrix  [2e-01, 2e+00]
  Cost    [1e-02, 6e-02]
  Bound   [1e+00, 1e+00]
  RHS     [5e-04, 5e+00]
Presolving model
8064 rows, 8562 cols, 22001 nonzeros 0s
6425 rows, 7252 cols, 17716 nonzeros 0s
4665 rows, 5753 cols, 13114 nonzeros 0s
2765 rows, 4019 cols, 8139 nonzeros 0s
2567 rows, 2995 cols, 5288 nonzeros 0s
1084 rows, 2528 cols, 3875 nonzeros 0s
817 rows, 2144 cols, 3224 nonzeros 0s
693 rows, 1746 cols, 2702 nonzeros 0s
622 rows, 1418 cols, 2303 nonzeros 0s
601 rows, 1296 cols, 2160 nonzeros 0s
Presolve reductions: rows 601(-10152); columns 1296(-8113); nonzeros 2160(-23377) 

Solving MIP model with:
   601 rows
   1296 cols (66 binary, 0 integer, 0 implied int., 1230 continuous, 0 domain fixed)
   2160 nonzeros

Src: B => Branching; C => Central rounding; F => Feasibility pump; H => Heuristic;
     I => Shifting; J => Feasibility jump; L => Sub-MIP; P => Empty MIP; R => Randomized rounding;
     S => Solve LP; T => Evaluate node; U => Unbounded; X => User solution; Y => HiGHS solution;
     Z => ZI Round; l => Trivial lower; p => Trivial point; u => Trivial upper; z => Trivial zero

        Nodes      |    B&B Tree     |            Objective Bounds              |  Dynamic Constraints |       Work      
Src  Proc. InQueue |  Leaves   Expl. | BestBound       BestSol              Gap |   Cuts   InLp Confl. | LpIters     Time

 J       0       0         0   0.00%   -inf            28.53120098        Large        0      0      0         0     0.5s
 T       0       0         0   0.00%   17.46934122     27.93159103       37.46%        0      0      0       317     0.5s
         1       0         1 100.00%   27.93159103     27.93159103        0.00%        0      0      0       317     0.5s

Solving report
  Status            Optimal
  Primal bound      27.9315910289
  Dual bound        27.9315910289
  Gap               0% (tolerance: 0.5%)
  P-D integral      0.00481793636092
  Solution status   feasible
                    27.9315910289 (objective)
                    0 (bound viol.)
                    0 (int. viol.)
                    0 (row viol.)
  Timing            0.51
  Max sub-MIP depth 0
  Nodes             1
  Repair LPs        0
  LP iterations     317
                    0 (strong br.)
                    0 (separation)
                    0 (heuristics)
MIP has 10754 rows; 9409 cols; 25538 nonzeros; 1344 integer variables (1344 binary)
Coefficient ranges:
  Matrix  [2e-01, 2e+00]
  Cost    [1e-02, 6e-02]
  Bound   [1e+00, 1e+00]
  RHS     [5e-04, 5e+00]
Presolving model
8064 rows, 8561 cols, 22000 nonzeros 0s
6433 rows, 7257 cols, 17729 nonzeros 0s
4661 rows, 5757 cols, 13106 nonzeros 0s
2760 rows, 4014 cols, 8129 nonzeros 0s
2561 rows, 2949 cols, 5183 nonzeros 0s
879 rows, 2004 cols, 3116 nonzeros 0s
639 rows, 1549 cols, 2421 nonzeros 0s
546 rows, 1272 cols, 2051 nonzeros 0s
439 rows, 904 cols, 1577 nonzeros 0s
371 rows, 660 cols, 1265 nonzeros 0s
344 rows, 517 cols, 1096 nonzeros 0s
344 rows, 516 cols, 1095 nonzeros 0s
Presolve reductions: rows 344(-10410); columns 516(-8893); nonzeros 1095(-24443) 

Solving MIP model with:
   344 rows
   516 cols (59 binary, 0 integer, 0 implied int., 457 continuous, 0 domain fixed)
   1095 nonzeros

Src: B => Branching; C => Central rounding; F => Feasibility pump; H => Heuristic;
     I => Shifting; J => Feasibility jump; L => Sub-MIP; P => Empty MIP; R => Randomized rounding;
     S => Solve LP; T => Evaluate node; U => Unbounded; X => User solution; Y => HiGHS solution;
     Z => ZI Round; l => Trivial lower; p => Trivial point; u => Trivial upper; z => Trivial zero

        Nodes      |    B&B Tree     |            Objective Bounds              |  Dynamic Constraints |       Work      
Src  Proc. InQueue |  Leaves   Expl. | BestBound       BestSol              Gap |   Cuts   InLp Confl. | LpIters     Time

         0       0         0   0.00%   28.25606343     inf                  inf        0      0      0         0     0.4s
 T       0       0         0   0.00%   28.25606343     29.45181866        4.06%        0      0      0       111     0.5s
         1       0         1 100.00%   29.45181866     29.45181866        0.00%        0      0      0       111     0.5s

Solving report
  Status            Optimal
  Primal bound      29.4518186594
  Dual bound        29.4518186594
  Gap               0% (tolerance: 0.5%)
  P-D integral      1.9894193306e-06
  Solution status   feasible
                    29.4518186594 (objective)
                    0 (bound viol.)
                    0 (int. viol.)
                    0 (row viol.)
  Timing            0.45
  Max sub-MIP depth 0
  Nodes             1
  Repair LPs        0
  LP iterations     111
                    0 (strong br.)
                    0 (separation)
                    0 (heuristics)
MIP has 10753 rows; 9409 cols; 25537 nonzeros; 1344 integer variables (1344 binary)
Coefficient ranges:
  Matrix  [2e-01, 2e+00]
  Cost    [5e-03, 6e-02]
  Bound   [1e+00, 1e+00]
  RHS     [5e-04, 5e+00]
Presolving model
8064 rows, 8598 cols, 22037 nonzeros 0s
6410 rows, 7277 cols, 17726 nonzeros 0s
4632 rows, 5764 cols, 13099 nonzeros 0s
2694 rows, 3956 cols, 8017 nonzeros 0s
1790 rows, 3174 cols, 5843 nonzeros 0s
1667 rows, 3051 cols, 5597 nonzeros 0s
Presolve reductions: rows 1667(-9086); columns 3051(-6358); nonzeros 5597(-19940) 

Solving MIP model with:
   1667 rows
   3051 cols (220 binary, 0 integer, 0 implied int., 2831 continuous, 0 domain fixed)
   5597 nonzeros

Src: B => Branching; C => Central rounding; F => Feasibility pump; H => Heuristic;
     I => Shifting; J => Feasibility jump; L => Sub-MIP; P => Empty MIP; R => Randomized rounding;
     S => Solve LP; T => Evaluate node; U => Unbounded; X => User solution; Y => HiGHS solution;
     Z => ZI Round; l => Trivial lower; p => Trivial point; u => Trivial upper; z => Trivial zero

        Nodes      |    B&B Tree     |            Objective Bounds              |  Dynamic Constraints |       Work      
Src  Proc. InQueue |  Leaves   Expl. | BestBound       BestSol              Gap |   Cuts   InLp Confl. | LpIters     Time

 J       0       0         0   0.00%   -inf            20.45036431        Large        0      0      0         0     0.4s
 T       0       0         0   0.00%   2.931822205     18.80421883       84.41%        0      0      0       819     0.5s
         1       0         1 100.00%   18.80421883     18.80421883        0.00%        0      0      0       819     0.5s

Solving report
  Status            Optimal
  Primal bound      18.8042188264
  Dual bound        18.8042188264
  Gap               0% (tolerance: 0.5%)
  P-D integral      0.026367286709
  Solution status   feasible
                    18.8042188264 (objective)
                    0 (bound viol.)
                    0 (int. viol.)
                    0 (row viol.)
  Timing            0.47
  Max sub-MIP depth 0
  Nodes             1
  Repair LPs        0
  LP iterations     819
                    0 (strong br.)
                    0 (separation)
                    0 (heuristics)
MIP has 10753 rows; 9409 cols; 25537 nonzeros; 1344 integer variables (1344 binary)
Coefficient ranges:
  Matrix  [2e-01, 2e+00]
  Cost    [1e-02, 6e-02]
  Bound   [1e+00, 1e+00]
  RHS     [5e-04, 5e+00]
Presolving model
8064 rows, 8601 cols, 22040 nonzeros 0s
6423 rows, 7294 cols, 17756 nonzeros 0s
4643 rows, 5781 cols, 13127 nonzeros 0s
2729 rows, 4003 cols, 8099 nonzeros 0s
1637 rows, 3068 cols, 5440 nonzeros 0s
1491 rows, 2922 cols, 5148 nonzeros 0s
Presolve reductions: rows 1491(-9262); columns 2922(-6487); nonzeros 5148(-20389) 

Solving MIP model with:
   1491 rows
   2922 cols (184 binary, 0 integer, 0 implied int., 2738 continuous, 0 domain fixed)
   5148 nonzeros

Src: B => Branching; C => Central rounding; F => Feasibility pump; H => Heuristic;
     I => Shifting; J => Feasibility jump; L => Sub-MIP; P => Empty MIP; R => Randomized rounding;
     S => Solve LP; T => Evaluate node; U => Unbounded; X => User solution; Y => HiGHS solution;
     Z => ZI Round; l => Trivial lower; p => Trivial point; u => Trivial upper; z => Trivial zero

        Nodes      |    B&B Tree     |            Objective Bounds              |  Dynamic Constraints |       Work      
Src  Proc. InQueue |  Leaves   Expl. | BestBound       BestSol              Gap |   Cuts   InLp Confl. | LpIters     Time

 J       0       0         0   0.00%   -inf            22.33915894        Large        0      0      0         0     0.4s
 T       0       0         0   0.00%   3.293409771     21.11656019       84.40%        0      0      0       807     0.4s
         1       0         1 100.00%   21.11656019     21.11656019        0.00%        0      0      0       807     0.4s

Solving report
  Status            Optimal
  Primal bound      21.1165601855
  Dual bound        21.1165601855
  Gap               0% (tolerance: 0.5%)
  P-D integral      0.0240608988117
  Solution status   feasible
                    21.1165601855 (objective)
                    0 (bound viol.)
                    0 (int. viol.)
                    0 (row viol.)
  Timing            0.42
  Max sub-MIP depth 0
  Nodes             1
  Repair LPs        0
  LP iterations     807
                    0 (strong br.)
                    0 (separation)
                    0 (heuristics)
MIP has 10753 rows; 9409 cols; 25537 nonzeros; 1344 integer variables (1344 binary)
Coefficient ranges:
  Matrix  [2e-01, 2e+00]
  Cost    [1e-02, 6e-02]
  Bound   [1e+00, 1e+00]
  RHS     [3e-04, 5e+00]
Presolving model
8064 rows, 8609 cols, 22048 nonzeros 0s
6414 rows, 7292 cols, 17741 nonzeros 0s
4617 rows, 5760 cols, 13061 nonzeros 0s
2675 rows, 3947 cols, 7965 nonzeros 0s
1703 rows, 3034 cols, 5558 nonzeros 0s
1551 rows, 2773 cols, 5145 nonzeros 0s
Presolve reductions: rows 1551(-9202); columns 2773(-6636); nonzeros 5145(-20392) 

Solving MIP model with:
   1551 rows
   2773 cols (206 binary, 0 integer, 0 implied int., 2567 continuous, 0 domain fixed)
   5145 nonzeros

Src: B => Branching; C => Central rounding; F => Feasibility pump; H => Heuristic;
     I => Shifting; J => Feasibility jump; L => Sub-MIP; P => Empty MIP; R => Randomized rounding;
     S => Solve LP; T => Evaluate node; U => Unbounded; X => User solution; Y => HiGHS solution;
     Z => ZI Round; l => Trivial lower; p => Trivial point; u => Trivial upper; z => Trivial zero

        Nodes      |    B&B Tree     |            Objective Bounds              |  Dynamic Constraints |       Work      
Src  Proc. InQueue |  Leaves   Expl. | BestBound       BestSol              Gap |   Cuts   InLp Confl. | LpIters     Time

 J       0       0         0   0.00%   -inf            21.80653903        Large        0      0      0         0     0.5s
 T       0       0         0   0.00%   5.803339055     20.47020743       71.65%        0      0      0       740     0.5s
         1       0         1 100.00%   20.47020743     20.47020743        0.00%        0      0      0       740     0.5s

Solving report
  Status            Optimal
  Primal bound      20.4702074261
  Dual bound        20.4702074261
  Gap               0% (tolerance: 0.5%)
  P-D integral      0.0203863148473
  Solution status   feasible
                    20.4702074261 (objective)
                    0 (bound viol.)
                    0 (int. viol.)
                    0 (row viol.)
  Timing            0.50
  Max sub-MIP depth 0
  Nodes             1
  Repair LPs        0
  LP iterations     740
                    0 (strong br.)
                    0 (separation)
                    0 (heuristics)
MIP has 10753 rows; 9409 cols; 25537 nonzeros; 1344 integer variables (1344 binary)
Coefficient ranges:
  Matrix  [2e-01, 2e+00]
  Cost    [1e-02, 6e-02]
  Bound   [1e+00, 1e+00]
  RHS     [3e-04, 5e+00]
Presolving model
8064 rows, 8617 cols, 22056 nonzeros 0s
6413 rows, 7300 cols, 17748 nonzeros 0s
4594 rows, 5744 cols, 13017 nonzeros 0s
2656 rows, 3917 cols, 7920 nonzeros 0s
1869 rows, 3171 cols, 6001 nonzeros 0s
1731 rows, 2898 cols, 5590 nonzeros 0s
Presolve reductions: rows 1731(-9022); columns 2898(-6511); nonzeros 5590(-19947) 

Solving MIP model with:
   1731 rows
   2898 cols (241 binary, 0 integer, 0 implied int., 2657 continuous, 0 domain fixed)
   5590 nonzeros

Src: B => Branching; C => Central rounding; F => Feasibility pump; H => Heuristic;
     I => Shifting; J => Feasibility jump; L => Sub-MIP; P => Empty MIP; R => Randomized rounding;
     S => Solve LP; T => Evaluate node; U => Unbounded; X => User solution; Y => HiGHS solution;
     Z => ZI Round; l => Trivial lower; p => Trivial point; u => Trivial upper; z => Trivial zero

        Nodes      |    B&B Tree     |            Objective Bounds              |  Dynamic Constraints |       Work      
Src  Proc. InQueue |  Leaves   Expl. | BestBound       BestSol              Gap |   Cuts   InLp Confl. | LpIters     Time

 J       0       0         0   0.00%   -inf            19.71919183        Large        0      0      0         0     0.5s
 T       0       0         0   0.00%   4.969626342     17.78535052       72.06%        0      0      0       815     0.5s
         1       0         1 100.00%   17.78535052     17.78535052        0.00%        0      0      0       815     0.5s

Solving report
  Status            Optimal
  Primal bound      17.785350524
  Dual bound        17.785350524
  Gap               0% (tolerance: 0.5%)
  P-D integral      0.0257054525006
  Solution status   feasible
                    17.785350524 (objective)
                    0 (bound viol.)
                    0 (int. viol.)
                    0 (row viol.)
  Timing            0.50
  Max sub-MIP depth 0
  Nodes             1
  Repair LPs        0
  LP iterations     815
                    0 (strong br.)
                    0 (separation)
                    0 (heuristics)
MIP has 10753 rows; 9409 cols; 25537 nonzeros; 1344 integer variables (1344 binary)
Coefficient ranges:
  Matrix  [2e-01, 2e+00]
  Cost    [1e-02, 6e-02]
  Bound   [1e+00, 1e+00]
  RHS     [9e-04, 5e+00]
Presolving model
8064 rows, 8611 cols, 22050 nonzeros 0s
6392 rows, 7273 cols, 17700 nonzeros 0s
4567 rows, 5703 cols, 12949 nonzeros 0s
2616 rows, 3854 cols, 7813 nonzeros 0s
1902 rows, 3198 cols, 6109 nonzeros 0s
1783 rows, 2945 cols, 5737 nonzeros 0s
Presolve reductions: rows 1783(-8970); columns 2945(-6464); nonzeros 5737(-19800) 

Solving MIP model with:
   1783 rows
   2945 cols (253 binary, 0 integer, 0 implied int., 2692 continuous, 0 domain fixed)
   5737 nonzeros

Src: B => Branching; C => Central rounding; F => Feasibility pump; H => Heuristic;
     I => Shifting; J => Feasibility jump; L => Sub-MIP; P => Empty MIP; R => Randomized rounding;
     S => Solve LP; T => Evaluate node; U => Unbounded; X => User solution; Y => HiGHS solution;
     Z => ZI Round; l => Trivial lower; p => Trivial point; u => Trivial upper; z => Trivial zero

        Nodes      |    B&B Tree     |            Objective Bounds              |  Dynamic Constraints |       Work      
Src  Proc. InQueue |  Leaves   Expl. | BestBound       BestSol              Gap |   Cuts   InLp Confl. | LpIters     Time

 J       0       0         0   0.00%   -inf            18.71783741        Large        0      0      0         0     0.5s
 T       0       0         0   0.00%   4.345205957     16.11116405       73.03%        0      0      0       768     0.5s
         1       0         1 100.00%   16.11116405     16.11116405        0.00%        0      0      0       768     0.5s

Solving report
  Status            Optimal
  Primal bound      16.1111640518
  Dual bound        16.1111640518
  Gap               0% (tolerance: 0.5%)
  P-D integral      0.0227604816308
  Solution status   feasible
                    16.1111640518 (objective)
                    0 (bound viol.)
                    0 (int. viol.)
                    0 (row viol.)
  Timing            0.50
  Max sub-MIP depth 0
  Nodes             1
  Repair LPs        0
  LP iterations     768
                    0 (strong br.)
                    0 (separation)
                    0 (heuristics)
MIP has 10753 rows; 9409 cols; 25537 nonzeros; 1344 integer variables (1344 binary)
Coefficient ranges:
  Matrix  [2e-01, 2e+00]
  Cost    [5e-03, 6e-02]
  Bound   [1e+00, 1e+00]
  RHS     [9e-04, 5e+00]
Presolving model
8064 rows, 8635 cols, 22074 nonzeros 0s
6402 rows, 7307 cols, 17748 nonzeros 0s
4598 rows, 5763 cols, 13064 nonzeros 0s
2634 rows, 3898 cols, 7899 nonzeros 0s
2152 rows, 3448 cols, 6835 nonzeros 0s
Presolve reductions: rows 2152(-8601); columns 3448(-5961); nonzeros 6835(-18702) 

Solving MIP model with:
   2152 rows
   3448 cols (309 binary, 0 integer, 0 implied int., 3139 continuous, 0 domain fixed)
   6835 nonzeros

Src: B => Branching; C => Central rounding; F => Feasibility pump; H => Heuristic;
     I => Shifting; J => Feasibility jump; L => Sub-MIP; P => Empty MIP; R => Randomized rounding;
     S => Solve LP; T => Evaluate node; U => Unbounded; X => User solution; Y => HiGHS solution;
     Z => ZI Round; l => Trivial lower; p => Trivial point; u => Trivial upper; z => Trivial zero

        Nodes      |    B&B Tree     |            Objective Bounds              |  Dynamic Constraints |       Work      
Src  Proc. InQueue |  Leaves   Expl. | BestBound       BestSol              Gap |   Cuts   InLp Confl. | LpIters     Time

 J       0       0         0   0.00%   -inf            17.21616079        Large        0      0      0         0     0.4s
 T       0       0         0   0.00%   1.005782969     13.44648717       92.52%        0      0      0       986     0.4s
         1       0         1 100.00%   13.44648717     13.44648717        0.00%        0      0      0       986     0.4s

Solving report
  Status            Optimal
  Primal bound      13.44648717
  Dual bound        13.44648717
  Gap               0% (tolerance: 0.5%)
  P-D integral      0.0342561274674
  Solution status   feasible
                    13.44648717 (objective)
                    0 (bound viol.)
                    0 (int. viol.)
                    0 (row viol.)
  Timing            0.43
  Max sub-MIP depth 0
  Nodes             1
  Repair LPs        0
  LP iterations     986
                    0 (strong br.)
                    0 (separation)
                    0 (heuristics)
MIP has 10753 rows; 9409 cols; 25537 nonzeros; 1344 integer variables (1344 binary)
Coefficient ranges:
  Matrix  [2e-01, 2e+00]
  Cost    [5e-03, 6e-02]
  Bound   [1e+00, 1e+00]
  RHS     [4e-04, 5e+00]
Presolving model
8064 rows, 8674 cols, 22113 nonzeros 0s
6396 rows, 7340 cols, 17775 nonzeros 0s
4585 rows, 5781 cols, 13069 nonzeros 0s
2627 rows, 3897 cols, 7891 nonzeros 0s
2364 rows, 3634 cols, 7365 nonzeros 0s
Presolve reductions: rows 2364(-8389); columns 3634(-5775); nonzeros 7365(-18172) 

Solving MIP model with:
   2364 rows
   3634 cols (342 binary, 0 integer, 0 implied int., 3292 continuous, 0 domain fixed)
   7365 nonzeros

Src: B => Branching; C => Central rounding; F => Feasibility pump; H => Heuristic;
     I => Shifting; J => Feasibility jump; L => Sub-MIP; P => Empty MIP; R => Randomized rounding;
     S => Solve LP; T => Evaluate node; U => Unbounded; X => User solution; Y => HiGHS solution;
     Z => ZI Round; l => Trivial lower; p => Trivial point; u => Trivial upper; z => Trivial zero

        Nodes      |    B&B Tree     |            Objective Bounds              |  Dynamic Constraints |       Work      
Src  Proc. InQueue |  Leaves   Expl. | BestBound       BestSol              Gap |   Cuts   InLp Confl. | LpIters     Time

 J       0       0         0   0.00%   -inf            18.11502926        Large        0      0      0         0     0.4s
         0       0         0   0.00%   14.13802597     18.11502926       21.95%        0      0      2      1048     0.5s
 C       0       0         0   0.00%   14.13802597     14.13802597        0.00%        0      0      2      1049     0.5s
         1       0         1 100.00%   14.13802597     14.13802597        0.00%        0      0      2      1049     0.5s

Solving report
  Status            Optimal
  Primal bound      14.1380259669
  Dual bound        14.1380259669
  Gap               0% (tolerance: 0.5%)
  P-D integral      0.0584444114514
  Solution status   feasible
                    14.1380259669 (objective)
                    0 (bound viol.)
                    0 (int. viol.)
                    0 (row viol.)
  Timing            0.54
  Max sub-MIP depth 0
  Nodes             1
  Repair LPs        0
  LP iterations     1049
                    0 (strong br.)
                    1 (separation)
                    0 (heuristics)
MIP has 10753 rows; 9409 cols; 25537 nonzeros; 1344 integer variables (1344 binary)
Coefficient ranges:
  Matrix  [2e-01, 2e+00]
  Cost    [5e-03, 6e-02]
  Bound   [1e+00, 1e+00]
  RHS     [4e-04, 5e+00]
Presolving model
8064 rows, 8692 cols, 22131 nonzeros 0s
6404 rows, 7366 cols, 17809 nonzeros 0s
4606 rows, 5828 cols, 13137 nonzeros 0s
2738 rows, 4021 cols, 8198 nonzeros 0s
2474 rows, 3757 cols, 7670 nonzeros 0s
Presolve reductions: rows 2474(-8279); columns 3757(-5652); nonzeros 7670(-17867) 

Solving MIP model with:
   2474 rows
   3757 cols (360 binary, 0 integer, 0 implied int., 3397 continuous, 0 domain fixed)
   7670 nonzeros

Src: B => Branching; C => Central rounding; F => Feasibility pump; H => Heuristic;
     I => Shifting; J => Feasibility jump; L => Sub-MIP; P => Empty MIP; R => Randomized rounding;
     S => Solve LP; T => Evaluate node; U => Unbounded; X => User solution; Y => HiGHS solution;
     Z => ZI Round; l => Trivial lower; p => Trivial point; u => Trivial upper; z => Trivial zero

        Nodes      |    B&B Tree     |            Objective Bounds              |  Dynamic Constraints |       Work      
Src  Proc. InQueue |  Leaves   Expl. | BestBound       BestSol              Gap |   Cuts   InLp Confl. | LpIters     Time

 J       0       0         0   0.00%   -inf            16.21159555        Large        0      0      0         0     0.4s
 T       0       0         0   0.00%   0.4534302323    11.94437058       96.20%        0      0      0      1063     0.4s
         1       0         1 100.00%   11.94437058     11.94437058        0.00%        0      0      0      1063     0.4s

Solving report
  Status            Optimal
  Primal bound      11.9443705753
  Dual bound        11.9443705753
  Gap               0% (tolerance: 0.5%)
  P-D integral      0.0397761486871
  Solution status   feasible
                    11.9443705753 (objective)
                    0 (bound viol.)
                    0 (int. viol.)
                    0 (row viol.)
  Timing            0.45
  Max sub-MIP depth 0
  Nodes             1
  Repair LPs        0
  LP iterations     1063
                    0 (strong br.)
                    0 (separation)
                    0 (heuristics)
MIP has 10753 rows; 9409 cols; 25537 nonzeros; 1344 integer variables (1344 binary)
Coefficient ranges:
  Matrix  [2e-01, 2e+00]
  Cost    [5e-03, 6e-02]
  Bound   [1e+00, 1e+00]
  RHS     [1e-04, 5e+00]
Presolving model
8064 rows, 8707 cols, 22146 nonzeros 0s
6394 rows, 7371 cols, 17804 nonzeros 0s
4586 rows, 5814 cols, 13103 nonzeros 0s
2863 rows, 4139 cols, 8541 nonzeros 0s
2617 rows, 3893 cols, 8049 nonzeros 0s
Presolve reductions: rows 2617(-8136); columns 3893(-5516); nonzeros 8049(-17488) 

Solving MIP model with:
   2617 rows
   3893 cols (385 binary, 0 integer, 0 implied int., 3508 continuous, 0 domain fixed)
   8049 nonzeros

Src: B => Branching; C => Central rounding; F => Feasibility pump; H => Heuristic;
     I => Shifting; J => Feasibility jump; L => Sub-MIP; P => Empty MIP; R => Randomized rounding;
     S => Solve LP; T => Evaluate node; U => Unbounded; X => User solution; Y => HiGHS solution;
     Z => ZI Round; l => Trivial lower; p => Trivial point; u => Trivial upper; z => Trivial zero

        Nodes      |    B&B Tree     |            Objective Bounds              |  Dynamic Constraints |       Work      
Src  Proc. InQueue |  Leaves   Expl. | BestBound       BestSol              Gap |   Cuts   InLp Confl. | LpIters     Time

 J       0       0         0   0.00%   -inf            13.01709512        Large        0      0      0         0     0.4s
 T       0       0         0   0.00%   -1.108163312    7.925226653      113.98%        0      0      0      1141     0.4s
         1       0         1 100.00%   7.925226653     7.925226653        0.00%        0      0      0      1141     0.4s

Solving report
  Status            Optimal
  Primal bound      7.92522665323
  Dual bound        7.92522665323
  Gap               0% (tolerance: 0.5%)
  P-D integral      0.0484115771241
  Solution status   feasible
                    7.92522665323 (objective)
                    0 (bound viol.)
                    0 (int. viol.)
                    0 (row viol.)
  Timing            0.44
  Max sub-MIP depth 0
  Nodes             1
  Repair LPs        0
  LP iterations     1141
                    0 (strong br.)
                    0 (separation)
                    0 (heuristics)
MIP has 10753 rows; 9409 cols; 25537 nonzeros; 1344 integer variables (1344 binary)
Coefficient ranges:
  Matrix  [2e-01, 2e+00]
  Cost    [5e-03, 6e-02]
  Bound   [1e+00, 1e+00]
  RHS     [1e-04, 5e+00]
Presolving model
8064 rows, 8724 cols, 22163 nonzeros 0s
6394 rows, 7388 cols, 17821 nonzeros 0s
4591 rows, 5836 cols, 13130 nonzeros 0s
2933 rows, 4210 cols, 8746 nonzeros 0s
2688 rows, 3964 cols, 8255 nonzeros 0s
Presolve reductions: rows 2688(-8065); columns 3964(-5445); nonzeros 8255(-17282) 

Solving MIP model with:
   2688 rows
   3964 cols (401 binary, 0 integer, 0 implied int., 3563 continuous, 0 domain fixed)
   8255 nonzeros

Src: B => Branching; C => Central rounding; F => Feasibility pump; H => Heuristic;
     I => Shifting; J => Feasibility jump; L => Sub-MIP; P => Empty MIP; R => Randomized rounding;
     S => Solve LP; T => Evaluate node; U => Unbounded; X => User solution; Y => HiGHS solution;
     Z => ZI Round; l => Trivial lower; p => Trivial point; u => Trivial upper; z => Trivial zero

        Nodes      |    B&B Tree     |            Objective Bounds              |  Dynamic Constraints |       Work      
Src  Proc. InQueue |  Leaves   Expl. | BestBound       BestSol              Gap |   Cuts   InLp Confl. | LpIters     Time

 J       0       0         0   0.00%   -inf            13.18423897        Large        0      0      0         0     0.5s
 T       0       0         0   0.00%   -2.837255379    5.350751853      153.03%        0      0      0      1157     0.6s
         1       0         1 100.00%   5.350751853     5.350751853        0.00%        0      0      0      1157     0.6s

Solving report
  Status            Optimal
  Primal bound      5.35075185266
  Dual bound        5.35075185266
  Gap               0% (tolerance: 0.5%)
  P-D integral      0.0558917673233
  Solution status   feasible
                    5.35075185266 (objective)
                    0 (bound viol.)
                    0 (int. viol.)
                    0 (row viol.)
  Timing            0.58
  Max sub-MIP depth 0
  Nodes             1
  Repair LPs        0
  LP iterations     1157
                    0 (strong br.)
                    0 (separation)
                    0 (heuristics)
MIP has 10753 rows; 9409 cols; 25537 nonzeros; 1344 integer variables (1344 binary)
Coefficient ranges:
  Matrix  [2e-01, 2e+00]
  Cost    [5e-03, 6e-02]
  Bound   [1e+00, 1e+00]
  RHS     [1e-04, 5e+00]
Presolving model
8064 rows, 8744 cols, 22183 nonzeros 0s
6410 rows, 7423 cols, 17872 nonzeros 0s
4619 rows, 5888 cols, 13210 nonzeros 0s
2879 rows, 4218 cols, 8632 nonzeros 0s
2631 rows, 3969 cols, 8135 nonzeros 0s
Presolve reductions: rows 2631(-8122); columns 3969(-5440); nonzeros 8135(-17402) 

Solving MIP model with:
   2631 rows
   3969 cols (384 binary, 0 integer, 0 implied int., 3585 continuous, 0 domain fixed)
   8135 nonzeros

Src: B => Branching; C => Central rounding; F => Feasibility pump; H => Heuristic;
     I => Shifting; J => Feasibility jump; L => Sub-MIP; P => Empty MIP; R => Randomized rounding;
     S => Solve LP; T => Evaluate node; U => Unbounded; X => User solution; Y => HiGHS solution;
     Z => ZI Round; l => Trivial lower; p => Trivial point; u => Trivial upper; z => Trivial zero

        Nodes      |    B&B Tree     |            Objective Bounds              |  Dynamic Constraints |       Work      
Src  Proc. InQueue |  Leaves   Expl. | BestBound       BestSol              Gap |   Cuts   InLp Confl. | LpIters     Time

 J       0       0         0   0.00%   -inf            17.08298334        Large        0      0      0         0     0.4s
 T       0       0         0   0.00%   -3.70438916     6.648783255      155.72%        0      0      0      1218     0.5s
         1       0         1 100.00%   6.648783255     6.648783255        0.00%        0      0      0      1218     0.5s

Solving report
  Status            Optimal
  Primal bound      6.64878325539
  Dual bound        6.64878325539
  Gap               0% (tolerance: 0.5%)
  P-D integral      0.0572054583291
  Solution status   feasible
                    6.64878325539 (objective)
                    0 (bound viol.)
                    0 (int. viol.)
                    0 (row viol.)
  Timing            0.46
  Max sub-MIP depth 0
  Nodes             1
  Repair LPs        0
  LP iterations     1218
                    0 (strong br.)
                    0 (separation)
                    0 (heuristics)
MIP has 10753 rows; 9409 cols; 25537 nonzeros; 1344 integer variables (1344 binary)
Coefficient ranges:
  Matrix  [2e-01, 2e+00]
  Cost    [5e-03, 6e-02]
  Bound   [1e+00, 1e+00]
  RHS     [5e-04, 5e+00]
Presolving model
8064 rows, 8764 cols, 22203 nonzeros 0s
6412 rows, 7445 cols, 17892 nonzeros 0s
4618 rows, 5902 cols, 13223 nonzeros 0s
2936 rows, 4277 cols, 8776 nonzeros 0s
2697 rows, 4038 cols, 8298 nonzeros 0s
Presolve reductions: rows 2697(-8056); columns 4038(-5371); nonzeros 8298(-17239) 

Solving MIP model with:
   2697 rows
   4038 cols (391 binary, 0 integer, 0 implied int., 3647 continuous, 0 domain fixed)
   8298 nonzeros

Src: B => Branching; C => Central rounding; F => Feasibility pump; H => Heuristic;
     I => Shifting; J => Feasibility jump; L => Sub-MIP; P => Empty MIP; R => Randomized rounding;
     S => Solve LP; T => Evaluate node; U => Unbounded; X => User solution; Y => HiGHS solution;
     Z => ZI Round; l => Trivial lower; p => Trivial point; u => Trivial upper; z => Trivial zero

        Nodes      |    B&B Tree     |            Objective Bounds              |  Dynamic Constraints |       Work      
Src  Proc. InQueue |  Leaves   Expl. | BestBound       BestSol              Gap |   Cuts   InLp Confl. | LpIters     Time

 J       0       0         0   0.00%   -inf            16.60899389        Large        0      0      0         0     0.4s
 T       0       0         0   0.00%   -3.856761027    6.848999319      156.31%        0      0      0      1244     0.5s
         1       0         1 100.00%   6.848999319     6.848999319        0.00%        0      0      0      1244     0.5s

Solving report
  Status            Optimal
  Primal bound      6.8489993185
  Dual bound        6.8489993185
  Gap               0% (tolerance: 0.5%)
  P-D integral      0.0555748348487
  Solution status   feasible
                    6.8489993185 (objective)
                    0 (bound viol.)
                    0 (int. viol.)
                    0 (row viol.)
  Timing            0.46
  Max sub-MIP depth 0
  Nodes             1
  Repair LPs        0
  LP iterations     1244
                    0 (strong br.)
                    0 (separation)
                    0 (heuristics)
MIP has 10753 rows; 9409 cols; 25537 nonzeros; 1344 integer variables (1344 binary)
Coefficient ranges:
  Matrix  [2e-01, 2e+00]
  Cost    [5e-03, 6e-02]
  Bound   [1e+00, 1e+00]
  RHS     [8e-05, 5e+00]
WARNING: Problem has some excessively small row bounds
Presolving model
8064 rows, 8776 cols, 22215 nonzeros 0s
6418 rows, 7461 cols, 17918 nonzeros 0s
4610 rows, 5906 cols, 13207 nonzeros 0s
3020 rows, 4343 cols, 9002 nonzeros 0s
2808 rows, 4130 cols, 8575 nonzeros 0s
Presolve reductions: rows 2808(-7945); columns 4130(-5279); nonzeros 8575(-16962) 

Solving MIP model with:
   2808 rows
   4130 cols (410 binary, 0 integer, 0 implied int., 3720 continuous, 0 domain fixed)
   8575 nonzeros

Src: B => Branching; C => Central rounding; F => Feasibility pump; H => Heuristic;
     I => Shifting; J => Feasibility jump; L => Sub-MIP; P => Empty MIP; R => Randomized rounding;
     S => Solve LP; T => Evaluate node; U => Unbounded; X => User solution; Y => HiGHS solution;
     Z => ZI Round; l => Trivial lower; p => Trivial point; u => Trivial upper; z => Trivial zero

        Nodes      |    B&B Tree     |            Objective Bounds              |  Dynamic Constraints |       Work      
Src  Proc. InQueue |  Leaves   Expl. | BestBound       BestSol              Gap |   Cuts   InLp Confl. | LpIters     Time

 J       0       0         0   0.00%   -inf            14.18801247        Large        0      0      0         0     0.4s
 T       0       0         0   0.00%   -2.500225095    6.789786522      136.82%        0      0      0      1246     0.5s
         1       0         1 100.00%   6.789786522     6.789786522        0.00%        0      0      0      1246     0.5s

Solving report
  Status            Optimal
  Primal bound      6.78978652179
  Dual bound        6.78978652179
  Gap               0% (tolerance: 0.5%)
  P-D integral      0.0588955104614
  Solution status   feasible
                    6.78978652179 (objective)
                    0 (bound viol.)
                    0 (int. viol.)
                    0 (row viol.)
  Timing            0.47
  Max sub-MIP depth 0
  Nodes             1
  Repair LPs        0
  LP iterations     1246
                    0 (strong br.)
                    0 (separation)
                    0 (heuristics)
MIP has 10753 rows; 9409 cols; 25537 nonzeros; 1344 integer variables (1344 binary)
Coefficient ranges:
  Matrix  [2e-01, 2e+00]
  Cost    [5e-03, 6e-02]
  Bound   [1e+00, 1e+00]
  RHS     [8e-05, 5e+00]
WARNING: Problem has some excessively small row bounds
Presolving model
8064 rows, 8786 cols, 22225 nonzeros 0s
6416 rows, 7472 cols, 17927 nonzeros 0s
4621 rows, 5933 cols, 13257 nonzeros 0s
3169 rows, 4481 cols, 9401 nonzeros 0s
2967 rows, 4265 cols, 8983 nonzeros 0s
Presolve reductions: rows 2967(-7786); columns 4265(-5144); nonzeros 8983(-16554) 

Solving MIP model with:
   2967 rows
   4265 cols (438 binary, 0 integer, 0 implied int., 3827 continuous, 0 domain fixed)
   8983 nonzeros

Src: B => Branching; C => Central rounding; F => Feasibility pump; H => Heuristic;
     I => Shifting; J => Feasibility jump; L => Sub-MIP; P => Empty MIP; R => Randomized rounding;
     S => Solve LP; T => Evaluate node; U => Unbounded; X => User solution; Y => HiGHS solution;
     Z => ZI Round; l => Trivial lower; p => Trivial point; u => Trivial upper; z => Trivial zero

        Nodes      |    B&B Tree     |            Objective Bounds              |  Dynamic Constraints |       Work      
Src  Proc. InQueue |  Leaves   Expl. | BestBound       BestSol              Gap |   Cuts   InLp Confl. | LpIters     Time

         0       0         0   0.00%   -2.207169617    inf                  inf        0      0      0         0     0.5s
 T       0       0         0   0.00%   -2.207169617    6.335686481      134.84%        0      0      0      1291     0.5s
         1       0         1 100.00%   6.335686481     6.335686481        0.00%        0      0      0      1291     0.6s

Solving report
  Status            Optimal
  Primal bound      6.33568648132
  Dual bound        6.33568648132
  Gap               0% (tolerance: 0.5%)
  P-D integral      0.000109487737128
  Solution status   feasible
                    6.33568648132 (objective)
                    0 (bound viol.)
                    0 (int. viol.)
                    0 (row viol.)
  Timing            0.55
  Max sub-MIP depth 0
  Nodes             1
  Repair LPs        0
  LP iterations     1291
                    0 (strong br.)
                    0 (separation)
                    0 (heuristics)
MIP has 10753 rows; 9409 cols; 25537 nonzeros; 1344 integer variables (1344 binary)
Coefficient ranges:
  Matrix  [2e-01, 2e+00]
  Cost    [5e-03, 6e-02]
  Bound   [1e+00, 1e+00]
  RHS     [9e-04, 5e+00]
Presolving model
8064 rows, 8808 cols, 22247 nonzeros 0s
6415 rows, 7493 cols, 17947 nonzeros 0s
4616 rows, 5954 cols, 13273 nonzeros 0s
3226 rows, 4528 cols, 9549 nonzeros 0s
3039 rows, 4341 cols, 9175 nonzeros 0s
Presolve reductions: rows 3039(-7714); columns 4341(-5068); nonzeros 9175(-16362) 

Solving MIP model with:
   3039 rows
   4341 cols (449 binary, 0 integer, 0 implied int., 3892 continuous, 0 domain fixed)
   9175 nonzeros

Src: B => Branching; C => Central rounding; F => Feasibility pump; H => Heuristic;
     I => Shifting; J => Feasibility jump; L => Sub-MIP; P => Empty MIP; R => Randomized rounding;
     S => Solve LP; T => Evaluate node; U => Unbounded; X => User solution; Y => HiGHS solution;
     Z => ZI Round; l => Trivial lower; p => Trivial point; u => Trivial upper; z => Trivial zero

        Nodes      |    B&B Tree     |            Objective Bounds              |  Dynamic Constraints |       Work      
Src  Proc. InQueue |  Leaves   Expl. | BestBound       BestSol              Gap |   Cuts   InLp Confl. | LpIters     Time

         0       0         0   0.00%   -2.93323478     inf                  inf        0      0      0         0     0.6s
 T       0       0         0   0.00%   -2.93323478     6.246633222      146.96%        0      0      0      1326     0.6s
         1       0         1 100.00%   6.246633222     6.246633222        0.00%        0      0      0      1326     0.6s

Solving report
  Status            Optimal
  Primal bound      6.24663322155
  Dual bound        6.24663322155
  Gap               0% (tolerance: 0.5%)
  P-D integral      0.000128293520542
  Solution status   feasible
                    6.24663322155 (objective)
                    0 (bound viol.)
                    0 (int. viol.)
                    0 (row viol.)
  Timing            0.62
  Max sub-MIP depth 0
  Nodes             1
  Repair LPs        0
  LP iterations     1326
                    0 (strong br.)
                    0 (separation)
                    0 (heuristics)
MIP has 10753 rows; 9409 cols; 25537 nonzeros; 1344 integer variables (1344 binary)
Coefficient ranges:
  Matrix  [2e-01, 2e+00]
  Cost    [5e-03, 6e-02]
  Bound   [1e+00, 1e+00]
  RHS     [5e-04, 5e+00]
Presolving model
8064 rows, 8828 cols, 22267 nonzeros 0s
6417 rows, 7515 cols, 17971 nonzeros 0s
4619 rows, 5968 cols, 13290 nonzeros 0s
3382 rows, 4677 cols, 9982 nonzeros 0s
3216 rows, 4511 cols, 9650 nonzeros 0s
Presolve reductions: rows 3216(-7537); columns 4511(-4898); nonzeros 9650(-15887) 

Solving MIP model with:
   3216 rows
   4511 cols (481 binary, 0 integer, 0 implied int., 4030 continuous, 0 domain fixed)
   9650 nonzeros

Src: B => Branching; C => Central rounding; F => Feasibility pump; H => Heuristic;
     I => Shifting; J => Feasibility jump; L => Sub-MIP; P => Empty MIP; R => Randomized rounding;
     S => Solve LP; T => Evaluate node; U => Unbounded; X => User solution; Y => HiGHS solution;
     Z => ZI Round; l => Trivial lower; p => Trivial point; u => Trivial upper; z => Trivial zero

        Nodes      |    B&B Tree     |            Objective Bounds              |  Dynamic Constraints |       Work      
Src  Proc. InQueue |  Leaves   Expl. | BestBound       BestSol              Gap |   Cuts   InLp Confl. | LpIters     Time

         0       0         0   0.00%   -3.798868506    inf                  inf        0      0      0         0     0.5s
 T       0       0         0   0.00%   -3.798868506    5.050186638      175.22%        0      0      0      1389     0.5s
         1       0         1 100.00%   5.050186638     5.050186638        0.00%        0      0      0      1389     0.5s

Solving report
  Status            Optimal
  Primal bound      5.05018663782
  Dual bound        5.05018663782
  Gap               0% (tolerance: 0.5%)
  P-D integral      0.00012668574672
  Solution status   feasible
                    5.05018663782 (objective)
                    0 (bound viol.)
                    0 (int. viol.)
                    0 (row viol.)
  Timing            0.55
  Max sub-MIP depth 0
  Nodes             1
  Repair LPs        0
  LP iterations     1389
                    0 (strong br.)
                    0 (separation)
                    0 (heuristics)
MIP has 10753 rows; 9409 cols; 25537 nonzeros; 1344 integer variables (1344 binary)
Coefficient ranges:
  Matrix  [2e-01, 2e+00]
  Cost    [5e-03, 6e-02]
  Bound   [1e+00, 1e+00]
  RHS     [5e-04, 5e+00]
Presolving model
8064 rows, 8843 cols, 22282 nonzeros 0s
6391 rows, 7504 cols, 17934 nonzeros 0s
4564 rows, 5909 cols, 13176 nonzeros 0s
3696 rows, 4899 cols, 10806 nonzeros 0s
3582 rows, 4785 cols, 10578 nonzeros 0s
Presolve reductions: rows 3582(-7171); columns 4785(-4624); nonzeros 10578(-14959) 

Solving MIP model with:
   3582 rows
   4785 cols (553 binary, 0 integer, 0 implied int., 4232 continuous, 0 domain fixed)
   10578 nonzeros

Src: B => Branching; C => Central rounding; F => Feasibility pump; H => Heuristic;
     I => Shifting; J => Feasibility jump; L => Sub-MIP; P => Empty MIP; R => Randomized rounding;
     S => Solve LP; T => Evaluate node; U => Unbounded; X => User solution; Y => HiGHS solution;
     Z => ZI Round; l => Trivial lower; p => Trivial point; u => Trivial upper; z => Trivial zero

        Nodes      |    B&B Tree     |            Objective Bounds              |  Dynamic Constraints |       Work      
Src  Proc. InQueue |  Leaves   Expl. | BestBound       BestSol              Gap |   Cuts   InLp Confl. | LpIters     Time

         0       0         0   0.00%   -5.832924642    inf                  inf        0      0      0         0     0.5s
 T       0       0         0   0.00%   -5.832924642    0.9060331132     743.79%        0      0      0      1438     0.5s
         1       0         1 100.00%   0.9060331132    0.9060331132       0.00%        0      0      0      1438     0.5s

Solving report
  Status            Optimal
  Primal bound      0.906033113198
  Dual bound        0.906033113198
  Gap               0% (tolerance: 0.5%)
  P-D integral      0.000623293604758
  Solution status   feasible
                    0.906033113198 (objective)
                    0 (bound viol.)
                    0 (int. viol.)
                    0 (row viol.)
  Timing            0.55
  Max sub-MIP depth 0
  Nodes             1
  Repair LPs        0
  LP iterations     1438
                    0 (strong br.)
                    0 (separation)
                    0 (heuristics)
MIP has 10753 rows; 9409 cols; 25537 nonzeros; 1344 integer variables (1344 binary)
Coefficient ranges:
  Matrix  [2e-01, 2e+00]
  Cost    [5e-03, 6e-02]
  Bound   [1e+00, 1e+00]
  RHS     [2e-04, 5e+00]
Presolving model
8064 rows, 8854 cols, 22293 nonzeros 0s
6397 rows, 7520 cols, 17952 nonzeros 0s
4568 rows, 5920 cols, 13183 nonzeros 0s
3586 rows, 4829 cols, 10516 nonzeros 0s
3454 rows, 4697 cols, 10252 nonzeros 0s
Presolve reductions: rows 3454(-7299); columns 4697(-4712); nonzeros 10252(-15285) 

Solving MIP model with:
   3454 rows
   4697 cols (526 binary, 0 integer, 0 implied int., 4171 continuous, 0 domain fixed)
   10252 nonzeros

Src: B => Branching; C => Central rounding; F => Feasibility pump; H => Heuristic;
     I => Shifting; J => Feasibility jump; L => Sub-MIP; P => Empty MIP; R => Randomized rounding;
     S => Solve LP; T => Evaluate node; U => Unbounded; X => User solution; Y => HiGHS solution;
     Z => ZI Round; l => Trivial lower; p => Trivial point; u => Trivial upper; z => Trivial zero

        Nodes      |    B&B Tree     |            Objective Bounds              |  Dynamic Constraints |       Work      
Src  Proc. InQueue |  Leaves   Expl. | BestBound       BestSol              Gap |   Cuts   InLp Confl. | LpIters     Time

 J       0       0         0   0.00%   -inf            11.259741          Large        0      0      0         0     0.6s
 T       0       0         0   0.00%   -5.502429247    1.861600881      395.58%        0      0      0      1411     0.7s
         1       0         1 100.00%   1.861600881     1.861600881        0.00%        0      0      0      1411     0.7s

Solving report
  Status            Optimal
  Primal bound      1.86160088115
  Dual bound        1.86160088115
  Gap               0% (tolerance: 0.5%)
  P-D integral      0.0854459528014
  Solution status   feasible
                    1.86160088115 (objective)
                    0 (bound viol.)
                    0 (int. viol.)
                    0 (row viol.)
  Timing            0.69
  Max sub-MIP depth 0
  Nodes             1
  Repair LPs        0
  LP iterations     1411
                    0 (strong br.)
                    0 (separation)
                    0 (heuristics)
MIP has 10753 rows; 9409 cols; 25537 nonzeros; 1344 integer variables (1344 binary)
Coefficient ranges:
  Matrix  [2e-01, 2e+00]
  Cost    [5e-03, 6e-02]
  Bound   [1e+00, 1e+00]
  RHS     [2e-04, 5e+00]
Presolving model
8064 rows, 8869 cols, 22308 nonzeros 0s
6395 rows, 7534 cols, 17968 nonzeros 0s
4586 rows, 5961 cols, 13250 nonzeros 0s
3709 rows, 4962 cols, 10874 nonzeros 0s
3589 rows, 4842 cols, 10634 nonzeros 0s
Presolve reductions: rows 3589(-7164); columns 4842(-4567); nonzeros 10634(-14903) 

Solving MIP model with:
   3589 rows
   4842 cols (551 binary, 0 integer, 0 implied int., 4291 continuous, 0 domain fixed)
   10634 nonzeros

Src: B => Branching; C => Central rounding; F => Feasibility pump; H => Heuristic;
     I => Shifting; J => Feasibility jump; L => Sub-MIP; P => Empty MIP; R => Randomized rounding;
     S => Solve LP; T => Evaluate node; U => Unbounded; X => User solution; Y => HiGHS solution;
     Z => ZI Round; l => Trivial lower; p => Trivial point; u => Trivial upper; z => Trivial zero

        Nodes      |    B&B Tree     |            Objective Bounds              |  Dynamic Constraints |       Work      
Src  Proc. InQueue |  Leaves   Expl. | BestBound       BestSol              Gap |   Cuts   InLp Confl. | LpIters     Time

 J       0       0         0   0.00%   -inf            10.62036888        Large        0      0      0         0     0.6s
 T       0       0         0   0.00%   -5.789675638    1.066557347      642.84%        0      0      0      1475     0.7s
         1       0         1 100.00%   1.066557347     1.066557347        0.00%        0      0      0      1475     0.7s

Solving report
  Status            Optimal
  Primal bound      1.06655734703
  Dual bound        1.06655734703
  Gap               0% (tolerance: 0.5%)
  P-D integral      0.094348470948
  Solution status   feasible
                    1.06655734703 (objective)
                    0 (bound viol.)
                    0 (int. viol.)
                    0 (row viol.)
  Timing            0.70
  Max sub-MIP depth 0
  Nodes             1
  Repair LPs        0
  LP iterations     1475
                    0 (strong br.)
                    0 (separation)
                    0 (heuristics)
MIP has 10753 rows; 9409 cols; 25537 nonzeros; 1344 integer variables (1344 binary)
Coefficient ranges:
  Matrix  [2e-01, 2e+00]
  Cost    [5e-03, 6e-02]
  Bound   [1e+00, 1e+00]
  RHS     [9e-04, 5e+00]
Presolving model
8064 rows, 8887 cols, 22326 nonzeros 0s
6365 rows, 7520 cols, 17924 nonzeros 0s
4501 rows, 5862 cols, 13062 nonzeros 0s
4076 rows, 5150 cols, 11807 nonzeros 0s
Presolve reductions: rows 4076(-6677); columns 5150(-4259); nonzeros 11807(-13730) 

Solving MIP model with:
   4076 rows
   5150 cols (646 binary, 0 integer, 0 implied int., 4504 continuous, 0 domain fixed)
   11807 nonzeros

Src: B => Branching; C => Central rounding; F => Feasibility pump; H => Heuristic;
     I => Shifting; J => Feasibility jump; L => Sub-MIP; P => Empty MIP; R => Randomized rounding;
     S => Solve LP; T => Evaluate node; U => Unbounded; X => User solution; Y => HiGHS solution;
     Z => ZI Round; l => Trivial lower; p => Trivial point; u => Trivial upper; z => Trivial zero

        Nodes      |    B&B Tree     |            Objective Bounds              |  Dynamic Constraints |       Work      
Src  Proc. InQueue |  Leaves   Expl. | BestBound       BestSol              Gap |   Cuts   InLp Confl. | LpIters     Time

         0       0         0   0.00%   -8.519871454    inf                  inf        0      0      0         0     0.6s
 T       0       0         0   0.00%   -8.519871454    -3.199349486     166.30%        0      0      0      1551     0.6s
         1       0         1 100.00%   -3.199349486    -3.199349486       0.00%        0      0      0      1551     0.6s

Solving report
  Status            Optimal
  Primal bound      -3.19934948645
  Dual bound        -3.19934948645
  Gap               0% (tolerance: 0.5%)
  P-D integral      0.000148173395896
  Solution status   feasible
                    -3.19934948645 (objective)
                    0 (bound viol.)
                    0 (int. viol.)
                    0 (row viol.)
  Timing            0.63
  Max sub-MIP depth 0
  Nodes             1
  Repair LPs        0
  LP iterations     1551
                    0 (strong br.)
                    0 (separation)
                    0 (heuristics)
MIP has 10753 rows; 9409 cols; 25537 nonzeros; 1344 integer variables (1344 binary)
Coefficient ranges:
  Matrix  [2e-01, 2e+00]
  Cost    [5e-03, 6e-02]
  Bound   [1e+00, 1e+00]
  RHS     [5e-04, 5e+00]
Presolving model
8064 rows, 8895 cols, 22334 nonzeros 0s
6362 rows, 7525 cols, 17926 nonzeros 0s
4483 rows, 5842 cols, 13028 nonzeros 0s
4252 rows, 5289 cols, 12242 nonzeros 0s
Presolve reductions: rows 4252(-6501); columns 5289(-4120); nonzeros 12242(-13295) 

Solving MIP model with:
   4252 rows
   5289 cols (676 binary, 0 integer, 0 implied int., 4613 continuous, 0 domain fixed)
   12242 nonzeros

Src: B => Branching; C => Central rounding; F => Feasibility pump; H => Heuristic;
     I => Shifting; J => Feasibility jump; L => Sub-MIP; P => Empty MIP; R => Randomized rounding;
     S => Solve LP; T => Evaluate node; U => Unbounded; X => User solution; Y => HiGHS solution;
     Z => ZI Round; l => Trivial lower; p => Trivial point; u => Trivial upper; z => Trivial zero

        Nodes      |    B&B Tree     |            Objective Bounds              |  Dynamic Constraints |       Work      
Src  Proc. InQueue |  Leaves   Expl. | BestBound       BestSol              Gap |   Cuts   InLp Confl. | LpIters     Time

 J       0       0         0   0.00%   -inf            5.785643462        Large        0      0      0         0     0.6s
         0       0         0   0.00%   -4.446842201    5.785643462      176.86%        0      0      2      1657     0.6s
 C       0       0         0   0.00%   -4.446842201    -4.446842201       0.00%        0      0      2      1667     0.8s
         1       0         1 100.00%   -4.446842201    -4.446842201       0.00%        0      0      2      1667     0.8s

Solving report
  Status            Optimal
  Primal bound      -4.4468422012
  Dual bound        -4.4468422012
  Gap               0% (tolerance: 0.5%)
  P-D integral      0.530895150114
  Solution status   feasible
                    -4.4468422012 (objective)
                    0 (bound viol.)
                    0 (int. viol.)
                    0 (row viol.)
  Timing            0.83
  Max sub-MIP depth 0
  Nodes             1
  Repair LPs        0
  LP iterations     1667
                    0 (strong br.)
                    10 (separation)
                    0 (heuristics)
MIP has 10753 rows; 9409 cols; 25537 nonzeros; 1344 integer variables (1344 binary)
Coefficient ranges:
  Matrix  [2e-01, 2e+00]
  Cost    [5e-03, 6e-02]
  Bound   [1e+00, 1e+00]
  RHS     [3e-04, 5e+00]
Presolving model
8064 rows, 8904 cols, 22343 nonzeros 0s
6356 rows, 7515 cols, 17906 nonzeros 0s
4466 rows, 5812 cols, 12961 nonzeros 0s
4025 rows, 5074 cols, 11644 nonzeros 0s
Presolve reductions: rows 4025(-6728); columns 5074(-4335); nonzeros 11644(-13893) 

Solving MIP model with:
   4025 rows
   5074 cols (637 binary, 0 integer, 0 implied int., 4437 continuous, 0 domain fixed)
   11644 nonzeros

Src: B => Branching; C => Central rounding; F => Feasibility pump; H => Heuristic;
     I => Shifting; J => Feasibility jump; L => Sub-MIP; P => Empty MIP; R => Randomized rounding;
     S => Solve LP; T => Evaluate node; U => Unbounded; X => User solution; Y => HiGHS solution;
     Z => ZI Round; l => Trivial lower; p => Trivial point; u => Trivial upper; z => Trivial zero

        Nodes      |    B&B Tree     |            Objective Bounds              |  Dynamic Constraints |       Work      
Src  Proc. InQueue |  Leaves   Expl. | BestBound       BestSol              Gap |   Cuts   InLp Confl. | LpIters     Time

 J       0       0         0   0.00%   -inf            4.190667063        Large        0      0      0         0     0.5s
 T       0       0         0   0.00%   -7.78296181     -3.126982506     148.90%        0      0      0      1544     0.5s
         1       0         1 100.00%   -3.126982506    -3.126982506       0.00%        0      0      0      1544     0.5s

Solving report
  Status            Optimal
  Primal bound      -3.12698250643
  Dual bound        -3.12698250643
  Gap               0% (tolerance: 0.5%)
  P-D integral      0.192943351601
  Solution status   feasible
                    -3.12698250643 (objective)
                    0 (bound viol.)
                    0 (int. viol.)
                    0 (row viol.)
  Timing            0.55
  Max sub-MIP depth 0
  Nodes             1
  Repair LPs        0
  LP iterations     1544
                    0 (strong br.)
                    0 (separation)
                    0 (heuristics)
MIP has 10753 rows; 9409 cols; 25537 nonzeros; 1344 integer variables (1344 binary)
Coefficient ranges:
  Matrix  [2e-01, 2e+00]
  Cost    [5e-03, 6e-02]
  Bound   [1e+00, 1e+00]
  RHS     [3e-04, 5e+00]
Presolving model
8064 rows, 8914 cols, 22353 nonzeros 0s
6354 rows, 7515 cols, 17900 nonzeros 0s
4512 rows, 5862 cols, 13077 nonzeros 0s
3952 rows, 5071 cols, 11498 nonzeros 0s
Presolve reductions: rows 3952(-6801); columns 5071(-4338); nonzeros 11498(-14039) 

Solving MIP model with:
   3952 rows
   5071 cols (619 binary, 0 integer, 0 implied int., 4452 continuous, 0 domain fixed)
   11498 nonzeros

Src: B => Branching; C => Central rounding; F => Feasibility pump; H => Heuristic;
     I => Shifting; J => Feasibility jump; L => Sub-MIP; P => Empty MIP; R => Randomized rounding;
     S => Solve LP; T => Evaluate node; U => Unbounded; X => User solution; Y => HiGHS solution;
     Z => ZI Round; l => Trivial lower; p => Trivial point; u => Trivial upper; z => Trivial zero

        Nodes      |    B&B Tree     |            Objective Bounds              |  Dynamic Constraints |       Work      
Src  Proc. InQueue |  Leaves   Expl. | BestBound       BestSol              Gap |   Cuts   InLp Confl. | LpIters     Time

 J       0       0         0   0.00%   -inf            5.535026447        Large        0      0      0         0     0.5s
 T       0       0         0   0.00%   -7.526231132    -2.434962352     209.09%        0      0      0      1537     0.6s
         1       0         1 100.00%   -2.434962352    -2.434962352       0.00%        0      0      0      1537     0.6s

Solving report
  Status            Optimal
  Primal bound      -2.43496235171
  Dual bound        -2.43496235171
  Gap               0% (tolerance: 0.5%)
  P-D integral      0.161879277671
  Solution status   feasible
                    -2.43496235171 (objective)
                    0 (bound viol.)
                    0 (int. viol.)
                    0 (row viol.)
  Timing            0.56
  Max sub-MIP depth 0
  Nodes             1
  Repair LPs        0
  LP iterations     1537
                    0 (strong br.)
                    0 (separation)
                    0 (heuristics)
MIP has 10753 rows; 9409 cols; 25537 nonzeros; 1344 integer variables (1344 binary)
Coefficient ranges:
  Matrix  [2e-01, 2e+00]
  Cost    [5e-03, 6e-02]
  Bound   [1e+00, 1e+00]
  RHS     [2e-04, 5e+00]
Presolving model
8064 rows, 8907 cols, 22346 nonzeros 0s
6371 rows, 7501 cols, 17912 nonzeros 0s
4522 rows, 5856 cols, 13069 nonzeros 0s
3691 rows, 4858 cols, 10770 nonzeros 0s
3590 rows, 4757 cols, 10568 nonzeros 0s
Presolve reductions: rows 3590(-7163); columns 4757(-4652); nonzeros 10568(-14969) 

Solving MIP model with:
   3590 rows
   4757 cols (556 binary, 0 integer, 0 implied int., 4201 continuous, 0 domain fixed)
   10568 nonzeros

Src: B => Branching; C => Central rounding; F => Feasibility pump; H => Heuristic;
     I => Shifting; J => Feasibility jump; L => Sub-MIP; P => Empty MIP; R => Randomized rounding;
     S => Solve LP; T => Evaluate node; U => Unbounded; X => User solution; Y => HiGHS solution;
     Z => ZI Round; l => Trivial lower; p => Trivial point; u => Trivial upper; z => Trivial zero

        Nodes      |    B&B Tree     |            Objective Bounds              |  Dynamic Constraints |       Work      
Src  Proc. InQueue |  Leaves   Expl. | BestBound       BestSol              Gap |   Cuts   InLp Confl. | LpIters     Time

         0       0         0   0.00%   -6.973418437    inf                  inf        0      0      0         0     0.5s
 T       0       0         0   0.00%   -6.973418437    -1.822366189     282.66%        0      0      0      1427     0.5s
         1       0         1 100.00%   -1.822366189    -1.822366189       0.00%        0      0      0      1427     0.5s

Solving report
  Status            Optimal
  Primal bound      -1.82236618868
  Dual bound        -1.82236618868
  Gap               0% (tolerance: 0.5%)
  P-D integral      0.000252413056784
  Solution status   feasible
                    -1.82236618868 (objective)
                    0 (bound viol.)
                    0 (int. viol.)
                    0 (row viol.)
  Timing            0.52
  Max sub-MIP depth 0
  Nodes             1
  Repair LPs        0
  LP iterations     1427
                    0 (strong br.)
                    0 (separation)
                    0 (heuristics)
MIP has 10753 rows; 9409 cols; 25537 nonzeros; 1344 integer variables (1344 binary)
Coefficient ranges:
  Matrix  [2e-01, 2e+00]
  Cost    [5e-03, 6e-02]
  Bound   [1e+00, 1e+00]
  RHS     [2e-04, 5e+00]
Presolving model
8064 rows, 9020 cols, 22459 nonzeros 0s
6383 rows, 7641 cols, 18035 nonzeros 0s
4551 rows, 6009 cols, 13219 nonzeros 0s
3873 rows, 5146 cols, 11362 nonzeros 0s
Presolve reductions: rows 3873(-6880); columns 5146(-4263); nonzeros 11362(-14175) 

Solving MIP model with:
   3873 rows
   5146 cols (586 binary, 0 integer, 0 implied int., 4560 continuous, 0 domain fixed)
   11362 nonzeros

Src: B => Branching; C => Central rounding; F => Feasibility pump; H => Heuristic;
     I => Shifting; J => Feasibility jump; L => Sub-MIP; P => Empty MIP; R => Randomized rounding;
     S => Solve LP; T => Evaluate node; U => Unbounded; X => User solution; Y => HiGHS solution;
     Z => ZI Round; l => Trivial lower; p => Trivial point; u => Trivial upper; z => Trivial zero

        Nodes      |    B&B Tree     |            Objective Bounds              |  Dynamic Constraints |       Work      
Src  Proc. InQueue |  Leaves   Expl. | BestBound       BestSol              Gap |   Cuts   InLp Confl. | LpIters     Time

 J       0       0         0   0.00%   -inf            6.210069074        Large        0      0      0         0     0.5s
 T       0       0         0   0.00%   -4.612064244    0.7696640867     699.23%        0      0      0      1595     0.5s
         1       0         1 100.00%   0.7696640867    0.7696640867       0.00%        0      0      0      1595     0.5s

Solving report
  Status            Optimal
  Primal bound      0.769664086691
  Dual bound        0.769664086691
  Gap               0% (tolerance: 0.5%)
  P-D integral      0.127977704754
  Solution status   feasible
                    0.769664086691 (objective)
                    0 (bound viol.)
                    0 (int. viol.)
                    0 (row viol.)
  Timing            0.54
  Max sub-MIP depth 0
  Nodes             1
  Repair LPs        0
  LP iterations     1595
                    0 (strong br.)
                    0 (separation)
                    0 (heuristics)
MIP has 10753 rows; 9409 cols; 25537 nonzeros; 1344 integer variables (1344 binary)
Coefficient ranges:
  Matrix  [2e-01, 2e+00]
  Cost    [5e-03, 6e-02]
  Bound   [1e+00, 1e+00]
  RHS     [3e-04, 5e+00]
Presolving model
8064 rows, 9276 cols, 22715 nonzeros 0s
6179 rows, 7619 cols, 17633 nonzeros 0s
4495 rows, 5981 cols, 13099 nonzeros 0s
4297 rows, 5545 cols, 12463 nonzeros 0s
Presolve reductions: rows 4297(-6456); columns 5545(-3864); nonzeros 12463(-13074) 

Solving MIP model with:
   4297 rows
   5545 cols (656 binary, 0 integer, 0 implied int., 4889 continuous, 0 domain fixed)
   12463 nonzeros

Src: B => Branching; C => Central rounding; F => Feasibility pump; H => Heuristic;
     I => Shifting; J => Feasibility jump; L => Sub-MIP; P => Empty MIP; R => Randomized rounding;
     S => Solve LP; T => Evaluate node; U => Unbounded; X => User solution; Y => HiGHS solution;
     Z => ZI Round; l => Trivial lower; p => Trivial point; u => Trivial upper; z => Trivial zero

        Nodes      |    B&B Tree     |            Objective Bounds              |  Dynamic Constraints |       Work      
Src  Proc. InQueue |  Leaves   Expl. | BestBound       BestSol              Gap |   Cuts   InLp Confl. | LpIters     Time

 J       0       0         0   0.00%   -inf            2.446905471        Large        0      0      0         0     0.4s
 T       0       0         0   0.00%   -4.07818485     -0.2055757203   1883.79%        0      0      0      1742     0.5s
         1       0         1 100.00%   -0.2055757203   -0.2055757203      0.00%        0      0      0      1742     0.5s

Solving report
  Status            Optimal
  Primal bound      -0.205575720295
  Dual bound        -0.205575720295
  Gap               0% (tolerance: 0.5%)
  P-D integral      0.214350274996
  Solution status   feasible
                    -0.205575720295 (objective)
                    0 (bound viol.)
                    0 (int. viol.)
                    0 (row viol.)
  Timing            0.52
  Max sub-MIP depth 0
  Nodes             1
  Repair LPs        0
  LP iterations     1742
                    0 (strong br.)
                    0 (separation)
                    0 (heuristics)
MIP has 10753 rows; 9409 cols; 25537 nonzeros; 1344 integer variables (1344 binary)
Coefficient ranges:
  Matrix  [2e-01, 2e+00]
  Cost    [5e-03, 6e-02]
  Bound   [1e+00, 1e+00]
  RHS     [4e-04, 5e+00]
Presolving model
8064 rows, 9173 cols, 22612 nonzeros 0s
6183 rows, 7544 cols, 17602 nonzeros 0s
4248 rows, 5685 cols, 12416 nonzeros 0s
4001 rows, 5097 cols, 11581 nonzeros 0s
Presolve reductions: rows 4001(-6752); columns 5097(-4312); nonzeros 11581(-13956) 

Solving MIP model with:
   4001 rows
   5097 cols (621 binary, 0 integer, 0 implied int., 4476 continuous, 0 domain fixed)
   11581 nonzeros

Src: B => Branching; C => Central rounding; F => Feasibility pump; H => Heuristic;
     I => Shifting; J => Feasibility jump; L => Sub-MIP; P => Empty MIP; R => Randomized rounding;
     S => Solve LP; T => Evaluate node; U => Unbounded; X => User solution; Y => HiGHS solution;
     Z => ZI Round; l => Trivial lower; p => Trivial point; u => Trivial upper; z => Trivial zero

        Nodes      |    B&B Tree     |            Objective Bounds              |  Dynamic Constraints |       Work      
Src  Proc. InQueue |  Leaves   Expl. | BestBound       BestSol              Gap |   Cuts   InLp Confl. | LpIters     Time

 J       0       0         0   0.00%   -inf            1.867025385        Large        0      0      0         0     0.5s
 T       0       0         0   0.00%   -4.512779672    -1.294744847     248.55%        0      0      0      1578     0.6s
         1       0         1 100.00%   -1.294744847    -1.294744847       0.00%        0      0      0      1578     0.6s

Solving report
  Status            Optimal
  Primal bound      -1.29474484684
  Dual bound        -1.29474484684
  Gap               0% (tolerance: 0.5%)
  P-D integral      0.252550910406
  Solution status   feasible
                    -1.29474484684 (objective)
                    0 (bound viol.)
                    0 (int. viol.)
                    0 (row viol.)
  Timing            0.57
  Max sub-MIP depth 0
  Nodes             1
  Repair LPs        0
  LP iterations     1578
                    0 (strong br.)
                    0 (separation)
                    0 (heuristics)
MIP has 10753 rows; 9409 cols; 25537 nonzeros; 1344 integer variables (1344 binary)
Coefficient ranges:
  Matrix  [2e-01, 2e+00]
  Cost    [5e-03, 6e-02]
  Bound   [1e+00, 1e+00]
  RHS     [8e-04, 5e+00]
Presolving model
8064 rows, 8908 cols, 22347 nonzeros 0s
6400 rows, 7574 cols, 18013 nonzeros 0s
4579 rows, 5984 cols, 13264 nonzeros 0s
3863 rows, 5091 cols, 11303 nonzeros 0s
3824 rows, 5052 cols, 11225 nonzeros 0s
Presolve reductions: rows 3824(-6929); columns 5052(-4357); nonzeros 11225(-14312) 

Solving MIP model with:
   3824 rows
   5052 cols (588 binary, 0 integer, 0 implied int., 4464 continuous, 0 domain fixed)
   11225 nonzeros

Src: B => Branching; C => Central rounding; F => Feasibility pump; H => Heuristic;
     I => Shifting; J => Feasibility jump; L => Sub-MIP; P => Empty MIP; R => Randomized rounding;
     S => Solve LP; T => Evaluate node; U => Unbounded; X => User solution; Y => HiGHS solution;
     Z => ZI Round; l => Trivial lower; p => Trivial point; u => Trivial upper; z => Trivial zero

        Nodes      |    B&B Tree     |            Objective Bounds              |  Dynamic Constraints |       Work      
Src  Proc. InQueue |  Leaves   Expl. | BestBound       BestSol              Gap |   Cuts   InLp Confl. | LpIters     Time

 J       0       0         0   0.00%   -inf            5.890665386        Large        0      0      0         0     0.5s
 T       0       0         0   0.00%   -4.623038868    0.8365402579     652.64%        0      0      0      1551     0.6s
         1       0         1 100.00%   0.8365402579    0.8365402579       0.00%        0      0      0      1551     0.6s

Solving report
  Status            Optimal
  Primal bound      0.836540257941
  Dual bound        0.836540257941
  Gap               0% (tolerance: 0.5%)
  P-D integral      0.122389882753
  Solution status   feasible
                    0.836540257941 (objective)
                    0 (bound viol.)
                    0 (int. viol.)
                    0 (row viol.)
  Timing            0.57
  Max sub-MIP depth 0
  Nodes             1
  Repair LPs        0
  LP iterations     1551
                    0 (strong br.)
                    0 (separation)
                    0 (heuristics)
MIP has 10753 rows; 9409 cols; 25537 nonzeros; 1344 integer variables (1344 binary)
Coefficient ranges:
  Matrix  [2e-01, 2e+00]
  Cost    [5e-03, 6e-02]
  Bound   [1e+00, 1e+00]
  RHS     [1e-04, 5e+00]
Presolving model
8064 rows, 8873 cols, 22312 nonzeros 0s
6326 rows, 7400 cols, 17733 nonzeros 0s
4452 rows, 5691 cols, 12786 nonzeros 0s
3150 rows, 4330 cols, 9277 nonzeros 0s
2979 rows, 4159 cols, 8935 nonzeros 0s
Presolve reductions: rows 2979(-7774); columns 4159(-5250); nonzeros 8935(-16602) 

Solving MIP model with:
   2979 rows
   4159 cols (450 binary, 0 integer, 0 implied int., 3709 continuous, 0 domain fixed)
   8935 nonzeros

Src: B => Branching; C => Central rounding; F => Feasibility pump; H => Heuristic;
     I => Shifting; J => Feasibility jump; L => Sub-MIP; P => Empty MIP; R => Randomized rounding;
     S => Solve LP; T => Evaluate node; U => Unbounded; X => User solution; Y => HiGHS solution;
     Z => ZI Round; l => Trivial lower; p => Trivial point; u => Trivial upper; z => Trivial zero

        Nodes      |    B&B Tree     |            Objective Bounds              |  Dynamic Constraints |       Work      
Src  Proc. InQueue |  Leaves   Expl. | BestBound       BestSol              Gap |   Cuts   InLp Confl. | LpIters     Time

 J       0       0         0   0.00%   -inf            4.516427344        Large        0      0      0         0     0.5s
 T       0       0         0   0.00%   -4.53612305     0.6181146395     833.86%        0      0      0      1231     0.6s
         1       0         1 100.00%   0.6181146395    0.6181146395       0.00%        0      0      0      1231     0.6s

Solving report
  Status            Optimal
  Primal bound      0.618114639464
  Dual bound        0.618114639464
  Gap               0% (tolerance: 0.5%)
  P-D integral      0.104729327373
  Solution status   feasible
                    0.618114639464 (objective)
                    0 (bound viol.)
                    0 (int. viol.)
                    0 (row viol.)
  Timing            0.55
  Max sub-MIP depth 0
  Nodes             1
  Repair LPs        0
  LP iterations     1231
                    0 (strong br.)
                    0 (separation)
                    0 (heuristics)
MIP has 10753 rows; 9409 cols; 25537 nonzeros; 1344 integer variables (1344 binary)
Coefficient ranges:
  Matrix  [2e-01, 2e+00]
  Cost    [5e-03, 6e-02]
  Bound   [1e+00, 1e+00]
  RHS     [1e-04, 5e+00]
Presolving model
8064 rows, 8866 cols, 22305 nonzeros 0s
6349 rows, 7422 cols, 17794 nonzeros 0s
4481 rows, 5734 cols, 12890 nonzeros 0s
3169 rows, 4340 cols, 9332 nonzeros 0s
3005 rows, 4121 cols, 8949 nonzeros 0s
Presolve reductions: rows 3005(-7748); columns 4121(-5288); nonzeros 8949(-16588) 

Solving MIP model with:
   3005 rows
   4121 cols (456 binary, 0 integer, 0 implied int., 3665 continuous, 0 domain fixed)
   8949 nonzeros

Src: B => Branching; C => Central rounding; F => Feasibility pump; H => Heuristic;
     I => Shifting; J => Feasibility jump; L => Sub-MIP; P => Empty MIP; R => Randomized rounding;
     S => Solve LP; T => Evaluate node; U => Unbounded; X => User solution; Y => HiGHS solution;
     Z => ZI Round; l => Trivial lower; p => Trivial point; u => Trivial upper; z => Trivial zero

        Nodes      |    B&B Tree     |            Objective Bounds              |  Dynamic Constraints |       Work      
Src  Proc. InQueue |  Leaves   Expl. | BestBound       BestSol              Gap |   Cuts   InLp Confl. | LpIters     Time

 J       0       0         0   0.00%   -inf            4.308128588        Large        0      0      0         0     0.4s
 T       0       0         0   0.00%   -4.693506345    0.1147568394    4189.96%        0      0      0      1245     0.5s
         1       0         1 100.00%   0.1147568394    0.1147568394       0.00%        0      0      0      1245     0.5s

Solving report
  Status            Optimal
  Primal bound      0.114756839355
  Dual bound        0.114756839355
  Gap               0% (tolerance: 0.5%)
  P-D integral      0.104987745315
  Solution status   feasible
                    0.114756839355 (objective)
                    0 (bound viol.)
                    0 (int. viol.)
                    0 (row viol.)
  Timing            0.50
  Max sub-MIP depth 0
  Nodes             1
  Repair LPs        0
  LP iterations     1245
                    0 (strong br.)
                    0 (separation)
                    0 (heuristics)
MIP has 10753 rows; 9409 cols; 25537 nonzeros; 1344 integer variables (1344 binary)
Coefficient ranges:
  Matrix  [2e-01, 2e+00]
  Cost    [5e-03, 6e-02]
  Bound   [1e+00, 1e+00]
  RHS     [5e-04, 5e+00]
Presolving model
8064 rows, 8851 cols, 22290 nonzeros 0s
6342 rows, 7446 cols, 17807 nonzeros 0s
4440 rows, 5741 cols, 12836 nonzeros 0s
3722 rows, 4781 cols, 10796 nonzeros 0s
3646 rows, 4705 cols, 10644 nonzeros 0s
Presolve reductions: rows 3646(-7107); columns 4705(-4704); nonzeros 10644(-14893) 

Solving MIP model with:
   3646 rows
   4705 cols (574 binary, 0 integer, 0 implied int., 4131 continuous, 0 domain fixed)
   10644 nonzeros

Src: B => Branching; C => Central rounding; F => Feasibility pump; H => Heuristic;
     I => Shifting; J => Feasibility jump; L => Sub-MIP; P => Empty MIP; R => Randomized rounding;
     S => Solve LP; T => Evaluate node; U => Unbounded; X => User solution; Y => HiGHS solution;
     Z => ZI Round; l => Trivial lower; p => Trivial point; u => Trivial upper; z => Trivial zero

        Nodes      |    B&B Tree     |            Objective Bounds              |  Dynamic Constraints |       Work      
Src  Proc. InQueue |  Leaves   Expl. | BestBound       BestSol              Gap |   Cuts   InLp Confl. | LpIters     Time

 J       0       0         0   0.00%   -inf            2.220475403        Large        0      0      0         0     0.5s
 T       0       0         0   0.00%   -4.893764441    -1.714834927     185.38%        0      0      0      1374     0.5s
         1       0         1 100.00%   -1.714834927    -1.714834927       0.00%        0      0      0      1374     0.5s

Solving report
  Status            Optimal
  Primal bound      -1.71483492739
  Dual bound        -1.71483492739
  Gap               0% (tolerance: 0.5%)
  P-D integral      0.192388571338
  Solution status   feasible
                    -1.71483492739 (objective)
                    0 (bound viol.)
                    0 (int. viol.)
                    0 (row viol.)
  Timing            0.54
  Max sub-MIP depth 0
  Nodes             1
  Repair LPs        0
  LP iterations     1374
                    0 (strong br.)
                    0 (separation)
                    0 (heuristics)
MIP has 10753 rows; 9409 cols; 25537 nonzeros; 1344 integer variables (1344 binary)
Coefficient ranges:
  Matrix  [2e-01, 2e+00]
  Cost    [1e-02, 6e-02]
  Bound   [1e+00, 1e+00]
  RHS     [9e-04, 5e+00]
Presolving model
8064 rows, 8838 cols, 22277 nonzeros 0s
6284 rows, 7241 cols, 17564 nonzeros 0s
4378 rows, 5445 cols, 12518 nonzeros 0s
3158 rows, 4087 cols, 9176 nonzeros 0s
3008 rows, 3937 cols, 8876 nonzeros 0s
Presolve reductions: rows 3008(-7745); columns 3937(-5472); nonzeros 8876(-16661) 

Solving MIP model with:
   3008 rows
   3937 cols (483 binary, 0 integer, 0 implied int., 3454 continuous, 0 domain fixed)
   8876 nonzeros

Src: B => Branching; C => Central rounding; F => Feasibility pump; H => Heuristic;
     I => Shifting; J => Feasibility jump; L => Sub-MIP; P => Empty MIP; R => Randomized rounding;
     S => Solve LP; T => Evaluate node; U => Unbounded; X => User solution; Y => HiGHS solution;
     Z => ZI Round; l => Trivial lower; p => Trivial point; u => Trivial upper; z => Trivial zero

        Nodes      |    B&B Tree     |            Objective Bounds              |  Dynamic Constraints |       Work      
Src  Proc. InQueue |  Leaves   Expl. | BestBound       BestSol              Gap |   Cuts   InLp Confl. | LpIters     Time

 J       0       0         0   0.00%   -inf            -2.338809407       Large        0      0      0         0     0.4s
 T       0       0         0   0.00%   -6.101197787    -5.152568417      18.41%        0      0      0      1092     0.5s
         1       0         1 100.00%   -5.152568417    -5.152568417       0.00%        0      0      0      1092     0.5s

Solving report
  Status            Optimal
  Primal bound      -5.15256841739
  Dual bound        -5.15256841739
  Gap               0% (tolerance: 0.5%)
  P-D integral      0.0807819997338
  Solution status   feasible
                    -5.15256841739 (objective)
                    0 (bound viol.)
                    0 (int. viol.)
                    0 (row viol.)
  Timing            0.47
  Max sub-MIP depth 0
  Nodes             1
  Repair LPs        0
  LP iterations     1092
                    0 (strong br.)
                    0 (separation)
                    0 (heuristics)
MIP has 10753 rows; 9409 cols; 25537 nonzeros; 1344 integer variables (1344 binary)
Coefficient ranges:
  Matrix  [2e-01, 2e+00]
  Cost    [5e-03, 6e-02]
  Bound   [1e+00, 1e+00]
  RHS     [9e-04, 5e+00]
Presolving model
8064 rows, 8813 cols, 22252 nonzeros 0s
6248 rows, 7204 cols, 17465 nonzeros 0s
4359 rows, 5416 cols, 12458 nonzeros 0s
3176 rows, 4095 cols, 9218 nonzeros 0s
3040 rows, 3929 cols, 8916 nonzeros 0s
Presolve reductions: rows 3040(-7713); columns 3929(-5480); nonzeros 8916(-16621) 

Solving MIP model with:
   3040 rows
   3929 cols (487 binary, 0 integer, 0 implied int., 3442 continuous, 0 domain fixed)
   8916 nonzeros

Src: B => Branching; C => Central rounding; F => Feasibility pump; H => Heuristic;
     I => Shifting; J => Feasibility jump; L => Sub-MIP; P => Empty MIP; R => Randomized rounding;
     S => Solve LP; T => Evaluate node; U => Unbounded; X => User solution; Y => HiGHS solution;
     Z => ZI Round; l => Trivial lower; p => Trivial point; u => Trivial upper; z => Trivial zero

        Nodes      |    B&B Tree     |            Objective Bounds              |  Dynamic Constraints |       Work      
Src  Proc. InQueue |  Leaves   Expl. | BestBound       BestSol              Gap |   Cuts   InLp Confl. | LpIters     Time

 J       0       0         0   0.00%   -inf            0.0565019255       Large        0      0      0         0     0.4s
 T       0       0         0   0.00%   -5.869386869    -3.776017217      55.44%        0      0      0      1126     0.5s
         1       0         1 100.00%   -3.776017217    -3.776017217       0.00%        0      0      0      1126     0.5s

Solving report
  Status            Optimal
  Primal bound      -3.7760172172
  Dual bound        -3.7760172172
  Gap               0% (tolerance: 0.5%)
  P-D integral      5.90318573379
  Solution status   feasible
                    -3.7760172172 (objective)
                    0 (bound viol.)
                    0 (int. viol.)
                    0 (row viol.)
  Timing            0.50
  Max sub-MIP depth 0
  Nodes             1
  Repair LPs        0
  LP iterations     1126
                    0 (strong br.)
                    0 (separation)
                    0 (heuristics)
MIP has 10753 rows; 9409 cols; 25537 nonzeros; 1344 integer variables (1344 binary)
Coefficient ranges:
  Matrix  [2e-01, 2e+00]
  Cost    [5e-03, 6e-02]
  Bound   [1e+00, 1e+00]
  RHS     [4e-04, 5e+00]
Presolving model
8064 rows, 8792 cols, 22231 nonzeros 0s
6367 rows, 7429 cols, 17831 nonzeros 0s
4527 rows, 5806 cols, 13028 nonzeros 0s
3509 rows, 4663 cols, 10257 nonzeros 0s
3365 rows, 4519 cols, 9969 nonzeros 0s
Presolve reductions: rows 3365(-7388); columns 4519(-4890); nonzeros 9969(-15568) 

Solving MIP model with:
   3365 rows
   4519 cols (522 binary, 0 integer, 0 implied int., 3997 continuous, 0 domain fixed)
   9969 nonzeros

Src: B => Branching; C => Central rounding; F => Feasibility pump; H => Heuristic;
     I => Shifting; J => Feasibility jump; L => Sub-MIP; P => Empty MIP; R => Randomized rounding;
     S => Solve LP; T => Evaluate node; U => Unbounded; X => User solution; Y => HiGHS solution;
     Z => ZI Round; l => Trivial lower; p => Trivial point; u => Trivial upper; z => Trivial zero

        Nodes      |    B&B Tree     |            Objective Bounds              |  Dynamic Constraints |       Work      
Src  Proc. InQueue |  Leaves   Expl. | BestBound       BestSol              Gap |   Cuts   InLp Confl. | LpIters     Time

 J       0       0         0   0.00%   -inf            6.575244992        Large        0      0      0         0     0.5s
 T       0       0         0   0.00%   -3.374443605    1.729000542      295.17%        0      0      0      1329     0.5s
         1       0         1 100.00%   1.729000542     1.729000542        0.00%        0      0      0      1329     0.5s

Solving report
  Status            Optimal
  Primal bound      1.72900054202
  Dual bound        1.72900054202
  Gap               0% (tolerance: 0.5%)
  P-D integral      0.0869609361288
  Solution status   feasible
                    1.72900054202 (objective)
                    0 (bound viol.)
                    0 (int. viol.)
                    0 (row viol.)
  Timing            0.53
  Max sub-MIP depth 0
  Nodes             1
  Repair LPs        0
  LP iterations     1329
                    0 (strong br.)
                    0 (separation)
                    0 (heuristics)
MIP has 10753 rows; 9409 cols; 25537 nonzeros; 1344 integer variables (1344 binary)
Coefficient ranges:
  Matrix  [2e-01, 2e+00]
  Cost    [5e-03, 6e-02]
  Bound   [1e+00, 1e+00]
  RHS     [4e-04, 5e+00]
Presolving model
8064 rows, 8762 cols, 22201 nonzeros 0s
6430 rows, 7449 cols, 17930 nonzeros 0s
4641 rows, 5917 cols, 13281 nonzeros 0s
2998 rows, 4320 cols, 8933 nonzeros 0s
2759 rows, 4081 cols, 8455 nonzeros 0s
Presolve reductions: rows 2759(-7994); columns 4081(-5328); nonzeros 8455(-17082) 

Solving MIP model with:
   2759 rows
   4081 cols (404 binary, 0 integer, 0 implied int., 3677 continuous, 0 domain fixed)
   8455 nonzeros

Src: B => Branching; C => Central rounding; F => Feasibility pump; H => Heuristic;
     I => Shifting; J => Feasibility jump; L => Sub-MIP; P => Empty MIP; R => Randomized rounding;
     S => Solve LP; T => Evaluate node; U => Unbounded; X => User solution; Y => HiGHS solution;
     Z => ZI Round; l => Trivial lower; p => Trivial point; u => Trivial upper; z => Trivial zero

        Nodes      |    B&B Tree     |            Objective Bounds              |  Dynamic Constraints |       Work      
Src  Proc. InQueue |  Leaves   Expl. | BestBound       BestSol              Gap |   Cuts   InLp Confl. | LpIters     Time

 J       0       0         0   0.00%   -inf            10.04711014        Large        0      0      0         0     0.4s
 T       0       0         0   0.00%   -1.915640124    5.153554565      137.17%        0      0      0      1206     0.4s
         1       0         1 100.00%   5.153554565     5.153554565        0.00%        0      0      0      1206     0.4s

Solving report
  Status            Optimal
  Primal bound      5.15355456549
  Dual bound        5.15355456549
  Gap               0% (tolerance: 0.5%)
  P-D integral      0.0556450788707
  Solution status   feasible
                    5.15355456549 (objective)
                    0 (bound viol.)
                    0 (int. viol.)
                    0 (row viol.)
  Timing            0.45
  Max sub-MIP depth 0
  Nodes             1
  Repair LPs        0
  LP iterations     1206
                    0 (strong br.)
                    0 (separation)
                    0 (heuristics)
MIP has 10753 rows; 9409 cols; 25537 nonzeros; 1344 integer variables (1344 binary)
Coefficient ranges:
  Matrix  [2e-01, 2e+00]
  Cost    [5e-03, 6e-02]
  Bound   [1e+00, 1e+00]
  RHS     [3e-04, 5e+00]
Presolving model
8064 rows, 8750 cols, 22189 nonzeros 0s
6438 rows, 7444 cols, 17933 nonzeros 0s
4655 rows, 5922 cols, 13304 nonzeros 0s
2848 rows, 4214 cols, 8553 nonzeros 0s
2593 rows, 3959 cols, 8043 nonzeros 0s
Presolve reductions: rows 2593(-8160); columns 3959(-5450); nonzeros 8043(-17494) 

Solving MIP model with:
   2593 rows
   3959 cols (373 binary, 0 integer, 0 implied int., 3586 continuous, 0 domain fixed)
   8043 nonzeros

Src: B => Branching; C => Central rounding; F => Feasibility pump; H => Heuristic;
     I => Shifting; J => Feasibility jump; L => Sub-MIP; P => Empty MIP; R => Randomized rounding;
     S => Solve LP; T => Evaluate node; U => Unbounded; X => User solution; Y => HiGHS solution;
     Z => ZI Round; l => Trivial lower; p => Trivial point; u => Trivial upper; z => Trivial zero

        Nodes      |    B&B Tree     |            Objective Bounds              |  Dynamic Constraints |       Work      
Src  Proc. InQueue |  Leaves   Expl. | BestBound       BestSol              Gap |   Cuts   InLp Confl. | LpIters     Time

 J       0       0         0   0.00%   -inf            10.70956216        Large        0      0      0         0     0.4s
 T       0       0         0   0.00%   -1.32532504     6.246176696      121.22%        0      0      0      1167     0.4s
         1       0         1 100.00%   6.246176696     6.246176696        0.00%        0      0      0      1167     0.4s

Solving report
  Status            Optimal
  Primal bound      6.24617669621
  Dual bound        6.24617669621
  Gap               0% (tolerance: 0.5%)
  P-D integral      0.0551231064034
  Solution status   feasible
                    6.24617669621 (objective)
                    0 (bound viol.)
                    0 (int. viol.)
                    0 (row viol.)
  Timing            0.45
  Max sub-MIP depth 0
  Nodes             1
  Repair LPs        0
  LP iterations     1167
                    0 (strong br.)
                    0 (separation)
                    0 (heuristics)
MIP has 10753 rows; 9409 cols; 25537 nonzeros; 1344 integer variables (1344 binary)
Coefficient ranges:
  Matrix  [2e-01, 2e+00]
  Cost    [5e-03, 6e-02]
  Bound   [1e+00, 1e+00]
  RHS     [3e-04, 5e+00]
Presolving model
8064 rows, 8755 cols, 22194 nonzeros 0s
6359 rows, 7332 cols, 17710 nonzeros 0s
4519 rows, 5709 cols, 12899 nonzeros 0s
2586 rows, 3786 cols, 7743 nonzeros 0s
2356 rows, 3556 cols, 7283 nonzeros 0s
Presolve reductions: rows 2356(-8397); columns 3556(-5853); nonzeros 7283(-18254) 

Solving MIP model with:
   2356 rows
   3556 cols (343 binary, 0 integer, 0 implied int., 3213 continuous, 0 domain fixed)
   7283 nonzeros

Src: B => Branching; C => Central rounding; F => Feasibility pump; H => Heuristic;
     I => Shifting; J => Feasibility jump; L => Sub-MIP; P => Empty MIP; R => Randomized rounding;
     S => Solve LP; T => Evaluate node; U => Unbounded; X => User solution; Y => HiGHS solution;
     Z => ZI Round; l => Trivial lower; p => Trivial point; u => Trivial upper; z => Trivial zero

        Nodes      |    B&B Tree     |            Objective Bounds              |  Dynamic Constraints |       Work      
Src  Proc. InQueue |  Leaves   Expl. | BestBound       BestSol              Gap |   Cuts   InLp Confl. | LpIters     Time

 J       0       0         0   0.00%   -inf            9.846058333        Large        0      0      0         0     0.4s
 T       0       0         0   0.00%   -1.330371818    5.969044209      122.29%        0      0      0      1033     0.4s
         1       0         1 100.00%   5.969044209     5.969044209        0.00%        0      0      0      1033     0.4s

Solving report
  Status            Optimal
  Primal bound      5.96904420932
  Dual bound        5.96904420932
  Gap               0% (tolerance: 0.5%)
  P-D integral      0.0460395299301
  Solution status   feasible
                    5.96904420932 (objective)
                    0 (bound viol.)
                    0 (int. viol.)
                    0 (row viol.)
  Timing            0.43
  Max sub-MIP depth 0
  Nodes             1
  Repair LPs        0
  LP iterations     1033
                    0 (strong br.)
                    0 (separation)
                    0 (heuristics)
MIP has 10753 rows; 9409 cols; 25537 nonzeros; 1344 integer variables (1344 binary)
Coefficient ranges:
  Matrix  [2e-01, 2e+00]
  Cost    [5e-03, 6e-02]
  Bound   [1e+00, 1e+00]
  RHS     [3e-06, 5e+00]
WARNING: Problem has some excessively small row bounds
Presolving model
8064 rows, 8734 cols, 22173 nonzeros 0s
6348 rows, 7241 cols, 17628 nonzeros 0s
4492 rows, 5544 cols, 12731 nonzeros 0s
2543 rows, 3612 cols, 7530 nonzeros 0s
2003 rows, 3091 cols, 6233 nonzeros 0s
1951 rows, 3039 cols, 6129 nonzeros 0s
Presolve reductions: rows 1951(-8802); columns 3039(-6370); nonzeros 6129(-19408) 

Solving MIP model with:
   1951 rows
   3039 cols (285 binary, 0 integer, 0 implied int., 2754 continuous, 0 domain fixed)
   6129 nonzeros

Src: B => Branching; C => Central rounding; F => Feasibility pump; H => Heuristic;
     I => Shifting; J => Feasibility jump; L => Sub-MIP; P => Empty MIP; R => Randomized rounding;
     S => Solve LP; T => Evaluate node; U => Unbounded; X => User solution; Y => HiGHS solution;
     Z => ZI Round; l => Trivial lower; p => Trivial point; u => Trivial upper; z => Trivial zero

        Nodes      |    B&B Tree     |            Objective Bounds              |  Dynamic Constraints |       Work      
Src  Proc. InQueue |  Leaves   Expl. | BestBound       BestSol              Gap |   Cuts   InLp Confl. | LpIters     Time

 J       0       0         0   0.00%   -inf            6.594484903        Large        0      0      0         0     0.4s
 T       0       0         0   0.00%   -1.588068371    3.98945366       139.81%        0      0      0       854     0.5s
         1       0         1 100.00%   3.98945366      3.98945366         0.00%        0      0      0       854     0.5s

Solving report
  Status            Optimal
  Primal bound      3.98945365965
  Dual bound        3.98945365965
  Gap               0% (tolerance: 0.5%)
  P-D integral      0.0421183897866
  Solution status   feasible
                    3.98945365965 (objective)
                    0 (bound viol.)
                    0 (int. viol.)
                    0 (row viol.)
  Timing            0.46
  Max sub-MIP depth 0
  Nodes             1
  Repair LPs        0
  LP iterations     854
                    0 (strong br.)
                    0 (separation)
                    0 (heuristics)
MIP has 10753 rows; 9409 cols; 25537 nonzeros; 1344 integer variables (1344 binary)
Coefficient ranges:
  Matrix  [2e-01, 2e+00]
  Cost    [5e-03, 6e-02]
  Bound   [1e+00, 1e+00]
  RHS     [3e-06, 5e+00]
WARNING: Problem has some excessively small row bounds
Presolving model
8064 rows, 8720 cols, 22159 nonzeros 0s
6370 rows, 7287 cols, 17701 nonzeros 0s
4562 rows, 5677 cols, 12970 nonzeros 0s
2592 rows, 3754 cols, 7749 nonzeros 0s
2357 rows, 3519 cols, 7279 nonzeros 0s
Presolve reductions: rows 2357(-8396); columns 3519(-5890); nonzeros 7279(-18258) 

Solving MIP model with:
   2357 rows
   3519 cols (351 binary, 0 integer, 0 implied int., 3168 continuous, 0 domain fixed)
   7279 nonzeros

Src: B => Branching; C => Central rounding; F => Feasibility pump; H => Heuristic;
     I => Shifting; J => Feasibility jump; L => Sub-MIP; P => Empty MIP; R => Randomized rounding;
     S => Solve LP; T => Evaluate node; U => Unbounded; X => User solution; Y => HiGHS solution;
     Z => ZI Round; l => Trivial lower; p => Trivial point; u => Trivial upper; z => Trivial zero

        Nodes      |    B&B Tree     |            Objective Bounds              |  Dynamic Constraints |       Work      
Src  Proc. InQueue |  Leaves   Expl. | BestBound       BestSol              Gap |   Cuts   InLp Confl. | LpIters     Time

 J       0       0         0   0.00%   -inf            7.962436902        Large        0      0      0         0     0.4s
 T       0       0         0   0.00%   -1.346849581    4.499581288      129.93%        0      0      0       992     0.5s
         1       0         1 100.00%   4.499581288     4.499581288        0.00%        0      0      0       992     0.5s

Solving report
  Status            Optimal
  Primal bound      4.49958128836
  Dual bound        4.49958128836
  Gap               0% (tolerance: 0.5%)
  P-D integral      0.0524341701404
  Solution status   feasible
                    4.49958128836 (objective)
                    0 (bound viol.)
                    0 (int. viol.)
                    0 (row viol.)
  Timing            0.48
  Max sub-MIP depth 0
  Nodes             1
  Repair LPs        0
  LP iterations     992
                    0 (strong br.)
                    0 (separation)
                    0 (heuristics)
MIP has 10753 rows; 9409 cols; 25537 nonzeros; 1344 integer variables (1344 binary)
Coefficient ranges:
  Matrix  [2e-01, 2e+00]
  Cost    [5e-03, 6e-02]
  Bound   [1e+00, 1e+00]
  RHS     [7e-05, 5e+00]
WARNING: Problem has some excessively small row bounds
Presolving model
8064 rows, 8827 cols, 22266 nonzeros 0s
6441 rows, 7537 cols, 18017 nonzeros 0s
4683 rows, 6043 cols, 13429 nonzeros 0s
2890 rows, 4364 cols, 8713 nonzeros 0s
2643 rows, 4117 cols, 8219 nonzeros 0s
Presolve reductions: rows 2643(-8110); columns 4117(-5292); nonzeros 8219(-17318) 

Solving MIP model with:
   2643 rows
   4117 cols (365 binary, 0 integer, 0 implied int., 3752 continuous, 0 domain fixed)
   8219 nonzeros

Src: B => Branching; C => Central rounding; F => Feasibility pump; H => Heuristic;
     I => Shifting; J => Feasibility jump; L => Sub-MIP; P => Empty MIP; R => Randomized rounding;
     S => Solve LP; T => Evaluate node; U => Unbounded; X => User solution; Y => HiGHS solution;
     Z => ZI Round; l => Trivial lower; p => Trivial point; u => Trivial upper; z => Trivial zero

        Nodes      |    B&B Tree     |            Objective Bounds              |  Dynamic Constraints |       Work      
Src  Proc. InQueue |  Leaves   Expl. | BestBound       BestSol              Gap |   Cuts   InLp Confl. | LpIters     Time

 J       0       0         0   0.00%   -inf            11.97968385        Large        0      0      0         0     0.4s
 T       0       0         0   0.00%   -0.3794915344   8.434322736      104.50%        0      0      0      1286     0.5s
         1       0         1 100.00%   8.434322736     8.434322736        0.00%        0      0      0      1286     0.5s

Solving report
  Status            Optimal
  Primal bound      8.43432273602
  Dual bound        8.43432273602
  Gap               0% (tolerance: 0.5%)
  P-D integral      0.0480162983888
  Solution status   feasible
                    8.43432273602 (objective)
                    0 (bound viol.)
                    0 (int. viol.)
                    0 (row viol.)
  Timing            0.47
  Max sub-MIP depth 0
  Nodes             1
  Repair LPs        0
  LP iterations     1286
                    0 (strong br.)
                    0 (separation)
                    0 (heuristics)
MIP has 10753 rows; 9409 cols; 25537 nonzeros; 1344 integer variables (1344 binary)
Coefficient ranges:
  Matrix  [2e-01, 2e+00]
  Cost    [5e-03, 6e-02]
  Bound   [1e+00, 1e+00]
  RHS     [6e-05, 5e+00]
WARNING: Problem has some excessively small row bounds
Presolving model
8064 rows, 9176 cols, 22615 nonzeros 0s
6580 rows, 8024 cols, 18639 nonzeros 0s
4964 rows, 6722 cols, 14385 nonzeros 0s
3187 rows, 5218 cols, 9768 nonzeros 0s
2738 rows, 4802 cols, 8767 nonzeros 0s
Presolve reductions: rows 2738(-8015); columns 4802(-4607); nonzeros 8767(-16770) 

Solving MIP model with:
   2738 rows
   4802 cols (307 binary, 0 integer, 0 implied int., 4495 continuous, 0 domain fixed)
   8767 nonzeros

Src: B => Branching; C => Central rounding; F => Feasibility pump; H => Heuristic;
     I => Shifting; J => Feasibility jump; L => Sub-MIP; P => Empty MIP; R => Randomized rounding;
     S => Solve LP; T => Evaluate node; U => Unbounded; X => User solution; Y => HiGHS solution;
     Z => ZI Round; l => Trivial lower; p => Trivial point; u => Trivial upper; z => Trivial zero

        Nodes      |    B&B Tree     |            Objective Bounds              |  Dynamic Constraints |       Work      
Src  Proc. InQueue |  Leaves   Expl. | BestBound       BestSol              Gap |   Cuts   InLp Confl. | LpIters     Time

 J       0       0         0   0.00%   -inf            14.70917604        Large        0      0      0         0     0.5s
 T       0       0         0   0.00%   -0.1210017907   13.13153617      100.92%        0      0      0      1724     0.5s
         1       0         1 100.00%   13.13153617     13.13153617        0.00%        0      0      0      1724     0.5s

Solving report
  Status            Optimal
  Primal bound      13.131536174
  Dual bound        13.131536174
  Gap               0% (tolerance: 0.5%)
  P-D integral      0.0571590539483
  Solution status   feasible
                    13.131536174 (objective)
                    0 (bound viol.)
                    0 (int. viol.)
                    0 (row viol.)
  Timing            0.51
  Max sub-MIP depth 0
  Nodes             1
  Repair LPs        0
  LP iterations     1724
                    0 (strong br.)
                    0 (separation)
                    0 (heuristics)
MIP has 10753 rows; 9409 cols; 25537 nonzeros; 1344 integer variables (1344 binary)
Coefficient ranges:
  Matrix  [2e-01, 2e+00]
  Cost    [1e-02, 6e-02]
  Bound   [1e+00, 1e+00]
  RHS     [4e-05, 5e+00]
WARNING: Problem has some excessively small row bounds
Presolving model
8064 rows, 9068 cols, 22507 nonzeros 0s
6532 rows, 7869 cols, 18438 nonzeros 0s
4878 rows, 6510 cols, 14090 nonzeros 0s
3069 rows, 4925 cols, 9361 nonzeros 0s
2544 rows, 4316 cols, 8123 nonzeros 0s
Presolve reductions: rows 2544(-8209); columns 4316(-5093); nonzeros 8123(-17414) 

Solving MIP model with:
   2544 rows
   4316 cols (316 binary, 0 integer, 0 implied int., 4000 continuous, 0 domain fixed)
   8123 nonzeros

Src: B => Branching; C => Central rounding; F => Feasibility pump; H => Heuristic;
     I => Shifting; J => Feasibility jump; L => Sub-MIP; P => Empty MIP; R => Randomized rounding;
     S => Solve LP; T => Evaluate node; U => Unbounded; X => User solution; Y => HiGHS solution;
     Z => ZI Round; l => Trivial lower; p => Trivial point; u => Trivial upper; z => Trivial zero

        Nodes      |    B&B Tree     |            Objective Bounds              |  Dynamic Constraints |       Work      
Src  Proc. InQueue |  Leaves   Expl. | BestBound       BestSol              Gap |   Cuts   InLp Confl. | LpIters     Time

 J       0       0         0   0.00%   -inf            14.20450598        Large        0      0      0         0     0.5s
 T       0       0         0   0.00%   1.476318529     13.13417701       88.76%        0      0      0      1439     0.6s
         1       0         1 100.00%   13.13417701     13.13417701        0.00%        0      0      0      1439     0.6s

Solving report
  Status            Optimal
  Primal bound      13.134177014
  Dual bound        13.134177014
  Gap               0% (tolerance: 0.5%)
  P-D integral      0.039865423586
  Solution status   feasible
                    13.134177014 (objective)
                    0 (bound viol.)
                    0 (int. viol.)
                    0 (row viol.)
  Timing            0.58
  Max sub-MIP depth 0
  Nodes             1
  Repair LPs        0
  LP iterations     1439
                    0 (strong br.)
                    0 (separation)
                    0 (heuristics)
MIP has 10753 rows; 9409 cols; 25537 nonzeros; 1344 integer variables (1344 binary)
Coefficient ranges:
  Matrix  [2e-01, 2e+00]
  Cost    [1e-02, 6e-02]
  Bound   [1e+00, 1e+00]
  RHS     [4e-05, 5e+00]
WARNING: Problem has some excessively small row bounds
Presolving model
8064 rows, 8560 cols, 21999 nonzeros 0s
6399 rows, 7227 cols, 17661 nonzeros 0s
4598 rows, 5680 cols, 12967 nonzeros 0s
2681 rows, 3898 cols, 7934 nonzeros 0s
1555 rows, 2936 cols, 5190 nonzeros 0s
1391 rows, 2771 cols, 4861 nonzeros 0s
Presolve reductions: rows 1391(-9362); columns 2771(-6638); nonzeros 4861(-20676) 

Solving MIP model with:
   1391 rows
   2771 cols (175 binary, 0 integer, 0 implied int., 2596 continuous, 0 domain fixed)
   4861 nonzeros

Src: B => Branching; C => Central rounding; F => Feasibility pump; H => Heuristic;
     I => Shifting; J => Feasibility jump; L => Sub-MIP; P => Empty MIP; R => Randomized rounding;
     S => Solve LP; T => Evaluate node; U => Unbounded; X => User solution; Y => HiGHS solution;
     Z => ZI Round; l => Trivial lower; p => Trivial point; u => Trivial upper; z => Trivial zero

        Nodes      |    B&B Tree     |            Objective Bounds              |  Dynamic Constraints |       Work      
Src  Proc. InQueue |  Leaves   Expl. | BestBound       BestSol              Gap |   Cuts   InLp Confl. | LpIters     Time

 J       0       0         0   0.00%   -inf            19.15279814        Large        0      0      0         0     0.5s
 T       0       0         0   0.00%   3.380070399     18.17956655       81.41%        0      0      0       618     0.6s
         1       0         1 100.00%   18.17956655     18.17956655        0.00%        0      0      0       618     0.6s

Solving report
  Status            Optimal
  Primal bound      18.1795665487
  Dual bound        18.1795665487
  Gap               0% (tolerance: 0.5%)
  P-D integral      0.0262465457357
  Solution status   feasible
                    18.1795665487 (objective)
                    0 (bound viol.)
                    0 (int. viol.)
                    0 (row viol.)
  Timing            0.57
  Max sub-MIP depth 0
  Nodes             1
  Repair LPs        0
  LP iterations     618
                    0 (strong br.)
                    0 (separation)
                    0 (heuristics)
MIP has 10753 rows; 9409 cols; 25537 nonzeros; 1344 integer variables (1344 binary)
Coefficient ranges:
  Matrix  [2e-01, 2e+00]
  Cost    [1e-02, 6e-02]
  Bound   [1e+00, 1e+00]
  RHS     [9e-04, 5e+00]
Presolving model
8064 rows, 8414 cols, 21853 nonzeros 0s
6394 rows, 7075 cols, 17512 nonzeros 0s
4589 rows, 5530 cols, 12826 nonzeros 0s
2655 rows, 3725 cols, 7751 nonzeros 0s
2469 rows, 2802 cols, 5172 nonzeros 0s
1071 rows, 2186 cols, 3648 nonzeros 0s
872 rows, 1781 cols, 3044 nonzeros 0s
707 rows, 1218 cols, 2316 nonzeros 0s
704 rows, 1210 cols, 2305 nonzeros 0s
Presolve reductions: rows 704(-10049); columns 1210(-8199); nonzeros 2305(-23232) 

Solving MIP model with:
   704 rows
   1210 cols (98 binary, 0 integer, 0 implied int., 1112 continuous, 0 domain fixed)
   2305 nonzeros

Src: B => Branching; C => Central rounding; F => Feasibility pump; H => Heuristic;
     I => Shifting; J => Feasibility jump; L => Sub-MIP; P => Empty MIP; R => Randomized rounding;
     S => Solve LP; T => Evaluate node; U => Unbounded; X => User solution; Y => HiGHS solution;
     Z => ZI Round; l => Trivial lower; p => Trivial point; u => Trivial upper; z => Trivial zero

        Nodes      |    B&B Tree     |            Objective Bounds              |  Dynamic Constraints |       Work      
Src  Proc. InQueue |  Leaves   Expl. | BestBound       BestSol              Gap |   Cuts   InLp Confl. | LpIters     Time

 J       0       0         0   0.00%   -inf            22.10926208        Large        0      0      0         0     0.4s
 T       0       0         0   0.00%   17.81516965     21.62281988       17.61%        0      0      0       344     0.4s
         1       0         1 100.00%   21.62281988     21.62281988        0.00%        0      0      0       344     0.4s

Solving report
  Status            Optimal
  Primal bound      21.6228198807
  Dual bound        21.6228198807
  Gap               0% (tolerance: 0.5%)
  P-D integral      0.00236341088567
  Solution status   feasible
                    21.6228198807 (objective)
                    0 (bound viol.)
                    0 (int. viol.)
                    0 (row viol.)
  Timing            0.38
  Max sub-MIP depth 0
  Nodes             1
  Repair LPs        0
  LP iterations     344
                    0 (strong br.)
                    0 (separation)
                    0 (heuristics)
MIP has 10753 rows; 9409 cols; 25537 nonzeros; 1344 integer variables (1344 binary)
Coefficient ranges:
  Matrix  [2e-01, 2e+00]
  Cost    [1e-02, 6e-02]
  Bound   [1e+00, 1e+00]
  RHS     [5e-04, 5e+00]
Presolving model
8064 rows, 8526 cols, 21965 nonzeros 0s
6404 rows, 7193 cols, 17644 nonzeros 0s
4607 rows, 5655 cols, 12973 nonzeros 0s
2664 rows, 3816 cols, 7859 nonzeros 0s
1571 rows, 2725 cols, 5063 nonzeros 0s
1451 rows, 2604 cols, 4822 nonzeros 0s
Presolve reductions: rows 1451(-9302); columns 2604(-6805); nonzeros 4822(-20715) 

Solving MIP model with:
   1451 rows
   2604 cols (192 binary, 0 integer, 0 implied int., 2412 continuous, 0 domain fixed)
   4822 nonzeros

Src: B => Branching; C => Central rounding; F => Feasibility pump; H => Heuristic;
     I => Shifting; J => Feasibility jump; L => Sub-MIP; P => Empty MIP; R => Randomized rounding;
     S => Solve LP; T => Evaluate node; U => Unbounded; X => User solution; Y => HiGHS solution;
     Z => ZI Round; l => Trivial lower; p => Trivial point; u => Trivial upper; z => Trivial zero

        Nodes      |    B&B Tree     |            Objective Bounds              |  Dynamic Constraints |       Work      
Src  Proc. InQueue |  Leaves   Expl. | BestBound       BestSol              Gap |   Cuts   InLp Confl. | LpIters     Time

 J       0       0         0   0.00%   -inf            20.26303632        Large        0      0      0         0     0.4s
 T       0       0         0   0.00%   6.802746069     19.34999521       64.84%        0      0      0       699     0.5s
         1       0         1 100.00%   19.34999521     19.34999521        0.00%        0      0      0       699     0.5s

Solving report
  Status            Optimal
  Primal bound      19.3499952081
  Dual bound        19.3499952081
  Gap               0% (tolerance: 0.5%)
  P-D integral      0.0168699720851
  Solution status   feasible
                    19.3499952081 (objective)
                    0 (bound viol.)
                    0 (int. viol.)
                    0 (row viol.)
  Timing            0.46
  Max sub-MIP depth 0
  Nodes             1
  Repair LPs        0
  LP iterations     699
                    0 (strong br.)
                    0 (separation)
                    0 (heuristics)
MIP has 10753 rows; 9409 cols; 25537 nonzeros; 1344 integer variables (1344 binary)
Coefficient ranges:
  Matrix  [2e-01, 2e+00]
  Cost    [1e-02, 6e-02]
  Bound   [1e+00, 1e+00]
  RHS     [5e-04, 5e+00]
Presolving model
8064 rows, 8605 cols, 22044 nonzeros 0s
6425 rows, 7296 cols, 17764 nonzeros 0s
4641 rows, 5778 cols, 13130 nonzeros 0s
2729 rows, 3992 cols, 8096 nonzeros 0s
1715 rows, 3122 cols, 5636 nonzeros 0s
1582 rows, 2989 cols, 5370 nonzeros 0s
Presolve reductions: rows 1582(-9171); columns 2989(-6420); nonzeros 5370(-20167) 

Solving MIP model with:
   1582 rows
   2989 cols (200 binary, 0 integer, 0 implied int., 2789 continuous, 0 domain fixed)
   5370 nonzeros

Src: B => Branching; C => Central rounding; F => Feasibility pump; H => Heuristic;
     I => Shifting; J => Feasibility jump; L => Sub-MIP; P => Empty MIP; R => Randomized rounding;
     S => Solve LP; T => Evaluate node; U => Unbounded; X => User solution; Y => HiGHS solution;
     Z => ZI Round; l => Trivial lower; p => Trivial point; u => Trivial upper; z => Trivial zero

        Nodes      |    B&B Tree     |            Objective Bounds              |  Dynamic Constraints |       Work      
Src  Proc. InQueue |  Leaves   Expl. | BestBound       BestSol              Gap |   Cuts   InLp Confl. | LpIters     Time

 J       0       0         0   0.00%   -inf            18.61120271        Large        0      0      0         0     0.4s
 T       0       0         0   0.00%   3.126454017     17.62760192       82.26%        0      0      0       808     0.4s
         1       0         1 100.00%   17.62760192     17.62760192        0.00%        0      0      0       808     0.4s

Solving report
  Status            Optimal
  Primal bound      17.6276019152
  Dual bound        17.6276019152
  Gap               0% (tolerance: 0.5%)
  P-D integral      0.0244300018156
  Solution status   feasible
                    17.6276019152 (objective)
                    0 (bound viol.)
                    0 (int. viol.)
                    0 (row viol.)
  Timing            0.40
  Max sub-MIP depth 0
  Nodes             1
  Repair LPs        0
  LP iterations     808
                    0 (strong br.)
                    0 (separation)
                    0 (heuristics)
MIP has 10753 rows; 9409 cols; 25537 nonzeros; 1344 integer variables (1344 binary)
Coefficient ranges:
  Matrix  [2e-01, 2e+00]
  Cost    [1e-02, 6e-02]
  Bound   [1e+00, 1e+00]
  RHS     [5e-04, 5e+00]
Presolving model
8064 rows, 8586 cols, 22025 nonzeros 0s
6411 rows, 7215 cols, 17681 nonzeros 0s
4618 rows, 5650 cols, 12988 nonzeros 0s
2709 rows, 3851 cols, 7947 nonzeros 0s
2492 rows, 2984 cols, 5640 nonzeros 0s
1340 rows, 2624 cols, 4513 nonzeros 0s
1140 rows, 2356 cols, 4045 nonzeros 0s
Presolve reductions: rows 1140(-9613); columns 2356(-7053); nonzeros 4045(-21492) 

Solving MIP model with:
   1140 rows
   2356 cols (138 binary, 0 integer, 0 implied int., 2218 continuous, 0 domain fixed)
   4045 nonzeros

Src: B => Branching; C => Central rounding; F => Feasibility pump; H => Heuristic;
     I => Shifting; J => Feasibility jump; L => Sub-MIP; P => Empty MIP; R => Randomized rounding;
     S => Solve LP; T => Evaluate node; U => Unbounded; X => User solution; Y => HiGHS solution;
     Z => ZI Round; l => Trivial lower; p => Trivial point; u => Trivial upper; z => Trivial zero

        Nodes      |    B&B Tree     |            Objective Bounds              |  Dynamic Constraints |       Work      
Src  Proc. InQueue |  Leaves   Expl. | BestBound       BestSol              Gap |   Cuts   InLp Confl. | LpIters     Time

 J       0       0         0   0.00%   -inf            16.50223897        Large        0      0      0         0     0.5s
 T       0       0         0   0.00%   3.993622267     15.75273425       74.65%        0      0      0       624     0.5s
         1       0         1 100.00%   15.75273425     15.75273425        0.00%        0      0      0       624     0.5s

Solving report
  Status            Optimal
  Primal bound      15.7527342515
  Dual bound        15.7527342515
  Gap               0% (tolerance: 0.5%)
  P-D integral      0.0150081409169
  Solution status   feasible
                    15.7527342515 (objective)
                    0 (bound viol.)
                    0 (int. viol.)
                    0 (row viol.)
  Timing            0.52
  Max sub-MIP depth 0
  Nodes             1
  Repair LPs        0
  LP iterations     624
                    0 (strong br.)
                    0 (separation)
                    0 (heuristics)
MIP has 10753 rows; 9409 cols; 25537 nonzeros; 1344 integer variables (1344 binary)
Coefficient ranges:
  Matrix  [2e-01, 2e+00]
  Cost    [1e-02, 6e-02]
  Bound   [1e+00, 1e+00]
  RHS     [5e-04, 5e+00]
Presolving model
8064 rows, 8540 cols, 21979 nonzeros 0s
6409 rows, 7141 cols, 17633 nonzeros 0s
4666 rows, 5614 cols, 13063 nonzeros 0s
2783 rows, 3846 cols, 8100 nonzeros 0s
2630 rows, 2950 cols, 5632 nonzeros 0s
1266 rows, 2532 cols, 4293 nonzeros 0s
1061 rows, 2327 cols, 3883 nonzeros 0s
Presolve reductions: rows 1061(-9692); columns 2327(-7082); nonzeros 3883(-21654) 

Solving MIP model with:
   1061 rows
   2327 cols (124 binary, 0 integer, 0 implied int., 2203 continuous, 0 domain fixed)
   3883 nonzeros

Src: B => Branching; C => Central rounding; F => Feasibility pump; H => Heuristic;
     I => Shifting; J => Feasibility jump; L => Sub-MIP; P => Empty MIP; R => Randomized rounding;
     S => Solve LP; T => Evaluate node; U => Unbounded; X => User solution; Y => HiGHS solution;
     Z => ZI Round; l => Trivial lower; p => Trivial point; u => Trivial upper; z => Trivial zero

        Nodes      |    B&B Tree     |            Objective Bounds              |  Dynamic Constraints |       Work      
Src  Proc. InQueue |  Leaves   Expl. | BestBound       BestSol              Gap |   Cuts   InLp Confl. | LpIters     Time

 J       0       0         0   0.00%   -inf            16.55947103        Large        0      0      0         0     0.4s
 T       0       0         0   0.00%   2.582085741     15.81942021       83.68%        0      0      0       615     0.4s
         1       0         1 100.00%   15.81942021     15.81942021        0.00%        0      0      0       615     0.4s

Solving report
  Status            Optimal
  Primal bound      15.8194202109
  Dual bound        15.8194202109
  Gap               0% (tolerance: 0.5%)
  P-D integral      0.0200815223992
  Solution status   feasible
                    15.8194202109 (objective)
                    0 (bound viol.)
                    0 (int. viol.)
                    0 (row viol.)
  Timing            0.41
  Max sub-MIP depth 0
  Nodes             1
  Repair LPs        0
  LP iterations     615
                    0 (strong br.)
                    0 (separation)
                    0 (heuristics)
MIP has 10753 rows; 9409 cols; 25537 nonzeros; 1344 integer variables (1344 binary)
Coefficient ranges:
  Matrix  [2e-01, 2e+00]
  Cost    [1e-02, 6e-02]
  Bound   [1e+00, 1e+00]
  RHS     [1e-04, 5e+00]
Presolving model
8064 rows, 8485 cols, 21924 nonzeros 0s
6403 rows, 7137 cols, 17595 nonzeros 0s
4601 rows, 5569 cols, 12906 nonzeros 0s
2695 rows, 3760 cols, 7874 nonzeros 0s
2484 rows, 2950 cols, 5721 nonzeros 0s
1412 rows, 2575 cols, 4648 nonzeros 0s
1195 rows, 2220 cols, 4077 nonzeros 0s
Presolve reductions: rows 1195(-9558); columns 2220(-7189); nonzeros 4077(-21460) 

Solving MIP model with:
   1195 rows
   2220 cols (166 binary, 0 integer, 0 implied int., 2054 continuous, 0 domain fixed)
   4077 nonzeros

Src: B => Branching; C => Central rounding; F => Feasibility pump; H => Heuristic;
     I => Shifting; J => Feasibility jump; L => Sub-MIP; P => Empty MIP; R => Randomized rounding;
     S => Solve LP; T => Evaluate node; U => Unbounded; X => User solution; Y => HiGHS solution;
     Z => ZI Round; l => Trivial lower; p => Trivial point; u => Trivial upper; z => Trivial zero

        Nodes      |    B&B Tree     |            Objective Bounds              |  Dynamic Constraints |       Work      
Src  Proc. InQueue |  Leaves   Expl. | BestBound       BestSol              Gap |   Cuts   InLp Confl. | LpIters     Time

 J       0       0         0   0.00%   -inf            17.17972514        Large        0      0      0         0     0.4s
 T       0       0         0   0.00%   6.530589376     16.54001323       60.52%        0      0      0       549     0.5s
         1       0         1 100.00%   16.54001323     16.54001323        0.00%        0      0      0       549     0.5s

Solving report
  Status            Optimal
  Primal bound      16.5400132268
  Dual bound        16.5400132268
  Gap               0% (tolerance: 0.5%)
  P-D integral      0.0133607217911
  Solution status   feasible
                    16.5400132268 (objective)
                    0 (bound viol.)
                    0 (int. viol.)
                    0 (row viol.)
  Timing            0.46
  Max sub-MIP depth 0
  Nodes             1
  Repair LPs        0
  LP iterations     549
                    0 (strong br.)
                    0 (separation)
                    0 (heuristics)
MIP has 10753 rows; 9409 cols; 25537 nonzeros; 1344 integer variables (1344 binary)
Coefficient ranges:
  Matrix  [2e-01, 2e+00]
  Cost    [1e-02, 6e-02]
  Bound   [1e+00, 1e+00]
  RHS     [1e-04, 5e+00]
Presolving model
8064 rows, 8504 cols, 21943 nonzeros 0s
6426 rows, 7181 cols, 17662 nonzeros 0s
4670 rows, 5693 cols, 13090 nonzeros 0s
2756 rows, 3926 cols, 8081 nonzeros 0s
2571 rows, 2999 cols, 5499 nonzeros 0s
1215 rows, 2623 cols, 4257 nonzeros 0s
979 rows, 2386 cols, 3784 nonzeros 0s
Presolve reductions: rows 979(-9774); columns 2386(-7023); nonzeros 3784(-21753) 

Solving MIP model with:
   979 rows
   2386 cols (105 binary, 0 integer, 0 implied int., 2281 continuous, 0 domain fixed)
   3784 nonzeros

Src: B => Branching; C => Central rounding; F => Feasibility pump; H => Heuristic;
     I => Shifting; J => Feasibility jump; L => Sub-MIP; P => Empty MIP; R => Randomized rounding;
     S => Solve LP; T => Evaluate node; U => Unbounded; X => User solution; Y => HiGHS solution;
     Z => ZI Round; l => Trivial lower; p => Trivial point; u => Trivial upper; z => Trivial zero

        Nodes      |    B&B Tree     |            Objective Bounds              |  Dynamic Constraints |       Work      
Src  Proc. InQueue |  Leaves   Expl. | BestBound       BestSol              Gap |   Cuts   InLp Confl. | LpIters     Time

 J       0       0         0   0.00%   -inf            25.79092797        Large        0      0      0         0     0.4s
 T       0       0         0   0.00%   4.602426416     25.20407288       81.74%        0      0      0       459     0.4s
         1       0         1 100.00%   25.20407288     25.20407288        0.00%        0      0      0       459     0.4s

Solving report
  Status            Optimal
  Primal bound      25.2040728796
  Dual bound        25.2040728796
  Gap               0% (tolerance: 0.5%)
  P-D integral      0.0181346732149
  Solution status   feasible
                    25.2040728796 (objective)
                    0 (bound viol.)
                    0 (int. viol.)
                    0 (row viol.)
  Timing            0.45
  Max sub-MIP depth 0
  Nodes             1
  Repair LPs        0
  LP iterations     459
                    0 (strong br.)
                    0 (separation)
                    0 (heuristics)
MIP has 10753 rows; 9409 cols; 25537 nonzeros; 1344 integer variables (1344 binary)
Coefficient ranges:
  Matrix  [2e-01, 2e+00]
  Cost    [1e-02, 6e-02]
  Bound   [1e+00, 1e+00]
  RHS     [5e-04, 5e+00]
Presolving model
8064 rows, 8562 cols, 22001 nonzeros 0s
6437 rows, 7261 cols, 17745 nonzeros 0s
4689 rows, 5782 cols, 13186 nonzeros 0s
2805 rows, 4060 cols, 8244 nonzeros 0s
2634 rows, 3046 cols, 5385 nonzeros 0s
1081 rows, 2568 cols, 3912 nonzeros 0s
823 rows, 2209 cols, 3295 nonzeros 0s
722 rows, 1774 cols, 2759 nonzeros 0s
671 rows, 1602 cols, 2536 nonzeros 0s
Presolve reductions: rows 671(-10082); columns 1602(-7807); nonzeros 2536(-23001) 

Solving MIP model with:
   671 rows
   1602 cols (66 binary, 0 integer, 0 implied int., 1536 continuous, 0 domain fixed)
   2536 nonzeros

Src: B => Branching; C => Central rounding; F => Feasibility pump; H => Heuristic;
     I => Shifting; J => Feasibility jump; L => Sub-MIP; P => Empty MIP; R => Randomized rounding;
     S => Solve LP; T => Evaluate node; U => Unbounded; X => User solution; Y => HiGHS solution;
     Z => ZI Round; l => Trivial lower; p => Trivial point; u => Trivial upper; z => Trivial zero

        Nodes      |    B&B Tree     |            Objective Bounds              |  Dynamic Constraints |       Work      
Src  Proc. InQueue |  Leaves   Expl. | BestBound       BestSol              Gap |   Cuts   InLp Confl. | LpIters     Time

 J       0       0         0   0.00%   -inf            28.43679954        Large        0      0      0         0     0.5s
 T       0       0         0   0.00%   15.97829299     28.18824929       43.32%        0      0      0       354     0.5s
         1       0         1 100.00%   28.18824929     28.18824929        0.00%        0      0      0       354     0.5s

Solving report
  Status            Optimal
  Primal bound      28.1882492883
  Dual bound        28.1882492883
  Gap               0% (tolerance: 0.5%)
  P-D integral      0.00530966969048
  Solution status   feasible
                    28.1882492883 (objective)
                    0 (bound viol.)
                    0 (int. viol.)
                    0 (row viol.)
  Timing            0.47
  Max sub-MIP depth 0
  Nodes             1
  Repair LPs        0
  LP iterations     354
                    0 (strong br.)
                    0 (separation)
                    0 (heuristics)
MIP has 10754 rows; 9409 cols; 25538 nonzeros; 1344 integer variables (1344 binary)
Coefficient ranges:
  Matrix  [2e-01, 2e+00]
  Cost    [1e-02, 6e-02]
  Bound   [1e+00, 1e+00]
  RHS     [5e-04, 5e+00]
Presolving model
8064 rows, 8561 cols, 22000 nonzeros 0s
6438 rows, 7262 cols, 17743 nonzeros 0s
4689 rows, 5782 cols, 13186 nonzeros 0s
2820 rows, 4075 cols, 8278 nonzeros 0s
2639 rows, 3029 cols, 5329 nonzeros 0s
1053 rows, 2551 cols, 3839 nonzeros 0s
787 rows, 2203 cols, 3225 nonzeros 0s
675 rows, 1797 cols, 2707 nonzeros 0s
478 rows, 1005 cols, 1718 nonzeros 0s
420 rows, 754 cols, 1409 nonzeros 0s
400 rows, 734 cols, 1369 nonzeros 0s
Presolve reductions: rows 400(-10354); columns 734(-8675); nonzeros 1369(-24169) 

Solving MIP model with:
   400 rows
   734 cols (59 binary, 0 integer, 0 implied int., 675 continuous, 0 domain fixed)
   1369 nonzeros

Src: B => Branching; C => Central rounding; F => Feasibility pump; H => Heuristic;
     I => Shifting; J => Feasibility jump; L => Sub-MIP; P => Empty MIP; R => Randomized rounding;
     S => Solve LP; T => Evaluate node; U => Unbounded; X => User solution; Y => HiGHS solution;
     Z => ZI Round; l => Trivial lower; p => Trivial point; u => Trivial upper; z => Trivial zero

        Nodes      |    B&B Tree     |            Objective Bounds              |  Dynamic Constraints |       Work      
Src  Proc. InQueue |  Leaves   Expl. | BestBound       BestSol              Gap |   Cuts   InLp Confl. | LpIters     Time

         0       0         0   0.00%   25.98543113     inf                  inf        0      0      0         0     0.5s
 T       0       0         0   0.00%   25.98543113     29.48347466       11.86%        0      0      0       170     0.5s
         1       0         1 100.00%   29.48347466     29.48347466        0.00%        0      0      0       170     0.5s

Solving report
  Status            Optimal
  Primal bound      29.4834746582
  Dual bound        29.4834746582
  Gap               0% (tolerance: 0.5%)
  P-D integral      6.73899059085e-06
  Solution status   feasible
                    29.4834746582 (objective)
                    0 (bound viol.)
                    0 (int. viol.)
                    0 (row viol.)
  Timing            0.51
  Max sub-MIP depth 0
  Nodes             1
  Repair LPs        0
  LP iterations     170
                    0 (strong br.)
                    0 (separation)
                    0 (heuristics)
