MIP has 10753 rows; 9409 cols; 25537 nonzeros; 1344 integer variables (1344 binary)
Coefficient ranges:
  Matrix  [2e-01, 1e+00]
  Cost    [1e-02, 6e-02]
  Bound   [1e+00, 1e+00]
  RHS     [2e-04, 2e+00]
Presolving model
8064 rows, 8598 cols, 22037 nonzeros 0s
6410 rows, 7277 cols, 17726 nonzeros 0s
4632 rows, 5764 cols, 13099 nonzeros 0s
2695 rows, 3956 cols, 8018 nonzeros 0s
1785 rows, 3168 cols, 5832 nonzeros 0s
1647 rows, 3030 cols, 5556 nonzeros 0s
Presolve reductions: rows 1647(-9106); columns 3030(-6379); nonzeros 5556(-19981) 

Solving MIP model with:
   1647 rows
   3030 cols (220 binary, 0 integer, 0 implied int., 2810 continuous, 0 domain fixed)
   5556 nonzeros

Src: B => Branching; C => Central rounding; F => Feasibility pump; H => Heuristic;
     I => Shifting; J => Feasibility jump; L => Sub-MIP; P => Empty MIP; R => Randomized rounding;
     S => Solve LP; T => Evaluate node; U => Unbounded; X => User solution; Y => HiGHS solution;
     Z => ZI Round; l => Trivial lower; p => Trivial point; u => Trivial upper; z => Trivial zero

        Nodes      |    B&B Tree     |            Objective Bounds              |  Dynamic Constraints |       Work      
Src  Proc. InQueue |  Leaves   Expl. | BestBound       BestSol              Gap |   Cuts   InLp Confl. | LpIters     Time

 J       0       0         0   0.00%   -inf            6.814430178        Large        0      0      0         0     0.6s
 T       0       0         0   0.00%   -0.3330944143   5.891385219      105.65%        0      0      0       805     0.6s
         1       0         1 100.00%   5.891385219     5.891385219        0.00%        0      0      0       805     0.6s

Solving report
  Status            Optimal
  Primal bound      5.89138521948
  Dual bound        5.89138521948
  Gap               0% (tolerance: 0.5%)
  P-D integral      0.0324435835507
  Solution status   feasible
                    5.89138521948 (objective)
                    0 (bound viol.)
                    0 (int. viol.)
                    0 (row viol.)
  Timing            0.59
  Max sub-MIP depth 0
  Nodes             1
  Repair LPs        0
  LP iterations     805
                    0 (strong br.)
                    0 (separation)
                    0 (heuristics)
MIP has 10753 rows; 9409 cols; 25537 nonzeros; 1344 integer variables (1344 binary)
Coefficient ranges:
  Matrix  [2e-01, 1e+00]
  Cost    [1e-02, 6e-02]
  Bound   [1e+00, 1e+00]
  RHS     [2e-04, 2e+00]
Presolving model
8064 rows, 8601 cols, 22040 nonzeros 0s
6422 rows, 7293 cols, 17754 nonzeros 0s
4638 rows, 5776 cols, 13117 nonzeros 0s
2731 rows, 4002 cols, 8100 nonzeros 0s
1626 rows, 3021 cols, 5382 nonzeros 0s
1475 rows, 2863 cols, 5073 nonzeros 0s
Presolve reductions: rows 1475(-9278); columns 2863(-6546); nonzeros 5073(-20464) 

Solving MIP model with:
   1475 rows
   2863 cols (184 binary, 0 integer, 0 implied int., 2679 continuous, 0 domain fixed)
   5073 nonzeros

Src: B => Branching; C => Central rounding; F => Feasibility pump; H => Heuristic;
     I => Shifting; J => Feasibility jump; L => Sub-MIP; P => Empty MIP; R => Randomized rounding;
     S => Solve LP; T => Evaluate node; U => Unbounded; X => User solution; Y => HiGHS solution;
     Z => ZI Round; l => Trivial lower; p => Trivial point; u => Trivial upper; z => Trivial zero

        Nodes      |    B&B Tree     |            Objective Bounds              |  Dynamic Constraints |       Work      
Src  Proc. InQueue |  Leaves   Expl. | BestBound       BestSol              Gap |   Cuts   InLp Confl. | LpIters     Time

 J       0       0         0   0.00%   -inf            7.721671425        Large        0      0      0         0     0.5s
 T       0       0         0   0.00%   -0.2115739641   6.896537249      103.07%        0      0      0       769     0.5s
         1       0         1 100.00%   6.896537249     6.896537249        0.00%        0      0      0       769     0.5s

Solving report
  Status            Optimal
  Primal bound      6.89653724881
  Dual bound        6.89653724881
  Gap               0% (tolerance: 0.5%)
  P-D integral      0.0309119198491
  Solution status   feasible
                    6.89653724881 (objective)
                    0 (bound viol.)
                    0 (int. viol.)
                    0 (row viol.)
  Timing            0.49
  Max sub-MIP depth 0
  Nodes             1
  Repair LPs        0
  LP iterations     769
                    0 (strong br.)
                    0 (separation)
                    0 (heuristics)
MIP has 10753 rows; 9409 cols; 25537 nonzeros; 1344 integer variables (1344 binary)
Coefficient ranges:
  Matrix  [2e-01, 1e+00]
  Cost    [1e-02, 6e-02]
  Bound   [1e+00, 1e+00]
  RHS     [1e-04, 2e+00]
Presolving model
8064 rows, 8609 cols, 22048 nonzeros 0s
6414 rows, 7292 cols, 17741 nonzeros 0s
4617 rows, 5760 cols, 13061 nonzeros 0s
2674 rows, 3944 cols, 7961 nonzeros 0s
1702 rows, 3031 cols, 5554 nonzeros 0s
1550 rows, 2771 cols, 5142 nonzeros 0s
Presolve reductions: rows 1550(-9203); columns 2771(-6638); nonzeros 5142(-20395) 

Solving MIP model with:
   1550 rows
   2771 cols (206 binary, 0 integer, 0 implied int., 2565 continuous, 0 domain fixed)
   5142 nonzeros

Src: B => Branching; C => Central rounding; F => Feasibility pump; H => Heuristic;
     I => Shifting; J => Feasibility jump; L => Sub-MIP; P => Empty MIP; R => Randomized rounding;
     S => Solve LP; T => Evaluate node; U => Unbounded; X => User solution; Y => HiGHS solution;
     Z => ZI Round; l => Trivial lower; p => Trivial point; u => Trivial upper; z => Trivial zero

        Nodes      |    B&B Tree     |            Objective Bounds              |  Dynamic Constraints |       Work      
Src  Proc. InQueue |  Leaves   Expl. | BestBound       BestSol              Gap |   Cuts   InLp Confl. | LpIters     Time

 J       0       0         0   0.00%   -inf            7.52325687         Large        0      0      0         0     0.5s
 T       0       0         0   0.00%   0.815995314     6.56795033        87.58%        0      0      0       723     0.5s
         1       0         1 100.00%   6.56795033      6.56795033         0.00%        0      0      0       723     0.5s

Solving report
  Status            Optimal
  Primal bound      6.56795033004
  Dual bound        6.56795033004
  Gap               0% (tolerance: 0.5%)
  P-D integral      0.0242024191702
  Solution status   feasible
                    6.56795033004 (objective)
                    0 (bound viol.)
                    0 (int. viol.)
                    0 (row viol.)
  Timing            0.49
  Max sub-MIP depth 0
  Nodes             1
  Repair LPs        0
  LP iterations     723
                    0 (strong br.)
                    0 (separation)
                    0 (heuristics)
MIP has 10753 rows; 9409 cols; 25537 nonzeros; 1344 integer variables (1344 binary)
Coefficient ranges:
  Matrix  [2e-01, 1e+00]
  Cost    [1e-02, 6e-02]
  Bound   [1e+00, 1e+00]
  RHS     [1e-04, 2e+00]
Presolving model
8064 rows, 8617 cols, 22056 nonzeros 0s
6413 rows, 7300 cols, 17748 nonzeros 0s
4594 rows, 5744 cols, 13017 nonzeros 0s
2653 rows, 3910 cols, 7910 nonzeros 0s
1868 rows, 3166 cols, 5995 nonzeros 0s
1731 rows, 2895 cols, 5587 nonzeros 0s
Presolve reductions: rows 1731(-9022); columns 2895(-6514); nonzeros 5587(-19950) 

Solving MIP model with:
   1731 rows
   2895 cols (241 binary, 0 integer, 0 implied int., 2654 continuous, 0 domain fixed)
   5587 nonzeros

Src: B => Branching; C => Central rounding; F => Feasibility pump; H => Heuristic;
     I => Shifting; J => Feasibility jump; L => Sub-MIP; P => Empty MIP; R => Randomized rounding;
     S => Solve LP; T => Evaluate node; U => Unbounded; X => User solution; Y => HiGHS solution;
     Z => ZI Round; l => Trivial lower; p => Trivial point; u => Trivial upper; z => Trivial zero

        Nodes      |    B&B Tree     |            Objective Bounds              |  Dynamic Constraints |       Work      
Src  Proc. InQueue |  Leaves   Expl. | BestBound       BestSol              Gap |   Cuts   InLp Confl. | LpIters     Time

 J       0       0         0   0.00%   -inf            6.802095928        Large        0      0      0         0     0.4s
 T       0       0         0   0.00%   0.5833220668    5.46995208        89.34%        0      0      0       812     0.5s
         1       0         1 100.00%   5.46995208      5.46995208         0.00%        0      0      0       812     0.5s

Solving report
  Status            Optimal
  Primal bound      5.46995207965
  Dual bound        5.46995207965
  Gap               0% (tolerance: 0.5%)
  P-D integral      0.0270912213887
  Solution status   feasible
                    5.46995207965 (objective)
                    0 (bound viol.)
                    0 (int. viol.)
                    0 (row viol.)
  Timing            0.48
  Max sub-MIP depth 0
  Nodes             1
  Repair LPs        0
  LP iterations     812
                    0 (strong br.)
                    0 (separation)
                    0 (heuristics)
MIP has 10753 rows; 9409 cols; 25537 nonzeros; 1344 integer variables (1344 binary)
Coefficient ranges:
  Matrix  [2e-01, 1e+00]
  Cost    [1e-02, 6e-02]
  Bound   [1e+00, 1e+00]
  RHS     [3e-04, 2e+00]
Presolving model
8064 rows, 8611 cols, 22050 nonzeros 0s
6392 rows, 7273 cols, 17700 nonzeros 0s
4569 rows, 5704 cols, 12952 nonzeros 0s
2620 rows, 3853 cols, 7816 nonzeros 0s
1901 rows, 3192 cols, 6102 nonzeros 0s
1783 rows, 2940 cols, 5732 nonzeros 0s
Presolve reductions: rows 1783(-8970); columns 2940(-6469); nonzeros 5732(-19805) 

Solving MIP model with:
   1783 rows
   2940 cols (253 binary, 0 integer, 0 implied int., 2687 continuous, 0 domain fixed)
   5732 nonzeros

Src: B => Branching; C => Central rounding; F => Feasibility pump; H => Heuristic;
     I => Shifting; J => Feasibility jump; L => Sub-MIP; P => Empty MIP; R => Randomized rounding;
     S => Solve LP; T => Evaluate node; U => Unbounded; X => User solution; Y => HiGHS solution;
     Z => ZI Round; l => Trivial lower; p => Trivial point; u => Trivial upper; z => Trivial zero

        Nodes      |    B&B Tree     |            Objective Bounds              |  Dynamic Constraints |       Work      
Src  Proc. InQueue |  Leaves   Expl. | BestBound       BestSol              Gap |   Cuts   InLp Confl. | LpIters     Time

 J       0       0         0   0.00%   -inf            6.451348379        Large        0      0      0         0     0.5s
 T       0       0         0   0.00%   0.4538128466    4.679784028       90.30%        0      0      0       769     0.5s
         1       0         1 100.00%   4.679784028     4.679784028        0.00%        0      0      0       769     0.5s

Solving report
  Status            Optimal
  Primal bound      4.6797840279
  Dual bound        4.6797840279
  Gap               0% (tolerance: 0.5%)
  P-D integral      0.0298915838197
  Solution status   feasible
                    4.6797840279 (objective)
                    0 (bound viol.)
                    0 (int. viol.)
                    0 (row viol.)
  Timing            0.50
  Max sub-MIP depth 0
  Nodes             1
  Repair LPs        0
  LP iterations     769
                    0 (strong br.)
                    0 (separation)
                    0 (heuristics)
MIP has 10753 rows; 9409 cols; 25537 nonzeros; 1344 integer variables (1344 binary)
Coefficient ranges:
  Matrix  [2e-01, 1e+00]
  Cost    [1e-02, 6e-02]
  Bound   [1e+00, 1e+00]
  RHS     [3e-04, 2e+00]
Presolving model
8064 rows, 8635 cols, 22074 nonzeros 0s
6401 rows, 7306 cols, 17746 nonzeros 0s
4594 rows, 5757 cols, 13054 nonzeros 0s
2630 rows, 3890 cols, 7887 nonzeros 0s
2135 rows, 3321 cols, 6691 nonzeros 0s
2121 rows, 3307 cols, 6663 nonzeros 0s
Presolve reductions: rows 2121(-8632); columns 3307(-6102); nonzeros 6663(-18874) 

Solving MIP model with:
   2121 rows
   3307 cols (309 binary, 0 integer, 0 implied int., 2998 continuous, 0 domain fixed)
   6663 nonzeros

Src: B => Branching; C => Central rounding; F => Feasibility pump; H => Heuristic;
     I => Shifting; J => Feasibility jump; L => Sub-MIP; P => Empty MIP; R => Randomized rounding;
     S => Solve LP; T => Evaluate node; U => Unbounded; X => User solution; Y => HiGHS solution;
     Z => ZI Round; l => Trivial lower; p => Trivial point; u => Trivial upper; z => Trivial zero

        Nodes      |    B&B Tree     |            Objective Bounds              |  Dynamic Constraints |       Work      
Src  Proc. InQueue |  Leaves   Expl. | BestBound       BestSol              Gap |   Cuts   InLp Confl. | LpIters     Time

 J       0       0         0   0.00%   -inf            5.901592013        Large        0      0      0         0     0.4s
 T       0       0         0   0.00%   -0.2396473915   3.492180082      106.86%        0      0      0       949     0.4s
         1       0         1 100.00%   3.492180082     3.492180082        0.00%        0      0      0       949     0.4s

Solving report
  Status            Optimal
  Primal bound      3.49218008167
  Dual bound        3.49218008167
  Gap               0% (tolerance: 0.5%)
  P-D integral      0.0369824446871
  Solution status   feasible
                    3.49218008167 (objective)
                    0 (bound viol.)
                    0 (int. viol.)
                    0 (row viol.)
  Timing            0.42
  Max sub-MIP depth 0
  Nodes             1
  Repair LPs        0
  LP iterations     949
                    0 (strong br.)
                    0 (separation)
                    0 (heuristics)
MIP has 10753 rows; 9409 cols; 25537 nonzeros; 1344 integer variables (1344 binary)
Coefficient ranges:
  Matrix  [2e-01, 1e+00]
  Cost    [1e-02, 6e-02]
  Bound   [1e+00, 1e+00]
  RHS     [2e-04, 2e+00]
Presolving model
8064 rows, 8674 cols, 22113 nonzeros 0s
6396 rows, 7340 cols, 17775 nonzeros 0s
4587 rows, 5781 cols, 13071 nonzeros 0s
2632 rows, 3894 cols, 7893 nonzeros 0s
2364 rows, 3626 cols, 7357 nonzeros 0s
Presolve reductions: rows 2364(-8389); columns 3626(-5783); nonzeros 7357(-18180) 

Solving MIP model with:
   2364 rows
   3626 cols (342 binary, 0 integer, 0 implied int., 3284 continuous, 0 domain fixed)
   7357 nonzeros

Src: B => Branching; C => Central rounding; F => Feasibility pump; H => Heuristic;
     I => Shifting; J => Feasibility jump; L => Sub-MIP; P => Empty MIP; R => Randomized rounding;
     S => Solve LP; T => Evaluate node; U => Unbounded; X => User solution; Y => HiGHS solution;
     Z => ZI Round; l => Trivial lower; p => Trivial point; u => Trivial upper; z => Trivial zero

        Nodes      |    B&B Tree     |            Objective Bounds              |  Dynamic Constraints |       Work      
Src  Proc. InQueue |  Leaves   Expl. | BestBound       BestSol              Gap |   Cuts   InLp Confl. | LpIters     Time

 J       0       0         0   0.00%   -inf            6.233235625        Large        0      0      0         0     0.3s
         0       0         0   0.00%   3.603239502     6.233235625       42.19%        0      0      2      1060     0.4s
 C       0       0         0   0.00%   3.613496244     3.613496244        0.00%        0      0      2      1065     0.5s
         1       0         1 100.00%   3.613496244     3.613496244        0.00%        0      0      2      1065     0.5s

Solving report
  Status            Optimal
  Primal bound      3.61349624418
  Dual bound        3.61349624418
  Gap               0% (tolerance: 0.5%)
  P-D integral      0.0760421690425
  Solution status   feasible
                    3.61349624418 (objective)
                    0 (bound viol.)
                    0 (int. viol.)
                    0 (row viol.)
  Timing            0.46
  Max sub-MIP depth 0
  Nodes             1
  Repair LPs        0
  LP iterations     1065
                    0 (strong br.)
                    5 (separation)
                    0 (heuristics)
MIP has 10753 rows; 9409 cols; 25537 nonzeros; 1344 integer variables (1344 binary)
Coefficient ranges:
  Matrix  [2e-01, 1e+00]
  Cost    [1e-02, 6e-02]
  Bound   [1e+00, 1e+00]
  RHS     [2e-04, 2e+00]
Presolving model
8064 rows, 8692 cols, 22131 nonzeros 0s
6386 rows, 7348 cols, 17769 nonzeros 0s
4580 rows, 5782 cols, 13049 nonzeros 0s
2719 rows, 3992 cols, 8148 nonzeros 0s
2466 rows, 3739 cols, 7642 nonzeros 0s
Presolve reductions: rows 2466(-8287); columns 3739(-5670); nonzeros 7642(-17895) 

Solving MIP model with:
   2466 rows
   3739 cols (360 binary, 0 integer, 0 implied int., 3379 continuous, 0 domain fixed)
   7642 nonzeros

Src: B => Branching; C => Central rounding; F => Feasibility pump; H => Heuristic;
     I => Shifting; J => Feasibility jump; L => Sub-MIP; P => Empty MIP; R => Randomized rounding;
     S => Solve LP; T => Evaluate node; U => Unbounded; X => User solution; Y => HiGHS solution;
     Z => ZI Round; l => Trivial lower; p => Trivial point; u => Trivial upper; z => Trivial zero

        Nodes      |    B&B Tree     |            Objective Bounds              |  Dynamic Constraints |       Work      
Src  Proc. InQueue |  Leaves   Expl. | BestBound       BestSol              Gap |   Cuts   InLp Confl. | LpIters     Time

 J       0       0         0   0.00%   -inf            5.664182361        Large        0      0      0         0     0.5s
 T       0       0         0   0.00%   -0.9097564508   2.903478611      131.33%        0      0      0      1067     0.5s
         1       0         1 100.00%   2.903478611     2.903478611        0.00%        0      0      0      1067     0.5s

Solving report
  Status            Optimal
  Primal bound      2.90347861123
  Dual bound        2.90347861123
  Gap               0% (tolerance: 0.5%)
  P-D integral      0.0506542773124
  Solution status   feasible
                    2.90347861123 (objective)
                    0 (bound viol.)
                    0 (int. viol.)
                    0 (row viol.)
  Timing            0.51
  Max sub-MIP depth 0
  Nodes             1
  Repair LPs        0
  LP iterations     1067
                    0 (strong br.)
                    0 (separation)
                    0 (heuristics)
MIP has 10753 rows; 9409 cols; 25537 nonzeros; 1344 integer variables (1344 binary)
Coefficient ranges:
  Matrix  [2e-01, 1e+00]
  Cost    [1e-02, 6e-02]
  Bound   [1e+00, 1e+00]
  RHS     [4e-05, 2e+00]
WARNING: Problem has some excessively small row bounds
Presolving model
8064 rows, 8707 cols, 22146 nonzeros 0s
6394 rows, 7371 cols, 17804 nonzeros 0s
4586 rows, 5809 cols, 13098 nonzeros 0s
2858 rows, 4123 cols, 8520 nonzeros 0s
2609 rows, 3874 cols, 8022 nonzeros 0s
Presolve reductions: rows 2609(-8144); columns 3874(-5535); nonzeros 8022(-17515) 

Solving MIP model with:
   2609 rows
   3874 cols (385 binary, 0 integer, 0 implied int., 3489 continuous, 0 domain fixed)
   8022 nonzeros

Src: B => Branching; C => Central rounding; F => Feasibility pump; H => Heuristic;
     I => Shifting; J => Feasibility jump; L => Sub-MIP; P => Empty MIP; R => Randomized rounding;
     S => Solve LP; T => Evaluate node; U => Unbounded; X => User solution; Y => HiGHS solution;
     Z => ZI Round; l => Trivial lower; p => Trivial point; u => Trivial upper; z => Trivial zero

        Nodes      |    B&B Tree     |            Objective Bounds              |  Dynamic Constraints |       Work      
Src  Proc. InQueue |  Leaves   Expl. | BestBound       BestSol              Gap |   Cuts   InLp Confl. | LpIters     Time

 J       0       0         0   0.00%   -inf            4.354241675        Large        0      0      0         0     0.4s
 T       0       0         0   0.00%   -1.196680593    1.323830824      190.40%        0      0      0      1112     0.4s
         1       0         1 100.00%   1.323830824     1.323830824        0.00%        0      0      0      1112     0.4s

Solving report
  Status            Optimal
  Primal bound      1.32383082446
  Dual bound        1.32383082446
  Gap               0% (tolerance: 0.5%)
  P-D integral      0.056966586666
  Solution status   feasible
                    1.32383082446 (objective)
                    0 (bound viol.)
                    0 (int. viol.)
                    0 (row viol.)
  Timing            0.43
  Max sub-MIP depth 0
  Nodes             1
  Repair LPs        0
  LP iterations     1112
                    0 (strong br.)
                    0 (separation)
                    0 (heuristics)
MIP has 10753 rows; 9409 cols; 25537 nonzeros; 1344 integer variables (1344 binary)
Coefficient ranges:
  Matrix  [2e-01, 1e+00]
  Cost    [1e-02, 6e-02]
  Bound   [1e+00, 1e+00]
  RHS     [4e-05, 2e+00]
WARNING: Problem has some excessively small row bounds
Presolving model
8064 rows, 8724 cols, 22163 nonzeros 0s
6395 rows, 7389 cols, 17823 nonzeros 0s
4591 rows, 5832 cols, 13126 nonzeros 0s
2932 rows, 4197 cols, 8732 nonzeros 0s
2679 rows, 3944 cols, 8226 nonzeros 0s
Presolve reductions: rows 2679(-8074); columns 3944(-5465); nonzeros 8226(-17311) 

Solving MIP model with:
   2679 rows
   3944 cols (401 binary, 0 integer, 0 implied int., 3543 continuous, 0 domain fixed)
   8226 nonzeros

Src: B => Branching; C => Central rounding; F => Feasibility pump; H => Heuristic;
     I => Shifting; J => Feasibility jump; L => Sub-MIP; P => Empty MIP; R => Randomized rounding;
     S => Solve LP; T => Evaluate node; U => Unbounded; X => User solution; Y => HiGHS solution;
     Z => ZI Round; l => Trivial lower; p => Trivial point; u => Trivial upper; z => Trivial zero

        Nodes      |    B&B Tree     |            Objective Bounds              |  Dynamic Constraints |       Work      
Src  Proc. InQueue |  Leaves   Expl. | BestBound       BestSol              Gap |   Cuts   InLp Confl. | LpIters     Time

 J       0       0         0   0.00%   -inf            3.81632875         Large        0      0      0         0     0.4s
 T       0       0         0   0.00%   -1.639710939    0.2034785464     905.84%        0      0      0      1120     0.5s
         1       0         1 100.00%   0.2034785464    0.2034785464       0.00%        0      0      0      1120     0.5s

Solving report
  Status            Optimal
  Primal bound      0.203478546397
  Dual bound        0.203478546397
  Gap               0% (tolerance: 0.5%)
  P-D integral      0.0711945023914
  Solution status   feasible
                    0.203478546397 (objective)
                    0 (bound viol.)
                    0 (int. viol.)
                    0 (row viol.)
  Timing            0.46
  Max sub-MIP depth 0
  Nodes             1
  Repair LPs        0
  LP iterations     1120
                    0 (strong br.)
                    0 (separation)
                    0 (heuristics)
MIP has 10753 rows; 9409 cols; 25537 nonzeros; 1344 integer variables (1344 binary)
Coefficient ranges:
  Matrix  [2e-01, 1e+00]
  Cost    [1e-02, 6e-02]
  Bound   [1e+00, 1e+00]
  RHS     [5e-05, 2e+00]
WARNING: Problem has some excessively small row bounds
Presolving model
8064 rows, 8744 cols, 22183 nonzeros 0s
6411 rows, 7424 cols, 17874 nonzeros 0s
4621 rows, 5888 cols, 13212 nonzeros 0s
2881 rows, 4212 cols, 8628 nonzeros 0s
2626 rows, 3956 cols, 8117 nonzeros 0s
Presolve reductions: rows 2626(-8127); columns 3956(-5453); nonzeros 8117(-17420) 

Solving MIP model with:
   2626 rows
   3956 cols (384 binary, 0 integer, 0 implied int., 3572 continuous, 0 domain fixed)
   8117 nonzeros

Src: B => Branching; C => Central rounding; F => Feasibility pump; H => Heuristic;
     I => Shifting; J => Feasibility jump; L => Sub-MIP; P => Empty MIP; R => Randomized rounding;
     S => Solve LP; T => Evaluate node; U => Unbounded; X => User solution; Y => HiGHS solution;
     Z => ZI Round; l => Trivial lower; p => Trivial point; u => Trivial upper; z => Trivial zero

        Nodes      |    B&B Tree     |            Objective Bounds              |  Dynamic Constraints |       Work      
Src  Proc. InQueue |  Leaves   Expl. | BestBound       BestSol              Gap |   Cuts   InLp Confl. | LpIters     Time

 J       0       0         0   0.00%   -inf            4.416142041        Large        0      0      0         0     0.5s
 T       0       0         0   0.00%   -2.022215633    0.1037217845    2049.65%        0      0      0      1162     0.5s
         1       0         1 100.00%   0.1037217845    0.1037217845       0.00%        0      0      0      1162     0.5s

Solving report
  Status            Optimal
  Primal bound      0.103721784464
  Dual bound        0.103721784464
  Gap               0% (tolerance: 0.5%)
  P-D integral      0.08012203266
  Solution status   feasible
                    0.103721784464 (objective)
                    0 (bound viol.)
                    0 (int. viol.)
                    0 (row viol.)
  Timing            0.51
  Max sub-MIP depth 0
  Nodes             1
  Repair LPs        0
  LP iterations     1162
                    0 (strong br.)
                    0 (separation)
                    0 (heuristics)
MIP has 10753 rows; 9409 cols; 25537 nonzeros; 1344 integer variables (1344 binary)
Coefficient ranges:
  Matrix  [2e-01, 1e+00]
  Cost    [1e-02, 6e-02]
  Bound   [1e+00, 1e+00]
  RHS     [2e-04, 2e+00]
Presolving model
8064 rows, 8764 cols, 22203 nonzeros 0s
6411 rows, 7444 cols, 17890 nonzeros 0s
4617 rows, 5898 cols, 13218 nonzeros 0s
2942 rows, 4274 cols, 8779 nonzeros 0s
2697 rows, 4029 cols, 8289 nonzeros 0s
Presolve reductions: rows 2697(-8056); columns 4029(-5380); nonzeros 8289(-17248) 

Solving MIP model with:
   2697 rows
   4029 cols (391 binary, 0 integer, 0 implied int., 3638 continuous, 0 domain fixed)
   8289 nonzeros

Src: B => Branching; C => Central rounding; F => Feasibility pump; H => Heuristic;
     I => Shifting; J => Feasibility jump; L => Sub-MIP; P => Empty MIP; R => Randomized rounding;
     S => Solve LP; T => Evaluate node; U => Unbounded; X => User solution; Y => HiGHS solution;
     Z => ZI Round; l => Trivial lower; p => Trivial point; u => Trivial upper; z => Trivial zero

        Nodes      |    B&B Tree     |            Objective Bounds              |  Dynamic Constraints |       Work      
Src  Proc. InQueue |  Leaves   Expl. | BestBound       BestSol              Gap |   Cuts   InLp Confl. | LpIters     Time

 J       0       0         0   0.00%   -inf            4.661029142        Large        0      0      0         0     0.4s
 T       0       0         0   0.00%   -2.108554183    0.2067770997    1119.72%        0      0      0      1201     0.5s
         1       0         1 100.00%   0.2067770997    0.2067770997       0.00%        0      0      0      1201     0.5s

Solving report
  Status            Optimal
  Primal bound      0.206777099724
  Dual bound        0.206777099724
  Gap               0% (tolerance: 0.5%)
  P-D integral      0.0672587708686
  Solution status   feasible
                    0.206777099724 (objective)
                    0 (bound viol.)
                    0 (int. viol.)
                    0 (row viol.)
  Timing            0.48
  Max sub-MIP depth 0
  Nodes             1
  Repair LPs        0
  LP iterations     1201
                    0 (strong br.)
                    0 (separation)
                    0 (heuristics)
MIP has 10753 rows; 9409 cols; 25537 nonzeros; 1344 integer variables (1344 binary)
Coefficient ranges:
  Matrix  [2e-01, 1e+00]
  Cost    [1e-02, 6e-02]
  Bound   [1e+00, 1e+00]
  RHS     [3e-05, 2e+00]
WARNING: Problem has some excessively small row bounds
Presolving model
8064 rows, 8776 cols, 22215 nonzeros 0s
6424 rows, 7467 cols, 17930 nonzeros 0s
4631 rows, 5928 cols, 13262 nonzeros 0s
3036 rows, 4370 cols, 9045 nonzeros 0s
2817 rows, 4151 cols, 8607 nonzeros 0s
Presolve reductions: rows 2817(-7936); columns 4151(-5258); nonzeros 8607(-16930) 

Solving MIP model with:
   2817 rows
   4151 cols (410 binary, 0 integer, 0 implied int., 3741 continuous, 0 domain fixed)
   8607 nonzeros

Src: B => Branching; C => Central rounding; F => Feasibility pump; H => Heuristic;
     I => Shifting; J => Feasibility jump; L => Sub-MIP; P => Empty MIP; R => Randomized rounding;
     S => Solve LP; T => Evaluate node; U => Unbounded; X => User solution; Y => HiGHS solution;
     Z => ZI Round; l => Trivial lower; p => Trivial point; u => Trivial upper; z => Trivial zero

        Nodes      |    B&B Tree     |            Objective Bounds              |  Dynamic Constraints |       Work      
Src  Proc. InQueue |  Leaves   Expl. | BestBound       BestSol              Gap |   Cuts   InLp Confl. | LpIters     Time

 J       0       0         0   0.00%   -inf            4.35358919         Large        0      0      0         0     0.4s
 T       0       0         0   0.00%   -1.674511405    0.5804135101     388.50%        0      0      0      1229     0.5s
         1       0         1 100.00%   0.5804135101    0.5804135101       0.00%        0      0      0      1229     0.5s

Solving report
  Status            Optimal
  Primal bound      0.580413510123
  Dual bound        0.580413510123
  Gap               0% (tolerance: 0.5%)
  P-D integral      0.0754267621925
  Solution status   feasible
                    0.580413510123 (objective)
                    0 (bound viol.)
                    0 (int. viol.)
                    0 (row viol.)
  Timing            0.47
  Max sub-MIP depth 0
  Nodes             1
  Repair LPs        0
  LP iterations     1229
                    0 (strong br.)
                    0 (separation)
                    0 (heuristics)
MIP has 10753 rows; 9409 cols; 25537 nonzeros; 1344 integer variables (1344 binary)
Coefficient ranges:
  Matrix  [2e-01, 1e+00]
  Cost    [1e-02, 6e-02]
  Bound   [1e+00, 1e+00]
  RHS     [3e-05, 2e+00]
WARNING: Problem has some excessively small row bounds
Presolving model
8064 rows, 8786 cols, 22225 nonzeros 0s
6416 rows, 7472 cols, 17927 nonzeros 0s
4618 rows, 5927 cols, 13248 nonzeros 0s
3168 rows, 4472 cols, 9391 nonzeros 0s
2970 rows, 4274 cols, 8995 nonzeros 0s
Presolve reductions: rows 2970(-7783); columns 4274(-5135); nonzeros 8995(-16542) 

Solving MIP model with:
   2970 rows
   4274 cols (438 binary, 0 integer, 0 implied int., 3836 continuous, 0 domain fixed)
   8995 nonzeros

Src: B => Branching; C => Central rounding; F => Feasibility pump; H => Heuristic;
     I => Shifting; J => Feasibility jump; L => Sub-MIP; P => Empty MIP; R => Randomized rounding;
     S => Solve LP; T => Evaluate node; U => Unbounded; X => User solution; Y => HiGHS solution;
     Z => ZI Round; l => Trivial lower; p => Trivial point; u => Trivial upper; z => Trivial zero

        Nodes      |    B&B Tree     |            Objective Bounds              |  Dynamic Constraints |       Work      
Src  Proc. InQueue |  Leaves   Expl. | BestBound       BestSol              Gap |   Cuts   InLp Confl. | LpIters     Time

 J       0       0         0   0.00%   -inf            3.987482206        Large        0      0      0         0     0.4s
 T       0       0         0   0.00%   -1.509879697    0.5896169592     356.08%        0      0      0      1267     0.5s
         1       0         1 100.00%   0.5896169592    0.5896169592       0.00%        0      0      0      1267     0.5s

Solving report
  Status            Optimal
  Primal bound      0.58961695917
  Dual bound        0.58961695917
  Gap               0% (tolerance: 0.5%)
  P-D integral      0.0600278329888
  Solution status   feasible
                    0.58961695917 (objective)
                    0 (bound viol.)
                    0 (int. viol.)
                    0 (row viol.)
  Timing            0.48
  Max sub-MIP depth 0
  Nodes             1
  Repair LPs        0
  LP iterations     1267
                    0 (strong br.)
                    0 (separation)
                    0 (heuristics)
MIP has 10753 rows; 9409 cols; 25537 nonzeros; 1344 integer variables (1344 binary)
Coefficient ranges:
  Matrix  [2e-01, 1e+00]
  Cost    [1e-02, 6e-02]
  Bound   [1e+00, 1e+00]
  RHS     [3e-04, 2e+00]
Presolving model
8064 rows, 8808 cols, 22247 nonzeros 0s
6415 rows, 7493 cols, 17947 nonzeros 0s
4614 rows, 5950 cols, 13267 nonzeros 0s
3232 rows, 4539 cols, 9566 nonzeros 0s
3042 rows, 4349 cols, 9186 nonzeros 0s
Presolve reductions: rows 3042(-7711); columns 4349(-5060); nonzeros 9186(-16351) 

Solving MIP model with:
   3042 rows
   4349 cols (449 binary, 0 integer, 0 implied int., 3900 continuous, 0 domain fixed)
   9186 nonzeros

Src: B => Branching; C => Central rounding; F => Feasibility pump; H => Heuristic;
     I => Shifting; J => Feasibility jump; L => Sub-MIP; P => Empty MIP; R => Randomized rounding;
     S => Solve LP; T => Evaluate node; U => Unbounded; X => User solution; Y => HiGHS solution;
     Z => ZI Round; l => Trivial lower; p => Trivial point; u => Trivial upper; z => Trivial zero

        Nodes      |    B&B Tree     |            Objective Bounds              |  Dynamic Constraints |       Work      
Src  Proc. InQueue |  Leaves   Expl. | BestBound       BestSol              Gap |   Cuts   InLp Confl. | LpIters     Time

 J       0       0         0   0.00%   -inf            4.089500519        Large        0      0      0         0     0.4s
 T       0       0         0   0.00%   -1.740976327    0.364895385      577.12%        0      0      0      1309     0.5s
         1       0         1 100.00%   0.364895385     0.364895385        0.00%        0      0      0      1309     0.5s

Solving report
  Status            Optimal
  Primal bound      0.364895385028
  Dual bound        0.364895385028
  Gap               0% (tolerance: 0.5%)
  P-D integral      0.0759138055233
  Solution status   feasible
                    0.364895385028 (objective)
                    0 (bound viol.)
                    0 (int. viol.)
                    0 (row viol.)
  Timing            0.47
  Max sub-MIP depth 0
  Nodes             1
  Repair LPs        0
  LP iterations     1309
                    0 (strong br.)
                    0 (separation)
                    0 (heuristics)
MIP has 10753 rows; 9409 cols; 25537 nonzeros; 1344 integer variables (1344 binary)
Coefficient ranges:
  Matrix  [2e-01, 1e+00]
  Cost    [1e-02, 6e-02]
  Bound   [1e+00, 1e+00]
  RHS     [2e-04, 2e+00]
Presolving model
8064 rows, 8828 cols, 22267 nonzeros 0s
6416 rows, 7514 cols, 17969 nonzeros 0s
4622 rows, 5971 cols, 13296 nonzeros 0s
3388 rows, 4691 cols, 10002 nonzeros 0s
3216 rows, 4504 cols, 9643 nonzeros 0s
Presolve reductions: rows 3216(-7537); columns 4504(-4905); nonzeros 9643(-15894) 

Solving MIP model with:
   3216 rows
   4504 cols (481 binary, 0 integer, 0 implied int., 4023 continuous, 0 domain fixed)
   9643 nonzeros

Src: B => Branching; C => Central rounding; F => Feasibility pump; H => Heuristic;
     I => Shifting; J => Feasibility jump; L => Sub-MIP; P => Empty MIP; R => Randomized rounding;
     S => Solve LP; T => Evaluate node; U => Unbounded; X => User solution; Y => HiGHS solution;
     Z => ZI Round; l => Trivial lower; p => Trivial point; u => Trivial upper; z => Trivial zero

        Nodes      |    B&B Tree     |            Objective Bounds              |  Dynamic Constraints |       Work      
Src  Proc. InQueue |  Leaves   Expl. | BestBound       BestSol              Gap |   Cuts   InLp Confl. | LpIters     Time

 J       0       0         0   0.00%   -inf            3.676344755        Large        0      0      0         0     0.4s
 T       0       0         0   0.00%   -1.942507449    0.0583460995    3429.28%        0      0      0      1356     0.5s
         1       0         1 100.00%   0.0583460995    0.0583460995       0.00%        0      0      0      1356     0.5s

Solving report
  Status            Optimal
  Primal bound      0.0583460995069
  Dual bound        0.0583460995069
  Gap               0% (tolerance: 0.5%)
  P-D integral      0.0736985312907
  Solution status   feasible
                    0.0583460995069 (objective)
                    0 (bound viol.)
                    0 (int. viol.)
                    0 (row viol.)
  Timing            0.48
  Max sub-MIP depth 0
  Nodes             1
  Repair LPs        0
  LP iterations     1356
                    0 (strong br.)
                    0 (separation)
                    0 (heuristics)
MIP has 10753 rows; 9409 cols; 25537 nonzeros; 1344 integer variables (1344 binary)
Coefficient ranges:
  Matrix  [2e-01, 1e+00]
  Cost    [1e-02, 6e-02]
  Bound   [1e+00, 1e+00]
  RHS     [2e-04, 2e+00]
Presolving model
8064 rows, 8843 cols, 22282 nonzeros 0s
6391 rows, 7504 cols, 17934 nonzeros 0s
4567 rows, 5913 cols, 13183 nonzeros 0s
3700 rows, 4895 cols, 10806 nonzeros 0s
3587 rows, 4782 cols, 10580 nonzeros 0s
Presolve reductions: rows 3587(-7166); columns 4782(-4627); nonzeros 10580(-14957) 

Solving MIP model with:
   3587 rows
   4782 cols (553 binary, 0 integer, 0 implied int., 4229 continuous, 0 domain fixed)
   10580 nonzeros

Src: B => Branching; C => Central rounding; F => Feasibility pump; H => Heuristic;
     I => Shifting; J => Feasibility jump; L => Sub-MIP; P => Empty MIP; R => Randomized rounding;
     S => Solve LP; T => Evaluate node; U => Unbounded; X => User solution; Y => HiGHS solution;
     Z => ZI Round; l => Trivial lower; p => Trivial point; u => Trivial upper; z => Trivial zero

        Nodes      |    B&B Tree     |            Objective Bounds              |  Dynamic Constraints |       Work      
Src  Proc. InQueue |  Leaves   Expl. | BestBound       BestSol              Gap |   Cuts   InLp Confl. | LpIters     Time

 J       0       0         0   0.00%   -inf            2.46679118         Large        0      0      0         0     0.4s
 T       0       0         0   0.00%   -2.578133022    -1.191190377     116.43%        0      0      0      1432     0.5s
         1       0         1 100.00%   -1.191190377    -1.191190377       0.00%        0      0      0      1432     0.5s

Solving report
  Status            Optimal
  Primal bound      -1.19119037748
  Dual bound        -1.19119037748
  Gap               0% (tolerance: 0.5%)
  P-D integral      0.144550825382
  Solution status   feasible
                    -1.19119037748 (objective)
                    0 (bound viol.)
                    0 (int. viol.)
                    0 (row viol.)
  Timing            0.50
  Max sub-MIP depth 0
  Nodes             1
  Repair LPs        0
  LP iterations     1432
                    0 (strong br.)
                    0 (separation)
                    0 (heuristics)
MIP has 10753 rows; 9409 cols; 25537 nonzeros; 1344 integer variables (1344 binary)
Coefficient ranges:
  Matrix  [2e-01, 1e+00]
  Cost    [1e-02, 6e-02]
  Bound   [1e+00, 1e+00]
  RHS     [7e-05, 2e+00]
WARNING: Problem has some excessively small row bounds
Presolving model
8064 rows, 8854 cols, 22293 nonzeros 0s
6406 rows, 7529 cols, 17974 nonzeros 0s
4577 rows, 5944 cols, 13224 nonzeros 0s
3589 rows, 4818 cols, 10510 nonzeros 0s
3460 rows, 4689 cols, 10252 nonzeros 0s
Presolve reductions: rows 3460(-7293); columns 4689(-4720); nonzeros 10252(-15285) 

Solving MIP model with:
   3460 rows
   4689 cols (526 binary, 0 integer, 0 implied int., 4163 continuous, 0 domain fixed)
   10252 nonzeros

Src: B => Branching; C => Central rounding; F => Feasibility pump; H => Heuristic;
     I => Shifting; J => Feasibility jump; L => Sub-MIP; P => Empty MIP; R => Randomized rounding;
     S => Solve LP; T => Evaluate node; U => Unbounded; X => User solution; Y => HiGHS solution;
     Z => ZI Round; l => Trivial lower; p => Trivial point; u => Trivial upper; z => Trivial zero

        Nodes      |    B&B Tree     |            Objective Bounds              |  Dynamic Constraints |       Work      
Src  Proc. InQueue |  Leaves   Expl. | BestBound       BestSol              Gap |   Cuts   InLp Confl. | LpIters     Time

 J       0       0         0   0.00%   -inf            2.632737649        Large        0      0      0         0     0.4s
 T       0       0         0   0.00%   -2.425732129    -0.8504552863    185.23%        0      0      0      1414     0.5s
         1       0         1 100.00%   -0.8504552863   -0.8504552863      0.00%        0      0      0      1414     0.5s

Solving report
  Status            Optimal
  Primal bound      -0.85045528628
  Dual bound        -0.85045528628
  Gap               0% (tolerance: 0.5%)
  P-D integral      0.115846870043
  Solution status   feasible
                    -0.85045528628 (objective)
                    0 (bound viol.)
                    0 (int. viol.)
                    0 (row viol.)
  Timing            0.48
  Max sub-MIP depth 0
  Nodes             1
  Repair LPs        0
  LP iterations     1414
                    0 (strong br.)
                    0 (separation)
                    0 (heuristics)
MIP has 10753 rows; 9409 cols; 25537 nonzeros; 1344 integer variables (1344 binary)
Coefficient ranges:
  Matrix  [2e-01, 1e+00]
  Cost    [1e-02, 6e-02]
  Bound   [1e+00, 1e+00]
  RHS     [7e-05, 2e+00]
WARNING: Problem has some excessively small row bounds
Presolving model
8064 rows, 8869 cols, 22308 nonzeros 0s
6396 rows, 7535 cols, 17970 nonzeros 0s
4587 rows, 5960 cols, 13250 nonzeros 0s
3694 rows, 4936 cols, 10833 nonzeros 0s
3579 rows, 4821 cols, 10603 nonzeros 0s
Presolve reductions: rows 3579(-7174); columns 4821(-4588); nonzeros 10603(-14934) 

Solving MIP model with:
   3579 rows
   4821 cols (551 binary, 0 integer, 0 implied int., 4270 continuous, 0 domain fixed)
   10603 nonzeros

Src: B => Branching; C => Central rounding; F => Feasibility pump; H => Heuristic;
     I => Shifting; J => Feasibility jump; L => Sub-MIP; P => Empty MIP; R => Randomized rounding;
     S => Solve LP; T => Evaluate node; U => Unbounded; X => User solution; Y => HiGHS solution;
     Z => ZI Round; l => Trivial lower; p => Trivial point; u => Trivial upper; z => Trivial zero

        Nodes      |    B&B Tree     |            Objective Bounds              |  Dynamic Constraints |       Work      
Src  Proc. InQueue |  Leaves   Expl. | BestBound       BestSol              Gap |   Cuts   InLp Confl. | LpIters     Time

 J       0       0         0   0.00%   -inf            2.383634589        Large        0      0      0         0     0.5s
 T       0       0         0   0.00%   -2.466278361    -1.053783252     134.04%        0      0      0      1426     0.6s
         1       0         1 100.00%   -1.053783252    -1.053783252       0.00%        0      0      0      1426     0.6s

Solving report
  Status            Optimal
  Primal bound      -1.05378325192
  Dual bound        -1.05378325192
  Gap               0% (tolerance: 0.5%)
  P-D integral      0.127459698528
  Solution status   feasible
                    -1.05378325192 (objective)
                    0 (bound viol.)
                    0 (int. viol.)
                    0 (row viol.)
  Timing            0.56
  Max sub-MIP depth 0
  Nodes             1
  Repair LPs        0
  LP iterations     1426
                    0 (strong br.)
                    0 (separation)
                    0 (heuristics)
MIP has 10753 rows; 9409 cols; 25537 nonzeros; 1344 integer variables (1344 binary)
Coefficient ranges:
  Matrix  [2e-01, 1e+00]
  Cost    [1e-02, 6e-02]
  Bound   [1e+00, 1e+00]
  RHS     [3e-04, 2e+00]
Presolving model
8064 rows, 8887 cols, 22326 nonzeros 0s
6363 rows, 7520 cols, 17922 nonzeros 0s
4506 rows, 5874 cols, 13083 nonzeros 0s
4083 rows, 5150 cols, 11816 nonzeros 0s
Presolve reductions: rows 4083(-6670); columns 5150(-4259); nonzeros 11816(-13721) 

Solving MIP model with:
   4083 rows
   5150 cols (646 binary, 0 integer, 0 implied int., 4504 continuous, 0 domain fixed)
   11816 nonzeros

Src: B => Branching; C => Central rounding; F => Feasibility pump; H => Heuristic;
     I => Shifting; J => Feasibility jump; L => Sub-MIP; P => Empty MIP; R => Randomized rounding;
     S => Solve LP; T => Evaluate node; U => Unbounded; X => User solution; Y => HiGHS solution;
     Z => ZI Round; l => Trivial lower; p => Trivial point; u => Trivial upper; z => Trivial zero

        Nodes      |    B&B Tree     |            Objective Bounds              |  Dynamic Constraints |       Work      
Src  Proc. InQueue |  Leaves   Expl. | BestBound       BestSol              Gap |   Cuts   InLp Confl. | LpIters     Time

 J       0       0         0   0.00%   -inf            0.5952699888       Large        0      0      0         0     0.6s
 T       0       0         0   0.00%   -3.320790373    -2.31076484       43.71%        0      0      0      1555     0.7s
         1       0         1 100.00%   -2.31076484     -2.31076484        0.00%        0      0      0      1555     0.7s

Solving report
  Status            Optimal
  Primal bound      -2.31076483969
  Dual bound        -2.31076483969
  Gap               0% (tolerance: 0.5%)
  P-D integral      0.508358199425
  Solution status   feasible
                    -2.31076483969 (objective)
                    0 (bound viol.)
                    0 (int. viol.)
                    0 (row viol.)
  Timing            0.72
  Max sub-MIP depth 0
  Nodes             1
  Repair LPs        0
  LP iterations     1555
                    0 (strong br.)
                    0 (separation)
                    0 (heuristics)
MIP has 10753 rows; 9409 cols; 25537 nonzeros; 1344 integer variables (1344 binary)
Coefficient ranges:
  Matrix  [2e-01, 1e+00]
  Cost    [1e-02, 6e-02]
  Bound   [1e+00, 1e+00]
  RHS     [2e-04, 2e+00]
Presolving model
8064 rows, 8895 cols, 22334 nonzeros 0s
6357 rows, 7522 cols, 17918 nonzeros 0s
4500 rows, 5872 cols, 13075 nonzeros 0s
4253 rows, 5282 cols, 12234 nonzeros 0s
Presolve reductions: rows 4253(-6500); columns 5282(-4127); nonzeros 12234(-13303) 

Solving MIP model with:
   4253 rows
   5282 cols (675 binary, 0 integer, 0 implied int., 4607 continuous, 0 domain fixed)
   12234 nonzeros

Src: B => Branching; C => Central rounding; F => Feasibility pump; H => Heuristic;
     I => Shifting; J => Feasibility jump; L => Sub-MIP; P => Empty MIP; R => Randomized rounding;
     S => Solve LP; T => Evaluate node; U => Unbounded; X => User solution; Y => HiGHS solution;
     Z => ZI Round; l => Trivial lower; p => Trivial point; u => Trivial upper; z => Trivial zero

        Nodes      |    B&B Tree     |            Objective Bounds              |  Dynamic Constraints |       Work      
Src  Proc. InQueue |  Leaves   Expl. | BestBound       BestSol              Gap |   Cuts   InLp Confl. | LpIters     Time

         0       0         0   0.00%   -3.837153141    inf                  inf        0      0      0         0     0.6s
         0       0         0   0.00%   -2.612455496    inf                  inf        0      0      2      1678     0.7s
 R       0       0         0   0.00%   -2.612455496    -2.612455496       0.00%        0      0      2      1687     0.7s
         1       0         1 100.00%   -2.612455496    -2.612455496       0.00%        0      0      2      1687     0.7s

Solving report
  Status            Optimal
  Primal bound      -2.61245549634
  Dual bound        -2.61245549634
  Gap               0% (tolerance: 0.5%)
  P-D integral      0
  Solution status   feasible
                    -2.61245549634 (objective)
                    0 (bound viol.)
                    0 (int. viol.)
                    0 (row viol.)
  Timing            0.71
  Max sub-MIP depth 0
  Nodes             1
  Repair LPs        0
  LP iterations     1687
                    0 (strong br.)
                    9 (separation)
                    0 (heuristics)
MIP has 10753 rows; 9409 cols; 25537 nonzeros; 1344 integer variables (1344 binary)
Coefficient ranges:
  Matrix  [2e-01, 1e+00]
  Cost    [1e-02, 6e-02]
  Bound   [1e+00, 1e+00]
  RHS     [1e-04, 2e+00]
Presolving model
8064 rows, 8904 cols, 22343 nonzeros 0s
6349 rows, 7510 cols, 17890 nonzeros 0s
4469 rows, 5820 cols, 12972 nonzeros 0s
4032 rows, 5082 cols, 11661 nonzeros 0s
Presolve reductions: rows 4032(-6721); columns 5082(-4327); nonzeros 11661(-13876) 

Solving MIP model with:
   4032 rows
   5082 cols (637 binary, 0 integer, 0 implied int., 4445 continuous, 0 domain fixed)
   11661 nonzeros

Src: B => Branching; C => Central rounding; F => Feasibility pump; H => Heuristic;
     I => Shifting; J => Feasibility jump; L => Sub-MIP; P => Empty MIP; R => Randomized rounding;
     S => Solve LP; T => Evaluate node; U => Unbounded; X => User solution; Y => HiGHS solution;
     Z => ZI Round; l => Trivial lower; p => Trivial point; u => Trivial upper; z => Trivial zero

        Nodes      |    B&B Tree     |            Objective Bounds              |  Dynamic Constraints |       Work      
Src  Proc. InQueue |  Leaves   Expl. | BestBound       BestSol              Gap |   Cuts   InLp Confl. | LpIters     Time

 J       0       0         0   0.00%   -inf            0.3600247428       Large        0      0      0         0     0.4s
 T       0       0         0   0.00%   -3.059281164    -2.164304849      41.35%        0      0      0      1481     0.5s
         1       0         1 100.00%   -2.164304849    -2.164304849       0.00%        0      0      0      1481     0.5s

Solving report
  Status            Optimal
  Primal bound      -2.16430484914
  Dual bound        -2.16430484914
  Gap               0% (tolerance: 0.5%)
  P-D integral      0.675624154381
  Solution status   feasible
                    -2.16430484914 (objective)
                    0 (bound viol.)
                    0 (int. viol.)
                    0 (row viol.)
  Timing            0.52
  Max sub-MIP depth 0
  Nodes             1
  Repair LPs        0
  LP iterations     1481
                    0 (strong br.)
                    0 (separation)
                    0 (heuristics)
MIP has 10753 rows; 9409 cols; 25537 nonzeros; 1344 integer variables (1344 binary)
Coefficient ranges:
  Matrix  [2e-01, 1e+00]
  Cost    [1e-02, 6e-02]
  Bound   [1e+00, 1e+00]
  RHS     [1e-04, 2e+00]
Presolving model
8064 rows, 8914 cols, 22353 nonzeros 0s
6354 rows, 7515 cols, 17900 nonzeros 0s
4510 rows, 5863 cols, 13076 nonzeros 0s
3956 rows, 5072 cols, 11503 nonzeros 0s
Presolve reductions: rows 3956(-6797); columns 5072(-4337); nonzeros 11503(-14034) 

Solving MIP model with:
   3956 rows
   5072 cols (619 binary, 0 integer, 0 implied int., 4453 continuous, 0 domain fixed)
   11503 nonzeros

Src: B => Branching; C => Central rounding; F => Feasibility pump; H => Heuristic;
     I => Shifting; J => Feasibility jump; L => Sub-MIP; P => Empty MIP; R => Randomized rounding;
     S => Solve LP; T => Evaluate node; U => Unbounded; X => User solution; Y => HiGHS solution;
     Z => ZI Round; l => Trivial lower; p => Trivial point; u => Trivial upper; z => Trivial zero

        Nodes      |    B&B Tree     |            Objective Bounds              |  Dynamic Constraints |       Work      
Src  Proc. InQueue |  Leaves   Expl. | BestBound       BestSol              Gap |   Cuts   InLp Confl. | LpIters     Time

 J       0       0         0   0.00%   -inf            0.8198766098       Large        0      0      0         0     0.5s
 T       0       0         0   0.00%   -2.982809806    -2.000943778      49.07%        0      0      0      1534     0.6s
         1       0         1 100.00%   -2.000943778    -2.000943778       0.00%        0      0      0      1534     0.6s

Solving report
  Status            Optimal
  Primal bound      -2.00094377807
  Dual bound        -2.00094377807
  Gap               0% (tolerance: 0.5%)
  P-D integral      0.35677512773
  Solution status   feasible
                    -2.00094377807 (objective)
                    0 (bound viol.)
                    0 (int. viol.)
                    0 (row viol.)
  Timing            0.56
  Max sub-MIP depth 0
  Nodes             1
  Repair LPs        0
  LP iterations     1534
                    0 (strong br.)
                    0 (separation)
                    0 (heuristics)
MIP has 10753 rows; 9409 cols; 25537 nonzeros; 1344 integer variables (1344 binary)
Coefficient ranges:
  Matrix  [2e-01, 1e+00]
  Cost    [1e-02, 6e-02]
  Bound   [1e+00, 1e+00]
  RHS     [8e-05, 2e+00]
WARNING: Problem has some excessively small row bounds
Presolving model
8064 rows, 8907 cols, 22346 nonzeros 0s
6377 rows, 7507 cols, 17927 nonzeros 0s
4537 rows, 5869 cols, 13105 nonzeros 0s
3701 rows, 4876 cols, 10800 nonzeros 0s
3600 rows, 4775 cols, 10598 nonzeros 0s
Presolve reductions: rows 3600(-7153); columns 4775(-4634); nonzeros 10598(-14939) 

Solving MIP model with:
   3600 rows
   4775 cols (556 binary, 0 integer, 0 implied int., 4219 continuous, 0 domain fixed)
   10598 nonzeros

Src: B => Branching; C => Central rounding; F => Feasibility pump; H => Heuristic;
     I => Shifting; J => Feasibility jump; L => Sub-MIP; P => Empty MIP; R => Randomized rounding;
     S => Solve LP; T => Evaluate node; U => Unbounded; X => User solution; Y => HiGHS solution;
     Z => ZI Round; l => Trivial lower; p => Trivial point; u => Trivial upper; z => Trivial zero

        Nodes      |    B&B Tree     |            Objective Bounds              |  Dynamic Constraints |       Work      
Src  Proc. InQueue |  Leaves   Expl. | BestBound       BestSol              Gap |   Cuts   InLp Confl. | LpIters     Time

 J       0       0         0   0.00%   -inf            0.966201632        Large        0      0      0         0     0.4s
 T       0       0         0   0.00%   -2.764927691    -1.780961069      55.25%        0      0      0      1426     0.5s
         1       0         1 100.00%   -1.780961069    -1.780961069       0.00%        0      0      0      1426     0.5s

Solving report
  Status            Optimal
  Primal bound      -1.78096106887
  Dual bound        -1.78096106887
  Gap               0% (tolerance: 0.5%)
  P-D integral      0.244573165287
  Solution status   feasible
                    -1.78096106887 (objective)
                    0 (bound viol.)
                    0 (int. viol.)
                    0 (row viol.)
  Timing            0.52
  Max sub-MIP depth 0
  Nodes             1
  Repair LPs        0
  LP iterations     1426
                    0 (strong br.)
                    0 (separation)
                    0 (heuristics)
MIP has 10753 rows; 9409 cols; 25537 nonzeros; 1344 integer variables (1344 binary)
Coefficient ranges:
  Matrix  [2e-01, 1e+00]
  Cost    [1e-02, 6e-02]
  Bound   [1e+00, 1e+00]
  RHS     [8e-05, 2e+00]
WARNING: Problem has some excessively small row bounds
Presolving model
8064 rows, 9020 cols, 22459 nonzeros 0s
6383 rows, 7641 cols, 18035 nonzeros 0s
4544 rows, 5997 cols, 13200 nonzeros 0s
3869 rows, 5145 cols, 11357 nonzeros 0s
Presolve reductions: rows 3869(-6884); columns 5145(-4264); nonzeros 11357(-14180) 

Solving MIP model with:
   3869 rows
   5145 cols (586 binary, 0 integer, 0 implied int., 4559 continuous, 0 domain fixed)
   11357 nonzeros

Src: B => Branching; C => Central rounding; F => Feasibility pump; H => Heuristic;
     I => Shifting; J => Feasibility jump; L => Sub-MIP; P => Empty MIP; R => Randomized rounding;
     S => Solve LP; T => Evaluate node; U => Unbounded; X => User solution; Y => HiGHS solution;
     Z => ZI Round; l => Trivial lower; p => Trivial point; u => Trivial upper; z => Trivial zero

        Nodes      |    B&B Tree     |            Objective Bounds              |  Dynamic Constraints |       Work      
Src  Proc. InQueue |  Leaves   Expl. | BestBound       BestSol              Gap |   Cuts   InLp Confl. | LpIters     Time

 J       0       0         0   0.00%   -inf            1.671576827        Large        0      0      0         0     0.4s
 T       0       0         0   0.00%   -1.931111115    -0.9504290103    103.18%        0      0      0      1579     0.5s
         1       0         1 100.00%   -0.9504290103   -0.9504290103      0.00%        0      0      0      1579     0.5s

Solving report
  Status            Optimal
  Primal bound      -0.950429010263
  Dual bound        -0.950429010263
  Gap               0% (tolerance: 0.5%)
  P-D integral      0.152780937529
  Solution status   feasible
                    -0.950429010263 (objective)
                    0 (bound viol.)
                    0 (int. viol.)
                    0 (row viol.)
  Timing            0.52
  Max sub-MIP depth 0
  Nodes             1
  Repair LPs        0
  LP iterations     1579
                    0 (strong br.)
                    0 (separation)
                    0 (heuristics)
MIP has 10753 rows; 9409 cols; 25537 nonzeros; 1344 integer variables (1344 binary)
Coefficient ranges:
  Matrix  [2e-01, 1e+00]
  Cost    [1e-02, 6e-02]
  Bound   [1e+00, 1e+00]
  RHS     [1e-04, 2e+00]
Presolving model
8064 rows, 9276 cols, 22715 nonzeros 0s
6194 rows, 7639 cols, 17672 nonzeros 0s
4511 rows, 6023 cols, 13157 nonzeros 0s
4297 rows, 5549 cols, 12469 nonzeros 0s
Presolve reductions: rows 4297(-6456); columns 5549(-3860); nonzeros 12469(-13068) 

Solving MIP model with:
   4297 rows
   5549 cols (656 binary, 0 integer, 0 implied int., 4893 continuous, 0 domain fixed)
   12469 nonzeros

Src: B => Branching; C => Central rounding; F => Feasibility pump; H => Heuristic;
     I => Shifting; J => Feasibility jump; L => Sub-MIP; P => Empty MIP; R => Randomized rounding;
     S => Solve LP; T => Evaluate node; U => Unbounded; X => User solution; Y => HiGHS solution;
     Z => ZI Round; l => Trivial lower; p => Trivial point; u => Trivial upper; z => Trivial zero

        Nodes      |    B&B Tree     |            Objective Bounds              |  Dynamic Constraints |       Work      
Src  Proc. InQueue |  Leaves   Expl. | BestBound       BestSol              Gap |   Cuts   InLp Confl. | LpIters     Time

 J       0       0         0   0.00%   -inf            0.8218090283       Large        0      0      0         0     0.5s
 T       0       0         0   0.00%   -1.588875108    -0.9045474094     75.65%        0      0      0      1719     0.6s
         1       0         1 100.00%   -0.9045474094   -0.9045474094      0.00%        0      0      0      1719     0.6s

Solving report
  Status            Optimal
  Primal bound      -0.904547409382
  Dual bound        -0.904547409382
  Gap               0% (tolerance: 0.5%)
  P-D integral      0.230842322396
  Solution status   feasible
                    -0.904547409382 (objective)
                    0 (bound viol.)
                    0 (int. viol.)
                    0 (row viol.)
  Timing            0.57
  Max sub-MIP depth 0
  Nodes             1
  Repair LPs        0
  LP iterations     1719
                    0 (strong br.)
                    0 (separation)
                    0 (heuristics)
MIP has 10753 rows; 9409 cols; 25537 nonzeros; 1344 integer variables (1344 binary)
Coefficient ranges:
  Matrix  [2e-01, 1e+00]
  Cost    [1e-02, 6e-02]
  Bound   [1e+00, 1e+00]
  RHS     [1e-04, 2e+00]
Presolving model
8064 rows, 9173 cols, 22612 nonzeros 0s
6185 rows, 7545 cols, 17605 nonzeros 0s
4262 rows, 5695 cols, 12440 nonzeros 0s
4018 rows, 5108 cols, 11609 nonzeros 0s
Presolve reductions: rows 4018(-6735); columns 5108(-4301); nonzeros 11609(-13928) 

Solving MIP model with:
   4018 rows
   5108 cols (621 binary, 0 integer, 0 implied int., 4487 continuous, 0 domain fixed)
   11609 nonzeros

Src: B => Branching; C => Central rounding; F => Feasibility pump; H => Heuristic;
     I => Shifting; J => Feasibility jump; L => Sub-MIP; P => Empty MIP; R => Randomized rounding;
     S => Solve LP; T => Evaluate node; U => Unbounded; X => User solution; Y => HiGHS solution;
     Z => ZI Round; l => Trivial lower; p => Trivial point; u => Trivial upper; z => Trivial zero

        Nodes      |    B&B Tree     |            Objective Bounds              |  Dynamic Constraints |       Work      
Src  Proc. InQueue |  Leaves   Expl. | BestBound       BestSol              Gap |   Cuts   InLp Confl. | LpIters     Time

 J       0       0         0   0.00%   -inf            0.5498106165       Large        0      0      0         0     0.4s
 T       0       0         0   0.00%   -1.785933436    -1.145510421      55.91%        0      0      0      1591     0.5s
         1       0         1 100.00%   -1.145510421    -1.145510421       0.00%        0      0      0      1591     0.5s

Solving report
  Status            Optimal
  Primal bound      -1.14551042056
  Dual bound        -1.14551042056
  Gap               0% (tolerance: 0.5%)
  P-D integral      0.398237998342
  Solution status   feasible
                    -1.14551042056 (objective)
                    0 (bound viol.)
                    0 (int. viol.)
                    0 (row viol.)
  Timing            0.50
  Max sub-MIP depth 0
  Nodes             1
  Repair LPs        0
  LP iterations     1591
                    0 (strong br.)
                    0 (separation)
                    0 (heuristics)
MIP has 10753 rows; 9409 cols; 25537 nonzeros; 1344 integer variables (1344 binary)
Coefficient ranges:
  Matrix  [2e-01, 1e+00]
  Cost    [1e-02, 6e-02]
  Bound   [1e+00, 1e+00]
  RHS     [3e-04, 2e+00]
Presolving model
8064 rows, 8908 cols, 22347 nonzeros 0s
6397 rows, 7575 cols, 18011 nonzeros 0s
4576 rows, 5981 cols, 13260 nonzeros 0s
3867 rows, 5087 cols, 11305 nonzeros 0s
3829 rows, 5049 cols, 11229 nonzeros 0s
Presolve reductions: rows 3829(-6924); columns 5049(-4360); nonzeros 11229(-14308) 

Solving MIP model with:
   3829 rows
   5049 cols (588 binary, 0 integer, 0 implied int., 4461 continuous, 0 domain fixed)
   11229 nonzeros

Src: B => Branching; C => Central rounding; F => Feasibility pump; H => Heuristic;
     I => Shifting; J => Feasibility jump; L => Sub-MIP; P => Empty MIP; R => Randomized rounding;
     S => Solve LP; T => Evaluate node; U => Unbounded; X => User solution; Y => HiGHS solution;
     Z => ZI Round; l => Trivial lower; p => Trivial point; u => Trivial upper; z => Trivial zero

        Nodes      |    B&B Tree     |            Objective Bounds              |  Dynamic Constraints |       Work      
Src  Proc. InQueue |  Leaves   Expl. | BestBound       BestSol              Gap |   Cuts   InLp Confl. | LpIters     Time

 J       0       0         0   0.00%   -inf            1.698479506        Large        0      0      0         0     0.4s
 T       0       0         0   0.00%   -2.0710155      -0.9721337385    113.04%        0      0      0      1551     0.5s
         1       0         1 100.00%   -0.9721337385   -0.9721337385      0.00%        0      0      0      1551     0.5s

Solving report
  Status            Optimal
  Primal bound      -0.972133738492
  Dual bound        -0.972133738492
  Gap               0% (tolerance: 0.5%)
  P-D integral      0.148179387747
  Solution status   feasible
                    -0.972133738492 (objective)
                    0 (bound viol.)
                    0 (int. viol.)
                    0 (row viol.)
  Timing            0.50
  Max sub-MIP depth 0
  Nodes             1
  Repair LPs        0
  LP iterations     1551
                    0 (strong br.)
                    0 (separation)
                    0 (heuristics)
MIP has 10753 rows; 9409 cols; 25537 nonzeros; 1344 integer variables (1344 binary)
Coefficient ranges:
  Matrix  [2e-01, 1e+00]
  Cost    [1e-02, 6e-02]
  Bound   [1e+00, 1e+00]
  RHS     [4e-05, 2e+00]
WARNING: Problem has some excessively small row bounds
Presolving model
8064 rows, 8873 cols, 22312 nonzeros 0s
6333 rows, 7407 cols, 17751 nonzeros 0s
4465 rows, 5717 cols, 12829 nonzeros 0s
3154 rows, 4333 cols, 9286 nonzeros 0s
2985 rows, 4164 cols, 8948 nonzeros 0s
Presolve reductions: rows 2985(-7768); columns 4164(-5245); nonzeros 8948(-16589) 

Solving MIP model with:
   2985 rows
   4164 cols (450 binary, 0 integer, 0 implied int., 3714 continuous, 0 domain fixed)
   8948 nonzeros

Src: B => Branching; C => Central rounding; F => Feasibility pump; H => Heuristic;
     I => Shifting; J => Feasibility jump; L => Sub-MIP; P => Empty MIP; R => Randomized rounding;
     S => Solve LP; T => Evaluate node; U => Unbounded; X => User solution; Y => HiGHS solution;
     Z => ZI Round; l => Trivial lower; p => Trivial point; u => Trivial upper; z => Trivial zero

        Nodes      |    B&B Tree     |            Objective Bounds              |  Dynamic Constraints |       Work      
Src  Proc. InQueue |  Leaves   Expl. | BestBound       BestSol              Gap |   Cuts   InLp Confl. | LpIters     Time

 J       0       0         0   0.00%   -inf            1.350290862        Large        0      0      0         0     0.4s
 T       0       0         0   0.00%   -2.066112066    -0.956492557     116.01%        0      0      0      1232     0.5s
         1       0         1 100.00%   -0.956492557    -0.956492557       0.00%        0      0      0      1232     0.5s

Solving report
  Status            Optimal
  Primal bound      -0.956492556988
  Dual bound        -0.956492556988
  Gap               0% (tolerance: 0.5%)
  P-D integral      0.137374276047
  Solution status   feasible
                    -0.956492556988 (objective)
                    0 (bound viol.)
                    0 (int. viol.)
                    0 (row viol.)
  Timing            0.51
  Max sub-MIP depth 0
  Nodes             1
  Repair LPs        0
  LP iterations     1232
                    0 (strong br.)
                    0 (separation)
                    0 (heuristics)
MIP has 10753 rows; 9409 cols; 25537 nonzeros; 1344 integer variables (1344 binary)
Coefficient ranges:
  Matrix  [2e-01, 1e+00]
  Cost    [1e-02, 6e-02]
  Bound   [1e+00, 1e+00]
  RHS     [4e-05, 2e+00]
WARNING: Problem has some excessively small row bounds
Presolving model
8064 rows, 8866 cols, 22305 nonzeros 0s
6349 rows, 7422 cols, 17794 nonzeros 0s
4484 rows, 5735 cols, 12894 nonzeros 0s
3168 rows, 4339 cols, 9330 nonzeros 0s
2997 rows, 4168 cols, 8988 nonzeros 0s
Presolve reductions: rows 2997(-7756); columns 4168(-5241); nonzeros 8988(-16549) 

Solving MIP model with:
   2997 rows
   4168 cols (456 binary, 0 integer, 0 implied int., 3712 continuous, 0 domain fixed)
   8988 nonzeros

Src: B => Branching; C => Central rounding; F => Feasibility pump; H => Heuristic;
     I => Shifting; J => Feasibility jump; L => Sub-MIP; P => Empty MIP; R => Randomized rounding;
     S => Solve LP; T => Evaluate node; U => Unbounded; X => User solution; Y => HiGHS solution;
     Z => ZI Round; l => Trivial lower; p => Trivial point; u => Trivial upper; z => Trivial zero

        Nodes      |    B&B Tree     |            Objective Bounds              |  Dynamic Constraints |       Work      
Src  Proc. InQueue |  Leaves   Expl. | BestBound       BestSol              Gap |   Cuts   InLp Confl. | LpIters     Time

 J       0       0         0   0.00%   -inf            1.313876366        Large        0      0      0         0     0.5s
 T       0       0         0   0.00%   -2.116934305    -1.067985652      98.22%        0      0      0      1217     0.5s
         1       0         1 100.00%   -1.067985652    -1.067985652       0.00%        0      0      0      1217     0.5s

Solving report
  Status            Optimal
  Primal bound      -1.06798565205
  Dual bound        -1.06798565205
  Gap               0% (tolerance: 0.5%)
  P-D integral      0.096326032273
  Solution status   feasible
                    -1.06798565205 (objective)
                    0 (bound viol.)
                    0 (int. viol.)
                    0 (row viol.)
  Timing            0.51
  Max sub-MIP depth 0
  Nodes             1
  Repair LPs        0
  LP iterations     1217
                    0 (strong br.)
                    0 (separation)
                    0 (heuristics)
MIP has 10753 rows; 9409 cols; 25537 nonzeros; 1344 integer variables (1344 binary)
Coefficient ranges:
  Matrix  [2e-01, 1e+00]
  Cost    [1e-02, 6e-02]
  Bound   [1e+00, 1e+00]
  RHS     [2e-04, 2e+00]
Presolving model
8064 rows, 8851 cols, 22290 nonzeros 0s
6341 rows, 7443 cols, 17811 nonzeros 0s
4459 rows, 5759 cols, 12893 nonzeros 0s
3725 rows, 4768 cols, 10788 nonzeros 0s
3651 rows, 4694 cols, 10640 nonzeros 0s
Presolve reductions: rows 3651(-7102); columns 4694(-4715); nonzeros 10640(-14897) 

Solving MIP model with:
   3651 rows
   4694 cols (574 binary, 0 integer, 0 implied int., 4120 continuous, 0 domain fixed)
   10640 nonzeros

Src: B => Branching; C => Central rounding; F => Feasibility pump; H => Heuristic;
     I => Shifting; J => Feasibility jump; L => Sub-MIP; P => Empty MIP; R => Randomized rounding;
     S => Solve LP; T => Evaluate node; U => Unbounded; X => User solution; Y => HiGHS solution;
     Z => ZI Round; l => Trivial lower; p => Trivial point; u => Trivial upper; z => Trivial zero

        Nodes      |    B&B Tree     |            Objective Bounds              |  Dynamic Constraints |       Work      
Src  Proc. InQueue |  Leaves   Expl. | BestBound       BestSol              Gap |   Cuts   InLp Confl. | LpIters     Time

 J       0       0         0   0.00%   -inf            0.5071004668       Large        0      0      0         0     0.4s
 T       0       0         0   0.00%   -2.078681664    -1.400864129      48.39%        0      0      0      1400     0.5s
         1       0         1 100.00%   -1.400864129    -1.400864129       0.00%        0      0      0      1400     0.5s

Solving report
  Status            Optimal
  Primal bound      -1.40086412934
  Dual bound        -1.40086412934
  Gap               0% (tolerance: 0.5%)
  P-D integral      0.309946931648
  Solution status   feasible
                    -1.40086412934 (objective)
                    0 (bound viol.)
                    0 (int. viol.)
                    0 (row viol.)
  Timing            0.51
  Max sub-MIP depth 0
  Nodes             1
  Repair LPs        0
  LP iterations     1400
                    0 (strong br.)
                    0 (separation)
                    0 (heuristics)
MIP has 10753 rows; 9409 cols; 25537 nonzeros; 1344 integer variables (1344 binary)
Coefficient ranges:
  Matrix  [2e-01, 1e+00]
  Cost    [1e-02, 6e-02]
  Bound   [1e+00, 1e+00]
  RHS     [3e-04, 2e+00]
Presolving model
8064 rows, 8838 cols, 22277 nonzeros 0s
6284 rows, 7241 cols, 17564 nonzeros 0s
4380 rows, 5446 cols, 12521 nonzeros 0s
3159 rows, 4086 cols, 9176 nonzeros 0s
3016 rows, 3943 cols, 8890 nonzeros 0s
Presolve reductions: rows 3016(-7737); columns 3943(-5466); nonzeros 8890(-16647) 

Solving MIP model with:
   3016 rows
   3943 cols (483 binary, 0 integer, 0 implied int., 3460 continuous, 0 domain fixed)
   8890 nonzeros

Src: B => Branching; C => Central rounding; F => Feasibility pump; H => Heuristic;
     I => Shifting; J => Feasibility jump; L => Sub-MIP; P => Empty MIP; R => Randomized rounding;
     S => Solve LP; T => Evaluate node; U => Unbounded; X => User solution; Y => HiGHS solution;
     Z => ZI Round; l => Trivial lower; p => Trivial point; u => Trivial upper; z => Trivial zero

        Nodes      |    B&B Tree     |            Objective Bounds              |  Dynamic Constraints |       Work      
Src  Proc. InQueue |  Leaves   Expl. | BestBound       BestSol              Gap |   Cuts   InLp Confl. | LpIters     Time

 J       0       0         0   0.00%   -inf            -0.9591284088      Large        0      0      0         0     0.4s
 T       0       0         0   0.00%   -2.242396969    -2.030936907      10.41%        0      0      0      1119     0.5s
         1       0         1 100.00%   -2.030936907    -2.030936907       0.00%        0      0      0      1119     0.5s

Solving report
  Status            Optimal
  Primal bound      -2.0309369069
  Dual bound        -2.0309369069
  Gap               0% (tolerance: 0.5%)
  P-D integral      0.0642988627858
  Solution status   feasible
                    -2.0309369069 (objective)
                    0 (bound viol.)
                    0 (int. viol.)
                    0 (row viol.)
  Timing            0.50
  Max sub-MIP depth 0
  Nodes             1
  Repair LPs        0
  LP iterations     1119
                    0 (strong br.)
                    0 (separation)
                    0 (heuristics)
MIP has 10753 rows; 9409 cols; 25537 nonzeros; 1344 integer variables (1344 binary)
Coefficient ranges:
  Matrix  [2e-01, 1e+00]
  Cost    [1e-02, 6e-02]
  Bound   [1e+00, 1e+00]
  RHS     [3e-04, 2e+00]
Presolving model
8064 rows, 8813 cols, 22252 nonzeros 0s
6248 rows, 7204 cols, 17464 nonzeros 0s
4361 rows, 5416 cols, 12460 nonzeros 0s
3176 rows, 4090 cols, 9213 nonzeros 0s
3047 rows, 3961 cols, 8955 nonzeros 0s
Presolve reductions: rows 3047(-7706); columns 3961(-5448); nonzeros 8955(-16582) 

Solving MIP model with:
   3047 rows
   3961 cols (487 binary, 0 integer, 0 implied int., 3474 continuous, 0 domain fixed)
   8955 nonzeros

Src: B => Branching; C => Central rounding; F => Feasibility pump; H => Heuristic;
     I => Shifting; J => Feasibility jump; L => Sub-MIP; P => Empty MIP; R => Randomized rounding;
     S => Solve LP; T => Evaluate node; U => Unbounded; X => User solution; Y => HiGHS solution;
     Z => ZI Round; l => Trivial lower; p => Trivial point; u => Trivial upper; z => Trivial zero

        Nodes      |    B&B Tree     |            Objective Bounds              |  Dynamic Constraints |       Work      
Src  Proc. InQueue |  Leaves   Expl. | BestBound       BestSol              Gap |   Cuts   InLp Confl. | LpIters     Time

 J       0       0         0   0.00%   -inf            -0.1987026711      Large        0      0      0         0     0.4s
 T       0       0         0   0.00%   -2.283258463    -1.822260987      25.30%        0      0      0      1144     0.5s
         1       0         1 100.00%   -1.822260987    -1.822260987       0.00%        0      0      0      1144     0.5s

Solving report
  Status            Optimal
  Primal bound      -1.82226098689
  Dual bound        -1.82226098689
  Gap               0% (tolerance: 0.5%)
  P-D integral      0.747382578784
  Solution status   feasible
                    -1.82226098689 (objective)
                    0 (bound viol.)
                    0 (int. viol.)
                    0 (row viol.)
  Timing            0.52
  Max sub-MIP depth 0
  Nodes             1
  Repair LPs        0
  LP iterations     1144
                    0 (strong br.)
                    0 (separation)
                    0 (heuristics)
MIP has 10753 rows; 9409 cols; 25537 nonzeros; 1344 integer variables (1344 binary)
Coefficient ranges:
  Matrix  [2e-01, 1e+00]
  Cost    [1e-02, 6e-02]
  Bound   [1e+00, 1e+00]
  RHS     [1e-04, 2e+00]
Presolving model
8064 rows, 8792 cols, 22231 nonzeros 0s
6369 rows, 7431 cols, 17839 nonzeros 0s
4533 rows, 5822 cols, 13058 nonzeros 0s
3509 rows, 4659 cols, 10255 nonzeros 0s
3371 rows, 4521 cols, 9979 nonzeros 0s
Presolve reductions: rows 3371(-7382); columns 4521(-4888); nonzeros 9979(-15558) 

Solving MIP model with:
   3371 rows
   4521 cols (522 binary, 0 integer, 0 implied int., 3999 continuous, 0 domain fixed)
   9979 nonzeros

Src: B => Branching; C => Central rounding; F => Feasibility pump; H => Heuristic;
     I => Shifting; J => Feasibility jump; L => Sub-MIP; P => Empty MIP; R => Randomized rounding;
     S => Solve LP; T => Evaluate node; U => Unbounded; X => User solution; Y => HiGHS solution;
     Z => ZI Round; l => Trivial lower; p => Trivial point; u => Trivial upper; z => Trivial zero

        Nodes      |    B&B Tree     |            Objective Bounds              |  Dynamic Constraints |       Work      
Src  Proc. InQueue |  Leaves   Expl. | BestBound       BestSol              Gap |   Cuts   InLp Confl. | LpIters     Time

 J       0       0         0   0.00%   -inf            2.040991492        Large        0      0      0         0     0.4s
 T       0       0         0   0.00%   -1.745904706    -0.5092106369    242.86%        0      0      0      1331     0.5s
         1       0         1 100.00%   -0.5092106369   -0.5092106369      0.00%        0      0      0      1331     0.5s

Solving report
  Status            Optimal
  Primal bound      -0.509210636862
  Dual bound        -0.509210636862
  Gap               0% (tolerance: 0.5%)
  P-D integral      0.114256617112
  Solution status   feasible
                    -0.509210636862 (objective)
                    0 (bound viol.)
                    0 (int. viol.)
                    0 (row viol.)
  Timing            0.52
  Max sub-MIP depth 0
  Nodes             1
  Repair LPs        0
  LP iterations     1331
                    0 (strong br.)
                    0 (separation)
                    0 (heuristics)
MIP has 10753 rows; 9409 cols; 25537 nonzeros; 1344 integer variables (1344 binary)
Coefficient ranges:
  Matrix  [2e-01, 1e+00]
  Cost    [1e-02, 6e-02]
  Bound   [1e+00, 1e+00]
  RHS     [1e-04, 2e+00]
Presolving model
8064 rows, 8762 cols, 22201 nonzeros 0s
6430 rows, 7449 cols, 17930 nonzeros 0s
4641 rows, 5916 cols, 13280 nonzeros 0s
2999 rows, 4315 cols, 8929 nonzeros 0s
2759 rows, 4075 cols, 8449 nonzeros 0s
Presolve reductions: rows 2759(-7994); columns 4075(-5334); nonzeros 8449(-17088) 

Solving MIP model with:
   2759 rows
   4075 cols (404 binary, 0 integer, 0 implied int., 3671 continuous, 0 domain fixed)
   8449 nonzeros

Src: B => Branching; C => Central rounding; F => Feasibility pump; H => Heuristic;
     I => Shifting; J => Feasibility jump; L => Sub-MIP; P => Empty MIP; R => Randomized rounding;
     S => Solve LP; T => Evaluate node; U => Unbounded; X => User solution; Y => HiGHS solution;
     Z => ZI Round; l => Trivial lower; p => Trivial point; u => Trivial upper; z => Trivial zero

        Nodes      |    B&B Tree     |            Objective Bounds              |  Dynamic Constraints |       Work      
Src  Proc. InQueue |  Leaves   Expl. | BestBound       BestSol              Gap |   Cuts   InLp Confl. | LpIters     Time

 J       0       0         0   0.00%   -inf            3.306581281        Large        0      0      0         0     0.4s
 T       0       0         0   0.00%   -1.365256135    0.298937495      556.70%        0      0      0      1186     0.5s
         1       0         1 100.00%   0.298937495     0.298937495        0.00%        0      0      0      1186     0.5s

Solving report
  Status            Optimal
  Primal bound      0.298937495047
  Dual bound        0.298937495047
  Gap               0% (tolerance: 0.5%)
  P-D integral      0.073855803692
  Solution status   feasible
                    0.298937495047 (objective)
                    0 (bound viol.)
                    0 (int. viol.)
                    0 (row viol.)
  Timing            0.46
  Max sub-MIP depth 0
  Nodes             1
  Repair LPs        0
  LP iterations     1186
                    0 (strong br.)
                    0 (separation)
                    0 (heuristics)
MIP has 10753 rows; 9409 cols; 25537 nonzeros; 1344 integer variables (1344 binary)
Coefficient ranges:
  Matrix  [2e-01, 1e+00]
  Cost    [1e-02, 6e-02]
  Bound   [1e+00, 1e+00]
  RHS     [1e-04, 2e+00]
Presolving model
8064 rows, 8750 cols, 22189 nonzeros 0s
6437 rows, 7443 cols, 17931 nonzeros 0s
4656 rows, 5920 cols, 13303 nonzeros 0s
2843 rows, 4205 cols, 8539 nonzeros 0s
2589 rows, 3951 cols, 8031 nonzeros 0s
Presolve reductions: rows 2589(-8164); columns 3951(-5458); nonzeros 8031(-17506) 

Solving MIP model with:
   2589 rows
   3951 cols (373 binary, 0 integer, 0 implied int., 3578 continuous, 0 domain fixed)
   8031 nonzeros

Src: B => Branching; C => Central rounding; F => Feasibility pump; H => Heuristic;
     I => Shifting; J => Feasibility jump; L => Sub-MIP; P => Empty MIP; R => Randomized rounding;
     S => Solve LP; T => Evaluate node; U => Unbounded; X => User solution; Y => HiGHS solution;
     Z => ZI Round; l => Trivial lower; p => Trivial point; u => Trivial upper; z => Trivial zero

        Nodes      |    B&B Tree     |            Objective Bounds              |  Dynamic Constraints |       Work      
Src  Proc. InQueue |  Leaves   Expl. | BestBound       BestSol              Gap |   Cuts   InLp Confl. | LpIters     Time

 J       0       0         0   0.00%   -inf            3.366428013        Large        0      0      0         0     0.5s
 T       0       0         0   0.00%   -1.172077948    0.5694272684     305.83%        0      0      0      1142     0.5s
         1       0         1 100.00%   0.5694272684    0.5694272684       0.00%        0      0      0      1142     0.5s

Solving report
  Status            Optimal
  Primal bound      0.569427268431
  Dual bound        0.569427268431
  Gap               0% (tolerance: 0.5%)
  P-D integral      0.0672655021604
  Solution status   feasible
                    0.569427268431 (objective)
                    0 (bound viol.)
                    0 (int. viol.)
                    0 (row viol.)
  Timing            0.51
  Max sub-MIP depth 0
  Nodes             1
  Repair LPs        0
  LP iterations     1142
                    0 (strong br.)
                    0 (separation)
                    0 (heuristics)
MIP has 10753 rows; 9409 cols; 25537 nonzeros; 1344 integer variables (1344 binary)
Coefficient ranges:
  Matrix  [2e-01, 1e+00]
  Cost    [1e-02, 6e-02]
  Bound   [1e+00, 1e+00]
  RHS     [1e-04, 2e+00]
Presolving model
8064 rows, 8755 cols, 22194 nonzeros 0s
6358 rows, 7331 cols, 17708 nonzeros 0s
4527 rows, 5717 cols, 12915 nonzeros 0s
2593 rows, 3805 cols, 7769 nonzeros 0s
2357 rows, 3569 cols, 7297 nonzeros 0s
Presolve reductions: rows 2357(-8396); columns 3569(-5840); nonzeros 7297(-18240) 

Solving MIP model with:
   2357 rows
   3569 cols (343 binary, 0 integer, 0 implied int., 3226 continuous, 0 domain fixed)
   7297 nonzeros

Src: B => Branching; C => Central rounding; F => Feasibility pump; H => Heuristic;
     I => Shifting; J => Feasibility jump; L => Sub-MIP; P => Empty MIP; R => Randomized rounding;
     S => Solve LP; T => Evaluate node; U => Unbounded; X => User solution; Y => HiGHS solution;
     Z => ZI Round; l => Trivial lower; p => Trivial point; u => Trivial upper; z => Trivial zero

        Nodes      |    B&B Tree     |            Objective Bounds              |  Dynamic Constraints |       Work      
Src  Proc. InQueue |  Leaves   Expl. | BestBound       BestSol              Gap |   Cuts   InLp Confl. | LpIters     Time

 J       0       0         0   0.00%   -inf            3.207201457        Large        0      0      0         0     0.4s
 T       0       0         0   0.00%   -1.156457543    0.7833178042     247.64%        0      0      0      1017     0.4s
         1       0         1 100.00%   0.7833178042    0.7833178042       0.00%        0      0      0      1017     0.4s

Solving report
  Status            Optimal
  Primal bound      0.783317804198
  Dual bound        0.783317804198
  Gap               0% (tolerance: 0.5%)
  P-D integral      0.0537027180416
  Solution status   feasible
                    0.783317804198 (objective)
                    0 (bound viol.)
                    0 (int. viol.)
                    0 (row viol.)
  Timing            0.45
  Max sub-MIP depth 0
  Nodes             1
  Repair LPs        0
  LP iterations     1017
                    0 (strong br.)
                    0 (separation)
                    0 (heuristics)
MIP has 10753 rows; 9409 cols; 25537 nonzeros; 1344 integer variables (1344 binary)
Coefficient ranges:
  Matrix  [2e-01, 1e+00]
  Cost    [1e-02, 6e-02]
  Bound   [1e+00, 1e+00]
  RHS     [1e-06, 2e+00]
WARNING: Problem has some excessively small row bounds
Presolving model
8064 rows, 8734 cols, 22173 nonzeros 0s
6348 rows, 7241 cols, 17628 nonzeros 0s
4492 rows, 5543 cols, 12730 nonzeros 0s
2543 rows, 3611 cols, 7529 nonzeros 0s
2003 rows, 3090 cols, 6232 nonzeros 0s
1951 rows, 3038 cols, 6128 nonzeros 0s
Presolve reductions: rows 1951(-8802); columns 3038(-6371); nonzeros 6128(-19409) 

Solving MIP model with:
   1951 rows
   3038 cols (285 binary, 0 integer, 0 implied int., 2753 continuous, 0 domain fixed)
   6128 nonzeros

Src: B => Branching; C => Central rounding; F => Feasibility pump; H => Heuristic;
     I => Shifting; J => Feasibility jump; L => Sub-MIP; P => Empty MIP; R => Randomized rounding;
     S => Solve LP; T => Evaluate node; U => Unbounded; X => User solution; Y => HiGHS solution;
     Z => ZI Round; l => Trivial lower; p => Trivial point; u => Trivial upper; z => Trivial zero

        Nodes      |    B&B Tree     |            Objective Bounds              |  Dynamic Constraints |       Work      
Src  Proc. InQueue |  Leaves   Expl. | BestBound       BestSol              Gap |   Cuts   InLp Confl. | LpIters     Time

 J       0       0         0   0.00%   -inf            2.241364424        Large        0      0      0         0     0.5s
 T       0       0         0   0.00%   -1.049839763    0.4700401337     323.35%        0      0      0       843     0.5s
         1       0         1 100.00%   0.4700401337    0.4700401337       0.00%        0      0      0       843     0.5s

Solving report
  Status            Optimal
  Primal bound      0.470040133673
  Dual bound        0.470040133673
  Gap               0% (tolerance: 0.5%)
  P-D integral      0.051198148666
  Solution status   feasible
                    0.470040133673 (objective)
                    0 (bound viol.)
                    0 (int. viol.)
                    0 (row viol.)
  Timing            0.51
  Max sub-MIP depth 0
  Nodes             1
  Repair LPs        0
  LP iterations     843
                    0 (strong br.)
                    0 (separation)
                    0 (heuristics)
MIP has 10753 rows; 9409 cols; 25537 nonzeros; 1344 integer variables (1344 binary)
Coefficient ranges:
  Matrix  [2e-01, 1e+00]
  Cost    [1e-02, 6e-02]
  Bound   [1e+00, 1e+00]
  RHS     [1e-06, 2e+00]
WARNING: Problem has some excessively small row bounds
Presolving model
8064 rows, 8720 cols, 22159 nonzeros 0s
6370 rows, 7287 cols, 17701 nonzeros 0s
4563 rows, 5677 cols, 12971 nonzeros 0s
2598 rows, 3752 cols, 7753 nonzeros 0s
2359 rows, 3513 cols, 7275 nonzeros 0s
Presolve reductions: rows 2359(-8394); columns 3513(-5896); nonzeros 7275(-18262) 

Solving MIP model with:
   2359 rows
   3513 cols (351 binary, 0 integer, 0 implied int., 3162 continuous, 0 domain fixed)
   7275 nonzeros

Src: B => Branching; C => Central rounding; F => Feasibility pump; H => Heuristic;
     I => Shifting; J => Feasibility jump; L => Sub-MIP; P => Empty MIP; R => Randomized rounding;
     S => Solve LP; T => Evaluate node; U => Unbounded; X => User solution; Y => HiGHS solution;
     Z => ZI Round; l => Trivial lower; p => Trivial point; u => Trivial upper; z => Trivial zero

        Nodes      |    B&B Tree     |            Objective Bounds              |  Dynamic Constraints |       Work      
Src  Proc. InQueue |  Leaves   Expl. | BestBound       BestSol              Gap |   Cuts   InLp Confl. | LpIters     Time

 J       0       0         0   0.00%   -inf            2.707179703        Large        0      0      0         0     0.4s
 T       0       0         0   0.00%   -1.076882439    0.3817701412     382.08%        0      0      0       979     0.5s
         1       0         1 100.00%   0.3817701412    0.3817701412       0.00%        0      0      0       979     0.5s

Solving report
  Status            Optimal
  Primal bound      0.381770141151
  Dual bound        0.381770141151
  Gap               0% (tolerance: 0.5%)
  P-D integral      0.0658093331867
  Solution status   feasible
                    0.381770141151 (objective)
                    0 (bound viol.)
                    0 (int. viol.)
                    0 (row viol.)
  Timing            0.46
  Max sub-MIP depth 0
  Nodes             1
  Repair LPs        0
  LP iterations     979
                    0 (strong br.)
                    0 (separation)
                    0 (heuristics)
MIP has 10753 rows; 9409 cols; 25537 nonzeros; 1344 integer variables (1344 binary)
Coefficient ranges:
  Matrix  [2e-01, 1e+00]
  Cost    [1e-02, 6e-02]
  Bound   [1e+00, 1e+00]
  RHS     [2e-05, 2e+00]
WARNING: Problem has some excessively small row bounds
Presolving model
8064 rows, 8827 cols, 22266 nonzeros 0s
6441 rows, 7537 cols, 18017 nonzeros 0s
4684 rows, 6045 cols, 13432 nonzeros 0s
2887 rows, 4370 cols, 8716 nonzeros 0s
2624 rows, 4107 cols, 8190 nonzeros 0s
Presolve reductions: rows 2624(-8129); columns 4107(-5302); nonzeros 8190(-17347) 

Solving MIP model with:
   2624 rows
   4107 cols (365 binary, 0 integer, 0 implied int., 3742 continuous, 0 domain fixed)
   8190 nonzeros

Src: B => Branching; C => Central rounding; F => Feasibility pump; H => Heuristic;
     I => Shifting; J => Feasibility jump; L => Sub-MIP; P => Empty MIP; R => Randomized rounding;
     S => Solve LP; T => Evaluate node; U => Unbounded; X => User solution; Y => HiGHS solution;
     Z => ZI Round; l => Trivial lower; p => Trivial point; u => Trivial upper; z => Trivial zero

        Nodes      |    B&B Tree     |            Objective Bounds              |  Dynamic Constraints |       Work      
Src  Proc. InQueue |  Leaves   Expl. | BestBound       BestSol              Gap |   Cuts   InLp Confl. | LpIters     Time

         0       0         0   0.00%   -0.7986484546   inf                  inf        0      0      0         0     0.5s
 T       0       0         0   0.00%   -0.7986484546   1.70123496       146.95%        0      0      0      1249     0.5s
         1       0         1 100.00%   1.70123496      1.70123496         0.00%        0      0      0      1249     0.5s

Solving report
  Status            Optimal
  Primal bound      1.70123496028
  Dual bound        1.70123496028
  Gap               0% (tolerance: 0.5%)
  P-D integral      0.000115205051137
  Solution status   feasible
                    1.70123496028 (objective)
                    0 (bound viol.)
                    0 (int. viol.)
                    0 (row viol.)
  Timing            0.51
  Max sub-MIP depth 0
  Nodes             1
  Repair LPs        0
  LP iterations     1249
                    0 (strong br.)
                    0 (separation)
                    0 (heuristics)
MIP has 10753 rows; 9409 cols; 25537 nonzeros; 1344 integer variables (1344 binary)
Coefficient ranges:
  Matrix  [2e-01, 1e+00]
  Cost    [1e-02, 6e-02]
  Bound   [1e+00, 1e+00]
  RHS     [2e-05, 2e+00]
WARNING: Problem has some excessively small row bounds
Presolving model
8064 rows, 9176 cols, 22615 nonzeros 0s
6581 rows, 8025 cols, 18641 nonzeros 0s
4957 rows, 6715 cols, 14371 nonzeros 0s
3180 rows, 5211 cols, 9754 nonzeros 0s
2728 rows, 4792 cols, 8747 nonzeros 0s
Presolve reductions: rows 2728(-8025); columns 4792(-4617); nonzeros 8747(-16790) 

Solving MIP model with:
   2728 rows
   4792 cols (307 binary, 0 integer, 0 implied int., 4485 continuous, 0 domain fixed)
   8747 nonzeros

Src: B => Branching; C => Central rounding; F => Feasibility pump; H => Heuristic;
     I => Shifting; J => Feasibility jump; L => Sub-MIP; P => Empty MIP; R => Randomized rounding;
     S => Solve LP; T => Evaluate node; U => Unbounded; X => User solution; Y => HiGHS solution;
     Z => ZI Round; l => Trivial lower; p => Trivial point; u => Trivial upper; z => Trivial zero

        Nodes      |    B&B Tree     |            Objective Bounds              |  Dynamic Constraints |       Work      
Src  Proc. InQueue |  Leaves   Expl. | BestBound       BestSol              Gap |   Cuts   InLp Confl. | LpIters     Time

 J       0       0         0   0.00%   -inf            5.024561855        Large        0      0      0         0     0.4s
 T       0       0         0   0.00%   -0.2924258439   3.936847438      107.43%        0      0      0      1689     0.5s
         1       0         1 100.00%   3.936847438     3.936847438        0.00%        0      0      0      1689     0.5s

Solving report
  Status            Optimal
  Primal bound      3.93684743755
  Dual bound        3.93684743755
  Gap               0% (tolerance: 0.5%)
  P-D integral      0.0514235839272
  Solution status   feasible
                    3.93684743755 (objective)
                    0 (bound viol.)
                    0 (int. viol.)
                    0 (row viol.)
  Timing            0.50
  Max sub-MIP depth 0
  Nodes             1
  Repair LPs        0
  LP iterations     1689
                    0 (strong br.)
                    0 (separation)
                    0 (heuristics)
MIP has 10753 rows; 9409 cols; 25537 nonzeros; 1344 integer variables (1344 binary)
Coefficient ranges:
  Matrix  [2e-01, 1e+00]
  Cost    [1e-02, 6e-02]
  Bound   [1e+00, 1e+00]
  RHS     [1e-05, 2e+00]
WARNING: Problem has some excessively small row bounds
Presolving model
8064 rows, 9068 cols, 22507 nonzeros 0s
6532 rows, 7869 cols, 18438 nonzeros 0s
4877 rows, 6507 cols, 14086 nonzeros 0s
3063 rows, 4917 cols, 9347 nonzeros 0s
2543 rows, 4313 cols, 8119 nonzeros 0s
Presolve reductions: rows 2543(-8210); columns 4313(-5096); nonzeros 8119(-17418) 

Solving MIP model with:
   2543 rows
   4313 cols (316 binary, 0 integer, 0 implied int., 3997 continuous, 0 domain fixed)
   8119 nonzeros

Src: B => Branching; C => Central rounding; F => Feasibility pump; H => Heuristic;
     I => Shifting; J => Feasibility jump; L => Sub-MIP; P => Empty MIP; R => Randomized rounding;
     S => Solve LP; T => Evaluate node; U => Unbounded; X => User solution; Y => HiGHS solution;
     Z => ZI Round; l => Trivial lower; p => Trivial point; u => Trivial upper; z => Trivial zero

        Nodes      |    B&B Tree     |            Objective Bounds              |  Dynamic Constraints |       Work      
Src  Proc. InQueue |  Leaves   Expl. | BestBound       BestSol              Gap |   Cuts   InLp Confl. | LpIters     Time

 J       0       0         0   0.00%   -inf            4.952087127        Large        0      0      0         0     0.6s
 T       0       0         0   0.00%   0.0840802759    4.131924791       97.97%        0      0      0      1420     0.7s
         1       0         1 100.00%   4.131924791     4.131924791        0.00%        0      0      0      1420     0.7s

Solving report
  Status            Optimal
  Primal bound      4.13192479084
  Dual bound        4.13192479084
  Gap               0% (tolerance: 0.5%)
  P-D integral      0.0435497928209
  Solution status   feasible
                    4.13192479084 (objective)
                    0 (bound viol.)
                    0 (int. viol.)
                    0 (row viol.)
  Timing            0.70
  Max sub-MIP depth 0
  Nodes             1
  Repair LPs        0
  LP iterations     1420
                    0 (strong br.)
                    0 (separation)
                    0 (heuristics)
MIP has 10753 rows; 9409 cols; 25537 nonzeros; 1344 integer variables (1344 binary)
Coefficient ranges:
  Matrix  [2e-01, 1e+00]
  Cost    [1e-02, 6e-02]
  Bound   [1e+00, 1e+00]
  RHS     [1e-05, 2e+00]
WARNING: Problem has some excessively small row bounds
Presolving model
8064 rows, 8560 cols, 21999 nonzeros 0s
6399 rows, 7227 cols, 17661 nonzeros 0s
4599 rows, 5680 cols, 12968 nonzeros 0s
2678 rows, 3891 cols, 7924 nonzeros 0s
1553 rows, 2930 cols, 5182 nonzeros 0s
1389 rows, 2765 cols, 4853 nonzeros 0s
Presolve reductions: rows 1389(-9364); columns 2765(-6644); nonzeros 4853(-20684) 

Solving MIP model with:
   1389 rows
   2765 cols (175 binary, 0 integer, 0 implied int., 2590 continuous, 0 domain fixed)
   4853 nonzeros

Src: B => Branching; C => Central rounding; F => Feasibility pump; H => Heuristic;
     I => Shifting; J => Feasibility jump; L => Sub-MIP; P => Empty MIP; R => Randomized rounding;
     S => Solve LP; T => Evaluate node; U => Unbounded; X => User solution; Y => HiGHS solution;
     Z => ZI Round; l => Trivial lower; p => Trivial point; u => Trivial upper; z => Trivial zero

        Nodes      |    B&B Tree     |            Objective Bounds              |  Dynamic Constraints |       Work      
Src  Proc. InQueue |  Leaves   Expl. | BestBound       BestSol              Gap |   Cuts   InLp Confl. | LpIters     Time

 J       0       0         0   0.00%   -inf            6.634552845        Large        0      0      0         0     0.6s
 T       0       0         0   0.00%   -0.2171520804   5.91797828       103.67%        0      0      0       575     0.6s
         1       0         1 100.00%   5.91797828      5.91797828         0.00%        0      0      0       575     0.6s

Solving report
  Status            Optimal
  Primal bound      5.9179782796
  Dual bound        5.9179782796
  Gap               0% (tolerance: 0.5%)
  P-D integral      0.0294174319046
  Solution status   feasible
                    5.9179782796 (objective)
                    0 (bound viol.)
                    0 (int. viol.)
                    0 (row viol.)
  Timing            0.60
  Max sub-MIP depth 0
  Nodes             1
  Repair LPs        0
  LP iterations     575
                    0 (strong br.)
                    0 (separation)
                    0 (heuristics)
MIP has 10753 rows; 9409 cols; 25537 nonzeros; 1344 integer variables (1344 binary)
Coefficient ranges:
  Matrix  [2e-01, 1e+00]
  Cost    [1e-02, 6e-02]
  Bound   [1e+00, 1e+00]
  RHS     [3e-04, 2e+00]
Presolving model
8064 rows, 8414 cols, 21853 nonzeros 0s
6389 rows, 7070 cols, 17498 nonzeros 0s
4562 rows, 5497 cols, 12751 nonzeros 0s
2606 rows, 3649 cols, 7594 nonzeros 0s
2394 rows, 2724 cols, 5039 nonzeros 0s
1046 rows, 2127 cols, 3562 nonzeros 0s
870 rows, 1799 cols, 3058 nonzeros 0s
750 rows, 1344 cols, 2483 nonzeros 0s
700 rows, 1192 cols, 2281 nonzeros 0s
Presolve reductions: rows 700(-10053); columns 1192(-8217); nonzeros 2281(-23256) 

Solving MIP model with:
   700 rows
   1192 cols (98 binary, 0 integer, 0 implied int., 1094 continuous, 0 domain fixed)
   2281 nonzeros

Src: B => Branching; C => Central rounding; F => Feasibility pump; H => Heuristic;
     I => Shifting; J => Feasibility jump; L => Sub-MIP; P => Empty MIP; R => Randomized rounding;
     S => Solve LP; T => Evaluate node; U => Unbounded; X => User solution; Y => HiGHS solution;
     Z => ZI Round; l => Trivial lower; p => Trivial point; u => Trivial upper; z => Trivial zero

        Nodes      |    B&B Tree     |            Objective Bounds              |  Dynamic Constraints |       Work      
Src  Proc. InQueue |  Leaves   Expl. | BestBound       BestSol              Gap |   Cuts   InLp Confl. | LpIters     Time

 J       0       0         0   0.00%   -inf            7.613597041        Large        0      0      0         0     0.5s
 T       0       0         0   0.00%   5.800018299     7.27582191        20.28%        0      0      0       316     0.5s
         1       0         1 100.00%   7.27582191      7.27582191         0.00%        0      0      0       316     0.5s

Solving report
  Status            Optimal
  Primal bound      7.2758219103
  Dual bound        7.2758219103
  Gap               0% (tolerance: 0.5%)
  P-D integral      0.00188394805134
  Solution status   feasible
                    7.2758219103 (objective)
                    0 (bound viol.)
                    0 (int. viol.)
                    0 (row viol.)
  Timing            0.47
  Max sub-MIP depth 0
  Nodes             1
  Repair LPs        0
  LP iterations     316
                    0 (strong br.)
                    0 (separation)
                    0 (heuristics)
MIP has 10753 rows; 9409 cols; 25537 nonzeros; 1344 integer variables (1344 binary)
Coefficient ranges:
  Matrix  [2e-01, 1e+00]
  Cost    [1e-02, 6e-02]
  Bound   [1e+00, 1e+00]
  RHS     [2e-04, 2e+00]
Presolving model
8064 rows, 8526 cols, 21965 nonzeros 0s
6390 rows, 7181 cols, 17610 nonzeros 0s
4581 rows, 5627 cols, 12896 nonzeros 0s
2621 rows, 3772 cols, 7736 nonzeros 0s
2388 rows, 2921 cols, 5689 nonzeros 0s
1565 rows, 2723 cols, 5055 nonzeros 0s
1447 rows, 2605 cols, 4817 nonzeros 0s
Presolve reductions: rows 1447(-9306); columns 2605(-6804); nonzeros 4817(-20720) 

Solving MIP model with:
   1447 rows
   2605 cols (192 binary, 0 integer, 0 implied int., 2413 continuous, 0 domain fixed)
   4817 nonzeros

Src: B => Branching; C => Central rounding; F => Feasibility pump; H => Heuristic;
     I => Shifting; J => Feasibility jump; L => Sub-MIP; P => Empty MIP; R => Randomized rounding;
     S => Solve LP; T => Evaluate node; U => Unbounded; X => User solution; Y => HiGHS solution;
     Z => ZI Round; l => Trivial lower; p => Trivial point; u => Trivial upper; z => Trivial zero

        Nodes      |    B&B Tree     |            Objective Bounds              |  Dynamic Constraints |       Work      
Src  Proc. InQueue |  Leaves   Expl. | BestBound       BestSol              Gap |   Cuts   InLp Confl. | LpIters     Time

 J       0       0         0   0.00%   -inf            6.994787905        Large        0      0      0         0     0.5s
 T       0       0         0   0.00%   1.226628876     6.296360429       80.52%        0      0      0       702     0.5s
         1       0         1 100.00%   6.296360429     6.296360429        0.00%        0      0      0       702     0.5s

Solving report
  Status            Optimal
  Primal bound      6.29636042937
  Dual bound        6.29636042937
  Gap               0% (tolerance: 0.5%)
  P-D integral      0.021167191951
  Solution status   feasible
                    6.29636042937 (objective)
                    0 (bound viol.)
                    0 (int. viol.)
                    0 (row viol.)
  Timing            0.50
  Max sub-MIP depth 0
  Nodes             1
  Repair LPs        0
  LP iterations     702
                    0 (strong br.)
                    0 (separation)
                    0 (heuristics)
MIP has 10753 rows; 9409 cols; 25537 nonzeros; 1344 integer variables (1344 binary)
Coefficient ranges:
  Matrix  [2e-01, 1e+00]
  Cost    [1e-02, 6e-02]
  Bound   [1e+00, 1e+00]
  RHS     [2e-04, 2e+00]
Presolving model
8064 rows, 8605 cols, 22044 nonzeros 0s
6424 rows, 7296 cols, 17759 nonzeros 0s
4636 rows, 5772 cols, 13100 nonzeros 0s
2716 rows, 3985 cols, 8060 nonzeros 0s
1704 rows, 3096 cols, 5597 nonzeros 0s
1549 rows, 2876 cols, 5222 nonzeros 0s
Presolve reductions: rows 1549(-9204); columns 2876(-6533); nonzeros 5222(-20315) 

Solving MIP model with:
   1549 rows
   2876 cols (200 binary, 0 integer, 0 implied int., 2676 continuous, 0 domain fixed)
   5222 nonzeros

Src: B => Branching; C => Central rounding; F => Feasibility pump; H => Heuristic;
     I => Shifting; J => Feasibility jump; L => Sub-MIP; P => Empty MIP; R => Randomized rounding;
     S => Solve LP; T => Evaluate node; U => Unbounded; X => User solution; Y => HiGHS solution;
     Z => ZI Round; l => Trivial lower; p => Trivial point; u => Trivial upper; z => Trivial zero

        Nodes      |    B&B Tree     |            Objective Bounds              |  Dynamic Constraints |       Work      
Src  Proc. InQueue |  Leaves   Expl. | BestBound       BestSol              Gap |   Cuts   InLp Confl. | LpIters     Time

 J       0       0         0   0.00%   -inf            6.46611566         Large        0      0      0         0     0.5s
 T       0       0         0   0.00%   0.4048094942    5.790855045       93.01%        0      0      0       755     0.5s
         1       0         1 100.00%   5.790855045     5.790855045        0.00%        0      0      0       755     0.5s

Solving report
  Status            Optimal
  Primal bound      5.79085504476
  Dual bound        5.79085504476
  Gap               0% (tolerance: 0.5%)
  P-D integral      0.0263689781697
  Solution status   feasible
                    5.79085504476 (objective)
                    0 (bound viol.)
                    0 (int. viol.)
                    0 (row viol.)
  Timing            0.49
  Max sub-MIP depth 0
  Nodes             1
  Repair LPs        0
  LP iterations     755
                    0 (strong br.)
                    0 (separation)
                    0 (heuristics)
MIP has 10753 rows; 9409 cols; 25537 nonzeros; 1344 integer variables (1344 binary)
Coefficient ranges:
  Matrix  [2e-01, 1e+00]
  Cost    [1e-02, 6e-02]
  Bound   [1e+00, 1e+00]
  RHS     [2e-04, 2e+00]
Presolving model
8064 rows, 8586 cols, 22025 nonzeros 0s
6411 rows, 7215 cols, 17681 nonzeros 0s
4618 rows, 5650 cols, 12988 nonzeros 0s
2709 rows, 3851 cols, 7947 nonzeros 0s
2494 rows, 2986 cols, 5644 nonzeros 0s
1330 rows, 2614 cols, 4493 nonzeros 0s
1133 rows, 2350 cols, 4032 nonzeros 0s
Presolve reductions: rows 1133(-9620); columns 2350(-7059); nonzeros 4032(-21505) 

Solving MIP model with:
   1133 rows
   2350 cols (138 binary, 0 integer, 0 implied int., 2212 continuous, 0 domain fixed)
   4032 nonzeros

Src: B => Branching; C => Central rounding; F => Feasibility pump; H => Heuristic;
     I => Shifting; J => Feasibility jump; L => Sub-MIP; P => Empty MIP; R => Randomized rounding;
     S => Solve LP; T => Evaluate node; U => Unbounded; X => User solution; Y => HiGHS solution;
     Z => ZI Round; l => Trivial lower; p => Trivial point; u => Trivial upper; z => Trivial zero

        Nodes      |    B&B Tree     |            Objective Bounds              |  Dynamic Constraints |       Work      
Src  Proc. InQueue |  Leaves   Expl. | BestBound       BestSol              Gap |   Cuts   InLp Confl. | LpIters     Time

 J       0       0         0   0.00%   -inf            5.660186106        Large        0      0      0         0     0.7s
 T       0       0         0   0.00%   0.3794081516    5.126857732       92.60%        0      0      0       611     0.7s
         1       0         1 100.00%   5.126857732     5.126857732        0.00%        0      0      0       611     0.7s

Solving report
  Status            Optimal
  Primal bound      5.1268577318
  Dual bound        5.1268577318
  Gap               0% (tolerance: 0.5%)
  P-D integral      0.0215865015543
  Solution status   feasible
                    5.1268577318 (objective)
                    0 (bound viol.)
                    0 (int. viol.)
                    0 (row viol.)
  Timing            0.70
  Max sub-MIP depth 0
  Nodes             1
  Repair LPs        0
  LP iterations     611
                    0 (strong br.)
                    0 (separation)
                    0 (heuristics)
MIP has 10753 rows; 9409 cols; 25537 nonzeros; 1344 integer variables (1344 binary)
Coefficient ranges:
  Matrix  [2e-01, 1e+00]
  Cost    [1e-02, 6e-02]
  Bound   [1e+00, 1e+00]
  RHS     [2e-04, 2e+00]
Presolving model
8064 rows, 8540 cols, 21979 nonzeros 0s
6412 rows, 7147 cols, 17638 nonzeros 0s
4653 rows, 5601 cols, 13026 nonzeros 0s
2733 rows, 3791 cols, 7959 nonzeros 0s
2554 rows, 2884 cols, 5509 nonzeros 0s
1242 rows, 2472 cols, 4207 nonzeros 0s
1044 rows, 2274 cols, 3811 nonzeros 0s
Presolve reductions: rows 1044(-9709); columns 2274(-7135); nonzeros 3811(-21726) 

Solving MIP model with:
   1044 rows
   2274 cols (124 binary, 0 integer, 0 implied int., 2150 continuous, 0 domain fixed)
   3811 nonzeros

Src: B => Branching; C => Central rounding; F => Feasibility pump; H => Heuristic;
     I => Shifting; J => Feasibility jump; L => Sub-MIP; P => Empty MIP; R => Randomized rounding;
     S => Solve LP; T => Evaluate node; U => Unbounded; X => User solution; Y => HiGHS solution;
     Z => ZI Round; l => Trivial lower; p => Trivial point; u => Trivial upper; z => Trivial zero

        Nodes      |    B&B Tree     |            Objective Bounds              |  Dynamic Constraints |       Work      
Src  Proc. InQueue |  Leaves   Expl. | BestBound       BestSol              Gap |   Cuts   InLp Confl. | LpIters     Time

 J       0       0         0   0.00%   -inf            5.727911748        Large        0      0      0         0     0.5s
 T       0       0         0   0.00%   -0.1375812479   5.289594494      102.60%        0      0      0       591     0.6s
         1       0         1 100.00%   5.289594494     5.289594494        0.00%        0      0      0       591     0.6s

Solving report
  Status            Optimal
  Primal bound      5.28959449419
  Dual bound        5.28959449419
  Gap               0% (tolerance: 0.5%)
  P-D integral      0.0202821586927
  Solution status   feasible
                    5.28959449419 (objective)
                    0 (bound viol.)
                    0 (int. viol.)
                    0 (row viol.)
  Timing            0.55
  Max sub-MIP depth 0
  Nodes             1
  Repair LPs        0
  LP iterations     591
                    0 (strong br.)
                    0 (separation)
                    0 (heuristics)
MIP has 10753 rows; 9409 cols; 25537 nonzeros; 1344 integer variables (1344 binary)
Coefficient ranges:
  Matrix  [2e-01, 1e+00]
  Cost    [1e-02, 6e-02]
  Bound   [1e+00, 1e+00]
  RHS     [5e-05, 2e+00]
WARNING: Problem has some excessively small row bounds
Presolving model
8064 rows, 8485 cols, 21924 nonzeros 0s
6403 rows, 7137 cols, 17595 nonzeros 0s
4600 rows, 5567 cols, 12903 nonzeros 0s
2694 rows, 3756 cols, 7869 nonzeros 0s
2484 rows, 2947 cols, 5718 nonzeros 0s
1411 rows, 2571 cols, 4643 nonzeros 0s
1195 rows, 2218 cols, 4075 nonzeros 0s
Presolve reductions: rows 1195(-9558); columns 2218(-7191); nonzeros 4075(-21462) 

Solving MIP model with:
   1195 rows
   2218 cols (166 binary, 0 integer, 0 implied int., 2052 continuous, 0 domain fixed)
   4075 nonzeros

Src: B => Branching; C => Central rounding; F => Feasibility pump; H => Heuristic;
     I => Shifting; J => Feasibility jump; L => Sub-MIP; P => Empty MIP; R => Randomized rounding;
     S => Solve LP; T => Evaluate node; U => Unbounded; X => User solution; Y => HiGHS solution;
     Z => ZI Round; l => Trivial lower; p => Trivial point; u => Trivial upper; z => Trivial zero

        Nodes      |    B&B Tree     |            Objective Bounds              |  Dynamic Constraints |       Work      
Src  Proc. InQueue |  Leaves   Expl. | BestBound       BestSol              Gap |   Cuts   InLp Confl. | LpIters     Time

 J       0       0         0   0.00%   -inf            5.915842227        Large        0      0      0         0     0.5s
 T       0       0         0   0.00%   1.273644389     5.449334138       76.63%        0      0      0       526     0.5s
         1       0         1 100.00%   5.449334138     5.449334138        0.00%        0      0      0       526     0.5s

Solving report
  Status            Optimal
  Primal bound      5.44933413836
  Dual bound        5.44933413836
  Gap               0% (tolerance: 0.5%)
  P-D integral      0.0108848619918
  Solution status   feasible
                    5.44933413836 (objective)
                    0 (bound viol.)
                    0 (int. viol.)
                    0 (row viol.)
  Timing            0.48
  Max sub-MIP depth 0
  Nodes             1
  Repair LPs        0
  LP iterations     526
                    0 (strong br.)
                    0 (separation)
                    0 (heuristics)
MIP has 10753 rows; 9409 cols; 25537 nonzeros; 1344 integer variables (1344 binary)
Coefficient ranges:
  Matrix  [2e-01, 1e+00]
  Cost    [1e-02, 6e-02]
  Bound   [1e+00, 1e+00]
  RHS     [5e-05, 2e+00]
WARNING: Problem has some excessively small row bounds
Presolving model
8064 rows, 8504 cols, 21943 nonzeros 0s
6427 rows, 7182 cols, 17664 nonzeros 0s
4669 rows, 5692 cols, 13088 nonzeros 0s
2764 rows, 3934 cols, 8097 nonzeros 0s
2572 rows, 3000 cols, 5501 nonzeros 0s
1220 rows, 2628 cols, 4267 nonzeros 0s
980 rows, 2388 cols, 3787 nonzeros 0s
Presolve reductions: rows 980(-9773); columns 2388(-7021); nonzeros 3787(-21750) 

Solving MIP model with:
   980 rows
   2388 cols (105 binary, 0 integer, 0 implied int., 2283 continuous, 0 domain fixed)
   3787 nonzeros

Src: B => Branching; C => Central rounding; F => Feasibility pump; H => Heuristic;
     I => Shifting; J => Feasibility jump; L => Sub-MIP; P => Empty MIP; R => Randomized rounding;
     S => Solve LP; T => Evaluate node; U => Unbounded; X => User solution; Y => HiGHS solution;
     Z => ZI Round; l => Trivial lower; p => Trivial point; u => Trivial upper; z => Trivial zero

        Nodes      |    B&B Tree     |            Objective Bounds              |  Dynamic Constraints |       Work      
Src  Proc. InQueue |  Leaves   Expl. | BestBound       BestSol              Gap |   Cuts   InLp Confl. | LpIters     Time

 J       0       0         0   0.00%   -inf            8.875208201        Large        0      0      0         0     0.4s
 T       0       0         0   0.00%   -0.0999511693   8.542142778      101.17%        0      0      0       437     0.4s
         1       0         1 100.00%   8.542142778     8.542142778        0.00%        0      0      0       437     0.4s

Solving report
  Status            Optimal
  Primal bound      8.5421427784
  Dual bound        8.5421427784
  Gap               0% (tolerance: 0.5%)
  P-D integral      0.0225642120849
  Solution status   feasible
                    8.5421427784 (objective)
                    0 (bound viol.)
                    0 (int. viol.)
                    0 (row viol.)
  Timing            0.43
  Max sub-MIP depth 0
  Nodes             1
  Repair LPs        0
  LP iterations     437
                    0 (strong br.)
                    0 (separation)
                    0 (heuristics)
MIP has 10753 rows; 9409 cols; 25537 nonzeros; 1344 integer variables (1344 binary)
Coefficient ranges:
  Matrix  [2e-01, 1e+00]
  Cost    [1e-02, 6e-02]
  Bound   [1e+00, 1e+00]
  RHS     [2e-04, 2e+00]
Presolving model
8064 rows, 8562 cols, 22001 nonzeros 0s
6425 rows, 7252 cols, 17716 nonzeros 0s
4665 rows, 5753 cols, 13114 nonzeros 0s
2765 rows, 4019 cols, 8139 nonzeros 0s
2567 rows, 2995 cols, 5288 nonzeros 0s
1081 rows, 2525 cols, 3869 nonzeros 0s
813 rows, 2140 cols, 3216 nonzeros 0s
689 rows, 1742 cols, 2694 nonzeros 0s
618 rows, 1415 cols, 2296 nonzeros 0s
597 rows, 1293 cols, 2153 nonzeros 0s
Presolve reductions: rows 597(-10156); columns 1293(-8116); nonzeros 2153(-23384) 

Solving MIP model with:
   597 rows
   1293 cols (66 binary, 0 integer, 0 implied int., 1227 continuous, 0 domain fixed)
   2153 nonzeros

Src: B => Branching; C => Central rounding; F => Feasibility pump; H => Heuristic;
     I => Shifting; J => Feasibility jump; L => Sub-MIP; P => Empty MIP; R => Randomized rounding;
     S => Solve LP; T => Evaluate node; U => Unbounded; X => User solution; Y => HiGHS solution;
     Z => ZI Round; l => Trivial lower; p => Trivial point; u => Trivial upper; z => Trivial zero

        Nodes      |    B&B Tree     |            Objective Bounds              |  Dynamic Constraints |       Work      
Src  Proc. InQueue |  Leaves   Expl. | BestBound       BestSol              Gap |   Cuts   InLp Confl. | LpIters     Time

 J       0       0         0   0.00%   -inf            9.838939479        Large        0      0      0         0     0.5s
 T       0       0         0   0.00%   6.029597876     9.640676192       37.46%        0      0      0       257     0.5s
         1       0         1 100.00%   9.640676192     9.640676192        0.00%        0      0      0       257     0.5s

Solving report
  Status            Optimal
  Primal bound      9.64067619178
  Dual bound        9.64067619178
  Gap               0% (tolerance: 0.5%)
  P-D integral      0.00466069427196
  Solution status   feasible
                    9.64067619178 (objective)
                    0 (bound viol.)
                    0 (int. viol.)
                    0 (row viol.)
  Timing            0.50
  Max sub-MIP depth 0
  Nodes             1
  Repair LPs        0
  LP iterations     257
                    0 (strong br.)
                    0 (separation)
                    0 (heuristics)
MIP has 10754 rows; 9409 cols; 25538 nonzeros; 1344 integer variables (1344 binary)
Coefficient ranges:
  Matrix  [2e-01, 1e+00]
  Cost    [1e-02, 6e-02]
  Bound   [1e+00, 1e+00]
  RHS     [2e-04, 2e+00]
Presolving model
8064 rows, 8561 cols, 22000 nonzeros 0s
6433 rows, 7257 cols, 17729 nonzeros 0s
4661 rows, 5757 cols, 13106 nonzeros 0s
2760 rows, 4014 cols, 8129 nonzeros 0s
Presolve: Infeasible

Src: B => Branching; C => Central rounding; F => Feasibility pump; H => Heuristic;
     I => Shifting; J => Feasibility jump; L => Sub-MIP; P => Empty MIP; R => Randomized rounding;
     S => Solve LP; T => Evaluate node; U => Unbounded; X => User solution; Y => HiGHS solution;
     Z => ZI Round; l => Trivial lower; p => Trivial point; u => Trivial upper; z => Trivial zero

        Nodes      |    B&B Tree     |            Objective Bounds              |  Dynamic Constraints |       Work      
Src  Proc. InQueue |  Leaves   Expl. | BestBound       BestSol              Gap |   Cuts   InLp Confl. | LpIters     Time

         0       0         0   0.00%   -inf            inf                  inf        0      0      0         0     0.4s

Solving report
  Status            Infeasible
  Primal bound      inf
  Dual bound        -inf
  Gap               inf
  P-D integral      0
  Solution status   -
  Timing            0.35
  Max sub-MIP depth 0
  Nodes             0
  Repair LPs        0
  LP iterations     0
MIP has 16130 rows; 14113 cols; 38306 nonzeros; 2016 integer variables (2016 binary)
Coefficient ranges:
  Matrix  [2e-01, 1e+00]
  Cost    [1e-02, 6e-02]
  Bound   [1e+00, 1e+00]
  RHS     [5e-05, 2e+00]
WARNING: Problem has some excessively small row bounds
Presolving model
12096 rows, 12795 cols, 32954 nonzeros 0s
10043 rows, 11084 cols, 27526 nonzeros 0s
8214 rows, 9603 cols, 22809 nonzeros 0s
6349 rows, 7920 cols, 17912 nonzeros 0s
4413 rows, 6309 cols, 13018 nonzeros 0s
2360 rows, 4556 cols, 7869 nonzeros 0s
1428 rows, 3739 cols, 5656 nonzeros 0s
1305 rows, 3616 cols, 5410 nonzeros 0s
Presolve reductions: rows 1305(-14825); columns 3616(-10497); nonzeros 5410(-32896) 

Solving MIP model with:
   1305 rows
   3616 cols (123 binary, 0 integer, 0 implied int., 3493 continuous, 0 domain fixed)
   5410 nonzeros

Src: B => Branching; C => Central rounding; F => Feasibility pump; H => Heuristic;
     I => Shifting; J => Feasibility jump; L => Sub-MIP; P => Empty MIP; R => Randomized rounding;
     S => Solve LP; T => Evaluate node; U => Unbounded; X => User solution; Y => HiGHS solution;
     Z => ZI Round; l => Trivial lower; p => Trivial point; u => Trivial upper; z => Trivial zero

        Nodes      |    B&B Tree     |            Objective Bounds              |  Dynamic Constraints |       Work      
Src  Proc. InQueue |  Leaves   Expl. | BestBound       BestSol              Gap |   Cuts   InLp Confl. | LpIters     Time

         0       0         0   0.00%   0.0732306426    inf                  inf        0      0      0         0     0.9s
 T       0       0         0   0.00%   0.0732306426    13.42127493       99.45%        0      0      0       594     0.9s
         1       0         1 100.00%   13.42127493     13.42127493        0.00%        0      0      0       594     0.9s

Solving report
  Status            Optimal
  Primal bound      13.421274925
  Dual bound        13.421274925
  Gap               0% (tolerance: 0.5%)
  P-D integral      7.17065960705e-05
  Solution status   feasible
                    13.421274925 (objective)
                    0 (bound viol.)
                    0 (int. viol.)
                    0 (row viol.)
  Timing            0.93
  Max sub-MIP depth 0
  Nodes             1
  Repair LPs        0
  LP iterations     594
                    0 (strong br.)
                    0 (separation)
                    0 (heuristics)
MIP has 10753 rows; 9409 cols; 25537 nonzeros; 1344 integer variables (1344 binary)
Coefficient ranges:
  Matrix  [2e-01, 1e+00]
  Cost    [1e-02, 6e-02]
  Bound   [1e+00, 1e+00]
  RHS     [2e-04, 2e+00]
Presolving model
8064 rows, 8598 cols, 22037 nonzeros 0s
6410 rows, 7277 cols, 17726 nonzeros 0s
4632 rows, 5764 cols, 13099 nonzeros 0s
2695 rows, 3956 cols, 8018 nonzeros 0s
1785 rows, 3168 cols, 5832 nonzeros 0s
1647 rows, 3030 cols, 5556 nonzeros 0s
Presolve reductions: rows 1647(-9106); columns 3030(-6379); nonzeros 5556(-19981) 

Solving MIP model with:
   1647 rows
   3030 cols (220 binary, 0 integer, 0 implied int., 2810 continuous, 0 domain fixed)
   5556 nonzeros

Src: B => Branching; C => Central rounding; F => Feasibility pump; H => Heuristic;
     I => Shifting; J => Feasibility jump; L => Sub-MIP; P => Empty MIP; R => Randomized rounding;
     S => Solve LP; T => Evaluate node; U => Unbounded; X => User solution; Y => HiGHS solution;
     Z => ZI Round; l => Trivial lower; p => Trivial point; u => Trivial upper; z => Trivial zero

        Nodes      |    B&B Tree     |            Objective Bounds              |  Dynamic Constraints |       Work      
Src  Proc. InQueue |  Leaves   Expl. | BestBound       BestSol              Gap |   Cuts   InLp Confl. | LpIters     Time

 J       0       0         0   0.00%   -inf            6.862054325        Large        0      0      0         0     0.5s
 T       0       0         0   0.00%   1.07193004      6.480207525       83.46%        0      0      0       827     0.5s
         1       0         1 100.00%   6.480207525     6.480207525        0.00%        0      0      0       827     0.5s

Solving report
  Status            Optimal
  Primal bound      6.48020752528
  Dual bound        6.48020752528
  Gap               0% (tolerance: 0.5%)
  P-D integral      0.0210029411023
  Solution status   feasible
                    6.48020752528 (objective)
                    0 (bound viol.)
                    0 (int. viol.)
                    0 (row viol.)
  Timing            0.52
  Max sub-MIP depth 0
  Nodes             1
  Repair LPs        0
  LP iterations     827
                    0 (strong br.)
                    0 (separation)
                    0 (heuristics)
MIP has 10753 rows; 9409 cols; 25537 nonzeros; 1344 integer variables (1344 binary)
Coefficient ranges:
  Matrix  [2e-01, 1e+00]
  Cost    [1e-02, 6e-02]
  Bound   [1e+00, 1e+00]
  RHS     [2e-04, 2e+00]
Presolving model
8064 rows, 8601 cols, 22040 nonzeros 0s
6422 rows, 7293 cols, 17754 nonzeros 0s
4638 rows, 5776 cols, 13117 nonzeros 0s
2730 rows, 4002 cols, 8099 nonzeros 0s
1632 rows, 3061 cols, 5428 nonzeros 0s
1488 rows, 2917 cols, 5140 nonzeros 0s
Presolve reductions: rows 1488(-9265); columns 2917(-6492); nonzeros 5140(-20397) 

Solving MIP model with:
   1488 rows
   2917 cols (184 binary, 0 integer, 0 implied int., 2733 continuous, 0 domain fixed)
   5140 nonzeros

Src: B => Branching; C => Central rounding; F => Feasibility pump; H => Heuristic;
     I => Shifting; J => Feasibility jump; L => Sub-MIP; P => Empty MIP; R => Randomized rounding;
     S => Solve LP; T => Evaluate node; U => Unbounded; X => User solution; Y => HiGHS solution;
     Z => ZI Round; l => Trivial lower; p => Trivial point; u => Trivial upper; z => Trivial zero

        Nodes      |    B&B Tree     |            Objective Bounds              |  Dynamic Constraints |       Work      
Src  Proc. InQueue |  Leaves   Expl. | BestBound       BestSol              Gap |   Cuts   InLp Confl. | LpIters     Time

 J       0       0         0   0.00%   -inf            7.704826842        Large        0      0      0         0     0.4s
 T       0       0         0   0.00%   1.177574205     7.342826488       83.96%        0      0      0       839     0.4s
         1       0         1 100.00%   7.342826488     7.342826488        0.00%        0      0      0       839     0.4s

Solving report
  Status            Optimal
  Primal bound      7.34282648783
  Dual bound        7.34282648783
  Gap               0% (tolerance: 0.5%)
  P-D integral      0.0226983206213
  Solution status   feasible
                    7.34282648783 (objective)
                    0 (bound viol.)
                    0 (int. viol.)
                    0 (row viol.)
  Timing            0.41
  Max sub-MIP depth 0
  Nodes             1
  Repair LPs        0
  LP iterations     839
                    0 (strong br.)
                    0 (separation)
                    0 (heuristics)
MIP has 10753 rows; 9409 cols; 25537 nonzeros; 1344 integer variables (1344 binary)
Coefficient ranges:
  Matrix  [2e-01, 1e+00]
  Cost    [1e-02, 6e-02]
  Bound   [1e+00, 1e+00]
  RHS     [1e-04, 2e+00]
Presolving model
8064 rows, 8609 cols, 22048 nonzeros 0s
6418 rows, 7296 cols, 17753 nonzeros 0s
4642 rows, 5787 cols, 13132 nonzeros 0s
2713 rows, 3994 cols, 8074 nonzeros 0s
1727 rows, 3109 cols, 5659 nonzeros 0s
1566 rows, 2834 cols, 5223 nonzeros 0s
Presolve reductions: rows 1566(-9187); columns 2834(-6575); nonzeros 5223(-20314) 

Solving MIP model with:
   1566 rows
   2834 cols (206 binary, 0 integer, 0 implied int., 2628 continuous, 0 domain fixed)
   5223 nonzeros

Src: B => Branching; C => Central rounding; F => Feasibility pump; H => Heuristic;
     I => Shifting; J => Feasibility jump; L => Sub-MIP; P => Empty MIP; R => Randomized rounding;
     S => Solve LP; T => Evaluate node; U => Unbounded; X => User solution; Y => HiGHS solution;
     Z => ZI Round; l => Trivial lower; p => Trivial point; u => Trivial upper; z => Trivial zero

        Nodes      |    B&B Tree     |            Objective Bounds              |  Dynamic Constraints |       Work      
Src  Proc. InQueue |  Leaves   Expl. | BestBound       BestSol              Gap |   Cuts   InLp Confl. | LpIters     Time

 J       0       0         0   0.00%   -inf            7.518217566        Large        0      0      0         0     0.4s
 T       0       0         0   0.00%   1.884380478     7.073259993       73.36%        0      0      0       803     0.5s
         1       0         1 100.00%   7.073259993     7.073259993        0.00%        0      0      0       803     0.5s

Solving report
  Status            Optimal
  Primal bound      7.07325999289
  Dual bound        7.07325999289
  Gap               0% (tolerance: 0.5%)
  P-D integral      0.0209358349468
  Solution status   feasible
                    7.07325999289 (objective)
                    0 (bound viol.)
                    0 (int. viol.)
                    0 (row viol.)
  Timing            0.46
  Max sub-MIP depth 0
  Nodes             1
  Repair LPs        0
  LP iterations     803
                    0 (strong br.)
                    0 (separation)
                    0 (heuristics)
MIP has 10753 rows; 9409 cols; 25537 nonzeros; 1344 integer variables (1344 binary)
Coefficient ranges:
  Matrix  [2e-01, 1e+00]
  Cost    [1e-02, 6e-02]
  Bound   [1e+00, 1e+00]
  RHS     [1e-04, 2e+00]
Presolving model
8064 rows, 8617 cols, 22056 nonzeros 0s
6413 rows, 7300 cols, 17748 nonzeros 0s
4594 rows, 5744 cols, 13017 nonzeros 0s
2657 rows, 3917 cols, 7921 nonzeros 0s
1868 rows, 3169 cols, 5998 nonzeros 0s
1731 rows, 2898 cols, 5590 nonzeros 0s
Presolve reductions: rows 1731(-9022); columns 2898(-6511); nonzeros 5590(-19947) 

Solving MIP model with:
   1731 rows
   2898 cols (241 binary, 0 integer, 0 implied int., 2657 continuous, 0 domain fixed)
   5590 nonzeros

Src: B => Branching; C => Central rounding; F => Feasibility pump; H => Heuristic;
     I => Shifting; J => Feasibility jump; L => Sub-MIP; P => Empty MIP; R => Randomized rounding;
     S => Solve LP; T => Evaluate node; U => Unbounded; X => User solution; Y => HiGHS solution;
     Z => ZI Round; l => Trivial lower; p => Trivial point; u => Trivial upper; z => Trivial zero

        Nodes      |    B&B Tree     |            Objective Bounds              |  Dynamic Constraints |       Work      
Src  Proc. InQueue |  Leaves   Expl. | BestBound       BestSol              Gap |   Cuts   InLp Confl. | LpIters     Time

 J       0       0         0   0.00%   -inf            6.802095928        Large        0      0      0         0     0.5s
 T       0       0         0   0.00%   1.736893244     6.174459541       71.87%        0      0      0       827     0.5s
         1       0         1 100.00%   6.174459541     6.174459541        0.00%        0      0      0       827     0.5s

Solving report
  Status            Optimal
  Primal bound      6.17445954069
  Dual bound        6.17445954069
  Gap               0% (tolerance: 0.5%)
  P-D integral      0.0212974933302
  Solution status   feasible
                    6.17445954069 (objective)
                    0 (bound viol.)
                    0 (int. viol.)
                    0 (row viol.)
  Timing            0.51
  Max sub-MIP depth 0
  Nodes             1
  Repair LPs        0
  LP iterations     827
                    0 (strong br.)
                    0 (separation)
                    0 (heuristics)
MIP has 10753 rows; 9409 cols; 25537 nonzeros; 1344 integer variables (1344 binary)
Coefficient ranges:
  Matrix  [2e-01, 1e+00]
  Cost    [1e-02, 6e-02]
  Bound   [1e+00, 1e+00]
  RHS     [3e-04, 2e+00]
Presolving model
8064 rows, 8611 cols, 22050 nonzeros 0s
6411 rows, 7292 cols, 17742 nonzeros 0s
4620 rows, 5766 cols, 13089 nonzeros 0s
2663 rows, 3922 cols, 7952 nonzeros 0s
1914 rows, 3236 cols, 6161 nonzeros 0s
1822 rows, 3137 cols, 5970 nonzeros 0s
Presolve reductions: rows 1822(-8931); columns 3137(-6272); nonzeros 5970(-19567) 

Solving MIP model with:
   1822 rows
   3137 cols (253 binary, 0 integer, 0 implied int., 2884 continuous, 0 domain fixed)
   5970 nonzeros

Src: B => Branching; C => Central rounding; F => Feasibility pump; H => Heuristic;
     I => Shifting; J => Feasibility jump; L => Sub-MIP; P => Empty MIP; R => Randomized rounding;
     S => Solve LP; T => Evaluate node; U => Unbounded; X => User solution; Y => HiGHS solution;
     Z => ZI Round; l => Trivial lower; p => Trivial point; u => Trivial upper; z => Trivial zero

        Nodes      |    B&B Tree     |            Objective Bounds              |  Dynamic Constraints |       Work      
Src  Proc. InQueue |  Leaves   Expl. | BestBound       BestSol              Gap |   Cuts   InLp Confl. | LpIters     Time

 J       0       0         0   0.00%   -inf            6.521758144        Large        0      0      0         0     0.4s
 T       0       0         0   0.00%   0.7145162614    5.584909887       87.21%        0      0      0       771     0.5s
         1       0         1 100.00%   5.584909887     5.584909887        0.00%        0      0      0       771     0.5s

Solving report
  Status            Optimal
  Primal bound      5.58490988703
  Dual bound        5.58490988703
  Gap               0% (tolerance: 0.5%)
  P-D integral      0.0278401775146
  Solution status   feasible
                    5.58490988703 (objective)
                    0 (bound viol.)
                    0 (int. viol.)
                    0 (row viol.)
  Timing            0.47
  Max sub-MIP depth 0
  Nodes             1
  Repair LPs        0
  LP iterations     771
                    0 (strong br.)
                    0 (separation)
                    0 (heuristics)
MIP has 10753 rows; 9409 cols; 25537 nonzeros; 1344 integer variables (1344 binary)
Coefficient ranges:
  Matrix  [2e-01, 1e+00]
  Cost    [1e-02, 6e-02]
  Bound   [1e+00, 1e+00]
  RHS     [3e-04, 2e+00]
Presolving model
8064 rows, 8635 cols, 22074 nonzeros 0s
6401 rows, 7306 cols, 17746 nonzeros 0s
4596 rows, 5761 cols, 13060 nonzeros 0s
2634 rows, 3897 cols, 7898 nonzeros 0s
2152 rows, 3448 cols, 6835 nonzeros 0s
Presolve reductions: rows 2152(-8601); columns 3448(-5961); nonzeros 6835(-18702) 

Solving MIP model with:
   2152 rows
   3448 cols (309 binary, 0 integer, 0 implied int., 3139 continuous, 0 domain fixed)
   6835 nonzeros

Src: B => Branching; C => Central rounding; F => Feasibility pump; H => Heuristic;
     I => Shifting; J => Feasibility jump; L => Sub-MIP; P => Empty MIP; R => Randomized rounding;
     S => Solve LP; T => Evaluate node; U => Unbounded; X => User solution; Y => HiGHS solution;
     Z => ZI Round; l => Trivial lower; p => Trivial point; u => Trivial upper; z => Trivial zero

        Nodes      |    B&B Tree     |            Objective Bounds              |  Dynamic Constraints |       Work      
Src  Proc. InQueue |  Leaves   Expl. | BestBound       BestSol              Gap |   Cuts   InLp Confl. | LpIters     Time

 J       0       0         0   0.00%   -inf            5.898796229        Large        0      0      0         0     0.4s
 T       0       0         0   0.00%   0.3740269516    4.651844643       91.96%        0      0      0       987     0.4s
         1       0         1 100.00%   4.651844643     4.651844643        0.00%        0      0      0       987     0.4s

Solving report
  Status            Optimal
  Primal bound      4.65184464253
  Dual bound        4.65184464253
  Gap               0% (tolerance: 0.5%)
  P-D integral      0.0339365675657
  Solution status   feasible
                    4.65184464253 (objective)
                    0 (bound viol.)
                    0 (int. viol.)
                    0 (row viol.)
  Timing            0.44
  Max sub-MIP depth 0
  Nodes             1
  Repair LPs        0
  LP iterations     987
                    0 (strong br.)
                    0 (separation)
                    0 (heuristics)
MIP has 10753 rows; 9409 cols; 25537 nonzeros; 1344 integer variables (1344 binary)
Coefficient ranges:
  Matrix  [2e-01, 1e+00]
  Cost    [1e-02, 6e-02]
  Bound   [1e+00, 1e+00]
  RHS     [2e-04, 2e+00]
Presolving model
8064 rows, 8674 cols, 22113 nonzeros 0s
6396 rows, 7340 cols, 17775 nonzeros 0s
4585 rows, 5782 cols, 13070 nonzeros 0s
2630 rows, 3899 cols, 7896 nonzeros 0s
2364 rows, 3633 cols, 7364 nonzeros 0s
Presolve reductions: rows 2364(-8389); columns 3633(-5776); nonzeros 7364(-18173) 

Solving MIP model with:
   2364 rows
   3633 cols (342 binary, 0 integer, 0 implied int., 3291 continuous, 0 domain fixed)
   7364 nonzeros

Src: B => Branching; C => Central rounding; F => Feasibility pump; H => Heuristic;
     I => Shifting; J => Feasibility jump; L => Sub-MIP; P => Empty MIP; R => Randomized rounding;
     S => Solve LP; T => Evaluate node; U => Unbounded; X => User solution; Y => HiGHS solution;
     Z => ZI Round; l => Trivial lower; p => Trivial point; u => Trivial upper; z => Trivial zero

        Nodes      |    B&B Tree     |            Objective Bounds              |  Dynamic Constraints |       Work      
Src  Proc. InQueue |  Leaves   Expl. | BestBound       BestSol              Gap |   Cuts   InLp Confl. | LpIters     Time

 J       0       0         0   0.00%   -inf            6.228763707        Large        0      0      0         0     0.4s
         0       0         0   0.00%   4.958233603     6.228763707       20.40%        0      0      2      1069     0.4s
 C       0       0         0   0.00%   4.958233603     4.958233603        0.00%        0      0      2      1070     0.5s
         1       0         1 100.00%   4.958233603     4.958233603        0.00%        0      0      2      1070     0.5s

Solving report
  Status            Optimal
  Primal bound      4.95823360328
  Dual bound        4.95823360328
  Gap               0% (tolerance: 0.5%)
  P-D integral      0.0531641437555
  Solution status   feasible
                    4.95823360328 (objective)
                    0 (bound viol.)
                    0 (int. viol.)
                    0 (row viol.)
  Timing            0.49
  Max sub-MIP depth 0
  Nodes             1
  Repair LPs        0
  LP iterations     1070
                    0 (strong br.)
                    1 (separation)
                    0 (heuristics)
MIP has 10753 rows; 9409 cols; 25537 nonzeros; 1344 integer variables (1344 binary)
Coefficient ranges:
  Matrix  [2e-01, 1e+00]
  Cost    [5e-03, 6e-02]
  Bound   [1e+00, 1e+00]
  RHS     [2e-04, 2e+00]
Presolving model
8064 rows, 8692 cols, 22131 nonzeros 0s
6403 rows, 7365 cols, 17807 nonzeros 0s
4608 rows, 5826 cols, 13137 nonzeros 0s
2737 rows, 4034 cols, 8210 nonzeros 0s
2474 rows, 3771 cols, 7684 nonzeros 0s
Presolve reductions: rows 2474(-8279); columns 3771(-5638); nonzeros 7684(-17853) 

Solving MIP model with:
   2474 rows
   3771 cols (360 binary, 0 integer, 0 implied int., 3411 continuous, 0 domain fixed)
   7684 nonzeros

Src: B => Branching; C => Central rounding; F => Feasibility pump; H => Heuristic;
     I => Shifting; J => Feasibility jump; L => Sub-MIP; P => Empty MIP; R => Randomized rounding;
     S => Solve LP; T => Evaluate node; U => Unbounded; X => User solution; Y => HiGHS solution;
     Z => ZI Round; l => Trivial lower; p => Trivial point; u => Trivial upper; z => Trivial zero

        Nodes      |    B&B Tree     |            Objective Bounds              |  Dynamic Constraints |       Work      
Src  Proc. InQueue |  Leaves   Expl. | BestBound       BestSol              Gap |   Cuts   InLp Confl. | LpIters     Time

 J       0       0         0   0.00%   -inf            5.639640915        Large        0      0      0         0     0.5s
 T       0       0         0   0.00%   0.1342061879    4.011511195       96.65%        0      0      0      1080     0.5s
         1       0         1 100.00%   4.011511195     4.011511195        0.00%        0      0      0      1080     0.5s

Solving report
  Status            Optimal
  Primal bound      4.01151119509
  Dual bound        4.01151119509
  Gap               0% (tolerance: 0.5%)
  P-D integral      0.0429178615092
  Solution status   feasible
                    4.01151119509 (objective)
                    0 (bound viol.)
                    0 (int. viol.)
                    0 (row viol.)
  Timing            0.51
  Max sub-MIP depth 0
  Nodes             1
  Repair LPs        0
  LP iterations     1080
                    0 (strong br.)
                    0 (separation)
                    0 (heuristics)
MIP has 10753 rows; 9409 cols; 25537 nonzeros; 1344 integer variables (1344 binary)
Coefficient ranges:
  Matrix  [2e-01, 1e+00]
  Cost    [5e-03, 6e-02]
  Bound   [1e+00, 1e+00]
  RHS     [4e-05, 2e+00]
WARNING: Problem has some excessively small row bounds
Presolving model
8064 rows, 8707 cols, 22146 nonzeros 0s
6394 rows, 7371 cols, 17804 nonzeros 0s
4587 rows, 5813 cols, 13103 nonzeros 0s
2853 rows, 4124 cols, 8516 nonzeros 0s
2609 rows, 3880 cols, 8028 nonzeros 0s
Presolve reductions: rows 2609(-8144); columns 3880(-5529); nonzeros 8028(-17509) 

Solving MIP model with:
   2609 rows
   3880 cols (385 binary, 0 integer, 0 implied int., 3495 continuous, 0 domain fixed)
   8028 nonzeros

Src: B => Branching; C => Central rounding; F => Feasibility pump; H => Heuristic;
     I => Shifting; J => Feasibility jump; L => Sub-MIP; P => Empty MIP; R => Randomized rounding;
     S => Solve LP; T => Evaluate node; U => Unbounded; X => User solution; Y => HiGHS solution;
     Z => ZI Round; l => Trivial lower; p => Trivial point; u => Trivial upper; z => Trivial zero

        Nodes      |    B&B Tree     |            Objective Bounds              |  Dynamic Constraints |       Work      
Src  Proc. InQueue |  Leaves   Expl. | BestBound       BestSol              Gap |   Cuts   InLp Confl. | LpIters     Time

 J       0       0         0   0.00%   -inf            4.394439697        Large        0      0      0         0     0.5s
 T       0       0         0   0.00%   -0.3228836656   2.694540334      111.98%        0      0      0      1120     0.5s
         1       0         1 100.00%   2.694540334     2.694540334        0.00%        0      0      0      1120     0.5s

Solving report
  Status            Optimal
  Primal bound      2.69454033403
  Dual bound        2.69454033403
  Gap               0% (tolerance: 0.5%)
  P-D integral      0.0504564020659
  Solution status   feasible
                    2.69454033403 (objective)
                    0 (bound viol.)
                    0 (int. viol.)
                    0 (row viol.)
  Timing            0.51
  Max sub-MIP depth 0
  Nodes             1
  Repair LPs        0
  LP iterations     1120
                    0 (strong br.)
                    0 (separation)
                    0 (heuristics)
MIP has 10753 rows; 9409 cols; 25537 nonzeros; 1344 integer variables (1344 binary)
Coefficient ranges:
  Matrix  [2e-01, 1e+00]
  Cost    [5e-03, 6e-02]
  Bound   [1e+00, 1e+00]
  RHS     [4e-05, 2e+00]
WARNING: Problem has some excessively small row bounds
Presolving model
8064 rows, 8724 cols, 22163 nonzeros 0s
6395 rows, 7389 cols, 17823 nonzeros 0s
4591 rows, 5833 cols, 13127 nonzeros 0s
2937 rows, 4208 cols, 8748 nonzeros 0s
2694 rows, 3965 cols, 8262 nonzeros 0s
Presolve reductions: rows 2694(-8059); columns 3965(-5444); nonzeros 8262(-17275) 

Solving MIP model with:
   2694 rows
   3965 cols (401 binary, 0 integer, 0 implied int., 3564 continuous, 0 domain fixed)
   8262 nonzeros

Src: B => Branching; C => Central rounding; F => Feasibility pump; H => Heuristic;
     I => Shifting; J => Feasibility jump; L => Sub-MIP; P => Empty MIP; R => Randomized rounding;
     S => Solve LP; T => Evaluate node; U => Unbounded; X => User solution; Y => HiGHS solution;
     Z => ZI Round; l => Trivial lower; p => Trivial point; u => Trivial upper; z => Trivial zero

        Nodes      |    B&B Tree     |            Objective Bounds              |  Dynamic Constraints |       Work      
Src  Proc. InQueue |  Leaves   Expl. | BestBound       BestSol              Gap |   Cuts   InLp Confl. | LpIters     Time

 J       0       0         0   0.00%   -inf            3.897286289        Large        0      0      0         0     0.4s
 T       0       0         0   0.00%   -0.833118487    1.884929635      144.20%        0      0      0      1124     0.5s
         1       0         1 100.00%   1.884929635     1.884929635        0.00%        0      0      0      1124     0.5s

Solving report
  Status            Optimal
  Primal bound      1.88492963463
  Dual bound        1.88492963463
  Gap               0% (tolerance: 0.5%)
  P-D integral      0.0560269747204
  Solution status   feasible
                    1.88492963463 (objective)
                    0 (bound viol.)
                    0 (int. viol.)
                    0 (row viol.)
  Timing            0.47
  Max sub-MIP depth 0
  Nodes             1
  Repair LPs        0
  LP iterations     1124
                    0 (strong br.)
                    0 (separation)
                    0 (heuristics)
MIP has 10753 rows; 9409 cols; 25537 nonzeros; 1344 integer variables (1344 binary)
Coefficient ranges:
  Matrix  [2e-01, 1e+00]
  Cost    [5e-03, 6e-02]
  Bound   [1e+00, 1e+00]
  RHS     [5e-05, 2e+00]
WARNING: Problem has some excessively small row bounds
Presolving model
8064 rows, 8744 cols, 22183 nonzeros 0s
6410 rows, 7423 cols, 17872 nonzeros 0s
4623 rows, 5891 cols, 13217 nonzeros 0s
2885 rows, 4226 cols, 8646 nonzeros 0s
2631 rows, 3971 cols, 8137 nonzeros 0s
Presolve reductions: rows 2631(-8122); columns 3971(-5438); nonzeros 8137(-17400) 

Solving MIP model with:
   2631 rows
   3971 cols (384 binary, 0 integer, 0 implied int., 3587 continuous, 0 domain fixed)
   8137 nonzeros

Src: B => Branching; C => Central rounding; F => Feasibility pump; H => Heuristic;
     I => Shifting; J => Feasibility jump; L => Sub-MIP; P => Empty MIP; R => Randomized rounding;
     S => Solve LP; T => Evaluate node; U => Unbounded; X => User solution; Y => HiGHS solution;
     Z => ZI Round; l => Trivial lower; p => Trivial point; u => Trivial upper; z => Trivial zero

        Nodes      |    B&B Tree     |            Objective Bounds              |  Dynamic Constraints |       Work      
Src  Proc. InQueue |  Leaves   Expl. | BestBound       BestSol              Gap |   Cuts   InLp Confl. | LpIters     Time

 J       0       0         0   0.00%   -inf            4.588508172        Large        0      0      0         0     0.4s
 T       0       0         0   0.00%   -1.098299569    2.229224842      149.27%        0      0      0      1154     0.5s
         1       0         1 100.00%   2.229224842     2.229224842        0.00%        0      0      0      1154     0.5s

Solving report
  Status            Optimal
  Primal bound      2.22922484172
  Dual bound        2.22922484172
  Gap               0% (tolerance: 0.5%)
  P-D integral      0.0569571830625
  Solution status   feasible
                    2.22922484172 (objective)
                    0 (bound viol.)
                    0 (int. viol.)
                    0 (row viol.)
  Timing            0.46
  Max sub-MIP depth 0
  Nodes             1
  Repair LPs        0
  LP iterations     1154
                    0 (strong br.)
                    0 (separation)
                    0 (heuristics)
MIP has 10753 rows; 9409 cols; 25537 nonzeros; 1344 integer variables (1344 binary)
Coefficient ranges:
  Matrix  [2e-01, 1e+00]
  Cost    [5e-03, 6e-02]
  Bound   [1e+00, 1e+00]
  RHS     [2e-04, 2e+00]
Presolving model
8064 rows, 8764 cols, 22203 nonzeros 0s
6411 rows, 7444 cols, 17890 nonzeros 0s
4615 rows, 5897 cols, 13215 nonzeros 0s
2929 rows, 4249 cols, 8741 nonzeros 0s
2692 rows, 4012 cols, 8267 nonzeros 0s
Presolve reductions: rows 2692(-8061); columns 4012(-5397); nonzeros 8267(-17270) 

Solving MIP model with:
   2692 rows
   4012 cols (391 binary, 0 integer, 0 implied int., 3621 continuous, 0 domain fixed)
   8267 nonzeros

Src: B => Branching; C => Central rounding; F => Feasibility pump; H => Heuristic;
     I => Shifting; J => Feasibility jump; L => Sub-MIP; P => Empty MIP; R => Randomized rounding;
     S => Solve LP; T => Evaluate node; U => Unbounded; X => User solution; Y => HiGHS solution;
     Z => ZI Round; l => Trivial lower; p => Trivial point; u => Trivial upper; z => Trivial zero

        Nodes      |    B&B Tree     |            Objective Bounds              |  Dynamic Constraints |       Work      
Src  Proc. InQueue |  Leaves   Expl. | BestBound       BestSol              Gap |   Cuts   InLp Confl. | LpIters     Time

 J       0       0         0   0.00%   -inf            4.711651066        Large        0      0      0         0     0.4s
 T       0       0         0   0.00%   -1.096543244    2.262369549      148.47%        0      0      0      1187     0.5s
         1       0         1 100.00%   2.262369549     2.262369549        0.00%        0      0      0      1187     0.5s

Solving report
  Status            Optimal
  Primal bound      2.26236954927
  Dual bound        2.26236954927
  Gap               0% (tolerance: 0.5%)
  P-D integral      0.0496627826873
  Solution status   feasible
                    2.26236954927 (objective)
                    0 (bound viol.)
                    0 (int. viol.)
                    0 (row viol.)
  Timing            0.45
  Max sub-MIP depth 0
  Nodes             1
  Repair LPs        0
  LP iterations     1187
                    0 (strong br.)
                    0 (separation)
                    0 (heuristics)
MIP has 10753 rows; 9409 cols; 25537 nonzeros; 1344 integer variables (1344 binary)
Coefficient ranges:
  Matrix  [2e-01, 1e+00]
  Cost    [5e-03, 6e-02]
  Bound   [1e+00, 1e+00]
  RHS     [3e-05, 2e+00]
WARNING: Problem has some excessively small row bounds
Presolving model
8064 rows, 8776 cols, 22215 nonzeros 0s
6424 rows, 7467 cols, 17930 nonzeros 0s
4632 rows, 5930 cols, 13265 nonzeros 0s
3037 rows, 4375 cols, 9051 nonzeros 0s
2817 rows, 4155 cols, 8611 nonzeros 0s
Presolve reductions: rows 2817(-7936); columns 4155(-5254); nonzeros 8611(-16926) 

Solving MIP model with:
   2817 rows
   4155 cols (410 binary, 0 integer, 0 implied int., 3745 continuous, 0 domain fixed)
   8611 nonzeros

Src: B => Branching; C => Central rounding; F => Feasibility pump; H => Heuristic;
     I => Shifting; J => Feasibility jump; L => Sub-MIP; P => Empty MIP; R => Randomized rounding;
     S => Solve LP; T => Evaluate node; U => Unbounded; X => User solution; Y => HiGHS solution;
     Z => ZI Round; l => Trivial lower; p => Trivial point; u => Trivial upper; z => Trivial zero

        Nodes      |    B&B Tree     |            Objective Bounds              |  Dynamic Constraints |       Work      
Src  Proc. InQueue |  Leaves   Expl. | BestBound       BestSol              Gap |   Cuts   InLp Confl. | LpIters     Time

 J       0       0         0   0.00%   -inf            4.330501791        Large        0      0      0         0     0.4s
 T       0       0         0   0.00%   -0.8122429521   2.202260757      136.88%        0      0      0      1215     0.5s
         1       0         1 100.00%   2.202260757     2.202260757        0.00%        0      0      0      1215     0.5s

Solving report
  Status            Optimal
  Primal bound      2.20226075742
  Dual bound        2.20226075742
  Gap               0% (tolerance: 0.5%)
  P-D integral      0.0618045980989
  Solution status   feasible
                    2.20226075742 (objective)
                    0 (bound viol.)
                    0 (int. viol.)
                    0 (row viol.)
  Timing            0.45
  Max sub-MIP depth 0
  Nodes             1
  Repair LPs        0
  LP iterations     1215
                    0 (strong br.)
                    0 (separation)
                    0 (heuristics)
MIP has 10753 rows; 9409 cols; 25537 nonzeros; 1344 integer variables (1344 binary)
Coefficient ranges:
  Matrix  [2e-01, 1e+00]
  Cost    [5e-03, 6e-02]
  Bound   [1e+00, 1e+00]
  RHS     [3e-05, 2e+00]
WARNING: Problem has some excessively small row bounds
Presolving model
8064 rows, 8786 cols, 22225 nonzeros 0s
6416 rows, 7472 cols, 17927 nonzeros 0s
4620 rows, 5930 cols, 13253 nonzeros 0s
3163 rows, 4458 cols, 9372 nonzeros 0s
2967 rows, 4262 cols, 8980 nonzeros 0s
Presolve reductions: rows 2967(-7786); columns 4262(-5147); nonzeros 8980(-16557) 

Solving MIP model with:
   2967 rows
   4262 cols (438 binary, 0 integer, 0 implied int., 3824 continuous, 0 domain fixed)
   8980 nonzeros

Src: B => Branching; C => Central rounding; F => Feasibility pump; H => Heuristic;
     I => Shifting; J => Feasibility jump; L => Sub-MIP; P => Empty MIP; R => Randomized rounding;
     S => Solve LP; T => Evaluate node; U => Unbounded; X => User solution; Y => HiGHS solution;
     Z => ZI Round; l => Trivial lower; p => Trivial point; u => Trivial upper; z => Trivial zero

        Nodes      |    B&B Tree     |            Objective Bounds              |  Dynamic Constraints |       Work      
Src  Proc. InQueue |  Leaves   Expl. | BestBound       BestSol              Gap |   Cuts   InLp Confl. | LpIters     Time

 J       0       0         0   0.00%   -inf            3.856528608        Large        0      0      0         0     0.4s
 T       0       0         0   0.00%   -0.6854445345   2.146418077      131.93%        0      0      0      1260     0.5s
         1       0         1 100.00%   2.146418077     2.146418077        0.00%        0      0      0      1260     0.5s

Solving report
  Status            Optimal
  Primal bound      2.14641807701
  Dual bound        2.14641807701
  Gap               0% (tolerance: 0.5%)
  P-D integral      0.0624926170644
  Solution status   feasible
                    2.14641807701 (objective)
                    0 (bound viol.)
                    0 (int. viol.)
                    0 (row viol.)
  Timing            0.48
  Max sub-MIP depth 0
  Nodes             1
  Repair LPs        0
  LP iterations     1260
                    0 (strong br.)
                    0 (separation)
                    0 (heuristics)
MIP has 10753 rows; 9409 cols; 25537 nonzeros; 1344 integer variables (1344 binary)
Coefficient ranges:
  Matrix  [2e-01, 1e+00]
  Cost    [5e-03, 6e-02]
  Bound   [1e+00, 1e+00]
  RHS     [3e-04, 2e+00]
Presolving model
8064 rows, 8808 cols, 22247 nonzeros 0s
6415 rows, 7493 cols, 17947 nonzeros 0s
4613 rows, 5948 cols, 13264 nonzeros 0s
3224 rows, 4524 cols, 9543 nonzeros 0s
3038 rows, 4338 cols, 9171 nonzeros 0s
Presolve reductions: rows 3038(-7715); columns 4338(-5071); nonzeros 9171(-16366) 

Solving MIP model with:
   3038 rows
   4338 cols (449 binary, 0 integer, 0 implied int., 3889 continuous, 0 domain fixed)
   9171 nonzeros

Src: B => Branching; C => Central rounding; F => Feasibility pump; H => Heuristic;
     I => Shifting; J => Feasibility jump; L => Sub-MIP; P => Empty MIP; R => Randomized rounding;
     S => Solve LP; T => Evaluate node; U => Unbounded; X => User solution; Y => HiGHS solution;
     Z => ZI Round; l => Trivial lower; p => Trivial point; u => Trivial upper; z => Trivial zero

        Nodes      |    B&B Tree     |            Objective Bounds              |  Dynamic Constraints |       Work      
Src  Proc. InQueue |  Leaves   Expl. | BestBound       BestSol              Gap |   Cuts   InLp Confl. | LpIters     Time

 J       0       0         0   0.00%   -inf            4.026084163        Large        0      0      0         0     0.4s
 T       0       0         0   0.00%   -0.8881909752   2.123626433      141.82%        0      0      0      1296     0.5s
         1       0         1 100.00%   2.123626433     2.123626433        0.00%        0      0      0      1296     0.5s

Solving report
  Status            Optimal
  Primal bound      2.12362643281
  Dual bound        2.12362643281
  Gap               0% (tolerance: 0.5%)
  P-D integral      0.062518251592
  Solution status   feasible
                    2.12362643281 (objective)
                    0 (bound viol.)
                    0 (int. viol.)
                    0 (row viol.)
  Timing            0.46
  Max sub-MIP depth 0
  Nodes             1
  Repair LPs        0
  LP iterations     1296
                    0 (strong br.)
                    0 (separation)
                    0 (heuristics)
MIP has 10753 rows; 9409 cols; 25537 nonzeros; 1344 integer variables (1344 binary)
Coefficient ranges:
  Matrix  [2e-01, 1e+00]
  Cost    [5e-03, 6e-02]
  Bound   [1e+00, 1e+00]
  RHS     [2e-04, 2e+00]
Presolving model
8064 rows, 8828 cols, 22267 nonzeros 0s
6416 rows, 7514 cols, 17969 nonzeros 0s
4621 rows, 5971 cols, 13295 nonzeros 0s
3389 rows, 4698 cols, 10010 nonzeros 0s
3222 rows, 4531 cols, 9676 nonzeros 0s
Presolve reductions: rows 3222(-7531); columns 4531(-4878); nonzeros 9676(-15861) 

Solving MIP model with:
   3222 rows
   4531 cols (481 binary, 0 integer, 0 implied int., 4050 continuous, 0 domain fixed)
   9676 nonzeros

Src: B => Branching; C => Central rounding; F => Feasibility pump; H => Heuristic;
     I => Shifting; J => Feasibility jump; L => Sub-MIP; P => Empty MIP; R => Randomized rounding;
     S => Solve LP; T => Evaluate node; U => Unbounded; X => User solution; Y => HiGHS solution;
     Z => ZI Round; l => Trivial lower; p => Trivial point; u => Trivial upper; z => Trivial zero

        Nodes      |    B&B Tree     |            Objective Bounds              |  Dynamic Constraints |       Work      
Src  Proc. InQueue |  Leaves   Expl. | BestBound       BestSol              Gap |   Cuts   InLp Confl. | LpIters     Time

 J       0       0         0   0.00%   -inf            3.597317736        Large        0      0      0         0     0.4s
 T       0       0         0   0.00%   -1.202975027    1.687604543      171.28%        0      0      0      1351     0.5s
         1       0         1 100.00%   1.687604543     1.687604543        0.00%        0      0      0      1351     0.5s

Solving report
  Status            Optimal
  Primal bound      1.68760454322
  Dual bound        1.68760454322
  Gap               0% (tolerance: 0.5%)
  P-D integral      0.0733794461364
  Solution status   feasible
                    1.68760454322 (objective)
                    0 (bound viol.)
                    0 (int. viol.)
                    0 (row viol.)
  Timing            0.45
  Max sub-MIP depth 0
  Nodes             1
  Repair LPs        0
  LP iterations     1351
                    0 (strong br.)
                    0 (separation)
                    0 (heuristics)
MIP has 10753 rows; 9409 cols; 25537 nonzeros; 1344 integer variables (1344 binary)
Coefficient ranges:
  Matrix  [2e-01, 1e+00]
  Cost    [5e-03, 6e-02]
  Bound   [1e+00, 1e+00]
  RHS     [2e-04, 2e+00]
Presolving model
8064 rows, 8843 cols, 22282 nonzeros 0s
6391 rows, 7504 cols, 17934 nonzeros 0s
4565 rows, 5913 cols, 13181 nonzeros 0s
3697 rows, 4897 cols, 10805 nonzeros 0s
3582 rows, 4782 cols, 10575 nonzeros 0s
Presolve reductions: rows 3582(-7171); columns 4782(-4627); nonzeros 10575(-14962) 

Solving MIP model with:
   3582 rows
   4782 cols (553 binary, 0 integer, 0 implied int., 4229 continuous, 0 domain fixed)
   10575 nonzeros

Src: B => Branching; C => Central rounding; F => Feasibility pump; H => Heuristic;
     I => Shifting; J => Feasibility jump; L => Sub-MIP; P => Empty MIP; R => Randomized rounding;
     S => Solve LP; T => Evaluate node; U => Unbounded; X => User solution; Y => HiGHS solution;
     Z => ZI Round; l => Trivial lower; p => Trivial point; u => Trivial upper; z => Trivial zero

        Nodes      |    B&B Tree     |            Objective Bounds              |  Dynamic Constraints |       Work      
Src  Proc. InQueue |  Leaves   Expl. | BestBound       BestSol              Gap |   Cuts   InLp Confl. | LpIters     Time

 J       0       0         0   0.00%   -inf            2.372849068        Large        0      0      0         0     0.5s
 T       0       0         0   0.00%   -1.839161013    0.4178880897     540.11%        0      0      0      1423     0.5s
         1       0         1 100.00%   0.4178880897    0.4178880897       0.00%        0      0      0      1423     0.5s

Solving report
  Status            Optimal
  Primal bound      0.41788808972
  Dual bound        0.41788808972
  Gap               0% (tolerance: 0.5%)
  P-D integral      0.119447204489
  Solution status   feasible
                    0.41788808972 (objective)
                    0 (bound viol.)
                    0 (int. viol.)
                    0 (row viol.)
  Timing            0.54
  Max sub-MIP depth 0
  Nodes             1
  Repair LPs        0
  LP iterations     1423
                    0 (strong br.)
                    0 (separation)
                    0 (heuristics)
MIP has 10753 rows; 9409 cols; 25537 nonzeros; 1344 integer variables (1344 binary)
Coefficient ranges:
  Matrix  [2e-01, 1e+00]
  Cost    [5e-03, 6e-02]
  Bound   [1e+00, 1e+00]
  RHS     [7e-05, 2e+00]
WARNING: Problem has some excessively small row bounds
Presolving model
8064 rows, 8854 cols, 22293 nonzeros 0s
6397 rows, 7520 cols, 17952 nonzeros 0s
4570 rows, 5920 cols, 13185 nonzeros 0s
3585 rows, 4823 cols, 10509 nonzeros 0s
3454 rows, 4692 cols, 10247 nonzeros 0s
Presolve reductions: rows 3454(-7299); columns 4692(-4717); nonzeros 10247(-15290) 

Solving MIP model with:
   3454 rows
   4692 cols (526 binary, 0 integer, 0 implied int., 4166 continuous, 0 domain fixed)
   10247 nonzeros

Src: B => Branching; C => Central rounding; F => Feasibility pump; H => Heuristic;
     I => Shifting; J => Feasibility jump; L => Sub-MIP; P => Empty MIP; R => Randomized rounding;
     S => Solve LP; T => Evaluate node; U => Unbounded; X => User solution; Y => HiGHS solution;
     Z => ZI Round; l => Trivial lower; p => Trivial point; u => Trivial upper; z => Trivial zero

        Nodes      |    B&B Tree     |            Objective Bounds              |  Dynamic Constraints |       Work      
Src  Proc. InQueue |  Leaves   Expl. | BestBound       BestSol              Gap |   Cuts   InLp Confl. | LpIters     Time

 J       0       0         0   0.00%   -inf            2.633811877        Large        0      0      0         0     0.5s
 T       0       0         0   0.00%   -1.735432464    0.690297737      351.40%        0      0      0      1401     0.6s
         1       0         1 100.00%   0.690297737     0.690297737        0.00%        0      0      0      1401     0.6s

Solving report
  Status            Optimal
  Primal bound      0.690297736991
  Dual bound        0.690297736991
  Gap               0% (tolerance: 0.5%)
  P-D integral      0.099816853971
  Solution status   feasible
                    0.690297736991 (objective)
                    0 (bound viol.)
                    0 (int. viol.)
                    0 (row viol.)
  Timing            0.58
  Max sub-MIP depth 0
  Nodes             1
  Repair LPs        0
  LP iterations     1401
                    0 (strong br.)
                    0 (separation)
                    0 (heuristics)
MIP has 10753 rows; 9409 cols; 25537 nonzeros; 1344 integer variables (1344 binary)
Coefficient ranges:
  Matrix  [2e-01, 1e+00]
  Cost    [5e-03, 6e-02]
  Bound   [1e+00, 1e+00]
  RHS     [7e-05, 2e+00]
WARNING: Problem has some excessively small row bounds
Presolving model
8064 rows, 8869 cols, 22308 nonzeros 0s
6396 rows, 7535 cols, 17970 nonzeros 0s
4588 rows, 5967 cols, 13258 nonzeros 0s
3691 rows, 4943 cols, 10837 nonzeros 0s
3571 rows, 4823 cols, 10597 nonzeros 0s
Presolve reductions: rows 3571(-7182); columns 4823(-4586); nonzeros 10597(-14940) 

Solving MIP model with:
   3571 rows
   4823 cols (551 binary, 0 integer, 0 implied int., 4272 continuous, 0 domain fixed)
   10597 nonzeros

Src: B => Branching; C => Central rounding; F => Feasibility pump; H => Heuristic;
     I => Shifting; J => Feasibility jump; L => Sub-MIP; P => Empty MIP; R => Randomized rounding;
     S => Solve LP; T => Evaluate node; U => Unbounded; X => User solution; Y => HiGHS solution;
     Z => ZI Round; l => Trivial lower; p => Trivial point; u => Trivial upper; z => Trivial zero

        Nodes      |    B&B Tree     |            Objective Bounds              |  Dynamic Constraints |       Work      
Src  Proc. InQueue |  Leaves   Expl. | BestBound       BestSol              Gap |   Cuts   InLp Confl. | LpIters     Time

 J       0       0         0   0.00%   -inf            2.296570315        Large        0      0      0         0     0.5s
 T       0       0         0   0.00%   -1.831014768    0.2899899119     731.41%        0      0      0      1418     0.5s
         1       0         1 100.00%   0.2899899119    0.2899899119       0.00%        0      0      0      1418     0.5s

Solving report
  Status            Optimal
  Primal bound      0.28998991194
  Dual bound        0.28998991194
  Gap               0% (tolerance: 0.5%)
  P-D integral      0.108652497175
  Solution status   feasible
                    0.28998991194 (objective)
                    0 (bound viol.)
                    0 (int. viol.)
                    0 (row viol.)
  Timing            0.55
  Max sub-MIP depth 0
  Nodes             1
  Repair LPs        0
  LP iterations     1418
                    0 (strong br.)
                    0 (separation)
                    0 (heuristics)
MIP has 10753 rows; 9409 cols; 25537 nonzeros; 1344 integer variables (1344 binary)
Coefficient ranges:
  Matrix  [2e-01, 1e+00]
  Cost    [5e-03, 6e-02]
  Bound   [1e+00, 1e+00]
  RHS     [3e-04, 2e+00]
Presolving model
8064 rows, 8887 cols, 22326 nonzeros 0s
6365 rows, 7520 cols, 17924 nonzeros 0s
4500 rows, 5857 cols, 13056 nonzeros 0s
4076 rows, 5150 cols, 11807 nonzeros 0s
Presolve reductions: rows 4076(-6677); columns 5150(-4259); nonzeros 11807(-13730) 

Solving MIP model with:
   4076 rows
   5150 cols (646 binary, 0 integer, 0 implied int., 4504 continuous, 0 domain fixed)
   11807 nonzeros

Src: B => Branching; C => Central rounding; F => Feasibility pump; H => Heuristic;
     I => Shifting; J => Feasibility jump; L => Sub-MIP; P => Empty MIP; R => Randomized rounding;
     S => Solve LP; T => Evaluate node; U => Unbounded; X => User solution; Y => HiGHS solution;
     Z => ZI Round; l => Trivial lower; p => Trivial point; u => Trivial upper; z => Trivial zero

        Nodes      |    B&B Tree     |            Objective Bounds              |  Dynamic Constraints |       Work      
Src  Proc. InQueue |  Leaves   Expl. | BestBound       BestSol              Gap |   Cuts   InLp Confl. | LpIters     Time

 J       0       0         0   0.00%   -inf            0.6284326644       Large        0      0      0         0     0.5s
 T       0       0         0   0.00%   -2.706755624    -1.088407369     148.69%        0      0      0      1543     0.6s
         1       0         1 100.00%   -1.088407369    -1.088407369       0.00%        0      0      0      1543     0.6s

Solving report
  Status            Optimal
  Primal bound      -1.08840736867
  Dual bound        -1.08840736867
  Gap               0% (tolerance: 0.5%)
  P-D integral      0.324508452046
  Solution status   feasible
                    -1.08840736867 (objective)
                    0 (bound viol.)
                    0 (int. viol.)
                    0 (row viol.)
  Timing            0.57
  Max sub-MIP depth 0
  Nodes             1
  Repair LPs        0
  LP iterations     1543
                    0 (strong br.)
                    0 (separation)
                    0 (heuristics)
MIP has 10753 rows; 9409 cols; 25537 nonzeros; 1344 integer variables (1344 binary)
Coefficient ranges:
  Matrix  [2e-01, 1e+00]
  Cost    [1e-02, 6e-02]
  Bound   [1e+00, 1e+00]
  RHS     [2e-04, 2e+00]
Presolving model
8064 rows, 8895 cols, 22334 nonzeros 0s
6362 rows, 7525 cols, 17926 nonzeros 0s
4485 rows, 5844 cols, 13032 nonzeros 0s
4252 rows, 5287 cols, 12240 nonzeros 0s
Presolve reductions: rows 4252(-6501); columns 5287(-4122); nonzeros 12240(-13297) 

Solving MIP model with:
   4252 rows
   5287 cols (676 binary, 0 integer, 0 implied int., 4611 continuous, 0 domain fixed)
   12240 nonzeros

Src: B => Branching; C => Central rounding; F => Feasibility pump; H => Heuristic;
     I => Shifting; J => Feasibility jump; L => Sub-MIP; P => Empty MIP; R => Randomized rounding;
     S => Solve LP; T => Evaluate node; U => Unbounded; X => User solution; Y => HiGHS solution;
     Z => ZI Round; l => Trivial lower; p => Trivial point; u => Trivial upper; z => Trivial zero

        Nodes      |    B&B Tree     |            Objective Bounds              |  Dynamic Constraints |       Work      
Src  Proc. InQueue |  Leaves   Expl. | BestBound       BestSol              Gap |   Cuts   InLp Confl. | LpIters     Time

         0       0         0   0.00%   -3.268261519    inf                  inf        0      0      0         0     0.5s
         0       0         0   0.00%   -1.527366969    inf                  inf        0      0      2      1644     0.6s
 R       0       0         0   0.00%   -1.527366969    -1.527366969       0.00%        0      0      2      1654     0.6s
         1       0         1 100.00%   -1.527366969    -1.527366969       0.00%        0      0      2      1654     0.6s

Solving report
  Status            Optimal
  Primal bound      -1.52736696926
  Dual bound        -1.52736696926
  Gap               0% (tolerance: 0.5%)
  P-D integral      0
  Solution status   feasible
                    -1.52736696926 (objective)
                    0 (bound viol.)
                    0 (int. viol.)
                    0 (row viol.)
  Timing            0.64
  Max sub-MIP depth 0
  Nodes             1
  Repair LPs        0
  LP iterations     1654
                    0 (strong br.)
                    10 (separation)
                    0 (heuristics)
MIP has 10753 rows; 9409 cols; 25537 nonzeros; 1344 integer variables (1344 binary)
Coefficient ranges:
  Matrix  [2e-01, 1e+00]
  Cost    [5e-03, 6e-02]
  Bound   [1e+00, 1e+00]
  RHS     [1e-04, 2e+00]
Presolving model
8064 rows, 8904 cols, 22343 nonzeros 0s
6356 rows, 7515 cols, 17906 nonzeros 0s
4467 rows, 5812 cols, 12962 nonzeros 0s
4025 rows, 5071 cols, 11641 nonzeros 0s
Presolve reductions: rows 4025(-6728); columns 5071(-4338); nonzeros 11641(-13896) 

Solving MIP model with:
   4025 rows
   5071 cols (637 binary, 0 integer, 0 implied int., 4434 continuous, 0 domain fixed)
   11641 nonzeros

Src: B => Branching; C => Central rounding; F => Feasibility pump; H => Heuristic;
     I => Shifting; J => Feasibility jump; L => Sub-MIP; P => Empty MIP; R => Randomized rounding;
     S => Solve LP; T => Evaluate node; U => Unbounded; X => User solution; Y => HiGHS solution;
     Z => ZI Round; l => Trivial lower; p => Trivial point; u => Trivial upper; z => Trivial zero

        Nodes      |    B&B Tree     |            Objective Bounds              |  Dynamic Constraints |       Work      
Src  Proc. InQueue |  Leaves   Expl. | BestBound       BestSol              Gap |   Cuts   InLp Confl. | LpIters     Time

 J       0       0         0   0.00%   -inf            0.4002155583       Large        0      0      0         0     0.5s
 T       0       0         0   0.00%   -2.508628021    -1.069965772     134.46%        0      0      0      1476     0.6s
         1       0         1 100.00%   -1.069965772    -1.069965772       0.00%        0      0      0      1476     0.6s

Solving report
  Status            Optimal
  Primal bound      -1.06996577236
  Dual bound        -1.06996577236
  Gap               0% (tolerance: 0.5%)
  P-D integral      0.465315304733
  Solution status   feasible
                    -1.06996577236 (objective)
                    0 (bound viol.)
                    0 (int. viol.)
                    0 (row viol.)
  Timing            0.55
  Max sub-MIP depth 0
  Nodes             1
  Repair LPs        0
  LP iterations     1476
                    0 (strong br.)
                    0 (separation)
                    0 (heuristics)
MIP has 10753 rows; 9409 cols; 25537 nonzeros; 1344 integer variables (1344 binary)
Coefficient ranges:
  Matrix  [2e-01, 1e+00]
  Cost    [5e-03, 6e-02]
  Bound   [1e+00, 1e+00]
  RHS     [1e-04, 2e+00]
Presolving model
8064 rows, 8914 cols, 22353 nonzeros 0s
6354 rows, 7515 cols, 17900 nonzeros 0s
4512 rows, 5864 cols, 13079 nonzeros 0s
3952 rows, 5071 cols, 11498 nonzeros 0s
Presolve reductions: rows 3952(-6801); columns 5071(-4338); nonzeros 11498(-14039) 

Solving MIP model with:
   3952 rows
   5071 cols (619 binary, 0 integer, 0 implied int., 4452 continuous, 0 domain fixed)
   11498 nonzeros

Src: B => Branching; C => Central rounding; F => Feasibility pump; H => Heuristic;
     I => Shifting; J => Feasibility jump; L => Sub-MIP; P => Empty MIP; R => Randomized rounding;
     S => Solve LP; T => Evaluate node; U => Unbounded; X => User solution; Y => HiGHS solution;
     Z => ZI Round; l => Trivial lower; p => Trivial point; u => Trivial upper; z => Trivial zero

        Nodes      |    B&B Tree     |            Objective Bounds              |  Dynamic Constraints |       Work      
Src  Proc. InQueue |  Leaves   Expl. | BestBound       BestSol              Gap |   Cuts   InLp Confl. | LpIters     Time

 J       0       0         0   0.00%   -inf            0.6320774132       Large        0      0      0         0     0.4s
 T       0       0         0   0.00%   -2.430586518    -0.8159105729    197.90%        0      0      0      1530     0.5s
         1       0         1 100.00%   -0.8159105729   -0.8159105729      0.00%        0      0      0      1530     0.5s

Solving report
  Status            Optimal
  Primal bound      -0.815910572908
  Dual bound        -0.815910572908
  Gap               0% (tolerance: 0.5%)
  P-D integral      0.353053688813
  Solution status   feasible
                    -0.815910572908 (objective)
                    0 (bound viol.)
                    0 (int. viol.)
                    0 (row viol.)
  Timing            0.52
  Max sub-MIP depth 0
  Nodes             1
  Repair LPs        0
  LP iterations     1530
                    0 (strong br.)
                    0 (separation)
                    0 (heuristics)
MIP has 10753 rows; 9409 cols; 25537 nonzeros; 1344 integer variables (1344 binary)
Coefficient ranges:
  Matrix  [2e-01, 1e+00]
  Cost    [5e-03, 6e-02]
  Bound   [1e+00, 1e+00]
  RHS     [8e-05, 2e+00]
WARNING: Problem has some excessively small row bounds
Presolving model
8064 rows, 8907 cols, 22346 nonzeros 0s
6371 rows, 7501 cols, 17912 nonzeros 0s
4523 rows, 5859 cols, 13073 nonzeros 0s
3689 rows, 4858 cols, 10768 nonzeros 0s
3591 rows, 4760 cols, 10572 nonzeros 0s
Presolve reductions: rows 3591(-7162); columns 4760(-4649); nonzeros 10572(-14965) 

Solving MIP model with:
   3591 rows
   4760 cols (556 binary, 0 integer, 0 implied int., 4204 continuous, 0 domain fixed)
   10572 nonzeros

Src: B => Branching; C => Central rounding; F => Feasibility pump; H => Heuristic;
     I => Shifting; J => Feasibility jump; L => Sub-MIP; P => Empty MIP; R => Randomized rounding;
     S => Solve LP; T => Evaluate node; U => Unbounded; X => User solution; Y => HiGHS solution;
     Z => ZI Round; l => Trivial lower; p => Trivial point; u => Trivial upper; z => Trivial zero

        Nodes      |    B&B Tree     |            Objective Bounds              |  Dynamic Constraints |       Work      
Src  Proc. InQueue |  Leaves   Expl. | BestBound       BestSol              Gap |   Cuts   InLp Confl. | LpIters     Time

 J       0       0         0   0.00%   -inf            0.9903505833       Large        0      0      0         0     0.4s
 T       0       0         0   0.00%   -2.243257973    -0.589266053     280.69%        0      0      0      1415     0.5s
         1       0         1 100.00%   -0.589266053    -0.589266053       0.00%        0      0      0      1415     0.5s

Solving report
  Status            Optimal
  Primal bound      -0.589266053038
  Dual bound        -0.589266053038
  Gap               0% (tolerance: 0.5%)
  P-D integral      0.203741637025
  Solution status   feasible
                    -0.589266053038 (objective)
                    0 (bound viol.)
                    0 (int. viol.)
                    0 (row viol.)
  Timing            0.51
  Max sub-MIP depth 0
  Nodes             1
  Repair LPs        0
  LP iterations     1415
                    0 (strong br.)
                    0 (separation)
                    0 (heuristics)
MIP has 10753 rows; 9409 cols; 25537 nonzeros; 1344 integer variables (1344 binary)
Coefficient ranges:
  Matrix  [2e-01, 1e+00]
  Cost    [5e-03, 6e-02]
  Bound   [1e+00, 1e+00]
  RHS     [8e-05, 2e+00]
WARNING: Problem has some excessively small row bounds
Presolving model
8064 rows, 9020 cols, 22459 nonzeros 0s
6383 rows, 7641 cols, 18035 nonzeros 0s
4551 rows, 6009 cols, 13219 nonzeros 0s
3873 rows, 5147 cols, 11363 nonzeros 0s
Presolve reductions: rows 3873(-6880); columns 5147(-4262); nonzeros 11363(-14174) 

Solving MIP model with:
   3873 rows
   5147 cols (586 binary, 0 integer, 0 implied int., 4561 continuous, 0 domain fixed)
   11363 nonzeros

Src: B => Branching; C => Central rounding; F => Feasibility pump; H => Heuristic;
     I => Shifting; J => Feasibility jump; L => Sub-MIP; P => Empty MIP; R => Randomized rounding;
     S => Solve LP; T => Evaluate node; U => Unbounded; X => User solution; Y => HiGHS solution;
     Z => ZI Round; l => Trivial lower; p => Trivial point; u => Trivial upper; z => Trivial zero

        Nodes      |    B&B Tree     |            Objective Bounds              |  Dynamic Constraints |       Work      
Src  Proc. InQueue |  Leaves   Expl. | BestBound       BestSol              Gap |   Cuts   InLp Confl. | LpIters     Time

 J       0       0         0   0.00%   -inf            1.750623985        Large        0      0      0         0     0.5s
 T       0       0         0   0.00%   -1.50906195     0.292984893      615.06%        0      0      0      1592     0.5s
         1       0         1 100.00%   0.292984893     0.292984893        0.00%        0      0      0      1592     0.5s

Solving report
  Status            Optimal
  Primal bound      0.292984892975
  Dual bound        0.292984892975
  Gap               0% (tolerance: 0.5%)
  P-D integral      0.120742375128
  Solution status   feasible
                    0.292984892975 (objective)
                    0 (bound viol.)
                    0 (int. viol.)
                    0 (row viol.)
  Timing            0.55
  Max sub-MIP depth 0
  Nodes             1
  Repair LPs        0
  LP iterations     1592
                    0 (strong br.)
                    0 (separation)
                    0 (heuristics)
MIP has 10753 rows; 9409 cols; 25537 nonzeros; 1344 integer variables (1344 binary)
Coefficient ranges:
  Matrix  [2e-01, 1e+00]
  Cost    [5e-03, 6e-02]
  Bound   [1e+00, 1e+00]
  RHS     [1e-04, 2e+00]
Presolving model
8064 rows, 9276 cols, 22715 nonzeros 0s
6179 rows, 7619 cols, 17633 nonzeros 0s
4496 rows, 5984 cols, 13103 nonzeros 0s
4297 rows, 5545 cols, 12463 nonzeros 0s
Presolve reductions: rows 4297(-6456); columns 5545(-3864); nonzeros 12463(-13074) 

Solving MIP model with:
   4297 rows
   5545 cols (656 binary, 0 integer, 0 implied int., 4889 continuous, 0 domain fixed)
   12463 nonzeros

Src: B => Branching; C => Central rounding; F => Feasibility pump; H => Heuristic;
     I => Shifting; J => Feasibility jump; L => Sub-MIP; P => Empty MIP; R => Randomized rounding;
     S => Solve LP; T => Evaluate node; U => Unbounded; X => User solution; Y => HiGHS solution;
     Z => ZI Round; l => Trivial lower; p => Trivial point; u => Trivial upper; z => Trivial zero

        Nodes      |    B&B Tree     |            Objective Bounds              |  Dynamic Constraints |       Work      
Src  Proc. InQueue |  Leaves   Expl. | BestBound       BestSol              Gap |   Cuts   InLp Confl. | LpIters     Time

 J       0       0         0   0.00%   -inf            0.7692860711       Large        0      0      0         0     0.5s
 T       0       0         0   0.00%   -1.380156586    -0.0663058486   1981.50%        0      0      0      1731     0.6s
         1       0         1 100.00%   -0.0663058486   -0.0663058486      0.00%        0      0      0      1731     0.6s

Solving report
  Status            Optimal
  Primal bound      -0.0663058485983
  Dual bound        -0.0663058485983
  Gap               0% (tolerance: 0.5%)
  P-D integral      0.243206587608
  Solution status   feasible
                    -0.0663058485983 (objective)
                    0 (bound viol.)
                    0 (int. viol.)
                    0 (row viol.)
  Timing            0.57
  Max sub-MIP depth 0
  Nodes             1
  Repair LPs        0
  LP iterations     1731
                    0 (strong br.)
                    0 (separation)
                    0 (heuristics)
MIP has 10753 rows; 9409 cols; 25537 nonzeros; 1344 integer variables (1344 binary)
Coefficient ranges:
  Matrix  [2e-01, 1e+00]
  Cost    [1e-02, 6e-02]
  Bound   [1e+00, 1e+00]
  RHS     [1e-04, 2e+00]
Presolving model
8064 rows, 9173 cols, 22612 nonzeros 0s
6183 rows, 7544 cols, 17602 nonzeros 0s
4247 rows, 5681 cols, 12411 nonzeros 0s
4001 rows, 5097 cols, 11581 nonzeros 0s
Presolve reductions: rows 4001(-6752); columns 5097(-4312); nonzeros 11581(-13956) 

Solving MIP model with:
   4001 rows
   5097 cols (621 binary, 0 integer, 0 implied int., 4476 continuous, 0 domain fixed)
   11581 nonzeros

Src: B => Branching; C => Central rounding; F => Feasibility pump; H => Heuristic;
     I => Shifting; J => Feasibility jump; L => Sub-MIP; P => Empty MIP; R => Randomized rounding;
     S => Solve LP; T => Evaluate node; U => Unbounded; X => User solution; Y => HiGHS solution;
     Z => ZI Round; l => Trivial lower; p => Trivial point; u => Trivial upper; z => Trivial zero

        Nodes      |    B&B Tree     |            Objective Bounds              |  Dynamic Constraints |       Work      
Src  Proc. InQueue |  Leaves   Expl. | BestBound       BestSol              Gap |   Cuts   InLp Confl. | LpIters     Time

         0       0         0   0.00%   -1.521627339    inf                  inf        0      0      0         0     0.5s
 T       0       0         0   0.00%   -1.521627339    -0.4703158486    223.53%        0      0      0      1566     0.6s
         1       0         1 100.00%   -0.4703158486   -0.4703158486      0.00%        0      0      0      1566     0.6s

Solving report
  Status            Optimal
  Primal bound      -0.470315848635
  Dual bound        -0.470315848635
  Gap               0% (tolerance: 0.5%)
  P-D integral      0.000202744516175
  Solution status   feasible
                    -0.470315848635 (objective)
                    0 (bound viol.)
                    0 (int. viol.)
                    0 (row viol.)
  Timing            0.55
  Max sub-MIP depth 0
  Nodes             1
  Repair LPs        0
  LP iterations     1566
                    0 (strong br.)
                    0 (separation)
                    0 (heuristics)
MIP has 10753 rows; 9409 cols; 25537 nonzeros; 1344 integer variables (1344 binary)
Coefficient ranges:
  Matrix  [2e-01, 1e+00]
  Cost    [1e-02, 6e-02]
  Bound   [1e+00, 1e+00]
  RHS     [3e-04, 2e+00]
Presolving model
8064 rows, 8908 cols, 22347 nonzeros 0s
6400 rows, 7574 cols, 18013 nonzeros 0s
4580 rows, 5988 cols, 13269 nonzeros 0s
3863 rows, 5090 cols, 11302 nonzeros 0s
3824 rows, 5051 cols, 11224 nonzeros 0s
Presolve reductions: rows 3824(-6929); columns 5051(-4358); nonzeros 11224(-14313) 

Solving MIP model with:
   3824 rows
   5051 cols (588 binary, 0 integer, 0 implied int., 4463 continuous, 0 domain fixed)
   11224 nonzeros

Src: B => Branching; C => Central rounding; F => Feasibility pump; H => Heuristic;
     I => Shifting; J => Feasibility jump; L => Sub-MIP; P => Empty MIP; R => Randomized rounding;
     S => Solve LP; T => Evaluate node; U => Unbounded; X => User solution; Y => HiGHS solution;
     Z => ZI Round; l => Trivial lower; p => Trivial point; u => Trivial upper; z => Trivial zero

        Nodes      |    B&B Tree     |            Objective Bounds              |  Dynamic Constraints |       Work      
Src  Proc. InQueue |  Leaves   Expl. | BestBound       BestSol              Gap |   Cuts   InLp Confl. | LpIters     Time

 J       0       0         0   0.00%   -inf            1.809739548        Large        0      0      0         0     0.4s
 T       0       0         0   0.00%   -1.530338551    0.3521288003     534.60%        0      0      0      1548     0.5s
         1       0         1 100.00%   0.3521288003    0.3521288003       0.00%        0      0      0      1548     0.5s

Solving report
  Status            Optimal
  Primal bound      0.352128800282
  Dual bound        0.352128800282
  Gap               0% (tolerance: 0.5%)
  P-D integral      0.130217251771
  Solution status   feasible
                    0.352128800282 (objective)
                    0 (bound viol.)
                    0 (int. viol.)
                    0 (row viol.)
  Timing            0.52
  Max sub-MIP depth 0
  Nodes             1
  Repair LPs        0
  LP iterations     1548
                    0 (strong br.)
                    0 (separation)
                    0 (heuristics)
MIP has 10753 rows; 9409 cols; 25537 nonzeros; 1344 integer variables (1344 binary)
Coefficient ranges:
  Matrix  [2e-01, 1e+00]
  Cost    [5e-03, 6e-02]
  Bound   [1e+00, 1e+00]
  RHS     [4e-05, 2e+00]
WARNING: Problem has some excessively small row bounds
Presolving model
8064 rows, 8873 cols, 22312 nonzeros 0s
6326 rows, 7400 cols, 17733 nonzeros 0s
4452 rows, 5691 cols, 12786 nonzeros 0s
3151 rows, 4332 cols, 9280 nonzeros 0s
2979 rows, 4160 cols, 8936 nonzeros 0s
Presolve reductions: rows 2979(-7774); columns 4160(-5249); nonzeros 8936(-16601) 

Solving MIP model with:
   2979 rows
   4160 cols (450 binary, 0 integer, 0 implied int., 3710 continuous, 0 domain fixed)
   8936 nonzeros

Src: B => Branching; C => Central rounding; F => Feasibility pump; H => Heuristic;
     I => Shifting; J => Feasibility jump; L => Sub-MIP; P => Empty MIP; R => Randomized rounding;
     S => Solve LP; T => Evaluate node; U => Unbounded; X => User solution; Y => HiGHS solution;
     Z => ZI Round; l => Trivial lower; p => Trivial point; u => Trivial upper; z => Trivial zero

        Nodes      |    B&B Tree     |            Objective Bounds              |  Dynamic Constraints |       Work      
Src  Proc. InQueue |  Leaves   Expl. | BestBound       BestSol              Gap |   Cuts   InLp Confl. | LpIters     Time

 J       0       0         0   0.00%   -inf            1.379296754        Large        0      0      0         0     0.5s
 T       0       0         0   0.00%   -1.541828025    0.2527206736     710.09%        0      0      0      1228     0.5s
         1       0         1 100.00%   0.2527206736    0.2527206736       0.00%        0      0      0      1228     0.5s

Solving report
  Status            Optimal
  Primal bound      0.252720673556
  Dual bound        0.252720673556
  Gap               0% (tolerance: 0.5%)
  P-D integral      0.106249563725
  Solution status   feasible
                    0.252720673556 (objective)
                    0 (bound viol.)
                    0 (int. viol.)
                    0 (row viol.)
  Timing            0.52
  Max sub-MIP depth 0
  Nodes             1
  Repair LPs        0
  LP iterations     1228
                    0 (strong br.)
                    0 (separation)
                    0 (heuristics)
MIP has 10753 rows; 9409 cols; 25537 nonzeros; 1344 integer variables (1344 binary)
Coefficient ranges:
  Matrix  [2e-01, 1e+00]
  Cost    [5e-03, 6e-02]
  Bound   [1e+00, 1e+00]
  RHS     [4e-05, 2e+00]
WARNING: Problem has some excessively small row bounds
Presolving model
8064 rows, 8866 cols, 22305 nonzeros 0s
6349 rows, 7422 cols, 17794 nonzeros 0s
4482 rows, 5736 cols, 12893 nonzeros 0s
3167 rows, 4334 cols, 9324 nonzeros 0s
3007 rows, 4174 cols, 9004 nonzeros 0s
Presolve reductions: rows 3007(-7746); columns 4174(-5235); nonzeros 9004(-16533) 

Solving MIP model with:
   3007 rows
   4174 cols (456 binary, 0 integer, 0 implied int., 3718 continuous, 0 domain fixed)
   9004 nonzeros

Src: B => Branching; C => Central rounding; F => Feasibility pump; H => Heuristic;
     I => Shifting; J => Feasibility jump; L => Sub-MIP; P => Empty MIP; R => Randomized rounding;
     S => Solve LP; T => Evaluate node; U => Unbounded; X => User solution; Y => HiGHS solution;
     Z => ZI Round; l => Trivial lower; p => Trivial point; u => Trivial upper; z => Trivial zero

        Nodes      |    B&B Tree     |            Objective Bounds              |  Dynamic Constraints |       Work      
Src  Proc. InQueue |  Leaves   Expl. | BestBound       BestSol              Gap |   Cuts   InLp Confl. | LpIters     Time

 J       0       0         0   0.00%   -inf            1.253958991        Large        0      0      0         0     0.4s
 T       0       0         0   0.00%   -1.591359781    0.0891367169    1885.30%        0      0      0      1229     0.5s
         1       0         1 100.00%   0.0891367169    0.0891367169       0.00%        0      0      0      1229     0.5s

Solving report
  Status            Optimal
  Primal bound      0.0891367169037
  Dual bound        0.0891367169037
  Gap               0% (tolerance: 0.5%)
  P-D integral      0.117220048943
  Solution status   feasible
                    0.0891367169037 (objective)
                    0 (bound viol.)
                    0 (int. viol.)
                    0 (row viol.)
  Timing            0.49
  Max sub-MIP depth 0
  Nodes             1
  Repair LPs        0
  LP iterations     1229
                    0 (strong br.)
                    0 (separation)
                    0 (heuristics)
MIP has 10753 rows; 9409 cols; 25537 nonzeros; 1344 integer variables (1344 binary)
Coefficient ranges:
  Matrix  [2e-01, 1e+00]
  Cost    [5e-03, 6e-02]
  Bound   [1e+00, 1e+00]
  RHS     [2e-04, 2e+00]
Presolving model
8064 rows, 8851 cols, 22290 nonzeros 0s
6342 rows, 7446 cols, 17807 nonzeros 0s
4443 rows, 5740 cols, 12838 nonzeros 0s
3720 rows, 4771 cols, 10784 nonzeros 0s
3646 rows, 4697 cols, 10636 nonzeros 0s
Presolve reductions: rows 3646(-7107); columns 4697(-4712); nonzeros 10636(-14901) 

Solving MIP model with:
   3646 rows
   4697 cols (574 binary, 0 integer, 0 implied int., 4123 continuous, 0 domain fixed)
   10636 nonzeros

Src: B => Branching; C => Central rounding; F => Feasibility pump; H => Heuristic;
     I => Shifting; J => Feasibility jump; L => Sub-MIP; P => Empty MIP; R => Randomized rounding;
     S => Solve LP; T => Evaluate node; U => Unbounded; X => User solution; Y => HiGHS solution;
     Z => ZI Round; l => Trivial lower; p => Trivial point; u => Trivial upper; z => Trivial zero

        Nodes      |    B&B Tree     |            Objective Bounds              |  Dynamic Constraints |       Work      
Src  Proc. InQueue |  Leaves   Expl. | BestBound       BestSol              Gap |   Cuts   InLp Confl. | LpIters     Time

 J       0       0         0   0.00%   -inf            0.531628809        Large        0      0      0         0     0.5s
 T       0       0         0   0.00%   -1.649441943    -0.5428416141    203.85%        0      0      0      1364     0.6s
         1       0         1 100.00%   -0.5428416141   -0.5428416141      0.00%        0      0      0      1364     0.6s

Solving report
  Status            Optimal
  Primal bound      -0.542841614093
  Dual bound        -0.542841614093
  Gap               0% (tolerance: 0.5%)
  P-D integral      0.23773054547
  Solution status   feasible
                    -0.542841614093 (objective)
                    0 (bound viol.)
                    0 (int. viol.)
                    0 (row viol.)
  Timing            0.61
  Max sub-MIP depth 0
  Nodes             1
  Repair LPs        0
  LP iterations     1364
                    0 (strong br.)
                    0 (separation)
                    0 (heuristics)
MIP has 10753 rows; 9409 cols; 25537 nonzeros; 1344 integer variables (1344 binary)
Coefficient ranges:
  Matrix  [2e-01, 1e+00]
  Cost    [1e-02, 6e-02]
  Bound   [1e+00, 1e+00]
  RHS     [3e-04, 2e+00]
Presolving model
8064 rows, 8838 cols, 22277 nonzeros 0s
6284 rows, 7241 cols, 17564 nonzeros 0s
4381 rows, 5447 cols, 12523 nonzeros 0s
3150 rows, 4076 cols, 9157 nonzeros 0s
2997 rows, 3923 cols, 8851 nonzeros 0s
Presolve reductions: rows 2997(-7756); columns 3923(-5486); nonzeros 8851(-16686) 

Solving MIP model with:
   2997 rows
   3923 cols (483 binary, 0 integer, 0 implied int., 3440 continuous, 0 domain fixed)
   8851 nonzeros

Src: B => Branching; C => Central rounding; F => Feasibility pump; H => Heuristic;
     I => Shifting; J => Feasibility jump; L => Sub-MIP; P => Empty MIP; R => Randomized rounding;
     S => Solve LP; T => Evaluate node; U => Unbounded; X => User solution; Y => HiGHS solution;
     Z => ZI Round; l => Trivial lower; p => Trivial point; u => Trivial upper; z => Trivial zero

        Nodes      |    B&B Tree     |            Objective Bounds              |  Dynamic Constraints |       Work      
Src  Proc. InQueue |  Leaves   Expl. | BestBound       BestSol              Gap |   Cuts   InLp Confl. | LpIters     Time

 J       0       0         0   0.00%   -inf            -0.9725982083      Large        0      0      0         0     0.4s
 T       0       0         0   0.00%   -2.078375284    -1.800419805      15.44%        0      0      0      1077     0.5s
         1       0         1 100.00%   -1.800419805    -1.800419805       0.00%        0      0      0      1077     0.5s

Solving report
  Status            Optimal
  Primal bound      -1.80041980542
  Dual bound        -1.80041980542
  Gap               0% (tolerance: 0.5%)
  P-D integral      0.0534229347248
  Solution status   feasible
                    -1.80041980542 (objective)
                    0 (bound viol.)
                    0 (int. viol.)
                    0 (row viol.)
  Timing            0.48
  Max sub-MIP depth 0
  Nodes             1
  Repair LPs        0
  LP iterations     1077
                    0 (strong br.)
                    0 (separation)
                    0 (heuristics)
MIP has 10753 rows; 9409 cols; 25537 nonzeros; 1344 integer variables (1344 binary)
Coefficient ranges:
  Matrix  [2e-01, 1e+00]
  Cost    [5e-03, 6e-02]
  Bound   [1e+00, 1e+00]
  RHS     [3e-04, 2e+00]
Presolving model
8064 rows, 8813 cols, 22252 nonzeros 0s
6248 rows, 7204 cols, 17464 nonzeros 0s
4361 rows, 5416 cols, 12460 nonzeros 0s
3176 rows, 4090 cols, 9213 nonzeros 0s
3047 rows, 3961 cols, 8955 nonzeros 0s
Presolve reductions: rows 3047(-7706); columns 3961(-5448); nonzeros 8955(-16582) 

Solving MIP model with:
   3047 rows
   3961 cols (487 binary, 0 integer, 0 implied int., 3474 continuous, 0 domain fixed)
   8955 nonzeros

Src: B => Branching; C => Central rounding; F => Feasibility pump; H => Heuristic;
     I => Shifting; J => Feasibility jump; L => Sub-MIP; P => Empty MIP; R => Randomized rounding;
     S => Solve LP; T => Evaluate node; U => Unbounded; X => User solution; Y => HiGHS solution;
     Z => ZI Round; l => Trivial lower; p => Trivial point; u => Trivial upper; z => Trivial zero

        Nodes      |    B&B Tree     |            Objective Bounds              |  Dynamic Constraints |       Work      
Src  Proc. InQueue |  Leaves   Expl. | BestBound       BestSol              Gap |   Cuts   InLp Confl. | LpIters     Time

 J       0       0         0   0.00%   -inf            -0.2007244279      Large        0      0      0         0     0.4s
 T       0       0         0   0.00%   -2.017707256    -1.29042154       56.36%        0      0      0      1131     0.5s
         1       0         1 100.00%   -1.29042154     -1.29042154        0.00%        0      0      0      1131     0.5s

Solving report
  Status            Optimal
  Primal bound      -1.2904215397
  Dual bound        -1.2904215397
  Gap               0% (tolerance: 0.5%)
  P-D integral      0.50401827382
  Solution status   feasible
                    -1.2904215397 (objective)
                    0 (bound viol.)
                    0 (int. viol.)
                    0 (row viol.)
  Timing            0.48
  Max sub-MIP depth 0
  Nodes             1
  Repair LPs        0
  LP iterations     1131
                    0 (strong br.)
                    0 (separation)
                    0 (heuristics)
MIP has 10753 rows; 9409 cols; 25537 nonzeros; 1344 integer variables (1344 binary)
Coefficient ranges:
  Matrix  [2e-01, 1e+00]
  Cost    [5e-03, 6e-02]
  Bound   [1e+00, 1e+00]
  RHS     [1e-04, 2e+00]
Presolving model
8064 rows, 8792 cols, 22231 nonzeros 0s
6367 rows, 7429 cols, 17831 nonzeros 0s
4525 rows, 5802 cols, 13022 nonzeros 0s
3503 rows, 4648 cols, 10236 nonzeros 0s
3365 rows, 4510 cols, 9960 nonzeros 0s
Presolve reductions: rows 3365(-7388); columns 4510(-4899); nonzeros 9960(-15577) 

Solving MIP model with:
   3365 rows
   4510 cols (522 binary, 0 integer, 0 implied int., 3988 continuous, 0 domain fixed)
   9960 nonzeros

Src: B => Branching; C => Central rounding; F => Feasibility pump; H => Heuristic;
     I => Shifting; J => Feasibility jump; L => Sub-MIP; P => Empty MIP; R => Randomized rounding;
     S => Solve LP; T => Evaluate node; U => Unbounded; X => User solution; Y => HiGHS solution;
     Z => ZI Round; l => Trivial lower; p => Trivial point; u => Trivial upper; z => Trivial zero

        Nodes      |    B&B Tree     |            Objective Bounds              |  Dynamic Constraints |       Work      
Src  Proc. InQueue |  Leaves   Expl. | BestBound       BestSol              Gap |   Cuts   InLp Confl. | LpIters     Time

 J       0       0         0   0.00%   -inf            2.116826241        Large        0      0      0         0     0.5s
 T       0       0         0   0.00%   -1.148070542    0.6541158953     275.51%        0      0      0      1324     0.6s
         1       0         1 100.00%   0.6541158953    0.6541158953       0.00%        0      0      0      1324     0.6s

Solving report
  Status            Optimal
  Primal bound      0.6541158953
  Dual bound        0.6541158953
  Gap               0% (tolerance: 0.5%)
  P-D integral      0.0926589354631
  Solution status   feasible
                    0.6541158953 (objective)
                    0 (bound viol.)
                    0 (int. viol.)
                    0 (row viol.)
  Timing            0.59
  Max sub-MIP depth 0
  Nodes             1
  Repair LPs        0
  LP iterations     1324
                    0 (strong br.)
                    0 (separation)
                    0 (heuristics)
MIP has 10753 rows; 9409 cols; 25537 nonzeros; 1344 integer variables (1344 binary)
Coefficient ranges:
  Matrix  [2e-01, 1e+00]
  Cost    [5e-03, 6e-02]
  Bound   [1e+00, 1e+00]
  RHS     [1e-04, 2e+00]
Presolving model
8064 rows, 8762 cols, 22201 nonzeros 0s
6430 rows, 7449 cols, 17930 nonzeros 0s
4641 rows, 5918 cols, 13282 nonzeros 0s
2990 rows, 4313 cols, 8918 nonzeros 0s
2759 rows, 4082 cols, 8456 nonzeros 0s
Presolve reductions: rows 2759(-7994); columns 4082(-5327); nonzeros 8456(-17081) 

Solving MIP model with:
   2759 rows
   4082 cols (404 binary, 0 integer, 0 implied int., 3678 continuous, 0 domain fixed)
   8456 nonzeros

Src: B => Branching; C => Central rounding; F => Feasibility pump; H => Heuristic;
     I => Shifting; J => Feasibility jump; L => Sub-MIP; P => Empty MIP; R => Randomized rounding;
     S => Solve LP; T => Evaluate node; U => Unbounded; X => User solution; Y => HiGHS solution;
     Z => ZI Round; l => Trivial lower; p => Trivial point; u => Trivial upper; z => Trivial zero

        Nodes      |    B&B Tree     |            Objective Bounds              |  Dynamic Constraints |       Work      
Src  Proc. InQueue |  Leaves   Expl. | BestBound       BestSol              Gap |   Cuts   InLp Confl. | LpIters     Time

 J       0       0         0   0.00%   -inf            3.351385641        Large        0      0      0         0     0.4s
 T       0       0         0   0.00%   -0.6479710219   1.770882335      136.59%        0      0      0      1185     0.5s
         1       0         1 100.00%   1.770882335     1.770882335        0.00%        0      0      0      1185     0.5s

Solving report
  Status            Optimal
  Primal bound      1.77088233463
  Dual bound        1.77088233463
  Gap               0% (tolerance: 0.5%)
  P-D integral      0.0580235540515
  Solution status   feasible
                    1.77088233463 (objective)
                    0 (bound viol.)
                    0 (int. viol.)
                    0 (row viol.)
  Timing            0.47
  Max sub-MIP depth 0
  Nodes             1
  Repair LPs        0
  LP iterations     1185
                    0 (strong br.)
                    0 (separation)
                    0 (heuristics)
MIP has 10753 rows; 9409 cols; 25537 nonzeros; 1344 integer variables (1344 binary)
Coefficient ranges:
  Matrix  [2e-01, 1e+00]
  Cost    [5e-03, 6e-02]
  Bound   [1e+00, 1e+00]
  RHS     [1e-04, 2e+00]
Presolving model
8064 rows, 8750 cols, 22189 nonzeros 0s
6437 rows, 7443 cols, 17931 nonzeros 0s
4656 rows, 5923 cols, 13306 nonzeros 0s
2844 rows, 4214 cols, 8549 nonzeros 0s
2589 rows, 3959 cols, 8039 nonzeros 0s
Presolve reductions: rows 2589(-8164); columns 3959(-5450); nonzeros 8039(-17498) 

Solving MIP model with:
   2589 rows
   3959 cols (373 binary, 0 integer, 0 implied int., 3586 continuous, 0 domain fixed)
   8039 nonzeros

Src: B => Branching; C => Central rounding; F => Feasibility pump; H => Heuristic;
     I => Shifting; J => Feasibility jump; L => Sub-MIP; P => Empty MIP; R => Randomized rounding;
     S => Solve LP; T => Evaluate node; U => Unbounded; X => User solution; Y => HiGHS solution;
     Z => ZI Round; l => Trivial lower; p => Trivial point; u => Trivial upper; z => Trivial zero

        Nodes      |    B&B Tree     |            Objective Bounds              |  Dynamic Constraints |       Work      
Src  Proc. InQueue |  Leaves   Expl. | BestBound       BestSol              Gap |   Cuts   InLp Confl. | LpIters     Time

 J       0       0         0   0.00%   -inf            3.4422443          Large        0      0      0         0     0.4s
 T       0       0         0   0.00%   -0.4340332529   2.059295496      121.08%        0      0      0      1143     0.5s
         1       0         1 100.00%   2.059295496     2.059295496        0.00%        0      0      0      1143     0.5s

Solving report
  Status            Optimal
  Primal bound      2.05929549627
  Dual bound        2.05929549627
  Gap               0% (tolerance: 0.5%)
  P-D integral      0.0561812839614
  Solution status   feasible
                    2.05929549627 (objective)
                    0 (bound viol.)
                    0 (int. viol.)
                    0 (row viol.)
  Timing            0.47
  Max sub-MIP depth 0
  Nodes             1
  Repair LPs        0
  LP iterations     1143
                    0 (strong br.)
                    0 (separation)
                    0 (heuristics)
MIP has 10753 rows; 9409 cols; 25537 nonzeros; 1344 integer variables (1344 binary)
Coefficient ranges:
  Matrix  [2e-01, 1e+00]
  Cost    [5e-03, 6e-02]
  Bound   [1e+00, 1e+00]
  RHS     [1e-04, 2e+00]
Presolving model
8064 rows, 8755 cols, 22194 nonzeros 0s
6359 rows, 7332 cols, 17710 nonzeros 0s
4519 rows, 5709 cols, 12899 nonzeros 0s
2585 rows, 3785 cols, 7741 nonzeros 0s
2357 rows, 3557 cols, 7285 nonzeros 0s
Presolve reductions: rows 2357(-8396); columns 3557(-5852); nonzeros 7285(-18252) 

Solving MIP model with:
   2357 rows
   3557 cols (343 binary, 0 integer, 0 implied int., 3214 continuous, 0 domain fixed)
   7285 nonzeros

Src: B => Branching; C => Central rounding; F => Feasibility pump; H => Heuristic;
     I => Shifting; J => Feasibility jump; L => Sub-MIP; P => Empty MIP; R => Randomized rounding;
     S => Solve LP; T => Evaluate node; U => Unbounded; X => User solution; Y => HiGHS solution;
     Z => ZI Round; l => Trivial lower; p => Trivial point; u => Trivial upper; z => Trivial zero

        Nodes      |    B&B Tree     |            Objective Bounds              |  Dynamic Constraints |       Work      
Src  Proc. InQueue |  Leaves   Expl. | BestBound       BestSol              Gap |   Cuts   InLp Confl. | LpIters     Time

 J       0       0         0   0.00%   -inf            3.311999702        Large        0      0      0         0     0.4s
 T       0       0         0   0.00%   -0.4383824568   2.022940641      121.67%        0      0      0      1017     0.5s
         1       0         1 100.00%   2.022940641     2.022940641        0.00%        0      0      0      1017     0.5s

Solving report
  Status            Optimal
  Primal bound      2.02294064053
  Dual bound        2.02294064053
  Gap               0% (tolerance: 0.5%)
  P-D integral      0.0423356840874
  Solution status   feasible
                    2.02294064053 (objective)
                    0 (bound viol.)
                    0 (int. viol.)
                    0 (row viol.)
  Timing            0.49
  Max sub-MIP depth 0
  Nodes             1
  Repair LPs        0
  LP iterations     1017
                    0 (strong br.)
                    0 (separation)
                    0 (heuristics)
MIP has 10753 rows; 9409 cols; 25537 nonzeros; 1344 integer variables (1344 binary)
Coefficient ranges:
  Matrix  [2e-01, 1e+00]
  Cost    [5e-03, 6e-02]
  Bound   [1e+00, 1e+00]
  RHS     [1e-06, 2e+00]
WARNING: Problem has some excessively small row bounds
Presolving model
8064 rows, 8734 cols, 22173 nonzeros 0s
6348 rows, 7241 cols, 17628 nonzeros 0s
4494 rows, 5547 cols, 12736 nonzeros 0s
2538 rows, 3609 cols, 7522 nonzeros 0s
2003 rows, 3093 cols, 6235 nonzeros 0s
1951 rows, 3041 cols, 6131 nonzeros 0s
Presolve reductions: rows 1951(-8802); columns 3041(-6368); nonzeros 6131(-19406) 

Solving MIP model with:
   1951 rows
   3041 cols (285 binary, 0 integer, 0 implied int., 2756 continuous, 0 domain fixed)
   6131 nonzeros

Src: B => Branching; C => Central rounding; F => Feasibility pump; H => Heuristic;
     I => Shifting; J => Feasibility jump; L => Sub-MIP; P => Empty MIP; R => Randomized rounding;
     S => Solve LP; T => Evaluate node; U => Unbounded; X => User solution; Y => HiGHS solution;
     Z => ZI Round; l => Trivial lower; p => Trivial point; u => Trivial upper; z => Trivial zero

        Nodes      |    B&B Tree     |            Objective Bounds              |  Dynamic Constraints |       Work      
Src  Proc. InQueue |  Leaves   Expl. | BestBound       BestSol              Gap |   Cuts   InLp Confl. | LpIters     Time

 J       0       0         0   0.00%   -inf            2.248518218        Large        0      0      0         0     0.4s
 T       0       0         0   0.00%   -0.544082979    1.305378573      141.68%        0      0      0       832     0.4s
         1       0         1 100.00%   1.305378573     1.305378573        0.00%        0      0      0       832     0.4s

Solving report
  Status            Optimal
  Primal bound      1.30537857343
  Dual bound        1.30537857343
  Gap               0% (tolerance: 0.5%)
  P-D integral      0.0428289223617
  Solution status   feasible
                    1.30537857343 (objective)
                    0 (bound viol.)
                    0 (int. viol.)
                    0 (row viol.)
  Timing            0.44
  Max sub-MIP depth 0
  Nodes             1
  Repair LPs        0
  LP iterations     832
                    0 (strong br.)
                    0 (separation)
                    0 (heuristics)
MIP has 10753 rows; 9409 cols; 25537 nonzeros; 1344 integer variables (1344 binary)
Coefficient ranges:
  Matrix  [2e-01, 1e+00]
  Cost    [5e-03, 6e-02]
  Bound   [1e+00, 1e+00]
  RHS     [1e-06, 2e+00]
WARNING: Problem has some excessively small row bounds
Presolving model
8064 rows, 8720 cols, 22159 nonzeros 0s
6370 rows, 7287 cols, 17701 nonzeros 0s
4562 rows, 5677 cols, 12970 nonzeros 0s
2597 rows, 3755 cols, 7755 nonzeros 0s
2359 rows, 3517 cols, 7279 nonzeros 0s
Presolve reductions: rows 2359(-8394); columns 3517(-5892); nonzeros 7279(-18258) 

Solving MIP model with:
   2359 rows
   3517 cols (351 binary, 0 integer, 0 implied int., 3166 continuous, 0 domain fixed)
   7279 nonzeros

Src: B => Branching; C => Central rounding; F => Feasibility pump; H => Heuristic;
     I => Shifting; J => Feasibility jump; L => Sub-MIP; P => Empty MIP; R => Randomized rounding;
     S => Solve LP; T => Evaluate node; U => Unbounded; X => User solution; Y => HiGHS solution;
     Z => ZI Round; l => Trivial lower; p => Trivial point; u => Trivial upper; z => Trivial zero

        Nodes      |    B&B Tree     |            Objective Bounds              |  Dynamic Constraints |       Work      
Src  Proc. InQueue |  Leaves   Expl. | BestBound       BestSol              Gap |   Cuts   InLp Confl. | LpIters     Time

 J       0       0         0   0.00%   -inf            2.707179714        Large        0      0      0         0     0.4s
 T       0       0         0   0.00%   -0.451935121    1.536660347      129.41%        0      0      0       991     0.5s
         1       0         1 100.00%   1.536660347     1.536660347        0.00%        0      0      0       991     0.5s

Solving report
  Status            Optimal
  Primal bound      1.53666034732
  Dual bound        1.53666034732
  Gap               0% (tolerance: 0.5%)
  P-D integral      0.0525275795551
  Solution status   feasible
                    1.53666034732 (objective)
                    0 (bound viol.)
                    0 (int. viol.)
                    0 (row viol.)
  Timing            0.46
  Max sub-MIP depth 0
  Nodes             1
  Repair LPs        0
  LP iterations     991
                    0 (strong br.)
                    0 (separation)
                    0 (heuristics)
MIP has 10753 rows; 9409 cols; 25537 nonzeros; 1344 integer variables (1344 binary)
Coefficient ranges:
  Matrix  [2e-01, 1e+00]
  Cost    [5e-03, 6e-02]
  Bound   [1e+00, 1e+00]
  RHS     [2e-05, 2e+00]
WARNING: Problem has some excessively small row bounds
Presolving model
8064 rows, 8827 cols, 22266 nonzeros 0s
6441 rows, 7537 cols, 18017 nonzeros 0s
4684 rows, 6046 cols, 13433 nonzeros 0s
2889 rows, 4363 cols, 8711 nonzeros 0s
2643 rows, 4117 cols, 8219 nonzeros 0s
Presolve reductions: rows 2643(-8110); columns 4117(-5292); nonzeros 8219(-17318) 

Solving MIP model with:
   2643 rows
   4117 cols (365 binary, 0 integer, 0 implied int., 3752 continuous, 0 domain fixed)
   8219 nonzeros

Src: B => Branching; C => Central rounding; F => Feasibility pump; H => Heuristic;
     I => Shifting; J => Feasibility jump; L => Sub-MIP; P => Empty MIP; R => Randomized rounding;
     S => Solve LP; T => Evaluate node; U => Unbounded; X => User solution; Y => HiGHS solution;
     Z => ZI Round; l => Trivial lower; p => Trivial point; u => Trivial upper; z => Trivial zero

        Nodes      |    B&B Tree     |            Objective Bounds              |  Dynamic Constraints |       Work      
Src  Proc. InQueue |  Leaves   Expl. | BestBound       BestSol              Gap |   Cuts   InLp Confl. | LpIters     Time

 J       0       0         0   0.00%   -inf            4.123597544        Large        0      0      0         0     0.4s
 T       0       0         0   0.00%   -0.1384919379   2.829293745      104.89%        0      0      0      1289     0.5s
         1       0         1 100.00%   2.829293745     2.829293745        0.00%        0      0      0      1289     0.5s

Solving report
  Status            Optimal
  Primal bound      2.82929374532
  Dual bound        2.82929374532
  Gap               0% (tolerance: 0.5%)
  P-D integral      0.0518664659853
  Solution status   feasible
                    2.82929374532 (objective)
                    0 (bound viol.)
                    0 (int. viol.)
                    0 (row viol.)
  Timing            0.48
  Max sub-MIP depth 0
  Nodes             1
  Repair LPs        0
  LP iterations     1289
                    0 (strong br.)
                    0 (separation)
                    0 (heuristics)
MIP has 10753 rows; 9409 cols; 25537 nonzeros; 1344 integer variables (1344 binary)
Coefficient ranges:
  Matrix  [2e-01, 1e+00]
  Cost    [5e-03, 6e-02]
  Bound   [1e+00, 1e+00]
  RHS     [2e-05, 2e+00]
WARNING: Problem has some excessively small row bounds
Presolving model
8064 rows, 9176 cols, 22615 nonzeros 0s
6581 rows, 8025 cols, 18641 nonzeros 0s
4959 rows, 6718 cols, 14376 nonzeros 0s
3175 rows, 5207 cols, 9745 nonzeros 0s
2728 rows, 4793 cols, 8748 nonzeros 0s
Presolve reductions: rows 2728(-8025); columns 4793(-4616); nonzeros 8748(-16789) 

Solving MIP model with:
   2728 rows
   4793 cols (307 binary, 0 integer, 0 implied int., 4486 continuous, 0 domain fixed)
   8748 nonzeros

Src: B => Branching; C => Central rounding; F => Feasibility pump; H => Heuristic;
     I => Shifting; J => Feasibility jump; L => Sub-MIP; P => Empty MIP; R => Randomized rounding;
     S => Solve LP; T => Evaluate node; U => Unbounded; X => User solution; Y => HiGHS solution;
     Z => ZI Round; l => Trivial lower; p => Trivial point; u => Trivial upper; z => Trivial zero

        Nodes      |    B&B Tree     |            Objective Bounds              |  Dynamic Constraints |       Work      
Src  Proc. InQueue |  Leaves   Expl. | BestBound       BestSol              Gap |   Cuts   InLp Confl. | LpIters     Time

 J       0       0         0   0.00%   -inf            5.070278336        Large        0      0      0         0     0.5s
 T       0       0         0   0.00%   -0.0529613337   4.370464026      101.21%        0      0      0      1723     0.5s
         1       0         1 100.00%   4.370464026     4.370464026        0.00%        0      0      0      1723     0.5s

Solving report
  Status            Optimal
  Primal bound      4.37046402585
  Dual bound        4.37046402585
  Gap               0% (tolerance: 0.5%)
  P-D integral      0.0731769023739
  Solution status   feasible
                    4.37046402585 (objective)
                    0 (bound viol.)
                    0 (int. viol.)
                    0 (row viol.)
  Timing            0.53
  Max sub-MIP depth 0
  Nodes             1
  Repair LPs        0
  LP iterations     1723
                    0 (strong br.)
                    0 (separation)
                    0 (heuristics)
MIP has 10753 rows; 9409 cols; 25537 nonzeros; 1344 integer variables (1344 binary)
Coefficient ranges:
  Matrix  [2e-01, 1e+00]
  Cost    [1e-02, 6e-02]
  Bound   [1e+00, 1e+00]
  RHS     [1e-05, 2e+00]
WARNING: Problem has some excessively small row bounds
Presolving model
8064 rows, 9068 cols, 22507 nonzeros 0s
6532 rows, 7869 cols, 18438 nonzeros 0s
4877 rows, 6507 cols, 14086 nonzeros 0s
3062 rows, 4917 cols, 9346 nonzeros 0s
2543 rows, 4314 cols, 8120 nonzeros 0s
Presolve reductions: rows 2543(-8210); columns 4314(-5095); nonzeros 8120(-17417) 

Solving MIP model with:
   2543 rows
   4314 cols (316 binary, 0 integer, 0 implied int., 3998 continuous, 0 domain fixed)
   8120 nonzeros

Src: B => Branching; C => Central rounding; F => Feasibility pump; H => Heuristic;
     I => Shifting; J => Feasibility jump; L => Sub-MIP; P => Empty MIP; R => Randomized rounding;
     S => Solve LP; T => Evaluate node; U => Unbounded; X => User solution; Y => HiGHS solution;
     Z => ZI Round; l => Trivial lower; p => Trivial point; u => Trivial upper; z => Trivial zero

        Nodes      |    B&B Tree     |            Objective Bounds              |  Dynamic Constraints |       Work      
Src  Proc. InQueue |  Leaves   Expl. | BestBound       BestSol              Gap |   Cuts   InLp Confl. | LpIters     Time

 J       0       0         0   0.00%   -inf            4.962542115        Large        0      0      0         0     0.6s
 T       0       0         0   0.00%   0.518672557     4.555126142       88.61%        0      0      0      1420     0.7s
         1       0         1 100.00%   4.555126142     4.555126142        0.00%        0      0      0      1420     0.7s

Solving report
  Status            Optimal
  Primal bound      4.55512614174
  Dual bound        4.55512614174
  Gap               0% (tolerance: 0.5%)
  P-D integral      0.040886110188
  Solution status   feasible
                    4.55512614174 (objective)
                    0 (bound viol.)
                    0 (int. viol.)
                    0 (row viol.)
  Timing            0.67
  Max sub-MIP depth 0
  Nodes             1
  Repair LPs        0
  LP iterations     1420
                    0 (strong br.)
                    0 (separation)
                    0 (heuristics)
MIP has 10753 rows; 9409 cols; 25537 nonzeros; 1344 integer variables (1344 binary)
Coefficient ranges:
  Matrix  [2e-01, 1e+00]
  Cost    [1e-02, 6e-02]
  Bound   [1e+00, 1e+00]
  RHS     [1e-05, 2e+00]
WARNING: Problem has some excessively small row bounds
Presolving model
8064 rows, 8560 cols, 21999 nonzeros 0s
6399 rows, 7227 cols, 17661 nonzeros 0s
4598 rows, 5680 cols, 12967 nonzeros 0s
2679 rows, 3893 cols, 7927 nonzeros 0s
1553 rows, 2931 cols, 5183 nonzeros 0s
1389 rows, 2766 cols, 4854 nonzeros 0s
Presolve reductions: rows 1389(-9364); columns 2766(-6643); nonzeros 4854(-20683) 

Solving MIP model with:
   1389 rows
   2766 cols (175 binary, 0 integer, 0 implied int., 2591 continuous, 0 domain fixed)
   4854 nonzeros

Src: B => Branching; C => Central rounding; F => Feasibility pump; H => Heuristic;
     I => Shifting; J => Feasibility jump; L => Sub-MIP; P => Empty MIP; R => Randomized rounding;
     S => Solve LP; T => Evaluate node; U => Unbounded; X => User solution; Y => HiGHS solution;
     Z => ZI Round; l => Trivial lower; p => Trivial point; u => Trivial upper; z => Trivial zero

        Nodes      |    B&B Tree     |            Objective Bounds              |  Dynamic Constraints |       Work      
Src  Proc. InQueue |  Leaves   Expl. | BestBound       BestSol              Gap |   Cuts   InLp Confl. | LpIters     Time

 J       0       0         0   0.00%   -inf            6.635158201        Large        0      0      0         0     0.5s
 T       0       0         0   0.00%   1.175758482     6.296558154       81.33%        0      0      0       608     0.6s
         1       0         1 100.00%   6.296558154     6.296558154        0.00%        0      0      0       608     0.6s

Solving report
  Status            Optimal
  Primal bound      6.29655815381
  Dual bound        6.29655815381
  Gap               0% (tolerance: 0.5%)
  P-D integral      0.026674131893
  Solution status   feasible
                    6.29655815381 (objective)
                    0 (bound viol.)
                    0 (int. viol.)
                    0 (row viol.)
  Timing            0.57
  Max sub-MIP depth 0
  Nodes             1
  Repair LPs        0
  LP iterations     608
                    0 (strong br.)
                    0 (separation)
                    0 (heuristics)
MIP has 10753 rows; 9409 cols; 25537 nonzeros; 1344 integer variables (1344 binary)
Coefficient ranges:
  Matrix  [2e-01, 1e+00]
  Cost    [1e-02, 6e-02]
  Bound   [1e+00, 1e+00]
  RHS     [3e-04, 2e+00]
Presolving model
8064 rows, 8414 cols, 21853 nonzeros 0s
6394 rows, 7075 cols, 17512 nonzeros 0s
4589 rows, 5529 cols, 12825 nonzeros 0s
2657 rows, 3727 cols, 7755 nonzeros 0s
2470 rows, 2803 cols, 5174 nonzeros 0s
1086 rows, 2246 cols, 3723 nonzeros 0s
871 rows, 1792 cols, 3054 nonzeros 0s
755 rows, 1366 cols, 2512 nonzeros 0s
703 rows, 1215 cols, 2309 nonzeros 0s
Presolve reductions: rows 703(-10050); columns 1215(-8194); nonzeros 2309(-23228) 

Solving MIP model with:
   703 rows
   1215 cols (98 binary, 0 integer, 0 implied int., 1117 continuous, 0 domain fixed)
   2309 nonzeros

Src: B => Branching; C => Central rounding; F => Feasibility pump; H => Heuristic;
     I => Shifting; J => Feasibility jump; L => Sub-MIP; P => Empty MIP; R => Randomized rounding;
     S => Solve LP; T => Evaluate node; U => Unbounded; X => User solution; Y => HiGHS solution;
     Z => ZI Round; l => Trivial lower; p => Trivial point; u => Trivial upper; z => Trivial zero

        Nodes      |    B&B Tree     |            Objective Bounds              |  Dynamic Constraints |       Work      
Src  Proc. InQueue |  Leaves   Expl. | BestBound       BestSol              Gap |   Cuts   InLp Confl. | LpIters     Time

 J       0       0         0   0.00%   -inf            7.624003813        Large        0      0      0         0     0.4s
 T       0       0         0   0.00%   6.128878585     7.470732257       17.96%        0      0      0       324     0.4s
         1       0         1 100.00%   7.470732257     7.470732257        0.00%        0      0      0       324     0.4s

Solving report
  Status            Optimal
  Primal bound      7.47073225732
  Dual bound        7.47073225732
  Gap               0% (tolerance: 0.5%)
  P-D integral      0.00234269842386
  Solution status   feasible
                    7.47073225732 (objective)
                    0 (bound viol.)
                    0 (int. viol.)
                    0 (row viol.)
  Timing            0.39
  Max sub-MIP depth 0
  Nodes             1
  Repair LPs        0
  LP iterations     324
                    0 (strong br.)
                    0 (separation)
                    0 (heuristics)
MIP has 10753 rows; 9409 cols; 25537 nonzeros; 1344 integer variables (1344 binary)
Coefficient ranges:
  Matrix  [2e-01, 1e+00]
  Cost    [1e-02, 6e-02]
  Bound   [1e+00, 1e+00]
  RHS     [2e-04, 2e+00]
Presolving model
8064 rows, 8526 cols, 21965 nonzeros 0s
6390 rows, 7181 cols, 17610 nonzeros 0s
4581 rows, 5627 cols, 12896 nonzeros 0s
2618 rows, 3770 cols, 7731 nonzeros 0s
2388 rows, 2922 cols, 5690 nonzeros 0s
1566 rows, 2725 cols, 5058 nonzeros 0s
1447 rows, 2606 cols, 4818 nonzeros 0s
Presolve reductions: rows 1447(-9306); columns 2606(-6803); nonzeros 4818(-20719) 

Solving MIP model with:
   1447 rows
   2606 cols (192 binary, 0 integer, 0 implied int., 2414 continuous, 0 domain fixed)
   4818 nonzeros

Src: B => Branching; C => Central rounding; F => Feasibility pump; H => Heuristic;
     I => Shifting; J => Feasibility jump; L => Sub-MIP; P => Empty MIP; R => Randomized rounding;
     S => Solve LP; T => Evaluate node; U => Unbounded; X => User solution; Y => HiGHS solution;
     Z => ZI Round; l => Trivial lower; p => Trivial point; u => Trivial upper; z => Trivial zero

        Nodes      |    B&B Tree     |            Objective Bounds              |  Dynamic Constraints |       Work      
Src  Proc. InQueue |  Leaves   Expl. | BestBound       BestSol              Gap |   Cuts   InLp Confl. | LpIters     Time

 J       0       0         0   0.00%   -inf            6.995312498        Large        0      0      0         0     0.5s
 T       0       0         0   0.00%   2.373976154     6.716271451       64.65%        0      0      0       705     0.5s
         1       0         1 100.00%   6.716271451     6.716271451        0.00%        0      0      0       705     0.5s

Solving report
  Status            Optimal
  Primal bound      6.71627145076
  Dual bound        6.71627145076
  Gap               0% (tolerance: 0.5%)
  P-D integral      0.0167955094098
  Solution status   feasible
                    6.71627145076 (objective)
                    0 (bound viol.)
                    0 (int. viol.)
                    0 (row viol.)
  Timing            0.48
  Max sub-MIP depth 0
  Nodes             1
  Repair LPs        0
  LP iterations     705
                    0 (strong br.)
                    0 (separation)
                    0 (heuristics)
MIP has 10753 rows; 9409 cols; 25537 nonzeros; 1344 integer variables (1344 binary)
Coefficient ranges:
  Matrix  [2e-01, 1e+00]
  Cost    [1e-02, 6e-02]
  Bound   [1e+00, 1e+00]
  RHS     [2e-04, 2e+00]
Presolving model
8064 rows, 8605 cols, 22044 nonzeros 0s
6424 rows, 7296 cols, 17759 nonzeros 0s
4636 rows, 5772 cols, 13100 nonzeros 0s
2716 rows, 3985 cols, 8060 nonzeros 0s
1704 rows, 3096 cols, 5597 nonzeros 0s
1549 rows, 2876 cols, 5222 nonzeros 0s
Presolve reductions: rows 1549(-9204); columns 2876(-6533); nonzeros 5222(-20315) 

Solving MIP model with:
   1549 rows
   2876 cols (200 binary, 0 integer, 0 implied int., 2676 continuous, 0 domain fixed)
   5222 nonzeros

Src: B => Branching; C => Central rounding; F => Feasibility pump; H => Heuristic;
     I => Shifting; J => Feasibility jump; L => Sub-MIP; P => Empty MIP; R => Randomized rounding;
     S => Solve LP; T => Evaluate node; U => Unbounded; X => User solution; Y => HiGHS solution;
     Z => ZI Round; l => Trivial lower; p => Trivial point; u => Trivial upper; z => Trivial zero

        Nodes      |    B&B Tree     |            Objective Bounds              |  Dynamic Constraints |       Work      
Src  Proc. InQueue |  Leaves   Expl. | BestBound       BestSol              Gap |   Cuts   InLp Confl. | LpIters     Time

 J       0       0         0   0.00%   -inf            6.468674655        Large        0      0      0         0     0.6s
 T       0       0         0   0.00%   1.592592569     6.184041996       74.25%        0      0      0       767     0.7s
         1       0         1 100.00%   6.184041996     6.184041996        0.00%        0      0      0       767     0.7s

Solving report
  Status            Optimal
  Primal bound      6.18404199574
  Dual bound        6.18404199574
  Gap               0% (tolerance: 0.5%)
  P-D integral      0.0205531540594
  Solution status   feasible
                    6.18404199574 (objective)
                    0 (bound viol.)
                    0 (int. viol.)
                    0 (row viol.)
  Timing            0.66
  Max sub-MIP depth 0
  Nodes             1
  Repair LPs        0
  LP iterations     767
                    0 (strong br.)
                    0 (separation)
                    0 (heuristics)
MIP has 10753 rows; 9409 cols; 25537 nonzeros; 1344 integer variables (1344 binary)
Coefficient ranges:
  Matrix  [2e-01, 1e+00]
  Cost    [1e-02, 6e-02]
  Bound   [1e+00, 1e+00]
  RHS     [2e-04, 2e+00]
Presolving model
8064 rows, 8586 cols, 22025 nonzeros 0s
6411 rows, 7215 cols, 17681 nonzeros 0s
4618 rows, 5650 cols, 12988 nonzeros 0s
2709 rows, 3851 cols, 7947 nonzeros 0s
2494 rows, 2986 cols, 5644 nonzeros 0s
1330 rows, 2614 cols, 4493 nonzeros 0s
1133 rows, 2350 cols, 4032 nonzeros 0s
Presolve reductions: rows 1133(-9620); columns 2350(-7059); nonzeros 4032(-21505) 

Solving MIP model with:
   1133 rows
   2350 cols (138 binary, 0 integer, 0 implied int., 2212 continuous, 0 domain fixed)
   4032 nonzeros

Src: B => Branching; C => Central rounding; F => Feasibility pump; H => Heuristic;
     I => Shifting; J => Feasibility jump; L => Sub-MIP; P => Empty MIP; R => Randomized rounding;
     S => Solve LP; T => Evaluate node; U => Unbounded; X => User solution; Y => HiGHS solution;
     Z => ZI Round; l => Trivial lower; p => Trivial point; u => Trivial upper; z => Trivial zero

        Nodes      |    B&B Tree     |            Objective Bounds              |  Dynamic Constraints |       Work      
Src  Proc. InQueue |  Leaves   Expl. | BestBound       BestSol              Gap |   Cuts   InLp Confl. | LpIters     Time

 J       0       0         0   0.00%   -inf            5.675434161        Large        0      0      0         0     0.5s
 T       0       0         0   0.00%   1.398646976     5.447853173       74.33%        0      0      0       630     0.5s
         1       0         1 100.00%   5.447853173     5.447853173        0.00%        0      0      0       630     0.5s

Solving report
  Status            Optimal
  Primal bound      5.4478531734
  Dual bound        5.4478531734
  Gap               0% (tolerance: 0.5%)
  P-D integral      0.0174568332326
  Solution status   feasible
                    5.4478531734 (objective)
                    0 (bound viol.)
                    0 (int. viol.)
                    0 (row viol.)
  Timing            0.50
  Max sub-MIP depth 0
  Nodes             1
  Repair LPs        0
  LP iterations     630
                    0 (strong br.)
                    0 (separation)
                    0 (heuristics)
MIP has 10753 rows; 9409 cols; 25537 nonzeros; 1344 integer variables (1344 binary)
Coefficient ranges:
  Matrix  [2e-01, 1e+00]
  Cost    [1e-02, 6e-02]
  Bound   [1e+00, 1e+00]
  RHS     [2e-04, 2e+00]
Presolving model
8064 rows, 8540 cols, 21979 nonzeros 0s
6409 rows, 7141 cols, 17633 nonzeros 0s
4667 rows, 5615 cols, 13065 nonzeros 0s
2787 rows, 3851 cols, 8109 nonzeros 0s
2631 rows, 2952 cols, 5635 nonzeros 0s
1266 rows, 2533 cols, 4294 nonzeros 0s
1059 rows, 2326 cols, 3880 nonzeros 0s
Presolve reductions: rows 1059(-9694); columns 2326(-7083); nonzeros 3880(-21657) 

Solving MIP model with:
   1059 rows
   2326 cols (124 binary, 0 integer, 0 implied int., 2202 continuous, 0 domain fixed)
   3880 nonzeros

Src: B => Branching; C => Central rounding; F => Feasibility pump; H => Heuristic;
     I => Shifting; J => Feasibility jump; L => Sub-MIP; P => Empty MIP; R => Randomized rounding;
     S => Solve LP; T => Evaluate node; U => Unbounded; X => User solution; Y => HiGHS solution;
     Z => ZI Round; l => Trivial lower; p => Trivial point; u => Trivial upper; z => Trivial zero

        Nodes      |    B&B Tree     |            Objective Bounds              |  Dynamic Constraints |       Work      
Src  Proc. InQueue |  Leaves   Expl. | BestBound       BestSol              Gap |   Cuts   InLp Confl. | LpIters     Time

 J       0       0         0   0.00%   -inf            5.669709033        Large        0      0      0         0     0.4s
 T       0       0         0   0.00%   0.9107379859    5.412818034       83.17%        0      0      0       638     0.4s
         1       0         1 100.00%   5.412818034     5.412818034        0.00%        0      0      0       638     0.4s

Solving report
  Status            Optimal
  Primal bound      5.41281803388
  Dual bound        5.41281803388
  Gap               0% (tolerance: 0.5%)
  P-D integral      0.0157407124286
  Solution status   feasible
                    5.41281803388 (objective)
                    0 (bound viol.)
                    0 (int. viol.)
                    0 (row viol.)
  Timing            0.40
  Max sub-MIP depth 0
  Nodes             1
  Repair LPs        0
  LP iterations     638
                    0 (strong br.)
                    0 (separation)
                    0 (heuristics)
MIP has 10753 rows; 9409 cols; 25537 nonzeros; 1344 integer variables (1344 binary)
Coefficient ranges:
  Matrix  [2e-01, 1e+00]
  Cost    [1e-02, 6e-02]
  Bound   [1e+00, 1e+00]
  RHS     [5e-05, 2e+00]
WARNING: Problem has some excessively small row bounds
Presolving model
8064 rows, 8485 cols, 21924 nonzeros 0s
6410 rows, 7141 cols, 17614 nonzeros 0s
4638 rows, 5605 cols, 12998 nonzeros 0s
2739 rows, 3825 cols, 8007 nonzeros 0s
1444 rows, 2704 cols, 4811 nonzeros 0s
1241 rows, 2421 cols, 4325 nonzeros 0s
Presolve reductions: rows 1241(-9512); columns 2421(-6988); nonzeros 4325(-21212) 

Solving MIP model with:
   1241 rows
   2421 cols (166 binary, 0 integer, 0 implied int., 2255 continuous, 0 domain fixed)
   4325 nonzeros

Src: B => Branching; C => Central rounding; F => Feasibility pump; H => Heuristic;
     I => Shifting; J => Feasibility jump; L => Sub-MIP; P => Empty MIP; R => Randomized rounding;
     S => Solve LP; T => Evaluate node; U => Unbounded; X => User solution; Y => HiGHS solution;
     Z => ZI Round; l => Trivial lower; p => Trivial point; u => Trivial upper; z => Trivial zero

        Nodes      |    B&B Tree     |            Objective Bounds              |  Dynamic Constraints |       Work      
Src  Proc. InQueue |  Leaves   Expl. | BestBound       BestSol              Gap |   Cuts   InLp Confl. | LpIters     Time

 J       0       0         0   0.00%   -inf            5.895157457        Large        0      0      0         0     0.4s
 T       0       0         0   0.00%   1.664663896     5.6815652         70.70%        0      0      0       593     0.4s
         1       0         1 100.00%   5.6815652       5.6815652          0.00%        0      0      0       593     0.4s

Solving report
  Status            Optimal
  Primal bound      5.68156520038
  Dual bound        5.68156520038
  Gap               0% (tolerance: 0.5%)
  P-D integral      0.0165400328134
  Solution status   feasible
                    5.68156520038 (objective)
                    0 (bound viol.)
                    0 (int. viol.)
                    0 (row viol.)
  Timing            0.42
  Max sub-MIP depth 0
  Nodes             1
  Repair LPs        0
  LP iterations     593
                    0 (strong br.)
                    0 (separation)
                    0 (heuristics)
MIP has 10753 rows; 9409 cols; 25537 nonzeros; 1344 integer variables (1344 binary)
Coefficient ranges:
  Matrix  [2e-01, 1e+00]
  Cost    [1e-02, 6e-02]
  Bound   [1e+00, 1e+00]
  RHS     [5e-05, 2e+00]
WARNING: Problem has some excessively small row bounds
Presolving model
8064 rows, 8504 cols, 21943 nonzeros 0s
6427 rows, 7182 cols, 17664 nonzeros 0s
4669 rows, 5692 cols, 13088 nonzeros 0s
2764 rows, 3934 cols, 8097 nonzeros 0s
2572 rows, 3000 cols, 5501 nonzeros 0s
1220 rows, 2628 cols, 4267 nonzeros 0s
980 rows, 2388 cols, 3787 nonzeros 0s
Presolve reductions: rows 980(-9773); columns 2388(-7021); nonzeros 3787(-21750) 

Solving MIP model with:
   980 rows
   2388 cols (105 binary, 0 integer, 0 implied int., 2283 continuous, 0 domain fixed)
   3787 nonzeros

Src: B => Branching; C => Central rounding; F => Feasibility pump; H => Heuristic;
     I => Shifting; J => Feasibility jump; L => Sub-MIP; P => Empty MIP; R => Randomized rounding;
     S => Solve LP; T => Evaluate node; U => Unbounded; X => User solution; Y => HiGHS solution;
     Z => ZI Round; l => Trivial lower; p => Trivial point; u => Trivial upper; z => Trivial zero

        Nodes      |    B&B Tree     |            Objective Bounds              |  Dynamic Constraints |       Work      
Src  Proc. InQueue |  Leaves   Expl. | BestBound       BestSol              Gap |   Cuts   InLp Confl. | LpIters     Time

 J       0       0         0   0.00%   -inf            8.889529646        Large        0      0      0         0     0.4s
 T       0       0         0   0.00%   1.596194215     8.712611052       81.68%        0      0      0       461     0.4s
         1       0         1 100.00%   8.712611052     8.712611052        0.00%        0      0      0       461     0.4s

Solving report
  Status            Optimal
  Primal bound      8.71261105174
  Dual bound        8.71261105174
  Gap               0% (tolerance: 0.5%)
  P-D integral      0.0165099986999
  Solution status   feasible
                    8.71261105174 (objective)
                    0 (bound viol.)
                    0 (int. viol.)
                    0 (row viol.)
  Timing            0.43
  Max sub-MIP depth 0
  Nodes             1
  Repair LPs        0
  LP iterations     461
                    0 (strong br.)
                    0 (separation)
                    0 (heuristics)
MIP has 10753 rows; 9409 cols; 25537 nonzeros; 1344 integer variables (1344 binary)
Coefficient ranges:
  Matrix  [2e-01, 1e+00]
  Cost    [1e-02, 6e-02]
  Bound   [1e+00, 1e+00]
  RHS     [2e-04, 2e+00]
Presolving model
8064 rows, 8562 cols, 22001 nonzeros 0s
6437 rows, 7261 cols, 17745 nonzeros 0s
4689 rows, 5782 cols, 13186 nonzeros 0s
2804 rows, 4058 cols, 8241 nonzeros 0s
2634 rows, 3045 cols, 5384 nonzeros 0s
1079 rows, 2549 cols, 3891 nonzeros 0s
831 rows, 2215 cols, 3309 nonzeros 0s
732 rows, 1824 cols, 2819 nonzeros 0s
632 rows, 1441 cols, 2336 nonzeros 0s
Presolve reductions: rows 632(-10121); columns 1441(-7968); nonzeros 2336(-23201) 

Solving MIP model with:
   632 rows
   1441 cols (66 binary, 0 integer, 0 implied int., 1375 continuous, 0 domain fixed)
   2336 nonzeros

Src: B => Branching; C => Central rounding; F => Feasibility pump; H => Heuristic;
     I => Shifting; J => Feasibility jump; L => Sub-MIP; P => Empty MIP; R => Randomized rounding;
     S => Solve LP; T => Evaluate node; U => Unbounded; X => User solution; Y => HiGHS solution;
     Z => ZI Round; l => Trivial lower; p => Trivial point; u => Trivial upper; z => Trivial zero

        Nodes      |    B&B Tree     |            Objective Bounds              |  Dynamic Constraints |       Work      
Src  Proc. InQueue |  Leaves   Expl. | BestBound       BestSol              Gap |   Cuts   InLp Confl. | LpIters     Time

 J       0       0         0   0.00%   -inf            9.835307502        Large        0      0      0         0     0.4s
 T       0       0         0   0.00%   6.177953718     9.731547006       36.52%        0      0      0       298     0.4s
         1       0         1 100.00%   9.731547006     9.731547006        0.00%        0      0      0       298     0.4s

Solving report
  Status            Optimal
  Primal bound      9.73154700612
  Dual bound        9.73154700612
  Gap               0% (tolerance: 0.5%)
  P-D integral      0.00417854089193
  Solution status   feasible
                    9.73154700612 (objective)
                    0 (bound viol.)
                    0 (int. viol.)
                    0 (row viol.)
  Timing            0.45
  Max sub-MIP depth 0
  Nodes             1
  Repair LPs        0
  LP iterations     298
                    0 (strong br.)
                    0 (separation)
                    0 (heuristics)
MIP has 10754 rows; 9409 cols; 25538 nonzeros; 1344 integer variables (1344 binary)
Coefficient ranges:
  Matrix  [2e-01, 1e+00]
  Cost    [1e-02, 6e-02]
  Bound   [1e+00, 1e+00]
  RHS     [2e-04, 2e+00]
Presolving model
8064 rows, 8561 cols, 22000 nonzeros 0s
6438 rows, 7262 cols, 17743 nonzeros 0s
4690 rows, 5783 cols, 13188 nonzeros 0s
2815 rows, 4070 cols, 8268 nonzeros 0s
2638 rows, 3028 cols, 5327 nonzeros 0s
1051 rows, 2548 cols, 3834 nonzeros 0s
766 rows, 2155 cols, 3156 nonzeros 0s
635 rows, 1618 cols, 2488 nonzeros 0s
616 rows, 1534 cols, 2385 nonzeros 0s
Presolve reductions: rows 616(-10138); columns 1534(-7875); nonzeros 2385(-23153) 

Solving MIP model with:
   616 rows
   1534 cols (59 binary, 0 integer, 0 implied int., 1475 continuous, 0 domain fixed)
   2385 nonzeros

Src: B => Branching; C => Central rounding; F => Feasibility pump; H => Heuristic;
     I => Shifting; J => Feasibility jump; L => Sub-MIP; P => Empty MIP; R => Randomized rounding;
     S => Solve LP; T => Evaluate node; U => Unbounded; X => User solution; Y => HiGHS solution;
     Z => ZI Round; l => Trivial lower; p => Trivial point; u => Trivial upper; z => Trivial zero

        Nodes      |    B&B Tree     |            Objective Bounds              |  Dynamic Constraints |       Work      
Src  Proc. InQueue |  Leaves   Expl. | BestBound       BestSol              Gap |   Cuts   InLp Confl. | LpIters     Time

         0       0         0   0.00%   5.834042926     inf                  inf        0      0      0         0     0.5s
 T       0       0         0   0.00%   5.834042926     10.24173419       43.04%        0      0      0       270     0.5s
         1       0         1 100.00%   10.24173419     10.24173419        0.00%        0      0      0       270     0.5s

Solving report
  Status            Optimal
  Primal bound      10.2417341864
  Dual bound        10.2417341864
  Gap               0% (tolerance: 0.5%)
  P-D integral      6.54586289959e-05
  Solution status   feasible
                    10.2417341864 (objective)
                    0 (bound viol.)
                    0 (int. viol.)
                    0 (row viol.)
  Timing            0.49
  Max sub-MIP depth 0
  Nodes             1
  Repair LPs        0
  LP iterations     270
                    0 (strong br.)
                    0 (separation)
                    0 (heuristics)
