MIP has 10753 rows; 9409 cols; 25537 nonzeros; 1344 integer variables (1344 binary)
Coefficient ranges:
  Matrix  [2e-01, 2e+00]
  Cost    [1e-02, 6e-02]
  Bound   [1e+00, 1e+00]
  RHS     [1e-04, 5e+00]
Presolving model
8064 rows, 8597 cols, 22036 nonzeros 0s
6418 rows, 7284 cols, 17741 nonzeros 0s
4641 rows, 5776 cols, 13120 nonzeros 0s
2719 rows, 3996 cols, 8082 nonzeros 0s
1632 rows, 3067 cols, 5434 nonzeros 0s
1482 rows, 2917 cols, 5134 nonzeros 0s
Presolve reductions: rows 1482(-9271); columns 2917(-6492); nonzeros 5134(-20403) 

Solving MIP model with:
   1482 rows
   2917 cols (184 binary, 0 integer, 0 implied int., 2733 continuous, 0 domain fixed)
   5134 nonzeros

Src: B => Branching; C => Central rounding; F => Feasibility pump; H => Heuristic;
     I => Shifting; J => Feasibility jump; L => Sub-MIP; P => Empty MIP; R => Randomized rounding;
     S => Solve LP; T => Evaluate node; U => Unbounded; X => User solution; Y => HiGHS solution;
     Z => ZI Round; l => Trivial lower; p => Trivial point; u => Trivial upper; z => Trivial zero

        Nodes      |    B&B Tree     |            Objective Bounds              |  Dynamic Constraints |       Work      
Src  Proc. InQueue |  Leaves   Expl. | BestBound       BestSol              Gap |   Cuts   InLp Confl. | LpIters     Time

 J       0       0         0   0.00%   -inf            19.78751136        Large        0      0      0         0     0.4s
 T       0       0         0   0.00%   -0.9219400267   16.84991606      105.47%        0      0      0       782     0.5s
         1       0         1 100.00%   16.84991606     16.84991606        0.00%        0      0      0       782     0.5s

Solving report
  Status            Optimal
  Primal bound      16.8499160582
  Dual bound        16.8499160582
  Gap               0% (tolerance: 0.5%)
  P-D integral      0.0331114298375
  Solution status   feasible
                    16.8499160582 (objective)
                    0 (bound viol.)
                    0 (int. viol.)
                    0 (row viol.)
  Timing            0.45
  Max sub-MIP depth 0
  Nodes             1
  Repair LPs        0
  LP iterations     782
                    0 (strong br.)
                    0 (separation)
                    0 (heuristics)
MIP has 10753 rows; 9409 cols; 25537 nonzeros; 1344 integer variables (1344 binary)
Coefficient ranges:
  Matrix  [2e-01, 2e+00]
  Cost    [1e-02, 6e-02]
  Bound   [1e+00, 1e+00]
  RHS     [2e-04, 5e+00]
Presolving model
8064 rows, 8599 cols, 22038 nonzeros 0s
6427 rows, 7296 cols, 17762 nonzeros 0s
4669 rows, 5809 cols, 13181 nonzeros 0s
2742 rows, 4036 cols, 8145 nonzeros 0s
1517 rows, 2953 cols, 5105 nonzeros 0s
1345 rows, 2781 cols, 4761 nonzeros 0s
Presolve reductions: rows 1345(-9408); columns 2781(-6628); nonzeros 4761(-20776) 

Solving MIP model with:
   1345 rows
   2781 cols (159 binary, 0 integer, 0 implied int., 2622 continuous, 0 domain fixed)
   4761 nonzeros

Src: B => Branching; C => Central rounding; F => Feasibility pump; H => Heuristic;
     I => Shifting; J => Feasibility jump; L => Sub-MIP; P => Empty MIP; R => Randomized rounding;
     S => Solve LP; T => Evaluate node; U => Unbounded; X => User solution; Y => HiGHS solution;
     Z => ZI Round; l => Trivial lower; p => Trivial point; u => Trivial upper; z => Trivial zero

        Nodes      |    B&B Tree     |            Objective Bounds              |  Dynamic Constraints |       Work      
Src  Proc. InQueue |  Leaves   Expl. | BestBound       BestSol              Gap |   Cuts   InLp Confl. | LpIters     Time

 J       0       0         0   0.00%   -inf            22.06212854        Large        0      0      0         0     0.4s
 T       0       0         0   0.00%   -0.6448625281   19.46344582      103.31%        0      0      0       727     0.5s
         1       0         1 100.00%   19.46344582     19.46344582        0.00%        0      0      0       727     0.5s

Solving report
  Status            Optimal
  Primal bound      19.4634458178
  Dual bound        19.4634458178
  Gap               0% (tolerance: 0.5%)
  P-D integral      0.0270527356849
  Solution status   feasible
                    19.4634458178 (objective)
                    0 (bound viol.)
                    0 (int. viol.)
                    0 (row viol.)
  Timing            0.46
  Max sub-MIP depth 0
  Nodes             1
  Repair LPs        0
  LP iterations     727
                    0 (strong br.)
                    0 (separation)
                    0 (heuristics)
MIP has 10753 rows; 9409 cols; 25537 nonzeros; 1344 integer variables (1344 binary)
Coefficient ranges:
  Matrix  [2e-01, 2e+00]
  Cost    [1e-02, 6e-02]
  Bound   [1e+00, 1e+00]
  RHS     [9e-05, 5e+00]
WARNING: Problem has some excessively small row bounds
Presolving model
8064 rows, 8608 cols, 22047 nonzeros 0s
6433 rows, 7310 cols, 17778 nonzeros 0s
4648 rows, 5796 cols, 13128 nonzeros 0s
2744 rows, 4039 cols, 8122 nonzeros 0s
2538 rows, 3178 cols, 5781 nonzeros 0s
1357 rows, 2784 cols, 4626 nonzeros 0s
1112 rows, 2389 cols, 3986 nonzeros 0s
1011 rows, 2016 cols, 3512 nonzeros 0s
Presolve reductions: rows 1011(-9742); columns 2016(-7393); nonzeros 3512(-22025) 

Solving MIP model with:
   1011 rows
   2016 cols (122 binary, 0 integer, 0 implied int., 1894 continuous, 0 domain fixed)
   3512 nonzeros

Src: B => Branching; C => Central rounding; F => Feasibility pump; H => Heuristic;
     I => Shifting; J => Feasibility jump; L => Sub-MIP; P => Empty MIP; R => Randomized rounding;
     S => Solve LP; T => Evaluate node; U => Unbounded; X => User solution; Y => HiGHS solution;
     Z => ZI Round; l => Trivial lower; p => Trivial point; u => Trivial upper; z => Trivial zero

        Nodes      |    B&B Tree     |            Objective Bounds              |  Dynamic Constraints |       Work      
Src  Proc. InQueue |  Leaves   Expl. | BestBound       BestSol              Gap |   Cuts   InLp Confl. | LpIters     Time

 J       0       0         0   0.00%   -inf            22.24733674        Large        0      0      0         0     0.5s
 T       0       0         0   0.00%   8.679156362     21.32200006       59.29%        0      0      0       439     0.5s
         1       0         1 100.00%   21.32200006     21.32200006        0.00%        0      0      0       439     0.5s

Solving report
  Status            Optimal
  Primal bound      21.3220000566
  Dual bound        21.3220000566
  Gap               0% (tolerance: 0.5%)
  P-D integral      0.0112132299921
  Solution status   feasible
                    21.3220000566 (objective)
                    0 (bound viol.)
                    0 (int. viol.)
                    0 (row viol.)
  Timing            0.50
  Max sub-MIP depth 0
  Nodes             1
  Repair LPs        0
  LP iterations     439
                    0 (strong br.)
                    0 (separation)
                    0 (heuristics)
MIP has 10753 rows; 9409 cols; 25537 nonzeros; 1344 integer variables (1344 binary)
Coefficient ranges:
  Matrix  [2e-01, 2e+00]
  Cost    [1e-02, 6e-02]
  Bound   [1e+00, 1e+00]
  RHS     [9e-05, 5e+00]
WARNING: Problem has some excessively small row bounds
Presolving model
8064 rows, 8617 cols, 22056 nonzeros 0s
6416 rows, 7303 cols, 17754 nonzeros 0s
4634 rows, 5787 cols, 13105 nonzeros 0s
2715 rows, 4008 cols, 8066 nonzeros 0s
1586 rows, 2948 cols, 5240 nonzeros 0s
1386 rows, 2609 cols, 4701 nonzeros 0s
Presolve reductions: rows 1386(-9367); columns 2609(-6800); nonzeros 4701(-20836) 

Solving MIP model with:
   1386 rows
   2609 cols (177 binary, 0 integer, 0 implied int., 2432 continuous, 0 domain fixed)
   4701 nonzeros

Src: B => Branching; C => Central rounding; F => Feasibility pump; H => Heuristic;
     I => Shifting; J => Feasibility jump; L => Sub-MIP; P => Empty MIP; R => Randomized rounding;
     S => Solve LP; T => Evaluate node; U => Unbounded; X => User solution; Y => HiGHS solution;
     Z => ZI Round; l => Trivial lower; p => Trivial point; u => Trivial upper; z => Trivial zero

        Nodes      |    B&B Tree     |            Objective Bounds              |  Dynamic Constraints |       Work      
Src  Proc. InQueue |  Leaves   Expl. | BestBound       BestSol              Gap |   Cuts   InLp Confl. | LpIters     Time

 J       0       0         0   0.00%   -inf            20.00409712        Large        0      0      0         0     0.5s
 T       0       0         0   0.00%   2.47485964      17.05993583       85.49%        0      0      0       632     0.5s
         1       0         1 100.00%   17.05993583     17.05993583        0.00%        0      0      0       632     0.5s

Solving report
  Status            Optimal
  Primal bound      17.0599358272
  Dual bound        17.0599358272
  Gap               0% (tolerance: 0.5%)
  P-D integral      0.0219821667045
  Solution status   feasible
                    17.0599358272 (objective)
                    0 (bound viol.)
                    0 (int. viol.)
                    0 (row viol.)
  Timing            0.55
  Max sub-MIP depth 0
  Nodes             1
  Repair LPs        0
  LP iterations     632
                    0 (strong br.)
                    0 (separation)
                    0 (heuristics)
MIP has 10753 rows; 9409 cols; 25537 nonzeros; 1344 integer variables (1344 binary)
Coefficient ranges:
  Matrix  [2e-01, 2e+00]
  Cost    [1e-02, 6e-02]
  Bound   [1e+00, 1e+00]
  RHS     [2e-04, 5e+00]
Presolving model
8064 rows, 8611 cols, 22050 nonzeros 0s
6393 rows, 7274 cols, 17702 nonzeros 0s
4576 rows, 5714 cols, 12969 nonzeros 0s
2617 rows, 3865 cols, 7825 nonzeros 0s
1887 rows, 3084 cols, 6002 nonzeros 0s
1765 rows, 2793 cols, 5589 nonzeros 0s
Presolve reductions: rows 1765(-8988); columns 2793(-6616); nonzeros 5589(-19948) 

Solving MIP model with:
   1765 rows
   2793 cols (258 binary, 0 integer, 0 implied int., 2535 continuous, 0 domain fixed)
   5589 nonzeros

Src: B => Branching; C => Central rounding; F => Feasibility pump; H => Heuristic;
     I => Shifting; J => Feasibility jump; L => Sub-MIP; P => Empty MIP; R => Randomized rounding;
     S => Solve LP; T => Evaluate node; U => Unbounded; X => User solution; Y => HiGHS solution;
     Z => ZI Round; l => Trivial lower; p => Trivial point; u => Trivial upper; z => Trivial zero

        Nodes      |    B&B Tree     |            Objective Bounds              |  Dynamic Constraints |       Work      
Src  Proc. InQueue |  Leaves   Expl. | BestBound       BestSol              Gap |   Cuts   InLp Confl. | LpIters     Time

         0       0         0   0.00%   2.416153811     inf                  inf        0      0      0         0     0.5s
 T       0       0         0   0.00%   2.416153811     11.43066863       78.86%        0      0      0       792     0.6s
         1       0         1 100.00%   11.43066863     11.43066863        0.00%        0      0      0       792     0.6s

Solving report
  Status            Optimal
  Primal bound      11.4306686304
  Dual bound        11.4306686304
  Gap               0% (tolerance: 0.5%)
  P-D integral      5.67021568897e-05
  Solution status   feasible
                    11.4306686304 (objective)
                    0 (bound viol.)
                    0 (int. viol.)
                    0 (row viol.)
  Timing            0.56
  Max sub-MIP depth 0
  Nodes             1
  Repair LPs        0
  LP iterations     792
                    0 (strong br.)
                    0 (separation)
                    0 (heuristics)
MIP has 10753 rows; 9409 cols; 25537 nonzeros; 1344 integer variables (1344 binary)
Coefficient ranges:
  Matrix  [2e-01, 2e+00]
  Cost    [1e-02, 6e-02]
  Bound   [1e+00, 1e+00]
  RHS     [2e-04, 5e+00]
Presolving model
8064 rows, 8635 cols, 22074 nonzeros 0s
6386 rows, 7291 cols, 17712 nonzeros 0s
4552 rows, 5704 cols, 12943 nonzeros 0s
4394 rows, 4289 cols, 9346 nonzeros 0s
2567 rows, 3781 cols, 7699 nonzeros 0s
2210 rows, 3436 cols, 6943 nonzeros 0s
Presolve reductions: rows 2210(-8543); columns 3436(-5973); nonzeros 6943(-18594) 

Solving MIP model with:
   2210 rows
   3436 cols (325 binary, 0 integer, 0 implied int., 3111 continuous, 0 domain fixed)
   6943 nonzeros

Src: B => Branching; C => Central rounding; F => Feasibility pump; H => Heuristic;
     I => Shifting; J => Feasibility jump; L => Sub-MIP; P => Empty MIP; R => Randomized rounding;
     S => Solve LP; T => Evaluate node; U => Unbounded; X => User solution; Y => HiGHS solution;
     Z => ZI Round; l => Trivial lower; p => Trivial point; u => Trivial upper; z => Trivial zero

        Nodes      |    B&B Tree     |            Objective Bounds              |  Dynamic Constraints |       Work      
Src  Proc. InQueue |  Leaves   Expl. | BestBound       BestSol              Gap |   Cuts   InLp Confl. | LpIters     Time

         0       0         0   0.00%   -3.069674297    inf                  inf        0      0      0         0     0.5s
 T       0       0         0   0.00%   -3.069674297    7.484288768      141.01%        0      0      0      1005     0.5s
         1       0         1 100.00%   7.484288768     7.484288768        0.00%        0      0      0      1005     0.5s

Solving report
  Status            Optimal
  Primal bound      7.48428876762
  Dual bound        7.48428876762
  Gap               0% (tolerance: 0.5%)
  P-D integral      0.00011224788168
  Solution status   feasible
                    7.48428876762 (objective)
                    0 (bound viol.)
                    0 (int. viol.)
                    0 (row viol.)
  Timing            0.55
  Max sub-MIP depth 0
  Nodes             1
  Repair LPs        0
  LP iterations     1005
                    0 (strong br.)
                    0 (separation)
                    0 (heuristics)
MIP has 10753 rows; 9409 cols; 25537 nonzeros; 1344 integer variables (1344 binary)
Coefficient ranges:
  Matrix  [2e-01, 2e+00]
  Cost    [1e-02, 6e-02]
  Bound   [1e+00, 1e+00]
  RHS     [6e-04, 5e+00]
Presolving model
8064 rows, 8674 cols, 22113 nonzeros 0s
6394 rows, 7338 cols, 17771 nonzeros 0s
4568 rows, 5762 cols, 13033 nonzeros 0s
2701 rows, 3938 cols, 8078 nonzeros 0s
2421 rows, 3602 cols, 7462 nonzeros 0s
Presolve reductions: rows 2421(-8332); columns 3602(-5807); nonzeros 7462(-18075) 

Solving MIP model with:
   2421 rows
   3602 cols (360 binary, 0 integer, 0 implied int., 3242 continuous, 0 domain fixed)
   7462 nonzeros

Src: B => Branching; C => Central rounding; F => Feasibility pump; H => Heuristic;
     I => Shifting; J => Feasibility jump; L => Sub-MIP; P => Empty MIP; R => Randomized rounding;
     S => Solve LP; T => Evaluate node; U => Unbounded; X => User solution; Y => HiGHS solution;
     Z => ZI Round; l => Trivial lower; p => Trivial point; u => Trivial upper; z => Trivial zero

        Nodes      |    B&B Tree     |            Objective Bounds              |  Dynamic Constraints |       Work      
Src  Proc. InQueue |  Leaves   Expl. | BestBound       BestSol              Gap |   Cuts   InLp Confl. | LpIters     Time

 J       0       0         0   0.00%   -inf            18.75560402        Large        0      0      0         0     0.5s
 T       0       0         0   0.00%   -2.714503229    7.309305443      137.14%        0      0      0      1068     0.6s
         1       0         1 100.00%   7.309305443     7.309305443        0.00%        0      0      0      1068     0.6s

Solving report
  Status            Optimal
  Primal bound      7.30930544346
  Dual bound        7.30930544346
  Gap               0% (tolerance: 0.5%)
  P-D integral      0.0457771660715
  Solution status   feasible
                    7.30930544346 (objective)
                    0 (bound viol.)
                    0 (int. viol.)
                    0 (row viol.)
  Timing            0.56
  Max sub-MIP depth 0
  Nodes             1
  Repair LPs        0
  LP iterations     1068
                    0 (strong br.)
                    0 (separation)
                    0 (heuristics)
MIP has 10753 rows; 9409 cols; 25537 nonzeros; 1344 integer variables (1344 binary)
Coefficient ranges:
  Matrix  [2e-01, 2e+00]
  Cost    [1e-02, 6e-02]
  Bound   [1e+00, 1e+00]
  RHS     [4e-04, 5e+00]
Presolving model
8064 rows, 8692 cols, 22131 nonzeros 0s
6365 rows, 7327 cols, 17727 nonzeros 0s
4527 rows, 5720 cols, 12934 nonzeros 0s
2955 rows, 4119 cols, 8745 nonzeros 0s
2735 rows, 3899 cols, 8303 nonzeros 0s
Presolve reductions: rows 2735(-8018); columns 3899(-5510); nonzeros 8303(-17234) 

Solving MIP model with:
   2735 rows
   3899 cols (418 binary, 0 integer, 0 implied int., 3481 continuous, 0 domain fixed)
   8303 nonzeros

Src: B => Branching; C => Central rounding; F => Feasibility pump; H => Heuristic;
     I => Shifting; J => Feasibility jump; L => Sub-MIP; P => Empty MIP; R => Randomized rounding;
     S => Solve LP; T => Evaluate node; U => Unbounded; X => User solution; Y => HiGHS solution;
     Z => ZI Round; l => Trivial lower; p => Trivial point; u => Trivial upper; z => Trivial zero

        Nodes      |    B&B Tree     |            Objective Bounds              |  Dynamic Constraints |       Work      
Src  Proc. InQueue |  Leaves   Expl. | BestBound       BestSol              Gap |   Cuts   InLp Confl. | LpIters     Time

         0       0         0   0.00%   -4.748331537    inf                  inf        0      0      0         0     0.5s
 T       0       0         0   0.00%   -4.748331537    3.164884687      250.03%        0      0      0      1149     0.6s
         1       0         1 100.00%   3.164884687     3.164884687        0.00%        0      0      0      1149     0.6s

Solving report
  Status            Optimal
  Primal bound      3.16488468734
  Dual bound        3.16488468734
  Gap               0% (tolerance: 0.5%)
  P-D integral      0.000213777127435
  Solution status   feasible
                    3.16488468734 (objective)
                    0 (bound viol.)
                    0 (int. viol.)
                    0 (row viol.)
  Timing            0.59
  Max sub-MIP depth 0
  Nodes             1
  Repair LPs        0
  LP iterations     1149
                    0 (strong br.)
                    0 (separation)
                    0 (heuristics)
MIP has 10753 rows; 9409 cols; 25537 nonzeros; 1344 integer variables (1344 binary)
Coefficient ranges:
  Matrix  [2e-01, 2e+00]
  Cost    [1e-02, 6e-02]
  Bound   [1e+00, 1e+00]
  RHS     [4e-05, 5e+00]
WARNING: Problem has some excessively small row bounds
Presolving model
8064 rows, 8707 cols, 22146 nonzeros 0s
6386 rows, 7363 cols, 17788 nonzeros 0s
4566 rows, 5785 cols, 13054 nonzeros 0s
2978 rows, 4192 cols, 8825 nonzeros 0s
2748 rows, 3962 cols, 8365 nonzeros 0s
Presolve reductions: rows 2748(-8005); columns 3962(-5447); nonzeros 8365(-17172) 

Solving MIP model with:
   2748 rows
   3962 cols (414 binary, 0 integer, 0 implied int., 3548 continuous, 0 domain fixed)
   8365 nonzeros

Src: B => Branching; C => Central rounding; F => Feasibility pump; H => Heuristic;
     I => Shifting; J => Feasibility jump; L => Sub-MIP; P => Empty MIP; R => Randomized rounding;
     S => Solve LP; T => Evaluate node; U => Unbounded; X => User solution; Y => HiGHS solution;
     Z => ZI Round; l => Trivial lower; p => Trivial point; u => Trivial upper; z => Trivial zero

        Nodes      |    B&B Tree     |            Objective Bounds              |  Dynamic Constraints |       Work      
Src  Proc. InQueue |  Leaves   Expl. | BestBound       BestSol              Gap |   Cuts   InLp Confl. | LpIters     Time

         0       0         0   0.00%   -4.756176178    inf                  inf        0      0      0         0     0.6s
 T       0       0         0   0.00%   -4.756176178    1.01680726       567.76%        0      0      0      1203     0.6s
         1       0         1 100.00%   1.01680726      1.01680726         0.00%        0      0      0      1203     0.6s

Solving report
  Status            Optimal
  Primal bound      1.01680725967
  Dual bound        1.01680725967
  Gap               0% (tolerance: 0.5%)
  P-D integral      0.000507573776551
  Solution status   feasible
                    1.01680725967 (objective)
                    0 (bound viol.)
                    0 (int. viol.)
                    0 (row viol.)
  Timing            0.62
  Max sub-MIP depth 0
  Nodes             1
  Repair LPs        0
  LP iterations     1203
                    0 (strong br.)
                    0 (separation)
                    0 (heuristics)
MIP has 10753 rows; 9409 cols; 25537 nonzeros; 1344 integer variables (1344 binary)
Coefficient ranges:
  Matrix  [2e-01, 2e+00]
  Cost    [1e-02, 6e-02]
  Bound   [1e+00, 1e+00]
  RHS     [4e-05, 5e+00]
WARNING: Problem has some excessively small row bounds
Presolving model
8064 rows, 8724 cols, 22163 nonzeros 0s
6403 rows, 7397 cols, 17839 nonzeros 0s
4592 rows, 5835 cols, 13130 nonzeros 0s
2953 rows, 4218 cols, 8786 nonzeros 0s
2705 rows, 3969 cols, 8289 nonzeros 0s
Presolve reductions: rows 2705(-8048); columns 3969(-5440); nonzeros 8289(-17248) 

Solving MIP model with:
   2705 rows
   3969 cols (404 binary, 0 integer, 0 implied int., 3565 continuous, 0 domain fixed)
   8289 nonzeros

Src: B => Branching; C => Central rounding; F => Feasibility pump; H => Heuristic;
     I => Shifting; J => Feasibility jump; L => Sub-MIP; P => Empty MIP; R => Randomized rounding;
     S => Solve LP; T => Evaluate node; U => Unbounded; X => User solution; Y => HiGHS solution;
     Z => ZI Round; l => Trivial lower; p => Trivial point; u => Trivial upper; z => Trivial zero

        Nodes      |    B&B Tree     |            Objective Bounds              |  Dynamic Constraints |       Work      
Src  Proc. InQueue |  Leaves   Expl. | BestBound       BestSol              Gap |   Cuts   InLp Confl. | LpIters     Time

         0       0         0   0.00%   -4.691803178    inf                  inf        0      0      0         0     0.5s
 T       0       0         0   0.00%   -4.691803178    0.4009511168    1270.17%        0      0      0      1178     0.6s
         1       0         1 100.00%   0.4009511168    0.4009511168       0.00%        0      0      0      1178     0.6s

Solving report
  Status            Optimal
  Primal bound      0.40095111681
  Dual bound        0.40095111681
  Gap               0% (tolerance: 0.5%)
  P-D integral      0.000941194725877
  Solution status   feasible
                    0.40095111681 (objective)
                    0 (bound viol.)
                    0 (int. viol.)
                    0 (row viol.)
  Timing            0.56
  Max sub-MIP depth 0
  Nodes             1
  Repair LPs        0
  LP iterations     1178
                    0 (strong br.)
                    0 (separation)
                    0 (heuristics)
MIP has 10753 rows; 9409 cols; 25537 nonzeros; 1344 integer variables (1344 binary)
Coefficient ranges:
  Matrix  [2e-01, 2e+00]
  Cost    [1e-02, 6e-02]
  Bound   [1e+00, 1e+00]
  RHS     [1e-04, 7e+00]
Presolving model
8064 rows, 8743 cols, 22182 nonzeros 0s
6391 rows, 7403 cols, 17827 nonzeros 0s
4584 rows, 5846 cols, 13125 nonzeros 0s
2964 rows, 4251 cols, 8838 nonzeros 0s
2743 rows, 4029 cols, 8395 nonzeros 0s
Presolve reductions: rows 2743(-8010); columns 4029(-5380); nonzeros 8395(-17142) 

Solving MIP model with:
   2743 rows
   4029 cols (409 binary, 0 integer, 0 implied int., 3620 continuous, 0 domain fixed)
   8395 nonzeros

Src: B => Branching; C => Central rounding; F => Feasibility pump; H => Heuristic;
     I => Shifting; J => Feasibility jump; L => Sub-MIP; P => Empty MIP; R => Randomized rounding;
     S => Solve LP; T => Evaluate node; U => Unbounded; X => User solution; Y => HiGHS solution;
     Z => ZI Round; l => Trivial lower; p => Trivial point; u => Trivial upper; z => Trivial zero

        Nodes      |    B&B Tree     |            Objective Bounds              |  Dynamic Constraints |       Work      
Src  Proc. InQueue |  Leaves   Expl. | BestBound       BestSol              Gap |   Cuts   InLp Confl. | LpIters     Time

         0       0         0   0.00%   -5.81689229     inf                  inf        0      0      0         0     0.5s
 T       0       0         0   0.00%   -5.81689229     0.510369093     1239.74%        0      0      0      1218     0.6s
         1       0         1 100.00%   0.510369093     0.510369093        0.00%        0      0      0      1218     0.6s

Solving report
  Status            Optimal
  Primal bound      0.510369093005
  Dual bound        0.510369093005
  Gap               0% (tolerance: 0.5%)
  P-D integral      0.00118147436013
  Solution status   feasible
                    0.510369093005 (objective)
                    0 (bound viol.)
                    0 (int. viol.)
                    0 (row viol.)
  Timing            0.60
  Max sub-MIP depth 0
  Nodes             1
  Repair LPs        0
  LP iterations     1218
                    0 (strong br.)
                    0 (separation)
                    0 (heuristics)
MIP has 10753 rows; 9409 cols; 25537 nonzeros; 1344 integer variables (1344 binary)
Coefficient ranges:
  Matrix  [2e-01, 2e+00]
  Cost    [1e-02, 6e-02]
  Bound   [1e+00, 1e+00]
  RHS     [1e-04, 7e+00]
Presolving model
8064 rows, 8761 cols, 22200 nonzeros 0s
6394 rows, 7421 cols, 17841 nonzeros 0s
4600 rows, 5873 cols, 13167 nonzeros 0s
2978 rows, 4276 cols, 8864 nonzeros 0s
2743 rows, 4041 cols, 8394 nonzeros 0s
Presolve reductions: rows 2743(-8010); columns 4041(-5368); nonzeros 8394(-17143) 

Solving MIP model with:
   2743 rows
   4041 cols (408 binary, 0 integer, 0 implied int., 3633 continuous, 0 domain fixed)
   8394 nonzeros

Src: B => Branching; C => Central rounding; F => Feasibility pump; H => Heuristic;
     I => Shifting; J => Feasibility jump; L => Sub-MIP; P => Empty MIP; R => Randomized rounding;
     S => Solve LP; T => Evaluate node; U => Unbounded; X => User solution; Y => HiGHS solution;
     Z => ZI Round; l => Trivial lower; p => Trivial point; u => Trivial upper; z => Trivial zero

        Nodes      |    B&B Tree     |            Objective Bounds              |  Dynamic Constraints |       Work      
Src  Proc. InQueue |  Leaves   Expl. | BestBound       BestSol              Gap |   Cuts   InLp Confl. | LpIters     Time

         0       0         0   0.00%   -6.410179996    inf                  inf        0      0      0         0     0.5s
 T       0       0         0   0.00%   -6.410179996    -0.2337760939   2642.02%        0      0      0      1237     0.5s
         1       0         1 100.00%   -0.2337760939   -0.2337760939      0.00%        0      0      0      1237     0.5s

Solving report
  Status            Optimal
  Primal bound      -0.23377609393
  Dual bound        -0.23377609393
  Gap               0% (tolerance: 0.5%)
  P-D integral      0.00260767054107
  Solution status   feasible
                    -0.23377609393 (objective)
                    0 (bound viol.)
                    0 (int. viol.)
                    0 (row viol.)
  Timing            0.52
  Max sub-MIP depth 0
  Nodes             1
  Repair LPs        0
  LP iterations     1237
                    0 (strong br.)
                    0 (separation)
                    0 (heuristics)
MIP has 10753 rows; 9409 cols; 25537 nonzeros; 1344 integer variables (1344 binary)
Coefficient ranges:
  Matrix  [2e-01, 2e+00]
  Cost    [1e-02, 6e-02]
  Bound   [1e+00, 1e+00]
  RHS     [1e-04, 6e+00]
Presolving model
8064 rows, 8774 cols, 22213 nonzeros 0s
6391 rows, 7432 cols, 17852 nonzeros 0s
4565 rows, 5849 cols, 13093 nonzeros 0s
3121 rows, 4366 cols, 9228 nonzeros 0s
2916 rows, 4160 cols, 8815 nonzeros 0s
Presolve reductions: rows 2916(-7837); columns 4160(-5249); nonzeros 8815(-16722) 

Solving MIP model with:
   2916 rows
   4160 cols (440 binary, 0 integer, 0 implied int., 3720 continuous, 0 domain fixed)
   8815 nonzeros

Src: B => Branching; C => Central rounding; F => Feasibility pump; H => Heuristic;
     I => Shifting; J => Feasibility jump; L => Sub-MIP; P => Empty MIP; R => Randomized rounding;
     S => Solve LP; T => Evaluate node; U => Unbounded; X => User solution; Y => HiGHS solution;
     Z => ZI Round; l => Trivial lower; p => Trivial point; u => Trivial upper; z => Trivial zero

        Nodes      |    B&B Tree     |            Objective Bounds              |  Dynamic Constraints |       Work      
Src  Proc. InQueue |  Leaves   Expl. | BestBound       BestSol              Gap |   Cuts   InLp Confl. | LpIters     Time

         0       0         0   0.00%   -6.267616476    inf                  inf        0      0      0         0     0.6s
 T       0       0         0   0.00%   -6.267616476    -0.9500085942    559.74%        0      0      0      1308     0.6s
         1       0         1 100.00%   -0.9500085942   -0.9500085942      0.00%        0      0      0      1308     0.6s

Solving report
  Status            Optimal
  Primal bound      -0.950008594226
  Dual bound        -0.950008594226
  Gap               0% (tolerance: 0.5%)
  P-D integral      0.000566460048244
  Solution status   feasible
                    -0.950008594226 (objective)
                    0 (bound viol.)
                    0 (int. viol.)
                    0 (row viol.)
  Timing            0.60
  Max sub-MIP depth 0
  Nodes             1
  Repair LPs        0
  LP iterations     1308
                    0 (strong br.)
                    0 (separation)
                    0 (heuristics)
MIP has 10753 rows; 9409 cols; 25537 nonzeros; 1344 integer variables (1344 binary)
Coefficient ranges:
  Matrix  [2e-01, 2e+00]
  Cost    [1e-02, 6e-02]
  Bound   [1e+00, 1e+00]
  RHS     [7e-04, 6e+00]
Presolving model
8064 rows, 8786 cols, 22225 nonzeros 0s
6365 rows, 7421 cols, 17810 nonzeros 0s
4527 rows, 5814 cols, 13021 nonzeros 0s
3444 rows, 4599 cols, 10067 nonzeros 0s
3301 rows, 4456 cols, 9781 nonzeros 0s
Presolve reductions: rows 3301(-7452); columns 4456(-4953); nonzeros 9781(-15756) 

Solving MIP model with:
   3301 rows
   4456 cols (513 binary, 0 integer, 0 implied int., 3943 continuous, 0 domain fixed)
   9781 nonzeros

Src: B => Branching; C => Central rounding; F => Feasibility pump; H => Heuristic;
     I => Shifting; J => Feasibility jump; L => Sub-MIP; P => Empty MIP; R => Randomized rounding;
     S => Solve LP; T => Evaluate node; U => Unbounded; X => User solution; Y => HiGHS solution;
     Z => ZI Round; l => Trivial lower; p => Trivial point; u => Trivial upper; z => Trivial zero

        Nodes      |    B&B Tree     |            Objective Bounds              |  Dynamic Constraints |       Work      
Src  Proc. InQueue |  Leaves   Expl. | BestBound       BestSol              Gap |   Cuts   InLp Confl. | LpIters     Time

         0       0         0   0.00%   -6.477396239    inf                  inf        0      0      0         0     0.5s
 T       0       0         0   0.00%   -6.477396239    -1.690090745     283.26%        0      0      0      1399     0.5s
         1       0         1 100.00%   -1.690090745    -1.690090745       0.00%        0      0      0      1399     0.5s

Solving report
  Status            Optimal
  Primal bound      -1.6900907455
  Dual bound        -1.6900907455
  Gap               0% (tolerance: 0.5%)
  P-D integral      0.00027560935396
  Solution status   feasible
                    -1.6900907455 (objective)
                    0 (bound viol.)
                    0 (int. viol.)
                    0 (row viol.)
  Timing            0.53
  Max sub-MIP depth 0
  Nodes             1
  Repair LPs        0
  LP iterations     1399
                    0 (strong br.)
                    0 (separation)
                    0 (heuristics)
MIP has 10753 rows; 9409 cols; 25537 nonzeros; 1344 integer variables (1344 binary)
Coefficient ranges:
  Matrix  [2e-01, 2e+00]
  Cost    [1e-02, 6e-02]
  Bound   [1e+00, 1e+00]
  RHS     [2e-04, 6e+00]
Presolving model
8064 rows, 8808 cols, 22247 nonzeros 0s
6376 rows, 7454 cols, 17856 nonzeros 0s
4521 rows, 5838 cols, 13041 nonzeros 0s
3534 rows, 4687 cols, 10313 nonzeros 0s
3406 rows, 4559 cols, 10057 nonzeros 0s
Presolve reductions: rows 3406(-7347); columns 4559(-4850); nonzeros 10057(-15480) 

Solving MIP model with:
   3406 rows
   4559 cols (530 binary, 0 integer, 0 implied int., 4029 continuous, 0 domain fixed)
   10057 nonzeros

Src: B => Branching; C => Central rounding; F => Feasibility pump; H => Heuristic;
     I => Shifting; J => Feasibility jump; L => Sub-MIP; P => Empty MIP; R => Randomized rounding;
     S => Solve LP; T => Evaluate node; U => Unbounded; X => User solution; Y => HiGHS solution;
     Z => ZI Round; l => Trivial lower; p => Trivial point; u => Trivial upper; z => Trivial zero

        Nodes      |    B&B Tree     |            Objective Bounds              |  Dynamic Constraints |       Work      
Src  Proc. InQueue |  Leaves   Expl. | BestBound       BestSol              Gap |   Cuts   InLp Confl. | LpIters     Time

         0       0         0   0.00%   -7.283475578    inf                  inf        0      0      0         0     0.5s
 T       0       0         0   0.00%   -7.283475578    -2.85296163      155.30%        0      0      0      1472     0.6s
         1       0         1 100.00%   -2.85296163     -2.85296163        0.00%        0      0      0      1472     0.6s

Solving report
  Status            Optimal
  Primal bound      -2.85296163035
  Dual bound        -2.85296163035
  Gap               0% (tolerance: 0.5%)
  P-D integral      0.00017905541024
  Solution status   feasible
                    -2.85296163035 (objective)
                    0 (bound viol.)
                    0 (int. viol.)
                    0 (row viol.)
  Timing            0.55
  Max sub-MIP depth 0
  Nodes             1
  Repair LPs        0
  LP iterations     1472
                    0 (strong br.)
                    0 (separation)
                    0 (heuristics)
MIP has 10753 rows; 9409 cols; 25537 nonzeros; 1344 integer variables (1344 binary)
Coefficient ranges:
  Matrix  [2e-01, 2e+00]
  Cost    [1e-02, 6e-02]
  Bound   [1e+00, 1e+00]
  RHS     [2e-04, 7e+00]
Presolving model
8064 rows, 8828 cols, 22267 nonzeros 0s
6374 rows, 7472 cols, 17869 nonzeros 0s
4552 rows, 5885 cols, 13124 nonzeros 0s
3538 rows, 4756 cols, 10371 nonzeros 0s
3403 rows, 4621 cols, 10101 nonzeros 0s
Presolve reductions: rows 3403(-7350); columns 4621(-4788); nonzeros 10101(-15436) 

Solving MIP model with:
   3403 rows
   4621 cols (524 binary, 0 integer, 0 implied int., 4097 continuous, 0 domain fixed)
   10101 nonzeros

Src: B => Branching; C => Central rounding; F => Feasibility pump; H => Heuristic;
     I => Shifting; J => Feasibility jump; L => Sub-MIP; P => Empty MIP; R => Randomized rounding;
     S => Solve LP; T => Evaluate node; U => Unbounded; X => User solution; Y => HiGHS solution;
     Z => ZI Round; l => Trivial lower; p => Trivial point; u => Trivial upper; z => Trivial zero

        Nodes      |    B&B Tree     |            Objective Bounds              |  Dynamic Constraints |       Work      
Src  Proc. InQueue |  Leaves   Expl. | BestBound       BestSol              Gap |   Cuts   InLp Confl. | LpIters     Time

         0       0         0   0.00%   -7.968765817    inf                  inf        0      0      0         0     0.7s
 R       0       0         0   0.00%   -3.503359176    -3.50333234        0.00%        0      0      0      1469     0.8s
         1       0         1 100.00%   -3.503359176    -3.50333234        0.00%        0      0      0      1469     0.8s

Solving report
  Status            Optimal
  Primal bound      -3.50333233963
  Dual bound        -3.50335917639
  Gap               0.000766% (tolerance: 0.5%)
  P-D integral      2.22042955357e-08
  Solution status   feasible
                    -3.50333233963 (objective)
                    0 (bound viol.)
                    0 (int. viol.)
                    0 (row viol.)
  Timing            0.79
  Max sub-MIP depth 0
  Nodes             1
  Repair LPs        0
  LP iterations     1469
                    0 (strong br.)
                    0 (separation)
                    0 (heuristics)
MIP has 10753 rows; 9409 cols; 25537 nonzeros; 1344 integer variables (1344 binary)
Coefficient ranges:
  Matrix  [2e-01, 2e+00]
  Cost    [1e-02, 6e-02]
  Bound   [1e+00, 1e+00]
  RHS     [2e-04, 7e+00]
Presolving model
8064 rows, 8843 cols, 22282 nonzeros 0s
6346 rows, 7459 cols, 17807 nonzeros 0s
4487 rows, 5827 cols, 12960 nonzeros 0s
3658 rows, 4799 cols, 10645 nonzeros 0s
3556 rows, 4697 cols, 10441 nonzeros 0s
Presolve reductions: rows 3556(-7197); columns 4697(-4712); nonzeros 10441(-15096) 

Solving MIP model with:
   3556 rows
   4697 cols (563 binary, 0 integer, 0 implied int., 4134 continuous, 0 domain fixed)
   10441 nonzeros

Src: B => Branching; C => Central rounding; F => Feasibility pump; H => Heuristic;
     I => Shifting; J => Feasibility jump; L => Sub-MIP; P => Empty MIP; R => Randomized rounding;
     S => Solve LP; T => Evaluate node; U => Unbounded; X => User solution; Y => HiGHS solution;
     Z => ZI Round; l => Trivial lower; p => Trivial point; u => Trivial upper; z => Trivial zero

        Nodes      |    B&B Tree     |            Objective Bounds              |  Dynamic Constraints |       Work      
Src  Proc. InQueue |  Leaves   Expl. | BestBound       BestSol              Gap |   Cuts   InLp Confl. | LpIters     Time

         0       0         0   0.00%   -8.960261734    inf                  inf        0      0      0         0     0.6s
 R       0       0         0   0.00%   -6.916849407    -6.91043463        0.09%        0      0      0      1450     0.7s
         1       0         1 100.00%   -6.916849407    -6.91043463        0.09%        0      0      0      1450     0.7s

Solving report
  Status            Optimal
  Primal bound      -6.91043463008
  Dual bound        -6.91684940729
  Gap               0.0928% (tolerance: 0.5%)
  P-D integral      2.58227277683e-06
  Solution status   feasible
                    -6.91043463008 (objective)
                    0 (bound viol.)
                    0 (int. viol.)
                    0 (row viol.)
  Timing            0.68
  Max sub-MIP depth 0
  Nodes             1
  Repair LPs        0
  LP iterations     1450
                    0 (strong br.)
                    0 (separation)
                    0 (heuristics)
MIP has 10753 rows; 9409 cols; 25537 nonzeros; 1344 integer variables (1344 binary)
Coefficient ranges:
  Matrix  [2e-01, 2e+00]
  Cost    [1e-02, 6e-02]
  Bound   [1e+00, 1e+00]
  RHS     [1e-03, 7e+00]
Presolving model
8064 rows, 8853 cols, 22292 nonzeros 0s
6348 rows, 7470 cols, 17812 nonzeros 0s
4486 rows, 5842 cols, 12962 nonzeros 0s
3583 rows, 4774 cols, 10467 nonzeros 0s
3457 rows, 4648 cols, 10215 nonzeros 0s
Presolve reductions: rows 3457(-7296); columns 4648(-4761); nonzeros 10215(-15322) 

Solving MIP model with:
   3457 rows
   4648 cols (548 binary, 0 integer, 0 implied int., 4100 continuous, 0 domain fixed)
   10215 nonzeros

Src: B => Branching; C => Central rounding; F => Feasibility pump; H => Heuristic;
     I => Shifting; J => Feasibility jump; L => Sub-MIP; P => Empty MIP; R => Randomized rounding;
     S => Solve LP; T => Evaluate node; U => Unbounded; X => User solution; Y => HiGHS solution;
     Z => ZI Round; l => Trivial lower; p => Trivial point; u => Trivial upper; z => Trivial zero

        Nodes      |    B&B Tree     |            Objective Bounds              |  Dynamic Constraints |       Work      
Src  Proc. InQueue |  Leaves   Expl. | BestBound       BestSol              Gap |   Cuts   InLp Confl. | LpIters     Time

         0       0         0   0.00%   -9.148646089    inf                  inf        0      0      0         0     0.5s
 R       0       0         0   0.00%   -6.741615898    -6.684679039       0.85%        0      0      0      1471     0.6s
 C       0       0         0   0.00%   -6.736971417    -6.736971417       0.00%       15      4      0      1475     0.7s
         1       0         1 100.00%   -6.736971417    -6.736971417       0.00%       15      4      0      1475     0.7s

Solving report
  Status            Optimal
  Primal bound      -6.736971417
  Dual bound        -6.736971417
  Gap               0% (tolerance: 0.5%)
  P-D integral      0.00086999488606
  Solution status   feasible
                    -6.736971417 (objective)
                    0 (bound viol.)
                    0 (int. viol.)
                    0 (row viol.)
  Timing            0.69
  Max sub-MIP depth 0
  Nodes             1
  Repair LPs        0
  LP iterations     1475
                    0 (strong br.)
                    4 (separation)
                    0 (heuristics)
MIP has 10753 rows; 9409 cols; 25537 nonzeros; 1344 integer variables (1344 binary)
Coefficient ranges:
  Matrix  [2e-01, 2e+00]
  Cost    [1e-02, 6e-02]
  Bound   [1e+00, 1e+00]
  RHS     [9e-04, 7e+00]
Presolving model
8064 rows, 8868 cols, 22307 nonzeros 0s
6355 rows, 7493 cols, 17850 nonzeros 0s
4505 rows, 5875 cols, 13024 nonzeros 0s
3718 rows, 4918 cols, 10864 nonzeros 0s
3612 rows, 4812 cols, 10652 nonzeros 0s
Presolve reductions: rows 3612(-7141); columns 4812(-4597); nonzeros 10652(-14885) 

Solving MIP model with:
   3612 rows
   4812 cols (573 binary, 0 integer, 0 implied int., 4239 continuous, 0 domain fixed)
   10652 nonzeros

Src: B => Branching; C => Central rounding; F => Feasibility pump; H => Heuristic;
     I => Shifting; J => Feasibility jump; L => Sub-MIP; P => Empty MIP; R => Randomized rounding;
     S => Solve LP; T => Evaluate node; U => Unbounded; X => User solution; Y => HiGHS solution;
     Z => ZI Round; l => Trivial lower; p => Trivial point; u => Trivial upper; z => Trivial zero

        Nodes      |    B&B Tree     |            Objective Bounds              |  Dynamic Constraints |       Work      
Src  Proc. InQueue |  Leaves   Expl. | BestBound       BestSol              Gap |   Cuts   InLp Confl. | LpIters     Time

         0       0         0   0.00%   -9.740932146    inf                  inf        0      0      0         0     0.5s
 R       0       0         0   0.00%   -7.525694466    -7.514683019       0.15%        0      0      0      1557     0.6s
         1       0         1 100.00%   -7.525694466    -7.514683019       0.15%        0      0      0      1557     0.6s

Solving report
  Status            Optimal
  Primal bound      -7.51468301874
  Dual bound        -7.52569446632
  Gap               0.147% (tolerance: 0.5%)
  P-D integral      3.2714830224e-06
  Solution status   feasible
                    -7.51468301874 (objective)
                    0 (bound viol.)
                    0 (int. viol.)
                    0 (row viol.)
  Timing            0.57
  Max sub-MIP depth 0
  Nodes             1
  Repair LPs        0
  LP iterations     1557
                    0 (strong br.)
                    0 (separation)
                    0 (heuristics)
MIP has 10753 rows; 9409 cols; 25537 nonzeros; 1344 integer variables (1344 binary)
Coefficient ranges:
  Matrix  [2e-01, 2e+00]
  Cost    [1e-02, 6e-02]
  Bound   [1e+00, 1e+00]
  RHS     [3e-04, 7e+00]
Presolving model
8064 rows, 8887 cols, 22326 nonzeros 0s
6333 rows, 7490 cols, 17826 nonzeros 0s
4481 rows, 5852 cols, 12992 nonzeros 0s
3892 rows, 5019 cols, 11342 nonzeros 0s
Presolve reductions: rows 3892(-6861); columns 5019(-4390); nonzeros 11342(-14195) 

Solving MIP model with:
   3892 rows
   5019 cols (620 binary, 0 integer, 0 implied int., 4399 continuous, 0 domain fixed)
   11342 nonzeros

Src: B => Branching; C => Central rounding; F => Feasibility pump; H => Heuristic;
     I => Shifting; J => Feasibility jump; L => Sub-MIP; P => Empty MIP; R => Randomized rounding;
     S => Solve LP; T => Evaluate node; U => Unbounded; X => User solution; Y => HiGHS solution;
     Z => ZI Round; l => Trivial lower; p => Trivial point; u => Trivial upper; z => Trivial zero

        Nodes      |    B&B Tree     |            Objective Bounds              |  Dynamic Constraints |       Work      
Src  Proc. InQueue |  Leaves   Expl. | BestBound       BestSol              Gap |   Cuts   InLp Confl. | LpIters     Time

         0       0         0   0.00%   -11.15222709    inf                  inf        0      0      0         0     0.5s
 R       0       0         0   0.00%   -10.11541802    -10.10888444       0.06%        0      0      0      1718     0.6s
         1       0         1 100.00%   -10.11541802    -10.10888444       0.06%        0      0      0      1718     0.7s

Solving report
  Status            Optimal
  Primal bound      -10.1088844375
  Dual bound        -10.1154180189
  Gap               0.0646% (tolerance: 0.5%)
  P-D integral      1.88764424212e-06
  Solution status   feasible
                    -10.1088844375 (objective)
                    0 (bound viol.)
                    0 (int. viol.)
                    0 (row viol.)
  Timing            0.65
  Max sub-MIP depth 0
  Nodes             1
  Repair LPs        0
  LP iterations     1718
                    0 (strong br.)
                    0 (separation)
                    0 (heuristics)
MIP has 10753 rows; 9409 cols; 25537 nonzeros; 1344 integer variables (1344 binary)
Coefficient ranges:
  Matrix  [2e-01, 2e+00]
  Cost    [1e-02, 6e-02]
  Bound   [1e+00, 1e+00]
  RHS     [2e-04, 6e+00]
Presolving model
8064 rows, 8894 cols, 22333 nonzeros 0s
6355 rows, 7519 cols, 17896 nonzeros 0s
4500 rows, 5877 cols, 13055 nonzeros 0s
3935 rows, 5064 cols, 11467 nonzeros 0s
Presolve reductions: rows 3935(-6818); columns 5064(-4345); nonzeros 11467(-14070) 

Solving MIP model with:
   3935 rows
   5064 cols (624 binary, 0 integer, 0 implied int., 4440 continuous, 0 domain fixed)
   11467 nonzeros

Src: B => Branching; C => Central rounding; F => Feasibility pump; H => Heuristic;
     I => Shifting; J => Feasibility jump; L => Sub-MIP; P => Empty MIP; R => Randomized rounding;
     S => Solve LP; T => Evaluate node; U => Unbounded; X => User solution; Y => HiGHS solution;
     Z => ZI Round; l => Trivial lower; p => Trivial point; u => Trivial upper; z => Trivial zero

        Nodes      |    B&B Tree     |            Objective Bounds              |  Dynamic Constraints |       Work      
Src  Proc. InQueue |  Leaves   Expl. | BestBound       BestSol              Gap |   Cuts   InLp Confl. | LpIters     Time

         0       0         0   0.00%   -11.34405798    inf                  inf        0      0      0         0     0.5s
 R       0       0         0   0.00%   -10.36824301    -10.26940157       0.96%        0      0      0      1761     0.7s
 C       0       0         0   0.00%   -10.34963873    -10.34963873       0.00%      104     32      0      1796     0.8s
         1       0         1 100.00%   -10.34963873    -10.34963873       0.00%      104     32      0      1796     0.8s

Solving report
  Status            Optimal
  Primal bound      -10.3496387307
  Dual bound        -10.3496387307
  Gap               0% (tolerance: 0.5%)
  P-D integral      0.0012764206299
  Solution status   feasible
                    -10.3496387307 (objective)
                    0 (bound viol.)
                    0 (int. viol.)
                    0 (row viol.)
  Timing            0.81
  Max sub-MIP depth 0
  Nodes             1
  Repair LPs        0
  LP iterations     1796
                    0 (strong br.)
                    35 (separation)
                    0 (heuristics)
MIP has 10753 rows; 9409 cols; 25537 nonzeros; 1344 integer variables (1344 binary)
Coefficient ranges:
  Matrix  [2e-01, 2e+00]
  Cost    [1e-02, 6e-02]
  Bound   [1e+00, 1e+00]
  RHS     [2e-04, 7e+00]
Presolving model
8064 rows, 8876 cols, 22315 nonzeros 0s
6338 rows, 7464 cols, 17816 nonzeros 0s
4498 rows, 5829 cols, 13005 nonzeros 0s
3824 rows, 4942 cols, 11134 nonzeros 0s
3812 rows, 4930 cols, 11110 nonzeros 0s
Presolve reductions: rows 3812(-6941); columns 4930(-4479); nonzeros 11110(-14427) 

Solving MIP model with:
   3812 rows
   4930 cols (608 binary, 0 integer, 0 implied int., 4322 continuous, 0 domain fixed)
   11110 nonzeros

Src: B => Branching; C => Central rounding; F => Feasibility pump; H => Heuristic;
     I => Shifting; J => Feasibility jump; L => Sub-MIP; P => Empty MIP; R => Randomized rounding;
     S => Solve LP; T => Evaluate node; U => Unbounded; X => User solution; Y => HiGHS solution;
     Z => ZI Round; l => Trivial lower; p => Trivial point; u => Trivial upper; z => Trivial zero

        Nodes      |    B&B Tree     |            Objective Bounds              |  Dynamic Constraints |       Work      
Src  Proc. InQueue |  Leaves   Expl. | BestBound       BestSol              Gap |   Cuts   InLp Confl. | LpIters     Time

         0       0         0   0.00%   -11.12707248    inf                  inf        0      0      0         0     0.5s
 R       0       0         0   0.00%   -10.1116979     -10.04056699       0.71%        0      0      0      1642     0.6s
 C       0       0         0   0.00%   -10.09194388    -10.09192916       0.00%      115     37      0      1687     0.8s
         1       0         1 100.00%   -10.09194388    -10.09192916       0.00%      115     37      0      1687     0.8s

Solving report
  Status            Optimal
  Primal bound      -10.0919291647
  Dual bound        -10.0919438826
  Gap               0.000146% (tolerance: 0.5%)
  P-D integral      0.00108475405601
  Solution status   feasible
                    -10.0919291647 (objective)
                    0 (bound viol.)
                    0 (int. viol.)
                    0 (row viol.)
  Timing            0.79
  Max sub-MIP depth 0
  Nodes             1
  Repair LPs        0
  LP iterations     1687
                    0 (strong br.)
                    45 (separation)
                    0 (heuristics)
MIP has 10753 rows; 9409 cols; 25537 nonzeros; 1344 integer variables (1344 binary)
Coefficient ranges:
  Matrix  [2e-01, 2e+00]
  Cost    [1e-02, 6e-02]
  Bound   [1e+00, 1e+00]
  RHS     [4e-04, 7e+00]
Presolving model
8064 rows, 8886 cols, 22325 nonzeros 0s
6315 rows, 7438 cols, 17742 nonzeros 0s
4483 rows, 5804 cols, 12944 nonzeros 0s
3831 rows, 4958 cols, 11150 nonzeros 0s
Presolve reductions: rows 3831(-6922); columns 4958(-4451); nonzeros 11150(-14387) 

Solving MIP model with:
   3831 rows
   4958 cols (622 binary, 0 integer, 0 implied int., 4336 continuous, 0 domain fixed)
   11150 nonzeros

Src: B => Branching; C => Central rounding; F => Feasibility pump; H => Heuristic;
     I => Shifting; J => Feasibility jump; L => Sub-MIP; P => Empty MIP; R => Randomized rounding;
     S => Solve LP; T => Evaluate node; U => Unbounded; X => User solution; Y => HiGHS solution;
     Z => ZI Round; l => Trivial lower; p => Trivial point; u => Trivial upper; z => Trivial zero

        Nodes      |    B&B Tree     |            Objective Bounds              |  Dynamic Constraints |       Work      
Src  Proc. InQueue |  Leaves   Expl. | BestBound       BestSol              Gap |   Cuts   InLp Confl. | LpIters     Time

         0       0         0   0.00%   -11.71982005    inf                  inf        0      0      0         0     0.6s
 R       0       0         0   0.00%   -10.85640514    -10.78144455       0.70%        0      0      0      1618     0.7s
 C       0       0         0   0.00%   -10.83573403    -10.83573403       0.00%      142     44      0      1669     0.9s
         1       0         1 100.00%   -10.83573403    -10.83573403       0.00%      142     44      0      1669     0.9s

Solving report
  Status            Optimal
  Primal bound      -10.8357340255
  Dual bound        -10.8357340255
  Gap               0% (tolerance: 0.5%)
  P-D integral      0.00104399789441
  Solution status   feasible
                    -10.8357340255 (objective)
                    0 (bound viol.)
                    0 (int. viol.)
                    0 (row viol.)
  Timing            0.87
  Max sub-MIP depth 0
  Nodes             1
  Repair LPs        0
  LP iterations     1669
                    0 (strong br.)
                    51 (separation)
                    0 (heuristics)
MIP has 10753 rows; 9409 cols; 25537 nonzeros; 1344 integer variables (1344 binary)
Coefficient ranges:
  Matrix  [2e-01, 2e+00]
  Cost    [1e-02, 6e-02]
  Bound   [1e+00, 1e+00]
  RHS     [7e-04, 7e+00]
Presolving model
8064 rows, 8846 cols, 22285 nonzeros 0s
6366 rows, 7421 cols, 17827 nonzeros 0s
4577 rows, 5829 cols, 13148 nonzeros 0s
3710 rows, 4839 cols, 10777 nonzeros 0s
3614 rows, 4743 cols, 10585 nonzeros 0s
Presolve reductions: rows 3614(-7139); columns 4743(-4666); nonzeros 10585(-14952) 

Solving MIP model with:
   3614 rows
   4743 cols (579 binary, 0 integer, 0 implied int., 4164 continuous, 0 domain fixed)
   10585 nonzeros

Src: B => Branching; C => Central rounding; F => Feasibility pump; H => Heuristic;
     I => Shifting; J => Feasibility jump; L => Sub-MIP; P => Empty MIP; R => Randomized rounding;
     S => Solve LP; T => Evaluate node; U => Unbounded; X => User solution; Y => HiGHS solution;
     Z => ZI Round; l => Trivial lower; p => Trivial point; u => Trivial upper; z => Trivial zero

        Nodes      |    B&B Tree     |            Objective Bounds              |  Dynamic Constraints |       Work      
Src  Proc. InQueue |  Leaves   Expl. | BestBound       BestSol              Gap |   Cuts   InLp Confl. | LpIters     Time

         0       0         0   0.00%   -10.02782388    inf                  inf        0      0      0         0     0.7s
 R       0       0         0   0.00%   -8.881632507    -8.87699193        0.05%        0      0      0      1570     0.7s
         1       0         1 100.00%   -8.881632507    -8.87699193        0.05%        0      0      0      1570     0.8s

Solving report
  Status            Optimal
  Primal bound      -8.87699193003
  Dual bound        -8.88163250698
  Gap               0.0523% (tolerance: 0.5%)
  P-D integral      1.26686767332e-06
  Solution status   feasible
                    -8.87699193003 (objective)
                    0 (bound viol.)
                    0 (int. viol.)
                    0 (row viol.)
  Timing            0.75
  Max sub-MIP depth 0
  Nodes             1
  Repair LPs        0
  LP iterations     1570
                    0 (strong br.)
                    0 (separation)
                    0 (heuristics)
MIP has 10754 rows; 9409 cols; 25538 nonzeros; 1344 integer variables (1344 binary)
Coefficient ranges:
  Matrix  [2e-01, 2e+00]
  Cost    [1e-02, 6e-02]
  Bound   [1e+00, 1e+00]
  RHS     [3e-04, 6e+00]
Presolving model
8064 rows, 8887 cols, 22326 nonzeros 0s
6417 rows, 7506 cols, 18012 nonzeros 0s
4648 rows, 5942 cols, 13391 nonzeros 0s
3923 rows, 5068 cols, 11442 nonzeros 0s
3922 rows, 5067 cols, 11440 nonzeros 0s
Presolve reductions: rows 3922(-6832); columns 5067(-4342); nonzeros 11440(-14098) 

Solving MIP model with:
   3922 rows
   5067 cols (619 binary, 0 integer, 0 implied int., 4448 continuous, 0 domain fixed)
   11440 nonzeros

Src: B => Branching; C => Central rounding; F => Feasibility pump; H => Heuristic;
     I => Shifting; J => Feasibility jump; L => Sub-MIP; P => Empty MIP; R => Randomized rounding;
     S => Solve LP; T => Evaluate node; U => Unbounded; X => User solution; Y => HiGHS solution;
     Z => ZI Round; l => Trivial lower; p => Trivial point; u => Trivial upper; z => Trivial zero

        Nodes      |    B&B Tree     |            Objective Bounds              |  Dynamic Constraints |       Work      
Src  Proc. InQueue |  Leaves   Expl. | BestBound       BestSol              Gap |   Cuts   InLp Confl. | LpIters     Time

         0       0         0   0.00%   -8.705700594    inf                  inf        0      0      0         0     0.8s
 R       0       0         0   0.00%   -6.926861077    -6.918858446       0.12%        0      0      0      1621     0.9s
         1       0         1 100.00%   -6.926861077    -6.918858446       0.12%        0      0      0      1621     0.9s

Solving report
  Status            Optimal
  Primal bound      -6.91885844592
  Dual bound        -6.92686107672
  Gap               0.116% (tolerance: 0.5%)
  P-D integral      3.42828197296e-06
  Solution status   feasible
                    -6.91885844592 (objective)
                    0 (bound viol.)
                    0 (int. viol.)
                    0 (row viol.)
  Timing            0.89
  Max sub-MIP depth 0
  Nodes             1
  Repair LPs        0
  LP iterations     1621
                    0 (strong br.)
                    0 (separation)
                    0 (heuristics)
MIP has 10753 rows; 9409 cols; 25537 nonzeros; 1344 integer variables (1344 binary)
Coefficient ranges:
  Matrix  [2e-01, 2e+00]
  Cost    [1e-02, 6e-02]
  Bound   [1e+00, 1e+00]
  RHS     [1e-04, 5e+00]
Presolving model
8064 rows, 8597 cols, 22036 nonzeros 0s
6418 rows, 7284 cols, 17741 nonzeros 0s
4641 rows, 5776 cols, 13120 nonzeros 0s
2720 rows, 3998 cols, 8085 nonzeros 0s
1633 rows, 3069 cols, 5437 nonzeros 0s
1482 rows, 2918 cols, 5135 nonzeros 0s
Presolve reductions: rows 1482(-9271); columns 2918(-6491); nonzeros 5135(-20402) 

Solving MIP model with:
   1482 rows
   2918 cols (184 binary, 0 integer, 0 implied int., 2734 continuous, 0 domain fixed)
   5135 nonzeros

Src: B => Branching; C => Central rounding; F => Feasibility pump; H => Heuristic;
     I => Shifting; J => Feasibility jump; L => Sub-MIP; P => Empty MIP; R => Randomized rounding;
     S => Solve LP; T => Evaluate node; U => Unbounded; X => User solution; Y => HiGHS solution;
     Z => ZI Round; l => Trivial lower; p => Trivial point; u => Trivial upper; z => Trivial zero

        Nodes      |    B&B Tree     |            Objective Bounds              |  Dynamic Constraints |       Work      
Src  Proc. InQueue |  Leaves   Expl. | BestBound       BestSol              Gap |   Cuts   InLp Confl. | LpIters     Time

 J       0       0         0   0.00%   -inf            19.90973681        Large        0      0      0         0     0.4s
 T       0       0         0   0.00%   3.043225233     18.25644935       83.33%        0      0      0       799     0.4s
         1       0         1 100.00%   18.25644935     18.25644935        0.00%        0      0      0       799     0.4s

Solving report
  Status            Optimal
  Primal bound      18.2564493544
  Dual bound        18.2564493544
  Gap               0% (tolerance: 0.5%)
  P-D integral      0.0239806748916
  Solution status   feasible
                    18.2564493544 (objective)
                    0 (bound viol.)
                    0 (int. viol.)
                    0 (row viol.)
  Timing            0.44
  Max sub-MIP depth 0
  Nodes             1
  Repair LPs        0
  LP iterations     799
                    0 (strong br.)
                    0 (separation)
                    0 (heuristics)
MIP has 10753 rows; 9409 cols; 25537 nonzeros; 1344 integer variables (1344 binary)
Coefficient ranges:
  Matrix  [2e-01, 2e+00]
  Cost    [1e-02, 6e-02]
  Bound   [1e+00, 1e+00]
  RHS     [2e-04, 5e+00]
Presolving model
8064 rows, 8599 cols, 22038 nonzeros 0s
6427 rows, 7296 cols, 17762 nonzeros 0s
4669 rows, 5809 cols, 13181 nonzeros 0s
2745 rows, 4042 cols, 8154 nonzeros 0s
1534 rows, 3013 cols, 5182 nonzeros 0s
1359 rows, 2838 cols, 4832 nonzeros 0s
Presolve reductions: rows 1359(-9394); columns 2838(-6571); nonzeros 4832(-20705) 

Solving MIP model with:
   1359 rows
   2838 cols (159 binary, 0 integer, 0 implied int., 2679 continuous, 0 domain fixed)
   4832 nonzeros

Src: B => Branching; C => Central rounding; F => Feasibility pump; H => Heuristic;
     I => Shifting; J => Feasibility jump; L => Sub-MIP; P => Empty MIP; R => Randomized rounding;
     S => Solve LP; T => Evaluate node; U => Unbounded; X => User solution; Y => HiGHS solution;
     Z => ZI Round; l => Trivial lower; p => Trivial point; u => Trivial upper; z => Trivial zero

        Nodes      |    B&B Tree     |            Objective Bounds              |  Dynamic Constraints |       Work      
Src  Proc. InQueue |  Leaves   Expl. | BestBound       BestSol              Gap |   Cuts   InLp Confl. | LpIters     Time

 J       0       0         0   0.00%   -inf            21.95554968        Large        0      0      0         0     0.4s
 T       0       0         0   0.00%   3.306520768     20.65415507       83.99%        0      0      0       798     0.4s
         1       0         1 100.00%   20.65415507     20.65415507        0.00%        0      0      0       798     0.4s

Solving report
  Status            Optimal
  Primal bound      20.6541550737
  Dual bound        20.6541550737
  Gap               0% (tolerance: 0.5%)
  P-D integral      0.0250878412595
  Solution status   feasible
                    20.6541550737 (objective)
                    0 (bound viol.)
                    0 (int. viol.)
                    0 (row viol.)
  Timing            0.45
  Max sub-MIP depth 0
  Nodes             1
  Repair LPs        0
  LP iterations     798
                    0 (strong br.)
                    0 (separation)
                    0 (heuristics)
MIP has 10753 rows; 9409 cols; 25537 nonzeros; 1344 integer variables (1344 binary)
Coefficient ranges:
  Matrix  [2e-01, 2e+00]
  Cost    [1e-02, 6e-02]
  Bound   [1e+00, 1e+00]
  RHS     [9e-05, 5e+00]
WARNING: Problem has some excessively small row bounds
Presolving model
8064 rows, 8608 cols, 22047 nonzeros 0s
6433 rows, 7310 cols, 17778 nonzeros 0s
4648 rows, 5796 cols, 13128 nonzeros 0s
2743 rows, 4039 cols, 8121 nonzeros 0s
2538 rows, 3179 cols, 5782 nonzeros 0s
1357 rows, 2785 cols, 4627 nonzeros 0s
1112 rows, 2391 cols, 3988 nonzeros 0s
1011 rows, 2017 cols, 3513 nonzeros 0s
Presolve reductions: rows 1011(-9742); columns 2017(-7392); nonzeros 3513(-22024) 

Solving MIP model with:
   1011 rows
   2017 cols (122 binary, 0 integer, 0 implied int., 1895 continuous, 0 domain fixed)
   3513 nonzeros

Src: B => Branching; C => Central rounding; F => Feasibility pump; H => Heuristic;
     I => Shifting; J => Feasibility jump; L => Sub-MIP; P => Empty MIP; R => Randomized rounding;
     S => Solve LP; T => Evaluate node; U => Unbounded; X => User solution; Y => HiGHS solution;
     Z => ZI Round; l => Trivial lower; p => Trivial point; u => Trivial upper; z => Trivial zero

        Nodes      |    B&B Tree     |            Objective Bounds              |  Dynamic Constraints |       Work      
Src  Proc. InQueue |  Leaves   Expl. | BestBound       BestSol              Gap |   Cuts   InLp Confl. | LpIters     Time

 J       0       0         0   0.00%   -inf            22.27201581        Large        0      0      0         0     0.5s
 T       0       0         0   0.00%   11.28627003     21.83093615       48.30%        0      0      0       446     0.5s
         1       0         1 100.00%   21.83093615     21.83093615        0.00%        0      0      0       446     0.5s

Solving report
  Status            Optimal
  Primal bound      21.8309361519
  Dual bound        21.8309361519
  Gap               0% (tolerance: 0.5%)
  P-D integral      0.00587411243036
  Solution status   feasible
                    21.8309361519 (objective)
                    0 (bound viol.)
                    0 (int. viol.)
                    0 (row viol.)
  Timing            0.50
  Max sub-MIP depth 0
  Nodes             1
  Repair LPs        0
  LP iterations     446
                    0 (strong br.)
                    0 (separation)
                    0 (heuristics)
MIP has 10753 rows; 9409 cols; 25537 nonzeros; 1344 integer variables (1344 binary)
Coefficient ranges:
  Matrix  [2e-01, 2e+00]
  Cost    [1e-02, 6e-02]
  Bound   [1e+00, 1e+00]
  RHS     [9e-05, 5e+00]
WARNING: Problem has some excessively small row bounds
Presolving model
8064 rows, 8617 cols, 22056 nonzeros 0s
6429 rows, 7315 cols, 17783 nonzeros 0s
4654 rows, 5812 cols, 13169 nonzeros 0s
2751 rows, 4055 cols, 8173 nonzeros 0s
1632 rows, 3101 cols, 5440 nonzeros 0s
1458 rows, 2859 cols, 5024 nonzeros 0s
Presolve reductions: rows 1458(-9295); columns 2859(-6550); nonzeros 5024(-20513) 

Solving MIP model with:
   1458 rows
   2859 cols (177 binary, 0 integer, 0 implied int., 2682 continuous, 0 domain fixed)
   5024 nonzeros

Src: B => Branching; C => Central rounding; F => Feasibility pump; H => Heuristic;
     I => Shifting; J => Feasibility jump; L => Sub-MIP; P => Empty MIP; R => Randomized rounding;
     S => Solve LP; T => Evaluate node; U => Unbounded; X => User solution; Y => HiGHS solution;
     Z => ZI Round; l => Trivial lower; p => Trivial point; u => Trivial upper; z => Trivial zero

        Nodes      |    B&B Tree     |            Objective Bounds              |  Dynamic Constraints |       Work      
Src  Proc. InQueue |  Leaves   Expl. | BestBound       BestSol              Gap |   Cuts   InLp Confl. | LpIters     Time

 J       0       0         0   0.00%   -inf            19.71311395        Large        0      0      0         0     0.4s
 T       0       0         0   0.00%   3.764555232     18.15280926       79.26%        0      0      0       709     0.5s
         1       0         1 100.00%   18.15280926     18.15280926        0.00%        0      0      0       709     0.5s

Solving report
  Status            Optimal
  Primal bound      18.1528092631
  Dual bound        18.1528092631
  Gap               0% (tolerance: 0.5%)
  P-D integral      0.0241785237972
  Solution status   feasible
                    18.1528092631 (objective)
                    0 (bound viol.)
                    0 (int. viol.)
                    0 (row viol.)
  Timing            0.45
  Max sub-MIP depth 0
  Nodes             1
  Repair LPs        0
  LP iterations     709
                    0 (strong br.)
                    0 (separation)
                    0 (heuristics)
MIP has 10753 rows; 9409 cols; 25537 nonzeros; 1344 integer variables (1344 binary)
Coefficient ranges:
  Matrix  [2e-01, 2e+00]
  Cost    [5e-03, 6e-02]
  Bound   [1e+00, 1e+00]
  RHS     [2e-04, 5e+00]
Presolving model
8064 rows, 8611 cols, 22050 nonzeros 0s
6411 rows, 7292 cols, 17742 nonzeros 0s
4615 rows, 5761 cols, 13079 nonzeros 0s
2660 rows, 3919 cols, 7946 nonzeros 0s
1898 rows, 3106 cols, 6035 nonzeros 0s
1751 rows, 2755 cols, 5537 nonzeros 0s
Presolve reductions: rows 1751(-9002); columns 2755(-6654); nonzeros 5537(-20000) 

Solving MIP model with:
   1751 rows
   2755 cols (258 binary, 0 integer, 0 implied int., 2497 continuous, 0 domain fixed)
   5537 nonzeros

Src: B => Branching; C => Central rounding; F => Feasibility pump; H => Heuristic;
     I => Shifting; J => Feasibility jump; L => Sub-MIP; P => Empty MIP; R => Randomized rounding;
     S => Solve LP; T => Evaluate node; U => Unbounded; X => User solution; Y => HiGHS solution;
     Z => ZI Round; l => Trivial lower; p => Trivial point; u => Trivial upper; z => Trivial zero

        Nodes      |    B&B Tree     |            Objective Bounds              |  Dynamic Constraints |       Work      
Src  Proc. InQueue |  Leaves   Expl. | BestBound       BestSol              Gap |   Cuts   InLp Confl. | LpIters     Time

 J       0       0         0   0.00%   -inf            19.14496968        Large        0      0      0         0     0.5s
 T       0       0         0   0.00%   5.045956949     14.17803502       64.41%        0      0      0       763     0.5s
         1       0         1 100.00%   14.17803502     14.17803502        0.00%        0      0      0       763     0.5s

Solving report
  Status            Optimal
  Primal bound      14.1780350192
  Dual bound        14.1780350192
  Gap               0% (tolerance: 0.5%)
  P-D integral      0.0212497851764
  Solution status   feasible
                    14.1780350192 (objective)
                    0 (bound viol.)
                    0 (int. viol.)
                    0 (row viol.)
  Timing            0.50
  Max sub-MIP depth 0
  Nodes             1
  Repair LPs        0
  LP iterations     763
                    0 (strong br.)
                    0 (separation)
                    0 (heuristics)
MIP has 10753 rows; 9409 cols; 25537 nonzeros; 1344 integer variables (1344 binary)
Coefficient ranges:
  Matrix  [2e-01, 2e+00]
  Cost    [5e-03, 6e-02]
  Bound   [1e+00, 1e+00]
  RHS     [2e-04, 5e+00]
Presolving model
8064 rows, 8635 cols, 22074 nonzeros 0s
6386 rows, 7291 cols, 17712 nonzeros 0s
4552 rows, 5705 cols, 12944 nonzeros 0s
4394 rows, 4295 cols, 9352 nonzeros 0s
2566 rows, 3786 cols, 7703 nonzeros 0s
2210 rows, 3442 cols, 6949 nonzeros 0s
Presolve reductions: rows 2210(-8543); columns 3442(-5967); nonzeros 6949(-18588) 

Solving MIP model with:
   2210 rows
   3442 cols (325 binary, 0 integer, 0 implied int., 3117 continuous, 0 domain fixed)
   6949 nonzeros

Src: B => Branching; C => Central rounding; F => Feasibility pump; H => Heuristic;
     I => Shifting; J => Feasibility jump; L => Sub-MIP; P => Empty MIP; R => Randomized rounding;
     S => Solve LP; T => Evaluate node; U => Unbounded; X => User solution; Y => HiGHS solution;
     Z => ZI Round; l => Trivial lower; p => Trivial point; u => Trivial upper; z => Trivial zero

        Nodes      |    B&B Tree     |            Objective Bounds              |  Dynamic Constraints |       Work      
Src  Proc. InQueue |  Leaves   Expl. | BestBound       BestSol              Gap |   Cuts   InLp Confl. | LpIters     Time

         0       0         0   0.00%   0.0154424559    inf                  inf        0      0      0         0     0.5s
 T       0       0         0   0.00%   0.0154424559    10.96924053       99.86%        0      0      0       997     0.6s
         1       0         1 100.00%   10.96924053     10.96924053        0.00%        0      0      0       997     0.6s

Solving report
  Status            Optimal
  Primal bound      10.9692405301
  Dual bound        10.9692405301
  Gap               0% (tolerance: 0.5%)
  P-D integral      7.94879343574e-05
  Solution status   feasible
                    10.9692405301 (objective)
                    0 (bound viol.)
                    0 (int. viol.)
                    0 (row viol.)
  Timing            0.56
  Max sub-MIP depth 0
  Nodes             1
  Repair LPs        0
  LP iterations     997
                    0 (strong br.)
                    0 (separation)
                    0 (heuristics)
MIP has 10753 rows; 9409 cols; 25537 nonzeros; 1344 integer variables (1344 binary)
Coefficient ranges:
  Matrix  [2e-01, 2e+00]
  Cost    [5e-03, 6e-02]
  Bound   [1e+00, 1e+00]
  RHS     [6e-04, 5e+00]
Presolving model
8064 rows, 8674 cols, 22113 nonzeros 0s
6394 rows, 7338 cols, 17771 nonzeros 0s
4567 rows, 5764 cols, 13034 nonzeros 0s
2701 rows, 3947 cols, 8087 nonzeros 0s
2435 rows, 3681 cols, 7555 nonzeros 0s
Presolve reductions: rows 2435(-8318); columns 3681(-5728); nonzeros 7555(-17982) 

Solving MIP model with:
   2435 rows
   3681 cols (360 binary, 0 integer, 0 implied int., 3321 continuous, 0 domain fixed)
   7555 nonzeros

Src: B => Branching; C => Central rounding; F => Feasibility pump; H => Heuristic;
     I => Shifting; J => Feasibility jump; L => Sub-MIP; P => Empty MIP; R => Randomized rounding;
     S => Solve LP; T => Evaluate node; U => Unbounded; X => User solution; Y => HiGHS solution;
     Z => ZI Round; l => Trivial lower; p => Trivial point; u => Trivial upper; z => Trivial zero

        Nodes      |    B&B Tree     |            Objective Bounds              |  Dynamic Constraints |       Work      
Src  Proc. InQueue |  Leaves   Expl. | BestBound       BestSol              Gap |   Cuts   InLp Confl. | LpIters     Time

 J       0       0         0   0.00%   -inf            18.41618905        Large        0      0      0         0     0.4s
 T       0       0         0   0.00%   -0.1879905503   11.11408243      101.69%        0      0      0      1073     0.5s
         1       0         1 100.00%   11.11408243     11.11408243        0.00%        0      0      0      1073     0.5s

Solving report
  Status            Optimal
  Primal bound      11.1140824332
  Dual bound        11.1140824332
  Gap               0% (tolerance: 0.5%)
  P-D integral      0.0408104489266
  Solution status   feasible
                    11.1140824332 (objective)
                    0 (bound viol.)
                    0 (int. viol.)
                    0 (row viol.)
  Timing            0.47
  Max sub-MIP depth 0
  Nodes             1
  Repair LPs        0
  LP iterations     1073
                    0 (strong br.)
                    0 (separation)
                    0 (heuristics)
MIP has 10753 rows; 9409 cols; 25537 nonzeros; 1344 integer variables (1344 binary)
Coefficient ranges:
  Matrix  [2e-01, 2e+00]
  Cost    [5e-03, 6e-02]
  Bound   [1e+00, 1e+00]
  RHS     [4e-04, 5e+00]
Presolving model
8064 rows, 8692 cols, 22131 nonzeros 0s
6365 rows, 7327 cols, 17727 nonzeros 0s
4527 rows, 5725 cols, 12939 nonzeros 0s
2953 rows, 4130 cols, 8754 nonzeros 0s
2735 rows, 3912 cols, 8316 nonzeros 0s
Presolve reductions: rows 2735(-8018); columns 3912(-5497); nonzeros 8316(-17221) 

Solving MIP model with:
   2735 rows
   3912 cols (418 binary, 0 integer, 0 implied int., 3494 continuous, 0 domain fixed)
   8316 nonzeros

Src: B => Branching; C => Central rounding; F => Feasibility pump; H => Heuristic;
     I => Shifting; J => Feasibility jump; L => Sub-MIP; P => Empty MIP; R => Randomized rounding;
     S => Solve LP; T => Evaluate node; U => Unbounded; X => User solution; Y => HiGHS solution;
     Z => ZI Round; l => Trivial lower; p => Trivial point; u => Trivial upper; z => Trivial zero

        Nodes      |    B&B Tree     |            Objective Bounds              |  Dynamic Constraints |       Work      
Src  Proc. InQueue |  Leaves   Expl. | BestBound       BestSol              Gap |   Cuts   InLp Confl. | LpIters     Time

         0       0         0   0.00%   -1.731101231    inf                  inf        0      0      0         0     0.6s
 T       0       0         0   0.00%   -1.731101231    7.323420622      123.64%        0      0      0      1145     0.7s
         1       0         1 100.00%   7.323420622     7.323420622        0.00%        0      0      0      1145     0.7s

Solving report
  Status            Optimal
  Primal bound      7.32342062243
  Dual bound        7.32342062243
  Gap               0% (tolerance: 0.5%)
  P-D integral      9.92812163447e-05
  Solution status   feasible
                    7.32342062243 (objective)
                    0 (bound viol.)
                    0 (int. viol.)
                    0 (row viol.)
  Timing            0.69
  Max sub-MIP depth 0
  Nodes             1
  Repair LPs        0
  LP iterations     1145
                    0 (strong br.)
                    0 (separation)
                    0 (heuristics)
MIP has 10753 rows; 9409 cols; 25537 nonzeros; 1344 integer variables (1344 binary)
Coefficient ranges:
  Matrix  [2e-01, 2e+00]
  Cost    [5e-03, 6e-02]
  Bound   [1e+00, 1e+00]
  RHS     [4e-05, 5e+00]
WARNING: Problem has some excessively small row bounds
Presolving model
8064 rows, 8707 cols, 22146 nonzeros 0s
6386 rows, 7363 cols, 17788 nonzeros 0s
4566 rows, 5786 cols, 13055 nonzeros 0s
2969 rows, 4174 cols, 8798 nonzeros 0s
2745 rows, 3950 cols, 8350 nonzeros 0s
Presolve reductions: rows 2745(-8008); columns 3950(-5459); nonzeros 8350(-17187) 

Solving MIP model with:
   2745 rows
   3950 cols (414 binary, 0 integer, 0 implied int., 3536 continuous, 0 domain fixed)
   8350 nonzeros

Src: B => Branching; C => Central rounding; F => Feasibility pump; H => Heuristic;
     I => Shifting; J => Feasibility jump; L => Sub-MIP; P => Empty MIP; R => Randomized rounding;
     S => Solve LP; T => Evaluate node; U => Unbounded; X => User solution; Y => HiGHS solution;
     Z => ZI Round; l => Trivial lower; p => Trivial point; u => Trivial upper; z => Trivial zero

        Nodes      |    B&B Tree     |            Objective Bounds              |  Dynamic Constraints |       Work      
Src  Proc. InQueue |  Leaves   Expl. | BestBound       BestSol              Gap |   Cuts   InLp Confl. | LpIters     Time

         0       0         0   0.00%   -2.290891866    inf                  inf        0      0      0         0     0.6s
 T       0       0         0   0.00%   -2.290891866    5.070063823      145.18%        0      0      0      1151     0.7s
         1       0         1 100.00%   5.070063823     5.070063823        0.00%        0      0      0      1151     0.7s

Solving report
  Status            Optimal
  Primal bound      5.07006382289
  Dual bound        5.07006382289
  Gap               0% (tolerance: 0.5%)
  P-D integral      0.000129504723336
  Solution status   feasible
                    5.07006382289 (objective)
                    0 (bound viol.)
                    0 (int. viol.)
                    0 (row viol.)
  Timing            0.66
  Max sub-MIP depth 0
  Nodes             1
  Repair LPs        0
  LP iterations     1151
                    0 (strong br.)
                    0 (separation)
                    0 (heuristics)
MIP has 10753 rows; 9409 cols; 25537 nonzeros; 1344 integer variables (1344 binary)
Coefficient ranges:
  Matrix  [2e-01, 2e+00]
  Cost    [5e-03, 6e-02]
  Bound   [1e+00, 1e+00]
  RHS     [4e-05, 5e+00]
WARNING: Problem has some excessively small row bounds
Presolving model
8064 rows, 8724 cols, 22163 nonzeros 0s
6403 rows, 7397 cols, 17839 nonzeros 0s
4591 rows, 5837 cols, 13131 nonzeros 0s
2951 rows, 4227 cols, 8793 nonzeros 0s
2705 rows, 3980 cols, 8300 nonzeros 0s
Presolve reductions: rows 2705(-8048); columns 3980(-5429); nonzeros 8300(-17237) 

Solving MIP model with:
   2705 rows
   3980 cols (404 binary, 0 integer, 0 implied int., 3576 continuous, 0 domain fixed)
   8300 nonzeros

Src: B => Branching; C => Central rounding; F => Feasibility pump; H => Heuristic;
     I => Shifting; J => Feasibility jump; L => Sub-MIP; P => Empty MIP; R => Randomized rounding;
     S => Solve LP; T => Evaluate node; U => Unbounded; X => User solution; Y => HiGHS solution;
     Z => ZI Round; l => Trivial lower; p => Trivial point; u => Trivial upper; z => Trivial zero

        Nodes      |    B&B Tree     |            Objective Bounds              |  Dynamic Constraints |       Work      
Src  Proc. InQueue |  Leaves   Expl. | BestBound       BestSol              Gap |   Cuts   InLp Confl. | LpIters     Time

         0       0         0   0.00%   -2.410450477    inf                  inf        0      0      0         0     0.4s
 T       0       0         0   0.00%   -2.410450477    4.41713862       154.57%        0      0      0      1149     0.5s
         1       0         1 100.00%   4.41713862      4.41713862         0.00%        0      0      0      1149     0.5s

Solving report
  Status            Optimal
  Primal bound      4.41713861973
  Dual bound        4.41713861973
  Gap               0% (tolerance: 0.5%)
  P-D integral      0.0001259748729
  Solution status   feasible
                    4.41713861973 (objective)
                    0 (bound viol.)
                    0 (int. viol.)
                    0 (row viol.)
  Timing            0.49
  Max sub-MIP depth 0
  Nodes             1
  Repair LPs        0
  LP iterations     1149
                    0 (strong br.)
                    0 (separation)
                    0 (heuristics)
MIP has 10753 rows; 9409 cols; 25537 nonzeros; 1344 integer variables (1344 binary)
Coefficient ranges:
  Matrix  [2e-01, 2e+00]
  Cost    [5e-03, 6e-02]
  Bound   [1e+00, 1e+00]
  RHS     [1e-04, 7e+00]
Presolving model
8064 rows, 8743 cols, 22182 nonzeros 0s
6391 rows, 7403 cols, 17827 nonzeros 0s
4581 rows, 5848 cols, 13124 nonzeros 0s
2970 rows, 4269 cols, 8862 nonzeros 0s
2743 rows, 4041 cols, 8407 nonzeros 0s
Presolve reductions: rows 2743(-8010); columns 4041(-5368); nonzeros 8407(-17130) 

Solving MIP model with:
   2743 rows
   4041 cols (409 binary, 0 integer, 0 implied int., 3632 continuous, 0 domain fixed)
   8407 nonzeros

Src: B => Branching; C => Central rounding; F => Feasibility pump; H => Heuristic;
     I => Shifting; J => Feasibility jump; L => Sub-MIP; P => Empty MIP; R => Randomized rounding;
     S => Solve LP; T => Evaluate node; U => Unbounded; X => User solution; Y => HiGHS solution;
     Z => ZI Round; l => Trivial lower; p => Trivial point; u => Trivial upper; z => Trivial zero

        Nodes      |    B&B Tree     |            Objective Bounds              |  Dynamic Constraints |       Work      
Src  Proc. InQueue |  Leaves   Expl. | BestBound       BestSol              Gap |   Cuts   InLp Confl. | LpIters     Time

         0       0         0   0.00%   -3.065982986    inf                  inf        0      0      0         0     0.5s
 T       0       0         0   0.00%   -3.065982986    5.118359629      159.90%        0      0      0      1184     0.5s
         1       0         1 100.00%   5.118359629     5.118359629        0.00%        0      0      0      1184     0.5s

Solving report
  Status            Optimal
  Primal bound      5.11835962918
  Dual bound        5.11835962918
  Gap               0% (tolerance: 0.5%)
  P-D integral      0.000159421970711
  Solution status   feasible
                    5.11835962918 (objective)
                    0 (bound viol.)
                    0 (int. viol.)
                    0 (row viol.)
  Timing            0.53
  Max sub-MIP depth 0
  Nodes             1
  Repair LPs        0
  LP iterations     1184
                    0 (strong br.)
                    0 (separation)
                    0 (heuristics)
MIP has 10753 rows; 9409 cols; 25537 nonzeros; 1344 integer variables (1344 binary)
Coefficient ranges:
  Matrix  [2e-01, 2e+00]
  Cost    [5e-03, 6e-02]
  Bound   [1e+00, 1e+00]
  RHS     [1e-04, 7e+00]
Presolving model
8064 rows, 8761 cols, 22200 nonzeros 0s
6394 rows, 7421 cols, 17841 nonzeros 0s
4598 rows, 5874 cols, 13166 nonzeros 0s
2990 rows, 4317 cols, 8917 nonzeros 0s
2748 rows, 4075 cols, 8433 nonzeros 0s
Presolve reductions: rows 2748(-8005); columns 4075(-5334); nonzeros 8433(-17104) 

Solving MIP model with:
   2748 rows
   4075 cols (408 binary, 0 integer, 0 implied int., 3667 continuous, 0 domain fixed)
   8433 nonzeros

Src: B => Branching; C => Central rounding; F => Feasibility pump; H => Heuristic;
     I => Shifting; J => Feasibility jump; L => Sub-MIP; P => Empty MIP; R => Randomized rounding;
     S => Solve LP; T => Evaluate node; U => Unbounded; X => User solution; Y => HiGHS solution;
     Z => ZI Round; l => Trivial lower; p => Trivial point; u => Trivial upper; z => Trivial zero

        Nodes      |    B&B Tree     |            Objective Bounds              |  Dynamic Constraints |       Work      
Src  Proc. InQueue |  Leaves   Expl. | BestBound       BestSol              Gap |   Cuts   InLp Confl. | LpIters     Time

         0       0         0   0.00%   -3.784047204    inf                  inf        0      0      0         0     0.5s
 T       0       0         0   0.00%   -3.784047204    4.157441974      191.02%        0      0      0      1203     0.5s
         1       0         1 100.00%   4.157441974     4.157441974        0.00%        0      0      0      1203     0.5s

Solving report
  Status            Optimal
  Primal bound      4.15744197371
  Dual bound        4.15744197371
  Gap               0% (tolerance: 0.5%)
  P-D integral      0.000200378579643
  Solution status   feasible
                    4.15744197371 (objective)
                    0 (bound viol.)
                    0 (int. viol.)
                    0 (row viol.)
  Timing            0.53
  Max sub-MIP depth 0
  Nodes             1
  Repair LPs        0
  LP iterations     1203
                    0 (strong br.)
                    0 (separation)
                    0 (heuristics)
MIP has 10753 rows; 9409 cols; 25537 nonzeros; 1344 integer variables (1344 binary)
Coefficient ranges:
  Matrix  [2e-01, 2e+00]
  Cost    [5e-03, 6e-02]
  Bound   [1e+00, 1e+00]
  RHS     [1e-04, 6e+00]
Presolving model
8064 rows, 8774 cols, 22213 nonzeros 0s
6406 rows, 7446 cols, 17889 nonzeros 0s
4596 rows, 5883 cols, 13174 nonzeros 0s
3137 rows, 4405 cols, 9283 nonzeros 0s
2924 rows, 4191 cols, 8856 nonzeros 0s
Presolve reductions: rows 2924(-7829); columns 4191(-5218); nonzeros 8856(-16681) 

Solving MIP model with:
   2924 rows
   4191 cols (440 binary, 0 integer, 0 implied int., 3751 continuous, 0 domain fixed)
   8856 nonzeros

Src: B => Branching; C => Central rounding; F => Feasibility pump; H => Heuristic;
     I => Shifting; J => Feasibility jump; L => Sub-MIP; P => Empty MIP; R => Randomized rounding;
     S => Solve LP; T => Evaluate node; U => Unbounded; X => User solution; Y => HiGHS solution;
     Z => ZI Round; l => Trivial lower; p => Trivial point; u => Trivial upper; z => Trivial zero

        Nodes      |    B&B Tree     |            Objective Bounds              |  Dynamic Constraints |       Work      
Src  Proc. InQueue |  Leaves   Expl. | BestBound       BestSol              Gap |   Cuts   InLp Confl. | LpIters     Time

         0       0         0   0.00%   -3.886721774    inf                  inf        0      0      0         0     0.5s
 T       0       0         0   0.00%   -3.886721774    3.104213668      225.21%        0      0      0      1242     0.6s
         1       0         1 100.00%   3.104213668     3.104213668        0.00%        0      0      0      1242     0.6s

Solving report
  Status            Optimal
  Primal bound      3.10421366784
  Dual bound        3.10421366784
  Gap               0% (tolerance: 0.5%)
  P-D integral      0.000200435079186
  Solution status   feasible
                    3.10421366784 (objective)
                    0 (bound viol.)
                    0 (int. viol.)
                    0 (row viol.)
  Timing            0.57
  Max sub-MIP depth 0
  Nodes             1
  Repair LPs        0
  LP iterations     1242
                    0 (strong br.)
                    0 (separation)
                    0 (heuristics)
MIP has 10753 rows; 9409 cols; 25537 nonzeros; 1344 integer variables (1344 binary)
Coefficient ranges:
  Matrix  [2e-01, 2e+00]
  Cost    [5e-03, 6e-02]
  Bound   [1e+00, 1e+00]
  RHS     [7e-04, 6e+00]
Presolving model
8064 rows, 8786 cols, 22225 nonzeros 0s
6365 rows, 7421 cols, 17810 nonzeros 0s
4525 rows, 5813 cols, 13018 nonzeros 0s
3441 rows, 4603 cols, 10068 nonzeros 0s
3298 rows, 4460 cols, 9782 nonzeros 0s
Presolve reductions: rows 3298(-7455); columns 4460(-4949); nonzeros 9782(-15755) 

Solving MIP model with:
   3298 rows
   4460 cols (513 binary, 0 integer, 0 implied int., 3947 continuous, 0 domain fixed)
   9782 nonzeros

Src: B => Branching; C => Central rounding; F => Feasibility pump; H => Heuristic;
     I => Shifting; J => Feasibility jump; L => Sub-MIP; P => Empty MIP; R => Randomized rounding;
     S => Solve LP; T => Evaluate node; U => Unbounded; X => User solution; Y => HiGHS solution;
     Z => ZI Round; l => Trivial lower; p => Trivial point; u => Trivial upper; z => Trivial zero

        Nodes      |    B&B Tree     |            Objective Bounds              |  Dynamic Constraints |       Work      
Src  Proc. InQueue |  Leaves   Expl. | BestBound       BestSol              Gap |   Cuts   InLp Confl. | LpIters     Time

         0       0         0   0.00%   -4.096818171    inf                  inf        0      0      0         0     0.5s
 T       0       0         0   0.00%   -4.096818171    2.397292748      270.89%        0      0      0      1322     0.5s
         1       0         1 100.00%   2.397292748     2.397292748        0.00%        0      0      0      1322     0.5s

Solving report
  Status            Optimal
  Primal bound      2.39729274772
  Dual bound        2.39729274772
  Gap               0% (tolerance: 0.5%)
  P-D integral      0.000290668762126
  Solution status   feasible
                    2.39729274772 (objective)
                    0 (bound viol.)
                    0 (int. viol.)
                    0 (row viol.)
  Timing            0.52
  Max sub-MIP depth 0
  Nodes             1
  Repair LPs        0
  LP iterations     1322
                    0 (strong br.)
                    0 (separation)
                    0 (heuristics)
MIP has 10753 rows; 9409 cols; 25537 nonzeros; 1344 integer variables (1344 binary)
Coefficient ranges:
  Matrix  [2e-01, 2e+00]
  Cost    [5e-03, 6e-02]
  Bound   [1e+00, 1e+00]
  RHS     [2e-04, 6e+00]
Presolving model
8064 rows, 8808 cols, 22247 nonzeros 0s
6376 rows, 7454 cols, 17856 nonzeros 0s
4524 rows, 5841 cols, 13047 nonzeros 0s
3533 rows, 4692 cols, 10317 nonzeros 0s
3403 rows, 4562 cols, 10057 nonzeros 0s
Presolve reductions: rows 3403(-7350); columns 4562(-4847); nonzeros 10057(-15480) 

Solving MIP model with:
   3403 rows
   4562 cols (530 binary, 0 integer, 0 implied int., 4032 continuous, 0 domain fixed)
   10057 nonzeros

Src: B => Branching; C => Central rounding; F => Feasibility pump; H => Heuristic;
     I => Shifting; J => Feasibility jump; L => Sub-MIP; P => Empty MIP; R => Randomized rounding;
     S => Solve LP; T => Evaluate node; U => Unbounded; X => User solution; Y => HiGHS solution;
     Z => ZI Round; l => Trivial lower; p => Trivial point; u => Trivial upper; z => Trivial zero

        Nodes      |    B&B Tree     |            Objective Bounds              |  Dynamic Constraints |       Work      
Src  Proc. InQueue |  Leaves   Expl. | BestBound       BestSol              Gap |   Cuts   InLp Confl. | LpIters     Time

         0       0         0   0.00%   -4.881321087    inf                  inf        0      0      0         0     0.8s
 T       0       0         0   0.00%   -4.881321087    1.574353028      410.05%        0      0      0      1371     0.8s
         1       0         1 100.00%   1.574353028     1.574353028        0.00%        0      0      0      1371     0.8s

Solving report
  Status            Optimal
  Primal bound      1.57435302836
  Dual bound        1.57435302836
  Gap               0% (tolerance: 0.5%)
  P-D integral      0.0366632050432
  Solution status   feasible
                    1.57435302836 (objective)
                    0 (bound viol.)
                    0 (int. viol.)
                    0 (row viol.)
  Timing            0.83
  Max sub-MIP depth 0
  Nodes             1
  Repair LPs        0
  LP iterations     1371
                    0 (strong br.)
                    0 (separation)
                    0 (heuristics)
MIP has 10753 rows; 9409 cols; 25537 nonzeros; 1344 integer variables (1344 binary)
Coefficient ranges:
  Matrix  [2e-01, 2e+00]
  Cost    [5e-03, 6e-02]
  Bound   [1e+00, 1e+00]
  RHS     [2e-04, 7e+00]
Presolving model
8064 rows, 8828 cols, 22267 nonzeros 0s
6374 rows, 7472 cols, 17869 nonzeros 0s
4550 rows, 5883 cols, 13120 nonzeros 0s
3532 rows, 4751 cols, 10360 nonzeros 0s
3397 rows, 4616 cols, 10090 nonzeros 0s
Presolve reductions: rows 3397(-7356); columns 4616(-4793); nonzeros 10090(-15447) 

Solving MIP model with:
   3397 rows
   4616 cols (524 binary, 0 integer, 0 implied int., 4092 continuous, 0 domain fixed)
   10090 nonzeros

Src: B => Branching; C => Central rounding; F => Feasibility pump; H => Heuristic;
     I => Shifting; J => Feasibility jump; L => Sub-MIP; P => Empty MIP; R => Randomized rounding;
     S => Solve LP; T => Evaluate node; U => Unbounded; X => User solution; Y => HiGHS solution;
     Z => ZI Round; l => Trivial lower; p => Trivial point; u => Trivial upper; z => Trivial zero

        Nodes      |    B&B Tree     |            Objective Bounds              |  Dynamic Constraints |       Work      
Src  Proc. InQueue |  Leaves   Expl. | BestBound       BestSol              Gap |   Cuts   InLp Confl. | LpIters     Time

         0       0         0   0.00%   -5.548201344    inf                  inf        0      0      0         0     0.5s
 T       0       0         0   0.00%   -5.548201344    0.790398913      801.95%        0      0      0      1391     0.6s
         1       0         1 100.00%   0.790398913     0.790398913        0.00%        0      0      0      1391     0.6s

Solving report
  Status            Optimal
  Primal bound      0.790398913037
  Dual bound        0.790398913037
  Gap               0% (tolerance: 0.5%)
  P-D integral      0.000796335864684
  Solution status   feasible
                    0.790398913037 (objective)
                    0 (bound viol.)
                    0 (int. viol.)
                    0 (row viol.)
  Timing            0.57
  Max sub-MIP depth 0
  Nodes             1
  Repair LPs        0
  LP iterations     1391
                    0 (strong br.)
                    0 (separation)
                    0 (heuristics)
MIP has 10753 rows; 9409 cols; 25537 nonzeros; 1344 integer variables (1344 binary)
Coefficient ranges:
  Matrix  [2e-01, 2e+00]
  Cost    [5e-03, 6e-02]
  Bound   [1e+00, 1e+00]
  RHS     [2e-04, 7e+00]
Presolving model
8064 rows, 8843 cols, 22282 nonzeros 0s
6345 rows, 7458 cols, 17805 nonzeros 0s
4482 rows, 5822 cols, 12950 nonzeros 0s
3657 rows, 4813 cols, 10658 nonzeros 0s
3555 rows, 4711 cols, 10454 nonzeros 0s
Presolve reductions: rows 3555(-7198); columns 4711(-4698); nonzeros 10454(-15083) 

Solving MIP model with:
   3555 rows
   4711 cols (563 binary, 0 integer, 0 implied int., 4148 continuous, 0 domain fixed)
   10454 nonzeros

Src: B => Branching; C => Central rounding; F => Feasibility pump; H => Heuristic;
     I => Shifting; J => Feasibility jump; L => Sub-MIP; P => Empty MIP; R => Randomized rounding;
     S => Solve LP; T => Evaluate node; U => Unbounded; X => User solution; Y => HiGHS solution;
     Z => ZI Round; l => Trivial lower; p => Trivial point; u => Trivial upper; z => Trivial zero

        Nodes      |    B&B Tree     |            Objective Bounds              |  Dynamic Constraints |       Work      
Src  Proc. InQueue |  Leaves   Expl. | BestBound       BestSol              Gap |   Cuts   InLp Confl. | LpIters     Time

         0       0         0   0.00%   -7.086680036    inf                  inf        0      0      0         0     0.5s
 T       0       0         0   0.00%   -7.086680036    -2.759865406     156.78%        0      0      0      1420     0.6s
         1       0         1 100.00%   -2.759865406    -2.759865406       0.00%        0      0      0      1420     0.6s

Solving report
  Status            Optimal
  Primal bound      -2.7598654063
  Dual bound        -2.7598654063
  Gap               0% (tolerance: 0.5%)
  P-D integral      0.000165712546979
  Solution status   feasible
                    -2.7598654063 (objective)
                    0 (bound viol.)
                    0 (int. viol.)
                    0 (row viol.)
  Timing            0.58
  Max sub-MIP depth 0
  Nodes             1
  Repair LPs        0
  LP iterations     1420
                    0 (strong br.)
                    0 (separation)
                    0 (heuristics)
MIP has 10753 rows; 9409 cols; 25537 nonzeros; 1344 integer variables (1344 binary)
Coefficient ranges:
  Matrix  [2e-01, 2e+00]
  Cost    [5e-03, 6e-02]
  Bound   [1e+00, 1e+00]
  RHS     [1e-03, 7e+00]
Presolving model
8064 rows, 8853 cols, 22292 nonzeros 0s
6348 rows, 7470 cols, 17812 nonzeros 0s
4483 rows, 5844 cols, 12961 nonzeros 0s
3581 rows, 4784 cols, 10475 nonzeros 0s
3456 rows, 4659 cols, 10225 nonzeros 0s
Presolve reductions: rows 3456(-7297); columns 4659(-4750); nonzeros 10225(-15312) 

Solving MIP model with:
   3456 rows
   4659 cols (548 binary, 0 integer, 0 implied int., 4111 continuous, 0 domain fixed)
   10225 nonzeros

Src: B => Branching; C => Central rounding; F => Feasibility pump; H => Heuristic;
     I => Shifting; J => Feasibility jump; L => Sub-MIP; P => Empty MIP; R => Randomized rounding;
     S => Solve LP; T => Evaluate node; U => Unbounded; X => User solution; Y => HiGHS solution;
     Z => ZI Round; l => Trivial lower; p => Trivial point; u => Trivial upper; z => Trivial zero

        Nodes      |    B&B Tree     |            Objective Bounds              |  Dynamic Constraints |       Work      
Src  Proc. InQueue |  Leaves   Expl. | BestBound       BestSol              Gap |   Cuts   InLp Confl. | LpIters     Time

         0       0         0   0.00%   -7.258822621    inf                  inf        0      0      0         0     0.6s
 T       0       0         0   0.00%   -7.258822621    -2.698025052     169.04%        0      0      0      1389     0.7s
         1       0         1 100.00%   -2.698025052    -2.698025052       0.00%        0      0      0      1389     0.7s

Solving report
  Status            Optimal
  Primal bound      -2.69802505228
  Dual bound        -2.69802505228
  Gap               0% (tolerance: 0.5%)
  P-D integral      0.000180875021407
  Solution status   feasible
                    -2.69802505228 (objective)
                    0 (bound viol.)
                    0 (int. viol.)
                    0 (row viol.)
  Timing            0.65
  Max sub-MIP depth 0
  Nodes             1
  Repair LPs        0
  LP iterations     1389
                    0 (strong br.)
                    0 (separation)
                    0 (heuristics)
MIP has 10753 rows; 9409 cols; 25537 nonzeros; 1344 integer variables (1344 binary)
Coefficient ranges:
  Matrix  [2e-01, 2e+00]
  Cost    [5e-03, 6e-02]
  Bound   [1e+00, 1e+00]
  RHS     [9e-04, 7e+00]
Presolving model
8064 rows, 8868 cols, 22307 nonzeros 0s
6354 rows, 7492 cols, 17848 nonzeros 0s
4500 rows, 5872 cols, 13016 nonzeros 0s
3721 rows, 4928 cols, 10877 nonzeros 0s
3616 rows, 4823 cols, 10667 nonzeros 0s
Presolve reductions: rows 3616(-7137); columns 4823(-4586); nonzeros 10667(-14870) 

Solving MIP model with:
   3616 rows
   4823 cols (573 binary, 0 integer, 0 implied int., 4250 continuous, 0 domain fixed)
   10667 nonzeros

Src: B => Branching; C => Central rounding; F => Feasibility pump; H => Heuristic;
     I => Shifting; J => Feasibility jump; L => Sub-MIP; P => Empty MIP; R => Randomized rounding;
     S => Solve LP; T => Evaluate node; U => Unbounded; X => User solution; Y => HiGHS solution;
     Z => ZI Round; l => Trivial lower; p => Trivial point; u => Trivial upper; z => Trivial zero

        Nodes      |    B&B Tree     |            Objective Bounds              |  Dynamic Constraints |       Work      
Src  Proc. InQueue |  Leaves   Expl. | BestBound       BestSol              Gap |   Cuts   InLp Confl. | LpIters     Time

         0       0         0   0.00%   -7.981768563    inf                  inf        0      0      0         0     0.5s
 T       0       0         0   0.00%   -7.981768563    -3.861866799     106.68%        0      0      0      1455     0.6s
         1       0         1 100.00%   -3.861866799    -3.861866799       0.00%        0      0      0      1455     0.6s

Solving report
  Status            Optimal
  Primal bound      -3.86186679856
  Dual bound        -3.86186679856
  Gap               0% (tolerance: 0.5%)
  P-D integral      0.000120016811742
  Solution status   feasible
                    -3.86186679856 (objective)
                    0 (bound viol.)
                    0 (int. viol.)
                    0 (row viol.)
  Timing            0.56
  Max sub-MIP depth 0
  Nodes             1
  Repair LPs        0
  LP iterations     1455
                    0 (strong br.)
                    0 (separation)
                    0 (heuristics)
MIP has 10753 rows; 9409 cols; 25537 nonzeros; 1344 integer variables (1344 binary)
Coefficient ranges:
  Matrix  [2e-01, 2e+00]
  Cost    [5e-03, 6e-02]
  Bound   [1e+00, 1e+00]
  RHS     [3e-04, 7e+00]
Presolving model
8064 rows, 8887 cols, 22326 nonzeros 0s
6334 rows, 7491 cols, 17828 nonzeros 0s
4484 rows, 5858 cols, 13001 nonzeros 0s
3885 rows, 5009 cols, 11325 nonzeros 0s
Presolve reductions: rows 3885(-6868); columns 5009(-4400); nonzeros 11325(-14212) 

Solving MIP model with:
   3885 rows
   5009 cols (620 binary, 0 integer, 0 implied int., 4389 continuous, 0 domain fixed)
   11325 nonzeros

Src: B => Branching; C => Central rounding; F => Feasibility pump; H => Heuristic;
     I => Shifting; J => Feasibility jump; L => Sub-MIP; P => Empty MIP; R => Randomized rounding;
     S => Solve LP; T => Evaluate node; U => Unbounded; X => User solution; Y => HiGHS solution;
     Z => ZI Round; l => Trivial lower; p => Trivial point; u => Trivial upper; z => Trivial zero

        Nodes      |    B&B Tree     |            Objective Bounds              |  Dynamic Constraints |       Work      
Src  Proc. InQueue |  Leaves   Expl. | BestBound       BestSol              Gap |   Cuts   InLp Confl. | LpIters     Time

         0       0         0   0.00%   -9.555372616    inf                  inf        0      0      0         0     0.5s
 T       0       0         0   0.00%   -9.555372616    -6.564531563      45.56%        0      0      0      1528     0.6s
         1       0         1 100.00%   -6.564531563    -6.564531563       0.00%        0      0      0      1528     0.6s

Solving report
  Status            Optimal
  Primal bound      -6.5645315626
  Dual bound        -6.5645315626
  Gap               0% (tolerance: 0.5%)
  P-D integral      4.34192733232e-05
  Solution status   feasible
                    -6.5645315626 (objective)
                    0 (bound viol.)
                    0 (int. viol.)
                    0 (row viol.)
  Timing            0.57
  Max sub-MIP depth 0
  Nodes             1
  Repair LPs        0
  LP iterations     1528
                    0 (strong br.)
                    0 (separation)
                    0 (heuristics)
MIP has 10753 rows; 9409 cols; 25537 nonzeros; 1344 integer variables (1344 binary)
Coefficient ranges:
  Matrix  [2e-01, 2e+00]
  Cost    [5e-03, 6e-02]
  Bound   [1e+00, 1e+00]
  RHS     [2e-04, 6e+00]
Presolving model
8064 rows, 8894 cols, 22333 nonzeros 0s
6355 rows, 7519 cols, 17896 nonzeros 0s
4500 rows, 5881 cols, 13059 nonzeros 0s
3924 rows, 5061 cols, 11453 nonzeros 0s
Presolve reductions: rows 3924(-6829); columns 5061(-4348); nonzeros 11453(-14084) 

Solving MIP model with:
   3924 rows
   5061 cols (624 binary, 0 integer, 0 implied int., 4437 continuous, 0 domain fixed)
   11453 nonzeros

Src: B => Branching; C => Central rounding; F => Feasibility pump; H => Heuristic;
     I => Shifting; J => Feasibility jump; L => Sub-MIP; P => Empty MIP; R => Randomized rounding;
     S => Solve LP; T => Evaluate node; U => Unbounded; X => User solution; Y => HiGHS solution;
     Z => ZI Round; l => Trivial lower; p => Trivial point; u => Trivial upper; z => Trivial zero

        Nodes      |    B&B Tree     |            Objective Bounds              |  Dynamic Constraints |       Work      
Src  Proc. InQueue |  Leaves   Expl. | BestBound       BestSol              Gap |   Cuts   InLp Confl. | LpIters     Time

         0       0         0   0.00%   -9.95082285     inf                  inf        0      0      0         0     0.5s
 T       0       0         0   0.00%   -9.95082285     -7.180518031      38.58%        0      0      0      1550     0.6s
         1       0         1 100.00%   -7.180518031    -7.180518031       0.00%        0      0      0      1550     0.6s

Solving report
  Status            Optimal
  Primal bound      -7.18051803088
  Dual bound        -7.18051803088
  Gap               0% (tolerance: 0.5%)
  P-D integral      4.2593256001e-05
  Solution status   feasible
                    -7.18051803088 (objective)
                    0 (bound viol.)
                    0 (int. viol.)
                    0 (row viol.)
  Timing            0.59
  Max sub-MIP depth 0
  Nodes             1
  Repair LPs        0
  LP iterations     1550
                    0 (strong br.)
                    0 (separation)
                    0 (heuristics)
MIP has 10753 rows; 9409 cols; 25537 nonzeros; 1344 integer variables (1344 binary)
Coefficient ranges:
  Matrix  [2e-01, 2e+00]
  Cost    [5e-03, 6e-02]
  Bound   [1e+00, 1e+00]
  RHS     [2e-04, 7e+00]
Presolving model
8064 rows, 8876 cols, 22315 nonzeros 0s
6338 rows, 7464 cols, 17816 nonzeros 0s
4503 rows, 5838 cols, 13019 nonzeros 0s
3820 rows, 4951 cols, 11139 nonzeros 0s
3806 rows, 4937 cols, 11111 nonzeros 0s
Presolve reductions: rows 3806(-6947); columns 4937(-4472); nonzeros 11111(-14426) 

Solving MIP model with:
   3806 rows
   4937 cols (608 binary, 0 integer, 0 implied int., 4329 continuous, 0 domain fixed)
   11111 nonzeros

Src: B => Branching; C => Central rounding; F => Feasibility pump; H => Heuristic;
     I => Shifting; J => Feasibility jump; L => Sub-MIP; P => Empty MIP; R => Randomized rounding;
     S => Solve LP; T => Evaluate node; U => Unbounded; X => User solution; Y => HiGHS solution;
     Z => ZI Round; l => Trivial lower; p => Trivial point; u => Trivial upper; z => Trivial zero

        Nodes      |    B&B Tree     |            Objective Bounds              |  Dynamic Constraints |       Work      
Src  Proc. InQueue |  Leaves   Expl. | BestBound       BestSol              Gap |   Cuts   InLp Confl. | LpIters     Time

         0       0         0   0.00%   -9.746887206    inf                  inf        0      0      0         0     0.5s
 T       0       0         0   0.00%   -9.746887206    -6.837968466      42.54%        0      0      0      1449     0.6s
         1       0         1 100.00%   -6.837968466    -6.837968466       0.00%        0      0      0      1449     0.6s

Solving report
  Status            Optimal
  Primal bound      -6.83796846588
  Dual bound        -6.83796846588
  Gap               0% (tolerance: 0.5%)
  P-D integral      4.40296116898e-05
  Solution status   feasible
                    -6.83796846588 (objective)
                    0 (bound viol.)
                    0 (int. viol.)
                    0 (row viol.)
  Timing            0.61
  Max sub-MIP depth 0
  Nodes             1
  Repair LPs        0
  LP iterations     1449
                    0 (strong br.)
                    0 (separation)
                    0 (heuristics)
MIP has 10753 rows; 9409 cols; 25537 nonzeros; 1344 integer variables (1344 binary)
Coefficient ranges:
  Matrix  [2e-01, 2e+00]
  Cost    [5e-03, 6e-02]
  Bound   [1e+00, 1e+00]
  RHS     [4e-04, 7e+00]
Presolving model
8064 rows, 8886 cols, 22325 nonzeros 0s
6315 rows, 7438 cols, 17742 nonzeros 0s
4483 rows, 5811 cols, 12951 nonzeros 0s
3831 rows, 4969 cols, 11161 nonzeros 0s
Presolve reductions: rows 3831(-6922); columns 4969(-4440); nonzeros 11161(-14376) 

Solving MIP model with:
   3831 rows
   4969 cols (622 binary, 0 integer, 0 implied int., 4347 continuous, 0 domain fixed)
   11161 nonzeros

Src: B => Branching; C => Central rounding; F => Feasibility pump; H => Heuristic;
     I => Shifting; J => Feasibility jump; L => Sub-MIP; P => Empty MIP; R => Randomized rounding;
     S => Solve LP; T => Evaluate node; U => Unbounded; X => User solution; Y => HiGHS solution;
     Z => ZI Round; l => Trivial lower; p => Trivial point; u => Trivial upper; z => Trivial zero

        Nodes      |    B&B Tree     |            Objective Bounds              |  Dynamic Constraints |       Work      
Src  Proc. InQueue |  Leaves   Expl. | BestBound       BestSol              Gap |   Cuts   InLp Confl. | LpIters     Time

         0       0         0   0.00%   -10.309046      inf                  inf        0      0      0         0     0.5s
 T       0       0         0   0.00%   -10.309046      -7.275714856      41.69%        0      0      0      1467     0.6s
         1       0         1 100.00%   -7.275714856    -7.275714856       0.00%        0      0      0      1467     0.6s

Solving report
  Status            Optimal
  Primal bound      -7.27571485648
  Dual bound        -7.27571485648
  Gap               0% (tolerance: 0.5%)
  P-D integral      4.5526765853e-05
  Solution status   feasible
                    -7.27571485648 (objective)
                    0 (bound viol.)
                    0 (int. viol.)
                    0 (row viol.)
  Timing            0.56
  Max sub-MIP depth 0
  Nodes             1
  Repair LPs        0
  LP iterations     1467
                    0 (strong br.)
                    0 (separation)
                    0 (heuristics)
MIP has 10753 rows; 9409 cols; 25537 nonzeros; 1344 integer variables (1344 binary)
Coefficient ranges:
  Matrix  [2e-01, 2e+00]
  Cost    [5e-03, 6e-02]
  Bound   [1e+00, 1e+00]
  RHS     [7e-04, 7e+00]
Presolving model
8064 rows, 8846 cols, 22285 nonzeros 0s
6366 rows, 7421 cols, 17827 nonzeros 0s
4577 rows, 5832 cols, 13151 nonzeros 0s
3712 rows, 4851 cols, 10791 nonzeros 0s
3614 rows, 4753 cols, 10595 nonzeros 0s
Presolve reductions: rows 3614(-7139); columns 4753(-4656); nonzeros 10595(-14942) 

Solving MIP model with:
   3614 rows
   4753 cols (579 binary, 0 integer, 0 implied int., 4174 continuous, 0 domain fixed)
   10595 nonzeros

Src: B => Branching; C => Central rounding; F => Feasibility pump; H => Heuristic;
     I => Shifting; J => Feasibility jump; L => Sub-MIP; P => Empty MIP; R => Randomized rounding;
     S => Solve LP; T => Evaluate node; U => Unbounded; X => User solution; Y => HiGHS solution;
     Z => ZI Round; l => Trivial lower; p => Trivial point; u => Trivial upper; z => Trivial zero

        Nodes      |    B&B Tree     |            Objective Bounds              |  Dynamic Constraints |       Work      
Src  Proc. InQueue |  Leaves   Expl. | BestBound       BestSol              Gap |   Cuts   InLp Confl. | LpIters     Time

         0       0         0   0.00%   -8.679001995    inf                  inf        0      0      0         0     0.6s
 T       0       0         0   0.00%   -8.679001995    -5.525203534      57.08%        0      0      0      1422     0.7s
         1       0         1 100.00%   -5.525203534    -5.525203534       0.00%        0      0      0      1422     0.7s

Solving report
  Status            Optimal
  Primal bound      -5.52520353398
  Dual bound        -5.52520353398
  Gap               0% (tolerance: 0.5%)
  P-D integral      6.78683861441e-05
  Solution status   feasible
                    -5.52520353398 (objective)
                    0 (bound viol.)
                    0 (int. viol.)
                    0 (row viol.)
  Timing            0.68
  Max sub-MIP depth 0
  Nodes             1
  Repair LPs        0
  LP iterations     1422
                    0 (strong br.)
                    0 (separation)
                    0 (heuristics)
MIP has 10754 rows; 9409 cols; 25538 nonzeros; 1344 integer variables (1344 binary)
Coefficient ranges:
  Matrix  [2e-01, 2e+00]
  Cost    [5e-03, 6e-02]
  Bound   [1e+00, 1e+00]
  RHS     [3e-04, 6e+00]
Presolving model
8064 rows, 8887 cols, 22326 nonzeros 0s
6418 rows, 7507 cols, 18014 nonzeros 0s
4650 rows, 5946 cols, 13397 nonzeros 0s
3923 rows, 5065 cols, 11439 nonzeros 0s
3916 rows, 5058 cols, 11425 nonzeros 0s
Presolve reductions: rows 3916(-6838); columns 5058(-4351); nonzeros 11425(-14113) 

Solving MIP model with:
   3916 rows
   5058 cols (619 binary, 0 integer, 0 implied int., 4439 continuous, 0 domain fixed)
   11425 nonzeros

Src: B => Branching; C => Central rounding; F => Feasibility pump; H => Heuristic;
     I => Shifting; J => Feasibility jump; L => Sub-MIP; P => Empty MIP; R => Randomized rounding;
     S => Solve LP; T => Evaluate node; U => Unbounded; X => User solution; Y => HiGHS solution;
     Z => ZI Round; l => Trivial lower; p => Trivial point; u => Trivial upper; z => Trivial zero

        Nodes      |    B&B Tree     |            Objective Bounds              |  Dynamic Constraints |       Work      
Src  Proc. InQueue |  Leaves   Expl. | BestBound       BestSol              Gap |   Cuts   InLp Confl. | LpIters     Time

         0       0         0   0.00%   -7.285946762    inf                  inf        0      0      0         0     0.6s
 T       0       0         0   0.00%   -7.285946762    -3.717892909      95.97%        0      0      0      1501     0.7s
         1       0         1 100.00%   -3.717892909    -3.717892909       0.00%        0      0      0      1501     0.7s

Solving report
  Status            Optimal
  Primal bound      -3.71789290894
  Dual bound        -3.71789290894
  Gap               0% (tolerance: 0.5%)
  P-D integral      0.000116507327029
  Solution status   feasible
                    -3.71789290894 (objective)
                    0 (bound viol.)
                    0 (int. viol.)
                    0 (row viol.)
  Timing            0.66
  Max sub-MIP depth 0
  Nodes             1
  Repair LPs        0
  LP iterations     1501
                    0 (strong br.)
                    0 (separation)
                    0 (heuristics)
