MIP has 10753 rows; 9409 cols; 25537 nonzeros; 1344 integer variables (1344 binary)
Coefficient ranges:
  Matrix  [2e-01, 2e+00]
  Cost    [1e-02, 6e-02]
  Bound   [1e+00, 1e+00]
  RHS     [2e-04, 5e+00]
Presolving model
8064 rows, 8598 cols, 22037 nonzeros 0s
6432 rows, 7299 cols, 17770 nonzeros 0s
4676 rows, 5816 cols, 13195 nonzeros 0s
2784 rows, 4070 cols, 8221 nonzeros 0s
1464 rows, 2952 cols, 4975 nonzeros 0s
1271 rows, 2759 cols, 4589 nonzeros 0s
Presolve reductions: rows 1271(-9482); columns 2759(-6650); nonzeros 4589(-20948) 

Solving MIP model with:
   1271 rows
   2759 cols (140 binary, 0 integer, 0 implied int., 2619 continuous, 0 domain fixed)
   4589 nonzeros

Src: B => Branching; C => Central rounding; F => Feasibility pump; H => Heuristic;
     I => Shifting; J => Feasibility jump; L => Sub-MIP; P => Empty MIP; R => Randomized rounding;
     S => Solve LP; T => Evaluate node; U => Unbounded; X => User solution; Y => HiGHS solution;
     Z => ZI Round; l => Trivial lower; p => Trivial point; u => Trivial upper; z => Trivial zero

        Nodes      |    B&B Tree     |            Objective Bounds              |  Dynamic Constraints |       Work      
Src  Proc. InQueue |  Leaves   Expl. | BestBound       BestSol              Gap |   Cuts   InLp Confl. | LpIters     Time

 J       0       0         0   0.00%   -inf            22.26113604        Large        0      0      0         0     0.4s
 T       0       0         0   0.00%   -0.3460830169   21.1482624       101.64%        0      0      0       764     0.4s
         1       0         1 100.00%   21.1482624      21.1482624         0.00%        0      0      0       764     0.4s

Solving report
  Status            Optimal
  Primal bound      21.1482624007
  Dual bound        21.1482624007
  Gap               0% (tolerance: 0.5%)
  P-D integral      0.0210191318535
  Solution status   feasible
                    21.1482624007 (objective)
                    0 (bound viol.)
                    0 (int. viol.)
                    0 (row viol.)
  Timing            0.43
  Max sub-MIP depth 0
  Nodes             1
  Repair LPs        0
  LP iterations     764
                    0 (strong br.)
                    0 (separation)
                    0 (heuristics)
MIP has 10753 rows; 9409 cols; 25537 nonzeros; 1344 integer variables (1344 binary)
Coefficient ranges:
  Matrix  [2e-01, 2e+00]
  Cost    [1e-02, 6e-02]
  Bound   [1e+00, 1e+00]
  RHS     [3e-04, 5e+00]
Presolving model
8064 rows, 8601 cols, 22040 nonzeros 0s
6438 rows, 7309 cols, 17786 nonzeros 0s
4679 rows, 5824 cols, 13206 nonzeros 0s
2791 rows, 4095 cols, 8253 nonzeros 0s
2605 rows, 3211 cols, 5788 nonzeros 0s
1302 rows, 2788 cols, 4525 nonzeros 0s
1060 rows, 2478 cols, 3973 nonzeros 0s
Presolve reductions: rows 1060(-9693); columns 2478(-6931); nonzeros 3973(-21564) 

Solving MIP model with:
   1060 rows
   2478 cols (109 binary, 0 integer, 0 implied int., 2369 continuous, 0 domain fixed)
   3973 nonzeros

Src: B => Branching; C => Central rounding; F => Feasibility pump; H => Heuristic;
     I => Shifting; J => Feasibility jump; L => Sub-MIP; P => Empty MIP; R => Randomized rounding;
     S => Solve LP; T => Evaluate node; U => Unbounded; X => User solution; Y => HiGHS solution;
     Z => ZI Round; l => Trivial lower; p => Trivial point; u => Trivial upper; z => Trivial zero

        Nodes      |    B&B Tree     |            Objective Bounds              |  Dynamic Constraints |       Work      
Src  Proc. InQueue |  Leaves   Expl. | BestBound       BestSol              Gap |   Cuts   InLp Confl. | LpIters     Time

 J       0       0         0   0.00%   -inf            24.42313332        Large        0      0      0         0     0.5s
 T       0       0         0   0.00%   1.105200748     23.76512575       95.35%        0      0      0       445     0.5s
         1       0         1 100.00%   23.76512575     23.76512575        0.00%        0      0      0       445     0.5s

Solving report
  Status            Optimal
  Primal bound      23.7651257543
  Dual bound        23.7651257543
  Gap               0% (tolerance: 0.5%)
  P-D integral      0.0141384040916
  Solution status   feasible
                    23.7651257543 (objective)
                    0 (bound viol.)
                    0 (int. viol.)
                    0 (row viol.)
  Timing            0.48
  Max sub-MIP depth 0
  Nodes             1
  Repair LPs        0
  LP iterations     445
                    0 (strong br.)
                    0 (separation)
                    0 (heuristics)
MIP has 10753 rows; 9409 cols; 25537 nonzeros; 1344 integer variables (1344 binary)
Coefficient ranges:
  Matrix  [2e-01, 2e+00]
  Cost    [1e-02, 6e-02]
  Bound   [1e+00, 1e+00]
  RHS     [3e-04, 5e+00]
Presolving model
8064 rows, 8609 cols, 22048 nonzeros 0s
6427 rows, 7305 cols, 17767 nonzeros 0s
4639 rows, 5787 cols, 13110 nonzeros 0s
2714 rows, 4001 cols, 8054 nonzeros 0s
2478 rows, 3138 cols, 5767 nonzeros 0s
1376 rows, 2715 cols, 4632 nonzeros 0s
1135 rows, 2303 cols, 3980 nonzeros 0s
1130 rows, 2290 cols, 3962 nonzeros 0s
Presolve reductions: rows 1130(-9623); columns 2290(-7119); nonzeros 3962(-21575) 

Solving MIP model with:
   1130 rows
   2290 cols (136 binary, 0 integer, 0 implied int., 2154 continuous, 0 domain fixed)
   3962 nonzeros

Src: B => Branching; C => Central rounding; F => Feasibility pump; H => Heuristic;
     I => Shifting; J => Feasibility jump; L => Sub-MIP; P => Empty MIP; R => Randomized rounding;
     S => Solve LP; T => Evaluate node; U => Unbounded; X => User solution; Y => HiGHS solution;
     Z => ZI Round; l => Trivial lower; p => Trivial point; u => Trivial upper; z => Trivial zero

        Nodes      |    B&B Tree     |            Objective Bounds              |  Dynamic Constraints |       Work      
Src  Proc. InQueue |  Leaves   Expl. | BestBound       BestSol              Gap |   Cuts   InLp Confl. | LpIters     Time

 J       0       0         0   0.00%   -inf            23.92311375        Large        0      0      0         0     0.5s
 T       0       0         0   0.00%   5.457239217     23.02612978       76.30%        0      0      0       480     0.5s
         1       0         1 100.00%   23.02612978     23.02612978        0.00%        0      0      0       480     0.5s

Solving report
  Status            Optimal
  Primal bound      23.0261297839
  Dual bound        23.0261297839
  Gap               0% (tolerance: 0.5%)
  P-D integral      0.0105738213733
  Solution status   feasible
                    23.0261297839 (objective)
                    0 (bound viol.)
                    0 (int. viol.)
                    0 (row viol.)
  Timing            0.54
  Max sub-MIP depth 0
  Nodes             1
  Repair LPs        0
  LP iterations     480
                    0 (strong br.)
                    0 (separation)
                    0 (heuristics)
MIP has 10753 rows; 9409 cols; 25537 nonzeros; 1344 integer variables (1344 binary)
Coefficient ranges:
  Matrix  [2e-01, 2e+00]
  Cost    [1e-02, 6e-02]
  Bound   [1e+00, 1e+00]
  RHS     [3e-04, 5e+00]
Presolving model
8064 rows, 8617 cols, 22056 nonzeros 0s
6427 rows, 7314 cols, 17776 nonzeros 0s
4630 rows, 5788 cols, 13102 nonzeros 0s
2717 rows, 3999 cols, 8059 nonzeros 0s
1585 rows, 2963 cols, 5241 nonzeros 0s
1371 rows, 2583 cols, 4647 nonzeros 0s
Presolve reductions: rows 1371(-9382); columns 2583(-6826); nonzeros 4647(-20890) 

Solving MIP model with:
   1371 rows
   2583 cols (174 binary, 0 integer, 0 implied int., 2409 continuous, 0 domain fixed)
   4647 nonzeros

Src: B => Branching; C => Central rounding; F => Feasibility pump; H => Heuristic;
     I => Shifting; J => Feasibility jump; L => Sub-MIP; P => Empty MIP; R => Randomized rounding;
     S => Solve LP; T => Evaluate node; U => Unbounded; X => User solution; Y => HiGHS solution;
     Z => ZI Round; l => Trivial lower; p => Trivial point; u => Trivial upper; z => Trivial zero

        Nodes      |    B&B Tree     |            Objective Bounds              |  Dynamic Constraints |       Work      
Src  Proc. InQueue |  Leaves   Expl. | BestBound       BestSol              Gap |   Cuts   InLp Confl. | LpIters     Time

 J       0       0         0   0.00%   -inf            21.79190138        Large        0      0      0         0     0.5s
 T       0       0         0   0.00%   3.220751314     20.3173424        84.15%        0      0      0       652     0.5s
         1       0         1 100.00%   20.3173424      20.3173424         0.00%        0      0      0       652     0.5s

Solving report
  Status            Optimal
  Primal bound      20.3173424017
  Dual bound        20.3173424017
  Gap               0% (tolerance: 0.5%)
  P-D integral      0.0141256124295
  Solution status   feasible
                    20.3173424017 (objective)
                    0 (bound viol.)
                    0 (int. viol.)
                    0 (row viol.)
  Timing            0.54
  Max sub-MIP depth 0
  Nodes             1
  Repair LPs        0
  LP iterations     652
                    0 (strong br.)
                    0 (separation)
                    0 (heuristics)
MIP has 10753 rows; 9409 cols; 25537 nonzeros; 1344 integer variables (1344 binary)
Coefficient ranges:
  Matrix  [2e-01, 2e+00]
  Cost    [1e-02, 6e-02]
  Bound   [1e+00, 1e+00]
  RHS     [5e-04, 5e+00]
Presolving model
8064 rows, 8611 cols, 22050 nonzeros 0s
6410 rows, 7291 cols, 17736 nonzeros 0s
4624 rows, 5768 cols, 13071 nonzeros 0s
2691 rows, 3981 cols, 8015 nonzeros 0s
1649 rows, 3015 cols, 5434 nonzeros 0s
1443 rows, 2571 cols, 4784 nonzeros 0s
Presolve reductions: rows 1443(-9310); columns 2571(-6838); nonzeros 4784(-20753) 

Solving MIP model with:
   1443 rows
   2571 cols (193 binary, 0 integer, 0 implied int., 2378 continuous, 0 domain fixed)
   4784 nonzeros

Src: B => Branching; C => Central rounding; F => Feasibility pump; H => Heuristic;
     I => Shifting; J => Feasibility jump; L => Sub-MIP; P => Empty MIP; R => Randomized rounding;
     S => Solve LP; T => Evaluate node; U => Unbounded; X => User solution; Y => HiGHS solution;
     Z => ZI Round; l => Trivial lower; p => Trivial point; u => Trivial upper; z => Trivial zero

        Nodes      |    B&B Tree     |            Objective Bounds              |  Dynamic Constraints |       Work      
Src  Proc. InQueue |  Leaves   Expl. | BestBound       BestSol              Gap |   Cuts   InLp Confl. | LpIters     Time

 J       0       0         0   0.00%   -inf            20.76991964        Large        0      0      0         0     0.5s
 T       0       0         0   0.00%   4.323400475     18.94985602       77.19%        0      0      0       636     0.5s
         1       0         1 100.00%   18.94985602     18.94985602        0.00%        0      0      0       636     0.5s

Solving report
  Status            Optimal
  Primal bound      18.9498560235
  Dual bound        18.9498560235
  Gap               0% (tolerance: 0.5%)
  P-D integral      0.013305779022
  Solution status   feasible
                    18.9498560235 (objective)
                    0 (bound viol.)
                    0 (int. viol.)
                    0 (row viol.)
  Timing            0.52
  Max sub-MIP depth 0
  Nodes             1
  Repair LPs        0
  LP iterations     636
                    0 (strong br.)
                    0 (separation)
                    0 (heuristics)
MIP has 10753 rows; 9409 cols; 25537 nonzeros; 1344 integer variables (1344 binary)
Coefficient ranges:
  Matrix  [2e-01, 2e+00]
  Cost    [1e-02, 6e-02]
  Bound   [1e+00, 1e+00]
  RHS     [1e-04, 5e+00]
Presolving model
8064 rows, 8635 cols, 22074 nonzeros 0s
6413 rows, 7318 cols, 17766 nonzeros 0s
4597 rows, 5764 cols, 13040 nonzeros 0s
2677 rows, 3958 cols, 7978 nonzeros 0s
1829 rows, 3160 cols, 5906 nonzeros 0s
1719 rows, 2996 cols, 5632 nonzeros 0s
Presolve reductions: rows 1719(-9034); columns 2996(-6413); nonzeros 5632(-19905) 

Solving MIP model with:
   1719 rows
   2996 cols (230 binary, 0 integer, 0 implied int., 2766 continuous, 0 domain fixed)
   5632 nonzeros

Src: B => Branching; C => Central rounding; F => Feasibility pump; H => Heuristic;
     I => Shifting; J => Feasibility jump; L => Sub-MIP; P => Empty MIP; R => Randomized rounding;
     S => Solve LP; T => Evaluate node; U => Unbounded; X => User solution; Y => HiGHS solution;
     Z => ZI Round; l => Trivial lower; p => Trivial point; u => Trivial upper; z => Trivial zero

        Nodes      |    B&B Tree     |            Objective Bounds              |  Dynamic Constraints |       Work      
Src  Proc. InQueue |  Leaves   Expl. | BestBound       BestSol              Gap |   Cuts   InLp Confl. | LpIters     Time

 J       0       0         0   0.00%   -inf            19.72171086        Large        0      0      0         0     0.5s
 T       0       0         0   0.00%   1.249160939     16.98669298       92.65%        0      0      0       828     0.5s
         1       0         1 100.00%   16.98669298     16.98669298        0.00%        0      0      0       828     0.5s

Solving report
  Status            Optimal
  Primal bound      16.9866929769
  Dual bound        16.9866929769
  Gap               0% (tolerance: 0.5%)
  P-D integral      0.0187968340097
  Solution status   feasible
                    16.9866929769 (objective)
                    0 (bound viol.)
                    0 (int. viol.)
                    0 (row viol.)
  Timing            0.48
  Max sub-MIP depth 0
  Nodes             1
  Repair LPs        0
  LP iterations     828
                    0 (strong br.)
                    0 (separation)
                    0 (heuristics)
MIP has 10753 rows; 9409 cols; 25537 nonzeros; 1344 integer variables (1344 binary)
Coefficient ranges:
  Matrix  [2e-01, 2e+00]
  Cost    [1e-02, 6e-02]
  Bound   [1e+00, 1e+00]
  RHS     [1e-04, 5e+00]
Presolving model
8064 rows, 8674 cols, 22113 nonzeros 0s
6426 rows, 7370 cols, 17831 nonzeros 0s
4636 rows, 5844 cols, 13159 nonzeros 0s
2715 rows, 4065 cols, 8123 nonzeros 0s
1922 rows, 3345 cols, 6213 nonzeros 0s
1827 rows, 3250 cols, 6023 nonzeros 0s
Presolve reductions: rows 1827(-8926); columns 3250(-6159); nonzeros 6023(-19514) 

Solving MIP model with:
   1827 rows
   3250 cols (237 binary, 0 integer, 0 implied int., 3013 continuous, 0 domain fixed)
   6023 nonzeros

Src: B => Branching; C => Central rounding; F => Feasibility pump; H => Heuristic;
     I => Shifting; J => Feasibility jump; L => Sub-MIP; P => Empty MIP; R => Randomized rounding;
     S => Solve LP; T => Evaluate node; U => Unbounded; X => User solution; Y => HiGHS solution;
     Z => ZI Round; l => Trivial lower; p => Trivial point; u => Trivial upper; z => Trivial zero

        Nodes      |    B&B Tree     |            Objective Bounds              |  Dynamic Constraints |       Work      
Src  Proc. InQueue |  Leaves   Expl. | BestBound       BestSol              Gap |   Cuts   InLp Confl. | LpIters     Time

 J       0       0         0   0.00%   -inf            21.50581846        Large        0      0      0         0     0.4s
 T       0       0         0   0.00%   -0.8475532481   18.3178773       104.63%        0      0      0       909     0.5s
         1       0         1 100.00%   18.3178773      18.3178773         0.00%        0      0      0       909     0.5s

Solving report
  Status            Optimal
  Primal bound      18.3178772979
  Dual bound        18.3178772979
  Gap               0% (tolerance: 0.5%)
  P-D integral      0.0239219571564
  Solution status   feasible
                    18.3178772979 (objective)
                    0 (bound viol.)
                    0 (int. viol.)
                    0 (row viol.)
  Timing            0.48
  Max sub-MIP depth 0
  Nodes             1
  Repair LPs        0
  LP iterations     909
                    0 (strong br.)
                    0 (separation)
                    0 (heuristics)
MIP has 10753 rows; 9409 cols; 25537 nonzeros; 1344 integer variables (1344 binary)
Coefficient ranges:
  Matrix  [2e-01, 2e+00]
  Cost    [1e-02, 6e-02]
  Bound   [1e+00, 1e+00]
  RHS     [3e-04, 5e+00]
Presolving model
8064 rows, 8692 cols, 22131 nonzeros 0s
6417 rows, 7379 cols, 17831 nonzeros 0s
4637 rows, 5858 cols, 13174 nonzeros 0s
2719 rows, 4072 cols, 8134 nonzeros 0s
1980 rows, 3402 cols, 6369 nonzeros 0s
1896 rows, 3318 cols, 6201 nonzeros 0s
Presolve reductions: rows 1896(-8857); columns 3318(-6091); nonzeros 6201(-19336) 

Solving MIP model with:
   1896 rows
   3318 cols (247 binary, 0 integer, 0 implied int., 3071 continuous, 0 domain fixed)
   6201 nonzeros

Src: B => Branching; C => Central rounding; F => Feasibility pump; H => Heuristic;
     I => Shifting; J => Feasibility jump; L => Sub-MIP; P => Empty MIP; R => Randomized rounding;
     S => Solve LP; T => Evaluate node; U => Unbounded; X => User solution; Y => HiGHS solution;
     Z => ZI Round; l => Trivial lower; p => Trivial point; u => Trivial upper; z => Trivial zero

        Nodes      |    B&B Tree     |            Objective Bounds              |  Dynamic Constraints |       Work      
Src  Proc. InQueue |  Leaves   Expl. | BestBound       BestSol              Gap |   Cuts   InLp Confl. | LpIters     Time

 J       0       0         0   0.00%   -inf            19.64000384        Large        0      0      0         0     0.5s
 T       0       0         0   0.00%   -0.8218557029   16.4132474       105.01%        0      0      0       924     0.5s
         1       0         1 100.00%   16.4132474      16.4132474         0.00%        0      0      0       924     0.5s

Solving report
  Status            Optimal
  Primal bound      16.413247397
  Dual bound        16.413247397
  Gap               0% (tolerance: 0.5%)
  P-D integral      0.0294351302885
  Solution status   feasible
                    16.413247397 (objective)
                    0 (bound viol.)
                    0 (int. viol.)
                    0 (row viol.)
  Timing            0.53
  Max sub-MIP depth 0
  Nodes             1
  Repair LPs        0
  LP iterations     924
                    0 (strong br.)
                    0 (separation)
                    0 (heuristics)
MIP has 10753 rows; 9409 cols; 25537 nonzeros; 1344 integer variables (1344 binary)
Coefficient ranges:
  Matrix  [2e-01, 2e+00]
  Cost    [1e-02, 6e-02]
  Bound   [1e+00, 1e+00]
  RHS     [3e-04, 5e+00]
Presolving model
8064 rows, 8707 cols, 22146 nonzeros 0s
6410 rows, 7387 cols, 17832 nonzeros 0s
4626 rows, 5856 cols, 13169 nonzeros 0s
2683 rows, 4025 cols, 8055 nonzeros 0s
2160 rows, 3541 cols, 6866 nonzeros 0s
2143 rows, 3524 cols, 6832 nonzeros 0s
Presolve reductions: rows 2143(-8610); columns 3524(-5885); nonzeros 6832(-18705) 

Solving MIP model with:
   2143 rows
   3524 cols (292 binary, 0 integer, 0 implied int., 3232 continuous, 0 domain fixed)
   6832 nonzeros

Src: B => Branching; C => Central rounding; F => Feasibility pump; H => Heuristic;
     I => Shifting; J => Feasibility jump; L => Sub-MIP; P => Empty MIP; R => Randomized rounding;
     S => Solve LP; T => Evaluate node; U => Unbounded; X => User solution; Y => HiGHS solution;
     Z => ZI Round; l => Trivial lower; p => Trivial point; u => Trivial upper; z => Trivial zero

        Nodes      |    B&B Tree     |            Objective Bounds              |  Dynamic Constraints |       Work      
Src  Proc. InQueue |  Leaves   Expl. | BestBound       BestSol              Gap |   Cuts   InLp Confl. | LpIters     Time

 J       0       0         0   0.00%   -inf            15.54492659        Large        0      0      0         0     0.5s
 T       0       0         0   0.00%   -1.272753433    11.43001084      111.14%        0      0      0       996     0.5s
         1       0         1 100.00%   11.43001084     11.43001084        0.00%        0      0      0       996     0.5s

Solving report
  Status            Optimal
  Primal bound      11.4300108429
  Dual bound        11.4300108429
  Gap               0% (tolerance: 0.5%)
  P-D integral      0.027683188643
  Solution status   feasible
                    11.4300108429 (objective)
                    0 (bound viol.)
                    0 (int. viol.)
                    0 (row viol.)
  Timing            0.54
  Max sub-MIP depth 0
  Nodes             1
  Repair LPs        0
  LP iterations     996
                    0 (strong br.)
                    0 (separation)
                    0 (heuristics)
MIP has 10753 rows; 9409 cols; 25537 nonzeros; 1344 integer variables (1344 binary)
Coefficient ranges:
  Matrix  [2e-01, 2e+00]
  Cost    [1e-02, 6e-02]
  Bound   [1e+00, 1e+00]
  RHS     [3e-04, 5e+00]
Presolving model
8064 rows, 8724 cols, 22163 nonzeros 0s
6419 rows, 7413 cols, 17871 nonzeros 0s
4638 rows, 5893 cols, 13234 nonzeros 0s
2701 rows, 4072 cols, 8140 nonzeros 0s
2416 rows, 3787 cols, 7566 nonzeros 0s
Presolve reductions: rows 2416(-8337); columns 3787(-5622); nonzeros 7566(-17971) 

Solving MIP model with:
   2416 rows
   3787 cols (341 binary, 0 integer, 0 implied int., 3446 continuous, 0 domain fixed)
   7566 nonzeros

Src: B => Branching; C => Central rounding; F => Feasibility pump; H => Heuristic;
     I => Shifting; J => Feasibility jump; L => Sub-MIP; P => Empty MIP; R => Randomized rounding;
     S => Solve LP; T => Evaluate node; U => Unbounded; X => User solution; Y => HiGHS solution;
     Z => ZI Round; l => Trivial lower; p => Trivial point; u => Trivial upper; z => Trivial zero

        Nodes      |    B&B Tree     |            Objective Bounds              |  Dynamic Constraints |       Work      
Src  Proc. InQueue |  Leaves   Expl. | BestBound       BestSol              Gap |   Cuts   InLp Confl. | LpIters     Time

 J       0       0         0   0.00%   -inf            13.94098295        Large        0      0      0         0     0.4s
         0       0         0   0.00%   7.322327779     13.94098295       47.48%        0      0      2      1107     0.5s
 C       0       0         0   0.00%   7.342786093     7.342786093        0.00%        0      0      2      1112     0.5s
         1       0         1 100.00%   7.342786093     7.342786093        0.00%        0      0      2      1112     0.5s

Solving report
  Status            Optimal
  Primal bound      7.34278609339
  Dual bound        7.34278609339
  Gap               0% (tolerance: 0.5%)
  P-D integral      0.0633787801877
  Solution status   feasible
                    7.34278609339 (objective)
                    0 (bound viol.)
                    0 (int. viol.)
                    0 (row viol.)
  Timing            0.54
  Max sub-MIP depth 0
  Nodes             1
  Repair LPs        0
  LP iterations     1112
                    0 (strong br.)
                    5 (separation)
                    0 (heuristics)
MIP has 10753 rows; 9409 cols; 25537 nonzeros; 1344 integer variables (1344 binary)
Coefficient ranges:
  Matrix  [2e-01, 2e+00]
  Cost    [1e-02, 6e-02]
  Bound   [1e+00, 1e+00]
  RHS     [3e-04, 5e+00]
Presolving model
8064 rows, 8744 cols, 22183 nonzeros 0s
6423 rows, 7436 cols, 17898 nonzeros 0s
4653 rows, 5929 cols, 13285 nonzeros 0s
2725 rows, 4119 cols, 8211 nonzeros 0s
2349 rows, 3758 cols, 7410 nonzeros 0s
Presolve reductions: rows 2349(-8404); columns 3758(-5651); nonzeros 7410(-18127) 

Solving MIP model with:
   2349 rows
   3758 cols (326 binary, 0 integer, 0 implied int., 3432 continuous, 0 domain fixed)
   7410 nonzeros

Src: B => Branching; C => Central rounding; F => Feasibility pump; H => Heuristic;
     I => Shifting; J => Feasibility jump; L => Sub-MIP; P => Empty MIP; R => Randomized rounding;
     S => Solve LP; T => Evaluate node; U => Unbounded; X => User solution; Y => HiGHS solution;
     Z => ZI Round; l => Trivial lower; p => Trivial point; u => Trivial upper; z => Trivial zero

        Nodes      |    B&B Tree     |            Objective Bounds              |  Dynamic Constraints |       Work      
Src  Proc. InQueue |  Leaves   Expl. | BestBound       BestSol              Gap |   Cuts   InLp Confl. | LpIters     Time

 J       0       0         0   0.00%   -inf            16.37496088        Large        0      0      0         0     0.4s
 T       0       0         0   0.00%   -2.882424981    8.130635553      135.45%        0      0      0      1123     0.5s
         1       0         1 100.00%   8.130635553     8.130635553        0.00%        0      0      0      1123     0.5s

Solving report
  Status            Optimal
  Primal bound      8.13063555348
  Dual bound        8.13063555348
  Gap               0% (tolerance: 0.5%)
  P-D integral      0.0340891697952
  Solution status   feasible
                    8.13063555348 (objective)
                    0 (bound viol.)
                    0 (int. viol.)
                    0 (row viol.)
  Timing            0.48
  Max sub-MIP depth 0
  Nodes             1
  Repair LPs        0
  LP iterations     1123
                    0 (strong br.)
                    0 (separation)
                    0 (heuristics)
MIP has 10753 rows; 9409 cols; 25537 nonzeros; 1344 integer variables (1344 binary)
Coefficient ranges:
  Matrix  [2e-01, 2e+00]
  Cost    [1e-02, 6e-02]
  Bound   [1e+00, 1e+00]
  RHS     [3e-04, 5e+00]
Presolving model
8064 rows, 8764 cols, 22203 nonzeros 0s
6427 rows, 7460 cols, 17922 nonzeros 0s
4667 rows, 5962 cols, 13328 nonzeros 0s
2734 rows, 4131 cols, 8232 nonzeros 0s
2386 rows, 3796 cols, 7497 nonzeros 0s
Presolve reductions: rows 2386(-8367); columns 3796(-5613); nonzeros 7497(-18040) 

Solving MIP model with:
   2386 rows
   3796 cols (329 binary, 0 integer, 0 implied int., 3467 continuous, 0 domain fixed)
   7497 nonzeros

Src: B => Branching; C => Central rounding; F => Feasibility pump; H => Heuristic;
     I => Shifting; J => Feasibility jump; L => Sub-MIP; P => Empty MIP; R => Randomized rounding;
     S => Solve LP; T => Evaluate node; U => Unbounded; X => User solution; Y => HiGHS solution;
     Z => ZI Round; l => Trivial lower; p => Trivial point; u => Trivial upper; z => Trivial zero

        Nodes      |    B&B Tree     |            Objective Bounds              |  Dynamic Constraints |       Work      
Src  Proc. InQueue |  Leaves   Expl. | BestBound       BestSol              Gap |   Cuts   InLp Confl. | LpIters     Time

 J       0       0         0   0.00%   -inf            16.71218578        Large        0      0      0         0     0.5s
 T       0       0         0   0.00%   -2.700559503    9.001097606      130.00%        0      0      0      1130     0.5s
         1       0         1 100.00%   9.001097606     9.001097606        0.00%        0      0      0      1130     0.5s

Solving report
  Status            Optimal
  Primal bound      9.00109760618
  Dual bound        9.00109760618
  Gap               0% (tolerance: 0.5%)
  P-D integral      0.0438376463917
  Solution status   feasible
                    9.00109760618 (objective)
                    0 (bound viol.)
                    0 (int. viol.)
                    0 (row viol.)
  Timing            0.51
  Max sub-MIP depth 0
  Nodes             1
  Repair LPs        0
  LP iterations     1130
                    0 (strong br.)
                    0 (separation)
                    0 (heuristics)
MIP has 10753 rows; 9409 cols; 25537 nonzeros; 1344 integer variables (1344 binary)
Coefficient ranges:
  Matrix  [2e-01, 2e+00]
  Cost    [1e-02, 6e-02]
  Bound   [1e+00, 1e+00]
  RHS     [1e-05, 5e+00]
WARNING: Problem has some excessively small row bounds
Presolving model
8064 rows, 8776 cols, 22215 nonzeros 0s
6446 rows, 7489 cols, 17974 nonzeros 0s
4671 rows, 5980 cols, 13342 nonzeros 0s
2761 rows, 4209 cols, 8330 nonzeros 0s
2317 rows, 3770 cols, 7332 nonzeros 0s
Presolve reductions: rows 2317(-8436); columns 3770(-5639); nonzeros 7332(-18205) 

Solving MIP model with:
   2317 rows
   3770 cols (312 binary, 0 integer, 0 implied int., 3458 continuous, 0 domain fixed)
   7332 nonzeros

Src: B => Branching; C => Central rounding; F => Feasibility pump; H => Heuristic;
     I => Shifting; J => Feasibility jump; L => Sub-MIP; P => Empty MIP; R => Randomized rounding;
     S => Solve LP; T => Evaluate node; U => Unbounded; X => User solution; Y => HiGHS solution;
     Z => ZI Round; l => Trivial lower; p => Trivial point; u => Trivial upper; z => Trivial zero

        Nodes      |    B&B Tree     |            Objective Bounds              |  Dynamic Constraints |       Work      
Src  Proc. InQueue |  Leaves   Expl. | BestBound       BestSol              Gap |   Cuts   InLp Confl. | LpIters     Time

 J       0       0         0   0.00%   -inf            15.60263829        Large        0      0      0         0     0.5s
 T       0       0         0   0.00%   -1.867380757    9.711023075      119.23%        0      0      0      1144     0.5s
         1       0         1 100.00%   9.711023075     9.711023075        0.00%        0      0      0      1144     0.5s

Solving report
  Status            Optimal
  Primal bound      9.7110230749
  Dual bound        9.7110230749
  Gap               0% (tolerance: 0.5%)
  P-D integral      0.035174874098
  Solution status   feasible
                    9.7110230749 (objective)
                    0 (bound viol.)
                    0 (int. viol.)
                    0 (row viol.)
  Timing            0.52
  Max sub-MIP depth 0
  Nodes             1
  Repair LPs        0
  LP iterations     1144
                    0 (strong br.)
                    0 (separation)
                    0 (heuristics)
MIP has 10753 rows; 9409 cols; 25537 nonzeros; 1344 integer variables (1344 binary)
Coefficient ranges:
  Matrix  [2e-01, 2e+00]
  Cost    [1e-02, 6e-02]
  Bound   [1e+00, 1e+00]
  RHS     [1e-05, 5e+00]
WARNING: Problem has some excessively small row bounds
Presolving model
8064 rows, 8786 cols, 22225 nonzeros 0s
6456 rows, 7512 cols, 18007 nonzeros 0s
4699 rows, 6033 cols, 13435 nonzeros 0s
2775 rows, 4250 cols, 8392 nonzeros 0s
2374 rows, 3871 cols, 7524 nonzeros 0s
Presolve reductions: rows 2374(-8379); columns 3871(-5538); nonzeros 7524(-18013) 

Solving MIP model with:
   2374 rows
   3871 cols (320 binary, 0 integer, 0 implied int., 3551 continuous, 0 domain fixed)
   7524 nonzeros

Src: B => Branching; C => Central rounding; F => Feasibility pump; H => Heuristic;
     I => Shifting; J => Feasibility jump; L => Sub-MIP; P => Empty MIP; R => Randomized rounding;
     S => Solve LP; T => Evaluate node; U => Unbounded; X => User solution; Y => HiGHS solution;
     Z => ZI Round; l => Trivial lower; p => Trivial point; u => Trivial upper; z => Trivial zero

        Nodes      |    B&B Tree     |            Objective Bounds              |  Dynamic Constraints |       Work      
Src  Proc. InQueue |  Leaves   Expl. | BestBound       BestSol              Gap |   Cuts   InLp Confl. | LpIters     Time

 J       0       0         0   0.00%   -inf            14.83884846        Large        0      0      0         0     0.5s
 T       0       0         0   0.00%   -1.962531799    9.072274037      121.63%        0      0      0      1184     0.5s
         1       0         1 100.00%   9.072274037     9.072274037        0.00%        0      0      0      1184     0.5s

Solving report
  Status            Optimal
  Primal bound      9.07227403666
  Dual bound        9.07227403666
  Gap               0% (tolerance: 0.5%)
  P-D integral      0.03625551637
  Solution status   feasible
                    9.07227403666 (objective)
                    0 (bound viol.)
                    0 (int. viol.)
                    0 (row viol.)
  Timing            0.49
  Max sub-MIP depth 0
  Nodes             1
  Repair LPs        0
  LP iterations     1184
                    0 (strong br.)
                    0 (separation)
                    0 (heuristics)
MIP has 10753 rows; 9409 cols; 25537 nonzeros; 1344 integer variables (1344 binary)
Coefficient ranges:
  Matrix  [2e-01, 2e+00]
  Cost    [1e-02, 6e-02]
  Bound   [1e+00, 1e+00]
  RHS     [2e-04, 5e+00]
Presolving model
8064 rows, 8808 cols, 22247 nonzeros 0s
6450 rows, 7528 cols, 18013 nonzeros 0s
4676 rows, 6020 cols, 13383 nonzeros 0s
2752 rows, 4232 cols, 8334 nonzeros 0s
2482 rows, 3962 cols, 7794 nonzeros 0s
Presolve reductions: rows 2482(-8271); columns 3962(-5447); nonzeros 7794(-17743) 

Solving MIP model with:
   2482 rows
   3962 cols (338 binary, 0 integer, 0 implied int., 3624 continuous, 0 domain fixed)
   7794 nonzeros

Src: B => Branching; C => Central rounding; F => Feasibility pump; H => Heuristic;
     I => Shifting; J => Feasibility jump; L => Sub-MIP; P => Empty MIP; R => Randomized rounding;
     S => Solve LP; T => Evaluate node; U => Unbounded; X => User solution; Y => HiGHS solution;
     Z => ZI Round; l => Trivial lower; p => Trivial point; u => Trivial upper; z => Trivial zero

        Nodes      |    B&B Tree     |            Objective Bounds              |  Dynamic Constraints |       Work      
Src  Proc. InQueue |  Leaves   Expl. | BestBound       BestSol              Gap |   Cuts   InLp Confl. | LpIters     Time

 J       0       0         0   0.00%   -inf            15.53071426        Large        0      0      0         0     0.5s
 T       0       0         0   0.00%   -2.130424854    8.971331235      123.75%        0      0      0      1236     0.6s
         1       0         1 100.00%   8.971331235     8.971331235        0.00%        0      0      0      1236     0.6s

Solving report
  Status            Optimal
  Primal bound      8.97133123455
  Dual bound        8.97133123455
  Gap               0% (tolerance: 0.5%)
  P-D integral      0.0489672616117
  Solution status   feasible
                    8.97133123455 (objective)
                    0 (bound viol.)
                    0 (int. viol.)
                    0 (row viol.)
  Timing            0.57
  Max sub-MIP depth 0
  Nodes             1
  Repair LPs        0
  LP iterations     1236
                    0 (strong br.)
                    0 (separation)
                    0 (heuristics)
MIP has 10753 rows; 9409 cols; 25537 nonzeros; 1344 integer variables (1344 binary)
Coefficient ranges:
  Matrix  [2e-01, 2e+00]
  Cost    [1e-02, 6e-02]
  Bound   [1e+00, 1e+00]
  RHS     [3e-04, 5e+00]
Presolving model
8064 rows, 8828 cols, 22267 nonzeros 0s
6439 rows, 7536 cols, 18010 nonzeros 0s
4663 rows, 6019 cols, 13369 nonzeros 0s
2967 rows, 4408 cols, 8908 nonzeros 0s
2735 rows, 4176 cols, 8444 nonzeros 0s
Presolve reductions: rows 2735(-8018); columns 4176(-5233); nonzeros 8444(-17093) 

Solving MIP model with:
   2735 rows
   4176 cols (384 binary, 0 integer, 0 implied int., 3792 continuous, 0 domain fixed)
   8444 nonzeros

Src: B => Branching; C => Central rounding; F => Feasibility pump; H => Heuristic;
     I => Shifting; J => Feasibility jump; L => Sub-MIP; P => Empty MIP; R => Randomized rounding;
     S => Solve LP; T => Evaluate node; U => Unbounded; X => User solution; Y => HiGHS solution;
     Z => ZI Round; l => Trivial lower; p => Trivial point; u => Trivial upper; z => Trivial zero

        Nodes      |    B&B Tree     |            Objective Bounds              |  Dynamic Constraints |       Work      
Src  Proc. InQueue |  Leaves   Expl. | BestBound       BestSol              Gap |   Cuts   InLp Confl. | LpIters     Time

 J       0       0         0   0.00%   -inf            14.24238596        Large        0      0      0         0     0.5s
 T       0       0         0   0.00%   -2.423762612    7.99839757       130.30%        0      0      0      1281     0.6s
         1       0         1 100.00%   7.99839757      7.99839757         0.00%        0      0      0      1281     0.6s

Solving report
  Status            Optimal
  Primal bound      7.99839756991
  Dual bound        7.99839756991
  Gap               0% (tolerance: 0.5%)
  P-D integral      0.0496548930277
  Solution status   feasible
                    7.99839756991 (objective)
                    0 (bound viol.)
                    0 (int. viol.)
                    0 (row viol.)
  Timing            0.55
  Max sub-MIP depth 0
  Nodes             1
  Repair LPs        0
  LP iterations     1281
                    0 (strong br.)
                    0 (separation)
                    0 (heuristics)
MIP has 10753 rows; 9409 cols; 25537 nonzeros; 1344 integer variables (1344 binary)
Coefficient ranges:
  Matrix  [2e-01, 2e+00]
  Cost    [1e-02, 6e-02]
  Bound   [1e+00, 1e+00]
  RHS     [3e-04, 5e+00]
Presolving model
8064 rows, 8843 cols, 22282 nonzeros 0s
6415 rows, 7528 cols, 17978 nonzeros 0s
4607 rows, 5964 cols, 13262 nonzeros 0s
3395 rows, 4705 cols, 10031 nonzeros 0s
3235 rows, 4545 cols, 9711 nonzeros 0s
Presolve reductions: rows 3235(-7518); columns 4545(-4864); nonzeros 9711(-15826) 

Solving MIP model with:
   3235 rows
   4545 cols (483 binary, 0 integer, 0 implied int., 4062 continuous, 0 domain fixed)
   9711 nonzeros

Src: B => Branching; C => Central rounding; F => Feasibility pump; H => Heuristic;
     I => Shifting; J => Feasibility jump; L => Sub-MIP; P => Empty MIP; R => Randomized rounding;
     S => Solve LP; T => Evaluate node; U => Unbounded; X => User solution; Y => HiGHS solution;
     Z => ZI Round; l => Trivial lower; p => Trivial point; u => Trivial upper; z => Trivial zero

        Nodes      |    B&B Tree     |            Objective Bounds              |  Dynamic Constraints |       Work      
Src  Proc. InQueue |  Leaves   Expl. | BestBound       BestSol              Gap |   Cuts   InLp Confl. | LpIters     Time

 J       0       0         0   0.00%   -inf            10.39115668        Large        0      0      0         0     0.5s
 T       0       0         0   0.00%   -3.344440153    2.949451879      213.39%        0      0      0      1359     0.6s
         1       0         1 100.00%   2.949451879     2.949451879        0.00%        0      0      0      1359     0.6s

Solving report
  Status            Optimal
  Primal bound      2.94945187917
  Dual bound        2.94945187917
  Gap               0% (tolerance: 0.5%)
  P-D integral      0.0474210022635
  Solution status   feasible
                    2.94945187917 (objective)
                    0 (bound viol.)
                    0 (int. viol.)
                    0 (row viol.)
  Timing            0.57
  Max sub-MIP depth 0
  Nodes             1
  Repair LPs        0
  LP iterations     1359
                    0 (strong br.)
                    0 (separation)
                    0 (heuristics)
MIP has 10753 rows; 9409 cols; 25537 nonzeros; 1344 integer variables (1344 binary)
Coefficient ranges:
  Matrix  [2e-01, 2e+00]
  Cost    [1e-02, 6e-02]
  Bound   [1e+00, 1e+00]
  RHS     [3e-04, 5e+00]
Presolving model
8064 rows, 8854 cols, 22293 nonzeros 0s
6440 rows, 7563 cols, 18042 nonzeros 0s
4652 rows, 6041 cols, 13396 nonzeros 0s
3239 rows, 4634 cols, 9632 nonzeros 0s
3041 rows, 4436 cols, 9236 nonzeros 0s
Presolve reductions: rows 3041(-7712); columns 4436(-4973); nonzeros 9236(-16301) 

Solving MIP model with:
   3041 rows
   4436 cols (440 binary, 0 integer, 0 implied int., 3996 continuous, 0 domain fixed)
   9236 nonzeros

Src: B => Branching; C => Central rounding; F => Feasibility pump; H => Heuristic;
     I => Shifting; J => Feasibility jump; L => Sub-MIP; P => Empty MIP; R => Randomized rounding;
     S => Solve LP; T => Evaluate node; U => Unbounded; X => User solution; Y => HiGHS solution;
     Z => ZI Round; l => Trivial lower; p => Trivial point; u => Trivial upper; z => Trivial zero

        Nodes      |    B&B Tree     |            Objective Bounds              |  Dynamic Constraints |       Work      
Src  Proc. InQueue |  Leaves   Expl. | BestBound       BestSol              Gap |   Cuts   InLp Confl. | LpIters     Time

 J       0       0         0   0.00%   -inf            11.16231926        Large        0      0      0         0     0.4s
 T       0       0         0   0.00%   -3.346817397    3.6097401        192.72%        0      0      0      1350     0.5s
         1       0         1 100.00%   3.6097401       3.6097401          0.00%        0      0      0      1350     0.5s

Solving report
  Status            Optimal
  Primal bound      3.60974009961
  Dual bound        3.60974009961
  Gap               0% (tolerance: 0.5%)
  P-D integral      0.048985185167
  Solution status   feasible
                    3.60974009961 (objective)
                    0 (bound viol.)
                    0 (int. viol.)
                    0 (row viol.)
  Timing            0.49
  Max sub-MIP depth 0
  Nodes             1
  Repair LPs        0
  LP iterations     1350
                    0 (strong br.)
                    0 (separation)
                    0 (heuristics)
MIP has 10753 rows; 9409 cols; 25537 nonzeros; 1344 integer variables (1344 binary)
Coefficient ranges:
  Matrix  [2e-01, 2e+00]
  Cost    [1e-02, 6e-02]
  Bound   [1e+00, 1e+00]
  RHS     [1e-04, 5e+00]
Presolving model
8064 rows, 8869 cols, 22308 nonzeros 0s
6432 rows, 7571 cols, 18042 nonzeros 0s
4675 rows, 6073 cols, 13451 nonzeros 0s
3249 rows, 4685 cols, 9701 nonzeros 0s
3045 rows, 4481 cols, 9293 nonzeros 0s
Presolve reductions: rows 3045(-7708); columns 4481(-4928); nonzeros 9293(-16244) 

Solving MIP model with:
   3045 rows
   4481 cols (442 binary, 0 integer, 0 implied int., 4039 continuous, 0 domain fixed)
   9293 nonzeros

Src: B => Branching; C => Central rounding; F => Feasibility pump; H => Heuristic;
     I => Shifting; J => Feasibility jump; L => Sub-MIP; P => Empty MIP; R => Randomized rounding;
     S => Solve LP; T => Evaluate node; U => Unbounded; X => User solution; Y => HiGHS solution;
     Z => ZI Round; l => Trivial lower; p => Trivial point; u => Trivial upper; z => Trivial zero

        Nodes      |    B&B Tree     |            Objective Bounds              |  Dynamic Constraints |       Work      
Src  Proc. InQueue |  Leaves   Expl. | BestBound       BestSol              Gap |   Cuts   InLp Confl. | LpIters     Time

 J       0       0         0   0.00%   -inf            9.970717355        Large        0      0      0         0     0.5s
 T       0       0         0   0.00%   -3.392727952    3.074971836      210.33%        0      0      0      1353     0.5s
         1       0         1 100.00%   3.074971836     3.074971836        0.00%        0      0      0      1353     0.5s

Solving report
  Status            Optimal
  Primal bound      3.07497183584
  Dual bound        3.07497183584
  Gap               0% (tolerance: 0.5%)
  P-D integral      0.0569683440805
  Solution status   feasible
                    3.07497183584 (objective)
                    0 (bound viol.)
                    0 (int. viol.)
                    0 (row viol.)
  Timing            0.53
  Max sub-MIP depth 0
  Nodes             1
  Repair LPs        0
  LP iterations     1353
                    0 (strong br.)
                    0 (separation)
                    0 (heuristics)
MIP has 10753 rows; 9409 cols; 25537 nonzeros; 1344 integer variables (1344 binary)
Coefficient ranges:
  Matrix  [2e-01, 2e+00]
  Cost    [1e-02, 6e-02]
  Bound   [1e+00, 1e+00]
  RHS     [1e-04, 5e+00]
Presolving model
8064 rows, 8887 cols, 22326 nonzeros 0s
6399 rows, 7556 cols, 17994 nonzeros 0s
4593 rows, 5987 cols, 13283 nonzeros 0s
3785 rows, 5034 cols, 11066 nonzeros 0s
3676 rows, 4925 cols, 10848 nonzeros 0s
Presolve reductions: rows 3676(-7077); columns 4925(-4484); nonzeros 10848(-14689) 

Solving MIP model with:
   3676 rows
   4925 cols (562 binary, 0 integer, 0 implied int., 4363 continuous, 0 domain fixed)
   10848 nonzeros

Src: B => Branching; C => Central rounding; F => Feasibility pump; H => Heuristic;
     I => Shifting; J => Feasibility jump; L => Sub-MIP; P => Empty MIP; R => Randomized rounding;
     S => Solve LP; T => Evaluate node; U => Unbounded; X => User solution; Y => HiGHS solution;
     Z => ZI Round; l => Trivial lower; p => Trivial point; u => Trivial upper; z => Trivial zero

        Nodes      |    B&B Tree     |            Objective Bounds              |  Dynamic Constraints |       Work      
Src  Proc. InQueue |  Leaves   Expl. | BestBound       BestSol              Gap |   Cuts   InLp Confl. | LpIters     Time

 J       0       0         0   0.00%   -inf            5.885180984        Large        0      0      0         0     0.5s
 T       0       0         0   0.00%   -4.833968372    -1.175701782     311.16%        0      0      0      1479     0.5s
         1       0         1 100.00%   -1.175701782    -1.175701782       0.00%        0      0      0      1479     0.5s

Solving report
  Status            Optimal
  Primal bound      -1.17570178248
  Dual bound        -1.17570178248
  Gap               0% (tolerance: 0.5%)
  P-D integral      0.0998455275734
  Solution status   feasible
                    -1.17570178248 (objective)
                    0 (bound viol.)
                    0 (int. viol.)
                    0 (row viol.)
  Timing            0.52
  Max sub-MIP depth 0
  Nodes             1
  Repair LPs        0
  LP iterations     1479
                    0 (strong br.)
                    0 (separation)
                    0 (heuristics)
MIP has 10753 rows; 9409 cols; 25537 nonzeros; 1344 integer variables (1344 binary)
Coefficient ranges:
  Matrix  [2e-01, 2e+00]
  Cost    [1e-02, 6e-02]
  Bound   [1e+00, 1e+00]
  RHS     [1e-04, 5e+00]
Presolving model
8064 rows, 8895 cols, 22334 nonzeros 0s
6391 rows, 7556 cols, 17986 nonzeros 0s
4561 rows, 5951 cols, 13215 nonzeros 0s
3867 rows, 5048 cols, 11290 nonzeros 0s
3851 rows, 5032 cols, 11258 nonzeros 0s
Presolve reductions: rows 3851(-6902); columns 5032(-4377); nonzeros 11258(-14279) 

Solving MIP model with:
   3851 rows
   5032 cols (594 binary, 0 integer, 0 implied int., 4438 continuous, 0 domain fixed)
   11258 nonzeros

Src: B => Branching; C => Central rounding; F => Feasibility pump; H => Heuristic;
     I => Shifting; J => Feasibility jump; L => Sub-MIP; P => Empty MIP; R => Randomized rounding;
     S => Solve LP; T => Evaluate node; U => Unbounded; X => User solution; Y => HiGHS solution;
     Z => ZI Round; l => Trivial lower; p => Trivial point; u => Trivial upper; z => Trivial zero

        Nodes      |    B&B Tree     |            Objective Bounds              |  Dynamic Constraints |       Work      
Src  Proc. InQueue |  Leaves   Expl. | BestBound       BestSol              Gap |   Cuts   InLp Confl. | LpIters     Time

 J       0       0         0   0.00%   -inf            3.923007497        Large        0      0      0         0     0.5s
 T       0       0         0   0.00%   -5.190512863    -2.386610023     117.48%        0      0      0      1548     0.6s
         1       0         1 100.00%   -2.386610023    -2.386610023       0.00%        0      0      0      1548     0.6s

Solving report
  Status            Optimal
  Primal bound      -2.38661002314
  Dual bound        -2.38661002314
  Gap               0% (tolerance: 0.5%)
  P-D integral      0.107807704974
  Solution status   feasible
                    -2.38661002314 (objective)
                    0 (bound viol.)
                    0 (int. viol.)
                    0 (row viol.)
  Timing            0.57
  Max sub-MIP depth 0
  Nodes             1
  Repair LPs        0
  LP iterations     1548
                    0 (strong br.)
                    0 (separation)
                    0 (heuristics)
MIP has 10753 rows; 9409 cols; 25537 nonzeros; 1344 integer variables (1344 binary)
Coefficient ranges:
  Matrix  [2e-01, 2e+00]
  Cost    [1e-02, 6e-02]
  Bound   [1e+00, 1e+00]
  RHS     [3e-04, 5e+00]
Presolving model
8064 rows, 8904 cols, 22343 nonzeros 0s
6401 rows, 7562 cols, 17998 nonzeros 0s
4590 rows, 5987 cols, 13272 nonzeros 0s
3652 rows, 4888 cols, 10687 nonzeros 0s
3551 rows, 4787 cols, 10485 nonzeros 0s
Presolve reductions: rows 3551(-7202); columns 4787(-4622); nonzeros 10485(-15052) 

Solving MIP model with:
   3551 rows
   4787 cols (537 binary, 0 integer, 0 implied int., 4250 continuous, 0 domain fixed)
   10485 nonzeros

Src: B => Branching; C => Central rounding; F => Feasibility pump; H => Heuristic;
     I => Shifting; J => Feasibility jump; L => Sub-MIP; P => Empty MIP; R => Randomized rounding;
     S => Solve LP; T => Evaluate node; U => Unbounded; X => User solution; Y => HiGHS solution;
     Z => ZI Round; l => Trivial lower; p => Trivial point; u => Trivial upper; z => Trivial zero

        Nodes      |    B&B Tree     |            Objective Bounds              |  Dynamic Constraints |       Work      
Src  Proc. InQueue |  Leaves   Expl. | BestBound       BestSol              Gap |   Cuts   InLp Confl. | LpIters     Time

 J       0       0         0   0.00%   -inf            4.824956228        Large        0      0      0         0     0.5s
 T       0       0         0   0.00%   -4.356679572    -1.258077035     246.30%        0      0      0      1459     0.6s
         1       0         1 100.00%   -1.258077035    -1.258077035       0.00%        0      0      0      1459     0.6s

Solving report
  Status            Optimal
  Primal bound      -1.25807703455
  Dual bound        -1.25807703455
  Gap               0% (tolerance: 0.5%)
  P-D integral      0.107476262241
  Solution status   feasible
                    -1.25807703455 (objective)
                    0 (bound viol.)
                    0 (int. viol.)
                    0 (row viol.)
  Timing            0.56
  Max sub-MIP depth 0
  Nodes             1
  Repair LPs        0
  LP iterations     1459
                    0 (strong br.)
                    0 (separation)
                    0 (heuristics)
MIP has 10753 rows; 9409 cols; 25537 nonzeros; 1344 integer variables (1344 binary)
Coefficient ranges:
  Matrix  [2e-01, 2e+00]
  Cost    [1e-02, 6e-02]
  Bound   [1e+00, 1e+00]
  RHS     [3e-04, 5e+00]
Presolving model
8064 rows, 8914 cols, 22353 nonzeros 0s
6402 rows, 7565 cols, 17998 nonzeros 0s
4613 rows, 6005 cols, 13313 nonzeros 0s
3595 rows, 4901 cols, 10563 nonzeros 0s
3461 rows, 4767 cols, 10295 nonzeros 0s
Presolve reductions: rows 3461(-7292); columns 4767(-4642); nonzeros 10295(-15242) 

Solving MIP model with:
   3461 rows
   4767 cols (517 binary, 0 integer, 0 implied int., 4250 continuous, 0 domain fixed)
   10295 nonzeros

Src: B => Branching; C => Central rounding; F => Feasibility pump; H => Heuristic;
     I => Shifting; J => Feasibility jump; L => Sub-MIP; P => Empty MIP; R => Randomized rounding;
     S => Solve LP; T => Evaluate node; U => Unbounded; X => User solution; Y => HiGHS solution;
     Z => ZI Round; l => Trivial lower; p => Trivial point; u => Trivial upper; z => Trivial zero

        Nodes      |    B&B Tree     |            Objective Bounds              |  Dynamic Constraints |       Work      
Src  Proc. InQueue |  Leaves   Expl. | BestBound       BestSol              Gap |   Cuts   InLp Confl. | LpIters     Time

 J       0       0         0   0.00%   -inf            5.785628768        Large        0      0      0         0     0.5s
 T       0       0         0   0.00%   -4.213873433    -0.7759107938    443.09%        0      0      0      1454     0.5s
         1       0         1 100.00%   -0.7759107938   -0.7759107938      0.00%        0      0      0      1454     0.5s

Solving report
  Status            Optimal
  Primal bound      -0.77591079384
  Dual bound        -0.77591079384
  Gap               0% (tolerance: 0.5%)
  P-D integral      0.0747391953666
  Solution status   feasible
                    -0.77591079384 (objective)
                    0 (bound viol.)
                    0 (int. viol.)
                    0 (row viol.)
  Timing            0.52
  Max sub-MIP depth 0
  Nodes             1
  Repair LPs        0
  LP iterations     1454
                    0 (strong br.)
                    0 (separation)
                    0 (heuristics)
MIP has 10753 rows; 9409 cols; 25537 nonzeros; 1344 integer variables (1344 binary)
Coefficient ranges:
  Matrix  [2e-01, 2e+00]
  Cost    [1e-02, 6e-02]
  Bound   [1e+00, 1e+00]
  RHS     [3e-04, 5e+00]
Presolving model
8064 rows, 8907 cols, 22346 nonzeros 0s
6412 rows, 7546 cols, 18001 nonzeros 0s
4596 rows, 5955 cols, 13246 nonzeros 0s
3361 rows, 4661 cols, 9921 nonzeros 0s
3205 rows, 4505 cols, 9609 nonzeros 0s
Presolve reductions: rows 3205(-7548); columns 4505(-4904); nonzeros 9609(-15928) 

Solving MIP model with:
   3205 rows
   4505 cols (475 binary, 0 integer, 0 implied int., 4030 continuous, 0 domain fixed)
   9609 nonzeros

Src: B => Branching; C => Central rounding; F => Feasibility pump; H => Heuristic;
     I => Shifting; J => Feasibility jump; L => Sub-MIP; P => Empty MIP; R => Randomized rounding;
     S => Solve LP; T => Evaluate node; U => Unbounded; X => User solution; Y => HiGHS solution;
     Z => ZI Round; l => Trivial lower; p => Trivial point; u => Trivial upper; z => Trivial zero

        Nodes      |    B&B Tree     |            Objective Bounds              |  Dynamic Constraints |       Work      
Src  Proc. InQueue |  Leaves   Expl. | BestBound       BestSol              Gap |   Cuts   InLp Confl. | LpIters     Time

 J       0       0         0   0.00%   -inf            6.15331558         Large        0      0      0         0     0.5s
 T       0       0         0   0.00%   -4.0103616      -0.3288158195   1119.64%        0      0      0      1360     0.5s
         1       0         1 100.00%   -0.3288158195   -0.3288158195      0.00%        0      0      0      1360     0.5s

Solving report
  Status            Optimal
  Primal bound      -0.328815819457
  Dual bound        -0.328815819457
  Gap               0% (tolerance: 0.5%)
  P-D integral      0.0707862881202
  Solution status   feasible
                    -0.328815819457 (objective)
                    0 (bound viol.)
                    0 (int. viol.)
                    0 (row viol.)
  Timing            0.53
  Max sub-MIP depth 0
  Nodes             1
  Repair LPs        0
  LP iterations     1360
                    0 (strong br.)
                    0 (separation)
                    0 (heuristics)
MIP has 10754 rows; 9409 cols; 25538 nonzeros; 1344 integer variables (1344 binary)
Coefficient ranges:
  Matrix  [2e-01, 2e+00]
  Cost    [1e-02, 6e-02]
  Bound   [1e+00, 1e+00]
  RHS     [2e-04, 5e+00]
Presolving model
8064 rows, 8950 cols, 22389 nonzeros 0s
6404 rows, 7587 cols, 18006 nonzeros 0s
4616 rows, 6035 cols, 13322 nonzeros 0s
3348 rows, 4748 cols, 9931 nonzeros 0s
3180 rows, 4580 cols, 9595 nonzeros 0s
Presolve reductions: rows 3180(-7574); columns 4580(-4829); nonzeros 9595(-15943) 

Solving MIP model with:
   3180 rows
   4580 cols (459 binary, 0 integer, 0 implied int., 4121 continuous, 0 domain fixed)
   9595 nonzeros

Src: B => Branching; C => Central rounding; F => Feasibility pump; H => Heuristic;
     I => Shifting; J => Feasibility jump; L => Sub-MIP; P => Empty MIP; R => Randomized rounding;
     S => Solve LP; T => Evaluate node; U => Unbounded; X => User solution; Y => HiGHS solution;
     Z => ZI Round; l => Trivial lower; p => Trivial point; u => Trivial upper; z => Trivial zero

        Nodes      |    B&B Tree     |            Objective Bounds              |  Dynamic Constraints |       Work      
Src  Proc. InQueue |  Leaves   Expl. | BestBound       BestSol              Gap |   Cuts   InLp Confl. | LpIters     Time

         0       0         0   0.00%   -2.92744733     inf                  inf        0      0      0         0     0.5s
 T       0       0         0   0.00%   -2.92744733     1.907419196      253.48%        0      0      0      1396     0.6s
         1       0         1 100.00%   1.907419196     1.907419196        0.00%        0      0      0      1396     0.6s

Solving report
  Status            Optimal
  Primal bound      1.90741919584
  Dual bound        1.90741919584
  Gap               0% (tolerance: 0.5%)
  P-D integral      0.00024130997593
  Solution status   feasible
                    1.90741919584 (objective)
                    0 (bound viol.)
                    0 (int. viol.)
                    0 (row viol.)
  Timing            0.56
  Max sub-MIP depth 0
  Nodes             1
  Repair LPs        0
  LP iterations     1396
                    0 (strong br.)
                    0 (separation)
                    0 (heuristics)
MIP has 10753 rows; 9409 cols; 25537 nonzeros; 1344 integer variables (1344 binary)
Coefficient ranges:
  Matrix  [2e-01, 2e+00]
  Cost    [1e-02, 6e-02]
  Bound   [1e+00, 1e+00]
  RHS     [2e-04, 5e+00]
Presolving model
8064 rows, 8598 cols, 22037 nonzeros 0s
6432 rows, 7299 cols, 17770 nonzeros 0s
4676 rows, 5816 cols, 13195 nonzeros 0s
2784 rows, 4070 cols, 8221 nonzeros 0s
1464 rows, 2952 cols, 4975 nonzeros 0s
1271 rows, 2759 cols, 4589 nonzeros 0s
Presolve reductions: rows 1271(-9482); columns 2759(-6650); nonzeros 4589(-20948) 

Solving MIP model with:
   1271 rows
   2759 cols (140 binary, 0 integer, 0 implied int., 2619 continuous, 0 domain fixed)
   4589 nonzeros

Src: B => Branching; C => Central rounding; F => Feasibility pump; H => Heuristic;
     I => Shifting; J => Feasibility jump; L => Sub-MIP; P => Empty MIP; R => Randomized rounding;
     S => Solve LP; T => Evaluate node; U => Unbounded; X => User solution; Y => HiGHS solution;
     Z => ZI Round; l => Trivial lower; p => Trivial point; u => Trivial upper; z => Trivial zero

        Nodes      |    B&B Tree     |            Objective Bounds              |  Dynamic Constraints |       Work      
Src  Proc. InQueue |  Leaves   Expl. | BestBound       BestSol              Gap |   Cuts   InLp Confl. | LpIters     Time

 J       0       0         0   0.00%   -inf            22.36385848        Large        0      0      0         0     0.4s
 T       0       0         0   0.00%   3.815197845     21.83015367       82.52%        0      0      0       826     0.4s
         1       0         1 100.00%   21.83015367     21.83015367        0.00%        0      0      0       826     0.4s

Solving report
  Status            Optimal
  Primal bound      21.8301536679
  Dual bound        21.8301536679
  Gap               0% (tolerance: 0.5%)
  P-D integral      0.0151170532694
  Solution status   feasible
                    21.8301536679 (objective)
                    0 (bound viol.)
                    0 (int. viol.)
                    0 (row viol.)
  Timing            0.43
  Max sub-MIP depth 0
  Nodes             1
  Repair LPs        0
  LP iterations     826
                    0 (strong br.)
                    0 (separation)
                    0 (heuristics)
MIP has 10753 rows; 9409 cols; 25537 nonzeros; 1344 integer variables (1344 binary)
Coefficient ranges:
  Matrix  [2e-01, 2e+00]
  Cost    [1e-02, 6e-02]
  Bound   [1e+00, 1e+00]
  RHS     [3e-04, 5e+00]
Presolving model
8064 rows, 8601 cols, 22040 nonzeros 0s
6438 rows, 7309 cols, 17786 nonzeros 0s
4679 rows, 5824 cols, 13206 nonzeros 0s
2791 rows, 4095 cols, 8253 nonzeros 0s
2605 rows, 3211 cols, 5788 nonzeros 0s
1302 rows, 2788 cols, 4525 nonzeros 0s
1060 rows, 2478 cols, 3973 nonzeros 0s
Presolve reductions: rows 1060(-9693); columns 2478(-6931); nonzeros 3973(-21564) 

Solving MIP model with:
   1060 rows
   2478 cols (109 binary, 0 integer, 0 implied int., 2369 continuous, 0 domain fixed)
   3973 nonzeros

Src: B => Branching; C => Central rounding; F => Feasibility pump; H => Heuristic;
     I => Shifting; J => Feasibility jump; L => Sub-MIP; P => Empty MIP; R => Randomized rounding;
     S => Solve LP; T => Evaluate node; U => Unbounded; X => User solution; Y => HiGHS solution;
     Z => ZI Round; l => Trivial lower; p => Trivial point; u => Trivial upper; z => Trivial zero

        Nodes      |    B&B Tree     |            Objective Bounds              |  Dynamic Constraints |       Work      
Src  Proc. InQueue |  Leaves   Expl. | BestBound       BestSol              Gap |   Cuts   InLp Confl. | LpIters     Time

 J       0       0         0   0.00%   -inf            24.58510676        Large        0      0      0         0     0.4s
 T       0       0         0   0.00%   5.130857573     24.28482646       78.87%        0      0      0       474     0.5s
         1       0         1 100.00%   24.28482646     24.28482646        0.00%        0      0      0       474     0.5s

Solving report
  Status            Optimal
  Primal bound      24.2848264639
  Dual bound        24.2848264639
  Gap               0% (tolerance: 0.5%)
  P-D integral      0.0111268837156
  Solution status   feasible
                    24.2848264639 (objective)
                    0 (bound viol.)
                    0 (int. viol.)
                    0 (row viol.)
  Timing            0.46
  Max sub-MIP depth 0
  Nodes             1
  Repair LPs        0
  LP iterations     474
                    0 (strong br.)
                    0 (separation)
                    0 (heuristics)
MIP has 10753 rows; 9409 cols; 25537 nonzeros; 1344 integer variables (1344 binary)
Coefficient ranges:
  Matrix  [2e-01, 2e+00]
  Cost    [1e-02, 6e-02]
  Bound   [1e+00, 1e+00]
  RHS     [3e-04, 5e+00]
Presolving model
8064 rows, 8609 cols, 22048 nonzeros 0s
6427 rows, 7305 cols, 17767 nonzeros 0s
4639 rows, 5787 cols, 13110 nonzeros 0s
2714 rows, 4001 cols, 8054 nonzeros 0s
2478 rows, 3138 cols, 5767 nonzeros 0s
1376 rows, 2715 cols, 4632 nonzeros 0s
1135 rows, 2303 cols, 3980 nonzeros 0s
1130 rows, 2290 cols, 3962 nonzeros 0s
Presolve reductions: rows 1130(-9623); columns 2290(-7119); nonzeros 3962(-21575) 

Solving MIP model with:
   1130 rows
   2290 cols (136 binary, 0 integer, 0 implied int., 2154 continuous, 0 domain fixed)
   3962 nonzeros

Src: B => Branching; C => Central rounding; F => Feasibility pump; H => Heuristic;
     I => Shifting; J => Feasibility jump; L => Sub-MIP; P => Empty MIP; R => Randomized rounding;
     S => Solve LP; T => Evaluate node; U => Unbounded; X => User solution; Y => HiGHS solution;
     Z => ZI Round; l => Trivial lower; p => Trivial point; u => Trivial upper; z => Trivial zero

        Nodes      |    B&B Tree     |            Objective Bounds              |  Dynamic Constraints |       Work      
Src  Proc. InQueue |  Leaves   Expl. | BestBound       BestSol              Gap |   Cuts   InLp Confl. | LpIters     Time

 J       0       0         0   0.00%   -inf            24.02185308        Large        0      0      0         0     0.5s
 T       0       0         0   0.00%   8.769161484     23.67812378       62.97%        0      0      0       503     0.6s
         1       0         1 100.00%   23.67812378     23.67812378        0.00%        0      0      0       503     0.6s

Solving report
  Status            Optimal
  Primal bound      23.6781237779
  Dual bound        23.6781237779
  Gap               0% (tolerance: 0.5%)
  P-D integral      0.0130826848895
  Solution status   feasible
                    23.6781237779 (objective)
                    0 (bound viol.)
                    0 (int. viol.)
                    0 (row viol.)
  Timing            0.56
  Max sub-MIP depth 0
  Nodes             1
  Repair LPs        0
  LP iterations     503
                    0 (strong br.)
                    0 (separation)
                    0 (heuristics)
MIP has 10753 rows; 9409 cols; 25537 nonzeros; 1344 integer variables (1344 binary)
Coefficient ranges:
  Matrix  [2e-01, 2e+00]
  Cost    [1e-02, 6e-02]
  Bound   [1e+00, 1e+00]
  RHS     [3e-04, 5e+00]
Presolving model
8064 rows, 8617 cols, 22056 nonzeros 0s
6427 rows, 7314 cols, 17776 nonzeros 0s
4630 rows, 5788 cols, 13102 nonzeros 0s
2717 rows, 3999 cols, 8059 nonzeros 0s
1585 rows, 2963 cols, 5241 nonzeros 0s
1371 rows, 2583 cols, 4647 nonzeros 0s
Presolve reductions: rows 1371(-9382); columns 2583(-6826); nonzeros 4647(-20890) 

Solving MIP model with:
   1371 rows
   2583 cols (174 binary, 0 integer, 0 implied int., 2409 continuous, 0 domain fixed)
   4647 nonzeros

Src: B => Branching; C => Central rounding; F => Feasibility pump; H => Heuristic;
     I => Shifting; J => Feasibility jump; L => Sub-MIP; P => Empty MIP; R => Randomized rounding;
     S => Solve LP; T => Evaluate node; U => Unbounded; X => User solution; Y => HiGHS solution;
     Z => ZI Round; l => Trivial lower; p => Trivial point; u => Trivial upper; z => Trivial zero

        Nodes      |    B&B Tree     |            Objective Bounds              |  Dynamic Constraints |       Work      
Src  Proc. InQueue |  Leaves   Expl. | BestBound       BestSol              Gap |   Cuts   InLp Confl. | LpIters     Time

 J       0       0         0   0.00%   -inf            21.79505688        Large        0      0      0         0     0.5s
 T       0       0         0   0.00%   6.602358717     21.1842961        68.83%        0      0      0       689     0.5s
         1       0         1 100.00%   21.1842961      21.1842961         0.00%        0      0      0       689     0.5s

Solving report
  Status            Optimal
  Primal bound      21.1842960979
  Dual bound        21.1842960979
  Gap               0% (tolerance: 0.5%)
  P-D integral      0.0116138409223
  Solution status   feasible
                    21.1842960979 (objective)
                    0 (bound viol.)
                    0 (int. viol.)
                    0 (row viol.)
  Timing            0.51
  Max sub-MIP depth 0
  Nodes             1
  Repair LPs        0
  LP iterations     689
                    0 (strong br.)
                    0 (separation)
                    0 (heuristics)
MIP has 10753 rows; 9409 cols; 25537 nonzeros; 1344 integer variables (1344 binary)
Coefficient ranges:
  Matrix  [2e-01, 2e+00]
  Cost    [1e-02, 6e-02]
  Bound   [1e+00, 1e+00]
  RHS     [5e-04, 5e+00]
Presolving model
8064 rows, 8611 cols, 22050 nonzeros 0s
6419 rows, 7300 cols, 17758 nonzeros 0s
4644 rows, 5791 cols, 13138 nonzeros 0s
2727 rows, 4011 cols, 8105 nonzeros 0s
1673 rows, 3095 cols, 5539 nonzeros 0s
1462 rows, 2611 cols, 4844 nonzeros 0s
Presolve reductions: rows 1462(-9291); columns 2611(-6798); nonzeros 4844(-20693) 

Solving MIP model with:
   1462 rows
   2611 cols (193 binary, 0 integer, 0 implied int., 2418 continuous, 0 domain fixed)
   4844 nonzeros

Src: B => Branching; C => Central rounding; F => Feasibility pump; H => Heuristic;
     I => Shifting; J => Feasibility jump; L => Sub-MIP; P => Empty MIP; R => Randomized rounding;
     S => Solve LP; T => Evaluate node; U => Unbounded; X => User solution; Y => HiGHS solution;
     Z => ZI Round; l => Trivial lower; p => Trivial point; u => Trivial upper; z => Trivial zero

        Nodes      |    B&B Tree     |            Objective Bounds              |  Dynamic Constraints |       Work      
Src  Proc. InQueue |  Leaves   Expl. | BestBound       BestSol              Gap |   Cuts   InLp Confl. | LpIters     Time

 J       0       0         0   0.00%   -inf            20.90691128        Large        0      0      0         0     0.4s
 T       0       0         0   0.00%   6.950802488     19.98215059       65.21%        0      0      0       681     0.5s
         1       0         1 100.00%   19.98215059     19.98215059        0.00%        0      0      0       681     0.5s

Solving report
  Status            Optimal
  Primal bound      19.9821505944
  Dual bound        19.9821505944
  Gap               0% (tolerance: 0.5%)
  P-D integral      0.0173303490453
  Solution status   feasible
                    19.9821505944 (objective)
                    0 (bound viol.)
                    0 (int. viol.)
                    0 (row viol.)
  Timing            0.47
  Max sub-MIP depth 0
  Nodes             1
  Repair LPs        0
  LP iterations     681
                    0 (strong br.)
                    0 (separation)
                    0 (heuristics)
MIP has 10753 rows; 9409 cols; 25537 nonzeros; 1344 integer variables (1344 binary)
Coefficient ranges:
  Matrix  [2e-01, 2e+00]
  Cost    [1e-02, 6e-02]
  Bound   [1e+00, 1e+00]
  RHS     [1e-04, 5e+00]
Presolving model
8064 rows, 8635 cols, 22074 nonzeros 0s
6419 rows, 7324 cols, 17782 nonzeros 0s
4634 rows, 5805 cols, 13142 nonzeros 0s
2706 rows, 4001 cols, 8074 nonzeros 0s
1857 rows, 3245 cols, 6021 nonzeros 0s
1741 rows, 3072 cols, 5732 nonzeros 0s
Presolve reductions: rows 1741(-9012); columns 3072(-6337); nonzeros 5732(-19805) 

Solving MIP model with:
   1741 rows
   3072 cols (230 binary, 0 integer, 0 implied int., 2842 continuous, 0 domain fixed)
   5732 nonzeros

Src: B => Branching; C => Central rounding; F => Feasibility pump; H => Heuristic;
     I => Shifting; J => Feasibility jump; L => Sub-MIP; P => Empty MIP; R => Randomized rounding;
     S => Solve LP; T => Evaluate node; U => Unbounded; X => User solution; Y => HiGHS solution;
     Z => ZI Round; l => Trivial lower; p => Trivial point; u => Trivial upper; z => Trivial zero

        Nodes      |    B&B Tree     |            Objective Bounds              |  Dynamic Constraints |       Work      
Src  Proc. InQueue |  Leaves   Expl. | BestBound       BestSol              Gap |   Cuts   InLp Confl. | LpIters     Time

 J       0       0         0   0.00%   -inf            19.69959397        Large        0      0      0         0     0.5s
 T       0       0         0   0.00%   4.028389915     18.33231686       78.03%        0      0      0       885     0.5s
         1       0         1 100.00%   18.33231686     18.33231686        0.00%        0      0      0       885     0.5s

Solving report
  Status            Optimal
  Primal bound      18.3323168579
  Dual bound        18.3323168579
  Gap               0% (tolerance: 0.5%)
  P-D integral      0.0175857390897
  Solution status   feasible
                    18.3323168579 (objective)
                    0 (bound viol.)
                    0 (int. viol.)
                    0 (row viol.)
  Timing            0.50
  Max sub-MIP depth 0
  Nodes             1
  Repair LPs        0
  LP iterations     885
                    0 (strong br.)
                    0 (separation)
                    0 (heuristics)
MIP has 10753 rows; 9409 cols; 25537 nonzeros; 1344 integer variables (1344 binary)
Coefficient ranges:
  Matrix  [2e-01, 2e+00]
  Cost    [1e-02, 6e-02]
  Bound   [1e+00, 1e+00]
  RHS     [1e-04, 5e+00]
Presolving model
8064 rows, 8674 cols, 22113 nonzeros 0s
6426 rows, 7370 cols, 17831 nonzeros 0s
4635 rows, 5844 cols, 13158 nonzeros 0s
2716 rows, 4069 cols, 8128 nonzeros 0s
1921 rows, 3347 cols, 6214 nonzeros 0s
1827 rows, 3253 cols, 6026 nonzeros 0s
Presolve reductions: rows 1827(-8926); columns 3253(-6156); nonzeros 6026(-19511) 

Solving MIP model with:
   1827 rows
   3253 cols (237 binary, 0 integer, 0 implied int., 3016 continuous, 0 domain fixed)
   6026 nonzeros

Src: B => Branching; C => Central rounding; F => Feasibility pump; H => Heuristic;
     I => Shifting; J => Feasibility jump; L => Sub-MIP; P => Empty MIP; R => Randomized rounding;
     S => Solve LP; T => Evaluate node; U => Unbounded; X => User solution; Y => HiGHS solution;
     Z => ZI Round; l => Trivial lower; p => Trivial point; u => Trivial upper; z => Trivial zero

        Nodes      |    B&B Tree     |            Objective Bounds              |  Dynamic Constraints |       Work      
Src  Proc. InQueue |  Leaves   Expl. | BestBound       BestSol              Gap |   Cuts   InLp Confl. | LpIters     Time

 J       0       0         0   0.00%   -inf            21.50581846        Large        0      0      0         0     0.5s
 T       0       0         0   0.00%   3.274206385     20.05893229       83.68%        0      0      0       949     0.5s
         1       0         1 100.00%   20.05893229     20.05893229        0.00%        0      0      0       949     0.5s

Solving report
  Status            Optimal
  Primal bound      20.0589322934
  Dual bound        20.0589322934
  Gap               0% (tolerance: 0.5%)
  P-D integral      0.0263759942902
  Solution status   feasible
                    20.0589322934 (objective)
                    0 (bound viol.)
                    0 (int. viol.)
                    0 (row viol.)
  Timing            0.54
  Max sub-MIP depth 0
  Nodes             1
  Repair LPs        0
  LP iterations     949
                    0 (strong br.)
                    0 (separation)
                    0 (heuristics)
MIP has 10753 rows; 9409 cols; 25537 nonzeros; 1344 integer variables (1344 binary)
Coefficient ranges:
  Matrix  [2e-01, 2e+00]
  Cost    [1e-02, 6e-02]
  Bound   [1e+00, 1e+00]
  RHS     [3e-04, 5e+00]
Presolving model
8064 rows, 8692 cols, 22131 nonzeros 0s
6430 rows, 7392 cols, 17861 nonzeros 0s
4672 rows, 5905 cols, 13280 nonzeros 0s
2765 rows, 4138 cols, 8270 nonzeros 0s
2000 rows, 3449 cols, 6436 nonzeros 0s
1908 rows, 3357 cols, 6252 nonzeros 0s
Presolve reductions: rows 1908(-8845); columns 3357(-6052); nonzeros 6252(-19285) 

Solving MIP model with:
   1908 rows
   3357 cols (247 binary, 0 integer, 0 implied int., 3110 continuous, 0 domain fixed)
   6252 nonzeros

Src: B => Branching; C => Central rounding; F => Feasibility pump; H => Heuristic;
     I => Shifting; J => Feasibility jump; L => Sub-MIP; P => Empty MIP; R => Randomized rounding;
     S => Solve LP; T => Evaluate node; U => Unbounded; X => User solution; Y => HiGHS solution;
     Z => ZI Round; l => Trivial lower; p => Trivial point; u => Trivial upper; z => Trivial zero

        Nodes      |    B&B Tree     |            Objective Bounds              |  Dynamic Constraints |       Work      
Src  Proc. InQueue |  Leaves   Expl. | BestBound       BestSol              Gap |   Cuts   InLp Confl. | LpIters     Time

 J       0       0         0   0.00%   -inf            19.81999108        Large        0      0      0         0     0.4s
 T       0       0         0   0.00%   2.772456796     18.07924008       84.66%        0      0      0       998     0.5s
         1       0         1 100.00%   18.07924008     18.07924008        0.00%        0      0      0       998     0.5s

Solving report
  Status            Optimal
  Primal bound      18.0792400799
  Dual bound        18.0792400799
  Gap               0% (tolerance: 0.5%)
  P-D integral      0.0289091550828
  Solution status   feasible
                    18.0792400799 (objective)
                    0 (bound viol.)
                    0 (int. viol.)
                    0 (row viol.)
  Timing            0.48
  Max sub-MIP depth 0
  Nodes             1
  Repair LPs        0
  LP iterations     998
                    0 (strong br.)
                    0 (separation)
                    0 (heuristics)
MIP has 10753 rows; 9409 cols; 25537 nonzeros; 1344 integer variables (1344 binary)
Coefficient ranges:
  Matrix  [2e-01, 2e+00]
  Cost    [5e-03, 6e-02]
  Bound   [1e+00, 1e+00]
  RHS     [3e-04, 5e+00]
Presolving model
8064 rows, 8707 cols, 22146 nonzeros 0s
6417 rows, 7394 cols, 17850 nonzeros 0s
4643 rows, 5881 cols, 13227 nonzeros 0s
2736 rows, 4106 cols, 8209 nonzeros 0s
2188 rows, 3608 cols, 6963 nonzeros 0s
2165 rows, 3585 cols, 6917 nonzeros 0s
Presolve reductions: rows 2165(-8588); columns 3585(-5824); nonzeros 6917(-18620) 

Solving MIP model with:
   2165 rows
   3585 cols (292 binary, 0 integer, 0 implied int., 3293 continuous, 0 domain fixed)
   6917 nonzeros

Src: B => Branching; C => Central rounding; F => Feasibility pump; H => Heuristic;
     I => Shifting; J => Feasibility jump; L => Sub-MIP; P => Empty MIP; R => Randomized rounding;
     S => Solve LP; T => Evaluate node; U => Unbounded; X => User solution; Y => HiGHS solution;
     Z => ZI Round; l => Trivial lower; p => Trivial point; u => Trivial upper; z => Trivial zero

        Nodes      |    B&B Tree     |            Objective Bounds              |  Dynamic Constraints |       Work      
Src  Proc. InQueue |  Leaves   Expl. | BestBound       BestSol              Gap |   Cuts   InLp Confl. | LpIters     Time

 J       0       0         0   0.00%   -inf            15.56681384        Large        0      0      0         0     0.4s
 T       0       0         0   0.00%   1.304634623     13.31671855       90.20%        0      0      0      1090     0.5s
         1       0         1 100.00%   13.31671855     13.31671855        0.00%        0      0      0      1090     0.5s

Solving report
  Status            Optimal
  Primal bound      13.3167185468
  Dual bound        13.3167185468
  Gap               0% (tolerance: 0.5%)
  P-D integral      0.0291990852762
  Solution status   feasible
                    13.3167185468 (objective)
                    0 (bound viol.)
                    0 (int. viol.)
                    0 (row viol.)
  Timing            0.46
  Max sub-MIP depth 0
  Nodes             1
  Repair LPs        0
  LP iterations     1090
                    0 (strong br.)
                    0 (separation)
                    0 (heuristics)
MIP has 10753 rows; 9409 cols; 25537 nonzeros; 1344 integer variables (1344 binary)
Coefficient ranges:
  Matrix  [2e-01, 2e+00]
  Cost    [5e-03, 6e-02]
  Bound   [1e+00, 1e+00]
  RHS     [3e-04, 5e+00]
Presolving model
8064 rows, 8724 cols, 22163 nonzeros 0s
6420 rows, 7414 cols, 17873 nonzeros 0s
4642 rows, 5898 cols, 13243 nonzeros 0s
2698 rows, 4071 cols, 8136 nonzeros 0s
2408 rows, 3781 cols, 7552 nonzeros 0s
Presolve reductions: rows 2408(-8345); columns 3781(-5628); nonzeros 7552(-17985) 

Solving MIP model with:
   2408 rows
   3781 cols (341 binary, 0 integer, 0 implied int., 3440 continuous, 0 domain fixed)
   7552 nonzeros

Src: B => Branching; C => Central rounding; F => Feasibility pump; H => Heuristic;
     I => Shifting; J => Feasibility jump; L => Sub-MIP; P => Empty MIP; R => Randomized rounding;
     S => Solve LP; T => Evaluate node; U => Unbounded; X => User solution; Y => HiGHS solution;
     Z => ZI Round; l => Trivial lower; p => Trivial point; u => Trivial upper; z => Trivial zero

        Nodes      |    B&B Tree     |            Objective Bounds              |  Dynamic Constraints |       Work      
Src  Proc. InQueue |  Leaves   Expl. | BestBound       BestSol              Gap |   Cuts   InLp Confl. | LpIters     Time

 J       0       0         0   0.00%   -inf            13.93996478        Large        0      0      0         0     0.4s
         0       0         0   0.00%   10.10570557     13.93996478       27.51%        0      0      2      1124     0.5s
 C       0       0         0   0.00%   10.10570557     10.10570557        0.00%        0      0      2      1127     0.5s
         1       0         1 100.00%   10.10570557     10.10570557        0.00%        0      0      2      1127     0.5s

Solving report
  Status            Optimal
  Primal bound      10.105705574
  Dual bound        10.105705574
  Gap               0% (tolerance: 0.5%)
  P-D integral      0.0459042956146
  Solution status   feasible
                    10.105705574 (objective)
                    0 (bound viol.)
                    0 (int. viol.)
                    0 (row viol.)
  Timing            0.54
  Max sub-MIP depth 0
  Nodes             1
  Repair LPs        0
  LP iterations     1127
                    0 (strong br.)
                    3 (separation)
                    0 (heuristics)
MIP has 10753 rows; 9409 cols; 25537 nonzeros; 1344 integer variables (1344 binary)
Coefficient ranges:
  Matrix  [2e-01, 2e+00]
  Cost    [5e-03, 6e-02]
  Bound   [1e+00, 1e+00]
  RHS     [3e-04, 5e+00]
Presolving model
8064 rows, 8744 cols, 22183 nonzeros 0s
6423 rows, 7436 cols, 17898 nonzeros 0s
4655 rows, 5933 cols, 13291 nonzeros 0s
2721 rows, 4122 cols, 8210 nonzeros 0s
2349 rows, 3765 cols, 7417 nonzeros 0s
Presolve reductions: rows 2349(-8404); columns 3765(-5644); nonzeros 7417(-18120) 

Solving MIP model with:
   2349 rows
   3765 cols (326 binary, 0 integer, 0 implied int., 3439 continuous, 0 domain fixed)
   7417 nonzeros

Src: B => Branching; C => Central rounding; F => Feasibility pump; H => Heuristic;
     I => Shifting; J => Feasibility jump; L => Sub-MIP; P => Empty MIP; R => Randomized rounding;
     S => Solve LP; T => Evaluate node; U => Unbounded; X => User solution; Y => HiGHS solution;
     Z => ZI Round; l => Trivial lower; p => Trivial point; u => Trivial upper; z => Trivial zero

        Nodes      |    B&B Tree     |            Objective Bounds              |  Dynamic Constraints |       Work      
Src  Proc. InQueue |  Leaves   Expl. | BestBound       BestSol              Gap |   Cuts   InLp Confl. | LpIters     Time

 J       0       0         0   0.00%   -inf            16.4485142         Large        0      0      0         0     0.4s
 T       0       0         0   0.00%   0.2392151566    12.02148371       98.01%        0      0      0      1105     0.5s
         1       0         1 100.00%   12.02148371     12.02148371        0.00%        0      0      0      1105     0.5s

Solving report
  Status            Optimal
  Primal bound      12.0214837148
  Dual bound        12.0214837148
  Gap               0% (tolerance: 0.5%)
  P-D integral      0.0278305990117
  Solution status   feasible
                    12.0214837148 (objective)
                    0 (bound viol.)
                    0 (int. viol.)
                    0 (row viol.)
  Timing            0.45
  Max sub-MIP depth 0
  Nodes             1
  Repair LPs        0
  LP iterations     1105
                    0 (strong br.)
                    0 (separation)
                    0 (heuristics)
MIP has 10753 rows; 9409 cols; 25537 nonzeros; 1344 integer variables (1344 binary)
Coefficient ranges:
  Matrix  [2e-01, 2e+00]
  Cost    [5e-03, 6e-02]
  Bound   [1e+00, 1e+00]
  RHS     [3e-04, 5e+00]
Presolving model
8064 rows, 8764 cols, 22203 nonzeros 0s
6427 rows, 7460 cols, 17922 nonzeros 0s
4666 rows, 5962 cols, 13327 nonzeros 0s
2745 rows, 4167 cols, 8279 nonzeros 0s
2386 rows, 3800 cols, 7501 nonzeros 0s
Presolve reductions: rows 2386(-8367); columns 3800(-5609); nonzeros 7501(-18036) 

Solving MIP model with:
   2386 rows
   3800 cols (329 binary, 0 integer, 0 implied int., 3471 continuous, 0 domain fixed)
   7501 nonzeros

Src: B => Branching; C => Central rounding; F => Feasibility pump; H => Heuristic;
     I => Shifting; J => Feasibility jump; L => Sub-MIP; P => Empty MIP; R => Randomized rounding;
     S => Solve LP; T => Evaluate node; U => Unbounded; X => User solution; Y => HiGHS solution;
     Z => ZI Round; l => Trivial lower; p => Trivial point; u => Trivial upper; z => Trivial zero

        Nodes      |    B&B Tree     |            Objective Bounds              |  Dynamic Constraints |       Work      
Src  Proc. InQueue |  Leaves   Expl. | BestBound       BestSol              Gap |   Cuts   InLp Confl. | LpIters     Time

 J       0       0         0   0.00%   -inf            16.71064115        Large        0      0      0         0     0.4s
 T       0       0         0   0.00%   0.4301766796    12.74810712       96.63%        0      0      0      1135     0.5s
         1       0         1 100.00%   12.74810712     12.74810712        0.00%        0      0      0      1135     0.5s

Solving report
  Status            Optimal
  Primal bound      12.7481071206
  Dual bound        12.7481071206
  Gap               0% (tolerance: 0.5%)
  P-D integral      0.0296940572075
  Solution status   feasible
                    12.7481071206 (objective)
                    0 (bound viol.)
                    0 (int. viol.)
                    0 (row viol.)
  Timing            0.48
  Max sub-MIP depth 0
  Nodes             1
  Repair LPs        0
  LP iterations     1135
                    0 (strong br.)
                    0 (separation)
                    0 (heuristics)
MIP has 10753 rows; 9409 cols; 25537 nonzeros; 1344 integer variables (1344 binary)
Coefficient ranges:
  Matrix  [2e-01, 2e+00]
  Cost    [5e-03, 6e-02]
  Bound   [1e+00, 1e+00]
  RHS     [1e-05, 5e+00]
WARNING: Problem has some excessively small row bounds
Presolving model
8064 rows, 8776 cols, 22215 nonzeros 0s
6446 rows, 7489 cols, 17974 nonzeros 0s
4670 rows, 5980 cols, 13341 nonzeros 0s
2769 rows, 4221 cols, 8350 nonzeros 0s
2317 rows, 3774 cols, 7336 nonzeros 0s
Presolve reductions: rows 2317(-8436); columns 3774(-5635); nonzeros 7336(-18201) 

Solving MIP model with:
   2317 rows
   3774 cols (312 binary, 0 integer, 0 implied int., 3462 continuous, 0 domain fixed)
   7336 nonzeros

Src: B => Branching; C => Central rounding; F => Feasibility pump; H => Heuristic;
     I => Shifting; J => Feasibility jump; L => Sub-MIP; P => Empty MIP; R => Randomized rounding;
     S => Solve LP; T => Evaluate node; U => Unbounded; X => User solution; Y => HiGHS solution;
     Z => ZI Round; l => Trivial lower; p => Trivial point; u => Trivial upper; z => Trivial zero

        Nodes      |    B&B Tree     |            Objective Bounds              |  Dynamic Constraints |       Work      
Src  Proc. InQueue |  Leaves   Expl. | BestBound       BestSol              Gap |   Cuts   InLp Confl. | LpIters     Time

 J       0       0         0   0.00%   -inf            15.63614262        Large        0      0      0         0     0.4s
 T       0       0         0   0.00%   0.8246373008    12.56635035       93.44%        0      0      0      1149     0.5s
         1       0         1 100.00%   12.56635035     12.56635035        0.00%        0      0      0      1149     0.5s

Solving report
  Status            Optimal
  Primal bound      12.5663503516
  Dual bound        12.5663503516
  Gap               0% (tolerance: 0.5%)
  P-D integral      0.0294999738014
  Solution status   feasible
                    12.5663503516 (objective)
                    0 (bound viol.)
                    0 (int. viol.)
                    0 (row viol.)
  Timing            0.47
  Max sub-MIP depth 0
  Nodes             1
  Repair LPs        0
  LP iterations     1149
                    0 (strong br.)
                    0 (separation)
                    0 (heuristics)
MIP has 10753 rows; 9409 cols; 25537 nonzeros; 1344 integer variables (1344 binary)
Coefficient ranges:
  Matrix  [2e-01, 2e+00]
  Cost    [5e-03, 6e-02]
  Bound   [1e+00, 1e+00]
  RHS     [1e-05, 5e+00]
WARNING: Problem has some excessively small row bounds
Presolving model
8064 rows, 8786 cols, 22225 nonzeros 0s
6455 rows, 7511 cols, 18005 nonzeros 0s
4698 rows, 6033 cols, 13434 nonzeros 0s
2781 rows, 4264 cols, 8412 nonzeros 0s
2381 rows, 3886 cols, 7546 nonzeros 0s
Presolve reductions: rows 2381(-8372); columns 3886(-5523); nonzeros 7546(-17991) 

Solving MIP model with:
   2381 rows
   3886 cols (320 binary, 0 integer, 0 implied int., 3566 continuous, 0 domain fixed)
   7546 nonzeros

Src: B => Branching; C => Central rounding; F => Feasibility pump; H => Heuristic;
     I => Shifting; J => Feasibility jump; L => Sub-MIP; P => Empty MIP; R => Randomized rounding;
     S => Solve LP; T => Evaluate node; U => Unbounded; X => User solution; Y => HiGHS solution;
     Z => ZI Round; l => Trivial lower; p => Trivial point; u => Trivial upper; z => Trivial zero

        Nodes      |    B&B Tree     |            Objective Bounds              |  Dynamic Constraints |       Work      
Src  Proc. InQueue |  Leaves   Expl. | BestBound       BestSol              Gap |   Cuts   InLp Confl. | LpIters     Time

         0       0         0   0.00%   0.5964761124    inf                  inf        0      0      0         0     0.4s
 T       0       0         0   0.00%   0.5964761124    11.78663638       94.94%        0      0      0      1199     0.5s
         1       0         1 100.00%   11.78663638     11.78663638        0.00%        0      0      0      1199     0.5s

Solving report
  Status            Optimal
  Primal bound      11.7866363821
  Dual bound        11.7866363821
  Gap               0% (tolerance: 0.5%)
  P-D integral      8.05085910832e-05
  Solution status   feasible
                    11.7866363821 (objective)
                    0 (bound viol.)
                    0 (int. viol.)
                    0 (row viol.)
  Timing            0.48
  Max sub-MIP depth 0
  Nodes             1
  Repair LPs        0
  LP iterations     1199
                    0 (strong br.)
                    0 (separation)
                    0 (heuristics)
MIP has 10753 rows; 9409 cols; 25537 nonzeros; 1344 integer variables (1344 binary)
Coefficient ranges:
  Matrix  [2e-01, 2e+00]
  Cost    [5e-03, 6e-02]
  Bound   [1e+00, 1e+00]
  RHS     [2e-04, 5e+00]
Presolving model
8064 rows, 8808 cols, 22247 nonzeros 0s
6450 rows, 7528 cols, 18013 nonzeros 0s
4677 rows, 6023 cols, 13387 nonzeros 0s
2754 rows, 4239 cols, 8343 nonzeros 0s
2482 rows, 3967 cols, 7799 nonzeros 0s
Presolve reductions: rows 2482(-8271); columns 3967(-5442); nonzeros 7799(-17738) 

Solving MIP model with:
   2482 rows
   3967 cols (338 binary, 0 integer, 0 implied int., 3629 continuous, 0 domain fixed)
   7799 nonzeros

Src: B => Branching; C => Central rounding; F => Feasibility pump; H => Heuristic;
     I => Shifting; J => Feasibility jump; L => Sub-MIP; P => Empty MIP; R => Randomized rounding;
     S => Solve LP; T => Evaluate node; U => Unbounded; X => User solution; Y => HiGHS solution;
     Z => ZI Round; l => Trivial lower; p => Trivial point; u => Trivial upper; z => Trivial zero

        Nodes      |    B&B Tree     |            Objective Bounds              |  Dynamic Constraints |       Work      
Src  Proc. InQueue |  Leaves   Expl. | BestBound       BestSol              Gap |   Cuts   InLp Confl. | LpIters     Time

 J       0       0         0   0.00%   -inf            15.53823931        Large        0      0      0         0     0.4s
 T       0       0         0   0.00%   0.4610995122    12.07688613       96.18%        0      0      0      1238     0.5s
         1       0         1 100.00%   12.07688613     12.07688613        0.00%        0      0      0      1238     0.5s

Solving report
  Status            Optimal
  Primal bound      12.0768861278
  Dual bound        12.0768861278
  Gap               0% (tolerance: 0.5%)
  P-D integral      0.029558873721
  Solution status   feasible
                    12.0768861278 (objective)
                    0 (bound viol.)
                    0 (int. viol.)
                    0 (row viol.)
  Timing            0.47
  Max sub-MIP depth 0
  Nodes             1
  Repair LPs        0
  LP iterations     1238
                    0 (strong br.)
                    0 (separation)
                    0 (heuristics)
MIP has 10753 rows; 9409 cols; 25537 nonzeros; 1344 integer variables (1344 binary)
Coefficient ranges:
  Matrix  [2e-01, 2e+00]
  Cost    [5e-03, 6e-02]
  Bound   [1e+00, 1e+00]
  RHS     [3e-04, 5e+00]
Presolving model
8064 rows, 8828 cols, 22267 nonzeros 0s
6449 rows, 7547 cols, 18035 nonzeros 0s
4693 rows, 6059 cols, 13455 nonzeros 0s
2972 rows, 4414 cols, 8921 nonzeros 0s
2739 rows, 4181 cols, 8455 nonzeros 0s
Presolve reductions: rows 2739(-8014); columns 4181(-5228); nonzeros 8455(-17082) 

Solving MIP model with:
   2739 rows
   4181 cols (384 binary, 0 integer, 0 implied int., 3797 continuous, 0 domain fixed)
   8455 nonzeros

Src: B => Branching; C => Central rounding; F => Feasibility pump; H => Heuristic;
     I => Shifting; J => Feasibility jump; L => Sub-MIP; P => Empty MIP; R => Randomized rounding;
     S => Solve LP; T => Evaluate node; U => Unbounded; X => User solution; Y => HiGHS solution;
     Z => ZI Round; l => Trivial lower; p => Trivial point; u => Trivial upper; z => Trivial zero

        Nodes      |    B&B Tree     |            Objective Bounds              |  Dynamic Constraints |       Work      
Src  Proc. InQueue |  Leaves   Expl. | BestBound       BestSol              Gap |   Cuts   InLp Confl. | LpIters     Time

 J       0       0         0   0.00%   -inf            14.40332805        Large        0      0      0         0     0.4s
 T       0       0         0   0.00%   0.01525831      10.98403083       99.86%        0      0      0      1310     0.5s
         1       0         1 100.00%   10.98403083     10.98403083        0.00%        0      0      0      1310     0.5s

Solving report
  Status            Optimal
  Primal bound      10.984030831
  Dual bound        10.984030831
  Gap               0% (tolerance: 0.5%)
  P-D integral      0.0321787512612
  Solution status   feasible
                    10.984030831 (objective)
                    0 (bound viol.)
                    0 (int. viol.)
                    0 (row viol.)
  Timing            0.47
  Max sub-MIP depth 0
  Nodes             1
  Repair LPs        0
  LP iterations     1310
                    0 (strong br.)
                    0 (separation)
                    0 (heuristics)
MIP has 10753 rows; 9409 cols; 25537 nonzeros; 1344 integer variables (1344 binary)
Coefficient ranges:
  Matrix  [2e-01, 2e+00]
  Cost    [5e-03, 6e-02]
  Bound   [1e+00, 1e+00]
  RHS     [3e-04, 5e+00]
Presolving model
8064 rows, 8843 cols, 22282 nonzeros 0s
6415 rows, 7528 cols, 17978 nonzeros 0s
4603 rows, 5963 cols, 13257 nonzeros 0s
3397 rows, 4714 cols, 10042 nonzeros 0s
3235 rows, 4552 cols, 9718 nonzeros 0s
Presolve reductions: rows 3235(-7518); columns 4552(-4857); nonzeros 9718(-15819) 

Solving MIP model with:
   3235 rows
   4552 cols (483 binary, 0 integer, 0 implied int., 4069 continuous, 0 domain fixed)
   9718 nonzeros

Src: B => Branching; C => Central rounding; F => Feasibility pump; H => Heuristic;
     I => Shifting; J => Feasibility jump; L => Sub-MIP; P => Empty MIP; R => Randomized rounding;
     S => Solve LP; T => Evaluate node; U => Unbounded; X => User solution; Y => HiGHS solution;
     Z => ZI Round; l => Trivial lower; p => Trivial point; u => Trivial upper; z => Trivial zero

        Nodes      |    B&B Tree     |            Objective Bounds              |  Dynamic Constraints |       Work      
Src  Proc. InQueue |  Leaves   Expl. | BestBound       BestSol              Gap |   Cuts   InLp Confl. | LpIters     Time

 J       0       0         0   0.00%   -inf            10.39249172        Large        0      0      0         0     0.5s
 T       0       0         0   0.00%   -1.406328854    6.387238283      122.02%        0      0      0      1359     0.5s
         1       0         1 100.00%   6.387238283     6.387238283        0.00%        0      0      0      1359     0.5s

Solving report
  Status            Optimal
  Primal bound      6.38723828273
  Dual bound        6.38723828273
  Gap               0% (tolerance: 0.5%)
  P-D integral      0.044724451535
  Solution status   feasible
                    6.38723828273 (objective)
                    0 (bound viol.)
                    0 (int. viol.)
                    0 (row viol.)
  Timing            0.52
  Max sub-MIP depth 0
  Nodes             1
  Repair LPs        0
  LP iterations     1359
                    0 (strong br.)
                    0 (separation)
                    0 (heuristics)
MIP has 10753 rows; 9409 cols; 25537 nonzeros; 1344 integer variables (1344 binary)
Coefficient ranges:
  Matrix  [2e-01, 2e+00]
  Cost    [5e-03, 6e-02]
  Bound   [1e+00, 1e+00]
  RHS     [3e-04, 5e+00]
Presolving model
8064 rows, 8854 cols, 22293 nonzeros 0s
6425 rows, 7548 cols, 18008 nonzeros 0s
4630 rows, 6009 cols, 13326 nonzeros 0s
3237 rows, 4623 cols, 9617 nonzeros 0s
3035 rows, 4421 cols, 9213 nonzeros 0s
Presolve reductions: rows 3035(-7718); columns 4421(-4988); nonzeros 9213(-16324) 

Solving MIP model with:
   3035 rows
   4421 cols (440 binary, 0 integer, 0 implied int., 3981 continuous, 0 domain fixed)
   9213 nonzeros

Src: B => Branching; C => Central rounding; F => Feasibility pump; H => Heuristic;
     I => Shifting; J => Feasibility jump; L => Sub-MIP; P => Empty MIP; R => Randomized rounding;
     S => Solve LP; T => Evaluate node; U => Unbounded; X => User solution; Y => HiGHS solution;
     Z => ZI Round; l => Trivial lower; p => Trivial point; u => Trivial upper; z => Trivial zero

        Nodes      |    B&B Tree     |            Objective Bounds              |  Dynamic Constraints |       Work      
Src  Proc. InQueue |  Leaves   Expl. | BestBound       BestSol              Gap |   Cuts   InLp Confl. | LpIters     Time

 J       0       0         0   0.00%   -inf            11.49926335        Large        0      0      0         0     0.5s
 T       0       0         0   0.00%   -1.269550436    7.233495922      117.55%        0      0      0      1336     0.5s
         1       0         1 100.00%   7.233495922     7.233495922        0.00%        0      0      0      1336     0.5s

Solving report
  Status            Optimal
  Primal bound      7.23349592182
  Dual bound        7.23349592182
  Gap               0% (tolerance: 0.5%)
  P-D integral      0.040258465393
  Solution status   feasible
                    7.23349592182 (objective)
                    0 (bound viol.)
                    0 (int. viol.)
                    0 (row viol.)
  Timing            0.54
  Max sub-MIP depth 0
  Nodes             1
  Repair LPs        0
  LP iterations     1336
                    0 (strong br.)
                    0 (separation)
                    0 (heuristics)
MIP has 10753 rows; 9409 cols; 25537 nonzeros; 1344 integer variables (1344 binary)
Coefficient ranges:
  Matrix  [2e-01, 2e+00]
  Cost    [5e-03, 6e-02]
  Bound   [1e+00, 1e+00]
  RHS     [1e-04, 5e+00]
Presolving model
8064 rows, 8869 cols, 22308 nonzeros 0s
6433 rows, 7572 cols, 18044 nonzeros 0s
4675 rows, 6075 cols, 13453 nonzeros 0s
3261 rows, 4700 cols, 9728 nonzeros 0s
3051 rows, 4490 cols, 9308 nonzeros 0s
Presolve reductions: rows 3051(-7702); columns 4490(-4919); nonzeros 9308(-16229) 

Solving MIP model with:
   3051 rows
   4490 cols (442 binary, 0 integer, 0 implied int., 4048 continuous, 0 domain fixed)
   9308 nonzeros

Src: B => Branching; C => Central rounding; F => Feasibility pump; H => Heuristic;
     I => Shifting; J => Feasibility jump; L => Sub-MIP; P => Empty MIP; R => Randomized rounding;
     S => Solve LP; T => Evaluate node; U => Unbounded; X => User solution; Y => HiGHS solution;
     Z => ZI Round; l => Trivial lower; p => Trivial point; u => Trivial upper; z => Trivial zero

        Nodes      |    B&B Tree     |            Objective Bounds              |  Dynamic Constraints |       Work      
Src  Proc. InQueue |  Leaves   Expl. | BestBound       BestSol              Gap |   Cuts   InLp Confl. | LpIters     Time

         0       0         0   0.00%   -1.487691494    inf                  inf        0      0      0         0     0.5s
 T       0       0         0   0.00%   -1.487691494    6.308576427      123.58%        0      0      0      1345     0.5s
         1       0         1 100.00%   6.308576427     6.308576427        0.00%        0      0      0      1345     0.5s

Solving report
  Status            Optimal
  Primal bound      6.30857642727
  Dual bound        6.30857642727
  Gap               0% (tolerance: 0.5%)
  P-D integral      9.07092302449e-05
  Solution status   feasible
                    6.30857642727 (objective)
                    0 (bound viol.)
                    0 (int. viol.)
                    0 (row viol.)
  Timing            0.53
  Max sub-MIP depth 0
  Nodes             1
  Repair LPs        0
  LP iterations     1345
                    0 (strong br.)
                    0 (separation)
                    0 (heuristics)
MIP has 10753 rows; 9409 cols; 25537 nonzeros; 1344 integer variables (1344 binary)
Coefficient ranges:
  Matrix  [2e-01, 2e+00]
  Cost    [5e-03, 6e-02]
  Bound   [1e+00, 1e+00]
  RHS     [1e-04, 5e+00]
Presolving model
8064 rows, 8887 cols, 22326 nonzeros 0s
6399 rows, 7556 cols, 17994 nonzeros 0s
4592 rows, 5988 cols, 13283 nonzeros 0s
3779 rows, 5030 cols, 11056 nonzeros 0s
3673 rows, 4924 cols, 10844 nonzeros 0s
Presolve reductions: rows 3673(-7080); columns 4924(-4485); nonzeros 10844(-14693) 

Solving MIP model with:
   3673 rows
   4924 cols (562 binary, 0 integer, 0 implied int., 4362 continuous, 0 domain fixed)
   10844 nonzeros

Src: B => Branching; C => Central rounding; F => Feasibility pump; H => Heuristic;
     I => Shifting; J => Feasibility jump; L => Sub-MIP; P => Empty MIP; R => Randomized rounding;
     S => Solve LP; T => Evaluate node; U => Unbounded; X => User solution; Y => HiGHS solution;
     Z => ZI Round; l => Trivial lower; p => Trivial point; u => Trivial upper; z => Trivial zero

        Nodes      |    B&B Tree     |            Objective Bounds              |  Dynamic Constraints |       Work      
Src  Proc. InQueue |  Leaves   Expl. | BestBound       BestSol              Gap |   Cuts   InLp Confl. | LpIters     Time

 J       0       0         0   0.00%   -inf            5.556702069        Large        0      0      0         0     0.5s
 T       0       0         0   0.00%   -3.218920742    2.233662498      244.11%        0      0      0      1492     0.5s
         1       0         1 100.00%   2.233662498     2.233662498        0.00%        0      0      0      1492     0.5s

Solving report
  Status            Optimal
  Primal bound      2.23366249767
  Dual bound        2.23366249767
  Gap               0% (tolerance: 0.5%)
  P-D integral      0.0735123416325
  Solution status   feasible
                    2.23366249767 (objective)
                    0 (bound viol.)
                    0 (int. viol.)
                    0 (row viol.)
  Timing            0.52
  Max sub-MIP depth 0
  Nodes             1
  Repair LPs        0
  LP iterations     1492
                    0 (strong br.)
                    0 (separation)
                    0 (heuristics)
MIP has 10753 rows; 9409 cols; 25537 nonzeros; 1344 integer variables (1344 binary)
Coefficient ranges:
  Matrix  [2e-01, 2e+00]
  Cost    [5e-03, 6e-02]
  Bound   [1e+00, 1e+00]
  RHS     [1e-04, 5e+00]
Presolving model
8064 rows, 8895 cols, 22334 nonzeros 0s
6386 rows, 7549 cols, 17974 nonzeros 0s
4551 rows, 5932 cols, 13174 nonzeros 0s
3850 rows, 5057 cols, 11280 nonzeros 0s
3846 rows, 5053 cols, 11272 nonzeros 0s
Presolve reductions: rows 3846(-6907); columns 5053(-4356); nonzeros 11272(-14265) 

Solving MIP model with:
   3846 rows
   5053 cols (594 binary, 0 integer, 0 implied int., 4459 continuous, 0 domain fixed)
   11272 nonzeros

Src: B => Branching; C => Central rounding; F => Feasibility pump; H => Heuristic;
     I => Shifting; J => Feasibility jump; L => Sub-MIP; P => Empty MIP; R => Randomized rounding;
     S => Solve LP; T => Evaluate node; U => Unbounded; X => User solution; Y => HiGHS solution;
     Z => ZI Round; l => Trivial lower; p => Trivial point; u => Trivial upper; z => Trivial zero

        Nodes      |    B&B Tree     |            Objective Bounds              |  Dynamic Constraints |       Work      
Src  Proc. InQueue |  Leaves   Expl. | BestBound       BestSol              Gap |   Cuts   InLp Confl. | LpIters     Time

 J       0       0         0   0.00%   -inf            4.185165237        Large        0      0      0         0     0.5s
 T       0       0         0   0.00%   -3.679425199    0.9992150728     468.23%        0      0      0      1548     0.6s
         1       0         1 100.00%   0.9992150728    0.9992150728       0.00%        0      0      0      1548     0.6s

Solving report
  Status            Optimal
  Primal bound      0.999215072779
  Dual bound        0.999215072779
  Gap               0% (tolerance: 0.5%)
  P-D integral      0.0939626341727
  Solution status   feasible
                    0.999215072779 (objective)
                    0 (bound viol.)
                    0 (int. viol.)
                    0 (row viol.)
  Timing            0.55
  Max sub-MIP depth 0
  Nodes             1
  Repair LPs        0
  LP iterations     1548
                    0 (strong br.)
                    0 (separation)
                    0 (heuristics)
MIP has 10753 rows; 9409 cols; 25537 nonzeros; 1344 integer variables (1344 binary)
Coefficient ranges:
  Matrix  [2e-01, 2e+00]
  Cost    [5e-03, 6e-02]
  Bound   [1e+00, 1e+00]
  RHS     [3e-04, 5e+00]
Presolving model
8064 rows, 8904 cols, 22343 nonzeros 0s
6401 rows, 7562 cols, 17998 nonzeros 0s
4581 rows, 5976 cols, 13252 nonzeros 0s
3647 rows, 4879 cols, 10673 nonzeros 0s
3545 rows, 4777 cols, 10469 nonzeros 0s
Presolve reductions: rows 3545(-7208); columns 4777(-4632); nonzeros 10469(-15068) 

Solving MIP model with:
   3545 rows
   4777 cols (537 binary, 0 integer, 0 implied int., 4240 continuous, 0 domain fixed)
   10469 nonzeros

Src: B => Branching; C => Central rounding; F => Feasibility pump; H => Heuristic;
     I => Shifting; J => Feasibility jump; L => Sub-MIP; P => Empty MIP; R => Randomized rounding;
     S => Solve LP; T => Evaluate node; U => Unbounded; X => User solution; Y => HiGHS solution;
     Z => ZI Round; l => Trivial lower; p => Trivial point; u => Trivial upper; z => Trivial zero

        Nodes      |    B&B Tree     |            Objective Bounds              |  Dynamic Constraints |       Work      
Src  Proc. InQueue |  Leaves   Expl. | BestBound       BestSol              Gap |   Cuts   InLp Confl. | LpIters     Time

 J       0       0         0   0.00%   -inf            5.162017203        Large        0      0      0         0     0.4s
 T       0       0         0   0.00%   -2.852610823    1.998407236      242.74%        0      0      0      1452     0.5s
         1       0         1 100.00%   1.998407236     1.998407236        0.00%        0      0      0      1452     0.5s

Solving report
  Status            Optimal
  Primal bound      1.99840723621
  Dual bound        1.99840723621
  Gap               0% (tolerance: 0.5%)
  P-D integral      0.0674207245517
  Solution status   feasible
                    1.99840723621 (objective)
                    0 (bound viol.)
                    0 (int. viol.)
                    0 (row viol.)
  Timing            0.49
  Max sub-MIP depth 0
  Nodes             1
  Repair LPs        0
  LP iterations     1452
                    0 (strong br.)
                    0 (separation)
                    0 (heuristics)
MIP has 10753 rows; 9409 cols; 25537 nonzeros; 1344 integer variables (1344 binary)
Coefficient ranges:
  Matrix  [2e-01, 2e+00]
  Cost    [5e-03, 6e-02]
  Bound   [1e+00, 1e+00]
  RHS     [3e-04, 5e+00]
Presolving model
8064 rows, 8914 cols, 22353 nonzeros 0s
6402 rows, 7565 cols, 17998 nonzeros 0s
4609 rows, 6000 cols, 13304 nonzeros 0s
3586 rows, 4888 cols, 10541 nonzeros 0s
3457 rows, 4759 cols, 10283 nonzeros 0s
Presolve reductions: rows 3457(-7296); columns 4759(-4650); nonzeros 10283(-15254) 

Solving MIP model with:
   3457 rows
   4759 cols (517 binary, 0 integer, 0 implied int., 4242 continuous, 0 domain fixed)
   10283 nonzeros

Src: B => Branching; C => Central rounding; F => Feasibility pump; H => Heuristic;
     I => Shifting; J => Feasibility jump; L => Sub-MIP; P => Empty MIP; R => Randomized rounding;
     S => Solve LP; T => Evaluate node; U => Unbounded; X => User solution; Y => HiGHS solution;
     Z => ZI Round; l => Trivial lower; p => Trivial point; u => Trivial upper; z => Trivial zero

        Nodes      |    B&B Tree     |            Objective Bounds              |  Dynamic Constraints |       Work      
Src  Proc. InQueue |  Leaves   Expl. | BestBound       BestSol              Gap |   Cuts   InLp Confl. | LpIters     Time

 J       0       0         0   0.00%   -inf            6.093871846        Large        0      0      0         0     0.5s
 T       0       0         0   0.00%   -2.721551866    2.678599663      201.60%        0      0      0      1444     0.5s
         1       0         1 100.00%   2.678599663     2.678599663        0.00%        0      0      0      1444     0.5s

Solving report
  Status            Optimal
  Primal bound      2.67859966256
  Dual bound        2.67859966256
  Gap               0% (tolerance: 0.5%)
  P-D integral      0.0592480860398
  Solution status   feasible
                    2.67859966256 (objective)
                    0 (bound viol.)
                    0 (int. viol.)
                    0 (row viol.)
  Timing            0.51
  Max sub-MIP depth 0
  Nodes             1
  Repair LPs        0
  LP iterations     1444
                    0 (strong br.)
                    0 (separation)
                    0 (heuristics)
MIP has 10753 rows; 9409 cols; 25537 nonzeros; 1344 integer variables (1344 binary)
Coefficient ranges:
  Matrix  [2e-01, 2e+00]
  Cost    [5e-03, 6e-02]
  Bound   [1e+00, 1e+00]
  RHS     [3e-04, 5e+00]
Presolving model
8064 rows, 8907 cols, 22346 nonzeros 0s
6406 rows, 7540 cols, 17986 nonzeros 0s
4595 rows, 5957 cols, 13243 nonzeros 0s
3356 rows, 4647 cols, 9902 nonzeros 0s
3195 rows, 4486 cols, 9578 nonzeros 0s
Presolve reductions: rows 3195(-7558); columns 4486(-4923); nonzeros 9578(-15959) 

Solving MIP model with:
   3195 rows
   4486 cols (475 binary, 0 integer, 0 implied int., 4011 continuous, 0 domain fixed)
   9578 nonzeros

Src: B => Branching; C => Central rounding; F => Feasibility pump; H => Heuristic;
     I => Shifting; J => Feasibility jump; L => Sub-MIP; P => Empty MIP; R => Randomized rounding;
     S => Solve LP; T => Evaluate node; U => Unbounded; X => User solution; Y => HiGHS solution;
     Z => ZI Round; l => Trivial lower; p => Trivial point; u => Trivial upper; z => Trivial zero

        Nodes      |    B&B Tree     |            Objective Bounds              |  Dynamic Constraints |       Work      
Src  Proc. InQueue |  Leaves   Expl. | BestBound       BestSol              Gap |   Cuts   InLp Confl. | LpIters     Time

 J       0       0         0   0.00%   -inf            6.084110926        Large        0      0      0         0     0.5s
 T       0       0         0   0.00%   -2.599947994    2.824729284      192.04%        0      0      0      1353     0.5s
         1       0         1 100.00%   2.824729284     2.824729284        0.00%        0      0      0      1353     0.5s

Solving report
  Status            Optimal
  Primal bound      2.82472928355
  Dual bound        2.82472928355
  Gap               0% (tolerance: 0.5%)
  P-D integral      0.0566169927583
  Solution status   feasible
                    2.82472928355 (objective)
                    0 (bound viol.)
                    0 (int. viol.)
                    0 (row viol.)
  Timing            0.53
  Max sub-MIP depth 0
  Nodes             1
  Repair LPs        0
  LP iterations     1353
                    0 (strong br.)
                    0 (separation)
                    0 (heuristics)
MIP has 10754 rows; 9409 cols; 25538 nonzeros; 1344 integer variables (1344 binary)
Coefficient ranges:
  Matrix  [2e-01, 2e+00]
  Cost    [5e-03, 6e-02]
  Bound   [1e+00, 1e+00]
  RHS     [2e-04, 5e+00]
Presolving model
8064 rows, 8950 cols, 22389 nonzeros 0s
6404 rows, 7587 cols, 18006 nonzeros 0s
4614 rows, 6033 cols, 13318 nonzeros 0s
3342 rows, 4730 cols, 9907 nonzeros 0s
3179 rows, 4567 cols, 9581 nonzeros 0s
Presolve reductions: rows 3179(-7575); columns 4567(-4842); nonzeros 9581(-15957) 

Solving MIP model with:
   3179 rows
   4567 cols (459 binary, 0 integer, 0 implied int., 4108 continuous, 0 domain fixed)
   9581 nonzeros

Src: B => Branching; C => Central rounding; F => Feasibility pump; H => Heuristic;
     I => Shifting; J => Feasibility jump; L => Sub-MIP; P => Empty MIP; R => Randomized rounding;
     S => Solve LP; T => Evaluate node; U => Unbounded; X => User solution; Y => HiGHS solution;
     Z => ZI Round; l => Trivial lower; p => Trivial point; u => Trivial upper; z => Trivial zero

        Nodes      |    B&B Tree     |            Objective Bounds              |  Dynamic Constraints |       Work      
Src  Proc. InQueue |  Leaves   Expl. | BestBound       BestSol              Gap |   Cuts   InLp Confl. | LpIters     Time

         0       0         0   0.00%   -1.437788841    inf                  inf        0      0      0         0     0.5s
 T       0       0         0   0.00%   -1.437788841    4.850430562      129.64%        0      0      0      1378     0.6s
         1       0         1 100.00%   4.850430562     4.850430562        0.00%        0      0      0      1378     0.6s

Solving report
  Status            Optimal
  Primal bound      4.85043056201
  Dual bound        4.85043056201
  Gap               0% (tolerance: 0.5%)
  P-D integral      9.78800964548e-05
  Solution status   feasible
                    4.85043056201 (objective)
                    0 (bound viol.)
                    0 (int. viol.)
                    0 (row viol.)
  Timing            0.57
  Max sub-MIP depth 0
  Nodes             1
  Repair LPs        0
  LP iterations     1378
                    0 (strong br.)
                    0 (separation)
                    0 (heuristics)
