MIP has 10753 rows; 9409 cols; 25537 nonzeros; 1344 integer variables (1344 binary)
Coefficient ranges:
  Matrix  [2e-01, 2e+00]
  Cost    [1e-02, 6e-02]
  Bound   [1e+00, 1e+00]
  RHS     [7e-05, 4e+00]
WARNING: Problem has some excessively small row bounds
Presolving model
8064 rows, 8598 cols, 22037 nonzeros 0s
6420 rows, 7288 cols, 17747 nonzeros 0s
4643 rows, 5780 cols, 13126 nonzeros 0s
2723 rows, 4003 cols, 8093 nonzeros 0s
1643 rows, 3081 cols, 5459 nonzeros 0s
1488 rows, 2925 cols, 5148 nonzeros 0s
Presolve reductions: rows 1488(-9265); columns 2925(-6484); nonzeros 5148(-20389) 

Solving MIP model with:
   1488 rows
   2925 cols (184 binary, 0 integer, 0 implied int., 2741 continuous, 0 domain fixed)
   5148 nonzeros

Src: B => Branching; C => Central rounding; F => Feasibility pump; H => Heuristic;
     I => Shifting; J => Feasibility jump; L => Sub-MIP; P => Empty MIP; R => Randomized rounding;
     S => Solve LP; T => Evaluate node; U => Unbounded; X => User solution; Y => HiGHS solution;
     Z => ZI Round; l => Trivial lower; p => Trivial point; u => Trivial upper; z => Trivial zero

        Nodes      |    B&B Tree     |            Objective Bounds              |  Dynamic Constraints |       Work      
Src  Proc. InQueue |  Leaves   Expl. | BestBound       BestSol              Gap |   Cuts   InLp Confl. | LpIters     Time

 J       0       0         0   0.00%   -inf            18.28056715        Large        0      0      0         0     0.4s
 T       0       0         0   0.00%   -0.553553896    16.64759844      103.33%        0      0      0       686     0.4s
         1       0         1 100.00%   16.64759844     16.64759844        0.00%        0      0      0       686     0.4s

Solving report
  Status            Optimal
  Primal bound      16.6475984414
  Dual bound        16.6475984414
  Gap               0% (tolerance: 0.5%)
  P-D integral      0.0275856886998
  Solution status   feasible
                    16.6475984414 (objective)
                    0 (bound viol.)
                    0 (int. viol.)
                    0 (row viol.)
  Timing            0.45
  Max sub-MIP depth 0
  Nodes             1
  Repair LPs        0
  LP iterations     686
                    0 (strong br.)
                    0 (separation)
                    0 (heuristics)
MIP has 10753 rows; 9409 cols; 25537 nonzeros; 1344 integer variables (1344 binary)
Coefficient ranges:
  Matrix  [2e-01, 2e+00]
  Cost    [1e-02, 6e-02]
  Bound   [1e+00, 1e+00]
  RHS     [8e-04, 4e+00]
Presolving model
8064 rows, 8601 cols, 22040 nonzeros 0s
6427 rows, 7298 cols, 17764 nonzeros 0s
4669 rows, 5811 cols, 13183 nonzeros 0s
2742 rows, 4035 cols, 8144 nonzeros 0s
1519 rows, 2959 cols, 5113 nonzeros 0s
1347 rows, 2786 cols, 4768 nonzeros 0s
Presolve reductions: rows 1347(-9406); columns 2786(-6623); nonzeros 4768(-20769) 

Solving MIP model with:
   1347 rows
   2786 cols (159 binary, 0 integer, 0 implied int., 2627 continuous, 0 domain fixed)
   4768 nonzeros

Src: B => Branching; C => Central rounding; F => Feasibility pump; H => Heuristic;
     I => Shifting; J => Feasibility jump; L => Sub-MIP; P => Empty MIP; R => Randomized rounding;
     S => Solve LP; T => Evaluate node; U => Unbounded; X => User solution; Y => HiGHS solution;
     Z => ZI Round; l => Trivial lower; p => Trivial point; u => Trivial upper; z => Trivial zero

        Nodes      |    B&B Tree     |            Objective Bounds              |  Dynamic Constraints |       Work      
Src  Proc. InQueue |  Leaves   Expl. | BestBound       BestSol              Gap |   Cuts   InLp Confl. | LpIters     Time

 J       0       0         0   0.00%   -inf            20.61819987        Large        0      0      0         0     0.4s
 T       0       0         0   0.00%   -0.0577632799   19.01778374      100.30%        0      0      0       616     0.4s
         1       0         1 100.00%   19.01778374     19.01778374        0.00%        0      0      0       616     0.4s

Solving report
  Status            Optimal
  Primal bound      19.0177837436
  Dual bound        19.0177837436
  Gap               0% (tolerance: 0.5%)
  P-D integral      0.025399374814
  Solution status   feasible
                    19.0177837436 (objective)
                    0 (bound viol.)
                    0 (int. viol.)
                    0 (row viol.)
  Timing            0.42
  Max sub-MIP depth 0
  Nodes             1
  Repair LPs        0
  LP iterations     616
                    0 (strong br.)
                    0 (separation)
                    0 (heuristics)
MIP has 10753 rows; 9409 cols; 25537 nonzeros; 1344 integer variables (1344 binary)
Coefficient ranges:
  Matrix  [2e-01, 2e+00]
  Cost    [1e-02, 6e-02]
  Bound   [1e+00, 1e+00]
  RHS     [3e-04, 4e+00]
Presolving model
8064 rows, 8609 cols, 22048 nonzeros 0s
6435 rows, 7314 cols, 17784 nonzeros 0s
4648 rows, 5799 cols, 13131 nonzeros 0s
2741 rows, 4038 cols, 8118 nonzeros 0s
2539 rows, 3181 cols, 5785 nonzeros 0s
1362 rows, 2787 cols, 4634 nonzeros 0s
1115 rows, 2406 cols, 4006 nonzeros 0s
1064 rows, 2244 cols, 3793 nonzeros 0s
Presolve reductions: rows 1064(-9689); columns 2244(-7165); nonzeros 3793(-21744) 

Solving MIP model with:
   1064 rows
   2244 cols (122 binary, 0 integer, 0 implied int., 2122 continuous, 0 domain fixed)
   3793 nonzeros

Src: B => Branching; C => Central rounding; F => Feasibility pump; H => Heuristic;
     I => Shifting; J => Feasibility jump; L => Sub-MIP; P => Empty MIP; R => Randomized rounding;
     S => Solve LP; T => Evaluate node; U => Unbounded; X => User solution; Y => HiGHS solution;
     Z => ZI Round; l => Trivial lower; p => Trivial point; u => Trivial upper; z => Trivial zero

        Nodes      |    B&B Tree     |            Objective Bounds              |  Dynamic Constraints |       Work      
Src  Proc. InQueue |  Leaves   Expl. | BestBound       BestSol              Gap |   Cuts   InLp Confl. | LpIters     Time

 J       0       0         0   0.00%   -inf            19.38229808        Large        0      0      0         0     0.5s
 T       0       0         0   0.00%   4.375699691     18.61101593       76.49%        0      0      0       447     0.5s
         1       0         1 100.00%   18.61101593     18.61101593        0.00%        0      0      0       447     0.5s

Solving report
  Status            Optimal
  Primal bound      18.6110159338
  Dual bound        18.6110159338
  Gap               0% (tolerance: 0.5%)
  P-D integral      0.0136214957943
  Solution status   feasible
                    18.6110159338 (objective)
                    0 (bound viol.)
                    0 (int. viol.)
                    0 (row viol.)
  Timing            0.51
  Max sub-MIP depth 0
  Nodes             1
  Repair LPs        0
  LP iterations     447
                    0 (strong br.)
                    0 (separation)
                    0 (heuristics)
MIP has 10753 rows; 9409 cols; 25537 nonzeros; 1344 integer variables (1344 binary)
Coefficient ranges:
  Matrix  [2e-01, 2e+00]
  Cost    [1e-02, 6e-02]
  Bound   [1e+00, 1e+00]
  RHS     [3e-04, 4e+00]
Presolving model
8064 rows, 8617 cols, 22056 nonzeros 0s
6416 rows, 7303 cols, 17754 nonzeros 0s
4634 rows, 5788 cols, 13106 nonzeros 0s
2715 rows, 4008 cols, 8066 nonzeros 0s
1587 rows, 2942 cols, 5235 nonzeros 0s
1389 rows, 2612 cols, 4707 nonzeros 0s
Presolve reductions: rows 1389(-9364); columns 2612(-6797); nonzeros 4707(-20830) 

Solving MIP model with:
   1389 rows
   2612 cols (177 binary, 0 integer, 0 implied int., 2435 continuous, 0 domain fixed)
   4707 nonzeros

Src: B => Branching; C => Central rounding; F => Feasibility pump; H => Heuristic;
     I => Shifting; J => Feasibility jump; L => Sub-MIP; P => Empty MIP; R => Randomized rounding;
     S => Solve LP; T => Evaluate node; U => Unbounded; X => User solution; Y => HiGHS solution;
     Z => ZI Round; l => Trivial lower; p => Trivial point; u => Trivial upper; z => Trivial zero

        Nodes      |    B&B Tree     |            Objective Bounds              |  Dynamic Constraints |       Work      
Src  Proc. InQueue |  Leaves   Expl. | BestBound       BestSol              Gap |   Cuts   InLp Confl. | LpIters     Time

 J       0       0         0   0.00%   -inf            19.29852182        Large        0      0      0         0     0.5s
 T       0       0         0   0.00%   2.49451238      16.61502717       84.99%        0      0      0       588     0.5s
         1       0         1 100.00%   16.61502717     16.61502717        0.00%        0      0      0       588     0.5s

Solving report
  Status            Optimal
  Primal bound      16.6150271723
  Dual bound        16.6150271723
  Gap               0% (tolerance: 0.5%)
  P-D integral      0.0226646928142
  Solution status   feasible
                    16.6150271723 (objective)
                    0 (bound viol.)
                    0 (int. viol.)
                    0 (row viol.)
  Timing            0.54
  Max sub-MIP depth 0
  Nodes             1
  Repair LPs        0
  LP iterations     588
                    0 (strong br.)
                    0 (separation)
                    0 (heuristics)
MIP has 10753 rows; 9409 cols; 25537 nonzeros; 1344 integer variables (1344 binary)
Coefficient ranges:
  Matrix  [2e-01, 2e+00]
  Cost    [1e-02, 6e-02]
  Bound   [1e+00, 1e+00]
  RHS     [7e-04, 4e+00]
Presolving model
8064 rows, 8611 cols, 22050 nonzeros 0s
6393 rows, 7274 cols, 17702 nonzeros 0s
4576 rows, 5714 cols, 12969 nonzeros 0s
2617 rows, 3865 cols, 7825 nonzeros 0s
1894 rows, 3101 cols, 6026 nonzeros 0s
1765 rows, 2792 cols, 5588 nonzeros 0s
Presolve reductions: rows 1765(-8988); columns 2792(-6617); nonzeros 5588(-19949) 

Solving MIP model with:
   1765 rows
   2792 cols (258 binary, 0 integer, 0 implied int., 2534 continuous, 0 domain fixed)
   5588 nonzeros

Src: B => Branching; C => Central rounding; F => Feasibility pump; H => Heuristic;
     I => Shifting; J => Feasibility jump; L => Sub-MIP; P => Empty MIP; R => Randomized rounding;
     S => Solve LP; T => Evaluate node; U => Unbounded; X => User solution; Y => HiGHS solution;
     Z => ZI Round; l => Trivial lower; p => Trivial point; u => Trivial upper; z => Trivial zero

        Nodes      |    B&B Tree     |            Objective Bounds              |  Dynamic Constraints |       Work      
Src  Proc. InQueue |  Leaves   Expl. | BestBound       BestSol              Gap |   Cuts   InLp Confl. | LpIters     Time

 J       0       0         0   0.00%   -inf            17.83578793        Large        0      0      0         0     0.6s
 T       0       0         0   0.00%   2.365526717     11.8251587        80.00%        0      0      0       730     0.6s
         1       0         1 100.00%   11.8251587      11.8251587         0.00%        0      0      0       730     0.6s

Solving report
  Status            Optimal
  Primal bound      11.8251586974
  Dual bound        11.8251586974
  Gap               0% (tolerance: 0.5%)
  P-D integral      0.0263347306409
  Solution status   feasible
                    11.8251586974 (objective)
                    0 (bound viol.)
                    0 (int. viol.)
                    0 (row viol.)
  Timing            0.64
  Max sub-MIP depth 0
  Nodes             1
  Repair LPs        0
  LP iterations     730
                    0 (strong br.)
                    0 (separation)
                    0 (heuristics)
MIP has 10753 rows; 9409 cols; 25537 nonzeros; 1344 integer variables (1344 binary)
Coefficient ranges:
  Matrix  [2e-01, 2e+00]
  Cost    [1e-02, 6e-02]
  Bound   [1e+00, 1e+00]
  RHS     [7e-04, 4e+00]
Presolving model
8064 rows, 8635 cols, 22074 nonzeros 0s
6395 rows, 7300 cols, 17734 nonzeros 0s
4582 rows, 5743 cols, 13028 nonzeros 0s
4434 rows, 4336 cols, 9469 nonzeros 0s
2612 rows, 3850 cols, 7829 nonzeros 0s
2224 rows, 3479 cols, 7002 nonzeros 0s
Presolve reductions: rows 2224(-8529); columns 3479(-5930); nonzeros 7002(-18535) 

Solving MIP model with:
   2224 rows
   3479 cols (325 binary, 0 integer, 0 implied int., 3154 continuous, 0 domain fixed)
   7002 nonzeros

Src: B => Branching; C => Central rounding; F => Feasibility pump; H => Heuristic;
     I => Shifting; J => Feasibility jump; L => Sub-MIP; P => Empty MIP; R => Randomized rounding;
     S => Solve LP; T => Evaluate node; U => Unbounded; X => User solution; Y => HiGHS solution;
     Z => ZI Round; l => Trivial lower; p => Trivial point; u => Trivial upper; z => Trivial zero

        Nodes      |    B&B Tree     |            Objective Bounds              |  Dynamic Constraints |       Work      
Src  Proc. InQueue |  Leaves   Expl. | BestBound       BestSol              Gap |   Cuts   InLp Confl. | LpIters     Time

 J       0       0         0   0.00%   -inf            15.07885509        Large        0      0      0         0     0.4s
 T       0       0         0   0.00%   -2.27282055     8.582785708      126.48%        0      0      0       956     0.5s
         1       0         1 100.00%   8.582785708     8.582785708        0.00%        0      0      0       956     0.5s

Solving report
  Status            Optimal
  Primal bound      8.58278570828
  Dual bound        8.58278570828
  Gap               0% (tolerance: 0.5%)
  P-D integral      0.0406902701293
  Solution status   feasible
                    8.58278570828 (objective)
                    0 (bound viol.)
                    0 (int. viol.)
                    0 (row viol.)
  Timing            0.48
  Max sub-MIP depth 0
  Nodes             1
  Repair LPs        0
  LP iterations     956
                    0 (strong br.)
                    0 (separation)
                    0 (heuristics)
MIP has 10753 rows; 9409 cols; 25537 nonzeros; 1344 integer variables (1344 binary)
Coefficient ranges:
  Matrix  [2e-01, 2e+00]
  Cost    [1e-02, 6e-02]
  Bound   [1e+00, 1e+00]
  RHS     [1e-04, 4e+00]
Presolving model
8064 rows, 8674 cols, 22113 nonzeros 0s
6395 rows, 7339 cols, 17773 nonzeros 0s
4576 rows, 5771 cols, 13050 nonzeros 0s
2706 rows, 3943 cols, 8088 nonzeros 0s
2437 rows, 3674 cols, 7550 nonzeros 0s
Presolve reductions: rows 2437(-8316); columns 3674(-5735); nonzeros 7550(-17987) 

Solving MIP model with:
   2437 rows
   3674 cols (360 binary, 0 integer, 0 implied int., 3314 continuous, 0 domain fixed)
   7550 nonzeros

Src: B => Branching; C => Central rounding; F => Feasibility pump; H => Heuristic;
     I => Shifting; J => Feasibility jump; L => Sub-MIP; P => Empty MIP; R => Randomized rounding;
     S => Solve LP; T => Evaluate node; U => Unbounded; X => User solution; Y => HiGHS solution;
     Z => ZI Round; l => Trivial lower; p => Trivial point; u => Trivial upper; z => Trivial zero

        Nodes      |    B&B Tree     |            Objective Bounds              |  Dynamic Constraints |       Work      
Src  Proc. InQueue |  Leaves   Expl. | BestBound       BestSol              Gap |   Cuts   InLp Confl. | LpIters     Time

         0       0         0   0.00%   -1.843212644    inf                  inf        0      0      0         0     0.5s
 T       0       0         0   0.00%   -1.843212644    8.788560799      120.97%        0      0      0      1017     0.5s
         1       0         1 100.00%   8.788560799     8.788560799        0.00%        0      0      0      1017     0.5s

Solving report
  Status            Optimal
  Primal bound      8.78856079897
  Dual bound        8.78856079897
  Gap               0% (tolerance: 0.5%)
  P-D integral      8.12937654945e-05
  Solution status   feasible
                    8.78856079897 (objective)
                    0 (bound viol.)
                    0 (int. viol.)
                    0 (row viol.)
  Timing            0.51
  Max sub-MIP depth 0
  Nodes             1
  Repair LPs        0
  LP iterations     1017
                    0 (strong br.)
                    0 (separation)
                    0 (heuristics)
MIP has 10753 rows; 9409 cols; 25537 nonzeros; 1344 integer variables (1344 binary)
Coefficient ranges:
  Matrix  [2e-01, 2e+00]
  Cost    [1e-02, 6e-02]
  Bound   [1e+00, 1e+00]
  RHS     [1e-04, 4e+00]
Presolving model
8064 rows, 8692 cols, 22131 nonzeros 0s
6365 rows, 7327 cols, 17727 nonzeros 0s
4527 rows, 5720 cols, 12934 nonzeros 0s
2955 rows, 4119 cols, 8745 nonzeros 0s
2735 rows, 3898 cols, 8302 nonzeros 0s
Presolve reductions: rows 2735(-8018); columns 3898(-5511); nonzeros 8302(-17235) 

Solving MIP model with:
   2735 rows
   3898 cols (418 binary, 0 integer, 0 implied int., 3480 continuous, 0 domain fixed)
   8302 nonzeros

Src: B => Branching; C => Central rounding; F => Feasibility pump; H => Heuristic;
     I => Shifting; J => Feasibility jump; L => Sub-MIP; P => Empty MIP; R => Randomized rounding;
     S => Solve LP; T => Evaluate node; U => Unbounded; X => User solution; Y => HiGHS solution;
     Z => ZI Round; l => Trivial lower; p => Trivial point; u => Trivial upper; z => Trivial zero

        Nodes      |    B&B Tree     |            Objective Bounds              |  Dynamic Constraints |       Work      
Src  Proc. InQueue |  Leaves   Expl. | BestBound       BestSol              Gap |   Cuts   InLp Confl. | LpIters     Time

         0       0         0   0.00%   -1.619854498    inf                  inf        0      0      0         0     0.6s
 T       0       0         0   0.00%   -1.619854498    4.278055233      137.86%        0      0      0      1069     0.7s
         1       0         1 100.00%   4.278055233     4.278055233        0.00%        0      0      0      1069     0.7s

Solving report
  Status            Optimal
  Primal bound      4.27805523335
  Dual bound        4.27805523335
  Gap               0% (tolerance: 0.5%)
  P-D integral      0.000100916633606
  Solution status   feasible
                    4.27805523335 (objective)
                    0 (bound viol.)
                    0 (int. viol.)
                    0 (row viol.)
  Timing            0.68
  Max sub-MIP depth 0
  Nodes             1
  Repair LPs        0
  LP iterations     1069
                    0 (strong br.)
                    0 (separation)
                    0 (heuristics)
MIP has 10753 rows; 9409 cols; 25537 nonzeros; 1344 integer variables (1344 binary)
Coefficient ranges:
  Matrix  [2e-01, 2e+00]
  Cost    [1e-02, 6e-02]
  Bound   [1e+00, 1e+00]
  RHS     [2e-04, 4e+00]
Presolving model
8064 rows, 8707 cols, 22146 nonzeros 0s
6386 rows, 7363 cols, 17788 nonzeros 0s
4562 rows, 5781 cols, 13046 nonzeros 0s
2972 rows, 4185 cols, 8812 nonzeros 0s
2735 rows, 3947 cols, 8337 nonzeros 0s
Presolve reductions: rows 2735(-8018); columns 3947(-5462); nonzeros 8337(-17200) 

Solving MIP model with:
   2735 rows
   3947 cols (414 binary, 0 integer, 0 implied int., 3533 continuous, 0 domain fixed)
   8337 nonzeros

Src: B => Branching; C => Central rounding; F => Feasibility pump; H => Heuristic;
     I => Shifting; J => Feasibility jump; L => Sub-MIP; P => Empty MIP; R => Randomized rounding;
     S => Solve LP; T => Evaluate node; U => Unbounded; X => User solution; Y => HiGHS solution;
     Z => ZI Round; l => Trivial lower; p => Trivial point; u => Trivial upper; z => Trivial zero

        Nodes      |    B&B Tree     |            Objective Bounds              |  Dynamic Constraints |       Work      
Src  Proc. InQueue |  Leaves   Expl. | BestBound       BestSol              Gap |   Cuts   InLp Confl. | LpIters     Time

         0       0         0   0.00%   -2.443431896    inf                  inf        0      0      0         0     0.6s
 T       0       0         0   0.00%   -2.443431896    4.093034124      159.70%        0      0      0      1078     0.6s
         1       0         1 100.00%   4.093034124     4.093034124        0.00%        0      0      0      1078     0.6s

Solving report
  Status            Optimal
  Primal bound      4.0930341243
  Dual bound        4.0930341243
  Gap               0% (tolerance: 0.5%)
  P-D integral      0.000132389068229
  Solution status   feasible
                    4.0930341243 (objective)
                    0 (bound viol.)
                    0 (int. viol.)
                    0 (row viol.)
  Timing            0.64
  Max sub-MIP depth 0
  Nodes             1
  Repair LPs        0
  LP iterations     1078
                    0 (strong br.)
                    0 (separation)
                    0 (heuristics)
MIP has 10753 rows; 9409 cols; 25537 nonzeros; 1344 integer variables (1344 binary)
Coefficient ranges:
  Matrix  [2e-01, 2e+00]
  Cost    [1e-02, 6e-02]
  Bound   [1e+00, 1e+00]
  RHS     [2e-04, 4e+00]
Presolving model
8064 rows, 8724 cols, 22163 nonzeros 0s
6383 rows, 7377 cols, 17795 nonzeros 0s
4568 rows, 5800 cols, 13055 nonzeros 0s
2929 rows, 4168 cols, 8710 nonzeros 0s
2678 rows, 3848 cols, 8139 nonzeros 0s
Presolve reductions: rows 2678(-8075); columns 3848(-5561); nonzeros 8139(-17398) 

Solving MIP model with:
   2678 rows
   3848 cols (404 binary, 0 integer, 0 implied int., 3444 continuous, 0 domain fixed)
   8139 nonzeros

Src: B => Branching; C => Central rounding; F => Feasibility pump; H => Heuristic;
     I => Shifting; J => Feasibility jump; L => Sub-MIP; P => Empty MIP; R => Randomized rounding;
     S => Solve LP; T => Evaluate node; U => Unbounded; X => User solution; Y => HiGHS solution;
     Z => ZI Round; l => Trivial lower; p => Trivial point; u => Trivial upper; z => Trivial zero

        Nodes      |    B&B Tree     |            Objective Bounds              |  Dynamic Constraints |       Work      
Src  Proc. InQueue |  Leaves   Expl. | BestBound       BestSol              Gap |   Cuts   InLp Confl. | LpIters     Time

         0       0         0   0.00%   -2.258319814    inf                  inf        0      0      0         0     0.6s
 T       0       0         0   0.00%   -2.258319814    4.397098633      151.36%        0      0      0      1140     0.6s
         1       0         1 100.00%   4.397098633     4.397098633        0.00%        0      0      0      1140     0.6s

Solving report
  Status            Optimal
  Primal bound      4.39709863264
  Dual bound        4.39709863264
  Gap               0% (tolerance: 0.5%)
  P-D integral      0.000118665704846
  Solution status   feasible
                    4.39709863264 (objective)
                    0 (bound viol.)
                    0 (int. viol.)
                    0 (row viol.)
  Timing            0.63
  Max sub-MIP depth 0
  Nodes             1
  Repair LPs        0
  LP iterations     1140
                    0 (strong br.)
                    0 (separation)
                    0 (heuristics)
MIP has 10753 rows; 9409 cols; 25537 nonzeros; 1344 integer variables (1344 binary)
Coefficient ranges:
  Matrix  [2e-01, 2e+00]
  Cost    [1e-02, 6e-02]
  Bound   [1e+00, 1e+00]
  RHS     [2e-04, 4e+00]
Presolving model
8064 rows, 8744 cols, 22183 nonzeros 0s
6388 rows, 7402 cols, 17825 nonzeros 0s
4561 rows, 5815 cols, 13063 nonzeros 0s
2974 rows, 4221 cols, 8833 nonzeros 0s
2745 rows, 3980 cols, 8363 nonzeros 0s
Presolve reductions: rows 2745(-8008); columns 3980(-5429); nonzeros 8363(-17174) 

Solving MIP model with:
   2745 rows
   3980 cols (410 binary, 0 integer, 0 implied int., 3570 continuous, 0 domain fixed)
   8363 nonzeros

Src: B => Branching; C => Central rounding; F => Feasibility pump; H => Heuristic;
     I => Shifting; J => Feasibility jump; L => Sub-MIP; P => Empty MIP; R => Randomized rounding;
     S => Solve LP; T => Evaluate node; U => Unbounded; X => User solution; Y => HiGHS solution;
     Z => ZI Round; l => Trivial lower; p => Trivial point; u => Trivial upper; z => Trivial zero

        Nodes      |    B&B Tree     |            Objective Bounds              |  Dynamic Constraints |       Work      
Src  Proc. InQueue |  Leaves   Expl. | BestBound       BestSol              Gap |   Cuts   InLp Confl. | LpIters     Time

         0       0         0   0.00%   -4.801726141    inf                  inf        0      0      0         0     0.6s
 T       0       0         0   0.00%   -4.801726141    2.345085996      304.76%        0      0      0      1197     0.7s
         1       0         1 100.00%   2.345085996     2.345085996        0.00%        0      0      0      1197     0.7s

Solving report
  Status            Optimal
  Primal bound      2.34508599626
  Dual bound        2.34508599626
  Gap               0% (tolerance: 0.5%)
  P-D integral      0.000494315738247
  Solution status   feasible
                    2.34508599626 (objective)
                    0 (bound viol.)
                    0 (int. viol.)
                    0 (row viol.)
  Timing            0.68
  Max sub-MIP depth 0
  Nodes             1
  Repair LPs        0
  LP iterations     1197
                    0 (strong br.)
                    0 (separation)
                    0 (heuristics)
MIP has 10753 rows; 9409 cols; 25537 nonzeros; 1344 integer variables (1344 binary)
Coefficient ranges:
  Matrix  [2e-01, 2e+00]
  Cost    [1e-02, 6e-02]
  Bound   [1e+00, 1e+00]
  RHS     [5e-04, 4e+00]
Presolving model
8064 rows, 8764 cols, 22203 nonzeros 0s
6409 rows, 7443 cols, 17891 nonzeros 0s
4606 rows, 5890 cols, 13199 nonzeros 0s
3020 rows, 4331 cols, 8994 nonzeros 0s
2787 rows, 4098 cols, 8528 nonzeros 0s
Presolve reductions: rows 2787(-7966); columns 4098(-5311); nonzeros 8528(-17009) 

Solving MIP model with:
   2787 rows
   4098 cols (411 binary, 0 integer, 0 implied int., 3687 continuous, 0 domain fixed)
   8528 nonzeros

Src: B => Branching; C => Central rounding; F => Feasibility pump; H => Heuristic;
     I => Shifting; J => Feasibility jump; L => Sub-MIP; P => Empty MIP; R => Randomized rounding;
     S => Solve LP; T => Evaluate node; U => Unbounded; X => User solution; Y => HiGHS solution;
     Z => ZI Round; l => Trivial lower; p => Trivial point; u => Trivial upper; z => Trivial zero

        Nodes      |    B&B Tree     |            Objective Bounds              |  Dynamic Constraints |       Work      
Src  Proc. InQueue |  Leaves   Expl. | BestBound       BestSol              Gap |   Cuts   InLp Confl. | LpIters     Time

         0       0         0   0.00%   -5.147261084    inf                  inf        0      0      0         0     0.7s
 T       0       0         0   0.00%   -5.147261084    2.44827857       310.24%        0      0      0      1229     0.7s
         1       0         1 100.00%   2.44827857      2.44827857         0.00%        0      0      0      1229     0.7s

Solving report
  Status            Optimal
  Primal bound      2.44827856992
  Dual bound        2.44827856992
  Gap               0% (tolerance: 0.5%)
  P-D integral      0.000431233600406
  Solution status   feasible
                    2.44827856992 (objective)
                    0 (bound viol.)
                    0 (int. viol.)
                    0 (row viol.)
  Timing            0.73
  Max sub-MIP depth 0
  Nodes             1
  Repair LPs        0
  LP iterations     1229
                    0 (strong br.)
                    0 (separation)
                    0 (heuristics)
MIP has 10753 rows; 9409 cols; 25537 nonzeros; 1344 integer variables (1344 binary)
Coefficient ranges:
  Matrix  [2e-01, 2e+00]
  Cost    [1e-02, 6e-02]
  Bound   [1e+00, 1e+00]
  RHS     [5e-04, 4e+00]
Presolving model
8064 rows, 8776 cols, 22215 nonzeros 0s
6407 rows, 7453 cols, 17899 nonzeros 0s
4611 rows, 5903 cols, 13217 nonzeros 0s
3162 rows, 4426 cols, 9355 nonzeros 0s
2954 rows, 4218 cols, 8939 nonzeros 0s
Presolve reductions: rows 2954(-7799); columns 4218(-5191); nonzeros 8939(-16598) 

Solving MIP model with:
   2954 rows
   4218 cols (442 binary, 0 integer, 0 implied int., 3776 continuous, 0 domain fixed)
   8939 nonzeros

Src: B => Branching; C => Central rounding; F => Feasibility pump; H => Heuristic;
     I => Shifting; J => Feasibility jump; L => Sub-MIP; P => Empty MIP; R => Randomized rounding;
     S => Solve LP; T => Evaluate node; U => Unbounded; X => User solution; Y => HiGHS solution;
     Z => ZI Round; l => Trivial lower; p => Trivial point; u => Trivial upper; z => Trivial zero

        Nodes      |    B&B Tree     |            Objective Bounds              |  Dynamic Constraints |       Work      
Src  Proc. InQueue |  Leaves   Expl. | BestBound       BestSol              Gap |   Cuts   InLp Confl. | LpIters     Time

 J       0       0         0   0.00%   -inf            11.81036786        Large        0      0      0         0     0.7s
 T       0       0         0   0.00%   -3.732339201    2.986084435      224.99%        0      0      0      1254     0.7s
         1       0         1 100.00%   2.986084435     2.986084435        0.00%        0      0      0      1254     0.7s

Solving report
  Status            Optimal
  Primal bound      2.9860844345
  Dual bound        2.9860844345
  Gap               0% (tolerance: 0.5%)
  P-D integral      0.060924472647
  Solution status   feasible
                    2.9860844345 (objective)
                    0 (bound viol.)
                    0 (int. viol.)
                    0 (row viol.)
  Timing            0.72
  Max sub-MIP depth 0
  Nodes             1
  Repair LPs        0
  LP iterations     1254
                    0 (strong br.)
                    0 (separation)
                    0 (heuristics)
MIP has 10753 rows; 9409 cols; 25537 nonzeros; 1344 integer variables (1344 binary)
Coefficient ranges:
  Matrix  [2e-01, 2e+00]
  Cost    [1e-02, 6e-02]
  Bound   [1e+00, 1e+00]
  RHS     [2e-04, 4e+00]
Presolving model
8064 rows, 8786 cols, 22225 nonzeros 0s
6380 rows, 7436 cols, 17855 nonzeros 0s
4549 rows, 5836 cols, 13088 nonzeros 0s
3468 rows, 4615 cols, 10134 nonzeros 0s
3325 rows, 4472 cols, 9848 nonzeros 0s
Presolve reductions: rows 3325(-7428); columns 4472(-4937); nonzeros 9848(-15689) 

Solving MIP model with:
   3325 rows
   4472 cols (513 binary, 0 integer, 0 implied int., 3959 continuous, 0 domain fixed)
   9848 nonzeros

Src: B => Branching; C => Central rounding; F => Feasibility pump; H => Heuristic;
     I => Shifting; J => Feasibility jump; L => Sub-MIP; P => Empty MIP; R => Randomized rounding;
     S => Solve LP; T => Evaluate node; U => Unbounded; X => User solution; Y => HiGHS solution;
     Z => ZI Round; l => Trivial lower; p => Trivial point; u => Trivial upper; z => Trivial zero

        Nodes      |    B&B Tree     |            Objective Bounds              |  Dynamic Constraints |       Work      
Src  Proc. InQueue |  Leaves   Expl. | BestBound       BestSol              Gap |   Cuts   InLp Confl. | LpIters     Time

 J       0       0         0   0.00%   -inf            6.478577125        Large        0      0      0         0     0.4s
 T       0       0         0   0.00%   -2.705607672    1.236743427      318.77%        0      0      0      1341     0.5s
         1       0         1 100.00%   1.236743427     1.236743427        0.00%        0      0      0      1341     0.5s

Solving report
  Status            Optimal
  Primal bound      1.23674342718
  Dual bound        1.23674342718
  Gap               0% (tolerance: 0.5%)
  P-D integral      0.0762775118943
  Solution status   feasible
                    1.23674342718 (objective)
                    0 (bound viol.)
                    0 (int. viol.)
                    0 (row viol.)
  Timing            0.51
  Max sub-MIP depth 0
  Nodes             1
  Repair LPs        0
  LP iterations     1341
                    0 (strong br.)
                    0 (separation)
                    0 (heuristics)
MIP has 10753 rows; 9409 cols; 25537 nonzeros; 1344 integer variables (1344 binary)
Coefficient ranges:
  Matrix  [2e-01, 2e+00]
  Cost    [1e-02, 6e-02]
  Bound   [1e+00, 1e+00]
  RHS     [2e-04, 4e+00]
Presolving model
8064 rows, 8808 cols, 22247 nonzeros 0s
6389 rows, 7467 cols, 17895 nonzeros 0s
4544 rows, 5861 cols, 13108 nonzeros 0s
3567 rows, 4721 cols, 10407 nonzeros 0s
3433 rows, 4587 cols, 10139 nonzeros 0s
Presolve reductions: rows 3433(-7320); columns 4587(-4822); nonzeros 10139(-15398) 

Solving MIP model with:
   3433 rows
   4587 cols (530 binary, 0 integer, 0 implied int., 4057 continuous, 0 domain fixed)
   10139 nonzeros

Src: B => Branching; C => Central rounding; F => Feasibility pump; H => Heuristic;
     I => Shifting; J => Feasibility jump; L => Sub-MIP; P => Empty MIP; R => Randomized rounding;
     S => Solve LP; T => Evaluate node; U => Unbounded; X => User solution; Y => HiGHS solution;
     Z => ZI Round; l => Trivial lower; p => Trivial point; u => Trivial upper; z => Trivial zero

        Nodes      |    B&B Tree     |            Objective Bounds              |  Dynamic Constraints |       Work      
Src  Proc. InQueue |  Leaves   Expl. | BestBound       BestSol              Gap |   Cuts   InLp Confl. | LpIters     Time

         0       0         0   0.00%   -3.055292338    inf                  inf        0      0      0         0     0.5s
 T       0       0         0   0.00%   -3.055292338    -0.930937395     228.20%        0      0      0      1407     0.5s
         1       0         1 100.00%   -0.930937395    -0.930937395       0.00%        0      0      0      1407     0.5s

Solving report
  Status            Optimal
  Primal bound      -0.930937394987
  Dual bound        -0.930937394987
  Gap               0% (tolerance: 0.5%)
  P-D integral      0.0001948787688
  Solution status   feasible
                    -0.930937394987 (objective)
                    0 (bound viol.)
                    0 (int. viol.)
                    0 (row viol.)
  Timing            0.52
  Max sub-MIP depth 0
  Nodes             1
  Repair LPs        0
  LP iterations     1407
                    0 (strong br.)
                    0 (separation)
                    0 (heuristics)
MIP has 10753 rows; 9409 cols; 25537 nonzeros; 1344 integer variables (1344 binary)
Coefficient ranges:
  Matrix  [2e-01, 2e+00]
  Cost    [1e-02, 6e-02]
  Bound   [1e+00, 1e+00]
  RHS     [3e-04, 4e+00]
Presolving model
8064 rows, 8828 cols, 22267 nonzeros 0s
6390 rows, 7488 cols, 17917 nonzeros 0s
4568 rows, 5902 cols, 13173 nonzeros 0s
3557 rows, 4777 cols, 10429 nonzeros 0s
3421 rows, 4641 cols, 10157 nonzeros 0s
Presolve reductions: rows 3421(-7332); columns 4641(-4768); nonzeros 10157(-15380) 

Solving MIP model with:
   3421 rows
   4641 cols (524 binary, 0 integer, 0 implied int., 4117 continuous, 0 domain fixed)
   10157 nonzeros

Src: B => Branching; C => Central rounding; F => Feasibility pump; H => Heuristic;
     I => Shifting; J => Feasibility jump; L => Sub-MIP; P => Empty MIP; R => Randomized rounding;
     S => Solve LP; T => Evaluate node; U => Unbounded; X => User solution; Y => HiGHS solution;
     Z => ZI Round; l => Trivial lower; p => Trivial point; u => Trivial upper; z => Trivial zero

        Nodes      |    B&B Tree     |            Objective Bounds              |  Dynamic Constraints |       Work      
Src  Proc. InQueue |  Leaves   Expl. | BestBound       BestSol              Gap |   Cuts   InLp Confl. | LpIters     Time

         0       0         0   0.00%   -3.551052012    inf                  inf        0      0      0         0     0.5s
 T       0       0         0   0.00%   -3.551052012    -0.6755991865    425.62%        0      0      0      1419     0.6s
         1       0         1 100.00%   -0.6755991865   -0.6755991865      0.00%        0      0      0      1419     0.6s

Solving report
  Status            Optimal
  Primal bound      -0.675599186467
  Dual bound        -0.675599186467
  Gap               0% (tolerance: 0.5%)
  P-D integral      0.000375818233882
  Solution status   feasible
                    -0.675599186467 (objective)
                    0 (bound viol.)
                    0 (int. viol.)
                    0 (row viol.)
  Timing            0.55
  Max sub-MIP depth 0
  Nodes             1
  Repair LPs        0
  LP iterations     1419
                    0 (strong br.)
                    0 (separation)
                    0 (heuristics)
MIP has 10753 rows; 9409 cols; 25537 nonzeros; 1344 integer variables (1344 binary)
Coefficient ranges:
  Matrix  [2e-01, 2e+00]
  Cost    [1e-02, 6e-02]
  Bound   [1e+00, 1e+00]
  RHS     [6e-05, 4e+00]
WARNING: Problem has some excessively small row bounds
Presolving model
8064 rows, 8843 cols, 22282 nonzeros 0s
6382 rows, 7495 cols, 17916 nonzeros 0s
4541 rows, 5882 cols, 13126 nonzeros 0s
3725 rows, 4875 cols, 10851 nonzeros 0s
3623 rows, 4773 cols, 10647 nonzeros 0s
Presolve reductions: rows 3623(-7130); columns 4773(-4636); nonzeros 10647(-14890) 

Solving MIP model with:
   3623 rows
   4773 cols (563 binary, 0 integer, 0 implied int., 4210 continuous, 0 domain fixed)
   10647 nonzeros

Src: B => Branching; C => Central rounding; F => Feasibility pump; H => Heuristic;
     I => Shifting; J => Feasibility jump; L => Sub-MIP; P => Empty MIP; R => Randomized rounding;
     S => Solve LP; T => Evaluate node; U => Unbounded; X => User solution; Y => HiGHS solution;
     Z => ZI Round; l => Trivial lower; p => Trivial point; u => Trivial upper; z => Trivial zero

        Nodes      |    B&B Tree     |            Objective Bounds              |  Dynamic Constraints |       Work      
Src  Proc. InQueue |  Leaves   Expl. | BestBound       BestSol              Gap |   Cuts   InLp Confl. | LpIters     Time

 J       0       0         0   0.00%   -inf            6.033050485        Large        0      0      0         0     0.6s
 T       0       0         0   0.00%   -4.26417421     -1.046961962     307.29%        0      0      0      1468     0.7s
         1       0         1 100.00%   -1.046961962    -1.046961962       0.00%        0      0      0      1468     0.7s

Solving report
  Status            Optimal
  Primal bound      -1.04696196177
  Dual bound        -1.04696196177
  Gap               0% (tolerance: 0.5%)
  P-D integral      0.107865287779
  Solution status   feasible
                    -1.04696196177 (objective)
                    0 (bound viol.)
                    0 (int. viol.)
                    0 (row viol.)
  Timing            0.68
  Max sub-MIP depth 0
  Nodes             1
  Repair LPs        0
  LP iterations     1468
                    0 (strong br.)
                    0 (separation)
                    0 (heuristics)
MIP has 10753 rows; 9409 cols; 25537 nonzeros; 1344 integer variables (1344 binary)
Coefficient ranges:
  Matrix  [2e-01, 2e+00]
  Cost    [1e-02, 6e-02]
  Bound   [1e+00, 1e+00]
  RHS     [6e-05, 4e+00]
WARNING: Problem has some excessively small row bounds
Presolving model
8064 rows, 8854 cols, 22293 nonzeros 0s
6394 rows, 7518 cols, 17951 nonzeros 0s
4557 rows, 5915 cols, 13175 nonzeros 0s
3679 rows, 4878 cols, 10752 nonzeros 0s
3560 rows, 4759 cols, 10514 nonzeros 0s
Presolve reductions: rows 3560(-7193); columns 4759(-4650); nonzeros 10514(-15023) 

Solving MIP model with:
   3560 rows
   4759 cols (549 binary, 0 integer, 0 implied int., 4210 continuous, 0 domain fixed)
   10514 nonzeros

Src: B => Branching; C => Central rounding; F => Feasibility pump; H => Heuristic;
     I => Shifting; J => Feasibility jump; L => Sub-MIP; P => Empty MIP; R => Randomized rounding;
     S => Solve LP; T => Evaluate node; U => Unbounded; X => User solution; Y => HiGHS solution;
     Z => ZI Round; l => Trivial lower; p => Trivial point; u => Trivial upper; z => Trivial zero

        Nodes      |    B&B Tree     |            Objective Bounds              |  Dynamic Constraints |       Work      
Src  Proc. InQueue |  Leaves   Expl. | BestBound       BestSol              Gap |   Cuts   InLp Confl. | LpIters     Time

         0       0         0   0.00%   -3.887980701    inf                  inf        0      0      0         0     0.6s
 T       0       0         0   0.00%   -3.887980701    0.0322555183       Large        0      0      0      1422     0.6s
         1       0         1 100.00%   0.0322555183    0.0322555183       0.00%        0      0      0      1422     0.6s

Solving report
  Status            Optimal
  Primal bound      0.032255518288
  Dual bound        0.032255518288
  Gap               0% (tolerance: 0.5%)
  P-D integral      0.00996602695537
  Solution status   feasible
                    0.032255518288 (objective)
                    0 (bound viol.)
                    0 (int. viol.)
                    0 (row viol.)
  Timing            0.63
  Max sub-MIP depth 0
  Nodes             1
  Repair LPs        0
  LP iterations     1422
                    0 (strong br.)
                    0 (separation)
                    0 (heuristics)
MIP has 10753 rows; 9409 cols; 25537 nonzeros; 1344 integer variables (1344 binary)
Coefficient ranges:
  Matrix  [2e-01, 2e+00]
  Cost    [1e-02, 6e-02]
  Bound   [1e+00, 1e+00]
  RHS     [8e-05, 4e+00]
WARNING: Problem has some excessively small row bounds
Presolving model
8064 rows, 8869 cols, 22308 nonzeros 0s
6391 rows, 7530 cols, 17960 nonzeros 0s
4563 rows, 5935 cols, 13201 nonzeros 0s
3797 rows, 4998 cols, 11090 nonzeros 0s
3697 rows, 4898 cols, 10890 nonzeros 0s
Presolve reductions: rows 3697(-7056); columns 4898(-4511); nonzeros 10890(-14647) 

Solving MIP model with:
   3697 rows
   4898 cols (574 binary, 0 integer, 0 implied int., 4324 continuous, 0 domain fixed)
   10890 nonzeros

Src: B => Branching; C => Central rounding; F => Feasibility pump; H => Heuristic;
     I => Shifting; J => Feasibility jump; L => Sub-MIP; P => Empty MIP; R => Randomized rounding;
     S => Solve LP; T => Evaluate node; U => Unbounded; X => User solution; Y => HiGHS solution;
     Z => ZI Round; l => Trivial lower; p => Trivial point; u => Trivial upper; z => Trivial zero

        Nodes      |    B&B Tree     |            Objective Bounds              |  Dynamic Constraints |       Work      
Src  Proc. InQueue |  Leaves   Expl. | BestBound       BestSol              Gap |   Cuts   InLp Confl. | LpIters     Time

 J       0       0         0   0.00%   -inf            5.444234371        Large        0      0      0         0     0.5s
 T       0       0         0   0.00%   -3.97419727     -0.2659569286   1394.30%        0      0      0      1476     0.6s
         1       0         1 100.00%   -0.2659569286   -0.2659569286      0.00%        0      0      0      1476     0.6s

Solving report
  Status            Optimal
  Primal bound      -0.265956928605
  Dual bound        -0.265956928605
  Gap               0% (tolerance: 0.5%)
  P-D integral      0.10843412575
  Solution status   feasible
                    -0.265956928605 (objective)
                    0 (bound viol.)
                    0 (int. viol.)
                    0 (row viol.)
  Timing            0.55
  Max sub-MIP depth 0
  Nodes             1
  Repair LPs        0
  LP iterations     1476
                    0 (strong br.)
                    0 (separation)
                    0 (heuristics)
MIP has 10753 rows; 9409 cols; 25537 nonzeros; 1344 integer variables (1344 binary)
Coefficient ranges:
  Matrix  [2e-01, 2e+00]
  Cost    [1e-02, 6e-02]
  Bound   [1e+00, 1e+00]
  RHS     [6e-04, 4e+00]
Presolving model
8064 rows, 8887 cols, 22326 nonzeros 0s
6369 rows, 7526 cols, 17934 nonzeros 0s
4532 rows, 5903 cols, 13138 nonzeros 0s
3940 rows, 5067 cols, 11486 nonzeros 0s
Presolve reductions: rows 3940(-6813); columns 5067(-4342); nonzeros 11486(-14051) 

Solving MIP model with:
   3940 rows
   5067 cols (620 binary, 0 integer, 0 implied int., 4447 continuous, 0 domain fixed)
   11486 nonzeros

Src: B => Branching; C => Central rounding; F => Feasibility pump; H => Heuristic;
     I => Shifting; J => Feasibility jump; L => Sub-MIP; P => Empty MIP; R => Randomized rounding;
     S => Solve LP; T => Evaluate node; U => Unbounded; X => User solution; Y => HiGHS solution;
     Z => ZI Round; l => Trivial lower; p => Trivial point; u => Trivial upper; z => Trivial zero

        Nodes      |    B&B Tree     |            Objective Bounds              |  Dynamic Constraints |       Work      
Src  Proc. InQueue |  Leaves   Expl. | BestBound       BestSol              Gap |   Cuts   InLp Confl. | LpIters     Time

 J       0       0         0   0.00%   -inf            4.929838742        Large        0      0      0         0     0.6s
 T       0       0         0   0.00%   -5.625618984    -2.018555502     178.70%        0      0      0      1531     0.7s
         1       0         1 100.00%   -2.018555502    -2.018555502       0.00%        0      0      0      1531     0.7s

Solving report
  Status            Optimal
  Primal bound      -2.01855550194
  Dual bound        -2.01855550194
  Gap               0% (tolerance: 0.5%)
  P-D integral      0.133628428537
  Solution status   feasible
                    -2.01855550194 (objective)
                    0 (bound viol.)
                    0 (int. viol.)
                    0 (row viol.)
  Timing            0.68
  Max sub-MIP depth 0
  Nodes             1
  Repair LPs        0
  LP iterations     1531
                    0 (strong br.)
                    0 (separation)
                    0 (heuristics)
MIP has 10753 rows; 9409 cols; 25537 nonzeros; 1344 integer variables (1344 binary)
Coefficient ranges:
  Matrix  [2e-01, 2e+00]
  Cost    [1e-02, 6e-02]
  Bound   [1e+00, 1e+00]
  RHS     [5e-04, 4e+00]
Presolving model
8064 rows, 8895 cols, 22334 nonzeros 0s
6372 rows, 7537 cols, 17948 nonzeros 0s
4526 rows, 5905 cols, 13134 nonzeros 0s
3973 rows, 5101 cols, 11573 nonzeros 0s
Presolve reductions: rows 3973(-6780); columns 5101(-4308); nonzeros 11573(-13964) 

Solving MIP model with:
   3973 rows
   5101 cols (625 binary, 0 integer, 0 implied int., 4476 continuous, 0 domain fixed)
   11573 nonzeros

Src: B => Branching; C => Central rounding; F => Feasibility pump; H => Heuristic;
     I => Shifting; J => Feasibility jump; L => Sub-MIP; P => Empty MIP; R => Randomized rounding;
     S => Solve LP; T => Evaluate node; U => Unbounded; X => User solution; Y => HiGHS solution;
     Z => ZI Round; l => Trivial lower; p => Trivial point; u => Trivial upper; z => Trivial zero

        Nodes      |    B&B Tree     |            Objective Bounds              |  Dynamic Constraints |       Work      
Src  Proc. InQueue |  Leaves   Expl. | BestBound       BestSol              Gap |   Cuts   InLp Confl. | LpIters     Time

 J       0       0         0   0.00%   -inf            4.641175582        Large        0      0      0         0     0.5s
 T       0       0         0   0.00%   -6.282183189    -2.70546014      132.20%        0      0      0      1551     0.6s
         1       0         1 100.00%   -2.70546014     -2.70546014        0.00%        0      0      0      1551     0.6s

Solving report
  Status            Optimal
  Primal bound      -2.70546014019
  Dual bound        -2.70546014019
  Gap               0% (tolerance: 0.5%)
  P-D integral      0.162217012262
  Solution status   feasible
                    -2.70546014019 (objective)
                    0 (bound viol.)
                    0 (int. viol.)
                    0 (row viol.)
  Timing            0.58
  Max sub-MIP depth 0
  Nodes             1
  Repair LPs        0
  LP iterations     1551
                    0 (strong br.)
                    0 (separation)
                    0 (heuristics)
MIP has 10753 rows; 9409 cols; 25537 nonzeros; 1344 integer variables (1344 binary)
Coefficient ranges:
  Matrix  [2e-01, 2e+00]
  Cost    [1e-02, 6e-02]
  Bound   [1e+00, 1e+00]
  RHS     [1e-04, 4e+00]
Presolving model
8064 rows, 8904 cols, 22343 nonzeros 0s
6373 rows, 7547 cols, 17959 nonzeros 0s
4544 rows, 5933 cols, 13180 nonzeros 0s
4019 rows, 5158 cols, 11700 nonzeros 0s
Presolve reductions: rows 4019(-6734); columns 5158(-4251); nonzeros 11700(-13837) 

Solving MIP model with:
   4019 rows
   5158 cols (631 binary, 0 integer, 0 implied int., 4527 continuous, 0 domain fixed)
   11700 nonzeros

Src: B => Branching; C => Central rounding; F => Feasibility pump; H => Heuristic;
     I => Shifting; J => Feasibility jump; L => Sub-MIP; P => Empty MIP; R => Randomized rounding;
     S => Solve LP; T => Evaluate node; U => Unbounded; X => User solution; Y => HiGHS solution;
     Z => ZI Round; l => Trivial lower; p => Trivial point; u => Trivial upper; z => Trivial zero

        Nodes      |    B&B Tree     |            Objective Bounds              |  Dynamic Constraints |       Work      
Src  Proc. InQueue |  Leaves   Expl. | BestBound       BestSol              Gap |   Cuts   InLp Confl. | LpIters     Time

 J       0       0         0   0.00%   -inf            4.085022295        Large        0      0      0         0     0.5s
 T       0       0         0   0.00%   -5.356532108    -2.013999956     165.96%        0      0      0      1577     0.6s
         1       0         1 100.00%   -2.013999956    -2.013999956       0.00%        0      0      0      1577     0.6s

Solving report
  Status            Optimal
  Primal bound      -2.01399995561
  Dual bound        -2.01399995561
  Gap               0% (tolerance: 0.5%)
  P-D integral      0.167191056474
  Solution status   feasible
                    -2.01399995561 (objective)
                    0 (bound viol.)
                    0 (int. viol.)
                    0 (row viol.)
  Timing            0.56
  Max sub-MIP depth 0
  Nodes             1
  Repair LPs        0
  LP iterations     1577
                    0 (strong br.)
                    0 (separation)
                    0 (heuristics)
MIP has 10753 rows; 9409 cols; 25537 nonzeros; 1344 integer variables (1344 binary)
Coefficient ranges:
  Matrix  [2e-01, 2e+00]
  Cost    [1e-02, 6e-02]
  Bound   [1e+00, 1e+00]
  RHS     [1e-04, 4e+00]
Presolving model
8064 rows, 8914 cols, 22353 nonzeros 0s
6376 rows, 7560 cols, 17975 nonzeros 0s
4531 rows, 5931 cols, 13165 nonzeros 0s
4096 rows, 5203 cols, 11878 nonzeros 0s
Presolve reductions: rows 4096(-6657); columns 5203(-4206); nonzeros 11878(-13659) 

Solving MIP model with:
   4096 rows
   5203 cols (645 binary, 0 integer, 0 implied int., 4558 continuous, 0 domain fixed)
   11878 nonzeros

Src: B => Branching; C => Central rounding; F => Feasibility pump; H => Heuristic;
     I => Shifting; J => Feasibility jump; L => Sub-MIP; P => Empty MIP; R => Randomized rounding;
     S => Solve LP; T => Evaluate node; U => Unbounded; X => User solution; Y => HiGHS solution;
     Z => ZI Round; l => Trivial lower; p => Trivial point; u => Trivial upper; z => Trivial zero

        Nodes      |    B&B Tree     |            Objective Bounds              |  Dynamic Constraints |       Work      
Src  Proc. InQueue |  Leaves   Expl. | BestBound       BestSol              Gap |   Cuts   InLp Confl. | LpIters     Time

 J       0       0         0   0.00%   -inf            3.810810765        Large        0      0      0         0     0.5s
 T       0       0         0   0.00%   -4.735612445    -1.757987217     169.38%        0      0      0      1586     0.6s
         1       0         1 100.00%   -1.757987217    -1.757987217       0.00%        0      0      0      1586     0.6s

Solving report
  Status            Optimal
  Primal bound      -1.75798721679
  Dual bound        -1.75798721679
  Gap               0% (tolerance: 0.5%)
  P-D integral      0.162353269534
  Solution status   feasible
                    -1.75798721679 (objective)
                    0 (bound viol.)
                    0 (int. viol.)
                    0 (row viol.)
  Timing            0.60
  Max sub-MIP depth 0
  Nodes             1
  Repair LPs        0
  LP iterations     1586
                    0 (strong br.)
                    0 (separation)
                    0 (heuristics)
MIP has 10753 rows; 9409 cols; 25537 nonzeros; 1344 integer variables (1344 binary)
Coefficient ranges:
  Matrix  [2e-01, 2e+00]
  Cost    [1e-02, 6e-02]
  Bound   [1e+00, 1e+00]
  RHS     [1e-04, 4e+00]
Presolving model
8064 rows, 8907 cols, 22346 nonzeros 0s
6380 rows, 7557 cols, 17976 nonzeros 0s
4549 rows, 5942 cols, 13194 nonzeros 0s
4007 rows, 5137 cols, 11659 nonzeros 0s
Presolve reductions: rows 4007(-6746); columns 5137(-4272); nonzeros 11659(-13878) 

Solving MIP model with:
   4007 rows
   5137 cols (629 binary, 0 integer, 0 implied int., 4508 continuous, 0 domain fixed)
   11659 nonzeros

Src: B => Branching; C => Central rounding; F => Feasibility pump; H => Heuristic;
     I => Shifting; J => Feasibility jump; L => Sub-MIP; P => Empty MIP; R => Randomized rounding;
     S => Solve LP; T => Evaluate node; U => Unbounded; X => User solution; Y => HiGHS solution;
     Z => ZI Round; l => Trivial lower; p => Trivial point; u => Trivial upper; z => Trivial zero

        Nodes      |    B&B Tree     |            Objective Bounds              |  Dynamic Constraints |       Work      
Src  Proc. InQueue |  Leaves   Expl. | BestBound       BestSol              Gap |   Cuts   InLp Confl. | LpIters     Time

         0       0         0   0.00%   -4.308486586    inf                  inf        0      0      0         0     0.5s
 T       0       0         0   0.00%   -4.308486586    -2.16446155       99.06%        0      0      0      1553     0.6s
         1       0         1 100.00%   -2.16446155     -2.16446155        0.00%        0      0      0      1553     0.6s

Solving report
  Status            Optimal
  Primal bound      -2.16446155035
  Dual bound        -2.16446155035
  Gap               0% (tolerance: 0.5%)
  P-D integral      8.38012235982e-05
  Solution status   feasible
                    -2.16446155035 (objective)
                    0 (bound viol.)
                    0 (int. viol.)
                    0 (row viol.)
  Timing            0.59
  Max sub-MIP depth 0
  Nodes             1
  Repair LPs        0
  LP iterations     1553
                    0 (strong br.)
                    0 (separation)
                    0 (heuristics)
MIP has 10753 rows; 9409 cols; 25537 nonzeros; 1344 integer variables (1344 binary)
Coefficient ranges:
  Matrix  [2e-01, 2e+00]
  Cost    [1e-02, 6e-02]
  Bound   [1e+00, 1e+00]
  RHS     [1e-04, 4e+00]
Presolving model
8064 rows, 9020 cols, 22459 nonzeros 0s
6403 rows, 7693 cols, 18135 nonzeros 0s
4829 rows, 6293 cols, 14013 nonzeros 0s
4607 rows, 5817 cols, 13315 nonzeros 0s
Presolve reductions: rows 4607(-6146); columns 5817(-3592); nonzeros 13315(-12222) 

Solving MIP model with:
   4607 rows
   5817 cols (723 binary, 0 integer, 0 implied int., 5094 continuous, 0 domain fixed)
   13315 nonzeros

Src: B => Branching; C => Central rounding; F => Feasibility pump; H => Heuristic;
     I => Shifting; J => Feasibility jump; L => Sub-MIP; P => Empty MIP; R => Randomized rounding;
     S => Solve LP; T => Evaluate node; U => Unbounded; X => User solution; Y => HiGHS solution;
     Z => ZI Round; l => Trivial lower; p => Trivial point; u => Trivial upper; z => Trivial zero

        Nodes      |    B&B Tree     |            Objective Bounds              |  Dynamic Constraints |       Work      
Src  Proc. InQueue |  Leaves   Expl. | BestBound       BestSol              Gap |   Cuts   InLp Confl. | LpIters     Time

 J       0       0         0   0.00%   -inf            2.496341417        Large        0      0      0         0     0.6s
 T       0       0         0   0.00%   -3.15134836     -1.430246419     120.34%        0      0      0      1804     0.7s
         1       0         1 100.00%   -1.430246419    -1.430246419       0.00%        0      0      0      1804     0.7s

Solving report
  Status            Optimal
  Primal bound      -1.43024641878
  Dual bound        -1.43024641878
  Gap               0% (tolerance: 0.5%)
  P-D integral      0.215275194557
  Solution status   feasible
                    -1.43024641878 (objective)
                    0 (bound viol.)
                    0 (int. viol.)
                    0 (row viol.)
  Timing            0.68
  Max sub-MIP depth 0
  Nodes             1
  Repair LPs        0
  LP iterations     1804
                    0 (strong br.)
                    0 (separation)
                    0 (heuristics)
MIP has 10753 rows; 9409 cols; 25537 nonzeros; 1344 integer variables (1344 binary)
Coefficient ranges:
  Matrix  [2e-01, 2e+00]
  Cost    [1e-02, 6e-02]
  Bound   [1e+00, 1e+00]
  RHS     [1e-04, 4e+00]
Presolving model
8064 rows, 9276 cols, 22715 nonzeros 0s
6514 rows, 8046 cols, 18655 nonzeros 0s
6390 rows, 7797 cols, 18282 nonzeros 0s
Presolve reductions: rows 6390(-4363); columns 7797(-1612); nonzeros 18282(-7255) 

Solving MIP model with:
   6390 rows
   7797 cols (1024 binary, 0 integer, 0 implied int., 6773 continuous, 0 domain fixed)
   18282 nonzeros

Src: B => Branching; C => Central rounding; F => Feasibility pump; H => Heuristic;
     I => Shifting; J => Feasibility jump; L => Sub-MIP; P => Empty MIP; R => Randomized rounding;
     S => Solve LP; T => Evaluate node; U => Unbounded; X => User solution; Y => HiGHS solution;
     Z => ZI Round; l => Trivial lower; p => Trivial point; u => Trivial upper; z => Trivial zero

        Nodes      |    B&B Tree     |            Objective Bounds              |  Dynamic Constraints |       Work      
Src  Proc. InQueue |  Leaves   Expl. | BestBound       BestSol              Gap |   Cuts   InLp Confl. | LpIters     Time

 J       0       0         0   0.00%   -inf            0.1421687323       Large        0      0      0         0     0.4s
 T       0       0         0   0.00%   -2.796904917    -1.762991957      58.65%        0      0      0      2372     0.6s
         1       0         1 100.00%   -1.762991957    -1.762991957       0.00%        0      0      0      2372     0.6s

Solving report
  Status            Optimal
  Primal bound      -1.76299195685
  Dual bound        -1.76299195685
  Gap               0% (tolerance: 0.5%)
  P-D integral      3.13609700593
  Solution status   feasible
                    -1.76299195685 (objective)
                    0 (bound viol.)
                    0 (int. viol.)
                    0 (row viol.)
  Timing            0.59
  Max sub-MIP depth 0
  Nodes             1
  Repair LPs        0
  LP iterations     2372
                    0 (strong br.)
                    0 (separation)
                    0 (heuristics)
MIP has 10753 rows; 9409 cols; 25537 nonzeros; 1344 integer variables (1344 binary)
Coefficient ranges:
  Matrix  [2e-01, 2e+00]
  Cost    [1e-02, 6e-02]
  Bound   [1e+00, 1e+00]
  RHS     [1e-04, 4e+00]
Presolving model
8064 rows, 9173 cols, 22612 nonzeros 0s
6385 rows, 7828 cols, 18250 nonzeros 0s
5812 rows, 7111 cols, 16652 nonzeros 0s
Presolve reductions: rows 5812(-4941); columns 7111(-2298); nonzeros 16652(-8885) 

Solving MIP model with:
   5812 rows
   7111 cols (933 binary, 0 integer, 0 implied int., 6178 continuous, 0 domain fixed)
   16652 nonzeros

Src: B => Branching; C => Central rounding; F => Feasibility pump; H => Heuristic;
     I => Shifting; J => Feasibility jump; L => Sub-MIP; P => Empty MIP; R => Randomized rounding;
     S => Solve LP; T => Evaluate node; U => Unbounded; X => User solution; Y => HiGHS solution;
     Z => ZI Round; l => Trivial lower; p => Trivial point; u => Trivial upper; z => Trivial zero

        Nodes      |    B&B Tree     |            Objective Bounds              |  Dynamic Constraints |       Work      
Src  Proc. InQueue |  Leaves   Expl. | BestBound       BestSol              Gap |   Cuts   InLp Confl. | LpIters     Time

 J       0       0         0   0.00%   -inf            0.3554236293       Large        0      0      0         0     0.5s
 T       0       0         0   0.00%   -3.032643127    -1.948700589      55.62%        0      0      0      2169     0.6s
         1       0         1 100.00%   -1.948700589    -1.948700589       0.00%        0      0      0      2169     0.6s

Solving report
  Status            Optimal
  Primal bound      -1.9487005894
  Dual bound        -1.9487005894
  Gap               0% (tolerance: 0.5%)
  P-D integral      1.45153056646
  Solution status   feasible
                    -1.9487005894 (objective)
                    0 (bound viol.)
                    0 (int. viol.)
                    0 (row viol.)
  Timing            0.63
  Max sub-MIP depth 0
  Nodes             1
  Repair LPs        0
  LP iterations     2169
                    0 (strong br.)
                    0 (separation)
                    0 (heuristics)
MIP has 10753 rows; 9409 cols; 25537 nonzeros; 1344 integer variables (1344 binary)
Coefficient ranges:
  Matrix  [2e-01, 2e+00]
  Cost    [1e-02, 6e-02]
  Bound   [1e+00, 1e+00]
  RHS     [7e-04, 4e+00]
Presolving model
8064 rows, 8908 cols, 22347 nonzeros 0s
6373 rows, 7551 cols, 17961 nonzeros 0s
4517 rows, 5908 cols, 13126 nonzeros 0s
4127 rows, 5217 cols, 11953 nonzeros 0s
Presolve reductions: rows 4127(-6626); columns 5217(-4192); nonzeros 11953(-13584) 

Solving MIP model with:
   4127 rows
   5217 cols (653 binary, 0 integer, 0 implied int., 4564 continuous, 0 domain fixed)
   11953 nonzeros

Src: B => Branching; C => Central rounding; F => Feasibility pump; H => Heuristic;
     I => Shifting; J => Feasibility jump; L => Sub-MIP; P => Empty MIP; R => Randomized rounding;
     S => Solve LP; T => Evaluate node; U => Unbounded; X => User solution; Y => HiGHS solution;
     Z => ZI Round; l => Trivial lower; p => Trivial point; u => Trivial upper; z => Trivial zero

        Nodes      |    B&B Tree     |            Objective Bounds              |  Dynamic Constraints |       Work      
Src  Proc. InQueue |  Leaves   Expl. | BestBound       BestSol              Gap |   Cuts   InLp Confl. | LpIters     Time

         0       0         0   0.00%   -3.27809991     inf                  inf        0      0      0         0     0.5s
 T       0       0         0   0.00%   -3.27809991     -1.33789569      145.02%        0      0      0      1593     0.6s
         1       0         1 100.00%   -1.33789569     -1.33789569        0.00%        0      0      0      1593     0.6s

Solving report
  Status            Optimal
  Primal bound      -1.33789569031
  Dual bound        -1.33789569031
  Gap               0% (tolerance: 0.5%)
  P-D integral      0.000121380978098
  Solution status   feasible
                    -1.33789569031 (objective)
                    0 (bound viol.)
                    0 (int. viol.)
                    0 (row viol.)
  Timing            0.60
  Max sub-MIP depth 0
  Nodes             1
  Repair LPs        0
  LP iterations     1593
                    0 (strong br.)
                    0 (separation)
                    0 (heuristics)
MIP has 10753 rows; 9409 cols; 25537 nonzeros; 1344 integer variables (1344 binary)
Coefficient ranges:
  Matrix  [2e-01, 2e+00]
  Cost    [1e-02, 6e-02]
  Bound   [1e+00, 1e+00]
  RHS     [3e-04, 4e+00]
Presolving model
8064 rows, 8873 cols, 22312 nonzeros 0s
6360 rows, 7503 cols, 17902 nonzeros 0s
4518 rows, 5869 cols, 13090 nonzeros 0s
3920 rows, 5013 cols, 11400 nonzeros 0s
Presolve reductions: rows 3920(-6833); columns 5013(-4396); nonzeros 11400(-14137) 

Solving MIP model with:
   3920 rows
   5013 cols (617 binary, 0 integer, 0 implied int., 4396 continuous, 0 domain fixed)
   11400 nonzeros

Src: B => Branching; C => Central rounding; F => Feasibility pump; H => Heuristic;
     I => Shifting; J => Feasibility jump; L => Sub-MIP; P => Empty MIP; R => Randomized rounding;
     S => Solve LP; T => Evaluate node; U => Unbounded; X => User solution; Y => HiGHS solution;
     Z => ZI Round; l => Trivial lower; p => Trivial point; u => Trivial upper; z => Trivial zero

        Nodes      |    B&B Tree     |            Objective Bounds              |  Dynamic Constraints |       Work      
Src  Proc. InQueue |  Leaves   Expl. | BestBound       BestSol              Gap |   Cuts   InLp Confl. | LpIters     Time

         0       0         0   0.00%   -3.277084665    inf                  inf        0      0      0         0     0.6s
 T       0       0         0   0.00%   -3.277084665    -1.031956589     217.56%        0      0      0      1522     0.7s
         1       0         1 100.00%   -1.031956589    -1.031956589       0.00%        0      0      0      1522     0.7s

Solving report
  Status            Optimal
  Primal bound      -1.03195658925
  Dual bound        -1.03195658925
  Gap               0% (tolerance: 0.5%)
  P-D integral      0.000179052146867
  Solution status   feasible
                    -1.03195658925 (objective)
                    0 (bound viol.)
                    0 (int. viol.)
                    0 (row viol.)
  Timing            0.67
  Max sub-MIP depth 0
  Nodes             1
  Repair LPs        0
  LP iterations     1522
                    0 (strong br.)
                    0 (separation)
                    0 (heuristics)
MIP has 10753 rows; 9409 cols; 25537 nonzeros; 1344 integer variables (1344 binary)
Coefficient ranges:
  Matrix  [2e-01, 2e+00]
  Cost    [1e-02, 6e-02]
  Bound   [1e+00, 1e+00]
  RHS     [9e-05, 4e+00]
WARNING: Problem has some excessively small row bounds
Presolving model
8064 rows, 8866 cols, 22305 nonzeros 0s
6373 rows, 7509 cols, 17921 nonzeros 0s
4537 rows, 5893 cols, 13133 nonzeros 0s
3841 rows, 4984 cols, 11164 nonzeros 0s
3758 rows, 4901 cols, 10998 nonzeros 0s
Presolve reductions: rows 3758(-6995); columns 4901(-4508); nonzeros 10998(-14539) 

Solving MIP model with:
   3758 rows
   4901 cols (585 binary, 0 integer, 0 implied int., 4316 continuous, 0 domain fixed)
   10998 nonzeros

Src: B => Branching; C => Central rounding; F => Feasibility pump; H => Heuristic;
     I => Shifting; J => Feasibility jump; L => Sub-MIP; P => Empty MIP; R => Randomized rounding;
     S => Solve LP; T => Evaluate node; U => Unbounded; X => User solution; Y => HiGHS solution;
     Z => ZI Round; l => Trivial lower; p => Trivial point; u => Trivial upper; z => Trivial zero

        Nodes      |    B&B Tree     |            Objective Bounds              |  Dynamic Constraints |       Work      
Src  Proc. InQueue |  Leaves   Expl. | BestBound       BestSol              Gap |   Cuts   InLp Confl. | LpIters     Time

 J       0       0         0   0.00%   -inf            3.247525243        Large        0      0      0         0     0.4s
 T       0       0         0   0.00%   -3.196673378    -0.9639317806    231.63%        0      0      0      1502     0.5s
         1       0         1 100.00%   -0.9639317806   -0.9639317806      0.00%        0      0      0      1502     0.5s

Solving report
  Status            Optimal
  Primal bound      -0.963931780639
  Dual bound        -0.963931780639
  Gap               0% (tolerance: 0.5%)
  P-D integral      0.129790377476
  Solution status   feasible
                    -0.963931780639 (objective)
                    0 (bound viol.)
                    0 (int. viol.)
                    0 (row viol.)
  Timing            0.49
  Max sub-MIP depth 0
  Nodes             1
  Repair LPs        0
  LP iterations     1502
                    0 (strong br.)
                    0 (separation)
                    0 (heuristics)
MIP has 10753 rows; 9409 cols; 25537 nonzeros; 1344 integer variables (1344 binary)
Coefficient ranges:
  Matrix  [2e-01, 2e+00]
  Cost    [1e-02, 6e-02]
  Bound   [1e+00, 1e+00]
  RHS     [9e-05, 4e+00]
WARNING: Problem has some excessively small row bounds
Presolving model
8064 rows, 8851 cols, 22290 nonzeros 0s
6386 rows, 7507 cols, 17932 nonzeros 0s
4546 rows, 5896 cols, 13145 nonzeros 0s
3676 rows, 4861 cols, 10732 nonzeros 0s
3559 rows, 4744 cols, 10498 nonzeros 0s
Presolve reductions: rows 3559(-7194); columns 4744(-4665); nonzeros 10498(-15039) 

Solving MIP model with:
   3559 rows
   4744 cols (549 binary, 0 integer, 0 implied int., 4195 continuous, 0 domain fixed)
   10498 nonzeros

Src: B => Branching; C => Central rounding; F => Feasibility pump; H => Heuristic;
     I => Shifting; J => Feasibility jump; L => Sub-MIP; P => Empty MIP; R => Randomized rounding;
     S => Solve LP; T => Evaluate node; U => Unbounded; X => User solution; Y => HiGHS solution;
     Z => ZI Round; l => Trivial lower; p => Trivial point; u => Trivial upper; z => Trivial zero

        Nodes      |    B&B Tree     |            Objective Bounds              |  Dynamic Constraints |       Work      
Src  Proc. InQueue |  Leaves   Expl. | BestBound       BestSol              Gap |   Cuts   InLp Confl. | LpIters     Time

 J       0       0         0   0.00%   -inf            3.37143077         Large        0      0      0         0     0.4s
 T       0       0         0   0.00%   -2.981501315    -0.9758753472    205.52%        0      0      0      1422     0.5s
         1       0         1 100.00%   -0.9758753472   -0.9758753472      0.00%        0      0      0      1422     0.5s

Solving report
  Status            Optimal
  Primal bound      -0.975875347232
  Dual bound        -0.975875347232
  Gap               0% (tolerance: 0.5%)
  P-D integral      0.117193083796
  Solution status   feasible
                    -0.975875347232 (objective)
                    0 (bound viol.)
                    0 (int. viol.)
                    0 (row viol.)
  Timing            0.51
  Max sub-MIP depth 0
  Nodes             1
  Repair LPs        0
  LP iterations     1422
                    0 (strong br.)
                    0 (separation)
                    0 (heuristics)
MIP has 10753 rows; 9409 cols; 25537 nonzeros; 1344 integer variables (1344 binary)
Coefficient ranges:
  Matrix  [2e-01, 2e+00]
  Cost    [1e-02, 6e-02]
  Bound   [1e+00, 1e+00]
  RHS     [2e-04, 4e+00]
Presolving model
8064 rows, 8838 cols, 22277 nonzeros 0s
6373 rows, 7481 cols, 17893 nonzeros 0s
4530 rows, 5856 cols, 13089 nonzeros 0s
3789 rows, 4915 cols, 11015 nonzeros 0s
3683 rows, 4797 cols, 10791 nonzeros 0s
Presolve reductions: rows 3683(-7070); columns 4797(-4612); nonzeros 10791(-14746) 

Solving MIP model with:
   3683 rows
   4797 cols (578 binary, 0 integer, 0 implied int., 4219 continuous, 0 domain fixed)
   10791 nonzeros

Src: B => Branching; C => Central rounding; F => Feasibility pump; H => Heuristic;
     I => Shifting; J => Feasibility jump; L => Sub-MIP; P => Empty MIP; R => Randomized rounding;
     S => Solve LP; T => Evaluate node; U => Unbounded; X => User solution; Y => HiGHS solution;
     Z => ZI Round; l => Trivial lower; p => Trivial point; u => Trivial upper; z => Trivial zero

        Nodes      |    B&B Tree     |            Objective Bounds              |  Dynamic Constraints |       Work      
Src  Proc. InQueue |  Leaves   Expl. | BestBound       BestSol              Gap |   Cuts   InLp Confl. | LpIters     Time

         0       0         0   0.00%   -3.670641271    inf                  inf        0      0      0         0     0.6s
 T       0       0         0   0.00%   -3.670641271    -1.890558592      94.16%        0      0      0      1435     0.6s
         1       0         1 100.00%   -1.890558592    -1.890558592       0.00%        0      0      0      1435     0.6s

Solving report
  Status            Optimal
  Primal bound      -1.89055859197
  Dual bound        -1.89055859197
  Gap               0% (tolerance: 0.5%)
  P-D integral      8.96369290065e-05
  Solution status   feasible
                    -1.89055859197 (objective)
                    0 (bound viol.)
                    0 (int. viol.)
                    0 (row viol.)
  Timing            0.65
  Max sub-MIP depth 0
  Nodes             1
  Repair LPs        0
  LP iterations     1435
                    0 (strong br.)
                    0 (separation)
                    0 (heuristics)
MIP has 10753 rows; 9409 cols; 25537 nonzeros; 1344 integer variables (1344 binary)
Coefficient ranges:
  Matrix  [2e-01, 2e+00]
  Cost    [1e-02, 6e-02]
  Bound   [1e+00, 1e+00]
  RHS     [2e-04, 4e+00]
Presolving model
8064 rows, 8813 cols, 22252 nonzeros 0s
6357 rows, 7440 cols, 17836 nonzeros 0s
4492 rows, 5784 cols, 12979 nonzeros 0s
3809 rows, 4860 cols, 11024 nonzeros 0s
3729 rows, 4780 cols, 10864 nonzeros 0s
Presolve reductions: rows 3729(-7024); columns 4780(-4629); nonzeros 10864(-14673) 

Solving MIP model with:
   3729 rows
   4780 cols (589 binary, 0 integer, 0 implied int., 4191 continuous, 0 domain fixed)
   10864 nonzeros

Src: B => Branching; C => Central rounding; F => Feasibility pump; H => Heuristic;
     I => Shifting; J => Feasibility jump; L => Sub-MIP; P => Empty MIP; R => Randomized rounding;
     S => Solve LP; T => Evaluate node; U => Unbounded; X => User solution; Y => HiGHS solution;
     Z => ZI Round; l => Trivial lower; p => Trivial point; u => Trivial upper; z => Trivial zero

        Nodes      |    B&B Tree     |            Objective Bounds              |  Dynamic Constraints |       Work      
Src  Proc. InQueue |  Leaves   Expl. | BestBound       BestSol              Gap |   Cuts   InLp Confl. | LpIters     Time

         0       0         0   0.00%   -4.249543681    inf                  inf        0      0      0         0     0.6s
 T       0       0         0   0.00%   -4.249543681    -1.531823029     177.42%        0      0      0      1451     0.7s
         1       0         1 100.00%   -1.531823029    -1.531823029       0.00%        0      0      0      1451     0.7s

Solving report
  Status            Optimal
  Primal bound      -1.53182302855
  Dual bound        -1.53182302855
  Gap               0% (tolerance: 0.5%)
  P-D integral      0.000153111223784
  Solution status   feasible
                    -1.53182302855 (objective)
                    0 (bound viol.)
                    0 (int. viol.)
                    0 (row viol.)
  Timing            0.67
  Max sub-MIP depth 0
  Nodes             1
  Repair LPs        0
  LP iterations     1451
                    0 (strong br.)
                    0 (separation)
                    0 (heuristics)
MIP has 10753 rows; 9409 cols; 25537 nonzeros; 1344 integer variables (1344 binary)
Coefficient ranges:
  Matrix  [2e-01, 2e+00]
  Cost    [1e-02, 6e-02]
  Bound   [1e+00, 1e+00]
  RHS     [6e-06, 4e+00]
WARNING: Problem has some excessively small row bounds
Presolving model
8064 rows, 8792 cols, 22231 nonzeros 0s
6405 rows, 7467 cols, 17911 nonzeros 0s
4584 rows, 5894 cols, 13181 nonzeros 0s
3242 rows, 4511 cols, 9580 nonzeros 0s
3054 rows, 4323 cols, 9204 nonzeros 0s
Presolve reductions: rows 3054(-7699); columns 4323(-5086); nonzeros 9204(-16333) 

Solving MIP model with:
   3054 rows
   4323 cols (457 binary, 0 integer, 0 implied int., 3866 continuous, 0 domain fixed)
   9204 nonzeros

Src: B => Branching; C => Central rounding; F => Feasibility pump; H => Heuristic;
     I => Shifting; J => Feasibility jump; L => Sub-MIP; P => Empty MIP; R => Randomized rounding;
     S => Solve LP; T => Evaluate node; U => Unbounded; X => User solution; Y => HiGHS solution;
     Z => ZI Round; l => Trivial lower; p => Trivial point; u => Trivial upper; z => Trivial zero

        Nodes      |    B&B Tree     |            Objective Bounds              |  Dynamic Constraints |       Work      
Src  Proc. InQueue |  Leaves   Expl. | BestBound       BestSol              Gap |   Cuts   InLp Confl. | LpIters     Time

 J       0       0         0   0.00%   -inf            7.015045107        Large        0      0      0         0     0.5s
 T       0       0         0   0.00%   -3.150999043    0.9703757984     424.72%        0      0      0      1285     0.6s
         1       0         1 100.00%   0.9703757984    0.9703757984       0.00%        0      0      0      1285     0.6s

Solving report
  Status            Optimal
  Primal bound      0.970375798403
  Dual bound        0.970375798403
  Gap               0% (tolerance: 0.5%)
  P-D integral      0.0737428320924
  Solution status   feasible
                    0.970375798403 (objective)
                    0 (bound viol.)
                    0 (int. viol.)
                    0 (row viol.)
  Timing            0.58
  Max sub-MIP depth 0
  Nodes             1
  Repair LPs        0
  LP iterations     1285
                    0 (strong br.)
                    0 (separation)
                    0 (heuristics)
MIP has 10753 rows; 9409 cols; 25537 nonzeros; 1344 integer variables (1344 binary)
Coefficient ranges:
  Matrix  [2e-01, 2e+00]
  Cost    [1e-02, 6e-02]
  Bound   [1e+00, 1e+00]
  RHS     [6e-06, 4e+00]
WARNING: Problem has some excessively small row bounds
Presolving model
8064 rows, 8762 cols, 22201 nonzeros 0s
6439 rows, 7471 cols, 17949 nonzeros 0s
4669 rows, 5973 cols, 13345 nonzeros 0s
2746 rows, 4175 cols, 8288 nonzeros 0s
2318 rows, 3769 cols, 7366 nonzeros 0s
Presolve reductions: rows 2318(-8435); columns 3769(-5640); nonzeros 7366(-18171) 

Solving MIP model with:
   2318 rows
   3769 cols (320 binary, 0 integer, 0 implied int., 3449 continuous, 0 domain fixed)
   7366 nonzeros

Src: B => Branching; C => Central rounding; F => Feasibility pump; H => Heuristic;
     I => Shifting; J => Feasibility jump; L => Sub-MIP; P => Empty MIP; R => Randomized rounding;
     S => Solve LP; T => Evaluate node; U => Unbounded; X => User solution; Y => HiGHS solution;
     Z => ZI Round; l => Trivial lower; p => Trivial point; u => Trivial upper; z => Trivial zero

        Nodes      |    B&B Tree     |            Objective Bounds              |  Dynamic Constraints |       Work      
Src  Proc. InQueue |  Leaves   Expl. | BestBound       BestSol              Gap |   Cuts   InLp Confl. | LpIters     Time

         0       0         0   0.00%   -2.580964054    inf                  inf        0      0      0         0     0.6s
 T       0       0         0   0.00%   -2.580964054    2.2741613        213.49%        0      0      0      1085     0.6s
         1       0         1 100.00%   2.2741613       2.2741613          0.00%        0      0      0      1085     0.6s

Solving report
  Status            Optimal
  Primal bound      2.27416130005
  Dual bound        2.27416130005
  Gap               0% (tolerance: 0.5%)
  P-D integral      0.000173354520896
  Solution status   feasible
                    2.27416130005 (objective)
                    0 (bound viol.)
                    0 (int. viol.)
                    0 (row viol.)
  Timing            0.60
  Max sub-MIP depth 0
  Nodes             1
  Repair LPs        0
  LP iterations     1085
                    0 (strong br.)
                    0 (separation)
                    0 (heuristics)
MIP has 10753 rows; 9409 cols; 25537 nonzeros; 1344 integer variables (1344 binary)
Coefficient ranges:
  Matrix  [2e-01, 2e+00]
  Cost    [1e-02, 6e-02]
  Bound   [1e+00, 1e+00]
  RHS     [2e-04, 4e+00]
Presolving model
8064 rows, 8750 cols, 22189 nonzeros 0s
6446 rows, 7466 cols, 17951 nonzeros 0s
4679 rows, 5974 cols, 13356 nonzeros 0s
2766 rows, 4212 cols, 8345 nonzeros 0s
2204 rows, 3703 cols, 7062 nonzeros 0s
2153 rows, 3652 cols, 6960 nonzeros 0s
Presolve reductions: rows 2153(-8600); columns 3652(-5757); nonzeros 6960(-18577) 

Solving MIP model with:
   2153 rows
   3652 cols (289 binary, 0 integer, 0 implied int., 3363 continuous, 0 domain fixed)
   6960 nonzeros

Src: B => Branching; C => Central rounding; F => Feasibility pump; H => Heuristic;
     I => Shifting; J => Feasibility jump; L => Sub-MIP; P => Empty MIP; R => Randomized rounding;
     S => Solve LP; T => Evaluate node; U => Unbounded; X => User solution; Y => HiGHS solution;
     Z => ZI Round; l => Trivial lower; p => Trivial point; u => Trivial upper; z => Trivial zero

        Nodes      |    B&B Tree     |            Objective Bounds              |  Dynamic Constraints |       Work      
Src  Proc. InQueue |  Leaves   Expl. | BestBound       BestSol              Gap |   Cuts   InLp Confl. | LpIters     Time

         0       0         0   0.00%   -2.487670395    inf                  inf        0      0      0         0     0.6s
 T       0       0         0   0.00%   -2.487670395    2.213720021      212.38%        0      0      0      1041     0.7s
         1       0         1 100.00%   2.213720021     2.213720021        0.00%        0      0      0      1041     0.7s

Solving report
  Status            Optimal
  Primal bound      2.21372002088
  Dual bound        2.21372002088
  Gap               0% (tolerance: 0.5%)
  P-D integral      0.000169687741006
  Solution status   feasible
                    2.21372002088 (objective)
                    0 (bound viol.)
                    0 (int. viol.)
                    0 (row viol.)
  Timing            0.66
  Max sub-MIP depth 0
  Nodes             1
  Repair LPs        0
  LP iterations     1041
                    0 (strong br.)
                    0 (separation)
                    0 (heuristics)
MIP has 10753 rows; 9409 cols; 25537 nonzeros; 1344 integer variables (1344 binary)
Coefficient ranges:
  Matrix  [2e-01, 2e+00]
  Cost    [1e-02, 6e-02]
  Bound   [1e+00, 1e+00]
  RHS     [2e-04, 4e+00]
Presolving model
8064 rows, 8755 cols, 22194 nonzeros 0s
6443 rows, 7468 cols, 17950 nonzeros 0s
4685 rows, 5984 cols, 13372 nonzeros 0s
2754 rows, 4195 cols, 8316 nonzeros 0s
2228 rows, 3690 cols, 7129 nonzeros 0s
Presolve reductions: rows 2228(-8525); columns 3690(-5719); nonzeros 7129(-18408) 

Solving MIP model with:
   2228 rows
   3690 cols (303 binary, 0 integer, 0 implied int., 3387 continuous, 0 domain fixed)
   7129 nonzeros

Src: B => Branching; C => Central rounding; F => Feasibility pump; H => Heuristic;
     I => Shifting; J => Feasibility jump; L => Sub-MIP; P => Empty MIP; R => Randomized rounding;
     S => Solve LP; T => Evaluate node; U => Unbounded; X => User solution; Y => HiGHS solution;
     Z => ZI Round; l => Trivial lower; p => Trivial point; u => Trivial upper; z => Trivial zero

        Nodes      |    B&B Tree     |            Objective Bounds              |  Dynamic Constraints |       Work      
Src  Proc. InQueue |  Leaves   Expl. | BestBound       BestSol              Gap |   Cuts   InLp Confl. | LpIters     Time

         0       0         0   0.00%   -2.33423993     inf                  inf        0      0      0         0     0.5s
 T       0       0         0   0.00%   -2.33423993     2.872339074      181.27%        0      0      0      1076     0.5s
         1       0         1 100.00%   2.872339074     2.872339074        0.00%        0      0      0      1076     0.5s

Solving report
  Status            Optimal
  Primal bound      2.87233907366
  Dual bound        2.87233907366
  Gap               0% (tolerance: 0.5%)
  P-D integral      0.000135405830673
  Solution status   feasible
                    2.87233907366 (objective)
                    0 (bound viol.)
                    0 (int. viol.)
                    0 (row viol.)
  Timing            0.54
  Max sub-MIP depth 0
  Nodes             1
  Repair LPs        0
  LP iterations     1076
                    0 (strong br.)
                    0 (separation)
                    0 (heuristics)
MIP has 10753 rows; 9409 cols; 25537 nonzeros; 1344 integer variables (1344 binary)
Coefficient ranges:
  Matrix  [2e-01, 2e+00]
  Cost    [1e-02, 6e-02]
  Bound   [1e+00, 1e+00]
  RHS     [2e-04, 4e+00]
Presolving model
8064 rows, 8734 cols, 22173 nonzeros 0s
6434 rows, 7438 cols, 17911 nonzeros 0s
4653 rows, 5929 cols, 13285 nonzeros 0s
2714 rows, 4112 cols, 8193 nonzeros 0s
2239 rows, 3652 cols, 7126 nonzeros 0s
Presolve reductions: rows 2239(-8514); columns 3652(-5757); nonzeros 7126(-18411) 

Solving MIP model with:
   2239 rows
   3652 cols (309 binary, 0 integer, 0 implied int., 3343 continuous, 0 domain fixed)
   7126 nonzeros

Src: B => Branching; C => Central rounding; F => Feasibility pump; H => Heuristic;
     I => Shifting; J => Feasibility jump; L => Sub-MIP; P => Empty MIP; R => Randomized rounding;
     S => Solve LP; T => Evaluate node; U => Unbounded; X => User solution; Y => HiGHS solution;
     Z => ZI Round; l => Trivial lower; p => Trivial point; u => Trivial upper; z => Trivial zero

        Nodes      |    B&B Tree     |            Objective Bounds              |  Dynamic Constraints |       Work      
Src  Proc. InQueue |  Leaves   Expl. | BestBound       BestSol              Gap |   Cuts   InLp Confl. | LpIters     Time

         0       0         0   0.00%   -2.312246204    inf                  inf        0      0      0         0     0.5s
 T       0       0         0   0.00%   -2.312246204    4.435596         152.13%        0      0      0      1074     0.5s
         1       0         1 100.00%   4.435596        4.435596           0.00%        0      0      0      1074     0.5s

Solving report
  Status            Optimal
  Primal bound      4.43559600013
  Dual bound        4.43559600013
  Gap               0% (tolerance: 0.5%)
  P-D integral      0.000256490022793
  Solution status   feasible
                    4.43559600013 (objective)
                    0 (bound viol.)
                    0 (int. viol.)
                    0 (row viol.)
  Timing            0.49
  Max sub-MIP depth 0
  Nodes             1
  Repair LPs        0
  LP iterations     1074
                    0 (strong br.)
                    0 (separation)
                    0 (heuristics)
MIP has 10753 rows; 9409 cols; 25537 nonzeros; 1344 integer variables (1344 binary)
Coefficient ranges:
  Matrix  [2e-01, 2e+00]
  Cost    [1e-02, 6e-02]
  Bound   [1e+00, 1e+00]
  RHS     [2e-04, 4e+00]
Presolving model
8064 rows, 8720 cols, 22159 nonzeros 0s
6424 rows, 7414 cols, 17877 nonzeros 0s
4637 rows, 5893 cols, 13233 nonzeros 0s
2687 rows, 4066 cols, 8120 nonzeros 0s
2315 rows, 3694 cols, 7316 nonzeros 0s
Presolve reductions: rows 2315(-8438); columns 3694(-5715); nonzeros 7316(-18221) 

Solving MIP model with:
   2315 rows
   3694 cols (327 binary, 0 integer, 0 implied int., 3367 continuous, 0 domain fixed)
   7316 nonzeros

Src: B => Branching; C => Central rounding; F => Feasibility pump; H => Heuristic;
     I => Shifting; J => Feasibility jump; L => Sub-MIP; P => Empty MIP; R => Randomized rounding;
     S => Solve LP; T => Evaluate node; U => Unbounded; X => User solution; Y => HiGHS solution;
     Z => ZI Round; l => Trivial lower; p => Trivial point; u => Trivial upper; z => Trivial zero

        Nodes      |    B&B Tree     |            Objective Bounds              |  Dynamic Constraints |       Work      
Src  Proc. InQueue |  Leaves   Expl. | BestBound       BestSol              Gap |   Cuts   InLp Confl. | LpIters     Time

         0       0         0   0.00%   -2.384463145    inf                  inf        0      0      0         0     0.5s
 T       0       0         0   0.00%   -2.384463145    4.276618985      155.76%        0      0      0      1071     0.6s
         1       0         1 100.00%   4.276618985     4.276618985        0.00%        0      0      0      1071     0.6s

Solving report
  Status            Optimal
  Primal bound      4.27661898543
  Dual bound        4.27661898543
  Gap               0% (tolerance: 0.5%)
  P-D integral      0.000130679114302
  Solution status   feasible
                    4.27661898543 (objective)
                    0 (bound viol.)
                    0 (int. viol.)
                    0 (row viol.)
  Timing            0.55
  Max sub-MIP depth 0
  Nodes             1
  Repair LPs        0
  LP iterations     1071
                    0 (strong br.)
                    0 (separation)
                    0 (heuristics)
MIP has 10753 rows; 9409 cols; 25537 nonzeros; 1344 integer variables (1344 binary)
Coefficient ranges:
  Matrix  [2e-01, 2e+00]
  Cost    [1e-02, 6e-02]
  Bound   [1e+00, 1e+00]
  RHS     [2e-04, 4e+00]
Presolving model
8064 rows, 8827 cols, 22266 nonzeros 0s
6469 rows, 7566 cols, 18074 nonzeros 0s
4736 rows, 6113 cols, 13552 nonzeros 0s
2835 rows, 4383 cols, 8585 nonzeros 0s
2241 rows, 3852 cols, 7208 nonzeros 0s
2181 rows, 3792 cols, 7088 nonzeros 0s
Presolve reductions: rows 2181(-8572); columns 3792(-5617); nonzeros 7088(-18449) 

Solving MIP model with:
   2181 rows
   3792 cols (279 binary, 0 integer, 0 implied int., 3513 continuous, 0 domain fixed)
   7088 nonzeros

Src: B => Branching; C => Central rounding; F => Feasibility pump; H => Heuristic;
     I => Shifting; J => Feasibility jump; L => Sub-MIP; P => Empty MIP; R => Randomized rounding;
     S => Solve LP; T => Evaluate node; U => Unbounded; X => User solution; Y => HiGHS solution;
     Z => ZI Round; l => Trivial lower; p => Trivial point; u => Trivial upper; z => Trivial zero

        Nodes      |    B&B Tree     |            Objective Bounds              |  Dynamic Constraints |       Work      
Src  Proc. InQueue |  Leaves   Expl. | BestBound       BestSol              Gap |   Cuts   InLp Confl. | LpIters     Time

 J       0       0         0   0.00%   -inf            11.26124933        Large        0      0      0         0     0.5s
 T       0       0         0   0.00%   -1.865722882    6.326030818      129.49%        0      0      0      1105     0.5s
         1       0         1 100.00%   6.326030818     6.326030818        0.00%        0      0      0      1105     0.5s

Solving report
  Status            Optimal
  Primal bound      6.32603081757
  Dual bound        6.32603081757
  Gap               0% (tolerance: 0.5%)
  P-D integral      0.0475587205225
  Solution status   feasible
                    6.32603081757 (objective)
                    0 (bound viol.)
                    0 (int. viol.)
                    0 (row viol.)
  Timing            0.50
  Max sub-MIP depth 0
  Nodes             1
  Repair LPs        0
  LP iterations     1105
                    0 (strong br.)
                    0 (separation)
                    0 (heuristics)
MIP has 10753 rows; 9409 cols; 25537 nonzeros; 1344 integer variables (1344 binary)
Coefficient ranges:
  Matrix  [2e-01, 2e+00]
  Cost    [1e-02, 6e-02]
  Bound   [1e+00, 1e+00]
  RHS     [2e-04, 4e+00]
Presolving model
8064 rows, 9176 cols, 22615 nonzeros 0s
6584 rows, 8030 cols, 18653 nonzeros 0s
4992 rows, 6753 cols, 14448 nonzeros 0s
3244 rows, 5298 cols, 9909 nonzeros 0s
2073 rows, 4319 cols, 6991 nonzeros 0s
1894 rows, 4140 cols, 6633 nonzeros 0s
Presolve reductions: rows 1894(-8859); columns 4140(-5269); nonzeros 6633(-18904) 

Solving MIP model with:
   1894 rows
   4140 cols (150 binary, 0 integer, 0 implied int., 3990 continuous, 0 domain fixed)
   6633 nonzeros

Src: B => Branching; C => Central rounding; F => Feasibility pump; H => Heuristic;
     I => Shifting; J => Feasibility jump; L => Sub-MIP; P => Empty MIP; R => Randomized rounding;
     S => Solve LP; T => Evaluate node; U => Unbounded; X => User solution; Y => HiGHS solution;
     Z => ZI Round; l => Trivial lower; p => Trivial point; u => Trivial upper; z => Trivial zero

        Nodes      |    B&B Tree     |            Objective Bounds              |  Dynamic Constraints |       Work      
Src  Proc. InQueue |  Leaves   Expl. | BestBound       BestSol              Gap |   Cuts   InLp Confl. | LpIters     Time

         0       0         0   0.00%   -0.6058937901   inf                  inf        0      0      0         0     0.5s
 T       0       0         0   0.00%   -0.6058937901   10.85697337      105.58%        0      0      0      1367     0.6s
         1       0         1 100.00%   10.85697337     10.85697337        0.00%        0      0      0      1367     0.6s

Solving report
  Status            Optimal
  Primal bound      10.8569733713
  Dual bound        10.8569733713
  Gap               0% (tolerance: 0.5%)
  P-D integral      8.23529336481e-05
  Solution status   feasible
                    10.8569733713 (objective)
                    0 (bound viol.)
                    0 (int. viol.)
                    0 (row viol.)
  Timing            0.59
  Max sub-MIP depth 0
  Nodes             1
  Repair LPs        0
  LP iterations     1367
                    0 (strong br.)
                    0 (separation)
                    0 (heuristics)
MIP has 10753 rows; 9409 cols; 25537 nonzeros; 1344 integer variables (1344 binary)
Coefficient ranges:
  Matrix  [2e-01, 2e+00]
  Cost    [1e-02, 6e-02]
  Bound   [1e+00, 1e+00]
  RHS     [2e-04, 4e+00]
Presolving model
8064 rows, 9068 cols, 22507 nonzeros 0s
6554 rows, 7892 cols, 18483 nonzeros 0s
4919 rows, 6562 cols, 14182 nonzeros 0s
3113 rows, 5008 cols, 9487 nonzeros 0s
1646 rows, 2826 cols, 5242 nonzeros 0s
1406 rows, 2308 cols, 4484 nonzeros 0s
1371 rows, 2212 cols, 4353 nonzeros 0s
Presolve reductions: rows 1371(-9382); columns 2212(-7197); nonzeros 4353(-21184) 

Solving MIP model with:
   1371 rows
   2212 cols (193 binary, 0 integer, 0 implied int., 2019 continuous, 0 domain fixed)
   4353 nonzeros

Src: B => Branching; C => Central rounding; F => Feasibility pump; H => Heuristic;
     I => Shifting; J => Feasibility jump; L => Sub-MIP; P => Empty MIP; R => Randomized rounding;
     S => Solve LP; T => Evaluate node; U => Unbounded; X => User solution; Y => HiGHS solution;
     Z => ZI Round; l => Trivial lower; p => Trivial point; u => Trivial upper; z => Trivial zero

        Nodes      |    B&B Tree     |            Objective Bounds              |  Dynamic Constraints |       Work      
Src  Proc. InQueue |  Leaves   Expl. | BestBound       BestSol              Gap |   Cuts   InLp Confl. | LpIters     Time

 J       0       0         0   0.00%   -inf            10.76912472        Large        0      0      0         0     0.5s
 T       0       0         0   0.00%   6.058804238     9.285637701       34.75%        0      0      0       646     0.5s
         1       0         1 100.00%   9.285637701     9.285637701        0.00%        0      0      0       646     0.5s

Solving report
  Status            Optimal
  Primal bound      9.28563770124
  Dual bound        9.28563770124
  Gap               0% (tolerance: 0.5%)
  P-D integral      0.0104404976178
  Solution status   feasible
                    9.28563770124 (objective)
                    0 (bound viol.)
                    0 (int. viol.)
                    0 (row viol.)
  Timing            0.52
  Max sub-MIP depth 0
  Nodes             1
  Repair LPs        0
  LP iterations     646
                    0 (strong br.)
                    0 (separation)
                    0 (heuristics)
MIP has 10753 rows; 9409 cols; 25537 nonzeros; 1344 integer variables (1344 binary)
Coefficient ranges:
  Matrix  [2e-01, 2e+00]
  Cost    [1e-02, 6e-02]
  Bound   [1e+00, 1e+00]
  RHS     [2e-04, 4e+00]
Presolving model
8064 rows, 8560 cols, 21999 nonzeros 0s
6404 rows, 7233 cols, 17672 nonzeros 0s
4592 rows, 5677 cols, 12953 nonzeros 0s
2632 rows, 3801 cols, 7774 nonzeros 0s
1522 rows, 2851 cols, 5074 nonzeros 0s
1362 rows, 2690 cols, 4753 nonzeros 0s
Presolve reductions: rows 1362(-9391); columns 2690(-6719); nonzeros 4753(-20784) 

Solving MIP model with:
   1362 rows
   2690 cols (176 binary, 0 integer, 0 implied int., 2514 continuous, 0 domain fixed)
   4753 nonzeros

Src: B => Branching; C => Central rounding; F => Feasibility pump; H => Heuristic;
     I => Shifting; J => Feasibility jump; L => Sub-MIP; P => Empty MIP; R => Randomized rounding;
     S => Solve LP; T => Evaluate node; U => Unbounded; X => User solution; Y => HiGHS solution;
     Z => ZI Round; l => Trivial lower; p => Trivial point; u => Trivial upper; z => Trivial zero

        Nodes      |    B&B Tree     |            Objective Bounds              |  Dynamic Constraints |       Work      
Src  Proc. InQueue |  Leaves   Expl. | BestBound       BestSol              Gap |   Cuts   InLp Confl. | LpIters     Time

 J       0       0         0   0.00%   -inf            10.61344849        Large        0      0      0         0     0.6s
 T       0       0         0   0.00%   -0.1400816383   9.052109358      101.55%        0      0      0       558     0.6s
         1       0         1 100.00%   9.052109358     9.052109358        0.00%        0      0      0       558     0.6s

Solving report
  Status            Optimal
  Primal bound      9.05210935834
  Dual bound        9.05210935834
  Gap               0% (tolerance: 0.5%)
  P-D integral      0.0288157178888
  Solution status   feasible
                    9.05210935834 (objective)
                    0 (bound viol.)
                    0 (int. viol.)
                    0 (row viol.)
  Timing            0.58
  Max sub-MIP depth 0
  Nodes             1
  Repair LPs        0
  LP iterations     558
                    0 (strong br.)
                    0 (separation)
                    0 (heuristics)
MIP has 10753 rows; 9409 cols; 25537 nonzeros; 1344 integer variables (1344 binary)
Coefficient ranges:
  Matrix  [2e-01, 2e+00]
  Cost    [1e-02, 6e-02]
  Bound   [1e+00, 1e+00]
  RHS     [4e-04, 4e+00]
Presolving model
8064 rows, 8414 cols, 21853 nonzeros 0s
6377 rows, 7061 cols, 17473 nonzeros 0s
4547 rows, 5483 cols, 12714 nonzeros 0s
2600 rows, 3642 cols, 7585 nonzeros 0s
2384 rows, 2713 cols, 5034 nonzeros 0s
1087 rows, 2260 cols, 3748 nonzeros 0s
893 rows, 1920 cols, 3214 nonzeros 0s
813 rows, 1526 cols, 2740 nonzeros 0s
723 rows, 1226 cols, 2350 nonzeros 0s
723 rows, 1225 cols, 2349 nonzeros 0s
Presolve reductions: rows 723(-10030); columns 1225(-8184); nonzeros 2349(-23188) 

Solving MIP model with:
   723 rows
   1225 cols (101 binary, 0 integer, 0 implied int., 1124 continuous, 0 domain fixed)
   2349 nonzeros

Src: B => Branching; C => Central rounding; F => Feasibility pump; H => Heuristic;
     I => Shifting; J => Feasibility jump; L => Sub-MIP; P => Empty MIP; R => Randomized rounding;
     S => Solve LP; T => Evaluate node; U => Unbounded; X => User solution; Y => HiGHS solution;
     Z => ZI Round; l => Trivial lower; p => Trivial point; u => Trivial upper; z => Trivial zero

        Nodes      |    B&B Tree     |            Objective Bounds              |  Dynamic Constraints |       Work      
Src  Proc. InQueue |  Leaves   Expl. | BestBound       BestSol              Gap |   Cuts   InLp Confl. | LpIters     Time

 J       0       0         0   0.00%   -inf            14.88223012        Large        0      0      0         0     0.5s
 T       0       0         0   0.00%   9.080184046     14.10845637       35.64%        0      0      0       316     0.5s
         1       0         1 100.00%   14.10845637     14.10845637        0.00%        0      0      0       316     0.5s

Solving report
  Status            Optimal
  Primal bound      14.1084563676
  Dual bound        14.1084563676
  Gap               0% (tolerance: 0.5%)
  P-D integral      0.00459317238049
  Solution status   feasible
                    14.1084563676 (objective)
                    0 (bound viol.)
                    0 (int. viol.)
                    0 (row viol.)
  Timing            0.50
  Max sub-MIP depth 0
  Nodes             1
  Repair LPs        0
  LP iterations     316
                    0 (strong br.)
                    0 (separation)
                    0 (heuristics)
MIP has 10753 rows; 9409 cols; 25537 nonzeros; 1344 integer variables (1344 binary)
Coefficient ranges:
  Matrix  [2e-01, 2e+00]
  Cost    [1e-02, 6e-02]
  Bound   [1e+00, 1e+00]
  RHS     [3e-04, 4e+00]
Presolving model
8064 rows, 8526 cols, 21965 nonzeros 0s
6380 rows, 7176 cols, 17591 nonzeros 0s
4563 rows, 5609 cols, 12851 nonzeros 0s
2595 rows, 3756 cols, 7694 nonzeros 0s
2356 rows, 2943 cols, 5774 nonzeros 0s
1617 rows, 2755 cols, 5199 nonzeros 0s
1514 rows, 2629 cols, 4968 nonzeros 0s
Presolve reductions: rows 1514(-9239); columns 2629(-6780); nonzeros 4968(-20569) 

Solving MIP model with:
   1514 rows
   2629 cols (207 binary, 0 integer, 0 implied int., 2422 continuous, 0 domain fixed)
   4968 nonzeros

Src: B => Branching; C => Central rounding; F => Feasibility pump; H => Heuristic;
     I => Shifting; J => Feasibility jump; L => Sub-MIP; P => Empty MIP; R => Randomized rounding;
     S => Solve LP; T => Evaluate node; U => Unbounded; X => User solution; Y => HiGHS solution;
     Z => ZI Round; l => Trivial lower; p => Trivial point; u => Trivial upper; z => Trivial zero

        Nodes      |    B&B Tree     |            Objective Bounds              |  Dynamic Constraints |       Work      
Src  Proc. InQueue |  Leaves   Expl. | BestBound       BestSol              Gap |   Cuts   InLp Confl. | LpIters     Time

 J       0       0         0   0.00%   -inf            16.52439747        Large        0      0      0         0     0.5s
 T       0       0         0   0.00%   3.541620922     14.86285821       76.17%        0      0      0       696     0.5s
         1       0         1 100.00%   14.86285821     14.86285821        0.00%        0      0      0       696     0.5s

Solving report
  Status            Optimal
  Primal bound      14.8628582106
  Dual bound        14.8628582106
  Gap               0% (tolerance: 0.5%)
  P-D integral      0.0197097108938
  Solution status   feasible
                    14.8628582106 (objective)
                    0 (bound viol.)
                    0 (int. viol.)
                    0 (row viol.)
  Timing            0.53
  Max sub-MIP depth 0
  Nodes             1
  Repair LPs        0
  LP iterations     696
                    0 (strong br.)
                    0 (separation)
                    0 (heuristics)
MIP has 10753 rows; 9409 cols; 25537 nonzeros; 1344 integer variables (1344 binary)
Coefficient ranges:
  Matrix  [2e-01, 2e+00]
  Cost    [1e-02, 6e-02]
  Bound   [1e+00, 1e+00]
  RHS     [1e-04, 4e+00]
Presolving model
8064 rows, 8605 cols, 22044 nonzeros 0s
6399 rows, 7274 cols, 17708 nonzeros 0s
4594 rows, 5726 cols, 12999 nonzeros 0s
2642 rows, 3889 cols, 7874 nonzeros 0s
1861 rows, 3178 cols, 6000 nonzeros 0s
1770 rows, 3081 cols, 5812 nonzeros 0s
Presolve reductions: rows 1770(-8983); columns 3081(-6328); nonzeros 5812(-19725) 

Solving MIP model with:
   1770 rows
   3081 cols (241 binary, 0 integer, 0 implied int., 2840 continuous, 0 domain fixed)
   5812 nonzeros

Src: B => Branching; C => Central rounding; F => Feasibility pump; H => Heuristic;
     I => Shifting; J => Feasibility jump; L => Sub-MIP; P => Empty MIP; R => Randomized rounding;
     S => Solve LP; T => Evaluate node; U => Unbounded; X => User solution; Y => HiGHS solution;
     Z => ZI Round; l => Trivial lower; p => Trivial point; u => Trivial upper; z => Trivial zero

        Nodes      |    B&B Tree     |            Objective Bounds              |  Dynamic Constraints |       Work      
Src  Proc. InQueue |  Leaves   Expl. | BestBound       BestSol              Gap |   Cuts   InLp Confl. | LpIters     Time

 J       0       0         0   0.00%   -inf            16.11749158        Large        0      0      0         0     0.5s
 T       0       0         0   0.00%   0.2647914237    14.57327566       98.18%        0      0      0       782     0.6s
         1       0         1 100.00%   14.57327566     14.57327566        0.00%        0      0      0       782     0.6s

Solving report
  Status            Optimal
  Primal bound      14.5732756579
  Dual bound        14.5732756579
  Gap               0% (tolerance: 0.5%)
  P-D integral      0.0300123132909
  Solution status   feasible
                    14.5732756579 (objective)
                    0 (bound viol.)
                    0 (int. viol.)
                    0 (row viol.)
  Timing            0.57
  Max sub-MIP depth 0
  Nodes             1
  Repair LPs        0
  LP iterations     782
                    0 (strong br.)
                    0 (separation)
                    0 (heuristics)
MIP has 10753 rows; 9409 cols; 25537 nonzeros; 1344 integer variables (1344 binary)
Coefficient ranges:
  Matrix  [2e-01, 2e+00]
  Cost    [1e-02, 6e-02]
  Bound   [1e+00, 1e+00]
  RHS     [7e-05, 4e+00]
WARNING: Problem has some excessively small row bounds
Presolving model
8064 rows, 8586 cols, 22025 nonzeros 0s
6417 rows, 7273 cols, 17729 nonzeros 0s
4632 rows, 5753 cols, 13088 nonzeros 0s
2685 rows, 3928 cols, 7980 nonzeros 0s
1695 rows, 3017 cols, 5531 nonzeros 0s
1534 rows, 2743 cols, 5096 nonzeros 0s
Presolve reductions: rows 1534(-9219); columns 2743(-6666); nonzeros 5096(-20441) 

Solving MIP model with:
   1534 rows
   2743 cols (205 binary, 0 integer, 0 implied int., 2538 continuous, 0 domain fixed)
   5096 nonzeros

Src: B => Branching; C => Central rounding; F => Feasibility pump; H => Heuristic;
     I => Shifting; J => Feasibility jump; L => Sub-MIP; P => Empty MIP; R => Randomized rounding;
     S => Solve LP; T => Evaluate node; U => Unbounded; X => User solution; Y => HiGHS solution;
     Z => ZI Round; l => Trivial lower; p => Trivial point; u => Trivial upper; z => Trivial zero

        Nodes      |    B&B Tree     |            Objective Bounds              |  Dynamic Constraints |       Work      
Src  Proc. InQueue |  Leaves   Expl. | BestBound       BestSol              Gap |   Cuts   InLp Confl. | LpIters     Time

 J       0       0         0   0.00%   -inf            17.92129163        Large        0      0      0         0     0.5s
 T       0       0         0   0.00%   2.484275649     16.59878822       85.03%        0      0      0       622     0.5s
         1       0         1 100.00%   16.59878822     16.59878822        0.00%        0      0      0       622     0.5s

Solving report
  Status            Optimal
  Primal bound      16.5987882221
  Dual bound        16.5987882221
  Gap               0% (tolerance: 0.5%)
  P-D integral      0.0222332765829
  Solution status   feasible
                    16.5987882221 (objective)
                    0 (bound viol.)
                    0 (int. viol.)
                    0 (row viol.)
  Timing            0.49
  Max sub-MIP depth 0
  Nodes             1
  Repair LPs        0
  LP iterations     622
                    0 (strong br.)
                    0 (separation)
                    0 (heuristics)
MIP has 10753 rows; 9409 cols; 25537 nonzeros; 1344 integer variables (1344 binary)
Coefficient ranges:
  Matrix  [2e-01, 2e+00]
  Cost    [1e-02, 6e-02]
  Bound   [1e+00, 1e+00]
  RHS     [7e-05, 4e+00]
WARNING: Problem has some excessively small row bounds
Presolving model
8064 rows, 8540 cols, 21979 nonzeros 0s
6393 rows, 7203 cols, 17631 nonzeros 0s
4577 rows, 5642 cols, 12903 nonzeros 0s
2622 rows, 3792 cols, 7757 nonzeros 0s
1550 rows, 2869 cols, 5148 nonzeros 0s
1403 rows, 2722 cols, 4854 nonzeros 0s
Presolve reductions: rows 1403(-9350); columns 2722(-6687); nonzeros 4854(-20683) 

Solving MIP model with:
   1403 rows
   2722 cols (183 binary, 0 integer, 0 implied int., 2539 continuous, 0 domain fixed)
   4854 nonzeros

Src: B => Branching; C => Central rounding; F => Feasibility pump; H => Heuristic;
     I => Shifting; J => Feasibility jump; L => Sub-MIP; P => Empty MIP; R => Randomized rounding;
     S => Solve LP; T => Evaluate node; U => Unbounded; X => User solution; Y => HiGHS solution;
     Z => ZI Round; l => Trivial lower; p => Trivial point; u => Trivial upper; z => Trivial zero

        Nodes      |    B&B Tree     |            Objective Bounds              |  Dynamic Constraints |       Work      
Src  Proc. InQueue |  Leaves   Expl. | BestBound       BestSol              Gap |   Cuts   InLp Confl. | LpIters     Time

 J       0       0         0   0.00%   -inf            18.31083568        Large        0      0      0         0     0.5s
 T       0       0         0   0.00%   -0.0654775037   16.93892165      100.39%        0      0      0       594     0.5s
         1       0         1 100.00%   16.93892165     16.93892165        0.00%        0      0      0       594     0.5s

Solving report
  Status            Optimal
  Primal bound      16.938921648
  Dual bound        16.938921648
  Gap               0% (tolerance: 0.5%)
  P-D integral      0.0227662403861
  Solution status   feasible
                    16.938921648 (objective)
                    0 (bound viol.)
                    0 (int. viol.)
                    0 (row viol.)
  Timing            0.50
  Max sub-MIP depth 0
  Nodes             1
  Repair LPs        0
  LP iterations     594
                    0 (strong br.)
                    0 (separation)
                    0 (heuristics)
MIP has 10753 rows; 9409 cols; 25537 nonzeros; 1344 integer variables (1344 binary)
Coefficient ranges:
  Matrix  [2e-01, 2e+00]
  Cost    [1e-02, 6e-02]
  Bound   [1e+00, 1e+00]
  RHS     [3e-05, 4e+00]
WARNING: Problem has some excessively small row bounds
Presolving model
8064 rows, 8485 cols, 21924 nonzeros 0s
6393 rows, 7148 cols, 17576 nonzeros 0s
4560 rows, 5576 cols, 12820 nonzeros 0s
2624 rows, 3738 cols, 7713 nonzeros 0s
2390 rows, 2932 cols, 5565 nonzeros 0s
1356 rows, 2573 cols, 4538 nonzeros 0s
1134 rows, 2228 cols, 3971 nonzeros 0s
Presolve reductions: rows 1134(-9619); columns 2228(-7181); nonzeros 3971(-21566) 

Solving MIP model with:
   1134 rows
   2228 cols (153 binary, 0 integer, 0 implied int., 2075 continuous, 0 domain fixed)
   3971 nonzeros

Src: B => Branching; C => Central rounding; F => Feasibility pump; H => Heuristic;
     I => Shifting; J => Feasibility jump; L => Sub-MIP; P => Empty MIP; R => Randomized rounding;
     S => Solve LP; T => Evaluate node; U => Unbounded; X => User solution; Y => HiGHS solution;
     Z => ZI Round; l => Trivial lower; p => Trivial point; u => Trivial upper; z => Trivial zero

        Nodes      |    B&B Tree     |            Objective Bounds              |  Dynamic Constraints |       Work      
Src  Proc. InQueue |  Leaves   Expl. | BestBound       BestSol              Gap |   Cuts   InLp Confl. | LpIters     Time

 J       0       0         0   0.00%   -inf            18.6190175         Large        0      0      0         0     0.5s
 T       0       0         0   0.00%   2.400168907     17.61728327       86.38%        0      0      0       417     0.6s
         1       0         1 100.00%   17.61728327     17.61728327        0.00%        0      0      0       417     0.6s

Solving report
  Status            Optimal
  Primal bound      17.6172832673
  Dual bound        17.6172832673
  Gap               0% (tolerance: 0.5%)
  P-D integral      0.0191987153465
  Solution status   feasible
                    17.6172832673 (objective)
                    0 (bound viol.)
                    0 (int. viol.)
                    0 (row viol.)
  Timing            0.57
  Max sub-MIP depth 0
  Nodes             1
  Repair LPs        0
  LP iterations     417
                    0 (strong br.)
                    0 (separation)
                    0 (heuristics)
MIP has 10753 rows; 9409 cols; 25537 nonzeros; 1344 integer variables (1344 binary)
Coefficient ranges:
  Matrix  [2e-01, 2e+00]
  Cost    [1e-02, 6e-02]
  Bound   [1e+00, 1e+00]
  RHS     [3e-05, 4e+00]
WARNING: Problem has some excessively small row bounds
Presolving model
8064 rows, 8504 cols, 21943 nonzeros 0s
6409 rows, 7183 cols, 17627 nonzeros 0s
4594 rows, 5633 cols, 12911 nonzeros 0s
2681 rows, 3848 cols, 7868 nonzeros 0s
2475 rows, 2954 cols, 5394 nonzeros 0s
1211 rows, 2598 cols, 4228 nonzeros 0s
977 rows, 2363 cols, 3759 nonzeros 0s
Presolve reductions: rows 977(-9776); columns 2363(-7046); nonzeros 3759(-21778) 

Solving MIP model with:
   977 rows
   2363 cols (105 binary, 0 integer, 0 implied int., 2258 continuous, 0 domain fixed)
   3759 nonzeros

Src: B => Branching; C => Central rounding; F => Feasibility pump; H => Heuristic;
     I => Shifting; J => Feasibility jump; L => Sub-MIP; P => Empty MIP; R => Randomized rounding;
     S => Solve LP; T => Evaluate node; U => Unbounded; X => User solution; Y => HiGHS solution;
     Z => ZI Round; l => Trivial lower; p => Trivial point; u => Trivial upper; z => Trivial zero

        Nodes      |    B&B Tree     |            Objective Bounds              |  Dynamic Constraints |       Work      
Src  Proc. InQueue |  Leaves   Expl. | BestBound       BestSol              Gap |   Cuts   InLp Confl. | LpIters     Time

 J       0       0         0   0.00%   -inf            21.21052955        Large        0      0      0         0     0.5s
 T       0       0         0   0.00%   0.1207326828    20.46759823       99.41%        0      0      0       391     0.5s
         1       0         1 100.00%   20.46759823     20.46759823        0.00%        0      0      0       391     0.5s

Solving report
  Status            Optimal
  Primal bound      20.4675982342
  Dual bound        20.4675982342
  Gap               0% (tolerance: 0.5%)
  P-D integral      0.02118123091
  Solution status   feasible
                    20.4675982342 (objective)
                    0 (bound viol.)
                    0 (int. viol.)
                    0 (row viol.)
  Timing            0.54
  Max sub-MIP depth 0
  Nodes             1
  Repair LPs        0
  LP iterations     391
                    0 (strong br.)
                    0 (separation)
                    0 (heuristics)
MIP has 10753 rows; 9409 cols; 25537 nonzeros; 1344 integer variables (1344 binary)
Coefficient ranges:
  Matrix  [2e-01, 2e+00]
  Cost    [1e-02, 6e-02]
  Bound   [1e+00, 1e+00]
  RHS     [2e-04, 4e+00]
Presolving model
8064 rows, 8562 cols, 22001 nonzeros 0s
6403 rows, 7235 cols, 17672 nonzeros 0s
4593 rows, 5688 cols, 12961 nonzeros 0s
2678 rows, 3898 cols, 7915 nonzeros 0s
2449 rows, 3119 cols, 5817 nonzeros 0s
1444 rows, 2797 cols, 4850 nonzeros 0s
1220 rows, 2350 cols, 4179 nonzeros 0s
1219 rows, 2334 cols, 4162 nonzeros 0s
Presolve reductions: rows 1219(-9534); columns 2334(-7075); nonzeros 4162(-21375) 

Solving MIP model with:
   1219 rows
   2334 cols (153 binary, 0 integer, 0 implied int., 2181 continuous, 0 domain fixed)
   4162 nonzeros

Src: B => Branching; C => Central rounding; F => Feasibility pump; H => Heuristic;
     I => Shifting; J => Feasibility jump; L => Sub-MIP; P => Empty MIP; R => Randomized rounding;
     S => Solve LP; T => Evaluate node; U => Unbounded; X => User solution; Y => HiGHS solution;
     Z => ZI Round; l => Trivial lower; p => Trivial point; u => Trivial upper; z => Trivial zero

        Nodes      |    B&B Tree     |            Objective Bounds              |  Dynamic Constraints |       Work      
Src  Proc. InQueue |  Leaves   Expl. | BestBound       BestSol              Gap |   Cuts   InLp Confl. | LpIters     Time

 J       0       0         0   0.00%   -inf            22.42741878        Large        0      0      0         0     0.6s
 T       0       0         0   0.00%   5.140498703     21.76760769       76.38%        0      0      0       482     0.6s
         1       0         1 100.00%   21.76760769     21.76760769        0.00%        0      0      0       482     0.6s

Solving report
  Status            Optimal
  Primal bound      21.767607692
  Dual bound        21.767607692
  Gap               0% (tolerance: 0.5%)
  P-D integral      0.0142976377346
  Solution status   feasible
                    21.767607692 (objective)
                    0 (bound viol.)
                    0 (int. viol.)
                    0 (row viol.)
  Timing            0.58
  Max sub-MIP depth 0
  Nodes             1
  Repair LPs        0
  LP iterations     482
                    0 (strong br.)
                    0 (separation)
                    0 (heuristics)
MIP has 10754 rows; 9409 cols; 25538 nonzeros; 1344 integer variables (1344 binary)
Coefficient ranges:
  Matrix  [2e-01, 2e+00]
  Cost    [1e-02, 6e-02]
  Bound   [1e+00, 1e+00]
  RHS     [2e-04, 4e+00]
Presolving model
8064 rows, 8561 cols, 22000 nonzeros 0s
6405 rows, 7236 cols, 17674 nonzeros 0s
4601 rows, 5697 cols, 12974 nonzeros 0s
2666 rows, 3898 cols, 7895 nonzeros 0s
2430 rows, 3072 cols, 5691 nonzeros 0s
1330 rows, 2472 cols, 4367 nonzeros 0s
1122 rows, 2052 cols, 3739 nonzeros 0s
1033 rows, 1755 cols, 3353 nonzeros 0s
Presolve reductions: rows 1033(-9721); columns 1755(-7654); nonzeros 3353(-22185) 

Solving MIP model with:
   1033 rows
   1755 cols (142 binary, 0 integer, 0 implied int., 1613 continuous, 0 domain fixed)
   3353 nonzeros

Src: B => Branching; C => Central rounding; F => Feasibility pump; H => Heuristic;
     I => Shifting; J => Feasibility jump; L => Sub-MIP; P => Empty MIP; R => Randomized rounding;
     S => Solve LP; T => Evaluate node; U => Unbounded; X => User solution; Y => HiGHS solution;
     Z => ZI Round; l => Trivial lower; p => Trivial point; u => Trivial upper; z => Trivial zero

        Nodes      |    B&B Tree     |            Objective Bounds              |  Dynamic Constraints |       Work      
Src  Proc. InQueue |  Leaves   Expl. | BestBound       BestSol              Gap |   Cuts   InLp Confl. | LpIters     Time

         0       0         0   0.00%   12.29933866     inf                  inf        0      0      0         0     0.5s
 T       0       0         0   0.00%   12.29933866     22.57739991       45.52%        0      0      0       463     0.5s
         1       0         1 100.00%   22.57739991     22.57739991        0.00%        0      0      0       463     0.5s

Solving report
  Status            Optimal
  Primal bound      22.5773999114
  Dual bound        22.5773999114
  Gap               0% (tolerance: 0.5%)
  P-D integral      2.7223150562e-05
  Solution status   feasible
                    22.5773999114 (objective)
                    0 (bound viol.)
                    0 (int. viol.)
                    0 (row viol.)
  Timing            0.54
  Max sub-MIP depth 0
  Nodes             1
  Repair LPs        0
  LP iterations     463
                    0 (strong br.)
                    0 (separation)
                    0 (heuristics)
MIP has 10753 rows; 9409 cols; 25537 nonzeros; 1344 integer variables (1344 binary)
Coefficient ranges:
  Matrix  [2e-01, 2e+00]
  Cost    [1e-02, 6e-02]
  Bound   [1e+00, 1e+00]
  RHS     [7e-05, 4e+00]
WARNING: Problem has some excessively small row bounds
Presolving model
8064 rows, 8598 cols, 22037 nonzeros 0s
6420 rows, 7288 cols, 17747 nonzeros 0s
4644 rows, 5782 cols, 13129 nonzeros 0s
2724 rows, 4007 cols, 8098 nonzeros 0s
1641 rows, 3082 cols, 5458 nonzeros 0s
1488 rows, 2928 cols, 5151 nonzeros 0s
Presolve reductions: rows 1488(-9265); columns 2928(-6481); nonzeros 5151(-20386) 

Solving MIP model with:
   1488 rows
   2928 cols (184 binary, 0 integer, 0 implied int., 2744 continuous, 0 domain fixed)
   5151 nonzeros

Src: B => Branching; C => Central rounding; F => Feasibility pump; H => Heuristic;
     I => Shifting; J => Feasibility jump; L => Sub-MIP; P => Empty MIP; R => Randomized rounding;
     S => Solve LP; T => Evaluate node; U => Unbounded; X => User solution; Y => HiGHS solution;
     Z => ZI Round; l => Trivial lower; p => Trivial point; u => Trivial upper; z => Trivial zero

        Nodes      |    B&B Tree     |            Objective Bounds              |  Dynamic Constraints |       Work      
Src  Proc. InQueue |  Leaves   Expl. | BestBound       BestSol              Gap |   Cuts   InLp Confl. | LpIters     Time

 J       0       0         0   0.00%   -inf            18.34715674        Large        0      0      0         0     0.5s
 T       0       0         0   0.00%   3.17106164      17.53226286       81.91%        0      0      0       697     0.5s
         1       0         1 100.00%   17.53226286     17.53226286        0.00%        0      0      0       697     0.5s

Solving report
  Status            Optimal
  Primal bound      17.5322628587
  Dual bound        17.5322628587
  Gap               0% (tolerance: 0.5%)
  P-D integral      0.0227802575341
  Solution status   feasible
                    17.5322628587 (objective)
                    0 (bound viol.)
                    0 (int. viol.)
                    0 (row viol.)
  Timing            0.52
  Max sub-MIP depth 0
  Nodes             1
  Repair LPs        0
  LP iterations     697
                    0 (strong br.)
                    0 (separation)
                    0 (heuristics)
MIP has 10753 rows; 9409 cols; 25537 nonzeros; 1344 integer variables (1344 binary)
Coefficient ranges:
  Matrix  [2e-01, 2e+00]
  Cost    [1e-02, 6e-02]
  Bound   [1e+00, 1e+00]
  RHS     [8e-04, 4e+00]
Presolving model
8064 rows, 8601 cols, 22040 nonzeros 0s
6428 rows, 7299 cols, 17766 nonzeros 0s
4670 rows, 5812 cols, 13185 nonzeros 0s
2749 rows, 4048 cols, 8164 nonzeros 0s
1538 rows, 3020 cols, 5193 nonzeros 0s
1364 rows, 2845 cols, 4844 nonzeros 0s
Presolve reductions: rows 1364(-9389); columns 2845(-6564); nonzeros 4844(-20693) 

Solving MIP model with:
   1364 rows
   2845 cols (159 binary, 0 integer, 0 implied int., 2686 continuous, 0 domain fixed)
   4844 nonzeros

Src: B => Branching; C => Central rounding; F => Feasibility pump; H => Heuristic;
     I => Shifting; J => Feasibility jump; L => Sub-MIP; P => Empty MIP; R => Randomized rounding;
     S => Solve LP; T => Evaluate node; U => Unbounded; X => User solution; Y => HiGHS solution;
     Z => ZI Round; l => Trivial lower; p => Trivial point; u => Trivial upper; z => Trivial zero

        Nodes      |    B&B Tree     |            Objective Bounds              |  Dynamic Constraints |       Work      
Src  Proc. InQueue |  Leaves   Expl. | BestBound       BestSol              Gap |   Cuts   InLp Confl. | LpIters     Time

 J       0       0         0   0.00%   -inf            20.3781296         Large        0      0      0         0     0.5s
 T       0       0         0   0.00%   3.460336609     19.49097611       82.25%        0      0      0       722     0.5s
         1       0         1 100.00%   19.49097611     19.49097611        0.00%        0      0      0       722     0.5s

Solving report
  Status            Optimal
  Primal bound      19.4909761115
  Dual bound        19.4909761115
  Gap               0% (tolerance: 0.5%)
  P-D integral      0.0237676202059
  Solution status   feasible
                    19.4909761115 (objective)
                    0 (bound viol.)
                    0 (int. viol.)
                    0 (row viol.)
  Timing            0.50
  Max sub-MIP depth 0
  Nodes             1
  Repair LPs        0
  LP iterations     722
                    0 (strong br.)
                    0 (separation)
                    0 (heuristics)
MIP has 10753 rows; 9409 cols; 25537 nonzeros; 1344 integer variables (1344 binary)
Coefficient ranges:
  Matrix  [2e-01, 2e+00]
  Cost    [1e-02, 6e-02]
  Bound   [1e+00, 1e+00]
  RHS     [3e-04, 4e+00]
Presolving model
8064 rows, 8609 cols, 22048 nonzeros 0s
6435 rows, 7314 cols, 17784 nonzeros 0s
4648 rows, 5799 cols, 13131 nonzeros 0s
2741 rows, 4038 cols, 8118 nonzeros 0s
2539 rows, 3181 cols, 5785 nonzeros 0s
1362 rows, 2787 cols, 4634 nonzeros 0s
1115 rows, 2406 cols, 4006 nonzeros 0s
1064 rows, 2244 cols, 3793 nonzeros 0s
Presolve reductions: rows 1064(-9689); columns 2244(-7165); nonzeros 3793(-21744) 

Solving MIP model with:
   1064 rows
   2244 cols (122 binary, 0 integer, 0 implied int., 2122 continuous, 0 domain fixed)
   3793 nonzeros

Src: B => Branching; C => Central rounding; F => Feasibility pump; H => Heuristic;
     I => Shifting; J => Feasibility jump; L => Sub-MIP; P => Empty MIP; R => Randomized rounding;
     S => Solve LP; T => Evaluate node; U => Unbounded; X => User solution; Y => HiGHS solution;
     Z => ZI Round; l => Trivial lower; p => Trivial point; u => Trivial upper; z => Trivial zero

        Nodes      |    B&B Tree     |            Objective Bounds              |  Dynamic Constraints |       Work      
Src  Proc. InQueue |  Leaves   Expl. | BestBound       BestSol              Gap |   Cuts   InLp Confl. | LpIters     Time

 J       0       0         0   0.00%   -inf            19.48886962        Large        0      0      0         0     0.5s
 T       0       0         0   0.00%   7.421892467     19.17191393       61.29%        0      0      0       472     0.5s
         1       0         1 100.00%   19.17191393     19.17191393        0.00%        0      0      0       472     0.5s

Solving report
  Status            Optimal
  Primal bound      19.171913928
  Dual bound        19.171913928
  Gap               0% (tolerance: 0.5%)
  P-D integral      0.0122221455907
  Solution status   feasible
                    19.171913928 (objective)
                    0 (bound viol.)
                    0 (int. viol.)
                    0 (row viol.)
  Timing            0.55
  Max sub-MIP depth 0
  Nodes             1
  Repair LPs        0
  LP iterations     472
                    0 (strong br.)
                    0 (separation)
                    0 (heuristics)
MIP has 10753 rows; 9409 cols; 25537 nonzeros; 1344 integer variables (1344 binary)
Coefficient ranges:
  Matrix  [2e-01, 2e+00]
  Cost    [5e-03, 6e-02]
  Bound   [1e+00, 1e+00]
  RHS     [3e-04, 4e+00]
Presolving model
8064 rows, 8617 cols, 22056 nonzeros 0s
6416 rows, 7303 cols, 17754 nonzeros 0s
4634 rows, 5788 cols, 13106 nonzeros 0s
2717 rows, 4013 cols, 8073 nonzeros 0s
1589 rows, 2947 cols, 5242 nonzeros 0s
1389 rows, 2615 cols, 4710 nonzeros 0s
Presolve reductions: rows 1389(-9364); columns 2615(-6794); nonzeros 4710(-20827) 

Solving MIP model with:
   1389 rows
   2615 cols (177 binary, 0 integer, 0 implied int., 2438 continuous, 0 domain fixed)
   4710 nonzeros

Src: B => Branching; C => Central rounding; F => Feasibility pump; H => Heuristic;
     I => Shifting; J => Feasibility jump; L => Sub-MIP; P => Empty MIP; R => Randomized rounding;
     S => Solve LP; T => Evaluate node; U => Unbounded; X => User solution; Y => HiGHS solution;
     Z => ZI Round; l => Trivial lower; p => Trivial point; u => Trivial upper; z => Trivial zero

        Nodes      |    B&B Tree     |            Objective Bounds              |  Dynamic Constraints |       Work      
Src  Proc. InQueue |  Leaves   Expl. | BestBound       BestSol              Gap |   Cuts   InLp Confl. | LpIters     Time

 J       0       0         0   0.00%   -inf            19.30915437        Large        0      0      0         0     0.5s
 T       0       0         0   0.00%   5.654262817     17.66057552       67.98%        0      0      0       614     0.5s
         1       0         1 100.00%   17.66057552     17.66057552        0.00%        0      0      0       614     0.5s

Solving report
  Status            Optimal
  Primal bound      17.6605755216
  Dual bound        17.6605755216
  Gap               0% (tolerance: 0.5%)
  P-D integral      0.0173286644894
  Solution status   feasible
                    17.6605755216 (objective)
                    0 (bound viol.)
                    0 (int. viol.)
                    0 (row viol.)
  Timing            0.54
  Max sub-MIP depth 0
  Nodes             1
  Repair LPs        0
  LP iterations     614
                    0 (strong br.)
                    0 (separation)
                    0 (heuristics)
MIP has 10753 rows; 9409 cols; 25537 nonzeros; 1344 integer variables (1344 binary)
Coefficient ranges:
  Matrix  [2e-01, 2e+00]
  Cost    [5e-03, 6e-02]
  Bound   [1e+00, 1e+00]
  RHS     [7e-04, 4e+00]
Presolving model
8064 rows, 8611 cols, 22050 nonzeros 0s
6411 rows, 7292 cols, 17742 nonzeros 0s
4615 rows, 5761 cols, 13079 nonzeros 0s
2667 rows, 3933 cols, 7967 nonzeros 0s
1931 rows, 3236 cols, 6198 nonzeros 0s
1776 rows, 2844 cols, 5651 nonzeros 0s
Presolve reductions: rows 1776(-8977); columns 2844(-6565); nonzeros 5651(-19886) 

Solving MIP model with:
   1776 rows
   2844 cols (258 binary, 0 integer, 0 implied int., 2586 continuous, 0 domain fixed)
   5651 nonzeros

Src: B => Branching; C => Central rounding; F => Feasibility pump; H => Heuristic;
     I => Shifting; J => Feasibility jump; L => Sub-MIP; P => Empty MIP; R => Randomized rounding;
     S => Solve LP; T => Evaluate node; U => Unbounded; X => User solution; Y => HiGHS solution;
     Z => ZI Round; l => Trivial lower; p => Trivial point; u => Trivial upper; z => Trivial zero

        Nodes      |    B&B Tree     |            Objective Bounds              |  Dynamic Constraints |       Work      
Src  Proc. InQueue |  Leaves   Expl. | BestBound       BestSol              Gap |   Cuts   InLp Confl. | LpIters     Time

 J       0       0         0   0.00%   -inf            17.96276576        Large        0      0      0         0     0.5s
 T       0       0         0   0.00%   4.786607572     13.97145651       65.74%        0      0      0       784     0.5s
         1       0         1 100.00%   13.97145651     13.97145651        0.00%        0      0      0       784     0.5s

Solving report
  Status            Optimal
  Primal bound      13.9714565074
  Dual bound        13.9714565074
  Gap               0% (tolerance: 0.5%)
  P-D integral      0.020976908875
  Solution status   feasible
                    13.9714565074 (objective)
                    0 (bound viol.)
                    0 (int. viol.)
                    0 (row viol.)
  Timing            0.52
  Max sub-MIP depth 0
  Nodes             1
  Repair LPs        0
  LP iterations     784
                    0 (strong br.)
                    0 (separation)
                    0 (heuristics)
MIP has 10753 rows; 9409 cols; 25537 nonzeros; 1344 integer variables (1344 binary)
Coefficient ranges:
  Matrix  [2e-01, 2e+00]
  Cost    [5e-03, 6e-02]
  Bound   [1e+00, 1e+00]
  RHS     [7e-04, 4e+00]
Presolving model
8064 rows, 8635 cols, 22074 nonzeros 0s
6386 rows, 7291 cols, 17712 nonzeros 0s
4554 rows, 5708 cols, 12949 nonzeros 0s
4394 rows, 4295 cols, 9352 nonzeros 0s
2569 rows, 3789 cols, 7709 nonzeros 0s
2208 rows, 3441 cols, 6946 nonzeros 0s
Presolve reductions: rows 2208(-8545); columns 3441(-5968); nonzeros 6946(-18591) 

Solving MIP model with:
   2208 rows
   3441 cols (325 binary, 0 integer, 0 implied int., 3116 continuous, 0 domain fixed)
   6946 nonzeros

Src: B => Branching; C => Central rounding; F => Feasibility pump; H => Heuristic;
     I => Shifting; J => Feasibility jump; L => Sub-MIP; P => Empty MIP; R => Randomized rounding;
     S => Solve LP; T => Evaluate node; U => Unbounded; X => User solution; Y => HiGHS solution;
     Z => ZI Round; l => Trivial lower; p => Trivial point; u => Trivial upper; z => Trivial zero

        Nodes      |    B&B Tree     |            Objective Bounds              |  Dynamic Constraints |       Work      
Src  Proc. InQueue |  Leaves   Expl. | BestBound       BestSol              Gap |   Cuts   InLp Confl. | LpIters     Time

 J       0       0         0   0.00%   -inf            15.04424805        Large        0      0      0         0     0.5s
 T       0       0         0   0.00%   1.20808586      11.41366836       89.42%        0      0      0       994     0.5s
         1       0         1 100.00%   11.41366836     11.41366836        0.00%        0      0      0       994     0.5s

Solving report
  Status            Optimal
  Primal bound      11.4136683575
  Dual bound        11.4136683575
  Gap               0% (tolerance: 0.5%)
  P-D integral      0.0341653233626
  Solution status   feasible
                    11.4136683575 (objective)
                    0 (bound viol.)
                    0 (int. viol.)
                    0 (row viol.)
  Timing            0.54
  Max sub-MIP depth 0
  Nodes             1
  Repair LPs        0
  LP iterations     994
                    0 (strong br.)
                    0 (separation)
                    0 (heuristics)
MIP has 10753 rows; 9409 cols; 25537 nonzeros; 1344 integer variables (1344 binary)
Coefficient ranges:
  Matrix  [2e-01, 2e+00]
  Cost    [5e-03, 6e-02]
  Bound   [1e+00, 1e+00]
  RHS     [1e-04, 4e+00]
Presolving model
8064 rows, 8674 cols, 22113 nonzeros 0s
6394 rows, 7338 cols, 17771 nonzeros 0s
4568 rows, 5766 cols, 13037 nonzeros 0s
2698 rows, 3941 cols, 8078 nonzeros 0s
2437 rows, 3680 cols, 7556 nonzeros 0s
Presolve reductions: rows 2437(-8316); columns 3680(-5729); nonzeros 7556(-17981) 

Solving MIP model with:
   2437 rows
   3680 cols (360 binary, 0 integer, 0 implied int., 3320 continuous, 0 domain fixed)
   7556 nonzeros

Src: B => Branching; C => Central rounding; F => Feasibility pump; H => Heuristic;
     I => Shifting; J => Feasibility jump; L => Sub-MIP; P => Empty MIP; R => Randomized rounding;
     S => Solve LP; T => Evaluate node; U => Unbounded; X => User solution; Y => HiGHS solution;
     Z => ZI Round; l => Trivial lower; p => Trivial point; u => Trivial upper; z => Trivial zero

        Nodes      |    B&B Tree     |            Objective Bounds              |  Dynamic Constraints |       Work      
Src  Proc. InQueue |  Leaves   Expl. | BestBound       BestSol              Gap |   Cuts   InLp Confl. | LpIters     Time

         0       0         0   0.00%   1.303201372     inf                  inf        0      0      0         0     0.5s
 T       0       0         0   0.00%   1.303201372     11.14332774       88.31%        0      0      0      1060     0.5s
         1       0         1 100.00%   11.14332774     11.14332774        0.00%        0      0      0      1060     0.5s

Solving report
  Status            Optimal
  Primal bound      11.1433277387
  Dual bound        11.1433277387
  Gap               0% (tolerance: 0.5%)
  P-D integral      6.70235649548e-05
  Solution status   feasible
                    11.1433277387 (objective)
                    0 (bound viol.)
                    0 (int. viol.)
                    0 (row viol.)
  Timing            0.52
  Max sub-MIP depth 0
  Nodes             1
  Repair LPs        0
  LP iterations     1060
                    0 (strong br.)
                    0 (separation)
                    0 (heuristics)
MIP has 10753 rows; 9409 cols; 25537 nonzeros; 1344 integer variables (1344 binary)
Coefficient ranges:
  Matrix  [2e-01, 2e+00]
  Cost    [5e-03, 6e-02]
  Bound   [1e+00, 1e+00]
  RHS     [1e-04, 4e+00]
Presolving model
8064 rows, 8692 cols, 22131 nonzeros 0s
6373 rows, 7335 cols, 17746 nonzeros 0s
4541 rows, 5746 cols, 12986 nonzeros 0s
2973 rows, 4164 cols, 8808 nonzeros 0s
2749 rows, 3939 cols, 8359 nonzeros 0s
Presolve reductions: rows 2749(-8004); columns 3939(-5470); nonzeros 8359(-17178) 

Solving MIP model with:
   2749 rows
   3939 cols (418 binary, 0 integer, 0 implied int., 3521 continuous, 0 domain fixed)
   8359 nonzeros

Src: B => Branching; C => Central rounding; F => Feasibility pump; H => Heuristic;
     I => Shifting; J => Feasibility jump; L => Sub-MIP; P => Empty MIP; R => Randomized rounding;
     S => Solve LP; T => Evaluate node; U => Unbounded; X => User solution; Y => HiGHS solution;
     Z => ZI Round; l => Trivial lower; p => Trivial point; u => Trivial upper; z => Trivial zero

        Nodes      |    B&B Tree     |            Objective Bounds              |  Dynamic Constraints |       Work      
Src  Proc. InQueue |  Leaves   Expl. | BestBound       BestSol              Gap |   Cuts   InLp Confl. | LpIters     Time

 J       0       0         0   0.00%   -inf            9.046046484        Large        0      0      0         0     0.5s
 T       0       0         0   0.00%   0.0458431381    6.1921812         99.26%        0      0      0      1110     0.5s
         1       0         1 100.00%   6.1921812       6.1921812          0.00%        0      0      0      1110     0.5s

Solving report
  Status            Optimal
  Primal bound      6.1921811999
  Dual bound        6.1921811999
  Gap               0% (tolerance: 0.5%)
  P-D integral      0.0425376233206
  Solution status   feasible
                    6.1921811999 (objective)
                    0 (bound viol.)
                    0 (int. viol.)
                    0 (row viol.)
  Timing            0.51
  Max sub-MIP depth 0
  Nodes             1
  Repair LPs        0
  LP iterations     1110
                    0 (strong br.)
                    0 (separation)
                    0 (heuristics)
MIP has 10753 rows; 9409 cols; 25537 nonzeros; 1344 integer variables (1344 binary)
Coefficient ranges:
  Matrix  [2e-01, 2e+00]
  Cost    [5e-03, 6e-02]
  Bound   [1e+00, 1e+00]
  RHS     [2e-04, 4e+00]
Presolving model
8064 rows, 8707 cols, 22146 nonzeros 0s
6386 rows, 7363 cols, 17788 nonzeros 0s
4563 rows, 5786 cols, 13052 nonzeros 0s
2970 rows, 4181 cols, 8806 nonzeros 0s
2745 rows, 3955 cols, 8355 nonzeros 0s
Presolve reductions: rows 2745(-8008); columns 3955(-5454); nonzeros 8355(-17182) 

Solving MIP model with:
   2745 rows
   3955 cols (414 binary, 0 integer, 0 implied int., 3541 continuous, 0 domain fixed)
   8355 nonzeros

Src: B => Branching; C => Central rounding; F => Feasibility pump; H => Heuristic;
     I => Shifting; J => Feasibility jump; L => Sub-MIP; P => Empty MIP; R => Randomized rounding;
     S => Solve LP; T => Evaluate node; U => Unbounded; X => User solution; Y => HiGHS solution;
     Z => ZI Round; l => Trivial lower; p => Trivial point; u => Trivial upper; z => Trivial zero

        Nodes      |    B&B Tree     |            Objective Bounds              |  Dynamic Constraints |       Work      
Src  Proc. InQueue |  Leaves   Expl. | BestBound       BestSol              Gap |   Cuts   InLp Confl. | LpIters     Time

 J       0       0         0   0.00%   -inf            10.65090012        Large        0      0      0         0     0.6s
 T       0       0         0   0.00%   -0.5780324228   6.341347668      109.12%        0      0      0      1129     0.7s
         1       0         1 100.00%   6.341347668     6.341347668        0.00%        0      0      0      1129     0.7s

Solving report
  Status            Optimal
  Primal bound      6.3413476684
  Dual bound        6.3413476684
  Gap               0% (tolerance: 0.5%)
  P-D integral      0.0466163358431
  Solution status   feasible
                    6.3413476684 (objective)
                    0 (bound viol.)
                    0 (int. viol.)
                    0 (row viol.)
  Timing            0.66
  Max sub-MIP depth 0
  Nodes             1
  Repair LPs        0
  LP iterations     1129
                    0 (strong br.)
                    0 (separation)
                    0 (heuristics)
MIP has 10753 rows; 9409 cols; 25537 nonzeros; 1344 integer variables (1344 binary)
Coefficient ranges:
  Matrix  [2e-01, 2e+00]
  Cost    [5e-03, 6e-02]
  Bound   [1e+00, 1e+00]
  RHS     [2e-04, 4e+00]
Presolving model
8064 rows, 8724 cols, 22163 nonzeros 0s
6383 rows, 7377 cols, 17795 nonzeros 0s
4565 rows, 5800 cols, 13052 nonzeros 0s
2928 rows, 4177 cols, 8718 nonzeros 0s
2678 rows, 3858 cols, 8149 nonzeros 0s
Presolve reductions: rows 2678(-8075); columns 3858(-5551); nonzeros 8149(-17388) 

Solving MIP model with:
   2678 rows
   3858 cols (404 binary, 0 integer, 0 implied int., 3454 continuous, 0 domain fixed)
   8149 nonzeros

Src: B => Branching; C => Central rounding; F => Feasibility pump; H => Heuristic;
     I => Shifting; J => Feasibility jump; L => Sub-MIP; P => Empty MIP; R => Randomized rounding;
     S => Solve LP; T => Evaluate node; U => Unbounded; X => User solution; Y => HiGHS solution;
     Z => ZI Round; l => Trivial lower; p => Trivial point; u => Trivial upper; z => Trivial zero

        Nodes      |    B&B Tree     |            Objective Bounds              |  Dynamic Constraints |       Work      
Src  Proc. InQueue |  Leaves   Expl. | BestBound       BestSol              Gap |   Cuts   InLp Confl. | LpIters     Time

 J       0       0         0   0.00%   -inf            14.51519737        Large        0      0      0         0     0.7s
 T       0       0         0   0.00%   -0.1121465241   7.446472005      101.51%        0      0      0      1122     0.8s
         1       0         1 100.00%   7.446472005     7.446472005        0.00%        0      0      0      1122     0.8s

Solving report
  Status            Optimal
  Primal bound      7.4464720052
  Dual bound        7.4464720052
  Gap               0% (tolerance: 0.5%)
  P-D integral      0.0420347655432
  Solution status   feasible
                    7.4464720052 (objective)
                    0 (bound viol.)
                    0 (int. viol.)
                    0 (row viol.)
  Timing            0.79
  Max sub-MIP depth 0
  Nodes             1
  Repair LPs        0
  LP iterations     1122
                    0 (strong br.)
                    0 (separation)
                    0 (heuristics)
MIP has 10753 rows; 9409 cols; 25537 nonzeros; 1344 integer variables (1344 binary)
Coefficient ranges:
  Matrix  [2e-01, 2e+00]
  Cost    [5e-03, 6e-02]
  Bound   [1e+00, 1e+00]
  RHS     [2e-04, 4e+00]
Presolving model
8064 rows, 8744 cols, 22183 nonzeros 0s
6397 rows, 7411 cols, 17847 nonzeros 0s
4590 rows, 5855 cols, 13148 nonzeros 0s
2975 rows, 4240 cols, 8854 nonzeros 0s
2748 rows, 4011 cols, 8398 nonzeros 0s
Presolve reductions: rows 2748(-8005); columns 4011(-5398); nonzeros 8398(-17139) 

Solving MIP model with:
   2748 rows
   4011 cols (410 binary, 0 integer, 0 implied int., 3601 continuous, 0 domain fixed)
   8398 nonzeros

Src: B => Branching; C => Central rounding; F => Feasibility pump; H => Heuristic;
     I => Shifting; J => Feasibility jump; L => Sub-MIP; P => Empty MIP; R => Randomized rounding;
     S => Solve LP; T => Evaluate node; U => Unbounded; X => User solution; Y => HiGHS solution;
     Z => ZI Round; l => Trivial lower; p => Trivial point; u => Trivial upper; z => Trivial zero

        Nodes      |    B&B Tree     |            Objective Bounds              |  Dynamic Constraints |       Work      
Src  Proc. InQueue |  Leaves   Expl. | BestBound       BestSol              Gap |   Cuts   InLp Confl. | LpIters     Time

         0       0         0   0.00%   -2.392344724    inf                  inf        0      0      0         0     0.6s
 T       0       0         0   0.00%   -2.392344724    5.77592519       141.42%        0      0      0      1176     0.6s
         1       0         1 100.00%   5.77592519      5.77592519         0.00%        0      0      0      1176     0.6s

Solving report
  Status            Optimal
  Primal bound      5.77592518951
  Dual bound        5.77592518951
  Gap               0% (tolerance: 0.5%)
  P-D integral      0.000107195782336
  Solution status   feasible
                    5.77592518951 (objective)
                    0 (bound viol.)
                    0 (int. viol.)
                    0 (row viol.)
  Timing            0.61
  Max sub-MIP depth 0
  Nodes             1
  Repair LPs        0
  LP iterations     1176
                    0 (strong br.)
                    0 (separation)
                    0 (heuristics)
MIP has 10753 rows; 9409 cols; 25537 nonzeros; 1344 integer variables (1344 binary)
Coefficient ranges:
  Matrix  [2e-01, 2e+00]
  Cost    [5e-03, 6e-02]
  Bound   [1e+00, 1e+00]
  RHS     [5e-04, 4e+00]
Presolving model
8064 rows, 8764 cols, 22203 nonzeros 0s
6409 rows, 7443 cols, 17891 nonzeros 0s
4610 rows, 5897 cols, 13210 nonzeros 0s
3018 rows, 4338 cols, 8999 nonzeros 0s
2787 rows, 4107 cols, 8537 nonzeros 0s
Presolve reductions: rows 2787(-7966); columns 4107(-5302); nonzeros 8537(-17000) 

Solving MIP model with:
   2787 rows
   4107 cols (411 binary, 0 integer, 0 implied int., 3696 continuous, 0 domain fixed)
   8537 nonzeros

Src: B => Branching; C => Central rounding; F => Feasibility pump; H => Heuristic;
     I => Shifting; J => Feasibility jump; L => Sub-MIP; P => Empty MIP; R => Randomized rounding;
     S => Solve LP; T => Evaluate node; U => Unbounded; X => User solution; Y => HiGHS solution;
     Z => ZI Round; l => Trivial lower; p => Trivial point; u => Trivial upper; z => Trivial zero

        Nodes      |    B&B Tree     |            Objective Bounds              |  Dynamic Constraints |       Work      
Src  Proc. InQueue |  Leaves   Expl. | BestBound       BestSol              Gap |   Cuts   InLp Confl. | LpIters     Time

         0       0         0   0.00%   -2.712087818    inf                  inf        0      0      0         0     0.6s
 T       0       0         0   0.00%   -2.712087818    5.864756456      146.24%        0      0      0      1189     0.6s
         1       0         1 100.00%   5.864756456     5.864756456        0.00%        0      0      0      1189     0.6s

Solving report
  Status            Optimal
  Primal bound      5.86475645563
  Dual bound        5.86475645563
  Gap               0% (tolerance: 0.5%)
  P-D integral      0.000117580038252
  Solution status   feasible
                    5.86475645563 (objective)
                    0 (bound viol.)
                    0 (int. viol.)
                    0 (row viol.)
  Timing            0.60
  Max sub-MIP depth 0
  Nodes             1
  Repair LPs        0
  LP iterations     1189
                    0 (strong br.)
                    0 (separation)
                    0 (heuristics)
MIP has 10753 rows; 9409 cols; 25537 nonzeros; 1344 integer variables (1344 binary)
Coefficient ranges:
  Matrix  [2e-01, 2e+00]
  Cost    [5e-03, 6e-02]
  Bound   [1e+00, 1e+00]
  RHS     [5e-04, 4e+00]
Presolving model
8064 rows, 8776 cols, 22215 nonzeros 0s
6407 rows, 7453 cols, 17899 nonzeros 0s
4606 rows, 5901 cols, 13210 nonzeros 0s
3163 rows, 4435 cols, 9365 nonzeros 0s
2954 rows, 4226 cols, 8947 nonzeros 0s
Presolve reductions: rows 2954(-7799); columns 4226(-5183); nonzeros 8947(-16590) 

Solving MIP model with:
   2954 rows
   4226 cols (442 binary, 0 integer, 0 implied int., 3784 continuous, 0 domain fixed)
   8947 nonzeros

Src: B => Branching; C => Central rounding; F => Feasibility pump; H => Heuristic;
     I => Shifting; J => Feasibility jump; L => Sub-MIP; P => Empty MIP; R => Randomized rounding;
     S => Solve LP; T => Evaluate node; U => Unbounded; X => User solution; Y => HiGHS solution;
     Z => ZI Round; l => Trivial lower; p => Trivial point; u => Trivial upper; z => Trivial zero

        Nodes      |    B&B Tree     |            Objective Bounds              |  Dynamic Constraints |       Work      
Src  Proc. InQueue |  Leaves   Expl. | BestBound       BestSol              Gap |   Cuts   InLp Confl. | LpIters     Time

 J       0       0         0   0.00%   -inf            11.79519562        Large        0      0      0         0     0.5s
 T       0       0         0   0.00%   -1.576962454    5.889546636      126.78%        0      0      0      1240     0.5s
         1       0         1 100.00%   5.889546636     5.889546636        0.00%        0      0      0      1240     0.6s

Solving report
  Status            Optimal
  Primal bound      5.88954663556
  Dual bound        5.88954663556
  Gap               0% (tolerance: 0.5%)
  P-D integral      0.0523297872756
  Solution status   feasible
                    5.88954663556 (objective)
                    0 (bound viol.)
                    0 (int. viol.)
                    0 (row viol.)
  Timing            0.55
  Max sub-MIP depth 0
  Nodes             1
  Repair LPs        0
  LP iterations     1240
                    0 (strong br.)
                    0 (separation)
                    0 (heuristics)
MIP has 10753 rows; 9409 cols; 25537 nonzeros; 1344 integer variables (1344 binary)
Coefficient ranges:
  Matrix  [2e-01, 2e+00]
  Cost    [5e-03, 6e-02]
  Bound   [1e+00, 1e+00]
  RHS     [2e-04, 4e+00]
Presolving model
8064 rows, 8786 cols, 22225 nonzeros 0s
6380 rows, 7436 cols, 17855 nonzeros 0s
4552 rows, 5843 cols, 13098 nonzeros 0s
3473 rows, 4626 cols, 10150 nonzeros 0s
3325 rows, 4478 cols, 9854 nonzeros 0s
Presolve reductions: rows 3325(-7428); columns 4478(-4931); nonzeros 9854(-15683) 

Solving MIP model with:
   3325 rows
   4478 cols (513 binary, 0 integer, 0 implied int., 3965 continuous, 0 domain fixed)
   9854 nonzeros

Src: B => Branching; C => Central rounding; F => Feasibility pump; H => Heuristic;
     I => Shifting; J => Feasibility jump; L => Sub-MIP; P => Empty MIP; R => Randomized rounding;
     S => Solve LP; T => Evaluate node; U => Unbounded; X => User solution; Y => HiGHS solution;
     Z => ZI Round; l => Trivial lower; p => Trivial point; u => Trivial upper; z => Trivial zero

        Nodes      |    B&B Tree     |            Objective Bounds              |  Dynamic Constraints |       Work      
Src  Proc. InQueue |  Leaves   Expl. | BestBound       BestSol              Gap |   Cuts   InLp Confl. | LpIters     Time

 J       0       0         0   0.00%   -inf            6.543575157        Large        0      0      0         0     0.5s
 T       0       0         0   0.00%   -1.217472311    3.239997823      137.58%        0      0      0      1331     0.5s
         1       0         1 100.00%   3.239997823     3.239997823        0.00%        0      0      0      1331     0.5s

Solving report
  Status            Optimal
  Primal bound      3.23999782313
  Dual bound        3.23999782313
  Gap               0% (tolerance: 0.5%)
  P-D integral      0.0613366746952
  Solution status   feasible
                    3.23999782313 (objective)
                    0 (bound viol.)
                    0 (int. viol.)
                    0 (row viol.)
  Timing            0.53
  Max sub-MIP depth 0
  Nodes             1
  Repair LPs        0
  LP iterations     1331
                    0 (strong br.)
                    0 (separation)
                    0 (heuristics)
MIP has 10753 rows; 9409 cols; 25537 nonzeros; 1344 integer variables (1344 binary)
Coefficient ranges:
  Matrix  [2e-01, 2e+00]
  Cost    [5e-03, 6e-02]
  Bound   [1e+00, 1e+00]
  RHS     [2e-04, 4e+00]
Presolving model
8064 rows, 8808 cols, 22247 nonzeros 0s
6389 rows, 7467 cols, 17895 nonzeros 0s
4547 rows, 5865 cols, 13115 nonzeros 0s
3559 rows, 4713 cols, 10391 nonzeros 0s
3429 rows, 4583 cols, 10131 nonzeros 0s
Presolve reductions: rows 3429(-7324); columns 4583(-4826); nonzeros 10131(-15406) 

Solving MIP model with:
   3429 rows
   4583 cols (530 binary, 0 integer, 0 implied int., 4053 continuous, 0 domain fixed)
   10131 nonzeros

Src: B => Branching; C => Central rounding; F => Feasibility pump; H => Heuristic;
     I => Shifting; J => Feasibility jump; L => Sub-MIP; P => Empty MIP; R => Randomized rounding;
     S => Solve LP; T => Evaluate node; U => Unbounded; X => User solution; Y => HiGHS solution;
     Z => ZI Round; l => Trivial lower; p => Trivial point; u => Trivial upper; z => Trivial zero

        Nodes      |    B&B Tree     |            Objective Bounds              |  Dynamic Constraints |       Work      
Src  Proc. InQueue |  Leaves   Expl. | BestBound       BestSol              Gap |   Cuts   InLp Confl. | LpIters     Time

 J       0       0         0   0.00%   -inf            4.533261827        Large        0      0      0         0     0.6s
 T       0       0         0   0.00%   -2.009919418    1.101858446      282.41%        0      0      0      1359     0.6s
         1       0         1 100.00%   1.101858446     1.101858446        0.00%        0      0      0      1359     0.6s

Solving report
  Status            Optimal
  Primal bound      1.10185844627
  Dual bound        1.10185844627
  Gap               0% (tolerance: 0.5%)
  P-D integral      0.0854411069064
  Solution status   feasible
                    1.10185844627 (objective)
                    0 (bound viol.)
                    0 (int. viol.)
                    0 (row viol.)
  Timing            0.62
  Max sub-MIP depth 0
  Nodes             1
  Repair LPs        0
  LP iterations     1359
                    0 (strong br.)
                    0 (separation)
                    0 (heuristics)
MIP has 10753 rows; 9409 cols; 25537 nonzeros; 1344 integer variables (1344 binary)
Coefficient ranges:
  Matrix  [2e-01, 2e+00]
  Cost    [5e-03, 6e-02]
  Bound   [1e+00, 1e+00]
  RHS     [3e-04, 4e+00]
Presolving model
8064 rows, 8828 cols, 22267 nonzeros 0s
6390 rows, 7488 cols, 17917 nonzeros 0s
4565 rows, 5899 cols, 13167 nonzeros 0s
3546 rows, 4761 cols, 10402 nonzeros 0s
3415 rows, 4630 cols, 10140 nonzeros 0s
Presolve reductions: rows 3415(-7338); columns 4630(-4779); nonzeros 10140(-15397) 

Solving MIP model with:
   3415 rows
   4630 cols (524 binary, 0 integer, 0 implied int., 4106 continuous, 0 domain fixed)
   10140 nonzeros

Src: B => Branching; C => Central rounding; F => Feasibility pump; H => Heuristic;
     I => Shifting; J => Feasibility jump; L => Sub-MIP; P => Empty MIP; R => Randomized rounding;
     S => Solve LP; T => Evaluate node; U => Unbounded; X => User solution; Y => HiGHS solution;
     Z => ZI Round; l => Trivial lower; p => Trivial point; u => Trivial upper; z => Trivial zero

        Nodes      |    B&B Tree     |            Objective Bounds              |  Dynamic Constraints |       Work      
Src  Proc. InQueue |  Leaves   Expl. | BestBound       BestSol              Gap |   Cuts   InLp Confl. | LpIters     Time

         0       0         0   0.00%   -2.346853514    inf                  inf        0      0      0         0     0.5s
 T       0       0         0   0.00%   -2.346853514    1.824616034      228.62%        0      0      0      1382     0.6s
         1       0         1 100.00%   1.824616034     1.824616034        0.00%        0      0      0      1382     0.6s

Solving report
  Status            Optimal
  Primal bound      1.82461603423
  Dual bound        1.82461603423
  Gap               0% (tolerance: 0.5%)
  P-D integral      0.000216504805226
  Solution status   feasible
                    1.82461603423 (objective)
                    0 (bound viol.)
                    0 (int. viol.)
                    0 (row viol.)
  Timing            0.61
  Max sub-MIP depth 0
  Nodes             1
  Repair LPs        0
  LP iterations     1382
                    0 (strong br.)
                    0 (separation)
                    0 (heuristics)
MIP has 10753 rows; 9409 cols; 25537 nonzeros; 1344 integer variables (1344 binary)
Coefficient ranges:
  Matrix  [2e-01, 2e+00]
  Cost    [5e-03, 6e-02]
  Bound   [1e+00, 1e+00]
  RHS     [6e-05, 4e+00]
WARNING: Problem has some excessively small row bounds
Presolving model
8064 rows, 8843 cols, 22282 nonzeros 0s
6383 rows, 7496 cols, 17918 nonzeros 0s
4545 rows, 5889 cols, 13137 nonzeros 0s
3718 rows, 4870 cols, 10839 nonzeros 0s
3618 rows, 4770 cols, 10639 nonzeros 0s
Presolve reductions: rows 3618(-7135); columns 4770(-4639); nonzeros 10639(-14898) 

Solving MIP model with:
   3618 rows
   4770 cols (563 binary, 0 integer, 0 implied int., 4207 continuous, 0 domain fixed)
   10639 nonzeros

Src: B => Branching; C => Central rounding; F => Feasibility pump; H => Heuristic;
     I => Shifting; J => Feasibility jump; L => Sub-MIP; P => Empty MIP; R => Randomized rounding;
     S => Solve LP; T => Evaluate node; U => Unbounded; X => User solution; Y => HiGHS solution;
     Z => ZI Round; l => Trivial lower; p => Trivial point; u => Trivial upper; z => Trivial zero

        Nodes      |    B&B Tree     |            Objective Bounds              |  Dynamic Constraints |       Work      
Src  Proc. InQueue |  Leaves   Expl. | BestBound       BestSol              Gap |   Cuts   InLp Confl. | LpIters     Time

 J       0       0         0   0.00%   -inf            5.990631157        Large        0      0      0         0     0.6s
 T       0       0         0   0.00%   -2.948348462    1.570780671      287.70%        0      0      0      1429     0.7s
         1       0         1 100.00%   1.570780671     1.570780671        0.00%        0      0      0      1429     0.7s

Solving report
  Status            Optimal
  Primal bound      1.57078067142
  Dual bound        1.57078067142
  Gap               0% (tolerance: 0.5%)
  P-D integral      0.0893063533703
  Solution status   feasible
                    1.57078067142 (objective)
                    0 (bound viol.)
                    0 (int. viol.)
                    0 (row viol.)
  Timing            0.69
  Max sub-MIP depth 0
  Nodes             1
  Repair LPs        0
  LP iterations     1429
                    0 (strong br.)
                    0 (separation)
                    0 (heuristics)
MIP has 10753 rows; 9409 cols; 25537 nonzeros; 1344 integer variables (1344 binary)
Coefficient ranges:
  Matrix  [2e-01, 2e+00]
  Cost    [5e-03, 6e-02]
  Bound   [1e+00, 1e+00]
  RHS     [6e-05, 4e+00]
WARNING: Problem has some excessively small row bounds
Presolving model
8064 rows, 8854 cols, 22293 nonzeros 0s
6384 rows, 7508 cols, 17927 nonzeros 0s
4556 rows, 5899 cols, 13150 nonzeros 0s
3675 rows, 4887 cols, 10755 nonzeros 0s
3552 rows, 4764 cols, 10509 nonzeros 0s
Presolve reductions: rows 3552(-7201); columns 4764(-4645); nonzeros 10509(-15028) 

Solving MIP model with:
   3552 rows
   4764 cols (549 binary, 0 integer, 0 implied int., 4215 continuous, 0 domain fixed)
   10509 nonzeros

Src: B => Branching; C => Central rounding; F => Feasibility pump; H => Heuristic;
     I => Shifting; J => Feasibility jump; L => Sub-MIP; P => Empty MIP; R => Randomized rounding;
     S => Solve LP; T => Evaluate node; U => Unbounded; X => User solution; Y => HiGHS solution;
     Z => ZI Round; l => Trivial lower; p => Trivial point; u => Trivial upper; z => Trivial zero

        Nodes      |    B&B Tree     |            Objective Bounds              |  Dynamic Constraints |       Work      
Src  Proc. InQueue |  Leaves   Expl. | BestBound       BestSol              Gap |   Cuts   InLp Confl. | LpIters     Time

 J       0       0         0   0.00%   -inf            5.463849619        Large        0      0      0         0     0.5s
 T       0       0         0   0.00%   -2.411834071    2.544654898      194.78%        0      0      0      1415     0.6s
         1       0         1 100.00%   2.544654898     2.544654898        0.00%        0      0      0      1415     0.6s

Solving report
  Status            Optimal
  Primal bound      2.54465489835
  Dual bound        2.54465489835
  Gap               0% (tolerance: 0.5%)
  P-D integral      0.0872147434164
  Solution status   feasible
                    2.54465489835 (objective)
                    0 (bound viol.)
                    0 (int. viol.)
                    0 (row viol.)
  Timing            0.58
  Max sub-MIP depth 0
  Nodes             1
  Repair LPs        0
  LP iterations     1415
                    0 (strong br.)
                    0 (separation)
                    0 (heuristics)
MIP has 10753 rows; 9409 cols; 25537 nonzeros; 1344 integer variables (1344 binary)
Coefficient ranges:
  Matrix  [2e-01, 2e+00]
  Cost    [5e-03, 6e-02]
  Bound   [1e+00, 1e+00]
  RHS     [8e-05, 4e+00]
WARNING: Problem has some excessively small row bounds
Presolving model
8064 rows, 8869 cols, 22308 nonzeros 0s
6391 rows, 7530 cols, 17960 nonzeros 0s
4571 rows, 5945 cols, 13219 nonzeros 0s
3785 rows, 4986 cols, 11066 nonzeros 0s
3689 rows, 4890 cols, 10874 nonzeros 0s
Presolve reductions: rows 3689(-7064); columns 4890(-4519); nonzeros 10874(-14663) 

Solving MIP model with:
   3689 rows
   4890 cols (574 binary, 0 integer, 0 implied int., 4316 continuous, 0 domain fixed)
   10874 nonzeros

Src: B => Branching; C => Central rounding; F => Feasibility pump; H => Heuristic;
     I => Shifting; J => Feasibility jump; L => Sub-MIP; P => Empty MIP; R => Randomized rounding;
     S => Solve LP; T => Evaluate node; U => Unbounded; X => User solution; Y => HiGHS solution;
     Z => ZI Round; l => Trivial lower; p => Trivial point; u => Trivial upper; z => Trivial zero

        Nodes      |    B&B Tree     |            Objective Bounds              |  Dynamic Constraints |       Work      
Src  Proc. InQueue |  Leaves   Expl. | BestBound       BestSol              Gap |   Cuts   InLp Confl. | LpIters     Time

         0       0         0   0.00%   -2.314887977    inf                  inf        0      0      0         0     0.6s
 T       0       0         0   0.00%   -2.314887977    2.336317788      199.08%        0      0      0      1451     0.6s
         1       0         1 100.00%   2.336317788     2.336317788        0.00%        0      0      0      1451     0.6s

Solving report
  Status            Optimal
  Primal bound      2.33631778783
  Dual bound        2.33631778783
  Gap               0% (tolerance: 0.5%)
  P-D integral      0.000148515734585
  Solution status   feasible
                    2.33631778783 (objective)
                    0 (bound viol.)
                    0 (int. viol.)
                    0 (row viol.)
  Timing            0.61
  Max sub-MIP depth 0
  Nodes             1
  Repair LPs        0
  LP iterations     1451
                    0 (strong br.)
                    0 (separation)
                    0 (heuristics)
MIP has 10753 rows; 9409 cols; 25537 nonzeros; 1344 integer variables (1344 binary)
Coefficient ranges:
  Matrix  [2e-01, 2e+00]
  Cost    [5e-03, 6e-02]
  Bound   [1e+00, 1e+00]
  RHS     [6e-04, 4e+00]
Presolving model
8064 rows, 8887 cols, 22326 nonzeros 0s
6365 rows, 7520 cols, 17924 nonzeros 0s
4518 rows, 5881 cols, 13098 nonzeros 0s
3931 rows, 5058 cols, 11466 nonzeros 0s
Presolve reductions: rows 3931(-6822); columns 5058(-4351); nonzeros 11466(-14071) 

Solving MIP model with:
   3931 rows
   5058 cols (620 binary, 0 integer, 0 implied int., 4438 continuous, 0 domain fixed)
   11466 nonzeros

Src: B => Branching; C => Central rounding; F => Feasibility pump; H => Heuristic;
     I => Shifting; J => Feasibility jump; L => Sub-MIP; P => Empty MIP; R => Randomized rounding;
     S => Solve LP; T => Evaluate node; U => Unbounded; X => User solution; Y => HiGHS solution;
     Z => ZI Round; l => Trivial lower; p => Trivial point; u => Trivial upper; z => Trivial zero

        Nodes      |    B&B Tree     |            Objective Bounds              |  Dynamic Constraints |       Work      
Src  Proc. InQueue |  Leaves   Expl. | BestBound       BestSol              Gap |   Cuts   InLp Confl. | LpIters     Time

 J       0       0         0   0.00%   -inf            4.693736395        Large        0      0      0         0     0.6s
 T       0       0         0   0.00%   -4.144862618    0.6753693152     713.72%        0      0      0      1514     0.7s
         1       0         1 100.00%   0.6753693152    0.6753693152       0.00%        0      0      0      1514     0.7s

Solving report
  Status            Optimal
  Primal bound      0.675369315233
  Dual bound        0.675369315233
  Gap               0% (tolerance: 0.5%)
  P-D integral      0.126537559665
  Solution status   feasible
                    0.675369315233 (objective)
                    0 (bound viol.)
                    0 (int. viol.)
                    0 (row viol.)
  Timing            0.67
  Max sub-MIP depth 0
  Nodes             1
  Repair LPs        0
  LP iterations     1514
                    0 (strong br.)
                    0 (separation)
                    0 (heuristics)
MIP has 10753 rows; 9409 cols; 25537 nonzeros; 1344 integer variables (1344 binary)
Coefficient ranges:
  Matrix  [2e-01, 2e+00]
  Cost    [5e-03, 6e-02]
  Bound   [1e+00, 1e+00]
  RHS     [5e-04, 4e+00]
Presolving model
8064 rows, 8895 cols, 22334 nonzeros 0s
6376 rows, 7539 cols, 17954 nonzeros 0s
4526 rows, 5896 cols, 13121 nonzeros 0s
4292 rows, 5383 cols, 12368 nonzeros 0s
Presolve reductions: rows 4292(-6461); columns 5383(-4026); nonzeros 12368(-13169) 

Solving MIP model with:
   4292 rows
   5383 cols (674 binary, 0 integer, 0 implied int., 4709 continuous, 0 domain fixed)
   12368 nonzeros

Src: B => Branching; C => Central rounding; F => Feasibility pump; H => Heuristic;
     I => Shifting; J => Feasibility jump; L => Sub-MIP; P => Empty MIP; R => Randomized rounding;
     S => Solve LP; T => Evaluate node; U => Unbounded; X => User solution; Y => HiGHS solution;
     Z => ZI Round; l => Trivial lower; p => Trivial point; u => Trivial upper; z => Trivial zero

        Nodes      |    B&B Tree     |            Objective Bounds              |  Dynamic Constraints |       Work      
Src  Proc. InQueue |  Leaves   Expl. | BestBound       BestSol              Gap |   Cuts   InLp Confl. | LpIters     Time

         0       0         0   0.00%   -7.510566098    inf                  inf        0      0      0         0     0.6s
         0       0         0   0.00%   -0.0823708445   inf                  inf        0      0      2      1793     0.7s
 R       0       0         0   0.00%   -0.0823708445   -0.0823708445      0.00%        0      0      2      1842     0.7s
         1       0         1 100.00%   -0.0823708445   -0.0823708445      0.00%        0      0      2      1842     0.7s

Solving report
  Status            Optimal
  Primal bound      -0.0823708445299
  Dual bound        -0.0823708445299
  Gap               0% (tolerance: 0.5%)
  P-D integral      7.69991140397e-18
  Solution status   feasible
                    -0.0823708445299 (objective)
                    0 (bound viol.)
                    0 (int. viol.)
                    0 (row viol.)
  Timing            0.72
  Max sub-MIP depth 0
  Nodes             1
  Repair LPs        0
  LP iterations     1842
                    0 (strong br.)
                    49 (separation)
                    0 (heuristics)
MIP has 10753 rows; 9409 cols; 25537 nonzeros; 1344 integer variables (1344 binary)
Coefficient ranges:
  Matrix  [2e-01, 2e+00]
  Cost    [5e-03, 6e-02]
  Bound   [1e+00, 1e+00]
  RHS     [1e-04, 4e+00]
Presolving model
8064 rows, 8904 cols, 22343 nonzeros 0s
6371 rows, 7543 cols, 17953 nonzeros 0s
4535 rows, 5919 cols, 13153 nonzeros 0s
4295 rows, 5385 cols, 12373 nonzeros 0s
Presolve reductions: rows 4295(-6458); columns 5385(-4024); nonzeros 12373(-13164) 

Solving MIP model with:
   4295 rows
   5385 cols (674 binary, 0 integer, 0 implied int., 4711 continuous, 0 domain fixed)
   12373 nonzeros

Src: B => Branching; C => Central rounding; F => Feasibility pump; H => Heuristic;
     I => Shifting; J => Feasibility jump; L => Sub-MIP; P => Empty MIP; R => Randomized rounding;
     S => Solve LP; T => Evaluate node; U => Unbounded; X => User solution; Y => HiGHS solution;
     Z => ZI Round; l => Trivial lower; p => Trivial point; u => Trivial upper; z => Trivial zero

        Nodes      |    B&B Tree     |            Objective Bounds              |  Dynamic Constraints |       Work      
Src  Proc. InQueue |  Leaves   Expl. | BestBound       BestSol              Gap |   Cuts   InLp Confl. | LpIters     Time

         0       0         0   0.00%   -6.12005529     inf                  inf        0      0      0         0     0.5s
         0       0         0   0.00%   0.4648785442    inf                  inf        0      0      2      1798     0.6s
 R       0       0         0   0.00%   0.4648785442    0.4648785442       0.00%        0      0      2      1841     0.6s
         1       0         1 100.00%   0.4648785442    0.4648785442       0.00%        0      0      2      1841     0.6s

Solving report
  Status            Optimal
  Primal bound      0.464878544156
  Dual bound        0.464878544156
  Gap               0% (tolerance: 0.5%)
  P-D integral      0
  Solution status   feasible
                    0.464878544156 (objective)
                    0 (bound viol.)
                    0 (int. viol.)
                    0 (row viol.)
  Timing            0.65
  Max sub-MIP depth 0
  Nodes             1
  Repair LPs        0
  LP iterations     1841
                    0 (strong br.)
                    43 (separation)
                    0 (heuristics)
MIP has 10753 rows; 9409 cols; 25537 nonzeros; 1344 integer variables (1344 binary)
Coefficient ranges:
  Matrix  [2e-01, 2e+00]
  Cost    [5e-03, 6e-02]
  Bound   [1e+00, 1e+00]
  RHS     [1e-04, 4e+00]
Presolving model
8064 rows, 8914 cols, 22353 nonzeros 0s
6377 rows, 7561 cols, 17977 nonzeros 0s
4538 rows, 5940 cols, 13181 nonzeros 0s
4094 rows, 5213 cols, 11886 nonzeros 0s
Presolve reductions: rows 4094(-6659); columns 5213(-4196); nonzeros 11886(-13651) 

Solving MIP model with:
   4094 rows
   5213 cols (645 binary, 0 integer, 0 implied int., 4568 continuous, 0 domain fixed)
   11886 nonzeros

Src: B => Branching; C => Central rounding; F => Feasibility pump; H => Heuristic;
     I => Shifting; J => Feasibility jump; L => Sub-MIP; P => Empty MIP; R => Randomized rounding;
     S => Solve LP; T => Evaluate node; U => Unbounded; X => User solution; Y => HiGHS solution;
     Z => ZI Round; l => Trivial lower; p => Trivial point; u => Trivial upper; z => Trivial zero

        Nodes      |    B&B Tree     |            Objective Bounds              |  Dynamic Constraints |       Work      
Src  Proc. InQueue |  Leaves   Expl. | BestBound       BestSol              Gap |   Cuts   InLp Confl. | LpIters     Time

 J       0       0         0   0.00%   -inf            4.351948211        Large        0      0      0         0     0.7s
 T       0       0         0   0.00%   -3.483851861    0.4618407627     854.34%        0      0      0      1553     0.7s
         1       0         1 100.00%   0.4618407627    0.4618407627       0.00%        0      0      0      1553     0.7s

Solving report
  Status            Optimal
  Primal bound      0.461840762672
  Dual bound        0.461840762672
  Gap               0% (tolerance: 0.5%)
  P-D integral      0.123833444054
  Solution status   feasible
                    0.461840762672 (objective)
                    0 (bound viol.)
                    0 (int. viol.)
                    0 (row viol.)
  Timing            0.75
  Max sub-MIP depth 0
  Nodes             1
  Repair LPs        0
  LP iterations     1553
                    0 (strong br.)
                    0 (separation)
                    0 (heuristics)
MIP has 10753 rows; 9409 cols; 25537 nonzeros; 1344 integer variables (1344 binary)
Coefficient ranges:
  Matrix  [2e-01, 2e+00]
  Cost    [5e-03, 6e-02]
  Bound   [1e+00, 1e+00]
  RHS     [1e-04, 4e+00]
Presolving model
8064 rows, 8907 cols, 22346 nonzeros 0s
6373 rows, 7548 cols, 17960 nonzeros 0s
4527 rows, 5909 cols, 13135 nonzeros 0s
4006 rows, 5146 cols, 11665 nonzeros 0s
Presolve reductions: rows 4006(-6747); columns 5146(-4263); nonzeros 11665(-13872) 

Solving MIP model with:
   4006 rows
   5146 cols (629 binary, 0 integer, 0 implied int., 4517 continuous, 0 domain fixed)
   11665 nonzeros

Src: B => Branching; C => Central rounding; F => Feasibility pump; H => Heuristic;
     I => Shifting; J => Feasibility jump; L => Sub-MIP; P => Empty MIP; R => Randomized rounding;
     S => Solve LP; T => Evaluate node; U => Unbounded; X => User solution; Y => HiGHS solution;
     Z => ZI Round; l => Trivial lower; p => Trivial point; u => Trivial upper; z => Trivial zero

        Nodes      |    B&B Tree     |            Objective Bounds              |  Dynamic Constraints |       Work      
Src  Proc. InQueue |  Leaves   Expl. | BestBound       BestSol              Gap |   Cuts   InLp Confl. | LpIters     Time

         0       0         0   0.00%   -3.489644263    inf                  inf        0      0      0         0     0.6s
 T       0       0         0   0.00%   -3.489644263    -0.2614417889   1234.77%        0      0      0      1548     0.6s
         1       0         1 100.00%   -0.2614417889   -0.2614417889      0.00%        0      0      0      1548     0.6s

Solving report
  Status            Optimal
  Primal bound      -0.261441788858
  Dual bound        -0.261441788858
  Gap               0% (tolerance: 0.5%)
  P-D integral      0.00111005744595
  Solution status   feasible
                    -0.261441788858 (objective)
                    0 (bound viol.)
                    0 (int. viol.)
                    0 (row viol.)
  Timing            0.64
  Max sub-MIP depth 0
  Nodes             1
  Repair LPs        0
  LP iterations     1548
                    0 (strong br.)
                    0 (separation)
                    0 (heuristics)
MIP has 10753 rows; 9409 cols; 25537 nonzeros; 1344 integer variables (1344 binary)
Coefficient ranges:
  Matrix  [2e-01, 2e+00]
  Cost    [5e-03, 6e-02]
  Bound   [1e+00, 1e+00]
  RHS     [1e-04, 4e+00]
Presolving model
8064 rows, 9020 cols, 22459 nonzeros 0s
6404 rows, 7694 cols, 18137 nonzeros 0s
4824 rows, 6290 cols, 14005 nonzeros 0s
4604 rows, 5813 cols, 13308 nonzeros 0s
Presolve reductions: rows 4604(-6149); columns 5813(-3596); nonzeros 13308(-12229) 

Solving MIP model with:
   4604 rows
   5813 cols (723 binary, 0 integer, 0 implied int., 5090 continuous, 0 domain fixed)
   13308 nonzeros

Src: B => Branching; C => Central rounding; F => Feasibility pump; H => Heuristic;
     I => Shifting; J => Feasibility jump; L => Sub-MIP; P => Empty MIP; R => Randomized rounding;
     S => Solve LP; T => Evaluate node; U => Unbounded; X => User solution; Y => HiGHS solution;
     Z => ZI Round; l => Trivial lower; p => Trivial point; u => Trivial upper; z => Trivial zero

        Nodes      |    B&B Tree     |            Objective Bounds              |  Dynamic Constraints |       Work      
Src  Proc. InQueue |  Leaves   Expl. | BestBound       BestSol              Gap |   Cuts   InLp Confl. | LpIters     Time

 J       0       0         0   0.00%   -inf            2.777880423        Large        0      0      0         0     0.6s
 T       0       0         0   0.00%   -2.271870276    0.3650657081     722.32%        0      0      0      1779     0.7s
         1       0         1 100.00%   0.3650657081    0.3650657081       0.00%        0      0      0      1779     0.7s

Solving report
  Status            Optimal
  Primal bound      0.365065708086
  Dual bound        0.365065708086
  Gap               0% (tolerance: 0.5%)
  P-D integral      0.14460728095
  Solution status   feasible
                    0.365065708086 (objective)
                    0 (bound viol.)
                    0 (int. viol.)
                    0 (row viol.)
  Timing            0.73
  Max sub-MIP depth 0
  Nodes             1
  Repair LPs        0
  LP iterations     1779
                    0 (strong br.)
                    0 (separation)
                    0 (heuristics)
MIP has 10753 rows; 9409 cols; 25537 nonzeros; 1344 integer variables (1344 binary)
Coefficient ranges:
  Matrix  [2e-01, 2e+00]
  Cost    [5e-03, 6e-02]
  Bound   [1e+00, 1e+00]
  RHS     [1e-04, 4e+00]
Presolving model
8064 rows, 9276 cols, 22715 nonzeros 0s
6513 rows, 8040 cols, 18648 nonzeros 0s
6384 rows, 7785 cols, 18264 nonzeros 0s
Presolve reductions: rows 6384(-4369); columns 7785(-1624); nonzeros 18264(-7273) 

Solving MIP model with:
   6384 rows
   7785 cols (1024 binary, 0 integer, 0 implied int., 6761 continuous, 0 domain fixed)
   18264 nonzeros

Src: B => Branching; C => Central rounding; F => Feasibility pump; H => Heuristic;
     I => Shifting; J => Feasibility jump; L => Sub-MIP; P => Empty MIP; R => Randomized rounding;
     S => Solve LP; T => Evaluate node; U => Unbounded; X => User solution; Y => HiGHS solution;
     Z => ZI Round; l => Trivial lower; p => Trivial point; u => Trivial upper; z => Trivial zero

        Nodes      |    B&B Tree     |            Objective Bounds              |  Dynamic Constraints |       Work      
Src  Proc. InQueue |  Leaves   Expl. | BestBound       BestSol              Gap |   Cuts   InLp Confl. | LpIters     Time

 J       0       0         0   0.00%   -inf            1.242385576        Large        0      0      0         0     0.6s
 T       0       0         0   0.00%   -2.119005157    -0.6741657405    214.32%        0      0      0      2328     0.8s
         1       0         1 100.00%   -0.6741657405   -0.6741657405      0.00%        0      0      0      2328     0.8s

Solving report
  Status            Optimal
  Primal bound      -0.674165740537
  Dual bound        -0.674165740537
  Gap               0% (tolerance: 0.5%)
  P-D integral      0.329588522565
  Solution status   feasible
                    -0.674165740537 (objective)
                    0 (bound viol.)
                    0 (int. viol.)
                    0 (row viol.)
  Timing            0.75
  Max sub-MIP depth 0
  Nodes             1
  Repair LPs        0
  LP iterations     2328
                    0 (strong br.)
                    0 (separation)
                    0 (heuristics)
MIP has 10753 rows; 9409 cols; 25537 nonzeros; 1344 integer variables (1344 binary)
Coefficient ranges:
  Matrix  [2e-01, 2e+00]
  Cost    [5e-03, 6e-02]
  Bound   [1e+00, 1e+00]
  RHS     [1e-04, 4e+00]
Presolving model
8064 rows, 9173 cols, 22612 nonzeros 0s
6390 rows, 7833 cols, 18262 nonzeros 0s
5797 rows, 7102 cols, 16630 nonzeros 0s
Presolve reductions: rows 5797(-4956); columns 7102(-2307); nonzeros 16630(-8907) 

Solving MIP model with:
   5797 rows
   7102 cols (933 binary, 0 integer, 0 implied int., 6169 continuous, 0 domain fixed)
   16630 nonzeros

Src: B => Branching; C => Central rounding; F => Feasibility pump; H => Heuristic;
     I => Shifting; J => Feasibility jump; L => Sub-MIP; P => Empty MIP; R => Randomized rounding;
     S => Solve LP; T => Evaluate node; U => Unbounded; X => User solution; Y => HiGHS solution;
     Z => ZI Round; l => Trivial lower; p => Trivial point; u => Trivial upper; z => Trivial zero

        Nodes      |    B&B Tree     |            Objective Bounds              |  Dynamic Constraints |       Work      
Src  Proc. InQueue |  Leaves   Expl. | BestBound       BestSol              Gap |   Cuts   InLp Confl. | LpIters     Time

 J       0       0         0   0.00%   -inf            0.7568641754       Large        0      0      0         0     0.6s
 T       0       0         0   0.00%   -2.554231046    -1.017549995     151.02%        0      0      0      2103     0.7s
         1       0         1 100.00%   -1.017549995    -1.017549995       0.00%        0      0      0      2103     0.7s

Solving report
  Status            Optimal
  Primal bound      -1.01754999542
  Dual bound        -1.01754999542
  Gap               0% (tolerance: 0.5%)
  P-D integral      0.576015704874
  Solution status   feasible
                    -1.01754999542 (objective)
                    0 (bound viol.)
                    0 (int. viol.)
                    0 (row viol.)
  Timing            0.74
  Max sub-MIP depth 0
  Nodes             1
  Repair LPs        0
  LP iterations     2103
                    0 (strong br.)
                    0 (separation)
                    0 (heuristics)
MIP has 10753 rows; 9409 cols; 25537 nonzeros; 1344 integer variables (1344 binary)
Coefficient ranges:
  Matrix  [2e-01, 2e+00]
  Cost    [5e-03, 6e-02]
  Bound   [1e+00, 1e+00]
  RHS     [7e-04, 4e+00]
Presolving model
8064 rows, 8908 cols, 22347 nonzeros 0s
6373 rows, 7551 cols, 17961 nonzeros 0s
4521 rows, 5918 cols, 13140 nonzeros 0s
4127 rows, 5229 cols, 11965 nonzeros 0s
Presolve reductions: rows 4127(-6626); columns 5229(-4180); nonzeros 11965(-13572) 

Solving MIP model with:
   4127 rows
   5229 cols (653 binary, 0 integer, 0 implied int., 4576 continuous, 0 domain fixed)
   11965 nonzeros

Src: B => Branching; C => Central rounding; F => Feasibility pump; H => Heuristic;
     I => Shifting; J => Feasibility jump; L => Sub-MIP; P => Empty MIP; R => Randomized rounding;
     S => Solve LP; T => Evaluate node; U => Unbounded; X => User solution; Y => HiGHS solution;
     Z => ZI Round; l => Trivial lower; p => Trivial point; u => Trivial upper; z => Trivial zero

        Nodes      |    B&B Tree     |            Objective Bounds              |  Dynamic Constraints |       Work      
Src  Proc. InQueue |  Leaves   Expl. | BestBound       BestSol              Gap |   Cuts   InLp Confl. | LpIters     Time

         0       0         0   0.00%   -2.293246101    inf                  inf        0      0      0         0     0.6s
 T       0       0         0   0.00%   -2.293246101    0.5662067501     505.02%        0      0      0      1576     0.6s
         1       0         1 100.00%   0.5662067501    0.5662067501       0.00%        0      0      0      1576     0.6s

Solving report
  Status            Optimal
  Primal bound      0.566206750091
  Dual bound        0.566206750091
  Gap               0% (tolerance: 0.5%)
  P-D integral      0.000450982133714
  Solution status   feasible
                    0.566206750091 (objective)
                    0 (bound viol.)
                    0 (int. viol.)
                    0 (row viol.)
  Timing            0.63
  Max sub-MIP depth 0
  Nodes             1
  Repair LPs        0
  LP iterations     1576
                    0 (strong br.)
                    0 (separation)
                    0 (heuristics)
MIP has 10753 rows; 9409 cols; 25537 nonzeros; 1344 integer variables (1344 binary)
Coefficient ranges:
  Matrix  [2e-01, 2e+00]
  Cost    [5e-03, 6e-02]
  Bound   [1e+00, 1e+00]
  RHS     [3e-04, 4e+00]
Presolving model
8064 rows, 8873 cols, 22312 nonzeros 0s
6365 rows, 7506 cols, 17910 nonzeros 0s
4517 rows, 5863 cols, 13079 nonzeros 0s
3912 rows, 5019 cols, 11396 nonzeros 0s
Presolve reductions: rows 3912(-6841); columns 5019(-4390); nonzeros 11396(-14141) 

Solving MIP model with:
   3912 rows
   5019 cols (617 binary, 0 integer, 0 implied int., 4402 continuous, 0 domain fixed)
   11396 nonzeros

Src: B => Branching; C => Central rounding; F => Feasibility pump; H => Heuristic;
     I => Shifting; J => Feasibility jump; L => Sub-MIP; P => Empty MIP; R => Randomized rounding;
     S => Solve LP; T => Evaluate node; U => Unbounded; X => User solution; Y => HiGHS solution;
     Z => ZI Round; l => Trivial lower; p => Trivial point; u => Trivial upper; z => Trivial zero

        Nodes      |    B&B Tree     |            Objective Bounds              |  Dynamic Constraints |       Work      
Src  Proc. InQueue |  Leaves   Expl. | BestBound       BestSol              Gap |   Cuts   InLp Confl. | LpIters     Time

         0       0         0   0.00%   -2.127156185    inf                  inf        0      0      0         0     0.6s
 T       0       0         0   0.00%   -2.127156185    0.8971300425     337.11%        0      0      0      1488     0.7s
         1       0         1 100.00%   0.8971300425    0.8971300425       0.00%        0      0      0      1488     0.7s

Solving report
  Status            Optimal
  Primal bound      0.897130042495
  Dual bound        0.897130042495
  Gap               0% (tolerance: 0.5%)
  P-D integral      0.000320588539223
  Solution status   feasible
                    0.897130042495 (objective)
                    0 (bound viol.)
                    0 (int. viol.)
                    0 (row viol.)
  Timing            0.70
  Max sub-MIP depth 0
  Nodes             1
  Repair LPs        0
  LP iterations     1488
                    0 (strong br.)
                    0 (separation)
                    0 (heuristics)
MIP has 10753 rows; 9409 cols; 25537 nonzeros; 1344 integer variables (1344 binary)
Coefficient ranges:
  Matrix  [2e-01, 2e+00]
  Cost    [5e-03, 6e-02]
  Bound   [1e+00, 1e+00]
  RHS     [9e-05, 4e+00]
WARNING: Problem has some excessively small row bounds
Presolving model
8064 rows, 8866 cols, 22305 nonzeros 0s
6373 rows, 7509 cols, 17921 nonzeros 0s
4540 rows, 5899 cols, 13142 nonzeros 0s
3831 rows, 4973 cols, 11143 nonzeros 0s
3751 rows, 4892 cols, 10982 nonzeros 0s
Presolve reductions: rows 3751(-7002); columns 4892(-4517); nonzeros 10982(-14555) 

Solving MIP model with:
   3751 rows
   4892 cols (585 binary, 0 integer, 0 implied int., 4307 continuous, 0 domain fixed)
   10982 nonzeros

Src: B => Branching; C => Central rounding; F => Feasibility pump; H => Heuristic;
     I => Shifting; J => Feasibility jump; L => Sub-MIP; P => Empty MIP; R => Randomized rounding;
     S => Solve LP; T => Evaluate node; U => Unbounded; X => User solution; Y => HiGHS solution;
     Z => ZI Round; l => Trivial lower; p => Trivial point; u => Trivial upper; z => Trivial zero

        Nodes      |    B&B Tree     |            Objective Bounds              |  Dynamic Constraints |       Work      
Src  Proc. InQueue |  Leaves   Expl. | BestBound       BestSol              Gap |   Cuts   InLp Confl. | LpIters     Time

 J       0       0         0   0.00%   -inf            3.224016515        Large        0      0      0         0     0.5s
 T       0       0         0   0.00%   -2.193554779    0.9610581446     328.24%        0      0      0      1461     0.6s
         1       0         1 100.00%   0.9610581446    0.9610581446       0.00%        0      0      0      1461     0.6s

Solving report
  Status            Optimal
  Primal bound      0.961058144594
  Dual bound        0.961058144594
  Gap               0% (tolerance: 0.5%)
  P-D integral      0.11391200577
  Solution status   feasible
                    0.961058144594 (objective)
                    0 (bound viol.)
                    0 (int. viol.)
                    0 (row viol.)
  Timing            0.59
  Max sub-MIP depth 0
  Nodes             1
  Repair LPs        0
  LP iterations     1461
                    0 (strong br.)
                    0 (separation)
                    0 (heuristics)
MIP has 10753 rows; 9409 cols; 25537 nonzeros; 1344 integer variables (1344 binary)
Coefficient ranges:
  Matrix  [2e-01, 2e+00]
  Cost    [5e-03, 6e-02]
  Bound   [1e+00, 1e+00]
  RHS     [9e-05, 4e+00]
WARNING: Problem has some excessively small row bounds
Presolving model
8064 rows, 8851 cols, 22290 nonzeros 0s
6385 rows, 7506 cols, 17930 nonzeros 0s
4548 rows, 5902 cols, 13153 nonzeros 0s
3669 rows, 4852 cols, 10716 nonzeros 0s
3555 rows, 4736 cols, 10486 nonzeros 0s
Presolve reductions: rows 3555(-7198); columns 4736(-4673); nonzeros 10486(-15051) 

Solving MIP model with:
   3555 rows
   4736 cols (549 binary, 0 integer, 0 implied int., 4187 continuous, 0 domain fixed)
   10486 nonzeros

Src: B => Branching; C => Central rounding; F => Feasibility pump; H => Heuristic;
     I => Shifting; J => Feasibility jump; L => Sub-MIP; P => Empty MIP; R => Randomized rounding;
     S => Solve LP; T => Evaluate node; U => Unbounded; X => User solution; Y => HiGHS solution;
     Z => ZI Round; l => Trivial lower; p => Trivial point; u => Trivial upper; z => Trivial zero

        Nodes      |    B&B Tree     |            Objective Bounds              |  Dynamic Constraints |       Work      
Src  Proc. InQueue |  Leaves   Expl. | BestBound       BestSol              Gap |   Cuts   InLp Confl. | LpIters     Time

 J       0       0         0   0.00%   -inf            3.503236537        Large        0      0      0         0     0.5s
 T       0       0         0   0.00%   -2.18623749     1.148773116      290.31%        0      0      0      1428     0.5s
         1       0         1 100.00%   1.148773116     1.148773116        0.00%        0      0      0      1428     0.5s

Solving report
  Status            Optimal
  Primal bound      1.1487731163
  Dual bound        1.1487731163
  Gap               0% (tolerance: 0.5%)
  P-D integral      0.102777706562
  Solution status   feasible
                    1.1487731163 (objective)
                    0 (bound viol.)
                    0 (int. viol.)
                    0 (row viol.)
  Timing            0.53
  Max sub-MIP depth 0
  Nodes             1
  Repair LPs        0
  LP iterations     1428
                    0 (strong br.)
                    0 (separation)
                    0 (heuristics)
MIP has 10753 rows; 9409 cols; 25537 nonzeros; 1344 integer variables (1344 binary)
Coefficient ranges:
  Matrix  [2e-01, 2e+00]
  Cost    [5e-03, 6e-02]
  Bound   [1e+00, 1e+00]
  RHS     [2e-04, 4e+00]
Presolving model
8064 rows, 8838 cols, 22277 nonzeros 0s
6372 rows, 7480 cols, 17891 nonzeros 0s
4533 rows, 5861 cols, 13097 nonzeros 0s
3786 rows, 4906 cols, 11003 nonzeros 0s
3688 rows, 4808 cols, 10807 nonzeros 0s
Presolve reductions: rows 3688(-7065); columns 4808(-4601); nonzeros 10807(-14730) 

Solving MIP model with:
   3688 rows
   4808 cols (578 binary, 0 integer, 0 implied int., 4230 continuous, 0 domain fixed)
   10807 nonzeros

Src: B => Branching; C => Central rounding; F => Feasibility pump; H => Heuristic;
     I => Shifting; J => Feasibility jump; L => Sub-MIP; P => Empty MIP; R => Randomized rounding;
     S => Solve LP; T => Evaluate node; U => Unbounded; X => User solution; Y => HiGHS solution;
     Z => ZI Round; l => Trivial lower; p => Trivial point; u => Trivial upper; z => Trivial zero

        Nodes      |    B&B Tree     |            Objective Bounds              |  Dynamic Constraints |       Work      
Src  Proc. InQueue |  Leaves   Expl. | BestBound       BestSol              Gap |   Cuts   InLp Confl. | LpIters     Time

         0       0         0   0.00%   -2.86532551     inf                  inf        0      0      0         0     0.6s
 T       0       0         0   0.00%   -2.86532551     0.153355656     1968.42%        0      0      0      1422     0.6s
         1       0         1 100.00%   0.153355656     0.153355656        0.00%        0      0      0      1422     0.6s

Solving report
  Status            Optimal
  Primal bound      0.153355655959
  Dual bound        0.153355655959
  Gap               0% (tolerance: 0.5%)
  P-D integral      0.00346244822578
  Solution status   feasible
                    0.153355655959 (objective)
                    0 (bound viol.)
                    0 (int. viol.)
                    0 (row viol.)
  Timing            0.62
  Max sub-MIP depth 0
  Nodes             1
  Repair LPs        0
  LP iterations     1422
                    0 (strong br.)
                    0 (separation)
                    0 (heuristics)
MIP has 10753 rows; 9409 cols; 25537 nonzeros; 1344 integer variables (1344 binary)
Coefficient ranges:
  Matrix  [2e-01, 2e+00]
  Cost    [5e-03, 6e-02]
  Bound   [1e+00, 1e+00]
  RHS     [2e-04, 4e+00]
Presolving model
8064 rows, 8813 cols, 22252 nonzeros 0s
6345 rows, 7428 cols, 17808 nonzeros 0s
4477 rows, 5758 cols, 12930 nonzeros 0s
3799 rows, 4859 cols, 11011 nonzeros 0s
3721 rows, 4781 cols, 10855 nonzeros 0s
Presolve reductions: rows 3721(-7032); columns 4781(-4628); nonzeros 10855(-14682) 

Solving MIP model with:
   3721 rows
   4781 cols (589 binary, 0 integer, 0 implied int., 4192 continuous, 0 domain fixed)
   10855 nonzeros

Src: B => Branching; C => Central rounding; F => Feasibility pump; H => Heuristic;
     I => Shifting; J => Feasibility jump; L => Sub-MIP; P => Empty MIP; R => Randomized rounding;
     S => Solve LP; T => Evaluate node; U => Unbounded; X => User solution; Y => HiGHS solution;
     Z => ZI Round; l => Trivial lower; p => Trivial point; u => Trivial upper; z => Trivial zero

        Nodes      |    B&B Tree     |            Objective Bounds              |  Dynamic Constraints |       Work      
Src  Proc. InQueue |  Leaves   Expl. | BestBound       BestSol              Gap |   Cuts   InLp Confl. | LpIters     Time

         0       0         0   0.00%   -2.874580439    inf                  inf        0      0      0         0     0.5s
 T       0       0         0   0.00%   -2.874580439    0.654022378      539.52%        0      0      0      1400     0.6s
         1       0         1 100.00%   0.654022378     0.654022378        0.00%        0      0      0      1400     0.6s

Solving report
  Status            Optimal
  Primal bound      0.654022377997
  Dual bound        0.654022377997
  Gap               0% (tolerance: 0.5%)
  P-D integral      0.000462910943929
  Solution status   feasible
                    0.654022377997 (objective)
                    0 (bound viol.)
                    0 (int. viol.)
                    0 (row viol.)
  Timing            0.60
  Max sub-MIP depth 0
  Nodes             1
  Repair LPs        0
  LP iterations     1400
                    0 (strong br.)
                    0 (separation)
                    0 (heuristics)
MIP has 10753 rows; 9409 cols; 25537 nonzeros; 1344 integer variables (1344 binary)
Coefficient ranges:
  Matrix  [2e-01, 2e+00]
  Cost    [5e-03, 6e-02]
  Bound   [1e+00, 1e+00]
  RHS     [6e-06, 4e+00]
WARNING: Problem has some excessively small row bounds
Presolving model
8064 rows, 8792 cols, 22231 nonzeros 0s
6404 rows, 7466 cols, 17909 nonzeros 0s
4588 rows, 5899 cols, 13190 nonzeros 0s
3247 rows, 4526 cols, 9600 nonzeros 0s
3048 rows, 4315 cols, 9190 nonzeros 0s
Presolve reductions: rows 3048(-7705); columns 4315(-5094); nonzeros 9190(-16347) 

Solving MIP model with:
   3048 rows
   4315 cols (457 binary, 0 integer, 0 implied int., 3858 continuous, 0 domain fixed)
   9190 nonzeros

Src: B => Branching; C => Central rounding; F => Feasibility pump; H => Heuristic;
     I => Shifting; J => Feasibility jump; L => Sub-MIP; P => Empty MIP; R => Randomized rounding;
     S => Solve LP; T => Evaluate node; U => Unbounded; X => User solution; Y => HiGHS solution;
     Z => ZI Round; l => Trivial lower; p => Trivial point; u => Trivial upper; z => Trivial zero

        Nodes      |    B&B Tree     |            Objective Bounds              |  Dynamic Constraints |       Work      
Src  Proc. InQueue |  Leaves   Expl. | BestBound       BestSol              Gap |   Cuts   InLp Confl. | LpIters     Time

 J       0       0         0   0.00%   -inf            7.714258653        Large        0      0      0         0     0.6s
 T       0       0         0   0.00%   -1.223722136    3.683063316      133.23%        0      0      0      1275     0.7s
         1       0         1 100.00%   3.683063316     3.683063316        0.00%        0      0      0      1275     0.7s

Solving report
  Status            Optimal
  Primal bound      3.68306331587
  Dual bound        3.68306331587
  Gap               0% (tolerance: 0.5%)
  P-D integral      0.0668273520437
  Solution status   feasible
                    3.68306331587 (objective)
                    0 (bound viol.)
                    0 (int. viol.)
                    0 (row viol.)
  Timing            0.65
  Max sub-MIP depth 0
  Nodes             1
  Repair LPs        0
  LP iterations     1275
                    0 (strong br.)
                    0 (separation)
                    0 (heuristics)
MIP has 10753 rows; 9409 cols; 25537 nonzeros; 1344 integer variables (1344 binary)
Coefficient ranges:
  Matrix  [2e-01, 2e+00]
  Cost    [5e-03, 6e-02]
  Bound   [1e+00, 1e+00]
  RHS     [6e-06, 4e+00]
WARNING: Problem has some excessively small row bounds
Presolving model
8064 rows, 8762 cols, 22201 nonzeros 0s
6438 rows, 7470 cols, 17947 nonzeros 0s
4668 rows, 5974 cols, 13345 nonzeros 0s
2756 rows, 4193 cols, 8316 nonzeros 0s
2326 rows, 3768 cols, 7373 nonzeros 0s
Presolve reductions: rows 2326(-8427); columns 3768(-5641); nonzeros 7373(-18164) 

Solving MIP model with:
   2326 rows
   3768 cols (320 binary, 0 integer, 0 implied int., 3448 continuous, 0 domain fixed)
   7373 nonzeros

Src: B => Branching; C => Central rounding; F => Feasibility pump; H => Heuristic;
     I => Shifting; J => Feasibility jump; L => Sub-MIP; P => Empty MIP; R => Randomized rounding;
     S => Solve LP; T => Evaluate node; U => Unbounded; X => User solution; Y => HiGHS solution;
     Z => ZI Round; l => Trivial lower; p => Trivial point; u => Trivial upper; z => Trivial zero

        Nodes      |    B&B Tree     |            Objective Bounds              |  Dynamic Constraints |       Work      
Src  Proc. InQueue |  Leaves   Expl. | BestBound       BestSol              Gap |   Cuts   InLp Confl. | LpIters     Time

         0       0         0   0.00%   -0.6073289838   inf                  inf        0      0      0         0     0.5s
 T       0       0         0   0.00%   -0.6073289838   4.954209927      112.26%        0      0      0      1091     0.6s
         1       0         1 100.00%   4.954209927     4.954209927        0.00%        0      0      0      1091     0.6s

Solving report
  Status            Optimal
  Primal bound      4.95420992679
  Dual bound        4.95420992679
  Gap               0% (tolerance: 0.5%)
  P-D integral      0.00011697372648
  Solution status   feasible
                    4.95420992679 (objective)
                    0 (bound viol.)
                    0 (int. viol.)
                    0 (row viol.)
  Timing            0.59
  Max sub-MIP depth 0
  Nodes             1
  Repair LPs        0
  LP iterations     1091
                    0 (strong br.)
                    0 (separation)
                    0 (heuristics)
MIP has 10753 rows; 9409 cols; 25537 nonzeros; 1344 integer variables (1344 binary)
Coefficient ranges:
  Matrix  [2e-01, 2e+00]
  Cost    [5e-03, 6e-02]
  Bound   [1e+00, 1e+00]
  RHS     [2e-04, 4e+00]
Presolving model
8064 rows, 8750 cols, 22189 nonzeros 0s
6447 rows, 7467 cols, 17953 nonzeros 0s
4678 rows, 5975 cols, 13356 nonzeros 0s
2761 rows, 4216 cols, 8344 nonzeros 0s
2204 rows, 3712 cols, 7071 nonzeros 0s
2153 rows, 3661 cols, 6969 nonzeros 0s
Presolve reductions: rows 2153(-8600); columns 3661(-5748); nonzeros 6969(-18568) 

Solving MIP model with:
   2153 rows
   3661 cols (289 binary, 0 integer, 0 implied int., 3372 continuous, 0 domain fixed)
   6969 nonzeros

Src: B => Branching; C => Central rounding; F => Feasibility pump; H => Heuristic;
     I => Shifting; J => Feasibility jump; L => Sub-MIP; P => Empty MIP; R => Randomized rounding;
     S => Solve LP; T => Evaluate node; U => Unbounded; X => User solution; Y => HiGHS solution;
     Z => ZI Round; l => Trivial lower; p => Trivial point; u => Trivial upper; z => Trivial zero

        Nodes      |    B&B Tree     |            Objective Bounds              |  Dynamic Constraints |       Work      
Src  Proc. InQueue |  Leaves   Expl. | BestBound       BestSol              Gap |   Cuts   InLp Confl. | LpIters     Time

         0       0         0   0.00%   -0.4905677618   inf                  inf        0      0      0         0     0.5s
 T       0       0         0   0.00%   -0.4905677618   4.735592459      110.36%        0      0      0      1037     0.5s
         1       0         1 100.00%   4.735592459     4.735592459        0.00%        0      0      0      1037     0.5s

Solving report
  Status            Optimal
  Primal bound      4.73559245903
  Dual bound        4.73559245903
  Gap               0% (tolerance: 0.5%)
  P-D integral      8.81769685027e-05
  Solution status   feasible
                    4.73559245903 (objective)
                    0 (bound viol.)
                    0 (int. viol.)
                    0 (row viol.)
  Timing            0.52
  Max sub-MIP depth 0
  Nodes             1
  Repair LPs        0
  LP iterations     1037
                    0 (strong br.)
                    0 (separation)
                    0 (heuristics)
MIP has 10753 rows; 9409 cols; 25537 nonzeros; 1344 integer variables (1344 binary)
Coefficient ranges:
  Matrix  [2e-01, 2e+00]
  Cost    [5e-03, 6e-02]
  Bound   [1e+00, 1e+00]
  RHS     [2e-04, 4e+00]
Presolving model
8064 rows, 8755 cols, 22194 nonzeros 0s
6443 rows, 7468 cols, 17950 nonzeros 0s
4684 rows, 5986 cols, 13373 nonzeros 0s
2754 rows, 4199 cols, 8320 nonzeros 0s
2228 rows, 3699 cols, 7138 nonzeros 0s
Presolve reductions: rows 2228(-8525); columns 3699(-5710); nonzeros 7138(-18399) 

Solving MIP model with:
   2228 rows
   3699 cols (303 binary, 0 integer, 0 implied int., 3396 continuous, 0 domain fixed)
   7138 nonzeros

Src: B => Branching; C => Central rounding; F => Feasibility pump; H => Heuristic;
     I => Shifting; J => Feasibility jump; L => Sub-MIP; P => Empty MIP; R => Randomized rounding;
     S => Solve LP; T => Evaluate node; U => Unbounded; X => User solution; Y => HiGHS solution;
     Z => ZI Round; l => Trivial lower; p => Trivial point; u => Trivial upper; z => Trivial zero

        Nodes      |    B&B Tree     |            Objective Bounds              |  Dynamic Constraints |       Work      
Src  Proc. InQueue |  Leaves   Expl. | BestBound       BestSol              Gap |   Cuts   InLp Confl. | LpIters     Time

         0       0         0   0.00%   -0.1934080173   inf                  inf        0      0      0         0     0.5s
 T       0       0         0   0.00%   -0.1934080173   5.27685237       103.67%        0      0      0      1065     0.6s
         1       0         1 100.00%   5.27685237      5.27685237         0.00%        0      0      0      1065     0.6s

Solving report
  Status            Optimal
  Primal bound      5.27685236983
  Dual bound        5.27685236983
  Gap               0% (tolerance: 0.5%)
  P-D integral      7.88892263768e-05
  Solution status   feasible
                    5.27685236983 (objective)
                    0 (bound viol.)
                    0 (int. viol.)
                    0 (row viol.)
  Timing            0.56
  Max sub-MIP depth 0
  Nodes             1
  Repair LPs        0
  LP iterations     1065
                    0 (strong br.)
                    0 (separation)
                    0 (heuristics)
MIP has 10753 rows; 9409 cols; 25537 nonzeros; 1344 integer variables (1344 binary)
Coefficient ranges:
  Matrix  [2e-01, 2e+00]
  Cost    [5e-03, 6e-02]
  Bound   [1e+00, 1e+00]
  RHS     [2e-04, 4e+00]
Presolving model
8064 rows, 8734 cols, 22173 nonzeros 0s
6434 rows, 7438 cols, 17911 nonzeros 0s
4652 rows, 5930 cols, 13285 nonzeros 0s
2711 rows, 4107 cols, 8185 nonzeros 0s
2239 rows, 3656 cols, 7130 nonzeros 0s
Presolve reductions: rows 2239(-8514); columns 3656(-5753); nonzeros 7130(-18407) 

Solving MIP model with:
   2239 rows
   3656 cols (309 binary, 0 integer, 0 implied int., 3347 continuous, 0 domain fixed)
   7130 nonzeros

Src: B => Branching; C => Central rounding; F => Feasibility pump; H => Heuristic;
     I => Shifting; J => Feasibility jump; L => Sub-MIP; P => Empty MIP; R => Randomized rounding;
     S => Solve LP; T => Evaluate node; U => Unbounded; X => User solution; Y => HiGHS solution;
     Z => ZI Round; l => Trivial lower; p => Trivial point; u => Trivial upper; z => Trivial zero

        Nodes      |    B&B Tree     |            Objective Bounds              |  Dynamic Constraints |       Work      
Src  Proc. InQueue |  Leaves   Expl. | BestBound       BestSol              Gap |   Cuts   InLp Confl. | LpIters     Time

         0       0         0   0.00%   -0.00525759907  inf                  inf        0      0      0         0     0.5s
 T       0       0         0   0.00%   -0.00525759907  6.819385701      100.08%        0      0      0      1064     0.6s
         1       0         1 100.00%   6.819385701     6.819385701        0.00%        0      0      0      1064     0.6s

Solving report
  Status            Optimal
  Primal bound      6.81938570084
  Dual bound        6.81938570084
  Gap               0% (tolerance: 0.5%)
  P-D integral      8.29639050595e-05
  Solution status   feasible
                    6.81938570084 (objective)
                    0 (bound viol.)
                    0 (int. viol.)
                    0 (row viol.)
  Timing            0.57
  Max sub-MIP depth 0
  Nodes             1
  Repair LPs        0
  LP iterations     1064
                    0 (strong br.)
                    0 (separation)
                    0 (heuristics)
MIP has 10753 rows; 9409 cols; 25537 nonzeros; 1344 integer variables (1344 binary)
Coefficient ranges:
  Matrix  [2e-01, 2e+00]
  Cost    [5e-03, 6e-02]
  Bound   [1e+00, 1e+00]
  RHS     [2e-04, 4e+00]
Presolving model
8064 rows, 8720 cols, 22159 nonzeros 0s
6423 rows, 7413 cols, 17875 nonzeros 0s
4641 rows, 5897 cols, 13241 nonzeros 0s
2683 rows, 4052 cols, 8102 nonzeros 0s
2315 rows, 3699 cols, 7321 nonzeros 0s
Presolve reductions: rows 2315(-8438); columns 3699(-5710); nonzeros 7321(-18216) 

Solving MIP model with:
   2315 rows
   3699 cols (327 binary, 0 integer, 0 implied int., 3372 continuous, 0 domain fixed)
   7321 nonzeros

Src: B => Branching; C => Central rounding; F => Feasibility pump; H => Heuristic;
     I => Shifting; J => Feasibility jump; L => Sub-MIP; P => Empty MIP; R => Randomized rounding;
     S => Solve LP; T => Evaluate node; U => Unbounded; X => User solution; Y => HiGHS solution;
     Z => ZI Round; l => Trivial lower; p => Trivial point; u => Trivial upper; z => Trivial zero

        Nodes      |    B&B Tree     |            Objective Bounds              |  Dynamic Constraints |       Work      
Src  Proc. InQueue |  Leaves   Expl. | BestBound       BestSol              Gap |   Cuts   InLp Confl. | LpIters     Time

         0       0         0   0.00%   0.1529847428    inf                  inf        0      0      0         0     0.5s
 T       0       0         0   0.00%   0.1529847428    7.056066483       97.83%        0      0      0      1058     0.6s
         1       0         1 100.00%   7.056066483     7.056066483        0.00%        0      0      0      1058     0.6s

Solving report
  Status            Optimal
  Primal bound      7.05606648349
  Dual bound        7.05606648349
  Gap               0% (tolerance: 0.5%)
  P-D integral      6.87758153088e-05
  Solution status   feasible
                    7.05606648349 (objective)
                    0 (bound viol.)
                    0 (int. viol.)
                    0 (row viol.)
  Timing            0.56
  Max sub-MIP depth 0
  Nodes             1
  Repair LPs        0
  LP iterations     1058
                    0 (strong br.)
                    0 (separation)
                    0 (heuristics)
MIP has 10753 rows; 9409 cols; 25537 nonzeros; 1344 integer variables (1344 binary)
Coefficient ranges:
  Matrix  [2e-01, 2e+00]
  Cost    [5e-03, 6e-02]
  Bound   [1e+00, 1e+00]
  RHS     [2e-04, 4e+00]
Presolving model
8064 rows, 8827 cols, 22266 nonzeros 0s
6468 rows, 7565 cols, 18072 nonzeros 0s
4730 rows, 6108 cols, 13541 nonzeros 0s
2837 rows, 4389 cols, 8593 nonzeros 0s
2242 rows, 3841 cols, 7198 nonzeros 0s
2182 rows, 3781 cols, 7078 nonzeros 0s
Presolve reductions: rows 2182(-8571); columns 3781(-5628); nonzeros 7078(-18459) 

Solving MIP model with:
   2182 rows
   3781 cols (279 binary, 0 integer, 0 implied int., 3502 continuous, 0 domain fixed)
   7078 nonzeros

Src: B => Branching; C => Central rounding; F => Feasibility pump; H => Heuristic;
     I => Shifting; J => Feasibility jump; L => Sub-MIP; P => Empty MIP; R => Randomized rounding;
     S => Solve LP; T => Evaluate node; U => Unbounded; X => User solution; Y => HiGHS solution;
     Z => ZI Round; l => Trivial lower; p => Trivial point; u => Trivial upper; z => Trivial zero

        Nodes      |    B&B Tree     |            Objective Bounds              |  Dynamic Constraints |       Work      
Src  Proc. InQueue |  Leaves   Expl. | BestBound       BestSol              Gap |   Cuts   InLp Confl. | LpIters     Time

 J       0       0         0   0.00%   -inf            11.62128544        Large        0      0      0         0     0.5s
 T       0       0         0   0.00%   0.4102280767    8.657449971       95.26%        0      0      0      1128     0.5s
         1       0         1 100.00%   8.657449971     8.657449971        0.00%        0      0      0      1128     0.5s

Solving report
  Status            Optimal
  Primal bound      8.65744997052
  Dual bound        8.65744997052
  Gap               0% (tolerance: 0.5%)
  P-D integral      0.0381832065479
  Solution status   feasible
                    8.65744997052 (objective)
                    0 (bound viol.)
                    0 (int. viol.)
                    0 (row viol.)
  Timing            0.52
  Max sub-MIP depth 0
  Nodes             1
  Repair LPs        0
  LP iterations     1128
                    0 (strong br.)
                    0 (separation)
                    0 (heuristics)
MIP has 10753 rows; 9409 cols; 25537 nonzeros; 1344 integer variables (1344 binary)
Coefficient ranges:
  Matrix  [2e-01, 2e+00]
  Cost    [5e-03, 6e-02]
  Bound   [1e+00, 1e+00]
  RHS     [2e-04, 4e+00]
Presolving model
8064 rows, 9176 cols, 22615 nonzeros 0s
6585 rows, 8031 cols, 18655 nonzeros 0s
4997 rows, 6759 cols, 14459 nonzeros 0s
3245 rows, 5301 cols, 9913 nonzeros 0s
2076 rows, 4309 cols, 6984 nonzeros 0s
1893 rows, 4119 cols, 6611 nonzeros 0s
Presolve reductions: rows 1893(-8860); columns 4119(-5290); nonzeros 6611(-18926) 

Solving MIP model with:
   1893 rows
   4119 cols (150 binary, 0 integer, 0 implied int., 3969 continuous, 0 domain fixed)
   6611 nonzeros

Src: B => Branching; C => Central rounding; F => Feasibility pump; H => Heuristic;
     I => Shifting; J => Feasibility jump; L => Sub-MIP; P => Empty MIP; R => Randomized rounding;
     S => Solve LP; T => Evaluate node; U => Unbounded; X => User solution; Y => HiGHS solution;
     Z => ZI Round; l => Trivial lower; p => Trivial point; u => Trivial upper; z => Trivial zero

        Nodes      |    B&B Tree     |            Objective Bounds              |  Dynamic Constraints |       Work      
Src  Proc. InQueue |  Leaves   Expl. | BestBound       BestSol              Gap |   Cuts   InLp Confl. | LpIters     Time

         0       0         0   0.00%   0.5654399691    inf                  inf        0      0      0         0     0.5s
 T       0       0         0   0.00%   0.5654399691    11.88126434       95.24%        0      0      0      1383     0.5s
         1       0         1 100.00%   11.88126434     11.88126434        0.00%        0      0      0      1383     0.5s

Solving report
  Status            Optimal
  Primal bound      11.8812643407
  Dual bound        11.8812643407
  Gap               0% (tolerance: 0.5%)
  P-D integral      0.000152004500732
  Solution status   feasible
                    11.8812643407 (objective)
                    0 (bound viol.)
                    0 (int. viol.)
                    0 (row viol.)
  Timing            0.55
  Max sub-MIP depth 0
  Nodes             1
  Repair LPs        0
  LP iterations     1383
                    0 (strong br.)
                    0 (separation)
                    0 (heuristics)
MIP has 10753 rows; 9409 cols; 25537 nonzeros; 1344 integer variables (1344 binary)
Coefficient ranges:
  Matrix  [2e-01, 2e+00]
  Cost    [1e-02, 6e-02]
  Bound   [1e+00, 1e+00]
  RHS     [2e-04, 4e+00]
Presolving model
8064 rows, 9068 cols, 22507 nonzeros 0s
6554 rows, 7892 cols, 18483 nonzeros 0s
4919 rows, 6562 cols, 14182 nonzeros 0s
3113 rows, 5008 cols, 9487 nonzeros 0s
1646 rows, 2826 cols, 5242 nonzeros 0s
1406 rows, 2308 cols, 4484 nonzeros 0s
1371 rows, 2212 cols, 4353 nonzeros 0s
Presolve reductions: rows 1371(-9382); columns 2212(-7197); nonzeros 4353(-21184) 

Solving MIP model with:
   1371 rows
   2212 cols (193 binary, 0 integer, 0 implied int., 2019 continuous, 0 domain fixed)
   4353 nonzeros

Src: B => Branching; C => Central rounding; F => Feasibility pump; H => Heuristic;
     I => Shifting; J => Feasibility jump; L => Sub-MIP; P => Empty MIP; R => Randomized rounding;
     S => Solve LP; T => Evaluate node; U => Unbounded; X => User solution; Y => HiGHS solution;
     Z => ZI Round; l => Trivial lower; p => Trivial point; u => Trivial upper; z => Trivial zero

        Nodes      |    B&B Tree     |            Objective Bounds              |  Dynamic Constraints |       Work      
Src  Proc. InQueue |  Leaves   Expl. | BestBound       BestSol              Gap |   Cuts   InLp Confl. | LpIters     Time

 J       0       0         0   0.00%   -inf            10.77342276        Large        0      0      0         0     0.5s
 T       0       0         0   0.00%   6.93168998      9.997156057       30.66%        0      0      0       653     0.5s
         1       0         1 100.00%   9.997156057     9.997156057        0.00%        0      0      0       653     0.5s

Solving report
  Status            Optimal
  Primal bound      9.99715605664
  Dual bound        9.99715605664
  Gap               0% (tolerance: 0.5%)
  P-D integral      0.00820810299967
  Solution status   feasible
                    9.99715605664 (objective)
                    0 (bound viol.)
                    0 (int. viol.)
                    0 (row viol.)
  Timing            0.52
  Max sub-MIP depth 0
  Nodes             1
  Repair LPs        0
  LP iterations     653
                    0 (strong br.)
                    0 (separation)
                    0 (heuristics)
MIP has 10753 rows; 9409 cols; 25537 nonzeros; 1344 integer variables (1344 binary)
Coefficient ranges:
  Matrix  [2e-01, 2e+00]
  Cost    [1e-02, 6e-02]
  Bound   [1e+00, 1e+00]
  RHS     [2e-04, 4e+00]
Presolving model
8064 rows, 8560 cols, 21999 nonzeros 0s
6404 rows, 7234 cols, 17677 nonzeros 0s
4634 rows, 5727 cols, 13064 nonzeros 0s
2700 rows, 3931 cols, 7998 nonzeros 0s
1539 rows, 2898 cols, 5140 nonzeros 0s
1364 rows, 2707 cols, 4774 nonzeros 0s
Presolve reductions: rows 1364(-9389); columns 2707(-6702); nonzeros 4774(-20763) 

Solving MIP model with:
   1364 rows
   2707 cols (176 binary, 0 integer, 0 implied int., 2531 continuous, 0 domain fixed)
   4774 nonzeros

Src: B => Branching; C => Central rounding; F => Feasibility pump; H => Heuristic;
     I => Shifting; J => Feasibility jump; L => Sub-MIP; P => Empty MIP; R => Randomized rounding;
     S => Solve LP; T => Evaluate node; U => Unbounded; X => User solution; Y => HiGHS solution;
     Z => ZI Round; l => Trivial lower; p => Trivial point; u => Trivial upper; z => Trivial zero

        Nodes      |    B&B Tree     |            Objective Bounds              |  Dynamic Constraints |       Work      
Src  Proc. InQueue |  Leaves   Expl. | BestBound       BestSol              Gap |   Cuts   InLp Confl. | LpIters     Time

 J       0       0         0   0.00%   -inf            10.60295707        Large        0      0      0         0     0.5s
 T       0       0         0   0.00%   2.178804592     9.749365959       77.65%        0      0      0       545     0.6s
         1       0         1 100.00%   9.749365959     9.749365959        0.00%        0      0      0       545     0.6s

Solving report
  Status            Optimal
  Primal bound      9.74936595913
  Dual bound        9.74936595913
  Gap               0% (tolerance: 0.5%)
  P-D integral      0.0232961983462
  Solution status   feasible
                    9.74936595913 (objective)
                    0 (bound viol.)
                    0 (int. viol.)
                    0 (row viol.)
  Timing            0.58
  Max sub-MIP depth 0
  Nodes             1
  Repair LPs        0
  LP iterations     545
                    0 (strong br.)
                    0 (separation)
                    0 (heuristics)
MIP has 10753 rows; 9409 cols; 25537 nonzeros; 1344 integer variables (1344 binary)
Coefficient ranges:
  Matrix  [2e-01, 2e+00]
  Cost    [1e-02, 6e-02]
  Bound   [1e+00, 1e+00]
  RHS     [4e-04, 4e+00]
Presolving model
8064 rows, 8414 cols, 21853 nonzeros 0s
6387 rows, 7071 cols, 17497 nonzeros 0s
4585 rows, 5525 cols, 12813 nonzeros 0s
2639 rows, 3709 cols, 7715 nonzeros 0s
2451 rows, 2798 cols, 5170 nonzeros 0s
1097 rows, 2284 cols, 3784 nonzeros 0s
898 rows, 1923 cols, 3224 nonzeros 0s
817 rows, 1565 cols, 2785 nonzeros 0s
726 rows, 1211 cols, 2340 nonzeros 0s
726 rows, 1210 cols, 2339 nonzeros 0s
Presolve reductions: rows 726(-10027); columns 1210(-8199); nonzeros 2339(-23198) 

Solving MIP model with:
   726 rows
   1210 cols (101 binary, 0 integer, 0 implied int., 1109 continuous, 0 domain fixed)
   2339 nonzeros

Src: B => Branching; C => Central rounding; F => Feasibility pump; H => Heuristic;
     I => Shifting; J => Feasibility jump; L => Sub-MIP; P => Empty MIP; R => Randomized rounding;
     S => Solve LP; T => Evaluate node; U => Unbounded; X => User solution; Y => HiGHS solution;
     Z => ZI Round; l => Trivial lower; p => Trivial point; u => Trivial upper; z => Trivial zero

        Nodes      |    B&B Tree     |            Objective Bounds              |  Dynamic Constraints |       Work      
Src  Proc. InQueue |  Leaves   Expl. | BestBound       BestSol              Gap |   Cuts   InLp Confl. | LpIters     Time

 J       0       0         0   0.00%   -inf            14.88261704        Large        0      0      0         0     0.4s
 T       0       0         0   0.00%   11.08951767     14.50489171       23.55%        0      0      0       314     0.5s
         1       0         1 100.00%   14.50489171     14.50489171        0.00%        0      0      0       314     0.5s

Solving report
  Status            Optimal
  Primal bound      14.5048917144
  Dual bound        14.5048917144
  Gap               0% (tolerance: 0.5%)
  P-D integral      0.00314789854845
  Solution status   feasible
                    14.5048917144 (objective)
                    0 (bound viol.)
                    0 (int. viol.)
                    0 (row viol.)
  Timing            0.46
  Max sub-MIP depth 0
  Nodes             1
  Repair LPs        0
  LP iterations     314
                    0 (strong br.)
                    0 (separation)
                    0 (heuristics)
MIP has 10753 rows; 9409 cols; 25537 nonzeros; 1344 integer variables (1344 binary)
Coefficient ranges:
  Matrix  [2e-01, 2e+00]
  Cost    [1e-02, 6e-02]
  Bound   [1e+00, 1e+00]
  RHS     [3e-04, 4e+00]
Presolving model
8064 rows, 8526 cols, 21965 nonzeros 0s
6380 rows, 7176 cols, 17591 nonzeros 0s
4563 rows, 5610 cols, 12852 nonzeros 0s
2595 rows, 3760 cols, 7698 nonzeros 0s
2356 rows, 2947 cols, 5778 nonzeros 0s
1619 rows, 2761 cols, 5207 nonzeros 0s
1514 rows, 2633 cols, 4972 nonzeros 0s
Presolve reductions: rows 1514(-9239); columns 2633(-6776); nonzeros 4972(-20565) 

Solving MIP model with:
   1514 rows
   2633 cols (207 binary, 0 integer, 0 implied int., 2426 continuous, 0 domain fixed)
   4972 nonzeros

Src: B => Branching; C => Central rounding; F => Feasibility pump; H => Heuristic;
     I => Shifting; J => Feasibility jump; L => Sub-MIP; P => Empty MIP; R => Randomized rounding;
     S => Solve LP; T => Evaluate node; U => Unbounded; X => User solution; Y => HiGHS solution;
     Z => ZI Round; l => Trivial lower; p => Trivial point; u => Trivial upper; z => Trivial zero

        Nodes      |    B&B Tree     |            Objective Bounds              |  Dynamic Constraints |       Work      
Src  Proc. InQueue |  Leaves   Expl. | BestBound       BestSol              Gap |   Cuts   InLp Confl. | LpIters     Time

 J       0       0         0   0.00%   -inf            16.53272163        Large        0      0      0         0     0.5s
 T       0       0         0   0.00%   6.842102918     15.75581554       56.57%        0      0      0       679     0.5s
         1       0         1 100.00%   15.75581554     15.75581554        0.00%        0      0      0       679     0.5s

Solving report
  Status            Optimal
  Primal bound      15.7558155438
  Dual bound        15.7558155438
  Gap               0% (tolerance: 0.5%)
  P-D integral      0.0151368496716
  Solution status   feasible
                    15.7558155438 (objective)
                    0 (bound viol.)
                    0 (int. viol.)
                    0 (row viol.)
  Timing            0.52
  Max sub-MIP depth 0
  Nodes             1
  Repair LPs        0
  LP iterations     679
                    0 (strong br.)
                    0 (separation)
                    0 (heuristics)
MIP has 10753 rows; 9409 cols; 25537 nonzeros; 1344 integer variables (1344 binary)
Coefficient ranges:
  Matrix  [2e-01, 2e+00]
  Cost    [1e-02, 6e-02]
  Bound   [1e+00, 1e+00]
  RHS     [1e-04, 4e+00]
Presolving model
8064 rows, 8605 cols, 22044 nonzeros 0s
6411 rows, 7286 cols, 17736 nonzeros 0s
4621 rows, 5758 cols, 13082 nonzeros 0s
2676 rows, 3935 cols, 7978 nonzeros 0s
1878 rows, 3214 cols, 6055 nonzeros 0s
1775 rows, 3082 cols, 5820 nonzeros 0s
Presolve reductions: rows 1775(-8978); columns 3082(-6327); nonzeros 5820(-19717) 

Solving MIP model with:
   1775 rows
   3082 cols (241 binary, 0 integer, 0 implied int., 2841 continuous, 0 domain fixed)
   5820 nonzeros

Src: B => Branching; C => Central rounding; F => Feasibility pump; H => Heuristic;
     I => Shifting; J => Feasibility jump; L => Sub-MIP; P => Empty MIP; R => Randomized rounding;
     S => Solve LP; T => Evaluate node; U => Unbounded; X => User solution; Y => HiGHS solution;
     Z => ZI Round; l => Trivial lower; p => Trivial point; u => Trivial upper; z => Trivial zero

        Nodes      |    B&B Tree     |            Objective Bounds              |  Dynamic Constraints |       Work      
Src  Proc. InQueue |  Leaves   Expl. | BestBound       BestSol              Gap |   Cuts   InLp Confl. | LpIters     Time

 J       0       0         0   0.00%   -inf            16.0828995         Large        0      0      0         0     0.5s
 T       0       0         0   0.00%   4.129632213     15.297852         73.01%        0      0      0       814     0.5s
         1       0         1 100.00%   15.297852       15.297852          0.00%        0      0      0       814     0.5s

Solving report
  Status            Optimal
  Primal bound      15.2978519998
  Dual bound        15.2978519998
  Gap               0% (tolerance: 0.5%)
  P-D integral      0.0228637377294
  Solution status   feasible
                    15.2978519998 (objective)
                    0 (bound viol.)
                    0 (int. viol.)
                    0 (row viol.)
  Timing            0.50
  Max sub-MIP depth 0
  Nodes             1
  Repair LPs        0
  LP iterations     814
                    0 (strong br.)
                    0 (separation)
                    0 (heuristics)
MIP has 10753 rows; 9409 cols; 25537 nonzeros; 1344 integer variables (1344 binary)
Coefficient ranges:
  Matrix  [2e-01, 2e+00]
  Cost    [1e-02, 6e-02]
  Bound   [1e+00, 1e+00]
  RHS     [7e-05, 4e+00]
WARNING: Problem has some excessively small row bounds
Presolving model
8064 rows, 8586 cols, 22025 nonzeros 0s
6418 rows, 7274 cols, 17731 nonzeros 0s
4636 rows, 5758 cols, 13097 nonzeros 0s
2685 rows, 3937 cols, 7989 nonzeros 0s
1699 rows, 3041 cols, 5559 nonzeros 0s
1537 rows, 2757 cols, 5113 nonzeros 0s
Presolve reductions: rows 1537(-9216); columns 2757(-6652); nonzeros 5113(-20424) 

Solving MIP model with:
   1537 rows
   2757 cols (205 binary, 0 integer, 0 implied int., 2552 continuous, 0 domain fixed)
   5113 nonzeros

Src: B => Branching; C => Central rounding; F => Feasibility pump; H => Heuristic;
     I => Shifting; J => Feasibility jump; L => Sub-MIP; P => Empty MIP; R => Randomized rounding;
     S => Solve LP; T => Evaluate node; U => Unbounded; X => User solution; Y => HiGHS solution;
     Z => ZI Round; l => Trivial lower; p => Trivial point; u => Trivial upper; z => Trivial zero

        Nodes      |    B&B Tree     |            Objective Bounds              |  Dynamic Constraints |       Work      
Src  Proc. InQueue |  Leaves   Expl. | BestBound       BestSol              Gap |   Cuts   InLp Confl. | LpIters     Time

 J       0       0         0   0.00%   -inf            17.93154184        Large        0      0      0         0     0.5s
 T       0       0         0   0.00%   5.991829813     17.22286528       65.21%        0      0      0       659     0.5s
         1       0         1 100.00%   17.22286528     17.22286528        0.00%        0      0      0       659     0.5s

Solving report
  Status            Optimal
  Primal bound      17.2228652841
  Dual bound        17.2228652841
  Gap               0% (tolerance: 0.5%)
  P-D integral      0.0169620107859
  Solution status   feasible
                    17.2228652841 (objective)
                    0 (bound viol.)
                    0 (int. viol.)
                    0 (row viol.)
  Timing            0.50
  Max sub-MIP depth 0
  Nodes             1
  Repair LPs        0
  LP iterations     659
                    0 (strong br.)
                    0 (separation)
                    0 (heuristics)
MIP has 10753 rows; 9409 cols; 25537 nonzeros; 1344 integer variables (1344 binary)
Coefficient ranges:
  Matrix  [2e-01, 2e+00]
  Cost    [1e-02, 6e-02]
  Bound   [1e+00, 1e+00]
  RHS     [7e-05, 4e+00]
WARNING: Problem has some excessively small row bounds
Presolving model
8064 rows, 8540 cols, 21979 nonzeros 0s
6400 rows, 7210 cols, 17649 nonzeros 0s
4604 rows, 5672 cols, 12979 nonzeros 0s
2670 rows, 3859 cols, 7896 nonzeros 0s
1561 rows, 2895 cols, 5187 nonzeros 0s
1409 rows, 2736 cols, 4876 nonzeros 0s
Presolve reductions: rows 1409(-9344); columns 2736(-6673); nonzeros 4876(-20661) 

Solving MIP model with:
   1409 rows
   2736 cols (183 binary, 0 integer, 0 implied int., 2553 continuous, 0 domain fixed)
   4876 nonzeros

Src: B => Branching; C => Central rounding; F => Feasibility pump; H => Heuristic;
     I => Shifting; J => Feasibility jump; L => Sub-MIP; P => Empty MIP; R => Randomized rounding;
     S => Solve LP; T => Evaluate node; U => Unbounded; X => User solution; Y => HiGHS solution;
     Z => ZI Round; l => Trivial lower; p => Trivial point; u => Trivial upper; z => Trivial zero

        Nodes      |    B&B Tree     |            Objective Bounds              |  Dynamic Constraints |       Work      
Src  Proc. InQueue |  Leaves   Expl. | BestBound       BestSol              Gap |   Cuts   InLp Confl. | LpIters     Time

 J       0       0         0   0.00%   -inf            18.17072163        Large        0      0      0         0     0.4s
 T       0       0         0   0.00%   4.560476831     17.5977291        74.08%        0      0      0       649     0.5s
         1       0         1 100.00%   17.5977291      17.5977291         0.00%        0      0      0       649     0.5s

Solving report
  Status            Optimal
  Primal bound      17.5977290965
  Dual bound        17.5977290965
  Gap               0% (tolerance: 0.5%)
  P-D integral      0.0166894377825
  Solution status   feasible
                    17.5977290965 (objective)
                    0 (bound viol.)
                    0 (int. viol.)
                    0 (row viol.)
  Timing            0.45
  Max sub-MIP depth 0
  Nodes             1
  Repair LPs        0
  LP iterations     649
                    0 (strong br.)
                    0 (separation)
                    0 (heuristics)
MIP has 10753 rows; 9409 cols; 25537 nonzeros; 1344 integer variables (1344 binary)
Coefficient ranges:
  Matrix  [2e-01, 2e+00]
  Cost    [1e-02, 6e-02]
  Bound   [1e+00, 1e+00]
  RHS     [3e-05, 4e+00]
WARNING: Problem has some excessively small row bounds
Presolving model
8064 rows, 8485 cols, 21924 nonzeros 0s
6393 rows, 7148 cols, 17576 nonzeros 0s
4560 rows, 5576 cols, 12820 nonzeros 0s
2623 rows, 3738 cols, 7712 nonzeros 0s
2390 rows, 2933 cols, 5566 nonzeros 0s
1354 rows, 2572 cols, 4535 nonzeros 0s
1134 rows, 2229 cols, 3972 nonzeros 0s
Presolve reductions: rows 1134(-9619); columns 2229(-7180); nonzeros 3972(-21565) 

Solving MIP model with:
   1134 rows
   2229 cols (153 binary, 0 integer, 0 implied int., 2076 continuous, 0 domain fixed)
   3972 nonzeros

Src: B => Branching; C => Central rounding; F => Feasibility pump; H => Heuristic;
     I => Shifting; J => Feasibility jump; L => Sub-MIP; P => Empty MIP; R => Randomized rounding;
     S => Solve LP; T => Evaluate node; U => Unbounded; X => User solution; Y => HiGHS solution;
     Z => ZI Round; l => Trivial lower; p => Trivial point; u => Trivial upper; z => Trivial zero

        Nodes      |    B&B Tree     |            Objective Bounds              |  Dynamic Constraints |       Work      
Src  Proc. InQueue |  Leaves   Expl. | BestBound       BestSol              Gap |   Cuts   InLp Confl. | LpIters     Time

 J       0       0         0   0.00%   -inf            18.74376007        Large        0      0      0         0     0.5s
 T       0       0         0   0.00%   6.571236848     18.21922162       63.93%        0      0      0       416     0.5s
         1       0         1 100.00%   18.21922162     18.21922162        0.00%        0      0      0       416     0.5s

Solving report
  Status            Optimal
  Primal bound      18.2192216233
  Dual bound        18.2192216233
  Gap               0% (tolerance: 0.5%)
  P-D integral      0.0136540132536
  Solution status   feasible
                    18.2192216233 (objective)
                    0 (bound viol.)
                    0 (int. viol.)
                    0 (row viol.)
  Timing            0.54
  Max sub-MIP depth 0
  Nodes             1
  Repair LPs        0
  LP iterations     416
                    0 (strong br.)
                    0 (separation)
                    0 (heuristics)
MIP has 10753 rows; 9409 cols; 25537 nonzeros; 1344 integer variables (1344 binary)
Coefficient ranges:
  Matrix  [2e-01, 2e+00]
  Cost    [1e-02, 6e-02]
  Bound   [1e+00, 1e+00]
  RHS     [3e-05, 4e+00]
WARNING: Problem has some excessively small row bounds
Presolving model
8064 rows, 8504 cols, 21943 nonzeros 0s
6416 rows, 7190 cols, 17645 nonzeros 0s
4638 rows, 5682 cols, 13023 nonzeros 0s
2704 rows, 3890 cols, 7961 nonzeros 0s
2518 rows, 2993 cols, 5456 nonzeros 0s
1212 rows, 2635 cols, 4266 nonzeros 0s
983 rows, 2405 cols, 3807 nonzeros 0s
Presolve reductions: rows 983(-9770); columns 2405(-7004); nonzeros 3807(-21730) 

Solving MIP model with:
   983 rows
   2405 cols (105 binary, 0 integer, 0 implied int., 2300 continuous, 0 domain fixed)
   3807 nonzeros

Src: B => Branching; C => Central rounding; F => Feasibility pump; H => Heuristic;
     I => Shifting; J => Feasibility jump; L => Sub-MIP; P => Empty MIP; R => Randomized rounding;
     S => Solve LP; T => Evaluate node; U => Unbounded; X => User solution; Y => HiGHS solution;
     Z => ZI Round; l => Trivial lower; p => Trivial point; u => Trivial upper; z => Trivial zero

        Nodes      |    B&B Tree     |            Objective Bounds              |  Dynamic Constraints |       Work      
Src  Proc. InQueue |  Leaves   Expl. | BestBound       BestSol              Gap |   Cuts   InLp Confl. | LpIters     Time

 J       0       0         0   0.00%   -inf            21.04553146        Large        0      0      0         0     0.4s
 T       0       0         0   0.00%   5.039891444     20.51402562       75.43%        0      0      0       400     0.5s
         1       0         1 100.00%   20.51402562     20.51402562        0.00%        0      0      0       400     0.5s

Solving report
  Status            Optimal
  Primal bound      20.5140256249
  Dual bound        20.5140256249
  Gap               0% (tolerance: 0.5%)
  P-D integral      0.0173050539177
  Solution status   feasible
                    20.5140256249 (objective)
                    0 (bound viol.)
                    0 (int. viol.)
                    0 (row viol.)
  Timing            0.47
  Max sub-MIP depth 0
  Nodes             1
  Repair LPs        0
  LP iterations     400
                    0 (strong br.)
                    0 (separation)
                    0 (heuristics)
MIP has 10753 rows; 9409 cols; 25537 nonzeros; 1344 integer variables (1344 binary)
Coefficient ranges:
  Matrix  [2e-01, 2e+00]
  Cost    [1e-02, 6e-02]
  Bound   [1e+00, 1e+00]
  RHS     [2e-04, 4e+00]
Presolving model
8064 rows, 8562 cols, 22001 nonzeros 0s
6413 rows, 7245 cols, 17695 nonzeros 0s
4643 rows, 5742 cols, 13080 nonzeros 0s
2703 rows, 3949 cols, 8011 nonzeros 0s
1457 rows, 2848 cols, 4916 nonzeros 0s
1270 rows, 2543 cols, 4424 nonzeros 0s
Presolve reductions: rows 1270(-9483); columns 2543(-6866); nonzeros 4424(-21113) 

Solving MIP model with:
   1270 rows
   2543 cols (153 binary, 0 integer, 0 implied int., 2390 continuous, 0 domain fixed)
   4424 nonzeros

Src: B => Branching; C => Central rounding; F => Feasibility pump; H => Heuristic;
     I => Shifting; J => Feasibility jump; L => Sub-MIP; P => Empty MIP; R => Randomized rounding;
     S => Solve LP; T => Evaluate node; U => Unbounded; X => User solution; Y => HiGHS solution;
     Z => ZI Round; l => Trivial lower; p => Trivial point; u => Trivial upper; z => Trivial zero

        Nodes      |    B&B Tree     |            Objective Bounds              |  Dynamic Constraints |       Work      
Src  Proc. InQueue |  Leaves   Expl. | BestBound       BestSol              Gap |   Cuts   InLp Confl. | LpIters     Time

 J       0       0         0   0.00%   -inf            22.38650547        Large        0      0      0         0     0.5s
 T       0       0         0   0.00%   7.341661578     22.06965142       66.73%        0      0      0       492     0.5s
         1       0         1 100.00%   22.06965142     22.06965142        0.00%        0      0      0       492     0.5s

Solving report
  Status            Optimal
  Primal bound      22.0696514246
  Dual bound        22.0696514246
  Gap               0% (tolerance: 0.5%)
  P-D integral      0.0144140150291
  Solution status   feasible
                    22.0696514246 (objective)
                    0 (bound viol.)
                    0 (int. viol.)
                    0 (row viol.)
  Timing            0.52
  Max sub-MIP depth 0
  Nodes             1
  Repair LPs        0
  LP iterations     492
                    0 (strong br.)
                    0 (separation)
                    0 (heuristics)
MIP has 10754 rows; 9409 cols; 25538 nonzeros; 1344 integer variables (1344 binary)
Coefficient ranges:
  Matrix  [2e-01, 2e+00]
  Cost    [1e-02, 6e-02]
  Bound   [1e+00, 1e+00]
  RHS     [2e-04, 4e+00]
Presolving model
8064 rows, 8561 cols, 22000 nonzeros 0s
6405 rows, 7236 cols, 17674 nonzeros 0s
4601 rows, 5697 cols, 12974 nonzeros 0s
2666 rows, 3898 cols, 7895 nonzeros 0s
2430 rows, 3072 cols, 5691 nonzeros 0s
1330 rows, 2472 cols, 4367 nonzeros 0s
1122 rows, 2052 cols, 3739 nonzeros 0s
1033 rows, 1755 cols, 3353 nonzeros 0s
Presolve reductions: rows 1033(-9721); columns 1755(-7654); nonzeros 3353(-22185) 

Solving MIP model with:
   1033 rows
   1755 cols (142 binary, 0 integer, 0 implied int., 1613 continuous, 0 domain fixed)
   3353 nonzeros

Src: B => Branching; C => Central rounding; F => Feasibility pump; H => Heuristic;
     I => Shifting; J => Feasibility jump; L => Sub-MIP; P => Empty MIP; R => Randomized rounding;
     S => Solve LP; T => Evaluate node; U => Unbounded; X => User solution; Y => HiGHS solution;
     Z => ZI Round; l => Trivial lower; p => Trivial point; u => Trivial upper; z => Trivial zero

        Nodes      |    B&B Tree     |            Objective Bounds              |  Dynamic Constraints |       Work      
Src  Proc. InQueue |  Leaves   Expl. | BestBound       BestSol              Gap |   Cuts   InLp Confl. | LpIters     Time

         0       0         0   0.00%   14.39320973     inf                  inf        0      0      0         0     0.5s
 T       0       0         0   0.00%   14.39320973     22.81640574       36.92%        0      0      0       462     0.5s
         1       0         1 100.00%   22.81640574     22.81640574        0.00%        0      0      0       462     0.5s

Solving report
  Status            Optimal
  Primal bound      22.8164057401
  Dual bound        22.8164057401
  Gap               0% (tolerance: 0.5%)
  P-D integral      2.08951828492e-05
  Solution status   feasible
                    22.8164057401 (objective)
                    0 (bound viol.)
                    0 (int. viol.)
                    0 (row viol.)
  Timing            0.50
  Max sub-MIP depth 0
  Nodes             1
  Repair LPs        0
  LP iterations     462
                    0 (strong br.)
                    0 (separation)
                    0 (heuristics)
