t,Load,PV,P_imp,P_exp,P_ch,P_dis,P_curt,E,c_grid,c_sell
1,0.1945774848771245,0.0,0.0,-3.3306690738754696e-16,0.0,0.19457748487712417,0.0,4.9487953987165465,0.27,0.06
2,0.1945774848771245,0.0,0.0,0.0,0.0,0.1945774848771245,0.0,4.897590797433092,0.27,0.06
3,0.16626805572491976,0.0,0.0,0.0,0.0,0.16626805572491976,0.0,4.853836045926535,0.27,0.06
4,0.16626805572491976,0.0,0.0,0.0,0.0,0.16626805572491976,0.0,4.810081294419977,0.27,0.06
5,0.115031976202972,0.0,0.0,0.0,0.0,0.115031976202972,0.0,4.779809721734984,0.27,0.06
6,0.115031976202972,0.0,0.0,0.0,0.0,0.115031976202972,0.0,4.749538149049991,0.27,0.06
7,0.12559817159076675,0.0,0.0,0.0,0.0,0.12559817159076675,0.0,4.716485998631368,0.27,0.06
8,0.12559817159076675,0.0,0.0,0.0,0.0,0.12559817159076675,0.0,4.683433848212745,0.27,0.06
9,0.13536691827004876,0.0,0.0,0.0,0.0,0.13536691827004876,0.0,4.647810974983785,0.27,0.06
10,0.13536691827004876,0.0,0.0,0.0,0.0,0.13536691827004876,0.0,4.612188101754825,0.27,0.06
11,0.0639952588581525,0.0,0.0,0.0,0.0,0.0639952588581525,0.0,4.595347244160574,0.27,0.06
12,0.0639952588581525,0.0,0.0,0.0,0.0,0.0639952588581525,0.0,4.578506386566323,0.27,0.06
13,0.05582140959589625,0.0,0.0,0.0,0.0,0.05582140959589625,0.0,4.563816541935823,0.27,0.06
14,0.05582140959589625,0.0,0.0,-6.938893903907228e-18,0.0,0.055821409595896244,0.0,4.549126697305325,0.27,0.06
15,0.04027115977989675,0.0,0.0,0.0,0.0,0.04027115977989675,0.0,4.538529023679036,0.27,0.06
16,0.04027115977989675,0.0,0.0,0.0,0.0,0.04027115977989675,0.0,4.527931350052749,0.27,0.06
17,0.0372807271229735,0.0,0.0,6.938893903907228e-18,0.0,0.037280727122973506,0.0,4.518120632388809,0.27,0.06
18,0.0372807271229735,0.0,0.0,0.0,0.0,0.0372807271229735,0.0,4.508309914724868,0.27,0.06
19,0.0372807271229735,0.0,0.0,6.938893903907228e-18,0.0,0.037280727122973506,0.0,4.498499197060927,0.27,0.06
20,0.0372807271229735,0.0,0.0,0.0,0.0,0.0372807271229735,0.0,4.488688479396987,0.27,0.06
21,0.02890751568358925,0.0,0.0,1.3877787807814457e-17,0.0,0.028907515683589263,0.0,4.481081238427621,0.27,0.06
22,0.02890751568358925,0.0,0.0,0.0,0.0,0.02890751568358925,0.0,4.473473997458256,0.27,0.06
23,0.032695397049025,0.0,0.0,0.0,0.0,0.032695397049025,0.0,4.464869945603249,0.27,0.06
24,0.032695397049025,0.0,0.0,0.0,0.0,0.032695397049025,0.0,4.456265893748243,0.27,0.06
25,0.020733666421332925,0.0,0.0,0.0,0.0,0.020733666421332925,0.0,4.450809665742629,0.27,0.06
26,0.020733666421332925,0.0,0.0,0.0,0.0,0.020733666421332925,0.0,4.4453534377370145,0.27,0.06
27,0.0669856915150755,0.0,0.0,0.0,0.0,0.0669856915150755,0.0,4.4277256241804155,0.27,0.06
28,0.0669856915150755,0.0,0.0,0.0,0.0,0.0669856915150755,0.0,4.4100978106238165,0.27,0.06
29,0.0340909322889225,0.0,0.0,0.0,0.0,0.0340909322889225,0.0,4.401126512653048,0.27,0.06
30,0.0340909322889225,0.0,0.0,1.3877787807814457e-17,0.0,0.034090932288922515,0.0,4.392155214682279,0.27,0.06
31,0.03289475922615325,0.0,0.0,0.0,0.0,0.03289475922615325,0.0,4.3834986990964495,0.27,0.06
32,0.03289475922615325,0.0,0.0,6.938893903907228e-18,0.0,0.03289475922615326,0.0,4.374842183510619,0.27,0.06
33,0.0430622302596915,0.0,0.0,0.0,0.0,0.0430622302596915,0.0,4.363510017652805,0.27,0.06
34,0.0430622302596915,0.0,0.0,0.0,0.0,0.0430622302596915,0.0,4.352177851794992,0.27,0.06
35,0.04984054428205025,0.0035839100634991548,0.0,0.0,0.0,0.0462566342185511,0.0,4.340005053316426,0.27,0.06
36,0.04984054428205025,0.008191794430855218,0.0,0.0,0.0,0.04164874985119503,0.0,4.3290448559871635,0.27,0.06
37,0.05083735516769125,0.010854127620883154,0.0,0.0,0.0,0.039983227546808095,0.0,4.318522954001161,0.27,0.06
38,0.05083735516769125,0.013209268519754019,0.0,0.0,0.0,0.03762808664793723,0.0,4.308620825935915,0.27,0.06
39,0.032695397049025,0.015257217127467833,0.0,-3.469446951953614e-18,0.0,0.017438179921557165,0.0,4.304031831219715,0.27,0.06
40,0.032695397049025,0.01699797344402455,0.0,0.0,0.0,0.01569742360500045,0.0,4.299900930271031,0.27,0.06
41,0.034689018820307,0.01873872976058129,0.0,0.0,0.0,0.015950289059725706,0.0,4.29570348578163,0.27,0.06
42,0.034689018820307,0.019865101494823883,0.0,0.0,0.0,0.014823917325483115,0.0,4.291802454906502,0.27,0.06
43,0.1084530243577415,0.02150346038099492,0.0,0.0,0.0,0.08694956397674658,0.0,4.268920990702095,0.27,0.06
44,0.1084530243577415,0.04126616444543312,0.0,0.0,0.0,0.06718685991230838,0.0,4.251240238093593,0.27,0.06
45,0.0689793132863575,0.07782204709312449,0.0,0.0,0.008842733806766992,0.0,0.0,4.2533403873727,0.27,0.06
46,0.0689793132863575,0.09656077685370572,0.0,0.0,0.027581463567348224,0.0,0.0,4.259890984969945,0.27,0.06
47,0.673644776579975,0.13158069804561195,0.0,0.0,0.0,0.5420640785343631,0.0,4.117242543250376,0.27,0.06
48,0.673644776579975,0.1507290175277359,0.0,0.0,0.0,0.5229157590522391,0.0,3.979633132973471,0.27,0.06
49,0.6275921335995776,0.16475746549057532,0.0,0.0,0.0,0.4628346681090022,0.0,3.857834536102681,0.27,0.06
50,0.6275921335995776,0.1762259776937726,0.0,0.0,0.0,0.451366155905805,0.0,3.739053968759048,0.27,0.06
51,0.653309854449115,0.1621975297309332,0.0,0.0,0.0,0.49111232471818184,0.0,3.6098138833068947,0.27,0.06
52,0.653309854449115,0.1819602337953712,0.0,0.0,0.0,0.47134962065374386,0.0,3.4857745094506467,0.27,0.06
53,0.5119620908014375,0.20387328389790893,0.0,0.0,0.0,0.3080888069035286,0.0,3.4046985076339285,0.27,0.06
54,0.5119620908014375,0.20725239910063684,0.0,0.0,0.0,0.30470969170080064,0.0,3.3245117466600336,0.27,0.06
55,0.4278312121809025,0.1977294380747676,0.0,0.0,0.0,0.2301017741061349,0.0,3.2639586482110508,0.27,0.06
56,0.4278312121809025,0.1435611974007375,0.0,0.0,0.0,0.284270014780165,0.0,3.1891507495846914,0.27,0.06
57,0.5241231437338225,0.10096386636029044,0.0,0.0,0.0,0.4231592773735321,0.0,3.0777930450127093,0.27,0.06
58,0.5241231437338225,0.07464772675116808,0.0,5.551115123125783e-17,0.0,0.4494754169826545,0.0,2.9595100405435897,0.27,0.06
59,0.48205774429599,0.06747990662416974,0.0,0.0,0.0,0.41457783767182027,0.0,2.850410609577321,0.27,0.06
60,0.48205774429599,0.06983504752304069,0.0,0.0,0.0,0.4122226967729493,0.0,2.741930952531808,0.27,0.06
61,0.48185840205508,0.07710526508042466,0.0,0.0,0.0,0.40475313697465537,0.0,2.635416969117425,0.27,0.06
62,0.48185840205508,0.08161075201739502,0.0,0.0,0.0,0.400247650037685,0.0,2.5300886401601397,0.27,0.06
63,0.3608455206658275,0.062360035104885296,0.0,0.0,0.0,0.2984854855609422,0.0,2.451539828170418,0.27,0.06
64,0.3608455206658275,0.046078843673560556,0.0,0.0,0.0,0.3147666769922669,0.0,2.3687064921198218,0.27,0.06
65,0.05023926863630675,0.03338156230573499,0.0,0.0,0.0,0.016857706330571758,0.0,2.3642702536117763,0.27,0.06
66,0.05023926863630675,0.028466485647221873,0.0,0.0,0.0,0.021772782989084874,0.0,2.3585405738778067,0.27,0.06
67,0.07994423302840875,0.025087370444494075,0.0,6.938893903907228e-18,0.0,0.05485686258391468,0.0,2.344104557408355,0.27,0.06
68,0.07994423302840875,0.022425037254466137,0.0,0.0,0.0,0.057519195773942614,0.0,2.3289679269415284,0.27,0.06
69,0.0657895184523065,0.01812434517826714,0.0,0.0,0.0,0.047665173274039366,0.0,2.3164244602904653,0.27,0.06
70,0.0657895184523065,0.012799678798211268,0.0,0.0,0.0,0.05298983965409523,0.0,2.3024797656446507,0.27,0.06
71,0.11523133838010025,0.007475012418155382,0.0,0.0,0.0,0.10775632596194486,0.0,2.2741228377599283,0.27,0.06
72,0.11523133838010025,0.0033791152027277753,0.0,0.0,0.0,0.11185222317737246,0.0,2.2446880421869357,0.27,0.06
73,0.13636372915568976,0.0,0.0,0.0,0.0,0.13636372915568976,0.0,2.2088028503038597,0.27,0.06
74,0.13636372915568976,0.0,0.0,0.0,0.0,0.13636372915568976,0.0,2.1729176584207837,0.27,0.06
75,0.020135579889948324,0.0,0.0,0.0,0.0,0.020135579889948324,0.0,2.1676188216076393,0.27,0.06
76,0.020135579889948324,0.0,0.0,0.0,0.0,0.020135579889948324,0.0,2.162319984794495,0.27,0.06
77,0.00797448708512805,0.0,0.0,-6.938893903907228e-18,0.0,0.007974487085128042,0.0,2.1602214355615668,0.27,0.06
78,0.00797448708512805,0.0,0.0,0.0,0.0,0.00797448708512805,0.0,2.158122886328638,0.27,0.06
79,0.03628391623733275,0.0,0.0,0.0,0.0,0.03628391623733275,0.0,2.1485744873188133,0.27,0.06
80,0.03628391623733275,0.0,0.0,0.0,0.0,0.03628391623733275,0.0,2.139026088308989,0.27,0.06
81,0.03149922398625575,0.0,0.0,0.0,0.0,0.03149922398625575,0.0,2.1307368188389217,0.27,0.06
82,0.03149922398625575,0.0,0.0,0.0,0.0,0.03149922398625575,0.0,2.1224475493688546,0.27,0.06
83,0.04286286808256325,0.0,0.0,0.0,0.0,0.04286286808256325,0.0,2.1111678472418642,0.27,0.06
84,0.04286286808256325,0.0,0.0,6.938893903907228e-18,0.0,0.04286286808256326,0.0,2.099888145114874,0.27,0.06
85,0.0590112044299475,0.0,0.0,0.0,0.0,0.0590112044299475,0.0,2.0843588807912035,0.27,0.06
86,0.0590112044299475,0.0,0.0,0.0,0.0,0.0590112044299475,0.0,2.068829616467533,0.27,0.06
87,0.04585330073948625,0.0,0.0,0.0,0.0,0.04585330073948625,0.0,2.0567629583781946,0.27,0.06
88,0.04585330073948625,0.0,0.0,0.0,0.0,0.04585330073948625,0.0,2.044696300288856,0.27,0.06
89,0.04764756033364,0.0,0.0,0.0,0.0,0.04764756033364,0.0,2.032157468622109,0.27,0.06
90,0.04764756033364,0.0,0.0,0.0,0.0,0.04764756033364,0.0,2.0196186369553617,0.27,0.06
91,0.0155502498159997,0.0,0.0,6.938893903907228e-18,0.0,0.015550249815999707,0.0,2.0155264659511505,0.27,0.06
92,0.0155502498159997,0.0,0.0,0.0,0.0,0.0155502498159997,0.0,2.01143429494694,0.27,0.06
93,0.00817384926225625,0.0,0.0,5.204170427930421e-18,0.0,0.008173849262256255,0.0,2.0092832819831883,0.27,0.06
94,0.00817384926225625,0.0,0.0,0.0,0.0,0.00817384926225625,0.0,2.007132269019437,0.27,0.06
95,0.018939406827179126,0.0,0.0,0.0,0.0,0.018939406827179126,0.0,2.002148214591232,0.27,0.06
96,0.018939406827179126,0.0,0.0,0.0,0.0,0.018939406827179126,0.0,1.997164160163027,0.27,0.06
97,0.04246414372830675,0.0,0.0,6.938893903907228e-18,0.0,0.04246414372830676,0.0,1.9859893854976831,0.27,0.06
98,0.04246414372830675,0.0,0.0,0.0,0.0,0.04246414372830675,0.0,1.9748146108323392,0.27,0.06
99,0.04585330073948625,0.0,0.0,0.0,0.0,0.04585330073948625,0.0,1.9627479527430007,0.27,0.06
100,0.04585330073948625,0.0,0.0,0.0,0.0,0.04585330073948625,0.0,1.9506812946536622,0.27,0.06
101,0.0350877431745635,0.0,0.0,0.0,0.0,0.0350877431745635,0.0,1.9414476780287773,0.27,0.06
102,0.0350877431745635,0.0,0.0,0.0,0.0,0.0350877431745635,0.0,1.932214061403892,0.27,0.06
103,0.02890751568358925,0.0,0.0,0.0,0.0,0.02890751568358925,0.0,1.9246068204345264,0.27,0.06
104,0.02890751568358925,0.0,0.0,0.0,0.0,0.02890751568358925,0.0,1.9169995794651609,0.27,0.06
105,0.035685829705948,0.0,0.0,0.0,0.0,0.035685829705948,0.0,1.9076085716478062,0.27,0.06
106,0.035685829705948,0.0,0.0,0.0,0.0,0.035685829705948,0.0,1.8982175638304515,0.27,0.06
107,0.02212920166123035,0.0,0.0,0.0,0.0,0.02212920166123035,0.0,1.892394089709075,0.27,0.06
108,0.02212920166123035,0.0,0.0,0.0,0.0,0.02212920166123035,0.0,1.8865706155876987,0.27,0.06
109,0.02492027214102515,0.0,0.0,0.0,0.0,0.02492027214102515,0.0,1.8800126492347973,0.27,0.06
110,0.02492027214102515,0.0,0.0,0.0,0.0,0.02492027214102515,0.0,1.8734546828818959,0.27,0.06
111,0.021132390775589326,0.0,0.0,0.0,0.0,0.021132390775589326,0.0,1.8678935274146355,0.27,0.06
112,0.021132390775589326,0.0,0.0,0.0,0.0,0.021132390775589326,0.0,1.8623323719473752,0.27,0.06
113,0.011961730627692076,0.0,0.0,0.0,0.0,0.011961730627692076,0.0,1.8591845480979825,0.27,0.06
114,0.011961730627692076,0.0,0.0,0.0,0.0,0.011961730627692076,0.0,1.8560367242485898,0.27,0.06
115,0.05622013395015275,0.0,0.0,0.0,0.0,0.05622013395015275,0.0,1.8412419521564445,0.27,0.06
116,0.05622013395015275,0.0,0.0,0.0,0.0,0.05622013395015275,0.0,1.826447180064299,0.27,0.06
117,0.043660316791076,0.0,0.0,6.938893903907228e-18,0.0,0.04366031679107601,0.0,1.8149576230140159,0.27,0.06
118,0.043660316791076,0.0,0.0,0.0,0.0,0.043660316791076,0.0,1.8034680659637325,0.27,0.06
119,0.0510367173448195,0.0,0.0,1.3877787807814457e-17,0.0,0.051036717344819515,0.0,1.7900373508729905,0.27,0.06
120,0.0510367173448195,0.0,0.0,0.0,0.0,0.0510367173448195,0.0,1.7766066357822485,0.27,0.06
121,0.056419496127281,0.0,0.0,6.938893903907228e-18,0.0,0.056419496127281005,0.0,1.76175939995928,0.27,0.06
122,0.056419496127281,0.0,0.0,0.0,0.0,0.056419496127281,0.0,1.7469121641363112,0.27,0.06
123,0.04824564686502475,0.0,0.0,0.0,0.0,0.04824564686502475,0.0,1.7342159412770943,0.27,0.06
124,0.04824564686502475,0.0,0.0,0.0,0.0,0.04824564686502475,0.0,1.7215197184178772,0.27,0.06
125,0.05562204741876825,0.0,0.0,0.0,0.0,0.05562204741876825,0.0,1.7068823375182014,0.27,0.06
126,0.05562204741876825,0.0,0.0,0.0,0.0,0.05562204741876825,0.0,1.6922449566185256,0.27,0.06
127,0.0360845540602045,0.0,0.0,0.0,0.0,0.0360845540602045,0.0,1.6827490213395244,0.27,0.06
128,0.0360845540602045,0.0,0.0,0.0,0.0,0.0360845540602045,0.0,1.6732530860605233,0.27,0.06
129,0.02811006697507625,0.0,0.0,-6.938893903907228e-18,0.0,0.02811006697507624,0.0,1.6658557000144505,0.27,0.06
130,0.02811006697507625,0.0,0.0,0.0,0.0,0.02811006697507625,0.0,1.6584583139683777,0.27,0.06
131,0.03987243542564025,0.004607884367356056,0.0,0.0,0.0,0.035264551058284195,0.0,1.6491781689530398,0.27,0.06
132,0.03987243542564025,0.008396589291626589,0.0,0.0,0.0,0.03147584613401366,0.0,1.6408950515493521,0.27,0.06
133,0.03767945147723,0.011058922481654538,0.0,0.0,0.0,0.026620528995575463,0.0,1.6338896491820956,0.27,0.06
134,0.03767945147723,0.013721255671682477,0.0,6.938893903907228e-18,0.0,0.023958195805547533,0.0,1.6275848608122145,0.27,0.06
135,0.04186605719692225,0.015564409418624907,0.0,0.0,0.0,0.02630164777829734,0.0,1.6206633745547678,0.27,0.06
136,0.04186605719692225,0.017305165735181625,0.0,0.0,0.0,0.024560891461740623,0.0,1.614199982064836,0.27,0.06
137,0.03767945147723,0.018943524621352674,0.0,0.0,0.0,0.01873592685587764,0.0,1.6092694749974998,0.27,0.06
138,0.03767945147723,0.020479486077138013,0.0,1.0408340855860843e-17,0.0,0.017199965400092,0.0,1.6047431683132651,0.27,0.06
139,0.028708153506461,0.02252743468485183,0.0,0.0,0.0,0.006180718821609199,0.0,1.60311666336021,0.27,0.06
140,0.028708153506461,0.04474767707854659,0.0,0.0,0.016039523572085594,0.0,0.0,1.6069260502085803,0.27,0.06
141,0.03548646752881975,0.0801771879919953,0.0,-7.979727989493313e-16,0.04469072046317635,0.0,0.0,1.6175400963185846,0.27,0.06
142,0.03548646752881975,0.09789194344871979,0.0,-8.257283745649602e-16,0.062405475919900866,0.0,0.0,1.6323613968495612,0.27,0.06
143,0.392942851119685,0.13086391603291217,0.0,0.0,0.0,0.2620789350867728,0.0,1.5633932560372525,0.27,0.06
144,0.392942851119685,0.15113860724927855,0.0,0.0,0.0,0.24180424387040647,0.0,1.4997605602818824,0.27,0.06
145,0.425040161637325,0.16332390146517575,0.0,0.0,0.0,0.2617162601721492,0.0,1.43088786023658,0.27,0.06
146,0.425040161637325,0.17765954171917236,0.24738061991815263,0.0,0.0,0.0,0.0,1.43088786023658,0.27,0.06
147,0.3608455206658275,0.16404068347787565,0.05778616953531013,0.0,0.0,0.1390186676526417,0.0,1.39430400032799,0.27,0.06
148,0.3608455206658275,0.18083386206112867,0.0,0.0,0.0,0.1800116586046988,0.0,1.3469325112214903,0.27,0.06
149,0.18500810037497076,0.20295170702443782,0.0,0.0,0.017943606649467064,0.0,0.0,1.3511941178007387,0.27,0.06
150,0.18500810037497076,0.20868596312603643,0.0,0.0,0.023677862751065676,0.0,0.0,1.3568176102041167,0.27,0.06
151,0.3327354736269675,0.1986510149482388,-0.0,0.0,0.0,0.13408445867872898,0.0,1.3215322263412934,0.27,0.06
152,0.3327354736269675,0.15052422266696452,0.18221125096000268,0.0,0.0,0.0,0.0,1.3215322263412934,0.27,0.06
153,0.1965711066484065,0.10434298156301831,0.0,0.0,0.0,0.09222812508538818,0.0,1.2972616671082966,0.27,0.06
154,0.1965711066484065,0.0783340342450529,0.0,0.0,0.0,0.11823707240335359,0.0,1.2661466480547823,0.27,0.06
155,0.24302249391927724,0.07055182953574049,0.0,0.0,0.0,0.17247066438353675,0.0,1.2207596311117463,0.27,0.06
156,0.24302249391927724,0.07126861154844032,0.17175388237083694,0.0,0.0,0.0,0.0,1.2207596311117463,0.27,0.06
157,0.2561803976097375,0.08058677771353823,0.17559361989619926,0.0,0.0,0.0,0.0,1.2207596311117463,0.27,0.06
158,0.2561803976097375,0.08263472632125189,0.17354567128848558,0.0,0.0,0.0,0.0,1.2207596311117463,0.27,0.06
159,0.210127734693124,0.06399839399105645,0.14612934070206757,0.0,0.0,0.0,0.0,1.2207596311117463,0.27,0.06
160,0.210127734693124,0.04833158714204573,0.1617961475510783,0.0,0.0,0.0,0.0,1.2207596311117463,0.27,0.06
161,0.09589320719866475,0.03553190834383447,0.0603612988548301,0.0,0.0,0.0,0.0,1.2207596311117463,0.27,0.06
162,0.09589320719866475,0.0313336136980212,0.06455959350064355,0.0,0.0,0.0,0.0,1.2207596311117463,0.27,0.06
163,0.03787881365435825,0.026930524191436503,0.0,0.0,0.0,0.010948289462921501,0.0,1.2178785023057144,0.27,0.06
164,0.03787881365435825,0.02365380641909441,0.0,-5.204170427930421e-18,0.0,0.014225007235263836,0.0,1.214135079349066,0.27,0.06
165,0.09190596365610075,0.01925071691250975,0.072655246743591,0.0,0.0,0.0,0.0,1.214135079349066,0.27,0.06
166,0.09190596365610075,0.013004473658982649,0.0789014899971181,0.0,0.0,0.0,0.0,1.2141350793490657,0.27,0.06
167,0.012759179336204875,0.007884602139698145,0.0,0.0,0.0,0.004874577196506731,0.0,1.2128522958763008,0.27,0.06
168,0.012759179336204875,0.003174320341956391,0.0,0.0,0.0,0.009584858994248484,0.0,1.210329964562025,0.27,0.06
169,0.116826235797126,0.0,0.116826235797126,0.0,0.0,0.0,0.0,1.210329964562025,0.27,0.06
170,0.116826235797126,0.0,0.116826235797126,0.0,0.0,0.0,0.0,1.210329964562025,0.27,0.06
171,0.021730477306973923,0.0,0.0,-3.469446951953614e-18,0.0,0.02173047730697392,0.0,1.2046114179022949,0.27,0.06
172,0.021730477306973923,0.0,0.0,0.0,0.0,0.021730477306973923,0.0,1.198892871242565,0.27,0.06
173,0.02312601254687135,0.0,0.0,0.0,0.0,0.02312601254687135,0.0,1.1928070784670726,0.27,0.06
174,0.02312601254687135,0.0,0.02312601254687135,0.0,0.0,0.0,0.0,1.1928070784670726,0.27,0.06
175,0.02611644520379425,0.0,0.02611644520379425,0.0,0.0,0.0,0.0,1.1928070784670726,0.27,0.06
176,0.02611644520379425,0.0,0.02611644520379425,0.0,0.0,0.0,0.0,1.1928070784670726,0.27,0.06
177,0.0143540767532305,0.0,0.0143540767532305,0.0,0.0,0.0,0.0,1.1928070784670726,0.27,0.06
178,0.0143540767532305,0.0,0.0143540767532305,0.0,0.0,0.0,0.0,1.1928070784670726,0.27,0.06
179,0.03688200276871725,0.0,0.0,0.0,0.0,0.03688200276871725,0.0,1.1831012882647787,0.27,0.06
180,0.03688200276871725,0.0,0.0,0.0,0.0,0.03688200276871725,0.0,1.1733954980624846,0.27,0.06
181,0.035685829705948,0.0,0.0,0.0,0.0,0.035685829705948,0.0,1.1640044902451299,0.27,0.06
182,0.035685829705948,0.0,0.0,6.938893903907228e-18,0.0,0.035685829705948004,0.0,1.1546134824277752,0.27,0.06
183,0.03389157011179425,0.0,0.0,0.0,0.0,0.03389157011179425,0.0,1.1456946481878294,0.27,0.06
184,0.03389157011179425,0.0,0.0,0.0,0.0,0.03389157011179425,0.0,1.1367758139478834,0.27,0.06
185,0.03249603487189675,0.0,0.0,0.0,0.0,0.03249603487189675,0.0,1.1282242258237,0.27,0.06
186,0.03249603487189675,0.0,0.0,6.938893903907228e-18,0.0,0.032496034871896756,0.0,1.1196726376995167,0.27,0.06
187,0.021730477306973923,0.0,0.021730477306973923,0.0,0.0,0.0,0.0,1.1196726376995167,0.27,0.06
188,0.021730477306973923,0.0,0.021730477306973923,0.0,0.0,0.0,0.0,1.1196726376995167,0.27,0.06
189,0.0179425959415381,0.0,0.0179425959415381,0.0,0.0,0.0,0.0,1.1196726376995167,0.27,0.06
190,0.0179425959415381,0.0,0.0179425959415381,0.0,0.0,0.0,0.0,1.1196726376995167,0.27,0.06
191,0.02232856383835855,0.0,0.02232856383835855,0.0,0.0,0.0,0.0,1.1196726376995167,0.27,0.06
192,0.02232856383835855,0.0,0.0,0.0,0.0,0.02232856383835855,0.0,1.1137966998473172,0.27,0.06
193,0.011961730627692076,0.0,0.0,3.469446951953614e-18,0.0,0.01196173062769208,0.0,1.1106488759979243,0.27,0.06
194,0.011961730627692076,0.0,0.0,0.0,0.0,0.011961730627692076,0.0,1.1075010521485316,0.27,0.06
195,0.02232856383835855,0.0,0.0,0.0,0.0,0.02232856383835855,0.0,1.101625114296332,0.27,0.06
196,0.02232856383835855,0.0,0.0,0.0,0.0,0.02232856383835855,0.0,1.0957491764441327,0.27,0.06
197,0.02212920166123035,0.0,0.0,0.0,0.0,0.02212920166123035,0.0,1.0899257023227562,0.27,0.06
198,0.02212920166123035,0.0,0.0,0.0,0.0,0.02212920166123035,0.0,1.0841022282013797,0.27,0.06
199,0.02192983948410215,0.0,0.02192983948410215,0.0,0.0,0.0,0.0,1.0841022282013797,0.27,0.06
200,0.02192983948410215,0.0,0.021929839484101876,0.0,0.0,0.0,0.0,1.0841022282013797,0.27,0.06
201,0.0253189964952815,0.0,0.0253189964952815,0.0,0.0,0.0,0.0,1.0841022282013797,0.27,0.06
202,0.0253189964952815,0.0,0.025318996495281354,0.0,0.0,0.0,0.0,1.0841022282013797,0.27,0.06
203,0.014154714576102276,0.0,0.014154714576102269,0.0,0.0,6.938893903907228e-18,0.0,1.0841022282013797,0.27,0.06
204,0.014154714576102276,0.0,0.0,0.0,0.0,0.014154714576102276,0.0,1.0803773033129318,0.27,0.06
205,0.018939406827179126,0.0,0.0,0.0,0.0,0.018939406827179126,0.0,1.0753932488847266,0.27,0.06
206,0.018939406827179126,0.0,0.0,0.0,0.0,0.018939406827179126,0.0,1.0704091944565217,0.27,0.06
207,0.018341320295794526,0.0,0.0,0.0,0.0,0.018341320295794526,0.0,1.0655825312207863,0.27,0.06
208,0.018341320295794526,0.0,0.0,3.469446951953614e-18,0.0,0.01834132029579453,0.0,1.0607558679850508,0.27,0.06
209,0.021331752952717525,0.0,0.0,0.0,0.0,0.021331752952717525,0.0,1.0551422487869673,0.27,0.06
210,0.021331752952717525,0.0,0.0,0.0,0.0,0.021331752952717525,0.0,1.0495286295888837,0.27,0.06
211,0.05721694483579375,0.0,0.0,0.0,0.0,0.05721694483579375,0.0,1.0344715388426222,0.27,0.06
212,0.05721694483579375,0.0,0.05721694483579375,0.0,0.0,0.0,0.0,1.0344715388426222,0.27,0.06
213,0.052432252584717,0.0,0.052432252584717,0.0,0.0,0.0,0.0,1.0344715388426222,0.27,0.06
214,0.052432252584717,0.0,0.052432252584717,0.0,0.0,0.0,0.0,1.0344715388426222,0.27,0.06
215,0.03748008930010175,0.0,0.03748008930010175,0.0,0.0,0.0,0.0,1.0344715388426222,0.27,0.06
216,0.03748008930010175,0.0,0.03748008930010175,0.0,0.0,0.0,0.0,1.0344715388426222,0.27,0.06
217,0.0460526629166145,0.0,0.0460526629166145,0.0,0.0,0.0,0.0,1.0344715388426222,0.27,0.06
218,0.0460526629166145,0.0,0.0460526629166145,0.0,0.0,0.0,0.0,1.0344715388426222,0.27,0.06
219,0.0350877431745635,0.0,0.0350877431745635,0.0,0.0,0.0,0.0,1.0344715388426222,0.27,0.06
220,0.0350877431745635,0.0,0.0350877431745635,0.0,0.0,0.0,0.0,1.0344715388426222,0.27,0.06
221,0.0460526629166145,0.0,0.0460526629166145,0.0,0.0,0.0,0.0,1.0344715388426222,0.27,0.06
222,0.0460526629166145,0.0,0.0,0.0,0.0,0.0460526629166145,0.0,1.0223524170224605,0.27,0.06
223,0.04126797066553775,0.0,0.04126797066553775,0.0,0.0,0.0,0.0,1.0223524170224605,0.27,0.06
224,0.04126797066553775,0.0,0.0,0.0,0.0,0.04126797066553775,0.0,1.0114924247420558,0.27,0.06
225,0.0340909322889225,0.0,0.0340909322889225,0.0,0.0,0.0,0.0,1.0114924247420558,0.27,0.06
226,0.0340909322889225,0.0,0.0340909322889225,0.0,0.0,0.0,0.0,1.0114924247420558,0.27,0.06
227,0.03548646752881975,0.004505486936970365,0.030980980591849387,0.0,0.0,0.0,0.0,1.0114924247420558,0.27,0.06
228,0.03548646752881975,0.008498986722012287,0.02698748080680735,0.0,0.0,0.0,0.0,1.0114924247420558,0.27,0.06
229,0.0153508876388715,0.0113661147728116,0.0,0.0,0.0,0.0039847728660599,0.0,1.010443800303619,0.27,0.06
230,0.0153508876388715,0.013823653102068156,0.0,0.0,0.0,0.0015272345368033437,0.0,1.0100418964781444,0.27,0.06
231,0.0143540767532305,0.015666806849010572,0.0,0.0,0.001312730095780073,0.0,0.0,1.0103536698758921,0.27,0.06
232,0.0143540767532305,0.017919550317495772,0.0,0.0,0.003565473564265273,0.0,0.0,1.011200469847405,0.27,0.06
233,0.021531115129845724,0.01925071691250975,0.0,0.0,0.0,0.002280398217335975,0.0,1.0106003650533693,0.27,0.06
234,0.021531115129845724,0.02088907579868079,0.0,0.0,0.0,0.0006420393311649328,0.0,1.0104314073346417,0.27,0.06
235,0.0169457850558971,0.022629832115237534,0.0,-3.469446951953614e-18,0.0056840470593404364,0.0,0.0,1.011781368511235,0.27,0.06
236,0.0169457850558971,0.045669253952017805,0.0,0.0,0.028723468896120704,0.0,0.0,1.0186031923740637,0.27,0.06
237,0.02392346125538415,0.07905081625775283,0.0,-7.494005416219807e-16,0.05512735500236943,0.0,0.0,1.0316959391871265,0.27,0.06
238,0.02392346125538415,0.09953030233489074,0.0,0.0,0.07560684107950659,0.0,0.0,1.0496525639435093,0.27,0.06
239,0.3969301145984675,0.13291186464062585,0.2640182499578416,0.0,0.0,0.0,0.0,1.0496525639435093,0.27,0.06
240,0.3969301145984675,0.15277696613544972,0.24415314846301778,0.0,0.0,0.0,0.0,1.0496525639435093,0.27,0.06
241,0.3943383863595825,0.16526945264250395,0.22906893371707857,0.0,0.0,0.0,0.0,1.0496525639435093,0.27,0.06
242,0.3943383863595825,0.17796673401032945,0.21637165234925307,0.0,0.0,0.0,0.0,1.0496525639435093,0.27,0.06
243,0.3423048581291225,0.16322150403478994,0.17908335409433254,0.0,0.0,0.0,0.0,1.0496525639435093,0.27,0.06
244,0.3423048581291225,0.1803218749092005,0.16198298321992197,0.0,0.0,0.0,0.0,1.0496525639435093,0.27,0.06
245,0.16427443395363775,0.2026445147332808,0.0,0.0,0.038370080779643045,0.0,0.0,1.0587654581286745,0.27,0.06
246,0.16427443395363775,0.20960753999950774,0.0,0.0,0.045333106045869986,0.0,0.0,1.0695320708145686,0.27,0.06
247,0.23066201900111125,0.20008457897363852,0.03057744002747273,0.0,0.0,0.0,0.0,1.0695320708145686,0.27,0.06
248,0.23066201900111125,0.1500122355150361,0.08064978348607516,0.0,0.0,0.0,0.0,1.0695320708145686,0.27,0.06
249,0.1877991708547655,0.10833648134806018,0.07946268950670532,0.0,0.0,0.0,0.0,1.0695320708145686,0.27,0.06
250,0.1877991708547655,0.08068917514392382,0.10710999571084123,0.0,0.0,0.0,0.0,1.0695320708145686,0.27,0.06
251,0.19238450092871426,0.07178059870036871,0.12060390222834555,0.0,0.0,0.0,0.0,1.0695320708145686,0.27,0.06
252,0.19238450092871426,0.0723949832826829,0.11998951764603127,0.0,0.0,0.0,0.0,1.0695320708145686,0.27,0.06
253,0.254386138015585,0.08109876486546651,0.1732873731501185,0.0,0.0,0.0,0.0,1.0695320708145686,0.27,0.06
254,0.254386138015585,0.08468267492896582,0.1697034630866192,0.0,0.0,0.0,0.0,1.0695320708145686,0.27,0.06
255,0.1184211332141515,0.06614874002915587,0.05227239318499563,0.0,0.0,0.0,0.0,1.0695320708145686,0.27,0.06
256,0.1184211332141515,0.049253164015516965,0.06916796919863454,0.0,0.0,0.0,0.0,1.0695320708145686,0.27,0.06
257,0.04585330073948625,0.035736703204605876,0.0,0.0,0.0,0.010116597534880374,0.0,1.0668698083053896,0.27,0.06
258,0.04585330073948625,0.031231216267635486,0.0,0.0,0.0,0.014622084471850764,0.0,1.063021891339113,0.27,0.06
259,0.14134778358389474,0.02734011391297927,0.11400766967091547,0.0,0.0,0.0,0.0,1.063021891339113,0.27,0.06
260,0.14134778358389474,0.02406339614063719,0.11728438744325756,0.0,0.0,0.0,0.0,1.063021891339113,0.27,0.06
261,0.0291068778607175,0.019762704064438197,0.0,0.0,0.0,0.009344173796279304,0.0,1.060562898234829,0.27,0.06
262,0.0291068778607175,0.013823653102068156,0.0,0.0,0.0,0.015283224758649345,0.0,1.0565409969825528,0.27,0.06
263,0.0372807271229735,0.008498986722012287,0.028781740400961375,0.0,0.0,8.43769498715119e-16,0.0,1.0565409969825525,0.27,0.06
264,0.0372807271229735,0.0037887049242705355,0.03349202219870297,0.0,0.0,0.0,0.0,1.0565409969825525,0.27,0.06
265,0.1688597640275865,0.0,0.1688597640275865,0.0,0.0,0.0,0.0,1.0565409969825525,0.27,0.06
266,0.1688597640275865,0.0,0.1688597640275865,0.0,0.0,0.0,0.0,1.0565409969825525,0.27,0.06
267,0.02432218560964055,0.0,0.02432218560964055,0.0,0.0,0.0,0.0,1.0565409969825525,0.27,0.06
268,0.02432218560964055,0.0,0.0,-3.469446951953614e-18,0.0,0.024322185609640546,0.0,1.0501404218221209,0.27,0.06
269,0.021132390775589326,0.0,0.0,0.0,0.0,0.021132390775589326,0.0,1.0445792663548605,0.27,0.06
270,0.021132390775589326,0.0,0.0,0.0,0.0,0.021132390775589326,0.0,1.0390181108876002,0.27,0.06
271,0.0181419581186663,0.0,0.0,0.0,0.0,0.0181419581186663,0.0,1.034243911382688,0.27,0.06
272,0.0181419581186663,0.0,0.0,0.0,0.0,0.0181419581186663,0.0,1.0294697118777758,0.27,0.06
273,0.06120418837835775,0.0,0.06120418837835775,0.0,0.0,0.0,0.0,1.0294697118777758,0.27,0.06
274,0.06120418837835775,0.0,0.06120418837835775,0.0,0.0,0.0,0.0,1.0294697118777758,0.27,0.06
275,0.05761566919005025,0.0,0.05761566919005025,0.0,0.0,0.0,0.0,1.0294697118777758,0.27,0.06
276,0.05761566919005025,0.0,0.05761566919005025,0.0,0.0,0.0,0.0,1.0294697118777758,0.27,0.06
277,0.04764756033364,0.0,0.04764756033364,0.0,0.0,0.0,0.0,1.0294697118777758,0.27,0.06
278,0.04764756033364,0.0,0.04764756033364,0.0,0.0,0.0,0.0,1.0294697118777758,0.27,0.06
279,0.0679825024007165,0.0,0.0679825024007165,0.0,0.0,0.0,0.0,1.0294697118777758,0.27,0.06
280,0.0679825024007165,0.0,0.0679825024007165,0.0,0.0,0.0,0.0,1.0294697118777758,0.27,0.06
281,0.04685011162512725,0.0,0.04685011162512725,0.0,0.0,0.0,0.0,1.0294697118777758,0.27,0.06
282,0.04685011162512725,0.0,0.04685011162512725,0.0,0.0,0.0,0.0,1.0294697118777758,0.27,0.06
283,0.03748008930010175,0.0,0.03748008930010175,0.0,0.0,0.0,0.0,1.0294697118777758,0.27,0.06
284,0.03748008930010175,0.0,0.03748008930010175,0.0,0.0,0.0,0.0,1.0294697118777758,0.27,0.06
285,0.02611644520379425,0.0,0.0,0.0,0.0,0.02611644520379425,0.0,1.0225969631399352,0.27,0.06
286,0.02611644520379425,0.0,0.0,0.0,0.0,0.02611644520379425,0.0,1.0157242144020946,0.27,0.06
287,0.04126797066553775,0.0,0.04126797066553775,0.0,0.0,0.0,0.0,1.0157242144020946,0.27,0.06
288,0.04126797066553775,0.0,0.04126797066553775,0.0,0.0,0.0,0.0,1.0157242144020946,0.27,0.06
289,0.05661885830440925,0.0,0.05661885830440925,0.0,0.0,0.0,0.0,1.0157242144020946,0.27,0.06
290,0.05661885830440925,0.0,0.05661885830440925,0.0,0.0,0.0,0.0,1.0157242144020946,0.27,0.06
291,0.14094905922963824,0.0,0.14094905922963824,0.0,0.0,0.0,0.0,1.0157242144020946,0.27,0.06
292,0.14094905922963824,0.0,0.14094905922963824,0.0,0.0,0.0,0.0,1.0157242144020946,0.27,0.06
293,0.15191397897168926,0.0,0.15191397897168926,0.0,0.0,0.0,0.0,1.0157242144020946,0.27,0.06
294,0.15191397897168926,0.0,0.15191397897168926,0.0,0.0,0.0,0.0,1.0157242144020946,0.27,0.06
295,0.056419496127281,0.0,0.056419496127281,0.0,0.0,0.0,0.0,1.0157242144020946,0.27,0.06
296,0.056419496127281,0.0,0.056419496127281,0.0,0.0,0.0,0.0,1.0157242144020946,0.27,0.06
297,0.02651516955805075,0.0,0.02651516955805075,0.0,0.0,0.0,0.0,1.0157242144020946,0.27,0.06
298,0.02651516955805075,0.0,0.02651516955805075,0.0,0.0,0.0,0.0,1.0157242144020946,0.27,0.06
299,0.02511963431815325,0.0,0.02511963431815325,0.0,0.0,0.0,0.0,1.0157242144020946,0.27,0.06
300,0.02511963431815325,0.0,0.02511963431815325,0.0,0.0,0.0,0.0,1.0157242144020946,0.27,0.06
301,0.0153508876388715,0.0,0.0153508876388715,0.0,0.0,0.0,0.0,1.0157242144020946,0.27,0.06
302,0.0153508876388715,0.0,0.015350887638871491,0.0,0.0,0.0,0.0,1.0157242144020946,0.27,0.06
303,0.02472090996389695,0.0,0.02472090996389695,0.0,0.0,0.0,0.0,1.0157242144020946,0.27,0.06
304,0.02472090996389695,0.0,0.024720909963896975,0.0,0.0,0.0,0.0,1.0157242144020946,0.27,0.06
305,0.05123607952194775,0.0,0.05123607952194775,0.0,0.0,0.0,0.0,1.0157242144020946,0.27,0.06
306,0.05123607952194775,0.0,0.05123607952194775,0.0,0.0,0.0,0.0,1.0157242144020946,0.27,0.06
307,0.050438630813435,0.0,0.050438630813435,0.0,0.0,0.0,0.0,1.0157242144020946,0.27,0.06
308,0.050438630813435,0.0,0.050438630813435,0.0,0.0,0.0,0.0,1.0157242144020946,0.27,0.06
309,0.05283097693897325,0.0,0.05283097693897325,0.0,0.0,0.0,0.0,1.0157242144020946,0.27,0.06
310,0.05283097693897325,0.0,0.05283097693897325,0.0,0.0,0.0,0.0,1.0157242144020946,0.27,0.06
311,0.138756075281228,0.0,0.138756075281228,0.0,0.0,0.0,0.0,1.0157242144020946,0.27,0.06
312,0.138756075281228,0.0,0.138756075281228,0.0,0.0,0.0,0.0,1.0157242144020946,0.27,0.06
313,0.038676262362871,0.0,0.038676262362871,0.0,0.0,0.0,0.0,1.0157242144020946,0.27,0.06
314,0.038676262362871,0.0,0.038676262362871,0.0,0.0,0.0,0.0,1.0157242144020946,0.27,0.06
315,0.052432252584717,0.0,0.052432252584717,0.0,0.0,0.0,0.0,1.0157242144020946,0.27,0.06
316,0.052432252584717,0.0,0.052432252584717,0.0,0.0,0.0,0.0,1.0157242144020946,0.27,0.06
317,0.0350877431745635,0.0,0.0350877431745635,0.0,0.0,0.0,0.0,1.0157242144020946,0.27,0.06
318,0.0350877431745635,0.0,0.0350877431745635,0.0,0.0,0.0,0.0,1.0157242144020946,0.27,0.06
319,0.03887562453999925,0.0,0.03887562453999925,0.0,0.0,0.0,0.0,1.0157242144020946,0.27,0.06
320,0.03887562453999925,0.0,0.03887562453999925,0.0,0.0,0.0,0.0,1.0157242144020946,0.27,0.06
321,0.035685829705948,0.0,0.035685829705948,0.0,0.0,0.0,0.0,1.0157242144020946,0.27,0.06
322,0.035685829705948,0.0,0.035685829705948,0.0,0.0,0.0,0.0,1.0157242144020946,0.27,0.06
323,0.02890751568358925,0.007065422696612625,0.0,-3.469446951953614e-18,0.0,0.021842092986976622,0.0,1.0099762951949955,0.27,0.06
324,0.02890751568358925,0.013311665950139698,0.0,0.0,0.0,0.015595849733449551,0.0,1.0058721242125088,0.27,0.06
325,0.034689018820307,0.016281191431324737,0.0,0.0,0.0,0.01840782738898226,0.0,1.001027959110145,0.27,0.06
326,0.034689018820307,0.01802194774788146,0.01666707107242571,0.0,0.0,0.0,0.0,1.001027959110145,0.27,0.06
327,0.035685829705948,0.019967498925209597,0.0157183307807384,0.0,0.0,0.0,0.0,1.001027959110145,0.27,0.06
328,0.035685829705948,0.02252743468485183,0.013158395021096059,0.0,0.0,0.0,0.0,1.001027959110145,0.27,0.06
329,0.02691389391230725,0.025087370444494075,0.0018265234678131737,0.0,0.0,0.0,0.0,1.001027959110145,0.27,0.06
330,0.02691389391230725,0.026316139609122362,0.0005977543031848859,0.0,0.0,-0.0,0.0,1.001027959110145,0.27,0.06
331,0.02950560221497375,0.025599357596422546,0.0,0.0,0.0,0.003906244618551203,0.0,1.0,0.27,0.06
332,0.02950560221497375,0.047307612838188844,0.0,-3.469446951953614e-18,0.017802010623215098,0.0,0.0,1.0042279775230136,0.27,0.06
333,0.0157496119931279,0.07966520084006698,0.0,1.5265566588595902e-16,0.06391558884693893,0.0,0.0,1.0194079298741616,0.27,0.06
334,0.0157496119931279,0.10024708434759062,0.0,0.0,0.08449747235446273,0.0,0.0,1.0394760795583464,0.27,0.06
335,0.152512065503074,0.13332145436216863,0.0,0.0,0.0,0.019190611140905367,0.0,1.0344259187317923,0.27,0.06
336,0.152512065503074,0.15277696613544972,0.0,0.0,0.0002649006323757197,0.0,0.0,1.0344888326319817,0.27,0.06
337,0.16228081218235574,0.16711260638944625,0.0,0.0,0.004831794207090512,0.0,0.0,1.0356363837561657,0.27,0.06
338,0.16228081218235574,0.18011708004842908,0.0,0.0,0.01783626786607334,0.0,0.0,1.039872497374358,0.27,0.06
339,0.1608852769424585,0.1606615682751479,0.0,0.0,0.0,0.0002237086673105848,0.0,1.0398136266724343,0.27,0.06
340,0.1608852769424585,0.17673796484570123,0.0,0.0,0.015852687903242735,0.0,0.0,1.0435786400494544,0.27,0.06
341,0.179226597238253,0.19660306634052513,0.0,0.0,0.01737646910227214,0.0,0.0,1.0477055514612441,0.27,0.06
342,0.179226597238253,0.20653561708793697,0.0,0.0,0.02730901984968398,0.0,0.0,1.0541914436755442,0.27,0.06
343,0.18640363561486825,0.2034636941763663,0.0,0.0,0.01706005856149806,0.0,0.0,1.0582432075839,0.27,0.06
344,0.18640363561486825,0.14847627405925073,0.0,0.0,0.0,0.03792736155561752,0.0,1.0482623229640005,0.27,0.06
345,0.18062213247815026,0.10997484023423114,0.04937014751581563,0.0,0.0,0.021277144728103492,0.0,1.0426630743513416,0.27,0.06
346,0.18062213247815026,0.0828395211820234,0.09778261129612686,0.0,0.0,0.0,0.0,1.0426630743513416,0.27,0.06
347,0.18500810037497076,0.07198539356114023,0.11302270681383053,0.0,0.0,0.0,0.0,1.0426630743513416,0.27,0.06
348,0.18500810037497076,0.07096141925728328,0.11404668111768748,0.0,0.0,0.0,0.0,1.0426630743513416,0.27,0.06
349,0.17603680240420175,0.07935800854890986,0.09667879385529189,0.0,0.0,0.0,0.0,1.0426630743513416,0.27,0.06
350,0.17603680240420175,0.08263472632125189,0.09340207608294986,0.0,0.0,0.0,0.0,1.0426630743513416,0.27,0.06
351,0.08293466568533175,0.06420318885182773,0.0,0.0,0.0,0.018731476833504027,0.0,1.0377337383425247,0.27,0.06
352,0.08293466568533175,0.04884357429397419,0.034091091391357686,0.0,0.0,0.0,0.0,1.0377337383425247,0.27,0.06
353,0.02591708302666625,0.03614629292614859,0.0,7.251144129583054e-16,0.010229209899481617,0.0,0.0,1.0401631756936516,0.27,0.06
354,0.02591708302666625,0.03184560084994961,0.0,0.0,0.005928517823283363,0.0,0.0,1.0415711986766814,0.27,0.06
355,0.02292665036974315,0.02754490877375065,0.0,0.0,0.004618258404007501,0.0,0.0,1.0426680350476332,0.27,0.06
356,0.02292665036974315,0.024472985862179934,0.0,1.734723475976807e-17,0.0015463354924367678,0.0,0.0,1.043035289727087,0.27,0.06
357,0.12200965240245926,0.020274691216366648,0.10173496118609261,0.0,0.0,0.0,0.0,1.043035289727087,0.27,0.06
358,0.12200965240245926,0.014130845393225242,0.10787880700923401,0.0,0.0,0.0,0.0,1.043035289727087,0.27,0.06
359,0.0175438715872817,0.008806179013169364,0.0,0.0,0.0,0.008737692574112338,0.0,1.0407358969444256,0.27,0.06
360,0.0175438715872817,0.004300692076198985,0.0,0.0,0.0,0.013243179511082717,0.0,1.037250849704667,0.27,0.06
361,0.074362092068819,0.0,0.074362092068819,0.0,0.0,0.0,0.0,1.037250849704667,0.27,0.06
362,0.074362092068819,0.0,0.074362092068819,0.0,0.0,0.0,0.0,1.037250849704667,0.27,0.06
363,0.03748008930010175,0.0,0.03748008930010175,0.0,0.0,0.0,0.0,1.037250849704667,0.27,0.06
364,0.03748008930010175,0.0,0.03748008930010175,0.0,0.0,0.0,0.0,1.037250849704667,0.27,0.06
365,0.0370813649458455,0.0,0.037081364945845685,0.0,0.0,0.0,0.0,1.037250849704667,0.27,0.06
366,0.0370813649458455,0.0,0.0370813649458455,0.0,0.0,0.0,0.0,1.037250849704667,0.27,0.06
367,0.0679825024007165,0.0,0.0679825024007165,0.0,0.0,0.0,0.0,1.037250849704667,0.27,0.06
368,0.0679825024007165,0.0,0.0679825024007165,0.0,0.0,0.0,0.0,1.037250849704667,0.27,0.06
369,0.051634803876204,0.0,0.051634803876204,0.0,0.0,0.0,0.0,1.037250849704667,0.27,0.06
370,0.051634803876204,0.0,0.051634803876204,0.0,0.0,0.0,0.0,1.037250849704667,0.27,0.06
371,0.0460526629166145,0.0,0.0460526629166145,0.0,0.0,0.0,0.0,1.037250849704667,0.27,0.06
372,0.0460526629166145,0.0,0.0460526629166145,0.0,0.0,0.0,0.0,1.037250849704667,0.27,0.06
373,0.050637992990563,0.0,0.050637992990563,0.0,0.0,0.0,0.0,1.037250849704667,0.27,0.06
374,0.050637992990563,0.0,0.050637992990563,0.0,0.0,0.0,0.0,1.037250849704667,0.27,0.06
375,0.0560207717730245,0.0,0.0560207717730245,0.0,0.0,0.0,0.0,1.037250849704667,0.27,0.06
376,0.0560207717730245,0.0,0.0560207717730245,0.0,0.0,0.0,0.0,1.037250849704667,0.27,0.06
377,0.071371659411896,0.0,0.071371659411896,0.0,0.0,0.0,0.0,1.037250849704667,0.27,0.06
378,0.071371659411896,0.0,0.071371659411896,0.0,0.0,0.0,0.0,1.037250849704667,0.27,0.06
379,0.06519143192092175,0.0,0.06519143192092175,0.0,0.0,0.0,0.0,1.037250849704667,0.27,0.06
380,0.06519143192092175,0.0,0.06519143192092175,0.0,0.0,0.0,0.0,1.037250849704667,0.27,0.06
381,0.05083735516769125,0.0,0.05083735516769125,0.0,0.0,0.0,0.0,1.037250849704667,0.27,0.06
382,0.05083735516769125,0.0,0.05083735516769125,0.0,0.0,0.0,0.0,1.037250849704667,0.27,0.06
383,0.031698586163384,0.0,0.031698586163384,0.0,0.0,0.0,0.0,1.037250849704667,0.27,0.06
384,0.031698586163384,0.0,0.031698586163384,0.0,0.0,0.0,0.0,1.037250849704667,0.27,0.06
385,0.02412282343251235,0.0,0.02412282343251235,0.0,0.0,0.0,0.0,1.037250849704667,0.27,0.06
386,0.02412282343251235,0.0,0.0,0.0,0.0,0.02412282343251235,0.0,1.0309027382750586,0.27,0.06
387,0.045653938562358,0.0,0.045653938562358,0.0,0.0,0.0,0.0,1.0309027382750586,0.27,0.06
388,0.045653938562358,0.0,0.045653938562358,0.0,0.0,0.0,0.0,1.0309027382750586,0.27,0.06
389,0.045653938562358,0.0,0.045653938562357776,0.0,0.0,0.0,0.0,1.0309027382750586,0.27,0.06
390,0.045653938562358,0.0,0.045653938562358,0.0,0.0,0.0,0.0,1.0309027382750586,0.27,0.06
391,0.0350877431745635,0.0,0.0350877431745635,0.0,0.0,0.0,0.0,1.0309027382750586,0.27,0.06
392,0.0350877431745635,0.0,0.0350877431745635,0.0,0.0,0.0,0.0,1.0309027382750586,0.27,0.06
393,0.03149922398625575,0.0,0.03149922398625575,0.0,0.0,0.0,0.0,1.0309027382750586,0.27,0.06
394,0.03149922398625575,0.0,0.03149922398625575,0.0,0.0,0.0,0.0,1.0309027382750586,0.27,0.06
395,0.0155502498159997,0.0,0.0,0.0,0.0,0.0155502498159997,0.0,1.0268105672708483,0.27,0.06
396,0.0155502498159997,0.0,0.0,0.0,0.0,0.0155502498159997,0.0,1.0227183962666377,0.27,0.06
397,0.019138769004307325,0.0,0.019138769004307325,0.0,0.0,0.0,0.0,1.0227183962666377,0.27,0.06
398,0.019138769004307325,0.0,0.019138769004307325,0.0,0.0,0.0,0.0,1.0227183962666377,0.27,0.06
399,0.014154714576102276,0.0,0.0,0.0,0.0,0.014154714576102276,0.0,1.0189934713781899,0.27,0.06
400,0.014154714576102276,0.0,0.0,0.0,0.0,0.014154714576102276,0.0,1.015268546489742,0.27,0.06
401,0.013556628044717675,0.0,0.0,0.0,0.0,0.013556628044717675,0.0,1.0117010127937636,0.27,0.06
402,0.013556628044717675,0.0,0.013556628044717675,0.0,0.0,0.0,0.0,1.0117010127937636,0.27,0.06
403,0.02850879132933275,0.0,0.02850879132933275,0.0,0.0,0.0,0.0,1.0117010127937636,0.27,0.06
404,0.02850879132933275,0.0,0.028508791329332706,0.0,0.0,0.0,0.0,1.0117010127937636,0.27,0.06
405,0.0301036887463585,0.0,0.0301036887463585,0.0,0.0,0.0,0.0,1.0117010127937636,0.27,0.06
406,0.0301036887463585,0.0,0.0301036887463585,0.0,0.0,0.0,0.0,1.0117010127937636,0.27,0.06
407,0.0311004996319995,0.0,0.0311004996319995,0.0,0.0,0.0,0.0,1.0117010127937636,0.27,0.06
408,0.0311004996319995,0.0,0.0311004996319995,0.0,0.0,0.0,0.0,1.0117010127937636,0.27,0.06
409,0.05781503136717825,0.0,0.05781503136717825,0.0,0.0,0.0,0.0,1.0117010127937636,0.27,0.06
410,0.05781503136717825,0.0,0.05781503136717825,0.0,0.0,0.0,0.0,1.0117010127937636,0.27,0.06
411,0.141547145761023,0.0,0.141547145761023,0.0,0.0,0.0,0.0,1.0117010127937636,0.27,0.06
412,0.141547145761023,0.0,0.141547145761023,0.0,0.0,0.0,0.0,1.0117010127937636,0.27,0.06
413,0.0360845540602045,0.0,0.0360845540602045,0.0,0.0,0.0,0.0,1.0117010127937636,0.27,0.06
414,0.0360845540602045,0.0,0.0360845540602045,0.0,0.0,0.0,0.0,1.0117010127937636,0.27,0.06
415,0.1104466461290235,0.0,0.1104466461290235,0.0,0.0,0.0,0.0,1.0117010127937636,0.27,0.06
416,0.1104466461290235,0.0,0.1104466461290235,0.0,0.0,0.0,0.0,1.0117010127937636,0.27,0.06
417,0.03588519188307625,0.0,0.03588519188307625,0.0,0.0,0.0,0.0,1.0117010127937636,0.27,0.06
418,0.03588519188307625,0.0,0.035885191883076255,0.0,0.0,-6.938893903907228e-18,0.0,1.0117010127937636,0.27,0.06
419,0.04086924631128125,0.006041448392755716,0.034827797918525534,0.0,0.0,0.0,0.0,1.0117010127937636,0.27,0.06
420,0.04086924631128125,0.010239743038569019,0.03062950327271223,0.0,0.0,0.0,0.0,1.0117010127937636,0.27,0.06
421,0.0273126182665635,0.013414063380525403,0.0,0.0,0.0,0.013898554886038098,0.0,1.0080434983500692,0.27,0.06
422,0.0273126182665635,0.01607639657055335,0.0,0.0,0.0,0.01123622169601015,0.0,1.005086597903751,0.27,0.06
423,0.03050241310061475,0.01904592205173835,0.0,0.0,0.0,0.011456491048876402,0.0,1.0020717318382573,0.27,0.06
424,0.03050241310061475,0.022629832115237534,0.0,0.0,0.0,0.007872580985377218,0.0,1.0,0.27,0.06
425,0.0165470607016407,0.025496960166036843,0.0,0.0,0.008949899464396144,0.0,0.0,1.0021256011227941,0.27,0.06
426,0.0165470607016407,0.02734011391297927,0.0,7.28583859910259e-17,0.0107930532113385,0.0,0.0,1.004688951260487,0.27,0.06
427,0.011762368450563875,0.030719229115707056,0.0,0.0,0.018956860665143183,0.0,0.0,1.0091912056684584,0.27,0.06
428,0.011762368450563875,0.048945971724359875,0.0,0.0,0.037183603273796,0.0,0.0,1.018022311445985,0.27,0.06
429,0.02771134262082,0.08447788006819432,0.0,-8.257283745649602e-16,0.05676653744737514,0.0,0.0,1.0315043640897368,0.27,0.06
430,0.02771134262082,0.10465017385417542,0.0,0.0,0.07693883123335543,0.0,0.0,1.0497773365076586,0.27,0.06
431,0.15291078985733025,0.13342385179255428,0.0,0.0,0.0,0.01948693806477597,0.0,1.044649194911665,0.27,0.06
432,0.15291078985733025,0.15349374814814948,0.0,0.0,0.0005829582908192243,0.0,0.0,1.0447876475057345,0.27,0.06
433,0.14832545978338174,0.16414308090826113,0.0,-3.3306690738754696e-16,0.01581762112487972,0.0,0.0,1.0485443325228934,0.27,0.06
434,0.14832545978338174,0.1746900162379872,0.0,0.0,0.026364556454605448,0.0,0.0,1.0548059146808622,0.27,0.06
435,0.155502498159997,0.15984238883206234,0.0,0.0,0.004339890672065333,0.0,0.0,1.0558366387154778,0.27,0.06
436,0.155502498159997,0.1721300804783452,0.0,0.0,0.016627582318348183,0.0,0.0,1.0597856895160855,0.27,0.06
437,0.1531101520344585,0.19291675884664033,0.0,0.0,0.039806606812181844,0.0,0.0,1.0692397586339786,0.27,0.06
438,0.1531101520344585,0.2023373224421238,0.0,0.0,0.049227170407665305,0.0,0.0,1.0809312116057992,0.27,0.06
439,0.1678629531419455,0.20069896355595268,0.0,0.0,0.03283601041400719,0.0,0.0,1.0887297640791258,0.27,0.06
440,0.1678629531419455,0.15195778669236418,0.0,0.0,0.0,0.015905166449581315,0.0,1.084544193960815,0.27,0.06
441,0.1798246837696375,0.11079401967731663,0.0,0.0,0.0,0.06903066409232182,0.0,1.0663782297259934,0.27,0.06
442,0.1798246837696375,0.08734500811899373,0.0,0.0,0.0,0.09247967565064377,0.0,1.042041472975824,0.27,0.06
443,0.17842914852974026,0.07751485480196746,0.08852386543351987,0.0,0.0,0.01239042829425352,0.0,1.0387808339510205,0.27,0.06
444,0.17842914852974026,0.07475012418155383,0.10367902434818643,0.0,0.0,0.0,0.0,1.0387808339510205,0.27,0.06
445,0.1818183055409195,0.08099636743508098,0.1008219381058385,0.0,0.0,0.0,0.0,1.0387808339510205,0.27,0.06
446,0.1818183055409195,0.08345390576433744,0.09836439977658205,0.0,0.0,0.0,0.0,1.0387808339510205,0.27,0.06
447,0.17165083450738125,0.06532956058607034,0.10632127392131091,0.0,0.0,0.0,0.0,1.0387808339510205,0.27,0.06
448,0.17165083450738125,0.0478195999901173,0.12383123451726395,0.0,0.0,0.0,0.0,1.0387808339510205,0.27,0.06
449,0.16846103967333,0.038194241533862444,0.13026679813946757,0.0,0.0,0.0,0.0,1.0387808339510205,0.27,0.06
450,0.16846103967333,0.03338156230573499,0.135079477367595,0.0,0.0,0.0,0.0,1.0387808339510205,0.27,0.06
451,0.17324573192440676,0.029183267659921686,0.14406246426448507,0.0,0.0,0.0,0.0,1.0387808339510205,0.27,0.06
452,0.17324573192440676,0.025599357596422546,0.14764637432798422,0.0,0.0,0.0,0.0,1.0387808339510205,0.27,0.06
453,0.03987243542564025,0.021093870659452157,0.0,0.0,0.0,0.018778564766188093,0.0,1.033839106380971,0.27,0.06
454,0.03987243542564025,0.014233242823610945,0.025639192602029404,0.0,0.0,0.0,0.0,1.033839106380971,0.27,0.06
455,0.086323822696511,0.008396589291626589,0.0779272334048844,0.0,0.0,0.0,0.0,1.033839106380971,0.27,0.06
456,0.086323822696511,0.003993499785041914,0.08233032291146891,0.0,0.0,0.0,0.0,1.033839106380971,0.27,0.06
457,0.07655507601722925,0.0001023974303856902,0.07645267858684356,0.0,0.0,0.0,0.0,1.033839106380971,0.27,0.06
458,0.07655507601722925,0.0,0.07655507601722925,0.0,0.0,0.0,0.0,1.033839106380971,0.27,0.06
459,0.046650749447999,0.0,0.046650749447999,0.0,0.0,0.0,0.0,1.033839106380971,0.27,0.06
460,0.046650749447999,0.0,0.046650749447999,0.0,0.0,0.0,0.0,1.033839106380971,0.27,0.06
461,0.04764756033364,0.0,0.04764756033364,0.0,0.0,0.0,0.0,1.033839106380971,0.27,0.06
462,0.04764756033364,0.0,0.04764756033364,0.0,0.0,0.0,0.0,1.033839106380971,0.27,0.06
463,0.05622013395015275,0.0,0.05622013395015275,0.0,0.0,0.0,0.0,1.033839106380971,0.27,0.06
464,0.05622013395015275,0.0,0.05622013395015275,0.0,0.0,0.0,0.0,1.033839106380971,0.27,0.06
465,0.04685011162512725,0.0,0.04685011162512725,0.0,0.0,0.0,0.0,1.033839106380971,0.27,0.06
466,0.04685011162512725,0.0,0.04685011162512725,0.0,0.0,0.0,0.0,1.033839106380971,0.27,0.06
467,0.021132390775589326,0.0,0.02113239077558937,0.0,0.0,0.0,0.0,1.033839106380971,0.27,0.06
468,0.021132390775589326,0.0,0.021132390775589326,0.0,0.0,0.0,0.0,1.033839106380971,0.27,0.06
469,0.0149521632846151,0.0,0.0149521632846151,0.0,0.0,0.0,0.0,1.033839106380971,0.27,0.06
470,0.0149521632846151,0.0,0.0149521632846151,0.0,0.0,0.0,0.0,1.0338391063809709,0.27,0.06
471,0.0145534389303587,0.0,0.0,0.0,0.0,0.0145534389303587,0.0,1.0300092540308765,0.27,0.06
472,0.0145534389303587,0.0,0.0,1.734723475976807e-18,0.0,0.014553438930358702,0.0,1.0261794016807821,0.27,0.06
473,0.00937002232502545,0.0,0.0,0.0,0.0,0.00937002232502545,0.0,1.0237136063320913,0.27,0.06
474,0.00937002232502545,0.0,0.00937002232502545,0.0,0.0,0.0,0.0,1.0237136063320913,0.27,0.06
475,0.02492027214102515,0.0,0.0,0.0,0.0,0.02492027214102515,0.0,1.01715563997919,0.27,0.06
476,0.02492027214102515,0.0,0.02492027214102515,0.0,0.0,0.0,0.0,1.01715563997919,0.27,0.06
477,0.05462523653312725,0.0,0.05462523653312725,0.0,0.0,0.0,0.0,1.01715563997919,0.27,0.06
478,0.05462523653312725,0.0,0.05462523653312725,0.0,0.0,0.0,0.0,1.01715563997919,0.27,0.06
479,0.063397172326768,0.0,0.063397172326768,0.0,0.0,0.0,0.0,1.01715563997919,0.27,0.06
480,0.063397172326768,0.0,0.063397172326768,0.0,0.0,0.0,0.0,1.01715563997919,0.27,0.06
481,0.0410686084884095,0.0,0.0410686084884095,0.0,0.0,0.0,0.0,1.01715563997919,0.27,0.06
482,0.0410686084884095,0.0,0.0410686084884095,0.0,0.0,0.0,0.0,1.01715563997919,0.27,0.06
483,0.03528710535169175,0.0,0.03528710535169175,0.0,0.0,0.0,0.0,1.01715563997919,0.27,0.06
484,0.03528710535169175,0.0,0.03528710535169175,0.0,0.0,0.0,0.0,1.01715563997919,0.27,0.06
485,0.035685829705948,0.0,0.035685829705948,0.0,0.0,0.0,0.0,1.01715563997919,0.27,0.06
486,0.035685829705948,0.0,0.035685829705948,0.0,0.0,0.0,0.0,1.01715563997919,0.27,0.06
487,0.0440590411453325,0.0,0.0440590411453325,0.0,0.0,0.0,0.0,1.01715563997919,0.27,0.06
488,0.0440590411453325,0.0,0.0440590411453325,0.0,0.0,0.0,0.0,1.01715563997919,0.27,0.06
489,0.02890751568358925,0.0,0.02890751568358925,0.0,0.0,0.0,0.0,1.01715563997919,0.27,0.06
490,0.02890751568358925,0.0,0.02890751568358925,0.0,0.0,0.0,0.0,1.01715563997919,0.27,0.06
491,0.02492027214102515,0.0,0.0249202721410251,0.0,0.0,0.0,0.0,1.01715563997919,0.27,0.06
492,0.02492027214102515,0.0,0.02492027214102515,0.0,0.0,0.0,0.0,1.01715563997919,0.27,0.06
493,0.0301036887463585,0.0,0.0301036887463585,0.0,0.0,0.0,0.0,1.01715563997919,0.27,0.06
494,0.0301036887463585,0.0,0.0301036887463585,0.0,0.0,0.0,0.0,1.01715563997919,0.27,0.06
495,0.02272728819261495,0.0,0.02272728819261495,0.0,0.0,0.0,0.0,1.01715563997919,0.27,0.06
496,0.02272728819261495,0.0,0.02272728819261495,0.0,0.0,0.0,0.0,1.01715563997919,0.27,0.06
497,0.020135579889948324,0.0,0.0,0.0,0.0,0.020135579889948324,0.0,1.0118568031660458,0.27,0.06
498,0.020135579889948324,0.0,0.0,0.0,0.0,0.020135579889948324,0.0,1.0065579663529014,0.27,0.06
499,0.02492027214102515,0.0,0.0,0.0,0.0,0.02492027214102515,0.0,1.0,0.27,0.06
500,0.02492027214102515,0.0,0.02492027214102515,0.0,0.0,0.0,0.0,1.0,0.27,0.06
501,0.04246414372830675,0.0,0.04246414372830675,0.0,0.0,0.0,0.0,1.0,0.27,0.06
502,0.04246414372830675,0.0,0.04246414372830675,0.0,0.0,0.0,0.0,1.0,0.27,0.06
503,0.03249603487189675,0.0,0.03249603487189675,0.0,0.0,0.0,0.0,1.0,0.27,0.06
504,0.03249603487189675,0.0,0.03249603487189675,0.0,0.0,0.0,0.0,1.0,0.27,0.06
505,0.02950560221497375,0.0,0.02950560221497378,0.0,0.0,-3.122502256758253e-17,0.0,1.0,0.27,0.06
506,0.02950560221497375,0.0,0.02950560221497378,0.0,0.0,0.0,0.0,1.0,0.27,0.06
507,0.0311004996319995,0.0,0.0311004996319995,0.0,0.0,0.0,0.0,1.0,0.27,0.06
508,0.0311004996319995,0.0,0.0311004996319995,0.0,0.0,0.0,0.0,1.0,0.27,0.06
509,0.025717720849538,0.0,0.025717720849538158,0.0,0.0,-1.5959455978986625e-16,0.0,1.0,0.27,0.06
510,0.025717720849538,0.0,0.025717720849538,0.0,0.0,0.0,0.0,1.0,0.27,0.06
511,0.0291068778607175,0.0,0.0291068778607175,0.0,0.0,0.0,0.0,1.0,0.27,0.06
512,0.0291068778607175,0.0,0.0291068778607175,0.0,0.0,0.0,0.0,1.0,0.27,0.06
513,0.0283094291522045,0.0,0.0283094291522045,0.0,0.0,0.0,0.0,1.0,0.27,0.06
514,0.0283094291522045,0.0,0.0283094291522045,0.0,0.0,0.0,0.0,1.0,0.27,0.06
515,0.02950560221497375,0.004710281797741744,0.024795320417232005,0.0,0.0,0.0,0.0,1.0,0.27,0.06
516,0.02950560221497375,0.008498986722012287,0.021006615492961463,0.0,0.0,-0.0,0.0,1.0,0.27,0.06
517,0.032695397049025,0.013618858241296796,0.019076538807728305,0.0,0.0,0.0,0.0,1.0,0.27,0.06
518,0.032695397049025,0.019557909203666807,0.013137487845358193,0.0,0.0,-0.0,0.0,1.0,0.27,0.06
519,0.0159489741702561,0.02365380641909441,0.0,0.0,0.007704832248838313,0.0,0.0,1.0018298976590991,0.27,0.06
520,0.0159489741702561,0.029797652242235854,0.0,0.0,0.013848678071979755,0.0,0.0,1.0051189587011944,0.27,0.06
521,0.021331752952717525,0.0344055366095919,0.0,-4.649058915617843e-16,0.013073783656874838,0.0,0.0,1.0082239823197021,0.27,0.06
522,0.021331752952717525,0.03563430577422017,0.0,-4.0939474033052647e-16,0.014302552821503056,0.0,0.0,1.0116208386148091,0.27,0.06
523,0.02890751568358925,0.03532711348306309,0.0,0.0,0.00641959779947384,0.0,0.0,1.0131454930921842,0.27,0.06
524,0.02890751568358925,0.054782625256344246,0.0,0.0,0.025875109572754997,0.0,0.0,1.0192908316157134,0.27,0.06
525,0.0165470607016407,0.08611623895436533,0.0,0.0,0.06956917825272463,0.0,0.0,1.0358135114507356,0.27,0.06
526,0.0165470607016407,0.10413818670224703,0.0,0.0,0.08759112600060634,0.0,0.0,1.0566164038758796,0.27,0.06
527,0.16068591476533026,0.1258464419440132,0.0,0.0,0.0,0.03483947282131705,0.0,1.0474481215544804,0.27,0.06
528,0.16068591476533026,0.16526945264250395,0.0,0.0,0.004583537877173693,0.0,0.0,1.0485367118003093,0.27,0.06
529,0.161483363473843,0.1749972085291444,0.0,0.0,0.013513845055301399,0.0,0.0,1.0517462500009434,0.27,0.06
530,0.161483363473843,0.18421297726385652,0.0,0.0,0.02272961379001351,0.0,0.0,1.0571445332760714,0.27,0.06
531,0.1628788987137405,0.1734612470733591,0.0,6.938893903907228e-16,0.01058234835961791,0.0,0.0,1.0596578410114805,0.27,0.06
532,0.1628788987137405,0.18984483593506948,0.0,0.0,0.02696593722132898,0.0,0.0,1.066062251101546,0.27,0.06
533,0.16866040185045825,0.2012109507078811,0.0,0.0,0.03255054885742284,0.0,0.0,1.073793006455184,0.27,0.06
534,0.16866040185045825,0.2058188350752369,0.0,1.3877787807814457e-16,0.03715843322477852,0.0,0.0,1.082618134346069,0.27,0.06
535,0.16626805572491976,0.2023373224421238,0.0,-1.942890293094024e-16,0.03606926671720423,0.0,0.0,1.091184585191405,0.27,0.06
536,0.16626805572491976,0.14990983808465036,0.0,0.0,0.0,0.0163582176402694,0.0,1.0868797910755448,0.27,0.06
537,0.17523935369568874,0.12553924965285607,0.0,0.0,0.0,0.04970010404283268,0.0,1.0738008163274309,0.27,0.06
538,0.17523935369568874,0.09369364880290651,0.029666802340773277,0.0,0.0,0.05187890255200896,0.0,1.0601484735505864,0.27,0.06
539,0.18799853303189376,0.08611623895436533,0.10188229407752843,0.0,0.0,0.0,0.0,1.0601484735505864,0.27,0.06
540,0.18799853303189376,0.08642343124552249,0.10157510178637127,0.0,0.0,0.0,0.0,1.0601484735505864,0.27,0.06
541,0.1828151164265605,0.1006566740691334,0.08215844235742711,0.0,0.0,0.0,0.0,1.0601484735505864,0.27,0.06
542,0.1828151164265605,0.0828395211820234,0.0,0.0,0.0,0.09997559524453711,0.0,1.0338391063809713,0.27,0.06
543,0.1858055490834835,0.08027958542238106,0.10552596366110212,0.0,0.0,0.0,0.0,1.0338391063809713,0.27,0.06
544,0.1858055490834835,0.07055182953574049,0.11525371954774302,0.0,0.0,0.0,0.0,1.0338391063809713,0.27,0.06
545,0.1848087381978425,0.06061927878832853,0.12418945940951431,0.0,0.0,0.0,0.0,1.0338391063809713,0.27,0.06
546,0.1848087381978425,0.05130111262323076,0.13350762557461174,0.0,0.0,0.0,0.0,1.0338391063809713,0.27,0.06
547,0.174441904987176,0.04822918971166008,0.12621271527551592,0.0,0.0,0.0,0.0,1.0338391063809713,0.27,0.06
548,0.174441904987176,0.029080870229536,0.14536103475763998,0.0,0.0,0.0,0.0,1.0338391063809713,0.27,0.06
549,0.17543871587281726,0.02068428093790942,0.15475443493490784,0.0,0.0,0.0,0.0,1.0338391063809713,0.27,0.06
550,0.17543871587281726,0.017817152887110083,0.15762156298570718,0.0,0.0,0.0,0.0,1.0338391063809713,0.27,0.06
551,0.060406739669845,0.009420563595483484,0.05098617607436152,0.0,0.0,0.0,0.0,1.0338391063809713,0.27,0.06
552,0.060406739669845,0.0037887049242705355,0.05661803474557446,0.0,0.0,0.0,0.0,1.0338391063809713,0.27,0.06
553,0.11662687361999775,0.0,0.11662687361999775,0.0,0.0,0.0,0.0,1.0338391063809713,0.27,0.06
554,0.11662687361999775,0.0,0.11662687361999775,0.0,0.0,0.0,0.0,1.0338391063809713,0.27,0.06
555,0.029704964392102,0.0,0.029704964392102,0.0,0.0,0.0,0.0,1.0338391063809713,0.27,0.06
556,0.029704964392102,0.0,0.029704964392102,0.0,0.0,0.0,0.0,1.0338391063809713,0.27,0.06
557,0.02432218560964055,0.0,0.02432218560964055,0.0,0.0,0.0,0.0,1.0338391063809713,0.27,0.06
558,0.02432218560964055,0.0,0.02432218560964055,0.0,0.0,0.0,0.0,1.0338391063809713,0.27,0.06
559,0.04027115977989675,0.0,0.04027115977989675,0.0,0.0,0.0,0.0,1.0338391063809713,0.27,0.06
560,0.04027115977989675,0.0,0.04027115977989675,0.0,0.0,0.0,0.0,1.0338391063809713,0.27,0.06
561,0.0627990857953835,0.0,0.0627990857953835,0.0,0.0,0.0,0.0,1.0338391063809713,0.27,0.06
562,0.0627990857953835,0.0,0.0627990857953835,0.0,0.0,0.0,0.0,1.0338391063809713,0.27,0.06
563,0.04764756033364,0.0,0.04764756033364,0.0,0.0,0.0,0.0,1.0338391063809713,0.27,0.06
564,0.04764756033364,0.0,0.04764756033364,0.0,0.0,0.0,0.0,1.0338391063809713,0.27,0.06
565,0.05661885830440925,0.0,0.05661885830440925,0.0,0.0,0.0,0.0,1.0338391063809713,0.27,0.06
566,0.05661885830440925,0.0,0.05661885830440925,0.0,0.0,0.0,0.0,1.0338391063809713,0.27,0.06
567,0.0450558520309735,0.0,0.0450558520309735,0.0,0.0,0.0,0.0,1.0338391063809713,0.27,0.06
568,0.0450558520309735,0.0,0.0450558520309735,0.0,0.0,0.0,0.0,1.0338391063809713,0.27,0.06
569,0.0410686084884095,0.0,0.04106860848840954,0.0,0.0,0.0,0.0,1.0338391063809713,0.27,0.06
570,0.0410686084884095,0.0,0.0410686084884095,0.0,0.0,0.0,0.0,1.0338391063809713,0.27,0.06
571,0.0322966726947685,0.0,0.0322966726947685,0.0,0.0,0.0,0.0,1.0338391063809713,0.27,0.06
572,0.0322966726947685,0.0,0.032296672694768505,0.0,0.0,-6.938893903907228e-18,0.0,1.0338391063809713,0.27,0.06
573,0.020334942067076527,0.0,0.0,0.0,0.0,0.020334942067076527,0.0,1.0284878058370037,0.27,0.06
574,0.020334942067076527,0.0,0.020334942067076527,0.0,0.0,0.0,0.0,1.0284878058370037,0.27,0.06
575,0.0167464228787689,0.0,0.0,0.0,0.0,0.0167464228787689,0.0,1.024080852447854,0.27,0.06
576,0.0167464228787689,0.0,0.0,0.0,0.0,0.0167464228787689,0.0,1.0196738990587042,0.27,0.06
577,0.0311004996319995,0.0,0.0311004996319995,0.0,0.0,0.0,0.0,1.0196738990587042,0.27,0.06
578,0.0311004996319995,0.0,0.0311004996319995,0.0,0.0,0.0,0.0,1.0196738990587042,0.27,0.06
579,0.13456946956153576,0.0,0.13456946956153576,0.0,0.0,0.0,0.0,1.0196738990587042,0.27,0.06
580,0.13456946956153576,0.0,0.13456946956153576,0.0,0.0,0.0,0.0,1.0196738990587042,0.27,0.06
581,0.1738438184557915,0.0,0.1738438184557915,0.0,0.0,0.0,0.0,1.0196738990587042,0.27,0.06
582,0.1738438184557915,0.0,0.1738438184557915,0.0,0.0,0.0,0.0,1.0196738990587042,0.27,0.06
583,0.04924245775066575,0.0,0.04924245775066575,0.0,0.0,0.0,0.0,1.0196738990587042,0.27,0.06
584,0.04924245775066575,0.0,0.04924245775066575,0.0,0.0,0.0,0.0,1.0196738990587042,0.27,0.06
585,0.04286286808256325,0.0,0.04286286808256325,0.0,0.0,0.0,0.0,1.0196738990587042,0.27,0.06
586,0.04286286808256325,0.0,0.04286286808256325,0.0,0.0,0.0,0.0,1.0196738990587042,0.27,0.06
587,0.04047052195702475,0.0,0.04047052195702475,0.0,0.0,0.0,0.0,1.0196738990587042,0.27,0.06
588,0.04047052195702475,0.0,0.04047052195702475,0.0,0.0,0.0,0.0,1.0196738990587042,0.27,0.06
589,0.0167464228787689,0.0,0.0,0.0,0.0,0.0167464228787689,0.0,1.0152669456695544,0.27,0.06
590,0.0167464228787689,0.0,0.0,0.0,0.0,0.0167464228787689,0.0,1.0108599922804047,0.27,0.06
591,0.02232856383835855,0.0,0.02232856383835855,0.0,0.0,0.0,0.0,1.0108599922804047,0.27,0.06
592,0.02232856383835855,0.0,0.02232856383835855,0.0,0.0,0.0,0.0,1.0108599922804047,0.27,0.06
593,0.0155502498159997,0.0,0.015550249815999617,0.0,0.0,0.0,0.0,1.0108599922804047,0.27,0.06
594,0.0155502498159997,0.0,0.0155502498159997,0.0,0.0,0.0,0.0,1.0108599922804047,0.27,0.06
595,0.0322966726947685,0.0,0.0322966726947685,0.0,0.0,0.0,0.0,1.0108599922804047,0.27,0.06
596,0.0322966726947685,0.0,0.0322966726947685,0.0,0.0,0.0,0.0,1.0108599922804047,0.27,0.06
597,0.04047052195702475,0.0,0.04047052195702475,0.0,0.0,0.0,0.0,1.0108599922804047,0.27,0.06
598,0.04047052195702475,0.0,0.04047052195702475,0.0,0.0,0.0,0.0,1.0108599922804047,0.27,0.06
599,0.021331752952717525,0.0,0.0,0.0,0.0,0.021331752952717525,0.0,1.0052463730823211,0.27,0.06
600,0.021331752952717525,0.0,0.021331752952717525,0.0,0.0,0.0,0.0,1.0052463730823211,0.27,0.06
601,0.019936217712820125,0.0,0.0,0.0,0.0,0.019936217712820125,0.0,1.0,0.27,0.06
602,0.019936217712820125,0.0,0.019936217712820125,0.0,0.0,0.0,0.0,1.0,0.27,0.06
603,0.021331752952717525,0.0,0.021331752952717525,0.0,0.0,0.0,0.0,1.0,0.27,0.06
604,0.021331752952717525,0.0,0.021331752952717525,0.0,0.0,0.0,0.0,1.0,0.27,0.06
605,0.02352473690112775,0.0,0.02352473690112762,0.0,0.0,1.2836953722228372e-16,0.0,1.0,0.27,0.06
606,0.02352473690112775,0.0,0.02352473690112775,0.0,0.0,0.0,0.0,1.0,0.27,0.06
607,0.04027115977989675,0.0,0.040271159779896704,0.0,0.0,4.85722573273506e-17,0.0,1.0,0.27,0.06
608,0.04027115977989675,0.0,0.04027115977989659,0.0,0.0,0.0,0.0,1.0,0.27,0.06
609,0.04984054428205025,0.0,0.04984054428205025,0.0,0.0,0.0,0.0,1.0,0.27,0.06
610,0.04984054428205025,0.0,0.04984054428205025,0.0,0.0,0.0,0.0,1.0,0.27,0.06
611,0.03887562453999925,0.0,0.03887562453999925,0.0,0.0,0.0,0.0,1.0,0.27,0.06
612,0.03887562453999925,0.0,0.03887562453999925,0.0,0.0,0.0,0.0,1.0,0.27,0.06
613,0.0400717976027685,0.006041448392755716,0.034030349210012786,0.0,0.0,0.0,0.0,1.0,0.27,0.06
614,0.0400717976027685,0.009830153317026255,0.030241644285742247,0.0,0.0,0.0,0.0,1.0,0.27,0.06
615,0.04784692251076825,0.006246243253527095,0.041600679257241154,0.0,0.0,0.0,0.0,1.0,0.27,0.06
616,0.04784692251076825,0.005222268949670198,0.04262465356109805,0.0,0.0,0.0,0.0,1.0,0.27,0.06
617,0.0340909322889225,0.007270217557383992,0.02682071473153851,0.0,0.0,0.0,0.0,1.0,0.27,0.06
618,0.0340909322889225,0.016178794000939054,0.017912138287983447,0.0,0.0,-0.0,0.0,1.0,0.27,0.06
619,0.0293062400378455,0.03092402397647842,0.0,0.0,0.0016177839386329225,0.0,0.0,1.0003842236854252,0.27,0.06
620,0.0293062400378455,0.04095897215427606,0.0,0.0,0.011652732116430562,0.0,0.0,1.0031517475630776,0.27,0.06
621,0.0330941214032815,0.06635353488992726,0.0,0.0,0.03325941348664576,0.0,0.0,1.011050858266156,0.27,0.06
622,0.0330941214032815,0.07434053446001107,0.0,1.8735013540549517e-16,0.04124641305672938,0.0,0.0,1.0208468813671292,0.27,0.06
623,0.268740214768815,0.09635598199293435,0.10051070522319817,0.0,0.0,0.07187352755268246,0.0,1.0019327951690549,0.27,0.06
624,0.268740214768815,0.1006566740691334,0.1680835406996816,0.0,0.0,0.0,0.0,1.0019327951690549,0.27,0.06
625,0.2691389391230725,0.12850877513404108,0.14063016398903144,0.0,0.0,0.0,0.0,1.0019327951690549,0.27,0.06
626,0.2691389391230725,0.1337310440837114,0.13540789503936113,0.0,0.0,0.0,0.0,1.0019327951690549,0.27,0.06
627,0.279904496687995,0.10485496871494682,0.17504952797304818,0.0,0.0,0.0,0.0,1.0019327951690549,0.27,0.06
628,0.279904496687995,0.100144686917205,0.17975980977078998,0.0,0.0,0.0,0.0,1.0019327951690549,0.27,0.06
629,0.2791070479794825,0.10905326336075995,0.17005378461872256,0.0,0.0,0.0,0.0,1.0019327951690549,0.27,0.06
630,0.2791070479794825,0.08437548263780877,0.19473156534167346,0.0,0.0,0.0,0.0,1.0019327951690549,0.27,0.06
631,0.283293653699175,0.04761480512934593,0.23567884856982904,0.0,0.0,0.0,0.0,1.0019327951690549,0.27,0.06
632,0.283293653699175,0.03532711348306309,0.2479665402161122,0.0,0.0,0.0,0.0,1.0019327951690549,0.27,0.06
633,0.3116030828513775,0.0342007417488205,0.277402341102557,0.0,0.0,0.0,0.0,1.0019327951690549,0.27,0.06
634,0.3116030828513775,0.03706786979961983,0.27453521305175765,0.0,0.0,0.0,0.0,1.0019327951690549,0.27,0.06
635,0.260167621216085,0.03942301069849071,0.22074461051759428,0.0,0.0,0.0,0.0,1.0019327951690549,0.27,0.06
636,0.260167621216085,0.030207241963778574,0.22996037925230642,0.0,0.0,0.0,0.0,1.0019327951690549,0.27,0.06
637,0.02272728819261495,0.028568883077607563,0.0,3.469446951953614e-18,0.005841594884992609,0.0,0.0,1.0033201739542408,0.27,0.06
638,0.02272728819261495,0.04802439485088865,0.0,0.0,0.0252971066582737,0.0,0.0,1.0093282367855807,0.27,0.06
639,0.02252792601548675,0.05078912547130229,0.0,0.0,0.028261199455815542,0.0,0.0,1.0160402716563368,0.27,0.06
640,0.02252792601548675,0.0424949336100614,0.0,0.0,0.019967007594574652,0.0,0.0,1.0207824359600484,0.27,0.06
641,0.09230468801035725,0.03993499785041914,0.052369690159938115,0.0,0.0,0.0,0.0,1.0207824359600484,0.27,0.06
642,0.09230468801035725,0.04403089506584675,0.0482737929445105,0.0,0.0,0.0,0.0,1.0207824359600484,0.27,0.06
643,0.021531115129845724,0.021401062950609232,0.0,0.0,0.0,0.00013005217923649226,0.0,1.0207482117023545,0.27,0.06
644,0.021531115129845724,0.015769204279396265,0.0,0.0,0.0,0.005761910850449459,0.0,1.0192319193732888,0.27,0.06
645,0.02432218560964055,0.008498986722012287,0.015823198887628287,0.0,0.0,0.0,0.0,1.0192319193732888,0.27,0.06
646,0.02432218560964055,0.011161319912040231,0.013160865697600319,0.0,0.0,0.0,0.0,1.0192319193732888,0.27,0.06
647,0.0837321143938445,0.011775704494354356,0.07195640989949013,0.0,0.0,0.0,0.0,1.0192319193732888,0.27,0.06
648,0.0837321143938445,0.0019455511773281116,0.08178656321651638,0.0,0.0,0.0,0.0,1.0192319193732888,0.27,0.06
649,0.13257584779025375,0.0,0.13257584779025375,0.0,0.0,0.0,0.0,1.0192319193732888,0.27,0.06
650,0.13257584779025375,0.0,0.13257584779025375,0.0,0.0,0.0,0.0,1.0192319193732888,0.27,0.06
651,0.046650749447999,0.0,0.046650749447999,0.0,0.0,0.0,0.0,1.0192319193732888,0.27,0.06
652,0.046650749447999,0.0,0.046650749447999,0.0,0.0,0.0,0.0,1.0192319193732888,0.27,0.06
653,0.042663505905435,0.0,0.042663505905435,0.0,0.0,0.0,0.0,1.0192319193732888,0.27,0.06
654,0.042663505905435,0.0,0.042663505905435,0.0,0.0,0.0,0.0,1.0192319193732888,0.27,0.06
655,0.062400361441127,0.0,0.062400361441127,0.0,0.0,0.0,0.0,1.0192319193732888,0.27,0.06
656,0.062400361441127,0.0,0.062400361441127,0.0,0.0,0.0,0.0,1.0192319193732888,0.27,0.06
657,0.038676262362871,0.0,0.038676262362871,0.0,0.0,0.0,0.0,1.0192319193732888,0.27,0.06
658,0.038676262362871,0.0,0.038676262362871,0.0,0.0,0.0,0.0,1.0192319193732888,0.27,0.06
659,0.05781503136717825,0.0,0.05781503136717825,0.0,0.0,0.0,0.0,1.0192319193732888,0.27,0.06
660,0.05781503136717825,0.0,0.05781503136717825,0.0,0.0,0.0,0.0,1.0192319193732888,0.27,0.06
661,0.05482459871025525,0.0,0.05482459871025525,0.0,0.0,0.0,0.0,1.0192319193732888,0.27,0.06
662,0.05482459871025525,0.0,0.05482459871025525,0.0,0.0,0.0,0.0,1.0192319193732888,0.27,0.06
663,0.0540271500017425,0.0,0.0540271500017425,0.0,0.0,0.0,0.0,1.0192319193732888,0.27,0.06
664,0.0540271500017425,0.0,0.0540271500017425,0.0,0.0,0.0,0.0,1.0192319193732888,0.27,0.06
665,0.05023926863630675,0.0,0.05023926863630675,0.0,0.0,0.0,0.0,1.0192319193732888,0.27,0.06
666,0.05023926863630675,0.0,0.05023926863630675,0.0,0.0,0.0,0.0,1.0192319193732888,0.27,0.06
667,0.046650749447999,0.0,0.046650749447999,0.0,0.0,0.0,0.0,1.0192319193732888,0.27,0.06
668,0.046650749447999,0.0,0.046650749447999,0.0,0.0,0.0,0.0,1.0192319193732888,0.27,0.06
669,0.04146733284266575,0.0,0.04146733284266575,0.0,0.0,0.0,0.0,1.0192319193732888,0.27,0.06
670,0.04146733284266575,0.0,0.04146733284266575,0.0,0.0,0.0,0.0,1.0192319193732888,0.27,0.06
671,0.05482459871025525,0.0,0.054824598710255135,0.0,0.0,0.0,0.0,1.0192319193732888,0.27,0.06
672,0.05482459871025525,0.0,0.05482459871025525,0.0,0.0,0.0,0.0,1.0192319193732888,0.27,0.06
673,0.09090915277045974,0.0,0.09090915277045974,0.0,0.0,0.0,0.0,1.0192319193732888,0.27,0.06
674,0.09090915277045974,0.0,0.09090915277045974,0.0,0.0,0.0,0.0,1.0192319193732888,0.27,0.06
675,0.03947371107138375,0.0,0.03947371107138375,0.0,0.0,0.0,0.0,1.0192319193732888,0.27,0.06
676,0.03947371107138375,0.0,0.03947371107138375,0.0,0.0,0.0,0.0,1.0192319193732888,0.27,0.06
677,0.04086924631128125,0.0,0.04086924631128125,0.0,0.0,0.0,0.0,1.0192319193732888,0.27,0.06
678,0.04086924631128125,0.0,0.04086924631128125,0.0,0.0,0.0,0.0,1.0192319193732888,0.27,0.06
679,0.0312998618091275,0.0,0.0312998618091275,0.0,0.0,0.0,0.0,1.0192319193732888,0.27,0.06
680,0.0312998618091275,0.0,0.0312998618091275,0.0,0.0,0.0,0.0,1.0192319193732888,0.27,0.06
681,0.034689018820307,0.0,0.034689018820307,0.0,0.0,0.0,0.0,1.0192319193732888,0.27,0.06
682,0.034689018820307,0.0,0.034689018820307,0.0,0.0,0.0,0.0,1.0192319193732888,0.27,0.06
683,0.03528710535169175,0.0,0.03528710535169175,0.0,0.0,0.0,0.0,1.0192319193732888,0.27,0.06
684,0.03528710535169175,0.0,0.03528710535169175,0.0,0.0,0.0,0.0,1.0192319193732888,0.27,0.06
685,0.020334942067076527,0.0,0.020334942067076527,0.0,0.0,0.0,0.0,1.0192319193732888,0.27,0.06
686,0.020334942067076527,0.0,0.0,0.0,0.0,0.020334942067076527,0.0,1.0138806188293212,0.27,0.06
687,0.02511963431815325,0.0,0.02511963431815325,0.0,0.0,0.0,0.0,1.0138806188293215,0.27,0.06
688,0.02511963431815325,0.0,0.0,0.0,0.0,0.02511963431815325,0.0,1.0072701887455968,0.27,0.06
689,0.03748008930010175,0.0,0.03748008930010175,0.0,0.0,0.0,0.0,1.0072701887455968,0.27,0.06
690,0.03748008930010175,0.0,0.03748008930010175,0.0,0.0,0.0,0.0,1.0072701887455968,0.27,0.06
691,0.052631614761845,0.0,0.052631614761845,0.0,0.0,0.0,0.0,1.0072701887455968,0.27,0.06
692,0.052631614761845,0.0,0.052631614761845,0.0,0.0,0.0,0.0,1.0072701887455968,0.27,0.06
693,0.0627990857953835,0.0,0.0627990857953835,0.0,0.0,0.0,0.0,1.0072701887455968,0.27,0.06
694,0.0627990857953835,0.0,0.0627990857953835,0.0,0.0,0.0,0.0,1.0072701887455968,0.27,0.06
695,0.05223289040758875,0.0,0.05223289040758875,0.0,0.0,0.0,0.0,1.0072701887455968,0.27,0.06
696,0.05223289040758875,0.0,0.05223289040758875,0.0,0.0,0.0,0.0,1.0072701887455968,0.27,0.06
697,0.0659888806294345,0.0,0.0659888806294345,0.0,0.0,0.0,0.0,1.0072701887455968,0.27,0.06
698,0.0659888806294345,0.0,0.0659888806294345,0.0,0.0,0.0,0.0,1.0072701887455968,0.27,0.06
699,0.046451387270871,0.0,0.046451387270871,0.0,0.0,0.0,0.0,1.0072701887455968,0.27,0.06
700,0.046451387270871,0.0,0.046451387270871,0.0,0.0,0.0,0.0,1.0072701887455968,0.27,0.06
701,0.02791070479794825,0.0,0.02791070479794825,0.0,0.0,0.0,0.0,1.0072701887455968,0.27,0.06
702,0.02791070479794825,0.0,0.02791070479794825,0.0,0.0,0.0,0.0,1.0072701887455968,0.27,0.06
703,0.03389157011179425,0.0,0.03389157011179425,0.0,0.0,0.0,0.0,1.0072701887455968,0.27,0.06
704,0.03389157011179425,0.0,0.03389157011179425,0.0,0.0,0.0,0.0,1.0072701887455968,0.27,0.06
705,0.033692207934666,0.0,0.033692207934666,0.0,0.0,0.0,0.0,1.0072701887455968,0.27,0.06
706,0.033692207934666,0.0,0.033692207934666,0.0,0.0,0.0,0.0,1.0072701887455968,0.27,0.06
707,0.03189794834051225,0.005427063810441577,0.026470884530070675,0.0,0.0,0.0,0.0,1.0072701887455968,0.27,0.06
708,0.03189794834051225,0.009522961025869203,0.022374987314643047,0.0,0.0,0.0,0.0,1.0072701887455968,0.27,0.06
709,0.0440590411453325,0.013209268519754019,0.030849772625578482,0.0,0.0,0.0,0.0,1.0072701887455968,0.27,0.06
710,0.0440590411453325,0.0166907811528675,0.02736825999246495,0.0,0.0,0.0,0.0,1.0072701887455968,0.27,0.06
711,0.039673073248512,0.01935311434289543,0.0,0.0,0.0,0.02031995890561657,0.0,1.0019228311388557,0.27,0.06
712,0.039673073248512,0.021401062950609232,0.018272010297902767,0.0,0.0,-0.0,0.0,1.0019228311388557,0.27,0.06
713,0.02751198044369175,0.023039421836780285,0.0,0.0,0.0,0.0044725586069114635,0.0,1.0007458420317739,0.27,0.06
714,0.02751198044369175,0.024677780722951324,0.0,0.0,0.0,0.0028341997207404247,0.0,1.0,0.27,0.06
715,0.02591708302666625,0.029797652242235854,0.0,0.0,0.003880569215569604,0.0,0.0,1.0009216351886978,0.27,0.06
716,0.02591708302666625,0.05437303553480148,0.0,-3.469446951953614e-18,0.028455952508135235,0.0,0.0,1.0076799239093799,0.27,0.06
717,0.0155502498159997,0.085911444093594,0.0,0.0,0.0703611942775943,0.0,0.0,1.0243907075503085,0.27,0.06
718,0.0155502498159997,0.11232998113310197,0.0,0.0,0.09677973131710227,0.0,0.0,1.0473758937381203,0.27,0.06
719,0.2565791020277775,0.14468756913498018,0.0,0.0,0.0,0.1118915328927975,0.0,1.0179307535031736,0.27,0.06
720,0.2565791020277775,0.17038932416178834,0.08618977786598916,0.0,0.0,-0.0,0.0,1.0179307535031736,0.27,0.06
721,0.279904496687995,0.1813458492130573,0.0823438911792107,0.0,0.0,0.016214756295726707,0.0,1.0136637123727192,0.27,0.06
722,0.279904496687995,0.19230237426432595,0.08760212242366905,0.0,0.0,0.0,0.0,1.0136637123727192,0.27,0.06
723,0.182416392072304,0.1853393489980992,0.0,0.0,0.002922956925795195,0.0,0.0,1.0143579146425956,0.27,0.06
724,0.182416392072304,0.18574893871964196,0.0,4.163336342344337e-16,0.0033325466473375365,0.0,0.0,1.0151493944713383,0.27,0.06
725,0.0301036887463585,0.205921232505623,0.0,0.0,0.1758175437592645,0.0,0.0,1.0569060611141636,0.27,0.06
726,0.0301036887463585,0.2201544753292339,0.0,0.0,0.19005078658287541,0.0,0.0,1.1020431229275967,0.27,0.06
727,0.0935008610731265,0.2325445644059023,0.0,0.0,0.1390437033327758,0.0,0.0,1.1350660024691308,0.27,0.06
728,0.0935008610731265,0.18370099011192803,0.0,0.0,0.09020012903880154,0.0,0.0,1.156488533115846,0.27,0.06
729,0.019936217712820125,0.13895331303338154,0.0,0.0,0.11901709532056141,0.0,0.0,1.1847550932544795,0.27,0.06
730,0.019936217712820125,0.1088484684999887,0.0,0.0,0.08891225078716856,0.0,0.0,1.205871752816432,0.27,0.06
731,0.02192983948410215,0.09717516143601987,0.0,0.0,0.07524532195191772,0.0,0.0,1.2237425167800124,0.27,0.06
732,0.02192983948410215,0.09103131561287854,0.0,0.0,0.06910147612877639,0.0,0.0,1.2401541173605968,0.27,0.06
733,0.07854869778851124,0.09328405908136371,0.0,0.0,0.014735361292852467,0.0,0.0,1.2436537656676492,0.27,0.06
734,0.07854869778851124,0.09615118713216315,0.0,0.0,0.01760248934365191,0.0,0.0,1.2478343568867665,0.27,0.06
735,0.0283094291522045,0.07925561111852408,0.0,5.273559366969494e-16,0.05094618196631906,0.0,0.0,1.2599340751037673,0.27,0.06
736,0.0283094291522045,0.06256482996565671,0.0,0.0,0.034255400813452214,0.0,0.0,1.2680697327969621,0.27,0.06
737,0.0342902944660505,0.05160830491438784,0.0,5.273559366969494e-16,0.017318010448336807,0.0,0.0,1.2721827602784423,0.27,0.06
738,0.0342902944660505,0.035736703204605876,0.0,0.0,0.0014464087385553728,0.0,0.0,1.2725262823538492,0.27,0.06
739,0.0937002232502545,0.030309639394164273,0.0,0.0,0.0,0.06339058385609074,0.0,1.2558445497601411,0.27,0.06
740,0.0937002232502545,0.027135319052207882,0.0,0.0,0.0,0.06656490419804661,0.0,1.2383274697080238,0.27,0.06
741,0.02412282343251235,0.02334661412793736,0.0,0.0,0.0,0.0007762093045749902,0.0,1.2381232041015566,0.27,0.06
742,0.02412282343251235,0.017817152887110083,0.0,0.0,0.0,0.006305670545402268,0.0,1.2364638171159243,0.27,0.06
743,0.0301036887463585,0.009727755886640564,0.0,0.0,0.0,0.020375932859717935,0.0,1.2311017295212616,0.27,0.06
744,0.0301036887463585,0.004607884367356056,0.0,6.938893903907228e-18,0.0,0.02549580437900245,0.0,1.224392307316261,0.27,0.06
745,0.2007577123680985,0.0005119871519284507,0.0,0.0,0.0,0.2002457252161699,0.0,1.1716960638383216,0.27,0.06
746,0.2007577123680985,0.0,0.2007577123680985,0.0,0.0,0.0,0.0,1.1716960638383236,0.27,0.06
747,0.05382778782461425,0.0,0.0,0.0,0.0,0.05382778782461425,0.0,1.1575308565160567,0.27,0.06
748,0.05382778782461425,0.0,0.0,0.0,0.0,0.05382778782461425,0.0,1.1433656491937898,0.27,0.06
749,0.0637958966810245,0.0,0.0637958966810245,0.0,0.0,0.0,0.0,1.1433656491937898,0.27,0.06
750,0.0637958966810245,0.0,0.0637958966810245,0.0,0.0,0.0,0.0,1.1433656491937898,0.27,0.06
751,0.05562204741876825,0.0,0.05562204741876825,0.0,0.0,0.0,0.0,1.1433656491937898,0.27,0.06
752,0.05562204741876825,0.0,0.05562204741876825,0.0,0.0,0.0,0.0,1.1433656491937898,0.27,0.06
753,0.04485648985384525,0.0,0.0,0.0,0.0,0.04485648985384525,0.0,1.1315613097585673,0.27,0.06
754,0.04485648985384525,0.0,0.04485648985384525,0.0,0.0,0.0,0.0,1.1315613097585673,0.27,0.06
755,0.05083735516769125,0.0,0.05083735516769125,0.0,0.0,0.0,0.0,1.1315613097585673,0.27,0.06
756,0.05083735516769125,0.0,0.05083735516769125,0.0,0.0,0.0,0.0,1.1315613097585673,0.27,0.06
757,0.05582140959589625,0.0,0.05582140959589625,0.0,0.0,0.0,0.0,1.1315613097585673,0.27,0.06
758,0.05582140959589625,0.0,0.05582140959589625,0.0,0.0,0.0,0.0,1.1315613097585673,0.27,0.06
759,0.04346095461394775,0.0,0.04346095461394775,0.0,0.0,0.0,0.0,1.1315613097585673,0.27,0.06
760,0.04346095461394775,0.0,0.04346095461394775,0.0,0.0,0.0,0.0,1.1315613097585673,0.27,0.06
761,0.05123607952194775,0.0,0.05123607952194775,0.0,0.0,0.0,0.0,1.1315613097585673,0.27,0.06
762,0.05123607952194775,0.0,0.05123607952194775,0.0,0.0,0.0,0.0,1.1315613097585673,0.27,0.06
763,0.05881184225281925,0.0,0.05881184225281925,0.0,0.0,0.0,0.0,1.1315613097585673,0.27,0.06
764,0.05881184225281925,0.0,0.05881184225281925,0.0,0.0,0.0,0.0,1.131561309758567,0.27,0.06
765,0.0420654193740505,0.0,0.0,0.0,0.0,0.0420654193740505,0.0,1.1204914625548696,0.27,0.06
766,0.0420654193740505,0.0,0.0,0.0,0.0,0.0420654193740505,0.0,1.1094216153511722,0.27,0.06
767,0.04425840332246075,0.0,0.04425840332246075,0.0,0.0,0.0,0.0,1.1094216153511722,0.27,0.06
768,0.04425840332246075,0.0,0.04425840332246075,0.0,0.0,0.0,0.0,1.1094216153511722,0.27,0.06
769,0.0322966726947685,0.0,0.0,0.0,0.0,0.0322966726947685,0.0,1.1009224909578121,0.27,0.06
770,0.0322966726947685,0.0,0.0322966726947685,0.0,0.0,0.0,0.0,1.1009224909578121,0.27,0.06
771,0.02432218560964055,0.0,0.02432218560964055,0.0,0.0,0.0,0.0,1.1009224909578121,0.27,0.06
772,0.02432218560964055,0.0,0.02432218560964055,0.0,0.0,0.0,0.0,1.1009224909578121,0.27,0.06
773,0.02811006697507625,0.0,0.02811006697507601,0.0,0.0,0.0,0.0,1.1009224909578121,0.27,0.06
774,0.02811006697507625,0.0,0.02811006697507625,0.0,0.0,0.0,0.0,1.1009224909578121,0.27,0.06
775,0.02511963431815325,0.0,0.0,-6.938893903907228e-18,0.0,0.02511963431815324,0.0,1.0943120608740875,0.27,0.06
776,0.02511963431815325,0.0,0.0,-3.469446951953614e-18,0.0,0.025119634318153245,0.0,1.087701630790363,0.27,0.06
777,0.033692207934666,0.0,0.033692207934666,0.0,0.0,-3.469446951953614e-18,0.0,1.087701630790363,0.27,0.06
778,0.033692207934666,0.0,0.0,0.0,0.0,0.033692207934666,0.0,1.0788352602812405,0.27,0.06
779,0.02950560221497375,0.0,0.0,0.0,0.0,0.02950560221497375,0.0,1.0710706281194053,0.27,0.06
780,0.02950560221497375,0.0,0.0,0.0,0.0,0.02950560221497375,0.0,1.0633059959575701,0.27,0.06
781,0.019138769004307325,0.0,0.0,0.0,0.0,0.019138769004307325,0.0,1.0582694777985417,0.27,0.06
782,0.019138769004307325,0.0,0.0,6.938893903907228e-18,0.0,0.019138769004307332,0.0,1.0532329596395136,0.27,0.06
783,0.0253189964952815,0.0,0.0253189964952815,0.0,0.0,0.0,0.0,1.0532329596395136,0.27,0.06
784,0.0253189964952815,0.0,0.0253189964952815,0.0,0.0,0.0,0.0,1.0532329596395136,0.27,0.06
785,0.02791070479794825,0.0,0.02791070479794825,0.0,0.0,0.0,0.0,1.0532329596395136,0.27,0.06
786,0.02791070479794825,0.0,0.02791070479794825,0.0,0.0,0.0,0.0,1.0532329596395136,0.27,0.06
787,0.038676262362871,0.0,0.038676262362871,0.0,0.0,0.0,0.0,1.0532329596395136,0.27,0.06
788,0.038676262362871,0.0,0.038676262362871,0.0,0.0,0.0,0.0,1.0532329596395136,0.27,0.06
789,0.05681822048153725,0.0,0.05681822048153725,0.0,0.0,0.0,0.0,1.0532329596395136,0.27,0.06
790,0.05681822048153725,0.0,0.05681822048153725,0.0,0.0,0.0,0.0,1.0532329596395136,0.27,0.06
791,0.03748008930010175,0.0,0.03748008930010175,0.0,0.0,0.0,0.0,1.0532329596395136,0.27,0.06
792,0.03748008930010175,0.0,0.0,0.0,0.0,0.03748008930010175,0.0,1.04336977824475,0.27,0.06
793,0.0500399064591785,0.0,0.0500399064591785,0.0,0.0,0.0,0.0,1.04336977824475,0.27,0.06
794,0.0500399064591785,0.0,0.0500399064591785,0.0,0.0,0.0,0.0,1.04336977824475,0.27,0.06
795,0.03887562453999925,0.0,0.03887562453999882,0.0,0.0,0.0,0.0,1.04336977824475,0.27,0.06
796,0.03887562453999925,0.0,0.03887562453999925,0.0,0.0,0.0,0.0,1.04336977824475,0.27,0.06
797,0.1331739343216385,0.0,0.1331739343216385,0.0,0.0,0.0,0.0,1.04336977824475,0.27,0.06
798,0.1331739343216385,0.0,0.1331739343216385,0.0,0.0,0.0,0.0,1.04336977824475,0.27,0.06
799,0.0817384926225625,0.0,0.0817384926225625,0.0,0.0,0.0,0.0,1.04336977824475,0.27,0.06
800,0.0817384926225625,0.0,0.0817384926225625,0.0,0.0,0.0,0.0,1.04336977824475,0.27,0.06
801,0.07515954077733175,0.0,0.07515954077733175,0.0,0.0,0.0,0.0,1.04336977824475,0.27,0.06
802,0.07515954077733175,0.0,0.07515954077733175,0.0,0.0,0.0,0.0,1.04336977824475,0.27,0.06
803,0.0887161688220495,0.003174320341956391,0.08554184848009311,0.0,0.0,0.0,0.0,1.04336977824475,0.27,0.06
804,0.0887161688220495,0.007782204709312448,0.08093396411273705,0.0,0.0,0.0,0.0,1.04336977824475,0.27,0.06
805,0.045653938562358,0.018329140039038534,0.0,0.0,0.0,0.027324798523319465,0.0,1.0361790417912449,0.27,0.06
806,0.045653938562358,0.026418537039508066,0.0,0.0,0.0,0.019235401522849933,0.0,1.0311170940220737,0.27,0.06
807,0.0717703837661525,0.025496960166036843,0.04627342360011565,0.0,0.0,0.0,0.0,1.0311170940220737,0.27,0.06
808,0.0717703837661525,0.043723702774689684,0.028046680991463013,0.0,0.0,0.0,0.0,1.0311170940220737,0.27,0.06
809,0.031698586163384,0.04136856187581882,0.0,7.008282842946301e-16,0.009669975712434116,0.0,0.0,1.0334137132537768,0.27,0.06
810,0.031698586163384,0.04505486936970365,0.0,0.0,0.013356283206319645,0.0,0.0,1.0365858305152778,0.27,0.06
811,0.0312998618091275,0.05785454816791491,0.0,0.0,0.02655468635878741,0.0,0.0,1.04289256852549,0.27,0.06
812,0.0312998618091275,0.06061927878832853,0.0,0.0,0.029319416979201034,0.0,0.0,1.0498559300580501,0.27,0.06
813,0.021531115129845724,0.05570420212981545,0.0,-1.8041124150158794e-16,0.034173086999969904,0.0,0.0,1.0579720382205429,0.27,0.06
814,0.021531115129845724,0.04628363853433195,0.0,0.0,0.024752523404486224,0.0,0.0,1.0638507625291083,0.27,0.06
815,0.2741229935512775,0.03962780555926209,0.2344951879920154,0.0,0.0,0.0,0.0,1.0638507625291083,0.27,0.06
816,0.2741229935512775,0.04884357429397419,0.22527941925730333,0.0,0.0,0.0,0.0,1.0638507625291083,0.27,0.06
817,0.2888757946587625,0.05724016358560077,0.23163563107316174,0.0,0.0,0.0,0.0,1.0638507625291083,0.27,0.06
818,0.2888757946587625,0.05212029206631628,0.23675550259244624,0.0,0.0,0.0,0.0,1.0638507625291083,0.27,0.06
819,0.2045455937335345,0.06000489420601437,0.14454069952752013,0.0,0.0,0.0,0.0,1.0638507625291083,0.27,0.06
820,0.2045455937335345,0.0593905096237002,0.1451550841098343,0.0,0.0,0.0,0.0,1.0638507625291083,0.27,0.06
821,0.02551835867240975,0.08304431604279464,0.0,-7.979727989493313e-16,0.05752595737038568,0.0,0.0,1.0775131774045748,0.27,0.06
822,0.02551835867240975,0.07413573959923966,0.0,1.457167719820518e-16,0.04861738092682977,0.0,0.0,1.089059805374697,0.27,0.06
823,0.08831744446779324,0.11192039141155931,0.0,0.0,0.023602946943766065,0.0,0.0,1.0946655052738414,0.27,0.06
824,0.08831744446779324,0.08386349548588022,0.004453948981913022,0.0,0.0,0.0,0.0,1.0946655052738414,0.27,0.06
825,0.0157496119931279,0.08458027749858,0.0,0.0,0.06883066550545211,0.0,0.0,1.1110127883313863,0.27,0.06
826,0.0157496119931279,0.09615118713216315,0.0,1.3877787807814457e-17,0.08040157513903524,0.0,0.0,1.1301081624269071,0.27,0.06
827,0.08293466568533175,0.08621863638475112,0.0,0.0,0.003283970699419367,0.0,0.0,1.1308881054680193,0.27,0.06
828,0.08293466568533175,0.08765220041015073,0.0,0.0,0.004717534724818978,0.0,0.0,1.1320085199651637,0.27,0.06
829,0.02452154778676875,0.07464772675116808,0.0,0.0,0.05012617896439933,0.0,0.0,1.1439134874692085,0.27,0.06
830,0.02452154778676875,0.03143601112840687,0.0,0.0,0.00691446334163812,0.0,0.0,1.1455556725128477,0.27,0.06
831,0.02691389391230725,0.03092402397647842,0.0,0.0,0.0040101300641711725,0.0,0.0,1.1465080784030883,0.27,0.06
832,0.02691389391230725,0.03256238286264946,0.0,0.0,0.005648488950342211,0.0,0.0,1.1478495945287945,0.27,0.06
833,0.08732063358215225,0.027032921621822196,0.06028771196033006,0.0,0.0,0.0,0.0,1.1478495945287945,0.27,0.06
834,0.08732063358215225,0.019455511773281118,0.06786512180887083,0.0,0.0,0.0,0.0,1.1478495945287945,0.27,0.06
835,0.0175438715872817,0.014642832545153675,0.002901039042128026,0.0,0.0,0.0,0.0,1.1478495945287945,0.27,0.06
836,0.0175438715872817,0.010444537899340392,0.007099333687941467,0.0,0.0,0.0,0.0,1.1478495945287945,0.27,0.06
837,0.02691389391230725,0.007986999570083827,0.018926894342223423,0.0,0.0,0.0,0.0,1.1478495945287945,0.27,0.06
838,0.02691389391230725,0.00634864068391279,0.020565253228394458,0.0,0.0,0.0,0.0,1.1478495945287945,0.27,0.06
839,0.09489639631302375,0.006246243253527095,0.08865015305949665,0.0,0.0,0.0,0.0,1.1478495945287945,0.27,0.06
840,0.09489639631302375,0.0037887049242705355,0.09110769138875321,0.0,0.0,0.0,0.0,1.1478495945287945,0.27,0.06
841,0.0263158073809225,0.0005119871519284507,0.025803820228994048,0.0,0.0,0.0,0.0,1.1478495945287945,0.27,0.06
842,0.0263158073809225,0.0,0.0,0.0,0.0,0.0263158073809225,0.0,1.1409243820601307,0.27,0.06
843,0.0322966726947685,0.0,0.0322966726947685,0.0,0.0,0.0,0.0,1.1409243820601307,0.27,0.06
844,0.0322966726947685,0.0,0.0322966726947685,0.0,0.0,0.0,0.0,1.1409243820601307,0.27,0.06
845,0.02232856383835855,0.0,0.0,0.0,0.0,0.02232856383835855,0.0,1.1350484442079312,0.27,0.06
846,0.02232856383835855,0.0,0.02232856383835855,0.0,0.0,0.0,0.0,1.1350484442079312,0.27,0.06
847,0.051634803876204,0.0,0.051634803876204,0.0,0.0,0.0,0.0,1.1350484442079312,0.27,0.06
848,0.051634803876204,0.0,0.051634803876204,0.0,0.0,0.0,0.0,1.1350484442079312,0.27,0.06
849,0.052631614761845,0.0,0.052631614761845,0.0,0.0,0.0,0.0,1.1350484442079312,0.27,0.06
850,0.052631614761845,0.0,0.052631614761845,0.0,0.0,0.0,0.0,1.1350484442079312,0.27,0.06
851,0.051435441699076,0.0,0.051435441699076,0.0,0.0,0.0,0.0,1.1350484442079312,0.27,0.06
852,0.051435441699076,0.0,0.051435441699076,0.0,0.0,0.0,0.0,1.1350484442079312,0.27,0.06
853,0.054425874355999,0.0,0.054425874355999,0.0,0.0,0.0,0.0,1.1350484442079312,0.27,0.06
854,0.054425874355999,0.0,0.054425874355999,0.0,0.0,0.0,0.0,1.1350484442079312,0.27,0.06
855,0.04485648985384525,0.0,0.04485648985384525,0.0,0.0,0.0,0.0,1.1350484442079312,0.27,0.06
856,0.04485648985384525,0.0,0.04485648985384525,0.0,0.0,0.0,0.0,1.1350484442079312,0.27,0.06
857,0.051634803876204,0.0,0.051634803876204,0.0,0.0,0.0,0.0,1.1350484442079312,0.27,0.06
858,0.051634803876204,0.0,0.051634803876204,0.0,0.0,0.0,0.0,1.1350484442079312,0.27,0.06
859,0.03748008930010175,0.0,0.03748008930010175,0.0,0.0,0.0,0.0,1.1350484442079312,0.27,0.06
860,0.03748008930010175,0.0,0.03748008930010175,0.0,0.0,0.0,0.0,1.1350484442079312,0.27,0.06
861,0.02791070479794825,0.0,0.02791070479794825,0.0,0.0,0.0,0.0,1.1350484442079312,0.27,0.06
862,0.02791070479794825,0.0,0.02791070479794825,0.0,0.0,0.0,0.0,1.1350484442079312,0.27,0.06
863,0.02651516955805075,0.0,0.02651516955805075,0.0,0.0,0.0,0.0,1.1350484442079312,0.27,0.06
864,0.02651516955805075,0.0,0.02651516955805075,0.0,0.0,0.0,0.0,1.1350484442079312,0.27,0.06
865,0.0181419581186663,0.0,0.0,0.0,0.0,0.0181419581186663,0.0,1.130274244703019,0.27,0.06
866,0.0181419581186663,0.0,0.0,0.0,0.0,0.0181419581186663,0.0,1.1255000451981068,0.27,0.06
867,0.0293062400378455,0.0,0.0293062400378455,0.0,0.0,0.0,0.0,1.1255000451981068,0.27,0.06
868,0.0293062400378455,0.0,0.0293062400378455,0.0,0.0,0.0,0.0,1.1255000451981068,0.27,0.06
869,0.034689018820307,0.0,0.034689018820307,0.0,0.0,0.0,0.0,1.1255000451981068,0.27,0.06
870,0.034689018820307,0.0,0.034689018820307,0.0,0.0,0.0,0.0,1.1255000451981068,0.27,0.06
871,0.03488838099743525,0.0,0.03488838099743525,0.0,0.0,0.0,0.0,1.1255000451981068,0.27,0.06
872,0.03488838099743525,0.0,0.03488838099743525,0.0,0.0,0.0,0.0,1.1255000451981068,0.27,0.06
873,0.0370813649458455,0.0,0.037081364945845685,0.0,0.0,0.0,0.0,1.1255000451981068,0.27,0.06
874,0.0370813649458455,0.0,0.0370813649458455,0.0,0.0,0.0,0.0,1.1255000451981068,0.27,0.06
875,0.028708153506461,0.0,0.02870815350646099,0.0,0.0,6.938893903907228e-18,0.0,1.1255000451981068,0.27,0.06
876,0.028708153506461,0.0,0.028708153506461,0.0,0.0,0.0,0.0,1.1255000451981068,0.27,0.06
877,0.0173445094101535,0.0,0.0,0.0,0.0,0.0173445094101535,0.0,1.1209357006164875,0.27,0.06
878,0.0173445094101535,0.0,0.0,0.0,0.0,0.0173445094101535,0.0,1.116371356034868,0.27,0.06
879,0.0312998618091275,0.0,0.0312998618091275,0.0,0.0,0.0,0.0,1.116371356034868,0.27,0.06
880,0.0312998618091275,0.0,0.0312998618091275,0.0,0.0,0.0,0.0,1.116371356034868,0.27,0.06
881,0.0271132560894355,0.0,0.0271132560894355,0.0,0.0,0.0,0.0,1.116371356034868,0.27,0.06
882,0.0271132560894355,0.0,0.0271132560894355,0.0,0.0,0.0,0.0,1.116371356034868,0.27,0.06
883,0.0271132560894355,0.0,0.0271132560894355,0.0,0.0,0.0,0.0,1.116371356034868,0.27,0.06
884,0.0271132560894355,0.0,0.0271132560894355,0.0,0.0,0.0,0.0,1.116371356034868,0.27,0.06
885,0.02990432656923025,0.0,0.02990432656923025,0.0,0.0,0.0,0.0,1.116371356034868,0.27,0.06
886,0.02990432656923025,0.0,0.02990432656923025,0.0,0.0,0.0,0.0,1.116371356034868,0.27,0.06
887,0.021531115129845724,0.0,0.021531115129845724,0.0,0.0,0.0,0.0,1.116371356034868,0.27,0.06
888,0.021531115129845724,0.0,0.021531115129845724,0.0,0.0,0.0,0.0,1.116371356034868,0.27,0.06
889,0.02252792601548675,0.0,0.02252792601548675,0.0,0.0,0.0,0.0,1.116371356034868,0.27,0.06
890,0.02252792601548675,0.0,0.02252792601548675,0.0,0.0,0.0,0.0,1.116371356034868,0.27,0.06
891,0.1323764856131255,0.0,0.1323764856131255,0.0,0.0,0.0,0.0,1.116371356034868,0.27,0.06
892,0.1323764856131255,0.0,0.1323764856131255,0.0,0.0,0.0,0.0,1.116371356034868,0.27,0.06
893,0.111044732660408,0.0,0.111044732660408,0.0,0.0,0.0,0.0,1.116371356034868,0.27,0.06
894,0.111044732660408,0.0,0.111044732660408,0.0,0.0,0.0,0.0,1.116371356034868,0.27,0.06
895,0.11224090572317726,0.0,0.11224090572317726,0.0,0.0,0.0,0.0,1.116371356034868,0.27,0.06
896,0.11224090572317726,0.0,0.11224090572317726,0.0,0.0,0.0,0.0,1.116371356034868,0.27,0.06
897,0.038676262362871,0.0035839100634991548,0.035092352299371576,0.0,0.0,0.0,0.0,1.116371356034868,0.27,0.06
898,0.038676262362871,0.008191794430855218,0.03048446793201578,0.0,0.0,0.0,0.0,1.116371356034868,0.27,0.06
899,0.076355713840101,0.010854127620883154,0.06550158621921742,0.0,0.0,0.0,0.0,1.116371356034868,0.27,0.06
900,0.076355713840101,0.013209268519754019,0.06314644532034698,0.0,0.0,0.0,0.0,1.116371356034868,0.27,0.06
901,0.041666695019794,0.015257217127467833,0.026409477892326172,0.0,0.0,0.0,0.0,1.116371356034868,0.27,0.06
902,0.041666695019794,0.01699797344402455,0.024668721575769454,0.0,0.0,0.0,0.0,1.116371356034868,0.27,0.06
903,0.03349284575753775,0.01873872976058129,0.0,0.0,0.0,0.014754115996956457,0.0,1.1124886939304057,0.27,0.06
904,0.03349284575753775,0.019865101494823883,0.0,0.0,0.0,0.013627744262713865,0.0,1.1089024454402179,0.27,0.06
905,0.03648327841446075,0.02150346038099492,0.0,0.0,0.0,0.01497981803346583,0.0,1.1049603880629901,0.27,0.06
906,0.03648327841446075,0.04126616444543312,0.0,-6.245004513516506e-17,0.004782886030972433,0.0,0.0,1.106096323495346,0.27,0.06
907,0.04186605719692225,0.07782204709312449,0.0,0.0,0.03595598989620224,0.0,0.0,1.114635871095694,0.27,0.06
908,0.04186605719692225,0.09656077685370572,0.0,0.0,0.05469471965678347,0.0,0.0,1.12762586701418,0.27,0.06
909,0.0283094291522045,0.13158069804561195,0.0,0.0,0.10327126889340746,0.0,0.0,1.1521527933763644,0.27,0.06
910,0.0283094291522045,0.1507290175277359,0.0,0.0,0.12241958837553141,0.0,0.0,1.1812274456155532,0.27,0.06
911,0.0181419581186663,0.16475746549057532,0.0,0.0,0.14661550737190904,0.0,0.0,1.2160486286163814,0.27,0.06
912,0.0181419581186663,0.1762259776937726,0.0,0.0,0.15808401957510632,0.0,0.0,1.2535935832654692,0.27,0.06
913,0.02551835867240975,0.1621975297309332,0.0,0.0,0.13667917105852345,0.0,0.0,1.2860548863918686,0.27,0.06
914,0.02551835867240975,0.1819602337953712,0.0,2.7755575615628914e-17,0.15644187512296143,0.0,0.0,1.3232098317335719,0.27,0.06
915,0.0175438715872817,0.20387328389790893,0.0,0.0,0.18632941231062722,0.0,0.0,1.3674630671573458,0.27,0.06
916,0.0175438715872817,0.20725239910063684,0.0,0.0,0.18970852751335512,0.0,0.0,1.4125188424417676,0.27,0.06
917,0.021531115129845724,0.1977294380747676,0.0,0.0,0.17619832294492185,0.0,0.0,1.4543659441411867,0.27,0.06
918,0.021531115129845724,0.1435611974007375,0.0,0.0,0.12203008227089178,0.0,0.0,1.4833480886805235,0.27,0.06
919,0.03149922398625575,0.10096386636029044,0.0,0.0,0.06946464237403469,0.0,0.0,1.4998459412443568,0.27,0.06
920,0.03149922398625575,0.07464772675116808,0.0,0.0,0.04314850276491233,0.0,0.0,1.5100937106510235,0.27,0.06
921,0.021132390775589326,0.06747990662416974,0.0,1.942890293094024e-16,0.04634751584858021,0.0,0.0,1.5211012456650612,0.27,0.06
922,0.021132390775589326,0.06983504752304069,0.0,-1.942890293094024e-16,0.048702656747451556,0.0,0.0,1.532668126642581,0.27,0.06
923,0.018341320295794526,0.07710526508042466,0.0,1.5265566588595902e-16,0.058763944784629984,0.0,0.0,1.5466245635289306,0.27,0.06
924,0.018341320295794526,0.08161075201739502,0.0,-2.0816681711721685e-16,0.06326943172160071,0.0,0.0,1.5616510535628108,0.27,0.06
925,0.02212920166123035,0.062360035104885296,0.0,2.0122792321330962e-16,0.040230833443654745,0.0,0.0,1.5712058765056787,0.27,0.06
926,0.02212920166123035,0.046078843673560556,0.0,0.0,0.023949642012330206,0.0,0.0,1.576893916483607,0.27,0.06
927,0.0173445094101535,0.03338156230573499,0.0,-5.030698080332741e-16,0.016037052895581994,0.0,0.0,1.580702716546308,0.27,0.06
928,0.0173445094101535,0.028466485647221873,0.0,-7.4593109467002705e-16,0.01112197623706912,0.0,0.0,1.5833441859026118,0.27,0.06
929,0.030701775277743,0.025087370444494075,0.0,0.0,0.0,0.005614404833248925,0.0,1.5818667109464937,0.27,0.06
930,0.030701775277743,0.022425037254466137,0.0,0.0,0.0,0.008276738023276862,0.0,1.5796886219929998,0.27,0.06
931,0.0311004996319995,0.01812434517826714,0.0,0.0,0.0,0.012976154453732361,0.0,1.5762738445051754,0.27,0.06
932,0.0311004996319995,0.012799678798211268,0.018300820833788235,0.0,0.0,0.0,0.0,1.5762738445051754,0.27,0.06
933,0.02492027214102515,0.007475012418155382,0.0,0.0,0.0,0.01744525972286977,0.0,1.5716829866833675,0.27,0.06
934,0.02492027214102515,0.0033791152027277753,0.021541156938297376,0.0,0.0,0.0,0.0,1.5716829866833675,0.27,0.06
935,0.029704964392102,0.0,0.029704964392102,0.0,0.0,0.0,0.0,1.5716829866833675,0.27,0.06
936,0.029704964392102,0.0,0.029704964392101907,0.0,0.0,0.0,0.0,1.5716829866833675,0.27,0.06
937,0.0647927075666655,0.0,0.0647927075666655,0.0,0.0,0.0,0.0,1.5716829866833675,0.27,0.06
938,0.0647927075666655,0.0,0.06479270756666544,0.0,0.0,0.0,0.0,1.5716829866833675,0.27,0.06
939,0.04226478155117875,0.0,0.04226478155117875,0.0,0.0,0.0,0.0,1.5716829866833675,0.27,0.06
940,0.04226478155117875,0.0,0.04226478155117875,0.0,0.0,0.0,0.0,1.5716829866833675,0.27,0.06
941,0.053628425647486,0.0,0.053628425647486,0.0,0.0,0.0,0.0,1.5716829866833675,0.27,0.06
942,0.053628425647486,0.0,0.053628425647486,0.0,0.0,0.0,0.0,1.5716829866833675,0.27,0.06
943,0.06658696716081924,0.0,0.06658696716081924,0.0,0.0,0.0,0.0,1.5716829866833675,0.27,0.06
944,0.06658696716081924,0.0,0.06658696716081924,0.0,0.0,0.0,0.0,1.5716829866833675,0.27,0.06
945,0.049641182104922,0.0,0.049641182104922,0.0,0.0,0.0,0.0,1.5716829866833675,0.27,0.06
946,0.049641182104922,0.0,0.049641182104922,0.0,0.0,0.0,0.0,1.5716829866833675,0.27,0.06
947,0.0500399064591785,0.0,0.0500399064591785,0.0,0.0,0.0,0.0,1.5716829866833675,0.27,0.06
948,0.0500399064591785,0.0,0.0500399064591785,0.0,0.0,0.0,0.0,1.5716829866833675,0.27,0.06
949,0.03289475922615325,0.0,0.03289475922615325,0.0,0.0,0.0,0.0,1.5716829866833675,0.27,0.06
950,0.03289475922615325,0.0,0.03289475922615325,0.0,0.0,0.0,0.0,1.5716829866833675,0.27,0.06
951,0.020534304244204726,0.0,0.020534304244204722,0.0,0.0,3.469446951953614e-18,0.0,1.5716829866833675,0.27,0.06
952,0.020534304244204726,0.0,0.020534304244204726,0.0,0.0,0.0,0.0,1.5716829866833675,0.27,0.06
953,0.02392346125538415,0.0,0.02392346125538415,0.0,0.0,0.0,0.0,1.5716829866833675,0.27,0.06
954,0.02392346125538415,0.0,0.02392346125538415,0.0,0.0,0.0,0.0,1.5716829866833675,0.27,0.06
955,0.02611644520379425,0.0,0.02611644520379425,0.0,0.0,0.0,0.0,1.5716829866833675,0.27,0.06
956,0.02611644520379425,0.0,0.02611644520379425,0.0,0.0,0.0,0.0,1.5716829866833675,0.27,0.06
957,0.03448965664317875,0.0,0.03448965664317875,0.0,0.0,0.0,0.0,1.5716829866833675,0.27,0.06
958,0.03448965664317875,0.0,0.03448965664317875,0.0,0.0,0.0,0.0,1.5716829866833675,0.27,0.06
959,0.22308627620645724,0.0,0.22308627620645724,0.0,0.0,0.0,0.0,1.5716829866833675,0.27,0.06
960,0.22308627620645724,0.0,0.22308627620645716,0.0,0.0,0.0,0.0,1.5716829866833675,0.27,0.06
961,0.114832614025844,0.0,0.114832614025844,0.0,0.0,0.0,0.0,1.5716829866833675,0.27,0.06
962,0.114832614025844,0.0,0.114832614025844,0.0,0.0,0.0,0.0,1.5716829866833675,0.27,0.06
963,0.04226478155117875,0.0,0.04226478155117875,0.0,0.0,0.0,0.0,1.5716829866833675,0.27,0.06
964,0.04226478155117875,0.0,0.04226478155117875,0.0,0.0,0.0,0.0,1.5716829866833675,0.27,0.06
965,0.035685829705948,0.0,0.035685829705948,0.0,0.0,0.0,0.0,1.5716829866833675,0.27,0.06
966,0.035685829705948,0.0,0.035685829705948,0.0,0.0,0.0,0.0,1.5716829866833675,0.27,0.06
967,0.0380781758314865,0.0,0.0380781758314865,0.0,0.0,0.0,0.0,1.5716829866833675,0.27,0.06
968,0.0380781758314865,0.0,0.0380781758314865,0.0,0.0,0.0,0.0,1.5716829866833675,0.27,0.06
969,0.03389157011179425,0.0,0.03389157011179425,0.0,0.0,0.0,0.0,1.5716829866833675,0.27,0.06
970,0.03389157011179425,0.0,0.03389157011179425,0.0,0.0,0.0,0.0,1.5716829866833675,0.27,0.06
971,0.0253189964952815,0.0,0.0253189964952815,0.0,0.0,0.0,0.0,1.5716829866833675,0.27,0.06
972,0.0253189964952815,0.0,0.0253189964952815,0.0,0.0,0.0,0.0,1.5716829866833675,0.27,0.06
973,0.032695397049025,0.0,0.032695397049025,0.0,0.0,0.0,0.0,1.5716829866833675,0.27,0.06
974,0.032695397049025,0.0,0.032695397049025,0.0,0.0,0.0,0.0,1.5716829866833675,0.27,0.06
975,0.04186605719692225,0.0,0.04186605719692249,0.0,0.0,0.0,0.0,1.5716829866833675,0.27,0.06
976,0.04186605719692225,0.0,0.04186605719692225,0.0,0.0,0.0,0.0,1.5716829866833675,0.27,0.06
977,0.02332537472399955,0.0,0.02332537472399955,0.0,0.0,0.0,0.0,1.5716829866833675,0.27,0.06
978,0.02332537472399955,0.0,0.023325374723999558,0.0,0.0,-6.938893903907228e-18,0.0,1.5716829866833675,0.27,0.06
979,0.03249603487189675,0.0,0.03249603487189675,0.0,0.0,0.0,0.0,1.5716829866833675,0.27,0.06
980,0.03249603487189675,0.0,0.03249603487189675,0.0,0.0,0.0,0.0,1.5716829866833675,0.27,0.06
981,0.02691389391230725,0.0,0.02691389391230725,0.0,0.0,0.0,0.0,1.5716829866833675,0.27,0.06
982,0.02691389391230725,0.0,0.02691389391230725,0.0,0.0,0.0,0.0,1.5716829866833675,0.27,0.06
983,0.0149521632846151,0.0,0.0149521632846151,0.0,0.0,0.0,0.0,1.5716829866833675,0.27,0.06
984,0.0149521632846151,0.0,0.0,0.0,0.0,0.0149521632846151,0.0,1.5677482068716266,0.27,0.06
985,0.02771134262082,0.0,0.02771134262082,0.0,0.0,0.0,0.0,1.5677482068716266,0.27,0.06
986,0.02771134262082,0.0,0.02771134262082,0.0,0.0,0.0,0.0,1.5677482068716266,0.27,0.06
987,0.02332537472399955,0.0,0.02332537472399955,0.0,0.0,0.0,0.0,1.5677482068716266,0.27,0.06
988,0.02332537472399955,0.0,0.02332537472399955,0.0,0.0,0.0,0.0,1.5677482068716266,0.27,0.06
989,0.110047921774767,0.0,0.110047921774767,0.0,0.0,0.0,0.0,1.5677482068716266,0.27,0.06
990,0.110047921774767,0.0,0.110047921774767,0.0,0.0,0.0,0.0,1.5677482068716266,0.27,0.06
991,0.136762453509946,0.0,0.136762453509946,0.0,0.0,0.0,0.0,1.5677482068716266,0.27,0.06
992,0.136762453509946,0.0,0.136762453509946,0.0,0.0,0.0,0.0,1.5677482068716266,0.27,0.06
993,0.0687799511092295,0.004607884367356056,0.06417206674187345,0.0,0.0,0.0,0.0,1.5677482068716266,0.27,0.06
994,0.0687799511092295,0.008396589291626589,0.06038336181760292,0.0,0.0,0.0,0.0,1.5677482068716266,0.27,0.06
995,0.1242026363508695,0.011058922481654538,0.11314371386921497,0.0,0.0,0.0,0.0,1.5677482068716266,0.27,0.06
996,0.1242026363508695,0.013721255671682477,0.11048138067918703,0.0,0.0,0.0,0.0,1.5677482068716266,0.27,0.06
997,0.0440590411453325,0.015564409418624907,0.028494631726707596,0.0,0.0,0.0,0.0,1.5677482068716266,0.27,0.06
998,0.0440590411453325,0.017305165735181625,0.02675387541015088,0.0,0.0,0.0,0.0,1.5677482068716266,0.27,0.06
999,0.0332934835804095,0.018943524621352674,0.014349958959057219,0.0,0.0,0.0,0.0,1.5677482068716266,0.27,0.06
1000,0.0332934835804095,0.020479486077138013,0.012813997503271484,0.0,0.0,0.0,0.0,1.5677482068716266,0.27,0.06
1001,0.021531115129845724,0.02252743468485183,0.0,0.0,0.000996319555006106,0.0,0.0,1.5679848327659407,0.27,0.06
1002,0.021531115129845724,0.04474767707854659,0.0,0.0,0.023216561948700868,0.0,0.0,1.5734987662287572,0.27,0.06
1003,0.0311004996319995,0.0801771879919953,0.0,-2.0816681711721685e-16,0.04907668835999601,0.0,0.0,1.585154479714256,0.27,0.06
1004,0.0311004996319995,0.09789194344871979,0.0,-2.3592239273284576e-16,0.06679144381672053,0.0,0.0,1.601017447620727,0.27,0.06
1005,0.0291068778607175,0.13086391603291217,0.0,0.0,0.10175703817219467,0.0,0.0,1.6251847441866234,0.27,0.06
1006,0.0291068778607175,0.15113860724927855,0.0,0.0,0.12203172938856105,0.0,0.0,1.6541672799164067,0.27,0.06
1007,0.019537493358563723,0.16332390146517575,0.0,0.0,0.14378640810661203,0.0,0.0,1.6883165518417271,0.27,0.06
1008,0.019537493358563723,0.17765954171917236,0.0,0.0,0.15812204836060864,0.0,0.0,1.7258705383273716,0.27,0.06
1009,0.02292665036974315,0.16404068347787565,0.0,0.0,0.1411140331081325,0.0,0.0,1.7593851211905531,0.27,0.06
1010,0.02292665036974315,0.18083386206112867,0.0,0.0,0.15790721169138552,0.0,0.0,1.7968880839672572,0.27,0.06
1011,0.0161483363473843,0.20295170702443782,0.0,0.0,0.18680337067705352,0.0,0.0,1.8412538845030573,0.27,0.06
1012,0.0161483363473843,0.20868596312603643,0.0,0.0,0.19253762677865213,0.0,0.0,1.8869815708629871,0.27,0.06
1013,0.0177432337644099,0.1986510149482388,0.0,0.0,0.18090778118382891,0.0,0.0,1.9299471688941465,0.27,0.06
1014,0.0177432337644099,0.15052422266696452,0.0,0.0,0.13278098890255463,0.0,0.0,1.9614826537585033,0.27,0.06
1015,0.0312998618091275,0.10434298156301831,0.0,0.0,0.07304311975389081,0.0,0.0,1.9788303947000523,0.27,0.06
1016,0.0312998618091275,0.0783340342450529,0.0,2.914335439641036e-16,0.047034172435925115,0.0,0.0,1.9900010106535846,0.27,0.06
1017,0.02611644520379425,0.07055182953574049,0.0,0.0,0.04443538433194624,0.0,0.0,2.000554414432422,0.27,0.06
1018,0.02611644520379425,0.07126861154844032,0.0,0.0,0.04515216634464607,0.0,0.0,2.011278053939275,0.27,0.06
1019,0.03149922398625575,0.08058677771353823,0.0,1.249000902703301e-16,0.04908755372728235,0.0,0.0,2.022936347949505,0.27,0.06
1020,0.03149922398625575,0.08263472632125189,0.0,0.0,0.05113550233499614,0.0,0.0,2.0350810297540662,0.27,0.06
1021,0.021132390775589326,0.06399839399105645,0.0,4.163336342344337e-17,0.042866003215467074,0.0,0.0,2.04526170551774,0.27,0.06
1022,0.021132390775589326,0.04833158714204573,0.0,0.0,0.027199196366456405,0.0,0.0,2.0517215146547736,0.27,0.06
1023,0.0181419581186663,0.03553190834383447,0.0,0.0,0.01738995022516817,0.0,0.0,2.055851627833251,0.27,0.06
1024,0.0181419581186663,0.0313336136980212,0.0,0.0,0.013191655579354901,0.0,0.0,2.0589846460333474,0.27,0.06
1025,0.02611644520379425,0.026930524191436503,0.0,0.0,0.000814078987642252,0.0,0.0,2.0591779897929126,0.27,0.06
1026,0.02611644520379425,0.02365380641909441,0.0024626387846998395,0.0,0.0,0.0,0.0,2.0591779897929126,0.27,0.06
1027,0.0165470607016407,0.01925071691250975,0.0,0.0,0.00270365621086905,0.0,0.0,2.059820108142994,0.27,0.06
1028,0.0165470607016407,0.013004473658982649,0.0,0.0,0.0,0.0035425870426580505,0.0,2.058887848394926,0.27,0.06
1029,0.02511963431815325,0.007884602139698145,0.017235032178455102,0.0,0.0,0.0,0.0,2.058887848394926,0.27,0.06
1030,0.02511963431815325,0.003174320341956391,0.021945313976196857,0.0,0.0,0.0,0.0,2.058887848394926,0.27,0.06
1031,0.02950560221497375,0.0,0.02950560221497375,0.0,0.0,0.0,0.0,2.058887848394926,0.27,0.06
1032,0.02950560221497375,0.0,0.02950560221497375,0.0,0.0,0.0,0.0,2.058887848394926,0.27,0.06
1033,0.02511963431815325,0.0,0.02511963431815325,0.0,0.0,0.0,0.0,2.058887848394926,0.27,0.06
1034,0.02511963431815325,0.0,0.02511963431815325,0.0,0.0,0.0,0.0,2.058887848394926,0.27,0.06
1035,0.08692190922789575,0.0,0.08692190922789575,0.0,0.0,0.0,0.0,2.058887848394926,0.27,0.06
1036,0.08692190922789575,0.0,0.08692190922789575,0.0,0.0,0.0,0.0,2.058887848394926,0.27,0.06
1037,0.04585330073948625,0.0,0.04585330073948625,0.0,0.0,0.0,0.0,2.058887848394926,0.27,0.06
1038,0.04585330073948625,0.0,0.04585330073948625,0.0,0.0,0.0,0.0,2.058887848394926,0.27,0.06
1039,0.05223289040758875,0.0,0.052232890407588745,0.0,0.0,6.938893903907228e-18,0.0,2.058887848394926,0.27,0.06
1040,0.05223289040758875,0.0,0.052232890407588745,0.0,0.0,6.938893903907228e-18,0.0,2.058887848394926,0.27,0.06
1041,0.05542268524164,0.0,0.05542268524164,0.0,0.0,0.0,0.0,2.058887848394926,0.27,0.06
1042,0.05542268524164,0.0,0.05542268524164,0.0,0.0,0.0,0.0,2.058887848394926,0.27,0.06
1043,0.04924245775066575,0.0,0.04924245775066575,0.0,0.0,0.0,0.0,2.058887848394926,0.27,0.06
1044,0.04924245775066575,0.0,0.04924245775066575,0.0,0.0,0.0,0.0,2.058887848394926,0.27,0.06
1045,0.05083735516769125,0.0,0.05083735516769125,0.0,0.0,0.0,0.0,2.058887848394926,0.27,0.06
1046,0.05083735516769125,0.0,0.05083735516769125,0.0,0.0,0.0,0.0,2.058887848394926,0.27,0.06
1047,0.07057421070338325,0.0,0.07057421070338325,0.0,0.0,0.0,0.0,2.058887848394926,0.27,0.06
1048,0.07057421070338325,0.0,0.07057421070338325,0.0,0.0,0.0,0.0,2.058887848394926,0.27,0.06
1049,0.062400361441127,0.0,0.062400361441127,0.0,0.0,0.0,0.0,2.058887848394926,0.27,0.06
1050,0.062400361441127,0.0,0.062400361441127,0.0,0.0,0.0,0.0,2.058887848394926,0.27,0.06
1051,0.07456145424594725,0.0,0.07456145424594725,0.0,0.0,0.0,0.0,2.058887848394926,0.27,0.06
1052,0.07456145424594725,0.0,0.07456145424594725,0.0,0.0,0.0,0.0,2.058887848394926,0.27,0.06
1053,0.0430622302596915,0.0,0.0430622302596915,0.0,0.0,0.0,0.0,2.058887848394926,0.27,0.06
1054,0.0430622302596915,0.0,0.0430622302596915,0.0,0.0,0.0,0.0,2.058887848394926,0.27,0.06
1055,0.09090915277045974,0.0,0.09090915277045974,0.0,0.0,0.0,0.0,2.058887848394926,0.27,0.06
1056,0.09090915277045974,0.0,0.09090915277045974,0.0,0.0,0.0,0.0,2.058887848394926,0.27,0.06
1057,0.0510367173448195,0.0,0.0510367173448195,0.0,0.0,0.0,0.0,2.058887848394926,0.27,0.06
1058,0.0510367173448195,0.0,0.0510367173448195,0.0,0.0,0.0,0.0,2.058887848394926,0.27,0.06
1059,0.1024721590438955,0.0,0.1024721590438955,0.0,0.0,0.0,0.0,2.058887848394926,0.27,0.06
1060,0.1024721590438955,0.0,0.1024721590438955,0.0,0.0,0.0,0.0,2.058887848394926,0.27,0.06
1061,0.12021539280830525,0.0,0.12021539280830525,0.0,0.0,0.0,0.0,2.058887848394926,0.27,0.06
1062,0.12021539280830525,0.0,0.12021539280830495,0.0,0.0,0.0,0.0,2.058887848394926,0.27,0.06
1063,0.02292665036974315,0.0,0.02292665036974315,0.0,0.0,0.0,0.0,2.058887848394926,0.27,0.06
1064,0.02292665036974315,0.0,0.02292665036974315,0.0,0.0,0.0,0.0,2.058887848394926,0.27,0.06
1065,0.013357265867589474,0.0,0.013357265867589474,0.0,0.0,0.0,0.0,2.058887848394926,0.27,0.06
1066,0.013357265867589474,0.0,0.013357265867589474,0.0,0.0,0.0,0.0,2.058887848394926,0.27,0.06
1067,0.02212920166123035,0.0,0.02212920166123035,0.0,0.0,0.0,0.0,2.058887848394926,0.27,0.06
1068,0.02212920166123035,0.0,0.02212920166123035,0.0,0.0,0.0,0.0,2.058887848394926,0.27,0.06
1069,0.02990432656923025,0.0,0.02990432656923025,0.0,0.0,0.0,0.0,2.058887848394926,0.27,0.06
1070,0.02990432656923025,0.0,0.02990432656923025,0.0,0.0,0.0,0.0,2.058887848394926,0.27,0.06
1071,0.02850879132933275,0.0,0.02850879132933275,0.0,0.0,0.0,0.0,2.058887848394926,0.27,0.06
1072,0.02850879132933275,0.0,0.02850879132933275,0.0,0.0,0.0,0.0,2.058887848394926,0.27,0.06
1073,0.0291068778607175,0.0,0.0291068778607175,0.0,0.0,0.0,0.0,2.058887848394926,0.27,0.06
1074,0.0291068778607175,0.0,0.0291068778607175,0.0,0.0,0.0,0.0,2.058887848394926,0.27,0.06
1075,0.02312601254687135,0.0,0.02312601254687135,0.0,0.0,0.0,0.0,2.058887848394926,0.27,0.06
1076,0.02312601254687135,0.0,0.02312601254687135,0.0,0.0,0.0,0.0,2.058887848394926,0.27,0.06
1077,0.135765642624305,0.0,0.13576564262430502,0.0,0.0,0.0,0.0,2.058887848394926,0.27,0.06
1078,0.135765642624305,0.0,0.135765642624305,0.0,0.0,0.0,0.0,2.058887848394926,0.27,0.06
1079,0.02651516955805075,0.0,0.02651516955805075,0.0,0.0,0.0,0.0,2.058887848394926,0.27,0.06
1080,0.02651516955805075,0.0,0.02651516955805075,0.0,0.0,0.0,0.0,2.058887848394926,0.27,0.06
1081,0.02192983948410215,0.0,0.02192983948410215,0.0,0.0,0.0,0.0,2.058887848394926,0.27,0.06
1082,0.02192983948410215,0.0,0.02192983948410215,0.0,0.0,0.0,0.0,2.058887848394926,0.27,0.06
1083,0.0293062400378455,0.0,0.0293062400378455,0.0,0.0,0.0,0.0,2.058887848394926,0.27,0.06
1084,0.0293062400378455,0.0,0.0293062400378455,0.0,0.0,0.0,0.0,2.058887848394926,0.27,0.06
1085,0.074362092068819,0.0,0.074362092068819,0.0,0.0,0.0,0.0,2.058887848394926,0.27,0.06
1086,0.074362092068819,0.0,0.074362092068819,0.0,0.0,0.0,0.0,2.058887848394926,0.27,0.06
1087,0.136762453509946,0.0,0.136762453509946,0.0,0.0,0.0,0.0,2.058887848394926,0.27,0.06
1088,0.136762453509946,0.0,0.136762453509946,0.0,0.0,0.0,0.0,2.058887848394926,0.27,0.06
1089,0.13755990221845876,0.004505486936970365,0.1330544152814884,0.0,0.0,0.0,0.0,2.058887848394926,0.27,0.06
1090,0.13755990221845876,0.008498986722012287,0.1290609154964466,0.0,0.0,0.0,0.0,2.058887848394926,0.27,0.06
1091,0.0954944828444085,0.0113661147728116,0.08412836807159689,0.0,0.0,0.0,0.0,2.058887848394926,0.27,0.06
1092,0.0954944828444085,0.013823653102068156,0.08167082974234034,0.0,0.0,0.0,0.0,2.058887848394926,0.27,0.06
1093,0.028708153506461,0.015666806849010572,0.013041346657450426,0.0,0.0,0.0,0.0,2.058887848394926,0.27,0.06
1094,0.028708153506461,0.017919550317495772,0.010788603188965226,0.0,0.0,0.0,0.0,2.058887848394926,0.27,0.06
1095,0.0382775380086145,0.01925071691250975,0.01902682109610475,0.0,0.0,0.0,0.0,2.058887848394926,0.27,0.06
1096,0.0382775380086145,0.02088907579868079,0.017388462209933706,0.0,0.0,0.0,0.0,2.058887848394926,0.27,0.06
1097,0.0293062400378455,0.022629832115237534,0.0,0.0,0.0,0.0066764079226079645,0.0,2.0571308989416077,0.27,0.06
1098,0.0293062400378455,0.045669253952017805,0.0,8.673617379884035e-17,0.01636301391417222,0.0,0.0,2.0610171147462237,0.27,0.06
1099,0.02252792601548675,0.07905081625775283,0.0,2.0816681711721685e-16,0.056522890242265866,0.0,0.0,2.0744413011787617,0.27,0.06
1100,0.02252792601548675,0.09953030233489074,0.0,0.0,0.07700237631940399,0.0,0.0,2.09272936555462,0.27,0.06
1101,0.02511963431815325,0.13291186464062585,0.0,0.0,0.1077922303224726,0.0,0.0,2.1183300202562076,0.27,0.06
1102,0.02511963431815325,0.15277696613544972,0.0,0.0,0.12765733181729647,0.0,0.0,2.1486486365628155,0.27,0.06
1103,0.020733666421332925,0.16526945264250395,0.0,0.0,0.14453578622117103,0.0,0.0,2.1829758857903436,0.27,0.06
1104,0.020733666421332925,0.17796673401032945,0.0,0.0,0.15723306758899652,0.0,0.0,2.22031873934273,0.27,0.06
1105,0.0149521632846151,0.16322150403478994,0.0,0.0,0.14826934075017484,0.0,0.0,2.2555327077708966,0.27,0.06
1106,0.0149521632846151,0.1803218749092005,0.0,0.0,0.1653697116245854,0.0,0.0,2.294808014281736,0.27,0.06
1107,0.02212920166123035,0.2026445147332808,0.0,0.0,0.18051531307205043,0.0,0.0,2.337680401136348,0.27,0.06
1108,0.02212920166123035,0.20960753999950774,0.0,0.0,0.18747833833827737,0.0,0.0,2.3822065064916886,0.27,0.06
1109,0.02611644520379425,0.20008457897363852,0.0,0.0,0.17396813376984427,0.0,0.0,2.4235239382620266,0.27,0.06
1110,0.02611644520379425,0.1500122355150361,0.0,0.0,0.12389579031124184,0.0,0.0,2.4529491884609467,0.27,0.06
1111,0.02312601254687135,0.10833648134806018,0.0,0.0,0.08521046880118882,0.0,0.0,2.473186674801229,0.27,0.06
1112,0.02312601254687135,0.08068917514392382,0.0,1.6653345369377348e-16,0.0575631625970523,0.0,0.0,2.4868579259180286,0.27,0.06
1113,0.02372409907825595,0.07178059870036871,0.0,-5.759281940243e-16,0.048056499622113336,0.0,0.0,2.4982713445782805,0.27,0.06
1114,0.02372409907825595,0.0723949832826829,0.0,3.95516952522712e-16,0.04867088420442656,0.0,0.0,2.5098306795768317,0.27,0.06
1115,0.02771134262082,0.08109876486546651,0.0,-5.898059818321144e-16,0.0533874222446471,0.0,0.0,2.5225101923599356,0.27,0.06
1116,0.02771134262082,0.08468267492896582,0.0,-3.95516952522712e-16,0.056971332308146216,0.0,0.0,2.5360408837831203,0.27,0.06
1117,0.03050241310061475,0.06614874002915587,0.0,1.457167719820518e-16,0.03564632692854097,0.0,0.0,2.544506886428649,0.27,0.06
1118,0.03050241310061475,0.049253164015516965,0.0,0.0,0.018750750914902213,0.0,0.0,2.548960189770938,0.27,0.06
1119,0.02272728819261495,0.035736703204605876,0.0,0.0,0.013009415011990925,0.0,0.0,2.552049925836286,0.27,0.06
1120,0.02272728819261495,0.031231216267635486,0.0,0.0,0.008503928075020536,0.0,0.0,2.5540696087541033,0.27,0.06
1121,0.0301036887463585,0.02734011391297927,0.0,0.0,0.0,0.002763574833379228,0.0,2.5533423522190035,0.27,0.06
1122,0.0301036887463585,0.02406339614063719,0.0,0.0,0.0,0.006040292605721309,0.0,2.5517528015332873,0.27,0.06
1123,0.034689018820307,0.019762704064438197,0.014926314755868801,0.0,0.0,0.0,0.0,2.5517528015332873,0.27,0.06
1124,0.034689018820307,0.013823653102068156,0.02086536571823884,0.0,0.0,0.0,0.0,2.5517528015332873,0.27,0.06
1125,0.102073434689639,0.008498986722012287,0.09357444796762593,0.0,0.0,0.0,0.0,2.5517528015332873,0.27,0.06
1126,0.102073434689639,0.0037887049242705355,0.09828472976536846,0.0,0.0,0.0,0.0,2.5517528015332873,0.27,0.06
1127,0.05223289040758875,0.0,0.05223289040758875,0.0,0.0,0.0,0.0,2.5517528015332873,0.27,0.06
1128,0.05223289040758875,0.0,0.05223289040758875,0.0,0.0,0.0,0.0,2.5517528015332873,0.27,0.06
1129,0.043660316791076,0.0,0.043660316791076,0.0,0.0,0.0,0.0,2.5517528015332873,0.27,0.06
1130,0.043660316791076,0.0,0.04366031679107601,0.0,0.0,-6.938893903907228e-18,0.0,2.5517528015332873,0.27,0.06
1131,0.0400717976027685,0.0,0.0400717976027685,0.0,0.0,0.0,0.0,2.5517528015332873,0.27,0.06
1132,0.0400717976027685,0.0,0.0400717976027685,0.0,0.0,0.0,0.0,2.5517528015332873,0.27,0.06
1133,0.05582140959589625,0.0,0.05582140959589625,0.0,0.0,0.0,0.0,2.5517528015332873,0.27,0.06
1134,0.05582140959589625,0.0,0.05582140959589625,0.0,0.0,0.0,0.0,2.5517528015332873,0.27,0.06
1135,0.05562204741876825,0.0,0.05562204741876825,0.0,0.0,0.0,0.0,2.5517528015332873,0.27,0.06
1136,0.05562204741876825,0.0,0.05562204741876825,0.0,0.0,0.0,0.0,2.5517528015332873,0.27,0.06
1137,0.045653938562358,0.0,0.045653938562358,0.0,0.0,0.0,0.0,2.5517528015332873,0.27,0.06
1138,0.045653938562358,0.0,0.045653938562358,0.0,0.0,0.0,0.0,2.5517528015332873,0.27,0.06
1139,0.02691389391230725,0.0,0.02691389391230725,0.0,0.0,0.0,0.0,2.5517528015332873,0.27,0.06
1140,0.02691389391230725,0.0,0.026913893912306364,0.0,0.0,0.0,0.0,2.5517528015332873,0.27,0.06
1141,0.0159489741702561,0.0,0.0159489741702561,0.0,0.0,0.0,0.0,2.5517528015332873,0.27,0.06
1142,0.0159489741702561,0.0,0.0159489741702561,0.0,0.0,0.0,0.0,2.5517528015332873,0.27,0.06
1143,0.0173445094101535,0.0,0.0173445094101535,0.0,0.0,0.0,0.0,2.5517528015332873,0.27,0.06
1144,0.0173445094101535,0.0,0.0173445094101535,0.0,0.0,0.0,0.0,2.5517528015332873,0.27,0.06
1145,0.018341320295794526,0.0,0.018341320295794526,0.0,0.0,0.0,0.0,2.5517528015332873,0.27,0.06
1146,0.018341320295794526,0.0,0.018341320295794526,0.0,0.0,0.0,0.0,2.5517528015332873,0.27,0.06
1147,0.0151515254617433,0.0,0.0151515254617433,0.0,0.0,0.0,0.0,2.5517528015332873,0.27,0.06
1148,0.0151515254617433,0.0,0.0151515254617433,0.0,0.0,0.0,0.0,2.5517528015332873,0.27,0.06
1149,0.08452956310235725,0.0,0.08452956310235725,0.0,0.0,0.0,0.0,2.5517528015332873,0.27,0.06
1150,0.08452956310235725,0.0,0.08452956310235725,0.0,0.0,0.0,0.0,2.5517528015332873,0.27,0.06
1151,0.2254786223319955,0.0,0.2254786223319955,0.0,0.0,0.0,0.0,2.5517528015332873,0.27,0.06
1152,0.2254786223319955,0.0,0.2254786223319955,0.0,0.0,0.0,0.0,2.5517528015332873,0.27,0.06
1153,0.08532701181087,0.0,0.08532701181087,0.0,0.0,0.0,0.0,2.5517528015332873,0.27,0.06
1154,0.08532701181087,0.0,0.08532701181087,0.0,0.0,0.0,0.0,2.5517528015332873,0.27,0.06
1155,0.11164281919179275,0.0,0.11164281919179275,0.0,0.0,0.0,0.0,2.5517528015332873,0.27,0.06
1156,0.11164281919179275,0.0,0.11164281919179275,0.0,0.0,0.0,0.0,2.5517528015332873,0.27,0.06
1157,0.072368470297537,0.0,0.072368470297537,0.0,0.0,0.0,0.0,2.5517528015332873,0.27,0.06
1158,0.072368470297537,0.0,0.072368470297537,0.0,0.0,0.0,0.0,2.5517528015332873,0.27,0.06
1159,0.03748008930010175,0.0,0.03748008930010175,0.0,0.0,0.0,0.0,2.5517528015332873,0.27,0.06
1160,0.03748008930010175,0.0,0.03748008930010175,0.0,0.0,0.0,0.0,2.5517528015332873,0.27,0.06
1161,0.02212920166123035,0.0,0.02212920166123035,0.0,0.0,0.0,0.0,2.5517528015332873,0.27,0.06
1162,0.02212920166123035,0.0,0.02212920166123035,0.0,0.0,0.0,0.0,2.5517528015332873,0.27,0.06
1163,0.0171451472330253,0.0,0.0171451472330253,0.0,0.0,0.0,0.0,2.5517528015332873,0.27,0.06
1164,0.0171451472330253,0.0,0.01714514723302507,0.0,0.0,0.0,0.0,2.5517528015332873,0.27,0.06
1165,0.021132390775589326,0.0,0.021132390775589326,0.0,0.0,0.0,0.0,2.5517528015332873,0.27,0.06
1166,0.021132390775589326,0.0,0.021132390775589326,0.0,0.0,0.0,0.0,2.5517528015332873,0.27,0.06
1167,0.0145534389303587,0.0,0.0145534389303587,0.0,0.0,0.0,0.0,2.5517528015332873,0.27,0.06
1168,0.0145534389303587,0.0,0.0145534389303587,0.0,0.0,0.0,0.0,2.5517528015332873,0.27,0.06
1169,0.07157102158902424,0.0,0.07157102158902424,0.0,0.0,0.0,0.0,2.5517528015332873,0.27,0.06
1170,0.07157102158902424,0.0,0.07157102158902424,0.0,0.0,0.0,0.0,2.5517528015332873,0.27,0.06
1171,0.1421452322924075,0.0,0.1421452322924075,0.0,0.0,0.0,0.0,2.5517528015332873,0.27,0.06
1172,0.1421452322924075,0.0,0.1421452322924075,0.0,0.0,0.0,0.0,2.5517528015332873,0.27,0.06
1173,0.095095758490152,0.0,0.095095758490152,0.0,0.0,0.0,0.0,2.5517528015332873,0.27,0.06
1174,0.095095758490152,0.0,0.095095758490152,0.0,0.0,0.0,0.0,2.5517528015332873,0.27,0.06
1175,0.044657127676717,0.0,0.044657127676717,0.0,0.0,0.0,0.0,2.5517528015332873,0.27,0.06
1176,0.044657127676717,0.0,0.044657127676717034,0.0,0.0,-3.469446951953614e-17,0.0,2.5517528015332873,0.27,0.06
1177,0.12500008505938226,0.0,0.12500008505938226,0.0,0.0,0.0,0.0,2.5517528015332873,0.27,0.06
1178,0.12500008505938226,0.0,0.12500008505938226,0.0,0.0,0.0,0.0,2.5517528015332873,0.27,0.06
1179,0.05821375572143475,0.0,0.05821375572143417,0.0,0.0,0.0,0.0,2.5517528015332873,0.27,0.06
1180,0.05821375572143475,0.0,0.05821375572143475,0.0,0.0,0.0,0.0,2.5517528015332873,0.27,0.06
1181,0.026714531735179,0.0,0.026714531735179,0.0,0.0,0.0,0.0,2.5517528015332873,0.27,0.06
1182,0.026714531735179,0.0,0.026714531735179,0.0,0.0,0.0,0.0,2.5517528015332873,0.27,0.06
1183,0.08393147657097275,0.0,0.08393147657097275,0.0,0.0,0.0,0.0,2.5517528015332873,0.27,0.06
1184,0.08393147657097275,0.0,0.08393147657097275,0.0,0.0,0.0,0.0,2.5517528015332873,0.27,0.06
1185,0.03787881365435825,0.007065422696612625,0.03081339095774563,0.0,0.0,0.0,0.0,2.5517528015332873,0.27,0.06
1186,0.03787881365435825,0.013311665950139698,0.024567147704218556,0.0,0.0,0.0,0.0,2.5517528015332873,0.27,0.06
1187,0.02751198044369175,0.016281191431324737,0.011230789012367012,0.0,0.0,0.0,0.0,2.5517528015332873,0.27,0.06
1188,0.02751198044369175,0.01802194774788146,0.009490032695810058,0.0,0.0,0.0,0.0,2.5517528015332873,0.27,0.06
1189,0.0271132560894355,0.019967498925209597,0.007145757164225903,0.0,0.0,0.0,0.0,2.5517528015332873,0.27,0.06
1190,0.0271132560894355,0.02252743468485183,0.004585821404583967,0.0,0.0,0.0,0.0,2.5517528015332873,0.27,0.06
1191,0.021531115129845724,0.025087370444494075,0.0,0.0,0.0035562553146483503,0.0,0.0,2.5525974121705164,0.27,0.06
1192,0.021531115129845724,0.026316139609122362,0.0,0.0,0.004785024479276638,0.0,0.0,2.553733855484344,0.27,0.06
1193,0.02492027214102515,0.025599357596422546,0.0,2.498001805406602e-16,0.0006790854553971465,0.0,0.0,2.553895138280001,0.27,0.06
1194,0.02492027214102515,0.047307612838188844,0.0,0.0,0.022387340697163693,0.0,0.0,2.5592121316955776,0.27,0.06
1195,0.04385967896820425,0.07966520084006698,0.0,0.0,0.03580552187186273,0.0,0.0,2.5677159431401453,0.27,0.06
1196,0.04385967896820425,0.10024708434759062,0.0,0.0,0.05638740537938637,0.0,0.0,2.5811079519177493,0.27,0.06
1197,0.019537493358563723,0.13332145436216863,0.0,0.0,0.11378396100360491,0.0,0.0,2.6081316426561054,0.27,0.06
1198,0.019537493358563723,0.15277696613544972,0.0,0.0,0.133239472776886,0.0,0.0,2.639776017440616,0.27,0.06
1199,0.03548646752881975,0.16711260638944625,0.0,0.0,0.1316261388606265,0.0,0.0,2.6710372254200148,0.27,0.06
1200,0.03548646752881975,0.18011708004842908,0.0,0.0,0.14463061251960932,0.0,0.0,2.705386995893422,0.27,0.06
1201,0.0372807271229735,0.1606615682751479,0.0,0.0,0.1233808411521744,0.0,0.0,2.7346899456670632,0.27,0.06
1202,0.0372807271229735,0.17673796484570123,0.0,0.0,0.13945723772272772,0.0,0.0,2.7678110396262112,0.27,0.06
1203,0.02551835867240975,0.19660306634052513,0.0,0.0,0.17108470766811537,0.0,0.0,2.8084436576973886,0.27,0.06
1204,0.02551835867240975,0.20653561708793697,0.0,0.0,0.1810172584155272,0.0,0.0,2.8514352565710763,0.27,0.06
1205,0.010366833210666474,0.2034636941763663,0.0,0.0,0.19309686096569983,0.0,0.0,2.89729576105043,0.27,0.06
1206,0.010366833210666474,0.14847627405925073,0.0,-2.7755575615628914e-17,0.1381094408485843,0.0,0.0,2.9300967532519686,0.27,0.06
1207,0.0167464228787689,0.10997484023423114,0.0,0.0,0.09322841735546224,0.0,0.0,2.952238502373891,0.27,0.06
1208,0.0167464228787689,0.0828395211820234,0.0,1.1102230246251565e-16,0.06609309830325438,0.0,0.0,2.967935613220914,0.27,0.06
1209,0.00937002232502545,0.07198539356114023,0.0,0.0,0.06261537123611477,0.0,0.0,2.9828067638894913,0.27,0.06
1210,0.00937002232502545,0.07096141925728328,0.0,1.457167719820518e-16,0.06159139693225768,0.0,0.0,2.9974347206609027,0.27,0.06
1211,0.012161092804820275,0.07935800854890986,0.0,0.0,0.06719691574408958,0.0,0.0,3.0133939881501237,0.27,0.06
1212,0.012161092804820275,0.08263472632125189,0.0,0.0,0.07047363351643161,0.0,0.0,3.030131476110276,0.27,0.06
1213,0.0253189964952815,0.06420318885182773,0.0,0.0,0.03888419235654623,0.0,0.0,3.039366471794956,0.27,0.06
1214,0.0253189964952815,0.04884357429397419,0.0,0.0,0.023524577798692693,0.0,0.0,3.0449535590221455,0.27,0.06
1215,0.0263158073809225,0.03614629292614859,0.0,-1.5959455978986625e-16,0.009830485545226253,0.0,0.0,3.047288299339137,0.27,0.06
1216,0.0263158073809225,0.03184560084994961,0.0,0.0,0.005529793469027114,0.0,0.0,3.048601625288031,0.27,0.06
1217,0.019537493358563723,0.02754490877375065,0.0,0.0,0.008007415415186927,0.0,0.0,3.0505033864491375,0.27,0.06
1218,0.019537493358563723,0.024472985862179934,0.0,0.0,0.004935492503616211,0.0,0.0,3.0516755659187464,0.27,0.06
1219,0.02232856383835855,0.020274691216366648,0.0,0.0,0.0,0.0020538726219919007,0.0,3.0511350731234854,0.27,0.06
1220,0.02232856383835855,0.014130845393225242,0.0,0.0,0.0,0.008197718445133307,0.0,3.0489777787958188,0.27,0.06
1221,0.0175438715872817,0.008806179013169364,0.008737692574112338,0.0,0.0,0.0,0.0,3.0489777787958188,0.27,0.06
1222,0.0175438715872817,0.004300692076198985,0.013243179511082717,0.0,0.0,0.0,0.0,3.0489777787958188,0.27,0.06
1223,0.019736855535691926,0.0,0.019736855535691926,0.0,0.0,0.0,0.0,3.0489777787958188,0.27,0.06
1224,0.019736855535691926,0.0,0.019736855535691926,0.0,0.0,0.0,0.0,3.0489777787958188,0.27,0.06
1225,0.0253189964952815,0.0,0.0253189964952815,0.0,0.0,0.0,0.0,3.0489777787958188,0.27,0.06
1226,0.0253189964952815,0.0,0.0253189964952815,0.0,0.0,0.0,0.0,3.0489777787958188,0.27,0.06
1227,0.2567784841411225,0.0,0.2567784841411225,0.0,0.0,0.0,0.0,3.0489777787958188,0.27,0.06
1228,0.2567784841411225,0.0,0.2567784841411225,0.0,0.0,0.0,0.0,3.0489777787958188,0.27,0.06
1229,0.3305424896785575,0.0,0.3305424896785575,0.0,0.0,0.0,0.0,3.0489777787958188,0.27,0.06
1230,0.3305424896785575,0.0,0.3305424896785575,0.0,0.0,0.0,0.0,3.0489777787958188,0.27,0.06
1231,0.10486450516943376,0.0,0.10486450516943376,0.0,0.0,0.0,0.0,3.0489777787958188,0.27,0.06
1232,0.10486450516943376,0.0,0.10486450516943376,0.0,0.0,0.0,0.0,3.0489777787958188,0.27,0.06
1233,0.03628391623733275,0.0,0.03628391623733275,0.0,0.0,0.0,0.0,3.0489777787958188,0.27,0.06
1234,0.03628391623733275,0.0,0.03628391623733275,0.0,0.0,0.0,0.0,3.0489777787958188,0.27,0.06
1235,0.045653938562358,0.0,0.045653938562358,0.0,0.0,0.0,0.0,3.0489777787958188,0.27,0.06
1236,0.045653938562358,0.0,0.045653938562358,0.0,0.0,0.0,0.0,3.0489777787958188,0.27,0.06
1237,0.049641182104922,0.0,0.049641182104922,0.0,0.0,0.0,0.0,3.0489777787958188,0.27,0.06
1238,0.049641182104922,0.0,0.049641182104922,0.0,0.0,0.0,0.0,3.0489777787958188,0.27,0.06
1239,0.06758377804646025,0.0,0.06758377804646025,0.0,0.0,0.0,0.0,3.0489777787958188,0.27,0.06
1240,0.06758377804646025,0.0,0.06758377804646025,0.0,0.0,0.0,0.0,3.0489777787958188,0.27,0.06
1241,0.145534389303587,0.0,0.145534389303587,0.0,0.0,0.0,0.0,3.0489777787958188,0.27,0.06
1242,0.145534389303587,0.0,0.1455343893035863,0.0,0.0,0.0,0.0,3.0489777787958188,0.27,0.06
1243,0.11762368450563875,0.0,0.11762368450563875,0.0,0.0,0.0,0.0,3.0489777787958188,0.27,0.06
1244,0.11762368450563875,0.0,0.11762368450563875,0.0,0.0,0.0,0.0,3.0489777787958188,0.27,0.06
1245,0.13197776125886926,0.0,0.13197776125886926,0.0,0.0,0.0,0.0,3.0489777787958188,0.27,0.06
1246,0.13197776125886926,0.0,0.13197776125886926,0.0,0.0,0.0,0.0,3.0489777787958188,0.27,0.06
1247,0.07994423302840875,0.0,0.07994423302840875,0.0,0.0,0.0,0.0,3.0489777787958188,0.27,0.06
1248,0.07994423302840875,0.0,0.07994423302840875,0.0,0.0,0.0,0.0,3.0489777787958188,0.27,0.06
1249,0.18939406827179125,0.0,0.18939406827179125,0.0,0.0,0.0,0.0,3.0489777787958188,0.27,0.06
1250,0.18939406827179125,0.0,0.18939406827179125,0.0,0.0,0.0,0.0,3.0489777787958188,0.27,0.06
1251,0.0610048262012295,0.0,0.0610048262012295,0.0,0.0,0.0,0.0,3.0489777787958188,0.27,0.06
1252,0.0610048262012295,0.0,0.0610048262012295,0.0,0.0,0.0,0.0,3.0489777787958188,0.27,0.06
1253,0.0610048262012295,0.0,0.0610048262012295,0.0,0.0,0.0,0.0,3.0489777787958188,0.27,0.06
1254,0.0610048262012295,0.0,0.0610048262012295,0.0,0.0,0.0,0.0,3.0489777787958188,0.27,0.06
1255,0.150518443731792,0.0,0.150518443731792,0.0,0.0,0.0,0.0,3.0489777787958188,0.27,0.06
1256,0.150518443731792,0.0,0.150518443731792,0.0,0.0,0.0,0.0,3.0489777787958188,0.27,0.06
1257,0.04545457638523,0.0,0.04545457638523,0.0,0.0,0.0,0.0,3.0489777787958188,0.27,0.06
1258,0.04545457638523,0.0,0.04545457638523,0.0,0.0,0.0,0.0,3.0489777787958188,0.27,0.06
1259,0.03189794834051225,0.0,0.03189794834051225,0.0,0.0,0.0,0.0,3.0489777787958188,0.27,0.06
1260,0.03189794834051225,0.0,0.03189794834051225,0.0,0.0,0.0,0.0,3.0489777787958188,0.27,0.06
1261,0.02392346125538415,0.0,0.02392346125538415,0.0,0.0,0.0,0.0,3.0489777787958188,0.27,0.06
1262,0.02392346125538415,0.0,0.02392346125538415,0.0,0.0,0.0,0.0,3.0489777787958188,0.27,0.06
1263,0.03189794834051225,0.0,0.03189794834051225,0.0,0.0,0.0,0.0,3.0489777787958188,0.27,0.06
1264,0.03189794834051225,0.0,0.03189794834051263,0.0,0.0,0.0,0.0,3.0489777787958188,0.27,0.06
1265,0.0312998618091275,0.0,0.0312998618091275,0.0,0.0,0.0,0.0,3.0489777787958188,0.27,0.06
1266,0.0312998618091275,0.0,0.031299861809127805,0.0,0.0,0.0,0.0,3.0489777787958188,0.27,0.06
1267,0.04126797066553775,0.0,0.04126797066553775,0.0,0.0,0.0,0.0,3.0489777787958188,0.27,0.06
1268,0.04126797066553775,0.0,0.04126797066553775,0.0,0.0,0.0,0.0,3.0489777787958188,0.27,0.06
1269,0.02771134262082,0.0,0.02771134262082,0.0,0.0,0.0,0.0,3.0489777787958188,0.27,0.06
1270,0.02771134262082,0.0,0.02771134262082,0.0,0.0,0.0,0.0,3.0489777787958188,0.27,0.06
1271,0.02691389391230725,0.0,0.02691389391230725,0.0,0.0,0.0,0.0,3.0489777787958188,0.27,0.06
1272,0.02691389391230725,0.0,0.02691389391230725,0.0,0.0,0.0,0.0,3.0489777787958188,0.27,0.06
1273,0.02412282343251235,0.0,0.02412282343251235,0.0,0.0,0.0,0.0,3.0489777787958188,0.27,0.06
1274,0.02412282343251235,0.0,0.02412282343251235,0.0,0.0,0.0,0.0,3.0489777787958188,0.27,0.06
1275,0.04246414372830675,0.0,0.04246414372830675,0.0,0.0,0.0,0.0,3.0489777787958188,0.27,0.06
1276,0.04246414372830675,0.0,0.04246414372830675,0.0,0.0,0.0,0.0,3.0489777787958188,0.27,0.06
1277,0.1688597640275865,0.0,0.1688597640275865,0.0,0.0,0.0,0.0,3.0489777787958188,0.27,0.06
1278,0.1688597640275865,0.0,0.1688597640275865,0.0,0.0,0.0,0.0,3.0489777787958188,0.27,0.06
1279,0.11423452749445925,0.0,0.11423452749445925,0.0,0.0,0.0,0.0,3.0489777787958188,0.27,0.06
1280,0.11423452749445925,0.0,0.11423452749445925,0.0,0.0,0.0,0.0,3.0489777787958188,0.27,0.06
1281,0.108054300003485,0.006041448392755716,0.10201285161072927,0.0,0.0,0.0,0.0,3.0489777787958188,0.27,0.06
1282,0.108054300003485,0.010239743038569019,0.09781455696491598,0.0,0.0,0.0,0.0,3.0489777787958188,0.27,0.06
1283,0.0629984479725115,0.013414063380525403,0.049584384591986094,0.0,0.0,0.0,0.0,3.0489777787958188,0.27,0.06
1284,0.0629984479725115,0.01607639657055335,0.046922051401958154,0.0,0.0,0.0,0.0,3.0489777787958188,0.27,0.06
1285,0.1224083767567155,0.01904592205173835,0.10336245470497715,0.0,0.0,0.0,0.0,3.0489777787958188,0.27,0.06
1286,0.1224083767567155,0.022629832115237534,0.09977854464147796,0.0,0.0,0.0,0.0,3.0489777787958188,0.27,0.06
1287,0.0312998618091275,0.025496960166036843,0.0,0.0,0.0,0.005802901643090656,0.0,3.0474506994160584,0.27,0.06
1288,0.0312998618091275,0.02734011391297927,0.0,0.0,0.0,0.003959747896148228,0.0,3.046408660496019,0.27,0.06
1289,0.0291068778607175,0.030719229115707056,0.0,1.3877787807814457e-17,0.0016123512549895413,0.0,0.0,3.046791593919079,0.27,0.06
1290,0.0291068778607175,0.048945971724359875,0.0,0.0,0.019839093863642375,0.0,0.0,3.0515033787116943,0.27,0.06
1291,0.02751198044369175,0.08447788006819432,0.0,-2.5673907444456745e-16,0.056965899624502825,0.0,0.0,3.0650327798725137,0.27,0.06
1292,0.02751198044369175,0.10465017385417542,0.0,0.0,0.07713819341048367,0.0,0.0,3.0833531008075035,0.27,0.06
1293,0.0169457850558971,0.13342385179255428,0.0,0.0,0.11647806673665718,0.0,0.0,3.1110166416574594,0.27,0.06
1294,0.0169457850558971,0.15349374814814948,0.0,0.0,0.13654796309225237,0.0,0.0,3.1434467828918695,0.27,0.06
1295,0.0179425959415381,0.16414308090826113,0.0,0.0,0.14620048496672303,0.0,0.0,3.178169398071466,0.27,0.06
1296,0.0179425959415381,0.1746900162379872,0.0,0.0,0.15674742029644909,0.0,0.0,3.2153969103918727,0.27,0.06
1297,0.02472090996389695,0.15984238883206234,0.0,0.0,0.1351214788681654,0.0,0.0,3.247488261623062,0.27,0.06
1298,0.02472090996389695,0.1721300804783452,0.0,0.0,0.14740917051444824,0.0,0.0,3.2824979396202436,0.27,0.06
1299,0.0151515254617433,0.19291675884664033,0.0,0.0,0.17776523338489703,0.0,0.0,3.3247171825491564,0.27,0.06
1300,0.0151515254617433,0.2023373224421238,0.0,0.0,0.1871857969803805,0.0,0.0,3.369173809331997,0.27,0.06
1301,0.02771134262082,0.20069896355595268,0.0,0.0,0.17298762093513267,0.0,0.0,3.4102583693040915,0.27,0.06
1302,0.02771134262082,0.15195778669236418,0.0,0.0,0.12424644407154417,0.0,0.0,3.439766899771083,0.27,0.06
1303,0.03748008930010175,0.11079401967731663,0.0,0.0,0.07331393037721487,0.0,0.0,3.4571789582356716,0.27,0.06
1304,0.03748008930010175,0.08734500811899373,0.0,-4.510281037539698e-16,0.049864918818892434,0.0,0.0,3.4690218764551584,0.27,0.06
1305,0.03050241310061475,0.07751485480196746,0.0,-6.175615574477433e-16,0.047012441701353325,0.0,0.0,3.4801873313592298,0.27,0.06
1306,0.03050241310061475,0.07475012418155383,0.0,5.759281940243e-16,0.0442477110809385,0.0,0.0,3.4906961627409525,0.27,0.06
1307,0.020135579889948324,0.08099636743508098,0.0,-3.608224830031759e-16,0.06086078754513302,0.0,0.0,3.5051505997829215,0.27,0.06
1308,0.020135579889948324,0.08345390576433744,0.0,-3.469446951953614e-16,0.06331832587438946,0.0,0.0,3.520188702178089,0.27,0.06
1309,0.02412282343251235,0.06532956058607034,0.0,0.0,0.04120673715355799,0.0,0.0,3.5299753022520592,0.27,0.06
1310,0.02412282343251235,0.0478195999901173,0.0,0.0,0.023696776557604948,0.0,0.0,3.5356032866844904,0.27,0.06
1311,0.019936217712820125,0.038194241533862444,0.0,0.0,0.01825802382104232,0.0,0.0,3.539939567341988,0.27,0.06
1312,0.019936217712820125,0.03338156230573499,0.0,0.0,0.013445344592914864,0.0,0.0,3.543132836682805,0.27,0.06
1313,0.0175438715872817,0.029183267659921686,0.0,0.0,0.011639396072639984,0.0,0.0,3.5458971932500574,0.27,0.06
1314,0.0175438715872817,0.025599357596422546,0.0,2.1163626406917047e-16,0.008055486009140633,0.0,0.0,3.547810371177228,0.27,0.06
1315,0.02212920166123035,0.021093870659452157,0.0010353310017781926,0.0,0.0,0.0,0.0,3.547810371177228,0.27,0.06
1316,0.02212920166123035,0.014233242823610945,0.007895958837618622,0.0,0.0,0.0,0.0,3.547810371177228,0.27,0.06
1317,0.0283094291522045,0.008396589291626589,0.01991283986057791,0.0,0.0,0.0,0.0,3.547810371177228,0.27,0.06
1318,0.0283094291522045,0.003993499785041914,0.024315929367162425,0.0,0.0,0.0,0.0,3.547810371177228,0.27,0.06
1319,0.02292665036974315,0.0001023974303856902,0.02282425293935746,0.0,0.0,0.0,0.0,3.547810371177228,0.27,0.06
1320,0.02292665036974315,0.0,0.02292665036974315,0.0,0.0,0.0,0.0,3.547810371177228,0.27,0.06
1321,0.285287275470455,0.0,0.285287275470455,0.0,0.0,0.0,0.0,3.547810371177228,0.27,0.06
1322,0.285287275470455,0.0,0.285287275470455,0.0,0.0,0.0,0.0,3.547810371177228,0.27,0.06
1323,0.05223289040758875,0.0,0.05223289040758875,0.0,0.0,0.0,0.0,3.547810371177228,0.27,0.06
1324,0.05223289040758875,0.0,0.05223289040758875,0.0,0.0,0.0,0.0,3.547810371177228,0.27,0.06
1325,0.04326159243681975,0.0,0.04326159243681975,0.0,0.0,0.0,0.0,3.547810371177228,0.27,0.06
1326,0.04326159243681975,0.0,0.04326159243681975,0.0,0.0,0.0,0.0,3.547810371177228,0.27,0.06
1327,0.04764756033364,0.0,0.04764756033364,0.0,0.0,0.0,0.0,3.547810371177228,0.27,0.06
1328,0.04764756033364,0.0,0.04764756033364,0.0,0.0,0.0,0.0,3.547810371177228,0.27,0.06
1329,0.05522332306451175,0.0,0.05522332306451175,0.0,0.0,0.0,0.0,3.547810371177228,0.27,0.06
1330,0.05522332306451175,0.0,0.05522332306451175,0.0,0.0,0.0,0.0,3.547810371177228,0.27,0.06
1331,0.04685011162512725,0.0,0.04685011162512725,0.0,0.0,0.0,0.0,3.547810371177228,0.27,0.06
1332,0.04685011162512725,0.0,0.04685011162512725,0.0,0.0,0.0,0.0,3.547810371177228,0.27,0.06
1333,0.039673073248512,0.0,0.039673073248512,0.0,0.0,0.0,0.0,3.547810371177228,0.27,0.06
1334,0.039673073248512,0.0,0.039673073248512,0.0,0.0,0.0,0.0,3.547810371177228,0.27,0.06
1335,0.0263158073809225,0.0,0.0263158073809225,0.0,0.0,0.0,0.0,3.547810371177228,0.27,0.06
1336,0.0263158073809225,0.0,0.0263158073809225,0.0,0.0,0.0,0.0,3.547810371177228,0.27,0.06
1337,0.020534304244204726,0.0,0.020534304244204726,0.0,0.0,0.0,0.0,3.547810371177228,0.27,0.06
1338,0.020534304244204726,0.0,0.020534304244204726,0.0,0.0,0.0,0.0,3.547810371177228,0.27,0.06
1339,0.0153508876388715,0.0,0.0153508876388715,0.0,0.0,0.0,0.0,3.547810371177228,0.27,0.06
1340,0.0153508876388715,0.0,0.0153508876388715,0.0,0.0,0.0,0.0,3.547810371177228,0.27,0.06
1341,0.0867225470507675,0.0,0.0867225470507675,0.0,0.0,0.0,0.0,3.547810371177228,0.27,0.06
1342,0.0867225470507675,0.0,0.0867225470507675,0.0,0.0,0.0,0.0,3.547810371177228,0.27,0.06
1343,0.0372807271229735,0.0,0.0372807271229735,0.0,0.0,0.0,0.0,3.547810371177228,0.27,0.06
1344,0.0372807271229735,0.0,0.037280727122974255,0.0,0.0,0.0,0.0,3.547810371177228,0.27,0.06
1345,0.02332537472399955,0.0,0.02332537472399955,0.0,0.0,0.0,0.0,3.547810371177228,0.27,0.06
1346,0.02332537472399955,0.0,0.02332537472399955,0.0,0.0,0.0,0.0,3.547810371177228,0.27,0.06
1347,0.02252792601548675,0.0,0.02252792601548675,0.0,0.0,0.0,0.0,3.547810371177228,0.27,0.06
1348,0.02252792601548675,0.0,0.02252792601548675,0.0,0.0,0.0,0.0,3.547810371177228,0.27,0.06
1349,0.019537493358563723,0.0,0.019537493358563723,0.0,0.0,0.0,0.0,3.547810371177228,0.27,0.06
1350,0.019537493358563723,0.0,0.019537493358563723,0.0,0.0,0.0,0.0,3.547810371177228,0.27,0.06
1351,0.0151515254617433,0.0,0.0151515254617433,0.0,0.0,0.0,0.0,3.547810371177228,0.27,0.06
1352,0.0151515254617433,0.0,0.0151515254617433,0.0,0.0,0.0,0.0,3.547810371177228,0.27,0.06
1353,0.0173445094101535,0.0,0.0173445094101535,0.0,0.0,0.0,0.0,3.547810371177228,0.27,0.06
1354,0.0173445094101535,0.0,0.0173445094101535,0.0,0.0,0.0,0.0,3.547810371177228,0.27,0.06
1355,0.0301036887463585,0.0,0.0301036887463585,0.0,0.0,0.0,0.0,3.547810371177228,0.27,0.06
1356,0.0301036887463585,0.0,0.0301036887463585,0.0,0.0,0.0,0.0,3.547810371177228,0.27,0.06
1357,0.0311004996319995,0.0,0.0311004996319995,0.0,0.0,0.0,0.0,3.547810371177228,0.27,0.06
1358,0.0311004996319995,0.0,0.031100499631999505,0.0,0.0,-3.469446951953614e-18,0.0,3.547810371177228,0.27,0.06
1359,0.02511963431815325,0.0,0.02511963431815325,0.0,0.0,0.0,0.0,3.547810371177228,0.27,0.06
1360,0.02511963431815325,0.0,0.02511963431815325,0.0,0.0,0.0,0.0,3.547810371177228,0.27,0.06
1361,0.04485648985384525,0.0,0.04485648985384525,0.0,0.0,0.0,0.0,3.547810371177228,0.27,0.06
1362,0.04485648985384525,0.0,0.04485648985384525,0.0,0.0,0.0,0.0,3.547810371177228,0.27,0.06
1363,0.0600080153155885,0.0,0.0600080153155885,0.0,0.0,0.0,0.0,3.547810371177228,0.27,0.06
1364,0.0600080153155885,0.0,0.0600080153155885,0.0,0.0,0.0,0.0,3.547810371177228,0.27,0.06
1365,0.046650749447999,0.0,0.046650749447999,0.0,0.0,0.0,0.0,3.547810371177228,0.27,0.06
1366,0.046650749447999,0.0,0.04665074944799841,0.0,0.0,0.0,0.0,3.547810371177228,0.27,0.06
1367,0.1034689699295365,0.0,0.1034689699295365,0.0,0.0,0.0,0.0,3.547810371177228,0.27,0.06
1368,0.1034689699295365,0.0,0.1034689699295365,0.0,0.0,0.0,0.0,3.547810371177228,0.27,0.06
1369,0.1283892420705615,0.0,0.1283892420705615,0.0,0.0,0.0,0.0,3.547810371177228,0.27,0.06
1370,0.1283892420705615,0.0,0.12838924207056146,0.0,0.0,2.7755575615628914e-17,0.0,3.547810371177228,0.27,0.06
1371,0.0777512490799985,0.0,0.07775124907999853,0.0,0.0,-2.7755575615628914e-17,0.0,3.547810371177228,0.27,0.06
1372,0.0777512490799985,0.0,0.0777512490799985,0.0,0.0,0.0,0.0,3.547810371177228,0.27,0.06
1373,0.04346095461394775,0.0,0.04346095461394775,0.0,0.0,0.0,0.0,3.547810371177228,0.27,0.06
1374,0.04346095461394775,0.0,0.04346095461394775,0.0,0.0,0.0,0.0,3.547810371177228,0.27,0.06
1375,0.18700172214625274,0.0,0.18700172214625274,0.0,0.0,0.0,0.0,3.547810371177228,0.27,0.06
1376,0.18700172214625274,0.0,0.18700172214625274,0.0,0.0,0.0,0.0,3.547810371177228,0.27,0.06
1377,0.1056619538779465,0.004710281797741744,0.10095167208020475,0.0,0.0,0.0,0.0,3.547810371177228,0.27,0.06
1378,0.1056619538779465,0.008498986722012287,0.09716296715593421,0.0,0.0,0.0,0.0,3.547810371177228,0.27,0.06
1379,0.1253988094136385,0.013618858241296796,0.11177995117234119,0.0,0.0,0.0,0.0,3.547810371177228,0.27,0.06
1380,0.1253988094136385,0.019557909203666807,0.10584090020997171,0.0,0.0,0.0,0.0,3.547810371177228,0.27,0.06
1381,0.05322970129322975,0.02365380641909441,0.029575894874135145,0.0,0.0,0.0,0.0,3.547810371177228,0.27,0.06
1382,0.05322970129322975,0.029797652242235854,0.023432049050993897,0.0,0.0,0.0,0.0,3.547810371177228,0.27,0.06
1383,0.157496119931279,0.0344055366095919,0.1230905833216871,0.0,0.0,0.0,0.0,3.547810371177228,0.27,0.06
1384,0.157496119931279,0.03563430577422017,0.12186181415705882,0.0,0.0,0.0,0.0,3.547810371177228,0.27,0.06
1385,0.08094104391404976,0.03532711348306309,0.04561393043098667,0.0,0.0,0.0,0.0,3.547810371177228,0.27,0.06
1386,0.08094104391404976,0.054782625256344246,0.02615841865770551,0.0,0.0,0.0,0.0,3.547810371177228,0.27,0.06
1387,0.088118082290665,0.08611623895436533,0.0,0.0,0.0,0.002001843336299672,0.0,3.5472835702992547,0.27,0.06
1388,0.088118082290665,0.10413818670224703,0.0,0.0,0.016020104411582026,0.0,0.0,3.551088345097005,0.27,0.06
1389,0.02791070479794825,0.1258464419440132,0.0,0.0,0.09793573714606496,0.0,0.0,3.574348082669196,0.27,0.06
1390,0.02791070479794825,0.16526945264250395,0.0,0.0,0.1373587478445557,0.0,0.0,3.606970785282278,0.27,0.06
1391,0.63915515980923,0.1749972085291444,0.4641579512800856,0.0,0.0,0.0,0.0,3.606970785282278,0.27,0.06
1392,0.63915515980923,0.18421297726385652,0.45494218254537344,0.0,0.0,0.0,0.0,3.606970785282278,0.27,0.06
1393,0.6596894441172175,0.1734612470733591,0.48622819704385845,0.0,0.0,0.0,0.0,3.606970785282278,0.27,0.06
1394,0.6596894441172175,0.18984483593506948,0.46984460818214835,0.0,0.0,0.0,0.0,3.606970785282278,0.27,0.06
1395,0.6957739981774225,0.2012109507078811,0.4945630474695414,0.0,0.0,0.0,0.0,3.606970785282278,0.27,0.06
1396,0.6957739981774225,0.2058188350752369,0.48995516310218556,0.0,0.0,0.0,0.0,3.606970785282278,0.27,0.06
1397,0.70813445315937,0.2023373224421238,0.5057971307172462,0.0,0.0,0.0,0.0,3.606970785282278,0.27,0.06
1398,0.70813445315937,0.14990983808465036,0.5582246150747197,0.0,0.0,0.0,0.0,3.606970785282278,0.27,0.06
1399,0.679825043943385,0.12553924965285607,0.554285794290529,0.0,0.0,0.0,0.0,3.606970785282278,0.27,0.06
1400,0.679825043943385,0.09369364880290651,0.5861313951404785,0.0,0.0,0.0,0.0,3.606970785282278,0.27,0.06
1401,0.7204949280775375,0.08611623895436533,0.6343786891231721,0.0,0.0,0.0,0.0,3.606970785282278,0.27,0.06
1402,0.7204949280775375,0.08642343124552249,0.6340714968320149,0.0,0.0,0.0,0.0,3.606970785282278,0.27,0.06
1403,0.7384375040828575,0.1006566740691334,0.6377808300137241,0.0,0.0,0.0,0.0,3.606970785282278,0.27,0.06
1404,0.7384375040828575,0.0828395211820234,0.655597982900834,0.0,0.0,0.0,0.0,3.606970785282278,0.27,0.06
1405,0.4918264909752725,0.08027958542238106,0.41154690555289086,0.0,0.0,0.0,0.0,3.606970785282278,0.27,0.06
1406,0.4918264909752725,0.07055182953574049,0.42127466143953196,0.0,0.0,0.0,0.0,3.606970785282278,0.27,0.06
1407,0.5135569682822475,0.06061927878832853,0.4529376894939183,0.0,0.0,0.0,0.0,3.606970785282278,0.27,0.06
1408,0.5135569682822475,0.05130111262323076,0.4622558556590167,0.0,0.0,0.0,0.0,3.606970785282278,0.27,0.06
1409,0.511563346510965,0.04822918971166008,0.46333415679930495,0.0,0.0,0.0,0.0,3.606970785282278,0.27,0.06
1410,0.511563346510965,0.029080870229536,0.48248247628142904,0.0,0.0,0.0,0.0,3.606970785282278,0.27,0.06
1411,0.4623208887602975,0.02068428093790942,0.44163660782238806,0.0,0.0,0.0,0.0,3.606970785282278,0.27,0.06
1412,0.4623208887602975,0.017817152887110083,0.44450373587318737,0.0,0.0,0.0,0.0,3.606970785282278,0.27,0.06
1413,0.51754421182481,0.009420563595483484,0.5081236482293265,0.0,0.0,0.0,0.0,3.606970785282278,0.27,0.06
1414,0.51754421182481,0.0037887049242705355,0.5137555069005395,0.0,0.0,0.0,0.0,3.606970785282278,0.27,0.06
1415,0.4621215465193875,0.0,0.4621215465193875,0.0,0.0,0.0,0.0,3.606970785282278,0.27,0.06
1416,0.4621215465193875,0.0,0.4621215465193875,0.0,0.0,0.0,0.0,3.606970785282278,0.27,0.06
1417,0.360646178424915,0.0,0.360646178424915,0.0,0.0,0.0,0.0,3.606970785282278,0.27,0.06
1418,0.360646178424915,0.0,0.360646178424915,0.0,0.0,0.0,0.0,3.606970785282278,0.27,0.06
1419,0.031698586163384,0.0,0.031698586163384,0.0,0.0,0.0,0.0,3.606970785282278,0.27,0.06
1420,0.031698586163384,0.0,0.031698586163384,0.0,0.0,0.0,0.0,3.606970785282278,0.27,0.06
1421,0.0322966726947685,0.0,0.0322966726947685,0.0,0.0,0.0,0.0,3.606970785282278,0.27,0.06
1422,0.0322966726947685,0.0,0.0322966726947685,0.0,0.0,0.0,0.0,3.606970785282278,0.27,0.06
1423,0.0490430955735375,0.0,0.0490430955735375,0.0,0.0,0.0,0.0,3.606970785282278,0.27,0.06
1424,0.0490430955735375,0.0,0.0490430955735375,0.0,0.0,0.0,0.0,3.606970785282278,0.27,0.06
1425,0.04884373339640925,0.0,0.04884373339640925,0.0,0.0,0.0,0.0,3.606970785282278,0.27,0.06
1426,0.04884373339640925,0.0,0.04884373339640925,0.0,0.0,0.0,0.0,3.606970785282278,0.27,0.06
1427,0.04086924631128125,0.0,0.04086924631128125,0.0,0.0,0.0,0.0,3.606970785282278,0.27,0.06
1428,0.04086924631128125,0.0,0.04086924631128125,0.0,0.0,0.0,0.0,3.606970785282278,0.27,0.06
1429,0.05661885830440925,0.0,0.05661885830440925,0.0,0.0,0.0,0.0,3.606970785282278,0.27,0.06
1430,0.05661885830440925,0.0,0.05661885830440925,0.0,0.0,0.0,0.0,3.606970785282278,0.27,0.06
1431,0.106060678232203,0.0,0.106060678232203,0.0,0.0,0.0,0.0,3.606970785282278,0.27,0.06
1432,0.106060678232203,0.0,0.106060678232203,0.0,0.0,0.0,0.0,3.606970785282278,0.27,0.06
1433,0.0350877431745635,0.0,0.0350877431745635,0.0,0.0,0.0,0.0,3.606970785282278,0.27,0.06
1434,0.0350877431745635,0.0,0.0350877431745635,0.0,0.0,0.0,0.0,3.606970785282278,0.27,0.06
1435,0.029704964392102,0.0,0.029704964392102,0.0,0.0,0.0,0.0,3.606970785282278,0.27,0.06
1436,0.029704964392102,0.0,0.029704964392102,0.0,0.0,0.0,0.0,3.606970785282278,0.27,0.06
1437,0.02232856383835855,0.0,0.02232856383835855,0.0,0.0,0.0,0.0,3.606970785282278,0.27,0.06
1438,0.02232856383835855,0.0,0.02232856383835855,0.0,0.0,0.0,0.0,3.606970785282278,0.27,0.06
1439,0.0149521632846151,0.0,0.0149521632846151,0.0,0.0,0.0,0.0,3.606970785282278,0.27,0.06
1440,0.0149521632846151,0.0,0.0149521632846151,0.0,0.0,0.0,0.0,3.606970785282278,0.27,0.06
1441,0.02192983948410215,0.0,0.02192983948410215,0.0,0.0,0.0,0.0,3.606970785282278,0.27,0.06
1442,0.02192983948410215,0.0,0.02192983948410215,0.0,0.0,0.0,0.0,3.606970785282278,0.27,0.06
1443,0.02551835867240975,0.0,0.02551835867240975,0.0,0.0,0.0,0.0,3.606970785282278,0.27,0.06
1444,0.02551835867240975,0.0,0.02551835867240975,0.0,0.0,0.0,0.0,3.606970785282278,0.27,0.06
1445,0.02292665036974315,0.0,0.02292665036974315,0.0,0.0,0.0,0.0,3.606970785282278,0.27,0.06
1446,0.02292665036974315,0.0,0.02292665036974315,0.0,0.0,0.0,0.0,3.606970785282278,0.27,0.06
1447,0.0263158073809225,0.0,0.0263158073809225,0.0,0.0,0.0,0.0,3.606970785282278,0.27,0.06
1448,0.0263158073809225,0.0,0.0263158073809225,0.0,0.0,0.0,0.0,3.606970785282278,0.27,0.06
1449,0.0155502498159997,0.0,0.0155502498159997,0.0,0.0,0.0,0.0,3.606970785282278,0.27,0.06
1450,0.0155502498159997,0.0,0.0155502498159997,0.0,0.0,0.0,0.0,3.606970785282278,0.27,0.06
1451,0.0165470607016407,0.0,0.0165470607016407,0.0,0.0,0.0,0.0,3.606970785282278,0.27,0.06
1452,0.0165470607016407,0.0,0.0165470607016407,0.0,0.0,0.0,0.0,3.606970785282278,0.27,0.06
1453,0.0283094291522045,0.0,0.0283094291522045,0.0,0.0,0.0,0.0,3.606970785282278,0.27,0.06
1454,0.0283094291522045,0.0,0.0283094291522045,0.0,0.0,0.0,0.0,3.606970785282278,0.27,0.06
1455,0.057416307012922,0.0,0.057416307012922,0.0,0.0,0.0,0.0,3.606970785282278,0.27,0.06
1456,0.057416307012922,0.0,0.057416307012922,0.0,0.0,0.0,0.0,3.606970785282278,0.27,0.06
1457,0.050438630813435,0.0,0.050438630813435,0.0,0.0,0.0,0.0,3.606970785282278,0.27,0.06
1458,0.050438630813435,0.0,0.050438630813435,0.0,0.0,0.0,0.0,3.606970785282278,0.27,0.06
1459,0.081140406091178,0.0,0.08114040609117798,0.0,0.0,1.3877787807814457e-17,0.0,3.606970785282278,0.27,0.06
1460,0.081140406091178,0.0,0.081140406091178,0.0,0.0,0.0,0.0,3.606970785282278,0.27,0.06
1461,0.04286286808256325,0.0,0.04286286808256325,0.0,0.0,0.0,0.0,3.606970785282278,0.27,0.06
1462,0.04286286808256325,0.0,0.04286286808256325,0.0,0.0,0.0,0.0,3.606970785282278,0.27,0.06
1463,0.046650749447999,0.0,0.046650749447999,0.0,0.0,0.0,0.0,3.606970785282278,0.27,0.06
1464,0.046650749447999,0.0,0.046650749447999,0.0,0.0,0.0,0.0,3.606970785282278,0.27,0.06
1465,0.06180227490974225,0.0,0.06180227490974225,0.0,0.0,0.0,0.0,3.606970785282278,0.27,0.06
1466,0.06180227490974225,0.0,0.06180227490974225,0.0,0.0,0.0,0.0,3.606970785282278,0.27,0.06
1467,0.042663505905435,0.0,0.042663505905435,0.0,0.0,0.0,0.0,3.606970785282278,0.27,0.06
1468,0.042663505905435,0.0,0.04266350590543588,0.0,0.0,0.0,0.0,3.606970785282278,0.27,0.06
1469,0.1034689699295365,0.0,0.1034689699295365,0.0,0.0,0.0,0.0,3.606970785282278,0.27,0.06
1470,0.1034689699295365,0.0,0.1034689699295365,0.0,0.0,0.0,0.0,3.606970785282278,0.27,0.06
1471,0.05283097693897325,0.0,0.05283097693897325,0.0,0.0,0.0,0.0,3.606970785282278,0.27,0.06
1472,0.05283097693897325,0.0,0.05283097693897325,0.0,0.0,0.0,0.0,3.606970785282278,0.27,0.06
1473,0.03588519188307625,0.0,0.03588519188307625,0.0,0.0,0.0,0.0,3.606970785282278,0.27,0.06
1474,0.03588519188307625,0.0,0.03588519188307625,0.0,0.0,0.0,0.0,3.606970785282278,0.27,0.06
1475,0.03787881365435825,0.006041448392755716,0.03183736526160254,0.0,0.0,0.0,0.0,3.606970785282278,0.27,0.06
1476,0.03787881365435825,0.009830153317026255,0.028048660337332,0.0,0.0,0.0,0.0,3.606970785282278,0.27,0.06
1477,0.050637992990563,0.006246243253527095,0.044391749737035906,0.0,0.0,0.0,0.0,3.606970785282278,0.27,0.06
1478,0.050637992990563,0.005222268949670198,0.0454157240408928,0.0,0.0,0.0,0.0,3.606970785282278,0.27,0.06
1479,0.03748008930010175,0.007270217557383992,0.030209871742717758,0.0,0.0,0.0,0.0,3.606970785282278,0.27,0.06
1480,0.03748008930010175,0.016178794000939054,0.021301295299162696,0.0,0.0,0.0,0.0,3.606970785282278,0.27,0.06
1481,0.0380781758314865,0.03092402397647842,0.00715415185500845,0.0,0.0,0.0,0.0,3.606970785282278,0.27,0.06
1482,0.0380781758314865,0.04095897215427606,0.0,0.0,0.002880796322789564,0.0,0.0,3.6076549744089403,0.27,0.06
1483,0.05123607952194775,0.06635353488992726,0.0,0.0,0.01511745536797951,0.0,0.0,3.6112453700588354,0.27,0.06
1484,0.05123607952194775,0.07434053446001107,0.0,0.0,0.023104454938063318,0.0,0.0,3.616732678106626,0.27,0.06
1485,0.02691389391230725,0.09635598199293435,0.0,0.0,0.0694420880806271,0.0,0.0,3.6332251740257746,0.27,0.06
1486,0.02691389391230725,0.1006566740691334,0.0,0.0,0.07374278015682614,0.0,0.0,3.6507390843130207,0.27,0.06
1487,0.64752833137618,0.12850877513404108,0.5190195562421389,0.0,0.0,0.0,0.0,3.6507390843130207,0.27,0.06
1488,0.64752833137618,0.1337310440837114,0.5137972872924687,0.0,0.0,0.0,0.0,3.6507390843130207,0.27,0.06
1489,0.6525124057406025,0.10485496871494682,0.5476574370256557,0.0,0.0,0.0,0.0,3.6507390843130207,0.27,0.06
1490,0.6525124057406025,0.100144686917205,0.5523677188233975,0.0,0.0,0.0,0.0,3.6507390843130207,0.27,0.06
1491,0.6600881884076925,0.10905326336075995,0.5510349250469325,0.0,0.0,0.0,0.0,3.6507390843130207,0.27,0.06
1492,0.6600881884076925,0.08437548263780877,0.5757127057698836,0.0,0.0,0.0,0.0,3.6507390843130207,0.27,0.06
1493,0.4728870841480925,0.04761480512934593,0.42527227901874654,0.0,0.0,0.0,0.0,3.6507390843130207,0.27,0.06
1494,0.4728870841480925,0.03532711348306309,0.4375599706650295,0.0,0.0,0.0,0.0,3.6507390843130207,0.27,0.06
1495,0.4525521420810175,0.0342007417488205,0.41835140033219703,0.0,0.0,0.0,0.0,3.6507390843130207,0.27,0.06
1496,0.4525521420810175,0.03706786979961983,0.4154842722813985,0.0,0.0,0.0,0.0,3.6507390843130207,0.27,0.06
1497,0.5659892208669625,0.03942301069849071,0.5265662101684717,0.0,0.0,0.0,0.0,3.6507390843130207,0.27,0.06
1498,0.5659892208669625,0.030207241963778574,0.5357819789031839,0.0,0.0,0.0,0.0,3.6507390843130207,0.27,0.06
1499,0.4846494525986575,0.028568883077607563,0.4560805695210499,0.0,0.0,0.0,0.0,3.6507390843130207,0.27,0.06
1500,0.4846494525986575,0.04802439485088865,0.43662505774776883,0.0,0.0,0.0,0.0,3.6507390843130207,0.27,0.06
1501,0.496810565339695,0.05078912547130229,0.4460214398683927,0.0,0.0,0.0,0.0,3.6507390843130207,0.27,0.06
1502,0.496810565339695,0.0424949336100614,0.4543156317296336,0.0,0.0,0.0,0.0,3.6507390843130207,0.27,0.06
1503,0.5305027533381425,0.03993499785041914,0.4905677554877233,0.0,0.0,0.0,0.0,3.6507390843130207,0.27,0.06
1504,0.5305027533381425,0.04403089506584675,0.4864718582722957,0.0,0.0,0.0,0.0,3.6507390843130207,0.27,0.06
1505,0.4377993609097475,0.021401062950609232,0.4163982979591374,0.0,0.0,0.0,0.0,3.6507390843130207,0.27,0.06
1506,0.4377993609097475,0.015769204279396265,0.42203015663035126,0.0,0.0,0.0,0.0,3.6507390843130207,0.27,0.06
1507,0.3247609666056225,0.008498986722012287,0.3162619798836097,0.0,0.0,0.0,0.0,3.6507390843130207,0.27,0.06
1508,0.3247609666056225,0.011161319912040231,0.31359964669358226,0.0,0.0,0.0,0.0,3.6507390843130207,0.27,0.06
1509,0.4389954941000825,0.011775704494354356,0.42721978960572815,0.0,0.0,0.0,0.0,3.6507390843130207,0.27,0.06
1510,0.4389954941000825,0.0019455511773281116,0.4370499429227544,0.0,0.0,0.0,0.0,3.6507390843130207,0.27,0.06
1511,0.3321373870955825,0.0,0.3321373870955825,0.0,0.0,0.0,0.0,3.6507390843130207,0.27,0.06
1512,0.3321373870955825,0.0,0.3321373870955825,0.0,0.0,0.0,0.0,3.6507390843130207,0.27,0.06
1513,0.32595715960461,0.0,0.32595715960461,0.0,0.0,0.0,0.0,3.6507390843130207,0.27,0.06
1514,0.32595715960461,0.0,0.32595715960461,0.0,0.0,0.0,0.0,3.6507390843130207,0.27,0.06
1515,0.028708153506461,0.0,0.028708153506461,0.0,0.0,0.0,0.0,3.6507390843130207,0.27,0.06
1516,0.028708153506461,0.0,0.028708153506461,0.0,0.0,0.0,0.0,3.6507390843130207,0.27,0.06
1517,0.05681822048153725,0.0,0.05681822048153725,0.0,0.0,0.0,0.0,3.6507390843130207,0.27,0.06
1518,0.05681822048153725,0.0,0.05681822048153725,0.0,0.0,0.0,0.0,3.6507390843130207,0.27,0.06
1519,0.045653938562358,0.0,0.045653938562358,0.0,0.0,0.0,0.0,3.6507390843130207,0.27,0.06
1520,0.045653938562358,0.0,0.045653938562358,0.0,0.0,0.0,0.0,3.6507390843130207,0.27,0.06
1521,0.063397172326768,0.0,0.063397172326768,0.0,0.0,0.0,0.0,3.6507390843130207,0.27,0.06
1522,0.063397172326768,0.0,0.063397172326768,0.0,0.0,0.0,0.0,3.6507390843130207,0.27,0.06
1523,0.0580143935443065,0.0,0.0580143935443065,0.0,0.0,0.0,0.0,3.6507390843130207,0.27,0.06
1524,0.0580143935443065,0.0,0.0580143935443065,0.0,0.0,0.0,0.0,3.6507390843130207,0.27,0.06
1525,0.0303030509234865,0.0,0.0303030509234865,0.0,0.0,0.0,0.0,3.6507390843130207,0.27,0.06
1526,0.0303030509234865,0.0,0.0303030509234865,0.0,0.0,0.0,0.0,3.6507390843130207,0.27,0.06
1527,0.021531115129845724,0.0,0.021531115129845724,0.0,0.0,0.0,0.0,3.6507390843130207,0.27,0.06
1528,0.021531115129845724,0.0,0.021531115129845724,0.0,0.0,0.0,0.0,3.6507390843130207,0.27,0.06
1529,0.02591708302666625,0.0,0.02591708302666625,0.0,0.0,0.0,0.0,3.6507390843130207,0.27,0.06
1530,0.02591708302666625,0.0,0.02591708302666625,0.0,0.0,0.0,0.0,3.6507390843130207,0.27,0.06
1531,0.04126797066553775,0.0,0.041267970665538556,0.0,0.0,0.0,0.0,3.6507390843130207,0.27,0.06
1532,0.04126797066553775,0.0,0.04126797066553775,0.0,0.0,0.0,0.0,3.6507390843130207,0.27,0.06
1533,0.05322970129322975,0.0,0.05322970129322975,0.0,0.0,0.0,0.0,3.6507390843130207,0.27,0.06
1534,0.05322970129322975,0.0,0.05322970129322975,0.0,0.0,0.0,0.0,3.6507390843130207,0.27,0.06
1535,0.05223289040758875,0.0,0.05223289040758875,0.0,0.0,0.0,0.0,3.6507390843130207,0.27,0.06
1536,0.05223289040758875,0.0,0.05223289040758876,0.0,0.0,-6.938893903907228e-18,0.0,3.6507390843130207,0.27,0.06
1537,0.03648327841446075,0.0,0.03648327841446075,0.0,0.0,0.0,0.0,3.6507390843130207,0.27,0.06
1538,0.03648327841446075,0.0,0.03648327841446075,0.0,0.0,0.0,0.0,3.6507390843130207,0.27,0.06
1539,0.038676262362871,0.0,0.038676262362871,0.0,0.0,0.0,0.0,3.6507390843130207,0.27,0.06
1540,0.038676262362871,0.0,0.038676262362871,0.0,0.0,0.0,0.0,3.6507390843130207,0.27,0.06
1541,0.026714531735179,0.0,0.026714531735179,0.0,0.0,0.0,0.0,3.6507390843130207,0.27,0.06
1542,0.026714531735179,0.0,0.026714531735179,0.0,0.0,0.0,0.0,3.6507390843130207,0.27,0.06
1543,0.031698586163384,0.0,0.031698586163384,0.0,0.0,0.0,0.0,3.6507390843130207,0.27,0.06
1544,0.031698586163384,0.0,0.031698586163384,0.0,0.0,0.0,0.0,3.6507390843130207,0.27,0.06
1545,0.0271132560894355,0.0,0.0271132560894355,0.0,0.0,0.0,0.0,3.6507390843130207,0.27,0.06
1546,0.0271132560894355,0.0,0.0271132560894355,0.0,0.0,0.0,0.0,3.6507390843130207,0.27,0.06
1547,0.02392346125538415,0.0,0.02392346125538415,0.0,0.0,0.0,0.0,3.6507390843130207,0.27,0.06
1548,0.02392346125538415,0.0,0.02392346125538415,0.0,0.0,0.0,0.0,3.6507390843130207,0.27,0.06
1549,0.03548646752881975,0.0,0.03548646752881975,0.0,0.0,0.0,0.0,3.6507390843130207,0.27,0.06
1550,0.03548646752881975,0.0,0.03548646752881975,0.0,0.0,0.0,0.0,3.6507390843130207,0.27,0.06
1551,0.030701775277743,0.0,0.030701775277743,0.0,0.0,0.0,0.0,3.6507390843130207,0.27,0.06
1552,0.030701775277743,0.0,0.030701775277743,0.0,0.0,0.0,0.0,3.6507390843130207,0.27,0.06
1553,0.026714531735179,0.0,0.026714531735179,0.0,0.0,0.0,0.0,3.6507390843130207,0.27,0.06
1554,0.026714531735179,0.0,0.026714531735179,0.0,0.0,0.0,0.0,3.6507390843130207,0.27,0.06
1555,0.02272728819261495,0.0,0.02272728819261495,0.0,0.0,0.0,0.0,3.6507390843130207,0.27,0.06
1556,0.02272728819261495,0.0,0.02272728819261495,0.0,0.0,0.0,0.0,3.6507390843130207,0.27,0.06
1557,0.0293062400378455,0.0,0.0293062400378455,0.0,0.0,0.0,0.0,3.6507390843130207,0.27,0.06
1558,0.0293062400378455,0.0,0.0293062400378455,0.0,0.0,0.0,0.0,3.6507390843130207,0.27,0.06
1559,0.040669884134153,0.0,0.040669884134153,0.0,0.0,0.0,0.0,3.6507390843130207,0.27,0.06
1560,0.040669884134153,0.0,0.040669884134153,0.0,0.0,0.0,0.0,3.6507390843130207,0.27,0.06
1561,0.072368470297537,0.0,0.072368470297537,0.0,0.0,0.0,0.0,3.6507390843130207,0.27,0.06
1562,0.072368470297537,0.0,0.072368470297537,0.0,0.0,0.0,0.0,3.6507390843130207,0.27,0.06
1563,0.1383573509269715,0.0,0.1383573509269715,0.0,0.0,0.0,0.0,3.6507390843130207,0.27,0.06
1564,0.1383573509269715,0.0,0.1383573509269715,0.0,0.0,0.0,0.0,3.6507390843130207,0.27,0.06
1565,0.05622013395015275,0.0,0.05622013395015275,0.0,0.0,0.0,0.0,3.6507390843130207,0.27,0.06
1566,0.05622013395015275,0.0,0.05622013395015275,0.0,0.0,0.0,0.0,3.6507390843130207,0.27,0.06
1567,0.26674661293375,0.0,0.26674661293375,0.0,0.0,0.0,0.0,3.6507390843130207,0.27,0.06
1568,0.26674661293375,0.0,0.26674661293375,0.0,0.0,0.0,0.0,3.6507390843130207,0.27,0.06
1569,0.06618824280656276,0.005427063810441577,0.06076117899612118,0.0,0.0,0.0,0.0,3.6507390843130207,0.27,0.06
1570,0.06618824280656276,0.009522961025869203,0.05666528178069363,0.0,0.0,0.0,0.0,3.6507390843130207,0.27,0.06
1571,0.0400717976027685,0.013209268519754019,0.02686252908301448,0.0,0.0,0.0,0.0,3.6507390843130207,0.27,0.06
1572,0.0400717976027685,0.0166907811528675,0.023381016449901537,0.0,0.0,0.0,0.0,3.6507390843130207,0.27,0.06
1573,0.03488838099743525,0.01935311434289543,0.01553526665453982,0.0,0.0,0.0,0.0,3.6507390843130207,0.27,0.06
1574,0.03488838099743525,0.021401062950609232,0.013487318046826017,0.0,0.0,0.0,0.0,3.6507390843130207,0.27,0.06
1575,0.046451387270871,0.023039421836780285,0.023411965434090718,0.0,0.0,0.0,0.0,3.6507390843130207,0.27,0.06
1576,0.046451387270871,0.024677780722951324,0.02177360654791968,0.0,0.0,0.0,0.0,3.6507390843130207,0.27,0.06
1577,0.02811006697507625,0.029797652242235854,0.0,1.0408340855860843e-17,0.001687585267159595,0.0,0.0,3.651139885813971,0.27,0.06
1578,0.02811006697507625,0.05437303553480148,0.0,0.0,0.026262968559725233,0.0,0.0,3.657377340846906,0.27,0.06
1579,0.0283094291522045,0.085911444093594,0.0,0.0,0.0576020149413895,0.0,0.0,3.671057819395486,0.27,0.06
1580,0.0283094291522045,0.11232998113310197,0.0,0.0,0.08402055198089747,0.0,0.0,3.691012700490949,0.27,0.06
1581,0.04086924631128125,0.14468756913498018,0.0,0.0,0.10381832282369893,0.0,0.0,3.7156695521615775,0.27,0.06
1582,0.04086924631128125,0.17038932416178834,0.0,0.0,0.1295200778505071,0.0,0.0,3.7464305706510728,0.27,0.06
1583,0.4059013926330175,0.1813458492130573,0.2245555434199602,0.0,0.0,0.0,0.0,3.7464305706510728,0.27,0.06
1584,0.4059013926330175,0.19230237426432595,0.21359901836869155,0.0,0.0,0.0,0.0,3.7464305706510728,0.27,0.06
1585,0.40450585739312,0.1853393489980992,0.2191665083950208,0.0,0.0,0.0,0.0,3.7464305706510728,0.27,0.06
1586,0.40450585739312,0.18574893871964196,0.21875691867347805,0.0,0.0,0.0,0.0,3.7464305706510728,0.27,0.06
1587,0.40131606255907,0.205921232505623,0.195394830053447,0.0,0.0,0.0,0.0,3.7464305706510728,0.27,0.06
1588,0.40131606255907,0.2201544753292339,0.18116158722983608,0.0,0.0,0.0,0.0,3.7464305706510728,0.27,0.06
1589,0.32356481347907,0.2325445644059023,0.09102024907316772,0.0,0.0,0.0,0.0,3.7464305706510728,0.27,0.06
1590,0.32356481347907,0.18370099011192803,0.13986382336714198,0.0,0.0,0.0,0.0,3.7464305706510728,0.27,0.06
1591,0.1660686935477915,0.13895331303338154,0.027115380514409954,0.0,0.0,0.0,0.0,3.7464305706510728,0.27,0.06
1592,0.1660686935477915,0.1088484684999887,0.0572202250478028,0.0,0.0,0.0,0.0,3.7464305706510728,0.27,0.06
1593,0.247607823993226,0.09717516143601987,0.15043266255720614,0.0,0.0,0.0,0.0,3.7464305706510728,0.27,0.06
1594,0.247607823993226,0.09103131561287854,0.15657650838034698,0.0,0.0,0.0,0.0,3.7464305706510728,0.27,0.06
1595,0.1838119273122015,0.09328405908136371,0.09052786823083779,0.0,0.0,0.0,0.0,3.7464305706510728,0.27,0.06
1596,0.1838119273122015,0.09615118713216315,0.08766074018003778,0.0,0.0,0.0,0.0,3.7464305706510728,0.27,0.06
1597,0.1937800361686115,0.07925561111852408,0.11452442505008742,0.0,0.0,0.0,0.0,3.7464305706510728,0.27,0.06
1598,0.1937800361686115,0.06256482996565671,0.1312152062029548,0.0,0.0,0.0,0.0,3.7464305706510728,0.27,0.06
1599,0.24501611569055926,0.05160830491438784,0.19340781077617142,0.0,0.0,0.0,0.0,3.7464305706510728,0.27,0.06
1600,0.24501611569055926,0.035736703204605876,0.2092794124859534,0.0,0.0,0.0,0.0,3.7464305706510728,0.27,0.06
1601,0.183213840780817,0.030309639394164273,0.15290420138665273,0.0,0.0,0.0,0.0,3.7464305706510728,0.27,0.06
1602,0.183213840780817,0.027135319052207882,0.15607852172860914,0.0,0.0,0.0,0.0,3.7464305706510728,0.27,0.06
1603,0.1905902413345605,0.02334661412793736,0.16724362720662314,0.0,0.0,0.0,0.0,3.7464305706510728,0.27,0.06
1604,0.1905902413345605,0.017817152887110083,0.17277308844745043,0.0,0.0,0.0,0.0,3.7464305706510728,0.27,0.06
1605,0.24441802915917474,0.009727755886640564,0.23469027327253417,0.0,0.0,0.0,0.0,3.7464305706510728,0.27,0.06
1606,0.24441802915917474,0.004607884367356056,0.23981014479181867,0.0,0.0,0.0,0.0,3.7464305706510728,0.27,0.06
1607,0.1381579887498435,0.0005119871519284507,0.13764600159791485,0.0,0.0,0.0,0.0,3.7464305706510728,0.27,0.06
1608,0.1381579887498435,0.0,0.1381579887498435,0.0,0.0,0.0,0.0,3.7464305706510728,0.27,0.06
1609,0.05522332306451175,0.0,0.05522332306451183,0.0,0.0,0.0,0.0,3.7464305706510728,0.27,0.06
1610,0.05522332306451175,0.0,0.05522332306451175,0.0,0.0,0.0,0.0,3.7464305706510728,0.27,0.06
1611,0.042663505905435,0.0,0.042663505905434995,0.0,0.0,6.938893903907228e-18,0.0,3.7464305706510728,0.27,0.06
1612,0.042663505905435,0.0,0.042663505905435,0.0,0.0,0.0,0.0,3.7464305706510728,0.27,0.06
1613,0.05921056660707575,0.0,0.05921056660707575,0.0,0.0,0.0,0.0,3.7464305706510728,0.27,0.06
1614,0.05921056660707575,0.0,0.05921056660707575,0.0,0.0,0.0,0.0,3.7464305706510728,0.27,0.06
1615,0.0639952588581525,0.0,0.0639952588581525,0.0,0.0,0.0,0.0,3.7464305706510728,0.27,0.06
1616,0.0639952588581525,0.0,0.0639952588581525,0.0,0.0,0.0,0.0,3.7464305706510728,0.27,0.06
1617,0.04824564686502475,0.0,0.04824564686502475,0.0,0.0,0.0,0.0,3.7464305706510728,0.27,0.06
1618,0.04824564686502475,0.0,0.04824564686502475,0.0,0.0,0.0,0.0,3.7464305706510728,0.27,0.06
1619,0.049641182104922,0.0,0.049641182104922,0.0,0.0,0.0,0.0,3.7464305706510728,0.27,0.06
1620,0.049641182104922,0.0,0.049641182104922,0.0,0.0,0.0,0.0,3.7464305706510728,0.27,0.06
1621,0.046451387270871,0.0,0.046451387270871,0.0,0.0,0.0,0.0,3.7464305706510728,0.27,0.06
1622,0.046451387270871,0.0,0.046451387270871,0.0,0.0,0.0,0.0,3.7464305706510728,0.27,0.06
1623,0.02312601254687135,0.0,0.02312601254687135,0.0,0.0,0.0,0.0,3.7464305706510728,0.27,0.06
1624,0.02312601254687135,0.0,0.02312601254687135,0.0,0.0,0.0,0.0,3.7464305706510728,0.27,0.06
1625,0.021132390775589326,0.0,0.021132390775589326,0.0,0.0,0.0,0.0,3.7464305706510728,0.27,0.06
1626,0.021132390775589326,0.0,0.021132390775589326,0.0,0.0,0.0,0.0,3.7464305706510728,0.27,0.06
1627,0.04286286808256325,0.0,0.04286286808256325,0.0,0.0,0.0,0.0,3.7464305706510728,0.27,0.06
1628,0.04286286808256325,0.0,0.04286286808256325,0.0,0.0,0.0,0.0,3.7464305706510728,0.27,0.06
1629,0.04984054428205025,0.0,0.04984054428205025,0.0,0.0,0.0,0.0,3.7464305706510728,0.27,0.06
1630,0.04984054428205025,0.0,0.04984054428205025,0.0,0.0,0.0,0.0,3.7464305706510728,0.27,0.06
1631,0.15171461679456125,0.0,0.15171461679456125,0.0,0.0,0.0,0.0,3.7464305706510728,0.27,0.06
1632,0.15171461679456125,0.0,0.15171461679456125,0.0,0.0,0.0,0.0,3.7464305706510728,0.27,0.06
1633,0.1321771234359975,0.0,0.13217712343599786,0.0,0.0,0.0,0.0,3.7464305706510728,0.27,0.06
1634,0.1321771234359975,0.0,0.1321771234359975,0.0,0.0,0.0,0.0,3.7464305706510728,0.27,0.06
1635,0.04226478155117875,0.0,0.04226478155117875,0.0,0.0,0.0,0.0,3.7464305706510728,0.27,0.06
1636,0.04226478155117875,0.0,0.04226478155117875,0.0,0.0,0.0,0.0,3.7464305706510728,0.27,0.06
1637,0.03448965664317875,0.0,0.03448965664317875,0.0,0.0,0.0,0.0,3.7464305706510728,0.27,0.06
1638,0.03448965664317875,0.0,0.03448965664317875,0.0,0.0,0.0,0.0,3.7464305706510728,0.27,0.06
1639,0.03090113745487125,0.0,0.03090113745487125,0.0,0.0,0.0,0.0,3.7464305706510728,0.27,0.06
1640,0.03090113745487125,0.0,0.03090113745487125,0.0,0.0,0.0,0.0,3.7464305706510728,0.27,0.06
1641,0.021132390775589326,0.0,0.021132390775589326,0.0,0.0,0.0,0.0,3.7464305706510728,0.27,0.06
1642,0.021132390775589326,0.0,0.021132390775589326,0.0,0.0,0.0,0.0,3.7464305706510728,0.27,0.06
1643,0.020534304244204726,0.0,0.020534304244204726,0.0,0.0,0.0,0.0,3.7464305706510728,0.27,0.06
1644,0.020534304244204726,0.0,0.020534304244204726,0.0,0.0,0.0,0.0,3.7464305706510728,0.27,0.06
1645,0.0139553523989741,0.0,0.0139553523989741,0.0,0.0,0.0,0.0,3.7464305706510728,0.27,0.06
1646,0.0139553523989741,0.0,0.0139553523989741,0.0,0.0,0.0,0.0,3.7464305706510728,0.27,0.06
1647,0.0165470607016407,0.0,0.0165470607016407,0.0,0.0,0.0,0.0,3.7464305706510728,0.27,0.06
1648,0.0165470607016407,0.0,0.016547060701640248,0.0,0.0,0.0,0.0,3.7464305706510728,0.27,0.06
1649,0.02232856383835855,0.0,0.02232856383835855,0.0,0.0,0.0,0.0,3.7464305706510728,0.27,0.06
1650,0.02232856383835855,0.0,0.02232856383835855,0.0,0.0,0.0,0.0,3.7464305706510728,0.27,0.06
1651,0.02432218560964055,0.0,0.02432218560964055,0.0,0.0,0.0,0.0,3.7464305706510728,0.27,0.06
1652,0.02432218560964055,0.0,0.02432218560964055,0.0,0.0,0.0,0.0,3.7464305706510728,0.27,0.06
1653,0.0312998618091275,0.0,0.0312998618091275,0.0,0.0,0.0,0.0,3.7464305706510728,0.27,0.06
1654,0.0312998618091275,0.0,0.0312998618091275,0.0,0.0,0.0,0.0,3.7464305706510728,0.27,0.06
1655,0.013157903690461275,0.0,0.013157903690461275,0.0,0.0,0.0,0.0,3.7464305706510728,0.27,0.06
1656,0.013157903690461275,0.0,0.013157903690461275,0.0,0.0,0.0,0.0,3.7464305706510728,0.27,0.06
1657,0.0167464228787689,0.0,0.0167464228787689,0.0,0.0,0.0,0.0,3.7464305706510728,0.27,0.06
1658,0.0167464228787689,0.0,0.0167464228787689,0.0,0.0,0.0,0.0,3.7464305706510728,0.27,0.06
1659,0.0410686084884095,0.0,0.0410686084884095,0.0,0.0,0.0,0.0,3.7464305706510728,0.27,0.06
1660,0.0410686084884095,0.0,0.0410686084884095,0.0,0.0,0.0,0.0,3.7464305706510728,0.27,0.06
1661,0.0857257361651265,0.0,0.0857257361651265,0.0,0.0,0.0,0.0,3.7464305706510728,0.27,0.06
1662,0.0857257361651265,0.0,0.0857257361651265,0.0,0.0,0.0,0.0,3.7464305706510728,0.27,0.06
1663,0.0707735728805115,0.0,0.0707735728805115,0.0,0.0,0.0,0.0,3.7464305706510728,0.27,0.06
1664,0.0707735728805115,0.0,0.0707735728805115,0.0,0.0,0.0,0.0,3.7464305706510728,0.27,0.06
1665,0.048445009042153,0.003174320341956391,0.04527068870019661,0.0,0.0,0.0,0.0,3.7464305706510728,0.27,0.06
1666,0.048445009042153,0.007782204709312448,0.04066280433284055,0.0,0.0,0.0,0.0,3.7464305706510728,0.27,0.06
1667,0.08253594133107525,0.018329140039038534,0.06420680129203672,0.0,0.0,0.0,0.0,3.7464305706510728,0.27,0.06
1668,0.08253594133107525,0.026418537039508066,0.05611740429156718,0.0,0.0,0.0,0.0,3.7464305706510728,0.27,0.06
1669,0.03448965664317875,0.025496960166036843,0.008992696477141904,0.0,0.0,0.0,0.0,3.7464305706510728,0.27,0.06
1670,0.03448965664317875,0.043723702774689684,0.0,5.689893001203927e-16,0.009234046131510368,0.0,0.0,3.7486236566073066,0.27,0.06
1671,0.020135579889948324,0.04136856187581882,0.0,0.0,0.021232981985870494,0.0,0.0,3.7536664898289507,0.27,0.06
1672,0.020135579889948324,0.04505486936970365,0.0,0.0,0.024919289479755323,0.0,0.0,3.7595848210803924,0.27,0.06
1673,0.02890751568358925,0.05785454816791491,0.0,0.0,0.02894703248432566,0.0,0.0,3.7664597412954195,0.27,0.06
1674,0.02890751568358925,0.06061927878832853,0.0,0.0,0.031711763104739284,0.0,0.0,3.7739912850327952,0.27,0.06
1675,0.02691389391230725,0.05570420212981545,0.0,8.118505867571457e-16,0.02879030821750739,0.0,0.0,3.7808289832344535,0.27,0.06
1676,0.02691389391230725,0.04628363853433195,0.0,0.0,0.0193697446220247,0.0,0.0,3.7854292975821844,0.27,0.06
1677,0.021730477306973923,0.03962780555926209,0.0,0.0,0.017897328252288167,0.0,0.0,3.789679913042103,0.27,0.06
1678,0.021730477306973923,0.04884357429397419,0.0,0.0,0.02711309698700027,0.0,0.0,3.7961192735765152,0.27,0.06
1679,0.3905505049941475,0.05724016358560077,0.33331034140854676,0.0,0.0,0.0,0.0,3.7961192735765152,0.27,0.06
1680,0.3905505049941475,0.05212029206631628,0.3384302129278312,0.0,0.0,0.0,0.0,3.7961192735765152,0.27,0.06
1681,0.3913479736388775,0.06000489420601437,0.3313430794328632,0.0,0.0,0.0,0.0,3.7961192735765152,0.27,0.06
1682,0.3913479736388775,0.0593905096237002,0.33195746401517734,0.0,0.0,0.0,0.0,3.7961192735765152,0.27,0.06
1683,0.33373228451261,0.08304431604279464,0.25068796846981556,0.0,0.0,0.0,0.0,3.7961192735765152,0.27,0.06
1684,0.33373228451261,0.07413573959923966,0.25959654491337036,0.0,0.0,0.0,0.0,3.7961192735765152,0.27,0.06
1685,0.17603680240420175,0.11192039141155931,0.06411641099264244,0.0,0.0,0.0,0.0,3.7961192735765152,0.27,0.06
1686,0.17603680240420175,0.08386349548588022,0.09217330691832153,0.0,0.0,0.0,0.0,3.7961192735765152,0.27,0.06
1687,0.220893292258047,0.08458027749858,0.136313014759467,0.0,0.0,0.0,0.0,3.7961192735765152,0.27,0.06
1688,0.220893292258047,0.09615118713216315,0.12474210512588384,0.0,0.0,0.0,0.0,3.7961192735765152,0.27,0.06
1689,0.19437812269999624,0.08621863638475112,0.10815948631524512,0.0,0.0,0.0,0.0,3.7961192735765152,0.27,0.06
1690,0.19437812269999624,0.08765220041015073,0.10672592228984551,0.0,0.0,0.0,0.0,3.7961192735765152,0.27,0.06
1691,0.180422770301022,0.07464772675116808,0.10577504354985391,0.0,0.0,0.0,0.0,3.7961192735765152,0.27,0.06
1692,0.180422770301022,0.03143601112840687,0.1489867591726151,0.0,0.0,0.0,0.0,3.7961192735765152,0.27,0.06
1693,0.238237821604418,0.03092402397647842,0.20731379762793958,0.0,0.0,0.0,0.0,3.7961192735765152,0.27,0.06
1694,0.238237821604418,0.03256238286264946,0.20567543874176855,0.0,0.0,0.0,0.0,3.7961192735765152,0.27,0.06
1695,0.1868023599691245,0.027032921621822196,0.1597694383473023,0.0,0.0,0.0,0.0,3.7961192735765152,0.27,0.06
1696,0.1868023599691245,0.019455511773281118,0.16734684819584267,0.0,0.0,0.0,0.0,3.7961192735765152,0.27,0.06
1697,0.04625202509374275,0.014642832545153675,0.03160919254858908,0.0,0.0,0.0,0.0,3.7961192735765152,0.27,0.06
1698,0.04625202509374275,0.010444537899340392,0.0358074871944023,0.0,0.0,0.0,0.0,3.7961192735765152,0.27,0.06
1699,0.1521133411488175,0.007986999570083827,0.14412634157873366,0.0,0.0,0.0,0.0,3.7961192735765152,0.27,0.06
1700,0.1521133411488175,0.00634864068391279,0.1457647004649047,0.0,0.0,0.0,0.0,3.7961192735765152,0.27,0.06
1701,0.048644371219281,0.006246243253527095,0.04239812796575391,0.0,0.0,0.0,0.0,3.7961192735765152,0.27,0.06
1702,0.048644371219281,0.0037887049242705355,0.04485566629501046,0.0,0.0,0.0,0.0,3.7961192735765152,0.27,0.06
1703,0.05980865313846025,0.0005119871519284507,0.0592966659865318,0.0,0.0,0.0,0.0,3.7961192735765152,0.27,0.06
1704,0.05980865313846025,0.0,0.05980865313846025,0.0,0.0,0.0,0.0,3.7961192735765152,0.27,0.06
1705,0.13197776125886926,0.0,0.13197776125886926,0.0,0.0,0.0,0.0,3.7961192735765152,0.27,0.06
1706,0.13197776125886926,0.0,0.13197776125886926,0.0,0.0,0.0,0.0,3.7961192735765152,0.27,0.06
1707,0.0149521632846151,0.0,0.0149521632846151,0.0,0.0,0.0,0.0,3.7961192735765152,0.27,0.06
1708,0.0149521632846151,0.0,0.0149521632846151,0.0,0.0,0.0,0.0,3.7961192735765152,0.27,0.06
1709,0.0330941214032815,0.0,0.0330941214032815,0.0,0.0,0.0,0.0,3.7961192735765152,0.27,0.06
1710,0.0330941214032815,0.0,0.0330941214032815,0.0,0.0,0.0,0.0,3.7961192735765152,0.27,0.06
1711,0.050438630813435,0.0,0.050438630813435026,0.0,0.0,0.0,0.0,3.7961192735765152,0.27,0.06
1712,0.050438630813435,0.0,0.050438630813435,0.0,0.0,0.0,0.0,3.7961192735765152,0.27,0.06
1713,0.06419462103528074,0.0,0.06419462103528074,0.0,0.0,0.0,0.0,3.7961192735765152,0.27,0.06
1714,0.06419462103528074,0.0,0.06419462103528074,0.0,0.0,0.0,0.0,3.7961192735765152,0.27,0.06
1715,0.05522332306451175,0.0,0.05522332306451175,0.0,0.0,0.0,0.0,3.7961192735765152,0.27,0.06
1716,0.05522332306451175,0.0,0.05522332306451175,0.0,0.0,0.0,0.0,3.7961192735765152,0.27,0.06
1717,0.04545457638523,0.0,0.04545457638523,0.0,0.0,0.0,0.0,3.7961192735765152,0.27,0.06
1718,0.04545457638523,0.0,0.04545457638523,0.0,0.0,0.0,0.0,3.7961192735765152,0.27,0.06
1719,0.0460526629166145,0.0,0.0460526629166145,0.0,0.0,0.0,0.0,3.7961192735765152,0.27,0.06
1720,0.0460526629166145,0.0,0.0460526629166145,0.0,0.0,0.0,0.0,3.7961192735765152,0.27,0.06
1721,0.07795061125712675,0.0,0.07795061125712675,0.0,0.0,0.0,0.0,3.7961192735765152,0.27,0.06
1722,0.07795061125712675,0.0,0.07795061125712675,0.0,0.0,0.0,0.0,3.7961192735765152,0.27,0.06
1723,0.0699761241719985,0.0,0.0699761241719985,0.0,0.0,0.0,0.0,3.7961192735765152,0.27,0.06
1724,0.0699761241719985,0.0,0.0699761241719985,0.0,0.0,0.0,0.0,3.7961192735765152,0.27,0.06
1725,0.04884373339640925,0.0,0.04884373339640925,0.0,0.0,0.0,0.0,3.7961192735765152,0.27,0.06
1726,0.04884373339640925,0.0,0.04884373339640925,0.0,0.0,0.0,0.0,3.7961192735765152,0.27,0.06
1727,0.045653938562358,0.0,0.045653938562358,0.0,0.0,0.0,0.0,3.7961192735765152,0.27,0.06
1728,0.045653938562358,0.0,0.045653938562358,0.0,0.0,0.0,0.0,3.7961192735765152,0.27,0.06
1729,0.04027115977989675,0.0,0.04027115977989675,0.0,0.0,0.0,0.0,3.7961192735765152,0.27,0.06
1730,0.04027115977989675,0.0,0.04027115977989675,0.0,0.0,0.0,0.0,3.7961192735765152,0.27,0.06
1731,0.0420654193740505,0.0,0.0420654193740505,0.0,0.0,0.0,0.0,3.7961192735765152,0.27,0.06
1732,0.0420654193740505,0.0,0.0420654193740505,0.0,0.0,0.0,0.0,3.7961192735765152,0.27,0.06
1733,0.035685829705948,0.0,0.035685829705948,0.0,0.0,0.0,0.0,3.7961192735765152,0.27,0.06
1734,0.035685829705948,0.0,0.035685829705948,0.0,0.0,0.0,0.0,3.7961192735765152,0.27,0.06
1735,0.02412282343251235,0.0,0.02412282343251171,0.0,0.0,0.0,0.0,3.7961192735765152,0.27,0.06
1736,0.02412282343251235,0.0,0.02412282343251235,0.0,0.0,0.0,0.0,3.7961192735765152,0.27,0.06
1737,0.025717720849538,0.0,0.025717720849538,0.0,0.0,0.0,0.0,3.7961192735765152,0.27,0.06
1738,0.025717720849538,0.0,0.025717720849538,0.0,0.0,0.0,0.0,3.7961192735765152,0.27,0.06
1739,0.0143540767532305,0.0,0.0143540767532305,0.0,0.0,0.0,0.0,3.7961192735765152,0.27,0.06
1740,0.0143540767532305,0.0,0.0143540767532305,0.0,0.0,0.0,0.0,3.7961192735765152,0.27,0.06
1741,0.048644371219281,0.0,0.048644371219281,0.0,0.0,0.0,0.0,3.7961192735765152,0.27,0.06
1742,0.048644371219281,0.0,0.048644371219281,0.0,0.0,0.0,0.0,3.7961192735765152,0.27,0.06
1743,0.045653938562358,0.0,0.045653938562358,0.0,0.0,0.0,0.0,3.7961192735765152,0.27,0.06
1744,0.045653938562358,0.0,0.045653938562358,0.0,0.0,0.0,0.0,3.7961192735765152,0.27,0.06
1745,0.048445009042153,0.0,0.048445009042153,0.0,0.0,0.0,0.0,3.7961192735765152,0.27,0.06
1746,0.048445009042153,0.0,0.048445009042153,0.0,0.0,0.0,0.0,3.7961192735765152,0.27,0.06
1747,0.05980865313846025,0.0,0.05980865313846025,0.0,0.0,0.0,0.0,3.7961192735765152,0.27,0.06
1748,0.05980865313846025,0.0,0.05980865313846025,0.0,0.0,0.0,0.0,3.7961192735765152,0.27,0.06
1749,0.04724883597938375,0.0,0.04724883597938375,0.0,0.0,0.0,0.0,3.7961192735765152,0.27,0.06
1750,0.04724883597938375,0.0,0.04724883597938374,0.0,0.0,0.0,0.0,3.7961192735765152,0.27,0.06
1751,0.02192983948410215,0.0,0.02192983948410215,0.0,0.0,0.0,0.0,3.7961192735765152,0.27,0.06
1752,0.02192983948410215,0.0,0.02192983948410215,0.0,0.0,0.0,0.0,3.7961192735765152,0.27,0.06
1753,0.0332934835804095,0.0,0.0332934835804095,0.0,0.0,0.0,0.0,3.7961192735765152,0.27,0.06
1754,0.0332934835804095,0.0,0.0332934835804095,0.0,0.0,0.0,0.0,3.7961192735765152,0.27,0.06
1755,0.04346095461394775,0.0,0.04346095461394775,0.0,0.0,0.0,0.0,3.7961192735765152,0.27,0.06
1756,0.04346095461394775,0.0,0.04346095461394775,0.0,0.0,0.0,0.0,3.7961192735765152,0.27,0.06
1757,0.04425840332246075,0.0,0.04425840332246075,0.0,0.0,0.0,0.0,3.7961192735765152,0.27,0.06
1758,0.04425840332246075,0.0,0.04425840332246075,0.0,0.0,0.0,0.0,3.7961192735765152,0.27,0.06
1759,0.04146733284266575,0.0,0.04146733284266575,0.0,0.0,0.0,0.0,3.7961192735765152,0.27,0.06
1760,0.04146733284266575,0.0,0.04146733284266575,0.0,0.0,0.0,0.0,3.7961192735765152,0.27,0.06
1761,0.03748008930010175,0.0,0.03748008930010175,0.0,0.0,0.0,0.0,3.7961192735765152,0.27,0.06
1762,0.03748008930010175,0.0008191794430855218,0.03666090985701623,0.0,0.0,0.0,0.0,3.7961192735765152,0.27,0.06
1763,0.049441819927794,0.006041448392755716,0.043400371535038285,0.0,0.0,0.0,0.0,3.7961192735765152,0.27,0.06
1764,0.049441819927794,0.007372614987769688,0.042069204940024314,0.0,0.0,0.0,0.0,3.7961192735765152,0.27,0.06
1765,0.03628391623733275,0.005427063810441577,0.030856852426891172,0.0,0.0,0.0,0.0,3.7961192735765152,0.27,0.06
1766,0.03628391623733275,0.006246243253527095,0.030037672983805656,0.0,0.0,0.0,0.0,3.7961192735765152,0.27,0.06
1767,0.02990432656923025,0.00870378158278366,0.021200544986446593,0.0,0.0,0.0,0.0,3.7961192735765152,0.27,0.06
1768,0.02990432656923025,0.015462011988239217,0.014442314580991034,0.0,0.0,0.0,0.0,3.7961192735765152,0.27,0.06
1769,0.0372807271229735,0.03338156230573499,0.0038991648172385096,0.0,0.0,0.0,0.0,3.7961192735765152,0.27,0.06
1770,0.0372807271229735,0.023551408988708736,0.013729318134264763,0.0,0.0,0.0,0.0,3.7961192735765152,0.27,0.06
1771,0.04226478155117875,0.02754490877375065,0.0147198727774281,0.0,0.0,0.0,0.0,3.7961192735765152,0.27,0.06
1772,0.04226478155117875,0.03266478029303515,0.009600001258142754,0.0,0.0,0.0,0.0,3.7961192735765152,0.27,0.06
1773,0.026714531735179,0.025087370444494075,0.001627161290684926,0.0,0.0,0.0,0.0,3.7961192735765152,0.27,0.06
1774,0.026714531735179,0.05263227921824474,0.0,0.0,0.025917747483065738,0.0,0.0,3.802274738603743,0.27,0.06
1775,0.3891549697542475,0.04495247193931796,0.34420249781492956,0.0,0.0,0.0,0.0,3.802274738603743,0.27,0.06
1776,0.3891549697542475,0.02734011391297927,0.36181485584126827,0.0,0.0,0.0,0.0,3.802274738603743,0.27,0.06
1777,0.39673073248512,0.016383588861710412,0.38034714362340954,0.0,0.0,0.0,0.0,3.802274738603743,0.27,0.06
1778,0.39673073248512,0.017919550317495772,0.3788111821676242,0.0,0.0,0.0,0.0,3.802274738603743,0.27,0.06
1779,0.411882257946865,0.03737506209077689,0.3745071958560881,0.0,0.0,0.0,0.0,3.802274738603743,0.27,0.06
1780,0.411882257946865,0.029183267659921686,0.3826989902869433,0.0,0.0,0.0,0.0,3.802274738603743,0.27,0.06
1781,0.360646178424915,0.04689802311664609,0.3137481553082689,0.0,0.0,0.0,0.0,3.802274738603743,0.27,0.06
1782,0.360646178424915,0.04300692076198986,0.3176392576629251,0.0,0.0,0.0,0.0,3.802274738603743,0.27,0.06
1783,0.180223408123894,0.09420563595483485,0.08601777216905916,0.0,0.0,0.0,0.0,3.802274738603743,0.27,0.06
1784,0.180223408123894,0.15216258155313558,0.028060826570758424,0.0,0.0,0.0,0.0,3.802274738603743,0.27,0.06
1785,0.21371625388143176,0.09522961025869203,0.11848664362273986,0.0,0.0,0.0,0.0,3.802274738603743,0.27,0.06
1786,0.21371625388143176,0.08939295672670759,0.12432329715472416,0.0,0.0,0.0,0.0,3.802274738603743,0.27,0.06
1787,0.23046267676020074,0.09461522567637778,0.1358474510838228,0.0,0.0,0.0,0.0,3.802274738603743,0.27,0.06
1788,0.23046267676020074,0.055601804699429734,0.174860872060771,0.0,0.0,0.0,0.0,3.802274738603743,0.27,0.06
1789,0.18540682472922726,0.033688754596892065,0.15171807013233518,0.0,0.0,0.0,0.0,3.802274738603743,0.27,0.06
1790,0.18540682472922726,0.03512231862229174,0.15028450610693553,0.0,0.0,0.0,0.0,3.802274738603743,0.27,0.06
1791,0.253389327129945,0.06143845823141411,0.19195086889853089,0.0,0.0,0.0,0.0,3.802274738603743,0.27,0.06
1792,0.253389327129945,0.051505907484002134,0.20188341964594286,0.0,0.0,0.0,0.0,3.802274738603743,0.27,0.06
1793,0.12061411716256175,0.013414063380525403,0.10720005378203634,0.0,0.0,0.0,0.0,3.802274738603743,0.27,0.06
1794,0.12061411716256175,0.016485986292096105,0.10412813087046564,0.0,0.0,0.0,0.0,3.802274738603743,0.27,0.06
1795,0.0897129797076905,0.011673307063968661,0.07803967264372184,0.0,0.0,0.0,0.0,3.802274738603743,0.27,0.06
1796,0.0897129797076905,0.01187810192474007,0.07783487778295044,0.0,0.0,0.0,0.0,3.802274738603743,0.27,0.06
1797,0.112041543546049,0.01607639657055335,0.09596514697549566,0.0,0.0,0.0,0.0,3.802274738603743,0.27,0.06
1798,0.112041543546049,0.001228769164628281,0.11081277438142045,0.0,0.0,0.0,0.0,3.802274738603743,0.27,0.06
1799,0.0283094291522045,0.0,0.0283094291522045,0.0,0.0,0.0,0.0,3.802274738603743,0.27,0.06
1800,0.0283094291522045,0.0,0.0283094291522045,0.0,0.0,0.0,0.0,3.802274738603743,0.27,0.06
1801,0.24681037528471325,0.0,0.24681037528471325,0.0,0.0,0.0,0.0,3.802274738603743,0.27,0.06
1802,0.24681037528471325,0.0,0.24681037528471325,0.0,0.0,0.0,0.0,3.802274738603743,0.27,0.06
1803,0.0639952588581525,0.0,0.0639952588581525,0.0,0.0,0.0,0.0,3.802274738603743,0.27,0.06
1804,0.0639952588581525,0.0,0.0639952588581525,0.0,0.0,0.0,0.0,3.802274738603743,0.27,0.06
1805,0.0540271500017425,0.0,0.0540271500017425,0.0,0.0,0.0,0.0,3.802274738603743,0.27,0.06
1806,0.0540271500017425,0.0,0.0540271500017425,0.0,0.0,0.0,0.0,3.802274738603743,0.27,0.06
1807,0.0590112044299475,0.0,0.0590112044299475,0.0,0.0,0.0,0.0,3.802274738603743,0.27,0.06
1808,0.0590112044299475,0.0,0.0590112044299475,0.0,0.0,0.0,0.0,3.802274738603743,0.27,0.06
1809,0.04385967896820425,0.0,0.04385967896820425,0.0,0.0,0.0,0.0,3.802274738603743,0.27,0.06
1810,0.04385967896820425,0.0,0.04385967896820425,0.0,0.0,0.0,0.0,3.802274738603743,0.27,0.06
1811,0.0159489741702561,0.0,0.0159489741702561,0.0,0.0,0.0,0.0,3.802274738603743,0.27,0.06
1812,0.0159489741702561,0.0,0.0159489741702561,0.0,0.0,0.0,0.0,3.802274738603743,0.27,0.06
1813,0.021730477306973923,0.0,0.021730477306974194,0.0,0.0,0.0,0.0,3.802274738603743,0.27,0.06
1814,0.021730477306973923,0.0,0.021730477306973923,0.0,0.0,0.0,0.0,3.802274738603743,0.27,0.06
1815,0.019736855535691926,0.0,0.019736855535691926,0.0,0.0,0.0,0.0,3.802274738603743,0.27,0.06
1816,0.019736855535691926,0.0,0.019736855535691926,0.0,0.0,0.0,0.0,3.802274738603743,0.27,0.06
1817,0.0273126182665635,0.0,0.0273126182665635,0.0,0.0,0.0,0.0,3.802274738603743,0.27,0.06
1818,0.0273126182665635,0.0,0.0273126182665635,0.0,0.0,0.0,0.0,3.802274738603743,0.27,0.06
1819,0.02511963431815325,0.0,0.02511963431815325,0.0,0.0,0.0,0.0,3.802274738603743,0.27,0.06
1820,0.02511963431815325,0.0,0.02511963431815325,0.0,0.0,0.0,0.0,3.802274738603743,0.27,0.06
1821,0.0149521632846151,0.0,0.0149521632846151,0.0,0.0,0.0,0.0,3.802274738603743,0.27,0.06
1822,0.0149521632846151,0.0,0.0149521632846151,0.0,0.0,0.0,0.0,3.802274738603743,0.27,0.06
1823,0.02232856383835855,0.0,0.02232856383835855,0.0,0.0,0.0,0.0,3.802274738603743,0.27,0.06
1824,0.02232856383835855,0.0,0.02232856383835855,0.0,0.0,0.0,0.0,3.802274738603743,0.27,0.06
1825,0.0153508876388715,0.0,0.0153508876388715,0.0,0.0,0.0,0.0,3.802274738603743,0.27,0.06
1826,0.0153508876388715,0.0,0.0153508876388715,0.0,0.0,0.0,0.0,3.802274738603743,0.27,0.06
1827,0.02551835867240975,0.0,0.02551835867240975,0.0,0.0,0.0,0.0,3.802274738603743,0.27,0.06
1828,0.02551835867240975,0.0,0.02551835867240975,0.0,0.0,0.0,0.0,3.802274738603743,0.27,0.06
1829,0.143740129709433,0.0,0.143740129709433,0.0,0.0,0.0,0.0,3.802274738603743,0.27,0.06
1830,0.143740129709433,0.0,0.143740129709433,0.0,0.0,0.0,0.0,3.802274738603743,0.27,0.06
1831,0.21570987565271374,0.0,0.21570987565271374,0.0,0.0,0.0,0.0,3.802274738603743,0.27,0.06
1832,0.21570987565271374,0.0,0.21570987565271374,0.0,0.0,0.0,0.0,3.802274738603743,0.27,0.06
1833,0.05123607952194775,0.0,0.05123607952194775,0.0,0.0,0.0,0.0,3.802274738603743,0.27,0.06
1834,0.05123607952194775,0.0,0.05123607952194775,0.0,0.0,0.0,0.0,3.802274738603743,0.27,0.06
1835,0.034689018820307,0.0,0.03468901882030728,0.0,0.0,0.0,0.0,3.802274738603743,0.27,0.06
1836,0.034689018820307,0.0,0.034689018820307,0.0,0.0,0.0,0.0,3.802274738603743,0.27,0.06
1837,0.0330941214032815,0.0,0.03309412140328227,0.0,0.0,0.0,0.0,3.802274738603743,0.27,0.06
1838,0.0330941214032815,0.0,0.0330941214032815,0.0,0.0,0.0,0.0,3.802274738603743,0.27,0.06
1839,0.02352473690112775,0.0,0.02352473690112775,0.0,0.0,0.0,0.0,3.802274738603743,0.27,0.06
1840,0.02352473690112775,0.0,0.023524736901127757,0.0,0.0,-6.938893903907228e-18,0.0,3.802274738603743,0.27,0.06
1841,0.02432218560964055,0.0,0.02432218560964055,0.0,0.0,0.0,0.0,3.802274738603743,0.27,0.06
1842,0.02432218560964055,0.0,0.02432218560964055,0.0,0.0,0.0,0.0,3.802274738603743,0.27,0.06
1843,0.03149922398625575,0.0,0.03149922398625575,0.0,0.0,0.0,0.0,3.802274738603743,0.27,0.06
1844,0.03149922398625575,0.0,0.03149922398625575,0.0,0.0,0.0,0.0,3.802274738603743,0.27,0.06
1845,0.02850879132933275,0.0,0.02850879132933275,0.0,0.0,0.0,0.0,3.802274738603743,0.27,0.06
1846,0.02850879132933275,0.0,0.02850879132933275,0.0,0.0,0.0,0.0,3.802274738603743,0.27,0.06
1847,0.0372807271229735,0.0,0.0372807271229735,0.0,0.0,0.0,0.0,3.802274738603743,0.27,0.06
1848,0.0372807271229735,0.0,0.0372807271229735,0.0,0.0,0.0,0.0,3.802274738603743,0.27,0.06
1849,0.03748008930010175,0.0,0.03748008930010175,0.0,0.0,0.0,0.0,3.802274738603743,0.27,0.06
1850,0.03748008930010175,0.0,0.03748008930010175,0.0,0.0,0.0,0.0,3.802274738603743,0.27,0.06
1851,0.02811006697507625,0.0,0.02811006697507625,0.0,0.0,0.0,0.0,3.802274738603743,0.27,0.06
1852,0.02811006697507625,0.0,0.02811006697507625,0.0,0.0,0.0,0.0,3.802274738603743,0.27,0.06
1853,0.04246414372830675,0.0,0.04246414372830675,0.0,0.0,0.0,0.0,3.802274738603743,0.27,0.06
1854,0.04246414372830675,0.0,0.04246414372830675,0.0,0.0,0.0,0.0,3.802274738603743,0.27,0.06
1855,0.03548646752881975,0.0,0.03548646752881975,0.0,0.0,0.0,0.0,3.802274738603743,0.27,0.06
1856,0.03548646752881975,0.0,0.03548646752881975,0.0,0.0,0.0,0.0,3.802274738603743,0.27,0.06
1857,0.0390749867171275,0.006553435544684159,0.03252155117244335,0.0,0.0,0.0,0.0,3.802274738603743,0.27,0.06
1858,0.0390749867171275,0.010137345608183343,0.02893764110894416,0.0,0.0,0.0,0.0,3.802274738603743,0.27,0.06
1859,0.029704964392102,0.013311665950139698,0.0163932984419623,0.0,0.0,0.0,0.0,3.802274738603743,0.27,0.06
1860,0.029704964392102,0.01607639657055335,0.01362856782154865,0.0,0.0,0.0,0.0,3.802274738603743,0.27,0.06
1861,0.02811006697507625,0.021810652672151987,0.0062994143029246885,0.0,0.0,0.0,0.0,3.802274738603743,0.27,0.06
1862,0.02811006697507625,0.026111344748350973,0.0019987222267252754,0.0,0.0,0.0,0.0,3.802274738603743,0.27,0.06
1863,0.03389157011179425,0.02365380641909441,0.010237763692700241,0.0,0.0,0.0,0.0,3.802274738603743,0.27,0.06
1864,0.03389157011179425,0.02621374217873666,0.007677827933057591,0.0,0.0,0.0,0.0,3.802274738603743,0.27,0.06
1865,0.03050241310061475,0.033688754596892065,0.0,-5.273559366969494e-16,0.0031863414962778405,0.0,0.0,3.803031494709109,0.27,0.06
1866,0.03050241310061475,0.05805934302868634,0.0,4.579669976578771e-16,0.027556929928071128,0.0,0.0,3.809576265567026,0.27,0.06
1867,0.04226478155117875,0.09287446935982105,0.0,0.0,0.0506096878086423,0.0,0.0,3.8215960664215785,0.27,0.06
1868,0.04226478155117875,0.12441287791861366,0.0,0.0,0.08214809636743492,0.0,0.0,3.841106239308844,0.27,0.06
1869,0.03787881365435825,0.15154819697082142,0.0,0.0,0.11366938331646317,0.0,0.0,3.8681027178465044,0.27,0.06
1870,0.03787881365435825,0.18830887447928418,0.0,0.0,0.15043006082492594,0.0,0.0,3.903829857292424,0.27,0.06
1871,0.39593326384039,0.1963982714797536,0.1995349923606364,0.0,0.0,0.0,0.0,3.903829857292424,0.27,0.06
1872,0.39593326384039,0.1357789926914252,0.26015427114896483,0.0,0.0,0.0,0.0,3.903829857292424,0.27,0.06
1873,0.3979269254841075,0.1887184642008269,0.2092084612832806,0.0,0.0,0.0,0.0,3.903829857292424,0.27,0.06
1874,0.3979269254841075,0.15083141495812152,0.24709551052598577,0.0,0.0,0.0,0.0,3.903829857292424,0.27,0.06
1875,0.316387775102455,0.14560914600845148,0.17077862909400354,0.0,0.0,0.0,0.0,3.903829857292424,0.27,0.06
1876,0.316387775102455,0.12963514686828373,0.18675262823417071,0.0,0.0,0.0,0.0,3.903829857292424,0.27,0.06
1877,0.1758374402270735,0.24708499952067017,0.0,0.0,0.07124755929359666,0.0,0.0,3.9207511526246535,0.27,0.06
1878,0.1758374402270735,0.23326134641860208,0.0,-3.608224830031759e-16,0.05742390619152893,0.0,0.0,3.9343893303451414,0.27,0.06
1879,0.18341320295794525,0.1880016821881269,0.0,7.494005416219807e-16,0.0045884792301809085,0.0,0.0,3.9354790941623095,0.27,0.06
1880,0.18341320295794525,0.1762259776937726,0.0071872252641726475,0.0,0.0,0.0,0.0,3.9354790941623095,0.27,0.06
1881,0.2641548846948675,0.12308171132359962,0.14107317337126785,0.0,0.0,0.0,0.0,3.9354790941623095,0.27,0.06
1882,0.2641548846948675,0.13782694129913892,0.12632794339572856,0.0,0.0,0.0,0.0,3.9354790941623095,0.27,0.06
1883,0.2055424046191755,0.0835563031947231,0.1219861014244524,0.0,0.0,0.0,0.0,3.9354790941623095,0.27,0.06
1884,0.2055424046191755,0.100144686917205,0.1053977177019705,0.0,0.0,0.0,0.0,3.9354790941623095,0.27,0.06
1885,0.19936217712820126,0.09635598199293435,0.1030061951352669,0.0,0.0,0.0,0.0,3.9354790941623095,0.27,0.06
1886,0.19936217712820126,0.06256482996565671,0.13679734716254455,0.0,0.0,0.0,0.0,3.9354790941623095,0.27,0.06
1887,0.14992035720040725,0.03348395973612068,0.11643639746428747,0.0,0.0,0.0,0.0,3.9354790941623095,0.27,0.06
1888,0.14992035720040725,0.036863074938848446,0.11305728226155881,0.0,0.0,0.0,0.0,3.9354790941623095,0.27,0.06
1889,0.020733666421332925,0.034507934039977595,0.0,0.0,0.01377426761864467,0.0,0.0,3.9387504827217374,0.27,0.06
1890,0.020733666421332925,0.04013979271119055,0.0,0.0,0.019406126289857627,0.0,0.0,3.943359437715579,0.27,0.06
1891,0.07157102158902424,0.02949045995107875,0.04208056163794549,0.0,0.0,0.0,0.0,3.943359437715579,0.27,0.06
1892,0.07157102158902424,0.019455511773281118,0.05211550981574313,0.0,0.0,0.0,0.0,3.943359437715579,0.27,0.06
1893,0.08532701181087,0.013926050532453847,0.07140096127841616,0.0,0.0,0.0,0.0,3.943359437715579,0.27,0.06
1894,0.08532701181087,0.006041448392755716,0.07928556341811428,0.0,0.0,0.0,0.0,3.943359437715579,0.27,0.06
1895,0.0946970341358955,0.001740756316556734,0.09295627781933877,0.0,0.0,0.0,0.0,3.943359437715579,0.27,0.06
1896,0.0946970341358955,0.0,0.0946970341358955,0.0,0.0,0.0,0.0,3.943359437715579,0.27,0.06
1897,0.02950560221497375,0.0,0.02950560221497375,0.0,0.0,0.0,0.0,3.943359437715579,0.27,0.06
1898,0.02950560221497375,0.0,0.029505602214973337,0.0,0.0,0.0,0.0,3.943359437715579,0.27,0.06
1899,0.02212920166123035,0.0,0.02212920166123035,0.0,0.0,0.0,0.0,3.943359437715579,0.27,0.06
1900,0.02212920166123035,0.0,0.02212920166123035,0.0,0.0,0.0,0.0,3.943359437715579,0.27,0.06
1901,0.031698586163384,0.0,0.031698586163384,0.0,0.0,0.0,0.0,3.943359437715579,0.27,0.06
1902,0.031698586163384,0.0,0.031698586163384,0.0,0.0,0.0,0.0,3.943359437715579,0.27,0.06
1903,0.0311004996319995,0.0,0.0311004996319995,0.0,0.0,0.0,0.0,3.943359437715579,0.27,0.06
1904,0.0311004996319995,0.0,0.0311004996319995,0.0,0.0,0.0,0.0,3.943359437715579,0.27,0.06
1905,0.060406739669845,0.0,0.060406739669845,0.0,0.0,0.0,0.0,3.943359437715579,0.27,0.06
1906,0.060406739669845,0.0,0.060406739669845,0.0,0.0,0.0,0.0,3.943359437715579,0.27,0.06
1907,0.05382778782461425,0.0,0.05382778782461425,0.0,0.0,0.0,0.0,3.943359437715579,0.27,0.06
1908,0.05382778782461425,0.0,0.05382778782461425,0.0,0.0,0.0,0.0,3.943359437715579,0.27,0.06
1909,0.02890751568358925,0.0,0.02890751568358925,0.0,0.0,0.0,0.0,3.943359437715579,0.27,0.06
1910,0.02890751568358925,0.0,0.02890751568358925,0.0,0.0,0.0,0.0,3.943359437715579,0.27,0.06
1911,0.02950560221497375,0.0,0.02950560221497375,0.0,0.0,0.0,0.0,3.943359437715579,0.27,0.06
1912,0.02950560221497375,0.0,0.02950560221497375,0.0,0.0,0.0,0.0,3.943359437715579,0.27,0.06
1913,0.03548646752881975,0.0,0.03548646752881975,0.0,0.0,0.0,0.0,3.943359437715579,0.27,0.06
1914,0.03548646752881975,0.0,0.03548646752881975,0.0,0.0,0.0,0.0,3.943359437715579,0.27,0.06
1915,0.072368470297537,0.0,0.07236847029753699,0.0,0.0,1.3877787807814457e-17,0.0,3.943359437715579,0.27,0.06
1916,0.072368470297537,0.0,0.072368470297537,0.0,0.0,0.0,0.0,3.943359437715579,0.27,0.06
1917,0.12699370683066424,0.0,0.12699370683066424,0.0,0.0,0.0,0.0,3.943359437715579,0.27,0.06
1918,0.12699370683066424,0.0,0.12699370683066424,0.0,0.0,0.0,0.0,3.943359437715579,0.27,0.06
1919,0.0370813649458455,0.0,0.0370813649458455,0.0,0.0,0.0,0.0,3.943359437715579,0.27,0.06
1920,0.0370813649458455,0.0,0.0370813649458455,0.0,0.0,0.0,0.0,3.943359437715579,0.27,0.06
1921,0.033692207934666,0.0,0.033692207934666,0.0,0.0,0.0,0.0,3.943359437715579,0.27,0.06
1922,0.033692207934666,0.0,0.033692207934666,0.0,0.0,0.0,0.0,3.943359437715579,0.27,0.06
1923,0.02192983948410215,0.0,0.02192983948410215,0.0,0.0,0.0,0.0,3.943359437715579,0.27,0.06
1924,0.02192983948410215,0.0,0.02192983948410215,0.0,0.0,0.0,0.0,3.943359437715579,0.27,0.06
1925,0.021132390775589326,0.0,0.021132390775589326,0.0,0.0,0.0,0.0,3.943359437715579,0.27,0.06
1926,0.021132390775589326,0.0,0.021132390775589326,0.0,0.0,0.0,0.0,3.943359437715579,0.27,0.06
1927,0.02611644520379425,0.0,0.02611644520379425,0.0,0.0,0.0,0.0,3.943359437715579,0.27,0.06
1928,0.02611644520379425,0.0,0.02611644520379425,0.0,0.0,0.0,0.0,3.943359437715579,0.27,0.06
1929,0.0273126182665635,0.0,0.0273126182665635,0.0,0.0,0.0,0.0,3.943359437715579,0.27,0.06
1930,0.0273126182665635,0.0,0.0273126182665635,0.0,0.0,0.0,0.0,3.943359437715579,0.27,0.06
1931,0.033692207934666,0.0,0.033692207934666,0.0,0.0,0.0,0.0,3.943359437715579,0.27,0.06
1932,0.033692207934666,0.0,0.033692207934666,0.0,0.0,0.0,0.0,3.943359437715579,0.27,0.06
1933,0.02771134262082,0.0,0.02771134262082,0.0,0.0,0.0,0.0,3.943359437715579,0.27,0.06
1934,0.02771134262082,0.0,0.02771134262082,0.0,0.0,0.0,0.0,3.943359437715579,0.27,0.06
1935,0.020933028598461124,0.0,0.020933028598461124,0.0,0.0,0.0,0.0,3.943359437715579,0.27,0.06
1936,0.020933028598461124,0.0,0.020933028598461124,0.0,0.0,0.0,0.0,3.943359437715579,0.27,0.06
1937,0.0263158073809225,0.0,0.026315807380923317,0.0,0.0,0.0,0.0,3.943359437715579,0.27,0.06
1938,0.0263158073809225,0.0,0.0263158073809225,0.0,0.0,0.0,0.0,3.943359437715579,0.27,0.06
1939,0.02372409907825595,0.0,0.023724099078256344,0.0,0.0,0.0,0.0,3.943359437715579,0.27,0.06
1940,0.02372409907825595,0.0,0.02372409907825595,0.0,0.0,0.0,0.0,3.943359437715579,0.27,0.06
1941,0.04545457638523,0.0,0.04545457638523,0.0,0.0,0.0,0.0,3.943359437715579,0.27,0.06
1942,0.04545457638523,0.0,0.04545457638523,0.0,0.0,0.0,0.0,3.943359437715579,0.27,0.06
1943,0.0380781758314865,0.0,0.0380781758314865,0.0,0.0,0.0,0.0,3.943359437715579,0.27,0.06
1944,0.0380781758314865,0.0,0.0380781758314865,0.0,0.0,0.0,0.0,3.943359437715579,0.27,0.06
1945,0.0263158073809225,0.0,0.0263158073809225,0.0,0.0,0.0,0.0,3.943359437715579,0.27,0.06
1946,0.0263158073809225,0.0,0.0263158073809225,0.0,0.0,0.0,0.0,3.943359437715579,0.27,0.06
1947,0.02791070479794825,0.0,0.02791070479794825,0.0,0.0,0.0,0.0,3.943359437715579,0.27,0.06
1948,0.02791070479794825,0.0,0.02791070479794825,0.0,0.0,0.0,0.0,3.943359437715579,0.27,0.06
1949,0.020135579889948324,0.0,0.020135579889948324,0.0,0.0,0.0,0.0,3.943359437715579,0.27,0.06
1950,0.020135579889948324,0.0,0.020135579889948324,0.0,0.0,0.0,0.0,3.943359437715579,0.27,0.06
1951,0.02212920166123035,0.0,0.02212920166123035,0.0,0.0,0.0,0.0,3.943359437715579,0.27,0.06
1952,0.02212920166123035,0.0008191794430855218,0.021310022218145264,0.0,0.0,0.0,0.0,3.943359437715579,0.27,0.06
1953,0.03887562453999925,0.0067582304054555516,0.0321173941345437,0.0,0.0,0.0,0.0,3.943359437715579,0.27,0.06
1954,0.03887562453999925,0.010342140468954701,0.02853348407104455,0.0,0.0,0.0,0.0,3.943359437715579,0.27,0.06
1955,0.0372807271229735,0.013311665950139698,0.023969061172833803,0.0,0.0,0.0,0.0,3.943359437715579,0.27,0.06
1956,0.0372807271229735,0.015769204279396265,0.021511522843577234,0.0,0.0,0.0,0.0,3.943359437715579,0.27,0.06
1957,0.05462523653312725,0.018431537469424216,0.03619369906370304,0.0,0.0,0.0,0.0,3.943359437715579,0.27,0.06
1958,0.05462523653312725,0.020479486077138013,0.034145750455989235,0.0,0.0,0.0,0.0,3.943359437715579,0.27,0.06
1959,0.02751198044369175,0.022220242393694765,0.005291738049996983,0.0,0.0,0.0,0.0,3.943359437715579,0.27,0.06
1960,0.02751198044369175,0.024882575583722703,0.0,0.0,0.0,0.0026294048599690457,0.0,3.9426674890682185,0.27,0.06
1961,0.03050241310061475,0.03276717772342085,0.0,0.0,0.002264764622806101,0.0,0.0,3.943205370666135,0.27,0.06
1962,0.03050241310061475,0.05427063810441576,0.0,0.0,0.023768225003801005,0.0,0.0,3.9488503241045376,0.27,0.06
1963,0.02850879132933275,0.0857066492328228,0.0,-8.049116928532385e-16,0.057197857903490856,0.0,0.0,3.962434815356617,0.27,0.06
1964,0.02850879132933275,0.11847382695624357,0.0,0.0,0.08996503562691083,0.0,0.0,3.983801511318008,0.27,0.06
1965,0.0263158073809225,0.1492954535023362,0.0,0.0,0.1229796461214137,0.0,0.0,4.013009177271844,0.27,0.06
1966,0.0263158073809225,0.1762259776937726,0.0,0.0,0.1499101703128501,0.0,0.0,4.048612842721146,0.27,0.06
1967,0.41267968671916,0.18431537469424228,0.22836431202491772,0.0,0.0,0.0,0.0,4.048612842721146,0.27,0.06
1968,0.41267968671916,0.2026445147332808,0.2100351719858792,0.0,0.0,0.0,0.0,4.048612842721146,0.27,0.06
1969,0.40151540479998,0.19240477169471173,0.20911063310526826,0.0,0.0,0.0,0.0,4.048612842721146,0.27,0.06
1970,0.40151540479998,0.1993677969609387,0.2021476078390413,0.0,0.0,0.0,0.0,4.048612842721146,0.27,0.06
1971,0.3237641756562,0.21564898839226346,0.10811518726393657,0.0,0.0,0.0,0.0,4.048612842721146,0.27,0.06
1972,0.3237641756562,0.22578633400044673,0.0979778416557533,0.0,0.0,0.0,0.0,4.048612842721146,0.27,0.06
1973,0.1897927926260475,0.25517439652113977,0.0,0.0,0.06538160389509226,0.0,0.0,4.0641409736462295,0.27,0.06
1974,0.1897927926260475,0.21145069374645029,0.0,0.0,0.021657901120402778,0.0,0.0,4.069284725162325,0.27,0.06
1975,0.24182634079272575,0.16004718369283377,0.08177915709989197,0.0,0.0,0.0,0.0,4.069284725162325,0.27,0.06
1976,0.24182634079272575,0.12789439055172702,0.11393195024099789,0.0,0.0,0.0,0.0,4.069284725162325,0.27,0.06
1977,0.1917864143973295,0.11325155800657337,0.07853485639075612,0.0,0.0,0.0,0.0,4.069284725162325,0.27,0.06
1978,0.1917864143973295,0.10260222524646148,0.08918418915086868,0.0,0.0,0.0,0.0,4.069284725162325,0.27,0.06
1979,0.212320738577752,0.1061861353099606,0.1061346032677914,0.0,0.0,0.0,0.0,4.069284725162325,0.27,0.06
1980,0.212320738577752,0.09430803338522077,0.11801270519253122,0.0,0.0,0.0,0.0,4.069284725162325,0.27,0.06
1981,0.2250798780415215,0.08488746978973707,0.14019240825178442,0.0,0.0,0.0,0.0,4.069284725162325,0.27,0.06
1982,0.2250798780415215,0.056728176433672346,0.16835170160784915,0.0,0.0,0.0,0.0,4.069284725162325,0.27,0.06
1983,0.1907896035116885,0.04587404881278919,0.1449155546988993,0.0,0.0,0.0,0.0,4.069284725162325,0.27,0.06
1984,0.1907896035116885,0.0364534852173057,0.1543361182943828,0.0,0.0,0.0,0.0,4.069284725162325,0.27,0.06
1985,0.20833347509897024,0.0321527931411067,0.17618068195786354,0.0,0.0,0.0,0.0,4.069284725162325,0.27,0.06
1986,0.20833347509897024,0.03041203682454999,0.17792143827442025,0.0,0.0,0.0,0.0,4.069284725162325,0.27,0.06
1987,0.020135579889948324,0.028159293356064784,0.0,3.8163916471489756e-16,0.008023713466116078,0.0,0.0,4.0711903571105275,0.27,0.06
1988,0.020135579889948324,0.022937024406394585,0.0,0.0,0.002801444516446261,0.0,0.0,4.071855700183184,0.27,0.06
1989,0.1351675560929205,0.015462011988239217,0.11970554410468104,0.0,0.0,0.0,0.0,4.071855700183184,0.27,0.06
1990,0.1351675560929205,0.0067582304054555516,0.12840932568746494,0.0,0.0,0.0,0.0,4.071855700183184,0.27,0.06
1991,0.0877193579364085,0.001740756316556734,0.08597860161985177,0.0,0.0,0.0,0.0,4.071855700183184,0.27,0.06
1992,0.0877193579364085,0.0,0.0877193579364085,0.0,0.0,0.0,0.0,4.071855700183184,0.27,0.06
1993,0.173445094101535,0.0,0.173445094101535,0.0,0.0,0.0,0.0,4.071855700183184,0.27,0.06
1994,0.173445094101535,0.0,0.173445094101535,0.0,0.0,0.0,0.0,4.071855700183184,0.27,0.06
1995,0.04784692251076825,0.0,0.04784692251076825,0.0,0.0,0.0,0.0,4.071855700183184,0.27,0.06
1996,0.04784692251076825,0.0,0.04784692251076825,0.0,0.0,0.0,0.0,4.071855700183184,0.27,0.06
1997,0.04625202509374275,0.0,0.04625202509374275,0.0,0.0,0.0,0.0,4.071855700183184,0.27,0.06
1998,0.04625202509374275,0.0,0.04625202509374275,0.0,0.0,0.0,0.0,4.071855700183184,0.27,0.06
1999,0.063397172326768,0.0,0.063397172326768,0.0,0.0,0.0,0.0,4.071855700183184,0.27,0.06
2000,0.063397172326768,0.0,0.06339717232676811,0.0,0.0,0.0,0.0,4.071855700183184,0.27,0.06
2001,0.0470494738022555,0.0,0.0470494738022555,0.0,0.0,0.0,0.0,4.071855700183184,0.27,0.06
2002,0.0470494738022555,0.0,0.0470494738022555,0.0,0.0,0.0,0.0,4.071855700183184,0.27,0.06
2003,0.048644371219281,0.0,0.048644371219281,0.0,0.0,0.0,0.0,4.071855700183184,0.27,0.06
2004,0.048644371219281,0.0,0.048644371219281,0.0,0.0,0.0,0.0,4.071855700183184,0.27,0.06
2005,0.03987243542564025,0.0,0.03987243542564025,0.0,0.0,0.0,0.0,4.071855700183184,0.27,0.06
2006,0.03987243542564025,0.0,0.03987243542564025,0.0,0.0,0.0,0.0,4.071855700183184,0.27,0.06
2007,0.0171451472330253,0.0,0.0171451472330253,0.0,0.0,0.0,0.0,4.071855700183184,0.27,0.06
2008,0.0171451472330253,0.0,0.0171451472330253,0.0,0.0,0.0,0.0,4.071855700183184,0.27,0.06
2009,0.0253189964952815,0.0,0.0253189964952815,0.0,0.0,0.0,0.0,4.071855700183184,0.27,0.06
2010,0.0253189964952815,0.0,0.0253189964952815,0.0,0.0,0.0,0.0,4.071855700183184,0.27,0.06
2011,0.0155502498159997,0.0,0.0155502498159997,0.0,0.0,0.0,0.0,4.071855700183184,0.27,0.06
2012,0.0155502498159997,0.0,0.0155502498159997,0.0,0.0,0.0,0.0,4.071855700183184,0.27,0.06
2013,0.0301036887463585,0.0,0.0301036887463585,0.0,0.0,0.0,0.0,4.071855700183184,0.27,0.06
2014,0.0301036887463585,0.0,0.0301036887463585,0.0,0.0,0.0,0.0,4.071855700183184,0.27,0.06
2015,0.039673073248512,0.0,0.039673073248512,0.0,0.0,0.0,0.0,4.071855700183184,0.27,0.06
2016,0.039673073248512,0.0,0.039673073248512,0.0,0.0,0.0,0.0,4.071855700183184,0.27,0.06
2017,0.0320973105176405,0.0,0.0320973105176405,0.0,0.0,0.0,0.0,4.071855700183184,0.27,0.06
2018,0.0320973105176405,0.0,0.0320973105176405,0.0,0.0,0.0,0.0,4.071855700183184,0.27,0.06
2019,0.04425840332246075,0.0,0.04425840332246075,0.0,0.0,0.0,0.0,4.071855700183184,0.27,0.06
2020,0.04425840332246075,0.0,0.04425840332246075,0.0,0.0,0.0,0.0,4.071855700183184,0.27,0.06
2021,0.03628391623733275,0.0,0.03628391623733275,0.0,0.0,0.0,0.0,4.071855700183184,0.27,0.06
2022,0.03628391623733275,0.0,0.03628391623733275,0.0,0.0,0.0,0.0,4.071855700183184,0.27,0.06
2023,0.0332934835804095,0.0,0.0332934835804095,0.0,0.0,0.0,0.0,4.071855700183184,0.27,0.06
2024,0.0332934835804095,0.0,0.0332934835804095,0.0,0.0,0.0,0.0,4.071855700183184,0.27,0.06
2025,0.03628391623733275,0.0,0.03628391623733275,0.0,0.0,0.0,0.0,4.071855700183184,0.27,0.06
2026,0.03628391623733275,0.0,0.03628391623733275,0.0,0.0,0.0,0.0,4.071855700183184,0.27,0.06
2027,0.03847690018574275,0.0,0.03847690018574275,0.0,0.0,0.0,0.0,4.071855700183184,0.27,0.06
2028,0.03847690018574275,0.0,0.03847690018574275,0.0,0.0,0.0,0.0,4.071855700183184,0.27,0.06
2029,0.019736855535691926,0.0,0.019736855535691926,0.0,0.0,0.0,0.0,4.071855700183184,0.27,0.06
2030,0.019736855535691926,0.0,0.019736855535691926,0.0,0.0,0.0,0.0,4.071855700183184,0.27,0.06
2031,0.019936217712820125,0.0,0.019936217712820125,0.0,0.0,0.0,0.0,4.071855700183184,0.27,0.06
2032,0.019936217712820125,0.0,0.019936217712820125,0.0,0.0,0.0,0.0,4.071855700183184,0.27,0.06
2033,0.02352473690112775,0.0,0.02352473690112775,0.0,0.0,0.0,0.0,4.071855700183184,0.27,0.06
2034,0.02352473690112775,0.0,0.02352473690112775,0.0,0.0,0.0,0.0,4.071855700183184,0.27,0.06
2035,0.0540271500017425,0.0,0.0540271500017425,0.0,0.0,0.0,0.0,4.071855700183184,0.27,0.06
2036,0.0540271500017425,0.0,0.0540271500017425,0.0,0.0,0.0,0.0,4.071855700183184,0.27,0.06
2037,0.051634803876204,0.0,0.051634803876204,0.0,0.0,0.0,0.0,4.071855700183184,0.27,0.06
2038,0.051634803876204,0.0,0.051634803876204,0.0,0.0,0.0,0.0,4.071855700183184,0.27,0.06
2039,0.03349284575753775,0.0,0.03349284575753764,0.0,0.0,0.0,0.0,4.071855700183184,0.27,0.06
2040,0.03349284575753775,0.0,0.03349284575753775,0.0,0.0,0.0,0.0,4.071855700183184,0.27,0.06
2041,0.0301036887463585,0.0,0.03010368874635816,0.0,0.0,0.0,0.0,4.071855700183184,0.27,0.06
2042,0.0301036887463585,0.0,0.0301036887463585,0.0,0.0,0.0,0.0,4.071855700183184,0.27,0.06
2043,0.03688200276871725,0.0,0.03688200276871725,0.0,0.0,0.0,0.0,4.071855700183184,0.27,0.06
2044,0.03688200276871725,0.0,0.03688200276871725,0.0,0.0,0.0,0.0,4.071855700183184,0.27,0.06
2045,0.2135168917043035,0.0,0.2135168917043035,0.0,0.0,0.0,0.0,4.071855700183184,0.27,0.06
2046,0.2135168917043035,0.0,0.2135168917043035,0.0,0.0,0.0,0.0,4.071855700183184,0.27,0.06
2047,0.07755188690287025,0.0,0.07755188690287025,0.0,0.0,0.0,0.0,4.071855700183184,0.27,0.06
2048,0.07755188690287025,0.0,0.07755188690287025,0.0,0.0,0.0,0.0,4.071855700183184,0.27,0.06
2049,0.04286286808256325,0.0032767177723420833,0.03958615031022117,0.0,0.0,0.0,0.0,4.071855700183184,0.27,0.06
2050,0.04286286808256325,0.009932550747411933,0.032930317335151324,0.0,0.0,0.0,0.0,4.071855700183184,0.27,0.06
2051,0.0450558520309735,0.024677780722951324,0.02037807130802218,0.0,0.0,0.0,0.0,4.071855700183184,0.27,0.06
2052,0.0450558520309735,0.024165793571022894,0.020890058459951177,0.0,0.0,0.0,0.0,4.071855700183184,0.27,0.06
2053,0.03149922398625575,0.03348395973612068,0.0,0.0,0.0019847357498649285,0.0,0.0,4.072327074923776,0.27,0.06
2054,0.03149922398625575,0.05846893275022898,0.0,0.0,0.026969708763973227,0.0,0.0,4.07873238075522,0.27,0.06
2055,0.03389157011179425,0.057035368724829345,0.0,0.0,0.023143798613035095,0.0,0.0,4.0842290329258155,0.27,0.06
2056,0.03389157011179425,0.040446985002347606,0.0,0.0,0.006555414890553356,0.0,0.0,4.085785943962323,0.27,0.06
2057,0.0322966726947685,0.03471272890074896,0.0,0.0,0.0024160562059804616,0.0,0.0,4.086359757311243,0.27,0.06
2058,0.0322966726947685,0.03563430577422017,0.0,0.0,0.003337633079451674,0.0,0.0,4.087152445167613,0.27,0.06
2059,0.0340909322889225,0.05447543296518715,0.0,0.0,0.02038450067626465,0.0,0.0,4.091993764078226,0.27,0.06
2060,0.0340909322889225,0.05181309977515919,0.0,0.0,0.017722167486236687,0.0,0.0,4.096202778856207,0.27,0.06
2061,0.04146733284266575,0.054065843243644406,0.0,0.0,0.012598510400978653,0.0,0.0,4.099194925076439,0.27,0.06
2062,0.04146733284266575,0.11232998113310197,0.0,0.0,0.07086264829043622,0.0,0.0,4.116024804045418,0.27,0.06
2063,0.39673073248512,0.06471517600375613,0.33201555648136427,0.0,0.0,0.0,0.0,4.116024804045418,0.27,0.06
2064,0.39673073248512,0.05642098414251531,0.34030974834260463,0.0,0.0,0.0,0.0,4.116024804045418,0.27,0.06
2065,0.4134771354276725,0.056728176433672346,0.3567489589940003,0.0,0.0,0.0,0.0,4.116024804045418,0.27,0.06
2066,0.4134771354276725,0.04996994602821682,0.3635071893994557,0.0,0.0,0.0,0.0,4.116024804045418,0.27,0.06
2067,0.421651004626145,0.061028868509871326,0.3606221361162737,0.0,0.0,0.0,0.0,4.116024804045418,0.27,0.06
2068,0.421651004626145,0.042802125901218464,0.37884887872492656,0.0,0.0,0.0,0.0,4.116024804045418,0.27,0.06
2069,0.1818183055409195,0.040446985002347606,0.14137132053857188,0.0,0.0,0.0,0.0,4.116024804045418,0.27,0.06
2070,0.1818183055409195,0.03788704924270537,0.14393125629821413,0.0,0.0,0.0,0.0,4.116024804045418,0.27,0.06
2071,0.18959343044891924,0.06952785523188365,0.12006557521703559,0.0,0.0,0.0,0.0,4.116024804045418,0.27,0.06
2072,0.18959343044891924,0.162607119452476,0.026986310996443247,0.0,0.0,0.0,0.0,4.116024804045418,0.27,0.06
2073,0.26614850646615,0.15462011988239213,0.11152838658375788,0.0,0.0,0.0,0.0,4.116024804045418,0.27,0.06
2074,0.26614850646615,0.14694031260346535,0.11920819386268466,0.0,0.0,0.0,0.0,4.116024804045418,0.27,0.06
2075,0.19497620923138076,0.15861361966743392,0.036362589563946834,0.0,0.0,0.0,0.0,4.116024804045418,0.27,0.06
2076,0.19497620923138076,0.1498074406542646,0.045168768577116936,0.0,0.0,0.0,0.0,4.116024804045418,0.27,0.06
2077,0.18620427343774,0.13055672374175512,0.05564754969598487,0.0,0.0,0.0,0.0,4.116024804045418,0.27,0.06
2078,0.18620427343774,0.11632348091814398,0.06988079251959611,0.0,0.0,0.0,0.0,4.116024804045418,0.27,0.06
2079,0.245813564399072,0.09645837942332017,0.14935518497575184,0.0,0.0,0.0,0.0,4.116024804045418,0.27,0.06
2080,0.245813564399072,0.0782316368146674,0.1675819275844046,0.0,0.0,0.0,0.0,4.116024804045418,0.27,0.06
2081,0.070374848526255,0.058980919902157536,0.011393928624097466,0.0,0.0,0.0,0.0,4.116024804045418,0.27,0.06
2082,0.070374848526255,0.04474767707854659,0.02562717144770841,0.0,0.0,0.0,0.0,4.116024804045418,0.27,0.06
2083,0.02472090996389695,0.021196268089837846,0.003524641874059105,0.0,0.0,0.0,0.0,4.116024804045418,0.27,0.06
2084,0.02472090996389695,0.012594883937439886,0.012126026026457066,0.0,0.0,0.0,0.0,4.116024804045418,0.27,0.06
2085,0.18540682472922726,0.010854127620883154,0.17455269710834412,0.0,0.0,0.0,0.0,4.116024804045418,0.27,0.06
2086,0.18540682472922726,0.00614384582314141,0.17926297890608586,0.0,0.0,0.0,0.0,4.116024804045418,0.27,0.06
2087,0.03289475922615325,0.0001023974303856902,0.03279236179576756,0.0,0.0,0.0,0.0,4.116024804045418,0.27,0.06
2088,0.03289475922615325,0.0,0.03289475922615325,0.0,0.0,0.0,0.0,4.116024804045418,0.27,0.06
2089,0.08353275221671624,0.0,0.08353275221671624,0.0,0.0,0.0,0.0,4.116024804045418,0.27,0.06
2090,0.08353275221671624,0.0,0.08353275221671624,0.0,0.0,0.0,0.0,4.116024804045418,0.27,0.06
2091,0.05283097693897325,0.0,0.05283097693897325,0.0,0.0,0.0,0.0,4.116024804045418,0.27,0.06
2092,0.05283097693897325,0.0,0.05283097693897325,0.0,0.0,0.0,0.0,4.116024804045418,0.27,0.06
2093,0.0490430955735375,0.0,0.04904309557353749,0.0,0.0,6.938893903907228e-18,0.0,4.116024804045418,0.27,0.06
2094,0.0490430955735375,0.0,0.0490430955735375,0.0,0.0,0.0,0.0,4.116024804045418,0.27,0.06
2095,0.067384415869332,0.0,0.067384415869332,0.0,0.0,0.0,0.0,4.116024804045418,0.27,0.06
2096,0.067384415869332,0.0,0.067384415869332,0.0,0.0,0.0,0.0,4.116024804045418,0.27,0.06
2097,0.05821375572143475,0.0,0.05821375572143475,0.0,0.0,0.0,0.0,4.116024804045418,0.27,0.06
2098,0.05821375572143475,0.0,0.05821375572143475,0.0,0.0,0.0,0.0,4.116024804045418,0.27,0.06
2099,0.05023926863630675,0.0,0.05023926863630675,0.0,0.0,0.0,0.0,4.116024804045418,0.27,0.06
2100,0.05023926863630675,0.0,0.05023926863630675,0.0,0.0,0.0,0.0,4.116024804045418,0.27,0.06
2101,0.04824564686502475,0.0,0.04824564686502475,0.0,0.0,0.0,0.0,4.116024804045418,0.27,0.06
2102,0.04824564686502475,0.0,0.04824564686502475,0.0,0.0,0.0,0.0,4.116024804045418,0.27,0.06
2103,0.02212920166123035,0.0,0.02212920166123035,0.0,0.0,0.0,0.0,4.116024804045418,0.27,0.06
2104,0.02212920166123035,0.0,0.02212920166123035,0.0,0.0,0.0,0.0,4.116024804045418,0.27,0.06
2105,0.021730477306973923,0.0,0.021730477306973923,0.0,0.0,0.0,0.0,4.116024804045418,0.27,0.06
2106,0.021730477306973923,0.0,0.021730477306973923,0.0,0.0,0.0,0.0,4.116024804045418,0.27,0.06
2107,0.04784692251076825,0.0,0.04784692251076825,0.0,0.0,0.0,0.0,4.116024804045418,0.27,0.06
2108,0.04784692251076825,0.0,0.04784692251076825,0.0,0.0,0.0,0.0,4.116024804045418,0.27,0.06
2109,0.15849293081692,0.0,0.15849293081692,0.0,0.0,0.0,0.0,4.116024804045418,0.27,0.06
2110,0.15849293081692,0.0,0.15849293081692,0.0,0.0,0.0,0.0,4.116024804045418,0.27,0.06
2111,0.09928236420984425,0.0,0.09928236420984425,0.0,0.0,0.0,0.0,4.116024804045418,0.27,0.06
2112,0.09928236420984425,0.0,0.09928236420984425,0.0,0.0,0.0,0.0,4.116024804045418,0.27,0.06
2113,0.04884373339640925,0.0,0.04884373339640925,0.0,0.0,0.0,0.0,4.116024804045418,0.27,0.06
2114,0.04884373339640925,0.0,0.04884373339640925,0.0,0.0,0.0,0.0,4.116024804045418,0.27,0.06
2115,0.0410686084884095,0.0,0.0410686084884095,0.0,0.0,0.0,0.0,4.116024804045418,0.27,0.06
2116,0.0410686084884095,0.0,0.0410686084884095,0.0,0.0,0.0,0.0,4.116024804045418,0.27,0.06
2117,0.03389157011179425,0.0,0.03389157011179425,0.0,0.0,0.0,0.0,4.116024804045418,0.27,0.06
2118,0.03389157011179425,0.0,0.03389157011179425,0.0,0.0,0.0,0.0,4.116024804045418,0.27,0.06
2119,0.02312601254687135,0.0,0.02312601254687135,0.0,0.0,0.0,0.0,4.116024804045418,0.27,0.06
2120,0.02312601254687135,0.0,0.02312601254687135,0.0,0.0,0.0,0.0,4.116024804045418,0.27,0.06
2121,0.03289475922615325,0.0,0.03289475922615325,0.0,0.0,0.0,0.0,4.116024804045418,0.27,0.06
2122,0.03289475922615325,0.0,0.03289475922615325,0.0,0.0,0.0,0.0,4.116024804045418,0.27,0.06
2123,0.026714531735179,0.0,0.026714531735179,0.0,0.0,0.0,0.0,4.116024804045418,0.27,0.06
2124,0.026714531735179,0.0,0.026714531735179,0.0,0.0,0.0,0.0,4.116024804045418,0.27,0.06
2125,0.03389157011179425,0.0,0.03389157011179425,0.0,0.0,0.0,0.0,4.116024804045418,0.27,0.06
2126,0.03389157011179425,0.0,0.03389157011179425,0.0,0.0,0.0,0.0,4.116024804045418,0.27,0.06
2127,0.0340909322889225,0.0,0.0340909322889225,0.0,0.0,0.0,0.0,4.116024804045418,0.27,0.06
2128,0.0340909322889225,0.0,0.0340909322889225,0.0,0.0,0.0,0.0,4.116024804045418,0.27,0.06
2129,0.02591708302666625,0.0,0.02591708302666625,0.0,0.0,0.0,0.0,4.116024804045418,0.27,0.06
2130,0.02591708302666625,0.0,0.02591708302666625,0.0,0.0,0.0,0.0,4.116024804045418,0.27,0.06
2131,0.03289475922615325,0.0,0.03289475922615325,0.0,0.0,0.0,0.0,4.116024804045418,0.27,0.06
2132,0.03289475922615325,0.0,0.03289475922615325,0.0,0.0,0.0,0.0,4.116024804045418,0.27,0.06
2133,0.03149922398625575,0.0,0.03149922398625575,0.0,0.0,0.0,0.0,4.116024804045418,0.27,0.06
2134,0.03149922398625575,0.0,0.03149922398625575,0.0,0.0,0.0,0.0,4.116024804045418,0.27,0.06
2135,0.029704964392102,0.0,0.029704964392102,0.0,0.0,0.0,0.0,4.116024804045418,0.27,0.06
2136,0.029704964392102,0.0,0.029704964392102,0.0,0.0,0.0,0.0,4.116024804045418,0.27,0.06
2137,0.04445776549958875,0.0,0.04445776549958875,0.0,0.0,0.0,0.0,4.116024804045418,0.27,0.06
2138,0.04445776549958875,0.0,0.04445776549958875,0.0,0.0,0.0,0.0,4.116024804045418,0.27,0.06
2139,0.0360845540602045,0.0,0.0360845540602045,0.0,0.0,0.0,0.0,4.116024804045418,0.27,0.06
2140,0.0360845540602045,0.0,0.0360845540602045,0.0,0.0,0.0,0.0,4.116024804045418,0.27,0.06
2141,0.0976874667928185,0.0,0.09768746679281826,0.0,0.0,0.0,0.0,4.116024804045418,0.27,0.06
2142,0.0976874667928185,0.0,0.0976874667928185,0.0,0.0,0.0,0.0,4.116024804045418,0.27,0.06
2143,0.04425840332246075,0.0,0.04425840332246075,0.0,0.0,0.0,0.0,4.116024804045418,0.27,0.06
2144,0.04425840332246075,0.0,0.04425840332246075,0.0,0.0,0.0,0.0,4.116024804045418,0.27,0.06
2145,0.0777512490799985,0.001126371734242592,0.0766248773457559,0.0,0.0,0.0,0.0,4.116024804045418,0.27,0.06
2146,0.0777512490799985,0.006655832975069854,0.07109541610492864,0.0,0.0,0.0,0.0,4.116024804045418,0.27,0.06
2147,0.03548646752881975,0.01198049935512574,0.023505968173694013,0.0,0.0,0.0,0.0,4.116024804045418,0.27,0.06
2148,0.03548646752881975,0.024370588431794245,0.011115879097025508,0.0,0.0,0.0,0.0,4.116024804045418,0.27,0.06
2149,0.03448965664317875,0.01249248650705419,0.021997170136124556,0.0,0.0,0.0,0.0,4.116024804045418,0.27,0.06
2150,0.03448965664317875,0.03266478029303515,0.0018248763501435977,0.0,0.0,0.0,0.0,4.116024804045418,0.27,0.06
2151,0.028708153506461,0.02764730620413634,0.0,0.0,0.0,0.0010608473023246585,0.0,4.115745633702701,0.27,0.06
2152,0.028708153506461,0.05498742011711561,0.0,0.0,0.026279266610654613,0.0,0.0,4.121986959522732,0.27,0.06
2153,0.02392346125538415,0.08048438028315244,0.0,-4.163336342344337e-16,0.056560919027768705,0.0,0.0,4.135420177791827,0.27,0.06
2154,0.02392346125538415,0.030002447103007222,0.0,0.0,0.006078985847623071,0.0,0.0,4.136863936930638,0.27,0.06
2155,0.03528710535169175,0.04403089506584675,0.0,5.412337245047638e-16,0.00874378971415446,0.0,0.0,4.13894058698775,0.27,0.06
2156,0.03528710535169175,0.04126616444543312,0.0,0.0,0.005979059093741371,0.0,0.0,4.140360613522513,0.27,0.06
2157,0.03189794834051225,0.08212273916932347,0.0,7.355227538141662e-16,0.050224790828810484,0.0,0.0,4.152289001344355,0.27,0.06
2158,0.03189794834051225,0.04935556144590267,0.0,0.0,0.017457613105390415,0.0,0.0,4.156435184456885,0.27,0.06
2159,0.4100879784164925,0.05119871519284505,0.35888926322364745,0.0,0.0,0.0,0.0,4.156435184456885,0.27,0.06
2160,0.4100879784164925,0.10465017385417542,0.3054378045623171,0.0,0.0,0.0,0.0,4.156435184456885,0.27,0.06
2161,0.4116829157059525,0.039218215837719304,0.3724646998682332,0.0,0.0,0.0,0.0,4.156435184456885,0.27,0.06
2162,0.4116829157059525,0.04351890791391833,0.3681640077920342,0.0,0.0,0.0,0.0,4.156435184456885,0.27,0.06
2163,0.360646178424915,0.10628853274034637,0.2543576456845686,0.0,0.0,0.0,0.0,4.156435184456885,0.27,0.06
2164,0.360646178424915,0.10598134044918947,0.2546648379757255,0.0,0.0,0.0,0.0,4.156435184456885,0.27,0.06
2165,0.1668661422563045,0.06154085566179974,0.10532528659450513,0.0,0.0,0.0,0.0,4.156435184456885,0.27,0.06
2166,0.1668661422563045,0.05468022782595852,0.11218591443034598,0.0,0.0,0.0,0.0,4.156435184456885,0.27,0.06
2167,0.25259187842143,0.03286957515380653,0.21972230326762346,0.0,0.0,0.0,0.0,4.156435184456885,0.27,0.06
2168,0.25259187842143,0.02774970363452203,0.22484217478690796,0.0,0.0,0.0,0.0,4.156435184456885,0.27,0.06
2169,0.1977672797111755,0.024882575583722703,0.1728847041274528,0.0,0.0,0.0,0.0,4.156435184456885,0.27,0.06
2170,0.1977672797111755,0.029695254811850137,0.16807202489932535,0.0,0.0,0.0,0.0,4.156435184456885,0.27,0.06
2171,0.191188327865945,0.024268191001408545,0.16692013686453647,0.0,0.0,0.0,0.0,4.156435184456885,0.27,0.06
2172,0.191188327865945,0.029183267659921686,0.16200506020602332,0.0,0.0,0.0,0.0,4.156435184456885,0.27,0.06
2173,0.232855022885739,0.029797652242235854,0.20305737064350315,0.0,0.0,0.0,0.0,4.156435184456885,0.27,0.06
2174,0.232855022885739,0.028568883077607563,0.20428613980813143,0.0,0.0,0.0,0.0,4.156435184456885,0.27,0.06
2175,0.18141958118666324,0.024268191001408545,0.1571513901852547,0.0,0.0,0.0,0.0,4.156435184456885,0.27,0.06
2176,0.18141958118666324,0.02478017815333701,0.15663940303332624,0.0,0.0,0.0,0.0,4.156435184456885,0.27,0.06
2177,0.18999215480317574,0.013721255671682477,0.17627089913149327,0.0,0.0,0.0,0.0,4.156435184456885,0.27,0.06
2178,0.18999215480317574,0.014028447962839526,0.1759637068403368,0.0,0.0,0.0,0.0,4.156435184456885,0.27,0.06
2179,0.18102085683240676,0.013414063380525403,0.16760679345188137,0.0,0.0,0.0,0.0,4.156435184456885,0.27,0.06
2180,0.18102085683240676,0.007372614987769688,0.17364824184463679,0.0,0.0,0.0,0.0,4.156435184456885,0.27,0.06
2181,0.030701775277743,0.00870378158278366,0.02199799369495934,0.0,0.0,0.0,0.0,4.156435184456885,0.27,0.06
2182,0.030701775277743,0.0016383588861710416,0.029063416391571957,0.0,0.0,0.0,0.0,4.156435184456885,0.27,0.06
2183,0.11822177103702325,0.0,0.11822177103702325,0.0,0.0,0.0,0.0,4.156435184456885,0.27,0.06
2184,0.11822177103702325,0.0,0.11822177103702325,0.0,0.0,0.0,0.0,4.156435184456885,0.27,0.06
2185,0.2284690549889185,0.0,0.2284690549889185,0.0,0.0,0.0,0.0,4.156435184456885,0.27,0.06
2186,0.2284690549889185,0.0,0.2284690549889185,0.0,0.0,0.0,0.0,4.156435184456885,0.27,0.06
2187,0.0490430955735375,0.0,0.0490430955735375,0.0,0.0,0.0,0.0,4.156435184456885,0.27,0.06
2188,0.0490430955735375,0.0,0.0490430955735375,0.0,0.0,0.0,0.0,4.156435184456885,0.27,0.06
2189,0.04385967896820425,0.0,0.04385967896820425,0.0,0.0,0.0,0.0,4.156435184456885,0.27,0.06
2190,0.04385967896820425,0.0,0.04385967896820425,0.0,0.0,0.0,0.0,4.156435184456885,0.27,0.06
2191,0.06618824280656276,0.0,0.06618824280656276,0.0,0.0,0.0,0.0,4.156435184456885,0.27,0.06
2192,0.06618824280656276,0.0,0.06618824280656276,0.0,0.0,0.0,0.0,4.156435184456885,0.27,0.06
2193,0.057416307012922,0.0,0.057416307012922,0.0,0.0,0.0,0.0,4.156435184456885,0.27,0.06
2194,0.057416307012922,0.0,0.057416307012922,0.0,0.0,0.0,0.0,4.156435184456885,0.27,0.06
2195,0.06539079409805,0.0,0.06539079409805,0.0,0.0,0.0,0.0,4.156435184456885,0.27,0.06
2196,0.06539079409805,0.0,0.06539079409805,0.0,0.0,0.0,0.0,4.156435184456885,0.27,0.06
2197,0.05123607952194775,0.0,0.05123607952194775,0.0,0.0,0.0,0.0,4.156435184456885,0.27,0.06
2198,0.05123607952194775,0.0,0.05123607952194775,0.0,0.0,0.0,0.0,4.156435184456885,0.27,0.06
2199,0.02990432656923025,0.0,0.02990432656923025,0.0,0.0,0.0,0.0,4.156435184456885,0.27,0.06
2200,0.02990432656923025,0.0,0.02990432656923025,0.0,0.0,0.0,0.0,4.156435184456885,0.27,0.06
2201,0.02591708302666625,0.0,0.02591708302666625,0.0,0.0,0.0,0.0,4.156435184456885,0.27,0.06
2202,0.02591708302666625,0.0,0.02591708302666625,0.0,0.0,0.0,0.0,4.156435184456885,0.27,0.06
2203,0.1371611778642025,0.0,0.1371611778642025,0.0,0.0,0.0,0.0,4.156435184456885,0.27,0.06
2204,0.1371611778642025,0.0,0.13716117786420234,0.0,0.0,0.0,0.0,4.156435184456885,0.27,0.06
2205,0.045653938562358,0.0,0.045653938562358,0.0,0.0,0.0,0.0,4.156435184456885,0.27,0.06
2206,0.045653938562358,0.0,0.045653938562358,0.0,0.0,0.0,0.0,4.156435184456885,0.27,0.06
2207,0.04924245775066575,0.0,0.04924245775066575,0.0,0.0,0.0,0.0,4.156435184456885,0.27,0.06
2208,0.04924245775066575,0.0,0.04924245775066575,0.0,0.0,0.0,0.0,4.156435184456885,0.27,0.06
2209,0.03149922398625575,0.0,0.03149922398625575,0.0,0.0,0.0,0.0,4.156435184456885,0.27,0.06
2210,0.03149922398625575,0.0,0.03149922398625575,0.0,0.0,0.0,0.0,4.156435184456885,0.27,0.06
2211,0.02551835867240975,0.0,0.02551835867240975,0.0,0.0,0.0,0.0,4.156435184456885,0.27,0.06
2212,0.02551835867240975,0.0,0.02551835867240975,0.0,0.0,0.0,0.0,4.156435184456885,0.27,0.06
2213,0.02811006697507625,0.0,0.02811006697507625,0.0,0.0,0.0,0.0,4.156435184456885,0.27,0.06
2214,0.02811006697507625,0.0,0.02811006697507625,0.0,0.0,0.0,0.0,4.156435184456885,0.27,0.06
2215,0.030701775277743,0.0,0.030701775277743,0.0,0.0,0.0,0.0,4.156435184456885,0.27,0.06
2216,0.030701775277743,0.0,0.030701775277743,0.0,0.0,0.0,0.0,4.156435184456885,0.27,0.06
2217,0.03349284575753775,0.0,0.03349284575753775,0.0,0.0,0.0,0.0,4.156435184456885,0.27,0.06
2218,0.03349284575753775,0.0,0.03349284575753775,0.0,0.0,0.0,0.0,4.156435184456885,0.27,0.06
2219,0.03648327841446075,0.0,0.03648327841446075,0.0,0.0,0.0,0.0,4.156435184456885,0.27,0.06
2220,0.03648327841446075,0.0,0.03648327841446075,0.0,0.0,0.0,0.0,4.156435184456885,0.27,0.06
2221,0.02850879132933275,0.0,0.02850879132933275,0.0,0.0,0.0,0.0,4.156435184456885,0.27,0.06
2222,0.02850879132933275,0.0,0.02850879132933275,0.0,0.0,0.0,0.0,4.156435184456885,0.27,0.06
2223,0.028708153506461,0.0,0.028708153506461,0.0,0.0,0.0,0.0,4.156435184456885,0.27,0.06
2224,0.028708153506461,0.0,0.028708153506461,0.0,0.0,0.0,0.0,4.156435184456885,0.27,0.06
2225,0.021531115129845724,0.0,0.021531115129845724,0.0,0.0,0.0,0.0,4.156435184456885,0.27,0.06
2226,0.021531115129845724,0.0,0.021531115129845724,0.0,0.0,0.0,0.0,4.156435184456885,0.27,0.06
2227,0.03349284575753775,0.0,0.03349284575753775,0.0,0.0,0.0,0.0,4.156435184456885,0.27,0.06
2228,0.03349284575753775,0.0,0.03349284575753775,0.0,0.0,0.0,0.0,4.156435184456885,0.27,0.06
2229,0.0390749867171275,0.0,0.0390749867171275,0.0,0.0,0.0,0.0,4.156435184456885,0.27,0.06
2230,0.0390749867171275,0.0,0.0390749867171275,0.0,0.0,0.0,0.0,4.156435184456885,0.27,0.06
2231,0.040669884134153,0.0,0.040669884134153,0.0,0.0,0.0,0.0,4.156435184456885,0.27,0.06
2232,0.040669884134153,0.0,0.040669884134153,0.0,0.0,0.0,0.0,4.156435184456885,0.27,0.06
2233,0.0490430955735375,0.0,0.0490430955735375,0.0,0.0,0.0,0.0,4.156435184456885,0.27,0.06
2234,0.0490430955735375,0.0,0.0490430955735375,0.0,0.0,0.0,0.0,4.156435184456885,0.27,0.06
2235,0.12200965240245926,0.0,0.12200965240245926,0.0,0.0,0.0,0.0,4.156435184456885,0.27,0.06
2236,0.12200965240245926,0.0,0.12200965240245926,0.0,0.0,0.0,0.0,4.156435184456885,0.27,0.06
2237,0.054425874355999,0.0,0.054425874355999,0.0,0.0,0.0,0.0,4.156435184456885,0.27,0.06
2238,0.054425874355999,0.0,0.054425874355999,0.0,0.0,0.0,0.0,4.156435184456885,0.27,0.06
2239,0.1154307005572285,0.0,0.1154307005572285,0.0,0.0,0.0,0.0,4.156435184456885,0.27,0.06
2240,0.1154307005572285,0.0,0.1154307005572285,0.0,0.0,0.0,0.0,4.156435184456885,0.27,0.06
2241,0.03688200276871725,0.008294191861240901,0.028587810907476197,0.0,0.0,0.0,0.0,4.156435184456885,0.27,0.06
2242,0.03688200276871725,0.014233242823610945,0.022648759945106303,0.0,0.0,0.0,0.0,4.156435184456885,0.27,0.06
2243,0.032695397049025,0.01699797344402455,0.01569742360500115,0.0,0.0,0.0,0.0,4.156435184456885,0.27,0.06
2244,0.032695397049025,0.018329140039038534,0.014366257009986467,0.0,0.0,0.0,0.0,4.156435184456885,0.27,0.06
2245,0.030701775277743,0.02160585781138062,0.009095917466362378,0.0,0.0,0.0,0.0,4.156435184456885,0.27,0.06
2246,0.030701775277743,0.02478017815333701,0.00592159712440599,0.0,0.0,0.0,0.0,4.156435184456885,0.27,0.06
2247,0.02272728819261495,0.028364088216836156,0.0,2.7755575615628914e-17,0.005636800024221178,0.0,0.0,4.157773924462638,0.27,0.06
2248,0.02272728819261495,0.03205039571072101,0.0,0.0,0.009323107518106062,0.0,0.0,4.159988162498188,0.27,0.06
2249,0.0312998618091275,0.04915076658513127,0.0,0.0,0.01785090477600377,0.0,0.0,4.164227752382489,0.27,0.06
2250,0.0312998618091275,0.07300936786499708,0.0,0.0,0.04170950605586958,0.0,0.0,4.174133760070758,0.27,0.06
2251,0.0283094291522045,0.08509226465050843,0.0,0.0,0.05678283549830393,0.0,0.0,4.187619683501605,0.27,0.06
2252,0.0283094291522045,0.08447788006819432,0.0,0.0,0.05616845091598982,0.0,0.0,4.200959690594153,0.27,0.06
2253,0.03189794834051225,0.09543440511946324,0.0,-5.967448757360216e-16,0.06353645677895159,0.0,0.0,4.216049599079153,0.27,0.06
2254,0.03189794834051225,0.09318166165097794,0.0,-5.412337245047638e-16,0.061283713310466226,0.0,0.0,4.230604480990389,0.27,0.06
2255,0.3981262677250175,0.11632348091814398,0.28180278680687354,0.0,0.0,0.0,0.0,4.230604480990389,0.27,0.06
2256,0.3981262677250175,0.10843887877844582,0.28968738894657164,0.0,0.0,0.0,0.0,4.230604480990389,0.27,0.06
2257,0.4098886361755825,0.06430558628221346,0.3455830498933691,0.0,0.0,0.0,0.0,4.230604480990389,0.27,0.06
2258,0.4098886361755825,0.07556930362463928,0.33431933255094326,0.0,0.0,0.0,0.0,4.230604480990389,0.27,0.06
2259,0.358253852235595,0.08580904666320834,0.2724448055723867,0.0,0.0,0.0,0.0,4.230604480990389,0.27,0.06
2260,0.358253852235595,0.16557664493366106,0.19267720730193397,0.0,0.0,0.0,0.0,4.230604480990389,0.27,0.06
2261,0.16925848838184274,0.27637066461097765,0.0,0.0,0.10711217622913491,0.0,0.0,4.256043622844809,0.27,0.06
2262,0.16925848838184274,0.23786923078595837,0.0,0.0,0.06861074240411563,0.0,0.0,4.272338674165787,0.27,0.06
2263,0.257575952785855,0.19742224578361045,0.06015370700224454,0.0,0.0,0.0,0.0,4.272338674165787,0.27,0.06
2264,0.257575952785855,0.12297931389321398,0.134596638892641,0.0,0.0,0.0,0.0,4.272338674165787,0.27,0.06
2265,0.18959343044891924,0.12553924965285607,0.06405418079606318,0.0,0.0,0.0,0.0,4.272338674165787,0.27,0.06
2266,0.18959343044891924,0.06922066294072662,0.12037276750819262,0.0,0.0,0.0,0.0,4.272338674165787,0.27,0.06
2267,0.183213840780817,0.10249982781607583,0.08071401296474079,0.0,0.0,0.0,0.0,4.272338674165787,0.27,0.06
2268,0.183213840780817,0.06471517600375613,0.11849866477706088,0.0,0.0,0.0,0.0,4.272338674165787,0.27,0.06
2269,0.24302249391927724,0.05427063810441576,0.18875185581486065,0.0,0.0,0.0,0.0,4.272338674165787,0.27,0.06
2270,0.24302249391927724,0.06829908606725543,0.1747234078520218,0.0,0.0,0.0,0.0,4.272338674165787,0.27,0.06
2271,0.1925838631058425,0.05611379185135816,0.13647007125448435,0.0,0.0,0.0,0.0,4.272338674165787,0.27,0.06
2272,0.1925838631058425,0.0498675485978311,0.1427163145080114,0.0,0.0,0.0,0.0,4.272338674165787,0.27,0.06
2273,0.182217029895176,0.04065177986311897,0.14156525003205703,0.0,0.0,0.0,0.0,4.272338674165787,0.27,0.06
2274,0.182217029895176,0.038194241533862444,0.14402278836131355,0.0,0.0,0.0,0.0,4.272338674165787,0.27,0.06
2275,0.2517944297129175,0.027135319052207882,0.2246591106607096,0.0,0.0,0.0,0.0,4.272338674165787,0.27,0.06
2276,0.2517944297129175,0.020274691216366648,0.23151973849655083,0.0,0.0,0.0,0.0,4.272338674165787,0.27,0.06
2277,0.1411484214067665,0.013311665950139698,0.12783675545662682,0.0,0.0,0.0,0.0,4.272338674165787,0.27,0.06
2278,0.1411484214067665,0.008089397000469524,0.133059024406297,0.0,0.0,0.0,0.0,4.272338674165787,0.27,0.06
2279,0.04047052195702475,0.0032767177723420833,0.03719380418468267,0.0,0.0,0.0,0.0,4.272338674165787,0.27,0.06
2280,0.04047052195702475,0.0,0.04047052195702475,0.0,0.0,0.0,0.0,4.272338674165787,0.27,0.06
2281,0.1570973955770225,0.0,0.1570973955770225,0.0,0.0,0.0,0.0,4.272338674165787,0.27,0.06
2282,0.1570973955770225,0.0,0.15709739557702207,0.0,0.0,0.0,0.0,4.272338674165787,0.27,0.06
2283,0.03050241310061475,0.0,0.03050241310061475,0.0,0.0,0.0,0.0,4.272338674165787,0.27,0.06
2284,0.03050241310061475,0.0,0.03050241310061475,0.0,0.0,0.0,0.0,4.272338674165787,0.27,0.06
2285,0.052432252584717,0.0,0.052432252584717,0.0,0.0,0.0,0.0,4.272338674165787,0.27,0.06
2286,0.052432252584717,0.0,0.052432252584717,0.0,0.0,0.0,0.0,4.272338674165787,0.27,0.06
2287,0.06459334538953725,0.0,0.06459334538953725,0.0,0.0,0.0,0.0,4.272338674165787,0.27,0.06
2288,0.06459334538953725,0.0,0.06459334538953725,0.0,0.0,0.0,0.0,4.272338674165787,0.27,0.06
2289,0.0600080153155885,0.0,0.0600080153155885,0.0,0.0,0.0,0.0,4.272338674165787,0.27,0.06
2290,0.0600080153155885,0.0,0.0600080153155885,0.0,0.0,0.0,0.0,4.272338674165787,0.27,0.06
2291,0.0450558520309735,0.0,0.0450558520309735,0.0,0.0,0.0,0.0,4.272338674165787,0.27,0.06
2292,0.0450558520309735,0.0,0.0450558520309735,0.0,0.0,0.0,0.0,4.272338674165787,0.27,0.06
2293,0.03748008930010175,0.0,0.03748008930010175,0.0,0.0,0.0,0.0,4.272338674165787,0.27,0.06
2294,0.03748008930010175,0.0,0.03748008930010175,0.0,0.0,0.0,0.0,4.272338674165787,0.27,0.06
2295,0.02292665036974315,0.0,0.02292665036974315,0.0,0.0,0.0,0.0,4.272338674165787,0.27,0.06
2296,0.02292665036974315,0.0,0.02292665036974315,0.0,0.0,0.0,0.0,4.272338674165787,0.27,0.06
2297,0.0171451472330253,0.0,0.0171451472330253,0.0,0.0,0.0,0.0,4.272338674165787,0.27,0.06
2298,0.0171451472330253,0.0,0.0171451472330253,0.0,0.0,0.0,0.0,4.272338674165787,0.27,0.06
2299,0.02392346125538415,0.0,0.02392346125538415,0.0,0.0,0.0,0.0,4.272338674165787,0.27,0.06
2300,0.02392346125538415,0.0,0.02392346125538415,0.0,0.0,0.0,0.0,4.272338674165787,0.27,0.06
2301,0.0273126182665635,0.0,0.0273126182665635,0.0,0.0,0.0,0.0,4.272338674165787,0.27,0.06
2302,0.0273126182665635,0.0,0.0273126182665635,0.0,0.0,0.0,0.0,4.272338674165787,0.27,0.06
2303,0.13098095037322824,0.0,0.13098095037322824,0.0,0.0,0.0,0.0,4.272338674165787,0.27,0.06
2304,0.13098095037322824,0.0,0.13098095037322824,0.0,0.0,0.0,0.0,4.272338674165787,0.27,0.06
2305,0.0470494738022555,0.0,0.0470494738022555,0.0,0.0,0.0,0.0,4.272338674165787,0.27,0.06
2306,0.0470494738022555,0.0,0.04704947380225377,0.0,0.0,0.0,0.0,4.272338674165787,0.27,0.06
2307,0.02252792601548675,0.0,0.02252792601548675,0.0,0.0,0.0,0.0,4.272338674165787,0.27,0.06
2308,0.02252792601548675,0.0,0.02252792601548675,0.0,0.0,0.0,0.0,4.272338674165787,0.27,0.06
2309,0.03389157011179425,0.0,0.03389157011179425,0.0,0.0,0.0,0.0,4.272338674165787,0.27,0.06
2310,0.03389157011179425,0.0,0.03389157011179425,0.0,0.0,0.0,0.0,4.272338674165787,0.27,0.06
2311,0.0303030509234865,0.0,0.0303030509234865,0.0,0.0,0.0,0.0,4.272338674165787,0.27,0.06
2312,0.0303030509234865,0.0,0.0303030509234865,0.0,0.0,0.0,0.0,4.272338674165787,0.27,0.06
2313,0.03050241310061475,0.0,0.03050241310061475,0.0,0.0,0.0,0.0,4.272338674165787,0.27,0.06
2314,0.03050241310061475,0.0,0.03050241310061475,0.0,0.0,0.0,0.0,4.272338674165787,0.27,0.06
2315,0.0380781758314865,0.0,0.0380781758314865,0.0,0.0,0.0,0.0,4.272338674165787,0.27,0.06
2316,0.0380781758314865,0.0,0.0380781758314865,0.0,0.0,0.0,0.0,4.272338674165787,0.27,0.06
2317,0.0273126182665635,0.0,0.0273126182665635,0.0,0.0,0.0,0.0,4.272338674165787,0.27,0.06
2318,0.0273126182665635,0.0,0.0273126182665635,0.0,0.0,0.0,0.0,4.272338674165787,0.27,0.06
2319,0.03189794834051225,0.0,0.03189794834051225,0.0,0.0,0.0,0.0,4.272338674165787,0.27,0.06
2320,0.03189794834051225,0.0,0.03189794834051225,0.0,0.0,0.0,0.0,4.272338674165787,0.27,0.06
2321,0.0380781758314865,0.0,0.0380781758314865,0.0,0.0,0.0,0.0,4.272338674165787,0.27,0.06
2322,0.0380781758314865,0.0,0.0380781758314865,0.0,0.0,0.0,0.0,4.272338674165787,0.27,0.06
2323,0.04146733284266575,0.0,0.04146733284266575,0.0,0.0,0.0,0.0,4.272338674165787,0.27,0.06
2324,0.04146733284266575,0.0,0.04146733284266575,0.0,0.0,0.0,0.0,4.272338674165787,0.27,0.06
2325,0.057416307012922,0.0,0.057416307012922,0.0,0.0,0.0,0.0,4.272338674165787,0.27,0.06
2326,0.057416307012922,0.0,0.057416307012922,0.0,0.0,0.0,0.0,4.272338674165787,0.27,0.06
2327,0.0360845540602045,0.0,0.0360845540602045,0.0,0.0,0.0,0.0,4.272338674165787,0.27,0.06
2328,0.0360845540602045,0.0,0.0360845540602045,0.0,0.0,0.0,0.0,4.272338674165787,0.27,0.06
2329,0.045653938562358,0.0,0.045653938562358,0.0,0.0,0.0,0.0,4.272338674165787,0.27,0.06
2330,0.045653938562358,0.0,0.045653938562358,0.0,0.0,0.0,0.0,4.272338674165787,0.27,0.06
2331,0.0410686084884095,0.0,0.0410686084884095,0.0,0.0,0.0,0.0,4.272338674165787,0.27,0.06
2332,0.0410686084884095,0.0,0.0410686084884095,0.0,0.0,0.0,0.0,4.272338674165787,0.27,0.06
2333,0.02751198044369175,0.0,0.02751198044369175,0.0,0.0,0.0,0.0,4.272338674165787,0.27,0.06
2334,0.02751198044369175,0.0,0.02751198044369175,0.0,0.0,0.0,0.0,4.272338674165787,0.27,0.06
2335,0.0340909322889225,0.0,0.0340909322889225,0.0,0.0,0.0,0.0,4.272338674165787,0.27,0.06
2336,0.0340909322889225,0.00133116659501397,0.03275976569390853,0.0,0.0,0.0,0.0,4.272338674165787,0.27,0.06
2337,0.04146733284266575,0.006860627835841246,0.03460670500682451,0.0,0.0,0.0,0.0,4.272338674165787,0.27,0.06
2338,0.04146733284266575,0.009830153317026255,0.0316371795256395,0.0,0.0,0.0,0.0,4.272338674165787,0.27,0.06
2339,0.03748008930010175,0.012185294215897128,0.025294795084204624,0.0,0.0,0.0,0.0,4.272338674165787,0.27,0.06
2340,0.03748008930010175,0.014540435114767995,0.022939654185333756,0.0,0.0,0.0,0.0,4.272338674165787,0.27,0.06
2341,0.0400717976027685,0.016383588861710412,0.02368820874105809,0.0,0.0,0.0,0.0,4.272338674165787,0.27,0.06
2342,0.0400717976027685,0.017919550317495772,0.02215224728527273,0.0,0.0,0.0,0.0,4.272338674165787,0.27,0.06
2343,0.02811006697507625,0.019660306634052507,0.008449760341022738,0.0,0.0,0.0,0.0,4.272338674165787,0.27,0.06
2344,0.02811006697507625,0.02078667836829511,0.007323388606781139,0.0,0.0,0.0,0.0,4.272338674165787,0.27,0.06
2345,0.02791070479794825,0.02928566509030738,0.0,0.0,0.001374960292359128,0.0,0.0,4.272665227235222,0.27,0.06
2346,0.02791070479794825,0.050174740888988156,0.0,0.0,0.022264036091039906,0.0,0.0,4.2779529358068435,0.27,0.06
2347,0.02791070479794825,0.08386349548588022,0.0,-4.649058915617843e-16,0.055952790687932435,0.0,0.0,4.291241723595228,0.27,0.06
2348,0.02791070479794825,0.12216013445012831,0.0,0.0,0.09424942965218006,0.0,0.0,4.31362596313762,0.27,0.06
2349,0.0303030509234865,0.14560914600845148,0.0,0.0,0.11530609508496498,0.0,0.0,4.341011160720299,0.27,0.06
2350,0.0303030509234865,0.18236982351691414,0.0,0.0,0.15206677259342763,0.0,0.0,4.377127019211239,0.27,0.06
2351,0.40490456181116,0.19332634856818284,0.21157821324297718,0.0,0.0,0.0,0.0,4.377127019211239,0.27,0.06
2352,0.40490456181116,0.21226987318953572,0.1926346886216243,0.0,0.0,0.0,0.0,4.377127019211239,0.27,0.06
2353,0.4047052195702475,0.20162054042942398,0.20308467914082354,0.0,0.0,0.0,0.0,4.377127019211239,0.27,0.06
2354,0.4047052195702475,0.20663801451832256,0.19806720505192496,0.0,0.0,0.0,0.0,4.377127019211239,0.27,0.06
2355,0.3514755182770175,0.21677536012650617,0.13470015815051134,0.0,0.0,0.0,0.0,4.377127019211239,0.27,0.06
2356,0.3514755182770175,0.2322373721147451,0.11923814616227091,0.0,0.0,0.0,0.0,4.377127019211239,0.27,0.06
2357,0.17304636974727874,0.2668477035851084,0.0,0.0,0.09380133383782965,0.0,0.0,4.399404835997723,0.27,0.06
2358,0.17304636974727874,0.24186273057100008,0.0,0.0,0.06881636082372133,0.0,0.0,4.415748721693357,0.27,0.06
2359,0.24700973746184124,0.19127839996046914,0.0557313375013721,0.0,0.0,0.0,0.0,4.415748721693357,0.27,0.06
2360,0.24700973746184124,0.14857867148963658,0.09843106597220466,0.0,0.0,0.0,0.0,4.415748721693357,0.27,0.06
2361,0.18401128948932974,0.13895331303338154,0.045057976455948195,0.0,0.0,0.0,0.0,4.415748721693357,0.27,0.06
2362,0.18401128948932974,0.12420808305784203,0.059803206431487704,0.0,0.0,0.0,0.0,4.415748721693357,0.27,0.06
2363,0.19537493358563726,0.11386594258888753,0.08150899099674973,0.0,0.0,0.0,0.0,4.415748721693357,0.27,0.06
2364,0.19537493358563726,0.10782449419613167,0.08755043938950559,0.0,0.0,0.0,0.0,4.415748721693357,0.27,0.06
2365,0.23903525037671325,0.0857066492328228,0.15332860114389046,0.0,0.0,0.0,0.0,4.415748721693357,0.27,0.06
2366,0.23903525037671325,0.0595953044844717,0.17943994589224155,0.0,0.0,0.0,0.0,4.415748721693357,0.27,0.06
2367,0.12260773893384375,0.04351890791391833,0.07908883101992542,0.0,0.0,0.0,0.0,4.415748721693357,0.27,0.06
2368,0.12260773893384375,0.0362486903565343,0.08635904857730944,0.0,0.0,0.0,0.0,4.415748721693357,0.27,0.06
2369,0.081339768268306,0.03245998543226377,0.04887978283604255,0.0,0.0,0.0,0.0,4.415748721693357,0.27,0.06
2370,0.081339768268306,0.0288760753687646,0.05246369289954139,0.0,0.0,0.0,0.0,4.415748721693357,0.27,0.06
2371,0.11862049539127975,0.026623331900279455,0.09199716349100129,0.0,0.0,0.0,0.0,4.415748721693357,0.27,0.06
2372,0.11862049539127975,0.022117844963309062,0.09650265042797068,0.0,0.0,0.0,0.0,4.415748721693357,0.27,0.06
2373,0.03767945147723,0.014540435114767995,0.023139016362462007,0.0,0.0,0.0,0.0,4.415748721693357,0.27,0.06
2374,0.03767945147723,0.008294191861240901,0.0293852596159891,0.0,0.0,0.0,0.0,4.415748721693357,0.27,0.06
2375,0.03050241310061475,0.0037887049242705355,0.026713708176344216,0.0,0.0,0.0,0.0,4.415748721693357,0.27,0.06
2376,0.03050241310061475,0.0,0.03050241310061475,0.0,0.0,0.0,0.0,4.415748721693357,0.27,0.06
2377,0.2482059105246105,0.0,0.2482059105246105,0.0,0.0,0.0,0.0,4.415748721693357,0.27,0.06
2378,0.2482059105246105,0.0,0.2482059105246105,0.0,0.0,0.0,0.0,4.415748721693357,0.27,0.06
2379,0.04824564686502475,0.0,0.04824564686502475,0.0,0.0,0.0,0.0,4.415748721693357,0.27,0.06
2380,0.04824564686502475,0.0,0.04824564686502475,0.0,0.0,0.0,0.0,4.415748721693357,0.27,0.06
2381,0.042663505905435,0.0,0.042663505905435,0.0,0.0,0.0,0.0,4.415748721693357,0.27,0.06
2382,0.042663505905435,0.0,0.042663505905435,0.0,0.0,0.0,0.0,4.415748721693357,0.27,0.06
2383,0.051435441699076,0.0,0.051435441699076,0.0,0.0,0.0,0.0,4.415748721693357,0.27,0.06
2384,0.051435441699076,0.0,0.051435441699076,0.0,0.0,0.0,0.0,4.415748721693357,0.27,0.06
2385,0.05422651217887075,0.0,0.05422651217887075,0.0,0.0,0.0,0.0,4.415748721693357,0.27,0.06
2386,0.05422651217887075,0.0,0.05422651217887075,0.0,0.0,0.0,0.0,4.415748721693357,0.27,0.06
2387,0.0470494738022555,0.0,0.0470494738022555,0.0,0.0,0.0,0.0,4.415748721693357,0.27,0.06
2388,0.0470494738022555,0.0,0.0470494738022555,0.0,0.0,0.0,0.0,4.415748721693357,0.27,0.06
2389,0.05083735516769125,0.0,0.05083735516769125,0.0,0.0,0.0,0.0,4.415748721693357,0.27,0.06
2390,0.05083735516769125,0.0,0.05083735516769125,0.0,0.0,0.0,0.0,4.415748721693357,0.27,0.06
2391,0.04226478155117875,0.0,0.04226478155117875,0.0,0.0,0.0,0.0,4.415748721693357,0.27,0.06
2392,0.04226478155117875,0.0,0.04226478155117875,0.0,0.0,0.0,0.0,4.415748721693357,0.27,0.06
2393,0.0610048262012295,0.0,0.0610048262012295,0.0,0.0,0.0,0.0,4.415748721693357,0.27,0.06
2394,0.0610048262012295,0.0,0.0610048262012295,0.0,0.0,0.0,0.0,4.415748721693357,0.27,0.06
2395,0.06120418837835775,0.0,0.06120418837835775,0.0,0.0,0.0,0.0,4.415748721693357,0.27,0.06
2396,0.06120418837835775,0.0,0.06120418837835775,0.0,0.0,0.0,0.0,4.415748721693357,0.27,0.06
2397,0.05622013395015275,0.0,0.05622013395015275,0.0,0.0,0.0,0.0,4.415748721693357,0.27,0.06
2398,0.05622013395015275,0.0,0.05622013395015275,0.0,0.0,0.0,0.0,4.415748721693357,0.27,0.06
2399,0.0560207717730245,0.0,0.0560207717730245,0.0,0.0,0.0,0.0,4.415748721693357,0.27,0.06
2400,0.0560207717730245,0.0,0.0560207717730245,0.0,0.0,0.0,0.0,4.415748721693357,0.27,0.06
2401,0.12500008505938226,0.0,0.12500008505938226,0.0,0.0,0.0,0.0,4.415748721693357,0.27,0.06
2402,0.12500008505938226,0.0,0.12500008505938226,0.0,0.0,0.0,0.0,4.415748721693357,0.27,0.06
2403,0.0887161688220495,0.0,0.0887161688220495,0.0,0.0,0.0,0.0,4.415748721693357,0.27,0.06
2404,0.0887161688220495,0.0,0.0887161688220495,0.0,0.0,0.0,0.0,4.415748721693357,0.27,0.06
2405,0.048644371219281,0.0,0.048644371219281,0.0,0.0,0.0,0.0,4.415748721693357,0.27,0.06
2406,0.048644371219281,0.0,0.048644371219282334,0.0,0.0,0.0,0.0,4.415748721693357,0.27,0.06
2407,0.0490430955735375,0.0,0.0490430955735375,0.0,0.0,0.0,0.0,4.415748721693357,0.27,0.06
2408,0.0490430955735375,0.0,0.0490430955735377,0.0,0.0,0.0,0.0,4.415748721693357,0.27,0.06
2409,0.039673073248512,0.0,0.039673073248512,0.0,0.0,0.0,0.0,4.415748721693357,0.27,0.06
2410,0.039673073248512,0.0,0.039673073248512,0.0,0.0,0.0,0.0,4.415748721693357,0.27,0.06
2411,0.028708153506461,0.0,0.028708153506461,0.0,0.0,0.0,0.0,4.415748721693357,0.27,0.06
2412,0.028708153506461,0.0,0.028708153506461,0.0,0.0,0.0,0.0,4.415748721693357,0.27,0.06
2413,0.020135579889948324,0.0,0.020135579889948324,0.0,0.0,0.0,0.0,4.415748721693357,0.27,0.06
2414,0.020135579889948324,0.0,0.020135579889948324,0.0,0.0,0.0,0.0,4.415748721693357,0.27,0.06
2415,0.014154714576102276,0.0,0.014154714576102276,0.0,0.0,0.0,0.0,4.415748721693357,0.27,0.06
2416,0.014154714576102276,0.0,0.014154714576102276,0.0,0.0,0.0,0.0,4.415748721693357,0.27,0.06
2417,0.021730477306973923,0.0,0.021730477306973923,0.0,0.0,0.0,0.0,4.415748721693357,0.27,0.06
2418,0.021730477306973923,0.0,0.021730477306973923,0.0,0.0,0.0,0.0,4.415748721693357,0.27,0.06
2419,0.02352473690112775,0.0,0.02352473690112775,0.0,0.0,0.0,0.0,4.415748721693357,0.27,0.06
2420,0.02352473690112775,0.0,0.02352473690112775,0.0,0.0,0.0,0.0,4.415748721693357,0.27,0.06
2421,0.0273126182665635,0.0,0.0273126182665635,0.0,0.0,0.0,0.0,4.415748721693357,0.27,0.06
2422,0.0273126182665635,0.0,0.0273126182665635,0.0,0.0,0.0,0.0,4.415748721693357,0.27,0.06
2423,0.028708153506461,0.0,0.028708153506461,0.0,0.0,0.0,0.0,4.415748721693357,0.27,0.06
2424,0.028708153506461,0.0,0.028708153506461,0.0,0.0,0.0,0.0,4.415748721693357,0.27,0.06
2425,0.10386769428379275,0.0,0.10386769428379275,0.0,0.0,0.0,0.0,4.415748721693357,0.27,0.06
2426,0.10386769428379275,0.0,0.10386769428379275,0.0,0.0,0.0,0.0,4.415748721693357,0.27,0.06
2427,0.05183416605333225,0.0,0.05183416605333225,0.0,0.0,0.0,0.0,4.415748721693357,0.27,0.06
2428,0.05183416605333225,0.0,0.05183416605333225,0.0,0.0,0.0,0.0,4.415748721693357,0.27,0.06
2429,0.141746507938151,0.0,0.141746507938151,0.0,0.0,0.0,0.0,4.415748721693357,0.27,0.06
2430,0.141746507938151,0.0,0.141746507938151,0.0,0.0,0.0,0.0,4.415748721693357,0.27,0.06
2431,0.03767945147723,0.0,0.03767945147723,0.0,0.0,0.0,0.0,4.415748721693357,0.27,0.06
2432,0.03767945147723,0.001126371734242592,0.03655307974298694,0.0,0.0,0.0,0.0,4.415748721693357,0.27,0.06
2433,0.04525521420810175,0.007372614987769688,0.03788259922033207,0.0,0.0,0.0,0.0,4.415748721693357,0.27,0.06
2434,0.04525521420810175,0.010854127620883154,0.034401086587219964,0.0,0.0,0.0,0.0,4.415748721693357,0.27,0.06
2435,0.07755188690287025,0.013721255671682477,0.06383063123118778,0.0,0.0,0.0,0.0,4.415748721693357,0.27,0.06
2436,0.07755188690287025,0.0165883837224818,0.060963503180388456,0.0,0.0,0.0,0.0,4.415748721693357,0.27,0.06
2437,0.047448198156512,0.01935311434289543,0.028095083813616573,0.0,0.0,0.0,0.0,4.415748721693357,0.27,0.06
2438,0.047448198156512,0.02150346038099492,0.02594473777551708,0.0,0.0,0.0,0.0,4.415748721693357,0.27,0.06
2439,0.032695397049025,0.023449011558323036,0.009246385490701964,0.0,0.0,0.0,0.0,4.415748721693357,0.27,0.06
2440,0.032695397049025,0.025189767874879768,0.007505629174145233,0.0,0.0,0.0,0.0,4.415748721693357,0.27,0.06
2441,0.02691389391230725,0.03512231862229174,0.0,2.0816681711721685e-16,0.008208424709984282,0.0,0.0,4.417698222561978,0.27,0.06
2442,0.02691389391230725,0.05375865095248733,0.0,0.0,0.026844757040180082,0.0,0.0,4.4240738523590215,0.27,0.06
2443,0.0410686084884095,0.08826658499246486,0.0,0.0,0.047197976504055356,0.0,0.0,4.435283371778735,0.27,0.06
2444,0.0410686084884095,0.1258464419440132,0.0,0.0,0.0847778334556037,0.0,0.0,4.455418107224441,0.27,0.06
2445,0.03688200276871725,0.15134340211005004,0.0,0.0,0.11446139934133279,0.0,0.0,4.482602689568007,0.27,0.06
2446,0.03688200276871725,0.18574893871964196,0.0,0.0,0.1488669359509247,0.0,0.0,4.517958586856351,0.27,0.06
2447,0.03688200276871725,0.19557909203666807,0.0,0.0,0.1586970892679508,0.0,0.0,4.5556491455574895,0.27,0.06
2448,0.03688200276871725,0.20827637340449365,0.0,0.0,0.1713943706357764,0.0,0.0,4.596355308583487,0.27,0.06
2449,0.3819779313776325,0.20274691216366644,0.17923101921396603,0.0,0.0,0.0,0.0,4.596355308583487,0.27,0.06
2450,0.3819779313776325,0.20633082222716556,0.1756471091504669,0.0,0.0,0.0,0.0,4.596355308583487,0.27,0.06
2451,0.3937402998281975,0.2132938474933926,0.1804464523348049,0.0,0.0,0.0,0.0,4.596355308583487,0.27,0.06
2452,0.3937402998281975,0.23285175669705938,0.16088854313113815,0.0,0.0,0.0,0.0,4.596355308583487,0.27,0.06
2453,0.3999205273191725,0.26715489587626573,0.13276563144290676,0.0,0.0,0.0,0.0,4.596355308583487,0.27,0.06
2454,0.3999205273191725,0.24073635883675762,0.15918416848241487,0.0,0.0,0.0,0.0,4.596355308583487,0.27,0.06
2455,0.2926636959604175,0.19015202822622662,0.1025116677341909,0.0,0.0,0.0,0.0,4.596355308583487,0.27,0.06
2456,0.2926636959604175,0.15789683765473406,0.13476685830568513,0.0,0.0,0.0,0.0,4.596355308583487,0.27,0.06
2457,0.18799853303189376,0.14990983808465036,0.0380886949472434,0.0,0.0,0.0,0.0,4.596355308583487,0.27,0.06
2458,0.18799853303189376,0.13188789033676893,0.05611064269512411,0.0,0.0,0.0,0.0,4.596355308583487,0.27,0.06
2459,0.246611013107585,0.12134095500704278,0.1252700581005422,0.0,0.0,0.0,0.0,4.596355308583487,0.27,0.06
2460,0.246611013107585,0.11396834001927314,0.13264267308831185,0.0,0.0,0.0,0.0,4.596355308583487,0.27,0.06
2461,0.1798246837696375,0.09000734130902185,0.08981734246061565,0.0,0.0,0.0,0.0,4.596355308583487,0.27,0.06
2462,0.1798246837696375,0.06522716315568466,0.11459752061395284,0.0,0.0,0.0,0.0,4.596355308583487,0.27,0.06
2463,0.180223408123894,0.04843398457243143,0.1317894235514626,0.0,0.0,0.0,0.0,4.596355308583487,0.27,0.06
2464,0.180223408123894,0.04075417729350467,0.13946923083038934,0.0,0.0,0.0,0.0,4.596355308583487,0.27,0.06
2465,0.24102887214799526,0.0364534852173057,0.20457538693068955,0.0,0.0,0.0,0.0,4.596355308583487,0.27,0.06
2466,0.24102887214799526,0.03256238286264946,0.2084664892853458,0.0,0.0,0.0,0.0,4.596355308583487,0.27,0.06
2467,0.02950560221497375,0.028364088216836156,0.0,0.0,0.0,0.0011415139981375937,0.0,4.596054910162924,0.27,0.06
2468,0.02950560221497375,0.024165793571022894,0.005339808643950856,0.0,0.0,0.0,0.0,4.596054910162924,0.27,0.06
2469,0.17464126716430425,0.01679317858325319,0.15784808858105137,0.0,0.0,0.0,0.0,4.596054910162924,0.27,0.06
2470,0.17464126716430425,0.011161319912040231,0.16347994725226403,0.0,0.0,0.0,0.0,4.596054910162924,0.27,0.06
2471,0.302831166993955,0.005222268949670198,0.2976088980442846,0.0,0.0,0.0,0.0,4.596054910162924,0.27,0.06
2472,0.302831166993955,0.00040958972154276057,0.30242157727241226,0.0,0.0,0.0,0.0,4.596054910162924,0.27,0.06
2473,0.259968278975175,0.0,0.259968278975175,0.0,0.0,0.0,0.0,4.596054910162924,0.27,0.06
2474,0.259968278975175,0.0,0.259968278975175,0.0,0.0,0.0,0.0,4.596054910162924,0.27,0.06
2475,0.04685011162512725,0.0,0.04685011162512725,0.0,0.0,0.0,0.0,4.596054910162924,0.27,0.06
2476,0.04685011162512725,0.0,0.04685011162512725,0.0,0.0,0.0,0.0,4.596054910162924,0.27,0.06
2477,0.0450558520309735,0.0,0.0450558520309735,0.0,0.0,0.0,0.0,4.596054910162924,0.27,0.06
2478,0.0450558520309735,0.0,0.0450558520309735,0.0,0.0,0.0,0.0,4.596054910162924,0.27,0.06
2479,0.0500399064591785,0.0,0.0500399064591785,0.0,0.0,0.0,0.0,4.596054910162924,0.27,0.06
2480,0.0500399064591785,0.0,0.0500399064591785,0.0,0.0,0.0,0.0,4.596054910162924,0.27,0.06
2481,0.060406739669845,0.0,0.060406739669845,0.0,0.0,0.0,0.0,4.596054910162924,0.27,0.06
2482,0.060406739669845,0.0,0.060406739669845,0.0,0.0,0.0,0.0,4.596054910162924,0.27,0.06
2483,0.05522332306451175,0.0,0.05522332306451175,0.0,0.0,0.0,0.0,4.596054910162924,0.27,0.06
2484,0.05522332306451175,0.0,0.05522332306451175,0.0,0.0,0.0,0.0,4.596054910162924,0.27,0.06
2485,0.02412282343251235,0.0,0.02412282343251235,0.0,0.0,0.0,0.0,4.596054910162924,0.27,0.06
2486,0.02412282343251235,0.0,0.02412282343251235,0.0,0.0,0.0,0.0,4.596054910162924,0.27,0.06
2487,0.0332934835804095,0.0,0.0332934835804095,0.0,0.0,0.0,0.0,4.596054910162924,0.27,0.06
2488,0.0332934835804095,0.0,0.0332934835804095,0.0,0.0,0.0,0.0,4.596054910162924,0.27,0.06
2489,0.04525521420810175,0.0,0.04525521420810175,0.0,0.0,0.0,0.0,4.596054910162924,0.27,0.06
2490,0.04525521420810175,0.0,0.04525521420810175,0.0,0.0,0.0,0.0,4.596054910162924,0.27,0.06
2491,0.049641182104922,0.0,0.049641182104922,0.0,0.0,0.0,0.0,4.596054910162924,0.27,0.06
2492,0.049641182104922,0.0,0.049641182104922,0.0,0.0,0.0,0.0,4.596054910162924,0.27,0.06
2493,0.052432252584717,0.0,0.052432252584717,0.0,0.0,0.0,0.0,4.596054910162924,0.27,0.06
2494,0.052432252584717,0.0,0.05243225258471699,0.0,0.0,1.3877787807814457e-17,0.0,4.596054910162924,0.27,0.06
2495,0.04764756033364,0.0,0.04764756033364,0.0,0.0,0.0,0.0,4.596054910162924,0.27,0.06
2496,0.04764756033364,0.0,0.04764756033364,0.0,0.0,0.0,0.0,4.596054910162924,0.27,0.06
2497,0.033692207934666,0.0,0.033692207934666,0.0,0.0,0.0,0.0,4.596054910162924,0.27,0.06
2498,0.033692207934666,0.0,0.033692207934666,0.0,0.0,0.0,0.0,4.596054910162924,0.27,0.06
2499,0.03767945147723,0.0,0.03767945147723,0.0,0.0,0.0,0.0,4.596054910162924,0.27,0.06
2500,0.03767945147723,0.0,0.03767945147723,0.0,0.0,0.0,0.0,4.596054910162924,0.27,0.06
2501,0.021730477306973923,0.0,0.021730477306973923,0.0,0.0,0.0,0.0,4.596054910162924,0.27,0.06
2502,0.021730477306973923,0.0,0.021730477306973923,0.0,0.0,0.0,0.0,4.596054910162924,0.27,0.06
2503,0.0173445094101535,0.0,0.0173445094101535,0.0,0.0,0.0,0.0,4.596054910162924,0.27,0.06
2504,0.0173445094101535,0.0,0.0173445094101535,0.0,0.0,0.0,0.0,4.596054910162924,0.27,0.06
2505,0.028708153506461,0.0,0.028708153506461,0.0,0.0,0.0,0.0,4.596054910162924,0.27,0.06
2506,0.028708153506461,0.0,0.028708153506461,0.0,0.0,0.0,0.0,4.596054910162924,0.27,0.06
2507,0.0360845540602045,0.0,0.0360845540602045,0.0,0.0,0.0,0.0,4.596054910162924,0.27,0.06
2508,0.0360845540602045,0.0,0.036084554060202834,0.0,0.0,0.0,0.0,4.596054910162924,0.27,0.06
2509,0.0322966726947685,0.0,0.0322966726947685,0.0,0.0,0.0,0.0,4.596054910162924,0.27,0.06
2510,0.0322966726947685,0.0,0.03229667269476977,0.0,0.0,0.0,0.0,4.596054910162924,0.27,0.06
2511,0.02751198044369175,0.0,0.02751198044369175,0.0,0.0,0.0,0.0,4.596054910162924,0.27,0.06
2512,0.02751198044369175,0.0,0.02751198044369175,0.0,0.0,0.0,0.0,4.596054910162924,0.27,0.06
2513,0.02332537472399955,0.0,0.02332537472399955,0.0,0.0,0.0,0.0,4.596054910162924,0.27,0.06
2514,0.02332537472399955,0.0,0.02332537472399955,0.0,0.0,0.0,0.0,4.596054910162924,0.27,0.06
2515,0.0311004996319995,0.0,0.0311004996319995,0.0,0.0,0.0,0.0,4.596054910162924,0.27,0.06
2516,0.0311004996319995,0.0,0.0311004996319995,0.0,0.0,0.0,0.0,4.596054910162924,0.27,0.06
2517,0.02551835867240975,0.0,0.02551835867240975,0.0,0.0,0.0,0.0,4.596054910162924,0.27,0.06
2518,0.02551835867240975,0.0,0.02551835867240975,0.0,0.0,0.0,0.0,4.596054910162924,0.27,0.06
2519,0.0175438715872817,0.0,0.0175438715872817,0.0,0.0,0.0,0.0,4.596054910162924,0.27,0.06
2520,0.0175438715872817,0.0,0.01754387158728171,0.0,0.0,0.0,0.0,4.596054910162924,0.27,0.06
2521,0.021531115129845724,0.0,0.021531115129845724,0.0,0.0,0.0,0.0,4.596054910162924,0.27,0.06
2522,0.021531115129845724,0.0,0.021531115129845724,0.0,0.0,0.0,0.0,4.596054910162924,0.27,0.06
2523,0.0159489741702561,0.0,0.0159489741702561,0.0,0.0,0.0,0.0,4.596054910162924,0.27,0.06
2524,0.0159489741702561,0.0,0.0159489741702561,0.0,0.0,0.0,0.0,4.596054910162924,0.27,0.06
2525,0.0480462846878965,0.0,0.0480462846878965,0.0,0.0,0.0,0.0,4.596054910162924,0.27,0.06
2526,0.0480462846878965,0.0,0.0480462846878965,0.0,0.0,0.0,0.0,4.596054910162924,0.27,0.06
2527,0.04545457638523,0.0,0.04545457638523,0.0,0.0,0.0,0.0,4.596054910162924,0.27,0.06
2528,0.04545457638523,0.00133116659501397,0.04412340979021603,0.0,0.0,0.0,0.0,4.596054910162924,0.27,0.06
2529,0.0420654193740505,0.007065422696612625,0.034999996677437875,0.0,0.0,0.0,0.0,4.596054910162924,0.27,0.06
2530,0.0420654193740505,0.011673307063968661,0.030392112310081838,0.0,0.0,0.0,0.0,4.596054910162924,0.27,0.06
2531,0.036682640591589,0.017202768304795932,0.01947987228679307,0.0,0.0,0.0,0.0,4.596054910162924,0.27,0.06
2532,0.036682640591589,0.021810652672151987,0.014871987919438112,0.0,0.0,0.0,0.0,4.596054910162924,0.27,0.06
2533,0.02751198044369175,0.02774970363452203,0.0,0.00023772319083028084,0.0,0.0,0.0,4.596054910162924,0.27,0.06
2534,0.02751198044369175,0.031026421406864117,0.0,-1.3877787807814457e-16,0.0035144409631725076,0.0,0.0,4.596889589891678,0.27,0.06
2535,0.02950560221497375,0.0651247657252989,0.0,0.0,0.03561916351032515,0.0,0.0,4.60534914122538,0.27,0.06
2536,0.02950560221497375,0.0783340342450529,0.0,-4.3021142204224816e-16,0.04882843203007958,0.0,0.0,4.616945893832525,0.27,0.06
2537,0.03389157011179425,0.057137766155215146,0.0,8.534839501805891e-16,0.023246196043420042,0.0,0.0,4.622466865392837,0.27,0.06
2538,0.03389157011179425,0.08324911090356603,0.0,0.0,0.04935754079177178,0.0,0.0,4.634189281330882,0.27,0.06
2539,0.03748008930010175,0.18636332330195612,0.0,0.0,0.14888323400185438,0.0,0.0,4.6695490494063225,0.27,0.06
2540,0.03748008930010175,0.1379293387295247,0.0,0.0,0.10044924942942296,0.0,0.0,4.69340574614581,0.27,0.06
2541,0.04226478155117875,0.16660061923751773,0.0,0.0,0.12433583768633899,0.0,0.0,4.722935507596316,0.27,0.06
2542,0.04226478155117875,0.16526945264250395,0.0,0.0,0.12300467109132521,0.0,0.0,4.7521491169805055,0.27,0.06
2543,0.0330941214032815,0.22937024406394585,0.0,0.0,0.19627612266066435,0.0,0.0,4.798764696112413,0.27,0.06
2544,0.0330941214032815,0.24636821750797047,0.0,0.0,0.21327409610468898,0.0,0.0,4.849417293937277,0.27,0.06
2545,0.407496270113825,0.2553791913819114,0.15211707873191216,0.0,0.0,0.0,0.0,4.849417293937277,0.27,0.06
2546,0.407496270113825,0.17397323422528765,0.23352303588853734,0.0,0.0,0.0,0.0,4.849417293937277,0.27,0.06
2547,0.4053033061016325,0.2147274115187923,0.19057589458283886,0.0,0.0,0.0,0.0,4.849417293937277,0.27,0.06
2548,0.4053033061016325,0.25916789630618176,0.14613540979545075,0.0,0.0,0.0,0.0,4.849417293937277,0.27,0.06
2549,0.2982458369200075,0.26172783206582384,0.03651800485418366,0.0,0.0,0.0,0.0,4.849417293937277,0.27,0.06
2550,0.2982458369200075,0.2521024736095694,0.04614336331043811,0.0,0.0,0.0,0.0,4.849417293937277,0.27,0.06
2551,0.17464126716430425,0.18923045135275546,0.0,0.0,0.014589184188451204,0.0,0.0,4.852882225182034,0.27,0.06
2552,0.17464126716430425,0.16957014471870296,0.005071122445601289,0.0,0.0,0.0,0.0,4.852882225182034,0.27,0.06
2553,0.25598103543261,0.11212518627233072,0.14385584916027933,0.0,0.0,0.0,0.0,4.852882225182034,0.27,0.06
2554,0.25598103543261,0.17735234942801525,0.07862868600459477,0.0,0.0,0.0,0.0,4.852882225182034,0.27,0.06
2555,0.1818183055409195,0.1696725421490886,0.012145763391830877,0.0,0.0,0.0,0.0,4.852882225182034,0.27,0.06
2556,0.1818183055409195,0.13557419783065358,0.04624410771026591,0.0,0.0,0.0,0.0,4.852882225182034,0.27,0.06
2557,0.18899534391753475,0.13967009504608136,0.0493252488714534,0.0,0.0,0.0,0.0,4.852882225182034,0.27,0.06
2558,0.18899534391753475,0.10649332760111774,0.08250201631641829,0.0,0.0,0.0,0.0,4.852882225182034,0.27,0.06
2559,0.23405119594850826,0.10086146892990488,0.13318972701860338,0.0,0.0,0.0,0.0,4.852882225182034,0.27,0.06
2560,0.23405119594850826,0.07065422696612625,0.16339696898238287,0.0,0.0,0.0,0.0,4.852882225182034,0.27,0.06
2561,0.18859661956327825,0.050174740888988156,0.1384218786742901,0.0,0.0,0.0,0.0,4.852882225182034,0.27,0.06
2562,0.18859661956327825,0.03788704924270537,0.1507095703205729,0.0,0.0,0.0,0.0,4.852882225182034,0.27,0.06
2563,0.177232975466971,0.03338156230573499,0.143851413161236,0.0,0.0,0.0,0.0,4.852882225182034,0.27,0.06
2564,0.177232975466971,0.02734011391297927,0.14989286155399173,0.0,0.0,0.0,0.0,4.852882225182034,0.27,0.06
2565,0.08253594133107525,0.01802194774788146,0.06451399358319379,0.0,0.0,0.0,0.0,4.852882225182034,0.27,0.06
2566,0.08253594133107525,0.011468512203197292,0.07106742912787796,0.0,0.0,0.0,0.0,4.852882225182034,0.27,0.06
2567,0.21531115129845724,0.0028671280507993236,0.2124440232476579,0.0,0.0,0.0,0.0,4.852882225182034,0.27,0.06
2568,0.21531115129845724,0.0,0.21531115129845724,0.0,0.0,0.0,0.0,4.852882225182034,0.27,0.06
2569,0.117823046682767,0.0,0.117823046682767,0.0,0.0,0.0,0.0,4.852882225182034,0.27,0.06
2570,0.117823046682767,0.0,0.117823046682767,0.0,0.0,0.0,0.0,4.852882225182034,0.27,0.06
2571,0.0986842776784595,0.0,0.09868427767845844,0.0,0.0,0.0,0.0,4.852882225182034,0.27,0.06
2572,0.0986842776784595,0.0,0.0986842776784595,0.0,0.0,0.0,0.0,4.852882225182034,0.27,0.06
2573,0.051634803876204,0.0,0.051634803876204,0.0,0.0,0.0,0.0,4.852882225182034,0.27,0.06
2574,0.051634803876204,0.0,0.051634803876204,0.0,0.0,0.0,0.0,4.852882225182034,0.27,0.06
2575,0.04226478155117875,0.0,0.04226478155117875,0.0,0.0,0.0,0.0,4.852882225182034,0.27,0.06
2576,0.04226478155117875,0.0,0.04226478155117875,0.0,0.0,0.0,0.0,4.852882225182034,0.27,0.06
2577,0.07157102158902424,0.0,0.07157102158902424,0.0,0.0,0.0,0.0,4.852882225182034,0.27,0.06
2578,0.07157102158902424,0.0,0.07157102158902424,0.0,0.0,0.0,0.0,4.852882225182034,0.27,0.06
2579,0.05123607952194775,0.0,0.05123607952194775,0.0,0.0,0.0,0.0,4.852882225182034,0.27,0.06
2580,0.05123607952194775,0.0,0.05123607952194775,0.0,0.0,0.0,0.0,4.852882225182034,0.27,0.06
2581,0.04824564686502475,0.0,0.04824564686502475,0.0,0.0,0.0,0.0,4.852882225182034,0.27,0.06
2582,0.04824564686502475,0.0,0.04824564686502475,0.0,0.0,0.0,0.0,4.852882225182034,0.27,0.06
2583,0.04246414372830675,0.0,0.04246414372830675,0.0,0.0,0.0,0.0,4.852882225182034,0.27,0.06
2584,0.04246414372830675,0.0,0.04246414372830675,0.0,0.0,0.0,0.0,4.852882225182034,0.27,0.06
2585,0.02950560221497375,0.0,0.02950560221497375,0.0,0.0,0.0,0.0,4.852882225182034,0.27,0.06
2586,0.02950560221497375,0.0,0.02950560221497375,0.0,0.0,0.0,0.0,4.852882225182034,0.27,0.06
2587,0.02492027214102515,0.0,0.02492027214102515,0.0,0.0,0.0,0.0,4.852882225182034,0.27,0.06
2588,0.02492027214102515,0.0,0.02492027214102515,0.0,0.0,0.0,0.0,4.852882225182034,0.27,0.06
2589,0.0273126182665635,0.0,0.0273126182665635,0.0,0.0,0.0,0.0,4.852882225182034,0.27,0.06
2590,0.0273126182665635,0.0,0.0273126182665635,0.0,0.0,0.0,0.0,4.852882225182034,0.27,0.06
2591,0.0301036887463585,0.0,0.0301036887463585,0.0,0.0,0.0,0.0,4.852882225182034,0.27,0.06
2592,0.0301036887463585,0.0,0.0301036887463585,0.0,0.0,0.0,0.0,4.852882225182034,0.27,0.06
2593,0.031698586163384,0.0,0.031698586163384,0.0,0.0,0.0,0.0,4.852882225182034,0.27,0.06
2594,0.031698586163384,0.0,0.031698586163384,0.0,0.0,0.0,0.0,4.852882225182034,0.27,0.06
2595,0.0966906559071775,0.0,0.0966906559071775,0.0,0.0,0.0,0.0,4.852882225182034,0.27,0.06
2596,0.0966906559071775,0.0,0.0966906559071775,0.0,0.0,0.0,0.0,4.852882225182034,0.27,0.06
2597,0.127791155539177,0.0,0.127791155539177,0.0,0.0,0.0,0.0,4.852882225182034,0.27,0.06
2598,0.127791155539177,0.0,0.127791155539177,0.0,0.0,0.0,0.0,4.852882225182034,0.27,0.06
2599,0.039673073248512,0.0,0.039673073248512,0.0,0.0,0.0,0.0,4.852882225182034,0.27,0.06
2600,0.039673073248512,0.0,0.039673073248512,0.0,0.0,0.0,0.0,4.852882225182034,0.27,0.06
2601,0.0370813649458455,0.0,0.0370813649458455,0.0,0.0,0.0,0.0,4.852882225182034,0.27,0.06
2602,0.0370813649458455,0.0,0.0370813649458455,0.0,0.0,0.0,0.0,4.852882225182034,0.27,0.06
2603,0.03748008930010175,0.0,0.03748008930010175,0.0,0.0,0.0,0.0,4.852882225182034,0.27,0.06
2604,0.03748008930010175,0.0,0.03748008930010175,0.0,0.0,0.0,0.0,4.852882225182034,0.27,0.06
2605,0.021531115129845724,0.0,0.021531115129845724,0.0,0.0,0.0,0.0,4.852882225182034,0.27,0.06
2606,0.021531115129845724,0.0,0.021531115129845724,0.0,0.0,0.0,0.0,4.852882225182034,0.27,0.06
2607,0.02591708302666625,0.0,0.02591708302666625,0.0,0.0,0.0,0.0,4.852882225182034,0.27,0.06
2608,0.02591708302666625,0.0,0.02591708302666625,0.0,0.0,0.0,0.0,4.852882225182034,0.27,0.06
2609,0.0320973105176405,0.0,0.0320973105176405,0.0,0.0,0.0,0.0,4.852882225182034,0.27,0.06
2610,0.0320973105176405,0.0,0.032097310517642086,0.0,0.0,0.0,0.0,4.852882225182034,0.27,0.06
2611,0.02791070479794825,0.0,0.02791070479794825,0.0,0.0,0.0,0.0,4.852882225182034,0.27,0.06
2612,0.02791070479794825,0.0,0.02791070479794655,0.0,0.0,0.0,0.0,4.852882225182034,0.27,0.06
2613,0.04385967896820425,0.0,0.04385967896820425,0.0,0.0,0.0,0.0,4.852882225182034,0.27,0.06
2614,0.04385967896820425,0.0,0.04385967896820425,0.0,0.0,0.0,0.0,4.852882225182034,0.27,0.06
2615,0.03090113745487125,0.0,0.03090113745487125,0.0,0.0,0.0,0.0,4.852882225182034,0.27,0.06
2616,0.03090113745487125,0.0,0.03090113745487125,0.0,0.0,0.0,0.0,4.852882225182034,0.27,0.06
2617,0.02950560221497375,0.0,0.02950560221497375,0.0,0.0,0.0,0.0,4.852882225182034,0.27,0.06
2618,0.02950560221497375,0.0,0.02950560221497375,0.0,0.0,0.0,0.0,4.852882225182034,0.27,0.06
2619,0.032695397049025,0.0,0.032695397049025,0.0,0.0,0.0,0.0,4.852882225182034,0.27,0.06
2620,0.032695397049025,0.0,0.032695397049025,0.0,0.0,0.0,0.0,4.852882225182034,0.27,0.06
2621,0.03050241310061475,0.0,0.03050241310061475,0.0,0.0,0.0,0.0,4.852882225182034,0.27,0.06
2622,0.03050241310061475,0.0,0.03050241310061475,0.0,0.0,3.375077994860476e-15,0.0,4.852882225182033,0.27,0.06
2623,0.0430622302596915,0.0,0.0430622302596915,0.0,0.0,0.0,0.0,4.852882225182033,0.27,0.06
2624,0.0430622302596915,0.0,0.0430622302596915,0.0,0.0,0.0,0.0,4.852882225182033,0.27,0.06
2625,0.0390749867171275,0.005119871519284507,0.03395511519784299,0.0,0.0,0.0,0.0,4.852882225182033,0.27,0.06
2626,0.0390749867171275,0.014335640253996626,0.024739346463130876,0.0,0.0,0.0,0.0,4.852882225182033,0.27,0.06
2627,0.0291068778607175,0.03491752376152033,0.0,0.0,0.005810645900802831,0.0,0.0,4.854262253583474,0.27,0.06
2628,0.0291068778607175,0.04290452333160418,0.0,0.0,0.013797645470886681,0.0,0.0,4.8575391943828095,0.27,0.06
2629,0.0370813649458455,0.05160830491438784,0.0,0.0,0.01452693996854234,0.0,0.0,4.860989342625338,0.27,0.06
2630,0.0370813649458455,0.04556685652163212,0.0,2.7755575615628914e-17,0.008485491575786597,0.0,0.0,4.863004646874588,0.27,0.06
2631,0.02392346125538415,0.031640805989178275,0.0,0.0,0.007717344733794124,0.0,0.0,4.864837516248864,0.27,0.06
2632,0.02392346125538415,0.05529461240827268,0.0,0.0,0.03137115115288853,0.0,0.0,4.872288164647674,0.27,0.06
2633,0.03528710535169175,0.05570420212981545,0.0,0.0,0.0204170967781237,0.0,0.0,4.877137225132478,0.27,0.06
2634,0.03528710535169175,0.07014223981419783,0.0,0.0,0.03485513446250608,0.0,0.0,4.885415319567324,0.27,0.06
2635,0.03748008930010175,0.1208289678551144,0.0,0.0,0.08334887855501266,0.0,0.0,4.90521067822414,0.27,0.06
2636,0.03748008930010175,0.11642587834852973,0.0,0.0,0.07894578904842797,0.0,0.0,4.923960303123142,0.27,0.06
2637,0.0293062400378455,0.09697036657524863,0.0,0.0,0.06766412653740313,0.0,0.0,4.940030533175775,0.27,0.06
2638,0.0293062400378455,0.11448032717120164,0.0,0.0,0.08517408713335614,0.0,0.0,4.960259378869948,0.27,0.06
2639,0.02651516955805075,0.05764975330714353,0.0,-4.996003610813204e-16,0.03113458374909328,0.0,0.0,4.967653842510357,0.27,0.06
2640,0.02651516955805075,0.16270951688286173,0.0,0.0,0.13619434732481098,0.0,0.0,4.999999999999999,0.27,0.06
2641,0.41128417141548,0.09809673830949128,0.31318743310598873,0.0,0.0,0.0,0.0,4.999999999999999,0.27,0.06
2642,0.41128417141548,0.14274201795765196,0.26854215345782806,0.0,0.0,0.0,0.0,4.999999999999999,0.27,0.06
2643,0.4202554693862475,0.11232998113310197,0.3079254882531456,0.0,0.0,0.0,0.0,4.999999999999999,0.27,0.06
2644,0.4202554693862475,0.10075907149951915,0.31949639788672834,0.0,0.0,0.0,0.0,4.999999999999999,0.27,0.06
2645,0.320973105176405,0.1550297096039348,0.16594339557247018,0.0,0.0,0.0,0.0,4.999999999999999,0.27,0.06
2646,0.320973105176405,0.1946575151631969,0.12631559001320808,0.0,0.0,0.0,0.0,4.999999999999999,0.27,0.06
2647,0.1935806739914835,0.129839941729055,0.06374073226242771,0.0,0.0,0.0,0.0,4.999999999999999,0.27,0.06
2648,0.1935806739914835,0.10690291732266048,0.086677756668823,0.0,0.0,0.0,0.0,4.999999999999999,0.27,0.06
2649,0.24401930480491826,0.14857867148963658,0.09544063331528108,0.0,0.0,0.0,0.0,4.999999999999999,0.27,0.06
2650,0.24401930480491826,0.07126861154844032,0.17275069325647796,0.0,0.0,0.0,0.0,4.999999999999999,0.27,0.06
2651,0.1768342511127145,0.1726420676302736,0.004192183482440909,0.0,0.0,0.0,0.0,4.999999999999999,0.27,0.06
2652,0.1768342511127145,0.0911337130432642,0.0857005380694503,0.0,0.0,0.0,0.0,4.999999999999999,0.27,0.06
2653,0.197169193179791,0.04413329249623246,0.15303590068355855,0.0,0.0,0.0,0.0,4.999999999999999,0.27,0.06
2654,0.197169193179791,0.0612336633706426,0.13593552980914841,0.0,0.0,0.0,0.0,4.999999999999999,0.27,0.06
2655,0.238237821604418,0.10311421239838998,0.135123609206028,0.0,0.0,0.0,0.0,4.999999999999999,0.27,0.06
2656,0.238237821604418,0.07710526508042466,0.16113255652399333,0.0,0.0,0.0,0.0,4.999999999999999,0.27,0.06
2657,0.1977672797111755,0.04300692076198986,0.15476035894918563,0.0,0.0,0.0,0.0,4.999999999999999,0.27,0.06
2658,0.1977672797111755,0.039218215837719304,0.1585490638734562,0.0,0.0,0.0,0.0,4.999999999999999,0.27,0.06
2659,0.19597302011702175,0.03604389549576292,0.15992912462125883,0.0,0.0,0.0,0.0,4.999999999999999,0.27,0.06
2660,0.19597302011702175,0.018226742608652834,0.17774627750836913,0.0,0.0,0.0,0.0,4.999999999999999,0.27,0.06
2661,0.14254395664666375,0.019148319482124056,0.12339563716453969,0.0,0.0,0.0,0.0,4.999999999999999,0.27,0.06
2662,0.14254395664666375,0.013823653102068156,0.12872030354459696,0.0,0.0,0.0,0.0,4.999999999999999,0.27,0.06
2663,0.02472090996389695,0.005734256101598654,0.018986653862298298,0.0,0.0,0.0,0.0,4.999999999999999,0.27,0.06
2664,0.02472090996389695,0.001126371734242592,0.02359453822965436,0.0,0.0,0.0,0.0,4.999999999999999,0.27,0.06
2665,0.05542268524164,0.0,0.05542268524164,0.0,0.0,0.0,0.0,4.999999999999999,0.27,0.06
2666,0.05542268524164,0.0,0.05542268524164,0.0,0.0,0.0,0.0,4.999999999999999,0.27,0.06
2667,0.3024324227034825,0.0,0.3024324227034825,0.0,0.0,0.0,0.0,4.999999999999999,0.27,0.06
2668,0.3024324227034825,0.0,0.3024324227034825,0.0,0.0,0.0,0.0,4.999999999999999,0.27,0.06
2669,0.05482459871025525,0.0,0.05482459871025525,0.0,0.0,0.0,0.0,4.999999999999999,0.27,0.06
2670,0.05482459871025525,0.0,0.05482459871025525,0.0,0.0,0.0,0.0,4.999999999999999,0.27,0.06
2671,0.04585330073948625,0.0,0.04585330073948625,0.0,0.0,0.0,0.0,4.999999999999999,0.27,0.06
2672,0.04585330073948625,0.0,0.04585330073948625,0.0,0.0,0.0,0.0,4.999999999999999,0.27,0.06
2673,0.0610048262012295,0.0,0.0610048262012306,0.0,0.0,0.0,0.0,4.999999999999999,0.27,0.06
2674,0.0610048262012295,0.0,0.0610048262012295,0.0,0.0,0.0,0.0,4.999999999999999,0.27,0.06
2675,0.05023926863630675,0.0,0.05023926863630675,0.0,0.0,0.0,0.0,4.999999999999999,0.27,0.06
2676,0.05023926863630675,0.0,0.05023926863630675,0.0,0.0,0.0,0.0,4.999999999999999,0.27,0.06
2677,0.04585330073948625,0.0,0.045853300739486264,0.0,0.0,-1.3877787807814457e-17,0.0,4.999999999999999,0.27,0.06
2678,0.04585330073948625,0.0,0.04585330073948625,0.0,0.0,0.0,0.0,4.999999999999999,0.27,0.06
2679,0.05083735516769125,0.0,0.05083735516769125,0.0,0.0,0.0,0.0,4.999999999999999,0.27,0.06
2680,0.05083735516769125,0.0,0.05083735516769125,0.0,0.0,0.0,0.0,4.999999999999999,0.27,0.06
2681,0.03648327841446075,0.0,0.03648327841446075,0.0,0.0,0.0,0.0,4.999999999999999,0.27,0.06
2682,0.03648327841446075,0.0,0.03648327841446075,0.0,0.0,0.0,0.0,4.999999999999999,0.27,0.06
2683,0.02432218560964055,0.0,0.02432218560964055,0.0,0.0,0.0,0.0,4.999999999999999,0.27,0.06
2684,0.02432218560964055,0.0,0.02432218560964055,0.0,0.0,0.0,0.0,4.999999999999999,0.27,0.06
2685,0.0181419581186663,0.0,0.0181419581186663,0.0,0.0,0.0,0.0,4.999999999999999,0.27,0.06
2686,0.0181419581186663,0.0,0.0181419581186663,0.0,0.0,0.0,0.0,4.999999999999999,0.27,0.06
2687,0.03628391623733275,0.0,0.03628391623733275,0.0,0.0,0.0,0.0,4.999999999999999,0.27,0.06
2688,0.03628391623733275,0.0,0.03628391623733275,0.0,0.0,0.0,0.0,5.0,0.27,0.06
