t,Load,PV,P_imp,P_exp,P_ch,P_dis,P_curt,E,c_grid,c_sell
1,0.49050295651153,0.0,0.0,0.0,0.0,0.49050295651153,0.0,4.870920274602229,0.27,0.06
2,0.49050295651153,0.0,0.0,0.0,0.0,0.49050295651153,0.0,4.741840549204458,0.27,0.06
3,0.41913879685514,0.0,0.0,0.0,0.0,0.41913879685514,0.0,4.631540865821527,0.27,0.06
4,0.41913879685514,0.0,0.0,0.0,0.0,0.41913879685514,0.0,4.521241182438595,0.27,0.06
5,0.289979719167165,0.0,0.0,0.0,0.0,0.289979719167165,0.0,4.444930730026183,0.27,0.06
6,0.289979719167165,0.0,0.0,0.0,0.0,0.289979719167165,0.0,4.368620277613771,0.27,0.06
7,0.3166156379121575,0.0,0.0,0.0,0.0,0.3166156379121575,0.0,4.285300372900045,0.27,0.06
8,0.3166156379121575,0.0,0.0,0.0,0.0,0.3166156379121575,0.0,4.20198046818632,0.27,0.06
9,0.3412412986386575,0.0,0.0,0.0,0.0,0.34124129863865704,0.0,4.112180126439305,0.27,0.06
10,0.3412412986386575,0.0,0.0,0.0,0.0,0.3412412986386575,0.0,4.02237978469229,0.27,0.06
11,0.161323205983813,0.0,0.0,0.0,0.0,0.161323205983813,0.0,3.979926309433391,0.27,0.06
12,0.161323205983813,0.0,0.0,0.0,0.0,0.161323205983813,0.0,3.937472834174493,0.27,0.06
13,0.14071806129429176,0.0,0.0,0.0,0.0,0.14071806129429176,0.0,3.900441765412838,0.27,0.06
14,0.14071806129429176,0.0,0.0,0.0,0.0,0.14071806129429176,0.0,3.863410696651182,0.27,0.06
15,0.101518029933739,0.0,0.0,0.0,0.0,0.101518029933739,0.0,3.8366954256159875,0.27,0.06
16,0.101518029933739,0.0,0.0,0.0,0.0,0.101518029933739,0.0,3.809980154580793,0.27,0.06
17,0.093979562364402,0.0,0.0,0.0,0.0,0.093979562364402,0.0,3.785248690800687,0.27,0.06
18,0.093979562364402,0.0,0.0,0.0,0.0,0.093979562364402,0.0,3.7605172270205816,0.27,0.06
19,0.093979562364402,0.0,0.0,0.0,0.0,0.093979562364402,0.0,3.7357857632404756,0.27,0.06
20,0.093979562364402,0.0,0.0,0.0,0.0,0.09397956236440311,0.0,3.7110542994603697,0.27,0.06
21,0.07287185317025825,0.0,0.0,0.0,0.0,0.07287185317025825,0.0,3.691877495994513,0.27,0.06
22,0.07287185317025825,0.0,0.0,-1.3877787807814457e-17,0.0,0.07287185317025824,0.0,3.6727006925286556,0.27,0.06
23,0.08242057875808526,0.0,0.0,0.0,0.0,0.08242057875808526,0.0,3.6510110665396858,0.27,0.06
24,0.08242057875808526,0.0,0.0,0.0,0.0,0.08242057875808526,0.0,3.629321440550716,0.27,0.06
25,0.052266708480737,0.0,0.0,0.0,0.0,0.052266708480737,0.0,3.6155670435821006,0.27,0.06
26,0.052266708480737,0.0,0.0,0.0,0.0,0.052266708480737,0.0,3.6018126466134857,0.27,0.06
27,0.16886167355315,0.0,0.0,0.0,0.0,0.16886167355315,0.0,3.557375364099499,0.27,0.06
28,0.16886167355315,0.0,0.0,0.0,0.0,0.16886167355315,0.0,3.512938081585512,0.27,0.06
29,0.0859385302904425,0.0,0.0,0.0,0.0,0.0859385302904425,0.0,3.490322678877501,0.27,0.06
30,0.0859385302904425,0.0,0.0,0.0,0.0,0.0859385302904425,0.0,3.46770727616949,0.27,0.06
31,0.0829231432627075,0.0,0.0,0.0,0.0,0.0829231432627075,0.0,3.445885396363514,0.27,0.06
32,0.0829231432627075,0.0,0.0,0.0,0.0,0.0829231432627075,0.0,3.4240635165575384,0.27,0.06
33,0.1085539329984535,0.0,0.0,0.0,0.0,0.1085539329984535,0.0,3.395496692084261,0.27,0.06
34,0.1085539329984535,0.0,0.0,0.0,0.0,0.10855393299845373,0.0,3.366929867610984,0.27,0.06
35,0.1256411261556175,0.006499907026201535,0.0,0.0,0.0,0.11914121912941597,0.0,3.3355769152085055,0.27,0.06
36,0.1256411261556175,0.07332467050237854,0.0,0.0,0.0,0.052316455653240626,0.0,3.3218094268787057,0.27,0.06
37,0.12815394867873,0.09943080254144851,0.0,0.0,0.0,0.028723146137281497,0.0,3.314250704211,0.27,0.06
38,0.12815394867873,0.12815394867873,0.0,0.0,0.0,0.0,0.0,3.314250704211,0.27,0.06
39,0.08242057875808526,0.08242057875808526,0.0,0.0,0.0,0.0,0.0,3.314250704211,0.27,0.06
40,0.08242057875808526,0.08242057875808526,0.0,0.0,0.0,0.0,0.0,3.314250704211,0.27,0.06
41,0.08744622380430975,0.08744622380430908,0.0,0.0,0.0,0.0,0.0,3.314250704211,0.27,0.06
42,0.08744622380430975,0.0,0.0,0.0,0.0,0.08744622380430975,0.0,3.2912385400519706,0.27,0.06
43,0.273395090514625,0.0,0.0,0.0,0.0,0.273395090514625,0.0,3.2192924636007536,0.27,0.06
44,0.273395090514625,0.05659744668524577,0.0,0.0,0.0,0.21679764382937924,0.0,3.1622404520667065,0.27,0.06
45,0.17388731859937476,0.17388731859937476,0.0,0.0,0.0,0.0,0.0,3.1622404520667065,0.27,0.06
46,0.17388731859937476,0.17388731859937476,0.0,0.0,0.0,0.0,0.0,3.1622404520667065,0.27,0.06
47,1.6981654108628774,1.5122094739369074,0.0,0.0,0.0,0.18595593692597673,0.0,3.1133046791914514,0.27,0.06
48,1.6981654108628774,0.4381032871749515,0.0,0.0,0.0,1.260062123687926,0.0,2.7817093834841025,0.27,0.06
49,1.582073060551535,0.7625011109795431,0.0,0.0,0.0,0.8195719495719919,0.0,2.5660325546493676,0.27,0.06
50,1.582073060551535,1.5778601172516886,0.0,0.0,0.0,0.004212943299846228,0.0,2.5649238853599345,0.27,0.06
51,1.646903881647835,1.646903881647835,0.0,0.0,0.0,0.0,0.0,2.5649238853599345,0.27,0.06
52,1.646903881647835,0.18886120415063778,1.4580426774971973,0.0,0.0,0.0,0.0,2.5649238853599345,0.27,0.06
53,1.290585698126955,1.290585698126955,0.0,0.0,0.0,0.0,0.0,2.5649238853599345,0.27,0.06
54,1.290585698126955,1.290585698126955,0.0,0.0,0.0,0.0,0.0,2.5649238853599345,0.27,0.06
55,1.07850337666337,1.07850337666337,0.0,0.0,0.0,0.0,0.0,2.5649238853599345,0.27,0.06
56,1.07850337666337,1.1865745356802548,0.0,0.0,0.1080711590168848,0.0,0.0,2.5905907856264445,0.27,0.06
57,1.321242032396025,1.1060031370398513,-0.0,0.0,0.0,0.21523889535615315,0.0,2.533948971059036,0.27,0.06
58,1.321242032396025,1.3212420323960248,-0.0,0.0,0.0,0.0,0.0,2.533948971059036,0.27,0.06
59,1.2152009721771324,0.6776712347068825,0.0,0.0,0.0,0.5375297374702499,0.0,2.3924937769879175,0.27,0.06
60,1.2152009721771324,0.0,1.2152009721771324,0.0,0.0,0.0,0.0,2.3924937769879175,0.27,0.06
61,1.21469845792896,0.0,1.21469845792896,0.0,0.0,0.0,0.0,2.3924937769879175,0.27,0.06
62,1.21469845792896,0.0,1.21469845792896,0.0,0.0,0.0,0.0,2.3924937769879175,0.27,0.06
63,0.90964170311022,0.0,0.90964170311022,0.0,0.0,0.0,0.0,2.3924937769879175,0.27,0.06
64,0.90964170311022,0.0,0.90964170311022,0.0,0.0,0.0,0.0,2.3924937769879175,0.27,0.06
65,0.1266462551648625,0.1266462551648625,0.0,0.0,0.0,0.0,0.0,2.3924937769879175,0.27,0.06
66,0.1266462551648625,0.0,0.0,0.0,0.0,0.1266462551648625,0.0,2.3591658151024273,0.27,0.06
67,0.20152836635361074,0.021849344020102454,0.0,0.0,0.0,0.1796790223335083,0.0,2.3118818618567674,0.27,0.06
68,0.20152836635361074,0.030534005100936942,-0.0,0.0,0.0,0.17099436125267375,0.0,2.2668833457376425,0.27,0.06
69,0.16584628652541525,0.1658462865254151,-0.0,0.0,0.0,0.0,0.0,2.2668833457376425,0.27,0.06
70,0.16584628652541525,0.1658462865254151,-0.0,0.0,0.0,0.0,0.0,2.2668833457376425,0.27,0.06
71,0.2904822836717875,0.0,0.2904822836717875,0.0,0.0,0.0,0.0,2.2668833457376425,0.27,0.06
72,0.2904822836717875,-0.0,0.2904822836717875,0.0,0.0,0.0,0.0,2.2668833457376425,0.27,0.06
73,0.34375412116177,0.0,0.34375412116177,0.0,0.0,0.0,0.0,2.2668833457376425,0.27,0.06
74,0.34375412116177,0.0,0.34375412116177,0.0,0.0,0.0,0.0,2.2668833457376425,0.27,0.06
75,0.0507590149668695,0.0,0.0,0.0,0.0,0.0507590149668695,0.0,2.253525710220045,0.27,0.06
76,0.0507590149668695,0.0,0.0,-6.938893903907228e-18,0.0,0.05075901496686949,0.0,2.240168074702448,0.27,0.06
77,0.0201025801848988,0.0,0.0,0.0,0.0,0.0201025801848988,0.0,2.2348779220222115,0.27,0.06
78,0.0201025801848988,0.0,0.0,0.0,0.0,0.0201025801848988,0.0,2.229587769341975,0.27,0.06
79,0.0914667398412895,0.0,0.0,0.0,0.0,0.0914667398412895,0.0,2.205517574646899,0.27,0.06
80,0.0914667398412895,0.0,0.0,0.0,0.0,0.0914667398412895,0.0,2.181447379951823,0.27,0.06
81,0.07940519173035025,0.0,0.07940519173035025,0.0,0.0,0.0,0.0,2.181447379951823,0.27,0.06
82,0.07940519173035025,0.0,0.07940519173035021,0.0,0.0,3.95516952522712e-16,0.0,2.181447379951823,0.27,0.06
83,0.108051368493831,0.0,0.0,0.0,0.0,0.108051368493831,0.0,2.1530128092955514,0.27,0.06
84,0.108051368493831,0.0,0.0,0.0,0.0,0.108051368493831,0.0,2.12457823863928,0.27,0.06
85,0.14875909336825124,0.0,0.14875909336825124,0.0,0.0,0.0,0.0,2.12457823863928,0.27,0.06
86,0.14875909336825124,0.0,0.0,0.0,0.0,0.14875909336825124,0.0,2.0854311088055297,0.27,0.06
87,0.11558983606316825,0.0,0.0,0.0,0.0,0.11558983606316825,0.0,2.0550127308941697,0.27,0.06
88,0.11558983606316825,0.0,0.0,0.0,0.0,0.11558983606316825,0.0,2.0245943529828097,0.27,0.06
89,0.1201129166047705,0.0,0.0,0.0,0.0,0.1201129166047705,0.0,1.9929856907183965,0.27,0.06
90,0.1201129166047705,0.0,0.0,0.0,0.0,0.1201129166047705,0.0,1.961377028453983,0.27,0.06
91,0.03920003136055275,0.0,0.0,0.0,0.0,0.03920003136055275,0.0,1.9510612307275217,0.27,0.06
92,0.03920003136055275,0.0,0.0,0.0,0.0,0.03920003136055275,0.0,1.9407454330010605,0.27,0.06
93,0.020605144689521276,0.0,0.0,1.734723475976807e-17,0.0,0.020605144689521293,0.0,1.9353230265038182,0.27,0.06
94,0.020605144689521276,0.0,-0.0,0.0,0.0,0.020605144689521803,0.0,1.9299006200065756,0.27,0.06
95,0.04774362793913475,0.0,0.0,0.0,0.0,0.04774362793913475,0.0,1.9173365073910138,0.27,0.06
96,0.04774362793913475,0.0,0.0,0.0,0.0,0.04774362793913475,0.0,1.904772394775452,0.27,0.06
97,0.10704623948458625,0.0,0.10704623948458636,0.0,0.0,0.0,0.0,1.904772394775452,0.27,0.06
98,0.10704623948458625,0.0,-0.0,0.0,0.0,0.10704623948458625,0.0,1.8766023317531926,0.27,0.06
99,0.11558983606316825,0.0,0.0,0.0,0.0,0.11558983606316825,0.0,1.8461839538418325,0.27,0.06
100,0.11558983606316825,0.0,0.0,0.0,0.0,0.11558983606316825,0.0,1.8157655759304725,0.27,0.06
101,0.08845135281355475,0.0,0.0,0.0,0.0,0.08845135281355475,0.0,1.792488904137432,0.27,0.06
102,0.08845135281355475,0.0,0.0,1.3877787807814457e-17,0.0,0.08845135281355476,0.0,1.769212232344391,0.27,0.06
103,0.07287185317025825,0.0,0.0,0.0,0.0,0.07287185317025825,0.0,1.7500354288785336,0.27,0.06
104,0.07287185317025825,0.0,0.0,0.0,0.0,0.07287185317025825,0.0,1.730858625412676,0.27,0.06
105,0.08995904632742226,0.0,0.0,0.0,0.0,0.08995904632742226,0.0,1.7071851921686176,0.27,0.06
106,0.08995904632742226,0.0,0.08995904632742226,0.0,0.0,0.0,0.0,1.7071851921686176,0.27,0.06
107,0.05578466001309425,0.0,0.05578466001309425,0.0,0.0,0.0,0.0,1.7071851921686176,0.27,0.06
108,0.05578466001309425,0.0,0.05578466001309425,0.0,0.0,0.0,0.0,1.7071851921686176,0.27,0.06
109,0.06282056307780876,0.0,0.06282056307780876,0.0,0.0,0.0,0.0,1.7071851921686176,0.27,0.06
110,0.06282056307780876,0.0,0.06282056307780876,0.0,0.0,0.0,0.0,1.7071851921686176,0.27,0.06
111,0.05327183748998175,0.0,0.0,0.0,0.0,0.05327183748998175,0.0,1.6931662875659907,0.27,0.06
112,0.05327183748998175,0.0,0.0,0.0,0.0,0.05327183748998175,0.0,1.679147382963364,0.27,0.06
113,0.03015387027734825,0.0,0.0,3.469446951953614e-18,0.0,0.030153870277348255,0.0,1.6712121539430091,0.27,0.06
114,0.03015387027734825,0.0,0.0,0.0,0.0,0.03015387027734825,0.0,1.6632769249226544,0.27,0.06
115,0.1417231903035365,0.0,0.0,2.7755575615628914e-17,0.0,0.14172319030353653,0.0,1.6259813485269872,0.27,0.06
116,0.1417231903035365,0.0,0.0,0.0,0.0,0.1417231903035365,0.0,1.5886857721313197,0.27,0.06
117,0.110061626512321,0.0,0.0,0.0,0.0,0.110061626512321,0.0,1.5597221862070247,0.27,0.06
118,0.110061626512321,0.0,0.0,0.0,0.0,0.110061626512321,0.0,1.5307586002827296,0.27,0.06
119,0.12865651318335225,0.0,0.12865651318335225,0.0,0.0,0.0,0.0,1.5307586002827296,0.27,0.06
120,0.12865651318335225,0.0,0.12865651318335225,0.0,0.0,0.0,0.0,1.5307586002827296,0.27,0.06
121,0.142225754808159,0.0,0.142225754808159,0.0,0.0,0.0,0.0,1.5307586002827296,0.27,0.06
122,0.142225754808159,0.0,0.14222575480815883,0.0,0.0,0.0,0.0,1.5307586002827296,0.27,0.06
123,0.12162061011863776,0.0,0.12162061011863776,0.0,0.0,0.0,0.0,1.5307586002827296,0.27,0.06
124,0.12162061011863776,0.0,0.0,0.0,0.0,0.12162061011863776,0.0,1.4987531765672986,0.27,0.06
125,0.14021549678966924,0.0,0.0,0.0,0.0,0.14021549678966924,0.0,1.4618543616226487,0.27,0.06
126,0.14021549678966924,0.0,0.0,0.0,0.0,0.14021549678966924,0.0,1.4249555466779988,0.27,0.06
127,0.090964175336667,0.0,0.0,0.0,0.0,0.090964175336667,0.0,1.4010176057999286,0.27,0.06
128,0.090964175336667,0.0,0.0,1.3877787807814457e-17,0.0,0.09096417533666701,0.0,1.3770796649218584,0.27,0.06
129,0.07086159515176825,0.0,0.0,0.0,0.0,0.07086159515176825,0.0,1.3584318767240247,0.27,0.06
130,0.07086159515176825,0.0,0.0,1.3877787807814457e-17,0.0,0.07086159515176826,0.0,1.339784088526191,0.27,0.06
131,0.100512900924494,0.0,0.0,0.0,0.0,0.100512900924494,0.0,1.3133333251250083,0.27,0.06
132,0.100512900924494,0.0,0.100512900924494,0.0,0.0,0.0,0.0,1.3133333251250083,0.27,0.06
133,0.09498469137364675,0.0,-0.0,0.0,0.0,0.09498469137364739,0.0,1.2883373537108906,0.27,0.06
134,0.09498469137364675,0.031885469077861245,-0.0,0.0,0.0,0.06309922229578571,0.0,1.2717322952119996,0.27,0.06
135,0.10553854597071875,0.0,0.10553854597071875,0.0,0.0,0.0,0.0,1.2717322952119996,0.27,0.06
136,0.10553854597071875,0.10553854597071854,-0.0,0.0,0.0,0.0,0.0,1.2717322952119996,0.27,0.06
137,0.09498469137364675,0.09498469137364675,0.0,0.0,0.0,0.0,0.0,1.2717322952119996,0.27,0.06
138,0.09498469137364675,0.09498469137364675,0.0,0.0,0.0,0.0,0.0,1.2717322952119974,0.27,0.06
139,0.07236928866563574,0.07236928866563574,0.0,0.0,0.0,0.0,0.0,1.2717322952119974,0.27,0.06
140,0.07236928866563574,0.07236928866563991,0.0,0.0,0.0,0.0,0.0,1.2717322952119974,0.27,0.06
141,0.08945648182279975,0.08945648182279975,0.0,0.0,0.0,0.0,0.0,1.2717322952119974,0.27,0.06
142,0.08945648182279975,1.3320181891965912,0.0,0.0,1.2425617073737913,0.0,0.0,1.5668407007132727,0.27,0.06
143,0.9905546386108876,0.9905546386108876,0.0,0.0,0.0,0.0,0.0,1.5668407007132727,0.27,0.06
144,0.9905546386108876,0.9905546386108876,0.0,0.0,0.0,0.0,0.0,1.5668407007132727,0.27,0.06
145,1.0714675238551075,1.0714675238551075,0.0,0.0,0.0,0.0,0.0,1.5668407007132727,0.27,0.06
146,1.0714675238551075,1.0714675238551075,0.0,0.0,0.0,0.0,0.0,1.5668407007132727,0.27,0.06
147,0.90964170311022,0.90964170311022,0.0,0.0,0.0,0.0,0.0,1.5668407007132727,0.27,0.06
148,0.90964170311022,0.90964170311022,0.0,0.0,0.0,0.0,0.0,1.5668407007132727,0.27,0.06
149,0.4663798602896525,0.4663798602896525,0.0,0.0,-0.0,0.0,0.0,1.5668407007132727,0.27,0.06
150,0.4663798602896525,0.4663798602896525,0.0,0.0,0.0,0.0,0.0,1.5668407007132727,0.27,0.06
151,0.8387801582149025,2.153776712429406,0.0,0.0,1.3149965542145035,0.0,0.0,1.8791523823392173,0.27,0.06
152,0.8387801582149025,0.8387801582149025,0.0,0.0,0.0,0.0,0.0,1.8791523823392173,0.27,0.06
153,0.495528601557755,0.495528601557755,0.0,0.0,0.0,0.0,0.0,1.8791523823392173,0.27,0.06
154,0.495528601557755,0.495528601557755,0.0,0.0,0.0,0.0,0.0,1.8791523823392173,0.27,0.06
155,0.61262613113479,0.08598322831771582,0.5266429028170743,0.0,0.0,0.0,0.0,1.8791523823392173,0.27,0.06
156,0.61262613113479,0.3797294070719583,0.23289672406283174,0.0,0.0,0.0,0.0,1.8791523823392173,0.27,0.06
157,0.645795388439875,0.645795388439875,0.0,0.0,0.0,0.0,0.0,1.8791523823392173,0.27,0.06
158,0.645795388439875,0.645795388439875,0.0,0.0,0.0,0.0,0.0,1.8791523823392173,0.27,0.06
159,0.5297029878720825,0.5297029878720825,-0.0,0.0,0.0,0.0,0.0,1.8791523823392173,0.27,0.06
160,0.5297029878720825,0.5297029878720823,-0.0,0.0,0.0,0.0,0.0,1.8791523823392173,0.27,0.06
161,0.24173352672340825,-0.0,0.24173352672340825,0.0,0.0,0.0,0.0,1.8791523823392173,0.27,0.06
162,0.24173352672340825,0.24173352672340825,0.0,0.0,0.0,0.0,0.0,1.8791523823392173,0.27,0.06
163,0.09548725587826926,0.09548725587826926,0.0,0.0,0.0,0.0,0.0,1.8791523823392173,0.27,0.06
164,0.09548725587826926,-0.0,0.09548725587826926,0.0,0.0,0.0,0.0,1.8791523823392173,0.27,0.06
165,0.23168223663095874,0.0,0.23168223663095874,0.0,0.0,0.0,0.0,1.8791523823392173,0.27,0.06
166,0.23168223663095874,0.0,0.23168223663095874,0.0,0.0,0.0,0.0,1.8791523823392173,0.27,0.06
167,0.032164128295838,0.032164128295838,0.0,0.0,0.0,0.0,0.0,1.8791523823392173,0.27,0.06
168,0.032164128295838,0.032164128295838,0.0,0.0,0.0,0.0,0.0,1.8791523823392173,0.27,0.06
169,0.2945027997087675,0.0,0.2945027997087675,0.0,0.0,0.0,0.0,1.8791523823392173,0.27,0.06
170,0.2945027997087675,0.0,0.2945027997087675,0.0,0.0,0.0,0.0,1.8791523823392173,0.27,0.06
171,0.05477953100384925,0.0,0.05477953100384925,0.0,0.0,0.0,0.0,1.8791523823392173,0.27,0.06
172,0.05477953100384925,0.0,0.05477953100384925,0.0,0.0,0.0,0.0,1.8791523823392173,0.27,0.06
173,0.0582974825362065,0.0,0.05829748253620615,0.0,0.0,0.0,0.0,1.8791523823392173,0.27,0.06
174,0.0582974825362065,0.0,0.0582974825362065,0.0,0.0,0.0,0.0,1.8791523823392173,0.27,0.06
175,0.0658359501055435,0.0,0.0,0.0,0.0,0.0658359501055435,0.0,1.8618271323114428,0.27,0.06
176,0.0658359501055435,0.0,0.0,0.0,0.0,0.0658359501055435,0.0,1.844501882283668,0.27,0.06
177,0.03618464433281775,0.0,0.0,0.0,0.0,0.03618464433281775,0.0,1.8349796074592424,0.27,0.06
178,0.03618464433281775,0.0,0.0,0.0,0.0,0.03618464433281775,0.0,1.8254573326348167,0.27,0.06
179,0.092974433355157,0.0,0.0,0.0,0.0,0.092974433355157,0.0,1.8009903764887227,0.27,0.06
180,0.092974433355157,0.0,0.0,0.0,0.0,0.092974433355157,0.0,1.7765234203426288,0.27,0.06
181,0.08995904632742226,0.0,0.0,0.0,0.0,0.08995904632742226,0.0,1.7528499870985703,0.27,0.06
182,0.08995904632742226,0.0,0.0,0.0,0.0,0.08995904632742226,0.0,1.7291765538545119,0.27,0.06
183,0.08543596578582,0.0,0.08543596578582,0.0,0.0,0.0,0.0,1.7291765538545119,0.27,0.06
184,0.08543596578582,0.0,0.08543596578581954,0.0,0.0,0.0,0.0,1.7291765538545119,0.27,0.06
185,0.0819180142534625,0.0,0.0819180142534625,0.0,0.0,0.0,0.0,1.7291765538545119,0.27,0.06
186,0.0819180142534625,0.0,0.0819180142534625,0.0,0.0,0.0,0.0,1.7291765538545119,0.27,0.06
187,0.05477953100384925,0.0,0.0,0.0,0.0,0.05477953100384925,0.0,1.7147608878008673,0.27,0.06
188,0.05477953100384925,0.0,0.0,0.0,0.0,0.05477953100384925,0.0,1.7003452217472228,0.27,0.06
189,0.04523080541602225,0.0,0.0,6.938893903907228e-18,0.0,0.04523080541602226,0.0,1.6884423782166906,0.27,0.06
190,0.04523080541602225,0.0,0.0,0.0,0.0,0.04523080541602225,0.0,1.6765395346861585,0.27,0.06
191,0.05628722451771675,0.0,0.0,6.938893903907228e-18,0.0,0.056287224517716755,0.0,1.661727107181496,0.27,0.06
192,0.05628722451771675,0.0,0.0,0.0,0.0,0.05628722451771675,0.0,1.6469146796768337,0.27,0.06
193,0.03015387027734825,0.0,0.0,3.469446951953614e-18,0.0,0.030153870277348255,0.0,1.638979450656479,0.27,0.06
194,0.03015387027734825,0.0,0.0,0.0,0.0,0.03015387027734825,0.0,1.6310442216361243,0.27,0.06
195,0.05628722451771675,0.0,0.05628722451771675,0.0,0.0,0.0,0.0,1.631044221636124,0.27,0.06
196,0.05628722451771675,0.0,0.05628722451771727,0.0,0.0,-8.43769498715119e-16,0.0,1.6310442216361243,0.27,0.06
197,0.05578466001309425,0.0,0.05578466001309425,0.0,0.0,0.0,0.0,1.6310442216361243,0.27,0.06
198,0.05578466001309425,0.0,0.05578466001309425,0.0,0.0,0.0,0.0,1.631044221636124,0.27,0.06
199,0.05528209550847175,0.0,0.055282095508472295,0.0,0.0,-8.43769498715119e-16,0.0,1.6310442216361243,0.27,0.06
200,0.05528209550847175,0.0,0.0,0.0,0.0,0.05528209550847175,0.0,1.6164963017654739,0.27,0.06
201,0.06382569208705376,0.0,0.0,0.0,0.0,0.06382569208705376,0.0,1.5997000670057229,0.27,0.06
202,0.06382569208705376,0.0,0.0,1.3877787807814457e-17,0.0,0.06382569208705377,0.0,1.5829038322459719,0.27,0.06
203,0.03568207982819525,0.0,0.0,0.0,0.0,0.03568207982819525,0.0,1.573513811238552,0.27,0.06
204,0.03568207982819525,0.0,0.0,0.0,0.0,0.03568207982819525,0.0,1.5641237902311322,0.27,0.06
205,0.04774362793913475,0.0,0.0,0.0,0.0,0.04774362793913475,0.0,1.5515596776155705,0.27,0.06
206,0.04774362793913475,0.0,0.0,0.0,0.0,0.04774362793913475,0.0,1.5389955650000087,0.27,0.06
207,0.04623593442526725,0.0,0.0,0.0,0.0,0.04623593442526725,0.0,1.5268282138354647,0.27,0.06
208,0.04623593442526725,0.0,0.04623593442526725,0.0,0.0,0.0,0.0,1.5268282138354643,0.27,0.06
209,0.05377440199460425,0.0,0.05377440199460537,0.0,0.0,-8.43769498715119e-16,0.0,1.5268282138354645,0.27,0.06
210,0.05377440199460425,0.0,0.05377440199460425,0.0,0.0,0.0,0.0,1.5268282138354643,0.27,0.06
211,0.144236012826649,0.0,0.14423601282665022,0.0,0.0,-8.43769498715119e-16,0.0,1.5268282138354645,0.27,0.06
212,0.144236012826649,0.0,0.144236012826649,0.0,0.0,0.0,0.0,1.5268282138354645,0.27,0.06
213,0.1321744647157095,0.0,0.1321744647157095,0.0,0.0,0.0,0.0,1.5268282138354645,0.27,0.06
214,0.1321744647157095,0.0,0.1321744647157095,0.0,0.0,0.0,0.0,1.5268282138354645,0.27,0.06
215,0.0944821268690245,0.0,0.0,-1.3877787807814457e-17,0.0,0.09448212686902449,0.0,1.501964496238353,0.27,0.06
216,0.0944821268690245,0.0,0.0,0.0,0.0,0.0944821268690245,0.0,1.4771007786412411,0.27,0.06
217,0.1160924005677905,0.0,0.0,0.0,0.0,0.1160924005677905,0.0,1.4465501469128752,0.27,0.06
218,0.1160924005677905,0.0,0.0,0.0,0.0,0.1160924005677905,0.0,1.4159995151845093,0.27,0.06
219,0.08845135281355475,0.0,0.0,1.3877787807814457e-17,0.0,0.08845135281355476,0.0,1.3927228433914685,0.27,0.06
220,0.08845135281355475,0.0,0.0,1.3877787807814457e-17,0.0,0.08845135281355476,0.0,1.3694461715984279,0.27,0.06
221,0.1160924005677905,0.0,0.1160924005677905,0.0,0.0,0.0,0.0,1.3694461715984279,0.27,0.06
222,0.1160924005677905,0.0,0.1160924005677905,0.0,0.0,0.0,0.0,1.3694461715984276,0.27,0.06
223,0.10403085245685124,0.0,0.10403085245685251,0.0,0.0,-8.43769498715119e-16,0.0,1.3694461715984279,0.27,0.06
224,0.10403085245685124,0.0,0.10403085245685124,0.0,0.0,0.0,0.0,1.3694461715984279,0.27,0.06
225,0.0859385302904425,0.0,0.0,0.0,0.0,0.0859385302904425,0.0,1.3468307688904166,0.27,0.06
226,0.0859385302904425,0.0,0.0,0.0,0.0,0.0859385302904425,0.0,1.3242153661824054,0.27,0.06
227,0.08945648182279975,0.0,0.0,0.0,0.0,0.08945648182279975,0.0,1.3006741867553528,0.27,0.06
228,0.08945648182279975,0.028363442893940764,0.0,0.0,0.0,0.061093038928858985,0.0,1.2845970712477583,0.27,0.06
229,0.03869746685593025,0.03869746685593025,0.0,0.0,0.0,0.0,0.0,1.2845970712477583,0.27,0.06
230,0.03869746685593025,0.03869746685593025,0.0,0.0,0.0,0.0,0.0,1.2845970712477583,0.27,0.06
231,0.03618464433281775,0.03618464433281775,0.0,0.0,0.0,0.0,0.0,1.2845970712477583,0.27,0.06
232,0.03618464433281775,0.03618464433281775,0.0,0.0,0.0,0.0,0.0,1.2845970712477583,0.27,0.06
233,0.05427696649922675,0.05427696649922675,-0.0,0.0,0.0,0.0,0.0,1.2845970712477583,0.27,0.06
234,0.05427696649922675,0.0,-0.0,0.0,0.0,0.05427696649922676,0.0,1.2703136590111197,0.27,0.06
235,0.04271798289291,0.042717982892909845,-0.0,0.0,0.0,0.0,0.0,1.2703136590111197,0.27,0.06
236,0.04271798289291,0.04271798289291,0.0,0.0,0.0,0.0,0.0,1.2703136590111197,0.27,0.06
237,0.0603077405546965,0.0603077405546965,0.0,0.0,0.0,0.0,0.0,1.2703136590111197,0.27,0.06
238,0.0603077405546965,0.0603077405546965,0.0,0.0,0.0,0.0,0.0,1.2703136590111197,0.27,0.06
239,1.0006059789597874,1.0006059789597874,0.0,0.0,0.0,0.0,0.0,1.2703136590111197,0.27,0.06
240,1.0006059789597874,1.0006059789597874,0.0,0.0,0.0,0.0,0.0,1.2703136590111197,0.27,0.06
241,0.994072590143245,0.994072590143245,0.0,0.0,0.0,0.0,0.0,1.2703136590111197,0.27,0.06
242,0.994072590143245,0.994072590143245,0.0,0.0,0.0,0.0,0.0,1.2703136590111197,0.27,0.06
243,0.8629032544367825,0.8629032544367825,0.0,0.0,0.0,0.0,0.0,1.2703136590111197,0.27,0.06
244,0.8629032544367825,0.6170190204419186,0.2458842339948639,0.0,0.0,0.0,0.0,1.2703136590111197,0.27,0.06
245,0.414113151808915,0.414113151808915,0.0,0.0,0.0,0.0,0.0,1.2703136590111197,0.27,0.06
246,0.414113151808915,0.414113151808915,0.0,0.0,0.0,0.0,0.0,1.2703136590111197,0.27,0.06
247,0.5814670815917475,2.5429863123134657,0.0,0.0,1.9615192307217182,0.0,0.0,1.7361744763075277,0.27,0.06
248,0.5814670815917475,0.5814670815917475,0.0,0.0,0.0,0.0,0.0,1.7361744763075277,0.27,0.06
249,0.4734157633543675,0.4734157633543675,0.0,0.0,0.0,0.0,0.0,1.7361744763075277,0.27,0.06
250,0.4734157633543675,0.0,0.4734157633543675,0.0,0.0,0.0,0.0,1.7361744763075277,0.27,0.06
251,0.484974746960685,-0.0,0.484974746960685,0.0,0.0,0.0,0.0,1.7361744763075277,0.27,0.06
252,0.484974746960685,0.484974746960685,0.0,0.0,0.0,0.0,0.0,1.7361744763075277,0.27,0.06
253,0.6412723078982725,0.6412723078982725,0.0,0.0,0.0,0.0,0.0,1.7361744763075277,0.27,0.06
254,0.6412723078982725,0.6412723078982725,0.0,0.0,0.0,0.0,0.0,1.7361744763075277,0.27,0.06
255,0.2985233157457475,0.2985233157457475,0.0,0.0,0.0,0.0,0.0,1.7361744763075277,0.27,0.06
256,0.2985233157457475,0.08243982512088888,0.2160834906248586,0.0,0.0,0.0,0.0,1.7361744763075277,0.27,0.06
257,0.11558983606316825,0.11558983606316825,0.0,0.0,0.0,0.0,0.0,1.7361744763075277,0.27,0.06
258,0.11558983606316825,0.11558983606316825,0.0,0.0,0.0,0.0,0.0,1.7361744763075277,0.27,0.06
259,0.3563182337773325,0.0,0.3563182337773325,0.0,0.0,0.0,0.0,1.7361744763075277,0.27,0.06
260,0.3563182337773325,0.06903894857470472,0.2872792852026278,0.0,0.0,0.0,0.0,1.7361744763075277,0.27,0.06
261,0.07337441767488075,0.07337441767488075,0.0,0.0,0.0,0.0,0.0,1.7361744763075277,0.27,0.06
262,0.07337441767488075,-0.0,0.07337441767488075,0.0,0.0,0.0,0.0,1.7361744763075277,0.27,0.06
263,0.093979562364402,0.025079407894665284,0.0,0.0,0.0,0.06890015446973671,0.0,1.7180428567102286,0.27,0.06
264,0.093979562364402,0.0,0.0,0.0,0.0,0.09397956236439749,0.0,1.693311392930124,0.27,0.06
265,0.4256721354152325,0.0,0.4256721354152325,0.0,0.0,0.0,0.0,1.693311392930124,0.27,0.06
266,0.4256721354152325,0.0,0.4256721354152325,0.0,0.0,0.0,0.0,1.693311392930124,0.27,0.06
267,0.06131286956394125,0.0,0.0,0.0,0.0,0.06131286956394125,0.0,1.6771764272554026,0.27,0.06
268,0.06131286956394125,0.0,0.0,0.0,0.0,0.06131286956394125,0.0,1.6610414615806812,0.27,0.06
269,0.05327183748998175,0.0,0.0,0.0,0.0,0.05327183748998175,0.0,1.6470225569780543,0.27,0.06
270,0.05327183748998175,0.0,0.0,0.0,0.0,0.05327183748998175,0.0,1.6330036523754277,0.27,0.06
271,0.04573336992064475,0.0,0.04573336992064475,0.0,0.0,0.0,0.0,1.6330036523754277,0.27,0.06
272,0.04573336992064475,0.0,0.04573336992064475,0.0,0.0,0.0,0.0,1.6330036523754277,0.27,0.06
273,0.1542873029190985,0.0,0.1542873029190985,0.0,0.0,0.0,0.0,1.6330036523754277,0.27,0.06
274,0.1542873029190985,0.0,0.1542873029190985,0.0,0.0,0.0,0.0,1.6330036523754277,0.27,0.06
275,0.145241141835894,0.0,0.14524114183589365,0.0,0.0,0.0,0.0,1.6330036523754277,0.27,0.06
276,0.145241141835894,0.0,0.0,0.0,0.0,0.145241141835894,0.0,1.5947822992607188,0.27,0.06
277,0.1201129166047705,0.0,0.0,0.0,0.0,0.1201129166047705,0.0,1.5631736369963054,0.27,0.06
278,0.1201129166047705,0.0,0.1201129166047705,0.0,0.0,0.0,0.0,1.5631736369963054,0.27,0.06
279,0.17137449607626226,0.0,0.17137449607626226,0.0,0.0,0.0,0.0,1.5631736369963054,0.27,0.06
280,0.17137449607626226,0.0,0.17137449607626226,0.0,0.0,0.0,0.0,1.5631736369963054,0.27,0.06
281,0.1181026585862805,0.0,0.0,0.0,0.0,0.1181026585862805,0.0,1.5320939899999158,0.27,0.06
282,0.1181026585862805,0.0,0.1181026585862805,0.0,0.0,0.0,0.0,1.5320939899999158,0.27,0.06
283,0.0944821268690245,0.0,0.0944821268690245,0.0,0.0,0.0,0.0,1.5320939899999158,0.27,0.06
284,0.0944821268690245,0.0,0.0944821268690245,0.0,0.0,0.0,0.0,1.5320939899999158,0.27,0.06
285,0.0658359501055435,0.0,0.0658359501055435,0.0,0.0,0.0,0.0,1.5320939899999158,0.27,0.06
286,0.0658359501055435,0.0,0.06583595010554344,0.0,0.0,0.0,0.0,1.5320939899999158,0.27,0.06
287,0.10403085245685124,0.0,0.10403085245685162,0.0,0.0,0.0,0.0,1.5320939899999158,0.27,0.06
288,0.10403085245685124,0.0,0.10403085245685124,0.0,0.0,0.0,0.0,1.5320939899999158,0.27,0.06
289,0.1427283193127815,0.0,0.1427283193127815,0.0,0.0,0.0,0.0,1.5320939899999158,0.27,0.06
290,0.1427283193127815,0.0,0.1427283193127815,0.0,0.0,0.0,0.0,1.5320939899999158,0.27,0.06
291,0.3553131047680875,0.0,0.3553131047680875,0.0,0.0,0.0,0.0,1.5320939899999158,0.27,0.06
292,0.3553131047680875,0.0,0.3553131047680875,0.0,0.0,0.0,0.0,1.5320939899999158,0.27,0.06
293,0.3829541525223225,0.0,0.3829541525223225,0.0,0.0,0.0,0.0,1.5320939899999158,0.27,0.06
294,0.3829541525223225,0.0,0.3829541525223225,0.0,0.0,0.0,0.0,1.5320939899999158,0.27,0.06
295,0.142225754808159,0.0,0.142225754808159,0.0,0.0,0.0,0.0,1.5320939899999158,0.27,0.06
296,0.142225754808159,0.0,0.142225754808159,0.0,0.0,0.0,0.0,1.5320939899999158,0.27,0.06
297,0.0668410791147885,0.0,0.0668410791147888,0.0,0.0,0.0,0.0,1.5320939899999158,0.27,0.06
298,0.0668410791147885,0.0,0.0668410791147885,0.0,0.0,0.0,0.0,1.5320939899999158,0.27,0.06
299,0.06332312758243125,0.0,0.0633231275824313,0.0,0.0,0.0,0.0,1.5320939899999158,0.27,0.06
300,0.06332312758243125,0.0,0.06332312758243125,0.0,0.0,0.0,0.0,1.5320939899999158,0.27,0.06
301,0.03869746685593025,0.0,0.0,0.0,0.0,0.03869746685593025,0.0,1.5219104460904604,0.27,0.06
302,0.03869746685593025,0.0,0.0,-6.938893903907228e-18,0.0,0.03869746685593024,0.0,1.5117269021810051,0.27,0.06
303,0.06231799857318625,0.0,0.0,0.0,0.0,0.06231799857318625,0.0,1.4953274288722718,0.27,0.06
304,0.06231799857318625,0.0,0.0,0.0,0.0,0.06231799857318625,0.0,1.4789279555635386,0.27,0.06
305,0.12915907768797474,0.0,0.12915907768797474,0.0,0.0,0.0,0.0,1.4789279555635386,0.27,0.06
306,0.12915907768797474,0.0,0.12915907768797474,0.0,0.0,0.0,0.0,1.4789279555635386,0.27,0.06
307,0.127148819669485,0.0,0.127148819669485,0.0,0.0,0.0,0.0,1.4789279555635386,0.27,0.06
308,0.127148819669485,0.0,0.127148819669485,0.0,0.0,0.0,0.0,1.4789279555635386,0.27,0.06
309,0.1331795937249545,0.0,0.1331795937249545,0.0,0.0,0.0,0.0,1.4789279555635386,0.27,0.06
310,0.1331795937249545,0.0,0.1331795937249545,0.0,0.0,0.0,0.0,1.4789279555635386,0.27,0.06
311,0.34978489521724,0.0,0.34978489521724,0.0,0.0,0.0,0.0,1.4789279555635386,0.27,0.06
312,0.34978489521724,0.0,0.34978489521724,0.0,0.0,0.0,0.0,1.4789279555635386,0.27,0.06
313,0.09749751389675924,0.0,0.09749751389675954,0.0,0.0,0.0,0.0,1.4789279555635386,0.27,0.06
314,0.09749751389675924,0.0,0.09749751389675924,0.0,0.0,0.0,0.0,1.4789279555635386,0.27,0.06
315,0.1321744647157095,0.0,0.1321744647157095,0.0,0.0,0.0,0.0,1.4789279555635386,0.27,0.06
316,0.1321744647157095,0.0,0.1321744647157095,0.0,0.0,0.0,0.0,1.4789279555635386,0.27,0.06
317,0.08845135281355475,0.0,0.0,0.0,0.0,0.08845135281355475,0.0,1.4556512837704978,0.27,0.06
318,0.08845135281355475,0.0,0.08845135281355475,0.0,0.0,0.0,0.0,1.4556512837704978,0.27,0.06
319,0.09800007840138175,0.0,0.0,0.0,0.0,0.09800007840138175,0.0,1.4298617894543448,0.27,0.06
320,0.09800007840138175,0.0,0.0,0.0,0.0,0.09800007840138175,0.0,1.4040722951381917,0.27,0.06
321,0.08995904632742226,0.0,0.08995904632742226,0.0,0.0,0.0,0.0,1.4040722951381917,0.27,0.06
322,0.08995904632742226,0.0,0.08995904632742226,0.0,0.0,0.0,0.0,1.4040722951381917,0.27,0.06
323,0.07287185317025825,0.0,0.07287185317025825,0.0,0.0,0.0,0.0,1.4040722951381917,0.27,0.06
324,0.07287185317025825,0.07287185317025825,0.0,0.0,0.0,0.0,0.0,1.4040722951381917,0.27,0.06
325,0.08744622380430975,0.0,0.08744622380430975,0.0,0.0,0.0,0.0,1.4040722951381917,0.27,0.06
326,0.08744622380430975,0.08744622380430966,-0.0,0.0,0.0,0.0,0.0,1.4040722951381917,0.27,0.06
327,0.08995904632742226,0.08995904632742226,0.0,0.0,0.0,0.0,0.0,1.4040722951381917,0.27,0.06
328,0.08995904632742226,0.08995904632742226,0.0,0.0,0.0,0.0,0.0,1.4040722951381917,0.27,0.06
329,0.0678462081240335,0.0678462081240335,0.0,0.0,0.0,0.0,0.0,1.4040722951381917,0.27,0.06
330,0.0678462081240335,0.0678462081240335,0.0,0.0,0.0,0.0,0.0,1.4040722951381917,0.27,0.06
331,0.0743795466841255,0.0743795466841255,0.0,0.0,0.0,0.0,0.0,1.4040722951381917,0.27,0.06
332,0.0743795466841255,0.07437954668412498,-0.0,0.0,0.0,0.0,0.0,1.4040722951381917,0.27,0.06
333,0.03970259586517525,0.03970259586517525,0.0,0.0,0.0,0.0,0.0,1.4040722951381917,0.27,0.06
334,0.03970259586517525,0.7178047328412129,0.0,0.0,0.6781021369760377,0.0,0.0,1.5651215526700006,0.27,0.06
335,0.38446184603619,0.38446184603619,0.0,0.0,0.0,0.0,0.0,1.5651215526700006,0.27,0.06
336,0.38446184603619,0.38446184603619,0.0,0.0,0.0,0.0,0.0,1.5651215526700006,0.27,0.06
337,0.40908750676269,0.40908750676269,0.0,0.0,0.0,0.0,0.0,1.5651215526700006,0.27,0.06
338,0.40908750676269,0.40908750676269,0.0,0.0,0.0,0.0,0.0,1.5651215526700006,0.27,0.06
339,0.4055695552303325,0.4055695552303325,0.0,0.0,0.0,0.0,0.0,1.5651215526700006,0.27,0.06
340,0.4055695552303325,0.4055695552303325,0.0,0.0,0.0,0.0,0.0,1.5651215526700006,0.27,0.06
341,0.4518054896556,0.4518054896556,0.0,0.0,0.0,0.0,0.0,1.5651215526700006,0.27,0.06
342,0.4518054896556,0.4518054896556,0.0,0.0,0.0,0.0,0.0,1.5651215526700006,0.27,0.06
343,0.46989781182201,0.46989781182201,0.0,0.0,0.0,0.0,0.0,1.5651215526700006,0.27,0.06
344,0.46989781182201,0.46989781182201,0.0,0.0,0.0,0.0,0.0,1.5651215526700006,0.27,0.06
345,0.4553234411879575,0.4553234411879575,0.0,0.0,0.0,0.0,0.0,1.5651215526700006,0.27,0.06
346,0.4553234411879575,0.4553234411879575,0.0,0.0,0.0,0.0,0.0,1.5651215526700006,0.27,0.06
347,0.4663798602896525,-0.0,0.4663798602896525,0.0,0.0,0.0,0.0,1.5651215526700006,0.27,0.06
348,0.4663798602896525,-0.0,0.4663798602896525,0.0,0.0,0.0,0.0,1.5651215526700006,0.27,0.06
349,0.44376445758164,0.44376445758164,0.0,0.0,0.0,0.0,0.0,1.5651215526700006,0.27,0.06
350,0.44376445758164,0.44376445758164,0.0,0.0,0.0,0.0,0.0,1.5651215526700006,0.27,0.06
351,0.2090668339229475,0.2090668339229475,0.0,0.0,0.0,0.0,0.0,1.5651215526700006,0.27,0.06
352,0.2090668339229475,0.0,0.2090668339229475,0.0,0.0,0.0,0.0,1.5651215526700006,0.27,0.06
353,0.065333385600921,0.065333385600921,0.0,0.0,0.0,0.0,0.0,1.5651215526700006,0.27,0.06
354,0.065333385600921,0.065333385600921,0.0,0.0,0.0,0.0,0.0,1.5651215526700006,0.27,0.06
355,0.057794918031584,0.057794918031584,0.0,0.0,0.0,0.0,0.0,1.5651215526700006,0.27,0.06
356,0.057794918031584,0.057794918031584,0.0,0.0,0.0,0.0,0.0,1.5651215526700006,0.27,0.06
357,0.3075694768289525,0.3075694768289523,-0.0,0.0,0.0,0.0,0.0,1.5651215526700006,0.27,0.06
358,0.3075694768289525,-0.0,0.3075694768289523,0.0,0.0,0.0,0.0,1.5651215526700006,0.27,0.06
359,0.04422567640677725,0.04422567640677725,0.0,0.0,0.0,0.0,0.0,1.5651215526700006,0.27,0.06
360,0.04422567640677725,0.0,0.04422567640677725,0.0,0.0,0.0,0.0,1.5651215526700006,0.27,0.06
361,0.18745656022418125,0.0,0.18745656022418125,0.0,0.0,0.0,0.0,1.5651215526700006,0.27,0.06
362,0.18745656022418125,0.0,0.18745656022418125,0.0,0.0,0.0,0.0,1.5651215526700006,0.27,0.06
363,0.0944821268690245,0.0,0.0944821268690245,0.0,0.0,0.0,0.0,1.5651215526700006,0.27,0.06
364,0.0944821268690245,0.0,0.09448212686902391,0.0,0.0,8.43769498715119e-16,0.0,1.5651215526700004,0.27,0.06
365,0.0934769978597795,0.0,0.0,0.0,0.0,0.0934769978597795,0.0,1.5405223427069006,0.27,0.06
366,0.0934769978597795,0.0,0.0934769978597795,0.0,0.0,0.0,0.0,1.5405223427069006,0.27,0.06
367,0.17137449607626226,0.0,0.17137449607626226,0.0,0.0,0.0,0.0,1.5405223427069006,0.27,0.06
368,0.17137449607626226,0.0,0.17137449607626226,0.0,0.0,0.0,0.0,1.5405223427069006,0.27,0.06
369,0.13016420669721976,0.0,0.13016420669721976,0.0,0.0,0.0,0.0,1.5405223427069006,0.27,0.06
370,0.13016420669721976,0.0,0.13016420669721976,0.0,0.0,0.0,0.0,1.5405223427069006,0.27,0.06
371,0.1160924005677905,0.0,0.1160924005677905,0.0,0.0,0.0,0.0,1.5405223427069006,0.27,0.06
372,0.1160924005677905,0.0,0.1160924005677905,0.0,0.0,0.0,0.0,1.5405223427069006,0.27,0.06
373,0.1276513841741075,0.0,0.1276513841741075,0.0,0.0,0.0,0.0,1.5405223427069006,0.27,0.06
374,0.1276513841741075,0.0,0.1276513841741075,0.0,0.0,0.0,0.0,1.5405223427069006,0.27,0.06
375,0.14122062579891426,0.0,0.14122062579891426,0.0,0.0,0.0,0.0,1.5405223427069008,0.27,0.06
376,0.14122062579891426,0.0,0.1412206257989137,0.0,0.0,8.43769498715119e-16,0.0,1.5405223427069006,0.27,0.06
377,0.17991809265484426,0.0,0.17991809265484426,0.0,0.0,0.0,0.0,1.5405223427069006,0.27,0.06
378,0.17991809265484426,0.0,0.17991809265484426,0.0,0.0,0.0,0.0,1.5405223427069006,0.27,0.06
379,0.16433859301154774,0.0,0.16433859301154774,0.0,0.0,0.0,0.0,1.5405223427069006,0.27,0.06
380,0.16433859301154774,0.0,0.16433859301154774,0.0,0.0,0.0,0.0,1.5405223427069006,0.27,0.06
381,0.12815394867873,0.0,0.12815394867873,0.0,0.0,0.0,0.0,1.5405223427069006,0.27,0.06
382,0.12815394867873,0.0,0.12815394867873,0.0,0.0,0.0,0.0,1.5405223427069006,0.27,0.06
383,0.07990775623497275,0.0,0.0,0.0,0.0,0.07990775623497275,0.0,1.5194939858029604,0.27,0.06
384,0.07990775623497275,0.0,0.0,0.0,0.0,0.07990775623497275,0.0,1.4984656288990201,0.27,0.06
385,0.060810305059319,0.0,0.060810305059319,0.0,0.0,0.0,0.0,1.4984656288990204,0.27,0.06
386,0.060810305059319,0.0,0.060810305059319,0.0,0.0,0.0,0.0,1.4984656288990204,0.27,0.06
387,0.11508727155854576,0.0,0.11508727155854576,0.0,0.0,0.0,0.0,1.4984656288990204,0.27,0.06
388,0.11508727155854576,0.0,0.11508727155854537,0.0,0.0,0.0,0.0,1.4984656288990204,0.27,0.06
389,0.11508727155854576,0.0,0.11508727155854576,0.0,0.0,0.0,0.0,1.4984656288990204,0.27,0.06
390,0.11508727155854576,0.0,0.0,0.0,0.0,0.11508727155854576,0.0,1.4681795048046662,0.27,0.06
391,0.08845135281355475,0.0,0.08845135281355475,0.0,0.0,0.0,0.0,1.4681795048046662,0.27,0.06
392,0.08845135281355475,0.0,0.0,0.0,0.0,0.08845135281355475,0.0,1.4449028330116254,0.27,0.06
393,0.07940519173035025,0.0,0.0,0.0,0.0,0.07940519173035025,0.0,1.424006729924691,0.27,0.06
394,0.07940519173035025,0.0,0.0,0.0,0.0,0.07940519173035025,0.0,1.4031106268377567,0.27,0.06
395,0.03920003136055275,0.0,0.0,0.0,0.0,0.03920003136055275,0.0,1.3927948291112955,0.27,0.06
396,0.03920003136055275,0.0,0.0,0.0,0.0,0.03920003136055275,0.0,1.3824790313848343,0.27,0.06
397,0.04824619244375725,0.0,0.0,0.0,0.0,0.04824619244375725,0.0,1.3697826649522666,0.27,0.06
398,0.04824619244375725,0.0,0.04824619244375725,0.0,0.0,0.0,0.0,1.3697826649522666,0.27,0.06
399,0.03568207982819525,0.0,0.03568207982819507,0.0,0.0,0.0,0.0,1.3697826649522666,0.27,0.06
400,0.03568207982819525,0.0,0.03568207982819525,0.0,0.0,0.0,0.0,1.3697826649522666,0.27,0.06
401,0.034174386314328,0.0,0.03417438631432823,0.0,0.0,0.0,0.0,1.3697826649522666,0.27,0.06
402,0.034174386314328,0.0,0.034174386314328,0.0,0.0,0.0,0.0,1.3697826649522666,0.27,0.06
403,0.07186672416101325,0.0,0.07186672416101325,0.0,0.0,0.0,0.0,1.3697826649522666,0.27,0.06
404,0.07186672416101325,0.0,0.0,0.0,0.0,0.07186672416101325,0.0,1.3508703691204211,0.27,0.06
405,0.075887240197993,0.0,0.0,0.0,0.0,0.075887240197993,0.0,1.3309000427525282,0.27,0.06
406,0.075887240197993,0.0,0.0,0.0,0.0,0.075887240197993,0.0,1.3109297163846352,0.27,0.06
407,0.07840006272110525,0.0,0.0,0.0,0.0,0.07840006272110525,0.0,1.2902981209317128,0.27,0.06
408,0.07840006272110525,0.0,0.07840006272110525,0.0,0.0,0.0,0.0,1.2902981209317128,0.27,0.06
409,0.14574370634051625,0.0,0.14574370634051625,0.0,0.0,0.0,0.0,1.2902981209317128,0.27,0.06
410,0.14574370634051625,0.0,0.14574370634051625,0.0,0.0,0.0,0.0,1.2902981209317128,0.27,0.06
411,0.356820798281955,0.0,0.356820798281955,0.0,0.0,0.0,0.0,1.2902981209317128,0.27,0.06
412,0.356820798281955,0.0,0.356820798281955,0.0,0.0,0.0,0.0,1.2902981209317128,0.27,0.06
413,0.090964175336667,0.0,0.09096417533666656,0.0,0.0,0.0,0.0,1.2902981209317128,0.27,0.06
414,0.090964175336667,0.0,0.090964175336667,0.0,0.0,0.0,0.0,1.2902981209317128,0.27,0.06
415,0.2784207355608475,0.0,0.27842073556084745,0.0,0.0,0.0,0.0,1.2902981209317128,0.27,0.06
416,0.2784207355608475,0.0,0.2784207355608475,0.0,0.0,0.0,0.0,1.2902981209317128,0.27,0.06
417,0.0904616108320445,0.0,0.0904616108320445,0.0,0.0,0.0,0.0,1.2902981209317128,0.27,0.06
418,0.0904616108320445,0.0,0.0,0.0,0.0,0.0904616108320445,0.0,1.2664924338706485,0.27,0.06
419,0.10302572344760624,0.0,0.10302572344760624,0.0,0.0,0.0,0.0,1.2664924338706485,0.27,0.06
420,0.10302572344760624,0.10302572344760624,0.0,0.0,0.0,0.0,0.0,1.2664924338706487,0.27,0.06
421,0.0688513371332785,0.0688513371332785,0.0,0.0,0.0,0.0,0.0,1.2664924338706487,0.27,0.06
422,0.0688513371332785,0.0688513371332785,0.0,0.0,0.0,0.0,0.0,1.2664924338706487,0.27,0.06
423,0.076892369207238,0.07689236920723808,-0.0,0.0,0.0,0.0,0.0,1.2664924338706487,0.27,0.06
424,0.076892369207238,0.076892369207238,0.0,0.0,0.0,0.0,0.0,1.2664924338706487,0.27,0.06
425,0.041712853883665,0.041712853883665,0.0,0.0,0.0,0.0,0.0,1.2664924338706487,0.27,0.06
426,0.041712853883665,0.041712853883654526,-0.0,0.0,0.0,0.0,0.0,1.2664924338706458,0.27,0.06
427,0.02965130577272575,0.029651305772725678,-0.0,0.0,0.0,0.0,0.0,1.2664924338706458,0.27,0.06
428,0.02965130577272575,0.02965130577272575,0.0,0.0,0.0,0.0,0.0,1.2664924338706458,0.27,0.06
429,0.06985646614252325,0.7711013347624036,0.0,0.0,0.7012448686198803,0.0,0.0,1.4330380901678674,0.27,0.06
430,0.06985646614252325,1.566888757862143,0.0,0.0,1.49703229171962,0.0,0.0,1.7885832594512772,0.27,0.06
431,0.385466975045435,1.1289000073631628,0.0,0.0,0.7434330323177276,0.0,0.0,1.9651486046267375,0.27,0.06
432,0.385466975045435,0.385466975045435,0.0,0.0,0.0,0.0,0.0,1.9651486046267375,0.27,0.06
433,0.3739079914391175,2.37849749630339,0.0,0.0,2.0045895048642723,0.0,0.0,2.441238612032002,0.27,0.06
434,0.3739079914391175,0.3739079914391175,0.0,0.0,0.0,0.0,0.0,2.441238612032002,0.27,0.06
435,0.3920003136055275,0.3920003136055275,0.0,0.0,0.0,0.0,0.0,2.441238612032002,0.27,0.06
436,0.3920003136055275,0.3920003136055275,0.0,0.0,0.0,0.0,0.0,2.441238612032002,0.27,0.06
437,0.3859695395500575,0.3859695395500575,0.0,0.0,0.0,0.0,0.0,2.441238612032002,0.27,0.06
438,0.3859695395500575,0.3859695395500575,0.0,0.0,0.0,0.0,0.0,2.441238612032002,0.27,0.06
439,0.42315931289212,0.42315931289212,0.0,0.0,0.0,0.0,0.0,2.441238612032002,0.27,0.06
440,0.42315931289212,0.42315931289212,0.0,0.0,0.0,0.0,0.0,2.441238612032002,0.27,0.06
441,0.4533131831694675,0.4533131831694675,0.0,0.0,0.0,0.0,0.0,2.441238612032002,0.27,0.06
442,0.4533131831694675,0.4533131831694675,0.0,0.0,0.0,0.0,0.0,2.441238612032002,0.27,0.06
443,0.44979523163711,0.3419356083625195,0.10785962327459048,0.0,0.0,0.0,0.0,2.441238612032002,0.27,0.06
444,0.44979523163711,0.4497952316371112,0.0,0.0,0.0,0.0,0.0,2.441238612032002,0.27,0.06
445,0.4583388282156925,0.6336711757006505,0.0,0.0,0.17533234748495796,0.0,0.0,2.48288004455968,0.27,0.06
446,0.4583388282156925,0.550842921363488,0.0,0.0,0.09250409314779551,0.0,0.0,2.5048497666822813,0.27,0.06
447,0.4327080384799475,-0.0,0.0,0.0,0.0,0.4327080384799475,0.0,2.3909792302401898,0.27,0.06
448,0.4327080384799475,-0.0,0.43270803847994754,0.0,0.0,0.0,0.0,2.3909792302401898,0.27,0.06
449,0.4246670064059875,0.0,0.0,0.0,0.0,0.4246670064059875,0.0,2.279224754870193,0.27,0.06
450,0.4246670064059875,0.0,0.0,0.0,0.0,0.4246670064059875,0.0,2.167470279500196,0.27,0.06
451,0.4367285545169275,0.0,0.0,0.0,0.0,0.4367285545169275,0.0,2.0525417125220575,0.27,0.06
452,0.4367285545169275,0.0,0.0,0.0,0.0,0.4367285545169275,0.0,1.9376131455439187,0.27,0.06
453,0.100512900924494,0.0,-0.0,0.0,0.0,0.10051290092449383,0.0,1.9111623821427361,0.27,0.06
454,0.100512900924494,0.0,0.0,0.0,0.0,0.100512900924494,0.0,1.8847116187415534,0.27,0.06
455,0.2176104305015295,0.0,0.2176104305015295,0.0,0.0,0.0,0.0,1.8847116187415534,0.27,0.06
456,0.2176104305015295,0.0,0.2176104305015295,0.0,0.0,0.0,0.0,1.8847116187415534,0.27,0.06
457,0.1929847697750285,0.0,0.1929847697750285,0.0,0.0,0.0,0.0,1.8847116187415534,0.27,0.06
458,0.1929847697750285,0.0,0.1929847697750285,0.0,0.0,0.0,0.0,1.8847116187415534,0.27,0.06
459,0.117600094081658,0.0,0.117600094081658,0.0,0.0,0.0,0.0,1.8847116187415534,0.27,0.06
460,0.117600094081658,0.0,0.117600094081658,0.0,0.0,0.0,0.0,1.8847116187415534,0.27,0.06
461,0.1201129166047705,0.0,0.12011291660477053,0.0,0.0,3.95516952522712e-16,0.0,1.8847116187415534,0.27,0.06
462,0.1201129166047705,0.0,-0.0,0.0,0.0,0.1201129166047705,0.0,1.85310295647714,0.27,0.06
463,0.1417231903035365,0.0,0.0,0.0,0.0,0.1417231903035365,0.0,1.8158073800814727,0.27,0.06
464,0.1417231903035365,0.0,0.0,0.0,0.0,0.14172319030353733,0.0,1.778511803685805,0.27,0.06
465,0.1181026585862805,0.0,0.0,0.0,0.0,0.1181026585862805,0.0,1.7474321566894155,0.27,0.06
466,0.1181026585862805,0.0,0.1181026585862805,0.0,0.0,0.0,0.0,1.7474321566894155,0.27,0.06
467,0.05327183748998175,0.0,0.0,0.0,0.0,0.05327183748998175,0.0,1.7334132520867889,0.27,0.06
468,0.05327183748998175,0.0,0.0,0.0,0.0,0.05327183748998175,0.0,1.719394347484162,0.27,0.06
469,0.03769233784668525,0.0,0.0,6.938893903907228e-18,0.0,0.037692337846685256,0.0,1.7094753112087184,0.27,0.06
470,0.03769233784668525,0.0,0.0,0.0,0.0,0.03769233784668525,0.0,1.6995562749332747,0.27,0.06
471,0.03668720883744025,0.0,0.0,6.938893903907228e-18,0.0,0.036687208837440255,0.0,1.689901746291843,0.27,0.06
472,0.03668720883744025,0.0,0.0,0.0,0.0,0.03668720883744025,0.0,1.6802472176504115,0.27,0.06
473,0.0236205317172561,0.0,0.0,0.0,0.0,0.0236205317172561,0.0,1.6740312882511337,0.27,0.06
474,0.0236205317172561,0.0,0.0,0.0,0.0,0.0236205317172561,0.0,1.6678153588518558,0.27,0.06
475,0.06282056307780876,0.0,0.0,0.0,0.0,0.06282056307780876,0.0,1.6512836317261168,0.27,0.06
476,0.06282056307780876,0.0,0.0,0.0,0.0,0.06282056307780876,0.0,1.6347519046003776,0.27,0.06
477,0.13770267426655675,0.0,0.13770267426655675,0.0,0.0,0.0,0.0,1.6347519046003776,0.27,0.06
478,0.13770267426655675,0.0,0.13770267426655636,0.0,0.0,0.0,0.0,1.6347519046003776,0.27,0.06
479,0.1598155124699455,0.0,0.1598155124699455,0.0,0.0,0.0,0.0,1.6347519046003776,0.27,0.06
480,0.1598155124699455,0.0,0.1598155124699455,0.0,0.0,0.0,0.0,1.6347519046003776,0.27,0.06
481,0.10352828795222875,0.0,0.0,0.0,0.0,0.10352828795222875,0.0,1.6075076182971595,0.27,0.06
482,0.10352828795222875,0.0,0.10352828795222875,0.0,0.0,0.0,0.0,1.6075076182971597,0.27,0.06
483,0.08895391731817726,0.0,0.0,0.0,0.0,0.08895391731817726,0.0,1.584098692687113,0.27,0.06
484,0.08895391731817726,0.0,0.08895391731817726,0.0,0.0,0.0,0.0,1.584098692687113,0.27,0.06
485,0.08995904632742226,0.0,0.08995904632742226,0.0,0.0,0.0,0.0,1.584098692687113,0.27,0.06
486,0.08995904632742226,0.0,0.08995904632742226,0.0,0.0,0.0,0.0,1.584098692687113,0.27,0.06
487,0.111066755521566,0.0,0.111066755521566,0.0,0.0,0.0,0.0,1.584098692687113,0.27,0.06
488,0.111066755521566,0.0,0.111066755521566,0.0,0.0,0.0,0.0,1.584098692687113,0.27,0.06
489,0.07287185317025825,0.0,0.07287185317025825,0.0,0.0,0.0,0.0,1.584098692687113,0.27,0.06
490,0.07287185317025825,0.0,0.07287185317025724,0.0,0.0,8.43769498715119e-16,0.0,1.5840986926871128,0.27,0.06
491,0.06282056307780876,0.0,0.06282056307780876,0.0,0.0,0.0,0.0,1.5840986926871128,0.27,0.06
492,0.06282056307780876,0.0,0.0,0.0,0.0,0.06282056307780876,0.0,1.5675669655613738,0.27,0.06
493,0.075887240197993,0.0,0.0,0.0,0.0,0.075887240197993,0.0,1.5475966391934808,0.27,0.06
494,0.075887240197993,0.0,0.075887240197993,0.0,0.0,0.0,0.0,1.5475966391934808,0.27,0.06
495,0.0572923535269615,0.0,0.0,0.0,0.0,0.0572923535269615,0.0,1.5325197040548069,0.27,0.06
496,0.0572923535269615,0.0,0.0,0.0,0.0,0.0572923535269615,0.0,1.5174427689161327,0.27,0.06
497,0.0507590149668695,0.0,0.0,0.0,0.0,0.0507590149668695,0.0,1.5040851333985354,0.27,0.06
498,0.0507590149668695,0.0,0.0,0.0,0.0,0.0507590149668695,0.0,1.4907274978809382,0.27,0.06
499,0.06282056307780876,0.0,0.0,0.0,0.0,0.06282056307780876,0.0,1.4741957707551991,0.27,0.06
500,0.06282056307780876,0.0,0.06282056307780876,0.0,0.0,0.0,0.0,1.4741957707551991,0.27,0.06
501,0.10704623948458625,0.0,0.10704623948458625,0.0,0.0,0.0,0.0,1.4741957707551991,0.27,0.06
502,0.10704623948458625,0.0,0.10704623948458625,0.0,0.0,0.0,0.0,1.4741957707551991,0.27,0.06
503,0.0819180142534625,0.0,0.08191801425346146,0.0,0.0,8.43769498715119e-16,0.0,1.474195770755199,0.27,0.06
504,0.0819180142534625,0.0,0.0,0.0,0.0,0.0819180142534625,0.0,1.4526383985832354,0.27,0.06
505,0.0743795466841255,0.0,0.0,0.0,0.0,0.0743795466841255,0.0,1.4330648336663603,0.27,0.06
506,0.0743795466841255,0.0,0.0,1.3877787807814457e-17,0.0,0.07437954668412551,0.0,1.4134912687494852,0.27,0.06
507,0.07840006272110525,0.0,0.0,0.0,0.0,0.07840006272110525,0.0,1.3928596732965626,0.27,0.06
508,0.07840006272110525,0.0,0.0,0.0,0.0,0.07840006272110525,0.0,1.3722280778436402,0.27,0.06
509,0.06483082109629874,0.0,0.0,0.0,0.0,0.06483082109629874,0.0,1.3551673354498772,0.27,0.06
510,0.06483082109629874,0.0,0.0,1.3877787807814457e-17,0.0,0.06483082109629876,0.0,1.3381065930561145,0.27,0.06
511,0.07337441767488075,0.0,0.0,0.0,0.0,0.07337441767488075,0.0,1.318797535773251,0.27,0.06
512,0.07337441767488075,0.0,0.07337441767488162,0.0,0.0,-1.582067810090848e-16,0.0,1.318797535773251,0.27,0.06
513,0.07136415965639074,0.0,0.0,0.0,0.0,0.07136415965639074,0.0,1.3000174937584115,0.27,0.06
514,0.07136415965639074,0.0,0.07136415965639074,0.0,0.0,0.0,0.0,1.3000174937584115,0.27,0.06
515,0.0743795466841255,0.0,0.0743795466841255,0.0,0.0,0.0,0.0,1.3000174937584115,0.27,0.06
516,0.0743795466841255,-0.0,0.0743795466841255,0.0,0.0,0.0,0.0,1.3000174937584115,0.27,0.06
517,0.08242057875808526,0.06011323492180781,0.0,0.0,0.0,0.022307343836277443,0.0,1.2941471401172842,0.27,0.06
518,0.08242057875808526,0.08242057875808526,0.0,0.0,0.0,0.0,0.0,1.2941471401172842,0.27,0.06
519,0.04020516036979775,0.04020516036979775,0.0,0.0,0.0,0.0,0.0,1.2941471401172842,0.27,0.06
520,0.04020516036979775,0.04020516036979775,0.0,0.0,0.0,0.0,0.0,1.2941471401172842,0.27,0.06
521,0.05377440199460425,0.05377440199460425,0.0,0.0,0.0,0.0,0.0,1.2941471401172842,0.27,0.06
522,0.05377440199460425,0.05377440199460425,0.0,0.0,0.0,0.0,0.0,1.2941471401172842,0.27,0.06
523,0.07287185317025825,0.07287185317025825,0.0,0.0,0.0,0.0,0.0,1.2941471401172842,0.27,0.06
524,0.07287185317025825,0.07287185317025825,0.0,0.0,0.0,0.0,0.0,1.2941471401172842,0.27,0.06
525,0.041712853883665,0.041712853883665,0.0,0.0,0.0,0.0,0.0,1.2941471401172842,0.27,0.06
526,0.041712853883665,0.041712853883665,0.0,0.0,0.0,0.0,0.0,1.2941471401172842,0.27,0.06
527,0.40506699072571,0.40506699072571,0.0,0.0,0.0,0.0,0.0,1.2941471401172842,0.27,0.06
528,0.40506699072571,1.5305973840703224,0.0,0.0,1.1255303933446124,0.0,0.0,1.5614606085366296,0.27,0.06
529,0.4070772487442,0.4070772487442,0.0,0.0,0.0,0.0,0.0,1.5614606085366296,0.27,0.06
530,0.4070772487442,0.4070772487442,0.0,0.0,0.0,0.0,0.0,1.5614606085366296,0.27,0.06
531,0.4105952002765575,0.4105952002765575,0.0,0.0,0.0,0.0,0.0,1.5614606085366296,0.27,0.06
532,0.4105952002765575,0.4105952002765575,0.0,0.0,0.0,0.0,0.0,1.5614606085366296,0.27,0.06
533,0.42516957091061,0.42516957091061,0.0,0.0,0.0,0.0,0.0,1.5614606085366296,0.27,0.06
534,0.42516957091061,0.42516957091061,0.0,0.0,0.0,0.0,0.0,1.5614606085366296,0.27,0.06
535,0.41913879685514,0.41913879685514,0.0,0.0,0.0,0.0,0.0,1.5614606085366296,0.27,0.06
536,0.41913879685514,0.41913879685514,0.0,0.0,0.0,0.0,0.0,1.5614606085366296,0.27,0.06
537,0.4417541995631525,0.4417541995631525,0.0,0.0,0.0,0.0,0.0,1.5614606085366296,0.27,0.06
538,0.4417541995631525,0.4417541995631525,0.0,0.0,0.0,0.0,0.0,1.5614606085366296,0.27,0.06
539,0.47391832785899,0.47391832785899,0.0,0.0,0.0,0.0,0.0,1.5614606085366296,0.27,0.06
540,0.47391832785899,0.231527572286765,0.0,0.0,0.0,0.24239075557222686,0.0,1.4976735675965704,0.27,0.06
541,0.460851650738805,0.460851650738805,0.0,0.0,0.0,0.0,0.0,1.4976735675965704,0.27,0.06
542,0.460851650738805,0.460851650738805,0.0,0.0,0.0,0.0,0.0,1.4976735675965704,0.27,0.06
543,0.4683901183081425,0.13723354791662468,0.3311565703915178,0.0,0.0,0.0,0.0,1.4976735675965704,0.27,0.06
544,0.4683901183081425,0.4683901183081425,0.0,0.0,0.0,0.0,0.0,1.4976735675965704,0.27,0.06
545,0.46587729578503,0.23408147373320476,0.23179582205182525,0.0,0.0,0.0,0.0,1.4976735675965704,0.27,0.06
546,0.46587729578503,-0.0,0.46587729578503,0.0,0.0,0.0,0.0,1.4976735675965704,0.27,0.06
547,0.43974394154466,0.23157632328697475,0.20816761825768526,0.0,0.0,0.0,0.0,1.4976735675965704,0.27,0.06
548,0.43974394154466,0.113184646785776,0.326559294758884,0.0,0.0,0.0,0.0,1.4976735675965704,0.27,0.06
549,0.442256764067775,-0.0,0.4422567640677748,0.0,0.0,0.0,0.0,1.4976735675965704,0.27,0.06
550,0.442256764067775,0.003766071786218683,0.4384906922815563,0.0,0.0,0.0,0.0,1.4976735675965704,0.27,0.06
551,0.1522770449006085,-0.0,0.1522770449006085,0.0,0.0,0.0,0.0,1.4976735675965704,0.27,0.06
552,0.1522770449006085,-0.0,0.1522770449006085,0.0,0.0,0.0,0.0,1.4976735675965704,0.27,0.06
553,0.294000235204145,0.0,0.294000235204145,0.0,0.0,0.0,0.0,1.4976735675965704,0.27,0.06
554,0.294000235204145,0.0,0.294000235204145,0.0,0.0,0.0,0.0,1.4976735675965704,0.27,0.06
555,0.074882111188748,0.0,0.0,0.0,0.0,0.074882111188748,0.0,1.4779677488626894,0.27,0.06
556,0.074882111188748,0.0,0.074882111188748,0.0,0.0,0.0,0.0,1.4779677488626894,0.27,0.06
557,0.06131286956394125,0.0,0.0,0.0,0.0,0.06131286956394125,0.0,1.461832783187968,0.27,0.06
558,0.06131286956394125,0.0,0.0,0.0,0.0,0.06131286956394125,0.0,1.4456978175132467,0.27,0.06
559,0.101518029933739,0.0,0.101518029933739,0.0,0.0,0.0,0.0,1.4456978175132467,0.27,0.06
560,0.101518029933739,0.0,0.101518029933739,0.0,0.0,0.0,0.0,1.4456978175132467,0.27,0.06
561,0.158307818956078,0.0,0.158307818956078,0.0,0.0,0.0,0.0,1.4456978175132467,0.27,0.06
562,0.158307818956078,0.0,0.158307818956078,0.0,0.0,0.0,0.0,1.4456978175132467,0.27,0.06
563,0.1201129166047705,0.0,0.12011291660477055,0.0,0.0,0.0,0.0,1.4456978175132467,0.27,0.06
564,0.1201129166047705,0.0,0.1201129166047705,0.0,0.0,0.0,0.0,1.4456978175132467,0.27,0.06
565,0.1427283193127815,0.0,0.1427283193127815,0.0,0.0,0.0,0.0,1.4456978175132467,0.27,0.06
566,0.1427283193127815,0.0,0.14272831931278152,0.0,0.0,0.0,0.0,1.4456978175132467,0.27,0.06
567,0.11357957804467825,0.0,0.11357957804467825,0.0,0.0,0.0,0.0,1.4456978175132467,0.27,0.06
568,0.11357957804467825,0.0,0.11357957804467825,0.0,0.0,0.0,0.0,1.4456978175132467,0.27,0.06
569,0.10352828795222875,0.0,0.10352828795222875,0.0,0.0,0.0,0.0,1.4456978175132467,0.27,0.06
570,0.10352828795222875,0.0,0.10352828795222875,0.0,0.0,0.0,0.0,1.4456978175132467,0.27,0.06
571,0.08141544974884025,0.0,0.0,0.0,0.0,0.08141544974884025,0.0,1.4242726991582888,0.27,0.06
572,0.08141544974884025,0.0,0.08141544974884025,0.0,0.0,0.0,0.0,1.4242726991582888,0.27,0.06
573,0.051261579471492,0.0,0.0,0.0,0.0,0.051261579471492,0.0,1.4107828098236856,0.27,0.06
574,0.051261579471492,0.0,0.0,0.0,0.0,0.051261579471492,0.0,1.3972929204890825,0.27,0.06
575,0.0422154183882875,0.0,0.0,0.0,0.0,0.0422154183882875,0.0,1.3861835998605858,0.27,0.06
576,0.0422154183882875,0.0,0.0422154183882875,0.0,0.0,0.0,0.0,1.3861835998605858,0.27,0.06
577,0.07840006272110525,0.0,0.07840006272110525,0.0,0.0,0.0,0.0,1.3861835998605858,0.27,0.06
578,0.07840006272110525,0.0,0.07840006272110525,0.0,0.0,0.0,0.0,1.3861835998605858,0.27,0.06
579,0.3392310406201675,0.0,0.3392310406201675,0.0,0.0,0.0,0.0,1.3861835998605858,0.27,0.06
580,0.3392310406201675,0.0,0.3392310406201675,0.0,0.0,0.0,0.0,1.3861835998605858,0.27,0.06
581,0.438236248030795,0.0,0.438236248030795,0.0,0.0,0.0,0.0,1.3861835998605858,0.27,0.06
582,0.438236248030795,0.0,0.438236248030795,0.0,0.0,0.0,0.0,1.3861835998605858,0.27,0.06
583,0.12413343264175025,0.0,0.12413343264175025,0.0,0.0,0.0,0.0,1.3861835998605858,0.27,0.06
584,0.12413343264175025,0.0,0.12413343264175025,0.0,0.0,0.0,0.0,1.3861835998605858,0.27,0.06
585,0.108051368493831,0.0,0.108051368493831,0.0,0.0,0.0,0.0,1.3861835998605858,0.27,0.06
586,0.108051368493831,0.0,0.108051368493831,0.0,0.0,0.0,0.0,1.3861835998605858,0.27,0.06
587,0.1020205944383615,0.0,0.1020205944383615,0.0,0.0,0.0,0.0,1.3861835998605858,0.27,0.06
588,0.1020205944383615,0.0,0.1020205944383615,0.0,0.0,0.0,0.0,1.3861835998605858,0.27,0.06
589,0.0422154183882875,0.0,0.0422154183882875,0.0,0.0,0.0,0.0,1.3861835998605858,0.27,0.06
590,0.0422154183882875,0.0,0.0422154183882875,0.0,0.0,0.0,0.0,1.3861835998605858,0.27,0.06
591,0.05628722451771675,0.0,0.05628722451771675,0.0,0.0,0.0,0.0,1.3861835998605858,0.27,0.06
592,0.05628722451771675,0.0,0.056287224517716616,0.0,0.0,0.0,0.0,1.3861835998605858,0.27,0.06
593,0.03920003136055275,0.0,0.0,0.0,0.0,0.03920003136055275,0.0,1.3758678021341246,0.27,0.06
594,0.03920003136055275,0.0,0.0,0.0,0.0,0.03920003136055275,0.0,1.3655520044076632,0.27,0.06
595,0.08141544974884025,0.0,0.08141544974884025,0.0,0.0,0.0,0.0,1.3655520044076632,0.27,0.06
596,0.08141544974884025,0.0,0.0,0.0,0.0,0.08141544974884025,0.0,1.3441268860527054,0.27,0.06
597,0.1020205944383615,0.0,0.1020205944383615,0.0,0.0,0.0,0.0,1.3441268860527054,0.27,0.06
598,0.1020205944383615,0.0,0.1020205944383615,0.0,0.0,0.0,0.0,1.3441268860527054,0.27,0.06
599,0.05377440199460425,0.0,0.0,0.0,0.0,0.05377440199460425,0.0,1.3299757276330728,0.27,0.06
600,0.05377440199460425,0.0,0.0,0.0,0.0,0.05377440199460425,0.0,1.31582456921344,0.27,0.06
601,0.050256450462247,0.0,0.050256450462247,0.0,0.0,0.0,0.0,1.31582456921344,0.27,0.06
602,0.050256450462247,0.0,0.050256450462247,0.0,0.0,0.0,0.0,1.31582456921344,0.27,0.06
603,0.05377440199460425,0.0,0.05377440199460448,0.0,0.0,0.0,0.0,1.31582456921344,0.27,0.06
604,0.05377440199460425,0.0,0.05377440199460425,0.0,0.0,0.0,0.0,1.31582456921344,0.27,0.06
605,0.0593026115454515,0.0,0.059302611545451356,0.0,0.0,0.0,0.0,1.31582456921344,0.27,0.06
606,0.0593026115454515,0.0,0.0,0.0,0.0,0.0593026115454515,0.0,1.3002186188067424,0.27,0.06
607,0.101518029933739,0.0,0.101518029933739,0.0,0.0,0.0,0.0,1.3002186188067424,0.27,0.06
608,0.101518029933739,0.0,0.101518029933739,0.0,0.0,0.0,0.0,1.3002186188067424,0.27,0.06
609,0.1256411261556175,0.0,0.1256411261556175,0.0,0.0,0.0,0.0,1.3002186188067424,0.27,0.06
610,0.1256411261556175,0.0,0.1256411261556175,0.0,0.0,0.0,0.0,1.3002186188067424,0.27,0.06
611,0.09800007840138175,0.0,0.09800007840138175,0.0,0.0,0.0,0.0,1.3002186188067424,0.27,0.06
612,0.09800007840138175,0.0,0.09800007840138175,0.0,0.0,0.0,0.0,1.3002186188067424,0.27,0.06
613,0.1010154654291165,0.0,0.1010154654291165,0.0,0.0,0.0,0.0,1.3002186188067424,0.27,0.06
614,0.1010154654291165,-0.0,0.1010154654291165,0.0,0.0,0.0,0.0,1.3002186188067424,0.27,0.06
615,0.12061548110939276,0.0,0.12061548110939276,0.0,0.0,0.0,0.0,1.3002186188067424,0.27,0.06
616,0.12061548110939276,0.0,0.12061548110939276,0.0,0.0,0.0,0.0,1.3002186188067424,0.27,0.06
617,0.0859385302904425,-0.0,0.0859385302904425,0.0,0.0,0.0,0.0,1.3002186188067424,0.27,0.06
618,0.0859385302904425,0.0859385302904425,0.0,0.0,0.0,0.0,0.0,1.3002186188067424,0.27,0.06
619,0.073876982179503,0.073876982179503,0.0,0.0,0.0,0.0,0.0,1.3002186188067424,0.27,0.06
620,0.073876982179503,0.073876982179503,0.0,0.0,0.0,0.0,0.0,1.3002186188067424,0.27,0.06
621,0.08342570776733,0.08342570776733,0.0,0.0,0.0,0.0,0.0,1.3002186188067424,0.27,0.06
622,0.08342570776733,0.08342570776733,0.0,0.0,0.0,0.0,0.0,1.3002186188067424,0.27,0.06
623,0.67745695223109,0.67745695223109,0.0,0.0,0.0,0.0,0.0,1.3002186188067424,0.27,0.06
624,0.67745695223109,0.67745695223109,0.0,0.0,0.0,0.0,0.0,1.3002186188067424,0.27,0.06
625,0.678462081240335,0.678462081240335,0.0,0.0,0.0,0.0,0.0,1.3002186188067424,0.27,0.06
626,0.678462081240335,0.678462081240335,0.0,0.0,0.0,0.0,0.0,1.3002186188067424,0.27,0.06
627,0.7056005644899475,0.7056005644899475,0.0,0.0,0.0,0.0,0.0,1.3002186188067424,0.27,0.06
628,0.7056005644899475,0.7056005644899475,0.0,0.0,0.0,0.0,0.0,1.3002186188067424,0.27,0.06
629,0.7035903064714575,0.0,0.7035903064714575,0.0,0.0,0.0,0.0,1.3002186188067424,0.27,0.06
630,0.7035903064714575,-0.0,0.7035903064714575,0.0,0.0,0.0,0.0,1.3002186188067424,0.27,0.06
631,0.71414416106853,0.0,0.71414416106853,0.0,0.0,0.0,0.0,1.3002186188067424,0.27,0.06
632,0.71414416106853,0.0,0.71414416106853,0.0,0.0,0.0,0.0,1.3002186188067424,0.27,0.06
633,0.78550832072492,0.0,0.78550832072492,0.0,0.0,0.0,0.0,1.3002186188067424,0.27,0.06
634,0.78550832072492,0.0,0.78550832072492,0.0,0.0,0.0,0.0,1.3002186188067424,0.27,0.06
635,0.6558466282758725,0.31215384014481157,0.3436927881310609,0.0,0.0,0.0,0.0,1.3002186188067424,0.27,0.06
636,0.6558466282758725,-0.0,0.6558466282758725,0.0,0.0,0.0,0.0,1.3002186188067424,0.27,0.06
637,0.0572923535269615,0.0572923535269615,0.0,0.0,0.0,0.0,0.0,1.3002186188067424,0.27,0.06
638,0.0572923535269615,0.0572923535269615,0.0,0.0,0.0,0.0,0.0,1.3002186188067424,0.27,0.06
639,0.05678978902233925,0.05678978902233925,0.0,0.0,0.0,0.0,0.0,1.3002186188067424,0.27,0.06
640,0.05678978902233925,0.05678978902233925,0.0,0.0,0.0,0.0,0.0,1.3002186188067424,0.27,0.06
641,0.23268736564020376,0.23268736564020376,-0.0,0.0,0.0,0.0,0.0,1.3002186188067424,0.27,0.06
642,0.23268736564020376,0.23268736564020376,-0.0,0.0,0.0,0.0,0.0,1.3002186188067424,0.27,0.06
643,0.05427696649922675,0.05427696649922664,-0.0,0.0,0.0,0.0,0.0,1.3002186188067424,0.27,0.06
644,0.05427696649922675,0.05427696649922675,0.0,0.0,0.0,0.0,0.0,1.3002186188067424,0.27,0.06
645,0.06131286956394125,0.06131286956394125,0.0,0.0,0.0,0.0,0.0,1.3002186188067424,0.27,0.06
646,0.06131286956394125,0.04788092419728007,0.0,0.0,0.0,0.013431945366661176,0.0,1.2966838963418315,0.27,0.06
647,0.2110770919414375,-0.0,0.2110770919414375,0.0,0.0,0.0,0.0,1.2966838963418315,0.27,0.06
648,0.2110770919414375,0.0,0.2110770919414375,0.0,0.0,0.0,0.0,1.2966838963418315,0.27,0.06
649,0.3342053955739425,0.0,0.3342053955739425,0.0,0.0,0.0,0.0,1.2966838963418315,0.27,0.06
650,0.3342053955739425,0.0,0.3342053955739425,0.0,0.0,0.0,0.0,1.2966838963418315,0.27,0.06
651,0.117600094081658,0.0,0.117600094081658,0.0,0.0,0.0,0.0,1.2966838963418315,0.27,0.06
652,0.117600094081658,0.0,0.117600094081658,0.0,0.0,0.0,0.0,1.2966838963418315,0.27,0.06
653,0.10754880398920875,0.0,0.10754880398920875,0.0,0.0,0.0,0.0,1.2966838963418315,0.27,0.06
654,0.10754880398920875,0.0,0.10754880398920917,0.0,0.0,0.0,0.0,1.2966838963418315,0.27,0.06
655,0.15730268994683325,0.0,0.15730268994683325,0.0,0.0,0.0,0.0,1.2966838963418315,0.27,0.06
656,0.15730268994683325,0.0,0.15730268994683325,0.0,0.0,0.0,0.0,1.2966838963418315,0.27,0.06
657,0.09749751389675924,0.0,0.09749751389675924,0.0,0.0,0.0,0.0,1.2966838963418315,0.27,0.06
658,0.09749751389675924,0.0,0.09749751389675924,0.0,0.0,0.0,0.0,1.2966838963418315,0.27,0.06
659,0.14574370634051625,0.0,0.14574370634051625,0.0,0.0,0.0,0.0,1.2966838963418315,0.27,0.06
660,0.14574370634051625,0.0,0.14574370634051625,0.0,0.0,0.0,0.0,1.2966838963418315,0.27,0.06
661,0.13820523877117924,0.0,0.13820523877117924,0.0,0.0,0.0,0.0,1.2966838963418315,0.27,0.06
662,0.13820523877117924,0.0,0.13820523877117924,0.0,0.0,0.0,0.0,1.2966838963418315,0.27,0.06
663,0.1361949807526895,0.0,0.1361949807526895,0.0,0.0,0.0,0.0,1.2966838963418315,0.27,0.06
664,0.1361949807526895,0.0,0.1361949807526895,0.0,0.0,0.0,0.0,1.2966838963418315,0.27,0.06
665,0.1266462551648625,0.0,0.12664625516486272,0.0,0.0,0.0,0.0,1.2966838963418315,0.27,0.06
666,0.1266462551648625,0.0,0.1266462551648625,0.0,0.0,0.0,0.0,1.2966838963418315,0.27,0.06
667,0.117600094081658,0.0,0.117600094081658,0.0,0.0,0.0,0.0,1.2966838963418315,0.27,0.06
668,0.117600094081658,0.0,0.11760009408165839,0.0,0.0,0.0,0.0,1.2966838963418315,0.27,0.06
669,0.10453341696147375,0.0,0.10453341696147375,0.0,0.0,0.0,0.0,1.2966838963418315,0.27,0.06
670,0.10453341696147375,0.0,0.10453341696147375,0.0,0.0,0.0,0.0,1.2966838963418315,0.27,0.06
671,0.13820523877117924,0.0,0.13820523877117924,0.0,0.0,0.0,0.0,1.2966838963418315,0.27,0.06
672,0.13820523877117924,0.0,0.13820523877117924,0.0,0.0,0.0,0.0,1.2966838963418315,0.27,0.06
673,0.2291694141078465,0.0,0.2291694141078465,0.0,0.0,0.0,0.0,1.2966838963418315,0.27,0.06
674,0.2291694141078465,0.0,0.2291694141078465,0.0,0.0,0.0,0.0,1.2966838963418315,0.27,0.06
675,0.099507771915249,0.0,0.099507771915249,0.0,0.0,0.0,0.0,1.2966838963418315,0.27,0.06
676,0.099507771915249,0.0,0.099507771915249,0.0,0.0,0.0,0.0,1.2966838963418315,0.27,0.06
677,0.10302572344760624,0.0,0.10302572344760624,0.0,0.0,0.0,0.0,1.2966838963418315,0.27,0.06
678,0.10302572344760624,0.0,0.10302572344760624,0.0,0.0,0.0,0.0,1.2966838963418315,0.27,0.06
679,0.07890262722572775,0.0,0.07890262722572775,0.0,0.0,0.0,0.0,1.2966838963418315,0.27,0.06
680,0.07890262722572775,0.0,0.07890262722572775,0.0,0.0,0.0,0.0,1.2966838963418315,0.27,0.06
681,0.08744622380430975,0.0,0.08744622380430975,0.0,0.0,0.0,0.0,1.2966838963418315,0.27,0.06
682,0.08744622380430975,0.0,0.08744622380430975,0.0,0.0,0.0,0.0,1.2966838963418315,0.27,0.06
683,0.08895391731817726,0.0,0.08895391731817726,0.0,0.0,0.0,0.0,1.2966838963418315,0.27,0.06
684,0.08895391731817726,0.0,0.08895391731817726,0.0,0.0,0.0,0.0,1.2966838963418315,0.27,0.06
685,0.051261579471492,0.0,0.0,0.0,0.0,0.051261579471492,0.0,1.2831940070072283,0.27,0.06
686,0.051261579471492,0.0,0.0,0.0,0.0,0.051261579471492,0.0,1.2697041176726254,0.27,0.06
687,0.06332312758243125,0.0,0.0,0.0,0.0,0.06332312758243125,0.0,1.2530401367298802,0.27,0.06
688,0.06332312758243125,0.0,0.0,0.0,0.0,0.06332312758243125,0.0,1.2363761557871351,0.27,0.06
689,0.0944821268690245,0.0,0.0944821268690245,0.0,0.0,0.0,0.0,1.2363761557871351,0.27,0.06
690,0.0944821268690245,0.0,0.0944821268690245,0.0,0.0,0.0,0.0,1.2363761557871351,0.27,0.06
691,0.13267702922033225,0.0,0.13267702922033225,0.0,0.0,0.0,0.0,1.2363761557871351,0.27,0.06
692,0.13267702922033225,0.0,0.1326770292203321,0.0,0.0,0.0,0.0,1.2363761557871351,0.27,0.06
693,0.158307818956078,0.0,0.15830781895607782,0.0,0.0,0.0,0.0,1.2363761557871351,0.27,0.06
694,0.158307818956078,0.0,0.158307818956078,0.0,0.0,0.0,0.0,1.2363761557871351,0.27,0.06
695,0.13167190021108724,0.0,0.13167190021108724,0.0,0.0,0.0,0.0,1.2363761557871351,0.27,0.06
696,0.13167190021108724,0.0,0.13167190021108724,0.0,0.0,0.0,0.0,1.2363761557871351,0.27,0.06
697,0.16634885103003774,0.0,0.16634885103003774,0.0,0.0,0.0,0.0,1.2363761557871351,0.27,0.06
698,0.16634885103003774,0.0,0.16634885103003774,0.0,0.0,0.0,0.0,1.2363761557871351,0.27,0.06
699,0.1170975295770355,0.0,0.1170975295770355,0.0,0.0,0.0,0.0,1.2363761557871351,0.27,0.06
700,0.1170975295770355,0.0,0.1170975295770355,0.0,0.0,0.0,0.0,1.2363761557871351,0.27,0.06
701,0.07035903064714576,0.0,0.07035903064714576,0.0,0.0,0.0,0.0,1.2363761557871351,0.27,0.06
702,0.07035903064714576,0.0,0.07035903064714576,0.0,0.0,0.0,0.0,1.2363761557871351,0.27,0.06
703,0.08543596578582,0.0,0.08543596578582,0.0,0.0,0.0,0.0,1.2363761557871351,0.27,0.06
704,0.08543596578582,0.0,0.08543596578582,0.0,0.0,0.0,0.0,1.2363761557871351,0.27,0.06
705,0.0849334012811975,0.0,0.08493340128119709,0.0,0.0,0.0,0.0,1.2363761557871351,0.27,0.06
706,0.0849334012811975,0.0,0.0849334012811975,0.0,0.0,0.0,0.0,1.2363761557871351,0.27,0.06
707,0.08041032073959525,0.0,0.08041032073959525,0.0,0.0,0.0,0.0,1.2363761557871351,0.27,0.06
708,0.08041032073959525,0.08041032073959525,0.0,0.0,0.0,0.0,0.0,1.2363761557871369,0.27,0.06
709,0.111066755521566,-0.0,0.111066755521566,0.0,0.0,0.0,0.0,1.2363761557871369,0.27,0.06
710,0.111066755521566,-0.0,0.111066755521566,0.0,0.0,0.0,0.0,1.2363761557871369,0.27,0.06
711,0.1000103364198715,0.1000103364198715,0.0,0.0,0.0,0.0,0.0,1.2363761557871369,0.27,0.06
712,0.1000103364198715,0.1000103364198715,0.0,0.0,0.0,0.0,0.0,1.2363761557871369,0.27,0.06
713,0.069353901637901,0.069353901637901,0.0,0.0,0.0,0.0,0.0,1.2363761557871369,0.27,0.06
714,0.069353901637901,0.069353901637901,0.0,0.0,0.0,0.0,0.0,1.2363761557871369,0.27,0.06
715,0.065333385600921,0.0,-0.0,0.0,0.0,0.06533338560048296,0.0,1.2191831595764835,0.27,0.06
716,0.065333385600921,0.065333385600921,0.0,0.0,0.0,0.0,0.0,1.2191831595764835,0.27,0.06
717,0.03920003136055275,0.03920003136055275,0.0,0.0,0.0,0.0,0.0,1.2191831595764835,0.27,0.06
718,0.03920003136055275,0.03920003136055275,0.0,0.0,0.0,0.0,0.0,1.2191831595764835,0.27,0.06
719,0.6468004671926675,0.6468004671926675,0.0,0.0,0.0,0.0,0.0,1.2191831595764835,0.27,0.06
720,0.6468004671926675,0.6468004671926675,0.0,0.0,0.0,0.0,0.0,1.2191831595764835,0.27,0.06
721,0.7056005644899475,0.7056005644899475,0.0,0.0,0.0,0.0,0.0,1.2191831595764835,0.27,0.06
722,0.7056005644899475,0.7056005644899475,0.0,0.0,0.0,0.0,0.0,1.2191831595764835,0.27,0.06
723,0.45984652172956,3.0031048357065795,0.0,0.0,2.5432583139770193,0.0,0.0,1.8232070091460255,0.27,0.06
724,0.45984652172956,0.45984652172956,0.0,0.0,0.0,0.0,0.0,1.8232070091460255,0.27,0.06
725,0.075887240197993,0.075887240197993,0.0,0.0,0.0,0.0,0.0,1.8232070091460255,0.27,0.06
726,0.075887240197993,0.075887240197993,0.0,0.0,0.0,0.0,0.0,1.8232070091460255,0.27,0.06
727,0.2357027526679385,0.2357027526679385,0.0,0.0,0.0,0.0,0.0,1.8232070091460255,0.27,0.06
728,0.2357027526679385,0.2357027526679385,0.0,0.0,0.0,0.0,0.0,1.8232070091460255,0.27,0.06
729,0.050256450462247,0.050256450462247,0.0,0.0,0.0,0.0,0.0,1.8232070091460255,0.27,0.06
730,0.050256450462247,0.050256450462247,0.0,0.0,0.0,0.0,0.0,1.8232070091460255,0.27,0.06
731,0.05528209550847175,0.9250997109249417,0.0,0.0,0.86981761541647,0.0,0.0,2.029788692807437,0.27,0.06
732,0.05528209550847175,0.05528209550847175,0.0,0.0,0.0,0.0,0.0,2.029788692807437,0.27,0.06
733,0.19801041482125326,0.19801041482125326,0.0,0.0,0.0,0.0,0.0,2.029788692807437,0.27,0.06
734,0.19801041482125326,0.19801041482125326,0.0,0.0,0.0,0.0,0.0,2.029788692807437,0.27,0.06
735,0.07136415965639074,0.07136415965639074,0.0,0.0,0.0,0.0,0.0,2.029788692807437,0.27,0.06
736,0.07136415965639074,0.07136415965639074,0.0,0.0,0.0,0.0,0.0,2.029788692807437,0.27,0.06
737,0.08644109479506475,0.08644109479506475,0.0,0.0,0.0,0.0,0.0,2.029788692807437,0.27,0.06
738,0.08644109479506475,0.08644109479506475,0.0,0.0,0.0,0.0,0.0,2.029788692807437,0.27,0.06
739,0.236205317172561,0.236205317172561,0.0,0.0,0.0,0.0,0.0,2.029788692807437,0.27,0.06
740,0.236205317172561,0.2362053171725611,-0.0,0.0,0.0,0.0,0.0,2.029788692807437,0.27,0.06
741,0.060810305059319,0.06081030505931917,-0.0,0.0,0.0,0.0,0.0,2.029788692807437,0.27,0.06
742,0.060810305059319,0.060810305059319,0.0,0.0,0.0,0.0,0.0,2.029788692807437,0.27,0.06
743,0.075887240197993,0.07588724019799287,-0.0,0.0,0.0,0.0,0.0,2.029788692807437,0.27,0.06
744,0.075887240197993,0.07588724019799287,-0.0,0.0,0.0,0.0,0.0,2.029788692807437,0.27,0.06
745,0.5060824561548275,0.0,0.5060824561548275,0.0,0.0,0.0,0.0,2.029788692807437,0.27,0.06
746,0.5060824561548275,0.0,0.5060824561548275,0.0,0.0,0.0,0.0,2.029788692807437,0.27,0.06
747,0.135692416248067,0.0,0.135692416248067,0.0,0.0,0.0,0.0,2.029788692807437,0.27,0.06
748,0.135692416248067,0.0,0.0,0.0,0.0,0.135692416248067,0.0,1.9940801622158406,0.27,0.06
749,0.1608206414791905,0.0,0.0,0.0,0.0,0.1608206414791905,0.0,1.9517589407739484,0.27,0.06
750,0.1608206414791905,0.0,0.0,0.0,0.0,0.1608206414791905,0.0,1.9094377193320562,0.27,0.06
751,0.14021549678966924,0.0,0.0,2.7755575615628914e-17,0.0,0.14021549678966927,0.0,1.8725389043874063,0.27,0.06
752,0.14021549678966924,0.0,0.0,2.7755575615628914e-17,0.0,0.14021549678966927,0.0,1.8356400894427565,0.27,0.06
753,0.11307701354005575,0.0,0.0,0.0,0.0,0.11307701354005575,0.0,1.805882980616426,0.27,0.06
754,0.11307701354005575,0.0,0.0,0.0,0.0,0.11307701354005575,0.0,1.7761258717900956,0.27,0.06
755,0.12815394867873,0.0,0.0,0.0,0.0,0.12815394867873,0.0,1.7424011484535877,0.27,0.06
756,0.12815394867873,0.0,0.12815394867872953,0.0,0.0,-2.636779683484747e-17,0.0,1.7424011484535877,0.27,0.06
757,0.14071806129429176,0.0,0.0,0.0,0.0,0.14071806129429176,0.0,1.705370079691932,0.27,0.06
758,0.14071806129429176,0.0,0.0,0.0,0.0,0.14071806129429176,0.0,1.6683390109302763,0.27,0.06
759,0.1095590620076985,0.0,0.0,0.0,0.0,0.1095590620076985,0.0,1.6395076788229872,0.27,0.06
760,0.1095590620076985,0.0,0.0,0.0,0.0,0.1095590620076985,0.0,1.6106763467156981,0.27,0.06
761,0.12915907768797474,0.0,0.0,0.0,0.0,0.12915907768797474,0.0,1.5766871157451785,0.27,0.06
762,0.12915907768797474,0.0,0.0,0.0,0.0,0.12915907768797474,0.0,1.5426978847746589,0.27,0.06
763,0.14825652886362875,0.0,0.14825652886362875,0.0,0.0,0.0,0.0,1.5426978847746589,0.27,0.06
764,0.14825652886362875,0.0,0.14825652886362875,0.0,0.0,0.0,0.0,1.5426978847746589,0.27,0.06
765,0.10604111047534125,0.0,0.0,0.0,0.0,0.10604111047534125,0.0,1.5147923293864112,0.27,0.06
766,0.10604111047534125,0.0,0.0,0.0,0.0,0.10604111047534125,0.0,1.4868867739981635,0.27,0.06
767,0.1115693200261885,0.0,-0.0,0.0,0.0,0.1115693200261885,0.0,1.4575264266228507,0.27,0.06
768,0.1115693200261885,0.0,0.11156932002618891,0.0,0.0,0.0,0.0,1.4575264266228507,0.27,0.06
769,0.08141544974884025,0.0,0.08141544974884025,0.0,0.0,0.0,0.0,1.4575264266228507,0.27,0.06
770,0.08141544974884025,0.0,-0.0,0.0,0.0,0.08141544974884073,0.0,1.4361013082678926,0.27,0.06
771,0.06131286956394125,0.0,0.0,-4.163336342344337e-17,0.0,0.061312869563941205,0.0,1.4199663425931712,0.27,0.06
772,0.06131286956394125,0.0,0.0,0.0,0.0,0.06131286956394125,0.0,1.4038313769184498,0.27,0.06
773,0.07086159515176825,0.0,0.0,0.0,0.0,0.07086159515176825,0.0,1.385183588720616,0.27,0.06
774,0.07086159515176825,0.0,0.0,0.0,0.0,0.07086159515176825,0.0,1.3665358005227823,0.27,0.06
775,0.06332312758243125,0.0,0.0,0.0,0.0,0.06332312758243125,0.0,1.3498718195800372,0.27,0.06
776,0.06332312758243125,0.0,0.0,0.0,0.0,0.06332312758243125,0.0,1.3332078386372923,0.27,0.06
777,0.0849334012811975,0.0,0.0,0.0,0.0,0.0849334012811975,0.0,1.310856943563293,0.27,0.06
778,0.0849334012811975,0.0,0.08493340128119886,0.0,0.0,-4.087008509401358e-16,0.0,1.310856943563293,0.27,0.06
779,0.0743795466841255,0.0,0.0743795466841255,0.0,0.0,0.0,0.0,1.3108569435632929,0.27,0.06
780,0.0743795466841255,0.0,0.0,0.0,0.0,0.0743795466841255,0.0,1.2912833786464177,0.27,0.06
781,0.04824619244375725,0.0,-0.0,0.0,0.0,0.04824619244375725,0.0,1.27858701221385,0.27,0.06
782,0.04824619244375725,0.0,0.04824619244375761,0.0,0.0,-8.43769498715119e-16,0.0,1.2785870122138503,0.27,0.06
783,0.06382569208705376,0.0,0.0,0.0,0.0,0.06382569208705376,0.0,1.2617907774540993,0.27,0.06
784,0.06382569208705376,0.0,0.0,0.0,0.0,0.06382569208705376,0.0,1.2449945426943483,0.27,0.06
785,0.07035903064714576,0.0,0.0,0.0,0.0,0.07035903064714576,0.0,1.2264790083135204,0.27,0.06
786,0.07035903064714576,0.0,0.0,0.0,0.0,0.07035903064714576,0.0,1.2079634739326923,0.27,0.06
787,0.09749751389675924,0.0,0.0,0.0,0.0,0.09749751389675924,0.0,1.1823062334335452,0.27,0.06
788,0.09749751389675924,0.0,0.0,1.3877787807814457e-17,0.0,0.09749751389675926,0.0,1.1566489929343982,0.27,0.06
789,0.143230883817404,0.0,0.143230883817404,0.0,0.0,0.0,0.0,1.1566489929343982,0.27,0.06
790,0.143230883817404,0.0,0.0,0.0,0.0,0.143230883817404,0.0,1.1189566550877128,0.27,0.06
791,0.0944821268690245,0.0,0.0944821268690245,0.0,0.0,0.0,0.0,1.118956655087713,0.27,0.06
792,0.0944821268690245,0.0,0.0944821268690245,0.0,0.0,0.0,0.0,1.118956655087713,0.27,0.06
793,0.12614369066024,0.0,0.12614369066024,0.0,0.0,0.0,0.0,1.118956655087713,0.27,0.06
794,0.12614369066024,0.0,0.12614369066024,0.0,0.0,0.0,0.0,1.118956655087713,0.27,0.06
795,0.09800007840138175,0.0,0.09800007840138175,0.0,0.0,0.0,0.0,1.118956655087713,0.27,0.06
796,0.09800007840138175,0.0,0.0,0.0,0.0,0.09800007840138175,0.0,1.0931671607715598,0.27,0.06
797,0.33571308908781,0.0,0.33571308908781,0.0,0.0,0.0,0.0,1.0931671607715598,0.27,0.06
798,0.33571308908781,0.0,0.33571308908781,0.0,0.0,0.0,0.0,1.0931671607715598,0.27,0.06
799,0.20605144689521274,0.0,0.20605144689521274,0.0,0.0,0.0,0.0,1.0931671607715598,0.27,0.06
800,0.20605144689521274,0.0,0.20605144689521274,0.0,0.0,0.0,0.0,1.0931671607715598,0.27,0.06
801,0.18946681824267125,0.0,0.18946681824267125,0.0,0.0,0.0,0.0,1.0931671607715598,0.27,0.06
802,0.18946681824267125,0.0,0.18946681824267125,0.0,0.0,0.0,0.0,1.0931671607715598,0.27,0.06
803,0.22364120455699926,0.0,0.22364120455699926,0.0,0.0,0.0,0.0,1.0931671607715598,0.27,0.06
804,0.22364120455699926,0.0,0.22364120455699926,0.0,0.0,0.0,0.0,1.0931671607715598,0.27,0.06
805,0.11508727155854576,0.11508727155854581,-0.0,0.0,0.0,0.0,0.0,1.0931671607715598,0.27,0.06
806,0.11508727155854576,0.11508727155854581,-0.0,0.0,0.0,0.0,0.0,1.0931671607715598,0.27,0.06
807,0.18092322166408925,-0.0,0.18092322166408925,0.0,0.0,0.0,0.0,1.0931671607715598,0.27,0.06
808,0.18092322166408925,0.18092322166408925,-0.0,0.0,0.0,0.0,0.0,1.0931671607715598,0.27,0.06
809,0.07990775623497275,0.07990775623497473,-0.0,0.0,0.0,0.0,0.0,1.0931671607715598,0.27,0.06
810,0.07990775623497275,0.07990775623497275,0.0,0.0,0.0,0.0,0.0,1.0931671607715598,0.27,0.06
811,0.07890262722572775,0.07890262722572775,0.0,0.0,0.0,0.0,0.0,1.0931671607715598,0.27,0.06
812,0.07890262722572775,0.07890262722572775,0.0,0.0,0.0,0.0,0.0,1.0931671607715598,0.27,0.06
813,0.05427696649922675,0.05427696649922675,0.0,0.0,0.0,0.0,0.0,1.0931671607715598,0.27,0.06
814,0.05427696649922675,0.07958297018532719,0.0,0.0,0.025306003686100434,0.0,0.0,1.0991773366470088,0.27,0.06
815,0.691026193855895,0.1345419359265616,0.5564842579293334,0.0,0.0,0.0,0.0,1.0991773366470088,0.27,0.06
816,0.691026193855895,0.10851187232420542,0.5825143215316896,0.0,0.0,0.0,0.0,1.0991773366470088,0.27,0.06
817,0.72821596719796,0.0,0.72821596719796,0.0,0.0,0.0,0.0,1.0991773366470088,0.27,0.06
818,0.72821596719796,-0.0,0.72821596719796,0.0,0.0,0.0,0.0,1.0991773366470088,0.27,0.06
819,0.515631181742655,0.2841771844675444,0.23145399727511057,0.0,0.0,0.0,0.0,1.0991773366470088,0.27,0.06
820,0.515631181742655,0.515631181742655,0.0,0.0,0.0,0.0,0.0,1.0991773366470088,0.27,0.06
821,0.06432825659167625,0.06432825659167625,0.0,0.0,0.0,0.0,0.0,1.0991773366470088,0.27,0.06
822,0.06432825659167625,0.8637413036906978,0.0,0.0,0.7994130470990215,0.0,0.0,1.2890379353330264,0.27,0.06
823,0.22263607554775425,0.22263607554775425,0.0,0.0,0.0,0.0,0.0,1.2890379353330264,0.27,0.06
824,0.22263607554775425,0.3525440111999637,0.0,0.0,0.12990793565220946,0.0,0.0,1.319891070050426,0.27,0.06
825,0.03970259586517525,0.03970259586517525,0.0,0.0,0.0,0.0,0.0,1.319891070050426,0.27,0.06
826,0.03970259586517525,0.03970259586470615,0.0,0.0,0.0,0.0,0.0,1.3198910700503146,0.27,0.06
827,0.2090668339229475,0.2090668339229475,0.0,0.0,0.0,0.0,0.0,1.3198910700503146,0.27,0.06
828,0.2090668339229475,0.2090668339229475,0.0,0.0,0.0,0.0,0.0,1.3198910700503146,0.27,0.06
829,0.06181543406856375,0.06181543406856375,0.0,0.0,0.0,0.0,0.0,1.3198910700503146,0.27,0.06
830,0.06181543406856375,0.06181543406856375,0.0,0.0,0.0,0.0,0.0,1.3198910700503146,0.27,0.06
831,0.0678462081240335,0.0678462081240335,0.0,0.0,0.0,0.0,0.0,1.3198910700503146,0.27,0.06
832,0.0678462081240335,0.06784620812403586,-0.0,0.0,0.0,0.0,0.0,1.3198910700503146,0.27,0.06
833,0.220123253024642,0.2201232530246422,-0.0,0.0,0.0,0.0,0.0,1.3198910700503146,0.27,0.06
834,0.220123253024642,-0.0,0.220123253024642,0.0,0.0,0.0,0.0,1.3198910700503146,0.27,0.06
835,0.04422567640677725,0.04422567640677725,0.0,0.0,0.0,0.0,0.0,1.3198910700503146,0.27,0.06
836,0.04422567640677725,0.04422567640677725,0.0,0.0,0.0,0.0,0.0,1.3198910700503146,0.27,0.06
837,0.0678462081240335,0.0678462081240335,0.0,0.0,0.0,0.0,0.0,1.3198910700503146,0.27,0.06
838,0.0678462081240335,0.0678462081240335,0.0,0.0,0.0,0.0,0.0,1.3198910700503146,0.27,0.06
839,0.23922070420029576,0.0,0.23922070420029576,0.0,0.0,0.0,0.0,1.3198910700503146,0.27,0.06
840,0.23922070420029576,0.0,0.23922070420029576,0.0,0.0,0.0,0.0,1.3198910700503146,0.27,0.06
841,0.066338514610166,0.010757000097625171,0.0,0.0,0.0,0.05558151451254083,0.0,1.305264355704909,0.27,0.06
842,0.066338514610166,0.0,0.066338514610166,0.0,0.0,0.0,0.0,1.305264355704909,0.27,0.06
843,0.08141544974884025,0.0,0.08141544974884025,0.0,0.0,0.0,0.0,1.305264355704909,0.27,0.06
844,0.08141544974884025,0.0,0.08141544974884025,0.0,0.0,0.0,0.0,1.305264355704909,0.27,0.06
845,0.05628722451771675,0.0,0.056287224517716616,0.0,0.0,0.0,0.0,1.305264355704909,0.27,0.06
846,0.05628722451771675,0.0,0.056287224517716616,0.0,0.0,0.0,0.0,1.305264355704909,0.27,0.06
847,0.13016420669721976,0.0,0.13016420669721976,0.0,0.0,0.0,0.0,1.305264355704909,0.27,0.06
848,0.13016420669721976,0.0,0.13016420669721976,0.0,0.0,0.0,0.0,1.305264355704909,0.27,0.06
849,0.13267702922033225,0.0,0.13267702922033225,0.0,0.0,0.0,0.0,1.305264355704909,0.27,0.06
850,0.13267702922033225,0.0,0.13267702922033225,0.0,0.0,0.0,0.0,1.305264355704909,0.27,0.06
851,0.12966164219259724,0.0,0.12966164219259724,0.0,0.0,0.0,0.0,1.305264355704909,0.27,0.06
852,0.12966164219259724,0.0,0.12966164219259724,0.0,0.0,0.0,0.0,1.305264355704909,0.27,0.06
853,0.13720010976193425,0.0,0.13720010976193425,0.0,0.0,0.0,0.0,1.305264355704909,0.27,0.06
854,0.13720010976193425,0.0,0.13720010976193425,0.0,0.0,0.0,0.0,1.305264355704909,0.27,0.06
855,0.11307701354005575,0.0,0.11307701354005575,0.0,0.0,0.0,0.0,1.305264355704909,0.27,0.06
856,0.11307701354005575,0.0,0.11307701354005575,0.0,0.0,0.0,0.0,1.305264355704909,0.27,0.06
857,0.13016420669721976,0.0,0.13016420669721995,0.0,0.0,0.0,0.0,1.305264355704909,0.27,0.06
858,0.13016420669721976,0.0,0.13016420669721995,0.0,0.0,0.0,0.0,1.305264355704909,0.27,0.06
859,0.0944821268690245,0.0,0.0944821268690245,0.0,0.0,0.0,0.0,1.305264355704909,0.27,0.06
860,0.0944821268690245,0.0,0.0944821268690245,0.0,0.0,0.0,0.0,1.305264355704909,0.27,0.06
861,0.07035903064714576,0.0,0.0,0.0,0.0,0.07035903064714576,0.0,1.2867488213240812,0.27,0.06
862,0.07035903064714576,0.0,0.0,0.0,0.0,0.07035903064714576,0.0,1.2682332869432533,0.27,0.06
863,0.0668410791147885,0.0,0.0,0.0,0.0,0.0668410791147885,0.0,1.250643529281467,0.27,0.06
864,0.0668410791147885,0.0,0.0,0.0,0.0,0.0668410791147885,0.0,1.2330537716196805,0.27,0.06
865,0.04573336992064475,0.0,0.0,0.0,0.0,0.04573336992064475,0.0,1.2210186742721425,0.27,0.06
866,0.04573336992064475,0.0,0.0,0.0,0.0,0.04573336992064475,0.0,1.2089835769246045,0.27,0.06
867,0.073876982179503,0.0,0.073876982179503,0.0,0.0,0.0,0.0,1.2089835769246045,0.27,0.06
868,0.073876982179503,0.0,0.073876982179503,0.0,0.0,0.0,0.0,1.2089835769246045,0.27,0.06
869,0.08744622380430975,0.0,0.08744622380430975,0.0,0.0,0.0,0.0,1.2089835769246045,0.27,0.06
870,0.08744622380430975,0.0,0.08744622380431011,0.0,0.0,0.0,0.0,1.2089835769246045,0.27,0.06
871,0.08794878830893225,0.0,0.08794878830893225,0.0,0.0,0.0,0.0,1.2089835769246045,0.27,0.06
872,0.08794878830893225,0.0,0.0,0.0,0.0,0.08794878830893225,0.0,1.1858391589485697,0.27,0.06
873,0.0934769978597795,0.0,0.0934769978597795,0.0,0.0,0.0,0.0,1.1858391589485697,0.27,0.06
874,0.0934769978597795,0.0,0.0934769978597795,0.0,0.0,0.0,0.0,1.1858391589485697,0.27,0.06
875,0.07236928866563574,0.0,0.0,0.0,0.0,0.07236928866563574,0.0,1.1667946092997181,0.27,0.06
876,0.07236928866563574,0.0,0.0,0.0,0.0,0.07236928866563574,0.0,1.1477500596508667,0.27,0.06
877,0.043723111902155,0.0,0.0,0.0,0.0,0.043723111902155,0.0,1.1362439775713522,0.27,0.06
878,0.043723111902155,0.0,0.0,0.0,0.0,0.043723111902155,0.0,1.1247378954918377,0.27,0.06
879,0.07890262722572775,0.0,0.0,0.0,0.0,0.07890262722572775,0.0,1.1039740462219094,0.27,0.06
880,0.07890262722572775,0.0,0.07890262722572775,0.0,0.0,0.0,0.0,1.1039740462219094,0.27,0.06
881,0.068348772628656,0.0,0.068348772628656,0.0,0.0,0.0,0.0,1.1039740462219094,0.27,0.06
882,0.068348772628656,0.0,0.06834877262865557,0.0,0.0,0.0,0.0,1.1039740462219094,0.27,0.06
883,0.068348772628656,0.0,0.068348772628656,0.0,0.0,0.0,0.0,1.1039740462219094,0.27,0.06
884,0.068348772628656,0.0,0.06834877262865557,0.0,0.0,0.0,0.0,1.1039740462219094,0.27,0.06
885,0.0753846756933705,0.0,0.0,0.0,0.0,0.0753846756933705,0.0,1.0841359736710225,0.27,0.06
886,0.0753846756933705,0.0,0.0,-1.3877787807814457e-17,0.0,0.07538467569337048,0.0,1.0642979011201357,0.27,0.06
887,0.05427696649922675,0.0,0.0,0.0,0.0,0.05427696649922675,0.0,1.050014488883497,0.27,0.06
888,0.05427696649922675,0.0,0.0,0.0,0.0,0.05427696649922675,0.0,1.0357310766468584,0.27,0.06
889,0.05678978902233925,0.0,0.0,0.0,0.0,0.05678978902233925,0.0,1.02078639532519,0.27,0.06
890,0.05678978902233925,0.0,0.0,0.0,0.0,0.05678978902233925,0.0,1.0058417140035218,0.27,0.06
891,0.33370283106932,0.0,0.33370283106932,0.0,0.0,0.0,0.0,1.0058417140035218,0.27,0.06
892,0.33370283106932,0.0,0.33370283106932,0.0,0.0,0.0,0.0,1.0058417140035218,0.27,0.06
893,0.279928429074715,0.0,0.2799284290747148,0.0,0.0,1.6653345369377348e-16,0.0,1.0058417140035218,0.27,0.06
894,0.279928429074715,0.0,0.2799284290747148,0.0,0.0,1.6653345369377348e-16,0.0,1.0058417140035218,0.27,0.06
895,0.28294381610245,0.0,0.28294381610245,0.0,0.0,0.0,0.0,1.0058417140035218,0.27,0.06
896,0.28294381610245,0.0,0.28294381610245,0.0,0.0,0.0,0.0,1.0058417140035218,0.27,0.06
897,0.09749751389675924,0.0752990006833762,0.0,0.0,0.0,0.02219851321338305,0.0,1.0,0.27,0.06
898,0.09749751389675924,-0.0,0.09749751389675924,0.0,0.0,0.0,0.0,1.0,0.27,0.06
899,0.192482205270406,0.0,0.192482205270406,0.0,0.0,0.0,0.0,1.0,0.27,0.06
900,0.192482205270406,-0.0,0.192482205270406,0.0,0.0,0.0,0.0,1.0,0.27,0.06
901,0.10503598146609625,0.10503598146609625,0.0,0.0,0.0,0.0,0.0,1.0,0.27,0.06
902,0.10503598146609625,0.10503598146609625,0.0,0.0,0.0,0.0,0.0,1.0,0.27,0.06
903,0.084430836776575,0.084430836776575,0.0,0.0,0.0,0.0,0.0,1.0,0.27,0.06
904,0.084430836776575,0.08443083677657492,-0.0,0.0,0.0,0.0,0.0,1.0,0.27,0.06
905,0.091969304345912,0.09196930434591177,-0.0,0.0,0.0,0.0,0.0,1.0,0.27,0.06
906,0.091969304345912,-0.0,0.091969304345912,0.0,0.0,0.0,0.0,1.0,0.27,0.06
907,0.10553854597071875,0.10553854597071875,0.0,0.0,0.0,0.0,0.0,1.0,0.27,0.06
908,0.10553854597071875,0.10553854597071875,0.0,0.0,0.0,0.0,0.0,1.0,0.27,0.06
909,0.07136415965639074,0.07136415965639074,0.0,0.0,0.0,0.0,0.0,1.0,0.27,0.06
910,0.07136415965639074,0.07136415965639074,0.0,0.0,0.0,0.0,0.0,1.0,0.27,0.06
911,0.04573336992064475,0.04573336992064475,0.0,0.0,0.0,0.0,0.0,1.0,0.27,0.06
912,0.04573336992064475,0.04573336992064475,0.0,0.0,0.0,0.0,0.0,1.0,0.27,0.06
913,0.06432825659167625,0.06432825659167625,0.0,0.0,0.0,0.0,0.0,1.0,0.27,0.06
914,0.06432825659167625,0.06432825659167625,0.0,0.0,0.0,0.0,0.0,1.0,0.27,0.06
915,0.04422567640677725,0.04422567640677725,0.0,0.0,0.0,0.0,0.0,1.0,0.27,0.06
916,0.04422567640677725,2.9545690217758205,0.0,0.0,2.9103433453690433,0.0,0.0,1.6912065445251478,0.27,0.06
917,0.05427696649922675,0.05427696649922675,0.0,0.0,0.0,0.0,0.0,1.6912065445251478,0.27,0.06
918,0.05427696649922675,0.05427696649922675,0.0,0.0,0.0,0.0,0.0,1.6912065445251478,0.27,0.06
919,0.07940519173035025,0.07940519173035025,0.0,0.0,0.0,0.0,0.0,1.6912065445251478,0.27,0.06
920,0.07940519173035025,0.07940519173035025,0.0,0.0,0.0,0.0,0.0,1.6912065445251478,0.27,0.06
921,0.05327183748998175,0.3385604343024644,0.0,0.0,0.28528859681248264,0.0,0.0,1.7589625862681124,0.27,0.06
922,0.05327183748998175,0.05327183748998175,0.0,0.0,0.0,0.0,0.0,1.7589625862681124,0.27,0.06
923,0.04623593442526725,0.04623593442526725,0.0,0.0,0.0,0.0,0.0,1.7589625862681124,0.27,0.06
924,0.04623593442526725,0.56205795419873,0.0,0.0,0.5158220197734626,0.0,0.0,1.8814703159643098,0.27,0.06
925,0.05578466001309425,0.05578466001309425,0.0,0.0,0.0,0.0,0.0,1.8814703159643098,0.27,0.06
926,0.05578466001309425,0.05578466001309425,0.0,0.0,0.0,0.0,0.0,1.8814703159643098,0.27,0.06
927,0.043723111902155,0.043723111902155,0.0,0.0,0.0,0.0,0.0,1.8814703159643098,0.27,0.06
928,0.043723111902155,0.1377358884078127,0.0,0.0,0.0940127765056577,0.0,0.0,1.9037983503844036,0.27,0.06
929,0.0773949337118605,0.0773949337118605,0.0,0.0,0.0,0.0,0.0,1.9037983503844038,0.27,0.06
930,0.0773949337118605,0.0,0.0,0.0,0.0,0.07739493371186046,0.0,1.8834312625654932,0.27,0.06
931,0.07840006272110525,0.04135475621228445,-0.0,0.0,0.0,0.03704530650882099,0.0,1.8736824976947508,0.27,0.06
932,0.07840006272110525,0.007988658369944251,0.0,0.0,0.0,0.070411404351161,0.0,1.8551531807602348,0.27,0.06
933,0.06282056307780876,0.0,0.0,0.0,0.0,0.06282056307780616,0.0,1.8386214536344956,0.27,0.06
934,0.06282056307780876,0.0,0.0,0.0,0.0,0.06282056307780876,0.0,1.8220897265087563,0.27,0.06
935,0.074882111188748,0.0,0.0,0.0,0.0,0.074882111188748,0.0,1.8023839077748753,0.27,0.06
936,0.074882111188748,0.0,0.0,0.0,0.0,0.074882111188748,0.0,1.7826780890409943,0.27,0.06
937,0.16333346400230275,0.0,0.16333346400230275,0.0,0.0,0.0,0.0,1.7826780890409943,0.27,0.06
938,0.16333346400230275,0.0,0.16333346400230275,0.0,0.0,0.0,0.0,1.7826780890409943,0.27,0.06
939,0.10654367497996375,0.0,0.0,0.0,0.0,0.10654367497996375,0.0,1.7546402798357408,0.27,0.06
940,0.10654367497996375,0.0,0.0,0.0,0.0,0.10654367497996375,0.0,1.7266024706304872,0.27,0.06
941,0.1351898517434445,0.0,0.0,0.0,0.0,0.1351898517434445,0.0,1.6910261938558964,0.27,0.06
942,0.1351898517434445,0.0,0.1351898517434445,0.0,0.0,0.0,0.0,1.6910261938558964,0.27,0.06
943,0.167856544543905,0.0,-0.0,0.0,0.0,0.167856544543905,0.0,1.6468534189759214,0.27,0.06
944,0.167856544543905,0.0,-0.0,0.0,0.0,0.167856544543905,0.0,1.6026806440959465,0.27,0.06
945,0.125138561650995,0.0,-0.0,0.0,0.0,0.125138561650995,0.0,1.569749443661474,0.27,0.06
946,0.125138561650995,0.0,0.0,0.0,0.0,0.125138561650995,0.0,1.5368182432270017,0.27,0.06
947,0.12614369066024,0.0,0.0,0.0,0.0,0.12614369066023978,0.0,1.5036225351585175,0.27,0.06
948,0.12614369066024,0.0,0.0,0.0,0.0,0.12614369066024,0.0,1.4704268270900334,0.27,0.06
949,0.0829231432627075,0.0,0.0,0.0,0.0,0.0829231432627075,0.0,1.4486049472840576,0.27,0.06
950,0.0829231432627075,0.0,0.0,0.0,0.0,0.0829231432627075,0.0,1.426783067478082,0.27,0.06
951,0.0517641439761145,0.0,0.0,6.938893903907228e-18,0.0,0.05176414397611451,0.0,1.413160924326473,0.27,0.06
952,0.0517641439761145,0.0,0.0,0.0,0.0,0.0517641439761145,0.0,1.3995387811748639,0.27,0.06
953,0.0603077405546965,0.0,0.0,6.938893903907228e-18,0.0,0.06030774055469651,0.0,1.3836683231341542,0.27,0.06
954,0.0603077405546965,0.0,0.0,0.0,0.0,0.0603077405546965,0.0,1.3677978650934446,0.27,0.06
955,0.0658359501055435,0.0,0.0,0.0,0.0,0.0658359501055435,0.0,1.35047261506567,0.27,0.06
956,0.0658359501055435,0.0,0.0,0.0,0.0,0.0658359501055435,0.0,1.3331473650378953,0.27,0.06
957,0.08694365929968725,0.0,0.08694365929968725,0.0,0.0,0.0,0.0,1.3331473650378953,0.27,0.06
958,0.08694365929968725,0.0,0.08694365929968725,0.0,0.0,0.0,0.0,1.3331473650378953,0.27,0.06
959,0.562369680672545,0.0,0.5623696806725453,0.0,0.0,0.0,0.0,1.3331473650378953,0.27,0.06
960,0.562369680672545,0.0,0.5623696806725449,0.0,0.0,0.0,0.0,1.3331473650378953,0.27,0.06
961,0.2894771546625425,0.0,0.2894771546625425,0.0,0.0,0.0,0.0,1.3331473650378953,0.27,0.06
962,0.2894771546625425,0.0,0.2894771546625425,0.0,0.0,0.0,0.0,1.3331473650378953,0.27,0.06
963,0.10654367497996375,0.0,0.0,0.0,0.0,0.10654367497996375,0.0,1.3051095558326418,0.27,0.06
964,0.10654367497996375,0.0,0.0,-1.3877787807814457e-17,0.0,0.10654367497996374,0.0,1.2770717466273882,0.27,0.06
965,0.08995904632742226,0.0,0.0,0.0,0.0,0.08995904632742226,0.0,1.2533983133833297,0.27,0.06
966,0.08995904632742226,0.0,0.0,0.0,0.0,0.08995904632742226,0.0,1.2297248801392713,0.27,0.06
967,0.09598982038289175,0.0,0.0,0.0,0.0,0.09598982038289175,0.0,1.2044644010911418,0.27,0.06
968,0.09598982038289175,0.0,0.09598982038289175,0.0,0.0,0.0,0.0,1.2044644010911418,0.27,0.06
969,0.08543596578582,0.0,0.08543596578582,0.0,0.0,0.0,0.0,1.2044644010911418,0.27,0.06
970,0.08543596578582,0.0,0.08543596578582,0.0,0.0,0.0,0.0,1.2044644010911418,0.27,0.06
971,0.06382569208705376,0.0,0.06382569208705376,0.0,0.0,0.0,0.0,1.2044644010911418,0.27,0.06
972,0.06382569208705376,0.0,0.06382569208705391,0.0,0.0,0.0,0.0,1.2044644010911418,0.27,0.06
973,0.08242057875808526,0.0,0.0,0.0,0.0,0.08242057875808526,0.0,1.182774775102172,0.27,0.06
974,0.08242057875808526,0.0,0.0,0.0,0.0,0.08242057875808526,0.0,1.1610851491132022,0.27,0.06
975,0.10553854597071875,0.0,0.10553854597071875,0.0,0.0,0.0,0.0,1.1610851491132022,0.27,0.06
976,0.10553854597071875,0.0,0.0,0.0,0.0,0.10553854597071875,0.0,1.1333118475419603,0.27,0.06
977,0.058800047040829,0.0,0.0,0.0,0.0,0.058800047040829,0.0,1.1178381509522686,0.27,0.06
978,0.058800047040829,0.0,0.0,0.0,0.0,0.058800047040829,0.0,1.1023644543625768,0.27,0.06
979,0.0819180142534625,0.0,0.0,1.3877787807814457e-17,0.0,0.08191801425346251,0.0,1.080807082190613,0.27,0.06
980,0.0819180142534625,0.0,0.0,0.0,0.0,0.0819180142534625,0.0,1.0592497100186493,0.27,0.06
981,0.0678462081240335,0.0,0.06784620812403347,0.0,0.0,8.43769498715119e-16,0.0,1.059249710018649,0.27,0.06
982,0.0678462081240335,0.0,0.0678462081240335,0.0,0.0,0.0,0.0,1.059249710018649,0.27,0.06
983,0.03769233784668525,0.0,-0.0,0.0,0.0,0.03769233784668525,0.0,1.0493306737432055,0.27,0.06
984,0.03769233784668525,0.0,0.03769233784668513,0.0,0.0,0.0,0.0,1.0493306737432055,0.27,0.06
985,0.06985646614252325,0.0,0.06985646614252325,0.0,0.0,0.0,0.0,1.0493306737432055,0.27,0.06
986,0.06985646614252325,0.0,0.0,0.0,0.0,0.06985646614252325,0.0,1.0309473931793836,0.27,0.06
987,0.058800047040829,0.0,0.0,0.0,0.0,0.058800047040829,0.0,1.0154736965896918,0.27,0.06
988,0.058800047040829,0.0,0.0,0.0,0.0,0.058800047040829,0.0,0.9999999999999999,0.27,0.06
989,0.2774156065516025,0.0,0.2774156065516025,0.0,0.0,0.0,0.0,1.0,0.27,0.06
990,0.2774156065516025,0.0,0.2774156065516025,0.0,0.0,0.0,0.0,1.0,0.27,0.06
991,0.344759250171015,0.0,0.344759250171015,0.0,0.0,0.0,0.0,1.0,0.27,0.06
992,0.344759250171015,0.0,0.344759250171015,0.0,0.0,0.0,0.0,1.0,0.27,0.06
993,0.17338475409475226,0.0,0.17338475409475226,0.0,0.0,0.0,0.0,1.0,0.27,0.06
994,0.17338475409475226,0.0,0.17338475409475226,0.0,0.0,0.0,0.0,1.0,0.27,0.06
995,0.3130976863798,0.0,0.3130976863798,0.0,0.0,0.0,0.0,1.0,0.27,0.06
996,0.3130976863798,0.0,0.3130976863798,0.0,0.0,-0.0,0.0,1.0,0.27,0.06
997,0.111066755521566,-0.0,0.111066755521566,0.0,0.0,0.0,0.0,1.0,0.27,0.06
998,0.111066755521566,-0.0,0.111066755521566,0.0,0.0,0.0,0.0,1.0,0.27,0.06
999,0.0839282722719525,0.0839282722719525,0.0,0.0,0.0,0.0,0.0,1.0,0.27,0.06
1000,0.0839282722719525,0.0839282722719525,0.0,0.0,0.0,0.0,0.0,1.0,0.27,0.06
1001,0.05427696649922675,0.05427696649922664,0.0,0.0,0.0,0.0,0.0,1.0,0.27,0.06
1002,0.05427696649922675,0.0542769664992262,0.0,0.0,0.0,0.0,0.0,0.9999999999999999,0.27,0.06
1003,0.07840006272110525,0.07840006272110525,0.0,0.0,0.0,0.0,0.0,0.9999999999999999,0.27,0.06
1004,0.07840006272110525,0.07840006272110525,0.0,0.0,0.0,0.0,0.0,0.9999999999999999,0.27,0.06
1005,0.07337441767488075,0.07337441767488075,0.0,0.0,0.0,0.0,0.0,0.9999999999999999,0.27,0.06
1006,0.07337441767488075,0.07337441767488075,0.0,0.0,0.0,0.0,0.0,0.9999999999999999,0.27,0.06
1007,0.049251321453002,0.049251321453002,0.0,0.0,0.0,0.0,0.0,0.9999999999999999,0.27,0.06
1008,0.049251321453002,0.049251321453002,0.0,0.0,0.0,0.0,0.0,0.9999999999999999,0.27,0.06
1009,0.057794918031584,0.057794918031584,0.0,0.0,-0.0,0.0,0.0,0.9999999999999999,0.27,0.06
1010,0.057794918031584,2.1658171364407415,0.0,0.0,2.1080222184091575,0.0,0.0,1.5006552768721746,0.27,0.06
1011,0.04070772487442,0.04070772487442,0.0,0.0,0.0,0.0,0.0,1.5006552768721746,0.27,0.06
1012,0.04070772487442,0.04070772487442,0.0,0.0,0.0,0.0,0.0,1.5006552768721746,0.27,0.06
1013,0.04472824091139975,0.04472824091139975,0.0,0.0,0.0,0.0,0.0,1.5006552768721746,0.27,0.06
1014,0.04472824091139975,2.1590765936056457,0.0,0.0,2.114348352694246,0.0,0.0,2.002813010637058,0.27,0.06
1015,0.07890262722572775,0.07890262722572775,0.0,0.0,0.0,0.0,0.0,2.002813010637058,0.27,0.06
1016,0.07890262722572775,0.07890262722572775,0.0,0.0,0.0,0.0,0.0,2.002813010637058,0.27,0.06
1017,0.0658359501055435,0.0658359501055435,0.0,0.0,0.0,0.0,0.0,2.002813010637058,0.27,0.06
1018,0.0658359501055435,0.0658359501055435,0.0,0.0,0.0,0.0,0.0,2.002813010637058,0.27,0.06
1019,0.07940519173035025,0.07940519173035025,0.0,0.0,0.0,0.0,0.0,2.002813010637058,0.27,0.06
1020,0.07940519173035025,0.07940519173035025,0.0,0.0,0.0,0.0,0.0,2.002813010637058,0.27,0.06
1021,0.05327183748998175,0.05327183748998175,0.0,0.0,0.0,0.0,0.0,2.002813010637058,0.27,0.06
1022,0.05327183748998175,0.05327183748998175,0.0,0.0,-0.0,0.0,0.0,2.002813010637058,0.27,0.06
1023,0.04573336992064475,0.04573336992064475,0.0,0.0,0.0,0.0,0.0,2.002813010637058,0.27,0.06
1024,0.04573336992064475,0.04573336992064475,0.0,0.0,0.0,0.0,0.0,2.002813010637058,0.27,0.06
1025,0.0658359501055435,0.0658359501055435,0.0,0.0,0.0,0.0,0.0,2.002813010637058,0.27,0.06
1026,0.0658359501055435,0.0658359501055435,0.0,0.0,0.0,0.0,0.0,2.002813010637058,0.27,0.06
1027,0.041712853883665,0.041712853883665,0.0,0.0,0.0,0.0,0.0,2.002813010637058,0.27,0.06
1028,0.041712853883665,0.041712853883665,0.0,0.0,0.0,0.0,0.0,2.002813010637058,0.27,0.06
1029,0.06332312758243125,0.06332312758243125,0.0,0.0,0.0,0.0,0.0,2.002813010637058,0.27,0.06
1030,0.06332312758243125,0.016841826783910108,0.0,0.0,0.0,0.046481300798520336,0.0,1.9905810893742897,0.27,0.06
1031,0.0743795466841255,0.0,0.0,0.0,0.0,0.0743795466841255,0.0,1.9710075244574146,0.27,0.06
1032,0.0743795466841255,0.0,0.0,0.0,0.0,0.0743795466841255,0.0,1.9514339595405394,0.27,0.06
1033,0.06332312758243125,0.0,0.0,0.0,0.0,0.06332312758243125,0.0,1.9347699785977943,0.27,0.06
1034,0.06332312758243125,0.0,0.0,0.0,0.0,0.06332312758243125,0.0,1.9181059976550494,0.27,0.06
1035,0.219118124015397,0.0,0.0,0.0,0.0,0.219118124015397,0.0,1.8604433334404713,0.27,0.06
1036,0.219118124015397,0.0,0.219118124015397,0.0,0.0,0.0,0.0,1.8604433334404713,0.27,0.06
1037,0.11558983606316825,0.0,0.0,0.0,0.0,0.11558983606316825,0.0,1.8300249555291113,0.27,0.06
1038,0.11558983606316825,0.0,0.0,0.0,0.0,0.11558983606316825,0.0,1.7996065776177512,0.27,0.06
1039,0.13167190021108724,0.0,0.0,0.0,0.0,0.13167190021108724,0.0,1.764956077562202,0.27,0.06
1040,0.13167190021108724,0.0,0.0,0.0,0.0,0.13167190021108724,0.0,1.7303055775066527,0.27,0.06
1041,0.13971293228504675,0.0,0.0,0.0,0.0,0.13971293228504675,0.0,1.693539016379009,0.27,0.06
1042,0.13971293228504675,0.0,0.0,0.0,0.0,0.13971293228504675,0.0,1.656772455251365,0.27,0.06
1043,0.12413343264175025,0.0,0.0,0.0,0.0,0.12413343264175025,0.0,1.6241057624509043,0.27,0.06
1044,0.12413343264175025,0.0,0.0,0.0,0.0,0.12413343264175025,0.0,1.5914390696504437,0.27,0.06
1045,0.12815394867873,0.0,0.0,0.0,0.0,0.12815394867873,0.0,1.5577143463139358,0.27,0.06
1046,0.12815394867873,0.0,0.12815394867873,0.0,0.0,0.0,0.0,1.5577143463139358,0.27,0.06
1047,0.1779078346363545,0.0,0.0,0.0,0.0,0.1779078346363545,0.0,1.5108964950938426,0.27,0.06
1048,0.1779078346363545,0.0,0.1779078346363545,0.0,0.0,0.0,0.0,1.5108964950938426,0.27,0.06
1049,0.15730268994683325,0.0,-0.0,0.0,0.0,0.15730268994683325,0.0,1.4695010503709918,0.27,0.06
1050,0.15730268994683325,0.0,0.0,0.0,0.0,0.15730268994683325,0.0,1.428105605648141,0.27,0.06
1051,0.18795912472880374,0.0,0.0,-2.7755575615628914e-17,0.0,0.18795912472880372,0.0,1.3786426780879295,0.27,0.06
1052,0.18795912472880374,0.0,0.0,0.0,0.0,0.18795912472880374,0.0,1.329179750527718,0.27,0.06
1053,0.1085539329984535,0.0,0.0,0.0,0.0,0.1085539329984535,0.0,1.3006129260544406,0.27,0.06
1054,0.1085539329984535,0.0,0.0,0.0,0.0,0.1085539329984535,0.0,1.2720461015811633,0.27,0.06
1055,0.2291694141078465,0.0,0.0,2.7755575615628914e-17,0.0,0.22916941410784653,0.0,1.211738361026467,0.27,0.06
1056,0.2291694141078465,0.0,0.2291694141078465,0.0,0.0,0.0,0.0,1.211738361026467,0.27,0.06
1057,0.12865651318335225,0.0,0.12865651318335225,0.0,0.0,0.0,0.0,1.211738361026467,0.27,0.06
1058,0.12865651318335225,0.0,0.12865651318335225,0.0,0.0,0.0,0.0,1.211738361026467,0.27,0.06
1059,0.25831815537595,0.0,0.25831815537594993,0.0,0.0,5.551115123125783e-17,0.0,1.211738361026467,0.27,0.06
1060,0.25831815537595,0.0,0.25831815537594993,0.0,0.0,5.551115123125783e-17,0.0,1.211738361026467,0.27,0.06
1061,0.30304639628735,0.0,0.30304639628735,0.0,0.0,0.0,0.0,1.211738361026467,0.27,0.06
1062,0.30304639628735,0.0,0.30304639628735,0.0,0.0,0.0,0.0,1.211738361026467,0.27,0.06
1063,0.057794918031584,0.0,0.0,0.0,0.0,0.057794918031584,0.0,1.196529172070787,0.27,0.06
1064,0.057794918031584,0.0,0.0,-1.3877787807814457e-17,0.0,0.057794918031583986,0.0,1.1813199831151069,0.27,0.06
1065,0.0336718218097055,0.0,0.0,0.0,0.0,0.0336718218097055,0.0,1.1724589773757106,0.27,0.06
1066,0.0336718218097055,0.0,0.0,0.0,0.0,0.0336718218097055,0.0,1.1635979716363145,0.27,0.06
1067,0.05578466001309425,0.0,0.0,0.0,0.0,0.05578466001309425,0.0,1.1489177979486582,0.27,0.06
1068,0.05578466001309425,0.0,0.0,0.0,0.0,0.05578466001309425,0.0,1.1342376242610017,0.27,0.06
1069,0.0753846756933705,0.0,0.0,0.0,0.0,0.0753846756933705,0.0,1.1143995517101148,0.27,0.06
1070,0.0753846756933705,0.0,0.0753846756933705,0.0,0.0,0.0,0.0,1.1143995517101148,0.27,0.06
1071,0.07186672416101325,0.0,0.07186672416101325,0.0,0.0,0.0,0.0,1.1143995517101148,0.27,0.06
1072,0.07186672416101325,0.0,0.0718667241610129,0.0,0.0,0.0,0.0,1.1143995517101148,0.27,0.06
1073,0.07337441767488075,0.0,0.07337441767488075,0.0,0.0,0.0,0.0,1.1143995517101148,0.27,0.06
1074,0.07337441767488075,0.0,0.07337441767488075,0.0,0.0,0.0,0.0,1.1143995517101148,0.27,0.06
1075,0.0582974825362065,0.0,0.0,0.0,0.0,0.0582974825362065,0.0,1.099058108937429,0.27,0.06
1076,0.0582974825362065,0.0,0.0,0.0,0.0,0.0582974825362065,0.0,1.083716666164743,0.27,0.06
1077,0.3422464276479025,0.0,0.3422464276479025,0.0,0.0,0.0,0.0,1.083716666164743,0.27,0.06
1078,0.3422464276479025,0.0,0.3422464276479025,0.0,0.0,0.0,0.0,1.083716666164743,0.27,0.06
1079,0.0668410791147885,0.0,0.0,0.0,0.0,0.0668410791147885,0.0,1.0661269085029565,0.27,0.06
1080,0.0668410791147885,0.0,0.0,0.0,0.0,0.0668410791147885,0.0,1.04853715084117,0.27,0.06
1081,0.05528209550847175,0.0,0.0,6.938893903907228e-18,0.0,0.055282095508471754,0.0,1.0339892309705196,0.27,0.06
1082,0.05528209550847175,0.0,0.0,0.0,0.0,0.05528209550847175,0.0,1.0194413110998692,0.27,0.06
1083,0.073876982179503,0.0,0.0,0.0,0.0,0.073876982179503,0.0,1.0,0.27,0.06
1084,0.073876982179503,0.0,0.07387698217950334,0.0,0.0,1.1865508575681362e-16,0.0,1.0,0.27,0.06
1085,0.18745656022418125,0.0,0.18745656022418125,0.0,0.0,0.0,0.0,1.0,0.27,0.06
1086,0.18745656022418125,0.0,0.18745656022418125,0.0,0.0,0.0,0.0,1.0,0.27,0.06
1087,0.344759250171015,0.0,0.344759250171015,0.0,0.0,0.0,0.0,1.0,0.27,0.06
1088,0.344759250171015,0.0,0.344759250171015,0.0,0.0,0.0,0.0,1.0,0.27,0.06
1089,0.346769508189505,0.0,0.346769508189505,0.0,0.0,0.0,0.0,1.0,0.27,0.06
1090,0.346769508189505,0.0,0.346769508189505,0.0,0.0,0.0,0.0,1.0,0.27,0.06
1091,0.24072839771416324,0.0,0.24072839771416324,0.0,0.0,0.0,0.0,1.0,0.27,0.06
1092,0.24072839771416324,-0.0,0.24072839771416324,0.0,0.0,0.0,0.0,1.0,0.27,0.06
1093,0.07236928866563574,0.07236928866563597,0.0,0.0,-0.0,0.0,0.0,1.0,0.27,0.06
1094,0.07236928866563574,0.07236928866563574,0.0,0.0,0.0,0.0,0.0,1.0,0.27,0.06
1095,0.09649238488751424,0.09649238488751433,-0.0,0.0,0.0,0.0,0.0,1.0000000000000007,0.27,0.06
1096,0.09649238488751424,0.09649238488751424,-0.0,0.0,0.0,0.0,0.0,1.0000000000000007,0.27,0.06
1097,0.073876982179503,0.07387698217950556,-0.0,0.0,0.0,0.0,0.0,1.0000000000000007,0.27,0.06
1098,0.073876982179503,0.07387698217949801,-0.0,0.0,0.0,0.0,0.0,0.9999999999999993,0.27,0.06
1099,0.05678978902233925,0.5585472168859826,0.0,0.0,0.5017574278636434,0.0,0.0,1.1191673891176146,0.27,0.06
1100,0.05678978902233925,0.05678978902233925,0.0,0.0,0.0,0.0,0.0,1.1191673891176146,0.27,0.06
1101,0.06332312758243125,0.06332312758243125,0.0,0.0,0.0,0.0,0.0,1.1191673891176146,0.27,0.06
1102,0.06332312758243125,0.06332312758243125,0.0,0.0,0.0,0.0,0.0,1.1191673891176146,0.27,0.06
1103,0.052266708480737,1.974601187577158,0.0,0.0,1.922334479096421,0.0,0.0,1.5757218279030147,0.27,0.06
1104,0.052266708480737,0.052266708480737,0.0,0.0,0.0,0.0,0.0,1.5757218279030147,0.27,0.06
1105,0.03769233784668525,0.03769233784668525,0.0,0.0,0.0,0.0,0.0,1.5757218279030147,0.27,0.06
1106,0.03769233784668525,0.03769233784668525,0.0,0.0,0.0,0.0,0.0,1.5757218279030147,0.27,0.06
1107,0.05578466001309425,2.951475753165691,0.0,0.0,2.8956910931525965,0.0,0.0,2.2634484625267555,0.27,0.06
1108,0.05578466001309425,0.05578466001309425,0.0,0.0,0.0,0.0,0.0,2.2634484625267555,0.27,0.06
1109,0.0658359501055435,0.0658359501055435,0.0,0.0,0.0,0.0,0.0,2.2634484625267555,0.27,0.06
1110,0.0658359501055435,0.0658359501055435,0.0,0.0,0.0,0.0,0.0,2.2634484625267555,0.27,0.06
1111,0.0582974825362065,0.0582974825362065,0.0,0.0,0.0,0.0,0.0,2.2634484625267555,0.27,0.06
1112,0.0582974825362065,0.0582974825362065,0.0,0.0,0.0,0.0,0.0,2.2634484625267555,0.27,0.06
1113,0.059805176050074,0.059805176050074,0.0,0.0,0.0,0.0,0.0,2.2634484625267555,0.27,0.06
1114,0.059805176050074,0.059805176050074,0.0,0.0,0.0,0.0,0.0,2.2634484625267555,0.27,0.06
1115,0.06985646614252325,0.06985646614252325,0.0,0.0,0.0,0.0,0.0,2.2634484625267555,0.27,0.06
1116,0.06985646614252325,0.06985646614252325,0.0,0.0,0.0,0.0,0.0,2.2634484625267555,0.27,0.06
1117,0.076892369207238,0.076892369207238,0.0,0.0,0.0,0.0,0.0,2.2634484625267555,0.27,0.06
1118,0.076892369207238,0.076892369207238,0.0,0.0,0.0,0.0,0.0,2.2634484625267555,0.27,0.06
1119,0.0572923535269615,0.0572923535269615,0.0,0.0,0.0,0.0,0.0,2.2634484625267555,0.27,0.06
1120,0.0572923535269615,0.0572923535269615,0.0,0.0,0.0,0.0,0.0,2.2634484625267555,0.27,0.06
1121,0.075887240197993,0.2440170997628349,0.0,0.0,0.1681298595648419,0.0,0.0,2.303379304173405,0.27,0.06
1122,0.075887240197993,0.075887240197993,0.0,0.0,0.0,0.0,0.0,2.303379304173405,0.27,0.06
1123,0.08744622380430975,0.08744622380430975,0.0,0.0,0.0,0.0,0.0,2.303379304173405,0.27,0.06
1124,0.08744622380430975,0.08744622380430975,0.0,0.0,0.0,0.0,0.0,2.303379304173405,0.27,0.06
1125,0.257313026366705,0.13935253467333614,0.0,0.0,0.0,0.11796049169336886,0.0,2.272337069517256,0.27,0.06
1126,0.257313026366705,0.0,0.257313026366705,0.0,0.0,0.0,0.0,2.272337069517256,0.27,0.06
1127,0.13167190021108724,0.0,0.0,0.0,0.0,0.13167190021108724,0.0,2.2376865694617063,0.27,0.06
1128,0.13167190021108724,0.0,0.0,0.0,0.0,0.13167190021108724,0.0,2.203036069406157,0.27,0.06
1129,0.110061626512321,0.0,0.0,1.3877787807814457e-17,0.0,0.11006162651232101,0.0,2.174072483481862,0.27,0.06
1130,0.110061626512321,0.0,0.0,0.0,0.0,0.110061626512321,0.0,2.145108897557567,0.27,0.06
1131,0.1010154654291165,0.0,0.0,0.0,0.0,0.1010154654291165,0.0,2.1185258803393787,0.27,0.06
1132,0.1010154654291165,0.0,0.0,0.0,0.0,0.1010154654291165,0.0,2.09194286312119,0.27,0.06
1133,0.14071806129429176,0.0,0.0,0.0,0.0,0.14071806129429176,0.0,2.0549117943595347,0.27,0.06
1134,0.14071806129429176,0.0,0.0,0.0,0.0,0.14071806129429176,0.0,2.017880725597879,0.27,0.06
1135,0.14021549678966924,0.0,0.0,0.0,0.0,0.14021549678966924,0.0,1.9809819106532291,0.27,0.06
1136,0.14021549678966924,0.0,0.0,0.0,0.0,0.1402154967896697,0.0,1.9440830957085793,0.27,0.06
1137,0.11508727155854576,0.0,0.0,0.0,0.0,0.11508727155854581,0.0,1.9137969716142251,0.27,0.06
1138,0.11508727155854576,0.0,0.0,-2.7755575615628914e-17,0.0,0.11508727155854573,0.0,1.883510847519871,0.27,0.06
1139,0.0678462081240335,0.0,0.0,0.0,0.0,0.0678462081240335,0.0,1.8656565822240727,0.27,0.06
1140,0.0678462081240335,0.0,0.0,0.0,0.0,0.0678462081240335,0.0,1.8478023169282745,0.27,0.06
1141,0.04020516036979775,0.0,0.0,0.0,0.0,0.04020516036979775,0.0,1.8372220115678015,0.27,0.06
1142,0.04020516036979775,0.0,0.0,0.0,0.0,0.04020516036979775,0.0,1.8266417062073284,0.27,0.06
1143,0.043723111902155,0.0,0.0,0.0,0.0,0.043723111902155,0.0,1.8151356241278138,0.27,0.06
1144,0.043723111902155,0.0,0.0,0.0,0.0,0.043723111902155,0.0,1.8036295420482993,0.27,0.06
1145,0.04623593442526725,0.0,0.0,0.0,0.0,0.04623593442526725,0.0,1.7914621908837554,0.27,0.06
1146,0.04623593442526725,0.0,-0.0,0.0,0.0,0.04623593442526785,0.0,1.7792948397192112,0.27,0.06
1147,0.03819490235130775,0.0,0.0,0.0,0.0,0.03819490235130775,0.0,1.7692435496267618,0.27,0.06
1148,0.03819490235130775,0.0,0.0,0.0,0.0,0.03819490235130775,0.0,1.7591922595343124,0.27,0.06
1149,0.2130873499599275,0.0,0.0,0.0,0.0,0.2130873499599275,0.0,1.7031166411238052,0.27,0.06
1150,0.2130873499599275,0.0,0.0,0.0,0.0,0.2130873499599275,0.0,1.647041022713298,0.27,0.06
1151,0.5684004547280125,0.0,0.5684004547280125,0.0,0.0,0.0,0.0,1.647041022713298,0.27,0.06
1152,0.5684004547280125,0.0,0.5684004547280125,0.0,0.0,0.0,0.0,1.647041022713298,0.27,0.06
1153,0.21509760797841726,0.0,0.0,-2.7755575615628914e-17,0.0,0.21509760797841723,0.0,1.5904363890347673,0.27,0.06
1154,0.21509760797841726,0.0,0.0,0.0,0.0,0.21509760797841726,0.0,1.5338317553562364,0.27,0.06
1155,0.2814361225885825,0.0,0.2814361225885825,0.0,0.0,0.0,0.0,1.5338317553562364,0.27,0.06
1156,0.2814361225885825,0.0,0.0,0.0,0.0,0.2814361225885825,0.0,1.4597696178329251,0.27,0.06
1157,0.18243091517795676,0.0,0.0,0.0,0.0,0.18243091517795676,0.0,1.4117614822597786,0.27,0.06
1158,0.18243091517795676,0.0,0.0,0.0,0.0,0.18243091517795676,0.0,1.363753346686632,0.27,0.06
1159,0.0944821268690245,0.0,0.0944821268690245,0.0,0.0,0.0,0.0,1.363753346686632,0.27,0.06
1160,0.0944821268690245,0.0,0.0944821268690245,0.0,0.0,0.0,0.0,1.3637533466866323,0.27,0.06
1161,0.05578466001309425,0.0,0.055784660013093124,0.0,0.0,8.43769498715119e-16,0.0,1.363753346686632,0.27,0.06
1162,0.05578466001309425,0.0,0.0,0.0,0.0,0.05578466001309425,0.0,1.349073172998976,0.27,0.06
1163,0.0432205473975325,0.0,0.0,0.0,0.0,0.043220547397532894,0.0,1.3376993447364673,0.27,0.06
1164,0.0432205473975325,0.0,0.0,-3.469446951953614e-17,0.0,0.04322054739753246,0.0,1.326325516473959,0.27,0.06
1165,0.05327183748998175,0.0,0.0,0.0,0.0,0.05327183748998175,0.0,1.312306611871332,0.27,0.06
1166,0.05327183748998175,0.0,0.0,0.0,0.0,0.05327183748998175,0.0,1.2982877072687053,0.27,0.06
1167,0.03668720883744025,0.0,0.0,0.0,0.0,0.03668720883744025,0.0,1.2886331786272736,0.27,0.06
1168,0.03668720883744025,0.0,0.0,0.0,0.0,0.03668720883744025,0.0,1.278978649985842,0.27,0.06
1169,0.18042065715946676,0.0,0.0,0.0,0.0,0.18042065715946676,0.0,1.2314995296807192,0.27,0.06
1170,0.18042065715946676,0.0,0.0,0.0,0.0,0.18042065715946676,0.0,1.1840204093755964,0.27,0.06
1171,0.3583284917958225,0.0,0.3583284917958225,0.0,0.0,0.0,0.0,1.1840204093755964,0.27,0.06
1172,0.3583284917958225,0.0,0.3583284917958225,0.0,0.0,0.0,0.0,1.1840204093755966,0.27,0.06
1173,0.23972326870491825,0.0,0.23972326870491825,0.0,0.0,0.0,0.0,1.1840204093755966,0.27,0.06
1174,0.23972326870491825,0.0,0.23972326870491845,0.0,0.0,0.0,0.0,1.1840204093755966,0.27,0.06
1175,0.11257444903543325,0.0,0.11257444903543234,0.0,0.0,8.43769498715119e-16,0.0,1.1840204093755964,0.27,0.06
1176,0.11257444903543325,0.0,0.0,0.0,0.0,0.11257444903543325,0.0,1.1543955543662718,0.27,0.06
1177,0.31510794439829,0.0,0.31510794439829,0.0,0.0,0.0,0.0,1.1543955543662718,0.27,0.06
1178,0.31510794439829,0.0,0.31510794439829,0.0,0.0,0.0,0.0,1.1543955543662718,0.27,0.06
1179,0.14674883534976124,0.0,0.0,0.0,0.0,0.14674883534976124,0.0,1.1157774398005451,0.27,0.06
1180,0.14674883534976124,0.0,0.0,0.0,0.0,0.14674883534976124,0.0,1.0771593252348186,0.27,0.06
1181,0.067343643619411,0.0,0.0,0.0,0.0,0.067343643619411,0.0,1.0594373137560262,0.27,0.06
1182,0.067343643619411,0.0,0.0,0.0,0.0,0.067343643619411,0.0,1.0417153022772339,0.27,0.06
1183,0.21157965644606,0.0,0.21157965644606,0.0,0.0,0.0,0.0,1.0417153022772339,0.27,0.06
1184,0.21157965644606,0.0,0.21157965644606,0.0,0.0,0.0,0.0,1.0417153022772339,0.27,0.06
1185,0.09548725587826926,0.0,0.09548725587826926,0.0,0.0,-0.0,0.0,1.0417153022772339,0.27,0.06
1186,0.09548725587826926,0.0,0.09548725587826926,0.0,0.0,0.0,0.0,1.0417153022772339,0.27,0.06
1187,0.069353901637901,0.06935390163790078,-0.0,0.0,0.0,0.0,0.0,1.0417153022772339,0.27,0.06
1188,0.069353901637901,-0.0,0.069353901637901,0.0,0.0,0.0,0.0,1.0417153022772339,0.27,0.06
1189,0.068348772628656,0.068348772628656,0.0,0.0,0.0,0.0,0.0,1.0417153022772339,0.27,0.06
1190,0.068348772628656,0.068348772628656,0.0,0.0,0.0,0.0,0.0,1.0417153022772339,0.27,0.06
1191,0.05427696649922675,0.05427696649922675,0.0,0.0,0.0,0.0,0.0,1.0417153022772339,0.27,0.06
1192,0.05427696649922675,0.05427696649922675,0.0,0.0,0.0,0.0,0.0,1.0417153022772339,0.27,0.06
1193,0.06282056307780876,0.06282056307780876,0.0,0.0,0.0,0.0,0.0,1.0417153022772339,0.27,0.06
1194,0.06282056307780876,0.06282056307780876,0.0,0.0,0.0,0.0,0.0,1.0417153022772339,0.27,0.06
1195,0.1105641910169435,0.1105641910169435,0.0,0.0,0.0,0.0,0.0,1.0417153022772339,0.27,0.06
1196,0.1105641910169435,0.1105641910169435,0.0,0.0,0.0,0.0,0.0,1.0417153022772339,0.27,0.06
1197,0.049251321453002,0.049251321453002,0.0,0.0,0.0,0.0,0.0,1.0417153022772339,0.27,0.06
1198,0.049251321453002,0.049251321453002,0.0,0.0,0.0,0.0,0.0,1.0417153022772339,0.27,0.06
1199,0.08945648182279975,0.08945648182279975,0.0,0.0,0.0,0.0,0.0,1.0417153022772339,0.27,0.06
1200,0.08945648182279975,0.08945648182279975,0.0,0.0,0.0,0.0,0.0,1.0417153022772339,0.27,0.06
1201,0.093979562364402,0.093979562364402,0.0,0.0,0.0,0.0,0.0,1.0417153022772339,0.27,0.06
1202,0.093979562364402,0.093979562364402,0.0,0.0,0.0,0.0,0.0,1.0417153022772339,0.27,0.06
1203,0.06432825659167625,0.06432825659167625,0.0,0.0,0.0,0.0,0.0,1.0417153022772339,0.27,0.06
1204,0.06432825659167625,0.06432825659167625,0.0,0.0,0.0,0.0,0.0,1.0417153022772339,0.27,0.06
1205,0.0261333542403685,0.0261333542403685,0.0,0.0,0.0,0.0,0.0,1.0417153022772339,0.27,0.06
1206,0.0261333542403685,0.0261333542403685,0.0,0.0,0.0,0.0,0.0,1.0417153022772339,0.27,0.06
1207,0.0422154183882875,0.0422154183882875,0.0,0.0,0.0,0.0,0.0,1.0417153022772339,0.27,0.06
1208,0.0422154183882875,0.0422154183882875,0.0,0.0,0.0,0.0,0.0,1.0417153022772339,0.27,0.06
1209,0.0236205317172561,0.0236205317172561,0.0,0.0,0.0,0.0,0.0,1.0417153022772339,0.27,0.06
1210,0.0236205317172561,0.0236205317172561,0.0,0.0,0.0,0.0,0.0,1.0417153022772339,0.27,0.06
1211,0.03065643478197075,0.03065643478197075,0.0,0.0,0.0,0.0,0.0,1.0417153022772339,0.27,0.06
1212,0.03065643478197075,1.0034911826457138,0.0,0.0,0.972834747863743,0.0,0.0,1.2727635548948728,0.27,0.06
1213,0.06382569208705376,0.06382569208705376,0.0,0.0,0.0,0.0,0.0,1.2727635548948728,0.27,0.06
1214,0.06382569208705376,0.06382569208705376,0.0,0.0,0.0,0.0,0.0,1.2727635548948728,0.27,0.06
1215,0.066338514610166,0.066338514610166,0.0,0.0,0.0,0.0,0.0,1.2727635548948728,0.27,0.06
1216,0.066338514610166,0.066338514610166,0.0,0.0,0.0,0.0,0.0,1.2727635548948728,0.27,0.06
1217,0.049251321453002,0.04925132145300193,-0.0,0.0,0.0,0.0,0.0,1.2727635548948728,0.27,0.06
1218,0.049251321453002,0.049251321453002,0.0,0.0,0.0,0.0,0.0,1.2727635548948728,0.27,0.06
1219,0.05628722451771675,0.05628722451771675,0.0,0.0,0.0,0.0,0.0,1.2727635548948728,0.27,0.06
1220,0.05628722451771675,0.05628722451771675,0.0,0.0,0.0,0.0,0.0,1.2727635548948728,0.27,0.06
1221,0.04422567640677725,0.04422567640677725,0.0,0.0,0.0,0.0,0.0,1.2727635548948728,0.27,0.06
1222,0.04422567640677725,0.0354685797592119,-0.0,0.0,0.0,0.008757096647565313,0.0,1.2704590557770925,0.27,0.06
1223,0.0497538859576245,0.0,-0.0,0.0,0.0,0.0497538859576245,0.0,1.257365927893507,0.27,0.06
1224,0.0497538859576245,0.0,0.0,0.0,0.0,0.0497538859576245,0.0,1.2442728000099217,0.27,0.06
1225,0.06382569208705376,0.0,-0.0,0.0,0.0,0.06382569208705346,0.0,1.2274765652501707,0.27,0.06
1226,0.06382569208705376,0.0,0.0,0.0,0.0,0.06382569208705376,0.0,1.2106803304904197,0.27,0.06
1227,0.6473030819537425,0.0,0.6473030819537425,0.0,0.0,0.0,0.0,1.2106803304904197,0.27,0.06
1228,0.6473030819537425,0.0,0.6473030819537425,0.0,0.0,0.0,0.0,1.2106803304904197,0.27,0.06
1229,0.833251948664055,0.0,0.833251948664055,0.0,0.0,0.0,0.0,1.2106803304904197,0.27,0.06
1230,0.833251948664055,0.0,0.833251948664055,0.0,0.0,0.0,0.0,1.2106803304904197,0.27,0.06
1231,0.26434892943142,0.0,0.26434892943142,0.0,0.0,0.0,0.0,1.2106803304904197,0.27,0.06
1232,0.26434892943142,0.0,0.26434892943142,0.0,0.0,0.0,0.0,1.2106803304904197,0.27,0.06
1233,0.0914667398412895,0.0,0.0,0.0,0.0,0.0914667398412895,0.0,1.1866101357953434,0.27,0.06
1234,0.0914667398412895,0.0,0.0,0.0,0.0,0.0914667398412895,0.0,1.1625399411002673,0.27,0.06
1235,0.11508727155854576,0.0,0.11508727155854576,0.0,0.0,0.0,0.0,1.1625399411002673,0.27,0.06
1236,0.11508727155854576,0.0,0.11508727155854576,0.0,0.0,0.0,0.0,1.1625399411002673,0.27,0.06
1237,0.125138561650995,0.0,0.1251385616509948,0.0,0.0,0.0,0.0,1.1625399411002673,0.27,0.06
1238,0.125138561650995,0.0,0.125138561650995,0.0,0.0,0.0,0.0,1.1625399411002673,0.27,0.06
1239,0.1703693670670175,0.0,0.1703693670670175,0.0,0.0,0.0,0.0,1.1625399411002673,0.27,0.06
1240,0.1703693670670175,0.0,0.1703693670670175,0.0,0.0,0.0,0.0,1.1625399411002673,0.27,0.06
1241,0.3668720883744025,0.0,0.3668720883744025,0.0,0.0,0.0,0.0,1.1625399411002673,0.27,0.06
1242,0.3668720883744025,0.0,0.3668720883744025,0.0,0.0,0.0,0.0,1.1625399411002673,0.27,0.06
1243,0.2965130577272575,0.0,0.2965130577272575,0.0,0.0,0.0,0.0,1.1625399411002673,0.27,0.06
1244,0.2965130577272575,0.0,0.2965130577272575,0.0,0.0,0.0,0.0,1.1625399411002673,0.27,0.06
1245,0.332697702060075,0.0,0.332697702060075,0.0,0.0,0.0,0.0,1.1625399411002673,0.27,0.06
1246,0.332697702060075,0.0,0.332697702060075,0.0,0.0,0.0,0.0,1.1625399411002673,0.27,0.06
1247,0.20152836635361074,0.0,0.20152836635361074,0.0,0.0,0.0,0.0,1.1625399411002673,0.27,0.06
1248,0.20152836635361074,0.0,0.20152836635361074,0.0,0.0,0.0,0.0,1.1625399411002673,0.27,0.06
1249,0.4774362793913475,0.0,0.47743627939134736,0.0,0.0,1.1102230246251565e-16,0.0,1.1625399411002673,0.27,0.06
1250,0.4774362793913475,0.0,0.4774362793913475,0.0,0.0,0.0,0.0,1.1625399411002673,0.27,0.06
1251,0.15378473841447576,0.0,0.15378473841447576,0.0,0.0,0.0,0.0,1.1625399411002673,0.27,0.06
1252,0.15378473841447576,0.0,0.15378473841447576,0.0,0.0,0.0,0.0,1.1625399411002673,0.27,0.06
1253,0.15378473841447576,0.0,0.15378473841447576,0.0,0.0,0.0,0.0,1.1625399411002673,0.27,0.06
1254,0.15378473841447576,0.0,0.15378473841447576,0.0,0.0,0.0,0.0,1.1625399411002673,0.27,0.06
1255,0.379436200989965,0.0,0.379436200989965,0.0,0.0,0.0,0.0,1.1625399411002673,0.27,0.06
1256,0.379436200989965,0.0,0.379436200989965,0.0,0.0,0.0,0.0,1.1625399411002673,0.27,0.06
1257,0.11458470705392325,0.0,0.11458470705392325,0.0,0.0,0.0,0.0,1.1625399411002673,0.27,0.06
1258,0.11458470705392325,0.0,0.11458470705392325,0.0,0.0,0.0,0.0,1.1625399411002673,0.27,0.06
1259,0.08041032073959525,0.0,0.0,0.0,0.0,0.08041032073959525,0.0,1.1413793303793212,0.27,0.06
1260,0.08041032073959525,0.0,0.08041032073959525,0.0,0.0,0.0,0.0,1.1413793303793212,0.27,0.06
1261,0.0603077405546965,0.0,0.0603077405546965,0.0,0.0,0.0,0.0,1.1413793303793212,0.27,0.06
1262,0.0603077405546965,0.0,0.0603077405546965,0.0,0.0,0.0,0.0,1.1413793303793212,0.27,0.06
1263,0.08041032073959525,0.0,0.08041032073959525,0.0,0.0,0.0,0.0,1.1413793303793212,0.27,0.06
1264,0.08041032073959525,0.0,0.08041032073959525,0.0,0.0,0.0,0.0,1.1413793303793212,0.27,0.06
1265,0.07890262722572775,0.0,0.0,0.0,0.0,0.07890262722572775,0.0,1.1206154811093927,0.27,0.06
1266,0.07890262722572775,0.0,0.0,0.0,0.0,0.07890262722572775,0.0,1.0998516318394644,0.27,0.06
1267,0.10403085245685124,0.0,0.0,0.0,0.0,0.10403085245685124,0.0,1.0724750917192405,0.27,0.06
1268,0.10403085245685124,0.0,0.10403085245685124,0.0,0.0,0.0,0.0,1.0724750917192405,0.27,0.06
1269,0.06985646614252325,0.0,0.0,0.0,0.0,0.06985646614252325,0.0,1.0540918111554185,0.27,0.06
1270,0.06985646614252325,0.0,0.0,0.0,0.0,0.06985646614252325,0.0,1.0357085305915965,0.27,0.06
1271,0.0678462081240335,0.0,0.0,0.0,0.0,0.0678462081240335,0.0,1.0178542652957983,0.27,0.06
1272,0.0678462081240335,0.0,0.0,0.0,0.0,0.0678462081240335,0.0,1.0,0.27,0.06
1273,0.060810305059319,0.0,0.060810305059319,0.0,0.0,0.0,0.0,1.0,0.27,0.06
1274,0.060810305059319,0.0,0.060810305059319,0.0,0.0,0.0,0.0,1.0,0.27,0.06
1275,0.10704623948458625,0.0,0.10704623948458625,0.0,0.0,0.0,0.0,1.0,0.27,0.06
1276,0.10704623948458625,0.0,0.10704623948458636,0.0,0.0,0.0,0.0,1.0,0.27,0.06
1277,0.4256721354152325,0.0,0.4256721354152324,0.0,0.0,1.1102230246251565e-16,0.0,1.0,0.27,0.06
1278,0.4256721354152325,0.0,0.4256721354152325,0.0,0.0,0.0,0.0,1.0,0.27,0.06
1279,0.287969461148675,0.0,0.287969461148675,0.0,0.0,0.0,0.0,1.0,0.27,0.06
1280,0.287969461148675,0.0,0.287969461148675,0.0,0.0,0.0,0.0,1.0,0.27,0.06
1281,0.27238996150538,0.0,0.27238996150538,0.0,0.0,0.0,0.0,1.0,0.27,0.06
1282,0.27238996150538,0.0,0.27238996150538,0.0,0.0,0.0,0.0,1.0,0.27,0.06
1283,0.1588103834607005,0.04409540046623267,0.11471498299446783,0.0,0.0,-0.0,0.0,1.0,0.27,0.06
1284,0.1588103834607005,-0.0,0.1588103834607005,0.0,0.0,0.0,0.0,1.0,0.27,0.06
1285,0.3085746058381975,0.1054080738199219,0.20316653201827561,0.0,0.0,0.0,0.0,1.0,0.27,0.06
1286,0.3085746058381975,0.0,0.3085746058381975,0.0,0.0,0.0,0.0,1.0,0.27,0.06
1287,0.07890262722572775,0.07890262722572775,-0.0,0.0,0.0,0.0,0.0,1.0,0.27,0.06
1288,0.07890262722572775,0.07890262722572751,-0.0,0.0,0.0,0.0,0.0,1.0,0.27,0.06
1289,0.07337441767488075,0.07337441767488073,-0.0,0.0,0.0,0.0,0.0,1.0,0.27,0.06
1290,0.07337441767488075,0.07337441767488075,0.0,0.0,0.0,0.0,0.0,1.0,0.27,0.06
1291,0.069353901637901,0.069353901637901,0.0,0.0,0.0,0.0,0.0,1.0,0.27,0.06
1292,0.069353901637901,0.069353901637901,0.0,0.0,0.0,0.0,0.0,1.0,0.27,0.06
1293,0.04271798289291,0.04271798289291,0.0,0.0,0.0,0.0,0.0,1.0,0.27,0.06
1294,0.04271798289291,0.04271798289291,0.0,0.0,0.0,0.0,0.0,1.0,0.27,0.06
1295,0.04523080541602225,0.04523080541602225,0.0,0.0,0.0,0.0,0.0,1.0,0.27,0.06
1296,0.04523080541602225,0.04523080541602225,0.0,0.0,0.0,0.0,0.0,1.0,0.27,0.06
1297,0.06231799857318625,0.06231799857318625,0.0,0.0,0.0,0.0,0.0,1.0,0.27,0.06
1298,0.06231799857318625,0.06231799857318625,0.0,0.0,0.0,0.0,0.0,1.0,0.27,0.06
1299,0.03819490235130775,3.101148615477468,0.0,0.0,3.06295371312616,0.0,0.0,1.727451506867463,0.27,0.06
1300,0.03819490235130775,0.03819490235130775,0.0,0.0,0.0,0.0,0.0,1.727451506867463,0.27,0.06
1301,0.06985646614252325,0.06985646614252325,0.0,0.0,0.0,0.0,0.0,1.727451506867463,0.27,0.06
1302,0.06985646614252325,0.06985646614252325,0.0,0.0,0.0,0.0,0.0,1.727451506867463,0.27,0.06
1303,0.0944821268690245,0.0944821268690245,0.0,0.0,0.0,0.0,0.0,1.727451506867463,0.27,0.06
1304,0.0944821268690245,0.0944821268690245,0.0,0.0,0.0,0.0,0.0,1.727451506867463,0.27,0.06
1305,0.076892369207238,0.076892369207238,0.0,0.0,0.0,0.0,0.0,1.727451506867463,0.27,0.06
1306,0.076892369207238,0.076892369207238,0.0,0.0,0.0,0.0,0.0,1.727451506867463,0.27,0.06
1307,0.0507590149668695,0.0507590149668695,0.0,0.0,0.0,0.0,0.0,1.727451506867463,0.27,0.06
1308,0.0507590149668695,0.0507590149668695,0.0,0.0,0.0,0.0,0.0,1.727451506867463,0.27,0.06
1309,0.060810305059319,0.060810305059319,0.0,0.0,0.0,0.0,0.0,1.727451506867463,0.27,0.06
1310,0.060810305059319,0.060810305059319,0.0,0.0,0.0,0.0,0.0,1.727451506867463,0.27,0.06
1311,0.050256450462247,0.0,0.0,0.0,0.0,0.05025645046224714,0.0,1.7142261251668716,0.27,0.06
1312,0.050256450462247,0.0,0.0,0.0,0.0,0.05025645046224714,0.0,1.7010007434662802,0.27,0.06
1313,0.04422567640677725,0.04422567640677725,0.0,0.0,0.0,0.0,0.0,1.7010007434662804,0.27,0.06
1314,0.04422567640677725,0.0,0.0,0.0,0.0,0.04422567640677077,0.0,1.6893624075697617,0.27,0.06
1315,0.05578466001309425,0.0,0.0,0.0,0.0,0.05578466001309401,0.0,1.6746822338821055,0.27,0.06
1316,0.05578466001309425,0.0,0.0,0.0,0.0,0.05578466001309357,0.0,1.6600020601944492,0.27,0.06
1317,0.07136415965639074,0.0,0.0,0.0,0.0,0.07136415965639911,0.0,1.6412220181796073,0.27,0.06
1318,0.07136415965639074,0.0,0.0,0.0,0.0,0.07136415965639074,0.0,1.6224419761647677,0.27,0.06
1319,0.057794918031584,0.0,0.0,0.0,0.0,0.05779491803158324,0.0,1.607232787209088,0.27,0.06
1320,0.057794918031584,0.0,0.0,0.0,0.0,0.057794918031584,0.0,1.592023598253408,0.27,0.06
1321,0.719169806114755,0.0,0.719169806114755,0.0,0.0,0.0,0.0,1.592023598253408,0.27,0.06
1322,0.719169806114755,0.0,0.719169806114755,0.0,0.0,0.0,0.0,1.592023598253408,0.27,0.06
1323,0.13167190021108724,0.0,0.13167190021108724,0.0,0.0,0.0,0.0,1.592023598253408,0.27,0.06
1324,0.13167190021108724,0.0,-0.0,0.0,0.0,0.13167190021108724,0.0,1.5573730981978586,0.27,0.06
1325,0.109056497503076,0.0,-0.0,0.0,0.0,0.109056497503076,0.0,1.5286740199075755,0.27,0.06
1326,0.109056497503076,0.0,0.10905649750307589,0.0,0.0,0.0,0.0,1.5286740199075755,0.27,0.06
1327,0.1201129166047705,0.0,0.12011291660477053,0.0,0.0,0.0,0.0,1.5286740199075755,0.27,0.06
1328,0.1201129166047705,0.0,0.1201129166047705,0.0,0.0,0.0,0.0,1.5286740199075755,0.27,0.06
1329,0.13921036778042425,0.0,0.13921036778042425,0.0,0.0,0.0,0.0,1.5286740199075755,0.27,0.06
1330,0.13921036778042425,0.0,0.13921036778042425,0.0,0.0,0.0,0.0,1.5286740199075755,0.27,0.06
1331,0.1181026585862805,0.0,0.1181026585862805,0.0,0.0,0.0,0.0,1.5286740199075755,0.27,0.06
1332,0.1181026585862805,0.0,0.1181026585862805,0.0,0.0,0.0,0.0,1.5286740199075755,0.27,0.06
1333,0.1000103364198715,0.0,0.1000103364198715,0.0,0.0,0.0,0.0,1.5286740199075755,0.27,0.06
1334,0.1000103364198715,0.0,0.1000103364198715,0.0,0.0,0.0,0.0,1.5286740199075755,0.27,0.06
1335,0.066338514610166,0.0,0.0,0.0,0.0,0.066338514610166,0.0,1.5112165160627948,0.27,0.06
1336,0.066338514610166,0.0,0.066338514610166,0.0,0.0,0.0,0.0,1.5112165160627948,0.27,0.06
1337,0.0517641439761145,0.0,0.0,0.0,0.0,0.0517641439761145,0.0,1.4975943729111858,0.27,0.06
1338,0.0517641439761145,0.0,0.0517641439761145,0.0,0.0,0.0,0.0,1.4975943729111858,0.27,0.06
1339,0.03869746685593025,0.0,0.0,0.0,0.0,0.038697466855931006,0.0,1.4874108290017303,0.27,0.06
1340,0.03869746685593025,0.0,0.038697466855929896,0.0,0.0,0.0,0.0,1.4874108290017303,0.27,0.06
1341,0.2186155595107745,0.0,0.2186155595107745,0.0,0.0,0.0,0.0,1.4874108290017303,0.27,0.06
1342,0.2186155595107745,0.0,0.2186155595107745,0.0,0.0,0.0,0.0,1.4874108290017305,0.27,0.06
1343,0.093979562364402,0.0,0.0,0.0,0.0,0.093979562364402,0.0,1.4626793652216248,0.27,0.06
1344,0.093979562364402,0.0,0.0,0.0,0.0,0.093979562364402,0.0,1.437947901441519,0.27,0.06
1345,0.058800047040829,0.0,0.0,0.0,0.0,0.058800047040829,0.0,1.422474204851827,0.27,0.06
1346,0.058800047040829,0.0,0.0,0.0,0.0,0.058800047040829,0.0,1.4070005082621353,0.27,0.06
1347,0.05678978902233925,0.0,0.0,0.0,0.0,0.05678978902233925,0.0,1.392055826940467,0.27,0.06
1348,0.05678978902233925,0.0,0.0,0.0,0.0,0.05678978902233925,0.0,1.3771111456187988,0.27,0.06
1349,0.049251321453002,0.0,0.049251321453002,0.0,0.0,0.0,0.0,1.3771111456187988,0.27,0.06
1350,0.049251321453002,0.0,0.049251321453002816,0.0,0.0,7.91033905045424e-17,0.0,1.3771111456187988,0.27,0.06
1351,0.03819490235130775,0.0,0.0,0.0,0.0,0.03819490235130775,0.0,1.3670598555263493,0.27,0.06
1352,0.03819490235130775,0.0,0.0,0.0,0.0,0.03819490235130775,0.0,1.3570085654339,0.27,0.06
1353,0.043723111902155,0.0,0.043723111902155054,0.0,0.0,0.0,0.0,1.3570085654339,0.27,0.06
1354,0.043723111902155,0.0,0.0,0.0,0.0,0.043723111902155,0.0,1.3455024833543854,0.27,0.06
1355,0.075887240197993,0.0,0.0,0.0,0.0,0.075887240197993,0.0,1.3255321569864924,0.27,0.06
1356,0.075887240197993,0.0,0.0,0.0,0.0,0.075887240197993,0.0,1.3055618306185994,0.27,0.06
1357,0.07840006272110525,0.0,0.0,0.0,0.0,0.07840006272110525,0.0,1.284930235165677,0.27,0.06
1358,0.07840006272110525,0.0,0.07840006272110525,0.0,0.0,0.0,0.0,1.284930235165677,0.27,0.06
1359,0.06332312758243125,0.0,0.0,0.0,0.0,0.06332312758243125,0.0,1.2682662542229322,0.27,0.06
1360,0.06332312758243125,0.0,0.0,0.0,0.0,0.06332312758243125,0.0,1.251602273280187,0.27,0.06
1361,0.11307701354005575,0.0,0.11307701354005575,0.0,0.0,0.0,0.0,1.251602273280187,0.27,0.06
1362,0.11307701354005575,0.0,0.11307701354005673,0.0,0.0,0.0,0.0,1.251602273280187,0.27,0.06
1363,0.1512719158913635,0.0,0.1512719158913635,0.0,0.0,0.0,0.0,1.251602273280187,0.27,0.06
1364,0.1512719158913635,0.0,0.1512719158913635,0.0,0.0,0.0,0.0,1.251602273280187,0.27,0.06
1365,0.117600094081658,0.0,0.11760009408165839,0.0,0.0,0.0,0.0,1.251602273280187,0.27,0.06
1366,0.117600094081658,0.0,0.117600094081658,0.0,0.0,0.0,0.0,1.251602273280187,0.27,0.06
1367,0.2608309778990625,0.0,0.2608309778990625,0.0,0.0,0.0,0.0,1.251602273280187,0.27,0.06
1368,0.2608309778990625,0.0,0.2608309778990625,0.0,0.0,0.0,0.0,1.251602273280187,0.27,0.06
1369,0.32365154097687,0.0,0.32365154097687,0.0,0.0,0.0,0.0,1.251602273280187,0.27,0.06
1370,0.32365154097687,0.0,0.32365154097687,0.0,0.0,0.0,0.0,1.251602273280187,0.27,0.06
1371,0.19600015680276325,0.0,0.19600015680276325,0.0,0.0,0.0,0.0,1.251602273280187,0.27,0.06
1372,0.19600015680276325,0.0,0.19600015680276325,0.0,0.0,0.0,0.0,1.251602273280187,0.27,0.06
1373,0.1095590620076985,0.0,0.1095590620076985,0.0,0.0,0.0,0.0,1.251602273280187,0.27,0.06
1374,0.1095590620076985,0.0,0.10955906200769805,0.0,0.0,-5.273559366969494e-17,0.0,1.251602273280187,0.27,0.06
1375,0.4714055053358775,0.0,0.47140550533587744,0.0,0.0,5.551115123125783e-17,0.0,1.251602273280187,0.27,0.06
1376,0.4714055053358775,0.0,0.47140550533587744,0.0,0.0,5.551115123125783e-17,0.0,1.2516022732801868,0.27,0.06
1377,0.26635918744991,0.0,0.26635918744991,0.0,0.0,0.0,0.0,1.2516022732801868,0.27,0.06
1378,0.26635918744991,0.0,0.26635918744991116,0.0,0.0,-8.43769498715119e-16,0.0,1.251602273280187,0.27,0.06
1379,0.316113073407535,0.021368414461794844,0.29474465894574015,0.0,0.0,0.0,0.0,1.251602273280187,0.27,0.06
1380,0.316113073407535,-0.0,0.316113073407535,0.0,0.0,0.0,0.0,1.251602273280187,0.27,0.06
1381,0.1341847227341995,0.0,0.1341847227341995,0.0,0.0,0.0,0.0,1.251602273280187,0.27,0.06
1382,0.1341847227341995,0.13221477861844244,-0.0,0.0,0.0,0.0019699441157570163,0.0,1.251083866933935,0.27,0.06
1383,0.3970259586517525,-0.0,0.3970259586517525,0.0,0.0,0.0,0.0,1.251083866933935,0.27,0.06
1384,0.3970259586517525,0.2902317816305058,0.10679417702124672,0.0,0.0,0.0,0.0,1.251083866933935,0.27,0.06
1385,0.204041188876723,0.204041188876723,0.0,0.0,0.0,0.0,0.0,1.251083866933935,0.27,0.06
1386,0.204041188876723,0.204041188876723,0.0,0.0,0.0,0.0,0.0,1.251083866933935,0.27,0.06
1387,0.22213351104313175,0.22213351104313175,0.0,0.0,0.0,0.0,0.0,1.251083866933935,0.27,0.06
1388,0.22213351104313175,0.22213351104313175,0.0,0.0,0.0,0.0,0.0,1.251083866933935,0.27,0.06
1389,0.07035903064714576,0.07035903064714576,0.0,0.0,0.0,0.0,0.0,1.251083866933935,0.27,0.06
1390,0.07035903064714576,0.07035903064714576,0.0,0.0,0.0,0.0,0.0,1.251083866933935,0.27,0.06
1391,1.61122185207609,0.0,1.61122185207609,0.0,0.0,0.0,0.0,1.251083866933935,0.27,0.06
1392,1.61122185207609,1.6112218520760895,-0.0,0.0,0.0,0.0,0.0,1.251083866933935,0.27,0.06
1393,1.6629859457957525,1.6629859457957525,0.0,0.0,0.0,0.0,0.0,1.251083866933935,0.27,0.06
1394,1.6629859457957525,0.16677396401256972,1.496211981783183,0.0,0.0,0.0,0.0,1.251083866933935,0.27,0.06
1395,1.75395012113242,0.6994629783889776,1.0544871427434424,0.0,0.0,0.0,0.0,1.251083866933935,0.27,0.06
1396,1.75395012113242,1.2327325754996572,0.5212175456327628,0.0,0.0,0.0,0.0,1.251083866933935,0.27,0.06
1397,1.785109120419015,1.785109120419015,0.0,0.0,0.0,0.0,0.0,1.251083866933935,0.27,0.06
1398,1.785109120419015,0.0,1.785109120419015,0.0,0.0,0.0,0.0,1.251083866933935,0.27,0.06
1399,1.713745011019075,0.2385336233503541,1.475211387668721,0.0,0.0,0.0,0.0,1.251083866933935,0.27,0.06
1400,1.713745011019075,0.0,1.713745011019075,0.0,0.0,0.0,0.0,1.251083866933935,0.27,0.06
1401,1.8162681699620575,-0.0,1.8162681699620575,0.0,0.0,0.0,0.0,1.251083866933935,0.27,0.06
1402,1.8162681699620575,-0.0,1.8162681699620575,0.0,0.0,0.0,0.0,1.251083866933935,0.27,0.06
1403,1.86149892512163,0.09405363987764825,1.7674452852439817,0.0,0.0,0.0,0.0,1.251083866933935,0.27,0.06
1404,1.86149892512163,-0.0,1.86149892512163,0.0,0.0,0.0,0.0,1.251083866933935,0.27,0.06
1405,1.239826632903635,0.06371782083398621,1.1761088120696488,0.0,0.0,0.0,0.0,1.251083866933935,0.27,0.06
1406,1.239826632903635,-0.0,1.239826632903635,0.0,0.0,0.0,0.0,1.251083866933935,0.27,0.06
1407,1.2946061639074824,0.0,1.2946061639074824,0.0,0.0,0.0,0.0,1.251083866933935,0.27,0.06
1408,1.2946061639074824,0.023512326620560686,1.2710938372869216,0.0,0.0,0.0,0.0,1.251083866933935,0.27,0.06
1409,1.2895805188612575,0.0,1.2895805188612575,0.0,0.0,0.0,0.0,1.251083866933935,0.27,0.06
1410,1.2895805188612575,0.0,1.2895805188612575,0.0,0.0,0.0,0.0,1.251083866933935,0.27,0.06
1411,1.1654470862195074,0.0,1.1654470862195074,0.0,0.0,0.0,0.0,1.251083866933935,0.27,0.06
1412,1.1654470862195074,0.0,1.1654470862195074,0.0,0.0,0.0,0.0,1.251083866933935,0.27,0.06
1413,1.3046574539999325,0.0,1.3046574539999325,0.0,0.0,0.0,0.0,1.251083866933935,0.27,0.06
1414,1.3046574539999325,0.0,1.3046574539999325,0.0,0.0,0.0,0.0,1.251083866933935,0.27,0.06
1415,1.1649445719713376,0.0,1.1649445719713376,0.0,0.0,0.0,0.0,1.251083866933935,0.27,0.06
1416,1.1649445719713376,0.0,1.1649445719713376,0.0,0.0,0.0,0.0,1.251083866933935,0.27,0.06
1417,0.9091391888620475,0.0,0.9091391888620475,0.0,0.0,0.0,0.0,1.251083866933935,0.27,0.06
1418,0.9091391888620475,0.0,0.9091391888620475,0.0,0.0,0.0,0.0,1.251083866933935,0.27,0.06
1419,0.07990775623497275,0.0,0.0,0.0,0.0,0.07990775623497275,0.0,1.2300555100299948,0.27,0.06
1420,0.07990775623497275,0.0,0.07990775623497275,0.0,0.0,0.0,0.0,1.2300555100299948,0.27,0.06
1421,0.08141544974884025,0.0,0.08141544974884025,0.0,0.0,0.0,0.0,1.2300555100299948,0.27,0.06
1422,0.08141544974884025,0.0,0.0,0.0,0.0,0.08141544974884025,0.0,1.208630391675037,0.27,0.06
1423,0.12363086813712774,0.0,0.12363086813712774,0.0,0.0,0.0,0.0,1.208630391675037,0.27,0.06
1424,0.12363086813712774,0.0,0.12363086813712774,0.0,0.0,0.0,0.0,1.208630391675037,0.27,0.06
1425,0.12312830363250525,0.0,0.12312830363250525,0.0,0.0,0.0,0.0,1.208630391675037,0.27,0.06
1426,0.12312830363250525,0.0,0.12312830363250525,0.0,0.0,0.0,0.0,1.208630391675037,0.27,0.06
1427,0.10302572344760624,0.0,0.10302572344760624,0.0,0.0,0.0,0.0,1.208630391675037,0.27,0.06
1428,0.10302572344760624,0.0,0.10302572344760624,0.0,0.0,0.0,0.0,1.208630391675037,0.27,0.06
1429,0.1427283193127815,0.0,0.14272831931278152,0.0,0.0,0.0,0.0,1.208630391675037,0.27,0.06
1430,0.1427283193127815,0.0,0.1427283193127815,0.0,0.0,0.0,0.0,1.208630391675037,0.27,0.06
1431,0.267364316459155,0.0,0.267364316459155,0.0,0.0,0.0,0.0,1.208630391675037,0.27,0.06
1432,0.267364316459155,0.0,0.267364316459155,0.0,0.0,0.0,0.0,1.208630391675037,0.27,0.06
1433,0.08845135281355475,0.0,0.08845135281355475,0.0,0.0,0.0,0.0,1.208630391675037,0.27,0.06
1434,0.08845135281355475,0.0,0.08845135281355475,0.0,0.0,0.0,0.0,1.208630391675037,0.27,0.06
1435,0.074882111188748,0.0,0.074882111188748,0.0,0.0,0.0,0.0,1.208630391675037,0.27,0.06
1436,0.074882111188748,0.0,0.0,0.0,0.0,0.074882111188748,0.0,1.188924572941156,0.27,0.06
1437,0.05628722451771675,0.0,0.0,0.0,0.0,0.05628722451771675,0.0,1.1741121454364936,0.27,0.06
1438,0.05628722451771675,0.0,0.05628722451771675,0.0,0.0,0.0,0.0,1.1741121454364936,0.27,0.06
1439,0.03769233784668525,0.0,0.03769233784668525,0.0,0.0,0.0,0.0,1.1741121454364936,0.27,0.06
1440,0.03769233784668525,0.0,0.03769233784668525,0.0,0.0,0.0,0.0,1.1741121454364936,0.27,0.06
1441,0.05528209550847175,0.0,0.05528209550847141,0.0,0.0,0.0,0.0,1.1741121454364936,0.27,0.06
1442,0.05528209550847175,0.0,0.05528209550847175,0.0,0.0,0.0,0.0,1.1741121454364936,0.27,0.06
1443,0.06432825659167625,0.0,0.06432825659167625,0.0,0.0,0.0,0.0,1.1741121454364936,0.27,0.06
1444,0.06432825659167625,0.0,0.0,0.0,0.0,0.06432825659167625,0.0,1.1571836568597367,0.27,0.06
1445,0.057794918031584,0.0,0.0,0.0,0.0,0.057794918031584,0.0,1.1419744679040567,0.27,0.06
1446,0.057794918031584,0.0,0.0,0.0,0.0,0.057794918031584,0.0,1.1267652789483766,0.27,0.06
1447,0.066338514610166,0.0,0.066338514610166,0.0,0.0,0.0,0.0,1.1267652789483769,0.27,0.06
1448,0.066338514610166,0.0,0.066338514610166,0.0,0.0,0.0,0.0,1.1267652789483769,0.27,0.06
1449,0.03920003136055275,0.0,0.0,0.0,0.0,0.03920003136055275,0.0,1.1164494812219157,0.27,0.06
1450,0.03920003136055275,0.0,0.0,0.0,0.0,0.03920003136055275,0.0,1.1061336834954545,0.27,0.06
1451,0.041712853883665,0.0,0.04171285388366375,0.0,0.0,1.4370449274991872e-15,0.0,1.106133683495454,0.27,0.06
1452,0.041712853883665,0.0,0.041712853883665,0.0,0.0,0.0,0.0,1.106133683495454,0.27,0.06
1453,0.07136415965639074,0.0,0.07136415965639074,0.0,0.0,0.0,0.0,1.106133683495454,0.27,0.06
1454,0.07136415965639074,0.0,0.07136415965639074,0.0,0.0,0.0,0.0,1.106133683495454,0.27,0.06
1455,0.1447385773312715,0.0,0.1447385773312715,0.0,0.0,0.0,0.0,1.106133683495454,0.27,0.06
1456,0.1447385773312715,0.0,0.1447385773312715,0.0,0.0,0.0,0.0,1.106133683495454,0.27,0.06
1457,0.127148819669485,0.0,0.127148819669485,0.0,0.0,0.0,0.0,1.106133683495454,0.27,0.06
1458,0.127148819669485,0.0,0.127148819669485,0.0,0.0,0.0,0.0,1.106133683495454,0.27,0.06
1459,0.20454375338134526,0.0,0.20454375338134526,0.0,0.0,0.0,0.0,1.106133683495454,0.27,0.06
1460,0.20454375338134526,0.0,0.20454375338134526,0.0,0.0,0.0,0.0,1.106133683495454,0.27,0.06
1461,0.108051368493831,0.0,0.108051368493831,0.0,0.0,0.0,0.0,1.106133683495454,0.27,0.06
1462,0.108051368493831,0.0,0.108051368493831,0.0,0.0,0.0,0.0,1.106133683495454,0.27,0.06
1463,0.117600094081658,0.0,0.117600094081658,0.0,0.0,0.0,0.0,1.106133683495454,0.27,0.06
1464,0.117600094081658,0.0,0.117600094081658,0.0,0.0,0.0,0.0,1.106133683495454,0.27,0.06
1465,0.15579499643296574,0.0,0.15579499643296574,0.0,0.0,0.0,0.0,1.106133683495454,0.27,0.06
1466,0.15579499643296574,0.0,0.15579499643296574,0.0,0.0,0.0,0.0,1.106133683495454,0.27,0.06
1467,0.10754880398920875,0.0,0.10754880398920875,0.0,0.0,0.0,0.0,1.106133683495454,0.27,0.06
1468,0.10754880398920875,0.0,0.10754880398920875,0.0,0.0,0.0,0.0,1.106133683495454,0.27,0.06
1469,0.2608309778990625,0.0,0.2608309778990625,0.0,0.0,0.0,0.0,1.106133683495454,0.27,0.06
1470,0.2608309778990625,0.0,0.2608309778990625,0.0,0.0,0.0,0.0,1.106133683495454,0.27,0.06
1471,0.1331795937249545,0.0,0.1331795937249545,0.0,0.0,0.0,0.0,1.106133683495454,0.27,0.06
1472,0.1331795937249545,0.0,0.1331795937249545,0.0,0.0,0.0,0.0,1.106133683495454,0.27,0.06
1473,0.0904616108320445,0.0,0.0904616108320445,0.0,0.0,0.0,0.0,1.106133683495454,0.27,0.06
1474,0.0904616108320445,0.0,0.0904616108320445,0.0,0.0,0.0,0.0,1.106133683495454,0.27,0.06
1475,0.09548725587826926,0.0,0.09548725587826926,0.0,0.0,0.0,0.0,1.106133683495454,0.27,0.06
1476,0.09548725587826926,0.0,0.09548725587826926,0.0,0.0,0.0,0.0,1.106133683495454,0.27,0.06
1477,0.1276513841741075,0.04511837620058387,0.08253300797352364,0.0,0.0,0.0,0.0,1.106133683495454,0.27,0.06
1478,0.1276513841741075,0.023604376005333605,0.10404700816877391,0.0,0.0,0.0,0.0,1.106133683495454,0.27,0.06
1479,0.0944821268690245,0.0,0.0944821268690245,0.0,0.0,0.0,0.0,1.106133683495454,0.27,0.06
1480,0.0944821268690245,0.09448212686902435,-0.0,0.0,0.0,0.0,0.0,1.106133683495454,0.27,0.06
1481,0.09598982038289175,0.09598982038289175,0.0,0.0,0.0,0.0,0.0,1.106133683495454,0.27,0.06
1482,0.09598982038289175,0.09598982038289175,0.0,0.0,0.0,0.0,0.0,1.106133683495454,0.27,0.06
1483,0.12915907768797474,0.12915907768797474,0.0,0.0,0.0,0.0,0.0,1.106133683495454,0.27,0.06
1484,0.12915907768797474,0.12915907768797474,0.0,0.0,0.0,0.0,0.0,1.106133683495454,0.27,0.06
1485,0.0678462081240335,0.0678462081240335,0.0,0.0,0.0,0.0,0.0,1.106133683495454,0.27,0.06
1486,0.0678462081240335,0.0678462081240335,0.0,0.0,0.0,0.0,0.0,1.106133683495454,0.27,0.06
1487,1.6323294607573324,0.044063361049912236,1.5882660997074203,0.0,0.0,0.0,0.0,1.106133683495454,0.27,0.06
1488,1.6323294607573324,0.06898319657969648,1.563346264177636,0.0,0.0,0.0,0.0,1.106133683495454,0.27,0.06
1489,1.644893623629345,0.5176452880873299,1.127248335542015,0.0,0.0,0.0,0.0,1.106133683495454,0.27,0.06
1490,1.644893623629345,0.0,1.644893623629345,0.0,0.0,0.0,0.0,1.106133683495454,0.27,0.06
1491,1.66399112506145,0.0,1.66399112506145,0.0,0.0,0.0,0.0,1.106133683495454,0.27,0.06
1492,1.66399112506145,0.23696674637569493,1.427024378685755,0.0,0.0,0.0,0.0,1.106133683495454,0.27,0.06
1493,1.1920830049645,0.0,1.1920830049645,0.0,0.0,0.0,0.0,1.106133683495454,0.27,0.06
1494,1.1920830049645,0.0,1.1920830049645,0.0,0.0,0.0,0.0,1.106133683495454,0.27,0.06
1495,1.1408214254930076,-0.0,1.1408214254930076,0.0,0.0,0.0,0.0,1.106133683495454,0.27,0.06
1496,1.1408214254930076,0.02034739319956642,1.1204740322934412,0.0,0.0,0.0,0.0,1.106133683495454,0.27,0.06
1497,1.4267806286231925,0.16659130155266932,1.2601893270705231,0.0,0.0,0.0,0.0,1.106133683495454,0.27,0.06
1498,1.4267806286231925,0.0,1.4267806286231925,0.0,0.0,0.0,0.0,1.106133683495454,0.27,0.06
1499,1.221734310737225,0.12032175440669102,1.101412556330534,0.0,0.0,0.0,0.0,1.106133683495454,0.27,0.06
1500,1.221734310737225,-0.0,1.221734310737225,0.0,0.0,0.0,0.0,1.106133683495454,0.27,0.06
1501,1.252390795775645,0.0,1.252390795775645,0.0,0.0,0.0,0.0,1.106133683495454,0.27,0.06
1502,1.252390795775645,0.0,1.252390795775645,0.0,0.0,0.0,0.0,1.106133683495454,0.27,0.06
1503,1.3373241468003925,0.0,1.3373241468003925,0.0,0.0,0.0,0.0,1.106133683495454,0.27,0.06
1504,1.3373241468003925,0.0,1.3373241468003925,0.0,0.0,0.0,0.0,1.106133683495454,0.27,0.06
1505,1.103631702407395,0.0,1.103631702407395,0.0,0.0,0.0,0.0,1.106133683495454,0.27,0.06
1506,1.103631702407395,0.0,1.103631702407395,0.0,0.0,0.0,0.0,1.106133683495454,0.27,0.06
1507,0.8186775277735525,0.0,0.8186775277735525,0.0,0.0,0.0,0.0,1.106133683495454,0.27,0.06
1508,0.8186775277735525,0.0,0.8186775277735525,0.0,0.0,0.0,0.0,1.106133683495454,0.27,0.06
1509,1.10664698892223,0.0,1.10664698892223,0.0,0.0,0.0,0.0,1.106133683495454,0.27,0.06
1510,1.10664698892223,0.0,1.10664698892223,0.0,0.0,0.0,0.0,1.106133683495454,0.27,0.06
1511,0.837272464701035,0.0,0.837272464701035,0.0,0.0,0.0,0.0,1.106133683495454,0.27,0.06
1512,0.837272464701035,0.0,0.837272464701035,0.0,0.0,0.0,0.0,1.106133683495454,0.27,0.06
1513,0.8216929650577375,0.0,0.8216929650577375,0.0,0.0,0.0,0.0,1.1061336834954543,0.27,0.06
1514,0.8216929650577375,0.0,0.8216929650577375,0.0,0.0,0.0,0.0,1.1061336834954543,0.27,0.06
1515,0.07236928866563574,0.0,0.07236928866563586,0.0,0.0,0.0,0.0,1.1061336834954543,0.27,0.06
1516,0.07236928866563574,0.0,0.07236928866563463,0.0,0.0,8.43769498715119e-16,0.0,1.106133683495454,0.27,0.06
1517,0.143230883817404,0.0,0.143230883817404,0.0,0.0,0.0,0.0,1.1061336834954543,0.27,0.06
1518,0.143230883817404,0.0,0.14323088381740323,0.0,0.0,8.43769498715119e-16,0.0,1.106133683495454,0.27,0.06
1519,0.11508727155854576,0.0,0.11508727155854576,0.0,0.0,0.0,0.0,1.106133683495454,0.27,0.06
1520,0.11508727155854576,0.0,0.11508727155854576,0.0,0.0,0.0,0.0,1.106133683495454,0.27,0.06
1521,0.1598155124699455,0.0,0.1598155124699455,0.0,0.0,0.0,0.0,1.106133683495454,0.27,0.06
1522,0.1598155124699455,0.0,0.1598155124699455,0.0,0.0,0.0,0.0,1.106133683495454,0.27,0.06
1523,0.14624627084513875,0.0,0.14624627084513875,0.0,0.0,0.0,0.0,1.106133683495454,0.27,0.06
1524,0.14624627084513875,0.0,0.14624627084513875,0.0,0.0,0.0,0.0,1.106133683495454,0.27,0.06
1525,0.0763898047026155,0.0,0.0763898047026155,0.0,0.0,0.0,0.0,1.1061336834954543,0.27,0.06
1526,0.0763898047026155,0.0,0.0763898047026155,0.0,0.0,0.0,0.0,1.1061336834954543,0.27,0.06
1527,0.05427696649922675,0.0,0.0542769664992262,0.0,0.0,8.43769498715119e-16,0.0,1.106133683495454,0.27,0.06
1528,0.05427696649922675,0.0,0.05427696649922675,0.0,0.0,0.0,0.0,1.106133683495454,0.27,0.06
1529,0.065333385600921,0.0,0.065333385600921,0.0,0.0,0.0,0.0,1.1061336834954543,0.27,0.06
1530,0.065333385600921,0.0,0.06533338560091995,0.0,0.0,8.43769498715119e-16,0.0,1.106133683495454,0.27,0.06
1531,0.10403085245685124,0.0,0.10403085245685124,0.0,0.0,0.0,0.0,1.106133683495454,0.27,0.06
1532,0.10403085245685124,0.0,0.10403085245685124,0.0,0.0,0.0,0.0,1.106133683495454,0.27,0.06
1533,0.1341847227341995,0.0,0.1341847227341995,0.0,0.0,0.0,0.0,1.106133683495454,0.27,0.06
1534,0.1341847227341995,0.0,0.1341847227341995,0.0,0.0,0.0,0.0,1.106133683495454,0.27,0.06
1535,0.13167190021108724,0.0,0.13167190021108724,0.0,0.0,0.0,0.0,1.106133683495454,0.27,0.06
1536,0.13167190021108724,0.0,0.13167190021108724,0.0,0.0,0.0,0.0,1.106133683495454,0.27,0.06
1537,0.091969304345912,0.0,0.091969304345912,0.0,0.0,0.0,0.0,1.106133683495454,0.27,0.06
1538,0.091969304345912,0.0,0.091969304345912,0.0,0.0,0.0,0.0,1.1061336834954543,0.27,0.06
1539,0.09749751389675924,0.0,0.09749751389675805,0.0,0.0,8.43769498715119e-16,0.0,1.106133683495454,0.27,0.06
1540,0.09749751389675924,0.0,0.09749751389675924,0.0,0.0,0.0,0.0,1.106133683495454,0.27,0.06
1541,0.067343643619411,0.0,0.067343643619411,0.0,0.0,0.0,0.0,1.1061336834954543,0.27,0.06
1542,0.067343643619411,0.0,0.067343643619411,0.0,0.0,0.0,0.0,1.1061336834954543,0.27,0.06
1543,0.07990775623497275,0.0,0.07990775623497193,0.0,0.0,8.43769498715119e-16,0.0,1.106133683495454,0.27,0.06
1544,0.07990775623497275,0.0,0.07990775623497275,0.0,0.0,0.0,0.0,1.106133683495454,0.27,0.06
1545,0.068348772628656,0.0,0.068348772628656,0.0,0.0,0.0,0.0,1.106133683495454,0.27,0.06
1546,0.068348772628656,0.0,0.068348772628656,0.0,0.0,0.0,0.0,1.106133683495454,0.27,0.06
1547,0.0603077405546965,0.0,0.0603077405546965,0.0,0.0,0.0,0.0,1.106133683495454,0.27,0.06
1548,0.0603077405546965,0.0,0.0,0.0,0.0,0.0603077405546965,0.0,1.0902632254547446,0.27,0.06
1549,0.08945648182279975,0.0,0.08945648182279975,0.0,0.0,0.0,0.0,1.0902632254547446,0.27,0.06
1550,0.08945648182279975,0.0,0.08945648182279975,0.0,0.0,0.0,0.0,1.0902632254547446,0.27,0.06
1551,0.0773949337118605,0.0,0.0773949337118605,0.0,0.0,0.0,0.0,1.0902632254547446,0.27,0.06
1552,0.0773949337118605,0.0,0.0773949337118605,0.0,0.0,0.0,0.0,1.0902632254547446,0.27,0.06
1553,0.067343643619411,0.0,0.06734364361941099,0.0,0.0,0.0,0.0,1.0902632254547446,0.27,0.06
1554,0.067343643619411,0.0,0.06734364361941125,0.0,0.0,0.0,0.0,1.0902632254547446,0.27,0.06
1555,0.0572923535269615,0.0,0.057292353526961826,0.0,0.0,0.0,0.0,1.0902632254547446,0.27,0.06
1556,0.0572923535269615,0.0,0.057292353526961826,0.0,0.0,0.0,0.0,1.0902632254547446,0.27,0.06
1557,0.073876982179503,0.0,0.073876982179503,0.0,0.0,0.0,0.0,1.0902632254547446,0.27,0.06
1558,0.073876982179503,0.0,0.073876982179503,0.0,0.0,0.0,0.0,1.0902632254547446,0.27,0.06
1559,0.102523158942984,0.0,0.102523158942984,0.0,0.0,0.0,0.0,1.0902632254547446,0.27,0.06
1560,0.102523158942984,0.0,0.102523158942984,0.0,0.0,0.0,0.0,1.0902632254547446,0.27,0.06
1561,0.18243091517795676,0.0,0.18243091517795676,0.0,0.0,0.0,0.0,1.0902632254547446,0.27,0.06
1562,0.18243091517795676,0.0,0.18243091517795676,0.0,0.0,0.0,0.0,1.0902632254547446,0.27,0.06
1563,0.348779766207995,0.0,0.348779766207995,0.0,0.0,0.0,0.0,1.0902632254547446,0.27,0.06
1564,0.348779766207995,0.0,0.348779766207995,0.0,0.0,0.0,0.0,1.0902632254547446,0.27,0.06
1565,0.1417231903035365,0.0,0.1417231903035365,0.0,0.0,0.0,0.0,1.0902632254547446,0.27,0.06
1566,0.1417231903035365,0.0,0.1417231903035363,0.0,0.0,0.0,0.0,1.0902632254547446,0.27,0.06
1567,0.672431357441315,0.0,0.6724313574413152,0.0,0.0,0.0,0.0,1.0902632254547446,0.27,0.06
1568,0.672431357441315,0.0,0.672431357441315,0.0,0.0,0.0,0.0,1.0902632254547446,0.27,0.06
1569,0.16685141553466026,0.0,0.16685141553466026,0.0,0.0,0.0,0.0,1.0902632254547446,0.27,0.06
1570,0.16685141553466026,0.0,0.16685141553466026,0.0,0.0,0.0,0.0,1.0902632254547446,0.27,0.06
1571,0.1010154654291165,0.1010154654291165,0.0,0.0,0.0,0.0,0.0,1.0902632254547446,0.27,0.06
1572,0.1010154654291165,0.06007654805728399,0.0,0.0,0.0,0.040938917371832514,0.0,1.0794898261463675,0.27,0.06
1573,0.08794878830893225,0.08794878830893225,0.0,0.0,0.0,0.0,0.0,1.0794898261463675,0.27,0.06
1574,0.08794878830893225,0.08794878830893225,0.0,0.0,0.0,0.0,0.0,1.0794898261463675,0.27,0.06
1575,0.1170975295770355,0.10886017286397547,0.0,0.0,0.0,0.008237356713060024,0.0,1.0773221006955622,0.27,0.06
1576,0.1170975295770355,0.1170975295770355,0.0,0.0,0.0,0.0,0.0,1.0773221006955622,0.27,0.06
1577,0.07086159515176825,0.07086159515176825,0.0,0.0,0.0,0.0,0.0,1.0773221006955622,0.27,0.06
1578,0.07086159515176825,0.07086159515176825,0.0,0.0,0.0,0.0,0.0,1.0773221006955622,0.27,0.06
1579,0.07136415965639074,0.07136415965639031,-0.0,0.0,0.0,0.0,0.0,1.0773221006955622,0.27,0.06
1580,0.07136415965639074,0.07136415965639074,0.0,0.0,0.0,0.0,0.0,1.0773221006955622,0.27,0.06
1581,0.10302572344760624,0.10302572344760624,0.0,0.0,0.0,0.0,0.0,1.0773221006955622,0.27,0.06
1582,0.10302572344760624,0.10302572344760624,0.0,0.0,0.0,0.0,0.0,1.0773221006955622,0.27,0.06
1583,1.02322133141135,1.023221331411351,0.0,0.0,0.0,-0.0,0.0,1.0773221006955622,0.27,0.06
1584,1.02322133141135,1.02322133141135,0.0,0.0,0.0,0.0,0.0,1.0773221006955622,0.27,0.06
1585,1.0197033798789925,1.0197033798789925,0.0,0.0,0.0,0.0,0.0,1.0773221006955622,0.27,0.06
1586,1.0197033798789925,1.0197033798789925,0.0,0.0,0.0,0.0,0.0,1.0773221006955622,0.27,0.06
1587,1.0116623478050324,1.0116623478050324,0.0,0.0,0.0,0.0,0.0,1.0773221006955622,0.27,0.06
1588,1.0116623478050324,1.0116623478050324,0.0,0.0,0.0,0.0,0.0,1.0773221006955622,0.27,0.06
1589,0.81566219100227,0.81566219100227,0.0,0.0,0.0,0.0,0.0,1.0773221006955622,0.27,0.06
1590,0.81566219100227,0.81566219100227,0.0,0.0,0.0,0.0,0.0,1.0773221006955622,0.27,0.06
1591,0.4186362323505175,0.4186362323505175,0.0,0.0,0.0,0.0,0.0,1.0773221006955622,0.27,0.06
1592,0.4186362323505175,0.7105135456752298,0.0,0.0,0.29187731332471234,0.0,0.0,1.1466429626101815,0.27,0.06
1593,0.6241851147411075,0.3419327917830206,0.2822523229580869,0.0,0.0,0.0,0.0,1.1466429626101815,0.27,0.06
1594,0.6241851147411075,0.006161209913556842,0.6180239048275507,0.0,0.0,0.0,0.0,1.1466429626101815,0.27,0.06
1595,0.4633644732619175,0.4633644732619175,0.0,0.0,0.0,0.0,0.0,1.1466429626101815,0.27,0.06
1596,0.4633644732619175,0.4633644732619175,0.0,0.0,0.0,0.0,0.0,1.1466429626101815,0.27,0.06
1597,0.48849269849304,0.48849269849304,0.0,0.0,0.0,0.0,0.0,1.1466429626101815,0.27,0.06
1598,0.48849269849304,0.48849269849304,0.0,0.0,0.0,0.0,0.0,1.1466429626101815,0.27,0.06
1599,0.617651776181015,0.17498991923099416,0.4426618569500208,0.0,0.0,0.0,0.0,1.1466429626101815,0.27,0.06
1600,0.617651776181015,0.4638078479659258,0.1538439282150892,0.0,0.0,0.0,0.0,1.1466429626101815,0.27,0.06
1601,0.46185677974805,0.4618567797480502,-0.0,0.0,0.0,0.0,0.0,1.1466429626101815,0.27,0.06
1602,0.46185677974805,0.19596815572524479,0.2658886240228052,0.0,0.0,0.0,0.0,1.1466429626101815,0.27,0.06
1603,0.4804516664190825,-0.0,0.4804516664190825,0.0,0.0,0.0,0.0,1.1466429626101815,0.27,0.06
1604,0.4804516664190825,0.0,0.4804516664190825,0.0,0.0,0.0,0.0,1.1466429626101813,0.27,0.06
1605,0.6161440826671475,-0.0,0.6161440826671475,0.0,0.0,0.0,0.0,1.1466429626101813,0.27,0.06
1606,0.6161440826671475,0.0,0.6161440826671485,0.0,0.0,-8.43769498715119e-16,0.0,1.1466429626101815,0.27,0.06
1607,0.3482772017033725,-0.0,0.3482772017033726,0.0,0.0,0.0,0.0,1.1466429626101815,0.27,0.06
1608,0.3482772017033725,0.0,0.3482772017033725,0.0,0.0,0.0,0.0,1.1466429626101815,0.27,0.06
1609,0.13921036778042425,0.0,0.13921036778042425,0.0,0.0,0.0,0.0,1.1466429626101815,0.27,0.06
1610,0.13921036778042425,0.0,0.13921036778042425,0.0,0.0,0.0,0.0,1.1466429626101815,0.27,0.06
1611,0.10754880398920875,0.0,0.10754880398920875,0.0,0.0,0.0,0.0,1.1466429626101815,0.27,0.06
1612,0.10754880398920875,0.0,0.10754880398920875,0.0,0.0,0.0,0.0,1.1466429626101815,0.27,0.06
1613,0.14926165787287374,0.0,0.14926165787287374,0.0,0.0,0.0,0.0,1.1466429626101815,0.27,0.06
1614,0.14926165787287374,0.0,0.14926165787287374,0.0,0.0,0.0,0.0,1.1466429626101815,0.27,0.06
1615,0.161323205983813,0.0,0.161323205983813,0.0,0.0,0.0,0.0,1.1466429626101815,0.27,0.06
1616,0.161323205983813,0.0,0.161323205983813,0.0,0.0,0.0,0.0,1.1466429626101815,0.27,0.06
1617,0.12162061011863776,0.0,0.12162061011863776,0.0,0.0,0.0,0.0,1.1466429626101815,0.27,0.06
1618,0.12162061011863776,0.0,0.12162061011863776,0.0,0.0,0.0,0.0,1.1466429626101815,0.27,0.06
1619,0.125138561650995,0.0,0.125138561650995,0.0,0.0,0.0,0.0,1.1466429626101815,0.27,0.06
1620,0.125138561650995,0.0,0.125138561650995,0.0,0.0,0.0,0.0,1.1466429626101815,0.27,0.06
1621,0.1170975295770355,0.0,0.1170975295770355,0.0,0.0,0.0,0.0,1.1466429626101815,0.27,0.06
1622,0.1170975295770355,0.0,0.1170975295770355,0.0,0.0,0.0,0.0,1.1466429626101815,0.27,0.06
1623,0.0582974825362065,0.0,0.0582974825362065,0.0,0.0,0.0,0.0,1.1466429626101815,0.27,0.06
1624,0.0582974825362065,0.0,0.0582974825362065,0.0,0.0,0.0,0.0,1.1466429626101815,0.27,0.06
1625,0.05327183748998175,0.0,0.05327183748998175,0.0,0.0,0.0,0.0,1.1466429626101815,0.27,0.06
1626,0.05327183748998175,0.0,0.05327183748998175,0.0,0.0,0.0,0.0,1.1466429626101815,0.27,0.06
1627,0.108051368493831,0.0,0.108051368493831,0.0,0.0,0.0,0.0,1.1466429626101815,0.27,0.06
1628,0.108051368493831,0.0,0.108051368493831,0.0,0.0,0.0,0.0,1.1466429626101815,0.27,0.06
1629,0.1256411261556175,0.0,0.1256411261556175,0.0,0.0,0.0,0.0,1.1466429626101815,0.27,0.06
1630,0.1256411261556175,0.0,0.1256411261556175,0.0,0.0,0.0,0.0,1.1466429626101815,0.27,0.06
1631,0.3824515880177,0.0,0.38245158801769996,0.0,0.0,5.551115123125783e-17,0.0,1.1466429626101813,0.27,0.06
1632,0.3824515880177,0.0,0.3824515880177,0.0,0.0,0.0,0.0,1.1466429626101813,0.27,0.06
1633,0.3332002665646975,0.0,0.3332002665646975,0.0,0.0,0.0,0.0,1.1466429626101813,0.27,0.06
1634,0.3332002665646975,0.0,0.3332002665646975,0.0,0.0,0.0,0.0,1.1466429626101813,0.27,0.06
1635,0.10654367497996375,0.0,0.10654367497996375,0.0,0.0,0.0,0.0,1.1466429626101813,0.27,0.06
1636,0.10654367497996375,0.0,0.10654367497996375,0.0,0.0,0.0,0.0,1.1466429626101813,0.27,0.06
1637,0.08694365929968725,0.0,0.08694365929968725,0.0,0.0,0.0,0.0,1.1466429626101813,0.27,0.06
1638,0.08694365929968725,0.0,0.08694365929968725,0.0,0.0,0.0,0.0,1.1466429626101813,0.27,0.06
1639,0.07789749821648274,0.0,0.07789749821648274,0.0,0.0,0.0,0.0,1.1466429626101813,0.27,0.06
1640,0.07789749821648274,0.0,0.07789749821648274,0.0,0.0,0.0,0.0,1.1466429626101813,0.27,0.06
1641,0.05327183748998175,0.0,0.05327183748998175,0.0,0.0,0.0,0.0,1.1466429626101813,0.27,0.06
1642,0.05327183748998175,0.0,0.05327183748998175,0.0,0.0,0.0,0.0,1.1466429626101813,0.27,0.06
1643,0.0517641439761145,0.0,0.0517641439761145,0.0,0.0,0.0,0.0,1.1466429626101813,0.27,0.06
1644,0.0517641439761145,0.0,0.0517641439761145,0.0,0.0,0.0,0.0,1.1466429626101813,0.27,0.06
1645,0.035179515323573,0.0,0.0,0.0,0.0,0.035179515323573,0.0,1.1373851954197673,0.27,0.06
1646,0.035179515323573,0.0,0.0,0.0,0.0,0.035179515323573,0.0,1.1281274282293534,0.27,0.06
1647,0.041712853883665,0.0,0.0,0.0,0.0,0.041712853883665,0.0,1.1171503614178626,0.27,0.06
1648,0.041712853883665,0.0,0.0,0.0,0.0,0.041712853883665,0.0,1.1061732946063718,0.27,0.06
1649,0.05628722451771675,0.0,0.05628722451771675,0.0,0.0,0.0,0.0,1.1061732946063718,0.27,0.06
1650,0.05628722451771675,0.0,0.05628722451771675,0.0,0.0,0.0,0.0,1.1061732946063718,0.27,0.06
1651,0.06131286956394125,0.0,0.06131286956394125,0.0,0.0,0.0,0.0,1.1061732946063718,0.27,0.06
1652,0.06131286956394125,0.0,0.06131286956394125,0.0,0.0,0.0,0.0,1.1061732946063718,0.27,0.06
1653,0.07890262722572775,0.0,0.07890262722572775,0.0,0.0,0.0,0.0,1.106173294606372,0.27,0.06
1654,0.07890262722572775,0.0,0.07890262722572775,0.0,0.0,0.0,0.0,1.106173294606372,0.27,0.06
1655,0.033169257305083,0.0,0.033169257305081995,0.0,0.0,8.43769498715119e-16,0.0,1.1061732946063718,0.27,0.06
1656,0.033169257305083,0.0,0.033169257305083,0.0,0.0,0.0,0.0,1.106173294606372,0.27,0.06
1657,0.0422154183882875,0.0,0.04221541838828724,0.0,0.0,8.43769498715119e-16,0.0,1.1061732946063718,0.27,0.06
1658,0.0422154183882875,0.0,0.0,0.0,0.0,0.0422154183882875,0.0,1.0950639739778751,0.27,0.06
1659,0.10352828795222875,0.0,0.10352828795222875,0.0,0.0,0.0,0.0,1.0950639739778751,0.27,0.06
1660,0.10352828795222875,0.0,0.10352828795222875,0.0,0.0,0.0,0.0,1.0950639739778751,0.27,0.06
1661,0.21610273698766225,0.0,0.21610273698766225,0.0,0.0,0.0,0.0,1.0950639739778751,0.27,0.06
1662,0.21610273698766225,0.0,0.21610273698766225,0.0,0.0,0.0,0.0,1.0950639739778751,0.27,0.06
1663,0.178410399140977,0.0,0.178410399140977,0.0,0.0,0.0,0.0,1.0950639739778751,0.27,0.06
1664,0.178410399140977,0.0,0.178410399140977,0.0,0.0,0.0,0.0,1.0950639739778751,0.27,0.06
1665,0.12212317462326025,0.0,0.12212317462326025,0.0,0.0,0.0,0.0,1.0950639739778751,0.27,0.06
1666,0.12212317462326025,-0.0,0.12212317462326025,0.0,0.0,0.0,0.0,1.0950639739778751,0.27,0.06
1667,0.20806170491370274,-0.0,0.20806170491370274,0.0,0.0,0.0,0.0,1.0950639739778751,0.27,0.06
1668,0.20806170491370274,0.0,0.20806170491370274,0.0,0.0,0.0,0.0,1.0950639739778751,0.27,0.06
1669,0.08694365929968725,0.08694365929968895,-0.0,0.0,0.0,0.0,0.0,1.0950639739778751,0.27,0.06
1670,0.08694365929968725,0.0,-0.0,0.0,0.0,0.08694365929968725,0.0,1.0721840636358522,0.27,0.06
1671,0.0507590149668695,0.0507590149668695,0.0,0.0,0.0,0.0,0.0,1.0721840636358522,0.27,0.06
1672,0.0507590149668695,0.04587551316701225,0.0,0.0,0.0,0.004883501799857248,0.0,1.0708989315832582,0.27,0.06
1673,0.07287185317025825,0.07287185317025825,0.0,0.0,0.0,0.0,0.0,1.0708989315832582,0.27,0.06
1674,0.07287185317025825,0.07287185317025825,0.0,0.0,0.0,0.0,0.0,1.0708989315832582,0.27,0.06
1675,0.0678462081240335,0.0678462081240335,0.0,0.0,0.0,0.0,0.0,1.0708989315832582,0.27,0.06
1676,0.0678462081240335,0.0678462081240335,0.0,0.0,0.0,0.0,0.0,1.0708989315832582,0.27,0.06
1677,0.05477953100384925,0.05477953100384925,0.0,0.0,0.0,0.0,0.0,1.0708989315832582,0.27,0.06
1678,0.05477953100384925,0.05477953100384925,0.0,0.0,0.0,0.0,0.0,1.0708989315832582,0.27,0.06
1679,0.98452386455542,-0.0,0.98452386455542,0.0,0.0,0.0,0.0,1.0708989315832582,0.27,0.06
1680,0.98452386455542,0.036370302209930705,0.9481535623454893,0.0,0.0,0.0,0.0,1.0708989315832582,0.27,0.06
1681,0.98653417283036,0.0,0.98653417283036,0.0,0.0,0.0,0.0,1.0708989315832582,0.27,0.06
1682,0.98653417283036,0.0,0.98653417283036,0.0,0.0,0.0,0.0,1.0708989315832582,0.27,0.06
1683,0.841292980738015,0.0,0.841292980738015,0.0,0.0,0.0,0.0,1.0708989315832582,0.27,0.06
1684,0.841292980738015,0.0,0.841292980738015,0.0,0.0,0.0,0.0,1.0708989315832582,0.27,0.06
1685,0.44376445758164,0.44376445758164,0.0,0.0,0.0,0.0,0.0,1.0708989315832582,0.27,0.06
1686,0.44376445758164,0.17378261597925493,0.2699818416023851,0.0,0.0,0.0,0.0,1.0708989315832582,0.27,0.06
1687,0.5568414711216975,0.006660606247111955,0.5501808648745855,0.0,0.0,0.0,0.0,1.0708989315832582,0.27,0.06
1688,0.5568414711216975,0.519436157888592,0.0,0.0,-0.0,0.037405313233103143,0.0,1.0610554281008626,0.27,0.06
1689,0.4900003920069075,0.4900003920069075,0.0,0.0,0.0,0.0,0.0,1.0610554281008626,0.27,0.06
1690,0.4900003920069075,0.4900003920069075,0.0,0.0,0.0,0.0,0.0,1.0610554281008626,0.27,0.06
1691,0.454820876683335,0.454820876683335,-0.0,0.0,0.0,0.0,0.0,1.0610554281008626,0.27,0.06
1692,0.454820876683335,0.0,0.454820876683335,0.0,0.0,0.0,0.0,1.0610554281008626,0.27,0.06
1693,0.6005646332803025,-0.0,0.6005646332803025,0.0,0.0,0.0,0.0,1.0610554281008626,0.27,0.06
1694,0.6005646332803025,0.0,0.6005646332803025,0.0,0.0,0.0,0.0,1.0610554281008626,0.27,0.06
1695,0.470902940831255,-0.0,0.470902940831255,0.0,0.0,0.0,0.0,1.0610554281008626,0.27,0.06
1696,0.470902940831255,-0.0,0.47090294083125483,0.0,0.0,0.0,0.0,1.0610554281008626,0.27,0.06
1697,0.116594965072413,0.116594965072413,0.0,0.0,0.0,0.0,0.0,1.0610554281008626,0.27,0.06
1698,0.116594965072413,0.116594965072413,0.0,0.0,0.0,0.0,0.0,1.0610554281008626,0.27,0.06
1699,0.383456717026945,0.0016909793215508784,0.3817657377053941,0.0,0.0,0.0,0.0,1.0610554281008626,0.27,0.06
1700,0.383456717026945,0.0,0.383456717026945,0.0,0.0,0.0,0.0,1.0610554281008626,0.27,0.06
1701,0.12262573912788274,0.0,0.12262573912788274,0.0,0.0,0.0,0.0,1.0610554281008626,0.27,0.06
1702,0.12262573912788274,-0.0,0.12262573912788274,0.0,0.0,0.0,0.0,1.0610554281008626,0.27,0.06
1703,0.150769351386741,0.0,0.150769351386741,0.0,0.0,0.0,0.0,1.0610554281008626,0.27,0.06
1704,0.150769351386741,0.0,0.15076935138674097,0.0,0.0,0.0,0.0,1.0610554281008626,0.27,0.06
1705,0.332697702060075,0.0,0.332697702060075,0.0,0.0,0.0,0.0,1.0610554281008626,0.27,0.06
1706,0.332697702060075,0.0,0.332697702060075,0.0,0.0,0.0,0.0,1.0610554281008626,0.27,0.06
1707,0.03769233784668525,0.0,0.03769233784668513,0.0,0.0,0.0,0.0,1.0610554281008626,0.27,0.06
1708,0.03769233784668525,0.0,0.03769233784668513,0.0,0.0,0.0,0.0,1.0610554281008626,0.27,0.06
1709,0.08342570776733,0.0,0.08342570776733,0.0,0.0,0.0,0.0,1.0610554281008626,0.27,0.06
1710,0.08342570776733,0.0,0.08342570776733,0.0,0.0,0.0,0.0,1.0610554281008626,0.27,0.06
1711,0.127148819669485,0.0,0.127148819669485,0.0,0.0,0.0,0.0,1.0610554281008626,0.27,0.06
1712,0.127148819669485,0.0,0.127148819669485,0.0,0.0,0.0,0.0,1.0610554281008626,0.27,0.06
1713,0.1618257704884355,0.0,0.1618257704884355,0.0,0.0,0.0,0.0,1.0610554281008626,0.27,0.06
1714,0.1618257704884355,0.0,0.1618257704884355,0.0,0.0,0.0,0.0,1.0610554281008626,0.27,0.06
1715,0.13921036778042425,0.0,0.13921036778042425,0.0,0.0,0.0,0.0,1.0610554281008626,0.27,0.06
1716,0.13921036778042425,0.0,0.13921036778042425,0.0,0.0,0.0,0.0,1.0610554281008626,0.27,0.06
1717,0.11458470705392325,0.0,0.11458470705392317,0.0,0.0,0.0,0.0,1.0610554281008626,0.27,0.06
1718,0.11458470705392325,0.0,0.11458470705392325,0.0,0.0,0.0,0.0,1.0610554281008626,0.27,0.06
1719,0.1160924005677905,0.0,0.11609240056779058,0.0,0.0,0.0,0.0,1.0610554281008626,0.27,0.06
1720,0.1160924005677905,0.0,0.11609240056779058,0.0,0.0,0.0,0.0,1.0610554281008626,0.27,0.06
1721,0.19650272130738575,0.0,0.19650272130738555,0.0,0.0,0.0,0.0,1.0610554281008626,0.27,0.06
1722,0.19650272130738575,0.0,0.19650272130738575,0.0,0.0,0.0,0.0,1.0610554281008626,0.27,0.06
1723,0.176400141122487,0.0,0.176400141122487,0.0,0.0,0.0,0.0,1.0610554281008626,0.27,0.06
1724,0.176400141122487,0.0,0.176400141122487,0.0,0.0,0.0,0.0,1.0610554281008626,0.27,0.06
1725,0.12312830363250525,0.0,0.12312830363250525,0.0,0.0,0.0,0.0,1.0610554281008626,0.27,0.06
1726,0.12312830363250525,0.0,0.12312830363250525,0.0,0.0,0.0,0.0,1.0610554281008626,0.27,0.06
1727,0.11508727155854576,0.0,0.11508727155854576,0.0,0.0,0.0,0.0,1.0610554281008626,0.27,0.06
1728,0.11508727155854576,0.0,0.11508727155854576,0.0,0.0,0.0,0.0,1.0610554281008626,0.27,0.06
1729,0.101518029933739,0.0,0.10151802993373908,0.0,0.0,0.0,0.0,1.0610554281008626,0.27,0.06
1730,0.101518029933739,0.0,0.101518029933739,0.0,0.0,0.0,0.0,1.0610554281008626,0.27,0.06
1731,0.10604111047534125,0.0,0.10604111047534115,0.0,0.0,0.0,0.0,1.0610554281008626,0.27,0.06
1732,0.10604111047534125,0.0,0.10604111047534115,0.0,0.0,0.0,0.0,1.0610554281008626,0.27,0.06
1733,0.08995904632742226,0.0,0.08995904632742226,0.0,0.0,0.0,0.0,1.0610554281008626,0.27,0.06
1734,0.08995904632742226,0.0,0.08995904632742226,0.0,0.0,0.0,0.0,1.0610554281008626,0.27,0.06
1735,0.060810305059319,0.0,0.060810305059319,0.0,0.0,0.0,0.0,1.0610554281008626,0.27,0.06
1736,0.060810305059319,0.0,0.060810305059319,0.0,0.0,0.0,0.0,1.0610554281008626,0.27,0.06
1737,0.06483082109629874,0.0,0.06483082109629874,0.0,0.0,0.0,0.0,1.0610554281008626,0.27,0.06
1738,0.06483082109629874,0.0,0.06483082109629874,0.0,0.0,0.0,0.0,1.0610554281008626,0.27,0.06
1739,0.03618464433281775,0.0,0.0,0.0,0.0,0.03618464433281775,0.0,1.051533153276437,0.27,0.06
1740,0.03618464433281775,0.0,0.0,0.0,0.0,0.03618464433281775,0.0,1.0420108784520112,0.27,0.06
1741,0.12262573912788274,0.0,0.12262573912788274,0.0,0.0,0.0,0.0,1.0420108784520112,0.27,0.06
1742,0.12262573912788274,0.0,0.12262573912788274,0.0,0.0,0.0,0.0,1.0420108784520112,0.27,0.06
1743,0.11508727155854576,0.0,0.11508727155854587,0.0,0.0,0.0,0.0,1.0420108784520112,0.27,0.06
1744,0.11508727155854576,0.0,0.11508727155854576,0.0,0.0,0.0,0.0,1.0420108784520112,0.27,0.06
1745,0.12212317462326025,0.0,0.12212317462326025,0.0,0.0,0.0,0.0,1.0420108784520112,0.27,0.06
1746,0.12212317462326025,0.0,0.12212317462326006,0.0,0.0,0.0,0.0,1.0420108784520112,0.27,0.06
1747,0.150769351386741,0.0,0.150769351386741,0.0,0.0,0.0,0.0,1.0420108784520112,0.27,0.06
1748,0.150769351386741,0.0,0.150769351386741,0.0,0.0,0.0,0.0,1.0420108784520112,0.27,0.06
1749,0.1191077875955255,0.0,0.1191077875955255,0.0,0.0,0.0,0.0,1.0420108784520112,0.27,0.06
1750,0.1191077875955255,0.0,0.1191077875955255,0.0,0.0,0.0,0.0,1.0420108784520112,0.27,0.06
1751,0.05528209550847175,0.0,0.05528209550847175,0.0,0.0,0.0,0.0,1.0420108784520112,0.27,0.06
1752,0.05528209550847175,0.0,0.05528209550847175,0.0,0.0,0.0,0.0,1.0420108784520112,0.27,0.06
1753,0.0839282722719525,0.0,0.0839282722719525,0.0,0.0,0.0,0.0,1.0420108784520112,0.27,0.06
1754,0.0839282722719525,0.0,0.0839282722719525,0.0,0.0,0.0,0.0,1.0420108784520112,0.27,0.06
1755,0.1095590620076985,0.0,0.1095590620076985,0.0,0.0,0.0,0.0,1.0420108784520112,0.27,0.06
1756,0.1095590620076985,0.0,0.1095590620076985,0.0,0.0,0.0,0.0,1.0420108784520112,0.27,0.06
1757,0.1115693200261885,0.0,0.11156932002618847,0.0,0.0,0.0,0.0,1.0420108784520112,0.27,0.06
1758,0.1115693200261885,0.0,0.11156932002618847,0.0,0.0,0.0,0.0,1.0420108784520112,0.27,0.06
1759,0.10453341696147375,0.0,0.10453341696147378,0.0,0.0,0.0,0.0,1.0420108784520112,0.27,0.06
1760,0.10453341696147375,0.0,0.10453341696147375,0.0,0.0,0.0,0.0,1.0420108784520112,0.27,0.06
1761,0.0944821268690245,0.0,0.0944821268690245,0.0,0.0,0.0,0.0,1.0420108784520112,0.27,0.06
1762,0.0944821268690245,0.0,0.0944821268690245,0.0,0.0,0.0,0.0,1.0420108784520112,0.27,0.06
1763,0.1246359971463725,-0.0,0.1246359971463725,0.0,0.0,0.0,0.0,1.0420108784520112,0.27,0.06
1764,0.1246359971463725,0.0,0.1246359971463725,0.0,0.0,0.0,0.0,1.0420108784520112,0.27,0.06
1765,0.0914667398412895,-0.0,0.0914667398412895,0.0,0.0,0.0,0.0,1.0420108784520112,0.27,0.06
1766,0.0914667398412895,0.0914667398412895,0.0,0.0,0.0,0.0,0.0,1.0420108784520112,0.27,0.06
1767,0.0753846756933705,-0.0,0.0753846756933705,0.0,0.0,0.0,0.0,1.0420108784520112,0.27,0.06
1768,0.0753846756933705,0.0753846756933707,-0.0,0.0,0.0,0.0,0.0,1.0420108784520112,0.27,0.06
1769,0.093979562364402,0.09397956236440219,-0.0,0.0,0.0,0.0,0.0,1.0420108784520112,0.27,0.06
1770,0.093979562364402,0.09397956236440219,-0.0,0.0,0.0,0.0,0.0,1.0420108784520112,0.27,0.06
1771,0.10654367497996375,0.0,0.10654367497996375,0.0,0.0,0.0,0.0,1.0420108784520112,0.27,0.06
1772,0.10654367497996375,-0.0,0.10654367497996375,0.0,0.0,0.0,0.0,1.0420108784520112,0.27,0.06
1773,0.067343643619411,0.067343643619411,0.0,0.0,0.0,0.0,0.0,1.0420108784520112,0.27,0.06
1774,0.067343643619411,0.067343643619411,0.0,0.0,0.0,0.0,0.0,1.0420108784520112,0.27,0.06
1775,0.9810059130230625,-0.0,0.9810059130230625,0.0,0.0,0.0,0.0,1.0420108784520112,0.27,0.06
1776,0.9810059130230625,0.15706283963498363,0.8239430733880788,0.0,0.0,0.0,0.0,1.0420108784520112,0.27,0.06
1777,1.000103364198715,0.040109484235618734,0.9599938799630962,0.0,0.0,0.0,0.0,1.0420108784520112,0.27,0.06
1778,1.000103364198715,-0.0,1.000103364198715,0.0,0.0,0.0,0.0,1.0420108784520112,0.27,0.06
1779,1.0382982665500224,0.0,1.0382982665500224,0.0,0.0,0.0,0.0,1.0420108784520112,0.27,0.06
1780,1.0382982665500224,0.08792691160095806,0.9503713549490644,0.0,0.0,0.0,0.0,1.0420108784520112,0.27,0.06
1781,0.9091391888620475,0.053240863699534194,0.8558983251625133,0.0,0.0,0.0,0.0,1.0420108784520112,0.27,0.06
1782,0.9091391888620475,0.0,0.9091391888620475,0.0,0.0,0.0,0.0,1.0420108784520112,0.27,0.06
1783,0.4543183121787125,0.4543183121787125,0.0,0.0,0.0,0.0,0.0,1.0420108784520112,0.27,0.06
1784,0.4543183121787125,0.4543183121787125,0.0,0.0,0.0,0.0,0.0,1.0420108784520112,0.27,0.06
1785,0.5387491489552875,0.5387491489552875,0.0,0.0,0.0,0.0,0.0,1.0420108784520112,0.27,0.06
1786,0.5387491489552875,0.051985777475430206,0.48676337147985727,0.0,0.0,0.0,0.0,1.0420108784520112,0.27,0.06
1787,0.580964567343575,0.580964567343575,0.0,0.0,0.0,0.0,0.0,1.0420108784520112,0.27,0.06
1788,0.580964567343575,0.32620480367740645,0.2547597636661686,0.0,0.0,0.0,0.0,1.0420108784520112,0.27,0.06
1789,0.4673849892988975,0.0,0.4673849892988975,0.0,0.0,0.0,0.0,1.0420108784520112,0.27,0.06
1790,0.4673849892988975,0.0,0.4673849892988975,0.0,0.0,0.0,0.0,1.0420108784520112,0.27,0.06
1791,0.63875948537516,0.63875948537516,0.0,0.0,0.0,0.0,0.0,1.0420108784520112,0.27,0.06
1792,0.63875948537516,0.0,0.63875948537516,0.0,0.0,0.0,0.0,1.0420108784520112,0.27,0.06
1793,0.304051525296595,0.0,0.304051525296595,0.0,0.0,0.0,0.0,1.0420108784520112,0.27,0.06
1794,0.304051525296595,0.0,0.304051525296595,0.0,0.0,0.0,0.0,1.0420108784520112,0.27,0.06
1795,0.2261540270801115,0.03839980478736513,0.18775422229274638,0.0,0.0,0.0,0.0,1.0420108784520112,0.27,0.06
1796,0.2261540270801115,0.0,0.2261540270801115,0.0,0.0,0.0,0.0,1.0420108784520112,0.27,0.06
1797,0.2824412515978275,0.0,0.2824412515978275,0.0,0.0,0.0,0.0,1.0420108784520112,0.27,0.06
1798,0.2824412515978275,0.0,0.2824412515978275,0.0,0.0,0.0,0.0,1.0420108784520112,0.27,0.06
1799,0.07136415965639074,0.0,0.07136415965639074,0.0,0.0,0.0,0.0,1.0420108784520112,0.27,0.06
1800,0.07136415965639074,0.0,0.07136415965639074,0.0,0.0,0.0,0.0,1.0420108784520112,0.27,0.06
1801,0.6221748567226175,0.0,0.6221748567226175,0.0,0.0,0.0,0.0,1.0420108784520112,0.27,0.06
1802,0.6221748567226175,0.0,0.6221748567226175,0.0,0.0,0.0,0.0,1.0420108784520112,0.27,0.06
1803,0.161323205983813,0.0,0.161323205983813,0.0,0.0,0.0,0.0,1.0420108784520112,0.27,0.06
1804,0.161323205983813,0.0,0.161323205983813,0.0,0.0,0.0,0.0,1.0420108784520112,0.27,0.06
1805,0.1361949807526895,0.0,0.1361949807526895,0.0,0.0,0.0,0.0,1.0420108784520112,0.27,0.06
1806,0.1361949807526895,0.0,0.13619498075268963,0.0,0.0,0.0,0.0,1.0420108784520112,0.27,0.06
1807,0.14875909336825124,0.0,0.14875909336825124,0.0,0.0,0.0,0.0,1.0420108784520112,0.27,0.06
1808,0.14875909336825124,0.0,0.14875909336825144,0.0,0.0,0.0,0.0,1.0420108784520112,0.27,0.06
1809,0.1105641910169435,0.0,0.11056419101694326,0.0,0.0,0.0,0.0,1.0420108784520112,0.27,0.06
1810,0.1105641910169435,0.0,0.1105641910169435,0.0,0.0,0.0,0.0,1.0420108784520112,0.27,0.06
1811,0.04020516036979775,0.0,0.0,0.0,0.0,0.04020516036979775,0.0,1.031430573091538,0.27,0.06
1812,0.04020516036979775,0.0,0.04020516036979775,0.0,0.0,0.0,0.0,1.031430573091538,0.27,0.06
1813,0.05477953100384925,0.0,0.05477953100384925,0.0,0.0,0.0,0.0,1.031430573091538,0.27,0.06
1814,0.05477953100384925,0.0,0.05477953100384925,0.0,0.0,0.0,0.0,1.031430573091538,0.27,0.06
1815,0.0497538859576245,0.0,0.0497538859576245,0.0,0.0,0.0,0.0,1.031430573091538,0.27,0.06
1816,0.0497538859576245,0.0,0.0497538859576245,0.0,0.0,0.0,0.0,1.031430573091538,0.27,0.06
1817,0.0688513371332785,0.0,0.0688513371332785,0.0,0.0,0.0,0.0,1.031430573091538,0.27,0.06
1818,0.0688513371332785,0.0,0.0688513371332785,0.0,0.0,0.0,0.0,1.031430573091538,0.27,0.06
1819,0.06332312758243125,0.0,0.06332312758243225,0.0,0.0,-8.43769498715119e-16,0.0,1.0314305730915383,0.27,0.06
1820,0.06332312758243125,0.0,0.06332312758243125,0.0,0.0,0.0,0.0,1.0314305730915383,0.27,0.06
1821,0.03769233784668525,0.0,0.03769233784668513,0.0,0.0,0.0,0.0,1.0314305730915383,0.27,0.06
1822,0.03769233784668525,0.0,0.03769233784668513,0.0,0.0,0.0,0.0,1.0314305730915383,0.27,0.06
1823,0.05628722451771675,0.0,0.05628722451771675,0.0,0.0,0.0,0.0,1.031430573091538,0.27,0.06
1824,0.05628722451771675,0.0,0.05628722451771675,0.0,0.0,0.0,0.0,1.031430573091538,0.27,0.06
1825,0.03869746685593025,0.0,0.03869746685593025,0.0,0.0,0.0,0.0,1.031430573091538,0.27,0.06
1826,0.03869746685593025,0.0,0.03869746685593025,0.0,0.0,0.0,0.0,1.031430573091538,0.27,0.06
1827,0.06432825659167625,0.0,0.06432825659167625,0.0,0.0,0.0,0.0,1.031430573091538,0.27,0.06
1828,0.06432825659167625,0.0,0.06432825659167625,0.0,0.0,0.0,0.0,1.031430573091538,0.27,0.06
1829,0.3623490078328,0.0,0.3623490078328,0.0,0.0,0.0,0.0,1.031430573091538,0.27,0.06
1830,0.3623490078328,0.0,0.3623490078328,0.0,0.0,0.0,0.0,1.031430573091538,0.27,0.06
1831,0.5437747940015125,0.0,0.5437747940015125,0.0,0.0,-8.43769498715119e-16,0.0,1.0314305730915383,0.27,0.06
1832,0.5437747940015125,0.0,0.5437747940015125,0.0,0.0,0.0,0.0,1.0314305730915383,0.27,0.06
1833,0.12915907768797474,0.0,0.12915907768797474,0.0,0.0,0.0,0.0,1.0314305730915383,0.27,0.06
1834,0.12915907768797474,0.0,0.12915907768797474,0.0,0.0,0.0,0.0,1.0314305730915383,0.27,0.06
1835,0.08744622380430975,0.0,0.08744622380430975,0.0,0.0,0.0,0.0,1.031430573091538,0.27,0.06
1836,0.08744622380430975,0.0,0.08744622380430975,0.0,0.0,0.0,0.0,1.031430573091538,0.27,0.06
1837,0.08342570776733,0.0,0.08342570776733,0.0,0.0,0.0,0.0,1.031430573091538,0.27,0.06
1838,0.08342570776733,0.0,0.08342570776733,0.0,0.0,0.0,0.0,1.031430573091538,0.27,0.06
1839,0.0593026115454515,0.0,0.0593026115454515,0.0,0.0,0.0,0.0,1.031430573091538,0.27,0.06
1840,0.0593026115454515,0.0,0.0593026115454515,0.0,0.0,0.0,0.0,1.031430573091538,0.27,0.06
1841,0.06131286956394125,0.0,0.06131286956394125,0.0,0.0,0.0,0.0,1.031430573091538,0.27,0.06
1842,0.06131286956394125,0.0,0.06131286956394125,0.0,0.0,0.0,0.0,1.031430573091538,0.27,0.06
1843,0.07940519173035025,0.0,0.07940519173035025,0.0,0.0,0.0,0.0,1.031430573091538,0.27,0.06
1844,0.07940519173035025,0.0,0.07940519173035025,0.0,0.0,0.0,0.0,1.031430573091538,0.27,0.06
1845,0.07186672416101325,0.0,0.07186672416101436,0.0,0.0,-8.43769498715119e-16,0.0,1.0314305730915383,0.27,0.06
1846,0.07186672416101325,0.0,0.07186672416101325,0.0,0.0,0.0,0.0,1.0314305730915383,0.27,0.06
1847,0.093979562364402,0.0,0.09397956236440219,0.0,0.0,0.0,0.0,1.0314305730915383,0.27,0.06
1848,0.093979562364402,0.0,0.093979562364402,0.0,0.0,0.0,0.0,1.031430573091538,0.27,0.06
1849,0.0944821268690245,0.0,0.0944821268690245,0.0,0.0,0.0,0.0,1.031430573091538,0.27,0.06
1850,0.0944821268690245,0.0,0.0944821268690245,0.0,0.0,0.0,0.0,1.031430573091538,0.27,0.06
1851,0.07086159515176825,0.0,0.07086159515176825,0.0,0.0,0.0,0.0,1.031430573091538,0.27,0.06
1852,0.07086159515176825,0.0,0.07086159515176825,0.0,0.0,0.0,0.0,1.031430573091538,0.27,0.06
1853,0.10704623948458625,0.0,0.10704623948458625,0.0,0.0,0.0,0.0,1.031430573091538,0.27,0.06
1854,0.10704623948458625,0.0,0.10704623948458625,0.0,0.0,0.0,0.0,1.031430573091538,0.27,0.06
1855,0.08945648182279975,0.0,0.08945648182279975,0.0,0.0,0.0,0.0,1.031430573091538,0.27,0.06
1856,0.08945648182279975,0.0,0.08945648182279975,0.0,0.0,0.0,0.0,1.031430573091538,0.27,0.06
1857,0.09850264290600425,-0.0,0.09850264290600425,0.0,0.0,0.0,0.0,1.031430573091538,0.27,0.06
1858,0.09850264290600425,0.0985026429060043,-0.0,0.0,0.0,0.0,0.0,1.031430573091538,0.27,0.06
1859,0.074882111188748,0.074882111188748,-0.0,0.0,0.0,0.0,0.0,1.031430573091538,0.27,0.06
1860,0.074882111188748,0.0748821111887481,-0.0,0.0,0.0,0.0,0.0,1.031430573091538,0.27,0.06
1861,0.07086159515176825,0.07086159515176815,-0.0,0.0,0.0,0.0,0.0,1.031430573091538,0.27,0.06
1862,0.07086159515176825,0.06010877800719517,-0.0,0.0,0.0,0.010752817144572982,0.0,1.0286008843692809,0.27,0.06
1863,0.08543596578582,0.08543596578582,0.0,0.0,0.0,0.0,0.0,1.028600884369282,0.27,0.06
1864,0.08543596578582,0.08543596578582013,-0.0,0.0,0.0,0.0,0.0,1.028600884369282,0.27,0.06
1865,0.076892369207238,0.076892369207238,0.0,0.0,0.0,0.0,0.0,1.028600884369282,0.27,0.06
1866,0.076892369207238,0.076892369207238,0.0,0.0,0.0,0.0,0.0,1.028600884369282,0.27,0.06
1867,0.10654367497996375,0.10654367497996375,0.0,0.0,0.0,0.0,0.0,1.028600884369282,0.27,0.06
1868,0.10654367497996375,0.10654367497996375,0.0,0.0,0.0,0.0,0.0,1.028600884369282,0.27,0.06
1869,0.09548725587826926,0.8931600551948681,0.0,0.0,0.7976727993165997,0.0,0.0,1.2180481742069744,0.27,0.06
1870,0.09548725587826926,1.9545844388767104,0.0,0.0,1.859097182998441,0.0,0.0,1.6595837551691042,0.27,0.06
1871,0.998093055923775,0.998093055923775,0.0,0.0,0.0,0.0,0.0,1.6595837551691042,0.27,0.06
1872,0.998093055923775,0.998093055923775,0.0,0.0,0.0,0.0,0.0,1.6595837551691042,0.27,0.06
1873,1.0031188014829,1.0031188014829,0.0,0.0,0.0,0.0,0.0,1.6595837551691042,0.27,0.06
1874,1.0031188014829,0.5061635462635017,-0.0,0.0,0.0,0.4969552552193912,0.0,1.5288060564271573,0.27,0.06
1875,0.79756986883586,0.34905557265121745,0.44851429618464256,0.0,0.0,0.0,0.0,1.5288060564271573,0.27,0.06
1876,0.79756986883586,0.79756986883586,0.0,0.0,0.0,0.0,0.0,1.5288060564271573,0.27,0.06
1877,0.44326189307702,0.44326189307702,0.0,0.0,0.0,0.0,0.0,1.5288060564271573,0.27,0.06
1878,0.44326189307702,0.44326189307702,0.0,0.0,0.0,0.0,0.0,1.5288060564271573,0.27,0.06
1879,0.4623593442526725,0.4623593442526725,0.0,0.0,0.0,0.0,0.0,1.5288060564271573,0.27,0.06
1880,0.4623593442526725,0.4623593442526725,0.0,0.0,0.0,0.0,0.0,1.5288060564271573,0.27,0.06
1881,0.6658979686247725,-0.0,0.6658979686247725,0.0,0.0,0.0,0.0,1.5288060564271573,0.27,0.06
1882,0.6658979686247725,0.6658979686247725,0.0,0.0,0.0,0.0,0.0,1.5288060564271573,0.27,0.06
1883,0.5181440042657675,0.5181440042657675,0.0,0.0,0.0,0.0,0.0,1.5288060564271573,0.27,0.06
1884,0.5181440042657675,0.0,0.5181440042657675,0.0,0.0,0.0,0.0,1.5288060564271573,0.27,0.06
1885,0.50256450462247,0.0,0.50256450462247,0.0,0.0,0.0,0.0,1.5288060564271573,0.27,0.06
1886,0.50256450462247,0.0,0.50256450462247,0.0,0.0,0.0,0.0,1.5288060564271573,0.27,0.06
1887,0.3779285074760975,0.3779285074760975,0.0,0.0,0.0,0.0,0.0,1.5288060564271573,0.27,0.06
1888,0.3779285074760975,0.14134538617693881,0.2365831212991587,0.0,0.0,0.0,0.0,1.5288060564271573,0.27,0.06
1889,0.052266708480737,0.05226670848073667,-0.0,0.0,0.0,0.0,0.0,1.5288060564271573,0.27,0.06
1890,0.052266708480737,0.052266708480737,0.0,0.0,0.0,0.0,0.0,1.5288060564271573,0.27,0.06
1891,0.18042065715946676,0.18042065715946676,0.0,0.0,0.0,0.0,0.0,1.5288060564271573,0.27,0.06
1892,0.18042065715946676,0.18042065715946665,-0.0,0.0,0.0,0.0,0.0,1.5288060564271573,0.27,0.06
1893,0.21509760797841726,-0.0,0.21509760797841726,0.0,0.0,0.0,0.0,1.5288060564271573,0.27,0.06
1894,0.21509760797841726,-0.0,0.21509760797841726,0.0,0.0,0.0,0.0,1.5288060564271573,0.27,0.06
1895,0.23871813969567324,0.0,0.23871813969567324,0.0,0.0,0.0,0.0,1.5288060564271573,0.27,0.06
1896,0.23871813969567324,0.0,0.23871813969567324,0.0,0.0,0.0,0.0,1.5288060564271573,0.27,0.06
1897,0.0743795466841255,0.0,0.07437954668412594,0.0,0.0,0.0,0.0,1.5288060564271573,0.27,0.06
1898,0.0743795466841255,0.0,0.07437954668412594,0.0,0.0,0.0,0.0,1.5288060564271573,0.27,0.06
1899,0.05578466001309425,0.0,0.05578466001309425,0.0,0.0,0.0,0.0,1.5288060564271573,0.27,0.06
1900,0.05578466001309425,0.0,0.05578466001309425,0.0,0.0,0.0,0.0,1.5288060564271573,0.27,0.06
1901,0.07990775623497275,0.0,0.07990775623497275,0.0,0.0,0.0,0.0,1.5288060564271573,0.27,0.06
1902,0.07990775623497275,0.0,0.07990775623497275,0.0,0.0,0.0,0.0,1.5288060564271573,0.27,0.06
1903,0.07840006272110525,0.0,0.07840006272110525,0.0,0.0,0.0,0.0,1.5288060564271573,0.27,0.06
1904,0.07840006272110525,0.0,0.07840006272110525,0.0,0.0,0.0,0.0,1.5288060564271573,0.27,0.06
1905,0.1522770449006085,0.0,0.1522770449006085,0.0,0.0,0.0,0.0,1.5288060564271573,0.27,0.06
1906,0.1522770449006085,0.0,0.1522770449006085,0.0,0.0,0.0,0.0,1.5288060564271573,0.27,0.06
1907,0.135692416248067,0.0,0.135692416248067,0.0,0.0,0.0,0.0,1.5288060564271573,0.27,0.06
1908,0.135692416248067,0.0,0.13569241624806672,0.0,0.0,0.0,0.0,1.5288060564271573,0.27,0.06
1909,0.07287185317025825,0.0,0.07287185317025825,0.0,0.0,0.0,0.0,1.5288060564271573,0.27,0.06
1910,0.07287185317025825,0.0,0.07287185317025813,0.0,0.0,0.0,0.0,1.5288060564271573,0.27,0.06
1911,0.0743795466841255,0.0,0.07437954668412594,0.0,0.0,0.0,0.0,1.5288060564271573,0.27,0.06
1912,0.0743795466841255,0.0,0.0743795466841255,0.0,0.0,0.0,0.0,1.5288060564271573,0.27,0.06
1913,0.08945648182279975,0.0,0.08945648182279975,0.0,0.0,0.0,0.0,1.5288060564271573,0.27,0.06
1914,0.08945648182279975,0.0,0.08945648182279975,0.0,0.0,0.0,0.0,1.5288060564271573,0.27,0.06
1915,0.18243091517795676,0.0,0.18243091517795676,0.0,0.0,0.0,0.0,1.5288060564271573,0.27,0.06
1916,0.18243091517795676,0.0,0.18243091517795676,0.0,0.0,0.0,0.0,1.5288060564271573,0.27,0.06
1917,0.3201335894445125,0.0,0.3201335894445125,0.0,0.0,0.0,0.0,1.5288060564271573,0.27,0.06
1918,0.3201335894445125,0.0,0.3201335894445125,0.0,0.0,0.0,0.0,1.5288060564271573,0.27,0.06
1919,0.0934769978597795,0.0,0.0934769978597795,0.0,0.0,0.0,0.0,1.5288060564271573,0.27,0.06
1920,0.0934769978597795,0.0,0.0934769978597795,0.0,0.0,0.0,0.0,1.5288060564271573,0.27,0.06
1921,0.0849334012811975,0.0,0.08493340128119756,0.0,0.0,0.0,0.0,1.5288060564271573,0.27,0.06
1922,0.0849334012811975,0.0,0.0849334012811975,0.0,0.0,0.0,0.0,1.5288060564271573,0.27,0.06
1923,0.05528209550847175,0.0,0.05528209550847141,0.0,0.0,0.0,0.0,1.5288060564271573,0.27,0.06
1924,0.05528209550847175,0.0,0.05528209550847175,0.0,0.0,0.0,0.0,1.5288060564271573,0.27,0.06
1925,0.05327183748998175,0.0,0.05327183748998175,0.0,0.0,0.0,0.0,1.5288060564271573,0.27,0.06
1926,0.05327183748998175,0.0,0.05327183748998175,0.0,0.0,0.0,0.0,1.5288060564271573,0.27,0.06
1927,0.0658359501055435,0.0,0.0658359501055435,0.0,0.0,0.0,0.0,1.5288060564271573,0.27,0.06
1928,0.0658359501055435,0.0,0.0658359501055435,0.0,0.0,0.0,0.0,1.5288060564271573,0.27,0.06
1929,0.0688513371332785,0.0,0.0688513371332785,0.0,0.0,0.0,0.0,1.5288060564271573,0.27,0.06
1930,0.0688513371332785,0.0,0.0688513371332785,0.0,0.0,0.0,0.0,1.5288060564271573,0.27,0.06
1931,0.0849334012811975,0.0,0.0849334012811975,0.0,0.0,0.0,0.0,1.5288060564271573,0.27,0.06
1932,0.0849334012811975,0.0,0.08493340128119709,0.0,0.0,0.0,0.0,1.5288060564271573,0.27,0.06
1933,0.06985646614252325,0.0,0.06985646614252353,0.0,0.0,0.0,0.0,1.5288060564271573,0.27,0.06
1934,0.06985646614252325,0.0,0.06985646614252325,0.0,0.0,0.0,0.0,1.5288060564271573,0.27,0.06
1935,0.0527692729853595,0.0,0.05276927298535927,0.0,0.0,0.0,0.0,1.5288060564271573,0.27,0.06
1936,0.0527692729853595,0.0,0.05276927298535927,0.0,0.0,0.0,0.0,1.5288060564271573,0.27,0.06
1937,0.066338514610166,0.0,0.066338514610166,0.0,0.0,0.0,0.0,1.5288060564271573,0.27,0.06
1938,0.066338514610166,0.0,0.066338514610166,0.0,0.0,0.0,0.0,1.5288060564271573,0.27,0.06
1939,0.059805176050074,0.0,0.059805176050074,0.0,0.0,0.0,0.0,1.5288060564271573,0.27,0.06
1940,0.059805176050074,0.0,0.059805176050074,0.0,0.0,0.0,0.0,1.5288060564271573,0.27,0.06
1941,0.11458470705392325,0.0,0.11458470705392325,0.0,0.0,0.0,0.0,1.5288060564271573,0.27,0.06
1942,0.11458470705392325,0.0,0.11458470705392325,0.0,0.0,0.0,0.0,1.5288060564271573,0.27,0.06
1943,0.09598982038289175,0.0,0.09598982038289175,0.0,0.0,0.0,0.0,1.5288060564271573,0.27,0.06
1944,0.09598982038289175,0.0,0.09598982038289175,0.0,0.0,0.0,0.0,1.5288060564271573,0.27,0.06
1945,0.066338514610166,0.0,0.06633851461016609,0.0,0.0,0.0,0.0,1.5288060564271573,0.27,0.06
1946,0.066338514610166,0.0,0.066338514610166,0.0,0.0,0.0,0.0,1.5288060564271573,0.27,0.06
1947,0.07035903064714576,0.0,0.07035903064714623,0.0,0.0,0.0,0.0,1.5288060564271573,0.27,0.06
1948,0.07035903064714576,0.0,0.07035903064714576,0.0,0.0,0.0,0.0,1.5288060564271573,0.27,0.06
1949,0.0507590149668695,0.0,0.05075901496686974,0.0,0.0,0.0,0.0,1.5288060564271573,0.27,0.06
1950,0.0507590149668695,0.0,0.0507590149668695,0.0,0.0,0.0,0.0,1.5288060564271573,0.27,0.06
1951,0.05578466001309425,0.0,0.05578466001309425,0.0,0.0,0.0,0.0,1.5288060564271573,0.27,0.06
1952,0.05578466001309425,0.0,0.05578466001309425,0.0,0.0,0.0,0.0,1.5288060564271573,0.27,0.06
1953,0.09800007840138175,-0.0,0.09800007840138175,0.0,0.0,0.0,0.0,1.5288060564271573,0.27,0.06
1954,0.09800007840138175,-0.0,0.09800007840138175,0.0,0.0,0.0,0.0,1.5288060564271573,0.27,0.06
1955,0.093979562364402,-0.0,0.093979562364402,0.0,0.0,0.0,0.0,1.5288060564271573,0.27,0.06
1956,0.093979562364402,0.0,0.093979562364402,0.0,0.0,0.0,0.0,1.5288060564271573,0.27,0.06
1957,0.13770267426655675,0.0,0.13770267426655675,0.0,0.0,0.0,0.0,1.5288060564271573,0.27,0.06
1958,0.13770267426655675,-0.0,0.13770267426655675,0.0,0.0,0.0,0.0,1.5288060564271573,0.27,0.06
1959,0.069353901637901,0.06935390163790078,-0.0,0.0,0.0,0.0,0.0,1.5288060564271573,0.27,0.06
1960,0.069353901637901,0.06935390163790078,-0.0,0.0,0.0,0.0,0.0,1.5288060564271573,0.27,0.06
1961,0.076892369207238,-0.0,0.076892369207238,0.0,0.0,0.0,0.0,1.5288060564271573,0.27,0.06
1962,0.076892369207238,0.076892369207238,0.0,0.0,0.0,0.0,0.0,1.5288060564271573,0.27,0.06
1963,0.07186672416101325,0.07186672416101325,0.0,0.0,0.0,0.0,0.0,1.5288060564271573,0.27,0.06
1964,0.07186672416101325,0.07186672416101325,0.0,0.0,0.0,0.0,0.0,1.5288060564271573,0.27,0.06
1965,0.066338514610166,1.9566989160294206,0.0,0.0,1.8903604014192545,0.0,0.0,1.9777666517642303,0.27,0.06
1966,0.066338514610166,0.066338514610166,0.0,0.0,0.0,0.0,0.0,1.9777666517642303,0.27,0.06
1967,1.0403084743120625,0.7546407794354731,0.2856676948765894,0.0,0.0,0.0,0.0,1.9777666517642303,0.27,0.06
1968,1.0403084743120625,1.0403084743120625,0.0,0.0,0.0,0.0,0.0,1.9777666517642303,0.27,0.06
1969,1.012164862053205,1.012164862053205,0.0,0.0,0.0,0.0,0.0,1.9777666517642303,0.27,0.06
1970,1.012164862053205,0.5018820776679644,0.5102827843852407,0.0,0.0,0.0,0.0,1.9777666517642303,0.27,0.06
1971,0.8161647555068925,1.9305375533470768,0.0,0.0,1.1143727978401843,0.0,0.0,2.242430191251274,0.27,0.06
1972,0.8161647555068925,0.8161647555068925,0.0,0.0,0.0,0.0,0.0,2.242430191251274,0.27,0.06
1973,0.4784414084005925,0.4784414084005925,0.0,0.0,0.0,0.0,0.0,2.242430191251274,0.27,0.06
1974,0.4784414084005925,0.4784414084005925,0.0,0.0,0.0,0.0,0.0,2.242430191251274,0.27,0.06
1975,0.6096107943635075,0.6096107943635075,0.0,0.0,0.0,0.0,0.0,2.242430191251274,0.27,0.06
1976,0.6096107943635075,0.6096107943635075,0.0,0.0,0.0,0.0,0.0,2.242430191251274,0.27,0.06
1977,0.483467053446815,0.483467053446815,0.0,0.0,0.0,0.0,0.0,2.242430191251274,0.27,0.06
1978,0.483467053446815,0.483467053446815,0.0,0.0,0.0,0.0,0.0,2.242430191251274,0.27,0.06
1979,0.53523124767938,0.53523124767938,0.0,0.0,0.0,0.0,0.0,2.242430191251274,0.27,0.06
1980,0.53523124767938,0.53523124767938,0.0,0.0,0.0,0.0,0.0,2.242430191251274,0.27,0.06
1981,0.5673952754623175,0.5673952754623173,-0.0,0.0,0.0,0.0,0.0,2.242430191251274,0.27,0.06
1982,0.5673952754623175,0.5673952754623175,0.0,0.0,0.0,0.0,0.0,2.242430191251274,0.27,0.06
1983,0.480954230923705,0.480954230923705,0.0,0.0,0.0,0.0,0.0,2.242430191251274,0.27,0.06
1984,0.480954230923705,-0.0,0.480954230923705,0.0,0.0,0.0,0.0,2.242430191251274,0.27,0.06
1985,0.52517990733048,0.1512577502841086,0.37392215704637144,0.0,0.0,0.0,0.0,2.242430191251274,0.27,0.06
1986,0.52517990733048,0.0,0.52517990733048,0.0,0.0,0.0,0.0,2.242430191251274,0.27,0.06
1987,0.0507590149668695,0.0507590149668693,-0.0,0.0,0.0,0.0,0.0,2.242430191251274,0.27,0.06
1988,0.0507590149668695,0.0,0.0,0.0,0.0,0.0507590149668695,0.0,2.229072555733677,0.27,0.06
1989,0.340738734134035,0.0,0.340738734134035,0.0,0.0,0.0,0.0,2.229072555733677,0.27,0.06
1990,0.340738734134035,0.0,0.340738734134035,0.0,0.0,0.0,0.0,2.229072555733677,0.27,0.06
1991,0.221128382033887,0.0,0.221128382033887,0.0,0.0,0.0,0.0,2.229072555733677,0.27,0.06
1992,0.221128382033887,0.0,0.221128382033887,0.0,0.0,0.0,0.0,2.229072555733677,0.27,0.06
1993,0.43723111902155,0.0,0.43723111902155,0.0,0.0,0.0,0.0,2.229072555733677,0.27,0.06
1994,0.43723111902155,0.0,0.43723111902155,0.0,0.0,0.0,0.0,2.229072555733677,0.27,0.06
1995,0.12061548110939276,0.0,0.12061548110939276,0.0,0.0,0.0,0.0,2.229072555733677,0.27,0.06
1996,0.12061548110939276,0.0,0.12061548110939313,0.0,0.0,0.0,0.0,2.229072555733677,0.27,0.06
1997,0.116594965072413,0.0,0.116594965072413,0.0,0.0,0.0,0.0,2.229072555733677,0.27,0.06
1998,0.116594965072413,0.0,0.11659496507241336,0.0,0.0,0.0,0.0,2.229072555733677,0.27,0.06
1999,0.1598155124699455,0.0,0.15981551246994563,0.0,0.0,0.0,0.0,2.229072555733677,0.27,0.06
2000,0.1598155124699455,0.0,0.15981551246994563,0.0,0.0,0.0,0.0,2.229072555733677,0.27,0.06
2001,0.118605223090903,0.0,0.118605223090903,0.0,0.0,0.0,0.0,2.229072555733677,0.27,0.06
2002,0.118605223090903,0.0,0.118605223090903,0.0,0.0,0.0,0.0,2.229072555733677,0.27,0.06
2003,0.12262573912788274,0.0,0.12262573912788274,0.0,0.0,0.0,0.0,2.229072555733677,0.27,0.06
2004,0.12262573912788274,0.0,0.12262573912788274,0.0,0.0,0.0,0.0,2.229072555733677,0.27,0.06
2005,0.100512900924494,0.0,0.100512900924494,0.0,0.0,0.0,0.0,2.229072555733677,0.27,0.06
2006,0.100512900924494,0.0,0.100512900924494,0.0,0.0,0.0,0.0,2.229072555733677,0.27,0.06
2007,0.0432205473975325,0.0,0.0432205473975325,0.0,0.0,0.0,0.0,2.229072555733677,0.27,0.06
2008,0.0432205473975325,0.0,0.043220547397531714,0.0,0.0,0.0,0.0,2.229072555733677,0.27,0.06
2009,0.06382569208705376,0.0,0.06382569208705376,0.0,0.0,0.0,0.0,2.229072555733677,0.27,0.06
2010,0.06382569208705376,0.0,0.06382569208705376,0.0,0.0,0.0,0.0,2.229072555733677,0.27,0.06
2011,0.03920003136055275,0.0,0.03920003136055275,0.0,0.0,0.0,0.0,2.229072555733677,0.27,0.06
2012,0.03920003136055275,0.0,0.0392000313605525,0.0,0.0,0.0,0.0,2.229072555733677,0.27,0.06
2013,0.075887240197993,0.0,0.075887240197993,0.0,0.0,0.0,0.0,2.229072555733677,0.27,0.06
2014,0.075887240197993,0.0,0.075887240197993,0.0,0.0,0.0,0.0,2.229072555733677,0.27,0.06
2015,0.1000103364198715,0.0,0.1000103364198715,0.0,0.0,0.0,0.0,2.229072555733677,0.27,0.06
2016,0.1000103364198715,0.0,0.1000103364198715,0.0,0.0,0.0,0.0,2.229072555733677,0.27,0.06
2017,0.08091288524421775,0.0,0.08091288524421775,0.0,0.0,0.0,0.0,2.229072555733677,0.27,0.06
2018,0.08091288524421775,0.0,0.08091288524421775,0.0,0.0,0.0,0.0,2.229072555733677,0.27,0.06
2019,0.1115693200261885,0.0,0.1115693200261885,0.0,0.0,0.0,0.0,2.229072555733677,0.27,0.06
2020,0.1115693200261885,0.0,0.1115693200261885,0.0,0.0,0.0,0.0,2.229072555733677,0.27,0.06
2021,0.0914667398412895,0.0,0.0914667398412895,0.0,0.0,0.0,0.0,2.229072555733677,0.27,0.06
2022,0.0914667398412895,0.0,0.0914667398412895,0.0,0.0,0.0,0.0,2.229072555733677,0.27,0.06
2023,0.0839282722719525,0.0,0.08392827227195303,0.0,0.0,0.0,0.0,2.229072555733677,0.27,0.06
2024,0.0839282722719525,0.0,0.0839282722719525,0.0,0.0,0.0,0.0,2.229072555733677,0.27,0.06
2025,0.0914667398412895,0.0,0.09146673984128917,0.0,0.0,0.0,0.0,2.229072555733677,0.27,0.06
2026,0.0914667398412895,0.0,0.0914667398412895,0.0,0.0,0.0,0.0,2.229072555733677,0.27,0.06
2027,0.09699494939213675,0.0,0.09699494939213675,0.0,0.0,0.0,0.0,2.229072555733677,0.27,0.06
2028,0.09699494939213675,0.0,0.09699494939213675,0.0,0.0,0.0,0.0,2.229072555733677,0.27,0.06
2029,0.0497538859576245,0.0,0.0497538859576245,0.0,0.0,0.0,0.0,2.229072555733677,0.27,0.06
2030,0.0497538859576245,0.0,0.0497538859576245,0.0,0.0,0.0,0.0,2.229072555733677,0.27,0.06
2031,0.050256450462247,0.0,0.050256450462247,0.0,0.0,0.0,0.0,2.229072555733677,0.27,0.06
2032,0.050256450462247,0.0,0.050256450462247,0.0,0.0,0.0,0.0,2.229072555733677,0.27,0.06
2033,0.0593026115454515,0.0,0.0593026115454515,0.0,0.0,0.0,0.0,2.229072555733677,0.27,0.06
2034,0.0593026115454515,0.0,0.0593026115454515,0.0,0.0,0.0,0.0,2.229072555733677,0.27,0.06
2035,0.1361949807526895,0.0,0.1361949807526893,0.0,0.0,0.0,0.0,2.229072555733677,0.27,0.06
2036,0.1361949807526895,0.0,0.13619498075268943,0.0,0.0,0.0,0.0,2.229072555733677,0.27,0.06
2037,0.13016420669721976,0.0,0.13016420669721995,0.0,0.0,0.0,0.0,2.229072555733677,0.27,0.06
2038,0.13016420669721976,0.0,0.13016420669721995,0.0,0.0,0.0,0.0,2.229072555733677,0.27,0.06
2039,0.084430836776575,0.0,0.084430836776575,0.0,0.0,0.0,0.0,2.229072555733677,0.27,0.06
2040,0.084430836776575,0.0,0.084430836776575,0.0,0.0,0.0,0.0,2.229072555733677,0.27,0.06
2041,0.075887240197993,0.0,0.075887240197993,0.0,0.0,0.0,0.0,2.229072555733677,0.27,0.06
2042,0.075887240197993,0.0,0.075887240197993,0.0,0.0,0.0,0.0,2.229072555733677,0.27,0.06
2043,0.092974433355157,0.0,0.092974433355157,0.0,0.0,0.0,0.0,2.229072555733677,0.27,0.06
2044,0.092974433355157,0.0,0.092974433355157,0.0,0.0,0.0,0.0,2.229072555733677,0.27,0.06
2045,0.538246584450665,0.0,0.538246584450665,0.0,0.0,0.0,0.0,2.229072555733677,0.27,0.06
2046,0.538246584450665,0.0,0.5382465844506648,0.0,0.0,2.220446049250313e-16,0.0,2.229072555733677,0.27,0.06
2047,0.195497592298141,0.0,0.19549759229814057,0.0,0.0,0.0,0.0,2.229072555733677,0.27,0.06
2048,0.195497592298141,0.0,0.195497592298141,0.0,0.0,0.0,0.0,2.229072555733677,0.27,0.06
2049,0.108051368493831,0.0,0.108051368493831,0.0,0.0,0.0,0.0,2.229072555733677,0.27,0.06
2050,0.108051368493831,0.0,0.108051368493831,0.0,0.0,0.0,0.0,2.229072555733677,0.27,0.06
2051,0.11357957804467825,0.11357957804467825,0.0,0.0,0.0,0.0,0.0,2.229072555733677,0.27,0.06
2052,0.11357957804467825,0.11357957804467825,0.0,0.0,0.0,0.0,0.0,2.229072555733677,0.27,0.06
2053,0.07940519173035025,0.07940519173035025,0.0,0.0,0.0,0.0,0.0,2.229072555733677,0.27,0.06
2054,0.07940519173035025,0.07940519173035025,0.0,0.0,0.0,0.0,0.0,2.229072555733677,0.27,0.06
2055,0.08543596578582,0.08543596578582,0.0,0.0,0.0,0.0,0.0,2.229072555733677,0.27,0.06
2056,0.08543596578582,0.08543596578582,0.0,0.0,0.0,0.0,0.0,2.229072555733677,0.27,0.06
2057,0.08141544974884025,0.08141544974884045,-0.0,0.0,0.0,0.0,0.0,2.229072555733677,0.27,0.06
2058,0.08141544974884025,0.08141544974884025,0.0,0.0,0.0,0.0,0.0,2.229072555733677,0.27,0.06
2059,0.0859385302904425,0.0859385302904423,-0.0,0.0,0.0,0.0,0.0,2.229072555733677,0.27,0.06
2060,0.0859385302904425,0.0859385302904423,-0.0,0.0,0.0,0.0,0.0,2.229072555733677,0.27,0.06
2061,0.10453341696147375,0.10453341696147375,0.0,0.0,0.0,0.0,0.0,2.229072555733677,0.27,0.06
2062,0.10453341696147375,0.10453341696147375,0.0,0.0,0.0,0.0,0.0,2.229072555733677,0.27,0.06
2063,1.000103364198715,0.0,1.000103364198715,0.0,0.0,0.0,0.0,2.229072555733677,0.27,0.06
2064,1.000103364198715,0.0,1.000103364198715,0.0,0.0,0.0,0.0,2.229072555733677,0.27,0.06
2065,1.0423187323305525,-0.0,1.0423187323305525,0.0,0.0,0.0,0.0,2.229072555733677,0.27,0.06
2066,1.0423187323305525,-0.0,1.0423187323305525,0.0,0.0,0.0,0.0,2.229072555733677,0.27,0.06
2067,1.062923927276525,0.0,1.062923927276525,0.0,0.0,0.0,0.0,2.229072555733677,0.27,0.06
2068,1.062923927276525,0.0,1.062923927276525,0.0,0.0,0.0,0.0,2.229072555733677,0.27,0.06
2069,0.4583388282156925,-0.0,0.45833882821569233,0.0,0.0,0.0,0.0,2.229072555733677,0.27,0.06
2070,0.4583388282156925,0.10761272983024911,0.3507260983854434,0.0,0.0,0.0,0.0,2.229072555733677,0.27,0.06
2071,0.47793884389597,0.47793884389597,0.0,0.0,0.0,0.0,0.0,2.229072555733677,0.27,0.06
2072,0.47793884389597,1.2967433324833064,0.0,0.0,0.8188044885873365,0.0,0.0,2.423538621773169,0.27,0.06
2073,0.6709236136709975,0.6709236136709975,0.0,0.0,0.0,0.0,0.0,2.423538621773169,0.27,0.06
2074,0.6709236136709975,0.6709236136709975,0.0,0.0,0.0,0.0,0.0,2.423538621773169,0.27,0.06
2075,0.491508085520775,0.491508085520775,0.0,0.0,0.0,0.0,0.0,2.423538621773169,0.27,0.06
2076,0.491508085520775,0.491508085520775,0.0,0.0,0.0,0.0,0.0,2.423538621773169,0.27,0.06
2077,0.4693952473173875,0.4693952473173875,0.0,0.0,0.0,0.0,0.0,2.423538621773169,0.27,0.06
2078,0.4693952473173875,0.4693952473173875,0.0,0.0,0.0,0.0,0.0,2.423538621773169,0.27,0.06
2079,0.619662034199505,0.619662034199505,0.0,0.0,0.0,0.0,0.0,2.423538621773169,0.27,0.06
2080,0.619662034199505,0.01606986118963516,0.6035921730098699,0.0,0.0,0.0,0.0,2.423538621773169,0.27,0.06
2081,0.177405270131732,0.177405270131732,0.0,0.0,0.0,0.0,0.0,2.423538621773169,0.27,0.06
2082,0.177405270131732,0.14164013320217506,0.035765136929556934,0.0,0.0,0.0,0.0,2.423538621773169,0.27,0.06
2083,0.06231799857318625,0.06231799857318625,0.0,0.0,0.0,0.0,0.0,2.423538621773169,0.27,0.06
2084,0.06231799857318625,0.06231799857318625,0.0,0.0,0.0,0.0,0.0,2.423538621773169,0.27,0.06
2085,0.4673849892988975,0.0,0.4673849892988975,0.0,0.0,0.0,0.0,2.423538621773169,0.27,0.06
2086,0.4673849892988975,-0.0,0.4673849892988975,0.0,0.0,0.0,0.0,2.423538621773169,0.27,0.06
2087,0.0829231432627075,0.0,0.0829231432627075,0.0,0.0,0.0,0.0,2.423538621773169,0.27,0.06
2088,0.0829231432627075,0.0,0.08292314326270755,0.0,0.0,0.0,0.0,2.423538621773169,0.27,0.06
2089,0.210574527436815,0.0,0.210574527436815,0.0,0.0,0.0,0.0,2.423538621773169,0.27,0.06
2090,0.210574527436815,0.0,0.210574527436815,0.0,0.0,0.0,0.0,2.423538621773169,0.27,0.06
2091,0.1331795937249545,0.0,0.1331795937249545,0.0,0.0,0.0,0.0,2.423538621773169,0.27,0.06
2092,0.1331795937249545,0.0,0.1331795937249545,0.0,0.0,0.0,0.0,2.423538621773169,0.27,0.06
2093,0.12363086813712774,0.0,0.12363086813712774,0.0,0.0,0.0,0.0,2.423538621773169,0.27,0.06
2094,0.12363086813712774,0.0,0.12363086813712774,0.0,0.0,0.0,0.0,2.423538621773169,0.27,0.06
2095,0.169866802562395,0.0,0.169866802562395,0.0,0.0,0.0,0.0,2.423538621773169,0.27,0.06
2096,0.169866802562395,0.0,0.169866802562395,0.0,0.0,0.0,0.0,2.423538621773169,0.27,0.06
2097,0.14674883534976124,0.0,0.14674883534976124,0.0,0.0,0.0,0.0,2.423538621773169,0.27,0.06
2098,0.14674883534976124,0.0,0.14674883534976169,0.0,0.0,0.0,0.0,2.423538621773169,0.27,0.06
2099,0.1266462551648625,0.0,0.1266462551648625,0.0,0.0,0.0,0.0,2.423538621773169,0.27,0.06
2100,0.1266462551648625,0.0,0.12664625516486272,0.0,0.0,0.0,0.0,2.423538621773169,0.27,0.06
2101,0.12162061011863776,0.0,0.12162061011863834,0.0,0.0,0.0,0.0,2.423538621773169,0.27,0.06
2102,0.12162061011863776,0.0,0.12162061011863776,0.0,0.0,0.0,0.0,2.423538621773169,0.27,0.06
2103,0.05578466001309425,0.0,0.05578466001309425,0.0,0.0,0.0,0.0,2.423538621773169,0.27,0.06
2104,0.05578466001309425,0.0,0.05578466001309425,0.0,0.0,0.0,0.0,2.423538621773169,0.27,0.06
2105,0.05477953100384925,0.0,0.05477953100384925,0.0,0.0,0.0,0.0,2.423538621773169,0.27,0.06
2106,0.05477953100384925,0.0,0.05477953100384925,0.0,0.0,0.0,0.0,2.423538621773169,0.27,0.06
2107,0.12061548110939276,0.0,0.12061548110939276,0.0,0.0,0.0,0.0,2.423538621773169,0.27,0.06
2108,0.12061548110939276,0.0,0.12061548110939276,0.0,0.0,0.0,0.0,2.423538621773169,0.27,0.06
2109,0.399538781174865,0.0,0.399538781174865,0.0,0.0,0.0,0.0,2.423538621773169,0.27,0.06
2110,0.399538781174865,0.0,0.39953878117486497,0.0,0.0,0.0,0.0,2.423538621773169,0.27,0.06
2111,0.25027712330199,0.0,0.25027712330199,0.0,0.0,0.0,0.0,2.423538621773169,0.27,0.06
2112,0.25027712330199,0.0,0.25027712330199,0.0,0.0,0.0,0.0,2.423538621773169,0.27,0.06
2113,0.12312830363250525,0.0,0.12312830363250526,0.0,0.0,0.0,0.0,2.423538621773169,0.27,0.06
2114,0.12312830363250525,0.0,0.12312830363250526,0.0,0.0,0.0,0.0,2.423538621773169,0.27,0.06
2115,0.10352828795222875,0.0,0.10352828795222875,0.0,0.0,0.0,0.0,2.423538621773169,0.27,0.06
2116,0.10352828795222875,0.0,0.10352828795222875,0.0,0.0,0.0,0.0,2.423538621773169,0.27,0.06
2117,0.08543596578582,0.0,0.08543596578582,0.0,0.0,0.0,0.0,2.423538621773169,0.27,0.06
2118,0.08543596578582,0.0,0.08543596578582,0.0,0.0,0.0,0.0,2.423538621773169,0.27,0.06
2119,0.0582974825362065,0.0,0.0582974825362065,0.0,0.0,0.0,0.0,2.423538621773169,0.27,0.06
2120,0.0582974825362065,0.0,0.0582974825362065,0.0,0.0,0.0,0.0,2.423538621773169,0.27,0.06
2121,0.0829231432627075,0.0,0.0829231432627075,0.0,0.0,0.0,0.0,2.423538621773169,0.27,0.06
2122,0.0829231432627075,0.0,0.0829231432627075,0.0,0.0,0.0,0.0,2.423538621773169,0.27,0.06
2123,0.067343643619411,0.0,0.067343643619411,0.0,0.0,0.0,0.0,2.423538621773169,0.27,0.06
2124,0.067343643619411,0.0,0.067343643619411,0.0,0.0,0.0,0.0,2.423538621773169,0.27,0.06
2125,0.08543596578582,0.0,0.08543596578581969,0.0,0.0,0.0,0.0,2.423538621773169,0.27,0.06
2126,0.08543596578582,0.0,0.08543596578581969,0.0,0.0,0.0,0.0,2.423538621773169,0.27,0.06
2127,0.0859385302904425,0.0,0.0859385302904425,0.0,0.0,0.0,0.0,2.423538621773169,0.27,0.06
2128,0.0859385302904425,0.0,0.0859385302904425,0.0,0.0,0.0,0.0,2.423538621773169,0.27,0.06
2129,0.065333385600921,0.0,0.065333385600921,0.0,0.0,0.0,0.0,2.423538621773169,0.27,0.06
2130,0.065333385600921,0.0,0.065333385600921,0.0,0.0,0.0,0.0,2.423538621773169,0.27,0.06
2131,0.0829231432627075,0.0,0.0829231432627075,0.0,0.0,0.0,0.0,2.423538621773169,0.27,0.06
2132,0.0829231432627075,0.0,0.0829231432627075,0.0,0.0,0.0,0.0,2.423538621773169,0.27,0.06
2133,0.07940519173035025,0.0,0.07940519173035025,0.0,0.0,0.0,0.0,2.423538621773169,0.27,0.06
2134,0.07940519173035025,0.0,0.07940519173035025,0.0,0.0,0.0,0.0,2.423538621773169,0.27,0.06
2135,0.074882111188748,0.0,0.074882111188748,0.0,0.0,0.0,0.0,2.423538621773169,0.27,0.06
2136,0.074882111188748,0.0,0.074882111188748,0.0,0.0,0.0,0.0,2.423538621773169,0.27,0.06
2137,0.112071884530811,0.0,0.11207188453081117,0.0,0.0,0.0,0.0,2.423538621773169,0.27,0.06
2138,0.112071884530811,0.0,0.11207188453081152,0.0,0.0,0.0,0.0,2.423538621773169,0.27,0.06
2139,0.090964175336667,0.0,0.09096417533666745,0.0,0.0,0.0,0.0,2.423538621773169,0.27,0.06
2140,0.090964175336667,0.0,0.090964175336667,0.0,0.0,0.0,0.0,2.423538621773169,0.27,0.06
2141,0.2462566072650105,0.0,0.2462566072650105,0.0,0.0,0.0,0.0,2.423538621773169,0.27,0.06
2142,0.2462566072650105,0.0,0.2462566072650105,0.0,0.0,0.0,0.0,2.423538621773169,0.27,0.06
2143,0.1115693200261885,0.0,0.1115693200261885,0.0,0.0,0.0,0.0,2.423538621773169,0.27,0.06
2144,0.1115693200261885,0.0,0.1115693200261885,0.0,0.0,0.0,0.0,2.423538621773169,0.27,0.06
2145,0.19600015680276325,0.0,0.19600015680276325,0.0,0.0,0.0,0.0,2.423538621773169,0.27,0.06
2146,0.19600015680276325,0.0,0.19600015680276325,0.0,0.0,0.0,0.0,2.423538621773169,0.27,0.06
2147,0.08945648182279975,0.08945648182279975,0.0,0.0,0.0,0.0,0.0,2.423538621773169,0.27,0.06
2148,0.08945648182279975,0.08945648182279964,-0.0,0.0,0.0,0.0,0.0,2.423538621773169,0.27,0.06
2149,0.08694365929968725,0.08694365929968706,-0.0,0.0,0.0,0.0,0.0,2.423538621773169,0.27,0.06
2150,0.08694365929968725,0.08694365929968706,-0.0,0.0,0.0,0.0,0.0,2.423538621773169,0.27,0.06
2151,0.07236928866563574,0.07236928866563552,-0.0,0.0,0.0,0.0,0.0,2.423538621773169,0.27,0.06
2152,0.07236928866563574,0.07236928866563574,0.0,0.0,0.0,0.0,0.0,2.423538621773169,0.27,0.06
2153,0.0603077405546965,0.0603077405546965,0.0,0.0,0.0,0.0,0.0,2.423538621773169,0.27,0.06
2154,0.0603077405546965,0.0603077405546965,0.0,0.0,0.0,0.0,0.0,2.423538621773169,0.27,0.06
2155,0.08895391731817726,0.08895391731817726,0.0,0.0,0.0,0.0,0.0,2.423538621773169,0.27,0.06
2156,0.08895391731817726,0.08895391731817726,0.0,0.0,0.0,0.0,0.0,2.423538621773169,0.27,0.06
2157,0.08041032073959525,0.08041032073959525,0.0,0.0,0.0,0.0,0.0,2.423538621773169,0.27,0.06
2158,0.08041032073959525,0.08041032073959525,0.0,0.0,0.0,0.0,0.0,2.423538621773169,0.27,0.06
2159,1.03377513575197,0.16819197739621286,0.8655831583557572,0.0,0.0,0.0,0.0,2.423538621773169,0.27,0.06
2160,1.03377513575197,1.03377513575197,0.0,0.0,0.0,0.0,0.0,2.423538621773169,0.27,0.06
2161,1.0377957523018524,0.08410347713073485,0.9536922751711175,0.0,0.0,0.0,0.0,2.423538621773169,0.27,0.06
2162,1.0377957523018524,0.0341873214381975,1.0036084308636548,0.0,0.0,0.0,0.0,2.423538621773169,0.27,0.06
2163,0.9091391888620475,0.9091391888620475,0.0,0.0,0.0,0.0,0.0,2.423538621773169,0.27,0.06
2164,0.9091391888620475,0.9091391888620475,0.0,0.0,0.0,0.0,0.0,2.423538621773169,0.27,0.06
2165,0.4206464903690075,0.4206464903690075,0.0,0.0,0.0,0.0,0.0,2.423538621773169,0.27,0.06
2166,0.4206464903690075,0.4206464903690075,0.0,0.0,0.0,0.0,0.0,2.423538621773169,0.27,0.06
2167,0.63674922735667,-0.0,0.63674922735667,0.0,0.0,0.0,0.0,2.423538621773169,0.27,0.06
2168,0.63674922735667,-0.0,0.63674922735667,0.0,0.0,0.0,0.0,2.423538621773169,0.27,0.06
2169,0.49854398858549,-0.0,0.4985439885854901,0.0,0.0,0.0,0.0,2.423538621773169,0.27,0.06
2170,0.49854398858549,0.1710998385133926,0.3274441500720974,0.0,0.0,0.0,0.0,2.423538621773169,0.27,0.06
2171,0.48195935993295,-0.0,0.48195935993295,0.0,0.0,0.0,0.0,2.423538621773169,0.27,0.06
2172,0.48195935993295,0.0,0.48195935993295,0.0,0.0,0.0,0.0,2.423538621773169,0.27,0.06
2173,0.586995341399045,0.08229089399248507,0.5047044474065598,0.0,0.0,0.0,0.0,2.423538621773169,0.27,0.06
2174,0.586995341399045,0.5415607645679109,-0.0,0.0,0.0,0.045434576831134055,0.0,2.4115821541860285,0.27,0.06
2175,0.4573336992064475,0.0,0.4573336992064475,0.0,0.0,0.0,0.0,2.4115821541860285,0.27,0.06
2176,0.4573336992064475,-0.0,0.4573336992064475,0.0,0.0,0.0,0.0,2.4115821541860285,0.27,0.06
2177,0.478943972905215,0.0,0.478943972905215,0.0,0.0,0.0,0.0,2.4115821541860285,0.27,0.06
2178,0.478943972905215,0.0,0.478943972905215,0.0,0.0,0.0,0.0,2.4115821541860285,0.27,0.06
2179,0.4563285701972025,0.0,0.4563285701972025,0.0,0.0,0.0,0.0,2.4115821541860285,0.27,0.06
2180,0.4563285701972025,0.0,0.4563285701972025,0.0,0.0,0.0,0.0,2.4115821541860285,0.27,0.06
2181,0.0773949337118605,0.07739493371186068,-0.0,0.0,0.0,0.0,0.0,2.4115821541860285,0.27,0.06
2182,0.0773949337118605,0.0,0.0773949337118605,0.0,0.0,0.0,0.0,2.4115821541860285,0.27,0.06
2183,0.298020751241125,0.0,0.298020751241125,0.0,0.0,0.0,0.0,2.4115821541860285,0.27,0.06
2184,0.298020751241125,0.0,0.298020751241125,0.0,0.0,0.0,0.0,2.4115821541860285,0.27,0.06
2185,0.57593892229735,0.0,0.57593892229735,0.0,0.0,0.0,0.0,2.4115821541860285,0.27,0.06
2186,0.57593892229735,0.0,0.5759389222973499,0.0,0.0,1.1102230246251565e-16,0.0,2.4115821541860285,0.27,0.06
2187,0.12363086813712774,0.0,0.12363086813712743,0.0,0.0,-1.1102230246251565e-16,0.0,2.4115821541860285,0.27,0.06
2188,0.12363086813712774,0.0,0.12363086813712698,0.0,0.0,0.0,0.0,2.4115821541860285,0.27,0.06
2189,0.1105641910169435,0.0,0.11056419101694281,0.0,0.0,0.0,0.0,2.4115821541860285,0.27,0.06
2190,0.1105641910169435,0.0,0.11056419101694281,0.0,0.0,0.0,0.0,2.4115821541860285,0.27,0.06
2191,0.16685141553466026,0.0,0.16685141553466026,0.0,0.0,0.0,0.0,2.4115821541860285,0.27,0.06
2192,0.16685141553466026,0.0,0.16685141553466026,0.0,0.0,0.0,0.0,2.4115821541860285,0.27,0.06
2193,0.1447385773312715,0.0,0.1447385773312715,0.0,0.0,0.0,0.0,2.4115821541860285,0.27,0.06
2194,0.1447385773312715,0.0,0.1447385773312715,0.0,0.0,0.0,0.0,2.4115821541860285,0.27,0.06
2195,0.16484115751617026,0.0,0.16484115751617026,0.0,0.0,0.0,0.0,2.4115821541860285,0.27,0.06
2196,0.16484115751617026,0.0,0.16484115751617026,0.0,0.0,0.0,0.0,2.4115821541860285,0.27,0.06
2197,0.12915907768797474,0.0,0.12915907768797474,0.0,0.0,0.0,0.0,2.4115821541860285,0.27,0.06
2198,0.12915907768797474,0.0,0.12915907768797474,0.0,0.0,0.0,0.0,2.4115821541860285,0.27,0.06
2199,0.0753846756933705,0.0,0.0753846756933705,0.0,0.0,0.0,0.0,2.4115821541860285,0.27,0.06
2200,0.0753846756933705,0.0,0.07538467569337115,0.0,0.0,0.0,0.0,2.4115821541860285,0.27,0.06
2201,0.065333385600921,0.0,0.06533338560092083,0.0,0.0,0.0,0.0,2.4115821541860285,0.27,0.06
2202,0.065333385600921,0.0,0.06533338560092083,0.0,0.0,0.0,0.0,2.4115821541860285,0.27,0.06
2203,0.34576437918026,0.0,0.34576437918026,0.0,0.0,0.0,0.0,2.4115821541860285,0.27,0.06
2204,0.34576437918026,0.0,0.34576437918026,0.0,0.0,0.0,0.0,2.4115821541860285,0.27,0.06
2205,0.11508727155854576,0.0,0.11508727155854576,0.0,0.0,0.0,0.0,2.4115821541860285,0.27,0.06
2206,0.11508727155854576,0.0,0.11508727155854576,0.0,0.0,0.0,0.0,2.4115821541860285,0.27,0.06
2207,0.12413343264175025,0.0,0.12413343264175025,0.0,0.0,0.0,0.0,2.4115821541860285,0.27,0.06
2208,0.12413343264175025,0.0,0.12413343264175025,0.0,0.0,0.0,0.0,2.4115821541860285,0.27,0.06
2209,0.07940519173035025,0.0,0.07940519173035025,0.0,0.0,0.0,0.0,2.4115821541860285,0.27,0.06
2210,0.07940519173035025,0.0,0.07940519173035025,0.0,0.0,0.0,0.0,2.4115821541860285,0.27,0.06
2211,0.06432825659167625,0.0,0.06432825659167625,0.0,0.0,0.0,0.0,2.4115821541860285,0.27,0.06
2212,0.06432825659167625,0.0,0.06432825659167597,0.0,0.0,0.0,0.0,2.4115821541860285,0.27,0.06
2213,0.07086159515176825,0.0,0.07086159515176825,0.0,0.0,0.0,0.0,2.4115821541860285,0.27,0.06
2214,0.07086159515176825,0.0,0.07086159515176825,0.0,0.0,0.0,0.0,2.4115821541860285,0.27,0.06
2215,0.0773949337118605,0.0,0.07739493371185979,0.0,0.0,0.0,0.0,2.4115821541860285,0.27,0.06
2216,0.0773949337118605,0.0,0.0773949337118605,0.0,0.0,0.0,0.0,2.4115821541860285,0.27,0.06
2217,0.084430836776575,0.0,0.084430836776575,0.0,0.0,0.0,0.0,2.4115821541860285,0.27,0.06
2218,0.084430836776575,0.0,0.084430836776575,0.0,0.0,0.0,0.0,2.4115821541860285,0.27,0.06
2219,0.091969304345912,0.0,0.091969304345912,0.0,0.0,0.0,0.0,2.4115821541860285,0.27,0.06
2220,0.091969304345912,0.0,0.091969304345912,0.0,0.0,0.0,0.0,2.4115821541860285,0.27,0.06
2221,0.07186672416101325,0.0,0.07186672416101325,0.0,0.0,0.0,0.0,2.4115821541860285,0.27,0.06
2222,0.07186672416101325,0.0,0.07186672416101325,0.0,0.0,0.0,0.0,2.4115821541860285,0.27,0.06
2223,0.07236928866563574,0.0,0.07236928866563574,0.0,0.0,0.0,0.0,2.4115821541860285,0.27,0.06
2224,0.07236928866563574,0.0,0.07236928866563552,0.0,0.0,0.0,0.0,2.4115821541860285,0.27,0.06
2225,0.05427696649922675,0.0,0.05427696649922675,0.0,0.0,0.0,0.0,2.4115821541860285,0.27,0.06
2226,0.05427696649922675,0.0,0.05427696649922742,0.0,0.0,0.0,0.0,2.4115821541860285,0.27,0.06
2227,0.084430836776575,0.0,0.08443083677657448,0.0,0.0,0.0,0.0,2.4115821541860285,0.27,0.06
2228,0.084430836776575,0.0,0.08443083677657448,0.0,0.0,0.0,0.0,2.4115821541860285,0.27,0.06
2229,0.09850264290600425,0.0,0.09850264290600425,0.0,0.0,0.0,0.0,2.4115821541860285,0.27,0.06
2230,0.09850264290600425,0.0,0.09850264290600425,0.0,0.0,0.0,0.0,2.4115821541860285,0.27,0.06
2231,0.102523158942984,0.0,0.102523158942984,0.0,0.0,0.0,0.0,2.4115821541860285,0.27,0.06
2232,0.102523158942984,0.0,0.102523158942984,0.0,0.0,0.0,0.0,2.4115821541860285,0.27,0.06
2233,0.12363086813712774,0.0,0.12363086813712774,0.0,0.0,0.0,0.0,2.4115821541860285,0.27,0.06
2234,0.12363086813712774,0.0,0.12363086813712774,0.0,0.0,0.0,0.0,2.4115821541860285,0.27,0.06
2235,0.3075694768289525,0.0,0.3075694768289525,0.0,0.0,0.0,0.0,2.4115821541860285,0.27,0.06
2236,0.3075694768289525,0.0,0.3075694768289525,0.0,0.0,0.0,0.0,2.4115821541860285,0.27,0.06
2237,0.13720010976193425,0.0,0.13720010976193425,0.0,0.0,0.0,0.0,2.4115821541860285,0.27,0.06
2238,0.13720010976193425,0.0,0.13720010976193425,0.0,0.0,0.0,0.0,2.4115821541860285,0.27,0.06
2239,0.29098484817641,0.0,0.2909848481764099,0.0,0.0,0.0,0.0,2.4115821541860285,0.27,0.06
2240,0.29098484817641,0.0,0.2909848481764108,0.0,0.0,0.0,0.0,2.4115821541860285,0.27,0.06
2241,0.092974433355157,-0.0,0.092974433355157,0.0,0.0,0.0,0.0,2.4115821541860285,0.27,0.06
2242,0.092974433355157,0.092974433355157,0.0,0.0,0.0,0.0,0.0,2.4115821541860285,0.27,0.06
2243,0.08242057875808526,0.08242057875808526,0.0,0.0,0.0,0.0,0.0,2.4115821541860285,0.27,0.06
2244,0.08242057875808526,0.0824205787580854,-0.0,0.0,0.0,0.0,0.0,2.4115821541860285,0.27,0.06
2245,0.0773949337118605,0.0773949337118605,0.0,0.0,0.0,0.0,0.0,2.4115821541860285,0.27,0.06
2246,0.0773949337118605,0.0773949337118605,0.0,0.0,0.0,0.0,0.0,2.4115821541860285,0.27,0.06
2247,0.0572923535269615,0.0572923535269615,0.0,0.0,0.0,0.0,0.0,2.4115821541860285,0.27,0.06
2248,0.0572923535269615,0.0572923535269615,0.0,0.0,0.0,0.0,0.0,2.4115821541860285,0.27,0.06
2249,0.07890262722572775,0.0789026272257276,-0.0,0.0,0.0,0.0,0.0,2.4115821541860285,0.27,0.06
2250,0.07890262722572775,0.07890262722572775,0.0,0.0,0.0,0.0,0.0,2.4115821541860285,0.27,0.06
2251,0.07136415965639074,0.0,-0.0,0.0,0.0,0.07136415965639031,0.0,2.392802112171189,0.27,0.06
2252,0.07136415965639074,0.07136415965639074,0.0,0.0,0.0,0.0,0.0,2.392802112171189,0.27,0.06
2253,0.08041032073959525,0.08041032073959525,0.0,0.0,0.0,0.0,0.0,2.392802112171189,0.27,0.06
2254,0.08041032073959525,0.08041032073959525,0.0,0.0,0.0,0.0,0.0,2.392802112171189,0.27,0.06
2255,1.0036213157310725,0.38008472699594,0.6235365887351325,0.0,0.0,0.0,0.0,2.392802112171189,0.27,0.06
2256,1.0036213157310725,0.033624427870645734,0.9699968878604268,0.0,0.0,0.0,0.0,2.392802112171189,0.27,0.06
2257,1.0332726215037975,-0.0,1.0332726215037975,0.0,0.0,0.0,0.0,2.392802112171189,0.27,0.06
2258,1.0332726215037975,0.0,1.0332726215037975,0.0,0.0,0.0,0.0,2.392802112171189,0.27,0.06
2259,0.90310846506303,0.90310846506303,0.0,0.0,0.0,0.0,0.0,2.392802112171189,0.27,0.06
2260,0.90310846506303,0.90310846506303,0.0,0.0,0.0,0.0,0.0,2.392802112171189,0.27,0.06
2261,0.4266772644244775,0.4266772644244775,0.0,0.0,0.0,0.0,0.0,2.392802112171189,0.27,0.06
2262,0.4266772644244775,0.4266772644244775,0.0,0.0,0.0,0.0,0.0,2.392802112171189,0.27,0.06
2263,0.6493133902286825,0.6493133902286825,0.0,0.0,0.0,0.0,0.0,2.392802112171189,0.27,0.06
2264,0.6493133902286825,0.6493133902286825,0.0,0.0,0.0,0.0,0.0,2.392802112171189,0.27,0.06
2265,0.47793884389597,0.47793884389597,0.0,0.0,0.0,0.0,0.0,2.392802112171189,0.27,0.06
2266,0.47793884389597,0.47793884389597,0.0,0.0,0.0,0.0,0.0,2.392802112171189,0.27,0.06
2267,0.46185677974805,0.46185677974805,0.0,0.0,0.0,0.0,0.0,2.392802112171189,0.27,0.06
2268,0.46185677974805,0.46185677974805006,-0.0,0.0,0.0,0.0,0.0,2.392802112171189,0.27,0.06
2269,0.61262613113479,0.26697577134139894,0.3456503597933911,0.0,0.0,0.0,0.0,2.392802112171189,0.27,0.06
2270,0.61262613113479,0.13850221628988524,0.4741239148449048,0.0,0.0,0.0,0.0,2.392802112171189,0.27,0.06
2271,0.4854773114653075,-0.0,0.4854773114653075,0.0,0.0,0.0,0.0,2.392802112171189,0.27,0.06
2272,0.4854773114653075,-0.0,0.4854773114653072,0.0,0.0,0.0,0.0,2.392802112171189,0.27,0.06
2273,0.4593439572249375,0.45934395722493715,-0.0,0.0,0.0,0.0,0.0,2.392802112171189,0.27,0.06
2274,0.4593439572249375,0.45934395722493715,-0.0,0.0,0.0,0.0,0.0,2.392802112171189,0.27,0.06
2275,0.63473896933818,-0.0,0.63473896933818,0.0,0.0,0.0,0.0,2.392802112171189,0.27,0.06
2276,0.63473896933818,-0.0,0.63473896933818,0.0,0.0,0.0,0.0,2.392802112171189,0.27,0.06
2277,0.35581566927271,0.0,0.35581566927271,0.0,0.0,0.0,0.0,2.392802112171189,0.27,0.06
2278,0.35581566927271,-0.0,0.35581566927271,0.0,0.0,0.0,0.0,2.392802112171189,0.27,0.06
2279,0.1020205944383615,0.0,0.1020205944383615,0.0,0.0,0.0,0.0,2.392802112171189,0.27,0.06
2280,0.1020205944383615,0.0,0.1020205944383615,0.0,0.0,0.0,0.0,2.392802112171189,0.27,0.06
2281,0.3960208296425075,0.0,0.3960208296425075,0.0,0.0,0.0,0.0,2.392802112171189,0.27,0.06
2282,0.3960208296425075,0.0,0.3960208296425075,0.0,0.0,0.0,0.0,2.392802112171189,0.27,0.06
2283,0.076892369207238,0.0,0.076892369207238,0.0,0.0,0.0,0.0,2.392802112171189,0.27,0.06
2284,0.076892369207238,0.0,0.076892369207238,0.0,0.0,0.0,0.0,2.392802112171189,0.27,0.06
2285,0.1321744647157095,0.0,0.1321744647157095,0.0,0.0,0.0,0.0,2.392802112171189,0.27,0.06
2286,0.1321744647157095,0.0,0.1321744647157095,0.0,0.0,0.0,0.0,2.392802112171189,0.27,0.06
2287,0.16283089949768026,0.0,0.16283089949767948,0.0,0.0,0.0,0.0,2.392802112171189,0.27,0.06
2288,0.16283089949768026,0.0,0.16283089949768026,0.0,0.0,0.0,0.0,2.392802112171189,0.27,0.06
2289,0.1512719158913635,0.0,0.15127191589136324,0.0,0.0,0.0,0.0,2.392802112171189,0.27,0.06
2290,0.1512719158913635,0.0,0.15127191589136402,0.0,0.0,0.0,0.0,2.392802112171189,0.27,0.06
2291,0.11357957804467825,0.0,0.11357957804467844,0.0,0.0,0.0,0.0,2.392802112171189,0.27,0.06
2292,0.11357957804467825,0.0,0.11357957804467825,0.0,0.0,0.0,0.0,2.392802112171189,0.27,0.06
2293,0.0944821268690245,0.0,0.0944821268690245,0.0,0.0,0.0,0.0,2.392802112171189,0.27,0.06
2294,0.0944821268690245,0.0,0.0944821268690245,0.0,0.0,0.0,0.0,2.392802112171189,0.27,0.06
2295,0.057794918031584,0.0,0.057794918031584,0.0,0.0,0.0,0.0,2.392802112171189,0.27,0.06
2296,0.057794918031584,0.0,0.057794918031584,0.0,0.0,0.0,0.0,2.392802112171189,0.27,0.06
2297,0.0432205473975325,0.0,0.0432205473975325,0.0,0.0,0.0,0.0,2.392802112171189,0.27,0.06
2298,0.0432205473975325,0.0,0.0432205473975325,0.0,0.0,0.0,0.0,2.392802112171189,0.27,0.06
2299,0.0603077405546965,0.0,0.0603077405546965,0.0,0.0,0.0,0.0,2.392802112171189,0.27,0.06
2300,0.0603077405546965,0.0,0.060307740554696246,0.0,0.0,0.0,0.0,2.392802112171189,0.27,0.06
2301,0.0688513371332785,0.0,0.0688513371332785,0.0,0.0,0.0,0.0,2.392802112171189,0.27,0.06
2302,0.0688513371332785,0.0,0.06885133713327818,0.0,0.0,0.0,0.0,2.392802112171189,0.27,0.06
2303,0.3301848795369625,0.0,0.3301848795369633,0.0,0.0,0.0,0.0,2.392802112171189,0.27,0.06
2304,0.3301848795369625,0.0,0.3301848795369624,0.0,0.0,0.0,0.0,2.392802112171189,0.27,0.06
2305,0.118605223090903,0.0,0.118605223090903,0.0,0.0,0.0,0.0,2.392802112171189,0.27,0.06
2306,0.118605223090903,0.0,0.118605223090903,0.0,0.0,0.0,0.0,2.392802112171189,0.27,0.06
2307,0.05678978902233925,0.0,0.05678978902233925,0.0,0.0,0.0,0.0,2.392802112171189,0.27,0.06
2308,0.05678978902233925,0.0,0.05678978902233925,0.0,0.0,0.0,0.0,2.392802112171189,0.27,0.06
2309,0.08543596578582,0.0,0.08543596578582,0.0,0.0,0.0,0.0,2.392802112171189,0.27,0.06
2310,0.08543596578582,0.0,0.08543596578582,0.0,0.0,0.0,0.0,2.392802112171189,0.27,0.06
2311,0.0763898047026155,0.0,0.0763898047026155,0.0,0.0,0.0,0.0,2.392802112171189,0.27,0.06
2312,0.0763898047026155,0.0,0.0763898047026155,0.0,0.0,0.0,0.0,2.392802112171189,0.27,0.06
2313,0.076892369207238,0.0,0.076892369207238,0.0,0.0,0.0,0.0,2.392802112171189,0.27,0.06
2314,0.076892369207238,0.0,0.07689236920723805,0.0,0.0,0.0,0.0,2.392802112171189,0.27,0.06
2315,0.09598982038289175,0.0,0.09598982038289175,0.0,0.0,0.0,0.0,2.392802112171189,0.27,0.06
2316,0.09598982038289175,0.0,0.09598982038289175,0.0,0.0,0.0,0.0,2.392802112171189,0.27,0.06
2317,0.0688513371332785,0.0,0.06885133713327818,0.0,0.0,0.0,0.0,2.392802112171189,0.27,0.06
2318,0.0688513371332785,0.0,0.0688513371332785,0.0,0.0,0.0,0.0,2.392802112171189,0.27,0.06
2319,0.08041032073959525,0.0,0.08041032073959525,0.0,0.0,0.0,0.0,2.392802112171189,0.27,0.06
2320,0.08041032073959525,0.0,0.08041032073959525,0.0,0.0,0.0,0.0,2.392802112171189,0.27,0.06
2321,0.09598982038289175,0.0,0.09598982038289175,0.0,0.0,0.0,0.0,2.392802112171189,0.27,0.06
2322,0.09598982038289175,0.0,0.09598982038289175,0.0,0.0,0.0,0.0,2.392802112171189,0.27,0.06
2323,0.10453341696147375,0.0,0.10453341696147375,0.0,0.0,0.0,0.0,2.392802112171189,0.27,0.06
2324,0.10453341696147375,0.0,0.10453341696147375,0.0,0.0,0.0,0.0,2.392802112171189,0.27,0.06
2325,0.1447385773312715,0.0,0.1447385773312715,0.0,0.0,0.0,0.0,2.392802112171189,0.27,0.06
2326,0.1447385773312715,0.0,0.1447385773312706,0.0,0.0,0.0,0.0,2.392802112171189,0.27,0.06
2327,0.090964175336667,0.0,0.090964175336667,0.0,0.0,0.0,0.0,2.392802112171189,0.27,0.06
2328,0.090964175336667,0.0,0.09096417533666613,0.0,0.0,0.0,0.0,2.392802112171189,0.27,0.06
2329,0.11508727155854576,0.0,0.11508727155854537,0.0,0.0,0.0,0.0,2.392802112171189,0.27,0.06
2330,0.11508727155854576,0.0,0.11508727155854576,0.0,0.0,0.0,0.0,2.392802112171189,0.27,0.06
2331,0.10352828795222875,0.0,0.10352828795222875,0.0,0.0,0.0,0.0,2.392802112171189,0.27,0.06
2332,0.10352828795222875,0.0,0.10352828795222875,0.0,0.0,0.0,0.0,2.392802112171189,0.27,0.06
2333,0.069353901637901,0.0,0.069353901637901,0.0,0.0,0.0,0.0,2.392802112171189,0.27,0.06
2334,0.069353901637901,0.0,0.069353901637901,0.0,0.0,0.0,0.0,2.392802112171189,0.27,0.06
2335,0.0859385302904425,0.0,0.0859385302904425,0.0,0.0,0.0,0.0,2.392802112171189,0.27,0.06
2336,0.0859385302904425,0.0,0.0859385302904425,0.0,0.0,0.0,0.0,2.392802112171189,0.27,0.06
2337,0.10453341696147375,0.10453341696147378,-0.0,0.0,0.0,0.0,0.0,2.392802112171189,0.27,0.06
2338,0.10453341696147375,0.0,0.10453341696147375,0.0,0.0,0.0,0.0,2.392802112171189,0.27,0.06
2339,0.0944821268690245,0.09448212686902435,-0.0,0.0,0.0,0.0,0.0,2.392802112171189,0.27,0.06
2340,0.0944821268690245,0.0944821268690245,0.0,0.0,0.0,0.0,0.0,2.392802112171189,0.27,0.06
2341,0.1010154654291165,0.0,0.1010154654291165,0.0,0.0,0.0,0.0,2.392802112171189,0.27,0.06
2342,0.1010154654291165,0.0,0.1010154654291165,0.0,0.0,0.0,0.0,2.392802112171189,0.27,0.06
2343,0.07086159515176825,0.07086159515176825,0.0,0.0,0.0,0.0,0.0,2.392802112171189,0.27,0.06
2344,0.07086159515176825,0.07086159515176825,0.0,0.0,0.0,0.0,0.0,2.392802112171189,0.27,0.06
2345,0.07035903064714576,0.011783569741815589,0.05857546090533017,0.0,0.0,0.0,0.0,2.392802112171189,0.27,0.06
2346,0.07035903064714576,0.07035903064714576,0.0,0.0,0.0,0.0,0.0,2.392802112171189,0.27,0.06
2347,0.07035903064714576,0.07035903064714576,0.0,0.0,0.0,0.0,0.0,2.392802112171189,0.27,0.06
2348,0.07035903064714576,0.07035903064714576,0.0,0.0,0.0,0.0,0.0,2.392802112171189,0.27,0.06
2349,0.0763898047026155,0.0763898047026155,0.0,0.0,0.0,0.0,0.0,2.392802112171189,0.27,0.06
2350,0.0763898047026155,3.3763898047026153,0.0,0.0,3.3,0.0,0.0,3.176552112171189,0.27,0.06
2351,1.0207084586317876,1.0207084586317876,0.0,0.0,0.0,0.0,0.0,3.176552112171189,0.27,0.06
2352,1.0207084586317876,1.0207084586317876,0.0,0.0,0.0,0.0,0.0,3.176552112171189,0.27,0.06
2353,1.020205944383615,1.020205944383615,0.0,0.0,0.0,0.0,0.0,3.176552112171189,0.27,0.06
2354,1.020205944383615,1.020205944383615,0.0,0.0,0.0,0.0,0.0,3.176552112171189,0.27,0.06
2355,0.886021221649415,0.886021221649415,0.0,0.0,0.0,0.0,0.0,3.176552112171189,0.27,0.06
2356,0.886021221649415,0.886021221649415,0.0,0.0,0.0,0.0,0.0,3.176552112171189,0.27,0.06
2357,0.436225990012305,1.2046500116863093,0.0,0.0,0.7684240216740043,0.0,0.0,3.359052817318765,0.27,0.06
2358,0.436225990012305,0.436225990012305,0.0,0.0,0.0,0.0,0.0,3.359052817318765,0.27,0.06
2359,0.62267742122724,0.62267742122724,0.0,0.0,0.0,0.0,0.0,3.359052817318765,0.27,0.06
2360,0.62267742122724,0.62267742122724,0.0,0.0,0.0,0.0,0.0,3.359052817318765,0.27,0.06
2361,0.46386703776654,0.46386703776654,0.0,0.0,0.0,0.0,0.0,3.359052817318765,0.27,0.06
2362,0.46386703776654,0.46386703776654,0.0,0.0,0.0,0.0,0.0,3.359052817318765,0.27,0.06
2363,0.49251321453002,0.2089067782977052,0.2836064362323148,0.0,0.0,0.0,0.0,3.359052817318765,0.27,0.06
2364,0.49251321453002,0.1480394269112959,0.3444737876187241,0.0,0.0,0.0,0.0,3.359052817318765,0.27,0.06
2365,0.6025748410423425,-0.0,0.6025748410423426,0.0,0.0,0.0,0.0,3.359052817318765,0.27,0.06
2366,0.6025748410423425,0.0,0.6025748410423425,0.0,0.0,0.0,0.0,3.359052817318765,0.27,0.06
2367,0.30907717034282,0.0,0.30907717034282,0.0,0.0,0.0,0.0,3.359052817318765,0.27,0.06
2368,0.30907717034282,0.30907717034282,0.0,0.0,0.0,0.0,0.0,3.359052817318765,0.27,0.06
2369,0.20504631788596775,0.2050463178859676,-0.0,0.0,0.0,0.0,0.0,3.359052817318765,0.27,0.06
2370,0.20504631788596775,0.20504631788596775,0.0,0.0,0.0,0.0,0.0,3.359052817318765,0.27,0.06
2371,0.29902588025037,0.0,0.29902588025037,0.0,0.0,0.0,0.0,3.359052817318765,0.27,0.06
2372,0.29902588025037,-0.0,0.29902588025037,0.0,0.0,0.0,0.0,3.359052817318765,0.27,0.06
2373,0.09498469137364675,0.09498469137364675,0.0,0.0,0.0,0.0,0.0,3.359052817318765,0.27,0.06
2374,0.09498469137364675,0.008588041372428239,0.08639665000121852,0.0,0.0,0.0,0.0,3.359052817318765,0.27,0.06
2375,0.076892369207238,-0.0,0.076892369207238,0.0,0.0,0.0,0.0,3.359052817318765,0.27,0.06
2376,0.076892369207238,0.0,0.076892369207238,0.0,0.0,0.0,0.0,3.359052817318765,0.27,0.06
2377,0.625692808254975,0.0,0.6256928082549749,0.0,0.0,-1.0547118733938988e-16,0.0,3.359052817318765,0.27,0.06
2378,0.625692808254975,0.0,0.6256928082549749,0.0,0.0,1.1102230246251565e-16,0.0,3.359052817318765,0.27,0.06
2379,0.12162061011863776,0.0,0.12162061011863834,0.0,0.0,0.0,0.0,3.359052817318765,0.27,0.06
2380,0.12162061011863776,0.0,0.12162061011863834,0.0,0.0,0.0,0.0,3.359052817318765,0.27,0.06
2381,0.10754880398920875,0.0,0.10754880398920875,0.0,0.0,0.0,0.0,3.359052817318765,0.27,0.06
2382,0.10754880398920875,0.0,0.10754880398920875,0.0,0.0,0.0,0.0,3.359052817318765,0.27,0.06
2383,0.12966164219259724,0.0,0.12966164219259724,0.0,0.0,0.0,0.0,3.359052817318765,0.27,0.06
2384,0.12966164219259724,0.0,0.12966164219259724,0.0,0.0,0.0,0.0,3.359052817318765,0.27,0.06
2385,0.13669754525731176,0.0,0.13669754525731176,0.0,0.0,0.0,0.0,3.359052817318765,0.27,0.06
2386,0.13669754525731176,0.0,0.13669754525731176,0.0,0.0,0.0,0.0,3.359052817318765,0.27,0.06
2387,0.118605223090903,0.0,0.118605223090903,0.0,0.0,0.0,0.0,3.359052817318765,0.27,0.06
2388,0.118605223090903,0.0,0.118605223090903,0.0,0.0,0.0,0.0,3.359052817318765,0.27,0.06
2389,0.12815394867873,0.0,0.12815394867873,0.0,0.0,0.0,0.0,3.359052817318765,0.27,0.06
2390,0.12815394867873,0.0,0.12815394867872953,0.0,0.0,0.0,0.0,3.359052817318765,0.27,0.06
2391,0.10654367497996375,0.0,0.10654367497996375,0.0,0.0,0.0,0.0,3.359052817318765,0.27,0.06
2392,0.10654367497996375,0.0,0.10654367497996375,0.0,0.0,0.0,0.0,3.359052817318765,0.27,0.06
2393,0.15378473841447576,0.0,0.15378473841447615,0.0,0.0,0.0,0.0,3.359052817318765,0.27,0.06
2394,0.15378473841447576,0.0,0.15378473841447576,0.0,0.0,0.0,0.0,3.359052817318765,0.27,0.06
2395,0.1542873029190985,0.0,0.1542873029190985,0.0,0.0,0.0,0.0,3.359052817318765,0.27,0.06
2396,0.1542873029190985,0.0,0.1542873029190985,0.0,0.0,0.0,0.0,3.359052817318765,0.27,0.06
2397,0.1417231903035365,0.0,0.1417231903035365,0.0,0.0,0.0,0.0,3.359052817318765,0.27,0.06
2398,0.1417231903035365,0.0,0.1417231903035365,0.0,0.0,0.0,0.0,3.359052817318765,0.27,0.06
2399,0.14122062579891426,0.0,0.14122062579891426,0.0,0.0,0.0,0.0,3.359052817318765,0.27,0.06
2400,0.14122062579891426,0.0,0.14122062579891426,0.0,0.0,0.0,0.0,3.359052817318765,0.27,0.06
2401,0.31510794439829,0.0,0.31510794439829,0.0,0.0,0.0,0.0,3.359052817318765,0.27,0.06
2402,0.31510794439829,0.0,0.31510794439829076,0.0,0.0,0.0,0.0,3.359052817318765,0.27,0.06
2403,0.22364120455699926,0.0,0.22364120455699926,0.0,0.0,0.0,0.0,3.359052817318765,0.27,0.06
2404,0.22364120455699926,0.0,0.22364120455699954,0.0,0.0,0.0,0.0,3.359052817318765,0.27,0.06
2405,0.12262573912788274,0.0,0.12262573912788355,0.0,0.0,0.0,0.0,3.359052817318765,0.27,0.06
2406,0.12262573912788274,0.0,0.12262573912788274,0.0,0.0,0.0,0.0,3.359052817318765,0.27,0.06
2407,0.12363086813712774,0.0,0.12363086813712774,0.0,0.0,0.0,0.0,3.359052817318765,0.27,0.06
2408,0.12363086813712774,0.0,0.12363086813712774,0.0,0.0,0.0,0.0,3.359052817318765,0.27,0.06
2409,0.1000103364198715,0.0,0.1000103364198715,0.0,0.0,0.0,0.0,3.359052817318765,0.27,0.06
2410,0.1000103364198715,0.0,0.1000103364198715,0.0,0.0,0.0,0.0,3.359052817318765,0.27,0.06
2411,0.07236928866563574,0.0,0.07236928866563574,0.0,0.0,0.0,0.0,3.359052817318765,0.27,0.06
2412,0.07236928866563574,0.0,0.07236928866563574,0.0,0.0,0.0,0.0,3.359052817318765,0.27,0.06
2413,0.0507590149668695,0.0,0.0507590149668695,0.0,0.0,0.0,0.0,3.359052817318765,0.27,0.06
2414,0.0507590149668695,0.0,0.05075901496686965,0.0,0.0,0.0,0.0,3.359052817318765,0.27,0.06
2415,0.03568207982819525,0.0,0.03568207982819525,0.0,0.0,0.0,0.0,3.359052817318765,0.27,0.06
2416,0.03568207982819525,0.0,0.03568207982819471,0.0,0.0,0.0,0.0,3.359052817318765,0.27,0.06
2417,0.05477953100384925,0.0,0.05477953100384925,0.0,0.0,0.0,0.0,3.359052817318765,0.27,0.06
2418,0.05477953100384925,0.0,0.05477953100384925,0.0,0.0,0.0,0.0,3.359052817318765,0.27,0.06
2419,0.0593026115454515,0.0,0.0593026115454515,0.0,0.0,0.0,0.0,3.359052817318765,0.27,0.06
2420,0.0593026115454515,0.0,0.0593026115454515,0.0,0.0,0.0,0.0,3.359052817318765,0.27,0.06
2421,0.0688513371332785,0.0,0.0688513371332785,0.0,0.0,0.0,0.0,3.359052817318765,0.27,0.06
2422,0.0688513371332785,0.0,0.0688513371332785,0.0,0.0,0.0,0.0,3.359052817318765,0.27,0.06
2423,0.07236928866563574,0.0,0.07236928866563574,0.0,0.0,0.0,0.0,3.359052817318765,0.27,0.06
2424,0.07236928866563574,0.0,0.07236928866563574,0.0,0.0,0.0,0.0,3.359052817318765,0.27,0.06
2425,0.2618361069083075,0.0,0.2618361069083075,0.0,0.0,0.0,0.0,3.359052817318765,0.27,0.06
2426,0.2618361069083075,0.0,0.2618361069083075,0.0,0.0,0.0,0.0,3.359052817318765,0.27,0.06
2427,0.13066677120184225,0.0,0.13066677120184225,0.0,0.0,0.0,0.0,3.359052817318765,0.27,0.06
2428,0.13066677120184225,0.0,0.13066677120184286,0.0,0.0,0.0,0.0,3.359052817318765,0.27,0.06
2429,0.3573233627865775,0.0,0.35732336278657684,0.0,0.0,0.0,0.0,3.359052817318765,0.27,0.06
2430,0.3573233627865775,0.0,0.3573233627865777,0.0,0.0,0.0,0.0,3.359052817318765,0.27,0.06
2431,0.09498469137364675,0.0,0.09498469137364651,0.0,0.0,0.0,0.0,3.359052817318765,0.27,0.06
2432,0.09498469137364675,0.0,0.09498469137364675,0.0,0.0,0.0,0.0,3.359052817318765,0.27,0.06
2433,0.11408214254930076,-0.0,0.11408214254930076,0.0,0.0,0.0,0.0,3.359052817318765,0.27,0.06
2434,0.11408214254930076,0.0,0.11408214254930076,0.0,0.0,0.0,0.0,3.359052817318765,0.27,0.06
2435,0.195497592298141,0.00219654685150604,0.19330104544663496,0.0,0.0,0.0,0.0,3.359052817318765,0.27,0.06
2436,0.195497592298141,0.0,0.195497592298141,0.0,0.0,0.0,0.0,3.359052817318765,0.27,0.06
2437,0.119610352100148,0.119610352100148,0.0,0.0,0.0,0.0,0.0,3.359052817318765,0.27,0.06
2438,0.119610352100148,-0.0,0.119610352100148,0.0,0.0,0.0,0.0,3.359052817318765,0.27,0.06
2439,0.08242057875808526,0.08242057875808526,0.0,0.0,0.0,0.0,0.0,3.359052817318765,0.27,0.06
2440,0.08242057875808526,0.0824205787580854,-0.0,0.0,0.0,0.0,0.0,3.359052817318765,0.27,0.06
2441,0.0678462081240335,0.0678462081240335,0.0,0.0,0.0,0.0,0.0,3.359052817318765,0.27,0.06
2442,0.0678462081240335,0.0678462081240335,0.0,0.0,0.0,0.0,0.0,3.359052817318765,0.27,0.06
2443,0.10352828795222875,0.10352828795222875,0.0,0.0,0.0,0.0,0.0,3.359052817318765,0.27,0.06
2444,0.10352828795222875,1.2869900734282311,0.0,0.0,1.1834617854760023,0.0,0.0,3.640124991369315,0.27,0.06
2445,0.092974433355157,0.092974433355157,0.0,0.0,0.0,0.0,0.0,3.640124991369315,0.27,0.06
2446,0.092974433355157,0.9783268496128141,0.0,0.0,0.8853524162576571,0.0,0.0,3.8503961902305086,0.27,0.06
2447,0.092974433355157,0.092974433355157,0.0,0.0,0.0,0.0,0.0,3.8503961902305086,0.27,0.06
2448,0.092974433355157,0.092974433355157,0.0,0.0,0.0,0.0,0.0,3.8503961902305086,0.27,0.06
2449,0.9629135908566525,0.9629135908566525,0.0,0.0,0.0,0.0,0.0,3.8503961902305086,0.27,0.06
2450,0.9629135908566525,1.904926542558761,0.0,0.0,0.9420129517021084,0.0,0.0,4.074124266259759,0.27,0.06
2451,0.9925648966293775,0.9925648966293775,0.0,0.0,0.0,0.0,0.0,4.074124266259759,0.27,0.06
2452,0.9925648966293775,0.9925648966293775,0.0,0.0,0.0,0.0,0.0,4.074124266259759,0.27,0.06
2453,1.008144396272675,3.257836068889977,0.0,0.0,2.2496916726173017,0.0,0.0,4.6084260385063684,0.27,0.06
2454,1.008144396272675,1.008144396272675,0.0,0.0,0.0,0.0,0.0,4.6084260385063684,0.27,0.06
2455,0.7377647430422375,0.7377647430422375,0.0,0.0,0.0,0.0,0.0,4.6084260385063684,0.27,0.06
2456,0.7377647430422375,0.7377647430422375,0.0,0.0,0.0,0.0,0.0,4.6084260385063684,0.27,0.06
2457,0.47391832785899,1.4680210607707433,0.0,0.0,0.9941027329117533,0.0,0.0,4.844525437572909,0.27,0.06
2458,0.47391832785899,0.47391832785899,0.0,0.0,0.0,0.0,0.0,4.844525437572909,0.27,0.06
2459,0.621672292217995,0.621672292217995,0.0,0.0,0.0,0.0,0.0,4.844525437572909,0.27,0.06
2460,0.621672292217995,0.5897045132112871,0.031967779006707886,0.0,0.0,0.0,0.0,4.844525437572909,0.27,0.06
2461,0.4533131831694675,0.4533131831694675,0.0,0.0,0.0,0.0,0.0,4.844525437572909,0.27,0.06
2462,0.4533131831694675,0.4533131831694675,0.0,0.0,0.0,0.0,0.0,4.844525437572909,0.27,0.06
2463,0.4543183121787125,0.053774080665743546,0.4005442315129689,0.0,0.0,0.0,0.0,4.844525437572909,0.27,0.06
2464,0.4543183121787125,0.06618246248349971,0.38813584969521275,0.0,0.0,0.0,0.0,4.844525437572909,0.27,0.06
2465,0.6076004860885675,0.6076004860885673,-0.0,0.0,0.0,0.0,0.0,4.844525437572909,0.27,0.06
2466,0.6076004860885675,0.0,0.6076004860885675,0.0,0.0,0.0,0.0,4.844525437572909,0.27,0.06
2467,0.0743795466841255,0.0743795466841255,0.0,0.0,0.0,0.0,0.0,4.844525437572909,0.27,0.06
2468,0.0743795466841255,0.0743795466841255,0.0,0.0,0.0,0.0,0.0,4.844525437572909,0.27,0.06
2469,0.440246506049285,0.06973941781175219,0.3705070882375328,0.0,0.0,0.0,0.0,4.844525437572909,0.27,0.06
2470,0.440246506049285,0.0,0.440246506049285,0.0,0.0,0.0,0.0,4.844525437572909,0.27,0.06
2471,0.7633955327779826,0.0,0.7633955327779826,0.0,0.0,0.0,0.0,4.844525437572909,0.27,0.06
2472,0.7633955327779826,0.0,0.7633955327779826,0.0,0.0,0.0,0.0,4.844525437572909,0.27,0.06
2473,0.6553441140277,0.0,0.6553441140277,0.0,0.0,0.0,0.0,4.844525437572909,0.27,0.06
2474,0.6553441140277,0.0,0.6553441140277,0.0,0.0,0.0,0.0,4.844525437572909,0.27,0.06
2475,0.1181026585862805,0.0,0.1181026585862805,0.0,0.0,0.0,0.0,4.844525437572909,0.27,0.06
2476,0.1181026585862805,0.0,0.1181026585862805,0.0,0.0,0.0,0.0,4.844525437572909,0.27,0.06
2477,0.11357957804467825,0.0,0.11357957804467825,0.0,0.0,0.0,0.0,4.844525437572909,0.27,0.06
2478,0.11357957804467825,0.0,0.11357957804467825,0.0,0.0,0.0,0.0,4.844525437572909,0.27,0.06
2479,0.12614369066024,0.0,0.12614369066023823,0.0,0.0,0.0,0.0,4.844525437572909,0.27,0.06
2480,0.12614369066024,0.0,0.12614369066024,0.0,0.0,0.0,0.0,4.844525437572909,0.27,0.06
2481,0.1522770449006085,0.0,0.15227704490060745,0.0,0.0,0.0,0.0,4.844525437572909,0.27,0.06
2482,0.1522770449006085,0.0,0.1522770449006085,0.0,0.0,0.0,0.0,4.844525437572909,0.27,0.06
2483,0.13921036778042425,0.0,0.13921036778042425,0.0,0.0,0.0,0.0,4.844525437572909,0.27,0.06
2484,0.13921036778042425,0.0,0.13921036778042425,0.0,0.0,0.0,0.0,4.844525437572909,0.27,0.06
2485,0.060810305059319,0.0,0.060810305059319,0.0,0.0,0.0,0.0,4.844525437572909,0.27,0.06
2486,0.060810305059319,0.0,0.060810305059319,0.0,0.0,0.0,0.0,4.844525437572909,0.27,0.06
2487,0.0839282722719525,0.0,0.0839282722719525,0.0,0.0,0.0,0.0,4.844525437572909,0.27,0.06
2488,0.0839282722719525,0.0,0.0839282722719525,0.0,0.0,0.0,0.0,4.844525437572909,0.27,0.06
2489,0.11408214254930076,0.0,0.11408214254930076,0.0,0.0,0.0,0.0,4.844525437572909,0.27,0.06
2490,0.11408214254930076,0.0,0.11408214254930076,0.0,0.0,0.0,0.0,4.844525437572909,0.27,0.06
2491,0.125138561650995,0.0,0.125138561650995,0.0,0.0,0.0,0.0,4.844525437572909,0.27,0.06
2492,0.125138561650995,0.0,0.12513856165099654,0.0,0.0,0.0,0.0,4.844525437572909,0.27,0.06
2493,0.1321744647157095,0.0,0.1321744647157095,0.0,0.0,0.0,0.0,4.844525437572909,0.27,0.06
2494,0.1321744647157095,0.0,0.13217446471571037,0.0,0.0,0.0,0.0,4.844525437572909,0.27,0.06
2495,0.1201129166047705,0.0,0.1201129166047705,0.0,0.0,0.0,0.0,4.844525437572909,0.27,0.06
2496,0.1201129166047705,0.0,0.1201129166047705,0.0,0.0,0.0,0.0,4.844525437572909,0.27,0.06
2497,0.0849334012811975,0.0,0.0849334012811975,0.0,0.0,0.0,0.0,4.844525437572909,0.27,0.06
2498,0.0849334012811975,0.0,0.0849334012811975,0.0,0.0,0.0,0.0,4.844525437572909,0.27,0.06
2499,0.09498469137364675,0.0,0.09498469137364675,0.0,0.0,0.0,0.0,4.844525437572909,0.27,0.06
2500,0.09498469137364675,0.0,0.09498469137364675,0.0,0.0,0.0,0.0,4.844525437572909,0.27,0.06
2501,0.05477953100384925,0.0,0.05477953100384925,0.0,0.0,0.0,0.0,4.844525437572909,0.27,0.06
2502,0.05477953100384925,0.0,0.05477953100384925,0.0,0.0,0.0,0.0,4.844525437572909,0.27,0.06
2503,0.043723111902155,0.0,0.043723111902155,0.0,0.0,0.0,0.0,4.844525437572909,0.27,0.06
2504,0.043723111902155,0.0,0.043723111902155,0.0,0.0,0.0,0.0,4.844525437572909,0.27,0.06
2505,0.07236928866563574,0.0,0.0723692886656373,0.0,0.0,0.0,0.0,4.844525437572909,0.27,0.06
2506,0.07236928866563574,0.0,0.0723692886656373,0.0,0.0,0.0,0.0,4.844525437572909,0.27,0.06
2507,0.090964175336667,0.0,0.09096417533666568,0.0,0.0,0.0,0.0,4.844525437572909,0.27,0.06
2508,0.090964175336667,0.0,0.090964175336667,0.0,0.0,0.0,0.0,4.844525437572909,0.27,0.06
2509,0.08141544974884025,0.0,0.08141544974884025,0.0,0.0,0.0,0.0,4.844525437572909,0.27,0.06
2510,0.08141544974884025,0.0,0.08141544974884025,0.0,0.0,0.0,0.0,4.844525437572909,0.27,0.06
2511,0.069353901637901,0.0,0.069353901637901,0.0,0.0,0.0,0.0,4.844525437572909,0.27,0.06
2512,0.069353901637901,0.0,0.069353901637901,0.0,0.0,0.0,0.0,4.844525437572909,0.27,0.06
2513,0.058800047040829,0.0,0.058800047040829,0.0,0.0,0.0,0.0,4.844525437572909,0.27,0.06
2514,0.058800047040829,0.0,0.058800047040829,0.0,0.0,0.0,0.0,4.844525437572909,0.27,0.06
2515,0.07840006272110525,0.0,0.07840006272110525,0.0,0.0,0.0,0.0,4.844525437572909,0.27,0.06
2516,0.07840006272110525,0.0,0.07840006272110438,0.0,0.0,0.0,0.0,4.844525437572909,0.27,0.06
2517,0.06432825659167625,0.0,0.06432825659167625,0.0,0.0,0.0,0.0,4.844525437572909,0.27,0.06
2518,0.06432825659167625,0.0,0.06432825659167563,0.0,0.0,0.0,0.0,4.844525437572909,0.27,0.06
2519,0.04422567640677725,0.0,0.04422567640677855,0.0,0.0,0.0,0.0,4.844525437572909,0.27,0.06
2520,0.04422567640677725,0.0,0.04422567640677725,0.0,0.0,0.0,0.0,4.844525437572909,0.27,0.06
2521,0.05427696649922675,0.0,0.05427696649922675,0.0,0.0,0.0,0.0,4.844525437572909,0.27,0.06
2522,0.05427696649922675,0.0,0.05427696649922675,0.0,0.0,0.0,0.0,4.844525437572909,0.27,0.06
2523,0.04020516036979775,0.0,0.04020516036979775,0.0,0.0,0.0,0.0,4.844525437572909,0.27,0.06
2524,0.04020516036979775,0.0,0.04020516036979775,0.0,0.0,0.0,0.0,4.844525437572909,0.27,0.06
2525,0.12111804561401525,0.0,0.12111804561401525,0.0,0.0,0.0,0.0,4.844525437572909,0.27,0.06
2526,0.12111804561401525,0.0,0.12111804561401525,0.0,0.0,0.0,0.0,4.844525437572909,0.27,0.06
2527,0.11458470705392325,0.0,0.11458470705392325,0.0,0.0,0.0,0.0,4.844525437572909,0.27,0.06
2528,0.11458470705392325,0.0,0.11458470705392325,0.0,0.0,0.0,0.0,4.844525437572909,0.27,0.06
2529,0.10604111047534125,0.10604111047534115,-0.0,0.0,0.0,0.0,0.0,4.844525437572909,0.27,0.06
2530,0.10604111047534125,-0.0,0.10604111047534125,0.0,0.0,0.0,0.0,4.844525437572909,0.27,0.06
2531,0.0924718688505345,0.09247186885053438,-0.0,0.0,0.0,0.0,0.0,4.844525437572909,0.27,0.06
2532,0.0924718688505345,0.09247186885053438,-0.0,0.0,0.0,0.0,0.0,4.844525437572909,0.27,0.06
2533,0.069353901637901,0.069353901637901,0.0,0.0,0.0,0.0,0.0,4.844525437572909,0.27,0.06
2534,0.069353901637901,0.06935390163790078,-0.0,0.0,0.0,0.0,0.0,4.844525437572909,0.27,0.06
2535,0.0743795466841255,0.0743795466841255,0.0,0.0,0.0,0.0,0.0,4.844525437572909,0.27,0.06
2536,0.0743795466841255,0.3563834240156587,0.0,0.0,0.2820038773315332,0.0,0.0,4.911501358439149,0.27,0.06
2537,0.08543596578582,0.08543596578582,0.0,0.0,0.0,0.0,0.0,4.911501358439149,0.27,0.06
2538,0.08543596578582,0.08543596578582,0.0,0.0,0.0,0.0,0.0,4.911501358439149,0.27,0.06
2539,0.0944821268690245,0.0944821268690245,0.0,0.0,0.0,0.0,0.0,4.911501358439149,0.27,0.06
2540,0.0944821268690245,0.0944821268690245,0.0,0.0,0.0,0.0,0.0,4.911501358439149,0.27,0.06
2541,0.10654367497996375,0.10654367497996375,0.0,0.0,0.0,0.0,0.0,4.911501358439149,0.27,0.06
2542,0.10654367497996375,0.10654367497996375,0.0,0.0,0.0,0.0,0.0,4.911501358439149,0.27,0.06
2543,0.08342570776733,0.08342570776733,0.0,0.0,0.0,0.0,0.0,4.911501358439149,0.27,0.06
2544,0.08342570776733,0.08342570776733,0.0,0.0,0.0,0.0,0.0,4.911501358439149,0.27,0.06
2545,1.0272417971918775,1.0272417971918775,0.0,0.0,0.0,0.0,0.0,4.911501358439149,0.27,0.06
2546,1.0272417971918775,1.3998676563954626,0.0,0.0,0.37262585920358515,0.0,0.0,5.0,0.27,0.06
2547,1.0217136378974825,1.0217136378974825,0.0,0.0,0.0,0.0,0.0,5.0,0.27,0.06
2548,1.0217136378974825,1.0217136378974825,0.0,0.0,0.0,0.0,0.0,5.0,0.27,0.06
2549,0.751836549171665,0.751836549171665,0.0,0.0,0.0,0.0,0.0,5.0,0.27,0.06
2550,0.751836549171665,0.751836549171665,0.0,0.0,0.0,0.0,0.0,5.0,0.27,0.06
2551,0.440246506049285,0.440246506049285,0.0,0.0,0.0,0.0,0.0,5.0,0.27,0.06
2552,0.440246506049285,0.440246506049285,0.0,0.0,0.0,0.0,0.0,5.0,0.27,0.06
2553,0.6452928239352524,0.6452928239352524,0.0,0.0,0.0,0.0,0.0,5.0,0.27,0.06
2554,0.6452928239352524,0.6452928239352524,0.0,0.0,0.0,0.0,0.0,5.0,0.27,0.06
2555,0.4583388282156925,0.4583388282156925,0.0,0.0,0.0,0.0,0.0,5.0,0.27,0.06
2556,0.4583388282156925,0.4583388282156925,0.0,0.0,0.0,0.0,0.0,5.0,0.27,0.06
2557,0.4764311503821025,0.4764311503821025,0.0,0.0,0.0,0.0,0.0,5.0,0.27,0.06
2558,0.4764311503821025,0.4764311503821025,0.0,0.0,0.0,0.0,0.0,5.0,0.27,0.06
2559,0.59001072842678,0.59001072842678,0.0,0.0,0.0,0.0,0.0,5.0,0.27,0.06
2560,0.59001072842678,0.0,0.59001072842678,0.0,0.0,0.0,0.0,5.0,0.27,0.06
2561,0.4754260213728575,0.31267427322464303,0.16275174814821447,0.0,0.0,0.0,0.0,5.0,0.27,0.06
2562,0.4754260213728575,-0.0,0.4754260213728575,0.0,0.0,0.0,0.0,5.0,0.27,0.06
2563,0.446779844609375,0.446779844609375,0.0,0.0,0.0,0.0,0.0,5.0,0.27,0.06
2564,0.446779844609375,0.0,0.446779844609375,0.0,0.0,0.0,0.0,5.0,0.27,0.06
2565,0.20806170491370274,0.20806170491370274,0.0,0.0,0.0,0.0,0.0,5.0,0.27,0.06
2566,0.20806170491370274,0.0,0.20806170491370274,0.0,0.0,0.0,0.0,5.0,0.27,0.06
2567,0.5427696649922675,0.043433343283599934,0.4993363217086676,0.0,0.0,0.0,0.0,5.0,0.27,0.06
2568,0.5427696649922675,0.0,0.5427696649922673,0.0,0.0,2.220446049250313e-16,0.0,5.0,0.27,0.06
2569,0.29701562223188,0.0,0.29701562223187983,0.0,0.0,-2.1094237467877976e-16,0.0,5.0,0.27,0.06
2570,0.29701562223188,0.0,0.2970156222318785,0.0,0.0,0.0,0.0,5.0,0.27,0.06
2571,0.24876942978812275,0.0,0.24876942978812275,0.0,0.0,0.0,0.0,5.0,0.27,0.06
2572,0.24876942978812275,0.0,0.24876942978812275,0.0,0.0,0.0,0.0,5.0,0.27,0.06
2573,0.13016420669721976,0.0,0.13016420669721976,0.0,0.0,0.0,0.0,5.0,0.27,0.06
2574,0.13016420669721976,0.0,0.13016420669721976,0.0,0.0,0.0,0.0,5.0,0.27,0.06
2575,0.10654367497996375,0.0,0.10654367497996375,0.0,0.0,0.0,0.0,5.0,0.27,0.06
2576,0.10654367497996375,0.0,0.10654367497996375,0.0,0.0,0.0,0.0,5.0,0.27,0.06
2577,0.18042065715946676,0.0,0.18042065715946676,0.0,0.0,0.0,0.0,5.0,0.27,0.06
2578,0.18042065715946676,0.0,0.18042065715946676,0.0,0.0,0.0,0.0,5.0,0.27,0.06
2579,0.12915907768797474,0.0,0.12915907768797474,0.0,0.0,0.0,0.0,5.0,0.27,0.06
2580,0.12915907768797474,0.0,0.12915907768797474,0.0,0.0,0.0,0.0,5.0,0.27,0.06
2581,0.12162061011863776,0.0,0.12162061011863892,0.0,0.0,0.0,0.0,5.0,0.27,0.06
2582,0.12162061011863776,0.0,0.12162061011863776,0.0,0.0,0.0,0.0,5.0,0.27,0.06
2583,0.10704623948458625,0.0,0.10704623948458547,0.0,0.0,0.0,0.0,5.0,0.27,0.06
2584,0.10704623948458625,0.0,0.10704623948458625,0.0,0.0,0.0,0.0,5.0,0.27,0.06
2585,0.0743795466841255,0.0,0.0743795466841255,0.0,0.0,0.0,0.0,5.0,0.27,0.06
2586,0.0743795466841255,0.0,0.0743795466841255,0.0,0.0,0.0,0.0,5.0,0.27,0.06
2587,0.06282056307780876,0.0,0.06282056307780876,0.0,0.0,0.0,0.0,5.0,0.27,0.06
2588,0.06282056307780876,0.0,0.06282056307780876,0.0,0.0,0.0,0.0,5.0,0.27,0.06
2589,0.0688513371332785,0.0,0.0688513371332785,0.0,0.0,0.0,0.0,5.0,0.27,0.06
2590,0.0688513371332785,0.0,0.0688513371332785,0.0,0.0,0.0,0.0,5.0,0.27,0.06
2591,0.075887240197993,0.0,0.075887240197993,0.0,0.0,0.0,0.0,5.0,0.27,0.06
2592,0.075887240197993,0.0,0.075887240197993,0.0,0.0,0.0,0.0,5.0,0.27,0.06
2593,0.07990775623497275,0.0,0.07990775623497275,0.0,0.0,0.0,0.0,5.0,0.27,0.06
2594,0.07990775623497275,0.0,0.0799077562349737,0.0,0.0,0.0,0.0,5.0,0.27,0.06
2595,0.243743784741898,0.0,0.24374378474189795,0.0,0.0,0.0,0.0,5.0,0.27,0.06
2596,0.243743784741898,0.0,0.2437437847418984,0.0,0.0,0.0,0.0,5.0,0.27,0.06
2597,0.3221438474630025,0.0,0.3221438474630025,0.0,0.0,0.0,0.0,5.0,0.27,0.06
2598,0.3221438474630025,0.0,0.3221438474630025,0.0,0.0,0.0,0.0,5.0,0.27,0.06
2599,0.1000103364198715,0.0,0.1000103364198715,0.0,0.0,0.0,0.0,5.0,0.27,0.06
2600,0.1000103364198715,0.0,0.1000103364198715,0.0,0.0,0.0,0.0,5.0,0.27,0.06
2601,0.0934769978597795,0.0,0.0934769978597795,0.0,0.0,0.0,0.0,5.0,0.27,0.06
2602,0.0934769978597795,0.0,0.0934769978597795,0.0,0.0,0.0,0.0,5.0,0.27,0.06
2603,0.0944821268690245,0.0,0.0944821268690245,0.0,0.0,0.0,0.0,5.0,0.27,0.06
2604,0.0944821268690245,0.0,0.0944821268690245,0.0,0.0,0.0,0.0,5.0,0.27,0.06
2605,0.05427696649922675,0.0,0.05427696649922742,0.0,0.0,0.0,0.0,5.0,0.27,0.06
2606,0.05427696649922675,0.0,0.05427696649922675,0.0,0.0,0.0,0.0,5.0,0.27,0.06
2607,0.065333385600921,0.0,0.06533338560092261,0.0,0.0,0.0,0.0,5.0,0.27,0.06
2608,0.065333385600921,0.0,0.06533338560092261,0.0,0.0,0.0,0.0,5.0,0.27,0.06
2609,0.08091288524421775,0.0,0.08091288524421775,0.0,0.0,0.0,0.0,5.0,0.27,0.06
2610,0.08091288524421775,0.0,0.08091288524421775,0.0,0.0,0.0,0.0,5.0,0.27,0.06
2611,0.07035903064714576,0.0,0.07035903064714576,0.0,0.0,0.0,0.0,5.0,0.27,0.06
2612,0.07035903064714576,0.0,0.07035903064714576,0.0,0.0,0.0,0.0,5.0,0.27,0.06
2613,0.1105641910169435,0.0,0.1105641910169435,0.0,0.0,0.0,0.0,5.0,0.27,0.06
2614,0.1105641910169435,0.0,0.1105641910169435,0.0,0.0,0.0,0.0,5.0,0.27,0.06
2615,0.07789749821648274,0.0,0.07789749821648274,0.0,0.0,0.0,0.0,5.0,0.27,0.06
2616,0.07789749821648274,0.0,0.07789749821648274,0.0,0.0,0.0,0.0,5.0,0.27,0.06
2617,0.0743795466841255,0.0,0.0743795466841255,0.0,0.0,0.0,0.0,5.0,0.27,0.06
2618,0.0743795466841255,0.0,0.07437954668412639,0.0,0.0,0.0,0.0,5.0,0.27,0.06
2619,0.08242057875808526,0.0,0.08242057875808584,0.0,0.0,0.0,0.0,5.0,0.27,0.06
2620,0.08242057875808526,0.0,0.08242057875808584,0.0,0.0,0.0,0.0,5.0,0.27,0.06
2621,0.076892369207238,0.0,0.0768923692072363,0.0,0.0,0.0,0.0,5.0,0.27,0.06
2622,0.076892369207238,0.0,0.076892369207238,0.0,0.0,0.0,0.0,5.0,0.27,0.06
2623,0.1085539329984535,0.0,0.1085539329984535,0.0,0.0,0.0,0.0,5.0,0.27,0.06
2624,0.1085539329984535,0.0,0.1085539329984535,0.0,0.0,0.0,0.0,5.0,0.27,0.06
2625,0.09850264290600425,0.0,0.09850264290600425,0.0,0.0,0.0,0.0,5.0,0.27,0.06
2626,0.09850264290600425,-0.0,0.09850264290600425,0.0,0.0,0.0,0.0,5.0,0.27,0.06
2627,0.07337441767488075,0.07337441767488075,0.0,0.0,0.0,0.0,0.0,5.0,0.27,0.06
2628,0.07337441767488075,0.07337441767488075,0.0,0.0,0.0,0.0,0.0,5.0,0.27,0.06
2629,0.0934769978597795,0.0934769978597795,0.0,0.0,0.0,0.0,0.0,5.0,0.27,0.06
2630,0.0934769978597795,0.09347699785977959,-0.0,0.0,0.0,0.0,0.0,5.0,0.27,0.06
2631,0.0603077405546965,0.0603077405546965,0.0,0.0,0.0,0.0,0.0,5.0,0.27,0.06
2632,0.0603077405546965,0.0603077405546965,0.0,0.0,0.0,0.0,0.0,5.0,0.27,0.06
2633,0.08895391731817726,0.08895391731817726,0.0,0.0,0.0,0.0,0.0,5.0,0.27,0.06
2634,0.08895391731817726,0.08895391731817703,-0.0,0.0,0.0,0.0,0.0,5.0,0.27,0.06
2635,0.0944821268690245,0.0944821268690245,0.0,0.0,0.0,0.0,0.0,5.0,0.27,0.06
2636,0.0944821268690245,0.0944821268690245,0.0,0.0,0.0,0.0,0.0,5.0,0.27,0.06
2637,0.073876982179503,0.073876982179503,0.0,0.0,0.0,0.0,0.0,5.0,0.27,0.06
2638,0.073876982179503,0.073876982179503,0.0,0.0,0.0,0.0,0.0,5.0,0.27,0.06
2639,0.0668410791147885,0.0668410791147885,0.0,0.0,0.0,0.0,0.0,5.0,0.27,0.06
2640,0.0668410791147885,0.0668410791147885,0.0,0.0,0.0,0.0,0.0,5.0,0.27,0.06
2641,1.036790573036155,1.0367905730361553,-0.0,0.0,0.0,0.0,0.0,5.0,0.27,0.06
2642,1.036790573036155,0.08775313762788944,0.9490374354082656,0.0,0.0,0.0,0.0,5.0,0.27,0.06
2643,1.0594059757441674,-0.0,1.0594059757441674,0.0,0.0,0.0,0.0,5.0,0.27,0.06
2644,1.0594059757441674,1.0594059757441672,-0.0,0.0,0.0,0.0,0.0,5.0,0.27,0.06
2645,0.8091288524421775,0.8091288524421775,0.0,0.0,0.0,0.0,0.0,5.0,0.27,0.06
2646,0.8091288524421775,0.8091288524421775,0.0,0.0,0.0,0.0,0.0,5.0,0.27,0.06
2647,0.4879901339884175,0.4879901339884175,0.0,0.0,0.0,0.0,0.0,5.0,0.27,0.06
2648,0.4879901339884175,0.4879901339884175,0.0,0.0,0.0,0.0,0.0,5.0,0.27,0.06
2649,0.6151389536579025,0.6151389536579025,0.0,0.0,0.0,0.0,0.0,5.0,0.27,0.06
2650,0.6151389536579025,0.0,0.6151389536579025,0.0,0.0,0.0,0.0,5.0,0.27,0.06
2651,0.44577471560013,0.44577471560013,0.0,0.0,0.0,0.0,0.0,5.0,0.27,0.06
2652,0.44577471560013,0.44577471560013,0.0,0.0,0.0,0.0,0.0,5.0,0.27,0.06
2653,0.4970362950716225,-0.0,0.4970362950716225,0.0,0.0,0.0,0.0,5.0,0.27,0.06
2654,0.4970362950716225,0.4970362950716225,0.0,0.0,0.0,0.0,0.0,5.0,0.27,0.06
2655,0.6005646332803025,0.6005646332803025,0.0,0.0,0.0,0.0,0.0,5.0,0.27,0.06
2656,0.6005646332803025,0.6005646332803025,0.0,0.0,0.0,0.0,0.0,5.0,0.27,0.06
2657,0.49854398858549,0.0,0.49854398858549,0.0,0.0,0.0,0.0,5.0,0.27,0.06
2658,0.49854398858549,-0.0,0.49854398858549054,0.0,0.0,0.0,0.0,5.0,0.27,0.06
2659,0.4940209080438875,0.13240702055574663,0.36161388748814083,0.0,0.0,0.0,0.0,5.0,0.27,0.06
2660,0.4940209080438875,0.0,0.4940209080438875,0.0,0.0,0.0,0.0,5.0,0.27,0.06
2661,0.3593336208050675,0.0,0.3593336208050675,0.0,0.0,0.0,0.0,5.0,0.27,0.06
2662,0.3593336208050675,0.010866896708888837,0.3484667240961786,0.0,0.0,0.0,0.0,5.0,0.27,0.06
2663,0.06231799857318625,-0.0,0.06231799857318625,0.0,0.0,0.0,0.0,5.0,0.27,0.06
2664,0.06231799857318625,-0.0,0.062317998573186095,0.0,0.0,0.0,0.0,5.0,0.27,0.06
2665,0.13971293228504675,0.0,0.13971293228504675,0.0,0.0,0.0,0.0,5.0,0.27,0.06
2666,0.13971293228504675,0.0,0.13971293228504675,0.0,0.0,0.0,0.0,5.0,0.27,0.06
2667,0.7623903535122875,0.0,0.7623903535122875,0.0,0.0,0.0,0.0,5.0,0.27,0.06
2668,0.7623903535122875,0.0,0.7623903535122875,0.0,0.0,0.0,0.0,5.0,0.27,0.06
2669,0.13820523877117924,0.0,0.1382052387711784,0.0,0.0,0.0,0.0,5.0,0.27,0.06
2670,0.13820523877117924,0.0,0.13820523877117807,0.0,0.0,0.0,0.0,5.0,0.27,0.06
2671,0.11558983606316825,0.0,0.11558983606316886,0.0,0.0,0.0,0.0,5.0,0.27,0.06
2672,0.11558983606316825,0.0,0.11558983606316886,0.0,0.0,0.0,0.0,5.0,0.27,0.06
2673,0.15378473841447576,0.0,0.15378473841447576,0.0,0.0,0.0,0.0,5.0,0.27,0.06
2674,0.15378473841447576,0.0,0.15378473841447576,0.0,0.0,0.0,0.0,5.0,0.27,0.06
2675,0.1266462551648625,0.0,0.1266462551648625,0.0,0.0,0.0,0.0,5.0,0.27,0.06
2676,0.1266462551648625,0.0,0.1266462551648625,0.0,0.0,0.0,0.0,5.0,0.27,0.06
2677,0.11558983606316825,0.0,0.11558983606316825,0.0,0.0,0.0,0.0,5.0,0.27,0.06
2678,0.11558983606316825,0.0,0.11558983606316825,0.0,0.0,0.0,0.0,5.0,0.27,0.06
2679,0.12815394867873,0.0,0.12815394867873,0.0,0.0,0.0,0.0,5.0,0.27,0.06
2680,0.12815394867873,0.0,0.12815394867873,0.0,0.0,0.0,0.0,5.0,0.27,0.06
2681,0.091969304345912,0.0,0.09196930434591333,0.0,0.0,0.0,0.0,5.0,0.27,0.06
2682,0.091969304345912,0.0,0.091969304345912,0.0,0.0,0.0,0.0,5.0,0.27,0.06
2683,0.06131286956394125,0.0,0.061312869563941774,0.0,0.0,0.0,0.0,5.0,0.27,0.06
2684,0.06131286956394125,0.0,0.061312869563941774,0.0,0.0,0.0,0.0,5.0,0.27,0.06
2685,0.04573336992064475,0.0,0.04573336992064475,0.0,0.0,0.0,0.0,5.0,0.27,0.06
2686,0.04573336992064475,0.0,0.04573336992064475,0.0,0.0,0.0,0.0,5.0,0.27,0.06
2687,0.0914667398412895,0.0,0.0914667398412895,0.0,0.0,0.0,0.0,5.0,0.27,0.06
2688,0.0914667398412895,0.0,0.0914667398412895,0.0,0.0,0.0,0.0,5.0,0.27,0.06
