t,Load,PV,P_imp,P_exp,P_ch,P_dis,P_curt,E,c_grid,c_sell
1,0.5883284518166412,0.0,0.0,0.0,0.0,0.5883284518166412,0.0,4.3807068928245885,0.27,0.06
2,0.5820468179069688,0.0,0.0,0.0,0.0,0.5820468179069688,0.0,3.7680260318698844,0.27,0.06
3,0.5956403659513994,0.0,0.5956403659513994,0.0,0.0,-0.0,0.0,3.7680260318698844,0.27,0.06
4,0.5862602027080707,0.0,0.5862602027080707,0.0,0.0,-0.0,0.0,3.7680260318698844,0.27,0.06
5,0.5710520364004431,0.0,0.5710520364004431,0.0,0.0,0.0,0.0,3.7680260318698844,0.27,0.06
6,0.5711673662763863,0.0,0.0,0.0,0.0,0.5711673662763863,0.0,3.1667972252631618,0.27,0.06
7,0.5664542186795332,0.0,0.5664542186795332,0.0,0.0,0.0,0.0,3.1667972252631618,0.27,0.06
8,0.5644705448133206,0.0,0.0,0.0,0.0,0.5644705448133206,0.0,2.572617704407035,0.27,0.06
9,0.5632096048363489,0.019953755239649058,0.0,0.0,0.0,0.5432558495966998,0.0,2.000769441673667,0.27,0.06
10,0.7256863340642425,0.10589798565523413,0.6197883484090084,0.0,0.0,0.0,0.0,2.000769441673667,0.27,0.06
11,0.6139547502510794,0.1725852145420445,0.4272070654351088,0.0,0.0,0.014162470273925955,0.0,1.9858615782274291,0.27,0.06
12,0.5941795208561269,0.4636109568355925,0.0,-0.0,0.0,0.13056856402053452,0.0,1.8484209845216033,0.27,0.06
13,0.6033751562979481,0.40019084922739767,0.0,0.0,0.0,0.20318430707055019,0.0,1.634542766552603,0.27,0.06
14,0.4987786474764326,0.5084569187254638,0.0,-0.0,0.009678271249031256,0.0,0.0,1.6437371242391827,0.27,0.06
15,0.2985659828401279,0.12465932941189639,0.0,0.0,0.0,0.17390665342823153,0.0,1.4606774890515706,0.27,0.06
16,0.4403679096407181,0.18065174170159376,0.0,0.0,0.0,0.25971616793912433,0.0,1.1872920491156502,0.27,0.06
17,0.32064012109553686,0.1561099456903254,0.0,0.0,0.0,0.16453017540521145,0.0,1.014102390794375,0.27,0.06
18,0.376452092393345,0.05621480067436446,0.3202372917189805,0.0,0.0,0.0,0.0,1.014102390794375,0.27,0.06
19,0.33720149128088933,0.0,0.33720149128088933,0.0,0.0,0.0,0.0,1.014102390794375,0.27,0.06
20,0.16891213630548962,0.0,0.16891213630548962,0.0,0.0,0.0,0.0,1.014102390794375,0.27,0.06
21,0.09510101570224418,0.0,0.09510101570224418,0.0,0.0,0.0,0.0,1.014102390794375,0.27,0.06
22,0.1000909550013595,0.0,0.1000909550013595,0.0,0.0,0.0,0.0,1.014102390794375,0.27,0.06
23,0.1023514205698338,0.0,0.1023514205698338,0.0,0.0,0.0,0.0,1.014102390794375,0.27,0.06
24,0.10378919968991794,0.0,0.10378919968991794,0.0,0.0,0.0,0.0,1.014102390794375,0.27,0.06
25,0.10297420189992376,0.0,0.10297420189992376,0.0,0.0,0.0,0.0,1.014102390794375,0.27,0.06
26,0.10073680230663787,0.0,0.10073680230663787,0.0,0.0,0.0,0.0,1.014102390794375,0.27,0.06
27,0.09954506025523124,0.0,0.09954506025523124,0.0,0.0,0.0,0.0,1.014102390794375,0.27,0.06
28,0.10706456816668694,0.0,0.10706456816668694,0.0,0.0,0.0,0.0,1.014102390794375,0.27,0.06
29,0.23987845330215218,0.0,0.23987845330215218,0.0,0.0,0.0,0.0,1.014102390794375,0.27,0.06
30,0.16390681968958212,0.0,0.16390681968958212,0.0,0.0,0.0,0.0,1.014102390794375,0.27,0.06
31,0.1030972204342625,0.0,0.1030972204342625,0.0,0.0,0.0,0.0,1.014102390794375,0.27,0.06
32,0.09516252496941363,0.0,0.09516252496941363,0.0,0.0,0.0,0.0,1.014102390794375,0.27,0.06
33,0.10481179125660876,0.006474203486706998,0.09833758776990177,0.0,0.0,0.0,0.0,1.014102390794375,0.27,0.06
34,0.09633120104563161,0.02086477363235538,0.07546642741327624,0.0,0.0,0.0,0.0,1.014102390794375,0.27,0.06
35,0.102851183365585,0.05352546431571719,0.049325719049867815,0.0,0.0,0.0,0.0,1.014102390794375,0.27,0.06
36,0.0998218519574935,0.14935027796140285,0.0,-0.0,0.049528426003909345,0.0,0.0,1.0611543954980889,0.27,0.06
37,0.0982533656446745,0.1200619783489913,0.0,-0.0,0.02180861270431679,0.0,0.0,1.0818725775671898,0.27,0.06
38,0.1058728261152803,0.20872360738589107,0.0,-0.0,0.10285078127061077,0.0,0.0,1.17958081977427,0.27,0.06
39,0.10112892388484263,0.10014326675710136,0.0,0.0,0.0,0.0009856571277414572,0.0,1.1785432859555949,0.27,0.06
40,0.3317117891860231,0.1644633020547719,0.16724848713125123,0.0,0.0,0.0,0.0,1.1785432859555949,0.27,0.06
41,0.3365479553172156,0.12428652909352961,0.212261426223686,0.0,0.0,0.0,0.0,1.1785432859555949,0.27,0.06
42,0.4927353619770412,0.04766561175243767,0.44506975022460354,0.0,0.0,0.0,0.0,1.1785432859555949,0.27,0.06
43,0.4548764080342938,0.0,0.4548764080342938,0.0,0.0,0.0,0.0,1.1785432859555949,0.27,0.06
44,0.3502107012872119,0.0,0.3502107012872119,0.0,0.0,0.0,0.0,1.1785432859555949,0.27,0.06
45,0.5936105601348101,0.0,0.5936105601348101,0.0,0.0,0.0,0.0,1.1785432859555949,0.27,0.06
46,0.3048014847994235,0.0,0.3048014847994235,0.0,0.0,0.0,0.0,1.1785432859555949,0.27,0.06
47,0.12184216960412837,0.0,0.12184216960412837,0.0,0.0,0.0,0.0,1.1785432859555949,0.27,0.06
48,0.1715877894273577,0.0,0.1715877894273577,0.0,0.0,0.0,0.0,1.1785432859555949,0.27,0.06
49,0.25959217342993535,0.0,0.25959217342993535,0.0,0.0,0.0,0.0,1.1785432859555949,0.27,0.06
50,0.207755238522948,0.0,0.207755238522948,0.0,0.0,0.0,0.0,1.1785432859555949,0.27,0.06
51,0.07031278103298758,0.0,0.07031278103298758,0.0,0.0,0.0,0.0,1.1785432859555949,0.27,0.06
52,0.076878895303318,0.0,0.076878895303318,0.0,0.0,0.0,0.0,1.1785432859555949,0.27,0.06
53,0.06892882252167669,0.0,0.06892882252167669,0.0,0.0,0.0,0.0,1.1785432859555949,0.27,0.06
54,0.2195035085522975,0.0,0.2195035085522975,0.0,0.0,0.0,0.0,1.1785432859555949,0.27,0.06
55,0.07711724371359932,0.0,0.07711724371359932,0.0,0.0,0.0,0.0,1.1785432859555949,0.27,0.06
56,0.0695900471437475,0.0,0.0695900471437475,0.0,0.0,0.0,0.0,1.1785432859555949,0.27,0.06
57,0.07371885670249144,0.003977965152645155,0.0,-0.0,0.0,0.06974089154984628,0.0,1.105131821166283,0.27,0.06
58,0.13897250051079818,0.04251873635328213,0.09645376415751605,0.0,0.0,0.0,0.0,1.105131821166283,0.27,0.06
59,0.2016504437563877,0.1080650963248472,0.09358534743154048,0.0,0.0,0.0,0.0,1.105131821166283,0.27,0.06
60,0.22521618174065294,0.21804493758707516,0.007171244153577783,0.0,0.0,0.0,0.0,1.105131821166283,0.27,0.06
61,0.32240851252665625,0.31052974953904766,0.011878762987606928,0.0,0.0,1.687538997430238e-15,0.0,1.1051318211662813,0.27,0.06
62,0.32752147036011,0.6046846821498741,0.0,-0.0,0.27716321178976416,0.0,0.0,1.3684368723665572,0.27,0.06
63,0.2515037047971634,0.1855369468664079,0.0,0.0,0.0,0.06596675793075535,0.0,1.2989981798078674,0.27,0.06
64,0.06965924506931301,0.07340228247040669,0.0,-0.0,0.0037430374010936768,0.0,0.0,1.3025540653389063,0.27,0.06
65,0.08480590210977068,0.055973308974537894,0.0,0.0,0.0,0.028832593135232787,0.0,1.272203967301819,0.27,0.06
66,0.06576878392085025,0.013290537411253479,0.0,-0.0,0.0,0.052478246509596774,0.0,1.216963707818033,0.27,0.06
67,0.08331430238091343,0.0,0.08331430238091343,0.0,0.0,0.0,0.0,1.216963707818033,0.27,0.06
68,0.06666066829480613,0.0,0.0,0.0,0.0,0.06666066829480613,0.0,1.1467945832971846,0.27,0.06
69,0.0752565883817258,0.0,0.0,0.0,0.0,0.0752565883817258,0.0,1.0675771218427363,0.27,0.06
70,0.25728557591108386,0.0,0.25728557591108386,0.0,0.0,0.0,0.0,1.0675771218427363,0.27,0.06
71,0.22005709195682205,0.0,0.22005709195682205,0.0,0.0,0.0,0.0,1.0675771218427363,0.27,0.06
72,0.38487886199554894,0.0,0.38487886199554894,0.0,0.0,0.0,0.0,1.0675771218427363,0.27,0.06
73,0.7784920399291484,0.0,0.7784920399291484,0.0,0.0,0.0,0.0,1.0675771218427363,0.27,0.06
74,0.6681597919440881,0.0,0.6681597919440883,0.0,0.0,0.0,0.0,1.0675771218427363,0.27,0.06
75,0.5506617143337962,0.0,0.5506617143337962,0.0,0.0,0.0,0.0,1.0675771218427363,0.27,0.06
76,0.5448260226111025,0.0,0.5448260226111025,0.0,0.0,0.0,0.0,1.0675771218427363,0.27,0.06
77,0.5466713006261844,0.0,0.5466713006261844,0.0,0.0,0.0,0.0,1.0675771218427363,0.27,0.06
78,0.5409432501210363,0.0,0.5409432501210363,0.0,0.0,0.0,0.0,1.0675771218427363,0.27,0.06
79,0.5440648454298813,0.0,0.5440648454298813,0.0,0.0,0.0,0.0,1.0675771218427363,0.27,0.06
80,0.5365684034936145,0.0,0.5365684034936145,0.0,0.0,0.0,0.0,1.0675771218427363,0.27,0.06
81,0.5544599115815056,0.023802144906036753,0.5306577666754689,0.0,0.0,0.0,0.0,1.0675771218427363,0.27,0.06
82,0.6151849355944669,0.12776046159232435,0.4874244740021425,0.0,0.0,0.0,0.0,1.0675771218427363,0.27,0.06
83,0.43779989773639627,0.16370143735615839,0.2740984603802379,0.0,0.0,0.0,0.0,1.0675771218427363,0.27,0.06
84,0.46278034886555747,0.5785209519988711,0.0,0.0,0.11574060313331364,0.0,0.0,1.1775306948193842,0.27,0.06
85,0.9379932583577237,0.9666284321810382,0.0,0.0,0.028635173823314486,0.0,0.0,1.204734109951533,0.27,0.06
86,0.8177041977496231,0.9438198529570713,0.0,-0.0,0.12611565520744816,0.0,0.0,1.3245439823986087,0.27,0.06
87,0.46436421249516874,0.2825329917574462,0.0,0.0,0.0,0.18183122073772273,0.0,1.1331426974115322,0.27,0.06
88,0.2028191198326058,0.17313376649944828,0.0,-0.0,0.0,0.029685353333157583,0.0,1.10189495706084,0.27,0.06
89,0.7588244517517413,0.20335820311240999,0.5554662486393314,0.0,0.0,0.0,0.0,1.10189495706084,0.27,0.06
90,0.6323075778427413,0.05951618583873259,0.5727913920040086,0.0,0.0,0.0,0.0,1.10189495706084,0.27,0.06
91,0.6009839835367388,0.0,0.6009839835367388,0.0,0.0,0.0,0.0,1.10189495706084,0.27,0.06
92,0.6583183091969887,0.0,0.6583183091969887,0.0,0.0,0.0,0.0,1.10189495706084,0.27,0.06
93,0.3456513268582825,0.0,0.3456513268582825,0.0,0.0,0.0,0.0,1.10189495706084,0.27,0.06
94,0.1104398892026063,0.0,0.1104398892026063,0.0,0.0,0.0,0.0,1.10189495706084,0.27,0.06
95,0.09680020920779805,0.0,0.0,0.0,0.0,0.09680020920779805,0.0,1.0,0.27,0.06
96,0.12343372189213582,0.0,0.12343372189213582,0.0,0.0,0.0,0.0,1.0,0.27,0.06
97,0.4539460803683569,0.0,0.4539460803683569,0.0,0.0,0.0,0.0,1.0,0.27,0.06
98,0.5505463844578543,0.0,0.5505463844578543,0.0,0.0,0.0,0.0,1.0,0.27,0.06
99,0.5523685964977469,0.0,0.5523685964977469,0.0,0.0,0.0,0.0,1.0,0.27,0.06
100,0.5572047626289387,0.0,0.5572047626289385,0.0,0.0,2.220446049250313e-16,0.0,1.0,0.27,0.06
101,0.5528991139270831,0.0,0.5528991139270829,0.0,0.0,2.220446049250313e-16,0.0,1.0,0.27,0.06
102,0.5552825980298957,0.0,0.5552825980298959,0.0,0.0,-2.220446049250313e-16,0.0,1.0,0.27,0.06
103,0.5461561605136407,0.0,0.5461561605136407,0.0,0.0,0.0,0.0,1.0,0.27,0.06
104,0.5424040952163088,0.0,0.5424040952163088,0.0,0.0,0.0,0.0,1.0,0.27,0.06
105,0.5344232678010825,0.019677879776526082,0.5147453880245564,0.0,0.0,0.0,0.0,1.0,0.27,0.06
106,0.5453257854068537,0.10938293522983067,0.43594285017702306,0.0,0.0,0.0,0.0,1.0,0.27,0.06
107,0.612639989665335,0.17941273723014511,0.43322725243518984,0.0,0.0,0.0,0.0,1.0,0.27,0.06
108,0.08207642837912987,0.14478717876166458,0.0,0.0,0.06271075038253471,0.0,0.0,1.059575212863408,0.27,0.06
109,0.08174581606809443,0.16515670524045506,0.0,-6.522560269672795e-16,0.08341088917236128,0.0,0.0,1.138815557577151,0.27,0.06
110,0.0788318145359455,0.23569583663823734,0.0,0.0,0.15686402210229183,0.0,0.0,1.2878363785743283,0.27,0.06
111,0.08703561304466043,0.09432484829447571,0.0,-0.0,0.007289235249815285,0.0,0.0,1.2947611520616529,0.27,0.06
112,0.11021691810911725,0.09120096706631194,0.0,0.0,0.0,0.019015951042805318,0.0,1.274744361490279,0.27,0.06
113,0.19294688245192182,0.05769776329316802,0.0,0.0,0.0,0.13524911915875398,0.0,1.132376867638959,0.27,0.06
114,0.5168469947074356,0.052866369537683755,0.4639806251697518,0.0,0.0,0.0,0.0,1.132376867638959,0.27,0.06
115,0.5534911406235882,9.871242944851184e-05,0.5342413705679974,0.0,0.0,0.019151057626142543,0.0,1.1122178596114405,0.27,0.06
116,0.4702921681186175,0.0,0.4702921681186175,0.0,0.0,0.0,0.0,1.1122178596114405,0.27,0.06
117,0.6863742236846182,0.0,0.6863742236846182,0.0,0.0,0.0,0.0,1.1122178596114405,0.27,0.06
118,0.6168764404416244,0.0,0.6168764404416244,0.0,0.0,0.0,0.0,1.1122178596114405,0.27,0.06
119,0.5500543103204993,0.0,0.5500543103204993,0.0,0.0,0.0,0.0,1.1122178596114405,0.27,0.06
120,0.40107886523628183,0.0,0.40107886523628183,0.0,0.0,0.0,0.0,1.1122178596114405,0.27,0.06
121,0.34439038688130996,0.0,0.34439038688130996,0.0,0.0,0.0,0.0,1.1122178596114405,0.27,0.06
122,0.09998331378381313,0.0,0.0,0.0,0.0,0.09998331378381313,0.0,1.006972266154795,0.27,0.06
123,0.07688658396171412,0.0,0.07688658396171412,0.0,0.0,0.0,0.0,1.006972266154795,0.27,0.06
124,0.07216574770646494,0.0,0.07216574770646494,0.0,0.0,0.0,0.0,1.006972266154795,0.27,0.06
125,0.07002061201393306,0.0,0.07002061201393306,0.0,0.0,0.0,0.0,1.006972266154795,0.27,0.06
126,0.07733252614869213,0.0,0.07733252614869213,0.0,0.0,0.0,0.0,1.006972266154795,0.27,0.06
127,0.06890575654648819,0.0,0.06890575654648819,0.0,0.0,0.0,0.0,1.006972266154795,0.27,0.06
128,0.07773233638529294,0.0,0.07773233638529294,0.0,0.0,0.0,0.0,1.006972266154795,0.27,0.06
129,0.06813689070687112,0.0048976113258114564,0.06323927938105967,0.0,0.0,0.0,0.0,1.006972266154795,0.27,0.06
130,0.14373178005802845,0.05181057404133188,0.09192120601669657,0.0,0.0,0.0,0.0,1.006972266154795,0.27,0.06
131,0.3518868288175775,0.18292537564484068,0.1689614531727368,0.0,0.0,0.0,0.0,1.006972266154795,0.27,0.06
132,0.5979162088366663,0.7021834029042802,0.0,0.0,0.10426719406761387,0.0,0.0,1.1060261005190282,0.27,0.06
133,0.9233156094794319,0.9997066828308314,0.0,6.661338147750939e-16,0.07639107335139883,0.0,0.0,1.178597620202857,0.27,0.06
134,0.43604688362207,0.760047066064374,0.0,-5.551115123125783e-17,0.32400018244230405,0.0,0.0,1.4863977935230457,0.27,0.06
135,0.3920216256455919,0.3262821106586775,0.06573951498691438,0.0,0.0,0.0,0.0,1.4863977935230457,0.27,0.06
136,0.2649588569904631,0.22672460709765824,0.0,0.0,0.0,0.038234249892804884,0.0,1.446151214688514,0.27,0.06
137,0.2032727506779799,0.1067696106272259,0.0,0.0,0.0,0.096503140050754,0.0,1.34456896200351,0.27,0.06
138,0.2073554282863469,0.0272035546185748,0.0,-0.0,0.0,0.1801518736677721,0.0,1.1549354107742762,0.27,0.06
139,0.19733710639613544,0.0,0.19733710639613544,0.0,0.0,0.0,0.0,1.1549354107742762,0.27,0.06
140,0.42303767361574784,0.0,0.42303767361574773,0.0,0.0,1.1102230246251565e-16,0.0,1.1549354107742762,0.27,0.06
141,0.2341504027970042,0.0,0.2341504027970042,0.0,0.0,0.0,0.0,1.1549354107742762,0.27,0.06
142,0.23355068744210306,0.0,0.23355068744210306,0.0,0.0,0.0,0.0,1.1549354107742762,0.27,0.06
143,0.1180209063812312,0.0,0.1180209063812312,0.0,0.0,0.0,0.0,1.1549354107742762,0.27,0.06
144,0.11654468396916638,0.0,0.11654468396916638,0.0,0.0,0.0,0.0,1.1549354107742762,0.27,0.06
145,0.20833188790266094,0.0,0.20833188790266094,0.0,0.0,0.0,0.0,1.1549354107742762,0.27,0.06
146,0.06837523911715243,0.0,0.0,0.0,0.0,0.06837523911715243,0.0,1.0829614748614842,0.27,0.06
147,0.08128449656432413,0.0,0.08128449656432413,0.0,0.0,0.0,0.0,1.0829614748614842,0.27,0.06
148,0.06889037922969588,0.0,0.0,0.0,0.0,0.06889037922969588,0.0,1.0104452861986464,0.27,0.06
149,0.082084117037526,0.0,0.082084117037526,0.0,0.0,0.0,0.0,1.0104452861986464,0.27,0.06
150,0.06582260452962344,0.0,0.06582260452962344,0.0,0.0,0.0,0.0,1.0104452861986464,0.27,0.06
151,0.0780321940627437,0.0,0.0780321940627437,0.0,0.0,0.0,0.0,1.0104452861986464,0.27,0.06
152,0.07213499307288018,0.0,0.07213499307288018,0.0,0.0,0.0,0.0,1.0104452861986464,0.27,0.06
153,0.07151221174279038,0.0,0.07151221174279038,0.0,0.0,0.0,0.0,1.0104452861986464,0.27,0.06
154,0.08663580280805944,0.012230663918361882,0.07440513888969755,0.0,0.0,0.0,0.0,1.0104452861986464,0.27,0.06
155,0.24021675427158348,0.11182702966532423,0.12838972460625925,0.0,0.0,0.0,0.0,1.0104452861986464,0.27,0.06
156,0.24644456757248234,0.2365215456837683,0.0,0.0,0.0,0.009923021888714051,0.0,1.0,0.27,0.06
157,0.12722423048144837,0.146453954112302,0.0,0.0,0.019229723630853623,0.0,0.0,1.0182682374493108,0.27,0.06
158,0.7685429159645025,0.2793693945218513,0.48917352144265125,0.0,0.0,0.0,0.0,1.0182682374493108,0.27,0.06
159,0.5842842175002544,0.1371932378367994,0.447090979663455,0.0,0.0,0.0,0.0,1.0182682374493108,0.27,0.06
160,0.8697641037500987,0.34662008755137363,0.5231440161987251,0.0,0.0,0.0,0.0,1.0182682374493108,0.27,0.06
161,0.5260810734412369,0.1953759007320195,0.3307051727092174,0.0,0.0,0.0,0.0,1.0182682374493108,0.27,0.06
162,0.5546751940165968,0.05956481398601269,0.4951103800305841,0.0,0.0,0.0,0.0,1.0182682374493108,0.27,0.06
163,1.2020909856078164,0.0,1.2020909856078164,0.0,0.0,0.0,0.0,1.0182682374493108,0.27,0.06
164,0.6727114777146225,0.0,0.6553566521377772,0.0,0.0,0.01735482557684529,0.0,1.0,0.27,0.06
165,0.8126604378417337,0.0,0.8126604378417338,0.0,0.0,-1.1102230246251565e-16,0.0,1.0,0.27,0.06
166,1.0929504796741625,0.0,1.0929504796741625,0.0,0.0,0.0,0.0,1.0,0.27,0.06
167,0.49105154578827936,0.0,0.49105154578827936,0.0,0.0,0.0,0.0,1.0,0.27,0.06
168,0.33765512212626375,0.0,0.33765512212626375,0.0,0.0,0.0,0.0,1.0,0.27,0.06
169,0.31380490378134,0.0,0.31380490378134,0.0,0.0,0.0,0.0,1.0,0.27,0.06
170,0.31154443821286626,0.0,0.31154443821286626,0.0,0.0,0.0,0.0,1.0,0.27,0.06
171,0.31942531306894123,0.0,0.31942531306894123,0.0,0.0,0.0,0.0,1.0,0.27,0.06
172,0.31298221733295,0.0,0.31298221733295,0.0,0.0,0.0,0.0,1.0,0.27,0.06
173,0.3173647526187675,0.0,0.3173647526187675,0.0,0.0,0.0,0.0,1.0,0.27,0.06
174,0.2547713846155364,0.0,0.2547713846155364,0.0,0.0,0.0,0.0,1.0,0.27,0.06
175,0.10797951851583162,0.0,0.10797951851583162,0.0,0.0,0.0,0.0,1.0,0.27,0.06
176,0.2335737534172913,0.0,0.23357375341729136,0.0,0.0,0.0,0.0,1.0,0.27,0.06
177,0.49349653915826186,0.02553258861436754,0.46796395054389434,0.0,0.0,0.0,0.0,1.0,0.27,0.06
178,0.383963911646404,0.10677742204934157,0.2771864895970624,0.0,0.0,0.0,0.0,1.0,0.27,0.06
179,0.29908112295267186,0.1453945679446834,0.15368655500798847,0.0,0.0,0.0,0.0,1.0,0.27,0.06
180,0.2710482744402311,0.3696020392032324,0.0,0.0,0.09855376476300132,0.0,0.0,1.0936260765248513,0.27,0.06
181,0.07587168105341945,0.1794692838300927,0.0,-3.7470027081099033e-16,0.10359760277667363,0.0,0.0,1.1920437991626913,0.27,0.06
182,0.14836035241252354,0.7906159173240345,0.0,-1.1102230246251565e-16,0.642255564911511,0.0,0.0,1.8021865858286268,0.27,0.06
183,0.42692813476421,0.8300668191662866,0.0,-5.551115123125783e-17,0.4031386844020766,0.0,0.0,2.1851683360106,0.27,0.06
184,0.43481669827868186,0.47559452123528934,0.0,0.0,0.04077782295660748,0.0,0.0,2.223907267819377,0.27,0.06
185,0.4895599460594225,0.23051196339996216,0.25904798265946033,0.0,0.0,0.0,0.0,2.223907267819377,0.27,0.06
186,0.43781527505318873,0.09388684363701377,0.34392843141617496,0.0,0.0,0.0,0.0,2.223907267819377,0.27,0.06
187,0.6707508698235976,0.0005836964834367786,0.6701671733401607,0.0,0.0,0.0,0.0,2.223907267819377,0.27,0.06
188,0.64447872408388,0.0,0.6444787240838799,0.0,0.0,1.1102230246251565e-16,0.0,2.223907267819377,0.27,0.06
189,0.7900173388650094,0.0,0.7900173388650095,0.0,0.0,-1.1102230246251565e-16,0.0,2.223907267819377,0.27,0.06
190,0.5784100824855788,0.0,0.5784100824855788,0.0,0.0,0.0,0.0,2.223907267819377,0.27,0.06
191,0.22373227067019213,0.0,0.22373227067019213,0.0,0.0,0.0,0.0,2.223907267819377,0.27,0.06
192,0.07674818811058307,0.0,0.0,0.0,0.0,0.07674818811058307,0.0,2.1431197013871843,0.27,0.06
193,0.06223968971700762,0.0,0.0,0.0,0.0,0.06223968971700762,0.0,2.0776042385271762,0.27,0.06
194,0.0719273992961835,0.0,0.0,0.0,0.0,0.0719273992961835,0.0,2.001891186636457,0.27,0.06
195,0.06629161269178993,0.0,0.0,0.0,0.0,0.06629161269178993,0.0,1.9321105416977307,0.27,0.06
196,0.10833319680205519,0.0,0.0,0.0,0.0,0.10833319680205519,0.0,1.8180755976955674,0.27,0.06
197,0.15251222794645605,0.0,0.0,0.0,0.0,0.15251222794645605,0.0,1.6575364103835084,0.27,0.06
198,0.06331610189247162,0.0,0.0,0.0,0.0,0.06331610189247162,0.0,1.5908878820756436,0.27,0.06
199,0.25913854258456115,0.0,0.25913854258456115,0.0,0.0,0.0,0.0,1.5908878820756436,0.27,0.06
200,0.5505771390914393,0.0,0.5505771390914392,0.0,0.0,1.1102230246251565e-16,0.0,1.5908878820756434,0.27,0.06
201,0.49259696612591064,0.009259178774310753,0.4833377873515999,0.0,0.0,0.0,0.0,1.5908878820756436,0.27,0.06
202,0.4309569917638044,0.12348871270895889,0.17250082491144392,0.0,0.0,0.1349674541434017,0.0,1.4488168777141681,0.27,0.06
203,0.3112138259018306,0.254923332338657,0.0,0.0,0.0,0.056290493563173616,0.0,1.389563726595038,0.27,0.06
204,0.21560535874543896,0.1938471772706852,0.0,0.0,0.0,0.021758181474753814,0.0,1.3666603776742445,0.27,0.06
205,0.06387737395539206,0.04353935239446889,0.0,0.0,0.0,0.020338021560923167,0.0,1.3452519339259044,0.27,0.06
206,0.06955929251016275,0.15678911430210657,0.0,0.0,0.08722982179194382,0.0,0.0,1.428120264628251,0.27,0.06
207,0.06150926716937131,0.1479509394144204,0.0,-5.273559366969494e-16,0.08644167224504962,0.0,0.0,1.5102398532610481,0.27,0.06
208,0.1302843165231246,0.149244730752578,0.0,0.0,0.01896041422945338,0.0,0.0,1.528252246779029,0.27,0.06
209,0.33937738160700626,0.06317286219129276,0.2762045194157135,0.0,0.0,0.0,0.0,1.528252246779029,0.27,0.06
210,0.4858309467372788,0.028445050433568604,0.4573858963037102,0.0,0.0,0.0,0.0,1.528252246779029,0.27,0.06
211,0.547370968540235,0.0008657939353444398,0.5465051746048906,0.0,0.0,0.0,0.0,1.528252246779029,0.27,0.06
212,0.5276264937788675,0.0,0.5276264937788675,0.0,0.0,0.0,0.0,1.528252246779029,0.27,0.06
213,0.7405561994024381,0.0,0.7405561994024382,0.0,0.0,-1.1102230246251565e-16,0.0,1.5282522467790292,0.27,0.06
214,0.7594395444234351,0.0,0.759439544423435,0.0,0.0,1.1102230246251565e-16,0.0,1.528252246779029,0.27,0.06
215,0.29784324895088876,0.0,0.2978432489508889,0.0,0.0,0.0,0.0,1.528252246779029,0.27,0.06
216,0.37727477884173577,0.0,0.37727477884173577,0.0,0.0,0.0,0.0,1.528252246779029,0.27,0.06
217,0.11945868550131512,0.0,0.11945868550131512,0.0,0.0,0.0,0.0,1.528252246779029,0.27,0.06
218,0.15082841175769454,0.0,0.0,0.0,0.0,0.15082841175769454,0.0,1.369485497560403,0.27,0.06
219,0.07850889088330631,0.0,0.0,0.0,0.0,0.07850889088330631,0.0,1.2868445597885017,0.27,0.06
220,0.062132048499461245,0.0,0.0,0.0,0.0,0.062132048499461245,0.0,1.2214424034732794,0.27,0.06
221,0.08001586792895594,0.0,0.0,0.0,0.0,0.08001586792895594,0.0,1.1372151740743783,0.27,0.06
222,0.061809124846822,0.0,0.0,0.0,0.0,0.061809124846822,0.0,1.072152937393513,0.27,0.06
223,0.20704019329210394,0.0,0.20704019329210394,0.0,0.0,0.0,0.0,1.072152937393513,0.27,0.06
224,0.5450259277294025,0.0,0.5450259277294025,0.0,0.0,0.0,0.0,1.072152937393513,0.27,0.06
225,0.6857360650377363,0.04419730369706518,0.6415387613406711,0.0,0.0,0.0,0.0,1.072152937393513,0.27,0.06
226,0.46022002561963254,0.09533229391495454,0.36488773170467814,0.0,0.0,0.0,0.0,1.072152937393513,0.27,0.06
227,0.32917453191528623,0.2606292413914489,0.0,0.0,0.0,0.06854529052383734,0.0,1.0,0.27,0.06
228,0.9158960541271282,1.080542033143331,0.0,-0.0,0.16464597901620293,0.0,0.0,1.1564136800653928,0.27,0.06
229,0.33002028433886565,0.8280769725587186,0.0,-0.0,0.49805668821985294,0.0,0.0,1.629567533874253,0.27,0.06
230,0.12773168193559575,0.5411622484743235,0.0,-5.551115123125783e-17,0.4134305665387278,0.0,0.0,2.0223265720860444,0.27,0.06
231,0.3910605433460704,0.4009895632861581,0.0,-6.106226635438361e-16,0.009929019940088324,0.0,0.0,2.0317591410291285,0.27,0.06
232,0.29783556029249203,0.2940228253056032,0.0,0.0,0.0,0.003812734986888522,0.0,2.027745735779772,0.27,0.06
233,0.15766362907189096,0.09168323107641374,0.0,0.0,0.0,0.06598039799547722,0.0,1.958292685258217,0.27,0.06
234,0.42081565133925347,0.01642551304009021,0.2856978650408355,0.0,0.0,0.11869227325832804,0.0,1.8333534502494506,0.27,0.06
235,0.7760316692423731,0.0,0.7760316692423731,0.0,0.0,0.0,0.0,1.8333534502494506,0.27,0.06
236,0.7358584291223775,0.0,0.7358584291223775,0.0,0.0,0.0,0.0,1.8333534502494506,0.27,0.06
237,0.6767403347142156,0.0,0.6767403347142156,0.0,0.0,0.0,0.0,1.8333534502494506,0.27,0.06
238,0.39089908151975056,0.0,0.39089908151975056,0.0,0.0,0.0,0.0,1.8333534502494506,0.27,0.06
239,0.19649904263095275,0.0,0.0,0.0,0.0,0.19649904263095275,0.0,1.6265123527431846,0.27,0.06
240,0.08675882134239825,0.0,0.0,0.0,0.0,0.08675882134239825,0.0,1.5351872776459232,0.27,0.06
241,0.07761700650935037,0.0,0.0,0.0,0.0,0.07761700650935037,0.0,1.4534851655308176,0.27,0.06
242,0.05872597282995725,0.0,0.0,0.0,0.0,0.05872597282995725,0.0,1.3916683520255995,0.27,0.06
243,0.07119697674854732,0.0,0.0,0.0,0.0,0.07119697674854732,0.0,1.316724165974497,0.27,0.06
244,0.20578694197352776,0.0,0.20578694197352776,0.0,0.0,0.0,0.0,1.316724165974497,0.27,0.06
245,0.062393462884931,0.0,0.0,0.0,0.0,0.062393462884931,0.0,1.251046836621938,0.27,0.06
246,0.06864434216101838,0.0,0.0,0.0,0.0,0.06864434216101838,0.0,1.178789634347182,0.27,0.06
247,0.16985015262982286,0.0,0.0,0.0,0.0,0.16985015262982286,0.0,1.0,0.27,0.06
248,0.6232810928856349,0.0,0.6232810928856349,0.0,0.0,0.0,0.0,1.0,0.27,0.06
249,0.5778641877394513,0.041079688263877374,0.5367844994755738,0.0,0.0,0.0,0.0,1.0,0.27,0.06
250,0.3160499920330219,0.07673377561374167,0.23931621641928025,0.0,0.0,0.0,0.0,1.0,0.27,0.06
251,0.3159423508154756,0.3284697398019951,0.0,-0.0,0.012527388986519505,0.0,0.0,1.0119010195371936,0.27,0.06
252,0.26568159087970356,0.8913104438871351,0.0,-0.0,0.6256288530074315,0.0,0.0,1.6062484298942534,0.27,0.06
253,0.06927481214950437,0.6287162550769387,0.0,-0.0,0.5594414429274344,0.0,0.0,2.137717800675316,0.27,0.06
254,0.09115673394500826,0.19276563244970282,0.0,-0.0,0.10160889850469457,0.0,0.0,2.234246254254776,0.27,0.06
255,0.07547187081681862,0.1666365302099838,0.0,-0.0,0.09116465939316519,0.0,0.0,2.320852680678283,0.27,0.06
256,0.12493301027938913,0.10925648482078928,0.0,0.0,0.0,0.01567652545859985,0.0,2.3043510749323883,0.27,0.06
257,0.6027600636262543,0.11959448004490253,0.4831655835813518,0.0,0.0,0.0,0.0,2.3043510749323883,0.27,0.06
258,0.7469300972128637,0.01629365183607863,0.7306364453767851,0.0,0.0,0.0,0.0,2.3043510749323883,0.27,0.06
259,0.8924533346772006,0.0,0.8924533346772006,0.0,0.0,0.0,0.0,2.3043510749323883,0.27,0.06
260,1.1035223849688989,0.0,0.6151854067724954,0.0,0.0,0.4883369781964034,0.0,1.7903121505151216,0.27,0.06
261,0.8548865497535063,0.0,0.8548865497535063,0.0,0.0,0.0,0.0,1.7903121505151216,0.27,0.06
262,0.6643846606715682,0.0,0.6643846606715682,0.0,0.0,0.0,0.0,1.7903121505151216,0.27,0.06
263,0.3340183867048744,0.0,0.3340183867048744,0.0,0.0,0.0,0.0,1.7903121505151216,0.27,0.06
264,0.2968821666513669,0.0,0.2968821666513669,0.0,0.0,0.0,0.0,1.7903121505151216,0.27,0.06
265,0.13503590741195856,0.0,0.13503590741195856,0.0,0.0,0.0,0.0,1.7903121505151216,0.27,0.06
266,0.07201966319693762,0.0,0.07201966319693764,0.0,0.0,0.0,0.0,1.7903121505151216,0.27,0.06
267,0.06975150897006707,0.0,0.0,0.0,0.0,0.06975150897006707,0.0,1.7168895094939984,0.27,0.06
268,0.07417248754786562,0.0,0.0,0.0,0.0,0.07417248754786562,0.0,1.6388132068120347,0.27,0.06
269,0.06759099596074289,0.0,0.0,0.0,0.0,0.06759099596074289,0.0,1.5676647900112526,0.27,0.06
270,0.1873726051146974,0.0,0.0,0.0,0.0,0.1873726051146974,0.0,1.370430468837887,0.27,0.06
271,0.3347872525444917,0.0,0.3347872525444917,0.0,0.0,0.0,0.0,1.370430468837887,0.27,0.06
272,0.6533437472146656,0.0,0.6533437472146656,0.0,0.0,0.0,0.0,1.370430468837887,0.27,0.06
273,0.4599201679421818,0.023222184216295946,0.43669798372588586,0.0,0.0,0.0,0.0,1.370430468837887,0.27,0.06
274,0.31097547749154936,0.04639710961464108,0.0,0.0,0.0,0.26457836787690825,0.0,1.0919269237042994,0.27,0.06
275,0.20916995166784336,0.12183937414875885,0.0,0.0,0.0,0.0873305775190845,0.0,1.0,0.27,0.06
276,0.06500760673962931,0.1549102066286344,0.0,-0.0,0.08990259988900508,0.0,0.0,1.0854074698945548,0.27,0.06
277,0.06795236290536294,0.4236992569718079,0.0,-0.0,0.35574689406644494,0.0,0.0,1.4233670192576775,0.27,0.06
278,0.058556822345241503,0.4121237623556192,0.0,-0.0,0.3535669400103777,0.0,0.0,1.7592556122675362,0.27,0.06
279,0.07724795090633425,0.2248167008545771,0.0,-0.0,0.14756874994824287,0.0,0.0,1.899445924718367,0.27,0.06
280,0.060371345726737996,0.12117250530854479,0.0,-0.0,0.06080115958180679,0.0,0.0,1.9572070263210835,0.27,0.06
281,0.07396489377116901,0.07129181425583442,0.0,0.0,0.0,0.0026730795153345893,0.0,1.9543932584102048,0.27,0.06
282,0.13209883990462107,0.004325018410584918,0.0,0.0,0.0,0.12777382149403615,0.0,1.8198944989427985,0.27,0.06
283,0.5879517075552287,0.0,0.5879517075552287,0.0,0.0,0.0,0.0,1.8198944989427985,0.27,0.06
284,0.515501479488105,0.0,0.515501479488105,0.0,0.0,0.0,0.0,1.8198944989427985,0.27,0.06
285,0.5293795078931944,0.0,0.5293795078931944,0.0,0.0,0.0,0.0,1.8198944989427985,0.27,0.06
286,0.3489266953350513,0.0,0.29957296191851335,0.0,0.0,0.049353733416537926,0.0,1.7679432006096008,0.27,0.06
287,0.3422452511887786,0.0,0.3422452511887786,0.0,0.0,0.0,0.0,1.7679432006096008,0.27,0.06
288,0.18435865102339818,0.0,0.0,0.0,0.0,0.18435865102339818,0.0,1.5738814626902342,0.27,0.06
289,0.20491812357476044,0.0,0.0,0.0,0.0,0.20491812357476044,0.0,1.3581781747168022,0.27,0.06
290,0.07305763208042075,0.0,0.0,0.0,0.0,0.07305763208042075,0.0,1.281275404105833,0.27,0.06
291,0.059148849041746686,0.0,0.0,0.0,0.0,0.059148849041746686,0.0,1.2190134577460996,0.27,0.06
292,0.06870585142818775,0.0,0.0,0.0,0.0,0.06870585142818775,0.0,1.146691508874323,0.27,0.06
293,0.06666066829480619,0.0,0.0,0.0,0.0,0.06666066829480619,0.0,1.0765223843534744,0.27,0.06
294,0.06103257034880862,0.0,0.06103257034880862,0.0,0.0,0.0,0.0,1.0765223843534744,0.27,0.06
295,0.07269626513580074,0.0,0.0,0.0,0.0,0.07269626513580074,0.0,1.0,0.27,0.06
296,0.4134883598877025,0.0,0.4134883598877025,0.0,0.0,0.0,0.0,1.0,0.27,0.06
297,0.6125246597893919,0.07393101430472593,0.5385936454846659,0.0,0.0,0.0,0.0,1.0,0.27,0.06
298,0.39578906825971605,0.08599916338200479,0.30978990487771124,0.0,0.0,0.0,0.0,1.0,0.27,0.06
299,0.7311991021342974,0.37281130575390237,0.35838779638039503,0.0,0.0,0.0,0.0,1.0,0.27,0.06
300,0.8218560732835543,0.9769949734206884,0.0,0.0,0.15513890013713416,0.0,0.0,1.1473819551302775,0.27,0.06
301,0.45443815450571157,1.0861578491572543,0.0,-0.0,0.6317196946515428,0.0,0.0,1.7475156650492432,0.27,0.06
302,0.3780974652901259,0.5943923657929656,0.0,-0.0,0.21629490050283973,0.0,0.0,1.9529958205269409,0.27,0.06
303,0.3759061976472172,0.3814389342823411,0.0,-0.0,0.0055327366351238805,0.0,0.0,1.9582519203303086,0.27,0.06
304,0.4778501193220531,0.29431890853160314,0.0,0.0,0.0,0.18353121079044987,0.0,1.765061172129835,0.27,0.06
305,0.4746131941372656,0.09689049301873325,0.0,0.0,0.0,0.37772270111853234,0.0,1.3674583288471696,0.27,0.06
306,0.6454013630914213,0.019726127266986918,0.6256752358244343,0.0,0.0,0.0,0.0,1.3674583288471696,0.27,0.06
307,0.43550867753433753,0.0,0.43550867753433753,0.0,0.0,0.0,0.0,1.3674583288471696,0.27,0.06
308,0.7276161873216819,0.0,0.7276161873216819,0.0,0.0,0.0,0.0,1.3674583288471696,0.27,0.06
309,1.0407598664809512,0.0,1.0407598664809512,0.0,0.0,0.0,0.0,1.3674583288471696,0.27,0.06
310,1.1490238653574412,0.0,1.1490238653574412,0.0,0.0,0.0,0.0,1.3674583288471696,0.27,0.06
311,1.3411173067273867,0.0,1.3411173067273867,0.0,0.0,0.0,0.0,1.3674583288471696,0.27,0.06
312,1.1697524883935189,0.0,0.8958299061406586,0.0,0.0,0.27392258225286026,0.0,1.0791187685810009,0.27,0.06
313,0.7705342784891106,0.0,0.7705342784891106,0.0,0.0,0.0,0.0,1.0791187685810009,0.27,0.06
314,0.6726038364970744,0.0,0.6726038364970744,0.0,0.0,0.0,0.0,1.0791187685810009,0.27,0.06
315,0.6641693782364756,0.0,0.6641693782364759,0.0,0.0,-3.3306690738754696e-16,0.0,1.0791187685810009,0.27,0.06
316,0.25873873234796063,0.0,0.25873873234796063,0.0,0.0,0.0,0.0,1.0791187685810009,0.27,0.06
317,0.26162197924652425,0.0,0.2616219792465242,0.0,0.0,0.0,0.0,1.0791187685810009,0.27,0.06
318,0.27543080972604855,0.0,0.27543080972604855,0.0,0.0,0.0,0.0,1.0791187685810009,0.27,0.06
319,0.36354283494617246,0.0,0.36354283494617246,0.0,0.0,0.0,0.0,1.0791187685810009,0.27,0.06
320,0.2631981542177395,0.0,0.2631981542177395,0.0,0.0,0.0,0.0,1.0791187685810009,0.27,0.06
321,0.3033560170209437,0.04785181174270903,0.2555042052782347,0.0,0.0,0.0,0.0,1.0791187685810009,0.27,0.06
322,0.5134562963547231,0.14392666227283546,0.36952963408188766,0.0,0.0,0.0,0.0,1.0791187685810009,0.27,0.06
323,0.4005099045149654,0.32534707436301447,0.0,0.0,0.0,0.07516283015195091,0.0,1.0,0.27,0.06
324,0.23263573709295857,0.7034857786738411,0.0,6.661338147750939e-16,0.47085004158088184,0.0,0.0,1.4473075395018378,0.27,0.06
325,0.16434507321816413,0.4455372232071275,0.0,0.0,0.28119214998896336,0.0,0.0,1.7144400819913526,0.27,0.06
326,0.2995578197732343,0.6235213229707969,0.0,0.0,0.32396350319756256,0.0,0.0,2.022205410029037,0.27,0.06
327,0.42152300791170183,0.3142737084036143,0.10724929950808754,0.0,0.0,0.0,0.0,2.022205410029037,0.27,0.06
328,0.48370887701993565,0.26538470299965944,0.2183241740202766,0.0,0.0,0.0,0.0,2.022205410029037,0.27,0.06
329,0.7901941780081213,0.1614253426578524,0.628768835350269,0.0,0.0,0.0,0.0,2.0222054100290374,0.27,0.06
330,0.9713389698219194,0.020215280178530987,0.9511236896433888,0.0,0.0,0.0,0.0,2.0222054100290374,0.27,0.06
331,0.829967607891515,0.0,0.829967607891515,0.0,0.0,0.0,0.0,2.022205410029038,0.27,0.06
332,0.7556567244925187,0.0,0.7556567244925187,0.0,0.0,0.0,0.0,2.022205410029038,0.27,0.06
333,0.734497536586255,0.0,0.734497536586255,0.0,0.0,0.0,0.0,2.022205410029038,0.27,0.06
334,0.4857002395445438,0.0,0.4857002395445438,0.0,0.0,0.0,0.0,2.022205410029038,0.27,0.06
335,0.3350947988803387,0.0,0.3350947988803387,0.0,0.0,0.0,0.0,2.022205410029038,0.27,0.06
336,0.3169649423821669,0.0,0.3169649423821669,0.0,0.0,0.0,0.0,2.022205410029038,0.27,0.06
337,0.3126669823387069,0.0,0.3126669823387069,0.0,0.0,0.0,0.0,2.022205410029038,0.27,0.06
338,0.3097452921481619,0.0,0.3097452921481619,0.0,0.0,0.0,0.0,2.022205410029038,0.27,0.06
339,0.10283580604879268,0.0,0.10283580604879261,0.0,0.0,0.0,0.0,2.022205410029038,0.27,0.06
340,0.06624548074141294,0.0,0.06624548074141294,0.0,0.0,0.0,0.0,2.022205410029038,0.27,0.06
341,0.06751410937678119,0.0,0.06751410937678119,0.0,0.0,0.0,0.0,2.022205410029038,0.27,0.06
342,0.05649626189506756,0.0,0.03209641033501142,0.0,0.0,0.02439985156005614,0.0,1.9965213557552945,0.27,0.06
343,0.07088943041270038,0.0,0.0,0.0,0.0,0.07088943041270038,0.0,1.9219009026892941,0.27,0.06
344,0.45720607152833315,0.0,0.45720607152833315,0.0,0.0,0.0,0.0,1.9219009026892941,0.27,0.06
345,0.6031906284964393,0.06433854543387103,0.5388520830625683,0.0,0.0,0.0,0.0,1.9219009026892941,0.27,0.06
346,0.3591679883187519,0.12543131638096314,0.23373667193778877,0.0,0.0,0.0,0.0,1.9219009026892941,0.27,0.06
347,0.4277892645045813,0.2687097576467929,0.15907950685778843,0.0,0.0,0.0,0.0,1.9219009026892941,0.27,0.06
348,0.31690343311499747,0.41817297713512347,0.0,7.771561172376096e-16,0.10126954402012522,0.0,0.0,2.018106969508413,0.27,0.06
349,0.25678581311533366,0.18662241104602909,0.0,0.0,0.0,0.07016340206930458,0.0,1.944250756803882,0.27,0.06
350,0.15078227980731757,0.09250521230644863,0.0,0.0,0.0,0.05827706750086893,0.0,1.88290647522402,0.27,0.06
351,0.3461587783124288,0.12319375430787313,0.22296502400455567,0.0,0.0,0.0,0.0,1.88290647522402,0.27,0.06
352,0.3747298329126025,0.11404350113633949,0.260686331776263,0.0,0.0,0.0,0.0,1.88290647522402,0.27,0.06
353,0.35449328401387875,0.05075213101917191,0.30374115299470683,0.0,0.0,0.0,0.0,1.88290647522402,0.27,0.06
354,0.4181784415093675,0.005608271862626467,0.4125701696467412,0.0,0.0,0.0,0.0,1.88290647522402,0.27,0.06
355,0.5140790776848131,0.0,0.5140790776848131,0.0,0.0,0.0,0.0,1.88290647522402,0.27,0.06
356,0.6965847620347344,0.0,0.6965847620347341,0.0,0.0,2.1094237467877976e-16,0.0,1.8829064752240199,0.27,0.06
357,0.6236962804390287,0.0,0.6236962804390287,0.0,0.0,0.0,0.0,1.8829064752240199,0.27,0.06
358,0.37252318795290124,0.0,0.37252318795290124,0.0,0.0,0.0,0.0,1.8829064752240199,0.27,0.06
359,0.4307724639622956,0.0,0.4307724639622956,0.0,0.0,0.0,0.0,1.8829064752240199,0.27,0.06
360,0.5717055723641182,0.0,0.5717055723641182,0.0,0.0,0.0,0.0,1.8829064752240199,0.27,0.06
361,0.08435227126439662,0.0,0.08435227126439662,0.0,0.0,0.0,0.0,1.8829064752240199,0.27,0.06
362,0.0691056616647887,0.0,0.0,0.0,0.0,0.0691056616647887,0.0,1.8101636734716107,0.27,0.06
363,0.0707587232199655,0.0,0.0,-1.3877787807814457e-17,0.0,0.07075872321996549,0.0,1.7356808069242786,0.27,0.06
364,0.06793698558857061,0.0,0.0,0.0,0.0,0.06793698558857061,0.0,1.664168190515257,0.27,0.06
365,0.185119828204619,0.0,0.185119828204619,0.0,0.0,0.0,0.0,1.664168190515257,0.27,0.06
366,0.08974970945850887,0.0,0.08974970945850887,0.0,0.0,0.0,0.0,1.664168190515257,0.27,0.06
367,0.16979633202104938,0.0,0.16979633202104938,0.0,0.0,0.0,0.0,1.664168190515257,0.27,0.06
368,0.574381225485985,0.0,0.5743812254859852,0.0,0.0,0.0,0.0,1.664168190515257,0.27,0.06
369,0.24086260157686187,0.006765281422166716,0.2340973201546952,0.0,0.0,0.0,0.0,1.664168190515257,0.27,0.06
370,0.20492581223315676,0.022098188801219498,0.18282762343193726,0.0,0.0,0.0,0.0,1.664168190515257,0.27,0.06
371,0.09301738927688175,0.08821438669325216,0.0,0.0,0.0,0.00480300258362959,0.0,1.6591123983219627,0.27,0.06
372,0.14857563484761643,0.2364541454460387,0.0,1.6653345369377348e-16,0.08787851059842211,0.0,0.0,1.7425969833904638,0.27,0.06
373,0.4463958178233163,0.17208933397292642,0.27430648385038986,0.0,0.0,0.0,0.0,1.7425969833904638,0.27,0.06
374,0.22231755752529636,0.051422133566088664,0.1708954239592077,0.0,0.0,0.0,0.0,1.7425969833904638,0.27,0.06
375,0.4425668659420231,0.07051986416017783,0.37204700178184524,0.0,0.0,0.0,0.0,1.7425969833904638,0.27,0.06
376,0.1992208277031977,0.051023230933092745,0.14819759677010497,0.0,0.0,0.0,0.0,1.7425969833904638,0.27,0.06
377,0.3865626781843106,0.03444186543997808,0.35212081274433255,0.0,0.0,0.0,0.0,1.7425969833904638,0.27,0.06
378,0.6647075843242075,0.007475837244484621,0.6572317470797231,0.0,0.0,0.0,0.0,1.7425969833904638,0.27,0.06
379,0.7191971063778737,0.0,0.7191971063778738,0.0,0.0,-1.1102230246251565e-16,0.0,1.7425969833904638,0.27,0.06
380,0.44800274742811563,0.0,0.44800274742811563,0.0,0.0,0.0,0.0,1.7425969833904638,0.27,0.06
381,0.32158582607826564,0.0,0.3215858260782655,0.0,0.0,1.1102230246251565e-16,0.0,1.7425969833904638,0.27,0.06
382,0.3211706385248725,0.0,0.3211706385248725,0.0,0.0,0.0,0.0,1.7425969833904638,0.27,0.06
383,0.21993407342248295,0.0,0.21993407342248295,0.0,0.0,0.0,0.0,1.7425969833904638,0.27,0.06
384,0.08770452632512732,0.0,0.0,0.0,0.0,0.08770452632512732,0.0,1.650276429364014,0.27,0.06
385,0.06912103898158094,0.0,0.0,0.0,0.0,0.06912103898158094,0.0,1.5775174409623498,0.27,0.06
386,0.05648088457827519,0.0,0.0,0.0,0.0,0.05648088457827519,0.0,1.518063878248376,0.27,0.06
387,0.19869799893225779,0.0,0.19869799893225779,0.0,0.0,0.0,0.0,1.518063878248376,0.27,0.06
388,0.061739926921256495,0.0,0.0,0.0,0.0,0.061739926921256495,0.0,1.4530744814891585,0.27,0.06
389,0.06573802928726556,0.0,0.0,1.3877787807814457e-17,0.0,0.06573802928726558,0.0,1.383876555923616,0.27,0.06
390,0.06117096619993975,0.0,0.06117096619993975,0.0,0.0,-9.228728892196614e-17,0.0,1.383876555923616,0.27,0.06
391,0.21063079676311586,0.0,0.21063079676311586,0.0,0.0,0.0,0.0,1.383876555923616,0.27,0.06
392,0.5158167144823481,0.0,0.5158167144823481,0.0,0.0,0.0,0.0,1.383876555923616,0.27,0.06
393,0.7275316120793238,0.06511648973983687,0.662415122339487,0.0,0.0,0.0,0.0,1.383876555923616,0.27,0.06
394,0.7380650740820781,0.15865678118165705,0.5794082929004211,0.0,0.0,0.0,0.0,1.383876555923616,0.27,0.06
395,0.9411071650081732,0.5034569722821363,0.4376501927260369,0.0,0.0,0.0,0.0,1.383876555923616,0.27,0.06
396,0.5614027701132481,0.7995837524324346,0.0,-1.1934897514720433e-15,0.2381809823191877,0.0,0.0,1.6101484891268443,0.27,0.06
397,0.4008405168260012,0.46843860495539114,0.0,0.0,0.06759808812938994,0.0,0.0,1.6743666728497648,0.27,0.06
398,0.32918990923207875,0.4912689786487518,0.0,6.938893903907228e-16,0.16207906941667236,0.0,0.0,1.8283417887956035,0.27,0.06
399,0.36592631904898626,0.25101513499628925,0.0,0.0,0.0,0.11491118405269701,0.0,1.7073826476875014,0.27,0.06
400,0.8824965220541587,0.33449664742155594,0.5479998746326028,0.0,0.0,0.0,0.0,1.7073826476875014,0.27,0.06
401,0.43401707780548,0.10294636439806523,0.3310707134074148,0.0,0.0,0.0,0.0,1.7073826476875014,0.27,0.06
402,0.7066415272169256,0.015560138950848013,0.6910813882660776,0.0,0.0,0.0,0.0,1.7073826476875014,0.27,0.06
403,0.38832338095703317,0.0,0.38832338095703317,0.0,0.0,0.0,0.0,1.7073826476875014,0.27,0.06
404,0.6028907708189888,0.0,0.6028907708189888,0.0,0.0,0.0,0.0,1.7073826476875014,0.27,0.06
405,0.7432395411827025,0.0,0.7432395411827025,0.0,0.0,0.0,0.0,1.7073826476875014,0.27,0.06
406,0.8277532742734182,0.0,0.8277532742734182,0.0,0.0,0.0,0.0,1.7073826476875014,0.27,0.06
407,0.6127553195412769,0.0,0.6127553195412769,0.0,0.0,0.0,0.0,1.7073826476875014,0.27,0.06
408,0.45020170372942125,0.0,0.45020170372942125,0.0,0.0,0.0,0.0,1.7073826476875014,0.27,0.06
409,0.32314662373268876,0.0,0.32314662373268876,0.0,0.0,0.0,0.0,1.7073826476875014,0.27,0.06
410,0.25627067300278933,0.0,0.25627067300278933,0.0,0.0,0.0,0.0,1.7073826476875014,0.27,0.06
411,0.06872891740337625,0.0,0.0,0.0,0.0,0.06872891740337625,0.0,1.6350364188418423,0.27,0.06
412,0.0660840189150933,0.0,0.0,0.0,0.0,0.0660840189150933,0.0,1.5654742936680597,0.27,0.06
413,0.065576567460946,0.0,0.0,0.0,0.0,0.065576567460946,0.0,1.4964463279196956,0.27,0.06
414,0.06290091433907838,0.0,0.0,0.0,0.0,0.06290091433907838,0.0,1.4302348391417183,0.27,0.06
415,0.19429239767125162,0.0,0.19429239767125162,0.0,0.0,0.0,0.0,1.4302348391417183,0.27,0.06
416,0.5927955623448162,0.0,0.5927955623448162,0.0,0.0,0.0,0.0,1.4302348391417183,0.27,0.06
417,0.3771748262825856,0.0444401173001923,0.3327347089823933,0.0,0.0,0.0,0.0,1.4302348391417183,0.27,0.06
418,0.30540120015432437,0.19016753021832972,0.11523366993599465,0.0,0.0,0.0,0.0,1.4302348391417183,0.27,0.06
419,0.19569942215775146,0.14479049567248123,0.050908926485270234,0.0,0.0,0.0,0.0,1.4302348391417183,0.27,0.06
420,0.06549968087698431,0.038103497977236486,0.027396182899747823,0.0,0.0,0.0,0.0,1.4302348391417183,0.27,0.06
421,0.06955160385176656,0.030169795878123577,0.0,0.0,0.0,0.03938180797364299,0.0,1.3887803044326203,0.27,0.06
422,0.11728279517519874,0.10461625240534697,0.0,0.0,0.0,0.012666542769851769,0.0,1.375447101516987,0.27,0.06
423,0.08563627721655719,0.06436219527214264,0.0,0.0,0.0,0.021274081944414547,0.0,1.3530533310491821,0.27,0.06
424,0.14535408697962057,0.02836628127955952,0.11698780570006105,0.0,0.0,0.0,0.0,1.3530533310491821,0.27,0.06
425,0.37699029848107685,0.03433078765179372,0.34265951082928314,0.0,0.0,0.0,0.0,1.3530533310491821,0.27,0.06
426,0.5031765600790419,0.011835558847198429,0.49134100123184343,0.0,0.0,0.0,0.0,1.3530533310491821,0.27,0.06
427,0.7234412458125606,0.0,0.7234412458125606,0.0,0.0,0.0,0.0,1.3530533310491821,0.27,0.06
428,0.6405344423266444,0.0,0.6405344423266445,0.0,0.0,-1.1102230246251565e-16,0.0,1.3530533310491824,0.27,0.06
429,0.6868662978219731,0.0,0.6868662978219731,0.0,0.0,0.0,0.0,1.3530533310491821,0.27,0.06
430,0.635613700953095,0.0,0.635613700953095,0.0,0.0,0.0,0.0,1.3530533310491821,0.27,0.06
431,0.32323119897504626,0.0,0.32323119897504626,0.0,0.0,0.0,0.0,1.3530533310491821,0.27,0.06
432,0.11655237262756243,0.0,0.11655237262756243,0.0,0.0,0.0,0.0,1.3530533310491821,0.27,0.06
433,0.07072796858638082,0.0,0.0,0.0,0.0,0.07072796858638082,0.0,1.2786028378003602,0.27,0.06
434,0.07307300939721306,0.0,0.07307300939721306,0.0,0.0,0.0,0.0,1.2786028378003602,0.27,0.06
435,0.07022820579062969,0.0,0.0,0.0,0.0,0.07022820579062969,0.0,1.204678410652329,0.27,0.06
436,0.07121235406533968,0.0,0.0,0.0,0.0,0.07121235406533968,0.0,1.1297180379519713,0.27,0.06
437,0.07311914134759012,0.0,0.07311914134759012,0.0,0.0,0.0,0.0,1.1297180379519713,0.27,0.06
438,0.06942089665903169,0.0,0.0,0.0,0.0,0.06942089665903169,0.0,1.0566434098898327,0.27,0.06
439,0.19661437250689556,0.0,0.19661437250689556,0.0,0.0,0.0,0.0,1.0566434098898327,0.27,0.06
440,0.6537589347680594,0.0,0.6537589347680594,0.0,0.0,0.0,0.0,1.0566434098898327,0.27,0.06
441,0.4839856687221988,0.01353235075888139,0.4704533179633174,0.0,0.0,0.0,0.0,1.0566434098898327,0.27,0.06
442,0.4221919211921694,0.04826722028460191,0.3739247009075675,0.0,0.0,0.0,0.0,1.0566434098898327,0.27,0.06
443,0.2603687279279484,0.10677498248801734,0.15359374543993098,0.0,0.0,0.0,0.0,1.0566434098898327,0.27,0.06
444,0.05943332940240506,0.037331629255111076,0.022101700147293984,0.0,0.0,0.0,0.0,1.0566434098898327,0.27,0.06
445,0.06953622653497432,0.012002145956913842,0.05753408057806042,0.0,0.0,0.0,0.0,1.0566434098898327,0.27,0.06
446,0.08914230544521137,0.09343804262542166,0.0,-7.494005416219807e-16,0.0042957371802110345,0.0,0.0,1.0607243602110332,0.27,0.06
447,0.09717695346921049,0.07886535179378604,0.0,0.0,0.0,0.01831160167542445,0.0,1.041448990026376,0.27,0.06
448,0.08495198661929794,0.04557544609424086,0.0,0.0,0.0,0.03937654052505708,0.0,1.0,0.27,0.06
449,0.23954784099111626,0.04510014250807336,0.19444769848304289,0.0,0.0,0.0,0.0,1.0,0.27,0.06
450,0.30583176502451037,0.01562787732793098,0.2902038876965794,0.0,0.0,0.0,0.0,1.0,0.27,0.06
451,0.17308707781461075,0.0,0.17308707781461075,0.0,0.0,0.0,0.0,1.0,0.27,0.06
452,0.22232524618369268,0.0,0.22232524618369268,0.0,0.0,0.0,0.0,1.0,0.27,0.06
453,0.35669224031518376,0.0,0.35669224031518376,0.0,0.0,0.0,0.0,1.0,0.27,0.06
454,0.5592653230791118,0.0,0.5592653230791118,0.0,0.0,0.0,0.0,1.0,0.27,0.06
455,0.5753423077855069,0.0,0.5753423077855069,0.0,0.0,0.0,0.0,1.0,0.27,0.06
456,0.4186320723547409,0.0,0.4186320723547409,0.0,0.0,0.0,0.0,1.0,0.27,0.06
457,0.40359305653183003,0.0,0.40359305653183003,0.0,0.0,0.0,0.0,1.0,0.27,0.06
458,0.25690883164967143,0.0,0.2569088316496714,0.0,0.0,0.0,0.0,1.0,0.27,0.06
459,0.23975543476781289,0.0,0.23975543476781289,0.0,0.0,0.0,0.0,1.0,0.27,0.06
460,0.25778533870683484,0.0,0.25778533870683484,0.0,0.0,0.0,0.0,1.0,0.27,0.06
461,0.23700289506198358,0.0,0.23700289506198358,0.0,0.0,0.0,0.0,1.0,0.27,0.06
462,0.24764399828228517,0.0,0.24764399828228517,0.0,0.0,0.0,0.0,1.0,0.27,0.06
463,0.2494508330053857,0.0,0.2494508330053857,0.0,0.0,0.0,0.0,1.0,0.27,0.06
464,0.4914436673664837,0.0,0.4914436673664837,0.0,0.0,0.0,0.0,1.0,0.27,0.06
465,0.4752513527841469,0.06571838598989577,0.4095329667942511,0.0,0.0,0.0,0.0,1.0,0.27,0.06
466,0.4654713793042177,0.1067338032927205,0.35873757601149725,0.0,0.0,-0.0,0.0,1.0,0.27,0.06
467,0.534761568770514,0.36904961725747215,0.16571195151304174,0.0,0.0,0.0,0.0,1.0,0.27,0.06
468,0.46856990863787434,0.6432972100423626,0.0,-0.0,0.17472730140448828,0.0,0.0,1.1659909363342638,0.27,0.06
469,0.43890706454544515,0.330247155344221,0.0,0.0,0.0,0.10865990920122413,0.0,1.0516120845435015,0.27,0.06
470,0.9803962094126093,1.121607541985952,0.0,-0.0,0.14121133257334262,0.0,0.0,1.185762850488177,0.27,0.06
471,0.5971780976306338,0.33262991668962716,0.2645481809410066,0.0,0.0,0.0,0.0,1.185762850488177,0.27,0.06
472,0.45407678756109127,0.20689963526712538,0.2471771522939659,0.0,0.0,0.0,0.0,1.185762850488177,0.27,0.06
473,0.45417674012024123,0.1651575704521869,0.2890191696680543,0.0,0.0,0.0,0.0,1.185762850488177,0.27,0.06
474,0.647984752312535,0.01989593429131403,0.6280888180212211,0.0,0.0,0.0,0.0,1.185762850488177,0.27,0.06
475,1.0044155782422488,0.0,1.0044155782422488,0.0,0.0,0.0,0.0,1.185762850488177,0.27,0.06
476,1.2233731920484183,0.0,1.2233731920484183,0.0,0.0,0.0,0.0,1.185762850488177,0.27,0.06
477,0.8550403229214307,0.0,0.7105229632240757,0.0,0.0,0.14451735969735505,0.0,1.0336393139646454,0.27,0.06
478,0.5521686913794469,0.0,0.5521686913794469,0.0,0.0,0.0,0.0,1.0336393139646454,0.27,0.06
479,0.25221106136961063,0.0,0.25221106136961063,0.0,0.0,0.0,0.0,1.0336393139646454,0.27,0.06
480,0.26450522614508887,0.0,0.26450522614508887,0.0,0.0,0.0,0.0,1.0336393139646454,0.27,0.06
481,0.315381078752555,0.0,0.315381078752555,0.0,0.0,0.0,0.0,1.0336393139646454,0.27,0.06
482,0.3501876353120228,0.0,0.3501876353120228,0.0,0.0,0.0,0.0,1.0336393139646454,0.27,0.06
483,0.35208673393587747,0.0,0.35208673393587747,0.0,0.0,0.0,0.0,1.0336393139646454,0.27,0.06
484,0.27404685121473804,0.0,0.27404685121473804,0.0,0.0,0.0,0.0,1.0336393139646454,0.27,0.06
485,0.27107134041541936,0.0,0.27107134041541936,0.0,0.0,0.0,0.0,1.0336393139646454,0.27,0.06
486,0.2834962123836331,0.0,0.2834962123836331,0.0,0.0,0.0,0.0,1.0336393139646454,0.27,0.06
487,0.40456951614814374,0.0,0.40456951614814374,0.0,0.0,0.0,0.0,1.0336393139646454,0.27,0.06
488,0.25863877978881006,0.0007971134743864556,0.2578416663144236,0.0,0.0,0.0,0.0,1.0336393139646454,0.27,0.06
489,0.4499479780023471,0.06648725043004163,0.3834607275723055,0.0,0.0,0.0,0.0,1.0336393139646454,0.27,0.06
490,0.43576240326141125,0.10721017163266985,0.32855223162874136,0.0,0.0,0.0,0.0,1.0336393139646454,0.27,0.06
491,0.4909439045707331,0.45898655630431995,0.0,0.0,0.0,0.031957348266413166,0.0,1.0,0.27,0.06
492,0.66912087424361,0.9523755791400059,0.0,-0.0,0.2832547048963959,0.0,0.0,1.2690919696515761,0.27,0.06
493,0.61363182659844,0.6924960799626299,0.0,-0.0,0.0788642533641899,0.0,0.0,1.3440130103475565,0.27,0.06
494,0.6504912549496863,0.7800955380616055,0.0,-0.0,0.12960428311191918,0.0,0.0,1.4671370793038796,0.27,0.06
495,0.43095699176380436,0.37113619346226034,0.0,0.0,0.0,0.05982079830154401,0.0,1.4041678179338333,0.27,0.06
496,0.40071749829166153,0.17707397166605246,0.22364352662560907,0.0,0.0,0.0,0.0,1.4041678179338333,0.27,0.06
497,0.2848494162613584,0.09838899918861414,0.18646041707274424,0.0,0.0,0.0,0.0,1.4041678179338333,0.27,0.06
498,0.6688902144917244,0.01761816753501994,0.6512720469567044,0.0,0.0,0.0,0.0,1.4041678179338333,0.27,0.06
499,0.8477668520786525,0.0,0.8477668520786525,0.0,0.0,0.0,0.0,1.4041678179338333,0.27,0.06
500,1.2266254945499988,0.0,1.2266254945499988,0.0,0.0,0.0,0.0,1.4041678179338333,0.27,0.06
501,1.4096770736460482,0.0,1.4096770736460482,0.0,0.0,0.0,0.0,1.4041678179338333,0.27,0.06
502,1.3570405182658587,0.0,1.3570405182658587,0.0,0.0,0.0,0.0,1.4041678179338333,0.27,0.06
503,0.5234207976361612,0.0,0.5234207976361612,0.0,0.0,0.0,0.0,1.4041678179338333,0.27,0.06
504,0.11989693902989706,0.0,0.11989693902989706,0.0,0.0,0.0,0.0,1.4041678179338333,0.27,0.06
505,0.07315758463957106,0.0,0.07315758463957106,0.0,0.0,0.0,0.0,1.4041678179338333,0.27,0.06
506,0.06047129828588818,0.0,0.06047129828588818,0.0,0.0,0.0,0.0,1.4041678179338333,0.27,0.06
507,0.06993603677157519,0.0,0.06993603677157519,0.0,0.0,0.0,0.0,1.4041678179338333,0.27,0.06
508,0.06045592096909581,0.0,0.06045592096909581,0.0,0.0,0.0,0.0,1.4041678179338333,0.27,0.06
509,0.06995141408836757,0.0,0.0,0.0,0.0,0.06995141408836757,0.0,1.3305347504723937,0.27,0.06
510,0.06326228128369837,0.0,0.0,0.0,0.0,0.06326228128369837,0.0,1.2639428754369217,0.27,0.06
511,0.22717678963167676,0.0,0.22717678963167676,0.0,0.0,0.0,0.0,1.2639428754369217,0.27,0.06
512,0.4411598414555231,0.0,0.4411598414555231,0.0,0.0,0.0,0.0,1.2639428754369217,0.27,0.06
513,0.7116160891992493,0.11848662453920354,0.5931294646600458,0.0,0.0,0.0,0.0,1.2639428754369217,0.27,0.06
514,0.5531220850205718,0.30766962969853406,0.24545245532203774,0.0,0.0,0.0,0.0,1.2639428754369217,0.27,0.06
515,0.4358931104541456,0.1672360296662871,0.2686570807878585,0.0,0.0,0.0,0.0,1.2639428754369217,0.27,0.06
516,0.3100912817759894,0.2542617095546469,0.0,0.0,0.0,0.055829572221342494,0.0,1.205174904677614,0.27,0.06
517,0.31162132479682814,0.1050124269817296,0.20660889781509853,0.0,0.0,0.0,0.0,1.205174904677614,0.27,0.06
518,0.25450997023006605,0.14313928519603347,0.11137068503403258,0.0,0.0,0.0,0.0,1.205174904677614,0.27,0.06
519,0.3304662265258438,0.43410916991163456,0.0,-0.0,0.10364294338579078,0.0,0.0,1.303635700894115,0.27,0.06
520,0.32797510120548373,0.3340209120282583,0.0,-0.0,0.0060458108227745555,0.0,0.0,1.309379221175751,0.27,0.06
521,0.27017176738306786,0.15734825733953747,0.0,0.0,0.0,0.11282351004353049,0.0,1.1906176316562451,0.27,0.06
522,0.2673346524348803,0.009031170422984612,0.2583034820118957,0.0,0.0,0.0,0.0,1.1906176316562451,0.27,0.06
523,0.32894387216340093,0.0,0.32894387216340093,0.0,0.0,0.0,0.0,1.1906176316562451,0.27,0.06
524,0.8448605392049,0.0,0.8448605392049,0.0,0.0,0.0,0.0,1.1906176316562451,0.27,0.06
525,1.0301956498446119,0.0,1.0301956498446119,0.0,0.0,0.0,0.0,1.1906176316562451,0.27,0.06
526,0.587375058175515,0.0,0.44184747417914977,0.0,0.0,0.14552758399636528,0.0,1.0374307011337554,0.27,0.06
527,0.38271066032782874,0.0,0.38271066032782874,0.0,0.0,0.0,0.0,1.0374307011337554,0.27,0.06
528,0.3754756327770312,0.0,0.3754756327770312,0.0,0.0,0.0,0.0,1.0374307011337554,0.27,0.06
529,0.4670552429338286,0.0,0.4670552429338286,0.0,0.0,0.0,0.0,1.0374307011337554,0.27,0.06
530,0.12331070335779719,0.0,0.12331070335779719,0.0,0.0,0.0,0.0,1.0374307011337554,0.27,0.06
531,0.10936347702714212,0.0,0.10936347702714212,0.0,0.0,0.0,0.0,1.0374307011337554,0.27,0.06
532,0.10841777204441319,0.0,0.10841777204441319,0.0,0.0,0.0,0.0,1.0374307011337554,0.27,0.06
533,0.10733367121055294,0.0,0.10733367121055294,0.0,0.0,0.0,0.0,1.0374307011337554,0.27,0.06
534,0.10751819901206106,0.0,0.10751819901206106,0.0,0.0,0.0,0.0,1.0374307011337554,0.27,0.06
535,0.10518084685962494,0.0,0.10518084685962494,0.0,0.0,0.0,0.0,1.0374307011337554,0.27,0.06
536,0.5213986804779682,0.0,0.5213986804779682,0.0,0.0,0.0,0.0,1.0374307011337554,0.27,0.06
537,0.37897397234729,0.043706367143149405,0.3352676052041406,0.0,0.0,0.0,0.0,1.0374307011337554,0.27,0.06
538,0.32268530422891817,0.13064683075218725,0.19203847347673092,0.0,0.0,0.0,0.0,1.0374307011337554,0.27,0.06
539,0.05987158293098675,0.06902335148032226,0.0,9.71445146547012e-17,0.009151768549335415,0.0,0.0,1.046124881255624,0.27,0.06
540,0.06905184105601544,0.06456259175895002,0.0,0.0,0.0,0.0044892492970654285,0.0,1.0413993556797658,0.27,0.06
541,0.06198596398993394,0.038883049223158335,0.023102914766775604,0.0,0.0,0.0,0.0,1.0413993556797658,0.27,0.06
542,0.06643769720131719,0.03333548135510315,0.03310221584621404,0.0,0.0,0.0,0.0,1.0413993556797658,0.27,0.06
543,0.06249341544408125,0.02316402754830366,0.0,0.0,0.0,0.039329387895777536,0.0,1.0,0.27,0.06
544,0.06691439402187982,0.02253166015106436,0.044382733870815455,0.0,0.0,0.0,0.0,1.0,0.27,0.06
545,0.07960836903395888,0.010566300951205271,0.0690420680827536,0.0,0.0,0.0,0.0,1.0,0.27,0.06
546,0.46749349646241,0.008404398132125417,0.4590890983302846,0.0,0.0,0.0,0.0,1.0,0.27,0.06
547,0.5523685964977468,0.0,0.5523685964977468,0.0,0.0,0.0,0.0,1.0,0.27,0.06
548,0.8455371411437631,0.0,0.8455371411437631,0.0,0.0,0.0,0.0,1.0,0.27,0.06
549,0.8292910059526526,0.0,0.8292910059526526,0.0,0.0,0.0,0.0,1.0,0.27,0.06
550,0.6642155101868524,0.0,0.6642155101868524,0.0,0.0,0.0,0.0,1.0,0.27,0.06
551,0.34738127499742,0.0,0.34738127499742,0.0,0.0,0.0,0.0,1.0,0.27,0.06
552,0.31338202756955064,0.0,0.31338202756955064,0.0,0.0,0.0,0.0,1.0,0.27,0.06
553,0.42163833778764437,0.0,0.42163833778764437,0.0,0.0,0.0,0.0,1.0,0.27,0.06
554,0.3701012605581075,0.0,0.3701012605581075,0.0,0.0,0.0,0.0,1.0,0.27,0.06
555,0.3417993090018006,0.0,0.3417993090018006,0.0,0.0,0.0,0.0,1.0,0.27,0.06
556,0.3366402192179694,0.0,0.3366402192179694,0.0,0.0,0.0,0.0,1.0,0.27,0.06
557,0.3301586801899975,0.0,0.3301586801899975,0.0,0.0,0.0,0.0,1.0,0.27,0.06
558,0.3359559286207094,0.0,0.3359559286207094,0.0,0.0,0.0,0.0,1.0,0.27,0.06
559,0.32352336799410125,0.0,0.32352336799410125,0.0,0.0,0.0,0.0,1.0,0.27,0.06
560,0.8283760556035081,0.0,0.8283760556035081,0.0,0.0,0.0,0.0,1.0,0.27,0.06
561,0.8563243288735912,0.09123470788309891,0.7650896209904923,0.0,0.0,0.0,0.0,1.0,0.27,0.06
562,0.8097848796015656,0.17183428525851754,0.6379505943430481,0.0,0.0,0.0,0.0,1.0,0.27,0.06
563,0.6005995506169299,0.4246363657927432,0.1759631848241867,0.0,0.0,0.0,0.0,1.0,0.27,0.06
564,0.36099020035864454,0.4056471467016205,0.0,0.0,0.044656946342975956,0.0,0.0,1.0424240990258271,0.27,0.06
565,0.6609632076852718,0.32697750574721174,0.29368280786352435,0.0,0.0,0.04030289407453576,0.0,1.0,0.27,0.06
566,0.43271769453652686,0.822416782306624,0.0,0.0,0.3896990877700971,0.0,0.0,1.3702141333815923,0.27,0.06
567,0.3558387992332094,0.3452149825653728,0.0,0.0,0.0,0.010623816667836572,0.0,1.35903116846808,0.27,0.06
568,0.5902890597076644,0.2596966674754596,0.3305923922322048,0.0,0.0,0.0,0.0,1.35903116846808,0.27,0.06
569,0.6233579794695975,0.15973661856280644,0.46362136090679107,0.0,0.0,0.0,0.0,1.35903116846808,0.27,0.06
570,0.3909144588365432,0.029533902342247936,0.14937814360454488,0.0,0.0,0.21200241288975036,0.0,1.1358707338472902,0.27,0.06
571,0.5011159996288681,0.0,0.5011159996288681,0.0,0.0,0.0,0.0,1.1358707338472902,0.27,0.06
572,0.4950727141294769,0.0,0.49507271412947684,0.0,0.0,0.0,0.0,1.1358707338472902,0.27,0.06
573,0.6850287084652882,0.0,0.6850287084652882,0.0,0.0,0.0,0.0,1.1358707338472902,0.27,0.06
574,0.35561582813972065,0.0,0.35561582813972065,0.0,0.0,0.0,0.0,1.1358707338472902,0.27,0.06
575,0.21113824821726324,0.0,0.21113824821726324,0.0,0.0,0.0,0.0,1.1358707338472902,0.27,0.06
576,0.2640746612749031,0.0,0.2640746612749031,0.0,0.0,0.0,0.0,1.1358707338472902,0.27,0.06
577,0.13315218610489657,0.0,0.13315218610489657,0.0,0.0,0.0,0.0,1.1358707338472902,0.27,0.06
578,0.058564511003637625,0.0,0.0,0.0,0.0,0.058564511003637625,0.0,1.0742238801592505,0.27,0.06
579,0.07051268615128807,0.0,0.0,0.0,0.0,0.07051268615128807,0.0,1.0,0.27,0.06
580,0.0600407334157025,0.0,0.0600407334157025,0.0,0.0,0.0,0.0,1.0,0.27,0.06
581,0.07310376403079781,0.0,0.07310376403079781,0.0,0.0,0.0,0.0,1.0,0.27,0.06
582,0.059733187079855754,0.0,0.059733187079855754,0.0,0.0,0.0,0.0,1.0,0.27,0.06
583,0.1242179650485455,0.0,0.1242179650485455,0.0,0.0,0.0,0.0,1.0,0.27,0.06
584,0.6024602059488038,0.0012997707133184059,0.6011604352354855,0.0,0.0,-2.1094237467877976e-16,0.0,1.0000000000000002,0.27,0.06
585,0.3067313380568625,0.03776780790935522,0.2689635301475073,0.0,0.0,0.0,0.0,1.0000000000000002,0.27,0.06
586,0.13089172053642242,0.03868552323358969,0.09220619730283273,0.0,0.0,-0.0,0.0,1.0,0.27,0.06
587,0.0621012938658765,0.08107469480766295,0.0,-7.771561172376096e-16,0.018973400941787233,0.0,0.0,1.018024730894698,0.27,0.06
588,0.06697590328904919,0.22955453514939894,0.0,-8.326672684688674e-17,0.16257863186034985,0.0,0.0,1.1724744311620303,0.27,0.06
589,0.06693745999706838,0.12113680418548782,0.0,6.800116025829084e-16,0.05419934418841876,0.0,0.0,1.2239638081410282,0.27,0.06
590,0.08329123640572487,0.21706614609463334,0.0,0.0,0.13377490968890848,0.0,0.0,1.3510499723454914,0.27,0.06
591,0.2816048024181745,0.31652924278890554,0.0,7.771561172376096e-16,0.03492444037073028,0.0,0.0,1.3842281906976852,0.27,0.06
592,0.39722684737979996,0.21359216564228162,0.18363468173751835,0.0,0.0,0.0,0.0,1.3842281906976852,0.27,0.06
593,0.3429910510532069,0.10200478980349514,0.24098626124971173,0.0,0.0,0.0,0.0,1.3842281906976852,0.27,0.06
594,0.4184091012612525,0.026845912102519968,0.39156318915873256,0.0,0.0,0.0,0.0,1.3842281906976852,0.27,0.06
595,0.54848582400768,0.0,0.54848582400768,0.0,0.0,0.0,0.0,1.3842281906976852,0.27,0.06
596,0.7011595137804556,0.0,0.7011595137804556,0.0,0.0,0.0,0.0,1.3842281906976852,0.27,0.06
597,0.46872368180579754,0.0,0.46872368180579754,0.0,0.0,0.0,0.0,1.3842281906976852,0.27,0.06
598,0.527026778423965,0.0,0.527026778423965,0.0,0.0,0.0,0.0,1.3842281906976852,0.27,0.06
599,0.3100989704343856,0.0,0.3100989704343856,0.0,0.0,0.0,0.0,1.3842281906976852,0.27,0.06
600,0.23819463711339028,0.0,0.23819463711339028,0.0,0.0,0.0,0.0,1.3842281906976852,0.27,0.06
601,0.067237317674519,0.0,0.0,0.0,0.0,0.067237317674519,0.0,1.3134520668297704,0.27,0.06
602,0.06351600701077206,0.0,0.0,0.0,0.0,0.06351600701077206,0.0,1.2465931120815894,0.27,0.06
603,0.06187063411399137,0.0,0.06187063411399137,0.0,0.0,0.0,0.0,1.2465931120815894,0.27,0.06
604,0.06558425611934213,0.0,0.0,0.0,0.0,0.06558425611934213,0.0,1.1775570530085977,0.27,0.06
605,0.06193214338116075,0.0,0.0,0.0,0.0,0.06193214338116075,0.0,1.1123653231336916,0.27,0.06
606,0.06692977133867219,0.0,0.06692977133867219,0.0,0.0,0.0,0.0,1.1123653231336916,0.27,0.06
607,0.26099150925803816,0.0,0.26099150925803816,0.0,0.0,0.0,0.0,1.1123653231336916,0.27,0.06
608,0.51790034090771,0.0011184814189321526,0.5167818594887779,0.0,0.0,0.0,0.0,1.1123653231336916,0.27,0.06
609,0.11691373957218251,0.021673336077631198,0.09524040349455132,0.0,0.0,0.0,0.0,1.1123653231336919,0.27,0.06
610,0.18495067771990337,0.06709143526222634,0.11785924245767698,0.0,0.0,0.0,0.0,1.1123653231336919,0.27,0.06
611,0.19260858148249013,0.2853363225365112,0.0,-6.38378239159465e-16,0.0927277410540217,0.0,0.0,1.2004566771350127,0.27,0.06
612,0.5801015873327369,0.897818165639749,0.0,-1.1102230246251565e-16,0.3177165783070123,0.0,0.0,1.5022874265266744,0.27,0.06
613,0.39561991777500005,0.5230589525890408,0.0,3.3306690738754696e-16,0.1274390348140404,0.0,0.0,1.6233545096000128,0.27,0.06
614,0.3673102775602975,0.5333013156288542,0.0,-8.326672684688674e-17,0.16599103806855678,0.0,0.0,1.7810459957651417,0.27,0.06
615,0.35321696672011504,0.4215482797145976,0.0,5.551115123125783e-17,0.06833131299448247,0.0,0.0,1.8459607431099,0.27,0.06
616,0.15165109820608497,0.13137830372806938,0.0,0.0,0.0,0.02027279447801569,0.0,1.824620959448831,0.27,0.06
617,0.06687595072989899,0.06219994418881676,0.0,-0.0,0.0,0.004676006541082231,0.0,1.8196988473003233,0.27,0.06
618,0.14070244864993675,0.010426161279885248,0.0,0.0,0.0,0.1302762873700515,0.0,1.6825659132265849,0.27,0.06
619,0.2072170324352157,0.0,0.20721703243521575,0.0,0.0,-5.551115123125783e-17,0.0,1.6825659132265849,0.27,0.06
620,0.40218603204533065,0.0,0.40218603204533065,0.0,0.0,0.0,0.0,1.6825659132265849,0.27,0.06
621,0.3460050051445056,0.0,0.3460050051445059,0.0,0.0,-2.7755575615628914e-16,0.0,1.6825659132265849,0.27,0.06
622,0.598562056141945,0.0,0.598562056141945,0.0,0.0,0.0,0.0,1.6825659132265849,0.27,0.06
623,0.5523147758889737,0.0,0.5523147758889737,0.0,0.0,0.0,0.0,1.6825659132265849,0.27,0.06
624,0.4062379550201133,0.0,0.4062379550201133,0.0,0.0,0.0,0.0,1.6825659132265849,0.27,0.06
625,0.11067054895449131,0.0,0.0,0.0,0.0,0.11067054895449131,0.0,1.5660705985376466,0.27,0.06
626,0.09850709137174819,0.0,0.09850709137174819,0.0,0.0,0.0,0.0,1.5660705985376469,0.27,0.06
627,0.06033290243475706,0.0,0.0,0.0,0.0,0.06033290243475706,0.0,1.502562280185271,0.27,0.06
628,0.06631467866697843,0.0,0.0,0.0,0.0,0.06631467866697843,0.0,1.432757355272662,0.27,0.06
629,0.06633005598377076,0.0,0.0,0.0,0.0,0.06633005598377076,0.0,1.3629362437107981,0.27,0.06
630,0.06613783952386657,0.0,0.0,0.0,0.0,0.06613783952386657,0.0,1.2933174652646229,0.27,0.06
631,0.12657069451777395,0.0,0.006637675226213902,0.0,0.0,0.11993301929156004,0.0,1.1670721817998226,0.27,0.06
632,0.3540012098765244,0.0012634293056073998,0.3527377805709171,0.0,0.0,0.0,0.0,1.1670721817998226,0.27,0.06
633,0.48357816982720186,0.07638686039486511,0.4071913094323367,0.0,0.0,0.0,0.0,1.1670721817998226,0.27,0.06
634,0.41547203375391434,0.25675346104408275,0.0,0.0,0.0,0.15871857270983153,0.0,1.0,0.27,0.06
635,0.42484450833884746,0.6611309421310045,0.0,-0.0,0.23628643379215708,0.0,0.0,1.2244721121025492,0.27,0.06
636,0.3627893464233475,1.0876234874095159,0.0,-1.1102230246251565e-16,0.7248341409861685,0.0,0.0,1.9130645460394093,0.27,0.06
637,0.32316968970787685,0.4672668626744221,0.0,-1.3600232051658168e-15,0.1440971729665466,0.0,0.0,2.0499568603576286,0.27,0.06
638,0.36076722926515503,0.5818553162143791,0.0,-8.326672684688674e-17,0.2210880869492242,0.0,0.0,2.2599905429593914,0.27,0.06
639,0.7484678288920994,0.6153659391463622,0.13310188974573722,0.0,0.0,0.0,0.0,2.2599905429593914,0.27,0.06
640,0.4763046989844231,0.4472020023887397,0.0,0.0,0.0,0.02910269659568343,0.0,2.2293561254902508,0.27,0.06
641,0.4716069287043625,0.13009036616354938,0.3415165625408131,0.0,0.0,0.0,0.0,2.2293561254902508,0.27,0.06
642,0.33181174174517314,0.02277514468386165,0.170641998683747,0.0,0.0,0.1383945983775645,0.0,2.083677600882288,0.27,0.06
643,0.47598177533178376,0.0,0.47598177533178376,0.0,0.0,0.0,0.0,2.083677600882288,0.27,0.06
644,0.4806334136614675,0.0,0.4806334136614675,0.0,0.0,0.0,0.0,2.083677600882288,0.27,0.06
645,0.4701614609258819,0.0,0.0,0.0,0.0,0.4701614609258819,0.0,1.5887707999076757,0.27,0.06
646,0.23469629754313262,0.0,0.23469629754313262,0.0,0.0,0.0,0.0,1.5887707999076757,0.27,0.06
647,0.13426704157234143,0.0,0.0,0.0,0.0,0.13426704157234143,0.0,1.44743707193679,0.27,0.06
648,0.7198121990495681,0.0,0.7198121990495681,0.0,0.0,0.0,0.0,1.44743707193679,0.27,0.06
649,0.7183052220039182,0.0,0.7183052220039182,0.0,0.0,0.0,0.0,1.44743707193679,0.27,0.06
650,0.3393389383150256,0.0,0.3393389383150256,0.0,0.0,0.0,0.0,1.44743707193679,0.27,0.06
651,0.3187871544220594,0.0,0.3187871544220594,0.0,0.0,0.0,0.0,1.44743707193679,0.27,0.06
652,0.33403376402166624,0.0,0.33403376402166624,0.0,0.0,0.0,0.0,1.44743707193679,0.27,0.06
653,0.325745390270595,0.0,0.325745390270595,0.0,0.0,0.0,0.0,1.44743707193679,0.27,0.06
654,0.3283057135165194,0.0,0.3283057135165194,0.0,0.0,0.0,0.0,1.44743707193679,0.27,0.06
655,0.33994634232832316,0.0,0.33994634232832316,0.0,0.0,0.0,0.0,1.44743707193679,0.27,0.06
656,0.3182950802847044,0.0,0.3182950802847044,0.0,0.0,0.0,0.0,1.44743707193679,0.27,0.06
657,0.52183693400655,0.12330338232096374,0.39853355168558624,0.0,0.0,0.0,0.0,1.44743707193679,0.27,0.06
658,0.49312748355524627,0.19272347948703517,0.3004040040682112,0.0,0.0,0.0,0.0,1.44743707193679,0.27,0.06
659,0.40716828268605,0.432319548033248,0.0,-0.0,0.025151265347198026,0.0,0.0,1.4713307740166282,0.27,0.06
660,0.5044298113976174,0.7009411330886008,0.0,-0.0,0.1965113216909834,0.0,0.0,1.6580165296230625,0.27,0.06
661,0.9682173745130731,0.49122822539416766,0.47698914911890544,0.0,0.0,0.0,0.0,1.6580165296230625,0.27,0.06
662,0.7752166714523788,0.6915355632598864,0.0,0.0,0.0,0.08368110819249241,0.0,1.5699311525783335,0.27,0.06
663,0.40160938266561746,0.37375945286520945,0.0,0.0,0.0,0.027849929800408013,0.0,1.5406154369989566,0.27,0.06
664,0.5318245012631762,0.2914378673385573,0.24038663392461884,0.0,0.0,0.0,0.0,1.5406154369989566,0.27,0.06
665,0.4672782140273182,0.1315522599946939,0.3357259540326243,0.0,0.0,0.0,0.0,1.5406154369989566,0.27,0.06
666,0.5849223761471369,0.055341216779080875,0.529581159368056,0.0,0.0,0.0,0.0,1.5406154369989566,0.27,0.06
667,0.7707111176322226,0.0,0.7707111176322226,0.0,0.0,0.0,0.0,1.5406154369989566,0.27,0.06
668,0.5730895308754288,0.0,0.5730895308754288,0.0,0.0,0.0,0.0,1.5406154369989564,0.27,0.06
669,0.8662426982046524,0.0,0.8662426982046525,0.0,0.0,-1.1102230246251565e-16,0.0,1.5406154369989566,0.27,0.06
670,0.7000369696546149,0.0,0.7000369696546149,0.0,0.0,0.0,0.0,1.5406154369989566,0.27,0.06
671,0.2015889344892182,0.0,0.2015889344892182,0.0,0.0,0.0,0.0,1.5406154369989566,0.27,0.06
672,0.07732483749029587,0.0,0.07732483749029587,0.0,0.0,0.0,0.0,1.5406154369989566,0.27,0.06
673,0.06324690396690599,0.0,0.06324690396690599,0.0,0.0,0.0,0.0,1.5406154369989566,0.27,0.06
674,0.07216574770646488,0.0,0.0,-1.3877787807814457e-17,0.0,0.07216574770646486,0.0,1.464651492044783,0.27,0.06
675,0.06440020272633175,0.0,0.0,0.0,0.0,0.06440020272633175,0.0,1.396861804964434,0.27,0.06
676,0.07324215988192886,0.0,0.0,0.0,0.0,0.07324215988192886,0.0,1.3197647945624036,0.27,0.06
677,0.06205516191549944,0.0,0.0,0.0,0.0,0.06205516191549944,0.0,1.2544435714934568,0.27,0.06
678,0.24665216134917878,0.0,0.24665216134917878,0.0,0.0,0.0,0.0,1.2544435714934568,0.27,0.06
679,0.12234962105827588,0.0,0.12234962105827588,0.0,0.0,0.0,0.0,1.2544435714934568,0.27,0.06
680,0.29279948904300035,0.0008032475768238261,0.29199624146617653,0.0,0.0,0.0,0.0,1.2544435714934568,0.27,0.06
681,0.3604904375628931,0.08373832333098657,0.27675211423190654,0.0,0.0,0.0,0.0,1.2544435714934568,0.27,0.06
682,0.4221611665585837,0.2887743572717448,0.13338680928683894,0.0,0.0,0.0,0.0,1.2544435714934568,0.27,0.06
683,0.3453207145472469,0.26823315644419166,0.07708755810305523,0.0,0.0,0.0,0.0,1.2544435714934568,0.27,0.06
684,0.3271139714651125,0.3072638658747302,0.01985010559038236,0.0,0.0,0.0,0.0,1.2544435714934568,0.27,0.06
685,0.36522665113493435,0.12350150281664271,0.24172514831829164,0.0,0.0,0.0,0.0,1.2544435714934568,0.27,0.06
686,0.41064355628111876,0.13375583005579314,0.27688772622532554,0.0,0.0,0.0,0.0,1.2544435714934568,0.27,0.06
687,0.34177624302661186,0.16889787213694712,0.17287837088966473,0.0,0.0,0.0,0.0,1.2544435714934568,0.27,0.06
688,0.3391544105135176,0.3340300013512585,0.0,0.0,0.0,0.0051244091622590915,0.0,1.2490494565858157,0.27,0.06
689,0.40672234049907185,0.22647062525373066,0.1802517152453412,0.0,0.0,0.0,0.0,1.2490494565858157,0.27,0.06
690,0.386232065873275,0.042597879097014305,0.34363418677626073,0.0,0.0,0.0,0.0,1.2490494565858157,0.27,0.06
691,0.561710316449095,0.0,0.561710316449095,0.0,0.0,0.0,0.0,1.2490494565858157,0.27,0.06
692,0.6558656271686101,0.0,0.6558656271686101,0.0,0.0,0.0,0.0,1.2490494565858157,0.27,0.06
693,0.7949227029217669,0.0,0.7949227029217669,0.0,0.0,0.0,0.0,1.2490494565858157,0.27,0.06
694,0.40669158586548687,0.0,0.40669158586548687,0.0,0.0,0.0,0.0,1.2490494565858157,0.27,0.06
695,0.2005202109721503,0.0,0.2005202109721503,0.0,0.0,0.0,0.0,1.2490494565858157,0.27,0.06
696,0.3085151068047737,0.0,0.3085151068047738,0.0,0.0,0.0,0.0,1.2490494565858157,0.27,0.06
697,0.08096926157008118,0.0,0.08096926157008118,0.0,0.0,0.0,0.0,1.2490494565858157,0.27,0.06
698,0.07185820137061806,0.0,0.07185820137061806,0.0,0.0,0.0,0.0,1.2490494565858157,0.27,0.06
699,0.06793698558857063,0.0,0.06793698558857063,0.0,0.0,0.0,0.0,1.2490494565858157,0.27,0.06
700,0.07334980109947525,0.0,0.0,0.0,0.0,0.07334980109947525,0.0,1.1718391396389995,0.27,0.06
701,0.06843674838432182,0.0,0.0,0.0,0.0,0.06843674838432182,0.0,1.0998004571291873,0.27,0.06
702,0.07481833485314399,0.0,0.0,0.0,0.0,0.07481833485314399,0.0,1.0210443151785094,0.27,0.06
703,0.2621217420422761,0.0,0.2621217420422761,0.0,0.0,0.0,0.0,1.0210443151785094,0.27,0.06
704,0.6760944874089363,0.0,0.6760944874089363,0.0,0.0,0.0,0.0,1.0210443151785094,0.27,0.06
705,0.3346334793765688,0.03023054762120125,0.30440293175536753,0.0,0.0,0.0,0.0,1.0210443151785094,0.27,0.06
706,0.164798704063538,0.07812884191884412,0.08666986214469388,0.0,0.0,0.0,0.0,1.0210443151785094,0.27,0.06
707,0.064861522230102,0.12537140815238407,0.0,-0.0,0.06050988592228207,0.0,0.0,1.0785287068046774,0.27,0.06
708,0.12027368329130939,0.2748685229539545,0.0,-0.0,0.1545948396626451,0.0,0.0,1.2253938044841903,0.27,0.06
709,0.14263999056577206,0.06660314229145595,0.0,0.0,0.0,0.07603684827431612,0.0,1.1453550168270155,0.27,0.06
710,0.13412095706281418,0.0693296715678514,0.0,0.0,0.0,0.06479128549496263,0.0,1.0771536636744232,0.27,0.06
711,0.1418557474093626,0.04780364423951641,0.09405210316984619,0.0,0.0,0.0,0.0,1.0771536636744232,0.27,0.06
712,0.19856729173952326,0.027449222249550726,0.17111806948997252,0.0,0.0,0.0,0.0,1.0771536636744232,0.27,0.06
713,0.3463048628219569,0.023129689722253884,0.323175173099703,0.0,0.0,0.0,0.0,1.0771536636744232,0.27,0.06
714,0.4507322211587569,0.0032610618953185203,0.4474711592634384,0.0,0.0,0.0,0.0,1.0771536636744232,0.27,0.06
715,0.7636683065413294,0.0,0.7636683065413294,0.0,0.0,0.0,0.0,1.0771536636744232,0.27,0.06
716,0.6811074926832406,0.0,0.6811074926832406,0.0,0.0,0.0,0.0,1.0771536636744232,0.27,0.06
717,0.6894804416766713,0.0,0.6894804416766713,0.0,0.0,0.0,0.0,1.0771536636744232,0.27,0.06
718,0.3526556946571948,0.0,0.3526556946571948,0.0,0.0,0.0,0.0,1.0771536636744232,0.27,0.06
719,0.45849007748049375,0.0,0.45849007748049375,0.0,0.0,0.0,0.0,1.0771536636744232,0.27,0.06
720,0.139449197331361,0.0,0.139449197331361,0.0,0.0,0.0,0.0,1.0771536636744232,0.27,0.06
721,0.13002290213765474,0.0,0.13002290213765474,0.0,0.0,0.0,0.0,1.0771536636744232,0.27,0.06
722,0.07118159943175494,0.0,0.07118159943175494,0.0,0.0,0.0,0.0,1.0771536636744232,0.27,0.06
723,0.1471686103611169,0.0,0.1471686103611169,0.0,0.0,0.0,0.0,1.0771536636744232,0.27,0.06
724,0.11795939711406213,0.0,0.11795939711406213,0.0,0.0,0.0,0.0,1.0771536636744232,0.27,0.06
725,0.0727654630613663,0.0,0.0727654630613663,0.0,0.0,0.0,0.0,1.0771536636744232,0.27,0.06
726,0.06986683884600962,0.0,0.06986683884600962,0.0,0.0,0.0,0.0,1.0771536636744232,0.27,0.06
727,0.10401217078340694,0.0,0.10401217078340694,0.0,0.0,0.0,0.0,1.0771536636744232,0.27,0.06
728,0.32538402332597416,0.0,0.32538402332597416,0.0,0.0,0.0,0.0,1.0771536636744232,0.27,0.06
729,0.5417505592526337,0.019285438763984943,0.5224651204886488,0.0,0.0,0.0,0.0,1.0771536636744232,0.27,0.06
730,0.3266910952533231,0.09711667544961641,0.22957441980370671,0.0,0.0,0.0,0.0,1.0771536636744232,0.27,0.06
731,0.31642673629443496,0.10639297507622365,0.21003376121821132,0.0,0.0,0.0,0.0,1.0771536636744232,0.27,0.06
732,0.6937015151361705,0.2599143818205498,0.4337871333156207,0.0,0.0,0.0,0.0,1.0771536636744232,0.27,0.06
733,0.8771836591024043,0.20782163299407005,0.6693620261083342,0.0,0.0,0.0,0.0,1.0771536636744232,0.27,0.06
734,0.41303472904232935,0.11354705595912831,0.299487673083201,0.0,0.0,0.0,0.0,1.0771536636744232,0.27,0.06
735,0.42729719036722624,0.0632440704434886,0.3640531199237376,0.0,0.0,0.0,0.0,1.0771536636744232,0.27,0.06
736,0.8775680920222124,0.05988066349922894,0.8176874285229836,0.0,0.0,0.0,0.0,1.0771536636744232,0.27,0.06
737,0.48146378876825374,0.019164047263313055,0.4622997415049407,0.0,0.0,0.0,0.0,1.0771536636744232,0.27,0.06
738,0.40223216399570694,0.0030922665746613313,0.3991398974210456,0.0,0.0,0.0,0.0,1.0771536636744232,0.27,0.06
739,0.7056343129670275,0.0,0.7056343129670275,0.0,0.0,0.0,0.0,1.0771536636744232,0.27,0.06
740,0.567815111215655,0.0,0.567815111215655,0.0,0.0,0.0,0.0,1.0771536636744232,0.27,0.06
741,0.2721093092989024,0.0,0.2721093092989024,0.0,0.0,0.0,0.0,1.0771536636744232,0.27,0.06
742,0.6667758334327769,0.0,0.6667758334327769,0.0,0.0,0.0,0.0,1.0771536636744232,0.27,0.06
743,0.404008244085223,0.0,0.404008244085223,0.0,0.0,0.0,0.0,1.0771536636744232,0.27,0.06
744,0.07329598049070207,0.0,0.0,0.0,0.0,0.07329598049070207,0.0,1.0,0.27,0.06
745,0.0634468090852065,0.0,0.0634468090852065,0.0,0.0,0.0,0.0,1.0,0.27,0.06
746,0.07441852461654307,0.0,0.07441852461654307,0.0,0.0,0.0,0.0,1.0,0.27,0.06
747,0.06653764976046737,0.0,0.06653764976046739,0.0,0.0,0.0,0.0,1.0,0.27,0.06
748,0.06953622653497425,0.0,0.06953622653497425,0.0,0.0,0.0,0.0,1.0,0.27,0.06
749,0.06935169873346612,0.0,0.06935169873346612,0.0,0.0,0.0,0.0,1.0,0.27,0.06
750,0.16246135191110211,0.0,0.16246135191110211,0.0,0.0,0.0,0.0,1.0,0.27,0.06
751,0.5246663602963413,0.0,0.5246663602963413,0.0,0.0,0.0,0.0,1.0,0.27,0.06
752,0.704219599822132,0.0,0.704219599822132,0.0,0.0,0.0,0.0,1.0,0.27,0.06
753,0.7608927008603112,0.0691645992079277,0.6917281016523835,0.0,0.0,0.0,0.0,1.0,0.27,0.06
754,0.47905723869025185,0.16357641611590873,0.3154808225743431,0.0,0.0,0.0,0.0,1.0,0.27,0.06
755,0.3228775206888225,0.34925740553176066,0.0,0.0,0.026379884842938184,0.0,0.0,1.0250608906007912,0.27,0.06
756,0.31708027225810875,0.9900734498436123,0.0,3.3306690738754696e-16,0.6729931775855033,0.0,0.0,1.6644044093070192,0.27,0.06
757,0.13396718389489093,0.16218520437969838,0.0,0.0,0.028218020484807455,0.0,0.0,1.6912115287675866,0.27,0.06
758,0.06862896484422601,0.11165946601598842,0.0,-0.0,0.04303050117176241,0.0,0.0,1.7320905048807609,0.27,0.06
759,0.07161216430194056,0.0810075541121819,0.0,-0.0,0.009395389810241336,0.0,0.0,1.74101612520049,0.27,0.06
760,0.06831372984998307,0.06553581649650703,0.0,0.0,0.0,0.002777913353476047,0.0,1.7380920058810416,0.27,0.06
761,0.07720181895595725,0.07250965209322925,0.0,0.0,0.0,0.004692166862727998,0.0,1.7331528828676437,0.27,0.06
762,0.19789068980066005,0.033448866909912174,0.0,0.0,0.0,0.16444182289074796,0.0,1.5600562271931722,0.27,0.06
763,0.60572019710878,0.0,0.60572019710878,0.0,0.0,0.0,0.0,1.5600562271931722,0.27,0.06
764,0.6793698558857062,0.0,0.6793698558857062,0.0,0.0,0.0,0.0,1.5600562271931722,0.27,0.06
765,0.4840241120141794,0.0,0.4840241120141794,0.0,0.0,0.0,0.0,1.5600562271931722,0.27,0.06
766,0.35967543977289873,0.0,0.35967543977289873,0.0,0.0,0.0,0.0,1.5600562271931722,0.27,0.06
767,0.34429043432216,0.0,0.34429043432216,0.0,0.0,0.0,0.0,1.5600562271931722,0.27,0.06
768,0.3177030535881994,0.0,0.3177030535881994,0.0,0.0,0.0,0.0,1.5600562271931722,0.27,0.06
769,0.1694426537348256,0.0,0.0,0.0,0.0,0.1694426537348256,0.0,1.3816955390512504,0.27,0.06
770,0.0699206594547828,0.0,0.0,0.0,0.0,0.0699206594547828,0.0,1.3080948448883212,0.27,0.06
771,0.06680675280433343,0.0,0.0,0.0,0.0,0.06680675280433343,0.0,1.2377719471995492,0.27,0.06
772,0.07279621769495093,0.0,0.0,0.0,0.0,0.07279621769495093,0.0,1.1611443496259166,0.27,0.06
773,0.06681444146272955,0.0,0.0,0.0,0.0,0.06681444146272955,0.0,1.090813358612517,0.27,0.06
774,0.06187832277238757,0.0,0.0,0.0,0.0,0.06187832277238757,0.0,1.0256782820100039,0.27,0.06
775,0.30233342545425196,0.0,0.30233342545425196,0.0,0.0,0.0,0.0,1.0256782820100039,0.27,0.06
776,0.5315861528528957,0.005701565929302496,0.5014902190140895,0.0,0.0,0.02439436790950369,0.0,1.0,0.27,0.06
777,0.3383317240651269,0.06092653589146288,0.277405188173664,0.0,0.0,0.0,0.0,1.0,0.27,0.06
778,0.3498339570257994,0.13386316307158713,0.21597079395421226,0.0,0.0,0.0,0.0,1.0,0.27,0.06
779,0.3793891599006831,0.3842583262823391,0.0,0.0,0.004869166381655965,0.0,0.0,1.0046257080625731,0.27,0.06
780,0.2922689716136643,0.836709615393955,0.0,-7.771561172376096e-16,0.5444406437802916,0.0,0.0,1.52184431965385,0.27,0.06
781,0.16370691457128167,0.3166538725872642,0.0,-8.326672684688674e-17,0.1529469580159826,0.0,0.0,1.6671439297690336,0.27,0.06
782,0.3341875371895906,0.9914339409137758,0.0,0.0,0.6572464037241852,0.0,0.0,2.2915280133070097,0.27,0.06
783,0.18262101422586352,0.7027046934348312,0.0,-0.0,0.5200836792089677,0.0,0.0,2.785607508555529,0.27,0.06
784,0.07126617467411281,0.14950689500763326,0.0,-0.0,0.07824072033352045,0.0,0.0,2.8599361928723734,0.27,0.06
785,0.08684339658475607,0.07083104130136882,0.0,0.0,0.0,0.01601235528338725,0.0,2.8430810820477554,0.27,0.06
786,0.12290320446280012,0.028069398590266754,0.0,0.0,0.0,0.09483380587253337,0.0,2.7432560232345624,0.27,0.06
787,0.5418812664453694,0.0,0.5418812664453694,0.0,0.0,0.0,0.0,2.7432560232345624,0.27,0.06
788,0.48366274506955875,0.0,0.0,0.0,0.0,0.48366274506955875,0.0,2.2341373442139743,0.27,0.06
789,0.2420774096034571,0.0,0.0,0.0,0.0,0.2420774096034571,0.0,1.9793190183155984,0.27,0.06
790,0.13557411349969056,0.0,0.0,0.0,0.0,0.13557411349969056,0.0,1.8366094251580294,0.27,0.06
791,0.5616872504739062,0.0,0.5616872504739062,0.0,0.0,0.0,0.0,1.8366094251580294,0.27,0.06
792,0.8007430173276682,0.0,0.8007430173276682,0.0,0.0,0.0,0.0,1.8366094251580294,0.27,0.06
793,0.8569009782533037,0.0,0.8569009782533037,0.0,0.0,0.0,0.0,1.8366094251580294,0.27,0.06
794,0.8033187178903856,0.0,0.8033187178903856,0.0,0.0,0.0,0.0,1.8366094251580294,0.27,0.06
795,0.7987362774862669,0.0,0.7987362774862669,0.0,0.0,0.0,0.0,1.8366094251580294,0.27,0.06
796,0.5462638017311863,0.0,0.5462638017311863,0.0,0.0,0.0,0.0,1.8366094251580294,0.27,0.06
797,0.5053063184547812,0.0,0.5053063184547812,0.0,0.0,0.0,0.0,1.8366094251580294,0.27,0.06
798,0.5361147726482406,0.0,0.5361147726482405,0.0,0.0,0.0,0.0,1.8366094251580294,0.27,0.06
799,0.4800721415985469,0.0,0.3602727110332765,0.0,0.0,0.11979943056527037,0.0,1.7105047614051132,0.27,0.06
800,0.4685160880291012,0.00854766484380909,0.45996842318529213,0.0,0.0,0.0,0.0,1.7105047614051132,0.27,0.06
801,0.5037147661667744,0.11402188253307949,0.0,0.0,0.0,0.38969288363369486,0.0,1.300301726001224,0.27,0.06
802,0.33379541561138537,0.17349485498798,0.0,0.0,0.0,0.16030056062340536,0.0,1.1315642937660604,0.27,0.06
803,0.3538166820750169,0.45183178477607366,0.0,0.0,0.09801510270105679,0.0,0.0,1.2246786413320643,0.27,0.06
804,0.37991198867162246,1.1003721196953302,0.0,-1.2212453270876722e-15,0.720460131023709,0.0,0.0,1.9091157658045876,0.27,0.06
805,0.36694891061567686,1.1153420598533295,0.0,0.0,0.7483931492376525,0.0,0.0,2.6200892575803576,0.27,0.06
806,0.3891306900886309,1.7828470375993895,0.0,-8.881784197001252e-16,1.3937163475107595,0.0,0.0,3.9441197877155787,0.27,0.06
807,0.9039709449546651,1.0769700571494005,0.0,0.0,0.1729991121947354,0.0,0.0,4.1084689443005775,0.27,0.06
808,0.5392363679570862,0.24548474431291567,0.0,0.0,0.0,0.2937516236441705,0.0,3.799256708885662,0.27,0.06
809,0.5893202887497468,0.1954612184203261,0.0,0.0,0.0,0.39385907032942075,0.0,3.384668213802061,0.27,0.06
810,0.5689453439998925,0.06453288407574244,0.0,0.0,0.0,0.5044124599241501,0.0,2.8537077296713766,0.27,0.06
811,1.1850144753099188,0.0,0.0,-0.0,0.0,1.1850144753099188,0.0,1.6063240714504097,0.27,0.06
812,1.332129265062263,0.0,1.332129265062263,0.0,0.0,0.0,0.0,1.6063240714504097,0.27,0.06
813,0.7878645145140806,0.0,0.7878645145140805,0.0,0.0,1.1102230246251565e-16,0.0,1.6063240714504097,0.27,0.06
814,0.870732874708017,0.0,0.870732874708017,0.0,0.0,0.0,0.0,1.6063240714504097,0.27,0.06
815,0.7569407304446794,0.0,0.7569407304446794,0.0,0.0,0.0,0.0,1.6063240714504097,0.27,0.06
816,0.6344988454856507,0.0,0.6344988454856507,0.0,0.0,0.0,0.0,1.6063240714504097,0.27,0.06
817,1.1728048857767988,0.0,1.1728048857767988,0.0,0.0,0.0,0.0,1.6063240714504097,0.27,0.06
818,0.9549313728044899,0.0,0.9549313728044899,0.0,0.0,0.0,0.0,1.6063240714504097,0.27,0.06
819,0.5372834487244581,0.0,0.5372834487244581,0.0,0.0,0.0,0.0,1.6063240714504097,0.27,0.06
820,0.4455731313749256,0.0,0.4455731313749256,0.0,0.0,0.0,0.0,1.6063240714504097,0.27,0.06
821,0.4465649683080325,0.0,0.4465649683080325,0.0,0.0,0.0,0.0,1.6063240714504097,0.27,0.06
822,0.4666169894052469,0.0,0.4666169894052469,0.0,0.0,0.0,0.0,1.6063240714504097,0.27,0.06
823,0.6727191663730182,0.0,0.6727191663730185,0.0,0.0,-3.3306690738754696e-16,0.0,1.6063240714504097,0.27,0.06
824,0.4520162271109175,0.007338400694749264,0.4446778264161682,0.0,0.0,0.0,0.0,1.6063240714504097,0.27,0.06
825,0.522874902890033,0.12138486035329228,0.4014900425367407,0.0,0.0,0.0,0.0,1.6063240714504097,0.27,0.06
826,0.63486021243027,0.20324443513894314,0.4316157772913269,0.0,0.0,0.0,0.0,1.6063240714504097,0.27,0.06
827,0.5416429180350881,0.5473230656670314,0.0,0.0,0.005680147631943244,0.0,0.0,1.6117202117007559,0.27,0.06
828,0.27338562659266724,1.3907517109896512,0.0,4.440892098500626e-16,1.1173660843969835,0.0,0.0,2.67321799187789,0.27,0.06
829,0.5087892807082468,1.7785178364797962,0.0,-2.220446049250313e-16,1.2697285557715496,0.0,0.0,3.8794601198608625,0.27,0.06
830,0.44408922030446507,1.9473392295963028,0.0,8.881784197001252e-16,1.5032500092918368,0.0,0.0,5.307547628688107,0.27,0.06
831,0.33520244009788563,1.2004790285587639,0.0,-1.1102230246251565e-16,0.8652765884608783,0.0,0.0,6.129560387725942,0.27,0.06
832,0.5729434463659007,0.602278083928712,0.0,-5.551115123125783e-16,0.02933463756281185,0.0,0.0,6.157428293410613,0.27,0.06
833,0.8339503329407325,0.3326548939045969,0.0,0.0,0.0,0.5012954390361356,0.0,5.629748883898891,0.27,0.06
834,0.5241435315254012,0.08663081327943802,0.0,0.0,0.0,0.43751271824596316,0.0,5.169209180482088,0.27,0.06
835,0.6405190650098519,0.0,0.0,0.0,0.0,0.6405190650098519,0.0,4.494978585734875,0.27,0.06
836,0.6957390096111544,0.0,0.0,0.0,0.0,0.6957390096111544,0.0,3.7626217335126073,0.27,0.06
837,0.7349511674316294,0.0,0.0,0.0,0.0,0.7349511674316294,0.0,2.9889889256898394,0.27,0.06
838,0.5399437245295344,0.0,0.0,0.0,0.0,0.5399437245295344,0.0,2.4206271103955928,0.27,0.06
839,0.3749681813228838,0.0,0.0,0.0,0.0,0.3749681813228838,0.0,2.0259237616346626,0.27,0.06
840,0.4729447552652963,0.0,0.0,0.0,0.0,0.4729447552652963,0.0,1.528087177144877,0.27,0.06
841,0.09437828181300413,0.0,0.0,0.0,0.0,0.09437828181300413,0.0,1.4287416173417147,0.27,0.06
842,0.07868573002641825,0.0,0.0,0.0,0.0,0.07868573002641825,0.0,1.34591453310338,0.27,0.06
843,0.08637438842258968,0.0,0.0,1.3877787807814457e-17,0.0,0.0863743884225897,0.0,1.254994124237496,0.27,0.06
844,0.08497505259448644,0.0,0.0,0.0,0.0,0.08497505259448644,0.0,1.165546700453826,0.27,0.06
845,0.08107690278762757,0.0,0.0,1.3877787807814457e-17,0.0,0.08107690278762758,0.0,1.0802025922563234,0.27,0.06
846,0.26575078880526853,0.0,0.26575078880526853,0.0,0.0,0.0,0.0,1.0802025922563234,0.27,0.06
847,0.1556953325224713,0.0,0.1556953325224713,0.0,0.0,0.0,0.0,1.0802025922563234,0.27,0.06
848,0.38853097473373,0.012467895197353654,0.37606307953637635,0.0,0.0,0.0,0.0,1.0802025922563234,0.27,0.06
849,0.6764558543535568,0.14161029213556903,0.5348455622179877,0.0,0.0,0.0,0.0,1.0802025922563234,0.27,0.06
850,0.31292839672417627,0.14827984226168245,0.16464855446249382,0.0,0.0,0.0,0.0,1.0802025922563234,0.27,0.06
851,0.3053089362535706,0.35187739477861596,0.0,-0.0,0.046568458525045375,0.0,0.0,1.1244426278551165,0.27,0.06
852,0.07038966761694924,0.23610086178622286,0.0,-1.2212453270876722e-15,0.16571119416927482,0.0,0.0,1.2818682623159277,0.27,0.06
853,0.1781539036976878,0.6619817240747287,0.0,-1.1102230246251565e-16,0.483827820377041,0.0,0.0,1.7415046916741166,0.27,0.06
854,0.14295522556001505,1.178032160332384,0.0,-1.3322676295501878e-15,1.0350769347723703,0.0,0.0,2.7248277797078684,0.27,0.06
855,0.25813132833466246,0.7291264581813929,0.0,-1.1102230246251565e-16,0.47099512984673053,0.0,0.0,3.1722731530622625,0.27,0.06
856,0.37512195449080754,0.4848700514177967,0.0,3.3306690738754696e-16,0.10974809692698884,0.0,0.0,3.276533845142902,0.27,0.06
857,0.18210587411332002,0.14992407888389964,0.0,0.0,0.0,0.032181795229420385,0.0,3.2426582712171963,0.27,0.06
858,0.18132931961530663,0.017937639701352905,0.0,0.0,0.0,0.16339167991395373,0.0,3.0706670292025082,0.27,0.06
859,0.230267630306938,0.0,0.0,0.0,0.0,0.230267630306938,0.0,2.8282800499320473,0.27,0.06
860,0.5097580516661651,0.0,0.0,0.0,0.0,0.5097580516661651,0.0,2.291692627125558,0.27,0.06
861,0.8185576388315968,0.0,0.8185576388315969,0.0,0.0,-1.1102230246251565e-16,0.0,2.291692627125558,0.27,0.06
862,0.5182155759019536,0.0,0.5182155759019539,0.0,0.0,-3.3306690738754696e-16,0.0,2.291692627125558,0.27,0.06
863,0.23349686683332943,0.0,0.23349686683332943,0.0,0.0,0.0,0.0,2.291692627125558,0.27,0.06
864,0.0982841202782592,0.0,0.0,0.0,0.0,0.0982841202782592,0.0,2.188235658411601,0.27,0.06
865,0.09793044199203532,0.0,0.0,0.0,0.0,0.09793044199203532,0.0,2.0851509826305112,0.27,0.06
866,0.17108802663160638,0.0,0.0,0.0,0.0,0.17108802663160638,0.0,1.905058323018294,0.27,0.06
867,0.07424168547343118,0.0,0.0,0.0,0.0,0.07424168547343118,0.0,1.8269091804146822,0.27,0.06
868,0.06829066387479457,0.0,0.0,0.0,0.0,0.06829066387479457,0.0,1.7550242710727932,0.27,0.06
869,0.06307006482379406,0.0,0.0,0.0,0.0,0.06307006482379406,0.0,1.68863472915301,0.27,0.06
870,0.07358046085136044,0.0,0.0,0.0,0.0,0.07358046085136044,0.0,1.6111816124673675,0.27,0.06
871,0.1620230983825205,0.0,0.0,0.0,0.0,0.1620230983825205,0.0,1.4406309825910302,0.27,0.06
872,0.31021430031032776,0.009608664251973868,0.0,0.0,0.0,0.3006056360583539,0.0,1.124203997266447,0.27,0.06
873,0.41404194329222654,0.056679766854933825,0.35736217643729273,0.0,0.0,0.0,0.0,1.124203997266447,0.27,0.06
874,0.21272980050527038,0.09473600310214567,0.0,0.0,0.0,0.11799379740312471,0.0,1.0,0.27,0.06
875,0.15808650528368037,0.371495305316949,0.0,-0.0,0.21340880003326865,0.0,0.0,1.2027383600316053,0.27,0.06
876,0.16769732827889466,0.7799983583473991,0.0,-0.0,0.6123010300685043,0.0,0.0,1.7844243385966845,0.27,0.06
877,0.1279392757122923,0.6783228874855952,0.0,-1.1102230246251565e-16,0.5503836117733031,0.0,0.0,2.3072887697813225,0.27,0.06
878,0.1977830485831134,1.3275536990262662,0.0,-6.661338147750939e-16,1.1297706504431535,0.0,0.0,3.3805708877023184,0.27,0.06
879,0.27230152575880734,0.4913114708366676,0.0,-8.326672684688674e-17,0.21900994507786034,0.0,0.0,3.5886303355262856,0.27,0.06
880,0.35949091197139027,0.6204638535836888,0.0,-7.216449660063518e-16,0.2609729416122993,0.0,0.0,3.83655463005797,0.27,0.06
881,0.15505717387558893,0.17963141978578845,0.0,0.0,0.02457424591019952,0.0,0.0,3.8599001636726595,0.27,0.06
882,0.1578174022398145,0.03402533258992435,0.0,-5.551115123125783e-17,0.0,0.12379206964989009,0.0,3.7295927219359335,0.27,0.06
883,0.16030852756017389,0.0005539031740137078,0.0,0.0,0.0,0.15975462438616017,0.0,3.561429959424186,0.27,0.06
884,0.1482142679029965,0.0,0.0,0.0,0.0,0.1482142679029965,0.0,3.4054149405789262,0.27,0.06
885,0.4503093449469675,0.0,0.0,0.0,0.0,0.4503093449469675,0.0,2.9314051037926445,0.27,0.06
886,0.6282556548679581,0.0,0.0,0.0,0.0,0.6282556548679581,0.0,2.270083361826373,0.27,0.06
887,0.19510739546124614,0.0,0.19510739546124628,0.0,0.0,-1.3877787807814457e-16,0.0,2.270083361826373,0.27,0.06
888,0.06771401449508163,0.0,0.0,0.0,0.0,0.06771401449508173,0.0,2.19880545183155,0.27,0.06
889,0.071589098326752,0.0,0.029114696010192277,0.0,0.0,0.04247440231655973,0.0,2.154095554656224,0.27,0.06
890,0.0617399269212565,0.0,0.0,0.0,0.0,0.0617399269212565,0.0,2.0891061578970067,0.27,0.06
891,0.07604852019653144,0.0,0.0,0.0,0.0,0.07604852019653144,0.0,2.009055084005921,0.27,0.06
892,0.06193214338116075,0.0,0.0,0.0,0.0,0.06193214338116075,0.0,1.9438633541310149,0.27,0.06
893,0.0645616645526513,0.0,0.0,0.0,0.0,0.0645616645526513,0.0,1.8759037072334872,0.27,0.06
894,0.085805427701273,0.0,0.0,0.0,0.0,0.085805427701273,0.0,1.785582204390042,0.27,0.06
895,0.5224597153366406,0.0,0.5224597153366406,0.0,0.0,0.0,0.0,1.785582204390042,0.27,0.06
896,0.6375666201857225,0.00794617763075684,0.6296204425549656,0.0,0.0,0.0,0.0,1.7855822043900416,0.27,0.06
897,0.4989708639363362,0.08672929132803125,0.41224157260830496,0.0,0.0,0.0,0.0,1.7855822043900416,0.27,0.06
898,0.4359546197213156,0.43502886220799614,0.0,0.0,0.0,0.0009257575133194695,0.0,1.7846077227970738,0.27,0.06
899,0.3129360853825725,0.8203188956180725,0.0,-0.0,0.5073828102355,0.0,0.0,2.2666213925207988,0.27,0.06
900,0.5349537852304181,0.8791585590295167,0.0,-0.0,0.34420477379909853,0.0,0.0,2.5936159276299424,0.27,0.06
901,0.4764661608107431,1.2466901227329128,0.0,-0.0,0.7702239619221697,0.0,0.0,3.3253286914560034,0.27,0.06
902,0.3858245669782775,0.9039155774809461,0.0,-9.992007221626409e-16,0.5180910105026696,0.0,0.0,3.8175151514335397,0.27,0.06
903,0.3734535156188381,1.1915275275014292,0.0,-1.1102230246251565e-16,0.8180740118825912,0.0,0.0,4.594685462722001,0.27,0.06
904,0.6131551297778781,0.8019794008042878,0.0,-1.2490009027033011e-15,0.1888242710264109,0.0,0.0,4.774068520197091,0.27,0.06
905,0.448587085466225,0.5580626099513494,0.0,0.0,0.10947552448512438,0.0,0.0,4.878070268457959,0.27,0.06
906,0.27403147389794574,0.0,0.0,-5.551115123125783e-17,0.0,0.2740314738979457,0.0,4.58961608540749,0.27,0.06
907,0.41357293513006066,0.0,0.0,0.0,0.0,0.41357293513006066,0.0,4.154276153691637,0.27,0.06
908,0.5654008724792575,0.0,0.0,0.0,0.0,0.5654008724792575,0.0,3.559117340555576,0.27,0.06
909,0.42120777291745937,0.0,0.0,0.0,0.0,0.42120777291745937,0.0,3.115740737484566,0.27,0.06
910,0.8641283171457049,0.0,0.0,0.0,0.0,0.8641283171457049,0.0,2.206131982594351,0.27,0.06
911,0.5514152028566216,0.0,0.0,0.0,0.0,0.5514152028566216,0.0,1.625694926955802,0.27,0.06
912,0.19858266905631505,0.0,0.0,0.0,0.0,0.19858266905631505,0.0,1.4166605384754705,0.27,0.06
913,0.06929018946629681,0.0,0.06929018946629681,0.0,0.0,0.0,0.0,1.4166605384754705,0.27,0.06
914,0.06767557120310082,0.0,0.06767557120310082,0.0,0.0,0.0,0.0,1.4166605384754705,0.27,0.06
915,0.06090955181446994,0.0,0.0,0.0,0.0,0.06090955181446994,0.0,1.3525452207760285,0.27,0.06
916,0.08044643279914143,0.0,0.0,0.0,0.0,0.08044643279914143,0.0,1.2678647651979849,0.27,0.06
917,0.07624842531483188,0.0,0.0,0.0,0.0,0.07624842531483188,0.0,1.1876032648665829,0.27,0.06
918,0.17822310162325364,0.0,0.0,0.0,0.0,0.17822310162325364,0.0,1.0,0.27,0.06
919,0.26987190970561625,0.0,0.26987190970561625,0.0,0.0,0.0,0.0,1.0,0.27,0.06
920,0.4520854250364831,0.0,0.4520854250364831,0.0,0.0,0.0,0.0,1.0,0.27,0.06
921,0.3905530918919231,0.0,0.3905530918919231,0.0,0.0,0.0,0.0,1.0,0.27,0.06
922,0.334902582420435,0.0,0.334902582420435,0.0,0.0,0.0,0.0,1.0,0.27,0.06
923,0.30760015645563,0.0,0.30760015645563,0.0,0.0,0.0,0.0,1.0,0.27,0.06
924,0.30553959600545627,0.0,0.30553959600545627,0.0,0.0,0.0,0.0,1.0,0.27,0.06
925,0.31979436867195754,1.1548641164849844,0.0,-0.0,0.8350697478130269,0.0,0.0,1.7933162604223756,0.27,0.06
926,0.08516726905439073,0.6690213408599738,0.0,-0.0,0.583854071805583,0.0,0.0,2.3479776286376794,0.27,0.06
927,0.07812445796349776,0.20386979888822981,0.0,-0.0,0.12574534092473205,0.0,0.0,2.467435702516175,0.27,0.06
928,0.14015655390380868,0.2934118375510314,0.0,1.304512053934559e-15,0.1532552836472214,0.0,0.0,2.6130282219810352,0.27,0.06
929,0.1549572213164387,0.12364777995483785,0.0,0.0,0.0,0.03130944136160084,0.0,2.5800709152846135,0.27,0.06
930,0.4104436511628181,0.030000567339464372,0.38044308382335373,0.0,0.0,0.0,0.0,2.5800709152846135,0.27,0.06
931,0.4119890715004487,0.0,0.4119890715004487,0.0,0.0,0.0,0.0,2.5800709152846135,0.27,0.06
932,0.7757164342481293,0.0,0.7757164342481293,0.0,0.0,0.0,0.0,2.5800709152846135,0.27,0.06
933,0.697130656780862,0.0,0.697130656780862,0.0,0.0,0.0,0.0,2.5800709152846135,0.27,0.06
934,0.6161613952107806,0.0,0.6161613952107806,0.0,0.0,0.0,0.0,2.5800709152846135,0.27,0.06
935,0.46688609244911244,0.0,0.10725965482906726,0.0,0.0,0.3596264376200452,0.0,2.2015167704214083,0.27,0.06
936,0.1756243350853473,0.0,0.0,0.0,0.0,0.1756243350853473,0.0,2.0166490492789375,0.27,0.06
937,0.07258093525985812,0.0,0.0,0.0,0.0,0.07258093525985812,0.0,1.9402480647948765,0.27,0.06
938,0.06783703302942032,0.0,0.0,0.0,0.0,0.06783703302942032,0.0,1.8688406616060131,0.27,0.06
939,0.07933926599009275,0.0,0.0,0.0,0.0,0.07933926599009268,0.0,1.7853256447743366,0.27,0.06
940,0.06218586910823438,0.0,0.0,0.0,0.0,0.06218586910823438,0.0,1.7198668351867217,0.27,0.06
941,0.06522288917472206,0.0,0.0,0.0,0.0,0.06522288917472206,0.0,1.6512111623712247,0.27,0.06
942,0.0695900471437475,0.0,0.0,0.0,0.0,0.0695900471437475,0.0,1.57795848116728,0.27,0.06
943,0.2664197020857354,0.0,0.0,0.0,0.0,0.2664197020857354,0.0,1.2975166894980847,0.27,0.06
944,0.5456794636930775,0.026251891721644768,0.5194275719714327,0.0,0.0,0.0,0.0,1.2975166894980847,0.27,0.06
945,0.37833581370040686,0.1392097773680661,0.0,0.0,0.0,0.23912603633234075,0.0,1.0458050723061472,0.27,0.06
946,0.309499255079485,0.2659844363886453,0.0,0.0,0.0,0.04351481869083973,0.0,1.0,0.27,0.06
947,0.3067774700072394,0.42543499946978186,0.0,0.0,0.11865752946254249,0.0,0.0,1.1127246529894155,0.27,0.06
948,0.32060167780355564,0.953422019408503,0.0,-0.0,0.6328203416049474,0.0,0.0,1.7139039775141156,0.27,0.06
949,0.21937280135956294,1.0480996799232303,0.0,-0.0,0.8287268785636673,0.0,0.0,2.5011945121495995,0.27,0.06
950,0.24651376549804763,0.7898971885027257,0.0,-0.0,0.5433834230046781,0.0,0.0,3.0174087640040437,0.27,0.06
951,0.32591454075531,0.7510630118161442,0.0,-0.0,0.4251484710608342,0.0,0.0,3.4212998115118363,0.27,0.06
952,0.14996728201732346,0.4139184699225499,0.0,-0.0,0.2639511879052264,0.0,0.0,3.6720534400218012,0.27,0.06
953,0.08123067595555106,0.10701578459669928,0.0,0.0,0.02578510864114822,0.0,0.0,3.696549293230892,0.27,0.06
954,0.07637144384917074,0.025911130406559176,0.0,0.0,0.0,0.050460313442611565,0.0,3.6434331738176167,0.27,0.06
955,0.13192200076150906,0.0,0.0,0.0,0.0,0.13192200076150906,0.0,3.5045679098581335,0.27,0.06
956,0.36893258448188937,0.0,0.0,0.0,0.0,0.36893258448188937,0.0,3.116217820929829,0.27,0.06
957,0.5466636119677875,0.0,0.0,0.0,0.0,0.5466636119677875,0.0,2.5407824399111054,0.27,0.06
958,0.5390518401555782,0.0,0.5390518401555782,0.0,0.0,0.0,0.0,2.5407824399111054,0.27,0.06
959,0.8614449753654413,0.0,0.6245671164858838,0.0,0.0,0.23687785887955748,0.0,2.291437325301045,0.27,0.06
960,0.13731943895562143,0.0,0.0,0.0,0.0,0.13731943895562143,0.0,2.1468905474530224,0.27,0.06
961,0.084459912481943,0.0,0.0,0.0,0.0,0.08445991248194291,0.0,2.0579853764193983,0.27,0.06
962,0.07531809764889519,0.0,0.0,0.0,0.0,0.07531809764889519,0.0,1.9787031683679297,0.27,0.06
963,0.08594382355240406,0.0,0.0,0.0,0.0,0.08594382355240406,0.0,1.8882359856811886,0.27,0.06
964,0.07776309101887768,0.0,0.0,0.0,0.0,0.07776309101887768,0.0,1.8063801003981594,0.27,0.06
965,0.07811676930510156,0.0,0.0,0.0,0.0,0.07811676930510156,0.0,1.724151922182263,0.27,0.06
966,0.080738601818196,0.0,0.0,0.0,0.0,0.080738601818196,0.0,1.6391639202683725,0.27,0.06
967,0.214182956942147,0.0,0.0,0.0,0.0,0.214182956942147,0.0,1.4137081761187442,0.27,0.06
968,0.337547480908717,0.0,0.0,0.0,0.0,0.337547480908717,0.0,1.0583950383200946,0.27,0.06
969,0.3870316863464769,0.025476584683121833,0.361555101663355,0.0,0.0,0.0,0.0,1.0583950383200946,0.27,0.06
970,0.4244985187110206,0.06353655223001506,0.36096196648100554,0.0,0.0,0.0,0.0,1.0583950383200946,0.27,0.06
971,0.5174082667703557,0.46193298036626584,0.0,0.0,0.0,0.05547528640408983,0.0,1.0,0.27,0.06
972,0.6009762948783426,1.3038385085568072,0.0,0.0,0.7028622136784646,0.0,0.0,1.6677191029945413,0.27,0.06
973,0.6273483931772106,1.8894380678521185,0.0,-0.0,1.262089674674908,0.0,0.0,2.8667042939357037,0.27,0.06
974,0.48395491408861374,1.7585933565129346,0.0,-0.0,1.274638442424321,0.0,0.0,4.077610814238809,0.27,0.06
975,0.4600508751349162,1.3230270399520025,0.0,-0.0,0.8629761648170864,0.0,0.0,4.8974381708150405,0.27,0.06
976,0.3517253669912581,0.5921240367226642,0.0,-0.0,0.2403986697314061,0.0,0.0,5.1258169070598765,0.27,0.06
977,0.34410590652065126,0.20802178118970702,0.0,0.0,0.0,0.13608412533094424,0.0,4.982570459343093,0.27,0.06
978,0.4294269487429656,0.10436310200864206,0.0,0.0,0.0,0.32506384673432354,0.0,4.640397989096437,0.27,0.06
979,0.8100693599622237,0.004197551977866297,0.0,0.0,0.0,0.8058718079843574,0.0,3.7921118754286924,0.27,0.06
980,1.104352760075685,0.0,0.0,0.0,0.0,1.104352760075685,0.0,2.62963528587534,0.27,0.06
981,0.9181642083539975,0.0,0.9181642083539975,0.0,0.0,0.0,0.0,2.62963528587534,0.27,0.06
982,0.5966706461764864,0.0,0.5966706461764864,0.0,0.0,0.0,0.0,2.62963528587534,0.27,0.06
983,1.0874530889209002,0.0,1.0874530889209002,0.0,0.0,0.0,0.0,2.62963528587534,0.27,0.06
984,0.7173825829963775,0.0,0.7173825829963775,0.0,0.0,0.0,0.0,2.62963528587534,0.27,0.06
985,0.5257197064966168,0.0,0.5257197064966168,0.0,0.0,0.0,0.0,2.62963528587534,0.27,0.06
986,0.4660172740503456,0.0,0.4660172740503456,0.0,0.0,0.0,0.0,2.62963528587534,0.27,0.06
987,0.45763663639851876,0.0,0.0,0.0,0.0,0.45763663639851876,0.0,2.1479125107190042,0.27,0.06
988,0.441298237306655,0.0,0.441298237306655,0.0,0.0,0.0,0.0,2.1479125107190042,0.27,0.06
989,0.49316592684722627,0.0,0.49316592684722627,0.0,0.0,0.0,0.0,2.1479125107190042,0.27,0.06
990,0.6348525237718743,0.0,0.6348525237718743,0.0,0.0,0.0,0.0,2.1479125107190042,0.27,0.06
991,0.5680765256011256,0.0,0.5680765256011256,0.0,0.0,0.0,0.0,2.1479125107190047,0.27,0.06
992,0.5616334298651331,0.018103070369168535,0.5435303594959645,0.0,0.0,0.0,0.0,2.1479125107190047,0.27,0.06
993,0.6075500978070694,0.11812255684133002,0.48942754096573937,0.0,0.0,0.0,0.0,2.1479125107190047,0.27,0.06
994,0.6264949520952356,0.16357395919757473,0.04586913344364785,0.0,0.0,0.417051859454013,0.0,1.708910553398991,0.27,0.06
995,0.46114266462717346,0.5723677533140215,0.0,6.661338147750939e-16,0.11122508868684733,0.0,0.0,1.814574387651496,0.27,0.06
996,0.8186729687075405,1.934501783821755,0.0,0.0,1.1158288151142146,0.0,0.0,2.87461176201,0.27,0.06
997,0.8702408005706619,1.8780588738360828,0.0,-2.220446049250313e-16,1.0078180732654212,0.0,0.0,3.83203893161215,0.27,0.06
998,0.690618363119305,2.3615279375633205,0.0,0.0,1.6709095744440154,0.0,0.0,5.419403027333964,0.27,0.06
999,0.8090698343707219,1.611227604685865,0.0,-0.0,0.802157770315143,0.0,0.0,6.18145290913335,0.27,0.06
1000,0.6327073880793418,0.48691765181481256,0.0,0.0,0.0,0.14578973626452923,0.0,6.027990028854898,0.27,0.06
1001,0.10076755694022256,0.11195925039327911,0.0,-0.0,0.011191693453056553,0.0,0.0,6.0386221376353015,0.27,0.06
1002,0.37432233401760556,0.06327658402614574,0.0,0.0,0.0,0.31104574999145984,0.0,5.711205558696923,0.27,0.06
1003,0.7040427606790194,0.000790726034706016,0.0,0.0,0.0,0.7032520346443134,0.0,4.97094025907133,0.27,0.06
1004,0.8071169151380944,0.0,0.0,-2.220446049250313e-16,0.0,0.8071169151380941,0.0,4.121343506294389,0.27,0.06
1005,0.7188818713836307,0.0,0.0,0.0,0.0,0.7188818713836307,0.0,3.364625746943199,0.27,0.06
1006,0.6031521852044588,0.0,0.0,0.0,0.0,0.6031521852044588,0.0,2.7297287098858742,0.27,0.06
1007,0.4185013651620062,0.0,0.0,0.0,0.0,0.4185013651620062,0.0,2.2892009570837626,0.27,0.06
1008,0.32635279428389186,0.0,0.0,0.0,0.0,0.32635279428389186,0.0,1.9456716999428236,0.27,0.06
1009,0.33169641186923127,0.0,0.33169641186923127,0.0,0.0,0.0,0.0,1.9456716999428236,0.27,0.06
1010,0.09586988154186132,0.0,0.0,0.0,0.0,0.09586988154186132,0.0,1.844756035161917,0.27,0.06
1011,0.07601007690455057,0.0,0.07601007690455057,0.0,0.0,0.0,0.0,1.844756035161917,0.27,0.06
1012,0.08066171523423431,0.0,0.08066171523423438,0.0,0.0,0.0,0.0,1.844756035161917,0.27,0.06
1013,0.06876736069535719,0.0,0.06876736069535719,0.0,0.0,0.0,0.0,1.844756035161917,0.27,0.06
1014,0.07412635559748856,0.0,0.07412635559748856,0.0,0.0,0.0,0.0,1.844756035161917,0.27,0.06
1015,0.4321564224736067,0.0,0.4321564224736067,0.0,0.0,0.0,0.0,1.844756035161917,0.27,0.06
1016,0.5718747228488331,0.02011994368799258,0.5517547791608404,0.0,0.0,0.0,0.0,1.844756035161917,0.27,0.06
1017,0.4934888504998656,0.09847066816542972,0.39501818233443586,0.0,0.0,0.0,0.0,1.844756035161917,0.27,0.06
1018,0.45736753335465374,0.19487422212788238,0.0,0.0,0.0,0.26249331122677133,0.0,1.5684472865021577,0.27,0.06
1019,0.3098452447073125,0.4021396873108323,0.0,7.216449660063518e-16,0.09229444260351904,0.0,0.0,1.6561270069755007,0.27,0.06
1020,0.31814130711678,1.3421017865667613,0.0,0.0,1.0239604794499813,0.0,0.0,2.628889462452983,0.27,0.06
1021,0.20334194860354504,0.5594222610592853,0.0,1.0547118733938987e-15,0.3560803124557392,0.0,0.0,2.967165759285935,0.27,0.06
1022,0.168696853870397,0.4967093783733509,0.0,0.0,0.3280125245029539,0.0,0.0,3.278777657563741,0.27,0.06
1023,0.3100989704343854,0.5238529433988971,0.0,0.0,0.2137539729645117,0.0,0.0,3.4818439318800274,0.27,0.06
1024,0.32003271708223874,0.17814124069517195,0.0,0.0,0.0,0.14189147638706678,0.0,3.332484483051536,0.27,0.06
1025,0.17186458112961955,0.14574870692639752,0.0,0.0,0.0,0.026115874203222034,0.0,3.3049940891534075,0.27,0.06
1026,0.167889544738799,0.09763252469547376,0.0,0.0,0.0,0.07025702004332524,0.0,3.231039331213065,0.27,0.06
1027,0.24220811679619186,0.0011114945956442659,0.0,0.0,0.0,0.24109662220054753,0.0,2.9772534131072255,0.27,0.06
1028,0.5226134885045631,0.0,0.5226134885045632,0.0,0.0,-1.1102230246251565e-16,0.0,2.9772534131072255,0.27,0.06
1029,0.8439994094645287,0.0,0.8439994094645287,0.0,0.0,0.0,0.0,2.9772534131072255,0.27,0.06
1030,0.5236745233632356,0.0,0.5236745233632356,0.0,0.0,0.0,0.0,2.9772534131072255,0.27,0.06
1031,0.2139907404822426,0.0,0.0,0.0,0.0,0.2139907404822426,0.0,2.7520000020732858,0.27,0.06
1032,0.2118532934481072,0.0,0.0,0.0,0.0,0.2118532934481072,0.0,2.5289965352858044,0.27,0.06
1033,0.06285478238870132,0.0,0.0,0.0,0.0,0.06285478238870132,0.0,2.4628336064555927,0.27,0.06
1034,0.07465687302682444,0.0,0.0,2.7755575615628914e-17,0.0,0.07465687302682447,0.0,2.3842474243220932,0.27,0.06
1035,0.0653766623426455,0.0,0.0,0.0,0.0,0.0653766623426455,0.0,2.3154298850140456,0.27,0.06
1036,0.0690902843479963,0.0,0.0,0.0,0.0,0.0690902843479963,0.0,2.2427032699108915,0.27,0.06
1037,0.06463086247821688,0.0,0.0,0.0,0.0,0.06463086247821688,0.0,2.174670783091716,0.27,0.06
1038,0.06561501075292689,0.0,0.06561501075292689,0.0,0.0,0.0,0.0,2.174670783091716,0.27,0.06
1039,0.22157944631926418,0.0,0.22157944631926418,0.0,0.0,0.0,0.0,2.174670783091716,0.27,0.06
1040,0.39277511416841676,0.019033985063594126,0.0,0.0,0.0,0.373741129104823,0.0,1.7812590682445337,0.27,0.06
1041,0.22833008839110272,0.040341865252148425,0.1879882231389543,0.0,0.0,0.0,0.0,1.7812590682445337,0.27,0.06
1042,0.11805166101481582,0.028843233740219885,0.0,0.0,0.0,0.08920842727459594,0.0,1.6873554605870644,0.27,0.06
1043,0.11650624067718537,0.26635162258909983,0.0,0.0,0.14984538191191446,0.0,0.0,1.829708573403383,0.27,0.06
1044,0.13512048265431642,0.40542703255465656,0.0,-5.551115123125783e-17,0.2703065499003402,0.0,0.0,2.0864997958087064,0.27,0.06
1045,0.11945099684291899,0.26510902290133037,0.0,0.0,0.14565802605841138,0.0,0.0,2.224874920564197,0.27,0.06
1046,0.07803988272113982,0.7943498861774462,0.0,-1.1102230246251565e-16,0.7163100034563065,0.0,0.0,2.9053694238476884,0.27,0.06
1047,0.17563971240213977,0.4620648644035027,0.0,0.0,0.2864251520013629,0.0,0.0,3.177473318248983,0.27,0.06
1048,0.09969114476475857,0.15021259443267435,0.0,0.0,0.050521449667915774,0.0,0.0,3.225468695433503,0.27,0.06
1049,0.2948677381515697,0.11628525508642998,0.0,0.0,0.0,0.1785824830651397,0.0,3.0374871343123035,0.27,0.06
1050,0.35076428469173626,0.05285309165776452,0.0,0.0,0.0,0.29791119303397173,0.0,2.7238964048028595,0.27,0.06
1051,0.5227518843556944,0.0013365438172832844,0.521415340538411,0.0,0.0,0.0,0.0,2.7238964048028595,0.27,0.06
1052,0.5559438226519668,0.0,0.0,0.0,0.0,0.5559438226519668,0.0,2.138692380958684,0.27,0.06
1053,0.33966955062606063,0.0,0.33966955062606063,0.0,0.0,0.0,0.0,2.138692380958684,0.27,0.06
1054,0.8152053837708664,0.0,0.8152053837708665,0.0,0.0,-1.1102230246251565e-16,0.0,2.138692380958684,0.27,0.06
1055,0.19582244069208968,0.0,0.0,0.0,0.0,0.19582244069208968,0.0,1.9325634960196423,0.27,0.06
1056,0.27498486753907087,0.0,0.0,0.0,0.0,0.27498486753907087,0.0,1.643105740715357,0.27,0.06
1057,0.08073860181819606,0.0,0.0,0.0,0.0,0.08073860181819606,0.0,1.5581177388014664,0.27,0.06
1058,0.06553043551056895,0.0,0.0,0.0,0.0,0.06553043551056895,0.0,1.4891383330008676,0.27,0.06
1059,0.0660993962318857,0.0,0.0,0.0,0.0,0.0660993962318857,0.0,1.4195600211778299,0.27,0.06
1060,0.07463380705163589,0.0,0.0,0.0,0.0,0.07463380705163589,0.0,1.3409981190182132,0.27,0.06
1061,0.0658687364800005,0.0,0.0,0.0,0.0,0.0658687364800005,0.0,1.2716626069340022,0.27,0.06
1062,0.06756792998555437,0.0,0.06756792998555437,0.0,0.0,0.0,0.0,1.2716626069340022,0.27,0.06
1063,0.3899303105618329,0.0,0.3899303105618328,0.0,0.0,0.0,0.0,1.2716626069340022,0.27,0.06
1064,0.6313695615184081,0.020914062174926,0.6104554993434821,0.0,0.0,0.0,0.0,1.2716626069340022,0.27,0.06
1065,0.5779718289569975,0.09482446000561402,0.4831473689513835,0.0,0.0,0.0,0.0,1.2716626069340022,0.27,0.06
1066,0.4394990912419512,0.1256150508728782,0.313884040369073,0.0,0.0,0.0,0.0,1.2716626069340022,0.27,0.06
1067,0.3049860126009312,0.7875614808266986,0.0,0.0,0.4825754682257674,0.0,0.0,1.7301093017484812,0.27,0.06
1068,0.4608120523161375,1.341272303647794,0.0,-1.1102230246251565e-16,0.8804602513316567,0.0,0.0,2.566546540513555,0.27,0.06
1069,0.8010351863467225,1.2585455864305053,0.0,0.0,0.45751040008378274,0.0,0.0,3.0011814205931486,0.27,0.06
1070,0.5589270221096806,1.7878120771918637,0.0,-2.220446049250313e-16,1.2288850550821835,0.0,0.0,4.168622222921223,0.27,0.06
1071,0.5610490918270243,1.0264903550387046,0.0,0.0,0.4654412632116802,0.0,0.0,4.610791422972319,0.27,0.06
1072,1.0173863449565899,0.5369930927348842,0.0,0.0,0.0,0.4803932522217057,0.0,4.105114315370524,0.27,0.06
1073,0.4769274803145128,0.22860597116730683,0.0,0.0,0.0,0.248321509147206,0.0,3.843723253110307,0.27,0.06
1074,0.2327280009937126,0.05095981706409003,0.0,0.0,0.0,0.18176818392962257,0.0,3.652388322658073,0.27,0.06
1075,0.5668617175745294,0.0007451982184171723,0.0,0.0,0.0,0.5661165193561123,0.0,3.0564761970200602,0.27,0.06
1076,0.5211757093844795,0.0,0.0,0.0,0.0,0.5211757093844795,0.0,2.507870187141661,0.27,0.06
1077,0.44601138490350767,0.0,0.0,0.0,0.0,0.44601138490350767,0.0,2.038384518822179,0.27,0.06
1078,0.7668975430677212,0.0,0.7668975430677211,0.0,0.0,1.1102230246251565e-16,0.0,2.038384518822179,0.27,0.06
1079,0.3543933314547286,0.0,0.3543933314547286,0.0,0.0,0.0,0.0,2.038384518822179,0.27,0.06
1080,0.07810139198830919,0.0,0.0,0.0,0.0,0.07810139198830919,0.0,1.956172527255538,0.27,0.06
1081,0.09844558210457875,0.0,0.0,0.0,0.0,0.09844558210457875,0.0,1.8525455987244024,0.27,0.06
1082,0.09276366354980814,0.0,0.0,0.0,0.0,0.09276366354980814,0.0,1.7548996370930254,0.27,0.06
1083,0.08230708813101494,0.0,0.0,0.0,0.0,0.08230708813101494,0.0,1.668260596955115,0.27,0.06
1084,0.07253480330948106,0.0,0.0,0.0,0.0,0.07253480330948106,0.0,1.591908172418819,0.27,0.06
1085,0.06882886996252643,0.0,0.0,0.0,0.0,0.06882886996252643,0.0,1.5194567303530018,0.27,0.06
1086,0.24553730588173436,0.0,0.0,0.0,0.0,0.24553730588173436,0.0,1.2609964083722287,0.27,0.06
1087,0.412350438445069,0.0,0.412350438445069,0.0,0.0,0.0,0.0,1.2609964083722287,0.27,0.06
1088,0.5272958814678319,0.03582771880670085,0.491468162661131,0.0,0.0,0.0,0.0,1.2609964083722287,0.27,0.06
1089,0.3300741049476388,0.18633082993554642,0.14374327501209236,0.0,0.0,0.0,0.0,1.2609964083722287,0.27,0.06
1090,0.3297281153198106,0.31380421158456784,0.015923903735242773,0.0,0.0,0.0,0.0,1.2609964083722287,0.27,0.06
1091,0.31660357543754625,0.6813025790934681,0.0,-0.0,0.3646990036559219,0.0,0.0,1.6074604618453545,0.27,0.06
1092,0.31876408844687065,1.1951596191221,0.0,-0.0,0.8763955306752292,0.0,0.0,2.4400362159868223,0.27,0.06
1093,0.3293436824000019,0.6693260410810429,0.0,-2.220446049250313e-16,0.3399823586810412,0.0,0.0,2.7630194567338116,0.27,0.06
1094,0.236626150800572,1.297474949153851,0.0,0.0,1.060848798353279,0.0,0.0,3.7708258151694265,0.27,0.06
1095,0.07677125408577157,0.30466788822804236,0.0,-8.326672684688674e-16,0.22789663414227163,0.0,0.0,3.9873276176045844,0.27,0.06
1096,0.0731345186643825,0.2454215591852634,0.0,-8.326672684688674e-17,0.17228704052088098,0.0,0.0,4.151000306099421,0.27,0.06
1097,0.10846390399479011,0.13203052992880224,0.0,-6.938893903907228e-16,0.02356662593401282,0.0,0.0,4.173388600736733,0.27,0.06
1098,0.09311734183603193,0.018054917551063542,0.0,0.0,0.0,0.07506242428496838,0.0,4.0943755225420295,0.27,0.06
1099,0.42707421927373734,0.0002137404303600283,0.0,0.0,0.0,0.4268604788433773,0.0,3.6450487027068954,0.27,0.06
1100,0.958598862859463,0.0,0.0,0.0,0.0,0.958598862859463,0.0,2.6359972681179875,0.27,0.06
1101,0.8276840763478526,0.0,0.0,0.0,0.0,0.8276840763478526,0.0,1.7647508719623533,0.27,0.06
1102,0.6828528181391712,0.0,0.6828528181391713,0.0,0.0,-1.1102230246251565e-16,0.0,1.7647508719623533,0.27,0.06
1103,0.5495545475247475,0.0,0.5495545475247475,0.0,0.0,0.0,0.0,1.7647508719623533,0.27,0.06
1104,0.38368711994414184,0.0,0.38368711994414184,0.0,0.0,0.0,0.0,1.7647508719623533,0.27,0.06
1105,0.3594678459962025,0.0,0.3594678459962025,0.0,0.0,0.0,0.0,1.7647508719623533,0.27,0.06
1106,0.18345138933265012,0.0,0.0,0.0,0.0,0.18345138933265012,0.0,1.5716441463490374,0.27,0.06
1107,0.12176528302016668,0.0,0.0,0.0,0.0,0.12176528302016668,0.0,1.4434701642225463,0.27,0.06
1108,0.11624482629171562,0.0,0.0,0.0,0.0,0.11624482629171562,0.0,1.321107189178635,0.27,0.06
1109,0.11170082917957826,0.0,0.0,0.0,0.0,0.11170082917957826,0.0,1.2035273689896053,0.27,0.06
1110,0.14736851547941726,0.0,0.0,0.0,0.0,0.14736851547941726,0.0,1.0484026158533766,0.27,0.06
1111,0.7697192806991169,0.0,0.7697192806991169,0.0,0.0,0.0,0.0,1.0484026158533766,0.27,0.06
1112,0.5464560181910912,0.01874354827482371,0.5277124699162675,0.0,0.0,0.0,0.0,1.0484026158533766,0.27,0.06
1113,0.07275777440297006,0.020994919218837685,0.05176285518413237,0.0,0.0,0.0,0.0,1.0484026158533766,0.27,0.06
1114,0.08010044317131375,0.03411795811060602,0.0,0.0,0.0,0.04598248506070775,0.0,1.0,0.27,0.06
1115,0.08060789462546106,0.22381439518593785,0.0,-0.0,0.1432065005604768,0.0,0.0,1.136046175532453,0.27,0.06
1116,0.2307750817610853,0.8037190392107504,0.0,-0.0,0.5729439574496651,0.0,0.0,1.6803429351096346,0.27,0.06
1117,0.07466456168522057,0.21027225295459237,0.0,-0.0,0.1356076912693718,0.0,0.0,1.8091702418155378,0.27,0.06
1118,0.08497505259448644,0.31259680476484275,0.0,-5.551115123125783e-17,0.22762175217035635,0.0,0.0,2.025410906377376,0.27,0.06
1119,0.07474913692757842,0.5050491071884289,0.0,-5.551115123125783e-16,0.430299970260851,0.0,0.0,2.4341958781251845,0.27,0.06
1120,0.07627917994841657,0.1669425166005452,0.0,0.0,0.09066333665212864,0.0,0.0,2.5203260479447067,0.27,0.06
1121,0.0783935610073637,0.12687273559482998,0.0,-3.608224830031759e-16,0.048479174587466645,0.0,0.0,2.5663812638028,0.27,0.06
1122,0.09701549164289093,0.0700421651859752,0.0,0.0,0.0,0.026973326456915733,0.0,2.537988288584994,0.27,0.06
1123,0.3468507575680849,0.0009944785456365238,0.3458562790224484,0.0,0.0,0.0,0.0,2.537988288584994,0.27,0.06
1124,0.7328444750310787,0.0,0.7328444750310787,0.0,0.0,0.0,0.0,2.537988288584994,0.27,0.06
1125,0.6329457364896232,0.0,0.6329457364896232,0.0,0.0,0.0,0.0,2.537988288584994,0.27,0.06
1126,0.6457012207688718,0.0,0.0,0.0,0.0,0.6457012207688718,0.0,1.8583027930388132,0.27,0.06
1127,0.4632801116613088,0.0,0.4632801116613088,0.0,0.0,0.0,0.0,1.8583027930388132,0.27,0.06
1128,0.41974692782218626,0.0,0.41974692782218626,0.0,0.0,0.0,0.0,1.8583027930388132,0.27,0.06
1129,0.34384449213518126,0.0,0.34384449213518126,0.0,0.0,0.0,0.0,1.8583027930388132,0.27,0.06
1130,0.25054262249764153,0.0,0.0874907677448248,0.0,0.0,0.16305185475281675,0.0,1.6866692617200587,0.27,0.06
1131,0.06548430356019187,0.0,0.0,0.0,0.0,0.06548430356019187,0.0,1.6177384158672252,0.27,0.06
1132,0.07657903762586725,0.0,0.0,-1.3877787807814457e-17,0.0,0.07657903762586724,0.0,1.5371289025768387,0.27,0.06
1133,0.07058957273524981,0.0,0.0,0.0,0.0,0.07058957273524981,0.0,1.4628240891713125,0.27,0.06
1134,0.11306172171570061,0.0,0.0,0.0,0.0,0.11306172171570061,0.0,1.3438117505232063,0.27,0.06
1135,0.11008621091638224,0.0,0.0,0.0,0.0,0.11008621091638224,0.0,1.227931528505962,0.27,0.06
1136,0.22920659544826616,0.012671643367602277,0.0,0.0,0.0,0.2165349520806639,0.0,1.0,0.27,0.06
1137,0.6229274145994126,0.33595616914456344,0.28697124545484914,0.0,0.0,0.0,0.0,1.0,0.27,0.06
1138,0.45973564014067314,0.5346161786869728,0.0,-0.0,0.07488053854629961,0.0,0.0,1.0711365116189846,0.27,0.06
1139,0.1794840416002257,0.49667723446154916,0.0,-0.0,0.3171931928613234,0.0,0.0,1.3724700448372418,0.27,0.06
1140,0.06592255708877369,0.32372682690689947,0.0,-0.0,0.25780426981812576,0.0,0.0,1.6173841011644612,0.27,0.06
1141,0.10506551698368231,0.31008109748969503,0.0,-0.0,0.2050155805060127,0.0,0.0,1.8121489026451734,0.27,0.06
1142,0.5379446733465295,1.0479328076631984,0.0,-0.0,0.5099881343166689,0.0,0.0,2.2966376302460088,0.27,0.06
1143,0.36072878597317476,0.6973083313617117,0.0,-3.885780586188048e-16,0.3365795453885373,0.0,0.0,2.616388198365119,0.27,0.06
1144,0.4199160783069017,0.5522881103671184,0.0,0.0,0.13237203206021675,0.0,0.0,2.742141628822325,0.27,0.06
1145,0.12319537348185464,0.13961887882257215,0.0,-7.216449660063518e-16,0.016423505340718236,0.0,0.0,2.7577439588960075,0.27,0.06
1146,0.10028317146126375,0.015525262303218747,0.0,0.0,0.0,0.08475790915804501,0.0,2.668525107150697,0.27,0.06
1147,0.2723707236843719,0.0,0.2723707236843719,0.0,0.0,0.0,0.0,2.668525107150697,0.27,0.06
1148,0.611033060060535,0.0,0.611033060060535,0.0,0.0,0.0,0.0,2.668525107150697,0.27,0.06
1149,0.43572395996943003,0.0,0.43572395996943003,0.0,0.0,0.0,0.0,2.668525107150697,0.27,0.06
1150,0.6480539502381,0.0,0.6480539502381,0.0,0.0,0.0,0.0,2.668525107150697,0.27,0.06
1151,0.8891779662004319,0.0,0.8891779662004319,0.0,0.0,0.0,0.0,2.668525107150697,0.27,0.06
1152,0.907861406103128,0.0,0.907861406103128,0.0,0.0,0.0,0.0,2.668525107150697,0.27,0.06
1153,1.02778909976661,0.0,1.02778909976661,0.0,0.0,0.0,0.0,2.668525107150697,0.27,0.06
1154,0.8872250469678045,0.0,0.8872250469678046,0.0,0.0,-1.1102230246251565e-16,0.0,2.668525107150697,0.27,0.06
1155,0.5578121666422362,0.0,0.3890575703467076,0.0,0.0,0.16875459629552858,0.0,2.490888689997509,0.27,0.06
1156,0.3013185225459577,0.0,0.0,0.0,0.0,0.3013185225459577,0.0,2.173711297843869,0.27,0.06
1157,0.06898264313044988,0.0,0.0,0.0,0.0,0.06898264313044988,0.0,2.101097989285501,0.27,0.06
1158,0.22985244275354444,0.0,0.22985244275354444,0.0,0.0,0.0,0.0,2.101097989285501,0.27,0.06
1159,0.8108766690938225,0.0,0.8108766690938225,0.0,0.0,0.0,0.0,2.101097989285501,0.27,0.06
1160,0.5570586781194107,0.00628054921651856,0.5507781289028921,0.0,0.0,0.0,0.0,2.101097989285501,0.27,0.06
1161,0.7914243633515088,0.12896792847223978,0.662456434879269,0.0,0.0,0.0,0.0,2.101097989285501,0.27,0.06
1162,0.8083855437734624,0.36134948108034326,0.0,0.0,0.0,0.44703606269311913,0.0,1.6305337127664281,0.27,0.06
1163,0.9668718592937438,0.5729728206240725,0.39389903866967124,0.0,0.0,0.0,0.0,1.630533712766428,0.27,0.06
1164,0.55635901020536,1.0574226588362015,0.0,-0.0,0.5010636486308414,0.0,0.0,2.106544178965727,0.27,0.06
1165,0.8411699831747375,0.5922654039156855,0.24890457925905196,0.0,0.0,0.0,0.0,2.106544178965727,0.27,0.06
1166,0.7522814034566,0.5503795683874901,0.0,0.0,0.0,0.20190183506910966,0.0,1.894015931524559,0.27,0.06
1167,0.8265845981972,0.9649174816879507,0.0,-0.0,0.13833288349075068,0.0,0.0,2.025432170840772,0.27,0.06
1168,0.3702165904340493,0.49516850572071885,0.0,-0.0,0.12495191528666955,0.0,0.0,2.144136490363108,0.27,0.06
1169,0.49015966141432366,0.30298232783313167,0.0,0.0,0.0,0.18717733358119198,0.0,1.9471077181723797,0.27,0.06
1170,0.5205836826879743,0.08966501263557777,0.4309186700523965,0.0,0.0,0.0,0.0,1.9471077181723797,0.27,0.06
1171,0.7801297241675325,0.004071317810208061,0.7760584063573244,0.0,0.0,0.0,0.0,1.9471077181723797,0.27,0.06
1172,0.9027484482696739,0.0,0.9027484482696739,0.0,0.0,0.0,0.0,1.9471077181723797,0.27,0.06
1173,0.7924777095517831,0.0,0.7924777095517831,0.0,0.0,0.0,0.0,1.9471077181723797,0.27,0.06
1174,0.5907580678698305,0.0,0.5907580678698305,0.0,0.0,0.0,0.0,1.9471077181723797,0.27,0.06
1175,0.17593188142119426,0.0,0.0,0.0,0.0,0.17593188142119426,0.0,1.7619162640448067,0.27,0.06
1176,0.088634853991064,0.0,0.088634853991064,0.0,0.0,0.0,0.0,1.7619162640448067,0.27,0.06
1177,0.08515958039599456,0.0,0.08515958039599458,0.0,0.0,0.0,0.0,1.7619162640448067,0.27,0.06
1178,0.19285461855116787,0.0,0.19285461855116787,0.0,0.0,0.0,0.0,1.7619162640448067,0.27,0.06
1179,0.07006674396431,0.0,0.07006674396431,0.0,0.0,0.0,0.0,1.7619162640448067,0.27,0.06
1180,0.0818303913104523,0.0,0.0818303913104523,0.0,0.0,0.0,0.0,1.7619162640448067,0.27,0.06
1181,0.07629455726520888,0.0,0.0,0.0,0.0,0.07629455726520888,0.0,1.6816062037656394,0.27,0.06
1182,0.07340362170824843,0.0,0.0,0.0,0.0,0.07340362170824843,0.0,1.6043392335464306,0.27,0.06
1183,0.3314196201669688,0.0,0.3314196201669688,0.0,0.0,0.0,0.0,1.6043392335464306,0.27,0.06
1184,0.4496711863000856,0.024905462175374177,0.4247657241247115,0.0,0.0,0.0,0.0,1.6043392335464306,0.27,0.06
1185,0.37123149334234434,0.13456736053563423,0.23666413280671011,0.0,0.0,0.0,0.0,1.6043392335464306,0.27,0.06
1186,0.3122825494188981,0.17125170821122637,0.0,0.0,0.0,0.14103084120767173,0.0,1.4558857164857235,0.27,0.06
1187,0.32905920203934436,0.6854782892372958,0.0,-1.1102230246251565e-16,0.35641908719795157,0.0,0.0,1.7944838493237776,0.27,0.06
1188,0.3374013963991906,1.2211948480331134,0.0,0.0,0.8837934516339228,0.0,0.0,2.634087628376004,0.27,0.06
1189,0.4028626339841931,0.9391106031981176,0.0,-0.0,0.5362479692139245,0.0,0.0,3.1435231991292323,0.27,0.06
1190,0.2194804425771094,1.262850964414754,0.0,-0.0,1.0433705218376446,0.0,0.0,4.134725194874995,0.27,0.06
1191,0.07933926599009282,0.44230217287785806,0.0,-0.0,0.3629629068877652,0.0,0.0,4.479539956418372,0.27,0.06
1192,0.06871354008658394,0.12202335619974881,0.0,-0.0,0.053309816113164876,0.0,0.0,4.530184281725878,0.27,0.06
1193,0.0751105038721985,0.07902971143098364,0.0,-0.0,0.003919207558785137,0.0,0.0,4.533907528906724,0.27,0.06
1194,0.14713785572753238,0.09560775243224004,0.0,0.0,0.0,0.05153010329529234,0.0,4.47966531491168,0.27,0.06
1195,0.7932311980746087,0.003974567413668738,0.0,-2.220446049250313e-16,0.0,0.7892566306609398,0.0,3.6488688615843747,0.27,0.06
1196,0.998403047376443,0.0,0.0,0.0,0.0,0.998403047376443,0.0,2.597918285398645,0.27,0.06
1197,0.9018950071876994,0.0,0.0,0.0,0.0,0.9018950071876994,0.0,1.6485551199379087,0.27,0.06
1198,0.8566011205758537,0.0,0.8566011205758537,0.0,0.0,0.0,0.0,1.6485551199379087,0.27,0.06
1199,0.5855144028436419,0.0,0.5855144028436419,0.0,0.0,0.0,0.0,1.6485551199379087,0.27,0.06
1200,0.5838382753132756,0.0,0.5838382753132756,0.0,0.0,0.0,0.0,1.6485551199379087,0.27,0.06
1201,0.5736661802551419,0.0,0.5736661802551419,0.0,0.0,0.0,0.0,1.6485551199379087,0.27,0.06
1202,0.5518611450435994,0.0,0.5518611450435993,0.0,0.0,1.1102230246251565e-16,0.0,1.6485551199379087,0.27,0.06
1203,0.5655930889391613,0.0,0.5655930889391615,0.0,0.0,-2.220446049250313e-16,0.0,1.6485551199379087,0.27,0.06
1204,0.663085277402615,0.0,0.6630852774026151,0.0,0.0,-1.1102230246251565e-16,0.0,1.6485551199379087,0.27,0.06
1205,0.6065813268491513,0.0,0.6065813268491514,0.0,0.0,-1.1102230246251565e-16,0.0,1.6485551199379087,0.27,0.06
1206,0.5469634696452381,0.0,0.5469634696452381,0.0,0.0,0.0,0.0,1.6485551199379087,0.27,0.06
1207,0.6820070657155926,0.0,0.6820070657155926,0.0,0.0,0.0,0.0,1.6485551199379087,0.27,0.06
1208,1.0105741936175825,0.08864342688715068,0.9219307667304318,0.0,0.0,0.0,0.0,1.6485551199379087,0.27,0.06
1209,0.7948996369465782,0.3294735390287662,0.465426097917812,0.0,0.0,0.0,0.0,1.6485551199379087,0.27,0.06
1210,0.6036211933666257,0.41082946740457815,0.19279172596204752,0.0,0.0,0.0,0.0,1.6485551199379087,0.27,0.06
1211,0.40753733828906563,0.8971199437599927,0.0,-1.1102230246251565e-16,0.4895826054709272,0.0,0.0,2.1136585951352895,0.27,0.06
1212,0.3905454032335275,1.0419793655988872,0.0,9.992007221626409e-16,0.6514339623653587,0.0,0.0,2.7325208593823804,0.27,0.06
1213,0.374222381458455,0.5624594698226419,0.0,0.0,0.18823708836418696,0.0,0.0,2.911346093328358,0.27,0.06
1214,0.44937901728103063,1.521452768434402,0.0,-0.0,1.0720737511533713,0.0,0.0,3.9298161569240606,0.27,0.06
1215,0.3522251297870086,0.6951809289873507,0.0,-0.0,0.34295579920034214,0.0,0.0,4.255624166164385,0.27,0.06
1216,0.08809664790333213,0.243920889520918,0.0,-0.0,0.15582424161758587,0.0,0.0,4.403657195701092,0.27,0.06
1217,0.09736916992911487,0.17449238767486622,0.0,-0.0,0.07712321774575134,0.0,0.0,4.476924252559556,0.27,0.06
1218,0.10288962665756582,0.040901331190990466,0.0,0.0,0.0,0.061988295466575354,0.0,4.411673415226319,0.27,0.06
1219,0.2572086893271223,0.0005640295448620547,0.0,0.0,0.0,0.25664465978226025,0.0,4.141521141771308,0.27,0.06
1220,0.44851019888226307,0.0,0.0,0.0,0.0,0.44851019888226307,0.0,3.669405142947873,0.27,0.06
1221,1.0406906685553856,0.0,0.0,0.0,0.0,1.0406906685553856,0.0,2.573941281310625,0.27,0.06
1222,0.6227505754562993,0.0,0.0,0.0,0.0,0.6227505754562993,0.0,1.9184143597776784,0.27,0.06
1223,0.4670398656170363,0.0,0.0,0.0,0.0,0.4670398656170363,0.0,1.4267934486018508,0.27,0.06
1224,0.39503557973689124,0.0,0.39503557973689124,0.0,0.0,0.0,0.0,1.4267934486018508,0.27,0.06
1225,0.07554875740078025,0.0,0.0,0.0,0.0,0.07554875740078025,0.0,1.3472684408115558,0.27,0.06
1226,0.07145070247562087,0.0,0.0,0.0,0.0,0.07145070247562087,0.0,1.2720571750477443,0.27,0.06
1227,0.2120762645415965,0.0,0.2120762645415965,0.0,0.0,0.0,0.0,1.2720571750477443,0.27,0.06
1228,0.07144301381722482,0.0,0.07144301381722482,0.0,0.0,0.0,0.0,1.2720571750477443,0.27,0.06
1229,0.07056650676006125,0.0,0.07056650676006125,0.0,0.0,0.0,0.0,1.2720571750477443,0.27,0.06
1230,0.06460779650302838,0.0,0.06460779650302838,0.0,0.0,0.0,0.0,1.2720571750477443,0.27,0.06
1231,0.15494953265804276,0.0,0.15494953265804276,0.0,0.0,0.0,0.0,1.2720571750477443,0.27,0.06
1232,0.479372473684495,0.036868112658180775,0.4425043610263142,0.0,0.0,0.0,0.0,1.2720571750477443,0.27,0.06
1233,0.32922835252406063,0.15160408855337917,0.17762426397068146,0.0,0.0,0.0,0.0,1.2720571750477443,0.27,0.06
1234,0.30933779325316435,0.38419759186730307,0.0,3.3306690738754696e-16,0.07485979861413838,0.0,0.0,1.3431739837311758,0.27,0.06
1235,0.3277982620623719,0.8091873472525858,0.0,-1.1102230246251565e-16,0.481389085190214,0.0,0.0,1.800493614661879,0.27,0.06
1236,0.15295817013343413,0.7524901751909323,0.0,-7.771561172376096e-16,0.5995320050574989,0.0,0.0,2.370049019466503,0.27,0.06
1237,0.18556577039159744,0.30444255444905693,0.0,0.0,0.1188767840574595,0.0,0.0,2.4829819643210893,0.27,0.06
1238,0.09998331378381312,0.2587968315999496,0.0,-1.3600232051658168e-15,0.15881351781613784,0.0,0.0,2.63385480624642,0.27,0.06
1239,0.08738160267248812,0.15243381916584176,0.0,0.0,0.06505221649335363,0.0,0.0,2.6956544119151062,0.27,0.06
1240,0.39690392372716127,0.5699197855867608,0.0,-0.0,0.17301586185959955,0.0,0.0,2.860019480681726,0.27,0.06
1241,0.4180246683414444,0.2802965503393518,0.0,0.0,0.0,0.13772811800209261,0.0,2.715042514363734,0.27,0.06
1242,0.47829606150903126,0.06140273794998617,0.0,0.0,0.0,0.41689332355904535,0.0,2.2762074369331597,0.27,0.06
1243,0.6593870327140569,0.0030098325011786212,0.6563772002128783,0.0,0.0,0.0,0.0,2.2762074369331597,0.27,0.06
1244,0.7268626987988569,0.0,0.0,0.0,0.0,0.7268626987988569,0.0,1.5110888066185735,0.27,0.06
1245,0.8893778713187319,0.0,0.8893778713187319,0.0,0.0,0.0,0.0,1.5110888066185735,0.27,0.06
1246,0.4849313737049269,0.0,0.4849313737049269,0.0,0.0,0.0,0.0,1.5110888066185735,0.27,0.06
1247,0.6209052974412194,0.0,0.6209052974412194,0.0,0.0,0.0,0.0,1.5110888066185735,0.27,0.06
1248,0.6360519544816763,0.0,0.6360519544816763,0.0,0.0,0.0,0.0,1.5110888066185735,0.27,0.06
1249,0.43995272208732394,0.0,0.43995272208732394,0.0,0.0,0.0,0.0,1.5110888066185735,0.27,0.06
1250,0.5403973553749075,0.0,0.5403973553749075,0.0,0.0,0.0,0.0,1.5110888066185735,0.27,0.06
1251,0.5428039054529095,0.0,0.5428039054529095,0.0,0.0,0.0,0.0,1.5110888066185735,0.27,0.06
1252,0.5463329996567525,0.0,0.5463329996567525,0.0,0.0,0.0,0.0,1.5110888066185735,0.27,0.06
1253,0.5302329489751687,0.0,0.5302329489751687,0.0,0.0,0.0,0.0,1.5110888066185735,0.27,0.06
1254,0.5427885281361169,0.0,0.5427885281361169,0.0,0.0,0.0,0.0,1.5110888066185735,0.27,0.06
1255,0.8483281241415724,0.0,0.8483281241415727,0.0,0.0,-2.220446049250313e-16,0.0,1.5110888066185735,0.27,0.06
1256,0.90416316141457,0.08960709992209767,0.8145560614924723,0.0,0.0,0.0,0.0,1.5110888066185735,0.27,0.06
1257,0.7981134961561775,0.3710683655654432,0.0,0.0,0.0,0.42704513059073435,0.0,1.0615676165230636,0.27,0.06
1258,0.3626201959386325,0.304130960241722,0.0,0.0,0.0,0.0584892356969105,0.0,1.0,0.27,0.06
1259,0.33798573443729996,0.8797020014643377,0.0,0.0,0.5417162670270378,0.0,0.0,1.5146304536756858,0.27,0.06
1260,0.3523020163709706,1.4023209727911794,0.0,-6.661338147750939e-16,1.0500189564202096,0.0,0.0,2.512148462274885,0.27,0.06
1261,0.3770210531146612,0.6521510235620623,0.0,-5.551115123125783e-17,0.2751299704474012,0.0,0.0,2.7735219341999158,0.27,0.06
1262,0.07800912808755518,0.35655846135451574,0.0,5.551115123125783e-16,0.27854933326696,0.0,0.0,3.0381438008035277,0.27,0.06
1263,0.14496196540141587,0.485533400184608,0.0,0.0,0.34057143478319213,0.0,0.0,3.36168666384756,0.27,0.06
1264,0.10834857411884763,0.10631699985010806,0.0,0.0,0.0,0.0020315742687395666,0.0,3.359548164617308,0.27,0.06
1265,0.1663671903763571,0.1424378819380364,0.0,0.0,0.0,0.023929308438320723,0.0,3.3343594188927597,0.27,0.06
1266,0.1616463541211078,0.09815482829979874,0.0,0.0,0.0,0.06349152582130907,0.0,3.2675262338176974,0.27,0.06
1267,0.3883618242490138,0.0012175966221697357,0.0,0.0,0.0,0.38714422762684403,0.0,2.860005994210493,0.27,0.06
1268,1.0404523201451044,0.0,0.0,-0.0,0.0,1.0404523201451044,0.0,1.7647930256366993,0.27,0.06
1269,0.8138137366011594,0.0,0.7262955161856863,0.0,0.0,0.08751822041547308,0.0,1.672668583094096,0.27,0.06
1270,1.4530026637084739,0.0,1.4530026637084739,0.0,0.0,0.0,0.0,1.672668583094096,0.27,0.06
1271,0.8306595871471713,0.0,0.8306595871471713,0.0,0.0,0.0,0.0,1.672668583094096,0.27,0.06
1272,0.6303008380013406,0.0,0.6303008380013406,0.0,0.0,0.0,0.0,1.672668583094096,0.27,0.06
1273,0.21705851518231534,0.0,0.0,0.0,0.0,0.21705851518231534,0.0,1.444185935533764,0.27,0.06
1274,0.06812151339007874,0.0,0.0,0.0,0.0,0.06812151339007874,0.0,1.3724790793336812,0.27,0.06
1275,0.07094325102147363,0.0,0.0,1.3877787807814457e-17,0.0,0.07094325102147364,0.0,1.2978019729952879,0.27,0.06
1276,0.06696052597225688,0.0,0.0,0.0,0.0,0.06696052597225688,0.0,1.2273172088139648,0.27,0.06
1277,0.07287310427891269,0.0,0.0,0.0,0.0,0.07287310427891269,0.0,1.1506086779940567,0.27,0.06
1278,0.05995615817334469,0.0,0.0,0.0,0.0,0.05995615817334469,0.0,1.0874969325484307,0.27,0.06
1279,0.08312208592100913,0.0,0.0,0.0,0.0,0.08312208592100918,0.0,1.0,0.27,0.06
1280,0.5585118345562875,0.044932796736359235,0.5135790378199283,0.0,0.0,0.0,0.0,1.0,0.27,0.06
1281,0.4517855673590331,0.21599618694838582,0.23578938041064734,0.0,0.0,0.0,0.0,1.0,0.27,0.06
1282,0.380588590610485,0.5167309935469211,0.0,-0.0,0.1361424029364361,0.0,0.0,1.1293352827896144,0.27,0.06
1283,0.33270362611913,0.9503249152716713,0.0,-1.1102230246251565e-16,0.6176212891525413,0.0,0.0,1.7160755074845286,0.27,0.06
1284,0.30776930694034593,1.413592717964089,0.0,0.0,1.105823411023743,0.0,0.0,2.7666077479570843,0.27,0.06
1285,0.33435668767430693,0.8771496284876508,0.0,-1.1102230246251565e-16,0.542792940813344,0.0,0.0,3.282261041729761,0.27,0.06
1286,0.34904971386939,1.6865936686065222,0.0,-1.1102230246251565e-15,1.3375439547371333,0.0,0.0,4.552927798730037,0.27,0.06
1287,0.32499190174776876,1.137437868661529,0.0,-1.1102230246251565e-16,0.8124459669137604,0.0,0.0,5.3247514672981096,0.27,0.06
1288,0.3198558779391275,0.46560148232742193,0.0,-1.304512053934559e-15,0.14574560438829573,0.0,0.0,5.463209791466991,0.27,0.06
1289,0.3205401685363862,0.34721440635814654,0.0,0.0,0.026674237821760316,0.0,0.0,5.488550317397663,0.27,0.06
1290,0.15116671272712637,0.11357895279341894,0.0,0.0,0.0,0.03758775993370743,0.0,5.44898425430955,0.27,0.06
1291,0.07611002946370074,0.0009942991412648001,0.0,0.0,0.0,0.07511573032243594,0.0,5.3699150644964595,0.27,0.06
1292,0.06563038806971913,0.0,0.0,0.0,0.0,0.06563038806971913,0.0,5.300830445475703,0.27,0.06
1293,0.07204272917212612,0.0,0.0,0.0,0.0,0.07204272917212612,0.0,5.22499599371557,0.27,0.06
1294,0.07304225476362844,0.0,0.0,0.0,0.0,0.07304225476362844,0.0,5.148109409753856,0.27,0.06
1295,0.08920381471238074,0.0,0.0,-4.163336342344337e-17,0.0,0.0892038147123807,0.0,5.054210657425034,0.27,0.06
1296,0.19188584759325,0.0,0.0,0.0,0.0,0.19188584759325,0.0,4.852225554695297,0.27,0.06
1297,0.08088468632772325,0.0,0.0,0.0,0.0,0.08088468632772325,0.0,4.767083779613483,0.27,0.06
1298,0.07231952087438831,0.0,0.0,0.0,0.0,0.07231952087438831,0.0,4.690957968166758,0.27,0.06
1299,0.06301624421502094,0.0,0.0,0.0,0.0,0.06301624421502094,0.0,4.624625079519368,0.27,0.06
1300,0.28137414266628935,0.0,0.0,0.0,0.0,0.28137414266628935,0.0,4.328441771449589,0.27,0.06
1301,0.0743570153493737,0.0,0.0,0.0,0.0,0.0743570153493737,0.0,4.250171228976565,0.27,0.06
1302,0.05962554586230931,0.0,0.0,0.0,0.0,0.05962554586230931,0.0,4.187407496489923,0.27,0.06
1303,0.07319602793155187,0.0,0.0,0.0,0.0,0.07319602793155187,0.0,4.110359046035658,0.27,0.06
1304,0.13505128472875105,0.018588452741194052,0.0,0.0,0.0,0.116462831987557,0.0,3.987766591311914,0.27,0.06
1305,0.4748054105971694,0.09360157843461359,0.0,0.0,0.0,0.3812038321625558,0.0,3.586499399561855,0.27,0.06
1306,0.3851018330890377,0.15049687526472472,0.0,0.0,0.0,0.234604957824313,0.0,3.3395468123783676,0.27,0.06
1307,0.06546892624339956,0.22928450423388103,0.0,-0.0,0.16381557799048146,0.0,0.0,3.495171611469325,0.27,0.06
1308,0.06753717535196975,0.6287069600175264,0.0,3.3306690738754696e-16,0.5611697846655562,0.0,0.0,4.0282829069016035,0.27,0.06
1309,0.06252417007766595,0.190417060389996,0.0,0.0,0.12789289031233006,0.0,0.0,4.149781152698317,0.27,0.06
1310,0.07208886112250319,0.4568661296407744,0.0,-1.4988010832439613e-15,0.3847772685182727,0.0,0.0,4.515319557790676,0.27,0.06
1311,0.05979469634702512,0.22713691351605395,0.0,-8.326672684688674e-17,0.16734221716902892,0.0,0.0,4.674294664101253,0.27,0.06
1312,0.06832910716677532,0.13558874338145868,0.0,6.938893903907228e-16,0.06725963621468267,0.0,0.0,4.738191318505201,0.27,0.06
1313,0.06314695140775581,0.0913337985741316,0.0,0.0,0.02818684716637579,0.0,0.0,4.764968823313258,0.27,0.06
1314,0.18255950495869405,0.04599997751030888,0.0,0.0,0.0,0.13655952744838518,0.0,4.621221952314958,0.27,0.06
1315,0.08474439284260132,0.002836541411352867,0.0,0.0,0.0,0.08190785143124846,0.0,4.535003161334696,0.27,0.06
1316,0.05637324336072881,0.0,0.0,0.0,0.0,0.05637324336072881,0.0,4.475662905165509,0.27,0.06
1317,0.06891344520488438,0.0,0.0,0.0,0.0,0.06891344520488438,0.0,4.403122436528788,0.27,0.06
1318,0.06292398031426688,0.0,0.0,0.0,0.0,0.06292398031426688,0.0,4.336886667776928,0.27,0.06
1319,0.05794172967354781,0.0,0.0,0.0,0.0,0.05794172967354781,0.0,4.27589537338372,0.27,0.06
1320,0.07031278103298756,0.0,0.0,0.0,0.0,0.07031278103298756,0.0,4.201881919664785,0.27,0.06
1321,0.06401576980652325,0.0,0.0,-1.3877787807814457e-17,0.0,0.06401576980652324,0.0,4.134496898815814,0.27,0.06
1322,0.06692208268027594,0.0,0.0,0.0,0.0,0.06692208268027594,0.0,4.064052601257629,0.27,0.06
1323,0.06315464006615201,0.0,0.0,0.0,0.0,0.06315464006615201,0.0,3.9975740327669422,0.27,0.06
1324,0.18768015145054442,0.0,0.0,0.0,0.0,0.18768015145054442,0.0,3.8000159786084744,0.27,0.06
1325,0.11825156613311649,0.0,0.0,0.0,0.0,0.11825156613311649,0.0,3.6755406458367728,0.27,0.06
1326,0.06370822347067631,0.0,0.0,0.0,0.0,0.06370822347067631,0.0,3.608479357972903,0.27,0.06
1327,0.0681907113156443,0.0,0.0,0.0,0.0,0.0681907113156443,0.0,3.536699661851172,0.27,0.06
1328,0.05838767186052575,0.013075634141304443,0.0,0.0,0.0,0.04531203771922131,0.0,3.4890027800414654,0.27,0.06
1329,0.06972844299487857,0.03600329197894622,0.0,0.0,0.0,0.03372515101593235,0.0,3.453502621077326,0.27,0.06
1330,0.06422336358321976,0.0663370311600343,0.0,-0.0,0.00211366757681454,0.0,0.0,3.4555106052752995,0.27,0.06
1331,0.05878748209712662,0.37148232210565757,0.0,-0.0,0.3126948400085309,0.0,0.0,3.752570703283404,0.27,0.06
1332,0.07379574328645319,1.0492532422387928,0.0,-0.0,0.9754574989523396,0.0,0.0,4.679255327288127,0.27,0.06
1333,0.059279556234481626,0.18244962918850743,0.0,-0.0,0.12317007295402581,0.0,0.0,4.796266896594451,0.27,0.06
1334,0.06493072015566762,0.5294213904045809,0.0,-1.3322676295501878e-15,0.46449067024891466,0.0,0.0,5.23753303333092,0.27,0.06
1335,0.27640726934236276,0.7206925967666542,0.0,-5.551115123125783e-17,0.4442853274242915,0.0,0.0,5.659604094383997,0.27,0.06
1336,0.059817762322213565,0.12296805037704646,0.0,-6.938893903907228e-16,0.06315028805483358,0.0,0.0,5.719596868036089,0.27,0.06
1337,0.06681444146272962,0.08700758381980701,0.0,0.0,0.020193142357077393,0.0,0.0,5.738780353275313,0.27,0.06
1338,0.06243190617691188,0.07690490887550304,0.0,7.355227538141662e-16,0.01447300269859042,0.0,0.0,5.752529705838974,0.27,0.06
1339,0.06286247104709744,0.0009874309056827264,0.0,0.0,0.0,0.06187504014141471,0.0,5.6873980846374845,0.27,0.06
1340,0.06440789138472787,0.0,0.0,1.3877787807814457e-17,0.0,0.06440789138472788,0.0,5.619600304232509,0.27,0.06
1341,0.06273945251275875,0.0,0.0,0.0,0.0,0.06273945251275875,0.0,5.55355877527171,0.27,0.06
1342,0.06781396705423194,0.0,0.0,0.0,0.0,0.06781396705423194,0.0,5.482175652056728,0.27,0.06
1343,0.05863370892920325,0.0,0.0,0.0,0.0,0.05863370892920325,0.0,5.42045595844704,0.27,0.06
1344,0.06723731767451907,0.0,0.0,0.0,0.0,0.06723731767451907,0.0,5.349679834579126,0.27,0.06
1345,0.13845736039825488,0.0,0.0,0.0,0.0,0.13845736039825488,0.0,5.203935244686226,0.27,0.06
1346,0.20138902937091774,0.0,0.0,0.0,0.0,0.20138902937091774,0.0,4.991946792716839,0.27,0.06
1347,0.06988990482119813,0.0,0.0,0.0,0.0,0.06988990482119813,0.0,4.91837847185242,0.27,0.06
1348,0.06044054365230344,0.0,0.0,0.0,0.0,0.06044054365230344,0.0,4.854756846955258,0.27,0.06
1349,0.06163228570371006,0.0,0.0,0.0,0.0,0.06163228570371006,0.0,4.789880756740827,0.27,0.06
1350,0.06599175501433924,0.0,0.0,0.0,0.0,0.06599175501433924,0.0,4.720415751462575,0.27,0.06
1351,0.06279327312153193,0.0,0.0,0.0,0.0,0.06279327312153193,0.0,4.6543175692293834,0.27,0.06
1352,0.06643769720131719,0.006566659963606068,0.0,0.0,0.0,0.059871037237711124,0.0,4.591295424768635,0.27,0.06
1353,0.058503001736468246,0.05712068320632059,0.0,0.0,0.0,0.0013823185301476554,0.0,4.589840352631637,0.27,0.06
1354,0.06413109968246575,0.054793086621605085,0.0,0.0,0.0,0.009338013060860663,0.0,4.580010865199152,0.27,0.06
1355,0.06343143176841412,0.3650194787034764,0.0,-0.0,0.30158804693506225,0.0,0.0,4.866519509787461,0.27,0.06
1356,0.19444617083917526,1.6489437658024013,0.0,-0.0,1.4544975949632262,0.0,0.0,6.248292225002526,0.27,0.06
1357,0.1586170227130165,0.6141641523678002,0.0,-0.0,0.4555471296547837,0.0,0.0,6.68106199817457,0.27,0.06
1358,0.059471772694385874,0.2613341511561003,0.0,-0.0,0.20186237846171445,0.0,0.0,6.872831257713199,0.27,0.06
1359,0.06203978459870706,0.32591227295962,0.0,-5.551115123125783e-17,0.263872488360913,0.0,0.0,7.123510121656066,0.27,0.06
1360,0.07114315613977407,0.1529921746312224,0.0,-1.1102230246251565e-16,0.08184901849144843,0.0,0.0,7.201266689222942,0.27,0.06
1361,0.060532807553057566,0.17835449492739958,0.0,0.0,0.11782168737434201,0.0,0.0,7.313197292228567,0.27,0.06
1362,0.06687595072989894,0.04035902011627042,0.0,0.0,0.0,0.026516930613628517,0.0,7.285284733687906,0.27,0.06
1363,0.062478038127288874,0.003875590666744828,0.0,0.0,0.0,0.05860244746054404,0.0,7.223597946887333,0.27,0.06
1364,0.060371345726738,0.0,0.0,6.938893903907228e-18,0.0,0.06037134572673801,0.0,7.160049161911819,0.27,0.06
1365,0.06469237174538624,0.0,0.0,1.3877787807814457e-17,0.0,0.06469237174538625,0.0,7.091951928495623,0.27,0.06
1366,0.06207053923229188,0.0,0.0,6.938893903907228e-18,0.0,0.06207053923229189,0.0,7.026614518777421,0.27,0.06
1367,0.22427816541632037,0.0,0.0,0.0,0.0,0.22427816541632037,0.0,6.790532239391821,0.27,0.06
1368,0.1225418375181803,0.0,0.0,0.0,0.0,0.1225418375181803,0.0,6.6615408314779465,0.27,0.06
1369,0.062201246425026696,0.0,0.0,0.0,0.0,0.062201246425026696,0.0,6.596065835241077,0.27,0.06
1370,0.07029740371619525,0.0,0.0,0.0,0.0,0.07029740371619525,0.0,6.522068568171397,0.27,0.06
1371,0.05907196245778494,0.0,0.0,0.0,0.0,0.05907196245778494,0.0,6.459887555057939,0.27,0.06
1372,0.06852901228507574,0.0,0.0,0.0,0.0,0.06852901228507574,0.0,6.387751752652596,0.27,0.06
1373,0.06208591654908413,0.0,0.0,0.0,0.0,0.06208591654908413,0.0,6.322398156285139,0.27,0.06
1374,0.05761880602090856,0.0,0.0,0.0,0.0,0.05761880602090856,0.0,6.261746781526288,0.27,0.06
1375,0.06945165129261638,0.0,0.0,0.0,0.0,0.06945165129261638,0.0,6.188639780165639,0.27,0.06
1376,0.06326996994209456,0.011736475469011066,0.0,0.0,0.0,0.0515334944730835,0.0,6.134393996509762,0.27,0.06
1377,0.06589949111358519,0.04262000236429609,0.0,0.0,0.0,0.023279488749289097,0.0,6.10988927151051,0.27,0.06
1378,0.27200935673975185,0.33410697540804185,0.0,0.0,0.06209761866829,0.0,0.0,6.168882009245386,0.27,0.06
1379,0.07140457052524393,0.23644890299580285,0.0,-0.0,0.1650443324705589,0.0,0.0,6.325674125092417,0.27,0.06
1380,0.069121038981581,0.1557137372879506,0.0,-0.0,0.08659269830636959,0.0,0.0,6.4079371884834675,0.27,0.06
1381,0.06111714559116656,0.04561085717412783,0.0,0.0,0.0,0.01550628841703873,0.0,6.391614779623427,0.27,0.06
1382,0.07043579956732626,0.18930921504072434,0.0,-0.0,0.11887341547339808,0.0,0.0,6.504544524323155,0.27,0.06
1383,0.06303931019020943,0.3571631139832135,0.0,-0.0,0.29412380379300407,0.0,0.0,6.783962137926508,0.27,0.06
1384,0.059433329402405054,0.1148704041874333,0.0,7.840950111415168e-16,0.05543707478502746,0.0,0.0,6.836627358972285,0.27,0.06
1385,0.07348819695060638,0.14194940579045826,0.0,0.0,0.06846120883985188,0.0,0.0,6.9016655073701445,0.27,0.06
1386,0.0625626133696468,0.04545643709991777,0.0,0.0,0.0,0.01710617626972903,0.0,6.883659006033588,0.27,0.06
1387,0.06291629165587069,0.001804730615255774,0.0,0.0,0.0,0.061111561040614916,0.0,6.819331047043467,0.27,0.06
1388,0.08893471166851476,0.0,0.0,0.0,0.0,0.08893471166851476,0.0,6.725715561076609,0.27,0.06
1389,0.2620064121663338,0.0,0.0,0.0,0.0,0.2620064121663338,0.0,6.449919337743626,0.27,0.06
1390,0.0690518410560155,0.0,0.0,0.0,0.0,0.0690518410560155,0.0,6.37723318926361,0.27,0.06
1391,0.061647663020502445,0.0,0.0,6.938893903907228e-18,0.0,0.06164766302050245,0.0,6.3123409123999235,0.27,0.06
1392,0.06818302265724806,0.0,0.0,0.0,0.0,0.06818302265724806,0.0,6.24056930960282,0.27,0.06
1393,0.06509987064038336,0.0,0.0,0.0,0.0,0.06509987064038336,0.0,6.172043129981364,0.27,0.06
1394,0.05982545098060981,0.0,0.0,0.0,0.0,0.05982545098060981,0.0,6.109068971054406,0.27,0.06
1395,0.07639450982435919,0.0,0.0,0.0,0.0,0.07639450982435919,0.0,6.028653697555081,0.27,0.06
1396,0.05990233756457143,0.0,0.0,0.0,0.0,0.05990233756457143,0.0,5.965598605381848,0.27,0.06
1397,0.06163228570371,0.0,0.0,-1.3877787807814457e-17,0.0,0.06163228570370999,0.0,5.900722515167416,0.27,0.06
1398,0.0689211338632805,0.0,0.0,0.0,0.0,0.0689211338632805,0.0,5.828173953206068,0.27,0.06
1399,0.09521634557818681,0.0,0.0,0.0,0.0,0.09521634557818681,0.0,5.727946221018503,0.27,0.06
1400,0.2623908450861419,0.03469515420945107,0.0,0.0,0.0,0.22769569087669084,0.0,5.48826654641146,0.27,0.06
1401,0.06117096619993975,0.09642139236125614,0.0,8.187894806610529e-16,0.03525042616131557,0.0,0.0,5.5217544512647105,0.27,0.06
1402,0.06190138874757606,0.17022955730056763,0.0,0.0,0.10832816855299157,0.0,0.0,5.6246662113900525,0.27,0.06
1403,0.06599175501433925,0.49912566844659384,0.0,-1.1102230246251565e-15,0.4331339134322557,0.0,0.0,6.0361434291506955,0.27,0.06
1404,0.058872057339484564,0.26530841163202395,0.0,0.0,0.2064363542925394,0.0,0.0,6.232257965728608,0.27,0.06
1405,0.07429550608220438,0.2956828852498214,0.0,-0.0,0.22138737916761703,0.0,0.0,6.442575975937844,0.27,0.06
1406,0.058687529537976374,0.2752604169209323,0.0,-0.0,0.2165728873829559,0.0,0.0,6.6483202189516515,0.27,0.06
1407,0.05852606771165682,0.27464339377841046,0.0,-0.0,0.21611732606675366,0.0,0.0,6.853631678715067,0.27,0.06
1408,0.07069721395279618,0.21498794764988546,0.0,-0.0,0.14429073369708928,0.0,0.0,6.990707875727302,0.27,0.06
1409,0.06148620119418281,0.1479889838666205,0.0,-0.0,0.08650278267243768,0.0,0.0,7.0728855192661175,0.27,0.06
1410,0.077686204434916,0.06160776999076868,0.0,-2.0816681711721685e-17,0.0,0.016078434444147298,0.0,7.055960851430173,0.27,0.06
1411,0.28122805815676166,0.008179941681736374,0.0,0.0,0.0,0.2730481164750253,0.0,6.768541781456462,0.27,0.06
1412,0.06025601585079531,0.0,0.0,0.0,0.0,0.06025601585079531,0.0,6.705114396350361,0.27,0.06
1413,0.06596868903915068,0.0,0.0,0.0,0.0,0.06596868903915068,0.0,6.635673671045993,0.27,0.06
1414,0.06134780534305169,0.0,0.0,0.0,0.0,0.06134780534305169,0.0,6.571097033842781,0.27,0.06
1415,0.07275008574457394,0.0,0.0,0.0,0.0,0.07275008574457394,0.0,6.4945179962169135,0.27,0.06
1416,0.05971012110466725,0.0,0.0,0.0,0.0,0.05971012110466725,0.0,6.431665237159369,0.27,0.06
1417,0.05927955623448156,0.0,0.0,0.0,0.0,0.05927955623448156,0.0,6.369265704280967,0.27,0.06
1418,0.07261168989344274,0.0,0.0,0.0,0.0,0.07261168989344274,0.0,6.292832346498396,0.27,0.06
1419,0.0629086029974745,0.0,0.0,0.0,0.0,0.0629086029974745,0.0,6.226612764395791,0.27,0.06
1420,0.06670680024518319,0.0,0.0,0.0,0.0,0.06670680024518319,0.0,6.156395079927178,0.27,0.06
1421,0.06326228128369837,0.0,0.0,0.0,0.0,0.06326228128369837,0.0,6.089803204891705,0.27,0.06
1422,0.28442654004956913,0.0,0.0,0.0,0.0,0.28442654004956913,0.0,5.790406846944791,0.27,0.06
1423,0.06857514423545287,0.0,0.0,0.0,0.0,0.06857514423545287,0.0,5.718222484591682,0.27,0.06
1424,0.06023294987560687,0.008749162623956972,0.0,0.0,0.0,0.0514837872516499,0.0,5.664029024326788,0.27,0.06
1425,0.06946702860940869,0.05232718374108025,0.0,0.0,0.0,0.017139844868328438,0.0,5.645987082360127,0.27,0.06
1426,0.060771155963338874,0.1972625816240437,0.0,0.0,0.13649142566070482,0.0,0.0,5.775653936737796,0.27,0.06
1427,0.058064748207886506,0.24568847259547244,0.0,1.4710455076283324e-15,0.18762372438758446,0.0,0.0,5.953896474906001,0.27,0.06
1428,0.07140457052524393,0.4696691946722884,0.0,0.0,0.39826462414704444,0.0,0.0,6.332247867845694,0.27,0.06
1429,0.06093261778965844,0.3478191195582812,0.0,0.0,0.2868865017686228,0.0,0.0,6.604790044525886,0.27,0.06
1430,0.06350062969397968,0.10563508054494314,0.0,-0.0,0.042134450850963456,0.0,0.0,6.6448177728343,0.27,0.06
1431,0.06483076759651737,0.1679962881704096,0.0,-0.0,0.10316552057389222,0.0,0.0,6.742825017379498,0.27,0.06
1432,0.06193214338116075,0.13382416809214773,0.0,-0.0,0.07189202471098698,0.0,0.0,6.811122440854935,0.27,0.06
1433,0.301825974000105,0.23777341711282046,0.0,0.0,0.0,0.06405255688728456,0.0,6.743698696763056,0.27,0.06
1434,0.05966398915429013,0.02991255888737253,0.0,0.0,0.0,0.0297514302669176,0.0,6.712381401745248,0.27,0.06
1435,0.0653766623426455,0.0015337056467647568,0.0,0.0,0.0,0.06384295669588073,0.0,6.645178289433795,0.27,0.06
1436,0.06197058667314163,0.0,0.0,0.0,0.0,0.06197058667314163,0.0,6.579946092935751,0.27,0.06
1437,0.058264653326187,0.0,0.0,0.0,0.0,0.058264653326187,0.0,6.518614878908186,0.27,0.06
1438,0.07243485075033082,0.0,0.0,0.0,0.0,0.07243485075033082,0.0,6.442367667592048,0.27,0.06
1439,0.06047129828588819,0.0,0.0,0.0,0.0,0.06047129828588819,0.0,6.378713669396377,0.27,0.06
1440,0.06200902996512249,0.0,0.0,0.0,0.0,0.06200902996512249,0.0,6.313441006275195,0.27,0.06
1441,0.06629930135018612,0.0,0.0,1.3877787807814457e-17,0.0,0.06629930135018614,0.0,6.243652268011841,0.27,0.06
1442,0.06451553260227437,0.0,0.0,1.3877787807814457e-17,0.0,0.06451553260227438,0.0,6.175741181062079,0.27,0.06
1443,0.066430008542921,0.0,0.0,0.0,0.0,0.066430008542921,0.0,6.105814856280056,0.27,0.06
1444,0.21319112000904145,0.0,0.0,0.0,0.0,0.21319112000904145,0.0,5.881403151007381,0.27,0.06
1445,0.13464378583375375,0.0,0.0,0.0,0.0,0.13464378583375375,0.0,5.739672850129746,0.27,0.06
1446,0.06693745999706831,0.0,0.0,0.0,0.0,0.06693745999706831,0.0,5.669212365922306,0.27,0.06
1447,0.05943332940240507,0.0,0.0,0.0,0.0,0.05943332940240507,0.0,5.606650966551353,0.27,0.06
1448,0.07050499749289188,0.0290362967508854,0.0,0.0,0.0,0.04146870074200648,0.0,5.562999702612399,0.27,0.06
1449,0.05954865927834762,0.03731380376669288,0.0,0.0,0.0,0.022234855511654737,0.0,5.539594591547499,0.27,0.06
1450,0.05793404101515156,0.14762091890310572,0.0,0.0,0.08968687788795415,0.0,0.0,5.624797125541056,0.27,0.06
1451,0.06995910274676356,0.12969112293553728,0.0,5.551115123125783e-17,0.05973202018877366,0.0,0.0,5.681542544720391,0.27,0.06
1452,0.06192445472276456,0.3805264117979992,0.0,-5.551115123125783e-17,0.3186019570752347,0.0,0.0,5.984214403941864,0.27,0.06
1453,0.0640465244401078,0.1598544034020648,0.0,6.938893903907228e-16,0.0958078789619563,0.0,0.0,6.075231888955722,0.27,0.06
1454,0.05997922414853318,0.17712126733461186,0.0,0.0,0.11714204318607868,0.0,0.0,6.186516829982497,0.27,0.06
1455,0.23403507292106213,0.9711082545343735,0.0,-0.0,0.7370731816133114,0.0,0.0,6.886736352515142,0.27,0.06
1456,0.1285236137504011,0.17156695885524803,0.0,-0.0,0.04304334510484692,0.0,0.0,6.927627530364747,0.27,0.06
1457,0.05814163479184825,0.10506374502327222,0.0,-0.0,0.046922110231423966,0.0,0.0,6.9722035350846,0.27,0.06
1458,0.06559194477773832,0.041302489417906936,0.0,0.0,0.0,0.02428945535983138,0.0,6.946635687337409,0.27,0.06
1459,0.06265487727040081,0.0028283340685977356,0.0,0.0,0.0,0.05982654320180308,0.0,6.883660378703932,0.27,0.06
1460,0.058879745997880685,0.0,0.0,-2.0816681711721685e-17,0.0,0.058879745997880664,0.0,6.821681698706163,0.27,0.06
1461,0.06877504935375331,0.0,0.0,0.0,0.0,0.06877504935375331,0.0,6.749286909912739,0.27,0.06
1462,0.06116327754154362,0.0,0.0,0.0,0.0,0.06116327754154362,0.0,6.684904512500587,0.27,0.06
1463,0.06111714559116663,0.0,0.0,0.0,0.0,0.06111714559116663,0.0,6.620570675036201,0.27,0.06
1464,0.0693516987334662,0.0,0.0,0.0,0.0,0.0693516987334662,0.0,6.54756888689571,0.27,0.06
1465,0.0663761879341478,0.0,0.0,0.0,0.0,0.0663761879341478,0.0,6.477699215386081,0.27,0.06
1466,0.21797346553146005,0.0,0.0,0.0,0.0,0.21797346553146005,0.0,6.24825346219507,0.27,0.06
1467,0.13770387187542993,0.0,0.0,0.0,0.0,0.13770387187542993,0.0,6.10330201811567,0.27,0.06
1468,0.06772939181187401,0.0,0.0,0.0,0.0,0.06772939181187401,0.0,6.0320079214715925,0.27,0.06
1469,0.06933632141667381,0.0,0.0,0.0,0.0,0.06933632141667381,0.0,5.959022319980358,0.27,0.06
1470,0.05949483866957444,0.0,0.0,0.0,0.0,0.05949483866957444,0.0,5.896396174012385,0.27,0.06
1471,0.07421861949824263,0.0,0.0,0.0,0.0,0.07421861949824263,0.0,5.818271311382656,0.27,0.06
1472,0.06418492029123894,0.017049408887719022,0.0,0.0,0.0,0.04713551140351992,0.0,5.768654983589477,0.27,0.06
1473,0.0610248816904125,0.0612143878848762,0.0,0.0001895061944637011,0.0,0.0,0.0,5.768654983589477,0.27,0.06
1474,0.07171211686109082,0.14302138072008042,0.0,0.0,0.0713092638589896,0.0,0.0,5.836398784255517,0.27,0.06
1475,0.06495378613085612,0.1848933184832254,0.0,4.163336342344337e-16,0.11993953235236887,0.0,0.0,5.950341339990268,0.27,0.06
1476,0.067775523762251,0.5870193686150522,0.0,-1.1102230246251565e-16,0.5192438448528013,0.0,0.0,6.443622992600429,0.27,0.06
1477,0.16455266699486062,0.26648158983445475,0.0,2.7755575615628914e-17,0.1019289228395941,0.0,0.0,6.540455469298044,0.27,0.06
1478,0.19426164303766708,0.34246993830557493,0.0,-8.326672684688674e-17,0.14820829526790794,0.0,0.0,6.681253349802557,0.27,0.06
1479,0.06897495447205368,0.13948701600306598,0.0,1.1102230246251565e-16,0.0705120615310122,0.0,0.0,6.7482398082570185,0.27,0.06
1480,0.06088648583928144,0.10759466589864009,0.0,0.0,0.046708180059358645,0.0,0.0,6.792612579313409,0.27,0.06
1481,0.07420324218145025,0.17206817086559956,0.0,-0.0,0.09786492868414931,0.0,0.0,6.885584261563351,0.27,0.06
1482,0.06373897810426106,0.046037225604645474,0.0,0.0,0.0,0.017701752499615586,0.0,6.866950837879545,0.27,0.06
1483,0.10077524559861868,0.0002420931230436516,0.0,0.0,0.0,0.10053315247557502,0.0,6.761126466852624,0.27,0.06
1484,0.35639238263773315,0.0,0.0,0.0,0.0,0.35639238263773315,0.0,6.385976590391852,0.27,0.06
1485,0.42463691456215125,0.0,0.0,0.0,0.0,0.42463691456215125,0.0,5.938990364536956,0.27,0.06
1486,0.3341106506056294,0.0,0.0,0.0,0.0,0.3341106506056294,0.0,5.587294942846819,0.27,0.06
1487,0.20998494945783738,0.0,0.0,0.0,0.0,0.20998494945783738,0.0,5.366258153943833,0.27,0.06
1488,0.07208886112250312,0.0,0.0,0.0,0.0,0.07208886112250312,0.0,5.290375142235935,0.27,0.06
1489,0.05943332940240506,0.0,0.0,0.0,0.0,0.05943332940240506,0.0,5.227813742864982,0.27,0.06
1490,0.06468468308699013,0.0,0.0,2.7755575615628914e-17,0.0,0.06468468308699016,0.0,5.159724602773414,0.27,0.06
1491,0.07042042225053394,0.0,0.0,0.0,0.0,0.07042042225053394,0.0,5.085597842509694,0.27,0.06
1492,0.05890281197306919,0.0,0.0,4.85722573273506e-17,0.0,0.058902811973069236,0.0,5.023594882538042,0.27,0.06
1493,0.07139688186684781,0.0,0.0,0.0,0.0,0.07139688186684781,0.0,4.948440270046623,0.27,0.06
1494,0.06453859857746287,0.0,0.0,0.0,0.0,0.06453859857746287,0.0,4.8805049031229775,0.27,0.06
1495,0.1740404714557363,0.0,0.0,0.0,0.0,0.1740404714557363,0.0,4.697304406853782,0.27,0.06
1496,0.13761929663307218,0.021159905746313788,0.0,0.0,0.0,0.11645939088675838,0.0,4.574715574341404,0.27,0.06
1497,0.06507680466519475,0.05722665673673317,0.0,0.0,0.0,0.00785014792846158,0.0,4.566452260732497,0.27,0.06
1498,0.06917485959035413,0.14443814194955434,0.0,0.0,0.07526328235920021,0.0,0.0,4.637952378973737,0.27,0.06
1499,0.06326228128369837,0.35531511506975527,0.0,1.27675647831893e-15,0.2920528337860556,0.0,0.0,4.91540257107049,0.27,0.06
1500,0.06886731325450732,0.5998820431564118,0.0,-1.1102230246251565e-16,0.5310147299019046,0.0,0.0,5.419866564477299,0.27,0.06
1501,0.06553043551056895,0.376493877718312,0.0,-1.27675647831893e-15,0.31096344220774436,0.0,0.0,5.7152818345746565,0.27,0.06
1502,0.3161191899585877,0.9057534110151624,0.0,-1.1102230246251565e-16,0.5896342210565748,0.0,0.0,6.275434344578403,0.27,0.06
1503,0.11943561952612669,0.604525885258441,0.0,-5.551115123125783e-16,0.48509026573231484,0.0,0.0,6.736270097024102,0.27,0.06
1504,0.4513857571224306,0.9857189080667594,0.0,0.0,0.5343331509443288,0.0,0.0,7.243886590421214,0.27,0.06
1505,0.7888332854719975,0.46673663380168545,0.0,0.0,0.0,0.32209665167031204,0.0,6.904837483399833,0.27,0.06
1506,0.956953489962683,0.1505430705485824,0.0,0.0,0.0,0.8064104194141006,0.0,6.055984410332359,0.27,0.06
1507,0.9319269068831451,0.010361740910013736,0.0,0.0,0.0,0.9215651659731313,0.0,5.085915814571168,0.27,0.06
1508,1.261608890252579,0.0,0.0,-0.0,0.0,1.261608890252579,0.0,3.7579064564105584,0.27,0.06
1509,0.93169624713126,0.0,0.0,0.0,0.0,0.93169624713126,0.0,2.7771735646934426,0.27,0.06
1510,0.8899929639904255,0.0,0.0,0.0,0.0,0.8899929639904255,0.0,1.8403388657561526,0.27,0.06
1511,0.28341932579967094,0.0,0.0,0.0,0.0,0.28341932579967094,0.0,1.5420027333354465,0.27,0.06
1512,0.07494904204587893,0.0,0.0,0.0,0.0,0.07494904204587893,0.0,1.4631090048661002,0.27,0.06
1513,0.07884719185273781,0.0,0.07884719185273781,0.0,0.0,0.0,0.0,1.4631090048661002,0.27,0.06
1514,0.0639388832225615,0.0,0.0,-1.3877787807814457e-17,0.0,0.06393888322256149,0.0,1.395804917263404,0.27,0.06
1515,0.07290385891249732,0.0,0.0,0.0,0.0,0.07290385891249732,0.0,1.3190640131449856,0.27,0.06
1516,0.06959004714374743,0.0,0.0,0.0,0.0,0.06959004714374743,0.0,1.2458113319410409,0.27,0.06
1517,0.06466161711180156,0.0,0.0,1.3877787807814457e-17,0.0,0.06466161711180157,0.0,1.177746471823355,0.27,0.06
1518,0.07307300939721319,0.0,0.0,0.0,0.0,0.07307300939721319,0.0,1.1008275145631305,0.27,0.06
1519,0.37887401978813895,0.0,0.37887401978813906,0.0,0.0,-1.1102230246251565e-16,0.0,1.1008275145631308,0.27,0.06
1520,0.90157208353506,0.11080829191240732,0.7907637916226526,0.0,0.0,0.0,0.0,1.1008275145631308,0.27,0.06
1521,0.4543766452385419,0.21995907168198786,0.23441757355655402,0.0,0.0,0.0,0.0,1.1008275145631308,0.27,0.06
1522,0.4180477343166319,0.576012049327483,0.0,-0.0,0.15796431501085106,0.0,0.0,1.2508936138234392,0.27,0.06
1523,0.318733333813285,0.5574997326494693,0.0,-0.0,0.23876639883618428,0.0,0.0,1.4777216927178143,0.27,0.06
1524,0.3151657963174619,0.4698666544023363,0.0,-8.326672684688674e-17,0.15470085808487452,0.0,0.0,1.624687507898445,0.27,0.06
1525,0.15467274095578004,0.2509446284727732,0.0,1.6653345369377348e-16,0.096271887516993,0.0,0.0,1.7161458010395885,0.27,0.06
1526,0.26751149157799214,0.21970454319586416,0.0,0.0,0.0,0.047806948382127984,0.0,1.6658226974794537,0.27,0.06
1527,0.613824043058345,0.38252861573193,0.23129542732641506,0.0,0.0,0.0,0.0,1.6658226974794537,0.27,0.06
1528,0.35832223589517304,0.2310089365821218,0.0,0.0,0.0,0.12731329931305124,0.0,1.5318086982025578,0.27,0.06
1529,0.6428871717958725,0.22657213869871443,0.40739184354178315,0.0,0.0,0.008923189555374989,0.0,1.5224158670916368,0.27,0.06
1530,0.5877671797537201,0.10393286755641139,0.48383431219730866,0.0,0.0,0.0,0.0,1.5224158670916368,0.27,0.06
1531,0.8098540775271312,0.0052407295350079455,0.8046133479921233,0.0,0.0,0.0,0.0,1.5224158670916368,0.27,0.06
1532,1.2957157788979956,0.0,1.2957157788979956,0.0,0.0,0.0,0.0,1.5224158670916368,0.27,0.06
1533,0.9670563870952519,0.0,0.9670563870952523,0.0,0.0,-4.440892098500626e-16,0.0,1.5224158670916368,0.27,0.06
1534,0.7734713459964482,0.0,0.7734713459964482,0.0,0.0,0.0,0.0,1.5224158670916368,0.27,0.06
1535,0.4800490756233582,0.0,0.4800490756233582,0.0,0.0,0.0,0.0,1.5224158670916368,0.27,0.06
1536,0.06441558004312406,0.0,0.0,0.0,0.0,0.06441558004312406,0.0,1.4546099933620324,0.27,0.06
1537,0.06736033620885776,0.0,0.0,0.0,0.0,0.06736033620885776,0.0,1.3837043763000771,0.27,0.06
1538,0.0639850151729385,0.0,0.0,0.0,0.0,0.0639850151729385,0.0,1.3163517287496154,0.27,0.06
1539,0.06595331172235838,0.0,0.0,0.0,0.0,0.06595331172235838,0.0,1.2469271900945014,0.27,0.06
1540,0.06505373869000632,0.0,0.0,0.0,0.0,0.06505373869000632,0.0,1.1784495704208104,0.27,0.06
1541,0.06113252290795893,0.0,0.0,0.0,0.0,0.06113252290795893,0.0,1.1140995463071695,0.27,0.06
1542,0.06862896484422601,0.0,0.0,2.7755575615628914e-17,0.0,0.06862896484422604,0.0,1.0418585306816686,0.27,0.06
1543,0.40982086983272836,0.0,0.40982086983272836,0.0,0.0,0.0,0.0,1.0418585306816686,0.27,0.06
1544,0.5746272625546631,0.010650311431256835,0.5639769511234063,0.0,0.0,0.0,0.0,1.0418585306816686,0.27,0.06
1545,0.26033028463596763,0.05312745521390518,0.20720282942206245,0.0,0.0,0.0,0.0,1.0418585306816686,0.27,0.06
1546,0.20074318206563943,0.19880344813186632,0.0,0.0,0.0,0.0019397339337730469,0.0,1.0398167054882232,0.27,0.06
1547,0.195115084119642,0.45570049939766166,0.0,-0.0,0.26058541527801965,0.0,0.0,1.2873728500023418,0.27,0.06
1548,0.15673330140595423,0.9303464867121267,0.0,-0.0,0.7736131853061725,0.0,0.0,2.0223053760432057,0.27,0.06
1549,0.10462726345510062,0.4971638651549498,0.0,-1.1657341758564144e-15,0.39253660169985033,0.0,0.0,2.3952151476580634,0.27,0.06
1550,0.22848386155902592,0.2906757899232315,0.0,0.0,0.06219192836420559,0.0,0.0,2.4542974796040586,0.27,0.06
1551,0.09063390517406857,0.4609676499337017,0.0,-1.1102230246251565e-15,0.37033374475963426,0.0,0.0,2.806114537125711,0.27,0.06
1552,0.09052626395652225,0.3403315294851911,0.0,-8.326672684688674e-17,0.2498052655286689,0.0,0.0,3.0434295393779465,0.27,0.06
1553,0.0919409771014178,0.1871548177004117,0.0,-2.7755575615628914e-16,0.09521384059899418,0.0,0.0,3.1338826879469908,0.27,0.06
1554,0.0972307740779837,0.07619767581228354,0.0,0.0,0.0,0.021033098265700156,0.0,3.1117425845094115,0.27,0.06
1555,0.18026828475663526,0.01192515725115088,0.0,-2.7755575615628914e-17,0.0,0.16834312750548436,0.0,2.9345392923983757,0.27,0.06
1556,0.46428732591120686,0.0,0.0,0.0,0.0,0.46428732591120686,0.0,2.4458157914392107,0.27,0.06
1557,0.6251878801678863,0.0,0.0,0.0,0.0,0.6251878801678863,0.0,1.7877232859993304,0.27,0.06
1558,0.358391433820738,0.0,0.35839143382073796,0.0,0.0,5.551115123125783e-17,0.0,1.7877232859993304,0.27,0.06
1559,0.1064264095198047,0.0,0.0,0.0,0.0,0.1064264095198047,0.0,1.675695486504799,0.27,0.06
1560,0.18224426996445106,0.0,0.0,0.0,0.0,0.18224426996445106,0.0,1.4838594128580085,0.27,0.06
1561,0.13688887408543599,0.0,0.0,0.0,0.0,0.13688887408543596,0.0,1.3397658611891285,0.27,0.06
1562,0.05963323452070544,0.0,0.0,0.0,0.0,0.05963323452070544,0.0,1.2769940353778597,0.27,0.06
1563,0.07161985296033675,0.0,0.0,0.0,0.0,0.07161985296033675,0.0,1.201604716472242,0.27,0.06
1564,0.06014837463324894,0.0,0.0,0.0,0.0,0.06014837463324894,0.0,1.1382906379109272,0.27,0.06
1565,0.0655919447777383,0.0,0.0,0.0,0.0,0.0655919447777383,0.0,1.069246485513308,0.27,0.06
1566,0.06578416123764262,0.0,0.0,0.0,0.0,0.06578416123764262,0.0,1.0,0.27,0.06
1567,0.4310723216397465,0.0,0.4310723216397465,0.0,0.0,0.0,0.0,1.0,0.27,0.06
1568,0.4148723183990131,0.07069381048024297,0.34417850791877014,0.0,0.0,0.0,0.0,1.0,0.27,0.06
1569,0.49856336504133875,0.27839442833797357,0.22016893670336518,0.0,0.0,0.0,0.0,1.0,0.27,0.06
1570,0.4915513085840307,0.7129482423087904,0.0,-0.0,0.22139693372475971,0.0,0.0,1.2103270870385217,0.27,0.06
1571,0.3228006341048606,0.48466952105772254,0.0,-0.0,0.16186888695286195,0.0,0.0,1.3641025296437406,0.27,0.06
1572,0.39731911128055375,0.6995352021741152,0.0,-0.0,0.3022160908935615,0.0,0.0,1.651207815992624,0.27,0.06
1573,0.40695300025095693,0.5599276254225761,0.0,-0.0,0.1529746251716192,0.0,0.0,1.7965337099056622,0.27,0.06
1574,0.32486888321343127,0.25053171515142847,0.0,0.0,0.0,0.0743371680620028,0.0,1.7182840593140802,0.27,0.06
1575,0.3268448684212475,0.5062541418152634,0.0,-8.049116928532385e-16,0.17940927339401672,0.0,0.0,1.8887228690383961,0.27,0.06
1576,0.31342815951992753,0.5520620332291841,0.0,-1.1102230246251565e-16,0.2386338737092567,0.0,0.0,2.11542504906219,0.27,0.06
1577,0.31129071248579177,0.42856514012906005,0.0,-1.6653345369377348e-16,0.11727442764326845,0.0,0.0,2.226835755323295,0.27,0.06
1578,0.0791470495301885,0.0849439365163401,0.0,0.0,0.005796886986151592,0.0,0.0,2.232342797960139,0.27,0.06
1579,0.6629007496011072,0.019144702091726494,0.6437560475093808,0.0,0.0,0.0,0.0,2.232342797960139,0.27,0.06
1580,1.1201837077134011,0.0,1.1201837077134011,0.0,0.0,0.0,0.0,2.232342797960139,0.27,0.06
1581,0.9657954471182799,0.0,0.9657954471182799,0.0,0.0,0.0,0.0,2.232342797960139,0.27,0.06
1582,0.7481987258482325,0.0,0.7481987258482325,0.0,0.0,0.0,0.0,2.232342797960139,0.27,0.06
1583,0.6414801473093732,0.0,0.6414801473093732,0.0,0.0,0.0,0.0,2.232342797960139,0.27,0.06
1584,0.19788300114226393,0.0,0.0,0.0,0.0,0.19788300114226393,0.0,2.024044902020914,0.27,0.06
1585,0.08396783834458794,0.0,0.0,0.0,0.0,0.08396783834458794,0.0,1.935657703763453,0.27,0.06
1586,0.08397552700298425,0.0,0.0,0.0,0.0,0.08397552700298425,0.0,1.8472624121813643,0.27,0.06
1587,0.17701598225505474,0.0,0.0,0.0,0.0,0.17701598225505474,0.0,1.6609297992813068,0.27,0.06
1588,0.13001521347925882,0.0,0.0,0.0,0.0,0.13001521347925882,0.0,1.5240716798294554,0.27,0.06
1589,0.08865791996625257,0.0,0.0,0.0,0.0,0.08865791996625257,0.0,1.4307475535491896,0.27,0.06
1590,0.08068478120942281,0.0,0.0,0.0,0.0,0.08068478120942281,0.0,1.3458162049076918,0.27,0.06
1591,0.16763581901172536,0.0,0.0,0.0,0.0,0.16763581901172536,0.0,1.169357448053244,0.27,0.06
1592,0.552653076858405,0.06818582528148744,0.4844672515769176,0.0,0.0,0.0,0.0,1.169357448053244,0.27,0.06
1593,0.5392056133235013,0.12971986867314103,0.2485961689997784,0.0,0.0,0.16088957565058185,0.0,1.0,0.27,0.06
1594,0.18786467925205233,0.24540791426216937,0.0,0.0,0.057543235010117044,0.0,0.0,1.0546660732596111,0.27,0.06
1595,0.08580542770127295,0.6729146462855679,0.0,-0.0,0.5871092185842949,0.0,0.0,1.6124198309146913,0.27,0.06
1596,0.08375255590949525,1.053080967560654,0.0,-0.0,0.9693284116511588,0.0,0.0,2.533281821983292,0.27,0.06
1597,0.08650509561532457,0.654759664087056,0.0,-0.0,0.5682545684717314,0.0,0.0,3.073123662031437,0.27,0.06
1598,0.08072322450140369,0.35127766383583614,0.0,-0.0,0.27055443933443246,0.0,0.0,3.330150379399148,0.27,0.06
1599,0.09164111942396706,0.34682827204728583,0.0,-0.0,0.25518715262331876,0.0,0.0,3.5725781743913005,0.27,0.06
1600,0.08244548398214606,0.3861886171105434,0.0,-5.551115123125783e-17,0.3037431331283974,0.0,0.0,3.861134150863278,0.27,0.06
1601,0.12011991012338619,0.1625923442822978,0.0,5.551115123125783e-17,0.042472434158911554,0.0,0.0,3.901482963314244,0.27,0.06
1602,0.182613325567467,0.13396634010591574,0.0,0.0,0.0,0.04864698546155127,0.0,3.850275610196822,0.27,0.06
1603,0.22663089488554855,0.008634103112337952,0.0,-8.326672684688674e-17,0.0,0.21799679177321052,0.0,3.6208053030671263,0.27,0.06
1604,0.7538498897694188,0.0,0.0,0.0,0.0,0.7538498897694188,0.0,2.8272791033098432,0.27,0.06
1605,0.8043720640906612,0.0,0.0,0.0,0.0,0.8043720640906612,0.0,1.980571667424937,0.27,0.06
1606,0.7161985296033668,0.0,0.7161985296033668,0.0,0.0,0.0,0.0,1.9805716674249367,0.27,0.06
1607,0.522851836914845,0.0,0.5228518369148452,0.0,0.0,-1.1102230246251565e-16,0.0,1.980571667424937,0.27,0.06
1608,0.11265422282070363,0.0,0.0,0.0,0.0,0.11265422282070363,0.0,1.861988274982091,0.27,0.06
1609,0.06539972831783405,0.0,0.0,0.0,0.0,0.06539972831783405,0.0,1.7931464557001604,0.27,0.06
1610,0.07185820137061799,0.0,0.07185820137061799,0.0,0.0,0.0,0.0,1.7931464557001604,0.27,0.06
1611,0.06885962459611118,0.0,0.03376081175853681,0.0,0.0,0.03509881283757437,0.0,1.7562003369237664,0.27,0.06
1612,0.06696052597225681,0.0,0.0,0.0,0.0,0.06696052597225681,0.0,1.6857155727424435,0.27,0.06
1613,0.06861358752743368,0.0,0.0,0.0,0.0,0.06861358752743368,0.0,1.6134907437661976,0.27,0.06
1614,0.06310850811577501,0.0,0.0,1.3877787807814457e-17,0.0,0.06310850811577502,0.0,1.5470607352232766,0.27,0.06
1615,0.21099216370773588,0.0,0.0,0.0,0.0,0.21099216370773588,0.0,1.3249637207940808,0.27,0.06
1616,0.4425668659420231,0.049541376758212276,0.3930254891838108,0.0,0.0,0.0,0.0,1.3249637207940808,0.27,0.06
1617,0.4900058882464,0.20155380505456597,0.0,0.0,0.0,0.288452083191834,0.0,1.0213299490132028,0.27,0.06
1618,0.4807718095125988,0.4605083579500561,0.0,0.0,0.0,0.020263451562542667,0.0,1.0,0.27,0.06
1619,0.4315413298019131,1.7820856203016517,0.0,0.011935282477747666,1.338609008021991,0.0,0.0,2.2716785576208913,0.27,0.06
1620,0.40130952498816685,2.143434497459135,0.0,-0.0,1.742124972470968,0.0,0.0,3.9266972814683108,0.27,0.06
1621,0.32451520492720687,1.5623084010540305,0.0,-0.0,1.2377931961268236,0.0,0.0,5.102600817788793,0.27,0.06
1622,0.32814425169020056,1.382415904495927,0.0,-0.0,1.0542716528057263,0.0,0.0,6.104158887954233,0.27,0.06
1623,0.1809910186458752,0.9310419251208026,0.0,-0.0,0.7500509064749274,0.0,0.0,6.816707249105414,0.27,0.06
1624,0.09304045525207032,0.20631480067753274,0.0,-0.0,0.11327434542546243,0.0,0.0,6.924317877259603,0.27,0.06
1625,0.08259156849167332,0.2355947487115585,0.0,9.159339953157541e-16,0.15300318021988427,0.0,0.0,7.069670898468493,0.27,0.06
1626,0.07640219848275537,0.09769145424378013,0.0,0.0,0.021289255761024764,0.0,0.0,7.089895691441466,0.27,0.06
1627,0.07673281079379075,0.010465010400199074,0.0,-1.3877787807814457e-17,0.0,0.06626780039359166,0.0,7.020140112079791,0.27,0.06
1628,0.22744589267554263,0.0,0.0,0.0,0.0,0.22744589267554263,0.0,6.780723382947641,0.27,0.06
1629,0.0830913312874245,0.0,0.0,0.0,0.0,0.0830913312874245,0.0,6.69325882369772,0.27,0.06
1630,0.12254183751817993,0.0,0.0,0.0,0.0,0.12254183751817993,0.0,6.5642674157838465,0.27,0.06
1631,0.219664970378617,0.0,0.0,2.7755575615628914e-17,0.0,0.21966497037861704,0.0,6.333041131174776,0.27,0.06
1632,0.21622814007552876,0.0,0.0,5.551115123125783e-17,0.0,0.21622814007552882,0.0,6.10543256267422,0.27,0.06
1633,0.07751705395020012,0.0,0.0,0.0,0.0,0.07751705395020012,0.0,6.0238356637792725,0.27,0.06
1634,0.067598684619139,0.0,0.0,0.0,0.0,0.067598684619139,0.0,5.952679153653863,0.27,0.06
1635,0.07282697232853569,0.0,0.0,0.0,0.0,0.07282697232853569,0.0,5.87601918278172,0.27,0.06
1636,0.22337859238396834,0.0,0.0,0.0,0.0,0.22337859238396834,0.0,5.640883822377543,0.27,0.06
1637,0.0656457653865115,0.0,0.0,0.0,0.0,0.0656457653865115,0.0,5.57178301670753,0.27,0.06
1638,0.07084329846232344,0.0,0.0,-1.3877787807814457e-17,0.0,0.07084329846232343,0.0,5.497211123589295,0.27,0.06
1639,0.06617628281584743,0.0,0.0,0.0,0.0,0.06617628281584743,0.0,5.427551878519982,0.27,0.06
1640,0.14696870524281644,0.022850704654459434,0.0,0.0,0.0,0.12411800058835701,0.0,5.296901351584869,0.27,0.06
1641,0.29555971740722536,0.12851061129559943,0.0,0.0,0.0,0.16704910611162593,0.0,5.121060187256842,0.27,0.06
1642,0.5276495597540556,0.6699850812625643,0.0,-1.3600232051658168e-15,0.14233552150851006,0.0,0.0,5.256278932689926,0.27,0.06
1643,0.7270087833083837,1.704677950191031,0.0,0.0,0.9776691668826473,0.0,0.0,6.185064641228441,0.27,0.06
1644,0.5085278663227769,2.0201916262796122,0.0,-1.3322676295501878e-15,1.5116637599568366,0.0,0.0,7.621145213187435,0.27,0.06
1645,0.41849367650361,1.1049792457729433,0.0,-0.0,0.6864855692693332,0.0,0.0,8.273306503993302,0.27,0.06
1646,0.3965271794657488,1.2513200210838014,0.0,-0.0,0.8547928416180526,0.0,0.0,9.085359703530452,0.27,0.06
1647,0.5009007171937756,1.2507528666370191,0.0,-0.0,0.7498521494432435,0.0,0.0,9.797719245501533,0.27,0.06
1648,0.7387801193129225,0.8338757063787421,0.0,-0.0,0.09509558706581955,0.0,0.0,9.888060053214062,0.27,0.06
1649,0.47826530687544727,0.5960968298080134,0.0,-0.0,0.1178315229325661,0.0,0.0,10.0,0.27,0.06
1650,0.5134255417211394,0.3967617657490663,0.0,0.0,0.0,0.11666377597207311,0.0,9.877196025292555,0.27,0.06
1651,0.26985653238882434,0.03416294122858299,0.0,0.0,0.0,0.23569359116024136,0.0,9.629097508281776,0.27,0.06
1652,0.6960926878973787,0.0,0.0,0.0,0.0,0.6960926878973787,0.0,8.896368363126639,0.27,0.06
1653,0.5014081686479225,0.0,0.0,0.0,0.0,0.5014081686479225,0.0,8.368570290865668,0.27,0.06
1654,0.7636990611749144,0.0,0.0,0.0,0.0,0.7636990611749144,0.0,7.564676542260495,0.27,0.06
1655,0.7999433968544662,0.0,0.0,0.0,0.0,0.7999433968544662,0.0,6.722630861361057,0.27,0.06
1656,0.6567498228841694,0.0,0.0,1.1102230246251565e-16,0.0,0.6567498228841695,0.0,6.0313152583250895,0.27,0.06
1657,0.5652086560193537,0.0,0.0,0.0,0.0,0.5652086560193537,0.0,5.436358778304717,0.27,0.06
1658,0.5494238403320131,0.0,0.0,0.0,0.0,0.5494238403320131,0.0,4.858017893744703,0.27,0.06
1659,0.5564897173980938,0.0,0.0,0.0,0.0,0.5564897173980938,0.0,4.272239243851973,0.27,0.06
1660,0.5590807952776045,0.0,0.0,0.0,0.0,0.5590807952776045,0.0,3.683733143559758,0.27,0.06
1661,0.560003434285145,0.0,0.0,0.0,0.0,0.560003434285145,0.0,3.094255844312237,0.27,0.06
1662,0.5692298243605507,0.0,0.0,0.0,0.0,0.5692298243605507,0.0,2.4950665555116576,0.27,0.06
1663,0.6903492600754394,0.00018687273823016527,0.0,0.0,0.0,0.6901623873372095,0.0,1.7685798319988055,0.27,0.06
1664,0.7763315269198237,0.13450930296626393,0.294954199222495,0.0,0.0,0.3468680247310647,0.0,1.40345559543979,0.27,0.06
1665,0.5545598641406557,0.17127704847285524,0.0,0.0,0.0,0.3832828156678005,0.0,1.0,0.27,0.06
1666,0.5994923838078813,0.8186213209365818,0.0,8.326672684688674e-16,0.21912893712869969,0.0,0.0,1.2081724902722648,0.27,0.06
1667,0.3012954565707695,1.8678387165580772,0.0,0.0,1.5665432599873077,0.0,0.0,2.6963885872602074,0.27,0.06
1668,0.163161019825154,1.5036031811770583,0.0,6.661338147750939e-16,1.3404421613519035,0.0,0.0,3.9698086405445157,0.27,0.06
1669,0.4383996130912976,1.4677180159627912,0.0,0.0,1.0293184028714935,0.0,0.0,4.947661123272434,0.27,0.06
1670,0.7448926027378794,2.374514848553271,0.0,0.0,1.629622245815392,0.0,0.0,6.495802256797057,0.27,0.06
1671,0.3526556946571943,1.2979089151907777,0.0,-0.0,0.9452532205335833,0.0,0.0,7.393792816303961,0.27,0.06
1672,0.600830210368815,0.4521359434740081,0.0,0.0,0.0,0.14869426689480691,0.0,7.237272535362059,0.27,0.06
1673,0.34177624302661175,0.3027588264777153,0.0,0.0,0.0,0.039017416548896455,0.0,7.196201570573747,0.27,0.06
1674,0.4831399162986194,0.24837109366867835,0.0,0.0,0.0,0.23476882262994106,0.0,6.949076494121178,0.27,0.06
1675,0.6951239169394613,0.04162135140764674,0.0,0.0,0.0,0.6535025655318145,0.0,6.261179056719268,0.27,0.06
1676,1.0423667960857506,0.0,0.0,0.0,0.0,1.0423667960857506,0.0,5.163950850313214,0.27,0.06
1677,0.7865805085619193,0.0,0.0,0.0,0.0,0.7865805085619193,0.0,4.335971367616457,0.27,0.06
1678,0.6465700391676381,0.0,0.0,0.0,0.0,0.6465700391676381,0.0,3.655371326387364,0.27,0.06
1679,0.5645320540804893,0.0,0.0,1.1102230246251565e-16,0.0,0.5645320540804895,0.0,3.0611270589342174,0.27,0.06
1680,0.20640203464522133,0.0,0.0,0.0,0.0,0.20640203464522133,0.0,2.8438617593076687,0.27,0.06
1681,0.07322678256513651,0.0,0.0,1.942890293094024e-16,0.0,0.0732267825651367,0.0,2.7667809355548934,0.27,0.06
1682,0.06491534283887525,0.0,0.0,0.0,0.0,0.06491534283887525,0.0,2.6984489957244984,0.27,0.06
1683,0.07359583816815282,0.0,0.0,0.0,0.0,0.07359583816815282,0.0,2.620979692389601,0.27,0.06
1684,0.06351600701077206,0.0,0.0,0.0,0.0,0.06351600701077206,0.0,2.5541207376414197,0.27,0.06
1685,0.06852901228507581,0.0,0.0,0.0,0.0,0.06852901228507581,0.0,2.4819849352360768,0.27,0.06
1686,0.06524595514991055,0.0,0.0,0.0,0.0,0.06524595514991055,0.0,2.4133049824466974,0.27,0.06
1687,0.2662121083090388,0.007281550521124291,0.0,0.0,0.0,0.2589305577879141,0.0,2.1407465005646826,0.27,0.06
1688,0.36778697438085955,0.138664940891306,0.0,0.0,0.0,0.22912203348955357,0.0,1.899565412680942,0.27,0.06
1689,0.5079358396262719,0.3544457203575677,0.0,0.0,0.0,0.15349011926870415,0.0,1.737996866082306,0.27,0.06
1690,0.5097964949581456,0.47769664285263536,0.0,0.0,0.0,0.03209985210551025,0.0,1.7042075480765058,0.27,0.06
1691,0.43587773313735373,0.6971727424239899,0.0,-1.1102230246251565e-16,0.26129500928663624,0.0,0.0,1.9524378068988102,0.27,0.06
1692,0.4467264301343519,2.0757063950233547,0.0,-1.3322676295501878e-15,1.6289799648890042,0.0,0.0,3.4999687735433644,0.27,0.06
1693,0.3605288808548741,1.0101395756045117,0.0,0.0,0.6496106947496376,0.0,0.0,4.11709893355552,0.27,0.06
1694,0.23828690101414457,0.6188400961516083,0.0,-9.43689570931383e-16,0.38055319513746466,0.0,0.0,4.478624468936112,0.27,0.06
1695,0.2669425308566755,0.6494349875084824,0.0,0.0,0.38249245665180687,0.0,0.0,4.841992302755329,0.27,0.06
1696,0.219434310626732,0.7851237870184008,0.0,-0.0,0.5656894763916688,0.0,0.0,5.379397305327414,0.27,0.06
1697,0.3047245982154615,0.4998620602138949,0.0,-0.0,0.1951374619984334,0.0,0.0,5.564777894225925,0.27,0.06
1698,0.34168397912585813,0.2002956303991019,0.0,0.0,0.0,0.14138834872675624,0.0,5.415948053460919,0.27,0.06
1699,0.32712934878190564,0.009134930967821406,0.0,0.0,0.0,0.3179944178140842,0.0,5.08121708734083,0.27,0.06
1700,0.7764391681373701,0.0,0.0,0.0,0.0,0.7764391681373701,0.0,4.263912699827809,0.27,0.06
1701,0.5235053728785194,0.0,0.0,0.0,0.0,0.5235053728785194,0.0,3.7128544125872627,0.27,0.06
1702,0.6464470206332996,0.0,0.0,0.0,0.0,0.6464470206332996,0.0,3.0323838645522105,0.27,0.06
1703,0.47627394435083753,0.0,0.0,5.551115123125783e-17,0.0,0.4762739443508376,0.0,2.5310428704986974,0.27,0.06
1704,0.07419555352305413,0.0,0.0,0.0,0.0,0.07419555352305413,0.0,2.452942287842851,0.27,0.06
1705,0.07388031852881106,0.0,0.0,0.0,0.0,0.07388031852881106,0.0,2.375173531496734,0.27,0.06
1706,0.0670374125562185,0.0,0.0,0.0,0.0,0.0670374125562185,0.0,2.3046078340691354,0.27,0.06
1707,0.07005905530591387,0.0,0.0,0.0,0.0,0.07005905530591387,0.0,2.2308614600629104,0.27,0.06
1708,0.06845981435951032,0.0,0.0,0.0,0.0,0.06845981435951032,0.0,2.1587984975792156,0.27,0.06
1709,0.06705278987301089,0.0,0.0,0.0,0.0,0.06705278987301089,0.0,2.088216613502362,0.27,0.06
1710,0.06955929251016274,0.0,0.0,0.0,0.0,0.06955929251016274,0.0,2.0149963055969273,0.27,0.06
1711,0.2960594802029768,0.003914955247993381,0.0,0.0,0.0,0.29214452495498344,0.0,1.7074757530127342,0.27,0.06
1712,0.3565922877560338,0.07094369404157266,0.0,0.0,0.0,0.28564859371446116,0.0,1.4067930227869856,0.27,0.06
1713,0.3072311008526138,0.11157018907469758,0.0,0.0,0.0,0.19566091177791625,0.0,1.2008341682839159,0.27,0.06
1714,0.1513512405286345,0.35290912485355397,0.0,-8.604228440844963e-16,0.20155788432492033,0.0,0.0,1.3923141583925902,0.27,0.06
1715,0.064723126378971,0.5948628439950315,0.0,-1.1102230246251565e-16,0.5301397176160606,0.0,0.0,1.8959468901278478,0.27,0.06
1716,0.07467225034361681,1.0636488356837916,0.0,-1.2212453270876722e-15,0.9889765853401761,0.0,0.0,2.835474646201015,0.27,0.06
1717,0.06460779650302843,0.4734658077723729,0.0,-5.551115123125783e-17,0.4088580112693445,0.0,0.0,3.223889756906892,0.27,0.06
1718,0.06800618351413619,0.3416624190672215,0.0,-9.43689570931383e-16,0.27365623555308627,0.0,0.0,3.483863180682324,0.27,0.06
1719,0.07368041341051063,0.2355301473685821,0.0,-8.326672684688674e-17,0.16184973395807156,0.0,0.0,3.637620427942492,0.27,0.06
1720,0.06380817602982662,0.11798109317811495,0.0,-8.881784197001252e-16,0.054172917148289215,0.0,0.0,3.689084699233367,0.27,0.06
1721,0.07596394495417357,0.1740284170035085,0.0,0.0,0.09806447204933492,0.0,0.0,3.7822459476802353,0.27,0.06
1722,0.2442609885879697,0.17150691387406974,0.0,0.0,0.0,0.07275407471389997,0.0,3.7056627111392877,0.27,0.06
1723,0.46118110791915373,0.03350466523135656,0.0,0.0,0.0,0.42767644268779714,0.0,3.255476981994238,0.27,0.06
1724,0.7692348952201581,0.0,0.0,0.0,0.0,0.7692348952201581,0.0,2.4457560396572298,0.27,0.06
1725,0.4409522476788267,0.0,0.44095224767882674,0.0,0.0,-5.551115123125783e-17,0.0,2.4457560396572298,0.27,0.06
1726,0.1525276052632485,0.0,0.1525276052632485,0.0,0.0,0.0,0.0,2.4457560396572298,0.27,0.06
1727,0.48953688008423313,0.0,0.48953688008423313,0.0,0.0,0.0,0.0,2.4457560396572298,0.27,0.06
1728,0.3915449288250294,0.0,0.0,0.0,0.0,0.3915449288250294,0.0,2.033603482999304,0.27,0.06
1729,0.096930916400533,0.0,0.0,0.0,0.0,0.096930916400533,0.0,1.9315709394197957,0.27,0.06
1730,0.080200395730464,0.0,0.0,0.0,0.0,0.080200395730464,0.0,1.8471494702298337,0.27,0.06
1731,0.08904235288606113,0.0,0.0,0.0,0.0,0.08904235288606113,0.0,1.7534206777181904,0.27,0.06
1732,0.08541330612306819,0.0,0.0,0.0,0.0,0.08541330612306819,0.0,1.66351193443075,0.27,0.06
1733,0.08499811856967494,0.0,0.0,0.0,0.0,0.08499811856967494,0.0,1.5740402306731975,0.27,0.06
1734,0.08599764416117732,0.0,0.0,0.0,0.0,0.08599764416117732,0.0,1.4835163947140635,0.27,0.06
1735,0.4402372024479828,0.005121496321120587,0.0,0.0,0.0,0.4351157061268621,0.0,1.0254998619489455,0.27,0.06
1736,0.36869423607160745,0.06528302812840366,0.3034112079432038,0.0,0.0,0.0,0.0,1.0254998619489455,0.27,0.06
1737,0.31797984529046064,0.09265090414972049,0.20110407228924188,0.0,0.0,0.024224868851498216,0.0,1.0,0.27,0.06
1738,0.30960689629703064,0.5167025799659146,0.0,0.20709568366888398,0.0,0.0,0.0,1.0,0.27,0.06
1739,0.19095551992731333,1.2571202232428642,0.0,1.0661647033155508,0.0,0.0,0.0,1.0,0.27,0.06
1740,0.2446761761413632,2.055819497044146,0.0,0.0,1.8111433209027827,0.0,0.0,2.7205861548576435,0.27,0.06
1741,0.4411675301139194,2.5951789608553573,0.0,0.6035488769483979,1.5504625537930399,0.0,0.0,4.1935255809610315,0.27,0.06
1742,0.34620491026280686,1.5139047166258903,0.0,0.0,1.1676998063630835,0.0,0.0,5.302840397005961,0.27,0.06
1743,0.19848271649716492,1.004837916539285,0.0,-1.1102230246251565e-16,0.80635520004212,0.0,0.0,6.068877837045975,0.27,0.06
1744,0.19954375135583646,0.3418115456366488,0.0,0.0,0.14226779428081232,0.0,0.0,6.204032241612747,0.27,0.06
1745,0.0699975460387445,0.22401378459272966,0.0,0.0,0.15401623855398516,0.0,0.0,6.350347668239033,0.27,0.06
1746,0.0933633789047095,0.20997485253059506,0.0,0.0,0.11661147362588556,0.0,0.0,6.461128568183624,0.27,0.06
1747,0.1720106656391467,0.019557991099013777,0.0,0.0,0.0,0.15245267454013292,0.0,6.300652068667695,0.27,0.06
1748,0.8889857497405275,0.0,0.0,0.0,0.0,0.8889857497405275,0.0,5.364877595256614,0.27,0.06
1749,0.6303392812933213,0.0,0.0,0.0,0.0,0.6303392812933213,0.0,4.701362562316276,0.27,0.06
1750,0.8229171081422262,0.0,0.0,0.0,0.0,0.8229171081422262,0.0,3.8351340274297216,0.27,0.06
1751,0.39982561391770566,0.0,0.0,0.0,0.0,0.39982561391770566,0.0,3.4142649601479267,0.27,0.06
1752,0.24653683147323613,0.0,0.0,0.0,0.0,0.24653683147323613,0.0,3.1547525059655728,0.27,0.06
1753,0.12317999616506224,0.0,0.0,0.0,0.0,0.12317999616506224,0.0,3.0250893521076128,0.27,0.06
1754,0.06350062969397968,0.0,0.0,0.0,0.0,0.06350062969397968,0.0,2.9582465840086867,0.27,0.06
1755,0.06974382031167094,0.0,0.0,0.0,0.0,0.06974382031167094,0.0,2.884832036312191,0.27,0.06
1756,0.06583029318801963,0.0,0.0,0.0,0.0,0.06583029318801963,0.0,2.8155369908511174,0.27,0.06
1757,0.19159367857419518,0.0,0.0,0.0,0.0,0.19159367857419518,0.0,2.6138594344572277,0.27,0.06
1758,0.06476156967095181,0.0,0.0,0.0,0.0,0.06476156967095181,0.0,2.5456893611193836,0.27,0.06
1759,0.4354779229007528,0.005872981733479769,0.0,0.0,0.0,0.42960494116727305,0.0,2.093473633574886,0.27,0.06
1760,0.4657558596648756,0.08848020661941634,0.0,0.0,0.0,0.37727565304545924,0.0,1.6963413672112446,0.27,0.06
1761,0.31179047528154374,0.0956691741457727,0.0,0.0,0.0,0.21612130113577105,0.0,1.4688452607525382,0.27,0.06
1762,0.2833039959237278,0.655264402538564,0.0,-0.0,0.3719604066148362,0.0,0.0,1.8222076470366326,0.27,0.06
1763,0.411274026269605,2.352809905502846,0.0,-0.0,1.9415358792332411,0.0,0.0,3.6666667323082116,0.27,0.06
1764,0.32988188848773436,2.3937258203058924,0.0,-0.0,2.063843931818158,0.0,0.0,5.627318467535462,0.27,0.06
1765,0.102851183365585,0.7522318855213925,0.0,-1.1102230246251565e-16,0.6493807021558077,0.0,0.0,6.244230134583479,0.27,0.06
1766,0.0969539823757215,0.6614783487282923,0.0,0.0,0.5645243663525708,0.0,0.0,6.780528282618421,0.27,0.06
1767,0.2161128101995859,0.5047162623926505,0.0,-5.551115123125783e-17,0.2886034521930647,0.0,0.0,7.054701562201833,0.27,0.06
1768,0.6177837021323724,0.4266198286118762,0.0,0.0,0.0,0.19116387352049624,0.0,6.853476432180258,0.27,0.06
1769,0.16687464183050463,0.12308898514921278,0.0,0.0,0.0,0.04378565668129185,0.0,6.807386267252583,0.27,0.06
1770,0.1739174529213975,0.11907029791952989,0.0,0.0,0.0,0.0548471550018676,0.0,6.749652419882196,0.27,0.06
1771,0.47937247368449565,0.046288676397074575,0.0,0.0,0.0,0.4330837972874211,0.0,6.293774738527016,0.27,0.06
1772,0.8265999755139926,0.0,0.0,0.0,0.0,0.8265999755139926,0.0,5.423669501143866,0.27,0.06
1773,0.7710494186016543,0.0,0.0,0.0,0.0,0.7710494186016543,0.0,4.612038534194756,0.27,0.06
1774,0.5394362730753856,0.0,0.0,0.0,0.0,0.5394362730753856,0.0,4.044210878325929,0.27,0.06
1775,0.26089155669888825,0.0,0.0,0.0,0.0,0.26089155669888825,0.0,3.769588187063941,0.27,0.06
1776,0.1751937702151618,0.0,0.0,0.0,0.0,0.1751937702151618,0.0,3.5851736921006125,0.27,0.06
1777,0.1801990868310694,0.0,0.0,0.0,0.0,0.1801990868310694,0.0,3.39549044280475,0.27,0.06
1778,0.1685430807024736,0.0,0.0,0.0,0.0,0.1685430807024736,0.0,3.2180766736442514,0.27,0.06
1779,0.17845376137513858,0.0,0.0,0.0,0.0,0.17845376137513858,0.0,3.0302306090388424,0.27,0.06
1780,0.17733121724929754,0.0,0.0,0.0,0.0,0.17733121724929754,0.0,2.8435661698290557,0.27,0.06
1781,0.17353302000158882,0.0,0.0,0.0,0.0,0.17353302000158882,0.0,2.660899832985278,0.27,0.06
1782,0.1764393328753416,0.0,0.0,0.0,0.0,0.1764393328753416,0.0,2.475174219432287,0.27,0.06
1783,0.30649298964658095,0.0010309952757863378,0.0,0.0,0.0,0.30546199437079463,0.0,2.1536352779893453,0.27,0.06
1784,0.22879909655326902,0.09254481275959908,0.0,0.0,0.0,0.13625428379366994,0.0,2.0102097161012717,0.27,0.06
1785,0.4512089179793194,0.3694424923130355,0.0,0.0,0.0,0.08176642566628389,0.0,1.9241397943472887,0.27,0.06
1786,0.4929660217289257,0.6704850222332647,0.0,-0.0,0.177519000504339,0.0,0.0,2.0927828448264107,0.27,0.06
1787,0.27425444499143453,1.449089858458358,0.0,-0.0,1.1748354134669234,0.0,0.0,3.208876487619988,0.27,0.06
1788,0.06713736511536882,1.2124399962343628,0.0,-0.0,1.145302631118994,0.0,0.0,4.296913987183032,0.27,0.06
1789,0.07284234964532793,1.5790413165263792,0.0,-0.0,1.5061989668810514,0.0,0.0,5.727803005720031,0.27,0.06
1790,0.06359289359473369,1.5498606722617483,0.0,0.0,1.4862677786670146,0.0,0.0,7.139757395453695,0.27,0.06
1791,0.07715568700558012,0.7539729361101342,0.0,-1.1102230246251565e-16,0.6768172491045542,0.0,0.0,7.782733782103022,0.27,0.06
1792,0.06363902554511075,0.22386595565613507,0.0,0.0,0.16022693011102432,0.0,0.0,7.934949365708495,0.27,0.06
1793,0.07604852019653144,0.2200264737086965,0.0,-8.326672684688674e-17,0.14397795351216514,0.0,0.0,8.071728421545052,0.27,0.06
1794,0.21154574711226032,0.19481766948052026,0.0,0.0,0.0,0.016728077631740057,0.0,8.054119918774798,0.27,0.06
1795,0.8316744900554657,0.05100493571755529,0.0,0.0,0.0,0.7806695543379104,0.0,7.232362493155946,0.27,0.06
1796,0.8635824223995768,0.0,0.0,-1.1102230246251565e-16,0.0,0.8635824223995767,0.0,6.3233283643142855,0.27,0.06
1797,0.36257406398825553,0.0,0.0,0.0,0.0,0.36257406398825553,0.0,5.9416714548529646,0.27,0.06
1798,0.3645269832208824,0.0,0.0,0.0,0.0,0.3645269832208824,0.0,5.557958840936246,0.27,0.06
1799,0.43022656921616814,0.0,0.0,0.0,0.0,0.43022656921616814,0.0,5.105088768077122,0.27,0.06
1800,0.25434081974535094,0.0,0.0,0.0,0.0,0.25434081974535094,0.0,4.837361589397806,0.27,0.06
1801,0.10509627161726706,0.0,0.0,0.0,0.0,0.10509627161726706,0.0,4.72673393506384,0.27,0.06
1802,0.06969768836129381,0.0,0.0,0.0,0.0,0.06969768836129381,0.0,4.653367947315109,0.27,0.06
1803,0.06379279871303425,0.0,0.0,-4.163336342344337e-17,0.0,0.06379279871303421,0.0,4.586217632880336,0.27,0.06
1804,0.06837523911715232,0.0,0.0,0.0,0.0,0.06837523911715232,0.0,4.514243696967545,0.27,0.06
1805,0.06193214338116075,0.0,0.0,0.0,0.0,0.06193214338116075,0.0,4.449051967092638,0.27,0.06
1806,0.06498454076444075,0.0,0.0,0.0,0.0,0.06498454076444075,0.0,4.380647187340595,0.27,0.06
1807,0.16137725107724163,0.0,0.0,0.0,0.0,0.16137725107724163,0.0,4.210776396732973,0.27,0.06
1808,0.29426033413827224,0.04949674370671428,0.0,0.0,0.0,0.24476359043155796,0.0,3.9531305120681752,0.27,0.06
1809,0.41179685504054503,0.20526502138393465,0.0,0.0,0.0,0.20653183365661038,0.0,3.7357285819033224,0.27,0.06
1810,0.32296209593117997,0.42090917255836113,0.0,-0.0,0.09794707662718116,0.0,0.0,3.8287783046991444,0.27,0.06
1811,0.3903839414072069,0.5085929737619215,0.0,-0.0,0.11820903235471458,0.0,0.0,3.9410768854361233,0.27,0.06
1812,0.3199942737902575,0.5718834361745776,0.0,-0.0,0.2518891623843201,0.0,0.0,4.1803715897012275,0.27,0.06
1813,0.34260661813339827,1.3680278364616172,0.0,-0.0,1.025421218328219,0.0,0.0,5.154521747113035,0.27,0.06
1814,0.4140496319506234,1.304766656116226,0.0,-0.0,0.8907170241656027,0.0,0.0,6.000702920070358,0.27,0.06
1815,0.345866609293375,0.9864763474621095,0.0,0.0,0.6406097381687346,0.0,0.0,6.609282171330656,0.27,0.06
1816,0.44087536109486497,0.397449045087585,0.0,0.0,0.0,0.043426316007279975,0.0,6.563570259744045,0.27,0.06
1817,0.18948698617364457,0.2256322660201644,0.0,0.0,0.03614527984651983,0.0,0.0,6.597908275598239,0.27,0.06
1818,0.6303623472685098,0.2904718840274097,0.0,0.0,0.0,0.3398904632411001,0.0,6.240128840607607,0.27,0.06
1819,0.497287047747575,0.039075914239407344,0.0,0.0,0.0,0.45821113350816767,0.0,5.757801331651641,0.27,0.06
1820,0.5712365642019519,0.0,0.0,0.0,0.0,0.5712365642019519,0.0,5.15649968512327,0.27,0.06
1821,0.9699934546025892,0.0,0.0,0.0,0.0,0.9699934546025892,0.0,4.135453943436335,0.27,0.06
1822,0.7398027108796145,0.0,0.0,0.0,0.0,0.7398027108796145,0.0,3.356714247773583,0.27,0.06
1823,0.2402013769547916,0.0,0.0,0.0,0.0,0.2402013769547916,0.0,3.1038706930843287,0.27,0.06
1824,0.06982070689563263,0.0,0.0,0.0,0.0,0.06982070689563263,0.0,3.0303752121415575,0.27,0.06
1825,0.06995141408836744,0.0,0.0,0.0,0.0,0.06995141408836744,0.0,2.956742144680118,0.27,0.06
1826,0.06485383357170595,0.0,0.0,0.0,0.0,0.06485383357170595,0.0,2.888474951446743,0.27,0.06
1827,0.07678663140256388,0.0,0.0,0.0,0.0,0.07678663140256388,0.0,2.807646918391413,0.27,0.06
1828,0.06759099596074288,0.0,0.0,0.0,0.0,0.06759099596074288,0.0,2.736498501590631,0.27,0.06
1829,0.07451078851729719,0.0,0.0,0.0,0.0,0.07451078851729719,0.0,2.658066092625055,0.27,0.06
1830,0.13023049591435162,0.0,0.0,0.0,0.0,0.13023049591435162,0.0,2.520981360083632,0.27,0.06
1831,0.39489718388576,0.011285289716884346,0.0,0.0,0.0,0.38361189416887564,0.0,2.1171793662216576,0.27,0.06
1832,0.7342438108591819,0.14372554305846028,0.0,0.0,0.0,0.5905182678007216,0.0,1.4955811895893196,0.27,0.06
1833,0.7120620313862269,0.24125990127637328,0.0,0.0,0.0,0.4708021301098536,0.0,1.0,0.27,0.06
1834,0.7403793602593263,1.111904331489629,0.0,0.3715249712303028,0.0,0.0,0.0,1.0,0.27,0.06
1835,0.8348037740227068,2.238870438791971,0.0,0.8303468065505413,0.5737198582187231,0.0,0.0,1.5450338653077869,0.27,0.06
1836,0.5119723852842619,3.0821158594257874,0.0,0.0,2.5701434741415254,0.0,0.0,3.986670165742236,0.27,0.06
1837,0.4773272905511138,2.394101208201571,0.0,-0.0,1.9167739176504575,0.0,0.0,5.80760538751017,0.27,0.06
1838,0.22653863098479468,0.7638538125022566,0.0,-0.0,0.5373151815174619,0.0,0.0,6.318054809951759,0.27,0.06
1839,0.22533920027499194,0.2878044343991804,0.0,-0.0,0.06246523412418847,0.0,0.0,6.377396782369738,0.27,0.06
1840,0.09707700091006032,0.12501676233522635,0.0,-0.0,0.027939761425166035,0.0,0.0,6.403939555723646,0.27,0.06
1841,0.09568535374035325,0.18719377833624062,0.0,0.0,0.09150842459588737,0.0,0.0,6.490872559089739,0.27,0.06
1842,0.10423514187689586,0.10586876571759023,0.0,-2.914335439641036e-16,0.0016336238406946535,0.0,0.0,6.492424501738399,0.27,0.06
1843,0.6362595482583737,0.04576670136700866,0.0,0.0,0.0,0.590492846891365,0.0,5.870853083958015,0.27,0.06
1844,0.8910078668987207,0.0,0.0,-1.1102230246251565e-16,0.0,0.8910078668987206,0.0,4.932950066169888,0.27,0.06
1845,0.7723795565041918,0.0,0.0,0.0,0.0,0.7723795565041918,0.0,4.119918954060212,0.27,0.06
1846,0.6255953790628838,0.0,0.0,0.0,0.0,0.6255953790628838,0.0,3.4613975024150716,0.27,0.06
1847,0.30891491704137564,0.0,0.0,0.0,0.0,0.30891491704137564,0.0,3.136223905529413,0.27,0.06
1848,0.2422311827713808,0.0,0.0,0.0,0.0,0.2422311827713808,0.0,2.881243713138486,0.27,0.06
1849,0.20250388483836287,0.0,0.0,0.0,0.0,0.20250388483836287,0.0,2.668081729098104,0.27,0.06
1850,0.18467388601764131,0.0,0.0,0.0,0.0,0.18467388601764131,0.0,2.473688164869008,0.27,0.06
1851,0.07924700208933869,0.0,0.0,0.0,0.0,0.07924700208933869,0.0,2.390270267932862,0.27,0.06
1852,0.0623703969097425,0.0,0.0,0.0,0.0,0.0623703969097425,0.0,2.3246172185541853,0.27,0.06
1853,0.06945933995101256,0.0,0.0,0.0,0.0,0.06945933995101256,0.0,2.2515021238689084,0.27,0.06
1854,0.06440020272633168,0.0,0.0,0.0,0.0,0.06440020272633168,0.0,2.1837124367885594,0.27,0.06
1855,0.29898117039352146,0.009639034192898454,0.0,0.0,0.0,0.289342136200623,0.0,1.8791417671036932,0.27,0.06
1856,0.45570678314108004,0.09350485090314807,0.0,0.0,0.0,0.36220193223793196,0.0,1.497876575274291,0.27,0.06
1857,0.4293808167925894,0.13199555901323573,0.0,5.551115123125783e-17,0.0,0.2973852577793537,0.0,1.18483946182234,0.27,0.06
1858,0.40338546275513315,1.1390567176040103,0.0,-1.1102230246251565e-16,0.7356712548488772,0.0,0.0,1.8837271539287732,0.27,0.06
1859,0.3771978922577731,1.8013994209006465,0.0,2.220446049250313e-16,1.4242015286428733,0.0,0.0,3.236718606139503,0.27,0.06
1860,0.24862045789859868,1.7515972535235362,0.0,0.0,1.5029767956249376,0.0,0.0,4.664546561983193,0.27,0.06
1861,0.10012939829334032,1.0959363088346992,0.0,-0.0,0.9958069105413588,0.0,0.0,5.6105631269974845,0.27,0.06
1862,0.12887729203662518,0.662962357787745,0.0,-0.0,0.5340850657511198,0.0,0.0,6.117943939461048,0.27,0.06
1863,0.4233375312931981,1.2525321770237483,0.0,-0.0,0.8291946457305501,0.0,0.0,6.90567885290507,0.27,0.06
1864,0.3575918133475362,0.3418322373095067,0.0,0.0,0.0,0.01575957603802952,0.0,6.889089825496618,0.27,0.06
1865,0.35563120545651183,0.21817767233460567,0.0,0.0,0.0,0.13745353312190617,0.0,6.744401895894612,0.27,0.06
1866,0.3201634242749738,0.19731583815050635,0.0,0.0,0.0,0.12284758612446744,0.0,6.6150886473425405,0.27,0.06
1867,0.3507719733501325,0.02366899218927661,0.0,0.0,0.0,0.3271029811608559,0.0,6.270769719804798,0.27,0.06
1868,0.7916242684698088,0.0,0.0,0.0,0.0,0.7916242684698088,0.0,5.4374810161523675,0.27,0.06
1869,1.0124886695582287,0.0,0.0,0.0,0.0,1.0124886695582287,0.0,4.371703469248969,0.27,0.06
1870,0.8435457786191544,0.0,0.0,1.1102230246251565e-16,0.0,0.8435457786191545,0.0,3.4837605443867017,0.27,0.06
1871,0.4648793526077125,0.0,0.0,0.0,0.0,0.4648793526077125,0.0,2.9944138574312147,0.27,0.06
1872,0.24958922885651647,0.0,0.0,0.0,0.0,0.24958922885651647,0.0,2.7316883533717236,0.27,0.06
1873,0.07069721395279618,0.0,0.0,0.0,0.0,0.07069721395279618,0.0,2.6572702334214116,0.27,0.06
1874,0.1644527144357107,0.0,0.0,0.0,0.0,0.1644527144357107,0.0,2.484162112962769,0.27,0.06
1875,0.12388735273750995,0.0,0.0,0.0,0.0,0.12388735273750995,0.0,2.353754373239074,0.27,0.06
1876,0.06453090991906663,0.0,0.0,0.0,0.0,0.06453090991906663,0.0,2.285827099640057,0.27,0.06
1877,0.06922099154073125,0.0,0.0,0.0,0.0,0.06922099154073125,0.0,2.2129628980182345,0.27,0.06
1878,0.063915817247373,0.0,0.0,0.0,0.0,0.063915817247373,0.0,2.145683090389421,0.27,0.06
1879,0.2663812587937547,0.01270448503444754,0.0,0.0,0.0,0.25367677375930714,0.0,1.878654907484887,0.27,0.06
1880,0.45434589060495745,0.08694719581899182,0.0,0.0,0.0,0.36739869478596565,0.0,1.4919194392891337,0.27,0.06
1881,0.5850069513894943,0.11768348406481731,0.0,5.551115123125783e-17,0.0,0.46732346732467706,0.0,1.0,0.27,0.06
1882,0.45801338065993125,0.824554432517616,0.0,0.3665410518576847,0.0,0.0,0.0,1.0,0.27,0.06
1883,0.5517073718756762,2.4646164761724,0.0,0.48751866083817585,1.425390443458548,0.0,0.0,2.3541209212856207,0.27,0.06
1884,0.4604353080547256,2.8404497939234226,0.0,0.0,2.380014485868697,0.0,0.0,4.615134682860883,0.27,0.06
1885,0.37273847038799374,1.851870996545911,0.0,0.0,1.4791325261579173,0.0,0.0,6.020310582710904,0.27,0.06
1886,0.17780791406986005,0.7988035637950172,0.0,-0.0,0.6209956497251571,0.0,0.0,6.610256449949803,0.27,0.06
1887,0.073472819633814,0.29403025007856903,0.0,-0.0,0.22055743044475504,0.0,0.0,6.81978600887232,0.27,0.06
1888,0.06805231546451318,0.06993679323463912,0.0,-0.0,0.0018844777701259446,0.0,0.0,6.82157626275394,0.27,0.06
1889,0.092040929660568,0.08770420122405315,0.0,0.0,0.0,0.00433672843651485,0.0,6.817011285452345,0.27,0.06
1890,0.068536700943472,0.068742169038039,0.0,0.00020546809456699344,0.0,0.0,0.0,6.817011285452345,0.27,0.06
1891,0.2897701576349085,0.013835141933393963,0.0,0.0,0.0,0.2759350157015145,0.0,6.526553374187593,0.27,0.06
1892,0.6977995700613286,0.0,0.0,0.0,0.0,0.6977995700613286,0.0,5.792027510965142,0.27,0.06
1893,0.5711519889595931,0.0,0.0,0.0,0.0,0.5711519889595931,0.0,5.190814891007676,0.27,0.06
1894,1.2372435317951112,0.0,0.0,0.0,0.0,1.2372435317951112,0.0,3.8884532785917694,0.27,0.06
1895,0.7272009997682881,0.0,0.0,0.0,0.0,0.7272009997682881,0.0,3.1229785419935716,0.27,0.06
1896,0.3274599610929406,0.0,0.0,1.1102230246251565e-16,0.0,0.32745996109294073,0.0,2.7782838461062656,0.27,0.06
1897,0.3224853991106175,0.0,0.0,0.0,0.0,0.3224853991106175,0.0,2.4388255312529834,0.27,0.06
1898,0.3117981639399394,0.0,0.0,0.0,0.0,0.3117981639399394,0.0,2.1106169376319945,0.27,0.06
1899,0.09366323658216019,0.0,0.0,0.0,0.0,0.09366323658216019,0.0,2.0120240570191945,0.27,0.06
1900,0.07265013318542368,0.0,0.0,0.0,0.0,0.07265013318542368,0.0,1.9355502326134855,0.27,0.06
1901,0.06480770162132887,0.0,0.0,0.0,0.0,0.06480770162132887,0.0,1.867331599327876,0.27,0.06
1902,0.07308069805560924,0.0,0.0,0.0,0.0,0.07308069805560924,0.0,1.7904045487430242,0.27,0.06
1903,0.14659964963980054,0.013816982439253335,0.0,0.0,0.0,0.1327826672005472,0.0,1.6506333201108694,0.27,0.06
1904,0.3296742947110377,0.0925933186459723,0.0,0.0,0.0,0.2370809760650654,0.0,1.4010743979371163,0.27,0.06
1905,0.33812413028843064,0.10715603537434343,0.0,0.0,0.0,0.2309680949140872,0.0,1.157950087501235,0.27,0.06
1906,0.30631615050346933,0.723443956594602,0.0,-1.1102230246251565e-16,0.4171278060911328,0.0,0.0,1.554221503287811,0.27,0.06
1907,0.3283826001004806,1.5641456961632698,0.0,6.661338147750939e-16,1.2357630960627886,0.0,0.0,2.7281964445474602,0.27,0.06
1908,0.4338786819543494,2.802003494952231,0.0,0.0,2.368124812997882,0.0,0.0,4.977915016895448,0.27,0.06
1909,0.5994078085655237,2.242952675837933,0.0,0.0,1.6435448672724093,0.0,0.0,6.539282640804237,0.27,0.06
1910,0.3602059572022344,1.4208205144556127,0.0,0.0,1.0606145572533783,0.0,0.0,7.546866470194947,0.27,0.06
1911,0.3257761449041794,0.8588065248524921,0.0,0.0,0.5330303799483127,0.0,0.0,8.053245331145844,0.27,0.06
1912,0.2762919394664198,0.26714790175956044,0.0,0.0,0.0,0.009144037706859343,0.0,8.043620028296518,0.27,0.06
1913,0.1985211597891463,0.28524642670156064,0.0,-0.0,0.08672526691241433,0.0,0.0,8.126009031863312,0.27,0.06
1914,0.4444275212738963,0.3461490145691623,0.0,0.0,0.0,0.09827850670473398,0.0,8.022557972174118,0.27,0.06
1915,0.22697688451337655,0.030446639794656418,0.0,0.0,0.0,0.19653024471872013,0.0,7.815684030364938,0.27,0.06
1916,0.7462842499075856,0.0,0.0,0.0,0.0,0.7462842499075856,0.0,7.030121662041164,0.27,0.06
1917,0.5414045696248062,0.0,0.0,0.0,0.0,0.5414045696248062,0.0,6.460222115067684,0.27,0.06
1918,0.4739058375648175,0.0,0.0,0.0,0.0,0.4739058375648175,0.0,5.961373864999455,0.27,0.06
1919,0.6431178315477575,0.0,0.0,0.0,0.0,0.6431178315477575,0.0,5.284407726528132,0.27,0.06
1920,0.6368131316628973,0.0,0.0,0.0,0.0,0.6368131316628973,0.0,4.614078114251398,0.27,0.06
1921,0.4180477343166319,0.0,0.0,0.0,0.0,0.4180477343166319,0.0,4.1740278676023115,0.27,0.06
1922,0.11463789668691576,0.0,0.0,0.0,0.0,0.11463789668691576,0.0,4.053356397405558,0.27,0.06
1923,0.06952084921818194,0.0,0.0,8.326672684688674e-17,0.0,0.06952084921818202,0.0,3.9801765561232614,0.27,0.06
1924,0.06634543330056318,0.0,0.0,0.0,0.0,0.06634543330056318,0.0,3.9103392579121423,0.27,0.06
1925,0.06746797742640412,0.0,0.0,0.0,0.0,0.06746797742640412,0.0,3.839320334305401,0.27,0.06
1926,0.06791391961338206,0.0,0.0,0.0,0.0,0.06791391961338206,0.0,3.767831997870262,0.27,0.06
1927,0.34162246985868816,0.018002618025472178,0.0,0.0,0.0,0.32361985183321595,0.0,3.427179522256351,0.27,0.06
1928,0.5017464696173544,0.09172296692309963,0.0,0.0,0.0,0.41002350269425475,0.0,2.995575835209767,0.27,0.06
1929,0.3709393243232894,0.12065461269412076,0.0,0.0,0.0,0.25028471162916865,0.0,2.7321182440211684,0.27,0.06
1930,0.3164651795864156,0.8732362032740809,0.0,-1.1102230246251565e-16,0.5567710236876654,0.0,0.0,3.2610507165244504,0.27,0.06
1931,0.3076462884060063,1.8602529352938824,0.0,4.440892098500626e-16,1.5526066468878756,0.0,0.0,4.736027031067932,0.27,0.06
1932,0.27779891651206917,2.4313189921603318,0.0,0.0,2.1535200756482626,0.0,0.0,6.781871102933781,0.27,0.06
1933,0.06543817160981487,0.3192991704691863,0.0,-7.771561172376096e-16,0.25386099885937224,0.0,0.0,7.023039051850185,0.27,0.06
1934,0.06757561864395056,0.39295354158597473,0.0,-1.1102230246251565e-16,0.3253779229420243,0.0,0.0,7.332148078645108,0.27,0.06
1935,0.10445042431198867,0.3993428965236322,0.0,1.27675647831893e-15,0.2948924722116422,0.0,0.0,7.612295927246168,0.27,0.06
1936,0.08196878716158337,0.09492733195872384,0.0,0.0,0.012958544797140467,0.0,0.0,7.624606544803452,0.27,0.06
1937,0.10518084685962488,0.0947944052964078,0.0,0.0,0.0,0.01038644156321708,0.0,7.613673448421118,0.27,0.06
1938,0.22882216252845755,0.21046940394507246,0.0,0.0,0.0,0.018352758583385087,0.0,7.59435475517545,0.27,0.06
1939,0.12030443792489412,0.009305537291323501,0.0,0.0,0.0,0.11099890063357062,0.0,7.477513807140113,0.27,0.06
1940,0.3535322017143579,0.0,0.0,0.0,0.0,0.3535322017143579,0.0,7.105374647440789,0.27,0.06
1941,0.08657429354089012,0.0,0.0,0.0,0.0,0.08657429354089012,0.0,7.014243812134589,0.27,0.06
1942,0.628686219738145,0.0,0.0,-1.1102230246251565e-16,0.0,0.6286862197381449,0.0,6.352468843989174,0.27,0.06
1943,0.4493482626474462,0.0,0.0,0.0,0.0,0.4493482626474462,0.0,5.879470672781336,0.27,0.06
1944,0.32162426937024685,0.0,0.0,0.0,0.0,0.32162426937024685,0.0,5.540918810286339,0.27,0.06
1945,0.3214781848607188,0.0,0.0,0.0,0.0,0.3214781848607188,0.0,5.202520720959267,0.27,0.06
1946,0.20731698499436543,0.0,0.0,2.7755575615628914e-17,0.0,0.20731698499436546,0.0,4.9842923157020405,0.27,0.06
1947,0.06808307009809787,0.0,0.0,0.0,0.0,0.06808307009809787,0.0,4.912625926125095,0.27,0.06
1948,0.06177837021323737,0.0,0.0,0.0,0.0,0.06177837021323737,0.0,4.84759606274274,0.27,0.06
1949,0.061586153753333,0.0,0.0,9.71445146547012e-17,0.0,0.061586153753333095,0.0,4.782768532476074,0.27,0.06
1950,0.06237808556813862,0.0,0.0,0.0,0.0,0.06237808556813862,0.0,4.717107389772769,0.27,0.06
1951,0.309345481911561,0.016600710979494063,0.0,0.0,0.0,0.29274477093206697,0.0,4.408954999317962,0.27,0.06
1952,0.4431281380049431,0.094765624495738,0.0,0.0,0.0,0.3483625135092051,0.0,4.042257616676694,0.27,0.06
1953,0.3019259265592556,0.10570691922721014,0.0,0.0,0.0,0.19621900733204545,0.0,3.835711293169278,0.27,0.06
1954,0.30918402008524126,0.9846762136026597,0.0,-0.0,0.6754921935174184,0.0,0.0,4.4774288770108255,0.27,0.06
1955,0.11697524883935163,0.6086566061709515,0.0,-8.326672684688674e-16,0.49168135733160073,0.0,0.0,4.944526166475846,0.27,0.06
1956,0.06309313079898263,0.6479801316661987,0.0,-1.1102230246251565e-16,0.5848870008672162,0.0,0.0,5.500168817299702,0.27,0.06
1957,0.0713738158916592,0.6529597309376831,0.0,-9.992007221626409e-16,0.5815859150460249,0.0,0.0,6.052675436593425,0.27,0.06
1958,0.060002290123721685,0.27180274432554624,0.0,-8.326672684688674e-17,0.21180045420182464,0.0,0.0,6.253885868085159,0.27,0.06
1959,0.07489522143710575,0.22819933083283983,0.0,9.159339953157541e-16,0.15330410939573316,0.0,0.0,6.399524772011105,0.27,0.06
1960,0.06343912042681038,0.16099871994993717,0.0,0.0,0.09755959952312679,0.0,0.0,6.492206391558076,0.27,0.06
1961,0.1336365715838553,0.2307668099851966,0.0,2.7755575615628914e-17,0.09713023840134127,0.0,0.0,6.58448011803935,0.27,0.06
1962,0.18758019889139393,0.2110921253352443,0.0,-0.0,0.02351192644385036,0.0,0.0,6.606816448161008,0.27,0.06
1963,0.3186410699125325,0.06198284439178628,0.0,0.0,0.0,0.25665822552074624,0.0,6.336649894981275,0.27,0.06
1964,0.3545778592562367,0.0,0.0,0.0,0.0,0.3545778592562367,0.0,5.963410043132605,0.27,0.06
1965,0.51868458406412,0.0,0.0,0.0,0.0,0.51868458406412,0.0,5.417426270433531,0.27,0.06
1966,0.3868548472033645,0.0,0.0,0.0,0.0,0.3868548472033645,0.0,5.010210641798411,0.27,0.06
1967,0.39334407488973294,0.0,0.0,0.0,0.0,0.39334407488973294,0.0,4.596164247177639,0.27,0.06
1968,0.12487150101222018,0.0,0.0,0.0,0.0,0.12487150101222018,0.0,4.4647205619016175,0.27,0.06
1969,0.06528439844189145,0.0,0.0,0.0,0.0,0.06528439844189145,0.0,4.3960001424891,0.27,0.06
1970,0.19128613223834867,0.0,0.0,0.0,0.0,0.19128613223834867,0.0,4.194646319080312,0.27,0.06
1971,0.07690964993690262,0.0,0.0,0.0,0.0,0.07690964993690262,0.0,4.113688792830941,0.27,0.06
1972,0.0638850626137883,0.0,0.0,0.0,0.0,0.0638850626137883,0.0,4.046441358500638,0.27,0.06
1973,0.06419260894963512,0.0,0.0,1.3877787807814457e-17,0.0,0.06419260894963513,0.0,3.9788701911852327,0.27,0.06
1974,0.06569189733688856,0.0,0.0,1.3877787807814457e-17,0.0,0.06569189733688857,0.0,3.9097208255674554,0.27,0.06
1975,0.057595740045720004,0.006702482613051675,0.0,0.0,0.0,0.05089325743266833,0.0,3.8561489756383307,0.27,0.06
1976,0.243130755803733,0.1099472463213857,0.0,0.0,0.0,0.1331835094823473,0.0,3.7159558077621755,0.27,0.06
1977,0.39515090961283383,0.16125899912841576,0.0,0.0,0.0,0.23389191048441807,0.0,3.469753796725946,0.27,0.06
1978,0.5465944140422219,0.9242998961025792,0.0,-0.0,0.37770548206035737,0.0,0.0,3.8285740046832855,0.27,0.06
1979,0.4659173214911949,2.373721903796301,0.0,-0.0,1.9078045823051062,0.0,0.0,5.640988357873137,0.27,0.06
1980,0.3720926230827163,2.453297918066867,0.0,0.0,2.0812052949841506,0.0,0.0,7.618133388108079,0.27,0.06
1981,0.51888448918242,1.659149103276684,0.0,1.1102230246251565e-15,1.140264614094263,0.0,0.0,8.70138477149763,0.27,0.06
1982,0.42925010959985377,1.429760027235436,0.0,0.0,1.0005099176355823,0.0,0.0,9.651869193251432,0.27,0.06
1983,0.6312619203008619,0.9977154010888284,0.0,-2.220446049250313e-16,0.3664534807879667,0.0,0.0,10.0,0.27,0.06
1984,0.7476758970772931,0.443454961975174,0.0,0.0,0.0,0.3042209351021191,0.0,9.67976743673461,0.27,0.06
1985,0.5556362763161193,0.5180570925563341,0.0,0.0,0.0,0.037579183759785195,0.0,9.640210401197994,0.27,0.06
1986,0.54874723839315,0.30471629344060563,0.0,0.0,0.0,0.24403094495254435,0.0,9.383335722300579,0.27,0.06
1987,0.7524505539413155,0.04991295119525714,0.0,0.0,0.0,0.7025376027460584,0.0,8.643822456252098,0.27,0.06
1988,1.1605952962436787,0.0,0.0,-0.0,0.0,1.1605952962436787,0.0,7.422143197048225,0.27,0.06
1989,0.8533257520990843,0.0,0.0,0.0,0.0,0.8533257520990843,0.0,6.523905563259715,0.27,0.06
1990,0.750520700683877,0.0,0.0,0.0,0.0,0.750520700683877,0.0,5.733883773066161,0.27,0.06
1991,0.9934976833196849,0.0,0.0,-0.0,0.0,0.9934976833196849,0.0,4.688096737992808,0.27,0.06
1992,0.9020103370636413,0.0,0.0,0.0,0.0,0.9020103370636413,0.0,3.738612172662659,0.27,0.06
1993,0.5404896192756619,0.0,0.0,0.0,0.0,0.5404896192756619,0.0,3.1696757313198574,0.27,0.06
1994,0.5375294857931356,0.0,0.0,-1.1102230246251565e-16,0.0,0.5375294857931355,0.0,2.6038552199586618,0.27,0.06
1995,0.5439725815291281,0.0,0.0,0.0,0.0,0.5439725815291281,0.0,2.0312525025595796,0.27,0.06
1996,0.5429807445960219,0.0,0.0,0.0,0.0,0.5429807445960219,0.0,1.4596938240374513,0.27,0.06
1997,0.5525454356408588,0.0,0.5525454356408588,0.0,0.0,0.0,0.0,1.4596938240374513,0.27,0.06
1998,0.5922957995490643,0.0,0.5922957995490643,0.0,0.0,0.0,0.0,1.4596938240374513,0.27,0.06
1999,0.6536897368424931,0.024874616771954638,0.5845107609606925,0.0,0.0,0.0443043591098459,0.0,1.413057656553403,0.27,0.06
2000,0.5340542121980663,0.14164943847233347,0.0,0.0,0.0,0.3924047737257328,0.0,1.0,0.27,0.06
2001,0.6678214909746563,0.2234008418673613,0.44442064910729495,0.0,0.0,0.0,0.0,1.0,0.27,0.06
2002,0.6177990794491657,1.2144463231874427,0.0,0.3252535778553434,0.2713936658829336,0.0,0.0,1.257823982588787,0.27,0.06
2003,0.45705229836041006,2.717295626819423,0.0,-0.0,2.260243328459013,0.0,0.0,3.405055144624849,0.27,0.06
2004,0.14219404837879412,2.083253422091906,0.0,-0.0,1.9410593737131117,0.0,0.0,5.249061549652305,0.27,0.06
2005,0.45263900844100724,2.1298138230324613,0.0,-0.0,1.677174814591454,0.0,0.0,6.842377623514186,0.27,0.06
2006,0.39017634763051123,1.3701626292741054,0.0,-1.1102230246251565e-16,0.9799862816435942,0.0,0.0,7.773364591075601,0.27,0.06
2007,0.6223738311948874,1.0397172660386436,0.0,2.220446049250313e-16,0.4173434348437559,0.0,0.0,8.169840854177169,0.27,0.06
2008,0.41002846360942563,0.42656026929181695,0.0,0.0,0.01653180568239132,0.0,0.0,8.185546069575441,0.27,0.06
2009,0.4800029436729819,0.4910644055649431,0.0,2.7755575615628914e-16,0.011061461891960889,0.0,0.0,8.196054458372803,0.27,0.06
2010,0.08172275009290587,0.09137287622382248,0.0,0.0,0.009650126130916606,0.0,0.0,8.205222078197174,0.27,0.06
2011,0.3531093255025689,0.0017995530900348034,0.0,0.0,0.0,0.3513097724125341,0.0,7.835422317762927,0.27,0.06
2012,0.8290911008343519,0.0,0.0,0.0,0.0,0.8290911008343519,0.0,6.962694843200452,0.27,0.06
2013,1.076304534246452,0.0,0.0,-0.0,0.0,1.076304534246452,0.0,5.8297427018883985,0.27,0.06
2014,0.8166124082573656,0.0,0.0,0.0,0.0,0.8166124082573656,0.0,4.970150693196435,0.27,0.06
2015,0.5880209054807938,0.0,0.0,0.0,0.0,0.5880209054807938,0.0,4.351181319006126,0.27,0.06
2016,0.32417690395777565,0.0,0.0,0.0,0.0,0.32417690395777565,0.0,4.009942472734783,0.27,0.06
2017,0.2745312366936963,0.0,0.0,0.0,0.0,0.2745312366936963,0.0,3.7209622235835242,0.27,0.06
2018,0.06720656304093438,0.0,0.0,0.0,0.0,0.06720656304093438,0.0,3.6502184730141196,0.27,0.06
2019,0.0748414008283325,0.0,0.0,0.0,0.0,0.0748414008283325,0.0,3.5714380510895594,0.27,0.06
2020,0.06314695140775575,0.0,0.0,1.3877787807814457e-17,0.0,0.06314695140775577,0.0,3.5049675759235006,0.27,0.06
2021,0.06609939623188563,0.0,0.0,0.0,0.0,0.06609939623188563,0.0,3.435389264100463,0.27,0.06
2022,0.07373423401928388,0.0,0.0,0.0,0.0,0.07373423401928388,0.0,3.3577742809222695,0.27,0.06
2023,0.18941778824807887,0.01389445326121954,0.0,0.0,0.0,0.17552333498685932,0.0,3.173012875672944,0.27,0.06
2024,0.5704907643375231,0.12181818457984739,0.0,5.551115123125783e-17,0.0,0.44867257975767577,0.0,2.7007259496122327,0.27,0.06
2025,0.35869898015658497,0.1770002412621986,0.0,0.0,0.0,0.18169873889438637,0.0,2.509464119197089,0.27,0.06
2026,0.42692813476421065,1.6166400284985873,0.0,-0.0,1.1897118937343767,0.0,0.0,3.639690418244747,0.27,0.06
2027,0.3643501440777706,2.072370319406105,0.0,-0.0,1.7080201753283344,0.0,0.0,5.2623095848066646,0.27,0.06
2028,0.3620666125341081,1.678149122114367,0.0,-0.0,1.3160825095802589,0.0,0.0,6.51258796890791,0.27,0.06
2029,0.20800127559162518,0.9195181721170186,0.0,-0.0,0.7115168965253934,0.0,0.0,7.188529020607034,0.27,0.06
2030,0.31317443379285415,1.0909822687505324,0.0,-0.0,0.7778078349576782,0.0,0.0,7.927446463816828,0.27,0.06
2031,0.1833129934815194,0.5760697240100822,0.0,6.106226635438361e-16,0.39275673052856214,0.0,0.0,8.300565357818963,0.27,0.06
2032,0.06928250080790063,0.07708181870745791,0.0,0.0,0.007799317899557276,0.0,0.0,8.307974709823542,0.27,0.06
2033,0.07072027992798463,0.11608824766418903,0.0,-2.636779683484747e-16,0.04536796773620466,0.0,0.0,8.351074279172936,0.27,0.06
2034,0.07248098270070788,0.09648128042801292,0.0,0.0,0.02400029772730504,0.0,0.0,8.373874562013876,0.27,0.06
2035,0.09412455608593043,0.01728687936935948,0.0,0.0,0.0,0.07683767671657095,0.0,8.292992797049065,0.27,0.06
2036,0.21713540176627738,0.0,0.0,0.0,0.0,0.21713540176627738,0.0,8.064429216242457,0.27,0.06
2037,0.550015867028518,0.0,0.0,0.0,0.0,0.550015867028518,0.0,7.485465145686122,0.27,0.06
2038,0.3569536547006544,0.0,0.0,5.551115123125783e-17,0.0,0.35695365470065443,0.0,7.109724456527539,0.27,0.06
2039,0.3187102678380971,0.0,0.0,0.0,0.0,0.3187102678380971,0.0,6.774239964066385,0.27,0.06
2040,0.07889332380311488,0.0,0.0,0.0,0.0,0.07889332380311488,0.0,6.691194360063105,0.27,0.06
2041,0.07165829625231757,0.0,0.0,0.0,0.0,0.07165829625231757,0.0,6.615764574534349,0.27,0.06
2042,0.05981776232221363,0.0,0.0,0.0,0.0,0.05981776232221363,0.0,6.552798508932019,0.27,0.06
2043,0.13039964639906687,0.0,0.0,0.0,0.0,0.13039964639906687,0.0,6.415535723248791,0.27,0.06
2044,0.14812969266063847,0.0,0.0,0.0,0.0,0.14812969266063847,0.0,6.259609730974435,0.27,0.06
2045,0.06765250522791232,0.0,0.0,0.0,0.0,0.06765250522791232,0.0,6.188396567576632,0.27,0.06
2046,0.06626085805820525,0.0,0.0,0.0,0.0,0.06626085805820525,0.0,6.118648295936416,0.27,0.06
2047,0.14307055543595792,0.02028856099722099,0.0,0.0,0.0,0.12278199443873694,0.0,5.989404091264061,0.27,0.06
2048,0.31109080736749145,0.09614055691526913,0.0,0.0,0.0,0.21495025045222232,0.0,5.763140669735406,0.27,0.06
2049,0.304616956997915,0.108329258733359,0.0,0.0,0.0,0.19628769826455603,0.0,5.556522039983242,0.27,0.06
2050,0.0945243663225313,0.36508814238106246,0.0,0.0,0.27056377605853116,0.0,0.0,5.813557627238846,0.27,0.06
2051,0.06415416565765425,0.49547447903934094,0.0,-0.0,0.4313203133816867,0.0,0.0,6.223311924951449,0.27,0.06
2052,0.06529208710028762,1.0655954066775744,0.0,-0.0,1.0003033195772868,0.0,0.0,7.173600078549871,0.27,0.06
2053,0.06706047853140706,0.9134203037524745,0.0,-0.0,0.8463598252210675,0.0,0.0,7.977641912509885,0.27,0.06
2054,0.0648845882052905,0.34635946317259264,0.0,-0.0,0.28147487496730217,0.0,0.0,8.245043043728822,0.27,0.06
2055,0.07722488493114574,0.2568397582578652,0.0,-0.0,0.17961487332671947,0.0,0.0,8.415677173389206,0.27,0.06
2056,0.06459241918623612,0.051623281041112294,0.0,0.0,0.0,0.012969138145123828,0.0,8.402025449025917,0.27,0.06
2057,0.11546058313530612,0.10487297237326501,0.0,0.0,0.0,0.010587610762041108,0.0,8.39088059559219,0.27,0.06
2058,0.16675931195456167,0.2015327962141485,0.0,0.0,0.03477348425958682,0.0,0.0,8.423915405638798,0.27,0.06
2059,0.12537126380797098,0.012450014984953121,0.0,0.0,0.0,0.11292124882301785,0.0,8.305050933193517,0.27,0.06
2060,0.3759138863056125,0.0,0.0,0.0,0.0,0.3759138863056125,0.0,7.909352105503398,0.27,0.06
2061,0.7228569077744513,0.0,0.0,-1.1102230246251565e-16,0.0,0.7228569077744512,0.0,7.148450097319765,0.27,0.06
2062,0.6045668983493543,0.0,0.0,0.0,0.0,0.6045668983493543,0.0,6.512063888530971,0.27,0.06
2063,0.2643898962691461,0.0,0.0,0.0,0.0,0.2643898962691461,0.0,6.233758734563449,0.27,0.06
2064,0.07364197011852981,0.0,0.0,0.0,0.0,0.07364197011852981,0.0,6.156240871280787,0.27,0.06
2065,0.06600713233113163,0.0,0.0,0.0,0.0,0.06600713233113163,0.0,6.086759679353279,0.27,0.06
2066,0.21769667382919694,0.0,0.0,0.0,0.0,0.21769667382919694,0.0,5.857605285848861,0.27,0.06
2067,0.0756640872767228,0.0,0.0,0.0,0.0,0.0756640872767228,0.0,5.777958878189153,0.27,0.06
2068,0.06519982319953363,0.0,0.0,0.0,0.0,0.06519982319953363,0.0,5.709327485347539,0.27,0.06
2069,0.07194277661297586,0.0,0.0,0.0,0.0,0.07194277661297586,0.0,5.633598246807564,0.27,0.06
2070,0.06854438960186819,0.0,0.0,0.0,0.0,0.06854438960186819,0.0,5.561446257752966,0.27,0.06
2071,0.3408766699942596,0.02995682200834724,0.0,0.0,0.0,0.3109198479859123,0.0,5.2341622072414795,0.27,0.06
2072,0.5165932689803613,0.10644075019310208,0.0,0.0,0.0,0.4101525187872592,0.0,4.8024227137812066,0.27,0.06
2073,0.4882528741320737,0.11886510771742442,0.0,0.0,0.0,0.36938776641464927,0.0,4.413593485976313,0.27,0.06
2074,0.43949140258355435,1.0909418393979151,0.0,0.0,0.6514504368143608,0.0,0.0,5.032471400949956,0.27,0.06
2075,0.31361268732143627,1.066251330365139,0.0,0.0,0.7526386430437029,0.0,0.0,5.747478111841474,0.27,0.06
2076,0.44209016912145993,2.2145803529881976,0.0,0.0,1.7724901838667377,0.0,0.0,7.431343786514875,0.27,0.06
2077,0.32537633466757876,1.7199550195731232,0.0,-0.0,1.3945786849055444,0.0,0.0,8.756193537175141,0.27,0.06
2078,0.6094107531389426,1.527132568839566,0.0,-0.0,0.9177218157006235,0.0,0.0,9.628029262090733,0.27,0.06
2079,0.7323216462601387,1.1238697914277886,0.0,-0.0,0.3915481451676499,0.0,0.0,10.0,0.27,0.06
2080,0.52390518311512,0.3263533345327198,0.0,0.0,0.0,0.1975518485824002,0.0,9.792050685702737,0.27,0.06
2081,0.6880349738981912,0.43552404932773703,0.0,0.0,0.0,0.2525109245704542,0.0,9.52624971247068,0.27,0.06
2082,0.16838161887615388,0.28380477372284096,0.0,0.0,0.11542315484668708,0.0,0.0,9.635901709575032,0.27,0.06
2083,0.1357893959347833,0.020626353184811277,0.0,0.0,0.0,0.11516304274997204,0.0,9.514677454048746,0.27,0.06
2084,0.6282864095015437,0.0,0.0,0.0,0.0,0.6282864095015437,0.0,8.853323338783962,0.27,0.06
2085,0.6091262727782838,0.0,0.0,0.0,0.0,0.6091262727782838,0.0,8.212137788491033,0.27,0.06
2086,0.9803731434374207,0.0,0.0,0.0,0.0,0.9803731434374207,0.0,7.180166058556906,0.27,0.06
2087,0.3748836060805257,0.0,0.0,0.0,0.0,0.3748836060805257,0.0,6.7855517363668785,0.27,0.06
2088,0.09086456492595374,0.0,0.0,0.0,0.0,0.09086456492595374,0.0,6.689904825918506,0.27,0.06
2089,0.07160447564354432,0.0,0.0,0.0,0.0,0.07160447564354432,0.0,6.614531693662144,0.27,0.06
2090,0.07960836903395882,0.0,0.0,0.0,0.0,0.07960836903395882,0.0,6.530733410468503,0.27,0.06
2091,0.06984377287082114,0.0,0.0,0.0,0.0,0.06984377287082114,0.0,6.457213649551849,0.27,0.06
2092,0.0805694513334802,0.0,0.0,0.0,0.0,0.0805694513334802,0.0,6.372403700779764,0.27,0.06
2093,0.06856745557705662,0.0,0.0,0.0,0.0,0.06856745557705662,0.0,6.300227431751283,0.27,0.06
2094,0.21061541944632356,0.0,0.0,0.0,0.0,0.21061541944632356,0.0,6.078526990228838,0.27,0.06
2095,0.3916218154089909,0.041647271294799344,0.0,0.0,0.0,0.34997454411419154,0.0,5.710132733266531,0.27,0.06
2096,0.49753308481625247,0.15097965750965903,0.0,0.0,0.0,0.34655342730659344,0.0,5.3453396518911696,0.27,0.06
2097,0.31751083712829437,0.14844200498906668,0.0,0.0,0.0,0.1690688321392277,0.0,5.167372460165666,0.27,0.06
2098,0.30830751302807746,0.9986286856942873,0.0,0.0,0.6903211726662098,0.0,0.0,5.823177574198565,0.27,0.06
2099,0.14743771340498277,1.0652336976794952,0.0,0.0,0.9177959842745124,0.0,0.0,6.695083759259352,0.27,0.06
2100,0.065130625273968,0.6826086338701847,0.0,0.0,0.6174780085962167,0.0,0.0,7.281687867425758,0.27,0.06
2101,0.07619460470605868,0.7510904183946793,0.0,0.0,0.6748958136886206,0.0,0.0,7.922838890429947,0.27,0.06
2102,0.06905952971441169,0.24866064318013745,0.0,-0.0,0.17960111346572577,0.0,0.0,8.093459948222387,0.27,0.06
2103,0.07523352240653731,0.17211161563804953,0.0,-0.0,0.09687809323151221,0.0,0.0,8.185494136792324,0.27,0.06
2104,0.06730651560008451,0.12645901325102737,0.0,-0.0,0.05915249765094287,0.0,0.0,8.24168900956072,0.27,0.06
2105,0.0731960279315518,0.13425186061503336,0.0,-0.0,0.06105583268348155,0.0,0.0,8.299692050610027,0.27,0.06
2106,0.17567815569412076,0.15642107092501883,0.0,0.0,0.0,0.01925708476910193,0.0,8.279421435063604,0.27,0.06
2107,0.42660521111157124,0.06474448091230486,0.0,0.0,0.0,0.36186073019926634,0.0,7.898515403274903,0.27,0.06
2108,0.6128398947836343,0.0,0.0,0.0,0.0,0.6128398947836343,0.0,7.253420777186866,0.27,0.06
2109,0.7047501172514682,0.0,0.0,0.0,0.0,0.7047501172514682,0.0,6.51157854850111,0.27,0.06
2110,0.7621382635204919,0.0,0.0,0.0,0.0,0.7621382635204919,0.0,5.7093277447953295,0.27,0.06
2111,0.5834769083686563,0.0,0.0,0.0,0.0,0.5834769083686563,0.0,5.095141525459902,0.27,0.06
2112,0.17836149747438487,0.0,0.0,0.0,0.0,0.17836149747438487,0.0,4.907392580750024,0.27,0.06
2113,0.0822917108142227,0.0,0.0,1.3877787807814457e-17,0.0,0.08229171081422271,0.0,4.820769727261368,0.27,0.06
2114,0.07042042225053399,0.0,0.0,2.7755575615628914e-17,0.0,0.07042042225053402,0.0,4.746642966997648,0.27,0.06
2115,0.07125848601571669,0.0,0.0,0.0,0.0,0.07125848601571669,0.0,4.671634034349525,0.27,0.06
2116,0.0787856825855685,0.0,0.0,0.0,0.0,0.0787856825855685,0.0,4.588701736891032,0.27,0.06
2117,0.06909028434799626,0.0,0.0,0.0,0.0,0.06909028434799626,0.0,4.5159751217878785,0.27,0.06
2118,0.06819071131564419,0.0,0.0,0.0,0.0,0.06819071131564419,0.0,4.444195425666148,0.27,0.06
2119,0.29639009251401205,0.046007499278838515,0.0,0.0,0.0,0.25038259323517353,0.0,4.180634801208071,0.27,0.06
2120,0.58186229010546,0.20309034313078012,0.0,0.0,0.0,0.37877194697467986,0.0,3.7819274886031446,0.27,0.06
2121,0.44601907356190434,0.199924815193594,0.0,0.0,0.0,0.24609425836831034,0.0,3.5228809008470288,0.27,0.06
2122,0.3247612419958844,1.2232544862169021,0.0,0.0,0.8984932442210177,0.0,0.0,4.376449482856995,0.27,0.06
2123,0.32751378170171397,1.5977897327702804,0.0,0.0,1.2702759510685664,0.0,0.0,5.583211636372133,0.27,0.06
2124,0.12406419188062187,1.3006446451056488,0.0,0.0,1.176580453225027,0.0,0.0,6.700963066935909,0.27,0.06
2125,0.22991395202071413,1.3852759964002834,0.0,0.0,1.1553620443795694,0.0,0.0,7.7985570090965,0.27,0.06
2126,0.35766101127310124,1.0502739167207138,0.0,0.0,0.6926129054476126,0.0,0.0,8.456539269271731,0.27,0.06
2127,0.19330056073814533,0.3466868646522934,0.0,-0.0,0.1533863039141481,0.0,0.0,8.602256257990172,0.27,0.06
2128,0.06663760231961763,0.17874556721006812,0.0,-0.0,0.1121079648904505,0.0,0.0,8.7087588246361,0.27,0.06
2129,0.07626380263162426,0.18869458997032218,0.0,-0.0,0.11243078733869792,0.0,0.0,8.815568072607862,0.27,0.06
2130,0.10668013524687843,0.16551130485881063,0.0,-0.0,0.0588311696119322,0.0,0.0,8.871457683739198,0.27,0.06
2131,0.07846275893292926,0.04469781233553783,0.0,0.0,0.0,0.033764946597391425,0.0,8.835915634689313,0.27,0.06
2132,0.23664921677575984,0.0,0.0,0.0,0.0,0.23664921677575984,0.0,8.586811195977987,0.27,0.06
2133,0.5475170530497622,0.0,0.0,0.0,0.0,0.5475170530497622,0.0,8.010477455925605,0.27,0.06
2134,0.5167009101979081,0.0,0.0,0.0,0.0,0.5167009101979081,0.0,7.466581760980438,0.27,0.06
2135,0.3351178648555269,0.0,0.0,0.0,0.0,0.3351178648555269,0.0,7.113826113764094,0.27,0.06
2136,0.10741824645291088,0.0,0.0,0.0,0.0,0.10741824645291088,0.0,7.000754275392609,0.27,0.06
2137,0.08518264637118306,0.0,0.0,0.0,0.0,0.08518264637118306,0.0,6.911088331843995,0.27,0.06
2138,0.08740466864767663,0.0,0.0,0.0,0.0,0.08740466864767663,0.0,6.819083417478019,0.27,0.06
2139,0.40844459997981375,0.0,0.0,0.0,0.0,0.40844459997981375,0.0,6.389141733288742,0.27,0.06
2140,0.5655315796719919,0.0,0.0,0.0,0.0,0.5655315796719919,0.0,5.793845333634014,0.27,0.06
2141,0.5570586781194119,0.0,0.0,0.0,0.0,0.5570586781194119,0.0,5.207467777718843,0.27,0.06
2142,0.5571509420201649,0.0,0.0,0.0,0.0,0.5571509420201649,0.0,4.620993101908144,0.27,0.06
2143,0.5723975516197725,0.0,0.0,0.0,0.0,0.5723975516197725,0.0,4.018469363361015,0.27,0.06
2144,0.6603558036719744,0.033015955849050246,0.0,0.0,0.0,0.6273398478229242,0.0,3.358111628810568,0.27,0.06
2145,0.5605262630560843,0.12454494836872211,0.0,0.0,0.0,0.43598131468736223,0.0,2.8991839291396606,0.27,0.06
2146,0.5205144847624081,0.22106001891865637,0.0,0.0,0.0,0.2994544658437518,0.0,2.5839687019357114,0.27,0.06
2147,1.175749641942533,1.9073977876702803,0.0,-1.1102230246251565e-16,0.7316481457277474,0.0,0.0,3.2790344403770715,0.27,0.06
2148,0.3848404187035675,2.0535438919482556,0.0,0.0,1.6687034732446882,0.0,0.0,4.864302739959525,0.27,0.06
2149,0.34485939504347685,2.039621106297727,0.0,0.0,1.6947617112542501,0.0,0.0,6.474326365651063,0.27,0.06
2150,0.40758347023944314,1.2344652366880713,0.0,0.0,0.8268817664486281,0.0,0.0,7.2598640437772595,0.27,0.06
2151,0.5227672616724869,1.8430593013780427,0.0,0.0,1.320292039705556,0.0,0.0,8.514141481497537,0.27,0.06
2152,0.6386430323611856,0.8065494384936882,0.0,0.0,0.16790640613250263,0.0,0.0,8.673652567323415,0.27,0.06
2153,0.46584043490723376,0.6286876749587681,0.0,-0.0,0.16284724005153434,0.0,0.0,8.828357445372372,0.27,0.06
2154,0.5112573400534182,0.457766615838871,0.0,0.0,0.0,0.053490724214547036,0.0,8.772051419883375,0.27,0.06
2155,0.9132972875892211,0.5154976398492035,0.3510609323163765,0.0,0.0,0.046738715423641164,0.0,8.722852772069016,0.27,0.06
2156,0.866919300143515,0.07146192198173652,0.0,0.0,0.0,0.7954573781617785,0.0,7.885529216109249,0.27,0.06
2157,1.0409982148912318,0.0,0.0,-0.0,0.0,1.0409982148912318,0.0,6.789741621486899,0.27,0.06
2158,0.5877594910953237,0.0,0.0,0.0,0.0,0.5877594910953237,0.0,6.1710474203339265,0.27,0.06
2159,0.5152169991274462,0.0,0.0,0.0,0.0,0.5152169991274462,0.0,5.628713737041878,0.27,0.06
2160,0.5972780501897843,0.0,0.0,0.0,0.0,0.5972780501897843,0.0,5.0,0.27,0.06
