MIP has 10753 rows; 9409 cols; 25537 nonzeros; 1344 integer variables (1344 binary)
Coefficient ranges:
  Matrix  [2e-01, 3e+00]
  Cost    [1e-02, 6e-02]
  Bound   [1e+00, 1e+00]
  RHS     [5e-04, 5e+00]
Presolving model
8064 rows, 8598 cols, 22037 nonzeros 0s
6415 rows, 7283 cols, 17737 nonzeros 0s
4633 rows, 5767 cols, 13103 nonzeros 0s
2703 rows, 3969 cols, 8039 nonzeros 0s
1719 rows, 3120 cols, 5666 nonzeros 0s
1591 rows, 2992 cols, 5410 nonzeros 0s
Presolve reductions: rows 1591(-9162); columns 2992(-6417); nonzeros 5410(-20127) 

Solving MIP model with:
   1591 rows
   2992 cols (207 binary, 0 integer, 0 implied int., 2785 continuous, 0 domain fixed)
   5410 nonzeros

Src: B => Branching; C => Central rounding; F => Feasibility pump; H => Heuristic;
     I => Shifting; J => Feasibility jump; L => Sub-MIP; P => Empty MIP; R => Randomized rounding;
     S => Solve LP; T => Evaluate node; U => Unbounded; X => User solution; Y => HiGHS solution;
     Z => ZI Round; l => Trivial lower; p => Trivial point; u => Trivial upper; z => Trivial zero

        Nodes      |    B&B Tree     |            Objective Bounds              |  Dynamic Constraints |       Work      
Src  Proc. InQueue |  Leaves   Expl. | BestBound       BestSol              Gap |   Cuts   InLp Confl. | LpIters     Time

 J       0       0         0   0.00%   -inf            21.44260845        Large        0      0      0         0     0.4s
 T       0       0         0   0.00%   -1.085536781    18.1740541       105.97%        0      0      0       766     0.4s
         1       0         1 100.00%   18.1740541      18.1740541         0.00%        0      0      0       766     0.4s

Solving report
  Status            Optimal
  Primal bound      18.1740540952
  Dual bound        18.1740540952
  Gap               0% (tolerance: 0.5%)
  P-D integral      0.0265984646193
  Solution status   feasible
                    18.1740540952 (objective)
                    0 (bound viol.)
                    0 (int. viol.)
                    0 (row viol.)
  Timing            0.45
  Max sub-MIP depth 0
  Nodes             1
  Repair LPs        0
  LP iterations     766
                    0 (strong br.)
                    0 (separation)
                    0 (heuristics)
MIP has 10753 rows; 9409 cols; 25537 nonzeros; 1344 integer variables (1344 binary)
Coefficient ranges:
  Matrix  [2e-01, 3e+00]
  Cost    [1e-02, 6e-02]
  Bound   [1e+00, 1e+00]
  RHS     [5e-04, 5e+00]
Presolving model
8064 rows, 8601 cols, 22040 nonzeros 0s
6415 rows, 7286 cols, 17740 nonzeros 0s
4630 rows, 5767 cols, 13100 nonzeros 0s
2707 rows, 3977 cols, 8051 nonzeros 0s
1740 rows, 3106 cols, 5693 nonzeros 0s
1610 rows, 2968 cols, 5425 nonzeros 0s
Presolve reductions: rows 1610(-9143); columns 2968(-6441); nonzeros 5425(-20112) 

Solving MIP model with:
   1610 rows
   2968 cols (212 binary, 0 integer, 0 implied int., 2756 continuous, 0 domain fixed)
   5425 nonzeros

Src: B => Branching; C => Central rounding; F => Feasibility pump; H => Heuristic;
     I => Shifting; J => Feasibility jump; L => Sub-MIP; P => Empty MIP; R => Randomized rounding;
     S => Solve LP; T => Evaluate node; U => Unbounded; X => User solution; Y => HiGHS solution;
     Z => ZI Round; l => Trivial lower; p => Trivial point; u => Trivial upper; z => Trivial zero

        Nodes      |    B&B Tree     |            Objective Bounds              |  Dynamic Constraints |       Work      
Src  Proc. InQueue |  Leaves   Expl. | BestBound       BestSol              Gap |   Cuts   InLp Confl. | LpIters     Time

 J       0       0         0   0.00%   -inf            23.81622834        Large        0      0      0         0     0.4s
 T       0       0         0   0.00%   -0.4434587337   20.96133327      102.12%        0      0      0       713     0.4s
         1       0         1 100.00%   20.96133327     20.96133327        0.00%        0      0      0       713     0.4s

Solving report
  Status            Optimal
  Primal bound      20.9613332727
  Dual bound        20.9613332727
  Gap               0% (tolerance: 0.5%)
  P-D integral      0.0286142239815
  Solution status   feasible
                    20.9613332727 (objective)
                    0 (bound viol.)
                    0 (int. viol.)
                    0 (row viol.)
  Timing            0.44
  Max sub-MIP depth 0
  Nodes             1
  Repair LPs        0
  LP iterations     713
                    0 (strong br.)
                    0 (separation)
                    0 (heuristics)
MIP has 10753 rows; 9409 cols; 25537 nonzeros; 1344 integer variables (1344 binary)
Coefficient ranges:
  Matrix  [2e-01, 3e+00]
  Cost    [1e-02, 6e-02]
  Bound   [1e+00, 1e+00]
  RHS     [5e-04, 5e+00]
Presolving model
8064 rows, 8609 cols, 22048 nonzeros 0s
6409 rows, 7288 cols, 17732 nonzeros 0s
4597 rows, 5739 cols, 13020 nonzeros 0s
2662 rows, 3923 cols, 7928 nonzeros 0s
1744 rows, 3072 cols, 5681 nonzeros 0s
1626 rows, 2911 cols, 5402 nonzeros 0s
Presolve reductions: rows 1626(-9127); columns 2911(-6498); nonzeros 5402(-20135) 

Solving MIP model with:
   1626 rows
   2911 cols (217 binary, 0 integer, 0 implied int., 2694 continuous, 0 domain fixed)
   5402 nonzeros

Src: B => Branching; C => Central rounding; F => Feasibility pump; H => Heuristic;
     I => Shifting; J => Feasibility jump; L => Sub-MIP; P => Empty MIP; R => Randomized rounding;
     S => Solve LP; T => Evaluate node; U => Unbounded; X => User solution; Y => HiGHS solution;
     Z => ZI Round; l => Trivial lower; p => Trivial point; u => Trivial upper; z => Trivial zero

        Nodes      |    B&B Tree     |            Objective Bounds              |  Dynamic Constraints |       Work      
Src  Proc. InQueue |  Leaves   Expl. | BestBound       BestSol              Gap |   Cuts   InLp Confl. | LpIters     Time

 J       0       0         0   0.00%   -inf            22.1034706         Large        0      0      0         0     0.5s
 T       0       0         0   0.00%   0.5898240777    19.53359417       96.98%        0      0      0       714     0.5s
         1       0         1 100.00%   19.53359417     19.53359417        0.00%        0      0      0       714     0.5s

Solving report
  Status            Optimal
  Primal bound      19.5335941699
  Dual bound        19.5335941699
  Gap               0% (tolerance: 0.5%)
  P-D integral      0.0274917155028
  Solution status   feasible
                    19.5335941699 (objective)
                    0 (bound viol.)
                    0 (int. viol.)
                    0 (row viol.)
  Timing            0.51
  Max sub-MIP depth 0
  Nodes             1
  Repair LPs        0
  LP iterations     714
                    0 (strong br.)
                    0 (separation)
                    0 (heuristics)
MIP has 10753 rows; 9409 cols; 25537 nonzeros; 1344 integer variables (1344 binary)
Coefficient ranges:
  Matrix  [2e-01, 3e+00]
  Cost    [1e-02, 6e-02]
  Bound   [1e+00, 1e+00]
  RHS     [5e-04, 5e+00]
Presolving model
8064 rows, 8617 cols, 22056 nonzeros 0s
6411 rows, 7298 cols, 17744 nonzeros 0s
4603 rows, 5755 cols, 13041 nonzeros 0s
2657 rows, 3915 cols, 7915 nonzeros 0s
1788 rows, 3110 cols, 5797 nonzeros 0s
1666 rows, 2949 cols, 5514 nonzeros 0s
Presolve reductions: rows 1666(-9087); columns 2949(-6460); nonzeros 5514(-20023) 

Solving MIP model with:
   1666 rows
   2949 cols (225 binary, 0 integer, 0 implied int., 2724 continuous, 0 domain fixed)
   5514 nonzeros

Src: B => Branching; C => Central rounding; F => Feasibility pump; H => Heuristic;
     I => Shifting; J => Feasibility jump; L => Sub-MIP; P => Empty MIP; R => Randomized rounding;
     S => Solve LP; T => Evaluate node; U => Unbounded; X => User solution; Y => HiGHS solution;
     Z => ZI Round; l => Trivial lower; p => Trivial point; u => Trivial upper; z => Trivial zero

        Nodes      |    B&B Tree     |            Objective Bounds              |  Dynamic Constraints |       Work      
Src  Proc. InQueue |  Leaves   Expl. | BestBound       BestSol              Gap |   Cuts   InLp Confl. | LpIters     Time

 J       0       0         0   0.00%   -inf            22.0926197         Large        0      0      0         0     0.5s
 T       0       0         0   0.00%   0.4922169537    18.32298085       97.31%        0      0      0       710     0.5s
         1       0         1 100.00%   18.32298085     18.32298085        0.00%        0      0      0       710     0.5s

Solving report
  Status            Optimal
  Primal bound      18.3229808533
  Dual bound        18.3229808533
  Gap               0% (tolerance: 0.5%)
  P-D integral      0.0248856040157
  Solution status   feasible
                    18.3229808533 (objective)
                    0 (bound viol.)
                    0 (int. viol.)
                    0 (row viol.)
  Timing            0.52
  Max sub-MIP depth 0
  Nodes             1
  Repair LPs        0
  LP iterations     710
                    0 (strong br.)
                    0 (separation)
                    0 (heuristics)
MIP has 10753 rows; 9409 cols; 25537 nonzeros; 1344 integer variables (1344 binary)
Coefficient ranges:
  Matrix  [2e-01, 3e+00]
  Cost    [1e-02, 6e-02]
  Bound   [1e+00, 1e+00]
  RHS     [9e-04, 5e+00]
Presolving model
8064 rows, 8611 cols, 22050 nonzeros 0s
6401 rows, 7282 cols, 17718 nonzeros 0s
4581 rows, 5724 cols, 12989 nonzeros 0s
2616 rows, 3870 cols, 7829 nonzeros 0s
1884 rows, 3094 cols, 5999 nonzeros 0s
1748 rows, 2761 cols, 5530 nonzeros 0s
Presolve reductions: rows 1748(-9005); columns 2761(-6648); nonzeros 5530(-20007) 

Solving MIP model with:
   1748 rows
   2761 cols (256 binary, 0 integer, 0 implied int., 2505 continuous, 0 domain fixed)
   5530 nonzeros

Src: B => Branching; C => Central rounding; F => Feasibility pump; H => Heuristic;
     I => Shifting; J => Feasibility jump; L => Sub-MIP; P => Empty MIP; R => Randomized rounding;
     S => Solve LP; T => Evaluate node; U => Unbounded; X => User solution; Y => HiGHS solution;
     Z => ZI Round; l => Trivial lower; p => Trivial point; u => Trivial upper; z => Trivial zero

        Nodes      |    B&B Tree     |            Objective Bounds              |  Dynamic Constraints |       Work      
Src  Proc. InQueue |  Leaves   Expl. | BestBound       BestSol              Gap |   Cuts   InLp Confl. | LpIters     Time

 J       0       0         0   0.00%   -inf            20.77701503        Large        0      0      0         0     0.5s
 T       0       0         0   0.00%   3.514433553     15.64741737       77.54%        0      0      0       732     0.5s
         1       0         1 100.00%   15.64741737     15.64741737        0.00%        0      0      0       732     0.5s

Solving report
  Status            Optimal
  Primal bound      15.6474173665
  Dual bound        15.6474173665
  Gap               0% (tolerance: 0.5%)
  P-D integral      0.0232517346477
  Solution status   feasible
                    15.6474173665 (objective)
                    0 (bound viol.)
                    0 (int. viol.)
                    0 (row viol.)
  Timing            0.51
  Max sub-MIP depth 0
  Nodes             1
  Repair LPs        0
  LP iterations     732
                    0 (strong br.)
                    0 (separation)
                    0 (heuristics)
MIP has 10753 rows; 9409 cols; 25537 nonzeros; 1344 integer variables (1344 binary)
Coefficient ranges:
  Matrix  [2e-01, 3e+00]
  Cost    [1e-02, 6e-02]
  Bound   [1e+00, 1e+00]
  RHS     [9e-04, 5e+00]
Presolving model
8064 rows, 8635 cols, 22074 nonzeros 0s
6390 rows, 7295 cols, 17720 nonzeros 0s
4557 rows, 5710 cols, 12954 nonzeros 0s
4395 rows, 4288 cols, 9345 nonzeros 0s
2575 rows, 3788 cols, 7710 nonzeros 0s
2150 rows, 3387 cols, 6786 nonzeros 0s
Presolve reductions: rows 2150(-8603); columns 3387(-6022); nonzeros 6786(-18751) 

Solving MIP model with:
   2150 rows
   3387 cols (313 binary, 0 integer, 0 implied int., 3074 continuous, 0 domain fixed)
   6786 nonzeros

Src: B => Branching; C => Central rounding; F => Feasibility pump; H => Heuristic;
     I => Shifting; J => Feasibility jump; L => Sub-MIP; P => Empty MIP; R => Randomized rounding;
     S => Solve LP; T => Evaluate node; U => Unbounded; X => User solution; Y => HiGHS solution;
     Z => ZI Round; l => Trivial lower; p => Trivial point; u => Trivial upper; z => Trivial zero

        Nodes      |    B&B Tree     |            Objective Bounds              |  Dynamic Constraints |       Work      
Src  Proc. InQueue |  Leaves   Expl. | BestBound       BestSol              Gap |   Cuts   InLp Confl. | LpIters     Time

 J       0       0         0   0.00%   -inf            17.86642899        Large        0      0      0         0     0.5s
 T       0       0         0   0.00%   -2.13823778     10.6608081       120.06%        0      0      0       939     0.5s
         1       0         1 100.00%   10.6608081      10.6608081         0.00%        0      0      0       939     0.5s

Solving report
  Status            Optimal
  Primal bound      10.660808104
  Dual bound        10.660808104
  Gap               0% (tolerance: 0.5%)
  P-D integral      0.0306652394359
  Solution status   feasible
                    10.660808104 (objective)
                    0 (bound viol.)
                    0 (int. viol.)
                    0 (row viol.)
  Timing            0.52
  Max sub-MIP depth 0
  Nodes             1
  Repair LPs        0
  LP iterations     939
                    0 (strong br.)
                    0 (separation)
                    0 (heuristics)
MIP has 10753 rows; 9409 cols; 25537 nonzeros; 1344 integer variables (1344 binary)
Coefficient ranges:
  Matrix  [2e-01, 3e+00]
  Cost    [1e-02, 6e-02]
  Bound   [1e+00, 1e+00]
  RHS     [4e-04, 5e+00]
Presolving model
8064 rows, 8674 cols, 22113 nonzeros 0s
6375 rows, 7319 cols, 17729 nonzeros 0s
4540 rows, 5717 cols, 12948 nonzeros 0s
2778 rows, 3973 cols, 8274 nonzeros 0s
2524 rows, 3719 cols, 7764 nonzeros 0s
Presolve reductions: rows 2524(-8229); columns 3719(-5690); nonzeros 7764(-17773) 

Solving MIP model with:
   2524 rows
   3719 cols (381 binary, 0 integer, 0 implied int., 3338 continuous, 0 domain fixed)
   7764 nonzeros

Src: B => Branching; C => Central rounding; F => Feasibility pump; H => Heuristic;
     I => Shifting; J => Feasibility jump; L => Sub-MIP; P => Empty MIP; R => Randomized rounding;
     S => Solve LP; T => Evaluate node; U => Unbounded; X => User solution; Y => HiGHS solution;
     Z => ZI Round; l => Trivial lower; p => Trivial point; u => Trivial upper; z => Trivial zero

        Nodes      |    B&B Tree     |            Objective Bounds              |  Dynamic Constraints |       Work      
Src  Proc. InQueue |  Leaves   Expl. | BestBound       BestSol              Gap |   Cuts   InLp Confl. | LpIters     Time

 J       0       0         0   0.00%   -inf            15.68627047        Large        0      0      0         0     0.5s
 T       0       0         0   0.00%   -3.185537698    7.332089923      143.45%        0      0      0      1053     0.5s
         1       0         1 100.00%   7.332089923     7.332089923        0.00%        0      0      0      1053     0.5s

Solving report
  Status            Optimal
  Primal bound      7.33208992348
  Dual bound        7.33208992348
  Gap               0% (tolerance: 0.5%)
  P-D integral      0.0472679450304
  Solution status   feasible
                    7.33208992348 (objective)
                    0 (bound viol.)
                    0 (int. viol.)
                    0 (row viol.)
  Timing            0.50
  Max sub-MIP depth 0
  Nodes             1
  Repair LPs        0
  LP iterations     1053
                    0 (strong br.)
                    0 (separation)
                    0 (heuristics)
MIP has 10753 rows; 9409 cols; 25537 nonzeros; 1344 integer variables (1344 binary)
Coefficient ranges:
  Matrix  [2e-01, 3e+00]
  Cost    [1e-02, 6e-02]
  Bound   [1e+00, 1e+00]
  RHS     [4e-04, 5e+00]
Presolving model
8064 rows, 8692 cols, 22131 nonzeros 0s
6351 rows, 7313 cols, 17699 nonzeros 0s
4471 rows, 5649 cols, 12815 nonzeros 0s
3227 rows, 4267 cols, 9430 nonzeros 0s
3054 rows, 4089 cols, 9076 nonzeros 0s
Presolve reductions: rows 3054(-7699); columns 4089(-5320); nonzeros 9076(-16461) 

Solving MIP model with:
   3054 rows
   4089 cols (484 binary, 0 integer, 0 implied int., 3605 continuous, 0 domain fixed)
   9076 nonzeros

Src: B => Branching; C => Central rounding; F => Feasibility pump; H => Heuristic;
     I => Shifting; J => Feasibility jump; L => Sub-MIP; P => Empty MIP; R => Randomized rounding;
     S => Solve LP; T => Evaluate node; U => Unbounded; X => User solution; Y => HiGHS solution;
     Z => ZI Round; l => Trivial lower; p => Trivial point; u => Trivial upper; z => Trivial zero

        Nodes      |    B&B Tree     |            Objective Bounds              |  Dynamic Constraints |       Work      
Src  Proc. InQueue |  Leaves   Expl. | BestBound       BestSol              Gap |   Cuts   InLp Confl. | LpIters     Time

 J       0       0         0   0.00%   -inf            8.854083187        Large        0      0      0         0     0.5s
 T       0       0         0   0.00%   -4.18334924     1.745485717      339.67%        0      0      0      1174     0.5s
         1       0         1 100.00%   1.745485717     1.745485717        0.00%        0      0      0      1174     0.5s

Solving report
  Status            Optimal
  Primal bound      1.74548571659
  Dual bound        1.74548571659
  Gap               0% (tolerance: 0.5%)
  P-D integral      0.0867444147152
  Solution status   feasible
                    1.74548571659 (objective)
                    0 (bound viol.)
                    0 (int. viol.)
                    0 (row viol.)
  Timing            0.55
  Max sub-MIP depth 0
  Nodes             1
  Repair LPs        0
  LP iterations     1174
                    0 (strong br.)
                    0 (separation)
                    0 (heuristics)
MIP has 10753 rows; 9409 cols; 25537 nonzeros; 1344 integer variables (1344 binary)
Coefficient ranges:
  Matrix  [2e-01, 3e+00]
  Cost    [1e-02, 6e-02]
  Bound   [1e+00, 1e+00]
  RHS     [5e-04, 5e+00]
Presolving model
8064 rows, 8707 cols, 22146 nonzeros 0s
6370 rows, 7347 cols, 17756 nonzeros 0s
4523 rows, 5735 cols, 12961 nonzeros 0s
3127 rows, 4270 cols, 9204 nonzeros 0s
2937 rows, 4080 cols, 8824 nonzeros 0s
Presolve reductions: rows 2937(-7816); columns 4080(-5329); nonzeros 8824(-16713) 

Solving MIP model with:
   2937 rows
   4080 cols (452 binary, 0 integer, 0 implied int., 3628 continuous, 0 domain fixed)
   8824 nonzeros

Src: B => Branching; C => Central rounding; F => Feasibility pump; H => Heuristic;
     I => Shifting; J => Feasibility jump; L => Sub-MIP; P => Empty MIP; R => Randomized rounding;
     S => Solve LP; T => Evaluate node; U => Unbounded; X => User solution; Y => HiGHS solution;
     Z => ZI Round; l => Trivial lower; p => Trivial point; u => Trivial upper; z => Trivial zero

        Nodes      |    B&B Tree     |            Objective Bounds              |  Dynamic Constraints |       Work      
Src  Proc. InQueue |  Leaves   Expl. | BestBound       BestSol              Gap |   Cuts   InLp Confl. | LpIters     Time

 J       0       0         0   0.00%   -inf            9.871054074        Large        0      0      0         0     0.4s
 T       0       0         0   0.00%   -4.398779177    2.914486158      250.93%        0      0      0      1178     0.5s
         1       0         1 100.00%   2.914486158     2.914486158        0.00%        0      0      0      1178     0.5s

Solving report
  Status            Optimal
  Primal bound      2.91448615844
  Dual bound        2.91448615844
  Gap               0% (tolerance: 0.5%)
  P-D integral      0.0730032310488
  Solution status   feasible
                    2.91448615844 (objective)
                    0 (bound viol.)
                    0 (int. viol.)
                    0 (row viol.)
  Timing            0.47
  Max sub-MIP depth 0
  Nodes             1
  Repair LPs        0
  LP iterations     1178
                    0 (strong br.)
                    0 (separation)
                    0 (heuristics)
MIP has 10753 rows; 9409 cols; 25537 nonzeros; 1344 integer variables (1344 binary)
Coefficient ranges:
  Matrix  [2e-01, 3e+00]
  Cost    [1e-02, 6e-02]
  Bound   [1e+00, 1e+00]
  RHS     [5e-04, 5e+00]
Presolving model
8064 rows, 8724 cols, 22163 nonzeros 0s
6404 rows, 7398 cols, 17841 nonzeros 0s
4595 rows, 5839 cols, 13137 nonzeros 0s
2911 rows, 4180 cols, 8674 nonzeros 0s
2640 rows, 3819 cols, 8042 nonzeros 0s
Presolve reductions: rows 2640(-8113); columns 3819(-5590); nonzeros 8042(-17495) 

Solving MIP model with:
   2640 rows
   3819 cols (396 binary, 0 integer, 0 implied int., 3423 continuous, 0 domain fixed)
   8042 nonzeros

Src: B => Branching; C => Central rounding; F => Feasibility pump; H => Heuristic;
     I => Shifting; J => Feasibility jump; L => Sub-MIP; P => Empty MIP; R => Randomized rounding;
     S => Solve LP; T => Evaluate node; U => Unbounded; X => User solution; Y => HiGHS solution;
     Z => ZI Round; l => Trivial lower; p => Trivial point; u => Trivial upper; z => Trivial zero

        Nodes      |    B&B Tree     |            Objective Bounds              |  Dynamic Constraints |       Work      
Src  Proc. InQueue |  Leaves   Expl. | BestBound       BestSol              Gap |   Cuts   InLp Confl. | LpIters     Time

 J       0       0         0   0.00%   -inf            14.14947321        Large        0      0      0         0     0.4s
 T       0       0         0   0.00%   -2.889378268    4.512273221      164.03%        0      0      0      1101     0.5s
         1       0         1 100.00%   4.512273221     4.512273221        0.00%        0      0      0      1101     0.5s

Solving report
  Status            Optimal
  Primal bound      4.51227322093
  Dual bound        4.51227322093
  Gap               0% (tolerance: 0.5%)
  P-D integral      0.0490905700617
  Solution status   feasible
                    4.51227322093 (objective)
                    0 (bound viol.)
                    0 (int. viol.)
                    0 (row viol.)
  Timing            0.49
  Max sub-MIP depth 0
  Nodes             1
  Repair LPs        0
  LP iterations     1101
                    0 (strong br.)
                    0 (separation)
                    0 (heuristics)
MIP has 10753 rows; 9409 cols; 25537 nonzeros; 1344 integer variables (1344 binary)
Coefficient ranges:
  Matrix  [2e-01, 3e+00]
  Cost    [1e-02, 6e-02]
  Bound   [1e+00, 1e+00]
  RHS     [1e-03, 5e+00]
Presolving model
8064 rows, 8744 cols, 22183 nonzeros 0s
6394 rows, 7408 cols, 17841 nonzeros 0s
4585 rows, 5845 cols, 13133 nonzeros 0s
2999 rows, 4229 cols, 8899 nonzeros 0s
2784 rows, 4013 cols, 8468 nonzeros 0s
Presolve reductions: rows 2784(-7969); columns 4013(-5396); nonzeros 8468(-17069) 

Solving MIP model with:
   2784 rows
   4013 cols (418 binary, 0 integer, 0 implied int., 3595 continuous, 0 domain fixed)
   8468 nonzeros

Src: B => Branching; C => Central rounding; F => Feasibility pump; H => Heuristic;
     I => Shifting; J => Feasibility jump; L => Sub-MIP; P => Empty MIP; R => Randomized rounding;
     S => Solve LP; T => Evaluate node; U => Unbounded; X => User solution; Y => HiGHS solution;
     Z => ZI Round; l => Trivial lower; p => Trivial point; u => Trivial upper; z => Trivial zero

        Nodes      |    B&B Tree     |            Objective Bounds              |  Dynamic Constraints |       Work      
Src  Proc. InQueue |  Leaves   Expl. | BestBound       BestSol              Gap |   Cuts   InLp Confl. | LpIters     Time

 J       0       0         0   0.00%   -inf            12.87297262        Large        0      0      0         0     0.5s
 T       0       0         0   0.00%   -5.994656638    1.950521783      407.34%        0      0      0      1164     0.5s
         1       0         1 100.00%   1.950521783     1.950521783        0.00%        0      0      0      1164     0.5s

Solving report
  Status            Optimal
  Primal bound      1.95052178282
  Dual bound        1.95052178282
  Gap               0% (tolerance: 0.5%)
  P-D integral      0.0715962926601
  Solution status   feasible
                    1.95052178282 (objective)
                    0 (bound viol.)
                    0 (int. viol.)
                    0 (row viol.)
  Timing            0.52
  Max sub-MIP depth 0
  Nodes             1
  Repair LPs        0
  LP iterations     1164
                    0 (strong br.)
                    0 (separation)
                    0 (heuristics)
MIP has 10753 rows; 9409 cols; 25537 nonzeros; 1344 integer variables (1344 binary)
Coefficient ranges:
  Matrix  [2e-01, 3e+00]
  Cost    [1e-02, 6e-02]
  Bound   [1e+00, 1e+00]
  RHS     [5e-04, 5e+00]
Presolving model
8064 rows, 8764 cols, 22203 nonzeros 0s
6400 rows, 7434 cols, 17873 nonzeros 0s
4599 rows, 5880 cols, 13182 nonzeros 0s
3075 rows, 4363 cols, 9133 nonzeros 0s
2846 rows, 4134 cols, 8675 nonzeros 0s
Presolve reductions: rows 2846(-7907); columns 4134(-5275); nonzeros 8675(-16862) 

Solving MIP model with:
   2846 rows
   4134 cols (424 binary, 0 integer, 0 implied int., 3710 continuous, 0 domain fixed)
   8675 nonzeros

Src: B => Branching; C => Central rounding; F => Feasibility pump; H => Heuristic;
     I => Shifting; J => Feasibility jump; L => Sub-MIP; P => Empty MIP; R => Randomized rounding;
     S => Solve LP; T => Evaluate node; U => Unbounded; X => User solution; Y => HiGHS solution;
     Z => ZI Round; l => Trivial lower; p => Trivial point; u => Trivial upper; z => Trivial zero

        Nodes      |    B&B Tree     |            Objective Bounds              |  Dynamic Constraints |       Work      
Src  Proc. InQueue |  Leaves   Expl. | BestBound       BestSol              Gap |   Cuts   InLp Confl. | LpIters     Time

 J       0       0         0   0.00%   -inf            13.01465679        Large        0      0      0         0     0.4s
 T       0       0         0   0.00%   -6.748184457    1.531644865      540.58%        0      0      0      1210     0.5s
         1       0         1 100.00%   1.531644865     1.531644865        0.00%        0      0      0      1210     0.5s

Solving report
  Status            Optimal
  Primal bound      1.53164486452
  Dual bound        1.53164486452
  Gap               0% (tolerance: 0.5%)
  P-D integral      0.0687672467115
  Solution status   feasible
                    1.53164486452 (objective)
                    0 (bound viol.)
                    0 (int. viol.)
                    0 (row viol.)
  Timing            0.50
  Max sub-MIP depth 0
  Nodes             1
  Repair LPs        0
  LP iterations     1210
                    0 (strong br.)
                    0 (separation)
                    0 (heuristics)
MIP has 10753 rows; 9409 cols; 25537 nonzeros; 1344 integer variables (1344 binary)
Coefficient ranges:
  Matrix  [2e-01, 3e+00]
  Cost    [1e-02, 6e-02]
  Bound   [1e+00, 1e+00]
  RHS     [2e-05, 5e+00]
WARNING: Problem has some excessively small row bounds
Presolving model
8064 rows, 8776 cols, 22215 nonzeros 0s
6398 rows, 7444 cols, 17881 nonzeros 0s
4586 rows, 5871 cols, 13160 nonzeros 0s
3206 rows, 4460 cols, 9477 nonzeros 0s
3005 rows, 4259 cols, 9075 nonzeros 0s
Presolve reductions: rows 3005(-7748); columns 4259(-5150); nonzeros 9075(-16462) 

Solving MIP model with:
   3005 rows
   4259 cols (453 binary, 0 integer, 0 implied int., 3806 continuous, 0 domain fixed)
   9075 nonzeros

Src: B => Branching; C => Central rounding; F => Feasibility pump; H => Heuristic;
     I => Shifting; J => Feasibility jump; L => Sub-MIP; P => Empty MIP; R => Randomized rounding;
     S => Solve LP; T => Evaluate node; U => Unbounded; X => User solution; Y => HiGHS solution;
     Z => ZI Round; l => Trivial lower; p => Trivial point; u => Trivial upper; z => Trivial zero

        Nodes      |    B&B Tree     |            Objective Bounds              |  Dynamic Constraints |       Work      
Src  Proc. InQueue |  Leaves   Expl. | BestBound       BestSol              Gap |   Cuts   InLp Confl. | LpIters     Time

 J       0       0         0   0.00%   -inf            12.03579936        Large        0      0      0         0     0.4s
 T       0       0         0   0.00%   -6.045580897    1.461019967      513.79%        0      0      0      1250     0.5s
         1       0         1 100.00%   1.461019967     1.461019967        0.00%        0      0      0      1250     0.5s

Solving report
  Status            Optimal
  Primal bound      1.46101996733
  Dual bound        1.46101996733
  Gap               0% (tolerance: 0.5%)
  P-D integral      0.0740635345502
  Solution status   feasible
                    1.46101996733 (objective)
                    0 (bound viol.)
                    0 (int. viol.)
                    0 (row viol.)
  Timing            0.49
  Max sub-MIP depth 0
  Nodes             1
  Repair LPs        0
  LP iterations     1250
                    0 (strong br.)
                    0 (separation)
                    0 (heuristics)
MIP has 10753 rows; 9409 cols; 25537 nonzeros; 1344 integer variables (1344 binary)
Coefficient ranges:
  Matrix  [2e-01, 3e+00]
  Cost    [1e-02, 6e-02]
  Bound   [1e+00, 1e+00]
  RHS     [2e-05, 5e+00]
WARNING: Problem has some excessively small row bounds
Presolving model
8064 rows, 8786 cols, 22225 nonzeros 0s
6370 rows, 7426 cols, 17835 nonzeros 0s
4516 rows, 5794 cols, 13013 nonzeros 0s
3607 rows, 4697 cols, 10495 nonzeros 0s
3490 rows, 4580 cols, 10261 nonzeros 0s
Presolve reductions: rows 3490(-7263); columns 4580(-4829); nonzeros 10261(-15276) 

Solving MIP model with:
   3490 rows
   4580 cols (548 binary, 0 integer, 0 implied int., 4032 continuous, 0 domain fixed)
   10261 nonzeros

Src: B => Branching; C => Central rounding; F => Feasibility pump; H => Heuristic;
     I => Shifting; J => Feasibility jump; L => Sub-MIP; P => Empty MIP; R => Randomized rounding;
     S => Solve LP; T => Evaluate node; U => Unbounded; X => User solution; Y => HiGHS solution;
     Z => ZI Round; l => Trivial lower; p => Trivial point; u => Trivial upper; z => Trivial zero

        Nodes      |    B&B Tree     |            Objective Bounds              |  Dynamic Constraints |       Work      
Src  Proc. InQueue |  Leaves   Expl. | BestBound       BestSol              Gap |   Cuts   InLp Confl. | LpIters     Time

 J       0       0         0   0.00%   -inf            6.225305642        Large        0      0      0         0     0.5s
 T       0       0         0   0.00%   -5.757718199    -1.497909095     284.38%        0      0      0      1360     0.6s
         1       0         1 100.00%   -1.497909095    -1.497909095       0.00%        0      0      0      1360     0.6s

Solving report
  Status            Optimal
  Primal bound      -1.49790909451
  Dual bound        -1.49790909451
  Gap               0% (tolerance: 0.5%)
  P-D integral      0.103720138256
  Solution status   feasible
                    -1.49790909451 (objective)
                    0 (bound viol.)
                    0 (int. viol.)
                    0 (row viol.)
  Timing            0.56
  Max sub-MIP depth 0
  Nodes             1
  Repair LPs        0
  LP iterations     1360
                    0 (strong br.)
                    0 (separation)
                    0 (heuristics)
MIP has 10753 rows; 9409 cols; 25537 nonzeros; 1344 integer variables (1344 binary)
Coefficient ranges:
  Matrix  [2e-01, 3e+00]
  Cost    [1e-02, 6e-02]
  Bound   [1e+00, 1e+00]
  RHS     [2e-04, 5e+00]
Presolving model
8064 rows, 8808 cols, 22247 nonzeros 0s
6359 rows, 7437 cols, 17835 nonzeros 0s
4492 rows, 5783 cols, 12978 nonzeros 0s
3790 rows, 4835 cols, 10972 nonzeros 0s
3708 rows, 4753 cols, 10808 nonzeros 0s
Presolve reductions: rows 3708(-7045); columns 4753(-4656); nonzeros 10808(-14729) 

Solving MIP model with:
   3708 rows
   4753 cols (587 binary, 0 integer, 0 implied int., 4166 continuous, 0 domain fixed)
   10808 nonzeros

Src: B => Branching; C => Central rounding; F => Feasibility pump; H => Heuristic;
     I => Shifting; J => Feasibility jump; L => Sub-MIP; P => Empty MIP; R => Randomized rounding;
     S => Solve LP; T => Evaluate node; U => Unbounded; X => User solution; Y => HiGHS solution;
     Z => ZI Round; l => Trivial lower; p => Trivial point; u => Trivial upper; z => Trivial zero

        Nodes      |    B&B Tree     |            Objective Bounds              |  Dynamic Constraints |       Work      
Src  Proc. InQueue |  Leaves   Expl. | BestBound       BestSol              Gap |   Cuts   InLp Confl. | LpIters     Time

 J       0       0         0   0.00%   -inf            2.316687016        Large        0      0      0         0     0.5s
 T       0       0         0   0.00%   -6.718754336    -4.44134262       51.28%        0      0      0      1421     0.5s
         1       0         1 100.00%   -4.44134262     -4.44134262        0.00%        0      0      0      1421     0.6s

Solving report
  Status            Optimal
  Primal bound      -4.44134262018
  Dual bound        -4.44134262018
  Gap               0% (tolerance: 0.5%)
  P-D integral      0.26671875237
  Solution status   feasible
                    -4.44134262018 (objective)
                    0 (bound viol.)
                    0 (int. viol.)
                    0 (row viol.)
  Timing            0.55
  Max sub-MIP depth 0
  Nodes             1
  Repair LPs        0
  LP iterations     1421
                    0 (strong br.)
                    0 (separation)
                    0 (heuristics)
MIP has 10753 rows; 9409 cols; 25537 nonzeros; 1344 integer variables (1344 binary)
Coefficient ranges:
  Matrix  [2e-01, 3e+00]
  Cost    [1e-02, 6e-02]
  Bound   [1e+00, 1e+00]
  RHS     [5e-04, 5e+00]
Presolving model
8064 rows, 8828 cols, 22267 nonzeros 0s
6375 rows, 7473 cols, 17887 nonzeros 0s
4533 rows, 5854 cols, 13090 nonzeros 0s
3687 rows, 4831 cols, 10745 nonzeros 0s
3578 rows, 4722 cols, 10527 nonzeros 0s
Presolve reductions: rows 3578(-7175); columns 4722(-4687); nonzeros 10527(-15010) 

Solving MIP model with:
   3578 rows
   4722 cols (557 binary, 0 integer, 0 implied int., 4165 continuous, 0 domain fixed)
   10527 nonzeros

Src: B => Branching; C => Central rounding; F => Feasibility pump; H => Heuristic;
     I => Shifting; J => Feasibility jump; L => Sub-MIP; P => Empty MIP; R => Randomized rounding;
     S => Solve LP; T => Evaluate node; U => Unbounded; X => User solution; Y => HiGHS solution;
     Z => ZI Round; l => Trivial lower; p => Trivial point; u => Trivial upper; z => Trivial zero

        Nodes      |    B&B Tree     |            Objective Bounds              |  Dynamic Constraints |       Work      
Src  Proc. InQueue |  Leaves   Expl. | BestBound       BestSol              Gap |   Cuts   InLp Confl. | LpIters     Time

 J       0       0         0   0.00%   -inf            4.88969229         Large        0      0      0         0     0.4s
 T       0       0         0   0.00%   -7.303239875    -4.086230121      78.73%        0      0      0      1413     0.5s
         1       0         1 100.00%   -4.086230121    -4.086230121       0.00%        0      0      0      1413     0.5s

Solving report
  Status            Optimal
  Primal bound      -4.08623012089
  Dual bound        -4.08623012089
  Gap               0% (tolerance: 0.5%)
  P-D integral      0.170994578067
  Solution status   feasible
                    -4.08623012089 (objective)
                    0 (bound viol.)
                    0 (int. viol.)
                    0 (row viol.)
  Timing            0.49
  Max sub-MIP depth 0
  Nodes             1
  Repair LPs        0
  LP iterations     1413
                    0 (strong br.)
                    0 (separation)
                    0 (heuristics)
MIP has 10753 rows; 9409 cols; 25537 nonzeros; 1344 integer variables (1344 binary)
Coefficient ranges:
  Matrix  [2e-01, 3e+00]
  Cost    [1e-02, 6e-02]
  Bound   [1e+00, 1e+00]
  RHS     [5e-04, 5e+00]
Presolving model
8064 rows, 8843 cols, 22282 nonzeros 0s
6376 rows, 7489 cols, 17904 nonzeros 0s
4542 rows, 5875 cols, 13120 nonzeros 0s
3731 rows, 4867 cols, 10861 nonzeros 0s
3630 rows, 4766 cols, 10659 nonzeros 0s
Presolve reductions: rows 3630(-7123); columns 4766(-4643); nonzeros 10659(-14878) 

Solving MIP model with:
   3630 rows
   4766 cols (566 binary, 0 integer, 0 implied int., 4200 continuous, 0 domain fixed)
   10659 nonzeros

Src: B => Branching; C => Central rounding; F => Feasibility pump; H => Heuristic;
     I => Shifting; J => Feasibility jump; L => Sub-MIP; P => Empty MIP; R => Randomized rounding;
     S => Solve LP; T => Evaluate node; U => Unbounded; X => User solution; Y => HiGHS solution;
     Z => ZI Round; l => Trivial lower; p => Trivial point; u => Trivial upper; z => Trivial zero

        Nodes      |    B&B Tree     |            Objective Bounds              |  Dynamic Constraints |       Work      
Src  Proc. InQueue |  Leaves   Expl. | BestBound       BestSol              Gap |   Cuts   InLp Confl. | LpIters     Time

 J       0       0         0   0.00%   -inf            4.112722757        Large        0      0      0         0     0.4s
 T       0       0         0   0.00%   -8.876429756    -5.197763262      70.77%        0      0      0      1442     0.5s
         1       0         1 100.00%   -5.197763262    -5.197763262       0.00%        0      0      0      1442     0.5s

Solving report
  Status            Optimal
  Primal bound      -5.19776326187
  Dual bound        -5.19776326187
  Gap               0% (tolerance: 0.5%)
  P-D integral      0.185785394306
  Solution status   feasible
                    -5.19776326187 (objective)
                    0 (bound viol.)
                    0 (int. viol.)
                    0 (row viol.)
  Timing            0.49
  Max sub-MIP depth 0
  Nodes             1
  Repair LPs        0
  LP iterations     1442
                    0 (strong br.)
                    0 (separation)
                    0 (heuristics)
MIP has 10753 rows; 9409 cols; 25537 nonzeros; 1344 integer variables (1344 binary)
Coefficient ranges:
  Matrix  [2e-01, 3e+00]
  Cost    [1e-02, 6e-02]
  Bound   [1e+00, 1e+00]
  RHS     [5e-04, 5e+00]
Presolving model
8064 rows, 8854 cols, 22293 nonzeros 0s
6378 rows, 7502 cols, 17919 nonzeros 0s
4538 rows, 5885 cols, 13126 nonzeros 0s
3761 rows, 4923 cols, 10963 nonzeros 0s
3662 rows, 4824 cols, 10765 nonzeros 0s
Presolve reductions: rows 3662(-7091); columns 4824(-4585); nonzeros 10765(-14772) 

Solving MIP model with:
   3662 rows
   4824 cols (570 binary, 0 integer, 0 implied int., 4254 continuous, 0 domain fixed)
   10765 nonzeros

Src: B => Branching; C => Central rounding; F => Feasibility pump; H => Heuristic;
     I => Shifting; J => Feasibility jump; L => Sub-MIP; P => Empty MIP; R => Randomized rounding;
     S => Solve LP; T => Evaluate node; U => Unbounded; X => User solution; Y => HiGHS solution;
     Z => ZI Round; l => Trivial lower; p => Trivial point; u => Trivial upper; z => Trivial zero

        Nodes      |    B&B Tree     |            Objective Bounds              |  Dynamic Constraints |       Work      
Src  Proc. InQueue |  Leaves   Expl. | BestBound       BestSol              Gap |   Cuts   InLp Confl. | LpIters     Time

 J       0       0         0   0.00%   -inf            4.046984394        Large        0      0      0         0     0.5s
 T       0       0         0   0.00%   -8.66533144     -4.494724546      92.79%        0      0      0      1446     0.5s
         1       0         1 100.00%   -4.494724546    -4.494724546       0.00%        0      0      0      1446     0.5s

Solving report
  Status            Optimal
  Primal bound      -4.49472454646
  Dual bound        -4.49472454646
  Gap               0% (tolerance: 0.5%)
  P-D integral      0.181885941406
  Solution status   feasible
                    -4.49472454646 (objective)
                    0 (bound viol.)
                    0 (int. viol.)
                    0 (row viol.)
  Timing            0.53
  Max sub-MIP depth 0
  Nodes             1
  Repair LPs        0
  LP iterations     1446
                    0 (strong br.)
                    0 (separation)
                    0 (heuristics)
MIP has 10753 rows; 9409 cols; 25537 nonzeros; 1344 integer variables (1344 binary)
Coefficient ranges:
  Matrix  [2e-01, 3e+00]
  Cost    [1e-02, 6e-02]
  Bound   [1e+00, 1e+00]
  RHS     [7e-04, 5e+00]
Presolving model
8064 rows, 8869 cols, 22308 nonzeros 0s
6375 rows, 7514 cols, 17928 nonzeros 0s
4535 rows, 5895 cols, 13133 nonzeros 0s
3857 rows, 5006 cols, 11222 nonzeros 0s
3778 rows, 4927 cols, 11064 nonzeros 0s
Presolve reductions: rows 3778(-6975); columns 4927(-4482); nonzeros 11064(-14473) 

Solving MIP model with:
   3778 rows
   4927 cols (590 binary, 0 integer, 0 implied int., 4337 continuous, 0 domain fixed)
   11064 nonzeros

Src: B => Branching; C => Central rounding; F => Feasibility pump; H => Heuristic;
     I => Shifting; J => Feasibility jump; L => Sub-MIP; P => Empty MIP; R => Randomized rounding;
     S => Solve LP; T => Evaluate node; U => Unbounded; X => User solution; Y => HiGHS solution;
     Z => ZI Round; l => Trivial lower; p => Trivial point; u => Trivial upper; z => Trivial zero

        Nodes      |    B&B Tree     |            Objective Bounds              |  Dynamic Constraints |       Work      
Src  Proc. InQueue |  Leaves   Expl. | BestBound       BestSol              Gap |   Cuts   InLp Confl. | LpIters     Time

 J       0       0         0   0.00%   -inf            3.642994898        Large        0      0      0         0     0.5s
 T       0       0         0   0.00%   -8.895576982    -4.952748719      79.61%        0      0      0      1491     0.6s
         1       0         1 100.00%   -4.952748719    -4.952748719       0.00%        0      0      0      1491     0.6s

Solving report
  Status            Optimal
  Primal bound      -4.95274871853
  Dual bound        -4.95274871853
  Gap               0% (tolerance: 0.5%)
  P-D integral      0.198334999972
  Solution status   feasible
                    -4.95274871853 (objective)
                    0 (bound viol.)
                    0 (int. viol.)
                    0 (row viol.)
  Timing            0.55
  Max sub-MIP depth 0
  Nodes             1
  Repair LPs        0
  LP iterations     1491
                    0 (strong br.)
                    0 (separation)
                    0 (heuristics)
MIP has 10753 rows; 9409 cols; 25537 nonzeros; 1344 integer variables (1344 binary)
Coefficient ranges:
  Matrix  [2e-01, 3e+00]
  Cost    [1e-02, 6e-02]
  Bound   [1e+00, 1e+00]
  RHS     [9e-04, 5e+00]
Presolving model
8064 rows, 8887 cols, 22326 nonzeros 0s
6379 rows, 7536 cols, 17954 nonzeros 0s
4543 rows, 5922 cols, 13168 nonzeros 0s
3860 rows, 5024 cols, 11267 nonzeros 0s
3825 rows, 4989 cols, 11197 nonzeros 0s
Presolve reductions: rows 3825(-6928); columns 4989(-4420); nonzeros 11197(-14340) 

Solving MIP model with:
   3825 rows
   4989 cols (596 binary, 0 integer, 0 implied int., 4393 continuous, 0 domain fixed)
   11197 nonzeros

Src: B => Branching; C => Central rounding; F => Feasibility pump; H => Heuristic;
     I => Shifting; J => Feasibility jump; L => Sub-MIP; P => Empty MIP; R => Randomized rounding;
     S => Solve LP; T => Evaluate node; U => Unbounded; X => User solution; Y => HiGHS solution;
     Z => ZI Round; l => Trivial lower; p => Trivial point; u => Trivial upper; z => Trivial zero

        Nodes      |    B&B Tree     |            Objective Bounds              |  Dynamic Constraints |       Work      
Src  Proc. InQueue |  Leaves   Expl. | BestBound       BestSol              Gap |   Cuts   InLp Confl. | LpIters     Time

 J       0       0         0   0.00%   -inf            3.031771242        Large        0      0      0         0     0.4s
 T       0       0         0   0.00%   -10.90226734    -6.698420409      62.76%        0      0      0      1503     0.5s
         1       0         1 100.00%   -6.698420409    -6.698420409       0.00%        0      0      0      1503     0.5s

Solving report
  Status            Optimal
  Primal bound      -6.69842040944
  Dual bound        -6.69842040944
  Gap               0% (tolerance: 0.5%)
  P-D integral      0.328570581867
  Solution status   feasible
                    -6.69842040944 (objective)
                    0 (bound viol.)
                    0 (int. viol.)
                    0 (row viol.)
  Timing            0.50
  Max sub-MIP depth 0
  Nodes             1
  Repair LPs        0
  LP iterations     1503
                    0 (strong br.)
                    0 (separation)
                    0 (heuristics)
MIP has 10753 rows; 9409 cols; 25537 nonzeros; 1344 integer variables (1344 binary)
Coefficient ranges:
  Matrix  [2e-01, 3e+00]
  Cost    [1e-02, 6e-02]
  Bound   [1e+00, 1e+00]
  RHS     [5e-04, 5e+00]
Presolving model
8064 rows, 8895 cols, 22334 nonzeros 0s
6380 rows, 7545 cols, 17964 nonzeros 0s
4542 rows, 5925 cols, 13170 nonzeros 0s
3917 rows, 5068 cols, 11436 nonzeros 0s
Presolve reductions: rows 3917(-6836); columns 5068(-4341); nonzeros 11436(-14101) 

Solving MIP model with:
   3917 rows
   5068 cols (613 binary, 0 integer, 0 implied int., 4455 continuous, 0 domain fixed)
   11436 nonzeros

Src: B => Branching; C => Central rounding; F => Feasibility pump; H => Heuristic;
     I => Shifting; J => Feasibility jump; L => Sub-MIP; P => Empty MIP; R => Randomized rounding;
     S => Solve LP; T => Evaluate node; U => Unbounded; X => User solution; Y => HiGHS solution;
     Z => ZI Round; l => Trivial lower; p => Trivial point; u => Trivial upper; z => Trivial zero

        Nodes      |    B&B Tree     |            Objective Bounds              |  Dynamic Constraints |       Work      
Src  Proc. InQueue |  Leaves   Expl. | BestBound       BestSol              Gap |   Cuts   InLp Confl. | LpIters     Time

 J       0       0         0   0.00%   -inf            2.1249477          Large        0      0      0         0     0.5s
 T       0       0         0   0.00%   -11.06210853    -6.986685968      58.33%        0      0      0      1512     0.6s
         1       0         1 100.00%   -6.986685968    -6.986685968       0.00%        0      0      0      1512     0.6s

Solving report
  Status            Optimal
  Primal bound      -6.98668596754
  Dual bound        -6.98668596754
  Gap               0% (tolerance: 0.5%)
  P-D integral      0.424606872574
  Solution status   feasible
                    -6.98668596754 (objective)
                    0 (bound viol.)
                    0 (int. viol.)
                    0 (row viol.)
  Timing            0.59
  Max sub-MIP depth 0
  Nodes             1
  Repair LPs        0
  LP iterations     1512
                    0 (strong br.)
                    0 (separation)
                    0 (heuristics)
MIP has 10753 rows; 9409 cols; 25537 nonzeros; 1344 integer variables (1344 binary)
Coefficient ranges:
  Matrix  [2e-01, 3e+00]
  Cost    [1e-02, 6e-02]
  Bound   [1e+00, 1e+00]
  RHS     [8e-05, 5e+00]
WARNING: Problem has some excessively small row bounds
Presolving model
8064 rows, 8904 cols, 22343 nonzeros 0s
6370 rows, 7544 cols, 17953 nonzeros 0s
4530 rows, 5919 cols, 13152 nonzeros 0s
4075 rows, 5195 cols, 11837 nonzeros 0s
Presolve reductions: rows 4075(-6678); columns 5195(-4214); nonzeros 11837(-13700) 

Solving MIP model with:
   4075 rows
   5195 cols (642 binary, 0 integer, 0 implied int., 4553 continuous, 0 domain fixed)
   11837 nonzeros

Src: B => Branching; C => Central rounding; F => Feasibility pump; H => Heuristic;
     I => Shifting; J => Feasibility jump; L => Sub-MIP; P => Empty MIP; R => Randomized rounding;
     S => Solve LP; T => Evaluate node; U => Unbounded; X => User solution; Y => HiGHS solution;
     Z => ZI Round; l => Trivial lower; p => Trivial point; u => Trivial upper; z => Trivial zero

        Nodes      |    B&B Tree     |            Objective Bounds              |  Dynamic Constraints |       Work      
Src  Proc. InQueue |  Leaves   Expl. | BestBound       BestSol              Gap |   Cuts   InLp Confl. | LpIters     Time

 J       0       0         0   0.00%   -inf            2.192098627        Large        0      0      0         0     0.5s
 T       0       0         0   0.00%   -10.26275546    -6.641628984      54.52%        0      0      0      1554     0.6s
         1       0         1 100.00%   -6.641628984    -6.641628984       0.00%        0      0      0      1554     0.6s

Solving report
  Status            Optimal
  Primal bound      -6.64162898443
  Dual bound        -6.64162898443
  Gap               0% (tolerance: 0.5%)
  P-D integral      0.381482917243
  Solution status   feasible
                    -6.64162898443 (objective)
                    0 (bound viol.)
                    0 (int. viol.)
                    0 (row viol.)
  Timing            0.56
  Max sub-MIP depth 0
  Nodes             1
  Repair LPs        0
  LP iterations     1554
                    0 (strong br.)
                    0 (separation)
                    0 (heuristics)
MIP has 10753 rows; 9409 cols; 25537 nonzeros; 1344 integer variables (1344 binary)
Coefficient ranges:
  Matrix  [2e-01, 3e+00]
  Cost    [1e-02, 6e-02]
  Bound   [1e+00, 1e+00]
  RHS     [8e-05, 5e+00]
WARNING: Problem has some excessively small row bounds
Presolving model
8064 rows, 8914 cols, 22353 nonzeros 0s
6361 rows, 7545 cols, 17945 nonzeros 0s
4508 rows, 5895 cols, 13106 nonzeros 0s
4239 rows, 5262 cols, 12196 nonzeros 0s
Presolve reductions: rows 4239(-6514); columns 5262(-4147); nonzeros 12196(-13341) 

Solving MIP model with:
   4239 rows
   5262 cols (674 binary, 0 integer, 0 implied int., 4588 continuous, 0 domain fixed)
   12196 nonzeros

Src: B => Branching; C => Central rounding; F => Feasibility pump; H => Heuristic;
     I => Shifting; J => Feasibility jump; L => Sub-MIP; P => Empty MIP; R => Randomized rounding;
     S => Solve LP; T => Evaluate node; U => Unbounded; X => User solution; Y => HiGHS solution;
     Z => ZI Round; l => Trivial lower; p => Trivial point; u => Trivial upper; z => Trivial zero

        Nodes      |    B&B Tree     |            Objective Bounds              |  Dynamic Constraints |       Work      
Src  Proc. InQueue |  Leaves   Expl. | BestBound       BestSol              Gap |   Cuts   InLp Confl. | LpIters     Time

         0       0         0   0.00%   -10.32468836    inf                  inf        0      0      0         0     0.5s
         0       0         0   0.00%   -6.818020512    inf                  inf        0      0      2      1634     0.6s
 R       0       0         0   0.00%   -6.818020512    -6.818020512       0.00%        0      0      2      1640     0.6s
         1       0         1 100.00%   -6.818020512    -6.818020512       0.00%        0      0      2      1640     0.6s

Solving report
  Status            Optimal
  Primal bound      -6.81802051241
  Dual bound        -6.81802051241
  Gap               0% (tolerance: 0.5%)
  P-D integral      2.20571894346e-19
  Solution status   feasible
                    -6.81802051241 (objective)
                    0 (bound viol.)
                    0 (int. viol.)
                    0 (row viol.)
  Timing            0.64
  Max sub-MIP depth 0
  Nodes             1
  Repair LPs        0
  LP iterations     1640
                    0 (strong br.)
                    6 (separation)
                    0 (heuristics)
MIP has 10753 rows; 9409 cols; 25537 nonzeros; 1344 integer variables (1344 binary)
Coefficient ranges:
  Matrix  [2e-01, 3e+00]
  Cost    [1e-02, 6e-02]
  Bound   [1e+00, 1e+00]
  RHS     [5e-04, 5e+00]
Presolving model
8064 rows, 8907 cols, 22346 nonzeros 0s
6361 rows, 7538 cols, 17938 nonzeros 0s
4510 rows, 5891 cols, 13104 nonzeros 0s
4263 rows, 5303 cols, 12269 nonzeros 0s
Presolve reductions: rows 4263(-6490); columns 5303(-4106); nonzeros 12269(-13268) 

Solving MIP model with:
   4263 rows
   5303 cols (676 binary, 0 integer, 0 implied int., 4627 continuous, 0 domain fixed)
   12269 nonzeros

Src: B => Branching; C => Central rounding; F => Feasibility pump; H => Heuristic;
     I => Shifting; J => Feasibility jump; L => Sub-MIP; P => Empty MIP; R => Randomized rounding;
     S => Solve LP; T => Evaluate node; U => Unbounded; X => User solution; Y => HiGHS solution;
     Z => ZI Round; l => Trivial lower; p => Trivial point; u => Trivial upper; z => Trivial zero

        Nodes      |    B&B Tree     |            Objective Bounds              |  Dynamic Constraints |       Work      
Src  Proc. InQueue |  Leaves   Expl. | BestBound       BestSol              Gap |   Cuts   InLp Confl. | LpIters     Time

         0       0         0   0.00%   -10.28714059    inf                  inf        0      0      0         0     0.6s
         0       0         0   0.00%   -6.657831402    inf                  inf        0      0      2      1689     0.7s
 R       0       0         0   0.00%   -6.657831402    -6.657831402       0.00%        0      0      2      1700     0.7s
         1       0         1 100.00%   -6.657831402    -6.657831402       0.00%        0      0      2      1700     0.7s

Solving report
  Status            Optimal
  Primal bound      -6.65783140229
  Dual bound        -6.65783140229
  Gap               0% (tolerance: 0.5%)
  P-D integral      6.52236688763e-19
  Solution status   feasible
                    -6.65783140229 (objective)
                    0 (bound viol.)
                    0 (int. viol.)
                    0 (row viol.)
  Timing            0.74
  Max sub-MIP depth 0
  Nodes             1
  Repair LPs        0
  LP iterations     1700
                    0 (strong br.)
                    11 (separation)
                    0 (heuristics)
MIP has 10754 rows; 9409 cols; 25538 nonzeros; 1344 integer variables (1344 binary)
Coefficient ranges:
  Matrix  [2e-01, 3e+00]
  Cost    [1e-02, 6e-02]
  Bound   [1e+00, 1e+00]
  RHS     [5e-04, 5e+00]
Presolving model
8064 rows, 8950 cols, 22389 nonzeros 0s
6368 rows, 7588 cols, 17995 nonzeros 0s
4693 rows, 6080 cols, 13612 nonzeros 0s
4466 rows, 5553 cols, 12858 nonzeros 0s
Presolve reductions: rows 4466(-6288); columns 5553(-3856); nonzeros 12858(-12680) 

Solving MIP model with:
   4466 rows
   5553 cols (710 binary, 0 integer, 0 implied int., 4843 continuous, 0 domain fixed)
   12858 nonzeros

Src: B => Branching; C => Central rounding; F => Feasibility pump; H => Heuristic;
     I => Shifting; J => Feasibility jump; L => Sub-MIP; P => Empty MIP; R => Randomized rounding;
     S => Solve LP; T => Evaluate node; U => Unbounded; X => User solution; Y => HiGHS solution;
     Z => ZI Round; l => Trivial lower; p => Trivial point; u => Trivial upper; z => Trivial zero

        Nodes      |    B&B Tree     |            Objective Bounds              |  Dynamic Constraints |       Work      
Src  Proc. InQueue |  Leaves   Expl. | BestBound       BestSol              Gap |   Cuts   InLp Confl. | LpIters     Time

         0       0         0   0.00%   -7.979496792    inf                  inf        0      0      0         0     0.5s
 T       0       0         0   0.00%   -7.979496792    -5.806421856      37.43%        0      0      0      1677     0.6s
         1       0         1 100.00%   -5.806421856    -5.806421856       0.00%        0      0      0      1677     0.6s

Solving report
  Status            Optimal
  Primal bound      -5.80642185591
  Dual bound        -5.80642185591
  Gap               0% (tolerance: 0.5%)
  P-D integral      3.56289524263e-05
  Solution status   feasible
                    -5.80642185591 (objective)
                    0 (bound viol.)
                    0 (int. viol.)
                    0 (row viol.)
  Timing            0.61
  Max sub-MIP depth 0
  Nodes             1
  Repair LPs        0
  LP iterations     1677
                    0 (strong br.)
                    0 (separation)
                    0 (heuristics)
MIP has 10753 rows; 9409 cols; 25537 nonzeros; 1344 integer variables (1344 binary)
Coefficient ranges:
  Matrix  [2e-01, 3e+00]
  Cost    [1e-02, 6e-02]
  Bound   [1e+00, 1e+00]
  RHS     [5e-04, 5e+00]
Presolving model
8064 rows, 8598 cols, 22037 nonzeros 0s
6415 rows, 7283 cols, 17737 nonzeros 0s
4635 rows, 5770 cols, 13108 nonzeros 0s
2700 rows, 3968 cols, 8035 nonzeros 0s
1721 rows, 3124 cols, 5672 nonzeros 0s
1591 rows, 2994 cols, 5412 nonzeros 0s
Presolve reductions: rows 1591(-9162); columns 2994(-6415); nonzeros 5412(-20125) 

Solving MIP model with:
   1591 rows
   2994 cols (207 binary, 0 integer, 0 implied int., 2787 continuous, 0 domain fixed)
   5412 nonzeros

Src: B => Branching; C => Central rounding; F => Feasibility pump; H => Heuristic;
     I => Shifting; J => Feasibility jump; L => Sub-MIP; P => Empty MIP; R => Randomized rounding;
     S => Solve LP; T => Evaluate node; U => Unbounded; X => User solution; Y => HiGHS solution;
     Z => ZI Round; l => Trivial lower; p => Trivial point; u => Trivial upper; z => Trivial zero

        Nodes      |    B&B Tree     |            Objective Bounds              |  Dynamic Constraints |       Work      
Src  Proc. InQueue |  Leaves   Expl. | BestBound       BestSol              Gap |   Cuts   InLp Confl. | LpIters     Time

 J       0       0         0   0.00%   -inf            21.53605576        Large        0      0      0         0     0.4s
 T       0       0         0   0.00%   3.254876908     19.8472112        83.60%        0      0      0       778     0.4s
         1       0         1 100.00%   19.8472112      19.8472112         0.00%        0      0      0       778     0.4s

Solving report
  Status            Optimal
  Primal bound      19.8472111998
  Dual bound        19.8472111998
  Gap               0% (tolerance: 0.5%)
  P-D integral      0.0229353851201
  Solution status   feasible
                    19.8472111998 (objective)
                    0 (bound viol.)
                    0 (int. viol.)
                    0 (row viol.)
  Timing            0.44
  Max sub-MIP depth 0
  Nodes             1
  Repair LPs        0
  LP iterations     778
                    0 (strong br.)
                    0 (separation)
                    0 (heuristics)
MIP has 10753 rows; 9409 cols; 25537 nonzeros; 1344 integer variables (1344 binary)
Coefficient ranges:
  Matrix  [2e-01, 3e+00]
  Cost    [1e-02, 6e-02]
  Bound   [1e+00, 1e+00]
  RHS     [5e-04, 5e+00]
Presolving model
8064 rows, 8601 cols, 22040 nonzeros 0s
6415 rows, 7286 cols, 17740 nonzeros 0s
4634 rows, 5772 cols, 13109 nonzeros 0s
2706 rows, 3978 cols, 8051 nonzeros 0s
1752 rows, 3154 cols, 5753 nonzeros 0s
1622 rows, 3023 cols, 5492 nonzeros 0s
Presolve reductions: rows 1622(-9131); columns 3023(-6386); nonzeros 5492(-20045) 

Solving MIP model with:
   1622 rows
   3023 cols (212 binary, 0 integer, 0 implied int., 2811 continuous, 0 domain fixed)
   5492 nonzeros

Src: B => Branching; C => Central rounding; F => Feasibility pump; H => Heuristic;
     I => Shifting; J => Feasibility jump; L => Sub-MIP; P => Empty MIP; R => Randomized rounding;
     S => Solve LP; T => Evaluate node; U => Unbounded; X => User solution; Y => HiGHS solution;
     Z => ZI Round; l => Trivial lower; p => Trivial point; u => Trivial upper; z => Trivial zero

        Nodes      |    B&B Tree     |            Objective Bounds              |  Dynamic Constraints |       Work      
Src  Proc. InQueue |  Leaves   Expl. | BestBound       BestSol              Gap |   Cuts   InLp Confl. | LpIters     Time

 J       0       0         0   0.00%   -inf            23.58469058        Large        0      0      0         0     0.4s
 T       0       0         0   0.00%   3.657645384     22.06583477       83.42%        0      0      0       789     0.4s
         1       0         1 100.00%   22.06583477     22.06583477        0.00%        0      0      0       789     0.4s

Solving report
  Status            Optimal
  Primal bound      22.0658347695
  Dual bound        22.0658347695
  Gap               0% (tolerance: 0.5%)
  P-D integral      0.0217149308612
  Solution status   feasible
                    22.0658347695 (objective)
                    0 (bound viol.)
                    0 (int. viol.)
                    0 (row viol.)
  Timing            0.42
  Max sub-MIP depth 0
  Nodes             1
  Repair LPs        0
  LP iterations     789
                    0 (strong br.)
                    0 (separation)
                    0 (heuristics)
MIP has 10753 rows; 9409 cols; 25537 nonzeros; 1344 integer variables (1344 binary)
Coefficient ranges:
  Matrix  [2e-01, 3e+00]
  Cost    [1e-02, 6e-02]
  Bound   [1e+00, 1e+00]
  RHS     [5e-04, 5e+00]
Presolving model
8064 rows, 8609 cols, 22048 nonzeros 0s
6409 rows, 7288 cols, 17732 nonzeros 0s
4598 rows, 5741 cols, 13023 nonzeros 0s
2660 rows, 3923 cols, 7926 nonzeros 0s
1759 rows, 3119 cols, 5743 nonzeros 0s
1645 rows, 3005 cols, 5515 nonzeros 0s
Presolve reductions: rows 1645(-9108); columns 3005(-6404); nonzeros 5515(-20022) 

Solving MIP model with:
   1645 rows
   3005 cols (217 binary, 0 integer, 0 implied int., 2788 continuous, 0 domain fixed)
   5515 nonzeros

Src: B => Branching; C => Central rounding; F => Feasibility pump; H => Heuristic;
     I => Shifting; J => Feasibility jump; L => Sub-MIP; P => Empty MIP; R => Randomized rounding;
     S => Solve LP; T => Evaluate node; U => Unbounded; X => User solution; Y => HiGHS solution;
     Z => ZI Round; l => Trivial lower; p => Trivial point; u => Trivial upper; z => Trivial zero

        Nodes      |    B&B Tree     |            Objective Bounds              |  Dynamic Constraints |       Work      
Src  Proc. InQueue |  Leaves   Expl. | BestBound       BestSol              Gap |   Cuts   InLp Confl. | LpIters     Time

 J       0       0         0   0.00%   -inf            22.08786202        Large        0      0      0         0     0.5s
 T       0       0         0   0.00%   3.880532966     20.93180106       81.46%        0      0      0       756     0.5s
         1       0         1 100.00%   20.93180106     20.93180106        0.00%        0      0      0       756     0.5s

Solving report
  Status            Optimal
  Primal bound      20.9318010603
  Dual bound        20.9318010603
  Gap               0% (tolerance: 0.5%)
  P-D integral      0.023026715378
  Solution status   feasible
                    20.9318010603 (objective)
                    0 (bound viol.)
                    0 (int. viol.)
                    0 (row viol.)
  Timing            0.50
  Max sub-MIP depth 0
  Nodes             1
  Repair LPs        0
  LP iterations     756
                    0 (strong br.)
                    0 (separation)
                    0 (heuristics)
MIP has 10753 rows; 9409 cols; 25537 nonzeros; 1344 integer variables (1344 binary)
Coefficient ranges:
  Matrix  [2e-01, 3e+00]
  Cost    [1e-02, 6e-02]
  Bound   [1e+00, 1e+00]
  RHS     [5e-04, 5e+00]
Presolving model
8064 rows, 8617 cols, 22056 nonzeros 0s
6411 rows, 7298 cols, 17744 nonzeros 0s
4603 rows, 5755 cols, 13041 nonzeros 0s
2660 rows, 3919 cols, 7922 nonzeros 0s
1786 rows, 3109 cols, 5794 nonzeros 0s
1666 rows, 2950 cols, 5515 nonzeros 0s
Presolve reductions: rows 1666(-9087); columns 2950(-6459); nonzeros 5515(-20022) 

Solving MIP model with:
   1666 rows
   2950 cols (225 binary, 0 integer, 0 implied int., 2725 continuous, 0 domain fixed)
   5515 nonzeros

Src: B => Branching; C => Central rounding; F => Feasibility pump; H => Heuristic;
     I => Shifting; J => Feasibility jump; L => Sub-MIP; P => Empty MIP; R => Randomized rounding;
     S => Solve LP; T => Evaluate node; U => Unbounded; X => User solution; Y => HiGHS solution;
     Z => ZI Round; l => Trivial lower; p => Trivial point; u => Trivial upper; z => Trivial zero

        Nodes      |    B&B Tree     |            Objective Bounds              |  Dynamic Constraints |       Work      
Src  Proc. InQueue |  Leaves   Expl. | BestBound       BestSol              Gap |   Cuts   InLp Confl. | LpIters     Time

 J       0       0         0   0.00%   -inf            22.09878363        Large        0      0      0         0     0.5s
 T       0       0         0   0.00%   4.528320946     20.20232387       77.59%        0      0      0       745     0.5s
         1       0         1 100.00%   20.20232387     20.20232387        0.00%        0      0      0       745     0.5s

Solving report
  Status            Optimal
  Primal bound      20.202323871
  Dual bound        20.202323871
  Gap               0% (tolerance: 0.5%)
  P-D integral      0.022148419233
  Solution status   feasible
                    20.202323871 (objective)
                    0 (bound viol.)
                    0 (int. viol.)
                    0 (row viol.)
  Timing            0.53
  Max sub-MIP depth 0
  Nodes             1
  Repair LPs        0
  LP iterations     745
                    0 (strong br.)
                    0 (separation)
                    0 (heuristics)
MIP has 10753 rows; 9409 cols; 25537 nonzeros; 1344 integer variables (1344 binary)
Coefficient ranges:
  Matrix  [2e-01, 3e+00]
  Cost    [5e-03, 6e-02]
  Bound   [1e+00, 1e+00]
  RHS     [9e-04, 5e+00]
Presolving model
8064 rows, 8611 cols, 22050 nonzeros 0s
6401 rows, 7282 cols, 17718 nonzeros 0s
4581 rows, 5725 cols, 12990 nonzeros 0s
2619 rows, 3876 cols, 7838 nonzeros 0s
1884 rows, 3097 cols, 6002 nonzeros 0s
1748 rows, 2764 cols, 5533 nonzeros 0s
Presolve reductions: rows 1748(-9005); columns 2764(-6645); nonzeros 5533(-20004) 

Solving MIP model with:
   1748 rows
   2764 cols (256 binary, 0 integer, 0 implied int., 2508 continuous, 0 domain fixed)
   5533 nonzeros

Src: B => Branching; C => Central rounding; F => Feasibility pump; H => Heuristic;
     I => Shifting; J => Feasibility jump; L => Sub-MIP; P => Empty MIP; R => Randomized rounding;
     S => Solve LP; T => Evaluate node; U => Unbounded; X => User solution; Y => HiGHS solution;
     Z => ZI Round; l => Trivial lower; p => Trivial point; u => Trivial upper; z => Trivial zero

        Nodes      |    B&B Tree     |            Objective Bounds              |  Dynamic Constraints |       Work      
Src  Proc. InQueue |  Leaves   Expl. | BestBound       BestSol              Gap |   Cuts   InLp Confl. | LpIters     Time

 J       0       0         0   0.00%   -inf            20.86802623        Large        0      0      0         0     0.5s
 T       0       0         0   0.00%   6.829392477     18.15481503       62.38%        0      0      0       762     0.5s
         1       0         1 100.00%   18.15481503     18.15481503        0.00%        0      0      0       762     0.5s

Solving report
  Status            Optimal
  Primal bound      18.154815027
  Dual bound        18.154815027
  Gap               0% (tolerance: 0.5%)
  P-D integral      0.0192750868554
  Solution status   feasible
                    18.154815027 (objective)
                    0 (bound viol.)
                    0 (int. viol.)
                    0 (row viol.)
  Timing            0.51
  Max sub-MIP depth 0
  Nodes             1
  Repair LPs        0
  LP iterations     762
                    0 (strong br.)
                    0 (separation)
                    0 (heuristics)
MIP has 10753 rows; 9409 cols; 25537 nonzeros; 1344 integer variables (1344 binary)
Coefficient ranges:
  Matrix  [2e-01, 3e+00]
  Cost    [5e-03, 6e-02]
  Bound   [1e+00, 1e+00]
  RHS     [9e-04, 5e+00]
Presolving model
8064 rows, 8635 cols, 22074 nonzeros 0s
6390 rows, 7295 cols, 17720 nonzeros 0s
4557 rows, 5710 cols, 12954 nonzeros 0s
4395 rows, 4294 cols, 9351 nonzeros 0s
2569 rows, 3788 cols, 7704 nonzeros 0s
2150 rows, 3393 cols, 6792 nonzeros 0s
Presolve reductions: rows 2150(-8603); columns 3393(-6016); nonzeros 6792(-18745) 

Solving MIP model with:
   2150 rows
   3393 cols (313 binary, 0 integer, 0 implied int., 3080 continuous, 0 domain fixed)
   6792 nonzeros

Src: B => Branching; C => Central rounding; F => Feasibility pump; H => Heuristic;
     I => Shifting; J => Feasibility jump; L => Sub-MIP; P => Empty MIP; R => Randomized rounding;
     S => Solve LP; T => Evaluate node; U => Unbounded; X => User solution; Y => HiGHS solution;
     Z => ZI Round; l => Trivial lower; p => Trivial point; u => Trivial upper; z => Trivial zero

        Nodes      |    B&B Tree     |            Objective Bounds              |  Dynamic Constraints |       Work      
Src  Proc. InQueue |  Leaves   Expl. | BestBound       BestSol              Gap |   Cuts   InLp Confl. | LpIters     Time

 J       0       0         0   0.00%   -inf            17.86642899        Large        0      0      0         0     0.5s
 T       0       0         0   0.00%   1.389108316     13.97306958       90.06%        0      0      0       947     0.5s
         1       0         1 100.00%   13.97306958     13.97306958        0.00%        0      0      0       947     0.5s

Solving report
  Status            Optimal
  Primal bound      13.9730695778
  Dual bound        13.9730695778
  Gap               0% (tolerance: 0.5%)
  P-D integral      0.0339285706084
  Solution status   feasible
                    13.9730695778 (objective)
                    0 (bound viol.)
                    0 (int. viol.)
                    0 (row viol.)
  Timing            0.52
  Max sub-MIP depth 0
  Nodes             1
  Repair LPs        0
  LP iterations     947
                    0 (strong br.)
                    0 (separation)
                    0 (heuristics)
MIP has 10753 rows; 9409 cols; 25537 nonzeros; 1344 integer variables (1344 binary)
Coefficient ranges:
  Matrix  [2e-01, 3e+00]
  Cost    [5e-03, 6e-02]
  Bound   [1e+00, 1e+00]
  RHS     [4e-04, 5e+00]
Presolving model
8064 rows, 8674 cols, 22113 nonzeros 0s
6389 rows, 7333 cols, 17761 nonzeros 0s
4567 rows, 5760 cols, 13030 nonzeros 0s
2800 rows, 4035 cols, 8358 nonzeros 0s
2538 rows, 3773 cols, 7834 nonzeros 0s
Presolve reductions: rows 2538(-8215); columns 3773(-5636); nonzeros 7834(-17703) 

Solving MIP model with:
   2538 rows
   3773 cols (381 binary, 0 integer, 0 implied int., 3392 continuous, 0 domain fixed)
   7834 nonzeros

Src: B => Branching; C => Central rounding; F => Feasibility pump; H => Heuristic;
     I => Shifting; J => Feasibility jump; L => Sub-MIP; P => Empty MIP; R => Randomized rounding;
     S => Solve LP; T => Evaluate node; U => Unbounded; X => User solution; Y => HiGHS solution;
     Z => ZI Round; l => Trivial lower; p => Trivial point; u => Trivial upper; z => Trivial zero

        Nodes      |    B&B Tree     |            Objective Bounds              |  Dynamic Constraints |       Work      
Src  Proc. InQueue |  Leaves   Expl. | BestBound       BestSol              Gap |   Cuts   InLp Confl. | LpIters     Time

 J       0       0         0   0.00%   -inf            15.60574023        Large        0      0      0         0     0.4s
 T       0       0         0   0.00%   -0.2785057354   10.80596344      102.58%        0      0      0      1081     0.5s
         1       0         1 100.00%   10.80596344     10.80596344        0.00%        0      0      0      1081     0.5s

Solving report
  Status            Optimal
  Primal bound      10.8059634407
  Dual bound        10.8059634407
  Gap               0% (tolerance: 0.5%)
  P-D integral      0.0386248121084
  Solution status   feasible
                    10.8059634407 (objective)
                    0 (bound viol.)
                    0 (int. viol.)
                    0 (row viol.)
  Timing            0.45
  Max sub-MIP depth 0
  Nodes             1
  Repair LPs        0
  LP iterations     1081
                    0 (strong br.)
                    0 (separation)
                    0 (heuristics)
MIP has 10753 rows; 9409 cols; 25537 nonzeros; 1344 integer variables (1344 binary)
Coefficient ranges:
  Matrix  [2e-01, 3e+00]
  Cost    [5e-03, 6e-02]
  Bound   [1e+00, 1e+00]
  RHS     [4e-04, 5e+00]
Presolving model
8064 rows, 8692 cols, 22131 nonzeros 0s
6358 rows, 7320 cols, 17717 nonzeros 0s
4490 rows, 5682 cols, 12875 nonzeros 0s
3229 rows, 4271 cols, 9435 nonzeros 0s
3056 rows, 4097 cols, 9088 nonzeros 0s
Presolve reductions: rows 3056(-7697); columns 4097(-5312); nonzeros 9088(-16449) 

Solving MIP model with:
   3056 rows
   4097 cols (484 binary, 0 integer, 0 implied int., 3613 continuous, 0 domain fixed)
   9088 nonzeros

Src: B => Branching; C => Central rounding; F => Feasibility pump; H => Heuristic;
     I => Shifting; J => Feasibility jump; L => Sub-MIP; P => Empty MIP; R => Randomized rounding;
     S => Solve LP; T => Evaluate node; U => Unbounded; X => User solution; Y => HiGHS solution;
     Z => ZI Round; l => Trivial lower; p => Trivial point; u => Trivial upper; z => Trivial zero

        Nodes      |    B&B Tree     |            Objective Bounds              |  Dynamic Constraints |       Work      
Src  Proc. InQueue |  Leaves   Expl. | BestBound       BestSol              Gap |   Cuts   InLp Confl. | LpIters     Time

 J       0       0         0   0.00%   -inf            8.822109074        Large        0      0      0         0     0.5s
 T       0       0         0   0.00%   -1.952140787    4.536412711      143.03%        0      0      0      1155     0.5s
         1       0         1 100.00%   4.536412711     4.536412711        0.00%        0      0      0      1155     0.5s

Solving report
  Status            Optimal
  Primal bound      4.53641271063
  Dual bound        4.53641271063
  Gap               0% (tolerance: 0.5%)
  P-D integral      0.0631836419315
  Solution status   feasible
                    4.53641271063 (objective)
                    0 (bound viol.)
                    0 (int. viol.)
                    0 (row viol.)
  Timing            0.53
  Max sub-MIP depth 0
  Nodes             1
  Repair LPs        0
  LP iterations     1155
                    0 (strong br.)
                    0 (separation)
                    0 (heuristics)
MIP has 10753 rows; 9409 cols; 25537 nonzeros; 1344 integer variables (1344 binary)
Coefficient ranges:
  Matrix  [2e-01, 3e+00]
  Cost    [5e-03, 6e-02]
  Bound   [1e+00, 1e+00]
  RHS     [5e-04, 5e+00]
Presolving model
8064 rows, 8707 cols, 22146 nonzeros 0s
6370 rows, 7347 cols, 17756 nonzeros 0s
4524 rows, 5737 cols, 12964 nonzeros 0s
3130 rows, 4279 cols, 9216 nonzeros 0s
2937 rows, 4086 cols, 8830 nonzeros 0s
Presolve reductions: rows 2937(-7816); columns 4086(-5323); nonzeros 8830(-16707) 

Solving MIP model with:
   2937 rows
   4086 cols (452 binary, 0 integer, 0 implied int., 3634 continuous, 0 domain fixed)
   8830 nonzeros

Src: B => Branching; C => Central rounding; F => Feasibility pump; H => Heuristic;
     I => Shifting; J => Feasibility jump; L => Sub-MIP; P => Empty MIP; R => Randomized rounding;
     S => Solve LP; T => Evaluate node; U => Unbounded; X => User solution; Y => HiGHS solution;
     Z => ZI Round; l => Trivial lower; p => Trivial point; u => Trivial upper; z => Trivial zero

        Nodes      |    B&B Tree     |            Objective Bounds              |  Dynamic Constraints |       Work      
Src  Proc. InQueue |  Leaves   Expl. | BestBound       BestSol              Gap |   Cuts   InLp Confl. | LpIters     Time

 J       0       0         0   0.00%   -inf            9.869408816        Large        0      0      0         0     0.4s
 T       0       0         0   0.00%   -2.220445898    5.701782616      138.94%        0      0      0      1160     0.5s
         1       0         1 100.00%   5.701782616     5.701782616        0.00%        0      0      0      1160     0.5s

Solving report
  Status            Optimal
  Primal bound      5.70178261635
  Dual bound        5.70178261635
  Gap               0% (tolerance: 0.5%)
  P-D integral      0.0630525471632
  Solution status   feasible
                    5.70178261635 (objective)
                    0 (bound viol.)
                    0 (int. viol.)
                    0 (row viol.)
  Timing            0.49
  Max sub-MIP depth 0
  Nodes             1
  Repair LPs        0
  LP iterations     1160
                    0 (strong br.)
                    0 (separation)
                    0 (heuristics)
MIP has 10753 rows; 9409 cols; 25537 nonzeros; 1344 integer variables (1344 binary)
Coefficient ranges:
  Matrix  [2e-01, 3e+00]
  Cost    [5e-03, 6e-02]
  Bound   [1e+00, 1e+00]
  RHS     [5e-04, 5e+00]
Presolving model
8064 rows, 8724 cols, 22163 nonzeros 0s
6391 rows, 7385 cols, 17811 nonzeros 0s
4568 rows, 5804 cols, 13063 nonzeros 0s
2901 rows, 4155 cols, 8639 nonzeros 0s
2636 rows, 3817 cols, 8034 nonzeros 0s
Presolve reductions: rows 2636(-8117); columns 3817(-5592); nonzeros 8034(-17503) 

Solving MIP model with:
   2636 rows
   3817 cols (396 binary, 0 integer, 0 implied int., 3421 continuous, 0 domain fixed)
   8034 nonzeros

Src: B => Branching; C => Central rounding; F => Feasibility pump; H => Heuristic;
     I => Shifting; J => Feasibility jump; L => Sub-MIP; P => Empty MIP; R => Randomized rounding;
     S => Solve LP; T => Evaluate node; U => Unbounded; X => User solution; Y => HiGHS solution;
     Z => ZI Round; l => Trivial lower; p => Trivial point; u => Trivial upper; z => Trivial zero

        Nodes      |    B&B Tree     |            Objective Bounds              |  Dynamic Constraints |       Work      
Src  Proc. InQueue |  Leaves   Expl. | BestBound       BestSol              Gap |   Cuts   InLp Confl. | LpIters     Time

 J       0       0         0   0.00%   -inf            14.33354565        Large        0      0      0         0     0.5s
 T       0       0         0   0.00%   -0.402483419    8.411873284      104.78%        0      0      0      1102     0.6s
         1       0         1 100.00%   8.411873284     8.411873284        0.00%        0      0      0      1102     0.6s

Solving report
  Status            Optimal
  Primal bound      8.4118732839
  Dual bound        8.4118732839
  Gap               0% (tolerance: 0.5%)
  P-D integral      0.0455193706736
  Solution status   feasible
                    8.4118732839 (objective)
                    0 (bound viol.)
                    0 (int. viol.)
                    0 (row viol.)
  Timing            0.56
  Max sub-MIP depth 0
  Nodes             1
  Repair LPs        0
  LP iterations     1102
                    0 (strong br.)
                    0 (separation)
                    0 (heuristics)
MIP has 10753 rows; 9409 cols; 25537 nonzeros; 1344 integer variables (1344 binary)
Coefficient ranges:
  Matrix  [2e-01, 3e+00]
  Cost    [5e-03, 6e-02]
  Bound   [1e+00, 1e+00]
  RHS     [1e-03, 5e+00]
Presolving model
8064 rows, 8744 cols, 22183 nonzeros 0s
6382 rows, 7396 cols, 17813 nonzeros 0s
4557 rows, 5809 cols, 13057 nonzeros 0s
3004 rows, 4248 cols, 8923 nonzeros 0s
2782 rows, 4024 cols, 8475 nonzeros 0s
Presolve reductions: rows 2782(-7971); columns 4024(-5385); nonzeros 8475(-17062) 

Solving MIP model with:
   2782 rows
   4024 cols (418 binary, 0 integer, 0 implied int., 3606 continuous, 0 domain fixed)
   8475 nonzeros

Src: B => Branching; C => Central rounding; F => Feasibility pump; H => Heuristic;
     I => Shifting; J => Feasibility jump; L => Sub-MIP; P => Empty MIP; R => Randomized rounding;
     S => Solve LP; T => Evaluate node; U => Unbounded; X => User solution; Y => HiGHS solution;
     Z => ZI Round; l => Trivial lower; p => Trivial point; u => Trivial upper; z => Trivial zero

        Nodes      |    B&B Tree     |            Objective Bounds              |  Dynamic Constraints |       Work      
Src  Proc. InQueue |  Leaves   Expl. | BestBound       BestSol              Gap |   Cuts   InLp Confl. | LpIters     Time

 J       0       0         0   0.00%   -inf            12.90288382        Large        0      0      0         0     0.5s
 T       0       0         0   0.00%   -3.262882674    6.426531876      150.77%        0      0      0      1164     0.5s
         1       0         1 100.00%   6.426531876     6.426531876        0.00%        0      0      0      1164     0.5s

Solving report
  Status            Optimal
  Primal bound      6.42653187636
  Dual bound        6.42653187636
  Gap               0% (tolerance: 0.5%)
  P-D integral      0.0548100003115
  Solution status   feasible
                    6.42653187636 (objective)
                    0 (bound viol.)
                    0 (int. viol.)
                    0 (row viol.)
  Timing            0.53
  Max sub-MIP depth 0
  Nodes             1
  Repair LPs        0
  LP iterations     1164
                    0 (strong br.)
                    0 (separation)
                    0 (heuristics)
MIP has 10753 rows; 9409 cols; 25537 nonzeros; 1344 integer variables (1344 binary)
Coefficient ranges:
  Matrix  [2e-01, 3e+00]
  Cost    [5e-03, 6e-02]
  Bound   [1e+00, 1e+00]
  RHS     [5e-04, 5e+00]
Presolving model
8064 rows, 8764 cols, 22203 nonzeros 0s
6401 rows, 7435 cols, 17875 nonzeros 0s
4599 rows, 5886 cols, 13188 nonzeros 0s
3077 rows, 4377 cols, 9149 nonzeros 0s
2846 rows, 4146 cols, 8687 nonzeros 0s
Presolve reductions: rows 2846(-7907); columns 4146(-5263); nonzeros 8687(-16850) 

Solving MIP model with:
   2846 rows
   4146 cols (424 binary, 0 integer, 0 implied int., 3722 continuous, 0 domain fixed)
   8687 nonzeros

Src: B => Branching; C => Central rounding; F => Feasibility pump; H => Heuristic;
     I => Shifting; J => Feasibility jump; L => Sub-MIP; P => Empty MIP; R => Randomized rounding;
     S => Solve LP; T => Evaluate node; U => Unbounded; X => User solution; Y => HiGHS solution;
     Z => ZI Round; l => Trivial lower; p => Trivial point; u => Trivial upper; z => Trivial zero

        Nodes      |    B&B Tree     |            Objective Bounds              |  Dynamic Constraints |       Work      
Src  Proc. InQueue |  Leaves   Expl. | BestBound       BestSol              Gap |   Cuts   InLp Confl. | LpIters     Time

 J       0       0         0   0.00%   -inf            13.32024114        Large        0      0      0         0     0.4s
 T       0       0         0   0.00%   -3.99357395     6.171312809      164.71%        0      0      0      1192     0.5s
         1       0         1 100.00%   6.171312809     6.171312809        0.00%        0      0      0      1192     0.5s

Solving report
  Status            Optimal
  Primal bound      6.17131280937
  Dual bound        6.17131280937
  Gap               0% (tolerance: 0.5%)
  P-D integral      0.0594761433403
  Solution status   feasible
                    6.17131280937 (objective)
                    0 (bound viol.)
                    0 (int. viol.)
                    0 (row viol.)
  Timing            0.47
  Max sub-MIP depth 0
  Nodes             1
  Repair LPs        0
  LP iterations     1192
                    0 (strong br.)
                    0 (separation)
                    0 (heuristics)
MIP has 10753 rows; 9409 cols; 25537 nonzeros; 1344 integer variables (1344 binary)
Coefficient ranges:
  Matrix  [2e-01, 3e+00]
  Cost    [5e-03, 6e-02]
  Bound   [1e+00, 1e+00]
  RHS     [2e-05, 5e+00]
WARNING: Problem has some excessively small row bounds
Presolving model
8064 rows, 8776 cols, 22215 nonzeros 0s
6398 rows, 7444 cols, 17881 nonzeros 0s
4585 rows, 5873 cols, 13161 nonzeros 0s
3203 rows, 4466 cols, 9480 nonzeros 0s
2999 rows, 4246 cols, 9056 nonzeros 0s
Presolve reductions: rows 2999(-7754); columns 4246(-5163); nonzeros 9056(-16481) 

Solving MIP model with:
   2999 rows
   4246 cols (453 binary, 0 integer, 0 implied int., 3793 continuous, 0 domain fixed)
   9056 nonzeros

Src: B => Branching; C => Central rounding; F => Feasibility pump; H => Heuristic;
     I => Shifting; J => Feasibility jump; L => Sub-MIP; P => Empty MIP; R => Randomized rounding;
     S => Solve LP; T => Evaluate node; U => Unbounded; X => User solution; Y => HiGHS solution;
     Z => ZI Round; l => Trivial lower; p => Trivial point; u => Trivial upper; z => Trivial zero

        Nodes      |    B&B Tree     |            Objective Bounds              |  Dynamic Constraints |       Work      
Src  Proc. InQueue |  Leaves   Expl. | BestBound       BestSol              Gap |   Cuts   InLp Confl. | LpIters     Time

 J       0       0         0   0.00%   -inf            11.40900976        Large        0      0      0         0     0.4s
 T       0       0         0   0.00%   -3.42116954     5.410564429      163.23%        0      0      0      1240     0.5s
         1       0         1 100.00%   5.410564429     5.410564429        0.00%        0      0      0      1240     0.5s

Solving report
  Status            Optimal
  Primal bound      5.4105644287
  Dual bound        5.4105644287
  Gap               0% (tolerance: 0.5%)
  P-D integral      0.0640358990489
  Solution status   feasible
                    5.4105644287 (objective)
                    0 (bound viol.)
                    0 (int. viol.)
                    0 (row viol.)
  Timing            0.49
  Max sub-MIP depth 0
  Nodes             1
  Repair LPs        0
  LP iterations     1240
                    0 (strong br.)
                    0 (separation)
                    0 (heuristics)
MIP has 10753 rows; 9409 cols; 25537 nonzeros; 1344 integer variables (1344 binary)
Coefficient ranges:
  Matrix  [2e-01, 3e+00]
  Cost    [5e-03, 6e-02]
  Bound   [1e+00, 1e+00]
  RHS     [2e-05, 5e+00]
WARNING: Problem has some excessively small row bounds
Presolving model
8064 rows, 8786 cols, 22225 nonzeros 0s
6370 rows, 7426 cols, 17835 nonzeros 0s
4513 rows, 5796 cols, 13012 nonzeros 0s
3607 rows, 4710 cols, 10508 nonzeros 0s
3490 rows, 4593 cols, 10274 nonzeros 0s
Presolve reductions: rows 3490(-7263); columns 4593(-4816); nonzeros 10274(-15263) 

Solving MIP model with:
   3490 rows
   4593 cols (548 binary, 0 integer, 0 implied int., 4045 continuous, 0 domain fixed)
   10274 nonzeros

Src: B => Branching; C => Central rounding; F => Feasibility pump; H => Heuristic;
     I => Shifting; J => Feasibility jump; L => Sub-MIP; P => Empty MIP; R => Randomized rounding;
     S => Solve LP; T => Evaluate node; U => Unbounded; X => User solution; Y => HiGHS solution;
     Z => ZI Round; l => Trivial lower; p => Trivial point; u => Trivial upper; z => Trivial zero

        Nodes      |    B&B Tree     |            Objective Bounds              |  Dynamic Constraints |       Work      
Src  Proc. InQueue |  Leaves   Expl. | BestBound       BestSol              Gap |   Cuts   InLp Confl. | LpIters     Time

 J       0       0         0   0.00%   -inf            6.008919391        Large        0      0      0         0     0.5s
 T       0       0         0   0.00%   -4.038768448    1.072676426      476.51%        0      0      0      1353     0.5s
         1       0         1 100.00%   1.072676426     1.072676426        0.00%        0      0      0      1353     0.5s

Solving report
  Status            Optimal
  Primal bound      1.07267642616
  Dual bound        1.07267642616
  Gap               0% (tolerance: 0.5%)
  P-D integral      0.105815758601
  Solution status   feasible
                    1.07267642616 (objective)
                    0 (bound viol.)
                    0 (int. viol.)
                    0 (row viol.)
  Timing            0.54
  Max sub-MIP depth 0
  Nodes             1
  Repair LPs        0
  LP iterations     1353
                    0 (strong br.)
                    0 (separation)
                    0 (heuristics)
MIP has 10753 rows; 9409 cols; 25537 nonzeros; 1344 integer variables (1344 binary)
Coefficient ranges:
  Matrix  [2e-01, 3e+00]
  Cost    [5e-03, 6e-02]
  Bound   [1e+00, 1e+00]
  RHS     [2e-04, 5e+00]
Presolving model
8064 rows, 8808 cols, 22247 nonzeros 0s
6351 rows, 7427 cols, 17817 nonzeros 0s
4477 rows, 5749 cols, 12925 nonzeros 0s
3784 rows, 4831 cols, 10960 nonzeros 0s
3702 rows, 4749 cols, 10796 nonzeros 0s
Presolve reductions: rows 3702(-7051); columns 4749(-4660); nonzeros 10796(-14741) 

Solving MIP model with:
   3702 rows
   4749 cols (587 binary, 0 integer, 0 implied int., 4162 continuous, 0 domain fixed)
   10796 nonzeros

Src: B => Branching; C => Central rounding; F => Feasibility pump; H => Heuristic;
     I => Shifting; J => Feasibility jump; L => Sub-MIP; P => Empty MIP; R => Randomized rounding;
     S => Solve LP; T => Evaluate node; U => Unbounded; X => User solution; Y => HiGHS solution;
     Z => ZI Round; l => Trivial lower; p => Trivial point; u => Trivial upper; z => Trivial zero

        Nodes      |    B&B Tree     |            Objective Bounds              |  Dynamic Constraints |       Work      
Src  Proc. InQueue |  Leaves   Expl. | BestBound       BestSol              Gap |   Cuts   InLp Confl. | LpIters     Time

 J       0       0         0   0.00%   -inf            2.565393176        Large        0      0      0         0     0.5s
 T       0       0         0   0.00%   -5.517826243    -1.865955511     195.71%        0      0      0      1399     0.6s
         1       0         1 100.00%   -1.865955511    -1.865955511       0.00%        0      0      0      1399     0.6s

Solving report
  Status            Optimal
  Primal bound      -1.86595551142
  Dual bound        -1.86595551142
  Gap               0% (tolerance: 0.5%)
  P-D integral      0.21141168221
  Solution status   feasible
                    -1.86595551142 (objective)
                    0 (bound viol.)
                    0 (int. viol.)
                    0 (row viol.)
  Timing            0.58
  Max sub-MIP depth 0
  Nodes             1
  Repair LPs        0
  LP iterations     1399
                    0 (strong br.)
                    0 (separation)
                    0 (heuristics)
MIP has 10753 rows; 9409 cols; 25537 nonzeros; 1344 integer variables (1344 binary)
Coefficient ranges:
  Matrix  [2e-01, 3e+00]
  Cost    [5e-03, 6e-02]
  Bound   [1e+00, 1e+00]
  RHS     [5e-04, 5e+00]
Presolving model
8064 rows, 8828 cols, 22267 nonzeros 0s
6375 rows, 7473 cols, 17887 nonzeros 0s
4536 rows, 5860 cols, 13099 nonzeros 0s
3684 rows, 4833 cols, 10744 nonzeros 0s
3576 rows, 4725 cols, 10528 nonzeros 0s
Presolve reductions: rows 3576(-7177); columns 4725(-4684); nonzeros 10528(-15009) 

Solving MIP model with:
   3576 rows
   4725 cols (557 binary, 0 integer, 0 implied int., 4168 continuous, 0 domain fixed)
   10528 nonzeros

Src: B => Branching; C => Central rounding; F => Feasibility pump; H => Heuristic;
     I => Shifting; J => Feasibility jump; L => Sub-MIP; P => Empty MIP; R => Randomized rounding;
     S => Solve LP; T => Evaluate node; U => Unbounded; X => User solution; Y => HiGHS solution;
     Z => ZI Round; l => Trivial lower; p => Trivial point; u => Trivial upper; z => Trivial zero

        Nodes      |    B&B Tree     |            Objective Bounds              |  Dynamic Constraints |       Work      
Src  Proc. InQueue |  Leaves   Expl. | BestBound       BestSol              Gap |   Cuts   InLp Confl. | LpIters     Time

 J       0       0         0   0.00%   -inf            4.14427132         Large        0      0      0         0     0.5s
 T       0       0         0   0.00%   -5.929605798    -0.8665872456    584.25%        0      0      0      1402     0.5s
         1       0         1 100.00%   -0.8665872456   -0.8665872456      0.00%        0      0      0      1402     0.5s

Solving report
  Status            Optimal
  Primal bound      -0.866587245574
  Dual bound        -0.866587245574
  Gap               0% (tolerance: 0.5%)
  P-D integral      0.152646057
  Solution status   feasible
                    -0.866587245574 (objective)
                    0 (bound viol.)
                    0 (int. viol.)
                    0 (row viol.)
  Timing            0.53
  Max sub-MIP depth 0
  Nodes             1
  Repair LPs        0
  LP iterations     1402
                    0 (strong br.)
                    0 (separation)
                    0 (heuristics)
MIP has 10753 rows; 9409 cols; 25537 nonzeros; 1344 integer variables (1344 binary)
Coefficient ranges:
  Matrix  [2e-01, 3e+00]
  Cost    [5e-03, 6e-02]
  Bound   [1e+00, 1e+00]
  RHS     [5e-04, 5e+00]
Presolving model
8064 rows, 8843 cols, 22282 nonzeros 0s
6376 rows, 7489 cols, 17904 nonzeros 0s
4541 rows, 5879 cols, 13123 nonzeros 0s
3734 rows, 4880 cols, 10877 nonzeros 0s
3630 rows, 4776 cols, 10669 nonzeros 0s
Presolve reductions: rows 3630(-7123); columns 4776(-4633); nonzeros 10669(-14868) 

Solving MIP model with:
   3630 rows
   4776 cols (566 binary, 0 integer, 0 implied int., 4210 continuous, 0 domain fixed)
   10669 nonzeros

Src: B => Branching; C => Central rounding; F => Feasibility pump; H => Heuristic;
     I => Shifting; J => Feasibility jump; L => Sub-MIP; P => Empty MIP; R => Randomized rounding;
     S => Solve LP; T => Evaluate node; U => Unbounded; X => User solution; Y => HiGHS solution;
     Z => ZI Round; l => Trivial lower; p => Trivial point; u => Trivial upper; z => Trivial zero

        Nodes      |    B&B Tree     |            Objective Bounds              |  Dynamic Constraints |       Work      
Src  Proc. InQueue |  Leaves   Expl. | BestBound       BestSol              Gap |   Cuts   InLp Confl. | LpIters     Time

 J       0       0         0   0.00%   -inf            4.219288968        Large        0      0      0         0     0.5s
 T       0       0         0   0.00%   -7.412093872    -1.892417376     291.67%        0      0      0      1415     0.5s
         1       0         1 100.00%   -1.892417376    -1.892417376       0.00%        0      0      0      1415     0.5s

Solving report
  Status            Optimal
  Primal bound      -1.89241737562
  Dual bound        -1.89241737562
  Gap               0% (tolerance: 0.5%)
  P-D integral      0.164881744641
  Solution status   feasible
                    -1.89241737562 (objective)
                    0 (bound viol.)
                    0 (int. viol.)
                    0 (row viol.)
  Timing            0.52
  Max sub-MIP depth 0
  Nodes             1
  Repair LPs        0
  LP iterations     1415
                    0 (strong br.)
                    0 (separation)
                    0 (heuristics)
MIP has 10753 rows; 9409 cols; 25537 nonzeros; 1344 integer variables (1344 binary)
Coefficient ranges:
  Matrix  [2e-01, 3e+00]
  Cost    [5e-03, 6e-02]
  Bound   [1e+00, 1e+00]
  RHS     [5e-04, 5e+00]
Presolving model
8064 rows, 8854 cols, 22293 nonzeros 0s
6379 rows, 7503 cols, 17921 nonzeros 0s
4548 rows, 5900 cols, 13151 nonzeros 0s
3756 rows, 4920 cols, 10955 nonzeros 0s
3657 rows, 4821 cols, 10757 nonzeros 0s
Presolve reductions: rows 3657(-7096); columns 4821(-4588); nonzeros 10757(-14780) 

Solving MIP model with:
   3657 rows
   4821 cols (570 binary, 0 integer, 0 implied int., 4251 continuous, 0 domain fixed)
   10757 nonzeros

Src: B => Branching; C => Central rounding; F => Feasibility pump; H => Heuristic;
     I => Shifting; J => Feasibility jump; L => Sub-MIP; P => Empty MIP; R => Randomized rounding;
     S => Solve LP; T => Evaluate node; U => Unbounded; X => User solution; Y => HiGHS solution;
     Z => ZI Round; l => Trivial lower; p => Trivial point; u => Trivial upper; z => Trivial zero

        Nodes      |    B&B Tree     |            Objective Bounds              |  Dynamic Constraints |       Work      
Src  Proc. InQueue |  Leaves   Expl. | BestBound       BestSol              Gap |   Cuts   InLp Confl. | LpIters     Time

 J       0       0         0   0.00%   -inf            4.59191259         Large        0      0      0         0     0.5s
 T       0       0         0   0.00%   -6.995421243    -1.022459868     584.18%        0      0      0      1430     0.5s
         1       0         1 100.00%   -1.022459868    -1.022459868       0.00%        0      0      0      1430     0.5s

Solving report
  Status            Optimal
  Primal bound      -1.02245986799
  Dual bound        -1.02245986799
  Gap               0% (tolerance: 0.5%)
  P-D integral      0.146166760463
  Solution status   feasible
                    -1.02245986799 (objective)
                    0 (bound viol.)
                    0 (int. viol.)
                    0 (row viol.)
  Timing            0.54
  Max sub-MIP depth 0
  Nodes             1
  Repair LPs        0
  LP iterations     1430
                    0 (strong br.)
                    0 (separation)
                    0 (heuristics)
MIP has 10753 rows; 9409 cols; 25537 nonzeros; 1344 integer variables (1344 binary)
Coefficient ranges:
  Matrix  [2e-01, 3e+00]
  Cost    [5e-03, 6e-02]
  Bound   [1e+00, 1e+00]
  RHS     [7e-04, 5e+00]
Presolving model
8064 rows, 8869 cols, 22308 nonzeros 0s
6374 rows, 7513 cols, 17926 nonzeros 0s
4537 rows, 5901 cols, 13141 nonzeros 0s
3851 rows, 5000 cols, 11210 nonzeros 0s
3772 rows, 4921 cols, 11052 nonzeros 0s
Presolve reductions: rows 3772(-6981); columns 4921(-4488); nonzeros 11052(-14485) 

Solving MIP model with:
   3772 rows
   4921 cols (590 binary, 0 integer, 0 implied int., 4331 continuous, 0 domain fixed)
   11052 nonzeros

Src: B => Branching; C => Central rounding; F => Feasibility pump; H => Heuristic;
     I => Shifting; J => Feasibility jump; L => Sub-MIP; P => Empty MIP; R => Randomized rounding;
     S => Solve LP; T => Evaluate node; U => Unbounded; X => User solution; Y => HiGHS solution;
     Z => ZI Round; l => Trivial lower; p => Trivial point; u => Trivial upper; z => Trivial zero

        Nodes      |    B&B Tree     |            Objective Bounds              |  Dynamic Constraints |       Work      
Src  Proc. InQueue |  Leaves   Expl. | BestBound       BestSol              Gap |   Cuts   InLp Confl. | LpIters     Time

 J       0       0         0   0.00%   -inf            4.481957956        Large        0      0      0         0     0.5s
 T       0       0         0   0.00%   -6.996320541    -1.375181554     408.76%        0      0      0      1471     0.5s
         1       0         1 100.00%   -1.375181554    -1.375181554       0.00%        0      0      0      1471     0.5s

Solving report
  Status            Optimal
  Primal bound      -1.37518155413
  Dual bound        -1.37518155413
  Gap               0% (tolerance: 0.5%)
  P-D integral      0.15545907382
  Solution status   feasible
                    -1.37518155413 (objective)
                    0 (bound viol.)
                    0 (int. viol.)
                    0 (row viol.)
  Timing            0.55
  Max sub-MIP depth 0
  Nodes             1
  Repair LPs        0
  LP iterations     1471
                    0 (strong br.)
                    0 (separation)
                    0 (heuristics)
MIP has 10753 rows; 9409 cols; 25537 nonzeros; 1344 integer variables (1344 binary)
Coefficient ranges:
  Matrix  [2e-01, 3e+00]
  Cost    [5e-03, 6e-02]
  Bound   [1e+00, 1e+00]
  RHS     [9e-04, 5e+00]
Presolving model
8064 rows, 8887 cols, 22326 nonzeros 0s
6379 rows, 7536 cols, 17954 nonzeros 0s
4541 rows, 5921 cols, 13165 nonzeros 0s
3856 rows, 5020 cols, 11259 nonzeros 0s
3818 rows, 4982 cols, 11183 nonzeros 0s
Presolve reductions: rows 3818(-6935); columns 4982(-4427); nonzeros 11183(-14354) 

Solving MIP model with:
   3818 rows
   4982 cols (596 binary, 0 integer, 0 implied int., 4386 continuous, 0 domain fixed)
   11183 nonzeros

Src: B => Branching; C => Central rounding; F => Feasibility pump; H => Heuristic;
     I => Shifting; J => Feasibility jump; L => Sub-MIP; P => Empty MIP; R => Randomized rounding;
     S => Solve LP; T => Evaluate node; U => Unbounded; X => User solution; Y => HiGHS solution;
     Z => ZI Round; l => Trivial lower; p => Trivial point; u => Trivial upper; z => Trivial zero

        Nodes      |    B&B Tree     |            Objective Bounds              |  Dynamic Constraints |       Work      
Src  Proc. InQueue |  Leaves   Expl. | BestBound       BestSol              Gap |   Cuts   InLp Confl. | LpIters     Time

 J       0       0         0   0.00%   -inf            3.123653086        Large        0      0      0         0     0.5s
 T       0       0         0   0.00%   -9.15135905     -3.126729482     192.68%        0      0      0      1481     0.6s
         1       0         1 100.00%   -3.126729482    -3.126729482       0.00%        0      0      0      1481     0.6s

Solving report
  Status            Optimal
  Primal bound      -3.12672948154
  Dual bound        -3.12672948154
  Gap               0% (tolerance: 0.5%)
  P-D integral      0.244741986226
  Solution status   feasible
                    -3.12672948154 (objective)
                    0 (bound viol.)
                    0 (int. viol.)
                    0 (row viol.)
  Timing            0.57
  Max sub-MIP depth 0
  Nodes             1
  Repair LPs        0
  LP iterations     1481
                    0 (strong br.)
                    0 (separation)
                    0 (heuristics)
MIP has 10753 rows; 9409 cols; 25537 nonzeros; 1344 integer variables (1344 binary)
Coefficient ranges:
  Matrix  [2e-01, 3e+00]
  Cost    [5e-03, 6e-02]
  Bound   [1e+00, 1e+00]
  RHS     [5e-04, 5e+00]
Presolving model
8064 rows, 8895 cols, 22334 nonzeros 0s
6379 rows, 7542 cols, 17960 nonzeros 0s
4538 rows, 5914 cols, 13151 nonzeros 0s
4311 rows, 5408 cols, 12412 nonzeros 0s
Presolve reductions: rows 4311(-6442); columns 5408(-4001); nonzeros 12412(-13125) 

Solving MIP model with:
   4311 rows
   5408 cols (674 binary, 0 integer, 0 implied int., 4734 continuous, 0 domain fixed)
   12412 nonzeros

Src: B => Branching; C => Central rounding; F => Feasibility pump; H => Heuristic;
     I => Shifting; J => Feasibility jump; L => Sub-MIP; P => Empty MIP; R => Randomized rounding;
     S => Solve LP; T => Evaluate node; U => Unbounded; X => User solution; Y => HiGHS solution;
     Z => ZI Round; l => Trivial lower; p => Trivial point; u => Trivial upper; z => Trivial zero

        Nodes      |    B&B Tree     |            Objective Bounds              |  Dynamic Constraints |       Work      
Src  Proc. InQueue |  Leaves   Expl. | BestBound       BestSol              Gap |   Cuts   InLp Confl. | LpIters     Time

         0       0         0   0.00%   -14.16863678    inf                  inf        0      0      0         0     0.5s
         0       0         0   0.00%   -3.524603197    inf                  inf        0      0      2      1864     0.6s
 R       0       0         0   0.00%   -3.524603197    -3.524603197       0.00%        0      0      2      1925     0.6s
         1       0         1 100.00%   -3.524603197    -3.524603197       0.00%        0      0      2      1925     0.6s

Solving report
  Status            Optimal
  Primal bound      -3.52460319662
  Dual bound        -3.52460319662
  Gap               0% (tolerance: 0.5%)
  P-D integral      0
  Solution status   feasible
                    -3.52460319662 (objective)
                    0 (bound viol.)
                    0 (int. viol.)
                    0 (row viol.)
  Timing            0.62
  Max sub-MIP depth 0
  Nodes             1
  Repair LPs        0
  LP iterations     1925
                    0 (strong br.)
                    61 (separation)
                    0 (heuristics)
MIP has 10753 rows; 9409 cols; 25537 nonzeros; 1344 integer variables (1344 binary)
Coefficient ranges:
  Matrix  [2e-01, 3e+00]
  Cost    [5e-03, 6e-02]
  Bound   [1e+00, 1e+00]
  RHS     [8e-05, 5e+00]
WARNING: Problem has some excessively small row bounds
Presolving model
8064 rows, 8904 cols, 22343 nonzeros 0s
6365 rows, 7537 cols, 17941 nonzeros 0s
4520 rows, 5901 cols, 13120 nonzeros 0s
4279 rows, 5353 cols, 12325 nonzeros 0s
Presolve reductions: rows 4279(-6474); columns 5353(-4056); nonzeros 12325(-13212) 

Solving MIP model with:
   4279 rows
   5353 cols (674 binary, 0 integer, 0 implied int., 4679 continuous, 0 domain fixed)
   12325 nonzeros

Src: B => Branching; C => Central rounding; F => Feasibility pump; H => Heuristic;
     I => Shifting; J => Feasibility jump; L => Sub-MIP; P => Empty MIP; R => Randomized rounding;
     S => Solve LP; T => Evaluate node; U => Unbounded; X => User solution; Y => HiGHS solution;
     Z => ZI Round; l => Trivial lower; p => Trivial point; u => Trivial upper; z => Trivial zero

        Nodes      |    B&B Tree     |            Objective Bounds              |  Dynamic Constraints |       Work      
Src  Proc. InQueue |  Leaves   Expl. | BestBound       BestSol              Gap |   Cuts   InLp Confl. | LpIters     Time

         0       0         0   0.00%   -11.05219724    inf                  inf        0      0      0         0     0.5s
         0       0         0   0.00%   -3.344326114    inf                  inf        0      0      2      1763     0.6s
 R       0       0         0   0.00%   -3.344326114    -3.344326114       0.00%        0      0      2      1795     0.6s
         1       0         1 100.00%   -3.344326114    -3.344326114       0.00%        0      0      2      1795     0.6s

Solving report
  Status            Optimal
  Primal bound      -3.34432611421
  Dual bound        -3.34432611421
  Gap               0% (tolerance: 0.5%)
  P-D integral      0
  Solution status   feasible
                    -3.34432611421 (objective)
                    0 (bound viol.)
                    0 (int. viol.)
                    0 (row viol.)
  Timing            0.64
  Max sub-MIP depth 0
  Nodes             1
  Repair LPs        0
  LP iterations     1795
                    0 (strong br.)
                    32 (separation)
                    0 (heuristics)
MIP has 10753 rows; 9409 cols; 25537 nonzeros; 1344 integer variables (1344 binary)
Coefficient ranges:
  Matrix  [2e-01, 3e+00]
  Cost    [5e-03, 6e-02]
  Bound   [1e+00, 1e+00]
  RHS     [8e-05, 5e+00]
WARNING: Problem has some excessively small row bounds
Presolving model
8064 rows, 8914 cols, 22353 nonzeros 0s
6362 rows, 7546 cols, 17947 nonzeros 0s
4508 rows, 5898 cols, 13109 nonzeros 0s
4253 rows, 5318 cols, 12266 nonzeros 0s
Presolve reductions: rows 4253(-6500); columns 5318(-4091); nonzeros 12266(-13271) 

Solving MIP model with:
   4253 rows
   5318 cols (674 binary, 0 integer, 0 implied int., 4644 continuous, 0 domain fixed)
   12266 nonzeros

Src: B => Branching; C => Central rounding; F => Feasibility pump; H => Heuristic;
     I => Shifting; J => Feasibility jump; L => Sub-MIP; P => Empty MIP; R => Randomized rounding;
     S => Solve LP; T => Evaluate node; U => Unbounded; X => User solution; Y => HiGHS solution;
     Z => ZI Round; l => Trivial lower; p => Trivial point; u => Trivial upper; z => Trivial zero

        Nodes      |    B&B Tree     |            Objective Bounds              |  Dynamic Constraints |       Work      
Src  Proc. InQueue |  Leaves   Expl. | BestBound       BestSol              Gap |   Cuts   InLp Confl. | LpIters     Time

         0       0         0   0.00%   -9.124359279    inf                  inf        0      0      0         0     0.5s
         0       0         0   0.00%   -3.90859446     inf                  inf        0      0      2      1629     0.6s
 R       0       0         0   0.00%   -3.90859446     -3.90859446        0.00%        0      0      2      1634     0.7s
         1       0         1 100.00%   -3.90859446     -3.90859446        0.00%        0      0      2      1634     0.7s

Solving report
  Status            Optimal
  Primal bound      -3.90859446001
  Dual bound        -3.90859446001
  Gap               0% (tolerance: 0.5%)
  P-D integral      4.90468968605e-19
  Solution status   feasible
                    -3.90859446001 (objective)
                    0 (bound viol.)
                    0 (int. viol.)
                    0 (row viol.)
  Timing            0.66
  Max sub-MIP depth 0
  Nodes             1
  Repair LPs        0
  LP iterations     1634
                    0 (strong br.)
                    5 (separation)
                    0 (heuristics)
MIP has 10753 rows; 9409 cols; 25537 nonzeros; 1344 integer variables (1344 binary)
Coefficient ranges:
  Matrix  [2e-01, 3e+00]
  Cost    [5e-03, 6e-02]
  Bound   [1e+00, 1e+00]
  RHS     [5e-04, 5e+00]
Presolving model
8064 rows, 8907 cols, 22346 nonzeros 0s
6358 rows, 7533 cols, 17930 nonzeros 0s
4503 rows, 5858 cols, 13072 nonzeros 0s
4243 rows, 5299 cols, 12235 nonzeros 0s
Presolve reductions: rows 4243(-6510); columns 5299(-4110); nonzeros 12235(-13302) 

Solving MIP model with:
   4243 rows
   5299 cols (674 binary, 0 integer, 0 implied int., 4625 continuous, 0 domain fixed)
   12235 nonzeros

Src: B => Branching; C => Central rounding; F => Feasibility pump; H => Heuristic;
     I => Shifting; J => Feasibility jump; L => Sub-MIP; P => Empty MIP; R => Randomized rounding;
     S => Solve LP; T => Evaluate node; U => Unbounded; X => User solution; Y => HiGHS solution;
     Z => ZI Round; l => Trivial lower; p => Trivial point; u => Trivial upper; z => Trivial zero

        Nodes      |    B&B Tree     |            Objective Bounds              |  Dynamic Constraints |       Work      
Src  Proc. InQueue |  Leaves   Expl. | BestBound       BestSol              Gap |   Cuts   InLp Confl. | LpIters     Time

         0       0         0   0.00%   -9.117152329    inf                  inf        0      0      0         0     0.5s
         0       0         0   0.00%   -4.272464213    inf                  inf        0      0      2      1660     0.6s
 R       0       0         0   0.00%   -4.272464213    -4.272464213       0.00%        0      0      2      1669     0.7s
         1       0         1 100.00%   -4.272464213    -4.272464213       0.00%        0      0      2      1669     0.7s

Solving report
  Status            Optimal
  Primal bound      -4.27246421302
  Dual bound        -4.27246421302
  Gap               0% (tolerance: 0.5%)
  P-D integral      0
  Solution status   feasible
                    -4.27246421302 (objective)
                    0 (bound viol.)
                    0 (int. viol.)
                    0 (row viol.)
  Timing            0.66
  Max sub-MIP depth 0
  Nodes             1
  Repair LPs        0
  LP iterations     1669
                    0 (strong br.)
                    9 (separation)
                    0 (heuristics)
MIP has 10754 rows; 9409 cols; 25538 nonzeros; 1344 integer variables (1344 binary)
Coefficient ranges:
  Matrix  [2e-01, 3e+00]
  Cost    [5e-03, 6e-02]
  Bound   [1e+00, 1e+00]
  RHS     [5e-04, 5e+00]
Presolving model
8064 rows, 8950 cols, 22389 nonzeros 0s
6372 rows, 7588 cols, 18003 nonzeros 0s
4678 rows, 6041 cols, 13558 nonzeros 0s
4457 rows, 5538 cols, 12832 nonzeros 0s
Presolve reductions: rows 4457(-6297); columns 5538(-3871); nonzeros 12832(-12706) 

Solving MIP model with:
   4457 rows
   5538 cols (710 binary, 0 integer, 0 implied int., 4828 continuous, 0 domain fixed)
   12832 nonzeros

Src: B => Branching; C => Central rounding; F => Feasibility pump; H => Heuristic;
     I => Shifting; J => Feasibility jump; L => Sub-MIP; P => Empty MIP; R => Randomized rounding;
     S => Solve LP; T => Evaluate node; U => Unbounded; X => User solution; Y => HiGHS solution;
     Z => ZI Round; l => Trivial lower; p => Trivial point; u => Trivial upper; z => Trivial zero

        Nodes      |    B&B Tree     |            Objective Bounds              |  Dynamic Constraints |       Work      
Src  Proc. InQueue |  Leaves   Expl. | BestBound       BestSol              Gap |   Cuts   InLp Confl. | LpIters     Time

         0       0         0   0.00%   -7.014126219    inf                  inf        0      0      0         0     0.5s
 T       0       0         0   0.00%   -7.014126219    -3.349672102     109.40%        0      0      0      1673     0.6s
         1       0         1 100.00%   -3.349672102    -3.349672102       0.00%        0      0      0      1673     0.6s

Solving report
  Status            Optimal
  Primal bound      -3.34967210216
  Dual bound        -3.34967210216
  Gap               0% (tolerance: 0.5%)
  P-D integral      0.000106443666748
  Solution status   feasible
                    -3.34967210216 (objective)
                    0 (bound viol.)
                    0 (int. viol.)
                    0 (row viol.)
  Timing            0.57
  Max sub-MIP depth 0
  Nodes             1
  Repair LPs        0
  LP iterations     1673
                    0 (strong br.)
                    0 (separation)
                    0 (heuristics)
