MIP has 10753 rows; 9409 cols; 25537 nonzeros; 1344 integer variables (1344 binary)
Coefficient ranges:
  Matrix  [2e-01, 2e+00]
  Cost    [1e-02, 6e-02]
  Bound   [1e+00, 1e+00]
  RHS     [4e-04, 4e+00]
Presolving model
8064 rows, 8598 cols, 22037 nonzeros 0s
6415 rows, 7283 cols, 17737 nonzeros 0s
4638 rows, 5772 cols, 13113 nonzeros 0s
2698 rows, 3964 cols, 8029 nonzeros 0s
1719 rows, 3120 cols, 5666 nonzeros 0s
1591 rows, 2991 cols, 5409 nonzeros 0s
Presolve reductions: rows 1591(-9162); columns 2991(-6418); nonzeros 5409(-20128) 

Solving MIP model with:
   1591 rows
   2991 cols (207 binary, 0 integer, 0 implied int., 2784 continuous, 0 domain fixed)
   5409 nonzeros

Src: B => Branching; C => Central rounding; F => Feasibility pump; H => Heuristic;
     I => Shifting; J => Feasibility jump; L => Sub-MIP; P => Empty MIP; R => Randomized rounding;
     S => Solve LP; T => Evaluate node; U => Unbounded; X => User solution; Y => HiGHS solution;
     Z => ZI Round; l => Trivial lower; p => Trivial point; u => Trivial upper; z => Trivial zero

        Nodes      |    B&B Tree     |            Objective Bounds              |  Dynamic Constraints |       Work      
Src  Proc. InQueue |  Leaves   Expl. | BestBound       BestSol              Gap |   Cuts   InLp Confl. | LpIters     Time

 J       0       0         0   0.00%   -inf            18.49962009        Large        0      0      0         0     0.4s
 T       0       0         0   0.00%   -0.9418147047   15.83033646      105.95%        0      0      0       747     0.5s
         1       0         1 100.00%   15.83033646     15.83033646        0.00%        0      0      0       747     0.5s

Solving report
  Status            Optimal
  Primal bound      15.8303364566
  Dual bound        15.8303364566
  Gap               0% (tolerance: 0.5%)
  P-D integral      0.0283539205371
  Solution status   feasible
                    15.8303364566 (objective)
                    0 (bound viol.)
                    0 (int. viol.)
                    0 (row viol.)
  Timing            0.45
  Max sub-MIP depth 0
  Nodes             1
  Repair LPs        0
  LP iterations     747
                    0 (strong br.)
                    0 (separation)
                    0 (heuristics)
MIP has 10753 rows; 9409 cols; 25537 nonzeros; 1344 integer variables (1344 binary)
Coefficient ranges:
  Matrix  [2e-01, 2e+00]
  Cost    [1e-02, 6e-02]
  Bound   [1e+00, 1e+00]
  RHS     [4e-04, 4e+00]
Presolving model
8064 rows, 8601 cols, 22040 nonzeros 0s
6415 rows, 7286 cols, 17740 nonzeros 0s
4630 rows, 5767 cols, 13100 nonzeros 0s
2703 rows, 3973 cols, 8043 nonzeros 0s
1740 rows, 3106 cols, 5693 nonzeros 0s
1610 rows, 2968 cols, 5425 nonzeros 0s
Presolve reductions: rows 1610(-9143); columns 2968(-6441); nonzeros 5425(-20112) 

Solving MIP model with:
   1610 rows
   2968 cols (212 binary, 0 integer, 0 implied int., 2756 continuous, 0 domain fixed)
   5425 nonzeros

Src: B => Branching; C => Central rounding; F => Feasibility pump; H => Heuristic;
     I => Shifting; J => Feasibility jump; L => Sub-MIP; P => Empty MIP; R => Randomized rounding;
     S => Solve LP; T => Evaluate node; U => Unbounded; X => User solution; Y => HiGHS solution;
     Z => ZI Round; l => Trivial lower; p => Trivial point; u => Trivial upper; z => Trivial zero

        Nodes      |    B&B Tree     |            Objective Bounds              |  Dynamic Constraints |       Work      
Src  Proc. InQueue |  Leaves   Expl. | BestBound       BestSol              Gap |   Cuts   InLp Confl. | LpIters     Time

 J       0       0         0   0.00%   -inf            20.64458609        Large        0      0      0         0     0.4s
 T       0       0         0   0.00%   -0.3847460203   18.18611055      102.12%        0      0      0       689     0.5s
         1       0         1 100.00%   18.18611055     18.18611055        0.00%        0      0      0       689     0.5s

Solving report
  Status            Optimal
  Primal bound      18.1861105513
  Dual bound        18.1861105513
  Gap               0% (tolerance: 0.5%)
  P-D integral      0.0258831386895
  Solution status   feasible
                    18.1861105513 (objective)
                    0 (bound viol.)
                    0 (int. viol.)
                    0 (row viol.)
  Timing            0.46
  Max sub-MIP depth 0
  Nodes             1
  Repair LPs        0
  LP iterations     689
                    0 (strong br.)
                    0 (separation)
                    0 (heuristics)
MIP has 10753 rows; 9409 cols; 25537 nonzeros; 1344 integer variables (1344 binary)
Coefficient ranges:
  Matrix  [2e-01, 2e+00]
  Cost    [1e-02, 6e-02]
  Bound   [1e+00, 1e+00]
  RHS     [4e-04, 4e+00]
Presolving model
8064 rows, 8609 cols, 22048 nonzeros 0s
6408 rows, 7287 cols, 17730 nonzeros 0s
4604 rows, 5745 cols, 13028 nonzeros 0s
2656 rows, 3917 cols, 7908 nonzeros 0s
1756 rows, 3096 cols, 5717 nonzeros 0s
1631 rows, 2924 cols, 5420 nonzeros 0s
Presolve reductions: rows 1631(-9122); columns 2924(-6485); nonzeros 5420(-20117) 

Solving MIP model with:
   1631 rows
   2924 cols (217 binary, 0 integer, 0 implied int., 2707 continuous, 0 domain fixed)
   5420 nonzeros

Src: B => Branching; C => Central rounding; F => Feasibility pump; H => Heuristic;
     I => Shifting; J => Feasibility jump; L => Sub-MIP; P => Empty MIP; R => Randomized rounding;
     S => Solve LP; T => Evaluate node; U => Unbounded; X => User solution; Y => HiGHS solution;
     Z => ZI Round; l => Trivial lower; p => Trivial point; u => Trivial upper; z => Trivial zero

        Nodes      |    B&B Tree     |            Objective Bounds              |  Dynamic Constraints |       Work      
Src  Proc. InQueue |  Leaves   Expl. | BestBound       BestSol              Gap |   Cuts   InLp Confl. | LpIters     Time

 J       0       0         0   0.00%   -inf            19.13682156        Large        0      0      0         0     0.5s
 T       0       0         0   0.00%   0.5117329963    16.94740017       96.98%        0      0      0       743     0.5s
         1       0         1 100.00%   16.94740017     16.94740017        0.00%        0      0      0       743     0.5s

Solving report
  Status            Optimal
  Primal bound      16.9474001685
  Dual bound        16.9474001685
  Gap               0% (tolerance: 0.5%)
  P-D integral      0.0286908161
  Solution status   feasible
                    16.9474001685 (objective)
                    0 (bound viol.)
                    0 (int. viol.)
                    0 (row viol.)
  Timing            0.52
  Max sub-MIP depth 0
  Nodes             1
  Repair LPs        0
  LP iterations     743
                    0 (strong br.)
                    0 (separation)
                    0 (heuristics)
MIP has 10753 rows; 9409 cols; 25537 nonzeros; 1344 integer variables (1344 binary)
Coefficient ranges:
  Matrix  [2e-01, 2e+00]
  Cost    [1e-02, 6e-02]
  Bound   [1e+00, 1e+00]
  RHS     [4e-04, 4e+00]
Presolving model
8064 rows, 8617 cols, 22056 nonzeros 0s
6410 rows, 7297 cols, 17742 nonzeros 0s
4604 rows, 5756 cols, 13044 nonzeros 0s
2655 rows, 3913 cols, 7911 nonzeros 0s
1785 rows, 3107 cols, 5791 nonzeros 0s
1666 rows, 2948 cols, 5513 nonzeros 0s
Presolve reductions: rows 1666(-9087); columns 2948(-6461); nonzeros 5513(-20024) 

Solving MIP model with:
   1666 rows
   2948 cols (225 binary, 0 integer, 0 implied int., 2723 continuous, 0 domain fixed)
   5513 nonzeros

Src: B => Branching; C => Central rounding; F => Feasibility pump; H => Heuristic;
     I => Shifting; J => Feasibility jump; L => Sub-MIP; P => Empty MIP; R => Randomized rounding;
     S => Solve LP; T => Evaluate node; U => Unbounded; X => User solution; Y => HiGHS solution;
     Z => ZI Round; l => Trivial lower; p => Trivial point; u => Trivial upper; z => Trivial zero

        Nodes      |    B&B Tree     |            Objective Bounds              |  Dynamic Constraints |       Work      
Src  Proc. InQueue |  Leaves   Expl. | BestBound       BestSol              Gap |   Cuts   InLp Confl. | LpIters     Time

 J       0       0         0   0.00%   -inf            19.05452366        Large        0      0      0         0     0.5s
 T       0       0         0   0.00%   0.4270487864    15.89706872       97.31%        0      0      0       693     0.5s
         1       0         1 100.00%   15.89706872     15.89706872        0.00%        0      0      0       693     0.5s

Solving report
  Status            Optimal
  Primal bound      15.8970687166
  Dual bound        15.8970687166
  Gap               0% (tolerance: 0.5%)
  P-D integral      0.0243569855368
  Solution status   feasible
                    15.8970687166 (objective)
                    0 (bound viol.)
                    0 (int. viol.)
                    0 (row viol.)
  Timing            0.52
  Max sub-MIP depth 0
  Nodes             1
  Repair LPs        0
  LP iterations     693
                    0 (strong br.)
                    0 (separation)
                    0 (heuristics)
MIP has 10753 rows; 9409 cols; 25537 nonzeros; 1344 integer variables (1344 binary)
Coefficient ranges:
  Matrix  [2e-01, 2e+00]
  Cost    [1e-02, 6e-02]
  Bound   [1e+00, 1e+00]
  RHS     [8e-04, 4e+00]
Presolving model
8064 rows, 8611 cols, 22050 nonzeros 0s
6400 rows, 7281 cols, 17716 nonzeros 0s
4580 rows, 5722 cols, 12981 nonzeros 0s
2631 rows, 3889 cols, 7863 nonzeros 0s
1884 rows, 3091 cols, 5996 nonzeros 0s
1748 rows, 2763 cols, 5532 nonzeros 0s
Presolve reductions: rows 1748(-9005); columns 2763(-6646); nonzeros 5532(-20005) 

Solving MIP model with:
   1748 rows
   2763 cols (256 binary, 0 integer, 0 implied int., 2507 continuous, 0 domain fixed)
   5532 nonzeros

Src: B => Branching; C => Central rounding; F => Feasibility pump; H => Heuristic;
     I => Shifting; J => Feasibility jump; L => Sub-MIP; P => Empty MIP; R => Randomized rounding;
     S => Solve LP; T => Evaluate node; U => Unbounded; X => User solution; Y => HiGHS solution;
     Z => ZI Round; l => Trivial lower; p => Trivial point; u => Trivial upper; z => Trivial zero

        Nodes      |    B&B Tree     |            Objective Bounds              |  Dynamic Constraints |       Work      
Src  Proc. InQueue |  Leaves   Expl. | BestBound       BestSol              Gap |   Cuts   InLp Confl. | LpIters     Time

 J       0       0         0   0.00%   -inf            18.13743203        Large        0      0      0         0     0.5s
 T       0       0         0   0.00%   3.049132242     13.57574246       77.54%        0      0      0       709     0.5s
         1       0         1 100.00%   13.57574246     13.57574246        0.00%        0      0      0       709     0.5s

Solving report
  Status            Optimal
  Primal bound      13.5757424572
  Dual bound        13.5757424572
  Gap               0% (tolerance: 0.5%)
  P-D integral      0.0228028545116
  Solution status   feasible
                    13.5757424572 (objective)
                    0 (bound viol.)
                    0 (int. viol.)
                    0 (row viol.)
  Timing            0.51
  Max sub-MIP depth 0
  Nodes             1
  Repair LPs        0
  LP iterations     709
                    0 (strong br.)
                    0 (separation)
                    0 (heuristics)
MIP has 10753 rows; 9409 cols; 25537 nonzeros; 1344 integer variables (1344 binary)
Coefficient ranges:
  Matrix  [2e-01, 2e+00]
  Cost    [1e-02, 6e-02]
  Bound   [1e+00, 1e+00]
  RHS     [8e-04, 4e+00]
Presolving model
8064 rows, 8635 cols, 22074 nonzeros 0s
6389 rows, 7294 cols, 17718 nonzeros 0s
4559 rows, 5712 cols, 12958 nonzeros 0s
4406 rows, 4311 cols, 9384 nonzeros 0s
2585 rows, 3813 cols, 7745 nonzeros 0s
2150 rows, 3392 cols, 6791 nonzeros 0s
Presolve reductions: rows 2150(-8603); columns 3392(-6017); nonzeros 6791(-18746) 

Solving MIP model with:
   2150 rows
   3392 cols (313 binary, 0 integer, 0 implied int., 3079 continuous, 0 domain fixed)
   6791 nonzeros

Src: B => Branching; C => Central rounding; F => Feasibility pump; H => Heuristic;
     I => Shifting; J => Feasibility jump; L => Sub-MIP; P => Empty MIP; R => Randomized rounding;
     S => Solve LP; T => Evaluate node; U => Unbounded; X => User solution; Y => HiGHS solution;
     Z => ZI Round; l => Trivial lower; p => Trivial point; u => Trivial upper; z => Trivial zero

        Nodes      |    B&B Tree     |            Objective Bounds              |  Dynamic Constraints |       Work      
Src  Proc. InQueue |  Leaves   Expl. | BestBound       BestSol              Gap |   Cuts   InLp Confl. | LpIters     Time

 J       0       0         0   0.00%   -inf            15.47721111        Large        0      0      0         0     0.6s
 T       0       0         0   0.00%   -1.855140995    9.461606784      119.61%        0      0      0       927     0.6s
         1       0         1 100.00%   9.461606784     9.461606784        0.00%        0      0      0       927     0.6s

Solving report
  Status            Optimal
  Primal bound      9.46160678427
  Dual bound        9.46160678427
  Gap               0% (tolerance: 0.5%)
  P-D integral      0.0309536447268
  Solution status   feasible
                    9.46160678427 (objective)
                    0 (bound viol.)
                    0 (int. viol.)
                    0 (row viol.)
  Timing            0.64
  Max sub-MIP depth 0
  Nodes             1
  Repair LPs        0
  LP iterations     927
                    0 (strong br.)
                    0 (separation)
                    0 (heuristics)
MIP has 10753 rows; 9409 cols; 25537 nonzeros; 1344 integer variables (1344 binary)
Coefficient ranges:
  Matrix  [2e-01, 2e+00]
  Cost    [1e-02, 6e-02]
  Bound   [1e+00, 1e+00]
  RHS     [3e-04, 4e+00]
Presolving model
8064 rows, 8674 cols, 22113 nonzeros 0s
6372 rows, 7316 cols, 17722 nonzeros 0s
4529 rows, 5706 cols, 12918 nonzeros 0s
2772 rows, 3961 cols, 8256 nonzeros 0s
2512 rows, 3661 cols, 7694 nonzeros 0s
Presolve reductions: rows 2512(-8241); columns 3661(-5748); nonzeros 7694(-17843) 

Solving MIP model with:
   2512 rows
   3661 cols (381 binary, 0 integer, 0 implied int., 3280 continuous, 0 domain fixed)
   7694 nonzeros

Src: B => Branching; C => Central rounding; F => Feasibility pump; H => Heuristic;
     I => Shifting; J => Feasibility jump; L => Sub-MIP; P => Empty MIP; R => Randomized rounding;
     S => Solve LP; T => Evaluate node; U => Unbounded; X => User solution; Y => HiGHS solution;
     Z => ZI Round; l => Trivial lower; p => Trivial point; u => Trivial upper; z => Trivial zero

        Nodes      |    B&B Tree     |            Objective Bounds              |  Dynamic Constraints |       Work      
Src  Proc. InQueue |  Leaves   Expl. | BestBound       BestSol              Gap |   Cuts   InLp Confl. | LpIters     Time

 J       0       0         0   0.00%   -inf            13.68339492        Large        0      0      0         0     0.5s
 T       0       0         0   0.00%   -2.197205474    6.845136423      132.10%        0      0      0      1037     0.5s
         1       0         1 100.00%   6.845136423     6.845136423        0.00%        0      0      0      1037     0.5s

Solving report
  Status            Optimal
  Primal bound      6.84513642329
  Dual bound        6.84513642329
  Gap               0% (tolerance: 0.5%)
  P-D integral      0.0441498478105
  Solution status   feasible
                    6.84513642329 (objective)
                    0 (bound viol.)
                    0 (int. viol.)
                    0 (row viol.)
  Timing            0.53
  Max sub-MIP depth 0
  Nodes             1
  Repair LPs        0
  LP iterations     1037
                    0 (strong br.)
                    0 (separation)
                    0 (heuristics)
MIP has 10753 rows; 9409 cols; 25537 nonzeros; 1344 integer variables (1344 binary)
Coefficient ranges:
  Matrix  [2e-01, 2e+00]
  Cost    [1e-02, 6e-02]
  Bound   [1e+00, 1e+00]
  RHS     [3e-04, 4e+00]
Presolving model
8064 rows, 8692 cols, 22131 nonzeros 0s
6350 rows, 7312 cols, 17697 nonzeros 0s
4473 rows, 5653 cols, 12817 nonzeros 0s
3232 rows, 4277 cols, 9445 nonzeros 0s
3054 rows, 4095 cols, 9082 nonzeros 0s
Presolve reductions: rows 3054(-7699); columns 4095(-5314); nonzeros 9082(-16455) 

Solving MIP model with:
   3054 rows
   4095 cols (484 binary, 0 integer, 0 implied int., 3611 continuous, 0 domain fixed)
   9082 nonzeros

Src: B => Branching; C => Central rounding; F => Feasibility pump; H => Heuristic;
     I => Shifting; J => Feasibility jump; L => Sub-MIP; P => Empty MIP; R => Randomized rounding;
     S => Solve LP; T => Evaluate node; U => Unbounded; X => User solution; Y => HiGHS solution;
     Z => ZI Round; l => Trivial lower; p => Trivial point; u => Trivial upper; z => Trivial zero

        Nodes      |    B&B Tree     |            Objective Bounds              |  Dynamic Constraints |       Work      
Src  Proc. InQueue |  Leaves   Expl. | BestBound       BestSol              Gap |   Cuts   InLp Confl. | LpIters     Time

 J       0       0         0   0.00%   -inf            7.50281222         Large        0      0      0         0     0.5s
 T       0       0         0   0.00%   -3.618475407    1.882564679      292.21%        0      0      0      1128     0.6s
         1       0         1 100.00%   1.882564679     1.882564679        0.00%        0      0      0      1128     0.6s

Solving report
  Status            Optimal
  Primal bound      1.88256467915
  Dual bound        1.88256467915
  Gap               0% (tolerance: 0.5%)
  P-D integral      0.0878886476135
  Solution status   feasible
                    1.88256467915 (objective)
                    0 (bound viol.)
                    0 (int. viol.)
                    0 (row viol.)
  Timing            0.56
  Max sub-MIP depth 0
  Nodes             1
  Repair LPs        0
  LP iterations     1128
                    0 (strong br.)
                    0 (separation)
                    0 (heuristics)
MIP has 10753 rows; 9409 cols; 25537 nonzeros; 1344 integer variables (1344 binary)
Coefficient ranges:
  Matrix  [2e-01, 2e+00]
  Cost    [1e-02, 6e-02]
  Bound   [1e+00, 1e+00]
  RHS     [4e-04, 4e+00]
Presolving model
8064 rows, 8707 cols, 22146 nonzeros 0s
6369 rows, 7346 cols, 17754 nonzeros 0s
4525 rows, 5737 cols, 12965 nonzeros 0s
3125 rows, 4267 cols, 9199 nonzeros 0s
2937 rows, 4078 cols, 8822 nonzeros 0s
Presolve reductions: rows 2937(-7816); columns 4078(-5331); nonzeros 8822(-16715) 

Solving MIP model with:
   2937 rows
   4078 cols (452 binary, 0 integer, 0 implied int., 3626 continuous, 0 domain fixed)
   8822 nonzeros

Src: B => Branching; C => Central rounding; F => Feasibility pump; H => Heuristic;
     I => Shifting; J => Feasibility jump; L => Sub-MIP; P => Empty MIP; R => Randomized rounding;
     S => Solve LP; T => Evaluate node; U => Unbounded; X => User solution; Y => HiGHS solution;
     Z => ZI Round; l => Trivial lower; p => Trivial point; u => Trivial upper; z => Trivial zero

        Nodes      |    B&B Tree     |            Objective Bounds              |  Dynamic Constraints |       Work      
Src  Proc. InQueue |  Leaves   Expl. | BestBound       BestSol              Gap |   Cuts   InLp Confl. | LpIters     Time

 J       0       0         0   0.00%   -inf            9.00963587         Large        0      0      0         0     0.4s
 T       0       0         0   0.00%   -3.859483876    2.9164315        232.34%        0      0      0      1130     0.5s
         1       0         1 100.00%   2.9164315       2.9164315          0.00%        0      0      0      1130     0.5s

Solving report
  Status            Optimal
  Primal bound      2.91643150003
  Dual bound        2.91643150003
  Gap               0% (tolerance: 0.5%)
  P-D integral      0.0718495332433
  Solution status   feasible
                    2.91643150003 (objective)
                    0 (bound viol.)
                    0 (int. viol.)
                    0 (row viol.)
  Timing            0.46
  Max sub-MIP depth 0
  Nodes             1
  Repair LPs        0
  LP iterations     1130
                    0 (strong br.)
                    0 (separation)
                    0 (heuristics)
MIP has 10753 rows; 9409 cols; 25537 nonzeros; 1344 integer variables (1344 binary)
Coefficient ranges:
  Matrix  [2e-01, 2e+00]
  Cost    [1e-02, 6e-02]
  Bound   [1e+00, 1e+00]
  RHS     [4e-04, 4e+00]
Presolving model
8064 rows, 8724 cols, 22163 nonzeros 0s
6390 rows, 7384 cols, 17809 nonzeros 0s
4570 rows, 5805 cols, 13062 nonzeros 0s
2893 rows, 4152 cols, 8626 nonzeros 0s
2636 rows, 3822 cols, 8039 nonzeros 0s
Presolve reductions: rows 2636(-8117); columns 3822(-5587); nonzeros 8039(-17498) 

Solving MIP model with:
   2636 rows
   3822 cols (396 binary, 0 integer, 0 implied int., 3426 continuous, 0 domain fixed)
   8039 nonzeros

Src: B => Branching; C => Central rounding; F => Feasibility pump; H => Heuristic;
     I => Shifting; J => Feasibility jump; L => Sub-MIP; P => Empty MIP; R => Randomized rounding;
     S => Solve LP; T => Evaluate node; U => Unbounded; X => User solution; Y => HiGHS solution;
     Z => ZI Round; l => Trivial lower; p => Trivial point; u => Trivial upper; z => Trivial zero

        Nodes      |    B&B Tree     |            Objective Bounds              |  Dynamic Constraints |       Work      
Src  Proc. InQueue |  Leaves   Expl. | BestBound       BestSol              Gap |   Cuts   InLp Confl. | LpIters     Time

 J       0       0         0   0.00%   -inf            13.11230856        Large        0      0      0         0     0.5s
 T       0       0         0   0.00%   -2.547373725    4.483510975      156.82%        0      0      0      1122     0.5s
         1       0         1 100.00%   4.483510975     4.483510975        0.00%        0      0      0      1122     0.5s

Solving report
  Status            Optimal
  Primal bound      4.48351097494
  Dual bound        4.48351097494
  Gap               0% (tolerance: 0.5%)
  P-D integral      0.0443366451443
  Solution status   feasible
                    4.48351097494 (objective)
                    0 (bound viol.)
                    0 (int. viol.)
                    0 (row viol.)
  Timing            0.52
  Max sub-MIP depth 0
  Nodes             1
  Repair LPs        0
  LP iterations     1122
                    0 (strong br.)
                    0 (separation)
                    0 (heuristics)
MIP has 10753 rows; 9409 cols; 25537 nonzeros; 1344 integer variables (1344 binary)
Coefficient ranges:
  Matrix  [2e-01, 2e+00]
  Cost    [1e-02, 6e-02]
  Bound   [1e+00, 1e+00]
  RHS     [1e-03, 4e+00]
Presolving model
8064 rows, 8744 cols, 22183 nonzeros 0s
6381 rows, 7395 cols, 17811 nonzeros 0s
4549 rows, 5797 cols, 13033 nonzeros 0s
2996 rows, 4222 cols, 8889 nonzeros 0s
2782 rows, 4006 cols, 8457 nonzeros 0s
Presolve reductions: rows 2782(-7971); columns 4006(-5403); nonzeros 8457(-17080) 

Solving MIP model with:
   2782 rows
   4006 cols (418 binary, 0 integer, 0 implied int., 3588 continuous, 0 domain fixed)
   8457 nonzeros

Src: B => Branching; C => Central rounding; F => Feasibility pump; H => Heuristic;
     I => Shifting; J => Feasibility jump; L => Sub-MIP; P => Empty MIP; R => Randomized rounding;
     S => Solve LP; T => Evaluate node; U => Unbounded; X => User solution; Y => HiGHS solution;
     Z => ZI Round; l => Trivial lower; p => Trivial point; u => Trivial upper; z => Trivial zero

        Nodes      |    B&B Tree     |            Objective Bounds              |  Dynamic Constraints |       Work      
Src  Proc. InQueue |  Leaves   Expl. | BestBound       BestSol              Gap |   Cuts   InLp Confl. | LpIters     Time

 J       0       0         0   0.00%   -inf            12.95744778        Large        0      0      0         0     0.4s
 T       0       0         0   0.00%   -5.357661418    2.350495683      327.94%        0      0      0      1182     0.5s
         1       0         1 100.00%   2.350495683     2.350495683        0.00%        0      0      0      1182     0.5s

Solving report
  Status            Optimal
  Primal bound      2.35049568278
  Dual bound        2.35049568278
  Gap               0% (tolerance: 0.5%)
  P-D integral      0.0605975934298
  Solution status   feasible
                    2.35049568278 (objective)
                    0 (bound viol.)
                    0 (int. viol.)
                    0 (row viol.)
  Timing            0.48
  Max sub-MIP depth 0
  Nodes             1
  Repair LPs        0
  LP iterations     1182
                    0 (strong br.)
                    0 (separation)
                    0 (heuristics)
MIP has 10753 rows; 9409 cols; 25537 nonzeros; 1344 integer variables (1344 binary)
Coefficient ranges:
  Matrix  [2e-01, 2e+00]
  Cost    [1e-02, 6e-02]
  Bound   [1e+00, 1e+00]
  RHS     [4e-04, 4e+00]
Presolving model
8064 rows, 8764 cols, 22203 nonzeros 0s
6401 rows, 7435 cols, 17875 nonzeros 0s
4599 rows, 5880 cols, 13182 nonzeros 0s
3075 rows, 4364 cols, 9134 nonzeros 0s
2846 rows, 4135 cols, 8676 nonzeros 0s
Presolve reductions: rows 2846(-7907); columns 4135(-5274); nonzeros 8676(-16861) 

Solving MIP model with:
   2846 rows
   4135 cols (424 binary, 0 integer, 0 implied int., 3711 continuous, 0 domain fixed)
   8676 nonzeros

Src: B => Branching; C => Central rounding; F => Feasibility pump; H => Heuristic;
     I => Shifting; J => Feasibility jump; L => Sub-MIP; P => Empty MIP; R => Randomized rounding;
     S => Solve LP; T => Evaluate node; U => Unbounded; X => User solution; Y => HiGHS solution;
     Z => ZI Round; l => Trivial lower; p => Trivial point; u => Trivial upper; z => Trivial zero

        Nodes      |    B&B Tree     |            Objective Bounds              |  Dynamic Constraints |       Work      
Src  Proc. InQueue |  Leaves   Expl. | BestBound       BestSol              Gap |   Cuts   InLp Confl. | LpIters     Time

 J       0       0         0   0.00%   -inf            13.21932322        Large        0      0      0         0     0.4s
 T       0       0         0   0.00%   -6.129064768    2.158528897      383.95%        0      0      0      1223     0.5s
         1       0         1 100.00%   2.158528897     2.158528897        0.00%        0      0      0      1223     0.5s

Solving report
  Status            Optimal
  Primal bound      2.15852889688
  Dual bound        2.15852889688
  Gap               0% (tolerance: 0.5%)
  P-D integral      0.0642771017998
  Solution status   feasible
                    2.15852889688 (objective)
                    0 (bound viol.)
                    0 (int. viol.)
                    0 (row viol.)
  Timing            0.48
  Max sub-MIP depth 0
  Nodes             1
  Repair LPs        0
  LP iterations     1223
                    0 (strong br.)
                    0 (separation)
                    0 (heuristics)
MIP has 10753 rows; 9409 cols; 25537 nonzeros; 1344 integer variables (1344 binary)
Coefficient ranges:
  Matrix  [2e-01, 2e+00]
  Cost    [1e-02, 6e-02]
  Bound   [1e+00, 1e+00]
  RHS     [2e-05, 4e+00]
WARNING: Problem has some excessively small row bounds
Presolving model
8064 rows, 8776 cols, 22215 nonzeros 0s
6392 rows, 7438 cols, 17865 nonzeros 0s
4570 rows, 5848 cols, 13109 nonzeros 0s
3191 rows, 4419 cols, 9422 nonzeros 0s
2991 rows, 4217 cols, 9017 nonzeros 0s
Presolve reductions: rows 2991(-7762); columns 4217(-5192); nonzeros 9017(-16520) 

Solving MIP model with:
   2991 rows
   4217 cols (453 binary, 0 integer, 0 implied int., 3764 continuous, 0 domain fixed)
   9017 nonzeros

Src: B => Branching; C => Central rounding; F => Feasibility pump; H => Heuristic;
     I => Shifting; J => Feasibility jump; L => Sub-MIP; P => Empty MIP; R => Randomized rounding;
     S => Solve LP; T => Evaluate node; U => Unbounded; X => User solution; Y => HiGHS solution;
     Z => ZI Round; l => Trivial lower; p => Trivial point; u => Trivial upper; z => Trivial zero

        Nodes      |    B&B Tree     |            Objective Bounds              |  Dynamic Constraints |       Work      
Src  Proc. InQueue |  Leaves   Expl. | BestBound       BestSol              Gap |   Cuts   InLp Confl. | LpIters     Time

 J       0       0         0   0.00%   -inf            11.49294317        Large        0      0      0         0     0.4s
 T       0       0         0   0.00%   -5.228995159    1.939438891      369.61%        0      0      0      1272     0.5s
         1       0         1 100.00%   1.939438891     1.939438891        0.00%        0      0      0      1272     0.5s

Solving report
  Status            Optimal
  Primal bound      1.93943889052
  Dual bound        1.93943889052
  Gap               0% (tolerance: 0.5%)
  P-D integral      0.0705971486585
  Solution status   feasible
                    1.93943889052 (objective)
                    0 (bound viol.)
                    0 (int. viol.)
                    0 (row viol.)
  Timing            0.50
  Max sub-MIP depth 0
  Nodes             1
  Repair LPs        0
  LP iterations     1272
                    0 (strong br.)
                    0 (separation)
                    0 (heuristics)
MIP has 10753 rows; 9409 cols; 25537 nonzeros; 1344 integer variables (1344 binary)
Coefficient ranges:
  Matrix  [2e-01, 2e+00]
  Cost    [1e-02, 6e-02]
  Bound   [1e+00, 1e+00]
  RHS     [2e-05, 4e+00]
WARNING: Problem has some excessively small row bounds
Presolving model
8064 rows, 8786 cols, 22225 nonzeros 0s
6369 rows, 7425 cols, 17833 nonzeros 0s
4518 rows, 5796 cols, 13017 nonzeros 0s
3607 rows, 4697 cols, 10495 nonzeros 0s
3490 rows, 4580 cols, 10261 nonzeros 0s
Presolve reductions: rows 3490(-7263); columns 4580(-4829); nonzeros 10261(-15276) 

Solving MIP model with:
   3490 rows
   4580 cols (548 binary, 0 integer, 0 implied int., 4032 continuous, 0 domain fixed)
   10261 nonzeros

Src: B => Branching; C => Central rounding; F => Feasibility pump; H => Heuristic;
     I => Shifting; J => Feasibility jump; L => Sub-MIP; P => Empty MIP; R => Randomized rounding;
     S => Solve LP; T => Evaluate node; U => Unbounded; X => User solution; Y => HiGHS solution;
     Z => ZI Round; l => Trivial lower; p => Trivial point; u => Trivial upper; z => Trivial zero

        Nodes      |    B&B Tree     |            Objective Bounds              |  Dynamic Constraints |       Work      
Src  Proc. InQueue |  Leaves   Expl. | BestBound       BestSol              Gap |   Cuts   InLp Confl. | LpIters     Time

 J       0       0         0   0.00%   -inf            5.682677923        Large        0      0      0         0     0.5s
 T       0       0         0   0.00%   -5.113802551    -1.051236411     386.46%        0      0      0      1384     0.5s
         1       0         1 100.00%   -1.051236411    -1.051236411       0.00%        0      0      0      1384     0.5s

Solving report
  Status            Optimal
  Primal bound      -1.05123641095
  Dual bound        -1.05123641095
  Gap               0% (tolerance: 0.5%)
  P-D integral      0.0977411593329
  Solution status   feasible
                    -1.05123641095 (objective)
                    0 (bound viol.)
                    0 (int. viol.)
                    0 (row viol.)
  Timing            0.52
  Max sub-MIP depth 0
  Nodes             1
  Repair LPs        0
  LP iterations     1384
                    0 (strong br.)
                    0 (separation)
                    0 (heuristics)
MIP has 10753 rows; 9409 cols; 25537 nonzeros; 1344 integer variables (1344 binary)
Coefficient ranges:
  Matrix  [2e-01, 2e+00]
  Cost    [1e-02, 6e-02]
  Bound   [1e+00, 1e+00]
  RHS     [2e-04, 4e+00]
Presolving model
8064 rows, 8808 cols, 22247 nonzeros 0s
6358 rows, 7436 cols, 17833 nonzeros 0s
4492 rows, 5782 cols, 12977 nonzeros 0s
3790 rows, 4835 cols, 10972 nonzeros 0s
3708 rows, 4753 cols, 10808 nonzeros 0s
Presolve reductions: rows 3708(-7045); columns 4753(-4656); nonzeros 10808(-14729) 

Solving MIP model with:
   3708 rows
   4753 cols (587 binary, 0 integer, 0 implied int., 4166 continuous, 0 domain fixed)
   10808 nonzeros

Src: B => Branching; C => Central rounding; F => Feasibility pump; H => Heuristic;
     I => Shifting; J => Feasibility jump; L => Sub-MIP; P => Empty MIP; R => Randomized rounding;
     S => Solve LP; T => Evaluate node; U => Unbounded; X => User solution; Y => HiGHS solution;
     Z => ZI Round; l => Trivial lower; p => Trivial point; u => Trivial upper; z => Trivial zero

        Nodes      |    B&B Tree     |            Objective Bounds              |  Dynamic Constraints |       Work      
Src  Proc. InQueue |  Leaves   Expl. | BestBound       BestSol              Gap |   Cuts   InLp Confl. | LpIters     Time

 J       0       0         0   0.00%   -inf            3.56224698         Large        0      0      0         0     0.4s
 T       0       0         0   0.00%   -6.034958953    -3.771428642      60.02%        0      0      0      1458     0.5s
         1       0         1 100.00%   -3.771428642    -3.771428642       0.00%        0      0      0      1458     0.5s

Solving report
  Status            Optimal
  Primal bound      -3.77142864187
  Dual bound        -3.77142864187
  Gap               0% (tolerance: 0.5%)
  P-D integral      0.181198502918
  Solution status   feasible
                    -3.77142864187 (objective)
                    0 (bound viol.)
                    0 (int. viol.)
                    0 (row viol.)
  Timing            0.52
  Max sub-MIP depth 0
  Nodes             1
  Repair LPs        0
  LP iterations     1458
                    0 (strong br.)
                    0 (separation)
                    0 (heuristics)
MIP has 10753 rows; 9409 cols; 25537 nonzeros; 1344 integer variables (1344 binary)
Coefficient ranges:
  Matrix  [2e-01, 2e+00]
  Cost    [1e-02, 6e-02]
  Bound   [1e+00, 1e+00]
  RHS     [4e-04, 4e+00]
Presolving model
8064 rows, 8828 cols, 22267 nonzeros 0s
6374 rows, 7472 cols, 17885 nonzeros 0s
4535 rows, 5856 cols, 13094 nonzeros 0s
3689 rows, 4833 cols, 10749 nonzeros 0s
3578 rows, 4722 cols, 10527 nonzeros 0s
Presolve reductions: rows 3578(-7175); columns 4722(-4687); nonzeros 10527(-15010) 

Solving MIP model with:
   3578 rows
   4722 cols (557 binary, 0 integer, 0 implied int., 4165 continuous, 0 domain fixed)
   10527 nonzeros

Src: B => Branching; C => Central rounding; F => Feasibility pump; H => Heuristic;
     I => Shifting; J => Feasibility jump; L => Sub-MIP; P => Empty MIP; R => Randomized rounding;
     S => Solve LP; T => Evaluate node; U => Unbounded; X => User solution; Y => HiGHS solution;
     Z => ZI Round; l => Trivial lower; p => Trivial point; u => Trivial upper; z => Trivial zero

        Nodes      |    B&B Tree     |            Objective Bounds              |  Dynamic Constraints |       Work      
Src  Proc. InQueue |  Leaves   Expl. | BestBound       BestSol              Gap |   Cuts   InLp Confl. | LpIters     Time

 J       0       0         0   0.00%   -inf            5.464496341        Large        0      0      0         0     0.4s
 T       0       0         0   0.00%   -6.605081393    -3.407932396      93.81%        0      0      0      1474     0.5s
         1       0         1 100.00%   -3.407932396    -3.407932396       0.00%        0      0      0      1474     0.5s

Solving report
  Status            Optimal
  Primal bound      -3.40793239642
  Dual bound        -3.40793239642
  Gap               0% (tolerance: 0.5%)
  P-D integral      0.130855708413
  Solution status   feasible
                    -3.40793239642 (objective)
                    0 (bound viol.)
                    0 (int. viol.)
                    0 (row viol.)
  Timing            0.50
  Max sub-MIP depth 0
  Nodes             1
  Repair LPs        0
  LP iterations     1474
                    0 (strong br.)
                    0 (separation)
                    0 (heuristics)
MIP has 10753 rows; 9409 cols; 25537 nonzeros; 1344 integer variables (1344 binary)
Coefficient ranges:
  Matrix  [2e-01, 2e+00]
  Cost    [1e-02, 6e-02]
  Bound   [1e+00, 1e+00]
  RHS     [4e-04, 4e+00]
Presolving model
8064 rows, 8843 cols, 22282 nonzeros 0s
6375 rows, 7488 cols, 17902 nonzeros 0s
4540 rows, 5873 cols, 13116 nonzeros 0s
3731 rows, 4867 cols, 10861 nonzeros 0s
3630 rows, 4766 cols, 10659 nonzeros 0s
Presolve reductions: rows 3630(-7123); columns 4766(-4643); nonzeros 10659(-14878) 

Solving MIP model with:
   3630 rows
   4766 cols (566 binary, 0 integer, 0 implied int., 4200 continuous, 0 domain fixed)
   10659 nonzeros

Src: B => Branching; C => Central rounding; F => Feasibility pump; H => Heuristic;
     I => Shifting; J => Feasibility jump; L => Sub-MIP; P => Empty MIP; R => Randomized rounding;
     S => Solve LP; T => Evaluate node; U => Unbounded; X => User solution; Y => HiGHS solution;
     Z => ZI Round; l => Trivial lower; p => Trivial point; u => Trivial upper; z => Trivial zero

        Nodes      |    B&B Tree     |            Objective Bounds              |  Dynamic Constraints |       Work      
Src  Proc. InQueue |  Leaves   Expl. | BestBound       BestSol              Gap |   Cuts   InLp Confl. | LpIters     Time

 J       0       0         0   0.00%   -inf            5.689067486        Large        0      0      0         0     0.4s
 T       0       0         0   0.00%   -8.024355815    -4.290409152      87.03%        0      0      0      1438     0.5s
         1       0         1 100.00%   -4.290409152    -4.290409152       0.00%        0      0      0      1438     0.5s

Solving report
  Status            Optimal
  Primal bound      -4.29040915171
  Dual bound        -4.29040915171
  Gap               0% (tolerance: 0.5%)
  P-D integral      0.135927467573
  Solution status   feasible
                    -4.29040915171 (objective)
                    0 (bound viol.)
                    0 (int. viol.)
                    0 (row viol.)
  Timing            0.51
  Max sub-MIP depth 0
  Nodes             1
  Repair LPs        0
  LP iterations     1438
                    0 (strong br.)
                    0 (separation)
                    0 (heuristics)
MIP has 10753 rows; 9409 cols; 25537 nonzeros; 1344 integer variables (1344 binary)
Coefficient ranges:
  Matrix  [2e-01, 2e+00]
  Cost    [1e-02, 6e-02]
  Bound   [1e+00, 1e+00]
  RHS     [4e-04, 4e+00]
Presolving model
8064 rows, 8854 cols, 22293 nonzeros 0s
6378 rows, 7502 cols, 17919 nonzeros 0s
4541 rows, 5888 cols, 13132 nonzeros 0s
3761 rows, 4923 cols, 10963 nonzeros 0s
3662 rows, 4824 cols, 10765 nonzeros 0s
Presolve reductions: rows 3662(-7091); columns 4824(-4585); nonzeros 10765(-14772) 

Solving MIP model with:
   3662 rows
   4824 cols (570 binary, 0 integer, 0 implied int., 4254 continuous, 0 domain fixed)
   10765 nonzeros

Src: B => Branching; C => Central rounding; F => Feasibility pump; H => Heuristic;
     I => Shifting; J => Feasibility jump; L => Sub-MIP; P => Empty MIP; R => Randomized rounding;
     S => Solve LP; T => Evaluate node; U => Unbounded; X => User solution; Y => HiGHS solution;
     Z => ZI Round; l => Trivial lower; p => Trivial point; u => Trivial upper; z => Trivial zero

        Nodes      |    B&B Tree     |            Objective Bounds              |  Dynamic Constraints |       Work      
Src  Proc. InQueue |  Leaves   Expl. | BestBound       BestSol              Gap |   Cuts   InLp Confl. | LpIters     Time

 J       0       0         0   0.00%   -inf            5.900278835        Large        0      0      0         0     0.5s
 T       0       0         0   0.00%   -7.801319063    -3.60053235      116.67%        0      0      0      1438     0.5s
         1       0         1 100.00%   -3.60053235     -3.60053235        0.00%        0      0      0      1438     0.5s

Solving report
  Status            Optimal
  Primal bound      -3.60053235044
  Dual bound        -3.60053235044
  Gap               0% (tolerance: 0.5%)
  P-D integral      0.138542559106
  Solution status   feasible
                    -3.60053235044 (objective)
                    0 (bound viol.)
                    0 (int. viol.)
                    0 (row viol.)
  Timing            0.53
  Max sub-MIP depth 0
  Nodes             1
  Repair LPs        0
  LP iterations     1438
                    0 (strong br.)
                    0 (separation)
                    0 (heuristics)
MIP has 10753 rows; 9409 cols; 25537 nonzeros; 1344 integer variables (1344 binary)
Coefficient ranges:
  Matrix  [2e-01, 2e+00]
  Cost    [1e-02, 6e-02]
  Bound   [1e+00, 1e+00]
  RHS     [6e-04, 4e+00]
Presolving model
8064 rows, 8869 cols, 22308 nonzeros 0s
6374 rows, 7513 cols, 17926 nonzeros 0s
4536 rows, 5896 cols, 13135 nonzeros 0s
3857 rows, 5006 cols, 11222 nonzeros 0s
3778 rows, 4927 cols, 11064 nonzeros 0s
Presolve reductions: rows 3778(-6975); columns 4927(-4482); nonzeros 11064(-14473) 

Solving MIP model with:
   3778 rows
   4927 cols (590 binary, 0 integer, 0 implied int., 4337 continuous, 0 domain fixed)
   11064 nonzeros

Src: B => Branching; C => Central rounding; F => Feasibility pump; H => Heuristic;
     I => Shifting; J => Feasibility jump; L => Sub-MIP; P => Empty MIP; R => Randomized rounding;
     S => Solve LP; T => Evaluate node; U => Unbounded; X => User solution; Y => HiGHS solution;
     Z => ZI Round; l => Trivial lower; p => Trivial point; u => Trivial upper; z => Trivial zero

        Nodes      |    B&B Tree     |            Objective Bounds              |  Dynamic Constraints |       Work      
Src  Proc. InQueue |  Leaves   Expl. | BestBound       BestSol              Gap |   Cuts   InLp Confl. | LpIters     Time

 J       0       0         0   0.00%   -inf            4.924697571        Large        0      0      0         0     0.5s
 T       0       0         0   0.00%   -7.943641016    -4.027538884      97.23%        0      0      0      1498     0.6s
         1       0         1 100.00%   -4.027538884    -4.027538884       0.00%        0      0      0      1498     0.6s

Solving report
  Status            Optimal
  Primal bound      -4.0275388841
  Dual bound        -4.0275388841
  Gap               0% (tolerance: 0.5%)
  P-D integral      0.158808334721
  Solution status   feasible
                    -4.0275388841 (objective)
                    0 (bound viol.)
                    0 (int. viol.)
                    0 (row viol.)
  Timing            0.56
  Max sub-MIP depth 0
  Nodes             1
  Repair LPs        0
  LP iterations     1498
                    0 (strong br.)
                    0 (separation)
                    0 (heuristics)
MIP has 10753 rows; 9409 cols; 25537 nonzeros; 1344 integer variables (1344 binary)
Coefficient ranges:
  Matrix  [2e-01, 2e+00]
  Cost    [1e-02, 6e-02]
  Bound   [1e+00, 1e+00]
  RHS     [8e-04, 4e+00]
Presolving model
8064 rows, 8887 cols, 22326 nonzeros 0s
6379 rows, 7536 cols, 17954 nonzeros 0s
4544 rows, 5923 cols, 13170 nonzeros 0s
3860 rows, 5024 cols, 11267 nonzeros 0s
3825 rows, 4989 cols, 11197 nonzeros 0s
Presolve reductions: rows 3825(-6928); columns 4989(-4420); nonzeros 11197(-14340) 

Solving MIP model with:
   3825 rows
   4989 cols (596 binary, 0 integer, 0 implied int., 4393 continuous, 0 domain fixed)
   11197 nonzeros

Src: B => Branching; C => Central rounding; F => Feasibility pump; H => Heuristic;
     I => Shifting; J => Feasibility jump; L => Sub-MIP; P => Empty MIP; R => Randomized rounding;
     S => Solve LP; T => Evaluate node; U => Unbounded; X => User solution; Y => HiGHS solution;
     Z => ZI Round; l => Trivial lower; p => Trivial point; u => Trivial upper; z => Trivial zero

        Nodes      |    B&B Tree     |            Objective Bounds              |  Dynamic Constraints |       Work      
Src  Proc. InQueue |  Leaves   Expl. | BestBound       BestSol              Gap |   Cuts   InLp Confl. | LpIters     Time

 J       0       0         0   0.00%   -inf            5.147968141        Large        0      0      0         0     0.5s
 T       0       0         0   0.00%   -9.795889692    -5.509556282      77.80%        0      0      0      1499     0.6s
         1       0         1 100.00%   -5.509556282    -5.509556282       0.00%        0      0      0      1499     0.6s

Solving report
  Status            Optimal
  Primal bound      -5.50955628249
  Dual bound        -5.50955628249
  Gap               0% (tolerance: 0.5%)
  P-D integral      0.184866728722
  Solution status   feasible
                    -5.50955628249 (objective)
                    0 (bound viol.)
                    0 (int. viol.)
                    0 (row viol.)
  Timing            0.55
  Max sub-MIP depth 0
  Nodes             1
  Repair LPs        0
  LP iterations     1499
                    0 (strong br.)
                    0 (separation)
                    0 (heuristics)
MIP has 10753 rows; 9409 cols; 25537 nonzeros; 1344 integer variables (1344 binary)
Coefficient ranges:
  Matrix  [2e-01, 2e+00]
  Cost    [1e-02, 6e-02]
  Bound   [1e+00, 1e+00]
  RHS     [4e-04, 4e+00]
Presolving model
8064 rows, 8895 cols, 22334 nonzeros 0s
6380 rows, 7545 cols, 17964 nonzeros 0s
4545 rows, 5928 cols, 13176 nonzeros 0s
3909 rows, 5040 cols, 11400 nonzeros 0s
Presolve reductions: rows 3909(-6844); columns 5040(-4369); nonzeros 11400(-14137) 

Solving MIP model with:
   3909 rows
   5040 cols (613 binary, 0 integer, 0 implied int., 4427 continuous, 0 domain fixed)
   11400 nonzeros

Src: B => Branching; C => Central rounding; F => Feasibility pump; H => Heuristic;
     I => Shifting; J => Feasibility jump; L => Sub-MIP; P => Empty MIP; R => Randomized rounding;
     S => Solve LP; T => Evaluate node; U => Unbounded; X => User solution; Y => HiGHS solution;
     Z => ZI Round; l => Trivial lower; p => Trivial point; u => Trivial upper; z => Trivial zero

        Nodes      |    B&B Tree     |            Objective Bounds              |  Dynamic Constraints |       Work      
Src  Proc. InQueue |  Leaves   Expl. | BestBound       BestSol              Gap |   Cuts   InLp Confl. | LpIters     Time

 J       0       0         0   0.00%   -inf            5.269166978        Large        0      0      0         0     0.5s
 T       0       0         0   0.00%   -9.543847361    -5.7773825        65.19%        0      0      0      1515     0.6s
         1       0         1 100.00%   -5.7773825      -5.7773825         0.00%        0      0      0      1515     0.6s

Solving report
  Status            Optimal
  Primal bound      -5.77738250025
  Dual bound        -5.77738250025
  Gap               0% (tolerance: 0.5%)
  P-D integral      0.174913509353
  Solution status   feasible
                    -5.77738250025 (objective)
                    0 (bound viol.)
                    0 (int. viol.)
                    0 (row viol.)
  Timing            0.58
  Max sub-MIP depth 0
  Nodes             1
  Repair LPs        0
  LP iterations     1515
                    0 (strong br.)
                    0 (separation)
                    0 (heuristics)
MIP has 10753 rows; 9409 cols; 25537 nonzeros; 1344 integer variables (1344 binary)
Coefficient ranges:
  Matrix  [2e-01, 2e+00]
  Cost    [1e-02, 6e-02]
  Bound   [1e+00, 1e+00]
  RHS     [7e-05, 4e+00]
WARNING: Problem has some excessively small row bounds
Presolving model
8064 rows, 8904 cols, 22343 nonzeros 0s
6369 rows, 7543 cols, 17951 nonzeros 0s
4528 rows, 5916 cols, 13147 nonzeros 0s
4075 rows, 5195 cols, 11837 nonzeros 0s
Presolve reductions: rows 4075(-6678); columns 5195(-4214); nonzeros 11837(-13700) 

Solving MIP model with:
   4075 rows
   5195 cols (642 binary, 0 integer, 0 implied int., 4553 continuous, 0 domain fixed)
   11837 nonzeros

Src: B => Branching; C => Central rounding; F => Feasibility pump; H => Heuristic;
     I => Shifting; J => Feasibility jump; L => Sub-MIP; P => Empty MIP; R => Randomized rounding;
     S => Solve LP; T => Evaluate node; U => Unbounded; X => User solution; Y => HiGHS solution;
     Z => ZI Round; l => Trivial lower; p => Trivial point; u => Trivial upper; z => Trivial zero

        Nodes      |    B&B Tree     |            Objective Bounds              |  Dynamic Constraints |       Work      
Src  Proc. InQueue |  Leaves   Expl. | BestBound       BestSol              Gap |   Cuts   InLp Confl. | LpIters     Time

 J       0       0         0   0.00%   -inf            4.258866525        Large        0      0      0         0     0.5s
 T       0       0         0   0.00%   -9.121770038    -5.495857895      65.98%        0      0      0      1585     0.6s
         1       0         1 100.00%   -5.495857895    -5.495857895       0.00%        0      0      0      1585     0.6s

Solving report
  Status            Optimal
  Primal bound      -5.49585789491
  Dual bound        -5.49585789491
  Gap               0% (tolerance: 0.5%)
  P-D integral      0.214485963604
  Solution status   feasible
                    -5.49585789491 (objective)
                    0 (bound viol.)
                    0 (int. viol.)
                    0 (row viol.)
  Timing            0.58
  Max sub-MIP depth 0
  Nodes             1
  Repair LPs        0
  LP iterations     1585
                    0 (strong br.)
                    0 (separation)
                    0 (heuristics)
MIP has 10753 rows; 9409 cols; 25537 nonzeros; 1344 integer variables (1344 binary)
Coefficient ranges:
  Matrix  [2e-01, 2e+00]
  Cost    [1e-02, 6e-02]
  Bound   [1e+00, 1e+00]
  RHS     [7e-05, 4e+00]
WARNING: Problem has some excessively small row bounds
Presolving model
8064 rows, 8914 cols, 22353 nonzeros 0s
6361 rows, 7545 cols, 17945 nonzeros 0s
4510 rows, 5897 cols, 13110 nonzeros 0s
4239 rows, 5262 cols, 12196 nonzeros 0s
Presolve reductions: rows 4239(-6514); columns 5262(-4147); nonzeros 12196(-13341) 

Solving MIP model with:
   4239 rows
   5262 cols (674 binary, 0 integer, 0 implied int., 4588 continuous, 0 domain fixed)
   12196 nonzeros

Src: B => Branching; C => Central rounding; F => Feasibility pump; H => Heuristic;
     I => Shifting; J => Feasibility jump; L => Sub-MIP; P => Empty MIP; R => Randomized rounding;
     S => Solve LP; T => Evaluate node; U => Unbounded; X => User solution; Y => HiGHS solution;
     Z => ZI Round; l => Trivial lower; p => Trivial point; u => Trivial upper; z => Trivial zero

        Nodes      |    B&B Tree     |            Objective Bounds              |  Dynamic Constraints |       Work      
Src  Proc. InQueue |  Leaves   Expl. | BestBound       BestSol              Gap |   Cuts   InLp Confl. | LpIters     Time

         0       0         0   0.00%   -8.742025756    inf                  inf        0      0      0         0     0.6s
         0       0         0   0.00%   -5.685389453    inf                  inf        0      0      2      1676     0.7s
 R       0       0         0   0.00%   -5.685389453    -5.685389453       0.00%        0      0      2      1682     0.8s
         1       0         1 100.00%   -5.685389453    -5.685389453       0.00%        0      0      2      1682     0.8s

Solving report
  Status            Optimal
  Primal bound      -5.68538945297
  Dual bound        -5.68538945297
  Gap               0% (tolerance: 0.5%)
  P-D integral      0
  Solution status   feasible
                    -5.68538945297 (objective)
                    0 (bound viol.)
                    0 (int. viol.)
                    0 (row viol.)
  Timing            0.75
  Max sub-MIP depth 0
  Nodes             1
  Repair LPs        0
  LP iterations     1682
                    0 (strong br.)
                    6 (separation)
                    0 (heuristics)
MIP has 10753 rows; 9409 cols; 25537 nonzeros; 1344 integer variables (1344 binary)
Coefficient ranges:
  Matrix  [2e-01, 2e+00]
  Cost    [1e-02, 6e-02]
  Bound   [1e+00, 1e+00]
  RHS     [4e-04, 4e+00]
Presolving model
8064 rows, 8907 cols, 22346 nonzeros 0s
6360 rows, 7537 cols, 17936 nonzeros 0s
4509 rows, 5889 cols, 13101 nonzeros 0s
4263 rows, 5303 cols, 12269 nonzeros 0s
Presolve reductions: rows 4263(-6490); columns 5303(-4106); nonzeros 12269(-13268) 

Solving MIP model with:
   4263 rows
   5303 cols (676 binary, 0 integer, 0 implied int., 4627 continuous, 0 domain fixed)
   12269 nonzeros

Src: B => Branching; C => Central rounding; F => Feasibility pump; H => Heuristic;
     I => Shifting; J => Feasibility jump; L => Sub-MIP; P => Empty MIP; R => Randomized rounding;
     S => Solve LP; T => Evaluate node; U => Unbounded; X => User solution; Y => HiGHS solution;
     Z => ZI Round; l => Trivial lower; p => Trivial point; u => Trivial upper; z => Trivial zero

        Nodes      |    B&B Tree     |            Objective Bounds              |  Dynamic Constraints |       Work      
Src  Proc. InQueue |  Leaves   Expl. | BestBound       BestSol              Gap |   Cuts   InLp Confl. | LpIters     Time

         0       0         0   0.00%   -8.701518335    inf                  inf        0      0      0         0     0.6s
         0       0         0   0.00%   -5.694460422    inf                  inf        0      0      2      1686     0.7s
 R       0       0         0   0.00%   -5.694460422    -5.694460422       0.00%        0      0      2      1697     0.7s
         1       0         1 100.00%   -5.694460422    -5.694460422       0.00%        0      0      2      1697     0.7s

Solving report
  Status            Optimal
  Primal bound      -5.69446042151
  Dual bound        -5.69446042151
  Gap               0% (tolerance: 0.5%)
  P-D integral      2.56075415373e-19
  Solution status   feasible
                    -5.69446042151 (objective)
                    0 (bound viol.)
                    0 (int. viol.)
                    0 (row viol.)
  Timing            0.72
  Max sub-MIP depth 0
  Nodes             1
  Repair LPs        0
  LP iterations     1697
                    0 (strong br.)
                    11 (separation)
                    0 (heuristics)
MIP has 10754 rows; 9409 cols; 25538 nonzeros; 1344 integer variables (1344 binary)
Coefficient ranges:
  Matrix  [2e-01, 2e+00]
  Cost    [1e-02, 6e-02]
  Bound   [1e+00, 1e+00]
  RHS     [4e-04, 4e+00]
Presolving model
8064 rows, 8950 cols, 22389 nonzeros 0s
6368 rows, 7588 cols, 17995 nonzeros 0s
4693 rows, 6080 cols, 13612 nonzeros 0s
4466 rows, 5553 cols, 12858 nonzeros 0s
Presolve reductions: rows 4466(-6288); columns 5553(-3856); nonzeros 12858(-12680) 

Solving MIP model with:
   4466 rows
   5553 cols (710 binary, 0 integer, 0 implied int., 4843 continuous, 0 domain fixed)
   12858 nonzeros

Src: B => Branching; C => Central rounding; F => Feasibility pump; H => Heuristic;
     I => Shifting; J => Feasibility jump; L => Sub-MIP; P => Empty MIP; R => Randomized rounding;
     S => Solve LP; T => Evaluate node; U => Unbounded; X => User solution; Y => HiGHS solution;
     Z => ZI Round; l => Trivial lower; p => Trivial point; u => Trivial upper; z => Trivial zero

        Nodes      |    B&B Tree     |            Objective Bounds              |  Dynamic Constraints |       Work      
Src  Proc. InQueue |  Leaves   Expl. | BestBound       BestSol              Gap |   Cuts   InLp Confl. | LpIters     Time

         0       0         0   0.00%   -7.00844765     inf                  inf        0      0      0         0     0.6s
 T       0       0         0   0.00%   -7.00844765     -4.992701252      40.37%        0      0      0      1707     0.7s
         1       0         1 100.00%   -4.992701252    -4.992701252       0.00%        0      0      0      1707     0.7s

Solving report
  Status            Optimal
  Primal bound      -4.99270125186
  Dual bound        -4.99270125186
  Gap               0% (tolerance: 0.5%)
  P-D integral      3.41966644367e-05
  Solution status   feasible
                    -4.99270125186 (objective)
                    0 (bound viol.)
                    0 (int. viol.)
                    0 (row viol.)
  Timing            0.67
  Max sub-MIP depth 0
  Nodes             1
  Repair LPs        0
  LP iterations     1707
                    0 (strong br.)
                    0 (separation)
                    0 (heuristics)
MIP has 10753 rows; 9409 cols; 25537 nonzeros; 1344 integer variables (1344 binary)
Coefficient ranges:
  Matrix  [2e-01, 2e+00]
  Cost    [1e-02, 6e-02]
  Bound   [1e+00, 1e+00]
  RHS     [4e-04, 4e+00]
Presolving model
8064 rows, 8598 cols, 22037 nonzeros 0s
6415 rows, 7283 cols, 17737 nonzeros 0s
4633 rows, 5770 cols, 13106 nonzeros 0s
2698 rows, 3969 cols, 8034 nonzeros 0s
1723 rows, 3129 cols, 5679 nonzeros 0s
1591 rows, 2996 cols, 5414 nonzeros 0s
Presolve reductions: rows 1591(-9162); columns 2996(-6413); nonzeros 5414(-20123) 

Solving MIP model with:
   1591 rows
   2996 cols (207 binary, 0 integer, 0 implied int., 2789 continuous, 0 domain fixed)
   5414 nonzeros

Src: B => Branching; C => Central rounding; F => Feasibility pump; H => Heuristic;
     I => Shifting; J => Feasibility jump; L => Sub-MIP; P => Empty MIP; R => Randomized rounding;
     S => Solve LP; T => Evaluate node; U => Unbounded; X => User solution; Y => HiGHS solution;
     Z => ZI Round; l => Trivial lower; p => Trivial point; u => Trivial upper; z => Trivial zero

        Nodes      |    B&B Tree     |            Objective Bounds              |  Dynamic Constraints |       Work      
Src  Proc. InQueue |  Leaves   Expl. | BestBound       BestSol              Gap |   Cuts   InLp Confl. | LpIters     Time

 J       0       0         0   0.00%   -inf            18.57079294        Large        0      0      0         0     0.4s
 T       0       0         0   0.00%   2.675510299     17.25646395       84.50%        0      0      0       735     0.4s
         1       0         1 100.00%   17.25646395     17.25646395        0.00%        0      0      0       735     0.4s

Solving report
  Status            Optimal
  Primal bound      17.2564639544
  Dual bound        17.2564639544
  Gap               0% (tolerance: 0.5%)
  P-D integral      0.0226995862045
  Solution status   feasible
                    17.2564639544 (objective)
                    0 (bound viol.)
                    0 (int. viol.)
                    0 (row viol.)
  Timing            0.44
  Max sub-MIP depth 0
  Nodes             1
  Repair LPs        0
  LP iterations     735
                    0 (strong br.)
                    0 (separation)
                    0 (heuristics)
MIP has 10753 rows; 9409 cols; 25537 nonzeros; 1344 integer variables (1344 binary)
Coefficient ranges:
  Matrix  [2e-01, 2e+00]
  Cost    [1e-02, 6e-02]
  Bound   [1e+00, 1e+00]
  RHS     [4e-04, 4e+00]
Presolving model
8064 rows, 8601 cols, 22040 nonzeros 0s
6415 rows, 7286 cols, 17740 nonzeros 0s
4633 rows, 5771 cols, 13107 nonzeros 0s
2703 rows, 3977 cols, 8047 nonzeros 0s
1752 rows, 3156 cols, 5755 nonzeros 0s
1622 rows, 3025 cols, 5494 nonzeros 0s
Presolve reductions: rows 1622(-9131); columns 3025(-6384); nonzeros 5494(-20043) 

Solving MIP model with:
   1622 rows
   3025 cols (212 binary, 0 integer, 0 implied int., 2813 continuous, 0 domain fixed)
   5494 nonzeros

Src: B => Branching; C => Central rounding; F => Feasibility pump; H => Heuristic;
     I => Shifting; J => Feasibility jump; L => Sub-MIP; P => Empty MIP; R => Randomized rounding;
     S => Solve LP; T => Evaluate node; U => Unbounded; X => User solution; Y => HiGHS solution;
     Z => ZI Round; l => Trivial lower; p => Trivial point; u => Trivial upper; z => Trivial zero

        Nodes      |    B&B Tree     |            Objective Bounds              |  Dynamic Constraints |       Work      
Src  Proc. InQueue |  Leaves   Expl. | BestBound       BestSol              Gap |   Cuts   InLp Confl. | LpIters     Time

 J       0       0         0   0.00%   -inf            20.42897686        Large        0      0      0         0     0.4s
 T       0       0         0   0.00%   3.098249614     19.20640781       83.87%        0      0      0       741     0.4s
         1       0         1 100.00%   19.20640781     19.20640781        0.00%        0      0      0       741     0.4s

Solving report
  Status            Optimal
  Primal bound      19.2064078069
  Dual bound        19.2064078069
  Gap               0% (tolerance: 0.5%)
  P-D integral      0.0224514667528
  Solution status   feasible
                    19.2064078069 (objective)
                    0 (bound viol.)
                    0 (int. viol.)
                    0 (row viol.)
  Timing            0.43
  Max sub-MIP depth 0
  Nodes             1
  Repair LPs        0
  LP iterations     741
                    0 (strong br.)
                    0 (separation)
                    0 (heuristics)
MIP has 10753 rows; 9409 cols; 25537 nonzeros; 1344 integer variables (1344 binary)
Coefficient ranges:
  Matrix  [2e-01, 2e+00]
  Cost    [1e-02, 6e-02]
  Bound   [1e+00, 1e+00]
  RHS     [4e-04, 4e+00]
Presolving model
8064 rows, 8609 cols, 22048 nonzeros 0s
6408 rows, 7287 cols, 17730 nonzeros 0s
4605 rows, 5748 cols, 13032 nonzeros 0s
2665 rows, 3936 cols, 7944 nonzeros 0s
1765 rows, 3132 cols, 5762 nonzeros 0s
1650 rows, 3017 cols, 5532 nonzeros 0s
Presolve reductions: rows 1650(-9103); columns 3017(-6392); nonzeros 5532(-20005) 

Solving MIP model with:
   1650 rows
   3017 cols (217 binary, 0 integer, 0 implied int., 2800 continuous, 0 domain fixed)
   5532 nonzeros

Src: B => Branching; C => Central rounding; F => Feasibility pump; H => Heuristic;
     I => Shifting; J => Feasibility jump; L => Sub-MIP; P => Empty MIP; R => Randomized rounding;
     S => Solve LP; T => Evaluate node; U => Unbounded; X => User solution; Y => HiGHS solution;
     Z => ZI Round; l => Trivial lower; p => Trivial point; u => Trivial upper; z => Trivial zero

        Nodes      |    B&B Tree     |            Objective Bounds              |  Dynamic Constraints |       Work      
Src  Proc. InQueue |  Leaves   Expl. | BestBound       BestSol              Gap |   Cuts   InLp Confl. | LpIters     Time

 J       0       0         0   0.00%   -inf            19.1708269         Large        0      0      0         0     0.5s
 T       0       0         0   0.00%   3.319062509     18.1123764        81.68%        0      0      0       758     0.5s
         1       0         1 100.00%   18.1123764      18.1123764         0.00%        0      0      0       758     0.5s

Solving report
  Status            Optimal
  Primal bound      18.1123764027
  Dual bound        18.1123764027
  Gap               0% (tolerance: 0.5%)
  P-D integral      0.0242350971774
  Solution status   feasible
                    18.1123764027 (objective)
                    0 (bound viol.)
                    0 (int. viol.)
                    0 (row viol.)
  Timing            0.50
  Max sub-MIP depth 0
  Nodes             1
  Repair LPs        0
  LP iterations     758
                    0 (strong br.)
                    0 (separation)
                    0 (heuristics)
MIP has 10753 rows; 9409 cols; 25537 nonzeros; 1344 integer variables (1344 binary)
Coefficient ranges:
  Matrix  [2e-01, 2e+00]
  Cost    [5e-03, 6e-02]
  Bound   [1e+00, 1e+00]
  RHS     [4e-04, 4e+00]
Presolving model
8064 rows, 8617 cols, 22056 nonzeros 0s
6419 rows, 7306 cols, 17764 nonzeros 0s
4635 rows, 5790 cols, 13128 nonzeros 0s
2710 rows, 4000 cols, 8077 nonzeros 0s
1819 rows, 3226 cols, 5944 nonzeros 0s
1705 rows, 3111 cols, 5715 nonzeros 0s
Presolve reductions: rows 1705(-9048); columns 3111(-6298); nonzeros 5715(-19822) 

Solving MIP model with:
   1705 rows
   3111 cols (225 binary, 0 integer, 0 implied int., 2886 continuous, 0 domain fixed)
   5715 nonzeros

Src: B => Branching; C => Central rounding; F => Feasibility pump; H => Heuristic;
     I => Shifting; J => Feasibility jump; L => Sub-MIP; P => Empty MIP; R => Randomized rounding;
     S => Solve LP; T => Evaluate node; U => Unbounded; X => User solution; Y => HiGHS solution;
     Z => ZI Round; l => Trivial lower; p => Trivial point; u => Trivial upper; z => Trivial zero

        Nodes      |    B&B Tree     |            Objective Bounds              |  Dynamic Constraints |       Work      
Src  Proc. InQueue |  Leaves   Expl. | BestBound       BestSol              Gap |   Cuts   InLp Confl. | LpIters     Time

 J       0       0         0   0.00%   -inf            18.95877785        Large        0      0      0         0     0.4s
 T       0       0         0   0.00%   2.641461202     17.17422365       84.62%        0      0      0       775     0.4s
         1       0         1 100.00%   17.17422365     17.17422365        0.00%        0      0      0       775     0.4s

Solving report
  Status            Optimal
  Primal bound      17.174223646
  Dual bound        17.174223646
  Gap               0% (tolerance: 0.5%)
  P-D integral      0.0241258213771
  Solution status   feasible
                    17.174223646 (objective)
                    0 (bound viol.)
                    0 (int. viol.)
                    0 (row viol.)
  Timing            0.44
  Max sub-MIP depth 0
  Nodes             1
  Repair LPs        0
  LP iterations     775
                    0 (strong br.)
                    0 (separation)
                    0 (heuristics)
MIP has 10753 rows; 9409 cols; 25537 nonzeros; 1344 integer variables (1344 binary)
Coefficient ranges:
  Matrix  [2e-01, 2e+00]
  Cost    [5e-03, 6e-02]
  Bound   [1e+00, 1e+00]
  RHS     [8e-04, 4e+00]
Presolving model
8064 rows, 8611 cols, 22050 nonzeros 0s
6411 rows, 7292 cols, 17742 nonzeros 0s
4611 rows, 5756 cols, 13070 nonzeros 0s
2658 rows, 3919 cols, 7944 nonzeros 0s
1888 rows, 3113 cols, 6024 nonzeros 0s
1808 rows, 3021 cols, 5852 nonzeros 0s
Presolve reductions: rows 1808(-8945); columns 3021(-6388); nonzeros 5852(-19685) 

Solving MIP model with:
   1808 rows
   3021 cols (256 binary, 0 integer, 0 implied int., 2765 continuous, 0 domain fixed)
   5852 nonzeros

Src: B => Branching; C => Central rounding; F => Feasibility pump; H => Heuristic;
     I => Shifting; J => Feasibility jump; L => Sub-MIP; P => Empty MIP; R => Randomized rounding;
     S => Solve LP; T => Evaluate node; U => Unbounded; X => User solution; Y => HiGHS solution;
     Z => ZI Round; l => Trivial lower; p => Trivial point; u => Trivial upper; z => Trivial zero

        Nodes      |    B&B Tree     |            Objective Bounds              |  Dynamic Constraints |       Work      
Src  Proc. InQueue |  Leaves   Expl. | BestBound       BestSol              Gap |   Cuts   InLp Confl. | LpIters     Time

 J       0       0         0   0.00%   -inf            17.84830126        Large        0      0      0         0     0.4s
 T       0       0         0   0.00%   3.275839521     15.68315193       79.11%        0      0      0       726     0.5s
         1       0         1 100.00%   15.68315193     15.68315193        0.00%        0      0      0       726     0.5s

Solving report
  Status            Optimal
  Primal bound      15.6831519311
  Dual bound        15.6831519311
  Gap               0% (tolerance: 0.5%)
  P-D integral      0.0196076416728
  Solution status   feasible
                    15.6831519311 (objective)
                    0 (bound viol.)
                    0 (int. viol.)
                    0 (row viol.)
  Timing            0.46
  Max sub-MIP depth 0
  Nodes             1
  Repair LPs        0
  LP iterations     726
                    0 (strong br.)
                    0 (separation)
                    0 (heuristics)
MIP has 10753 rows; 9409 cols; 25537 nonzeros; 1344 integer variables (1344 binary)
Coefficient ranges:
  Matrix  [2e-01, 2e+00]
  Cost    [5e-03, 6e-02]
  Bound   [1e+00, 1e+00]
  RHS     [8e-04, 4e+00]
Presolving model
8064 rows, 8635 cols, 22074 nonzeros 0s
6389 rows, 7294 cols, 17718 nonzeros 0s
4559 rows, 5714 cols, 12960 nonzeros 0s
4406 rows, 4319 cols, 9392 nonzeros 0s
2584 rows, 3820 cols, 7751 nonzeros 0s
2150 rows, 3400 cols, 6799 nonzeros 0s
Presolve reductions: rows 2150(-8603); columns 3400(-6009); nonzeros 6799(-18738) 

Solving MIP model with:
   2150 rows
   3400 cols (313 binary, 0 integer, 0 implied int., 3087 continuous, 0 domain fixed)
   6799 nonzeros

Src: B => Branching; C => Central rounding; F => Feasibility pump; H => Heuristic;
     I => Shifting; J => Feasibility jump; L => Sub-MIP; P => Empty MIP; R => Randomized rounding;
     S => Solve LP; T => Evaluate node; U => Unbounded; X => User solution; Y => HiGHS solution;
     Z => ZI Round; l => Trivial lower; p => Trivial point; u => Trivial upper; z => Trivial zero

        Nodes      |    B&B Tree     |            Objective Bounds              |  Dynamic Constraints |       Work      
Src  Proc. InQueue |  Leaves   Expl. | BestBound       BestSol              Gap |   Cuts   InLp Confl. | LpIters     Time

 J       0       0         0   0.00%   -inf            15.47721111        Large        0      0      0         0     0.5s
 T       0       0         0   0.00%   1.141491587     12.14496102       90.60%        0      0      0       950     0.5s
         1       0         1 100.00%   12.14496102     12.14496102        0.00%        0      0      0       950     0.5s

Solving report
  Status            Optimal
  Primal bound      12.1449610186
  Dual bound        12.1449610186
  Gap               0% (tolerance: 0.5%)
  P-D integral      0.0316821484679
  Solution status   feasible
                    12.1449610186 (objective)
                    0 (bound viol.)
                    0 (int. viol.)
                    0 (row viol.)
  Timing            0.55
  Max sub-MIP depth 0
  Nodes             1
  Repair LPs        0
  LP iterations     950
                    0 (strong br.)
                    0 (separation)
                    0 (heuristics)
MIP has 10753 rows; 9409 cols; 25537 nonzeros; 1344 integer variables (1344 binary)
Coefficient ranges:
  Matrix  [2e-01, 2e+00]
  Cost    [5e-03, 6e-02]
  Bound   [1e+00, 1e+00]
  RHS     [3e-04, 4e+00]
Presolving model
8064 rows, 8674 cols, 22113 nonzeros 0s
6372 rows, 7316 cols, 17722 nonzeros 0s
4531 rows, 5712 cols, 12926 nonzeros 0s
2773 rows, 3976 cols, 8272 nonzeros 0s
2524 rows, 3727 cols, 7772 nonzeros 0s
Presolve reductions: rows 2524(-8229); columns 3727(-5682); nonzeros 7772(-17765) 

Solving MIP model with:
   2524 rows
   3727 cols (381 binary, 0 integer, 0 implied int., 3346 continuous, 0 domain fixed)
   7772 nonzeros

Src: B => Branching; C => Central rounding; F => Feasibility pump; H => Heuristic;
     I => Shifting; J => Feasibility jump; L => Sub-MIP; P => Empty MIP; R => Randomized rounding;
     S => Solve LP; T => Evaluate node; U => Unbounded; X => User solution; Y => HiGHS solution;
     Z => ZI Round; l => Trivial lower; p => Trivial point; u => Trivial upper; z => Trivial zero

        Nodes      |    B&B Tree     |            Objective Bounds              |  Dynamic Constraints |       Work      
Src  Proc. InQueue |  Leaves   Expl. | BestBound       BestSol              Gap |   Cuts   InLp Confl. | LpIters     Time

 J       0       0         0   0.00%   -inf            13.73907799        Large        0      0      0         0     0.6s
 T       0       0         0   0.00%   0.0748394245    9.633220919       99.22%        0      0      0      1069     0.7s
         1       0         1 100.00%   9.633220919     9.633220919        0.00%        0      0      0      1069     0.7s

Solving report
  Status            Optimal
  Primal bound      9.63322091874
  Dual bound        9.63322091874
  Gap               0% (tolerance: 0.5%)
  P-D integral      0.0418538799816
  Solution status   feasible
                    9.63322091874 (objective)
                    0 (bound viol.)
                    0 (int. viol.)
                    0 (row viol.)
  Timing            0.66
  Max sub-MIP depth 0
  Nodes             1
  Repair LPs        0
  LP iterations     1069
                    0 (strong br.)
                    0 (separation)
                    0 (heuristics)
MIP has 10753 rows; 9409 cols; 25537 nonzeros; 1344 integer variables (1344 binary)
Coefficient ranges:
  Matrix  [2e-01, 2e+00]
  Cost    [5e-03, 6e-02]
  Bound   [1e+00, 1e+00]
  RHS     [3e-04, 4e+00]
Presolving model
8064 rows, 8692 cols, 22131 nonzeros 0s
6355 rows, 7317 cols, 17710 nonzeros 0s
4486 rows, 5679 cols, 12864 nonzeros 0s
3225 rows, 4274 cols, 9434 nonzeros 0s
3056 rows, 4104 cols, 9095 nonzeros 0s
Presolve reductions: rows 3056(-7697); columns 4104(-5305); nonzeros 9095(-16442) 

Solving MIP model with:
   3056 rows
   4104 cols (484 binary, 0 integer, 0 implied int., 3620 continuous, 0 domain fixed)
   9095 nonzeros

Src: B => Branching; C => Central rounding; F => Feasibility pump; H => Heuristic;
     I => Shifting; J => Feasibility jump; L => Sub-MIP; P => Empty MIP; R => Randomized rounding;
     S => Solve LP; T => Evaluate node; U => Unbounded; X => User solution; Y => HiGHS solution;
     Z => ZI Round; l => Trivial lower; p => Trivial point; u => Trivial upper; z => Trivial zero

        Nodes      |    B&B Tree     |            Objective Bounds              |  Dynamic Constraints |       Work      
Src  Proc. InQueue |  Leaves   Expl. | BestBound       BestSol              Gap |   Cuts   InLp Confl. | LpIters     Time

 J       0       0         0   0.00%   -inf            7.599969107        Large        0      0      0         0     0.6s
 T       0       0         0   0.00%   -1.710193641    4.069775456      142.02%        0      0      0      1160     0.7s
         1       0         1 100.00%   4.069775456     4.069775456        0.00%        0      0      0      1160     0.7s

Solving report
  Status            Optimal
  Primal bound      4.06977545639
  Dual bound        4.06977545639
  Gap               0% (tolerance: 0.5%)
  P-D integral      0.0538218962827
  Solution status   feasible
                    4.06977545639 (objective)
                    0 (bound viol.)
                    0 (int. viol.)
                    0 (row viol.)
  Timing            0.65
  Max sub-MIP depth 0
  Nodes             1
  Repair LPs        0
  LP iterations     1160
                    0 (strong br.)
                    0 (separation)
                    0 (heuristics)
MIP has 10753 rows; 9409 cols; 25537 nonzeros; 1344 integer variables (1344 binary)
Coefficient ranges:
  Matrix  [2e-01, 2e+00]
  Cost    [5e-03, 6e-02]
  Bound   [1e+00, 1e+00]
  RHS     [4e-04, 4e+00]
Presolving model
8064 rows, 8707 cols, 22146 nonzeros 0s
6362 rows, 7339 cols, 17736 nonzeros 0s
4506 rows, 5713 cols, 12906 nonzeros 0s
3129 rows, 4270 cols, 9204 nonzeros 0s
2932 rows, 4072 cols, 8809 nonzeros 0s
Presolve reductions: rows 2932(-7821); columns 4072(-5337); nonzeros 8809(-16728) 

Solving MIP model with:
   2932 rows
   4072 cols (452 binary, 0 integer, 0 implied int., 3620 continuous, 0 domain fixed)
   8809 nonzeros

Src: B => Branching; C => Central rounding; F => Feasibility pump; H => Heuristic;
     I => Shifting; J => Feasibility jump; L => Sub-MIP; P => Empty MIP; R => Randomized rounding;
     S => Solve LP; T => Evaluate node; U => Unbounded; X => User solution; Y => HiGHS solution;
     Z => ZI Round; l => Trivial lower; p => Trivial point; u => Trivial upper; z => Trivial zero

        Nodes      |    B&B Tree     |            Objective Bounds              |  Dynamic Constraints |       Work      
Src  Proc. InQueue |  Leaves   Expl. | BestBound       BestSol              Gap |   Cuts   InLp Confl. | LpIters     Time

 J       0       0         0   0.00%   -inf            9.268247031        Large        0      0      0         0     0.5s
 T       0       0         0   0.00%   -1.889802984    5.157366775      136.64%        0      0      0      1169     0.6s
         1       0         1 100.00%   5.157366775     5.157366775        0.00%        0      0      0      1169     0.6s

Solving report
  Status            Optimal
  Primal bound      5.15736677496
  Dual bound        5.15736677496
  Gap               0% (tolerance: 0.5%)
  P-D integral      0.0526229548659
  Solution status   feasible
                    5.15736677496 (objective)
                    0 (bound viol.)
                    0 (int. viol.)
                    0 (row viol.)
  Timing            0.57
  Max sub-MIP depth 0
  Nodes             1
  Repair LPs        0
  LP iterations     1169
                    0 (strong br.)
                    0 (separation)
                    0 (heuristics)
MIP has 10753 rows; 9409 cols; 25537 nonzeros; 1344 integer variables (1344 binary)
Coefficient ranges:
  Matrix  [2e-01, 2e+00]
  Cost    [5e-03, 6e-02]
  Bound   [1e+00, 1e+00]
  RHS     [4e-04, 4e+00]
Presolving model
8064 rows, 8724 cols, 22163 nonzeros 0s
6390 rows, 7384 cols, 17809 nonzeros 0s
4570 rows, 5808 cols, 13065 nonzeros 0s
2894 rows, 4165 cols, 8640 nonzeros 0s
2636 rows, 3832 cols, 8049 nonzeros 0s
Presolve reductions: rows 2636(-8117); columns 3832(-5577); nonzeros 8049(-17488) 

Solving MIP model with:
   2636 rows
   3832 cols (396 binary, 0 integer, 0 implied int., 3436 continuous, 0 domain fixed)
   8049 nonzeros

Src: B => Branching; C => Central rounding; F => Feasibility pump; H => Heuristic;
     I => Shifting; J => Feasibility jump; L => Sub-MIP; P => Empty MIP; R => Randomized rounding;
     S => Solve LP; T => Evaluate node; U => Unbounded; X => User solution; Y => HiGHS solution;
     Z => ZI Round; l => Trivial lower; p => Trivial point; u => Trivial upper; z => Trivial zero

        Nodes      |    B&B Tree     |            Objective Bounds              |  Dynamic Constraints |       Work      
Src  Proc. InQueue |  Leaves   Expl. | BestBound       BestSol              Gap |   Cuts   InLp Confl. | LpIters     Time

 J       0       0         0   0.00%   -inf            13.10641447        Large        0      0      0         0     0.5s
 T       0       0         0   0.00%   -0.3641650895   7.507973061      104.85%        0      0      0      1134     0.6s
         1       0         1 100.00%   7.507973061     7.507973061        0.00%        0      0      0      1134     0.6s

Solving report
  Status            Optimal
  Primal bound      7.50797306142
  Dual bound        7.50797306142
  Gap               0% (tolerance: 0.5%)
  P-D integral      0.042337433914
  Solution status   feasible
                    7.50797306142 (objective)
                    0 (bound viol.)
                    0 (int. viol.)
                    0 (row viol.)
  Timing            0.56
  Max sub-MIP depth 0
  Nodes             1
  Repair LPs        0
  LP iterations     1134
                    0 (strong br.)
                    0 (separation)
                    0 (heuristics)
MIP has 10753 rows; 9409 cols; 25537 nonzeros; 1344 integer variables (1344 binary)
Coefficient ranges:
  Matrix  [2e-01, 2e+00]
  Cost    [5e-03, 6e-02]
  Bound   [1e+00, 1e+00]
  RHS     [1e-03, 4e+00]
Presolving model
8064 rows, 8744 cols, 22183 nonzeros 0s
6381 rows, 7395 cols, 17811 nonzeros 0s
4552 rows, 5802 cols, 13041 nonzeros 0s
3001 rows, 4235 cols, 8907 nonzeros 0s
2782 rows, 4014 cols, 8465 nonzeros 0s
Presolve reductions: rows 2782(-7971); columns 4014(-5395); nonzeros 8465(-17072) 

Solving MIP model with:
   2782 rows
   4014 cols (418 binary, 0 integer, 0 implied int., 3596 continuous, 0 domain fixed)
   8465 nonzeros

Src: B => Branching; C => Central rounding; F => Feasibility pump; H => Heuristic;
     I => Shifting; J => Feasibility jump; L => Sub-MIP; P => Empty MIP; R => Randomized rounding;
     S => Solve LP; T => Evaluate node; U => Unbounded; X => User solution; Y => HiGHS solution;
     Z => ZI Round; l => Trivial lower; p => Trivial point; u => Trivial upper; z => Trivial zero

        Nodes      |    B&B Tree     |            Objective Bounds              |  Dynamic Constraints |       Work      
Src  Proc. InQueue |  Leaves   Expl. | BestBound       BestSol              Gap |   Cuts   InLp Confl. | LpIters     Time

 J       0       0         0   0.00%   -inf            12.95827411        Large        0      0      0         0     0.5s
 T       0       0         0   0.00%   -2.94314706     5.777942611      150.94%        0      0      0      1190     0.5s
         1       0         1 100.00%   5.777942611     5.777942611        0.00%        0      0      0      1190     0.5s

Solving report
  Status            Optimal
  Primal bound      5.77794261094
  Dual bound        5.77794261094
  Gap               0% (tolerance: 0.5%)
  P-D integral      0.054055612239
  Solution status   feasible
                    5.77794261094 (objective)
                    0 (bound viol.)
                    0 (int. viol.)
                    0 (row viol.)
  Timing            0.52
  Max sub-MIP depth 0
  Nodes             1
  Repair LPs        0
  LP iterations     1190
                    0 (strong br.)
                    0 (separation)
                    0 (heuristics)
MIP has 10753 rows; 9409 cols; 25537 nonzeros; 1344 integer variables (1344 binary)
Coefficient ranges:
  Matrix  [2e-01, 2e+00]
  Cost    [5e-03, 6e-02]
  Bound   [1e+00, 1e+00]
  RHS     [4e-04, 4e+00]
Presolving model
8064 rows, 8764 cols, 22203 nonzeros 0s
6401 rows, 7435 cols, 17875 nonzeros 0s
4601 rows, 5886 cols, 13190 nonzeros 0s
3075 rows, 4376 cols, 9146 nonzeros 0s
2846 rows, 4147 cols, 8688 nonzeros 0s
Presolve reductions: rows 2846(-7907); columns 4147(-5262); nonzeros 8688(-16849) 

Solving MIP model with:
   2846 rows
   4147 cols (424 binary, 0 integer, 0 implied int., 3723 continuous, 0 domain fixed)
   8688 nonzeros

Src: B => Branching; C => Central rounding; F => Feasibility pump; H => Heuristic;
     I => Shifting; J => Feasibility jump; L => Sub-MIP; P => Empty MIP; R => Randomized rounding;
     S => Solve LP; T => Evaluate node; U => Unbounded; X => User solution; Y => HiGHS solution;
     Z => ZI Round; l => Trivial lower; p => Trivial point; u => Trivial upper; z => Trivial zero

        Nodes      |    B&B Tree     |            Objective Bounds              |  Dynamic Constraints |       Work      
Src  Proc. InQueue |  Leaves   Expl. | BestBound       BestSol              Gap |   Cuts   InLp Confl. | LpIters     Time

 J       0       0         0   0.00%   -inf            13.23876102        Large        0      0      0         0     0.4s
 T       0       0         0   0.00%   -3.699096203    5.615780048      165.87%        0      0      0      1215     0.5s
         1       0         1 100.00%   5.615780048     5.615780048        0.00%        0      0      0      1215     0.5s

Solving report
  Status            Optimal
  Primal bound      5.6157800478
  Dual bound        5.6157800478
  Gap               0% (tolerance: 0.5%)
  P-D integral      0.0565295570475
  Solution status   feasible
                    5.6157800478 (objective)
                    0 (bound viol.)
                    0 (int. viol.)
                    0 (row viol.)
  Timing            0.48
  Max sub-MIP depth 0
  Nodes             1
  Repair LPs        0
  LP iterations     1215
                    0 (strong br.)
                    0 (separation)
                    0 (heuristics)
MIP has 10753 rows; 9409 cols; 25537 nonzeros; 1344 integer variables (1344 binary)
Coefficient ranges:
  Matrix  [2e-01, 2e+00]
  Cost    [5e-03, 6e-02]
  Bound   [1e+00, 1e+00]
  RHS     [2e-05, 4e+00]
WARNING: Problem has some excessively small row bounds
Presolving model
8064 rows, 8776 cols, 22215 nonzeros 0s
6398 rows, 7444 cols, 17881 nonzeros 0s
4583 rows, 5872 cols, 13158 nonzeros 0s
3205 rows, 4470 cols, 9486 nonzeros 0s
2999 rows, 4248 cols, 9058 nonzeros 0s
Presolve reductions: rows 2999(-7754); columns 4248(-5161); nonzeros 9058(-16479) 

Solving MIP model with:
   2999 rows
   4248 cols (453 binary, 0 integer, 0 implied int., 3795 continuous, 0 domain fixed)
   9058 nonzeros

Src: B => Branching; C => Central rounding; F => Feasibility pump; H => Heuristic;
     I => Shifting; J => Feasibility jump; L => Sub-MIP; P => Empty MIP; R => Randomized rounding;
     S => Solve LP; T => Evaluate node; U => Unbounded; X => User solution; Y => HiGHS solution;
     Z => ZI Round; l => Trivial lower; p => Trivial point; u => Trivial upper; z => Trivial zero

        Nodes      |    B&B Tree     |            Objective Bounds              |  Dynamic Constraints |       Work      
Src  Proc. InQueue |  Leaves   Expl. | BestBound       BestSol              Gap |   Cuts   InLp Confl. | LpIters     Time

 J       0       0         0   0.00%   -inf            11.75393912        Large        0      0      0         0     0.4s
 T       0       0         0   0.00%   -3.175265726    4.913360913      164.63%        0      0      0      1271     0.5s
         1       0         1 100.00%   4.913360913     4.913360913        0.00%        0      0      0      1271     0.5s

Solving report
  Status            Optimal
  Primal bound      4.9133609134
  Dual bound        4.9133609134
  Gap               0% (tolerance: 0.5%)
  P-D integral      0.0562408572231
  Solution status   feasible
                    4.9133609134 (objective)
                    0 (bound viol.)
                    0 (int. viol.)
                    0 (row viol.)
  Timing            0.50
  Max sub-MIP depth 0
  Nodes             1
  Repair LPs        0
  LP iterations     1271
                    0 (strong br.)
                    0 (separation)
                    0 (heuristics)
MIP has 10753 rows; 9409 cols; 25537 nonzeros; 1344 integer variables (1344 binary)
Coefficient ranges:
  Matrix  [2e-01, 2e+00]
  Cost    [5e-03, 6e-02]
  Bound   [1e+00, 1e+00]
  RHS     [2e-05, 4e+00]
WARNING: Problem has some excessively small row bounds
Presolving model
8064 rows, 8786 cols, 22225 nonzeros 0s
6362 rows, 7418 cols, 17815 nonzeros 0s
4508 rows, 5774 cols, 12977 nonzeros 0s
3600 rows, 4694 cols, 10483 nonzeros 0s
3481 rows, 4575 cols, 10245 nonzeros 0s
Presolve reductions: rows 3481(-7272); columns 4575(-4834); nonzeros 10245(-15292) 

Solving MIP model with:
   3481 rows
   4575 cols (548 binary, 0 integer, 0 implied int., 4027 continuous, 0 domain fixed)
   10245 nonzeros

Src: B => Branching; C => Central rounding; F => Feasibility pump; H => Heuristic;
     I => Shifting; J => Feasibility jump; L => Sub-MIP; P => Empty MIP; R => Randomized rounding;
     S => Solve LP; T => Evaluate node; U => Unbounded; X => User solution; Y => HiGHS solution;
     Z => ZI Round; l => Trivial lower; p => Trivial point; u => Trivial upper; z => Trivial zero

        Nodes      |    B&B Tree     |            Objective Bounds              |  Dynamic Constraints |       Work      
Src  Proc. InQueue |  Leaves   Expl. | BestBound       BestSol              Gap |   Cuts   InLp Confl. | LpIters     Time

 J       0       0         0   0.00%   -inf            6.473630707        Large        0      0      0         0     0.6s
 T       0       0         0   0.00%   -3.549516161    1.035385877      442.82%        0      0      0      1350     0.6s
         1       0         1 100.00%   1.035385877     1.035385877        0.00%        0      0      0      1350     0.6s

Solving report
  Status            Optimal
  Primal bound      1.03538587737
  Dual bound        1.03538587737
  Gap               0% (tolerance: 0.5%)
  P-D integral      0.0787246067259
  Solution status   feasible
                    1.03538587737 (objective)
                    0 (bound viol.)
                    0 (int. viol.)
                    0 (row viol.)
  Timing            0.63
  Max sub-MIP depth 0
  Nodes             1
  Repair LPs        0
  LP iterations     1350
                    0 (strong br.)
                    0 (separation)
                    0 (heuristics)
MIP has 10753 rows; 9409 cols; 25537 nonzeros; 1344 integer variables (1344 binary)
Coefficient ranges:
  Matrix  [2e-01, 2e+00]
  Cost    [5e-03, 6e-02]
  Bound   [1e+00, 1e+00]
  RHS     [2e-04, 4e+00]
Presolving model
8064 rows, 8808 cols, 22247 nonzeros 0s
6351 rows, 7427 cols, 17817 nonzeros 0s
4462 rows, 5735 cols, 12888 nonzeros 0s
3784 rows, 4818 cols, 10947 nonzeros 0s
3702 rows, 4736 cols, 10783 nonzeros 0s
Presolve reductions: rows 3702(-7051); columns 4736(-4673); nonzeros 10783(-14754) 

Solving MIP model with:
   3702 rows
   4736 cols (587 binary, 0 integer, 0 implied int., 4149 continuous, 0 domain fixed)
   10783 nonzeros

Src: B => Branching; C => Central rounding; F => Feasibility pump; H => Heuristic;
     I => Shifting; J => Feasibility jump; L => Sub-MIP; P => Empty MIP; R => Randomized rounding;
     S => Solve LP; T => Evaluate node; U => Unbounded; X => User solution; Y => HiGHS solution;
     Z => ZI Round; l => Trivial lower; p => Trivial point; u => Trivial upper; z => Trivial zero

        Nodes      |    B&B Tree     |            Objective Bounds              |  Dynamic Constraints |       Work      
Src  Proc. InQueue |  Leaves   Expl. | BestBound       BestSol              Gap |   Cuts   InLp Confl. | LpIters     Time

 J       0       0         0   0.00%   -inf            3.984113765        Large        0      0      0         0     0.6s
 T       0       0         0   0.00%   -5.009773917    -1.605703672     212.00%        0      0      0      1419     0.7s
         1       0         1 100.00%   -1.605703672    -1.605703672       0.00%        0      0      0      1419     0.7s

Solving report
  Status            Optimal
  Primal bound      -1.60570367153
  Dual bound        -1.60570367153
  Gap               0% (tolerance: 0.5%)
  P-D integral      0.149088259095
  Solution status   feasible
                    -1.60570367153 (objective)
                    0 (bound viol.)
                    0 (int. viol.)
                    0 (row viol.)
  Timing            0.67
  Max sub-MIP depth 0
  Nodes             1
  Repair LPs        0
  LP iterations     1419
                    0 (strong br.)
                    0 (separation)
                    0 (heuristics)
MIP has 10753 rows; 9409 cols; 25537 nonzeros; 1344 integer variables (1344 binary)
Coefficient ranges:
  Matrix  [2e-01, 2e+00]
  Cost    [5e-03, 6e-02]
  Bound   [1e+00, 1e+00]
  RHS     [4e-04, 4e+00]
Presolving model
8064 rows, 8828 cols, 22267 nonzeros 0s
6374 rows, 7472 cols, 17885 nonzeros 0s
4532 rows, 5857 cols, 13092 nonzeros 0s
3687 rows, 4837 cols, 10751 nonzeros 0s
3576 rows, 4726 cols, 10529 nonzeros 0s
Presolve reductions: rows 3576(-7177); columns 4726(-4683); nonzeros 10529(-15008) 

Solving MIP model with:
   3576 rows
   4726 cols (557 binary, 0 integer, 0 implied int., 4169 continuous, 0 domain fixed)
   10529 nonzeros

Src: B => Branching; C => Central rounding; F => Feasibility pump; H => Heuristic;
     I => Shifting; J => Feasibility jump; L => Sub-MIP; P => Empty MIP; R => Randomized rounding;
     S => Solve LP; T => Evaluate node; U => Unbounded; X => User solution; Y => HiGHS solution;
     Z => ZI Round; l => Trivial lower; p => Trivial point; u => Trivial upper; z => Trivial zero

        Nodes      |    B&B Tree     |            Objective Bounds              |  Dynamic Constraints |       Work      
Src  Proc. InQueue |  Leaves   Expl. | BestBound       BestSol              Gap |   Cuts   InLp Confl. | LpIters     Time

         0       0         0   0.00%   -5.439436181    inf                  inf        0      0      0         0     0.5s
 T       0       0         0   0.00%   -5.439436181    -0.762689681     613.19%        0      0      0      1438     0.5s
         1       0         1 100.00%   -0.762689681    -0.762689681       0.00%        0      0      0      1438     0.5s

Solving report
  Status            Optimal
  Primal bound      -0.762689680965
  Dual bound        -0.762689680965
  Gap               0% (tolerance: 0.5%)
  P-D integral      0.000545127080529
  Solution status   feasible
                    -0.762689680965 (objective)
                    0 (bound viol.)
                    0 (int. viol.)
                    0 (row viol.)
  Timing            0.53
  Max sub-MIP depth 0
  Nodes             1
  Repair LPs        0
  LP iterations     1438
                    0 (strong br.)
                    0 (separation)
                    0 (heuristics)
MIP has 10753 rows; 9409 cols; 25537 nonzeros; 1344 integer variables (1344 binary)
Coefficient ranges:
  Matrix  [2e-01, 2e+00]
  Cost    [5e-03, 6e-02]
  Bound   [1e+00, 1e+00]
  RHS     [4e-04, 4e+00]
Presolving model
8064 rows, 8843 cols, 22282 nonzeros 0s
6376 rows, 7489 cols, 17904 nonzeros 0s
4542 rows, 5876 cols, 13121 nonzeros 0s
3734 rows, 4880 cols, 10877 nonzeros 0s
3630 rows, 4776 cols, 10669 nonzeros 0s
Presolve reductions: rows 3630(-7123); columns 4776(-4633); nonzeros 10669(-14868) 

Solving MIP model with:
   3630 rows
   4776 cols (566 binary, 0 integer, 0 implied int., 4210 continuous, 0 domain fixed)
   10669 nonzeros

Src: B => Branching; C => Central rounding; F => Feasibility pump; H => Heuristic;
     I => Shifting; J => Feasibility jump; L => Sub-MIP; P => Empty MIP; R => Randomized rounding;
     S => Solve LP; T => Evaluate node; U => Unbounded; X => User solution; Y => HiGHS solution;
     Z => ZI Round; l => Trivial lower; p => Trivial point; u => Trivial upper; z => Trivial zero

        Nodes      |    B&B Tree     |            Objective Bounds              |  Dynamic Constraints |       Work      
Src  Proc. InQueue |  Leaves   Expl. | BestBound       BestSol              Gap |   Cuts   InLp Confl. | LpIters     Time

 J       0       0         0   0.00%   -inf            5.699177215        Large        0      0      0         0     0.5s
 T       0       0         0   0.00%   -6.785365361    -1.654800084     310.04%        0      0      0      1435     0.5s
         1       0         1 100.00%   -1.654800084    -1.654800084       0.00%        0      0      0      1435     0.5s

Solving report
  Status            Optimal
  Primal bound      -1.65480008448
  Dual bound        -1.65480008448
  Gap               0% (tolerance: 0.5%)
  P-D integral      0.118189082723
  Solution status   feasible
                    -1.65480008448 (objective)
                    0 (bound viol.)
                    0 (int. viol.)
                    0 (row viol.)
  Timing            0.53
  Max sub-MIP depth 0
  Nodes             1
  Repair LPs        0
  LP iterations     1435
                    0 (strong br.)
                    0 (separation)
                    0 (heuristics)
MIP has 10753 rows; 9409 cols; 25537 nonzeros; 1344 integer variables (1344 binary)
Coefficient ranges:
  Matrix  [2e-01, 2e+00]
  Cost    [5e-03, 6e-02]
  Bound   [1e+00, 1e+00]
  RHS     [4e-04, 4e+00]
Presolving model
8064 rows, 8854 cols, 22293 nonzeros 0s
6378 rows, 7502 cols, 17919 nonzeros 0s
4544 rows, 5897 cols, 13144 nonzeros 0s
3757 rows, 4920 cols, 10956 nonzeros 0s
3657 rows, 4820 cols, 10756 nonzeros 0s
Presolve reductions: rows 3657(-7096); columns 4820(-4589); nonzeros 10756(-14781) 

Solving MIP model with:
   3657 rows
   4820 cols (570 binary, 0 integer, 0 implied int., 4250 continuous, 0 domain fixed)
   10756 nonzeros

Src: B => Branching; C => Central rounding; F => Feasibility pump; H => Heuristic;
     I => Shifting; J => Feasibility jump; L => Sub-MIP; P => Empty MIP; R => Randomized rounding;
     S => Solve LP; T => Evaluate node; U => Unbounded; X => User solution; Y => HiGHS solution;
     Z => ZI Round; l => Trivial lower; p => Trivial point; u => Trivial upper; z => Trivial zero

        Nodes      |    B&B Tree     |            Objective Bounds              |  Dynamic Constraints |       Work      
Src  Proc. InQueue |  Leaves   Expl. | BestBound       BestSol              Gap |   Cuts   InLp Confl. | LpIters     Time

         0       0         0   0.00%   -6.383291046    inf                  inf        0      0      0         0     0.5s
 T       0       0         0   0.00%   -6.383291046    -0.8772873365    627.62%        0      0      0      1438     0.6s
         1       0         1 100.00%   -0.8772873365   -0.8772873365      0.00%        0      0      0      1438     0.6s

Solving report
  Status            Optimal
  Primal bound      -0.877287336515
  Dual bound        -0.877287336515
  Gap               0% (tolerance: 0.5%)
  P-D integral      0.000472595481695
  Solution status   feasible
                    -0.877287336515 (objective)
                    0 (bound viol.)
                    0 (int. viol.)
                    0 (row viol.)
  Timing            0.57
  Max sub-MIP depth 0
  Nodes             1
  Repair LPs        0
  LP iterations     1438
                    0 (strong br.)
                    0 (separation)
                    0 (heuristics)
MIP has 10753 rows; 9409 cols; 25537 nonzeros; 1344 integer variables (1344 binary)
Coefficient ranges:
  Matrix  [2e-01, 2e+00]
  Cost    [5e-03, 6e-02]
  Bound   [1e+00, 1e+00]
  RHS     [6e-04, 4e+00]
Presolving model
8064 rows, 8869 cols, 22308 nonzeros 0s
6374 rows, 7513 cols, 17926 nonzeros 0s
4536 rows, 5903 cols, 13142 nonzeros 0s
3852 rows, 5004 cols, 11215 nonzeros 0s
3772 rows, 4924 cols, 11055 nonzeros 0s
Presolve reductions: rows 3772(-6981); columns 4924(-4485); nonzeros 11055(-14482) 

Solving MIP model with:
   3772 rows
   4924 cols (590 binary, 0 integer, 0 implied int., 4334 continuous, 0 domain fixed)
   11055 nonzeros

Src: B => Branching; C => Central rounding; F => Feasibility pump; H => Heuristic;
     I => Shifting; J => Feasibility jump; L => Sub-MIP; P => Empty MIP; R => Randomized rounding;
     S => Solve LP; T => Evaluate node; U => Unbounded; X => User solution; Y => HiGHS solution;
     Z => ZI Round; l => Trivial lower; p => Trivial point; u => Trivial upper; z => Trivial zero

        Nodes      |    B&B Tree     |            Objective Bounds              |  Dynamic Constraints |       Work      
Src  Proc. InQueue |  Leaves   Expl. | BestBound       BestSol              Gap |   Cuts   InLp Confl. | LpIters     Time

 J       0       0         0   0.00%   -inf            5.698340925        Large        0      0      0         0     0.5s
 T       0       0         0   0.00%   -6.343099932    -1.230171206     415.63%        0      0      0      1476     0.6s
         1       0         1 100.00%   -1.230171206    -1.230171206       0.00%        0      0      0      1476     0.6s

Solving report
  Status            Optimal
  Primal bound      -1.23017120637
  Dual bound        -1.23017120637
  Gap               0% (tolerance: 0.5%)
  P-D integral      0.133720514954
  Solution status   feasible
                    -1.23017120637 (objective)
                    0 (bound viol.)
                    0 (int. viol.)
                    0 (row viol.)
  Timing            0.55
  Max sub-MIP depth 0
  Nodes             1
  Repair LPs        0
  LP iterations     1476
                    0 (strong br.)
                    0 (separation)
                    0 (heuristics)
MIP has 10753 rows; 9409 cols; 25537 nonzeros; 1344 integer variables (1344 binary)
Coefficient ranges:
  Matrix  [2e-01, 2e+00]
  Cost    [5e-03, 6e-02]
  Bound   [1e+00, 1e+00]
  RHS     [8e-04, 4e+00]
Presolving model
8064 rows, 8887 cols, 22326 nonzeros 0s
6379 rows, 7536 cols, 17954 nonzeros 0s
4542 rows, 5923 cols, 13168 nonzeros 0s
3854 rows, 5021 cols, 11258 nonzeros 0s
3818 rows, 4985 cols, 11186 nonzeros 0s
Presolve reductions: rows 3818(-6935); columns 4985(-4424); nonzeros 11186(-14351) 

Solving MIP model with:
   3818 rows
   4985 cols (596 binary, 0 integer, 0 implied int., 4389 continuous, 0 domain fixed)
   11186 nonzeros

Src: B => Branching; C => Central rounding; F => Feasibility pump; H => Heuristic;
     I => Shifting; J => Feasibility jump; L => Sub-MIP; P => Empty MIP; R => Randomized rounding;
     S => Solve LP; T => Evaluate node; U => Unbounded; X => User solution; Y => HiGHS solution;
     Z => ZI Round; l => Trivial lower; p => Trivial point; u => Trivial upper; z => Trivial zero

        Nodes      |    B&B Tree     |            Objective Bounds              |  Dynamic Constraints |       Work      
Src  Proc. InQueue |  Leaves   Expl. | BestBound       BestSol              Gap |   Cuts   InLp Confl. | LpIters     Time

 J       0       0         0   0.00%   -inf            5.911628564        Large        0      0      0         0     0.6s
 T       0       0         0   0.00%   -8.254602371    -2.723190441     203.12%        0      0      0      1496     0.6s
         1       0         1 100.00%   -2.723190441    -2.723190441       0.00%        0      0      0      1496     0.6s

Solving report
  Status            Optimal
  Primal bound      -2.72319044065
  Dual bound        -2.72319044065
  Gap               0% (tolerance: 0.5%)
  P-D integral      0.151402476207
  Solution status   feasible
                    -2.72319044065 (objective)
                    0 (bound viol.)
                    0 (int. viol.)
                    0 (row viol.)
  Timing            0.63
  Max sub-MIP depth 0
  Nodes             1
  Repair LPs        0
  LP iterations     1496
                    0 (strong br.)
                    0 (separation)
                    0 (heuristics)
MIP has 10753 rows; 9409 cols; 25537 nonzeros; 1344 integer variables (1344 binary)
Coefficient ranges:
  Matrix  [2e-01, 2e+00]
  Cost    [5e-03, 6e-02]
  Bound   [1e+00, 1e+00]
  RHS     [4e-04, 4e+00]
Presolving model
8064 rows, 8895 cols, 22334 nonzeros 0s
6379 rows, 7542 cols, 17960 nonzeros 0s
4540 rows, 5914 cols, 13153 nonzeros 0s
4311 rows, 5408 cols, 12412 nonzeros 0s
Presolve reductions: rows 4311(-6442); columns 5408(-4001); nonzeros 12412(-13125) 

Solving MIP model with:
   4311 rows
   5408 cols (674 binary, 0 integer, 0 implied int., 4734 continuous, 0 domain fixed)
   12412 nonzeros

Src: B => Branching; C => Central rounding; F => Feasibility pump; H => Heuristic;
     I => Shifting; J => Feasibility jump; L => Sub-MIP; P => Empty MIP; R => Randomized rounding;
     S => Solve LP; T => Evaluate node; U => Unbounded; X => User solution; Y => HiGHS solution;
     Z => ZI Round; l => Trivial lower; p => Trivial point; u => Trivial upper; z => Trivial zero

        Nodes      |    B&B Tree     |            Objective Bounds              |  Dynamic Constraints |       Work      
Src  Proc. InQueue |  Leaves   Expl. | BestBound       BestSol              Gap |   Cuts   InLp Confl. | LpIters     Time

         0       0         0   0.00%   -11.48352664    inf                  inf        0      0      0         0     0.5s
         0       0         0   0.00%   -3.038359293    inf                  inf        0      0      2      1876     0.6s
 R       0       0         0   0.00%   -3.038359293    -3.038359293       0.00%        0      0      2      1937     0.6s
         1       0         1 100.00%   -3.038359293    -3.038359293       0.00%        0      0      2      1937     0.6s

Solving report
  Status            Optimal
  Primal bound      -3.03835929333
  Dual bound        -3.03835929333
  Gap               0% (tolerance: 0.5%)
  P-D integral      0
  Solution status   feasible
                    -3.03835929333 (objective)
                    0 (bound viol.)
                    0 (int. viol.)
                    0 (row viol.)
  Timing            0.62
  Max sub-MIP depth 0
  Nodes             1
  Repair LPs        0
  LP iterations     1937
                    0 (strong br.)
                    61 (separation)
                    0 (heuristics)
MIP has 10753 rows; 9409 cols; 25537 nonzeros; 1344 integer variables (1344 binary)
Coefficient ranges:
  Matrix  [2e-01, 2e+00]
  Cost    [5e-03, 6e-02]
  Bound   [1e+00, 1e+00]
  RHS     [7e-05, 4e+00]
WARNING: Problem has some excessively small row bounds
Presolving model
8064 rows, 8904 cols, 22343 nonzeros 0s
6365 rows, 7537 cols, 17941 nonzeros 0s
4521 rows, 5898 cols, 13118 nonzeros 0s
4279 rows, 5356 cols, 12328 nonzeros 0s
Presolve reductions: rows 4279(-6474); columns 5356(-4053); nonzeros 12328(-13209) 

Solving MIP model with:
   4279 rows
   5356 cols (674 binary, 0 integer, 0 implied int., 4682 continuous, 0 domain fixed)
   12328 nonzeros

Src: B => Branching; C => Central rounding; F => Feasibility pump; H => Heuristic;
     I => Shifting; J => Feasibility jump; L => Sub-MIP; P => Empty MIP; R => Randomized rounding;
     S => Solve LP; T => Evaluate node; U => Unbounded; X => User solution; Y => HiGHS solution;
     Z => ZI Round; l => Trivial lower; p => Trivial point; u => Trivial upper; z => Trivial zero

        Nodes      |    B&B Tree     |            Objective Bounds              |  Dynamic Constraints |       Work      
Src  Proc. InQueue |  Leaves   Expl. | BestBound       BestSol              Gap |   Cuts   InLp Confl. | LpIters     Time

         0       0         0   0.00%   -9.207818037    inf                  inf        0      0      0         0     0.5s
         0       0         0   0.00%   -2.902778959    inf                  inf        0      0      2      1753     0.6s
 R       0       0         0   0.00%   -2.902778959    -2.902778959       0.00%        0      0      2      1785     0.7s
         1       0         1 100.00%   -2.902778959    -2.902778959       0.00%        0      0      2      1785     0.7s

Solving report
  Status            Optimal
  Primal bound      -2.90277895904
  Dual bound        -2.90277895904
  Gap               0% (tolerance: 0.5%)
  P-D integral      0
  Solution status   feasible
                    -2.90277895904 (objective)
                    0 (bound viol.)
                    0 (int. viol.)
                    0 (row viol.)
  Timing            0.65
  Max sub-MIP depth 0
  Nodes             1
  Repair LPs        0
  LP iterations     1785
                    0 (strong br.)
                    32 (separation)
                    0 (heuristics)
MIP has 10753 rows; 9409 cols; 25537 nonzeros; 1344 integer variables (1344 binary)
Coefficient ranges:
  Matrix  [2e-01, 2e+00]
  Cost    [5e-03, 6e-02]
  Bound   [1e+00, 1e+00]
  RHS     [7e-05, 4e+00]
WARNING: Problem has some excessively small row bounds
Presolving model
8064 rows, 8914 cols, 22353 nonzeros 0s
6362 rows, 7546 cols, 17947 nonzeros 0s
4507 rows, 5899 cols, 13109 nonzeros 0s
4239 rows, 5274 cols, 12208 nonzeros 0s
Presolve reductions: rows 4239(-6514); columns 5274(-4135); nonzeros 12208(-13329) 

Solving MIP model with:
   4239 rows
   5274 cols (674 binary, 0 integer, 0 implied int., 4600 continuous, 0 domain fixed)
   12208 nonzeros

Src: B => Branching; C => Central rounding; F => Feasibility pump; H => Heuristic;
     I => Shifting; J => Feasibility jump; L => Sub-MIP; P => Empty MIP; R => Randomized rounding;
     S => Solve LP; T => Evaluate node; U => Unbounded; X => User solution; Y => HiGHS solution;
     Z => ZI Round; l => Trivial lower; p => Trivial point; u => Trivial upper; z => Trivial zero

        Nodes      |    B&B Tree     |            Objective Bounds              |  Dynamic Constraints |       Work      
Src  Proc. InQueue |  Leaves   Expl. | BestBound       BestSol              Gap |   Cuts   InLp Confl. | LpIters     Time

 J       0       0         0   0.00%   -inf            3.936705793        Large        0      0      0         0     0.6s
         0       0         0   0.00%   -3.376515458    3.936705793      185.77%        0      0      2      1621     0.7s
 C       0       0         0   0.00%   -3.376515458    -3.376515458       0.00%        0      0      2      1626     0.8s
         1       0         1 100.00%   -3.376515458    -3.376515458       0.00%        0      0      2      1626     0.8s

Solving report
  Status            Optimal
  Primal bound      -3.3765154584
  Dual bound        -3.3765154584
  Gap               0% (tolerance: 0.5%)
  P-D integral      0.523252463077
  Solution status   feasible
                    -3.3765154584 (objective)
                    0 (bound viol.)
                    0 (int. viol.)
                    0 (row viol.)
  Timing            0.84
  Max sub-MIP depth 0
  Nodes             1
  Repair LPs        0
  LP iterations     1626
                    0 (strong br.)
                    5 (separation)
                    0 (heuristics)
MIP has 10753 rows; 9409 cols; 25537 nonzeros; 1344 integer variables (1344 binary)
Coefficient ranges:
  Matrix  [2e-01, 2e+00]
  Cost    [5e-03, 6e-02]
  Bound   [1e+00, 1e+00]
  RHS     [4e-04, 4e+00]
Presolving model
8064 rows, 8907 cols, 22346 nonzeros 0s
6358 rows, 7533 cols, 17930 nonzeros 0s
4507 rows, 5862 cols, 13080 nonzeros 0s
4235 rows, 5272 cols, 12200 nonzeros 0s
Presolve reductions: rows 4235(-6518); columns 5272(-4137); nonzeros 12200(-13337) 

Solving MIP model with:
   4235 rows
   5272 cols (674 binary, 0 integer, 0 implied int., 4598 continuous, 0 domain fixed)
   12200 nonzeros

Src: B => Branching; C => Central rounding; F => Feasibility pump; H => Heuristic;
     I => Shifting; J => Feasibility jump; L => Sub-MIP; P => Empty MIP; R => Randomized rounding;
     S => Solve LP; T => Evaluate node; U => Unbounded; X => User solution; Y => HiGHS solution;
     Z => ZI Round; l => Trivial lower; p => Trivial point; u => Trivial upper; z => Trivial zero

        Nodes      |    B&B Tree     |            Objective Bounds              |  Dynamic Constraints |       Work      
Src  Proc. InQueue |  Leaves   Expl. | BestBound       BestSol              Gap |   Cuts   InLp Confl. | LpIters     Time

         0       0         0   0.00%   -7.619570754    inf                  inf        0      0      0         0     0.5s
         0       0         0   0.00%   -3.707802985    inf                  inf        0      0      2      1663     0.6s
 R       0       0         0   0.00%   -3.707802985    -3.707802985       0.00%        0      0      2      1672     0.7s
         1       0         1 100.00%   -3.707802985    -3.707802985       0.00%        0      0      2      1672     0.7s

Solving report
  Status            Optimal
  Primal bound      -3.70780298475
  Dual bound        -3.70780298475
  Gap               0% (tolerance: 0.5%)
  P-D integral      1.9544317072e-19
  Solution status   feasible
                    -3.70780298475 (objective)
                    0 (bound viol.)
                    0 (int. viol.)
                    0 (row viol.)
  Timing            0.67
  Max sub-MIP depth 0
  Nodes             1
  Repair LPs        0
  LP iterations     1672
                    0 (strong br.)
                    9 (separation)
                    0 (heuristics)
MIP has 10754 rows; 9409 cols; 25538 nonzeros; 1344 integer variables (1344 binary)
Coefficient ranges:
  Matrix  [2e-01, 2e+00]
  Cost    [5e-03, 6e-02]
  Bound   [1e+00, 1e+00]
  RHS     [4e-04, 4e+00]
Presolving model
8064 rows, 8950 cols, 22389 nonzeros 0s
6372 rows, 7588 cols, 18003 nonzeros 0s
4672 rows, 6039 cols, 13550 nonzeros 0s
4457 rows, 5543 cols, 12837 nonzeros 0s
Presolve reductions: rows 4457(-6297); columns 5543(-3866); nonzeros 12837(-12701) 

Solving MIP model with:
   4457 rows
   5543 cols (710 binary, 0 integer, 0 implied int., 4833 continuous, 0 domain fixed)
   12837 nonzeros

Src: B => Branching; C => Central rounding; F => Feasibility pump; H => Heuristic;
     I => Shifting; J => Feasibility jump; L => Sub-MIP; P => Empty MIP; R => Randomized rounding;
     S => Solve LP; T => Evaluate node; U => Unbounded; X => User solution; Y => HiGHS solution;
     Z => ZI Round; l => Trivial lower; p => Trivial point; u => Trivial upper; z => Trivial zero

        Nodes      |    B&B Tree     |            Objective Bounds              |  Dynamic Constraints |       Work      
Src  Proc. InQueue |  Leaves   Expl. | BestBound       BestSol              Gap |   Cuts   InLp Confl. | LpIters     Time

         0       0         0   0.00%   -6.193552768    inf                  inf        0      0      0         0     0.6s
 T       0       0         0   0.00%   -6.193552768    -2.97573086      108.14%        0      0      0      1678     0.7s
         1       0         1 100.00%   -2.97573086     -2.97573086        0.00%        0      0      0      1678     0.7s

Solving report
  Status            Optimal
  Primal bound      -2.97573085958
  Dual bound        -2.97573085958
  Gap               0% (tolerance: 0.5%)
  P-D integral      8.34806242929e-05
  Solution status   feasible
                    -2.97573085958 (objective)
                    0 (bound viol.)
                    0 (int. viol.)
                    0 (row viol.)
  Timing            0.66
  Max sub-MIP depth 0
  Nodes             1
  Repair LPs        0
  LP iterations     1678
                    0 (strong br.)
                    0 (separation)
                    0 (heuristics)
