MIP has 10753 rows; 9409 cols; 25537 nonzeros; 1344 integer variables (1344 binary)
Coefficient ranges:
  Matrix  [2e-01, 2e+00]
  Cost    [1e-02, 6e-02]
  Bound   [1e+00, 1e+00]
  RHS     [7e-05, 4e+00]
WARNING: Problem has some excessively small row bounds
Presolving model
8064 rows, 8598 cols, 22037 nonzeros 0s
6419 rows, 7287 cols, 17745 nonzeros 0s
4623 rows, 5760 cols, 13086 nonzeros 0s
2700 rows, 3961 cols, 8028 nonzeros 0s
1695 rows, 3098 cols, 5592 nonzeros 0s
1554 rows, 2957 cols, 5310 nonzeros 0s
Presolve reductions: rows 1554(-9199); columns 2957(-6452); nonzeros 5310(-20227) 

Solving MIP model with:
   1554 rows
   2957 cols (200 binary, 0 integer, 0 implied int., 2757 continuous, 0 domain fixed)
   5310 nonzeros

Src: B => Branching; C => Central rounding; F => Feasibility pump; H => Heuristic;
     I => Shifting; J => Feasibility jump; L => Sub-MIP; P => Empty MIP; R => Randomized rounding;
     S => Solve LP; T => Evaluate node; U => Unbounded; X => User solution; Y => HiGHS solution;
     Z => ZI Round; l => Trivial lower; p => Trivial point; u => Trivial upper; z => Trivial zero

        Nodes      |    B&B Tree     |            Objective Bounds              |  Dynamic Constraints |       Work      
Src  Proc. InQueue |  Leaves   Expl. | BestBound       BestSol              Gap |   Cuts   InLp Confl. | LpIters     Time

 J       0       0         0   0.00%   -inf            8.31111094         Large        0      0      0         0     0.4s
 T       0       0         0   0.00%   -0.4178372747   7.072452318      105.91%        0      0      0       814     0.5s
         1       0         1 100.00%   7.072452318     7.072452318        0.00%        0      0      0       814     0.5s

Solving report
  Status            Optimal
  Primal bound      7.07245231831
  Dual bound        7.07245231831
  Gap               0% (tolerance: 0.5%)
  P-D integral      0.0296643375091
  Solution status   feasible
                    7.07245231831 (objective)
                    0 (bound viol.)
                    0 (int. viol.)
                    0 (row viol.)
  Timing            0.46
  Max sub-MIP depth 0
  Nodes             1
  Repair LPs        0
  LP iterations     814
                    0 (strong br.)
                    0 (separation)
                    0 (heuristics)
MIP has 10753 rows; 9409 cols; 25537 nonzeros; 1344 integer variables (1344 binary)
Coefficient ranges:
  Matrix  [2e-01, 2e+00]
  Cost    [1e-02, 6e-02]
  Bound   [1e+00, 1e+00]
  RHS     [7e-05, 4e+00]
WARNING: Problem has some excessively small row bounds
Presolving model
8064 rows, 8601 cols, 22040 nonzeros 0s
6426 rows, 7297 cols, 17762 nonzeros 0s
4648 rows, 5790 cols, 13141 nonzeros 0s
2723 rows, 3998 cols, 8088 nonzeros 0s
1650 rows, 3044 cols, 5457 nonzeros 0s
1501 rows, 2895 cols, 5159 nonzeros 0s
Presolve reductions: rows 1501(-9252); columns 2895(-6514); nonzeros 5159(-20378) 

Solving MIP model with:
   1501 rows
   2895 cols (191 binary, 0 integer, 0 implied int., 2704 continuous, 0 domain fixed)
   5159 nonzeros

Src: B => Branching; C => Central rounding; F => Feasibility pump; H => Heuristic;
     I => Shifting; J => Feasibility jump; L => Sub-MIP; P => Empty MIP; R => Randomized rounding;
     S => Solve LP; T => Evaluate node; U => Unbounded; X => User solution; Y => HiGHS solution;
     Z => ZI Round; l => Trivial lower; p => Trivial point; u => Trivial upper; z => Trivial zero

        Nodes      |    B&B Tree     |            Objective Bounds              |  Dynamic Constraints |       Work      
Src  Proc. InQueue |  Leaves   Expl. | BestBound       BestSol              Gap |   Cuts   InLp Confl. | LpIters     Time

 J       0       0         0   0.00%   -inf            12.32500437        Large        0      0      0         0     0.4s
 T       0       0         0   0.00%   -0.293353207    11.03413344      102.66%        0      0      0       801     0.4s
         1       0         1 100.00%   11.03413344     11.03413344        0.00%        0      0      0       801     0.4s

Solving report
  Status            Optimal
  Primal bound      11.0341334441
  Dual bound        11.0341334441
  Gap               0% (tolerance: 0.5%)
  P-D integral      0.024815821605
  Solution status   feasible
                    11.0341334441 (objective)
                    0 (bound viol.)
                    0 (int. viol.)
                    0 (row viol.)
  Timing            0.44
  Max sub-MIP depth 0
  Nodes             1
  Repair LPs        0
  LP iterations     801
                    0 (strong br.)
                    0 (separation)
                    0 (heuristics)
MIP has 10753 rows; 9409 cols; 25537 nonzeros; 1344 integer variables (1344 binary)
Coefficient ranges:
  Matrix  [2e-01, 2e+00]
  Cost    [1e-02, 6e-02]
  Bound   [1e+00, 1e+00]
  RHS     [2e-04, 4e+00]
Presolving model
8064 rows, 8609 cols, 22048 nonzeros 0s
6441 rows, 7320 cols, 17800 nonzeros 0s
4703 rows, 5859 cols, 13265 nonzeros 0s
2817 rows, 4154 cols, 8338 nonzeros 0s
2627 rows, 3241 cols, 5789 nonzeros 0s
1293 rows, 2871 cols, 4567 nonzeros 0s
1022 rows, 2498 cols, 3923 nonzeros 0s
1022 rows, 2498 cols, 3923 nonzeros 0s
Presolve reductions: rows 1022(-9731); columns 2498(-6911); nonzeros 3923(-21614) 

Solving MIP model with:
   1022 rows
   2498 cols (101 binary, 0 integer, 0 implied int., 2397 continuous, 0 domain fixed)
   3923 nonzeros

Src: B => Branching; C => Central rounding; F => Feasibility pump; H => Heuristic;
     I => Shifting; J => Feasibility jump; L => Sub-MIP; P => Empty MIP; R => Randomized rounding;
     S => Solve LP; T => Evaluate node; U => Unbounded; X => User solution; Y => HiGHS solution;
     Z => ZI Round; l => Trivial lower; p => Trivial point; u => Trivial upper; z => Trivial zero

        Nodes      |    B&B Tree     |            Objective Bounds              |  Dynamic Constraints |       Work      
Src  Proc. InQueue |  Leaves   Expl. | BestBound       BestSol              Gap |   Cuts   InLp Confl. | LpIters     Time

 J       0       0         0   0.00%   -inf            15.58552517        Large        0      0      0         0     0.5s
 T       0       0         0   0.00%   2.182202465     15.0796673        85.53%        0      0      0       631     0.5s
         1       0         1 100.00%   15.0796673      15.0796673         0.00%        0      0      0       631     0.5s

Solving report
  Status            Optimal
  Primal bound      15.0796673018
  Dual bound        15.0796673018
  Gap               0% (tolerance: 0.5%)
  P-D integral      0.0173103507715
  Solution status   feasible
                    15.0796673018 (objective)
                    0 (bound viol.)
                    0 (int. viol.)
                    0 (row viol.)
  Timing            0.47
  Max sub-MIP depth 0
  Nodes             1
  Repair LPs        0
  LP iterations     631
                    0 (strong br.)
                    0 (separation)
                    0 (heuristics)
MIP has 10753 rows; 9409 cols; 25537 nonzeros; 1344 integer variables (1344 binary)
Coefficient ranges:
  Matrix  [2e-01, 2e+00]
  Cost    [1e-02, 6e-02]
  Bound   [1e+00, 1e+00]
  RHS     [2e-04, 4e+00]
Presolving model
8064 rows, 8617 cols, 22056 nonzeros 0s
6421 rows, 7308 cols, 17764 nonzeros 0s
4619 rows, 5776 cols, 13079 nonzeros 0s
2699 rows, 3981 cols, 8023 nonzeros 0s
1552 rows, 2909 cols, 5142 nonzeros 0s
1354 rows, 2588 cols, 4623 nonzeros 0s
Presolve reductions: rows 1354(-9399); columns 2588(-6821); nonzeros 4623(-20914) 

Solving MIP model with:
   1354 rows
   2588 cols (171 binary, 0 integer, 0 implied int., 2417 continuous, 0 domain fixed)
   4623 nonzeros

Src: B => Branching; C => Central rounding; F => Feasibility pump; H => Heuristic;
     I => Shifting; J => Feasibility jump; L => Sub-MIP; P => Empty MIP; R => Randomized rounding;
     S => Solve LP; T => Evaluate node; U => Unbounded; X => User solution; Y => HiGHS solution;
     Z => ZI Round; l => Trivial lower; p => Trivial point; u => Trivial upper; z => Trivial zero

        Nodes      |    B&B Tree     |            Objective Bounds              |  Dynamic Constraints |       Work      
Src  Proc. InQueue |  Leaves   Expl. | BestBound       BestSol              Gap |   Cuts   InLp Confl. | LpIters     Time

 J       0       0         0   0.00%   -inf            10.59884954        Large        0      0      0         0     0.5s
 T       0       0         0   0.00%   1.688110742     9.892220375       82.93%        0      0      0       658     0.5s
         1       0         1 100.00%   9.892220375     9.892220375        0.00%        0      0      0       658     0.5s

Solving report
  Status            Optimal
  Primal bound      9.89222037476
  Dual bound        9.89222037476
  Gap               0% (tolerance: 0.5%)
  P-D integral      0.0189005731327
  Solution status   feasible
                    9.89222037476 (objective)
                    0 (bound viol.)
                    0 (int. viol.)
                    0 (row viol.)
  Timing            0.51
  Max sub-MIP depth 0
  Nodes             1
  Repair LPs        0
  LP iterations     658
                    0 (strong br.)
                    0 (separation)
                    0 (heuristics)
MIP has 10753 rows; 9409 cols; 25537 nonzeros; 1344 integer variables (1344 binary)
Coefficient ranges:
  Matrix  [2e-01, 2e+00]
  Cost    [1e-02, 6e-02]
  Bound   [1e+00, 1e+00]
  RHS     [4e-04, 4e+00]
Presolving model
8064 rows, 8611 cols, 22050 nonzeros 0s
6381 rows, 7262 cols, 17678 nonzeros 0s
4527 rows, 5655 cols, 12869 nonzeros 0s
4376 rows, 4236 cols, 9282 nonzeros 0s
2529 rows, 3700 cols, 7578 nonzeros 0s
2165 rows, 3268 cols, 6746 nonzeros 0s
Presolve reductions: rows 2165(-8588); columns 3268(-6141); nonzeros 6746(-18791) 

Solving MIP model with:
   2165 rows
   3268 cols (329 binary, 0 integer, 0 implied int., 2939 continuous, 0 domain fixed)
   6746 nonzeros

Src: B => Branching; C => Central rounding; F => Feasibility pump; H => Heuristic;
     I => Shifting; J => Feasibility jump; L => Sub-MIP; P => Empty MIP; R => Randomized rounding;
     S => Solve LP; T => Evaluate node; U => Unbounded; X => User solution; Y => HiGHS solution;
     Z => ZI Round; l => Trivial lower; p => Trivial point; u => Trivial upper; z => Trivial zero

        Nodes      |    B&B Tree     |            Objective Bounds              |  Dynamic Constraints |       Work      
Src  Proc. InQueue |  Leaves   Expl. | BestBound       BestSol              Gap |   Cuts   InLp Confl. | LpIters     Time

 J       0       0         0   0.00%   -inf            4.714489205        Large        0      0      0         0     0.5s
 T       0       0         0   0.00%   -0.1554994584   3.286304956      104.73%        0      0      0       816     0.6s
         1       0         1 100.00%   3.286304956     3.286304956        0.00%        0      0      0       816     0.6s

Solving report
  Status            Optimal
  Primal bound      3.28630495616
  Dual bound        3.28630495616
  Gap               0% (tolerance: 0.5%)
  P-D integral      0.0295495454361
  Solution status   feasible
                    3.28630495616 (objective)
                    0 (bound viol.)
                    0 (int. viol.)
                    0 (row viol.)
  Timing            0.55
  Max sub-MIP depth 0
  Nodes             1
  Repair LPs        0
  LP iterations     816
                    0 (strong br.)
                    0 (separation)
                    0 (heuristics)
MIP has 10753 rows; 9409 cols; 25537 nonzeros; 1344 integer variables (1344 binary)
Coefficient ranges:
  Matrix  [2e-01, 2e+00]
  Cost    [1e-02, 6e-02]
  Bound   [1e+00, 1e+00]
  RHS     [3e-04, 4e+00]
Presolving model
8064 rows, 8635 cols, 22074 nonzeros 0s
6378 rows, 7283 cols, 17700 nonzeros 0s
4544 rows, 5694 cols, 12941 nonzeros 0s
2722 rows, 3907 cols, 8116 nonzeros 0s
2464 rows, 3649 cols, 7600 nonzeros 0s
Presolve reductions: rows 2464(-8289); columns 3649(-5760); nonzeros 7600(-17937) 

Solving MIP model with:
   2464 rows
   3649 cols (372 binary, 0 integer, 0 implied int., 3277 continuous, 0 domain fixed)
   7600 nonzeros

Src: B => Branching; C => Central rounding; F => Feasibility pump; H => Heuristic;
     I => Shifting; J => Feasibility jump; L => Sub-MIP; P => Empty MIP; R => Randomized rounding;
     S => Solve LP; T => Evaluate node; U => Unbounded; X => User solution; Y => HiGHS solution;
     Z => ZI Round; l => Trivial lower; p => Trivial point; u => Trivial upper; z => Trivial zero

        Nodes      |    B&B Tree     |            Objective Bounds              |  Dynamic Constraints |       Work      
Src  Proc. InQueue |  Leaves   Expl. | BestBound       BestSol              Gap |   Cuts   InLp Confl. | LpIters     Time

 J       0       0         0   0.00%   -inf            3.308477942        Large        0      0      0         0     0.4s
 T       0       0         0   0.00%   -1.448486741    0.3839810633     477.23%        0      0      0      1004     0.5s
         1       0         1 100.00%   0.3839810633    0.3839810633       0.00%        0      0      0      1004     0.5s

Solving report
  Status            Optimal
  Primal bound      0.383981063336
  Dual bound        0.383981063336
  Gap               0% (tolerance: 0.5%)
  P-D integral      0.0545729781154
  Solution status   feasible
                    0.383981063336 (objective)
                    0 (bound viol.)
                    0 (int. viol.)
                    0 (row viol.)
  Timing            0.46
  Max sub-MIP depth 0
  Nodes             1
  Repair LPs        0
  LP iterations     1004
                    0 (strong br.)
                    0 (separation)
                    0 (heuristics)
MIP has 10753 rows; 9409 cols; 25537 nonzeros; 1344 integer variables (1344 binary)
Coefficient ranges:
  Matrix  [2e-01, 2e+00]
  Cost    [1e-02, 6e-02]
  Bound   [1e+00, 1e+00]
  RHS     [7e-05, 4e+00]
WARNING: Problem has some excessively small row bounds
Presolving model
8064 rows, 8674 cols, 22113 nonzeros 0s
6400 rows, 7344 cols, 17783 nonzeros 0s
4587 rows, 5786 cols, 13076 nonzeros 0s
2659 rows, 3936 cols, 7974 nonzeros 0s
2383 rows, 3660 cols, 7422 nonzeros 0s
Presolve reductions: rows 2383(-8370); columns 3660(-5749); nonzeros 7422(-18115) 

Solving MIP model with:
   2383 rows
   3660 cols (345 binary, 0 integer, 0 implied int., 3315 continuous, 0 domain fixed)
   7422 nonzeros

Src: B => Branching; C => Central rounding; F => Feasibility pump; H => Heuristic;
     I => Shifting; J => Feasibility jump; L => Sub-MIP; P => Empty MIP; R => Randomized rounding;
     S => Solve LP; T => Evaluate node; U => Unbounded; X => User solution; Y => HiGHS solution;
     Z => ZI Round; l => Trivial lower; p => Trivial point; u => Trivial upper; z => Trivial zero

        Nodes      |    B&B Tree     |            Objective Bounds              |  Dynamic Constraints |       Work      
Src  Proc. InQueue |  Leaves   Expl. | BestBound       BestSol              Gap |   Cuts   InLp Confl. | LpIters     Time

 J       0       0         0   0.00%   -inf            5.021483982        Large        0      0      0         0     0.4s
 T       0       0         0   0.00%   -1.331461412    1.344617021      199.02%        0      0      0      1039     0.4s
         1       0         1 100.00%   1.344617021     1.344617021        0.00%        0      0      0      1039     0.4s

Solving report
  Status            Optimal
  Primal bound      1.34461702144
  Dual bound        1.34461702144
  Gap               0% (tolerance: 0.5%)
  P-D integral      0.0471171188832
  Solution status   feasible
                    1.34461702144 (objective)
                    0 (bound viol.)
                    0 (int. viol.)
                    0 (row viol.)
  Timing            0.43
  Max sub-MIP depth 0
  Nodes             1
  Repair LPs        0
  LP iterations     1039
                    0 (strong br.)
                    0 (separation)
                    0 (heuristics)
MIP has 10753 rows; 9409 cols; 25537 nonzeros; 1344 integer variables (1344 binary)
Coefficient ranges:
  Matrix  [2e-01, 2e+00]
  Cost    [1e-02, 6e-02]
  Bound   [1e+00, 1e+00]
  RHS     [7e-05, 4e+00]
WARNING: Problem has some excessively small row bounds
Presolving model
8064 rows, 8692 cols, 22131 nonzeros 0s
6393 rows, 7355 cols, 17787 nonzeros 0s
4585 rows, 5795 cols, 13083 nonzeros 0s
2841 rows, 4074 cols, 8454 nonzeros 0s
2601 rows, 3834 cols, 7974 nonzeros 0s
Presolve reductions: rows 2601(-8152); columns 3834(-5575); nonzeros 7974(-17563) 

Solving MIP model with:
   2601 rows
   3834 cols (385 binary, 0 integer, 0 implied int., 3449 continuous, 0 domain fixed)
   7974 nonzeros

Src: B => Branching; C => Central rounding; F => Feasibility pump; H => Heuristic;
     I => Shifting; J => Feasibility jump; L => Sub-MIP; P => Empty MIP; R => Randomized rounding;
     S => Solve LP; T => Evaluate node; U => Unbounded; X => User solution; Y => HiGHS solution;
     Z => ZI Round; l => Trivial lower; p => Trivial point; u => Trivial upper; z => Trivial zero

        Nodes      |    B&B Tree     |            Objective Bounds              |  Dynamic Constraints |       Work      
Src  Proc. InQueue |  Leaves   Expl. | BestBound       BestSol              Gap |   Cuts   InLp Confl. | LpIters     Time

 J       0       0         0   0.00%   -inf            4.97357784         Large        0      0      0         0     0.4s
 T       0       0         0   0.00%   -1.370994381    1.235912663      210.93%        0      0      0      1085     0.5s
         1       0         1 100.00%   1.235912663     1.235912663        0.00%        0      0      0      1085     0.5s

Solving report
  Status            Optimal
  Primal bound      1.23591266316
  Dual bound        1.23591266316
  Gap               0% (tolerance: 0.5%)
  P-D integral      0.0474549510864
  Solution status   feasible
                    1.23591266316 (objective)
                    0 (bound viol.)
                    0 (int. viol.)
                    0 (row viol.)
  Timing            0.46
  Max sub-MIP depth 0
  Nodes             1
  Repair LPs        0
  LP iterations     1085
                    0 (strong br.)
                    0 (separation)
                    0 (heuristics)
MIP has 10753 rows; 9409 cols; 25537 nonzeros; 1344 integer variables (1344 binary)
Coefficient ranges:
  Matrix  [2e-01, 2e+00]
  Cost    [1e-02, 6e-02]
  Bound   [1e+00, 1e+00]
  RHS     [2e-04, 4e+00]
Presolving model
8064 rows, 8707 cols, 22146 nonzeros 0s
6396 rows, 7373 cols, 17808 nonzeros 0s
4586 rows, 5810 cols, 13099 nonzeros 0s
2902 rows, 4160 cols, 8637 nonzeros 0s
2664 rows, 3922 cols, 8161 nonzeros 0s
Presolve reductions: rows 2664(-8089); columns 3922(-5487); nonzeros 8161(-17376) 

Solving MIP model with:
   2664 rows
   3922 cols (394 binary, 0 integer, 0 implied int., 3528 continuous, 0 domain fixed)
   8161 nonzeros

Src: B => Branching; C => Central rounding; F => Feasibility pump; H => Heuristic;
     I => Shifting; J => Feasibility jump; L => Sub-MIP; P => Empty MIP; R => Randomized rounding;
     S => Solve LP; T => Evaluate node; U => Unbounded; X => User solution; Y => HiGHS solution;
     Z => ZI Round; l => Trivial lower; p => Trivial point; u => Trivial upper; z => Trivial zero

        Nodes      |    B&B Tree     |            Objective Bounds              |  Dynamic Constraints |       Work      
Src  Proc. InQueue |  Leaves   Expl. | BestBound       BestSol              Gap |   Cuts   InLp Confl. | LpIters     Time

 J       0       0         0   0.00%   -inf            4.80476124         Large        0      0      0         0     0.4s
 T       0       0         0   0.00%   -1.67601583     1.061191874      257.94%        0      0      0      1113     0.4s
         1       0         1 100.00%   1.061191874     1.061191874        0.00%        0      0      0      1113     0.4s

Solving report
  Status            Optimal
  Primal bound      1.06119187378
  Dual bound        1.06119187378
  Gap               0% (tolerance: 0.5%)
  P-D integral      0.0533506004415
  Solution status   feasible
                    1.06119187378 (objective)
                    0 (bound viol.)
                    0 (int. viol.)
                    0 (row viol.)
  Timing            0.44
  Max sub-MIP depth 0
  Nodes             1
  Repair LPs        0
  LP iterations     1113
                    0 (strong br.)
                    0 (separation)
                    0 (heuristics)
MIP has 10753 rows; 9409 cols; 25537 nonzeros; 1344 integer variables (1344 binary)
Coefficient ranges:
  Matrix  [2e-01, 2e+00]
  Cost    [1e-02, 6e-02]
  Bound   [1e+00, 1e+00]
  RHS     [2e-04, 4e+00]
Presolving model
8064 rows, 8724 cols, 22163 nonzeros 0s
6385 rows, 7379 cols, 17803 nonzeros 0s
4551 rows, 5787 cols, 13041 nonzeros 0s
3065 rows, 4268 cols, 9060 nonzeros 0s
2854 rows, 4057 cols, 8638 nonzeros 0s
Presolve reductions: rows 2854(-7899); columns 4057(-5352); nonzeros 8638(-16899) 

Solving MIP model with:
   2854 rows
   4057 cols (432 binary, 0 integer, 0 implied int., 3625 continuous, 0 domain fixed)
   8638 nonzeros

Src: B => Branching; C => Central rounding; F => Feasibility pump; H => Heuristic;
     I => Shifting; J => Feasibility jump; L => Sub-MIP; P => Empty MIP; R => Randomized rounding;
     S => Solve LP; T => Evaluate node; U => Unbounded; X => User solution; Y => HiGHS solution;
     Z => ZI Round; l => Trivial lower; p => Trivial point; u => Trivial upper; z => Trivial zero

        Nodes      |    B&B Tree     |            Objective Bounds              |  Dynamic Constraints |       Work      
Src  Proc. InQueue |  Leaves   Expl. | BestBound       BestSol              Gap |   Cuts   InLp Confl. | LpIters     Time

 J       0       0         0   0.00%   -inf            3.891269447        Large        0      0      0         0     0.4s
 T       0       0         0   0.00%   -2.240164395    -0.2010866515   1014.03%        0      0      0      1168     0.5s
         1       0         1 100.00%   -0.2010866515   -0.2010866515      0.00%        0      0      0      1168     0.5s

Solving report
  Status            Optimal
  Primal bound      -0.201086651503
  Dual bound        -0.201086651503
  Gap               0% (tolerance: 0.5%)
  P-D integral      0.0720005869291
  Solution status   feasible
                    -0.201086651503 (objective)
                    0 (bound viol.)
                    0 (int. viol.)
                    0 (row viol.)
  Timing            0.47
  Max sub-MIP depth 0
  Nodes             1
  Repair LPs        0
  LP iterations     1168
                    0 (strong br.)
                    0 (separation)
                    0 (heuristics)
MIP has 10753 rows; 9409 cols; 25537 nonzeros; 1344 integer variables (1344 binary)
Coefficient ranges:
  Matrix  [2e-01, 2e+00]
  Cost    [1e-02, 6e-02]
  Bound   [1e+00, 1e+00]
  RHS     [4e-04, 4e+00]
Presolving model
8064 rows, 8744 cols, 22183 nonzeros 0s
6391 rows, 7405 cols, 17835 nonzeros 0s
4564 rows, 5821 cols, 13088 nonzeros 0s
3196 rows, 4395 cols, 9418 nonzeros 0s
3008 rows, 4207 cols, 9042 nonzeros 0s
Presolve reductions: rows 3008(-7745); columns 4207(-5202); nonzeros 9042(-16495) 

Solving MIP model with:
   3008 rows
   4207 cols (457 binary, 0 integer, 0 implied int., 3750 continuous, 0 domain fixed)
   9042 nonzeros

Src: B => Branching; C => Central rounding; F => Feasibility pump; H => Heuristic;
     I => Shifting; J => Feasibility jump; L => Sub-MIP; P => Empty MIP; R => Randomized rounding;
     S => Solve LP; T => Evaluate node; U => Unbounded; X => User solution; Y => HiGHS solution;
     Z => ZI Round; l => Trivial lower; p => Trivial point; u => Trivial upper; z => Trivial zero

        Nodes      |    B&B Tree     |            Objective Bounds              |  Dynamic Constraints |       Work      
Src  Proc. InQueue |  Leaves   Expl. | BestBound       BestSol              Gap |   Cuts   InLp Confl. | LpIters     Time

 J       0       0         0   0.00%   -inf            2.54577252         Large        0      0      0         0     0.4s
 T       0       0         0   0.00%   -2.787601202    -1.297390895     114.86%        0      0      0      1233     0.4s
         1       0         1 100.00%   -1.297390895    -1.297390895       0.00%        0      0      0      1233     0.4s

Solving report
  Status            Optimal
  Primal bound      -1.29739089518
  Dual bound        -1.29739089518
  Gap               0% (tolerance: 0.5%)
  P-D integral      0.0964661440767
  Solution status   feasible
                    -1.29739089518 (objective)
                    0 (bound viol.)
                    0 (int. viol.)
                    0 (row viol.)
  Timing            0.44
  Max sub-MIP depth 0
  Nodes             1
  Repair LPs        0
  LP iterations     1233
                    0 (strong br.)
                    0 (separation)
                    0 (heuristics)
MIP has 10753 rows; 9409 cols; 25537 nonzeros; 1344 integer variables (1344 binary)
Coefficient ranges:
  Matrix  [2e-01, 2e+00]
  Cost    [1e-02, 6e-02]
  Bound   [1e+00, 1e+00]
  RHS     [8e-05, 4e+00]
WARNING: Problem has some excessively small row bounds
Presolving model
8064 rows, 8764 cols, 22203 nonzeros 0s
6393 rows, 7427 cols, 17859 nonzeros 0s
4575 rows, 5849 cols, 13127 nonzeros 0s
3209 rows, 4430 cols, 9458 nonzeros 0s
3026 rows, 4247 cols, 9092 nonzeros 0s
Presolve reductions: rows 3026(-7727); columns 4247(-5162); nonzeros 9092(-16445) 

Solving MIP model with:
   3026 rows
   4247 cols (455 binary, 0 integer, 0 implied int., 3792 continuous, 0 domain fixed)
   9092 nonzeros

Src: B => Branching; C => Central rounding; F => Feasibility pump; H => Heuristic;
     I => Shifting; J => Feasibility jump; L => Sub-MIP; P => Empty MIP; R => Randomized rounding;
     S => Solve LP; T => Evaluate node; U => Unbounded; X => User solution; Y => HiGHS solution;
     Z => ZI Round; l => Trivial lower; p => Trivial point; u => Trivial upper; z => Trivial zero

        Nodes      |    B&B Tree     |            Objective Bounds              |  Dynamic Constraints |       Work      
Src  Proc. InQueue |  Leaves   Expl. | BestBound       BestSol              Gap |   Cuts   InLp Confl. | LpIters     Time

 J       0       0         0   0.00%   -inf            2.230394444        Large        0      0      0         0     0.5s
 T       0       0         0   0.00%   -2.974304694    -1.544662444      92.55%        0      0      0      1249     0.5s
         1       0         1 100.00%   -1.544662444    -1.544662444       0.00%        0      0      0      1249     0.5s

Solving report
  Status            Optimal
  Primal bound      -1.54466244405
  Dual bound        -1.54466244405
  Gap               0% (tolerance: 0.5%)
  P-D integral      0.112365031551
  Solution status   feasible
                    -1.54466244405 (objective)
                    0 (bound viol.)
                    0 (int. viol.)
                    0 (row viol.)
  Timing            0.52
  Max sub-MIP depth 0
  Nodes             1
  Repair LPs        0
  LP iterations     1249
                    0 (strong br.)
                    0 (separation)
                    0 (heuristics)
MIP has 10753 rows; 9409 cols; 25537 nonzeros; 1344 integer variables (1344 binary)
Coefficient ranges:
  Matrix  [2e-01, 2e+00]
  Cost    [1e-02, 6e-02]
  Bound   [1e+00, 1e+00]
  RHS     [8e-05, 4e+00]
WARNING: Problem has some excessively small row bounds
Presolving model
8064 rows, 8776 cols, 22215 nonzeros 0s
6402 rows, 7448 cols, 17889 nonzeros 0s
4598 rows, 5891 cols, 13192 nonzeros 0s
3231 rows, 4500 cols, 9546 nonzeros 0s
3039 rows, 4308 cols, 9162 nonzeros 0s
Presolve reductions: rows 3039(-7714); columns 4308(-5101); nonzeros 9162(-16375) 

Solving MIP model with:
   3039 rows
   4308 cols (454 binary, 0 integer, 0 implied int., 3854 continuous, 0 domain fixed)
   9162 nonzeros

Src: B => Branching; C => Central rounding; F => Feasibility pump; H => Heuristic;
     I => Shifting; J => Feasibility jump; L => Sub-MIP; P => Empty MIP; R => Randomized rounding;
     S => Solve LP; T => Evaluate node; U => Unbounded; X => User solution; Y => HiGHS solution;
     Z => ZI Round; l => Trivial lower; p => Trivial point; u => Trivial upper; z => Trivial zero

        Nodes      |    B&B Tree     |            Objective Bounds              |  Dynamic Constraints |       Work      
Src  Proc. InQueue |  Leaves   Expl. | BestBound       BestSol              Gap |   Cuts   InLp Confl. | LpIters     Time

 J       0       0         0   0.00%   -inf            2.640782022        Large        0      0      0         0     0.4s
 T       0       0         0   0.00%   -2.606410301    -1.102151796     136.48%        0      0      0      1277     0.5s
         1       0         1 100.00%   -1.102151796    -1.102151796       0.00%        0      0      0      1277     0.5s

Solving report
  Status            Optimal
  Primal bound      -1.10215179641
  Dual bound        -1.10215179641
  Gap               0% (tolerance: 0.5%)
  P-D integral      0.101326430655
  Solution status   feasible
                    -1.10215179641 (objective)
                    0 (bound viol.)
                    0 (int. viol.)
                    0 (row viol.)
  Timing            0.48
  Max sub-MIP depth 0
  Nodes             1
  Repair LPs        0
  LP iterations     1277
                    0 (strong br.)
                    0 (separation)
                    0 (heuristics)
MIP has 10753 rows; 9409 cols; 25537 nonzeros; 1344 integer variables (1344 binary)
Coefficient ranges:
  Matrix  [2e-01, 2e+00]
  Cost    [1e-02, 6e-02]
  Bound   [1e+00, 1e+00]
  RHS     [4e-04, 4e+00]
Presolving model
8064 rows, 8786 cols, 22225 nonzeros 0s
6397 rows, 7453 cols, 17889 nonzeros 0s
4569 rows, 5866 cols, 13138 nonzeros 0s
3355 rows, 4573 cols, 9859 nonzeros 0s
3190 rows, 4408 cols, 9529 nonzeros 0s
Presolve reductions: rows 3190(-7563); columns 4408(-5001); nonzeros 9529(-16008) 

Solving MIP model with:
   3190 rows
   4408 cols (483 binary, 0 integer, 0 implied int., 3925 continuous, 0 domain fixed)
   9529 nonzeros

Src: B => Branching; C => Central rounding; F => Feasibility pump; H => Heuristic;
     I => Shifting; J => Feasibility jump; L => Sub-MIP; P => Empty MIP; R => Randomized rounding;
     S => Solve LP; T => Evaluate node; U => Unbounded; X => User solution; Y => HiGHS solution;
     Z => ZI Round; l => Trivial lower; p => Trivial point; u => Trivial upper; z => Trivial zero

        Nodes      |    B&B Tree     |            Objective Bounds              |  Dynamic Constraints |       Work      
Src  Proc. InQueue |  Leaves   Expl. | BestBound       BestSol              Gap |   Cuts   InLp Confl. | LpIters     Time

 J       0       0         0   0.00%   -inf            2.711584786        Large        0      0      0         0     0.4s
 T       0       0         0   0.00%   -2.348729821    -0.8216169922    185.87%        0      0      0      1313     0.5s
         1       0         1 100.00%   -0.8216169922   -0.8216169922      0.00%        0      0      0      1313     0.5s

Solving report
  Status            Optimal
  Primal bound      -0.821616992186
  Dual bound        -0.821616992186
  Gap               0% (tolerance: 0.5%)
  P-D integral      0.0980559288908
  Solution status   feasible
                    -0.821616992186 (objective)
                    0 (bound viol.)
                    0 (int. viol.)
                    0 (row viol.)
  Timing            0.47
  Max sub-MIP depth 0
  Nodes             1
  Repair LPs        0
  LP iterations     1313
                    0 (strong br.)
                    0 (separation)
                    0 (heuristics)
MIP has 10753 rows; 9409 cols; 25537 nonzeros; 1344 integer variables (1344 binary)
Coefficient ranges:
  Matrix  [2e-01, 2e+00]
  Cost    [1e-02, 6e-02]
  Bound   [1e+00, 1e+00]
  RHS     [4e-04, 4e+00]
Presolving model
8064 rows, 8808 cols, 22247 nonzeros 0s
6393 rows, 7471 cols, 17903 nonzeros 0s
4554 rows, 5875 cols, 13132 nonzeros 0s
3537 rows, 4705 cols, 10337 nonzeros 0s
3410 rows, 4578 cols, 10083 nonzeros 0s
Presolve reductions: rows 3410(-7343); columns 4578(-4831); nonzeros 10083(-15454) 

Solving MIP model with:
   3410 rows
   4578 cols (524 binary, 0 integer, 0 implied int., 4054 continuous, 0 domain fixed)
   10083 nonzeros

Src: B => Branching; C => Central rounding; F => Feasibility pump; H => Heuristic;
     I => Shifting; J => Feasibility jump; L => Sub-MIP; P => Empty MIP; R => Randomized rounding;
     S => Solve LP; T => Evaluate node; U => Unbounded; X => User solution; Y => HiGHS solution;
     Z => ZI Round; l => Trivial lower; p => Trivial point; u => Trivial upper; z => Trivial zero

        Nodes      |    B&B Tree     |            Objective Bounds              |  Dynamic Constraints |       Work      
Src  Proc. InQueue |  Leaves   Expl. | BestBound       BestSol              Gap |   Cuts   InLp Confl. | LpIters     Time

 J       0       0         0   0.00%   -inf            2.213437212        Large        0      0      0         0     0.5s
 T       0       0         0   0.00%   -2.632939849    -1.280073103     105.69%        0      0      0      1368     0.5s
         1       0         1 100.00%   -1.280073103    -1.280073103       0.00%        0      0      0      1368     0.5s

Solving report
  Status            Optimal
  Primal bound      -1.28007310259
  Dual bound        -1.28007310259
  Gap               0% (tolerance: 0.5%)
  P-D integral      0.12926931393
  Solution status   feasible
                    -1.28007310259 (objective)
                    0 (bound viol.)
                    0 (int. viol.)
                    0 (row viol.)
  Timing            0.52
  Max sub-MIP depth 0
  Nodes             1
  Repair LPs        0
  LP iterations     1368
                    0 (strong br.)
                    0 (separation)
                    0 (heuristics)
MIP has 10753 rows; 9409 cols; 25537 nonzeros; 1344 integer variables (1344 binary)
Coefficient ranges:
  Matrix  [2e-01, 2e+00]
  Cost    [1e-02, 6e-02]
  Bound   [1e+00, 1e+00]
  RHS     [2e-04, 4e+00]
Presolving model
8064 rows, 8828 cols, 22267 nonzeros 0s
6378 rows, 7476 cols, 17893 nonzeros 0s
4544 rows, 5868 cols, 13115 nonzeros 0s
3673 rows, 4838 cols, 10710 nonzeros 0s
3566 rows, 4731 cols, 10496 nonzeros 0s
Presolve reductions: rows 3566(-7187); columns 4731(-4678); nonzeros 10496(-15041) 

Solving MIP model with:
   3566 rows
   4731 cols (550 binary, 0 integer, 0 implied int., 4181 continuous, 0 domain fixed)
   10496 nonzeros

Src: B => Branching; C => Central rounding; F => Feasibility pump; H => Heuristic;
     I => Shifting; J => Feasibility jump; L => Sub-MIP; P => Empty MIP; R => Randomized rounding;
     S => Solve LP; T => Evaluate node; U => Unbounded; X => User solution; Y => HiGHS solution;
     Z => ZI Round; l => Trivial lower; p => Trivial point; u => Trivial upper; z => Trivial zero

        Nodes      |    B&B Tree     |            Objective Bounds              |  Dynamic Constraints |       Work      
Src  Proc. InQueue |  Leaves   Expl. | BestBound       BestSol              Gap |   Cuts   InLp Confl. | LpIters     Time

 J       0       0         0   0.00%   -inf            1.999789646        Large        0      0      0         0     0.5s
 T       0       0         0   0.00%   -2.995817571    -1.611339649      85.92%        0      0      0      1427     0.5s
         1       0         1 100.00%   -1.611339649    -1.611339649       0.00%        0      0      0      1427     0.5s

Solving report
  Status            Optimal
  Primal bound      -1.61133964919
  Dual bound        -1.61133964919
  Gap               0% (tolerance: 0.5%)
  P-D integral      0.146693619357
  Solution status   feasible
                    -1.61133964919 (objective)
                    0 (bound viol.)
                    0 (int. viol.)
                    0 (row viol.)
  Timing            0.52
  Max sub-MIP depth 0
  Nodes             1
  Repair LPs        0
  LP iterations     1427
                    0 (strong br.)
                    0 (separation)
                    0 (heuristics)
MIP has 10753 rows; 9409 cols; 25537 nonzeros; 1344 integer variables (1344 binary)
Coefficient ranges:
  Matrix  [2e-01, 2e+00]
  Cost    [1e-02, 6e-02]
  Bound   [1e+00, 1e+00]
  RHS     [2e-04, 4e+00]
Presolving model
8064 rows, 8843 cols, 22282 nonzeros 0s
6374 rows, 7487 cols, 17900 nonzeros 0s
4513 rows, 5847 cols, 13063 nonzeros 0s
3836 rows, 4929 cols, 11152 nonzeros 0s
3800 rows, 4893 cols, 11080 nonzeros 0s
Presolve reductions: rows 3800(-6953); columns 4893(-4516); nonzeros 11080(-14457) 

Solving MIP model with:
   3800 rows
   4893 cols (597 binary, 0 integer, 0 implied int., 4296 continuous, 0 domain fixed)
   11080 nonzeros

Src: B => Branching; C => Central rounding; F => Feasibility pump; H => Heuristic;
     I => Shifting; J => Feasibility jump; L => Sub-MIP; P => Empty MIP; R => Randomized rounding;
     S => Solve LP; T => Evaluate node; U => Unbounded; X => User solution; Y => HiGHS solution;
     Z => ZI Round; l => Trivial lower; p => Trivial point; u => Trivial upper; z => Trivial zero

        Nodes      |    B&B Tree     |            Objective Bounds              |  Dynamic Constraints |       Work      
Src  Proc. InQueue |  Leaves   Expl. | BestBound       BestSol              Gap |   Cuts   InLp Confl. | LpIters     Time

 J       0       0         0   0.00%   -inf            1.165389922        Large        0      0      0         0     0.5s
 T       0       0         0   0.00%   -3.74726072     -2.442119686      53.44%        0      0      0      1466     0.5s
         1       0         1 100.00%   -2.442119686    -2.442119686       0.00%        0      0      0      1466     0.5s

Solving report
  Status            Optimal
  Primal bound      -2.44211968583
  Dual bound        -2.44211968583
  Gap               0% (tolerance: 0.5%)
  P-D integral      0.256112255972
  Solution status   feasible
                    -2.44211968583 (objective)
                    0 (bound viol.)
                    0 (int. viol.)
                    0 (row viol.)
  Timing            0.54
  Max sub-MIP depth 0
  Nodes             1
  Repair LPs        0
  LP iterations     1466
                    0 (strong br.)
                    0 (separation)
                    0 (heuristics)
MIP has 10753 rows; 9409 cols; 25537 nonzeros; 1344 integer variables (1344 binary)
Coefficient ranges:
  Matrix  [2e-01, 2e+00]
  Cost    [1e-02, 6e-02]
  Bound   [1e+00, 1e+00]
  RHS     [6e-05, 4e+00]
WARNING: Problem has some excessively small row bounds
Presolving model
8064 rows, 8854 cols, 22293 nonzeros 0s
6372 rows, 7496 cols, 17907 nonzeros 0s
4522 rows, 5864 cols, 13089 nonzeros 0s
3820 rows, 4938 cols, 11125 nonzeros 0s
3784 rows, 4902 cols, 11053 nonzeros 0s
Presolve reductions: rows 3784(-6969); columns 4902(-4507); nonzeros 11053(-14484) 

Solving MIP model with:
   3784 rows
   4902 cols (592 binary, 0 integer, 0 implied int., 4310 continuous, 0 domain fixed)
   11053 nonzeros

Src: B => Branching; C => Central rounding; F => Feasibility pump; H => Heuristic;
     I => Shifting; J => Feasibility jump; L => Sub-MIP; P => Empty MIP; R => Randomized rounding;
     S => Solve LP; T => Evaluate node; U => Unbounded; X => User solution; Y => HiGHS solution;
     Z => ZI Round; l => Trivial lower; p => Trivial point; u => Trivial upper; z => Trivial zero

        Nodes      |    B&B Tree     |            Objective Bounds              |  Dynamic Constraints |       Work      
Src  Proc. InQueue |  Leaves   Expl. | BestBound       BestSol              Gap |   Cuts   InLp Confl. | LpIters     Time

 J       0       0         0   0.00%   -inf            1.220473638        Large        0      0      0         0     0.5s
 T       0       0         0   0.00%   -3.618583548    -2.315660357      56.27%        0      0      0      1471     0.6s
         1       0         1 100.00%   -2.315660357    -2.315660357       0.00%        0      0      0      1471     0.6s

Solving report
  Status            Optimal
  Primal bound      -2.31566035704
  Dual bound        -2.31566035704
  Gap               0% (tolerance: 0.5%)
  P-D integral      0.281110559038
  Solution status   feasible
                    -2.31566035704 (objective)
                    0 (bound viol.)
                    0 (int. viol.)
                    0 (row viol.)
  Timing            0.58
  Max sub-MIP depth 0
  Nodes             1
  Repair LPs        0
  LP iterations     1471
                    0 (strong br.)
                    0 (separation)
                    0 (heuristics)
MIP has 10753 rows; 9409 cols; 25537 nonzeros; 1344 integer variables (1344 binary)
Coefficient ranges:
  Matrix  [2e-01, 2e+00]
  Cost    [1e-02, 6e-02]
  Bound   [1e+00, 1e+00]
  RHS     [6e-05, 4e+00]
WARNING: Problem has some excessively small row bounds
Presolving model
8064 rows, 8869 cols, 22308 nonzeros 0s
6384 rows, 7523 cols, 17946 nonzeros 0s
4549 rows, 5914 cols, 13166 nonzeros 0s
3845 rows, 4992 cols, 11216 nonzeros 0s
3803 rows, 4950 cols, 11132 nonzeros 0s
Presolve reductions: rows 3803(-6950); columns 4950(-4459); nonzeros 11132(-14405) 

Solving MIP model with:
   3803 rows
   4950 cols (595 binary, 0 integer, 0 implied int., 4355 continuous, 0 domain fixed)
   11132 nonzeros

Src: B => Branching; C => Central rounding; F => Feasibility pump; H => Heuristic;
     I => Shifting; J => Feasibility jump; L => Sub-MIP; P => Empty MIP; R => Randomized rounding;
     S => Solve LP; T => Evaluate node; U => Unbounded; X => User solution; Y => HiGHS solution;
     Z => ZI Round; l => Trivial lower; p => Trivial point; u => Trivial upper; z => Trivial zero

        Nodes      |    B&B Tree     |            Objective Bounds              |  Dynamic Constraints |       Work      
Src  Proc. InQueue |  Leaves   Expl. | BestBound       BestSol              Gap |   Cuts   InLp Confl. | LpIters     Time

 J       0       0         0   0.00%   -inf            1.384357115        Large        0      0      0         0     0.5s
 T       0       0         0   0.00%   -3.684281432    -2.539447146      45.08%        0      0      0      1475     0.5s
         1       0         1 100.00%   -2.539447146    -2.539447146       0.00%        0      0      0      1475     0.5s

Solving report
  Status            Optimal
  Primal bound      -2.53944714646
  Dual bound        -2.53944714646
  Gap               0% (tolerance: 0.5%)
  P-D integral      0.250799784061
  Solution status   feasible
                    -2.53944714646 (objective)
                    0 (bound viol.)
                    0 (int. viol.)
                    0 (row viol.)
  Timing            0.55
  Max sub-MIP depth 0
  Nodes             1
  Repair LPs        0
  LP iterations     1475
                    0 (strong br.)
                    0 (separation)
                    0 (heuristics)
MIP has 10753 rows; 9409 cols; 25537 nonzeros; 1344 integer variables (1344 binary)
Coefficient ranges:
  Matrix  [2e-01, 2e+00]
  Cost    [1e-02, 6e-02]
  Bound   [1e+00, 1e+00]
  RHS     [4e-04, 4e+00]
Presolving model
8064 rows, 8887 cols, 22326 nonzeros 0s
6364 rows, 7521 cols, 17924 nonzeros 0s
4507 rows, 5875 cols, 13085 nonzeros 0s
4268 rows, 5304 cols, 12275 nonzeros 0s
Presolve reductions: rows 4268(-6485); columns 5304(-4105); nonzeros 12275(-13262) 

Solving MIP model with:
   4268 rows
   5304 cols (676 binary, 0 integer, 0 implied int., 4628 continuous, 0 domain fixed)
   12275 nonzeros

Src: B => Branching; C => Central rounding; F => Feasibility pump; H => Heuristic;
     I => Shifting; J => Feasibility jump; L => Sub-MIP; P => Empty MIP; R => Randomized rounding;
     S => Solve LP; T => Evaluate node; U => Unbounded; X => User solution; Y => HiGHS solution;
     Z => ZI Round; l => Trivial lower; p => Trivial point; u => Trivial upper; z => Trivial zero

        Nodes      |    B&B Tree     |            Objective Bounds              |  Dynamic Constraints |       Work      
Src  Proc. InQueue |  Leaves   Expl. | BestBound       BestSol              Gap |   Cuts   InLp Confl. | LpIters     Time

         0       0         0   0.00%   -6.44006009     inf                  inf        0      0      0         0     0.5s
         0       0         0   0.00%   -3.615050297    inf                  inf        0      0      2      1810     0.6s
 R       0       0         0   0.00%   -3.615050297    -3.615050297       0.00%        0      0      2      1841     0.6s
         1       0         1 100.00%   -3.615050297    -3.615050297       0.00%        0      0      2      1841     0.6s

Solving report
  Status            Optimal
  Primal bound      -3.61505029725
  Dual bound        -3.61505029725
  Gap               0% (tolerance: 0.5%)
  P-D integral      0
  Solution status   feasible
                    -3.61505029725 (objective)
                    0 (bound viol.)
                    0 (int. viol.)
                    0 (row viol.)
  Timing            0.62
  Max sub-MIP depth 0
  Nodes             1
  Repair LPs        0
  LP iterations     1841
                    0 (strong br.)
                    31 (separation)
                    0 (heuristics)
MIP has 10753 rows; 9409 cols; 25537 nonzeros; 1344 integer variables (1344 binary)
Coefficient ranges:
  Matrix  [2e-01, 2e+00]
  Cost    [1e-02, 6e-02]
  Bound   [1e+00, 1e+00]
  RHS     [2e-04, 4e+00]
Presolving model
8064 rows, 8895 cols, 22334 nonzeros 0s
6369 rows, 7534 cols, 17942 nonzeros 0s
4509 rows, 5886 cols, 13098 nonzeros 0s
4271 rows, 5320 cols, 12294 nonzeros 0s
Presolve reductions: rows 4271(-6482); columns 5320(-4089); nonzeros 12294(-13243) 

Solving MIP model with:
   4271 rows
   5320 cols (676 binary, 0 integer, 0 implied int., 4644 continuous, 0 domain fixed)
   12294 nonzeros

Src: B => Branching; C => Central rounding; F => Feasibility pump; H => Heuristic;
     I => Shifting; J => Feasibility jump; L => Sub-MIP; P => Empty MIP; R => Randomized rounding;
     S => Solve LP; T => Evaluate node; U => Unbounded; X => User solution; Y => HiGHS solution;
     Z => ZI Round; l => Trivial lower; p => Trivial point; u => Trivial upper; z => Trivial zero

        Nodes      |    B&B Tree     |            Objective Bounds              |  Dynamic Constraints |       Work      
Src  Proc. InQueue |  Leaves   Expl. | BestBound       BestSol              Gap |   Cuts   InLp Confl. | LpIters     Time

         0       0         0   0.00%   -6.315846486    inf                  inf        0      0      0         0     0.5s
         0       0         0   0.00%   -3.687803255    inf                  inf        0      0      2      1790     0.6s
 R       0       0         0   0.00%   -3.687803255    -3.687803255       0.00%        0      0      2      1817     0.6s
         1       0         1 100.00%   -3.687803255    -3.687803255       0.00%        0      0      2      1817     0.6s

Solving report
  Status            Optimal
  Primal bound      -3.68780325454
  Dual bound        -3.68780325454
  Gap               0% (tolerance: 0.5%)
  P-D integral      7.34737100474e-19
  Solution status   feasible
                    -3.68780325454 (objective)
                    0 (bound viol.)
                    0 (int. viol.)
                    0 (row viol.)
  Timing            0.63
  Max sub-MIP depth 0
  Nodes             1
  Repair LPs        0
  LP iterations     1817
                    0 (strong br.)
                    27 (separation)
                    0 (heuristics)
MIP has 10753 rows; 9409 cols; 25537 nonzeros; 1344 integer variables (1344 binary)
Coefficient ranges:
  Matrix  [2e-01, 2e+00]
  Cost    [1e-02, 6e-02]
  Bound   [1e+00, 1e+00]
  RHS     [2e-04, 4e+00]
Presolving model
8064 rows, 8904 cols, 22343 nonzeros 0s
6375 rows, 7549 cols, 17963 nonzeros 0s
4526 rows, 5915 cols, 13144 nonzeros 0s
4086 rows, 5195 cols, 11852 nonzeros 0s
Presolve reductions: rows 4086(-6667); columns 5195(-4214); nonzeros 11852(-13685) 

Solving MIP model with:
   4086 rows
   5195 cols (643 binary, 0 integer, 0 implied int., 4552 continuous, 0 domain fixed)
   11852 nonzeros

Src: B => Branching; C => Central rounding; F => Feasibility pump; H => Heuristic;
     I => Shifting; J => Feasibility jump; L => Sub-MIP; P => Empty MIP; R => Randomized rounding;
     S => Solve LP; T => Evaluate node; U => Unbounded; X => User solution; Y => HiGHS solution;
     Z => ZI Round; l => Trivial lower; p => Trivial point; u => Trivial upper; z => Trivial zero

        Nodes      |    B&B Tree     |            Objective Bounds              |  Dynamic Constraints |       Work      
Src  Proc. InQueue |  Leaves   Expl. | BestBound       BestSol              Gap |   Cuts   InLp Confl. | LpIters     Time

 J       0       0         0   0.00%   -inf            0.6031308848       Large        0      0      0         0     0.5s
 T       0       0         0   0.00%   -4.46238216     -3.202597521      39.34%        0      0      0      1567     0.6s
         1       0         1 100.00%   -3.202597521    -3.202597521       0.00%        0      0      0      1567     0.6s

Solving report
  Status            Optimal
  Primal bound      -3.20259752124
  Dual bound        -3.20259752124
  Gap               0% (tolerance: 0.5%)
  P-D integral      0.656111299473
  Solution status   feasible
                    -3.20259752124 (objective)
                    0 (bound viol.)
                    0 (int. viol.)
                    0 (row viol.)
  Timing            0.57
  Max sub-MIP depth 0
  Nodes             1
  Repair LPs        0
  LP iterations     1567
                    0 (strong br.)
                    0 (separation)
                    0 (heuristics)
MIP has 10753 rows; 9409 cols; 25537 nonzeros; 1344 integer variables (1344 binary)
Coefficient ranges:
  Matrix  [2e-01, 2e+00]
  Cost    [1e-02, 6e-02]
  Bound   [1e+00, 1e+00]
  RHS     [2e-04, 4e+00]
Presolving model
8064 rows, 8914 cols, 22353 nonzeros 0s
6373 rows, 7557 cols, 17969 nonzeros 0s
4514 rows, 5913 cols, 13130 nonzeros 0s
4242 rows, 5318 cols, 12235 nonzeros 0s
Presolve reductions: rows 4242(-6511); columns 5318(-4091); nonzeros 12235(-13302) 

Solving MIP model with:
   4242 rows
   5318 cols (669 binary, 0 integer, 0 implied int., 4649 continuous, 0 domain fixed)
   12235 nonzeros

Src: B => Branching; C => Central rounding; F => Feasibility pump; H => Heuristic;
     I => Shifting; J => Feasibility jump; L => Sub-MIP; P => Empty MIP; R => Randomized rounding;
     S => Solve LP; T => Evaluate node; U => Unbounded; X => User solution; Y => HiGHS solution;
     Z => ZI Round; l => Trivial lower; p => Trivial point; u => Trivial upper; z => Trivial zero

        Nodes      |    B&B Tree     |            Objective Bounds              |  Dynamic Constraints |       Work      
Src  Proc. InQueue |  Leaves   Expl. | BestBound       BestSol              Gap |   Cuts   InLp Confl. | LpIters     Time

         0       0         0   0.00%   -5.109725602    inf                  inf        0      0      0         0     0.5s
         0       0         0   0.00%   -3.291342952    inf                  inf        0      0      2      1670     0.6s
 R       0       0         0   0.00%   -3.291342952    -3.291342952       0.00%        0      0      2      1679     0.6s
         1       0         1 100.00%   -3.291342952    -3.291342952       0.00%        0      0      2      1679     0.6s

Solving report
  Status            Optimal
  Primal bound      -3.29134295177
  Dual bound        -3.29134295177
  Gap               0% (tolerance: 0.5%)
  P-D integral      0
  Solution status   feasible
                    -3.29134295177 (objective)
                    0 (bound viol.)
                    0 (int. viol.)
                    0 (row viol.)
  Timing            0.63
  Max sub-MIP depth 0
  Nodes             1
  Repair LPs        0
  LP iterations     1679
                    0 (strong br.)
                    9 (separation)
                    0 (heuristics)
MIP has 10753 rows; 9409 cols; 25537 nonzeros; 1344 integer variables (1344 binary)
Coefficient ranges:
  Matrix  [2e-01, 2e+00]
  Cost    [1e-02, 6e-02]
  Bound   [1e+00, 1e+00]
  RHS     [2e-04, 4e+00]
Presolving model
8064 rows, 8907 cols, 22346 nonzeros 0s
6383 rows, 7560 cols, 17982 nonzeros 0s
4541 rows, 5938 cols, 13182 nonzeros 0s
4018 rows, 5154 cols, 11683 nonzeros 0s
Presolve reductions: rows 4018(-6735); columns 5154(-4255); nonzeros 11683(-13854) 

Solving MIP model with:
   4018 rows
   5154 cols (628 binary, 0 integer, 0 implied int., 4526 continuous, 0 domain fixed)
   11683 nonzeros

Src: B => Branching; C => Central rounding; F => Feasibility pump; H => Heuristic;
     I => Shifting; J => Feasibility jump; L => Sub-MIP; P => Empty MIP; R => Randomized rounding;
     S => Solve LP; T => Evaluate node; U => Unbounded; X => User solution; Y => HiGHS solution;
     Z => ZI Round; l => Trivial lower; p => Trivial point; u => Trivial upper; z => Trivial zero

        Nodes      |    B&B Tree     |            Objective Bounds              |  Dynamic Constraints |       Work      
Src  Proc. InQueue |  Leaves   Expl. | BestBound       BestSol              Gap |   Cuts   InLp Confl. | LpIters     Time

 J       0       0         0   0.00%   -inf            1.607317063        Large        0      0      0         0     0.4s
 T       0       0         0   0.00%   -4.025148269    -2.651249993      51.82%        0      0      0      1567     0.5s
         1       0         1 100.00%   -2.651249993    -2.651249993       0.00%        0      0      0      1567     0.5s

Solving report
  Status            Optimal
  Primal bound      -2.65124999327
  Dual bound        -2.65124999327
  Gap               0% (tolerance: 0.5%)
  P-D integral      0.227839099201
  Solution status   feasible
                    -2.65124999327 (objective)
                    0 (bound viol.)
                    0 (int. viol.)
                    0 (row viol.)
  Timing            0.51
  Max sub-MIP depth 0
  Nodes             1
  Repair LPs        0
  LP iterations     1567
                    0 (strong br.)
                    0 (separation)
                    0 (heuristics)
MIP has 10754 rows; 9409 cols; 25538 nonzeros; 1344 integer variables (1344 binary)
Coefficient ranges:
  Matrix  [2e-01, 2e+00]
  Cost    [1e-02, 6e-02]
  Bound   [1e+00, 1e+00]
  RHS     [2e-04, 4e+00]
Presolving model
8064 rows, 8950 cols, 22389 nonzeros 0s
6386 rows, 7606 cols, 18031 nonzeros 0s
4563 rows, 5993 cols, 13259 nonzeros 0s
4216 rows, 5378 cols, 12221 nonzeros 0s
Presolve reductions: rows 4216(-6538); columns 5378(-4031); nonzeros 12221(-13317) 

Solving MIP model with:
   4216 rows
   5378 cols (657 binary, 0 integer, 0 implied int., 4721 continuous, 0 domain fixed)
   12221 nonzeros

Src: B => Branching; C => Central rounding; F => Feasibility pump; H => Heuristic;
     I => Shifting; J => Feasibility jump; L => Sub-MIP; P => Empty MIP; R => Randomized rounding;
     S => Solve LP; T => Evaluate node; U => Unbounded; X => User solution; Y => HiGHS solution;
     Z => ZI Round; l => Trivial lower; p => Trivial point; u => Trivial upper; z => Trivial zero

        Nodes      |    B&B Tree     |            Objective Bounds              |  Dynamic Constraints |       Work      
Src  Proc. InQueue |  Leaves   Expl. | BestBound       BestSol              Gap |   Cuts   InLp Confl. | LpIters     Time

         0       0         0   0.00%   -3.149615048    inf                  inf        0      0      0         0     0.6s
 T       0       0         0   0.00%   -3.149615048    -1.810667492      73.95%        0      0      0      1649     0.7s
         1       0         1 100.00%   -1.810667492    -1.810667492       0.00%        0      0      0      1649     0.7s

Solving report
  Status            Optimal
  Primal bound      -1.81066749199
  Dual bound        -1.81066749199
  Gap               0% (tolerance: 0.5%)
  P-D integral      5.74573845759e-05
  Solution status   feasible
                    -1.81066749199 (objective)
                    0 (bound viol.)
                    0 (int. viol.)
                    0 (row viol.)
  Timing            0.70
  Max sub-MIP depth 0
  Nodes             1
  Repair LPs        0
  LP iterations     1649
                    0 (strong br.)
                    0 (separation)
                    0 (heuristics)
MIP has 10753 rows; 9409 cols; 25537 nonzeros; 1344 integer variables (1344 binary)
Coefficient ranges:
  Matrix  [2e-01, 2e+00]
  Cost    [1e-02, 6e-02]
  Bound   [1e+00, 1e+00]
  RHS     [7e-05, 4e+00]
WARNING: Problem has some excessively small row bounds
Presolving model
8064 rows, 8598 cols, 22037 nonzeros 0s
6419 rows, 7287 cols, 17745 nonzeros 0s
4623 rows, 5760 cols, 13086 nonzeros 0s
2698 rows, 3960 cols, 8025 nonzeros 0s
1695 rows, 3099 cols, 5593 nonzeros 0s
1554 rows, 2958 cols, 5311 nonzeros 0s
Presolve reductions: rows 1554(-9199); columns 2958(-6451); nonzeros 5311(-20226) 

Solving MIP model with:
   1554 rows
   2958 cols (200 binary, 0 integer, 0 implied int., 2758 continuous, 0 domain fixed)
   5311 nonzeros

Src: B => Branching; C => Central rounding; F => Feasibility pump; H => Heuristic;
     I => Shifting; J => Feasibility jump; L => Sub-MIP; P => Empty MIP; R => Randomized rounding;
     S => Solve LP; T => Evaluate node; U => Unbounded; X => User solution; Y => HiGHS solution;
     Z => ZI Round; l => Trivial lower; p => Trivial point; u => Trivial upper; z => Trivial zero

        Nodes      |    B&B Tree     |            Objective Bounds              |  Dynamic Constraints |       Work      
Src  Proc. InQueue |  Leaves   Expl. | BestBound       BestSol              Gap |   Cuts   InLp Confl. | LpIters     Time

 J       0       0         0   0.00%   -inf            8.386725925        Large        0      0      0         0     0.4s
 T       0       0         0   0.00%   0.9685371677    7.789323145       87.57%        0      0      0       836     0.4s
         1       0         1 100.00%   7.789323145     7.789323145        0.00%        0      0      0       836     0.4s

Solving report
  Status            Optimal
  Primal bound      7.78932314454
  Dual bound        7.78932314454
  Gap               0% (tolerance: 0.5%)
  P-D integral      0.0183262785651
  Solution status   feasible
                    7.78932314454 (objective)
                    0 (bound viol.)
                    0 (int. viol.)
                    0 (row viol.)
  Timing            0.42
  Max sub-MIP depth 0
  Nodes             1
  Repair LPs        0
  LP iterations     836
                    0 (strong br.)
                    0 (separation)
                    0 (heuristics)
MIP has 10753 rows; 9409 cols; 25537 nonzeros; 1344 integer variables (1344 binary)
Coefficient ranges:
  Matrix  [2e-01, 2e+00]
  Cost    [1e-02, 6e-02]
  Bound   [1e+00, 1e+00]
  RHS     [7e-05, 4e+00]
WARNING: Problem has some excessively small row bounds
Presolving model
8064 rows, 8601 cols, 22040 nonzeros 0s
6426 rows, 7297 cols, 17762 nonzeros 0s
4648 rows, 5790 cols, 13141 nonzeros 0s
2725 rows, 4002 cols, 8094 nonzeros 0s
1649 rows, 3045 cols, 5457 nonzeros 0s
1501 rows, 2897 cols, 5161 nonzeros 0s
Presolve reductions: rows 1501(-9252); columns 2897(-6512); nonzeros 5161(-20376) 

Solving MIP model with:
   1501 rows
   2897 cols (191 binary, 0 integer, 0 implied int., 2706 continuous, 0 domain fixed)
   5161 nonzeros

Src: B => Branching; C => Central rounding; F => Feasibility pump; H => Heuristic;
     I => Shifting; J => Feasibility jump; L => Sub-MIP; P => Empty MIP; R => Randomized rounding;
     S => Solve LP; T => Evaluate node; U => Unbounded; X => User solution; Y => HiGHS solution;
     Z => ZI Round; l => Trivial lower; p => Trivial point; u => Trivial upper; z => Trivial zero

        Nodes      |    B&B Tree     |            Objective Bounds              |  Dynamic Constraints |       Work      
Src  Proc. InQueue |  Leaves   Expl. | BestBound       BestSol              Gap |   Cuts   InLp Confl. | LpIters     Time

 J       0       0         0   0.00%   -inf            12.38380816        Large        0      0      0         0     0.4s
 T       0       0         0   0.00%   1.17335897      11.74680634       90.01%        0      0      0       811     0.4s
         1       0         1 100.00%   11.74680634     11.74680634        0.00%        0      0      0       811     0.4s

Solving report
  Status            Optimal
  Primal bound      11.7468063445
  Dual bound        11.7468063445
  Gap               0% (tolerance: 0.5%)
  P-D integral      0.0255856964472
  Solution status   feasible
                    11.7468063445 (objective)
                    0 (bound viol.)
                    0 (int. viol.)
                    0 (row viol.)
  Timing            0.44
  Max sub-MIP depth 0
  Nodes             1
  Repair LPs        0
  LP iterations     811
                    0 (strong br.)
                    0 (separation)
                    0 (heuristics)
MIP has 10753 rows; 9409 cols; 25537 nonzeros; 1344 integer variables (1344 binary)
Coefficient ranges:
  Matrix  [2e-01, 2e+00]
  Cost    [1e-02, 6e-02]
  Bound   [1e+00, 1e+00]
  RHS     [2e-04, 4e+00]
Presolving model
8064 rows, 8609 cols, 22048 nonzeros 0s
6442 rows, 7321 cols, 17802 nonzeros 0s
4706 rows, 5862 cols, 13271 nonzeros 0s
2817 rows, 4154 cols, 8338 nonzeros 0s
2628 rows, 3242 cols, 5791 nonzeros 0s
1293 rows, 2871 cols, 4567 nonzeros 0s
1023 rows, 2499 cols, 3925 nonzeros 0s
1023 rows, 2499 cols, 3925 nonzeros 0s
Presolve reductions: rows 1023(-9730); columns 2499(-6910); nonzeros 3925(-21612) 

Solving MIP model with:
   1023 rows
   2499 cols (101 binary, 0 integer, 0 implied int., 2398 continuous, 0 domain fixed)
   3925 nonzeros

Src: B => Branching; C => Central rounding; F => Feasibility pump; H => Heuristic;
     I => Shifting; J => Feasibility jump; L => Sub-MIP; P => Empty MIP; R => Randomized rounding;
     S => Solve LP; T => Evaluate node; U => Unbounded; X => User solution; Y => HiGHS solution;
     Z => ZI Round; l => Trivial lower; p => Trivial point; u => Trivial upper; z => Trivial zero

        Nodes      |    B&B Tree     |            Objective Bounds              |  Dynamic Constraints |       Work      
Src  Proc. InQueue |  Leaves   Expl. | BestBound       BestSol              Gap |   Cuts   InLp Confl. | LpIters     Time

 J       0       0         0   0.00%   -inf            15.58656714        Large        0      0      0         0     0.4s
 T       0       0         0   0.00%   3.503148277     15.38602812       77.23%        0      0      0       697     0.5s
         1       0         1 100.00%   15.38602812     15.38602812        0.00%        0      0      0       697     0.5s

Solving report
  Status            Optimal
  Primal bound      15.3860281168
  Dual bound        15.3860281168
  Gap               0% (tolerance: 0.5%)
  P-D integral      0.0159747628826
  Solution status   feasible
                    15.3860281168 (objective)
                    0 (bound viol.)
                    0 (int. viol.)
                    0 (row viol.)
  Timing            0.47
  Max sub-MIP depth 0
  Nodes             1
  Repair LPs        0
  LP iterations     697
                    0 (strong br.)
                    0 (separation)
                    0 (heuristics)
MIP has 10753 rows; 9409 cols; 25537 nonzeros; 1344 integer variables (1344 binary)
Coefficient ranges:
  Matrix  [2e-01, 2e+00]
  Cost    [1e-02, 6e-02]
  Bound   [1e+00, 1e+00]
  RHS     [2e-04, 4e+00]
Presolving model
8064 rows, 8617 cols, 22056 nonzeros 0s
6430 rows, 7317 cols, 17786 nonzeros 0s
4664 rows, 5824 cols, 13191 nonzeros 0s
2766 rows, 4067 cols, 8200 nonzeros 0s
1554 rows, 2915 cols, 5152 nonzeros 0s
1356 rows, 2603 cols, 4642 nonzeros 0s
Presolve reductions: rows 1356(-9397); columns 2603(-6806); nonzeros 4642(-20895) 

Solving MIP model with:
   1356 rows
   2603 cols (171 binary, 0 integer, 0 implied int., 2432 continuous, 0 domain fixed)
   4642 nonzeros

Src: B => Branching; C => Central rounding; F => Feasibility pump; H => Heuristic;
     I => Shifting; J => Feasibility jump; L => Sub-MIP; P => Empty MIP; R => Randomized rounding;
     S => Solve LP; T => Evaluate node; U => Unbounded; X => User solution; Y => HiGHS solution;
     Z => ZI Round; l => Trivial lower; p => Trivial point; u => Trivial upper; z => Trivial zero

        Nodes      |    B&B Tree     |            Objective Bounds              |  Dynamic Constraints |       Work      
Src  Proc. InQueue |  Leaves   Expl. | BestBound       BestSol              Gap |   Cuts   InLp Confl. | LpIters     Time

 J       0       0         0   0.00%   -inf            10.73412123        Large        0      0      0         0     0.4s
 T       0       0         0   0.00%   2.695218437     10.37412761       74.02%        0      0      0       692     0.5s
         1       0         1 100.00%   10.37412761     10.37412761        0.00%        0      0      0       692     0.5s

Solving report
  Status            Optimal
  Primal bound      10.374127611
  Dual bound        10.374127611
  Gap               0% (tolerance: 0.5%)
  P-D integral      0.0168446750496
  Solution status   feasible
                    10.374127611 (objective)
                    0 (bound viol.)
                    0 (int. viol.)
                    0 (row viol.)
  Timing            0.46
  Max sub-MIP depth 0
  Nodes             1
  Repair LPs        0
  LP iterations     692
                    0 (strong br.)
                    0 (separation)
                    0 (heuristics)
MIP has 10753 rows; 9409 cols; 25537 nonzeros; 1344 integer variables (1344 binary)
Coefficient ranges:
  Matrix  [2e-01, 2e+00]
  Cost    [5e-03, 6e-02]
  Bound   [1e+00, 1e+00]
  RHS     [4e-04, 4e+00]
Presolving model
8064 rows, 8611 cols, 22050 nonzeros 0s
6388 rows, 7269 cols, 17696 nonzeros 0s
4557 rows, 5693 cols, 12953 nonzeros 0s
2571 rows, 3762 cols, 7700 nonzeros 0s
2173 rows, 3298 cols, 6786 nonzeros 0s
Presolve reductions: rows 2173(-8580); columns 3298(-6111); nonzeros 6786(-18751) 

Solving MIP model with:
   2173 rows
   3298 cols (329 binary, 0 integer, 0 implied int., 2969 continuous, 0 domain fixed)
   6786 nonzeros

Src: B => Branching; C => Central rounding; F => Feasibility pump; H => Heuristic;
     I => Shifting; J => Feasibility jump; L => Sub-MIP; P => Empty MIP; R => Randomized rounding;
     S => Solve LP; T => Evaluate node; U => Unbounded; X => User solution; Y => HiGHS solution;
     Z => ZI Round; l => Trivial lower; p => Trivial point; u => Trivial upper; z => Trivial zero

        Nodes      |    B&B Tree     |            Objective Bounds              |  Dynamic Constraints |       Work      
Src  Proc. InQueue |  Leaves   Expl. | BestBound       BestSol              Gap |   Cuts   InLp Confl. | LpIters     Time

 J       0       0         0   0.00%   -inf            4.812652553        Large        0      0      0         0     0.5s
 T       0       0         0   0.00%   0.4575961906    3.935508909       88.37%        0      0      0       840     0.5s
         1       0         1 100.00%   3.935508909     3.935508909        0.00%        0      0      0       840     0.5s

Solving report
  Status            Optimal
  Primal bound      3.93550890934
  Dual bound        3.93550890934
  Gap               0% (tolerance: 0.5%)
  P-D integral      0.0288677325376
  Solution status   feasible
                    3.93550890934 (objective)
                    0 (bound viol.)
                    0 (int. viol.)
                    0 (row viol.)
  Timing            0.50
  Max sub-MIP depth 0
  Nodes             1
  Repair LPs        0
  LP iterations     840
                    0 (strong br.)
                    0 (separation)
                    0 (heuristics)
MIP has 10753 rows; 9409 cols; 25537 nonzeros; 1344 integer variables (1344 binary)
Coefficient ranges:
  Matrix  [2e-01, 2e+00]
  Cost    [5e-03, 6e-02]
  Bound   [1e+00, 1e+00]
  RHS     [3e-04, 4e+00]
Presolving model
8064 rows, 8635 cols, 22074 nonzeros 0s
6377 rows, 7282 cols, 17698 nonzeros 0s
4545 rows, 5697 cols, 12945 nonzeros 0s
2714 rows, 3886 cols, 8087 nonzeros 0s
2462 rows, 3634 cols, 7583 nonzeros 0s
Presolve reductions: rows 2462(-8291); columns 3634(-5775); nonzeros 7583(-17954) 

Solving MIP model with:
   2462 rows
   3634 cols (372 binary, 0 integer, 0 implied int., 3262 continuous, 0 domain fixed)
   7583 nonzeros

Src: B => Branching; C => Central rounding; F => Feasibility pump; H => Heuristic;
     I => Shifting; J => Feasibility jump; L => Sub-MIP; P => Empty MIP; R => Randomized rounding;
     S => Solve LP; T => Evaluate node; U => Unbounded; X => User solution; Y => HiGHS solution;
     Z => ZI Round; l => Trivial lower; p => Trivial point; u => Trivial upper; z => Trivial zero

        Nodes      |    B&B Tree     |            Objective Bounds              |  Dynamic Constraints |       Work      
Src  Proc. InQueue |  Leaves   Expl. | BestBound       BestSol              Gap |   Cuts   InLp Confl. | LpIters     Time

 J       0       0         0   0.00%   -inf            3.271499319        Large        0      0      0         0     0.4s
 T       0       0         0   0.00%   -0.6957511064   1.787486458      138.92%        0      0      0      1001     0.5s
         1       0         1 100.00%   1.787486458     1.787486458        0.00%        0      0      0      1001     0.5s

Solving report
  Status            Optimal
  Primal bound      1.78748645773
  Dual bound        1.78748645773
  Gap               0% (tolerance: 0.5%)
  P-D integral      0.0495669994164
  Solution status   feasible
                    1.78748645773 (objective)
                    0 (bound viol.)
                    0 (int. viol.)
                    0 (row viol.)
  Timing            0.46
  Max sub-MIP depth 0
  Nodes             1
  Repair LPs        0
  LP iterations     1001
                    0 (strong br.)
                    0 (separation)
                    0 (heuristics)
MIP has 10753 rows; 9409 cols; 25537 nonzeros; 1344 integer variables (1344 binary)
Coefficient ranges:
  Matrix  [2e-01, 2e+00]
  Cost    [5e-03, 6e-02]
  Bound   [1e+00, 1e+00]
  RHS     [7e-05, 4e+00]
WARNING: Problem has some excessively small row bounds
Presolving model
8064 rows, 8674 cols, 22113 nonzeros 0s
6399 rows, 7343 cols, 17781 nonzeros 0s
4587 rows, 5787 cols, 13077 nonzeros 0s
2655 rows, 3939 cols, 7973 nonzeros 0s
2380 rows, 3664 cols, 7423 nonzeros 0s
Presolve reductions: rows 2380(-8373); columns 3664(-5745); nonzeros 7423(-18114) 

Solving MIP model with:
   2380 rows
   3664 cols (345 binary, 0 integer, 0 implied int., 3319 continuous, 0 domain fixed)
   7423 nonzeros

Src: B => Branching; C => Central rounding; F => Feasibility pump; H => Heuristic;
     I => Shifting; J => Feasibility jump; L => Sub-MIP; P => Empty MIP; R => Randomized rounding;
     S => Solve LP; T => Evaluate node; U => Unbounded; X => User solution; Y => HiGHS solution;
     Z => ZI Round; l => Trivial lower; p => Trivial point; u => Trivial upper; z => Trivial zero

        Nodes      |    B&B Tree     |            Objective Bounds              |  Dynamic Constraints |       Work      
Src  Proc. InQueue |  Leaves   Expl. | BestBound       BestSol              Gap |   Cuts   InLp Confl. | LpIters     Time

 J       0       0         0   0.00%   -inf            5.115423043        Large        0      0      0         0     0.4s
 T       0       0         0   0.00%   -0.3117859496   3.212564816      109.71%        0      0      0      1028     0.5s
         1       0         1 100.00%   3.212564816     3.212564816        0.00%        0      0      0      1028     0.5s

Solving report
  Status            Optimal
  Primal bound      3.21256481574
  Dual bound        3.21256481574
  Gap               0% (tolerance: 0.5%)
  P-D integral      0.0399572520418
  Solution status   feasible
                    3.21256481574 (objective)
                    0 (bound viol.)
                    0 (int. viol.)
                    0 (row viol.)
  Timing            0.45
  Max sub-MIP depth 0
  Nodes             1
  Repair LPs        0
  LP iterations     1028
                    0 (strong br.)
                    0 (separation)
                    0 (heuristics)
MIP has 10753 rows; 9409 cols; 25537 nonzeros; 1344 integer variables (1344 binary)
Coefficient ranges:
  Matrix  [2e-01, 2e+00]
  Cost    [1e-02, 6e-02]
  Bound   [1e+00, 1e+00]
  RHS     [7e-05, 4e+00]
WARNING: Problem has some excessively small row bounds
Presolving model
8064 rows, 8692 cols, 22131 nonzeros 0s
6393 rows, 7355 cols, 17787 nonzeros 0s
4584 rows, 5795 cols, 13082 nonzeros 0s
2841 rows, 4079 cols, 8459 nonzeros 0s
2601 rows, 3839 cols, 7979 nonzeros 0s
Presolve reductions: rows 2601(-8152); columns 3839(-5570); nonzeros 7979(-17558) 

Solving MIP model with:
   2601 rows
   3839 cols (385 binary, 0 integer, 0 implied int., 3454 continuous, 0 domain fixed)
   7979 nonzeros

Src: B => Branching; C => Central rounding; F => Feasibility pump; H => Heuristic;
     I => Shifting; J => Feasibility jump; L => Sub-MIP; P => Empty MIP; R => Randomized rounding;
     S => Solve LP; T => Evaluate node; U => Unbounded; X => User solution; Y => HiGHS solution;
     Z => ZI Round; l => Trivial lower; p => Trivial point; u => Trivial upper; z => Trivial zero

        Nodes      |    B&B Tree     |            Objective Bounds              |  Dynamic Constraints |       Work      
Src  Proc. InQueue |  Leaves   Expl. | BestBound       BestSol              Gap |   Cuts   InLp Confl. | LpIters     Time

 J       0       0         0   0.00%   -inf            4.985638846        Large        0      0      0         0     0.4s
 T       0       0         0   0.00%   -0.350593776    3.154864401      111.11%        0      0      0      1100     0.5s
         1       0         1 100.00%   3.154864401     3.154864401        0.00%        0      0      0      1100     0.5s

Solving report
  Status            Optimal
  Primal bound      3.15486440051
  Dual bound        3.15486440051
  Gap               0% (tolerance: 0.5%)
  P-D integral      0.0454942463383
  Solution status   feasible
                    3.15486440051 (objective)
                    0 (bound viol.)
                    0 (int. viol.)
                    0 (row viol.)
  Timing            0.47
  Max sub-MIP depth 0
  Nodes             1
  Repair LPs        0
  LP iterations     1100
                    0 (strong br.)
                    0 (separation)
                    0 (heuristics)
MIP has 10753 rows; 9409 cols; 25537 nonzeros; 1344 integer variables (1344 binary)
Coefficient ranges:
  Matrix  [2e-01, 2e+00]
  Cost    [1e-02, 6e-02]
  Bound   [1e+00, 1e+00]
  RHS     [2e-04, 4e+00]
Presolving model
8064 rows, 8707 cols, 22146 nonzeros 0s
6396 rows, 7373 cols, 17808 nonzeros 0s
4583 rows, 5806 cols, 13092 nonzeros 0s
2894 rows, 4136 cols, 8605 nonzeros 0s
2659 rows, 3901 cols, 8135 nonzeros 0s
Presolve reductions: rows 2659(-8094); columns 3901(-5508); nonzeros 8135(-17402) 

Solving MIP model with:
   2659 rows
   3901 cols (394 binary, 0 integer, 0 implied int., 3507 continuous, 0 domain fixed)
   8135 nonzeros

Src: B => Branching; C => Central rounding; F => Feasibility pump; H => Heuristic;
     I => Shifting; J => Feasibility jump; L => Sub-MIP; P => Empty MIP; R => Randomized rounding;
     S => Solve LP; T => Evaluate node; U => Unbounded; X => User solution; Y => HiGHS solution;
     Z => ZI Round; l => Trivial lower; p => Trivial point; u => Trivial upper; z => Trivial zero

        Nodes      |    B&B Tree     |            Objective Bounds              |  Dynamic Constraints |       Work      
Src  Proc. InQueue |  Leaves   Expl. | BestBound       BestSol              Gap |   Cuts   InLp Confl. | LpIters     Time

 J       0       0         0   0.00%   -inf            4.837894802        Large        0      0      0         0     0.4s
 T       0       0         0   0.00%   -0.4821151622   2.966329379      116.25%        0      0      0      1124     0.5s
         1       0         1 100.00%   2.966329379     2.966329379        0.00%        0      0      0      1124     0.5s

Solving report
  Status            Optimal
  Primal bound      2.96632937906
  Dual bound        2.96632937906
  Gap               0% (tolerance: 0.5%)
  P-D integral      0.0403681099223
  Solution status   feasible
                    2.96632937906 (objective)
                    0 (bound viol.)
                    0 (int. viol.)
                    0 (row viol.)
  Timing            0.46
  Max sub-MIP depth 0
  Nodes             1
  Repair LPs        0
  LP iterations     1124
                    0 (strong br.)
                    0 (separation)
                    0 (heuristics)
MIP has 10753 rows; 9409 cols; 25537 nonzeros; 1344 integer variables (1344 binary)
Coefficient ranges:
  Matrix  [2e-01, 2e+00]
  Cost    [1e-02, 6e-02]
  Bound   [1e+00, 1e+00]
  RHS     [2e-04, 4e+00]
Presolving model
8064 rows, 8724 cols, 22163 nonzeros 0s
6385 rows, 7379 cols, 17803 nonzeros 0s
4552 rows, 5790 cols, 13045 nonzeros 0s
3065 rows, 4272 cols, 9064 nonzeros 0s
2853 rows, 4060 cols, 8640 nonzeros 0s
Presolve reductions: rows 2853(-7900); columns 4060(-5349); nonzeros 8640(-16897) 

Solving MIP model with:
   2853 rows
   4060 cols (432 binary, 0 integer, 0 implied int., 3628 continuous, 0 domain fixed)
   8640 nonzeros

Src: B => Branching; C => Central rounding; F => Feasibility pump; H => Heuristic;
     I => Shifting; J => Feasibility jump; L => Sub-MIP; P => Empty MIP; R => Randomized rounding;
     S => Solve LP; T => Evaluate node; U => Unbounded; X => User solution; Y => HiGHS solution;
     Z => ZI Round; l => Trivial lower; p => Trivial point; u => Trivial upper; z => Trivial zero

        Nodes      |    B&B Tree     |            Objective Bounds              |  Dynamic Constraints |       Work      
Src  Proc. InQueue |  Leaves   Expl. | BestBound       BestSol              Gap |   Cuts   InLp Confl. | LpIters     Time

 J       0       0         0   0.00%   -inf            3.71545095         Large        0      0      0         0     0.4s
 T       0       0         0   0.00%   -1.341653352    1.629081906      182.36%        0      0      0      1162     0.4s
         1       0         1 100.00%   1.629081906     1.629081906        0.00%        0      0      0      1162     0.4s

Solving report
  Status            Optimal
  Primal bound      1.62908190564
  Dual bound        1.62908190564
  Gap               0% (tolerance: 0.5%)
  P-D integral      0.0615798245884
  Solution status   feasible
                    1.62908190564 (objective)
                    0 (bound viol.)
                    0 (int. viol.)
                    0 (row viol.)
  Timing            0.45
  Max sub-MIP depth 0
  Nodes             1
  Repair LPs        0
  LP iterations     1162
                    0 (strong br.)
                    0 (separation)
                    0 (heuristics)
MIP has 10753 rows; 9409 cols; 25537 nonzeros; 1344 integer variables (1344 binary)
Coefficient ranges:
  Matrix  [2e-01, 2e+00]
  Cost    [1e-02, 6e-02]
  Bound   [1e+00, 1e+00]
  RHS     [4e-04, 4e+00]
Presolving model
8064 rows, 8744 cols, 22183 nonzeros 0s
6391 rows, 7405 cols, 17835 nonzeros 0s
4566 rows, 5826 cols, 13095 nonzeros 0s
3198 rows, 4404 cols, 9429 nonzeros 0s
3002 rows, 4193 cols, 9022 nonzeros 0s
Presolve reductions: rows 3002(-7751); columns 4193(-5216); nonzeros 9022(-16515) 

Solving MIP model with:
   3002 rows
   4193 cols (457 binary, 0 integer, 0 implied int., 3736 continuous, 0 domain fixed)
   9022 nonzeros

Src: B => Branching; C => Central rounding; F => Feasibility pump; H => Heuristic;
     I => Shifting; J => Feasibility jump; L => Sub-MIP; P => Empty MIP; R => Randomized rounding;
     S => Solve LP; T => Evaluate node; U => Unbounded; X => User solution; Y => HiGHS solution;
     Z => ZI Round; l => Trivial lower; p => Trivial point; u => Trivial upper; z => Trivial zero

        Nodes      |    B&B Tree     |            Objective Bounds              |  Dynamic Constraints |       Work      
Src  Proc. InQueue |  Leaves   Expl. | BestBound       BestSol              Gap |   Cuts   InLp Confl. | LpIters     Time

 J       0       0         0   0.00%   -inf            2.569185689        Large        0      0      0         0     0.4s
 T       0       0         0   0.00%   -1.933325954    0.5714802964     438.30%        0      0      0      1219     0.5s
         1       0         1 100.00%   0.5714802964    0.5714802964       0.00%        0      0      0      1219     0.5s

Solving report
  Status            Optimal
  Primal bound      0.571480296444
  Dual bound        0.571480296444
  Gap               0% (tolerance: 0.5%)
  P-D integral      0.0828703295088
  Solution status   feasible
                    0.571480296444 (objective)
                    0 (bound viol.)
                    0 (int. viol.)
                    0 (row viol.)
  Timing            0.48
  Max sub-MIP depth 0
  Nodes             1
  Repair LPs        0
  LP iterations     1219
                    0 (strong br.)
                    0 (separation)
                    0 (heuristics)
MIP has 10753 rows; 9409 cols; 25537 nonzeros; 1344 integer variables (1344 binary)
Coefficient ranges:
  Matrix  [2e-01, 2e+00]
  Cost    [1e-02, 6e-02]
  Bound   [1e+00, 1e+00]
  RHS     [8e-05, 4e+00]
WARNING: Problem has some excessively small row bounds
Presolving model
8064 rows, 8764 cols, 22203 nonzeros 0s
6393 rows, 7427 cols, 17859 nonzeros 0s
4575 rows, 5850 cols, 13128 nonzeros 0s
3210 rows, 4434 cols, 9463 nonzeros 0s
3021 rows, 4230 cols, 9070 nonzeros 0s
Presolve reductions: rows 3021(-7732); columns 4230(-5179); nonzeros 9070(-16467) 

Solving MIP model with:
   3021 rows
   4230 cols (455 binary, 0 integer, 0 implied int., 3775 continuous, 0 domain fixed)
   9070 nonzeros

Src: B => Branching; C => Central rounding; F => Feasibility pump; H => Heuristic;
     I => Shifting; J => Feasibility jump; L => Sub-MIP; P => Empty MIP; R => Randomized rounding;
     S => Solve LP; T => Evaluate node; U => Unbounded; X => User solution; Y => HiGHS solution;
     Z => ZI Round; l => Trivial lower; p => Trivial point; u => Trivial upper; z => Trivial zero

        Nodes      |    B&B Tree     |            Objective Bounds              |  Dynamic Constraints |       Work      
Src  Proc. InQueue |  Leaves   Expl. | BestBound       BestSol              Gap |   Cuts   InLp Confl. | LpIters     Time

 J       0       0         0   0.00%   -inf            2.426906996        Large        0      0      0         0     0.4s
 T       0       0         0   0.00%   -2.104901222    0.2824747795     845.16%        0      0      0      1238     0.5s
         1       0         1 100.00%   0.2824747795    0.2824747795       0.00%        0      0      0      1238     0.5s

Solving report
  Status            Optimal
  Primal bound      0.282474779485
  Dual bound        0.282474779485
  Gap               0% (tolerance: 0.5%)
  P-D integral      0.0927629637416
  Solution status   feasible
                    0.282474779485 (objective)
                    0 (bound viol.)
                    0 (int. viol.)
                    0 (row viol.)
  Timing            0.49
  Max sub-MIP depth 0
  Nodes             1
  Repair LPs        0
  LP iterations     1238
                    0 (strong br.)
                    0 (separation)
                    0 (heuristics)
MIP has 10753 rows; 9409 cols; 25537 nonzeros; 1344 integer variables (1344 binary)
Coefficient ranges:
  Matrix  [2e-01, 2e+00]
  Cost    [5e-03, 6e-02]
  Bound   [1e+00, 1e+00]
  RHS     [8e-05, 4e+00]
WARNING: Problem has some excessively small row bounds
Presolving model
8064 rows, 8776 cols, 22215 nonzeros 0s
6402 rows, 7448 cols, 17889 nonzeros 0s
4597 rows, 5892 cols, 13192 nonzeros 0s
3225 rows, 4481 cols, 9521 nonzeros 0s
3033 rows, 4289 cols, 9137 nonzeros 0s
Presolve reductions: rows 3033(-7720); columns 4289(-5120); nonzeros 9137(-16400) 

Solving MIP model with:
   3033 rows
   4289 cols (454 binary, 0 integer, 0 implied int., 3835 continuous, 0 domain fixed)
   9137 nonzeros

Src: B => Branching; C => Central rounding; F => Feasibility pump; H => Heuristic;
     I => Shifting; J => Feasibility jump; L => Sub-MIP; P => Empty MIP; R => Randomized rounding;
     S => Solve LP; T => Evaluate node; U => Unbounded; X => User solution; Y => HiGHS solution;
     Z => ZI Round; l => Trivial lower; p => Trivial point; u => Trivial upper; z => Trivial zero

        Nodes      |    B&B Tree     |            Objective Bounds              |  Dynamic Constraints |       Work      
Src  Proc. InQueue |  Leaves   Expl. | BestBound       BestSol              Gap |   Cuts   InLp Confl. | LpIters     Time

 J       0       0         0   0.00%   -inf            2.800651869        Large        0      0      0         0     0.4s
 T       0       0         0   0.00%   -1.760541123    0.8209510371     314.45%        0      0      0      1267     0.5s
         1       0         1 100.00%   0.8209510371    0.8209510371       0.00%        0      0      0      1267     0.5s

Solving report
  Status            Optimal
  Primal bound      0.820951037123
  Dual bound        0.820951037123
  Gap               0% (tolerance: 0.5%)
  P-D integral      0.0827492657789
  Solution status   feasible
                    0.820951037123 (objective)
                    0 (bound viol.)
                    0 (int. viol.)
                    0 (row viol.)
  Timing            0.49
  Max sub-MIP depth 0
  Nodes             1
  Repair LPs        0
  LP iterations     1267
                    0 (strong br.)
                    0 (separation)
                    0 (heuristics)
MIP has 10753 rows; 9409 cols; 25537 nonzeros; 1344 integer variables (1344 binary)
Coefficient ranges:
  Matrix  [2e-01, 2e+00]
  Cost    [5e-03, 6e-02]
  Bound   [1e+00, 1e+00]
  RHS     [4e-04, 4e+00]
Presolving model
8064 rows, 8786 cols, 22225 nonzeros 0s
6397 rows, 7453 cols, 17889 nonzeros 0s
4567 rows, 5864 cols, 13134 nonzeros 0s
3349 rows, 4560 cols, 9840 nonzeros 0s
3187 rows, 4398 cols, 9516 nonzeros 0s
Presolve reductions: rows 3187(-7566); columns 4398(-5011); nonzeros 9516(-16021) 

Solving MIP model with:
   3187 rows
   4398 cols (483 binary, 0 integer, 0 implied int., 3915 continuous, 0 domain fixed)
   9516 nonzeros

Src: B => Branching; C => Central rounding; F => Feasibility pump; H => Heuristic;
     I => Shifting; J => Feasibility jump; L => Sub-MIP; P => Empty MIP; R => Randomized rounding;
     S => Solve LP; T => Evaluate node; U => Unbounded; X => User solution; Y => HiGHS solution;
     Z => ZI Round; l => Trivial lower; p => Trivial point; u => Trivial upper; z => Trivial zero

        Nodes      |    B&B Tree     |            Objective Bounds              |  Dynamic Constraints |       Work      
Src  Proc. InQueue |  Leaves   Expl. | BestBound       BestSol              Gap |   Cuts   InLp Confl. | LpIters     Time

 J       0       0         0   0.00%   -inf            2.867959291        Large        0      0      0         0     0.5s
 T       0       0         0   0.00%   -1.547149012    1.06741389       244.94%        0      0      0      1324     0.5s
         1       0         1 100.00%   1.06741389      1.06741389         0.00%        0      0      0      1324     0.5s

Solving report
  Status            Optimal
  Primal bound      1.0674138905
  Dual bound        1.0674138905
  Gap               0% (tolerance: 0.5%)
  P-D integral      0.0728417372275
  Solution status   feasible
                    1.0674138905 (objective)
                    0 (bound viol.)
                    0 (int. viol.)
                    0 (row viol.)
  Timing            0.51
  Max sub-MIP depth 0
  Nodes             1
  Repair LPs        0
  LP iterations     1324
                    0 (strong br.)
                    0 (separation)
                    0 (heuristics)
MIP has 10753 rows; 9409 cols; 25537 nonzeros; 1344 integer variables (1344 binary)
Coefficient ranges:
  Matrix  [2e-01, 2e+00]
  Cost    [5e-03, 6e-02]
  Bound   [1e+00, 1e+00]
  RHS     [4e-04, 4e+00]
Presolving model
8064 rows, 8808 cols, 22247 nonzeros 0s
6392 rows, 7470 cols, 17901 nonzeros 0s
4554 rows, 5879 cols, 13136 nonzeros 0s
3540 rows, 4711 cols, 10346 nonzeros 0s
3407 rows, 4576 cols, 10078 nonzeros 0s
Presolve reductions: rows 3407(-7346); columns 4576(-4833); nonzeros 10078(-15459) 

Solving MIP model with:
   3407 rows
   4576 cols (524 binary, 0 integer, 0 implied int., 4052 continuous, 0 domain fixed)
   10078 nonzeros

Src: B => Branching; C => Central rounding; F => Feasibility pump; H => Heuristic;
     I => Shifting; J => Feasibility jump; L => Sub-MIP; P => Empty MIP; R => Randomized rounding;
     S => Solve LP; T => Evaluate node; U => Unbounded; X => User solution; Y => HiGHS solution;
     Z => ZI Round; l => Trivial lower; p => Trivial point; u => Trivial upper; z => Trivial zero

        Nodes      |    B&B Tree     |            Objective Bounds              |  Dynamic Constraints |       Work      
Src  Proc. InQueue |  Leaves   Expl. | BestBound       BestSol              Gap |   Cuts   InLp Confl. | LpIters     Time

 J       0       0         0   0.00%   -inf            2.474176891        Large        0      0      0         0     0.4s
 T       0       0         0   0.00%   -1.831522953    0.4617509892     496.65%        0      0      0      1377     0.5s
         1       0         1 100.00%   0.4617509892    0.4617509892       0.00%        0      0      0      1377     0.5s

Solving report
  Status            Optimal
  Primal bound      0.461750989236
  Dual bound        0.461750989236
  Gap               0% (tolerance: 0.5%)
  P-D integral      0.0844723291599
  Solution status   feasible
                    0.461750989236 (objective)
                    0 (bound viol.)
                    0 (int. viol.)
                    0 (row viol.)
  Timing            0.49
  Max sub-MIP depth 0
  Nodes             1
  Repair LPs        0
  LP iterations     1377
                    0 (strong br.)
                    0 (separation)
                    0 (heuristics)
MIP has 10753 rows; 9409 cols; 25537 nonzeros; 1344 integer variables (1344 binary)
Coefficient ranges:
  Matrix  [2e-01, 2e+00]
  Cost    [5e-03, 6e-02]
  Bound   [1e+00, 1e+00]
  RHS     [2e-04, 4e+00]
Presolving model
8064 rows, 8828 cols, 22267 nonzeros 0s
6376 rows, 7474 cols, 17885 nonzeros 0s
4541 rows, 5857 cols, 13093 nonzeros 0s
3668 rows, 4831 cols, 10696 nonzeros 0s
3558 rows, 4721 cols, 10476 nonzeros 0s
Presolve reductions: rows 3558(-7195); columns 4721(-4688); nonzeros 10476(-15061) 

Solving MIP model with:
   3558 rows
   4721 cols (550 binary, 0 integer, 0 implied int., 4171 continuous, 0 domain fixed)
   10476 nonzeros

Src: B => Branching; C => Central rounding; F => Feasibility pump; H => Heuristic;
     I => Shifting; J => Feasibility jump; L => Sub-MIP; P => Empty MIP; R => Randomized rounding;
     S => Solve LP; T => Evaluate node; U => Unbounded; X => User solution; Y => HiGHS solution;
     Z => ZI Round; l => Trivial lower; p => Trivial point; u => Trivial upper; z => Trivial zero

        Nodes      |    B&B Tree     |            Objective Bounds              |  Dynamic Constraints |       Work      
Src  Proc. InQueue |  Leaves   Expl. | BestBound       BestSol              Gap |   Cuts   InLp Confl. | LpIters     Time

 J       0       0         0   0.00%   -inf            1.907565588        Large        0      0      0         0     0.5s
 T       0       0         0   0.00%   -2.177849096    0.1674009506    1400.98%        0      0      0      1416     0.5s
         1       0         1 100.00%   0.1674009506    0.1674009506       0.00%        0      0      0      1416     0.5s

Solving report
  Status            Optimal
  Primal bound      0.167400950627
  Dual bound        0.167400950627
  Gap               0% (tolerance: 0.5%)
  P-D integral      0.113246096608
  Solution status   feasible
                    0.167400950627 (objective)
                    0 (bound viol.)
                    0 (int. viol.)
                    0 (row viol.)
  Timing            0.53
  Max sub-MIP depth 0
  Nodes             1
  Repair LPs        0
  LP iterations     1416
                    0 (strong br.)
                    0 (separation)
                    0 (heuristics)
MIP has 10753 rows; 9409 cols; 25537 nonzeros; 1344 integer variables (1344 binary)
Coefficient ranges:
  Matrix  [2e-01, 2e+00]
  Cost    [5e-03, 6e-02]
  Bound   [1e+00, 1e+00]
  RHS     [2e-04, 4e+00]
Presolving model
8064 rows, 8843 cols, 22282 nonzeros 0s
6375 rows, 7488 cols, 17902 nonzeros 0s
4520 rows, 5856 cols, 13079 nonzeros 0s
3834 rows, 4934 cols, 11155 nonzeros 0s
3798 rows, 4898 cols, 11083 nonzeros 0s
Presolve reductions: rows 3798(-6955); columns 4898(-4511); nonzeros 11083(-14454) 

Solving MIP model with:
   3798 rows
   4898 cols (597 binary, 0 integer, 0 implied int., 4301 continuous, 0 domain fixed)
   11083 nonzeros

Src: B => Branching; C => Central rounding; F => Feasibility pump; H => Heuristic;
     I => Shifting; J => Feasibility jump; L => Sub-MIP; P => Empty MIP; R => Randomized rounding;
     S => Solve LP; T => Evaluate node; U => Unbounded; X => User solution; Y => HiGHS solution;
     Z => ZI Round; l => Trivial lower; p => Trivial point; u => Trivial upper; z => Trivial zero

        Nodes      |    B&B Tree     |            Objective Bounds              |  Dynamic Constraints |       Work      
Src  Proc. InQueue |  Leaves   Expl. | BestBound       BestSol              Gap |   Cuts   InLp Confl. | LpIters     Time

 J       0       0         0   0.00%   -inf            1.224253975        Large        0      0      0         0     0.5s
 T       0       0         0   0.00%   -3.026606175    -0.8629656761    250.72%        0      0      0      1467     0.5s
         1       0         1 100.00%   -0.8629656761   -0.8629656761      0.00%        0      0      0      1467     0.5s

Solving report
  Status            Optimal
  Primal bound      -0.862965676115
  Dual bound        -0.862965676115
  Gap               0% (tolerance: 0.5%)
  P-D integral      0.209017447499
  Solution status   feasible
                    -0.862965676115 (objective)
                    0 (bound viol.)
                    0 (int. viol.)
                    0 (row viol.)
  Timing            0.53
  Max sub-MIP depth 0
  Nodes             1
  Repair LPs        0
  LP iterations     1467
                    0 (strong br.)
                    0 (separation)
                    0 (heuristics)
MIP has 10753 rows; 9409 cols; 25537 nonzeros; 1344 integer variables (1344 binary)
Coefficient ranges:
  Matrix  [2e-01, 2e+00]
  Cost    [5e-03, 6e-02]
  Bound   [1e+00, 1e+00]
  RHS     [6e-05, 4e+00]
WARNING: Problem has some excessively small row bounds
Presolving model
8064 rows, 8854 cols, 22293 nonzeros 0s
6372 rows, 7496 cols, 17907 nonzeros 0s
4522 rows, 5869 cols, 13094 nonzeros 0s
3853 rows, 4968 cols, 11188 nonzeros 0s
3778 rows, 4893 cols, 11038 nonzeros 0s
Presolve reductions: rows 3778(-6975); columns 4893(-4516); nonzeros 11038(-14499) 

Solving MIP model with:
   3778 rows
   4893 cols (592 binary, 0 integer, 0 implied int., 4301 continuous, 0 domain fixed)
   11038 nonzeros

Src: B => Branching; C => Central rounding; F => Feasibility pump; H => Heuristic;
     I => Shifting; J => Feasibility jump; L => Sub-MIP; P => Empty MIP; R => Randomized rounding;
     S => Solve LP; T => Evaluate node; U => Unbounded; X => User solution; Y => HiGHS solution;
     Z => ZI Round; l => Trivial lower; p => Trivial point; u => Trivial upper; z => Trivial zero

        Nodes      |    B&B Tree     |            Objective Bounds              |  Dynamic Constraints |       Work      
Src  Proc. InQueue |  Leaves   Expl. | BestBound       BestSol              Gap |   Cuts   InLp Confl. | LpIters     Time

 J       0       0         0   0.00%   -inf            1.575787279        Large        0      0      0         0     0.5s
 T       0       0         0   0.00%   -2.933960523    -0.8205112332    257.58%        0      0      0      1456     0.6s
         1       0         1 100.00%   -0.8205112332   -0.8205112332      0.00%        0      0      0      1456     0.6s

Solving report
  Status            Optimal
  Primal bound      -0.82051123317
  Dual bound        -0.82051123317
  Gap               0% (tolerance: 0.5%)
  P-D integral      0.176367596067
  Solution status   feasible
                    -0.82051123317 (objective)
                    0 (bound viol.)
                    0 (int. viol.)
                    0 (row viol.)
  Timing            0.59
  Max sub-MIP depth 0
  Nodes             1
  Repair LPs        0
  LP iterations     1456
                    0 (strong br.)
                    0 (separation)
                    0 (heuristics)
MIP has 10753 rows; 9409 cols; 25537 nonzeros; 1344 integer variables (1344 binary)
Coefficient ranges:
  Matrix  [2e-01, 2e+00]
  Cost    [5e-03, 6e-02]
  Bound   [1e+00, 1e+00]
  RHS     [6e-05, 4e+00]
WARNING: Problem has some excessively small row bounds
Presolving model
8064 rows, 8869 cols, 22308 nonzeros 0s
6377 rows, 7516 cols, 17928 nonzeros 0s
4537 rows, 5890 cols, 13122 nonzeros 0s
3841 rows, 4995 cols, 11213 nonzeros 0s
3801 rows, 4955 cols, 11133 nonzeros 0s
Presolve reductions: rows 3801(-6952); columns 4955(-4454); nonzeros 11133(-14404) 

Solving MIP model with:
   3801 rows
   4955 cols (595 binary, 0 integer, 0 implied int., 4360 continuous, 0 domain fixed)
   11133 nonzeros

Src: B => Branching; C => Central rounding; F => Feasibility pump; H => Heuristic;
     I => Shifting; J => Feasibility jump; L => Sub-MIP; P => Empty MIP; R => Randomized rounding;
     S => Solve LP; T => Evaluate node; U => Unbounded; X => User solution; Y => HiGHS solution;
     Z => ZI Round; l => Trivial lower; p => Trivial point; u => Trivial upper; z => Trivial zero

        Nodes      |    B&B Tree     |            Objective Bounds              |  Dynamic Constraints |       Work      
Src  Proc. InQueue |  Leaves   Expl. | BestBound       BestSol              Gap |   Cuts   InLp Confl. | LpIters     Time

 J       0       0         0   0.00%   -inf            1.324231412        Large        0      0      0         0     0.5s
 T       0       0         0   0.00%   -3.01629395     -0.9453865275    219.05%        0      0      0      1474     0.6s
         1       0         1 100.00%   -0.9453865275   -0.9453865275      0.00%        0      0      0      1474     0.6s

Solving report
  Status            Optimal
  Primal bound      -0.945386527506
  Dual bound        -0.945386527506
  Gap               0% (tolerance: 0.5%)
  P-D integral      0.203230718236
  Solution status   feasible
                    -0.945386527506 (objective)
                    0 (bound viol.)
                    0 (int. viol.)
                    0 (row viol.)
  Timing            0.58
  Max sub-MIP depth 0
  Nodes             1
  Repair LPs        0
  LP iterations     1474
                    0 (strong br.)
                    0 (separation)
                    0 (heuristics)
MIP has 10753 rows; 9409 cols; 25537 nonzeros; 1344 integer variables (1344 binary)
Coefficient ranges:
  Matrix  [2e-01, 2e+00]
  Cost    [1e-02, 6e-02]
  Bound   [1e+00, 1e+00]
  RHS     [4e-04, 4e+00]
Presolving model
8064 rows, 8887 cols, 22326 nonzeros 0s
6365 rows, 7522 cols, 17926 nonzeros 0s
4508 rows, 5879 cols, 13090 nonzeros 0s
4268 rows, 5316 cols, 12287 nonzeros 0s
Presolve reductions: rows 4268(-6485); columns 5316(-4093); nonzeros 12287(-13250) 

Solving MIP model with:
   4268 rows
   5316 cols (676 binary, 0 integer, 0 implied int., 4640 continuous, 0 domain fixed)
   12287 nonzeros

Src: B => Branching; C => Central rounding; F => Feasibility pump; H => Heuristic;
     I => Shifting; J => Feasibility jump; L => Sub-MIP; P => Empty MIP; R => Randomized rounding;
     S => Solve LP; T => Evaluate node; U => Unbounded; X => User solution; Y => HiGHS solution;
     Z => ZI Round; l => Trivial lower; p => Trivial point; u => Trivial upper; z => Trivial zero

        Nodes      |    B&B Tree     |            Objective Bounds              |  Dynamic Constraints |       Work      
Src  Proc. InQueue |  Leaves   Expl. | BestBound       BestSol              Gap |   Cuts   InLp Confl. | LpIters     Time

         0       0         0   0.00%   -5.869374537    inf                  inf        0      0      0         0     0.5s
         0       0         0   0.00%   -2.284914748    inf                  inf        0      0      2      1746     0.5s
 R       0       0         0   0.00%   -2.284914748    -2.284914748       0.00%        0      0      2      1777     0.6s
         1       0         1 100.00%   -2.284914748    -2.284914748       0.00%        0      0      2      1777     0.6s

Solving report
  Status            Optimal
  Primal bound      -2.28491474848
  Dual bound        -2.28491474848
  Gap               0% (tolerance: 0.5%)
  P-D integral      3.48365513247e-19
  Solution status   feasible
                    -2.28491474848 (objective)
                    0 (bound viol.)
                    0 (int. viol.)
                    0 (row viol.)
  Timing            0.59
  Max sub-MIP depth 0
  Nodes             1
  Repair LPs        0
  LP iterations     1777
                    0 (strong br.)
                    31 (separation)
                    0 (heuristics)
MIP has 10753 rows; 9409 cols; 25537 nonzeros; 1344 integer variables (1344 binary)
Coefficient ranges:
  Matrix  [2e-01, 2e+00]
  Cost    [1e-02, 6e-02]
  Bound   [1e+00, 1e+00]
  RHS     [2e-04, 4e+00]
Presolving model
8064 rows, 8895 cols, 22334 nonzeros 0s
6369 rows, 7532 cols, 17940 nonzeros 0s
4498 rows, 5866 cols, 13063 nonzeros 0s
4090 rows, 5165 cols, 11848 nonzeros 0s
Presolve reductions: rows 4090(-6663); columns 5165(-4244); nonzeros 11848(-13689) 

Solving MIP model with:
   4090 rows
   5165 cols (649 binary, 0 integer, 0 implied int., 4516 continuous, 0 domain fixed)
   11848 nonzeros

Src: B => Branching; C => Central rounding; F => Feasibility pump; H => Heuristic;
     I => Shifting; J => Feasibility jump; L => Sub-MIP; P => Empty MIP; R => Randomized rounding;
     S => Solve LP; T => Evaluate node; U => Unbounded; X => User solution; Y => HiGHS solution;
     Z => ZI Round; l => Trivial lower; p => Trivial point; u => Trivial upper; z => Trivial zero

        Nodes      |    B&B Tree     |            Objective Bounds              |  Dynamic Constraints |       Work      
Src  Proc. InQueue |  Leaves   Expl. | BestBound       BestSol              Gap |   Cuts   InLp Confl. | LpIters     Time

 J       0       0         0   0.00%   -inf            0.2011690562       Large        0      0      0         0     0.5s
 T       0       0         0   0.00%   -4.153195311    -2.282609503      81.95%        0      0      0      1534     0.6s
         1       0         1 100.00%   -2.282609503    -2.282609503       0.00%        0      0      0      1534     0.6s

Solving report
  Status            Optimal
  Primal bound      -2.28260950328
  Dual bound        -2.28260950328
  Gap               0% (tolerance: 0.5%)
  P-D integral      1.3647266734
  Solution status   feasible
                    -2.28260950328 (objective)
                    0 (bound viol.)
                    0 (int. viol.)
                    0 (row viol.)
  Timing            0.61
  Max sub-MIP depth 0
  Nodes             1
  Repair LPs        0
  LP iterations     1534
                    0 (strong br.)
                    0 (separation)
                    0 (heuristics)
MIP has 10753 rows; 9409 cols; 25537 nonzeros; 1344 integer variables (1344 binary)
Coefficient ranges:
  Matrix  [2e-01, 2e+00]
  Cost    [5e-03, 6e-02]
  Bound   [1e+00, 1e+00]
  RHS     [2e-04, 4e+00]
Presolving model
8064 rows, 8904 cols, 22343 nonzeros 0s
6372 rows, 7544 cols, 17955 nonzeros 0s
4511 rows, 5891 cols, 13101 nonzeros 0s
4274 rows, 5342 cols, 12311 nonzeros 0s
Presolve reductions: rows 4274(-6479); columns 5342(-4067); nonzeros 12311(-13226) 

Solving MIP model with:
   4274 rows
   5342 cols (674 binary, 0 integer, 0 implied int., 4668 continuous, 0 domain fixed)
   12311 nonzeros

Src: B => Branching; C => Central rounding; F => Feasibility pump; H => Heuristic;
     I => Shifting; J => Feasibility jump; L => Sub-MIP; P => Empty MIP; R => Randomized rounding;
     S => Solve LP; T => Evaluate node; U => Unbounded; X => User solution; Y => HiGHS solution;
     Z => ZI Round; l => Trivial lower; p => Trivial point; u => Trivial upper; z => Trivial zero

        Nodes      |    B&B Tree     |            Objective Bounds              |  Dynamic Constraints |       Work      
Src  Proc. InQueue |  Leaves   Expl. | BestBound       BestSol              Gap |   Cuts   InLp Confl. | LpIters     Time

         0       0         0   0.00%   -5.225093022    inf                  inf        0      0      0         0     0.5s
         0       0         0   0.00%   -1.645797215    inf                  inf        0      0      2      1734     0.6s
 R       0       0         0   0.00%   -1.645797215    -1.645797215       0.00%        0      0      2      1765     0.6s
         1       0         1 100.00%   -1.645797215    -1.645797215       0.00%        0      0      2      1765     0.6s

Solving report
  Status            Optimal
  Primal bound      -1.64579721454
  Dual bound        -1.64579721454
  Gap               0% (tolerance: 0.5%)
  P-D integral      5.17754173226e-19
  Solution status   feasible
                    -1.64579721454 (objective)
                    0 (bound viol.)
                    0 (int. viol.)
                    0 (row viol.)
  Timing            0.65
  Max sub-MIP depth 0
  Nodes             1
  Repair LPs        0
  LP iterations     1765
                    0 (strong br.)
                    31 (separation)
                    0 (heuristics)
MIP has 10753 rows; 9409 cols; 25537 nonzeros; 1344 integer variables (1344 binary)
Coefficient ranges:
  Matrix  [2e-01, 2e+00]
  Cost    [5e-03, 6e-02]
  Bound   [1e+00, 1e+00]
  RHS     [2e-04, 4e+00]
Presolving model
8064 rows, 8914 cols, 22353 nonzeros 0s
6374 rows, 7558 cols, 17971 nonzeros 0s
4519 rows, 5917 cols, 13139 nonzeros 0s
4234 rows, 5309 cols, 12218 nonzeros 0s
Presolve reductions: rows 4234(-6519); columns 5309(-4100); nonzeros 12218(-13319) 

Solving MIP model with:
   4234 rows
   5309 cols (669 binary, 0 integer, 0 implied int., 4640 continuous, 0 domain fixed)
   12218 nonzeros

Src: B => Branching; C => Central rounding; F => Feasibility pump; H => Heuristic;
     I => Shifting; J => Feasibility jump; L => Sub-MIP; P => Empty MIP; R => Randomized rounding;
     S => Solve LP; T => Evaluate node; U => Unbounded; X => User solution; Y => HiGHS solution;
     Z => ZI Round; l => Trivial lower; p => Trivial point; u => Trivial upper; z => Trivial zero

        Nodes      |    B&B Tree     |            Objective Bounds              |  Dynamic Constraints |       Work      
Src  Proc. InQueue |  Leaves   Expl. | BestBound       BestSol              Gap |   Cuts   InLp Confl. | LpIters     Time

 J       0       0         0   0.00%   -inf            1.176230422        Large        0      0      0         0     0.5s
         0       0         0   0.00%   -1.66495978     1.176230422      241.55%        0      0      2      1643     0.6s
 C       0       0         0   0.00%   -1.66495978     -1.66495978        0.00%        0      0      2      1651     0.8s
         1       0         1 100.00%   -1.66495978     -1.66495978        0.00%        0      0      2      1651     0.8s

Solving report
  Status            Optimal
  Primal bound      -1.66495977953
  Dual bound        -1.66495977953
  Gap               0% (tolerance: 0.5%)
  P-D integral      0.730693976524
  Solution status   feasible
                    -1.66495977953 (objective)
                    0 (bound viol.)
                    0 (int. viol.)
                    0 (row viol.)
  Timing            0.77
  Max sub-MIP depth 0
  Nodes             1
  Repair LPs        0
  LP iterations     1651
                    0 (strong br.)
                    8 (separation)
                    0 (heuristics)
MIP has 10753 rows; 9409 cols; 25537 nonzeros; 1344 integer variables (1344 binary)
Coefficient ranges:
  Matrix  [2e-01, 2e+00]
  Cost    [1e-02, 6e-02]
  Bound   [1e+00, 1e+00]
  RHS     [2e-04, 4e+00]
Presolving model
8064 rows, 8907 cols, 22346 nonzeros 0s
6380 rows, 7555 cols, 17974 nonzeros 0s
4528 rows, 5914 cols, 13141 nonzeros 0s
4010 rows, 5157 cols, 11676 nonzeros 0s
Presolve reductions: rows 4010(-6743); columns 5157(-4252); nonzeros 11676(-13861) 

Solving MIP model with:
   4010 rows
   5157 cols (628 binary, 0 integer, 0 implied int., 4529 continuous, 0 domain fixed)
   11676 nonzeros

Src: B => Branching; C => Central rounding; F => Feasibility pump; H => Heuristic;
     I => Shifting; J => Feasibility jump; L => Sub-MIP; P => Empty MIP; R => Randomized rounding;
     S => Solve LP; T => Evaluate node; U => Unbounded; X => User solution; Y => HiGHS solution;
     Z => ZI Round; l => Trivial lower; p => Trivial point; u => Trivial upper; z => Trivial zero

        Nodes      |    B&B Tree     |            Objective Bounds              |  Dynamic Constraints |       Work      
Src  Proc. InQueue |  Leaves   Expl. | BestBound       BestSol              Gap |   Cuts   InLp Confl. | LpIters     Time

 J       0       0         0   0.00%   -inf            1.563672249        Large        0      0      0         0     0.5s
 T       0       0         0   0.00%   -3.302193471    -0.9322785042    254.21%        0      0      0      1543     0.6s
         1       0         1 100.00%   -0.9322785042   -0.9322785042      0.00%        0      0      0      1543     0.6s

Solving report
  Status            Optimal
  Primal bound      -0.93227850415
  Dual bound        -0.93227850415
  Gap               0% (tolerance: 0.5%)
  P-D integral      0.183464755089
  Solution status   feasible
                    -0.93227850415 (objective)
                    0 (bound viol.)
                    0 (int. viol.)
                    0 (row viol.)
  Timing            0.58
  Max sub-MIP depth 0
  Nodes             1
  Repair LPs        0
  LP iterations     1543
                    0 (strong br.)
                    0 (separation)
                    0 (heuristics)
MIP has 10754 rows; 9409 cols; 25538 nonzeros; 1344 integer variables (1344 binary)
Coefficient ranges:
  Matrix  [2e-01, 2e+00]
  Cost    [1e-02, 6e-02]
  Bound   [1e+00, 1e+00]
  RHS     [2e-04, 4e+00]
Presolving model
8064 rows, 8950 cols, 22389 nonzeros 0s
6383 rows, 7601 cols, 18023 nonzeros 0s
4553 rows, 5966 cols, 13226 nonzeros 0s
4208 rows, 5372 cols, 12205 nonzeros 0s
Presolve reductions: rows 4208(-6546); columns 5372(-4037); nonzeros 12205(-13333) 

Solving MIP model with:
   4208 rows
   5372 cols (657 binary, 0 integer, 0 implied int., 4715 continuous, 0 domain fixed)
   12205 nonzeros

Src: B => Branching; C => Central rounding; F => Feasibility pump; H => Heuristic;
     I => Shifting; J => Feasibility jump; L => Sub-MIP; P => Empty MIP; R => Randomized rounding;
     S => Solve LP; T => Evaluate node; U => Unbounded; X => User solution; Y => HiGHS solution;
     Z => ZI Round; l => Trivial lower; p => Trivial point; u => Trivial upper; z => Trivial zero

        Nodes      |    B&B Tree     |            Objective Bounds              |  Dynamic Constraints |       Work      
Src  Proc. InQueue |  Leaves   Expl. | BestBound       BestSol              Gap |   Cuts   InLp Confl. | LpIters     Time

         0       0         0   0.00%   -2.508305778    inf                  inf        0      0      0         0     0.6s
 T       0       0         0   0.00%   -2.508305778    -0.1432295968   1651.25%        0      0      0      1634     0.7s
         1       0         1 100.00%   -0.1432295968   -0.1432295968      0.00%        0      0      0      1634     0.7s

Solving report
  Status            Optimal
  Primal bound      -0.143229596841
  Dual bound        -0.143229596841
  Gap               0% (tolerance: 0.5%)
  P-D integral      0.00311260282391
  Solution status   feasible
                    -0.143229596841 (objective)
                    0 (bound viol.)
                    0 (int. viol.)
                    0 (row viol.)
  Timing            0.65
  Max sub-MIP depth 0
  Nodes             1
  Repair LPs        0
  LP iterations     1634
                    0 (strong br.)
                    0 (separation)
                    0 (heuristics)
