t,Load,PV,P_imp,P_exp,P_ch,P_dis,P_curt,E,c_grid,c_sell
1,0.07848298350440862,0.0,0.0,0.0,0.0,0.07848298350440862,0.0,4.917386333153254,0.27,0.06
2,0.05123427972850138,0.0,0.0,0.0,0.0,0.05123427972850138,0.0,4.863455512386411,0.27,0.06
3,0.054107388632674,0.0,0.0,0.0,0.0,0.054107388632674,0.0,4.80650036645728,0.27,0.06
4,0.10584489330739799,0.0,0.0,0.0,0.0,0.10584489330739799,0.0,4.6950846892915985,0.27,0.06
5,0.1466740114532506,0.0,0.0,0.0,0.0,0.1466740114532506,0.0,4.540690993025019,0.27,0.06
6,0.023456367154711593,0.0,0.0,0.0,0.0,0.023456367154711593,0.0,4.516000080230586,0.27,0.06
7,0.05372037287226836,0.0,0.0,0.0,0.0,0.05372037287226836,0.0,4.459452319312409,0.27,0.06
8,0.023975652471558202,0.0,0.0,6.938893903907228e-18,0.0,0.02397565247155821,0.0,4.43421479039498,0.27,0.06
9,0.02912202196569827,0.00528205411814838,0.0,0.0,0.0,0.023839967847549888,0.0,4.409120087397558,0.27,0.06
10,0.041012833117138166,0.025261997956361797,0.0,0.0,0.0,0.01575083516077637,0.0,4.39254026091253,0.27,0.06
11,0.022037570510795045,0.04547159632145124,0.0,0.0,0.023434025810656192,0.0,0.0,4.414802585432653,0.27,0.06
12,0.0681770567321201,0.20485183797340664,0.0,0.0,0.13667478124128654,0.0,0.0,4.544643627611876,0.27,0.06
13,0.14748238344133144,0.3073236878654849,0.0,0.0,0.15984130442415348,0.0,0.0,4.696492866814822,0.27,0.06
14,0.04903440066935317,0.33750029269699355,0.0,-0.0,0.2884658920276404,0.0,0.0,4.97053546424108,0.27,0.06
15,0.04255188668255727,0.14036484682662115,0.0,-0.0,0.09781296014406388,0.0,0.0,5.063457776377941,0.27,0.06
16,0.03331208126104907,0.11983373212390534,0.0,-0.0,0.08652165086285626,0.0,0.0,5.145653344697655,0.27,0.06
17,0.025362850662702083,0.0490542069407171,0.0,-0.0,0.023691356278015014,0.0,0.0,5.168160133161769,0.27,0.06
18,0.040509216454558974,0.018739809393082934,0.0,0.0,0.0,0.02176940706147604,0.0,5.145244967833899,0.27,0.06
19,0.02413743132686951,0.0,0.0,0.0,0.0,0.02413743132686951,0.0,5.119837145384563,0.27,0.06
20,0.12611817334767955,0.0,0.0,0.0,0.0,0.12611817334767955,0.0,4.987081173439637,0.27,0.06
21,0.25568567036021667,0.0,0.0,0.0,0.0,0.25568567036021667,0.0,4.717938362534146,0.27,0.06
22,0.31375318078686676,0.0,0.0,0.0,0.0,0.31375318078686676,0.0,4.387671856442707,0.27,0.06
23,0.21335196968833342,0.0,0.0,0.0,0.0,0.21335196968833342,0.0,4.163090835718146,0.27,0.06
24,0.23932903159831903,0.0,0.0,0.0,0.0,0.23932903159831903,0.0,3.911165539298862,0.27,0.06
25,0.08106661402099025,0.0,0.0,0.0,0.0,0.08106661402099025,0.0,3.8258322613820304,0.27,0.06
26,0.0362118268774763,0.0,0.0,0.0,0.0,0.0362118268774763,0.0,3.787714548879424,0.27,0.06
27,0.03713144631085599,0.0,0.0,0.0,0.0,0.03713144631085599,0.0,3.748628815920628,0.27,0.06
28,0.023950321480492514,0.0,0.0,0.0,0.0,0.023950321480492514,0.0,3.72341795120432,0.27,0.06
29,0.05122513968017882,0.0,0.0,0.0,0.0,0.05122513968017882,0.0,3.669496751540974,0.27,0.06
30,0.023866494180161762,0.0,0.0,0.0,0.0,0.023866494180161762,0.0,3.6443741260881723,0.27,0.06
31,0.04707294629930769,0.0,0.0,0.0,0.0,0.04707294629930769,0.0,3.594823656299427,0.27,0.06
32,0.04716695822491225,0.0,0.0,0.0,0.0,0.04716695822491225,0.0,3.545174226588993,0.27,0.06
33,0.13401896168991637,0.005833224982650815,0.0,2.7755575615628914e-17,0.0,0.12818573670726557,0.0,3.4102418721602925,0.27,0.06
34,0.22380635695980594,0.025859099726239447,0.0,0.0,0.0,0.1979472572335665,0.0,3.2018763382302224,0.27,0.06
35,0.17672218145827326,0.047860003400961804,0.0,2.7755575615628914e-17,0.0,0.12886217805731148,0.0,3.066231940275158,0.27,0.06
36,0.13088536140854756,0.20636755785078834,0.0,0.0,0.07548219644224077,0.0,0.0,3.1379400268952864,0.27,0.06
37,0.1527090547885923,0.30764520420311153,0.0,0.0,0.15493614941451922,0.0,0.0,3.2851293688390797,0.27,0.06
38,0.18827259109575317,0.34126662693776033,0.0,0.0,0.15299403584200716,0.0,0.0,3.4304737028889867,0.27,0.06
39,0.07373551183349375,0.14555503913401918,0.0,-0.0,0.07181952730052543,0.0,0.0,3.4987022538244856,0.27,0.06
40,0.22385780237465075,0.12360006636467206,0.0,0.0,0.0,0.10025773600997868,0.0,3.3931677948666135,0.27,0.06
41,0.12354838347570077,0.052682748465358156,0.0,0.0,0.0,0.07086563501034261,0.0,3.3185723895925685,0.27,0.06
42,0.26222694180051537,0.019428772973710987,0.0,0.0,0.0,0.24279816882680438,0.0,3.0629953697748795,0.27,0.06
43,0.2226066603313957,0.0,0.0,0.0,0.0,0.2226066603313957,0.0,2.828672569426042,0.27,0.06
44,0.18680496047936973,0.0,0.0,0.0,0.0,0.18680496047936973,0.0,2.632035768921442,0.27,0.06
45,0.21202836011909165,0.0,0.21202836011909165,0.0,0.0,0.0,0.0,2.632035768921442,0.27,0.06
46,0.22118251023060476,0.0,0.22118251023060476,0.0,0.0,0.0,0.0,2.632035768921442,0.27,0.06
47,0.11975317426788944,0.0,0.0,-1.3877787807814457e-17,0.0,0.11975317426788942,0.0,2.5059797960078742,0.27,0.06
48,0.14036646410577436,0.0,0.14036646410577436,0.0,0.0,0.0,0.0,2.5059797960078742,0.27,0.06
49,0.05881399123037462,0.0,0.0,0.0,0.0,0.05881399123037462,0.0,2.4440703315548484,0.27,0.06
50,0.0258652921762113,0.0,0.0,0.0,0.0,0.0258652921762113,0.0,2.416843708211468,0.27,0.06
51,0.03612016525001174,0.0,0.0,0.0,0.0,0.03612016525001174,0.0,2.3788224816325085,0.27,0.06
52,0.04178477548404731,0.0,0.0,0.0,0.0,0.04178477548404731,0.0,2.3348385074387745,0.27,0.06
53,0.03938042048670888,0.0,0.0,0.0,0.0,0.03938042048670888,0.0,2.2933854332422388,0.27,0.06
54,0.0477342940815125,0.0,0.0,0.0,0.0,0.0477342940815125,0.0,2.243138807893278,0.27,0.06
55,0.02288602813937684,0.0,0.0,0.0,0.0,0.02288602813937684,0.0,2.219048251957092,0.27,0.06
56,0.12173773990297951,0.0,0.0,0.0,0.0,0.12173773990297951,0.0,2.0909032625855346,0.27,0.06
57,0.2997952824211947,0.005833224982650818,0.29396205743854387,0.0,0.0,0.0,0.0,2.0909032625855346,0.27,0.06
58,0.16590545655686625,0.026364339685366667,0.0,0.0,0.0,0.1395411168714996,0.0,1.9440178764050087,0.27,0.06
59,0.1306282649064427,0.04864082879234028,0.0,0.0,0.0,0.08198743611410242,0.0,1.8577153120743746,0.27,0.06
60,0.19679033269977053,0.2082507249711717,0.0,4.440892098500626e-16,0.011460392271400721,0.0,0.0,1.8686026847322053,0.27,0.06
61,0.24868086789783975,0.3080585823514884,0.0,0.0,0.05937771445364867,0.0,0.0,1.9250115134631716,0.27,0.06
62,0.09063036886947781,0.3419555905183884,0.0,-5.551115123125783e-17,0.25132522164891063,0.0,0.0,2.163770474029637,0.27,0.06
63,0.2458586821200365,0.14945916609091142,0.0,0.0,0.0,0.09639951602912508,0.0,2.062297299262137,0.27,0.06
64,0.059352862365055686,0.12612626616030823,0.0,-0.0,0.06677340379525254,0.0,0.0,2.125732032867627,0.27,0.06
65,0.09234700051659457,0.053096126613735,0.0,0.0,0.0,0.03925087390285957,0.0,2.084415323496196,0.27,0.06
66,0.1925852576107468,0.020577045608091062,0.0,0.0,0.0,0.1720082120026557,0.0,1.9033540477039268,0.27,0.06
67,0.14985030881749828,0.0,0.1498503088174981,0.0,0.0,1.6653345369377348e-16,0.0,1.9033540477039268,0.27,0.06
68,0.3112767499798981,0.0,0.05064548470336523,0.0,0.0,0.2606312652765329,0.0,1.6290053474128396,0.27,0.06
69,0.22588284536659808,0.0,0.22588284536659808,0.0,0.0,0.0,0.0,1.6290053474128396,0.27,0.06
70,0.3002734375205903,0.0,0.3002734375205903,0.0,0.0,0.0,0.0,1.6290053474128396,0.27,0.06
71,0.24811953835870837,0.0,0.24811953835870837,0.0,0.0,0.0,0.0,1.6290053474128396,0.27,0.06
72,0.2349578687740604,0.0,0.2349578687740604,0.0,0.0,0.0,0.0,1.6290053474128394,0.27,0.06
73,0.07612458989292142,0.0,0.0,0.0,0.0,0.07612458989292142,0.0,1.5488742001571327,0.27,0.06
74,0.03312092367898635,0.0,0.0,0.0,0.0,0.03312092367898635,0.0,1.514010069968726,0.27,0.06
75,0.0554214664372365,0.0,0.0,0.0,0.0,0.0554214664372365,0.0,1.4556716842453192,0.27,0.06
76,0.027775039987174163,0.0,0.0,0.0,0.0,0.027775039987174163,0.0,1.4264348000482938,0.27,0.06
77,0.050318055170213,0.0,0.0,0.0,0.0,0.050318055170213,0.0,1.3734684261849117,0.27,0.06
78,0.03677472328203397,0.0,0.0,0.0,0.0,0.03677472328203397,0.0,1.3347581911511917,0.27,0.06
79,0.03161216284515087,0.0,0.0,0.0,0.0,0.03161216284515085,0.0,1.3014822302615592,0.27,0.06
80,0.13213846203358592,0.0,0.0,0.0,0.0,0.13213846203358592,0.0,1.1623891123314687,0.27,0.06
81,0.26878087873634693,0.009140250169665446,0.25964062856668146,0.0,0.0,0.0,0.0,1.1623891123314687,0.27,0.06
82,0.08400918729241512,0.034448179031402466,0.0,0.0,0.0,0.04956100826101265,0.0,1.1102196299514555,0.27,0.06
83,0.15417564082802426,0.055760119125496777,0.0,0.0,0.0,0.09841552170252749,0.0,1.006624343948795,0.27,0.06
84,0.14361052839972863,0.2090315503625502,0.0,5.551115123125783e-17,0.06542102196282151,0.0,0.0,1.0687743148134754,0.27,0.06
85,0.14006471193900738,0.3070940333386092,0.0,0.0,0.1670293213996018,0.0,0.0,1.2274521701430972,0.27,0.06
86,0.1569620498452503,0.33869449623674897,0.0,-8.326672684688674e-17,0.18173244639149874,0.0,0.0,1.400097994215021,0.27,0.06
87,0.2243851831628689,0.15060743872529156,0.0,0.0,0.0,0.07377774443757734,0.0,1.3224372105965185,0.27,0.06
88,0.10541491931987575,0.12337041183779598,0.0,0.0,0.017955492517920238,0.0,0.0,1.3394949284885427,0.27,0.06
89,0.1269399942640067,0.05383102109973822,0.0,0.0,0.0,0.07310897316426848,0.0,1.2625381146314179,0.27,0.06
90,0.2886017263846558,0.021311940094094328,0.26728978629056144,0.0,0.0,0.0,0.0,1.2625381146314179,0.27,0.06
91,0.4132446959330556,0.0,0.4132446959330556,0.0,0.0,0.0,0.0,1.2625381146314179,0.27,0.06
92,0.37731738570265316,0.0,0.37731738570265316,0.0,0.0,0.0,0.0,1.2625381146314179,0.27,0.06
93,0.29704935076082645,0.0,0.29704935076082645,0.0,0.0,0.0,0.0,1.2625381146314179,0.27,0.06
94,0.25107386312083413,0.0,0.25107386312083413,0.0,0.0,0.0,0.0,1.2625381146314179,0.27,0.06
95,0.2699778333502606,0.0,0.2699778333502606,0.0,0.0,0.0,0.0,1.2625381146314179,0.27,0.06
96,0.29477661245933484,0.0,0.29477661245933484,0.0,0.0,0.0,0.0,1.2625381146314179,0.27,0.06
97,0.14825106150526818,0.0,0.14825106150526818,0.0,0.0,0.0,0.0,1.262538114631418,0.27,0.06
98,0.06338636568985087,0.0,0.0,0.0,0.0,0.06338636568985087,0.0,1.195815624431575,0.27,0.06
99,0.05281668323739387,0.0,0.0,0.0,0.0,0.05281668323739387,0.0,1.140219115760634,0.27,0.06
100,0.040081201048820056,0.0,0.0,0.0,0.0,0.040081201048820056,0.0,1.0980283778145077,0.27,0.06
101,0.04413637934535199,0.0,0.0,0.0,0.0,0.04413637934535199,0.0,1.0515690311351897,0.27,0.06
102,0.030690323685749976,0.0,0.0,0.0,0.0,0.030690323685749976,0.0,1.0192634272554528,0.27,0.06
103,0.07022638613818212,0.0,0.0702263861381821,0.0,0.0,0.0,0.0,1.0192634272554528,0.27,0.06
104,0.09514960047656372,0.0,0.09514960047656372,0.0,0.0,0.0,0.0,1.0192634272554528,0.27,0.06
105,0.217631079168771,0.0073030139546573225,0.21032806521411362,0.0,0.0,0.0,0.0,1.0192634272554528,0.27,0.06
106,0.10535185298644938,0.03192197923576628,0.0734298737506831,0.0,0.0,0.0,0.0,1.0192634272554528,0.27,0.06
107,0.17891030902672134,0.05943459155551305,0.11947571747120829,0.0,0.0,0.0,0.0,1.0192634272554528,0.27,0.06
108,0.21183615796007774,0.21353277908932003,0.0,-7.216449660063518e-16,0.0016966211292430144,0.0,0.0,1.0208752173282336,0.27,0.06
109,0.18464360019529558,0.3008933611129566,0.0,0.0,0.11624976091766104,0.0,0.0,1.1313124902000116,0.27,0.06
110,0.057477455021362193,0.3354793328604848,0.0,9.992007221626409e-16,0.2780018778391216,0.0,0.0,1.3954142741471771,0.27,0.06
111,0.11458708838379625,0.15717555819394563,0.0,0.0,0.04258846981014938,0.0,0.0,1.4358733204668193,0.27,0.06
112,0.1624669703778768,0.12451868447217611,0.0,0.0,0.0,0.03794828590570069,0.0,1.3959277563555554,0.27,0.06
113,0.16399126929386088,0.05667873723300086,0.10731253206086001,0.0,0.0,0.0,0.0,1.3959277563555554,0.27,0.06
114,0.2117441046162567,0.021403801904844727,0.19034030271141197,0.0,0.0,0.0,0.0,1.3959277563555554,0.27,0.06
115,0.4904069424548394,4.5930905375203305e-05,0.4903610115494642,0.0,0.0,0.0,0.0,1.3959277563555554,0.27,0.06
116,0.3687705265161219,0.0,0.3687705265161219,0.0,0.0,0.0,0.0,1.3959277563555554,0.27,0.06
117,0.22420094590310782,0.0,0.22420094590310782,0.0,0.0,0.0,0.0,1.3959277563555554,0.27,0.06
118,0.29892971984503813,0.0,0.29892971984503813,0.0,0.0,0.0,0.0,1.3959277563555554,0.27,0.06
119,0.3176083225972512,0.0,0.3176083225972512,0.0,0.0,0.0,0.0,1.3959277563555554,0.27,0.06
120,0.24214703906831764,0.0,0.24214703906831764,0.0,0.0,0.0,0.0,1.3959277563555554,0.27,0.06
121,0.116342369378106,0.0,0.116342369378106,0.0,0.0,0.0,0.0,1.3959277563555554,0.27,0.06
122,0.05930154752232978,0.0,0.0,-6.938893903907228e-18,0.0,0.05930154752232977,0.0,1.333505074753103,0.27,0.06
123,0.028484830025489086,0.0,0.0,0.0,0.0,0.028484830025489086,0.0,1.303521043147325,0.27,0.06
124,0.057397022596122685,0.0,0.0,0.0,0.0,0.057397022596122685,0.0,1.2431031246250905,0.27,0.06
125,0.026776816138219525,0.0,0.0,0.0,0.0,0.026776816138219525,0.0,1.2149170023743332,0.27,0.06
126,0.052890978773045286,0.0,0.0,0.0,0.0,0.052890978773045286,0.0,1.1592422878763908,0.27,0.06
127,0.029262386993510726,0.0,0.0,0.0,0.0,0.029262386993510726,0.0,1.1284397752516426,0.27,0.06
128,0.08511670000488528,0.0,0.08511670000488528,0.0,0.0,0.0,0.0,1.1284397752516426,0.27,0.06
129,0.21398785590735375,0.0059250867934012245,0.2080627691139525,0.0,0.0,0.0,0.0,1.1284397752516426,0.27,0.06
130,0.19018886751266087,0.03885754594742198,0.15133132156523887,0.0,0.0,0.0,0.0,1.1284397752516426,0.27,0.06
131,0.17651013233718724,0.07183593600681792,0.10467419633036923,0.0,0.0,0.0,0.0,1.1284397752516426,0.27,0.06
132,0.07273702684030124,0.2159211861688307,0.0,-0.0,0.14318415932852946,0.0,0.0,1.2644647266137456,0.27,0.06
133,0.1448282439805463,0.3240884683274343,0.0,-8.326672684688674e-17,0.1792602243468881,0.0,0.0,1.4347619397432894,0.27,0.06
134,0.12207161281099499,0.3405776633571322,0.0,1.6653345369377348e-16,0.21850605054613703,0.0,0.0,1.6423426877621194,0.27,0.06
135,0.15055056709113357,0.1757316439655277,0.0,0.0,0.025181076874394137,0.0,0.0,1.666264710792794,0.27,0.06
136,0.11588928412553925,0.14996440605003872,0.0,8.881784197001252e-16,0.034075121924498575,0.0,0.0,1.6986360766210675,0.27,0.06
137,0.10926875540907105,0.08488031313337566,0.0,0.0,0.0,0.024388442275695393,0.0,1.6729640321203356,0.27,0.06
138,0.2768306498662436,0.02319510721447765,0.25363554265176597,0.0,0.0,0.0,0.0,1.6729640321203356,0.27,0.06
139,0.4087809574765012,0.0,0.4087809574765012,0.0,0.0,0.0,0.0,1.6729640321203356,0.27,0.06
140,0.38347059680559503,0.0,0.38347059680559503,0.0,0.0,0.0,0.0,1.6729640321203356,0.27,0.06
141,0.21896591794023762,0.0,0.21896591794023762,0.0,0.0,0.0,0.0,1.6729640321203356,0.27,0.06
142,0.3797067249063188,0.0,0.37970672490631885,0.0,0.0,0.0,0.0,1.6729640321203356,0.27,0.06
143,0.2946209704936116,0.0,0.2946209704936116,0.0,0.0,0.0,0.0,1.6729640321203356,0.27,0.06
144,0.143315696555263,0.0,0.143315696555263,0.0,0.0,0.0,0.0,1.6729640321203356,0.27,0.06
145,0.062470663420038,0.0,0.0,-4.163336342344337e-17,0.0,0.06247066342003796,0.0,1.6072054390466113,0.27,0.06
146,0.035856148425605375,0.0,0.0,0.0,0.0,0.035856148425605375,0.0,1.5694621249143952,0.27,0.06
147,0.05711537853566556,0.0,0.0,0.0,0.0,0.05711537853566556,0.0,1.509340673824221,0.27,0.06
148,0.05313762950563844,0.0,0.0,0.0,0.0,0.05313762950563844,0.0,1.4534063269761806,0.27,0.06
149,0.059664276868620934,0.0,0.0,0.0,0.0,0.059664276868620934,0.0,1.3906018250092111,0.27,0.06
150,0.0331023824381032,0.0,0.0,0.0,0.0,0.0331023824381032,0.0,1.355757211916471,0.27,0.06
151,0.03596517614488301,0.0,0.0,0.0,0.0,0.03596517614488301,0.0,1.3178991317639626,0.27,0.06
152,0.09909679563076912,0.0,0.0,0.0,0.0,0.09909679563076912,0.0,1.2135867153105213,0.27,0.06
153,0.08957887159601381,0.0,0.08957887159601381,0.0,0.0,0.0,0.0,1.2135867153105213,0.27,0.06
154,0.1413955029747884,0.012263551735179274,0.12913195123960913,0.0,0.0,0.0,0.0,1.2135867153105213,0.27,0.06
155,0.12596031165593513,0.04276167290431425,0.08319863875162081,0.0,0.0,0.0,0.0,1.2135867153105213,0.27,0.06
156,0.09267734797739975,0.1514801259274204,0.0,-0.0,0.05880277795002066,0.0,0.0,1.269449354363041,0.27,0.06
157,0.08025771974443383,0.20958272122705263,0.0,-0.0,0.1293250014826188,0.0,0.0,1.3923081057715287,0.27,0.06
158,0.17584865398286356,0.12396751360767368,0.0,0.0,0.0,0.051881140375189885,0.0,1.3376963790608025,0.27,0.06
159,0.05902590977934175,0.0632009257962797,0.0,0.0,0.004175016016937948,0.0,0.0,1.3416626442768935,0.27,0.06
160,0.057991648025571996,0.07619937201746221,0.0,-5.273559366969494e-16,0.018207723991890745,0.0,0.0,1.3589599820691898,0.27,0.06
161,0.055079106341493,0.054336261058865465,0.0,0.0,0.0,0.0007428452826275384,0.0,1.358178039666424,0.27,0.06
162,0.03453214714000685,0.014973475152316267,0.0,0.0,0.0,0.019558671987690585,0.0,1.3375899638899076,0.27,0.06
163,0.18045171289028017,0.0,0.18045171289028017,0.0,0.0,0.0,0.0,1.3375899638899076,0.27,0.06
164,0.12015755612010824,0.0,0.12015755612010824,0.0,0.0,0.0,0.0,1.3375899638899076,0.27,0.06
165,0.07003836228697288,0.0,0.0,0.0,0.0,0.07003836228697288,0.0,1.2638653720088835,0.27,0.06
166,0.2917511258924116,0.0,0.2917511258924115,0.0,0.0,0.0,0.0,1.2638653720088835,0.27,0.06
167,0.269244932046901,0.0,0.269244932046901,0.0,0.0,0.0,0.0,1.2638653720088835,0.27,0.06
168,0.0853159530583195,0.0,0.0853159530583195,0.0,0.0,0.0,0.0,1.2638653720088835,0.27,0.06
169,0.0398624927496705,0.0,0.0398624927496705,0.0,0.0,0.0,0.0,1.2638653720088835,0.27,0.06
170,0.04996981932911919,0.0,0.04996981932911919,0.0,0.0,0.0,0.0,1.2638653720088835,0.27,0.06
171,0.027042269255933726,0.0,0.0,-6.938893903907228e-18,0.0,0.02704226925593372,0.0,1.2353998254236902,0.27,0.06
172,0.029958728103579538,0.0,0.0,0.0,0.0,0.029958728103579538,0.0,1.2038643221567642,0.27,0.06
173,0.05609090969081281,0.0,0.0,0.0,0.0,0.05609090969081281,0.0,1.1448212593243297,0.27,0.06
174,0.02642910258560125,0.0,0.0,0.0,0.0,0.02642910258560125,0.0,1.1170011513394864,0.27,0.06
175,0.029419726396779644,0.0,0.0,0.0,0.0,0.029419726396779644,0.0,1.0860330182902447,0.27,0.06
176,0.05346967440398934,0.0,0.0,0.0,0.0,0.05346967440398934,0.0,1.0297491504965717,0.27,0.06
177,0.03496760515652275,0.006705912184779688,0.0,0.0,0.0,0.028261692971743066,0.0,1.0,0.27,0.06
178,0.04282856900249652,0.03169232470889026,0.01113624429360626,0.0,0.0,0.0,0.0,1.0,0.27,0.06
179,0.14213480231197367,0.059159006123261845,0.08297579618871176,0.0,0.0,0.0,0.0,1.0,0.27,0.06
180,0.14937228429022226,0.230251628645894,0.0,-0.0,0.08087934435567173,0.0,0.0,1.0768353771378882,0.27,0.06
181,0.05920714388036844,0.33405547479385345,0.0,-0.0,0.274848330913485,0.0,0.0,1.337941291505699,0.27,0.06
182,0.04687238752468449,0.3778276276164222,0.0,-0.0,0.3309552400917377,0.0,0.0,1.6523487695928498,0.27,0.06
183,0.029145524947099426,0.19557379508761558,0.0,-8.326672684688674e-17,0.16642827014051623,0.0,0.0,1.8104556262263403,0.27,0.06
184,0.08881502470047621,0.14858647888878262,0.0,3.191891195797325e-16,0.059771454188306095,0.0,0.0,1.8672385077052311,0.27,0.06
185,0.06819520625664656,0.06494630020053743,0.0,0.0,0.0,0.003248906056109127,0.0,1.8638186065935374,0.27,0.06
186,0.09422071042274238,0.024894550713360178,0.0,0.0,0.0,0.0693261597093822,0.0,1.7908437016362928,0.27,0.06
187,0.23384970320099602,0.00022965452687601637,0.23362004867412,0.0,0.0,0.0,0.0,1.7908437016362928,0.27,0.06
188,0.2831874229025433,0.0,0.2831874229025433,0.0,0.0,0.0,0.0,1.7908437016362928,0.27,0.06
189,0.20261789693818688,0.0,0.20261789693818688,0.0,0.0,0.0,0.0,1.7908437016362928,0.27,0.06
190,0.22154093069697234,0.0,0.22154093069697234,0.0,0.0,0.0,0.0,1.7908437016362928,0.27,0.06
191,0.1951399011169333,0.0,0.19513990111693333,0.0,0.0,-2.7755575615628914e-17,0.0,1.7908437016362928,0.27,0.06
192,0.15599529387694944,0.0,0.15599529387694944,0.0,0.0,0.0,0.0,1.7908437016362928,0.27,0.06
193,0.07645715707974776,0.0,0.0,0.0,0.0,0.07645715707974793,0.0,1.7103624836576108,0.27,0.06
194,0.02859555518231237,0.0,0.0,0.0,0.0,0.02859555518231237,0.0,1.6802618992551768,0.27,0.06
195,0.05298172639567744,0.0,0.05298172639567744,0.0,0.0,0.0,0.0,1.6802618992551768,0.27,0.06
196,0.027706620196873036,0.0,0.0,0.0,0.0,0.027706620196873036,0.0,1.6510970358900472,0.27,0.06
197,0.02652650938629713,0.0,0.0,-6.938893903907228e-18,0.0,0.026526509386297123,0.0,1.623174394430787,0.27,0.06
198,0.07474157000958219,0.0,0.0,0.0,0.0,0.07474157000958219,0.0,1.5444990575785953,0.27,0.06
199,0.027741091236261416,0.0,0.0,6.938893903907228e-18,0.0,0.027741091236261423,0.0,1.5152979089088465,0.27,0.06
200,0.09459532183185301,0.0,0.0,0.0,0.0,0.09459532183185301,0.0,1.4157238859279486,0.27,0.06
201,0.2241152905931123,0.004914606875146748,0.21920068371796556,0.0,0.0,0.0,0.0,1.4157238859279486,0.27,0.06
202,0.1723627701247153,0.05112109768260125,0.12124167244211403,0.0,0.0,0.0,0.0,1.4157238859279486,0.27,0.06
203,0.1157480050928945,0.09190774165578174,0.0,0.0,0.0,0.023840263437112763,0.0,1.3906288717836195,0.27,0.06
204,0.06739532145629387,0.08543148399787812,0.0,-0.0,0.018036162541584244,0.0,0.0,1.4077632261981246,0.27,0.06
205,0.0831455832980415,0.10260964260820406,0.0,-0.0,0.019464059310162554,0.0,0.0,1.426254082542779,0.27,0.06
206,0.1166937389500533,0.15832383082832566,0.0,-0.0,0.04163009187827235,0.0,0.0,1.4658026698271378,0.27,0.06
207,0.1669252248054388,0.15905872531432896,0.0,0.0,0.0,0.007866499491109735,0.0,1.4575221440470223,0.27,0.06
208,0.08521136479108438,0.07606157930133661,0.009149785489747764,0.0,0.0,0.0,0.0,1.4575221440470223,0.27,0.06
209,0.23810139253646545,0.03210570285726708,0.20599568967919837,0.0,0.0,0.0,0.0,1.4575221440470223,0.27,0.06
210,0.17377699674447084,0.010931555479298378,0.16284544126517245,0.0,0.0,0.0,0.0,1.4575221440470223,0.27,0.06
211,0.08674937377955233,0.00022965452687601637,0.0,0.0,0.0,0.08651971925267632,0.0,1.3664487553599947,0.27,0.06
212,0.14788545957236127,0.0,0.14788545957236127,0.0,0.0,0.0,0.0,1.3664487553599947,0.27,0.06
213,0.16040549776475763,0.0,0.16040549776475763,0.0,0.0,0.0,0.0,1.3664487553599947,0.27,0.06
214,0.28758613644388864,0.0,0.28758613644388864,0.0,0.0,0.0,0.0,1.3664487553599947,0.27,0.06
215,0.31086649238232855,0.0,0.31086649238232855,0.0,0.0,0.0,0.0,1.3664487553599947,0.27,0.06
216,0.19739670961992006,0.0,0.19739670961992006,0.0,0.0,0.0,0.0,1.3664487553599947,0.27,0.06
217,0.11283494112034001,0.0,0.0919671197261005,0.0,0.0,0.020867821394239507,0.0,1.3444826275765847,0.27,0.06
218,0.050798299423509996,0.0,0.0,0.0,0.0,0.050798299423509996,0.0,1.2910107334465741,0.27,0.06
219,0.030042163687553688,0.0,0.0,0.0,0.0,0.030042163687553688,0.0,1.2593874032491492,0.27,0.06
220,0.06075638207106143,0.0,0.0,0.0,0.0,0.060756382071061425,0.0,1.1954333168585582,0.27,0.06
221,0.03462446162806582,0.0,0.0,0.0,0.0,0.03462446162806582,0.0,1.1589865151448049,0.27,0.06
222,0.05686624693281325,0.0,0.0,0.0,0.0,0.05686624693281325,0.0,1.0991273078471067,0.27,0.06
223,0.04236817171127162,0.0,0.0,0.0,0.0,0.04236817171127162,0.0,1.0545292323615576,0.27,0.06
224,0.11046623231146,0.0,0.11046623231146,0.0,0.0,0.0,0.0,1.0545292323615576,0.27,0.06
225,0.26502079342851864,0.016075816881321148,0.2489449765471975,0.0,0.0,0.0,0.0,1.0545292323615576,0.27,0.06
226,0.11758149878642257,0.031784186519640656,0.08579731226678192,0.0,0.0,0.0,0.0,1.0545292323615576,0.27,0.06
227,0.15527623321819298,0.10637597684897074,0.04890025636922224,0.0,0.0,0.0,0.0,1.0545292323615576,0.27,0.06
228,0.15037599216817057,0.2795814210188623,0.0,0.0,0.12920542885069172,0.0,0.0,1.1772743897697147,0.27,0.06
229,0.18839180344030454,0.33878635804749924,0.0,-0.0,0.1503945546071947,0.0,0.0,1.3201492166465496,0.27,0.06
230,0.057154941887690755,0.23185921033402604,0.0,-0.0,0.1747042684463353,0.0,0.0,1.486118271670568,0.27,0.06
231,0.13631468068433375,0.13278624743971262,0.0,0.0,0.0,0.003528433244621043,0.0,1.4824041314130723,0.27,0.06
232,0.029200104092797698,0.07638309563896306,0.0,-0.0,0.04718299154616536,0.0,0.0,1.5272279733819294,0.27,0.06
233,0.04520184783553775,0.035183073517405704,0.0,0.0,0.0,0.010018774318132096,0.0,1.5166818951523167,0.27,0.06
234,0.026628225066916623,0.004868675969771549,0.0,0.0,0.0,0.021759549097145073,0.0,1.493777106629006,0.27,0.06
235,0.06285794032468156,0.0,0.0,0.0,0.0,0.06285794032468156,0.0,1.427610853655657,0.27,0.06
236,0.10962456443306076,0.0,0.10962456443306076,0.0,0.0,0.0,0.0,1.427610853655657,0.27,0.06
237,0.19789510339774344,0.0,0.19789510339774344,0.0,0.0,0.0,0.0,1.427610853655657,0.27,0.06
238,0.2966044915517507,0.0,0.2966044915517507,0.0,0.0,0.0,0.0,1.427610853655657,0.27,0.06
239,0.17037937963869568,0.0,0.17037937963869568,0.0,0.0,0.0,0.0,1.427610853655657,0.27,0.06
240,0.14634601429058555,0.0,0.14634601429058555,0.0,0.0,0.0,0.0,1.427610853655657,0.27,0.06
241,0.04207268700621147,0.0,0.0,0.0,0.0,0.04207268700621147,0.0,1.3833238147017504,0.27,0.06
242,0.028889211877707936,0.0,0.0,0.0,0.0,0.028889211877707936,0.0,1.3529141179883737,0.27,0.06
243,0.057816942530489995,0.0,0.057816942530489995,0.0,0.0,0.0,0.0,1.3529141179883737,0.27,0.06
244,0.02521569588470709,0.0,0.0,0.0,0.0,0.02521569588470727,0.0,1.3263712802149976,0.27,0.06
245,0.043736698089413426,0.0,0.0,0.0,0.0,0.043736698089413426,0.0,1.280332650647194,0.27,0.06
246,0.03903257636197181,0.0,0.0,0.0,0.0,0.03903257636197181,0.0,1.2392457281609077,0.27,0.06
247,0.04459416519419894,0.0,0.0,0.0,0.0,0.04459416519419894,0.0,1.1923045016406983,0.27,0.06
248,0.14637787388759588,0.0,0.14637787388759588,0.0,0.0,0.0,0.0,1.1923045016406983,0.27,0.06
249,0.19101290815500926,0.016948504083450007,0.17406440407155926,0.0,0.0,0.0,0.0,1.1923045016406983,0.27,0.06
250,0.15048972048372838,0.032427219194893504,0.11806250128883489,0.0,0.0,0.0,0.0,1.1923045016406983,0.27,0.06
251,0.08475397065859407,0.11005044927898702,0.0,0.0,0.025296478620392956,0.0,0.0,1.2163361563300716,0.27,0.06
252,0.05729739606940556,0.2794436283027367,0.0,0.0,0.22214623223333116,0.0,0.0,1.4273750769517362,0.27,0.06
253,0.03330946981867113,0.33933752891200175,0.0,-5.551115123125783e-17,0.3060280590933307,0.0,0.0,1.7181017330904003,0.27,0.06
254,0.21515268978001906,0.23856512251880582,0.0,0.0,0.023412432738786765,0.0,0.0,1.7403435441922477,0.27,0.06
255,0.10614899577230519,0.13682816711273055,0.0,-0.0,0.03067917134042536,0.0,0.0,1.7694887569656517,0.27,0.06
256,0.1484702920928934,0.0803790844066058,0.0,0.0,0.0,0.0680912076862876,0.0,1.6978138015064015,0.27,0.06
257,0.19982117272356845,0.037158102448539454,0.0,0.0,0.0,0.16266307027502896,0.0,1.526589517006371,0.27,0.06
258,0.17889594609364248,0.0049605377805219545,0.0,0.0,0.0,0.17393540831312052,0.0,1.3434996135188757,0.27,0.06
259,0.0973063907364765,0.0,0.0973063907364765,0.0,0.0,0.0,0.0,1.3434996135188757,0.27,0.06
260,0.23400038342620139,0.0,0.23400038342620139,0.0,0.0,0.0,0.0,1.3434996135188757,0.27,0.06
261,0.14861326856308382,0.0,0.14861326856308382,0.0,0.0,0.0,0.0,1.3434996135188757,0.27,0.06
262,0.26542843958370954,0.0,0.26542843958370954,0.0,0.0,0.0,0.0,1.3434996135188757,0.27,0.06
263,0.20154524698146198,0.0,0.20154524698146198,0.0,0.0,0.0,0.0,1.3434996135188757,0.27,0.06
264,0.2883463273200969,0.0,0.2883463273200969,0.0,0.0,0.0,0.0,1.3434996135188757,0.27,0.06
265,0.10680838497272663,0.0,0.0,0.0,0.0,0.10680838497272663,0.0,1.2310697346002162,0.27,0.06
266,0.027573175491362043,0.0,0.0,0.0,0.0,0.027573175491362043,0.0,1.2020453393461508,0.27,0.06
267,0.055605964841235554,0.0,0.055605964841235554,0.0,0.0,0.0,0.0,1.2020453393461508,0.27,0.06
268,0.026489818620887586,0.0,0.0,0.0,0.0,0.02648981862088752,0.0,1.1741613197452165,0.27,0.06
269,0.026085959057144406,0.0,0.0,0.0,0.0,0.026085959057144406,0.0,1.1467024154745382,0.27,0.06
270,0.05576395710509888,0.0,0.05576395710509888,0.0,0.0,0.0,0.0,1.1467024154745382,0.27,0.06
271,0.025769452240942126,0.0,0.02576945224094218,0.0,0.0,0.0,0.0,1.1467024154745382,0.27,0.06
272,0.09472615509498616,0.0,0.09472615509498616,0.0,0.0,0.0,0.0,1.1467024154745382,0.27,0.06
273,0.4636499732786912,0.017132227704950816,0.44651774557374035,0.0,0.0,0.0,0.0,1.1467024154745382,0.27,0.06
274,0.42913976225465933,0.03307025187014635,0.396069510384513,0.0,0.0,0.0,0.0,1.1467024154745382,0.27,0.06
275,0.33521492825333277,0.1107394128596151,0.22447551539371768,0.0,0.0,0.0,0.0,1.1467024154745382,0.27,0.06
276,0.2806771739167804,0.2821076208144986,0.0,0.0,0.0014304468977182072,0.0,0.0,1.1480613400273705,0.27,0.06
277,0.10958709023493783,0.3390160125743754,0.0,-8.326672684688674e-17,0.22942892233943765,0.0,0.0,1.3660188162498361,0.27,0.06
278,0.03315787558863366,0.24182621680044525,0.0,0.0,0.2086683412118116,0.0,0.0,1.564253740401057,0.27,0.06
279,0.05801045041069288,0.13903285057074027,0.0,0.0,0.08102240016004739,0.0,0.0,1.641225020553102,0.27,0.06
280,0.040511827896936824,0.08180294247323706,0.0,-0.0,0.04129111457630024,0.0,0.0,1.6804515794005872,0.27,0.06
281,0.034812746623512955,0.03812265146141872,0.0,-0.0,0.003309904837905768,0.0,0.0,1.6835959889965977,0.27,0.06
282,0.05165968369186244,0.005511708645024396,0.0,0.0,0.0,0.04614797504683804,0.0,1.6350191731578207,0.27,0.06
283,0.16675574219511258,0.0,0.0,0.0,0.0,0.16675574219511227,0.0,1.4594868129524394,0.27,0.06
284,0.2690663093882525,0.0,0.26906630938825243,0.0,0.0,5.551115123125783e-17,0.0,1.4594868129524394,0.27,0.06
285,0.2736785083439919,0.0,0.2736785083439919,0.0,0.0,0.0,0.0,1.4594868129524394,0.27,0.06
286,0.3412296023381274,0.0,0.3412296023381274,0.0,0.0,0.0,0.0,1.4594868129524394,0.27,0.06
287,0.26547557611863076,0.0,0.26547557611863076,0.0,0.0,0.0,0.0,1.4594868129524394,0.27,0.06
288,0.23104096635143856,0.0,0.23104096635143856,0.0,0.0,0.0,0.0,1.4594868129524394,0.27,0.06
289,0.09115069876327563,0.0,0.0,0.0,0.0,0.09115069876327563,0.0,1.3635387089910966,0.27,0.06
290,0.030747383701707195,0.0,0.0,0.0,0.0,0.030747383701707195,0.0,1.331173041936668,0.27,0.06
291,0.049333149677385564,0.0,0.0,6.938893903907228e-18,0.0,0.04933314967738557,0.0,1.279243410697315,0.27,0.06
292,0.05277333329392056,0.0,0.0,0.0,0.0,0.05277333329392056,0.0,1.2236925335458195,0.27,0.06
293,0.025540559316518607,0.0,0.0,0.0,0.0,0.025540559316518607,0.0,1.1968077342652736,0.27,0.06
294,0.053492916241152696,0.0,0.053492916241152696,0.0,0.0,0.0,0.0,1.1968077342652736,0.27,0.06
295,0.02548584959870153,0.0,0.0,0.0,0.0,0.025485849598701617,0.0,1.1699805241613772,0.27,0.06
296,0.10289592200214731,0.0,0.10289592200214731,0.0,0.0,0.0,0.0,1.1699805241613772,0.27,0.06
297,0.1891243130273074,0.024527103470358545,0.16459720955694884,0.0,0.0,0.0,0.0,1.1699805241613772,0.27,0.06
298,0.2500824290220615,0.04211864022906141,0.2079637887930001,0.0,0.0,0.0,0.0,1.1699805241613772,0.27,0.06
299,0.19642943136314336,0.11340340537137693,0.08302602599176644,0.0,0.0,0.0,0.0,1.1699805241613772,0.27,0.06
300,0.19011979486176545,0.28408264974563235,0.0,-2.7755575615628914e-17,0.09396285488386694,0.0,0.0,1.259245236301051,0.27,0.06
301,0.0912918472238015,0.33217230767347017,0.0,-1.1379786002407855e-15,0.2408804604496698,0.0,0.0,1.4880816737282372,0.27,0.06
302,0.24942095066773837,0.24435241659608142,0.0,0.0,0.0,0.005068534071656944,0.0,1.4827463747054404,0.27,0.06
303,0.13455953026214293,0.13678223620735536,0.0,0.0,0.0022227059452124276,0.0,0.0,1.484857945353392,0.27,0.06
304,0.09710204537040537,0.08120584070335939,0.0,0.0,0.0,0.015896204667045985,0.0,1.468125098335449,0.27,0.06
305,0.25290121992477477,0.038765684136671565,0.21413553578810318,0.0,0.0,0.0,0.0,1.468125098335449,0.27,0.06
306,0.2490887751972688,0.005879155888026025,0.24320961930924279,0.0,0.0,0.0,0.0,1.468125098335449,0.27,0.06
307,0.11216876216973606,0.0,0.11216876216973604,0.0,0.0,0.0,0.0,1.468125098335449,0.27,0.06
308,0.2704777939935102,0.0,0.2704777939935102,0.0,0.0,0.0,0.0,1.468125098335449,0.27,0.06
309,0.1993059351424074,0.0,0.1993059351424074,0.0,0.0,0.0,0.0,1.468125098335449,0.27,0.06
310,0.19250978692602505,0.0,0.19250978692602505,0.0,0.0,0.0,0.0,1.468125098335449,0.27,0.06
311,0.31621028692023895,0.0,0.31621028692023895,0.0,0.0,0.0,0.0,1.468125098335449,0.27,0.06
312,0.13528329151717963,0.0,0.13528329151717963,0.0,0.0,0.0,0.0,1.468125098335449,0.27,0.06
313,0.031164692193696684,0.0,0.0,0.0,0.0,0.031164692193696684,0.0,1.4353201591841893,0.27,0.06
314,0.053945870921600504,0.0,0.0,0.0,0.0,0.053945870921600504,0.0,1.378535031898294,0.27,0.06
315,0.025951861491038876,0.0,0.0,0.0,0.0,0.025951861491038876,0.0,1.3512172829603586,0.27,0.06
316,0.05615397602423925,0.0,0.0,0.0,0.0,0.05615397602423925,0.0,1.2921078345137909,0.27,0.06
317,0.028153046271376127,0.0,0.0,3.469446951953614e-18,0.0,0.02815304627137613,0.0,1.2624730489649738,0.27,0.06
318,0.02773874093812132,0.0,0.02773874093812132,0.0,0.0,0.0,0.0,1.2624730489649738,0.27,0.06
319,0.060103782620822624,0.0,0.06010378262082261,0.0,0.0,0.0,0.0,1.2624730489649738,0.27,0.06
320,0.05917724286514138,0.0,0.05917724286514138,0.0,0.0,0.0,0.0,1.2624730489649738,0.27,0.06
321,0.09659059438069244,0.020531114702715864,0.07605947967797658,0.0,0.0,0.0,0.0,1.2624730489649738,0.27,0.06
322,0.06356472720426187,0.04239422566131262,0.0,0.0,0.0,0.021170501542949218,0.0,1.2401883104987115,0.27,0.06
323,0.1272959338601153,0.12056862660990864,0.0,0.0,0.0,0.006727307250206677,0.0,1.2331069344458623,0.27,0.06
324,0.0897098354312658,0.28068376274786705,0.0,0.0,0.19097392731660123,0.0,0.0,1.4145321653966334,0.27,0.06
325,0.19236263214803,0.32620128997469383,0.0,5.551115123125783e-16,0.13383865782666327,0.0,0.0,1.5416788903319634,0.27,0.06
326,0.10548882313917043,0.24706234001321842,0.0,0.0,0.14157351687404798,0.0,0.0,1.676173731362309,0.27,0.06
327,0.29906277283419264,0.14206429032550377,0.15699848250868886,0.0,0.0,0.0,0.0,1.676173731362309,0.27,0.06
328,0.13866523996868732,0.08285935329686674,0.0,0.0,0.0,0.055805886671820584,0.0,1.6174306927603925,0.27,0.06
329,0.10436538062819518,0.040419196730178894,0.0,0.0,0.0,0.06394618389801629,0.0,1.550118920236165,0.27,0.06
330,0.1224797812546615,0.005603570455774798,0.1168762107988867,0.0,0.0,0.0,0.0,1.550118920236165,0.27,0.06
331,0.18883104804826836,0.0,0.1888310480482684,0.0,0.0,-2.7755575615628914e-17,0.0,1.550118920236165,0.27,0.06
332,0.198412168988569,0.0,0.198412168988569,0.0,0.0,0.0,0.0,1.550118920236165,0.27,0.06
333,0.2237024215531654,0.0,0.2237024215531654,0.0,0.0,0.0,0.0,1.550118920236165,0.27,0.06
334,0.23404778110536056,0.0,0.2340477811053605,0.0,0.0,0.0,0.0,1.550118920236165,0.27,0.06
335,0.2446006197544799,0.0,0.2446006197544799,0.0,0.0,0.0,0.0,1.550118920236165,0.27,0.06
336,0.23668207360407356,0.0,0.23668207360407356,0.0,0.0,0.0,0.0,1.550118920236165,0.27,0.06
337,0.10431093205461586,0.0,0.10431093205461586,0.0,0.0,0.0,0.0,1.550118920236165,0.27,0.06
338,0.044398698732212624,0.0,0.0,0.0,0.0,0.044398698732212624,0.0,1.5033834478864674,0.27,0.06
339,0.0633290445296558,0.0,0.0633290445296558,0.0,0.0,0.0,0.0,1.5033834478864674,0.27,0.06
340,0.032042920265386625,0.0,0.0,0.0,0.0,0.032042920265386625,0.0,1.4696540581334288,0.27,0.06
341,0.06331677075047962,0.0,0.0,0.0,0.0,0.06331677075047962,0.0,1.403004825764503,0.27,0.06
342,0.031995000297752,0.0,0.0,0.0,0.0,0.031995000297752,0.0,1.3693258780826587,0.27,0.06
343,0.05773912154762838,0.0,0.05773912154762838,0.0,0.0,0.0,0.0,1.3693258780826587,0.27,0.06
344,0.039780754603242,0.0,0.039780754603242,0.0,0.0,0.0,0.0,1.3693258780826587,0.27,0.06
345,0.04111637680742225,0.020806700134967084,0.020309676672455167,0.0,0.0,0.0,0.0,1.3693258780826587,0.27,0.06
346,0.11613567371389469,0.055392671882495165,0.06074300183139947,0.0,0.0,2.1094237467877976e-16,0.0,1.3693258780826585,0.27,0.06
347,0.1956911766029094,0.12575881891730661,0.0699323576856028,0.0,0.0,0.0,0.0,1.3693258780826585,0.27,0.06
348,0.26175662102825453,0.291707180037916,0.0,0.0,0.02995055900966148,0.0,0.0,1.397778909141837,0.27,0.06
349,0.26968757152995604,0.3455382011376541,0.0,-3.3306690738754696e-16,0.0758506296076984,0.0,0.0,1.4698370072691505,0.27,0.06
350,0.16978488478136505,0.2563403828990095,0.0,0.0,0.08655549811764446,0.0,0.0,1.5520647304809128,0.27,0.06
351,0.11712567151935907,0.15970175798958178,0.0,-6.661338147750939e-16,0.04257608647022337,0.0,0.0,1.5925120126276249,0.27,0.06
352,0.22960010301942937,0.1178587031927716,0.11174139982665778,0.0,0.0,0.0,0.0,1.5925120126276249,0.27,0.06
353,0.19224916497670994,0.05194785397935492,0.14030131099735502,0.0,0.0,0.0,0.0,1.5925120126276249,0.27,0.06
354,0.19080229532723095,0.005925086793401218,0.18487720853382972,0.0,0.0,0.0,0.0,1.5925120126276249,0.27,0.06
355,0.3498170694536344,0.0,0.3498170694536344,0.0,0.0,0.0,0.0,1.5925120126276249,0.27,0.06
356,0.29078802594344,0.0,0.2907880259434399,0.0,0.0,0.0,0.0,1.5925120126276249,0.27,0.06
357,0.26139780884552993,0.0,0.26139780884552993,0.0,0.0,0.0,0.0,1.5925120126276249,0.27,0.06
358,0.3147425257317363,0.0,0.3147425257317362,0.0,0.0,0.0,0.0,1.5925120126276249,0.27,0.06
359,0.4056890097010601,0.0,0.4056890097010601,0.0,0.0,0.0,0.0,1.5925120126276249,0.27,0.06
360,0.1310274238739057,0.0,0.1310274238739057,0.0,0.0,0.0,0.0,1.5925120126276249,0.27,0.06
361,0.02723616885249324,0.0,0.0,0.0,0.0,0.02723616885249324,0.0,1.5638423612039478,0.27,0.06
362,0.05985791532094266,0.0,0.0,-2.7755575615628914e-17,0.0,0.05985791532094263,0.0,1.500834029287166,0.27,0.06
363,0.02644359609079867,0.0,0.0,0.0,0.0,0.02644359609079867,0.0,1.4729986649810622,0.27,0.06
364,0.026719886694381113,0.0,0.0,0.0,0.0,0.026719886694381113,0.0,1.444872468460661,0.27,0.06
365,0.05123323515155033,0.0,0.0,0.0,0.0,0.05123323515155033,0.0,1.3909427472485028,0.27,0.06
366,0.023934261109868446,0.0,0.0,0.0,0.0,0.023934261109868446,0.0,1.3657487881854833,0.27,0.06
367,0.04651279190924678,0.0,0.0,6.938893903907228e-18,0.0,0.04651279190924679,0.0,1.3167879545968024,0.27,0.06
368,0.09465695187197162,0.0,0.09465695187197162,0.0,0.0,0.0,0.0,1.3167879545968024,0.27,0.06
369,0.2043423629124374,0.007119290333156508,0.1972230725792809,0.0,0.0,0.0,0.0,1.3167879545968024,0.27,0.06
370,0.22315467151439955,0.01566243873294432,0.20749223278145523,0.0,0.0,-2.1094237467877976e-16,0.0,1.3167879545968026,0.27,0.06
371,0.16541894484186237,0.09535255955892204,0.07006638528294033,0.0,0.0,0.0,0.0,1.3167879545968026,0.27,0.06
372,0.06333949029916744,0.20600011060778667,0.0,-0.0,0.14266062030861923,0.0,0.0,1.4523155438899908,0.27,0.06
373,0.17175051745921519,0.17871715281491604,0.0,-0.0,0.0069666353557008565,0.0,0.0,1.4589338474779066,0.27,0.06
374,0.11418061737767493,0.06917194349505615,0.04500867388261878,0.0,0.0,0.0,0.0,1.4589338474779066,0.27,0.06
375,0.25179044290933184,0.06558933287579027,0.18620111003354156,0.0,0.0,0.0,0.0,1.4589338474779066,0.27,0.06
376,0.08715127476151212,0.07950639720447686,0.0,0.0,0.0,0.0076448775570352595,0.0,1.4508866079441853,0.27,0.06
377,0.041041428411176285,0.025491652483237814,0.0,0.0,0.0,0.015549775927938471,0.0,1.4345184227568817,0.27,0.06
378,0.2264907891521747,0.006154741320277234,0.22033604783189745,0.0,0.0,0.0,0.0,1.4345184227568817,0.27,0.06
379,0.30522094567765257,0.0,0.30522094567765257,0.0,0.0,0.0,0.0,1.4345184227568817,0.27,0.06
380,0.21563593719205032,0.0,0.21563593719205032,0.0,0.0,0.0,0.0,1.4345184227568817,0.27,0.06
381,0.18744358871288674,0.0,0.18744358871288674,0.0,0.0,0.0,0.0,1.4345184227568817,0.27,0.06
382,0.3398720440179731,0.0,0.3398720440179731,0.0,0.0,0.0,0.0,1.4345184227568817,0.27,0.06
383,0.21695758817950866,0.0,0.21695758817950866,0.0,0.0,0.0,0.0,1.4345184227568817,0.27,0.06
384,0.16275213988554432,0.0,0.16275213988554432,0.0,0.0,0.0,0.0,1.4345184227568817,0.27,0.06
385,0.04587938656048557,0.0,0.045879386560485624,0.0,0.0,0.0,0.0,1.4345184227568817,0.27,0.06
386,0.03973871038095762,0.0,0.0,0.0,0.0,0.03973871038095762,0.0,1.392688201303242,0.27,0.06
387,0.042439986376664,0.0,0.0,0.0,0.0,0.042439986376664,0.0,1.3480145314330694,0.27,0.06
388,0.03558821443763225,0.0,0.0,6.938893903907228e-18,0.0,0.03558821443763226,0.0,1.3105532530776671,0.27,0.06
389,0.03597810278465369,0.0,0.0,0.0,0.0,0.03597810278465369,0.0,1.2726815659359263,0.27,0.06
390,0.03763819670428875,0.0,0.0,0.0,0.0,0.03763819670428875,0.0,1.2330624115103594,0.27,0.06
391,0.036338090116448,0.0,0.0,6.938893903907228e-18,0.0,0.03633809011644801,0.0,1.194811790335151,0.27,0.06
392,0.09565047512464606,0.0,0.09565047512464606,0.0,0.0,0.0,0.0,1.194811790335151,0.27,0.06
393,0.2679064372561053,0.020117736554339044,0.24778870070176626,0.0,0.0,0.0,0.0,1.194811790335151,0.27,0.06
394,0.08825447859405856,0.03968430224417563,0.04857017634988292,0.0,0.0,0.0,0.0,1.194811790335151,0.27,0.06
395,0.11054953732331525,0.1266774370248106,0.0,-0.0,0.01612789970149535,0.0,0.0,1.2101332950515715,0.27,0.06
396,0.12560828922339368,0.3089312695536172,0.0,-0.0,0.18332298033022354,0.0,0.0,1.3842901263652838,0.27,0.06
397,0.112720168227831,0.3575720983459577,0.0,-0.0,0.24485193011812673,0.0,0.0,1.6168994599775042,0.27,0.06
398,0.06298120040491875,0.2978619213581932,0.0,-0.0,0.23488072095327447,0.0,0.0,1.8400361448831148,0.27,0.06
399,0.23243834916785638,0.1693931790237497,0.0,0.0,0.0,0.06304517014410668,0.0,1.7736728078893182,0.27,0.06
400,0.027072300843279624,0.10279336622970493,0.0,0.0,0.07572106538642531,0.0,0.0,1.8456078200064223,0.27,0.06
401,0.07439620675510407,0.04423146187632075,0.0,0.0,0.0,0.030164744878783317,0.0,1.813855456976124,0.27,0.06
402,0.24168416090683395,0.006659981279404475,0.23502417962742947,0.0,0.0,0.0,0.0,1.813855456976124,0.27,0.06
403,0.25102672658591324,0.0,0.25102672658591324,0.0,0.0,0.0,0.0,1.813855456976124,0.27,0.06
404,0.19327311153308743,0.0,0.19327311153308743,0.0,0.0,0.0,0.0,1.813855456976124,0.27,0.06
405,0.15192196605589112,0.0,0.15192196605589112,0.0,0.0,0.0,0.0,1.813855456976124,0.27,0.06
406,0.34374024304024664,0.0,0.34374024304024664,0.0,0.0,0.0,0.0,1.813855456976124,0.27,0.06
407,0.27812710043475475,0.0,0.0,0.0,0.0,0.27812710043475464,0.0,1.521090088097435,0.27,0.06
408,0.16565789181944068,0.0,0.16565789181944068,0.0,0.0,0.0,0.0,1.521090088097435,0.27,0.06
409,0.08680199434346712,0.0,0.0,0.0,0.0,0.08680199434346704,0.0,1.4297195677358907,0.27,0.06
410,0.08229934539548095,0.0,0.08229934539548095,0.0,0.0,0.0,0.0,1.4297195677358907,0.27,0.06
411,0.08045775623058138,0.0,0.0,0.0,0.0,0.08045775623058138,0.0,1.3450271927563313,0.27,0.06
412,0.08169035703295313,0.0,0.08169035703295313,0.0,0.0,0.0,0.0,1.3450271927563313,0.27,0.06
413,0.08165405798390031,0.0,0.0,0.0,0.0,0.08165405798390031,0.0,1.2590755527732784,0.27,0.06
414,0.08262068338008237,0.0,0.08262068338008237,0.0,0.0,0.0,0.0,1.2590755527732784,0.27,0.06
415,0.08946671014588281,0.0,0.08946671014588281,0.0,0.0,0.0,0.0,1.2590755527732784,0.27,0.06
416,0.12735795561659063,0.0,0.12735795561659063,0.0,0.0,0.0,0.0,1.2590755527732784,0.27,0.06
417,0.22210696083238318,0.024986412524110588,0.19712054830827258,0.0,0.0,0.0,0.0,1.2590755527732784,0.27,0.06
418,0.10705320769565531,0.06981497617030898,0.0,0.0,0.0,0.03723823152534633,0.0,1.2198774143255455,0.27,0.06
419,0.22819619159706658,0.09888923927281265,0.12930695232425393,0.0,0.0,0.0,0.0,1.2198774143255455,0.27,0.06
420,0.23384604718166724,0.08873850918489273,0.14510753799677456,0.0,0.0,0.0,0.0,1.2198774143255455,0.27,0.06
421,0.3241591258022294,0.12405937541842399,0.2000997503838054,0.0,0.0,0.0,0.0,1.2198774143255455,0.27,0.06
422,0.18513455136234191,0.1688879390646225,0.0,0.0,0.0,0.016246612297719332,0.0,1.2027757171700515,0.27,0.06
423,0.23774845609909162,0.12557509529580574,0.11217336080328588,0.0,0.0,0.0,0.0,1.2027757171700515,0.27,0.06
424,0.2636843877916251,0.04932979237296831,0.2143545954186568,0.0,0.0,0.0,0.0,1.2027757171700515,0.27,0.06
425,0.2270809751295817,0.01768339856945325,0.20939757656012845,0.0,0.0,0.0,0.0,1.2027757171700515,0.27,0.06
426,0.20247165616502444,0.004730883253645936,0.1977407729113785,0.0,0.0,0.0,0.0,1.2027757171700515,0.27,0.06
427,0.2526228401672893,0.0,0.2526228401672893,0.0,0.0,0.0,0.0,1.2027757171700515,0.27,0.06
428,0.3817790350053062,0.0,0.3817790350053062,0.0,0.0,0.0,0.0,1.2027757171700515,0.27,0.06
429,0.19129285477792074,0.0,0.19129285477792074,0.0,0.0,0.0,0.0,1.2027757171700515,0.27,0.06
430,0.18285228129617048,0.0,0.18285228129617048,0.0,0.0,0.0,0.0,1.2027757171700515,0.27,0.06
431,0.2057397457288555,0.0,0.2057397457288555,0.0,0.0,0.0,0.0,1.2027757171700515,0.27,0.06
432,0.27899945276109445,0.0,0.27899945276109445,0.0,0.0,0.0,0.0,1.2027757171700515,0.27,0.06
433,0.18284993099803062,0.0,0.1828499309980303,0.0,0.0,3.3306690738754696e-16,0.0,1.2027757171700515,0.27,0.06
434,0.07126991851239349,0.0,0.07126991851239349,0.0,0.0,0.0,0.0,1.2027757171700515,0.27,0.06
435,0.02792963737594626,0.0,0.02792963737594626,0.0,0.0,0.0,0.0,1.2027757171700515,0.27,0.06
436,0.051057876795873904,0.0,0.051057876795873904,0.0,0.0,0.0,0.0,1.2027757171700515,0.27,0.06
437,0.034097603128323314,0.0,0.0,0.0,0.0,0.034097603128323314,0.0,1.1668835033507639,0.27,0.06
438,0.028475559405047625,0.0,0.0,0.0,0.0,0.028475559405047625,0.0,1.136909230292819,0.27,0.06
439,0.05256363447097469,0.0,0.0,6.938893903907228e-18,0.0,0.052563634470974695,0.0,1.0815790887444245,0.27,0.06
440,0.12045317139728703,0.0,0.12045317139728703,0.0,0.0,0.0,0.0,1.0815790887444245,0.27,0.06
441,0.24307370939611825,0.006384395847153254,0.236689313548965,0.0,0.0,0.0,0.0,1.0815790887444245,0.27,0.06
442,0.17836373413702508,0.016075816881321148,0.16228791725570393,0.0,0.0,0.0,0.0,1.0815790887444245,0.27,0.06
443,0.16240037859724038,0.052544955749232555,0.10985542284800782,0.0,0.0,0.0,0.0,1.0815790887444245,0.27,0.06
444,0.1496248107681658,0.0672887763746728,0.082336034393493,0.0,0.0,0.0,0.0,1.0815790887444245,0.27,0.06
445,0.162130094311127,0.04524194179457521,0.11688815251655177,0.0,0.0,0.0,0.0,1.0815790887444245,0.27,0.06
446,0.11473959661866594,0.15083709325216754,0.0,-0.0,0.036097496633501605,0.0,0.0,1.115871710546251,0.27,0.06
447,0.1779466867892737,0.1501940605769149,0.0277526262123588,0.0,0.0,0.0,0.0,1.115871710546251,0.27,0.06
448,0.0792427826642605,0.08152735704098585,0.0,-0.0,0.002284574376725343,0.0,0.0,1.11804205620414,0.27,0.06
449,0.08906050028399945,0.023975932605856103,0.06508456767814334,0.0,0.0,0.0,0.0,1.11804205620414,0.27,0.06
450,0.2665870059946681,0.007762323008409354,0.25882468298625877,0.0,0.0,0.0,0.0,1.11804205620414,0.27,0.06
451,0.47662740560357875,0.0,0.47662740560357875,0.0,0.0,0.0,0.0,1.11804205620414,0.27,0.06
452,0.3136085068791311,0.0,0.3136085068791311,0.0,0.0,0.0,0.0,1.11804205620414,0.27,0.06
453,0.22971853193126704,0.0,0.22971853193126704,0.0,0.0,0.0,0.0,1.11804205620414,0.27,0.06
454,0.2876821069512762,0.0,0.2876821069512762,0.0,0.0,0.0,0.0,1.11804205620414,0.27,0.06
455,0.42801109685892813,0.0,0.42801109685892813,0.0,0.0,0.0,0.0,1.11804205620414,0.27,0.06
456,0.21305935756988914,0.0,0.21305935756988914,0.0,0.0,0.0,0.0,1.11804205620414,0.27,0.06
457,0.08875548381425999,0.0,0.08875548381425999,0.0,0.0,0.0,0.0,1.11804205620414,0.27,0.06
458,0.04748607648349244,0.0,0.047486076483492345,0.0,0.0,0.0,0.0,1.11804205620414,0.27,0.06
459,0.047137448926041936,0.0,0.047137448926041936,0.0,0.0,0.0,0.0,1.11804205620414,0.27,0.06
460,0.05811738897606819,0.0,0.05811738897606822,0.0,0.0,0.0,0.0,1.11804205620414,0.27,0.06
461,0.028645172587492558,0.0,0.028645172587492558,0.0,0.0,0.0,0.0,1.11804205620414,0.27,0.06
462,0.04741752612107242,0.0,0.0,0.0,0.0,0.04741752612107242,0.0,1.0681288708135375,0.27,0.06
463,0.04504503072074444,0.0,0.0,0.0,0.0,0.04504503072074444,0.0,1.0207130490022276,0.27,0.06
464,0.08280714036586487,0.0,0.08280714036586487,0.0,0.0,0.0,0.0,1.0207130490022276,0.27,0.06
465,0.14822546936996495,0.02066890741884147,0.12755656195112347,0.0,0.0,0.0,0.0,1.0207130490022276,0.27,0.06
466,0.2775737357948765,0.04386401463331911,0.23370972116155736,0.0,0.0,0.0,0.0,1.0207130490022276,0.27,0.06
467,0.27992403393499204,0.1386194724223636,0.14130456151262843,0.0,0.0,0.0,0.0,1.0207130490022276,0.27,0.06
468,0.26862706478028825,0.30144453197745913,0.0,0.0,0.03281746719717088,0.0,0.0,1.05188964283954,0.27,0.06
469,0.2501905427365072,0.2757691558727205,0.0,0.0,0.02557861313621329,0.0,0.0,1.0761893253189425,0.27,0.06
470,0.17432096019178844,0.3788381075346764,0.0,-0.0,0.20451714734288795,0.0,0.0,1.2704806152946861,0.27,0.06
471,0.38320919142356635,0.19943199113913265,0.1837772002844337,0.0,0.0,0.0,0.0,1.2704806152946861,0.27,0.06
472,0.16092608880279335,0.10283929713508014,0.0,0.0,0.0,0.05808679166771322,0.0,1.2093366240655143,0.27,0.06
473,0.1346397015431446,0.05543860278787037,0.0,0.0,0.0,0.07920109875527424,0.0,1.1259670464283835,0.27,0.06
474,0.33941347473641253,0.00973735193954309,0.3296761227968694,0.0,0.0,0.0,0.0,1.1259670464283835,0.27,0.06
475,0.30984345983078365,0.0,0.30984345983078365,0.0,0.0,0.0,0.0,1.1259670464283835,0.27,0.06
476,0.21617650576427688,0.0,0.21617650576427688,0.0,0.0,0.0,0.0,1.1259670464283835,0.27,0.06
477,0.20117938390431783,0.0,0.20117938390431783,0.0,0.0,0.0,0.0,1.1259670464283835,0.27,0.06
478,0.3994160639650906,0.0,0.3994160639650906,0.0,0.0,0.0,0.0,1.1259670464283835,0.27,0.06
479,0.13062930948339393,0.0,0.13062930948339393,0.0,0.0,0.0,0.0,1.1259670464283835,0.27,0.06
480,0.16475367989609063,0.0,0.16475367989609063,0.0,0.0,0.0,0.0,1.1259670464283835,0.27,0.06
481,0.059865357931719695,0.0,0.0,0.0,0.0,0.059865357931719695,0.0,1.062950880184468,0.27,0.06
482,0.03009635111689519,0.0,0.0,0.0,0.0,0.03009635111689519,0.0,1.0312705105877362,0.27,0.06
483,0.0595875004627105,0.0,0.0595875004627105,0.0,0.0,0.0,0.0,1.0312705105877362,0.27,0.06
484,0.02825619824530342,0.0,0.02825619824530342,0.0,0.0,0.0,0.0,1.0312705105877362,0.27,0.06
485,0.040087207366289235,0.0,0.040087207366289235,0.0,0.0,0.0,0.0,1.0312705105877362,0.27,0.06
486,0.04726854333341281,0.0,0.04726854333341281,0.0,0.0,0.0,0.0,1.0312705105877362,0.27,0.06
487,0.029706985058349365,0.0,0.0,0.0,0.0,0.029706985058349414,0.0,1.0,0.27,0.06
488,0.06650560303814118,0.00036744724300162655,0.06613815579513956,0.0,0.0,0.0,0.0,1.0,0.27,0.06
489,0.10166749950758014,0.02071483832421666,0.08095266118336347,0.0,0.0,0.0,0.0,1.0,0.27,0.06
490,0.152175275966548,0.03858196051517074,0.11359331545137727,0.0,0.0,0.0,0.0,1.0,0.27,0.06
491,0.10097951501312075,0.13062749488707823,0.0,0.0,0.02964797987395748,0.0,0.0,1.0281655808802597,0.27,0.06
492,0.05775988251453269,0.3195872396006644,0.0,-5.551115123125783e-17,0.26182735708613175,0.0,0.0,1.2769015701120847,0.27,0.06
493,0.11443915017308788,0.373739777038029,0.0,0.0,0.25930062686494115,0.0,0.0,1.5232371656337789,0.27,0.06
494,0.11562043613273375,0.33846484170987307,0.0,-5.551115123125783e-17,0.22284440557713936,0.0,0.0,1.7349393509320612,0.27,0.06
495,0.11747886910097083,0.18675506125557656,0.0,-0.0,0.06927619215460573,0.0,0.0,1.8007517334789367,0.27,0.06
496,0.1291154563369218,0.10045089005556956,0.0,0.0,0.0,0.028664566281352347,0.0,1.7705785058143553,0.27,0.06
497,0.13422291533963093,0.05098330496647564,0.0,0.0,0.0,0.08323961037315529,0.0,1.6829578633162974,0.27,0.06
498,0.14021225843335905,0.010747831857797572,0.0,0.0,0.0,0.1294644265755617,0.0,1.5466795195525482,0.27,0.06
499,0.3121813536196048,0.0,0.312181353619605,0.0,0.0,-2.1094237467877976e-16,0.0,1.5466795195525485,0.27,0.06
500,0.3393259914167525,0.0,0.3393259914167525,0.0,0.0,0.0,0.0,1.5466795195525485,0.27,0.06
501,0.1521064644598902,0.0,0.1521064644598902,0.0,0.0,0.0,0.0,1.5466795195525485,0.27,0.06
502,0.21250847380026988,0.0,0.21250847380026988,0.0,0.0,0.0,0.0,1.5466795195525485,0.27,0.06
503,0.19056152033998774,0.0,0.19056152033998774,0.0,0.0,0.0,0.0,1.5466795195525485,0.27,0.06
504,0.20673313840941093,0.0,0.20673313840941093,0.0,0.0,0.0,0.0,1.5466795195525485,0.27,0.06
505,0.0792426520921415,0.0,0.0792426520921415,0.0,0.0,0.0,0.0,1.5466795195525485,0.27,0.06
506,0.025380608470871847,0.0,0.0,0.0,0.0,0.025380608470871847,0.0,1.5199630895832097,0.27,0.06
507,0.0447158584090094,0.0,0.0,0.0,0.0,0.0447158584090094,0.0,1.4728937649421472,0.27,0.06
508,0.02316532190169391,0.0,0.0,0.0,0.0,0.02316532190169391,0.0,1.448509215571943,0.27,0.06
509,0.03369374356458,0.0,0.0,0.0,0.0,0.03369374356458015,0.0,1.4130421170829113,0.27,0.06
510,0.04553767932533652,0.0,0.0,0.0,0.0,0.04553767932533652,0.0,1.3651077177930833,0.27,0.06
511,0.023830325703227802,0.0,0.0,0.0,0.0,0.023830325703227552,0.0,1.3400231644212648,0.27,0.06
512,0.04760737798194624,0.0,0.006714542472224494,0.0,0.0,0.040892835509721746,0.0,1.2969780744110313,0.27,0.06
513,0.025447983684221867,0.02783412865737319,0.0,0.0,0.002386144973151323,0.0,0.0,1.299244912135525,0.27,0.06
514,0.08697030180472316,0.084972174944126,0.0,0.0,0.0,0.001998126860597166,0.0,1.2971416207033175,0.27,0.06
515,0.27679513424990326,0.07923081177222564,0.19756432247767763,0.0,0.0,0.0,0.0,1.2971416207033175,0.27,0.06
516,0.10730978190928456,0.12897398229357077,0.0,-1.942890293094024e-16,0.021664200384286403,0.0,0.0,1.3177226110683895,0.27,0.06
517,0.0994127801584955,0.09443394145141795,0.0,0.0,0.0,0.004978838707077549,0.0,1.3124817282188341,0.27,0.06
518,0.23178653315033132,0.1392625050976164,0.09252402805271492,0.0,0.0,0.0,0.0,1.3124817282188341,0.27,0.06
519,0.13922565550298574,0.27361040332008585,0.0,0.0,0.1343847478171001,0.0,0.0,1.4401472386450793,0.27,0.06
520,0.08814910689411007,0.18909753742971203,0.0,0.0,0.10094843053560196,0.0,0.0,1.5360482476539012,0.27,0.06
521,0.092408761128832,0.061685205918898006,0.030723555209934,0.0,0.0,0.0,0.0,1.5360482476539012,0.27,0.06
522,0.21053330935774026,0.007670461197658948,0.20286284816008138,0.0,0.0,0.0,0.0,1.5360482476539012,0.27,0.06
523,0.2766825810834165,0.0,0.2766825810834165,0.0,0.0,0.0,0.0,1.5360482476539012,0.27,0.06
524,0.32441426372255083,0.0,0.32441426372255083,0.0,0.0,0.0,0.0,1.5360482476539012,0.27,0.06
525,0.25617466294547936,0.0,0.25617466294547936,0.0,0.0,0.0,0.0,1.5360482476539012,0.27,0.06
526,0.3721160453464575,0.0,0.3721160453464575,0.0,0.0,0.0,0.0,1.5360482476539012,0.27,0.06
527,0.24774336008417114,0.0,0.24774336008417114,0.0,0.0,0.0,0.0,1.5360482476539012,0.27,0.06
528,0.18727580354010626,0.0,0.18727580354010626,0.0,0.0,0.0,0.0,1.5360482476539012,0.27,0.06
529,0.061798478151964965,0.0,0.0,-6.938893903907228e-18,0.0,0.06179847815196496,0.0,1.4709972180202542,0.27,0.06
530,0.02929072114331102,0.0,0.0,0.0,0.0,0.02929072114331102,0.0,1.4401648799746636,0.27,0.06
531,0.04678908251282925,0.0,0.0,0.0,0.0,0.04678908251282925,0.0,1.3909132141716853,0.27,0.06
532,0.025358802927016363,0.0,0.0,3.469446951953614e-18,0.0,0.025358802927016366,0.0,1.364219737406405,0.27,0.06
533,0.05542734218258681,0.0,0.0,0.0,0.0,0.05542734218258681,0.0,1.3058751666878925,0.27,0.06
534,0.02543636276564018,0.0,0.02543636276564018,0.0,0.0,0.0,0.0,1.3058751666878925,0.27,0.06
535,0.034243060468772644,0.0,0.034243060468772644,0.0,0.0,0.0,0.0,1.3058751666878925,0.27,0.06
536,0.11248827214467282,0.0,0.11248827214467282,0.0,0.0,0.0,0.0,1.3058751666878925,0.27,0.06
537,0.21262559699091876,0.019796220216712603,0.1928293767742062,0.0,0.0,-2.1094237467877976e-16,0.0,1.3058751666878927,0.27,0.06
538,0.16282408512305574,0.05732176990825369,0.10550231521480205,0.0,0.0,0.0,0.0,1.3058751666878927,0.27,0.06
539,0.1205377821303315,0.08781989107738866,0.0,0.0,0.0,0.032717891052942843,0.0,1.2714352813690055,0.27,0.06
540,0.13855568996093406,0.12888212048282044,0.0,0.0,0.0,0.009673569478113625,0.0,1.2612525766552016,0.27,0.06
541,0.07543425510032181,0.1323269383859607,0.0,0.0,0.0568926832856389,0.0,0.0,1.3153006257765585,0.27,0.06
542,0.16706532868901355,0.07932267358297604,0.08774265510603751,0.0,0.0,0.0,0.0,1.3153006257765585,0.27,0.06
543,0.08451071480109207,0.04845710517083944,0.0,0.0,0.0,0.03605360963025263,0.0,1.2773494577447135,0.27,0.06
544,0.09645571338187349,0.04818151973858824,0.0,0.0,0.0,0.04827419364328525,0.0,1.2265345170675712,0.27,0.06
545,0.16849666025634363,0.021771249147846342,0.1467254111084973,0.0,0.0,0.0,0.0,1.2265345170675712,0.27,0.06
546,0.18858048015210804,0.00463902144289553,0.18394145870921252,0.0,0.0,0.0,0.0,1.2265345170675712,0.27,0.06
547,0.09904443621109213,0.0,0.09904443621109213,0.0,0.0,0.0,0.0,1.2265345170675712,0.27,0.06
548,0.19560304042265525,0.0,0.19560304042265525,0.0,0.0,0.0,0.0,1.2265345170675712,0.27,0.06
549,0.16871484626701788,0.0,0.16871484626701788,0.0,0.0,0.0,0.0,1.2265345170675712,0.27,0.06
550,0.26739250539613335,0.0,0.26739250539613324,0.0,0.0,0.0,0.0,1.2265345170675712,0.27,0.06
551,0.23498998951530908,0.0,0.23498998951530908,0.0,0.0,0.0,0.0,1.2265345170675712,0.27,0.06
552,0.2082580901859891,0.0,0.2082580901859891,0.0,0.0,0.0,0.0,1.2265345170675712,0.27,0.06
553,0.1308822276776944,0.0,0.1308822276776944,0.0,0.0,0.0,0.0,1.2265345170675712,0.27,0.06
554,0.028539670315425186,0.0,0.0,0.0,0.0,0.028539670315425186,0.0,1.1964927588408079,0.27,0.06
555,0.0736409776194135,0.0,0.0,0.0,0.0,0.0736409776194135,0.0,1.118975940294057,0.27,0.06
556,0.0280401013885317,0.0,0.0,0.0,0.0,0.0280401013885317,0.0,1.0894600440956022,0.27,0.06
557,0.03622840953657597,0.0,0.0,0.0,0.0,0.03622840953657597,0.0,1.0513248761623644,0.27,0.06
558,0.04875863235424625,0.0,0.0,0.0,0.0,0.04875863235424625,0.0,1.0,0.27,0.06
559,0.026924884921046797,0.0,0.026924884921046797,0.0,0.0,0.0,0.0,1.0,0.27,0.06
560,0.10121715626951032,0.0,0.10121715626951022,0.0,0.0,0.0,0.0,1.0,0.27,0.06
561,0.19978121765518655,0.02595096153698985,0.1738302561181967,0.0,0.0,0.0,0.0,1.0,0.27,0.06
562,0.16499484659969024,0.04790593430633701,0.11708891229335323,0.0,0.0,0.0,0.0,1.0,0.27,0.06
563,0.15275423274172986,0.1308571494139541,0.021897083327775735,0.0,0.0,0.0,0.0,1.0,0.27,0.06
564,0.11104806167325756,0.18542306499969557,0.0,3.608224830031759e-16,0.07437500332643765,0.0,0.0,1.0706562531601158,0.27,0.06
565,0.0645890654769957,0.17550198943865178,0.0,0.0,0.11091292396165608,0.0,0.0,1.176023530923689,0.27,0.06
566,0.02322303477824561,0.37438280971328197,0.0,3.3306690738754696e-16,0.35115977493503603,0.0,0.0,1.5096253171119733,0.27,0.06
567,0.03297024345378112,0.1623657505013436,0.0,0.0,0.12939550704756247,0.0,0.0,1.6325510488071577,0.27,0.06
568,0.036420611695589876,0.10251778079745374,0.0,0.0,0.06609716910186386,0.0,0.0,1.6953433594539284,0.27,0.06
569,0.024653582912862702,0.05663280632762564,0.0,0.0,0.03197922341476294,0.0,0.0,1.7257236216979532,0.27,0.06
570,0.04470071204321753,0.011069348195423982,0.0,0.0,0.0,0.03363136384779355,0.0,1.6903221860686968,0.27,0.06
571,0.0395453330728737,0.0,0.0395453330728737,0.0,0.0,0.0,0.0,1.6903221860686968,0.27,0.06
572,0.03721174816397657,0.0,0.0,0.0,0.0,0.037211748163976766,0.0,1.651151924843458,0.27,0.06
573,0.27072300843279623,0.0,0.27072300843279606,0.0,0.0,1.6653345369377348e-16,0.0,1.651151924843458,0.27,0.06
574,0.23763642522107925,0.0,0.23763642522107944,0.0,0.0,-1.942890293094024e-16,0.0,1.651151924843458,0.27,0.06
575,0.19304761348375482,0.0,0.19304761348375474,0.0,0.0,8.326672684688674e-17,0.0,1.651151924843458,0.27,0.06
576,0.11353663568728344,0.0,0.0,0.0,0.0,0.11353663568728344,0.0,1.5316396767515807,0.27,0.06
577,0.05875928151255744,0.0,0.0,0.0,0.0,0.05875928151255744,0.0,1.4697878014752046,0.27,0.06
578,0.02394026742733756,0.0,0.0,0.0,0.0,0.02394026742733756,0.0,1.444587519972744,0.27,0.06
579,0.054727736769545746,0.0,0.0,0.0,0.0,0.054727736769545746,0.0,1.3869793760048013,0.27,0.06
580,0.0245228802218485,0.0,0.0,1.0408340855860843e-17,0.0,0.02452288022184851,0.0,1.3611658178765396,0.27,0.06
581,0.030912557432109813,0.0,0.0,0.0,0.0,0.030912557432109813,0.0,1.3286262837374767,0.27,0.06
582,0.05294882222171589,0.0,0.0,0.0,0.0,0.05294882222171589,0.0,1.2728906813988283,0.27,0.06
583,0.0252824182374626,0.0,0.0,0.0,0.0,0.0252824182374626,0.0,1.2462776095699204,0.27,0.06
584,0.0936625146144649,0.0005971017698776418,0.0,0.0,0.0,0.09306541284458726,0.0,1.1483140171019337,0.27,0.06
585,0.2235111333989835,0.019474703879086192,0.2040364295198973,0.0,0.0,0.0,0.0,1.1483140171019337,0.27,0.06
586,0.09967849442044774,0.033529560923898395,0.0,0.0,0.0,0.06614893349654935,0.0,1.0786835607897765,0.27,0.06
587,0.1875117473589502,0.12805536418606672,0.0,0.0,0.0,0.05945638317288359,0.0,1.0160978942920043,0.27,0.06
588,0.06846875484573225,0.3290490061079563,0.0,-0.0,0.26058025126222406,0.0,0.0,1.263649132991117,0.27,0.06
589,0.04788902204240342,0.38453353980120186,0.0,-1.1102230246251565e-16,0.33664451775879856,0.0,0.0,1.5834614248619756,0.27,0.06
590,0.08863640204182743,0.3806294128443095,0.0,2.7755575615628914e-16,0.2919930108024818,0.0,0.0,1.860854785124333,0.27,0.06
591,0.1858570068961899,0.2174828369515875,0.0,0.0,0.0316258300553976,0.0,0.0,1.890899323676961,0.27,0.06
592,0.05908349208377463,0.1009561300146969,0.0,2.7755575615628914e-16,0.041872637930921996,0.0,0.0,1.9306783297113368,0.27,0.06
593,0.22905209183642528,0.04937572327834351,0.17967636855808178,0.0,0.0,0.0,0.0,1.9306783297113368,0.27,0.06
594,0.160889398037384,0.011942035397552848,0.0,0.0,0.0,0.14894736263983122,0.0,1.773891632195725,0.27,0.06
595,0.050892180776995685,0.0,0.0,0.0,0.0,0.050892180776995685,0.0,1.7203209155883612,0.27,0.06
596,0.1157735972281978,0.0,0.0,0.0,0.0,0.1157735972281978,0.0,1.5984539711376267,0.27,0.06
597,0.2489122416925221,0.0,0.24891224169252202,0.0,0.0,8.326672684688674e-17,0.0,1.5984539711376267,0.27,0.06
598,0.23423906925954188,0.0,0.2342390692595419,0.0,0.0,-2.7755575615628914e-17,0.0,1.5984539711376267,0.27,0.06
599,0.26674525940276883,0.0,0.26674525940276883,0.0,0.0,0.0,0.0,1.5984539711376267,0.27,0.06
600,0.13431144323624195,0.0,0.13431144323624195,0.0,0.0,0.0,0.0,1.5984539711376267,0.27,0.06
601,0.04615437144287913,0.0,0.04615437144287913,0.0,0.0,0.0,0.0,1.5984539711376267,0.27,0.06
602,0.025078986876223643,0.0,0.0,0.0,0.0,0.025078986876223643,0.0,1.572055037583707,0.27,0.06
603,0.05033450725719382,0.0,0.0,0.0,0.0,0.05033450725719382,0.0,1.5190713457340292,0.27,0.06
604,0.027536354153833507,0.0,0.0,0.0,0.0,0.027536354153833507,0.0,1.4900857097826257,0.27,0.06
605,0.05619301708778891,0.0,0.0,0.0,0.0,0.05619301708778891,0.0,1.43093516547969,0.27,0.06
606,0.02869296198300831,0.0,0.0,0.0,0.0,0.02869296198300831,0.0,1.400732047602839,0.27,0.06
607,0.12230873177890869,0.0,0.0,0.0,0.0,0.12230873177890869,0.0,1.2719860141513564,0.27,0.06
608,0.11657178459100506,0.0005052399591272363,0.0,0.0,0.0,0.11606654463187782,0.0,1.1498107040125376,0.27,0.06
609,0.21985903123348172,0.02177124914784635,0.1751040045618248,0.0,0.0,0.022983777523810603,0.0,1.1256172539874738,0.27,0.06
610,0.15948000258602768,0.04014361129792765,0.0,0.0,0.0,0.11933639128810003,0.0,1.0,0.27,0.06
611,0.16483241488378486,0.1359095490052265,0.028922865878558413,0.0,0.0,0.0,0.0,1.0,0.27,0.06
612,0.2561738795127664,0.3323560312949709,0.0,-0.0,0.0761821517822045,0.0,0.0,1.0723730441930943,0.27,0.06
613,0.09413844998783832,0.3836149216936977,0.0,-0.0,0.2894764717058594,0.0,0.0,1.3473756923136606,0.27,0.06
614,0.0867518546498113,0.38393643803132427,0.0,-0.0,0.297184583381513,0.0,0.0,1.629701046526098,0.27,0.06
615,0.080735221983234,0.23195107214477656,0.0,0.0,0.15121585016154254,0.0,0.0,1.7733561041795634,0.27,0.06
616,0.06187303483185409,0.10963707113061033,0.0,-5.759281940243e-16,0.047764036298756814,0.0,0.0,1.8187319386633822,0.27,0.06
617,0.022194387625588313,0.054519984680366305,0.0,0.0,0.03232559705477799,0.0,0.0,1.8494412558654214,0.27,0.06
618,0.05671439155853794,0.01506533696306668,0.0,0.0,0.0,0.04164905459547126,0.0,1.8056001457649253,0.27,0.06
619,0.027021508289029307,0.0,0.0,6.938893903907228e-18,0.0,0.027021508289029314,0.0,1.777156452829105,0.27,0.06
620,0.17774260256743998,0.0,0.17774260256743998,0.0,0.0,0.0,0.0,1.777156452829105,0.27,0.06
621,0.22338460901577412,0.0,0.22338460901577412,0.0,0.0,0.0,0.0,1.777156452829105,0.27,0.06
622,0.2744712116778046,0.0,0.27447121167780475,0.0,0.0,-1.6653345369377348e-16,0.0,1.777156452829105,0.27,0.06
623,0.1590788850367815,0.0,0.021622232602032776,0.0,0.0,0.1374566524347486,0.0,1.632465239739896,0.27,0.06
624,0.14355660211462482,0.0,0.0,0.0,0.0,0.14355660211462482,0.0,1.4813530269876594,0.27,0.06
625,0.03816270490589125,0.0,0.0,0.0,0.0,0.03816270490589125,0.0,1.4411817586656686,0.27,0.06
626,0.05204265171658231,0.0,0.0,0.0,0.0,0.05204265171658231,0.0,1.3864000200166346,0.27,0.06
627,0.041947860060547563,0.0,0.0,0.0,0.0,0.041947860060547563,0.0,1.3422443778476372,0.27,0.06
628,0.030031065057447504,0.0,0.0,0.0,0.0,0.030031065057447504,0.0,1.310632730418745,0.27,0.06
629,0.0701261067508705,0.0,0.0,0.0,0.0,0.0701261067508705,0.0,1.2368157759441445,0.27,0.06
630,0.030860720300908313,0.0,0.0,0.0,0.0,0.030860720300908313,0.0,1.2043308072063463,0.27,0.06
631,0.03508655635683644,0.0,0.0,0.0,0.0,0.03508655635683644,0.0,1.1673975899886238,0.27,0.06
632,0.1471968222173073,0.0005971017698776418,0.0,0.0,0.0,0.14659972044742964,0.0,1.013082094780803,0.27,0.06
633,0.18548435406886243,0.025905030631614635,0.1595793234372478,0.0,0.0,0.0,0.0,1.013082094780803,0.27,0.06
634,0.10314152815778937,0.09071353811602645,0.0,0.0,0.0,0.012427990041762926,0.0,1.0,0.27,0.06
635,0.10141849847684675,0.20843444859267252,0.0,-0.0,0.10701595011582576,0.0,0.0,1.1016651526100345,0.27,0.06
636,0.09699510680503005,0.3622570506942282,0.0,-0.0,0.26526194388919816,0.0,0.0,1.3536639993047728,0.27,0.06
637,0.07738500255661787,0.4051565163146683,0.0,-0.0,0.32777151375805047,0.0,0.0,1.6650469373749206,0.27,0.06
638,0.18096172758668572,0.39142317560748247,0.0,-0.0,0.21046144802079675,0.0,0.0,1.8649853129946776,0.27,0.06
639,0.21476841603410993,0.26676669841918055,0.0,-0.0,0.05199828238507062,0.0,0.0,1.9143836812604946,0.27,0.06
640,0.04756389746635406,0.1873521630254542,0.0,7.494005416219807e-16,0.1397882655590994,0.0,0.0,2.047182533541639,0.27,0.06
641,0.2758188465169237,0.06673760551017037,0.2090812410067533,0.0,0.0,0.0,0.0,2.047182533541639,0.27,0.06
642,0.2125181361370677,0.014514166098564233,0.19800397003850345,0.0,0.0,0.0,0.0,2.047182533541639,0.27,0.06
643,0.3344693614544406,0.0,0.3344693614544406,0.0,0.0,0.0,0.0,2.047182533541639,0.27,0.06
644,0.28915652731784314,0.0,0.28915652731784314,0.0,0.0,0.0,0.0,2.047182533541639,0.27,0.06
645,0.18889006664600907,0.0,0.18889006664600907,0.0,0.0,0.0,0.0,2.047182533541639,0.27,0.06
646,0.24092253373731787,0.0,0.24092253373731787,0.0,0.0,0.0,0.0,2.047182533541639,0.27,0.06
647,0.40045959633930256,0.0,0.40045959633930256,0.0,0.0,0.0,0.0,2.047182533541639,0.27,0.06
648,0.14813406888673794,0.0,0.14813406888673794,0.0,0.0,0.0,0.0,2.047182533541639,0.27,0.06
649,0.1214780319584964,0.0,0.1214780319584964,0.0,0.0,0.0,0.0,2.047182533541639,0.27,0.06
650,0.027592500164958542,0.0,0.0,0.0,0.0,0.027592500164958757,0.0,2.018137796525893,0.27,0.06
651,0.05188008942855763,0.0,0.05188008942855763,0.0,0.0,0.0,0.0,2.018137796525893,0.27,0.06
652,0.023921987330692264,0.0,0.0,0.0,0.0,0.023921987330692174,0.0,1.9929567572304276,0.27,0.06
653,0.04240943250084251,0.0,0.0,-6.938893903907228e-18,0.0,0.0424094325008425,0.0,1.9483152493348042,0.27,0.06
654,0.0405934354712464,0.0,0.0,0.0,0.0,0.0405934354712464,0.0,1.9055853172598078,0.27,0.06
655,0.033319001583350535,0.0,0.0,0.0,0.0,0.033319001583350535,0.0,1.8705126840141757,0.27,0.06
656,0.07371044198666588,0.0,0.0,0.0,0.0,0.07371044198666588,0.0,1.7929227450808431,0.27,0.06
657,0.20761267220228988,0.04363436010644313,0.16397831209584673,0.0,0.0,0.0,0.0,1.7929227450808431,0.27,0.06
658,0.2997194200201175,0.08258376786461552,0.21713565215550196,0.0,0.0,0.0,0.0,1.7929227450808431,0.27,0.06
659,0.18630121324467155,0.1628709904604709,0.0,0.0,0.0,0.02343022278420065,0.0,1.7682593526764214,0.27,0.06
660,0.0851554799241972,0.19369062796723233,0.0,-0.0,0.10853514804303513,0.0,0.0,1.8713677433173048,0.27,0.06
661,0.025821942232738045,0.20361170352827612,0.0,-0.0,0.17778976129553808,0.0,0.0,2.040268016548066,0.27,0.06
662,0.07869934150541814,0.2630462950837891,0.0,-0.0,0.18434695357837094,0.0,0.0,2.2153976224475187,0.27,0.06
663,0.18963289143040438,0.21693166608708514,0.0,-0.0,0.027298774656680763,0.0,0.0,2.2413314583713655,0.27,0.06
664,0.05579868928872507,0.1281012950914419,0.0,-0.0,0.07230260580271684,0.0,0.0,2.3100189338839465,0.27,0.06
665,0.11854956047591236,0.06122589686514596,0.0,0.0,0.0,0.05732366361076641,0.0,2.249678235346298,0.27,0.06
666,0.06520301558004138,0.01786712219095407,0.0,0.0,0.0,0.04733589338908731,0.0,2.1998509791472585,0.27,0.06
667,0.21278567840868481,0.0,0.21278567840868481,0.0,0.0,0.0,0.0,2.1998509791472585,0.27,0.06
668,0.3879821246576658,0.0,0.3879821246576658,0.0,0.0,0.0,0.0,2.1998509791472585,0.27,0.06
669,0.2001499533189465,0.0,0.2001499533189465,0.0,0.0,0.0,0.0,2.1998509791472585,0.27,0.06
670,0.24311640647899688,0.0,0.24311640647899688,0.0,0.0,0.0,0.0,2.1998509791472585,0.27,0.06
671,0.3153543866808804,0.0,0.3153543866808804,0.0,0.0,0.0,0.0,2.1998509791472585,0.27,0.06
672,0.23031511594249945,0.0,0.23031511594249945,0.0,0.0,0.0,0.0,2.1998509791472585,0.27,0.06
673,0.08102378636599263,0.0,0.08102378636599263,0.0,0.0,0.0,0.0,2.1998509791472585,0.27,0.06
674,0.03619132705480965,0.0,0.03619132705480954,0.0,0.0,0.0,0.0,2.1998509791472585,0.27,0.06
675,0.05722649540884544,0.0,0.05722649540884544,0.0,0.0,0.0,0.0,2.1998509791472585,0.27,0.06
676,0.026321511159631536,0.0,0.026321511159631536,0.0,0.0,0.0,0.0,2.1998509791472585,0.27,0.06
677,0.03875458832084362,0.0,0.03875458832084362,0.0,0.0,0.0,0.0,2.1998509791472585,0.27,0.06
678,0.043496445390646045,0.0,0.0,0.0,0.0,0.043496445390646045,0.0,2.1540652471571047,0.27,0.06
679,0.022916582015198295,0.0,0.0,-1.0408340855860843e-17,0.0,0.022916582015198285,0.0,2.1299425292463696,0.27,0.06
680,0.04811713153411348,0.00022965452687601637,0.0,0.0,0.0,0.047887477007237465,0.0,2.0795346587124355,0.27,0.06
681,0.04715625131116294,0.02438931075423293,0.0,0.0,0.0,0.02276694055693001,0.0,2.055569458126193,0.27,0.06
682,0.11319832332722568,0.09824620659755984,0.0,0.0,0.0,0.014952116729665843,0.0,2.03983038788444,0.27,0.06
683,0.13097088614642402,0.0960874540449253,0.0,0.0,0.0,0.03488343210149872,0.0,2.003110985672336,0.27,0.06
684,0.07905958998145038,0.09365311606003948,0.0,0.0,0.014593526078589103,0.0,0.0,2.016974835446996,0.27,0.06
685,0.06100916969324267,0.09622524676105088,0.0,0.0,0.03521607706780821,0.0,0.0,2.0504301086614136,0.27,0.06
686,0.03800014261786651,0.06710505275317198,0.0,-0.0,0.029104910135305473,0.0,0.0,2.0780797732899536,0.27,0.06
687,0.0213365288044461,0.08327273144524353,0.0,-0.0,0.061936202640797425,0.0,0.0,2.136919165798711,0.27,0.06
688,0.04197945851332022,0.18078404355680025,0.0,-0.0,0.13880458504348003,0.0,0.0,2.268783521590017,0.27,0.06
689,0.021612558263790785,0.0894274727655208,0.0,-0.0,0.06781491450173001,0.0,0.0,2.3332076903666605,0.27,0.06
690,0.05064827205889931,0.015800231449069915,0.03484804060982939,0.0,0.0,0.0,0.0,2.3332076903666605,0.27,0.06
691,0.18229003775220742,0.0,0.18229003775220742,0.0,0.0,0.0,0.0,2.3332076903666605,0.27,0.06
692,0.28024994194375547,0.0,0.28024994194375547,0.0,0.0,0.0,0.0,2.3332076903666605,0.27,0.06
693,0.24624400044289624,0.0,0.24624400044289624,0.0,0.0,0.0,0.0,2.3332076903666605,0.27,0.06
694,0.30212716989254623,0.0,0.30212716989254623,0.0,0.0,0.0,0.0,2.3332076903666605,0.27,0.06
695,0.29695181338801196,0.0,0.29695181338801196,0.0,0.0,0.0,0.0,2.3332076903666605,0.27,0.06
696,0.06205139634626513,0.0,0.0,0.0,0.0,0.06205139634626513,0.0,2.2678904310548025,0.27,0.06
697,0.024432393743454066,0.0,0.0,0.0,0.0,0.024432393743454066,0.0,2.2421721218511665,0.27,0.06
698,0.06079829572122675,0.0,0.06079829572122675,0.0,0.0,0.0,0.0,2.2421721218511665,0.27,0.06
699,0.022509980436958274,0.0,0.022509980436958274,0.0,0.0,0.0,0.0,2.2421721218511665,0.27,0.06
700,0.03389443291132219,0.0,0.03389443291132219,0.0,0.0,0.0,0.0,2.2421721218511665,0.27,0.06
701,0.04789607293682377,0.0,0.04789607293682385,0.0,0.0,0.0,0.0,2.2421721218511665,0.27,0.06
702,0.022512330735098427,0.0,0.022512330735098427,0.0,0.0,0.0,0.0,2.2421721218511665,0.27,0.06
703,0.1123291047317395,0.0,0.0,0.0,0.0,0.1123291047317395,0.0,2.1239309589756514,0.27,0.06
704,0.1151014119601248,0.0,0.1151014119601248,0.0,0.0,0.0,0.0,2.1239309589756514,0.27,0.06
705,0.29937627649165965,0.016167678692071558,0.28320859779958807,0.0,0.0,0.0,0.0,2.1239309589756514,0.27,0.06
706,0.16786260204698814,0.06425733661990934,0.0,0.0,0.0,0.10360526542707879,0.0,2.0148727848418844,0.27,0.06
707,0.11503991249212525,0.13301590196658872,0.0,3.608224830031759e-16,0.017975989474463105,0.0,0.0,2.0319499748426244,0.27,0.06
708,0.08830722973009231,0.16328436860884776,0.0,0.0,0.07497713887875546,0.0,0.0,2.103178256777442,0.27,0.06
709,0.08943537283734795,0.11547029611326101,0.0,0.0,0.026034923275913058,0.0,0.0,2.1279114338895595,0.27,0.06
710,0.17383314275559542,0.10091019910932163,0.0,0.0,0.0,0.07292294364627379,0.0,2.0511504405776924,0.27,0.06
711,0.04074920800908849,0.04997282504822116,0.0,-0.0,0.009223617039132673,0.0,0.0,2.0599128767648685,0.27,0.06
712,0.08100537569722831,0.025032343429485793,0.055973032267742515,0.0,0.0,0.0,0.0,2.0599128767648685,0.27,0.06
713,0.07075428921487588,0.009553628318042282,0.061200660896833625,0.0,0.0,0.0,0.0,2.0599128767648685,0.27,0.06
714,0.2120952130439659,0.000918618107504065,0.21117659493646182,0.0,0.0,0.0,0.0,2.0599128767648685,0.27,0.06
715,0.07881842327785075,0.0,0.07881842327785082,0.0,0.0,0.0,0.0,2.0599128767648685,0.27,0.06
716,0.15569536971984682,0.0,0.15569536971984682,0.0,0.0,0.0,0.0,2.0599128767648685,0.27,0.06
717,0.151390798676225,0.0,0.151390798676225,0.0,0.0,0.0,0.0,2.0599128767648685,0.27,0.06
718,0.22457751589400177,0.0,0.22457751589400177,0.0,0.0,0.0,0.0,2.0599128767648685,0.27,0.06
719,0.14212474825881868,0.0,0.14212474825881868,0.0,0.0,0.0,0.0,2.0599128767648685,0.27,0.06
720,0.21842482707953526,0.0,0.21842482707953526,0.0,0.0,0.0,0.0,2.0599128767648685,0.27,0.06
721,0.08481729813625825,0.0,0.08481729813625825,0.0,0.0,0.0,0.0,2.0599128767648685,0.27,0.06
722,0.03377796258126756,0.0,0.0,0.0,0.0,0.03377796258126756,0.0,2.0243571266793237,0.27,0.06
723,0.05443303549719898,0.0,0.0,0.0,0.0,0.05443303549719898,0.0,1.9670591945770088,0.27,0.06
724,0.023836854309172557,0.0,0.023836854309172557,0.0,0.0,0.0,0.0,1.9670591945770088,0.27,0.06
725,0.03214972825864293,0.0,0.03214972825864293,0.0,0.0,0.0,0.0,1.9670591945770088,0.27,0.06
726,0.06427451724257682,0.0,0.06427451724257682,0.0,0.0,0.0,0.0,1.9670591945770088,0.27,0.06
727,0.022461668752967043,0.0,0.022461668752967043,0.0,0.0,0.0,0.0,1.9670591945770088,0.27,0.06
728,0.10170458198934662,0.0,0.10170458198934662,0.0,0.0,0.0,0.0,1.9670591945770088,0.27,0.06
729,0.26801298410512386,0.008405355683662194,0.2596076284214617,0.0,0.0,0.0,0.0,1.9670591945770088,0.27,0.06
730,0.18947646603196788,0.04009768039255246,0.14937878563941542,0.0,0.0,0.0,0.0,1.9670591945770088,0.27,0.06
731,0.16144067352335975,0.043818083727943935,0.11762258979541582,0.0,0.0,0.0,0.0,1.9670591945770088,0.27,0.06
732,0.09886489954761107,0.07119290333156507,0.0,0.0,0.0,0.027671996216046005,0.0,1.9379307775074868,0.27,0.06
733,0.14332927605562823,0.09728165758468062,0.0,0.0,0.0,0.04604761847094761,0.0,1.889459600169647,0.27,0.06
734,0.053045053873341755,0.054841501017992705,0.0,0.0,0.0017964471446509506,0.0,0.0,1.8911662249570655,0.27,0.06
735,0.26262205303229313,0.040051749487177254,0.22257030354511587,0.0,0.0,0.0,0.0,1.8911662249570655,0.27,0.06
736,0.14319295876350113,0.02144973281021992,0.12174322595328121,0.0,0.0,0.0,0.0,1.8911662249570655,0.27,0.06
737,0.20605246595360974,0.01001293737179431,0.1960395285818155,0.0,0.0,0.0,0.0,1.8911662249570655,0.27,0.06
738,0.08830866602340012,0.001010479918254472,0.08729818610514566,0.0,0.0,0.0,0.0,1.8911662249570655,0.27,0.06
739,0.30081531181400534,0.0,0.30081531181400534,0.0,0.0,0.0,0.0,1.8911662249570655,0.27,0.06
740,0.41419225779988067,0.0,0.41419225779988067,0.0,0.0,0.0,0.0,1.8911662249570655,0.27,0.06
741,0.2421486059337445,0.0,0.2421486059337445,0.0,0.0,0.0,0.0,1.8911662249570655,0.27,0.06
742,0.3479967635441147,0.0,0.3479967635441147,0.0,0.0,0.0,0.0,1.8911662249570655,0.27,0.06
743,0.19722030668729257,0.0,0.19722030668729257,0.0,0.0,0.0,0.0,1.8911662249570655,0.27,0.06
744,0.2678948163375231,0.0,0.2678948163375231,0.0,0.0,0.0,0.0,1.8911662249570655,0.27,0.06
745,0.08414694087784975,0.0,0.08414694087784975,0.0,0.0,0.0,0.0,1.8911662249570655,0.27,0.06
746,0.04910712933957782,0.0,0.0,0.0,0.0,0.04910712933957782,0.0,1.8394745098627732,0.27,0.06
747,0.027964369559572422,0.0,0.0,0.0,0.0,0.027964369559572422,0.0,1.8100383313790127,0.27,0.06
748,0.05006383125472377,0.0,0.0,0.0,0.0,0.05006383125472377,0.0,1.7573395616371983,0.27,0.06
749,0.024194491342826807,0.0,0.024194491342826807,0.0,0.0,2.1094237467877976e-16,0.0,1.757339561637198,0.27,0.06
750,0.04750644573404006,0.0,0.04750644573404006,0.0,0.0,0.0,0.0,1.757339561637198,0.27,0.06
751,0.03497361147399193,0.0,0.03497361147399193,0.0,0.0,0.0,0.0,1.757339561637198,0.27,0.06
752,0.10958996282155353,0.0,0.10958996282155353,0.0,0.0,0.0,0.0,1.757339561637198,0.27,0.06
753,0.22659498570305311,0.020852631040342285,0.20574235466271082,0.0,0.0,0.0,0.0,1.757339561637198,0.27,0.06
754,0.16699312230726424,0.060904380527519536,0.1060887417797447,0.0,0.0,0.0,0.0,1.757339561637198,0.27,0.06
755,0.08710635795261207,0.12171689924428873,0.0,-4.3021142204224816e-16,0.034610541291677094,0.0,0.0,1.7902195758642914,0.27,0.06
756,0.09669231006131182,0.32174599215329897,0.0,0.0,0.22505368209198715,0.0,0.0,2.004020573851679,0.27,0.06
757,0.2826035043868431,0.4578851956854014,0.0,1.1379786002407855e-15,0.17528169129855717,0.0,0.0,2.1705381805853086,0.27,0.06
758,0.1888172074036657,0.29166124913254077,0.0,0.0,0.10284404172887507,0.0,0.0,2.26824002022774,0.27,0.06
759,0.32850234619304397,0.22189220386760705,0.0,0.0,0.0,0.1066101423254372,0.0,2.1560188177799113,0.27,0.06
760,0.12445259539905094,0.14394745744588702,0.0,0.0,0.01949486204683608,0.0,0.0,2.1745389367244057,0.27,0.06
761,0.09541975419055806,0.11707787780139306,0.0,0.0,0.021658123610834995,0.0,0.0,2.195114154154699,0.27,0.06
762,0.251651383602708,0.034677833558278484,0.21697355004442953,0.0,0.0,0.0,0.0,2.195114154154699,0.27,0.06
763,0.1845915019198563,0.0,0.18459150191985663,0.0,0.0,-3.3306690738754696e-16,0.0,2.195114154154699,0.27,0.06
764,0.22847744394116723,0.0,0.2284774439411672,0.0,0.0,0.0,0.0,2.195114154154699,0.27,0.06
765,0.1905999085429433,0.0,0.0,0.0,0.0,0.1905999085429433,0.0,1.9944826714779165,0.27,0.06
766,0.3369968459598983,0.0,0.3369968459598983,0.0,0.0,0.0,0.0,1.9944826714779165,0.27,0.06
767,0.23204154049853365,0.0,0.23204154049853365,0.0,0.0,0.0,0.0,1.9944826714779165,0.27,0.06
768,0.15616072875158982,0.0,0.15616072875158982,0.0,0.0,0.0,0.0,1.9944826714779165,0.27,0.06
769,0.04200922895642838,0.0,0.0,0.0,0.0,0.04200922895642838,0.0,1.9502624304711498,0.27,0.06
770,0.04060570925042263,0.0,0.0,0.0,0.0,0.04060570925042263,0.0,1.9075195786285997,0.27,0.06
771,0.045399925739901946,0.0,0.0,0.0,0.0,0.045399925739901946,0.0,1.8597301831129134,0.27,0.06
772,0.024966303137617014,0.0,0.0,0.0,0.0,0.024966303137617014,0.0,1.8334498640206849,0.27,0.06
773,0.056834387335802754,0.0,0.0,0.0,0.0,0.056834387335802754,0.0,1.7736241931408925,0.27,0.06
774,0.02742053668437337,0.0,0.02742053668437337,0.0,0.0,0.0,0.0,1.7736241931408925,0.27,0.06
775,0.025654809920551993,0.0,0.025654809920551993,0.0,0.0,0.0,0.0,1.7736241931408925,0.27,0.06
776,0.14590663911050275,0.00211282164725935,0.14379381746324338,0.0,0.0,0.0,0.0,1.7736241931408925,0.27,0.06
777,0.2712740227745343,0.03013067392613336,0.2411433488484009,0.0,0.0,0.0,0.0,1.7736241931408927,0.27,0.06
778,0.13179636308208037,0.052361232127731736,0.07943513095434862,0.0,0.0,2.1094237467877976e-16,0.0,1.7736241931408925,0.27,0.06
779,0.20006051141750375,0.17237868787313793,0.0,0.0,0.0,0.027681823544365824,0.0,1.7444854315152445,0.27,0.06
780,0.18734931564304425,0.38600332877320825,0.0,-8.326672684688674e-17,0.1986540131301641,0.0,0.0,1.9332067439889005,0.27,0.06
781,0.19434719778311982,0.45825264292840295,0.0,-2.220446049250313e-16,0.26390544514528336,0.0,0.0,2.1839169168769197,0.27,0.06
782,0.10783415953876818,0.5155744128366566,0.0,0.0,0.40774025329788843,0.0,0.0,2.5712701575099137,0.27,0.06
783,0.12463983581754669,0.3555052076040732,0.0,-8.881784197001252e-16,0.23086537178652744,0.0,0.0,2.7905922607071147,0.27,0.06
784,0.0726571167035373,0.13976774505674347,0.0,0.0,0.06711062835320616,0.0,0.0,2.8543473576426606,0.27,0.06
785,0.15786221403291475,0.06287940945865328,0.0,0.0,0.0,0.09498280457426148,0.0,2.7543654580908066,0.27,0.06
786,0.11843922703544593,0.021633456431720734,0.0,0.0,0.0,0.0968057706037252,0.0,2.6524646469289905,0.27,0.06
787,0.26494989276795844,0.0,0.0,0.0,0.0,0.26494989276795844,0.0,2.3735700229627184,0.27,0.06
788,0.38755632897794823,0.0,0.38755632897794867,0.0,0.0,0.0,0.0,2.3735700229627184,0.27,0.06
789,0.16128281183161536,0.0,0.0,0.0,0.0,0.16128281183161536,0.0,2.203798642087334,0.27,0.06
790,0.29344412398600817,0.0,0.29344412398600805,0.0,0.0,1.1102230246251565e-16,0.0,2.203798642087334,0.27,0.06
791,0.17671852543894426,0.0,0.17671852543894426,0.0,0.0,0.0,0.0,2.203798642087334,0.27,0.06
792,0.21258054960990022,0.0,0.21258054960990022,0.0,0.0,0.0,0.0,2.203798642087334,0.27,0.06
793,0.08264718952021806,0.0,0.0,0.0,0.0,0.08264718952021806,0.0,2.116801600487104,0.27,0.06
794,0.06865416725456355,0.0,0.0,0.0,0.0,0.06865416725456355,0.0,2.0445340560086165,0.27,0.06
795,0.06933196712374919,0.0,0.0,0.0,0.0,0.06933196712374919,0.0,1.9715530379836173,0.27,0.06
796,0.07062554510564506,0.0,0.0,0.0,0.0,0.07062554510564506,0.0,1.8972103589250435,0.27,0.06
797,0.06872754878538274,0.0,0.0,0.0,0.0,0.06872754878538274,0.0,1.8248655707299037,0.27,0.06
798,0.032629058507107636,0.0,0.0,0.0,0.0,0.032629058507107636,0.0,1.790519193354001,0.27,0.06
799,0.02243176773774002,0.0,0.0,0.0,0.0,0.02243176773774002,0.0,1.766906806261643,0.27,0.06
800,0.12004043292945905,0.003995988767642687,0.11604444416181647,0.0,0.0,0.0,0.0,1.766906806261643,0.27,0.06
801,0.22221964457098972,0.05576011912549679,0.16645952544549292,0.0,0.0,0.0,0.0,1.766906806261643,0.27,0.06
802,0.12796224338283813,0.061547413202772405,0.0,-0.0,0.0,0.06641483018006548,0.0,1.6969964587036794,0.27,0.06
803,0.2586960105613487,0.2205602076117263,0.03813580294962243,0.0,0.0,0.0,0.0,1.6969964587036794,0.27,0.06
804,0.19077108859081499,0.43083189241940667,0.0,-0.0,0.24006080382859168,0.0,0.0,1.9250542223408416,0.27,0.06
805,0.19303011681982293,0.45480782502526296,0.0,-1.1657341758564144e-15,0.26177770820544116,0.0,0.0,2.1737430451360105,0.27,0.06
806,0.06867401421663562,0.5302263716513467,0.0,0.0,0.46155235743471107,0.0,0.0,2.612217784698986,0.27,0.06
807,0.365850281077029,0.3587203709803376,0.0,0.0,0.0,0.007129910096691394,0.0,2.604712616176153,0.27,0.06
808,0.28971224225586106,0.11643484512614037,0.0,0.0,0.0,0.17327739712972068,0.0,2.4223153560396047,0.27,0.06
809,0.13815183039719087,0.05980203879851465,0.0,0.0,0.0,0.07834979159867622,0.0,2.339841891198893,0.27,0.06
810,0.2839690276062501,0.02149566371559513,0.0,0.0,0.0,0.26247336389065495,0.0,2.0635541397350456,0.27,0.06
811,0.3093254802351267,0.0,0.3093254802351267,0.0,0.0,0.0,0.0,2.0635541397350456,0.27,0.06
812,0.2336860963360202,0.0,0.0,0.0,0.0,0.2336860963360202,0.0,1.8175687751708138,0.27,0.06
813,0.2317959343428916,0.0,0.2317959343428919,0.0,0.0,-2.7755575615628914e-16,0.0,1.8175687751708138,0.27,0.06
814,0.24819957906759127,0.0,0.24819957906759127,0.0,0.0,0.0,0.0,1.8175687751708138,0.27,0.06
815,0.30604942577204314,0.0,0.3060494257720432,0.0,0.0,0.0,0.0,1.8175687751708138,0.27,0.06
816,0.24732461529887337,0.0,0.24732461529887337,0.0,0.0,0.0,0.0,1.8175687751708138,0.27,0.06
817,0.07658590118897851,0.0,0.0,0.0,0.0,0.07658590118897851,0.0,1.7369520370771523,0.27,0.06
818,0.04022509152384277,0.0,0.0,0.0,0.0,0.04022509152384277,0.0,1.694609835473107,0.27,0.06
819,0.026443596090798698,0.0,0.0,0.0,0.0,0.026443596090798698,0.0,1.6667744711670032,0.27,0.06
820,0.06466871446952181,0.0,0.0,0.0,0.0,0.06466871446952181,0.0,1.5987021401464538,0.27,0.06
821,0.03679796511919734,0.0,0.0,0.0,0.0,0.03679796511919734,0.0,1.559967440020983,0.27,0.06
822,0.033571528061294,0.0,0.0,0.0,0.0,0.033571528061294,0.0,1.5246289894301472,0.27,0.06
823,0.055863975348172674,0.0,0.0,0.0,0.0,0.055863975348172674,0.0,1.4658248048531233,0.27,0.06
824,0.06539012542641842,0.0027558543225121974,0.0,0.0,0.0,0.06263427110390622,0.0,1.3998939931648011,0.27,0.06
825,0.09674871721667463,0.03316211368089676,0.06358660353577787,0.0,0.0,0.0,0.0,1.3998939931648011,0.27,0.06
826,0.15374814771076106,0.059067144312511415,0.0,0.0,0.0,0.09468100339824971,0.0,1.3002297790613804,0.27,0.06
827,0.13656459571989943,0.1806462508406745,0.0,-0.0,0.04408165512077508,0.0,0.0,1.3421073514261166,0.27,0.06
828,0.052677885075008125,0.39160689922898306,0.0,-0.0,0.3389290141539749,0.0,0.0,1.6640899148723927,0.27,0.06
829,0.08457338941816184,0.45779333387465115,0.0,-0.0,0.3732199444564893,0.0,0.0,2.0186488621060574,0.27,0.06
830,0.06461178502568345,0.5064341626669914,0.0,-1.1102230246251565e-16,0.44182237764130805,0.0,0.0,2.4383801208653,0.27,0.06
831,0.08070688783343369,0.34567599385377995,0.0,5.551115123125783e-16,0.26496910602034573,0.0,0.0,2.6901007715846283,0.27,0.06
832,0.061786465517026566,0.14798937711890503,0.0,0.0,0.08620291160187846,0.0,0.0,2.771993537606413,0.27,0.06
833,0.09138677315423838,0.07794474642171997,0.0,0.0,0.0,0.013442026732518403,0.0,2.757844035782709,0.27,0.06
834,0.11432607471812443,0.024251518038107336,0.0,-0.0,0.0,0.0900745566800171,0.0,2.663028712961639,0.27,0.06
835,0.13214877723097868,0.0,0.0,0.0,0.0,0.13214877723097868,0.0,2.5239247369290294,0.27,0.06
836,0.17234997405706362,0.0,0.0,0.0,0.0,0.17234997405706362,0.0,2.3425037116058047,0.27,0.06
837,0.2769460756193465,0.0,0.2769460756193465,0.0,0.0,0.0,0.0,2.3425037116058047,0.27,0.06
838,0.5480567526731431,0.0,0.32851355015640654,0.0,0.0,0.2195432025167366,0.0,2.1114056036934503,0.27,0.06
839,0.38969549200181,0.0,0.0,0.0,0.0,0.38969549200181014,0.0,1.7011998226389133,0.27,0.06
840,0.17697170477748225,0.0,0.0,0.0,0.0,0.17697170477748225,0.0,1.5149138176099846,0.27,0.06
841,0.06583289548159243,0.0,0.0,0.0,0.0,0.06583289548159243,0.0,1.445616032892519,0.27,0.06
842,0.024738324218025805,0.0,0.0,0.0,0.0,0.024738324218025805,0.0,1.4195756916103865,0.27,0.06
843,0.05270021290733917,0.0,0.0,0.0,0.0,0.05270021290733917,0.0,1.3641017832868716,0.27,0.06
844,0.03264511887773178,0.0,0.0,0.0,0.0,0.03264511887773178,0.0,1.3297385002576803,0.27,0.06
845,0.02264642830120389,0.0,0.0,0.0,0.0,0.02264642830120389,0.0,1.3059001546774656,0.27,0.06
846,0.0641375470898557,0.0,0.0,0.0,0.0,0.0641375470898557,0.0,1.2383869472144595,0.27,0.06
847,0.022573046770384755,0.0,0.0,0.0,0.0,0.022573046770384755,0.0,1.2146258453508967,0.27,0.06
848,0.02565964108895115,0.0028477161332626038,0.0,0.0,0.0,0.022811924955688546,0.0,1.1906132927659612,0.27,0.06
849,0.10015886924586363,0.03899533866354759,0.0,0.0,0.0,0.06116353058231604,0.0,1.1262306289951023,0.27,0.06
850,0.18165023436962047,0.0617311368242732,0.0,0.0,0.0,0.11991909754534727,0.0,1.0,0.27,0.06
851,0.22815480023537685,0.17665026207303172,0.051504538162345126,0.0,0.0,0.0,0.0,1.0,0.27,0.06
852,0.24148425499280535,0.3563319639008271,0.0,-0.0,0.11484770890802176,0.0,0.0,1.1091053234626207,0.27,0.06
853,0.18553658291642075,0.3954191643751249,0.0,-0.0,0.20988258145870417,0.0,0.0,1.3084937758483897,0.27,0.06
854,0.08173018152921625,0.5118080785958902,0.0,-0.0,0.43007789706667393,0.0,0.0,1.7170677780617298,0.27,0.06
855,0.16396985546636214,0.3396590452496282,0.0,-4.996003610813204e-16,0.17568918978326656,0.0,0.0,1.883972508355833,0.27,0.06
856,0.031698471015740685,0.11707787780139317,0.0,0.0,0.08537940678565248,0.0,0.0,1.965082944802203,0.27,0.06
857,0.09963188017400212,0.05759735534050493,0.0,-0.0,0.0,0.04203452483349719,0.0,1.9208360765564163,0.27,0.06
858,0.5016785806184775,0.021587525526345536,0.48009105509213196,0.0,0.0,0.0,0.0,1.9208360765564163,0.27,0.06
859,0.4987420136645219,0.0,0.4987420136645219,0.0,0.0,0.0,0.0,1.9208360765564163,0.27,0.06
860,0.3702183101704339,0.0,0.3702183101704339,0.0,0.0,0.0,0.0,1.9208360765564163,0.27,0.06
861,0.22866847095111104,0.0,0.22866847095111104,0.0,0.0,0.0,0.0,1.9208360765564163,0.27,0.06
862,0.2596566296400613,0.0,0.2596566296400613,0.0,0.0,0.0,0.0,1.9208360765564163,0.27,0.06
863,0.17307086272548464,0.0,0.0,0.0,0.0,0.17307086272548464,0.0,1.7386562210559062,0.27,0.06
864,0.13130188646782362,0.0,0.0,0.0,0.0,0.13130188646782362,0.0,1.600443708984513,0.27,0.06
865,0.02527458391032885,0.0,0.02527458391032885,0.0,0.0,0.0,0.0,1.600443708984513,0.27,0.06
866,0.053201609843897185,0.0,0.05320160984389721,0.0,0.0,0.0,0.0,1.600443708984513,0.27,0.06
867,0.02389822320505331,0.0,0.02389822320505331,0.0,0.0,0.0,0.0,1.600443708984513,0.27,0.06
868,0.04279657883336707,0.0,0.0,0.0,0.0,0.04279657883336707,0.0,1.5553946786336001,0.27,0.06
869,0.029083503190624162,0.0,0.0,0.0,0.0,0.029083503190624162,0.0,1.5247804647487326,0.27,0.06
870,0.023586678129369106,0.0,0.0,0.0,0.0,0.023586678129369106,0.0,1.4999523825072916,0.27,0.06
871,0.06491889064932518,0.0,0.0,0.0,0.0,0.06491889064932518,0.0,1.4316167081395808,0.27,0.06
872,0.18257690469742044,0.0031692324708890293,0.0,0.0,0.0,0.17940767222653142,0.0,1.2427665268484953,0.27,0.06
873,0.3331064496774118,0.029120194007878877,0.30398625566953297,0.0,0.0,0.0,0.0,1.2427665268484953,0.27,0.06
874,0.1453040487818008,0.049054206940717104,0.0,0.0,0.0,0.0962498418410837,0.0,1.1414509038578808,0.27,0.06
875,0.10521240196346912,0.1841829305545652,0.0,0.0,0.07897052859109607,0.0,0.0,1.2164729060194222,0.27,0.06
876,0.1480508944470018,0.41076008677044296,0.0,-0.0,0.26270919232344114,0.0,0.0,1.4660466387266913,0.27,0.06
877,0.15792697780388681,0.4542107232553852,0.0,-0.0,0.2962837454514984,0.0,0.0,1.7475161969056148,0.27,0.06
878,0.11413335027063501,0.5252199029654495,0.0,-0.0,0.41108655269481453,0.0,0.0,2.1380484219656886,0.27,0.06
879,0.3653048813364025,0.3170610398050282,0.0,0.0,0.0,0.04824384153137429,0.0,2.0872654308800316,0.27,0.06
880,0.11324297899188787,0.19525227874998924,0.0,-0.0,0.08200929975810137,0.0,0.0,2.165174265650228,0.27,0.06
881,0.16685902474115893,0.1071108713349741,0.059748153406184834,0.0,0.0,0.0,0.0,2.165174265650228,0.27,0.06
882,0.34766589379483437,0.03160046289813985,0.31606543089669453,0.0,0.0,0.0,0.0,2.165174265650228,0.27,0.06
883,0.14741043820382013,0.0002755854322512198,0.1471348527715689,0.0,0.0,0.0,0.0,2.165174265650228,0.27,0.06
884,0.19935516083123087,0.0,0.0,0.0,0.0,0.19935516083123087,0.0,1.955326727933143,0.27,0.06
885,0.2316684959548497,0.0,0.0,0.0,0.0,0.2316684959548497,0.0,1.7114651532438274,0.27,0.06
886,0.3334204756233544,0.0,0.3334204756233544,0.0,0.0,0.0,0.0,1.7114651532438274,0.27,0.06
887,0.2401449767692963,0.0,0.0,0.0,0.0,0.2401449767692963,0.0,1.458680967170884,0.27,0.06
888,0.13859277244270038,0.0,0.0,0.0,0.0,0.13859277244270038,0.0,1.312793838283831,0.27,0.06
889,0.048692824006323,0.0,0.048692824006323,0.0,0.0,0.0,0.0,1.312793838283831,0.27,0.06
890,0.05904614845777051,0.0,0.05904614845777045,0.0,0.0,0.0,0.0,1.312793838283831,0.27,0.06
891,0.02680319170623633,0.0,0.02680319170623633,0.0,0.0,0.0,0.0,1.312793838283831,0.27,0.06
892,0.04760476653956825,0.0,0.04760476653956825,0.0,0.0,0.0,0.0,1.312793838283831,0.27,0.06
893,0.027899475216481437,0.0,0.0,0.0,0.0,0.027899475216481437,0.0,1.283425969634903,0.27,0.06
894,0.02503615922122602,0.0,0.0,0.0,0.0,0.02503615922122602,0.0,1.2570721178230864,0.27,0.06
895,0.05740459577901856,0.0,0.0,0.0,0.0,0.05740459577901856,0.0,1.1966462275293825,0.27,0.06
896,0.07702370950363463,0.0022965452687601635,0.0,0.0,0.0,0.07472716423487447,0.0,1.1179860546505673,0.27,0.06
897,0.19920317488483702,0.03104929203363741,0.0662089785044332,0.0,0.0,0.10194490434676641,0.0,1.0106756290223922,0.27,0.06
898,0.1782489612445165,0.16810711367324405,0.0,0.0,0.0,0.010141847571272455,0.0,1.0,0.27,0.06
899,0.06334340746273438,0.24246924947569795,0.0,0.0,0.17912584201296355,0.0,0.0,1.1701695499123153,0.27,0.06
900,0.1879308838606043,0.2930851071991722,0.0,0.0,0.10515422333856789,0.0,0.0,1.2700660620839548,0.27,0.06
901,0.06274499544183712,0.30695624062248344,0.0,-0.0,0.24421124518064632,0.0,0.0,1.5020667450055687,0.27,0.06
902,0.03372246943073699,0.20710245233679156,0.0,-0.0,0.17337998290605455,0.0,0.0,1.6667777287663206,0.27,0.06
903,0.0512641807437285,0.3139377382395143,0.0,-0.0,0.2626735574957858,0.0,0.0,1.916317608387317,0.27,0.06
904,0.03253400200455184,0.182575348866433,0.0,-0.0,0.15004134686188117,0.0,0.0,2.058856887906104,0.27,0.06
905,0.042460225055092796,0.12750419332156435,0.0,-0.0,0.08504396826647155,0.0,0.0,2.139648657759252,0.27,0.06
906,0.026419179104565215,0.0,0.0,0.0,0.0,0.026419179104565215,0.0,2.1118389955439203,0.27,0.06
907,0.023552076517861863,0.0,0.0,-6.938893903907228e-18,0.0,0.023552076517861856,0.0,2.0870473360514343,0.27,0.06
908,0.050567317345184146,0.0,0.0,0.0,0.0,0.050567317345184146,0.0,2.0338185809512406,0.27,0.06
909,0.32993994522208164,0.0,0.32993994522208164,0.0,0.0,0.0,0.0,2.0338185809512406,0.27,0.06
910,0.19508597483182938,0.0,0.19508597483182938,0.0,0.0,0.0,0.0,2.0338185809512406,0.27,0.06
911,0.21597490241270267,0.0,0.21597490241270267,0.0,0.0,0.0,0.0,2.0338185809512406,0.27,0.06
912,0.11621610613913425,0.0,0.0,0.0,0.0,0.11621610613913425,0.0,1.9114858376468888,0.27,0.06
913,0.023725084575398105,0.0,0.0,0.0,0.0,0.023725084575398105,0.0,1.8865120644096276,0.27,0.06
914,0.05349735569319512,0.0,0.0,0.0,0.0,0.05349735569319512,0.0,1.8301990584167906,0.27,0.06
915,0.022645122580014942,0.0,0.0,0.0,0.0,0.022645122580014942,0.0,1.8063620872799329,0.27,0.06
916,0.03044589267917794,0.0,0.0,0.0,0.0,0.03044589267917794,0.0,1.7743137791965877,0.27,0.06
917,0.049988882858477926,0.0,0.0,0.0,0.0,0.049988882858477995,0.0,1.721693902503453,0.27,0.06
918,0.023258680966704026,0.0,0.0,0.0,0.0,0.023258680966704026,0.0,1.6972110804332383,0.27,0.06
919,0.041872389375826075,0.0,0.0,0.0,0.0,0.041872389375826075,0.0,1.6531348810902635,0.27,0.06
920,0.11161017464510187,0.0,0.0,0.0,0.0,0.11161017464510187,0.0,1.5356504867269987,0.27,0.06
921,0.21256814525860507,0.0,0.13337228765135178,0.0,0.0,0.07919585760725328,0.0,1.4522864260877846,0.27,0.06
922,0.19107858593081345,0.0,0.0,0.0,0.0,0.19107858593081345,0.0,1.251151072476402,0.27,0.06
923,0.10586069253378438,0.0,0.0,0.0,0.0,0.10586069253378438,0.0,1.1397187645461027,0.27,0.06
924,0.13273282631879743,0.0,0.0,0.0,0.0,0.13273282631879743,0.0,1.0,0.27,0.06
925,0.2010514232277999,0.4797942375493735,0.0,0.0,0.2787428143215736,0.0,0.0,1.264805673605495,0.27,0.06
926,0.11658823667798587,0.5040916864928561,0.0,-1.1102230246251565e-16,0.3875034498148703,0.0,0.0,1.6329339509296217,0.27,0.06
927,0.26381665734806614,0.24595999828421342,0.0,0.0,0.0,0.017856659063852726,0.0,1.6141374677045135,0.27,0.06
928,0.0914025723806247,0.1450038682695168,0.0,-0.0,0.053601295888892106,0.0,0.0,1.665058698798961,0.27,0.06
929,0.09892391814535162,0.0617770677296484,0.0,0.0,0.0,0.03714685041570322,0.0,1.6259567509929578,0.27,0.06
930,0.1613534513479377,0.010518177330921549,0.14655056224302543,0.0,0.0,0.004284711773990535,0.0,1.6214465280729677,0.27,0.06
931,0.07560752430209594,0.0,0.07560752430209608,0.0,0.0,-1.3877787807814457e-16,0.0,1.6214465280729677,0.27,0.06
932,0.050851964564375934,0.0,0.0,0.0,0.0,0.050851964564375934,0.0,1.567918144320993,0.27,0.06
933,0.16458315270881343,0.0,0.0,0.0,0.0,0.16458315270881343,0.0,1.3946727204169789,0.27,0.06
934,0.27346502292959807,0.0,0.27346502292959807,0.0,0.0,0.0,0.0,1.3946727204169789,0.27,0.06
935,0.18951054535499964,0.0,0.18951054535499964,0.0,0.0,0.0,0.0,1.3946727204169789,0.27,0.06
936,0.12439044307045669,0.0,0.0,0.0,0.0,0.12439044307045669,0.0,1.2637354119217614,0.27,0.06
937,0.06575716365263312,0.0,0.0,0.0,0.0,0.06575716365263312,0.0,1.1945173449189896,0.27,0.06
938,0.024908067972589674,0.0,0.0,0.0,0.0,0.024908067972589674,0.0,1.1682983260004742,0.27,0.06
939,0.04558168212940426,0.0,0.0,0.0,0.0,0.04558168212940414,0.0,1.1203176079695225,0.27,0.06
940,0.034732575342511174,0.0,0.034732575342511174,0.0,0.0,0.0,0.0,1.1203176079695225,0.27,0.06
941,0.022958234521125925,0.0,0.0,0.0,0.0,0.022958234521125942,0.0,1.0961510453157057,0.27,0.06
942,0.05767814436810431,0.0,0.05767814436810431,0.0,0.0,0.0,0.0,1.0961510453157057,0.27,0.06
943,0.03240473560684548,0.0,0.03240473560684548,0.0,0.0,0.0,0.0,1.0961510453157057,0.27,0.06
944,0.07219893913833363,0.008083839346035768,0.0,0.0,0.0,0.06411509979229786,0.0,1.028661466586971,0.27,0.06
945,0.21195471744403482,0.05612756636849839,0.15582715107553644,0.0,0.0,0.0,0.0,1.028661466586971,0.27,0.06
946,0.12235129828966856,0.09512290503204597,0.0,0.0,0.0,0.027228393257622593,0.0,1.0,0.27,0.06
947,0.17384411081358267,0.18358582878468752,0.0,-2.7755575615628914e-17,0.009741717971104874,0.0,0.0,1.0092546320725495,0.27,0.06
948,0.13098720766128594,0.3456300629484047,0.0,-3.885780586188048e-16,0.21464285528711916,0.0,0.0,1.2131653445953128,0.27,0.06
949,0.039908976423997156,0.32137854491029727,0.0,0.0,0.2814695684863001,0.0,0.0,1.480561434657298,0.27,0.06
950,0.053453875177603,0.2642864295289196,0.0,-8.326672684688674e-17,0.2108325543513167,0.0,0.0,1.6808523612910489,0.27,0.06
951,0.06367675808227406,0.2055867324594099,0.0,0.0,0.14190997437713582,0.0,0.0,1.8156668369493278,0.27,0.06
952,0.039229348545147,0.13935436690836672,0.0,-0.0,0.10012501836321971,0.0,0.0,1.9107856043943865,0.27,0.06
953,0.04536427955144355,0.05906714431251142,0.0,-0.0,0.01370286476106787,0.0,0.0,1.923803325917401,0.27,0.06
954,0.032736127644601765,0.012125759019053661,0.0,0.0,0.0,0.02061036862554815,0.0,1.902108201048403,0.27,0.06
955,0.041491510505008426,0.0,0.0,0.0,0.0,0.041491510505008426,0.0,1.8584329268326045,0.27,0.06
956,0.13901791526182355,0.0,0.0,0.0,0.0,0.13901791526182358,0.0,1.7120982791885797,0.27,0.06
957,0.14956043871355043,0.0,0.0,0.0,0.0,0.14956043871355043,0.0,1.554666238437474,0.27,0.06
958,0.26081362918559237,0.0,0.26081362918559237,0.0,0.0,0.0,0.0,1.554666238437474,0.27,0.06
959,0.1139278297554938,0.0,0.0,0.0,0.0,0.1139278297554938,0.0,1.4347422071159017,0.27,0.06
960,0.19476228654908845,0.0,0.19476228654908845,0.0,0.0,0.0,0.0,1.4347422071159017,0.27,0.06
961,0.19342509747948133,0.0,0.19342509747948133,0.0,0.0,0.0,0.0,1.4347422071159017,0.27,0.06
962,0.06355323685779907,0.0,0.0,0.0,0.0,0.06355323685779907,0.0,1.3678440630550608,0.27,0.06
963,0.06062724624547387,0.0,0.0,0.0,0.0,0.06062724624547387,0.0,1.3040259091124566,0.27,0.06
964,0.023945620884212315,0.0,0.0,0.0,0.0,0.023945620884212315,0.0,1.2788199923922332,0.27,0.06
965,0.048832666745659906,0.0,0.0,0.0,0.0,0.048832666745659906,0.0,1.2274171852915385,0.27,0.06
966,0.030456991309284046,0.0,0.0,0.0,0.0,0.030456991309284046,0.0,1.1953571944396606,0.27,0.06
967,0.024229876387047426,0.0,0.0,0.0,0.0,0.024229876387047426,0.0,1.1698520614006633,0.27,0.06
968,0.13459674331602794,0.0,0.10986706249255906,0.0,0.0,0.02472968082346876,0.0,1.143820818428591,0.27,0.06
969,0.2885992455143974,0.009921075561043907,0.2786781699533536,0.0,0.0,0.0,0.0,1.143820818428591,0.27,0.06
970,0.11520351935710106,0.02117414737796871,0.0,0.0,0.0,0.09402937197913236,0.0,1.0448425321347674,0.27,0.06
971,0.16250457514811895,0.1440393192566375,0.0,0.0,0.0,0.018465255891481458,0.0,1.02540542067005,0.27,0.06
972,0.10190213760523507,0.3430120013420181,0.0,0.0,0.241109863736783,0.0,0.0,1.254459791219994,0.27,0.06
973,0.11363064761288807,0.5015654866972197,0.0,0.0,0.3879348390843316,0.0,0.0,1.6229978883501088,0.27,0.06
974,0.16816004533383153,0.5526406534744459,0.0,-1.1102230246251565e-16,0.38448060814061447,0.0,0.0,1.9882544660836925,0.27,0.06
975,0.09541662045970456,0.37502584238853476,0.0,0.0,0.2796092219288302,0.0,0.0,2.253883226916081,0.27,0.06
976,0.06603658798706914,0.16296285227122115,0.0,0.0,0.096926264284152,0.0,0.0,2.3459631779860257,0.27,0.06
977,0.24884852249850126,0.092183327088033,0.0,0.0,0.0,0.15666519541046825,0.0,2.1810524459750065,0.27,0.06
978,0.13533095034057643,0.03688251701628823,0.0,-0.0,0.0,0.09844843332428826,0.0,2.077422516159966,0.27,0.06
979,0.047165260787366665,0.0009645490128792685,0.0,0.0,0.0,0.046200711774487396,0.0,2.0287901879762953,0.27,0.06
980,0.10405840557667231,0.0,0.0,0.0,0.0,0.10405840557667212,0.0,1.9192550242113773,0.27,0.06
981,0.22332363183625006,0.0,0.0,0.0,0.0,0.22332363183625006,0.0,1.6841775170153246,0.27,0.06
982,0.16889960581525482,0.0,0.0,0.0,0.0,0.16889960581525482,0.0,1.5063884582624247,0.27,0.06
983,0.26475090085876246,0.0,0.26475090085876246,0.0,0.0,0.0,0.0,1.5063884582624247,0.27,0.06
984,0.1398183223506519,0.0,0.0,0.0,0.0,0.1398183223506519,0.0,1.3592112768406859,0.27,0.06
985,0.07418742193699045,0.0,0.0,0.0,0.0,0.07418742193699045,0.0,1.281119253749117,0.27,0.06
986,0.02324183716336654,0.0,0.0,0.0,0.0,0.02324183716336654,0.0,1.2566541619982046,0.27,0.06
987,0.04951712579290912,0.0,0.0,0.0,0.0,0.04951712579290912,0.0,1.2045308716898793,0.27,0.06
988,0.023623630039016436,0.0,0.0,0.0,0.0,0.023623630039016436,0.0,1.179663892701441,0.27,0.06
989,0.036388360382222734,0.0,0.0,0.0,0.0,0.036388360382222734,0.0,1.141360355456996,0.27,0.06
990,0.04402017015953512,0.0,0.0,0.0,0.0,0.044020170159535,0.0,1.0950233342364328,0.27,0.06
991,0.023310518097905523,0.0,0.0,0.0,0.0,0.023310518097905523,0.0,1.0704859467649532,0.27,0.06
992,0.0720140490179779,0.005052399591272364,0.0,0.0,0.0,0.06696164942670553,0.0,1.0,0.27,0.06
993,0.0825307191901635,0.02967136487238131,0.052859354317782103,0.0,0.0,0.0,0.0,1.0,0.27,0.06
994,0.1377353053379148,0.04611462899670407,0.09162067634121074,0.0,0.0,0.0,0.0,1.0,0.27,0.06
995,0.12408725461038181,0.212843815508692,0.0,0.0,0.08875656089831019,0.0,0.0,1.0843187328533948,0.27,0.06
996,0.04963490184415269,0.43358774674191874,0.0,-1.2212453270876722e-15,0.38395284489776726,0.0,0.0,1.4490739355062736,0.27,0.06
997,0.22622507489022314,0.5248065248170726,0.0,0.0,0.29858144992684943,0.0,0.0,1.7327263129367805,0.27,0.06
998,0.09256270565700964,0.5790049931598125,0.0,-1.2212453270876722e-15,0.48644228750280405,0.0,0.0,2.194846486064444,0.27,0.06
999,0.09774341561841912,0.378929969345427,0.0,0.0,0.28118655372700785,0.0,0.0,2.4619737121051015,0.27,0.06
1000,0.10283690340440657,0.12314075731092,0.0,0.0,0.02030385390651343,0.0,0.0,2.481262373316289,0.27,0.06
1001,0.09955614834504281,0.06411954390378378,0.0,0.0,0.0,0.035436604441259026,0.0,2.443960684430753,0.27,0.06
1002,0.15391253800845045,0.03008474302075814,0.0,0.0,0.0,0.1238277949876918,0.0,2.313615637075288,0.27,0.06
1003,0.2558718662017616,0.0002755854322512198,0.0,0.0,0.0,0.2555962807695104,0.0,2.0445669204758032,0.27,0.06
1004,0.1701984066819065,0.0,0.0,0.0,0.0,0.1701984066819065,0.0,1.8654107029159022,0.27,0.06
1005,0.18322127810416888,0.0,0.0,0.0,0.0,0.18322127810416888,0.0,1.672546199648356,0.27,0.06
1006,0.3677655129169851,0.0,0.33989273994867525,0.0,0.0,0.027872772968309867,0.0,1.6432064386290826,0.27,0.06
1007,0.29685427601519687,0.0,0.29685427601519687,0.0,0.0,0.0,0.0,1.6432064386290826,0.27,0.06
1008,0.27136777355590114,0.0,0.27136777355590114,0.0,0.0,0.0,0.0,1.6432064386290826,0.27,0.06
1009,0.24021196026628952,0.0,0.0,0.0,0.0,0.24021196026628952,0.0,1.3903517436119357,0.27,0.06
1010,0.11262524229739411,0.0,0.0,0.0,0.0,0.11262524229739411,0.0,1.2717988569830998,0.27,0.06
1011,0.0287620346339039,0.0,0.0,0.0,0.0,0.0287620346339039,0.0,1.2415230310526746,0.27,0.06
1012,0.04646552480220667,0.0,0.0,0.0,0.0,0.04646552480220667,0.0,1.19261195231351,0.27,0.06
1013,0.03315852844922818,0.0,0.0,0.0,0.0,0.03315852844922818,0.0,1.1577082381564276,0.27,0.06
1014,0.023585764124536817,0.0,0.0,0.0,0.0,0.023585764124536817,0.0,1.1328811180253362,0.27,0.06
1015,0.05999436318518831,0.0,0.0,0.0,0.0,0.05999436318518831,0.0,1.0697291567777696,0.27,0.06
1016,0.023182687993506933,0.005052399591272361,0.018130288402234573,0.0,0.0,0.0,0.0,1.0697291567777696,0.27,0.06
1017,0.03575639132676939,0.029028332197128456,0.0,0.0,0.0,0.006728059129641062,0.0,1.0626469892728843,0.27,0.06
1018,0.08745629123125157,0.0615474132027724,0.025908878028479167,0.0,0.0,0.0,0.0,1.0626469892728843,0.27,0.06
1019,0.14883354372766017,0.22189220386760705,0.0,-0.0,0.07305866013994688,0.0,0.0,1.1320527164058338,0.27,0.06
1020,0.06844577415280662,0.4379971136579385,0.0,-6.106226635438361e-16,0.36955133950513247,0.0,0.0,1.4831264889357096,0.27,0.06
1021,0.021044438974477254,0.5315583679072278,0.0,-1.1102230246251565e-16,0.5105139289327506,0.0,0.0,1.9681147214218226,0.27,0.06
1022,0.04116743050591024,0.5836899455080834,0.0,-1.3322676295501878e-15,0.5425225150021745,0.0,0.0,2.4835111106738883,0.27,0.06
1023,0.029919948184267575,0.38333933626144656,0.0,0.0,0.353419388077179,0.0,0.0,2.8192595293472085,0.27,0.06
1024,0.05633442669255256,0.11795056500352197,0.0,6.175615574477433e-16,0.06161613831096879,0.0,0.0,2.877794860742629,0.27,0.06
1025,0.06127540624367031,0.06012355513614111,0.0,0.0,0.0,0.0011518511075292032,0.0,2.8765823858925983,0.27,0.06
1026,0.044994107594375346,0.03357549182927359,0.0,0.0,0.0,0.011418615765101753,0.0,2.864562790350386,0.27,0.06
1027,0.1532570659715957,0.0007348944860032521,0.0,0.0,0.0,0.15252217148559244,0.0,2.7040131361550253,0.27,0.06
1028,0.26631672170855475,0.0,0.26631672170855475,0.0,0.0,0.0,0.0,2.7040131361550253,0.27,0.06
1029,0.21356715254027275,0.0,0.0,0.0,0.0,0.21356715254027261,0.0,2.4792056071652646,0.27,0.06
1030,0.24970951505049724,0.0,0.24970951505049752,0.0,0.0,-2.7755575615628914e-16,0.0,2.4792056071652646,0.27,0.06
1031,0.29645955649977607,0.0,0.0,0.0,0.0,0.296459556499776,0.0,2.167142916112869,0.27,0.06
1032,0.270049778587772,0.0,0.0,0.0,0.0,0.270049778587772,0.0,1.882879991283635,0.27,0.06
1033,0.11460824106705732,0.0,0.0,-1.3877787807814457e-17,0.0,0.1146082410670573,0.0,1.7622397375288377,0.27,0.06
1034,0.027550717086912088,0.0,0.0,0.0,0.0,0.027550717086912088,0.0,1.7332389827005095,0.27,0.06
1035,0.053232163719718686,0.0,0.0,0.0,0.0,0.053232163719718686,0.0,1.677205126153437,0.27,0.06
1036,0.037620177751881166,0.0,0.0,6.938893903907228e-18,0.0,0.03762017775188117,0.0,1.6376049390461938,0.27,0.06
1037,0.02387902910357576,0.0,0.0,0.0,0.0,0.02387902910357576,0.0,1.6124691189371665,0.27,0.06
1038,0.056742856280457124,0.0,0.0,1.3877787807814457e-17,0.0,0.05674285628045714,0.0,1.5527397965366854,0.27,0.06
1039,0.023386641643221455,0.0,0.0,0.0,0.0,0.023386641643221455,0.0,1.5281222790175049,0.27,0.06
1040,0.12311958463724856,0.005557639550399602,0.0,1.3877787807814457e-17,0.0,0.11756194508684897,0.0,1.4043728631366112,0.27,0.06
1041,0.22230451644827157,0.028293437711125198,0.0,0.0,0.0,0.19401107873714643,0.0,1.2001506749922466,0.27,0.06
1042,0.23437460311895505,0.044231461876320745,0.0,0.0,0.0,0.19014314124263432,0.0,1.0,0.27,0.06
1043,0.15687613339101714,0.22372944008261517,0.0,-0.0,0.06685330669159803,0.0,0.0,1.0635106413570181,0.27,0.06
1044,0.322736542566865,0.4426820660062092,0.0,-0.0,0.11994552343934417,0.0,0.0,1.177458888624395,0.27,0.06
1045,0.24893182751035645,0.531879884244854,0.0,-0.0,0.2829480567344975,0.0,0.0,1.4462595425221676,0.27,0.06
1046,0.10552355532279661,0.5766625169856769,0.0,1.0547118733938987e-15,0.4711389616628793,0.0,0.0,1.8938415561019029,0.27,0.06
1047,0.24128513251148986,0.3832934053560715,0.0,0.0,0.14200827284458162,0.0,0.0,2.0287494153042553,0.27,0.06
1048,0.17886330306391895,0.12043083389378306,0.0,0.0,0.0,0.05843246917013589,0.0,1.967241553019902,0.27,0.06
1049,0.28000955867286886,0.0647166456736614,0.06830799200753612,0.0,0.0,0.14698492099167135,0.0,1.8125205835549847,0.27,0.06
1050,0.25339465196207966,0.028523092238001223,0.22487155972407846,0.0,0.0,0.0,0.0,1.8125205835549847,0.27,0.06
1051,0.2062056270490738,0.0006430326752528461,0.0,0.0,0.0,0.20556259437382096,0.0,1.596138905266752,0.27,0.06
1052,0.2777241548758439,0.0,0.2777241548758439,0.0,0.0,0.0,0.0,1.596138905266752,0.27,0.06
1053,0.2173286741414092,0.0,0.2173286741414091,0.0,0.0,0.0,0.0,1.596138905266752,0.27,0.06
1054,0.2343445715316096,0.0,0.2343445715316096,0.0,0.0,0.0,0.0,1.596138905266752,0.27,0.06
1055,0.21051385411202472,0.0,0.21051385411202472,0.0,0.0,0.0,0.0,1.596138905266752,0.27,0.06
1056,0.24925003176410443,0.0,0.24925003176410443,0.0,0.0,0.0,0.0,1.596138905266752,0.27,0.06
1057,0.10026841925361682,0.0,0.10026841925361682,0.0,0.0,0.0,0.0,1.596138905266752,0.27,0.06
1058,0.044725259601569874,0.0,0.0,0.0,0.0,0.044725259601569874,0.0,1.5490596846335207,0.27,0.06
1059,0.05587246253590088,0.0,0.0,0.0,0.0,0.05587246253590088,0.0,1.4902465661746775,0.27,0.06
1060,0.059965506746912436,0.0,0.0,0.0,0.0,0.059965506746912436,0.0,1.427124980125296,0.27,0.06
1061,0.041506787442919184,0.0,0.0,6.938893903907228e-18,0.0,0.04150678744291919,0.0,1.3834336249222232,0.27,0.06
1062,0.07572712836300406,0.0,0.0,0.0,0.0,0.07572712836300406,0.0,1.3037208582243243,0.27,0.06
1063,0.04553062843091618,0.0,0.0,0.0,0.0,0.04553062843091618,0.0,1.255793880928623,0.27,0.06
1064,0.09723052833539837,0.006476257657903657,0.0,0.0,0.0,0.09075427067749471,0.0,1.160263069689155,0.27,0.06
1065,0.18444748087271476,0.032197564668017487,0.0,0.0,0.0,0.15224991620469727,0.0,1.0,0.27,0.06
1066,0.15398996727495512,0.050661788628849215,0.10332817864610591,0.0,0.0,0.0,0.0,1.0,0.27,0.06
1067,0.06197918996451607,0.2289655632953883,0.0,-0.0,0.16698637333087224,0.0,0.0,1.1586370546643285,0.27,0.06
1068,0.17646756582642759,0.4497554254339903,0.0,-0.0,0.2732878596075627,0.0,0.0,1.4182605212915131,0.27,0.06
1069,0.14847682069883814,0.5395962763478881,0.0,-0.0,0.39111945564904993,0.0,0.0,1.7898240041581106,0.27,0.06
1070,0.08796199704773314,0.5786375459168109,0.0,-0.0,0.4906755488690778,0.0,0.0,2.2559657755837343,0.27,0.06
1071,0.2419680246933127,0.3905045574999785,0.0,0.0,0.1485365328066658,0.0,0.0,2.397075481750067,0.27,0.06
1072,0.05512624287641419,0.12520764805280415,0.0,-3.0531133177191805e-16,0.07008140517639028,0.0,0.0,2.4636528166676377,0.27,0.06
1073,0.045731056633420496,0.06393582028228298,0.0,0.0,0.018204763648862483,0.0,0.0,2.480947342134057,0.27,0.06
1074,0.2188070116715422,0.03389700816690002,0.0,0.0,0.0,0.18491000350464218,0.0,2.2863052331818023,0.27,0.06
1075,0.20484611014713577,0.0003215163376264229,0.2039359961728843,0.0,0.0,0.0005885976366250434,0.0,2.285685656722197,0.27,0.06
1076,0.25678743789945563,0.0,0.0,0.0,0.0,0.25678743789945563,0.0,2.015383090512244,0.27,0.06
1077,0.18996585033358737,0.0,0.0,0.0,0.0,0.18996585033358737,0.0,1.8154190375295203,0.27,0.06
1078,0.1505170100565775,0.0,0.0,0.0,0.0,0.1505170100565775,0.0,1.6569800795752283,0.27,0.06
1079,0.3191392806912994,0.0,0.3191392806912993,0.0,0.0,5.551115123125783e-17,0.0,1.6569800795752283,0.27,0.06
1080,0.21007460950406096,0.0,0.21007460950406087,0.0,0.0,0.0,0.0,1.6569800795752283,0.27,0.06
1081,0.09191794053390456,0.0,0.0,0.0,0.0,0.09191794053390456,0.0,1.560224352697434,0.27,0.06
1082,0.0751874737956097,0.0,0.0,0.0,0.0,0.07518747379560964,0.0,1.4810796434388975,0.27,0.06
1083,0.026032816204753978,0.0,0.0,0.0,0.0,0.026032816204753978,0.0,1.4536766790128408,0.27,0.06
1084,0.033322918746917375,0.0,0.0,0.0,0.0,0.033322918746917375,0.0,1.4185999224371384,0.27,0.06
1085,0.06502752665224612,0.0,0.0,0.0,0.0,0.06502752665224612,0.0,1.3501498943821424,0.27,0.06
1086,0.02766679570061,0.0,0.0,0.0,0.0,0.02766679570061,0.0,1.3210269515393949,0.27,0.06
1087,0.048096109422971406,0.0,0.0,0.0,0.0,0.048096109422971406,0.0,1.2703994679362671,0.27,0.06
1088,0.11188333151783088,0.01143679543842561,0.0,0.0,0.0,0.10044653607940526,0.0,1.164666272063209,0.27,0.06
1089,0.15442281384909312,0.07261676139819637,0.0,0.0,0.0,0.08180605245089675,0.0,1.0785546379043702,0.27,0.06
1090,0.22137614868292638,0.14674924267377457,0.0,0.0,0.0,0.07462690600915181,0.0,1.0,0.27,0.06
1091,0.08644200701167268,0.25252811775286776,0.0,-0.0,0.1660861107411951,0.0,0.0,1.1577818052041353,0.27,0.06
1092,0.14543475147281487,0.4206811623314867,0.0,-0.0,0.27524641085867185,0.0,0.0,1.4192658955198736,0.27,0.06
1093,0.13120265165746325,0.49903928690158356,0.0,-0.0,0.3678366352441203,0.0,0.0,1.7687106990017878,0.27,0.06
1094,0.048970289758975556,0.5568662967689645,0.0,-0.0,0.5078960070099889,0.0,0.0,2.251211905661277,0.27,0.06
1095,0.1387439749563812,0.34939639718917137,0.0,-0.0,0.21065242223279018,0.0,0.0,2.451331706782428,0.27,0.06
1096,0.07308382638808725,0.19589531142524205,0.0,0.0,0.1228114850371548,0.0,0.0,2.568002617567725,0.27,0.06
1097,0.15565580636782186,0.11404643804662971,0.0,0.0,0.0,0.04160936832119215,0.0,2.5242032824927856,0.27,0.06
1098,0.29482492414332634,0.03532086623353132,0.259504057909795,0.0,0.0,0.0,0.0,2.5242032824927856,0.27,0.06
1099,0.23759477271515161,0.0004593090537520331,0.2050041982345809,0.0,0.0,0.03213126542681868,0.0,2.4903808978329764,0.27,0.06
1100,0.21950178591618405,0.0,0.0,0.0,0.0,0.21950178591618405,0.0,2.2593263863422566,0.27,0.06
1101,0.15014370436865582,0.0,0.0,0.0,0.0,0.15014370436865582,0.0,2.1012803817436714,0.27,0.06
1102,0.24242176280647343,0.0,0.0,0.0,0.0,0.24242176280647343,0.0,1.846099578789489,0.27,0.06
1103,0.19707393534201093,0.0,0.0,0.0,0.0,0.19707393534201093,0.0,1.6386533310610565,0.27,0.06
1104,0.21111840302251,0.0,0.21111840302250995,0.0,0.0,0.0,0.0,1.6386533310610565,0.27,0.06
1105,0.11947975625092269,0.0,0.0,0.0,0.0,0.11947975625092269,0.0,1.512885166586401,0.27,0.06
1106,0.08393946178092507,0.0,0.08393946178092507,0.0,0.0,0.0,0.0,1.512885166586401,0.27,0.06
1107,0.029913158434085037,0.0,0.0,0.0,0.0,0.029913158434085037,0.0,1.4813976313926271,0.27,0.06
1108,0.04266443984904503,0.0,0.0,0.0,0.0,0.04266443984904503,0.0,1.4364876947094218,0.27,0.06
1109,0.030192974484877646,0.0,0.0,0.0,0.0,0.030192974484877646,0.0,1.4047056163042875,0.27,0.06
1110,0.028295369880972053,0.0,0.0,0.0,0.0,0.028295369880972053,0.0,1.37492101642958,0.27,0.06
1111,0.056856976312371604,0.0,0.0,0.0,0.0,0.056856976312371604,0.0,1.3150715676797151,0.27,0.06
1112,0.07980137018889463,0.006797773995530083,0.0,0.0,0.0,0.07300359619336455,0.0,1.2382256769498579,0.27,0.06
1113,0.205616616220737,0.038536029609795554,0.1670805866109415,0.0,0.0,0.0,0.0,1.2382256769498579,0.27,0.06
1114,0.29341944585553703,0.06710505275317198,0.0,0.0,0.0,0.22631439310236506,0.0,1.0,0.27,0.06
1115,0.16797972523763754,0.2422395949488222,0.0,0.0,0.07425986971118465,0.0,0.0,1.0705468762256254,0.27,0.06
1116,0.28235554793306106,0.4709755037173344,0.0,0.0,0.18861995578427332,0.0,0.0,1.249735834220685,0.27,0.06
1117,0.12909613166332512,0.5537889261088258,0.0,-0.0,0.4246927944455007,0.0,0.0,1.6531939889439107,0.27,0.06
1118,0.30304339445083533,0.5644908270612483,0.0,-0.0,0.261447432610413,0.0,0.0,1.901569049923803,0.27,0.06
1119,0.04931278042683794,0.3861870523947092,0.0,-0.0,0.33687427196787123,0.0,0.0,2.2215996082932805,0.27,0.06
1120,0.057620431491552555,0.13595547991060172,0.0,-0.0,0.07833504841904917,0.0,0.0,2.2960179042913773,0.27,0.06
1121,0.05880589575900312,0.08079246255498256,0.0,-0.0,0.021986566795979434,0.0,0.0,2.316905142747558,0.27,0.06
1122,0.10114795304649563,0.045012287267699215,0.0,0.0,0.0,0.05613566577879641,0.0,2.257814968243562,0.27,0.06
1123,0.1759010134025407,0.0012860653505056916,0.0,0.0,0.0,0.174614948052035,0.0,2.0740097597677356,0.27,0.06
1124,0.23809081619483458,0.0,0.16540207372233906,0.0,0.0,0.07268874247249552,0.0,1.997495294007214,0.27,0.06
1125,0.15603041777693213,0.0,0.0,0.0,0.0,0.15603041777693213,0.0,1.8332527489788644,0.27,0.06
1126,0.3224859746707044,0.0,0.3224859746707044,0.0,0.0,0.0,0.0,1.8332527489788644,0.27,0.06
1127,0.29156388547391543,0.0,0.29156388547391543,0.0,0.0,0.0,0.0,1.8332527489788644,0.27,0.06
1128,0.1664319233402522,0.0,0.0,0.0,0.0,0.1664319233402522,0.0,1.6580612507259673,0.27,0.06
1129,0.07321243992519913,0.0,0.0,0.0,0.0,0.07321243992519913,0.0,1.5809955244889156,0.27,0.06
1130,0.08173174839464306,0.0,0.0,0.0,0.0,0.08173174839464306,0.0,1.4949621051261335,0.27,0.06
1131,0.0726020152693635,0.0,0.0,0.0,0.0,0.07260201526936345,0.0,1.4185389311583825,0.27,0.06
1132,0.028026913604523262,0.0,0.0,0.0,0.0,0.028026913604523262,0.0,1.3890369168378316,0.27,0.06
1133,0.04480308058443143,0.0,0.0,0.0,0.0,0.044803080584431415,0.0,1.3418757793805354,0.27,0.06
1134,0.034359661370946225,0.0,0.0,0.0,0.0,0.034359661370946225,0.0,1.3057077147795393,0.27,0.06
1135,0.02231947571549,0.0,0.0,-6.938893903907228e-18,0.0,0.022319475715489992,0.0,1.2822135298158657,0.27,0.06
1136,0.1283881696346747,0.011436795438425611,0.0,0.0,0.0,0.11695137419624908,0.0,1.1591068201356034,0.27,0.06
1137,0.21445647924206873,0.11767497957127081,0.0,1.3877787807814457e-17,0.0,0.09678149967079794,0.0,1.0572315573242372,0.27,0.06
1138,0.17364577176498075,0.1931394571027297,0.0,0.0,0.01949368533774895,0.0,0.0,1.0757505583950988,0.27,0.06
1139,0.11469624667519275,0.28362334069188017,0.0,-8.326672684688674e-17,0.1689270940166875,0.0,0.0,1.236231297710952,0.27,0.06
1140,0.20845029234500312,0.47676279779461006,0.0,0.0,0.26831250544960694,0.0,0.0,1.4911281778880785,0.27,0.06
1141,0.09701652063252887,0.5602192528613542,0.0,-1.1102230246251565e-16,0.46320273222882546,0.0,0.0,1.9311707735054626,0.27,0.06
1142,0.28498892642694196,0.5475882538831734,0.0,-0.0,0.2625993274562315,0.0,0.0,2.1806401345888826,0.27,0.06
1143,0.15283675432087163,0.3003881211538293,0.0,-0.0,0.14755136683295766,0.0,0.0,2.3208139330801925,0.27,0.06
1144,0.12587661492772287,0.18551492681044607,0.0,-0.0,0.0596383118827232,0.0,0.0,2.3774703293687796,0.27,0.06
1145,0.12429303626976082,0.09117284716977846,0.0,0.0,0.0,0.033120189099982066,0.0,2.34260697242143,0.27,0.06
1146,0.2649478036140565,0.02241428182309919,0.0,0.0,0.0,0.24253352179095733,0.0,2.0873085284309485,0.27,0.06
1147,0.149357921357144,0.0,0.0,0.0,0.0,0.149357921357144,0.0,1.9300896638444813,0.27,0.06
1148,0.0846748439545435,0.0,0.0,-2.7755575615628914e-17,0.0,0.08467484395454347,0.0,1.8409582491554881,0.27,0.06
1149,0.13333411092631037,0.0,0.0,0.0,0.0,0.13333411092631037,0.0,1.7006065534435826,0.27,0.06
1150,0.24141648806309848,0.0,0.24141648806309848,0.0,0.0,0.0,0.0,1.7006065534435826,0.27,0.06
1151,0.19456172777446498,0.0,0.0,0.0,0.0,0.19456172777446498,0.0,1.4958047347336194,0.27,0.06
1152,0.2159564917439382,0.0,0.2159564917439382,0.0,0.0,0.0,0.0,1.4958047347336194,0.27,0.06
1153,0.2046203509535655,0.0,0.2046203509535655,0.0,0.0,0.0,0.0,1.4958047347336194,0.27,0.06
1154,0.055311524713126684,0.0,0.0,0.0,0.0,0.055311524713126684,0.0,1.4375820771408545,0.27,0.06
1155,0.024393744396261054,0.0,0.0,0.0,0.0,0.02439374439626113,0.0,1.4119044514605796,0.27,0.06
1156,0.059367486442371914,0.0,0.0,0.0,0.0,0.059367486442371914,0.0,1.3494123604686092,0.27,0.06
1157,0.025352404893190468,0.0,0.0,0.0,0.0,0.025352404893190468,0.0,1.3227256184757772,0.27,0.06
1158,0.024815753484530714,0.0,0.0,0.0,0.0,0.024815753484530714,0.0,1.296603772702587,0.27,0.06
1159,0.053247048941272815,0.0,0.053247048941272815,0.0,0.0,0.0,0.0,1.296603772702587,0.27,0.06
1160,0.024864587456997576,0.001837236215008131,0.0,0.0,0.0,0.023027351241989444,0.0,1.272364455605756,0.27,0.06
1161,0.11033200417323563,0.034815626274404085,0.0,0.0,0.0,0.07551637789883155,0.0,1.1928735315017227,0.27,0.06
1162,0.20261737464971163,0.10339046799958257,0.09922690665012907,0.0,0.0,0.0,0.0,1.1928735315017227,0.27,0.06
1163,0.08886163894692181,0.13416417460096883,0.0,1.6653345369377348e-16,0.04530253565404685,0.0,0.0,1.2359109403730673,0.27,0.06
1164,0.169503240720908,0.3380514635614961,0.0,0.0,0.16854822284058812,0.0,0.0,1.3960317520716259,0.27,0.06
1165,0.346233909366909,0.2870222276896453,0.0,0.0,0.0,0.059211681677263706,0.0,1.3337036660955588,0.27,0.06
1166,0.1877927385588129,0.22395909460949126,0.0,0.0,0.03616635605067836,0.0,0.0,1.3680617043437033,0.27,0.06
1167,0.098402151958246,0.26254105512466197,0.0,-8.326672684688674e-17,0.16413890316641605,0.0,0.0,1.5239936623517985,0.27,0.06
1168,0.16518535132115858,0.21532408439895295,0.0,-0.0,0.05013873307779437,0.0,0.0,1.571625458775703,0.27,0.06
1169,0.19105939182933607,0.09121877807515373,0.0998406137541823,0.0,0.0,0.0,0.0,1.571625458775703,0.27,0.06
1170,0.22422144572577432,0.04740069434720979,0.17682075137856454,0.0,0.0,0.0,0.0,1.571625458775703,0.27,0.06
1171,0.10566522607179807,0.001331996255880896,0.0,0.0,0.0,0.10433322981591721,0.0,1.4618010063378954,0.27,0.06
1172,0.24934783028115692,0.0,0.24934783028115692,0.0,0.0,0.0,0.0,1.4618010063378954,0.27,0.06
1173,0.45662689071966933,0.0,0.45662689071966933,0.0,0.0,0.0,0.0,1.4618010063378954,0.27,0.06
1174,0.3460958946372371,0.0,0.3460958946372371,0.0,0.0,0.0,0.0,1.4618010063378954,0.27,0.06
1175,0.3879321155361294,0.0,0.3879321155361294,0.0,0.0,0.0,0.0,1.4618010063378954,0.27,0.06
1176,0.4358814618974619,0.0,0.4358814618974619,0.0,0.0,0.0,0.0,1.4618010063378954,0.27,0.06
1177,0.34738842804218173,0.0,0.34738842804218173,0.0,0.0,0.0,0.0,1.4618010063378954,0.27,0.06
1178,0.15876446737448136,0.0,0.0,0.0,0.0,0.15876446737448136,0.0,1.2946805143647573,0.27,0.06
1179,0.07407721906864281,0.0,0.0,0.0,0.0,0.07407721906864281,0.0,1.2167044942925016,0.27,0.06
1180,0.068931763579335,0.0,0.068931763579335,0.0,0.0,0.0,0.0,1.2167044942925016,0.27,0.06
1181,0.06643679153148326,0.0,0.06643679153148326,0.0,0.0,0.0,0.0,1.2167044942925016,0.27,0.06
1182,0.02284280876802247,0.0,0.0,0.0,0.0,0.02284280876802275,0.0,1.192659432431425,0.27,0.06
1183,0.030675699608433662,0.0,0.0,0.0,0.0,0.030675699608433662,0.0,1.1603692223172843,0.27,0.06
1184,0.0583883261227759,0.009783282844918303,0.04860504327785753,0.0,0.0,0.0,0.0,1.1603692223172843,0.27,0.06
1185,0.02645456414878584,0.04248608747206303,0.0,-7.598088824778415e-16,0.016031523323277952,0.0,0.0,1.1755991694743984,0.27,0.06
1186,0.06448003775771813,0.05971017698776425,0.0,0.0,0.0,0.004769860769953879,0.0,1.1705782634007627,0.27,0.06
1187,0.18575372435014337,0.28895132571540383,0.0,8.881784197001252e-16,0.10319760136525957,0.0,0.0,1.2686159846977594,0.27,0.06
1188,0.16282343226246124,0.5203052960903027,0.0,0.0,0.35748186382784153,0.0,0.0,1.6082237553342087,0.27,0.06
1189,0.145969966588167,0.6165764737567287,0.0,-5.551115123125783e-17,0.47060650716856184,0.0,0.0,2.0552999371443423,0.27,0.06
1190,0.09042027833017524,0.6209399097673731,0.0,0.0,0.5305196314371978,0.0,0.0,2.5592935870096802,0.27,0.06
1191,0.08570492740050861,0.4008390112093991,0.0,-1.1102230246251565e-16,0.3151340838088906,0.0,0.0,2.8586709666281265,0.27,0.06
1192,0.09205686926840918,0.12722860788931312,0.0,0.0,0.03517173862090393,0.0,0.0,2.8920841183179853,0.27,0.06
1193,0.07666202473429456,0.06797773995530085,0.0,0.0,0.0,0.008684284778994146,0.0,2.882942765919044,0.27,0.06
1194,0.020158376575653628,0.040556989446304495,0.0,-0.0,0.020398612870650867,0.0,0.0,2.9023214481461626,0.27,0.06
1195,0.04927569794507171,0.0010564108236296756,0.0,0.0,0.0,0.0482192871214423,0.0,2.8515643038078022,0.27,0.06
1196,0.12251830002973552,0.0,0.0,0.0,0.0,0.12251830002973552,0.0,2.7225976721975544,0.27,0.06
1197,0.3279965098044437,0.0,0.0,0.0,0.0,0.3279965098044437,0.0,2.377338188192877,0.27,0.06
1198,0.3347923968765879,0.0,0.3347923968765879,0.0,0.0,0.0,0.0,2.377338188192877,0.27,0.06
1199,0.20828799120121638,0.0,0.0,0.0,0.0,0.20828799120121638,0.0,2.158087671138965,0.27,0.06
1200,0.23144221447280394,0.0,0.0,0.0,0.0,0.23144221447280394,0.0,1.9144642874833817,0.27,0.06
1201,0.2795453747901957,0.0,0.0,0.0,0.0,0.2795453747901957,0.0,1.6202059982305441,0.27,0.06
1202,0.16484834468229012,0.0,0.0,0.0,0.0,0.16484834468229012,0.0,1.4466814248807651,0.27,0.06
1203,0.02520185524010416,0.0,0.0,4.85722573273506e-17,0.0,0.02520185524010421,0.0,1.4201531562069711,0.27,0.06
1204,0.02346655177998541,0.0,0.0,0.0,0.0,0.02346655177998541,0.0,1.3954515227543551,0.27,0.06
1205,0.022863961451283523,0.0,0.0,3.122502256758253e-17,0.0,0.022863961451283554,0.0,1.3713841949108987,0.27,0.06
1206,0.025226272226337616,0.0,0.0,0.0,0.0,0.0252262722263376,0.0,1.3448302241463328,0.27,0.06
1207,0.02223368983337578,0.0,0.0,0.0,0.0,0.02223368983337578,0.0,1.3214263401112003,0.27,0.06
1208,0.0269604005373863,0.019015394825334157,0.0,0.0,0.0,0.007945005712052356,0.0,1.3130631762037768,0.27,0.06
1209,0.12411833077467879,0.09048388358915047,0.0,0.0,0.0,0.03363444718552833,0.0,1.2776584949558523,0.27,0.06
1210,0.15609988214418463,0.12529950986355462,0.0,0.0,0.0,0.030800372280630012,0.0,1.245237050449926,0.27,0.06
1211,0.2241019722369852,0.34829405546016645,0.0,-7.494005416219807e-16,0.12419208322318201,0.0,0.0,1.363219529511949,0.27,0.06
1212,0.1586545256503715,0.3680902756768791,0.0,0.0,0.20943575002650758,0.0,0.0,1.5621834920371311,0.27,0.06
1213,0.38633051792575923,0.5085010534088755,0.0,1.1102230246251565e-16,0.12217053548311618,0.0,0.0,1.6782455007460915,0.27,0.06
1214,0.15766544184973919,0.609365321612822,0.0,0.0,0.4516998797630828,0.0,0.0,2.10736038652102,0.27,0.06
1215,0.3022636177567925,0.36014422904696897,0.0,0.0,0.057880611290176465,0.0,0.0,2.1623469672466875,0.27,0.06
1216,0.13685577154503592,0.2318132794286508,0.0,0.0,0.09495750788361487,0.0,0.0,2.2525565997361214,0.27,0.06
1217,0.1687712534223807,0.16355995404109877,0.0,0.0,0.0,0.005211299381281925,0.0,2.247071021440035,0.27,0.06
1218,0.28394630805756205,0.04937572327834351,0.23457058477921855,0.0,0.0,0.0,0.0,2.247071021440035,0.27,0.06
1219,0.40090497783685425,0.001331996255880896,0.0,0.0,0.0,0.39957298158097304,0.0,1.8264678829337477,0.27,0.06
1220,0.6611077906502544,0.0,0.6611077906502544,0.0,0.0,0.0,0.0,1.8264678829337477,0.27,0.06
1221,0.47213703043476873,0.0,0.47213703043476873,0.0,0.0,0.0,0.0,1.8264678829337477,0.27,0.06
1222,0.4660931081953419,0.0,0.4660931081953419,0.0,0.0,0.0,0.0,1.8264678829337477,0.27,0.06
1223,0.43764066005533875,0.0,0.43764066005533875,0.0,0.0,0.0,0.0,1.8264678829337477,0.27,0.06
1224,0.26557598607806254,0.0,0.26557598607806254,0.0,0.0,0.0,0.0,1.8264678829337477,0.27,0.06
1225,0.16976817155014626,0.0,0.0,0.0,0.0,0.16976817155014626,0.0,1.6477645444599096,0.27,0.06
1226,0.07438458583652237,0.0,0.0,1.3877787807814457e-17,0.0,0.07438458583652238,0.0,1.5694649804214649,0.27,0.06
1227,0.06983245005547488,0.0,0.0,1.3877787807814457e-17,0.0,0.06983245005547489,0.0,1.4959571382578072,0.27,0.06
1228,0.06994278349594149,0.0,0.0,0.0,0.0,0.06994278349594149,0.0,1.4223331556305003,0.27,0.06
1229,0.06918964351415319,0.0,0.0,0.0,0.0,0.06918964351415319,0.0,1.3495019519313918,0.27,0.06
1230,0.07116533024515831,0.0,0.0,0.0,0.0,0.07116533024515831,0.0,1.2745910779891199,0.27,0.06
1231,0.07111845485447493,0.0,0.07111845485447493,0.0,0.0,0.0,0.0,1.2745910779891199,0.27,0.06
1232,0.07795129383626687,0.010472246425546346,0.0,0.0,0.0,0.06747904741072053,0.0,1.2035605017673088,0.27,0.06
1233,0.08345151377261324,0.057138046286752855,0.0,0.0,0.0,0.026313467485860387,0.0,1.1758621149400874,0.27,0.06
1234,0.1085222746053465,0.1423858066631301,0.0,-0.0,0.03386353205778361,0.0,0.0,1.2080324703949818,0.27,0.06
1235,0.19389463481902877,0.35357610957831465,0.0,-0.0,0.15968147475928587,0.0,0.0,1.3597298714163033,0.27,0.06
1236,0.15191426230087637,0.5051480973164857,0.0,-5.551115123125783e-17,0.3532338350156094,0.0,0.0,1.6953020146811322,0.27,0.06
1237,0.4109596838523877,0.5426736470080267,0.0,6.38378239159465e-16,0.13171396315563835,0.0,0.0,1.8204302796789886,0.27,0.06
1238,0.23862159185814405,0.3791136929669279,0.0,0.0,0.14049210110878382,0.0,0.0,1.9538977757323333,0.27,0.06
1239,0.40185397599698564,0.28840015485090137,0.0,0.0,0.0,0.11345382114608427,0.0,1.8344727008417183,0.27,0.06
1240,0.17340643307104564,0.2443064856907063,0.0,0.0,0.07090005261966065,0.0,0.0,1.901827750830396,0.27,0.06
1241,0.2816622099817271,0.14358001020288552,0.0,0.0,0.0,0.13808219977884156,0.0,1.7564780668526678,0.27,0.06
1242,0.15875362988861313,0.042440156566687814,0.0,0.0,0.0,0.11631347332192532,0.0,1.634042831776957,0.27,0.06
1243,0.22818143694763157,0.0008726872021288619,0.22730874974550272,0.0,0.0,0.0,0.0,1.634042831776957,0.27,0.06
1244,0.3258942986902294,0.0,0.32589429869022934,0.0,0.0,5.551115123125783e-17,0.0,1.634042831776957,0.27,0.06
1245,0.4713791898567,0.0,0.4713791898566999,0.0,0.0,0.0,0.0,1.634042831776957,0.27,0.06
1246,0.325504671487445,0.0,0.325504671487445,0.0,0.0,0.0,0.0,1.634042831776957,0.27,0.06
1247,0.34769579481006124,0.0,0.34769579481006124,0.0,0.0,0.0,0.0,1.634042831776957,0.27,0.06
1248,0.31602591908835925,0.0,0.31602591908835925,0.0,0.0,0.0,0.0,1.634042831776957,0.27,0.06
1249,0.07708599240434763,0.0,0.0,0.0,0.0,0.07708599240434763,0.0,1.5528996818776437,0.27,0.06
1250,0.07638939015004113,0.0,0.07638939015004113,0.0,0.0,0.0,0.0,1.5528996818776437,0.27,0.06
1251,0.07821975011271576,0.0,0.0,0.0,0.0,0.07821975011271576,0.0,1.470563102811627,0.27,0.06
1252,0.054877111273561936,0.0,0.0,0.0,0.0,0.054877111273561936,0.0,1.4127977225236672,0.27,0.06
1253,0.02569855158038196,0.0,0.0,0.0,0.0,0.02569855158038196,0.0,1.3857466155969493,0.27,0.06
1254,0.04460996442058525,0.0,0.04460996442058525,0.0,0.0,0.0,0.0,1.3857466155969493,0.27,0.06
1255,0.12030040201817982,0.0,0.0,0.0,0.0,0.12030040201817982,0.0,1.2591146134725495,0.27,0.06
1256,0.12498976909618625,0.022414281823099198,0.10257548727308707,0.0,0.0,0.0,0.0,1.2591146134725495,0.27,0.06
1257,0.1421015064216554,0.10678935499734761,0.03531215142430778,0.0,0.0,0.0,0.0,1.2591146134725495,0.27,0.06
1258,0.22258498535965937,0.15180164226504694,0.07078334309461232,0.0,0.0,0.0,0.0,1.2591146134725495,0.27,0.06
1259,0.1690436268623963,0.3442521357871485,0.0,-0.0,0.17520850892475223,0.0,0.0,1.4255626969510642,0.27,0.06
1260,0.15586093516660618,0.5266437610320808,0.0,-0.0,0.3707828258654746,0.0,0.0,1.777806381523265,0.27,0.06
1261,0.3943832922143897,0.5811637457124469,0.0,1.0824674490095276e-15,0.18678045349805608,0.0,0.0,1.9552478123464183,0.27,0.06
1262,0.23887464062456357,0.5287106517739648,0.0,-1.1102230246251565e-16,0.2898360111494014,0.0,0.0,2.2305920229383496,0.27,0.06
1263,0.21710317609207674,0.3731426752681515,0.0,2.220446049250313e-16,0.15603949917607451,0.0,0.0,2.3788295471556204,0.27,0.06
1264,0.5176846332411407,0.21679387337095954,0.3008907598701811,0.0,0.0,0.0,0.0,2.3788295471556204,0.27,0.06
1265,0.4236326219960111,0.15437377296605825,0.26925884902995284,0.0,0.0,0.0,0.0,2.3788295471556204,0.27,0.06
1266,0.1837464391663658,0.05892935159638582,0.0,0.0,0.0,0.12481708756997997,0.0,2.2474431391872205,0.27,0.06
1267,0.33374037731464934,0.0013779271612560993,0.33236245015339305,0.0,0.0,0.0,0.0,2.2474431391872205,0.27,0.06
1268,0.30981603968581667,0.0,0.30981603968581667,0.0,0.0,0.0,0.0,2.2474431391872205,0.27,0.06
1269,0.22969189521901223,0.0,0.0,0.0,0.0,0.22969189521901207,0.0,2.0056621968514183,0.27,0.06
1270,0.2272131141139041,0.0,0.0,0.0,0.0,0.2272131141139041,0.0,1.766490497784151,0.27,0.06
1271,0.31485769034060235,0.0,0.31485769034060235,0.0,0.0,0.0,0.0,1.766490497784151,0.27,0.06
1272,0.1317835670144285,0.0,0.0,0.0,0.0,0.1317835670144285,0.0,1.6277709535584366,0.27,0.06
1273,0.04616285863060738,0.0,0.04616285863060738,0.0,0.0,0.0,0.0,1.6277709535584366,0.27,0.06
1274,0.0621524591662902,0.0,0.0,0.0,0.0,0.0621524591662902,0.0,1.5623473123307627,0.27,0.06
1275,0.05501799858984994,0.0,0.0,0.0,0.0,0.05501799858984994,0.0,1.5044336296046048,0.27,0.06
1276,0.04341810211930887,0.0,0.0,0.0,0.0,0.04341810211930887,0.0,1.4587303642158587,0.27,0.06
1277,0.07979575558778218,0.0,0.0,0.0,0.0,0.07979575558778218,0.0,1.3747348320181931,0.27,0.06
1278,0.03993195711692275,0.0,0.0,0.0,0.0,0.03993195711692275,0.0,1.3327011929477481,0.27,0.06
1279,0.04673646194891444,0.0,0.0,0.0,0.0,0.04673646194891444,0.0,1.2835049172120487,0.27,0.06
1280,0.10158419449572492,0.013274031653433748,0.0,0.0,0.0,0.08831016284229118,0.0,1.1905468510622685,0.27,0.06
1281,0.10755016518017088,0.08722278930751103,0.0,0.0,0.0,0.020327375872659856,0.0,1.169149613301574,0.27,0.06
1282,0.13579709280503274,0.19451738426398596,0.0,-0.0,0.05872029145895322,0.0,0.0,1.2249338901875795,0.27,0.06
1283,0.04874753372414019,0.3017201174097103,0.0,-0.0,0.2529725836855701,0.0,0.0,1.465257844688871,0.27,0.06
1284,0.08756923611409606,0.49573226171456886,0.0,-0.0,0.4081630256004728,0.0,0.0,1.8530127190093202,0.27,0.06
1285,0.08393110516531575,0.5894772395853589,0.0,-0.0,0.5055461344200431,0.0,0.0,2.333281546708361,0.27,0.06
1286,0.04012389813169884,0.5672007504783854,0.0,-0.0,0.5270768523466866,0.0,0.0,2.8340045564377134,0.27,0.06
1287,0.044302728224824645,0.37814914395404864,0.0,-7.216449660063518e-16,0.33384641572922474,0.0,0.0,3.151158651380477,0.27,0.06
1288,0.036872782943324314,0.14233987575775506,0.0,0.0,0.10546709281443074,0.0,0.0,3.251352389554186,0.27,0.06
1289,0.025823900814521444,0.0997619264749415,0.0,4.3021142204224816e-16,0.07393802566041963,0.0,0.0,3.321593513931585,0.27,0.06
1290,0.0606365168659155,0.05112109768260126,0.0,0.0,0.0,0.009515419183314243,0.0,3.3115772832123067,0.27,0.06
1291,0.04349187536648477,0.0018831671203833349,0.0,0.0,0.0,0.04160870824610144,0.0,3.2677786429532527,0.27,0.06
1292,0.2686059120970279,0.0,0.0,0.0,0.0,0.2686059120970279,0.0,2.98503557758796,0.27,0.06
1293,0.19527151781277996,0.0,0.0,0.0,0.0,0.19527151781277996,0.0,2.7794866114692445,0.27,0.06
1294,0.5651515156231556,0.0,0.0,0.0,0.0,0.5651515156231556,0.0,2.1845902792343437,0.27,0.06
1295,0.40140950850426566,0.0,0.0,0.0,0.0,0.40140950850426566,0.0,1.7620539544930116,0.27,0.06
1296,0.16889346892566667,0.0,0.0,0.0,0.0,0.1688934689256667,0.0,1.5842713556238888,0.27,0.06
1297,0.07789397267607182,0.0,0.0,0.0,0.0,0.07789397267607182,0.0,1.5022777001753922,0.27,0.06
1298,0.030540818609614814,0.0,0.030540818609614658,0.0,0.0,1.5612511283791264e-16,0.0,1.502277700175392,0.27,0.06
1299,0.045740066109624264,0.0,0.0,0.0,0.0,0.045740066109624264,0.0,1.4541302621652612,0.27,0.06
1300,0.0385922871770568,0.0,0.0,0.0,0.0,0.0385922871770568,0.0,1.4135068019788857,0.27,0.06
1301,0.0289384375665315,0.0,0.0,0.0,0.0,0.0289384375665315,0.0,1.383045288750958,0.27,0.06
1302,0.057667176310116995,0.0,0.0,0.0,0.0,0.057667176310116995,0.0,1.322342997898203,0.27,0.06
1303,0.026567378459511376,0.0,0.0,0.0,0.0,0.026567378459511376,0.0,1.2943773363618754,0.27,0.06
1304,0.0814010092174812,0.01180424268142724,0.0,0.0,0.0,0.06959676653605396,0.0,1.2211175821133975,0.27,0.06
1305,0.18318719878113693,0.03835230598829474,0.0,0.0,0.0,0.14483489279284217,0.0,1.0686598002261951,0.27,0.06
1306,0.1086293437428407,0.07128476514231549,0.0,0.0,0.0,0.0373445786005252,0.0,1.0293497174888002,0.27,0.06
1307,0.23278110097995713,0.33662760549486487,0.0,-0.0,0.10384650451490773,0.0,0.0,1.1280038967779626,0.27,0.06
1308,0.07749912258853243,0.5716560482997799,0.0,-0.0,0.4941569257112475,0.0,0.0,1.5974529762036478,0.27,0.06
1309,0.17164122859569997,0.6264056875070223,0.0,-0.0,0.45476445891132233,0.0,0.0,2.029479212169404,0.27,0.06
1310,0.1483696209892253,0.5495173519089319,0.0,-0.0,0.4011477309197066,0.0,0.0,2.4105695565431255,0.27,0.06
1311,0.18138726212216544,0.36110877805984826,0.0,-0.0,0.17972151593768282,0.0,0.0,2.581304996683924,0.27,0.06
1312,0.09617224131175182,0.14849461707803216,0.0,0.0,0.052322375766280335,0.0,0.0,2.6310112536618906,0.27,0.06
1313,0.19939968592377436,0.10297708985120575,0.0,0.0,0.0,0.0964225960725686,0.0,2.5295137841118183,0.27,0.06
1314,0.3221951905619246,0.04808965792783782,0.0,0.0,0.0,0.27410553263408677,0.0,2.24098164449699,0.27,0.06
1315,0.08568481929419874,0.002480268890260977,0.0,0.0,0.0,0.08320455040393776,0.0,2.1533979072296874,0.27,0.06
1316,0.03506736225535879,0.0,0.0,0.0,0.0,0.03506736225535879,0.0,2.1164848943293095,0.27,0.06
1317,0.19161171189226314,0.0,0.0,0.0,0.0,0.19161171189226314,0.0,1.9147883554953482,0.27,0.06
1318,0.24179318862611188,0.0,0.0,0.0,0.0,0.24179318862611188,0.0,1.660269209573125,0.27,0.06
1319,0.2033876195790751,0.0,0.0,0.0,0.0,0.2033876195790751,0.0,1.4461769784372567,0.27,0.06
1320,0.20764544580413255,0.0,0.20764544580413274,0.0,0.0,-2.1094237467877976e-16,0.0,1.446176978437257,0.27,0.06
1321,0.06686885467290787,0.0,0.0,0.0,0.0,0.06686885467290787,0.0,1.3757887103605118,0.27,0.06
1322,0.0301133254923515,0.0,0.0,0.0,0.0,0.0301133254923515,0.0,1.3440904730001417,0.27,0.06
1323,0.06415452146531199,0.0,0.0,0.0,0.0,0.06415452146531204,0.0,1.2765593977734975,0.27,0.06
1324,0.0380899762356665,0.0,0.0,0.0,0.0,0.0380899762356665,0.0,1.23646468594648,0.27,0.06
1325,0.03522861882219451,0.0,0.0,0.0,0.0,0.03522861882219451,0.0,1.1993819292915384,0.27,0.06
1326,0.0502949439051685,0.0,0.0,-6.938893903907228e-18,0.0,0.05029494390516849,0.0,1.1464398830755715,0.27,0.06
1327,0.029847741802518476,0.0,0.0,0.0,0.0,0.029847741802518476,0.0,1.1150212074939732,0.27,0.06
1328,0.07484171882477487,0.01309030803193293,0.0,6.938893903907228e-18,0.0,0.06175141079284195,0.0,1.0500197224488765,0.27,0.06
1329,0.08945365293399325,0.04193491660756059,0.0,0.0,0.0,0.047518736326432665,0.0,1.0,0.27,0.06
1330,0.06760358398593182,0.07817440094859598,0.0,0.0,0.010570816962664167,0.0,0.0,1.010042276114531,0.27,0.06
1331,0.08194667010234469,0.3510499097826787,0.0,0.0,0.269103239680334,0.0,0.0,1.2656903538108482,0.27,0.06
1332,0.04759928251057469,0.5555802314184588,0.0,-0.0,0.5079809489078841,0.0,0.0,1.748272255273338,0.27,0.06
1333,0.1893234355086224,0.6464315622506108,0.0,-0.0,0.4571081267419884,0.0,0.0,2.182524975678227,0.27,0.06
1334,0.12746724448010593,0.6392204101067038,0.0,-0.0,0.5117531656265979,0.0,0.0,2.6686904830234948,0.27,0.06
1335,0.1825865670342188,0.380491620128184,0.0,-0.0,0.1979050530939652,0.0,0.0,2.8567002834627617,0.27,0.06
1336,0.09624092224629074,0.1443149046888887,0.0,-0.0,0.048073982442597946,0.0,0.0,2.9023705667832296,0.27,0.06
1337,0.06284436082431638,0.09314787610091221,0.0,-6.38378239159465e-16,0.03030351527659647,0.0,0.0,2.9311589062959964,0.27,0.06
1338,0.05681349579677944,0.04997282504822117,0.0,0.0,0.0,0.006840670748558271,0.0,2.9239582002448823,0.27,0.06
1339,0.10376918833331919,0.0027099234171369933,0.0,-2.7755575615628914e-17,0.0,0.10105926491618217,0.0,2.8175800266489013,0.27,0.06
1340,0.2420599474650144,0.0,0.0,0.0,0.0,0.2420599474650144,0.0,2.562780081948886,0.27,0.06
1341,0.2332663069737716,0.0,0.0,0.0,0.0,0.2332663069737716,0.0,2.3172366009238634,0.27,0.06
1342,0.19409662988695986,0.0,0.0,0.0,0.0,0.19409662988695986,0.0,2.11292435893759,0.27,0.06
1343,0.313741168151928,0.0,0.0,0.0,0.0,0.313741168151928,0.0,1.782670497725034,0.27,0.06
1344,0.11855543622126274,0.0,0.0,0.0,0.0,0.11855543622126274,0.0,1.6578753017026522,0.27,0.06
1345,0.09359513940111493,0.0,0.0,0.0,0.0,0.09359513940111493,0.0,1.5593541023330575,0.27,0.06
1346,0.028976303481011108,0.0,0.0,0.0,0.0,0.028976303481011108,0.0,1.5288527302477826,0.27,0.06
1347,0.04593135426380596,0.0,0.0,0.0,0.0,0.0459313542638059,0.0,1.4805039362858816,0.27,0.06
1348,0.03721618761601905,0.0,0.0,0.0,0.0,0.03721618761601905,0.0,1.4413290019532299,0.27,0.06
1349,0.03132790734231573,0.0,0.0,0.0,0.0,0.03132790734231573,0.0,1.4083522573823712,0.27,0.06
1350,0.05947050784418025,0.0,0.0,0.0,0.0,0.05947050784418025,0.0,1.34575172280955,0.27,0.06
1351,0.030890621316135382,0.0,0.0,0.0,0.0,0.030890621316135382,0.0,1.313235279318881,0.27,0.06
1352,0.050151706290740374,0.014651958814689845,0.0,0.0,0.0,0.03549974747605053,0.0,1.2758671240809332,0.27,0.06
1353,0.04855272012274825,0.04496635636232402,0.0,0.0,0.0,0.0035863637604242327,0.0,1.2720920043331183,0.27,0.06
1354,0.15141364879703162,0.07514296119383257,0.0,0.0,0.0,0.07627068760319905,0.0,1.1918070700139614,0.27,0.06
1355,0.09295298572038774,0.37148916267464394,0.0,0.0,0.2785361769542562,0.0,0.0,1.4564164381205047,0.27,0.06
1356,0.033825229688307624,0.5659146851278795,0.0,-1.1102230246251565e-16,0.532089455439572,0.0,0.0,1.961901420788098,0.27,0.06
1357,0.2860874296632083,0.7075196663996314,0.0,0.0,0.42143223673642305,0.0,0.0,2.3622620456877,0.27,0.06
1358,0.12200541274671484,0.6575009104460349,0.0,-0.0,0.53549549769932,0.0,0.0,2.870982768502054,0.27,0.06
1359,0.11839143763993018,0.37984858745293115,0.0,-0.0,0.26145714981300094,0.0,0.0,3.119367060824405,0.27,0.06
1360,0.08600733242787019,0.13788457793636028,0.0,-0.0,0.051877245508490086,0.0,0.0,3.1686504440574708,0.27,0.06
1361,0.02997113245487454,0.0998078573803167,0.0,-0.0,0.06983672492544216,0.0,0.0,3.234995332736641,0.27,0.06
1362,0.11521122311211587,0.05934272974476263,0.0,0.0,0.0,0.05586849336735324,0.0,3.1761863923499534,0.27,0.06
1363,0.11215635781844106,0.0033988869977650406,0.0,0.0,0.0,0.10875747082067602,0.0,3.061704844117663,0.27,0.06
1364,0.19172557077993974,0.0,0.0,2.7755575615628914e-17,0.0,0.19172557077993976,0.0,2.8598884538229896,0.27,0.06
1365,0.1911609769378364,0.0,0.0,0.0,0.0,0.1911609769378364,0.0,2.658666372835793,0.27,0.06
1366,0.2850440278611152,0.0,0.17700946512919108,0.0,0.0,0.10803456273192412,0.0,2.5449457804863993,0.27,0.06
1367,0.27269138312514307,0.0,0.0,0.0,0.0,0.27269138312514307,0.0,2.257902219302038,0.27,0.06
1368,0.1444222952629008,0.0,0.0,0.0,0.0,0.1444222952629008,0.0,2.105878750604248,0.27,0.06
1369,0.06313266406283728,0.0,0.0,0.0,0.0,0.06313266406283728,0.0,2.0394233147486296,0.27,0.06
1370,0.030351880753573257,0.0,0.0,0.0,0.0,0.030351880753573257,0.0,2.0074739665869736,0.27,0.06
1371,0.05317262283350242,0.0,0.0,0.0,0.0,0.05317262283350227,0.0,1.9515027846569712,0.27,0.06
1372,0.033746494700613756,0.0,0.0,0.0,0.0,0.033746494700613756,0.0,1.9159801586563252,0.27,0.06
1373,0.05984002694065407,0.0,0.0,0.0,0.0,0.05984002694065407,0.0,1.8529906566135315,0.27,0.06
1374,0.030170516080427687,0.0,0.0,0.0,0.0,0.030170516080427714,0.0,1.8212322186341339,0.27,0.06
1375,0.029803477854212973,0.0,0.0,0.0,0.0,0.029803477854212973,0.0,1.7898601366823308,0.27,0.06
1376,0.14469218783265736,0.020439252891965458,0.0,0.0,0.0,0.1242529349406919,0.0,1.6590675735868656,0.27,0.06
1377,0.25304772184217467,0.09323973791166268,0.0,0.0,0.0,0.159807983930512,0.0,1.4908486431336954,0.27,0.06
1378,0.19211258654034558,0.16365181585184926,0.0,0.0,0.0,0.028460770688496312,0.0,1.4608899371458044,0.27,0.06
1379,0.142592457588702,0.2372331262629249,0.0,0.0,0.09464066867422288,0.0,0.0,1.5507985723863162,0.27,0.06
1380,0.15293951457844238,0.17958984001704478,0.0,0.0,0.026650325438602407,0.0,0.0,1.5761163815529886,0.27,0.06
1381,0.26244604181602205,0.1343478982224696,0.0,0.0,0.0,0.12809814359355245,0.0,1.4412762304018807,0.27,0.06
1382,0.13596983971833126,0.41985440603473323,0.0,-5.551115123125783e-17,0.283884566316402,0.0,0.0,1.7109665684024626,0.27,0.06
1383,0.18988306761020818,0.3888969758118461,0.0,-0.0,0.19901390820163795,0.0,0.0,1.9000297811940188,0.27,0.06
1384,0.11927893633206174,0.15712962728857038,0.0,-0.0,0.03785069095650864,0.0,0.0,1.935987937602702,0.27,0.06
1385,0.13880847758311537,0.12190062286578948,0.0,0.0,0.0,0.016907854717325893,0.0,1.9181901957949905,0.27,0.06
1386,0.1685962867830608,0.0673806381854232,0.0,0.0,0.0,0.1012156485976375,0.0,1.8116474077974773,0.27,0.06
1387,0.179713719274284,0.004363436010644314,0.1753502832636397,0.0,0.0,0.0,0.0,1.8116474077974773,0.27,0.06
1388,0.31896901464825944,0.0,0.31896901464825944,0.0,0.0,0.0,0.0,1.8116474077974773,0.27,0.06
1389,0.19037023218580637,0.0,0.0,-2.7755575615628914e-17,0.0,0.19037023218580634,0.0,1.611257689707155,0.27,0.06
1390,0.23751420971779336,0.0,0.0,0.0,0.0,0.23751420971779336,0.0,1.3612427321094778,0.27,0.06
1391,0.266354848767272,0.0,0.266354848767272,0.0,0.0,0.0,0.0,1.3612427321094778,0.27,0.06
1392,0.10145388352106738,0.0,0.0,0.0,0.0,0.10145388352106738,0.0,1.2544491705083542,0.27,0.06
1393,0.07346013523474357,0.0,0.0,0.0,0.0,0.07346013523474357,0.0,1.1771227123665189,0.27,0.06
1394,0.036939897012436496,0.0,0.0,0.0,0.0,0.036939897012436496,0.0,1.1382386102481645,0.27,0.06
1395,0.02214150591743569,0.0,0.0,0.0,0.0,0.02214150591743569,0.0,1.1149317619140218,0.27,0.06
1396,0.02474772541058623,0.0,0.0,0.0,0.0,0.02474772541058623,0.0,1.0888815246397205,0.27,0.06
1397,0.022996100435605567,0.0,0.0,0.0,0.0,0.022996100435605567,0.0,1.0646751031285568,0.27,0.06
1398,0.0216183034370222,0.0,0.0,0.0,0.0,0.021618303437022136,0.0,1.041918994247481,0.27,0.06
1399,0.024266175436100344,0.0,0.0,0.0,0.0,0.024266175436100344,0.0,1.0163756516831648,0.27,0.06
1400,0.07982395916546353,0.023975932605856117,0.05584802655960741,0.0,0.0,0.0,0.0,1.0163756516831648,0.27,0.06
1401,0.1247346311758647,0.10917776207685818,0.0,0.0,0.0,0.015556869099006512,0.0,1.0,0.27,0.06
1402,0.058143503399847196,0.21518629168282738,0.0,-7.216449660063518e-16,0.1570427882829809,0.0,0.0,1.149190648868832,0.27,0.06
1403,0.07948577737752464,0.36905482468975853,0.0,0.0,0.2895690473122339,0.0,0.0,1.4242812438154542,0.27,0.06
1404,0.27945423545120673,0.516768616376412,0.0,-2.220446049250313e-16,0.23731438092520551,0.0,0.0,1.6497299056943993,0.27,0.06
1405,0.15319543593147744,0.554064511541077,0.0,0.0,0.4008690756095996,0.0,0.0,2.0305555275235188,0.27,0.06
1406,0.06568012610248494,0.5349113239996175,0.0,-5.551115123125783e-17,0.4692311978971326,0.0,0.0,2.4763251655257945,0.27,0.06
1407,0.10532821943292925,0.3689170319736328,0.0,0.0,0.26358881254070354,0.0,0.0,2.7267345374394627,0.27,0.06
1408,0.08833504159141706,0.18569865043194678,0.0,-0.0,0.09736360884052972,0.0,0.0,2.819229965837966,0.27,0.06
1409,0.10948641913126939,0.11965000850240454,0.0,-0.0,0.010163589371135151,0.0,0.0,2.8288853757405445,0.27,0.06
1410,0.10107287407813087,0.06329278760703012,0.0,0.0,0.0,0.037780086471100746,0.0,2.7891168636657016,0.27,0.06
1411,0.0715147412353222,0.005787294077275612,0.0,0.0,0.0,0.06572744715804658,0.0,2.7199300771835473,0.27,0.06
1412,0.15210489759446383,0.0,0.0,0.0,0.0,0.15210489759446383,0.0,2.5598196586630593,0.27,0.06
1413,0.16059548019775038,0.0,0.07904945098474592,0.0,0.0,0.08154602921300447,0.0,2.473981733175686,0.27,0.06
1414,0.23031668280792605,0.0,0.0,0.0,0.0,0.23031668280792605,0.0,2.231543119693659,0.27,0.06
1415,0.20529436423130387,0.0,0.0,0.0,0.0,0.20529436423130387,0.0,2.015443788923865,0.27,0.06
1416,0.12041321632890525,0.0,0.0,0.0,0.0,0.12041321632890525,0.0,1.8886930348934388,0.27,0.06
1417,0.03229623017604345,0.0,0.0,0.0,0.0,0.03229623017604345,0.0,1.8546970031291825,0.27,0.06
1418,0.023564742013394712,0.0,0.0,0.0,0.0,0.023564742013394712,0.0,1.8298920115361355,0.27,0.06
1419,0.022203919390267675,0.0,0.0,0.0,0.0,0.022203919390267675,0.0,1.806519464809538,0.27,0.06
1420,0.02250514926855918,0.0,0.0,0.0,0.0,0.02250514926855918,0.0,1.7828298340005282,0.27,0.06
1421,0.02332879819455084,0.0,0.0,0.0,0.0,0.02332879819455084,0.0,1.7582732043220537,0.27,0.06
1422,0.021607857667510524,0.0,0.0,0.0,0.0,0.0216078576675105,0.0,1.7355280909878321,0.27,0.06
1423,0.023382202191179043,0.0,0.0,0.0,0.0,0.023382202191179043,0.0,1.7109152465760646,0.27,0.06
1424,0.12586342714371473,0.013090308031932937,0.0,0.0,0.0,0.1127731191117818,0.0,1.5922067001426101,0.27,0.06
1425,0.12300533403321512,0.054014744721239044,0.0,0.0,0.0,0.06899058931197595,0.0,1.5195850271826354,0.27,0.06
1426,0.08025445544146138,0.17752294927516063,0.0,2.914335439641036e-16,0.09726849383369895,0.0,0.0,1.6119900963246494,0.27,0.06
1427,0.26520006894776144,0.4047431381662912,0.0,0.0,0.13954306921852977,0.0,0.0,1.7445560120822527,0.27,0.06
1428,0.20504196832547866,0.581577123860824,0.0,-9.43689570931383e-16,0.37653515553534633,0.0,0.0,2.102264409840832,0.27,0.06
1429,0.18028745316471018,0.7306229118033585,0.0,0.0,0.5503354586386483,0.0,0.0,2.6250830955475477,0.27,0.06
1430,0.160101134155613,0.36652862489412213,0.0,-5.551115123125783e-17,0.2064274907385092,0.0,0.0,2.8211892117491315,0.27,0.06
1431,0.1417812130140052,0.20007502381438536,0.0,0.0,0.05829381080038015,0.0,0.0,2.8765683320094926,0.27,0.06
1432,0.09513889356281426,0.1157458815455123,0.0,0.0,0.02060698798269804,0.0,0.0,2.8961449705930558,0.27,0.06
1433,0.11050174792779957,0.09245891252028421,0.0,0.0,0.0,0.018042835407515362,0.0,2.8771525122693555,0.27,0.06
1434,0.30354165765654,0.06770215452304965,0.0,0.0,0.0,0.2358395031334901,0.0,2.628900403707787,0.27,0.06
1435,0.27066960443616805,0.0024802688902609777,0.0,0.0,0.0,0.26818933554590707,0.0,2.346595839975253,0.27,0.06
1436,0.2337791942567925,0.0,0.0,0.0,0.0,0.2337791942567925,0.0,2.100512477599682,0.27,0.06
1437,0.19584394598201704,0.0,0.0,0.0,0.0,0.19584394598201724,0.0,1.8943609555133483,0.27,0.06
1438,0.31436869775533927,0.0,0.31436869775533943,0.0,0.0,-1.6653345369377348e-16,0.0,1.8943609555133483,0.27,0.06
1439,0.1748062967577222,0.0,0.0,0.0,0.0,0.1748062967577222,0.0,1.710354327347325,0.27,0.06
1440,0.11833046046040606,0.0,0.0,0.0,0.0,0.11833046046040606,0.0,1.5857959479153185,0.27,0.06
1441,0.07849839101443819,0.0,0.0,0.0,0.0,0.07849839101443819,0.0,1.5031660626369625,0.27,0.06
1442,0.03230772052250625,0.0,0.0,0.0,0.0,0.03230772052250625,0.0,1.4691579357711666,0.27,0.06
1443,0.04202607275976594,0.0,0.0,0.0,0.0,0.04202607275976594,0.0,1.4249199644450972,0.27,0.06
1444,0.04505586820661282,0.0,0.0,0.0,0.0,0.04505586820661282,0.0,1.3774927347539259,0.27,0.06
1445,0.028547635214677812,0.0,0.0,0.0,0.0,0.028547635214677812,0.0,1.347442592422686,0.27,0.06
1446,0.052957439981562965,0.0,0.0,0.0,0.0,0.052957439981562965,0.0,1.291697918757883,0.27,0.06
1447,0.030343132421607265,0.0,0.030343132421607265,0.0,0.0,0.0,0.0,1.291697918757883,0.27,0.06
1448,0.11089594515474475,0.03178418651964066,0.0,0.0,0.0,0.07911175863510408,0.0,1.2084223833525103,0.27,0.06
1449,0.2609725354542885,0.06297127126940369,0.0,0.0,0.0,0.19800126418488478,0.0,1.0,0.27,0.06
1450,0.15844325996199887,0.20379542714977694,0.0,-0.0,0.04535216718777807,0.0,0.0,1.0430845588283892,0.27,0.06
1451,0.16526643660699245,0.14881613341565858,0.0,0.0,0.0,0.016450303191333865,0.0,1.0257684502059325,0.27,0.06
1452,0.07657323569344562,0.33635202006261355,0.0,-3.3306690738754696e-16,0.25977878436916824,0.0,0.0,1.2725582953566426,0.27,0.06
1453,0.31142534105120157,0.4667498604228157,0.0,0.0,0.15532451937161412,0.0,0.0,1.420116588759676,0.27,0.06
1454,0.10732388369812537,0.5247605939116976,0.0,1.1657341758564144e-15,0.41743671021357104,0.0,0.0,1.8166814634625685,0.27,0.06
1455,0.12487891336724412,0.4117246357833223,0.0,0.0,0.2868457224160782,0.0,0.0,2.089184899757843,0.27,0.06
1456,0.1728716096720502,0.1263559206871842,0.0,0.0,0.0,0.04651568898486589,0.0,2.0402210166158787,0.27,0.06
1457,0.061241849209114185,0.10407943158021056,0.0,0.0,0.042837582371096375,0.0,0.0,2.08091671986842,0.27,0.06
1458,0.3246931657685113,0.06095031143289474,0.26374285433561656,0.0,0.0,0.0,0.0,2.08091671986842,0.27,0.06
1459,0.345826654928075,0.007486737576158135,0.3383399173519169,0.0,0.0,0.0,0.0,2.08091671986842,0.27,0.06
1460,0.35059175383504126,0.0,0.3505917538350414,0.0,0.0,-1.1102230246251565e-16,0.0,2.08091671986842,0.27,0.06
1461,0.2419020857732701,0.0,0.0,0.0,0.0,0.2419020857732701,0.0,1.8262829453702412,0.27,0.06
1462,0.19377542247447735,0.0,0.0,0.0,0.0,0.19377542247447735,0.0,1.6223088164497388,0.27,0.06
1463,0.27628603355833115,0.0,0.27628603355833115,0.0,0.0,0.0,0.0,1.6223088164497388,0.27,0.06
1464,0.3023107542917133,0.0,0.3023107542917133,0.0,0.0,0.0,0.0,1.6223088164497388,0.27,0.06
1465,0.11923963412427419,0.0,0.08391776069551746,0.0,0.0,0.03532187342875673,0.0,1.5851278970510474,0.27,0.06
1466,0.08371827261151638,0.0,0.0,0.0,0.0,0.08371827261151638,0.0,1.4970033995652408,0.27,0.06
1467,0.044148000263933625,0.0,0.0,0.0,0.0,0.044148000263933625,0.0,1.4505318203400475,0.27,0.06
1468,0.07202044705180374,0.0,0.0,0.0,0.0,0.07202044705180374,0.0,1.3747208234434118,0.27,0.06
1469,0.045500988559927,0.0,0.0,0.0,0.0,0.045500988559927,0.0,1.3268250460119098,0.27,0.06
1470,0.044850347691471504,0.0,0.0,0.0,0.0,0.044850347691471504,0.0,1.2796141537050976,0.27,0.06
1471,0.06584072980872613,0.0,0.0,0.0,0.0,0.06584072980872613,0.0,1.2103081223274912,0.27,0.06
1472,0.16313432447755094,0.023608485362854478,0.0,0.0,0.0,0.13952583911469646,0.0,1.0634388179962317,0.27,0.06
1473,0.24633879580121426,0.10757018038872614,0.13876861541248808,0.0,0.0,0.0,0.0,1.0634388179962317,0.27,0.06
1474,0.2245619778118535,0.21068506295605735,0.013876914855796146,0.0,0.0,0.0,0.0,1.0634388179962317,0.27,0.06
1475,0.3158886877914001,0.3745665333347827,0.0,-0.0,0.05867784554338257,0.0,0.0,1.1191827712624451,0.27,0.06
1476,0.12043867789208994,0.551997620799193,0.0,0.0,0.43155894290710306,0.0,0.0,1.529163767024193,0.27,0.06
1477,0.18185471030781042,0.2961624778593109,0.0,0.0,0.11430776755150046,0.0,0.0,1.6377561461981185,0.27,0.06
1478,0.07597939369670981,0.3098498876611212,0.0,0.0,0.2338704939644114,0.0,0.0,1.8599331154643093,0.27,0.06
1479,0.1332190768895635,0.16186051054221642,0.0,0.0,0.028641433652652926,0.0,0.0,1.8871424774343295,0.27,0.06
1480,0.1097661046099435,0.12704488426781224,0.0,0.0,0.01727877965786874,0.0,0.0,1.9035573181093048,0.27,0.06
1481,0.047941381462080435,0.11946628488090374,0.0,0.0,0.07152490341882331,0.0,0.0,1.9715059763571872,0.27,0.06
1482,0.11245889341792144,0.04202677841831101,0.0,0.0,0.0,0.07043211499961043,0.0,1.8973669079365447,0.27,0.06
1483,0.1682720762118439,0.0004593090537520331,0.0,0.0,0.0,0.16781276715809187,0.0,1.7207218898753953,0.27,0.06
1484,0.27172501887319894,0.0,0.27172501887319894,0.0,0.0,0.0,0.0,1.7207218898753953,0.27,0.06
1485,0.26835508305662964,0.0,0.0,0.0,0.0,0.26835508305662964,0.0,1.438242855078943,0.27,0.06
1486,0.26570120474008235,0.0,0.26570120474008235,0.0,0.0,0.0,0.0,1.438242855078943,0.27,0.06
1487,0.31419033624092874,0.0,0.3141903362409289,0.0,0.0,-1.6653345369377348e-16,0.0,1.438242855078943,0.27,0.06
1488,0.29217091525466,0.0,0.2921709152546601,0.0,0.0,0.0,0.0,1.438242855078943,0.27,0.06
1489,0.1644136700984872,0.0,0.0,0.0,0.0,0.1644136700984872,0.0,1.2651758339226407,0.27,0.06
1490,0.05083877678036748,0.0,0.0,0.0,0.0,0.05083877678036748,0.0,1.2116613320485696,0.27,0.06
1491,0.023178117969345657,0.0,0.0,0.0,0.0,0.023178117969345657,0.0,1.187263313133469,0.27,0.06
1492,0.04451634421133727,0.0,0.0,0.0,0.0,0.04451634421133727,0.0,1.1404040034373244,0.27,0.06
1493,0.024293334436830544,0.0,0.0,0.0,0.0,0.024293334436830544,0.0,1.114832072451187,0.27,0.06
1494,0.053374748473552364,0.0,0.0,0.0,0.0,0.053374748473552364,0.0,1.058648126689553,0.27,0.06
1495,0.03092339491797804,0.0,0.0,0.0,0.0,0.03092339491797804,0.0,1.0260971846706288,0.27,0.06
1496,0.04261351672267592,0.017821191285578877,0.0,0.0,0.0,0.024792325437097047,0.0,1.0000000000000004,0.27,0.06
1497,0.1117316067156745,0.07486737576158134,0.03686423095409275,0.0,0.0,4.218847493575595e-16,0.0,1.0,0.27,0.06
1498,0.15991676632373247,0.19832964941012787,0.0,-0.0,0.0384128830863954,0.0,0.0,1.0364922389320756,0.27,0.06
1499,0.13682051707293433,0.4007471493986484,0.0,-0.0,0.2639266323257141,0.0,0.0,1.287222539641504,0.27,0.06
1500,0.09442988695721269,0.4673928930980684,0.0,-0.0,0.37296300614085576,0.0,0.0,1.641537395475317,0.27,0.06
1501,0.20641571758837632,0.6763325816498684,0.0,-0.0,0.46991686406149213,0.0,0.0,2.0879584163337346,0.27,0.06
1502,0.08364227963831924,0.5318339533394788,0.0,1.1102230246251565e-15,0.4481916737011584,0.0,0.0,2.5137405063498353,0.27,0.06
1503,0.10565112428295738,0.38572774334095705,0.0,-1.1102230246251565e-16,0.2800766190579998,0.0,0.0,2.779813294454935,0.27,0.06
1504,0.030219741769251213,0.26235733150316115,0.0,1.2212453270876722e-15,0.23213758973390872,0.0,0.0,3.000344004702148,0.27,0.06
1505,0.07679716687735112,0.11478133253263306,0.0,0.0,0.03798416565528194,0.0,0.0,3.036428962074666,0.27,0.06
1506,0.15092896509169224,0.0403273349194285,0.0,0.0,0.0,0.11060163017226374,0.0,2.9200061934722834,0.27,0.06
1507,0.022272600324806623,0.0036744724300162616,0.0,-3.469446951953614e-18,0.0,0.01859812789479036,0.0,2.900429216740925,0.27,0.06
1508,0.04835803709347537,0.0,0.0,0.0,0.0,0.04835803709347537,0.0,2.8495260198004244,0.27,0.06
1509,0.025247816625955363,0.0,0.0,0.0,0.0,0.025247816625955363,0.0,2.8229493707204716,0.27,0.06
1510,0.027420275540135656,0.0,0.0,0.0,0.0,0.027420275540135656,0.0,2.794085922783487,0.27,0.06
1511,0.05535931410864232,0.0,0.0,0.0,0.0,0.05535931410864232,0.0,2.7358129605638632,0.27,0.06
1512,0.06188870348612162,0.0,0.0,0.0,0.0,0.06188870348612137,0.0,2.670666956894262,0.27,0.06
1513,0.1485898961538015,0.0,0.0,0.0,0.0,0.1485898961538015,0.0,2.51425653989026,0.27,0.06
1514,0.025784076318258395,0.0,0.0,0.0,0.0,0.025784076318258395,0.0,2.4871154069236723,0.27,0.06
1515,0.03716343647998534,0.0,0.0,0.0,0.0,0.03716343647998534,0.0,2.447996000102635,0.27,0.06
1516,0.03322982082614502,0.0,0.0,0.0,0.0,0.03322982082614502,0.0,2.413017241338272,0.27,0.06
1517,0.021572211479052125,0.0,0.0,0.0,0.0,0.021572211479052125,0.0,2.3903096503076906,0.27,0.06
1518,0.04600591094369514,0.0,0.0,6.938893903907228e-18,0.0,0.04600591094369515,0.0,2.341882375630117,0.27,0.06
1519,0.0215198520593751,0.0,0.0,0.0,0.0,0.0215198520593751,0.0,2.319229899778143,0.27,0.06
1520,0.04376777425371048,0.0266858560229931,0.0,1.3877787807814457e-17,0.0,0.01708191823071739,0.0,2.3012489332194934,0.27,0.06
1521,0.041385485944465485,0.05709211538137767,0.0,0.0,0.015706629436912187,0.0,0.0,2.31617023118456,0.27,0.06
1522,0.0835719012662348,0.1879951957007071,0.0,0.0,0.1044232944344723,0.0,0.0,2.4153723608973086,0.27,0.06
1523,0.13696349354312462,0.20425473620352896,0.0,-0.0,0.06729124266040434,0.0,0.0,2.4792990414246927,0.27,0.06
1524,0.11248030724542038,0.1585075544498265,0.0,-0.0,0.046027247204406124,0.0,0.0,2.5230249262688784,0.27,0.06
1525,0.09956541896548465,0.20526521612178344,0.0,-0.0,0.10569979715629879,0.0,0.0,2.6234397335673623,0.27,0.06
1526,0.11439710595080356,0.18827078113295814,0.0,-0.0,0.07387367518215458,0.0,0.0,2.693619724990409,0.27,0.06
1527,0.034112880066234044,0.09512290503204601,0.0,-0.0,0.06101002496581197,0.0,0.0,2.7515792487079302,0.27,0.06
1528,0.05883618849058686,0.06783994723917525,0.0,-7.771561172376096e-16,0.009003758748589163,0.0,0.0,2.76013281951909,0.27,0.06
1529,0.10076563788237013,0.06095031143289477,0.0,0.0,0.0,0.03981532644947536,0.0,2.718221949572274,0.27,0.06
1530,0.19711937443938646,0.03665286248941221,0.0,0.0,0.0,0.16046651194997424,0.0,2.5493098317301963,0.27,0.06
1531,0.2053599114349891,0.0015616507827569117,0.2037982606522322,0.0,0.0,0.0,0.0,2.5493098317301963,0.27,0.06
1532,0.2696991924485381,0.0,0.0,0.0,0.0,0.2696991924485381,0.0,2.2654159449422613,0.27,0.06
1533,0.3652811172107644,0.0,0.3652811172107644,0.0,0.0,0.0,0.0,2.2654159449422613,0.27,0.06
1534,0.23624909645781628,0.0,0.0,0.0,0.0,0.23624909645781628,0.0,2.016732685512981,0.27,0.06
1535,0.37215534755424606,0.0,0.3308511565736593,0.0,0.0,0.04130419098058674,0.0,1.9732545897439422,0.27,0.06
1536,0.26277286382961684,0.0,0.0,0.0,0.0,0.26277286382961684,0.0,1.6966515751864508,0.27,0.06
1537,0.06636798002482544,0.0,0.0,0.0,0.0,0.06636798002482544,0.0,1.6267905435813714,0.27,0.06
1538,0.04409968857994238,0.0,0.0,0.0,0.0,0.04409968857994238,0.0,1.5803698187603794,0.27,0.06
1539,0.07072673849778893,0.0,0.0,0.0,0.0,0.07072673849778896,0.0,1.5059206203416542,0.27,0.06
1540,0.04500807881109713,0.0,0.0,0.0,0.0,0.04500807881109713,0.0,1.4585436952773414,0.27,0.06
1541,0.04925872356961524,0.0,0.0,-1.3877787807814457e-17,0.0,0.04925872356961523,0.0,1.4066924073093254,0.27,0.06
1542,0.05350754031846896,0.0,0.0,0.0,0.0,0.05350754031846896,0.0,1.3503686806583055,0.27,0.06
1543,0.05677850246891556,0.0,0.0,0.0,0.0,0.05677850246891556,0.0,1.2906018359541838,0.27,0.06
1544,0.19850631148629289,0.0034907488085154505,0.0,0.0,0.0,0.19501556267777745,0.0,1.0853222962933655,0.27,0.06
1545,0.1852374421920315,0.03412666269377603,0.15111077949825547,0.0,0.0,0.0,0.0,1.0853222962933655,0.27,0.06
1546,0.15422956711312807,0.10357419162108339,0.0,0.0,0.0,0.050655375492044685,0.0,1.0320008484070027,0.27,0.06
1547,0.10807898226169688,0.20852631040342293,0.0,0.0,0.10044732814172605,0.0,0.0,1.1274258101416423,0.27,0.06
1548,0.14266361939349964,0.5609541473473577,0.0,-0.0,0.41829052795385807,0.0,0.0,1.5248018116978075,0.27,0.06
1549,0.10688607538346931,0.5328903641631084,0.0,-0.0,0.42600428877963914,0.0,0.0,1.9295058860384646,0.27,0.06
1550,0.10811436730591756,0.3009852229237071,0.0,-0.0,0.19287085561778955,0.0,0.0,2.1127331988753646,0.27,0.06
1551,0.07969155903690363,0.31407553095564,0.0,-0.0,0.2343839719187364,0.0,0.0,2.335397972198164,0.27,0.06
1552,0.10743865659063431,0.2508286742539851,0.0,-0.0,0.14339001766335077,0.0,0.0,2.4716184889783475,0.27,0.06
1553,0.13488713570845126,0.1805543890299241,0.0,0.0,0.04566725332147284,0.0,0.0,2.5150023796337466,0.27,0.06
1554,0.12071065961574881,0.07509703028845739,0.0,-2.7755575615628914e-17,0.0,0.04561362932729139,0.0,2.4669880329734397,0.27,0.06
1555,0.06076943928295094,0.0056495013611500035,0.0,0.0,0.0,0.055119937921800935,0.0,2.4089670456873336,0.27,0.06
1556,0.18554298095024624,0.0,0.0,0.0,0.0,0.18554298095024624,0.0,2.2136586446870745,0.27,0.06
1557,0.1654053653414972,0.0,0.0,0.0,0.0,0.1654053653414972,0.0,2.039547733801288,0.27,0.06
1558,0.21930958375717013,0.0,0.0,0.0,0.0,0.21930958375717013,0.0,1.8086955403726879,0.27,0.06
1559,0.19100220124125944,0.0,0.19100220124125944,0.0,0.0,0.0,0.0,1.8086955403726879,0.27,0.06
1560,0.14246776121515675,0.0,0.0,0.0,0.0,0.14246776121515675,0.0,1.6587294759356808,0.27,0.06
1561,0.10403607774434119,0.0,0.0,-0.0,0.0,0.10403607774434151,0.0,1.5492178151521634,0.27,0.06
1562,0.04641864941152331,0.0,0.0,0.0,0.0,0.04641864941152331,0.0,1.5003560789295072,0.27,0.06
1563,0.06857216796389737,0.0,0.0,0.0,0.0,0.06857216796389733,0.0,1.4281748494938258,0.27,0.06
1564,0.07419525626412411,0.0,0.0,0.0,0.0,0.07419525626412411,0.0,1.350074579742116,0.27,0.06
1565,0.046613985301390624,0.0,0.0,0.0,0.0,0.046613985301390624,0.0,1.301007226793284,0.27,0.06
1566,0.06959076106339962,0.0,0.0,0.0,0.0,0.06959076106339962,0.0,1.2277537940949685,0.27,0.06
1567,0.05552709928142281,0.0,0.0,0.0,0.0,0.05552709928142281,0.0,1.1693042159039972,0.27,0.06
1568,0.11213181026008863,0.024802688902609768,0.0,1.3877787807814457e-17,0.0,0.08732912135747888,0.0,1.0773788250013878,0.27,0.06
1569,0.17052901528694958,0.09755724301693176,0.0,1.3877787807814457e-17,0.0,0.07297177227001783,0.0,1.0005664331382111,0.27,0.06
1570,0.10080951011431893,0.22409688732561667,0.0,0.0,0.12328737721129773,0.0,0.0,1.117689441488944,0.27,0.06
1571,0.23808898818517069,0.23332899930603263,0.0,0.0,0.0,0.004759988879138061,0.0,1.112678926879325,0.27,0.06
1572,0.07468137626277144,0.20278494723152238,0.0,0.0,0.12810357096875094,0.0,0.0,1.2343773192996383,0.27,0.06
1573,0.03636381282387041,0.19263421714360252,0.0,-0.0,0.1562704043197321,0.0,0.0,1.3828342034033838,0.27,0.06
1574,0.03655536212228978,0.11703194689601804,0.0,-0.0,0.08047658477372825,0.0,0.0,1.4592869589384256,0.27,0.06
1575,0.05762983268411294,0.1680152518624936,0.0,-0.0,0.11038541917838067,0.0,0.0,1.5641531071578874,0.27,0.06
1576,0.03414735110562241,0.1635140231357237,0.0,-0.0,0.12936667203010127,0.0,0.0,1.6870514455864836,0.27,0.06
1577,0.05082571956847805,0.12980073859032448,0.0,-0.0,0.07897501902184643,0.0,0.0,1.7620777136572376,0.27,0.06
1578,0.03249300235921867,0.06829925629292727,0.0,-1.3183898417423734e-16,0.03580625393370873,0.0,0.0,1.796093654894261,0.27,0.06
1579,0.052605156404783374,0.008313493872911795,0.0,0.0,0.0,0.04429166253187158,0.0,1.7494708522291331,0.27,0.06
1580,0.03186717019335342,0.0,0.0,-6.938893903907228e-18,0.0,0.03186717019335341,0.0,1.715926462551919,0.27,0.06
1581,0.033231126547333935,0.0,0.0,0.0,0.0,0.033231126547333935,0.0,1.680946329344199,0.27,0.06
1582,0.2344439369140889,0.0,0.2344439369140889,0.0,0.0,0.0,0.0,1.680946329344199,0.27,0.06
1583,0.23214495361669868,0.0,0.23214495361669868,0.0,0.0,0.0,0.0,1.680946329344199,0.27,0.06
1584,0.12481232158660752,0.0,0.0,0.0,0.0,0.12481232158660752,0.0,1.5495649382004018,0.27,0.06
1585,0.11498389705311912,0.0,0.0,0.0,0.0,0.11498389705311912,0.0,1.4285292570918553,0.27,0.06
1586,0.06090196998362957,0.0,0.06090196998362957,0.0,0.0,0.0,0.0,1.4285292570918553,0.27,0.06
1587,0.03951726006731119,0.0,0.0,0.0,0.0,0.03951726006731119,0.0,1.3869321412315276,0.27,0.06
1588,0.05363497870651075,0.0,0.05363497870651075,0.0,0.0,0.0,0.0,1.3869321412315276,0.27,0.06
1589,0.03585745414679432,0.0,0.0,0.0,0.0,0.03585745414679432,0.0,1.3491874526559546,0.27,0.06
1590,0.05218184159532476,0.0,0.0,0.0,0.0,0.052181841595324824,0.0,1.2942591983450864,0.27,0.06
1591,0.046710347525135434,0.0,0.0,-1.3877787807814457e-17,0.0,0.04671034752513542,0.0,1.2450904114765227,0.27,0.06
1592,0.11723065150295113,0.02204683458009758,0.0,0.0,0.0,0.09518381692285355,0.0,1.1448969199787822,0.27,0.06
1593,0.18045967778953262,0.04280760380968947,0.0,0.0,0.0,0.13765207397984314,0.0,1.0,0.27,0.06
1594,0.14368077619969422,0.16291692136584604,0.0,0.019236145166151825,0.0,0.0,0.0,1.0,0.27,0.06
1595,0.17728207470409607,0.5751008662029201,0.0,0.39781879149882404,0.0,0.0,0.0,1.0,0.27,0.06
1596,0.08430441085323744,0.7821114567289613,0.0,0.0,0.6978070458757238,0.0,0.0,1.6629166935819377,0.27,0.06
1597,0.138663150814785,0.8121043379389691,0.0,0.19827897299597713,0.47516221412820697,0.0,0.0,2.1143207970037343,0.27,0.06
1598,0.18438728712590396,0.7460556960094269,0.0,-1.1102230246251565e-16,0.561668408883523,0.0,0.0,2.647905785443081,0.27,0.06
1599,0.22320794493890916,0.46087070453478973,0.0,-0.0,0.23766275959588057,0.0,0.0,2.8736854070591673,0.27,0.06
1600,0.065389341993705,0.3040625935838456,0.0,-0.0,0.23867325159014058,0.0,0.0,3.1004249960698007,0.27,0.06
1601,0.24660398777469095,0.16939317902374973,0.0,0.0,0.0,0.07721080875094122,0.0,3.019150460542494,0.27,0.06
1602,0.12339248036573976,0.07468365214008055,0.0,0.0,0.0,0.04870882822565921,0.0,2.967878009778642,0.27,0.06
1603,0.054041057996275184,0.006062879509526834,0.0,0.0,0.0,0.047978178486748346,0.0,2.9173746640031175,0.27,0.06
1604,0.04938093907290129,0.0,0.0,0.0,0.0,0.04938093907290129,0.0,2.8653947281369057,0.27,0.06
1605,0.14193750784032289,0.0,0.0,0.0,0.0,0.14193750784032289,0.0,2.7159868251470924,0.27,0.06
1606,0.2262702528433605,0.0,0.0,-2.7755575615628914e-17,0.0,0.22627025284336047,0.0,2.4778076116277656,0.27,0.06
1607,0.20849560087025962,0.0,0.0,0.0,0.0,0.20849560087025962,0.0,2.258338558080124,0.27,0.06
1608,0.11063858750840194,0.0,0.0,0.0,0.0,0.11063858750840194,0.0,2.141876887018648,0.27,0.06
1609,0.07359083792575769,0.0,0.0,2.7755575615628914e-17,0.0,0.07359083792575771,0.0,2.064412847096798,0.27,0.06
1610,0.042846065666428436,0.0,0.0,0.0,0.0,0.042846065666428436,0.0,2.0193117253426625,0.27,0.06
1611,0.05096177571636693,0.0,0.0,0.0,0.0,0.05096177571636693,0.0,1.9656677509043816,0.27,0.06
1612,0.050383994090255124,0.0,0.0,0.0,0.0,0.050383994090255124,0.0,1.9126319676514816,0.27,0.06
1613,0.029669119143869674,0.0,0.0,0.0,0.0,0.029669119143869674,0.0,1.8814013159210925,0.27,0.06
1614,0.0659313468592395,0.0,0.0,0.0,0.0,0.0659313468592395,0.0,1.8119998981745247,0.27,0.06
1615,0.032358513076756586,0.0,0.0,0.0,0.0,0.032358513076756586,0.0,1.7779383054621494,0.27,0.06
1616,0.14425124578714799,0.021633456431720748,0.0,0.0,0.0,0.12261778935542723,0.0,1.6488669482459102,0.27,0.06
1617,0.5519378783351875,0.12419716813454969,0.0,0.0,0.0,0.4277407102006378,0.0,1.198613569087344,0.27,0.06
1618,0.46165026127780995,0.27296737064483306,0.0,0.0,0.0,0.18868289063297689,0.0,1.0,0.27,0.06
1619,0.1091658645793815,0.5578308457818438,0.0,0.44866498120246234,0.0,0.0,0.0,1.0,0.27,0.06
1620,0.1597088955104512,0.7587785567983582,0.0,0.5079458350313083,0.09112382625659868,0.0,0.0,1.0865676349437687,0.27,0.06
1621,0.12002358912612168,0.7940994230318894,0.0,-1.1102230246251565e-16,0.6740758339057679,0.0,0.0,1.726939677154248,0.27,0.06
1622,0.062480325756836236,0.7407736418912785,0.0,0.0,0.6782933161344422,0.0,0.0,2.3713183274819682,0.27,0.06
1623,0.051681097519361244,0.374199086091781,0.0,-1.1102230246251565e-16,0.32251798857241987,0.0,0.0,2.677710416625767,0.27,0.06
1624,0.03133861425606518,0.10499804968771469,0.0,0.07365943543164952,0.0,0.0,0.0,2.677710416625767,0.27,0.06
1625,0.02878736562496957,0.10077240639319596,0.0,0.07198504076822639,0.0,0.0,0.0,2.677710416625767,0.27,0.06
1626,0.031127870856168183,0.07468365214008058,0.0,0.043555781283912395,0.0,0.0,0.0,2.677710416625767,0.27,0.06
1627,0.04223394357304722,0.009415835601916668,0.0,0.0,0.0,0.03281810797113055,0.0,2.6431650398140505,0.27,0.06
1628,0.31879026141749134,0.0,0.0,0.0,0.0,0.31879026141749134,0.0,2.307596343585112,0.27,0.06
1629,0.18833187083773162,0.0,0.0,0.0,0.0,0.18833187083773162,0.0,2.109352269019079,0.27,0.06
1630,0.19294772581279962,0.0,0.0,-2.7755575615628914e-17,0.0,0.1929477258127996,0.0,1.906249399742448,0.27,0.06
1631,0.12542157109337307,0.0,0.0,0.0,0.0,0.12542157109337307,0.0,1.774226693328371,0.27,0.06
1632,0.11425739378358563,0.0,0.0,0.0,0.0,0.11425739378358563,0.0,1.6539557525035438,0.27,0.06
1633,0.06445131189156113,0.0,0.0,0.0,0.0,0.06445131189156113,0.0,1.5861122663019005,0.27,0.06
1634,0.07079437485537675,0.0,0.0,0.0,0.0,0.07079437485537675,0.0,1.5115918717172934,0.27,0.06
1635,0.06425924030466607,0.0,0.0,5.551115123125783e-17,0.0,0.06425924030466612,0.0,1.4439505661334344,0.27,0.06
1636,0.02424097501715353,0.0,0.0,0.0,0.0,0.02424097501715353,0.0,1.4184337503259044,0.27,0.06
1637,0.0349725668970408,0.0,0.0,0.0,0.0,0.0349725668970408,0.0,1.3816205220132298,0.27,0.06
1638,0.03449610923519179,0.0,0.0,0.0,0.0,0.03449610923519179,0.0,1.345308828081449,0.27,0.06
1639,0.024939274709005674,0.0,0.0,0.0,0.0,0.024939274709005674,0.0,1.3190569599667061,0.27,0.06
1640,0.14064458271902144,0.013779271612560985,0.0,0.0,0.0,0.12686531110646046,0.0,1.1855145272230636,0.27,0.06
1641,0.2553318199180105,0.07909301905610006,0.0,0.0,0.0,0.17623880086191046,0.0,1.0,0.27,0.06
1642,0.21692807888063792,0.23342086111678315,0.0,0.016492782236145226,0.0,0.0,0.0,1.0,0.27,0.06
1643,0.16564809891052373,0.5857568362499675,0.0,0.4201087373394438,0.0,0.0,0.0,1.0,0.27,0.06
1644,0.11829820914703901,0.6071147072494368,0.0,0.07642195211685537,0.4123945459855424,0.0,0.0,1.3917748186862653,0.27,0.06
1645,0.17328082269266848,0.495318883566192,0.0,0.32203806087352355,0.0,0.0,0.0,1.3917748186862653,0.27,0.06
1646,0.11031176549480687,0.6549287797450234,0.0,0.0,0.5446170142502165,0.0,0.0,1.909160982223971,0.27,0.06
1647,0.08840933712706843,0.3771845949411693,0.0,-1.1102230246251565e-16,0.28877525781410096,0.0,0.0,2.183497477147367,0.27,0.06
1648,0.20497550711696105,0.2296085959706412,0.0,0.024633088853680152,0.0,0.0,0.0,2.183497477147367,0.27,0.06
1649,0.20858569563229745,0.21578339345270509,0.0,0.007197697820407634,0.0,0.0,0.0,2.183497477147367,0.27,0.06
1650,0.14456187685799987,0.13154611299458224,0.0,0.0,0.0,0.013015763863417629,0.0,2.1697966730806115,0.27,0.06
1651,0.0376628748347599,0.016351402313572367,0.0,0.0,0.0,0.021311472521187532,0.0,2.1473635441109407,0.27,0.06
1652,0.1504275681551342,0.0,0.0,0.0,0.0,0.1504275681551342,0.0,1.9890187355265887,0.27,0.06
1653,0.21619204384642574,0.0,0.0,0.0,0.0,0.21619204384642574,0.0,1.761448163056667,0.27,0.06
1654,0.16918856191437012,0.0,0.0,0.0,0.0,0.16918856191437012,0.0,1.5833549399889089,0.27,0.06
1655,0.11633244589706992,0.0,0.0,0.0,0.0,0.11633244589706992,0.0,1.4608997337814669,0.27,0.06
1656,0.08443485240001394,0.0,0.0,0.0,0.0,0.08443485240001394,0.0,1.3720209417814522,0.27,0.06
1657,0.06748176019900257,0.0,0.0,0.0,0.0,0.06748176019900257,0.0,1.3009875099930286,0.27,0.06
1658,0.06626861464234615,0.0,0.0,0.0,0.0,0.06626861464234615,0.0,1.231231073527401,0.27,0.06
1659,0.025818286213408946,0.0,0.0,0.0,0.0,0.025818286213408946,0.0,1.2040539301448654,0.27,0.06
1660,0.04463124767596518,0.0,0.0,0.0,0.0,0.04463124767596518,0.0,1.157073669433323,0.27,0.06
1661,0.02325254407711596,0.0,0.0,6.938893903907228e-18,0.0,0.023252544077115966,0.0,1.1325973072468851,0.27,0.06
1662,0.025816719347982225,0.0,0.0,0.0,0.0,0.025816719347982225,0.0,1.1054218131963776,0.27,0.06
1663,0.04918547261091502,4.5930905375203305e-05,0.0,0.0,0.0,0.049139541705539816,0.0,1.053695979822125,0.27,0.06
1664,0.047785086635762745,0.032840597343270335,0.0,0.0,0.0,0.01494448929249241,0.0,1.0379649384616068,0.27,0.06
1665,0.09439894136503452,0.05833224982650817,0.0,0.0,0.0,0.036066691538526346,0.0,1.0,0.27,0.06
1666,0.09783847212097493,0.23167548671252536,0.0,0.13383701459155042,0.0,0.0,0.0,1.0,0.27,0.06
1667,0.06636040684192956,0.6039914056839231,0.0,0.5376309988419935,0.0,0.0,0.0,1.0,0.27,0.06
1668,0.04930912440750894,0.8072356619691978,0.0,0.12172303137642304,0.6362035061852659,0.0,0.0,1.6043933308760026,0.27,0.06
1669,0.18086588765141606,0.8509618838863914,0.0,1.2212453270876722e-15,0.6700959962349741,0.0,0.0,2.240984527299228,0.27,0.06
1670,0.054266294901369624,0.7751758900173057,0.0,0.0,0.7209095951159361,0.0,0.0,2.9258486426593673,0.27,0.06
1671,0.06850335645723943,0.3747961878616589,0.0,0.3062928314044195,0.0,0.0,0.0,2.9258486426593673,0.27,0.06
1672,0.026573776493337267,0.10835100578010456,0.0,0.0817772292867673,0.0,0.0,0.0,2.9258486426593673,0.27,0.06
1673,0.05783456976654083,0.08997864363002321,0.0,0.03214407386348238,0.0,0.0,0.0,2.9258486426593673,0.27,0.06
1674,0.07188439090391481,0.07913894996147525,0.0,0.007254559057560436,0.0,0.0,0.0,2.9258486426593673,0.27,0.06
1675,0.14527662863683258,0.009461766507291877,0.0,0.0,0.0,0.1358148621295407,0.0,2.7828856298914295,0.27,0.06
1676,0.21438113912946624,0.0,0.0,0.0,0.0,0.21438113912946624,0.0,2.557221272913044,0.27,0.06
1677,0.10470290955553956,0.0,0.0,0.0,0.0,0.10470290955553956,0.0,2.447007683907213,0.27,0.06
1678,0.13862646004937546,0.0,0.0,0.0,0.0,0.13862646004937546,0.0,2.3010850943815546,0.27,0.06
1679,0.20264518651103655,0.0,0.0,0.0,0.0,0.20264518651103655,0.0,2.0877743717383583,0.27,0.06
1680,0.1129199435697408,0.0,0.0,0.0,0.0,0.1129199435697408,0.0,1.9689112732438943,0.27,0.06
1681,0.07500271424737281,0.0,0.0,0.0,0.0,0.07500271424737281,0.0,1.8899610477203441,0.27,0.06
1682,0.030252645943212857,0.0,0.0,6.938893903907228e-18,0.0,0.030252645943212864,0.0,1.8581161572538043,0.27,0.06
1683,0.0322033933995089,0.0,0.0,2.0816681711721685e-17,0.0,0.03220339339950892,0.0,1.8242178484122158,0.27,0.06
1684,0.04222127807751431,0.0,0.0,0.0,0.0,0.04222127807751431,0.0,1.779774397804306,0.27,0.06
1685,0.023695183560171088,0.0,0.0,0.0,0.0,0.023695183560171088,0.0,1.7548320993199154,0.27,0.06
1686,0.0521352273488791,0.0,0.0,0.0,0.0,0.0521352273488791,0.0,1.6999529126368846,0.27,0.06
1687,0.025799875544644732,0.001837236215008131,0.0,0.0,0.0,0.0239626393296366,0.0,1.674729081763583,0.27,0.06
1688,0.04332369847734752,0.039730233149550834,0.0,0.0,0.0,0.0035934653277966896,0.0,1.6709464866816917,0.27,0.06
1689,0.25185076722826055,0.13117866575158052,0.0,0.0,0.0,0.12067210147668003,0.0,1.5439232219693968,0.27,0.06
1690,0.2872901294503525,0.19506855512848825,0.0,0.0,0.0,0.09222157432186423,0.0,1.4468478805779608,0.27,0.06
1691,0.2837052719260821,0.28151051904462093,0.0,0.0,0.0,0.0021947528814611483,0.0,1.444537614386949,0.27,0.06
1692,0.13757718250193252,0.6301260908424138,0.0,-5.551115123125783e-17,0.4925489083404813,0.0,0.0,1.9124590773104062,0.27,0.06
1693,0.04559330304798594,0.3736019843219036,0.0,1.1102230246251565e-16,0.3280086812739176,0.0,0.0,2.224067324520628,0.27,0.06
1694,0.13076889107849293,0.44484081855884366,0.0,0.0,0.31407192748035073,0.0,0.0,2.522435655626961,0.27,0.06
1695,0.10094543569008907,0.2807756245586177,0.0,-1.1657341758564144e-15,0.1798301888685298,0.0,0.0,2.6932743350520645,0.27,0.06
1696,0.06337944536754944,0.2910641473626631,0.0,0.0,0.22768470199511368,0.0,0.0,2.9095748019474224,0.27,0.06
1697,0.13084984579220804,0.1896487082942143,0.0,0.0,0.05879886250200625,0.0,0.0,2.9654337213243283,0.27,0.06
1698,0.11639459822566413,0.06889635806280492,0.0,0.0,0.0,0.04749824016285921,0.0,2.9154355737844764,0.27,0.06
1699,0.08794658953770343,0.003995988767642686,0.0,0.0,0.0,0.08395060077006074,0.0,2.8270665203423073,0.27,0.06
1700,0.3620448872439439,0.0,0.0,0.0,0.0,0.3620448872439439,0.0,2.4459666390328927,0.27,0.06
1701,0.18266961090183617,0.0,0.0,0.0,0.0,0.18266961090183617,0.0,2.2536828380835914,0.27,0.06
1702,0.19115862663969618,0.0,0.0,0.0,0.0,0.19115862663969618,0.0,2.0524632310944377,0.27,0.06
1703,0.18939472788553957,0.0,0.0,0.0,0.0,0.18939472788553957,0.0,1.8531003596359752,0.27,0.06
1704,0.12344418692482237,0.0,0.0,0.0,0.0,0.12344418692482237,0.0,1.7231591102414254,0.27,0.06
1705,0.051564235472949894,0.0,0.0,0.0,0.0,0.051564235472949894,0.0,1.6688809676383203,0.27,0.06
1706,0.04023501500487882,0.0,0.0,0.0,0.0,0.04023501500487882,0.0,1.6265283202647636,0.27,0.06
1707,0.0547866247951675,0.0,0.0,6.938893903907228e-18,0.0,0.05478662479516751,0.0,1.5688581889014295,0.27,0.06
1708,0.02996094782960075,0.0,0.0,0.0,0.0,0.02996094782960075,0.0,1.5373203490807972,0.27,0.06
1709,0.06606962273314963,0.0,0.0,0.0,0.0,0.06606962273314963,0.0,1.4677733777827449,0.27,0.06
1710,0.03800432092567125,0.0,0.0,0.0,0.0,0.03800432092567125,0.0,1.4277688294399329,0.27,0.06
1711,0.030289336708622418,0.0010564108236296756,0.0,0.0,0.0,0.029232925884992742,0.0,1.3969973285083617,0.27,0.06
1712,0.08967875926696875,0.02714516507674514,0.0,0.0,0.0,0.06253359419022361,0.0,1.3311724925186526,0.27,0.06
1713,0.17936248027445556,0.05052399591272361,0.0,0.0,0.0,0.12883848436173195,0.0,1.1955530352957768,0.27,0.06
1714,0.10515103306758831,0.2519769468883652,0.0,0.14682591382077687,0.0,0.0,0.0,1.1955530352957768,0.27,0.06
1715,0.13950090152961725,0.6468449403989878,0.0,0.5073440388693705,0.0,0.0,0.0,1.1955530352957768,0.27,0.06
1716,0.0746803316858203,0.8224387916483898,0.0,-0.0,0.7477584599625695,0.0,0.0,1.9059235722602177,0.27,0.06
1717,0.14028420367087033,0.7670920506712698,0.0,-0.0,0.6268078470003995,0.0,0.0,2.5013910269105972,0.27,0.06
1718,0.11237793870420637,0.7046719502663689,0.0,-1.1102230246251565e-16,0.5922940115621625,0.0,0.0,3.064070337894652,0.27,0.06
1719,0.18466658088822127,0.3509121170665531,0.0,0.16624553617833185,0.0,0.0,0.0,3.064070337894652,0.27,0.06
1720,0.168319343318884,0.15272026037255093,0.0,0.0,0.0,0.015599082946333082,0.0,3.0476502505827225,0.27,0.06
1721,0.08514581758739895,0.11854766677339967,0.0,0.033401849186000726,0.0,0.0,0.0,3.0476502505827225,0.27,0.06
1722,0.1781424143954977,0.0940664942084163,0.0,0.0,0.0,0.08407592018708139,0.0,2.9591492819647414,0.27,0.06
1723,0.0623727343308665,0.011253071816924802,0.0,0.0,0.0,0.0511196625139417,0.0,2.9053391108974345,0.27,0.06
1724,0.13792058717462746,0.0,0.0,0.0,0.0,0.13792058717462746,0.0,2.7601595454504584,0.27,0.06
1725,0.14504368797672362,0.0,0.0,0.0,0.0,0.14504368797672362,0.0,2.6074819791591706,0.27,0.06
1726,0.2618027129862245,0.0,0.0,0.0,0.0,0.2618027129862245,0.0,2.3319001760157763,0.27,0.06
1727,0.2155518487474816,0.0,0.0,0.0,0.0,0.2155518487474816,0.0,2.1050034931236903,0.27,0.06
1728,0.14654213361316626,0.0,0.0,0.0,0.0,0.14654213361316626,0.0,1.9507486156361467,0.27,0.06
1729,0.07145154432977688,0.0,0.0,0.0,0.0,0.07145154432977688,0.0,1.8755364637100658,0.27,0.06
1730,0.04256964449072706,0.0,0.0,-5.551115123125783e-17,0.0,0.042569644490727004,0.0,1.8307263116145636,0.27,0.06
1731,0.060901839411510755,0.0,0.0,0.0,0.0,0.060901839411510755,0.0,1.766619112234026,0.27,0.06
1732,0.02766979885934455,0.0,0.0,0.0,0.0,0.02766979885934455,0.0,1.737493008171558,0.27,0.06
1733,0.03617200238121322,0.0,0.0,0.0,0.0,0.03617200238121322,0.0,1.6994172161913337,0.27,0.06
1734,0.04026073771230118,0.0,0.0,0.0,0.0,0.04026073771230118,0.0,1.6570374922836484,0.27,0.06
1735,0.023899790070480077,0.001331996255880896,0.0,0.0,0.0,0.022567793814599182,0.0,1.6332819198472281,0.27,0.06
1736,0.10980070622145058,0.02393000170048091,0.0,0.0,0.0,0.08587070452096968,0.0,1.5428917045619968,0.27,0.06
1737,0.17979976630063593,0.04064885125705489,0.0,0.0,0.0,0.13915091504358104,0.0,1.396417057147701,0.27,0.06
1738,0.18436730959171313,0.25340080495499645,0.0,0.06903349536328332,0.0,0.0,0.0,1.3964170571477008,0.27,0.06
1739,0.101763600587087,0.6449158423732292,0.0,0.5431522417861422,0.0,0.0,0.0,1.3964170571477008,0.27,0.06
1740,0.10163498704997526,0.837595990422207,0.0,0.7359610033722317,0.0,0.0,0.0,1.3964170571477008,0.27,0.06
1741,0.033157092155920304,0.8594591013808036,0.0,-0.0,0.8263020092248883,0.0,0.0,2.1814039659113447,0.27,0.06
1742,0.032625924776254166,0.7598349676219878,0.0,0.7272090428457336,0.0,0.0,0.0,2.1814039659113447,0.27,0.06
1743,0.021572342051170992,0.37548515144228695,0.0,0.35391280939111597,0.0,0.0,0.0,2.1814039659113447,0.27,0.06
1744,0.06175695621815618,0.15276619127792607,0.0,0.0,0.09100923505976988,0.0,0.0,2.267862739218126,0.27,0.06
1745,0.022630629074817544,0.13283217834508798,0.0,0.11020154927027044,0.0,0.0,0.0,2.267862739218126,0.27,0.06
1746,0.039840164917339285,0.10839693668547974,0.0,0.06855677176814046,0.0,0.0,0.0,2.267862739218126,0.27,0.06
1747,0.02186991591013343,0.016764780461949184,0.0,0.0,0.0,0.005105135448184247,0.0,2.2624889124305634,0.27,0.06
1748,0.05448813693137275,0.0,0.0,0.0,0.0,0.05448813693137275,0.0,2.2051329788185923,0.27,0.06
1749,0.022937342982102697,0.0,0.0,0.0,0.0,0.022937342982102697,0.0,2.180988407258484,0.27,0.06
1750,0.20760666588482057,0.0,0.0,2.7755575615628914e-17,0.0,0.2076066658848206,0.0,1.9624550747481464,0.27,0.06
1751,0.11137436139837699,0.0,0.0,0.0,0.0,0.11137436139837699,0.0,1.845218904855118,0.27,0.06
1752,0.13570869548054068,0.0,0.0,0.0,0.0,0.13570869548054068,0.0,1.7023676464545487,0.27,0.06
1753,0.08185670591242582,0.0,0.0,0.0,0.0,0.08185670591242582,0.0,1.6162026928625215,0.27,0.06
1754,0.07174128386160557,0.0,0.0,0.0,0.0,0.07174128386160557,0.0,1.5406855519555682,0.27,0.06
1755,0.03826037285082487,0.0,0.0,0.0,0.0,0.03826037285082487,0.0,1.5004114752704893,0.27,0.06
1756,0.04030852710781688,0.0,0.0,0.0,0.0,0.04030852710781688,0.0,1.4579814467359453,0.27,0.06
1757,0.06668840400459455,0.0,0.0,0.0,0.0,0.06668840400459455,0.0,1.387783126731109,0.27,0.06
1758,0.03850349813620794,0.0,0.0,0.0,0.0,0.03850349813620794,0.0,1.3472531286929954,0.27,0.06
1759,0.05924722952086931,0.0018831671203833349,0.0,0.0,0.0,0.05736406240048598,0.0,1.2868699051135364,0.27,0.06
1760,0.12251177142379081,0.02792599046812362,0.0,0.0,0.0,0.09458578095566719,0.0,1.1873059251602025,0.27,0.06
1761,0.22410118880427168,0.0461605599020793,0.0,0.0,0.0,0.1779406289021924,0.0,1.0,0.27,0.06
1762,0.14036920612027126,0.27384005784696186,0.0,0.1334708517266906,0.0,0.0,0.0,1.0,0.27,0.06
1763,0.05167940008181557,0.674219760002609,0.0,0.31729858326558297,0.3052417766552104,0.0,0.0,1.2899796878224499,0.27,0.06
1764,0.15811447936662062,0.8679563188752164,0.0,0.7098418395085958,0.0,0.0,0.0,1.2899796878224499,0.27,0.06
1765,0.13225166806066818,0.8720441694536094,0.0,-0.0,0.7397925013929412,0.0,0.0,1.992782564145744,0.27,0.06
1766,0.10572790068886781,0.780228289608578,0.0,-0.0,0.6745003889197102,0.0,0.0,2.6335579336194685,0.27,0.06
1767,0.15189663506482542,0.35146328793105547,0.0,0.19956665286623004,0.0,0.0,0.0,2.6335579336194685,0.27,0.06
1768,0.13790087078467425,0.11514877977563469,0.0,0.0,0.0,0.022752091009039563,0.0,2.609608364136269,0.27,0.06
1769,0.22991948242224708,0.10421722429633618,0.0,-2.7755575615628914e-17,0.0,0.12570225812591088,0.0,2.4772901976879416,0.27,0.06
1770,0.14343699805371668,0.09264263614178506,0.0,0.0,0.0,0.050794361911931624,0.0,2.4238224483069617,0.27,0.06
1771,0.07735679897893649,0.012952515315807319,0.0,0.0,0.0,0.06440428366312917,0.0,2.356028465503668,0.27,0.06
1772,0.15969805802458287,0.0,0.0,0.0,0.0,0.15969805802458287,0.0,2.1879252465304226,0.27,0.06
1773,0.15524045645761556,0.0,0.0,0.0,0.0,0.15524045645761556,0.0,2.0245142397329325,0.27,0.06
1774,0.18364132861065494,0.0,0.0,2.7755575615628914e-17,0.0,0.18364132861065496,0.0,1.8312075780375061,0.27,0.06
1775,0.18610182961911845,0.0,0.0,0.0,0.0,0.18610182961911845,0.0,1.6353109152805394,0.27,0.06
1776,0.0992459089905475,0.0,0.0,0.0,0.0,0.0992459089905475,0.0,1.5308415373957525,0.27,0.06
1777,0.09925387388980013,0.0,0.0,0.0,0.0,0.09925387388980013,0.0,1.426363775406489,0.27,0.06
1778,0.042844107084645,0.0,0.0,0.0,0.0,0.042844107084645,0.0,1.3812647153173891,0.27,0.06
1779,0.06868367655343388,0.0,0.0,0.0,0.0,0.06868367655343388,0.0,1.3089661084190376,0.27,0.06
1780,0.04983141288309018,0.0,0.0,0.0,0.0,0.04983141288309018,0.0,1.2565119895947323,0.27,0.06
1781,0.042895683071608695,0.0,0.0,0.0,0.0,0.042895683071608695,0.0,1.2113586389930389,0.27,0.06
1782,0.0686702276251877,0.0,0.0,0.0,0.0,0.0686702276251877,0.0,1.1390741888612623,0.27,0.06
1783,0.04438786124634431,0.0005052399591272363,0.0,6.938893903907228e-18,0.0,0.04388262128721708,0.0,1.0928819559273497,0.27,0.06
1784,0.09669557436428425,0.042807603809689454,0.0,0.0,0.0,0.053887970554594794,0.0,1.0361577763961973,0.27,0.06
1785,0.171912949175121,0.1375630615987338,0.0,0.0,0.0,0.03434988757638721,0.0,1.0,0.27,0.06
1786,0.170963689870752,0.2861954713928917,0.0,0.1152317815221397,-0.0,0.0,0.0,1.0,0.27,0.06
1787,0.07416352723923263,0.6585573212696645,0.0,0.5843937940304319,0.0,0.0,0.0,1.0,0.27,0.06
1788,0.06406573242446319,0.8581271051249229,0.0,0.37184139120532306,0.42221998149513656,0.0,0.0,1.4011089824203797,0.27,0.06
1789,0.038136721054231,0.8803117324211462,0.0,-0.0,0.8421750113669152,0.0,0.0,2.201175243218949,0.27,0.06
1790,0.029703329039020267,0.7886336452922402,0.0,-0.0,0.7589303162532199,0.0,0.0,2.922159043659508,0.27,0.06
1791,0.03028254695843987,0.3527493532815611,0.0,-0.0,0.32246680632312125,0.0,0.0,3.2285025096664732,0.27,0.06
1792,0.0266579955100247,0.11556215792401141,0.0,-0.0,0.08890416241398671,0.0,0.0,3.3129614639597604,0.27,0.06
1793,0.034413065367574346,0.1145976089111322,0.0,-0.0,0.08018454354355786,0.0,0.0,3.3891367803261403,0.27,0.06
1794,0.021978421340935486,0.09415835601916671,0.0,0.0,0.07217993467823122,0.0,0.0,3.45770771827046,0.27,0.06
1795,0.050063570110486004,0.01244727535668009,0.0,0.0,0.0,0.037616294753805915,0.0,3.4181116185296117,0.27,0.06
1796,0.11902627928199919,0.0,0.0,1.3877787807814457e-17,0.0,0.1190262792819992,0.0,3.2928207982327704,0.27,0.06
1797,0.17191647462233112,0.0,0.0,0.0,0.0,0.17191647462233112,0.0,3.111856088104001,0.27,0.06
1798,0.2647369296420399,0.0,0.0,0.0,0.0,0.2647369296420399,0.0,2.833185635849222,0.27,0.06
1799,0.25078098985815217,0.0,0.0,0.0,0.0,0.25078098985815217,0.0,2.569205646524851,0.27,0.06
1800,0.12610550785214675,0.0,0.0,0.0,0.0,0.12610550785214675,0.0,2.436463006680486,0.27,0.06
1801,0.08162259010324656,0.0,0.0,0.0,0.0,0.08162259010324656,0.0,2.350544490782332,0.27,0.06
1802,0.05224634422205905,0.0,0.0,0.0,0.0,0.05224634422205905,0.0,2.2955483389696383,0.27,0.06
1803,0.03617905327563352,0.0,0.0,0.0,0.0,0.03617905327563352,0.0,2.2574651249952873,0.27,0.06
1804,0.056220567804875846,0.0,0.0,0.0,0.0,0.056220567804875846,0.0,2.198285579937523,0.27,0.06
1805,0.032830923002919864,0.0,0.0,0.0,0.0,0.032830923002919864,0.0,2.16372671361866,0.27,0.06
1806,0.050549167820657666,0.0,0.0,0.0,0.0,0.050549167820657666,0.0,2.110517063281126,0.27,0.06
1807,0.03091830260534121,0.0,0.0,0.0,0.0,0.03091830260534121,0.0,2.077971481591293,0.27,0.06
1808,0.0795998974094392,0.02585909972623945,0.0,6.938893903907228e-18,0.0,0.05374079768319975,0.0,2.0214022208721354,0.27,0.06
1809,0.18351049534752212,0.09333159972241303,0.0,0.0,0.0,0.09017889562510908,0.0,1.9264770675825467,0.27,0.06
1810,0.24339556966919482,0.2174828369515875,0.0,0.0,0.0,0.02591273271760733,0.0,1.8992005068271707,0.27,0.06
1811,0.14984129934129425,0.20159074369176713,0.0,0.05174944435047288,0.0,0.0,0.0,1.8992005068271707,0.27,0.06
1812,0.2693423388475972,0.26584808031167667,0.0,0.0,0.0,0.0034942585359205025,0.0,1.8955223399472543,0.27,0.06
1813,0.1544066229063501,0.5162633764172847,0.0,0.0,0.3618567535109346,0.0,0.0,2.239286255782642,0.27,0.06
1814,0.19571089299286257,0.544510883223035,0.0,-0.0,0.3487999902301724,0.0,0.0,2.5706462465013056,0.27,0.06
1815,0.13634144796870734,0.3567912729545792,0.0,-0.0,0.22044982498587185,0.0,0.0,2.7800735802378838,0.27,0.06
1816,0.11409574550039313,0.12309482640554485,0.0,0.008999080905151724,0.0,0.0,0.0,2.7800735802378838,0.27,0.06
1817,0.14781991236867587,0.11404643804662973,0.0,0.0,0.0,0.03377347432204614,0.0,2.74452255463573,0.27,0.06
1818,0.22551293455376775,0.1030689516619562,0.0,0.0,0.0,0.12244398289181155,0.0,2.615634151591718,0.27,0.06
1819,0.053955272114161,0.012585068072805688,0.0,-9.020562075079397e-17,0.0,0.04137020404135522,0.0,2.5720865683902914,0.27,0.06
1820,0.07952194585445871,0.0,0.0,0.0,0.0,0.07952194585445871,0.0,2.4883792569645453,0.27,0.06
1821,0.20522920874397463,0.0,0.0,0.0,0.0,0.20522920874397463,0.0,2.272348510918256,0.27,0.06
1822,0.16845553003889183,0.0,0.0,0.0,0.0,0.16845553003889183,0.0,2.0950269003510016,0.27,0.06
1823,0.20023547805682324,0.0,0.0,0.0,0.0,0.20023547805682324,0.0,1.8842527129227666,0.27,0.06
1824,0.1569510817872632,0.0,0.0,0.0,0.0,0.1569510817872632,0.0,1.7190410478835423,0.27,0.06
1825,0.27148998905918725,0.0,0.0,0.0,0.0,0.27148998905918725,0.0,1.4332621120317661,0.27,0.06
1826,0.09713468840012919,0.0,0.0,0.0,0.0,0.09713468840012919,0.0,1.3310150716105775,0.27,0.06
1827,0.10899024507946738,0.0,0.0,0.0,0.0,0.10899024507946738,0.0,1.216288497842717,0.27,0.06
1828,0.05569605960327338,0.0,0.0,0.0,0.0,0.05569605960327338,0.0,1.1576610666813767,0.27,0.06
1829,0.028315086270925206,0.0,0.0,0.0,0.0,0.028315086270925206,0.0,1.1278557127119817,0.27,0.06
1830,0.05422620926086872,0.0,0.0,0.0,0.0,0.05422620926086872,0.0,1.0707754924373831,0.27,0.06
1831,0.028628198212036205,0.0031233015655138226,0.0,0.0,0.0,0.025504896646522383,0.0,1.0439282328094648,0.27,0.06
1832,0.033624148625208884,0.03375921545077441,0.0,0.0001350668255655288,0.0,0.0,0.0,1.0439282328094648,0.27,0.06
1833,0.10497867787064649,0.06324685670165492,0.0,0.0,0.0,0.04173182116899157,0.0,1.0,0.27,0.06
1834,0.09380039877201837,0.31793372700715705,0.0,0.22413332823513868,0.0,0.0,0.0,1.0,0.27,0.06
1835,0.08803368114100663,0.6837733883206512,0.0,0.2621285138312225,0.33361119334842204,0.0,0.0,1.316930633681001,0.27,0.06
1836,0.09089151310726844,0.8456338988628674,0.0,0.0,0.754742385755599,0.0,0.0,2.03393590014882,0.27,0.06
1837,0.09712045603916956,0.8668999080515867,0.0,0.0,0.7697794520124172,0.0,0.0,2.7652263795606165,0.27,0.06
1838,0.0874634726977908,0.7690670796024035,0.0,-1.1102230246251565e-16,0.6816036069046129,0.0,0.0,3.4127498061199986,0.27,0.06
1839,0.22148295667618273,0.34742136825803765,0.0,0.0,0.12593841158185493,0.0,0.0,3.5323912971227607,0.27,0.06
1840,0.14992917437731074,0.14109974131262445,0.0,0.0,0.0,0.008829433064686282,0.0,3.5230971570546696,0.27,0.06
1841,0.05696326201715245,0.12015524846153178,0.0,-0.0,0.06319198644437933,0.0,0.0,3.58312954417683,0.27,0.06
1842,0.26560536480481317,0.1113365146294927,0.0,0.0,0.0,0.15426885017532047,0.0,3.4207412808343873,0.27,0.06
1843,0.20890690304478,0.01896946391995895,0.0,0.0,0.0,0.18993743912482103,0.0,3.2208071343872073,0.27,0.06
1844,0.23908590631293605,0.0,0.0,0.0,0.0,0.23908590631293605,0.0,2.969137759320959,0.27,0.06
1845,0.3958968842166248,0.0,0.0,0.0,0.0,0.3958968842166248,0.0,2.55240419698767,0.27,0.06
1846,0.22993710965829794,0.0,0.0,0.0,0.0,0.22993710965829794,0.0,2.3103651341894613,0.27,0.06
1847,0.38611651022288995,0.0,0.0,0.0,0.0,0.38611651022288995,0.0,1.903926702375893,0.27,0.06
1848,0.35244352762521436,0.0,0.0,0.0,0.0,0.35244352762521436,0.0,1.5329335154019834,0.27,0.06
1849,0.12485932754940983,0.0,0.0,0.0,0.0,0.12485932754940983,0.0,1.4015026442973415,0.27,0.06
1850,0.14167675531888893,0.0,0.0,8.326672684688674e-17,0.0,0.141676755318889,0.0,1.2523692176458794,0.27,0.06
1851,0.028212456585473576,0.0,0.0,0.0,0.0,0.028212456585473576,0.0,1.2226718949243283,0.27,0.06
1852,0.05671896158269931,0.0,0.0,0.0,0.0,0.05671896158269931,0.0,1.1629677248372763,0.27,0.06
1853,0.032997402454511375,0.0,0.0,0.0,0.0,0.032997402454511375,0.0,1.1282336169904221,0.27,0.06
1854,0.04431996374451881,0.0,0.0,0.0,0.0,0.04431996374451881,0.0,1.081581023575139,0.27,0.06
1855,0.03774866071687416,0.0030314397547634175,0.0,0.0,0.0,0.034717220962110745,0.0,1.0450365804571278,0.27,0.06
1856,0.031683716366305625,0.02604282334774026,0.0,0.0,0.0,0.0056408930185653655,0.0,1.039098798332322,0.27,0.06
1857,0.07788457148351138,0.04074071306780533,0.0,0.0,0.0,0.037143858415706055,0.0,1.0,0.27,0.06
1858,0.030679616772000564,0.30727775696010984,0.0,0.2765981401881093,0.0,0.0,0.0,1.0,0.27,0.06
1859,0.18501142185422362,0.7010893396471028,0.0,0.27000067113522896,0.24607724665765032,0.0,0.0,1.2337733843247678,0.27,0.06
1860,0.21321199637687752,0.8888089499155586,0.0,0.0,0.6755969535386811,0.0,0.0,1.8755904901865148,0.27,0.06
1861,0.08119705556776668,0.8803117324211461,0.0,-1.1102230246251565e-16,0.7991146768533796,0.0,0.0,2.6347494331972254,0.27,0.06
1862,0.05825579542209713,0.7708583849120368,0.0,-1.1102230246251565e-16,0.7126025894899398,0.0,0.0,3.311721893212668,0.27,0.06
1863,0.043941696316079075,0.3347903692798567,0.0,0.0,0.29084867296377764,0.0,0.0,3.588028132528257,0.27,0.06
1864,0.10449386359318819,0.11882325220565097,0.0,0.0,0.014329388612462787,0.0,0.0,3.6016410517100965,0.27,0.06
1865,0.2630308743365543,0.11257664907462328,0.0,0.0,0.0,0.15045422526193103,0.0,3.443268183013327,0.27,0.06
1866,0.27740386146819385,0.10150730087919928,0.0,0.0,0.0,0.17589656058899455,0.0,3.258113908709122,0.27,0.06
1867,0.265395796553986,0.013917064328686592,0.0,0.0,0.0,0.2514787322252994,0.0,2.9933994537351225,0.27,0.06
1868,0.27909124496067755,0.0,0.0,0.0,0.0,0.27909124496067755,0.0,2.6996191958817777,0.27,0.06
1869,0.16285868673456294,0.0,0.0,0.0,0.0,0.16285868673456294,0.0,2.52818899931908,0.27,0.06
1870,0.26478067130187033,0.0,0.0,0.0,0.0,0.26478067130187033,0.0,2.249472503211848,0.27,0.06
1871,0.3034812027654913,0.0,0.0,0.0,0.0,0.3034812027654913,0.0,1.9300186055639625,0.27,0.06
1872,0.1424695892248213,0.0,0.0,2.7755575615628914e-17,0.0,0.14246958922482134,0.0,1.7800506169062558,0.27,0.06
1873,0.1355676775921337,0.0,0.0,2.7755575615628914e-17,0.0,0.13556767759213373,0.0,1.6373477983882203,0.27,0.06
1874,0.05928457314687331,0.0,0.0,0.0,0.0,0.05928457314687331,0.0,1.5749429845494063,0.27,0.06
1875,0.033363526675893866,0.0,0.0,0.0,0.0,0.033363526675893866,0.0,1.5398234827853075,0.27,0.06
1876,0.0687502683340705,0.0,0.0,0.0,0.0,0.0687502683340705,0.0,1.4674547792757595,0.27,0.06
1877,0.037046705005692855,0.0,0.0,0.0,0.0,0.037046705005692855,0.0,1.4284582476908199,0.27,0.06
1878,0.04388607259342962,0.0,0.0,0.0,0.0,0.04388607259342962,0.0,1.382262381802999,0.27,0.06
1879,0.05420897374117457,0.0033070251870146393,0.0,0.0,0.0,0.05090194855415993,0.0,1.328681383324936,0.27,0.06
1880,0.07262721568831032,0.02595096153698985,0.0,0.0,0.0,0.04667625415132047,0.0,1.279548484218283,0.27,0.06
1881,0.2055628205077521,0.040373265824803675,0.0,0.0,0.0,0.16518955468294844,0.0,1.1056647424467583,0.27,0.06
1882,0.16566611786293112,0.32404253742205913,0.0,0.158376419559128,0.0,0.0,0.0,1.1056647424467583,0.27,0.06
1883,0.11671410820060094,0.7194617017971843,0.0,-1.1102230246251565e-16,0.6027475935965835,0.0,0.0,1.6782749563635124,0.27,0.06
1884,0.1312332055332847,0.8945962439928344,0.0,1.3322676295501878e-15,0.7633630384595484,0.0,0.0,2.4034698429000834,0.27,0.06
1885,0.1558043974391245,0.8945043821820838,0.0,0.0,0.7386999847429594,0.0,0.0,3.105234828405895,0.27,0.06
1886,0.055930436556690374,0.7892766779674931,0.0,-8.881784197001252e-16,0.7333462414108036,0.0,0.0,3.801913757746158,0.27,0.06
1887,0.1897778264823784,0.34517075389465274,0.0,0.0,0.15539292741227434,0.0,0.0,3.949537038787819,0.27,0.06
1888,0.2110717887760645,0.10995858746823658,0.0,0.0,0.0,0.10111320130782792,0.0,3.843102090042737,0.27,0.06
1889,0.31708668698226405,0.10940741660373418,0.0,0.0,0.0,0.20767927037852987,0.0,3.624492331749548,0.27,0.06
1890,0.19254425796541358,0.10752424948335082,0.0,0.0,0.0,0.08502000848206276,0.0,3.5349975859789553,0.27,0.06
1891,0.1838745304150022,0.01506533696306667,0.0,0.0,0.0,0.16880919345193554,0.0,3.3573036981348126,0.27,0.06
1892,0.3069486759548751,0.0,0.0,0.0,0.0,0.3069486759548751,0.0,3.034199828708628,0.27,0.06
1893,0.24594107312705904,0.0,0.0,0.0,0.0,0.24594107312705904,0.0,2.7753144885748817,0.27,0.06
1894,0.2632822256654272,0.0,0.0,0.0,0.0,0.2632822256654272,0.0,2.498175303663906,0.27,0.06
1895,0.4008806914227394,0.0,0.0,-1.1102230246251565e-16,0.0,0.4008806914227393,0.0,2.076195628482075,0.27,0.06
1896,0.269223387647283,0.0,0.0,0.0,0.0,0.269223387647283,0.0,1.792802588853356,0.27,0.06
1897,0.13031828669618525,0.0,0.0,0.0,0.0,0.13031828669618525,0.0,1.6556254449626349,0.27,0.06
1898,0.08559655254182558,0.0,0.0,0.0,0.0,0.08559655254182558,0.0,1.5655238107080816,0.27,0.06
1899,0.08489564140759544,0.0,0.0,0.0,0.0,0.08489564140759544,0.0,1.476159977647455,0.27,0.06
1900,0.08230025940031313,0.0,0.0,2.7755575615628914e-17,0.0,0.08230025940031316,0.0,1.3895281256471252,0.27,0.06
1901,0.05239480472124306,0.0,0.0,0.0,0.0,0.05239480472124306,0.0,1.3343756996247642,0.27,0.06
1902,0.03477292212724988,0.0,0.0,3.469446951953614e-17,0.0,0.03477292212724992,0.0,1.2977726237013432,0.27,0.06
1903,0.0562542554115508,0.0045012287267699215,0.0,0.0,0.0,0.05175302668478088,0.0,1.243295753506837,0.27,0.06
1904,0.1159254526024733,0.0322434955733927,0.0,0.0,0.0,0.0836819570290806,0.0,1.15520948294991,0.27,0.06
1905,0.19002695808523037,0.04257794928281343,0.0,0.0,0.0,0.14744900880241696,0.0,0.9999999999999974,0.27,0.06
1906,0.1668374803415411,0.33754622360236886,0.0,0.17070874326082774,0.0,0.0,0.0,0.9999999999999974,0.27,0.06
1907,0.10497084354351283,0.7190023927434321,0.0,-0.0,0.6140315491999193,0.0,0.0,1.5833299717399207,0.27,0.06
1908,0.0816101857519515,0.8871095064166761,0.0,0.4565156422388506,0.3489836784258739,0.0,0.0,1.914864466244501,0.27,0.06
1909,0.16069523729658655,0.8794390452190173,0.0,0.0,0.7187438079224308,0.0,0.0,2.59767108377081,0.27,0.06
1910,0.10655938394199325,0.7692967341292797,0.0,0.0,0.6627373501872864,0.0,0.0,3.227271566448732,0.27,0.06
1911,0.14057733807779038,0.32546639548869044,0.0,0.0,0.18488905741090006,0.0,0.0,3.402916170989087,0.27,0.06
1912,0.13583652558493906,0.12029304117765739,0.0,0.0,0.0,0.015543484407281663,0.0,3.3865546084551066,0.27,0.06
1913,0.121240912990583,0.11634298331538989,0.0,0.0,0.0,0.004897929675193105,0.0,3.381398893007535,0.27,0.06
1914,0.07958370646669613,0.11344933627675213,0.0,0.0,0.033865629810056,0.0,0.0,3.4135712413270882,0.27,0.06
1915,0.22437930741751844,0.016075816881321144,0.0,0.0,0.0,0.2083034905361973,0.0,3.1943044091837227,0.27,0.06
1916,0.18879801330218787,0.0,0.0,0.0,0.0,0.18879801330218787,0.0,2.9955696583393143,0.27,0.06
1917,0.2592534229369121,0.0,0.0,0.0,0.0,0.2592534229369121,0.0,2.7226713184057227,0.27,0.06
1918,0.30201579187512867,0.0,0.0,0.0,0.0,0.30201579187512867,0.0,2.4047599585371664,0.27,0.06
1919,0.2678261354029847,0.0,0.0,0.0,0.0,0.2678261354029847,0.0,2.122837710744551,0.27,0.06
1920,0.1833790092237943,0.0,0.0,0.0,0.0,0.1833790092237943,0.0,1.9298071747195045,0.27,0.06
1921,0.14922747981036738,0.0,0.0,-2.7755575615628914e-17,0.0,0.14922747981036735,0.0,1.7727256170243808,0.27,0.06
1922,0.06342096730135813,0.0,0.0,0.0,0.0,0.06342096730135813,0.0,1.7059667040755828,0.27,0.06
1923,0.07043843525926806,0.0,0.0,0.0,0.0,0.07043843525926806,0.0,1.6318209827500374,0.27,0.06
1924,0.08649671672948982,0.0,0.0,1.3877787807814457e-17,0.0,0.08649671672948983,0.0,1.5407718072453114,0.27,0.06
1925,0.0523118914257445,0.0,0.0,0.0,0.0,0.0523118914257445,0.0,1.4857066583761067,0.27,0.06
1926,0.08177744863625626,0.0,0.0,0.0,0.0,0.08177744863625626,0.0,1.399625133495837,0.27,0.06
1927,0.14301263866730693,0.004822745064396343,0.0,0.0,0.0,0.1381898936029106,0.0,1.2541620875980364,0.27,0.06
1928,0.12568872164863282,0.03123301565513823,0.0,0.0,0.0,0.0944557059934946,0.0,1.1547350286575158,0.27,0.06
1929,0.18190276084756368,0.04859489788696508,0.0,0.0,0.0,0.1333078629605986,0.0,1.0144109623832014,0.27,0.06
1930,0.1362688498706015,0.3470539210150359,0.0,0.2107850711444344,0.0,0.0,0.0,1.0144109623832014,0.27,0.06
1931,0.11242990640752674,0.6994358270535954,0.0,-0.0,0.5870059206460687,0.0,0.0,1.5720665869969668,0.27,0.06
1932,0.09507909153236019,0.8581271051249229,0.0,-0.0,0.7630480135925627,0.0,0.0,2.2969621999099012,0.27,0.06
1933,0.29527853168436796,0.8592294468539277,0.0,-1.1102230246251565e-16,0.5639509151695598,0.0,0.0,2.832715569320983,0.27,0.06
1934,0.12297673873917711,0.7595134512843613,0.0,0.0,0.6365367125451842,0.0,0.0,3.4374254462389082,0.27,0.06
1935,0.07351380037560956,0.32114889038342126,0.0,0.0,0.2476350900078117,0.0,0.0,3.6726787817463293,0.27,0.06
1936,0.2502438161610166,0.1297548076849493,0.0,0.0,0.0,0.1204890084760673,0.0,3.545848246508364,0.27,0.06
1937,0.2530239577165356,0.12493206262055292,0.0,0.0,0.0,0.12809189509598265,0.0,3.4110146727231188,0.27,0.06
1938,0.1831166898369335,0.11569995064013709,0.0,0.0,0.0,0.0674167391967964,0.0,3.3400496840949123,0.27,0.06
1939,0.4156917480132738,0.01837236215008132,0.0,0.0,0.0,0.3973193858631925,0.0,2.9218187516073413,0.27,0.06
1940,0.3373627090370425,0.0,0.0,0.0,0.0,0.3373627090370425,0.0,2.5667001105157174,0.27,0.06
1941,0.2004698550102403,0.0,0.0,0.0,0.0,0.2004698550102403,0.0,2.3556792105049382,0.27,0.06
1942,0.29367380034314494,0.0,0.0,0.0,0.0,0.29367380034314494,0.0,2.0465488943542596,0.27,0.06
1943,0.17715071915248787,0.0,0.0,0.0,0.0,0.17715071915248787,0.0,1.8600744531411144,0.27,0.06
1944,0.12348949545007894,0.0,0.0,0.0,0.0,0.12348949545007894,0.0,1.730085510562084,0.27,0.06
1945,0.0567224870299095,0.0,0.0,0.0,0.0,0.0567224870299095,0.0,1.6703776294779686,0.27,0.06
1946,0.0937041671203925,0.0,0.0,0.0,0.0,0.0937041671203925,0.0,1.571741664088082,0.27,0.06
1947,0.05668266253364637,0.0,0.0,-6.938893903907228e-18,0.0,0.056682662533646365,0.0,1.512075703526349,0.27,0.06
1948,0.04414878369664706,0.0,0.0,0.0,0.0,0.04414878369664706,0.0,1.4656032996351416,0.27,0.06
1949,0.08145036547842356,0.0,0.0,0.0,0.0,0.08145036547842356,0.0,1.3798660728157484,0.27,0.06
1950,0.04214476281584175,0.0,0.0,6.938893903907228e-18,0.0,0.04214476281584176,0.0,1.3355031645885462,0.27,0.06
1951,0.0388595683044355,0.005971017698776433,0.0,0.0,0.0,0.03288855060565907,0.0,1.3008836376352209,0.27,0.06
1952,0.1585120714686565,0.03444817903140246,0.0,0.0,0.0,0.12406389243725405,0.0,1.1702900666486378,0.27,0.06
1953,0.2150554135514417,0.053279850235235814,0.0,0.0,0.0,0.16177556331620588,0.0,1.0,0.27,0.06
1954,0.11035864088549024,0.356561618427703,0.0,0.24620297754221276,0.0,0.0,0.0,1.0,0.27,0.06
1955,0.2362329055150736,0.6995736197697212,0.0,0.4633407142546476,0.0,0.0,0.0,1.0,0.27,0.06
1956,0.1750692690051775,0.8545444945056571,0.0,0.09035171749850812,0.5891235080019714,0.0,0.0,1.5596673326018728,0.27,0.06
1957,0.11953041823305406,0.8534880836820272,0.0,-0.0,0.7339576654489731,0.0,0.0,2.256927114778397,0.27,0.06
1958,0.07038163638754862,0.7391660602031465,0.0,-0.0,0.6687844238155979,0.0,0.0,2.892272317403215,0.27,0.06
1959,0.19449161054661812,0.31885234511466115,0.0,0.0,0.12436073456804303,0.0,0.0,3.010415015242856,0.27,0.06
1960,0.1271807692512496,0.1362310653428529,0.0,2.7755575615628914e-16,0.009050296091603016,0.0,0.0,3.0190127965298785,0.27,0.06
1961,0.07632958811958707,0.131729836616083,0.0,0.0,0.05540024849649594,0.0,0.0,3.07164303260155,0.27,0.06
1962,0.09541257272401879,0.11459760891113219,0.0,-5.828670879282072e-16,0.01918503618711398,0.0,0.0,3.0898688169793083,0.27,0.06
1963,0.10753175451140669,0.020668907418841476,0.0,0.0,0.0,0.08686284709256521,0.0,2.9984342410923976,0.27,0.06
1964,0.3029170006397447,0.0,0.0,0.0,0.0,0.3029170006397447,0.0,2.679574240418982,0.27,0.06
1965,0.22189713143731868,0.0,0.0,0.0,0.0,0.22189713143731868,0.0,2.4459983125902256,0.27,0.06
1966,0.3554088204453273,0.0,0.0,0.0,0.0,0.3554088204453273,0.0,2.071883764753039,0.27,0.06
1967,0.27903418494472065,0.0,0.0,0.0,0.0,0.27903418494472065,0.0,1.7781635700743854,0.27,0.06
1968,0.1691253650088251,0.0,0.0,0.0,0.0,0.1691253650088251,0.0,1.6001368700650958,0.27,0.06
1969,0.05667730907677169,0.0,0.0,0.0,0.0,0.05667730907677169,0.0,1.5404765447211255,0.27,0.06
1970,0.03196914701821071,0.0,0.0,0.0,0.0,0.03196914701821071,0.0,1.5068248110177458,0.27,0.06
1971,0.05056548933551966,0.0,0.0,-1.3877787807814457e-17,0.0,0.050565489335519645,0.0,1.4535979801382515,0.27,0.06
1972,0.031096272403395478,0.0,0.0,0.0,0.0,0.031096272403395478,0.0,1.4208650618188878,0.27,0.06
1973,0.04770530707111775,0.0,0.0,0.0,0.0,0.04770530707111775,0.0,1.370648949112448,0.27,0.06
1974,0.03847738371242897,0.0,0.0,0.0,0.0,0.03847738371242897,0.0,1.3301464399414702,0.27,0.06
1975,0.030399931293326722,0.006568119468654068,0.0,0.0,0.0,0.023831811824672654,0.0,1.3050603222312884,0.27,0.06
1976,0.10914223102586175,0.05277461027610858,0.0,0.0,0.0,0.05636762074975317,0.0,1.2457259845999693,0.27,0.06
1977,0.21112310361879033,0.07454585942395492,0.0,0.0,0.0,0.1365772441948354,0.0,1.1019604643948795,0.27,0.06
1978,0.24386053698458113,0.3690088937843833,0.0,0.12514835679980216,0.0,0.0,0.0,1.1019604643948795,0.27,0.06
1979,0.08239126816718324,0.6649417171168179,0.0,-0.0,0.5825504489496347,0.0,0.0,1.6553833908970323,0.27,0.06
1980,0.1321128698982825,0.8396169502587159,0.0,-0.0,0.7075040803604333,0.0,0.0,2.327512267239444,0.27,0.06
1981,0.25504051352075496,0.8422809427704777,0.0,0.5872404292497228,0.0,0.0,0.0,2.327512267239444,0.27,0.06
1982,0.07531660962119713,0.7486278267104384,0.0,-0.0,0.6733112170892412,0.0,0.0,2.967157923474223,0.27,0.06
1983,0.2080751586474169,0.32059771951891886,0.0,-0.0,0.11252256087150195,0.0,0.0,3.07405435630215,0.27,0.06
1984,0.22117820135068075,0.14495793736414153,0.0,0.0,0.0,0.07622026398653922,0.0,2.9938224994742137,0.27,0.06
1985,0.08450679763752512,0.1356339635729753,0.0,0.0,0.05112716593545018,0.0,0.0,3.0423933071128912,0.27,0.06
1986,0.2522005699347819,0.11579181245088747,0.0,-2.7755575615628914e-17,0.0,0.1364087574838944,0.0,2.898805141340371,0.27,0.06
1987,0.21731796722766017,0.0197502893113374,0.0,0.0,0.0,0.19756767791632276,0.0,2.6908391645863468,0.27,0.06
1988,0.07161462890627712,0.0,0.0,0.0,0.0,0.07161462890627712,0.0,2.6154553446850026,0.27,0.06
1989,0.16953823404877214,0.0,0.0,0.0,0.0,0.16953823404877214,0.0,2.4369940456862946,0.27,0.06
1990,0.1952181138161518,0.0,0.0,0.0,0.0,0.1952181138161518,0.0,2.231501294300872,0.27,0.06
1991,0.2621724932269364,0.0,0.0,5.551115123125783e-17,0.0,0.2621724932269365,0.0,1.9555302487988335,0.27,0.06
1992,0.17867136204914258,0.0,0.0,0.0,0.0,0.17867136204914258,0.0,1.7674551308523676,0.27,0.06
1993,0.201870110413274,0.0,0.0,0.0,0.0,0.201870110413274,0.0,1.5549602777857634,0.27,0.06
1994,0.1215929354231245,0.0,0.0,0.0,0.0,0.1215929354231245,0.0,1.4269677141824744,0.27,0.06
1995,0.06691599120782912,0.0,0.0,0.0,0.0,0.06691599120782912,0.0,1.356529828700549,0.27,0.06
1996,0.03782086709862319,0.0,0.0,0.0,0.0,0.03782086709862319,0.0,1.3167183896493666,0.27,0.06
1997,0.05852843000635062,0.0,0.0,0.0,0.0,0.05852843000635062,0.0,1.2551095159584713,0.27,0.06
1998,0.03077728471693422,0.0,0.0,3.469446951953614e-18,0.0,0.030777284716934222,0.0,1.222712374151172,0.27,0.06
1999,0.049598341650862,0.006797773995530085,0.0,6.938893903907228e-18,0.0,0.042800567655331925,0.0,1.1776591450402965,0.27,0.06
2000,0.04509177553930898,0.03596389890878416,0.0,1.3877787807814457e-17,0.0,0.009127876630524834,0.0,1.1680508538502703,0.27,0.06
2001,0.0943565054263935,0.05833224982650817,0.0,0.0,0.0,0.03602425559988533,0.0,1.1301305847977594,0.27,0.06
2002,0.12883080911772976,0.3730508134574011,0.0,0.0,0.24422000433967134,0.0,0.0,1.3621395889204473,0.27,0.06
2003,0.04342998418212832,0.6995736197697212,0.0,-1.1102230246251565e-16,0.656143635587593,0.0,0.0,1.9854760427286606,0.27,0.06
2004,0.04704330642831838,0.8758564345997514,0.0,-0.0,0.828813128171433,0.0,0.0,2.772848514491522,0.27,0.06
2005,0.1035756804531163,0.8547282181271578,0.0,-0.0,0.7511525376740416,0.0,0.0,3.4864434252818612,0.27,0.06
2006,0.11561743297399919,0.7247896868207078,0.0,-0.0,0.6091722538467086,0.0,0.0,4.065157066436234,0.27,0.06
2007,0.09129341408922825,0.3023172191795879,0.0,-0.0,0.21102380509035967,0.0,0.0,4.265629681272076,0.27,0.06
2008,0.23724170570565867,0.18523934137819487,0.0,0.0,0.0,0.0520023643274638,0.0,4.210890350401061,0.27,0.06
2009,0.09273349398852476,0.13875726513848913,0.0,0.0,0.046023771149964365,0.0,0.0,4.254612932993528,0.27,0.06
2010,0.11082870051351337,0.08883037099564318,0.0,0.0,0.0,0.021998329517870188,0.0,4.231456796658928,0.27,0.06
2011,0.3444001545291438,0.0019290980257585372,0.0,0.0,0.0,0.3424710565033853,0.0,3.8709609477079954,0.27,0.06
2012,0.45662166783491376,0.0,0.0,0.0,0.0,0.45662166783491376,0.0,3.3903065605133493,0.27,0.06
2013,0.41341874856754435,0.0,0.0,0.0,0.0,0.41341874856754435,0.0,2.95512893044225,0.27,0.06
2014,0.3733187451336025,0.0,0.0,0.0,0.0,0.3733187451336025,0.0,2.5621618303016156,0.27,0.06
2015,0.3460209462409913,0.0,0.0,0.0,0.0,0.3460209462409913,0.0,2.1979292553110987,0.27,0.06
2016,0.37330947451316143,0.0,0.0,0.0,0.0,0.37330947451316143,0.0,1.8049719137182971,0.27,0.06
2017,0.1998647838112796,0.0,0.0,0.0,0.0,0.1998647838112796,0.0,1.5945879307590554,0.27,0.06
2018,0.0,0.0,0.0,-0.0,0.0,0.0,0.0,1.5945879307590554,0.27,0.06
2019,0.07805692668045319,0.0,0.0,0.0,0.0,0.07805692668045319,0.0,1.512422744779631,0.27,0.06
2020,0.07949021682956706,0.0,0.0,0.0,0.0,0.07949021682956706,0.0,1.428748832327455,0.27,0.06
2021,0.061602619973621944,0.0,0.0,0.0,0.0,0.061602619973621944,0.0,1.3639039691973267,0.27,0.06
2022,0.07620515289027982,0.0,0.0,0.0,0.0,0.07620515289027982,0.0,1.2836880187865058,0.27,0.06
2023,0.06582401657750757,0.006476257657903657,0.0,-6.938893903907228e-18,0.0,0.05934775891960391,0.0,1.2212166936079754,0.27,0.06
2024,0.045971178760068995,0.032427219194893525,0.0,0.0,0.0,0.01354395956517547,0.0,1.2069598940656854,0.27,0.06
2025,0.04714384695986791,0.05268274846535816,0.0,0.005538901505490253,0.0,0.0,0.0,1.2069598940656854,0.27,0.06
2026,0.028745451974804218,0.4014820438846519,0.0,0.0,0.3727365919098477,0.0,0.0,1.5610596563800407,0.27,0.06
2027,0.1457559588852975,0.739533507446148,0.0,-1.1102230246251565e-16,0.5937775485608506,0.0,0.0,2.1251483275128487,0.27,0.06
2028,0.3831015999975969,0.9363474369788941,0.0,0.0,0.5532458369812971,0.0,0.0,2.650731872645081,0.27,0.06
2029,0.33430275143073085,0.9370823314648973,0.0,0.0,0.6027795800341664,0.0,0.0,3.2233724736775393,0.27,0.06
2030,0.18022960971603927,0.8028262950531782,0.0,-0.0,0.6225966853371389,0.0,0.0,3.814839324747821,0.27,0.06
2031,0.2595314109780408,0.30792078963536296,0.0,-0.0,0.04838937865732218,0.0,0.0,3.8608092344722773,0.27,0.06
2032,0.21478460697685306,0.11501098705950911,0.0,0.0,0.0,0.09977361991734394,0.0,3.755784371401389,0.27,0.06
2033,0.14020129037537182,0.11739939413901952,0.0,0.0,0.0,0.0228018962363523,0.0,3.7317823753631236,0.27,0.06
2034,0.20107244533894245,0.12865246595594443,0.0,0.0,0.0,0.07241997938299802,0.0,3.6555508181178626,0.27,0.06
2035,0.17496637817548794,0.020577045608091062,0.0,0.0,0.0,0.15438933256739687,0.0,3.493035731204813,0.27,0.06
2036,0.19661079603628917,0.0,0.0,-5.551115123125783e-17,0.0,0.19661079603628911,0.0,3.2860769985350347,0.27,0.06
2037,0.2345244999114468,0.0,0.0,0.0,0.0,0.2345244999114468,0.0,3.0392091038914066,0.27,0.06
2038,0.23670257342673962,0.0,0.0,0.0,0.0,0.23670257342673962,0.0,2.7900485002843127,0.27,0.06
2039,0.1965381979381835,0.0,0.0,0.0,0.0,0.1965381979381835,0.0,2.583166186665172,0.27,0.06
2040,0.050040197701203756,0.0,0.0,0.0,0.0,0.050040197701203756,0.0,2.530492294348116,0.27,0.06
2041,0.09971884120518651,0.0,0.0,0.0,0.0,0.09971884120518651,0.0,2.4255250930794983,0.27,0.06
2042,0.05863641314867701,0.0,0.0,0.0,0.0,0.05863641314867701,0.0,2.363802552922996,0.27,0.06
2043,0.0342595125557535,0.0,0.0,0.0,0.0,0.0342595125557535,0.0,2.327739908127466,0.27,0.06
2044,0.03325619639416186,0.0,0.0,0.0,0.0,0.03325619639416186,0.0,2.2927333856072956,0.27,0.06
2045,0.055382947662162375,0.0,0.0,0.0,0.0,0.055382947662162375,0.0,2.234435545962914,0.27,0.06
2046,0.03163736326409767,0.0,0.0,0.0,0.0,0.03163736326409767,0.0,2.201133058316495,0.27,0.06
2047,0.04033816697880608,0.00785418481915976,0.0,0.0,0.0,0.03248398215964632,0.0,2.1669393928852885,0.27,0.06
2048,0.06029258990474526,0.03256501191101912,0.0,0.0,0.0,0.02772757799372614,0.0,2.1377524686813665,0.27,0.06
2049,0.22617767721106366,0.05272867937073335,0.0,0.0,0.0,0.1734489978403303,0.0,1.9551745762178607,0.27,0.06
2050,0.16212787458510589,0.40823388697480667,0.0,1.3877787807814457e-16,0.24610601238970065,0.0,0.0,2.188975287988076,0.27,0.06
2051,0.11360975607386475,0.7260757521712133,0.0,2.220446049250313e-16,0.6124659960973484,0.0,0.0,2.770817984280557,0.27,0.06
2052,0.07257498684075218,0.9287229066866102,0.0,0.0,0.856147919845858,0.0,0.0,3.5841585081341223,0.27,0.06
2053,0.06057240595553788,0.9175157657750607,0.0,-1.1102230246251565e-16,0.8569433598195229,0.0,0.0,4.398254699962669,0.27,0.06
2054,0.1827117856962395,0.7681484614948997,0.0,0.0,0.5854366757986602,0.0,0.0,4.954419541971396,0.27,0.06
2055,0.12647346008319374,0.2879867767025246,0.0,-0.0,0.16151331661933085,0.0,0.0,5.10785719275976,0.27,0.06
2056,0.29984868641782375,0.1113365146294928,0.0,0.0,0.0,0.18851217178833096,0.0,4.909423327719412,0.27,0.06
2057,0.24655162835501393,0.1185476667733997,0.0,0.0,0.0,0.12800396158161423,0.0,4.774682315528239,0.27,0.06
2058,0.20946000654042088,0.12745826241618916,0.0,0.0,0.0,0.08200174412423172,0.0,4.6883646901343115,0.27,0.06
2059,0.2396532421695362,0.02144973281021994,0.0,0.0,0.0,0.21820350935931626,0.0,4.458676785545557,0.27,0.06
2060,0.17883209632750302,0.0,0.0,-1.6653345369377348e-16,0.0,0.17883209632750285,0.0,4.27043247362187,0.27,0.06
2061,0.47892260230952,0.0,0.0,0.0,0.0,0.47892260230952,0.0,3.7663034185592172,0.27,0.06
2062,0.5237015270519556,0.0,0.0,0.0,0.0,0.5237015270519556,0.0,3.2150386532413693,0.27,0.06
2063,0.4255071153348725,0.0,0.0,0.0,0.0,0.4255071153348725,0.0,2.7671364265730825,0.27,0.06
2064,0.4133768349173781,0.0,0.0,0.0,0.0,0.4133768349173781,0.0,2.332002916133737,0.27,0.06
2065,0.3171493615993344,0.0,0.0,0.0,0.0,0.3171493615993344,0.0,1.9981614828712797,0.27,0.06
2066,0.13985919142386605,0.0,0.0,0.0,0.0,0.13985919142386605,0.0,1.8509412813724733,0.27,0.06
2067,0.09917853377719756,0.0,0.0,0.0,0.0,0.09917853377719756,0.0,1.7465428247648969,0.27,0.06
2068,0.09416051667593162,0.0,0.0,0.0,0.0,0.09416051667593162,0.0,1.6474264914218109,0.27,0.06
2069,0.09250394820350669,0.0,0.0,0.0,0.0,0.09250394820350669,0.0,1.5500539143654881,0.27,0.06
2070,0.08442597349592901,0.0,0.0,0.0,0.0,0.08442597349592901,0.0,1.4611844685802997,0.27,0.06
2071,0.09724162696550444,0.008313493872911786,0.0,0.0,0.0,0.08892813309259265,0.0,1.367575907430202,0.27,0.06
2072,0.13533121148481425,0.032289426478767896,0.0,0.0,0.0,0.10304178500604635,0.0,1.259110870581732,0.27,0.06
2073,0.2984706282750018,0.05231530122235653,0.0,0.0,0.0,0.24615532705264528,0.0,1.0,0.27,0.06
2074,0.11961803212483288,0.41461828282196,0.0,0.2950002506971271,0.0,0.0,0.0,1.0000000000000004,0.27,0.06
2075,0.1604070646301845,0.7096324880468906,0.0,0.5492254234167061,0.0,0.0,0.0,1.0000000000000004,0.27,0.06
2076,0.22333943106263598,0.9026341524334947,0.0,0.32471132522477403,0.35458339614608464,0.0,0.0,1.3368542263387808,0.27,0.06
2077,0.17801680401712028,0.9012562252722386,0.0,-1.1102230246251565e-16,0.7232394212551184,0.0,0.0,2.0239316765311433,0.27,0.06
2078,0.14506888839567036,0.7478470013190597,0.0,-1.1102230246251565e-16,0.6027781129233895,0.0,0.0,2.596570883808363,0.27,0.06
2079,0.058038915132612,0.2707167562814481,0.0,0.2126778411488361,0.0,0.0,0.0,2.596570883808363,0.27,0.06
2080,0.16400576279905826,0.10761611129410127,0.0,0.0,0.0,0.05638965150495699,0.0,2.5372133559084085,0.27,0.06
2081,0.07220703460970512,0.11445981619500664,0.0,0.04225278158530152,0.0,0.0,0.0,2.5372133559084085,0.27,0.06
2082,0.06770386337324337,0.12970887677957413,0.0,0.06200501340633076,0.0,0.0,0.0,2.5372133559084085,0.27,0.06
2083,0.06387470541451937,0.02232242001234879,0.0,0.0,0.0,0.041552285402170576,0.0,2.49347410811665,0.27,0.06
2084,0.14568571108533182,0.0,0.0,0.0,0.0,0.14568571108533182,0.0,2.340120728026827,0.27,0.06
2085,0.16991101744821813,0.0,0.0,0.0,0.0,0.16991101744821813,0.0,2.1612670254497552,0.27,0.06
2086,0.1538146089192788,0.0,0.0,0.0,0.0,0.1538146089192788,0.0,1.9993569107978828,0.27,0.06
2087,0.24202247326689205,0.0,0.0,0.0,0.0,0.24202247326689205,0.0,1.744596412622207,0.27,0.06
2088,0.09233772989615299,0.0,0.0,0.0,0.0,0.09233772989615299,0.0,1.647398802205204,0.27,0.06
2089,0.07845112390739813,0.0,0.0,4.163336342344337e-17,0.0,0.07845112390739817,0.0,1.5648186717763637,0.27,0.06
2090,0.05351550521772156,0.0,0.0,0.0,0.0,0.05351550521772156,0.0,1.5084865610208673,0.27,0.06
2091,0.02700544791840514,0.0,0.0,0.0,0.0,0.02700544791840514,0.0,1.4800597737383356,0.27,0.06
2092,0.04423835617020924,0.0,0.0,0.0,0.0,0.04423835617020924,0.0,1.4334930830328523,0.27,0.06
2093,0.024839778754407488,0.0,0.0,0.0,0.0,0.024839778754407488,0.0,1.407345947501897,0.27,0.06
2094,0.024654888634051696,0.0,0.0,0.0,0.0,0.024654888634051696,0.0,1.3813934331502637,0.27,0.06
2095,0.0521314407574312,0.009461766507291882,0.0,0.0,0.0,0.04266967425013932,0.0,1.3364779865711698,0.27,0.06
2096,0.03956648575613472,0.037617411502291476,0.0,0.0,0.0,0.001949074253843247,0.0,1.334426329461861,0.27,0.06
2097,0.16400393478939373,0.061822998635023614,0.0,0.0,0.0,0.10218093615437013,0.0,1.226867449299366,0.27,0.06
2098,0.1743033329557377,0.41025484681131563,0.0,0.23595151385557794,0.0,0.0,0.0,1.226867449299366,0.27,0.06
2099,0.13445637828821577,0.6851972463872825,0.0,-1.1102230246251565e-16,0.5507408680990669,0.0,0.0,1.7500712739934796,0.27,0.06
2100,0.18295726127976245,0.8687830751719702,0.0,0.6858258138922078,0.0,0.0,0.0,1.7500712739934796,0.27,0.06
2101,0.16357461366246587,0.8758564345997515,0.0,2.220446049250313e-16,0.7122818209372854,0.0,0.0,2.4267390038839007,0.27,0.06
2102,0.13949372006307814,0.7318171153431139,0.0,0.0,0.5923233952800357,0.0,0.0,2.9894462293999347,0.27,0.06
2103,0.19465156139226528,0.267271938378308,0.0,0.0726203769860427,0.0,0.0,0.0,2.9894462293999347,0.27,0.06
2104,0.09998181345264151,0.12084421204215984,0.0,0.020862398589518327,0.0,0.0,0.0,2.9894462293999347,0.27,0.06
2105,0.10143390598687638,0.12488613171517779,0.0,0.023452225728301412,0.0,0.0,0.0,2.9894462293999347,0.27,0.06
2106,0.12974677253178038,0.13099494213007978,0.0,0.0012481695982994034,0.0,0.0,0.0,2.9894462293999347,0.27,0.06
2107,0.15714393680687155,0.025307928861736998,0.0,0.0,0.0,0.13183600794513456,0.0,2.85067148419453,0.27,0.06
2108,0.06295195225028613,0.0,0.0,0.0,0.0,0.06295195225028613,0.0,2.784406271299492,0.27,0.06
2109,0.30781933084366936,0.0,0.0,0.0,0.0,0.30781933084366936,0.0,2.460385923042998,0.27,0.06
2110,0.2436453541326418,0.0,0.0,0.0,0.0,0.2436453541326418,0.0,2.203917129219165,0.27,0.06
2111,0.22865920033066958,0.0,0.0,0.0,0.0,0.22865920033066958,0.0,1.9632232341342493,0.27,0.06
2112,0.1606287760880687,0.0,0.0,-2.7755575615628914e-17,0.0,0.16062877608806866,0.0,1.7941403119362822,0.27,0.06
2113,0.14642266012437713,0.0,0.0,0.0,0.0,0.14642266012437713,0.0,1.6400111960158852,0.27,0.06
2114,0.09196925537663043,0.0,0.0,0.0,0.0,0.09196925537663043,0.0,1.543201453514169,0.27,0.06
2115,0.030011087523256555,0.0,0.0,0.0,0.0,0.030011087523256555,0.0,1.511610835068636,0.27,0.06
2116,0.0371305323060237,0.0,0.0,0.0,0.0,0.0371305323060237,0.0,1.4725260642201898,0.27,0.06
2117,0.03654765836727499,0.0,0.0,0.0,0.0,0.03654765836727499,0.0,1.4340548448862163,0.27,0.06
2118,0.023716989104026618,0.0,0.0,0.0,0.0,0.023716989104026618,0.0,1.4090895931977672,0.27,0.06
2119,0.04749835026266862,0.01139086453305041,0.0,0.0,0.0,0.03610748572961821,0.0,1.3710817134823796,0.27,0.06
2120,0.03687722239536677,0.048962345129966715,0.0,0.012085122734599947,0.0,0.0,0.0,1.3710817134823796,0.27,0.06
2121,0.21379212830112942,0.07895522633997441,0.0,0.0,0.0,0.134836901961155,0.0,1.2291481324706375,0.27,0.06
2122,0.10773126870907868,0.4166851735638442,0.0,0.30895390485476554,0.0,0.0,0.0,1.2291481324706375,0.27,0.06
2123,0.2033458365010285,0.6720150765445992,0.0,0.46866924004357075,0.0,0.0,0.0,1.2291481324706375,0.27,0.06
2124,0.1949787751222168,0.8419594264328514,0.0,-0.0,0.6469806513106345,0.0,0.0,1.8437797512157401,0.27,0.06
2125,0.26929363544724894,0.8363558559770764,0.0,6.661338147750939e-16,0.5670622205298268,0.0,0.0,2.3824888607190755,0.27,0.06
2126,0.1037865544251322,0.7131232368554061,0.0,0.0,0.609336682430274,0.0,0.0,2.9613587090278357,0.27,0.06
2127,0.15151301417951107,0.2671800765675577,0.0,0.11566706238804664,0.0,0.0,0.0,2.9613587090278357,0.27,0.06
2128,0.06475880923155955,0.13278624743971265,0.0,0.0680274382081531,0.0,0.0,0.0,2.9613587090278357,0.27,0.06
2129,0.06224555708706244,0.1321432147644599,0.0,0.06989765767739745,0.0,0.0,0.0,2.9613587090278357,0.27,0.06
2130,0.1450772450112796,0.1303519094548269,0.0,0.0,0.0,0.014725335556452723,0.0,2.945858355810517,0.27,0.06
2131,0.05653746633743475,0.026502132401492292,0.0,0.0,0.0,0.030035333935942456,0.0,2.914242214825314,0.27,0.06
2132,0.2156047304556348,0.0,0.0,0.0,0.0,0.2156047304556348,0.0,2.687289866977278,0.27,0.06
2133,0.2641637180400896,0.0,0.0,0.0,0.0,0.2641637180400896,0.0,2.409222795356131,0.27,0.06
2134,0.2830586787933125,0.0,0.0,0.0,0.0,0.2830586787933125,0.0,2.1112662913631706,0.27,0.06
2135,0.16215189985498255,0.0,0.0,0.0,0.0,0.16215189985498255,0.0,1.9405800809895049,0.27,0.06
2136,0.054152566585811815,0.0,0.0,0.0,0.0,0.054152566585811815,0.0,1.8835773793202293,0.27,0.06
2137,0.03620347026186696,0.0,0.0,0.0,0.0,0.03620347026186696,0.0,1.8454684632551062,0.27,0.06
2138,0.03963033552227463,0.0,0.0,0.0,0.0,0.03963033552227463,0.0,1.8037523206000803,0.27,0.06
2139,0.034417243675378996,0.0,0.0,6.938893903907228e-18,0.0,0.034417243675379,0.0,1.7675236430470498,0.27,0.06
2140,0.04224491163103444,0.0,0.0,0.0,0.0,0.04224491163103444,0.0,1.723055315014382,0.27,0.06
2141,0.02214594536947817,0.0,0.0,0.0,0.0,0.02214594536947817,0.0,1.699743793572826,0.27,0.06
2142,0.040608973553394934,0.0,0.0,0.0,0.0,0.040608973553394934,0.0,1.656997505621884,0.27,0.06
2143,0.03332409389598738,0.0,0.0,1.3877787807814457e-17,0.0,0.033324093895987394,0.0,1.6219195120471603,0.27,0.06
2144,0.03943173532943477,0.009783282844918296,0.0,0.0,0.0,0.02964845248451647,0.0,1.5907106146950378,0.27,0.06
2145,0.16618031086714094,0.040143611297927664,0.0,0.0,0.0,0.12603669956921326,0.0,1.4580404046221818,0.27,0.06
2146,0.20297004994284834,0.07427027399170372,0.0,0.0,0.0,0.12869977595114462,0.0,1.322566956252556,0.27,0.06
2147,0.07391805165570944,0.42862720896139705,0.0,0.35470915730568764,0.0,0.0,0.0,1.322566956252556,0.27,0.06
2148,0.05623701989185663,0.66319634271256,0.0,0.6069593228207034,0.0,0.0,0.0,1.322566956252556,0.27,0.06
2149,0.20017267286763488,0.8523857419530224,0.0,9.992007221626409e-16,0.6522130690853866,0.0,0.0,1.942169371883673,0.27,0.06
2150,0.2231096241333806,0.8609288903528104,0.0,-1.1102230246251565e-16,0.6378192662194299,0.0,0.0,2.5480976747921313,0.27,0.06
2151,0.15073428206241918,0.7017323723223556,0.0,0.5509980902599365,0.0,0.0,0.0,2.5480976747921313,0.27,0.06
2152,0.22919546002297264,0.28109714089624405,0.0,0.051901680873271405,0.0,0.0,0.0,2.5480976747921313,0.27,0.06
2153,0.12911898178413175,0.21114437200980957,0.0,0.08202539022567781,0.0,0.0,0.0,2.5480976747921313,0.27,0.06
2154,0.299281219989104,0.19869709665312946,0.0,0.0,0.0,0.10058412333597455,0.0,2.4422196502279476,0.27,0.06
2155,0.07188987493290844,0.1261262661603082,0.0,0.05423639122739976,0.0,0.0,0.0,2.4422196502279476,0.27,0.06
2156,0.07257054738870974,0.020163667459714225,0.0,0.0,0.0,0.05240687992899552,0.0,2.387054513460584,0.27,0.06
2157,0.2130178356360804,0.0,0.0,0.0,0.0,0.2130178356360804,0.0,2.1628252127910255,0.27,0.06
2158,0.219325774699913,0.0,0.0,0.0,0.0,0.219325774699913,0.0,1.931955976264801,0.27,0.06
2159,0.1747377463953024,0.0,0.0,0.0,0.0,0.1747377463953024,0.0,1.748021506375009,0.27,0.06
2160,0.08886438096141863,0.0,0.0,0.0,0.0,0.08886438096141863,0.0,1.6544800527314105,0.27,0.06
2161,0.050658456684173084,0.0,0.0,0.0,0.0,0.050658456684173084,0.0,1.6011553614849126,0.27,0.06
2162,0.027139414912391836,0.0,0.0,-6.938893903907228e-18,0.0,0.02713941491239183,0.0,1.572587556313974,0.27,0.06
2163,0.0522311978562672,0.0,0.0,0.0,0.0,0.0522311978562672,0.0,1.517607348044219,0.27,0.06
2164,0.03149477851026406,0.0,0.0,0.0,0.0,0.03149477851026406,0.0,1.4844549496123618,0.27,0.06
2165,0.04167509490417525,0.0,0.0,6.938893903907228e-18,0.0,0.04167509490417526,0.0,1.4405864286605983,0.27,0.06
2166,0.04869099599665844,0.0,0.0,0.0,0.0,0.04869099599665844,0.0,1.3893327486641158,0.27,0.06
2167,0.026237422715062925,0.0,0.0,1.0408340855860843e-17,0.0,0.026237422715062936,0.0,1.3617144089640496,0.27,0.06
2168,0.023481306429420565,0.014054857044812201,0.0,0.0,0.0,0.009426449384608364,0.0,1.3517918306644618,0.27,0.06
2169,0.08394990755043663,0.0689882198735553,0.0,0.0,0.0,0.01496168767688133,0.0,1.336042685741429,0.27,0.06
2170,0.028912323142752445,0.0934234615331635,0.0,0.06451113839041106,0.0,0.0,0.0,1.336042685741429,0.27,0.06
2171,0.044363183115873187,0.4061669962329224,0.0,0.36180381311704923,0.0,0.0,0.0,1.336042685741429,0.27,0.06
2172,0.20836502875136448,0.6286103709650323,0.0,0.42024534221366777,0.0,0.0,0.0,1.336042685741429,0.27,0.06
2173,0.2597537752965194,0.7732927228969226,0.0,-0.0,0.5135389476004033,0.0,0.0,1.823904685961812,0.27,0.06
2174,0.16072618288876464,0.7709961776281623,0.0,0.6102699947393977,0.0,0.0,0.0,1.823904685961812,0.27,0.06
2175,0.06746909470346969,0.681660566673392,0.0,8.881784197001252e-16,0.6141914719699214,0.0,0.0,2.407386584333237,0.27,0.06
2176,0.06410660149767738,0.3440684121656477,0.0,0.0,0.2799618106679703,0.0,0.0,2.673350304467809,0.27,0.06
2177,0.03623376299345066,0.2612549897741563,0.0,-3.885780586188048e-16,0.22502122678070602,0.0,0.0,2.8871204699094797,0.27,0.06
2178,0.09341429701644494,0.08070060074423219,0.0,0.0,0.0,0.012713696272212749,0.0,2.8737376317282033,0.27,0.06
2179,0.09702461610390044,0.045241941794575254,0.0,0.0,0.0,0.051782674309325184,0.0,2.819229553507861,0.27,0.06
2180,0.060396394739267,0.03798485874529311,0.0,0.0,0.0,0.022411535993973893,0.0,2.7956384629878883,0.27,0.06
2181,0.027260585838726675,0.0,0.0,0.0,0.0,0.027260585838726675,0.0,2.766943109473439,0.27,0.06
2182,0.07939607433184356,0.0,0.0,0.0,0.0,0.07939607433184356,0.0,2.683368294387288,0.27,0.06
2183,0.029171508798759564,0.0,0.0,0.0,0.0,0.029171508798759564,0.0,2.6526614430201727,0.27,0.06
2184,0.02802730532087997,0.0,0.0,0.0,0.0,0.02802730532087997,0.0,2.623159016366615,0.27,0.06
2185,0.11181112513608181,0.0,0.0,0.0,0.0,0.11181112513608181,0.0,2.5054630951707395,0.27,0.06
2186,0.043485085616302155,0.0,0.0,0.0,0.0,0.043485085616302155,0.0,2.45968932083779,0.27,0.06
2187,0.034580589396116995,0.0,0.0,0.0,0.0,0.034580589396116995,0.0,2.423288700420825,0.27,0.06
2188,0.0444870960567048,0.0,0.0,0.0,0.0,0.0444870960567048,0.0,2.3764601782558725,0.27,0.06
2189,0.027908615264804135,0.0,0.0,0.0,0.0,0.027908615264804135,0.0,2.347082688503447,0.27,0.06
2190,0.042269328617267815,0.0,0.0,0.0,0.0,0.042269328617267815,0.0,2.302588658380007,0.27,0.06
2191,0.03545150542914883,0.0,0.0,6.938893903907228e-18,0.0,0.035451505429148836,0.0,2.265271284244061,0.27,0.06
2192,0.025554138816883707,0.01207982811367845,0.0,0.0,0.0,0.013474310703205258,0.0,2.2510877992933187,0.27,0.06
2193,0.04674481856452375,0.06572712559191589,0.0,0.01898230702739214,0.0,0.0,0.0,2.2510877992933187,0.27,0.06
2194,0.07696730234827175,0.16016106704333383,0.0,0.0,0.08319376469506208,0.0,0.0,2.3301218757536275,0.27,0.06
2195,0.12917695580492125,0.3194035159791636,0.0,-0.0,0.19022656017424236,0.0,0.0,2.5108371079191576,0.27,0.06
2196,0.15685824501072843,0.6727499710306025,0.0,-0.0,0.5158917260198741,0.0,0.0,3.000934247638038,0.27,0.06
2197,0.048012020978402806,0.8561061452884136,0.0,-0.0,0.8080941243100107,0.0,0.0,3.768623665732548,0.27,0.06
2198,0.11805573672225038,0.8804495251372715,0.0,-0.0,0.7623937884150211,0.0,0.0,4.492897764726818,0.27,0.06
2199,0.13848753131487057,0.7214826616336932,0.0,-0.0,0.5829951303188227,0.0,0.0,5.046743138529699,0.27,0.06
2200,0.13447256923095874,0.2528955649958692,0.0,0.0,0.11842299576491044,0.0,0.0,5.159244984506364,0.27,0.06
2201,0.1363068463572001,0.12681522974093629,0.0,0.0,0.0,0.009491616616263826,0.0,5.149253809120823,0.27,0.06
2202,0.07767252236242538,0.12681522974093629,0.0,0.0,0.04914270737851091,0.0,0.0,5.195939381130408,0.27,0.06
2203,0.080645388365434,0.1404107777319964,0.0,-2.220446049250313e-16,0.059765389366562616,0.0,0.0,5.252716501028642,0.27,0.06
2204,0.04504907845643025,0.027604474130497155,0.0,0.0,0.0,0.017444604325933092,0.0,5.234353759632923,0.27,0.06
2205,0.3016013559697556,0.0,0.0,0.0,0.0,0.3016013559697556,0.0,4.916878648085811,0.27,0.06
2206,0.22789639801208325,0.0,0.0,0.0,0.0,0.22789639801208325,0.0,4.676987702809934,0.27,0.06
2207,0.17262965953573736,0.0,0.0,0.0,0.0,0.17262965953573736,0.0,4.495272271719684,0.27,0.06
2208,0.13177534097093804,0.0,0.0,0.0,0.0,0.13177534097093804,0.0,4.356561386487118,0.27,0.06
2209,0.09985411392036206,0.0,0.0,0.0,0.0,0.09985411392036206,0.0,4.251451792886737,0.27,0.06
2210,0.1069444411206155,0.0,0.0,0.0,0.0,0.1069444411206155,0.0,4.138878696970299,0.27,0.06
2211,0.057863034488460065,0.0,0.0,0.0,0.0,0.057863034488460065,0.0,4.077970239614025,0.27,0.06
2212,0.031384967358273085,0.0,0.0,-2.7755575615628914e-17,0.0,0.03138496735827306,0.0,4.044933431868475,0.27,0.06
2213,0.053583663863784964,0.0,0.0,0.0,0.0,0.053583663863784964,0.0,3.9885295751697534,0.27,0.06
2214,0.03350989802117544,0.0,0.0,0.0,0.0,0.03350989802117544,0.0,3.9532559983053583,0.27,0.06
2215,0.032120349531891496,0.0,0.0,0.0,0.0,0.032120349531891496,0.0,3.9194451040612623,0.27,0.06
2216,0.06897511352280832,0.014238580666313016,0.0,0.0,0.0,0.054736532856495296,0.0,3.861827701054425,0.27,0.06
2217,0.20084929758775039,0.06053693328451791,0.0,0.0,0.0,0.14031236430323246,0.0,3.714130475472075,0.27,0.06
2218,0.1494713885284638,0.06462478386291101,0.0,0.0,0.0,0.0848466046655528,0.0,3.624818260034651,0.27,0.06
2219,0.19648479394155513,0.4897612440157924,0.0,0.0,0.2932764500742373,0.0,0.0,3.9034308876051766,0.27,0.06
2220,0.1114245010920327,0.6569956704869078,0.0,-0.0,0.545571169394875,0.0,0.0,4.421723498530308,0.27,0.06
2221,0.27433776697229334,0.7363183440698837,0.0,-0.0,0.4619805770975904,0.0,0.0,4.860605046773019,0.27,0.06
2222,0.13455953026214298,0.7029725067674862,0.0,-0.0,0.5684129765053433,0.0,0.0,5.400597374453095,0.27,0.06
2223,0.10834613281695668,0.7580436623123551,0.0,-0.0,0.6496975294953984,0.0,0.0,6.017810027473723,0.27,0.06
2224,0.29653672462204345,0.3526115605654356,0.0,-0.0,0.05607483594339213,0.0,0.0,6.071081121619946,0.27,0.06
2225,0.09891125264981887,0.12736640060543863,0.0,-5.551115123125783e-16,0.02845514795562032,0.0,0.0,6.098113512177785,0.27,0.06
2226,0.1261333197134714,0.12199248467653998,0.0,-5.551115123125783e-17,0.0,0.004140835036931356,0.0,6.0937547384547,0.27,0.06
2227,0.23588023022193705,0.15290398399405164,0.0,0.0,0.0,0.08297624622788541,0.0,6.006411321372715,0.27,0.06
2228,0.1853849886863832,0.03026846664225896,0.0,0.0,0.0,0.15511652204412424,0.0,5.843130771852585,0.27,0.06
2229,0.17067499491587443,9.186181075040654e-05,0.0,0.0,0.0,0.17058313310512402,0.0,5.663569579110349,0.27,0.06
2230,0.2224967186072862,0.0,0.0,0.0,0.0,0.2224967186072862,0.0,5.4293625068921525,0.27,0.06
2231,0.08303028811705694,0.0,0.0,0.0,0.0,0.08303028811705694,0.0,5.34196220361104,0.27,0.06
2232,0.15220804956839074,0.0,0.0,0.0,0.0,0.15220804956839074,0.0,5.1817432040653655,0.27,0.06
2233,0.12550644297065494,0.0,0.0,0.0,0.0,0.12550644297065494,0.0,5.0496311588330975,0.27,0.06
2234,0.07048348264028693,0.0,0.0,0.0,0.0,0.07048348264028693,0.0,4.975438019211743,0.27,0.06
2235,0.02675683860402853,0.0,0.0,0.0,0.0,0.02675683860402853,0.0,4.947272925944344,0.27,0.06
2236,0.050755471768512375,0.0,0.0,0.0,0.0,0.050755471768512375,0.0,4.893846113556436,0.27,0.06
2237,0.024191227039854424,0.0,0.0,0.0,0.0,0.024191227039854424,0.0,4.8683816640407995,0.27,0.06
2238,0.03882744756318729,0.0,0.0,0.0,0.0,0.03882744756318729,0.0,4.827510666605866,0.27,0.06
2239,0.033047411576048194,0.0,0.0,0.0,0.0,0.033047411576048194,0.0,4.792723917578447,0.27,0.06
2240,0.025347834869029112,0.018142707623205297,0.0,0.0,0.0,0.007205127245823815,0.0,4.785139573109158,0.27,0.06
2241,0.16615027927979514,0.08841699284726628,0.0,1.3877787807814457e-17,0.0,0.07773328643252887,0.0,4.7033150610749175,0.27,0.06
2242,0.12389701103315132,0.1845503777975669,0.0,0.0,0.06065336676441557,0.0,0.0,4.760935759501113,0.27,0.06
2243,0.2936885549925802,0.36294601427485623,0.0,0.0,0.06925745928227606,0.0,0.0,4.826730345819275,0.27,0.06
2244,0.262660310663129,0.40749899248880345,0.0,0.0,0.14483868182567444,0.0,0.0,4.964327093553666,0.27,0.06
2245,0.1286286834776798,0.21261416098181596,0.0,-0.0,0.08398547750413615,0.0,0.0,5.044113297182595,0.27,0.06
2246,0.10384191700354387,0.35118770249880427,0.0,-0.0,0.2473457854952604,0.0,0.0,5.279091793403093,0.27,0.06
2247,0.12048398641734662,0.17132227704950825,0.0,-0.0,0.05083829063216164,0.0,0.0,5.327388169503647,0.27,0.06
2248,0.062559191316649,0.11142837644024317,0.0,-0.0,0.04886918512359417,0.0,0.0,5.373813895371061,0.27,0.06
2249,0.042716146408127625,0.07224931415519478,0.0,-0.0,0.029533167747067157,0.0,0.0,5.401870404730775,0.27,0.06
2250,0.04794804064014406,0.0617770677296484,0.0,0.0,0.013829027089504342,0.0,0.0,5.415007980465804,0.27,0.06
2251,0.09684220685380363,0.04276167290431425,0.0,0.0,0.0,0.054080533949489376,0.0,5.358081102624236,0.27,0.06
2252,0.3575806264989125,0.005236123212773172,0.0,0.0,0.0,0.3523445032861393,0.0,4.987192151796721,0.27,0.06
2253,0.12221014982914262,0.0,0.0,1.3877787807814457e-17,0.0,0.12221014982914263,0.0,4.858549888818676,0.27,0.06
2254,0.14799749045037344,0.0,0.0,2.7755575615628914e-17,0.0,0.14799749045037347,0.0,4.702763056765652,0.27,0.06
2255,0.05499893506049119,0.0,0.0,0.0,0.0,0.05499893506049119,0.0,4.644869440912503,0.27,0.06
2256,0.15728926357520195,0.0,0.0,0.0,0.0,0.15728926357520195,0.0,4.479301795043869,0.27,0.06
2257,0.17118892677584638,0.0,0.0,0.0,0.0,0.17118892677584638,0.0,4.299102924753504,0.27,0.06
2258,0.061214951352621685,0.0,0.0,0.0,0.0,0.061214951352621685,0.0,4.234666133856008,0.27,0.06
2259,0.025436754481996823,0.0,0.0,0.0,0.0,0.025436754481996823,0.0,4.207890602822327,0.27,0.06
2260,0.05039117555679441,0.0,0.0,0.0,0.0,0.05039117555679441,0.0,4.154847260130965,0.27,0.06
2261,0.02660759467213114,0.0,0.0,0.0,0.0,0.02660759467213114,0.0,4.126839265739248,0.27,0.06
2262,0.040551260676843254,0.0,0.0,0.0,0.0,0.040551260676843254,0.0,4.084153728184677,0.27,0.06
2263,0.04045085071741274,0.0,0.0,0.0,0.0,0.04045085071741274,0.0,4.041573885324242,0.27,0.06
2264,0.024395964122282284,0.014238580666313012,0.0,0.0,0.0,0.010157383455969272,0.0,4.030881902739011,0.27,0.06
2265,0.10269693009295086,0.04248608747206302,0.0,0.0,0.0,0.06021084262088784,0.0,3.9675020684012337,0.27,0.06
2266,0.06269733661844029,0.11551622701863626,0.0,-5.273559366969494e-16,0.052818890400196494,0.0,0.0,4.01768001428142,0.27,0.06
2267,0.1482980674680705,0.35725058200833093,0.0,0.0,0.20895251454026043,0.0,0.0,4.216184903094668,0.27,0.06
2268,0.18366078385637033,0.4546241014037621,0.0,-5.551115123125783e-17,0.27096331754739184,0.0,0.0,4.47360005476469,0.27,0.06
2269,0.3139003355648618,0.444243716788966,0.0,0.0,0.13034338122410422,0.0,0.0,4.597426266927589,0.27,0.06
2270,0.10801447963496262,0.5355543566748702,0.0,-1.1102230246251565e-16,0.42753987703990765,0.0,0.0,5.003589150115501,0.27,0.06
2271,0.23452410819509031,0.40005818581802055,0.0,-0.0,0.16553407762293024,0.0,0.0,5.160846523857285,0.27,0.06
2272,0.16988921190436262,0.2637811895697925,0.0,-0.0,0.0938919776654299,0.0,0.0,5.250043902639443,0.27,0.06
2273,0.20447711333913757,0.23925408609943394,0.0,-0.0,0.03477697276029637,0.0,0.0,5.283082026761725,0.27,0.06
2274,0.25988069139608555,0.1987430275585047,0.0,0.0,0.0,0.06113766383758085,0.0,5.218726591143218,0.27,0.06
2275,0.12590547136599908,0.0798279135421033,0.0,0.0,0.0,0.04607755782389579,0.0,5.170223898697012,0.27,0.06
2276,0.09831218776832719,0.0351371426120305,0.0,0.0,0.0,0.06317504515629668,0.0,5.103723851164069,0.27,0.06
2277,0.11209786150917586,0.0,0.0,0.0,0.0,0.11209786150917586,0.0,4.985726102207042,0.27,0.06
2278,0.1451565022874491,0.0,0.0,0.0,0.0,0.1451565022874491,0.0,4.832929784009726,0.27,0.06
2279,0.060544855238450934,0.0,0.0,0.0,0.0,0.060544855238450934,0.0,4.769198357442935,0.27,0.06
2280,0.1312584059522317,0.0,0.0,0.0,0.0,0.1312584059522317,0.0,4.631031614335323,0.27,0.06
2281,0.1394555930043606,0.0,0.0,0.0,0.0,0.1394555930043606,0.0,4.484236253278102,0.27,0.06
2282,0.14508899650198057,0.0,0.0,2.7755575615628914e-17,0.0,0.1450889965019806,0.0,4.331510993802333,0.27,0.06
2283,0.04270622292709156,0.0,0.0,0.0,0.0,0.04270622292709156,0.0,4.28655707493171,0.27,0.06
2284,0.05936918387991756,0.0,0.0,0.0,0.0,0.05936918387991756,0.0,4.2240631971633755,0.27,0.06
2285,0.030366374258770625,0.0,0.0,0.0,0.0,0.030366374258770625,0.0,4.192098592680459,0.27,0.06
2286,0.03188505857364213,0.0,0.0,0.0,0.0,0.03188505857364213,0.0,4.158535373129257,0.27,0.06
2287,0.06057240595553788,0.0,0.0,0.0,0.0,0.06057240595553788,0.0,4.094774945807638,0.27,0.06
2288,0.03304858672511825,0.007257083049282124,0.0,0.0,0.0,0.025791503675836124,0.0,4.067625994569916,0.27,0.06
2289,0.1956052601486762,0.042256432945187036,0.0,0.0,0.0,0.1533488272034892,0.0,3.9062061764609797,0.27,0.06
2290,0.16140789992151705,0.13930843600299153,0.0,0.0,0.0,0.02209946391852552,0.0,3.8829435828625316,0.27,0.06
2291,0.2798972666506191,0.4357005683891782,0.0,1.1102230246251565e-16,0.155803301738559,0.0,0.0,4.030956719514163,0.27,0.06
2292,0.297297046070371,0.7183593600681791,0.0,-3.885780586188048e-16,0.4210623139978085,0.0,0.0,4.430965917812081,0.27,0.06
2293,0.19085596046809694,0.7455963869556748,0.0,0.0,0.5547404264875778,0.0,0.0,4.95796932297528,0.27,0.06
2294,0.14236121436613813,0.37686307860354284,0.0,-8.326672684688674e-17,0.2345018642374048,0.0,0.0,5.180746094000814,0.27,0.06
2295,0.08859292152623525,0.5199378488473011,0.0,0.0,0.43134492732106583,0.0,0.0,5.590523774955827,0.27,0.06
2296,0.0701738961463862,0.3543569349696931,0.0,-0.0,0.2841830388233069,0.0,0.0,5.860497661837968,0.27,0.06
2297,0.10343231226656932,0.2635515350429165,0.0,-0.0,0.1601192227763472,0.0,0.0,6.012610923475498,0.27,0.06
2298,0.2502597459595218,0.1557517001273143,0.0,0.0,0.0,0.09450804583220748,0.0,5.913128769967911,0.27,0.06
2299,0.30567037491089005,0.08079246255498257,0.0,0.0,0.0,0.22487791235590748,0.0,5.676415178014325,0.27,0.06
2300,0.3137179263147656,0.014100787950187408,0.0,0.0,0.0,0.29961713836457815,0.0,5.361028716577927,0.27,0.06
2301,0.35658893125590296,0.0003215163376264229,0.0,-1.6653345369377348e-16,0.0,0.35626741491827635,0.0,4.986010385085004,0.27,0.06
2302,0.2921303073256832,0.0,0.0,0.0,0.0,0.2921303073256832,0.0,4.67850479842639,0.27,0.06
2303,0.28131475757334623,0.0,0.0,0.0,0.0,0.28131475757334623,0.0,4.382384000980763,0.27,0.06
2304,0.25250101638036,0.0,0.0,0.0,0.0,0.25250101638036,0.0,4.116593457422489,0.27,0.06
2305,0.1845491965533343,0.0,0.0,0.0,0.0,0.1845491965533343,0.0,3.9223311452610847,0.27,0.06
2306,0.06089753053158725,0.0,0.0,5.551115123125783e-17,0.0,0.06089753053158731,0.0,3.8582284815436245,0.27,0.06
2307,0.04277594843858169,0.0,0.0,0.0,0.0,0.04277594843858169,0.0,3.813201167397749,0.27,0.06
2308,0.06004855061452987,0.0,0.0,0.0,0.0,0.06004855061452987,0.0,3.749992166750875,0.27,0.06
2309,0.029950632632208,0.0,0.0,0.0,0.0,0.029950632632208,0.0,3.7184651850327612,0.27,0.06
2310,0.0470893983862885,0.0,0.0,0.0,0.0,0.0470893983862885,0.0,3.668897397257721,0.27,0.06
2311,0.04165772881236219,0.0,0.0,0.0,0.0,0.04165772881236219,0.0,3.6250471564026028,0.27,0.06
2312,0.03430677966279362,0.015524646016818699,0.0,0.0,0.0,0.018782133645974922,0.0,3.60527648940684,0.27,0.06
2313,0.0689359418871397,0.08759023655051265,0.0,-0.0,0.018654294663372956,0.0,0.0,3.622998069337044,0.27,0.06
2314,0.05544366369744869,0.18041659631379844,0.0,-2.498001805406602e-16,0.12497293261635001,0.0,0.0,3.7417223553225765,0.27,0.06
2315,0.14905629976249557,0.19125628998234648,0.0,0.0,0.04219999021985091,0.0,0.0,3.781812346031435,0.27,0.06
2316,0.22313103796087919,0.2560647974667583,0.0,6.106226635438361e-16,0.03293375950587851,0.0,0.0,3.8130994175620194,0.27,0.06
2317,0.24690704566264707,0.20319832537989924,0.0,0.0,0.0,0.04370872028274783,0.0,3.7670902383170217,0.27,0.06
2318,0.29777428716493326,0.15685404185631924,0.0,0.0,0.0,0.14092024530861402,0.0,3.6187531379921647,0.27,0.06
2319,0.13831791813242575,0.12249772463566713,0.0,0.0,0.0,0.015820193496758617,0.0,3.6021003027324188,0.27,0.06
2320,0.2173248875499608,0.11638891422076512,0.0,0.0,0.0,0.10093597332919567,0.0,3.495851909754318,0.27,0.06
2321,0.08746112239965069,0.10894810754998216,0.0,-0.0,0.02148698515033147,0.0,0.0,3.516264545647133,0.27,0.06
2322,0.07168239583598382,0.044736701835447985,0.0,0.0,0.0,0.026945694000535834,0.0,3.487900657225516,0.27,0.06
2323,0.1073456892419808,0.024343379848857736,0.0,0.0,0.0,0.08300230939312307,0.0,3.400529805232755,0.27,0.06
2324,0.1606240754917885,0.0072111521439069135,0.0,0.0,0.0,0.1534129233478816,0.0,3.2390425174981425,0.27,0.06
2325,0.39394900934694377,0.0,0.0,0.0,0.0,0.39394900934694377,0.0,2.8243593497645176,0.27,0.06
2326,0.38542617543029,0.0,0.0,0.0,0.0,0.38542617543029,0.0,2.418647586153686,0.27,0.06
2327,0.40457601295959683,0.0,0.0,-1.6653345369377348e-16,0.0,0.40457601295959666,0.0,1.9927780988277948,0.27,0.06
2328,0.291730626069745,0.0,0.0,0.0,0.0,0.291730626069745,0.0,1.6856932292806948,0.27,0.06
2329,0.19947646232968494,0.0,0.0,0.0,0.0,0.19947646232968494,0.0,1.4757180057757635,0.27,0.06
2330,0.11155494263880925,0.0,0.0,0.0,0.0,0.11155494263880925,0.0,1.3582917503664906,0.27,0.06
2331,0.08736972191642395,0.0,0.0,0.0,0.0,0.08736972191642395,0.0,1.2663236220334129,0.27,0.06
2332,0.07770451253155475,0.0,0.0,0.0,0.0,0.07770451253155475,0.0,1.1845293983159868,0.27,0.06
2333,0.07897001750788812,0.0,0.0,0.0,0.0,0.07897001750788812,0.0,1.1014030640971573,0.27,0.06
2334,0.032418967967805065,0.0,0.0,0.0,0.0,0.032418967967805065,0.0,1.0672778346573624,0.27,0.06
2335,0.02634201098229808,0.0,0.0,0.0,0.0,0.02634201098229808,0.0,1.039549402044417,0.27,0.06
2336,0.054198919688019626,0.01662698774582358,0.0,0.0,0.0,0.037571931942196046,0.0,1.0,0.27,0.06
2337,0.027933554539513156,0.09677641762555322,0.0,0.06884286308604007,0.0,0.0,0.0,1.0,0.27,0.06
2338,0.04882535470700168,0.12139538290666231,0.0,0.07257002819966063,0.0,0.0,0.0,1.0,0.27,0.06
2339,0.10607744225115057,0.5088225697465018,0.0,0.25396595885272644,0.14877916864262472,0.0,0.0,1.1413402102104935,0.27,0.06
2340,0.20553370292523868,0.5120377331227661,0.0,1.1102230246251565e-15,0.30650403019752637,0.0,0.0,1.4325190388981435,0.27,0.06
2341,0.19957569714004514,0.9228437507985843,0.0,0.0,0.7232680536585392,0.0,0.0,2.1196236898737557,0.27,0.06
2342,0.14886096387262818,0.6729336946521032,0.0,-1.1102230246251565e-16,0.5240727307794751,0.0,0.0,2.617492784114257,0.27,0.06
2343,0.3087083964012277,0.7581355241231051,0.0,0.0,0.44942712772187743,0.0,0.0,3.0444485554500407,0.27,0.06
2344,0.18989860569235634,0.4231614312217479,0.0,-8.326672684688674e-17,0.23326282552939162,0.0,0.0,3.266048239702963,0.27,0.06
2345,0.1857256513445809,0.29809157588506924,0.0,0.0,0.11236592454048833,0.0,0.0,3.3727958680164267,0.27,0.06
2346,0.19399739507659935,0.16649953198511205,0.0,0.0,0.0,0.0274978630914873,0.0,3.343850748972756,0.27,0.06
2347,0.10715805710712825,0.16222795778521798,0.0,-0.0,0.05506990067808973,0.0,0.0,3.396167154616941,0.27,0.06
2348,0.21680429651192545,0.03509121170665531,0.0,0.0,0.0,0.18171308480527015,0.0,3.204890223242973,0.27,0.06
2349,0.4569595884786144,0.0003215163376264229,0.0,0.0,0.0,0.45663807214098795,0.0,2.7242185683577222,0.27,0.06
2350,0.36698860880955814,0.0,0.0,0.0,0.0,0.36698860880955814,0.0,2.337914769610819,0.27,0.06
2351,0.42765789927731684,0.0,0.0,0.0,0.0,0.42765789927731684,0.0,1.8877485598452226,0.27,0.06
2352,0.36667562744056625,0.0,0.0,0.0,0.0,0.36667562744056625,0.0,1.5017742151709423,0.27,0.06
2353,0.18066624288162542,0.0,0.0,0.0,0.0,0.18066624288162542,0.0,1.3115992226639683,0.27,0.06
2354,0.07345099518642087,0.0,0.0,2.7755575615628914e-17,0.0,0.0734509951864209,0.0,1.2342823856256304,0.27,0.06
2355,0.027077915444392045,0.0,0.0,0.0,0.0,0.027077915444392045,0.0,1.2057793167367967,0.27,0.06
2356,0.039328061067031864,0.0,0.0,0.0,0.0,0.039328061067031864,0.0,1.1643813577188684,0.27,0.06
2357,0.03595329408206347,0.0,0.0,0.0,0.0,0.03595329408206347,0.0,1.1265357850009068,0.27,0.06
2358,0.026081127888745254,0.0,0.0,2.7755575615628914e-17,0.0,0.02608112788874528,0.0,1.0990819661706486,0.27,0.06
2359,0.07584699356814995,0.0,0.0,0.0,0.0,0.07584699356814995,0.0,1.019243025572596,0.27,0.06
2360,0.028110088044259587,0.0098292137502935,0.0,0.0,0.0,0.018280874293966087,0.0,1.0,0.27,0.06
2361,0.03278208903045294,0.07509703028845732,0.0,0.042314941258004383,0.0,0.0,0.0,1.0,0.27,0.06
2362,0.04941998013645094,0.1631925067980972,0.0,0.11377252666164625,0.0,0.0,0.0,1.0,0.27,0.06
2363,0.10622094100981658,0.4338633321741702,0.0,0.3276423911643537,0.0,0.0,0.0,1.0,0.27,0.06
2364,0.09921352710506151,0.4758441796871061,0.0,0.06821206153650827,0.30841859104553626,0.0,0.0,1.2929976614932595,0.27,0.06
2365,0.31304208502736336,0.7720066575464166,0.0,-1.1102230246251565e-16,0.45896457251905337,0.0,0.0,1.72901400538636,0.27,0.06
2366,0.15061128312641991,0.40203321474915427,0.0,0.25142193162273435,0.0,0.0,0.0,1.72901400538636,0.27,0.06
2367,0.13460914766732318,0.5154825510259063,0.0,0.0,0.38087340335858316,0.0,0.0,2.090843738577014,0.27,0.06
2368,0.05318985835319663,0.4179253080089746,0.0,1.6653345369377348e-16,0.3647354496557778,0.0,0.0,2.437342415750003,0.27,0.06
2369,0.06420348600989781,0.29584096152168426,0.0,0.0,0.23163747551178646,0.0,0.0,2.6573980174862,0.27,0.06
2370,0.07785832648761344,0.22960859597064132,0.0,0.1517502694830279,0.0,0.0,0.0,2.6573980174862,0.27,0.06
2371,0.13918491700189067,0.13494499999234724,0.0,0.0,0.0,0.004239917009543431,0.0,2.6529349469498387,0.27,0.06
2372,0.13511890121949044,0.05617349727387365,0.0,0.0,0.0,0.07894540394561679,0.0,2.5698345217439265,0.27,0.06
2373,0.16934603188975794,0.00036744724300162655,0.0,0.0,0.0,0.1689785846467563,0.0,2.39196232737892,0.27,0.06
2374,0.2674590971767697,0.0,0.0,0.0,0.0,0.2674590971767697,0.0,2.110426435613899,0.27,0.06
2375,0.35702086382520815,0.0,0.0,0.0,0.0,0.35702086382520815,0.0,1.734615000008417,0.27,0.06
2376,0.1763655890015702,0.0,0.0,0.0,0.0,0.1763655890015702,0.0,1.5489670115857117,0.27,0.06
2377,0.134422298965184,0.0,0.0,-2.7755575615628914e-17,0.0,0.13442229896518398,0.0,1.4074698547802549,0.27,0.06
2378,0.06433680014328988,0.0,0.0,0.0,0.0,0.06433680014328988,0.0,1.3397469072610024,0.27,0.06
2379,0.04427321892595425,0.0,0.0,0.0,0.0,0.04427321892595425,0.0,1.2931435189178928,0.27,0.06
2380,0.06277528817342075,0.0,0.0,1.3877787807814457e-17,0.0,0.06277528817342076,0.0,1.227064268209029,0.27,0.06
2381,0.040494722949361565,0.0,0.0,0.0,0.0,0.040494722949361565,0.0,1.1844382440518062,0.27,0.06
2382,0.03522091506717966,0.0,0.0,6.938893903907228e-18,0.0,0.03522091506717967,0.0,1.1473635966126696,0.27,0.06
2383,0.061355185808315324,0.0,0.0,0.0,0.0,0.061355185808315324,0.0,1.0827791904986535,0.27,0.06
2384,0.030449940414863673,0.02011773655433903,0.0,0.0,0.0,0.010332203860524643,0.0,1.0719031864349433,0.27,0.06
2385,0.1484504451308213,0.08120584070335939,0.0,0.0,0.0,0.06724460442746193,0.0,1.0011193923007728,0.27,0.06
2386,0.17624389578675975,0.17518047310102544,0.0,0.0,0.0,0.001063422685734311,0.0,1.0,0.27,0.06
2387,0.18009120327001024,0.2856902314337644,0.0,0.10559902816375413,0.0,0.0,0.0,1.0,0.27,0.06
2388,0.224473058198886,0.589477239585359,0.0,0.36500418138647306,0.0,0.0,0.0,1.0,0.27,0.06
2389,0.1858965702482155,0.9473708542689427,0.0,0.5379898793116697,0.2234844047090575,0.0,0.0,1.2123101844736046,0.27,0.06
2390,0.09916168997386,0.9975274029386648,0.0,-1.1102230246251565e-16,0.8983657129648049,0.0,0.0,2.0657576117901693,0.27,0.06
2391,0.11468253660270869,0.7895063324943693,0.0,0.0,0.6748237958916606,0.0,0.0,2.706840217887247,0.27,0.06
2392,0.17663156440776026,0.3109522293901261,0.0,0.13432066498236586,0.0,0.0,0.0,2.706840217887247,0.27,0.06
2393,0.20653427707233343,0.15892093259820336,0.0,0.0,0.0,0.04761334447413007,0.0,2.6567209079144787,0.27,0.06
2394,0.14863076522701568,0.1606203760970859,0.0,0.011989610870070222,0.0,0.0,0.0,2.6567209079144787,0.27,0.06
2395,0.0643959493131495,0.16268726683896995,0.0,0.09829131752582045,0.0,0.0,0.0,2.656720907914479,0.27,0.06
2396,0.13619559891190125,0.04234829475593743,0.0,0.0,0.0,0.09384730415596382,0.0,2.557934271960833,0.27,0.06
2397,0.23065368944679532,0.0008267562967536591,0.0,0.0,0.0,0.22982693315004166,0.0,2.316011184434473,0.27,0.06
2398,0.2712819876737871,0.0,0.0,0.0,0.0,0.2712819876737871,0.0,2.030451197409434,0.27,0.06
2399,0.1414256651342532,0.0,0.0,0.0,0.0,0.1414256651342532,0.0,1.8815820762154831,0.27,0.06
2400,0.15825327752900625,0.0,0.0,0.0,0.0,0.15825327752900625,0.0,1.7149996788165291,0.27,0.06
2401,0.1299969487115838,0.0,0.0,0.0,0.0,0.1299969487115838,0.0,1.5781607854359145,0.27,0.06
2402,0.051974754214756815,0.0,0.0,0.0,0.0,0.051974754214756815,0.0,1.5234505178414337,0.27,0.06
2403,0.06635426995234144,0.0,0.0,0.0,0.0,0.06635426995234144,0.0,1.4536039178916007,0.27,0.06
2404,0.04492451265500412,0.0,0.0,0.0,0.0,0.04492451265500412,0.0,1.4063149572021227,0.27,0.06
2405,0.06370287250605312,0.0,0.0,1.3877787807814457e-17,0.0,0.06370287250605314,0.0,1.3392593019325931,0.27,0.06
2406,0.04777973317888806,0.0,0.0,0.0,0.0,0.04777973317888806,0.0,1.2889648459548162,0.27,0.06
2407,0.04440418276120625,0.0,0.0,0.0,0.0,0.04440418276120625,0.0,1.2422236009430203,0.27,0.06
2408,0.11280699868689643,0.02994695030463254,0.0,1.3877787807814457e-17,0.0,0.0828600483822639,0.0,1.1550024973827424,0.27,0.06
2409,0.2411315796996692,0.1149191252487585,0.0,0.0,0.0,0.1262124544509107,0.0,1.0221472821712574,0.27,0.06
2410,0.20083232321229386,0.26143871339565716,0.0,0.06060639018336331,0.0,0.0,0.0,1.0221472821712574,0.27,0.06
2411,0.2006462579428682,0.5285728590578392,0.0,0.3279266011149711,0.0,0.0,0.0,1.0221472821712574,0.27,0.06
2412,0.13131376853064314,0.7760026463140592,0.0,0.6446888777834161,0.0,0.0,0.0,1.0221472821712574,0.27,0.06
2413,0.06879714372475393,0.786750478171857,0.0,0.717953334447103,0.0,0.0,0.0,1.0221472821712574,0.27,0.06
2414,0.0850392707383803,0.9402515639357862,0.0,-0.0,0.855212293197406,0.0,0.0,1.834598960708793,0.27,0.06
2415,0.04395096693652062,0.6631963427125602,0.0,0.0,0.6192453757760397,0.0,0.0,2.4228820676960305,0.27,0.06
2416,0.053858779318297315,0.34057766335713224,0.0,0.28671888403883494,0.0,0.0,0.0,2.4228820676960305,0.27,0.06
2417,0.047357071230023876,0.303235837287092,0.0,0.25587876605706816,0.0,0.0,0.0,2.4228820676960305,0.27,0.06
2418,0.03751323918650587,0.27530984681896836,0.0,0.2377966076324625,0.0,0.0,0.0,2.4228820676960305,0.27,0.06
2419,0.040328112925651104,0.22561260720299853,0.0,0.18528449427734742,0.0,0.0,0.0,2.4228820676960305,0.27,0.06
2420,0.0212328545420432,0.0434047055795671,0.0,0.022171851037523897,0.0,0.0,0.0,2.4228820676960305,0.27,0.06
2421,0.04854919467553819,0.0011482726343800822,0.0,0.0,0.0,0.04740092204115811,0.0,2.372986360284285,0.27,0.06
2422,0.2110659130307143,0.0,0.0,0.0,0.0,0.2110659130307143,0.0,2.1508117149887966,0.27,0.06
2423,0.1816277759651705,0.0,0.0,0.0,0.0,0.1816277759651705,0.0,1.9596245823938803,0.27,0.06
2424,0.08858025603070244,0.0,0.0,0.0,0.0,0.08858025603070244,0.0,1.8663822076247198,0.27,0.06
2425,0.25080762657040623,0.0,0.0,0.0,0.0,0.25080762657040623,0.0,1.6023741796558713,0.27,0.06
2426,0.16147161911553812,0.0,0.0,0.0,0.0,0.16147161911553812,0.0,1.4324040542710943,0.27,0.06
2427,0.058141805962301556,0.0,0.0,0.0,0.0,0.058141805962301556,0.0,1.3712021532581453,0.27,0.06
2428,0.03613413646673358,0.0,0.0,0.0,0.0,0.03613413646673358,0.0,1.3331662201352679,0.27,0.06
2429,0.03448945005712813,0.0,0.0,0.0,0.0,0.03448945005712813,0.0,1.2968615358646067,0.27,0.06
2430,0.025671000863295018,0.0,0.0,0.0,0.0,0.025671000863295018,0.0,1.2698394296927171,0.27,0.06
2431,0.048300063072685945,0.0,0.0,6.938893903907228e-18,0.0,0.04830006307268595,0.0,1.2189972580372586,0.27,0.06
2432,0.058025335632246974,0.027466681414371554,0.0,1.0408340855860843e-17,0.0,0.03055865421787543,0.0,1.1868302535973896,0.27,0.06
2433,0.2226536662941977,0.05971017698776427,0.0,0.0,0.0,0.16294348930643343,0.0,1.015310791169565,0.27,0.06
2434,0.1458028342759809,0.13255659291283664,0.0,0.0,0.0,0.013246241363144257,0.0,1.0013673792083604,0.27,0.06
2435,0.13290243950124242,0.5747334189599187,0.0,-1.1102230246251565e-16,0.4418309794586764,0.0,0.0,1.4211068096941029,0.27,0.06
2436,0.16476360337712706,0.7761404390301847,0.0,-0.0,0.6113768356530577,0.0,0.0,2.0019148035645076,0.27,0.06
2437,0.0638908963572623,0.9355666115875155,0.0,-0.0,0.8716757152302532,0.0,0.0,2.830006733033248,0.27,0.06
2438,0.078247953690397,0.9498051922538286,0.0,-0.0,0.8715572385634316,0.0,0.0,3.657986109668508,0.27,0.06
2439,0.08717360259384326,0.7616722038369959,0.0,-0.0,0.6744986012431526,0.0,0.0,4.298759780849503,0.27,0.06
2440,0.0670888686932465,0.32776294075745066,0.0,-9.43689570931383e-16,0.2606740720642051,0.0,0.0,4.5464001493104975,0.27,0.06
2441,0.06401520101445074,0.13820609427398672,0.0,0.0,0.07419089325953598,0.0,0.0,4.616881497907056,0.27,0.06
2442,0.22766776623189688,0.15023999148228995,0.0,0.0,0.0,0.07742777474960694,0.0,4.535378577117997,0.27,0.06
2443,0.04886087032334124,0.16438671033785254,0.0,0.0,0.1155258400145113,0.0,0.0,4.645128125131782,0.27,0.06
2444,0.1367974058078896,0.05796480258350653,0.0,0.0,0.0,0.07883260322438307,0.0,4.562146437527168,0.27,0.06
2445,0.17668000666387013,0.0008267562967536591,0.0,0.0,0.0,0.17585325036711646,0.0,4.377037752930203,0.27,0.06
2446,0.2818793514154496,0.0,0.0,0.0,0.0,0.2818793514154496,0.0,4.080322646177099,0.27,0.06
2447,0.17173380422799664,0.0,0.0,2.7755575615628914e-17,0.0,0.17173380422799667,0.0,3.8995502206739445,0.27,0.06
2448,0.2663484507334464,0.0,0.0,0.0,0.0,0.2663484507334464,0.0,3.6191834304282113,0.27,0.06
2449,0.07546324211071663,0.0,0.0,0.0,0.0,0.07546324211071663,0.0,3.5397484387327203,0.27,0.06
2450,0.029208591280525865,0.0,0.0,0.0,0.0,0.029208591280525865,0.0,3.509002553174272,0.27,0.06
2451,0.0528068903284767,0.0,0.0,0.0,0.0,0.0528068903284767,0.0,3.453416352828507,0.27,0.06
2452,0.02695609165746277,0.0,0.0,0.0,0.0,0.02695609165746277,0.0,3.425041519504862,0.27,0.06
2453,0.028387031508436557,0.0,0.0,0.0,0.0,0.028387031508436557,0.0,3.3951604337065078,0.27,0.06
2454,0.04955681971705331,0.0,0.0,0.0,0.0,0.04955681971705331,0.0,3.3429953603201357,0.27,0.06
2455,0.042133403041497805,0.0,0.0,6.938893903907228e-18,0.0,0.04213340304149781,0.0,3.298644409750138,0.27,0.06
2456,0.07506525829232369,0.016856642272699597,0.0,6.938893903907228e-18,0.0,0.0582086160196241,0.0,3.23737218236106,0.27,0.06
2457,0.20861311577726555,0.052866472086858976,0.0,0.0,0.0,0.15574664369040658,0.0,3.073428346897474,0.27,0.06
2458,0.147041049679465,0.15942617255733063,0.0,0.0,0.01238512287786564,0.0,0.0,3.0851942136314463,0.27,0.06
2459,0.16532715264227887,0.22202999658373274,0.0,0.0,0.05670284394145386,0.0,0.0,3.1390619153758275,0.27,0.06
2460,0.1449133770020663,0.2332371374952824,0.0,0.0,0.08832376049321611,0.0,0.0,3.2229694878443826,0.27,0.06
2461,0.09869606979787937,0.3363979509679888,0.0,-0.0,0.23770188117010943,0.0,0.0,3.4487862749559866,0.27,0.06
2462,0.032848941955327365,0.2978619213581932,0.0,-0.0,0.26501297940286583,0.0,0.0,3.700548605388709,0.27,0.06
2463,0.04056666818687288,0.25193101598299,0.0,-0.0,0.21136434779611712,0.0,0.0,3.90134473579502,0.27,0.06
2464,0.02193337395991658,0.2036576344336513,0.0,-0.0,0.18172426047373474,0.0,0.0,4.073982783245068,0.27,0.06
2465,0.034440485512542404,0.16911759359149853,0.0,-0.0,0.1346771080789561,0.0,0.0,4.201926035920076,0.27,0.06
2466,0.023536407863594407,0.08074653164960739,0.0,-8.81239525796218e-16,0.05721012378601387,0.0,0.0,4.25627565351679,0.27,0.06
2467,0.05024258448549153,0.034723764463653675,0.0,-1.3877787807814457e-17,0.0,0.01551882002183784,0.0,4.239940053493802,0.27,0.06
2468,0.062046826322103815,0.015294991489942691,0.0,0.0,0.0,0.046751834832161124,0.0,4.190727595775739,0.27,0.06
2469,0.12710216483567463,0.0,0.0,0.0,0.0,0.12710216483567463,0.0,4.056935843317134,0.27,0.06
2470,0.18504850433599,0.0,0.0,0.0,0.0,0.18504850433599,0.0,3.862147944016091,0.27,0.06
2471,0.18111815298512188,0.0,0.0,0.0,0.0,0.18111815298512188,0.0,3.671497256663331,0.27,0.06
2472,0.1075385442615892,0.0,0.0,0.0,0.0,0.1075385442615892,0.0,3.558298789019553,0.27,0.06
2473,0.12423976284525151,0.0,0.0,0.0,0.0,0.12423976284525151,0.0,3.4275200912877093,0.27,0.06
2474,0.05460526012202181,0.0,0.0,0.0,0.0,0.05460526012202181,0.0,3.370040870106634,0.27,0.06
2475,0.063361295843023,0.0,0.0,0.0,0.0,0.063361295843023,0.0,3.3033447692192413,0.27,0.06
2476,0.06581082879349913,0.0,0.0,0.0,0.0,0.06581082879349913,0.0,3.2340702125945056,0.27,0.06
2477,0.050583377715808314,0.0,0.0,0.0,0.0,0.050583377715808314,0.0,3.180824551841023,0.27,0.06
2478,0.06953474562439363,0.0,0.0,0.0,0.0,0.06953474562439363,0.0,3.107630082762714,0.27,0.06
2479,0.022389201226980113,0.0,0.0,-4.163336342344337e-17,0.0,0.02238920122698007,0.0,3.0840625025237873,0.27,0.06
2480,0.08074370917096213,0.0062466031310276435,0.0,0.0,0.0,0.07449710603993448,0.0,3.005644496165962,0.27,0.06
2481,0.18858191644541628,0.054428122869615875,0.0,0.0,0.0,0.1341537935758004,0.0,2.8644299766124877,0.27,0.06
2482,0.15363559454427325,0.1278716405645659,0.0,0.0,0.0,0.02576395397970735,0.0,2.837310025054901,0.27,0.06
2483,0.08818958425096768,0.18565271952657159,0.0,0.0,0.09746313527560391,0.0,0.0,2.9299000035667246,0.27,0.06
2484,0.13688279997364727,0.21752876785696282,0.0,0.0,0.08064596788331554,0.0,0.0,3.0065136730558746,0.27,0.06
2485,0.06433196897489074,0.34365503401727093,0.0,-1.1102230246251565e-16,0.2793230650423803,0.0,0.0,3.271870584846136,0.27,0.06
2486,0.16520937659103538,0.3957406807127515,0.0,-0.0,0.2305313041217161,0.0,0.0,3.4908753237617662,0.27,0.06
2487,0.1696668475858838,0.31756627976415563,0.0,-0.0,0.14789943217827184,0.0,0.0,3.6313797843311244,0.27,0.06
2488,0.1518318712938533,0.23838139889730497,0.0,-0.0,0.08654952760345166,0.0,0.0,3.7136018355544036,0.27,0.06
2489,0.3203325792858834,0.3146267018201424,0.0,0.0,0.0,0.005705877465740972,0.0,3.7075956487483603,0.27,0.06
2490,0.3532060687995622,0.2284603233362612,0.0,0.0,0.0,0.12474574546330097,0.0,3.5762843377343594,0.27,0.06
2491,0.053357251809620435,0.13567989447835044,0.0,0.0,0.08232264266873,0.0,0.0,3.6544908482696528,0.27,0.06
2492,0.045392613701243846,0.03173825561426546,0.0,0.0,0.0,0.013654358086978388,0.0,3.640117839757044,0.27,0.06
2493,0.1609348371347594,0.0002755854322512198,0.0,0.0,0.0,0.16065925170250817,0.0,3.4710028379649303,0.27,0.06
2494,0.22237659225790218,0.0,0.0,0.0,0.0,0.22237659225790218,0.0,3.23692221453556,0.27,0.06
2495,0.28095163651069893,0.0,0.0,0.0,0.0,0.28095163651069893,0.0,2.9411836497874555,0.27,0.06
2496,0.08549457571696832,0.0,0.0,0.0,0.0,0.08549457571696832,0.0,2.8511893595590676,0.27,0.06
2497,0.025278892790252375,0.0,0.0,4.163336342344337e-17,0.0,0.025278892790252416,0.0,2.824579998727223,0.27,0.06
2498,0.04634304815468281,0.0,0.0,0.0,0.0,0.04634304815468281,0.0,2.7757978427749253,0.27,0.06
2499,0.02294752760737652,0.0,0.0,0.0,0.0,0.02294752760737652,0.0,2.751642550556634,0.27,0.06
2500,0.050707812945115505,0.0,0.0,0.0,0.0,0.050707812945115505,0.0,2.698265905351249,0.27,0.06
2501,0.024881953548810627,0.0,0.0,0.0,0.0,0.024881953548810627,0.0,2.6720743752998697,0.27,0.06
2502,0.03506657882264544,0.0,0.0,0.0,0.0,0.03506657882264544,0.0,2.635162187065506,0.27,0.06
2503,0.03735655264383154,0.0,0.0,0.0,0.0,0.03735655264383154,0.0,2.595839500071999,0.27,0.06
2504,0.024169160351761105,0.010931555479298378,0.0,0.0,0.0,0.013237604872462727,0.0,2.5819051791536176,0.27,0.06
2505,0.1062923639588523,0.04606869809132889,0.0,0.0,0.0,0.06022366586752342,0.0,2.5185118466614878,0.27,0.06
2506,0.15184532022209957,0.0807465316496074,0.0,0.0,0.0,0.07109878857249216,0.0,2.44367101658518,0.27,0.06
2507,0.13273817977567212,0.09723572667930531,0.0,1.3877787807814457e-17,0.0,0.03550245309636682,0.0,2.4063000133258465,0.27,0.06
2508,0.10300560258201938,0.11909883763790213,0.0,0.016093235055882754,0.0,0.0,0.0,2.4063000133258465,0.27,0.06
2509,0.16646587209116515,0.40428382911253924,0.0,-8.326672684688674e-17,0.23781795702137418,0.0,0.0,2.632227072496152,0.27,0.06
2510,0.09585912937064081,0.5418009598058979,0.0,0.0,0.44594183043525715,0.0,0.0,3.0558718114096464,0.27,0.06
2511,0.10318083036557693,0.5353247021479941,0.0,-5.551115123125783e-17,0.43214387178241725,0.0,0.0,3.4664084896029426,0.27,0.06
2512,0.10984366444856714,0.35307086961918765,0.0,-0.0,0.24322720517062052,0.0,0.0,3.6974743345150323,0.27,0.06
2513,0.2082983063986088,0.21063913205068224,0.0,-0.0,0.0023408256520734416,0.0,0.0,3.699698118884502,0.27,0.06
2514,0.18923947763617294,0.21412988085919765,0.0,-0.0,0.024890403223024715,0.0,0.0,3.7233440019463755,0.27,0.06
2515,0.12239543166585519,0.1673262882818656,0.0,-0.0,0.044930856616010414,0.0,0.0,3.7660283157315853,0.27,0.06
2516,0.1866102774500965,0.07027428522406107,0.0,0.0,0.0,0.11633599222603544,0.0,3.643569376546285,0.27,0.06
2517,0.24766488624071517,0.0019290980257585372,0.0,0.0,0.0,0.24573578821495665,0.0,3.384900125793699,0.27,0.06
2518,0.40582819957980315,0.0,0.0,0.0,0.0,0.40582819957980315,0.0,2.957712547288643,0.27,0.06
2519,0.15581301519897156,0.0,0.0,0.0,0.0,0.15581301519897156,0.0,2.7936988470791992,0.27,0.06
2520,0.21217055315656894,0.0,0.0,0.0,0.0,0.21217055315656894,0.0,2.5703614227038636,0.27,0.06
2521,0.20500619156490116,0.0,0.0,0.0,0.0,0.20500619156490116,0.0,2.354565431582915,0.27,0.06
2522,0.07362961784506962,0.0,0.0,0.0,0.0,0.07362961784506962,0.0,2.277060570693368,0.27,0.06
2523,0.08314284128354475,0.0,0.0,0.0,0.0,0.08314284128354475,0.0,2.1895417903949,0.27,0.06
2524,0.059313690729387,0.0,0.0,0.0,0.0,0.059313690729387,0.0,2.1271063264692294,0.27,0.06
2525,0.062142013396778564,0.0,0.0,0.0,0.0,0.062142013396778564,0.0,2.0616936807884096,0.27,0.06
2526,0.0558206254046995,0.0,0.0,0.0,0.0,0.0558206254046995,0.0,2.002935127730831,0.27,0.06
2527,0.046133088187499185,0.0004593090537520331,0.0,0.0,0.0,0.04567377913374715,0.0,1.9548574654847815,0.27,0.06
2528,0.07257446455227656,0.04455297821394717,0.0,0.0,0.0,0.02802148633832939,0.0,1.9253611640760138,0.27,0.06
2529,0.04737574304302587,0.09484731959979482,0.0,5.828670879282072e-16,0.04747157655676837,0.0,0.0,1.9704591618049436,0.27,0.06
2530,0.150073587140809,0.20310646356914883,0.0,0.0,0.053032876428339815,0.0,0.0,2.0208403944118665,0.27,0.06
2531,0.2541476613717487,0.5712886010567786,0.0,4.440892098500626e-16,0.31714093968502943,0.0,0.0,2.3221242871126444,0.27,0.06
2532,0.17309945801952265,0.6970014890687097,0.0,0.0,0.5239020310491871,0.0,0.0,2.819831216609372,0.27,0.06
2533,0.04068065764666856,0.8454042443359915,0.0,9.992007221626409e-16,0.804723586689322,0.0,0.0,3.584318623964228,0.27,0.06
2534,0.12049991621585181,0.9323973791166263,0.0,0.0,0.8118974629007746,0.0,0.0,4.355621213719964,0.27,0.06
2535,0.08704276933071013,0.7340677297064987,0.0,-1.1102230246251565e-16,0.6470249603757887,0.0,0.0,4.970294926076963,0.27,0.06
2536,0.11559484399743032,0.36519662863824126,0.0,0.0,0.24960178464081095,0.0,0.0,5.207416621485733,0.27,0.06
2537,0.14725975797861487,0.18615795948569883,0.0,-0.0,0.03889820150708395,0.0,0.0,5.244369912917463,0.27,0.06
2538,0.09093564648345512,0.23048128317276992,0.0,-0.0,0.1395456366893148,0.0,0.0,5.376938267772312,0.27,0.06
2539,0.5236000725155743,0.12396751360767362,0.0,0.0,0.0,0.39963255890790067,0.0,4.956272416290311,0.27,0.06
2540,0.4911876331537144,0.034907488085154495,0.0,0.0,0.0,0.4562801450685599,0.0,4.475977526744458,0.27,0.06
2541,0.23015869054406352,0.0010564108236296756,0.0,0.0,0.0,0.22910227972043384,0.0,4.234817232301896,0.27,0.06
2542,0.26612347497258954,0.0,0.0,-1.1102230246251565e-16,0.0,0.2661234749725894,0.0,3.954687258646539,0.27,0.06
2543,0.27629151758732445,0.0,0.0,0.0,0.0,0.27629151758732445,0.0,3.6638540822388292,0.27,0.06
2544,0.27735541921208384,0.0,0.0,0.0,0.0,0.27735541921208384,0.0,3.371901009384004,0.27,0.06
2545,0.18359771752294418,0.0,0.0,0.0,0.0,0.18359771752294418,0.0,3.178640254096695,0.27,0.06
2546,0.08424395596218888,0.0,0.0,0.0,0.0,0.08424395596218888,0.0,3.0899624057154433,0.27,0.06
2547,0.04382457312543,0.0,0.0,9.020562075079397e-17,0.0,0.04382457312543009,0.0,3.0438312761097275,0.27,0.06
2548,0.0780058729819652,0.0,0.0,0.0,0.0,0.0780058729819652,0.0,2.9617198308655532,0.27,0.06
2549,0.04608490707562682,0.0,0.0,2.7755575615628914e-17,0.0,0.046084907075626846,0.0,2.9132094023648936,0.27,0.06
2550,0.046043646286055874,0.0,0.0,0.0,0.0,0.046043646286055874,0.0,2.8647424062743085,0.27,0.06
2551,0.11768125588525863,0.0,0.0,0.0,0.0,0.11768125588525863,0.0,2.7408674000792996,0.27,0.06
2552,0.13390732252826082,0.028752746764877248,0.0,0.0,0.0,0.10515457576338358,0.0,2.6301783729599486,0.27,0.06
2553,0.21646389499796576,0.04505821817307443,0.0,0.0,0.0,0.17140567682489133,0.0,2.449751344723221,0.27,0.06
2554,0.15792358292879558,0.10444687882321235,0.0,0.0,0.0,0.05347670410558322,0.0,2.3934600772436596,0.27,0.06
2555,0.054847601974691504,0.10968300203598541,0.0,7.355227538141662e-16,0.05483540006129317,0.0,0.0,2.445553707301888,0.27,0.06
2556,0.283741832119373,0.1941958679263595,0.0,0.0,0.0,0.08954596419301347,0.0,2.3512947976250316,0.27,0.06
2557,0.2778599498794947,0.2606578880042785,0.0,0.0,0.0,0.017202061875216168,0.0,2.3331873640721725,0.27,0.06
2558,0.10025457860901395,0.218263662342966,0.0,0.0,0.11800908373395207,0.0,0.0,2.445295993619427,0.27,0.06
2559,0.31090044113324244,0.16420298671635172,0.0,0.0,0.0,0.14669745441689072,0.0,2.290877620549016,0.27,0.06
2560,0.11821020353890357,0.16989841898287691,0.0,0.0,0.05168821544397334,0.0,0.0,2.3399814252207904,0.27,0.06
2561,0.08494042764437659,0.09553628318042283,0.0,0.0,0.010595855536046236,0.0,0.0,2.350047487980034,0.27,0.06
2562,0.20858321476203873,0.14243173756850536,0.0,0.0,0.0,0.06615147719353337,0.0,2.2804143540921045,0.27,0.06
2563,0.07218927680153545,0.15386853300693093,0.0,-0.0,0.08167925620539548,0.0,0.0,2.35800964748723,0.27,0.06
2564,0.11067514770169243,0.03816858236679393,0.0,0.0,0.0,0.07250656533489849,0.0,2.2816869471347054,0.27,0.06
2565,0.1559578196788265,0.0015616507827569117,0.0,0.0,0.0,0.15439616889606958,0.0,2.119164664086211,0.27,0.06
2566,0.2757653119481769,0.0,0.0,0.0,0.0,0.2757653119481769,0.0,1.8288853883512879,0.27,0.06
2567,0.25114293577172986,0.0,0.0,0.0,0.0,0.25114293577172986,0.0,1.5645244033284145,0.27,0.06
2568,0.131008229772428,0.0,0.0,0.0,0.0,0.131008229772428,0.0,1.4266210035679638,0.27,0.06
2569,0.05063443141429637,0.0,0.0,0.0,0.0,0.05063443141429637,0.0,1.373321602079231,0.27,0.06
2570,0.02514988753678384,0.0,0.0,1.0408340855860843e-17,0.0,0.02514988753678385,0.0,1.3468480362510376,0.27,0.06
2571,0.046296172763999416,0.0,0.0,0.0,0.0,0.046296172763999416,0.0,1.2981152228152486,0.27,0.06
2572,0.040410895649030686,0.0,0.0,0.0,0.0,0.040410895649030686,0.0,1.255577437921532,0.27,0.06
2573,0.02803605365284598,0.0,0.0,2.42861286636753e-17,0.0,0.028036053652846005,0.0,1.2260658024974838,0.27,0.06
2574,0.05038647496051413,0.0,0.0,0.0,0.0,0.05038647496051413,0.0,1.1730274078022058,0.27,0.06
2575,0.025345745715126843,9.186181075040654e-05,0.0,0.0,0.0,0.025253883904376436,0.0,1.1464443721133883,0.27,0.06
2576,0.07728041428938281,0.04955944689984433,0.0,0.0,0.0,0.027720967389538484,0.0,1.11726440644019,0.27,0.06
2577,0.1983286028324757,0.087222789307511,0.0,0.0,0.0,0.1111058135249647,0.0,1.0003109185191745,0.27,0.06
2578,0.06960499342435932,0.21063913205068224,0.0,-0.0,0.1410341386263229,0.0,0.0,1.1342933502141812,0.27,0.06
2579,0.09961268607252452,0.28858387847240213,0.0,0.1889711923998776,0.0,0.0,0.0,1.1342933502141812,0.27,0.06
2580,0.16311852525116483,0.38274223449156886,0.0,0.21962370924040403,0.0,0.0,0.0,1.1342933502141812,0.27,0.06
2581,0.08939215346599344,0.7795852569333255,0.0,1.3322676295501878e-15,0.6901931034673308,0.0,0.0,1.7899767985081454,0.27,0.06
2582,0.05284645368050195,0.5484150101799271,0.0,0.0,0.49556855649942516,0.0,0.0,2.2607669271825994,0.27,0.06
2583,0.11538109743879862,0.7211611452960667,0.0,-3.3306690738754696e-16,0.6057800478572684,0.0,0.0,2.8362579726470045,0.27,0.06
2584,0.1986351861676423,0.3566075493330783,0.0,0.0,0.157972363165436,0.0,0.0,2.9863317176541684,0.27,0.06
2585,0.11805586729436918,0.15823196901757539,0.0,0.0,0.04017610172320621,0.0,0.0,3.0244990142912145,0.27,0.06
2586,0.14959412632022573,0.19456331516936104,0.0,0.0,0.04496918884913531,0.0,0.0,3.067219743697893,0.27,0.06
2587,0.3889054001103754,0.1785793600987904,0.0,0.0,0.0,0.21032604001158497,0.0,2.8458239121067512,0.27,0.06
2588,0.15778504591064757,0.08823326922576549,0.0,0.0,0.0,0.06955177668488208,0.0,2.772611515596349,0.27,0.06
2589,0.1947355192647147,0.007808253913784562,0.0,0.0,0.0,0.18692726535093013,0.0,2.5758459731216856,0.27,0.06
2590,0.3058409020981679,0.0,0.0,0.0,0.0,0.3058409020981679,0.0,2.2539081814394035,0.27,0.06
2591,0.29410547176821233,0.0,0.0,0.0,0.0,0.29410547176821233,0.0,1.9443234743149695,0.27,0.06
2592,0.16396306571617958,0.0,0.0,0.0,0.0,0.16396306571617958,0.0,1.7717307735610963,0.27,0.06
2593,0.16918425303444665,0.0,0.0,0.0,0.0,0.16918425303444665,0.0,1.5936420861564156,0.27,0.06
2594,0.06008576366841506,0.0,0.0,0.0,0.0,0.06008576366841506,0.0,1.5303939138738734,0.27,0.06
2595,0.06800078437161138,0.0,0.0,1.3877787807814457e-17,0.0,0.06800078437161139,0.0,1.4588141408511246,0.27,0.06
2596,0.045502033136878124,0.0,0.0,0.0,0.0,0.045502033136878124,0.0,1.4109172638649372,0.27,0.06
2597,0.06215232859417125,0.0,0.0,0.0,0.0,0.06215232859417125,0.0,1.345493760081599,0.27,0.06
2598,0.04826872576415094,0.0,0.0,0.0,0.0,0.04826872576415094,0.0,1.2946845750667033,0.27,0.06
2599,0.04583029144378088,0.0,0.0,0.0,0.0,0.04583029144378088,0.0,1.2464421630206182,0.27,0.06
2600,0.11505793144453275,0.02489455071336017,0.0,0.0,0.0,0.09016338073117258,0.0,1.1515333411983313,0.27,0.06
2601,0.21400130483559968,0.07004463069718503,0.0,0.0,0.0,0.14395667413841465,0.0,1.0,0.27,0.06
2602,0.19261124146240652,0.19474703879086186,0.0,0.002135797328455341,0.0,0.0,0.0,1.0,0.27,0.06
2603,0.11306592319866589,0.18726030121470374,0.0,0.07419437801603786,0.0,0.0,0.0,1.0,0.27,0.06
2604,0.1603613643885713,0.39422496083536973,0.0,0.23386359644679844,0.0,0.0,0.0,1.0,0.27,0.06
2605,0.24893718096723105,0.861939370271065,0.0,0.02866218648642771,0.5843400028174063,0.0,0.0,1.555123002676536,0.27,0.06
2606,0.1174022232671793,0.9281717358221079,0.0,-1.1102230246251565e-16,0.8107695125549287,0.0,0.0,2.325354039603718,0.27,0.06
2607,0.26063435366634924,0.7829841439310904,0.0,6.661338147750939e-16,0.5223497902647405,0.0,0.0,2.8215863403552213,0.27,0.06
2608,0.09821726183789024,0.3936737899708672,0.0,0.29545652813297696,0.0,0.0,0.0,2.8215863403552213,0.27,0.06
2609,0.15794591076112674,0.28325589344887864,0.0,6.106226635438361e-16,0.1253099826877513,0.0,0.0,2.940630823908585,0.27,0.06
2610,0.13960405350354463,0.22327013102886317,0.0,0.0,0.08366607752531854,0.0,0.0,3.0201135975576374,0.27,0.06
2611,0.173716541853422,0.13489906908697197,0.0,0.0,0.0,0.038817472766450034,0.0,2.9792530999087425,0.27,0.06
2612,0.19220372587933438,0.03233535738414312,0.0,0.0,0.0,0.15986836849519126,0.0,2.8109706067559097,0.27,0.06
2613,0.18139927475710357,0.0015616507827569117,0.0,0.0,0.0,0.17983762397434666,0.0,2.62166784467765,0.27,0.06
2614,0.38421381330634624,0.0,0.0,0.0,0.0,0.38421381330634624,0.0,2.217232251723601,0.27,0.06
2615,0.2049914369154663,0.0,0.0,0.0,0.0,0.2049914369154663,0.0,2.001451791812584,0.27,0.06
2616,0.21960284873620925,0.0,0.0,0.0,0.0,0.21960284873620925,0.0,1.770290898406048,0.27,0.06
2617,0.13161290925503225,0.0,0.0,0.0,0.0,0.13161290925503225,0.0,1.6317509939270667,0.27,0.06
2618,0.0458795171326045,0.0,0.0,0.0,0.0,0.0458795171326045,0.0,1.5834567653664304,0.27,0.06
2619,0.08148927596985436,0.0,0.0,0.0,0.0,0.08148927596985436,0.0,1.4976785801350048,0.27,0.06
2620,0.04802886478174025,0.0,0.0,6.938893903907228e-18,0.0,0.04802886478174026,0.0,1.4471218803647519,0.27,0.06
2621,0.06633886244231181,0.0,0.0,1.3877787807814457e-17,0.0,0.06633886244231182,0.0,1.3772914988465288,0.27,0.06
2622,0.042207959721387,0.0,0.0,0.0,0.0,0.042207959721387,0.0,1.3328620675608582,0.27,0.06
2623,0.05292388294700681,0.0014697889720065042,0.0,2.7755575615628914e-17,0.0,0.05145409397500034,0.0,1.2786998633766473,0.27,0.06
2624,0.07349408398565638,0.04804372702246263,0.0,0.0,0.0,0.025450356963193747,0.0,1.2519100139417065,0.27,0.06
2625,0.23211165772638065,0.11041789652198866,0.0,2.7755575615628914e-17,0.0,0.12169376120439201,0.0,1.1238113179370834,0.27,0.06
2626,0.2937851783605627,0.22694460345887943,0.0,0.0,0.0,0.0668405749016833,0.0,1.0534528180405747,0.27,0.06
2627,0.06437309919234274,0.5384480037135081,0.0,0.47407490452116535,0.0,0.0,0.0,1.0534528180405747,0.27,0.06
2628,0.17739253871668212,0.7476632776975589,0.0,0.5702707389808768,0.0,0.0,0.0,1.0534528180405747,0.27,0.06
2629,0.14554064546123913,0.9155866677493021,0.0,-0.0,0.770046022288063,0.0,0.0,1.7849965392142344,0.27,0.06
2630,0.07528814489927799,0.9069975884441391,0.0,-0.0,0.8317094435448611,0.0,0.0,2.5751205105818524,0.27,0.06
2631,0.1942121862121819,0.7252489958744597,0.0,5.551115123125783e-16,0.5310368096622772,0.0,0.0,3.0796054797610157,0.27,0.06
2632,0.2189976469651291,0.39532730256437454,0.0,0.0,0.17632965559924543,0.0,0.0,3.247118652580299,0.27,0.06
2633,0.14201141165961756,0.23162955580715014,0.0,-1.942890293094024e-16,0.08961814414753277,0.0,0.0,3.3322558895204546,0.27,0.06
2634,0.1080230973948097,0.21353277908931997,0.0,0.0,0.10550968169451028,0.0,0.0,3.4324900871302395,0.27,0.06
2635,0.16784823911390956,0.1716897242925098,0.0,0.0,0.0038414851786002513,0.0,0.0,3.4361394980499096,0.27,0.06
2636,0.29475559034819254,0.04469077093007279,0.0,0.0,0.0,0.25006481941811975,0.0,3.1729133723466254,0.27,0.06
2637,0.3355601609356925,0.002572130701011384,0.0,0.0,0.0,0.33298803023468115,0.0,2.822399656310119,0.27,0.06
2638,0.3486851397549309,0.0,0.0,0.0,0.0,0.3486851397549309,0.0,2.4553626670944024,0.27,0.06
2639,0.25731795241852734,0.0,0.0,0.0,0.0,0.25731795241852734,0.0,2.184501664548584,0.27,0.06
2640,0.2853969642984892,0.0,0.0,0.0,0.0,0.2853969642984892,0.0,1.8840838073922799,0.27,0.06
2641,0.21584837802949314,0.0,0.0,0.0,0.0,0.21584837802949314,0.0,1.656874988413866,0.27,0.06
2642,0.1362235413453448,0.0,0.0,0.0,0.0,0.1362235413453448,0.0,1.5134817869977137,0.27,0.06
2643,0.06846418482157088,0.0,0.0,0.0,0.0,0.06846418482157088,0.0,1.441414224027639,0.27,0.06
2644,0.044555646419124816,0.0,0.0,-3.469446951953614e-17,0.0,0.04455564641912478,0.0,1.394513543586455,0.27,0.06
2645,0.06975998252948806,0.0,0.0,0.0,0.0,0.06975998252948806,0.0,1.3210819830290992,0.27,0.06
2646,0.04532941679569856,0.0,0.0,0.0,0.0,0.04532941679569856,0.0,1.2733668074546796,0.27,0.06
2647,0.06652610286080768,0.0014697889720065042,0.0,0.0,0.0,0.06505631388880118,0.0,1.204886477045415,0.27,0.06
2648,0.04638391722789706,0.04211864022906141,0.0,0.0,0.0,0.0042652769988356515,0.0,1.2003967117834828,0.27,0.06
2649,0.241175060215261,0.09195367256115694,0.0,0.0,0.0,0.14922138765410406,0.0,1.043321566884426,0.27,0.06
2650,0.23334086365366108,0.19258828623822732,0.0,0.0,0.0,0.040752577415433755,0.0,1.0004241169734431,0.27,0.06
2651,0.17237634962508025,0.5361514584447478,0.0,0.3637751088196675,0.0,0.0,0.0,1.0004241169734431,0.27,0.06
2652,0.10715087564058899,0.7765997480839371,0.0,-0.0,0.669448872443348,0.0,0.0,1.6364005457946238,0.27,0.06
2653,0.29075512176947765,0.9574756534514874,0.0,-0.0,0.6667205316820097,0.0,0.0,2.269785050892533,0.27,0.06
2654,0.15575360488487422,0.7164761929477959,0.0,0.5607225880629216,0.0,0.0,0.0,2.269785050892533,0.27,0.06
2655,0.13194639044669093,0.6636556517663121,0.0,-0.0,0.5317092613196213,0.0,0.0,2.7749088491461733,0.27,0.06
2656,0.24121579871635668,0.4025843856136565,0.0,0.0,0.16136858689729983,0.0,0.0,2.928209006698608,0.27,0.06
2657,0.3021118929546356,0.21550780802045366,0.0,0.0,0.0,0.08660408493418192,0.0,2.837046812031048,0.27,0.06
2658,0.18131427230770256,0.21647235703333315,0.0,0.0,0.03515808472563059,0.0,0.0,2.8704469925203973,0.27,0.06
2659,0.12764965373020268,0.25239032503674197,0.0,-2.7755575615628914e-17,0.12474067130653932,0.0,0.0,2.9889506302616096,0.27,0.06
2660,0.11317468977370557,0.08680941115913415,0.0,0.0,0.0,0.026365278614571414,0.0,2.961197705404166,0.27,0.06
2661,0.26138396820092735,0.003628541524641059,0.0,0.0,0.0,0.2577554266762863,0.0,2.689876203639654,0.27,0.06
2662,0.2447693189320928,0.0,0.0,0.0,0.0,0.2447693189320928,0.0,2.432224288974293,0.27,0.06
2663,0.4005717577894331,0.0,0.0,0.0,0.0,0.4005717577894331,0.0,2.0105698070906795,0.27,0.06
2664,0.17676944856531335,0.0,0.0,0.0,0.0,0.17676944856531335,0.0,1.824496703337718,0.27,0.06
2665,0.12964871287048987,0.0,0.0,0.0,0.0,0.12964871287048987,0.0,1.6880243740003602,0.27,0.06
2666,0.04160967827260864,0.0,0.0,0.0,0.0,0.04160967827260864,0.0,1.644224712660772,0.27,0.06
2667,0.026027201603641498,0.0,0.0,0.0,0.0,0.026027201603641498,0.0,1.6168276583411494,0.27,0.06
2668,0.048768816979520076,0.0,0.0,0.0,0.0,0.048768816979520076,0.0,1.5654920615206018,0.27,0.06
2669,0.023982442221740813,0.0,0.0,0.0,0.0,0.023982442221740813,0.0,1.5402473854977168,0.27,0.06
2670,0.0450146074170419,0.0,0.0,0.0,0.0,0.0450146074170419,0.0,1.4928635882166201,0.27,0.06
2671,0.024663506393898763,0.0011482726343800822,0.0,0.0,0.0,0.02351523375951868,0.0,1.4681107105750215,0.27,0.06
2672,0.03077571785150752,0.04285353471506466,0.0,0.01207781686355714,0.0,0.0,0.0,1.4681107105750215,0.27,0.06
2673,0.043514203198815764,0.12975480768494924,0.0,0.08624060448613347,0.0,0.0,0.0,1.4681107105750215,0.27,0.06
2674,0.2441915373059807,0.28674664225739394,0.0,0.0,0.042555104951413236,0.0,0.0,1.508538060278864,0.27,0.06
2675,0.16551047589720813,0.484203604465393,0.0,0.0,0.3186931285681849,0.0,0.0,1.8112965324186396,0.27,0.06
2676,0.09479588060647624,0.5683490231127655,0.0,-0.0,0.4735531425062892,0.0,0.0,2.2611720177996144,0.27,0.06
2677,0.1452095145677206,0.43207202686453716,0.0,-0.0,0.2868625122968166,0.0,0.0,2.53369140448159,0.27,0.06
2678,0.08478347995746444,0.47487963067422667,0.0,-0.0,0.39009615071676224,0.0,0.0,2.9042827476625144,0.27,0.06
2679,0.1296306939180825,0.3216081994371733,0.0,-0.0,0.1919775055190908,0.0,0.0,3.0866613779056506,0.27,0.06
2680,0.08670484868700894,0.22919521782226435,0.0,-0.0,0.14249036913525542,0.0,0.0,3.2220272285841434,0.27,0.06
2681,0.13678748232685373,0.10192067902757611,0.0,0.0,0.0,0.03486680329927762,0.0,3.1853253303743774,0.27,0.06
2682,0.10829220653185301,0.10178288631145044,0.0,0.0,0.0,0.00650932022040257,0.0,3.178473414352901,0.27,0.06
2683,0.16087399052735413,0.09585779951804924,0.0,0.0,0.0,0.06501619100930489,0.0,3.1100353185536327,0.27,0.06
2684,0.1481449063726063,0.020944492851092695,0.0,2.7755575615628914e-17,0.0,0.12720041352151362,0.0,2.976140146425724,0.27,0.06
2685,0.3362822247531839,0.0009645490128792685,0.0,0.0,0.0,0.33531767574030463,0.0,2.6231741719622454,0.27,0.06
2686,0.3543438742436169,0.0,0.0,0.0,0.0,0.3543438742436169,0.0,2.2501806201268586,0.27,0.06
2687,0.34485545950773183,0.0,0.0,0.0,0.0,0.34485545950773183,0.0,1.8871748732766145,0.27,0.06
2688,0.20858073389177972,0.0,0.0,0.0,0.0,0.20858073389177972,0.0,1.6676162060221096,0.27,0.06
2689,0.19594422536932896,0.0,0.0,0.0,0.0,0.19594422536932896,0.0,1.4613591266859738,0.27,0.06
2690,0.19299877951128794,0.0,0.0,0.0,0.0,0.19299877951128794,0.0,1.2582025166740918,0.27,0.06
2691,0.06538777512827831,0.0,0.0,0.0,0.0,0.06538777512827831,0.0,1.1893732796969567,0.27,0.06
2692,0.04021347060526104,0.0,0.0,0.0,0.0,0.04021347060526104,0.0,1.1470433106387872,0.27,0.06
2693,0.051450637729511,0.0,0.0,0.0,0.0,0.051450637729511,0.0,1.092884744607723,0.27,0.06
2694,0.031488511048557,0.0,0.0,0.0,0.0,0.031488511048557,0.0,1.0597389435039788,0.27,0.06
2695,0.056751996328779815,0.0,0.0,0.0,0.0,0.056751996328779815,0.0,1.0,0.27,0.06
2696,0.029503031408634826,0.033116182775521565,0.0,0.003613151366886738,0.0,0.0,0.0,1.0,0.27,0.06
2697,0.02842267769689499,0.04487449455157359,0.0,0.016451816854678603,0.0,0.0,0.0,1.0,0.27,0.06
2698,0.05945666719957732,0.19736510039724856,0.0,0.011575757563940053,0.12633267563373118,0.0,0.0,1.1200160418520446,0.27,0.06
2699,0.18914285426819033,0.40364079643728634,0.0,0.0,0.214497942169096,0.0,0.0,1.3237890869126858,0.27,0.06
2700,0.11613763229567807,0.46555565688306044,0.0,-5.551115123125783e-17,0.3494180245873824,0.0,0.0,1.6557362102706992,0.27,0.06
2701,0.17269612074425505,0.3265228063123202,0.0,0.0,0.15382668556806517,0.0,0.0,1.801871561560361,0.27,0.06
2702,0.051669868317136186,0.2565241065205104,0.0,-0.0,0.2048542382033742,0.0,0.0,1.9964830878535667,0.27,0.06
2703,0.047473541560078505,0.49573226171456897,0.0,-0.0,0.4482587201544905,0.0,0.0,2.4223288720003326,0.27,0.06
2704,0.03471403410162813,0.4218294349658668,0.0,-0.0,0.3871154008642387,0.0,0.0,2.7900885028213596,0.27,0.06
2705,0.05823751532545181,0.26451608405579574,0.0,-0.0,0.20627856873034395,0.0,0.0,2.9860531431151864,0.27,0.06
2706,0.039714685111081005,0.2277254288502579,0.0,-0.0,0.1880107437391769,0.0,0.0,3.1646633496674044,0.27,0.06
2707,0.1776197342035598,0.20393321986590243,0.0,2.498001805406602e-16,0.026313485662342373,0.0,0.0,3.1896611610466294,0.27,0.06
2708,0.21850486778841832,0.05879155888026018,0.0,0.0,0.0,0.15971330890815816,0.0,3.021541888511726,0.27,0.06
2709,0.18380180174477723,0.0008267562967536591,0.0,0.0,0.0,0.18297504544802357,0.0,2.8289365775138062,0.27,0.06
2710,0.25240504587297174,0.0,0.0,0.0,0.0,0.25240504587297174,0.0,2.563247055542257,0.27,0.06
2711,0.15688775430959895,0.0,0.0,0.0,0.0,0.15688775430959895,0.0,2.398102051005837,0.27,0.06
2712,0.13710816745086057,0.0,0.0,0.0,0.0,0.13710816745086057,0.0,2.2537776642154577,0.27,0.06
2713,0.0801268864813007,0.0,0.0,0.0,0.0,0.0801268864813007,0.0,2.1694335731825096,0.27,0.06
2714,0.045773753716299236,0.0,0.0,0.0,0.0,0.045773753716299236,0.0,2.1212506745337736,0.27,0.06
2715,0.024320493437560813,0.0,0.0,0.0,0.0,0.024320493437560813,0.0,2.095650155125815,0.27,0.06
2716,0.04770269562873978,0.0,0.0,0.0,0.0,0.04770269562873978,0.0,2.0454367913060887,0.27,0.06
2717,0.025398757995398293,0.0,0.0,0.0,0.0,0.025398757995398293,0.0,2.0187012565740905,0.27,0.06
2718,0.03797037217475843,0.0,0.0,0.0,0.0,0.03797037217475843,0.0,1.9787324437585552,0.27,0.06
2719,0.030702466892807215,4.5930905375203305e-05,0.0,0.0,0.0,0.03065653598743201,0.0,1.9464624058770479,0.27,0.06
2720,0.08970565712346121,0.039776164054926025,0.0,0.0,0.0,0.04992949306853518,0.0,1.893905044752274,0.27,0.06
2721,0.2297981809237935,0.07201965962831874,0.0,0.0,0.0,0.15777852129547476,0.0,1.7278223907570376,0.27,0.06
2722,0.17927917526260007,0.22010089855797416,0.0,0.04082172329537409,0.0,0.0,0.0,1.7278223907570376,0.27,0.06
2723,0.09911324771774994,0.34627309562365755,0.0,0.0,0.24715984790590761,0.0,0.0,1.9626242462676498,0.27,0.06
2724,0.08221199264794,0.3386026344259987,0.0,-5.551115123125783e-17,0.25639064177805876,0.0,0.0,2.2061953559568055,0.27,0.06
2725,0.19051542838201826,0.2604282334774026,0.0,0.0,0.06991280509538436,0.0,0.0,2.272612520797421,0.27,0.06
2726,0.08482526303551094,0.43335809221504296,0.0,-5.551115123125783e-17,0.34853282917953204,0.0,0.0,2.603718708517976,0.27,0.06
2727,0.15457754180998412,0.20370356533902667,0.0,0.04912602352904255,0.0,0.0,0.0,2.603718708517976,0.27,0.06
2728,0.16237452531769936,0.1992023366122567,0.0,-0.0,0.03682781129455734,0.0,0.0,2.6387051292478056,0.27,0.06
2729,0.12903384876261176,0.12024711027228212,0.0,0.0,0.0,0.00878673849032964,0.0,2.6294559308369325,0.27,0.06
2730,0.2053605642955833,0.0857530003355045,0.0,0.0,0.0,0.11960756396007881,0.0,2.5035532319315865,0.27,0.06
2731,0.05323986747473356,0.042669811093563846,0.0,0.0,0.0,0.010570056381169715,0.0,2.492426856793513,0.27,0.06
2732,0.12188620040216344,0.02829343771112522,0.0,0.0,0.0,0.09359276269103822,0.0,2.393908159223999,0.27,0.06
2733,0.17401868573654575,0.006889635806280487,0.0,0.0,0.0,0.16712904993026526,0.0,2.2179828435079307,0.27,0.06
2734,0.3270247920956244,0.0,0.0,0.0,0.0,0.3270247920956244,0.0,1.8737462202493786,0.27,0.06
2735,0.2029451106681388,0.0,0.0,0.0,0.0,0.2029451106681388,0.0,1.6601197879671272,0.27,0.06
2736,0.12163275991938763,0.0,0.0,0.0,0.0,0.12163275991938763,0.0,1.5320853038414561,0.27,0.06
2737,0.13008560718031376,0.0,0.0,0.0,0.0,0.13008560718031376,0.0,1.3951530857569154,0.27,0.06
2738,0.025946899750520884,0.0,0.0,6.938893903907228e-18,0.0,0.02594689975052089,0.0,1.3678405597037353,0.27,0.06
2739,0.045283324837728484,0.0,0.0,0.0,0.0,0.045283324837728484,0.0,1.3201739019798107,0.27,0.06
2740,0.03193702627696247,0.0,0.0,0.0,0.0,0.03193702627696247,0.0,1.2865559795830082,0.27,0.06
2741,0.024849049374849035,0.0,0.0,0.0,0.0,0.024849049374849035,0.0,1.2603990855042198,0.27,0.06
2742,0.05659661550729435,0.0,0.0,0.0,0.0,0.05659661550729435,0.0,1.2008237007596994,0.27,0.06
2743,0.024401317579156992,0.0004593090537520331,0.0,0.0,0.0,0.02394200852540496,0.0,1.1756215865224309,0.27,0.06
2744,0.03466441669644783,0.05121295949335166,0.0,0.016548542796903827,0.0,0.0,0.0,1.1756215865224309,0.27,0.06
2745,0.275880476557042,0.10903996936073262,0.0,0.0,0.0,0.16684050719630938,0.0,1.0,0.27,0.06
2746,0.1585906758842317,0.23162955580715017,0.0,0.07303887992291846,0.0,0.0,0.0,1.0,0.27,0.06
2747,0.16139902101743214,0.4068100289081754,0.0,0.24541100789074327,0.0,0.0,0.0,1.0,0.27,0.06
2748,0.14955495468455682,0.5057911299917386,0.0,0.35623617530718177,0.0,0.0,0.0,1.0,0.27,0.06
2749,0.12314217361381738,0.9326270336435024,0.0,0.09736424624931361,0.7121206137803714,0.0,0.0,1.6765145830913528,0.27,0.06
2750,0.039936135424727376,0.7248356177260828,0.0,-1.1102230246251565e-16,0.6848994823013556,0.0,0.0,2.3271690912776406,0.27,0.06
2751,0.07664818408969162,0.5275164482342095,0.0,0.45086826414451786,0.0,0.0,0.0,2.3271690912776406,0.27,0.06
2752,0.022000226884790974,0.1641111249056013,0.0,0.14211089802081034,0.0,0.0,0.0,2.3271690912776406,0.27,0.06
2753,0.05083237874654162,0.22400502551486634,0.0,0.17317264676832472,0.0,0.0,0.0,2.3271690912776406,0.27,0.06
2754,0.03163279323993639,0.22620970897287612,0.0,0.19457691573293973,0.0,0.0,0.0,2.3271690912776406,0.27,0.06
2755,0.04217322753776087,0.13246473110208623,0.0,0.09029150356432536,0.0,0.0,0.0,2.3271690912776406,0.27,0.06
2756,0.022710147495224837,0.058286318921132944,0.0,0.035576171425908104,0.0,0.0,0.0,2.3271690912776406,0.27,0.06
2757,0.04160262737818832,0.0027558543225121995,0.0,0.0,0.0,0.03884677305567612,0.0,2.286277751219034,0.27,0.06
2758,0.1646293752389023,0.0,0.0,0.0,0.0,0.1646293752389023,0.0,2.1129836720201896,0.27,0.06
2759,0.31861490306181506,0.0,0.0,0.0,0.0,0.31861490306181506,0.0,1.7775995635340684,0.27,0.06
2760,0.14009787725720674,0.0,0.0,0.0,0.0,0.14009787725720674,0.0,1.6301281137896404,0.27,0.06
2761,0.12433220790542937,0.0,0.0,5.551115123125783e-17,0.0,0.12433220790542943,0.0,1.4992521054681358,0.27,0.06
2762,0.07262042593812781,0.0,0.0,0.0,0.0,0.07262042593812781,0.0,1.4228095518490538,0.27,0.06
2763,0.07694693309772407,0.0,0.0,0.0,0.0,0.07694693309772407,0.0,1.341812780167239,0.27,0.06
2764,0.06213914081016281,0.0,0.0,0.0,0.0,0.06213914081016281,0.0,1.2764031582618045,0.27,0.06
2765,0.08637959353884075,0.0,0.0,0.0,0.0,0.08637959353884075,0.0,1.1854772703261827,0.27,0.06
2766,0.07035826397826637,0.0,0.0,0.0,0.0,0.07035826397826637,0.0,1.1114159398227443,0.27,0.06
2767,0.08509567789374306,0.0033529560923898404,0.0,0.0,0.0,0.08174272180135322,0.0,1.0253709695055304,0.27,0.06
2768,0.06952808644632993,0.045425665416076025,0.0,0.0,0.0,0.02410242103025391,0.0,1.0,0.27,0.06
2769,0.06569683933370356,0.17017400441512828,0.0,0.10447716508142472,0.0,0.0,0.0,1.0,0.27,0.06
2770,0.1802352243171518,0.29873460856032213,0.0,0.11849938424317033,0.0,0.0,0.0,1.0,0.27,0.06
2771,0.17521981865826375,0.5188814380236716,0.0,0.34366161936540784,0.0,0.0,0.0,1.0,0.27,0.06
2772,0.0883531911159435,0.4099792613790646,0.0,0.046249511856052805,0.27537655840706826,0.0,0.0,1.2616077304867148,0.27,0.06
2773,0.17441562497798768,0.5526406534744458,0.0,0.3782250284964581,0.0,0.0,0.0,1.2616077304867148,0.27,0.06
2774,0.12183501613155649,0.7545069825984642,0.0,-1.1102230246251565e-16,0.6326719664669078,0.0,0.0,1.862646098630277,0.27,0.06
2775,0.1535533341093692,0.773200861086172,0.0,0.0,0.6196475269768028,0.0,0.0,2.45131124925824,0.27,0.06
2776,0.13359447173138764,0.4515926616489986,0.0,-1.1102230246251565e-16,0.3179981899176111,0.0,0.0,2.7534095296799705,0.27,0.06
2777,0.13628112364977768,0.2165182879387082,0.0,0.0,0.08023716428893052,0.0,0.0,2.8296348357544545,0.27,0.06
2778,0.23443780002450074,0.24435241659608137,0.0,-0.0,0.009914616571580631,0.0,0.0,2.8390537214974563,0.27,0.06
2779,0.24364874900773292,0.20425473620352902,0.0,0.0,0.0,0.039394012804203904,0.0,2.7975863395982943,0.27,0.06
2780,0.38506488237730685,0.055714188220121585,0.0,0.0,0.0,0.32935069415718526,0.0,2.4509013983802044,0.27,0.06
2781,0.1391483568086,0.004593090537520329,0.0,0.0,0.0,0.13455526627107967,0.0,2.309264275989594,0.27,0.06
2782,0.2479736893019035,0.0,0.0,0.0,0.0,0.2479736893019035,0.0,2.0482393398823273,0.27,0.06
2783,0.251841104891463,0.0,0.0,0.0,0.0,0.251841104891463,0.0,1.7831434399965769,0.27,0.06
2784,0.1572068725681791,0.0,0.0,0.0,0.0,0.1572068725681791,0.0,1.6176625215037568,0.27,0.06
2785,0.12216915018380951,0.0,0.0,1.3877787807814457e-17,0.0,0.12216915018380953,0.0,1.4890634160471152,0.27,0.06
2786,0.044655795234317626,0.0,0.0,0.0,0.0,0.044655795234317626,0.0,1.4420573158004653,0.27,0.06
2787,0.06679625657480212,0.0,0.0,0.0,0.0,0.06679625657480212,0.0,1.3717454667743578,0.27,0.06
2788,0.04362492835563906,0.0,0.0,0.0,0.0,0.04362492835563906,0.0,1.3258244895578957,0.27,0.06
2789,0.06800927155933963,0.0,0.0,0.0,0.0,0.06800927155933963,0.0,1.2542357826533275,0.27,0.06
2790,0.04615280457745237,0.0,0.0,4.163336342344337e-17,0.0,0.04615280457745241,0.0,1.2056538830981145,0.27,0.06
2791,0.046549221530418496,0.0036744724300162633,0.0,0.0,0.0,0.04287474910040223,0.0,1.1605225682555858,0.27,0.06
2792,0.05827498952357481,0.05139668311485245,0.0,0.0,0.0,0.006878306408722355,0.0,1.1532822457200886,0.27,0.06
2793,0.2553011354700697,0.10968300203598544,0.0,0.0,0.0,0.14561813343408428,0.0,1.0,0.27,0.06
2794,0.19303377283915196,0.24995598705185612,0.0,0.05692221421270416,0.0,0.0,0.0,1.0,0.27,0.06
2795,0.09647268775732994,0.6216288733480012,0.0,0.5251561855906712,0.0,0.0,0.0,1.0,0.27,0.06
2796,0.12884700006047276,0.8448530734714892,0.0,0.7160060734110164,0.0,0.0,0.0,1.0,0.27,0.06
2797,0.08110931110386907,0.9816812405842197,0.0,0.10184130221962706,0.7987306272607235,0.0,0.0,1.7587940958976873,0.27,0.06
2798,0.052359811393379065,0.9586239260858678,0.0,0.0,0.9062641146924887,0.0,0.0,2.6197450048555515,0.27,0.06
2799,0.051661903417883626,0.754506982598464,0.0,0.7028450791805805,0.0,0.0,0.0,2.6197450048555515,0.27,0.06
2800,0.042147243686100684,0.423666671180875,0.0,0.3815194274947743,0.0,0.0,0.0,2.6197450048555515,0.27,0.06
2801,0.05139788659347731,0.20967458303780295,0.0,0.15827669644432563,0.0,0.0,0.0,2.6197450048555515,0.27,0.06
2802,0.044588420020967565,0.25611072837213344,0.0,0.21152230835116587,0.0,0.0,0.0,2.6197450048555515,0.27,0.06
2803,0.07033593614593525,0.2053111470271587,0.0,0.13497521088122344,0.0,0.0,0.0,2.6197450048555515,0.27,0.06
2804,0.098898587154286,0.054336261058865486,0.0,0.0,0.0,0.04456232609542051,0.0,2.5728372931761614,0.27,0.06
2805,0.14657621293619794,0.004960537780521957,0.0,0.0,0.0,0.14161567515567597,0.0,2.4237681614333444,0.27,0.06
2806,0.2221384287130367,0.0,0.0,0.0,0.0,0.2221384287130367,0.0,2.189938236472253,0.27,0.06
2807,0.12974860054144516,0.0,0.0,0.0,0.0,0.12974860054144516,0.0,2.0533607622181003,0.27,0.06
2808,0.29024993824147216,0.0,0.0,0.0,0.0,0.29024993824147216,0.0,1.7478345114376033,0.27,0.06
2809,0.3008214487035936,0.0,0.0,0.0,0.0,0.3008214487035936,0.0,1.4311803549075046,0.27,0.06
2810,0.13868312834897598,0.0,0.0,2.7755575615628914e-17,0.0,0.138683128348976,0.0,1.2851981145401619,0.27,0.06
2811,0.07058950720082999,0.0,0.0,2.7755575615628914e-17,0.0,0.07058950720083002,0.0,1.2108933701182356,0.27,0.06
2812,0.028367315118483373,0.0,0.0,0.0,0.0,0.028367315118483373,0.0,1.1810330384145689,0.27,0.06
2813,0.04406547868479181,0.0,0.0,0.0,0.0,0.04406547868479181,0.0,1.1346483240095249,0.27,0.06
2814,0.024999729600054255,0.0,0.0,0.0,0.0,0.024999729600054255,0.0,1.1083328191673625,0.27,0.06
2815,0.02910348072481521,0.00601694860415163,0.0,0.0,0.0,0.02308653212066358,0.0,1.0840312064087692,0.27,0.06
2816,0.04961753575233969,0.06820739448217686,0.0,0.01858985872983717,0.0,0.0,0.0,1.0840312064087692,0.27,0.06
2817,0.1767438564300097,0.09691421034167894,0.0,0.0,0.0,0.07982964608833076,0.0,1.0,0.27,0.06
2818,0.21210487538076406,0.25918809903227213,0.0,0.04708322365150808,0.0,0.0,0.0,1.0,0.27,0.06
2819,0.10773831960349906,0.5876400033703507,0.0,0.47990168376685166,0.0,0.0,0.0,1.0,0.27,0.06
2820,0.13616713418998194,0.781560285864459,0.0,0.6453931516744771,0.0,0.0,0.0,1.0,0.27,0.06
2821,0.23494533385064695,0.8912892188058197,0.0,0.022045161937310764,0.6342987230178619,0.0,0.0,1.6025837868669688,0.27,0.06
2822,0.08622591015490094,0.9011643634614883,0.0,-8.881784197001252e-16,0.8149384533065882,0.0,0.0,2.3767753175082276,0.27,0.06
2823,0.16903148365533913,0.6746790690563611,0.0,0.505647585401022,0.0,0.0,0.0,2.3767753175082276,0.27,0.06
2824,0.12745588470576205,0.40777457792105465,0.0,0.28031869321529257,0.0,0.0,0.0,2.3767753175082276,0.27,0.06
2825,0.24591143325607018,0.27416157418458853,0.0,0.028250140928518352,0.0,0.0,0.0,2.3767753175082276,0.27,0.06
2826,0.1333403783880173,0.3038788699623448,0.0,0.17053849157432752,0.0,0.0,0.0,2.3767753175082276,0.27,0.06
2827,0.1464720163853195,0.1512504714005444,0.0,0.004778455015224892,0.0,0.0,0.0,2.3767753175082276,0.27,0.06
2828,0.05427674067088124,0.07123883423694027,0.0,0.01696209356605903,0.0,0.0,0.0,2.3767753175082276,0.27,0.06
2829,0.07909850047288115,0.00643032675252846,0.0,0.0,0.0,0.0726681737203527,0.0,2.300282503065751,0.27,0.06
2830,0.24086808516373837,0.0,0.0,0.0,0.0,0.24086808516373837,0.0,2.046737150261816,0.27,0.06
2831,0.2829326766985783,0.0,0.0,0.0,0.0,0.2829326766985783,0.0,1.7489132800527862,0.27,0.06
2832,0.24053891285200324,0.0,0.0,0.0,0.0,0.24053891285200324,0.0,1.4957144244190985,0.27,0.06
2833,0.12310195740119761,0.0,0.0,0.0,0.0,0.12310195740119761,0.0,1.3661334166283643,0.27,0.06
2834,0.0663790786549315,0.0,0.0,0.0,0.0,0.0663790786549315,0.0,1.296260702254752,0.27,0.06
2835,0.04503719639361081,0.0,0.0,-1.3877787807814457e-17,0.0,0.0450371963936108,0.0,1.2488531271035828,0.27,0.06
2836,0.06687420812978263,0.0,0.0,0.0,0.0,0.06687420812978263,0.0,1.1784592238090748,0.27,0.06
2837,0.047098669006730064,0.0,0.0,0.0,0.0,0.047098669006730064,0.0,1.128881677486201,0.27,0.06
2838,0.0687575803727287,0.0,0.0,0.0,0.0,0.0687575803727287,0.0,1.056505277093855,0.27,0.06
2839,0.04909159125742931,0.00211282164725935,0.0,0.0,0.0,0.04697876961016996,0.0,1.0070539406620973,0.27,0.06
2840,0.04923326200643069,0.04253201837743825,0.0,0.0,0.0,0.006701243628992437,0.0,1.0,0.27,0.06
2841,0.13473919749774294,0.16792339005174312,0.0,0.03318419255400018,0.0,0.0,0.0,1.0,0.27,0.06
2842,0.17367684792927782,0.3005718447753303,0.0,0.12689499684605246,0.0,0.0,0.0,1.0,0.27,0.06
2843,0.1961258511867121,0.6006843804969083,0.0,0.4045585293101962,0.0,0.0,0.0,1.0,0.27,0.06
2844,0.0805487649974515,0.835115721531946,0.0,0.7545669565344946,0.0,0.0,0.0,1.0,0.27,0.06
2845,0.0810704006124382,0.9775474591004513,0.0,0.48234565660635653,0.41413140188165654,0.0,0.0,1.3934248317875737,0.27,0.06
2846,0.059408094371348315,0.9608286095438775,0.0,0.9014205151725292,0.0,0.0,0.0,1.3934248317875737,0.27,0.06
2847,0.05063260340463181,0.7599268294327383,0.0,0.7092942260281064,0.0,0.0,0.0,1.3934248317875737,0.27,0.06
2848,0.046165600645104124,0.45352175967475716,0.0,0.40735615902965305,0.0,0.0,0.0,1.3934248317875737,0.27,0.06
2849,0.05193793287722831,0.22800101428250913,0.0,0.17606308140528082,0.0,0.0,0.0,1.3934248317875737,0.27,0.06
2850,0.06634434647130544,0.27007372360619525,0.0,0.2037293771348898,0.0,0.0,0.0,1.3934248317875737,0.27,0.06
2851,0.026784258748996564,0.20696465962066596,0.0,0.1801804008716694,0.0,0.0,0.0,1.3934248317875737,0.27,0.06
2852,0.026463051336514058,0.058010733488881736,0.0,0.0,0.03154768215236768,0.0,0.0,1.423395129832323,0.27,0.06
2853,0.056747426304618494,0.00592508679340122,0.0,0.0,0.0,0.05082233951121727,0.0,1.3698979303468313,0.27,0.06
2854,0.042011579254568464,0.0,0.0,0.0,0.0,0.042011579254568464,0.0,1.3256752153420224,0.27,0.06
2855,0.023240662014296504,0.0,0.0,0.0,0.0,0.023240662014296504,0.0,1.3012113605901314,0.27,0.06
2856,0.06053636805072281,0.0,0.0,0.0,0.0,0.06053636805072281,0.0,1.23748886790516,0.27,0.06
2857,0.02302665431142706,0.0,0.0,0.0,0.0,0.02302665431142706,0.0,1.2132502844194475,0.27,0.06
2858,0.024529800544149938,0.0,0.0,0.0,0.0,0.024529800544149938,0.0,1.1874294417413949,0.27,0.06
2859,0.043643469596522155,0.0,0.0,-2.0816681711721685e-17,0.0,0.043643469596522134,0.0,1.1414889474292664,0.27,0.06
2860,0.03135859179025619,0.0,0.0,0.0,0.0,0.03135859179025619,0.0,1.108479903439523,0.27,0.06
2861,0.023148478098356393,0.0,0.0,0.0,0.0,0.023148478098356393,0.0,1.0841130843886215,0.27,0.06
2862,0.03465318749422289,0.0,0.0,0.0,0.0,0.03465318749422289,0.0,1.0476360449210185,0.27,0.06
2863,0.04727520251147656,0.002020959836508944,0.0,0.0,0.0,0.04525424267496762,0.0,1.0,0.27,0.06
2864,0.021671446289412605,0.036469138867911394,0.0,0.014797692578498788,0.0,0.0,0.0,1.0,0.27,0.06
2865,0.0317049996216855,0.12125759019053664,0.0,0.08955259056885115,0.0,0.0,0.0,1.0,0.27,0.06
2866,0.045722438873573384,0.34590564838065585,0.0,0.30018320950708244,0.0,0.0,0.0,1.0,0.27,0.06
2867,0.021449473687290523,0.6282888546274058,0.0,0.6068393809401152,0.0,0.0,0.0,1.0,0.27,0.06
2868,0.023700928733402453,0.8443937644177371,0.0,0.8206928356843346,0.0,0.0,0.0,1.0,0.27,0.06
2869,0.035549434518320294,0.9873766728507447,0.0,0.05146491243896223,0.9003623258934622,0.0,0.0,1.855344209598789,0.27,0.06
2870,0.021260274687011187,0.9527447701978414,0.0,0.9314844955108302,0.0,0.0,0.0,1.855344209598789,0.27,0.06
2871,0.028052244595588926,0.746285350536303,0.0,-0.0,0.718233105940714,0.0,0.0,2.5376656602424674,0.27,0.06
2872,0.02936893384252933,0.4422227569524569,0.0,0.4128538231099276,0.0,0.0,0.0,2.5376656602424674,0.27,0.06
2873,0.021336267660208314,0.23328306840065735,0.0,0.21194680074044903,0.0,0.0,0.0,2.5376656602424674,0.27,0.06
2874,0.05045698390471756,0.27935176649198634,0.0,0.22889478258726878,0.0,0.0,0.0,2.5376656602424674,0.27,0.06
2875,0.19098705487546802,0.2077914159174196,0.0,0.01680436104195157,0.0,0.0,0.0,2.5376656602424674,0.27,0.06
2876,0.20862330040253946,0.0588374897856354,0.0,0.0,0.0,0.14978581061690405,0.0,2.379996385908884,0.27,0.06
2877,0.19160348584877257,0.00624660313102764,0.0,0.0,0.0,0.18535688271774492,0.0,2.184883877784942,0.27,0.06
2878,0.21612519092155105,0.0,0.0,0.0,0.0,0.21612519092155105,0.0,1.9573836768148885,0.27,0.06
2879,0.22733585190566555,0.0,0.0,0.0,0.0,0.22733585190566555,0.0,1.7180827800720826,0.27,0.06
2880,0.1616093727009725,0.0,0.0,0.0,0.0,0.1616093727009725,0.0,1.5479676509131641,0.27,0.06
2881,0.04825384054259693,0.0,0.0,0.0,0.0,0.04825384054259693,0.0,1.4971741345525358,0.27,0.06
2882,0.06792570540324662,0.0,0.0,0.0,0.0,0.06792570540324662,0.0,1.4256733920228024,0.27,0.06
2883,0.049746410433689256,0.0,0.0,0.0,0.0,0.049746410433689256,0.0,1.3733087494610243,0.27,0.06
2884,0.043256845552473125,0.0,0.0,0.0,0.0,0.043256845552473125,0.0,1.327775227826842,0.27,0.06
2885,0.07555634003148899,0.0,0.0,0.0,0.0,0.07555634003148899,0.0,1.2482422383200116,0.27,0.06
2886,0.045187876618816,0.0,0.0,0.0,0.0,0.045187876618816,0.0,1.2006760524054683,0.27,0.06
2887,0.05055164869091675,0.003950057862267482,0.0,1.3877787807814457e-17,0.0,0.046601590828649286,0.0,1.151621746270048,0.27,0.06
2888,0.09633650103732212,0.04854896698158988,0.0,0.0,0.0,0.047787534055732245,0.0,1.1013190788429614,0.27,0.06
2889,0.2523722722711294,0.15611914737031599,0.0,0.0,0.0,0.09625312490081342,0.0,1.0,0.27,0.06
2890,0.2034160843009943,0.3143051854825158,0.0,0.11088910118152148,0.0,0.0,0.0,1.0,0.27,0.06
2891,0.12366589838270675,0.6179544009179848,0.0,0.49428850253527806,0.0,0.0,0.0,1.0,0.27,0.06
2892,0.08557722786822905,0.831946489061057,0.0,0.7463692611928279,0.0,0.0,0.0,1.0,0.27,0.06
2893,0.10402628483542406,0.9635844638663893,0.0,0.4696903506465451,0.38986782838442013,0.0,0.0,1.3703744369651991,0.27,0.06
2894,0.16929301960948667,0.9424103164884208,0.0,-0.0,0.7731172968789342,0.0,0.0,2.1048358690001865,0.27,0.06
2895,0.2312271621929839,0.7367317222182606,0.0,0.5055045600252767,0.0,0.0,0.0,2.1048358690001865,0.27,0.06
2896,0.11993597523434288,0.45797705749615203,0.0,0.3380410822618092,0.0,0.0,0.0,2.1048358690001865,0.27,0.06
2897,0.23976644819661838,0.24141283865206842,0.0,0.0016463904554500364,0.0,0.0,0.0,2.1048358690001865,0.27,0.06
2898,0.12536163849080012,0.2872518822165213,0.0,0.1618902437257212,0.0,0.0,0.0,2.1048358690001865,0.27,0.06
2899,0.03405438375696887,0.20815886316042123,0.0,0.17410447940345236,0.0,0.0,0.0,2.1048358690001865,0.27,0.06
2900,0.09672495309103561,0.059204937028637036,0.0,-4.163336342344337e-17,0.0,0.037520016062398534,0.0,2.0653411152502934,0.27,0.06
2901,0.09751321697280663,0.006430326752528458,0.0,0.0,0.0,0.09108289022027817,0.0,1.9694643887026322,0.27,0.06
2902,0.2187389835975978,0.0,0.0,0.0,0.0,0.2187389835975978,0.0,1.7392128270209504,0.27,0.06
2903,0.1703070426848272,0.0,0.0,0.0,0.0,0.1703070426848272,0.0,1.5599422557737639,0.27,0.06
2904,0.1684888259292102,0.0,0.0,0.0,0.0,0.1684888259292102,0.0,1.382585596900911,0.27,0.06
2905,0.11210948242775756,0.0,0.0,0.0,0.0,0.11210948242775756,0.0,1.2645756153980083,0.27,0.06
2906,0.07744441287071531,0.0,0.0,0.0,0.0,0.07744441287071531,0.0,1.1830551807972554,0.27,0.06
2907,0.02831495569880632,0.0,0.0,0.0,0.0,0.02831495569880632,0.0,1.153249964272196,0.27,0.06
2908,0.046919393487486784,0.0,0.0,0.0,0.0,0.046919393487486784,0.0,1.10386112902221,0.27,0.06
2909,0.025494859074905243,0.0,0.0,0.0,0.0,0.025494859074905243,0.0,1.0770244352591518,0.27,0.06
2910,0.030483758593657588,0.0,0.0,0.0,0.0,0.030483758593657588,0.0,1.0449362683184598,0.27,0.06
2911,0.048706403506688124,0.006016948604151637,0.0,0.0,0.0,0.042689454902536485,0.0,1.0000000000000002,0.27,0.06
2912,0.03066238125230633,0.07459179032933011,0.0,0.04392940907702378,0.0,0.0,0.0,1.0,0.27,0.06
2913,0.03620373140610478,0.14523352279639287,0.0,0.10902979139028812,0.0,2.7755575615628914e-17,0.0,1.0,0.27,0.06
2914,0.14950324812547425,0.29781599045281804,0.0,0.1483127423273438,0.0,0.0,0.0,1.0,0.27,0.06
2915,0.20486256223411675,0.6786291269186283,0.0,0.175032263696833,0.29873430098767856,0.0,0.0,1.2837975859382946,0.27,0.06
2916,0.29803099195068206,0.8638684682968232,0.0,0.5658374763461411,0.0,0.0,0.0,1.2837975859382946,0.27,0.06
2917,0.16406021137263793,0.972724714036055,0.0,0.808664502663417,0.0,0.0,0.0,1.2837975859382946,0.27,0.06
2918,0.105066552906663,0.935658473398266,0.0,-0.0,0.830591920491603,0.0,0.0,2.0728599104053176,0.27,0.06
2919,0.17473839925589685,0.7323682862076162,0.0,0.5576298869517193,0.0,0.0,0.0,2.0728599104053176,0.27,0.06
2920,0.09015116919313193,0.45131707621674744,0.0,-0.0,0.3611659070236155,0.0,0.0,2.4159675220777523,0.27,0.06
2921,0.05075207689342106,0.24049422054456437,0.0,-0.0,0.1897421436511433,0.0,0.0,2.5962225585463385,0.27,0.06
2922,0.10095509802688726,0.27985700645111367,0.0,0.17890190842422643,0.0,2.7755575615628914e-17,0.0,2.5962225585463385,0.27,0.06
2923,0.10067201767312224,0.1935987661564819,0.0,0.0,0.09292674848335965,0.0,0.0,2.6845029696055303,0.27,0.06
2924,0.17179961257591986,0.05938866065013783,0.0,-1.3877787807814457e-17,0.0,0.11241095192578202,0.0,2.566175651788918,0.27,0.06
2925,0.1979649594813525,0.005741363171900414,0.0,0.0,0.0,0.1922235963094521,0.0,2.363835024094757,0.27,0.06
2926,0.2844524055904008,0.0,0.0,0.0,0.0,0.2844524055904008,0.0,2.0644114392627566,0.27,0.06
2927,0.2820069203756107,0.0,0.0,0.0,0.0,0.2820069203756107,0.0,1.7675620493936925,0.27,0.06
2928,0.19511835671731606,0.0,0.0,0.0,0.0,0.19511835671731606,0.0,1.5621743054807282,0.27,0.06
2929,0.089829308920055,0.0,0.0,2.7755575615628914e-17,0.0,0.08982930892005503,0.0,1.4676171381964598,0.27,0.06
2930,0.04417724841856625,0.0,0.0,0.0,0.0,0.04417724841856625,0.0,1.4211147714400743,0.27,0.06
2931,0.06258243315381237,0.0,0.0,0.0,0.0,0.06258243315381237,0.0,1.3552385260150086,0.27,0.06
2932,0.02350232854056271,0.0,0.0,0.0,0.0,0.02350232854056271,0.0,1.3304992328144163,0.27,0.06
2933,0.03349749366988036,0.0,0.0,0.0,0.0,0.03349749366988036,0.0,1.2952387131619107,0.27,0.06
2934,0.03975816562667309,0.0,0.0,0.0,0.0,0.03975816562667309,0.0,1.253388012502255,0.27,0.06
2935,0.02404864228602075,0.005879155888026019,0.0,0.0,0.0,0.018169486397994733,0.0,1.2342622373464711,0.27,0.06
2936,0.09980880539510528,0.0715144196691915,0.0,0.0,0.0,0.02829438572591378,0.0,1.2044786734244566,0.27,0.06
2937,0.2880751290291518,0.13875726513848907,0.0,0.0,0.0,0.1493178638906627,0.0,1.0473019745921799,0.27,0.06
2938,0.19161510676735438,0.284450096988634,0.0,0.09283499022127961,0.0,0.0,0.0,1.0473019745921799,0.27,0.06
2939,0.0954180567530125,0.6603486265792977,0.0,0.5649305698262852,0.0,0.0,0.0,1.0473019745921799,0.27,0.06
2940,0.10941891334580069,0.8501351275896375,0.0,0.7407162142438368,0.0,0.0,0.0,1.0473019745921799,0.27,0.06
2941,0.21159459954012125,0.9607367477331268,0.0,-1.1102230246251565e-16,0.7491421481930056,0.0,0.0,1.7589870153755351,0.27,0.06
2942,0.1418535499678732,0.9308357283338697,0.0,-1.1102230246251565e-16,0.7889821783659966,0.0,0.0,2.508520084823232,0.27,0.06
2943,0.2866175524659229,0.7360886895430078,0.0,0.44947113707708486,0.0,0.0,0.0,2.508520084823232,0.27,0.06
2944,0.2799116295836971,0.4789215503472446,0.0,0.1990099207635475,0.0,0.0,0.0,2.508520084823232,0.27,0.06
2945,0.2127091631470117,0.28463382061013476,0.0,0.07192465746312307,0.0,0.0,0.0,2.508520084823232,0.27,0.06
2946,0.1298811312421237,0.2987805394656973,0.0,0.16889940822357363,0.0,0.0,0.0,2.508520084823232,0.27,0.06
2947,0.10246281428377157,0.2073780377690428,0.0,-0.0,0.10491522348527121,0.0,0.0,2.6081895471342396,0.27,0.06
2948,0.1979297050092505,0.05948052246088823,0.0,-1.1102230246251565e-16,0.0,0.13844918254836217,0.0,2.4624535655043847,0.27,0.06
2949,0.2082391572287494,0.007532668481533332,0.0,0.0,0.0,0.20070648874721606,0.0,2.2511835773494204,0.27,0.06
2950,0.4159036665622413,0.0,0.0,0.0,0.0,0.4159036665622413,0.0,1.8133902441260086,0.27,0.06
2951,0.18255575201415952,0.0,0.0,0.0,0.0,0.18255575201415952,0.0,1.6212262946374192,0.27,0.06
2952,0.12807309911178025,0.0,0.0,0.0,0.0,0.12807309911178025,0.0,1.4864125060987032,0.27,0.06
2953,0.11189612758548262,0.0,0.0,0.0,0.0,0.11189612758548262,0.0,1.3686271086403006,0.27,0.06
2954,0.06292074551387013,0.0,0.0,0.0,0.0,0.06292074551387013,0.0,1.3023947449414899,0.27,0.06
2955,0.057644195617191495,0.0,0.0,0.0,0.0,0.057644195617191495,0.0,1.2417166442918146,0.27,0.06
2956,0.06320278129068406,0.0,0.0,0.0,0.0,0.06320278129068406,0.0,1.1751874008279366,0.27,0.06
2957,0.06349839656786306,0.0,0.0,0.0,0.0,0.06349839656786306,0.0,1.1083469833880808,0.27,0.06
2958,0.044558257861502755,0.0,0.0,0.0,0.0,0.044558257861502755,0.0,1.0614435540601832,0.27,0.06
2959,0.05747392957415201,0.006522188563278867,0.0,0.0,0.0,0.050951741010873144,0.0,1.0078101424697905,0.27,0.06
2960,0.025303179204366925,0.07091731789931385,0.0,0.0,0.04561413869494693,0.0,0.0,1.05114357422999,0.27,0.06
2961,0.1979077688932763,0.1493213733747859,0.0,0.0,0.0,0.048586395518490394,0.0,1.0,0.27,0.06
2962,0.10669413436869325,0.2921664890916682,0.0,0.18547235472297496,0.0,0.0,0.0,1.0,0.27,0.06
2963,0.09388762094744044,0.6394500646335801,0.0,0.5455624436861397,0.0,0.0,0.0,1.0,0.27,0.06
2964,0.24866598267628556,0.8447612116607388,0.0,0.5960952289844532,0.0,0.0,0.0,1.0,0.27,0.06
2965,0.3184194365998293,0.9568326207762345,0.0,0.6384131841764052,0.0,0.0,0.0,1.0,0.27,0.06
2966,0.06716917054636712,0.93313227360263,0.0,0.17850465097289359,0.6874584520833693,0.0,0.0,1.6530855294792008,0.27,0.06
2967,0.16055852828810305,0.7472498995491822,0.0,-1.1102230246251565e-16,0.5866913712610793,0.0,0.0,2.210442332177226,0.27,0.06
2968,0.049761165083124434,0.48424953537076804,0.0,-0.0,0.4344883702876436,0.0,0.0,2.6232062839504877,0.27,0.06
2969,0.12015768669222712,0.2696603454578185,0.0,0.14950265876559135,0.0,0.0,0.0,2.6232062839504877,0.27,0.06
2970,0.11538919291017014,0.29230428180779366,0.0,0.17691508889762353,0.0,0.0,0.0,2.6232062839504877,0.27,0.06
2971,0.08741790302829625,0.21105251019905913,0.0,-0.0,0.12363460717076288,0.0,0.0,2.7406591607627124,0.27,0.06
2972,0.21120523348157558,0.06108810414902035,0.0,0.0,0.0,0.15011712933255522,0.0,2.5826411298863383,0.27,0.06
2973,0.23529343911962164,0.007716392103034153,0.0,0.0,0.0,0.22757704701658749,0.0,2.3430863435530886,0.27,0.06
2974,0.35924385414940085,0.0,0.0,0.0,0.0,0.35924385414940085,0.0,1.9649349181326667,0.27,0.06
2975,0.27834176099821883,0.0,0.0,0.0,0.0,0.27834176099821883,0.0,1.6719435907661209,0.27,0.06
2976,0.12248630986060631,0.0,0.0,0.0,0.0,0.12248630986060631,0.0,1.5430106330181141,0.27,0.06
2977,0.1458780438164646,0.0,0.0,2.7755575615628914e-17,0.0,0.14587804381646463,0.0,1.3894547974218356,0.27,0.06
2978,0.10550318607224894,0.0,0.0,0.0,0.0,0.10550318607224894,0.0,1.2783988120826262,0.27,0.06
2979,0.07247679660734294,0.0,0.0,2.7755575615628914e-17,0.0,0.07247679660734296,0.0,1.2021074472327915,0.27,0.06
2980,0.02688936930470725,0.0,0.0,0.0,0.0,0.02688936930470725,0.0,1.1738028479646787,0.27,0.06
2981,0.04272476416797474,0.0,0.0,0.0,0.0,0.04272476416797474,0.0,1.1288294119983895,0.27,0.06
2982,0.026011402377255168,0.0,0.0,0.0,0.0,0.026011402377255168,0.0,1.101448988443384,0.27,0.06
2983,0.025282940525938106,0.007670461197658946,0.0,0.0,0.0,0.01761247932827916,0.0,1.0829095365188797,0.27,0.06
2984,0.06322249768063726,0.07032021612943622,0.0,0.007097718448798959,0.0,0.0,0.0,1.0829095365188797,0.27,0.06
2985,0.23295410903749314,0.15419004934455746,0.0,0.0,0.0,0.07876405969293568,0.0,1.0,0.27,0.06
2986,0.13475055727208676,0.30507307350210017,0.0,0.1703225162300134,0.0,0.0,0.0,1.0,0.27,0.06
2987,0.14618580230070066,0.6482228675602438,0.0,0.5020370652595432,0.0,0.0,0.0,1.0,0.27,0.06
2988,0.08414720202208756,0.8396628811640912,0.0,0.7555156791420036,0.0,0.0,0.0,1.0,0.27,0.06
2989,0.24320101721204096,0.9594047514772459,0.0,0.3445149381174666,0.3716887961477384,0.0,0.0,1.3531043563403515,0.27,0.06
2990,0.10439763194156224,0.8580352433141725,0.0,0.0,0.7536376113726102,0.0,0.0,2.069060087144331,0.27,0.06
2991,0.15700500807236725,0.7006300305933506,0.0,-1.1102230246251565e-16,0.5436250225209834,0.0,0.0,2.5855038585392656,0.27,0.06
2992,0.10425465547137187,0.49862590875320667,0.0,0.0,0.3943712532818348,0.0,0.0,2.9601565491570088,0.27,0.06
2993,0.26932810648663724,0.2913856637002896,0.0,-0.0,0.02205755721365238,0.0,0.0,2.9811112285099783,0.27,0.06
2994,0.35019481459359875,0.30176604831508563,0.0,0.0,0.0,0.04842876627851311,0.0,2.930133579795754,0.27,0.06
2995,0.29517890515765094,0.2212491711923542,0.0,0.0,0.0,0.07392973396529673,0.0,2.852312807200705,0.27,0.06
2996,0.23761122480213237,0.0628794094586533,0.0,0.0,0.0,0.1747318153434791,0.0,2.6683845805233584,0.27,0.06
2997,0.28610570975985317,0.0055117086450243965,0.0,0.0,0.0,0.2805940011148288,0.0,2.3730224740866963,0.27,0.06
2998,0.300455324482211,0.0,0.0,0.0,0.0,0.300455324482211,0.0,2.0567537114738426,0.27,0.06
2999,0.22857458959762517,0.0,0.0,0.0,0.0,0.22857458959762517,0.0,1.8161488803184478,0.27,0.06
3000,0.15671122080485245,0.0,0.0,0.0,0.0,0.15671122080485245,0.0,1.6511897005238663,0.27,0.06
3001,0.2414330707221983,0.0,0.0,2.7755575615628914e-17,0.0,0.24143307072219833,0.0,1.397049626079447,0.27,0.06
3002,0.11578508757466081,0.0,0.0,0.0,0.0,0.11578508757466081,0.0,1.2751705865271723,0.27,0.06
3003,0.0659051018633415,0.0,0.0,2.7755575615628914e-17,0.0,0.06590510186334153,0.0,1.205796795092076,0.27,0.06
3004,0.044858573734962,0.0,0.0,0.0,0.0,0.044858573734962,0.0,1.158577243792116,0.27,0.06
3005,0.06334497432816105,0.0,0.0,5.551115123125783e-17,0.0,0.06334497432816111,0.0,1.0918983234466832,0.27,0.06
3006,0.05475150089518462,0.0,0.0,0.0,0.0,0.05475150089518462,0.0,1.0342651646096468,0.27,0.06
3007,0.02320880241728605,0.002939577944013005,0.0,0.0,0.0,0.020269224473273045,0.0,1.0129291388483068,0.27,0.06
3008,0.04852216624692682,0.03623948434103539,0.0,0.0,0.0,0.012282681905891428,0.0,1.0,0.27,0.06
3009,0.0329409952991485,0.1050439805930899,0.0,0.07210298529394141,0.0,0.0,0.0,1.0,0.27,0.06
3010,0.12609806524136963,0.19359876615648183,0.0,0.0675007009151122,0.0,0.0,0.0,1.0,0.27,0.06
3011,0.05377338515253982,0.31145746934925345,0.0,0.2576840841967136,0.0,0.0,0.0,1.0,0.27,0.06
3012,0.10208454685533175,0.4319342341484116,0.0,0.32984968729307984,0.0,0.0,0.0,1.0,0.27,0.06
3013,0.09473529514330889,0.5938406755960031,0.0,0.1691808215444912,0.32992455890820294,0.0,0.0,1.3134283309627928,0.27,0.06
3014,0.1190881704663557,0.8728709257503632,0.0,0.0,0.7537827552840075,0.0,0.0,2.0295219484826,0.27,0.06
3015,0.07609625574312112,0.7024672668083589,0.0,-1.1102230246251565e-16,0.626371011065238,0.0,0.0,2.624574408994576,0.27,0.06
3016,0.04202750905307368,0.4897153131104174,0.0,0.0,0.4476878040573437,0.0,0.0,3.0498778228490524,0.27,0.06
3017,0.024343474130486337,0.33033507145846197,0.0,-1.1102230246251565e-16,0.30599159732797576,0.0,0.0,3.3405698403106294,0.27,0.06
3018,0.03393869685962767,0.2799947991672393,0.0,0.0,0.24605610230761163,0.0,0.0,3.5743231375028603,0.27,0.06
3019,0.038351251045576046,0.159747688894957,0.0,-0.0,0.12139643784938095,0.0,0.0,3.689649753459772,0.27,0.06
3020,0.028017381839843876,0.06503816201128784,0.0,-0.0,0.037020780171443966,0.0,0.0,3.724819494622644,0.27,0.06
3021,0.02271759010600185,0.005925086793401221,0.0,0.0,0.0,0.016792503312600626,0.0,3.7071431753462223,0.27,0.06
3022,0.05489460793749391,0.0,0.0,0.0,0.0,0.05489460793749391,0.0,3.6493593775172815,0.27,0.06
3023,0.023796638096552785,0.0,0.0,0.0,0.0,0.023796638096552785,0.0,3.624310284784068,0.27,0.06
3024,0.023894436613605338,0.0,0.0,0.0,0.0,0.023894436613605338,0.0,3.5991582462434306,0.27,0.06
3025,0.04730014178618551,0.0,0.0,0.0,0.0,0.04730014178618551,0.0,3.549368623310604,0.27,0.06
3026,0.02363642610666819,0.0,0.0,0.0,0.0,0.02363642610666819,0.0,3.524488174777269,0.27,0.06
3027,0.04019466822014011,0.0,0.0,6.938893903907228e-18,0.0,0.04019466822014012,0.0,3.4821779977034373,0.27,0.06
3028,0.03931865987447143,0.0,0.0,0.0,0.0,0.03931865987447143,0.0,3.440789934677678,0.27,0.06
3029,0.024408629617815116,0.0,0.0,3.469446951953614e-18,0.0,0.02440862961781512,0.0,3.4150966403431355,0.27,0.06
3030,0.03231777457566121,0.0,0.0,0.0,0.0,0.03231777457566121,0.0,3.3810779302634923,0.27,0.06
3031,0.042546663797801525,0.005144261402022765,0.0,0.0,0.0,0.03740240239577876,0.0,3.341706980373199,0.27,0.06
3032,0.02217924125979645,0.05709211538137769,0.0,-0.0,0.03491287412158124,0.0,0.0,3.374874210788701,0.27,0.06
3033,0.027918538745840164,0.1552005292628118,0.0,-0.0,0.12728199051697164,0.0,0.0,3.495792101779824,0.27,0.06
3034,0.043104859606078974,0.21945786588272115,0.0,-0.0,0.1763530062766422,0.0,0.0,3.663327457742634,0.27,0.06
3035,0.02194434201790377,0.32427219194893514,0.0,-0.0,0.30232784993103134,0.0,0.0,3.9505389151771135,0.27,0.06
3036,0.021770289383416307,0.2776063920877285,0.0,-1.1102230246251565e-16,0.25583610270431234,0.0,0.0,4.19358321274621,0.27,0.06
3037,0.034384078357179604,0.16167678692071552,0.0,3.608224830031759e-16,0.12729270856353556,0.0,0.0,4.314511285881569,0.27,0.06
3038,0.022332271783141736,0.1973191694918732,0.0,0.0,0.17498689770873146,0.0,0.0,4.480748838704864,0.27,0.06
3039,0.04410425860410368,0.15106674777904366,0.0,9.71445146547012e-17,0.10696248917493989,0.0,0.0,4.582363203421057,0.27,0.06
3040,0.02335269289230871,0.1276879169430652,0.0,0.0,0.10433522405075649,0.0,0.0,4.681481666269275,0.27,0.06
3041,0.03587978197912546,0.1585534853552016,0.0,0.0,0.12267370337607615,0.0,0.0,4.798021684476548,0.27,0.06
3042,0.21980980554465823,0.11730753232826921,0.0,0.0,0.0,0.10250227321638902,0.0,4.690124554775085,0.27,0.06
3043,0.22630785761360245,0.06774808542842484,0.0,0.0,0.0,0.1585597721851776,0.0,4.523219531422267,0.27,0.06
3044,0.16008651007829638,0.025353859767112213,0.0,0.0,0.0,0.13473265031118417,0.0,4.381395688989442,0.27,0.06
3045,0.08415581978193462,0.0033070251870146354,0.0,0.0,0.0,0.08084879459491999,0.0,4.296291694679,0.27,0.06
3046,0.17308953453848694,0.0,0.0,0.0,0.0,0.17308953453848694,0.0,4.114092184638487,0.27,0.06
3047,0.17600651567460812,0.0,0.0,0.0,0.0,0.17600651567460812,0.0,3.9288221681388995,0.27,0.06
3048,0.16459607934858406,0.0,0.0,0.0,0.0,0.16459607934858406,0.0,3.755563137245653,0.27,0.06
3049,0.07724111208159525,0.0,0.0,0.0,0.0,0.07724111208159525,0.0,3.6742567034755527,0.27,0.06
3050,0.04551365405545982,0.0,0.0,0.0,0.0,0.04551365405545982,0.0,3.6263475939434895,0.27,0.06
3051,0.06890382114589144,0.0,0.0,0.0,0.0,0.06890382114589144,0.0,3.553817255895183,0.27,0.06
3052,0.044347645033724625,0.0,0.0,0.0,0.0,0.044347645033724625,0.0,3.507135524280736,0.27,0.06
3053,0.050945193057267246,0.0,0.0,0.0,0.0,0.050945193057267246,0.0,3.4535090052730864,0.27,0.06
3054,0.06203559711987881,0.0,0.0,0.0,0.0,0.06203559711987881,0.0,3.3882083767258457,0.27,0.06
3055,0.04344199681706669,0.0004133781483768295,0.0,0.0,0.0,0.04302861866868986,0.0,3.3429150939166985,0.27,0.06
3056,0.08744153658181639,0.03307025187014635,0.0,0.0,0.0,0.054371284711670034,0.0,3.2856821626412565,0.27,0.06
3057,0.2306116452245111,0.08019536078510493,0.0,0.0,0.0,0.1504162844394062,0.0,3.1273492316524076,0.27,0.06
3058,0.17872267689186844,0.139400297813742,0.0,0.0,0.0,0.03932237907812644,0.0,3.0859572536754323,0.27,0.06
3059,0.09210975097656175,0.2771470830339765,0.0,-0.0,0.18503733205741474,0.0,0.0,3.2617427191299764,0.27,0.06
3060,0.11295572033031806,0.28206168990912317,0.0,-0.0,0.1691059695788051,0.0,0.0,3.4223933902298413,0.27,0.06
3061,0.3053174384735158,0.3200465486544164,0.0,-0.0,0.014729110180900618,0.0,0.0,3.4363860449016967,0.27,0.06
3062,0.18098509999596768,0.4930223382974321,0.0,-5.551115123125783e-17,0.31203723830146446,0.0,0.0,3.732821421288088,0.27,0.06
3063,0.25386301415255724,0.5001875595359638,0.0,-8.326672684688674e-16,0.24632454538340742,0.0,0.0,3.966829739402325,0.27,0.06
3064,0.17168510082764868,0.4306022378925308,0.0,0.0,0.2589171370648822,0.0,0.0,4.212801019613963,0.27,0.06
3065,0.08910633109773168,0.2652050476364237,0.0,1.2490009027033011e-15,0.17609871653869077,0.0,0.0,4.380094800325719,0.27,0.06
3066,0.08743657484129838,0.1467033117683993,0.0,0.0,0.05926673692710091,0.0,0.0,4.436398200406465,0.27,0.06
3067,0.128286715098293,0.17132227704950823,0.0,0.0,0.04303556195121522,0.0,0.0,4.47728198426012,0.27,0.06
3068,0.22697743143929763,0.08745244383438708,0.0,0.0,0.0,0.13952498760491056,0.0,4.3304135762549505,0.27,0.06
3069,0.23815114051376413,0.012125759019053666,0.0,0.0,0.0,0.22602538149471046,0.0,4.092492122049992,0.27,0.06
3070,0.2529662448399837,0.0,0.0,0.0,0.0,0.2529662448399837,0.0,3.8262118643236938,0.27,0.06
3071,0.1947241594903708,0.0,0.0,0.0,0.0,0.1947241594903708,0.0,3.6212390648601454,0.27,0.06
3072,0.1404043300202538,0.0,0.0,0.0,0.0,0.1404043300202538,0.0,3.4734450332598783,0.27,0.06
3073,0.03926212214698983,0.0,0.0,0.0,0.0,0.03926212214698983,0.0,3.432116483631468,0.27,0.06
3074,0.04380093957190992,0.0,0.0,-1.3877787807814457e-17,0.0,0.043800939571909905,0.0,3.38601023145051,0.27,0.06
3075,0.02693102181063487,0.0,0.0,0.0,0.0,0.02693102181063487,0.0,3.3576617874393153,0.27,0.06
3076,0.053869225087808933,0.0,0.0,0.0,0.0,0.053869225087808933,0.0,3.300957339978464,0.27,0.06
3077,0.03679574539317614,0.0,0.0,0.0,0.0,0.03679574539317614,0.0,3.2622249764066997,0.27,0.06
3078,0.025953297784346727,0.0,0.0,1.3877787807814457e-17,0.0,0.02595329778434674,0.0,3.2349057155810717,0.27,0.06
3079,0.04617709099156689,0.006108810414902045,0.0,0.0,0.0,0.040068280576664846,0.0,3.1927285781319505,0.27,0.06
3080,0.09924355869240743,0.05507115554486874,0.0,0.0,0.0,0.044172403147538696,0.0,3.1462313116608573,0.27,0.06
3081,0.20031708563113282,0.06646202007791914,0.0,0.0,0.0,0.1338550655532137,0.0,3.0053312426574745,0.27,0.06
3082,0.1506150697178679,0.1625035432174693,0.0,-0.0,0.011888473499601399,0.0,0.0,3.0166252924820958,0.27,0.06
3083,0.06797049164002769,0.18331024335243631,0.0,-0.0,0.11533975171240862,0.0,0.0,3.126198056608884,0.27,0.06
3084,0.2182173479826106,0.12139538290666237,0.0,0.0,0.0,0.09682196507594824,0.0,3.0242801986342016,0.27,0.06
3085,0.12329664043047063,0.12020117936690697,0.0,0.0,0.0,0.003095461063563662,0.0,3.0210218185672923,0.27,0.06
3086,0.10970408285346811,0.08887630190101829,0.0,0.0,0.0,0.020827780952449818,0.0,2.9990978386173452,0.27,0.06
3087,0.15285660128294407,0.06765622361767443,0.0,0.0,0.0,0.08520037766526964,0.0,2.90941323054864,0.27,0.06
3088,0.07483754051697025,0.061685205918898006,0.0,0.0,0.0,0.013152334598072246,0.0,2.8955686678138273,0.27,0.06
3089,0.1272292115073598,0.050064686858971565,0.0,0.0,0.0,0.07716452464838824,0.0,2.8143428523944714,0.27,0.06
3090,0.06888136274144144,0.03417259359915123,0.0,0.0,0.0,0.03470876914229021,0.0,2.777807305928903,0.27,0.06
3091,0.22958848210084748,0.019061325730709358,0.0,0.0,0.0,0.21052715637013814,0.0,2.556199772907705,0.27,0.06
3092,0.2503531050245321,0.007532668481533338,0.0,0.0,0.0,0.24282043654299879,0.0,2.3005993133887586,0.27,0.06
3093,0.1890662084343987,0.0,0.0,0.0,0.0,0.1890662084343987,0.0,2.1015822518788654,0.27,0.06
3094,0.3194539594978367,0.0,0.0,0.0,0.0,0.3194539594978367,0.0,1.7653149260916687,0.27,0.06
3095,0.1327896251905169,0.0,0.0,0.0,0.0,0.1327896251905169,0.0,1.6255363732595458,0.27,0.06
3096,0.18978487737679894,0.0,0.0,0.0,0.0,0.18978487737679894,0.0,1.4257628181260733,0.27,0.06
3097,0.06340516807497187,0.0,0.0,0.0,0.0,0.06340516807497187,0.0,1.3590205359418923,0.27,0.06
3098,0.04690307197262485,0.0,0.0,0.0,0.0,0.04690307197262485,0.0,1.3096488812338662,0.27,0.06
3099,0.02530879380547943,0.0,0.0,0.0,0.0,0.02530879380547943,0.0,1.283008045649151,0.27,0.06
3100,0.04167509490417524,0.0,0.0,-3.469446951953614e-17,0.0,0.0416750949041752,0.0,1.2391395246973878,0.27,0.06
3101,0.028591507446626595,0.0,0.0,0.0,0.0,0.028591507446626595,0.0,1.2090432010693597,0.27,0.06
3102,0.023029265753804984,0.0,0.0,0.0,0.0,0.023029265753804984,0.0,1.1848018686969333,0.27,0.06
3103,0.11092232072276137,0.005879155888026026,0.0,0.0,0.0,0.10504316483473534,0.0,1.074230116239317,0.27,0.06
3104,0.05349957541921625,0.0436343601064431,0.0,0.0,0.0,0.009865215312773151,0.0,1.0638456790679771,0.27,0.06
3105,0.14727908265221157,0.08662568753763339,0.0,0.0,0.0,0.06065339511457818,0.0,1.0,0.27,0.06
3106,0.07081800840889682,0.15506273654668637,0.0,0.08424472813778955,0.0,0.0,0.0,1.0,0.27,0.06
3107,0.12465002044282057,0.4519141779866251,0.0,0.16613043614907028,0.16113372139473423,0.0,0.0,1.1530770353249975,0.27,0.06
3108,0.17222932541920438,0.6094112525181972,0.0,0.4371819270989928,0.0,0.0,0.0,1.1530770353249975,0.27,0.06
3109,0.1845476296879075,0.5414335125628964,0.0,-0.0,0.3568858828749889,0.0,0.0,1.492118624056237,0.27,0.06
3110,0.0793883705768288,0.6634719281448113,0.0,-0.0,0.5840835575679825,0.0,0.0,2.0469980037458204,0.27,0.06
3111,0.08873002225107537,0.5105679441507597,0.0,-0.0,0.4218379218996843,0.0,0.0,2.4477440295505204,0.27,0.06
3112,0.15494236031017755,0.38292595811306984,0.0,0.2279835978028923,0.0,0.0,0.0,2.4477440295505204,0.27,0.06
3113,0.1801132699581035,0.3406695251678827,0.0,0.16055625520977918,0.0,0.0,0.0,2.4477440295505204,0.27,0.06
3114,0.22480562538571186,0.23828953708655468,0.0,0.013483911700842816,0.0,0.0,0.0,2.4477440295505204,0.27,0.06
3115,0.11869828211933413,0.10081833729857119,0.0,0.0,0.0,0.01787994482076294,0.0,2.4289230350023487,0.27,0.06
3116,0.14694651546538506,0.043266912863441497,0.0,0.0,0.0,0.10367960260194356,0.0,2.319786611210829,0.27,0.06
3117,0.18971854674039962,0.00762453029228374,0.0,0.0,0.0,0.18209401644811588,0.0,2.128108699160181,0.27,0.06
3118,0.2335877755304919,0.0,0.0,0.0,0.0,0.2335877755304919,0.0,1.882226830180716,0.27,0.06
3119,0.18724851396725714,0.0,0.0,0.0,0.0,0.18724851396725714,0.0,1.6851231312678134,0.27,0.06
3120,0.1763003029421227,0.0,0.0,0.0,0.0,0.1763003029421227,0.0,1.4995438650129476,0.27,0.06
3121,0.13545212126691125,0.0,0.0,0.0,0.0,0.13545212126691125,0.0,1.3569626847319884,0.27,0.06
3122,0.05388371859300638,0.0,0.0,0.0,0.0,0.05388371859300638,0.0,1.3002429809498766,0.27,0.06
3123,0.07729595237153127,0.0,0.0,0.0,0.0,0.07729595237153127,0.0,1.218878820558791,0.27,0.06
3124,0.05290965058604725,0.0,0.0,0.0,0.0,0.05290965058604725,0.0,1.1631844515208467,0.27,0.06
3125,0.07358156730531619,0.0,0.0,0.0,0.0,0.07358156730531619,0.0,1.0857301701468296,0.27,0.06
3126,0.049076575463756315,0.0,0.0,0.0,0.0,0.049076575463756315,0.0,1.0340706170270861,0.27,0.06
3127,0.0296513613357,0.010610039141671954,0.0,3.469446951953614e-18,0.0,0.01904132219402805,0.0,1.014027119980741,0.27,0.06
3128,0.10142124049134363,0.08809547650963985,0.0,0.0,0.0,0.013325763981703778,0.0,1.0,0.27,0.06
3129,0.18863714845170912,0.19617089685749317,0.0,0.007533748405784052,0.0,0.0,0.0,1.0,0.27,0.06
3130,0.07308460982080063,0.32762514804132503,0.0,0.2545405382205244,0.0,0.0,0.0,1.0,0.27,0.06
3131,0.06351328178941712,0.68685075898079,0.0,0.6233374771913729,0.0,0.0,0.0,1.0,0.27,0.06
3132,0.12897469959275243,0.8732843038987401,0.0,0.7443096043059877,0.0,0.0,0.0,1.0,0.27,0.06
3133,0.11415881183381955,0.9584402024643667,0.0,-0.0,0.8442813906305471,0.0,0.0,1.8020673210990197,0.27,0.06
3134,0.11184546560335118,0.9082836537946447,0.0,0.5827542084330859,0.21368397975820763,0.0,0.0,2.005067101869317,0.27,0.06
3135,0.08790872362322381,0.7272699557109688,0.0,0.639361232087745,0.0,0.0,0.0,2.005067101869317,0.27,0.06
3136,0.1802798799818143,0.5213617069139321,0.0,-0.0,0.34108182693211786,0.0,0.0,2.329094837454829,0.27,0.06
3137,0.07686284465315552,0.3332287184970998,0.0,0.25636587384394427,0.0,0.0,0.0,2.329094837454829,0.27,0.06
3138,0.15770108803819788,0.31600462898139847,0.0,0.0,0.1583035409432006,0.0,0.0,2.4794832013508694,0.27,0.06
3139,0.17158351571914796,0.20319832537989935,0.0,0.03161480966075139,0.0,0.0,0.0,2.4794832013508694,0.27,0.06
3140,0.18949213468623544,0.06494630020053742,0.0,0.0,0.0,0.12454583448569802,0.0,2.3483823229448717,0.27,0.06
3141,0.18516419123333144,0.009967006466419116,0.0,0.0,0.0,0.17519718476691232,0.0,2.1639642337165426,0.27,0.06
3142,0.27104382412892175,0.0,0.0,0.0,0.0,0.27104382412892175,0.0,1.878654945159783,0.27,0.06
3143,0.2448334298424702,0.0,0.0,0.0,0.0,0.2448334298424702,0.0,1.6209355453256042,0.27,0.06
3144,0.16425163009893817,0.0,0.0,0.0,0.0,0.16425163009893817,0.0,1.4480390925898798,0.27,0.06
3145,0.12320158392791487,0.0,0.0,0.0,0.0,0.12320158392791487,0.0,1.318353214771022,0.27,0.06
3146,0.11877766996762251,0.0,0.0,0.0,0.0,0.11877766996762251,0.0,1.1933240884893141,0.27,0.06
3147,0.046514228202554624,0.0,0.0,0.0,0.0,0.046514228202554624,0.0,1.144361743012941,0.27,0.06
3148,0.051040641276179716,0.0,0.0,0.0,0.0,0.051040641276179716,0.0,1.0906347521959097,0.27,0.06
3149,0.024994637287417312,0.0,0.0,0.0,0.0,0.024994637287417312,0.0,1.0643246076828388,0.27,0.06
3150,0.047895289504110386,0.0,0.0,0.0,0.0,0.047895289504110386,0.0,1.0139085134679857,0.27,0.06
3151,0.024190574179259954,0.01097748638467359,0.0,0.0,0.0,0.013213087794586364,0.0,1.0,0.27,0.06
3152,0.030310228247645628,0.08391576412049637,0.0,0.05360553587285074,0.0,0.0,0.0,1.0,0.27,0.06
3153,0.10615669952732006,0.20338204900140006,0.0,0.09722534947408,0.0,0.0,0.0,1.0,0.27,0.06
3154,0.07414302741656606,0.3704327518510145,0.0,0.29628972443444845,0.0,0.0,0.0,1.0,0.27,0.06
3155,0.07821191578558193,0.6921328130989383,0.0,0.6139208973133563,0.0,0.0,0.0,1.0,0.27,0.06
3156,0.14984208277400798,0.872457547601986,0.0,0.4572864036106866,0.2653290612172914,0.0,0.0,1.2520626081564268,0.27,0.06
3157,0.09843818986306113,0.966661834526528,0.0,0.8682236446634668,0.0,0.0,0.0,1.2520626081564268,0.27,0.06
3158,0.10834743853814569,0.9289984921188615,0.0,-0.0,0.8206510535807159,0.0,0.0,2.031681109058107,0.27,0.06
3159,0.2062831868876977,0.7468824523061806,0.0,0.5405992654184828,0.0,0.0,0.0,2.031681109058107,0.27,0.06
3160,0.23270197427590583,0.5366566984038752,0.0,-0.0,0.30395472412796937,0.0,0.0,2.320438096979678,0.27,0.06
3161,0.2519813393471563,0.36386463238236033,0.0,0.11188329303520406,0.0,0.0,0.0,2.320438096979678,0.27,0.06
3162,0.17448587277795294,0.31903606873616197,0.0,-0.0,0.14455019595820903,0.0,0.0,2.4577607831399764,0.27,0.06
3163,0.11423467423489775,0.20627569604003795,0.0,0.0920410218051402,0.0,0.0,0.0,2.4577607831399764,0.27,0.06
3164,0.10454335042624949,0.06251196221565171,0.0,0.0,0.0,0.04203138821059778,0.0,2.413517216602505,0.27,0.06
3165,0.2089659216425209,0.010196660993295128,0.0,0.0,0.0,0.19876926064922576,0.0,2.204286415919109,0.27,0.06
3166,0.18687886429866443,0.0,0.0,0.0,0.0,0.18687886429866443,0.0,2.007571821920515,0.27,0.06
3167,0.18117273213082025,0.0,0.0,0.0,0.0,0.18117273213082025,0.0,1.8168636828354416,0.27,0.06
3168,0.14453132298217838,0.0,0.0,2.7755575615628914e-17,0.0,0.1445313229821784,0.0,1.664725448117359,0.27,0.06
3169,0.1874719228626872,0.0,0.0,0.0,0.0,0.1874719228626872,0.0,1.4673865819461094,0.27,0.06
3170,0.17276297366912938,0.0,0.0,2.7755575615628914e-17,0.0,0.1727629736691294,0.0,1.2855308201891311,0.27,0.06
3171,0.05529193889529231,0.0,0.0,0.0,0.0,0.05529193889529231,0.0,1.2273287792467182,0.27,0.06
3172,0.051386004530657815,0.0,0.0,0.0,0.0,0.051386004530657815,0.0,1.1732382481618153,0.27,0.06
3173,0.06307690976806901,0.0,0.0,0.0,0.0,0.06307690976806901,0.0,1.106841501037532,0.27,0.06
3174,0.04784658610376244,0.0,0.0,0.0,0.0,0.04784658610376244,0.0,1.0564766735598874,0.27,0.06
3175,0.06463032626656656,0.010977486384673583,0.0,0.0,0.0,0.05365283988189298,0.0,1.0,0.27,0.06
3176,0.04413585705687644,0.10022123552869347,0.0,0.05608537847181703,0.0,0.0,0.0,1.0,0.27,0.06
3177,0.12636939410443418,0.213762433616196,0.0,0.08739303951176183,0.0,0.0,0.0,1.0,0.27,0.06
3178,0.09749885403972819,0.3867382232592116,0.0,0.2892393692194834,0.0,0.0,0.0,1.0,0.27,0.06
3179,0.033774045417700654,0.6937403947870703,0.0,0.6599663493693696,0.0,0.0,0.0,1.0,0.27,0.06
3180,0.041361330102469784,0.8697476241848491,0.0,0.8283862940823793,0.0,0.0,0.0,1.0,0.27,0.06
3181,0.1643332376732478,0.9586698569912426,0.0,0.16993657708244636,0.6244000422355485,0.0,0.0,1.593180040123771,0.27,0.06
3182,0.078504919620383,0.9315246919144977,0.0,-1.1102230246251565e-16,0.8530197722941149,0.0,0.0,2.40354882380318,0.27,0.06
3183,0.07256206020098158,0.7527616081942066,0.0,-1.1102230246251565e-16,0.6801995479932251,0.0,0.0,3.049738394396744,0.27,0.06
3184,0.13950129324597405,0.563755932575245,0.0,0.424254639329271,0.0,0.0,0.0,3.049738394396744,0.27,0.06
3185,0.1699244663764642,0.36542628316511744,0.0,0.19550181678865325,0.0,0.0,0.0,3.049738394396744,0.27,0.06
3186,0.2826014152329408,0.3158209053598977,0.0,0.03321949012695691,0.0,0.0,0.0,3.049738394396744,0.27,0.06
3187,0.2323298437370548,0.2031983253798993,0.0,0.0,0.0,0.029131518357155495,0.0,3.0190736382313172,0.27,0.06
3188,0.18731497517577472,0.06264975493177728,0.0,0.0,0.0,0.12466522024399744,0.0,2.8878470906060567,0.27,0.06
3189,0.28632898808316387,0.010931555479298385,0.0,0.0,0.0,0.2753974326038655,0.0,2.597955056286198,0.27,0.06
3190,0.23124387542420233,0.0,0.0,0.0,0.0,0.23124387542420233,0.0,2.3545404505765113,0.27,0.06
3191,0.32910689510352936,0.0,0.0,5.551115123125783e-17,0.0,0.3291068951035294,0.0,2.0081121399412174,0.27,0.06
3192,0.1860142157273399,0.0,0.0,0.0,0.0,0.1860142157273399,0.0,1.8123077023334913,0.27,0.06
3193,0.165309655978347,0.0,0.0,0.0,0.0,0.165309655978347,0.0,1.6382975381457576,0.27,0.06
3194,0.08762681841852882,0.0,0.0,0.0,0.0,0.08762681841852882,0.0,1.5460587819157274,0.27,0.06
3195,0.07183137862364332,0.0,0.0,0.0,0.0,0.07183137862364332,0.0,1.4704468044171555,0.27,0.06
3196,0.04051313361812575,0.0,0.0,0.0,0.0,0.04051313361812575,0.0,1.427801400608602,0.27,0.06
3197,0.03681728979279381,0.0,0.0,0.0,0.0,0.03681728979279381,0.0,1.3890463587214505,0.27,0.06
3198,0.05366292113995438,0.0,0.0,0.0,0.0,0.05366292113995438,0.0,1.3325590733109722,0.27,0.06
3199,0.029328456485671832,0.01097748638467358,0.0,0.0,0.0,0.018350970100998253,0.0,1.3132422626783424,0.27,0.06
3200,0.04549994398297573,0.10026716643406876,0.0,0.05476722245109303,0.0,0.0,0.0,1.3132422626783424,0.27,0.06
3201,0.13192184288833864,0.21073099386143274,0.0,0.0788091509730941,0.0,0.0,0.0,1.3132422626783424,0.27,0.06
3202,0.10675667841364399,0.38719753231296383,0.0,0.28044085389931983,0.0,0.0,0.0,1.3132422626783424,0.27,0.06
3203,0.28759710450187537,0.6790884359723806,0.0,0.3914913314705052,0.0,0.0,0.0,1.3132422626783424,0.27,0.06
3204,0.2380414599338925,0.8475170659832509,0.0,0.0,0.6094756060493585,0.0,0.0,1.8922440884252332,0.27,0.06
3205,0.17764023402622625,0.9227518889878339,0.0,0.0,0.7451116549616077,0.0,0.0,2.6001001606387604,0.27,0.06
3206,0.1553095291085113,0.89932712724648,0.0,-1.1102230246251565e-16,0.7440175981379687,0.0,0.0,3.3069168788698304,0.27,0.06
3207,0.24796272124391533,0.7272240248055933,0.0,0.0,0.479261303561678,0.0,0.0,3.7622151172534246,0.27,0.06
3208,0.3220522140917343,0.5388613818618847,0.0,-1.1102230246251565e-16,0.21680916777015052,0.0,0.0,3.9681838266350677,0.27,0.06
3209,0.309888376639685,0.3569749965760799,0.0,-0.0,0.0470866199363949,0.0,0.0,4.012916115574643,0.27,0.06
3210,0.27082400596676165,0.32463963919193667,0.0,-0.0,0.05381563322517502,0.0,0.0,4.064040967138559,0.27,0.06
3211,0.2298210310445999,0.20751583048516845,0.0,0.0,0.0,0.022305200559431443,0.0,4.040561808654947,0.27,0.06
3212,0.2559312765158589,0.06471664567366142,0.0,0.0,0.0,0.19121463084219747,0.0,3.839283249873686,0.27,0.06
3213,0.28311782796317203,0.011758311776052039,0.0,0.0,0.0,0.27135951618712,0.0,3.553641653887244,0.27,0.06
3214,0.31138825856943503,0.0,0.0,0.0,0.0,0.31138825856943503,0.0,3.225864539603628,0.27,0.06
3215,0.3233538875450019,0.0,0.0,0.0,0.0,0.3233538875450019,0.0,2.8854920263983628,0.27,0.06
3216,0.2625546778189433,0.0,0.0,0.0,0.0,0.2625546778189433,0.0,2.609118681325791,0.27,0.06
3217,0.16547391570391723,0.0,0.0,0.0,0.0,0.16547391570391723,0.0,2.434935612163773,0.27,0.06
3218,0.12186557000737794,0.0,0.0,2.7755575615628914e-17,0.0,0.12186557000737797,0.0,2.3066560647875862,0.27,0.06
3219,0.12285138950503761,0.0,0.0,0.0,0.0,0.12285138950503761,0.0,2.1773388126770206,0.27,0.06
3220,0.12302909815885413,0.0,0.0,0.0,0.0,0.12302909815885413,0.0,2.047834498825595,0.27,0.06
3221,0.1246197277112368,0.0,0.0,0.0,0.0,0.1246197277112368,0.0,1.9166558380769247,0.27,0.06
3222,0.09739296005130407,0.0,0.0,0.0,0.0,0.09739296005130407,0.0,1.8141369327597625,0.27,0.06
3223,0.06667782766296405,0.011436795438425622,0.0,0.0,0.0,0.05524103222453843,0.0,1.7559884777865642,0.27,0.06
3224,0.08435272253722881,0.1036660534318338,0.0,0.01931333089460499,0.0,0.0,0.0,1.7559884777865642,0.27,0.06
3225,0.25277730698394246,0.2385191916134306,0.0,0.0,0.0,0.014258115370511859,0.0,1.7409799352912885,0.27,0.06
3226,0.07408426996306312,0.40024190943952126,0.0,0.32615763947645815,0.0,0.0,0.0,1.7409799352912885,0.27,0.06
3227,0.06412905990212744,0.6662737133726989,0.0,0.6021446534705714,0.0,0.0,0.0,1.7409799352912885,0.27,0.06
3228,0.18673197066490724,0.796028521057648,0.0,0.6092965503927408,0.0,0.0,0.0,1.7409799352912885,0.27,0.06
3229,0.128295463430259,0.7847754492407232,0.0,0.0,0.6564799858104642,0.0,0.0,2.3646359218112294,0.27,0.06
3230,0.1061312379641355,0.8268022276590343,0.0,-1.1102230246251565e-16,0.720670989694899,0.0,0.0,3.0492733620213834,0.27,0.06
3231,0.1875318554652598,0.7333787661258708,0.0,0.545846910660611,0.0,0.0,0.0,3.0492733620213834,0.27,0.06
3232,0.16943325406517995,0.5780404441469332,0.0,0.4086071900817533,0.0,0.0,0.0,3.0492733620213834,0.27,0.06
3233,0.08646511827671718,0.37392350065953,0.0,0.28745838238281285,0.0,0.0,0.0,3.0492733620213834,0.27,0.06
3234,0.07634525677385451,0.34117476512700995,0.0,0.26482950835315544,0.0,0.0,0.0,3.0492733620213834,0.27,0.06
3235,0.08267983254994186,0.20958272122705265,0.0,0.1269028886771108,0.0,0.0,0.0,3.0492733620213834,0.27,0.06
3236,0.3327779302262712,0.06848297991442809,0.0,0.0,0.0,0.26429495031184314,0.0,2.7710681511668116,0.27,0.06
3237,0.138104432718032,0.009553628318042278,0.0,0.0,0.0,0.12855080439998973,0.0,2.6357515149562962,0.27,0.06
3238,0.2684284645874485,0.0,0.0,0.0,0.0,0.2684284645874485,0.0,2.3531952364431925,0.27,0.06
3239,0.21843155154365831,0.0,0.0,0.0,0.0,0.21843155154365831,0.0,2.123267287449868,0.27,0.06
3240,0.1739048268488691,0.0,0.0,0.0,0.0,0.1739048268488691,0.0,1.9402095749773742,0.27,0.06
3241,0.10866303134951563,0.0,0.0,0.0,0.0,0.10866303134951563,0.0,1.8258274367147262,0.27,0.06
3242,0.027545494202156188,0.0,0.0,0.0,0.0,0.027545494202156188,0.0,1.796832179659825,0.27,0.06
3243,0.04909433327192606,0.0,0.0,2.0816681711721685e-17,0.0,0.04909433327192608,0.0,1.745153934110429,0.27,0.06
3244,0.03958646329032568,0.0,0.0,0.0,0.0,0.03958646329032568,0.0,1.7034839727521913,0.27,0.06
3245,0.04823934703739963,0.0,0.0,0.0,0.0,0.04823934703739963,0.0,1.6527057127128233,0.27,0.06
3246,0.032439467790471674,0.0,0.0,1.3877787807814457e-17,0.0,0.03243946779047169,0.0,1.6185589045123268,0.27,0.06
3247,0.02685228682294102,0.008359424778286991,0.0,0.0,0.0,0.01849286204465403,0.0,1.5990927339390066,0.27,0.06
3248,0.07551377352072913,0.07569413205833499,0.0,0.00018035853760585419,0.0,0.0,0.0,1.5990927339390066,0.27,0.06
3249,0.16190302939636814,0.09112691626440338,0.0,0.0,0.0,0.07077611313196476,0.0,1.524591562221149,0.27,0.06
3250,0.07794437351396544,0.22340792374498877,0.0,0.14546355023102334,0.0,0.0,0.0,1.524591562221149,0.27,0.06
3251,0.0808808098958022,0.1908888427393448,0.0,0.11000803284354262,0.0,0.0,0.0,1.524591562221149,0.27,0.06
3252,0.09375509024676162,0.43110747785165804,0.0,0.3373523876048964,0.0,0.0,0.0,1.524591562221149,0.27,0.06
3253,0.1512176600465699,0.8196370064205025,0.0,0.6684193463739326,0.0,0.0,0.0,1.524591562221149,0.27,0.06
3254,0.09301683548652756,0.5403311708338916,0.0,0.44731433534736403,0.0,0.0,0.0,1.524591562221149,0.27,0.06
3255,0.07231501775203156,0.5587494638893479,0.0,0.48643444613731635,0.0,0.0,0.0,1.524591562221149,0.27,0.06
3256,0.05811138265859887,0.49568633080919394,0.0,-1.1102230246251565e-16,0.43757494815059517,0.0,0.0,1.9402877629642143,0.27,0.06
3257,0.06827864184062062,0.29473861979267935,0.0,0.22645997795205874,0.0,0.0,0.0,1.9402877629642143,0.27,0.06
3258,0.07173736669803875,0.24710827091859372,0.0,-8.326672684688674e-17,0.17537090422055504,0.0,0.0,2.1068901219737417,0.27,0.06
3259,0.1610084798098163,0.24609779100033913,0.0,0.08508931119052282,0.0,0.0,0.0,2.1068901219737417,0.27,0.06
3260,0.14648794618382469,0.11432202347888101,0.0,0.0,0.0,0.03216592270494367,0.0,2.0730312559685378,0.27,0.06
3261,0.18509237656793875,0.014835682436190652,0.0,0.0,0.0,0.1702566941317481,0.0,1.8938136831982768,0.27,0.06
3262,0.3085900980615085,0.0,0.0,0.0,0.0,0.3085900980615085,0.0,1.5689820010282678,0.27,0.06
3263,0.12254101957842337,0.0,0.0,0.0,0.0,0.12254101957842337,0.0,1.4399914541036116,0.27,0.06
3264,0.13337785258614032,0.0,0.0,0.0,0.0,0.13337785258614032,0.0,1.2995937145392533,0.27,0.06
3265,0.06534990921379863,0.0,0.0,0.0,0.0,0.06534990921379863,0.0,1.2308043364194654,0.27,0.06
3266,0.0454490208566066,0.0,0.0,0.0,0.0,0.0454490208566066,0.0,1.1829632618335637,0.27,0.06
3267,0.027876233379318084,0.0,0.0,0.0,0.0,0.027876233379318084,0.0,1.1536198582763866,0.27,0.06
3268,0.045602573668427446,0.0,0.0,1.3877787807814457e-17,0.0,0.04560257366842746,0.0,1.1056171491517262,0.27,0.06
3269,0.026138579621059144,0.0,0.0,0.0,0.0,0.026138579621059144,0.0,1.0781028548137692,0.27,0.06
3270,0.02471886897231041,0.0,0.0,0.0,0.0,0.02471886897231041,0.0,1.052082992737653,0.27,0.06
3271,0.04225561854478381,0.01777526038020366,0.0,0.0,0.0,0.02448035816458015,0.0,1.0263141946696739,0.27,0.06
3272,0.03811935496241797,0.11730753232826918,0.0,0.07918817736585121,0.0,0.0,0.0,1.0263141946696739,0.27,0.06
3273,0.16019096777341274,0.2086181722141734,0.0,0.04842720444076065,0.0,0.0,0.0,1.0263141946696739,0.27,0.06
3274,0.06142399731497319,0.28339368616500415,0.0,0.22196968885003096,0.0,0.0,0.0,1.0263141946696739,0.27,0.06
3275,0.05777489830820569,0.495502607187693,0.0,-0.0,0.4377277088794873,0.0,0.0,1.4421555181051868,0.27,0.06
3276,0.152157909874735,0.6181381245394857,0.0,0.4659802146647507,0.0,0.0,0.0,1.4421555181051868,0.27,0.06
3277,0.17016054076742712,0.9578890315998647,0.0,0.7877284908324376,0.0,0.0,0.0,1.4421555181051868,0.27,0.06
3278,0.16043827136660038,0.9210065145835764,0.0,0.760568243216976,0.0,0.0,0.0,1.4421555181051868,0.27,0.06
3279,0.21569469464555358,0.7375584785150141,0.0,0.0,0.5218637838694605,0.0,0.0,1.9379261127811742,0.27,0.06
3280,0.23243652115819183,0.6224556296447548,0.0,0.39001910848656296,0.0,0.0,0.0,1.9379261127811742,0.27,0.06
3281,0.24739564653155294,0.37208626444452164,0.0,0.1246906179129687,0.0,0.0,0.0,1.9379261127811742,0.27,0.06
3282,0.13983425214915712,0.3732804679842771,0.0,-1.1102230246251565e-16,0.2334462158351201,0.0,0.0,2.1597000178245382,0.27,0.06
3283,0.07259848982215338,0.20990423756467894,0.0,0.13730574774252557,0.0,0.0,0.0,2.1597000178245382,0.27,0.06
3284,0.07666985906142831,0.06301720217477885,0.0,0.0,0.0,0.013652656886649461,0.0,2.1453288000491177,0.27,0.06
3285,0.1513226400301616,0.01345775527493456,0.0,0.0,0.0,0.13786488475522704,0.0,2.000207868727826,0.27,0.06
3286,0.2667866507644591,0.0,0.0,0.0,0.0,0.2667866507644591,0.0,1.7193798152915534,0.27,0.06
3287,0.162485642190879,0.0,0.0,0.0,0.0,0.162485642190879,0.0,1.5483422971958913,0.27,0.06
3288,0.10800063899035975,0.0,0.0,0.0,0.0,0.10800063899035975,0.0,1.4346574140481443,0.27,0.06
3289,0.11789996418440825,0.0,0.0,0.0,0.0,0.11789996418440825,0.0,1.3105521885908726,0.27,0.06
3290,0.05491745805830056,0.0,0.0,0.0,0.0,0.05491745805830056,0.0,1.2527443380031877,0.27,0.06
3291,0.042850505118470855,0.0,0.0,0.0,0.0,0.042850505118470855,0.0,1.2076385431416394,0.27,0.06
3292,0.025701946455473235,0.0,0.0,0.0,0.0,0.025701946455473235,0.0,1.1805838626621938,0.27,0.06
3293,0.043400344311139066,0.0,0.0,0.0,0.0,0.043400344311139066,0.0,1.1348992897031,0.27,0.06
3294,0.024596522896905462,0.0,0.0,0.0,0.0,0.024596522896905462,0.0,1.1090082129695154,0.27,0.06
3295,0.03996590586783552,0.016305471408197162,0.0,0.0,0.0,0.02366043445963836,0.0,1.0841024924856855,0.27,0.06
3296,0.09106830775625269,0.1147354016272579,0.0,0.023667093871005213,0.0,0.0,0.0,1.0841024924856855,0.27,0.06
3297,0.2132187861270602,0.15993141251645782,0.0,0.0,0.0,0.05328737361060237,0.0,1.0280105202639989,0.27,0.06
3298,0.06427543124740913,0.3181633815340332,0.0,0.25388795028662403,0.0,0.0,0.0,1.0280105202639989,0.27,0.06
3299,0.08589765184799812,0.36028202176309454,0.0,0.2743843699150964,0.0,0.0,0.0,1.0280105202639989,0.27,0.06
3300,0.20732123523291562,0.5056533372756129,0.0,0.2983321020426973,0.0,0.0,0.0,1.0280105202639989,0.27,0.06
3301,0.12205999189241305,0.9992268464375471,0.0,0.8771668545451341,0.0,0.0,0.0,1.0280105202639989,0.27,0.06
3302,0.07501773004104575,0.9110395081171577,0.0,0.836021778076112,0.0,0.0,0.0,1.0280105202639989,0.27,0.06
3303,0.053178629150971685,0.781192838621457,0.0,-1.1102230246251565e-16,0.7280142094704855,0.0,0.0,1.71962401926096,0.27,0.06
3304,0.09643547470344474,0.6244765894812637,0.0,0.528041114777819,0.0,0.0,0.0,1.71962401926096,0.27,0.06
3305,0.11190996823008556,0.3923877246203617,0.0,0.28047775639027617,0.0,0.0,0.0,1.71962401926096,0.27,0.06
3306,0.05921902594318794,0.3449870302731517,0.0,-1.1102230246251565e-16,0.28576800432996385,0.0,0.0,1.9911036233744257,0.27,0.06
3307,0.12162466444801606,0.18128928351592732,0.0,0.05966461906791126,0.0,0.0,0.0,1.9911036233744257,0.27,0.06
3308,0.16280175729072444,0.07596971749058624,0.0,0.0,0.0,0.08683203980013819,0.0,1.8997014762163853,0.27,0.06
3309,0.07987005112343362,0.013228100748058535,0.0,0.0,0.0,0.06664195037537508,0.0,1.8295520547686221,0.27,0.06
3310,0.269818013076733,0.0,0.0,0.0,0.0,0.269818013076733,0.0,1.545533093635219,0.27,0.06
3311,0.11115500023863276,0.0,0.0,0.0,0.0,0.11115500023863276,0.0,1.428527830226132,0.27,0.06
3312,0.09630503315666837,0.0,0.0,0.0,0.0,0.09630503315666837,0.0,1.3271541111138494,0.27,0.06
3313,0.06378278264281707,0.0,0.0,0.0,0.0,0.06378278264281707,0.0,1.260014339910884,0.27,0.06
3314,0.06792178823967975,0.0,0.0,0.0,0.0,0.06792178823967975,0.0,1.1885177207112212,0.27,0.06
3315,0.0360772070228952,0.0,0.0,0.0,0.0,0.0360772070228952,0.0,1.1505417133187,0.27,0.06
3316,0.0421240018489374,0.0,0.0,0.0,0.0,0.0421240018489374,0.0,1.106200658740871,0.27,0.06
3317,0.025496687084569813,0.0,0.0,0.0,0.0,0.025496687084569813,0.0,1.0793620407571134,0.27,0.06
3318,0.04452417853847104,0.0,0.0,0.0,0.0,0.04452417853847104,0.0,1.0324944844008281,0.27,0.06
3319,0.022785357035708567,0.013779271612560987,0.0,3.469446951953614e-18,0.0,0.009006085423147583,0.0,1.0230143944817254,0.27,0.06
3320,0.045912551878684954,0.10922369298223336,0.0,0.06331114110354841,0.0,0.0,0.0,1.0230143944817254,0.27,0.06
3321,0.21904373892309886,0.25174729236148924,0.0,0.032703553438390376,0.0,0.0,0.0,1.0230143944817254,0.27,0.06
3322,0.05614379139896544,0.4823663682503847,0.0,0.4262225768514193,0.0,0.0,0.0,1.0230143944817254,0.27,0.06
3323,0.07034664305968474,0.7167977092854223,0.0,0.6464510662257376,0.0,0.0,0.0,1.0230143944817254,0.27,0.06
3324,0.13330381819472645,0.8699772787117253,0.0,0.7366734605169988,0.0,0.0,0.0,1.0230143944817254,0.27,0.06
3325,0.07827132609967925,0.9689583797952881,0.0,0.8906870536956089,0.0,0.0,0.0,1.0230143944817254,0.27,0.06
3326,0.18664944908576556,0.9089726173752729,0.0,0.7223231682895074,0.0,0.0,0.0,1.0230143944817254,0.27,0.06
3327,0.11340619414050707,0.7111022770188972,0.0,-0.0,0.5976960828783902,0.0,0.0,1.5908256732161958,0.27,0.06
3328,0.156480761015002,0.6179084700126097,0.0,0.46142770899760777,0.0,0.0,0.0,1.5908256732161958,0.27,0.06
3329,0.14769678286055743,0.3922499319042359,0.0,-8.326672684688674e-17,0.24455314904367856,0.0,0.0,1.8231511648076903,0.27,0.06
3330,0.24736561494420697,0.35986864361471765,0.0,0.11250302867051068,0.0,0.0,0.0,1.8231511648076906,0.27,0.06
3331,0.09778689613401131,0.21913634954509498,0.0,0.12134945341108366,0.0,0.0,0.0,1.8231511648076906,0.27,0.06
3332,0.17573688424908918,0.10026716643406887,0.0,0.0,0.0,0.0754697178150203,0.0,1.7437093565813535,0.27,0.06
3333,0.15720217197189887,0.011804242681427239,0.0,0.0,0.0,0.14539792929047163,0.0,1.5906589046966464,0.27,0.06
3334,0.06375327334394676,0.0,0.0,0.0,0.0,0.06375327334394676,0.0,1.5235501959135445,0.27,0.06
3335,0.05152689184694581,0.0,0.0,0.0,0.0,0.05152689184694581,0.0,1.4693113623904437,0.27,0.06
3336,0.04613099903359687,0.0,0.0,0.0,0.0,0.04613099903359687,0.0,1.420752416039289,0.27,0.06
3337,0.06706980516388787,0.0,0.0,0.0,0.0,0.06706980516388787,0.0,1.3501526211299333,0.27,0.06
3338,0.044856484581059564,0.0,0.0,0.0,0.0,0.044856484581059564,0.0,1.3029352689393443,0.27,0.06
3339,0.04571643255610425,0.0,0.0,0.0,0.0,0.04571643255610425,0.0,1.2548127083539715,0.27,0.06
3340,0.07946162153552908,0.0,0.0,0.0,0.0,0.07946162153552908,0.0,1.1711688962113094,0.27,0.06
3341,0.058908264300217,0.0,0.0,0.0,0.0,0.058908264300217,0.0,1.109160196947923,0.27,0.06
3342,0.04499541331556431,0.0,0.0,6.938893903907228e-18,0.0,0.044995413315564316,0.0,1.0617966039841713,0.27,0.06
3343,0.07225639087064763,0.013549617085684966,0.0,6.938893903907228e-18,0.0,0.05870677378496267,0.0,1.0,0.27,0.06
3344,0.04318738118522081,0.09971599556956633,0.0,0.05652861438434552,0.0,0.0,0.0,1.0,0.27,0.06
3345,0.043204616704915,0.21390022633232175,0.0,0.17069560962740676,0.0,0.0,0.0,1.0,0.27,0.06
3346,0.060603220975597186,0.38118058370881197,0.0,0.3205773627332148,0.0,0.0,0.0,1.0,0.27,0.06
3347,0.043322784472515315,0.5620105581709873,0.0,0.518687773698472,0.0,0.0,0.0,1.0,0.27,0.06
3348,0.026609030965438978,0.7389823365816458,0.0,0.7123733056162068,0.0,0.0,0.0,1.0,0.27,0.06
3349,0.03135389119397596,0.8641899846344496,0.0,0.8328360934404737,0.0,0.0,0.0,1.0,0.27,0.06
3350,0.02259602746331027,0.8703906568601018,0.0,0.8292169769852806,0.01857765241151087,0.0,0.0,1.0176487697909353,0.27,0.06
3351,0.044396348434072516,0.6575927722567854,0.0,0.6131964238227129,0.0,0.0,0.0,1.0176487697909353,0.27,0.06
3352,0.022810426882536428,0.5642611725343722,0.0,0.5414507456518358,0.0,0.0,0.0,1.0176487697909353,0.27,0.06
3353,0.024123721254385538,0.4125973229854511,0.0,-0.0,0.38847360173106554,0.0,0.0,1.3866986914354476,0.27,0.06
3354,0.04590288954188672,0.42022185327773487,0.0,0.37431896373584816,0.0,0.0,0.0,1.3866986914354476,0.27,0.06
3355,0.02241035391024116,0.21697759699246022,0.0,0.19456724308221907,0.0,0.0,0.0,1.3866986914354476,0.27,0.06
3356,0.022379277745944073,0.06917194349505612,0.0,0.04679266574911205,0.0,0.0,0.0,1.3866986914354476,0.27,0.06
3357,0.0382145420370926,0.01061003914167195,0.0,0.0,0.0,0.027604502895420647,0.0,1.3576413199665835,0.27,0.06
3358,0.0371489429747879,0.0,0.0,0.0,0.0,0.0371489429747879,0.0,1.3185371694668069,0.27,0.06
3359,0.023489924189267663,0.0,0.0,0.0,0.0,0.023489924189267663,0.0,1.293810933478104,0.27,0.06
3360,0.023815832198030358,0.0,0.0,0.0,0.0,0.023815832198030358,0.0,1.268741636427546,0.27,0.06
3361,0.10854094641834856,0.0,0.0,0.0,0.0,0.10854094641834856,0.0,1.1544880086187579,0.27,0.06
3362,0.02450198868282527,0.0,0.0,0.0,0.0,0.02450198868282527,0.0,1.128696441584205,0.27,0.06
3363,0.02354972621972172,0.0,0.0,0.0,0.0,0.02354972621972172,0.0,1.103907256089761,0.27,0.06
3364,0.023376326445828755,0.0,0.0,0.0,0.0,0.023376326445828755,0.0,1.079300596673099,0.27,0.06
3365,0.0510254949103878,0.0,0.0,0.0,0.0,0.0510254949103878,0.0,1.0255895493990066,0.27,0.06
3366,0.023716336243432157,0.0,0.0,0.0,0.0,0.023716336243432157,0.0,1.000624984932236,0.27,0.06
3367,0.023651050183984494,0.023057314498352043,0.0,0.0,0.0,0.0005937356856324516,0.0,0.9999999999999913,0.27,0.06
3368,0.048403606762969835,0.12125759019053667,0.0,0.07285398342756683,0.0,0.0,0.0,0.9999999999999913,0.27,0.06
3369,0.027967895006782588,0.20783734682279476,0.0,0.17986945181601216,0.0,0.0,0.0,0.9999999999999913,0.27,0.06
3370,0.02329863603508602,0.4520979016081257,0.0,0.42879926557303966,0.0,0.0,0.0,0.9999999999999913,0.27,0.06
3371,0.021974634749487517,0.6832681483615242,0.0,0.6612935136120367,0.0,0.0,0.0,0.9999999999999913,0.27,0.06
3372,0.04332683220820103,0.8589538614216765,0.0,0.8156270292134755,0.0,0.0,0.0,0.9999999999999913,0.27,0.06
3373,0.02196183868183576,0.9324433100220018,0.0,0.910481471340166,0.0,0.0,0.0,0.9999999999999913,0.27,0.06
3374,0.02192828164727969,0.9221547872179561,0.0,0.9002265055706764,0.0,0.0,0.0,0.9999999999999913,0.27,0.06
3375,0.03353118127655538,0.738109649379517,0.0,0.02219336784808912,0.6823851002548724,0.0,0.0,1.6482658452421202,0.27,0.06
3376,0.023205538114313605,0.6039914056839232,0.0,0.5807858675696096,0.0,0.0,0.0,1.6482658452421202,0.27,0.06
3377,0.0436966124489126,0.38609519058395875,0.0,0.34239857813504615,0.0,0.0,0.0,1.6482658452421202,0.27,0.06
3378,0.026876050948579918,0.36652862489412225,0.0,0.3396525739455423,0.0,0.0,0.0,1.6482658452421202,0.27,0.06
3379,0.022672673297101858,0.21495663715595137,0.0,-8.326672684688674e-17,0.1922839638588496,0.0,0.0,1.8309356109080273,0.27,0.06
3380,0.031255700960566624,0.06930973621118175,0.0,0.038054035250615126,0.0,0.0,0.0,1.8309356109080273,0.27,0.06
3381,0.03685633085634353,0.014973475152316265,0.0,0.0,0.0,0.021882855704027267,0.0,1.8079010259564199,0.27,0.06
3382,0.02305577189394075,0.0,0.0,-2.0816681711721685e-17,0.0,0.02305577189394073,0.0,1.7836317923838505,0.27,0.06
3383,0.1623104144073213,0.0,0.0,0.0,0.0,0.1623104144073213,0.0,1.6127787245866703,0.27,0.06
3384,0.20741119942283415,0.0,0.0,0.0,0.0,0.20741119942283415,0.0,1.3944511462468447,0.27,0.06
3385,0.1800175605949533,0.0,0.0,0.0,0.0,0.1800175605949533,0.0,1.2049589771995255,0.27,0.06
3386,0.032888897023709326,0.0,0.0,0.0,0.0,0.032888897023709326,0.0,1.1703390855956208,0.27,0.06
3387,0.03072283614335492,0.0,0.0,0.0,0.0,0.03072283614335492,0.0,1.1379992580762999,0.27,0.06
3388,0.03917006880316856,0.0,0.0,0.0,0.0,0.03917006880316856,0.0,1.0967676067045435,0.27,0.06
3389,0.023976827620628326,0.0,0.0,0.0,0.0,0.023976827620628326,0.0,1.0715288407880927,0.27,0.06
3390,0.049843556090147366,0.0,0.0,0.0,0.0,0.049843556090147366,0.0,1.0190619396405691,0.27,0.06
3391,0.023785278322208833,0.014100787950187401,0.0,0.0,0.0,0.009684490372021431,0.0,1.0088677392489676,0.27,0.06
3392,0.11167702756997631,0.10325267528345705,0.0,0.0,0.0,0.008424352286519263,0.0,1.0,0.27,0.06
3393,0.20255678918654438,0.24132097684131792,0.0,0.038764187654773546,0.0,0.0,0.0,1.0,0.27,0.06
3394,0.15027284019424325,0.43000513612265306,0.0,0.2797322959284098,0.0,0.0,0.0,1.0,0.27,0.06
3395,0.07216668782496656,0.626130102074771,0.0,0.5539634142498044,0.0,0.0,0.0,1.0,0.27,0.06
3396,0.11914588334290736,0.8524316728583978,0.0,0.7332857895154905,0.0,0.0,0.0,1.0,0.27,0.06
3397,0.07972015433094176,0.9322595864005009,0.0,0.8525394320695592,0.0,0.0,0.0,1.0,0.27,0.06
3398,0.08350126174991232,0.9151273586955502,0.0,0.2879057291733891,0.5437203677722487,0.0,0.0,1.5165343493836363,0.27,0.06
3399,0.1010980744970777,0.7235036214702019,0.0,0.6224055469731242,0.0,0.0,0.0,1.5165343493836363,0.27,0.06
3400,0.05398073367734557,0.590441788598238,0.0,-0.0,0.5364610549208925,0.0,0.0,2.026172351558484,0.27,0.06
3401,0.1723973717362226,0.39349006634936656,0.0,-0.0,0.22109269461314396,0.0,0.0,2.236210411440971,0.27,0.06
3402,0.11107456781339331,0.3643239414361124,0.0,0.2532493736227191,0.0,0.0,0.0,2.236210411440971,0.27,0.06
3403,0.060200014272448504,0.2139920881430721,0.0,0.1537920738706236,0.0,0.0,0.0,2.236210411440971,0.27,0.06
3404,0.13897339016928026,0.0688963580628049,0.0,0.0,0.0,0.07007703210647535,0.0,2.1624451144867862,0.27,0.06
3405,0.11817769108129864,0.014192649760937806,0.0,0.0,0.0,0.10398504132036084,0.0,2.0529871762548275,0.27,0.06
3406,0.2619984405924485,0.0,0.0,0.0,0.0,0.2619984405924485,0.0,1.7771993440522502,0.27,0.06
3407,0.20821291223285138,0.0,0.0,0.0,0.0,0.20821291223285138,0.0,1.558027857491354,0.27,0.06
3408,0.13361353526074637,0.0,0.0,0.0,0.0,0.13361353526074637,0.0,1.4173820309010947,0.27,0.06
3409,0.04907526974256737,0.0,0.0,0.0,0.0,0.04907526974256737,0.0,1.365723852224708,0.27,0.06
3410,0.05397263820597406,0.0,0.0,0.0,0.0,0.05397263820597406,0.0,1.3089105488499984,0.27,0.06
3411,0.06256402248504818,0.0,0.0,4.163336342344337e-17,0.0,0.06256402248504822,0.0,1.2430536830762633,0.27,0.06
3412,0.045619156327527124,0.0,0.0,0.0,0.0,0.045619156327527124,0.0,1.1950335185209715,0.27,0.06
3413,0.05834928505922625,0.0,0.0,0.0,0.0,0.05834928505922625,0.0,1.133613218458628,0.27,0.06
3414,0.05583616348684806,0.0,0.0,0.0,0.0,0.05583616348684806,0.0,1.0748383095251037,0.27,0.06
3415,0.04550360000230488,0.009232111980415863,0.0,0.0,0.0,0.036271488021889016,0.0,1.0366577958178522,0.27,0.06
3416,0.0887539169488332,0.10789169672635249,0.0,0.019137779777519293,0.0,0.0,0.0,1.0366577958178522,0.27,0.06
3417,0.19186267150477973,0.15703776547782006,0.0,0.0,0.0,0.03482490602695967,0.0,0.9999999999999999,0.27,0.06
3418,0.11889622945157957,0.34677833558278476,0.0,0.2278821061312052,0.0,0.0,0.0,1.0,0.27,0.06
3419,0.10624888344326011,0.347926608217165,0.0,0.24167772477390487,0.0,0.0,0.0,1.0,0.27,0.06
3420,0.13698634366393125,0.4510874216898715,0.0,0.31410107802594023,0.0,0.0,0.0,1.0,0.27,0.06
3421,0.028805254005258282,0.5200297106580514,0.0,0.4912244566527931,0.0,0.0,0.0,1.0,0.27,0.06
3422,0.030297171035756163,0.7290153301152266,0.0,0.6987181590794704,0.0,0.0,0.0,1.0,0.27,0.06
3423,0.057215266206620354,0.6956694928128289,0.0,0.6384542266062085,0.0,0.0,0.0,1.0,0.27,0.06
3424,0.02290169679364425,0.6177706772964842,0.0,0.09032224285914092,0.504546737643699,0.0,0.0,1.479319400761514,0.27,0.06
3425,0.04063874399650312,0.3857736742463322,0.0,-0.0,0.34513493024982905,0.0,0.0,1.8071975844988515,0.27,0.06
3426,0.022835496729364326,0.3724537116875233,0.0,0.349618214958159,0.0,0.0,0.0,1.8071975844988515,0.27,0.06
3427,0.0358882691668536,0.22763356703950738,0.0,0.19174529787265376,0.0,0.0,0.0,1.8071975844988515,0.27,0.06
3428,0.022532047125051587,0.07449992851857973,0.0,0.05196788139352814,0.0,0.0,0.0,1.8071975844988515,0.27,0.06
3429,0.03151227517419601,0.014743820625440251,0.0,0.0,0.0,0.016768454548755758,0.0,1.7895465797106875,0.27,0.06
3430,0.057128827463911694,0.0,0.0,0.0,0.0,0.057128827463911694,0.0,1.7294109718539386,0.27,0.06
3431,0.11993101349382487,0.0,0.0,1.3877787807814457e-17,0.0,0.11993101349382489,0.0,1.6031677997551754,0.27,0.06
3432,0.13873535719653407,0.0,0.0,0.0,0.0,0.13873535719653407,0.0,1.4571305816535607,0.27,0.06
3433,0.12217097819347411,0.0,0.0,0.0,0.0,0.12217097819347411,0.0,1.3285295519762195,0.27,0.06
3434,0.04960095309323993,0.0,0.0,0.0,0.0,0.04960095309323993,0.0,1.276318022404388,0.27,0.06
3435,0.052804670602455375,0.0,0.0,0.0,0.0,0.052804670602455375,0.0,1.2207341586123295,0.27,0.06
3436,0.06364476791314469,0.0,0.0,0.0,0.0,0.06364476791314469,0.0,1.1537396660721773,0.27,0.06
3437,0.044236919876901315,0.0,0.0,0.0,0.0,0.044236919876901315,0.0,1.1071744872543865,0.27,0.06
3438,0.052063282111367806,0.0,0.0,0.0,0.0,0.052063282111367806,0.0,1.052371032400315,0.27,0.06
3439,0.059519864105122694,0.016581056840448388,0.0,0.0,0.0,0.042938807264674306,0.0,1.0071722879111842,0.27,0.06
3440,0.11782867180749143,0.11101499829186641,0.0,0.0,0.0,0.006813673515625021,0.0,1.0,0.27,0.06
3441,0.2168356338204604,0.24265297309719902,0.0,0.025817339276738627,0.0,0.0,0.0,1.0,0.27,0.06
3442,0.20005528853274793,0.5305478879889731,0.0,0.3304925994562252,0.0,0.0,0.0,1.0,0.27,0.06
3443,0.090703750400297,0.7132150986661565,0.0,0.6225113482658595,0.0,0.0,0.0,1.0,0.27,0.06
3444,0.0689138751990463,0.8913351497111945,0.0,0.8224212745121482,0.0,0.0,0.0,1.0,0.27,0.06
3445,0.14758932200670669,0.9192611401793183,0.0,0.7716718181726115,0.0,0.0,0.0,1.0,0.27,0.06
3446,0.14817989970047019,0.9216036163534538,0.0,0.7734237166529836,0.0,0.0,0.0,1.0,0.27,0.06
3447,0.2288158868733434,0.7159250220832934,0.0,0.05767198266081841,0.4294371525491316,0.0,0.0,1.407965294921675,0.27,0.06
3448,0.06257198738430074,0.5769840333233036,0.0,0.5144120459390029,0.0,0.0,0.0,1.407965294921675,0.27,0.06
3449,0.08831872007655506,0.412367668458575,0.0,5.551115123125783e-17,0.32404894838201986,0.0,0.0,1.715811795884594,0.27,0.06
3450,0.06991105447104994,0.3778276276164222,0.0,0.30791657314537224,0.0,0.0,0.0,1.715811795884594,0.27,0.06
3451,0.028309602241931627,0.21458918991294976,0.0,0.18627958767101813,0.0,0.0,0.0,1.715811795884594,0.27,0.06
3452,0.0289180683159838,0.0684829799144281,0.0,0.0395649115984443,0.0,0.0,0.0,1.715811795884594,0.27,0.06
3453,0.03357100577281848,0.015249060584567476,0.0,0.0,0.0,0.018321945188251,0.0,1.6965255377916981,0.27,0.06
3454,0.12168968936322591,0.0,0.0,0.0,0.0,0.12168968936322591,0.0,1.5684311279356709,0.27,0.06
3455,0.14548084343078507,0.0,0.0,0.0,0.0,0.14548084343078507,0.0,1.4152933980085287,0.27,0.06
3456,0.16807047286026935,0.0,0.0,-2.7755575615628914e-17,0.0,0.16807047286026933,0.0,1.2383771107871926,0.27,0.06
3457,0.04062790651063477,0.0,0.0,0.0,0.0,0.04062790651063477,0.0,1.195610893407577,0.27,0.06
3458,0.023305948073744177,0.0,0.0,0.0,0.0,0.023305948073744177,0.0,1.1710783164878464,0.27,0.06
3459,0.04936605385134723,0.0,0.0,0.0,0.0,0.04936605385134723,0.0,1.1191140492759017,0.27,0.06
3460,0.0243180125673018,0.0,0.0,0.0,0.0,0.0243180125673018,0.0,1.093516141310321,0.27,0.06
3461,0.02463700025376308,0.0,0.0,6.938893903907228e-18,0.0,0.024637000253763086,0.0,1.0675824568326755,0.27,0.06
3462,0.044272304921122066,0.0,0.0,0.0,0.0,0.044272304921122066,0.0,1.0209800305999155,0.27,0.06
3463,0.03563939870823919,0.015708369638319526,0.0,0.0,0.0,0.019931029069919667,0.0,1.0,0.27,0.06
3464,0.03720443612531854,0.09259670523640981,0.0,0.05539226911109127,0.0,0.0,0.0,1.0,0.27,0.06
3465,0.15892637680191157,0.2319051412394013,0.0,0.07297876443748974,0.0,0.0,0.0,1.0,0.27,0.06
3466,0.041197592665375024,0.5015195557918447,0.0,0.46032196312646967,0.0,0.0,0.0,1.0,0.27,0.06
3467,0.09046859001416649,0.6844623519012794,0.0,0.5939937618871128,0.0,0.0,0.0,1.0,0.27,0.06
3468,0.03947142925357888,0.8474252041725004,0.0,0.8079537749189216,0.0,0.0,0.0,1.0,0.27,0.06
3469,0.08847827920584518,0.9020829815689922,0.0,0.8136047023631471,0.0,0.0,0.0,1.0,0.27,0.06
3470,0.045935793715848376,0.8958363784379647,0.0,0.32625412749952354,0.5236464572225928,0.0,0.0,1.4974641343614632,0.27,0.06
3471,0.04347568442374164,0.7075655973050066,0.0,0.664089912881265,0.0,0.0,0.0,1.4974641343614632,0.27,0.06
3472,0.048031084507761564,0.5857109053445922,0.0,0.0,0.5376798208368306,0.0,0.0,2.0082599641564522,0.27,0.06
3473,0.05534260087742369,0.4115409121618213,0.0,-5.551115123125783e-17,0.35619831128439766,0.0,0.0,2.34664835987663,0.27,0.06
3474,0.04291931662512881,0.3591337491287144,0.0,0.31621443250358555,0.0,0.0,0.0,2.34664835987663,0.27,0.06
3475,0.06224490422646801,0.20829665587654683,0.0,0.14605175165007883,0.0,0.0,0.0,2.34664835987663,0.27,0.06
3476,0.049637774430768375,0.06857484172517847,0.0,0.018937067294410095,0.0,0.0,0.0,2.34664835987663,0.27,0.06
3477,0.1811135829609607,0.015662438732944317,0.0,0.0,0.0,0.16545114422801638,0.0,2.172489260689244,0.27,0.06
3478,0.2138682518464455,0.0,0.0,0.0,0.0,0.2138682518464455,0.0,1.9473647850614066,0.27,0.06
3479,0.14227686477733176,0.0,0.0,0.0,0.0,0.14227686477733176,0.0,1.7975996642431626,0.27,0.06
3480,0.17383745163551897,0.0,0.0,0.0,0.0,0.17383745163551897,0.0,1.6146128730478795,0.27,0.06
3481,0.19339349902670888,0.0,0.0,0.0,0.0,0.19339349902670888,0.0,1.4110407688092386,0.27,0.06
3482,0.1563991534406927,0.0,0.0,0.0,0.0,0.1563991534406927,0.0,1.2464100809769305,0.27,0.06
3483,0.07738095482093213,0.0,0.0,0.0,0.0,0.07738095482093213,0.0,1.1649564443233178,0.27,0.06
3484,0.059342677739781816,0.0,0.0,0.0,0.0,0.059342677739781816,0.0,1.1024904677551264,0.27,0.06
3485,0.04099729503498963,0.0,0.0,3.469446951953614e-17,0.0,0.04099729503498967,0.0,1.0593354203498742,0.27,0.06
3486,0.041364333261204374,0.0,0.0,0.0,0.0,0.041364333261204374,0.0,1.0157940169170274,0.27,0.06
3487,0.028599864062235903,0.013595547991060171,0.0,0.0,0.0,0.015004316071175732,0.0,1.0000000000000004,0.27,0.06
3488,0.043934384277420926,0.10449280972858747,0.0,0.06055842545116655,0.0,0.0,0.0,1.0000000000000004,0.27,0.06
3489,0.15900132519815752,0.23911629338330828,0.0,0.08011496818515076,0.0,0.0,0.0,1.0000000000000004,0.27,0.06
3490,0.1411865875845556,0.5133237984732719,0.0,0.3721372108887163,0.0,0.0,0.0,1.0000000000000004,0.27,0.06
3491,0.06777502517804138,0.6742656909079842,0.0,0.6064906657299428,0.0,0.0,0.0,1.0000000000000004,0.27,0.06
3492,0.15653547073281968,0.8495839567251351,0.0,0.6930484859923154,0.0,0.0,0.0,1.0000000000000004,0.27,0.06
3493,0.13492709077683324,0.9025422906227442,0.0,0.7676151998459109,0.0,0.0,0.0,1.0000000000000004,0.27,0.06
3494,0.11545800441682799,0.8873391609435519,0.0,0.771881156526724,0.0,0.0,0.0,1.0000000000000004,0.27,0.06
3495,0.09435637485427462,0.7048556738878695,0.0,0.26164127445636615,0.34885802457722875,0.0,0.0,1.3314151233483678,0.27,0.06
3496,0.030923786634334774,0.5801532657941924,0.0,0.0,0.5492294791598575,0.0,0.0,1.8531831285502323,0.27,0.06
3497,0.24392621476038573,0.40795830154255547,0.0,0.16403208678216974,0.0,0.0,0.0,1.8531831285502323,0.27,0.06
3498,0.17854274851203075,0.364691388679114,0.0,0.18614864016708324,0.0,0.0,0.0,1.8531831285502323,0.27,0.06
3499,0.06107785062778162,0.21215485192806396,0.0,0.15107700130028234,0.0,0.0,0.0,1.8531831285502323,0.27,0.06
3500,0.06956569121657181,0.06834518719830247,0.0,0.0,0.0,0.0012205040182693416,0.0,1.8518983874783699,0.27,0.06
3501,0.08337003677042262,0.015432784206068303,0.0,0.0,0.0,0.06793725256435432,0.0,1.7803854900422074,0.27,0.06
3502,0.1334970649306917,0.0,0.0,0.0,0.0,0.1334970649306917,0.0,1.639862263799374,0.27,0.06
3503,0.09967875556468557,0.0,0.0,0.0,0.0,0.09967875556468557,0.0,1.5349372579418104,0.27,0.06
3504,0.145578250231481,0.0,0.0,0.0,0.0,0.145578250231481,0.0,1.3816969945402515,0.27,0.06
3505,0.1431805544122063,0.0,0.0,0.0,0.0,0.1431805544122063,0.0,1.2309806214747712,0.27,0.06
3506,0.06605774067033011,0.0,0.0,0.0,0.0,0.06605774067033011,0.0,1.1614461576112658,0.27,0.06
3507,0.024212249150996554,0.0,0.0,0.0,0.0,0.024212249150996554,0.0,1.1359595795575852,0.27,0.06
3508,0.03905294561251945,0.0,0.0,0.0,0.0,0.03905294561251945,0.0,1.094851215754933,0.27,0.06
3509,0.02593906542338717,0.0,0.0,0.0,0.0,0.02593906542338717,0.0,1.067546936361894,0.27,0.06
3510,0.0553042126744685,0.0,0.0,0.0,0.0,0.0553042126744685,0.0,1.009331975651927,0.27,0.06
3511,0.023701059305521376,0.014835682436190645,0.0,0.0,0.0,0.00886537686933073,0.0,1.0,0.27,0.06
3512,0.027691082114724506,0.10375791524258424,0.0,0.07606683312785972,0.0,0.0,0.0,1.0,0.27,0.06
3513,0.12952049104973487,0.24347972939395257,0.0,0.1139592383442177,0.0,0.0,0.0,1.0,0.27,0.06
3514,0.06197135563738238,0.5185599216860449,0.0,0.45658856604866255,0.0,0.0,0.0,1.0,0.27,0.06
3515,0.095568214689742,0.6815227739572661,0.0,0.5859545592675242,0.0,0.0,0.0,1.0,0.27,0.06
3516,0.03186051101528975,0.8617097157441888,0.0,0.829849204728899,0.0,0.0,0.0,1.0,0.27,0.06
3517,0.16720347399080465,0.8358506160179493,0.0,0.6686471420271447,0.0,0.0,0.0,1.0,0.27,0.06
3518,0.06657532854963119,0.8998782981109825,0.0,0.29453098506003195,0.5387719845013194,0.0,0.0,1.5118333852762533,0.27,0.06
3519,0.0507353636622025,0.695256114664452,0.0,0.0,0.6445207510022495,0.0,0.0,2.12412809872839,0.27,0.06
3520,0.04256167959147443,0.5752845898244211,0.0,0.5327229102329467,0.0,0.0,0.0,2.12412809872839,0.27,0.06
3521,0.03656306587730461,0.41140311944569574,0.0,0.3748400535683911,0.0,0.0,0.0,2.12412809872839,0.27,0.06
3522,0.06653602634184375,0.3582610619265857,0.0,0.29172503558474194,0.0,0.0,0.0,2.12412809872839,0.27,0.06
3523,0.07303538413197706,0.2094449285109269,0.0,0.1364095443789498,0.0,0.0,0.0,2.12412809872839,0.27,0.06
3524,0.13522035575587232,0.07449992851857967,0.0,0.0,0.0,0.06072042723729265,0.0,2.06021185953124,0.27,0.06
3525,0.07894116106961231,0.01892353301458375,0.0,0.0,0.0,0.06001762805502856,0.0,1.9970354089469995,0.27,0.06
3526,0.25682256179943824,0.0,0.0,0.0,0.0,0.25682256179943824,0.0,1.7266958702107487,0.27,0.06
3527,0.23789717774251307,0.0,0.0,0.0,0.0,0.23789717774251307,0.0,1.4762777883765243,0.27,0.06
3528,0.11285204606791531,0.0,0.0,0.0,0.0,0.11285204606791531,0.0,1.3574861609366136,0.27,0.06
3529,0.10444267932258118,0.0,0.0,0.0,0.0,0.10444267932258118,0.0,1.2475464984917912,0.27,0.06
3530,0.05930272267139981,0.0,0.0,0.0,0.0,0.05930272267139981,0.0,1.1851225798903178,0.27,0.06
3531,0.0245436411887529,0.0,0.0,0.0,0.0,0.0245436411887529,0.0,1.159287168112683,0.27,0.06
3532,0.04738919197127213,0.0,0.0,0.0,0.0,0.04738919197127213,0.0,1.109403808142923,0.27,0.06
3533,0.02513996405574777,0.0,0.0,0.0,0.0,0.02513996405574777,0.0,1.0829406880842412,0.27,0.06
3534,0.037965671578478126,0.0,0.0,6.938893903907228e-18,0.0,0.03796567157847813,0.0,1.0429768232647905,0.27,0.06
3535,0.05525028638936469,0.014422304287813829,0.0,0.0,0.0,0.040827982101550864,0.0,1.0,0.27,0.06
3536,0.023065173086501193,0.10688121680809809,0.0,0.0838160437215969,0.0,0.0,0.0,1.0,0.27,0.06
3537,0.020626869338250028,0.2382436061811795,0.0,0.21761673684292948,0.0,0.0,0.0,1.0,0.27,0.06
3538,0.05908949840124375,0.5287565826793401,0.0,0.46966708427809634,0.0,0.0,0.0,1.0,0.27,0.06
3539,0.19441378956375657,0.6964043872988321,0.0,0.4308595129221994,0.07113108481287621,0.0,0.0,1.0675745305722324,0.27,0.06
3540,0.13145047753912636,0.8573003488281691,0.0,0.7258498712890427,0.0,0.0,0.0,1.0675745305722324,0.27,0.06
3541,0.044395042712883595,0.9209605836782011,0.0,0.8765655409653175,0.0,0.0,0.0,1.0675745305722324,0.27,0.06
3542,0.062386313831231624,0.8959282402487152,0.0,0.8335419264174836,0.0,0.0,0.0,1.0675745305722324,0.27,0.06
3543,0.08246151596714894,0.687355998939917,0.0,-0.0,0.604894482972768,0.0,0.0,1.642224289396362,0.27,0.06
3544,0.07362152237369819,0.5729421136502858,0.0,-5.551115123125783e-17,0.4993205912765877,0.0,0.0,2.11657885110912,0.27,0.06
3545,0.1391195003703241,0.4040082436802882,0.0,0.2648887433099641,0.0,0.0,0.0,2.11657885110912,0.27,0.06
3546,0.085967638503726,0.3594552654663408,0.0,0.2734876269626148,0.0,0.0,0.0,2.1165788511091197,0.27,0.06
3547,0.17849221710201818,0.209674583037803,0.0,0.031182365935784828,0.0,0.0,0.0,2.1165788511091197,0.27,0.06
3548,0.171342871304024,0.06728877637467282,0.0,0.0,0.0,0.10405409492935119,0.0,2.0070482248676975,0.27,0.06
3549,0.12622746221119488,0.016443264124322773,0.0,0.0,0.0,0.1097841980868721,0.0,1.8914859110920428,0.27,0.06
3550,0.18261059230409563,0.0,0.0,2.7755575615628914e-17,0.0,0.18261059230409565,0.0,1.6992642349824685,0.27,0.06
3551,0.18538368296519422,0.0,0.0,0.0,0.0,0.18538368296519422,0.0,1.5041235160717377,0.27,0.06
3552,0.1660614902389462,0.0,0.0,0.0,0.0,0.1660614902389462,0.0,1.3293219473991627,0.27,0.06
3553,0.07942610591918957,0.0,0.0,0.0,0.0,0.07942610591918957,0.0,1.2457155201158052,0.27,0.06
3554,0.04731959703190094,0.0,0.0,0.0,0.0,0.04731959703190094,0.0,1.1959054179769621,0.27,0.06
3555,0.06593421944585519,0.0,0.0,0.0,0.0,0.06593421944585519,0.0,1.1265009764550094,0.27,0.06
3556,0.03737835818768701,0.0,0.0,0.0,0.0,0.03737835818768701,0.0,1.0871553362574442,0.27,0.06
3557,0.03384572951097419,0.0,0.0,0.0,0.0,0.03384572951097419,0.0,1.0515282525616818,0.27,0.06
3558,0.04141852069054593,0.0,0.0,0.0,0.0,0.04141852069054593,0.0,1.0079298097295282,0.27,0.06
3559,0.022231208963116804,0.014697889720065041,0.0,0.0,0.0,0.007533319243051763,0.0,1.0,0.27,0.06
3560,0.05216578122470068,0.10789169672635258,0.0,0.0557259155016519,0.0,0.0,0.0,1.0,0.27,0.06
3561,0.17823694860957778,0.24044828963918918,0.0,0.0622113410296114,0.0,0.0,0.0,1.0,0.27,0.06
3562,0.09011930959612151,0.5306856807050987,0.0,0.4405663711089772,0.0,0.0,0.0,1.0,0.27,0.06
3563,0.06922711771227619,0.6976445217439625,0.0,0.6284174040316863,0.0,0.0,0.0,1.0,0.27,0.06
3564,0.10268961805429269,0.8507781602648902,0.0,0.7480885422105975,0.0,0.0,0.0,1.0,0.27,0.06
3565,0.05112773287948288,0.911498817170909,0.0,0.19895225715149567,0.6614188271399304,0.0,0.0,1.6283478857829339,0.27,0.06
3566,0.06708978269807869,0.8883496408618066,0.0,-0.0,0.8212598581637278,0.0,0.0,2.4085447510384754,0.27,0.06
3567,0.075430207364636,0.6772511997573725,0.0,0.6018209923927365,0.0,0.0,0.0,2.4085447510384754,0.27,0.06
3568,0.1000677299068747,0.5616431109279856,0.0,-0.0,0.4615753810211109,0.0,0.0,2.8470413630085307,0.27,0.06
3569,0.10623830710162938,0.4025843856136568,0.0,0.29634607851202743,0.0,0.0,0.0,2.8470413630085307,0.27,0.06
3570,0.08331702449015108,0.3513254952149299,0.0,0.26800847072477885,0.0,0.0,0.0,2.8470413630085307,0.27,0.06
3571,0.030690323685749935,0.20420880529815383,0.0,0.1735184816124039,0.0,0.0,0.0,2.8470413630085307,0.27,0.06
3572,0.09267003593874154,0.06623236555104313,0.0,0.0,0.0,0.02643767038769841,0.0,2.8192122362846375,0.27,0.06
3573,0.07398490458058388,0.01621360959744676,0.0,0.0,0.0,0.057771294983137114,0.0,2.7584003468287044,0.27,0.06
3574,0.21673796587552688,0.0,0.0,2.7755575615628914e-17,0.0,0.2167379658755269,0.0,2.5302551195913074,0.27,0.06
3575,0.23653622454726736,0.0,0.0,0.0,0.0,0.23653622454726736,0.0,2.281269620067868,0.27,0.06
3576,0.1404095529050098,0.0,0.0,2.7755575615628914e-17,0.0,0.14040955290500984,0.0,2.1334700906941735,0.27,0.06
3577,0.09588145720297193,0.0,0.0,0.0,0.0,0.09588145720297193,0.0,2.032542241006835,0.27,0.06
3578,0.046840658499792936,0.0,0.0,0.0,0.0,0.046840658499792936,0.0,1.9832362846912635,0.27,0.06
3579,0.07258934977383062,0.0,0.0,0.0,0.0,0.07258934977383062,0.0,1.9068264428240733,0.27,0.06
3580,0.04476090579002825,0.0,0.0,0.0,0.0,0.04476090579002825,0.0,1.8597096998872016,0.27,0.06
3581,0.04631941460116275,0.0,0.0,0.0,0.0,0.04631941460116275,0.0,1.810952421359662,0.27,0.06
3582,0.07103554155897644,0.0,0.0,0.0,0.0,0.07103554155897644,0.0,1.736178167087055,0.27,0.06
3583,0.04397825650936974,0.01354961708568497,0.0,3.469446951953614e-18,0.0,0.030428639423684775,0.0,1.7041480203252817,0.27,0.06
3584,0.04468399881199887,0.10775390401022698,0.0,0.06306990519822811,0.0,0.0,0.0,1.7041480203252817,0.27,0.06
3585,0.22989885202746163,0.24054015144993968,0.0,0.010641299422478045,0.0,0.0,0.0,1.7041480203252817,0.27,0.06
3586,0.11766323693285106,0.53775904013288,0.0,0.4200958032000289,0.0,0.0,0.0,1.7041480203252817,0.27,0.06
3587,0.08218248334906963,0.6896066133033021,0.0,0.6074241299542325,0.0,0.0,0.0,1.7041480203252817,0.27,0.06
3588,0.12451344200645618,0.8362180632609507,0.0,0.7117046212544945,0.0,0.0,0.0,1.7041480203252817,0.27,0.06
3589,0.051428440469298876,0.8928508695885765,0.0,0.8414224291192777,0.0,0.0,0.0,1.7041480203252817,0.27,0.06
3590,0.03448252973482667,0.8742947838169945,0.0,0.8398122540821679,0.0,0.0,0.0,1.7041480203252817,0.27,0.06
3591,0.04904902474666944,0.6657225425081964,0.0,0.616673517761527,0.0,0.0,0.0,1.7041480203252817,0.27,0.06
3592,0.06699838221485206,0.5471748757347966,0.0,-0.0,0.48017649351994457,0.0,0.0,2.160315689169229,0.27,0.06
3593,0.025646845021299415,0.399231429521267,0.0,0.37358458449996756,0.0,0.0,0.0,2.160315689169229,0.27,0.06
3594,0.0462628768736812,0.3498097753375482,0.0,-1.1102230246251565e-16,0.3035468984638671,0.0,0.0,2.4486852427099026,0.27,0.06
3595,0.030481147151279656,0.20535707793253385,0.0,0.17487593078125419,0.0,0.0,0.0,2.4486852427099026,0.27,0.06
3596,0.051993948316234426,0.06719691456392239,0.0,0.015202966247687966,0.0,0.0,0.0,2.4486852427099026,0.27,0.06
3597,0.0387868396342108,0.016856642272699594,0.0,0.0,0.0,0.021930197361511205,0.0,2.425600824434628,0.27,0.06
3598,0.16321854349423842,0.0,0.0,0.0,0.0,0.16321854349423842,0.0,2.253791831282798,0.27,0.06
3599,0.11897757588165125,0.0,0.0,0.0,0.0,0.11897757588165125,0.0,2.128552277723165,0.27,0.06
3600,0.136314419540096,0.0,0.0,0.0,0.0,0.136314419540096,0.0,1.98506341504938,0.27,0.06
3601,0.09813474025874844,0.0,0.0,0.0,0.0,0.09813474025874844,0.0,1.8817636884612237,0.27,0.06
3602,0.034394785270928964,0.0,0.0,0.0,0.0,0.034394785270928964,0.0,1.84555865133393,0.27,0.06
3603,0.03878788421116199,0.0,0.0,0.0,0.0,0.03878788421116199,0.0,1.8047292995327069,0.27,0.06
3604,0.04978767122326022,0.0,0.0,0.0,0.0,0.04978767122326022,0.0,1.752321224560854,0.27,0.06
3605,0.03520642156198225,0.0,0.0,0.0,0.0,0.03520642156198225,0.0,1.715261833442978,0.27,0.06
3606,0.03835033704074374,0.0,0.0,0.0,0.0,0.03835033704074374,0.0,1.674893057610616,0.27,0.06
3607,0.04845661904324136,0.014008926139436995,0.0,0.0,0.0,0.03444769290380437,0.0,1.6386323282381905,0.27,0.06
3608,0.06487762985975432,0.11354119808750256,0.0,0.04866356822774824,0.0,0.0,0.0,1.6386323282381905,0.27,0.06
3609,0.14735833992838088,0.2558351429398822,0.0,0.10847680301150131,0.0,0.0,0.0,1.6386323282381905,0.27,0.06
3610,0.1413978532729285,0.5191570234559225,0.0,0.377759170182994,0.0,0.0,0.0,1.6386323282381905,0.27,0.06
3611,0.07167991496572482,0.6571334632030335,0.0,0.5854535482373087,0.0,0.0,0.0,1.6386323282381905,0.27,0.06
3612,0.1433663585373946,0.8293743583600457,0.0,0.6860079998226511,0.0,0.0,0.0,1.6386323282381905,0.27,0.06
3613,0.2163781091158513,0.8953311384788374,0.0,0.6789530293629861,0.0,0.0,0.0,1.6386323282381905,0.27,0.06
3614,0.105664050922728,0.875351194640624,0.0,0.0,0.769687143717896,0.0,0.0,2.3698351147701917,0.27,0.06
3615,0.1601640699169203,0.6762407198391178,0.0,0.5160766499221975,0.0,0.0,0.0,2.3698351147701917,0.27,0.06
3616,0.07544757345644912,0.5622861436032385,0.0,0.48683857014678933,0.0,0.0,0.0,2.3698351147701917,0.27,0.06
3617,0.10583431696576749,0.4089228505554347,0.0,0.3030885335896672,0.0,0.0,0.0,2.3698351147701917,0.27,0.06
3618,0.07652139856224424,0.34944232809454645,0.0,0.2729209295323022,0.0,0.0,0.0,2.3698351147701917,0.27,0.06
3619,0.07338074738645518,0.20687279780991558,0.0,0.1334920504234604,0.0,0.0,0.0,2.369835114770192,0.27,0.06
3620,0.1602593875637138,0.0702283543186858,0.0,0.0,0.0,0.090031033245028,0.0,2.275065606091215,0.27,0.06
3621,0.11105707114946131,0.018326431244706103,0.0,-1.3877787807814457e-17,0.0,0.09273063990475519,0.0,2.177454406191473,0.27,0.06
3622,0.2129926352171335,0.0,0.0,0.0,0.0,0.2129926352171335,0.0,1.9532516322787006,0.27,0.06
3623,0.17870047963165625,0.0,0.0,0.0,0.0,0.17870047963165625,0.0,1.7651458642453783,0.27,0.06
3624,0.12010532727255019,0.0,0.0,0.0,0.0,0.12010532727255019,0.0,1.638719203958483,0.27,0.06
3625,0.0908553446303345,0.0,0.0,0.0,0.0,0.0908553446303345,0.0,1.5430819990844467,0.27,0.06
3626,0.05137673391021619,0.0,0.0,5.551115123125783e-17,0.0,0.051376733910216243,0.0,1.4890012265473769,0.27,0.06
3627,0.042313461993454496,0.0,0.0,0.0,0.0,0.042313461993454496,0.0,1.4444607402384775,0.27,0.06
3628,0.048504016722400366,0.0,0.0,0.0,0.0,0.048504016722400366,0.0,1.3934038805306876,0.27,0.06
3629,0.04572622546502137,0.0,0.0,0.0,0.0,0.04572622546502137,0.0,1.3452710116201387,0.27,0.06
3630,0.048231773854503626,0.0,0.0,0.0,0.0,0.048231773854503626,0.0,1.29450072335224,0.27,0.06
3631,0.043489394496225624,0.014651958814689846,0.0,0.0,0.0,0.028837435681535777,0.0,1.2641455278979918,0.27,0.06
3632,0.03632646919786632,0.11138244553486792,0.0,0.0750559763370016,0.0,0.0,0.0,1.2641455278979918,0.27,0.06
3633,0.21734395107932009,0.23507437371029044,0.0,0.017730422630970355,0.0,0.0,0.0,1.2641455278979918,0.27,0.06
3634,0.1703882585427806,0.5107516677722606,0.0,0.34036340922947994,0.0,0.0,0.0,1.2641455278979918,0.27,0.06
3635,0.11930426732312738,0.6514380309365082,0.0,0.5321337636133808,0.0,0.0,0.0,1.2641455278979918,0.27,0.06
3636,0.21885480106705785,0.7969012082597768,0.0,0.5780464071927189,0.0,0.0,0.0,1.2641455278979918,0.27,0.06
3637,0.05637046459736763,0.8623068175140662,0.0,0.8059363529166986,0.0,0.0,0.0,1.2641455278979918,0.27,0.06
3638,0.05838728154582469,0.8635010210538215,0.0,0.8051137395079968,0.0,0.0,0.0,1.2641455278979918,0.27,0.06
3639,0.07074397401748313,0.6687080513575845,0.0,-1.1102230246251565e-16,0.5979640773401015,0.0,0.0,1.8322114013710882,0.27,0.06
3640,0.06125843186821394,0.5644908270612482,0.0,0.5032323951930343,0.0,0.0,0.0,1.8322114013710882,0.27,0.06
3641,0.04545385202500575,0.41930323517023066,0.0,0.3738493831452249,0.0,0.0,0.0,1.8322114013710882,0.27,0.06
3642,0.052271544641005876,0.3598686436147177,0.0,0.30759709897371185,0.0,0.0,0.0,1.8322114013710882,0.27,0.06
3643,0.04537642275850081,0.21380836452157126,0.0,0.16843194176307044,0.0,0.0,0.0,1.8322114013710882,0.27,0.06
3644,0.09988336207499457,0.07032021612943623,0.0,0.0,0.0,0.02956314594555834,0.0,1.8010923003757635,0.27,0.06
3645,0.09695071228460561,0.014514166098564233,0.0,-2.7755575615628914e-17,0.0,0.08243654618604135,0.0,1.7143169886009832,0.27,0.06
3646,0.1484774735594326,0.0,0.0,0.0,0.0,0.1484774735594326,0.0,1.5580249111700015,0.27,0.06
3647,0.1216778073004065,0.0,0.0,0.0,0.0,0.1216778073004065,0.0,1.429943008748521,0.27,0.06
3648,0.08550606606343113,0.0,0.0,0.0,0.0,0.08550606606343113,0.0,1.3399366234185932,0.27,0.06
3649,0.07347998219681569,0.0,0.0,0.0,0.0,0.07347998219681569,0.0,1.2625892737377347,0.27,0.06
3650,0.06551351607877444,0.0,0.0,0.0,0.0,0.06551351607877444,0.0,1.1936276778653405,0.27,0.06
3651,0.06254078064788475,0.0,0.0,0.0,0.0,0.06254078064788475,0.0,1.1277952771833566,0.27,0.06
3652,0.03059017487055722,0.0,0.0,0.0,0.0,0.03059017487055722,0.0,1.0955950931090859,0.27,0.06
3653,0.056409244516679564,0.0,0.0,0.0,0.0,0.056409244516679564,0.0,1.0362169409862654,0.27,0.06
3654,0.029430825026885713,0.0,0.0,0.0,0.0,0.029430825026885713,0.0,1.0052371251684908,0.27,0.06
3655,0.023393561965522884,0.018418293055456524,0.0,0.0,0.0,0.0049752689100663605,0.0,1.0,0.27,0.06
3656,0.05577557802368057,0.11409236895200489,0.0,0.05831679092832432,0.0,0.0,0.0,1.0,0.27,0.06
3657,0.1626384115699865,0.21270602279256645,0.0,0.05006761122257994,0.0,0.0,0.0,1.0,0.27,0.06
3658,0.15753160542787176,0.44520826580184536,0.0,0.2876766603739736,0.0,0.0,0.0,1.0,0.27,0.06
3659,0.07135922984171789,0.6074821544924385,0.0,0.5361229246507206,0.0,0.0,0.0,1.0,0.27,0.06
3660,0.11881801675236126,0.7355375186785054,0.0,0.6167195019261441,0.0,0.0,0.0,1.0,0.27,0.06
3661,0.08502908611310644,0.7780695370559434,0.0,0.13430565453651744,0.5587347964063195,0.0,0.0,1.5307980565860035,0.27,0.06
3662,0.20062667212503393,0.7562982879080973,0.0,0.5556716157830633,0.0,0.0,0.0,1.5307980565860035,0.27,0.06
3663,0.171070889580365,0.6095949761396978,0.0,0.43852408655933284,0.0,0.0,0.0,1.5307980565860035,0.27,0.06
3664,0.0941144247179615,0.5098789805701314,0.0,-1.1102230246251565e-16,0.41576455585217,0.0,0.0,1.925774384645565,0.27,0.06
3665,0.15593092182233387,0.3885754594742197,0.0,0.2326445376518858,0.0,0.0,0.0,1.925774384645565,0.27,0.06
3666,0.13390967282640098,0.3118708474976301,0.0,-0.0,0.17796117467122913,0.0,0.0,2.0948375005832327,0.27,0.06
3667,0.050206024292200814,0.21109844110443424,0.0,0.16089241681223343,0.0,0.0,0.0,2.0948375005832327,0.27,0.06
3668,0.08953486879194612,0.058240388015757746,0.0,0.0,0.0,0.03129448077618838,0.0,2.0618959418714553,0.27,0.06
3669,0.126737607479719,0.012952515315807323,0.0,0.0,0.0,0.11378509216391167,0.0,1.942122160646285,0.27,0.06
3670,0.12471556764650599,0.0,0.0,0.0,0.0,0.12471556764650599,0.0,1.8108426157552262,0.27,0.06
3671,0.19850787835171926,0.0,0.0,0.0,0.0,0.19850787835171926,0.0,1.6018869543323637,0.27,0.06
3672,0.13157804649928725,0.0,0.0,0.0,0.0,0.13157804649928725,0.0,1.4633837474910087,0.27,0.06
3673,0.1341393491835378,0.0,0.0,0.0,0.0,0.1341393491835378,0.0,1.3221844325609688,0.27,0.06
3674,0.055271830788982436,0.0,0.0,2.0816681711721685e-17,0.0,0.05527183078898246,0.0,1.2640035580462505,0.27,0.06
3675,0.04472199529859744,0.0,0.0,0.0,0.0,0.04472199529859744,0.0,1.2169277735214112,0.27,0.06
3676,0.04787048080152031,0.0,0.0,3.469446951953614e-17,0.0,0.04787048080152034,0.0,1.1665377937303372,0.27,0.06
3677,0.04106688997436081,0.0,0.0,0.0,0.0,0.04106688997436081,0.0,1.123309488494168,0.27,0.06
3678,0.042663134127856134,0.0,0.0,0.0,0.0,0.042663134127856134,0.0,1.0784009262543193,0.27,0.06
3679,0.05949479425829481,0.009921075561043907,0.0,0.0,0.0,0.049573718697250906,0.0,1.0262180644677394,0.27,0.06
3680,0.046106973763720124,0.037801135123792295,0.0,0.0,0.0,0.008305838639927829,0.0,1.0174750764257101,0.27,0.06
3681,0.07708481725527758,0.11441388528963135,0.0,0.03732906803435378,0.0,0.0,0.0,1.0174750764257101,0.27,0.06
3682,0.0662656114836115,0.2737022651308363,0.0,0.2074366536472248,0.0,0.0,0.0,1.0174750764257101,0.27,0.06
3683,0.0682663680614445,0.48236636825038504,0.0,0.41410000018894055,0.0,0.0,0.0,1.0174750764257101,0.27,0.06
3684,0.024421556257585745,0.4764872123623589,0.0,0.4520656561047732,0.0,0.0,0.0,1.0174750764257101,0.27,0.06
3685,0.09224998543225531,0.5835521527919579,0.0,0.4913021673597026,0.0,0.0,0.0,1.0174750764257101,0.27,0.06
3686,0.10005336697379619,0.4570584393886478,0.0,0.35700507241485163,0.0,0.0,0.0,1.0174750764257101,0.27,0.06
3687,0.1735380497668923,0.4442437167889661,0.0,0.2707056670220738,0.0,0.0,0.0,1.0174750764257101,0.27,0.06
3688,0.06437440491353175,0.5350491167157431,0.0,-5.551115123125783e-17,0.4706747118022114,0.0,0.0,1.464616052637811,0.27,0.06
3689,0.112883644520688,0.4080501633533059,0.0,0.2951665188326179,0.0,0.0,0.0,1.464616052637811,0.27,0.06
3690,0.05766809031494931,0.35072839344505213,0.0,0.29306030313010284,0.0,0.0,0.0,1.464616052637811,0.27,0.06
3691,0.0500966048565665,0.20480590706803148,0.0,0.15470930221146498,0.0,0.0,0.0,1.464616052637811,0.27,0.06
3692,0.04440783878053544,0.07854184819159767,0.0,-0.0,0.034134009411062226,0.0,0.0,1.49704336157832,0.27,0.06
3693,0.06666020042691319,0.024159656227356923,0.0,0.0,0.0,0.04250054419955626,0.0,1.4523059466314188,0.27,0.06
3694,0.045597611927909495,9.186181075040654e-05,0.0,0.0,0.0,0.045505750117159086,0.0,1.4044051570344092,0.27,0.06
3695,0.04548061930937925,0.0,0.0,0.0,0.0,0.04548061930937925,0.0,1.356530820919273,0.27,0.06
3696,0.0636210037875057,0.0,0.0,0.0,0.0,0.0636210037875057,0.0,1.2895613432482145,0.27,0.06
3697,0.07312312859587469,0.0,0.0,0.0,0.0,0.07312312859587469,0.0,1.2125896289367672,0.27,0.06
3698,0.04127489135976107,0.0,0.0,0.0,0.0,0.04127489135976107,0.0,1.169142374873861,0.27,0.06
3699,0.049332496816791124,0.0,0.0,1.3877787807814457e-17,0.0,0.04933249681679114,0.0,1.1172134308561863,0.27,0.06
3700,0.024255860238707613,0.0,0.0,1.3877787807814457e-17,0.0,0.024255860238707627,0.0,1.0916809463943888,0.27,0.06
3701,0.02416824634692885,0.0,0.0,0.0,0.0,0.02416824634692885,0.0,1.0662406870818322,0.27,0.06
3702,0.04036610941224973,0.0,0.0,0.0,0.0,0.04036610941224973,0.0,1.0237500455952535,0.27,0.06
3703,0.03349409879478912,0.010931555479298385,0.0,0.0,0.0,0.02256254331549074,0.0,1.0,0.27,0.06
3704,0.02256273157299204,0.046941385293457746,0.0,0.024378653720465708,0.0,0.0,0.0,1.0,0.27,0.06
3705,0.02244364980055949,0.0660027110241671,0.0,0.043559061223607615,0.0,0.0,0.0,1.0,0.27,0.06
3706,0.04338780938772513,0.13545023995147443,0.0,0.0920624305637493,0.0,0.0,0.0,1.0,0.27,0.06
3707,0.022355644192424074,0.2635515350429164,0.0,0.2411958908504923,0.0,0.0,0.0,1.0,0.27,0.06
3708,0.022256931670539173,0.4689086129754502,0.0,0.44665168130491106,0.0,0.0,0.0,1.0,0.27,0.06
3709,0.030178350407561418,0.7432079798761642,0.0,0.7130296294686027,0.0,0.0,0.0,1.0,0.27,0.06
3710,0.02206355436245523,0.815870672179736,0.0,0.7938071178172807,0.0,0.0,0.0,1.0,0.27,0.06
3711,0.032094365680231246,0.5753305207297963,0.0,0.543236155049565,0.0,0.0,0.0,1.0,0.27,0.06
3712,0.022794105367674507,0.6633800663340609,0.0,0.09629617228140075,0.5442897886849857,0.0,0.0,1.5170752992507364,0.27,0.06
3713,0.02277282211229459,0.4682196493948222,0.0,0.0,0.4454468272825276,0.0,0.0,1.9402497851691376,0.27,0.06
3714,0.044316438297308594,0.2754935704404692,0.0,0.2311771321431606,0.0,0.0,0.0,1.9402497851691376,0.27,0.06
3715,0.022749319130893418,0.23663602449304738,0.0,0.21388670536215396,0.0,0.0,0.0,1.9402497851691376,0.27,0.06
3716,0.022760156616761763,0.08680941115913421,0.0,0.06404925454237245,0.0,0.0,0.0,1.9402497851691376,0.27,0.06
3717,0.045666292862448436,0.023195107214477657,0.0,0.0,0.0,0.02247118564797078,0.0,1.9165959055396946,0.27,0.06
3718,0.04444557412289612,0.0,0.0,0.0,0.0,0.04444557412289612,0.0,1.8698110906734882,0.27,0.06
3719,0.17959280949218706,0.0,0.0,0.0,0.0,0.17959280949218706,0.0,1.6807660280501333,0.27,0.06
3720,0.200089890144255,0.0,0.0,0.0,0.0,0.200089890144255,0.0,1.4701450910561806,0.27,0.06
3721,0.15733574724952876,0.0,0.0,0.0,0.0,0.15733574724952876,0.0,1.304528515004045,0.27,0.06
3722,0.07814049283654617,0.0,0.0,0.0,0.0,0.07814049283654617,0.0,1.222275364649786,0.27,0.06
3723,0.046427658887727,0.0,0.0,0.0,0.0,0.046427658887727,0.0,1.173404144767968,0.27,0.06
3724,0.045731578921896124,0.0,0.0,0.0,0.0,0.045731578921896124,0.0,1.1252656406396562,0.27,0.06
3725,0.05912645031089112,0.0,0.0,0.0,0.0,0.05912645031089112,0.0,1.0630272718913498,0.27,0.06
3726,0.04066733929054115,0.0,0.0,2.0816681711721685e-17,0.0,0.04066733929054117,0.0,1.0202195463223591,0.27,0.06
3727,0.03431983687468309,0.01511126786844187,0.0,0.0,0.0,0.019208569006241218,0.0,1.0,0.27,0.06
3728,0.05884793998128737,0.10495211878233951,0.0,0.04610417880105214,0.0,0.0,0.0,1.0,0.27,0.06
3729,0.1719035479825605,0.2719568907265787,0.0,0.1000533427440182,0.0,0.0,0.0,1.0,0.27,0.06
3730,0.11882128105533356,0.3575720983459574,0.0,0.2387508172906238,0.0,0.0,0.0,1.0,0.27,0.06
3731,0.045075584596565986,0.472445292689341,0.0,0.427369708092775,0.0,0.0,0.0,1.0,0.27,0.06
3732,0.07368746129374032,0.5561314022829613,0.0,0.482443940989221,0.0,0.0,0.0,1.0,0.27,0.06
3733,0.1609612127027762,0.9651001837437712,0.0,0.804138971040995,0.0,0.0,0.0,1.0,0.27,0.06
3734,0.061387437121682445,0.6597055939040447,0.0,0.15714114164773163,0.4411770151346306,0.0,0.0,1.419118164377899,0.27,0.06
3735,0.06716473109432469,0.6072524999655624,0.0,0.0,0.5400877688712378,0.0,0.0,1.932201544805575,0.27,0.06
3736,0.07383931666801558,0.45122521440599705,0.0,5.551115123125783e-17,0.3773858977379814,0.0,0.0,2.290718147656657,0.27,0.06
3737,0.05766795974283038,0.3402561470195058,0.0,0.0,0.2825881872766754,0.0,0.0,2.5591769255694987,0.27,0.06
3738,0.17816617852113661,0.3162342835082746,0.0,0.0,0.13806810498713798,0.0,0.0,2.69034162530728,0.27,0.06
3739,0.05548897222270537,0.19883488936925509,0.0,0.0,0.1433459171465497,0.0,0.0,2.8265202465965023,0.27,0.06
3740,0.06798289599132269,0.08570706943012932,0.0,0.0,0.017724173438806626,0.0,0.0,2.8433582113633684,0.27,0.06
3741,0.09279773547102119,0.025307928861737005,0.0,0.0,0.0,0.06748980660928418,0.0,2.7723163096693852,0.27,0.06
3742,0.15380220456798374,0.0,0.0,0.0,0.0,0.15380220456798374,0.0,2.6104192522294025,0.27,0.06
3743,0.18642564847397902,0.0,0.0,0.0,0.0,0.18642564847397902,0.0,2.414181727519951,0.27,0.06
3744,0.15227163819029277,0.0,0.0,0.0,0.0,0.15227163819029277,0.0,2.2538957925828007,0.27,0.06
3745,0.17204430472672938,0.0,0.0,0.0,0.0,0.17204430472672938,0.0,2.0727965244494015,0.27,0.06
3746,0.030729103605061835,0.0,0.0,0.0,0.0,0.030729103605061835,0.0,2.040450099601968,0.27,0.06
3747,0.037072427713115336,0.0,0.0,-2.0816681711721685e-17,0.0,0.037072427713115315,0.0,2.001426491482899,0.27,0.06
3748,0.03708195947779467,0.0,0.0,0.0,0.0,0.03708195947779467,0.0,1.9623928499273258,0.27,0.06
3749,0.02611324862999352,0.0,0.0,0.0,0.0,0.02611324862999352,0.0,1.9349052197904906,0.27,0.06
3750,0.05191194902556809,0.0,0.0,0.0,0.0,0.05191194902556809,0.0,1.8802610629214718,0.27,0.06
3751,0.026061019782435402,0.0210363546618431,0.0,0.0,0.0,0.005024665120592301,0.0,1.8749719417419008,0.27,0.06
3752,0.05675656635294106,0.08483438222800047,0.0,0.028077815875059406,0.0,0.0,0.0,1.8749719417419008,0.27,0.06
3753,0.1664803655963624,0.07707205921959111,0.0,0.0,0.0,0.08940830637677129,0.0,1.78085793502951,0.27,0.06
3754,0.11323658095806194,0.1183639431518988,0.0,0.00512736219383686,0.0,0.0,0.0,1.78085793502951,0.27,0.06
3755,0.05980620876186019,0.1676937355248672,0.0,-0.0,0.107887526763007,0.0,0.0,1.8833510854543667,0.27,0.06
3756,0.08103893273178445,0.2553299029807551,0.0,-0.0,0.17429097024897064,0.0,0.0,2.048927507190889,0.27,0.06
3757,0.14632003043892539,0.12052269570453343,0.0,0.0,0.0,0.025797334734391955,0.0,2.021772417996792,0.27,0.06
3758,0.056115457249165064,0.08446693498499885,0.0,0.02835147773583379,0.0,0.0,0.0,2.021772417996792,0.27,0.06
3759,0.07217034384429563,0.09705200305780455,0.0,0.0,0.02488165921350892,0.0,0.0,2.0454099942496256,0.27,0.06
3760,0.10558753566105536,0.06724284546929761,0.0,0.0,0.0,0.03834469019175775,0.0,2.005047162468828,0.27,0.06
3761,0.10311267171951351,0.10334453709420736,0.0,0.00023186537469385704,0.0,0.0,0.0,2.005047162468828,0.27,0.06
3762,0.099360029022462,0.24044828963918918,0.0,0.0,0.1410882606167272,0.0,0.0,2.139081010054719,0.27,0.06
3763,0.08740197322979112,0.19465517698011142,0.0,0.1072532037503203,0.0,0.0,0.0,2.139081010054719,0.27,0.06
3764,0.1374420403588757,0.08455879679574922,0.0,0.0,0.0,0.05288324356312647,0.0,2.0834144378830066,0.27,0.06
3765,0.10085325177414893,0.022506143633849604,0.0,0.0,0.0,0.07834710814029933,0.0,2.0009437977353235,0.27,0.06
3766,0.3000984708812706,4.5930905375203305e-05,0.0,0.0,0.0,0.3000525399758954,0.0,1.6850990188133281,0.27,0.06
3767,0.15245848689243202,0.0,0.0,0.0,0.0,0.15245848689243202,0.0,1.5246164010318208,0.27,0.06
3768,0.10562853530638856,0.0,0.0,0.0,0.0,0.10562853530638856,0.0,1.4134284691303591,0.27,0.06
3769,0.13669464555031918,0.0,0.0,0.0,0.0,0.13669464555031918,0.0,1.2695393685510759,0.27,0.06
3770,0.06608790282979507,0.0,0.0,0.0,0.0,0.06608790282979507,0.0,1.1999731550460284,0.27,0.06
3771,0.044473124839983,0.0,0.0,0.0,0.0,0.044473124839983,0.0,1.1531593394249937,0.27,0.06
3772,0.0394037928959912,0.0,0.0,0.0,0.0,0.0394037928959912,0.0,1.1116816626923713,0.27,0.06
3773,0.05562816210144782,0.0,0.0,0.0,0.0,0.05562816210144782,0.0,1.0531257025855842,0.27,0.06
3774,0.03263193109372331,0.0,0.0,0.0,0.0,0.03263193109372331,0.0,1.0187763014342965,0.27,0.06
3775,0.04286982979206744,0.02503234342948578,0.0,0.0,0.0,0.01783748636258166,0.0,1.0,0.27,0.06
3776,0.05918207403354056,0.0790930190561001,0.0,0.019910945022559537,0.0,0.0,0.0,1.0,0.27,0.06
3777,0.14761530585836685,0.2836692715972553,0.0,0.13605396573888845,0.0,0.0,0.0,1.0,0.27,0.06
3778,0.1367094001997543,0.39978260038576935,0.0,0.26307320018601504,0.0,0.0,0.0,1.0,0.27,0.06
3779,0.06857321254084857,0.5464859121541686,0.0,0.47791269961332006,0.0,0.0,0.0,1.0,0.27,0.06
3780,0.22954330414770951,0.7000788597288483,0.0,0.4705355555811388,0.0,0.0,0.0,1.0,0.27,0.06
3781,0.16399166101021742,0.7740735482883009,0.0,0.6100818872780834,0.0,0.0,0.0,1.0,0.27,0.06
3782,0.11552707706772364,0.9613338495030046,0.0,0.39582986827366184,0.44997690416161906,0.0,0.0,1.427478058953538,0.27,0.06
3783,0.22147512234904881,0.7368695149343861,0.0,0.5153943925853373,0.0,0.0,0.0,1.427478058953538,0.27,0.06
3784,0.08310105820549812,0.6169898519051056,0.0,-0.0,0.5338887936996075,0.0,0.0,1.9346724129681652,0.27,0.06
3785,0.10344693634388549,0.4063047889490481,0.0,-5.551115123125783e-17,0.3028578526051627,0.0,0.0,2.2223873729430696,0.27,0.06
3786,0.2047535345148387,0.39597033523962755,0.0,0.19121680072478886,0.0,0.0,0.0,2.2223873729430696,0.27,0.06
3787,0.08996353705827945,0.23181327942865088,0.0,0.14184974237037143,0.0,0.0,0.0,2.2223873729430696,0.27,0.06
3788,0.09144513889138456,0.0810680479872338,0.0,-2.7755575615628914e-17,0.0,0.010377090904150732,0.0,2.211464119359753,0.27,0.06
3789,0.21256148608054098,0.023195107214477654,0.0,0.0,0.0,0.18936637886606333,0.0,2.012131088974423,0.27,0.06
3790,0.22320468063593643,0.0005971017698776418,0.0,0.0,0.0,0.22260757886605878,0.0,1.7778073217469927,0.27,0.06
3791,0.16470145104853273,0.0,0.0,0.0,0.0,0.16470145104853273,0.0,1.6044373732748531,0.27,0.06
3792,0.1036315653200035,0.0,0.0,0.0,0.0,0.1036315653200035,0.0,1.4953515150432706,0.27,0.06
3793,0.17524697765899386,0.0,0.0,0.0,0.0,0.17524697765899386,0.0,1.3108810122443297,0.27,0.06
3794,0.07271822445518031,0.0,0.0,0.0,0.0,0.07271822445518031,0.0,1.2343355128178242,0.27,0.06
3795,0.04339081254645975,0.0,0.0,0.0,0.0,0.04339081254645975,0.0,1.188660973295235,0.27,0.06
3796,0.04807560960030482,0.0,0.0,0.0,0.0,0.04807560960030482,0.0,1.1380550684528088,0.27,0.06
3797,0.03960487395908997,0.0,0.0,0.0,0.0,0.03960487395908997,0.0,1.0963657274432403,0.27,0.06
3798,0.047925451663575216,0.0,0.0,0.0,0.0,0.047925451663575216,0.0,1.0459178835868455,0.27,0.06
3799,0.06929736551224187,0.025675376104738634,0.0,0.0,0.0,0.04362198940750324,0.0,1.0,0.27,0.06
3800,0.03149686766416632,0.10293115894583049,0.0,0.07143429128166418,0.0,0.0,0.0,1.0,0.27,0.06
3801,0.022123225820790394,0.23190514123940117,0.0,0.20978191541861077,0.0,0.0,0.0,1.0,0.27,0.06
3802,0.18179490827735637,0.5857109053445922,0.0,0.4039159970672359,0.0,0.0,0.0,1.0,0.27,0.06
3803,0.1981679991262348,0.6970474199740848,0.0,0.49887942084785,0.0,0.0,0.0,1.0,0.27,0.06
3804,0.1944993143016332,0.8014942987972973,0.0,0.6069949844956641,0.0,0.0,0.0,1.0,0.27,0.06
3805,0.22306131244938918,0.8394791575425903,0.0,0.6164178450932011,0.0,0.0,0.0,1.0,0.27,0.06
3806,0.11507451410363237,0.7063713937652514,0.0,0.14563534654988053,0.4456615331117385,0.0,0.0,1.4233784564561516,0.27,0.06
3807,0.05220691144215263,0.6528159580977642,0.0,-0.0,0.6006090466556115,0.0,0.0,1.9939570507789826,0.27,0.06
3808,0.23179214775144358,0.5793265094974389,0.0,0.34753436174599533,0.0,0.0,0.0,1.9939570507789826,0.27,0.06
3809,0.11804803296723557,0.40005818581802055,0.0,-0.0,0.282010152850785,0.0,0.0,2.2618666959872282,0.27,0.06
3810,0.08169975822551369,0.40726933796192755,0.0,0.32556957973641387,0.0,0.0,0.0,2.2618666959872282,0.27,0.06
3811,0.2105014497607302,0.22717425798575552,0.0,0.016672808225025315,0.0,0.0,0.0,2.2618666959872282,0.27,0.06
3812,0.08874164316965699,0.07624530292283746,0.0,0.0,0.0,0.012496340246819532,0.0,2.248712653622155,0.27,0.06
3813,0.16413986036516381,0.028569023143376428,0.0,0.0,0.0,0.1355708372217874,0.0,2.1060065091781683,0.27,0.06
3814,0.1538309304341407,0.0003215163376264229,0.0,0.0,0.0,0.15350941409651428,0.0,1.9444176522344692,0.27,0.06
3815,0.2227461113543762,0.0,0.0,2.7755575615628914e-17,0.0,0.22274611135437622,0.0,1.7099480613351257,0.27,0.06
3816,0.18449631484518156,0.0,0.0,0.0,0.0,0.18449631484518156,0.0,1.5157414141296712,0.27,0.06
3817,0.157048488587959,0.0,0.0,5.551115123125783e-17,0.0,0.15704848858795906,0.0,1.3504272156160302,0.27,0.06
3818,0.0839604838920672,0.0,0.0,0.0,0.0,0.0839604838920672,0.0,1.2620477588875385,0.27,0.06
3819,0.03954859737584619,0.0,0.0,0.0,0.0,0.03954859737584619,0.0,1.2204176563866478,0.27,0.06
3820,0.04651187790441444,0.0,0.0,0.0,0.0,0.04651187790441444,0.0,1.1714577849083168,0.27,0.06
3821,0.05715742275794981,0.0,0.0,0.0,0.0,0.05715742275794981,0.0,1.1112920767420538,0.27,0.06
3822,0.04160719740234969,0.0,0.0,0.0,0.0,0.04160719740234969,0.0,1.0674950268448435,0.27,0.06
3823,0.07022181611402076,0.019336911162960588,0.0,0.0,0.0,0.05088490495106017,0.0,1.0139319690016224,0.27,0.06
3824,0.04745617546826544,0.12052269570453349,0.0,0.073066520236268,0.0,-5.551115123125783e-17,0.0,1.0139319690016224,0.27,0.06
3825,0.19052704930059963,0.2491751616604778,0.0,0.05864811235987831,0.0,1.5265566588595902e-16,0.0,1.0139319690016222,0.27,0.06
3826,0.13852618066206376,0.521729154156934,0.0,0.3832029734948702,0.0,0.0,0.0,1.0139319690016222,0.27,0.06
3827,0.07373773155951499,0.631963327057422,0.0,0.558225595497907,0.0,0.0,0.0,1.0139319690016222,0.27,0.06
3828,0.21321434667501796,0.8550956653701596,0.0,0.6418813186951416,0.0,0.0,0.0,1.0139319690016222,0.27,0.06
3829,0.2637320466150219,0.8391117102995888,0.0,-1.1102230246251565e-16,0.5753796636845669,0.0,0.0,1.5605426495019608,0.27,0.06
3830,0.09220193489250186,0.7951099029501437,0.0,-0.0,0.7029079680576419,0.0,0.0,2.2283052191567205,0.27,0.06
3831,0.11969167479988987,0.6019704458474142,0.0,0.48227877104752437,0.0,0.0,0.0,2.2283052191567205,0.27,0.06
3832,0.25094211585286863,0.5975151480260195,0.0,0.34657303217315083,0.0,0.0,0.0,2.2283052191567205,0.27,0.06
3833,0.1263878047731984,0.4507199744468697,0.0,0.3243321696736713,0.0,0.0,0.0,2.2283052191567205,0.27,0.06
3834,0.18439512145303794,0.3791596238723029,0.0,0.19476450241926496,0.0,0.0,0.0,2.2283052191567205,0.27,0.06
3835,0.1528268308398357,0.22708239617500509,0.0,0.07425556533516939,0.0,0.0,0.0,2.2283052191567205,0.27,0.06
3836,0.10891843041407494,0.07629123382821265,0.0,0.0,0.0,0.032627196585862286,0.0,2.1939608016979184,0.27,0.06
3837,0.09615500579205757,0.021357870999469526,0.0,0.0,0.0,0.07479713479258805,0.0,2.115226975600457,0.27,0.06
3838,0.15108095103808644,0.0,0.0,2.7755575615628914e-17,0.0,0.15108095103808647,0.0,1.9561943955603656,0.27,0.06
3839,0.15999563188354532,0.0,0.0,0.0,0.0,0.15999563188354532,0.0,1.7877779409461074,0.27,0.06
3840,0.19301614560310104,0.0,0.0,0.0,0.0,0.19301614560310104,0.0,1.5846030508375801,0.27,0.06
3841,0.069691432167068,0.0,0.0,2.7755575615628914e-17,0.0,0.06969143216706802,0.0,1.511243648556456,0.27,0.06
3842,0.11538919291017019,0.0,0.0,0.0,0.0,0.11538919291017019,0.0,1.389781340229961,0.27,0.06
3843,0.05213052675259894,0.0,0.0,0.0,0.0,0.05213052675259894,0.0,1.3349071015430147,0.27,0.06
3844,0.053142591246156556,0.0,0.0,0.0,0.0,0.053142591246156556,0.0,1.2789675318102183,0.27,0.06
3845,0.042118256675705935,0.0,0.0,0.0,0.0,0.042118256675705935,0.0,1.2346325247831593,0.27,0.06
3846,0.06049497668903294,0.0,0.0,0.0,0.0,0.06049497668903294,0.0,1.1709536019525983,0.27,0.06
3847,0.05327930025463987,0.02576723791548903,0.0,0.0,0.0,0.027512062339150843,0.0,1.1419935363324396,0.27,0.06
3848,0.044126586436434814,0.11289816541224962,0.0,0.0687715789758148,0.0,0.0,0.0,1.1419935363324396,0.27,0.06
3849,0.07508497468227687,0.25983113170752486,0.0,0.184746157025248,0.0,0.0,0.0,1.1419935363324396,0.27,0.06
3850,0.07375379193013906,0.5489661810444295,0.0,0.4752123891142904,0.0,0.0,0.0,1.1419935363324396,0.27,0.06
3851,0.252910098828859,0.7056364992792478,0.0,0.45272640045038876,0.0,0.0,0.0,1.1419935363324396,0.27,0.06
3852,0.10958904881672131,0.7444481143212947,0.0,0.6348590655045734,0.0,0.0,0.0,1.1419935363324396,0.27,0.06
3853,0.09818553281299874,0.9316624846306233,0.0,0.8334769518176246,0.0,0.0,0.0,1.1419935363324396,0.27,0.06
3854,0.09996588365413638,0.9195826565169448,0.0,0.8196167728628084,0.0,0.0,0.0,1.1419935363324396,0.27,0.06
3855,0.21480941567944312,0.7170273638122986,0.0,0.5022179481328555,0.0,0.0,0.0,1.1419935363324396,0.27,0.06
3856,0.0,0.593794744690628,0.0,0.593794744690628,0.0,0.0,0.0,1.1419935363324396,0.27,0.06
3857,0.0,0.4539351378231339,0.0,0.4539351378231339,0.0,0.0,0.0,1.1419935363324396,0.27,0.06
3858,0.0,0.3918365537558592,0.0,0.3918365537558592,0.0,0.0,0.0,1.1419935363324396,0.27,0.06
3859,0.0,0.2090315503625501,0.0,0.2090315503625501,0.0,0.0,0.0,1.1419935363324396,0.27,0.06
3860,0.0,0.07872557181309844,0.0,0.07872557181309844,0.0,0.0,0.0,1.1419935363324396,0.27,0.06
3861,0.0,0.023286969025228064,0.0,0.0,0.023286969025228064,0.0,0.0,1.1641161569064062,0.27,0.06
3862,0.0,0.0004133781483768295,0.0,0.0004133781483768295,0.0,0.0,0.0,1.1641161569064062,0.27,0.06
3863,0.0,0.0,0.0,0.0,0.0,0.0,0.0,1.1641161569064062,0.27,0.06
3864,0.0,0.0,0.0,0.0,0.0,0.0,0.0,1.1641161569064062,0.27,0.06
3865,0.0,0.0,0.0,0.0,0.0,0.0,0.0,1.1641161569064062,0.27,0.06
3866,0.0,0.0,0.0,0.0,0.0,0.0,0.0,1.1641161569064062,0.27,0.06
3867,0.0,0.0,0.0,0.0,0.0,0.0,0.0,1.1641161569064062,0.27,0.06
3868,0.0,0.0,0.0,-0.0,0.0,0.0,0.0,1.1641161569064062,0.27,0.06
3869,0.06306711685915181,0.0,0.0,0.0,0.0,0.06306711685915181,0.0,1.0977297181072991,0.27,0.06
3870,0.06283143418454581,0.0,0.0,0.0,0.0,0.06283143418454581,0.0,1.031591366334093,0.27,0.06
3871,0.04820043654596875,0.018188638528580502,0.0,0.0,0.0,0.030011798017388246,0.0,1.0,0.27,0.06
3872,0.06599532719749819,0.12382972089154799,0.0,0.0578343936940498,0.0,0.0,0.0,1.0,0.27,0.06
3873,0.062370384032726434,0.2672260074729327,0.0,0.20485562344020625,0.0,0.0,0.0,1.0,0.27,0.06
3874,0.08808577941644588,0.5735851463255386,0.0,0.4854993669090927,0.0,0.0,0.0,1.0,0.27,0.06
3875,0.06520118757037693,0.654147954353645,0.0,0.5889467667832681,0.0,0.0,0.0,1.0,0.27,0.06
3876,0.08130007696957514,0.8354372378695725,0.0,0.7541371608999974,0.0,0.0,0.0,1.0,0.27,0.06
3877,0.1732776889618148,0.9710712014425475,0.0,0.7224076244472424,0.07538588803349035,0.0,0.0,1.0716165936318158,0.27,0.06
3878,0.1095003903479913,0.9243594706759661,0.0,0.8148590803279748,0.0,0.0,0.0,1.0716165936318158,0.27,0.06
3879,0.03634840531384077,0.6881827552366707,0.0,-1.1102230246251565e-16,0.6518343499228301,0.0,0.0,1.6908592260585042,0.27,0.06
3880,0.03598123651550712,0.6104217324364516,0.0,0.5744404959209445,0.0,0.0,0.0,1.6908592260585042,0.27,0.06
3881,0.041060230796297184,0.4692301293130766,0.0,-0.0,0.42816989851677945,0.0,0.0,2.0976206296494446,0.27,0.06
3882,0.06138587025625576,0.3870597395968381,0.0,0.32567386934058234,0.0,0.0,0.0,2.0976206296494446,0.27,0.06
3883,0.17034164429633475,0.23291562115765585,0.0,0.0625739768613211,0.0,0.0,0.0,2.0976206296494446,0.27,0.06
3884,0.11841559348192586,0.07969012082597769,0.0,0.0,0.0,0.03872547265594817,0.0,2.0568569742221308,0.27,0.06
3885,0.10804790609739981,0.02209276548547277,0.0,0.0,0.0,0.08595514061192704,0.0,1.9663778788411548,0.27,0.06
3886,0.22146741859403407,0.0005511708645024391,0.0,0.0,0.0,0.22091624772953164,0.0,1.7338344601784899,0.27,0.06
3887,0.2710149676906459,0.0,0.0,0.0,0.0,0.2710149676906459,0.0,1.4485555468199154,0.27,0.06
3888,0.14705188716533354,0.0,0.0,2.7755575615628914e-17,0.0,0.14705188716533357,0.0,1.2937640866458802,0.27,0.06
3889,0.08416639612356512,0.0,0.0,1.3877787807814457e-17,0.0,0.08416639612356513,0.0,1.2051678802000219,0.27,0.06
3890,0.04442638002141847,0.0,0.0,0.0,0.0,0.04442638002141847,0.0,1.1584032696511604,0.27,0.06
3891,0.029300383480109268,0.0,0.0,0.0,0.0,0.029300383480109268,0.0,1.1275607607247295,0.27,0.06
3892,0.026966406854855483,0.0,0.0,0.0,0.0,0.026966406854855483,0.0,1.099175069298566,0.27,0.06
3893,0.04515510301697326,0.0,0.0,0.0,0.0,0.04515510301697326,0.0,1.0516433819122784,0.27,0.06
3894,0.04020080510972825,0.0,0.0,0.0,0.0,0.04020080510972825,0.0,1.0093267449546697,0.27,0.06
3895,0.028013595248395924,0.019153187541459765,0.0,0.0,0.0,0.00886040770693616,0.0,1.0,0.27,0.06
3896,0.04148916020686828,0.12102793566366063,0.0,0.07953877545679236,0.0,0.0,0.0,1.0,0.27,0.06
3897,0.17039021712456381,0.26414863681279416,0.0,0.09375841968823034,0.0,0.0,0.0,1.0,0.27,0.06
3898,0.12541425905471487,0.5663280632762566,0.0,0.44091380422154175,0.0,0.0,0.0,1.0,0.27,0.06
3899,0.049141600378966185,0.721941970687445,0.0,0.6728003703084788,0.0,0.0,0.0,1.0,0.27,0.06
3900,0.12847173579076762,0.8900490843606891,0.0,0.7615773485699214,0.0,0.0,0.0,1.0,0.27,0.06
3901,0.2154554865237371,0.9026800833388701,0.0,0.6872245968151329,0.0,0.0,0.0,1.0,0.27,0.06
3902,0.053917797916038,0.9367608151272708,0.0,0.8828430172112328,0.0,0.0,0.0,1.0,0.27,0.06
3903,0.07981729998739986,0.7215745234444435,0.0,-1.1102230246251565e-16,0.6417572234570438,0.0,0.0,1.6096693622841916,0.27,0.06
3904,0.1051895518426625,0.6131775867589637,0.0,0.5079880349163012,0.0,0.0,0.0,1.6096693622841916,0.27,0.06
3905,0.1768490975578395,0.4787378267257437,0.0,0.21745443018809124,0.08443429897981297,0.0,0.0,1.6898819463150139,0.27,0.06
3906,0.13215086638488108,0.3914231756074823,0.0,-0.0,0.25927230922260125,0.0,0.0,1.936190640076485,0.27,0.06
3907,0.07901650118221487,0.23227258848240306,0.0,-0.0,0.1532560873001882,0.0,0.0,2.0817839230116637,0.27,0.06
3908,0.15783100729649874,0.08102211708185862,0.0,0.0,0.0,0.07680889021464012,0.0,2.000932459627832,0.27,0.06
3909,0.11930061130379836,0.022735798160725608,0.0,0.0,0.0,0.09656481314307275,0.0,1.8992852878982815,0.27,0.06
3910,0.26936362210297643,0.0005971017698776418,0.0,0.0,0.0,0.2687665203330988,0.0,1.616373161231862,0.27,0.06
3911,0.16595455167357093,0.0,0.0,0.0,0.0,0.16595455167357093,0.0,1.4416841594702081,0.27,0.06
3912,0.12490607236797424,0.0,0.0,-1.3877787807814457e-17,0.0,0.12490607236797423,0.0,1.3102040832933932,0.27,0.06
3913,0.04748346504111463,0.0,0.0,0.0,0.0,0.04748346504111463,0.0,1.2602214885132725,0.27,0.06
3914,0.05279840314074844,0.0,0.0,0.0,0.0,0.05279840314074844,0.0,1.204644222049327,0.27,0.06
3915,0.03109718640822775,0.0,0.0,6.938893903907228e-18,0.0,0.031097186408227756,0.0,1.1719103416196135,0.27,0.06
3916,0.04999240830568812,0.0,0.0,0.0,0.0,0.04999240830568812,0.0,1.1192867539294153,0.27,0.06
3917,0.035854320415940874,0.0,0.0,1.3877787807814457e-17,0.0,0.03585432041594089,0.0,1.0815453640178987,0.27,0.06
3918,0.04649477295683919,0.0,0.0,0.0,0.0,0.04649477295683919,0.0,1.0326034977475416,0.27,0.06
3919,0.05072361217150194,0.01975028931133741,0.0,0.0,0.0,0.030973322860164527,0.0,1.0,0.27,0.06
3920,0.04178673406583075,0.1211197974744111,0.0,0.07933306340858035,0.0,0.0,0.0,1.0,0.27,0.06
3921,0.15036959413434475,0.2711301344298249,0.0,0.12076054029548017,0.0,0.0,0.0,1.0,0.27,0.06
3922,0.11282815137015743,0.5715182555836545,0.0,0.4586901042134971,0.0,0.0,0.0,1.0,0.27,0.06
3923,0.05470096948517209,0.7152360585026656,0.0,0.6605350890174935,0.0,0.0,0.0,1.0,0.27,0.06
3924,0.05581461908723031,0.8877525390919289,0.0,-1.1102230246251565e-16,0.8319379200046987,0.0,0.0,1.7903410240044637,0.27,0.06
3925,0.13784211333117125,0.9468656143098158,0.0,0.8090235009786445,0.0,0.0,0.0,1.7903410240044637,0.27,0.06
3926,0.14676697880190392,0.9350154407230132,0.0,0.7882484619211093,0.0,0.0,0.0,1.7903410240044637,0.27,0.06
3927,0.2529734263065235,0.7023754049976084,0.0,0.44940197869108495,0.0,0.0,0.0,1.7903410240044637,0.27,0.06
3928,0.05487293296575732,0.5995820387679037,0.0,0.5447091058021464,0.0,0.0,0.0,1.7903410240044637,0.27,0.06
3929,0.064468808555493,0.46045732638641296,0.0,0.02586816181579904,0.3701203560151209,0.0,0.0,2.1419553622188285,0.27,0.06
3930,0.15543957893893093,0.3759903914014141,0.0,0.22055081246248318,0.0,0.0,0.0,2.1419553622188285,0.27,0.06
3931,0.1583222196077829,0.23498251189953984,0.0,0.07666029229175694,0.0,0.0,0.0,2.1419553622188285,0.27,0.06
3932,0.16556897220647307,0.08253783695924027,0.0,0.0,0.0,0.0830311352472328,0.0,2.0545541672217413,0.27,0.06
3933,0.12980409369197538,0.022598005444600004,0.0,0.0,0.0,0.10720608824737538,0.0,1.9417056532771355,0.27,0.06
3934,0.1898188261277115,0.0006889635806280488,0.0,0.0,0.0,0.18912986254708344,0.0,1.7426215874381004,0.27,0.06
3935,0.2783734900231106,0.0,0.0,0.0,0.0,0.2783734900231106,0.0,1.449596861097984,0.27,0.06
3936,0.1561676490738913,0.0,0.0,0.0,0.0,0.1561676490738913,0.0,1.2852098620728352,0.27,0.06
3937,0.05840268905585431,0.0,0.0,0.0,0.0,0.05840268905585431,0.0,1.223733347277199,0.27,0.06
3938,0.04279762341031831,0.0,0.0,-1.3877787807814457e-17,0.0,0.04279762341031829,0.0,1.1786832173716009,0.27,0.06
3939,0.024061699497910254,0.0,0.0,0.0,0.0,0.024061699497910254,0.0,1.1533551126369586,0.27,0.06
3940,0.04559330304798587,0.0,0.0,0.0,0.0,0.04559330304798587,0.0,1.1053621620601313,0.27,0.06
3941,0.02368604351184844,0.0,0.0,0.0,0.0,0.02368604351184844,0.0,1.0804294846792382,0.27,0.06
3942,0.03674769485342269,0.0,0.0,0.0,0.0,0.03674769485342269,0.0,1.0417477006230038,0.27,0.06
3943,0.05670068148605398,0.01704036589420041,0.0,0.0,0.0,0.03966031559185357,0.0,1.0,0.27,0.06
3944,0.04484029363831665,0.07583192477446063,0.0,0.030991631136143977,0.0,0.0,0.0,1.0,0.27,0.06
3945,0.14570281603290713,0.22042241489560055,0.0,0.07471959886269341,0.0,0.0,0.0,1.0,0.27,0.06
3946,0.09597690542188436,0.3684117920145056,0.0,0.2724348865926212,0.0,0.0,0.0,1.0,0.27,0.06
3947,0.08701469632514763,0.5365648365931246,0.0,0.44955014026797696,0.0,0.0,0.0,1.0,0.27,0.06
3948,0.0635776538440325,0.694842736516075,0.0,0.6312650826720425,0.0,0.0,0.0,1.0,0.27,0.06
3949,0.1960448964729969,0.7449074233750468,0.0,0.54886252690205,0.0,0.0,0.0,1.0,0.27,0.06
3950,0.09922893461509112,0.8806332487587722,0.0,0.04179710041770479,0.7396072137259764,0.0,0.0,1.7026268530396775,0.27,0.06
3951,0.1347099493431103,0.5918656466648697,0.0,-5.551115123125783e-17,0.4571556973217595,0.0,0.0,2.136924765495349,0.27,0.06
3952,0.1322060983911735,0.4168688971853449,0.0,0.28466279879417145,0.0,0.0,0.0,2.136924765495349,0.27,0.06
3953,0.07808160481092438,0.4409366916019514,0.0,0.36285508679102707,0.0,0.0,0.0,2.136924765495349,0.27,0.06
3954,0.2914193421382985,0.3165098689405257,0.0,0.025090526802227175,0.0,0.0,0.0,2.136924765495349,0.27,0.06
3955,0.07401023557164951,0.2370953335467993,0.0,-8.326672684688674e-17,0.16308509797514986,0.0,0.0,2.2918556085717414,0.27,0.06
3956,0.18317035497779982,0.08120584070335937,0.0,0.0,0.0,0.10196451427444045,0.0,2.1845245409144356,0.27,0.06
3957,0.12110407340998045,0.032289426478767896,0.0,0.0,0.0,0.08881464693121255,0.0,2.09103543888158,0.27,0.06
3958,0.2641797784107135,0.0006889635806280488,0.0,0.0,0.0,0.26349081483008546,0.0,1.8136766864288587,0.27,0.06
3959,0.23415850626218357,0.0,0.0,0.0,0.0,0.23415850626218357,0.0,1.5671940482581392,0.27,0.06
3960,0.13400081216538984,0.0,0.0,0.0,0.0,0.13400081216538984,0.0,1.4261405617682552,0.27,0.06
3961,0.11255316648776394,0.0,0.0,0.0,0.0,0.11255316648776394,0.0,1.3076635444127143,0.27,0.06
3962,0.04409485741154326,0.0,0.0,-2.0816681711721685e-17,0.0,0.04409485741154324,0.0,1.2612479050321426,0.27,0.06
3963,0.06763909960227144,0.0,0.0,0.0,0.0,0.06763909960227144,0.0,1.1900488528192252,0.27,0.06
3964,0.04482436383981137,0.0,0.0,0.0,0.0,0.04482436383981137,0.0,1.142865311935213,0.27,0.06
3965,0.04459416519419894,0.0,0.0,0.0,0.0,0.04459416519419894,0.0,1.0959240854150036,0.27,0.06
3966,0.06934097659995306,0.0,0.0,0.0,0.0,0.06934097659995306,0.0,1.0229335837308424,0.27,0.06
3967,0.043282568259895494,0.021495663715595123,0.0,0.0,0.0,0.02178690454430037,0.0,1.0,0.27,0.06
3968,0.06412514273856063,0.09663862490942775,0.0,0.03251348217086712,0.0,0.0,0.0,1.0,0.27,0.06
3969,0.20472441693232518,0.228873701484638,0.0,0.024149284552312827,0.0,0.0,0.0,1.0,0.27,0.06
3970,0.1719495093684117,0.19042953368559273,0.0,0.018480024317181043,0.0,0.0,0.0,1.0,0.27,0.06
3971,0.08465081868466676,0.5304100952728475,0.0,0.4457592765881808,0.0,0.0,0.0,1.0,0.27,0.06
3972,0.10300403571659256,0.6087222889375691,0.0,0.5057182532209765,0.0,0.0,0.0,1.0,0.27,0.06
3973,0.044123713849819106,0.9291362848349872,0.0,0.8850125709851682,0.0,0.0,0.0,1.0,0.27,0.06
3974,0.030845182218759783,0.911039508117157,0.0,0.18889656392835863,0.6912977619700386,0.0,0.0,1.6567328738715366,0.27,0.06
3975,0.022189817601426975,0.6763325816498683,0.0,0.0,0.6541427640484413,0.0,0.0,2.2781684997175558,0.27,0.06
3976,0.030114631213540473,0.6018785840366637,0.0,0.5717639528231232,0.0,0.0,0.0,2.2781684997175558,0.27,0.06
3977,0.02225497308875572,0.46358062795192667,0.0,0.44132565486317094,0.0,0.0,0.0,2.2781684997175558,0.27,0.06
3978,0.04247850515173815,0.38168582366793924,0.0,0.3392073185162011,0.0,0.0,0.0,2.2781684997175558,0.27,0.06
3979,0.07822027240119123,0.23057314498352055,0.0,0.15235287258232932,0.0,0.0,0.0,2.2781684997175558,0.27,0.06
3980,0.17640985294987574,0.08111397889260902,0.0,-2.7755575615628914e-17,0.0,0.0952958740572667,0.0,2.1778570533414854,0.27,0.06
3981,0.10366812551329418,0.023470692646728866,0.0,0.0,0.0,0.08019743286656532,0.0,2.0934387029556274,0.27,0.06
3982,0.16617117081881827,0.0008726872021288619,0.0,0.0,0.0,0.16529848361668942,0.0,1.919440299148586,0.27,0.06
3983,0.17306328954258868,0.0,0.0,0.0,0.0,0.17306328954258868,0.0,1.7372684154195452,0.27,0.06
3984,0.2522471841812275,0.0,0.0,0.0,0.0,0.2522471841812275,0.0,1.4717450636498322,0.27,0.06
3985,0.18047325728989802,0.0,0.0,0.0,0.0,0.18047325728989802,0.0,1.281773213870992,0.27,0.06
3986,0.03197854821077115,0.0,0.0,0.0,0.0,0.03197854821077115,0.0,1.2481115841754435,0.27,0.06
3987,0.05169833303905538,0.0,0.0,0.0,0.0,0.05169833303905538,0.0,1.1936922862395958,0.27,0.06
3988,0.04358001154673906,0.0,0.0,-1.3877787807814457e-17,0.0,0.043580011546739045,0.0,1.1478185898746074,0.27,0.06
3989,0.027897647206816877,0.0,0.0,0.0,0.0,0.027897647206816877,0.0,1.118452645446379,0.27,0.06
3990,0.05878931309990344,0.0,0.0,0.0,0.0,0.05878931309990344,0.0,1.0565691579727965,0.27,0.06
3991,0.07335319666936832,0.01961249659521181,0.0,6.938893903907228e-18,0.0,0.05374070007415652,0.0,1.0,0.27,0.06
3992,0.034406667333748545,0.11207140911549601,0.0,0.07766474178174747,0.0,0.0,0.0,1.0,0.27,0.06
3993,0.13808915578012113,0.2435256602993278,0.0,0.10543650451920666,0.0,0.0,0.0,1.0,0.27,0.06
3994,0.09119652957700794,0.5370700765522519,0.0,0.44587354697524395,0.0,0.0,0.0,1.0,0.27,0.06
3995,0.23563057633060944,0.6750465162993626,0.0,0.43941593996875317,0.0,0.0,0.0,1.0,0.27,0.06
3996,0.17725008453496705,0.7845457947138473,0.0,0.6072957101788803,0.0,0.0,0.0,1.0,0.27,0.06
3997,0.2410094947685019,0.8456338988628676,0.0,0.6046244040943657,0.0,0.0,0.0,1.0,0.27,0.06
3998,0.14862293089988193,0.8821948995415295,0.0,-0.0,0.7335719686416475,0.0,0.0,1.696893370209565,0.27,0.06
3999,0.14424249745518194,0.6904333696000556,0.0,0.08880475463043613,0.4573861175144376,0.0,0.0,2.1314101818482807,0.27,0.06
4000,0.15787122350911836,0.5932435738261255,0.0,0.4353723503170071,0.0,0.0,0.0,2.1314101818482807,0.27,0.06
4001,0.14894949176923927,0.4548537559306381,0.0,0.3059042641613988,0.0,0.0,0.0,2.1314101818482807,0.27,0.06
4002,0.23291310939215987,0.35660754933307814,0.0,0.12369443994091828,0.0,0.0,0.0,2.1314101818482807,0.27,0.06
4003,0.09427189469334932,0.20053433286813757,0.0,0.10626243817478825,0.0,0.0,0.0,2.1314101818482807,0.27,0.06
4004,0.12383485870455713,0.07100917971006428,0.0,0.0,0.0,0.05282567899449285,0.0,2.0758042039593407,0.27,0.06
4005,0.15725727340607268,0.023975932605856096,0.0,0.0,0.0,0.1332813408002166,0.0,1.9355080557485864,0.27,0.06
4006,0.2639961940115471,0.0009645490128792685,0.0,0.0,0.0,0.2630316449986678,0.0,1.6586326399605151,0.27,0.06
4007,0.2593646703822108,0.0,0.0,0.0,0.0,0.2593646703822108,0.0,1.3856171974529248,0.27,0.06
4008,0.09912095147276469,0.0,0.0,0.0,0.0,0.09912095147276469,0.0,1.281279353797383,0.27,0.06
4009,0.03743071760736399,0.0,0.0,0.0,0.0,0.03743071760736399,0.0,1.2418785984212104,0.27,0.06
4010,0.05930285324351875,0.0,0.0,0.0,0.0,0.05930285324351875,0.0,1.1794545423754013,0.27,0.06
4011,0.02758179325120913,0.0,0.0,0.0,0.0,0.02758179325120913,0.0,1.1504210757951812,0.27,0.06
4012,0.05568443868469169,0.0,0.0,0.0,0.0,0.05568443868469169,0.0,1.0918058771797163,0.27,0.06
4013,0.03828309239951269,0.0,0.0,0.0,0.0,0.03828309239951269,0.0,1.051507885180229,0.27,0.06
4014,0.029381860482299932,0.0,0.0,0.0,0.0,0.029381860482299932,0.0,1.0205796109883345,0.27,0.06
4015,0.05487149667244937,0.03532086623353131,0.0,0.0,0.0,0.01955063043891806,0.0,1.0,0.27,0.06
4016,0.048831099880233125,0.09043795268377525,0.0,0.04160685280354212,0.0,0.0,0.0,1.0,0.27,0.06
4017,0.047527598417301184,0.2600148553290258,0.0,0.2124872569117246,0.0,0.0,0.0,1.0,0.27,0.06
4018,0.050322755766493185,0.45416479235001006,0.0,0.01582990264943357,0.3880121339340833,0.0,0.0,1.368611527237379,0.27,0.06
4019,0.0768520071672872,0.4201299914669844,0.0,0.0,0.3432779842996972,0.0,0.0,1.6947256123220913,0.27,0.06
4020,0.033918849897555545,0.37259150440364897,0.0,-1.1102230246251565e-16,0.3386726545060935,0.0,0.0,2.01646463410288,0.27,0.06
4021,0.09467066194445563,0.28757339855414765,0.0,-0.0,0.19290273660969204,0.0,0.0,2.1997222338820874,0.27,0.06
4022,0.08131992393164719,0.19272607895435295,0.0,0.11140615502270576,0.0,0.0,0.0,2.1997222338820874,0.27,0.06
4023,0.09606595560697101,0.2529414959012445,0.0,0.15687554029427347,0.0,0.0,0.0,2.1997222338820874,0.27,0.06
4024,0.06148941394653968,0.20159074369176722,0.0,0.14010132974522754,0.0,0.0,0.0,2.1997222338820874,0.27,0.06
4025,0.04022874754317179,0.23580926819629358,0.0,-4.163336342344337e-16,0.1955805206531222,0.0,0.0,2.3855237285025535,0.27,0.06
4026,0.06469352317211194,0.3709379918101417,0.0,-5.551115123125783e-17,0.30624446863802984,0.0,0.0,2.676455973708682,0.27,0.06
4027,0.1840595511074768,0.20007502381438547,0.0,0.016015472706908673,0.0,0.0,0.0,2.676455973708682,0.27,0.06
4028,0.16011458308385887,0.08809547650963993,0.0,-4.163336342344337e-17,0.0,0.0720191065742189,0.0,2.600646387841083,0.27,0.06
4029,0.08033815216967324,0.03178418651964066,0.0,0.0,0.0,0.04855396565003258,0.0,2.549536950314733,0.27,0.06
4030,0.22970273270488084,0.0002755854322512198,0.0,0.0,0.0,0.2294271472726296,0.0,2.3080346900277546,0.27,0.06
4031,0.23922483504744055,0.0,0.0,0.0,0.0,0.23922483504744055,0.0,2.0562190741883435,0.27,0.06
4032,0.10517975893374532,0.0,0.0,0.0,0.0,0.10517975893374532,0.0,1.9455035384686115,0.27,0.06
4033,0.05147440185514994,0.0,0.0,0.0,0.0,0.05147440185514994,0.0,1.8913199575684536,0.27,0.06
4034,0.024763002348497008,0.0,0.0,0.0,0.0,0.024763002348497008,0.0,1.8652536393068777,0.27,0.06
4035,0.022670061854723964,0.0,0.0,0.0,0.0,0.022670061854723964,0.0,1.841390416301905,0.27,0.06
4036,0.046498298404049426,0.0,0.0,0.0,0.0,0.046498298404049426,0.0,1.7924448390344845,0.27,0.06
4037,0.022603861790444026,0.0,0.0,0.0,0.0,0.022603861790444026,0.0,1.7686513003077013,0.27,0.06
4038,0.02278705447325415,0.0,0.0,-3.469446951953614e-18,0.0,0.022787054473254145,0.0,1.7446649271779602,0.27,0.06
4039,0.04614718997633987,0.0008267562967536591,0.0,0.0,0.0,0.04532043367958621,0.0,1.6969592075152378,0.27,0.06
4040,0.03191378443979911,0.020944492851092684,0.0,0.0,0.0,0.010969291588706423,0.0,1.6854125847902837,0.27,0.06
4041,0.04642648373865694,0.1064678386597212,0.0,0.060041354921064265,0.0,0.0,0.0,1.6854125847902837,0.27,0.06
4042,0.1582953217512903,0.14817310074040568,0.0,0.0,0.0,0.010122221010884613,0.0,1.674757615305142,0.27,0.06
4043,0.22973237257586987,0.34535447751615345,0.0,0.11562210494028358,0.0,0.0,0.0,1.674757615305142,0.27,0.06
4044,0.11176555546658731,0.2864710568251428,0.0,-1.1102230246251565e-16,0.1747055013585556,0.0,0.0,1.8407278415957697,0.27,0.06
4045,0.15230741495087013,0.3149482181577689,0.0,0.0,0.16264080320689878,0.0,0.0,1.9952366046423236,0.27,0.06
4046,0.11232440413545931,0.299377641235575,0.0,-0.0,0.18705323710011568,0.0,0.0,2.1729371798874335,0.27,0.06
4047,0.1032445495595978,0.1903836027802175,0.0,-0.0,0.08713905322061968,0.0,0.0,2.255719280447022,0.27,0.06
4048,0.05070885752206669,0.10058868277169523,0.0,-0.0,0.04987982524962854,0.0,0.0,2.303105114434169,0.27,0.06
4049,0.0623852692542805,0.07312200135732362,0.0,0.010736732103043121,0.0,0.0,0.0,2.303105114434169,0.27,0.06
4050,0.09579762990264112,0.09682234853092855,0.0,0.0010247186282874299,0.0,0.0,0.0,2.303105114434169,0.27,0.06
4051,0.10771768920871357,0.06623236555104313,0.0,0.0,0.0,0.041485323657670437,0.0,2.259436352689253,0.27,0.06
4052,0.20241302928364063,0.03812265146141873,0.0,0.0,0.0,0.1642903778222219,0.0,2.0864991128763877,0.27,0.06
4053,0.14293442596808864,0.018004914907079683,0.0,1.3877787807814457e-17,0.0,0.12492951106100897,0.0,1.9549943643911152,0.27,0.06
4054,0.17867266777033147,0.0005052399591272363,0.0,2.7755575615628914e-17,0.0,0.17816742781120426,0.0,1.7674497035372159,0.27,0.06
4055,0.15073284576911145,0.0,0.0,0.0,0.0,0.15073284576911145,0.0,1.608783550096046,0.27,0.06
4056,0.13285543353844012,0.0,0.0,0.0,0.0,0.13285543353844012,0.0,1.4689357253187405,0.27,0.06
4057,0.08040448280607213,0.0,0.0,0.0,0.0,0.08040448280607213,0.0,1.3842994276281382,0.27,0.06
4058,0.06635975398133506,0.0,0.0,2.7755575615628914e-17,0.0,0.06635975398133509,0.0,1.3144470550162066,0.27,0.06
4059,0.0443315846631005,0.0,0.0,0.0,0.0,0.0443315846631005,0.0,1.2677822290550482,0.27,0.06
4060,0.06901232657669344,0.0,0.0,0.0,0.0,0.06901232657669344,0.0,1.195137674763792,0.27,0.06
4061,0.04408741480076618,0.0,0.0,0.0,0.0,0.04408741480076618,0.0,1.148729869710354,0.27,0.06
4062,0.044338243841164124,0.0,0.0,0.0,0.0,0.044338243841164124,0.0,1.1020580340880761,0.27,0.06
4063,0.06960394884740813,0.010655970047047155,0.0,0.0,0.0,0.05894797880036097,0.0,1.040007530087696,0.27,0.06
4064,0.06926563648735037,0.06430326752528458,0.0,0.0,0.0,0.004962368962065797,0.0,1.0347839838118373,0.27,0.06
4065,0.18590283770992203,0.1528580530886765,0.0,0.0,0.0,0.03304478462124552,0.0,1.0,0.27,0.06
4066,0.0667384131261315,0.3411288342216347,0.0,0.2743904210955032,0.0,0.0,0.0,1.0,0.27,0.06
4067,0.10211627588022337,0.477865139523615,0.0,0.3757488636433916,0.0,0.0,0.0,1.0,0.27,0.06
4068,0.21494573297156994,0.7678269451572731,0.0,0.5528812121857032,0.0,0.0,0.0,1.0,0.27,0.06
4069,0.08919250869620257,0.8624446102301921,0.0,0.03336691150522453,0.7398851900287651,0.0,0.0,1.7028909305273268,0.27,0.06
4070,0.06726057102959383,0.7367317222182606,0.0,0.6694711511886667,0.0,0.0,0.0,1.7028909305273268,0.27,0.06
4071,0.11602442626859588,0.4990852178069589,0.0,0.38306079153836303,0.0,0.0,0.0,1.7028909305273268,0.27,0.06
4072,0.10178775642908275,0.545245777709038,0.0,0.44345802127995526,0.0,0.0,0.0,1.7028909305273268,0.27,0.06
4073,0.131458573010498,0.3952813716589994,0.0,0.26382279864850144,0.0,0.0,0.0,1.7028909305273268,0.27,0.06
4074,0.06826741263839556,0.3744287406186571,0.0,0.3061613279802615,0.0,0.0,0.0,1.7028909305273268,0.27,0.06
4075,0.021818601067407614,0.2171153897085859,0.0,0.19529678864117828,0.0,0.0,0.0,1.7028909305273268,0.27,0.06
4076,0.028114658068420898,0.08281342239149153,0.0,0.05469876432307064,0.0,0.0,0.0,1.7028909305273268,0.27,0.06
4077,0.03843990951430601,0.02112821647259349,0.0,0.0,0.0,0.01731169304171252,0.0,1.6846680957465767,0.27,0.06
4078,0.177709176105003,0.0007808253913784564,0.0,0.0,0.0,0.17692835071362453,0.0,1.4984277265743404,0.27,0.06
4079,0.19295112068789136,0.0,0.0,-2.7755575615628914e-17,0.0,0.19295112068789133,0.0,1.2953212837449812,0.27,0.06
4080,0.10814322374419338,0.0,0.0,0.0,0.0,0.10814322374419338,0.0,1.1814863113826723,0.27,0.06
4081,0.03215939059544118,0.0,0.0,0.0,0.0,0.03215939059544118,0.0,1.147634321282208,0.27,0.06
4082,0.051357409236619696,0.0,0.0,0.0,0.0,0.051357409236619696,0.0,1.0935738905068189,0.27,0.06
4083,0.024446887248651426,0.0,0.0,0.0,0.0,0.024446887248651426,0.0,1.0678403249819226,0.27,0.06
4084,0.022279520647108073,0.0,0.0,0.0,0.0,0.022279520647108073,0.0,1.0443881979849667,0.27,0.06
4085,0.04216878808571844,0.0,0.0,0.0,0.0,0.04216878808571844,0.0,1.0,0.27,0.06
4086,0.0,0.0,0.0,0.0,0.0,0.0,0.0,1.0,0.27,0.06
4087,0.0,0.012171689924428866,0.0,0.012171689924428866,0.0,0.0,0.0,1.0,0.27,0.06
4088,0.0,0.046114628996704085,0.0,0.046114628996704085,0.0,0.0,0.0,1.0,0.27,0.06
4089,0.0,0.22437247275786798,0.0,0.22437247275786798,0.0,0.0,0.0,1.0,0.27,0.06
4090,0.0,0.19019987915871672,0.0,0.19019987915871672,0.0,0.0,0.0,1.0,0.27,0.06
4091,0.0,0.14500386826951672,0.0,0.14500386826951672,0.0,0.0,0.0,1.0,0.27,0.06
4092,0.0,0.16342216132497325,0.0,0.16342216132497325,0.0,0.0,0.0,1.0,0.27,0.06
4093,0.0,0.3535761095783148,0.0,0.3535761095783148,0.0,0.0,0.0,1.0,0.27,0.06
4094,0.0,0.4754308015387292,0.0,0.4754308015387292,0.0,0.0,0.0,1.0,0.27,0.06
4095,0.0,0.4317505105269108,0.0,0.4317505105269108,0.0,0.0,0.0,1.0,0.27,0.06
4096,0.0,0.45508341045751416,0.0,0.45508341045751416,0.0,0.0,0.0,1.0,0.27,0.06
4097,0.0,0.32266461026080295,0.0,0.32266461026080295,0.0,0.0,0.0,1.0,0.27,0.06
4098,0.0,0.3418177978022629,0.0,0.3418177978022629,0.0,0.0,0.0,1.0,0.27,0.06
4099,0.0,0.2195037967880965,0.0,0.04271506348058948,0.17678873330750702,0.0,0.0,1.1679492966421317,0.27,0.06
4100,0.0,0.0913565707912793,0.0,0.0913565707912793,0.0,0.0,0.0,1.1679492966421317,0.27,0.06
4101,0.0,0.02411372532198172,0.0,0.02411372532198172,0.0,0.0,0.0,1.1679492966421317,0.27,0.06
4102,0.0,0.0008726872021288619,0.0,0.0008726872021288619,0.0,0.0,0.0,1.1679492966421317,0.27,0.06
4103,0.0,0.0,0.0,0.0,0.0,0.0,0.0,1.1679492966421317,0.27,0.06
4104,0.0,0.0,0.0,0.0,0.0,0.0,0.0,1.1679492966421317,0.27,0.06
4105,0.0,0.0,0.0,0.0,0.0,0.0,0.0,1.1679492966421317,0.27,0.06
4106,0.0,0.0,0.0,0.0,0.0,0.0,0.0,1.1679492966421317,0.27,0.06
4107,0.0,0.0,0.0,0.0,0.0,0.0,0.0,1.1679492966421317,0.27,0.06
4108,0.0,0.0,0.0,0.0,0.0,0.0,0.0,1.1679492966421317,0.27,0.06
4109,0.05658773660320944,0.0,0.0,0.0,0.0,0.05658773660320944,0.0,1.1083832581124375,0.27,0.06
4110,0.043880849708673814,0.0,0.0,0.0,0.0,0.043880849708673814,0.0,1.062192889998044,0.27,0.06
4111,0.059598860237054435,0.013274031653433736,0.0,0.0,0.0,0.0463248285836207,0.0,1.013429912541601,0.27,0.06
4112,0.06554524510366605,0.09154029441278011,0.0,0.02599504930911406,0.0,0.0,0.0,1.013429912541601,0.27,0.06
4113,0.15101044209388292,0.13825202517936186,0.0,0.0,0.0,0.012758416914521065,0.0,1.0,0.27,0.06
4114,0.10135817415791712,0.41608807179396645,0.0,0.3147298976360493,0.0,0.0,0.0,1.0,0.27,0.06
4115,0.050349261906629,0.4409366916019514,0.0,0.39058742969532245,0.0,0.0,0.0,1.0,0.27,0.06
4116,0.07493560017826063,0.7440806670782931,0.0,0.6691450669000325,0.0,0.0,0.0,1.0,0.27,0.06
4117,0.06435207708120075,0.8594131704754286,0.0,0.7950610933942279,0.0,0.0,0.0,1.0,0.27,0.06
4118,0.06228303128518543,0.8677725952537158,0.0,0.02541619097286596,0.7800733729956644,0.0,0.0,1.7410697043458812,0.27,0.06
4119,0.10722034000784131,0.6706371493833432,0.0,0.5634168093755019,0.0,0.0,0.0,1.7410697043458812,0.27,0.06
4120,0.13750027552390326,0.5673385431945109,0.0,-1.1102230246251565e-16,0.4298382676706078,0.0,0.0,2.1494160586329585,0.27,0.06
4121,0.12375285941389087,0.4407529679804508,0.0,0.31700010856655997,0.0,0.0,0.0,2.1494160586329585,0.27,0.06
4122,0.058249266816152355,0.36905482468975837,0.0,-0.0,0.31080555787360603,0.0,0.0,2.444681338612884,0.27,0.06
4123,0.02338416077296244,0.22437247275786804,0.0,0.2009883119849056,0.0,0.0,0.0,2.444681338612884,0.27,0.06
4124,0.17191543004538,0.07849591728622242,0.0,0.0,0.0,0.0934195127591576,0.0,2.346345009392718,0.27,0.06
4125,0.19644470830105465,0.023470692646728866,0.0,0.0,0.0,0.1729740156543258,0.0,2.164267098177638,0.27,0.06
4126,0.29349831141535,0.0005052399591272363,0.0,0.0,0.0,0.2929930714562228,0.0,1.8558533387500353,0.27,0.06
4127,0.22972362424390436,0.0,0.0,-8.326672684688674e-17,0.0,0.22972362424390427,0.0,1.6140389974406624,0.27,0.06
4128,0.13703844193937056,0.0,0.0,0.0,0.0,0.13703844193937056,0.0,1.4697880059255355,0.27,0.06
4129,0.0795370922202505,0.0,0.0,0.0,0.0,0.0795370922202505,0.0,1.3860647509568507,0.27,0.06
4130,0.04664989263408688,0.0,0.0,0.0,0.0,0.04664989263408688,0.0,1.3369596008157065,0.27,0.06
4131,0.0628918890755943,0.0,0.0,0.0,0.0,0.0628918890755943,0.0,1.270757612315081,0.27,0.06
4132,0.04764145730497781,0.0,0.0,0.0,0.0,0.04764145730497781,0.0,1.2206087098887886,0.27,0.06
4133,0.062625391380929,0.0,0.0,0.0,0.0,0.062625391380929,0.0,1.1546872452772843,0.27,0.06
4134,0.05115841732742325,0.0,0.0,0.0,0.0,0.05115841732742325,0.0,1.1008362796694704,0.27,0.06
4135,0.06059695351389025,0.013365893464184153,0.0,0.0,0.0,0.0472310600497061,0.0,1.0511193743539904,0.27,0.06
4136,0.09685957294561676,0.06839111810367769,0.0,0.0,0.0,0.028468454841939064,0.0,1.0211525797835281,0.27,0.06
4137,0.1726314875454019,0.1525365367510501,0.0,0.0,0.0,0.02009495079435178,0.0,1.0,0.27,0.06
4138,0.11577346665607882,0.34714578282578634,0.0,0.23137231616970752,0.0,0.0,0.0,1.0,0.27,0.06
4139,0.05315773761194831,0.6171735755266063,0.0,0.564015837914658,0.0,0.0,0.0,1.0,0.27,0.06
4140,0.13682926540490026,0.7785747770150708,0.0,0.6417455116101706,0.0,0.0,0.0,1.0,0.27,0.06
4141,0.16630082893288128,0.7763700935570612,0.0,0.6100692646241799,0.0,0.0,0.0,1.0,0.27,0.06
4142,0.07526503363423351,0.7304391881818577,0.0,0.2419775835184068,0.41319657102921736,0.0,0.0,1.3925367424777564,0.27,0.06
4143,0.059614790035559626,0.6208939788619979,0.0,0.0,0.5612791888264383,0.0,0.0,1.9257519718628728,0.27,0.06
4144,0.0326259247762541,0.5247605939116976,0.0,-1.1102230246251565e-16,0.4921346691354436,0.0,0.0,2.3932799075415443,0.27,0.06
4145,0.045655977665055685,0.308609753215991,0.0,0.2629537755509353,0.0,0.0,0.0,2.3932799075415443,0.27,0.06
4146,0.06933640657579157,0.17802818923428804,0.0,0.0,0.10869178265849647,0.0,0.0,2.496537101067116,0.27,0.06
4147,0.06958658275559501,0.09039202177839997,0.0,0.02080543902280496,0.0,0.0,0.0,2.496537101067116,0.27,0.06
4148,0.11486860187213481,0.07344351769495004,0.0,0.0,0.0,0.04142508417718477,0.0,2.4529317493016585,0.27,0.06
4149,0.166797655845278,0.01694850408345,0.0,0.0,0.0,0.149849151761828,0.0,2.2951958000786816,0.27,0.06
4150,0.32725512131335577,0.0,0.0,0.0,0.0,0.32725512131335577,0.0,1.9507167250119912,0.27,0.06
4151,0.21371744104912144,0.0,0.0,0.0,0.0,0.21371744104912144,0.0,1.7257509975918635,0.27,0.06
4152,0.18203320239434037,0.0,0.0,0.0,0.0,0.18203320239434037,0.0,1.534137100334663,0.27,0.06
4153,0.07608280681487488,0.0,0.0,0.0,0.0,0.07608280681487488,0.0,1.4540499352663738,0.27,0.06
4154,0.04926982219972137,0.0,0.0,1.3877787807814457e-17,0.0,0.04926982219972138,0.0,1.4021869645298248,0.27,0.06
4155,0.064788187958311,0.0,0.0,0.0,0.0,0.064788187958311,0.0,1.3339888719421291,0.27,0.06
4156,0.04520981273479037,0.0,0.0,0.0,0.0,0.04520981273479037,0.0,1.2863995953791918,0.27,0.06
4157,0.06274682345150162,0.0,0.0,0.0,0.0,0.06274682345150162,0.0,1.2203503075355058,0.27,0.06
4158,0.03867689791010094,0.0,0.0,0.0,0.0,0.03867689791010094,0.0,1.1796377834196101,0.27,0.06
4159,0.02278261502121173,0.003674472430016263,0.0,0.0,0.0,0.019108142591195466,0.0,1.1595239491130886,0.27,0.06
4160,0.037584139847066045,0.024618965281108962,0.0,0.0,0.0,0.012965174565957083,0.0,1.145876396938397,0.27,0.06
4161,0.12184663705013812,0.04923793056221792,0.0,0.0,0.0,0.0726087064879202,0.0,1.0694461795826915,0.27,0.06
4162,0.13876669450506876,0.08024129169048012,0.0,0.0,0.0,0.05852540281458864,0.0,1.0078404924094404,0.27,0.06
4163,0.10007543366188956,0.1522609513187989,0.0,0.05218551765690935,0.0,0.0,0.0,1.0078404924094404,0.27,0.06
4164,0.07981429682866531,0.25758051734413995,0.0,0.17776622051547464,0.0,0.0,0.0,1.0078404924094404,0.27,0.06
4165,0.09417736047926906,0.4210486095744883,0.0,0.32687124909521925,0.0,0.0,0.0,1.0078404924094404,0.27,0.06
4166,0.06593147743135844,0.5405148944553922,0.0,-1.27675647831893e-15,0.4745834170240351,0.0,0.0,1.4586947385822737,0.27,0.06
4167,0.15391945833075182,0.5345438767566157,0.0,0.3806244184258639,0.0,0.0,0.0,1.4586947385822737,0.27,0.06
4168,0.09285009489069819,0.5485068719906775,0.0,-5.551115123125783e-17,0.45565677709997937,0.0,0.0,1.8915686768272542,0.27,0.06
4169,0.20724498111548084,0.3992314295212669,0.0,0.19198644840578605,0.0,0.0,0.0,1.8915686768272542,0.27,0.06
4170,0.17513716650700298,0.24260704219182383,0.0,0.0,0.06746987568482085,0.0,0.0,1.955665058727834,0.27,0.06
4171,0.09952324417108126,0.15046964600916604,0.0,0.050946401838084784,0.0,0.0,0.0,1.955665058727834,0.27,0.06
4172,0.060319096044881004,0.05392288291048864,0.0,0.0,0.0,0.006396213134392363,0.0,1.9489322027968945,0.27,0.06
4173,0.058157996905044564,0.010334453709420741,0.0,0.0,0.0,0.04782354319562382,0.0,1.8985916310120274,0.27,0.06
4174,0.12430504890469919,0.0027099234171369933,0.0,0.0,0.0,0.1215951254875622,0.0,1.7705967620777514,0.27,0.06
4175,0.2082783288644181,0.0,0.0,0.0,0.0,0.2082783288644181,0.0,1.5513564159046798,0.27,0.06
4176,0.1978095786598671,0.0,0.0,0.0,0.0,0.1978095786598671,0.0,1.3431358067890302,0.27,0.06
4177,0.06500062879575369,0.0,0.0,0.0,0.0,0.06500062879575369,0.0,1.2747140922671842,0.27,0.06
4178,0.05862779538882988,0.0,0.0,0.0,0.0,0.05862779538882988,0.0,1.2130006234368371,0.27,0.06
4179,0.07110134990689962,0.0,0.0,0.0,0.0,0.07110134990689962,0.0,1.138157097219048,0.27,0.06
4180,0.044753724323489,0.0,0.0,6.938893903907228e-18,0.0,0.04475372432348901,0.0,1.0910479137206386,0.27,0.06
4181,0.026005396059785958,0.0,0.0,1.0408340855860843e-17,0.0,0.026005396059785968,0.0,1.0636738126050744,0.27,0.06
4182,0.039945667189406786,0.0,0.0,0.0,0.0,0.039945667189406786,0.0,1.021625741879383,0.27,0.06
4183,0.022513505884168485,0.00197502893113374,0.0,0.0,0.0,0.020538476953034745,0.0,1.0000062924551358,0.27,0.06
4184,0.03596987674116324,0.03596389890878417,0.0,0.0,0.0,5.977832379072678e-06,0.0,1.0,0.27,0.06
4185,0.04606062066151225,0.12892805138819563,0.0,0.08286743072668337,0.0,0.0,0.0,1.0,0.27,0.06
4186,0.114670915684127,0.14560097003939437,0.0,0.03093005435526737,0.0,0.0,0.0,1.0,0.27,0.06
4187,0.052075033602068437,0.357893614683584,0.0,0.30581858108151555,0.0,0.0,0.0,1.0,0.27,0.06
4188,0.031670659154416005,0.44644840024697574,0.0,0.4147777410925597,0.0,0.0,0.0,1.0,0.27,0.06
4189,0.021177622535750444,0.547496392072423,0.0,0.5263187695366726,0.0,0.0,0.0,1.0,0.27,0.06
4190,0.03706550739081381,0.6479932130333677,0.0,0.04466447390540762,0.5662632317371462,0.0,0.0,1.5379500701502888,0.27,0.06
4191,0.021779168287501212,0.47138888186571126,0.0,-0.0,0.44960971357821006,0.0,0.0,1.9650792980495884,0.27,0.06
4192,0.038486784904989337,0.6453292205216061,0.0,0.6068424356166168,0.0,0.0,0.0,1.9650792980495884,0.27,0.06
4193,0.03203142991892373,0.42100267866911323,0.0,0.3889712487501895,0.0,0.0,0.0,1.9650792980495884,0.27,0.06
4194,0.021590230431459686,0.3588122327910881,0.0,0.3372220023596284,0.0,0.0,0.0,1.9650792980495884,0.27,0.06
4195,0.045326805353320565,0.20273901632614724,0.0,0.15741221097282668,0.0,0.0,0.0,1.9650792980495884,0.27,0.06
4196,0.021191202036115585,0.08364017868824515,0.0,0.0,0.06244897665212956,0.0,0.0,2.0244058258691116,0.27,0.06
4197,0.07620410831332863,0.02397593260585611,0.0,0.0,0.0,0.05222817570747253,0.0,1.9694287988086143,0.27,0.06
4198,0.21848097309066056,0.000918618107504065,0.0,0.0,0.0,0.2175623549831565,0.0,1.7404157935631865,0.27,0.06
4199,0.23790018090124776,0.0,0.0,0.0,0.0,0.23790018090124776,0.0,1.4899945505092416,0.27,0.06
4200,0.10070152697199256,0.0,0.0,0.0,0.0,0.10070152697199256,0.0,1.383992943170302,0.27,0.06
4201,0.13636468980587058,0.0,0.0,0.0,0.0,0.13636468980587058,0.0,1.2404511644272804,0.27,0.06
4202,0.0552916777510545,0.0,0.0,0.0,0.0,0.0552916777510545,0.0,1.182249398373539,0.27,0.06
4203,0.032078305309607126,0.0,0.0,-1.3877787807814457e-17,0.0,0.03207830530960711,0.0,1.1484827612055315,0.27,0.06
4204,0.05410621348360393,0.0,0.0,0.0,0.0,0.05410621348360393,0.0,1.091528852275422,0.27,0.06
4205,0.031729938896394486,0.0,0.0,0.0,0.0,0.031729938896394486,0.0,1.058128916595007,0.27,0.06
4206,0.02958307211751769,0.0,0.0,0.0,0.0,0.02958307211751769,0.0,1.0269888406818304,0.27,0.06
4207,0.05691834520825237,0.031278946560513436,0.0,0.0,0.0,0.025639398647738933,0.0,1.0,0.27,0.06
4208,0.029946062608046643,0.14151311946100137,0.0,0.11156705685295473,0.0,0.0,0.0,1.0,0.27,0.06
4209,0.047580480125453815,0.1746752331418981,0.0,0.12709475301644427,0.0,0.0,0.0,1.0,0.27,0.06
4210,0.10049966247618045,0.4659231041260621,0.0,0.2285648352412394,0.1368586064086422,0.0,0.0,1.13001567608821,0.27,0.06
4211,0.1467430841041462,0.5965046681077648,0.0,-0.0,0.44976158400361865,0.0,0.0,1.5572891808916478,0.27,0.06
4212,0.14874449354257357,0.6008681041184093,0.0,-0.0,0.4521236105758357,0.0,0.0,1.9868066109386917,0.27,0.06
4213,0.3650851284603019,0.6653091643598196,0.0,-0.0,0.3002240358995177,0.0,0.0,2.2720194450432336,0.27,0.06
4214,0.37737300942530316,0.6208021170512477,0.0,0.2434291076259445,0.0,0.0,0.0,2.2720194450432336,0.27,0.06
4215,0.21146598600300962,0.6418844026184658,0.0,-0.0,0.4304184166154562,0.0,0.0,2.6809169408279168,0.27,0.06
4216,0.10998468233697412,0.4767168668892347,0.0,7.216449660063518e-16,0.36673218455225987,0.0,0.0,3.029312516152564,0.27,0.06
4217,0.17608812324891746,0.3592256109394648,0.0,0.0,0.18313748769054736,0.0,0.0,3.203293129458584,0.27,0.06
4218,0.15247898671509832,0.15069930053604202,0.0,0.0,0.0,0.0017796861790563001,0.0,3.201419775585893,0.27,0.06
4219,0.08803720658821676,0.13269438562896224,0.0,0.0,0.04465717904074548,0.0,0.0,3.243844095674601,0.27,0.06
4220,0.2711767465459578,0.04753848706333539,0.0,0.0,0.0,0.22363825948262242,0.0,3.008435401482367,0.27,0.06
4221,0.2125127826801932,0.01097748638467358,0.0,0.0,0.0,0.2015352962955196,0.0,2.796292984329188,0.27,0.06
4222,0.28341866612510686,0.0,0.0,0.0,0.0,0.28341866612510686,0.0,2.49795754630276,0.27,0.06
4223,0.2979540849726522,0.0,0.0,0.0,0.0,0.2979540849726522,0.0,2.1843216673841788,0.27,0.06
4224,0.2596621136690549,0.0,0.0,0.0,0.0,0.2596621136690549,0.0,1.9109931266799103,0.27,0.06
4225,0.1484641552033053,0.0,0.0,0.0,0.0,0.1484641552033053,0.0,1.7547150685711679,0.27,0.06
4226,0.09262094082203692,0.0,0.0,0.0,0.0,0.09262094082203692,0.0,1.6572193413900764,0.27,0.06
4227,0.060019041315659556,0.0,0.0,0.0,0.0,0.060019041315659556,0.0,1.5940414031630663,0.27,0.06
4228,0.0730185403286395,0.0,0.0,0.0,0.0,0.0730185403286395,0.0,1.5171797817644985,0.27,0.06
4229,0.05383214260604275,0.0,0.0,-3.469446951953614e-17,0.0,0.053832142606042716,0.0,1.4605143684949797,0.27,0.06
4230,0.07408805655451112,0.0,0.0,0.0,0.0,0.07408805655451112,0.0,1.3825269405428628,0.27,0.06
4231,0.0566113701567295,0.019704358405962207,0.0,0.0,0.0,0.03690701175076729,0.0,1.3436774544894237,0.27,0.06
4232,0.06482696787762293,0.030452190263759775,0.0,0.0,0.0,0.03437477761386316,0.0,1.3074934780537781,0.27,0.06
4233,0.1532733874864577,0.047584417968710574,0.0,0.0,0.0,0.10568896951774712,0.0,1.1962419311929917,0.27,0.06
4234,0.17094567091834445,0.0746377212347053,0.0,0.0,0.0,0.09630794968363915,0.0,1.094865142052319,0.27,0.06
4235,0.1234056681497482,0.15441970387143342,0.0,-8.326672684688674e-17,0.031014035721685304,0.0,0.0,1.12432847598792,0.27,0.06
4236,0.12149435347335856,0.29597875423781006,0.0,-0.0,0.17448440076445149,0.0,0.0,1.290088656714149,0.27,0.06
4237,0.18608655268120794,0.3247774319080624,0.0,-0.0,0.13869087922685447,0.0,0.0,1.4218449919796607,0.27,0.06
4238,0.26241940510376727,0.38003231107443197,0.0,-0.0,0.1176129059706647,0.0,0.0,1.5335772526517921,0.27,0.06
4239,0.13574577796230688,0.4885670404760372,0.0,-0.0,0.35282126251373036,0.0,0.0,1.868757452039836,0.27,0.06
4240,0.15992864838655227,0.49775322155107793,0.0,-0.0,0.33782457316452563,0.0,0.0,2.1896907965461354,0.27,0.06
4241,0.1743173041724593,0.39151503741823274,0.0,-5.551115123125783e-17,0.2171977332457735,0.0,0.0,2.39602864312962,0.27,0.06
4242,0.2477613790365788,0.32620128997469355,0.0,0.07843991093811475,0.0,0.0,0.0,2.39602864312962,0.27,0.06
4243,0.13647332580879165,0.19157780631997295,0.0,0.0551044805111813,0.0,0.0,0.0,2.39602864312962,0.27,0.06
4244,0.11097311327701162,0.09232111980415857,0.0,0.0,0.0,0.018651993472853054,0.0,2.3763949657897747,0.27,0.06
4245,0.07463397858361244,0.03991395677105164,0.0,0.0,0.0,0.0347200218125608,0.0,2.339847574408132,0.27,0.06
4246,0.21088206748730992,0.00197502893113374,0.0,0.0,0.0,0.20890703855617618,0.0,2.119945428559525,0.27,0.06
4247,0.2757923403767877,0.0,0.0,0.0,0.0,0.2757923403767877,0.0,1.8296377018471173,0.27,0.06
4248,0.2166396450699985,0.0,0.0,0.0,0.0,0.2166396450699985,0.0,1.6015959701944873,0.27,0.06
4249,0.15603159292600238,0.0,0.0,0.0,0.0,0.15603159292600238,0.0,1.4373521881671163,0.27,0.06
4250,0.09973437928733486,0.0,0.0,0.0,0.0,0.09973437928733486,0.0,1.3323686310225533,0.27,0.06
4251,0.06431473345519656,0.0,0.0,0.0,0.0,0.06431473345519656,0.0,1.2646689115960306,0.27,0.06
4252,0.0552505475336025,0.0,0.0,0.0,0.0,0.0552505475336025,0.0,1.206510440508028,0.27,0.06
4253,0.041358457515854125,0.0,0.0,0.0,0.0,0.041358457515854125,0.0,1.162975222070287,0.27,0.06
4254,0.058230203286793625,0.0,0.0,0.0,0.0,0.058230203286793625,0.0,1.101680271242083,0.27,0.06
4255,0.0380363110948005,0.010564108236296743,0.0,0.0,0.0,0.027472202858503755,0.0,1.0727621629699737,0.27,0.06
4256,0.04482580013311931,0.05029434138584761,0.0,0.005468541252728297,0.0,0.0,0.0,1.0727621629699737,0.27,0.06
4257,0.14230337091746756,0.08869257827951756,0.0,0.0,0.0,0.05361079263795,0.0,1.0163297496668684,0.27,0.06
4258,0.09479000486112599,0.07927674267760088,0.0,0.0,0.0,0.015513262183525112,0.0,1.0,0.27,0.06
4259,0.1310907513515698,0.3662530394618709,0.0,0.23516228811030107,0.0,0.0,0.0,1.0,0.27,0.06
4260,0.1417092677764938,0.5222343941160612,0.0,0.38052512633956737,0.0,0.0,0.0,1.0,0.27,0.06
4261,0.19353086089578625,0.7013649250793542,0.0,0.5078340641835679,0.0,0.0,0.0,1.0,0.27,0.06
4262,0.07360950973875975,0.8504107130218885,0.0,0.7768012032831287,0.0,0.0,0.0,1.0,0.27,0.06
4263,0.11665339216531469,0.6690295676952112,0.0,0.18874813872133972,0.36362803680855676,0.0,0.0,1.3454466349681289,0.27,0.06
4264,0.08068952174162057,0.5625157981301144,0.0,-0.0,0.48182627638849385,0.0,0.0,1.803181597537198,0.27,0.06
4265,0.12957141417610393,0.427524867232392,0.0,-0.0,0.29795345305628806,0.0,0.0,2.0862373779406718,0.27,0.06
4266,0.08493037359122162,0.3601901599523441,0.0,-5.551115123125783e-17,0.2752597863611225,0.0,0.0,2.347734174983738,0.27,0.06
4267,0.08984106041075562,0.2174369060462124,0.0,0.0,0.12759584563545678,0.0,0.0,2.4689502283374223,0.27,0.06
4268,0.19448743223881357,0.07771509189484392,0.0,0.0,0.0,0.11677234034396965,0.0,2.34603197534377,0.27,0.06
4269,0.20678079723280776,0.022689867255350417,0.0,0.0,0.0,0.18409092997745735,0.0,2.1522520490517096,0.27,0.06
4270,0.37609953954971637,0.0009645490128792685,0.0,0.0,0.0,0.3751349905368371,0.0,1.7573731116445133,0.27,0.06
4271,0.23405992431241776,0.0,0.0,0.0,0.0,0.23405992431241776,0.0,1.5109942439472315,0.27,0.06
4272,0.18855789117553937,0.0,0.0,0.0,0.0,0.18855789117553937,0.0,1.3125122532361373,0.27,0.06
4273,0.05891544576675637,0.0,0.0,0.0,0.0,0.05891544576675637,0.0,1.2504959945342884,0.27,0.06
4274,0.03354567478175277,0.0,0.0,0.0,0.0,0.03354567478175277,0.0,1.215184757921917,0.27,0.06
4275,0.05333531569364607,0.0,0.0,0.0,0.0,0.05333531569364607,0.0,1.159042320349658,0.27,0.06
4276,0.03900110848131804,0.0,0.0,0.0,0.0,0.03900110848131804,0.0,1.1179885219482706,0.27,0.06
4277,0.035524364671492434,0.0,0.0,0.0,0.0,0.035524364671492434,0.0,1.0805944538730154,0.27,0.06
4278,0.05584974298721307,0.0,0.0,0.0,0.0,0.05584974298721307,0.0,1.0218052507285806,0.27,0.06
4279,0.035642532439092746,0.01492754424694107,0.0,0.0,0.0,0.020714988192151677,0.0,1.0,0.27,0.06
4280,0.039232743420238296,0.10049682096094478,0.0,0.06126407754070649,0.0,0.0,0.0,1.0,0.27,0.06
4281,0.1623869296689941,0.21849331686984194,0.0,0.056106387200847846,0.0,0.0,0.0,1.0,0.27,0.06
4282,0.17619897897785977,0.4826878845880112,0.0,0.3064889056101514,0.0,0.0,0.0,1.0,0.27,0.06
4283,0.120216574717849,0.6250277603457663,0.0,0.007524491816753132,0.49728669381116425,0.0,0.0,1.472422359120606,0.27,0.06
4284,0.150704772763549,0.7765538171785618,0.0,0.6258490444150128,0.0,0.0,0.0,1.472422359120606,0.27,0.06
4285,0.1412859529670352,0.8275830530504127,0.0,-1.1102230246251565e-16,0.6862971000833776,0.0,0.0,2.124404604199815,0.27,0.06
4286,0.27537607646175005,0.8264347804160325,0.0,0.0,0.5510587039542825,0.0,0.0,2.647910372956383,0.27,0.06
4287,0.135183142701987,0.6402308900249584,0.0,-0.0,0.5050477473229713,0.0,0.0,3.127705732913206,0.27,0.06
4288,0.243044722385723,0.548369079274552,0.0,-0.0,0.30532435688882903,0.0,0.0,3.4177638719575936,0.27,0.06
4289,0.12944554265348895,0.4112653267295702,0.0,-0.0,0.28181978407608127,0.0,0.0,3.685492666829871,0.27,0.06
4290,0.16528824215084814,0.3366276054948647,0.0,-0.0,0.17133936334401656,0.0,0.0,3.8482650620066865,0.27,0.06
4291,0.11011172900865926,0.20085584920576396,0.0,-0.0,0.0907441201971047,0.0,0.0,3.9344719761939357,0.27,0.06
4292,0.05334484745832531,0.14881613341565866,0.0,-7.771561172376096e-16,0.09547128595733413,0.0,0.0,4.0251696978534035,0.27,0.06
4293,0.06684717970117125,0.14881613341565866,0.0,0.0,0.08196895371448741,0.0,0.0,4.103040203882166,0.27,0.06
4294,0.07944699745821275,0.14881613341565866,0.0,-2.914335439641036e-16,0.0693691359574462,0.0,0.0,4.16894088304174,0.27,0.06
4295,0.05432400777792138,0.14881613341565866,0.0,0.0,0.09449212563773729,0.0,0.0,4.25870840239759,0.27,0.06
4296,0.05313789064987631,0.14881613341565866,0.0,0.0,0.09567824276578235,0.0,0.0,4.349602733025083,0.27,0.06
4297,0.17321188061389137,0.14881613341565866,0.0,0.0,0.0,0.024395747198232703,0.0,4.323922999132207,0.27,0.06
4298,0.09150872751328656,0.14881613341565866,0.0,0.0,0.0573074059023721,0.0,0.0,4.378365034739461,0.27,0.06
4299,0.06905058420752976,0.14881613341565866,0.0,0.0,0.07976554920812891,0.0,0.0,4.454142306487183,0.27,0.06
4300,0.06914877444093906,0.14881613341565866,0.0,-0.0,0.0796673589747196,0.0,0.0,4.529826297513167,0.27,0.06
4301,0.04809885143746812,0.14881613341565866,0.0,-0.0,0.10071728197819055,0.0,0.0,4.625507715392448,0.27,0.06
4302,0.07946436355002581,0.14881613341565866,0.0,-0.0,0.06935176986563285,0.0,0.0,4.6913918967648,0.27,0.06
4303,0.07647844033512775,0.14881613341565866,0.0,-0.0,0.07233769308053091,0.0,0.0,4.760112705191304,0.27,0.06
4304,0.051934929718493755,0.14881613341565866,0.0,0.0,0.09688120369716491,0.0,0.0,4.85214984870361,0.27,0.06
4305,0.12873549147093621,0.14881613341565866,0.0,-8.049116928532385e-16,0.020080641944723254,0.0,0.0,4.871226458551097,0.27,0.06
4306,0.08087845959766211,0.14881613341565866,0.0,0.0,0.06793767381799655,0.0,0.0,4.935767248678194,0.27,0.06
4307,0.163286702140302,0.14881613341565866,0.0,0.0,0.0,0.014470568724643335,0.0,4.9205350710733065,0.27,0.06
4308,0.21149392843645312,0.14881613341565866,0.0,0.0,0.0,0.06267779502079446,0.0,4.854558444735628,0.27,0.06
4309,0.08619444227424719,0.14881613341565866,0.0,0.0,0.06262169114141147,0.0,0.0,4.914049051319969,0.27,0.06
4310,0.03786604505176101,0.14881613341565866,0.0,0.0,0.11095008836389765,0.0,0.0,5.019451635265672,0.27,0.06
4311,0.05835372451126868,0.14881613341565866,0.0,0.0,0.09046240890438997,0.0,0.0,5.105390923724842,0.27,0.06
4312,0.04003380336966113,0.14881613341565866,0.0,-0.0,0.10878233004599754,0.0,0.0,5.20873413726854,0.27,0.06
4313,0.033996540308298316,0.14881613341565866,0.0,-0.0,0.11481959310736034,0.0,0.0,5.317812750720533,0.27,0.06
4314,0.03944152823835195,0.14881613341565866,0.0,-0.0,0.10937460517730671,0.0,0.0,5.421718625638974,0.27,0.06
4315,0.10647372863199794,0.14881613341565866,0.0,-0.0,0.04234240478366072,0.0,0.0,5.461943910183451,0.27,0.06
4316,0.2921335716286556,0.14881613341565866,0.0,0.0,0.0,0.14331743821299694,0.0,5.311083448906612,0.27,0.06
4317,0.16959464120413476,0.14881613341565866,0.0,0.0,0.0,0.02077850778847609,0.0,5.289211335445058,0.27,0.06
4318,0.29121173246925447,0.14881613341565866,0.0,-5.551115123125783e-17,0.0,0.14239559905359575,0.0,5.139321231178116,0.27,0.06
4319,0.28015984718171705,0.14881613341565866,0.0,0.0,0.0,0.13134371376605838,0.0,5.001064690371739,0.27,0.06
4320,0.14982758926881018,0.14881613341565866,0.0,0.0,0.0,0.001011455853151516,0.0,5.0,0.27,0.06
