t,Load,PV,P_imp,P_exp,P_ch,P_dis,P_curt,E,c_grid,c_sell
1,0.05946933269511025,0.0,0.0,0.0,0.0,0.05946933269511025,0.0,4.98435017560655,0.27,0.06
2,0.04823229614297925,0.0,0.0,0.0,0.0,0.04823229614297925,0.0,4.971657466095239,0.27,0.06
3,0.0957171974774015,0.0,0.0,0.0,0.0,0.0957171974774015,0.0,4.946468729916976,0.27,0.06
4,0.1105131077021435,0.0,0.0,1.3877787807814457e-17,0.0,0.11051310770214351,0.0,4.917386333153254,0.27,0.06
5,0.048060463234513,0.0,0.0,9.992007221626409e-16,0.0,0.048060463234513996,0.0,4.904738842828381,0.27,0.06
6,0.0487843550616685,0.0,0.0,6.938893903907228e-18,0.0,0.048784355061668505,0.0,4.891900854654258,0.27,0.06
7,0.059500670003645,0.0,0.0,0.0,0.0,0.059500670003645,0.0,4.876242783600667,0.27,0.06
8,0.048591630614179,0.0,0.0,0.0,0.0,0.048591630614179,0.0,4.86345551238641,0.27,0.06
9,0.0480547180612815,0.0,0.0,0.0,0.0,0.0480547180612815,0.0,4.8508095339492305,0.27,0.06
10,0.058070121869028,0.0,0.0,0.0,0.0,0.058070121869028,0.0,4.835527922931066,0.27,0.06
11,0.0511806145876355,0.0,0.0,0.0,0.0,0.0511806145876355,0.0,4.822059340144846,0.27,0.06
12,0.059124100012751,0.0,0.0,0.0,0.0,0.059124100012751,0.0,4.806500366457279,0.27,0.06
13,0.11148247511282225,0.0,0.0,-5.551115123125783e-17,0.0,0.1114824751128222,0.0,4.777162873006537,0.27,0.06
14,0.08858848207419275,0.0,0.0,0.0,0.0,0.08858848207419275,0.0,4.753850114565959,0.27,0.06
15,0.047809764766234,0.0,0.0,0.0,0.0,0.047809764766234,0.0,4.741268597522214,0.27,0.06
16,0.175498851276343,0.0,0.0,0.0,0.0,0.175498851276343,0.0,4.695084689291598,0.27,0.06
17,0.216943486390668,0.0,0.0,0.0,0.0,0.216943486390668,0.0,4.637994298136159,0.27,0.06
18,0.154833463163019,0.0,0.0,0.0,0.0,0.154833463163019,0.0,4.597248649935365,0.27,0.06
19,0.1350878250551935,0.0,0.0,0.0,0.0,0.1350878250551935,0.0,4.561699222289261,0.27,0.06
20,0.07983127120412176,0.0,0.0,0.0,0.0,0.07983127120412176,0.0,4.540690993025018,0.27,0.06
21,0.020755221731124124,0.0,0.0,0.0,0.0,0.020755221731124124,0.0,4.535229092569459,0.27,0.06
22,0.020088781636282426,0.0,0.0,0.0,0.0,0.020088781636282426,0.0,4.529942571086227,0.27,0.06
23,0.0312835128218915,0.0,0.0,0.0,0.0,0.0312835128218915,0.0,4.521710067712045,0.27,0.06
24,0.021697952429548324,0.0,0.0,0.0,0.0,0.021697952429548324,0.0,4.516000080230585,0.27,0.06
25,0.020385963778888176,0.0,0.0,0.0,0.0,0.020385963778888176,0.0,4.510635352920351,0.27,0.06
26,0.0743096374402765,0.0,0.0,0.0,0.0,0.0743096374402765,0.0,4.49108018517291,0.27,0.06
27,0.07922384970702075,0.0,0.0,0.0,0.0,0.07922384970702075,0.0,4.470231803671062,0.27,0.06
28,0.040962040562888,0.0,0.0,0.0,0.0,0.040962040562888,0.0,4.459452319312407,0.27,0.06
29,0.026098755124796,0.0,0.0,0.0,0.0,0.026098755124796,0.0,4.452584225858514,0.27,0.06
30,0.02725040121345275,0.0,0.0,1.3877787807814457e-17,0.0,0.027250401213452763,0.0,4.445413067644448,0.27,0.06
31,0.020919742600932226,0.0,0.0,0.0,0.0,0.020919742600932226,0.0,4.4399078722231495,0.27,0.06
32,0.021633710947051826,0.0,0.0,0.0,0.0,0.021633710947051826,0.0,4.434214790394978,0.27,0.06
33,0.0289608959709815,0.0,0.0,0.0,0.0,0.0289608959709815,0.0,4.4265935019815625,0.27,0.06
34,0.019621855739112775,0.0,0.0,0.0,0.0,0.019621855739112775,0.0,4.421429855734427,0.27,0.06
35,0.01895854937512455,0.0,0.0,0.0,0.0,0.01895854937512455,0.0,4.416440763793605,0.27,0.06
36,0.04894678677757425,0.0,0.0,0.0,0.0,0.04894678677757425,0.0,4.403560030431086,0.27,0.06
37,0.077780244360514,0.0,0.0,0.0,0.0,0.077780244360514,0.0,4.383091545073055,0.27,0.06
38,0.036464092211182,0.0,0.0,0.0,0.0,0.036464092211182,0.0,4.3734957313332705,0.27,0.06
39,0.0271459435183365,0.0,0.0,0.0,0.0,0.0271459435183365,0.0,4.36635206198634,0.27,0.06
40,0.022661052378520175,0.0,0.0,0.0,0.0,0.022661052378520175,0.0,4.360388627149887,0.27,0.06
41,0.019504340832106976,0.0,0.0,0.0,0.0,0.019504340832106976,0.0,4.35525590587828,0.27,0.06
42,0.0240660083778338,0.0,0.0,0.0,0.0,0.0240660083778338,0.0,4.348922745778849,0.27,0.06
43,0.02530592121886375,0.02530592121886375,0.0,0.0,0.0,0.0,0.0,4.348922745778849,0.27,0.06
44,0.01927401161437565,0.019274011614375072,0.0,0.0,0.0,0.0,0.0,4.348922745778849,0.27,0.06
45,0.020490421474004424,0.020490421474005416,0.0,0.0,0.0,0.0,0.0,4.348922745778849,0.27,0.06
46,0.02955055965991275,0.02955055965991275,0.0,0.0,0.0,0.0,0.0,4.348922745778849,0.27,0.06
47,0.103743204481659,0.0,0.0,0.0,0.0,0.103743204481659,0.0,4.321621902494202,0.27,0.06
48,0.11892404131290425,0.0,0.0,0.0,0.0,0.11892404131290425,0.0,4.290326102148701,0.27,0.06
49,0.19297619053471926,0.0,0.0,0.0,0.0,0.19297619053471926,0.0,4.239542894113249,0.27,0.06
50,0.179567478501121,0.0,0.0,0.0,0.0,0.179567478501121,0.0,4.192288294507692,0.27,0.06
51,0.128244279159652,0.0,0.0,0.0,0.0,0.128244279159652,0.0,4.158539799991994,0.27,0.06
52,0.0891415855698335,0.0891415855698335,0.0,0.0,0.0,0.0,0.0,4.158539799991994,0.27,0.06
53,0.08403464885559975,0.08403464885559975,0.0,0.0,0.0,0.0,0.0,4.158539799991994,0.27,0.06
54,0.0652380089079055,0.0652380089079055,0.0,0.0,0.0,0.0,0.0,4.158539799991994,0.27,0.06
55,0.0227080583413225,0.0227080583413225,0.0,0.0,0.0,0.0,0.0,4.158539799991994,0.27,0.06
56,0.02415688657258495,0.02415688657258495,0.0,0.0,0.0,0.0,0.0,4.158539799991994,0.27,0.06
57,0.0263938481134995,0.02639384811350909,0.0,0.0,0.0,0.0,0.0,4.158539799991996,0.27,0.06
58,0.0206105478233881,0.0,0.0,0.0,0.0,0.0206105478233881,0.0,4.153115971617421,0.27,0.06
59,0.0316026310804715,0.0,0.0,0.0,0.0,0.0316026310804715,0.0,4.1447994897541385,0.27,0.06
60,0.09160051971287,0.0,0.0,0.0,0.0,0.09160051971287,0.0,4.1206940898296995,0.27,0.06
61,0.06375836565658374,0.0,0.0,0.0,0.0,0.06375836565658374,0.0,4.103915572551651,0.27,0.06
62,0.01921760445901285,0.0,0.0,0.0,0.0,0.01921760445901285,0.0,4.098858308220332,0.27,0.06
63,0.023400090571467674,0.0,0.0,0.0,0.0,0.023400090571467674,0.0,4.092700389648893,0.27,0.06
64,0.026872264357132,0.0,0.0,0.0,0.0,0.026872264357132,0.0,4.085628741133859,0.27,0.06
65,0.0188316332755583,-0.0,0.0,0.0,0.0,0.018831633275557036,0.0,4.080673048166607,0.27,0.06
66,0.020422001683703277,0.0,0.0,0.0,0.0,0.020422001683701337,0.0,4.075298837197211,0.27,0.06
67,0.02950877658186625,0.02950877658186625,0.0,0.0,0.0,0.0,0.0,4.075298837197211,0.27,0.06
68,0.0326889911096805,0.0,0.0,0.0,0.0,0.03268899110967536,0.0,4.0666964711157165,0.27,0.06
69,0.0793700904801835,0.0793700904801835,0.0,0.0,0.0,0.0,0.0,4.066696471115721,0.27,0.06
70,0.039304296941393,-3.677613769070831e-16,0.0,0.0,0.0,0.03930429694139337,0.0,4.056353235078512,0.27,0.06
71,0.022704402321993424,-0.0,0.0,0.0,0.0,0.022704402321993424,0.0,4.050378392362198,0.27,0.06
72,0.020658076074666,-0.0,0.0,0.0,0.0,0.020658076074666,0.0,4.044942056553075,0.27,0.06
73,0.02696105339798075,0.0,0.0,0.0,0.0,0.02696105339798075,0.0,4.0378470425009745,0.27,0.06
74,0.02556027570647175,0.0,0.0,0.0,0.0,0.02556027570647175,0.0,4.031120654157166,0.27,0.06
75,0.020218309178226576,0.0,0.0,0.0,0.0,0.020218309178226576,0.0,4.025800046478686,0.27,0.06
76,0.023810087024798976,0.0,0.0,0.0,0.0,0.023810087024798976,0.0,4.019534234103739,0.27,0.06
77,0.05382966173578375,0.0,0.0,0.0,0.0,0.05382966173578375,0.0,4.005368533646954,0.27,0.06
78,0.09051677112603874,0.0,0.0,0.0,0.0,0.09051677112603874,0.0,3.981548330719049,0.27,0.06
79,0.07961922208303575,0.0,0.0,0.0,0.0,0.07961922208303575,0.0,3.960595903855092,0.27,0.06
80,0.28050703844586,0.0,0.0,0.0,0.0,0.28050703844586,0.0,3.8867782621588134,0.27,0.06
81,0.2739100127107925,0.0,0.0,0.0,0.0,0.2739100127107925,0.0,3.8146966798664996,0.27,0.06
82,0.3473594410317875,0.0,0.0,5.551115123125783e-17,0.0,0.34735944103178756,0.0,3.723286300647608,0.27,0.06
83,0.2075193131372795,0.0,0.0,0.0,0.0,0.2075193131372795,0.0,3.668675955085166,0.27,0.06
84,0.19395391456100725,0.0,0.0,0.0,0.0,0.19395391456100725,0.0,3.6176354512533218,0.27,0.06
85,0.1680332598063845,0.0,0.0,0.0,0.0,0.1680332598063845,0.0,3.573416172356905,0.27,0.06
86,0.25687557407971,0.0,0.0,0.0,0.0,0.25687557407971,0.0,3.505817337072771,0.27,0.06
87,0.36623181280844,0.0,0.0,0.0,0.0,0.36623181280844,0.0,3.4094405442284446,0.27,0.06
88,0.4638720764529325,0.0,0.0,0.0,0.0,0.4638720764529325,0.0,3.2873689451618833,0.27,0.06
89,0.2639264685000575,0.0,0.0,-5.551115123125783e-17,0.0,0.26392646850005747,0.0,3.2179146113460786,0.27,0.06
90,0.14269652356746124,0.0,0.0,0.0,0.0,0.14269652356746124,0.0,3.180362894617799,0.27,0.06
91,0.1365831369607825,0.0,0.0,0.0,0.0,0.1365831369607825,0.0,3.144419963838646,0.27,0.06
92,0.3102017497250325,0.0,0.0,0.0,0.0,0.3102017497250325,0.0,3.0627879244373215,0.27,0.06
93,0.4343288288316775,0.0,0.0,0.0,0.0,0.4343288288316775,0.0,2.948490864218459,0.27,0.06
94,0.2205577226416905,0.0,0.0,0.0,0.0,0.2205577226416905,0.0,2.8904493582601196,0.27,0.06
95,0.18843959283582026,0.0,0.0,0.0,0.0,0.18843959283582026,0.0,2.8408599917243773,0.27,0.06
96,0.113989982084088,0.0,0.0,0.0,0.0,0.113989982084088,0.0,2.810862628018038,0.27,0.06
97,0.14192875950835676,0.0,0.0,0.0,0.0,0.14192875950835676,0.0,2.7735129544632073,0.27,0.06
98,0.1164191457840165,0.0,0.0,0.0,0.0,0.1164191457840165,0.0,2.7428763371516243,0.27,0.06
99,0.03431905344196975,0.0,0.0,0.0,0.0,0.03431905344196975,0.0,2.733845007298475,0.27,0.06
100,0.031599497349618,0.0,0.0,0.0,0.0,0.031599497349618,0.0,2.725529350101207,0.27,0.06
101,0.024378859174706974,0.0,0.0,0.0,0.0,0.024378859174706974,0.0,2.719113860844705,0.27,0.06
102,0.02521869904344175,0.0,0.0,0.0,0.0,0.02521869904344175,0.0,2.712477361096431,0.27,0.06
103,0.0319233162044785,0.0,0.0,0.0,0.0,0.0319233162044785,0.0,2.7040764884110415,0.27,0.06
104,0.063326433087278,0.0,0.0,0.0,0.0,0.063326433087278,0.0,2.6874116375985997,0.27,0.06
105,0.0748946005329275,0.0,0.0,0.0,0.0,0.0748946005329275,0.0,2.667702532195198,0.27,0.06
106,0.03069123769058225,0.0,0.0,3.469446951953614e-18,0.0,0.030691237690582254,0.0,2.659625890697676,0.27,0.06
107,0.02252839110572255,0.0,0.0,0.0,0.0,0.02252839110572255,0.0,2.653697366722486,0.27,0.06
108,0.02041155591419165,0.0,0.0,0.0,0.0,0.02041155591419165,0.0,2.6483259046398038,0.27,0.06
109,0.0265160636167855,0.0,0.0,0.0,0.0,0.0265160636167855,0.0,2.6413479931617023,0.27,0.06
110,0.02637347886295175,0.0,0.0,0.0,0.0,0.02637347886295175,0.0,2.6344076039872415,0.27,0.06
111,0.02026949344883355,0.0,0.0,0.0,0.0,0.02026949344883355,0.0,2.629073526763864,0.27,0.06
112,0.02264224999339925,0.0,0.0,0.0,0.0,0.02264224999339925,0.0,2.623115039923496,0.27,0.06
113,0.07733629915627,0.0,0.0,-2.7755575615628914e-17,0.0,0.07733629915626997,0.0,2.602763382250793,0.27,0.06
114,0.076934659318548,0.0,0.0,0.0,0.0,0.076934659318548,0.0,2.582517419272228,0.27,0.06
115,0.0207338079036253,0.0,0.0,0.0,0.0,0.0207338079036253,0.0,2.577061154034432,0.27,0.06
116,0.029895792342272,0.0,0.0,0.0,0.0,0.029895792342272,0.0,2.5691938402601497,0.27,0.06
117,0.022602556069255077,0.0,0.0,0.0,0.0,0.022602556069255077,0.0,2.563245799189293,0.27,0.06
118,0.020201595947007975,0.0,0.0,0.0,0.0,0.020201595947007975,0.0,2.557929589729554,0.27,0.06
119,0.025940501716695,0.0,0.0,0.0,0.0,0.025940501716695,0.0,2.5511031419093717,0.27,0.06
120,0.026721322987689,0.0,0.0,0.0,0.0,0.026721322987689,0.0,2.544071214807348,0.27,0.06
121,0.020105494867501024,0.0,0.0,0.0,0.0,0.020105494867501024,0.0,2.538780295105374,0.27,0.06
122,0.021955962936485475,0.0,0.0,0.0,0.0,0.021955962936485475,0.0,2.5330024101220885,0.27,0.06
123,0.0787151407318045,0.0,0.0,0.0,0.0,0.0787151407318045,0.0,2.512287899403192,0.27,0.06
124,0.06751518666143976,0.0,0.0,0.0,0.0,0.06751518666143976,0.0,2.494520745018603,0.27,0.06
125,0.020990773833611275,0.0,0.0,0.0,0.0,0.020990773833611275,0.0,2.4889968571676526,0.27,0.06
126,0.03805916121560725,0.0,0.0,0.0,0.0,0.03805916121560725,0.0,2.478981288426703,0.27,0.06
127,0.03575639132676925,0.0,0.0,0.0,0.0,0.03575639132676925,0.0,2.469571711761764,0.27,0.06
128,0.09386150652366125,0.0,0.0,0.0,0.0,0.09386150652366125,0.0,2.444871315308169,0.27,0.06
129,0.15507005984245725,0.0,0.0,0.0,0.0,0.15507005984245725,0.0,2.4040634048233116,0.27,0.06
130,0.127533444544386,0.0,0.0,0.0,0.0,0.127533444544386,0.0,2.3705019720484732,0.27,0.06
131,0.1274530121191465,5.551115123125783e-17,0.0,0.0,0.0,0.12745301211914645,0.0,2.3369617057013294,0.27,0.06
132,0.12601933025367576,0.0,0.0,0.0,0.0,0.12601933025367576,0.0,2.3037987240556252,0.27,0.06
133,0.22858111820357,0.0249096985257775,0.0,0.0,0.0,0.2036714196777925,0.0,2.2502009820351536,0.27,0.06
134,0.18162477280643574,0.0,0.0,0.0,0.0,0.18162477280643574,0.0,2.2024049891913546,0.27,0.06
135,0.2296418860974755,0.0,0.0,0.0,0.0,0.2296418860974755,0.0,2.141972913902545,0.27,0.06
136,0.2553776507317425,0.006494543392350671,0.0,0.0,0.0,0.2488831073393914,0.0,2.0764773593395476,0.27,0.06
137,0.101520344729585,1.3877787807814457e-17,0.0,0.0,0.0,0.10152034472958499,0.0,2.0497614791475516,0.27,0.06
138,0.240297093287809,0.0,0.0,0.0,0.0,0.24029709328780902,0.0,1.986525401966549,0.27,0.06
139,0.21898824577256876,0.04175315534525124,0.0,0.0,0.0,0.17723509042731753,0.0,1.9398845886962024,0.27,0.06
140,0.14608304204313025,0.13503937127970247,0.0,0.0,0.0,0.011043670763427771,0.0,1.936978359547932,0.27,0.06
141,0.1360744279855665,0.1360744279855665,0.0,0.0,0.0,0.0,0.0,1.936978359547932,0.27,0.06
142,0.091659016022135,0.091659016022135,0.0,0.0,0.0,0.0,0.0,1.936978359547932,0.27,0.06
143,0.099123040626667,0.08296636569395972,0.0,0.0,0.0,0.016156674932707282,0.0,1.9327266029866932,0.27,0.06
144,0.19668496099982175,0.19668496099982175,0.0,0.0,0.0,0.0,0.0,1.9327266029866932,0.27,0.06
145,0.2556596865085575,0.15008161221282723,0.0,0.0,0.0,0.1055780742957304,0.0,1.9049428992246589,0.27,0.06
146,0.10502437811225974,0.10502437811225974,0.0,0.0,0.0,0.0,0.0,1.9049428992246589,0.27,0.06
147,0.09729973155841275,0.09729973155841275,0.0,0.0,0.0,0.0,0.0,1.9049428992246589,0.27,0.06
148,0.15285242297513926,0.15285242297513926,0.0,0.0,0.0,0.0,0.0,1.9049428992246589,0.27,0.06
149,0.077327420252185,0.077327420252185,0.0,0.0,0.0,0.0,0.0,1.9049428992246589,0.27,0.06
150,0.090080137960453,0.090080137960453,0.0,0.0,0.0,0.0,0.0,1.9049428992246589,0.27,0.06
151,0.20228546032347974,0.20228546032347974,0.0,0.0,0.0,0.0,0.0,1.9049428992246589,0.27,0.06
152,0.383397345846895,0.0,0.0,0.0,0.0,0.383397345846895,0.0,1.8040488608438972,0.27,0.06
153,0.07133990516812125,0.07133990516812125,0.0,0.0,0.0,0.0,0.0,1.8040488608438972,0.27,0.06
154,0.07435350967222525,0.07435350967222525,0.0,0.0,0.0,0.0,0.0,1.8040488608438972,0.27,0.06
155,0.10658184234644325,0.0,0.0,0.0,0.0,0.10658184234644325,0.0,1.7760010075948331,0.27,0.06
156,0.04266679014718525,0.0,0.0,0.0,0.0,0.04266679014718525,0.0,1.7647729049245213,0.27,0.06
157,0.29987401740889,0.0,0.0,0.0,0.0,0.29987401740889,0.0,1.6858586898169188,0.27,0.06
158,0.3238193771488625,0.0,0.0,0.0,0.0,0.3238193771488625,0.0,1.6006430642514287,0.27,0.06
159,0.17609426013850574,0.0,0.0,0.0,0.0,0.17609426013850574,0.0,1.5543024694781378,0.27,0.06
160,0.09564355480234475,0.0,-0.0,0.0,0.0,0.09564355480234443,0.0,1.5291331129512051,0.27,0.06
161,0.1284370036071415,0.0,-0.0,0.0,0.0,0.1284370036071415,0.0,1.4953339014756415,0.27,0.06
162,0.13321124256242975,0.0,-0.0,0.0,0.0,0.1332112425624299,0.0,1.4602783113276336,0.27,0.06
163,0.11680407239051975,0.0,-0.0,0.0,0.0,0.11680407239051993,0.0,1.4295403975406547,0.27,0.06
164,0.115741215342712,0.0,0.0,0.0,0.0,0.115741215342712,0.0,1.399082182976783,0.27,0.06
165,0.1646702443121165,0.0,0.0,0.0,0.0,0.1646702443121165,0.0,1.355747908157805,0.27,0.06
166,0.3532503327478675,0.0,0.3532503327478675,0.0,0.0,0.0,0.0,1.355747908157805,0.27,0.06
167,0.27302160001383,0.09541305954942109,0.0,0.0,0.0,0.17760854046440894,0.0,1.309008818561908,0.27,0.06
168,0.2579655901282475,0.0,0.0,0.0,0.0,0.2579655901282483,0.0,1.241123136949211,0.27,0.06
169,0.23441769191819076,0.0,0.23441769191819076,0.0,0.0,0.0,0.0,1.241123136949211,0.27,0.06
170,0.250721448971935,0.0,0.250721448971935,0.0,0.0,0.0,0.0,1.241123136949211,0.27,0.06
171,0.20304382319002376,0.0,0.20304382319002376,0.0,0.0,0.0,0.0,1.241123136949211,0.27,0.06
172,0.20224367724543324,0.0,0.20224367724543324,0.0,0.0,0.0,0.0,1.241123136949211,0.27,0.06
173,0.16725452768929275,0.0,0.16725452768929275,0.0,0.0,0.0,0.0,1.241123136949211,0.27,0.06
174,0.1671798404372845,0.0,0.1671798404372845,0.0,0.0,0.0,0.0,1.241123136949211,0.27,0.06
175,0.23994193712441375,0.0,0.23994193712441375,0.0,0.0,0.0,0.0,1.241123136949211,0.27,0.06
176,0.172843536666488,0.0,0.172843536666488,0.0,0.0,0.0,0.0,1.241123136949211,0.27,0.06
177,0.1611092814856035,0.0,0.0,0.0,0.0,0.1611092814856035,0.0,1.1987259576108944,0.27,0.06
178,0.17685993504370776,0.0,0.17685993504370776,0.0,0.0,0.0,0.0,1.1987259576108944,0.27,0.06
179,0.22571741049195776,0.0,0.22571741049195776,0.0,0.0,0.0,0.0,1.1987259576108944,0.27,0.06
180,0.2844268134550975,0.0,0.2844268134550975,0.0,0.0,0.0,0.0,1.1987259576108944,0.27,0.06
181,0.3288808747657225,0.0,0.3288808747657225,0.0,0.0,0.0,0.0,1.1987259576108944,0.27,0.06
182,0.245499608793074,0.0,0.245499608793074,0.0,0.0,0.0,0.0,1.1987259576108944,0.27,0.06
183,0.166620469479937,0.0,0.166620469479937,0.0,0.0,0.0,0.0,1.1987259576108944,0.27,0.06
184,0.1437290878836855,0.0,0.1437290878836855,0.0,0.0,0.0,0.0,1.1987259576108944,0.27,0.06
185,0.125837051575698,0.0,0.125837051575698,0.0,0.0,0.0,0.0,1.1987259576108944,0.27,0.06
186,0.12535811304358974,0.0,0.12535811304358974,0.0,0.0,0.0,0.0,1.1987259576108944,0.27,0.06
187,0.11535472187078175,0.0,0.11535472187078175,0.0,0.0,0.0,0.0,1.1987259576108944,0.27,0.06
188,0.11246281058148826,0.0,0.11246281058148799,0.0,0.0,0.0,0.0,1.1987259576108944,0.27,0.06
189,0.137276213767879,0.0,0.137276213767879,0.0,0.0,0.0,0.0,1.1987259576108944,0.27,0.06
190,0.174660578273035,0.0,0.174660578273035,0.0,0.0,0.0,0.0,1.1987259576108944,0.27,0.06
191,0.148684038651525,0.0,0.148684038651525,0.0,0.0,0.0,0.0,1.1987259576108944,0.27,0.06
192,0.1008450257306585,0.0,0.1008450257306585,0.0,0.0,0.0,0.0,1.1987259576108944,0.27,0.06
193,0.05866030784643475,0.0,0.0,0.0,0.0,0.05866030784643475,0.0,1.1832890344934115,0.27,0.06
194,0.0329449124627155,0.0,0.0,0.0,0.0,0.0329449124627155,0.0,1.1746193206874338,0.27,0.06
195,0.07626560778132825,0.0,0.0,1.3877787807814457e-17,0.0,0.07626560778132827,0.0,1.1545494239028737,0.27,0.06
196,0.06738513683102,0.0,0.0,0.0,0.0,0.06738513683102,0.0,1.1368164931578684,0.27,0.06
197,0.02919697036194425,0.0,0.029196970361944685,0.0,0.0,0.0,0.0,1.1368164931578684,0.27,0.06
198,0.021832702856248276,0.0,0.021832702856248276,0.0,0.0,0.0,0.0,1.1368164931578684,0.27,0.06
199,0.0277011361678795,0.0,0.0277011361678795,0.0,0.0,0.0,0.0,1.1368164931578684,0.27,0.06
200,0.024730359318773175,0.0,0.024730359318773175,0.0,0.0,0.0,0.0,1.1368164931578684,0.27,0.06
201,0.021365776959078625,0.0,0.021365776959078625,0.0,0.0,0.0,0.0,1.1368164931578684,0.27,0.06
202,0.0314731035385275,0.0,0.0,0.0,0.0,0.0314731035385275,0.0,1.1285340974898348,0.27,0.06
203,0.0210346460655601,0.0,0.0,0.0,0.0,0.0210346460655601,0.0,1.1229986643146874,0.27,0.06
204,0.07060713443688076,0.0,0.0,0.0,0.0,0.07060713443688076,0.0,1.1044178394628767,0.27,0.06
205,0.08149267084494576,0.0,0.08149267084494576,0.0,0.0,0.0,0.0,1.1044178394628767,0.27,0.06
206,0.025435448760808,0.0,0.0,0.0,0.0,0.025435448760808,0.0,1.0977243003152957,0.27,0.06
207,0.0278693130570165,0.0,0.0,0.0,0.0,0.0278693130570165,0.0,1.0903902705634492,0.27,0.06
208,0.032341669273419,0.0,0.0,0.0,0.0,0.032341669273419,0.0,1.0818793049651811,0.27,0.06
209,0.03245187214176675,0.0,0.0,0.0,0.0,0.03245187214176675,0.0,1.0733393386120846,0.27,0.06
210,0.0528717846715675,0.0,0.0528717846715675,0.0,0.0,0.0,0.0,1.0733393386120846,0.27,0.06
211,0.038051849176949,0.0,0.038051849176949,0.0,0.0,0.0,0.0,1.0733393386120846,0.27,0.06
212,0.03414617595655225,0.0,0.03414617595655225,0.0,0.0,0.0,0.0,1.0733393386120846,0.27,0.06
213,0.02771941626452475,0.0,0.02771941626452475,0.0,0.0,0.0,0.0,1.0733393386120846,0.27,0.06
214,0.028623497615756,0.0,0.02862349761575622,0.0,0.0,0.0,0.0,1.0733393386120846,0.27,0.06
215,0.0834862459562395,0.0,0.0,0.0,0.0,0.0834862459562395,0.0,1.0513692738867584,0.27,0.06
216,0.05110801648952975,0.0,0.0,0.0,0.0,0.05110801648952975,0.0,1.037919795863198,0.27,0.06
217,0.019889267438610376,0.0,0.0,0.0,0.0,0.019889267438610376,0.0,1.0326857781161953,0.27,0.06
218,0.02948266215808725,0.0,0.0,0.0,0.0,0.02948266215808725,0.0,1.0249271828114355,0.27,0.06
219,0.022335144369757476,0.0,0.0,0.0,0.0,0.022335144369757476,0.0,1.0190495132404467,0.27,0.06
220,0.01983703859105225,0.0,0.0,0.0,0.0,0.01983703859105225,0.0,1.013829239927012,0.27,0.06
221,0.030837478463745,0.0,0.0,0.0,0.0,0.030837478463745,0.0,1.0057141140155,0.27,0.06
222,0.02972813774161025,0.0,0.029728137741610094,0.0,0.0,0.0,0.0,1.0057141140155,0.27,0.06
223,0.17337574862310526,0.0,0.17337574862310526,0.0,0.0,0.0,0.0,1.0057141140155,0.27,0.06
224,0.2530095947834575,0.0,0.2530095947834575,0.0,0.0,0.0,0.0,1.0057141140155,0.27,0.06
225,0.27156284830153,0.0,0.27156284830153,0.0,0.0,0.0,0.0,1.0057141140155,0.27,0.06
226,0.33807576337833,0.0,0.33807576337833,0.0,0.0,0.0,0.0,1.0057141140155,0.27,0.06
227,0.39760881526746,0.0,0.39760881526746,0.0,0.0,0.0,0.0,1.0057141140155,0.27,0.06
228,0.19193370273745874,0.0,0.19193370273745874,0.0,0.0,0.0,0.0,1.0057141140155,0.27,0.06
229,0.20824007123358176,0.0,0.20824007123358176,0.0,0.0,0.0,0.0,1.0057141140155,0.27,0.06
230,0.2065452451303205,0.0,0.2065452451303205,0.0,0.0,0.0,0.0,1.0057141140155,0.27,0.06
231,0.167320336037216,0.167320336037216,0.0,0.0,0.0,0.0,0.0,1.0057141140155,0.27,0.06
232,0.08151617382634675,0.08151617382634675,0.0,0.0,0.0,0.0,0.0,1.0057141140155,0.27,0.06
233,0.09083745625004574,0.09083745625004574,0.0,0.0,0.0,0.0,0.0,1.005714114015499,0.27,0.06
234,0.16675417532968576,0.14504054207079056,0.0,0.0,0.0,0.021713633258895193,0.0,1.0,0.27,0.06
235,0.15267641175886826,0.15267641175886837,-0.0,0.0,0.0,0.0,0.0,1.0,0.27,0.06
236,0.112245016287171,0.112245016287171,0.0,0.0,0.0,0.0,0.0,1.0,0.27,0.06
237,0.2835013182763675,0.29708853786077716,0.0,0.013587219584409699,0.0,0.0,0.0,1.0,0.27,0.06
238,0.2729516133581025,0.2729516133581025,0.0,0.0,0.0,0.0,0.0,1.0,0.27,0.06
239,0.09232545611697675,0.0,0.09232545611697675,0.0,0.0,-0.0,0.0,1.0,0.27,0.06
240,0.1383829430476355,0.1383829430476355,0.0,0.0,0.0,0.0,0.0,1.0,0.27,0.06
241,0.12459870560009476,0.12459870560009476,0.0,0.0,0.0,0.0,0.0,1.0,0.27,0.06
242,0.28121735077265,0.28121735077265,0.0,0.0,0.0,-0.0,0.0,1.0,0.27,0.06
243,0.23226899712964924,0.23226899712964924,0.0,0.0,0.0,-0.0,0.0,1.0,0.27,0.06
244,0.356638418088965,0.356638418088965,0.0,0.0,0.0,-0.0,0.0,1.0,0.27,0.06
245,0.182873042263075,0.182873042263075,0.0,0.0,0.0,0.0,0.0,1.0,0.27,0.06
246,0.080534271492254,2.496914483580378,0.0,0.0,2.4163802120881237,0.0,0.0,1.5738903003709295,0.27,0.06
247,0.05984799183990675,0.05984799183990675,0.0,0.0,0.0,0.0,0.0,1.5738903003709295,0.27,0.06
248,0.0392661698826755,0.0392661698826755,0.0,0.0,0.0,0.0,0.0,1.5738903003709295,0.27,0.06
249,0.112201144055222,0.112201144055222,0.0,0.0,0.0,0.0,0.0,1.5738903003709295,0.27,0.06
250,0.194993268627414,0.19499326862741384,0.0,0.0,0.0,0.0,0.0,1.5738903003709295,0.27,0.06
251,0.3432704445564625,0.0,0.0,0.0,0.0,0.3432704445564625,0.0,1.483555972856071,0.27,0.06
252,0.3329698712410475,0.25303800716697944,0.0,0.0,0.0,0.07993186407406805,0.0,1.4625212717839475,0.27,0.06
253,0.0414890296347495,0.04148902963474945,0.0,0.0,0.0,0.0,0.0,1.4625212717839473,0.27,0.06
254,0.03551091574324625,0.03551091574324625,0.0,0.0,0.0,0.0,0.0,1.4625212717839473,0.27,0.06
255,0.05271823185974675,0.05271823185974675,0.0,0.0,0.0,0.0,0.0,1.4625212717839473,0.27,0.06
256,0.10769327222248025,0.10769327222248073,0.0,0.0,0.0,0.0,0.0,1.4625212717839475,0.27,0.06
257,0.0808069060765075,0.08080690607650709,0.0,0.0,0.0,0.0,0.0,1.4625212717839475,0.27,0.06
258,0.08980645879924826,0.08980645879924826,0.0,0.0,0.0,0.0,0.0,1.4625212717839475,0.27,0.06
259,0.107058691724649,0.0,0.0,0.0,0.0,0.107058691724649,0.0,1.4343479318564083,0.27,0.06
260,0.0917159454659735,0.09171594546597076,0.0,0.0,0.0,0.0,0.0,1.4343479318564076,0.27,0.06
261,0.2527437499493875,0.08375779427004942,0.16898595567933805,0.0,0.0,0.0,0.0,1.4343479318564074,0.27,0.06
262,0.268476123410845,-0.0,0.268476123410845,0.0,0.0,0.0,0.0,1.4343479318564074,0.27,0.06
263,0.144531845270654,0.0,0.144531845270654,0.0,0.0,0.0,0.0,1.4343479318564074,0.27,0.06
264,0.10458931181210075,-9.71445146547012e-17,0.10458931181210085,0.0,0.0,0.0,0.0,1.4343479318564074,0.27,0.06
265,0.08355988863129625,0.0,0.0,0.0,0.0,0.08355988863129625,0.0,1.4123584874797506,0.27,0.06
266,0.13985527426029926,0.0,0.13985527426029926,0.0,0.0,0.0,0.0,1.4123584874797506,0.27,0.06
267,0.114786994297825,0.0,0.114786994297825,0.0,0.0,0.0,0.0,1.4123584874797506,0.27,0.06
268,0.2611990780805725,0.0,0.2611990780805725,0.0,0.0,0.0,0.0,1.4123584874797506,0.27,0.06
269,0.3381316482452175,0.0,0.3381316482452175,0.0,0.0,0.0,0.0,1.4123584874797506,0.27,0.06
270,0.28077758387621,0.0,0.28077758387621,0.0,0.0,0.0,0.0,1.4123584874797506,0.27,0.06
271,0.2911700799633275,0.0,0.2911700799633275,0.0,0.0,0.0,0.0,1.4123584874797506,0.27,0.06
272,0.3350276878348375,0.0,0.3350276878348375,0.0,0.0,0.0,0.0,1.4123584874797506,0.27,0.06
273,0.306012473862395,0.0,0.306012473862395,0.0,0.0,0.0,0.0,1.4123584874797506,0.27,0.06
274,0.19369694863102124,0.0,0.19369694863102124,0.0,0.0,0.0,0.0,1.4123584874797506,0.27,0.06
275,0.212100305356603,0.0,0.212100305356603,0.0,0.0,0.0,0.0,1.4123584874797506,0.27,0.06
276,0.191721653616373,0.0,0.191721653616373,0.0,0.0,0.0,0.0,1.4123584874797506,0.27,0.06
277,0.21574901264701374,0.0,0.21574901264701374,0.0,0.0,0.0,0.0,1.4123584874797506,0.27,0.06
278,0.3084526056203125,0.0,0.3084526056203125,0.0,0.0,0.0,0.0,1.4123584874797506,0.27,0.06
279,0.27765377650376,0.0,0.27765377650376,0.0,0.0,0.0,0.0,1.4123584874797506,0.27,0.06
280,0.399238355311275,0.0,0.399238355311275,0.0,0.0,0.0,0.0,1.4123584874797506,0.27,0.06
281,0.2774432942481,0.0,0.2774432942481,0.0,0.0,0.0,0.0,1.4123584874797506,0.27,0.06
282,0.18858844505136074,0.0,0.18858844505136074,0.0,0.0,0.0,0.0,1.4123584874797506,0.27,0.06
283,0.19791233891743776,0.0,0.19791233891743776,0.0,0.0,0.0,0.0,1.4123584874797506,0.27,0.06
284,0.328534075217935,0.0,0.328534075217935,0.0,0.0,0.0,0.0,1.4123584874797506,0.27,0.06
285,0.1654636005065245,0.0,0.1654636005065245,0.0,0.0,0.0,0.0,1.4123584874797506,0.27,0.06
286,0.348062963608395,0.0,0.348062963608395,0.0,0.0,0.0,0.0,1.4123584874797506,0.27,0.06
287,0.3034898205253375,0.0,0.3034898205253375,0.0,0.0,0.0,0.0,1.4123584874797506,0.27,0.06
288,0.12281509045598475,0.0,0.12281509045598475,0.0,0.0,0.0,0.0,1.4123584874797506,0.27,0.06
289,0.08274616318634075,0.0,0.08274616318634075,0.0,0.0,0.0,0.0,1.4123584874797506,0.27,0.06
290,0.05720103384566075,0.0,0.057201033845660554,0.0,0.0,0.0,0.0,1.4123584874797506,0.27,0.06
291,0.083466921282643,0.0,0.083466921282643,0.0,0.0,0.0,0.0,1.4123584874797506,0.27,0.06
292,0.08108424125704125,0.0,0.0,0.0,0.0,0.08108424125704125,0.0,1.3910205292542135,0.27,0.06
293,0.0487383936758175,0.0,0.0487383936758175,0.0,0.0,0.0,0.0,1.3910205292542135,0.27,0.06
294,0.035965306717002,0.0,0.0,0.0,0.0,0.035965306717002,0.0,1.3815559748550024,0.27,0.06
295,0.027437380487711,0.0,0.0,0.0,0.0,0.027437380487711,0.0,1.3743356115687626,0.27,0.06
296,0.020342613835414924,0.0,0.0,0.0,0.0,0.020342613835414924,0.0,1.3689822921383903,0.27,0.06
297,0.0414702272496285,0.0,0.0,6.938893903907228e-18,0.0,0.041470227249628504,0.0,1.3580690744411197,0.27,0.06
298,0.0400433351343405,0.0,0.0,0.0,0.0,0.0400433351343405,0.0,1.3475313546689247,0.27,0.06
299,0.07659673867484675,0.0,0.07659673867484708,0.0,0.0,0.0,0.0,1.3475313546689247,0.27,0.06
300,0.06357556469013025,0.0,0.06357556469013025,0.0,0.0,0.0,0.0,1.3475313546689247,0.27,0.06
301,0.023185430008003775,0.0,0.023185430008003775,0.0,0.0,0.0,0.0,1.3475313546689247,0.27,0.06
302,0.028062037504506,0.0,0.028062037504506,0.0,0.0,0.0,0.0,1.3475313546689247,0.27,0.06
303,0.03827800008687575,0.0,0.0,0.0,0.0,0.03827800008687575,0.0,1.337458196751326,0.27,0.06
304,0.021574692349311125,0.0,0.0,0.0,0.0,0.021574692349311125,0.0,1.331780646133086,0.27,0.06
305,0.032089926228189,0.0,0.0,0.0,0.0,0.032089926228189,0.0,1.3233359287046154,0.27,0.06
306,0.03395292922058725,0.0,0.0,0.0,0.0,0.03395292922058725,0.0,1.3144009473307765,0.27,0.06
307,0.047109898208955,0.0,0.0,0.0,0.0,0.047109898208955,0.0,1.302003605696841,0.27,0.06
308,0.08811946702312075,0.0,0.08811946702312075,0.0,0.0,0.0,0.0,1.302003605696841,0.27,0.06
309,0.05994565978484025,0.0,0.05994565978484025,0.0,0.0,0.0,0.0,1.302003605696841,0.27,0.06
310,0.021343318554628624,0.0,0.0,0.0,0.0,0.021343318554628624,0.0,1.2963869429193071,0.27,0.06
311,0.0324497829878645,0.0,0.0324497829878645,0.0,0.0,0.0,0.0,1.2963869429193071,0.27,0.06
312,0.0333601318008025,0.0,0.0333601318008025,0.0,0.0,0.0,0.0,1.2963869429193071,0.27,0.06
313,0.02359333730743275,0.0,0.02359333730743275,0.0,0.0,0.0,0.0,1.2963869429193071,0.27,0.06
314,0.029819538224837,0.0,0.029819538224837,0.0,0.0,0.0,0.0,1.2963869429193071,0.27,0.06
315,0.037399510870948,0.0,0.037399510870948,0.0,0.0,0.0,0.0,1.2963869429193071,0.27,0.06
316,0.03563626497738575,0.0,0.0,0.0,0.0,0.03563626497738575,0.0,1.287008978451574,0.27,0.06
317,0.13526697000231774,0.0,0.13526697000231774,0.0,0.0,0.0,0.0,1.287008978451574,0.27,0.06
318,0.09840802770359625,0.0,0.09840802770359625,0.0,0.0,0.0,0.0,1.287008978451574,0.27,0.06
319,0.0958132985569085,0.0,0.0958132985569085,0.0,0.0,0.0,0.0,1.287008978451574,0.27,0.06
320,0.19906555187152125,0.0,0.19906555187152125,0.0,0.0,0.0,0.0,1.287008978451574,0.27,0.06
321,0.3629001346227075,0.0,0.3629001346227075,0.0,0.0,0.0,0.0,1.287008978451574,0.27,0.06
322,0.16172558188678926,0.0,0.16172558188678926,0.0,0.0,0.0,0.0,1.287008978451574,0.27,0.06
323,0.193072291614226,0.0,0.193072291614226,0.0,0.0,0.0,0.0,1.287008978451574,0.27,0.06
324,0.357425506821665,-0.0,0.357425506821665,0.0,0.0,0.0,0.0,1.287008978451574,0.27,0.06
325,0.1002125343867295,0.1002125343867295,-0.0,0.0,0.0,0.0,0.0,1.287008978451574,0.27,0.06
326,0.1080808102713615,-0.0,0.1080808102713615,0.0,0.0,0.0,0.0,1.287008978451574,0.27,0.06
327,0.06853051545796975,0.06853051545796975,-0.0,0.0,0.0,0.0,0.0,1.287008978451574,0.27,0.06
328,0.05921288905359975,0.0,0.05921288905359975,0.0,0.0,0.0,0.0,1.287008978451574,0.27,0.06
329,0.058295750490479,0.058295750490479,0.0,0.0,0.0,0.0,0.0,1.287008978451574,0.27,0.06
330,0.13887493879163326,0.13887493879163326,0.0,0.0,0.0,0.0,0.0,1.287008978451574,0.27,0.06
331,0.2311074275599565,0.2311074275599565,0.0,0.0,0.0,0.0,0.0,1.287008978451574,0.27,0.06
332,0.18842444647002826,0.18842444647002826,0.0,0.0,0.0,-0.0,0.0,1.287008978451574,0.27,0.06
333,0.06142582532463775,0.4468004867221207,0.0,0.0,0.38537466139748294,0.0,0.0,1.378535460533476,0.27,0.06
334,0.040383344931944,0.040383344931944,0.0,0.0,0.0,0.0,0.0,1.378535460533476,0.27,0.06
335,0.19687455171645776,0.19687455171645776,0.0,0.0,0.0,0.0,0.0,1.378535460533476,0.27,0.06
336,0.275758391625875,0.275758391625875,0.0,0.0,0.0,0.0,0.0,1.378535460533476,0.27,0.06
337,0.1297092983336575,0.1297092983336575,0.0,0.0,0.0,0.0,0.0,1.378535460533476,0.27,0.06
338,0.09985685593485875,0.09985685593485875,0.0,0.0,0.0,0.0,0.0,1.378535460533476,0.27,0.06
339,0.15953928232800624,0.05709056595758055,0.0,0.0,0.0,0.10244871637042569,0.0,1.351575272014943,0.27,0.06
340,0.171153411159507,0.6861990486673052,0.0,0.0,0.5150456375077982,0.0,0.0,1.473898610923045,0.27,0.06
341,0.17603419696381375,0.17603419696381375,0.0,0.0,0.0,0.0,0.0,1.473898610923045,0.27,0.06
342,0.112075272532607,0.112075272532607,0.0,0.0,0.0,0.0,0.0,1.473898610923045,0.27,0.06
343,0.12845528370378675,0.12845528370378675,0.0,0.0,0.0,0.0,0.0,1.473898610923045,0.27,0.06
344,0.21128344618079375,0.21128344618079375,0.0,0.0,0.0,0.0,0.0,1.473898610923045,0.27,0.06
345,0.297089697545565,0.0,0.0,0.0,0.0,0.297089697545565,0.0,1.3957171115689488,0.27,0.06
346,0.232495148039576,-7.216449660063518e-16,0.0,0.0,0.0,0.23249514803957672,0.0,1.3345341778743234,0.27,0.06
347,0.125355501601212,0.0,0.0,0.0,0.0,0.125355501601212,0.0,1.3015458879792676,0.27,0.06
348,0.2426003854651225,0.0,0.0,0.0,0.0,0.2426003854651225,0.0,1.2377036812779196,0.27,0.06
349,0.11240797029155225,0.01522314970158345,0.0,0.0,0.0,0.0971848205899688,0.0,1.2121287284910858,0.27,0.06
350,0.10124823243380725,0.10124823243380725,0.0,0.0,0.0,0.0,0.0,1.2121287284910858,0.27,0.06
351,0.109574555311524,0.07507194962786452,0.0,0.0,0.0,0.03450260568365948,0.0,1.2030490954164386,0.27,0.06
352,0.0984289192426195,0.0984289192426195,0.0,0.0,0.0,0.0,0.0,1.2030490954164386,0.27,0.06
353,0.104456650539303,0.1044566505393032,-0.0,0.0,0.0,0.0,0.0,1.2030490954164386,0.27,0.06
354,0.16318955648384376,0.16318955648384392,0.0,-0.0,0.0,0.0,0.0,1.2030490954164386,0.27,0.06
355,0.120885234538712,0.0882641780337555,0.0,0.0,0.0,0.0326210565049565,0.0,1.1944646068625027,0.27,0.06
356,0.119228535494168,0.119228535494168,0.0,0.0,0.0,0.0,0.0,1.1944646068625027,0.27,0.06
357,0.1381761168113055,0.1381761168113055,0.0,0.0,0.0,0.0,0.0,1.1944646068625027,0.27,0.06
358,0.13765487291267525,0.13765487291267525,-0.0,0.0,0.0,0.0,0.0,1.1944646068625027,0.27,0.06
359,0.3332085570743875,0.0,0.3332085570743875,0.0,0.0,0.0,0.0,1.1944646068625027,0.27,0.06
360,0.545367358740255,0.0,0.545367358740255,0.0,0.0,0.0,0.0,1.1944646068625027,0.27,0.06
361,0.4945977851829025,0.0,0.4945977851829025,0.0,0.0,0.0,0.0,1.1944646068625027,0.27,0.06
362,0.411297996212445,0.0,0.411297996212445,0.0,0.0,0.0,0.0,1.1944646068625027,0.27,0.06
363,0.36043649988339,0.0,0.36043649988339,0.0,0.0,0.0,0.0,1.1944646068625027,0.27,0.06
364,0.386646502453485,0.0,0.386646502453485,0.0,0.0,0.0,0.0,1.1944646068625027,0.27,0.06
365,0.393627410218105,0.0,0.393627410218105,0.0,0.0,0.0,0.0,1.1944646068625027,0.27,0.06
366,0.3482504651711275,0.0,0.3482504651711275,0.0,0.0,0.0,0.0,1.1944646068625027,0.27,0.06
367,0.3385896952383025,0.0,0.3385896952383025,0.0,0.0,0.0,0.0,1.1944646068625027,0.27,0.06
368,0.4288019721830775,0.0,0.4288019721830775,0.0,0.0,0.0,0.0,1.1944646068625027,0.27,0.06
369,0.52959790279703,0.0,0.52959790279703,0.0,0.0,0.0,0.0,1.1944646068625027,0.27,0.06
370,0.2566666586894775,0.0,0.2566666586894775,0.0,0.0,0.0,0.0,1.1944646068625027,0.27,0.06
371,0.17723859418850424,0.0,0.17723859418850424,0.0,0.0,0.0,0.0,1.1944646068625027,0.27,0.06
372,0.224694247368294,0.0,0.224694247368294,0.0,0.0,0.0,0.0,1.1944646068625027,0.27,0.06
373,0.1482855325446565,0.0,0.1482855325446565,0.0,0.0,0.0,0.0,1.1944646068625027,0.27,0.06
374,0.2208695288616125,0.0,0.2208695288616125,0.0,0.0,0.0,0.0,1.1944646068625027,0.27,0.06
375,0.2764483347021175,0.0,0.2764483347021175,0.0,0.0,0.0,0.0,1.1944646068625027,0.27,0.06
376,0.35869205637495,0.0,0.35869205637495,0.0,0.0,0.0,0.0,1.1944646068625027,0.27,0.06
377,0.2789506187886275,0.0,0.2789506187886275,0.0,0.0,0.0,0.0,1.1944646068625027,0.27,0.06
378,0.3329829284529375,0.0,0.332982928452938,0.0,0.0,0.0,0.0,1.1944646068625027,0.27,0.06
379,0.18179921715728,0.0,0.18179921715728,0.0,0.0,0.0,0.0,1.1944646068625027,0.27,0.06
380,0.2861785690021975,0.0,0.2861785690021975,0.0,0.0,0.0,0.0,1.1944646068625027,0.27,0.06
381,0.3059905377464225,0.0,0.3059905377464225,0.0,0.0,0.0,0.0,1.1944646068625027,0.27,0.06
382,0.20965965131021175,0.0,0.20965965131021175,0.0,0.0,0.0,0.0,1.1944646068625027,0.27,0.06
383,0.29807368903356,0.0,0.29807368903356,0.0,0.0,0.0,0.0,1.1944646068625027,0.27,0.06
384,0.365382571747145,0.0,0.365382571747145,0.0,0.0,0.0,0.0,1.1944646068625027,0.27,0.06
385,0.1488093878856645,0.0,0.1488093878856645,0.0,0.0,0.0,0.0,1.1944646068625027,0.27,0.06
386,0.15162817878837676,0.0,0.15162817878837676,0.0,0.0,0.0,0.0,1.1944646068625027,0.27,0.06
387,0.14353793030162276,0.0,0.14353793030162265,0.0,0.0,0.0,0.0,1.1944646068625027,0.27,0.06
388,0.14902874904540875,0.0,0.14902874904540875,0.0,0.0,0.0,0.0,1.1944646068625027,0.27,0.06
389,0.066669079330998,0.0,0.066669079330998,0.0,0.0,0.0,0.0,1.1944646068625027,0.27,0.06
390,0.06781027965014325,0.0,0.06781027965014325,0.0,0.0,0.0,0.0,1.1944646068625027,0.27,0.06
391,0.0552205159462565,0.0,0.0552205159462565,0.0,0.0,0.0,0.0,1.1944646068625027,0.27,0.06
392,0.06384558783200575,0.0,0.06384558783200575,0.0,0.0,0.0,0.0,1.1944646068625027,0.27,0.06
393,0.09041596945025175,0.0,0.09041596945025175,0.0,0.0,0.0,0.0,1.1944646068625027,0.27,0.06
394,0.05289789909534675,0.0,0.05289789909534675,0.0,0.0,0.0,0.0,1.1944646068625027,0.27,0.06
395,0.0382821783946805,0.0,0.0,0.0,0.0,0.0382821783946805,0.0,1.1843903493902184,0.27,0.06
396,0.0296706860092965,0.0,0.0,0.0,0.0,0.0296706860092965,0.0,1.1765822741246141,0.27,0.06
397,0.022605167511632974,0.0,0.0,0.0,0.0,0.022605167511632974,0.0,1.1706335458320791,0.27,0.06
398,0.038164141199199,0.0,0.0,0.0,0.0,0.038164141199199,0.0,1.1605903507796582,0.27,0.06
399,0.0264612233268495,0.0,0.0,3.469446951953614e-18,0.0,0.026461223326849505,0.0,1.1536268709568032,0.27,0.06
400,0.07309427215759876,0.0,0.07309427215759876,0.0,0.0,0.0,0.0,1.1536268709568032,0.27,0.06
401,0.087904806459657,0.0,0.087904806459657,0.0,0.0,0.0,0.0,1.1536268709568032,0.27,0.06
402,0.023895220046318725,0.0,0.023895220046318725,0.0,0.0,0.0,0.0,1.1536268709568032,0.27,0.06
403,0.02938029361687325,0.0,0.02938029361687325,0.0,0.0,0.0,0.0,1.1536268709568032,0.27,0.06
404,0.035365197258559,0.0,0.035365197258559,0.0,0.0,0.0,0.0,1.1536268709568032,0.27,0.06
405,0.0213386179583484,0.0,0.0,0.0,0.0,0.0213386179583484,0.0,1.1480114451782903,0.27,0.06
406,0.03430025105684875,0.0,0.0,0.0,0.0,0.03430025105684875,0.0,1.1389850633212248,0.27,0.06
407,0.03265713151267025,0.0,0.0,0.0,0.0,0.03265713151267025,0.0,1.1303910813442064,0.27,0.06
408,0.0344652942151325,0.0,0.0,0.0,0.0,0.0344652942151325,0.0,1.1213212670770663,0.27,0.06
409,0.091266255088498,0.0,0.091266255088498,0.0,0.0,0.0,0.0,1.1213212670770663,0.27,0.06
410,0.105625532147654,0.0,0.105625532147654,0.0,0.0,0.0,0.0,1.1213212670770663,0.27,0.06
411,0.048369658012057,0.0,0.048369658012057,0.0,0.0,0.0,0.0,1.1213212670770663,0.27,0.06
412,0.0356440993045195,0.0,0.0,0.0,0.0,0.0356440993045195,0.0,1.111941240944298,0.27,0.06
413,0.021891199165513374,0.0,0.021891199165513374,0.0,0.0,0.0,0.0,1.1119412409442968,0.27,0.06
414,0.03787949398000725,0.0,0.03787949398000725,0.0,0.0,0.0,0.0,1.1119412409442968,0.27,0.06
415,0.07201000128229225,0.0,0.07201000128229225,0.0,0.0,0.0,0.0,1.1119412409442968,0.27,0.06
416,0.248817707478442,0.0,0.248817707478442,0.0,0.0,0.0,0.0,1.1119412409442968,0.27,0.06
417,0.24222329318575275,0.0,0.24222329318575275,0.0,0.0,0.0,0.0,1.1119412409442968,0.27,0.06
418,0.26453963517039,0.0,0.26453963517039,0.0,0.0,0.0,0.0,1.1119412409442968,0.27,0.06
419,0.17644105968629176,0.0,0.17644105968629176,0.0,0.0,0.0,0.0,1.1119412409442968,0.27,0.06
420,0.1873203286326495,0.0,0.1873203286326495,0.0,0.0,0.0,0.0,1.1119412409442968,0.27,0.06
421,0.15720935343843825,0.0,0.15720935343843825,0.0,0.0,0.0,0.0,1.1119412409442946,0.27,0.06
422,0.08270385781981875,0.08270385781981875,0.0,0.0,0.0,0.0,0.0,1.1119412409442946,0.27,0.06
423,0.096417586323156,0.096417586323156,0.0,0.0,0.0,0.0,0.0,1.1119412409442946,0.27,0.06
424,0.0850766143643845,0.0850766143643845,0.0,0.0,0.0,0.0,0.0,1.1119412409442946,0.27,0.06
425,0.077394795465535,0.077394795465535,-0.0,0.0,0.0,0.0,0.0,1.1119412409442946,0.27,0.06
426,0.108630257747673,0.0,0.108630257747673,0.0,0.0,0.0,0.0,1.1119412409442946,0.27,0.06
427,0.20359953812804224,0.20359953812804224,-0.0,0.0,0.0,0.0,0.0,1.1119412409442946,0.27,0.06
428,0.326016644765635,0.326016644765635,0.0,0.0,0.0,0.0,0.0,1.1119412409442946,0.27,0.06
429,0.16925593712772025,0.16925593712772025,0.0,0.0,0.0,0.0,0.0,1.1119412409442946,0.27,0.06
430,0.09827536643079875,0.09827536643079875,0.0,0.0,0.0,0.0,0.0,1.1119412409442946,0.27,0.06
431,0.249734323753087,0.249734323753087,0.0,0.0,0.0,0.0,0.0,1.1119412409442946,0.27,0.06
432,0.330079004528705,0.330079004528705,0.0,0.0,0.0,0.0,0.0,1.1119412409442946,0.27,0.06
433,0.115008966899947,0.115008966899947,0.0,0.0,0.0,0.0,0.0,1.1119412409442946,0.27,0.06
434,0.2887174132819975,0.2887174132819975,0.0,0.0,0.0,0.0,0.0,1.1119412409442946,0.27,0.06
435,0.20633424058618574,0.20633424058618574,0.0,0.0,0.0,0.0,0.0,1.1119412409442946,0.27,0.06
436,0.128513780013052,0.128513780013052,0.0,0.0,0.0,0.0,0.0,1.1119412409442946,0.27,0.06
437,0.08522024369516926,2.7135184027276606,0.0,0.0,2.628298159032491,0.0,0.0,1.7361620537145113,0.27,0.06
438,0.0529344592886375,0.0529344592886375,0.0,0.0,0.0,0.0,0.0,1.7361620537145113,0.27,0.06
439,0.03727520621375975,0.03727520621375975,0.0,0.0,0.0,0.0,0.0,1.7361620537145113,0.27,0.06
440,0.05447991088788225,0.05447991088788225,0.0,0.0,0.0,0.0,0.0,1.7361620537145113,0.27,0.06
441,0.0967837105445385,0.0967837105445385,0.0,0.0,0.0,0.0,0.0,1.7361620537145113,0.27,0.06
442,0.09777396949424075,0.09777396949424075,0.0,0.0,0.0,0.0,0.0,1.7361620537145113,0.27,0.06
443,0.131341449819849,0.131341449819849,0.0,0.0,0.0,0.0,0.0,1.7361620537145113,0.27,0.06
444,0.13244922367655676,0.0,0.0,0.0,0.0,0.1324492236765565,0.0,1.7013069948522594,0.27,0.06
445,0.0579061232876955,0.0579061232876955,0.0,0.0,0.0,0.0,0.0,1.7013069948522594,0.27,0.06
446,0.11223143678680575,0.20473552993460103,0.0,0.0,0.09250409314779529,0.0,0.0,1.723276716974861,0.27,0.06
447,0.255663342527885,0.15114435766893708,0.0,0.0,0.0,0.10451898485894788,0.0,1.6957717209593524,0.27,0.06
448,0.224066978909121,0.0,0.0,0.0,0.0,0.224066978909121,0.0,1.6368067265095836,0.27,0.06
449,0.215956883460295,-3.885780586188048e-16,0.0,0.0,0.0,0.2159568834602954,0.0,1.5799759677042426,0.27,0.06
450,0.1794572756327735,0.0,0.0,0.0,0.0,0.1794572756327735,0.0,1.5327503688535127,0.27,0.06
451,0.1364933033429825,0.11907185728638502,0.0,0.0,0.0,0.017421446056597498,0.0,1.528165777785987,0.27,0.06
452,0.1240576147393925,0.0,0.0,0.0,0.0,0.1240576147393925,0.0,1.4955190370650941,0.27,0.06
453,0.274522134804175,0.0,0.0,0.0,0.0,0.274522134804175,0.0,1.423276370011364,0.27,0.06
454,0.3196630054601875,0.0,-0.0,0.0,0.0,0.31966300546018767,0.0,1.3391545264692093,0.27,0.06
455,0.15747989886878924,0.0,-0.0,0.0,0.0,0.15747989886878924,0.0,1.2977124478195279,0.27,0.06
456,0.095311379331875,0.0,0.0,0.0,0.0,0.095311379331875,0.0,1.272630505890087,0.27,0.06
457,0.3778532536786,0.0,0.3778532536786,0.0,0.0,0.0,0.0,1.272630505890087,0.27,0.06
458,0.482420629374725,0.0,0.482420629374725,0.0,0.0,0.0,0.0,1.272630505890087,0.27,0.06
459,0.5135730477892475,0.0,0.5135730477892475,0.0,0.0,0.0,0.0,1.272630505890087,0.27,0.06
460,0.587780838976785,0.0,0.587780838976785,0.0,0.0,0.0,0.0,1.272630505890087,0.27,0.06
461,0.6002630112547,0.0,0.6002630112547,0.0,0.0,0.0,0.0,1.272630505890087,0.27,0.06
462,0.4492668015217775,0.0,0.4492668015217775,0.0,0.0,0.0,0.0,1.272630505890087,0.27,0.06
463,0.1926001428323005,0.0,0.19260014283230031,0.0,0.0,0.0,0.0,1.272630505890087,0.27,0.06
464,0.2329521504557095,0.0,0.2329521504557095,0.0,0.0,0.0,0.0,1.272630505890087,0.27,0.06
465,0.249248073182321,0.0,0.249248073182321,0.0,0.0,0.0,0.0,1.272630505890087,0.27,0.06
466,0.18401580944764676,0.0,0.18401580944764656,0.0,0.0,0.0,0.0,1.272630505890087,0.27,0.06
467,0.1897500146210535,0.0,0.1897500146210535,0.0,0.0,0.0,0.0,1.272630505890087,0.27,0.06
468,0.27378988636141,0.0,0.27378988636141,0.0,0.0,0.0,0.0,1.272630505890087,0.27,0.06
469,0.266934850119405,0.0,0.266934850119405,0.0,0.0,0.0,0.0,1.272630505890087,0.27,0.06
470,0.2859059344179425,0.0,0.2859059344179425,0.0,0.0,0.0,0.0,1.272630505890087,0.27,0.06
471,0.2853831236538875,0.0,0.2853831236538875,0.0,0.0,0.0,0.0,1.272630505890087,0.27,0.06
472,0.3574949711889175,0.0,0.3574949711889175,0.0,0.0,0.0,0.0,1.272630505890087,0.27,0.06
473,0.4400609448511825,0.0,0.4400609448511825,0.0,0.0,0.0,0.0,1.272630505890087,0.27,0.06
474,0.22641988849161476,0.0,0.22641988849161476,0.0,0.0,0.0,0.0,1.272630505890087,0.27,0.06
475,0.30238100209168,0.0,0.30238100209168,0.0,0.0,0.0,0.0,1.272630505890087,0.27,0.06
476,0.3015714549545275,0.0,0.3015714549545274,0.0,0.0,0.0,0.0,1.272630505890087,0.27,0.06
477,0.199607165020699,0.0,0.199607165020699,0.0,0.0,0.0,0.0,1.272630505890087,0.27,0.06
478,0.21077682635948,0.0,0.21077682635948022,0.0,0.0,0.0,0.0,1.272630505890087,0.27,0.06
479,0.40449153279867,0.0,0.40449153279867,0.0,0.0,0.0,0.0,1.272630505890087,0.27,0.06
480,0.1537126320944215,0.0,0.1537126320944211,0.0,0.0,0.0,0.0,1.272630505890087,0.27,0.06
481,0.1379865260946695,0.0,0.1379865260946695,0.0,0.0,0.0,0.0,1.272630505890087,0.27,0.06
482,0.147087402781673,0.0,0.147087402781673,0.0,0.0,0.0,0.0,1.272630505890087,0.27,0.06
483,0.09421405124467876,0.0,0.0,0.0,0.0,0.09421405124467876,0.0,1.2478373345099085,0.27,0.06
484,0.08608149739140275,0.0,0.0,-1.3877787807814457e-17,0.0,0.08608149739140274,0.0,1.225184308880592,0.27,0.06
485,0.089714536027546,0.0,0.0,0.0,0.0,0.089714536027546,0.0,1.2015752204522905,0.27,0.06
486,0.07032353179464025,0.0,0.0,0.0,0.0,0.07032353179464025,0.0,1.1830690278747533,0.27,0.06
487,0.052668092166091,0.0,0.0,0.0,0.0,0.052668092166091,0.0,1.169209003620519,0.27,0.06
488,0.02450003010104185,0.0,0.0,0.0,0.0,0.02450003010104185,0.0,1.1627616272781396,0.27,0.06
489,0.020929143793492675,0.0,0.020929143793492422,0.0,0.0,0.0,0.0,1.1627616272781396,0.27,0.06
490,0.0451821314455845,0.0,0.0451821314455845,0.0,0.0,0.0,0.0,1.1627616272781396,0.27,0.06
491,0.020824686098376424,0.0,0.020824686098375976,0.0,0.0,0.0,0.0,1.1627616272781396,0.27,0.06
492,0.02700335876450275,0.0,0.02700335876450275,0.0,0.0,0.0,0.0,1.1627616272781396,0.27,0.06
493,0.05089596736844375,0.0,0.05089596736844375,0.0,0.0,0.0,0.0,1.1627616272781396,0.27,0.06
494,0.0723400875988595,0.0,0.0,0.0,0.0,0.0723400875988595,0.0,1.143724762120545,0.27,0.06
495,0.074807900645981,0.0,0.0,0.0,0.0,0.074807900645981,0.0,1.1240384724768657,0.27,0.06
496,0.0315441347712065,0.0,0.0,0.0,0.0,0.0315441347712065,0.0,1.1157373843791798,0.27,0.06
497,0.021031512334706626,0.0,0.0,0.0,0.0,0.021031512334706626,0.0,1.1102027758700466,0.27,0.06
498,0.034744196261093,0.0,0.0,0.0,0.0,0.034744196261093,0.0,1.1010595663276537,0.27,0.06
499,0.030117764944394,0.0,0.0,0.0,0.0,0.030117764944394,0.0,1.093133838710708,0.27,0.06
500,0.021213791012684474,0.0,0.0,0.0,0.0,0.021213791012684474,0.0,1.0875512621284225,0.27,0.06
501,0.035869205637495,0.0,0.035869205637495,0.0,0.0,0.0,0.0,1.0875512621284225,0.27,0.06
502,0.09631208405108875,0.0,0.09631208405108875,0.0,0.0,0.0,0.0,1.0875512621284225,0.27,0.06
503,0.05578354292293325,0.0,0.05578354292293304,0.0,0.0,0.0,0.0,1.0875512621284225,0.27,0.06
504,0.02359908248066415,0.0,0.02359908248066415,0.0,0.0,0.0,0.0,1.0875512621284225,0.27,0.06
505,0.0297328383378905,0.0,0.029732838337890755,0.0,0.0,-8.43769498715119e-16,0.0,1.0875512621284227,0.27,0.06
506,0.033463022630492,0.0,0.0,0.0,0.0,0.033463022630492,0.0,1.078745203541451,0.27,0.06
507,0.0235750572107874,0.0,0.0,0.0,0.0,0.0235750572107874,0.0,1.0725412411175597,0.27,0.06
508,0.030278629794873,0.0,0.0,3.469446951953614e-18,0.0,0.030278629794873002,0.0,1.0645731806452245,0.27,0.06
509,0.020558841264305575,0.0,0.0,0.0,0.0,0.020558841264305575,0.0,1.059162959259881,0.27,0.06
510,0.04328413512532225,0.0,0.0,6.938893903907228e-18,0.0,0.043284135125322254,0.0,1.0477723973847963,0.27,0.06
511,0.0464695725378925,0.0,0.0,0.0,0.0,0.0464695725378925,0.0,1.0355435625064036,0.27,0.06
512,0.23015425109202076,0.0,0.23015425109202076,0.0,0.0,0.0,0.0,1.0355435625064036,0.27,0.06
513,0.3142844787386525,0.0,0.3142844787386525,0.0,0.0,0.0,0.0,1.0355435625064036,0.27,0.06
514,0.2243693839364825,0.0,0.2243693839364825,0.0,0.0,0.0,0.0,1.0355435625064036,0.27,0.06
515,0.19065775199161375,-0.0,0.19065775199161375,0.0,0.0,0.0,0.0,1.0355435625064036,0.27,0.06
516,0.12663980896266624,-0.0,0.12663980896266624,0.0,0.0,0.0,0.0,1.0355435625064036,0.27,0.06
517,0.120947386867306,0.11369785195264827,-0.0,0.0,0.0,0.007249534914657615,0.0,1.033635790160441,0.27,0.06
518,0.08074736519029126,0.08074736519029126,-0.0,0.0,0.0,0.0,0.0,1.033635790160441,0.27,0.06
519,0.19756501708117624,0.19756501708117624,0.0,0.0,0.0,0.0,0.0,1.033635790160441,0.27,0.06
520,0.36149570091187,0.0,0.36149570091187,0.0,0.0,0.0,0.0,1.033635790160441,0.27,0.06
521,0.12759455229602876,0.12759455229602876,0.0,0.0,0.0,0.0,0.0,1.033635790160441,0.27,0.06
522,0.13907184154692726,0.13907184154692726,0.0,0.0,0.0,0.0,0.0,1.033635790160441,0.27,0.06
523,0.224513535555743,0.224513535555743,0.0,0.0,0.0,0.0,0.0,1.033635790160441,0.27,0.06
524,0.21486059995005,0.21486059995005,0.0,0.0,0.0,0.0,0.0,1.033635790160441,0.27,0.06
525,0.10307310836748824,0.10307310836748824,0.0,0.0,0.0,-0.0,0.0,1.033635790160441,0.27,0.06
526,0.101330754012949,0.101330754012949,0.0,0.0,0.0,0.0,0.0,1.033635790160441,0.27,0.06
527,0.03543727306818925,0.03543727306818925,0.0,0.0,0.0,0.0,0.0,1.033635790160441,0.27,0.06
528,0.0511069719125785,0.0511069719125785,0.0,0.0,0.0,0.0,0.0,1.033635790160441,0.27,0.06
529,0.2218785901964355,0.2218785901964355,0.0,0.0,0.0,0.0,0.0,1.033635790160441,0.27,0.06
530,0.12781600260967524,0.0,0.0,0.0,0.0,0.1278160026096753,0.0,1.0,0.27,0.06
531,0.107399223810728,0.107399223810728,0.0,0.0,0.0,0.0,0.0,1.0,0.27,0.06
532,0.1222191593053465,0.1222191593053465,0.0,0.0,0.0,0.0,0.0,1.0,0.27,0.06
533,0.07635753055303075,0.07635753055303075,0.0,0.0,-0.0,0.0,0.0,1.0,0.27,0.06
534,0.054757246068416,2.2893295132978446,0.0,0.0,2.234572267229429,0.0,0.0,1.5307109134669892,0.27,0.06
535,0.10597755458019575,0.10597755458019575,0.0,0.0,0.0,0.0,0.0,1.5307109134669892,0.27,0.06
536,0.2511941200423375,0.2511941200423375,0.0,0.0,0.0,0.0,0.0,1.5307109134669892,0.27,0.06
537,0.3056322478521725,0.3056322478521725,0.0,0.0,0.0,0.0,0.0,1.5307109134669892,0.27,0.06
538,0.10920790880166575,0.10920790880166575,0.0,0.0,0.0,0.0,0.0,1.5307109134669892,0.27,0.06
539,0.08474130516306125,0.08474130516306125,0.0,0.0,0.0,0.0,0.0,1.5307109134669892,0.27,0.06
540,0.10262080654763475,0.0313613588371123,0.0,0.0,0.0,0.07125944771052245,0.0,1.511958427227378,0.27,0.06
541,0.09713155466927575,0.0,0.0,0.0,0.0,0.09713155466927575,0.0,1.4863974917880949,0.27,0.06
542,0.14482641597088175,-0.0,0.0,0.0,0.0,0.14482641597088097,0.0,1.4482852770589159,0.27,0.06
543,0.13168720479068374,0.0,0.0,0.0,0.0,0.13168720479068374,0.0,1.41363074948242,0.27,0.06
544,0.08991196107131574,0.08991196107131574,0.0,0.0,0.0,0.0,0.0,1.41363074948242,0.27,0.06
545,0.10415581237736825,0.0,0.0,0.0,0.0,0.10415581237736825,0.0,1.3862213251725863,0.27,0.06
546,0.1034507229353335,0.0,0.0,0.0,0.0,0.1034507229353335,0.0,1.3589974507159197,0.27,0.06
547,0.1559078105572895,0.1559078105572895,0.0,0.0,0.0,0.0,0.0,1.3589974507159197,0.27,0.06
548,0.073560675766293,0.0,0.0,0.0,-0.0,0.07356067576629322,0.0,1.3396393781458424,0.27,0.06
549,0.11627342729932925,0.026405339301440026,0.0,0.0,0.0,0.08986808799788923,0.0,1.3159898813042927,0.27,0.06
550,0.26799927403264,0.0,0.26799927403264,0.0,0.0,0.0,0.0,1.3159898813042927,0.27,0.06
551,0.23913238998726274,-0.0,0.23913238998726274,0.0,0.0,0.0,0.0,1.3159898813042925,0.27,0.06
552,0.4839175081457425,1.776356839400251e-16,0.4839175081457432,0.0,0.0,-8.43769498715119e-16,0.0,1.3159898813042927,0.27,0.06
553,0.4545137115474675,0.0,0.4545137115474675,0.0,0.0,0.0,0.0,1.3159898813042925,0.27,0.06
554,0.5623417341966475,0.0,0.5623417341966486,0.0,0.0,-8.43769498715119e-16,0.0,1.3159898813042927,0.27,0.06
555,0.3238329566492275,0.0,0.3238329566492275,0.0,0.0,0.0,0.0,1.3159898813042927,0.27,0.06
556,0.2944354275126625,0.0,0.2944354275126625,0.0,0.0,0.0,0.0,1.3159898813042927,0.27,0.06
557,0.27569049412405,0.0,0.27569049412405,0.0,0.0,0.0,0.0,1.3159898813042927,0.27,0.06
558,0.317410375265005,0.0,0.317410375265005,0.0,0.0,0.0,0.0,1.3159898813042927,0.27,0.06
559,0.5226498992063725,0.0,0.5226498992063725,0.0,0.0,0.0,0.0,1.3159898813042927,0.27,0.06
560,0.4181316186269525,0.0,0.4181316186269525,0.0,0.0,0.0,0.0,1.3159898813042927,0.27,0.06
561,0.2382272640590805,0.0,0.2382272640590805,0.0,0.0,0.0,0.0,1.3159898813042927,0.27,0.06
562,0.238164067153535,0.0,0.238164067153535,0.0,0.0,0.0,0.0,1.3159898813042927,0.27,0.06
563,0.19197966412331,0.0,0.19197966412331,0.0,0.0,0.0,0.0,1.3159898813042927,0.27,0.06
564,0.207492676425025,0.0,0.207492676425025,0.0,0.0,0.0,0.0,1.3159898813042925,0.27,0.06
565,0.3283371724626425,0.0,0.3283371724626427,0.0,0.0,0.0,0.0,1.3159898813042925,0.27,0.06
566,0.40560035123233,0.0,0.405600351232331,0.0,0.0,-8.43769498715119e-16,0.0,1.3159898813042927,0.27,0.06
567,0.450783527254865,0.0,0.450783527254865,0.0,0.0,0.0,0.0,1.3159898813042927,0.27,0.06
568,0.3341058486754375,0.0,0.3341058486754375,0.0,0.0,0.0,0.0,1.3159898813042927,0.27,0.06
569,0.2569951781406175,0.0,0.2569951781406175,0.0,0.0,0.0,0.0,1.3159898813042927,0.27,0.06
570,0.19370373838120375,0.0,0.19370373838120375,0.0,0.0,0.0,0.0,1.3159898813042927,0.27,0.06
571,0.4664150990405375,0.0,0.4664150990405375,0.0,0.0,0.0,0.0,1.3159898813042927,0.27,0.06
572,0.2613698664120875,0.0,0.2613698664120875,0.0,0.0,0.0,0.0,1.3159898813042927,0.27,0.06
573,0.22001036431928125,0.0,0.22001036431928125,0.0,0.0,0.0,0.0,1.3159898813042927,0.27,0.06
574,0.16742479373233224,0.0,0.16742479373233224,0.0,0.0,0.0,0.0,1.3159898813042927,0.27,0.06
575,0.075012637728409,0.0,0.0,0.0,0.0,0.075012637728409,0.0,1.2962497134810271,0.27,0.06
576,0.1108149904410295,0.0,0.1108149904410295,0.0,0.0,0.0,0.0,1.2962497134810271,0.27,0.06
577,0.11468201431423325,0.0,0.11468201431423325,0.0,0.0,0.0,0.0,1.2962497134810271,0.27,0.06
578,0.0538672665060255,0.0,0.05386726650602558,0.0,0.0,0.0,0.0,1.2962497134810271,0.27,0.06
579,0.050599829802789,0.0,0.050599829802789,0.0,0.0,0.0,0.0,1.2962497134810271,0.27,0.06
580,0.03073354305710425,0.0,0.03073354305710425,0.0,0.0,0.0,0.0,1.2962497134810271,0.27,0.06
581,0.031593229887911,0.0,0.031593229887911356,0.0,0.0,0.0,0.0,1.2962497134810271,0.27,0.06
582,0.043876932545107,0.0,0.0,0.0,0.0,0.043876932545107,0.0,1.2847031522849464,0.27,0.06
583,0.02978193345459525,0.0,0.0,0.0,0.0,0.02978193345459525,0.0,1.2768658013758425,0.27,0.06
584,0.03817249781480825,0.0,0.0,0.0,0.0,0.03817249781480825,0.0,1.2668204072140508,0.27,0.06
585,0.08345543093618026,0.0,0.08345543093618026,0.0,0.0,0.0,0.0,1.2668204072140508,0.27,0.06
586,0.0714621206714075,0.0,0.0714621206714075,0.0,0.0,0.0,0.0,1.2668204072140508,0.27,0.06
587,0.0384618456302805,0.0,0.0,0.0,0.0,0.0384618456302805,0.0,1.2566988688902927,0.27,0.06
588,0.035082116904794,0.0,0.0,0.0,0.0,0.035082116904794,0.0,1.2474667328627154,0.27,0.06
589,0.04092600265807275,0.0,0.0,0.0,0.0,0.04092600265807275,0.0,1.2366967321632225,0.27,0.06
590,0.05859606636393825,0.0,0.05859606636393825,0.0,0.0,0.0,0.0,1.2366967321632225,0.27,0.06
591,0.0637646331182905,0.0,0.0637646331182905,0.0,0.0,0.0,0.0,1.2366967321632225,0.27,0.06
592,0.04926381588225225,0.0,0.04926381588225225,0.0,0.0,0.0,0.0,1.2366967321632225,0.27,0.06
593,0.0363199405919215,0.0,0.0363199405919215,0.0,0.0,0.0,0.0,1.2366967321632225,0.27,0.06
594,0.053896514660658,0.0,0.053896514660658035,0.0,0.0,0.0,0.0,1.2366967321632225,0.27,0.06
595,0.09564042107149125,0.0,0.09564042107149125,0.0,0.0,0.0,0.0,1.2366967321632225,0.27,0.06
596,0.052800231150413,0.0,0.0,0.0,0.0,0.052800231150413,0.0,1.222801934492061,0.27,0.06
597,0.03307182856228175,0.0,0.0,0.0,0.0,0.03307182856228175,0.0,1.2140988217125133,0.27,0.06
598,0.04052436282035075,0.0,0.0,0.0,0.0,0.04052436282035075,0.0,1.2034345157071578,0.27,0.06
599,0.0240691421086873,0.0,0.0,0.0,0.0,0.0240691421086873,0.0,1.1971005309417138,0.27,0.06
600,0.034744196261093,0.0,0.0,0.0,0.0,0.034744196261093,0.0,1.1879573213993209,0.27,0.06
601,0.03907083399280825,0.0,0.0,0.0,0.0,0.03907083399280825,0.0,1.1776755229801608,0.27,0.06
602,0.02413181672575705,0.0,0.0,0.0,0.0,0.02413181672575705,0.0,1.1713250448944352,0.27,0.06
603,0.03068183649802175,0.0,0.03068183649802175,0.0,0.0,0.0,0.0,1.1713250448944352,0.27,0.06
604,0.049976217362945,0.0,0.049976217362945,0.0,0.0,0.0,0.0,1.1713250448944355,0.27,0.06
605,0.071771837737427,0.0,0.07177183773742628,0.0,0.0,8.43769498715119e-16,0.0,1.1713250448944352,0.27,0.06
606,0.08036505002616574,0.0,0.08036505002616574,0.0,0.0,0.0,0.0,1.1713250448944352,0.27,0.06
607,0.0693129035943905,0.0,0.0693129035943905,0.0,0.0,0.0,0.0,1.1713250448944352,0.27,0.06
608,0.17493739116509324,0.0,0.17493739116509324,0.0,0.0,0.0,0.0,1.1713250448944352,0.27,0.06
609,0.08617498702853175,0.0,0.08617498702853175,0.0,0.0,0.0,0.0,1.1713250448944352,0.27,0.06
610,0.0892000818790985,0.0,0.0892000818790985,0.0,0.0,0.0,0.0,1.1713250448944352,0.27,0.06
611,0.09347866907106026,0.0,0.09347866907106026,0.0,0.0,0.0,0.0,1.1713250448944352,0.27,0.06
612,0.08946174840536475,0.0,0.08946174840536475,0.0,0.0,0.0,0.0,1.1713250448944352,0.27,0.06
613,0.22411973004515476,0.0,0.22411973004515476,0.0,0.0,0.0,0.0,1.1713250448944352,0.27,0.06
614,0.132039749511701,0.0,0.132039749511701,0.0,0.0,0.0,0.0,1.1713250448944352,0.27,0.06
615,0.06510273619272974,0.06510273619272988,-0.0,0.0,0.0,0.0,0.0,1.1713250448944352,0.27,0.06
616,0.144319796149568,0.0,0.144319796149568,0.0,0.0,0.0,0.0,1.1713250448944352,0.27,0.06
617,0.19393041157960625,-0.0,0.19393041157960625,0.0,0.0,0.0,0.0,1.1713250448944352,0.27,0.06
618,0.09394716183365676,0.0939471618336567,-0.0,0.0,0.0,0.0,0.0,1.1713250448944352,0.27,0.06
619,0.083384399703501,0.08338439970350109,-0.0,0.0,0.0,0.0,0.0,1.1713250448944352,0.27,0.06
620,0.1325792735069765,0.1325792735069765,0.0,0.0,0.0,0.0,0.0,1.1713250448944352,0.27,0.06
621,0.13976230691164576,0.13976230691164576,0.0,0.0,0.0,0.0,0.0,1.1713250448944352,0.27,0.06
622,0.12137931943661175,0.12137931943661175,0.0,0.0,0.0,0.0,0.0,1.1713250448944352,0.27,0.06
623,0.0565204919619785,0.0565204919619785,0.0,0.0,0.0,0.0,0.0,1.1713250448944352,0.27,0.06
624,0.053047273599363,0.15387423081215018,0.0,0.0,0.10082695721278717,0.0,0.0,1.1952714472324724,0.27,0.06
625,0.058070121869028,0.05807012186902882,0.0,0.0,-0.0,0.0,0.0,1.1952714472324724,0.27,0.06
626,0.052600716952741,0.052600716952741,0.0,0.0,0.0,0.0,0.0,1.1952714472324724,0.27,0.06
627,0.091564481808055,0.091564481808055,0.0,0.0,0.0,0.0,0.0,1.1952714472324724,0.27,0.06
628,0.11879555834791125,0.11879555834791125,0.0,0.0,0.0,0.0,0.0,1.1952714472324724,0.27,0.06
629,0.2590660519462975,0.0,-0.0,0.0,0.0,0.2590660519462977,0.0,1.1270961704044993,0.27,0.06
630,0.2593042154911625,0.2593042154911625,0.0,0.0,0.0,0.0,0.0,1.1270961704044993,0.27,0.06
631,0.0661159758353575,0.0,-0.0,0.0,0.0,0.0661159758353575,0.0,1.1096972293951946,0.27,0.06
632,0.11890837265863675,0.10042543870294285,-0.0,0.0,0.0,0.01848293395569378,0.0,1.1048332994068542,0.27,0.06
633,0.06594675436926925,0.06594675436926925,0.0,0.0,0.0,0.0,0.0,1.1048332994068542,0.27,0.06
634,0.08287516843980924,0.08287516843980924,0.0,0.0,0.0,0.0,0.0,1.1048332994068542,0.27,0.06
635,0.05945000802151375,0.05945000802151375,0.0,0.0,0.0,0.0,0.0,1.1048332994068542,0.27,0.06
636,0.02783170828677475,0.027831708286774948,-0.0,0.0,0.0,0.0,0.0,1.1048332994068542,0.27,0.06
637,0.1194750556546425,0.1194750556546425,0.0,0.0,0.0,0.0,0.0,1.1048332994068542,0.27,0.06
638,0.03567178059372525,0.03567178059372525,0.0,0.0,0.0,0.0,0.0,1.1048332994068542,0.27,0.06
639,0.02538269762477425,0.02538269762477425,0.0,0.0,0.0,0.0,0.0,1.1048332994068542,0.27,0.06
640,0.051437058229146,0.051437058229146,0.0,0.0,0.0,0.0,0.0,1.1048332994068542,0.27,0.06
641,0.03614079564479725,0.03614079564479766,-0.0,0.0,0.0,0.0,0.0,1.1048332994068542,0.27,0.06
642,0.02736164865875175,0.02736164865875175,-0.0,0.0,0.0,0.0,0.0,1.1048332994068542,0.27,0.06
643,0.08128062172385975,0.08128062172385975,-0.0,0.0,0.0,0.0,0.0,1.1048332994068542,0.27,0.06
644,0.07553335933856326,0.07553335933856326,-0.0,0.0,0.0,0.0,0.0,1.1048332994068542,0.27,0.06
645,0.0404298286062705,-0.0,0.0404298286062705,0.0,0.0,0.0,0.0,1.1048332994068542,0.27,0.06
646,0.035499947685259,0.035499947685259,0.0,0.0,0.0,0.0,0.0,1.1048332994068542,0.27,0.06
647,0.0239542386440594,0.0239542386440594,0.0,0.0,0.0,0.0,0.0,1.1048332994068542,0.27,0.06
648,0.0382445736244385,0.010999520792129375,0.0,0.0,0.0,0.027245052832309123,0.0,1.0976635486615096,0.27,0.06
649,0.08090144029058775,0.0,0.08090144029058775,0.0,0.0,0.0,0.0,1.0976635486615096,0.27,0.06
650,0.17734827476837625,0.0,0.17734827476837625,0.0,0.0,0.0,0.0,1.0976635486615096,0.27,0.06
651,0.19760366642836924,0.0,0.19760366642836924,0.0,0.0,0.0,0.0,1.0976635486615096,0.27,0.06
652,0.2659534700737875,0.0,0.2659534700737875,0.0,0.0,0.0,0.0,1.0976635486615096,0.27,0.06
653,0.22633423318161924,0.0,0.22633423318161924,0.0,0.0,0.0,0.0,1.0976635486615096,0.27,0.06
654,0.1229973691339625,0.0,0.12299736913396231,0.0,0.0,0.0,0.0,1.0976635486615096,0.27,0.06
655,0.07064473920712275,0.0,0.07064473920712275,0.0,0.0,0.0,0.0,1.0976635486615096,0.27,0.06
656,0.0606538829577285,0.0,0.0606538829577285,0.0,0.0,0.0,0.0,1.0976635486615096,0.27,0.06
657,0.07394455779584524,0.0,0.07394455779584524,0.0,0.0,0.0,0.0,1.0976635486615096,0.27,0.06
658,0.0727318039555455,0.0,0.0727318039555455,0.0,0.0,0.0,0.0,1.0976635486615096,0.27,0.06
659,0.0616269063877365,0.0,0.0616269063877365,0.0,0.0,0.0,0.0,1.0976635486615096,0.27,0.06
660,0.07185018100876425,0.0,0.07185018100876425,0.0,0.0,0.0,0.0,1.0976635486615096,0.27,0.06
661,0.152160390744994,0.0,0.152160390744994,0.0,0.0,0.0,0.0,1.0976635486615096,0.27,0.06
662,0.334014970480685,0.0,0.334014970480685,0.0,0.0,0.0,0.0,1.0976635486615096,0.27,0.06
663,0.3540624913273975,0.0,0.3540624913273975,0.0,0.0,0.0,0.0,1.0976635486615096,0.27,0.06
664,0.32676665101657,0.0,0.32676665101657,0.0,0.0,0.0,0.0,1.0976635486615096,0.27,0.06
665,0.3392550907561925,0.0,0.3392550907561925,0.0,0.0,0.0,0.0,1.0976635486615096,0.27,0.06
666,0.173981080966304,0.0,0.17398108096630382,0.0,0.0,0.0,0.0,1.0976635486615096,0.27,0.06
667,0.2765386906083925,0.0,0.2765386906083925,0.0,0.0,0.0,0.0,1.0976635486615096,0.27,0.06
668,0.287204865856715,0.0,0.287204865856715,0.0,0.0,0.0,0.0,1.0976635486615096,0.27,0.06
669,0.129314448246118,0.0,0.12931444824611837,0.0,0.0,0.0,0.0,1.0976635486615096,0.27,0.06
670,0.10297700728798125,0.0,0.10297700728798125,0.0,0.0,0.0,0.0,1.0976635486615096,0.27,0.06
671,0.0599816976896555,0.0,0.0599816976896555,0.0,0.0,0.0,0.0,1.0976635486615096,0.27,0.06
672,0.04899065900952325,0.0,0.04899065900952325,0.0,0.0,0.0,0.0,1.0976635486615096,0.27,0.06
673,0.049194351515,0.0,0.049194351515,0.0,0.0,0.0,0.0,1.0976635486615096,0.27,0.06
674,0.05486797122523925,0.0,0.05486797122523925,0.0,0.0,0.0,0.0,1.0976635486615096,0.27,0.06
675,0.02578433746249625,0.0,0.0,0.0,0.0,0.02578433746249625,0.0,1.0908781966976948,0.27,0.06
676,0.0296033107959465,0.0,0.0,0.0,0.0,0.0296033107959465,0.0,1.083087851751393,0.27,0.06
677,0.02904341755012325,0.0,0.0,0.0,0.0,0.02904341755012325,0.0,1.0754448471329396,0.27,0.06
678,0.02741701123716325,0.0,0.0,0.0,0.0,0.02741701123716325,0.0,1.0682298441757914,0.27,0.06
679,0.07934658749878225,0.0,0.07934658749878225,0.0,0.0,0.0,0.0,1.0682298441757914,0.27,0.06
680,0.064072261030408,0.0,0.064072261030408,0.0,0.0,0.0,0.0,1.0682298441757914,0.27,0.06
681,0.02653904430971125,0.0,0.02653904430971125,0.0,0.0,0.0,0.0,1.0682298441757914,0.27,0.06
682,0.026534343713431,0.0,0.026534343713431,0.0,0.0,0.0,0.0,1.0682298441757916,0.27,0.06
683,0.02256442901053765,0.0,0.022564429010536458,0.0,0.0,8.43769498715119e-16,0.0,1.0682298441757914,0.27,0.06
684,0.032531259990055,0.0,0.0,0.0,0.0,0.032531259990055,0.0,1.0596689862836717,0.27,0.06
685,0.029802302705143,0.0,0.0,0.0,0.0,0.029802302705143,0.0,1.051826275045476,0.27,0.06
686,0.02064606343972765,0.0,0.0,0.0,0.0,0.02064606343972765,0.0,1.046393100456074,0.27,0.06
687,0.031804234432046,0.0,0.031804234432046,0.0,0.0,0.0,0.0,1.046393100456074,0.27,0.06
688,0.0375823118374015,0.0,0.0375823118374015,0.0,0.0,0.0,0.0,1.046393100456074,0.27,0.06
689,0.0764525870555865,0.0,0.0764525870555865,0.0,0.0,0.0,0.0,1.046393100456074,0.27,0.06
690,0.07652518515369225,0.0,0.07652518515369225,0.0,0.0,0.0,0.0,1.046393100456074,0.27,0.06
691,0.046119639259253,0.0,0.046119639259253,0.0,0.0,0.0,0.0,1.046393100456074,0.27,0.06
692,0.0252662272947195,0.0,0.0252662272947195,0.0,0.0,0.0,0.0,1.046393100456074,0.27,0.06
693,0.0203958872599242,0.0,0.0203958872599242,0.0,0.0,0.0,0.0,1.046393100456074,0.27,0.06
694,0.03425533424794875,0.0,0.03425533424794875,0.0,0.0,0.0,0.0,1.0463931004560743,0.27,0.06
695,0.0304776217040695,0.0,0.0304776217040695,0.0,0.0,0.0,0.0,1.0463931004560743,0.27,0.06
696,0.02058756713046255,0.0,0.020587567130461615,0.0,0.0,8.43769498715119e-16,0.0,1.046393100456074,0.27,0.06
697,0.020018794980554526,0.0,0.0,0.0,0.0,0.020018794980554526,0.0,1.041124996513823,0.27,0.06
698,0.04343821022561875,0.0,0.04343821022561875,0.0,0.0,0.0,0.0,1.041124996513823,0.27,0.06
699,0.02225210050214005,0.0,0.0,0.0,0.0,0.02225210050214005,0.0,1.0352691805922072,0.27,0.06
700,0.03196979987880525,0.0,0.0,0.0,0.0,0.03196979987880525,0.0,1.0268560753609426,0.27,0.06
701,0.078223144987807,0.0,0.078223144987807,0.0,0.0,0.0,0.0,1.0268560753609426,0.27,0.06
702,0.0903726195067785,0.0,0.0903726195067785,0.0,0.0,0.0,0.0,1.0268560753609426,0.27,0.06
703,0.0250144842494895,0.0,0.0,0.0,0.0,0.0250144842494895,0.0,1.020273316347919,0.27,0.06
704,0.020268448871882377,0.0,0.020268448871882377,0.0,0.0,0.0,0.0,1.020273316347919,0.27,0.06
705,0.03023110154359525,0.0,0.03023110154359525,0.0,0.0,0.0,0.0,1.020273316347919,0.27,0.06
706,0.0288010756974535,0.0,0.02880107569745434,0.0,0.0,-8.43769498715119e-16,0.0,1.0202733163479192,0.27,0.06
707,0.04139188397829125,0.04139188397829125,0.0,0.0,0.0,0.0,0.0,1.020273316347919,0.27,0.06
708,0.039446359406751,0.0394463594067509,-0.0,0.0,0.0,0.0,0.0,1.020273316347919,0.27,0.06
709,0.0342396655936815,0.03423966559368141,-0.0,0.0,0.0,0.0,0.0,1.020273316347919,0.27,0.06
710,0.04507349544266375,0.04507349544266375,0.0,0.0,0.0,0.0,0.0,1.020273316347919,0.27,0.06
711,0.024352222462452326,0.024352222462452326,0.0,0.0,0.0,0.0,0.0,1.020273316347919,0.27,0.06
712,0.0676488925111885,0.0676488925111885,0.0,0.0,0.0,0.0,0.0,1.020273316347919,0.27,0.06
713,0.0731109853888175,0.0731109853888175,0.0,0.0,0.0,0.0,0.0,1.020273316347919,0.27,0.06
714,0.08362726384464625,0.006588661722553901,-0.0,0.0,0.0,0.07703860212209204,0.0,1.0,0.27,0.06
715,0.195166668401307,-0.0,0.195166668401307,0.0,0.0,0.0,0.0,1.0,0.27,0.06
716,0.216634291613124,0.216634291613124,0.0,0.0,0.0,0.0,0.0,1.0,0.27,0.06
717,0.13796302311326825,0.13796302311326825,0.0,0.0,0.0,0.0,0.0,1.0,0.27,0.06
718,0.1624849893302845,0.1624849893302845,0.0,0.0,0.0,0.0,0.0,1.0,0.27,0.06
719,0.1698842501638445,0.1698842501638445,0.0,0.0,0.0,0.0,0.0,1.0,0.27,0.06
720,0.12715687455349176,0.12715687455349176,0.0,0.0,0.0,0.0,0.0,1.0,0.27,0.06
721,0.1102409954063655,0.1102409954063655,0.0,0.0,0.0,0.0,0.0,1.0,0.27,0.06
722,0.06939751432743475,0.06939751432743475,0.0,0.0,0.0,0.0,0.0,1.0,0.27,0.06
723,0.03477918958895675,2.358663970908031,0.0,0.0,2.323884781319074,0.0,0.0,1.55192263556328,0.27,0.06
724,0.02241087619871675,2.6582929135821782,0.0,0.0,2.6358820373834613,0.0,0.0,2.177944619441852,0.27,0.06
725,0.03873813623386275,0.03873813623386275,0.0,0.0,0.0,0.0,0.0,2.177944619441852,0.27,0.06
726,0.02556602087970325,0.02556602087970325,0.0,0.0,0.0,0.0,0.0,2.177944619441852,0.27,0.06
727,0.09431015232418576,0.09431015232418576,0.0,0.0,0.0,0.0,0.0,2.177944619441852,0.27,0.06
728,0.02887524066098625,0.02887524066098625,0.0,0.0,0.0,0.0,0.0,2.177944619441852,0.27,0.06
729,0.0267056543334215,0.0267056543334215,0.0,0.0,0.0,0.0,0.0,2.177944619441852,0.27,0.06
730,0.03086777119532875,0.03086777119532875,0.0,0.0,0.0,0.0,0.0,2.177944619441852,0.27,0.06
731,0.0230177754073422,0.0230177754073422,0.0,0.0,0.0,0.0,0.0,2.177944619441852,0.27,0.06
732,0.03599089885230525,0.03599089885230525,0.0,0.0,0.0,0.0,0.0,2.177944619441852,0.27,0.06
733,0.1708557067284255,0.1708557067284236,0.0,0.0,0.0,0.0,0.0,2.1779446194418517,0.27,0.06
734,0.09233381273258626,0.09233381273258626,0.0,0.0,0.0,0.0,0.0,2.1779446194418517,0.27,0.06
735,0.06828399529749525,0.06828399529749525,0.0,0.0,0.0,0.0,0.0,2.1779446194418517,0.27,0.06
736,0.023786584043397827,0.023786584043397827,0.0,0.0,0.0,0.0,0.0,2.1779446194418517,0.27,0.06
737,0.027752842726962,0.027752842726962,0.0,0.0,0.0,0.0,0.0,2.1779446194418517,0.27,0.06
738,0.0932577410458895,0.0,0.0,0.0,0.0,0.0932577410458895,0.0,2.153403108640302,0.27,0.06
739,0.084926195283417,0.0,0.0,0.0,0.0,0.084926195283417,0.0,2.131054109881508,0.27,0.06
740,0.06684404597031775,0.0,0.0,0.0,0.0,0.06684404597031775,0.0,2.113463571468267,0.27,0.06
741,0.04437049515453125,0.0,0.0,0.0,0.0,0.04437049515453125,0.0,2.101787125374969,0.27,0.06
742,0.02916197703408025,0.0,-0.0,0.0,0.0,0.029161977034080078,0.0,2.094112920892316,0.27,0.06
743,0.1676028941025055,0.0,0.0,0.0,0.0,0.1676028941025055,0.0,2.050006896128499,0.27,0.06
744,0.1357474753998525,0.0,0.0,0.0,0.0,0.1357474753998525,0.0,2.0142838762864326,0.27,0.06
745,0.1575655541787845,0.0,0.0,0.0,0.0,0.1575655541787845,0.0,1.9728192567656997,0.27,0.06
746,0.19577304532145676,0.0,0.0,0.0,0.0,0.19577304532145676,0.0,1.9213000343126847,0.27,0.06
747,0.346122139633135,0.0,0.0,0.0,0.0,0.346122139633135,0.0,1.8302152607250175,0.27,0.06
748,0.23593807367060776,0.0,0.0,0.0,0.0,0.23593807367060776,0.0,1.7681262939695945,0.27,0.06
749,0.2504305342910375,0.0,0.2504305342910375,0.0,0.0,0.0,0.0,1.7681262939695945,0.27,0.06
750,0.2755541768319225,0.0,0.0,0.0,0.0,0.2755541768319225,0.0,1.6956120369085623,0.27,0.06
751,0.3738838612641825,0.0,0.3738838612641825,0.0,0.0,0.0,0.0,1.6956120369085623,0.27,0.06
752,0.2328811192230305,0.0,0.0,0.0,0.0,0.2328811192230305,0.0,1.63432753184987,0.27,0.06
753,0.3255356170796225,0.0,0.3255356170796225,0.0,0.0,0.0,0.0,1.63432753184987,0.27,0.06
754,0.19673040009719725,0.0,0.19673040009719725,0.0,0.0,0.0,0.0,1.63432753184987,0.27,0.06
755,0.1518428393518405,0.0,0.0,0.0,0.0,0.1518428393518405,0.0,1.5943688899151751,0.27,0.06
756,0.13636273122408726,0.0,0.0,0.0,0.0,0.13636273122408726,0.0,1.5584839606456784,0.27,0.06
757,0.1404036771596595,0.0,-0.0,0.0,0.0,0.14040367715966023,0.0,1.521535624551031,0.27,0.06
758,0.14339586783626476,0.0,0.14339586783626476,0.0,0.0,0.0,0.0,1.521535624551031,0.27,0.06
759,0.2900972994344825,0.0,0.2900972994344828,0.0,0.0,0.0,0.0,1.521535624551031,0.27,0.06
760,0.3122668783574825,0.0,0.3122668783574825,0.0,0.0,0.0,0.0,1.521535624551031,0.27,0.06
761,0.1505057808543525,0.0,0.0,0.0,0.0,0.1505057808543525,0.0,1.481928840115675,0.27,0.06
762,0.15538186606237925,0.0,0.15538186606237925,0.0,0.0,0.0,0.0,1.481928840115675,0.27,0.06
763,0.1925964868129715,0.0,0.1925964868129715,0.0,0.0,0.0,0.0,1.481928840115675,0.27,0.06
764,0.28207547073803,0.0,0.28207547073803,0.0,0.0,0.0,0.0,1.481928840115675,0.27,0.06
765,0.1457696689577815,0.0,0.0,0.0,0.0,0.1457696689577815,0.0,1.4435684009162588,0.27,0.06
766,0.15941863369014675,0.0,0.15941863369014675,0.0,0.0,0.0,0.0,1.4435684009162588,0.27,0.06
767,0.14346063160723674,0.0,0.14346063160723674,0.0,0.0,0.0,0.0,1.4435684009162588,0.27,0.06
768,0.17533224125263275,0.0,0.17533224125263275,0.0,0.0,0.0,0.0,1.4435684009162588,0.27,0.06
769,0.13870153901774024,0.0,0.13870153901774024,0.0,0.0,0.0,0.0,1.4435684009162588,0.27,0.06
770,0.08087375900138175,0.0,0.08087375900138175,0.0,0.0,0.0,0.0,1.4435684009162588,0.27,0.06
771,0.061375685630982,0.0,0.061375685630982,0.0,0.0,0.0,0.0,1.4435684009162588,0.27,0.06
772,0.0248776446688871,0.0,0.0248776446688871,0.0,0.0,0.0,0.0,1.4435684009162588,0.27,0.06
773,0.038054460619327,0.0,0.0,0.0,0.0,0.038054460619327,0.0,1.4335540691743307,0.27,0.06
774,0.0255158811860475,0.0,0.0,0.0,0.0,0.0255158811860475,0.0,1.426839363599055,0.27,0.06
775,0.021188198877381,0.0,0.0,0.0,0.0,0.021188198877381,0.0,1.421263521789218,0.27,0.06
776,0.029623680046494,0.0,0.0,0.0,0.0,0.029623680046494,0.0,1.4134678165138248,0.27,0.06
777,0.0353072232377695,0.0,0.0,0.0,0.0,0.0353072232377695,0.0,1.4041764419775697,0.27,0.06
778,0.021050314719827525,0.0,0.0,0.0,0.0,0.021050314719827525,0.0,1.3986368854723519,0.27,0.06
779,0.077420909889314,0.0,0.0,1.3877787807814457e-17,0.0,0.07742090988931401,0.0,1.3782629618172693,0.27,0.06
780,0.07814845773579875,0.0,0.07814845773579875,0.0,0.0,0.0,0.0,1.3782629618172693,0.27,0.06
781,0.03665107148544,0.0,0.03665107148544,0.0,0.0,0.0,0.0,1.3782629618172693,0.27,0.06
782,0.023375020724639775,0.0,0.023375020724639775,0.0,0.0,0.0,0.0,1.3782629618172693,0.27,0.06
783,0.029751118434536,0.0,0.029751118434536,0.0,0.0,0.0,0.0,1.3782629618172693,0.27,0.06
784,0.021049270142876376,0.0,0.021049270142876376,0.0,0.0,0.0,0.0,1.3782629618172693,0.27,0.06
785,0.020716050095455525,0.0,0.0,0.0,0.0,0.020716050095455525,0.0,1.3728113696868862,0.27,0.06
786,0.0424254928714665,0.0,0.0,-6.938893903907228e-18,0.0,0.04242549287146649,0.0,1.3616467662996583,0.27,0.06
787,0.022164878326717975,0.0,0.0,0.0,0.0,0.022164878326717975,0.0,1.3558139035821009,0.27,0.06
788,0.020799616251548525,0.0,0.0,0.0,0.0,0.020799616251548525,0.0,1.350340320358009,0.27,0.06
789,0.05883109617795,0.0,0.0,0.0,0.0,0.05883109617795,0.0,1.334858452942759,0.27,0.06
790,0.082218129537528,0.0,0.0,0.0,0.0,0.082218129537528,0.0,1.3132221030644622,0.27,0.06
791,0.098167775004829,0.0,0.098167775004829,0.0,0.0,0.0,0.0,1.3132221030644622,0.27,0.06
792,0.05974927931802175,0.0,0.0,0.0,0.0,0.05974927931802175,0.0,1.297498608507088,0.27,0.06
793,0.0340824567625315,0.0,0.03408245676253152,0.0,0.0,0.0,0.0,1.297498608507088,0.27,0.06
794,0.033929426239186,0.0,0.033929426239186,0.0,0.0,0.0,0.0,1.297498608507088,0.27,0.06
795,0.0230512018697794,0.0,0.0230512018697794,0.0,0.0,0.0,0.0,1.297498608507088,0.27,0.06
796,0.01990128007354875,0.0,0.01990128007354875,0.0,0.0,0.0,0.0,1.297498608507088,0.27,0.06
797,0.03712165340193875,0.0,0.03712165340193875,0.0,0.0,0.0,0.0,1.297498608507088,0.27,0.06
798,0.038786709062092,0.0,0.0,0.0,0.0,0.038786709062092,0.0,1.2872915798065376,0.27,0.06
799,0.03915231099499875,0.0,0.0,0.0,0.0,0.03915231099499875,0.0,1.2769883400710116,0.27,0.06
800,0.2633206138683825,0.0,0.2633206138683825,0.0,0.0,0.0,0.0,1.2769883400710116,0.27,0.06
801,0.317463648689515,0.0,0.317463648689515,0.0,0.0,0.0,0.0,1.2769883400710116,0.27,0.06
802,0.1736609181307725,0.0,0.1736609181307725,0.0,0.0,0.0,0.0,1.2769883400710116,0.27,0.06
803,0.22420904137447925,0.0,0.22420904137447925,0.0,0.0,0.0,0.0,1.2769883400710116,0.27,0.06
804,0.1811275541776825,-0.0,0.18112755417768245,0.0,0.0,0.0,0.0,1.2769883400710116,0.27,0.06
805,0.15755719756317524,0.0,0.15755719756317524,0.0,0.0,0.0,0.0,1.2769883400710116,0.27,0.06
806,0.1754058839276895,0.1754058839276893,-0.0,0.0,0.0,0.0,0.0,1.2769883400710116,0.27,0.06
807,0.1642576364164075,0.16425763641640767,-0.0,0.0,0.0,0.0,0.0,1.2769883400710116,0.27,0.06
808,0.192230362591589,0.1922303625915891,-0.0,0.0,0.0,0.0,0.0,1.2769883400710116,0.27,0.06
809,0.15933088922624924,0.15933088922624924,-0.0,0.0,0.0,0.0,0.0,1.2769883400710116,0.27,0.06
810,0.1213845423213675,0.1213845423213673,-0.0,0.0,0.0,0.0,0.0,1.2769883400710116,0.27,0.06
811,0.09779433874478825,0.09779433874478825,0.0,0.0,0.0,0.0,0.0,1.2769883400710116,0.27,0.06
812,0.084482250079173,0.084482250079173,0.0,0.0,0.0,0.0,0.0,1.2769883400710116,0.27,0.06
813,0.04594101660060425,0.04594101660060425,0.0,0.0,0.0,0.0,0.0,1.2769883400710116,0.27,0.06
814,0.04085862744472275,0.04085862744472275,0.0,0.0,0.0,0.0,0.0,1.2769883400710116,0.27,0.06
815,0.0587057469438105,0.0,0.0,0.0,0.0,0.0587057469438105,0.0,1.2615394592963247,0.27,0.06
816,0.124075894836038,0.124075894836038,0.0,0.0,0.0,0.0,0.0,1.2615394592963247,0.27,0.06
817,0.10820250348617175,0.10820250348617175,0.0,0.0,0.0,0.0,0.0,1.2615394592963247,0.27,0.06
818,0.1184821852625625,0.11848218526256282,-0.0,0.0,0.0,0.0,0.0,1.2615394592963247,0.27,0.06
819,0.05568744184342625,0.0,0.05568744184342625,0.0,0.0,0.0,0.0,1.2615394592963247,0.27,0.06
820,0.0502102026000055,0.0502102026000055,0.0,0.0,0.0,0.0,0.0,1.2615394592963247,0.27,0.06
821,0.047408124928512,0.047408124928512,0.0,0.0,0.0,0.0,0.0,1.2615394592963247,0.27,0.06
822,0.10454805102252974,0.10454805102252974,0.0,0.0,0.0,0.0,0.0,1.2615394592963247,0.27,0.06
823,0.06815760148640475,0.06815760148640475,0.0,0.0,0.0,0.0,0.0,1.2615394592963247,0.27,0.06
824,0.24666117836276674,0.24666117836276674,0.0,0.0,0.0,0.0,0.0,1.2615394592963247,0.27,0.06
825,0.12542809969931776,0.12542809969931776,0.0,0.0,0.0,0.0,0.0,1.2615394592963247,0.27,0.06
826,0.04400437093314875,0.04400437093314875,0.0,0.0,0.0,0.0,0.0,1.2615394592963247,0.27,0.06
827,0.3351305786645275,0.30137363792112115,0.0,0.0,0.0,0.03375694074340635,0.0,1.2526560538375335,0.27,0.06
828,0.16313784992476124,0.16313784992476266,0.0,0.0,0.0,0.0,0.0,1.2526560538375338,0.27,0.06
829,0.041373603881646,0.041373603881646,0.0,0.0,0.0,0.0,0.0,1.2526560538375338,0.27,0.06
830,0.06774029299441525,0.06774029299441525,0.0,0.0,0.0,0.0,0.0,1.2526560538375338,0.27,0.06
831,0.126077826562941,-1.7486012637846216e-15,0.0,0.0,0.0,0.12607782656294275,0.0,1.2194776784262331,0.27,0.06
832,0.10565373572533525,0.0,-0.0,0.0,0.0,0.1056537357253351,0.0,1.1916740637616712,0.27,0.06
833,0.3013322468327125,0.0,0.3013322468327125,0.0,0.0,-0.0,0.0,1.1916740637616712,0.27,0.06
834,0.1148324333952005,0.0,-0.0,0.0,0.0,0.1148324333952005,0.0,1.1614550023418815,0.27,0.06
835,0.2910896475380875,-0.0,0.2910896475380875,0.0,0.0,0.0,0.0,1.1614550023418815,0.27,0.06
836,0.24515124237986125,0.0,0.24515124237986125,0.0,0.0,0.0,0.0,1.1614550023418815,0.27,0.06
837,0.2518187770591325,0.0,0.2518187770591325,0.0,0.0,0.0,0.0,1.1614550023418815,0.27,0.06
838,0.28938855397312,0.0,0.28938855397312,0.0,0.0,0.0,0.0,1.1614550023418815,0.27,0.06
839,0.09903790760514725,-0.0,0.09903790760514725,0.0,0.0,0.0,0.0,1.1614550023418815,0.27,0.06
840,0.0548627483404835,0.04692374493306302,0.0,0.0,0.0,0.00793900340742048,0.0,1.1593657909188761,0.27,0.06
841,0.0958284449227005,0.0,0.0,0.0,0.0,0.0958284449227005,0.0,1.1341477790971128,0.27,0.06
842,0.10412343049188225,0.0,0.10412343049188225,0.0,0.0,0.0,0.0,1.1341477790971128,0.27,0.06
843,0.10104924052461076,0.0,0.10104924052461076,0.0,0.0,0.0,0.0,1.1341477790971128,0.27,0.06
844,0.04599637917901575,0.0,0.04599637917901575,0.0,0.0,0.0,0.0,1.1341477790971128,0.27,0.06
845,0.1112464007218595,0.0,0.1112464007218595,0.0,0.0,0.0,0.0,1.1341477790971128,0.27,0.06
846,0.14504055424587,0.0,0.14504055424587,0.0,0.0,0.0,0.0,1.1341477790971128,0.27,0.06
847,0.159477129999412,0.0,0.159477129999412,0.0,0.0,0.0,0.0,1.1341477790971128,0.27,0.06
848,0.1757777533223035,0.0,0.1757777533223035,0.0,0.0,0.0,0.0,1.1341477790971128,0.27,0.06
849,0.16715268143655426,0.0,0.16715268143655426,0.0,0.0,0.0,0.0,1.1341477790971128,0.27,0.06
850,0.12069146551427125,0.0,0.12069146551427125,0.0,0.0,0.0,0.0,1.1341477790971128,0.27,0.06
851,0.145101661997513,0.0,0.145101661997513,0.0,0.0,0.0,0.0,1.1341477790971128,0.27,0.06
852,0.208676182110692,0.0,0.208676182110692,0.0,0.0,0.0,0.0,1.1341477790971128,0.27,0.06
853,0.20368728259193974,0.0,0.20368728259193974,0.0,0.0,0.0,0.0,1.1341477790971128,0.27,0.06
854,0.256663524958625,0.0,0.256663524958625,0.0,0.0,0.0,0.0,1.1341477790971128,0.27,0.06
855,0.34181900488282,0.0,0.34181900488282,0.0,0.0,0.0,0.0,1.1341477790971128,0.27,0.06
856,0.34817473334217,0.0,0.34817473334216986,0.0,0.0,0.0,0.0,1.1341477790971128,0.27,0.06
857,0.19028222657767074,0.0,0.19028222657767074,0.0,0.0,0.0,0.0,1.1341477790971128,0.27,0.06
858,0.336868232422785,0.0,0.336868232422785,0.0,0.0,0.0,0.0,1.1341477790971128,0.27,0.06
859,0.5299420909024375,0.0,0.5299420909024374,0.0,0.0,0.0,0.0,1.1341477790971128,0.27,0.06
860,0.18637341962642076,0.0,0.18637341962642076,0.0,0.0,0.0,0.0,1.1341477790971128,0.27,0.06
861,0.17824765552332725,0.0,0.17824765552332725,0.0,0.0,0.0,0.0,1.1341477790971128,0.27,0.06
862,0.19105834725238474,0.0,0.19105834725238474,0.0,0.0,0.0,0.0,1.1341477790971128,0.27,0.06
863,0.2114134960112135,0.0,0.2114134960112135,0.0,0.0,0.0,0.0,1.1341477790971128,0.27,0.06
864,0.20886733969275476,0.0,0.20886733969275476,0.0,0.0,0.0,0.0,1.1341477790971128,0.27,0.06
865,0.17662751667207424,0.0,0.17662751667207424,0.0,0.0,0.0,0.0,1.1341477790971128,0.27,0.06
866,0.10271690762714175,0.0,0.10271690762714175,0.0,0.0,0.0,0.0,1.1341477790971128,0.27,0.06
867,0.086088809430061,0.0,0.0,0.0,0.0,0.086088809430061,0.0,1.111492829247097,0.27,0.06
868,0.085906530752083,0.0,0.085906530752083,0.0,0.0,0.0,0.0,1.111492829247097,0.27,0.06
869,0.08121951397221674,0.0,0.08121951397221674,0.0,0.0,0.0,0.0,1.111492829247097,0.27,0.06
870,0.04605696464218325,0.0,0.04605696464218325,0.0,0.0,0.0,0.0,1.111492829247097,0.27,0.06
871,0.03986836849502075,0.0,0.03986836849502075,0.0,0.0,0.0,0.0,1.111492829247097,0.27,0.06
872,0.03604835058461925,0.0,0.03604835058461925,0.0,0.0,0.0,0.0,1.111492829247097,0.27,0.06
873,0.02904237297317225,0.0,0.02904237297317225,0.0,0.0,0.0,0.0,1.111492829247097,0.27,0.06
874,0.035455030876359,0.0,0.0,0.0,0.0,0.035455030876359,0.0,1.1021625579638445,0.27,0.06
875,0.0274243232758215,0.0,0.0,0.0,0.0,0.0274243232758215,0.0,1.0949456307859968,0.27,0.06
876,0.028246927624862,0.0,0.0,0.0,0.0,0.028246927624862,0.0,1.087512228779454,0.27,0.06
877,0.08669466406173525,0.0,0.08669466406173525,0.0,0.0,0.0,0.0,1.087512228779454,0.27,0.06
878,0.07978948812607525,0.0,0.07978948812607525,0.0,0.0,0.0,0.0,1.087512228779454,0.27,0.06
879,0.042741999687669,0.0,0.0,0.0,0.0,0.042741999687669,0.0,1.0762643341248042,0.27,0.06
880,0.03379937640876625,0.0,0.0,0.0,0.0,0.03379937640876625,0.0,1.0673697613856552,0.27,0.06
881,0.03367402717462675,0.0,0.0,6.938893903907228e-18,0.0,0.03367402717462676,0.0,1.0585081752870693,0.27,0.06
882,0.03148511617346575,0.0,0.03148511617346575,0.0,0.0,0.0,0.0,1.0585081752870693,0.27,0.06
883,0.03551196032019725,0.0,0.03551196032019725,0.0,0.0,0.0,0.0,1.0585081752870693,0.27,0.06
884,0.0378267428439735,0.0,0.0378267428439735,0.0,0.0,0.0,0.0,1.0585081752870693,0.27,0.06
885,0.0270138045340145,0.0,0.0270138045340145,0.0,0.0,0.0,0.0,1.0585081752870693,0.27,0.06
886,0.02811113262121075,0.0,0.02811113262121075,0.0,0.0,0.0,0.0,1.0585081752870693,0.27,0.06
887,0.08240824254263975,0.0,0.08240824254263975,0.0,0.0,0.0,0.0,1.0585081752870693,0.27,0.06
888,0.089931808033388,0.0,0.089931808033388,0.0,0.0,0.0,0.0,1.0585081752870693,0.27,0.06
889,0.07566706518831225,0.0,0.07566706518831225,0.0,0.0,0.0,0.0,1.0585081752870693,0.27,0.06
890,0.0320068823605715,0.0,0.0,-6.938893903907228e-18,0.0,0.03200688236057149,0.0,1.0500853115079716,0.27,0.06
891,0.034953633939801,0.0,0.0,0.0,0.0,0.034953633939801,0.0,1.0408869867869712,0.27,0.06
892,0.02684510535640175,0.0,0.0,0.0,0.0,0.02684510535640175,0.0,1.0338224853773919,0.27,0.06
893,0.03154309019425525,0.0,0.0,0.0,0.0,0.03154309019425525,0.0,1.0255216721683773,0.27,0.06
894,0.05707620689999675,0.0,0.0,0.0,0.0,0.05707620689999675,0.0,1.0105016177210098,0.27,0.06
895,0.12058178493439925,0.0,0.1205817849343993,0.0,0.0,0.0,0.0,1.0105016177210098,0.27,0.06
896,0.23266384721718875,0.0,0.23266384721718875,0.0,0.0,0.0,0.0,1.0105016177210098,0.27,0.06
897,0.2902675654775225,-0.0,0.2902675654775225,0.0,0.0,0.0,0.0,1.0105016177210098,0.27,0.06
898,0.1955902443550035,-0.0,0.1955902443550035,0.0,0.0,0.0,0.0,1.0105016177210098,0.27,0.06
899,0.3965135763341675,0.0,0.3965135763341675,0.0,0.0,0.0,0.0,1.0105016177210098,0.27,0.06
900,0.177711787547381,0.0,0.177711787547381,0.0,0.0,0.0,0.0,1.0105016177210098,0.27,0.06
901,0.1233081307769335,0.0,0.1233081307769335,0.0,0.0,0.0,0.0,1.0105016177210098,0.27,0.06
902,0.12452192919418426,0.12452192919418426,0.0,0.0,0.0,0.0,0.0,1.0105016177210098,0.27,0.06
903,0.12054052414482826,0.12054052414482826,0.0,0.0,0.0,0.0,0.0,1.0105016177210098,0.27,0.06
904,0.10195541102974424,0.10195541102974424,0.0,0.0,0.0,0.0,0.0,1.0105016177210098,0.27,0.06
905,0.1386675902668275,0.1386675902668275,0.0,0.0,0.0,0.0,0.0,1.0105016177210098,0.27,0.06
906,0.2161010350795555,0.2161010350795555,0.0,0.0,0.0,0.0,0.0,1.0105016177210098,0.27,0.06
907,0.16018535317230026,0.16018535317230026,0.0,0.0,0.0,0.0,0.0,1.0105016177210098,0.27,0.06
908,0.10615095435408875,0.10615095435408875,0.0,0.0,0.0,0.0,0.0,1.0105016177210098,0.27,0.06
909,0.0897777329330915,0.0897777329330915,0.0,0.0,0.0,0.0,0.0,1.0105016177210098,0.27,0.06
910,0.10636718178297926,0.066461034443142,0.0,0.0,0.0,0.03990614733983744,0.0,1.0,0.27,0.06
911,0.2188874440967815,0.2188874440967815,0.0,0.0,0.0,0.0,0.0,1.0,0.27,0.06
912,0.18647160985983,0.18647160985983,0.0,0.0,0.0,0.0,0.0,1.0,0.27,0.06
913,0.20606212829040774,1.8316670563482262,0.0,0.0,1.6256049280578184,0.0,0.0,1.386081170413732,0.27,0.06
914,0.220913923382037,0.220913923382037,0.0,0.0,0.0,0.0,0.0,1.386081170413732,0.27,0.06
915,0.15037520873545726,0.15037520873545726,0.0,0.0,0.0,0.0,0.0,1.386081170413732,0.27,0.06
916,0.17621595335331625,0.17621595335331625,0.0,0.0,0.0,0.0,0.0,1.386081170413732,0.27,0.06
917,0.03966885429734875,0.03966885429734875,0.0,0.0,0.0,0.0,0.0,1.386081170413732,0.27,0.06
918,0.02716004530717725,1.3239381414047091,0.0,0.0,1.296778096097532,0.0,0.0,1.6940659682368957,0.27,0.06
919,0.074577049139774,0.074577049139774,0.0,0.0,0.0,0.0,0.0,1.6940659682368957,0.27,0.06
920,0.087213818806463,0.087213818806463,0.0,0.0,0.0,0.0,0.0,1.6940659682368957,0.27,0.06
921,0.1800547736488385,0.1800547736488385,0.0,0.0,0.0,0.0,0.0,1.6940659682368957,0.27,0.06
922,0.22554401071806476,0.22554401071806476,0.0,0.0,0.0,0.0,0.0,1.6940659682368957,0.27,0.06
923,0.04652389053935275,0.046523890539352776,0.0,0.0,0.0,0.0,0.0,1.6940659682368957,0.27,0.06
924,0.093136047831079,0.093136047831079,0.0,0.0,0.0,0.0,0.0,1.6940659682368957,0.27,0.06
925,0.048112692082071,0.048112692082071,0.0,0.0,0.0,0.0,0.0,1.6940659682368957,0.27,0.06
926,0.019682963490755774,0.019682963490755774,0.0,0.0,0.0,0.0,0.0,1.6940659682368957,0.27,0.06
927,0.02763167180062725,0.02763167180062725,0.0,0.0,0.0,0.0,0.0,1.6940659682368957,0.27,0.06
928,0.021373088997736774,0.021373088997736774,0.0,0.0,0.0,0.0,0.0,1.6940659682368957,0.27,0.06
929,0.04028985529481475,0.04028985529481471,0.0,0.0,0.0,0.0,0.0,1.6940659682368957,0.27,0.06
930,0.08186192879718175,0.0,0.0,0.0,0.0,0.08186192879718175,0.0,1.672523355395532,0.27,0.06
931,0.0291766011113965,0.0291766011113965,0.0,0.0,0.0,0.0,0.0,1.672523355395532,0.27,0.06
932,0.029479006138758,0.02947900613875805,0.0,0.0,0.0,0.0,0.0,1.672523355395532,0.27,0.06
933,0.0229201074624085,0.0,0.0,0.0,0.0,0.0229201074624085,0.0,1.6664917481685824,0.27,0.06
934,0.027431113026004,0.0,0.0,0.0,0.0,0.027431113026004,0.0,1.659273034214371,0.27,0.06
935,0.027383584774726,0.0,0.0,0.0,0.0,0.027383584774726,0.0,1.6520668276947061,0.27,0.06
936,0.028778095004528,0.0,0.0,0.0,0.0,0.028778095004528,0.0,1.6444936447987777,0.27,0.06
937,0.057086130381033,0.0,0.0,0.0,0.0,0.057086130381033,0.0,1.6294709789090323,0.27,0.06
938,0.0831232554657105,0.0,0.0,0.0,0.0,0.0831232554657105,0.0,1.607596437997003,0.27,0.06
939,0.08257224112397225,0.0,0.0,0.0,0.0,0.08257224112397225,0.0,1.5858669008591155,0.27,0.06
940,0.0286501343280105,0.0,0.0,0.0,0.0,0.0286501343280105,0.0,1.5783273918254286,0.27,0.06
941,0.02632803976557625,0.0,0.0,0.0,0.0,0.02632803976557625,0.0,1.5713989603081717,0.27,0.06
942,0.03431957573044525,0.0,0.0,0.0,0.0,0.03431957573044525,0.0,1.5623674930106861,0.27,0.06
943,0.053349156338249,0.0,0.0,0.0,0.0,0.053349156338249,0.0,1.548328241342726,0.27,0.06
944,0.3245014858979725,0.0,0.3245014858979725,0.0,0.0,0.0,0.0,1.548328241342726,0.27,0.06
945,0.25542517898302,0.0,0.0,0.0,0.0,0.25542517898302,0.0,1.4811110889787733,0.27,0.06
946,0.1938014063261375,0.0,-0.0,0.0,0.0,0.1938014063261375,0.0,1.4301107188929476,0.27,0.06
947,0.16892532852267725,0.0,-0.0,0.0,0.0,0.16892532852267725,0.0,1.3856566850711904,0.27,0.06
948,0.173428499759139,0.0,-0.0,0.0,0.0,0.173428499759139,0.0,1.3400176061872064,0.27,0.06
949,0.1822938243436555,0.0,-0.0,0.0,0.0,0.1822938243436555,0.0,1.2920455471494023,0.27,0.06
950,0.1882708936582075,0.0,0.1882708936582075,0.0,0.0,0.0,0.0,1.2920455471494023,0.27,0.06
951,0.2807420682598725,0.0,0.2807420682598725,0.0,0.0,0.0,0.0,1.2920455471494023,0.27,0.06
952,0.5351111799452675,0.0,0.5351111799452675,0.0,0.0,0.0,0.0,1.2920455471494023,0.27,0.06
953,0.17258239242869725,0.0,0.0,-2.7755575615628914e-17,0.0,0.17258239242869722,0.0,1.2466291280892188,0.27,0.06
954,0.107779449820951,0.0,0.0,0.0,0.0,0.107779449820951,0.0,1.2182661149784422,0.27,0.06
955,0.106886336527707,0.0,0.0,0.0,0.0,0.106886336527707,0.0,1.1901381316816773,0.27,0.06
956,0.2942693397774275,0.0,0.2942693397774275,0.0,0.0,0.0,0.0,1.1901381316816773,0.27,0.06
957,0.2399011986233185,0.0,0.2399011986233185,0.0,0.0,0.0,0.0,1.1901381316816773,0.27,0.06
958,0.148876240810539,0.0,0.14887624081053907,0.0,0.0,0.0,0.0,1.1901381316816773,0.27,0.06
959,0.1112004393360085,0.0,0.1112004393360085,0.0,0.0,0.0,0.0,1.1901381316816773,0.27,0.06
960,0.08540617839247625,0.0,0.08540617839247625,0.0,0.0,0.0,0.0,1.1901381316816773,0.27,0.06
961,0.07872088590503575,0.0,0.07872088590503575,0.0,0.0,0.0,0.0,1.1901381316816773,0.27,0.06
962,0.02578068144316725,0.0,0.02578068144316725,0.0,0.0,0.0,0.0,1.1901381316816773,0.27,0.06
963,0.023751590715533875,0.0,0.0,0.0,0.0,0.023751590715533875,0.0,1.1838877130723262,0.27,0.06
964,0.040037589961109,0.0,0.040037589961109,0.0,0.0,0.0,0.0,1.1838877130723262,0.27,0.06
965,0.02827826493339675,0.0,0.0,0.0,0.0,0.02827826493339675,0.0,1.176446064405643,0.27,0.06
966,0.026715055525982,0.0,0.0,0.0,0.0,0.026715055525982,0.0,1.1694157866356476,0.27,0.06
967,0.02857701394142925,0.0,0.0,0.0,0.0,0.02857701394142925,0.0,1.1618955198089558,0.27,0.06
968,0.03198651311002375,0.0,0.0,0.0,0.0,0.03198651311002375,0.0,1.1534780163589495,0.27,0.06
969,0.08814088085061975,0.0,0.08814088085061975,0.0,0.0,0.0,0.0,1.1534780163589495,0.27,0.06
970,0.07331520018276975,0.0,0.07331520018276975,0.0,0.0,0.0,0.0,1.1534780163589495,0.27,0.06
971,0.0391314194559755,0.0,0.0391314194559755,0.0,0.0,0.0,0.0,1.1534780163589495,0.27,0.06
972,0.030680269632595,0.0,0.0,0.0,0.0,0.030680269632595,0.0,1.145404261192477,0.27,0.06
973,0.020636662247167176,0.0,0.020636662247167176,0.0,0.0,0.0,0.0,1.145404261192477,0.27,0.06
974,0.021752270431008774,0.0,0.021752270431008774,0.0,0.0,0.0,0.0,1.145404261192477,0.27,0.06
975,0.03755776427904925,0.0,0.03755776427904925,0.0,0.0,0.0,0.0,1.145404261192477,0.27,0.06
976,0.02091608658160315,0.0,0.0,0.0,0.0,0.02091608658160315,0.0,1.139900027881529,0.27,0.06
977,0.024507342139699975,0.0,0.0,0.0,0.0,0.024507342139699975,0.0,1.13345072731845,0.27,0.06
978,0.02604391483486,0.0,0.02604391483486,0.0,0.0,0.0,0.0,1.13345072731845,0.27,0.06
979,0.0463734714583855,0.0,0.0,0.0,0.0,0.0463734714583855,0.0,1.1212471821978223,0.27,0.06
980,0.07802206392470824,0.0,0.0,0.0,0.0,0.07802206392470824,0.0,1.1007150601123727,0.27,0.06
981,0.059586847602116,0.0,0.0,0.0,0.0,0.059586847602116,0.0,1.0850343107433946,0.27,0.06
982,0.02585171267584625,0.0,0.0,0.0,0.0,0.02585171267584625,0.0,1.0782312284602773,0.27,0.06
983,0.0344078424828185,0.0,0.0344078424828185,0.0,0.0,0.0,0.0,1.0782312284602773,0.27,0.06
984,0.0362839026871065,0.0,0.0362839026871065,0.0,0.0,0.0,0.0,1.0782312284602773,0.27,0.06
985,0.02658813942641575,0.0,0.02658813942641575,0.0,0.0,0.0,0.0,1.0782312284602773,0.27,0.06
986,0.03582376654011925,0.0,0.03582376654011925,0.0,0.0,0.0,0.0,1.0782312284602773,0.27,0.06
987,0.02517430452301725,0.0,0.025174304523017277,0.0,0.0,0.0,0.0,1.0782312284602773,0.27,0.06
988,0.0907904502872435,0.0,0.0907904502872435,0.0,0.0,0.0,0.0,1.0782312284602773,0.27,0.06
989,0.20866103574490025,0.0,0.20866103574490025,0.0,0.0,0.0,0.0,1.0782312284602773,0.27,0.06
990,0.086668549637956,0.0,0.086668549637956,0.0,0.0,0.0,0.0,1.0782312284602773,0.27,0.06
991,0.080801160903276,0.0,0.080801160903276,0.0,0.0,0.0,0.0,1.0782312284602773,0.27,0.06
992,0.20938074926425124,0.0,0.20938074926425124,0.0,0.0,0.0,0.0,1.0782312284602773,0.27,0.06
993,0.2994138812619025,0.0,0.2994138812619025,0.0,0.0,0.0,0.0,1.0782312284602773,0.27,0.06
994,0.15875637190310976,-0.0,0.15875637190310976,0.0,0.0,0.0,0.0,1.0782312284602773,0.27,0.06
995,0.15086407074860125,0.15086407074860125,0.0,0.0,0.0,0.0,0.0,1.0782312284602773,0.27,0.06
996,0.1550173087064235,0.1550173087064235,0.0,0.0,0.0,0.0,0.0,1.0782312284602773,0.27,0.06
997,0.138272740179288,-0.0,0.138272740179288,0.0,0.0,0.0,0.0,1.0782312284602773,0.27,0.06
998,0.10764835541358025,0.10762566305422586,-0.0,0.0,0.0,2.269235935423164e-05,0.0,1.078225256786763,0.27,0.06
999,0.21421714054813376,0.0,0.21421714054813376,0.0,0.0,0.0,0.0,1.078225256786763,0.27,0.06
1000,0.1418206457939115,0.1418206457939113,-0.0,0.0,0.0,0.0,0.0,1.078225256786763,0.27,0.06
1001,0.07709395730360025,0.07709395730360047,-0.0,0.0,0.0,0.0,0.0,1.078225256786763,0.27,0.06
1002,0.079833360358024,0.079833360358024,0.0,0.0,0.0,0.0,0.0,1.078225256786763,0.27,0.06
1003,0.082814582976642,0.082814582976642,0.0,0.0,0.0,0.0,0.0,1.078225256786763,0.27,0.06
1004,0.09927398199611,0.09927398199611,0.0,0.0,0.0,0.0,0.0,1.078225256786763,0.27,0.06
1005,0.093270798257779,0.093270798257779,0.0,0.0,0.0,0.0,0.0,1.078225256786763,0.27,0.06
1006,0.0764275172087585,0.0764275172087585,0.0,0.0,0.0,0.0,0.0,1.078225256786763,0.27,0.06
1007,0.03067818047869275,0.03067818047869275,0.0,0.0,0.0,0.0,0.0,1.078225256786763,0.27,0.06
1008,0.028813088332392,0.028813088332392,0.0,0.0,0.0,0.0,0.0,1.078225256786763,0.27,0.06
1009,0.023902532084976873,0.023902532084976873,0.0,0.0,0.0,0.0,0.0,1.078225256786763,0.27,0.06
1010,0.0349980284602255,3.3200211300121256,0.0,0.0,3.2850231015519,0.0,0.0,1.8584182434053391,0.27,0.06
1011,0.0216984747180239,0.0216984747180239,0.0,0.0,0.0,0.0,0.0,1.8584182434053391,0.27,0.06
1012,0.05263884401145825,0.05263884401145825,0.0,0.0,0.0,0.0,0.0,1.8584182434053391,0.27,0.06
1013,0.254404627301735,0.254404627301735,0.0,0.0,0.0,0.0,0.0,1.8584182434053391,0.27,0.06
1014,0.3027293685048925,0.3027293685048925,0.0,0.0,0.0,0.0,0.0,1.8584182434053391,0.27,0.06
1015,0.094948388841346,0.094948388841346,0.0,0.0,0.0,0.0,0.0,1.8584182434053391,0.27,0.06
1016,0.20852837447210276,0.20852837447210276,0.0,0.0,0.0,0.0,0.0,1.8584182434053391,0.27,0.06
1017,0.17870100192013175,0.17870100192013175,0.0,0.0,0.0,0.0,0.0,1.8584182434053391,0.27,0.06
1018,0.06594779894622026,0.06594779894622026,0.0,0.0,0.0,0.0,0.0,1.8584182434053391,0.27,0.06
1019,0.07367192321159174,0.07367192321159174,0.0,0.0,0.0,0.0,0.0,1.8584182434053391,0.27,0.06
1020,0.106275259011277,0.106275259011277,0.0,0.0,0.0,0.0,0.0,1.8584182434053391,0.27,0.06
1021,0.10744675206200575,0.7290508208974062,0.0,0.0,0.6216040688354005,0.0,0.0,2.006049209753747,0.27,0.06
1022,0.179335582417963,0.179335582417963,0.0,0.0,0.0,0.0,0.0,2.006049209753747,0.27,0.06
1023,0.24486763973762074,0.24486763973762074,0.0,0.0,0.0,0.0,0.0,2.006049209753747,0.27,0.06
1024,0.062231194153984,0.062231194153984,0.0,0.0,0.0,0.0,0.0,2.006049209753747,0.27,0.06
1025,0.027968547867377,0.027968547867377,0.0,0.0,0.0,0.0,0.0,2.006049209753747,0.27,0.06
1026,0.2894815213217725,0.02110160002698891,0.0,0.0,0.0,0.2683799212947836,0.0,1.9354229146761721,0.27,0.06
1027,0.272042309122115,0.0,0.0,0.0,0.0,0.272042309122115,0.0,1.863832833328247,0.27,0.06
1028,0.20979231258300926,0.20979231258300926,0.0,0.0,0.0,0.0,0.0,1.863832833328247,0.27,0.06
1029,0.18701687902833675,0.1656578015034277,0.0,0.0,0.0,0.021359077524909037,0.0,1.8582120234532709,0.27,0.06
1030,0.21849363858619325,0.016841826783909664,0.0,0.0,0.0,0.2016518118022836,0.0,1.8051457571895122,0.27,0.06
1031,0.173262412023904,0.0,0.0,0.0,0.0,0.173262412023904,0.0,1.7595503856042742,0.27,0.06
1032,0.136810854736136,0.0,0.0,0.0,0.0,0.136810854736136,0.0,1.7235475290947646,0.27,0.06
1033,0.067905336152699,0.0,0.0,0.0,0.0,0.067905336152699,0.0,1.7056777037914228,0.27,0.06
1034,0.0463421341498505,0.0,0.0,0.0,0.0,0.0463421341498505,0.0,1.6934824053309359,0.27,0.06
1035,0.06101530658283075,0.0,0.0,0.0,0.0,0.06101530658283075,0.0,1.6774257457038753,0.27,0.06
1036,0.21396278606052574,0.0,0.0,0.0,0.0,0.21396278606052574,0.0,1.6211197493721579,0.27,0.06
1037,0.16824739808137276,0.0,0.0,0.0,0.0,0.16824739808137276,0.0,1.5768441182981126,0.27,0.06
1038,0.33975648769275,0.0,-0.0,0.0,0.0,0.33975648769275,0.0,1.4874345162737046,0.27,0.06
1039,0.2768964582141675,0.0,0.0,0.0,0.0,0.2768964582141675,0.0,1.4145670272699764,0.27,0.06
1040,0.15110118971651526,0.0,0.0,0.0,0.0,0.15110118971651526,0.0,1.374803556291946,0.27,0.06
1041,0.145101661997513,0.0,0.0,0.0,0.0,0.145101661997513,0.0,1.3366189083978637,0.27,0.06
1042,0.1464146952251245,0.0,0.0,0.0,0.0,0.1464146952251245,0.0,1.2980887254438835,0.27,0.06
1043,0.14907993331601574,0.0,0.0,0.0,0.0,0.14907993331601574,0.0,1.258857164044932,0.27,0.06
1044,0.153856783713682,0.0,0.0,0.0,0.0,0.153856783713682,0.0,1.2183685367518577,0.27,0.06
1045,0.21286441339637824,0.0,0.21286441339637824,0.0,0.0,0.0,0.0,1.2183685367518577,0.27,0.06
1046,0.306803218614425,0.0,0.306803218614425,0.0,0.0,0.0,0.0,1.2183685367518577,0.27,0.06
1047,0.2919644807346875,0.0,0.2919644807346875,0.0,0.0,0.0,0.0,1.2183685367518577,0.27,0.06
1048,0.2500816455893475,0.0,0.2500816455893475,0.0,0.0,0.0,0.0,1.2183685367518577,0.27,0.06
1049,0.277551407962545,0.0,0.277551407962545,0.0,0.0,0.0,0.0,1.2183685367518577,0.27,0.06
1050,0.176957080700166,0.0,0.176957080700166,0.0,0.0,0.0,0.0,1.2183685367518577,0.27,0.06
1051,0.17391631719533174,0.0,0.17391631719533174,0.0,0.0,0.0,0.0,1.2183685367518577,0.27,0.06
1052,0.17775618206780525,0.0,0.0,0.0,0.0,0.17775618206780525,0.0,1.1715905941024354,0.27,0.06
1053,0.3962284068265,0.0,0.3962284068265,0.0,0.0,0.0,0.0,1.1715905941024354,0.27,0.06
1054,0.3791370387515775,0.0,0.3791370387515775,0.0,0.0,0.0,0.0,1.1715905941024354,0.27,0.06
1055,0.18981791212287924,0.0,0.18981791212287924,0.0,0.0,0.0,0.0,1.1715905941024354,0.27,0.06
1056,0.18820195157943076,0.0,0.18820195157943076,0.0,0.0,0.0,0.0,1.1715905941024354,0.27,0.06
1057,0.19639561318434975,0.0,0.19639561318434975,0.0,0.0,0.0,0.0,1.1715905941024354,0.27,0.06
1058,0.122309515211622,0.0,0.122309515211622,0.0,0.0,0.0,0.0,1.1715905941024354,0.27,0.06
1059,0.07923063945720325,0.0,0.07923063945720325,0.0,0.0,0.0,0.0,1.1715905941024354,0.27,0.06
1060,0.0292977720377315,0.0,0.0292977720377315,0.0,0.0,0.0,0.0,1.1715905941024354,0.27,0.06
1061,0.02988534657276025,0.0,0.02988534657276025,0.0,0.0,0.0,0.0,1.1715905941024354,0.27,0.06
1062,0.02067896761368925,0.0,0.02067896761368925,0.0,0.0,0.0,0.0,1.1715905941024354,0.27,0.06
1063,0.03558612528373,0.0,0.035586125283730397,0.0,0.0,0.0,0.0,1.1715905941024354,0.27,0.06
1064,0.024142262495268674,0.0,0.0,0.0,0.0,0.024142262495268674,0.0,1.165237367129996,0.27,0.06
1065,0.021298924034204227,0.0,0.0,0.0,0.0,0.021298924034204227,0.0,1.159632387120995,0.27,0.06
1066,0.04760241624142825,0.0,0.0,0.0,0.0,0.04760241624142825,0.0,1.1471054354785142,0.27,0.06
1067,0.07110853137343875,0.0,0.0,0.0,0.0,0.07110853137343875,0.0,1.1283926640644513,0.27,0.06
1068,0.082413987715871,0.0,0.0,1.3877787807814457e-17,0.0,0.08241398771587101,0.0,1.1067047725602748,0.27,0.06
1069,0.032808072882113,0.0,0.0,0.0,0.0,0.032808072882113,0.0,1.098071069170245,0.27,0.06
1070,0.02010758402140335,0.0,0.0,0.0,0.0,0.02010758402140335,0.0,1.0927795996909284,0.27,0.06
1071,0.0264288414413635,0.0,0.0,0.0,0.0,0.0264288414413635,0.0,1.0858246414168853,0.27,0.06
1072,0.0266147761386705,0.0,0.0266147761386705,0.0,0.0,0.0,0.0,1.0858246414168853,0.27,0.06
1073,0.0205551852449765,0.0,0.0205551852449765,0.0,0.0,0.0,0.0,1.0858246414168853,0.27,0.06
1074,0.0317337254878425,0.0,0.0317337254878425,0.0,0.0,0.0,0.0,1.0858246414168853,0.27,0.06
1075,0.031213003877688,0.0,0.031213003877688,0.0,0.0,0.0,0.0,1.0858246414168853,0.27,0.06
1076,0.020841921618070625,0.0,0.020841921618070625,0.0,0.0,0.0,0.0,1.0858246414168853,0.27,0.06
1077,0.0801294979236785,0.0,0.0,0.0,0.0,0.0801294979236785,0.0,1.0647379314369698,0.27,0.06
1078,0.07232546352154325,0.0,0.0,0.0,0.0,0.07232546352154325,0.0,1.0457049147207744,0.27,0.06
1079,0.04045072014529375,0.0,0.0,6.938893903907228e-18,0.0,0.04045072014529376,0.0,1.0350599883667497,0.27,0.06
1080,0.03015014682988,0.0,0.0,0.0,0.0,0.03015014682988,0.0,1.0271257392009918,0.27,0.06
1081,0.0213501083048112,0.0,0.0,1.0408340855860843e-17,0.0,0.02135010830481121,0.0,1.0215072896470943,0.27,0.06
1082,0.022097503113368,0.0,0.0,0.0,0.0,0.022097503113368,0.0,1.0156921572488395,0.27,0.06
1083,0.03875014886880125,0.0,0.0,1.3877787807814457e-17,0.0,0.038750148868801265,0.0,1.0054947496517863,0.27,0.06
1084,0.02088004867678805,0.0,0.0,0.0,0.0,0.02088004867678805,0.0,1.0,0.27,0.06
1085,0.023372409282261874,0.0,0.02337240928226187,0.0,0.0,0.0,0.0,1.0,0.27,0.06
1086,0.0376073816842295,0.0,0.0376073816842295,0.0,0.0,0.0,0.0,1.0,0.27,0.06
1087,0.10267512454909525,0.0,0.10267512454909525,0.0,0.0,0.0,0.0,1.0,0.27,0.06
1088,0.215249704864358,0.0,0.215249704864358,0.0,0.0,0.0,0.0,1.0,0.27,0.06
1089,0.3340128813267825,0.0,0.3340128813267825,0.0,0.0,0.0,0.0,1.0,0.27,0.06
1090,0.445198696585475,0.0,0.445198696585475,0.0,0.0,0.0,0.0,1.0,0.27,0.06
1091,0.5625302803363325,0.0,0.5625302803363325,0.0,0.0,0.0,0.0,1.0,0.27,0.06
1092,0.512858034866175,-0.0,0.512858034866175,0.0,0.0,0.0,0.0,1.0,0.27,0.06
1093,0.4360936415906675,0.0,0.4360936415906675,0.0,0.0,0.0,0.0,1.0,0.27,0.06
1094,0.3843019494866025,0.0,0.3843019494866025,0.0,0.0,0.0,0.0,1.0,0.27,0.06
1095,0.386106456169735,0.0,0.386106456169735,0.0,0.0,0.0,0.0,1.0,0.27,0.06
1096,0.5100570017716325,0.0,0.5100570017716325,0.0,0.0,0.0,0.0,1.0,0.27,0.06
1097,0.5195281809878225,-0.0,0.5195281809878225,0.0,0.0,0.0,0.0,1.0,0.27,0.06
1098,0.3373466486664175,0.3373466486664176,-0.0,0.0,0.0,0.0,0.0,1.0,0.27,0.06
1099,0.1679695406123635,0.669726968476007,0.0,0.0,0.5017574278636435,0.0,0.0,1.1191673891176153,0.27,0.06
1100,0.3160153427467275,0.3160153427467275,0.0,0.0,0.0,0.0,0.0,1.1191673891176153,0.27,0.06
1101,0.2457947017817775,0.2457947017817775,0.0,0.0,0.0,0.0,0.0,1.1191673891176153,0.27,0.06
1102,0.31800317268479,0.31800317268479,0.0,0.0,0.0,0.0,0.0,1.1191673891176153,0.27,0.06
1103,0.3209295550134725,0.3209295550134725,0.0,0.0,0.0,0.0,0.0,1.1191673891176153,0.27,0.06
1104,0.2379812661870815,0.2379812661870815,0.0,0.0,0.0,0.0,0.0,1.1191673891176153,0.27,0.06
1105,0.19681396625329026,0.19681396625329026,0.0,0.0,0.0,0.0,0.0,1.1191673891176153,0.27,0.06
1106,0.1170004528573385,0.1170004528573385,0.0,0.0,0.0,0.0,0.0,1.1191673891176153,0.27,0.06
1107,0.102699149818972,0.102699149818972,0.0,0.0,0.0,0.0,0.0,1.1191673891176153,0.27,0.06
1108,0.0218347920101506,0.0218347920101506,0.0,0.0,0.0,0.0,0.0,1.1191673891176153,0.27,0.06
1109,0.026040258815531,3.1633082426227506,0.0,0.0,3.13726798380722,0.0,0.0,1.86426853527183,0.27,0.06
1110,0.030313623122737,0.030313623122737,0.0,0.0,0.0,0.0,0.0,1.86426853527183,0.27,0.06
1111,0.019193579189136126,0.019193579189136126,0.0,0.0,0.0,0.0,0.0,1.86426853527183,0.27,0.06
1112,0.0570840412271305,0.0570840412271305,0.0,0.0,0.0,0.0,0.0,1.86426853527183,0.27,0.06
1113,0.09829260195049275,0.09829260195049275,0.0,0.0,0.0,0.0,0.0,1.86426853527183,0.27,0.06
1114,0.05732220477199575,0.05732220477199575,0.0,0.0,0.0,0.0,0.0,1.86426853527183,0.27,0.06
1115,0.0335847158453025,0.0335847158453025,0.0,0.0,0.0,0.0,0.0,1.86426853527183,0.27,0.06
1116,0.0428422790749805,1.3035245610649382,0.0,0.0,1.2606822819899577,0.0,0.0,2.163680577244445,0.27,0.06
1117,0.037974550482563,0.037974550482563,0.0,0.0,0.0,0.0,0.0,2.163680577244445,0.27,0.06
1118,0.0639542238349265,0.0639542238349265,0.0,0.0,0.0,0.0,0.0,2.163680577244445,0.27,0.06
1119,0.0393236216149895,0.0393236216149895,0.0,0.0,0.0,0.0,0.0,2.163680577244445,0.27,0.06
1120,0.0207949156552683,0.0207949156552683,0.0,0.0,0.0,0.0,0.0,2.163680577244445,0.27,0.06
1121,0.019736236915265076,0.019736236915265076,0.0,0.0,0.0,0.0,0.0,2.163680577244445,0.27,0.06
1122,0.02532158987313125,0.02532158987313125,0.0,0.0,0.0,0.0,0.0,2.163680577244445,0.27,0.06
1123,0.026345797573746,0.026345797573746,0.0,0.0,0.0,0.0,0.0,2.163680577244445,0.27,0.06
1124,0.0678473621319095,0.0678473621319095,0.0,0.0,0.0,0.0,0.0,2.163680577244445,0.27,0.06
1125,0.07139631232348426,-0.0,-0.0,0.0,0.0,0.07139631232348426,0.0,2.144892074001423,0.27,0.06
1126,0.05907030429976625,-0.0,0.0,0.0,0.0,0.05907030429976625,0.0,2.1293472570804317,0.27,0.06
1127,0.038630544807893,0.0,0.0,0.0,0.0,0.038630544807893,0.0,2.119181324236249,0.27,0.06
1128,0.03754157333630625,0.0,0.0,0.0,0.0,0.03754157333630625,0.0,2.109301962831958,0.27,0.06
1129,0.11522728348274,0.0,0.0,-8.326672684688674e-17,0.0,0.11522728348273992,0.0,2.078978993494395,0.27,0.06
1130,0.16481335135442576,0.0,0.0,0.0,0.0,0.16481335135442576,0.0,2.035607058927441,0.27,0.06
1131,0.17697797223918926,0.0,0.0,0.0,0.0,0.17697797223918926,0.0,1.9890339083381805,0.27,0.06
1132,0.21000436170409525,0.0,0.0,0.0,0.0,0.21000436170409525,0.0,1.9337696026265765,0.27,0.06
1133,0.24969358525199176,0.0,0.0,0.0,0.0,0.24969358525199176,0.0,1.8680607644023681,0.27,0.06
1134,0.2256192202585485,0.0,0.0,0.0,0.0,0.2256192202585485,0.0,1.8086872853869607,0.27,0.06
1135,0.3619328563659325,0.0,0.0,0.0,0.0,0.3619328563659325,0.0,1.71344179686961,0.27,0.06
1136,0.23901957567653725,0.0,0.23901957567653742,0.0,0.0,-2.1094237467877976e-16,0.0,1.71344179686961,0.27,0.06
1137,0.261439853067815,0.0,0.0,0.0,0.0,0.261439853067815,0.0,1.6446418355359744,0.27,0.06
1138,0.24947213493834525,0.0,0.0,0.0,0.0,0.24947213493834525,0.0,1.5789912737100942,0.27,0.06
1139,0.2784779477182275,0.0,0.0,0.0,0.0,0.2784779477182275,0.0,1.505707603257929,0.27,0.06
1140,0.30532409765158,0.0,0.30532409765158,0.0,0.0,0.0,0.0,1.505707603257929,0.27,0.06
1141,0.4776604922082775,0.0,0.4776604922082775,0.0,0.0,0.0,0.0,1.505707603257929,0.27,0.06
1142,0.3117158640157425,0.0,0.0,0.0,0.0,0.3117158640157425,0.0,1.4236771127274706,0.27,0.06
1143,0.3432077699393925,0.0,0.0,0.0,0.0,0.3432077699393925,0.0,1.3333592785328936,0.27,0.06
1144,0.232334283189097,0.0,0.232334283189097,0.0,0.0,0.0,0.0,1.3333592785328934,0.27,0.06
1145,0.2398625492761255,0.0,0.0,0.0,0.0,0.2398625492761255,0.0,1.2702375550391762,0.27,0.06
1146,0.2513931119515325,0.0,0.0,0.0,0.0,0.2513931119515325,0.0,1.2040814729466678,0.27,0.06
1147,0.27365618051166,0.0,0.27365618051166,0.0,0.0,0.0,0.0,1.2040814729466678,0.27,0.06
1148,0.296990462735205,0.0,0.296990462735205,0.0,0.0,0.0,0.0,1.2040814729466678,0.27,0.06
1149,0.38054565077022,0.0,0.38054565077022,0.0,0.0,0.0,0.0,1.2040814729466678,0.27,0.06
1150,0.20797057038018174,0.0,0.20797057038018174,0.0,0.0,0.0,0.0,1.2040814729466678,0.27,0.06
1151,0.1699552813965235,0.0,0.1699552813965235,0.0,0.0,0.0,0.0,1.2040814729466678,0.27,0.06
1152,0.165692362858829,0.0,0.16569236285882916,0.0,0.0,0.0,0.0,1.2040814729466678,0.27,0.06
1153,0.129339518092946,0.0,0.129339518092946,0.0,0.0,0.0,0.0,1.2040814729466678,0.27,0.06
1154,0.0819966792238815,0.0,0.0,0.0,0.0,0.0819966792238815,0.0,1.1825033994666991,0.27,0.06
1155,0.076436918401319,0.0,0.0,0.0,0.0,0.076436918401319,0.0,1.1623884209400361,0.27,0.06
1156,0.076829679334956,0.0,0.0,0.0,0.0,0.076829679334956,0.0,1.1421700842729425,0.27,0.06
1157,0.04272528645645025,0.0,0.0,0.0,0.0,0.04272528645645025,0.0,1.1309265878370345,0.27,0.06
1158,0.025699726729452,0.0,0.0,0.0,0.0,0.025699726729452,0.0,1.1241635018555998,0.27,0.06
1159,0.03361239713450825,0.0,0.0,6.938893903907228e-18,0.0,0.033612397134508254,0.0,1.1153181341886238,0.27,0.06
1160,0.020952124486418276,0.0,0.0,0.0,0.0,0.020952124486418276,0.0,1.1098044172185138,0.27,0.06
1161,0.025947813755353,0.0,0.025947813755353,0.0,0.0,0.0,0.0,1.1098044172185138,0.27,0.06
1162,0.0312620989943925,0.0,0.0,0.0,0.0,0.0312620989943925,0.0,1.1015775490620947,0.27,0.06
1163,0.03112212568293675,0.0,0.0,0.0,0.0,0.03112212568293675,0.0,1.0933875159876374,0.27,0.06
1164,0.10900056027686,0.0,0.10900056027686,0.0,0.0,0.0,0.0,1.0933875159876374,0.27,0.06
1165,0.09543568398906326,0.0,0.09543568398906288,0.0,0.0,-8.43769498715119e-16,0.0,1.0933875159876376,0.27,0.06
1166,0.06289136678711875,0.0,0.0,0.0,0.0,0.06289136678711875,0.0,1.0768371563068169,0.27,0.06
1167,0.0319556980899645,0.0,0.0,0.0,0.0,0.0319556980899645,0.0,1.0684277620726157,0.27,0.06
1168,0.02081058430953575,0.0,0.0,0.0,0.0,0.02081058430953575,0.0,1.0629512925174747,0.27,0.06
1169,0.020724406711064826,0.0,0.0,0.0,0.0,0.020724406711064826,0.0,1.0574975012777208,0.27,0.06
1170,0.04001669842208575,0.0,0.0,6.938893903907228e-18,0.0,0.04001669842208576,0.0,1.0469667911666456,0.27,0.06
1171,0.020879004099836874,0.0,0.0,0.0,0.0,0.020879004099836874,0.0,1.0414723164035307,0.27,0.06
1172,0.020542128033086974,0.0,0.0,0.0,0.0,0.020542128033086974,0.0,1.0360664932369288,0.27,0.06
1173,0.0276750217441005,0.0,0.0276750217441005,0.0,0.0,0.0,0.0,1.0360664932369288,0.27,0.06
1174,0.04403623053015925,0.0,0.04403623053015925,0.0,0.0,0.0,0.0,1.0360664932369288,0.27,0.06
1175,0.07810928610013025,0.0,0.07810928610013025,0.0,0.0,0.0,0.0,1.0360664932369288,0.27,0.06
1176,0.06415112659022075,0.0,0.06415112659022075,0.0,0.0,0.0,0.0,1.036066493236929,0.27,0.06
1177,0.03085784771429275,0.0,0.03085784771429275,0.0,0.0,0.0,0.0,1.036066493236929,0.27,0.06
1178,0.02985557612965225,0.0,0.0,0.0,0.0,0.02985557612965225,0.0,1.028209762676494,0.27,0.06
1179,0.02005483288536965,0.0,0.0,0.0,0.0,0.02005483288536965,0.0,1.022932175075081,0.27,0.06
1180,0.021175141665491476,0.0,0.0,0.0,0.0,0.021175141665491476,0.0,1.017359769373636,0.27,0.06
1181,0.0300498674425685,0.0,0.0,0.0,0.0,0.0300498674425685,0.0,1.0094519095203285,0.27,0.06
1182,0.0359172561772485,0.0,0.0,0.0,0.0,0.0359172561772485,0.0,0.9999999999999999,0.27,0.06
1183,0.0972652605190245,0.0,0.0972652605190245,0.0,0.0,0.0,0.0,0.9999999999999999,0.27,0.06
1184,0.24835130386974774,0.0,0.24835130386974774,0.0,0.0,0.0,0.0,0.9999999999999999,0.27,0.06
1185,0.32577012460516,0.0,0.32577012460516,0.0,0.0,0.0,0.0,0.9999999999999999,0.27,0.06
1186,0.139593607734033,-0.0,0.139593607734033,0.0,0.0,0.0,0.0,0.9999999999999999,0.27,0.06
1187,0.165556567855178,0.16555656785517803,-0.0,0.0,0.0,0.0,0.0,0.9999999999999999,0.27,0.06
1188,0.1255769519148585,0.12557695191485863,-0.0,0.0,0.0,0.0,0.0,0.9999999999999999,0.27,0.06
1189,0.15073193176427924,0.15073193176427924,-0.0,0.0,0.0,0.0,0.0,0.9999999999999999,0.27,0.06
1190,0.09380562165677425,0.0938056216567742,-0.0,0.0,0.0,0.0,0.0,0.9999999999999999,0.27,0.06
1191,0.2965308488766925,0.0,0.2965308488766925,0.0,0.0,0.0,0.0,0.9999999999999999,0.27,0.06
1192,0.4592613137905,0.0,0.4592613137905,0.0,0.0,0.0,0.0,0.9999999999999999,0.27,0.06
1193,0.17416283735580626,0.17416283735580626,0.0,0.0,0.0,0.0,0.0,0.9999999999999999,0.27,0.06
1194,0.250142231052515,0.04970581356123446,0.20043641749128052,0.0,0.0,0.0,0.0,0.9999999999999999,0.27,0.06
1195,0.23503869291565674,0.23503869291565674,0.0,0.0,0.0,0.0,0.0,0.9999999999999999,0.27,0.06
1196,0.1263739641285955,0.1263739641285955,0.0,0.0,0.0,0.0,0.0,0.9999999999999999,0.27,0.06
1197,0.113733016154102,0.113733016154102,0.0,0.0,0.0,0.0,0.0,0.9999999999999999,0.27,0.06
1198,0.2969742717924625,0.2969742717924625,0.0,0.0,0.0,0.0,0.0,0.9999999999999999,0.27,0.06
1199,0.3097651165594475,0.3097651165594475,0.0,0.0,0.0,0.0,0.0,0.9999999999999999,0.27,0.06
1200,0.04000677494104975,0.04000677494104975,0.0,0.0,0.0,0.0,0.0,0.9999999999999999,0.27,0.06
1201,0.124699507275882,0.124699507275882,0.0,0.0,0.0,0.0,0.0,0.9999999999999999,0.27,0.06
1202,0.090867226693154,2.7882885867163267,0.0,0.0,2.697421360023173,0.0,0.0,1.6406375730055034,0.27,0.06
1203,0.07051677853060526,0.07051677853060526,0.0,0.0,0.0,0.0,0.0,1.6406375730055034,0.27,0.06
1204,0.07908387639556475,0.07908387639556475,0.0,0.0,0.0,0.0,0.0,1.6406375730055034,0.27,0.06
1205,0.214587443077321,0.214587443077321,0.0,0.0,0.0,0.0,0.0,1.6406375730055034,0.27,0.06
1206,0.4145064143179425,0.4145064143179425,0.0,0.0,0.0,0.0,0.0,1.6406375730055034,0.27,0.06
1207,0.2465530646483215,0.6403348185199416,0.0,0.0,0.39378175387162007,0.0,0.0,1.7341607395500132,0.27,0.06
1208,0.1220368806273685,0.1220368806273685,0.0,0.0,0.0,0.0,0.0,1.7341607395500132,0.27,0.06
1209,0.15213688776359274,0.15213688776359274,0.0,0.0,0.0,0.0,0.0,1.7341607395500132,0.27,0.06
1210,0.14298848282531126,0.14298848282531126,0.0,0.0,0.0,0.0,0.0,1.7341607395500132,0.27,0.06
1211,0.125198292770062,0.3812785681995007,0.0,0.0,0.2560802754294387,0.0,0.0,1.794979804964505,0.27,0.06
1212,0.11791445768960575,0.11791445768960575,0.0,0.0,0.0,0.0,0.0,1.794979804964505,0.27,0.06
1213,0.07461726535239376,0.07461726535239376,0.0,0.0,0.0,0.0,0.0,1.794979804964505,0.27,0.06
1214,0.0897589305479705,0.0897589305479705,0.0,0.0,0.0,0.0,0.0,1.794979804964505,0.27,0.06
1215,0.08932647569018926,0.08932647569018926,0.0,0.0,0.0,0.0,0.0,1.794979804964505,0.27,0.06
1216,0.134705509891068,0.134705509891068,0.0,0.0,0.0,0.0,0.0,1.794979804964505,0.27,0.06
1217,0.2552376774202875,0.2552376774202875,0.0,0.0,0.0,0.0,0.0,1.794979804964505,0.27,0.06
1218,0.294828710734775,0.294828710734775,0.0,0.0,0.0,0.0,0.0,1.794979804964505,0.27,0.06
1219,0.2869327535609375,0.2869327535609375,0.0,0.0,0.0,0.0,0.0,1.794979804964505,0.27,0.06
1220,0.174605737983099,0.174605737983099,0.0,0.0,0.0,0.0,0.0,1.794979804964505,0.27,0.06
1221,0.15703699824149625,0.15703699824149625,0.0,0.0,0.0,0.0,0.0,1.794979804964505,0.27,0.06
1222,0.296105183769095,0.07281492923276978,0.0,0.0,0.0,0.22329025453632523,0.0,1.736219211665472,0.27,0.06
1223,0.29789297722101,0.0,0.29789297722100994,0.0,0.0,0.0,0.0,1.736219211665472,0.27,0.06
1224,0.245319941557474,0.0,0.245319941557474,0.0,0.0,0.0,0.0,1.736219211665472,0.27,0.06
1225,0.094052664105724,0.0,0.094052664105724,0.0,0.0,0.0,0.0,1.736219211665472,0.27,0.06
1226,0.091677818407256,0.0,0.091677818407256,0.0,0.0,0.0,0.0,1.736219211665472,0.27,0.06
1227,0.1098894952622995,0.0,0.1098894952622995,0.0,0.0,0.0,0.0,1.736219211665472,0.27,0.06
1228,0.15305507090366474,0.0,0.15305507090366444,0.0,0.0,0.0,0.0,1.736219211665472,0.27,0.06
1229,0.1757803647646815,0.0,0.0,0.0,0.0,0.1757803647646815,0.0,1.6899612209379242,0.27,0.06
1230,0.3258542130497275,0.0,0.3258542130497275,0.0,0.0,0.0,0.0,1.6899612209379242,0.27,0.06
1231,0.34996409365951,0.0,0.34996409365951,0.0,0.0,0.0,0.0,1.6899612209379242,0.27,0.06
1232,0.23031250450012175,0.0,0.23031250450012175,0.0,0.0,0.0,0.0,1.6899612209379242,0.27,0.06
1233,0.20958026346192324,0.0,0.20958026346192324,0.0,0.0,0.0,0.0,1.6899612209379242,0.27,0.06
1234,0.208829734922513,0.0,0.208829734922513,0.0,0.0,0.0,0.0,1.6899612209379242,0.27,0.06
1235,0.1996306680021,0.0,0.1996306680021,0.0,0.0,0.0,0.0,1.6899612209379242,0.27,0.06
1236,0.17918307418309326,0.0,0.17918307418309326,0.0,0.0,0.0,0.0,1.6899612209379242,0.27,0.06
1237,0.15470759164040376,0.0,0.15470759164040376,0.0,0.0,0.0,0.0,1.6899612209379242,0.27,0.06
1238,0.17718323161009275,0.0,0.17718323161009292,0.0,0.0,0.0,0.0,1.6899612209379242,0.27,0.06
1239,0.1931939848290365,0.0,0.1931939848290365,0.0,0.0,0.0,0.0,1.6899612209379242,0.27,0.06
1240,0.24495433962456725,0.0,0.24495433962456725,0.0,0.0,0.0,0.0,1.6899612209379242,0.27,0.06
1241,0.4534989050394125,0.0,0.4534989050394125,0.0,0.0,0.0,0.0,1.6899612209379242,0.27,0.06
1242,0.3519874392139125,0.0,0.3519874392139125,0.0,0.0,0.0,0.0,1.6899612209379242,0.27,0.06
1243,0.29872863878194,0.0,0.29872863878194,0.0,0.0,0.0,0.0,1.6899612209379242,0.27,0.06
1244,0.16062616464569074,0.0,0.16062616464569074,0.0,0.0,0.0,0.0,1.6899612209379244,0.27,0.06
1245,0.08440442909631125,0.0,0.0,0.0,0.0,0.08440442909631125,0.0,1.667749529070474,0.27,0.06
1246,0.065502809165025,0.0,0.0,0.0,0.0,0.065502809165025,0.0,1.6505119477112569,0.27,0.06
1247,0.2306645269326635,0.0,0.2306645269326635,0.0,0.0,0.0,0.0,1.6505119477112569,0.27,0.06
1248,0.16056140087471876,0.0,0.16056140087471876,0.0,0.0,0.0,0.0,1.6505119477112569,0.27,0.06
1249,0.02562712863134625,0.0,0.0,0.0,0.0,0.02562712863134625,0.0,1.6437679664924816,0.27,0.06
1250,0.02787296907634575,0.0,0.02787296907634575,0.0,0.0,0.0,0.0,1.6437679664924816,0.27,0.06
1251,0.04116312162598675,0.0,0.04116312162598675,0.0,0.0,0.0,0.0,1.6437679664924816,0.27,0.06
1252,0.029995549441108,0.0,0.029995549441108,0.0,0.0,0.0,0.0,1.6437679664924816,0.27,0.06
1253,0.08023082188794126,0.0,0.08023082188794126,0.0,0.0,0.0,0.0,1.6437679664924816,0.27,0.06
1254,0.07165693427279925,0.0,0.0,0.0,0.0,0.07165693427279925,0.0,1.6249108785259554,0.27,0.06
1255,0.0286078289614885,0.0,0.0,0.0,0.0,0.0286078289614885,0.0,1.6173825024834585,0.27,0.06
1256,0.035287898564173,0.0,0.0,0.0,0.0,0.035287898564173,0.0,1.6080962133876233,0.27,0.06
1257,0.021197077781465876,0.0,0.0,0.0,0.0,0.021197077781465876,0.0,1.6025180350240797,0.27,0.06
1258,0.03036741883572175,0.0,0.0,0.0,0.0,0.03036741883572175,0.0,1.5945266090146795,0.27,0.06
1259,0.022360214216585374,0.0,0.0,3.469446951953614e-18,0.0,0.022360214216585378,0.0,1.588642342115578,0.27,0.06
1260,0.0298827351303825,0.0,0.0,0.0,0.0,0.0298827351303825,0.0,1.5807784644496878,0.27,0.06
1261,0.03247850885402125,0.0,0.0,6.938893903907228e-18,0.0,0.03247850885402126,0.0,1.5722314884354718,0.27,0.06
1262,0.03724595805912725,0.0,0.03724595805912756,0.0,0.0,0.0,0.0,1.5722314884354718,0.27,0.06
1263,0.075778312633611,0.0,0.075778312633611,0.0,0.0,0.0,0.0,1.5722314884354718,0.27,0.06
1264,0.0791131245501975,0.0,0.0791131245501975,0.0,0.0,0.0,0.0,1.5722314884354718,0.27,0.06
1265,0.038584583422042,0.0,0.038584583422042,0.0,0.0,0.0,0.0,1.5722314884354718,0.27,0.06
1266,0.02603869195010425,0.0,0.02603869195010425,0.0,0.0,0.0,0.0,1.5722314884354718,0.27,0.06
1267,0.02722480907814925,0.0,0.0,0.0,0.0,0.02722480907814925,0.0,1.5650670649938536,0.27,0.06
1268,0.020764100635209,0.0,0.0,0.0,0.0,0.020764100635209,0.0,1.559602827984588,0.27,0.06
1269,0.0293849942131535,0.0,0.0,0.0,0.0,0.0293849942131535,0.0,1.5518699347706002,0.27,0.06
1270,0.03273181876467825,0.0,0.0,0.0,0.0,0.03273181876467825,0.0,1.5432562982535798,0.27,0.06
1271,0.02096674856373455,0.0,0.0,0.0,0.0,0.02096674856373455,0.0,1.5377387328420706,0.27,0.06
1272,0.027871402210919,0.0,0.0,6.938893903907228e-18,0.0,0.027871402210919008,0.0,1.5304041533128814,0.27,0.06
1273,0.0421998642500155,0.0,0.0,0.0,0.0,0.0421998642500155,0.0,1.5192989258786667,0.27,0.06
1274,0.08047420831756225,0.0,0.0,0.0,0.0,0.08047420831756225,0.0,1.498121502637203,0.27,0.06
1275,0.0799425186494205,0.0,0.0799425186494205,0.0,0.0,0.0,0.0,1.498121502637203,0.27,0.06
1276,0.03779853926629225,0.0,0.03779853926629225,0.0,0.0,0.0,0.0,1.498121502637203,0.27,0.06
1277,0.02125923011006005,0.0,0.02125923011006005,0.0,0.0,0.0,0.0,1.498121502637203,0.27,0.06
1278,0.02966702998996725,0.0,0.02966702998996725,0.0,0.0,0.0,0.0,1.498121502637203,0.27,0.06
1279,0.03013813419494175,0.0,0.03013813419494175,0.0,0.0,0.0,0.0,1.498121502637203,0.27,0.06
1280,0.1556445771655965,0.0,0.1556445771655965,0.0,0.0,0.0,0.0,1.498121502637203,0.27,0.06
1281,0.0961439071619515,0.0,0.0961439071619515,0.0,0.0,0.0,0.0,1.498121502637203,0.27,0.06
1282,0.0910286138321085,0.0,0.0910286138321085,0.0,0.0,-0.0,0.0,1.498121502637203,0.27,0.06
1283,0.09444490275088575,0.09381037262057165,0.0,0.0,0.0,0.000634530130314101,0.0,1.4979545210239624,0.27,0.06
1284,0.104744953777824,0.104744953777824,0.0,0.0,0.0,0.0,0.0,1.4979545210239624,0.27,0.06
1285,0.09018198421319125,0.09018198421319125,0.0,0.0,0.0,0.0,0.0,1.4979545210239624,0.27,0.06
1286,0.09704485478232926,0.08771690364900307,0.0,0.0,0.0,0.009327951133326184,0.0,1.495499797041508,0.27,0.06
1287,0.067032069821527,0.067032069821527,0.0,0.0,0.0,0.0,0.0,1.495499797041508,0.27,0.06
1288,0.0,0.0,0.0,0.0,-0.0,0.0,0.0,1.495499797041508,0.27,0.06
1289,0.10842708753067175,0.10842708753067176,-0.0,0.0,0.0,0.0,0.0,1.495499797041508,0.27,0.06
1290,0.17374187284448775,0.17374187284448775,-0.0,0.0,0.0,0.0,0.0,1.495499797041508,0.27,0.06
1291,0.1169466571443535,0.1169466571443535,0.0,0.0,0.0,0.0,0.0,1.495499797041508,0.27,0.06
1292,0.11006811792094826,0.11006811792094826,0.0,0.0,0.0,0.0,0.0,1.495499797041508,0.27,0.06
1293,0.1143399153627275,1.3458821834038919,0.0,0.0,1.2315422680411643,0.0,0.0,1.7879910857012846,0.27,0.06
1294,0.0911769437591735,0.0911769437591735,0.0,0.0,0.0,0.0,0.0,1.7879910857012846,0.27,0.06
1295,0.045550867109345,0.045550867109345,0.0,0.0,0.0,0.0,0.0,1.7879910857012846,0.27,0.06
1296,0.10777161549381725,0.10777161549381725,0.0,0.0,0.0,0.0,0.0,1.7879910857012846,0.27,0.06
1297,0.16267249089301825,0.16267249089301825,0.0,0.0,0.0,0.0,0.0,1.7879910857012846,0.27,0.06
1298,0.2381860032695095,0.2381860032695095,0.0,0.0,0.0,0.0,0.0,1.7879910857012846,0.27,0.06
1299,0.171912818603002,0.171912818603002,0.0,0.0,0.0,0.0,0.0,1.7879910857012846,0.27,0.06
1300,0.19667921582659026,0.19667921582659026,0.0,0.0,0.0,0.0,0.0,1.7879910857012846,0.27,0.06
1301,0.12066639566744325,0.12066639566744325,0.0,0.0,0.0,0.0,0.0,1.7879910857012846,0.27,0.06
1302,0.067983679424036,0.067983679424036,0.0,0.0,0.0,0.0,0.0,1.7879910857012846,0.27,0.06
1303,0.07820590946811275,0.07820590946811275,0.0,0.0,0.0,0.0,0.0,1.7879910857012846,0.27,0.06
1304,0.15509930799708976,0.15509930799708976,0.0,0.0,0.0,0.0,0.0,1.7879910857012846,0.27,0.06
1305,0.3180997960527725,0.3180997960527725,0.0,0.0,0.0,0.0,0.0,1.7879910857012846,0.27,0.06
1306,0.3755238470775075,0.3755238470775075,0.0,0.0,0.0,0.0,0.0,1.7879910857012846,0.27,0.06
1307,0.3306509104094675,0.3306509104094675,0.0,0.0,0.0,0.0,0.0,1.7879910857012846,0.27,0.06
1308,0.171976537797023,0.34008728200720795,0.0,0.0,0.16811074421018496,0.0,0.0,1.8279173874512036,0.27,0.06
1309,0.140017705976205,0.140017705976205,0.0,0.0,0.0,0.0,0.0,1.8279173874512036,0.27,0.06
1310,0.168975468216333,0.168975468216333,0.0,0.0,0.0,0.0,0.0,1.8279173874512036,0.27,0.06
1311,0.1450525668808085,0.1450525668808085,0.0,0.0,0.0,0.0,0.0,1.8279173874512036,0.27,0.06
1312,0.10061521880140276,0.10061521880140276,0.0,0.0,0.0,0.0,0.0,1.8279173874512036,0.27,0.06
1313,0.0985187528604195,0.0985187528604195,-0.0,0.0,0.0,0.0,0.0,1.8279173874512036,0.27,0.06
1314,0.11733994036646625,0.11733994036646625,-0.0,0.0,0.0,0.0,0.0,1.8279173874512036,0.27,0.06
1315,0.110395070506662,0.11039507050666186,-0.0,0.0,0.0,0.0,0.0,1.8279173874512036,0.27,0.06
1316,0.091207758779233,0.091207758779233,-0.0,0.0,0.0,0.0,0.0,1.8279173874512036,0.27,0.06
1317,0.089065853740874,0.08906585374087417,-0.0,0.0,0.0,0.0,0.0,1.8279173874512036,0.27,0.06
1318,0.128709638191395,0.0,0.0,0.0,0.0,0.128709638191395,0.0,1.7940464300324155,0.27,0.06
1319,0.123912418543181,0.0,0.0,0.0,0.0,0.123912418543181,0.0,1.7614378988368415,0.27,0.06
1320,0.148231214543196,0.0,0.0,0.0,0.0,0.148231214543196,0.0,1.7224296844833689,0.27,0.06
1321,0.17039139227363376,0.0,0.0,0.0,0.0,0.17039139227363376,0.0,1.67758984441136,0.27,0.06
1322,0.24825729194414325,0.0,0.0,0.0,0.0,0.24825729194414325,0.0,1.6122589781102696,0.27,0.06
1323,0.14680588929333474,0.0,0.0,0.0,0.0,0.14680588929333474,0.0,1.5736258493488657,0.27,0.06
1324,0.18986961868196175,0.0,0.0,0.0,0.0,0.18986961868196175,0.0,1.5236601602220337,0.27,0.06
1325,0.1879778898234065,0.0,0.0,0.0,0.0,0.1879778898234065,0.0,1.474192294479032,0.27,0.06
1326,0.23401082919571276,0.0,0.23401082919571276,0.0,0.0,0.0,0.0,1.474192294479032,0.27,0.06
1327,0.22277327035510625,0.0,0.22277327035510625,0.0,0.0,0.0,0.0,1.474192294479032,0.27,0.06
1328,0.1488866865800505,0.0,0.1488866865800505,0.0,0.0,0.0,0.0,1.474192294479032,0.27,0.06
1329,0.19418476606721424,0.0,0.19418476606721424,0.0,0.0,0.0,0.0,1.474192294479032,0.27,0.06
1330,0.2880029226474025,0.0,0.28800292264740257,0.0,0.0,0.0,0.0,1.474192294479032,0.27,0.06
1331,0.224827953218043,0.0,0.0,0.0,0.0,0.224827953218043,0.0,1.4150270436321786,0.27,0.06
1332,0.18779404428000174,0.0,0.18779404428000174,0.0,0.0,0.0,0.0,1.4150270436321786,0.27,0.06
1333,0.17734357417209626,0.0,0.0,0.0,0.0,0.17734357417209626,0.0,1.3683576820079426,0.27,0.06
1334,0.18058019585527324,0.0,0.0,0.0,0.0,0.18058019585527324,0.0,1.3208365778355025,0.27,0.06
1335,0.405945061626215,0.0,0.405945061626215,0.0,0.0,0.0,0.0,1.3208365778355025,0.27,0.06
1336,0.17232229276785774,0.0,0.17232229276785774,0.0,0.0,0.0,0.0,1.3208365778355025,0.27,0.06
1337,0.281041861844855,0.0,0.281041861844855,0.0,0.0,0.0,0.0,1.3208365778355025,0.27,0.06
1338,0.2395507430562035,0.0,0.2395507430562035,0.0,0.0,0.0,0.0,1.3208365778355025,0.27,0.06
1339,0.2540834198892525,0.0,0.2540834198892525,0.0,0.0,0.0,0.0,1.3208365778355025,0.27,0.06
1340,0.2037264542276085,0.0,0.2037264542276085,0.0,0.0,0.0,0.0,1.3208365778355025,0.27,0.06
1341,0.46528852279871,0.0,0.46528852279871,0.0,0.0,0.0,0.0,1.3208365778355025,0.27,0.06
1342,0.196551255150073,0.0,0.196551255150073,0.0,0.0,0.0,0.0,1.3208365778355025,0.27,0.06
1343,0.1393873037861785,0.0,0.0,0.0,0.0,0.1393873037861785,0.0,1.284155708418087,0.27,0.06
1344,0.14550121268133276,0.0,0.14550121268133276,0.0,0.0,0.0,0.0,1.284155708418087,0.27,0.06
1345,0.09346508957069526,0.0,0.0,0.0,0.0,0.09346508957069526,0.0,1.2595596322152727,0.27,0.06
1346,0.1050985430757925,0.0,0.0,0.0,0.0,0.1050985430757925,0.0,1.2319021208795378,0.27,0.06
1347,0.129500382943425,0.0,0.129500382943425,0.0,0.0,0.0,0.0,1.2319021208795378,0.27,0.06
1348,0.08917971262855075,0.0,0.0,-1.3877787807814457e-17,0.0,0.08917971262855073,0.0,1.2084337754509717,0.27,0.06
1349,0.04874309427209775,0.0,0.0,0.0,0.0,0.04874309427209775,0.0,1.195606645379367,0.27,0.06
1350,0.039776968011794,0.0,0.0,0.0,0.0,0.039776968011794,0.0,1.1851390222183686,0.27,0.06
1351,0.0456548025159855,0.0,0.0456548025159855,0.0,0.0,0.0,0.0,1.1851390222183686,0.27,0.06
1352,0.04341993012897325,0.0,0.04341993012897325,0.0,0.0,0.0,0.0,1.1851390222183686,0.27,0.06
1353,0.07899717650861825,0.0,0.07899717650861825,0.0,0.0,0.0,0.0,1.1851390222183686,0.27,0.06
1354,0.07909902276135675,0.0,0.07909902276135675,0.0,0.0,0.0,0.0,1.1851390222183686,0.27,0.06
1355,0.05994827122721825,0.0,0.05994827122721825,0.0,0.0,0.0,0.0,1.1851390222183686,0.27,0.06
1356,0.03527170762143,0.0,0.0,0.0,0.0,0.03527170762143,0.0,1.1758569938969397,0.27,0.06
1357,0.0289896218371385,0.0,0.0,-3.469446951953614e-18,0.0,0.028989621837138498,0.0,1.1682281460450612,0.27,0.06
1358,0.03784345607519225,0.0,0.0,0.0,0.0,0.03784345607519225,0.0,1.1582693418147474,0.27,0.06
1359,0.03049485722376375,0.0,0.0,0.0,0.0,0.03049485722376375,0.0,1.150244379387441,0.27,0.06
1360,0.030843745925452,0.0,0.0,0.0,0.0,0.030843745925452,0.0,1.1421276041439012,0.27,0.06
1361,0.0786576889994905,0.0,0.0786576889994905,0.0,0.0,0.0,0.0,1.1421276041439012,0.27,0.06
1362,0.082995294789193,0.0,0.082995294789193,0.0,0.0,0.0,0.0,1.1421276041439012,0.27,0.06
1363,0.0591919975145765,0.0,0.0,0.0,0.0,0.0591919975145765,0.0,1.126550762692697,0.27,0.06
1364,0.0324221016986585,0.0,0.03242210169865878,0.0,0.0,0.0,0.0,1.126550762692697,0.27,0.06
1365,0.029930785670136,0.0,0.029930785670136,0.0,0.0,0.0,0.0,1.126550762692697,0.27,0.06
1366,0.0381536954296875,0.0,0.0381536954296875,0.0,0.0,0.0,0.0,1.126550762692697,0.27,0.06
1367,0.0293949176941895,0.0,0.0293949176941895,0.0,0.0,0.0,0.0,1.126550762692697,0.27,0.06
1368,0.030500602396995,0.0,0.030500602396995,0.0,0.0,0.0,0.0,1.126550762692697,0.27,0.06
1369,0.03772907489903975,0.0,0.0,0.0,0.0,0.03772907489903975,0.0,1.116622058771897,0.27,0.06
1370,0.029243454036271,0.0,0.0,0.0,0.0,0.029243454036271,0.0,1.1089264129728784,0.27,0.06
1371,0.0756780332462995,0.0,0.0756780332462995,0.0,0.0,0.0,0.0,1.1089264129728784,0.27,0.06
1372,0.08830592400890325,0.0,0.08830592400890325,0.0,0.0,0.0,0.0,1.1089264129728784,0.27,0.06
1373,0.0620186227444225,0.0,0.0,0.0,0.0,0.0620186227444225,0.0,1.0926057227769777,0.27,0.06
1374,0.036048872873095,0.0,0.0,0.0,0.0,0.036048872873095,0.0,1.0831191772840578,0.27,0.06
1375,0.03155614740614475,0.0,0.0,0.0,0.0,0.03155614740614475,0.0,1.0748149279666515,0.27,0.06
1376,0.02949937538930575,0.0,0.02949937538930575,0.0,0.0,0.0,0.0,1.0748149279666515,0.27,0.06
1377,0.0371221756904145,0.037122175690414316,-0.0,0.0,0.0,0.0,0.0,1.0748149279666515,0.27,0.06
1378,0.03770609420611425,0.03770609420611404,-0.0,0.0,0.0,0.0,0.0,1.0748149279666515,0.27,0.06
1379,0.04278221590028875,0.04278221590028875,-0.0,0.0,0.0,0.0,0.0,1.0748149279666515,0.27,0.06
1380,0.0468550214328715,0.04685502143287135,-0.0,0.0,0.0,0.0,0.0,1.0748149279666515,0.27,0.06
1381,0.03997857136336825,0.03997857136336825,0.0,0.0,0.0,0.0,0.0,1.0748149279666515,0.27,0.06
1382,0.0665463415392365,0.0665463415392365,0.0,0.0,0.0,0.0,0.0,1.0748149279666515,0.27,0.06
1383,0.17843411250910976,0.17843411250910976,0.0,0.0,0.0,0.0,0.0,1.0748149279666515,0.27,0.06
1384,0.17958366944386425,0.17958366944386425,0.0,0.0,0.0,0.0,0.0,1.0748149279666515,0.27,0.06
1385,0.20720280632107724,0.20720280632107724,0.0,0.0,0.0,0.0,0.0,1.0748149279666515,0.27,0.06
1386,0.23354442558701874,-0.0,0.23354442558701874,0.0,0.0,0.0,0.0,1.0748149279666515,0.27,0.06
1387,0.20121529123701376,0.06150321675452519,0.13971207448248857,0.0,0.0,0.0,0.0,1.0748149279666515,0.27,0.06
1388,0.140802183266528,0.6087607478712678,0.0,0.0,0.4679585646047398,0.0,0.0,1.185955087060277,0.27,0.06
1389,0.124890142569469,0.124890142569469,0.0,0.0,0.0,0.0,0.0,1.185955087060277,0.27,0.06
1390,0.19077474461014424,0.19077474461014424,0.0,0.0,0.0,0.0,0.0,1.185955087060277,0.27,0.06
1391,0.3110734491907775,0.3110734491907774,-0.0,0.0,0.0,0.0,0.0,1.185955087060277,0.27,0.06
1392,0.4202881477426275,0.4202881477426275,0.0,0.0,0.0,0.0,0.0,1.185955087060277,0.27,0.06
1393,0.403992225016015,0.4039922250160153,-0.0,0.0,0.0,0.0,0.0,1.185955087060277,0.27,0.06
1394,0.28314877355535,0.28314877355535,0.0,0.0,0.0,0.0,0.0,1.185955087060277,0.27,0.06
1395,0.20145919995511025,0.20145919995511025,0.0,0.0,0.0,0.0,0.0,1.185955087060277,0.27,0.06
1396,0.19015008759334875,0.19015008759334875,0.0,0.0,0.0,0.0,0.0,1.185955087060277,0.27,0.06
1397,0.13973410333396424,0.13973410333396424,0.0,0.0,0.0,0.0,0.0,1.185955087060277,0.27,0.06
1398,0.2060751855022975,0.2060751855022975,0.0,0.0,0.0,0.0,0.0,1.185955087060277,0.27,0.06
1399,0.186787072099081,0.186787072099081,0.0,0.0,0.0,0.0,0.0,1.185955087060277,0.27,0.06
1400,0.1465431781901175,0.1465431781901175,0.0,0.0,0.0,0.0,0.0,1.185955087060277,0.27,0.06
1401,0.1433363269500485,0.1433363269500485,0.0,0.0,0.0,0.0,0.0,1.185955087060277,0.27,0.06
1402,0.11522728348274,0.11522728348274036,-0.0,0.0,0.0,0.0,0.0,1.185955087060277,0.27,0.06
1403,0.087454593793706,0.0874545937937059,-0.0,0.0,0.0,0.0,0.0,1.185955087060277,0.27,0.06
1404,0.12248448185094175,0.12248448185094175,-0.0,0.0,0.0,0.0,0.0,1.185955087060277,0.27,0.06
1405,0.3205874560619675,0.3205874560619675,-0.0,0.0,0.0,0.0,0.0,1.185955087060277,0.27,0.06
1406,0.285538243331135,0.28553824333113464,-0.0,0.0,0.0,0.0,0.0,1.185955087060277,0.27,0.06
1407,0.160029711206577,0.160029711206577,0.0,0.0,0.0,0.0,0.0,1.185955087060277,0.27,0.06
1408,0.152245001478038,0.152245001478038,0.0,0.0,0.0,0.0,0.0,1.185955087060277,0.27,0.06
1409,0.2103809316949895,0.2103809316949894,-0.0,0.0,0.0,0.0,0.0,1.185955087060277,0.27,0.06
1410,0.340286610495465,0.34028661049546516,-0.0,0.0,0.0,0.0,0.0,1.185955087060277,0.27,0.06
1411,0.11183240839146175,0.11183240839146175,0.0,0.0,0.0,0.0,0.0,1.185955087060277,0.27,0.06
1412,0.1064967093249235,0.1064967093249235,0.0,0.0,0.0,0.0,0.0,1.185955087060277,0.27,0.06
1413,0.1712897284516335,0.1712897284516335,0.0,0.0,0.0,0.0,0.0,1.185955087060277,0.27,0.06
1414,0.161444068398451,0.0,0.16144406839845082,0.0,0.0,0.0,0.0,1.185955087060277,0.27,0.06
1415,0.2156931277801265,0.0,0.2156931277801265,0.0,0.0,0.0,0.0,1.185955087060277,0.27,0.06
1416,0.21478225667871276,0.0,0.21478225667871276,0.0,0.0,0.0,0.0,1.185955087060277,0.27,0.06
1417,0.43319859657052,0.0,0.43319859657052,0.0,0.0,0.0,0.0,1.185955087060277,0.27,0.06
1418,0.426882562035315,0.0,0.426882562035315,0.0,0.0,0.0,0.0,1.185955087060277,0.27,0.06
1419,0.2870826503534275,0.0,0.2870826503534275,0.0,0.0,0.0,0.0,1.185955087060277,0.27,0.06
1420,0.252104468855275,0.0,0.252104468855275,0.0,0.0,0.0,0.0,1.185955087060277,0.27,0.06
1421,0.28442420201272,0.0,0.28442420201272,0.0,0.0,0.0,0.0,1.185955087060277,0.27,0.06
1422,0.2989150957677225,0.0,0.2989150957677225,0.0,0.0,0.0,0.0,1.185955087060277,0.27,0.06
1423,0.3024468104396025,0.0,0.3024468104396025,0.0,0.0,0.0,0.0,1.185955087060277,0.27,0.06
1424,0.277365995553715,0.0,0.277365995553715,0.0,0.0,0.0,0.0,1.185955087060277,0.27,0.06
1425,0.19511078353441974,0.0,0.19511078353441974,0.0,0.0,0.0,0.0,1.185955087060277,0.27,0.06
1426,0.20625119671856826,0.0,0.20625119671856826,0.0,0.0,0.0,0.0,1.185955087060277,0.27,0.06
1427,0.22781909931769675,0.0,0.2278190993176965,0.0,0.0,0.0,0.0,1.185955087060277,0.27,0.06
1428,0.416410155811435,0.0,0.416410155811435,0.0,0.0,0.0,0.0,1.185955087060277,0.27,0.06
1429,0.39918926019457,0.0,0.39918926019457,0.0,0.0,0.0,0.0,1.185955087060277,0.27,0.06
1430,0.34244313961114,0.0,0.34244313961114,0.0,0.0,0.0,0.0,1.185955087060277,0.27,0.06
1431,0.2882510096733025,0.0,0.2882510096733025,0.0,0.0,0.0,0.0,1.185955087060277,0.27,0.06
1432,0.22908669344793275,0.0,0.22908669344793275,0.0,0.0,0.0,0.0,1.185955087060277,0.27,0.06
1433,0.219728850830943,0.0,0.219728850830943,0.0,0.0,0.0,0.0,1.185955087060277,0.27,0.06
1434,0.4385196715597425,0.0,0.4385196715597425,0.0,0.0,0.0,0.0,1.185955087060277,0.27,0.06
1435,0.5716562268701625,0.0,0.5716562268701625,0.0,0.0,0.0,0.0,1.185955087060277,0.27,0.06
1436,0.3928512895433925,0.0,0.3928512895433925,0.0,0.0,0.0,0.0,1.185955087060277,0.27,0.06
1437,0.1882484352537575,0.0,0.1882484352537575,0.0,0.0,0.0,0.0,1.185955087060277,0.27,0.06
1438,0.152225154515966,0.0,0.152225154515966,0.0,0.0,0.0,0.0,1.185955087060277,0.27,0.06
1439,0.098245073699215,0.0,0.098245073699215,0.0,0.0,0.0,0.0,1.185955087060277,0.27,0.06
1440,0.08539103202668424,0.0,0.08539103202668424,0.0,0.0,0.0,0.0,1.185955087060277,0.27,0.06
1441,0.03554381991720775,0.0,0.03554381991720775,0.0,0.0,0.0,0.0,1.185955087060277,0.27,0.06
1442,0.022352902177927226,0.0,0.022352902177927226,0.0,0.0,0.0,0.0,1.185955087060277,0.27,0.06
1443,0.023159315584224724,0.0,0.023159315584224724,0.0,0.0,0.0,0.0,1.185955087060277,0.27,0.06
1444,0.02788863773061325,0.0,0.02788863773061312,0.0,0.0,0.0,0.0,1.185955087060277,0.27,0.06
1445,0.02060428036168115,0.0,0.0,0.0,0.0,0.02060428036168115,0.0,1.1805329080177294,0.27,0.06
1446,0.0748757981478065,0.0,0.0748757981478065,0.0,0.0,0.0,0.0,1.1805329080177294,0.27,0.06
1447,0.07248685066049775,0.0,0.07248685066049775,0.0,0.0,0.0,0.0,1.1805329080177294,0.27,0.06
1448,0.07146473211378525,0.0,0.07146473211378525,0.0,0.0,0.0,0.0,1.1805329080177294,0.27,0.06
1449,0.03432845463453025,0.0,0.0,0.0,0.0,0.03432845463453025,0.0,1.1714991041665372,0.27,0.06
1450,0.019687664087036,0.0,0.0,0.0,0.0,0.019687664087036,0.0,1.1663181399331066,0.27,0.06
1451,0.02734598000448425,0.0,0.0,0.0,0.0,0.02734598000448425,0.0,1.1591218294056107,0.27,0.06
1452,0.024412285637144177,0.0,0.024412285637144177,0.0,0.0,0.0,0.0,1.1591218294056107,0.27,0.06
1453,0.0199529866326313,0.0,0.0199529866326313,0.0,0.0,0.0,0.0,1.1591218294056107,0.27,0.06
1454,0.0303940555479765,0.0,0.0303940555479765,0.0,0.0,0.0,0.0,1.1591218294056107,0.27,0.06
1455,0.02039223124059515,0.0,0.02039223124059515,0.0,0.0,0.0,0.0,1.1591218294056107,0.27,0.06
1456,0.0361402733563215,0.0,0.036140273356321195,0.0,0.0,0.0,0.0,1.1591218294056107,0.27,0.06
1457,0.07632932697534925,0.0,0.07632932697534925,0.0,0.0,0.0,0.0,1.1591218294056107,0.27,0.06
1458,0.06886112406301274,0.0,0.06886112406301274,0.0,0.0,0.0,0.0,1.1591218294056107,0.27,0.06
1459,0.03925102351688375,0.0,0.03925102351688375,0.0,0.0,0.0,0.0,1.1591218294056107,0.27,0.06
1460,0.020491466050955576,0.0,0.0,0.0,0.0,0.020491466050955576,0.0,1.1537293383395697,0.27,0.06
1461,0.02192880393575525,0.0,0.0,0.0,0.0,0.02192880393575525,0.0,1.1479586004617395,0.27,0.06
1462,0.02829393358766425,0.0,0.0,0.0,0.0,0.02829393358766425,0.0,1.1405128284649857,0.27,0.06
1463,0.019342431404676775,0.0,0.0,0.0,0.0,0.019342431404676775,0.0,1.1354227149374392,0.27,0.06
1464,0.0261718755113775,0.0,0.0,0.0,0.0,0.0261718755113775,0.0,1.1285353792765505,0.27,0.06
1465,0.02414852995697565,0.0,0.02414852995697565,0.0,0.0,0.0,0.0,1.1285353792765505,0.27,0.06
1466,0.019905980669828974,0.0,0.019905980669828974,0.0,0.0,0.0,0.0,1.1285353792765505,0.27,0.06
1467,0.07259653124037,0.0,0.07259653124037,0.0,0.0,0.0,0.0,1.1285353792765505,0.27,0.06
1468,0.0694001257698125,0.0,0.0694001257698125,0.0,0.0,0.0,0.0,1.1285353792765505,0.27,0.06
1469,0.070694356612303,0.0,0.070694356612303,0.0,0.0,0.0,0.0,1.1285353792765505,0.27,0.06
1470,0.0643172143254555,0.0,0.0643172143254555,0.0,0.0,0.0,0.0,1.1285353792765505,0.27,0.06
1471,0.03280859517058875,0.0,0.0,0.0,0.0,0.03280859517058875,0.0,1.119901538442185,0.27,0.06
1472,0.21080764137953925,0.0,0.21080764137953925,0.0,0.0,0.0,0.0,1.119901538442185,0.27,0.06
1473,0.29664105174504,0.0,0.29664105174504,0.0,0.0,0.0,0.0,1.119901538442185,0.27,0.06
1474,0.21063058558631725,0.0,0.21063058558631725,0.0,0.0,0.0,0.0,1.119901538442185,0.27,0.06
1475,0.16964608661897926,0.0,0.16964608661897926,0.0,0.0,0.0,0.0,1.119901538442185,0.27,0.06
1476,0.140451727699413,0.012448844585107394,0.1280028831143056,0.0,0.0,0.0,0.0,1.119901538442185,0.27,0.06
1477,0.15602741461819775,0.0,0.15602741461819775,0.0,0.0,0.0,0.0,1.119901538442185,0.27,0.06
1478,0.1560838217735605,-0.0,0.1560838217735605,0.0,0.0,0.0,0.0,1.119901538442185,0.27,0.06
1479,0.270641531430605,0.04088759876540676,0.22975393266519822,0.0,0.0,0.0,0.0,1.119901538442185,0.27,0.06
1480,0.309865918235235,0.08969531296363123,0.2201706052716038,0.0,0.0,0.0,0.0,1.119901538442185,0.27,0.06
1481,0.09442923409661826,0.09442923409661826,-0.0,0.0,0.0,0.0,0.0,1.119901538442185,0.27,0.06
1482,0.19187207269734025,0.19187207269734025,0.0,0.0,0.0,0.0,0.0,1.119901538442185,0.27,0.06
1483,0.22242594851884476,0.22242594851884476,0.0,0.0,0.0,0.0,0.0,1.119901538442185,0.27,0.06
1484,0.15294852405464626,0.15294852405464626,0.0,0.0,0.0,0.0,0.0,1.119901538442185,0.27,0.06
1485,0.05793432686537675,0.05793432686537675,0.0,0.0,0.0,0.0,0.0,1.119901538442185,0.27,0.06
1486,0.03903636295341975,0.03903636295341975,0.0,0.0,0.0,0.0,0.0,1.119901538442185,0.27,0.06
1487,0.06213300392057475,0.06213300392057475,0.0,0.0,0.0,0.0,0.0,1.119901538442185,0.27,0.06
1488,0.0942542674572985,0.0942542674572985,0.0,0.0,0.0,0.0,0.0,1.119901538442185,0.27,0.06
1489,0.12078077684359576,0.12078077684359576,0.0,0.0,0.0,0.0,0.0,1.119901538442185,0.27,0.06
1490,0.2294261809570605,0.22942618095706013,-0.0,0.0,0.0,0.0,0.0,1.119901538442185,0.27,0.06
1491,0.19888484005897,0.19888484005896956,-0.0,0.0,0.0,0.0,0.0,1.119901538442185,0.27,0.06
1492,0.1379102719772345,0.1379102719772345,-0.0,0.0,0.0,0.0,0.0,1.119901538442185,0.27,0.06
1493,0.2660302464796975,0.2660302464796975,0.0,0.0,0.0,0.0,0.0,1.119901538442185,0.27,0.06
1494,0.1104206626419655,0.1104206626419657,-0.0,0.0,0.0,0.0,0.0,1.119901538442185,0.27,0.06
1495,0.04571643255610425,0.04571643255610425,0.0,0.0,0.0,0.0,0.0,1.119901538442185,0.27,0.06
1496,0.0345551278329325,0.0345551278329325,0.0,0.0,0.0,0.0,0.0,1.119901538442185,0.27,0.06
1497,0.03854123347856875,0.03854123347856875,0.0,0.0,0.0,0.0,0.0,1.119901538442185,0.27,0.06
1498,0.202367459614146,0.202367459614146,0.0,0.0,0.0,0.0,0.0,1.119901538442185,0.27,0.06
1499,0.35699461882931,0.35699461882931,0.0,0.0,0.0,0.0,0.0,1.119901538442185,0.27,0.06
1500,0.4092584597153025,0.4092584597153025,0.0,0.0,0.0,0.0,0.0,1.119901538442185,0.27,0.06
1501,0.13176815950439874,0.13176815950439874,0.0,0.0,0.0,0.0,0.0,1.119901538442185,0.27,0.06
1502,0.0685383497851035,0.0685383497851035,0.0,0.0,0.0,0.0,0.0,1.119901538442185,0.27,0.06
1503,0.07470918812409626,0.07470918812409633,-0.0,0.0,0.0,0.0,0.0,1.119901538442185,0.27,0.06
1504,0.07358940163245,0.07358940163245,-0.0,0.0,0.0,0.0,0.0,1.119901538442185,0.27,0.06
1505,0.05548427162642525,0.05548427162642525,-0.0,0.0,0.0,0.0,0.0,1.119901538442185,0.27,0.06
1506,0.019462557754060476,0.019462557754060476,-0.0,0.0,0.0,0.0,0.0,1.119901538442185,0.27,0.06
1507,0.021714665660766925,0.02171466566076674,-0.0,0.0,0.0,0.0,0.0,1.119901538442185,0.27,0.06
1508,0.0675042186034525,0.0675042186034525,0.0,0.0,0.0,0.0,0.0,1.119901538442185,0.27,0.06
1509,0.24783423827892226,0.2474110022453787,0.0,0.0,0.0,0.00042323603354355033,0.0,1.119790160538621,0.27,0.06
1510,0.2689681191548425,0.0,0.2689681191548425,0.0,0.0,0.0,0.0,1.119790160538621,0.27,0.06
1511,0.19305714524843426,0.0,0.19305714524843426,0.0,0.0,0.0,0.0,1.119790160538621,0.27,0.06
1512,0.19610365392649975,0.0,0.19610365392649975,0.0,0.0,0.0,0.0,1.119790160538621,0.27,0.06
1513,0.16210162958920776,0.0,0.16210162958920776,0.0,0.0,0.0,0.0,1.119790160538621,0.27,0.06
1514,0.3118939643859175,0.0,0.3118939643859175,0.0,0.0,0.0,0.0,1.119790160538621,0.27,0.06
1515,0.335321213958115,0.0,0.335321213958115,0.0,0.0,0.0,0.0,1.119790160538621,0.27,0.06
1516,0.41156697477737,0.0,0.41156697477737,0.0,0.0,0.0,0.0,1.119790160538621,0.27,0.06
1517,0.296820196692165,0.0,0.296820196692165,0.0,0.0,0.0,0.0,1.119790160538621,0.27,0.06
1518,0.207717260469525,0.0,0.207717260469525,0.0,0.0,0.0,0.0,1.119790160538621,0.27,0.06
1519,0.183103893769282,0.0,0.183103893769282,0.0,0.0,0.0,0.0,1.119790160538621,0.27,0.06
1520,0.17490239783722925,0.0,0.17490239783722925,0.0,0.0,0.0,0.0,1.119790160538621,0.27,0.06
1521,0.18458771532840826,0.0,0.18458771532840826,0.0,0.0,0.0,0.0,1.119790160538621,0.27,0.06
1522,0.16487289224064225,0.0,0.16487289224064225,0.0,0.0,0.0,0.0,1.119790160538621,0.27,0.06
1523,0.163509719319375,0.0,0.163509719319375,0.0,0.0,0.0,0.0,1.119790160538621,0.27,0.06
1524,0.2368040279631215,0.0,0.2368040279631215,0.0,0.0,0.0,0.0,1.119790160538621,0.27,0.06
1525,0.3058829463204525,0.0,0.3058829463204525,0.0,0.0,0.0,0.0,1.119790160538621,0.27,0.06
1526,0.296446760432125,0.0,0.296446760432125,0.0,0.0,0.0,0.0,1.119790160538621,0.27,0.06
1527,0.377165922044735,0.0,0.377165922044735,0.0,0.0,0.0,0.0,1.119790160538621,0.27,0.06
1528,0.37999254727458,0.0,0.37999254727458,0.0,0.0,0.0,0.0,1.119790160538621,0.27,0.06
1529,0.21952515832546626,0.0,0.21952515832546649,0.0,0.0,0.0,0.0,1.119790160538621,0.27,0.06
1530,0.13890679838864375,0.0,0.13890679838864375,0.0,0.0,0.0,0.0,1.119790160538621,0.27,0.06
1531,0.21487835775821976,0.0,0.21487835775821976,0.0,0.0,0.0,0.0,1.119790160538621,0.27,0.06
1532,0.294520038245705,0.0,0.29452003824570516,0.0,0.0,0.0,0.0,1.119790160538621,0.27,0.06
1533,0.1868126642343845,0.0,0.1868126642343845,0.0,0.0,0.0,0.0,1.119790160538621,0.27,0.06
1534,0.1553714202928675,0.0,0.1553714202928675,0.0,0.0,0.0,0.0,1.119790160538621,0.27,0.06
1535,0.16229644319059974,0.0,0.16229644319059974,0.0,0.0,0.0,0.0,1.119790160538621,0.27,0.06
1536,0.1465280318243255,0.0,0.1465280318243255,0.0,0.0,0.0,0.0,1.119790160538621,0.27,0.06
1537,0.07625150599248776,0.0,0.07625150599248776,0.0,0.0,0.0,0.0,1.119790160538621,0.27,0.06
1538,0.03707308057370975,0.0,0.03707308057370975,0.0,0.0,0.0,0.0,1.119790160538621,0.27,0.06
1539,0.0381160906594455,0.0,0.0,0.0,0.0,0.0381160906594455,0.0,1.1097596103650826,0.27,0.06
1540,0.03207686901629925,0.0,0.0,0.0,0.0,0.03207686901629925,0.0,1.101318329045004,0.27,0.06
1541,0.05334236658806625,0.0,0.05334236658806625,0.0,0.0,0.0,0.0,1.101318329045004,0.27,0.06
1542,0.0393497360387685,0.0,0.0393497360387685,0.0,0.0,0.0,0.0,1.1013183290450037,0.27,0.06
1543,0.0317373815071715,0.0,0.0317373815071715,0.0,0.0,0.0,0.0,1.1013183290450037,0.27,0.06
1544,0.03452535738982425,0.0,0.034525357389824575,0.0,0.0,0.0,0.0,1.1013183290450037,0.27,0.06
1545,0.05299870077113375,0.0,0.05299870077113375,0.0,0.0,0.0,0.0,1.1013183290450037,0.27,0.06
1546,0.04302090173362925,0.0,0.0,-6.938893903907228e-18,0.0,0.04302090173362924,0.0,1.0899970391151013,0.27,0.06
1547,0.03350950630481875,0.0,0.0,0.0,0.0,0.03350950630481875,0.0,1.0811787479822543,0.27,0.06
1548,0.04023083669707425,0.0,0.04023083669707425,0.0,0.0,0.0,0.0,1.0811787479822543,0.27,0.06
1549,0.028964029701835,0.0,0.0,0.0,0.0,0.028964029701835,0.0,1.073556634902824,0.27,0.06
1550,0.03889116675720825,0.0,0.03889116675720825,0.0,0.0,0.0,0.0,1.073556634902824,0.27,0.06
1551,0.044979483517059,0.0,0.0,0.0,0.0,0.044979483517059,0.0,1.0617199287141244,0.27,0.06
1552,0.02951817777442675,0.0,0.0,0.0,0.0,0.02951817777442675,0.0,1.0539519871945382,0.27,0.06
1553,0.0296931444137465,0.0,0.0,0.0,0.0,0.0296931444137465,0.0,1.0461380018224997,0.27,0.06
1554,0.0462674468978425,0.0,0.0462674468978425,0.0,0.0,0.0,0.0,1.0461380018224997,0.27,0.06
1555,0.03884363850593025,0.0,0.03884363850593025,0.0,0.0,0.0,0.0,1.0461380018224997,0.27,0.06
1556,0.0291081813210955,0.0,0.0291081813210955,0.0,0.0,0.0,0.0,1.0461380018224997,0.27,0.06
1557,0.03744286081442125,0.0,0.03744286081442125,0.0,0.0,0.0,0.0,1.0461380018224997,0.27,0.06
1558,0.031971366744232,0.0,0.031971366744231844,0.0,0.0,0.0,0.0,1.0461380018224997,0.27,0.06
1559,0.0438252259860245,0.0,0.0438252259860245,0.0,0.0,0.0,0.0,1.0461380018224997,0.27,0.06
1560,0.03731333327247725,0.0,0.0,0.0,0.0,0.03731333327247725,0.0,1.0363187035929005,0.27,0.06
1561,0.0332353048551385,0.0,0.0,0.0,0.0,0.0332353048551385,0.0,1.027572570736285,0.27,0.06
1562,0.0288872532959245,0.0,0.0,0.0,0.0,0.0288872532959245,0.0,1.0199706619741997,0.27,0.06
1563,0.03440523104044075,0.0,0.0,0.0,0.0,0.03440523104044075,0.0,1.0109166538056626,0.27,0.06
1564,0.04882457127428825,0.0,0.04882457127428825,0.0,0.0,0.0,0.0,1.0109166538056626,0.27,0.06
1565,0.0292053269775535,0.0,0.0292053269775535,0.0,0.0,0.0,0.0,1.0109166538056626,0.27,0.06
1566,0.041483284461518,0.0,0.0,0.0,0.0,0.041483284461518,0.0,1.0,0.27,0.06
1567,0.06536335814204475,0.0,0.06536335814204475,0.0,0.0,0.0,0.0,1.0,0.27,0.06
1568,0.246549930917468,0.0,0.246549930917468,0.0,0.0,0.0,0.0,1.0,0.27,0.06
1569,0.4928225266544025,0.0,0.4928225266544025,0.0,0.0,0.0,0.0,1.0,0.27,0.06
1570,0.2859132464566025,0.0,0.2859132464566025,0.0,0.0,0.0,0.0,1.0,0.27,0.06
1571,0.1564306213213465,0.0,0.1564306213213465,0.0,0.0,0.0,0.0,1.0,0.27,0.06
1572,0.13645935459206976,0.0,0.13645935459206976,0.0,0.0,0.0,0.0,1.0,0.27,0.06
1573,0.15053032841270475,0.15053032841270475,0.0,0.0,0.0,0.0,0.0,1.0,0.27,0.06
1574,0.10087845219309576,0.10087845219309576,0.0,0.0,0.0,0.0,0.0,1.0,0.27,0.06
1575,0.05614914485584,0.05614914485584,0.0,0.0,0.0,0.0,0.0,1.0,0.27,0.06
1576,0.04545998891459375,0.04545998891459375,0.0,0.0,0.0,0.0,0.0,1.0,0.27,0.06
1577,0.0587678992724045,0.0587678992724045,0.0,0.0,0.0,0.0,0.0,1.0,0.27,0.06
1578,0.175179733017763,0.175179733017763,0.0,0.0,0.0,0.0,0.0,1.0,0.27,0.06
1579,0.14595038077033276,0.14595038077033276,0.0,0.0,0.0,0.0,0.0,1.0,0.27,0.06
1580,0.06230013623276075,0.06230013623276075,0.0,0.0,0.0,0.0,0.0,1.0,0.27,0.06
1581,0.03885356198696625,0.03885356198696625,0.0,0.0,0.0,0.0,0.0,1.0,0.27,0.06
1582,0.0619512475310725,0.0619512475310725,0.0,0.0,0.0,0.0,0.0,1.0,0.27,0.06
1583,0.114918088705196,0.114918088705196,0.0,0.0,0.0,-0.0,0.0,1.0,0.27,0.06
1584,0.28671025867034,0.28671025867034156,0.0,0.0,0.0,-0.0,0.0,1.0,0.27,0.06
1585,0.176844788677916,0.176844788677916,0.0,0.0,0.0,0.0,0.0,1.0,0.27,0.06
1586,0.0991575116660555,0.0991575116660555,0.0,0.0,0.0,0.0,0.0,1.0,0.27,0.06
1587,0.12756843787224975,0.12756843787224975,0.0,0.0,0.0,0.0,0.0,1.0,0.27,0.06
1588,0.04730993469510275,0.04730993469510275,0.0,0.0,0.0,0.0,0.0,1.0,0.27,0.06
1589,0.03480478172426025,0.03480478172426025,0.0,0.0,0.0,0.0,0.0,1.0,0.27,0.06
1590,0.0832616619117395,1.0221460550233008,0.0,0.0,0.9388843931115614,0.0,0.0,1.2229850433639957,0.27,0.06
1591,0.03727155019443075,0.03727155019443075,0.0,0.0,0.0,0.0,0.0,1.2229850433639957,0.27,0.06
1592,0.0965868077892445,0.0965868077892445,0.0,0.0,0.0,0.0,0.0,1.2229850433639957,0.27,0.06
1593,0.1955724865468335,0.0,0.0,0.0,0.0,0.1955724865468335,0.0,1.1715185995358817,0.27,0.06
1594,0.24189842975394124,0.0,0.0,0.0,0.0,0.24189842975394124,0.0,1.1078611180216866,0.27,0.06
1595,0.2937945795531225,0.212423415159539,-0.0,0.0,0.0,0.08137116439358305,0.0,1.0864476537075858,0.27,0.06
1596,0.19848790081752826,0.0,-0.0,0.0,0.0,0.1984879008175282,0.0,1.0342139955977099,0.27,0.06
1597,0.034533191716958,0.0,0.0,0.0,0.0,0.034533191716958,0.0,1.0251263135669315,0.27,0.06
1598,0.0388509505445885,0.0388509505445885,0.0,0.0,0.0,0.0,0.0,1.0251263135669315,0.27,0.06
1599,0.034905061111572,0.034905061111572,0.0,0.0,0.0,0.0,0.0,1.0251263135669315,0.27,0.06
1600,0.0,0.0,0.0,0.0,0.0,0.0,0.0,1.0251263135669315,0.27,0.06
1601,0.03245552816109575,0.03245552816109575,0.0,0.0,0.0,0.0,0.0,1.0251263135669315,0.27,0.06
1602,0.04563913386171825,0.04563913386171825,0.0,0.0,0.0,0.0,0.0,1.0251263135669315,0.27,0.06
1603,0.04083251302094375,0.04083251302094375,0.0,0.0,0.0,0.0,0.0,1.0251263135669315,0.27,0.06
1604,0.1786576519766585,0.1786576519766585,0.0,0.0,0.0,0.0,0.0,1.0251263135669315,0.27,0.06
1605,0.23137588383640526,-0.0,0.23137588383640484,0.0,0.0,0.0,0.0,1.0251263135669315,0.27,0.06
1606,0.19285763105076226,-0.0,0.19285763105076226,0.0,0.0,0.0,0.0,1.0251263135669315,0.27,0.06
1607,0.23482664379457074,-0.0,0.23482664379457074,0.0,0.0,0.0,0.0,1.0251263135669315,0.27,0.06
1608,0.3076764849455975,0.0,0.3076764849455975,0.0,0.0,0.0,0.0,1.0251263135669315,0.27,0.06
1609,0.3872716817587575,0.0,0.3872716817587575,0.0,0.0,0.0,0.0,1.0251263135669315,0.27,0.06
1610,0.27193889600395,0.0,0.27193889600395,0.0,0.0,0.0,0.0,1.0251263135669315,0.27,0.06
1611,0.2020697551830645,0.0,0.2020697551830645,0.0,0.0,0.0,0.0,1.0251263135669315,0.27,0.06
1612,0.142826573397881,0.0,0.142826573397881,0.0,0.0,0.0,0.0,1.0251263135669315,0.27,0.06
1613,0.1363136361073825,0.0,0.1363136361073825,0.0,0.0,0.0,0.0,1.0251263135669315,0.27,0.06
1614,0.1441557975682355,0.0,0.1441557975682355,0.0,0.0,0.0,0.0,1.0251263135669315,0.27,0.06
1615,0.21161614393973924,0.0,0.21161614393973924,0.0,0.0,0.0,0.0,1.0251263135669315,0.27,0.06
1616,0.2810068685169925,0.0,0.2810068685169925,0.0,0.0,0.0,0.0,1.0251263135669315,0.27,0.06
1617,0.189707186966056,0.0,0.18970718696605626,0.0,0.0,0.0,0.0,1.0251263135669315,0.27,0.06
1618,0.1046592984678285,0.0,0.10465929846782829,0.0,0.0,0.0,0.0,1.0251263135669315,0.27,0.06
1619,0.13418635514634025,0.0,0.13418635514634025,0.0,0.0,0.0,0.0,1.0251263135669315,0.27,0.06
1620,0.17913502364333975,0.0,0.17913502364333975,0.0,0.0,0.0,0.0,1.0251263135669315,0.27,0.06
1621,0.1470769570121615,0.0,0.14707695701216128,0.0,0.0,0.0,0.0,1.0251263135669315,0.27,0.06
1622,0.2891253205814275,0.0,0.2891253205814275,0.0,0.0,0.0,0.0,1.0251263135669315,0.27,0.06
1623,0.53391931764399,0.0,0.53391931764399,0.0,0.0,0.0,0.0,1.0251263135669315,0.27,0.06
1624,0.4048393769234075,0.0,0.4048393769234075,0.0,0.0,0.0,0.0,1.0251263135669315,0.27,0.06
1625,0.3076080651552975,0.0,0.3076080651552975,0.0,0.0,0.0,0.0,1.0251263135669315,0.27,0.06
1626,0.28975363361755,0.0,0.28975363361755,0.0,0.0,0.0,0.0,1.0251263135669315,0.27,0.06
1627,0.174956193550214,0.0,0.174956193550214,0.0,0.0,0.0,0.0,1.0251263135669315,0.27,0.06
1628,0.3401905094159575,0.0,0.3401905094159575,0.0,0.0,0.0,0.0,1.0251263135669315,0.27,0.06
1629,0.199942474222022,0.0,0.199942474222022,0.0,0.0,0.0,0.0,1.0251263135669315,0.27,0.06
1630,0.1884479494514295,0.0,0.1884479494514295,0.0,0.0,0.0,0.0,1.0251263135669315,0.27,0.06
1631,0.17843881310539,0.0,0.17843881310539,0.0,0.0,0.0,0.0,1.0251263135669315,0.27,0.06
1632,0.09580233049892126,0.0,0.09580233049892126,0.0,0.0,0.0,0.0,1.0251263135669315,0.27,0.06
1633,0.09010416323032976,0.0,0.09010416323032976,0.0,0.0,0.0,0.0,1.0251263135669315,0.27,0.06
1634,0.09209356003381874,0.0,0.09209356003381863,0.0,0.0,0.0,0.0,1.0251263135669315,0.27,0.06
1635,0.08205883155247574,0.0,0.08205883155247574,0.0,0.0,0.0,0.0,1.0251263135669315,0.27,0.06
1636,0.08295142255724425,0.0,0.08295142255724425,0.0,0.0,0.0,0.0,1.0251263135669315,0.27,0.06
1637,0.08047107458670875,0.0,0.08047107458670875,0.0,0.0,0.0,0.0,1.0251263135669315,0.27,0.06
1638,0.0868450831427025,0.0,0.0868450831427025,0.0,0.0,0.0,0.0,1.0251263135669315,0.27,0.06
1639,0.08140701553495025,0.0,0.08140701553495025,0.0,0.0,0.0,0.0,1.0251263135669315,0.27,0.06
1640,0.08047420831756225,0.0,0.08047420831756225,0.0,0.0,0.0,0.0,1.0251263135669315,0.27,0.06
1641,0.082406675677213,0.0,0.082406675677213,0.0,0.0,0.0,0.0,1.0251263135669315,0.27,0.06
1642,0.08525941533083775,0.0,0.08525941533083775,0.0,0.0,0.0,0.0,1.0251263135669315,0.27,0.06
1643,0.07463659002599025,0.0,0.07463659002599025,0.0,0.0,0.0,0.0,1.0251263135669315,0.27,0.06
1644,0.0795283438882845,0.0,0.0795283438882845,0.0,0.0,0.0,0.0,1.0251263135669315,0.27,0.06
1645,0.08890655575582175,0.0,0.08890655575582149,0.0,0.0,0.0,0.0,1.0251263135669315,0.27,0.06
1646,0.07450497333014375,0.0,0.07450497333014375,0.0,0.0,0.0,0.0,1.0251263135669315,0.27,0.06
1647,0.081616975502134,0.0,0.081616975502134,0.0,0.0,0.0,0.0,1.0251263135669315,0.27,0.06
1648,0.081732923543713,0.0,0.081732923543713,0.0,0.0,0.0,0.0,1.0251263135669315,0.27,0.06
1649,0.0825680628161675,0.0,0.0825680628161675,0.0,0.0,0.0,0.0,1.0251263135669315,0.27,0.06
1650,0.08134904151416075,0.0,0.08134904151416075,0.0,0.0,0.0,0.0,1.0251263135669315,0.27,0.06
1651,0.077124250035184,0.0,0.077124250035184,0.0,0.0,0.0,0.0,1.0251263135669315,0.27,0.06
1652,0.085574877570089,0.0,0.085574877570089,0.0,0.0,0.0,0.0,1.0251263135669315,0.27,0.06
1653,0.08250173217976875,0.0,0.08250173217976875,0.0,0.0,0.0,0.0,1.0251263135669315,0.27,0.06
1654,0.077956255576785,0.0,0.077956255576785,0.0,0.0,0.0,0.0,1.0251263135669315,0.27,0.06
1655,0.07372885265543,0.0,0.07372885265542983,0.0,0.0,0.0,0.0,1.0251263135669315,0.27,0.06
1656,0.09629589310834576,0.0,0.09629589310834576,0.0,0.0,0.0,0.0,1.0251263135669315,0.27,0.06
1657,0.07938471455749975,0.0,0.07938471455749932,0.0,0.0,0.0,0.0,1.0251263135669315,0.27,0.06
1658,0.074765595279459,0.0,0.074765595279459,0.0,0.0,0.0,0.0,1.0251263135669315,0.27,0.06
1659,0.08095889202290175,0.0,0.08095889202290175,0.0,0.0,0.0,0.0,1.0251263135669315,0.27,0.06
1660,0.12275763872367075,0.0,0.12275763872367075,0.0,0.0,0.0,0.0,1.0251263135669315,0.27,0.06
1661,0.217257904052968,0.0,0.217257904052968,0.0,0.0,0.0,0.0,1.0251263135669315,0.27,0.06
1662,0.0973002538468885,0.0,0.0973002538468885,0.0,0.0,0.0,0.0,1.0251263135669315,0.27,0.06
1663,0.0931292580808965,0.0,0.0931292580808965,0.0,0.0,0.0,0.0,1.0251263135669315,0.27,0.06
1664,0.1017444064856095,0.0,0.1017444064856095,0.0,0.0,0.0,0.0,1.0251263135669315,0.27,0.06
1665,0.17691738677602176,0.0,0.17691738677602176,0.0,0.0,0.0,0.0,1.0251263135669315,0.27,0.06
1666,0.269074143715385,0.0,0.269074143715385,0.0,0.0,0.0,0.0,1.0251263135669315,0.27,0.06
1667,0.23633971350832975,-8.326672684688674e-17,0.23633971350832983,0.0,0.0,0.0,0.0,1.0251263135669315,0.27,0.06
1668,0.20609659932979624,0.0,0.20609659932979624,0.0,0.0,0.0,0.0,1.0251263135669315,0.27,0.06
1669,0.12459922788857025,0.12459922788857014,-0.0,0.0,0.0,0.0,0.0,1.0251263135669315,0.27,0.06
1670,0.10723679209482224,0.10723679209482224,0.0,0.0,0.0,0.0,0.0,1.0251263135669315,0.27,0.06
1671,0.09671111244643275,0.0967111124464326,-0.0,0.0,0.0,0.0,0.0,1.0251263135669315,0.27,0.06
1672,0.099665698352796,0.099665698352796,0.0,0.0,0.0,0.0,0.0,1.0251263135669315,0.27,0.06
1673,0.22264792112096676,0.22264792112096676,0.0,0.0,0.0,0.0,0.0,1.0251263135669315,0.27,0.06
1674,0.2114897501286485,0.2114897501286485,0.0,0.0,0.0,0.0,0.0,1.0251263135669315,0.27,0.06
1675,0.2458343957059215,0.08265649276979045,0.16317790293613105,0.0,0.0,0.0,0.0,1.0251263135669315,0.27,0.06
1676,0.2328126994327295,0.2328126994327295,0.0,0.0,0.0,0.0,0.0,1.0251263135669315,0.27,0.06
1677,0.2309267157474055,0.2309267157474055,0.0,0.0,0.0,0.0,0.0,1.0251263135669315,0.27,0.06
1678,0.221371448086646,0.221371448086646,0.0,0.0,0.0,0.0,0.0,1.0251263135669315,0.27,0.06
1679,0.32322657972908,0.32322657972908,0.0,0.0,0.0,0.0,0.0,1.0251263135669315,0.27,0.06
1680,0.1598594451635375,0.15985944516353712,-0.0,0.0,0.0,0.0,0.0,1.0251263135669315,0.27,0.06
1681,0.4145795347045225,0.41457953470452225,-0.0,0.0,0.0,0.0,0.0,1.0251263135669315,0.27,0.06
1682,0.36353941571682,0.36353941571682036,-0.0,0.0,0.0,0.0,0.0,1.0251263135669315,0.27,0.06
1683,0.2650321532028625,0.2650321532028625,-0.0,0.0,0.0,0.0,0.0,1.0251263135669315,0.27,0.06
1684,0.2534853995847125,0.2534853995847124,-0.0,0.0,0.0,0.0,0.0,1.0251263135669315,0.27,0.06
1685,0.2149311088942535,0.2149311088942535,0.0,0.0,0.0,0.0,0.0,1.0251263135669315,0.27,0.06
1686,0.233373114967028,0.233373114967028,0.0,0.0,0.0,0.0,0.0,1.0251263135669315,0.27,0.06
1687,0.1527960158197765,0.1527960158197765,0.0,0.0,0.0,0.0,0.0,1.0251263135669315,0.27,0.06
1688,0.13943796576830975,0.13943796576830975,0.0,0.0,0.0,0.0,0.0,1.0251263135669315,0.27,0.06
1689,0.1156357130706445,0.1156357130706445,0.0,0.0,0.0,0.0,0.0,1.0251263135669315,0.27,0.06
1690,0.1925541814464495,0.1925541814464495,0.0,0.0,0.0,0.0,0.0,1.0251263135669315,0.27,0.06
1691,0.319839538964935,0.319839538964935,0.0,0.0,0.0,0.0,0.0,1.0251263135669315,0.27,0.06
1692,0.3229643909143375,-0.0,0.3229643909143375,0.0,0.0,0.0,0.0,1.0251263135669315,0.27,0.06
1693,0.3376788241368875,0.0,0.3376788241368875,0.0,0.0,0.0,0.0,1.0251263135669315,0.27,0.06
1694,0.251852725810045,0.2518527258100449,-0.0,0.0,0.0,0.0,0.0,1.0251263135669315,0.27,0.06
1695,0.166212562180508,0.16621256218050817,-0.0,0.0,0.0,0.0,0.0,1.0251263135669315,0.27,0.06
1696,0.29899343903906,-0.0,0.29899343903906,0.0,0.0,0.0,0.0,1.0251263135669315,0.27,0.06
1697,0.29720146727934,0.0,0.29720146727934,0.0,0.0,0.0,0.0,1.0251263135669315,0.27,0.06
1698,0.2363809742979005,0.0,0.2363809742979005,0.0,0.0,0.0,0.0,1.0251263135669315,0.27,0.06
1699,0.24372487255304875,-0.0,0.24372487255304875,0.0,0.0,0.0,0.0,1.0251263135669315,0.27,0.06
1700,0.1310165863880375,0.1310165863880375,0.0,0.0,0.0,0.0,0.0,1.0251263135669315,0.27,0.06
1701,0.126802240678572,0.0,0.126802240678572,0.0,0.0,0.0,0.0,1.0251263135669315,0.27,0.06
1702,0.244348484992893,0.006682302345332639,0.23766618264756034,0.0,0.0,0.0,0.0,1.0251263135669315,0.27,0.06
1703,0.20600989944284975,0.0,0.20600989944284975,0.0,0.0,0.0,0.0,1.0251263135669315,0.27,0.06
1704,0.232725999545783,0.0,0.232725999545783,0.0,0.0,0.0,0.0,1.0251263135669315,0.27,0.06
1705,0.3288385693992,0.0,0.3288385693992,0.0,0.0,0.0,0.0,1.0251263135669315,0.27,0.06
1706,0.23591927128548676,0.0,0.23591927128548676,0.0,0.0,0.0,0.0,1.0251263135669315,0.27,0.06
1707,0.23129806285354376,0.0,0.23129806285354376,0.0,0.0,0.0,0.0,1.0251263135669315,0.27,0.06
1708,0.21443545713092674,0.0,0.21443545713092674,0.0,0.0,0.0,0.0,1.0251263135669315,0.27,0.06
1709,0.27363372210721,0.0,0.27363372210721,0.0,0.0,0.0,0.0,1.0251263135669315,0.27,0.06
1710,0.33478639055912,0.0,0.33478639055912,0.0,0.0,0.0,0.0,1.0251263135669315,0.27,0.06
1711,0.57023246848573,0.0,0.57023246848573,0.0,0.0,0.0,0.0,1.0251263135669315,0.27,0.06
1712,0.348463558869165,0.0,0.348463558869165,0.0,0.0,0.0,0.0,1.0251263135669315,0.27,0.06
1713,0.277919099049355,0.0,0.277919099049355,0.0,0.0,0.0,0.0,1.0251263135669315,0.27,0.06
1714,0.18584120766980325,0.0,0.18584120766980325,0.0,0.0,0.0,0.0,1.0251263135669315,0.27,0.06
1715,0.1431665831954845,0.0,0.1431665831954845,0.0,0.0,0.0,0.0,1.0251263135669315,0.27,0.06
1716,0.15824452919704024,0.0,0.15824452919704024,0.0,0.0,0.0,0.0,1.0251263135669315,0.27,0.06
1717,0.133204975100723,0.0,0.133204975100723,0.0,0.0,0.0,0.0,1.0251263135669315,0.27,0.06
1718,0.14804632442284024,0.0,0.14804632442284024,0.0,0.0,0.0,0.0,1.0251263135669315,0.27,0.06
1719,0.15089331890323374,0.0,0.15089331890323374,0.0,0.0,0.0,0.0,1.0251263135669315,0.27,0.06
1720,0.299264506757885,0.0,0.299264506757885,0.0,0.0,0.0,0.0,1.0251263135669315,0.27,0.06
1721,0.212469563308839,0.0,0.212469563308839,0.0,0.0,0.0,0.0,1.0251263135669315,0.27,0.06
1722,0.1848681842397955,0.0,0.1848681842397955,0.0,0.0,0.0,0.0,1.0251263135669315,0.27,0.06
1723,0.162921100207395,0.0,0.162921100207395,0.0,0.0,0.0,0.0,1.0251263135669315,0.27,0.06
1724,0.2627001351593925,0.0,0.2627001351593925,0.0,0.0,0.0,0.0,1.0251263135669315,0.27,0.06
1725,0.4610370946074775,0.0,0.4610370946074775,0.0,0.0,0.0,0.0,1.0251263135669315,0.27,0.06
1726,0.3398578116570125,0.0,0.3398578116570125,0.0,0.0,0.0,0.0,1.0251263135669315,0.27,0.06
1727,0.15443443476767474,0.0,0.15443443476767474,0.0,0.0,0.0,0.0,1.0251263135669315,0.27,0.06
1728,0.160668470012213,0.0,0.160668470012213,0.0,0.0,0.0,0.0,1.0251263135669315,0.27,0.06
1729,0.10446396257796126,0.0,0.10446396257796126,0.0,0.0,0.0,0.0,1.0251263135669315,0.27,0.06
1730,0.09449713159844375,0.0,0.09449713159844375,0.0,0.0,0.0,0.0,1.0251263135669315,0.27,0.06
1731,0.262922107761515,0.0,0.2629221077615149,0.0,0.0,0.0,0.0,1.0251263135669315,0.27,0.06
1732,0.2695165220542025,0.0,0.2695165220542025,0.0,0.0,0.0,0.0,1.0251263135669315,0.27,0.06
1733,0.07414825030132174,0.0,0.07414825030132174,0.0,0.0,0.0,0.0,1.0251263135669315,0.27,0.06
1734,0.07755618260448975,0.0,0.07755618260448975,0.0,0.0,0.0,0.0,1.0251263135669315,0.27,0.06
1735,0.0863849469957155,0.0,0.0863849469957155,0.0,0.0,0.0,0.0,1.0251263135669315,0.27,0.06
1736,0.046990294148047,0.0,0.046990294148047,0.0,0.0,0.0,0.0,1.0251263135669315,0.27,0.06
1737,0.0263264729001495,0.0,0.0263264729001495,0.0,0.0,0.0,0.0,1.0251263135669315,0.27,0.06
1738,0.0209427232938578,0.0,0.0,0.0,0.0,0.0209427232938578,0.0,1.0196150705948637,0.27,0.06
1739,0.034523268235922,0.0,0.034523268235922,0.0,0.0,0.0,0.0,1.0196150705948637,0.27,0.06
1740,0.02992608507385575,0.0,0.02992608507385575,0.0,0.0,0.0,0.0,1.0196150705948637,0.27,0.06
1741,0.020713438653077624,0.0,0.0,0.0,0.0,0.020713438653077624,0.0,1.014164165686159,0.27,0.06
1742,0.02712191824845975,0.0,0.02712191824845975,0.0,0.0,0.0,0.0,1.014164165686159,0.27,0.06
1743,0.08338178826112325,0.0,0.08338178826112325,0.0,0.0,0.0,0.0,1.014164165686159,0.27,0.06
1744,0.073014362020835,0.0,0.073014362020835,0.0,0.0,0.0,0.0,1.014164165686159,0.27,0.06
1745,0.048050539753477,0.0,0.048050539753477,0.0,0.0,0.0,0.0,1.014164165686159,0.27,0.06
1746,0.02804427969633625,0.0,0.02804427969633625,0.0,0.0,0.0,0.0,1.014164165686159,0.27,0.06
1747,0.0344067979058675,0.0,0.0344067979058675,0.0,0.0,0.0,0.0,1.014164165686159,0.27,0.06
1748,0.0258887951576125,0.0,0.0258887951576125,0.0,0.0,0.0,0.0,1.014164165686159,0.27,0.06
1749,0.028565001306491,0.0,0.028565001306491,0.0,0.0,0.0,0.0,1.014164165686159,0.27,0.06
1750,0.02072075069173575,0.0,0.0,0.0,0.0,0.02072075069173575,0.0,1.008711336556755,0.27,0.06
1751,0.03039718927883,0.0,0.03039718927883,0.0,0.0,0.0,0.0,1.008711336556755,0.27,0.06
1752,0.03421929634313375,0.0,0.03421929634313375,0.0,0.0,0.0,0.0,1.008711336556755,0.27,0.06
1753,0.04289555249948975,0.0,0.04289555249948975,0.0,0.0,0.0,0.0,1.008711336556755,0.27,0.06
1754,0.07634238418723875,0.0,0.07634238418723875,0.0,0.0,0.0,0.0,1.008711336556755,0.27,0.06
1755,0.062066673284176,0.0,0.062066673284176,0.0,0.0,0.0,0.0,1.008711336556755,0.27,0.06
1756,0.02894992791299425,0.0,0.02894992791299425,0.0,0.0,0.0,0.0,1.008711336556755,0.27,0.06
1757,0.0230705265433759,0.0,0.0230705265433759,0.0,0.0,0.0,0.0,1.008711336556755,0.27,0.06
1758,0.03836156624296875,0.0,0.03836156624296875,0.0,0.0,0.0,0.0,1.008711336556755,0.27,0.06
1759,0.1189637352370485,0.0,0.1189637352370485,0.0,0.0,0.0,0.0,1.008711336556755,0.27,0.06
1760,0.301416857565755,0.0,0.301416857565755,0.0,0.0,0.0,0.0,1.008711336556755,0.27,0.06
1761,0.2937627199561125,0.0,0.2937627199561125,0.0,0.0,0.0,0.0,1.008711336556755,0.27,0.06
1762,0.263658534512085,0.0,0.263658534512085,0.0,0.0,0.0,0.0,1.008711336556755,0.27,0.06
1763,0.23434143780075575,0.0,0.23434143780075575,0.0,0.0,0.0,0.0,1.008711336556755,0.27,0.06
1764,0.18053214531551975,0.007338423480398898,0.17319372183512086,0.0,0.0,0.0,0.0,1.008711336556755,0.27,0.06
1765,0.3684353478869175,0.0,0.3684353478869175,0.0,0.0,0.0,0.0,1.008711336556755,0.27,0.06
1766,0.12411767791408425,0.0,0.12411767791408425,0.0,0.0,0.0,0.0,1.008711336556755,0.27,0.06
1767,0.101509376671598,2.7755575615628914e-17,0.10150937667159797,0.0,0.0,0.0,0.0,1.008711336556755,0.27,0.06
1768,0.1193925340755005,0.1193925340755005,0.0,0.0,0.0,0.0,0.0,1.008711336556755,0.27,0.06
1769,0.096690743195885,0.096690743195885,-0.0,0.0,0.0,0.0,0.0,1.008711336556755,0.27,0.06
1770,0.1224897047356975,0.1224897047356975,-0.0,0.0,0.0,0.0,0.0,1.008711336556755,0.27,0.06
1771,0.23201777637289475,0.23201777637289478,-0.0,0.0,0.0,0.0,0.0,1.008711336556755,0.27,0.06
1772,0.19840329008448426,0.19840329008448598,-0.0,0.0,0.0,0.0,0.0,1.008711336556755,0.27,0.06
1773,0.145858980287106,0.145858980287106,0.0,0.0,0.0,0.0,0.0,1.008711336556755,0.27,0.06
1774,0.1179108016702765,0.1179108016702765,0.0,0.0,0.0,0.0,0.0,1.008711336556755,0.27,0.06
1775,0.10417200332011126,0.10417200332011126,0.0,0.0,0.0,0.0,0.0,1.008711336556755,0.27,0.06
1776,0.2305574577951695,0.2305574577951695,-0.0,0.0,0.0,0.0,0.0,1.008711336556755,0.27,0.06
1777,0.14794291130467524,0.14794291130467524,0.0,0.0,0.0,0.0,0.0,1.008711336556755,0.27,0.06
1778,0.22495904762541374,0.22204465984214639,-0.0,0.0,0.0,0.00291438778326715,0.0,1.0079443924032636,0.27,0.06
1779,0.18220346843737975,0.18220346843737975,0.0,0.0,0.0,0.0,0.0,1.0079443924032636,0.27,0.06
1780,0.09341494987703924,0.09341494987703924,0.0,0.0,0.0,0.0,0.0,1.0079443924032636,0.27,0.06
1781,0.11386724429232625,0.11386724429232625,0.0,0.0,0.0,0.0,0.0,1.0079443924032636,0.27,0.06
1782,0.052893720787542,0.052893720787542,-0.0,0.0,0.0,0.0,0.0,1.0079443924032636,0.27,0.06
1783,0.06950771719578225,0.06950771719578225,0.0,0.0,0.0,0.0,0.0,1.0079443924032636,0.27,0.06
1784,0.22268970419901324,0.22268970419901324,0.0,0.0,0.0,0.0,0.0,1.0079443924032636,0.27,0.06
1785,0.2677005250246075,0.2677005250246075,0.0,0.0,0.0,0.0,0.0,1.0079443924032636,0.27,0.06
1786,0.249506083689258,0.24950608368925842,-0.0,0.0,0.0,0.0,0.0,1.0079443924032636,0.27,0.06
1787,0.10132135282038875,0.10132135282038875,0.0,0.0,0.0,0.0,0.0,1.0079443924032636,0.27,0.06
1788,0.0932587856228405,0.0932587856228405,0.0,0.0,0.0,0.0,0.0,1.0079443924032636,0.27,0.06
1789,0.0762405379345005,0.0762405379345005,0.0,0.0,0.0,0.0,0.0,1.0079443924032636,0.27,0.06
1790,0.08929879440098325,0.08929879440098325,0.0,0.0,0.0,0.0,0.0,1.0079443924032636,0.27,0.06
1791,0.091782798390848,0.091782798390848,0.0,0.0,0.0,0.0,0.0,1.0079443924032636,0.27,0.06
1792,0.05964899993071025,0.05964899993071025,0.0,0.0,0.0,0.0,0.0,1.0079443924032636,0.27,0.06
1793,0.05094140646581925,0.05094140646581925,0.0,0.0,0.0,0.0,0.0,1.0079443924032636,0.27,0.06
1794,0.0639307208535255,0.0639307208535255,0.0,0.0,0.0,0.0,0.0,1.0079443924032636,0.27,0.06
1795,0.09753998425718025,0.09753998425718025,-0.0,0.0,0.0,0.0,0.0,1.0079443924032636,0.27,0.06
1796,0.14382988955947276,0.0,0.14382988955947276,0.0,0.0,0.0,0.0,1.0079443924032636,0.27,0.06
1797,0.117743147069615,0.0,0.117743147069615,0.0,0.0,0.0,0.0,1.0079443924032636,0.27,0.06
1798,0.31295368770287,-0.0,0.31295368770287,0.0,0.0,0.0,0.0,1.0079443924032636,0.27,0.06
1799,0.2515936707261575,0.0,0.25159367072615746,0.0,0.0,0.0,0.0,1.0079443924032636,0.27,0.06
1800,0.38405751848003,0.0,0.38405751848003,0.0,0.0,0.0,0.0,1.0079443924032636,0.27,0.06
1801,0.5839331397771775,0.0,0.5839331397771775,0.0,0.0,0.0,0.0,1.0079443924032636,0.27,0.06
1802,0.5881605426985325,0.0,0.5881605426985325,0.0,0.0,0.0,0.0,1.0079443924032636,0.27,0.06
1803,0.47088745525694,0.0,0.47088745525694,0.0,0.0,0.0,0.0,1.0079443924032636,0.27,0.06
1804,0.263528484681665,0.0,0.263528484681665,0.0,0.0,0.0,0.0,1.0079443924032636,0.27,0.06
1805,0.4270899105601225,0.0,0.4270899105601225,0.0,0.0,0.0,0.0,1.0079443924032636,0.27,0.06
1806,0.345326694284825,0.0,0.345326694284825,0.0,0.0,0.0,0.0,1.0079443924032636,0.27,0.06
1807,0.249483625284808,0.0,0.249483625284808,0.0,0.0,0.0,0.0,1.0079443924032636,0.27,0.06
1808,0.232533797386769,0.0,0.232533797386769,0.0,0.0,0.0,0.0,1.0079443924032636,0.27,0.06
1809,0.20149889387925424,0.0,0.20149889387925424,0.0,0.0,0.0,0.0,1.0079443924032636,0.27,0.06
1810,0.2513205138534275,0.0,0.2513205138534278,0.0,0.0,0.0,0.0,1.0079443924032636,0.27,0.06
1811,0.2238679869999245,0.0,0.2238679869999245,0.0,0.0,0.0,0.0,1.0079443924032636,0.27,0.06
1812,0.242186732992462,0.0,0.242186732992462,0.0,0.0,0.0,0.0,1.0079443924032636,0.27,0.06
1813,0.2564958703579625,0.0,0.2564958703579625,0.0,0.0,0.0,0.0,1.0079443924032636,0.27,0.06
1814,0.348821848763415,0.0,0.348821848763415,0.0,0.0,0.0,0.0,1.0079443924032636,0.27,0.06
1815,0.291169035386375,0.0,0.291169035386375,0.0,0.0,0.0,0.0,1.0079443924032636,0.27,0.06
1816,0.2542416732973525,0.0,0.2542416732973525,0.0,0.0,0.0,0.0,1.0079443924032636,0.27,0.06
1817,0.3669567492125475,0.0,0.3669567492125475,0.0,0.0,0.0,0.0,1.0079443924032636,0.27,0.06
1818,0.4693837867357425,0.0,0.4693837867357425,0.0,0.0,0.0,0.0,1.0079443924032636,0.27,0.06
1819,0.557564361510505,0.0,0.557564361510505,0.0,0.0,0.0,0.0,1.0079443924032636,0.27,0.06
1820,0.3181394899769175,0.0,0.31813948997691766,0.0,0.0,0.0,0.0,1.0079443924032636,0.27,0.06
1821,0.2554805415614325,0.0,0.2554805415614325,0.0,0.0,0.0,0.0,1.0079443924032636,0.27,0.06
1822,0.2058991742860265,0.0,0.2058991742860265,0.0,0.0,0.0,0.0,1.0079443924032636,0.27,0.06
1823,0.208907033616899,0.0,0.208907033616899,0.0,0.0,0.0,0.0,1.0079443924032636,0.27,0.06
1824,0.1819506808151985,0.0,0.1819506808151985,0.0,0.0,0.0,0.0,1.0079443924032636,0.27,0.06
1825,0.109902552474189,0.0,0.109902552474189,0.0,0.0,0.0,0.0,1.0079443924032636,0.27,0.06
1826,0.07296213317327675,0.0,0.07296213317327675,0.0,0.0,0.0,0.0,1.0079443924032636,0.27,0.06
1827,0.0891253946270905,0.0,0.0891253946270905,0.0,0.0,0.0,0.0,1.0079443924032636,0.27,0.06
1828,0.08303185498248375,0.0,0.08303185498248375,0.0,0.0,0.0,0.0,1.0079443924032636,0.27,0.06
1829,0.07390068556389626,0.0,0.07390068556389626,0.0,0.0,0.0,0.0,1.0079443924032636,0.27,0.06
1830,0.0483952501473605,0.0,0.0483952501473605,0.0,0.0,0.0,0.0,1.0079443924032636,0.27,0.06
1831,0.03469457885591275,0.0,0.03469457885591275,0.0,0.0,0.0,0.0,1.0079443924032636,0.27,0.06
1832,0.03295379136680025,0.0,0.03295379136680025,0.0,0.0,0.0,0.0,1.0079443924032636,0.27,0.06
1833,0.06940534865456825,0.0,0.06940534865456804,0.0,0.0,0.0,0.0,1.0079443924032636,0.27,0.06
1834,0.04539261370124375,0.0,0.04539261370124375,0.0,0.0,0.0,0.0,1.0079443924032636,0.27,0.06
1835,0.03579765211634025,0.0,0.03579765211634025,0.0,0.0,0.0,0.0,1.0079443924032636,0.27,0.06
1836,0.0379541812320155,0.0,0.0379541812320155,0.0,0.0,0.0,0.0,1.0079443924032636,0.27,0.06
1837,0.0510484756033135,0.0,0.0510484756033135,0.0,0.0,0.0,0.0,1.0079443924032636,0.27,0.06
1838,0.07429501336296025,0.0,0.07429501336296025,0.0,0.0,0.0,0.0,1.0079443924032636,0.27,0.06
1839,0.06960016225596025,0.0,0.06960016225596025,0.0,0.0,0.0,0.0,1.0079443924032636,0.27,0.06
1840,0.03752590468203875,0.0,0.03752590468203875,0.0,0.0,0.0,0.0,1.0079443924032636,0.27,0.06
1841,0.022945699597711974,0.0,0.022945699597711974,0.0,0.0,0.0,0.0,1.0079443924032636,0.27,0.06
1842,0.027621748319591,0.0,0.027621748319591,0.0,0.0,0.0,0.0,1.0079443924032636,0.27,0.06
1843,0.03416863436100225,0.0,0.03416863436100225,0.0,0.0,0.0,0.0,1.0079443924032636,0.27,0.06
1844,0.029844608071665,0.0,0.029844608071665,0.0,0.0,0.0,0.0,1.0079443924032636,0.27,0.06
1845,0.023126933698738673,0.0,0.023126933698738673,0.0,0.0,0.0,0.0,1.0079443924032636,0.27,0.06
1846,0.03345153228402925,0.0,0.03345153228402925,0.0,0.0,0.0,0.0,1.0079443924032636,0.27,0.06
1847,0.0595638669091905,0.0,0.0595638669091905,0.0,0.0,0.0,0.0,1.0079443924032636,0.27,0.06
1848,0.07352777159233125,0.0,0.07352777159233125,0.0,0.0,0.0,0.0,1.0079443924032636,0.27,0.06
1849,0.07872088590503575,0.0,0.07872088590503568,0.0,0.0,0.0,0.0,1.0079443924032636,0.27,0.06
1850,0.0442817061136825,0.0,0.0442817061136825,0.0,0.0,0.0,0.0,1.0079443924032636,0.27,0.06
1851,0.0335695694795105,0.0,0.0335695694795105,0.0,0.0,0.0,0.0,1.0079443924032636,0.27,0.06
1852,0.023607961384749025,0.0,0.023607961384749025,0.0,0.0,0.0,0.0,1.0079443924032636,0.27,0.06
1853,0.033391991397813,0.0,0.033391991397813,0.0,0.0,0.0,0.0,1.0079443924032636,0.27,0.06
1854,0.0321489448259295,0.0,0.0321489448259295,0.0,0.0,0.0,0.0,1.0079443924032636,0.27,0.06
1855,0.04547565756886125,0.0,0.04547565756886125,0.0,0.0,0.0,0.0,1.0079443924032636,0.27,0.06
1856,0.22021196767085574,0.0,0.22021196767085574,0.0,0.0,0.0,0.0,1.0079443924032636,0.27,0.06
1857,0.27617517782939,0.0,0.27617517782939,0.0,0.0,0.0,0.0,1.0079443924032636,0.27,0.06
1858,0.112229869921379,0.026342317341915944,0.08588755257946305,0.0,0.0,0.0,0.0,1.0079443924032636,0.27,0.06
1859,0.1072399258256755,-0.0,0.1072399258256755,0.0,0.0,0.0,0.0,1.0079443924032636,0.27,0.06
1860,0.09725690390341525,0.09725690390341546,-0.0,0.0,0.0,0.0,0.0,1.0079443924032636,0.27,0.06
1861,0.08399234348907775,0.08399234348907775,0.0,0.0,0.0,0.0,0.0,1.0079443924032636,0.27,0.06
1862,0.11102965100449325,0.11102965100449325,-0.0,0.0,0.0,0.0,0.0,1.0079443924032636,0.27,0.06
1863,0.4186309264096075,0.0,0.4186309264096075,0.0,0.0,0.0,0.0,1.0079443924032636,0.27,0.06
1864,0.4966420222763275,0.06849965730931828,0.4281423649670092,0.0,0.0,0.0,0.0,1.0079443924032636,0.27,0.06
1865,0.3948563550011475,0.0,0.3948563550011475,0.0,0.0,0.0,0.0,1.0079443924032636,0.27,0.06
1866,0.22023442607530574,0.22023442607530574,0.0,0.0,0.0,0.0,0.0,1.0079443924032636,0.27,0.06
1867,0.2548391713134175,0.0,0.2548391713134175,0.0,0.0,0.0,0.0,1.0079443924032636,0.27,0.06
1868,0.2497661833500975,0.2497661833500975,0.0,0.0,0.0,0.0,0.0,1.0079443924032636,0.27,0.06
1869,0.1383756310089775,0.1383756310089775,0.0,0.0,0.0,0.0,0.0,1.0079443924032636,0.27,0.06
1870,0.126425670687678,0.126425670687678,0.0,0.0,0.0,0.0,0.0,1.0079443924032636,0.27,0.06
1871,0.4876341129379775,0.4876341129379775,0.0,0.0,0.0,0.0,0.0,1.0079443924032636,0.27,0.06
1872,0.32207284448652,0.002728128589311457,0.3193447158972086,0.0,0.0,0.0,0.0,1.0079443924032636,0.27,0.06
1873,0.30329448463547,0.30329448463547,0.0,0.0,0.0,0.0,0.0,1.0079443924032636,0.27,0.06
1874,0.324494173859315,0.324494173859315,-0.0,0.0,0.0,0.0,0.0,1.0079443924032636,0.27,0.06
1875,0.2167021891149495,0.2167021891149495,0.0,0.0,0.0,0.0,0.0,1.0079443924032636,0.27,0.06
1876,0.15627132333629426,0.15627132333629426,0.0,0.0,0.0,0.0,0.0,1.0079443924032636,0.27,0.06
1877,0.1659582076929,0.1659582076929,0.0,0.0,0.0,0.0,0.0,1.0079443924032636,0.27,0.06
1878,0.17089226692171625,0.17089226692171625,0.0,0.0,0.0,0.0,0.0,1.0079443924032636,0.27,0.06
1879,0.19113198992744174,0.19113198992744174,0.0,0.0,0.0,0.0,0.0,1.0079443924032636,0.27,0.06
1880,0.16930137622509575,0.16930137622509575,0.0,0.0,0.0,0.0,0.0,1.0079443924032636,0.27,0.06
1881,0.432026581231315,0.432026581231315,0.0,0.0,0.0,0.0,0.0,1.0079443924032636,0.27,0.06
1882,0.54457034652652,0.54457034652652,0.0,0.0,0.0,0.0,0.0,1.0079443924032636,0.27,0.06
1883,0.3312457969831525,0.3312457969831525,0.0,0.0,0.0,0.0,0.0,1.0079443924032636,0.27,0.06
1884,0.22499404095327774,0.2249940409532778,-0.0,0.0,0.0,0.0,0.0,1.0079443924032636,0.27,0.06
1885,0.18023653003834075,0.18023653003834075,-0.0,0.0,0.0,0.0,0.0,1.0079443924032636,0.27,0.06
1886,0.23426727283722326,0.20407858170482102,-0.0,0.0,0.0,0.030188691132402024,0.0,0.9999999999999999,0.27,0.06
1887,0.144493195923461,0.14449319592346122,-0.0,0.0,0.0,0.0,0.0,1.0,0.27,0.06
1888,0.0847073564121485,0.08470735641214855,-0.0,0.0,0.0,0.0,0.0,1.0,0.27,0.06
1889,0.099819251164617,0.099819251164617,0.0,0.0,0.0,0.0,0.0,1.0,0.27,0.06
1890,0.1739116165990515,0.1739116165990515,0.0,0.0,0.0,0.0,0.0,1.0,0.27,0.06
1891,0.061486410787805,0.061486410787805,0.0,0.0,0.0,0.0,0.0,1.0,0.27,0.06
1892,0.203341527621105,0.0,0.203341527621105,0.0,0.0,0.0,0.0,1.0,0.27,0.06
1893,0.464605891761125,0.0,0.464605891761125,0.0,0.0,0.0,0.0,1.0,0.27,0.06
1894,0.3201795487625375,0.0,0.3201795487625375,0.0,0.0,0.0,0.0,1.0,0.27,0.06
1895,0.27222719924247,0.0,0.27222719924247,0.0,0.0,0.0,0.0,1.0,0.27,0.06
1896,0.3006412591795175,0.0,0.30064125917951756,0.0,0.0,0.0,0.0,1.0,0.27,0.06
1897,0.3032250202682175,0.0,0.3032250202682175,0.0,0.0,0.0,0.0,1.0,0.27,0.06
1898,0.372526433516145,0.0,0.372526433516145,0.0,0.0,0.0,0.0,1.0,0.27,0.06
1899,0.3262720438301925,0.0,0.3262720438301925,0.0,0.0,0.0,0.0,1.0,0.27,0.06
1900,0.2373503417085795,0.0,0.2373503417085795,0.0,0.0,0.0,0.0,1.0,0.27,0.06
1901,0.20378338367144674,0.0,0.20378338367144674,0.0,0.0,0.0,0.0,1.0,0.27,0.06
1902,0.18266203771894024,0.0,0.18266203771894024,0.0,0.0,0.0,0.0,1.0,0.27,0.06
1903,0.178531258165568,0.0,0.178531258165568,0.0,0.0,0.0,0.0,1.0,0.27,0.06
1904,0.2997293435011525,0.0,0.2997293435011525,0.0,0.0,0.0,0.0,1.0,0.27,0.06
1905,0.2749822709511625,0.0,0.2749822709511625,0.0,0.0,0.0,0.0,1.0,0.27,0.06
1906,0.22869236564886875,0.0,0.22869236564886875,0.0,0.0,0.0,0.0,1.0,0.27,0.06
1907,0.13391685429294026,0.0,0.13391685429294026,0.0,0.0,0.0,0.0,1.0,0.27,0.06
1908,0.16712604472429976,0.0,0.16712604472429976,0.0,0.0,0.0,0.0,1.0,0.27,0.06
1909,0.3003529559409975,0.0,0.3003529559409972,0.0,0.0,0.0,0.0,1.0,0.27,0.06
1910,0.4104910605176725,0.0,0.4104910605176725,0.0,0.0,0.0,0.0,1.0,0.27,0.06
1911,0.550875413003735,0.0,0.5508754130037349,0.0,0.0,0.0,0.0,1.0,0.27,0.06
1912,0.3359448263979575,0.0,0.3359448263979578,0.0,0.0,0.0,0.0,1.0,0.27,0.06
1913,0.14574512139942924,0.0,0.14574512139942924,0.0,0.0,0.0,0.0,1.0,0.27,0.06
1914,0.12976257175816674,0.0,0.12976257175816674,0.0,0.0,0.0,0.0,1.0,0.27,0.06
1915,0.1229963245570115,0.0,0.1229963245570115,0.0,0.0,0.0,0.0,1.0,0.27,0.06
1916,0.12401322021896825,0.0,0.12401322021896825,0.0,0.0,0.0,0.0,1.0,0.27,0.06
1917,0.2219396979480785,0.0,0.2219396979480785,0.0,0.0,0.0,0.0,1.0,0.27,0.06
1918,0.1926863204307715,0.0,0.1926863204307715,0.0,0.0,0.0,0.0,1.0,0.27,0.06
1919,0.10522650375230976,0.0,0.10522650375230976,0.0,0.0,0.0,0.0,1.0,0.27,0.06
1920,0.13916219745320274,0.0,0.13916219745320274,0.0,0.0,0.0,0.0,1.0,0.27,0.06
1921,0.087429523946878,0.0,0.087429523946878,0.0,0.0,0.0,0.0,1.0,0.27,0.06
1922,0.0799237162642995,0.0,0.0799237162642994,0.0,0.0,0.0,0.0,1.0,0.27,0.06
1923,0.049712983971252,0.0,0.049712983971252,0.0,0.0,0.0,0.0,1.0,0.27,0.06
1924,0.0223952075444493,0.0,0.02239520754444914,0.0,0.0,0.0,0.0,1.0,0.27,0.06
1925,0.03838036862808975,0.0,0.03838036862808975,0.0,0.0,0.0,0.0,1.0,0.27,0.06
1926,0.025345615143008,0.0,0.025345615143007975,0.0,0.0,0.0,0.0,1.0,0.27,0.06
1927,0.031004610775931,0.0,0.031004610775931,0.0,0.0,0.0,0.0,1.0,0.27,0.06
1928,0.025654809920552,0.0,0.025654809920552,0.0,0.0,0.0,0.0,1.0,0.27,0.06
1929,0.05542107472087975,0.0,0.05542107472087975,0.0,0.0,0.0,0.0,1.0,0.27,0.06
1930,0.07324782496941976,0.0,0.07324782496941976,0.0,0.0,0.0,0.0,1.0,0.27,0.06
1931,0.0744156620008195,0.0,0.0744156620008195,0.0,0.0,0.0,0.0,1.0,0.27,0.06
1932,0.035265440159723,0.0,0.035265440159723,0.0,0.0,0.0,0.0,1.0,0.27,0.06
1933,0.025377997028494,0.0,0.025377997028494,0.0,0.0,0.0,0.0,1.0,0.27,0.06
1934,0.024603443219206926,0.0,0.024603443219207023,0.0,0.0,0.0,0.0,1.0,0.27,0.06
1935,0.0333512528967175,0.0,0.0333512528967175,0.0,0.0,0.0,0.0,1.0,0.27,0.06
1936,0.02969209983679525,0.0,0.029692099836795105,0.0,0.0,0.0,0.0,1.0,0.27,0.06
1937,0.019899190919646426,0.0,0.019899190919646426,0.0,0.0,0.0,0.0,1.0,0.27,0.06
1938,0.03229831932994575,0.0,0.032298319329945535,0.0,0.0,0.0,0.0,1.0,0.27,0.06
1939,0.0315514468098645,0.0,0.0315514468098645,0.0,0.0,0.0,0.0,1.0,0.27,0.06
1940,0.07659987240570025,0.0,0.07659987240570025,0.0,0.0,0.0,0.0,1.0,0.27,0.06
1941,0.08336716418380676,0.0,0.08336716418380676,0.0,0.0,0.0,0.0,1.0,0.27,0.06
1942,0.0536776757893895,0.0,0.0536776757893895,0.0,0.0,0.0,0.0,1.0,0.27,0.06
1943,0.027717849399098,0.0,0.027717849399098,0.0,0.0,0.0,0.0,1.0,0.27,0.06
1944,0.024311483961357,0.0,0.024311483961357,0.0,0.0,0.0,0.0,1.0,0.27,0.06
1945,0.0286616246744735,0.0,0.0286616246744735,0.0,0.0,0.0,0.0,1.0,0.27,0.06
1946,0.0319745004750855,0.0,0.0319745004750855,0.0,0.0,0.0,0.0,1.0,0.27,0.06
1947,0.0211991669353682,0.0,0.0211991669353682,0.0,0.0,0.0,0.0,1.0,0.27,0.06
1948,0.03699264814847025,0.0,0.03699264814847032,0.0,0.0,0.0,0.0,1.0,0.27,0.06
1949,0.02762227060806675,0.0,0.02762227060806675,0.0,0.0,0.0,0.0,1.0,0.27,0.06
1950,0.026750048853846,0.0,0.026750048853846,0.0,0.0,0.0,0.0,1.0,0.27,0.06
1951,0.0471219108438935,0.0,0.04712191084389339,0.0,0.0,0.0,0.0,1.0,0.27,0.06
1952,0.1645281818467585,0.017211200156200285,0.1473169816905582,0.0,0.0,0.0,0.0,1.0,0.27,0.06
1953,0.09036791891049825,-0.0,0.09036791891049825,0.0,0.0,0.0,0.0,1.0,0.27,0.06
1954,0.07837043033792075,0.0783704303379209,-0.0,0.0,0.0,0.0,0.0,1.0,0.27,0.06
1955,0.096657316733448,0.096657316733448,0.0,0.0,0.0,0.0,0.0,1.0,0.27,0.06
1956,0.1412743320484535,0.0,0.1412743320484535,0.0,0.0,0.0,0.0,1.0,0.27,0.06
1957,0.222492801443719,0.222492801443719,0.0,0.0,0.0,0.0,0.0,1.0,0.27,0.06
1958,0.166523323823479,0.166523323823479,-0.0,0.0,0.0,0.0,0.0,1.0,0.27,0.06
1959,0.102747722647201,0.102747722647201,0.0,0.0,0.0,0.0,0.0,1.0,0.27,0.06
1960,0.116937255951793,0.11693725595179316,-0.0,0.0,0.0,0.0,0.0,1.0,0.27,0.06
1961,0.12923506039782975,0.12923506039782975,-0.0,0.0,0.0,0.0,0.0,1.0,0.27,0.06
1962,0.12601933025367576,0.1260193302536754,-0.0,0.0,0.0,0.0,0.0,1.0,0.27,0.06
1963,0.0726320468567095,0.0726320468567095,0.0,0.0,0.0,0.0,0.0,1.0,0.27,0.06
1964,0.076031622544268,0.076031622544268,0.0,0.0,0.0,0.0,0.0,1.0,0.27,0.06
1965,0.0798338826464995,0.0798338826464995,0.0,0.0,0.0,0.0,0.0,1.0,0.27,0.06
1966,0.031251653224881,0.031251653224881,0.0,0.0,0.0,0.0,0.0,1.0,0.27,0.06
1967,0.03630583880308075,0.03630583880308075,0.0,0.0,0.0,0.0,0.0,1.0,0.27,0.06
1968,0.0836481553836695,0.0836481553836695,0.0,0.0,0.0,0.0,0.0,1.0,0.27,0.06
1969,0.03290469625009575,0.03290469625009575,0.0,0.0,0.0,0.0,0.0,1.0,0.27,0.06
1970,0.19886029250061776,0.19886029250061776,0.0,0.0,0.0,0.0,0.0,1.0,0.27,0.06
1971,0.104688546622461,0.104688546622461,0.0,0.0,0.0,0.0,0.0,1.0,0.27,0.06
1972,0.121303065319177,0.121303065319177,0.0,0.0,0.0,0.0,0.0,1.0,0.27,0.06
1973,0.1341696419151215,0.1341696419151215,0.0,0.0,0.0,0.0,0.0,1.0,0.27,0.06
1974,0.158359432661668,0.158359432661668,0.0,0.0,0.0,0.0,0.0,1.0,0.27,0.06
1975,0.10669779038802225,0.10669779038802762,-0.0,0.0,0.0,0.0,0.0,1.0,0.27,0.06
1976,0.06325487956612325,0.06325487956612325,0.0,0.0,0.0,0.0,0.0,1.0,0.27,0.06
1977,0.0953667419102865,0.0953667419102865,0.0,0.0,0.0,0.0,0.0,1.0,0.27,0.06
1978,0.1841260123159945,0.1841260123159945,0.0,0.0,0.0,0.0,0.0,1.0,0.27,0.06
1979,0.094274636707846,0.094274636707846,0.0,0.0,0.0,0.0,0.0,1.0,0.27,0.06
1980,0.09614808546975626,0.09614808546975626,0.0,0.0,0.0,0.0,0.0,1.0,0.27,0.06
1981,0.28675987607552,0.28675987607552,0.0,0.0,0.0,0.0,0.0,1.0,0.27,0.06
1982,0.090179895059289,0.090179895059289,0.0,0.0,0.0,0.0,0.0,1.0,0.27,0.06
1983,0.09789096211277075,0.09789096211277075,0.0,0.0,0.0,-0.0,0.0,1.0,0.27,0.06
1984,0.0416310921001075,0.0416310921001075,0.0,0.0,0.0,0.0,0.0,1.0,0.27,0.06
1985,0.03512964515607175,0.03512964515607164,-0.0,0.0,0.0,0.0,0.0,1.0,0.27,0.06
1986,0.1071976204591535,-0.0,0.1071976204591535,0.0,0.0,0.0,0.0,1.0,0.27,0.06
1987,0.33415755523452,0.33415755523452,0.0,0.0,0.0,0.0,0.0,1.0,0.27,0.06
1988,0.0604068405087785,0.0604068405087785,0.0,0.0,0.0,0.0,0.0,1.0,0.27,0.06
1989,0.09514894761596925,0.09514894761596926,-0.0,0.0,0.0,0.0,0.0,1.0,0.27,0.06
1990,0.14642305184073376,0.0,0.14642305184073376,0.0,0.0,0.0,0.0,1.0,0.27,0.06
1991,0.143681037343932,0.0,0.143681037343932,0.0,0.0,0.0,0.0,1.0,0.27,0.06
1992,0.17559599693280126,0.0,0.17559599693280126,0.0,0.0,0.0,0.0,1.0,0.27,0.06
1993,0.4290505814974525,0.0,0.4290505814974525,0.0,0.0,0.0,0.0,1.0,0.27,0.06
1994,0.2808778632635225,0.0,0.2808778632635225,0.0,0.0,0.0,0.0,1.0,0.27,0.06
1995,0.16856547176300174,0.0,0.16856547176300174,0.0,0.0,0.0,0.0,1.0,0.27,0.06
1996,0.3702314979544425,0.0,0.3702314979544425,0.0,0.0,0.0,0.0,1.0,0.27,0.06
1997,0.396153197286015,0.0,0.396153197286015,0.0,0.0,0.0,0.0,1.0,0.27,0.06
1998,0.3807728462571,0.0,0.38077284625709984,0.0,0.0,0.0,0.0,1.0,0.27,0.06
1999,0.31752684559506,0.0,0.31752684559506,0.0,0.0,0.0,0.0,1.0,0.27,0.06
2000,0.262851076528835,0.0,0.262851076528835,0.0,0.0,0.0,0.0,1.0,0.27,0.06
2001,0.1281539232533765,0.0,0.1281539232533765,0.0,0.0,0.0,0.0,1.0,0.27,0.06
2002,0.13021539586649575,0.0,0.13021539586649575,0.0,0.0,0.0,0.0,1.0,0.27,0.06
2003,0.180579151278322,0.0,0.180579151278322,0.0,0.0,0.0,0.0,1.0,0.27,0.06
2004,0.1694773874413665,0.0,0.1694773874413665,0.0,0.0,0.0,0.0,1.0,0.27,0.06
2005,0.1922387192071985,0.0,0.1922387192071985,0.0,0.0,0.0,0.0,1.0,0.27,0.06
2006,0.2604986892348175,0.0,0.2604986892348175,0.0,0.0,0.0,0.0,1.0,0.27,0.06
2007,0.172435629367059,0.0,0.172435629367059,0.0,0.0,0.0,0.0,1.0,0.27,0.06
2008,0.2248608573920045,0.0,0.2248608573920045,0.0,0.0,0.0,0.0,1.0,0.27,0.06
2009,0.295841428088925,0.0,0.295841428088925,0.0,0.0,0.0,0.0,1.0,0.27,0.06
2010,0.1736833765352225,0.0,0.1736833765352225,0.0,0.0,0.0,0.0,1.0,0.27,0.06
2011,0.1542364874354295,0.0,0.1542364874354295,0.0,0.0,0.0,0.0,1.0,0.27,0.06
2012,0.138484789300374,0.0,0.138484789300374,0.0,0.0,0.0,0.0,1.0,0.27,0.06
2013,0.18270747681631574,0.0,0.18270747681631594,0.0,0.0,0.0,0.0,1.0,0.27,0.06
2014,0.29068748541189,0.0,0.29068748541189,0.0,0.0,0.0,0.0,1.0,0.27,0.06
2015,0.196316747624537,0.0,0.196316747624537,0.0,0.0,0.0,0.0,1.0,0.27,0.06
2016,0.157220843784901,0.0,0.157220843784901,0.0,0.0,0.0,0.0,1.0,0.27,0.06
2017,0.108560271091945,0.0,0.108560271091945,0.0,0.0,0.0,0.0,1.0,0.27,0.06
2018,0.06879792715746726,0.0,0.06879792715746726,0.0,0.0,0.0,0.0,1.0,0.27,0.06
2019,0.06247771431445825,0.0,0.06247771431445825,0.0,0.0,0.0,0.0,1.0,0.27,0.06
2020,0.0771346958046955,0.0,0.0771346958046955,0.0,0.0,0.0,0.0,1.0,0.27,0.06
2021,0.02981797135941025,0.0,0.02981797135941025,0.0,0.0,0.0,0.0,1.0,0.27,0.06
2022,0.0197743639739825,0.0,0.0197743639739825,0.0,0.0,0.0,0.0,1.0,0.27,0.06
2023,0.028562389864113,0.0,0.028562389864113,0.0,0.0,0.0,0.0,1.0,0.27,0.06
2024,0.02336770868598165,0.0,0.02336770868598165,0.0,0.0,0.0,0.0,1.0,0.27,0.06
2025,0.02164676815894135,0.0,0.02164676815894135,0.0,0.0,0.0,0.0,1.0,0.27,0.06
2026,0.02537329643221375,0.0,0.02537329643221375,0.0,0.0,0.0,0.0,1.0,0.27,0.06
2027,0.0481382842173745,0.0,0.048138284217374316,0.0,0.0,0.0,0.0,1.0,0.27,0.06
2028,0.083705084827508,0.0,0.083705084827508,0.0,0.0,0.0,0.0,1.0,0.27,0.06
2029,0.02169690785259715,0.0,0.02169690785259715,0.0,0.0,0.0,0.0,1.0,0.27,0.06
2030,0.0252625712753905,0.0,0.0252625712753905,0.0,0.0,0.0,0.0,1.0,0.27,0.06
2031,0.025445372241844,0.0,0.025445372241844,0.0,0.0,0.0,0.0,1.0,0.27,0.06
2032,0.020256436236944,0.0,0.020256436236944,0.0,0.0,0.0,0.0,1.0,0.27,0.06
2033,0.033148604968192,0.0,0.033148604968192,0.0,0.0,0.0,0.0,1.0,0.27,0.06
2034,0.023444485091892075,0.0,0.023444485091892075,0.0,0.0,0.0,0.0,1.0,0.27,0.06
2035,0.024834817013889426,0.0,0.024834817013889426,0.0,0.0,0.0,0.0,1.0,0.27,0.06
2036,0.0533470671843465,0.0,0.0533470671843465,0.0,0.0,0.0,0.0,1.0,0.27,0.06
2037,0.07135191780305974,0.0,0.07135191780305974,0.0,0.0,0.0,0.0,1.0,0.27,0.06
2038,0.06597652481237724,0.0,0.06597652481237724,0.0,0.0,0.0,0.0,1.0,0.27,0.06
2039,0.020231366390116124,0.0,0.020231366390116124,0.0,0.0,0.0,0.0,1.0,0.27,0.06
2040,0.024590908295792975,0.0,0.024590908295792975,0.0,0.0,0.0,0.0,1.0,0.27,0.06
2041,0.0251043178672895,0.0,0.0251043178672895,0.0,0.0,0.0,0.0,1.0,0.27,0.06
2042,0.01991799330476735,0.0,0.01991799330476735,0.0,0.0,0.0,0.0,1.0,0.27,0.06
2043,0.030342348988894,0.0,0.030342348988894,0.0,0.0,0.0,0.0,1.0,0.27,0.06
2044,0.01995664265196035,0.0,0.01995664265196035,0.0,0.0,0.0,0.0,1.0,0.27,0.06
2045,0.02391924531619545,0.0,0.02391924531619545,0.0,0.0,0.0,0.0,1.0,0.27,0.06
2046,0.02664559115872975,0.0,0.02664559115872975,0.0,0.0,0.0,0.0,1.0,0.27,0.06
2047,0.06059381978303675,0.0,0.06059381978303675,0.0,0.0,0.0,0.0,1.0,0.27,0.06
2048,0.079270855669823,0.0,0.079270855669823,0.0,0.0,0.0,0.0,1.0,0.27,0.06
2049,0.035753257595916,0.035753257595916,0.0,0.0,0.0,0.0,0.0,1.0,0.27,0.06
2050,0.022115783210013326,0.022115783210013173,-0.0,0.0,0.0,0.0,0.0,1.0,0.27,0.06
2051,0.024988369825710326,0.024988369825710326,0.0,0.0,0.0,0.0,0.0,1.0,0.27,0.06
2052,0.018934524105247826,0.018934524105247826,0.0,0.0,0.0,0.0,0.0,1.0,0.27,0.06
2053,0.0274828195850865,0.0274828195850865,0.0,0.0,0.0,0.0,0.0,1.0,0.27,0.06
2054,0.0221001145557459,0.0221001145557459,0.0,0.0,0.0,0.0,0.0,1.0,0.27,0.06
2055,0.20640213808801125,0.20640213808801125,0.0,0.0,0.0,0.0,0.0,1.0,0.27,0.06
2056,0.091896134990049,0.09189613499004867,-0.0,0.0,0.0,0.0,0.0,1.0,0.27,0.06
2057,0.2073673271908855,0.2073673271908855,0.0,0.0,0.0,0.0,0.0,1.0,0.27,0.06
2058,0.3266674162062075,0.3266674162062075,0.0,0.0,0.0,0.0,0.0,1.0,0.27,0.06
2059,0.30519039180183,0.16819182268446514,0.13699856911736485,0.0,0.0,0.0,0.0,1.0,0.27,0.06
2060,0.26795540180069,0.26795540180069,0.0,0.0,0.0,0.0,0.0,1.0,0.27,0.06
2061,0.15191230371909276,0.15191230371909276,0.0,0.0,0.0,0.0,0.0,1.0,0.27,0.06
2062,0.1049225318595215,0.1049225318595215,0.0,0.0,0.0,0.0,0.0,1.0,0.27,0.06
2063,0.08594935840708075,0.08594935840708075,0.0,0.0,0.0,0.0,0.0,1.0,0.27,0.06
2064,0.08645493365144324,0.08645493365144324,0.0,0.0,0.0,0.0,0.0,1.0,0.27,0.06
2065,0.06270490980133625,0.06270490980133658,-0.0,0.0,0.0,0.0,0.0,1.0,0.27,0.06
2066,0.029132206590972,0.029132206590972,0.0,0.0,0.0,0.0,0.0,1.0,0.27,0.06
2067,0.0196542376245988,0.0196542376245988,0.0,0.0,0.0,0.0,0.0,1.0,0.27,0.06
2068,0.286159766617075,0.2861597666170752,-0.0,0.0,0.0,0.0,0.0,1.0,0.27,0.06
2069,0.40515953975894,0.40515953975894003,-0.0,0.0,0.0,0.0,0.0,1.0,0.27,0.06
2070,0.17148297518759875,0.17148297518759875,0.0,0.0,0.0,0.0,0.0,1.0,0.27,0.06
2071,0.0846697516419065,0.0846697516419065,0.0,0.0,0.0,0.0,0.0,1.0,0.27,0.06
2072,0.26583386601288,0.26583386601288,0.0,0.0,0.0,0.0,0.0,1.0,0.27,0.06
2073,0.16917028181772475,0.16917028181772475,0.0,0.0,0.0,0.0,0.0,1.0,0.27,0.06
2074,0.2794635060716475,0.2794635060716475,0.0,0.0,0.0,0.0,0.0,1.0,0.27,0.06
2075,0.0699615858810625,0.0699615858810625,0.0,0.0,0.0,0.0,0.0,1.0,0.27,0.06
2076,0.03830724824150825,0.03830724824150825,0.0,0.0,0.0,0.0,0.0,1.0,0.27,0.06
2077,0.04304388242655475,0.04304388242655475,0.0,0.0,0.0,0.0,0.0,1.0,0.27,0.06
2078,0.07307129146467325,0.07307129146467325,0.0,0.0,0.0,0.0,0.0,1.0,0.27,0.06
2079,0.09885458435021825,0.09885458435021825,0.0,0.0,0.0,0.0,0.0,1.0,0.27,0.06
2080,0.137626669334994,0.137626669334994,0.0,0.0,0.0,0.0,0.0,1.0,0.27,0.06
2081,0.14606737338886275,0.14606737338886244,-0.0,0.0,0.0,0.0,0.0,1.0,0.27,0.06
2082,0.0540281313565045,0.0540281313565045,0.0,0.0,0.0,0.0,0.0,1.0,0.27,0.06
2083,0.06091607177247025,0.06091607177247025,0.0,0.0,0.0,0.0,0.0,1.0,0.27,0.06
2084,0.1086234679974905,0.1086234679974905,0.0,0.0,0.0,0.0,0.0,1.0,0.27,0.06
2085,0.1359856389447175,0.0,0.1359856389447175,0.0,0.0,0.0,0.0,1.0,0.27,0.06
2086,0.1446033987918085,0.0,0.1446033987918085,0.0,0.0,0.0,0.0,1.0,0.27,0.06
2087,0.2658996743608025,-0.0,0.2658996743608025,0.0,0.0,0.0,0.0,1.0,0.27,0.06
2088,0.2956445253336325,0.0,0.2956445253336325,0.0,0.0,0.0,0.0,1.0,0.27,0.06
2089,0.24932798331908476,0.0,0.24932798331908476,0.0,0.0,0.0,0.0,1.0,0.27,0.06
2090,0.20011691857286626,0.0,0.20011691857286626,0.0,0.0,0.0,0.0,1.0,0.27,0.06
2091,0.3834015241547,0.0,0.3834015241547,0.0,0.0,0.0,0.0,1.0,0.27,0.06
2092,0.273883898287015,0.0,0.273883898287015,0.0,0.0,0.0,0.0,1.0,0.27,0.06
2093,0.20909505746810825,0.0,0.20909505746810825,0.0,0.0,0.0,0.0,1.0,0.27,0.06
2094,0.3531516202259825,0.0,0.3531516202259825,0.0,0.0,0.0,0.0,1.0,0.27,0.06
2095,0.4099285558294725,0.0,0.4099285558294725,0.0,0.0,0.0,0.0,1.0,0.27,0.06
2096,0.32548182136664,0.0,0.32548182136664,0.0,0.0,0.0,0.0,1.0,0.27,0.06
2097,0.2610789517311875,0.0,0.2610789517311875,0.0,0.0,0.0,0.0,1.0,0.27,0.06
2098,0.235432498426245,0.0,0.235432498426245,0.0,0.0,0.0,0.0,1.0,0.27,0.06
2099,0.237552989637105,0.0,0.237552989637105,0.0,0.0,0.0,0.0,1.0,0.27,0.06
2100,0.29063421198738,0.0,0.29063421198738,0.0,0.0,0.0,0.0,1.0,0.27,0.06
2101,0.33304508078153,0.0,0.33304508078153,0.0,0.0,0.0,0.0,1.0,0.27,0.06
2102,0.5067765078565075,0.0,0.5067765078565075,0.0,0.0,0.0,0.0,1.0,0.27,0.06
2103,0.354151280368245,0.0,0.354151280368245,0.0,0.0,0.0,0.0,1.0,0.27,0.06
2104,0.2944913123795475,0.0,0.2944913123795475,0.0,0.0,0.0,0.0,1.0,0.27,0.06
2105,0.17088652174848476,0.0,0.17088652174848476,0.0,0.0,0.0,0.0,1.0,0.27,0.06
2106,0.1743968225928665,0.0,0.1743968225928665,0.0,0.0,0.0,0.0,1.0,0.27,0.06
2107,0.20764622923684575,0.0,0.20764622923684575,0.0,0.0,0.0,0.0,1.0,0.27,0.06
2108,0.4380438667584875,0.0,0.4380438667584875,0.0,0.0,0.0,0.0,1.0,0.27,0.06
2109,0.21662018982428324,0.0,0.21662018982428324,0.0,0.0,0.0,0.0,1.0,0.27,0.06
2110,0.17263409898777976,0.0,0.17263409898777976,0.0,0.0,0.0,0.0,1.0,0.27,0.06
2111,0.18384502111613174,0.0,0.18384502111613174,0.0,0.0,0.0,0.0,1.0,0.27,0.06
2112,0.17600390423223025,0.0,0.17600390423223025,0.0,0.0,0.0,0.0,1.0,0.27,0.06
2113,0.0781077192347035,0.0,0.0781077192347035,0.0,0.0,0.0,0.0,1.0,0.27,0.06
2114,0.093116200869007,0.0,0.093116200869007,0.0,0.0,0.0,0.0,1.0,0.27,0.06
2115,0.05246439966061425,0.0,0.052464399660614405,0.0,0.0,0.0,0.0,1.0,0.27,0.06
2116,0.0235055928435351,0.0,0.0235055928435351,0.0,0.0,0.0,0.0,1.0,0.27,0.06
2117,0.032730774187727,0.0,0.032730774187727,0.0,0.0,0.0,0.0,1.0,0.27,0.06
2118,0.021717277103144826,0.0,0.021717277103144826,0.0,0.0,0.0,0.0,1.0,0.27,0.06
2119,0.02720496211607725,0.0,0.02720496211607725,0.0,0.0,0.0,0.0,1.0,0.27,0.06
2120,0.035509871166295,0.0,0.035509871166295,0.0,0.0,0.0,0.0,1.0,0.27,0.06
2121,0.07820643175658824,0.0,0.07820643175658824,0.0,0.0,0.0,0.0,1.0,0.27,0.06
2122,0.05353822476640925,0.0,0.05353822476640925,0.0,0.0,0.0,0.0,1.0,0.27,0.06
2123,0.02567987976738,0.0,0.02567987976738,0.0,0.0,0.0,0.0,1.0,0.27,0.06
2124,0.0297317937609395,0.0,0.0297317937609395,0.0,0.0,0.0,0.0,1.0,0.27,0.06
2125,0.020786559039659,0.0,0.020786559039659,0.0,0.0,0.0,0.0,1.0,0.27,0.06
2126,0.0268555511259135,0.0,0.0268555511259135,0.0,0.0,0.0,0.0,1.0,0.27,0.06
2127,0.0296168902963115,0.0,0.0296168902963115,0.0,0.0,0.0,0.0,1.0,0.27,0.06
2128,0.02417621124618145,0.0,0.02417621124618145,0.0,0.0,0.0,0.0,1.0,0.27,0.06
2129,0.03792441078890725,0.0,0.03792441078890725,0.0,0.0,0.0,0.0,1.0,0.27,0.06
2130,0.08380954252262425,0.0,0.08380954252262425,0.0,0.0,0.0,0.0,1.0,0.27,0.06
2131,0.07933039655603925,0.0,0.07933039655603925,0.0,0.0,0.0,0.0,1.0,0.27,0.06
2132,0.020645018862776476,0.0,0.020645018862776476,0.0,0.0,0.0,0.0,1.0,0.27,0.06
2133,0.020319110854013774,0.0,0.020319110854013774,0.0,0.0,0.0,0.0,1.0,0.27,0.06
2134,0.037074125150661,0.0,0.037074125150661,0.0,0.0,0.0,0.0,1.0,0.27,0.06
2135,0.0238570929876013,0.0,0.0238570929876013,0.0,0.0,0.0,0.0,1.0,0.27,0.06
2136,0.02049512207028465,0.0,0.02049512207028465,0.0,0.0,0.0,0.0,1.0,0.27,0.06
2137,0.02378292802406875,0.0,0.02378292802406875,0.0,0.0,0.0,0.0,1.0,0.27,0.06
2138,0.03793433426994325,0.0,0.03793433426994325,0.0,0.0,0.0,0.0,1.0,0.27,0.06
2139,0.020493032916382325,0.0,0.020493032916382325,0.0,0.0,0.0,0.0,1.0,0.27,0.06
2140,0.05476194666469625,0.0,0.05476194666469625,0.0,0.0,0.0,0.0,1.0,0.27,0.06
2141,0.081976309973334,0.0,0.081976309973334,0.0,0.0,0.0,0.0,1.0,0.27,0.06
2142,0.0674754927372955,0.0,0.0674754927372955,0.0,0.0,0.0,0.0,1.0,0.27,0.06
2143,0.04309506669716175,0.0,0.04309506669716175,0.0,0.0,0.0,0.0,1.0,0.27,0.06
2144,0.2574062191709,0.0,0.2574062191709,0.0,0.0,0.0,0.0,1.0,0.27,0.06
2145,0.2905506458312875,0.0,0.2905506458312875,0.0,0.0,0.0,0.0,1.0,0.27,0.06
2146,0.192055918240745,0.06208975218912863,0.12996616605161637,0.0,0.0,0.0,0.0,1.0,0.27,0.06
2147,0.19127875298908,0.0,0.19127875298908,0.0,0.0,0.0,0.0,1.0,0.27,0.06
2148,0.1766170709025625,0.1766170709025625,0.0,0.0,0.0,0.0,0.0,1.0,0.27,0.06
2149,0.1834600945096285,0.0,0.1834600945096285,0.0,0.0,0.0,0.0,1.0,0.27,0.06
2150,0.18157881142058474,0.18157881142058416,-0.0,0.0,0.0,0.0,0.0,1.0,0.27,0.06
2151,0.14540145558249676,0.14540145558249856,-0.0,0.0,0.0,0.0,0.0,1.0,0.27,0.06
2152,0.140855978979513,0.140855978979513,0.0,0.0,0.0,0.0,0.0,1.0,0.27,0.06
2153,0.13012556224869576,0.13012556224869576,0.0,0.0,0.0,0.0,0.0,1.0,0.27,0.06
2154,0.164890650048812,0.164890650048812,0.0,0.0,0.0,0.0,0.0,1.0,0.27,0.06
2155,0.0920340191476025,0.0920340191476025,0.0,0.0,0.0,0.0,0.0,1.0,0.27,0.06
2156,0.09510089707621575,0.09510089707621575,0.0,0.0,0.0,0.0,0.0,1.0,0.27,0.06
2157,0.163902480253012,0.163902480253012,0.0,0.0,0.0,0.0,0.0,1.0,0.27,0.06
2158,0.18161432703692426,0.18161432703692426,0.0,0.0,0.0,0.0,0.0,1.0,0.27,0.06
2159,0.076444230439977,0.076444230439977,0.0,0.0,0.0,0.0,0.0,1.0,0.27,0.06
2160,0.132261722113823,0.132261722113823,0.0,0.0,0.0,0.0,0.0,1.0,0.27,0.06
2161,0.1419580076629895,0.1419580076629895,0.0,0.0,0.0,0.0,0.0,1.0,0.27,0.06
2162,0.06598018083170624,0.06598018083170624,0.0,0.0,0.0,0.0,0.0,1.0,0.27,0.06
2163,0.039320487884136,0.039320487884136,0.0,0.0,0.0,0.0,0.0,1.0,0.27,0.06
2164,0.0544783440224555,0.0544783440224555,0.0,0.0,0.0,0.0,0.0,1.0,0.27,0.06
2165,0.08462013423672625,0.08462013423672625,0.0,0.0,0.0,0.0,0.0,1.0,0.27,0.06
2166,0.1061201393340295,0.10612013933402942,-0.0,0.0,0.0,0.0,0.0,1.0,0.27,0.06
2167,0.36239403708987,0.20078708143232635,0.16160695565754365,0.0,0.0,0.0,0.0,1.0,0.27,0.06
2168,0.1151270040954285,0.1151270040954285,0.0,0.0,0.0,0.0,0.0,1.0,0.27,0.06
2169,0.034554605544457,0.034554605544457,0.0,0.0,0.0,0.0,0.0,1.0,0.27,0.06
2170,0.07162873069511776,0.07162873069511776,0.0,0.0,0.0,0.0,0.0,1.0,0.27,0.06
2171,0.111644906828728,0.111644906828728,0.0,0.0,0.0,0.0,0.0,1.0,0.27,0.06
2172,0.1202146161360655,0.1202146161360655,0.0,0.0,0.0,0.0,0.0,1.0,0.27,0.06
2173,0.13479795495124575,0.13479795495124575,0.0,0.0,0.0,0.0,0.0,1.0,0.27,0.06
2174,0.07183764608535025,0.07183764608535025,0.0,0.0,0.0,0.0,0.0,1.0,0.27,0.06
2175,0.1205864855306795,0.12058648553067952,-0.0,0.0,0.0,0.0,0.0,1.0,0.27,0.06
2176,0.0586007669602185,0.0586007669602185,0.0,0.0,0.0,0.0,0.0,1.0,0.27,0.06
2177,0.0661582812018795,0.06615828120187928,-0.0,0.0,0.0,0.0,0.0,1.0,0.27,0.06
2178,0.135306663926462,-0.0,0.135306663926462,0.0,0.0,0.0,0.0,1.0,0.27,0.06
2179,0.25139572339391,0.11588979099647417,0.1355059323974358,0.0,0.0,0.0,0.0,1.0,0.27,0.06
2180,0.221125972503123,0.0,0.221125972503123,0.0,0.0,0.0,0.0,1.0,0.27,0.06
2181,0.283396338292775,0.0,0.283396338292775,0.0,0.0,0.0,0.0,1.0,0.27,0.06
2182,0.278202701691595,0.0,0.278202701691595,0.0,0.0,0.0,0.0,1.0,0.27,0.06
2183,0.1184957647629275,0.0,0.1184957647629275,0.0,0.0,0.0,0.0,1.0,0.27,0.06
2184,0.07422711586113474,0.0,0.07422711586113474,0.0,0.0,0.0,0.0,1.0,0.27,0.06
2185,0.1161971731818945,0.0,0.1161971731818945,0.0,0.0,0.0,0.0,1.0,0.27,0.06
2186,0.1264324604378605,0.0,0.1264324604378605,0.0,0.0,0.0,0.0,1.0,0.27,0.06
2187,0.08139604747696325,0.0,0.08139604747696325,0.0,0.0,0.0,0.0,1.0,0.27,0.06
2188,0.07215206374765025,0.0,0.07215206374765025,0.0,0.0,0.0,0.0,1.0,0.27,0.06
2189,0.06039221643146225,0.0,0.06039221643146214,0.0,0.0,0.0,0.0,1.0,0.27,0.06
2190,0.275043378702805,0.0,0.275043378702805,0.0,0.0,0.0,0.0,1.0,0.27,0.06
2191,0.23199949627624925,0.0,0.23199949627624925,0.0,0.0,0.0,0.0,1.0,0.27,0.06
2192,0.2149770702801045,0.0,0.21497707028010415,0.0,0.0,0.0,0.0,1.0,0.27,0.06
2193,0.1890752179106025,0.0,0.1890752179106025,0.0,0.0,0.0,0.0,1.0,0.27,0.06
2194,0.139552346944462,0.0,0.139552346944462,0.0,0.0,0.0,0.0,1.0,0.27,0.06
2195,0.1552904655791525,0.0,0.1552904655791525,0.0,0.0,0.0,0.0,1.0,0.27,0.06
2196,0.1909413546338545,0.0,0.1909413546338545,0.0,0.0,0.0,0.0,1.0,0.27,0.06
2197,0.201240883372317,0.0,0.201240883372317,0.0,0.0,0.0,0.0,1.0,0.27,0.06
2198,0.21206740118264125,0.0,0.21206740118264125,0.0,0.0,0.0,0.0,1.0,0.27,0.06
2199,0.3657387724874925,0.0,0.3657387724874925,0.0,0.0,0.0,0.0,1.0,0.27,0.06
2200,0.2905229645420825,0.0,0.2905229645420825,0.0,0.0,0.0,0.0,1.0,0.27,0.06
2201,0.21330626944672024,0.0,0.2133062694467202,0.0,0.0,0.0,0.0,1.0,0.27,0.06
2202,0.1893823235342445,0.0,0.1893823235342445,0.0,0.0,0.0,0.0,1.0,0.27,0.06
2203,0.3931662294941675,0.0,0.3931662294941675,0.0,0.0,0.0,0.0,1.0,0.27,0.06
2204,0.144105135586104,0.0,0.144105135586104,0.0,0.0,0.0,0.0,1.0,0.27,0.06
2205,0.291645362476105,0.0,0.291645362476105,0.0,0.0,0.0,0.0,1.0,0.27,0.06
2206,0.238456026411385,0.0,0.238456026411385,0.0,0.0,0.0,0.0,1.0,0.27,0.06
2207,0.161096224273714,0.0,0.161096224273714,0.0,0.0,0.0,0.0,1.0,0.27,0.06
2208,0.14183474758275225,0.0,0.14183474758275225,0.0,0.0,0.0,0.0,1.0,0.27,0.06
2209,0.339979504871825,0.0,0.339979504871825,0.0,0.0,0.0,0.0,1.0,0.27,0.06
2210,0.097616238374615,0.0,0.097616238374615,0.0,0.0,0.0,0.0,1.0,0.27,0.06
2211,0.054510203619466,0.0,0.054510203619466,0.0,0.0,0.0,0.0,1.0,0.27,0.06
2212,0.0314229638448715,0.0,0.0314229638448715,0.0,0.0,0.0,0.0,1.0,0.27,0.06
2213,0.02994279830507425,0.0,0.02994279830507418,0.0,0.0,0.0,0.0,1.0,0.27,0.06
2214,0.0215005273857786,0.0,0.0215005273857786,0.0,0.0,0.0,0.0,1.0,0.27,0.06
2215,0.02441855309885115,0.0,0.02441855309885115,0.0,0.0,0.0,0.0,1.0,0.27,0.06
2216,0.03829680247199675,0.0,0.03829680247199675,0.0,0.0,0.0,0.0,1.0,0.27,0.06
2217,0.0539769470858975,0.0,0.05397694708589727,0.0,0.0,0.0,0.0,1.0,0.27,0.06
2218,0.10613894171915025,0.0,0.10613894171915025,0.0,0.0,0.0,0.0,1.0,0.27,0.06
2219,0.0893123739013485,0.0,0.0893123739013485,0.0,0.0,0.0,0.0,1.0,0.27,0.06
2220,0.04513564777125775,0.0,0.04513564777125775,0.0,0.0,0.0,0.0,1.0,0.27,0.06
2221,0.036978024071154,0.0,0.036978024071154,0.0,0.0,0.0,0.0,1.0,0.27,0.06
2222,0.0208142403288648,0.0,0.0208142403288648,0.0,0.0,0.0,0.0,1.0,0.27,0.06
2223,0.02641160592166925,0.0,0.02641160592166925,0.0,0.0,0.0,0.0,1.0,0.27,0.06
2224,0.02795653523243875,0.0,0.02795653523243875,0.0,0.0,0.0,0.0,1.0,0.27,0.06
2225,0.020755221731124124,0.0,0.020755221731124124,0.0,0.0,0.0,0.0,1.0,0.27,0.06
2226,0.033269775894527,0.0,0.033269775894527065,0.0,0.0,0.0,0.0,1.0,0.27,0.06
2227,0.02702268343809925,0.0,0.02702268343809925,0.0,0.0,0.0,0.0,1.0,0.27,0.06
2228,0.0638659570825535,0.0,0.06386595708255331,0.0,0.0,0.0,0.0,1.0,0.27,0.06
2229,0.0785704668240685,0.0,0.0785704668240685,0.0,0.0,0.0,0.0,1.0,0.27,0.06
2230,0.0616368298687725,0.0,0.06163682986877239,0.0,0.0,0.0,0.0,1.0,0.27,0.06
2231,0.0289285140854955,0.0,0.0289285140854955,0.0,0.0,0.0,0.0,1.0,0.27,0.06
2232,0.0258987186386485,0.0,0.0258987186386485,0.0,0.0,0.0,0.0,1.0,0.27,0.06
2233,0.02745513829588075,0.0,0.02745513829588075,0.0,0.0,0.0,0.0,1.0,0.27,0.06
2234,0.0271997392313215,0.0,0.0271997392313215,0.0,0.0,0.0,0.0,1.0,0.27,0.06
2235,0.02419553591977795,0.0,0.02419553591977795,0.0,0.0,0.0,0.0,1.0,0.27,0.06
2236,0.028849126237207,0.0,0.028849126237207,0.0,0.0,0.0,0.0,1.0,0.27,0.06
2237,0.02746349491149,0.0,0.02746349491149,0.0,0.0,0.0,0.0,1.0,0.27,0.06
2238,0.0317049996216855,0.0,0.0317049996216855,0.0,0.0,0.0,0.0,1.0,0.27,0.06
2239,0.07195933930016075,0.0,0.07195933930016096,0.0,0.0,0.0,0.0,1.0,0.27,0.06
2240,0.273740791244705,0.0,0.27374079124470496,0.0,0.0,0.0,0.0,1.0,0.27,0.06
2241,0.29545806834785,-0.0,0.29545806834785,0.0,0.0,0.0,0.0,1.0,0.27,0.06
2242,0.18686228163956475,-0.0,0.18686228163956475,0.0,0.0,0.0,0.0,1.0,0.27,0.06
2243,0.15067395774348974,0.15067395774348974,0.0,0.0,0.0,0.0,0.0,1.0,0.27,0.06
2244,0.16613056288984174,0.16613056288984174,-0.0,0.0,0.0,0.0,0.0,1.0,0.27,0.06
2245,0.109179182935509,0.109179182935509,0.0,0.0,0.0,0.0,0.0,1.0,0.27,0.06
2246,0.0891363626850775,0.0891363626850775,0.0,0.0,0.0,0.0,0.0,1.0,0.27,0.06
2247,0.3426922712139925,0.0,0.3426922712139925,0.0,0.0,0.0,0.0,1.0,0.27,0.06
2248,0.118971569564182,-0.0,0.118971569564182,0.0,0.0,0.0,0.0,1.0,0.27,0.06
2249,0.11037731269849226,0.11037731269849226,0.0,0.0,0.0,0.0,0.0,1.0,0.27,0.06
2250,0.23651676930155174,0.0,0.23651676930155174,0.0,0.0,0.0,0.0,1.0,0.27,0.06
2251,0.16294930378507624,0.16294930378507624,0.0,0.0,0.0,0.0,0.0,1.0,0.27,0.06
2252,0.10117354518179925,0.10117354518179925,0.0,0.0,0.0,0.0,0.0,1.0,0.27,0.06
2253,0.08028461760092626,0.08028461760092626,0.0,0.0,0.0,0.0,0.0,1.0,0.27,0.06
2254,0.04313267146740375,0.04313267146740375,0.0,0.0,0.0,0.0,0.0,1.0,0.27,0.06
2255,0.1983928443149725,0.1983928443149725,-0.0,0.0,0.0,0.0,0.0,1.0,0.27,0.06
2256,0.12238211330972774,0.12238211330972774,0.0,0.0,0.0,0.0,0.0,1.0,0.27,0.06
2257,0.06149372282646325,0.06149372282646325,0.0,0.0,0.0,0.0,0.0,1.0,0.27,0.06
2258,0.07818031733280925,0.07818031733280925,0.0,0.0,0.0,0.0,0.0,1.0,0.27,0.06
2259,0.03245187214176675,0.03245187214176675,0.0,0.0,0.0,0.0,0.0,1.0,0.27,0.06
2260,0.0862303496069435,0.0862303496069435,0.0,0.0,0.0,0.0,0.0,1.0,0.27,0.06
2261,0.019666250259537176,3.319666250259537,0.0,0.0,3.3,0.0,0.0,1.78375,0.27,0.06
2262,0.020564586437536975,0.020564586437536975,0.0,0.0,0.0,0.0,0.0,1.78375,0.27,0.06
2263,0.033428029302628,0.033428029302628,0.0,0.0,0.0,0.0,0.0,1.78375,0.27,0.06
2264,0.0192332731132803,0.0192332731132803,0.0,0.0,0.0,0.0,0.0,1.78375,0.27,0.06
2265,0.04632959922643675,0.04632959922643675,0.0,0.0,0.0,0.0,0.0,1.78375,0.27,0.06
2266,0.03749404508502825,0.03749404508502785,-0.0,0.0,0.0,0.0,0.0,1.78375,0.27,0.06
2267,0.022354469043353975,0.022354469043353975,0.0,0.0,0.0,0.0,0.0,1.78375,0.27,0.06
2268,0.0257028604603055,0.025702860460305565,-0.0,0.0,0.0,0.0,0.0,1.78375,0.27,0.06
2269,0.022390506948169075,0.022390506948169075,0.0,0.0,0.0,0.0,0.0,1.78375,0.27,0.06
2270,0.024963299978882424,0.024963299978882424,0.0,0.0,0.0,0.0,0.0,1.78375,0.27,0.06
2271,0.02684823908725525,0.026848239087255088,-0.0,0.0,0.0,0.0,0.0,1.78375,0.27,0.06
2272,0.07148040076805275,0.07148040076805275,0.0,0.0,0.0,0.0,0.0,1.78375,0.27,0.06
2273,0.02477318697377085,0.02477318697377085,0.0,0.0,0.0,0.0,0.0,1.78375,0.27,0.06
2274,0.027599289915141,0.027599289915141,0.0,0.0,0.0,0.0,0.0,1.78375,0.27,0.06
2275,0.02177525112393435,0.02177525112393435,0.0,0.0,0.0,0.0,0.0,1.78375,0.27,0.06
2276,0.024466603638604624,0.024466603638604624,0.0,0.0,0.0,0.0,0.0,1.78375,0.27,0.06
2277,0.02917503424596975,0.029175034245969567,-0.0,0.0,0.0,0.0,0.0,1.78375,0.27,0.06
2278,0.022292839003235376,0.02229283900323553,-0.0,0.0,0.0,0.0,0.0,1.78375,0.27,0.06
2279,0.046126951297911,0.013435738878353226,0.032691212419557775,0.0,0.0,0.0,0.0,1.78375,0.27,0.06
2280,0.081208023625754,0.0,0.081208023625754,0.0,0.0,0.0,0.0,1.78375,0.27,0.06
2281,0.0757041476700785,0.0,0.07570414767007883,0.0,0.0,0.0,0.0,1.78375,0.27,0.06
2282,0.02805002486956775,0.0,0.02805002486956775,0.0,0.0,0.0,0.0,1.78375,0.27,0.06
2283,0.03059879263040425,0.0,0.03059879263040425,0.0,0.0,0.0,0.0,1.78375,0.27,0.06
2284,0.023828367121444326,0.0,0.023828367121444326,0.0,0.0,0.0,0.0,1.78375,0.27,0.06
2285,0.022341934119940024,0.0,0.022341934119940024,0.0,0.0,0.0,0.0,1.78375,0.27,0.06
2286,0.036049917450046,0.0,0.036049917450046,0.0,0.0,0.0,0.0,1.78375,0.27,0.06
2287,0.022934731539724775,0.0,0.022934731539724775,0.0,0.0,0.0,0.0,1.78375,0.27,0.06
2288,0.0675204095461955,0.0,0.0675204095461955,0.0,0.0,0.0,0.0,1.78375,0.27,0.06
2289,0.4000943861227525,0.0,0.4000943861227526,0.0,0.0,0.0,0.0,1.78375,0.27,0.06
2290,0.30809118199521,0.0,0.30809118199521013,0.0,0.0,0.0,0.0,1.78375,0.27,0.06
2291,0.16693958773851725,0.0,0.16693958773851716,0.0,0.0,0.0,0.0,1.78375,0.27,0.06
2292,0.20776687787470524,0.0,0.20776687787470524,0.0,0.0,0.0,0.0,1.78375,0.27,0.06
2293,0.17657581011299175,0.0,0.17657581011299175,0.0,0.0,0.0,0.0,1.78375,0.27,0.06
2294,0.2527902336237125,0.0,0.2527902336237125,0.0,0.0,0.0,0.0,1.78375,0.27,0.06
2295,0.35739782553246,0.0,0.35739782553246,0.0,0.0,0.0,0.0,1.78375,0.27,0.06
2296,0.16378183161515275,0.0,0.16378183161515275,0.0,0.0,0.0,0.0,1.78375,0.27,0.06
2297,0.2500675438005075,0.0,0.2500675438005075,0.0,0.0,0.0,0.0,1.78375,0.27,0.06
2298,0.22423828952911176,0.0,0.22423828952911176,0.0,0.0,0.0,0.0,1.78375,0.27,0.06
2299,0.16744725213678224,0.0,0.16744725213678224,0.0,0.0,0.0,0.0,1.78375,0.27,0.06
2300,0.13043736846861775,0.0,0.13043736846861775,0.0,0.0,0.0,0.0,1.78375,0.27,0.06
2301,0.1235337593983845,0.0,0.1235337593983845,0.0,0.0,0.0,0.0,1.78375,0.27,0.06
2302,0.11830721862324275,0.0,0.11830721862324278,0.0,0.0,0.0,0.0,1.78375,0.27,0.06
2303,0.10764574397120225,0.0,0.10764574397120202,0.0,0.0,0.0,0.0,1.78375,0.27,0.06
2304,0.10465982075630426,0.0,0.10465982075630426,0.0,0.0,0.0,0.0,1.78375,0.27,0.06
2305,0.093734590424095,0.0,0.093734590424095,0.0,0.0,0.0,0.0,1.78375,0.27,0.06
2306,0.07110800908496324,0.0,0.07110800908496324,0.0,0.0,0.0,0.0,1.78375,0.27,0.06
2307,0.0335497225174385,0.0,0.0335497225174385,0.0,0.0,0.0,0.0,1.78375,0.27,0.06
2308,0.036644804023733,0.0,0.036644804023733,0.0,0.0,0.0,0.0,1.78375,0.27,0.06
2309,0.019462557754060476,0.0,0.019462557754060476,0.0,0.0,0.0,0.0,1.78375,0.27,0.06
2310,0.02619015560802275,0.0,0.02619015560802275,0.0,0.0,0.0,0.0,1.78375,0.27,0.06
2311,0.024766397223588275,0.0,0.024766397223588275,0.0,0.0,0.0,0.0,1.78375,0.27,0.06
2312,0.02534195912367875,0.0,0.02534195912367875,0.0,0.0,0.0,0.0,1.78375,0.27,0.06
2313,0.03073563221100675,0.0,0.03073563221100675,0.0,0.0,0.0,0.0,1.78375,0.27,0.06
2314,0.06338022880026276,0.0,0.06338022880026276,0.0,0.0,0.0,0.0,1.78375,0.27,0.06
2315,0.0727056895317665,0.0,0.07270568953176682,0.0,0.0,0.0,0.0,1.78375,0.27,0.06
2316,0.052089396535147,0.0,0.052089396535147,0.0,0.0,0.0,0.0,1.78375,0.27,0.06
2317,0.0266482026011075,0.0,0.0266482026011075,0.0,0.0,0.0,0.0,1.78375,0.27,0.06
2318,0.026849805952682,0.0,0.026849805952682,0.0,0.0,0.0,0.0,1.78375,0.27,0.06
2319,0.02384978094894315,0.0,0.023849780948942904,0.0,0.0,0.0,0.0,1.78375,0.27,0.06
2320,0.02074373138466135,0.0,0.02074373138466135,0.0,0.0,0.0,0.0,1.78375,0.27,0.06
2321,0.030904853677095,0.0,0.030904853677095,0.0,0.0,0.0,0.0,1.78375,0.27,0.06
2322,0.02771941626452475,0.0,0.02771941626452475,0.0,0.0,0.0,0.0,1.78375,0.27,0.06
2323,0.02397565247155825,0.0,0.02397565247155825,0.0,0.0,0.0,0.0,1.78375,0.27,0.06
2324,0.04105030731526125,0.0,0.04105030731526125,0.0,0.0,0.0,0.0,1.78375,0.27,0.06
2325,0.0720032115321095,0.0,0.0720032115321095,0.0,0.0,0.0,0.0,1.78375,0.27,0.06
2326,0.07850465847614525,0.0,0.07850465847614525,0.0,0.0,0.0,0.0,1.78375,0.27,0.06
2327,0.03526648473667425,0.0,0.03526648473667425,0.0,0.0,0.0,0.0,1.78375,0.27,0.06
2328,0.0260209341419345,0.0,0.0260209341419345,0.0,0.0,0.0,0.0,1.78375,0.27,0.06
2329,0.030348616450601,0.0,0.030348616450601,0.0,0.0,0.0,0.0,1.78375,0.27,0.06
2330,0.02065964294009275,0.0,0.02065964294009275,0.0,0.0,0.0,0.0,1.78375,0.27,0.06
2331,0.0235139494591444,0.0,0.023513949459144534,0.0,0.0,0.0,0.0,1.78375,0.27,0.06
2332,0.02660746410001225,0.0,0.02660746410001225,0.0,0.0,0.0,0.0,1.78375,0.27,0.06
2333,0.021187154300429827,0.0,0.021187154300429827,0.0,0.0,0.0,0.0,1.78375,0.27,0.06
2334,0.048252665393527,0.0,0.048252665393527,0.0,0.0,0.0,0.0,1.78375,0.27,0.06
2335,0.05851876766955225,0.0,0.05851876766955225,0.0,0.0,0.0,0.0,1.78375,0.27,0.06
2336,0.2466914710943505,0.0,0.2466914710943505,0.0,0.0,0.0,0.0,1.78375,0.27,0.06
2337,0.3262673432339125,0.02038180691912944,0.30588553631478305,0.0,0.0,0.0,0.0,1.78375,0.27,0.06
2338,0.18112546502378,0.0,0.18112546502378,0.0,0.0,0.0,0.0,1.78375,0.27,0.06
2339,0.19540013134989176,0.0,0.19540013134989176,0.0,0.0,0.0,0.0,1.78375,0.27,0.06
2340,0.19125159398834976,0.09915487328265976,0.09209672070569,0.0,0.0,0.0,0.0,1.78375,0.27,0.06
2341,0.1495066430005655,-0.0,0.1495066430005655,0.0,0.0,0.0,0.0,1.78375,0.27,0.06
2342,0.08368784930781376,0.08368784930781376,-0.0,0.0,0.0,0.0,0.0,1.78375,0.27,0.06
2343,0.07399365291254975,0.07399365291254975,-0.0,0.0,0.0,0.0,0.0,1.78375,0.27,0.06
2344,0.091525832460862,0.09152583246086188,-0.0,0.0,0.0,0.0,0.0,1.78375,0.27,0.06
2345,0.07659308265551774,0.07659308265551774,0.0,0.0,0.0,0.0,0.0,1.78375,0.27,0.06
2346,0.23367186397506076,0.23367186397506076,0.0,0.0,0.0,0.0,0.0,1.78375,0.27,0.06
2347,0.204818559430049,0.204818559430049,0.0,0.0,0.0,0.0,0.0,1.78375,0.27,0.06
2348,0.23496348337517325,0.23496348337517325,0.0,0.0,0.0,0.0,0.0,1.78375,0.27,0.06
2349,0.113871422600131,2.3164987669409345,0.0,0.0,2.2026273443408035,0.0,0.0,2.3068739942809406,0.27,0.06
2350,0.0376298400886795,1.2933354307736926,0.0,0.0,1.2557055906850132,0.0,0.0,2.6051040720686314,0.27,0.06
2351,0.050490149222917,0.050490149222917,0.0,0.0,0.0,0.0,0.0,2.6051040720686314,0.27,0.06
2352,0.0718836074712015,1.869559570576364,0.0,0.0,1.7976759631051624,0.0,0.0,3.0320521133061074,0.27,0.06
2353,0.075067478018345,0.075067478018345,0.0,0.0,0.0,0.0,0.0,3.0320521133061074,0.27,0.06
2354,0.02868930596367925,0.02868930596367925,0.0,0.0,0.0,0.0,0.0,3.0320521133061074,0.27,0.06
2355,0.024876600091935926,0.024876600091935926,0.0,0.0,0.0,0.0,0.0,3.0320521133061074,0.27,0.06
2356,0.0629227040956535,0.0629227040956535,0.0,0.0,0.0,0.0,0.0,3.0320521133061074,0.27,0.06
2357,0.099741952470231,0.099741952470231,0.0,0.0,0.0,0.0,0.0,3.0320521133061074,0.27,0.06
2358,0.10190318218218625,0.10190318218218625,0.0,0.0,0.0,0.0,0.0,3.0320521133061074,0.27,0.06
2359,0.049915109611302,0.049915109611306185,0.0,0.0,-0.0,0.0,0.0,3.0320521133061074,0.27,0.06
2360,0.1029853639035905,1.2196941131296368,0.0,0.0,1.1167087492260463,0.0,0.0,3.2972704412472935,0.27,0.06
2361,0.09213168709253625,0.09213168709253625,0.0,0.0,0.0,0.0,0.0,3.2972704412472935,0.27,0.06
2362,0.09368340615348825,0.09368340615348825,0.0,0.0,0.0,0.0,0.0,3.2972704412472935,0.27,0.06
2363,0.2552110407080325,0.2552110407080325,0.0,0.0,0.0,0.0,0.0,3.2972704412472935,0.27,0.06
2364,0.3024018936307025,0.3024018936307025,0.0,0.0,0.0,0.0,0.0,3.2972704412472935,0.27,0.06
2365,0.1155035740863225,0.11550357408632284,-0.0,0.0,0.0,0.0,0.0,3.2972704412472935,0.27,0.06
2366,0.03666517327428075,0.03666517327428043,-0.0,0.0,0.0,0.0,0.0,3.2972704412472935,0.27,0.06
2367,0.031521154078281,0.031521154078281,-0.0,0.0,0.0,0.0,0.0,3.2972704412472935,0.27,0.06
2368,0.05264406689621425,0.052644066896213815,-0.0,0.0,0.0,0.0,0.0,3.2972704412472935,0.27,0.06
2369,0.098965831795517,0.09580628455229424,0.00315954724322276,0.0,0.0,0.0,0.0,3.2972704412472935,0.27,0.06
2370,0.093711087442694,0.093711087442694,0.0,0.0,0.0,0.0,0.0,3.2972704412472935,0.27,0.06
2371,0.406957778980365,0.0,0.406957778980365,0.0,0.0,0.0,0.0,3.2972704412472935,0.27,0.06
2372,0.316573669127125,0.0,0.316573669127125,0.0,0.0,0.0,0.0,3.2972704412472935,0.27,0.06
2373,0.2613474080076375,0.044838751189809234,0.21650865681782827,0.0,0.0,0.0,0.0,3.2972704412472935,0.27,0.06
2374,0.21041801417675576,0.008588041372428079,0.20182997280432768,0.0,0.0,0.0,0.0,3.2972704412472935,0.27,0.06
2375,0.078837878523566,0.0,0.078837878523566,0.0,0.0,0.0,0.0,3.2972704412472935,0.27,0.06
2376,0.09295429144157676,0.0,0.09295429144157676,0.0,0.0,0.0,0.0,3.2972704412472935,0.27,0.06
2377,0.079020157201544,0.0,0.079020157201544,0.0,0.0,0.0,0.0,3.2972704412472935,0.27,0.06
2378,0.059821355127652,0.0,0.059821355127652,0.0,0.0,0.0,0.0,3.2972704412472935,0.27,0.06
2379,0.0311785328382995,0.0,0.0311785328382995,0.0,0.0,0.0,0.0,3.2972704412472935,0.27,0.06
2380,0.03354867794048725,0.0,0.03354867794048725,0.0,0.0,0.0,0.0,3.297270441247293,0.27,0.06
2381,0.024627468489083676,0.0,0.024627468489085938,0.0,0.0,-1.687538997430238e-15,0.0,3.2972704412472935,0.27,0.06
2382,0.03583839061743575,0.0,0.03583839061743575,0.0,0.0,0.0,0.0,3.2972704412472935,0.27,0.06
2383,0.07892614527593925,0.0,0.07892614527593925,0.0,0.0,0.0,0.0,3.2972704412472935,0.27,0.06
2384,0.3237023845303325,0.0,0.3237023845303325,0.0,0.0,0.0,0.0,3.2972704412472935,0.27,0.06
2385,0.3628907334301475,0.0,0.3628907334301475,0.0,0.0,0.0,0.0,3.2972704412472935,0.27,0.06
2386,0.228697066245149,0.0,0.228697066245149,0.0,0.0,0.0,0.0,3.2972704412472935,0.27,0.06
2387,0.20311537671117824,0.0,0.20311537671117824,0.0,0.0,0.0,0.0,3.2972704412472935,0.27,0.06
2388,0.20094579038361374,0.0,0.20094579038361374,0.0,0.0,0.0,0.0,3.2972704412472935,0.27,0.06
2389,0.17418947406806076,0.0,0.17418947406806076,0.0,0.0,0.0,0.0,3.2972704412472935,0.27,0.06
2390,0.18498308770442326,0.0,0.18498308770442326,0.0,0.0,0.0,0.0,3.297270441247293,0.27,0.06
2391,0.245393584232531,0.0,0.24539358423253077,0.0,0.0,0.0,0.0,3.297270441247293,0.27,0.06
2392,0.3323901310331525,0.0,0.3323901310331525,0.0,0.0,0.0,0.0,3.297270441247293,0.27,0.06
2393,0.3415307016443,0.0,0.341530701644302,0.0,0.0,-1.687538997430238e-15,0.0,3.2972704412472935,0.27,0.06
2394,0.2843234003369325,0.0,0.2843234003369325,0.0,0.0,0.0,0.0,3.2972704412472935,0.27,0.06
2395,0.2801059208966125,0.0,0.2801059208966125,0.0,0.0,0.0,0.0,3.2972704412472935,0.27,0.06
2396,0.16102101473323024,0.0,0.16102101473323024,0.0,0.0,0.0,0.0,3.2972704412472935,0.27,0.06
2397,0.155357318504027,0.0,0.155357318504027,0.0,0.0,0.0,0.0,3.2972704412472935,0.27,0.06
2398,0.15272655145252426,0.0,0.15272655145252426,0.0,0.0,0.0,0.0,3.2972704412472935,0.27,0.06
2399,0.1227043652991615,0.0,0.1227043652991615,0.0,0.0,0.0,0.0,3.2972704412472935,0.27,0.06
2400,0.106457537689255,0.0,0.106457537689255,0.0,0.0,0.0,0.0,3.2972704412472935,0.27,0.06
2401,0.081057082256311,0.0,0.081057082256311,0.0,0.0,0.0,0.0,3.2972704412472935,0.27,0.06
2402,0.04304388242655475,0.0,0.04304388242655475,0.0,0.0,0.0,0.0,3.297270441247293,0.27,0.06
2403,0.0253910542403835,0.0,0.025391054240383883,0.0,0.0,0.0,0.0,3.297270441247293,0.27,0.06
2404,0.03512546684826725,0.0,0.03512546684826725,0.0,0.0,0.0,0.0,3.297270441247293,0.27,0.06
2405,0.022559206125781824,0.0,0.02255920612578323,0.0,0.0,-1.687538997430238e-15,0.0,3.2972704412472935,0.27,0.06
2406,0.0252375014285625,0.0,0.0252375014285625,0.0,0.0,0.0,0.0,3.2972704412472935,0.27,0.06
2407,0.02578120373164275,0.0,0.02578120373164275,0.0,0.0,0.0,0.0,3.2972704412472935,0.27,0.06
2408,0.0267380362189075,0.0,0.0267380362189075,0.0,0.0,0.0,0.0,3.2972704412472935,0.27,0.06
2409,0.07188256289425025,0.0,0.07188256289425025,0.0,0.0,0.0,0.0,3.2972704412472935,0.27,0.06
2410,0.07863261915266274,0.0,0.07863261915266274,0.0,0.0,0.0,0.0,3.2972704412472935,0.27,0.06
2411,0.021117689933177523,0.0,0.021117689933177523,0.0,0.0,0.0,0.0,3.2972704412472935,0.27,0.06
2412,0.02970515704868475,0.0,0.02970515704868475,0.0,0.0,0.0,0.0,3.2972704412472935,0.27,0.06
2413,0.0293949176941895,0.0,0.0293949176941895,0.0,0.0,0.0,0.0,3.2972704412472935,0.27,0.06
2414,0.03024520333243575,0.0,0.03024520333243575,0.0,0.0,0.0,0.0,3.2972704412472935,0.27,0.06
2415,0.020018794980554526,0.0,0.020018794980554526,0.0,0.0,0.0,0.0,3.297270441247293,0.27,0.06
2416,0.03048650060815425,0.0,0.03048650060815425,0.0,0.0,0.0,0.0,3.297270441247293,0.27,0.06
2417,0.0206413628434474,0.0,0.020641362843448557,0.0,0.0,-1.687538997430238e-15,0.0,3.2972704412472935,0.27,0.06
2418,0.046920307492319,0.0,0.046920307492319,0.0,0.0,0.0,0.0,3.2972704412472935,0.27,0.06
2419,0.07962235581388925,0.0,0.07962235581388925,0.0,0.0,0.0,0.0,3.297270441247293,0.27,0.06
2420,0.0775880422015,0.0,0.0775880422015014,0.0,0.0,-1.687538997430238e-15,0.0,3.2972704412472935,0.27,0.06
2421,0.0376522984931295,0.0,0.0376522984931295,0.0,0.0,0.0,0.0,3.2972704412472935,0.27,0.06
2422,0.023328014761837476,0.0,0.023328014761837476,0.0,0.0,0.0,0.0,3.2972704412472935,0.27,0.06
2423,0.0277982818243375,0.0,0.0277982818243375,0.0,0.0,0.0,0.0,3.2972704412472935,0.27,0.06
2424,0.02599325285272875,0.0,0.02599325285272875,0.0,0.0,0.0,0.0,3.2972704412472935,0.27,0.06
2425,0.19875374565159926,0.0,0.19875374565159926,0.0,0.0,0.0,0.0,3.2972704412472935,0.27,0.06
2426,0.13515781171092126,0.0,0.13515781171092126,0.0,0.0,0.0,0.0,3.2972704412472935,0.27,0.06
2427,0.07786798882441175,0.0,0.07786798882441175,0.0,0.0,0.0,0.0,3.2972704412472935,0.27,0.06
2428,0.0774553809287025,0.0,0.0774553809287025,0.0,0.0,0.0,0.0,3.2972704412472935,0.27,0.06
2429,0.07198493143546425,0.0,0.07198493143546425,0.0,0.0,0.0,0.0,3.2972704412472935,0.27,0.06
2430,0.08997306882295875,0.0,0.08997306882295875,0.0,0.0,0.0,0.0,3.2972704412472935,0.27,0.06
2431,0.08341521472356025,0.0,0.08341521472356025,0.0,0.0,0.0,0.0,3.2972704412472935,0.27,0.06
2432,0.220913923382037,-0.0,0.220913923382037,0.0,0.0,0.0,0.0,3.2972704412472935,0.27,0.06
2433,0.3334190393300475,0.02031705988411736,0.31310197944593016,0.0,0.0,0.0,0.0,3.2972704412472935,0.27,0.06
2434,0.2060015428272405,0.0,0.2060015428272405,0.0,0.0,0.0,0.0,3.2972704412472935,0.27,0.06
2435,0.1519227494886045,0.0,0.1519227494886045,0.0,0.0,0.0,0.0,3.2972704412472935,0.27,0.06
2436,0.18809279328803424,0.18809279328803408,-0.0,0.0,0.0,0.0,0.0,3.2972704412472935,0.27,0.06
2437,0.19640031378063,0.0,0.19640031378063,0.0,0.0,0.0,0.0,3.2972704412472935,0.27,0.06
2438,0.09538711116083425,0.09538711116083425,0.0,0.0,0.0,0.0,0.0,3.2972704412472935,0.27,0.06
2439,0.0933585427216765,0.0933585427216765,0.0,0.0,0.0,0.0,0.0,3.2972704412472935,0.27,0.06
2440,0.25277404268097,0.25277404268097,0.0,0.0,0.0,0.0,0.0,3.2972704412472935,0.27,0.06
2441,0.38101988870605,0.0,0.38101988870605,0.0,0.0,0.0,0.0,3.2972704412472935,0.27,0.06
2442,0.15470759164040376,0.15470759164040376,0.0,0.0,0.0,0.0,0.0,3.2972704412472935,0.27,0.06
2443,0.03943121304095925,0.03943121304095925,0.0,0.0,0.0,0.0,0.0,3.2972704412472935,0.27,0.06
2444,0.0841709661477265,0.0841709661477265,0.0,0.0,0.0,0.0,0.0,3.2972704412472935,0.27,0.06
2445,0.270537596023965,0.270537596023965,0.0,0.0,0.0,0.0,0.0,3.2972704412472935,0.27,0.06
2446,0.3619699388476975,0.3619699388476975,0.0,0.0,0.0,0.0,0.0,3.2972704412472935,0.27,0.06
2447,0.17073505809056624,0.17073505809056624,0.0,0.0,0.0,0.0,0.0,3.2972704412472935,0.27,0.06
2448,0.22145292508883674,0.22145292508883674,0.0,0.0,0.0,0.0,0.0,3.2972704412472935,0.27,0.06
2449,0.085630762436976,0.085630762436976,0.0,0.0,0.0,0.0,0.0,3.2972704412472935,0.27,0.06
2450,0.09496301291866226,0.09496301291866226,0.0,0.0,0.0,0.0,0.0,3.2972704412472935,0.27,0.06
2451,0.1110792684096735,0.1110792684096735,0.0,0.0,0.0,0.0,0.0,3.2972704412472935,0.27,0.06
2452,0.0848807561860415,0.0848807561860415,0.0,0.0,0.0,0.0,0.0,3.2972704412472935,0.27,0.06
2453,0.081706809119934,0.081706809119934,0.0,0.0,0.0,0.0,0.0,3.2972704412472935,0.27,0.06
2454,0.07091789607985174,0.07091789607985174,0.0,0.0,0.0,0.0,0.0,3.2972704412472935,0.27,0.06
2455,0.09982760778022624,0.09982760778022624,0.0,0.0,0.0,0.0,0.0,3.2972704412472935,0.27,0.06
2456,0.09455510561923325,0.6013439518338382,0.0,0.0,0.5067888462146048,0.0,0.0,3.4176327922232623,0.27,0.06
2457,0.0895792633123705,0.0895792633123705,0.0,0.0,0.0,0.0,0.0,3.4176327922232623,0.27,0.06
2458,0.077921262248921,0.077921262248921,0.0,0.0,0.0,0.0,0.0,3.4176327922232623,0.27,0.06
2459,0.07166946919621325,0.07166946919621325,0.0,0.0,0.0,0.0,0.0,3.4176327922232623,0.27,0.06
2460,0.08377089317543125,0.08377089317543125,0.0,0.0,0.0,0.0,0.0,3.4176327922232623,0.27,0.06
2461,0.080187471944468,0.080187471944468,0.0,0.0,0.0,0.0,0.0,3.4176327922232623,0.27,0.06
2462,0.0718747285671165,0.0718747285671165,0.0,0.0,0.0,0.0,0.0,3.4176327922232623,0.27,0.06
2463,0.07157075667432825,0.07157075667432825,0.0,0.0,0.0,0.0,0.0,3.4176327922232623,0.27,0.06
2464,0.023859182141503624,0.023859182141503624,0.0,0.0,0.0,0.0,0.0,3.4176327922232623,0.27,0.06
2465,0.02462485704670575,0.02462485704670575,0.0,0.0,0.0,0.0,0.0,3.4176327922232623,0.27,0.06
2466,0.0231708059306875,0.0231708059306875,0.0,0.0,0.0,0.0,0.0,3.4176327922232623,0.27,0.06
2467,0.0227634209197341,0.0227634209197341,0.0,0.0,0.0,0.0,0.0,3.4176327922232623,0.27,0.06
2468,0.0182184666052259,0.12179960991948913,0.0,0.0,0.10358114331426323,0.0,0.0,3.4422333137603998,0.27,0.06
2469,0.03013238902171025,0.03013238902171045,-0.0,0.0,0.0,0.0,0.0,3.4422333137603998,0.27,0.06
2470,0.0447256513179265,0.0447256513179265,0.0,0.0,0.0,0.0,0.0,3.4422333137603998,0.27,0.06
2471,0.07132945939860975,-0.0,0.07132945939860975,0.0,0.0,0.0,0.0,3.4422333137603998,0.27,0.06
2472,0.08067006649590525,0.0,0.08067006649590525,0.0,0.0,0.0,0.0,3.4422333137603998,0.27,0.06
2473,0.03343220761043275,0.0,0.03343220761043275,0.0,0.0,0.0,0.0,3.4422333137603998,0.27,0.06
2474,0.018723519561112976,0.0,0.018723519561112976,0.0,0.0,0.0,0.0,3.4422333137603998,0.27,0.06
2475,0.02519310690813825,0.0,0.02519310690813825,0.0,0.0,0.0,0.0,3.4422333137603998,0.27,0.06
2476,0.03073719907643325,0.0,0.03073719907643325,0.0,0.0,0.0,0.0,3.4422333137603998,0.27,0.06
2477,0.01881335317891295,0.0,0.01881335317891295,0.0,0.0,0.0,0.0,3.4422333137603998,0.27,0.06
2478,0.138896352619132,0.0,0.138896352619132,0.0,0.0,0.0,0.0,3.4422333137603998,0.27,0.06
2479,0.2932916157511375,0.0,0.2932916157511375,0.0,0.0,0.0,0.0,3.4422333137603998,0.27,0.06
2480,0.2599690887205775,0.0,0.2599690887205775,0.0,0.0,0.0,0.0,3.4422333137603998,0.27,0.06
2481,0.24010175739794176,0.0,0.24010175739794176,0.0,0.0,0.0,0.0,3.4422333137603998,0.27,0.06
2482,0.21579497403286474,0.0,0.21579497403286474,0.0,0.0,0.0,0.0,3.4422333137603998,0.27,0.06
2483,0.1997325142548385,0.0,0.19973251425483873,0.0,0.0,0.0,0.0,3.4422333137603998,0.27,0.06
2484,0.2379091903774515,0.0,0.2379091903774515,0.0,0.0,0.0,0.0,3.4422333137603998,0.27,0.06
2485,0.2773377919760325,0.0,0.2773377919760325,0.0,0.0,0.0,0.0,3.4422333137603998,0.27,0.06
2486,0.292880574720855,0.0,0.292880574720855,0.0,0.0,0.0,0.0,3.4422333137603998,0.27,0.06
2487,0.34216893816146,0.0,0.34216893816146,0.0,0.0,0.0,0.0,3.4422333137603998,0.27,0.06
2488,0.185497541852871,0.0,0.185497541852871,0.0,0.0,0.0,0.0,3.4422333137603998,0.27,0.06
2489,0.171876780698187,0.0,0.171876780698187,0.0,0.0,0.0,0.0,3.4422333137603998,0.27,0.06
2490,0.171815672946544,0.0,0.171815672946544,0.0,0.0,0.0,0.0,3.4422333137603998,0.27,0.06
2491,0.0,0.0,0.0,0.0,0.0,0.0,0.0,3.4422333137603998,0.27,0.06
2492,0.292623086502395,0.0,0.292623086502395,0.0,0.0,0.0,0.0,3.4422333137603998,0.27,0.06
2493,0.206085631271809,0.0,0.206085631271809,0.0,0.0,0.0,0.0,3.4422333137603998,0.27,0.06
2494,0.1561673879296535,0.0,0.1561673879296535,0.0,0.0,0.0,0.0,3.4422333137603998,0.27,0.06
2495,0.11871564821114725,0.0,0.11871564821114794,0.0,0.0,0.0,0.0,3.4422333137603998,0.27,0.06
2496,0.0932577410458895,0.0,0.09325774104588902,0.0,0.0,0.0,0.0,3.4422333137603998,0.27,0.06
2497,0.05007022928854975,0.0,0.05007022928854975,0.0,0.0,0.0,0.0,3.4422333137603998,0.27,0.06
2498,0.03478754620456625,0.0,0.03478754620456625,0.0,0.0,0.0,0.0,3.4422333137603998,0.27,0.06
2499,0.03951477919705225,0.0,0.03951477919705225,0.0,0.0,0.0,0.0,3.4422333137603998,0.27,0.06
2500,0.02827826493339675,0.0,0.02827826493339675,0.0,0.0,0.0,0.0,3.4422333137603998,0.27,0.06
2501,0.03774526584178275,0.0,0.03774526584178275,0.0,0.0,0.0,0.0,3.4422333137603998,0.27,0.06
2502,0.0278583449990295,0.0,0.0278583449990295,0.0,0.0,0.0,0.0,3.4422333137603998,0.27,0.06
2503,0.053835406909015,0.0,0.053835406909015,0.0,0.0,0.0,0.0,3.4422333137603998,0.27,0.06
2504,0.088731589116502,0.0,0.088731589116502,0.0,0.0,0.0,0.0,3.4422333137603998,0.27,0.06
2505,0.07015065430922275,0.0,0.07015065430922295,0.0,0.0,0.0,0.0,3.4422333137603998,0.27,0.06
2506,0.02726241384839125,0.0,0.02726241384839125,0.0,0.0,0.0,0.0,3.4422333137603998,0.27,0.06
2507,0.03670382262147375,0.0,0.036703822621473814,0.0,0.0,0.0,0.0,3.4422333137603998,0.27,0.06
2508,0.0336745494631025,0.0,0.0336745494631025,0.0,0.0,0.0,0.0,3.4422333137603998,0.27,0.06
2509,0.02776015476562,0.0,0.02776015476562,0.0,0.0,0.0,0.0,3.4422333137603998,0.27,0.06
2510,0.03658735229141925,0.0,0.03658735229141925,0.0,0.0,0.0,0.0,3.4422333137603998,0.27,0.06
2511,0.02746506177691675,0.0,0.02746506177691675,0.0,0.0,0.0,0.0,3.4422333137603998,0.27,0.06
2512,0.028311691395834,0.0,0.028311691395834,0.0,0.0,0.0,0.0,3.4422333137603998,0.27,0.06
2513,0.082728405378171,0.0,0.082728405378171,0.0,0.0,0.0,0.0,3.4422333137603998,0.27,0.06
2514,0.07771756974344425,0.0,0.07771756974344425,0.0,0.0,0.0,0.0,3.4422333137603998,0.27,0.06
2515,0.07729973896297924,0.0,0.07729973896297924,0.0,0.0,0.0,0.0,3.4422333137603998,0.27,0.06
2516,0.0427587129188875,0.0,0.0427587129188875,0.0,0.0,0.0,0.0,3.4422333137603998,0.27,0.06
2517,0.0264549558651425,0.0,0.0264549558651425,0.0,0.0,0.0,0.0,3.4422333137603998,0.27,0.06
2518,0.0345911657377475,0.0,0.0345911657377475,0.0,0.0,0.0,0.0,3.4422333137603998,0.27,0.06
2519,0.036114681221018,0.0,0.03611468122101719,0.0,0.0,0.0,0.0,3.4422333137603998,0.27,0.06
2520,0.02628207837972525,0.0,0.02628207837972525,0.0,0.0,0.0,0.0,3.4422333137603998,0.27,0.06
2521,0.02858380369161175,0.0,0.02858380369161175,0.0,0.0,0.0,0.0,3.4422333137603998,0.27,0.06
2522,0.036405595901917,0.0,0.036405595901917,0.0,0.0,0.0,0.0,3.4422333137603998,0.27,0.06
2523,0.0265223310784925,0.0,0.0265223310784925,0.0,0.0,0.0,0.0,3.4422333137603998,0.27,0.06
2524,0.0488344947553245,0.0,0.0488344947553245,0.0,0.0,0.0,0.0,3.4422333137603998,0.27,0.06
2525,0.0935481334383125,0.0,0.0935481334383125,0.0,0.0,0.0,0.0,3.4422333137603998,0.27,0.06
2526,0.0830464790598,0.0,0.0830464790598,0.0,0.0,0.0,0.0,3.4422333137603998,0.27,0.06
2527,0.14440179544023424,0.0,0.14440179544023424,0.0,0.0,0.0,0.0,3.4422333137603998,0.27,0.06
2528,0.2677908809308825,0.0,0.2677908809308825,0.0,0.0,0.0,0.0,3.4422333137603998,0.27,0.06
2529,0.31106613715212,0.0,0.31106613715212,0.0,0.0,0.0,0.0,3.4422333137603998,0.27,0.06
2530,0.170132859478221,-0.0,0.170132859478221,0.0,0.0,0.0,0.0,3.4422333137603998,0.27,0.06
2531,0.15650687543878125,-0.0,0.15650687543878125,0.0,0.0,0.0,0.0,3.4422333137603998,0.27,0.06
2532,0.1042315442063275,0.10423154420632752,-0.0,0.0,0.0,0.0,0.0,3.4422333137603998,0.27,0.06
2533,0.11031254892752025,0.1103125489275203,-0.0,0.0,0.0,0.0,0.0,3.4422333137603998,0.27,0.06
2534,0.097564009527057,0.097564009527057,-0.0,0.0,0.0,0.0,0.0,3.4422333137603998,0.27,0.06
2535,0.0996213038323715,0.12810327452874357,0.0,0.0,0.02848197069637207,0.0,0.0,3.448997781800788,0.27,0.06
2536,0.10506825034420875,0.10506825034420875,0.0,0.0,0.0,0.0,0.0,3.448997781800788,0.27,0.06
2537,0.05587755484853775,0.05587755484853775,0.0,0.0,0.0,0.0,0.0,3.448997781800788,0.27,0.06
2538,0.16347577056846224,0.16347577056846224,0.0,0.0,0.0,0.0,0.0,3.448997781800788,0.27,0.06
2539,0.1033258959896695,2.539963163445641,0.0,0.0,2.4366372674559718,0.0,0.0,4.027699132821581,0.27,0.06
2540,0.0829947725007175,0.0829947725007175,0.0,0.0,0.0,0.0,0.0,4.027699132821581,0.27,0.06
2541,0.10017127359715874,0.10017127359715874,0.0,0.0,0.0,0.0,0.0,4.027699132821581,0.27,0.06
2542,0.0784968241490115,0.0784968241490115,0.0,0.0,0.0,0.0,0.0,4.027699132821581,0.27,0.06
2543,0.13566913212851525,0.13566913212851525,0.0,0.0,0.0,0.0,0.0,4.027699132821581,0.27,0.06
2544,0.07364319734543474,0.07364319734543474,0.0,0.0,0.0,0.0,0.0,4.027699132821581,0.27,0.06
2545,0.04404876545357325,0.04404876545357325,0.0,0.0,0.0,0.0,0.0,4.027699132821581,0.27,0.06
2546,0.0838763954474985,0.0838763954474985,0.0,0.0,0.0,0.0,0.0,4.027699132821581,0.27,0.06
2547,0.10694483283697225,0.10694483283697225,0.0,0.0,0.0,0.0,0.0,4.027699132821581,0.27,0.06
2548,0.0746700164884275,0.0746700164884275,0.0,0.0,0.0,0.0,0.0,4.027699132821581,0.27,0.06
2549,0.11594229640581075,0.11594229640581075,0.0,0.0,0.0,0.0,0.0,4.027699132821581,0.27,0.06
2550,0.2589480147508175,0.2589480147508175,0.0,0.0,0.0,0.0,0.0,4.027699132821581,0.27,0.06
2551,0.21796926095670974,0.21796926095670974,0.0,0.0,0.0,0.0,0.0,4.027699132821581,0.27,0.06
2552,0.13098733823340475,1.4447236849134852,0.0,0.0,1.3137363466800804,0.0,0.0,4.3397115151581005,0.27,0.06
2553,0.115680107591069,0.115680107591069,0.0,0.0,0.0,0.0,0.0,4.3397115151581005,0.27,0.06
2554,0.31409802175287,0.31409802175287,0.0,0.0,0.0,0.0,0.0,4.3397115151581005,0.27,0.06
2555,0.2830390929754775,0.2830390929754775,0.0,0.0,0.0,0.0,0.0,4.3397115151581005,0.27,0.06
2556,0.14625644181702324,0.14625644181702324,-0.0,0.0,0.0,0.0,0.0,4.3397115151581005,0.27,0.06
2557,0.04600003519834475,0.04600003519834475,0.0,0.0,0.0,0.0,0.0,4.3397115151581005,0.27,0.06
2558,0.028973953182871,0.028973953182871,0.0,0.0,0.0,0.0,0.0,4.3397115151581005,0.27,0.06
2559,0.03884624994830825,0.03884624994830825,0.0,0.0,0.0,0.0,0.0,4.3397115151581005,0.27,0.06
2560,0.07643535153589225,0.07643535153589198,-0.0,0.0,0.0,0.0,0.0,4.3397115151581005,0.27,0.06
2561,0.090873494154861,0.090873494154861,0.0,0.0,0.0,0.0,0.0,4.3397115151581005,0.27,0.06
2562,0.175636213145421,0.17563621314542122,-0.0,0.0,0.0,0.0,0.0,4.3397115151581005,0.27,0.06
2563,0.32753493736415,-0.0,0.32753493736415,0.0,0.0,0.0,0.0,4.3397115151581005,0.27,0.06
2564,0.5092307414032625,0.07535907134082809,0.43387167006243443,0.0,0.0,0.0,0.0,4.3397115151581005,0.27,0.06
2565,0.391278678943415,0.11924121151938194,0.27203746742403306,0.0,0.0,0.0,0.0,4.3397115151581005,0.27,0.06
2566,0.218992946368849,0.019823874957355603,0.1991690714114934,0.0,0.0,0.0,0.0,4.3397115151581005,0.27,0.06
2567,0.15075856847653374,0.04343334328359982,0.10732522519293392,0.0,0.0,0.0,0.0,4.3397115151581005,0.27,0.06
2568,0.089042350759473,0.0,0.089042350759473,0.0,0.0,0.0,0.0,4.3397115151581005,0.27,0.06
2569,0.2640852441966325,0.0,0.2640852441966325,0.0,0.0,0.0,0.0,4.3397115151581005,0.27,0.06
2570,0.3325217477289975,0.0,0.3325217477289975,0.0,0.0,0.0,0.0,4.3397115151581005,0.27,0.06
2571,0.3014544623359975,0.0,0.3014544623359975,0.0,0.0,0.0,0.0,4.3397115151581005,0.27,0.06
2572,0.439815991556135,0.0,0.439815991556135,0.0,0.0,0.0,0.0,4.3397115151581005,0.27,0.06
2573,0.340685116602335,0.0,0.340685116602335,0.0,0.0,0.0,0.0,4.3397115151581005,0.27,0.06
2574,0.24487599635323,0.0,0.24487599635323,0.0,0.0,0.0,0.0,4.3397115151581005,0.27,0.06
2575,0.319263977064845,0.0,0.319263977064845,0.0,0.0,0.0,0.0,4.3397115151581005,0.27,0.06
2576,0.2518010192509625,0.0,0.2518010192509625,0.0,0.0,0.0,0.0,4.3397115151581005,0.27,0.06
2577,0.208671481514412,0.0,0.208671481514412,0.0,0.0,0.0,0.0,4.3397115151581005,0.27,0.06
2578,0.1550721489963595,0.0,0.1550721489963595,0.0,0.0,0.0,0.0,4.3397115151581005,0.27,0.06
2579,0.16998244039725374,0.0,0.16998244039725374,0.0,0.0,0.0,0.0,4.3397115151581005,0.27,0.06
2580,0.221834195676011,0.0,0.221834195676011,0.0,0.0,0.0,0.0,4.3397115151581005,0.27,0.06
2581,0.24743207615272475,0.0,0.24743207615272475,0.0,0.0,0.0,0.0,4.3397115151581005,0.27,0.06
2582,0.3116761700916,0.0,0.3116761700916,0.0,0.0,0.0,0.0,4.3397115151581005,0.27,0.06
2583,0.2146391496364035,0.0,0.2146391496364035,0.0,0.0,0.0,0.0,4.3397115151581005,0.27,0.06
2584,0.18994273906854325,0.0,0.1899427390685429,0.0,0.0,0.0,0.0,4.3397115151581005,0.27,0.06
2585,0.3102910610543575,0.0,0.3102910610543575,0.0,0.0,0.0,0.0,4.3397115151581005,0.27,0.06
2586,0.5162946930355,0.0,0.5162946930355,0.0,0.0,0.0,0.0,4.3397115151581005,0.27,0.06
2587,0.522666090149115,0.0,0.522666090149115,0.0,0.0,0.0,0.0,4.3397115151581005,0.27,0.06
2588,0.2525865411182375,0.0,0.2525865411182375,0.0,0.0,0.0,0.0,4.3397115151581005,0.27,0.06
2589,0.23143646929957276,0.0,0.23143646929957276,0.0,0.0,0.0,0.0,4.3397115151581005,0.27,0.06
2590,0.13752952367853574,0.0,0.13752952367853574,0.0,0.0,0.0,0.0,4.3397115151581005,0.27,0.06
2591,0.126968328413807,0.0,0.126968328413807,0.0,0.0,0.0,0.0,4.3397115151581005,0.27,0.06
2592,0.09660195415503625,0.0,0.09660195415503625,0.0,0.0,0.0,0.0,4.3397115151581005,0.27,0.06
2593,0.3811363590361025,0.0,0.3811363590361025,0.0,0.0,0.0,0.0,4.3397115151581005,0.27,0.06
2594,0.04782438884355025,0.0,0.04782438884355025,0.0,0.0,0.0,0.0,4.3397115151581005,0.27,0.06
2595,0.0347233047220695,0.0,0.0347233047220695,0.0,0.0,0.0,0.0,4.3397115151581005,0.27,0.06
2596,0.0222280752322633,0.0,0.0222280752322633,0.0,0.0,0.0,0.0,4.3397115151581005,0.27,0.06
2597,0.02341471464878395,0.0,0.02341471464878395,0.0,0.0,0.0,0.0,4.3397115151581005,0.27,0.06
2598,0.0280876296398095,0.0,0.0280876296398095,0.0,0.0,0.0,0.0,4.3397115151581005,0.27,0.06
2599,0.021676538602049475,0.0,0.021676538602049475,0.0,0.0,0.0,0.0,4.3397115151581005,0.27,0.06
2600,0.03719111776919125,0.0,0.03719111776919125,0.0,0.0,0.0,0.0,4.3397115151581005,0.27,0.06
2601,0.07220429259520825,0.0,0.07220429259520825,0.0,0.0,0.0,0.0,4.3397115151581005,0.27,0.06
2602,0.06852424799626275,0.0,0.06852424799626275,0.0,0.0,0.0,0.0,4.3397115151581005,0.27,0.06
2603,0.04206720297721775,0.0,0.04206720297721775,0.0,0.0,0.0,0.0,4.3397115151581005,0.27,0.06
2604,0.024724614145541775,0.0,0.024724614145541775,0.0,0.0,0.0,0.0,4.3397115151581005,0.27,0.06
2605,0.0198328602832476,0.0,0.0198328602832476,0.0,0.0,0.0,0.0,4.3397115151581005,0.27,0.06
2606,0.01952157635180115,0.0,0.01952157635180115,0.0,0.0,0.0,0.0,4.3397115151581005,0.27,0.06
2607,0.036001344621817,0.0,0.036001344621817,0.0,0.0,0.0,0.0,4.3397115151581005,0.27,0.06
2608,0.0203321680659033,0.0,0.0203321680659033,0.0,0.0,0.0,0.0,4.3397115151581005,0.27,0.06
2609,0.019668861701915074,0.0,0.019668861701915074,0.0,0.0,0.0,0.0,4.3397115151581005,0.27,0.06
2610,0.023750546138582726,0.0,0.023750546138582726,0.0,0.0,0.0,0.0,4.3397115151581005,0.27,0.06
2611,0.05603058537188325,0.0,0.05603058537188325,0.0,0.0,0.0,0.0,4.3397115151581005,0.27,0.06
2612,0.070187736790989,0.0,0.070187736790989,0.0,0.0,0.0,0.0,4.3397115151581005,0.27,0.06
2613,0.068870525255573,0.0,0.068870525255573,0.0,0.0,0.0,0.0,4.3397115151581005,0.27,0.06
2614,0.052475890007077,0.0,0.052475890007077,0.0,0.0,0.0,0.0,4.3397115151581005,0.27,0.06
2615,0.0214028594408449,0.0,0.0214028594408449,0.0,0.0,0.0,0.0,4.3397115151581005,0.27,0.06
2616,0.019624467181490676,0.0,0.019624467181490676,0.0,0.0,0.0,0.0,4.3397115151581005,0.27,0.06
2617,0.022039006804102874,0.0,0.022039006804102874,0.0,0.0,0.0,0.0,4.3397115151581005,0.27,0.06
2618,0.031461090903589,0.0,0.031461090903589,0.0,0.0,0.0,0.0,4.3397115151581005,0.27,0.06
2619,0.0299788362098895,0.0,0.0299788362098895,0.0,0.0,0.0,0.0,4.3397115151581005,0.27,0.06
2620,0.04979707241582075,0.0,0.04979707241582075,0.0,0.0,0.0,0.0,4.3397115151581005,0.27,0.06
2621,0.035612239707509,0.0,0.035612239707509,0.0,0.0,0.0,0.0,4.3397115151581005,0.27,0.06
2622,0.03335490891604675,0.0,0.03335490891604675,0.0,0.0,0.0,0.0,4.3397115151581005,0.27,0.06
2623,0.0652427095041855,0.0,0.0652427095041855,0.0,0.0,0.0,0.0,4.3397115151581005,0.27,0.06
2624,0.16063190981892225,0.0,0.16063190981892225,0.0,0.0,0.0,0.0,4.3397115151581005,0.27,0.06
2625,0.1352883838298165,0.0,0.1352883838298165,0.0,0.0,0.0,0.0,4.3397115151581005,0.27,0.06
2626,0.18463472129121075,-0.0,0.18463472129121075,0.0,0.0,0.0,0.0,4.3397115151581005,0.27,0.06
2627,0.21574326747378225,0.21574326747378225,0.0,0.0,0.0,0.0,0.0,4.3397115151581005,0.27,0.06
2628,0.29478431621435,0.29478431621435,0.0,0.0,0.0,0.0,0.0,4.3397115151581005,0.27,0.06
2629,0.44451032037466,0.05914967730269788,0.3853606430719621,0.0,0.0,0.0,0.0,4.3397115151581005,0.27,0.06
2630,0.4312363587677625,0.4312363587677625,0.0,0.0,0.0,0.0,0.0,4.3397115151581005,0.27,0.06
2631,0.1826056305635775,0.1826056305635775,0.0,0.0,0.0,0.0,0.0,4.3397115151581005,0.27,0.06
2632,0.14052537037447,0.14052537037447,0.0,0.0,0.0,0.0,0.0,4.3397115151581005,0.27,0.06
2633,0.2433086086380105,0.2433086086380105,-0.0,0.0,0.0,0.0,0.0,4.3397115151581005,0.27,0.06
2634,0.23535624430881025,0.05887892201206185,0.1764773222967484,0.0,0.0,0.0,0.0,4.3397115151581005,0.27,0.06
2635,0.145528371682063,0.145528371682063,0.0,0.0,0.0,0.0,0.0,4.3397115151581005,0.27,0.06
2636,0.1210116283498025,0.1210116283498025,0.0,0.0,0.0,0.0,0.0,4.3397115151581005,0.27,0.06
2637,0.0853983440653425,0.0853983440653425,0.0,0.0,0.0,0.0,0.0,4.3397115151581005,0.27,0.06
2638,0.0892000818790985,0.0892000818790985,0.0,0.0,0.0,0.0,0.0,4.3397115151581005,0.27,0.06
2639,0.08113281408527025,0.08113281408527025,0.0,0.0,0.0,0.0,0.0,4.3397115151581005,0.27,0.06
2640,0.0848906796670775,0.0848906796670775,0.0,0.0,0.0,0.0,0.0,4.3397115151581005,0.27,0.06
2641,0.03168671952504025,0.03168671952504025,0.0,0.0,0.0,0.0,0.0,4.3397115151581005,0.27,0.06
2642,0.0208643800225206,0.0208643800225206,0.0,0.0,0.0,0.0,0.0,4.3397115151581005,0.27,0.06
2643,0.023235569701659575,0.023235569701659575,0.0,0.0,0.0,0.0,0.0,4.3397115151581005,0.27,0.06
2644,0.02750109968173175,0.02750109968173131,-0.0,0.0,0.0,0.0,0.0,4.3397115151581005,0.27,0.06
2645,0.02069881457576135,0.02069881457576135,0.0,0.0,0.0,0.0,0.0,4.3397115151581005,0.27,0.06
2646,0.14943770092178876,0.14943770092178876,0.0,0.0,0.0,0.0,0.0,4.3397115151581005,0.27,0.06
2647,0.07210662465027474,0.07210662465027474,0.0,0.0,0.0,0.0,0.0,4.3397115151581005,0.27,0.06
2648,0.07255422587384774,0.07255422587384774,0.0,0.0,0.0,0.0,0.0,4.3397115151581005,0.27,0.06
2649,0.09647399347851875,0.4027098810057466,0.0,0.0,0.30623588752722786,0.0,0.0,4.412442538445817,0.27,0.06
2650,0.11098421190711776,0.11098421190711776,0.0,0.0,0.0,0.0,0.0,4.412442538445817,0.27,0.06
2651,0.2321154443178285,1.0330031894136333,0.0,0.0,0.8008877450958048,0.0,0.0,4.602653377906071,0.27,0.06
2652,0.3189579160181525,0.3189579160181525,0.0,0.0,0.0,0.0,0.0,4.602653377906071,0.27,0.06
2653,0.10132866485904675,0.10132866485904675,0.0,0.0,0.0,0.0,0.0,4.602653377906071,0.27,0.06
2654,0.04920009668823125,0.04920009668823125,0.0,0.0,0.0,0.0,0.0,4.602653377906071,0.27,0.06
2655,0.0320753021508725,0.034236053899170164,0.0,0.0021607517482976624,0.0,0.0,0.0,4.602653377906071,0.27,0.06
2656,0.04059069345674975,0.04059069345674975,0.0,0.0,0.0,0.0,0.0,4.602653377906071,0.27,0.06
2657,0.0312359845706135,0.031235984570613162,-0.0,0.0,0.0,0.0,0.0,4.602653377906071,0.27,0.06
2658,0.3178929698164425,0.3178929698164425,0.0,0.0,0.0,0.0,0.0,4.602653377906071,0.27,0.06
2659,0.1004721117590935,0.10047211175909343,-0.0,0.0,0.0,0.0,0.0,4.602653377906071,0.27,0.06
2660,0.02459717575749995,0.02459717575750009,-0.0,0.0,0.0,0.0,0.0,4.602653377906071,0.27,0.06
2661,0.03457706394890675,0.03457706394890675,-0.0,0.0,0.0,0.0,0.0,4.602653377906071,0.27,0.06
2662,0.02845218699576525,0.02845218699576525,0.0,0.0,0.0,0.0,0.0,4.602653377906071,0.27,0.06
2663,0.08698505645415824,0.0,0.08698505645415824,0.0,0.0,0.0,0.0,4.602653377906071,0.27,0.06
2664,0.11079775492133526,0.010594177899030138,0.10020357702230512,0.0,0.0,0.0,0.0,4.602653377906071,0.27,0.06
2665,0.12040838516050625,0.0,0.12040838516050625,0.0,0.0,0.0,0.0,4.602653377906071,0.27,0.06
2666,0.12866367680554375,0.0,0.12866367680554375,0.0,0.0,0.0,0.0,4.602653377906071,0.27,0.06
2667,0.24066791810547175,0.0,0.24066791810547175,0.0,0.0,0.0,0.0,4.602653377906071,0.27,0.06
2668,0.3614027335632175,0.0,0.3614027335632175,0.0,0.0,0.0,0.0,4.602653377906071,0.27,0.06
2669,0.242151739664598,0.0,0.242151739664598,0.0,0.0,0.0,0.0,4.602653377906071,0.27,0.06
2670,0.4522182536972875,0.0,0.45221825369728846,0.0,0.0,0.0,0.0,4.602653377906071,0.27,0.06
2671,0.43507204533243,0.0,0.43507204533243,0.0,0.0,0.0,0.0,4.602653377906071,0.27,0.06
2672,0.4224864599363475,0.0,0.4224864599363475,0.0,0.0,0.0,0.0,4.602653377906071,0.27,0.06
2673,0.26579469437721,0.0,0.26579469437721,0.0,0.0,0.0,0.0,4.602653377906071,0.27,0.06
2674,0.1950026698199745,0.0,0.1950026698199745,0.0,0.0,0.0,0.0,4.602653377906071,0.27,0.06
2675,0.17288740889843676,0.0,0.17288740889843676,0.0,0.0,0.0,0.0,4.602653377906071,0.27,0.06
2676,0.16691504018016476,0.0,0.16691504018016476,0.0,0.0,0.0,0.0,4.602653377906071,0.27,0.06
2677,0.18164200832613,0.0,0.18164200832613,0.0,0.0,0.0,0.0,4.602653377906071,0.27,0.06
2678,0.184836324642785,0.0,0.184836324642785,0.0,0.0,0.0,0.0,4.602653377906071,0.27,0.06
2679,0.2007828363792325,0.0,0.2007828363792325,0.0,0.0,0.0,0.0,4.602653377906071,0.27,0.06
2680,0.40520445656784,0.0,0.40520445656784,0.0,0.0,0.0,0.0,4.602653377906071,0.27,0.06
2681,0.453908901492745,0.0,0.453908901492745,0.0,0.0,0.0,0.0,4.602653377906071,0.27,0.06
2682,0.2883747920420175,0.0,0.2883747920420175,0.0,0.0,0.0,0.0,4.602653377906071,0.27,0.06
2683,0.3036741883572175,0.0,0.3036741883572175,0.0,0.0,0.0,0.0,4.602653377906071,0.27,0.06
2684,0.21545966483154175,0.0,0.21545966483154175,0.0,0.0,0.0,0.0,4.602653377906071,0.27,0.06
2685,0.25488147667994,0.0,0.25488147667994,0.0,0.0,0.0,0.0,4.602653377906071,0.27,0.06
2686,0.34716985031515,0.0,0.34716985031514824,0.0,0.0,0.0,0.0,4.602653377906071,0.27,0.06
2687,0.1569382857196115,0.0,0.1569382857196115,0.0,0.0,0.0,0.0,4.602653377906071,0.27,0.06
2688,0.16227085105529626,0.0,0.16227085105529626,0.0,0.0,0.0,0.0,4.602653377906071,0.27,0.06
2689,0.1301245176717445,0.0,0.1301245176717445,0.0,0.0,0.0,0.0,4.602653377906071,0.27,0.06
2690,0.09906715575978,0.0,0.09906715575978,0.0,0.0,0.0,0.0,4.602653377906071,0.27,0.06
2691,0.05135558122695525,0.0,0.05135558122695525,0.0,0.0,0.0,0.0,4.602653377906071,0.27,0.06
2692,0.04354789080549075,0.0,0.04354789080549075,0.0,0.0,0.0,0.0,4.602653377906071,0.27,0.06
2693,0.043115958236185,0.0,0.043115958236185,0.0,0.0,0.0,0.0,4.602653377906071,0.27,0.06
2694,0.0560713238729785,0.0,0.0560713238729785,0.0,0.0,0.0,0.0,4.602653377906071,0.27,0.06
2695,0.025815674771031,0.0,0.025815674771031638,0.0,0.0,0.0,0.0,4.602653377906071,0.27,0.06
2696,0.019762351339044124,0.0,0.019762351339044124,0.0,0.0,0.0,0.0,4.602653377906071,0.27,0.06
2697,0.05417019382186275,0.0,0.05417019382186275,0.0,0.0,0.0,0.0,4.602653377906071,0.27,0.06
2698,0.0755046334724065,0.0,0.0755046334724065,0.0,0.0,0.0,0.0,4.602653377906071,0.27,0.06
2699,0.06784631755495825,0.0,0.06784631755495825,0.0,0.0,0.0,0.0,4.602653377906071,0.27,0.06
2700,0.03138483678615425,0.0,0.03138483678615425,0.0,0.0,0.0,0.0,4.602653377906071,0.27,0.06
2701,0.02772150541842725,0.0,0.02772150541842725,0.0,0.0,0.0,0.0,4.602653377906071,0.27,0.06
2702,0.019034281204083826,0.0,0.019034281204083826,0.0,0.0,0.0,0.0,4.602653377906071,0.27,0.06
2703,0.022290749849333075,0.0,0.022290749849333075,0.0,0.0,0.0,0.0,4.602653377906071,0.27,0.06
2704,0.036239508166682,0.0,0.036239508166682,0.0,0.0,0.0,0.0,4.602653377906071,0.27,0.06
2705,0.019048382992924526,0.0,0.019048382992924526,0.0,0.0,0.0,0.0,4.602653377906071,0.27,0.06
2706,0.0202480796213347,0.0,0.0202480796213347,0.0,0.0,0.0,0.0,4.602653377906071,0.27,0.06
2707,0.04526099700539725,0.0,0.04526099700539725,0.0,0.0,0.0,0.0,4.602653377906071,0.27,0.06
2708,0.070460893663718,0.0,0.070460893663718,0.0,0.0,0.0,0.0,4.602653377906071,0.27,0.06
2709,0.0683388355874315,0.0,0.06833883558743109,0.0,0.0,0.0,0.0,4.602653377906071,0.27,0.06
2710,0.062279766982213,0.0,0.062279766982213,0.0,0.0,0.0,0.0,4.602653377906071,0.27,0.06
2711,0.024169943784474474,0.0,0.024169943784474474,0.0,0.0,0.0,0.0,4.602653377906071,0.27,0.06
2712,0.0191972352084652,0.0,0.0191972352084652,0.0,0.0,0.0,0.0,4.602653377906071,0.27,0.06
2713,0.02402526987673845,0.0,0.02402526987673845,0.0,0.0,0.0,0.0,4.602653377906071,0.27,0.06
2714,0.02811165490968625,0.0,0.02811165490968625,0.0,0.0,0.0,0.0,4.602653377906071,0.27,0.06
2715,0.018938180124576875,0.0,0.018938180124576875,0.0,0.0,0.0,0.0,4.602653377906071,0.27,0.06
2716,0.0205912231497916,0.0,0.0205912231497916,0.0,0.0,0.0,0.0,4.602653377906071,0.27,0.06
2717,0.02994906576678125,0.0,0.02994906576678125,0.0,0.0,0.0,0.0,4.602653377906071,0.27,0.06
2718,0.02495703251717545,0.0,0.02495703251717545,0.0,0.0,0.0,0.0,4.602653377906071,0.27,0.06
2719,0.06032484121811225,0.0,0.06032484121811225,0.0,0.0,0.0,0.0,4.602653377906071,0.27,0.06
2720,0.077237586634385,-0.0,0.077237586634385,0.0,0.0,0.0,0.0,4.602653377906071,0.27,0.06
2721,0.0692580633044545,-0.0,0.0692580633044545,0.0,0.0,0.0,0.0,4.602653377906071,0.27,0.06
2722,0.04609509170090075,0.04609509170090087,-0.0,0.0,0.0,0.0,0.0,4.602653377906071,0.27,0.06
2723,0.0373901096783875,0.03739010967838752,-0.0,0.0,0.0,0.0,0.0,4.602653377906071,0.27,0.06
2724,0.035881740560909,0.035881740560909,-0.0,0.0,0.0,0.0,0.0,4.602653377906071,0.27,0.06
2725,0.02926747930614775,0.02926747930614775,0.0,0.0,0.0,0.0,0.0,4.602653377906071,0.27,0.06
2726,0.14294931118964274,0.14294931118964274,0.0,0.0,0.0,0.0,0.0,4.602653377906071,0.27,0.06
2727,0.10969938225718776,0.10969938225718776,0.0,0.0,0.0,0.0,0.0,4.602653377906071,0.27,0.06
2728,0.1708771205559245,0.1708771205559245,0.0,0.0,0.0,0.0,0.0,4.602653377906071,0.27,0.06
2729,0.123145176772552,0.123145176772552,0.0,0.0,0.0,0.0,0.0,4.602653377906071,0.27,0.06
2730,0.21769297035312726,0.21769297035312726,0.0,0.0,0.0,0.0,0.0,4.602653377906071,0.27,0.06
2731,0.1395842065414725,0.1395842065414725,0.0,0.0,0.0,0.0,0.0,4.602653377906071,0.27,0.06
2732,0.04346119091854425,0.04346119091854425,0.0,0.0,0.0,0.0,0.0,4.602653377906071,0.27,0.06
2733,0.08945182492432875,0.019624726477809384,0.06982709844651937,0.0,0.0,0.0,0.0,4.602653377906071,0.27,0.06
2734,0.03944740398370225,0.03944740398370225,0.0,0.0,0.0,0.0,0.0,4.602653377906071,0.27,0.06
2735,0.10140230753410374,0.10140230753410374,0.0,0.0,0.0,0.0,0.0,4.602653377906071,0.27,0.06
2736,0.08593682348366675,0.08593682348366675,0.0,0.0,0.0,0.0,0.0,4.602653377906071,0.27,0.06
2737,0.088384789568716,0.088384789568716,0.0,0.0,0.0,0.0,0.0,4.602653377906071,0.27,0.06
2738,0.093531420207094,-0.0,0.093531420207094,0.0,0.0,0.0,0.0,4.602653377906071,0.27,0.06
2739,0.03916536820688825,0.03916536820688825,0.0,0.0,0.0,0.0,0.0,4.602653377906071,0.27,0.06
2740,0.022955100790272426,0.022955100790272426,0.0,0.0,0.0,0.0,0.0,4.602653377906071,0.27,0.06
2741,0.0269526967823715,0.0269526967823715,0.0,0.0,0.0,0.0,0.0,4.602653377906071,0.27,0.06
2742,0.0227801341509527,0.0227801341509527,0.0,0.0,0.0,0.0,0.0,4.602653377906071,0.27,0.06
2743,0.07743187794730125,0.07743187794730125,0.0,0.0,0.0,0.0,0.0,4.602653377906071,0.27,0.06
2744,0.0248358615908406,0.0248358615908406,0.0,0.0,0.0,0.0,0.0,4.602653377906071,0.27,0.06
2745,0.017120093941078475,0.017120093941078475,0.0,0.0,0.0,0.0,0.0,4.602653377906071,0.27,0.06
2746,0.02880473171678275,0.02880473171678275,-0.0,0.0,0.0,0.0,0.0,4.602653377906071,0.27,0.06
2747,0.022385284063413276,0.022385284063413276,-0.0,0.0,0.0,0.0,0.0,4.602653377906071,0.27,0.06
2748,0.0170360054965099,0.0170360054965099,0.0,0.0,0.0,0.0,0.0,4.602653377906071,0.27,0.06
2749,0.0427498340148025,0.0427498340148025,0.0,0.0,0.0,0.0,0.0,4.602653377906071,0.27,0.06
2750,0.08014986717422624,0.08014986717422624,0.0,0.0,0.0,0.0,0.0,4.602653377906071,0.27,0.06
2751,0.017334754504542374,0.017334754504542374,0.0,0.0,0.0,0.0,0.0,4.602653377906071,0.27,0.06
2752,0.02768337835970975,0.02768337835970975,0.0,0.0,0.0,0.0,0.0,4.602653377906071,0.27,0.06
2753,0.01786226586487945,0.01786226586487945,0.0,0.0,0.0,0.0,0.0,4.602653377906071,0.27,0.06
2754,0.02348992418926765,0.02348992418926765,0.0,0.0,0.0,0.0,0.0,4.602653377906071,0.27,0.06
2755,0.02706655567004825,0.02706655567004825,0.0,0.0,0.0,0.0,0.0,4.602653377906071,0.27,0.06
2756,0.0180314873309678,0.0180314873309678,0.0,0.0,0.0,0.0,0.0,4.602653377906071,0.27,0.06
2757,0.0434235861483025,0.0434235861483025,0.0,0.0,0.0,0.0,0.0,4.602653377906071,0.27,0.06
2758,0.08496641149603675,0.08496641149603675,-0.0,0.0,0.0,0.0,0.0,4.602653377906071,0.27,0.06
2759,0.053728337771521,-0.0,0.053728337771521,0.0,0.0,0.0,0.0,4.602653377906071,0.27,0.06
2760,0.020474752819736975,0.0,0.02047475281973795,0.0,0.0,0.0,0.0,4.602653377906071,0.27,0.06
2761,0.025259437544537,0.0,0.025259437544537,0.0,0.0,0.0,0.0,4.602653377906071,0.27,0.06
2762,0.15500216234063174,0.0,0.15500216234063302,0.0,0.0,0.0,0.0,4.602653377906071,0.27,0.06
2763,0.230913658535516,0.0,0.230913658535516,0.0,0.0,0.0,0.0,4.602653377906071,0.27,0.06
2764,0.317984892588145,0.0,0.317984892588145,0.0,0.0,0.0,0.0,4.602653377906071,0.27,0.06
2765,0.3154204561730425,0.0,0.3154204561730425,0.0,0.0,0.0,0.0,4.602653377906071,0.27,0.06
2766,0.3048049429068525,0.0,0.3048049429068525,0.0,0.0,0.0,0.0,4.602653377906071,0.27,0.06
2767,0.294200919987125,0.0,0.294200919987125,0.0,0.0,0.0,0.0,4.602653377906071,0.27,0.06
2768,0.206573448708002,0.0,0.206573448708002,0.0,0.0,0.0,0.0,4.602653377906071,0.27,0.06
2769,0.1695123807692305,0.0,0.1695123807692305,0.0,0.0,0.0,0.0,4.602653377906071,0.27,0.06
2770,0.17469922762022824,0.0,0.17469922762022824,0.0,0.0,0.0,0.0,4.602653377906071,0.27,0.06
2771,0.423732640239085,0.0,0.4237326402390842,0.0,0.0,0.0,0.0,4.602653377906071,0.27,0.06
2772,0.21703175314304124,0.0,0.21703175314304246,0.0,0.0,0.0,0.0,4.602653377906071,0.27,0.06
2773,0.273328183348995,0.0,0.273328183348995,0.0,0.0,0.0,0.0,4.602653377906071,0.27,0.06
2774,0.3224744843242425,0.0,0.32247448432424414,0.0,0.0,0.0,0.0,4.602653377906071,0.27,0.06
2775,0.3073625895717725,0.0,0.3073625895717725,0.0,0.0,0.0,0.0,4.602653377906071,0.27,0.06
2776,0.305343422325175,0.0,0.305343422325175,0.0,0.0,0.0,0.0,4.602653377906071,0.27,0.06
2777,0.50318890831774,0.0,0.50318890831774,0.0,0.0,0.0,0.0,4.602653377906071,0.27,0.06
2778,0.2916688654575075,0.0,0.2916688654575075,0.0,0.0,0.0,0.0,4.602653377906071,0.27,0.06
2779,0.201500460744681,0.0,0.201500460744681,0.0,0.0,0.0,0.0,4.602653377906071,0.27,0.06
2780,0.1914490190321195,0.0,0.1914490190321195,0.0,0.0,0.0,0.0,4.602653377906071,0.27,0.06
2781,0.105787441575084,0.0,0.105787441575084,0.0,0.0,0.0,0.0,4.602653377906071,0.27,0.06
2782,0.07074084028662975,0.0,0.07074084028662975,0.0,0.0,0.0,0.0,4.602653377906071,0.27,0.06
2783,0.04486249089852875,0.0,0.04486249089852875,0.0,0.0,0.0,0.0,4.602653377906071,0.27,0.06
2784,0.026814812624818,0.0,0.026814812624817108,0.0,0.0,0.0,0.0,4.602653377906071,0.27,0.06
2785,0.022078178439771477,0.0,0.022078178439771477,0.0,0.0,0.0,0.0,4.602653377906071,0.27,0.06
2786,0.03375341502291525,0.0,0.033753415022916816,0.0,0.0,0.0,0.0,4.602653377906071,0.27,0.06
2787,0.022097503113368,0.0,0.022097503113368,0.0,0.0,0.0,0.0,4.602653377906071,0.27,0.06
2788,0.01980047839776155,0.0,0.019800478397762666,0.0,0.0,0.0,0.0,4.602653377906071,0.27,0.06
2789,0.0647627263951265,0.0,0.0647627263951265,0.0,0.0,0.0,0.0,4.602653377906071,0.27,0.06
2790,0.06938289025011825,0.0,0.06938289025011825,0.0,0.0,0.0,0.0,4.602653377906071,0.27,0.06
2791,0.0684584396483395,0.0,0.0684584396483395,0.0,0.0,0.0,0.0,4.602653377906071,0.27,0.06
2792,0.04058912659132275,0.0,0.04058912659132275,0.0,0.0,0.0,0.0,4.602653377906071,0.27,0.06
2793,0.020259047679321924,0.0,0.020259047679321924,0.0,0.0,0.0,0.0,4.602653377906071,0.27,0.06
2794,0.020256436236944,0.0,0.020256436236944,0.0,0.0,0.0,0.0,4.602653377906071,0.27,0.06
2795,0.02939387311723825,0.0,0.02939387311723825,0.0,0.0,0.0,0.0,4.602653377906071,0.27,0.06
2796,0.020130564714328926,0.0,0.020130564714328926,0.0,0.0,0.0,0.0,4.602653377906071,0.27,0.06
2797,0.022679332475165525,0.0,0.02267933247516396,0.0,0.0,0.0,0.0,4.602653377906071,0.27,0.06
2798,0.034574452506529,0.0,0.03457445250652978,0.0,0.0,0.0,0.0,4.602653377906071,0.27,0.06
2799,0.02040894447181375,0.0,0.02040894447181375,0.0,0.0,0.0,0.0,4.602653377906071,0.27,0.06
2800,0.0579150021917805,0.0,0.057915002191780474,0.0,0.0,0.0,0.0,4.602653377906071,0.27,0.06
2801,0.077458514659556,0.0,0.077458514659556,0.0,0.0,0.0,0.0,4.602653377906071,0.27,0.06
2802,0.06497634238163925,0.0,0.06497634238163925,0.0,0.0,0.0,0.0,4.602653377906071,0.27,0.06
2803,0.02105867133543685,0.0,0.02105867133543685,0.0,0.0,0.0,0.0,4.602653377906071,0.27,0.06
2804,0.028090763370663,0.0,0.028090763370663,0.0,0.0,0.0,0.0,4.602653377906071,0.27,0.06
2805,0.0204773642621149,0.0,0.0204773642621149,0.0,0.0,0.0,0.0,4.602653377906071,0.27,0.06
2806,0.021162084453601925,0.0,0.021162084453601925,0.0,0.0,0.0,0.0,4.602653377906071,0.27,0.06
2807,0.02847725684259325,0.0,0.02847725684259325,0.0,0.0,0.0,0.0,4.602653377906071,0.27,0.06
2808,0.019932617382083625,0.0,0.019932617382083625,0.0,0.0,0.0,0.0,4.602653377906071,0.27,0.06
2809,0.16759610435232275,0.0,0.16759610435232275,0.0,0.0,0.0,0.0,4.602653377906071,0.27,0.06
2810,0.146517586054814,0.0,0.146517586054814,0.0,0.0,0.0,0.0,4.602653377906071,0.27,0.06
2811,0.06941109382779975,0.0,0.06941109382780035,0.0,0.0,0.0,0.0,4.602653377906071,0.27,0.06
2812,0.0657916346920215,0.0,0.0657916346920215,0.0,0.0,0.0,0.0,4.602653377906071,0.27,0.06
2813,0.0758174842692795,0.0,0.07581748426927959,0.0,0.0,0.0,0.0,4.602653377906071,0.27,0.06
2814,0.075865534809033,0.0,0.075865534809033,0.0,0.0,0.0,0.0,4.602653377906071,0.27,0.06
2815,0.10152817905671875,0.0,0.10152817905671875,0.0,0.0,0.0,0.0,4.602653377906071,0.27,0.06
2816,0.207194449705468,0.0,0.207194449705468,0.0,0.0,0.0,0.0,4.602653377906071,0.27,0.06
2817,0.3900544347566525,0.0,0.3900544347566525,0.0,0.0,0.0,0.0,4.602653377906071,0.27,0.06
2818,0.4205409353648075,0.0,0.4205409353648075,0.0,0.0,0.0,0.0,4.602653377906071,0.27,0.06
2819,0.19463811246401874,-0.0,0.19463811246401874,0.0,0.0,0.0,0.0,4.602653377906071,0.27,0.06
2820,0.19227162338116,-0.0,0.19227162338116,0.0,0.0,0.0,0.0,4.602653377906071,0.27,0.06
2821,0.2072461562645505,0.2072461562645505,0.0,0.0,0.0,0.0,0.0,4.602653377906071,0.27,0.06
2822,0.16912223127797124,-0.0,0.16912223127797124,0.0,0.0,0.0,0.0,4.602653377906071,0.27,0.06
2823,0.20035508211773126,0.20035508211773126,-0.0,0.0,0.0,0.0,0.0,4.602653377906071,0.27,0.06
2824,0.0947269385276995,0.0947269385276995,0.0,0.0,0.0,0.0,0.0,4.602653377906071,0.27,0.06
2825,0.089434067116159,0.3935973046080728,0.0,0.0,0.30416323749191376,0.0,0.0,4.6748921468104,0.27,0.06
2826,0.10942204707665425,0.10942204707665425,0.0,0.0,0.0,0.0,0.0,4.6748921468104,0.27,0.06
2827,0.16471254967863874,0.16471254967863874,0.0,0.0,0.0,0.0,0.0,4.6748921468104,0.27,0.06
2828,0.096590986097049,1.4654661574216787,0.0,0.0,1.3688751713246297,0.0,0.0,5.0,0.27,0.06
2829,0.044430558329223,0.044430558329223,0.0,0.0,-0.0,0.0,0.0,5.0,0.27,0.06
2830,0.0922486797110665,0.0922486797110665,0.0,0.0,0.0,0.0,0.0,5.0,0.27,0.06
2831,0.14453759044388526,0.14453759044388526,0.0,0.0,0.0,0.0,0.0,5.0,0.27,0.06
2832,0.0720120904361945,0.0720120904361945,0.0,0.0,0.0,0.0,0.0,5.0,0.27,0.06
2833,0.1242884662455995,0.1242884662455995,0.0,0.0,0.0,0.0,0.0,5.0,0.27,0.06
2834,0.12194391327871525,0.12194391327871525,0.0,0.0,0.0,0.0,0.0,5.0,0.27,0.06
2835,0.0302295346781685,0.03022953467816869,-0.0,0.0,0.0,0.0,0.0,5.0,0.27,0.06
2836,0.0812795771469085,0.08127957714690837,-0.0,0.0,0.0,0.0,0.0,5.0,0.27,0.06
2837,0.132980391056223,0.132980391056223,-0.0,0.0,0.0,0.0,0.0,5.0,0.27,0.06
2838,0.148433340183246,0.148433340183246,0.0,0.0,0.0,0.0,0.0,5.0,0.27,0.06
2839,0.14840356974013774,0.14840356974013774,0.0,0.0,0.0,0.0,0.0,5.0,0.27,0.06
2840,0.265515270042775,0.265515270042775,0.0,0.0,0.0,0.0,0.0,5.0,0.27,0.06
2841,0.0797826983758925,0.0797826983758925,0.0,0.0,0.0,0.0,0.0,5.0,0.27,0.06
2842,0.02318647458495495,0.02318647458495495,0.0,0.0,0.0,0.0,0.0,5.0,0.27,0.06
2843,0.0256741345941485,0.0256741345941485,0.0,0.0,0.0,0.0,0.0,5.0,0.27,0.06
2844,0.034353524481358,0.034353524481358,0.0,0.0,0.0,0.0,0.0,5.0,0.27,0.06
2845,0.09963331646731,0.09963331646731,0.0,0.0,0.0,0.0,0.0,5.0,0.27,0.06
2846,0.093149627331444,0.093149627331444,0.0,0.0,0.0,0.0,0.0,5.0,0.27,0.06
2847,0.0357187865565275,0.035718786556527604,-0.0,0.0,0.0,0.0,0.0,5.0,0.27,0.06
2848,0.09551977243363174,0.09551977243363163,-0.0,0.0,0.0,0.0,0.0,5.0,0.27,0.06
2849,0.12640739059103276,0.01040450196848125,0.11600288862255151,0.0,0.0,0.0,0.0,5.0,0.27,0.06
2850,0.094589054370146,-0.0,0.094589054370146,0.0,0.0,0.0,0.0,5.0,0.27,0.06
2851,0.030364807393344,-0.0,0.030364807393344,0.0,0.0,0.0,0.0,5.0,0.27,0.06
2852,0.03165590450498075,0.03165590450498075,0.0,0.0,0.0,0.0,0.0,5.0,0.27,0.06
2853,0.027588321857154,0.027588321857154,0.0,0.0,0.0,0.0,0.0,5.0,0.27,0.06
2854,0.1863049998361195,0.0,0.1863049998361195,0.0,0.0,0.0,0.0,5.0,0.27,0.06
2855,0.3781206653780975,0.0,0.3781206653780975,0.0,0.0,0.0,0.0,5.0,0.27,0.06
2856,0.2563668651044925,0.0,0.2563668651044925,0.0,0.0,0.0,0.0,5.0,0.27,0.06
2857,0.08501759576664375,0.0,0.08501759576664375,0.0,0.0,0.0,0.0,5.0,0.27,0.06
2858,0.0776387041836315,0.0,0.0776387041836315,0.0,0.0,0.0,0.0,5.0,0.27,0.06
2859,0.07872924252064525,0.0,0.07872924252064525,0.0,0.0,0.0,0.0,5.0,0.27,0.06
2860,0.0738881506404825,0.0,0.0738881506404825,0.0,0.0,0.0,0.0,5.0,0.27,0.06
2861,0.08299425021224174,0.0,0.08299425021224174,0.0,0.0,0.0,0.0,5.0,0.27,0.06
2862,0.0767993866033725,0.0,0.0767993866033725,0.0,0.0,0.0,0.0,5.0,0.27,0.06
2863,0.2752444597659025,0.0,0.2752444597659025,0.0,0.0,0.0,0.0,5.0,0.27,0.06
2864,0.1877433822978705,0.0,0.1877433822978705,0.0,0.0,0.0,0.0,5.0,0.27,0.06
2865,0.10173657215847574,0.0,0.10173657215847574,0.0,0.0,0.0,0.0,5.0,0.27,0.06
2866,0.14732661090348925,0.0,0.14732661090348925,0.0,0.0,0.0,0.0,5.0,0.27,0.06
2867,0.18308874740349024,0.0,0.18308874740349024,0.0,0.0,0.0,0.0,5.0,0.27,0.06
2868,0.17341126423944475,0.0,0.17341126423944475,0.0,0.0,0.0,0.0,5.0,0.27,0.06
2869,0.23706882822024125,0.0,0.23706882822024125,0.0,0.0,0.0,0.0,5.0,0.27,0.06
2870,0.223896190577606,0.0,0.223896190577606,0.0,0.0,0.0,0.0,5.0,0.27,0.06
2871,0.22352536575994325,0.0,0.22352536575994325,0.0,0.0,0.0,0.0,5.0,0.27,0.06
2872,0.2138196790182165,0.0,0.2138196790182165,0.0,0.0,0.0,0.0,5.0,0.27,0.06
2873,0.17627810568191024,0.0,0.17627810568190938,0.0,0.0,0.0,0.0,5.0,0.27,0.06
2874,0.19093404259519625,0.0,0.19093404259519625,0.0,0.0,0.0,0.0,5.0,0.27,0.06
2875,0.10226094978795924,0.0,0.10226094978795924,0.0,0.0,0.0,0.0,5.0,0.27,0.06
2876,0.099025894970209,0.0,0.099025894970209,0.0,0.0,0.0,0.0,5.0,0.27,0.06
2877,0.127290058114765,0.0,0.127290058114765,0.0,0.0,0.0,0.0,5.0,0.27,0.06
2878,0.23641701220271574,0.0,0.23641701220271574,0.0,0.0,0.0,0.0,5.0,0.27,0.06
2879,0.3756418842729875,0.0,0.3756418842729875,0.0,0.0,0.0,0.0,5.0,0.27,0.06
2880,0.13435035372767276,0.0,0.13435035372767276,0.0,0.0,0.0,0.0,5.0,0.27,0.06
