MIP has 10753 rows; 9409 cols; 25537 nonzeros; 1344 integer variables (1344 binary)
Coefficient ranges:
  Matrix  [2e-01, 2e+00]
  Cost    [1e-02, 6e-02]
  Bound   [1e+00, 1e+00]
  RHS     [1e-17, 4e+00]
WARNING: Problem has some excessively small row bounds
Presolving model
8064 rows, 8481 cols, 21920 nonzeros 0s
6132 rows, 6809 cols, 16832 nonzeros 0s
4085 rows, 4933 cols, 11445 nonzeros 0s
3978 rows, 3546 cols, 8055 nonzeros 0s
1860 rows, 2692 cols, 5499 nonzeros 0s
1637 rows, 1861 cols, 3284 nonzeros 0s
354 rows, 1352 cols, 1769 nonzeros 0s
196 rows, 1193 cols, 1452 nonzeros 0s
133 rows, 1006 cols, 1202 nonzeros 0s
133 rows, 937 cols, 1133 nonzeros 0s
Presolve reductions: rows 133(-10620); columns 937(-8472); nonzeros 1133(-24404) 

Solving MIP model with:
   133 rows
   937 cols (16 binary, 0 integer, 0 implied int., 921 continuous, 0 domain fixed)
   1133 nonzeros

Src: B => Branching; C => Central rounding; F => Feasibility pump; H => Heuristic;
     I => Shifting; J => Feasibility jump; L => Sub-MIP; P => Empty MIP; R => Randomized rounding;
     S => Solve LP; T => Evaluate node; U => Unbounded; X => User solution; Y => HiGHS solution;
     Z => ZI Round; l => Trivial lower; p => Trivial point; u => Trivial upper; z => Trivial zero

        Nodes      |    B&B Tree     |            Objective Bounds              |  Dynamic Constraints |       Work      
Src  Proc. InQueue |  Leaves   Expl. | BestBound       BestSol              Gap |   Cuts   InLp Confl. | LpIters     Time

 J       0       0         0   0.00%   -inf            6.562636023        Large        0      0      0         0     0.4s
 T       0       0         0   0.00%   -0.1238814603   6.134247274      102.02%        0      0      0        59     0.4s
         1       0         1 100.00%   6.134247274     6.134247274        0.00%        0      0      0        59     0.4s

Solving report
  Status            Optimal
  Primal bound      6.13424727392
  Dual bound        6.13424727392
  Gap               0% (tolerance: 0.5%)
  P-D integral      0.0070564999308
  Solution status   feasible
                    6.13424727392 (objective)
                    0 (bound viol.)
                    0 (int. viol.)
                    0 (row viol.)
  Timing            0.43
  Max sub-MIP depth 0
  Nodes             1
  Repair LPs        0
  LP iterations     59
                    0 (strong br.)
                    0 (separation)
                    0 (heuristics)
MIP has 10753 rows; 9409 cols; 25537 nonzeros; 1344 integer variables (1344 binary)
Coefficient ranges:
  Matrix  [2e-01, 2e+00]
  Cost    [1e-02, 6e-02]
  Bound   [1e+00, 1e+00]
  RHS     [3e-17, 4e+00]
WARNING: Problem has some excessively small row bounds
Presolving model
8064 rows, 8440 cols, 21879 nonzeros 0s
6148 rows, 6790 cols, 16839 nonzeros 0s
4142 rows, 4971 cols, 11572 nonzeros 0s
4049 rows, 3628 cols, 8210 nonzeros 0s
1991 rows, 2854 cols, 5864 nonzeros 0s
1775 rows, 1987 cols, 3533 nonzeros 0s
408 rows, 1417 cols, 1904 nonzeros 0s
236 rows, 1220 cols, 1535 nonzeros 0s
172 rows, 1052 cols, 1303 nonzeros 0s
166 rows, 925 cols, 1170 nonzeros 0s
Presolve reductions: rows 166(-10587); columns 925(-8484); nonzeros 1170(-24367) 

Solving MIP model with:
   166 rows
   925 cols (20 binary, 0 integer, 0 implied int., 905 continuous, 0 domain fixed)
   1170 nonzeros

Src: B => Branching; C => Central rounding; F => Feasibility pump; H => Heuristic;
     I => Shifting; J => Feasibility jump; L => Sub-MIP; P => Empty MIP; R => Randomized rounding;
     S => Solve LP; T => Evaluate node; U => Unbounded; X => User solution; Y => HiGHS solution;
     Z => ZI Round; l => Trivial lower; p => Trivial point; u => Trivial upper; z => Trivial zero

        Nodes      |    B&B Tree     |            Objective Bounds              |  Dynamic Constraints |       Work      
Src  Proc. InQueue |  Leaves   Expl. | BestBound       BestSol              Gap |   Cuts   InLp Confl. | LpIters     Time

 J       0       0         0   0.00%   -inf            11.39754661        Large        0      0      0         0     0.5s
 T       0       0         0   0.00%   0.7048952748    10.7074893        93.42%        0      0      0        72     0.5s
         1       0         1 100.00%   10.7074893      10.7074893         0.00%        0      0      0        72     0.5s

Solving report
  Status            Optimal
  Primal bound      10.707489305
  Dual bound        10.707489305
  Gap               0% (tolerance: 0.5%)
  P-D integral      0.00625982098376
  Solution status   feasible
                    10.707489305 (objective)
                    0 (bound viol.)
                    0 (int. viol.)
                    0 (row viol.)
  Timing            0.50
  Max sub-MIP depth 0
  Nodes             1
  Repair LPs        0
  LP iterations     72
                    0 (strong br.)
                    0 (separation)
                    0 (heuristics)
MIP has 10753 rows; 9409 cols; 25537 nonzeros; 1344 integer variables (1344 binary)
Coefficient ranges:
  Matrix  [2e-01, 2e+00]
  Cost    [1e-02, 6e-02]
  Bound   [1e+00, 1e+00]
  RHS     [1e-17, 4e+00]
WARNING: Problem has some excessively small row bounds
Presolving model
8064 rows, 8432 cols, 21871 nonzeros 0s
6188 rows, 6837 cols, 16954 nonzeros 0s
4194 rows, 5033 cols, 11714 nonzeros 0s
4092 rows, 3682 cols, 8326 nonzeros 0s
2056 rows, 2936 cols, 6051 nonzeros 0s
1851 rows, 2051 cols, 3656 nonzeros 0s
435 rows, 1487 cols, 2001 nonzeros 0s
264 rows, 1311 cols, 1654 nonzeros 0s
192 rows, 1138 cols, 1409 nonzeros 0s
189 rows, 1044 cols, 1312 nonzeros 0s
Presolve reductions: rows 189(-10564); columns 1044(-8365); nonzeros 1312(-24225) 

Solving MIP model with:
   189 rows
   1044 cols (20 binary, 0 integer, 0 implied int., 1024 continuous, 0 domain fixed)
   1312 nonzeros

Src: B => Branching; C => Central rounding; F => Feasibility pump; H => Heuristic;
     I => Shifting; J => Feasibility jump; L => Sub-MIP; P => Empty MIP; R => Randomized rounding;
     S => Solve LP; T => Evaluate node; U => Unbounded; X => User solution; Y => HiGHS solution;
     Z => ZI Round; l => Trivial lower; p => Trivial point; u => Trivial upper; z => Trivial zero

        Nodes      |    B&B Tree     |            Objective Bounds              |  Dynamic Constraints |       Work      
Src  Proc. InQueue |  Leaves   Expl. | BestBound       BestSol              Gap |   Cuts   InLp Confl. | LpIters     Time

 J       0       0         0   0.00%   -inf            13.17173356        Large        0      0      0         0     0.5s
 T       0       0         0   0.00%   1.930344645     12.55475964       84.62%        0      0      0        76     0.5s
         1       0         1 100.00%   12.55475964     12.55475964        0.00%        0      0      0        76     0.5s

Solving report
  Status            Optimal
  Primal bound      12.5547596416
  Dual bound        12.5547596416
  Gap               0% (tolerance: 0.5%)
  P-D integral      0.00712509298293
  Solution status   feasible
                    12.5547596416 (objective)
                    0 (bound viol.)
                    0 (int. viol.)
                    0 (row viol.)
  Timing            0.50
  Max sub-MIP depth 0
  Nodes             1
  Repair LPs        0
  LP iterations     76
                    0 (strong br.)
                    0 (separation)
                    0 (heuristics)
MIP has 10753 rows; 9409 cols; 25537 nonzeros; 1344 integer variables (1344 binary)
Coefficient ranges:
  Matrix  [2e-01, 2e+00]
  Cost    [1e-02, 6e-02]
  Bound   [1e+00, 1e+00]
  RHS     [1e-17, 4e+00]
WARNING: Problem has some excessively small row bounds
Presolving model
8064 rows, 8459 cols, 21898 nonzeros 0s
6171 rows, 6840 cols, 16930 nonzeros 0s
4154 rows, 5004 cols, 11625 nonzeros 0s
4058 rows, 3652 cols, 8254 nonzeros 0s
1999 rows, 2875 cols, 5893 nonzeros 0s
1764 rows, 2025 cols, 3632 nonzeros 0s
468 rows, 1470 cols, 2065 nonzeros 0s
311 rows, 1288 cols, 1726 nonzeros 0s
249 rows, 1104 cols, 1480 nonzeros 0s
246 rows, 1075 cols, 1448 nonzeros 0s
Presolve reductions: rows 246(-10507); columns 1075(-8334); nonzeros 1448(-24089) 

Solving MIP model with:
   246 rows
   1075 cols (32 binary, 0 integer, 0 implied int., 1043 continuous, 0 domain fixed)
   1448 nonzeros

Src: B => Branching; C => Central rounding; F => Feasibility pump; H => Heuristic;
     I => Shifting; J => Feasibility jump; L => Sub-MIP; P => Empty MIP; R => Randomized rounding;
     S => Solve LP; T => Evaluate node; U => Unbounded; X => User solution; Y => HiGHS solution;
     Z => ZI Round; l => Trivial lower; p => Trivial point; u => Trivial upper; z => Trivial zero

        Nodes      |    B&B Tree     |            Objective Bounds              |  Dynamic Constraints |       Work      
Src  Proc. InQueue |  Leaves   Expl. | BestBound       BestSol              Gap |   Cuts   InLp Confl. | LpIters     Time

 J       0       0         0   0.00%   -inf            9.219068163        Large        0      0      0         0     0.4s
 T       0       0         0   0.00%   0.6640861544    8.277923442       91.98%        0      0      0        89     0.4s
         1       0         1 100.00%   8.277923442     8.277923442        0.00%        0      0      0        89     0.4s

Solving report
  Status            Optimal
  Primal bound      8.27792344229
  Dual bound        8.27792344229
  Gap               0% (tolerance: 0.5%)
  P-D integral      0.00844109707739
  Solution status   feasible
                    8.27792344229 (objective)
                    0 (bound viol.)
                    0 (int. viol.)
                    0 (row viol.)
  Timing            0.42
  Max sub-MIP depth 0
  Nodes             1
  Repair LPs        0
  LP iterations     89
                    0 (strong br.)
                    0 (separation)
                    0 (heuristics)
MIP has 10753 rows; 9409 cols; 25537 nonzeros; 1344 integer variables (1344 binary)
Coefficient ranges:
  Matrix  [2e-01, 2e+00]
  Cost    [1e-02, 6e-02]
  Bound   [1e+00, 1e+00]
  RHS     [1e-17, 4e+00]
WARNING: Problem has some excessively small row bounds
Presolving model
8064 rows, 8471 cols, 21910 nonzeros 0s
6144 rows, 6816 cols, 16863 nonzeros 0s
4109 rows, 4951 cols, 11499 nonzeros 0s
4002 rows, 3578 cols, 8117 nonzeros 0s
1884 rows, 2723 cols, 5570 nonzeros 0s
1652 rows, 1918 cols, 3444 nonzeros 0s
411 rows, 1342 cols, 1876 nonzeros 0s
264 rows, 1178 cols, 1565 nonzeros 0s
211 rows, 997 cols, 1331 nonzeros 0s
204 rows, 923 cols, 1250 nonzeros 0s
Presolve reductions: rows 204(-10549); columns 923(-8486); nonzeros 1250(-24287) 

Solving MIP model with:
   204 rows
   923 cols (31 binary, 0 integer, 0 implied int., 892 continuous, 0 domain fixed)
   1250 nonzeros

Src: B => Branching; C => Central rounding; F => Feasibility pump; H => Heuristic;
     I => Shifting; J => Feasibility jump; L => Sub-MIP; P => Empty MIP; R => Randomized rounding;
     S => Solve LP; T => Evaluate node; U => Unbounded; X => User solution; Y => HiGHS solution;
     Z => ZI Round; l => Trivial lower; p => Trivial point; u => Trivial upper; z => Trivial zero

        Nodes      |    B&B Tree     |            Objective Bounds              |  Dynamic Constraints |       Work      
Src  Proc. InQueue |  Leaves   Expl. | BestBound       BestSol              Gap |   Cuts   InLp Confl. | LpIters     Time

 J       0       0         0   0.00%   -inf            5.096476653        Large        0      0      0         0     0.4s
 T       0       0         0   0.00%   2.611581526     4.008631358       34.85%        0      0      0        89     0.4s
         1       0         1 100.00%   4.008631358     4.008631358        0.00%        0      0      0        89     0.4s

Solving report
  Status            Optimal
  Primal bound      4.00863135809
  Dual bound        4.00863135809
  Gap               0% (tolerance: 0.5%)
  P-D integral      0.00344524473368
  Solution status   feasible
                    4.00863135809 (objective)
                    0 (bound viol.)
                    0 (int. viol.)
                    0 (row viol.)
  Timing            0.40
  Max sub-MIP depth 0
  Nodes             1
  Repair LPs        0
  LP iterations     89
                    0 (strong br.)
                    0 (separation)
                    0 (heuristics)
MIP has 10753 rows; 9409 cols; 25537 nonzeros; 1344 integer variables (1344 binary)
Coefficient ranges:
  Matrix  [2e-01, 2e+00]
  Cost    [1e-02, 6e-02]
  Bound   [1e+00, 1e+00]
  RHS     [2e-17, 4e+00]
WARNING: Problem has some excessively small row bounds
Presolving model
8064 rows, 8495 cols, 21934 nonzeros 0s
6133 rows, 6826 cols, 16854 nonzeros 0s
4044 rows, 4896 cols, 11347 nonzeros 0s
3934 rows, 3488 cols, 7930 nonzeros 0s
1828 rows, 2648 cols, 5411 nonzeros 0s
1585 rows, 1883 cols, 3413 nonzeros 0s
471 rows, 1425 cols, 2063 nonzeros 0s
305 rows, 1247 cols, 1719 nonzeros 0s
281 rows, 1163 cols, 1611 nonzeros 0s
Presolve reductions: rows 281(-10472); columns 1163(-8246); nonzeros 1611(-23926) 

Solving MIP model with:
   281 rows
   1163 cols (42 binary, 0 integer, 0 implied int., 1121 continuous, 0 domain fixed)
   1611 nonzeros

Src: B => Branching; C => Central rounding; F => Feasibility pump; H => Heuristic;
     I => Shifting; J => Feasibility jump; L => Sub-MIP; P => Empty MIP; R => Randomized rounding;
     S => Solve LP; T => Evaluate node; U => Unbounded; X => User solution; Y => HiGHS solution;
     Z => ZI Round; l => Trivial lower; p => Trivial point; u => Trivial upper; z => Trivial zero

        Nodes      |    B&B Tree     |            Objective Bounds              |  Dynamic Constraints |       Work      
Src  Proc. InQueue |  Leaves   Expl. | BestBound       BestSol              Gap |   Cuts   InLp Confl. | LpIters     Time

 J       0       0         0   0.00%   -inf            4.230422859        Large        0      0      0         0     0.5s
 T       0       0         0   0.00%   -0.8101329095   1.47546146       154.91%        0      0      0       126     0.5s
         1       0         1 100.00%   1.47546146      1.47546146         0.00%        0      0      0       126     0.5s

Solving report
  Status            Optimal
  Primal bound      1.47546146044
  Dual bound        1.47546146044
  Gap               0% (tolerance: 0.5%)
  P-D integral      0.0103541074102
  Solution status   feasible
                    1.47546146044 (objective)
                    0 (bound viol.)
                    0 (int. viol.)
                    0 (row viol.)
  Timing            0.47
  Max sub-MIP depth 0
  Nodes             1
  Repair LPs        0
  LP iterations     126
                    0 (strong br.)
                    0 (separation)
                    0 (heuristics)
MIP has 10753 rows; 9409 cols; 25537 nonzeros; 1344 integer variables (1344 binary)
Coefficient ranges:
  Matrix  [2e-01, 2e+00]
  Cost    [1e-02, 6e-02]
  Bound   [1e+00, 1e+00]
  RHS     [1e-17, 4e+00]
WARNING: Problem has some excessively small row bounds
Presolving model
8064 rows, 8497 cols, 21936 nonzeros 0s
6143 rows, 6842 cols, 16888 nonzeros 0s
4092 rows, 4955 cols, 11486 nonzeros 0s
3981 rows, 3561 cols, 8070 nonzeros 0s
1886 rows, 2740 cols, 5605 nonzeros 0s
1649 rows, 2057 cols, 3839 nonzeros 0s
692 rows, 1662 cols, 2677 nonzeros 0s
535 rows, 1476 cols, 2334 nonzeros 0s
Presolve reductions: rows 535(-10218); columns 1476(-7933); nonzeros 2334(-23203) 

Solving MIP model with:
   535 rows
   1476 cols (81 binary, 0 integer, 0 implied int., 1395 continuous, 0 domain fixed)
   2334 nonzeros

Src: B => Branching; C => Central rounding; F => Feasibility pump; H => Heuristic;
     I => Shifting; J => Feasibility jump; L => Sub-MIP; P => Empty MIP; R => Randomized rounding;
     S => Solve LP; T => Evaluate node; U => Unbounded; X => User solution; Y => HiGHS solution;
     Z => ZI Round; l => Trivial lower; p => Trivial point; u => Trivial upper; z => Trivial zero

        Nodes      |    B&B Tree     |            Objective Bounds              |  Dynamic Constraints |       Work      
Src  Proc. InQueue |  Leaves   Expl. | BestBound       BestSol              Gap |   Cuts   InLp Confl. | LpIters     Time

 J       0       0         0   0.00%   -inf            6.362686654        Large        0      0      0         0     0.4s
 T       0       0         0   0.00%   -1.608782929    1.679653087      195.78%        0      0      0       231     0.4s
         1       0         1 100.00%   1.679653087     1.679653087        0.00%        0      0      0       231     0.4s

Solving report
  Status            Optimal
  Primal bound      1.67965308655
  Dual bound        1.67965308655
  Gap               0% (tolerance: 0.5%)
  P-D integral      0.0139281970822
  Solution status   feasible
                    1.67965308655 (objective)
                    0 (bound viol.)
                    0 (int. viol.)
                    0 (row viol.)
  Timing            0.42
  Max sub-MIP depth 0
  Nodes             1
  Repair LPs        0
  LP iterations     231
                    0 (strong br.)
                    0 (separation)
                    0 (heuristics)
MIP has 10753 rows; 9409 cols; 25537 nonzeros; 1344 integer variables (1344 binary)
Coefficient ranges:
  Matrix  [2e-01, 2e+00]
  Cost    [1e-02, 6e-02]
  Bound   [1e+00, 1e+00]
  RHS     [1e-17, 4e+00]
WARNING: Problem has some excessively small row bounds
Presolving model
8064 rows, 8541 cols, 21980 nonzeros 0s
6129 rows, 6865 cols, 16885 nonzeros 0s
4069 rows, 4970 cols, 11462 nonzeros 0s
3949 rows, 3546 cols, 8016 nonzeros 0s
1841 rows, 2706 cols, 5498 nonzeros 0s
1588 rows, 2096 cols, 3966 nonzeros 0s
823 rows, 1777 cols, 3027 nonzeros 0s
699 rows, 1626 cols, 2752 nonzeros 0s
Presolve reductions: rows 699(-10054); columns 1626(-7783); nonzeros 2752(-22785) 

Solving MIP model with:
   699 rows
   1626 cols (107 binary, 0 integer, 0 implied int., 1519 continuous, 0 domain fixed)
   2752 nonzeros

Src: B => Branching; C => Central rounding; F => Feasibility pump; H => Heuristic;
     I => Shifting; J => Feasibility jump; L => Sub-MIP; P => Empty MIP; R => Randomized rounding;
     S => Solve LP; T => Evaluate node; U => Unbounded; X => User solution; Y => HiGHS solution;
     Z => ZI Round; l => Trivial lower; p => Trivial point; u => Trivial upper; z => Trivial zero

        Nodes      |    B&B Tree     |            Objective Bounds              |  Dynamic Constraints |       Work      
Src  Proc. InQueue |  Leaves   Expl. | BestBound       BestSol              Gap |   Cuts   InLp Confl. | LpIters     Time

 J       0       0         0   0.00%   -inf            5.918616459        Large        0      0      0         0     0.4s
 T       0       0         0   0.00%   -2.155557158    0.4765373238     552.34%        0      0      0       286     0.4s
         1       0         1 100.00%   0.4765373238    0.4765373238       0.00%        0      0      0       286     0.4s

Solving report
  Status            Optimal
  Primal bound      0.476537323843
  Dual bound        0.476537323843
  Gap               0% (tolerance: 0.5%)
  P-D integral      0.0168062208218
  Solution status   feasible
                    0.476537323843 (objective)
                    0 (bound viol.)
                    0 (int. viol.)
                    0 (row viol.)
  Timing            0.44
  Max sub-MIP depth 0
  Nodes             1
  Repair LPs        0
  LP iterations     286
                    0 (strong br.)
                    0 (separation)
                    0 (heuristics)
MIP has 10753 rows; 9409 cols; 25537 nonzeros; 1344 integer variables (1344 binary)
Coefficient ranges:
  Matrix  [2e-01, 2e+00]
  Cost    [1e-02, 6e-02]
  Bound   [1e+00, 1e+00]
  RHS     [1e-17, 4e+00]
WARNING: Problem has some excessively small row bounds
Presolving model
8064 rows, 8533 cols, 21972 nonzeros 0s
6132 rows, 6861 cols, 16884 nonzeros 0s
4076 rows, 4975 cols, 11482 nonzeros 0s
3965 rows, 3576 cols, 8070 nonzeros 0s
1870 rows, 2749 cols, 5582 nonzeros 0s
1616 rows, 2129 cols, 4012 nonzeros 0s
830 rows, 1807 cols, 3064 nonzeros 0s
705 rows, 1665 cols, 2797 nonzeros 0s
Presolve reductions: rows 705(-10048); columns 1665(-7744); nonzeros 2797(-22740) 

Solving MIP model with:
   705 rows
   1665 cols (107 binary, 0 integer, 0 implied int., 1558 continuous, 0 domain fixed)
   2797 nonzeros

Src: B => Branching; C => Central rounding; F => Feasibility pump; H => Heuristic;
     I => Shifting; J => Feasibility jump; L => Sub-MIP; P => Empty MIP; R => Randomized rounding;
     S => Solve LP; T => Evaluate node; U => Unbounded; X => User solution; Y => HiGHS solution;
     Z => ZI Round; l => Trivial lower; p => Trivial point; u => Trivial upper; z => Trivial zero

        Nodes      |    B&B Tree     |            Objective Bounds              |  Dynamic Constraints |       Work      
Src  Proc. InQueue |  Leaves   Expl. | BestBound       BestSol              Gap |   Cuts   InLp Confl. | LpIters     Time

 J       0       0         0   0.00%   -inf            5.730235012        Large        0      0      0         0     0.4s
 T       0       0         0   0.00%   -2.411286494    0.1118997896    2254.86%        0      0      0       295     0.5s
         1       0         1 100.00%   0.1118997896    0.1118997896       0.00%        0      0      0       295     0.5s

Solving report
  Status            Optimal
  Primal bound      0.111899789619
  Dual bound        0.111899789619
  Gap               0% (tolerance: 0.5%)
  P-D integral      0.0195587356506
  Solution status   feasible
                    0.111899789619 (objective)
                    0 (bound viol.)
                    0 (int. viol.)
                    0 (row viol.)
  Timing            0.46
  Max sub-MIP depth 0
  Nodes             1
  Repair LPs        0
  LP iterations     295
                    0 (strong br.)
                    0 (separation)
                    0 (heuristics)
MIP has 10753 rows; 9409 cols; 25537 nonzeros; 1344 integer variables (1344 binary)
Coefficient ranges:
  Matrix  [2e-01, 2e+00]
  Cost    [1e-02, 6e-02]
  Bound   [1e+00, 1e+00]
  RHS     [1e-17, 4e+00]
WARNING: Problem has some excessively small row bounds
Presolving model
8064 rows, 8514 cols, 21953 nonzeros 0s
6151 rows, 6870 cols, 16932 nonzeros 0s
4091 rows, 4972 cols, 11506 nonzeros 0s
3980 rows, 3571 cols, 8080 nonzeros 0s
1888 rows, 2755 cols, 5630 nonzeros 0s
1648 rows, 2140 cols, 4070 nonzeros 0s
832 rows, 1794 cols, 3053 nonzeros 0s
699 rows, 1641 cols, 2767 nonzeros 0s
Presolve reductions: rows 699(-10054); columns 1641(-7768); nonzeros 2767(-22770) 

Solving MIP model with:
   699 rows
   1641 cols (107 binary, 0 integer, 0 implied int., 1534 continuous, 0 domain fixed)
   2767 nonzeros

Src: B => Branching; C => Central rounding; F => Feasibility pump; H => Heuristic;
     I => Shifting; J => Feasibility jump; L => Sub-MIP; P => Empty MIP; R => Randomized rounding;
     S => Solve LP; T => Evaluate node; U => Unbounded; X => User solution; Y => HiGHS solution;
     Z => ZI Round; l => Trivial lower; p => Trivial point; u => Trivial upper; z => Trivial zero

        Nodes      |    B&B Tree     |            Objective Bounds              |  Dynamic Constraints |       Work      
Src  Proc. InQueue |  Leaves   Expl. | BestBound       BestSol              Gap |   Cuts   InLp Confl. | LpIters     Time

         0       0         0   0.00%   -2.592858487    inf                  inf        0      0      0         0     0.4s
 T       0       0         0   0.00%   -2.592858487    -0.286575722     804.77%        0      0      0       290     0.4s
         1       0         1 100.00%   -0.286575722    -0.286575722       0.00%        0      0      0       290     0.4s

Solving report
  Status            Optimal
  Primal bound      -0.286575721988
  Dual bound        -0.286575721988
  Gap               0% (tolerance: 0.5%)
  P-D integral      0.000461134673116
  Solution status   feasible
                    -0.286575721988 (objective)
                    0 (bound viol.)
                    0 (int. viol.)
                    0 (row viol.)
  Timing            0.43
  Max sub-MIP depth 0
  Nodes             1
  Repair LPs        0
  LP iterations     290
                    0 (strong br.)
                    0 (separation)
                    0 (heuristics)
MIP has 10753 rows; 9409 cols; 25537 nonzeros; 1344 integer variables (1344 binary)
Coefficient ranges:
  Matrix  [2e-01, 2e+00]
  Cost    [1e-02, 6e-02]
  Bound   [1e+00, 1e+00]
  RHS     [1e-17, 4e+00]
WARNING: Problem has some excessively small row bounds
Presolving model
8064 rows, 8516 cols, 21955 nonzeros 0s
6148 rows, 6869 cols, 16924 nonzeros 0s
4088 rows, 4976 cols, 11503 nonzeros 0s
3965 rows, 3549 cols, 8045 nonzeros 0s
1866 rows, 2722 cols, 5563 nonzeros 0s
1616 rows, 2149 cols, 4122 nonzeros 0s
932 rows, 1877 cols, 3316 nonzeros 0s
823 rows, 1762 cols, 3092 nonzeros 0s
Presolve reductions: rows 823(-9930); columns 1762(-7647); nonzeros 3092(-22445) 

Solving MIP model with:
   823 rows
   1762 cols (127 binary, 0 integer, 0 implied int., 1635 continuous, 0 domain fixed)
   3092 nonzeros

Src: B => Branching; C => Central rounding; F => Feasibility pump; H => Heuristic;
     I => Shifting; J => Feasibility jump; L => Sub-MIP; P => Empty MIP; R => Randomized rounding;
     S => Solve LP; T => Evaluate node; U => Unbounded; X => User solution; Y => HiGHS solution;
     Z => ZI Round; l => Trivial lower; p => Trivial point; u => Trivial upper; z => Trivial zero

        Nodes      |    B&B Tree     |            Objective Bounds              |  Dynamic Constraints |       Work      
Src  Proc. InQueue |  Leaves   Expl. | BestBound       BestSol              Gap |   Cuts   InLp Confl. | LpIters     Time

         0       0         0   0.00%   -3.025974969    inf                  inf        0      0      0         0     0.4s
 T       0       0         0   0.00%   -3.025974969    -1.280216317     136.36%        0      0      0       338     0.4s
         1       0         1 100.00%   -1.280216317    -1.280216317       0.00%        0      0      0       338     0.4s

Solving report
  Status            Optimal
  Primal bound      -1.28021631711
  Dual bound        -1.28021631711
  Gap               0% (tolerance: 0.5%)
  P-D integral      7.90913295954e-05
  Solution status   feasible
                    -1.28021631711 (objective)
                    0 (bound viol.)
                    0 (int. viol.)
                    0 (row viol.)
  Timing            0.41
  Max sub-MIP depth 0
  Nodes             1
  Repair LPs        0
  LP iterations     338
                    0 (strong br.)
                    0 (separation)
                    0 (heuristics)
MIP has 10753 rows; 9409 cols; 25537 nonzeros; 1344 integer variables (1344 binary)
Coefficient ranges:
  Matrix  [2e-01, 2e+00]
  Cost    [1e-02, 6e-02]
  Bound   [1e+00, 1e+00]
  RHS     [4e-17, 4e+00]
WARNING: Problem has some excessively small row bounds
Presolving model
8064 rows, 8515 cols, 21954 nonzeros 0s
6154 rows, 6876 cols, 16941 nonzeros 0s
4092 rows, 4984 cols, 11527 nonzeros 0s
3976 rows, 3559 cols, 8075 nonzeros 0s
1880 rows, 2737 cols, 5604 nonzeros 0s
1629 rows, 2183 cols, 4220 nonzeros 0s
979 rows, 1917 cols, 3443 nonzeros 0s
881 rows, 1814 cols, 3242 nonzeros 0s
Presolve reductions: rows 881(-9872); columns 1814(-7595); nonzeros 3242(-22295) 

Solving MIP model with:
   881 rows
   1814 cols (137 binary, 0 integer, 0 implied int., 1677 continuous, 0 domain fixed)
   3242 nonzeros

Src: B => Branching; C => Central rounding; F => Feasibility pump; H => Heuristic;
     I => Shifting; J => Feasibility jump; L => Sub-MIP; P => Empty MIP; R => Randomized rounding;
     S => Solve LP; T => Evaluate node; U => Unbounded; X => User solution; Y => HiGHS solution;
     Z => ZI Round; l => Trivial lower; p => Trivial point; u => Trivial upper; z => Trivial zero

        Nodes      |    B&B Tree     |            Objective Bounds              |  Dynamic Constraints |       Work      
Src  Proc. InQueue |  Leaves   Expl. | BestBound       BestSol              Gap |   Cuts   InLp Confl. | LpIters     Time

         0       0         0   0.00%   -3.240913718    inf                  inf        0      0      0         0     0.5s
 T       0       0         0   0.00%   -3.240913718    -1.414734834     129.08%        0      0      0       359     0.5s
         1       0         1 100.00%   -1.414734834    -1.414734834       0.00%        0      0      0       359     0.5s

Solving report
  Status            Optimal
  Primal bound      -1.41473483391
  Dual bound        -1.41473483391
  Gap               0% (tolerance: 0.5%)
  P-D integral      8.75181257222e-05
  Solution status   feasible
                    -1.41473483391 (objective)
                    0 (bound viol.)
                    0 (int. viol.)
                    0 (row viol.)
  Timing            0.47
  Max sub-MIP depth 0
  Nodes             1
  Repair LPs        0
  LP iterations     359
                    0 (strong br.)
                    0 (separation)
                    0 (heuristics)
MIP has 10753 rows; 9409 cols; 25537 nonzeros; 1344 integer variables (1344 binary)
Coefficient ranges:
  Matrix  [2e-01, 2e+00]
  Cost    [1e-02, 6e-02]
  Bound   [1e+00, 1e+00]
  RHS     [6e-17, 4e+00]
WARNING: Problem has some excessively small row bounds
Presolving model
8064 rows, 8570 cols, 22009 nonzeros 0s
6122 rows, 6885 cols, 16894 nonzeros 0s
4046 rows, 4966 cols, 11423 nonzeros 0s
3921 rows, 3539 cols, 7975 nonzeros 0s
1800 rows, 2682 cols, 5413 nonzeros 0s
1541 rows, 2134 cols, 4069 nonzeros 0s
898 rows, 1848 cols, 3237 nonzeros 0s
798 rows, 1744 cols, 3033 nonzeros 0s
Presolve reductions: rows 798(-9955); columns 1744(-7665); nonzeros 3033(-22504) 

Solving MIP model with:
   798 rows
   1744 cols (123 binary, 0 integer, 0 implied int., 1621 continuous, 0 domain fixed)
   3033 nonzeros

Src: B => Branching; C => Central rounding; F => Feasibility pump; H => Heuristic;
     I => Shifting; J => Feasibility jump; L => Sub-MIP; P => Empty MIP; R => Randomized rounding;
     S => Solve LP; T => Evaluate node; U => Unbounded; X => User solution; Y => HiGHS solution;
     Z => ZI Round; l => Trivial lower; p => Trivial point; u => Trivial upper; z => Trivial zero

        Nodes      |    B&B Tree     |            Objective Bounds              |  Dynamic Constraints |       Work      
Src  Proc. InQueue |  Leaves   Expl. | BestBound       BestSol              Gap |   Cuts   InLp Confl. | LpIters     Time

         0       0         0   0.00%   -2.873031142    inf                  inf        0      0      0         0     0.4s
 T       0       0         0   0.00%   -2.873031142    -1.122712371     155.90%        0      0      0       332     0.4s
         1       0         1 100.00%   -1.122712371    -1.122712371       0.00%        0      0      0       332     0.4s

Solving report
  Status            Optimal
  Primal bound      -1.12271237109
  Dual bound        -1.12271237109
  Gap               0% (tolerance: 0.5%)
  P-D integral      8.94871214729e-05
  Solution status   feasible
                    -1.12271237109 (objective)
                    0 (bound viol.)
                    0 (int. viol.)
                    0 (row viol.)
  Timing            0.44
  Max sub-MIP depth 0
  Nodes             1
  Repair LPs        0
  LP iterations     332
                    0 (strong br.)
                    0 (separation)
                    0 (heuristics)
MIP has 10753 rows; 9409 cols; 25537 nonzeros; 1344 integer variables (1344 binary)
Coefficient ranges:
  Matrix  [2e-01, 2e+00]
  Cost    [1e-02, 6e-02]
  Bound   [1e+00, 1e+00]
  RHS     [6e-17, 4e+00]
WARNING: Problem has some excessively small row bounds
Presolving model
8064 rows, 8668 cols, 22107 nonzeros 0s
6086 rows, 6932 cols, 16872 nonzeros 0s
3933 rows, 4903 cols, 11156 nonzeros 0s
3794 rows, 3441 cols, 7686 nonzeros 0s
1616 rows, 2509 cols, 4925 nonzeros 0s
1340 rows, 2044 cols, 3827 nonzeros 0s
927 rows, 1868 cols, 3315 nonzeros 0s
862 rows, 1791 cols, 3173 nonzeros 0s
Presolve reductions: rows 862(-9891); columns 1791(-7618); nonzeros 3173(-22364) 

Solving MIP model with:
   862 rows
   1791 cols (131 binary, 0 integer, 0 implied int., 1660 continuous, 0 domain fixed)
   3173 nonzeros

Src: B => Branching; C => Central rounding; F => Feasibility pump; H => Heuristic;
     I => Shifting; J => Feasibility jump; L => Sub-MIP; P => Empty MIP; R => Randomized rounding;
     S => Solve LP; T => Evaluate node; U => Unbounded; X => User solution; Y => HiGHS solution;
     Z => ZI Round; l => Trivial lower; p => Trivial point; u => Trivial upper; z => Trivial zero

        Nodes      |    B&B Tree     |            Objective Bounds              |  Dynamic Constraints |       Work      
Src  Proc. InQueue |  Leaves   Expl. | BestBound       BestSol              Gap |   Cuts   InLp Confl. | LpIters     Time

 J       0       0         0   0.00%   -inf            3.539953428        Large        0      0      0         0     0.4s
 T       0       0         0   0.00%   -2.947056149    -1.380954206     113.41%        0      0      0       362     0.4s
         1       0         1 100.00%   -1.380954206    -1.380954206       0.00%        0      0      0       362     0.4s

Solving report
  Status            Optimal
  Primal bound      -1.3809542061
  Dual bound        -1.3809542061
  Gap               0% (tolerance: 0.5%)
  P-D integral      0.0262417096857
  Solution status   feasible
                    -1.3809542061 (objective)
                    0 (bound viol.)
                    0 (int. viol.)
                    0 (row viol.)
  Timing            0.45
  Max sub-MIP depth 0
  Nodes             1
  Repair LPs        0
  LP iterations     362
                    0 (strong br.)
                    0 (separation)
                    0 (heuristics)
MIP has 10753 rows; 9409 cols; 25537 nonzeros; 1344 integer variables (1344 binary)
Coefficient ranges:
  Matrix  [2e-01, 2e+00]
  Cost    [1e-02, 6e-02]
  Bound   [1e+00, 1e+00]
  RHS     [1e-17, 4e+00]
WARNING: Problem has some excessively small row bounds
Presolving model
8064 rows, 8681 cols, 22120 nonzeros 0s
6080 rows, 6936 cols, 16866 nonzeros 0s
3932 rows, 4921 cols, 11175 nonzeros 0s
3791 rows, 3457 cols, 7707 nonzeros 0s
1607 rows, 2515 cols, 4914 nonzeros 0s
1318 rows, 2082 cols, 3925 nonzeros 0s
965 rows, 1907 cols, 3444 nonzeros 0s
946 rows, 1882 cols, 3400 nonzeros 0s
Presolve reductions: rows 946(-9807); columns 1882(-7527); nonzeros 3400(-22137) 

Solving MIP model with:
   946 rows
   1882 cols (144 binary, 0 integer, 0 implied int., 1738 continuous, 0 domain fixed)
   3400 nonzeros

Src: B => Branching; C => Central rounding; F => Feasibility pump; H => Heuristic;
     I => Shifting; J => Feasibility jump; L => Sub-MIP; P => Empty MIP; R => Randomized rounding;
     S => Solve LP; T => Evaluate node; U => Unbounded; X => User solution; Y => HiGHS solution;
     Z => ZI Round; l => Trivial lower; p => Trivial point; u => Trivial upper; z => Trivial zero

        Nodes      |    B&B Tree     |            Objective Bounds              |  Dynamic Constraints |       Work      
Src  Proc. InQueue |  Leaves   Expl. | BestBound       BestSol              Gap |   Cuts   InLp Confl. | LpIters     Time

         0       0         0   0.00%   -3.397825313    inf                  inf        0      0      0         0     0.5s
 T       0       0         0   0.00%   -3.397825313    -1.959957531      73.36%        0      0      0       402     0.5s
         1       0         1 100.00%   -1.959957531    -1.959957531       0.00%        0      0      0       402     0.5s

Solving report
  Status            Optimal
  Primal bound      -1.9599575308
  Dual bound        -1.9599575308
  Gap               0% (tolerance: 0.5%)
  P-D integral      5.31875876134e-05
  Solution status   feasible
                    -1.9599575308 (objective)
                    0 (bound viol.)
                    0 (int. viol.)
                    0 (row viol.)
  Timing            0.53
  Max sub-MIP depth 0
  Nodes             1
  Repair LPs        0
  LP iterations     402
                    0 (strong br.)
                    0 (separation)
                    0 (heuristics)
MIP has 10753 rows; 9409 cols; 25537 nonzeros; 1344 integer variables (1344 binary)
Coefficient ranges:
  Matrix  [2e-01, 2e+00]
  Cost    [1e-02, 6e-02]
  Bound   [1e+00, 1e+00]
  RHS     [1e-17, 4e+00]
WARNING: Problem has some excessively small row bounds
Presolving model
8064 rows, 8679 cols, 22118 nonzeros 0s
6081 rows, 6937 cols, 16872 nonzeros 0s
3914 rows, 4890 cols, 11114 nonzeros 0s
3773 rows, 3418 cols, 7635 nonzeros 0s
1590 rows, 2479 cols, 4853 nonzeros 0s
1309 rows, 2044 cols, 3855 nonzeros 0s
954 rows, 1873 cols, 3371 nonzeros 0s
897 rows, 1815 cols, 3256 nonzeros 0s
Presolve reductions: rows 897(-9856); columns 1815(-7594); nonzeros 3256(-22281) 

Solving MIP model with:
   897 rows
   1815 cols (137 binary, 0 integer, 0 implied int., 1678 continuous, 0 domain fixed)
   3256 nonzeros

Src: B => Branching; C => Central rounding; F => Feasibility pump; H => Heuristic;
     I => Shifting; J => Feasibility jump; L => Sub-MIP; P => Empty MIP; R => Randomized rounding;
     S => Solve LP; T => Evaluate node; U => Unbounded; X => User solution; Y => HiGHS solution;
     Z => ZI Round; l => Trivial lower; p => Trivial point; u => Trivial upper; z => Trivial zero

        Nodes      |    B&B Tree     |            Objective Bounds              |  Dynamic Constraints |       Work      
Src  Proc. InQueue |  Leaves   Expl. | BestBound       BestSol              Gap |   Cuts   InLp Confl. | LpIters     Time

 J       0       0         0   0.00%   -inf            2.764725488        Large        0      0      0         0     0.4s
 T       0       0         0   0.00%   -3.316640534    -1.901159803      74.45%        0      0      0       381     0.5s
         1       0         1 100.00%   -1.901159803    -1.901159803       0.00%        0      0      0       381     0.5s

Solving report
  Status            Optimal
  Primal bound      -1.90115980294
  Dual bound        -1.90115980294
  Gap               0% (tolerance: 0.5%)
  P-D integral      0.0368582222493
  Solution status   feasible
                    -1.90115980294 (objective)
                    0 (bound viol.)
                    0 (int. viol.)
                    0 (row viol.)
  Timing            0.45
  Max sub-MIP depth 0
  Nodes             1
  Repair LPs        0
  LP iterations     381
                    0 (strong br.)
                    0 (separation)
                    0 (heuristics)
MIP has 10753 rows; 9409 cols; 25537 nonzeros; 1344 integer variables (1344 binary)
Coefficient ranges:
  Matrix  [2e-01, 2e+00]
  Cost    [1e-02, 6e-02]
  Bound   [1e+00, 1e+00]
  RHS     [3e-17, 5e+00]
WARNING: Problem has some excessively small row bounds
Presolving model
8064 rows, 8711 cols, 22150 nonzeros 0s
6052 rows, 6928 cols, 16809 nonzeros 0s
3902 rows, 4908 cols, 11113 nonzeros 0s
3766 rows, 3447 cols, 7659 nonzeros 0s
1564 rows, 2483 cols, 4812 nonzeros 0s
1262 rows, 2175 cols, 4202 nonzeros 0s
1100 rows, 2026 cols, 3795 nonzeros 0s
Presolve reductions: rows 1100(-9653); columns 2026(-7383); nonzeros 3795(-21742) 

Solving MIP model with:
   1100 rows
   2026 cols (169 binary, 0 integer, 0 implied int., 1857 continuous, 0 domain fixed)
   3795 nonzeros

Src: B => Branching; C => Central rounding; F => Feasibility pump; H => Heuristic;
     I => Shifting; J => Feasibility jump; L => Sub-MIP; P => Empty MIP; R => Randomized rounding;
     S => Solve LP; T => Evaluate node; U => Unbounded; X => User solution; Y => HiGHS solution;
     Z => ZI Round; l => Trivial lower; p => Trivial point; u => Trivial upper; z => Trivial zero

        Nodes      |    B&B Tree     |            Objective Bounds              |  Dynamic Constraints |       Work      
Src  Proc. InQueue |  Leaves   Expl. | BestBound       BestSol              Gap |   Cuts   InLp Confl. | LpIters     Time

         0       0         0   0.00%   -4.076472922    inf                  inf        0      0      0         0     0.4s
 T       0       0         0   0.00%   -4.076472922    -2.738450104      48.86%        0      0      0       467     0.4s
         1       0         1 100.00%   -2.738450104    -2.738450104       0.00%        0      0      0       467     0.4s

Solving report
  Status            Optimal
  Primal bound      -2.73845010412
  Dual bound        -2.73845010412
  Gap               0% (tolerance: 0.5%)
  P-D integral      3.42024159445e-05
  Solution status   feasible
                    -2.73845010412 (objective)
                    0 (bound viol.)
                    0 (int. viol.)
                    0 (row viol.)
  Timing            0.44
  Max sub-MIP depth 0
  Nodes             1
  Repair LPs        0
  LP iterations     467
                    0 (strong br.)
                    0 (separation)
                    0 (heuristics)
MIP has 10753 rows; 9409 cols; 25537 nonzeros; 1344 integer variables (1344 binary)
Coefficient ranges:
  Matrix  [2e-01, 2e+00]
  Cost    [1e-02, 6e-02]
  Bound   [1e+00, 1e+00]
  RHS     [3e-17, 5e+00]
WARNING: Problem has some excessively small row bounds
Presolving model
8064 rows, 8702 cols, 22141 nonzeros 0s
6070 rows, 6946 cols, 16857 nonzeros 0s
3891 rows, 4893 cols, 11077 nonzeros 0s
3746 rows, 3404 cols, 7583 nonzeros 0s
1558 rows, 2456 cols, 4783 nonzeros 0s
1264 rows, 2072 cols, 3955 nonzeros 0s
1053 rows, 1924 cols, 3622 nonzeros 0s
Presolve reductions: rows 1053(-9700); columns 1924(-7485); nonzeros 3622(-21915) 

Solving MIP model with:
   1053 rows
   1924 cols (163 binary, 0 integer, 0 implied int., 1761 continuous, 0 domain fixed)
   3622 nonzeros

Src: B => Branching; C => Central rounding; F => Feasibility pump; H => Heuristic;
     I => Shifting; J => Feasibility jump; L => Sub-MIP; P => Empty MIP; R => Randomized rounding;
     S => Solve LP; T => Evaluate node; U => Unbounded; X => User solution; Y => HiGHS solution;
     Z => ZI Round; l => Trivial lower; p => Trivial point; u => Trivial upper; z => Trivial zero

        Nodes      |    B&B Tree     |            Objective Bounds              |  Dynamic Constraints |       Work      
Src  Proc. InQueue |  Leaves   Expl. | BestBound       BestSol              Gap |   Cuts   InLp Confl. | LpIters     Time

         0       0         0   0.00%   -3.985704967    inf                  inf        0      0      0         0     0.4s
 T       0       0         0   0.00%   -3.985704967    -2.609804232      52.72%        0      0      0       433     0.5s
         1       0         1 100.00%   -2.609804232    -2.609804232       0.00%        0      0      0       433     0.5s

Solving report
  Status            Optimal
  Primal bound      -2.60980423199
  Dual bound        -2.60980423199
  Gap               0% (tolerance: 0.5%)
  P-D integral      3.66407208965e-05
  Solution status   feasible
                    -2.60980423199 (objective)
                    0 (bound viol.)
                    0 (int. viol.)
                    0 (row viol.)
  Timing            0.46
  Max sub-MIP depth 0
  Nodes             1
  Repair LPs        0
  LP iterations     433
                    0 (strong br.)
                    0 (separation)
                    0 (heuristics)
MIP has 10753 rows; 9409 cols; 25537 nonzeros; 1344 integer variables (1344 binary)
Coefficient ranges:
  Matrix  [2e-01, 2e+00]
  Cost    [1e-02, 6e-02]
  Bound   [1e+00, 1e+00]
  RHS     [4e-17, 4e+00]
WARNING: Problem has some excessively small row bounds
Presolving model
8064 rows, 8725 cols, 22164 nonzeros 0s
6038 rows, 6926 cols, 16785 nonzeros 0s
3869 rows, 4879 cols, 11027 nonzeros 0s
3724 rows, 3398 cols, 7565 nonzeros 0s
1492 rows, 2390 cols, 4603 nonzeros 0s
1200 rows, 2093 cols, 4014 nonzeros 0s
996 rows, 1870 cols, 3475 nonzeros 0s
Presolve reductions: rows 996(-9757); columns 1870(-7539); nonzeros 3475(-22062) 

Solving MIP model with:
   996 rows
   1870 cols (154 binary, 0 integer, 0 implied int., 1716 continuous, 0 domain fixed)
   3475 nonzeros

Src: B => Branching; C => Central rounding; F => Feasibility pump; H => Heuristic;
     I => Shifting; J => Feasibility jump; L => Sub-MIP; P => Empty MIP; R => Randomized rounding;
     S => Solve LP; T => Evaluate node; U => Unbounded; X => User solution; Y => HiGHS solution;
     Z => ZI Round; l => Trivial lower; p => Trivial point; u => Trivial upper; z => Trivial zero

        Nodes      |    B&B Tree     |            Objective Bounds              |  Dynamic Constraints |       Work      
Src  Proc. InQueue |  Leaves   Expl. | BestBound       BestSol              Gap |   Cuts   InLp Confl. | LpIters     Time

         0       0         0   0.00%   -3.877356825    inf                  inf        0      0      0         0     0.4s
 T       0       0         0   0.00%   -3.877356825    -2.593219017      49.52%        0      0      0       408     0.4s
         1       0         1 100.00%   -2.593219017    -2.593219017       0.00%        0      0      0       408     0.4s

Solving report
  Status            Optimal
  Primal bound      -2.59321901701
  Dual bound        -2.59321901701
  Gap               0% (tolerance: 0.5%)
  P-D integral      3.18407561772e-05
  Solution status   feasible
                    -2.59321901701 (objective)
                    0 (bound viol.)
                    0 (int. viol.)
                    0 (row viol.)
  Timing            0.43
  Max sub-MIP depth 0
  Nodes             1
  Repair LPs        0
  LP iterations     408
                    0 (strong br.)
                    0 (separation)
                    0 (heuristics)
MIP has 10753 rows; 9409 cols; 25537 nonzeros; 1344 integer variables (1344 binary)
Coefficient ranges:
  Matrix  [2e-01, 2e+00]
  Cost    [1e-02, 6e-02]
  Bound   [1e+00, 1e+00]
  RHS     [5e-03, 4e+00]
Presolving model
8064 rows, 8764 cols, 22203 nonzeros 0s
6055 rows, 6986 cols, 16875 nonzeros 0s
3859 rows, 4904 cols, 11043 nonzeros 0s
3706 rows, 3460 cols, 7730 nonzeros 0s
1628 rows, 2526 cols, 4982 nonzeros 0s
1348 rows, 2239 cols, 4415 nonzeros 0s
Presolve reductions: rows 1348(-9405); columns 2239(-7170); nonzeros 4415(-21122) 

Solving MIP model with:
   1348 rows
   2239 cols (208 binary, 0 integer, 0 implied int., 2031 continuous, 0 domain fixed)
   4415 nonzeros

Src: B => Branching; C => Central rounding; F => Feasibility pump; H => Heuristic;
     I => Shifting; J => Feasibility jump; L => Sub-MIP; P => Empty MIP; R => Randomized rounding;
     S => Solve LP; T => Evaluate node; U => Unbounded; X => User solution; Y => HiGHS solution;
     Z => ZI Round; l => Trivial lower; p => Trivial point; u => Trivial upper; z => Trivial zero

        Nodes      |    B&B Tree     |            Objective Bounds              |  Dynamic Constraints |       Work      
Src  Proc. InQueue |  Leaves   Expl. | BestBound       BestSol              Gap |   Cuts   InLp Confl. | LpIters     Time

         0       0         0   0.00%   -5.164930294    inf                  inf        0      0      0         0     0.4s
 T       0       0         0   0.00%   -5.164930294    -3.971668783      30.04%        0      0      0       556     0.5s
         1       0         1 100.00%   -3.971668783    -3.971668783       0.00%        0      0      0       556     0.5s

Solving report
  Status            Optimal
  Primal bound      -3.97166878305
  Dual bound        -3.97166878305
  Gap               0% (tolerance: 0.5%)
  P-D integral      1.74557609209e-05
  Solution status   feasible
                    -3.97166878305 (objective)
                    0 (bound viol.)
                    0 (int. viol.)
                    0 (row viol.)
  Timing            0.47
  Max sub-MIP depth 0
  Nodes             1
  Repair LPs        0
  LP iterations     556
                    0 (strong br.)
                    0 (separation)
                    0 (heuristics)
MIP has 10753 rows; 9409 cols; 25537 nonzeros; 1344 integer variables (1344 binary)
Coefficient ranges:
  Matrix  [2e-01, 2e+00]
  Cost    [1e-02, 6e-02]
  Bound   [1e+00, 1e+00]
  RHS     [1e-03, 4e+00]
Presolving model
8064 rows, 8777 cols, 22216 nonzeros 0s
6046 rows, 6986 cols, 16859 nonzeros 0s
3861 rows, 4914 cols, 11050 nonzeros 0s
3701 rows, 3509 cols, 7838 nonzeros 0s
1722 rows, 2628 cols, 5241 nonzeros 0s
1444 rows, 2337 cols, 4672 nonzeros 0s
Presolve reductions: rows 1444(-9309); columns 2337(-7072); nonzeros 4672(-20865) 

Solving MIP model with:
   1444 rows
   2337 cols (223 binary, 0 integer, 0 implied int., 2114 continuous, 0 domain fixed)
   4672 nonzeros

Src: B => Branching; C => Central rounding; F => Feasibility pump; H => Heuristic;
     I => Shifting; J => Feasibility jump; L => Sub-MIP; P => Empty MIP; R => Randomized rounding;
     S => Solve LP; T => Evaluate node; U => Unbounded; X => User solution; Y => HiGHS solution;
     Z => ZI Round; l => Trivial lower; p => Trivial point; u => Trivial upper; z => Trivial zero

        Nodes      |    B&B Tree     |            Objective Bounds              |  Dynamic Constraints |       Work      
Src  Proc. InQueue |  Leaves   Expl. | BestBound       BestSol              Gap |   Cuts   InLp Confl. | LpIters     Time

         0       0         0   0.00%   -5.677920607    inf                  inf        0      0      0         0     0.4s
 T       0       0         0   0.00%   -5.677920607    -4.403645104      28.94%        0      0      0       590     0.5s
         1       0         1 100.00%   -4.403645104    -4.403645104       0.00%        0      0      0       590     0.5s

Solving report
  Status            Optimal
  Primal bound      -4.40364510409
  Dual bound        -4.40364510409
  Gap               0% (tolerance: 0.5%)
  P-D integral      2.05740903068e-05
  Solution status   feasible
                    -4.40364510409 (objective)
                    0 (bound viol.)
                    0 (int. viol.)
                    0 (row viol.)
  Timing            0.45
  Max sub-MIP depth 0
  Nodes             1
  Repair LPs        0
  LP iterations     590
                    0 (strong br.)
                    0 (separation)
                    0 (heuristics)
MIP has 10753 rows; 9409 cols; 25537 nonzeros; 1344 integer variables (1344 binary)
Coefficient ranges:
  Matrix  [2e-01, 2e+00]
  Cost    [1e-02, 6e-02]
  Bound   [1e+00, 1e+00]
  RHS     [1e-03, 4e+00]
Presolving model
8064 rows, 8795 cols, 22234 nonzeros 0s
6028 rows, 6980 cols, 16823 nonzeros 0s
3809 rows, 4858 cols, 10910 nonzeros 0s
3657 rows, 3443 cols, 7666 nonzeros 0s
1638 rows, 2542 cols, 5011 nonzeros 0s
1358 rows, 2256 cols, 4445 nonzeros 0s
Presolve reductions: rows 1358(-9395); columns 2256(-7153); nonzeros 4445(-21092) 

Solving MIP model with:
   1358 rows
   2256 cols (208 binary, 0 integer, 0 implied int., 2048 continuous, 0 domain fixed)
   4445 nonzeros

Src: B => Branching; C => Central rounding; F => Feasibility pump; H => Heuristic;
     I => Shifting; J => Feasibility jump; L => Sub-MIP; P => Empty MIP; R => Randomized rounding;
     S => Solve LP; T => Evaluate node; U => Unbounded; X => User solution; Y => HiGHS solution;
     Z => ZI Round; l => Trivial lower; p => Trivial point; u => Trivial upper; z => Trivial zero

        Nodes      |    B&B Tree     |            Objective Bounds              |  Dynamic Constraints |       Work      
Src  Proc. InQueue |  Leaves   Expl. | BestBound       BestSol              Gap |   Cuts   InLp Confl. | LpIters     Time

         0       0         0   0.00%   -5.385277594    inf                  inf        0      0      0         0     0.4s
 T       0       0         0   0.00%   -5.385277594    -4.060676811      32.62%        0      0      0       551     0.4s
         1       0         1 100.00%   -4.060676811    -4.060676811       0.00%        0      0      0       551     0.4s

Solving report
  Status            Optimal
  Primal bound      -4.06067681058
  Dual bound        -4.06067681058
  Gap               0% (tolerance: 0.5%)
  P-D integral      2.28993771633e-05
  Solution status   feasible
                    -4.06067681058 (objective)
                    0 (bound viol.)
                    0 (int. viol.)
                    0 (row viol.)
  Timing            0.42
  Max sub-MIP depth 0
  Nodes             1
  Repair LPs        0
  LP iterations     551
                    0 (strong br.)
                    0 (separation)
                    0 (heuristics)
MIP has 10753 rows; 9409 cols; 25537 nonzeros; 1344 integer variables (1344 binary)
Coefficient ranges:
  Matrix  [2e-01, 2e+00]
  Cost    [1e-02, 6e-02]
  Bound   [1e+00, 1e+00]
  RHS     [4e-16, 4e+00]
WARNING: Problem has some excessively small row bounds
Presolving model
8064 rows, 8814 cols, 22253 nonzeros 0s
6026 rows, 6994 cols, 16827 nonzeros 0s
3775 rows, 4835 cols, 10825 nonzeros 0s
3611 rows, 3432 cols, 7653 nonzeros 0s
1638 rows, 2529 cols, 5010 nonzeros 0s
1370 rows, 2245 cols, 4458 nonzeros 0s
Presolve reductions: rows 1370(-9383); columns 2245(-7164); nonzeros 4458(-21079) 

Solving MIP model with:
   1370 rows
   2245 cols (211 binary, 0 integer, 0 implied int., 2034 continuous, 0 domain fixed)
   4458 nonzeros

Src: B => Branching; C => Central rounding; F => Feasibility pump; H => Heuristic;
     I => Shifting; J => Feasibility jump; L => Sub-MIP; P => Empty MIP; R => Randomized rounding;
     S => Solve LP; T => Evaluate node; U => Unbounded; X => User solution; Y => HiGHS solution;
     Z => ZI Round; l => Trivial lower; p => Trivial point; u => Trivial upper; z => Trivial zero

        Nodes      |    B&B Tree     |            Objective Bounds              |  Dynamic Constraints |       Work      
Src  Proc. InQueue |  Leaves   Expl. | BestBound       BestSol              Gap |   Cuts   InLp Confl. | LpIters     Time

 J       0       0         0   0.00%   -inf            0.9089020878       Large        0      0      0         0     0.4s
 T       0       0         0   0.00%   -5.293661266    -3.956957361      33.78%        0      0      0       557     0.4s
         1       0         1 100.00%   -3.956957361    -3.956957361       0.00%        0      0      0       557     0.4s

Solving report
  Status            Optimal
  Primal bound      -3.95695736116
  Dual bound        -3.95695736116
  Gap               0% (tolerance: 0.5%)
  P-D integral      0.175018329581
  Solution status   feasible
                    -3.95695736116 (objective)
                    0 (bound viol.)
                    0 (int. viol.)
                    0 (row viol.)
  Timing            0.43
  Max sub-MIP depth 0
  Nodes             1
  Repair LPs        0
  LP iterations     557
                    0 (strong br.)
                    0 (separation)
                    0 (heuristics)
MIP has 10753 rows; 9409 cols; 25537 nonzeros; 1344 integer variables (1344 binary)
Coefficient ranges:
  Matrix  [2e-01, 2e+00]
  Cost    [1e-02, 6e-02]
  Bound   [1e+00, 1e+00]
  RHS     [4e-17, 4e+00]
WARNING: Problem has some excessively small row bounds
Presolving model
8064 rows, 8791 cols, 22230 nonzeros 0s
5997 rows, 6937 cols, 16729 nonzeros 0s
3774 rows, 4809 cols, 10806 nonzeros 0s
3616 rows, 3376 cols, 7541 nonzeros 0s
1563 rows, 2439 cols, 4793 nonzeros 0s
1277 rows, 2135 cols, 4203 nonzeros 0s
Presolve reductions: rows 1277(-9476); columns 2135(-7274); nonzeros 4203(-21334) 

Solving MIP model with:
   1277 rows
   2135 cols (198 binary, 0 integer, 0 implied int., 1937 continuous, 0 domain fixed)
   4203 nonzeros

Src: B => Branching; C => Central rounding; F => Feasibility pump; H => Heuristic;
     I => Shifting; J => Feasibility jump; L => Sub-MIP; P => Empty MIP; R => Randomized rounding;
     S => Solve LP; T => Evaluate node; U => Unbounded; X => User solution; Y => HiGHS solution;
     Z => ZI Round; l => Trivial lower; p => Trivial point; u => Trivial upper; z => Trivial zero

        Nodes      |    B&B Tree     |            Objective Bounds              |  Dynamic Constraints |       Work      
Src  Proc. InQueue |  Leaves   Expl. | BestBound       BestSol              Gap |   Cuts   InLp Confl. | LpIters     Time

         0       0         0   0.00%   -4.973320997    inf                  inf        0      0      0         0     0.4s
 T       0       0         0   0.00%   -4.973320997    -3.656412694      36.02%        0      0      0       521     0.4s
         1       0         1 100.00%   -3.656412694    -3.656412694       0.00%        0      0      0       521     0.4s

Solving report
  Status            Optimal
  Primal bound      -3.65641269408
  Dual bound        -3.65641269408
  Gap               0% (tolerance: 0.5%)
  P-D integral      2.16458600873e-05
  Solution status   feasible
                    -3.65641269408 (objective)
                    0 (bound viol.)
                    0 (int. viol.)
                    0 (row viol.)
  Timing            0.42
  Max sub-MIP depth 0
  Nodes             1
  Repair LPs        0
  LP iterations     521
                    0 (strong br.)
                    0 (separation)
                    0 (heuristics)
MIP has 10753 rows; 9409 cols; 25537 nonzeros; 1344 integer variables (1344 binary)
Coefficient ranges:
  Matrix  [2e-01, 2e+00]
  Cost    [1e-02, 6e-02]
  Bound   [1e+00, 1e+00]
  RHS     [4e-17, 4e+00]
WARNING: Problem has some excessively small row bounds
Presolving model
8064 rows, 8915 cols, 22354 nonzeros 0s
5894 rows, 6915 cols, 16524 nonzeros 0s
3557 rows, 4631 cols, 10255 nonzeros 0s
3401 rows, 3187 cols, 7035 nonzeros 0s
1259 rows, 2118 cols, 3952 nonzeros 0s
993 rows, 1850 cols, 3418 nonzeros 0s
955 rows, 1812 cols, 3342 nonzeros 0s
Presolve reductions: rows 955(-9798); columns 1812(-7597); nonzeros 3342(-22195) 

Solving MIP model with:
   955 rows
   1812 cols (144 binary, 0 integer, 0 implied int., 1668 continuous, 0 domain fixed)
   3342 nonzeros

Src: B => Branching; C => Central rounding; F => Feasibility pump; H => Heuristic;
     I => Shifting; J => Feasibility jump; L => Sub-MIP; P => Empty MIP; R => Randomized rounding;
     S => Solve LP; T => Evaluate node; U => Unbounded; X => User solution; Y => HiGHS solution;
     Z => ZI Round; l => Trivial lower; p => Trivial point; u => Trivial upper; z => Trivial zero

        Nodes      |    B&B Tree     |            Objective Bounds              |  Dynamic Constraints |       Work      
Src  Proc. InQueue |  Leaves   Expl. | BestBound       BestSol              Gap |   Cuts   InLp Confl. | LpIters     Time

         0       0         0   0.00%   -3.20019777     inf                  inf        0      0      0         0     0.4s
 T       0       0         0   0.00%   -3.20019777     -2.17631685       47.05%        0      0      0       403     0.4s
         1       0         1 100.00%   -2.17631685     -2.17631685        0.00%        0      0      0       403     0.4s

Solving report
  Status            Optimal
  Primal bound      -2.17631684988
  Dual bound        -2.17631684988
  Gap               0% (tolerance: 0.5%)
  P-D integral      2.87924585432e-05
  Solution status   feasible
                    -2.17631684988 (objective)
                    0 (bound viol.)
                    0 (int. viol.)
                    0 (row viol.)
  Timing            0.42
  Max sub-MIP depth 0
  Nodes             1
  Repair LPs        0
  LP iterations     403
                    0 (strong br.)
                    0 (separation)
                    0 (heuristics)
MIP has 10753 rows; 9409 cols; 25537 nonzeros; 1344 integer variables (1344 binary)
Coefficient ranges:
  Matrix  [2e-01, 2e+00]
  Cost    [1e-02, 6e-02]
  Bound   [1e+00, 1e+00]
  RHS     [1e-17, 4e+00]
WARNING: Problem has some excessively small row bounds
Presolving model
8064 rows, 9230 cols, 22669 nonzeros 0s
5617 rows, 6850 cols, 15974 nonzeros 0s
2967 rows, 4098 cols, 8712 nonzeros 0s
2772 rows, 2725 cols, 5959 nonzeros 0s
843 rows, 1573 cols, 2731 nonzeros 0s
631 rows, 1361 cols, 2307 nonzeros 0s
551 rows, 1281 cols, 2147 nonzeros 0s
Presolve reductions: rows 551(-10202); columns 1281(-8128); nonzeros 2147(-23390) 

Solving MIP model with:
   551 rows
   1281 cols (79 binary, 0 integer, 0 implied int., 1202 continuous, 0 domain fixed)
   2147 nonzeros

Src: B => Branching; C => Central rounding; F => Feasibility pump; H => Heuristic;
     I => Shifting; J => Feasibility jump; L => Sub-MIP; P => Empty MIP; R => Randomized rounding;
     S => Solve LP; T => Evaluate node; U => Unbounded; X => User solution; Y => HiGHS solution;
     Z => ZI Round; l => Trivial lower; p => Trivial point; u => Trivial upper; z => Trivial zero

        Nodes      |    B&B Tree     |            Objective Bounds              |  Dynamic Constraints |       Work      
Src  Proc. InQueue |  Leaves   Expl. | BestBound       BestSol              Gap |   Cuts   InLp Confl. | LpIters     Time

 J       0       0         0   0.00%   -inf            0.8212029239       Large        0      0      0         0     0.4s
 T       0       0         0   0.00%   -1.253319859    -0.7823678148     60.20%        0      0      0       252     0.4s
         1       0         1 100.00%   -0.7823678148   -0.7823678148      0.00%        0      0      0       252     0.4s

Solving report
  Status            Optimal
  Primal bound      -0.782367814787
  Dual bound        -0.782367814787
  Gap               0% (tolerance: 0.5%)
  P-D integral      0.0244424162079
  Solution status   feasible
                    -0.782367814787 (objective)
                    0 (bound viol.)
                    0 (int. viol.)
                    0 (row viol.)
  Timing            0.39
  Max sub-MIP depth 0
  Nodes             1
  Repair LPs        0
  LP iterations     252
                    0 (strong br.)
                    0 (separation)
                    0 (heuristics)
MIP has 10753 rows; 9409 cols; 25537 nonzeros; 1344 integer variables (1344 binary)
Coefficient ranges:
  Matrix  [2e-01, 2e+00]
  Cost    [1e-02, 6e-02]
  Bound   [1e+00, 1e+00]
  RHS     [1e-17, 4e+00]
WARNING: Problem has some excessively small row bounds
Presolving model
8064 rows, 9124 cols, 22563 nonzeros 0s
5740 rows, 6914 cols, 16254 nonzeros 0s
3221 rows, 4355 cols, 9407 nonzeros 0s
3037 rows, 2950 cols, 6508 nonzeros 0s
1005 rows, 1785 cols, 3213 nonzeros 0s
784 rows, 1559 cols, 2766 nonzeros 0s
703 rows, 1385 cols, 2511 nonzeros 0s
Presolve reductions: rows 703(-10050); columns 1385(-8024); nonzeros 2511(-23026) 

Solving MIP model with:
   703 rows
   1385 cols (106 binary, 0 integer, 0 implied int., 1279 continuous, 0 domain fixed)
   2511 nonzeros

Src: B => Branching; C => Central rounding; F => Feasibility pump; H => Heuristic;
     I => Shifting; J => Feasibility jump; L => Sub-MIP; P => Empty MIP; R => Randomized rounding;
     S => Solve LP; T => Evaluate node; U => Unbounded; X => User solution; Y => HiGHS solution;
     Z => ZI Round; l => Trivial lower; p => Trivial point; u => Trivial upper; z => Trivial zero

        Nodes      |    B&B Tree     |            Objective Bounds              |  Dynamic Constraints |       Work      
Src  Proc. InQueue |  Leaves   Expl. | BestBound       BestSol              Gap |   Cuts   InLp Confl. | LpIters     Time

 J       0       0         0   0.00%   -inf            1.355345835        Large        0      0      0         0     0.4s
 T       0       0         0   0.00%   -1.90701435     -1.134341822      68.12%        0      0      0       308     0.4s
         1       0         1 100.00%   -1.134341822    -1.134341822       0.00%        0      0      0       308     0.4s

Solving report
  Status            Optimal
  Primal bound      -1.13434182228
  Dual bound        -1.13434182228
  Gap               0% (tolerance: 0.5%)
  P-D integral      0.0299740241924
  Solution status   feasible
                    -1.13434182228 (objective)
                    0 (bound viol.)
                    0 (int. viol.)
                    0 (row viol.)
  Timing            0.41
  Max sub-MIP depth 0
  Nodes             1
  Repair LPs        0
  LP iterations     308
                    0 (strong br.)
                    0 (separation)
                    0 (heuristics)
MIP has 10753 rows; 9409 cols; 25537 nonzeros; 1344 integer variables (1344 binary)
Coefficient ranges:
  Matrix  [2e-01, 2e+00]
  Cost    [1e-02, 6e-02]
  Bound   [1e+00, 1e+00]
  RHS     [1e-17, 4e+00]
WARNING: Problem has some excessively small row bounds
Presolving model
8064 rows, 8815 cols, 22254 nonzeros 0s
5992 rows, 6951 cols, 16727 nonzeros 0s
3730 rows, 4782 cols, 10703 nonzeros 0s
3581 rows, 3307 cols, 7329 nonzeros 0s
1413 rows, 2302 cols, 4388 nonzeros 0s
1124 rows, 2011 cols, 3808 nonzeros 0s
1107 rows, 1986 cols, 3766 nonzeros 0s
Presolve reductions: rows 1107(-9646); columns 1986(-7423); nonzeros 3766(-21771) 

Solving MIP model with:
   1107 rows
   1986 cols (169 binary, 0 integer, 0 implied int., 1817 continuous, 0 domain fixed)
   3766 nonzeros

Src: B => Branching; C => Central rounding; F => Feasibility pump; H => Heuristic;
     I => Shifting; J => Feasibility jump; L => Sub-MIP; P => Empty MIP; R => Randomized rounding;
     S => Solve LP; T => Evaluate node; U => Unbounded; X => User solution; Y => HiGHS solution;
     Z => ZI Round; l => Trivial lower; p => Trivial point; u => Trivial upper; z => Trivial zero

        Nodes      |    B&B Tree     |            Objective Bounds              |  Dynamic Constraints |       Work      
Src  Proc. InQueue |  Leaves   Expl. | BestBound       BestSol              Gap |   Cuts   InLp Confl. | LpIters     Time

 J       0       0         0   0.00%   -inf            1.94355154         Large        0      0      0         0     0.4s
 T       0       0         0   0.00%   -3.493856304    -2.169159681      61.07%        0      0      0       458     0.4s
         1       0         1 100.00%   -2.169159681    -2.169159681       0.00%        0      0      0       458     0.4s

Solving report
  Status            Optimal
  Primal bound      -2.16915968059
  Dual bound        -2.16915968059
  Gap               0% (tolerance: 0.5%)
  P-D integral      0.0480041443464
  Solution status   feasible
                    -2.16915968059 (objective)
                    0 (bound viol.)
                    0 (int. viol.)
                    0 (row viol.)
  Timing            0.40
  Max sub-MIP depth 0
  Nodes             1
  Repair LPs        0
  LP iterations     458
                    0 (strong br.)
                    0 (separation)
                    0 (heuristics)
MIP has 10753 rows; 9409 cols; 25537 nonzeros; 1344 integer variables (1344 binary)
Coefficient ranges:
  Matrix  [2e-01, 2e+00]
  Cost    [1e-02, 6e-02]
  Bound   [1e+00, 1e+00]
  RHS     [6e-17, 4e+00]
WARNING: Problem has some excessively small row bounds
Presolving model
8064 rows, 8776 cols, 22215 nonzeros 0s
6001 rows, 6926 cols, 16721 nonzeros 0s
3772 rows, 4796 cols, 10780 nonzeros 0s
3625 rows, 3303 cols, 7298 nonzeros 0s
1411 rows, 2317 cols, 4392 nonzeros 0s
1116 rows, 2020 cols, 3800 nonzeros 0s
1009 rows, 1914 cols, 3535 nonzeros 0s
Presolve reductions: rows 1009(-9744); columns 1914(-7495); nonzeros 3535(-22002) 

Solving MIP model with:
   1009 rows
   1914 cols (154 binary, 0 integer, 0 implied int., 1760 continuous, 0 domain fixed)
   3535 nonzeros

Src: B => Branching; C => Central rounding; F => Feasibility pump; H => Heuristic;
     I => Shifting; J => Feasibility jump; L => Sub-MIP; P => Empty MIP; R => Randomized rounding;
     S => Solve LP; T => Evaluate node; U => Unbounded; X => User solution; Y => HiGHS solution;
     Z => ZI Round; l => Trivial lower; p => Trivial point; u => Trivial upper; z => Trivial zero

        Nodes      |    B&B Tree     |            Objective Bounds              |  Dynamic Constraints |       Work      
Src  Proc. InQueue |  Leaves   Expl. | BestBound       BestSol              Gap |   Cuts   InLp Confl. | LpIters     Time

 J       0       0         0   0.00%   -inf            2.598446261        Large        0      0      0         0     0.5s
 T       0       0         0   0.00%   -3.313061982    -2.090001354      58.52%        0      0      0       434     0.5s
         1       0         1 100.00%   -2.090001354    -2.090001354       0.00%        0      0      0       434     0.5s

Solving report
  Status            Optimal
  Primal bound      -2.09000135391
  Dual bound        -2.09000135391
  Gap               0% (tolerance: 0.5%)
  P-D integral      0.0411257651204
  Solution status   feasible
                    -2.09000135391 (objective)
                    0 (bound viol.)
                    0 (int. viol.)
                    0 (row viol.)
  Timing            0.51
  Max sub-MIP depth 0
  Nodes             1
  Repair LPs        0
  LP iterations     434
                    0 (strong br.)
                    0 (separation)
                    0 (heuristics)
MIP has 10753 rows; 9409 cols; 25537 nonzeros; 1344 integer variables (1344 binary)
Coefficient ranges:
  Matrix  [2e-01, 2e+00]
  Cost    [1e-02, 6e-02]
  Bound   [1e+00, 1e+00]
  RHS     [6e-17, 4e+00]
WARNING: Problem has some excessively small row bounds
Presolving model
8064 rows, 8754 cols, 22193 nonzeros 0s
6010 rows, 6918 cols, 16729 nonzeros 0s
3794 rows, 4807 cols, 10830 nonzeros 0s
3649 rows, 3317 cols, 7359 nonzeros 0s
1422 rows, 2314 cols, 4409 nonzeros 0s
1141 rows, 2033 cols, 3847 nonzeros 0s
917 rows, 1811 cols, 3285 nonzeros 0s
Presolve reductions: rows 917(-9836); columns 1811(-7598); nonzeros 3285(-22252) 

Solving MIP model with:
   917 rows
   1811 cols (141 binary, 0 integer, 0 implied int., 1670 continuous, 0 domain fixed)
   3285 nonzeros

Src: B => Branching; C => Central rounding; F => Feasibility pump; H => Heuristic;
     I => Shifting; J => Feasibility jump; L => Sub-MIP; P => Empty MIP; R => Randomized rounding;
     S => Solve LP; T => Evaluate node; U => Unbounded; X => User solution; Y => HiGHS solution;
     Z => ZI Round; l => Trivial lower; p => Trivial point; u => Trivial upper; z => Trivial zero

        Nodes      |    B&B Tree     |            Objective Bounds              |  Dynamic Constraints |       Work      
Src  Proc. InQueue |  Leaves   Expl. | BestBound       BestSol              Gap |   Cuts   InLp Confl. | LpIters     Time

 J       0       0         0   0.00%   -inf            2.691121052        Large        0      0      0         0     0.5s
 T       0       0         0   0.00%   -3.323438671    -2.046316018      62.41%        0      0      0       387     0.5s
         1       0         1 100.00%   -2.046316018    -2.046316018       0.00%        0      0      0       387     0.5s

Solving report
  Status            Optimal
  Primal bound      -2.04631601807
  Dual bound        -2.04631601807
  Gap               0% (tolerance: 0.5%)
  P-D integral      0.0380337279208
  Solution status   feasible
                    -2.04631601807 (objective)
                    0 (bound viol.)
                    0 (int. viol.)
                    0 (row viol.)
  Timing            0.53
  Max sub-MIP depth 0
  Nodes             1
  Repair LPs        0
  LP iterations     387
                    0 (strong br.)
                    0 (separation)
                    0 (heuristics)
MIP has 10753 rows; 9409 cols; 25537 nonzeros; 1344 integer variables (1344 binary)
Coefficient ranges:
  Matrix  [2e-01, 2e+00]
  Cost    [1e-02, 6e-02]
  Bound   [1e+00, 1e+00]
  RHS     [1e-17, 4e+00]
WARNING: Problem has some excessively small row bounds
Presolving model
8064 rows, 8760 cols, 22199 nonzeros 0s
6018 rows, 6932 cols, 16756 nonzeros 0s
3788 rows, 4802 cols, 10816 nonzeros 0s
3646 rows, 3317 cols, 7356 nonzeros 0s
1409 rows, 2302 cols, 4375 nonzeros 0s
1114 rows, 2007 cols, 3785 nonzeros 0s
906 rows, 1810 cols, 3264 nonzeros 0s
Presolve reductions: rows 906(-9847); columns 1810(-7599); nonzeros 3264(-22273) 

Solving MIP model with:
   906 rows
   1810 cols (138 binary, 0 integer, 0 implied int., 1672 continuous, 0 domain fixed)
   3264 nonzeros

Src: B => Branching; C => Central rounding; F => Feasibility pump; H => Heuristic;
     I => Shifting; J => Feasibility jump; L => Sub-MIP; P => Empty MIP; R => Randomized rounding;
     S => Solve LP; T => Evaluate node; U => Unbounded; X => User solution; Y => HiGHS solution;
     Z => ZI Round; l => Trivial lower; p => Trivial point; u => Trivial upper; z => Trivial zero

        Nodes      |    B&B Tree     |            Objective Bounds              |  Dynamic Constraints |       Work      
Src  Proc. InQueue |  Leaves   Expl. | BestBound       BestSol              Gap |   Cuts   InLp Confl. | LpIters     Time

 J       0       0         0   0.00%   -inf            2.941195413        Large        0      0      0         0     0.4s
 T       0       0         0   0.00%   -2.974499102    -1.56883281       89.60%        0      0      0       383     0.4s
         1       0         1 100.00%   -1.56883281     -1.56883281        0.00%        0      0      0       383     0.4s

Solving report
  Status            Optimal
  Primal bound      -1.56883280966
  Dual bound        -1.56883280966
  Gap               0% (tolerance: 0.5%)
  P-D integral      0.0283307399607
  Solution status   feasible
                    -1.56883280966 (objective)
                    0 (bound viol.)
                    0 (int. viol.)
                    0 (row viol.)
  Timing            0.42
  Max sub-MIP depth 0
  Nodes             1
  Repair LPs        0
  LP iterations     383
                    0 (strong br.)
                    0 (separation)
                    0 (heuristics)
MIP has 10753 rows; 9409 cols; 25537 nonzeros; 1344 integer variables (1344 binary)
Coefficient ranges:
  Matrix  [2e-01, 2e+00]
  Cost    [1e-02, 6e-02]
  Bound   [1e+00, 1e+00]
  RHS     [1e-17, 4e+00]
WARNING: Problem has some excessively small row bounds
Presolving model
8064 rows, 8771 cols, 22210 nonzeros 0s
6009 rows, 6929 cols, 16737 nonzeros 0s
3783 rows, 4799 cols, 10797 nonzeros 0s
3637 rows, 3308 cols, 7327 nonzeros 0s
1400 rows, 2293 cols, 4348 nonzeros 0s
1105 rows, 1990 cols, 3750 nonzeros 0s
947 rows, 1829 cols, 3347 nonzeros 0s
Presolve reductions: rows 947(-9806); columns 1829(-7580); nonzeros 3347(-22190) 

Solving MIP model with:
   947 rows
   1829 cols (143 binary, 0 integer, 0 implied int., 1686 continuous, 0 domain fixed)
   3347 nonzeros

Src: B => Branching; C => Central rounding; F => Feasibility pump; H => Heuristic;
     I => Shifting; J => Feasibility jump; L => Sub-MIP; P => Empty MIP; R => Randomized rounding;
     S => Solve LP; T => Evaluate node; U => Unbounded; X => User solution; Y => HiGHS solution;
     Z => ZI Round; l => Trivial lower; p => Trivial point; u => Trivial upper; z => Trivial zero

        Nodes      |    B&B Tree     |            Objective Bounds              |  Dynamic Constraints |       Work      
Src  Proc. InQueue |  Leaves   Expl. | BestBound       BestSol              Gap |   Cuts   InLp Confl. | LpIters     Time

         0       0         0   0.00%   -3.051052382    inf                  inf        0      0      0         0     0.4s
 T       0       0         0   0.00%   -3.051052382    -1.660841101      83.71%        0      0      0       407     0.5s
         1       0         1 100.00%   -1.660841101    -1.660841101       0.00%        0      0      0       407     0.5s

Solving report
  Status            Optimal
  Primal bound      -1.66084110118
  Dual bound        -1.66084110118
  Gap               0% (tolerance: 0.5%)
  P-D integral      4.60378876366e-05
  Solution status   feasible
                    -1.66084110118 (objective)
                    0 (bound viol.)
                    0 (int. viol.)
                    0 (row viol.)
  Timing            0.45
  Max sub-MIP depth 0
  Nodes             1
  Repair LPs        0
  LP iterations     407
                    0 (strong br.)
                    0 (separation)
                    0 (heuristics)
MIP has 10753 rows; 9409 cols; 25537 nonzeros; 1344 integer variables (1344 binary)
Coefficient ranges:
  Matrix  [2e-01, 2e+00]
  Cost    [1e-02, 6e-02]
  Bound   [1e+00, 1e+00]
  RHS     [1e-17, 4e+00]
WARNING: Problem has some excessively small row bounds
Presolving model
8064 rows, 8735 cols, 22174 nonzeros 0s
6016 rows, 6904 cols, 16720 nonzeros 0s
3785 rows, 4781 cols, 10790 nonzeros 0s
3648 rows, 3296 cols, 7317 nonzeros 0s
1436 rows, 2318 cols, 4434 nonzeros 0s
1144 rows, 2026 cols, 3850 nonzeros 0s
899 rows, 1795 cols, 3230 nonzeros 0s
886 rows, 1766 cols, 3188 nonzeros 0s
Presolve reductions: rows 886(-9867); columns 1766(-7643); nonzeros 3188(-22349) 

Solving MIP model with:
   886 rows
   1766 cols (135 binary, 0 integer, 0 implied int., 1631 continuous, 0 domain fixed)
   3188 nonzeros

Src: B => Branching; C => Central rounding; F => Feasibility pump; H => Heuristic;
     I => Shifting; J => Feasibility jump; L => Sub-MIP; P => Empty MIP; R => Randomized rounding;
     S => Solve LP; T => Evaluate node; U => Unbounded; X => User solution; Y => HiGHS solution;
     Z => ZI Round; l => Trivial lower; p => Trivial point; u => Trivial upper; z => Trivial zero

        Nodes      |    B&B Tree     |            Objective Bounds              |  Dynamic Constraints |       Work      
Src  Proc. InQueue |  Leaves   Expl. | BestBound       BestSol              Gap |   Cuts   InLp Confl. | LpIters     Time

 J       0       0         0   0.00%   -inf            2.546615557        Large        0      0      0         0     0.4s
 T       0       0         0   0.00%   -3.039840534    -1.685667044      80.33%        0      0      0       384     0.5s
         1       0         1 100.00%   -1.685667044    -1.685667044       0.00%        0      0      0       384     0.5s

Solving report
  Status            Optimal
  Primal bound      -1.68566704402
  Dual bound        -1.68566704402
  Gap               0% (tolerance: 0.5%)
  P-D integral      0.0348803228902
  Solution status   feasible
                    -1.68566704402 (objective)
                    0 (bound viol.)
                    0 (int. viol.)
                    0 (row viol.)
  Timing            0.46
  Max sub-MIP depth 0
  Nodes             1
  Repair LPs        0
  LP iterations     384
                    0 (strong br.)
                    0 (separation)
                    0 (heuristics)
MIP has 10753 rows; 9409 cols; 25537 nonzeros; 1344 integer variables (1344 binary)
Coefficient ranges:
  Matrix  [2e-01, 2e+00]
  Cost    [1e-02, 6e-02]
  Bound   [1e+00, 1e+00]
  RHS     [1e-17, 4e+00]
WARNING: Problem has some excessively small row bounds
Presolving model
8064 rows, 8680 cols, 22119 nonzeros 0s
6104 rows, 6965 cols, 16931 nonzeros 0s
3963 rows, 4958 cols, 11257 nonzeros 0s
3827 rows, 3503 cols, 7785 nonzeros 0s
1702 rows, 2632 cols, 5170 nonzeros 0s
1434 rows, 2155 cols, 4038 nonzeros 0s
991 rows, 1970 cols, 3493 nonzeros 0s
918 rows, 1887 cols, 3337 nonzeros 0s
Presolve reductions: rows 918(-9835); columns 1887(-7522); nonzeros 3337(-22200) 

Solving MIP model with:
   918 rows
   1887 cols (134 binary, 0 integer, 0 implied int., 1753 continuous, 0 domain fixed)
   3337 nonzeros

Src: B => Branching; C => Central rounding; F => Feasibility pump; H => Heuristic;
     I => Shifting; J => Feasibility jump; L => Sub-MIP; P => Empty MIP; R => Randomized rounding;
     S => Solve LP; T => Evaluate node; U => Unbounded; X => User solution; Y => HiGHS solution;
     Z => ZI Round; l => Trivial lower; p => Trivial point; u => Trivial upper; z => Trivial zero

        Nodes      |    B&B Tree     |            Objective Bounds              |  Dynamic Constraints |       Work      
Src  Proc. InQueue |  Leaves   Expl. | BestBound       BestSol              Gap |   Cuts   InLp Confl. | LpIters     Time

 J       0       0         0   0.00%   -inf            6.478385797        Large        0      0      0         0     0.4s
 T       0       0         0   0.00%   -2.645423059    0.1807173578    1563.85%        0      0      0       401     0.4s
         1       0         1 100.00%   0.1807173578    0.1807173578       0.00%        0      0      0       401     0.4s

Solving report
  Status            Optimal
  Primal bound      0.180717357839
  Dual bound        0.180717357839
  Gap               0% (tolerance: 0.5%)
  P-D integral      0.0228180217176
  Solution status   feasible
                    0.180717357839 (objective)
                    0 (bound viol.)
                    0 (int. viol.)
                    0 (row viol.)
  Timing            0.43
  Max sub-MIP depth 0
  Nodes             1
  Repair LPs        0
  LP iterations     401
                    0 (strong br.)
                    0 (separation)
                    0 (heuristics)
MIP has 10753 rows; 9409 cols; 25537 nonzeros; 1344 integer variables (1344 binary)
Coefficient ranges:
  Matrix  [2e-01, 2e+00]
  Cost    [1e-02, 6e-02]
  Bound   [1e+00, 1e+00]
  RHS     [6e-17, 4e+00]
WARNING: Problem has some excessively small row bounds
Presolving model
8064 rows, 8621 cols, 22060 nonzeros 0s
6161 rows, 6982 cols, 17042 nonzeros 0s
4115 rows, 5106 cols, 11648 nonzeros 0s
3990 rows, 3707 cols, 8207 nonzeros 0s
1946 rows, 2941 cols, 5866 nonzeros 0s
1689 rows, 2409 cols, 4552 nonzeros 0s
1123 rows, 2193 cols, 3903 nonzeros 0s
1030 rows, 2080 cols, 3697 nonzeros 0s
Presolve reductions: rows 1030(-9723); columns 2080(-7329); nonzeros 3697(-21840) 

Solving MIP model with:
   1030 rows
   2080 cols (147 binary, 0 integer, 0 implied int., 1933 continuous, 0 domain fixed)
   3697 nonzeros

Src: B => Branching; C => Central rounding; F => Feasibility pump; H => Heuristic;
     I => Shifting; J => Feasibility jump; L => Sub-MIP; P => Empty MIP; R => Randomized rounding;
     S => Solve LP; T => Evaluate node; U => Unbounded; X => User solution; Y => HiGHS solution;
     Z => ZI Round; l => Trivial lower; p => Trivial point; u => Trivial upper; z => Trivial zero

        Nodes      |    B&B Tree     |            Objective Bounds              |  Dynamic Constraints |       Work      
Src  Proc. InQueue |  Leaves   Expl. | BestBound       BestSol              Gap |   Cuts   InLp Confl. | LpIters     Time

 J       0       0         0   0.00%   -inf            9.754656111        Large        0      0      0         0     0.4s
 T       0       0         0   0.00%   -2.945721108    1.062586283      377.22%        0      0      0       474     0.4s
         1       0         1 100.00%   1.062586283     1.062586283        0.00%        0      0      0       474     0.4s

Solving report
  Status            Optimal
  Primal bound      1.06258628266
  Dual bound        1.06258628266
  Gap               0% (tolerance: 0.5%)
  P-D integral      0.0234713218065
  Solution status   feasible
                    1.06258628266 (objective)
                    0 (bound viol.)
                    0 (int. viol.)
                    0 (row viol.)
  Timing            0.42
  Max sub-MIP depth 0
  Nodes             1
  Repair LPs        0
  LP iterations     474
                    0 (strong br.)
                    0 (separation)
                    0 (heuristics)
MIP has 10753 rows; 9409 cols; 25537 nonzeros; 1344 integer variables (1344 binary)
Coefficient ranges:
  Matrix  [2e-01, 2e+00]
  Cost    [1e-02, 6e-02]
  Bound   [1e+00, 1e+00]
  RHS     [7e-18, 4e+00]
WARNING: Problem has some excessively small row bounds
Presolving model
8064 rows, 8615 cols, 22054 nonzeros 0s
6182 rows, 7004 cols, 17101 nonzeros 0s
4136 rows, 5130 cols, 11709 nonzeros 0s
4010 rows, 3723 cols, 8265 nonzeros 0s
1946 rows, 2933 cols, 5862 nonzeros 0s
1691 rows, 2367 cols, 4444 nonzeros 0s
1051 rows, 2125 cols, 3711 nonzeros 0s
943 rows, 2001 cols, 3479 nonzeros 0s
Presolve reductions: rows 943(-9810); columns 2001(-7408); nonzeros 3479(-22058) 

Solving MIP model with:
   943 rows
   2001 cols (134 binary, 0 integer, 0 implied int., 1867 continuous, 0 domain fixed)
   3479 nonzeros

Src: B => Branching; C => Central rounding; F => Feasibility pump; H => Heuristic;
     I => Shifting; J => Feasibility jump; L => Sub-MIP; P => Empty MIP; R => Randomized rounding;
     S => Solve LP; T => Evaluate node; U => Unbounded; X => User solution; Y => HiGHS solution;
     Z => ZI Round; l => Trivial lower; p => Trivial point; u => Trivial upper; z => Trivial zero

        Nodes      |    B&B Tree     |            Objective Bounds              |  Dynamic Constraints |       Work      
Src  Proc. InQueue |  Leaves   Expl. | BestBound       BestSol              Gap |   Cuts   InLp Confl. | LpIters     Time

 J       0       0         0   0.00%   -inf            10.20057291        Large        0      0      0         0     0.4s
 T       0       0         0   0.00%   -2.867575617    1.458421343      296.62%        0      0      0       431     0.4s
         1       0         1 100.00%   1.458421343     1.458421343        0.00%        0      0      0       431     0.4s

Solving report
  Status            Optimal
  Primal bound      1.45842134345
  Dual bound        1.45842134345
  Gap               0% (tolerance: 0.5%)
  P-D integral      0.0194515347206
  Solution status   feasible
                    1.45842134345 (objective)
                    0 (bound viol.)
                    0 (int. viol.)
                    0 (row viol.)
  Timing            0.42
  Max sub-MIP depth 0
  Nodes             1
  Repair LPs        0
  LP iterations     431
                    0 (strong br.)
                    0 (separation)
                    0 (heuristics)
MIP has 10753 rows; 9409 cols; 25537 nonzeros; 1344 integer variables (1344 binary)
Coefficient ranges:
  Matrix  [2e-01, 2e+00]
  Cost    [1e-02, 6e-02]
  Bound   [1e+00, 1e+00]
  RHS     [7e-18, 4e+00]
WARNING: Problem has some excessively small row bounds
Presolving model
8064 rows, 8635 cols, 22074 nonzeros 0s
6195 rows, 7037 cols, 17145 nonzeros 0s
4170 rows, 5194 cols, 11811 nonzeros 0s
4047 rows, 3811 cols, 8400 nonzeros 0s
1972 rows, 3006 cols, 5957 nonzeros 0s
1715 rows, 2441 cols, 4544 nonzeros 0s
1070 rows, 2189 cols, 3794 nonzeros 0s
964 rows, 2012 cols, 3511 nonzeros 0s
Presolve reductions: rows 964(-9789); columns 2012(-7397); nonzeros 3511(-22026) 

Solving MIP model with:
   964 rows
   2012 cols (134 binary, 0 integer, 0 implied int., 1878 continuous, 0 domain fixed)
   3511 nonzeros

Src: B => Branching; C => Central rounding; F => Feasibility pump; H => Heuristic;
     I => Shifting; J => Feasibility jump; L => Sub-MIP; P => Empty MIP; R => Randomized rounding;
     S => Solve LP; T => Evaluate node; U => Unbounded; X => User solution; Y => HiGHS solution;
     Z => ZI Round; l => Trivial lower; p => Trivial point; u => Trivial upper; z => Trivial zero

        Nodes      |    B&B Tree     |            Objective Bounds              |  Dynamic Constraints |       Work      
Src  Proc. InQueue |  Leaves   Expl. | BestBound       BestSol              Gap |   Cuts   InLp Confl. | LpIters     Time

 J       0       0         0   0.00%   -inf            15.72018063        Large        0      0      0         0     0.4s
 T       0       0         0   0.00%   -2.799407213    6.684115157      141.88%        0      0      0       418     0.4s
         1       0         1 100.00%   6.684115157     6.684115157        0.00%        0      0      0       418     0.4s

Solving report
  Status            Optimal
  Primal bound      6.68411515724
  Dual bound        6.68411515724
  Gap               0% (tolerance: 0.5%)
  P-D integral      0.0193952621973
  Solution status   feasible
                    6.68411515724 (objective)
                    0 (bound viol.)
                    0 (int. viol.)
                    0 (row viol.)
  Timing            0.42
  Max sub-MIP depth 0
  Nodes             1
  Repair LPs        0
  LP iterations     418
                    0 (strong br.)
                    0 (separation)
                    0 (heuristics)
MIP has 10753 rows; 9409 cols; 25537 nonzeros; 1344 integer variables (1344 binary)
Coefficient ranges:
  Matrix  [2e-01, 2e+00]
  Cost    [1e-02, 6e-02]
  Bound   [1e+00, 1e+00]
  RHS     [3e-03, 4e+00]
Presolving model
8064 rows, 8614 cols, 22053 nonzeros 0s
6198 rows, 7025 cols, 17144 nonzeros 0s
4150 rows, 5160 cols, 11745 nonzeros 0s
4014 rows, 3755 cols, 8263 nonzeros 0s
2002 rows, 3027 cols, 6028 nonzeros 0s
1737 rows, 2457 cols, 4644 nonzeros 0s
1120 rows, 2198 cols, 3887 nonzeros 0s
1018 rows, 2008 cols, 3595 nonzeros 0s
Presolve reductions: rows 1018(-9735); columns 2008(-7401); nonzeros 3595(-21942) 

Solving MIP model with:
   1018 rows
   2008 cols (143 binary, 0 integer, 0 implied int., 1865 continuous, 0 domain fixed)
   3595 nonzeros

Src: B => Branching; C => Central rounding; F => Feasibility pump; H => Heuristic;
     I => Shifting; J => Feasibility jump; L => Sub-MIP; P => Empty MIP; R => Randomized rounding;
     S => Solve LP; T => Evaluate node; U => Unbounded; X => User solution; Y => HiGHS solution;
     Z => ZI Round; l => Trivial lower; p => Trivial point; u => Trivial upper; z => Trivial zero

        Nodes      |    B&B Tree     |            Objective Bounds              |  Dynamic Constraints |       Work      
Src  Proc. InQueue |  Leaves   Expl. | BestBound       BestSol              Gap |   Cuts   InLp Confl. | LpIters     Time

 J       0       0         0   0.00%   -inf            18.99256284        Large        0      0      0         0     0.4s
 T       0       0         0   0.00%   -2.742933003    9.531840627      128.78%        0      0      0       413     0.5s
         1       0         1 100.00%   9.531840627     9.531840627        0.00%        0      0      0       413     0.5s

Solving report
  Status            Optimal
  Primal bound      9.53184062721
  Dual bound        9.53184062721
  Gap               0% (tolerance: 0.5%)
  P-D integral      0.0178620338041
  Solution status   feasible
                    9.53184062721 (objective)
                    0 (bound viol.)
                    0 (int. viol.)
                    0 (row viol.)
  Timing            0.46
  Max sub-MIP depth 0
  Nodes             1
  Repair LPs        0
  LP iterations     413
                    0 (strong br.)
                    0 (separation)
                    0 (heuristics)
MIP has 10753 rows; 9409 cols; 25537 nonzeros; 1344 integer variables (1344 binary)
Coefficient ranges:
  Matrix  [2e-01, 2e+00]
  Cost    [1e-02, 6e-02]
  Bound   [1e+00, 1e+00]
  RHS     [1e-16, 4e+00]
WARNING: Problem has some excessively small row bounds
Presolving model
8064 rows, 8582 cols, 22021 nonzeros 0s
6196 rows, 6989 cols, 17108 nonzeros 0s
4208 rows, 5190 cols, 11885 nonzeros 0s
4092 rows, 3820 cols, 8476 nonzeros 0s
2049 rows, 3054 cols, 6146 nonzeros 0s
1803 rows, 2477 cols, 4699 nonzeros 0s
1112 rows, 2186 cols, 3869 nonzeros 0s
1003 rows, 1991 cols, 3565 nonzeros 0s
Presolve reductions: rows 1003(-9750); columns 1991(-7418); nonzeros 3565(-21972) 

Solving MIP model with:
   1003 rows
   1991 cols (143 binary, 0 integer, 0 implied int., 1848 continuous, 0 domain fixed)
   3565 nonzeros

Src: B => Branching; C => Central rounding; F => Feasibility pump; H => Heuristic;
     I => Shifting; J => Feasibility jump; L => Sub-MIP; P => Empty MIP; R => Randomized rounding;
     S => Solve LP; T => Evaluate node; U => Unbounded; X => User solution; Y => HiGHS solution;
     Z => ZI Round; l => Trivial lower; p => Trivial point; u => Trivial upper; z => Trivial zero

        Nodes      |    B&B Tree     |            Objective Bounds              |  Dynamic Constraints |       Work      
Src  Proc. InQueue |  Leaves   Expl. | BestBound       BestSol              Gap |   Cuts   InLp Confl. | LpIters     Time

 J       0       0         0   0.00%   -inf            16.93876475        Large        0      0      0         0     0.4s
 T       0       0         0   0.00%   -2.897333354    6.983888248      141.49%        0      0      0       399     0.4s
         1       0         1 100.00%   6.983888248     6.983888248        0.00%        0      0      0       399     0.4s

Solving report
  Status            Optimal
  Primal bound      6.9838882481
  Dual bound        6.9838882481
  Gap               0% (tolerance: 0.5%)
  P-D integral      0.0214474285927
  Solution status   feasible
                    6.9838882481 (objective)
                    0 (bound viol.)
                    0 (int. viol.)
                    0 (row viol.)
  Timing            0.42
  Max sub-MIP depth 0
  Nodes             1
  Repair LPs        0
  LP iterations     399
                    0 (strong br.)
                    0 (separation)
                    0 (heuristics)
MIP has 10753 rows; 9409 cols; 25537 nonzeros; 1344 integer variables (1344 binary)
Coefficient ranges:
  Matrix  [2e-01, 2e+00]
  Cost    [1e-02, 6e-02]
  Bound   [1e+00, 1e+00]
  RHS     [7e-18, 4e+00]
WARNING: Problem has some excessively small row bounds
Presolving model
8064 rows, 8558 cols, 21997 nonzeros 0s
6180 rows, 6946 cols, 17036 nonzeros 0s
4157 rows, 5115 cols, 11724 nonzeros 0s
4015 rows, 3690 cols, 8217 nonzeros 0s
1995 rows, 2950 cols, 5948 nonzeros 0s
1731 rows, 2297 cols, 4294 nonzeros 0s
935 rows, 1986 cols, 3372 nonzeros 0s
797 rows, 1726 cols, 2974 nonzeros 0s
Presolve reductions: rows 797(-9956); columns 1726(-7683); nonzeros 2974(-22563) 

Solving MIP model with:
   797 rows
   1726 cols (113 binary, 0 integer, 0 implied int., 1613 continuous, 0 domain fixed)
   2974 nonzeros

Src: B => Branching; C => Central rounding; F => Feasibility pump; H => Heuristic;
     I => Shifting; J => Feasibility jump; L => Sub-MIP; P => Empty MIP; R => Randomized rounding;
     S => Solve LP; T => Evaluate node; U => Unbounded; X => User solution; Y => HiGHS solution;
     Z => ZI Round; l => Trivial lower; p => Trivial point; u => Trivial upper; z => Trivial zero

        Nodes      |    B&B Tree     |            Objective Bounds              |  Dynamic Constraints |       Work      
Src  Proc. InQueue |  Leaves   Expl. | BestBound       BestSol              Gap |   Cuts   InLp Confl. | LpIters     Time

 J       0       0         0   0.00%   -inf            21.72339068        Large        0      0      0         0     0.5s
 T       0       0         0   0.00%   -2.286154747    13.61679649      116.79%        0      0      0       298     0.5s
         1       0         1 100.00%   13.61679649     13.61679649        0.00%        0      0      0       298     0.5s

Solving report
  Status            Optimal
  Primal bound      13.6167964912
  Dual bound        13.6167964912
  Gap               0% (tolerance: 0.5%)
  P-D integral      0.0147651770618
  Solution status   feasible
                    13.6167964912 (objective)
                    0 (bound viol.)
                    0 (int. viol.)
                    0 (row viol.)
  Timing            0.48
  Max sub-MIP depth 0
  Nodes             1
  Repair LPs        0
  LP iterations     298
                    0 (strong br.)
                    0 (separation)
                    0 (heuristics)
MIP has 10753 rows; 9409 cols; 25537 nonzeros; 1344 integer variables (1344 binary)
Coefficient ranges:
  Matrix  [2e-01, 2e+00]
  Cost    [1e-02, 6e-02]
  Bound   [1e+00, 1e+00]
  RHS     [7e-18, 4e+00]
WARNING: Problem has some excessively small row bounds
Presolving model
8064 rows, 8545 cols, 21984 nonzeros 0s
6155 rows, 6898 cols, 16948 nonzeros 0s
4132 rows, 5056 cols, 11627 nonzeros 0s
4023 rows, 3674 cols, 8231 nonzeros 0s
1942 rows, 2863 cols, 5780 nonzeros 0s
1714 rows, 2090 cols, 3741 nonzeros 0s
568 rows, 1636 cols, 2383 nonzeros 0s
400 rows, 1434 cols, 2013 nonzeros 0s
369 rows, 1203 cols, 1751 nonzeros 0s
Presolve reductions: rows 369(-10384); columns 1203(-8206); nonzeros 1751(-23786) 

Solving MIP model with:
   369 rows
   1203 cols (45 binary, 0 integer, 0 implied int., 1158 continuous, 0 domain fixed)
   1751 nonzeros

Src: B => Branching; C => Central rounding; F => Feasibility pump; H => Heuristic;
     I => Shifting; J => Feasibility jump; L => Sub-MIP; P => Empty MIP; R => Randomized rounding;
     S => Solve LP; T => Evaluate node; U => Unbounded; X => User solution; Y => HiGHS solution;
     Z => ZI Round; l => Trivial lower; p => Trivial point; u => Trivial upper; z => Trivial zero

        Nodes      |    B&B Tree     |            Objective Bounds              |  Dynamic Constraints |       Work      
Src  Proc. InQueue |  Leaves   Expl. | BestBound       BestSol              Gap |   Cuts   InLp Confl. | LpIters     Time

 J       0       0         0   0.00%   -inf            28.89713057        Large        0      0      0         0     0.5s
 T       0       0         0   0.00%   -0.8567191221   25.96259725      103.30%        0      0      0       110     0.5s
         1       0         1 100.00%   25.96259725     25.96259725        0.00%        0      0      0       110     0.5s

Solving report
  Status            Optimal
  Primal bound      25.9625972474
  Dual bound        25.9625972474
  Gap               0% (tolerance: 0.5%)
  P-D integral      0.0106764737569
  Solution status   feasible
                    25.9625972474 (objective)
                    0 (bound viol.)
                    0 (int. viol.)
                    0 (row viol.)
  Timing            0.48
  Max sub-MIP depth 0
  Nodes             1
  Repair LPs        0
  LP iterations     110
                    0 (strong br.)
                    0 (separation)
                    0 (heuristics)
MIP has 10753 rows; 9409 cols; 25537 nonzeros; 1344 integer variables (1344 binary)
Coefficient ranges:
  Matrix  [2e-01, 2e+00]
  Cost    [1e-02, 6e-02]
  Bound   [1e+00, 1e+00]
  RHS     [3e-18, 4e+00]
WARNING: Problem has some excessively small row bounds
Presolving model
8064 rows, 8551 cols, 21990 nonzeros 0s
6177 rows, 6935 cols, 17019 nonzeros 0s
4151 rows, 5094 cols, 11692 nonzeros 0s
4035 rows, 3703 cols, 8274 nonzeros 0s
1970 rows, 2912 cols, 5873 nonzeros 0s
1734 rows, 2205 cols, 4033 nonzeros 0s
751 rows, 1820 cols, 2878 nonzeros 0s
588 rows, 1517 cols, 2412 nonzeros 0s
584 rows, 1475 cols, 2366 nonzeros 0s
Presolve reductions: rows 584(-10169); columns 1475(-7934); nonzeros 2366(-23171) 

Solving MIP model with:
   584 rows
   1475 cols (77 binary, 0 integer, 0 implied int., 1398 continuous, 0 domain fixed)
   2366 nonzeros

Src: B => Branching; C => Central rounding; F => Feasibility pump; H => Heuristic;
     I => Shifting; J => Feasibility jump; L => Sub-MIP; P => Empty MIP; R => Randomized rounding;
     S => Solve LP; T => Evaluate node; U => Unbounded; X => User solution; Y => HiGHS solution;
     Z => ZI Round; l => Trivial lower; p => Trivial point; u => Trivial upper; z => Trivial zero

        Nodes      |    B&B Tree     |            Objective Bounds              |  Dynamic Constraints |       Work      
Src  Proc. InQueue |  Leaves   Expl. | BestBound       BestSol              Gap |   Cuts   InLp Confl. | LpIters     Time

 J       0       0         0   0.00%   -inf            29.59949526        Large        0      0      0         0     0.4s
 T       0       0         0   0.00%   -1.150541806    25.61012085      104.49%        0      0      0       189     0.4s
         1       0         1 100.00%   25.61012085     25.61012085        0.00%        0      0      0       189     0.4s

Solving report
  Status            Optimal
  Primal bound      25.6101208514
  Dual bound        25.6101208514
  Gap               0% (tolerance: 0.5%)
  P-D integral      0.0124795629811
  Solution status   feasible
                    25.6101208514 (objective)
                    0 (bound viol.)
                    0 (int. viol.)
                    0 (row viol.)
  Timing            0.45
  Max sub-MIP depth 0
  Nodes             1
  Repair LPs        0
  LP iterations     189
                    0 (strong br.)
                    0 (separation)
                    0 (heuristics)
MIP has 10753 rows; 9409 cols; 25537 nonzeros; 1344 integer variables (1344 binary)
Coefficient ranges:
  Matrix  [2e-01, 2e+00]
  Cost    [1e-02, 6e-02]
  Bound   [1e+00, 1e+00]
  RHS     [3e-18, 4e+00]
WARNING: Problem has some excessively small row bounds
Presolving model
8064 rows, 8368 cols, 21807 nonzeros 0s
6245 rows, 6854 cols, 17072 nonzeros 0s
4275 rows, 5100 cols, 11919 nonzeros 0s
4150 rows, 3723 cols, 8447 nonzeros 0s
2172 rows, 3045 cols, 6356 nonzeros 0s
1950 rows, 2247 cols, 4196 nonzeros 0s
805 rows, 1843 cols, 2993 nonzeros 0s
612 rows, 1629 cols, 2586 nonzeros 0s
608 rows, 1577 cols, 2530 nonzeros 0s
Presolve reductions: rows 608(-10145); columns 1577(-7832); nonzeros 2530(-23007) 

Solving MIP model with:
   608 rows
   1577 cols (87 binary, 0 integer, 0 implied int., 1490 continuous, 0 domain fixed)
   2530 nonzeros

Src: B => Branching; C => Central rounding; F => Feasibility pump; H => Heuristic;
     I => Shifting; J => Feasibility jump; L => Sub-MIP; P => Empty MIP; R => Randomized rounding;
     S => Solve LP; T => Evaluate node; U => Unbounded; X => User solution; Y => HiGHS solution;
     Z => ZI Round; l => Trivial lower; p => Trivial point; u => Trivial upper; z => Trivial zero

        Nodes      |    B&B Tree     |            Objective Bounds              |  Dynamic Constraints |       Work      
Src  Proc. InQueue |  Leaves   Expl. | BestBound       BestSol              Gap |   Cuts   InLp Confl. | LpIters     Time

 J       0       0         0   0.00%   -inf            30.52490228        Large        0      0      0         0     0.5s
 T       0       0         0   0.00%   -0.9925044313   26.43371325      103.75%        0      0      0       203     0.6s
         1       0         1 100.00%   26.43371325     26.43371325        0.00%        0      0      0       203     0.6s

Solving report
  Status            Optimal
  Primal bound      26.4337132548
  Dual bound        26.4337132548
  Gap               0% (tolerance: 0.5%)
  P-D integral      0.0152764544142
  Solution status   feasible
                    26.4337132548 (objective)
                    0 (bound viol.)
                    0 (int. viol.)
                    0 (row viol.)
  Timing            0.56
  Max sub-MIP depth 0
  Nodes             1
  Repair LPs        0
  LP iterations     203
                    0 (strong br.)
                    0 (separation)
                    0 (heuristics)
MIP has 10753 rows; 9409 cols; 25537 nonzeros; 1344 integer variables (1344 binary)
Coefficient ranges:
  Matrix  [2e-01, 2e+00]
  Cost    [1e-02, 6e-02]
  Bound   [1e+00, 1e+00]
  RHS     [6e-17, 4e+00]
WARNING: Problem has some excessively small row bounds
Presolving model
8064 rows, 8271 cols, 21710 nonzeros 0s
6231 rows, 6737 cols, 16939 nonzeros 0s
4282 rows, 5004 cols, 11866 nonzeros 0s
4169 rows, 3626 cols, 8402 nonzeros 0s
2196 rows, 2956 cols, 6335 nonzeros 0s
1977 rows, 1984 cols, 3669 nonzeros 0s
494 rows, 1458 cols, 2093 nonzeros 0s
318 rows, 1270 cols, 1729 nonzeros 0s
255 rows, 1075 cols, 1471 nonzeros 0s
240 rows, 798 cols, 1179 nonzeros 0s
237 rows, 498 cols, 876 nonzeros 0s
Presolve reductions: rows 237(-10516); columns 498(-8911); nonzeros 876(-24661) 

Solving MIP model with:
   237 rows
   498 cols (36 binary, 0 integer, 0 implied int., 462 continuous, 0 domain fixed)
   876 nonzeros

Src: B => Branching; C => Central rounding; F => Feasibility pump; H => Heuristic;
     I => Shifting; J => Feasibility jump; L => Sub-MIP; P => Empty MIP; R => Randomized rounding;
     S => Solve LP; T => Evaluate node; U => Unbounded; X => User solution; Y => HiGHS solution;
     Z => ZI Round; l => Trivial lower; p => Trivial point; u => Trivial upper; z => Trivial zero

        Nodes      |    B&B Tree     |            Objective Bounds              |  Dynamic Constraints |       Work      
Src  Proc. InQueue |  Leaves   Expl. | BestBound       BestSol              Gap |   Cuts   InLp Confl. | LpIters     Time

 J       0       0         0   0.00%   -inf            27.33108074        Large        0      0      0         0     0.4s
 T       0       0         0   0.00%   17.65872021     25.81456392       31.59%        0      0      0        88     0.4s
         1       0         1 100.00%   25.81456392     25.81456392        0.00%        0      0      0        88     0.4s

Solving report
  Status            Optimal
  Primal bound      25.8145639242
  Dual bound        25.8145639242
  Gap               0% (tolerance: 0.5%)
  P-D integral      0.00153444165329
  Solution status   feasible
                    25.8145639242 (objective)
                    0 (bound viol.)
                    0 (int. viol.)
                    0 (row viol.)
  Timing            0.43
  Max sub-MIP depth 0
  Nodes             1
  Repair LPs        0
  LP iterations     88
                    0 (strong br.)
                    0 (separation)
                    0 (heuristics)
MIP has 10753 rows; 9409 cols; 25537 nonzeros; 1344 integer variables (1344 binary)
Coefficient ranges:
  Matrix  [2e-01, 2e+00]
  Cost    [1e-02, 6e-02]
  Bound   [1e+00, 1e+00]
  RHS     [1e-17, 4e+00]
WARNING: Problem has some excessively small row bounds
Presolving model
8064 rows, 8442 cols, 21881 nonzeros 0s
6175 rows, 6829 cols, 16927 nonzeros 0s
4131 rows, 4958 cols, 11552 nonzeros 0s
4024 rows, 3565 cols, 8117 nonzeros 0s
1988 rows, 2817 cols, 5844 nonzeros 0s
1765 rows, 2034 cols, 3773 nonzeros 0s
562 rows, 1357 cols, 2150 nonzeros 0s
415 rows, 1172 cols, 1818 nonzeros 0s
393 rows, 986 cols, 1610 nonzeros 0s
Presolve reductions: rows 393(-10360); columns 986(-8423); nonzeros 1610(-23927) 

Solving MIP model with:
   393 rows
   986 cols (58 binary, 0 integer, 0 implied int., 928 continuous, 0 domain fixed)
   1610 nonzeros

Src: B => Branching; C => Central rounding; F => Feasibility pump; H => Heuristic;
     I => Shifting; J => Feasibility jump; L => Sub-MIP; P => Empty MIP; R => Randomized rounding;
     S => Solve LP; T => Evaluate node; U => Unbounded; X => User solution; Y => HiGHS solution;
     Z => ZI Round; l => Trivial lower; p => Trivial point; u => Trivial upper; z => Trivial zero

        Nodes      |    B&B Tree     |            Objective Bounds              |  Dynamic Constraints |       Work      
Src  Proc. InQueue |  Leaves   Expl. | BestBound       BestSol              Gap |   Cuts   InLp Confl. | LpIters     Time

 J       0       0         0   0.00%   -inf            20.89770555        Large        0      0      0         0     0.4s
 T       0       0         0   0.00%   3.665490441     17.34661015       78.87%        0      0      0       151     0.4s
         1       0         1 100.00%   17.34661015     17.34661015        0.00%        0      0      0       151     0.4s

Solving report
  Status            Optimal
  Primal bound      17.3466101501
  Dual bound        17.3466101501
  Gap               0% (tolerance: 0.5%)
  P-D integral      0.00621049616956
  Solution status   feasible
                    17.3466101501 (objective)
                    0 (bound viol.)
                    0 (int. viol.)
                    0 (row viol.)
  Timing            0.43
  Max sub-MIP depth 0
  Nodes             1
  Repair LPs        0
  LP iterations     151
                    0 (strong br.)
                    0 (separation)
                    0 (heuristics)
MIP has 10753 rows; 9409 cols; 25537 nonzeros; 1344 integer variables (1344 binary)
Coefficient ranges:
  Matrix  [2e-01, 2e+00]
  Cost    [1e-02, 6e-02]
  Bound   [1e+00, 1e+00]
  RHS     [7e-18, 4e+00]
WARNING: Problem has some excessively small row bounds
Presolving model
8064 rows, 8493 cols, 21932 nonzeros 0s
6130 rows, 6822 cols, 16847 nonzeros 0s
4074 rows, 4931 cols, 11429 nonzeros 0s
3935 rows, 3502 cols, 7942 nonzeros 0s
1862 rows, 2695 cols, 5512 nonzeros 0s
1616 rows, 1940 cols, 3573 nonzeros 0s
560 rows, 1490 cols, 2271 nonzeros 0s
406 rows, 1277 cols, 1904 nonzeros 0s
377 rows, 960 cols, 1558 nonzeros 0s
374 rows, 916 cols, 1511 nonzeros 0s
Presolve reductions: rows 374(-10379); columns 916(-8493); nonzeros 1511(-24026) 

Solving MIP model with:
   374 rows
   916 cols (56 binary, 0 integer, 0 implied int., 860 continuous, 0 domain fixed)
   1511 nonzeros

Src: B => Branching; C => Central rounding; F => Feasibility pump; H => Heuristic;
     I => Shifting; J => Feasibility jump; L => Sub-MIP; P => Empty MIP; R => Randomized rounding;
     S => Solve LP; T => Evaluate node; U => Unbounded; X => User solution; Y => HiGHS solution;
     Z => ZI Round; l => Trivial lower; p => Trivial point; u => Trivial upper; z => Trivial zero

        Nodes      |    B&B Tree     |            Objective Bounds              |  Dynamic Constraints |       Work      
Src  Proc. InQueue |  Leaves   Expl. | BestBound       BestSol              Gap |   Cuts   InLp Confl. | LpIters     Time

 J       0       0         0   0.00%   -inf            23.06547579        Large        0      0      0         0     0.4s
 T       0       0         0   0.00%   4.645094084     20.00689077       76.78%        0      0      0       137     0.4s
         1       0         1 100.00%   20.00689077     20.00689077        0.00%        0      0      0       137     0.4s

Solving report
  Status            Optimal
  Primal bound      20.006890771
  Dual bound        20.006890771
  Gap               0% (tolerance: 0.5%)
  P-D integral      0.00570681158252
  Solution status   feasible
                    20.006890771 (objective)
                    0 (bound viol.)
                    0 (int. viol.)
                    0 (row viol.)
  Timing            0.44
  Max sub-MIP depth 0
  Nodes             1
  Repair LPs        0
  LP iterations     137
                    0 (strong br.)
                    0 (separation)
                    0 (heuristics)
MIP has 10753 rows; 9409 cols; 25537 nonzeros; 1344 integer variables (1344 binary)
Coefficient ranges:
  Matrix  [2e-01, 2e+00]
  Cost    [1e-02, 6e-02]
  Bound   [1e+00, 1e+00]
  RHS     [7e-18, 4e+00]
WARNING: Problem has some excessively small row bounds
Presolving model
8064 rows, 8491 cols, 21930 nonzeros 0s
6133 rows, 6821 cols, 16848 nonzeros 0s
4091 rows, 4949 cols, 11467 nonzeros 0s
3985 rows, 3573 cols, 8077 nonzeros 0s
1884 rows, 2739 cols, 5582 nonzeros 0s
1657 rows, 1927 cols, 3475 nonzeros 0s
435 rows, 1375 cols, 1937 nonzeros 0s
294 rows, 1218 cols, 1639 nonzeros 0s
237 rows, 1013 cols, 1377 nonzeros 0s
231 rows, 921 cols, 1279 nonzeros 0s
Presolve reductions: rows 231(-10522); columns 921(-8488); nonzeros 1279(-24258) 

Solving MIP model with:
   231 rows
   921 cols (32 binary, 0 integer, 0 implied int., 889 continuous, 0 domain fixed)
   1279 nonzeros

Src: B => Branching; C => Central rounding; F => Feasibility pump; H => Heuristic;
     I => Shifting; J => Feasibility jump; L => Sub-MIP; P => Empty MIP; R => Randomized rounding;
     S => Solve LP; T => Evaluate node; U => Unbounded; X => User solution; Y => HiGHS solution;
     Z => ZI Round; l => Trivial lower; p => Trivial point; u => Trivial upper; z => Trivial zero

        Nodes      |    B&B Tree     |            Objective Bounds              |  Dynamic Constraints |       Work      
Src  Proc. InQueue |  Leaves   Expl. | BestBound       BestSol              Gap |   Cuts   InLp Confl. | LpIters     Time

 J       0       0         0   0.00%   -inf            28.53100497        Large        0      0      0         0     0.4s
 T       0       0         0   0.00%   1.846968084     27.52152766       93.29%        0      0      0        75     0.4s
         1       0         1 100.00%   27.52152766     27.52152766        0.00%        0      0      0        75     0.4s

Solving report
  Status            Optimal
  Primal bound      27.5215276552
  Dual bound        27.5215276552
  Gap               0% (tolerance: 0.5%)
  P-D integral      0.00775940786979
  Solution status   feasible
                    27.5215276552 (objective)
                    0 (bound viol.)
                    0 (int. viol.)
                    0 (row viol.)
  Timing            0.44
  Max sub-MIP depth 0
  Nodes             1
  Repair LPs        0
  LP iterations     75
                    0 (strong br.)
                    0 (separation)
                    0 (heuristics)
MIP has 10753 rows; 9409 cols; 25537 nonzeros; 1344 integer variables (1344 binary)
Coefficient ranges:
  Matrix  [2e-01, 2e+00]
  Cost    [1e-02, 6e-02]
  Bound   [1e+00, 1e+00]
  RHS     [7e-18, 4e+00]
WARNING: Problem has some excessively small row bounds
Presolving model
8064 rows, 8473 cols, 21912 nonzeros 0s
6151 rows, 6827 cols, 16884 nonzeros 0s
4095 rows, 4934 cols, 11456 nonzeros 0s
3984 rows, 3546 cols, 8046 nonzeros 0s
1881 rows, 2717 cols, 5561 nonzeros 0s
1655 rows, 1875 cols, 3344 nonzeros 0s
372 rows, 1267 cols, 1718 nonzeros 0s
213 rows, 1041 cols, 1333 nonzeros 0s
161 rows, 824 cols, 1064 nonzeros 0s
143 rows, 594 cols, 816 nonzeros 0s
131 rows, 428 cols, 638 nonzeros 0s
127 rows, 347 cols, 553 nonzeros 0s
Presolve reductions: rows 127(-10626); columns 347(-9062); nonzeros 553(-24984) 

Solving MIP model with:
   127 rows
   347 cols (20 binary, 0 integer, 0 implied int., 327 continuous, 0 domain fixed)
   553 nonzeros

Src: B => Branching; C => Central rounding; F => Feasibility pump; H => Heuristic;
     I => Shifting; J => Feasibility jump; L => Sub-MIP; P => Empty MIP; R => Randomized rounding;
     S => Solve LP; T => Evaluate node; U => Unbounded; X => User solution; Y => HiGHS solution;
     Z => ZI Round; l => Trivial lower; p => Trivial point; u => Trivial upper; z => Trivial zero

        Nodes      |    B&B Tree     |            Objective Bounds              |  Dynamic Constraints |       Work      
Src  Proc. InQueue |  Leaves   Expl. | BestBound       BestSol              Gap |   Cuts   InLp Confl. | LpIters     Time

 J       0       0         0   0.00%   -inf            28.35063832        Large        0      0      0         0     0.4s
 T       0       0         0   0.00%   20.13074529     27.76095798       27.49%        0      0      0        46     0.4s
         1       0         1 100.00%   27.76095798     27.76095798        0.00%        0      0      0        46     0.4s

Solving report
  Status            Optimal
  Primal bound      27.7609579847
  Dual bound        27.7609579847
  Gap               0% (tolerance: 0.5%)
  P-D integral      0.00116381736126
  Solution status   feasible
                    27.7609579847 (objective)
                    0 (bound viol.)
                    0 (int. viol.)
                    0 (row viol.)
  Timing            0.45
  Max sub-MIP depth 0
  Nodes             1
  Repair LPs        0
  LP iterations     46
                    0 (strong br.)
                    0 (separation)
                    0 (heuristics)
MIP has 10753 rows; 9409 cols; 25537 nonzeros; 1344 integer variables (1344 binary)
Coefficient ranges:
  Matrix  [2e-01, 2e+00]
  Cost    [1e-02, 6e-02]
  Bound   [1e+00, 1e+00]
  RHS     [7e-18, 4e+00]
WARNING: Problem has some excessively small row bounds
Presolving model
8064 rows, 8415 cols, 21854 nonzeros 0s
6172 rows, 6800 cols, 16895 nonzeros 0s
4124 rows, 4931 cols, 11515 nonzeros 0s
3996 rows, 3520 cols, 8051 nonzeros 0s
1914 rows, 2709 cols, 5614 nonzeros 0s
1676 rows, 1482 cols, 2685 nonzeros 0s
324 rows, 1041 cols, 1464 nonzeros 0s
208 rows, 909 cols, 1214 nonzeros 0s
165 rows, 707 cols, 969 nonzeros 0s
158 rows, 590 cols, 845 nonzeros 0s
Presolve reductions: rows 158(-10595); columns 590(-8819); nonzeros 845(-24692) 

Solving MIP model with:
   158 rows
   590 cols (25 binary, 0 integer, 0 implied int., 565 continuous, 0 domain fixed)
   845 nonzeros

Src: B => Branching; C => Central rounding; F => Feasibility pump; H => Heuristic;
     I => Shifting; J => Feasibility jump; L => Sub-MIP; P => Empty MIP; R => Randomized rounding;
     S => Solve LP; T => Evaluate node; U => Unbounded; X => User solution; Y => HiGHS solution;
     Z => ZI Round; l => Trivial lower; p => Trivial point; u => Trivial upper; z => Trivial zero

        Nodes      |    B&B Tree     |            Objective Bounds              |  Dynamic Constraints |       Work      
Src  Proc. InQueue |  Leaves   Expl. | BestBound       BestSol              Gap |   Cuts   InLp Confl. | LpIters     Time

 J       0       0         0   0.00%   -inf            23.96363369        Large        0      0      0         0     0.4s
 T       0       0         0   0.00%   12.19835329     22.94646902       46.84%        0      0      0        53     0.4s
         1       0         1 100.00%   22.94646902     22.94646902        0.00%        0      0      0        53     0.4s

Solving report
  Status            Optimal
  Primal bound      22.9464690151
  Dual bound        22.9464690151
  Gap               0% (tolerance: 0.5%)
  P-D integral      0.00249765648971
  Solution status   feasible
                    22.9464690151 (objective)
                    0 (bound viol.)
                    0 (int. viol.)
                    0 (row viol.)
  Timing            0.45
  Max sub-MIP depth 0
  Nodes             1
  Repair LPs        0
  LP iterations     53
                    0 (strong br.)
                    0 (separation)
                    0 (heuristics)
MIP has 10753 rows; 9409 cols; 25537 nonzeros; 1344 integer variables (1344 binary)
Coefficient ranges:
  Matrix  [2e-01, 2e+00]
  Cost    [1e-02, 6e-02]
  Bound   [1e+00, 1e+00]
  RHS     [2e-17, 4e+00]
WARNING: Problem has some excessively small row bounds
Presolving model
8064 rows, 8401 cols, 21840 nonzeros 0s
6169 rows, 6784 cols, 16876 nonzeros 0s
4151 rows, 4953 cols, 11584 nonzeros 0s
4002 rows, 3531 cols, 8071 nonzeros 0s
1935 rows, 2738 cols, 5680 nonzeros 0s
1708 rows, 1879 cols, 3380 nonzeros 0s
406 rows, 1381 cols, 1888 nonzeros 0s
253 rows, 1226 cols, 1580 nonzeros 0s
193 rows, 1029 cols, 1323 nonzeros 0s
184 rows, 957 cols, 1242 nonzeros 0s
Presolve reductions: rows 184(-10569); columns 957(-8452); nonzeros 1242(-24295) 

Solving MIP model with:
   184 rows
   957 cols (26 binary, 0 integer, 0 implied int., 931 continuous, 0 domain fixed)
   1242 nonzeros

Src: B => Branching; C => Central rounding; F => Feasibility pump; H => Heuristic;
     I => Shifting; J => Feasibility jump; L => Sub-MIP; P => Empty MIP; R => Randomized rounding;
     S => Solve LP; T => Evaluate node; U => Unbounded; X => User solution; Y => HiGHS solution;
     Z => ZI Round; l => Trivial lower; p => Trivial point; u => Trivial upper; z => Trivial zero

        Nodes      |    B&B Tree     |            Objective Bounds              |  Dynamic Constraints |       Work      
Src  Proc. InQueue |  Leaves   Expl. | BestBound       BestSol              Gap |   Cuts   InLp Confl. | LpIters     Time

 J       0       0         0   0.00%   -inf            25.41628179        Large        0      0      0         0     0.5s
 T       0       0         0   0.00%   -0.2886704835   24.23288552      101.19%        0      0      0        60     0.5s
         1       0         1 100.00%   24.23288552     24.23288552        0.00%        0      0      0        60     0.5s

Solving report
  Status            Optimal
  Primal bound      24.2328855238
  Dual bound        24.2328855238
  Gap               0% (tolerance: 0.5%)
  P-D integral      0.0097048108383
  Solution status   feasible
                    24.2328855238 (objective)
                    0 (bound viol.)
                    0 (int. viol.)
                    0 (row viol.)
  Timing            0.53
  Max sub-MIP depth 0
  Nodes             1
  Repair LPs        0
  LP iterations     60
                    0 (strong br.)
                    0 (separation)
                    0 (heuristics)
MIP has 10753 rows; 9409 cols; 25537 nonzeros; 1344 integer variables (1344 binary)
Coefficient ranges:
  Matrix  [2e-01, 2e+00]
  Cost    [1e-02, 6e-02]
  Bound   [1e+00, 1e+00]
  RHS     [2e-17, 4e+00]
WARNING: Problem has some excessively small row bounds
Presolving model
8064 rows, 8458 cols, 21897 nonzeros 0s
6156 rows, 6821 cols, 16888 nonzeros 0s
4110 rows, 4944 cols, 11501 nonzeros 0s
4005 rows, 3563 cols, 8110 nonzeros 0s
1909 rows, 2737 cols, 5629 nonzeros 0s
1679 rows, 1910 cols, 3438 nonzeros 0s
417 rows, 1385 cols, 1917 nonzeros 0s
269 rows, 1214 cols, 1598 nonzeros 0s
210 rows, 995 cols, 1320 nonzeros 0s
198 rows, 825 cols, 1138 nonzeros 0s
193 rows, 697 cols, 1005 nonzeros 0s
Presolve reductions: rows 193(-10560); columns 697(-8712); nonzeros 1005(-24532) 

Solving MIP model with:
   193 rows
   697 cols (29 binary, 0 integer, 0 implied int., 668 continuous, 0 domain fixed)
   1005 nonzeros

Src: B => Branching; C => Central rounding; F => Feasibility pump; H => Heuristic;
     I => Shifting; J => Feasibility jump; L => Sub-MIP; P => Empty MIP; R => Randomized rounding;
     S => Solve LP; T => Evaluate node; U => Unbounded; X => User solution; Y => HiGHS solution;
     Z => ZI Round; l => Trivial lower; p => Trivial point; u => Trivial upper; z => Trivial zero

        Nodes      |    B&B Tree     |            Objective Bounds              |  Dynamic Constraints |       Work      
Src  Proc. InQueue |  Leaves   Expl. | BestBound       BestSol              Gap |   Cuts   InLp Confl. | LpIters     Time

 J       0       0         0   0.00%   -inf            27.56352222        Large        0      0      0         0     0.4s
 T       0       0         0   0.00%   7.810880332     26.57658319       70.61%        0      0      0        72     0.4s
         1       0         1 100.00%   26.57658319     26.57658319        0.00%        0      0      0        72     0.4s

Solving report
  Status            Optimal
  Primal bound      26.5765831878
  Dual bound        26.5765831878
  Gap               0% (tolerance: 0.5%)
  P-D integral      0.00421534215781
  Solution status   feasible
                    26.5765831878 (objective)
                    0 (bound viol.)
                    0 (int. viol.)
                    0 (row viol.)
  Timing            0.43
  Max sub-MIP depth 0
  Nodes             1
  Repair LPs        0
  LP iterations     72
                    0 (strong br.)
                    0 (separation)
                    0 (heuristics)
MIP has 10754 rows; 9409 cols; 25538 nonzeros; 1344 integer variables (1344 binary)
Coefficient ranges:
  Matrix  [2e-01, 2e+00]
  Cost    [1e-02, 6e-02]
  Bound   [1e+00, 1e+00]
  RHS     [2e-17, 4e+00]
WARNING: Problem has some excessively small row bounds
Presolving model
8064 rows, 8458 cols, 21897 nonzeros 0s
6119 rows, 6774 cols, 16780 nonzeros 0s
4063 rows, 4887 cols, 11362 nonzeros 0s
3922 rows, 3464 cols, 7877 nonzeros 0s
1826 rows, 2634 cols, 5399 nonzeros 0s
1571 rows, 1440 cols, 2592 nonzeros 0s
289 rows, 974 cols, 1346 nonzeros 0s
174 rows, 823 cols, 1078 nonzeros 0s
142 rows, 628 cols, 851 nonzeros 0s
131 rows, 480 cols, 692 nonzeros 0s
130 rows, 475 cols, 686 nonzeros 0s
Presolve reductions: rows 130(-10624); columns 475(-8934); nonzeros 686(-24852) 

Solving MIP model with:
   130 rows
   475 cols (21 binary, 0 integer, 0 implied int., 454 continuous, 0 domain fixed)
   686 nonzeros

Src: B => Branching; C => Central rounding; F => Feasibility pump; H => Heuristic;
     I => Shifting; J => Feasibility jump; L => Sub-MIP; P => Empty MIP; R => Randomized rounding;
     S => Solve LP; T => Evaluate node; U => Unbounded; X => User solution; Y => HiGHS solution;
     Z => ZI Round; l => Trivial lower; p => Trivial point; u => Trivial upper; z => Trivial zero

        Nodes      |    B&B Tree     |            Objective Bounds              |  Dynamic Constraints |       Work      
Src  Proc. InQueue |  Leaves   Expl. | BestBound       BestSol              Gap |   Cuts   InLp Confl. | LpIters     Time

         0       0         0   0.00%   14.70822283     inf                  inf        0      0      0         0     0.4s
 T       0       0         0   0.00%   14.70822283     26.4801545        44.46%        0      0      0        46     0.4s
         1       0         1 100.00%   26.4801545      26.4801545         0.00%        0      0      0        46     0.4s

Solving report
  Status            Optimal
  Primal bound      26.4801545034
  Dual bound        26.4801545034
  Gap               0% (tolerance: 0.5%)
  P-D integral      2.03606993555e-05
  Solution status   feasible
                    26.4801545034 (objective)
                    0 (bound viol.)
                    0 (int. viol.)
                    0 (row viol.)
  Timing            0.42
  Max sub-MIP depth 0
  Nodes             1
  Repair LPs        0
  LP iterations     46
                    0 (strong br.)
                    0 (separation)
                    0 (heuristics)
MIP has 10753 rows; 9409 cols; 25537 nonzeros; 1344 integer variables (1344 binary)
Coefficient ranges:
  Matrix  [2e-01, 2e+00]
  Cost    [1e-02, 6e-02]
  Bound   [1e+00, 1e+00]
  RHS     [1e-17, 4e+00]
WARNING: Problem has some excessively small row bounds
Presolving model
8064 rows, 8481 cols, 21920 nonzeros 0s
6132 rows, 6809 cols, 16832 nonzeros 0s
4085 rows, 4933 cols, 11445 nonzeros 0s
3978 rows, 3546 cols, 8055 nonzeros 0s
1860 rows, 2692 cols, 5499 nonzeros 0s
1637 rows, 1861 cols, 3284 nonzeros 0s
354 rows, 1352 cols, 1769 nonzeros 0s
196 rows, 1193 cols, 1452 nonzeros 0s
133 rows, 1006 cols, 1202 nonzeros 0s
133 rows, 937 cols, 1133 nonzeros 0s
Presolve reductions: rows 133(-10620); columns 937(-8472); nonzeros 1133(-24404) 

Solving MIP model with:
   133 rows
   937 cols (16 binary, 0 integer, 0 implied int., 921 continuous, 0 domain fixed)
   1133 nonzeros

Src: B => Branching; C => Central rounding; F => Feasibility pump; H => Heuristic;
     I => Shifting; J => Feasibility jump; L => Sub-MIP; P => Empty MIP; R => Randomized rounding;
     S => Solve LP; T => Evaluate node; U => Unbounded; X => User solution; Y => HiGHS solution;
     Z => ZI Round; l => Trivial lower; p => Trivial point; u => Trivial upper; z => Trivial zero

        Nodes      |    B&B Tree     |            Objective Bounds              |  Dynamic Constraints |       Work      
Src  Proc. InQueue |  Leaves   Expl. | BestBound       BestSol              Gap |   Cuts   InLp Confl. | LpIters     Time

 J       0       0         0   0.00%   -inf            6.630597893        Large        0      0      0         0     0.5s
 T       0       0         0   0.00%   1.692410994     6.404204393       73.57%        0      0      0        68     0.6s
         1       0         1 100.00%   6.404204393     6.404204393        0.00%        0      0      0        68     0.6s

Solving report
  Status            Optimal
  Primal bound      6.40420439284
  Dual bound        6.40420439284
  Gap               0% (tolerance: 0.5%)
  P-D integral      0.00608950832796
  Solution status   feasible
                    6.40420439284 (objective)
                    0 (bound viol.)
                    0 (int. viol.)
                    0 (row viol.)
  Timing            0.55
  Max sub-MIP depth 0
  Nodes             1
  Repair LPs        0
  LP iterations     68
                    0 (strong br.)
                    0 (separation)
                    0 (heuristics)
MIP has 10753 rows; 9409 cols; 25537 nonzeros; 1344 integer variables (1344 binary)
Coefficient ranges:
  Matrix  [2e-01, 2e+00]
  Cost    [1e-02, 6e-02]
  Bound   [1e+00, 1e+00]
  RHS     [3e-17, 4e+00]
WARNING: Problem has some excessively small row bounds
Presolving model
8064 rows, 8440 cols, 21879 nonzeros 0s
6148 rows, 6790 cols, 16839 nonzeros 0s
4142 rows, 4971 cols, 11572 nonzeros 0s
4049 rows, 3628 cols, 8210 nonzeros 0s
1991 rows, 2854 cols, 5864 nonzeros 0s
1777 rows, 1989 cols, 3537 nonzeros 0s
407 rows, 1411 cols, 1897 nonzeros 0s
241 rows, 1224 cols, 1544 nonzeros 0s
174 rows, 1058 cols, 1311 nonzeros 0s
166 rows, 925 cols, 1170 nonzeros 0s
Presolve reductions: rows 166(-10587); columns 925(-8484); nonzeros 1170(-24367) 

Solving MIP model with:
   166 rows
   925 cols (20 binary, 0 integer, 0 implied int., 905 continuous, 0 domain fixed)
   1170 nonzeros

Src: B => Branching; C => Central rounding; F => Feasibility pump; H => Heuristic;
     I => Shifting; J => Feasibility jump; L => Sub-MIP; P => Empty MIP; R => Randomized rounding;
     S => Solve LP; T => Evaluate node; U => Unbounded; X => User solution; Y => HiGHS solution;
     Z => ZI Round; l => Trivial lower; p => Trivial point; u => Trivial upper; z => Trivial zero

        Nodes      |    B&B Tree     |            Objective Bounds              |  Dynamic Constraints |       Work      
Src  Proc. InQueue |  Leaves   Expl. | BestBound       BestSol              Gap |   Cuts   InLp Confl. | LpIters     Time

 J       0       0         0   0.00%   -inf            11.4048277         Large        0      0      0         0     0.5s
 T       0       0         0   0.00%   3.145602623     11.08882243       71.63%        0      0      0        79     0.5s
         1       0         1 100.00%   11.08882243     11.08882243        0.00%        0      0      0        79     0.5s

Solving report
  Status            Optimal
  Primal bound      11.0888224269
  Dual bound        11.0888224269
  Gap               0% (tolerance: 0.5%)
  P-D integral      0.00594292767984
  Solution status   feasible
                    11.0888224269 (objective)
                    0 (bound viol.)
                    0 (int. viol.)
                    0 (row viol.)
  Timing            0.49
  Max sub-MIP depth 0
  Nodes             1
  Repair LPs        0
  LP iterations     79
                    0 (strong br.)
                    0 (separation)
                    0 (heuristics)
MIP has 10753 rows; 9409 cols; 25537 nonzeros; 1344 integer variables (1344 binary)
Coefficient ranges:
  Matrix  [2e-01, 2e+00]
  Cost    [1e-02, 6e-02]
  Bound   [1e+00, 1e+00]
  RHS     [1e-17, 4e+00]
WARNING: Problem has some excessively small row bounds
Presolving model
8064 rows, 8432 cols, 21871 nonzeros 0s
6188 rows, 6837 cols, 16954 nonzeros 0s
4194 rows, 5033 cols, 11714 nonzeros 0s
4092 rows, 3682 cols, 8326 nonzeros 0s
2056 rows, 2936 cols, 6051 nonzeros 0s
1851 rows, 2051 cols, 3656 nonzeros 0s
435 rows, 1487 cols, 2001 nonzeros 0s
264 rows, 1311 cols, 1654 nonzeros 0s
192 rows, 1138 cols, 1409 nonzeros 0s
189 rows, 1044 cols, 1312 nonzeros 0s
Presolve reductions: rows 189(-10564); columns 1044(-8365); nonzeros 1312(-24225) 

Solving MIP model with:
   189 rows
   1044 cols (20 binary, 0 integer, 0 implied int., 1024 continuous, 0 domain fixed)
   1312 nonzeros

Src: B => Branching; C => Central rounding; F => Feasibility pump; H => Heuristic;
     I => Shifting; J => Feasibility jump; L => Sub-MIP; P => Empty MIP; R => Randomized rounding;
     S => Solve LP; T => Evaluate node; U => Unbounded; X => User solution; Y => HiGHS solution;
     Z => ZI Round; l => Trivial lower; p => Trivial point; u => Trivial upper; z => Trivial zero

        Nodes      |    B&B Tree     |            Objective Bounds              |  Dynamic Constraints |       Work      
Src  Proc. InQueue |  Leaves   Expl. | BestBound       BestSol              Gap |   Cuts   InLp Confl. | LpIters     Time

 J       0       0         0   0.00%   -inf            13.19782482        Large        0      0      0         0     0.4s
 T       0       0         0   0.00%   4.413083699     12.90295549       65.80%        0      0      0        86     0.4s
         1       0         1 100.00%   12.90295549     12.90295549        0.00%        0      0      0        86     0.4s

Solving report
  Status            Optimal
  Primal bound      12.9029554873
  Dual bound        12.9029554873
  Gap               0% (tolerance: 0.5%)
  P-D integral      0.00438271274309
  Solution status   feasible
                    12.9029554873 (objective)
                    0 (bound viol.)
                    0 (int. viol.)
                    0 (row viol.)
  Timing            0.44
  Max sub-MIP depth 0
  Nodes             1
  Repair LPs        0
  LP iterations     86
                    0 (strong br.)
                    0 (separation)
                    0 (heuristics)
MIP has 10753 rows; 9409 cols; 25537 nonzeros; 1344 integer variables (1344 binary)
Coefficient ranges:
  Matrix  [2e-01, 2e+00]
  Cost    [1e-02, 6e-02]
  Bound   [1e+00, 1e+00]
  RHS     [1e-17, 4e+00]
WARNING: Problem has some excessively small row bounds
Presolving model
8064 rows, 8459 cols, 21898 nonzeros 0s
6171 rows, 6840 cols, 16930 nonzeros 0s
4154 rows, 5004 cols, 11625 nonzeros 0s
4058 rows, 3652 cols, 8254 nonzeros 0s
1999 rows, 2875 cols, 5893 nonzeros 0s
1764 rows, 2025 cols, 3632 nonzeros 0s
468 rows, 1470 cols, 2065 nonzeros 0s
311 rows, 1288 cols, 1726 nonzeros 0s
249 rows, 1104 cols, 1480 nonzeros 0s
246 rows, 1075 cols, 1448 nonzeros 0s
Presolve reductions: rows 246(-10507); columns 1075(-8334); nonzeros 1448(-24089) 

Solving MIP model with:
   246 rows
   1075 cols (32 binary, 0 integer, 0 implied int., 1043 continuous, 0 domain fixed)
   1448 nonzeros

Src: B => Branching; C => Central rounding; F => Feasibility pump; H => Heuristic;
     I => Shifting; J => Feasibility jump; L => Sub-MIP; P => Empty MIP; R => Randomized rounding;
     S => Solve LP; T => Evaluate node; U => Unbounded; X => User solution; Y => HiGHS solution;
     Z => ZI Round; l => Trivial lower; p => Trivial point; u => Trivial upper; z => Trivial zero

        Nodes      |    B&B Tree     |            Objective Bounds              |  Dynamic Constraints |       Work      
Src  Proc. InQueue |  Leaves   Expl. | BestBound       BestSol              Gap |   Cuts   InLp Confl. | LpIters     Time

 J       0       0         0   0.00%   -inf            9.245407435        Large        0      0      0         0     0.4s
 T       0       0         0   0.00%   2.599694096     8.756880362       70.31%        0      0      0        93     0.4s
         1       0         1 100.00%   8.756880362     8.756880362        0.00%        0      0      0        93     0.4s

Solving report
  Status            Optimal
  Primal bound      8.75688036204
  Dual bound        8.75688036204
  Gap               0% (tolerance: 0.5%)
  P-D integral      0.00582946551791
  Solution status   feasible
                    8.75688036204 (objective)
                    0 (bound viol.)
                    0 (int. viol.)
                    0 (row viol.)
  Timing            0.44
  Max sub-MIP depth 0
  Nodes             1
  Repair LPs        0
  LP iterations     93
                    0 (strong br.)
                    0 (separation)
                    0 (heuristics)
MIP has 10753 rows; 9409 cols; 25537 nonzeros; 1344 integer variables (1344 binary)
Coefficient ranges:
  Matrix  [2e-01, 2e+00]
  Cost    [1e-02, 6e-02]
  Bound   [1e+00, 1e+00]
  RHS     [1e-17, 4e+00]
WARNING: Problem has some excessively small row bounds
Presolving model
8064 rows, 8471 cols, 21910 nonzeros 0s
6144 rows, 6816 cols, 16863 nonzeros 0s
4109 rows, 4951 cols, 11499 nonzeros 0s
4002 rows, 3578 cols, 8117 nonzeros 0s
1884 rows, 2723 cols, 5570 nonzeros 0s
1652 rows, 1918 cols, 3444 nonzeros 0s
411 rows, 1342 cols, 1876 nonzeros 0s
264 rows, 1178 cols, 1565 nonzeros 0s
211 rows, 997 cols, 1331 nonzeros 0s
204 rows, 923 cols, 1250 nonzeros 0s
Presolve reductions: rows 204(-10549); columns 923(-8486); nonzeros 1250(-24287) 

Solving MIP model with:
   204 rows
   923 cols (31 binary, 0 integer, 0 implied int., 892 continuous, 0 domain fixed)
   1250 nonzeros

Src: B => Branching; C => Central rounding; F => Feasibility pump; H => Heuristic;
     I => Shifting; J => Feasibility jump; L => Sub-MIP; P => Empty MIP; R => Randomized rounding;
     S => Solve LP; T => Evaluate node; U => Unbounded; X => User solution; Y => HiGHS solution;
     Z => ZI Round; l => Trivial lower; p => Trivial point; u => Trivial upper; z => Trivial zero

        Nodes      |    B&B Tree     |            Objective Bounds              |  Dynamic Constraints |       Work      
Src  Proc. InQueue |  Leaves   Expl. | BestBound       BestSol              Gap |   Cuts   InLp Confl. | LpIters     Time

 J       0       0         0   0.00%   -inf            5.139852285        Large        0      0      0         0     0.4s
 T       0       0         0   0.00%   3.207896364     4.550269504       29.50%        0      0      0        90     0.4s
         1       0         1 100.00%   4.550269504     4.550269504        0.00%        0      0      0        90     0.4s

Solving report
  Status            Optimal
  Primal bound      4.55026950399
  Dual bound        4.55026950399
  Gap               0% (tolerance: 0.5%)
  P-D integral      0.00268459296614
  Solution status   feasible
                    4.55026950399 (objective)
                    0 (bound viol.)
                    0 (int. viol.)
                    0 (row viol.)
  Timing            0.40
  Max sub-MIP depth 0
  Nodes             1
  Repair LPs        0
  LP iterations     90
                    0 (strong br.)
                    0 (separation)
                    0 (heuristics)
MIP has 10753 rows; 9409 cols; 25537 nonzeros; 1344 integer variables (1344 binary)
Coefficient ranges:
  Matrix  [2e-01, 2e+00]
  Cost    [5e-03, 6e-02]
  Bound   [1e+00, 1e+00]
  RHS     [2e-17, 4e+00]
WARNING: Problem has some excessively small row bounds
Presolving model
8064 rows, 8495 cols, 21934 nonzeros 0s
6133 rows, 6826 cols, 16854 nonzeros 0s
4044 rows, 4897 cols, 11348 nonzeros 0s
3934 rows, 3490 cols, 7932 nonzeros 0s
1826 rows, 2648 cols, 5409 nonzeros 0s
1585 rows, 1885 cols, 3415 nonzeros 0s
470 rows, 1426 cols, 2063 nonzeros 0s
305 rows, 1249 cols, 1721 nonzeros 0s
281 rows, 1165 cols, 1613 nonzeros 0s
Presolve reductions: rows 281(-10472); columns 1165(-8244); nonzeros 1613(-23924) 

Solving MIP model with:
   281 rows
   1165 cols (42 binary, 0 integer, 0 implied int., 1123 continuous, 0 domain fixed)
   1613 nonzeros

Src: B => Branching; C => Central rounding; F => Feasibility pump; H => Heuristic;
     I => Shifting; J => Feasibility jump; L => Sub-MIP; P => Empty MIP; R => Randomized rounding;
     S => Solve LP; T => Evaluate node; U => Unbounded; X => User solution; Y => HiGHS solution;
     Z => ZI Round; l => Trivial lower; p => Trivial point; u => Trivial upper; z => Trivial zero

        Nodes      |    B&B Tree     |            Objective Bounds              |  Dynamic Constraints |       Work      
Src  Proc. InQueue |  Leaves   Expl. | BestBound       BestSol              Gap |   Cuts   InLp Confl. | LpIters     Time

 J       0       0         0   0.00%   -inf            4.240393993        Large        0      0      0         0     0.4s
 T       0       0         0   0.00%   0.2359897713    2.609105305       90.96%        0      0      0       132     0.4s
         1       0         1 100.00%   2.609105305     2.609105305        0.00%        0      0      0       132     0.4s

Solving report
  Status            Optimal
  Primal bound      2.60910530504
  Dual bound        2.60910530504
  Gap               0% (tolerance: 0.5%)
  P-D integral      0.00820680547419
  Solution status   feasible
                    2.60910530504 (objective)
                    0 (bound viol.)
                    0 (int. viol.)
                    0 (row viol.)
  Timing            0.42
  Max sub-MIP depth 0
  Nodes             1
  Repair LPs        0
  LP iterations     132
                    0 (strong br.)
                    0 (separation)
                    0 (heuristics)
MIP has 10753 rows; 9409 cols; 25537 nonzeros; 1344 integer variables (1344 binary)
Coefficient ranges:
  Matrix  [2e-01, 2e+00]
  Cost    [5e-03, 6e-02]
  Bound   [1e+00, 1e+00]
  RHS     [1e-17, 4e+00]
WARNING: Problem has some excessively small row bounds
Presolving model
8064 rows, 8497 cols, 21936 nonzeros 0s
6143 rows, 6842 cols, 16888 nonzeros 0s
4092 rows, 4955 cols, 11486 nonzeros 0s
3981 rows, 3564 cols, 8073 nonzeros 0s
1884 rows, 2741 cols, 5604 nonzeros 0s
1649 rows, 2060 cols, 3842 nonzeros 0s
692 rows, 1665 cols, 2680 nonzeros 0s
535 rows, 1479 cols, 2337 nonzeros 0s
Presolve reductions: rows 535(-10218); columns 1479(-7930); nonzeros 2337(-23200) 

Solving MIP model with:
   535 rows
   1479 cols (81 binary, 0 integer, 0 implied int., 1398 continuous, 0 domain fixed)
   2337 nonzeros

Src: B => Branching; C => Central rounding; F => Feasibility pump; H => Heuristic;
     I => Shifting; J => Feasibility jump; L => Sub-MIP; P => Empty MIP; R => Randomized rounding;
     S => Solve LP; T => Evaluate node; U => Unbounded; X => User solution; Y => HiGHS solution;
     Z => ZI Round; l => Trivial lower; p => Trivial point; u => Trivial upper; z => Trivial zero

        Nodes      |    B&B Tree     |            Objective Bounds              |  Dynamic Constraints |       Work      
Src  Proc. InQueue |  Leaves   Expl. | BestBound       BestSol              Gap |   Cuts   InLp Confl. | LpIters     Time

 J       0       0         0   0.00%   -inf            6.299742361        Large        0      0      0         0     0.4s
 T       0       0         0   0.00%   -0.050413461    3.487958565      101.45%        0      0      0       233     0.4s
         1       0         1 100.00%   3.487958565     3.487958565        0.00%        0      0      0       233     0.4s

Solving report
  Status            Optimal
  Primal bound      3.48795856483
  Dual bound        3.48795856483
  Gap               0% (tolerance: 0.5%)
  P-D integral      0.011459786132
  Solution status   feasible
                    3.48795856483 (objective)
                    0 (bound viol.)
                    0 (int. viol.)
                    0 (row viol.)
  Timing            0.44
  Max sub-MIP depth 0
  Nodes             1
  Repair LPs        0
  LP iterations     233
                    0 (strong br.)
                    0 (separation)
                    0 (heuristics)
MIP has 10753 rows; 9409 cols; 25537 nonzeros; 1344 integer variables (1344 binary)
Coefficient ranges:
  Matrix  [2e-01, 2e+00]
  Cost    [5e-03, 6e-02]
  Bound   [1e+00, 1e+00]
  RHS     [1e-17, 4e+00]
WARNING: Problem has some excessively small row bounds
Presolving model
8064 rows, 8541 cols, 21980 nonzeros 0s
6129 rows, 6865 cols, 16885 nonzeros 0s
4067 rows, 4971 cols, 11461 nonzeros 0s
3949 rows, 3553 cols, 8023 nonzeros 0s
1839 rows, 2711 cols, 5501 nonzeros 0s
1588 rows, 2103 cols, 3973 nonzeros 0s
823 rows, 1784 cols, 3034 nonzeros 0s
699 rows, 1633 cols, 2759 nonzeros 0s
Presolve reductions: rows 699(-10054); columns 1633(-7776); nonzeros 2759(-22778) 

Solving MIP model with:
   699 rows
   1633 cols (107 binary, 0 integer, 0 implied int., 1526 continuous, 0 domain fixed)
   2759 nonzeros

Src: B => Branching; C => Central rounding; F => Feasibility pump; H => Heuristic;
     I => Shifting; J => Feasibility jump; L => Sub-MIP; P => Empty MIP; R => Randomized rounding;
     S => Solve LP; T => Evaluate node; U => Unbounded; X => User solution; Y => HiGHS solution;
     Z => ZI Round; l => Trivial lower; p => Trivial point; u => Trivial upper; z => Trivial zero

        Nodes      |    B&B Tree     |            Objective Bounds              |  Dynamic Constraints |       Work      
Src  Proc. InQueue |  Leaves   Expl. | BestBound       BestSol              Gap |   Cuts   InLp Confl. | LpIters     Time

 J       0       0         0   0.00%   -inf            5.855143072        Large        0      0      0         0     0.4s
 T       0       0         0   0.00%   -0.7904623898   2.519061422      131.38%        0      0      0       299     0.4s
         1       0         1 100.00%   2.519061422     2.519061422        0.00%        0      0      0       299     0.4s

Solving report
  Status            Optimal
  Primal bound      2.51906142244
  Dual bound        2.51906142244
  Gap               0% (tolerance: 0.5%)
  P-D integral      0.0118906951912
  Solution status   feasible
                    2.51906142244 (objective)
                    0 (bound viol.)
                    0 (int. viol.)
                    0 (row viol.)
  Timing            0.43
  Max sub-MIP depth 0
  Nodes             1
  Repair LPs        0
  LP iterations     299
                    0 (strong br.)
                    0 (separation)
                    0 (heuristics)
MIP has 10753 rows; 9409 cols; 25537 nonzeros; 1344 integer variables (1344 binary)
Coefficient ranges:
  Matrix  [2e-01, 2e+00]
  Cost    [5e-03, 6e-02]
  Bound   [1e+00, 1e+00]
  RHS     [1e-17, 4e+00]
WARNING: Problem has some excessively small row bounds
Presolving model
8064 rows, 8533 cols, 21972 nonzeros 0s
6131 rows, 6860 cols, 16882 nonzeros 0s
4085 rows, 4986 cols, 11502 nonzeros 0s
3966 rows, 3588 cols, 8083 nonzeros 0s
1862 rows, 2747 cols, 5572 nonzeros 0s
1615 rows, 2132 cols, 4014 nonzeros 0s
833 rows, 1798 cols, 3058 nonzeros 0s
704 rows, 1652 cols, 2783 nonzeros 0s
Presolve reductions: rows 704(-10049); columns 1652(-7757); nonzeros 2783(-22754) 

Solving MIP model with:
   704 rows
   1652 cols (107 binary, 0 integer, 0 implied int., 1545 continuous, 0 domain fixed)
   2783 nonzeros

Src: B => Branching; C => Central rounding; F => Feasibility pump; H => Heuristic;
     I => Shifting; J => Feasibility jump; L => Sub-MIP; P => Empty MIP; R => Randomized rounding;
     S => Solve LP; T => Evaluate node; U => Unbounded; X => User solution; Y => HiGHS solution;
     Z => ZI Round; l => Trivial lower; p => Trivial point; u => Trivial upper; z => Trivial zero

        Nodes      |    B&B Tree     |            Objective Bounds              |  Dynamic Constraints |       Work      
Src  Proc. InQueue |  Leaves   Expl. | BestBound       BestSol              Gap |   Cuts   InLp Confl. | LpIters     Time

 J       0       0         0   0.00%   -inf            6.073110072        Large        0      0      0         0     0.4s
 T       0       0         0   0.00%   -1.009692843    2.26469779       144.58%        0      0      0       300     0.4s
         1       0         1 100.00%   2.26469779      2.26469779         0.00%        0      0      0       300     0.4s

Solving report
  Status            Optimal
  Primal bound      2.26469778989
  Dual bound        2.26469778989
  Gap               0% (tolerance: 0.5%)
  P-D integral      0.014111992151
  Solution status   feasible
                    2.26469778989 (objective)
                    0 (bound viol.)
                    0 (int. viol.)
                    0 (row viol.)
  Timing            0.40
  Max sub-MIP depth 0
  Nodes             1
  Repair LPs        0
  LP iterations     300
                    0 (strong br.)
                    0 (separation)
                    0 (heuristics)
MIP has 10753 rows; 9409 cols; 25537 nonzeros; 1344 integer variables (1344 binary)
Coefficient ranges:
  Matrix  [2e-01, 2e+00]
  Cost    [5e-03, 6e-02]
  Bound   [1e+00, 1e+00]
  RHS     [1e-17, 4e+00]
WARNING: Problem has some excessively small row bounds
Presolving model
8064 rows, 8514 cols, 21953 nonzeros 0s
6151 rows, 6870 cols, 16932 nonzeros 0s
4093 rows, 4975 cols, 11511 nonzeros 0s
3980 rows, 3577 cols, 8086 nonzeros 0s
1886 rows, 2759 cols, 5632 nonzeros 0s
1648 rows, 2146 cols, 4076 nonzeros 0s
833 rows, 1801 cols, 3061 nonzeros 0s
699 rows, 1647 cols, 2773 nonzeros 0s
Presolve reductions: rows 699(-10054); columns 1647(-7762); nonzeros 2773(-22764) 

Solving MIP model with:
   699 rows
   1647 cols (107 binary, 0 integer, 0 implied int., 1540 continuous, 0 domain fixed)
   2773 nonzeros

Src: B => Branching; C => Central rounding; F => Feasibility pump; H => Heuristic;
     I => Shifting; J => Feasibility jump; L => Sub-MIP; P => Empty MIP; R => Randomized rounding;
     S => Solve LP; T => Evaluate node; U => Unbounded; X => User solution; Y => HiGHS solution;
     Z => ZI Round; l => Trivial lower; p => Trivial point; u => Trivial upper; z => Trivial zero

        Nodes      |    B&B Tree     |            Objective Bounds              |  Dynamic Constraints |       Work      
Src  Proc. InQueue |  Leaves   Expl. | BestBound       BestSol              Gap |   Cuts   InLp Confl. | LpIters     Time

 J       0       0         0   0.00%   -inf            5.060525137        Large        0      0      0         0     0.4s
 T       0       0         0   0.00%   -1.365513521    1.5883755        185.97%        0      0      0       290     0.4s
         1       0         1 100.00%   1.5883755       1.5883755          0.00%        0      0      0       290     0.4s

Solving report
  Status            Optimal
  Primal bound      1.58837549992
  Dual bound        1.58837549992
  Gap               0% (tolerance: 0.5%)
  P-D integral      0.0163876527253
  Solution status   feasible
                    1.58837549992 (objective)
                    0 (bound viol.)
                    0 (int. viol.)
                    0 (row viol.)
  Timing            0.43
  Max sub-MIP depth 0
  Nodes             1
  Repair LPs        0
  LP iterations     290
                    0 (strong br.)
                    0 (separation)
                    0 (heuristics)
MIP has 10753 rows; 9409 cols; 25537 nonzeros; 1344 integer variables (1344 binary)
Coefficient ranges:
  Matrix  [2e-01, 2e+00]
  Cost    [5e-03, 6e-02]
  Bound   [1e+00, 1e+00]
  RHS     [1e-17, 4e+00]
WARNING: Problem has some excessively small row bounds
Presolving model
8064 rows, 8516 cols, 21955 nonzeros 0s
6147 rows, 6868 cols, 16922 nonzeros 0s
4088 rows, 4977 cols, 11504 nonzeros 0s
3964 rows, 3553 cols, 8048 nonzeros 0s
1861 rows, 2722 cols, 5558 nonzeros 0s
1618 rows, 2156 cols, 4131 nonzeros 0s
936 rows, 1880 cols, 3323 nonzeros 0s
821 rows, 1741 cols, 3069 nonzeros 0s
Presolve reductions: rows 821(-9932); columns 1741(-7668); nonzeros 3069(-22468) 

Solving MIP model with:
   821 rows
   1741 cols (127 binary, 0 integer, 0 implied int., 1614 continuous, 0 domain fixed)
   3069 nonzeros

Src: B => Branching; C => Central rounding; F => Feasibility pump; H => Heuristic;
     I => Shifting; J => Feasibility jump; L => Sub-MIP; P => Empty MIP; R => Randomized rounding;
     S => Solve LP; T => Evaluate node; U => Unbounded; X => User solution; Y => HiGHS solution;
     Z => ZI Round; l => Trivial lower; p => Trivial point; u => Trivial upper; z => Trivial zero

        Nodes      |    B&B Tree     |            Objective Bounds              |  Dynamic Constraints |       Work      
Src  Proc. InQueue |  Leaves   Expl. | BestBound       BestSol              Gap |   Cuts   InLp Confl. | LpIters     Time

         0       0         0   0.00%   -1.90754641     inf                  inf        0      0      0         0     0.4s
 T       0       0         0   0.00%   -1.90754641     0.7914796059     341.01%        0      0      0       336     0.4s
         1       0         1 100.00%   0.7914796059    0.7914796059       0.00%        0      0      0       336     0.4s

Solving report
  Status            Optimal
  Primal bound      0.791479605946
  Dual bound        0.791479605946
  Gap               0% (tolerance: 0.5%)
  P-D integral      0.000190283639717
  Solution status   feasible
                    0.791479605946 (objective)
                    0 (bound viol.)
                    0 (int. viol.)
                    0 (row viol.)
  Timing            0.42
  Max sub-MIP depth 0
  Nodes             1
  Repair LPs        0
  LP iterations     336
                    0 (strong br.)
                    0 (separation)
                    0 (heuristics)
MIP has 10753 rows; 9409 cols; 25537 nonzeros; 1344 integer variables (1344 binary)
Coefficient ranges:
  Matrix  [2e-01, 2e+00]
  Cost    [1e-02, 6e-02]
  Bound   [1e+00, 1e+00]
  RHS     [4e-17, 4e+00]
WARNING: Problem has some excessively small row bounds
Presolving model
8064 rows, 8515 cols, 21954 nonzeros 0s
6154 rows, 6876 cols, 16941 nonzeros 0s
4094 rows, 4987 cols, 11532 nonzeros 0s
3976 rows, 3563 cols, 8079 nonzeros 0s
1882 rows, 2743 cols, 5612 nonzeros 0s
1626 rows, 2182 cols, 4216 nonzeros 0s
982 rows, 1924 cols, 3453 nonzeros 0s
882 rows, 1819 cols, 3248 nonzeros 0s
Presolve reductions: rows 882(-9871); columns 1819(-7590); nonzeros 3248(-22289) 

Solving MIP model with:
   882 rows
   1819 cols (137 binary, 0 integer, 0 implied int., 1682 continuous, 0 domain fixed)
   3248 nonzeros

Src: B => Branching; C => Central rounding; F => Feasibility pump; H => Heuristic;
     I => Shifting; J => Feasibility jump; L => Sub-MIP; P => Empty MIP; R => Randomized rounding;
     S => Solve LP; T => Evaluate node; U => Unbounded; X => User solution; Y => HiGHS solution;
     Z => ZI Round; l => Trivial lower; p => Trivial point; u => Trivial upper; z => Trivial zero

        Nodes      |    B&B Tree     |            Objective Bounds              |  Dynamic Constraints |       Work      
Src  Proc. InQueue |  Leaves   Expl. | BestBound       BestSol              Gap |   Cuts   InLp Confl. | LpIters     Time

         0       0         0   0.00%   -2.090207753    inf                  inf        0      0      0         0     0.5s
 T       0       0         0   0.00%   -2.090207753    0.6147049216     440.03%        0      0      0       361     0.5s
         1       0         1 100.00%   0.6147049216    0.6147049216       0.00%        0      0      0       361     0.5s

Solving report
  Status            Optimal
  Primal bound      0.614704921571
  Dual bound        0.614704921571
  Gap               0% (tolerance: 0.5%)
  P-D integral      0.000301863542734
  Solution status   feasible
                    0.614704921571 (objective)
                    0 (bound viol.)
                    0 (int. viol.)
                    0 (row viol.)
  Timing            0.48
  Max sub-MIP depth 0
  Nodes             1
  Repair LPs        0
  LP iterations     361
                    0 (strong br.)
                    0 (separation)
                    0 (heuristics)
MIP has 10753 rows; 9409 cols; 25537 nonzeros; 1344 integer variables (1344 binary)
Coefficient ranges:
  Matrix  [2e-01, 2e+00]
  Cost    [5e-03, 6e-02]
  Bound   [1e+00, 1e+00]
  RHS     [6e-17, 4e+00]
WARNING: Problem has some excessively small row bounds
Presolving model
8064 rows, 8570 cols, 22009 nonzeros 0s
6122 rows, 6885 cols, 16894 nonzeros 0s
4045 rows, 4965 cols, 11421 nonzeros 0s
3920 rows, 3543 cols, 7978 nonzeros 0s
1801 rows, 2688 cols, 5420 nonzeros 0s
1541 rows, 2138 cols, 4073 nonzeros 0s
897 rows, 1836 cols, 3224 nonzeros 0s
795 rows, 1724 cols, 3010 nonzeros 0s
Presolve reductions: rows 795(-9958); columns 1724(-7685); nonzeros 3010(-22527) 

Solving MIP model with:
   795 rows
   1724 cols (123 binary, 0 integer, 0 implied int., 1601 continuous, 0 domain fixed)
   3010 nonzeros

Src: B => Branching; C => Central rounding; F => Feasibility pump; H => Heuristic;
     I => Shifting; J => Feasibility jump; L => Sub-MIP; P => Empty MIP; R => Randomized rounding;
     S => Solve LP; T => Evaluate node; U => Unbounded; X => User solution; Y => HiGHS solution;
     Z => ZI Round; l => Trivial lower; p => Trivial point; u => Trivial upper; z => Trivial zero

        Nodes      |    B&B Tree     |            Objective Bounds              |  Dynamic Constraints |       Work      
Src  Proc. InQueue |  Leaves   Expl. | BestBound       BestSol              Gap |   Cuts   InLp Confl. | LpIters     Time

         0       0         0   0.00%   -1.741977874    inf                  inf        0      0      0         0     0.4s
 T       0       0         0   0.00%   -1.741977874    0.8134232586     314.15%        0      0      0       329     0.5s
         1       0         1 100.00%   0.8134232586    0.8134232586       0.00%        0      0      0       329     0.5s

Solving report
  Status            Optimal
  Primal bound      0.813423258562
  Dual bound        0.813423258562
  Gap               0% (tolerance: 0.5%)
  P-D integral      0.000153621252812
  Solution status   feasible
                    0.813423258562 (objective)
                    0 (bound viol.)
                    0 (int. viol.)
                    0 (row viol.)
  Timing            0.45
  Max sub-MIP depth 0
  Nodes             1
  Repair LPs        0
  LP iterations     329
                    0 (strong br.)
                    0 (separation)
                    0 (heuristics)
MIP has 10753 rows; 9409 cols; 25537 nonzeros; 1344 integer variables (1344 binary)
Coefficient ranges:
  Matrix  [2e-01, 2e+00]
  Cost    [5e-03, 6e-02]
  Bound   [1e+00, 1e+00]
  RHS     [6e-17, 4e+00]
WARNING: Problem has some excessively small row bounds
Presolving model
8064 rows, 8668 cols, 22107 nonzeros 0s
6086 rows, 6932 cols, 16872 nonzeros 0s
3931 rows, 4902 cols, 11153 nonzeros 0s
3793 rows, 3444 cols, 7688 nonzeros 0s
1615 rows, 2511 cols, 4926 nonzeros 0s
1340 rows, 2043 cols, 3826 nonzeros 0s
930 rows, 1861 cols, 3311 nonzeros 0s
863 rows, 1781 cols, 3164 nonzeros 0s
Presolve reductions: rows 863(-9890); columns 1781(-7628); nonzeros 3164(-22373) 

Solving MIP model with:
   863 rows
   1781 cols (131 binary, 0 integer, 0 implied int., 1650 continuous, 0 domain fixed)
   3164 nonzeros

Src: B => Branching; C => Central rounding; F => Feasibility pump; H => Heuristic;
     I => Shifting; J => Feasibility jump; L => Sub-MIP; P => Empty MIP; R => Randomized rounding;
     S => Solve LP; T => Evaluate node; U => Unbounded; X => User solution; Y => HiGHS solution;
     Z => ZI Round; l => Trivial lower; p => Trivial point; u => Trivial upper; z => Trivial zero

        Nodes      |    B&B Tree     |            Objective Bounds              |  Dynamic Constraints |       Work      
Src  Proc. InQueue |  Leaves   Expl. | BestBound       BestSol              Gap |   Cuts   InLp Confl. | LpIters     Time

         0       0         0   0.00%   -1.977964244    inf                  inf        0      0      0         0     0.4s
 T       0       0         0   0.00%   -1.977964244    0.3291762743     700.88%        0      0      0       372     0.4s
         1       0         1 100.00%   0.3291762743    0.3291762743       0.00%        0      0      0       372     0.4s

Solving report
  Status            Optimal
  Primal bound      0.329176274299
  Dual bound        0.329176274299
  Gap               0% (tolerance: 0.5%)
  P-D integral      0.000393195394365
  Solution status   feasible
                    0.329176274299 (objective)
                    0 (bound viol.)
                    0 (int. viol.)
                    0 (row viol.)
  Timing            0.42
  Max sub-MIP depth 0
  Nodes             1
  Repair LPs        0
  LP iterations     372
                    0 (strong br.)
                    0 (separation)
                    0 (heuristics)
MIP has 10753 rows; 9409 cols; 25537 nonzeros; 1344 integer variables (1344 binary)
Coefficient ranges:
  Matrix  [2e-01, 2e+00]
  Cost    [5e-03, 6e-02]
  Bound   [1e+00, 1e+00]
  RHS     [1e-17, 4e+00]
WARNING: Problem has some excessively small row bounds
Presolving model
8064 rows, 8681 cols, 22120 nonzeros 0s
6080 rows, 6936 cols, 16866 nonzeros 0s
3933 rows, 4922 cols, 11177 nonzeros 0s
3794 rows, 3468 cols, 7721 nonzeros 0s
1606 rows, 2522 cols, 4920 nonzeros 0s
1318 rows, 2090 cols, 3933 nonzeros 0s
966 rows, 1915 cols, 3453 nonzeros 0s
946 rows, 1889 cols, 3407 nonzeros 0s
Presolve reductions: rows 946(-9807); columns 1889(-7520); nonzeros 3407(-22130) 

Solving MIP model with:
   946 rows
   1889 cols (144 binary, 0 integer, 0 implied int., 1745 continuous, 0 domain fixed)
   3407 nonzeros

Src: B => Branching; C => Central rounding; F => Feasibility pump; H => Heuristic;
     I => Shifting; J => Feasibility jump; L => Sub-MIP; P => Empty MIP; R => Randomized rounding;
     S => Solve LP; T => Evaluate node; U => Unbounded; X => User solution; Y => HiGHS solution;
     Z => ZI Round; l => Trivial lower; p => Trivial point; u => Trivial upper; z => Trivial zero

        Nodes      |    B&B Tree     |            Objective Bounds              |  Dynamic Constraints |       Work      
Src  Proc. InQueue |  Leaves   Expl. | BestBound       BestSol              Gap |   Cuts   InLp Confl. | LpIters     Time

         0       0         0   0.00%   -2.477722981    inf                  inf        0      0      0         0     0.4s
 T       0       0         0   0.00%   -2.477722981    -0.2809001005    782.07%        0      0      0       400     0.4s
         1       0         1 100.00%   -0.2809001005   -0.2809001005      0.00%        0      0      0       400     0.4s

Solving report
  Status            Optimal
  Primal bound      -0.280900100522
  Dual bound        -0.280900100522
  Gap               0% (tolerance: 0.5%)
  P-D integral      0.000998697670796
  Solution status   feasible
                    -0.280900100522 (objective)
                    0 (bound viol.)
                    0 (int. viol.)
                    0 (row viol.)
  Timing            0.41
  Max sub-MIP depth 0
  Nodes             1
  Repair LPs        0
  LP iterations     400
                    0 (strong br.)
                    0 (separation)
                    0 (heuristics)
MIP has 10753 rows; 9409 cols; 25537 nonzeros; 1344 integer variables (1344 binary)
Coefficient ranges:
  Matrix  [2e-01, 2e+00]
  Cost    [5e-03, 6e-02]
  Bound   [1e+00, 1e+00]
  RHS     [1e-17, 4e+00]
WARNING: Problem has some excessively small row bounds
Presolving model
8064 rows, 8679 cols, 22118 nonzeros 0s
6072 rows, 6927 cols, 16845 nonzeros 0s
3875 rows, 4847 cols, 11010 nonzeros 0s
3714 rows, 3347 cols, 7476 nonzeros 0s
1538 rows, 2406 cols, 4700 nonzeros 0s
1254 rows, 1979 cols, 3733 nonzeros 0s
913 rows, 1805 cols, 3260 nonzeros 0s
893 rows, 1785 cols, 3220 nonzeros 0s
Presolve reductions: rows 893(-9860); columns 1785(-7624); nonzeros 3220(-22317) 

Solving MIP model with:
   893 rows
   1785 cols (137 binary, 0 integer, 0 implied int., 1648 continuous, 0 domain fixed)
   3220 nonzeros

Src: B => Branching; C => Central rounding; F => Feasibility pump; H => Heuristic;
     I => Shifting; J => Feasibility jump; L => Sub-MIP; P => Empty MIP; R => Randomized rounding;
     S => Solve LP; T => Evaluate node; U => Unbounded; X => User solution; Y => HiGHS solution;
     Z => ZI Round; l => Trivial lower; p => Trivial point; u => Trivial upper; z => Trivial zero

        Nodes      |    B&B Tree     |            Objective Bounds              |  Dynamic Constraints |       Work      
Src  Proc. InQueue |  Leaves   Expl. | BestBound       BestSol              Gap |   Cuts   InLp Confl. | LpIters     Time

 J       0       0         0   0.00%   -inf            2.649667531        Large        0      0      0         0     0.4s
 T       0       0         0   0.00%   -2.304580067    -0.2000679274   1051.90%        0      0      0       372     0.5s
         1       0         1 100.00%   -0.2000679274   -0.2000679274      0.00%        0      0      0       372     0.5s

Solving report
  Status            Optimal
  Primal bound      -0.20006792742
  Dual bound        -0.20006792742
  Gap               0% (tolerance: 0.5%)
  P-D integral      0.0276077980664
  Solution status   feasible
                    -0.20006792742 (objective)
                    0 (bound viol.)
                    0 (int. viol.)
                    0 (row viol.)
  Timing            0.46
  Max sub-MIP depth 0
  Nodes             1
  Repair LPs        0
  LP iterations     372
                    0 (strong br.)
                    0 (separation)
                    0 (heuristics)
MIP has 10753 rows; 9409 cols; 25537 nonzeros; 1344 integer variables (1344 binary)
Coefficient ranges:
  Matrix  [2e-01, 2e+00]
  Cost    [1e-02, 6e-02]
  Bound   [1e+00, 1e+00]
  RHS     [3e-17, 5e+00]
WARNING: Problem has some excessively small row bounds
Presolving model
8064 rows, 8711 cols, 22150 nonzeros 0s
6052 rows, 6928 cols, 16809 nonzeros 0s
3902 rows, 4909 cols, 11114 nonzeros 0s
3765 rows, 3453 cols, 7664 nonzeros 0s
1571 rows, 2497 cols, 4833 nonzeros 0s
1265 rows, 2185 cols, 4215 nonzeros 0s
1100 rows, 2033 cols, 3802 nonzeros 0s
Presolve reductions: rows 1100(-9653); columns 2033(-7376); nonzeros 3802(-21735) 

Solving MIP model with:
   1100 rows
   2033 cols (169 binary, 0 integer, 0 implied int., 1864 continuous, 0 domain fixed)
   3802 nonzeros

Src: B => Branching; C => Central rounding; F => Feasibility pump; H => Heuristic;
     I => Shifting; J => Feasibility jump; L => Sub-MIP; P => Empty MIP; R => Randomized rounding;
     S => Solve LP; T => Evaluate node; U => Unbounded; X => User solution; Y => HiGHS solution;
     Z => ZI Round; l => Trivial lower; p => Trivial point; u => Trivial upper; z => Trivial zero

        Nodes      |    B&B Tree     |            Objective Bounds              |  Dynamic Constraints |       Work      
Src  Proc. InQueue |  Leaves   Expl. | BestBound       BestSol              Gap |   Cuts   InLp Confl. | LpIters     Time

         0       0         0   0.00%   -3.166432032    inf                  inf        0      0      0         0     0.4s
 T       0       0         0   0.00%   -3.166432032    -1.14345137      176.92%        0      0      0       453     0.4s
         1       0         1 100.00%   -1.14345137     -1.14345137        0.00%        0      0      0       453     0.4s

Solving report
  Status            Optimal
  Primal bound      -1.14345137021
  Dual bound        -1.14345137021
  Gap               0% (tolerance: 0.5%)
  P-D integral      0.000117297194934
  Solution status   feasible
                    -1.14345137021 (objective)
                    0 (bound viol.)
                    0 (int. viol.)
                    0 (row viol.)
  Timing            0.42
  Max sub-MIP depth 0
  Nodes             1
  Repair LPs        0
  LP iterations     453
                    0 (strong br.)
                    0 (separation)
                    0 (heuristics)
MIP has 10753 rows; 9409 cols; 25537 nonzeros; 1344 integer variables (1344 binary)
Coefficient ranges:
  Matrix  [2e-01, 2e+00]
  Cost    [5e-03, 6e-02]
  Bound   [1e+00, 1e+00]
  RHS     [3e-17, 5e+00]
WARNING: Problem has some excessively small row bounds
Presolving model
8064 rows, 8702 cols, 22141 nonzeros 0s
6070 rows, 6946 cols, 16857 nonzeros 0s
3893 rows, 4896 cols, 11082 nonzeros 0s
3746 rows, 3409 cols, 7588 nonzeros 0s
1557 rows, 2459 cols, 4785 nonzeros 0s
1263 rows, 2150 cols, 4182 nonzeros 0s
1049 rows, 1901 cols, 3595 nonzeros 0s
Presolve reductions: rows 1049(-9704); columns 1901(-7508); nonzeros 3595(-21942) 

Solving MIP model with:
   1049 rows
   1901 cols (163 binary, 0 integer, 0 implied int., 1738 continuous, 0 domain fixed)
   3595 nonzeros

Src: B => Branching; C => Central rounding; F => Feasibility pump; H => Heuristic;
     I => Shifting; J => Feasibility jump; L => Sub-MIP; P => Empty MIP; R => Randomized rounding;
     S => Solve LP; T => Evaluate node; U => Unbounded; X => User solution; Y => HiGHS solution;
     Z => ZI Round; l => Trivial lower; p => Trivial point; u => Trivial upper; z => Trivial zero

        Nodes      |    B&B Tree     |            Objective Bounds              |  Dynamic Constraints |       Work      
Src  Proc. InQueue |  Leaves   Expl. | BestBound       BestSol              Gap |   Cuts   InLp Confl. | LpIters     Time

         0       0         0   0.00%   -3.062430498    inf                  inf        0      0      0         0     0.4s
 T       0       0         0   0.00%   -3.062430498    -1.090619211     180.80%        0      0      0       422     0.4s
         1       0         1 100.00%   -1.090619211    -1.090619211       0.00%        0      0      0       422     0.4s

Solving report
  Status            Optimal
  Primal bound      -1.09061921059
  Dual bound        -1.09061921059
  Gap               0% (tolerance: 0.5%)
  P-D integral      0.000175192682632
  Solution status   feasible
                    -1.09061921059 (objective)
                    0 (bound viol.)
                    0 (int. viol.)
                    0 (row viol.)
  Timing            0.45
  Max sub-MIP depth 0
  Nodes             1
  Repair LPs        0
  LP iterations     422
                    0 (strong br.)
                    0 (separation)
                    0 (heuristics)
MIP has 10753 rows; 9409 cols; 25537 nonzeros; 1344 integer variables (1344 binary)
Coefficient ranges:
  Matrix  [2e-01, 2e+00]
  Cost    [5e-03, 6e-02]
  Bound   [1e+00, 1e+00]
  RHS     [4e-17, 4e+00]
WARNING: Problem has some excessively small row bounds
Presolving model
8064 rows, 8725 cols, 22164 nonzeros 0s
6038 rows, 6926 cols, 16785 nonzeros 0s
3866 rows, 4878 cols, 11023 nonzeros 0s
3723 rows, 3405 cols, 7571 nonzeros 0s
1479 rows, 2377 cols, 4577 nonzeros 0s
1185 rows, 2078 cols, 3984 nonzeros 0s
996 rows, 1851 cols, 3456 nonzeros 0s
Presolve reductions: rows 996(-9757); columns 1851(-7558); nonzeros 3456(-22081) 

Solving MIP model with:
   996 rows
   1851 cols (154 binary, 0 integer, 0 implied int., 1697 continuous, 0 domain fixed)
   3456 nonzeros

Src: B => Branching; C => Central rounding; F => Feasibility pump; H => Heuristic;
     I => Shifting; J => Feasibility jump; L => Sub-MIP; P => Empty MIP; R => Randomized rounding;
     S => Solve LP; T => Evaluate node; U => Unbounded; X => User solution; Y => HiGHS solution;
     Z => ZI Round; l => Trivial lower; p => Trivial point; u => Trivial upper; z => Trivial zero

        Nodes      |    B&B Tree     |            Objective Bounds              |  Dynamic Constraints |       Work      
Src  Proc. InQueue |  Leaves   Expl. | BestBound       BestSol              Gap |   Cuts   InLp Confl. | LpIters     Time

 J       0       0         0   0.00%   -inf            1.301678487        Large        0      0      0         0     0.4s
 T       0       0         0   0.00%   -2.968901526    -1.147025793     158.83%        0      0      0       403     0.4s
         1       0         1 100.00%   -1.147025793    -1.147025793       0.00%        0      0      0       403     0.4s

Solving report
  Status            Optimal
  Primal bound      -1.14702579325
  Dual bound        -1.14702579325
  Gap               0% (tolerance: 0.5%)
  P-D integral      0.0579979607503
  Solution status   feasible
                    -1.14702579325 (objective)
                    0 (bound viol.)
                    0 (int. viol.)
                    0 (row viol.)
  Timing            0.44
  Max sub-MIP depth 0
  Nodes             1
  Repair LPs        0
  LP iterations     403
                    0 (strong br.)
                    0 (separation)
                    0 (heuristics)
MIP has 10753 rows; 9409 cols; 25537 nonzeros; 1344 integer variables (1344 binary)
Coefficient ranges:
  Matrix  [2e-01, 2e+00]
  Cost    [1e-02, 6e-02]
  Bound   [1e+00, 1e+00]
  RHS     [5e-03, 4e+00]
Presolving model
8064 rows, 8764 cols, 22203 nonzeros 0s
6055 rows, 6986 cols, 16875 nonzeros 0s
3859 rows, 4906 cols, 11045 nonzeros 0s
3706 rows, 3468 cols, 7738 nonzeros 0s
1627 rows, 2533 cols, 4988 nonzeros 0s
1349 rows, 2248 cols, 4425 nonzeros 0s
Presolve reductions: rows 1349(-9404); columns 2248(-7161); nonzeros 4425(-21112) 

Solving MIP model with:
   1349 rows
   2248 cols (208 binary, 0 integer, 0 implied int., 2040 continuous, 0 domain fixed)
   4425 nonzeros

Src: B => Branching; C => Central rounding; F => Feasibility pump; H => Heuristic;
     I => Shifting; J => Feasibility jump; L => Sub-MIP; P => Empty MIP; R => Randomized rounding;
     S => Solve LP; T => Evaluate node; U => Unbounded; X => User solution; Y => HiGHS solution;
     Z => ZI Round; l => Trivial lower; p => Trivial point; u => Trivial upper; z => Trivial zero

        Nodes      |    B&B Tree     |            Objective Bounds              |  Dynamic Constraints |       Work      
Src  Proc. InQueue |  Leaves   Expl. | BestBound       BestSol              Gap |   Cuts   InLp Confl. | LpIters     Time

         0       0         0   0.00%   -4.370173969    inf                  inf        0      0      0         0     0.4s
 T       0       0         0   0.00%   -4.370173969    -2.639935293      65.54%        0      0      0       544     0.4s
         1       0         1 100.00%   -2.639935293    -2.639935293       0.00%        0      0      0       544     0.4s

Solving report
  Status            Optimal
  Primal bound      -2.63993529259
  Dual bound        -2.63993529259
  Gap               0% (tolerance: 0.5%)
  P-D integral      3.97178130819e-05
  Solution status   feasible
                    -2.63993529259 (objective)
                    0 (bound viol.)
                    0 (int. viol.)
                    0 (row viol.)
  Timing            0.42
  Max sub-MIP depth 0
  Nodes             1
  Repair LPs        0
  LP iterations     544
                    0 (strong br.)
                    0 (separation)
                    0 (heuristics)
MIP has 10753 rows; 9409 cols; 25537 nonzeros; 1344 integer variables (1344 binary)
Coefficient ranges:
  Matrix  [2e-01, 2e+00]
  Cost    [1e-02, 6e-02]
  Bound   [1e+00, 1e+00]
  RHS     [1e-03, 4e+00]
Presolving model
8064 rows, 8777 cols, 22216 nonzeros 0s
6047 rows, 6987 cols, 16861 nonzeros 0s
3859 rows, 4912 cols, 11046 nonzeros 0s
3701 rows, 3515 cols, 7844 nonzeros 0s
1718 rows, 2630 cols, 5239 nonzeros 0s
1445 rows, 2344 cols, 4680 nonzeros 0s
Presolve reductions: rows 1445(-9308); columns 2344(-7065); nonzeros 4680(-20857) 

Solving MIP model with:
   1445 rows
   2344 cols (223 binary, 0 integer, 0 implied int., 2121 continuous, 0 domain fixed)
   4680 nonzeros

Src: B => Branching; C => Central rounding; F => Feasibility pump; H => Heuristic;
     I => Shifting; J => Feasibility jump; L => Sub-MIP; P => Empty MIP; R => Randomized rounding;
     S => Solve LP; T => Evaluate node; U => Unbounded; X => User solution; Y => HiGHS solution;
     Z => ZI Round; l => Trivial lower; p => Trivial point; u => Trivial upper; z => Trivial zero

        Nodes      |    B&B Tree     |            Objective Bounds              |  Dynamic Constraints |       Work      
Src  Proc. InQueue |  Leaves   Expl. | BestBound       BestSol              Gap |   Cuts   InLp Confl. | LpIters     Time

         0       0         0   0.00%   -4.87884302     inf                  inf        0      0      0         0     0.4s
 T       0       0         0   0.00%   -4.87884302     -3.065166665      59.17%        0      0      0       573     0.4s
         1       0         1 100.00%   -3.065166665    -3.065166665       0.00%        0      0      0       573     0.4s

Solving report
  Status            Optimal
  Primal bound      -3.06516666491
  Dual bound        -3.06516666491
  Gap               0% (tolerance: 0.5%)
  P-D integral      3.3135508952e-05
  Solution status   feasible
                    -3.06516666491 (objective)
                    0 (bound viol.)
                    0 (int. viol.)
                    0 (row viol.)
  Timing            0.43
  Max sub-MIP depth 0
  Nodes             1
  Repair LPs        0
  LP iterations     573
                    0 (strong br.)
                    0 (separation)
                    0 (heuristics)
MIP has 10753 rows; 9409 cols; 25537 nonzeros; 1344 integer variables (1344 binary)
Coefficient ranges:
  Matrix  [2e-01, 2e+00]
  Cost    [5e-03, 6e-02]
  Bound   [1e+00, 1e+00]
  RHS     [1e-03, 4e+00]
Presolving model
8064 rows, 8795 cols, 22234 nonzeros 0s
6028 rows, 6980 cols, 16823 nonzeros 0s
3814 rows, 4864 cols, 10921 nonzeros 0s
3657 rows, 3451 cols, 7674 nonzeros 0s
1643 rows, 2555 cols, 5029 nonzeros 0s
1356 rows, 2260 cols, 4447 nonzeros 0s
Presolve reductions: rows 1356(-9397); columns 2260(-7149); nonzeros 4447(-21090) 

Solving MIP model with:
   1356 rows
   2260 cols (208 binary, 0 integer, 0 implied int., 2052 continuous, 0 domain fixed)
   4447 nonzeros

Src: B => Branching; C => Central rounding; F => Feasibility pump; H => Heuristic;
     I => Shifting; J => Feasibility jump; L => Sub-MIP; P => Empty MIP; R => Randomized rounding;
     S => Solve LP; T => Evaluate node; U => Unbounded; X => User solution; Y => HiGHS solution;
     Z => ZI Round; l => Trivial lower; p => Trivial point; u => Trivial upper; z => Trivial zero

        Nodes      |    B&B Tree     |            Objective Bounds              |  Dynamic Constraints |       Work      
Src  Proc. InQueue |  Leaves   Expl. | BestBound       BestSol              Gap |   Cuts   InLp Confl. | LpIters     Time

         0       0         0   0.00%   -4.541029835    inf                  inf        0      0      0         0     0.4s
 T       0       0         0   0.00%   -4.541029835    -2.613543912      73.75%        0      0      0       543     0.4s
         1       0         1 100.00%   -2.613543912    -2.613543912       0.00%        0      0      0       543     0.4s

Solving report
  Status            Optimal
  Primal bound      -2.61354391172
  Dual bound        -2.61354391172
  Gap               0% (tolerance: 0.5%)
  P-D integral      4.65361847275e-05
  Solution status   feasible
                    -2.61354391172 (objective)
                    0 (bound viol.)
                    0 (int. viol.)
                    0 (row viol.)
  Timing            0.42
  Max sub-MIP depth 0
  Nodes             1
  Repair LPs        0
  LP iterations     543
                    0 (strong br.)
                    0 (separation)
                    0 (heuristics)
MIP has 10753 rows; 9409 cols; 25537 nonzeros; 1344 integer variables (1344 binary)
Coefficient ranges:
  Matrix  [2e-01, 2e+00]
  Cost    [5e-03, 6e-02]
  Bound   [1e+00, 1e+00]
  RHS     [4e-16, 4e+00]
WARNING: Problem has some excessively small row bounds
Presolving model
8064 rows, 8814 cols, 22253 nonzeros 0s
6026 rows, 6994 cols, 16827 nonzeros 0s
3774 rows, 4835 cols, 10824 nonzeros 0s
3610 rows, 3436 cols, 7656 nonzeros 0s
1634 rows, 2515 cols, 4992 nonzeros 0s
1371 rows, 2236 cols, 4450 nonzeros 0s
Presolve reductions: rows 1371(-9382); columns 2236(-7173); nonzeros 4450(-21087) 

Solving MIP model with:
   1371 rows
   2236 cols (211 binary, 0 integer, 0 implied int., 2025 continuous, 0 domain fixed)
   4450 nonzeros

Src: B => Branching; C => Central rounding; F => Feasibility pump; H => Heuristic;
     I => Shifting; J => Feasibility jump; L => Sub-MIP; P => Empty MIP; R => Randomized rounding;
     S => Solve LP; T => Evaluate node; U => Unbounded; X => User solution; Y => HiGHS solution;
     Z => ZI Round; l => Trivial lower; p => Trivial point; u => Trivial upper; z => Trivial zero

        Nodes      |    B&B Tree     |            Objective Bounds              |  Dynamic Constraints |       Work      
Src  Proc. InQueue |  Leaves   Expl. | BestBound       BestSol              Gap |   Cuts   InLp Confl. | LpIters     Time

 J       0       0         0   0.00%   -inf            0.7594898035       Large        0      0      0         0     0.4s
 T       0       0         0   0.00%   -4.356104014    -2.399510228      81.54%        0      0      0       545     0.4s
         1       0         1 100.00%   -2.399510228    -2.399510228       0.00%        0      0      0       545     0.4s

Solving report
  Status            Optimal
  Primal bound      -2.39951022835
  Dual bound        -2.39951022835
  Gap               0% (tolerance: 0.5%)
  P-D integral      0.149355117368
  Solution status   feasible
                    -2.39951022835 (objective)
                    0 (bound viol.)
                    0 (int. viol.)
                    0 (row viol.)
  Timing            0.40
  Max sub-MIP depth 0
  Nodes             1
  Repair LPs        0
  LP iterations     545
                    0 (strong br.)
                    0 (separation)
                    0 (heuristics)
MIP has 10753 rows; 9409 cols; 25537 nonzeros; 1344 integer variables (1344 binary)
Coefficient ranges:
  Matrix  [2e-01, 2e+00]
  Cost    [1e-02, 6e-02]
  Bound   [1e+00, 1e+00]
  RHS     [4e-17, 4e+00]
WARNING: Problem has some excessively small row bounds
Presolving model
8064 rows, 8791 cols, 22230 nonzeros 0s
5989 rows, 6925 cols, 16701 nonzeros 0s
3774 rows, 4802 cols, 10795 nonzeros 0s
3597 rows, 3370 cols, 7528 nonzeros 0s
1557 rows, 2425 cols, 4771 nonzeros 0s
1274 rows, 2129 cols, 4194 nonzeros 0s
Presolve reductions: rows 1274(-9479); columns 2129(-7280); nonzeros 4194(-21343) 

Solving MIP model with:
   1274 rows
   2129 cols (198 binary, 0 integer, 0 implied int., 1931 continuous, 0 domain fixed)
   4194 nonzeros

Src: B => Branching; C => Central rounding; F => Feasibility pump; H => Heuristic;
     I => Shifting; J => Feasibility jump; L => Sub-MIP; P => Empty MIP; R => Randomized rounding;
     S => Solve LP; T => Evaluate node; U => Unbounded; X => User solution; Y => HiGHS solution;
     Z => ZI Round; l => Trivial lower; p => Trivial point; u => Trivial upper; z => Trivial zero

        Nodes      |    B&B Tree     |            Objective Bounds              |  Dynamic Constraints |       Work      
Src  Proc. InQueue |  Leaves   Expl. | BestBound       BestSol              Gap |   Cuts   InLp Confl. | LpIters     Time

         0       0         0   0.00%   -4.052447427    inf                  inf        0      0      0         0     0.4s
 T       0       0         0   0.00%   -4.052447427    -2.100678006      92.91%        0      0      0       509     0.4s
         1       0         1 100.00%   -2.100678006    -2.100678006       0.00%        0      0      0       509     0.4s

Solving report
  Status            Optimal
  Primal bound      -2.10067800616
  Dual bound        -2.10067800616
  Gap               0% (tolerance: 0.5%)
  P-D integral      5.43531658389e-05
  Solution status   feasible
                    -2.10067800616 (objective)
                    0 (bound viol.)
                    0 (int. viol.)
                    0 (row viol.)
  Timing            0.42
  Max sub-MIP depth 0
  Nodes             1
  Repair LPs        0
  LP iterations     509
                    0 (strong br.)
                    0 (separation)
                    0 (heuristics)
MIP has 10753 rows; 9409 cols; 25537 nonzeros; 1344 integer variables (1344 binary)
Coefficient ranges:
  Matrix  [2e-01, 2e+00]
  Cost    [1e-02, 6e-02]
  Bound   [1e+00, 1e+00]
  RHS     [4e-17, 4e+00]
WARNING: Problem has some excessively small row bounds
Presolving model
8064 rows, 8915 cols, 22354 nonzeros 0s
5894 rows, 6915 cols, 16524 nonzeros 0s
3559 rows, 4633 cols, 10259 nonzeros 0s
3400 rows, 3190 cols, 7037 nonzeros 0s
1259 rows, 2118 cols, 3952 nonzeros 0s
998 rows, 1850 cols, 3423 nonzeros 0s
955 rows, 1800 cols, 3330 nonzeros 0s
Presolve reductions: rows 955(-9798); columns 1800(-7609); nonzeros 3330(-22207) 

Solving MIP model with:
   955 rows
   1800 cols (144 binary, 0 integer, 0 implied int., 1656 continuous, 0 domain fixed)
   3330 nonzeros

Src: B => Branching; C => Central rounding; F => Feasibility pump; H => Heuristic;
     I => Shifting; J => Feasibility jump; L => Sub-MIP; P => Empty MIP; R => Randomized rounding;
     S => Solve LP; T => Evaluate node; U => Unbounded; X => User solution; Y => HiGHS solution;
     Z => ZI Round; l => Trivial lower; p => Trivial point; u => Trivial upper; z => Trivial zero

        Nodes      |    B&B Tree     |            Objective Bounds              |  Dynamic Constraints |       Work      
Src  Proc. InQueue |  Leaves   Expl. | BestBound       BestSol              Gap |   Cuts   InLp Confl. | LpIters     Time

         0       0         0   0.00%   -2.458903779    inf                  inf        0      0      0         0     0.4s
 T       0       0         0   0.00%   -2.458903779    -0.8948666097    174.78%        0      0      0       395     0.4s
         1       0         1 100.00%   -0.8948666097   -0.8948666097      0.00%        0      0      0       395     0.4s

Solving report
  Status            Optimal
  Primal bound      -0.894866609708
  Dual bound        -0.894866609708
  Gap               0% (tolerance: 0.5%)
  P-D integral      0.000103294271978
  Solution status   feasible
                    -0.894866609708 (objective)
                    0 (bound viol.)
                    0 (int. viol.)
                    0 (row viol.)
  Timing            0.39
  Max sub-MIP depth 0
  Nodes             1
  Repair LPs        0
  LP iterations     395
                    0 (strong br.)
                    0 (separation)
                    0 (heuristics)
MIP has 10753 rows; 9409 cols; 25537 nonzeros; 1344 integer variables (1344 binary)
Coefficient ranges:
  Matrix  [2e-01, 2e+00]
  Cost    [1e-02, 6e-02]
  Bound   [1e+00, 1e+00]
  RHS     [1e-17, 4e+00]
WARNING: Problem has some excessively small row bounds
Presolving model
8064 rows, 9230 cols, 22669 nonzeros 0s
5617 rows, 6850 cols, 15974 nonzeros 0s
2967 rows, 4098 cols, 8712 nonzeros 0s
2772 rows, 2727 cols, 5961 nonzeros 0s
840 rows, 1571 cols, 2726 nonzeros 0s
628 rows, 1343 cols, 2286 nonzeros 0s
549 rows, 1264 cols, 2128 nonzeros 0s
Presolve reductions: rows 549(-10204); columns 1264(-8145); nonzeros 2128(-23409) 

Solving MIP model with:
   549 rows
   1264 cols (79 binary, 0 integer, 0 implied int., 1185 continuous, 0 domain fixed)
   2128 nonzeros

Src: B => Branching; C => Central rounding; F => Feasibility pump; H => Heuristic;
     I => Shifting; J => Feasibility jump; L => Sub-MIP; P => Empty MIP; R => Randomized rounding;
     S => Solve LP; T => Evaluate node; U => Unbounded; X => User solution; Y => HiGHS solution;
     Z => ZI Round; l => Trivial lower; p => Trivial point; u => Trivial upper; z => Trivial zero

        Nodes      |    B&B Tree     |            Objective Bounds              |  Dynamic Constraints |       Work      
Src  Proc. InQueue |  Leaves   Expl. | BestBound       BestSol              Gap |   Cuts   InLp Confl. | LpIters     Time

 J       0       0         0   0.00%   -inf            0.7731211842       Large        0      0      0         0     0.4s
 T       0       0         0   0.00%   -0.9791414398   -0.1220214752    702.43%        0      0      0       247     0.4s
         1       0         1 100.00%   -0.1220214752   -0.1220214752      0.00%        0      0      0       247     0.4s

Solving report
  Status            Optimal
  Primal bound      -0.122021475211
  Dual bound        -0.122021475211
  Gap               0% (tolerance: 0.5%)
  P-D integral      0.0259011107095
  Solution status   feasible
                    -0.122021475211 (objective)
                    0 (bound viol.)
                    0 (int. viol.)
                    0 (row viol.)
  Timing            0.38
  Max sub-MIP depth 0
  Nodes             1
  Repair LPs        0
  LP iterations     247
                    0 (strong br.)
                    0 (separation)
                    0 (heuristics)
MIP has 10753 rows; 9409 cols; 25537 nonzeros; 1344 integer variables (1344 binary)
Coefficient ranges:
  Matrix  [2e-01, 2e+00]
  Cost    [1e-02, 6e-02]
  Bound   [1e+00, 1e+00]
  RHS     [1e-17, 4e+00]
WARNING: Problem has some excessively small row bounds
Presolving model
8064 rows, 9124 cols, 22563 nonzeros 0s
5740 rows, 6915 cols, 16256 nonzeros 0s
3221 rows, 4355 cols, 9407 nonzeros 0s
3037 rows, 2953 cols, 6511 nonzeros 0s
1007 rows, 1790 cols, 3220 nonzeros 0s
783 rows, 1561 cols, 2767 nonzeros 0s
703 rows, 1388 cols, 2514 nonzeros 0s
Presolve reductions: rows 703(-10050); columns 1388(-8021); nonzeros 2514(-23023) 

Solving MIP model with:
   703 rows
   1388 cols (106 binary, 0 integer, 0 implied int., 1282 continuous, 0 domain fixed)
   2514 nonzeros

Src: B => Branching; C => Central rounding; F => Feasibility pump; H => Heuristic;
     I => Shifting; J => Feasibility jump; L => Sub-MIP; P => Empty MIP; R => Randomized rounding;
     S => Solve LP; T => Evaluate node; U => Unbounded; X => User solution; Y => HiGHS solution;
     Z => ZI Round; l => Trivial lower; p => Trivial point; u => Trivial upper; z => Trivial zero

        Nodes      |    B&B Tree     |            Objective Bounds              |  Dynamic Constraints |       Work      
Src  Proc. InQueue |  Leaves   Expl. | BestBound       BestSol              Gap |   Cuts   InLp Confl. | LpIters     Time

 J       0       0         0   0.00%   -inf            1.245109342        Large        0      0      0         0     0.4s
 T       0       0         0   0.00%   -1.502442898    -0.2324114512    546.46%        0      0      0       301     0.4s
         1       0         1 100.00%   -0.2324114512   -0.2324114512      0.00%        0      0      0       301     0.4s

Solving report
  Status            Optimal
  Primal bound      -0.232411451155
  Dual bound        -0.232411451155
  Gap               0% (tolerance: 0.5%)
  P-D integral      0.0231656002943
  Solution status   feasible
                    -0.232411451155 (objective)
                    0 (bound viol.)
                    0 (int. viol.)
                    0 (row viol.)
  Timing            0.42
  Max sub-MIP depth 0
  Nodes             1
  Repair LPs        0
  LP iterations     301
                    0 (strong br.)
                    0 (separation)
                    0 (heuristics)
MIP has 10753 rows; 9409 cols; 25537 nonzeros; 1344 integer variables (1344 binary)
Coefficient ranges:
  Matrix  [2e-01, 2e+00]
  Cost    [1e-02, 6e-02]
  Bound   [1e+00, 1e+00]
  RHS     [1e-17, 4e+00]
WARNING: Problem has some excessively small row bounds
Presolving model
8064 rows, 8815 cols, 22254 nonzeros 0s
5992 rows, 6951 cols, 16727 nonzeros 0s
3732 rows, 4786 cols, 10709 nonzeros 0s
3581 rows, 3310 cols, 7332 nonzeros 0s
1412 rows, 2304 cols, 4389 nonzeros 0s
1126 rows, 2016 cols, 3815 nonzeros 0s
1107 rows, 1989 cols, 3769 nonzeros 0s
Presolve reductions: rows 1107(-9646); columns 1989(-7420); nonzeros 3769(-21768) 

Solving MIP model with:
   1107 rows
   1989 cols (169 binary, 0 integer, 0 implied int., 1820 continuous, 0 domain fixed)
   3769 nonzeros

Src: B => Branching; C => Central rounding; F => Feasibility pump; H => Heuristic;
     I => Shifting; J => Feasibility jump; L => Sub-MIP; P => Empty MIP; R => Randomized rounding;
     S => Solve LP; T => Evaluate node; U => Unbounded; X => User solution; Y => HiGHS solution;
     Z => ZI Round; l => Trivial lower; p => Trivial point; u => Trivial upper; z => Trivial zero

        Nodes      |    B&B Tree     |            Objective Bounds              |  Dynamic Constraints |       Work      
Src  Proc. InQueue |  Leaves   Expl. | BestBound       BestSol              Gap |   Cuts   InLp Confl. | LpIters     Time

 J       0       0         0   0.00%   -inf            2.017316777        Large        0      0      0         0     0.4s
 T       0       0         0   0.00%   -2.673219453    -0.7361016021    263.16%        0      0      0       456     0.4s
         1       0         1 100.00%   -0.7361016021   -0.7361016021      0.00%        0      0      0       456     0.4s

Solving report
  Status            Optimal
  Primal bound      -0.736101602125
  Dual bound        -0.736101602125
  Gap               0% (tolerance: 0.5%)
  P-D integral      0.0403774614812
  Solution status   feasible
                    -0.736101602125 (objective)
                    0 (bound viol.)
                    0 (int. viol.)
                    0 (row viol.)
  Timing            0.40
  Max sub-MIP depth 0
  Nodes             1
  Repair LPs        0
  LP iterations     456
                    0 (strong br.)
                    0 (separation)
                    0 (heuristics)
MIP has 10753 rows; 9409 cols; 25537 nonzeros; 1344 integer variables (1344 binary)
Coefficient ranges:
  Matrix  [2e-01, 2e+00]
  Cost    [5e-03, 6e-02]
  Bound   [1e+00, 1e+00]
  RHS     [6e-17, 4e+00]
WARNING: Problem has some excessively small row bounds
Presolving model
8064 rows, 8776 cols, 22215 nonzeros 0s
6025 rows, 6956 cols, 16787 nonzeros 0s
3793 rows, 4827 cols, 10848 nonzeros 0s
3633 rows, 3321 cols, 7356 nonzeros 0s
1384 rows, 2277 cols, 4307 nonzeros 0s
1102 rows, 1990 cols, 3740 nonzeros 0s
1005 rows, 1891 cols, 3508 nonzeros 0s
Presolve reductions: rows 1005(-9748); columns 1891(-7518); nonzeros 3508(-22029) 

Solving MIP model with:
   1005 rows
   1891 cols (154 binary, 0 integer, 0 implied int., 1737 continuous, 0 domain fixed)
   3508 nonzeros

Src: B => Branching; C => Central rounding; F => Feasibility pump; H => Heuristic;
     I => Shifting; J => Feasibility jump; L => Sub-MIP; P => Empty MIP; R => Randomized rounding;
     S => Solve LP; T => Evaluate node; U => Unbounded; X => User solution; Y => HiGHS solution;
     Z => ZI Round; l => Trivial lower; p => Trivial point; u => Trivial upper; z => Trivial zero

        Nodes      |    B&B Tree     |            Objective Bounds              |  Dynamic Constraints |       Work      
Src  Proc. InQueue |  Leaves   Expl. | BestBound       BestSol              Gap |   Cuts   InLp Confl. | LpIters     Time

 J       0       0         0   0.00%   -inf            2.29096494         Large        0      0      0         0     0.4s
 T       0       0         0   0.00%   -2.44934717     -0.6299689857    288.80%        0      0      0       414     0.5s
         1       0         1 100.00%   -0.6299689857   -0.6299689857      0.00%        0      0      0       414     0.5s

Solving report
  Status            Optimal
  Primal bound      -0.629968985665
  Dual bound        -0.629968985665
  Gap               0% (tolerance: 0.5%)
  P-D integral      0.0349587603539
  Solution status   feasible
                    -0.629968985665 (objective)
                    0 (bound viol.)
                    0 (int. viol.)
                    0 (row viol.)
  Timing            0.47
  Max sub-MIP depth 0
  Nodes             1
  Repair LPs        0
  LP iterations     414
                    0 (strong br.)
                    0 (separation)
                    0 (heuristics)
MIP has 10753 rows; 9409 cols; 25537 nonzeros; 1344 integer variables (1344 binary)
Coefficient ranges:
  Matrix  [2e-01, 2e+00]
  Cost    [5e-03, 6e-02]
  Bound   [1e+00, 1e+00]
  RHS     [6e-17, 4e+00]
WARNING: Problem has some excessively small row bounds
Presolving model
8064 rows, 8754 cols, 22193 nonzeros 0s
6010 rows, 6918 cols, 16729 nonzeros 0s
3792 rows, 4806 cols, 10827 nonzeros 0s
3648 rows, 3321 cols, 7362 nonzeros 0s
1422 rows, 2312 cols, 4407 nonzeros 0s
1121 rows, 2008 cols, 3802 nonzeros 0s
913 rows, 1784 cols, 3254 nonzeros 0s
Presolve reductions: rows 913(-9840); columns 1784(-7625); nonzeros 3254(-22283) 

Solving MIP model with:
   913 rows
   1784 cols (141 binary, 0 integer, 0 implied int., 1643 continuous, 0 domain fixed)
   3254 nonzeros

Src: B => Branching; C => Central rounding; F => Feasibility pump; H => Heuristic;
     I => Shifting; J => Feasibility jump; L => Sub-MIP; P => Empty MIP; R => Randomized rounding;
     S => Solve LP; T => Evaluate node; U => Unbounded; X => User solution; Y => HiGHS solution;
     Z => ZI Round; l => Trivial lower; p => Trivial point; u => Trivial upper; z => Trivial zero

        Nodes      |    B&B Tree     |            Objective Bounds              |  Dynamic Constraints |       Work      
Src  Proc. InQueue |  Leaves   Expl. | BestBound       BestSol              Gap |   Cuts   InLp Confl. | LpIters     Time

 J       0       0         0   0.00%   -inf            2.532914287        Large        0      0      0         0     0.4s
 T       0       0         0   0.00%   -2.374098495    -0.4666955572    408.70%        0      0      0       373     0.4s
         1       0         1 100.00%   -0.4666955572   -0.4666955572      0.00%        0      0      0       373     0.4s

Solving report
  Status            Optimal
  Primal bound      -0.466695557233
  Dual bound        -0.466695557233
  Gap               0% (tolerance: 0.5%)
  P-D integral      0.0313374766095
  Solution status   feasible
                    -0.466695557233 (objective)
                    0 (bound viol.)
                    0 (int. viol.)
                    0 (row viol.)
  Timing            0.42
  Max sub-MIP depth 0
  Nodes             1
  Repair LPs        0
  LP iterations     373
                    0 (strong br.)
                    0 (separation)
                    0 (heuristics)
MIP has 10753 rows; 9409 cols; 25537 nonzeros; 1344 integer variables (1344 binary)
Coefficient ranges:
  Matrix  [2e-01, 2e+00]
  Cost    [1e-02, 6e-02]
  Bound   [1e+00, 1e+00]
  RHS     [1e-17, 4e+00]
WARNING: Problem has some excessively small row bounds
Presolving model
8064 rows, 8760 cols, 22199 nonzeros 0s
6003 rows, 6916 cols, 16717 nonzeros 0s
3796 rows, 4804 cols, 10830 nonzeros 0s
3627 rows, 3289 cols, 7313 nonzeros 0s
1384 rows, 2256 cols, 4292 nonzeros 0s
1105 rows, 1973 cols, 3730 nonzeros 0s
900 rows, 1773 cols, 3221 nonzeros 0s
Presolve reductions: rows 900(-9853); columns 1773(-7636); nonzeros 3221(-22316) 

Solving MIP model with:
   900 rows
   1773 cols (138 binary, 0 integer, 0 implied int., 1635 continuous, 0 domain fixed)
   3221 nonzeros

Src: B => Branching; C => Central rounding; F => Feasibility pump; H => Heuristic;
     I => Shifting; J => Feasibility jump; L => Sub-MIP; P => Empty MIP; R => Randomized rounding;
     S => Solve LP; T => Evaluate node; U => Unbounded; X => User solution; Y => HiGHS solution;
     Z => ZI Round; l => Trivial lower; p => Trivial point; u => Trivial upper; z => Trivial zero

        Nodes      |    B&B Tree     |            Objective Bounds              |  Dynamic Constraints |       Work      
Src  Proc. InQueue |  Leaves   Expl. | BestBound       BestSol              Gap |   Cuts   InLp Confl. | LpIters     Time

 J       0       0         0   0.00%   -inf            2.967617003        Large        0      0      0         0     0.6s
 T       0       0         0   0.00%   -2.008824245    0.0894707689    2345.23%        0      0      0       372     0.6s
         1       0         1 100.00%   0.0894707689    0.0894707689       0.00%        0      0      0       372     0.6s

Solving report
  Status            Optimal
  Primal bound      0.0894707688825
  Dual bound        0.0894707688825
  Gap               0% (tolerance: 0.5%)
  P-D integral      0.0315159766622
  Solution status   feasible
                    0.0894707688825 (objective)
                    0 (bound viol.)
                    0 (int. viol.)
                    0 (row viol.)
  Timing            0.61
  Max sub-MIP depth 0
  Nodes             1
  Repair LPs        0
  LP iterations     372
                    0 (strong br.)
                    0 (separation)
                    0 (heuristics)
MIP has 10753 rows; 9409 cols; 25537 nonzeros; 1344 integer variables (1344 binary)
Coefficient ranges:
  Matrix  [2e-01, 2e+00]
  Cost    [1e-02, 6e-02]
  Bound   [1e+00, 1e+00]
  RHS     [1e-17, 4e+00]
WARNING: Problem has some excessively small row bounds
Presolving model
8064 rows, 8771 cols, 22210 nonzeros 0s
6009 rows, 6929 cols, 16737 nonzeros 0s
3785 rows, 4803 cols, 10803 nonzeros 0s
3638 rows, 3313 cols, 7333 nonzeros 0s
1398 rows, 2295 cols, 4348 nonzeros 0s
1103 rows, 1998 cols, 3756 nonzeros 0s
950 rows, 1836 cols, 3357 nonzeros 0s
Presolve reductions: rows 950(-9803); columns 1836(-7573); nonzeros 3357(-22180) 

Solving MIP model with:
   950 rows
   1836 cols (143 binary, 0 integer, 0 implied int., 1693 continuous, 0 domain fixed)
   3357 nonzeros

Src: B => Branching; C => Central rounding; F => Feasibility pump; H => Heuristic;
     I => Shifting; J => Feasibility jump; L => Sub-MIP; P => Empty MIP; R => Randomized rounding;
     S => Solve LP; T => Evaluate node; U => Unbounded; X => User solution; Y => HiGHS solution;
     Z => ZI Round; l => Trivial lower; p => Trivial point; u => Trivial upper; z => Trivial zero

        Nodes      |    B&B Tree     |            Objective Bounds              |  Dynamic Constraints |       Work      
Src  Proc. InQueue |  Leaves   Expl. | BestBound       BestSol              Gap |   Cuts   InLp Confl. | LpIters     Time

         0       0         0   0.00%   -2.160303059    inf                  inf        0      0      0         0     0.5s
 T       0       0         0   0.00%   -2.160303059    -0.1269352284   1601.89%        0      0      0       388     0.5s
         1       0         1 100.00%   -0.1269352284   -0.1269352284      0.00%        0      0      0       388     0.5s

Solving report
  Status            Optimal
  Primal bound      -0.126935228379
  Dual bound        -0.126935228379
  Gap               0% (tolerance: 0.5%)
  P-D integral      0.00115176171148
  Solution status   feasible
                    -0.126935228379 (objective)
                    0 (bound viol.)
                    0 (int. viol.)
                    0 (row viol.)
  Timing            0.54
  Max sub-MIP depth 0
  Nodes             1
  Repair LPs        0
  LP iterations     388
                    0 (strong br.)
                    0 (separation)
                    0 (heuristics)
MIP has 10753 rows; 9409 cols; 25537 nonzeros; 1344 integer variables (1344 binary)
Coefficient ranges:
  Matrix  [2e-01, 2e+00]
  Cost    [1e-02, 6e-02]
  Bound   [1e+00, 1e+00]
  RHS     [1e-17, 4e+00]
WARNING: Problem has some excessively small row bounds
Presolving model
8064 rows, 8735 cols, 22174 nonzeros 0s
6026 rows, 6920 cols, 16758 nonzeros 0s
3801 rows, 4795 cols, 10832 nonzeros 0s
3644 rows, 3297 cols, 7329 nonzeros 0s
1431 rows, 2305 cols, 4416 nonzeros 0s
1136 rows, 2003 cols, 3816 nonzeros 0s
885 rows, 1769 cols, 3188 nonzeros 0s
884 rows, 1756 cols, 3174 nonzeros 0s
Presolve reductions: rows 884(-9869); columns 1756(-7653); nonzeros 3174(-22363) 

Solving MIP model with:
   884 rows
   1756 cols (135 binary, 0 integer, 0 implied int., 1621 continuous, 0 domain fixed)
   3174 nonzeros

Src: B => Branching; C => Central rounding; F => Feasibility pump; H => Heuristic;
     I => Shifting; J => Feasibility jump; L => Sub-MIP; P => Empty MIP; R => Randomized rounding;
     S => Solve LP; T => Evaluate node; U => Unbounded; X => User solution; Y => HiGHS solution;
     Z => ZI Round; l => Trivial lower; p => Trivial point; u => Trivial upper; z => Trivial zero

        Nodes      |    B&B Tree     |            Objective Bounds              |  Dynamic Constraints |       Work      
Src  Proc. InQueue |  Leaves   Expl. | BestBound       BestSol              Gap |   Cuts   InLp Confl. | LpIters     Time

 J       0       0         0   0.00%   -inf            2.571823804        Large        0      0      0         0     0.5s
 T       0       0         0   0.00%   -2.040898672    -0.0488112503   4081.21%        0      0      0       364     0.5s
         1       0         1 100.00%   -0.0488112503   -0.0488112503      0.00%        0      0      0       364     0.5s

Solving report
  Status            Optimal
  Primal bound      -0.0488112503438
  Dual bound        -0.0488112503438
  Gap               0% (tolerance: 0.5%)
  P-D integral      0.0280234152778
  Solution status   feasible
                    -0.0488112503438 (objective)
                    0 (bound viol.)
                    0 (int. viol.)
                    0 (row viol.)
  Timing            0.48
  Max sub-MIP depth 0
  Nodes             1
  Repair LPs        0
  LP iterations     364
                    0 (strong br.)
                    0 (separation)
                    0 (heuristics)
MIP has 10753 rows; 9409 cols; 25537 nonzeros; 1344 integer variables (1344 binary)
Coefficient ranges:
  Matrix  [2e-01, 2e+00]
  Cost    [5e-03, 6e-02]
  Bound   [1e+00, 1e+00]
  RHS     [1e-17, 4e+00]
WARNING: Problem has some excessively small row bounds
Presolving model
8064 rows, 8680 cols, 22119 nonzeros 0s
6103 rows, 6965 cols, 16924 nonzeros 0s
3956 rows, 4955 cols, 11235 nonzeros 0s
3803 rows, 3494 cols, 7740 nonzeros 0s
1668 rows, 2598 cols, 5082 nonzeros 0s
1397 rows, 2128 cols, 3975 nonzeros 0s
977 rows, 1952 cols, 3461 nonzeros 0s
910 rows, 1870 cols, 3312 nonzeros 0s
Presolve reductions: rows 910(-9843); columns 1870(-7539); nonzeros 3312(-22225) 

Solving MIP model with:
   910 rows
   1870 cols (134 binary, 0 integer, 0 implied int., 1736 continuous, 0 domain fixed)
   3312 nonzeros

Src: B => Branching; C => Central rounding; F => Feasibility pump; H => Heuristic;
     I => Shifting; J => Feasibility jump; L => Sub-MIP; P => Empty MIP; R => Randomized rounding;
     S => Solve LP; T => Evaluate node; U => Unbounded; X => User solution; Y => HiGHS solution;
     Z => ZI Round; l => Trivial lower; p => Trivial point; u => Trivial upper; z => Trivial zero

        Nodes      |    B&B Tree     |            Objective Bounds              |  Dynamic Constraints |       Work      
Src  Proc. InQueue |  Leaves   Expl. | BestBound       BestSol              Gap |   Cuts   InLp Confl. | LpIters     Time

 J       0       0         0   0.00%   -inf            6.379308054        Large        0      0      0         0     0.4s
 T       0       0         0   0.00%   -1.336856954    2.503163659      153.41%        0      0      0       404     0.4s
         1       0         1 100.00%   2.503163659     2.503163659        0.00%        0      0      0       404     0.4s

Solving report
  Status            Optimal
  Primal bound      2.5031636589
  Dual bound        2.5031636589
  Gap               0% (tolerance: 0.5%)
  P-D integral      0.0185855628244
  Solution status   feasible
                    2.5031636589 (objective)
                    0 (bound viol.)
                    0 (int. viol.)
                    0 (row viol.)
  Timing            0.43
  Max sub-MIP depth 0
  Nodes             1
  Repair LPs        0
  LP iterations     404
                    0 (strong br.)
                    0 (separation)
                    0 (heuristics)
MIP has 10753 rows; 9409 cols; 25537 nonzeros; 1344 integer variables (1344 binary)
Coefficient ranges:
  Matrix  [2e-01, 2e+00]
  Cost    [5e-03, 6e-02]
  Bound   [1e+00, 1e+00]
  RHS     [6e-17, 4e+00]
WARNING: Problem has some excessively small row bounds
Presolving model
8064 rows, 8621 cols, 22060 nonzeros 0s
6161 rows, 6982 cols, 17042 nonzeros 0s
4118 rows, 5111 cols, 11656 nonzeros 0s
3990 rows, 3714 cols, 8214 nonzeros 0s
1941 rows, 2943 cols, 5863 nonzeros 0s
1690 rows, 2417 cols, 4561 nonzeros 0s
1124 rows, 2201 cols, 3912 nonzeros 0s
1031 rows, 2088 cols, 3706 nonzeros 0s
Presolve reductions: rows 1031(-9722); columns 2088(-7321); nonzeros 3706(-21831) 

Solving MIP model with:
   1031 rows
   2088 cols (147 binary, 0 integer, 0 implied int., 1941 continuous, 0 domain fixed)
   3706 nonzeros

Src: B => Branching; C => Central rounding; F => Feasibility pump; H => Heuristic;
     I => Shifting; J => Feasibility jump; L => Sub-MIP; P => Empty MIP; R => Randomized rounding;
     S => Solve LP; T => Evaluate node; U => Unbounded; X => User solution; Y => HiGHS solution;
     Z => ZI Round; l => Trivial lower; p => Trivial point; u => Trivial upper; z => Trivial zero

        Nodes      |    B&B Tree     |            Objective Bounds              |  Dynamic Constraints |       Work      
Src  Proc. InQueue |  Leaves   Expl. | BestBound       BestSol              Gap |   Cuts   InLp Confl. | LpIters     Time

 J       0       0         0   0.00%   -inf            9.761235413        Large        0      0      0         0     0.4s
 T       0       0         0   0.00%   -1.357118228    4.166602467      132.57%        0      0      0       473     0.4s
         1       0         1 100.00%   4.166602467     4.166602467        0.00%        0      0      0       473     0.4s

Solving report
  Status            Optimal
  Primal bound      4.16660246709
  Dual bound        4.16660246709
  Gap               0% (tolerance: 0.5%)
  P-D integral      0.0191946912105
  Solution status   feasible
                    4.16660246709 (objective)
                    0 (bound viol.)
                    0 (int. viol.)
                    0 (row viol.)
  Timing            0.43
  Max sub-MIP depth 0
  Nodes             1
  Repair LPs        0
  LP iterations     473
                    0 (strong br.)
                    0 (separation)
                    0 (heuristics)
MIP has 10753 rows; 9409 cols; 25537 nonzeros; 1344 integer variables (1344 binary)
Coefficient ranges:
  Matrix  [2e-01, 2e+00]
  Cost    [5e-03, 6e-02]
  Bound   [1e+00, 1e+00]
  RHS     [7e-18, 4e+00]
WARNING: Problem has some excessively small row bounds
Presolving model
8064 rows, 8615 cols, 22054 nonzeros 0s
6182 rows, 7004 cols, 17101 nonzeros 0s
4136 rows, 5133 cols, 11712 nonzeros 0s
4010 rows, 3728 cols, 8270 nonzeros 0s
1950 rows, 2942 cols, 5875 nonzeros 0s
1691 rows, 2372 cols, 4449 nonzeros 0s
1050 rows, 2129 cols, 3714 nonzeros 0s
943 rows, 2006 cols, 3484 nonzeros 0s
Presolve reductions: rows 943(-9810); columns 2006(-7403); nonzeros 3484(-22053) 

Solving MIP model with:
   943 rows
   2006 cols (134 binary, 0 integer, 0 implied int., 1872 continuous, 0 domain fixed)
   3484 nonzeros

Src: B => Branching; C => Central rounding; F => Feasibility pump; H => Heuristic;
     I => Shifting; J => Feasibility jump; L => Sub-MIP; P => Empty MIP; R => Randomized rounding;
     S => Solve LP; T => Evaluate node; U => Unbounded; X => User solution; Y => HiGHS solution;
     Z => ZI Round; l => Trivial lower; p => Trivial point; u => Trivial upper; z => Trivial zero

        Nodes      |    B&B Tree     |            Objective Bounds              |  Dynamic Constraints |       Work      
Src  Proc. InQueue |  Leaves   Expl. | BestBound       BestSol              Gap |   Cuts   InLp Confl. | LpIters     Time

 J       0       0         0   0.00%   -inf            10.18369019        Large        0      0      0         0     0.4s
 T       0       0         0   0.00%   -1.228340528    4.497210623      127.31%        0      0      0       438     0.4s
         1       0         1 100.00%   4.497210623     4.497210623        0.00%        0      0      0       438     0.4s

Solving report
  Status            Optimal
  Primal bound      4.49721062254
  Dual bound        4.49721062254
  Gap               0% (tolerance: 0.5%)
  P-D integral      0.0190982462978
  Solution status   feasible
                    4.49721062254 (objective)
                    0 (bound viol.)
                    0 (int. viol.)
                    0 (row viol.)
  Timing            0.41
  Max sub-MIP depth 0
  Nodes             1
  Repair LPs        0
  LP iterations     438
                    0 (strong br.)
                    0 (separation)
                    0 (heuristics)
MIP has 10753 rows; 9409 cols; 25537 nonzeros; 1344 integer variables (1344 binary)
Coefficient ranges:
  Matrix  [2e-01, 2e+00]
  Cost    [5e-03, 6e-02]
  Bound   [1e+00, 1e+00]
  RHS     [7e-18, 4e+00]
WARNING: Problem has some excessively small row bounds
Presolving model
8064 rows, 8635 cols, 22074 nonzeros 0s
6195 rows, 7037 cols, 17145 nonzeros 0s
4170 rows, 5196 cols, 11813 nonzeros 0s
4047 rows, 3819 cols, 8408 nonzeros 0s
1968 rows, 3009 cols, 5956 nonzeros 0s
1715 rows, 2443 cols, 4546 nonzeros 0s
1071 rows, 2176 cols, 3782 nonzeros 0s
963 rows, 1994 cols, 3492 nonzeros 0s
Presolve reductions: rows 963(-9790); columns 1994(-7415); nonzeros 3492(-22045) 

Solving MIP model with:
   963 rows
   1994 cols (134 binary, 0 integer, 0 implied int., 1860 continuous, 0 domain fixed)
   3492 nonzeros

Src: B => Branching; C => Central rounding; F => Feasibility pump; H => Heuristic;
     I => Shifting; J => Feasibility jump; L => Sub-MIP; P => Empty MIP; R => Randomized rounding;
     S => Solve LP; T => Evaluate node; U => Unbounded; X => User solution; Y => HiGHS solution;
     Z => ZI Round; l => Trivial lower; p => Trivial point; u => Trivial upper; z => Trivial zero

        Nodes      |    B&B Tree     |            Objective Bounds              |  Dynamic Constraints |       Work      
Src  Proc. InQueue |  Leaves   Expl. | BestBound       BestSol              Gap |   Cuts   InLp Confl. | LpIters     Time

 J       0       0         0   0.00%   -inf            15.79648321        Large        0      0      0         0     0.4s
 T       0       0         0   0.00%   -0.5587314722   9.539724007      105.86%        0      0      0       466     0.4s
         1       0         1 100.00%   9.539724007     9.539724007        0.00%        0      0      0       466     0.4s

Solving report
  Status            Optimal
  Primal bound      9.53972400673
  Dual bound        9.53972400673
  Gap               0% (tolerance: 0.5%)
  P-D integral      0.0168772593484
  Solution status   feasible
                    9.53972400673 (objective)
                    0 (bound viol.)
                    0 (int. viol.)
                    0 (row viol.)
  Timing            0.41
  Max sub-MIP depth 0
  Nodes             1
  Repair LPs        0
  LP iterations     466
                    0 (strong br.)
                    0 (separation)
                    0 (heuristics)
MIP has 10753 rows; 9409 cols; 25537 nonzeros; 1344 integer variables (1344 binary)
Coefficient ranges:
  Matrix  [2e-01, 2e+00]
  Cost    [5e-03, 6e-02]
  Bound   [1e+00, 1e+00]
  RHS     [3e-03, 4e+00]
Presolving model
8064 rows, 8614 cols, 22053 nonzeros 0s
6198 rows, 7025 cols, 17144 nonzeros 0s
4150 rows, 5161 cols, 11746 nonzeros 0s
4014 rows, 3761 cols, 8269 nonzeros 0s
1999 rows, 3030 cols, 6028 nonzeros 0s
1737 rows, 2463 cols, 4650 nonzeros 0s
1119 rows, 2203 cols, 3891 nonzeros 0s
1018 rows, 2014 cols, 3601 nonzeros 0s
Presolve reductions: rows 1018(-9735); columns 2014(-7395); nonzeros 3601(-21936) 

Solving MIP model with:
   1018 rows
   2014 cols (143 binary, 0 integer, 0 implied int., 1871 continuous, 0 domain fixed)
   3601 nonzeros

Src: B => Branching; C => Central rounding; F => Feasibility pump; H => Heuristic;
     I => Shifting; J => Feasibility jump; L => Sub-MIP; P => Empty MIP; R => Randomized rounding;
     S => Solve LP; T => Evaluate node; U => Unbounded; X => User solution; Y => HiGHS solution;
     Z => ZI Round; l => Trivial lower; p => Trivial point; u => Trivial upper; z => Trivial zero

        Nodes      |    B&B Tree     |            Objective Bounds              |  Dynamic Constraints |       Work      
Src  Proc. InQueue |  Leaves   Expl. | BestBound       BestSol              Gap |   Cuts   InLp Confl. | LpIters     Time

 J       0       0         0   0.00%   -inf            18.9918429         Large        0      0      0         0     0.5s
 T       0       0         0   0.00%   -0.1493906424   12.38291433      101.21%        0      0      0       486     0.5s
         1       0         1 100.00%   12.38291433     12.38291433        0.00%        0      0      0       486     0.5s

Solving report
  Status            Optimal
  Primal bound      12.3829143333
  Dual bound        12.3829143333
  Gap               0% (tolerance: 0.5%)
  P-D integral      0.0167117681836
  Solution status   feasible
                    12.3829143333 (objective)
                    0 (bound viol.)
                    0 (int. viol.)
                    0 (row viol.)
  Timing            0.47
  Max sub-MIP depth 0
  Nodes             1
  Repair LPs        0
  LP iterations     486
                    0 (strong br.)
                    0 (separation)
                    0 (heuristics)
MIP has 10753 rows; 9409 cols; 25537 nonzeros; 1344 integer variables (1344 binary)
Coefficient ranges:
  Matrix  [2e-01, 2e+00]
  Cost    [5e-03, 6e-02]
  Bound   [1e+00, 1e+00]
  RHS     [1e-16, 4e+00]
WARNING: Problem has some excessively small row bounds
Presolving model
8064 rows, 8582 cols, 22021 nonzeros 0s
6186 rows, 6977 cols, 17077 nonzeros 0s
4161 rows, 5145 cols, 11757 nonzeros 0s
4016 rows, 3731 cols, 8258 nonzeros 0s
1990 rows, 2986 cols, 5987 nonzeros 0s
1737 rows, 2419 cols, 4585 nonzeros 0s
1107 rows, 2173 cols, 3849 nonzeros 0s
1001 rows, 1985 cols, 3555 nonzeros 0s
Presolve reductions: rows 1001(-9752); columns 1985(-7424); nonzeros 3555(-21982) 

Solving MIP model with:
   1001 rows
   1985 cols (143 binary, 0 integer, 0 implied int., 1842 continuous, 0 domain fixed)
   3555 nonzeros

Src: B => Branching; C => Central rounding; F => Feasibility pump; H => Heuristic;
     I => Shifting; J => Feasibility jump; L => Sub-MIP; P => Empty MIP; R => Randomized rounding;
     S => Solve LP; T => Evaluate node; U => Unbounded; X => User solution; Y => HiGHS solution;
     Z => ZI Round; l => Trivial lower; p => Trivial point; u => Trivial upper; z => Trivial zero

        Nodes      |    B&B Tree     |            Objective Bounds              |  Dynamic Constraints |       Work      
Src  Proc. InQueue |  Leaves   Expl. | BestBound       BestSol              Gap |   Cuts   InLp Confl. | LpIters     Time

 J       0       0         0   0.00%   -inf            17.03759333        Large        0      0      0         0     0.5s
 T       0       0         0   0.00%   -0.4724035324   10.11007165      104.67%        0      0      0       464     0.5s
         1       0         1 100.00%   10.11007165     10.11007165        0.00%        0      0      0       464     0.5s

Solving report
  Status            Optimal
  Primal bound      10.1100716549
  Dual bound        10.1100716549
  Gap               0% (tolerance: 0.5%)
  P-D integral      0.0173976844824
  Solution status   feasible
                    10.1100716549 (objective)
                    0 (bound viol.)
                    0 (int. viol.)
                    0 (row viol.)
  Timing            0.47
  Max sub-MIP depth 0
  Nodes             1
  Repair LPs        0
  LP iterations     464
                    0 (strong br.)
                    0 (separation)
                    0 (heuristics)
MIP has 10753 rows; 9409 cols; 25537 nonzeros; 1344 integer variables (1344 binary)
Coefficient ranges:
  Matrix  [2e-01, 2e+00]
  Cost    [5e-03, 6e-02]
  Bound   [1e+00, 1e+00]
  RHS     [7e-18, 4e+00]
WARNING: Problem has some excessively small row bounds
Presolving model
8064 rows, 8558 cols, 21997 nonzeros 0s
6180 rows, 6946 cols, 17036 nonzeros 0s
4154 rows, 5115 cols, 11721 nonzeros 0s
4015 rows, 3698 cols, 8225 nonzeros 0s
1991 rows, 2954 cols, 5948 nonzeros 0s
1731 rows, 2305 cols, 4302 nonzeros 0s
938 rows, 1997 cols, 3386 nonzeros 0s
797 rows, 1734 cols, 2982 nonzeros 0s
Presolve reductions: rows 797(-9956); columns 1734(-7675); nonzeros 2982(-22555) 

Solving MIP model with:
   797 rows
   1734 cols (113 binary, 0 integer, 0 implied int., 1621 continuous, 0 domain fixed)
   2982 nonzeros

Src: B => Branching; C => Central rounding; F => Feasibility pump; H => Heuristic;
     I => Shifting; J => Feasibility jump; L => Sub-MIP; P => Empty MIP; R => Randomized rounding;
     S => Solve LP; T => Evaluate node; U => Unbounded; X => User solution; Y => HiGHS solution;
     Z => ZI Round; l => Trivial lower; p => Trivial point; u => Trivial upper; z => Trivial zero

        Nodes      |    B&B Tree     |            Objective Bounds              |  Dynamic Constraints |       Work      
Src  Proc. InQueue |  Leaves   Expl. | BestBound       BestSol              Gap |   Cuts   InLp Confl. | LpIters     Time

 J       0       0         0   0.00%   -inf            21.72613708        Large        0      0      0         0     0.4s
 T       0       0         0   0.00%   0.1874709101    16.08907042       98.83%        0      0      0       330     0.5s
         1       0         1 100.00%   16.08907042     16.08907042        0.00%        0      0      0       330     0.5s

Solving report
  Status            Optimal
  Primal bound      16.0890704232
  Dual bound        16.0890704232
  Gap               0% (tolerance: 0.5%)
  P-D integral      0.0134998250245
  Solution status   feasible
                    16.0890704232 (objective)
                    0 (bound viol.)
                    0 (int. viol.)
                    0 (row viol.)
  Timing            0.46
  Max sub-MIP depth 0
  Nodes             1
  Repair LPs        0
  LP iterations     330
                    0 (strong br.)
                    0 (separation)
                    0 (heuristics)
MIP has 10753 rows; 9409 cols; 25537 nonzeros; 1344 integer variables (1344 binary)
Coefficient ranges:
  Matrix  [2e-01, 2e+00]
  Cost    [5e-03, 6e-02]
  Bound   [1e+00, 1e+00]
  RHS     [7e-18, 4e+00]
WARNING: Problem has some excessively small row bounds
Presolving model
8064 rows, 8545 cols, 21984 nonzeros 0s
6155 rows, 6898 cols, 16948 nonzeros 0s
4133 rows, 5059 cols, 11631 nonzeros 0s
4023 rows, 3678 cols, 8235 nonzeros 0s
1950 rows, 2875 cols, 5800 nonzeros 0s
1714 rows, 2094 cols, 3745 nonzeros 0s
566 rows, 1638 cols, 2383 nonzeros 0s
400 rows, 1434 cols, 2013 nonzeros 0s
369 rows, 1207 cols, 1755 nonzeros 0s
Presolve reductions: rows 369(-10384); columns 1207(-8202); nonzeros 1755(-23782) 

Solving MIP model with:
   369 rows
   1207 cols (45 binary, 0 integer, 0 implied int., 1162 continuous, 0 domain fixed)
   1755 nonzeros

Src: B => Branching; C => Central rounding; F => Feasibility pump; H => Heuristic;
     I => Shifting; J => Feasibility jump; L => Sub-MIP; P => Empty MIP; R => Randomized rounding;
     S => Solve LP; T => Evaluate node; U => Unbounded; X => User solution; Y => HiGHS solution;
     Z => ZI Round; l => Trivial lower; p => Trivial point; u => Trivial upper; z => Trivial zero

        Nodes      |    B&B Tree     |            Objective Bounds              |  Dynamic Constraints |       Work      
Src  Proc. InQueue |  Leaves   Expl. | BestBound       BestSol              Gap |   Cuts   InLp Confl. | LpIters     Time

 J       0       0         0   0.00%   -inf            28.92977971        Large        0      0      0         0     0.4s
 T       0       0         0   0.00%   3.279569744     26.81637151       87.77%        0      0      0       123     0.4s
         1       0         1 100.00%   26.81637151     26.81637151        0.00%        0      0      0       123     0.4s

Solving report
  Status            Optimal
  Primal bound      26.8163715075
  Dual bound        26.8163715075
  Gap               0% (tolerance: 0.5%)
  P-D integral      0.00978168835971
  Solution status   feasible
                    26.8163715075 (objective)
                    0 (bound viol.)
                    0 (int. viol.)
                    0 (row viol.)
  Timing            0.45
  Max sub-MIP depth 0
  Nodes             1
  Repair LPs        0
  LP iterations     123
                    0 (strong br.)
                    0 (separation)
                    0 (heuristics)
MIP has 10753 rows; 9409 cols; 25537 nonzeros; 1344 integer variables (1344 binary)
Coefficient ranges:
  Matrix  [2e-01, 2e+00]
  Cost    [5e-03, 6e-02]
  Bound   [1e+00, 1e+00]
  RHS     [3e-18, 4e+00]
WARNING: Problem has some excessively small row bounds
Presolving model
8064 rows, 8551 cols, 21990 nonzeros 0s
6177 rows, 6935 cols, 17019 nonzeros 0s
4150 rows, 5094 cols, 11691 nonzeros 0s
4035 rows, 3705 cols, 8276 nonzeros 0s
1966 rows, 2910 cols, 5867 nonzeros 0s
1734 rows, 2207 cols, 4035 nonzeros 0s
747 rows, 1818 cols, 2872 nonzeros 0s
588 rows, 1523 cols, 2418 nonzeros 0s
584 rows, 1477 cols, 2368 nonzeros 0s
Presolve reductions: rows 584(-10169); columns 1477(-7932); nonzeros 2368(-23169) 

Solving MIP model with:
   584 rows
   1477 cols (77 binary, 0 integer, 0 implied int., 1400 continuous, 0 domain fixed)
   2368 nonzeros

Src: B => Branching; C => Central rounding; F => Feasibility pump; H => Heuristic;
     I => Shifting; J => Feasibility jump; L => Sub-MIP; P => Empty MIP; R => Randomized rounding;
     S => Solve LP; T => Evaluate node; U => Unbounded; X => User solution; Y => HiGHS solution;
     Z => ZI Round; l => Trivial lower; p => Trivial point; u => Trivial upper; z => Trivial zero

        Nodes      |    B&B Tree     |            Objective Bounds              |  Dynamic Constraints |       Work      
Src  Proc. InQueue |  Leaves   Expl. | BestBound       BestSol              Gap |   Cuts   InLp Confl. | LpIters     Time

 J       0       0         0   0.00%   -inf            29.6488723         Large        0      0      0         0     0.4s
 T       0       0         0   0.00%   3.939860722     26.8694424        85.34%        0      0      0       236     0.5s
         1       0         1 100.00%   26.8694424      26.8694424         0.00%        0      0      0       236     0.5s

Solving report
  Status            Optimal
  Primal bound      26.8694423996
  Dual bound        26.8694423996
  Gap               0% (tolerance: 0.5%)
  P-D integral      0.010751673679
  Solution status   feasible
                    26.8694423996 (objective)
                    0 (bound viol.)
                    0 (int. viol.)
                    0 (row viol.)
  Timing            0.45
  Max sub-MIP depth 0
  Nodes             1
  Repair LPs        0
  LP iterations     236
                    0 (strong br.)
                    0 (separation)
                    0 (heuristics)
MIP has 10753 rows; 9409 cols; 25537 nonzeros; 1344 integer variables (1344 binary)
Coefficient ranges:
  Matrix  [2e-01, 2e+00]
  Cost    [5e-03, 6e-02]
  Bound   [1e+00, 1e+00]
  RHS     [3e-18, 4e+00]
WARNING: Problem has some excessively small row bounds
Presolving model
8064 rows, 8368 cols, 21807 nonzeros 0s
6245 rows, 6854 cols, 17072 nonzeros 0s
4273 rows, 5100 cols, 11917 nonzeros 0s
4150 rows, 3725 cols, 8449 nonzeros 0s
2174 rows, 3049 cols, 6362 nonzeros 0s
1950 rows, 2249 cols, 4198 nonzeros 0s
804 rows, 1844 cols, 2993 nonzeros 0s
612 rows, 1605 cols, 2562 nonzeros 0s
608 rows, 1579 cols, 2532 nonzeros 0s
Presolve reductions: rows 608(-10145); columns 1579(-7830); nonzeros 2532(-23005) 

Solving MIP model with:
   608 rows
   1579 cols (87 binary, 0 integer, 0 implied int., 1492 continuous, 0 domain fixed)
   2532 nonzeros

Src: B => Branching; C => Central rounding; F => Feasibility pump; H => Heuristic;
     I => Shifting; J => Feasibility jump; L => Sub-MIP; P => Empty MIP; R => Randomized rounding;
     S => Solve LP; T => Evaluate node; U => Unbounded; X => User solution; Y => HiGHS solution;
     Z => ZI Round; l => Trivial lower; p => Trivial point; u => Trivial upper; z => Trivial zero

        Nodes      |    B&B Tree     |            Objective Bounds              |  Dynamic Constraints |       Work      
Src  Proc. InQueue |  Leaves   Expl. | BestBound       BestSol              Gap |   Cuts   InLp Confl. | LpIters     Time

 J       0       0         0   0.00%   -inf            30.49859791        Large        0      0      0         0     0.5s
 T       0       0         0   0.00%   4.769082277     27.71163135       82.79%        0      0      0       245     0.5s
         1       0         1 100.00%   27.71163135     27.71163135        0.00%        0      0      0       245     0.5s

Solving report
  Status            Optimal
  Primal bound      27.7116313543
  Dual bound        27.7116313543
  Gap               0% (tolerance: 0.5%)
  P-D integral      0.012482372615
  Solution status   feasible
                    27.7116313543 (objective)
                    0 (bound viol.)
                    0 (int. viol.)
                    0 (row viol.)
  Timing            0.52
  Max sub-MIP depth 0
  Nodes             1
  Repair LPs        0
  LP iterations     245
                    0 (strong br.)
                    0 (separation)
                    0 (heuristics)
MIP has 10753 rows; 9409 cols; 25537 nonzeros; 1344 integer variables (1344 binary)
Coefficient ranges:
  Matrix  [2e-01, 2e+00]
  Cost    [5e-03, 6e-02]
  Bound   [1e+00, 1e+00]
  RHS     [6e-17, 4e+00]
WARNING: Problem has some excessively small row bounds
Presolving model
8064 rows, 8271 cols, 21710 nonzeros 0s
6254 rows, 6766 cols, 17003 nonzeros 0s
4325 rows, 5051 cols, 11971 nonzeros 0s
4230 rows, 3709 cols, 8575 nonzeros 0s
2229 rows, 3014 cols, 6438 nonzeros 0s
2027 rows, 2045 cols, 3755 nonzeros 0s
510 rows, 1470 cols, 2123 nonzeros 0s
325 rows, 1231 cols, 1699 nonzeros 0s
267 rows, 1047 cols, 1457 nonzeros 0s
255 rows, 851 cols, 1249 nonzeros 0s
243 rows, 576 cols, 962 nonzeros 0s
239 rows, 515 cols, 897 nonzeros 0s
Presolve reductions: rows 239(-10514); columns 515(-8894); nonzeros 897(-24640) 

Solving MIP model with:
   239 rows
   515 cols (36 binary, 0 integer, 0 implied int., 479 continuous, 0 domain fixed)
   897 nonzeros

Src: B => Branching; C => Central rounding; F => Feasibility pump; H => Heuristic;
     I => Shifting; J => Feasibility jump; L => Sub-MIP; P => Empty MIP; R => Randomized rounding;
     S => Solve LP; T => Evaluate node; U => Unbounded; X => User solution; Y => HiGHS solution;
     Z => ZI Round; l => Trivial lower; p => Trivial point; u => Trivial upper; z => Trivial zero

        Nodes      |    B&B Tree     |            Objective Bounds              |  Dynamic Constraints |       Work      
Src  Proc. InQueue |  Leaves   Expl. | BestBound       BestSol              Gap |   Cuts   InLp Confl. | LpIters     Time

 J       0       0         0   0.00%   -inf            27.32274426        Large        0      0      0         0     0.3s
 T       0       0         0   0.00%   19.54353948     26.34827717       25.83%        0      0      0        92     0.3s
         1       0         1 100.00%   26.34827717     26.34827717        0.00%        0      0      0        92     0.3s

Solving report
  Status            Optimal
  Primal bound      26.3482771701
  Dual bound        26.3482771701
  Gap               0% (tolerance: 0.5%)
  P-D integral      0.00121339001166
  Solution status   feasible
                    26.3482771701 (objective)
                    0 (bound viol.)
                    0 (int. viol.)
                    0 (row viol.)
  Timing            0.34
  Max sub-MIP depth 0
  Nodes             1
  Repair LPs        0
  LP iterations     92
                    0 (strong br.)
                    0 (separation)
                    0 (heuristics)
MIP has 10753 rows; 9409 cols; 25537 nonzeros; 1344 integer variables (1344 binary)
Coefficient ranges:
  Matrix  [2e-01, 2e+00]
  Cost    [5e-03, 6e-02]
  Bound   [1e+00, 1e+00]
  RHS     [1e-17, 4e+00]
WARNING: Problem has some excessively small row bounds
Presolving model
8064 rows, 8442 cols, 21881 nonzeros 0s
6159 rows, 6810 cols, 16884 nonzeros 0s
4112 rows, 4939 cols, 11499 nonzeros 0s
3976 rows, 3518 cols, 8000 nonzeros 0s
1931 rows, 2752 cols, 5682 nonzeros 0s
1607 rows, 2373 cols, 4923 nonzeros 0s
1487 rows, 1738 cols, 3244 nonzeros 0s
549 rows, 1339 cols, 2117 nonzeros 0s
413 rows, 1163 cols, 1806 nonzeros 0s
391 rows, 985 cols, 1607 nonzeros 0s
Presolve reductions: rows 391(-10362); columns 985(-8424); nonzeros 1607(-23930) 

Solving MIP model with:
   391 rows
   985 cols (58 binary, 0 integer, 0 implied int., 927 continuous, 0 domain fixed)
   1607 nonzeros

Src: B => Branching; C => Central rounding; F => Feasibility pump; H => Heuristic;
     I => Shifting; J => Feasibility jump; L => Sub-MIP; P => Empty MIP; R => Randomized rounding;
     S => Solve LP; T => Evaluate node; U => Unbounded; X => User solution; Y => HiGHS solution;
     Z => ZI Round; l => Trivial lower; p => Trivial point; u => Trivial upper; z => Trivial zero

        Nodes      |    B&B Tree     |            Objective Bounds              |  Dynamic Constraints |       Work      
Src  Proc. InQueue |  Leaves   Expl. | BestBound       BestSol              Gap |   Cuts   InLp Confl. | LpIters     Time

 J       0       0         0   0.00%   -inf            20.9293164         Large        0      0      0         0     0.7s
 T       0       0         0   0.00%   6.979057651     18.55830623       62.39%        0      0      0       155     0.7s
         1       0         1 100.00%   18.55830623     18.55830623        0.00%        0      0      0       155     0.7s

Solving report
  Status            Optimal
  Primal bound      18.5583062283
  Dual bound        18.5583062283
  Gap               0% (tolerance: 0.5%)
  P-D integral      0.00499740251087
  Solution status   feasible
                    18.5583062283 (objective)
                    0 (bound viol.)
                    0 (int. viol.)
                    0 (row viol.)
  Timing            0.72
  Max sub-MIP depth 0
  Nodes             1
  Repair LPs        0
  LP iterations     155
                    0 (strong br.)
                    0 (separation)
                    0 (heuristics)
MIP has 10753 rows; 9409 cols; 25537 nonzeros; 1344 integer variables (1344 binary)
Coefficient ranges:
  Matrix  [2e-01, 2e+00]
  Cost    [5e-03, 6e-02]
  Bound   [1e+00, 1e+00]
  RHS     [7e-18, 4e+00]
WARNING: Problem has some excessively small row bounds
Presolving model
8064 rows, 8493 cols, 21932 nonzeros 0s
6135 rows, 6826 cols, 16856 nonzeros 0s
4093 rows, 4952 cols, 11480 nonzeros 0s
3988 rows, 3571 cols, 8086 nonzeros 0s
1891 rows, 2746 cols, 5608 nonzeros 0s
1653 rows, 1992 cols, 3647 nonzeros 0s
566 rows, 1536 cols, 2325 nonzeros 0s
405 rows, 1313 cols, 1941 nonzeros 0s
380 rows, 1045 cols, 1648 nonzeros 0s
380 rows, 1045 cols, 1648 nonzeros 0s
Presolve reductions: rows 380(-10373); columns 1045(-8364); nonzeros 1648(-23889) 

Solving MIP model with:
   380 rows
   1045 cols (56 binary, 0 integer, 0 implied int., 989 continuous, 0 domain fixed)
   1648 nonzeros

Src: B => Branching; C => Central rounding; F => Feasibility pump; H => Heuristic;
     I => Shifting; J => Feasibility jump; L => Sub-MIP; P => Empty MIP; R => Randomized rounding;
     S => Solve LP; T => Evaluate node; U => Unbounded; X => User solution; Y => HiGHS solution;
     Z => ZI Round; l => Trivial lower; p => Trivial point; u => Trivial upper; z => Trivial zero

        Nodes      |    B&B Tree     |            Objective Bounds              |  Dynamic Constraints |       Work      
Src  Proc. InQueue |  Leaves   Expl. | BestBound       BestSol              Gap |   Cuts   InLp Confl. | LpIters     Time

 J       0       0         0   0.00%   -inf            22.98650337        Large        0      0      0         0     0.4s
 T       0       0         0   0.00%   5.230310141     21.0768123        75.18%        0      0      0       143     0.4s
         1       0         1 100.00%   21.0768123      21.0768123         0.00%        0      0      0       143     0.4s

Solving report
  Status            Optimal
  Primal bound      21.0768122969
  Dual bound        21.0768122969
  Gap               0% (tolerance: 0.5%)
  P-D integral      0.00604036223026
  Solution status   feasible
                    21.0768122969 (objective)
                    0 (bound viol.)
                    0 (int. viol.)
                    0 (row viol.)
  Timing            0.36
  Max sub-MIP depth 0
  Nodes             1
  Repair LPs        0
  LP iterations     143
                    0 (strong br.)
                    0 (separation)
                    0 (heuristics)
MIP has 10753 rows; 9409 cols; 25537 nonzeros; 1344 integer variables (1344 binary)
Coefficient ranges:
  Matrix  [2e-01, 2e+00]
  Cost    [1e-02, 6e-02]
  Bound   [1e+00, 1e+00]
  RHS     [7e-18, 4e+00]
WARNING: Problem has some excessively small row bounds
Presolving model
8064 rows, 8491 cols, 21930 nonzeros 0s
6135 rows, 6825 cols, 16854 nonzeros 0s
4050 rows, 4898 cols, 11344 nonzeros 0s
3906 rows, 3463 cols, 7844 nonzeros 0s
1820 rows, 2640 cols, 5379 nonzeros 0s
1573 rows, 1830 cols, 3282 nonzeros 0s
432 rows, 1355 cols, 1914 nonzeros 0s
291 rows, 1185 cols, 1603 nonzeros 0s
235 rows, 951 cols, 1313 nonzeros 0s
221 rows, 692 cols, 1040 nonzeros 0s
216 rows, 629 cols, 972 nonzeros 0s
Presolve reductions: rows 216(-10537); columns 629(-8780); nonzeros 972(-24565) 

Solving MIP model with:
   216 rows
   629 cols (32 binary, 0 integer, 0 implied int., 597 continuous, 0 domain fixed)
   972 nonzeros

Src: B => Branching; C => Central rounding; F => Feasibility pump; H => Heuristic;
     I => Shifting; J => Feasibility jump; L => Sub-MIP; P => Empty MIP; R => Randomized rounding;
     S => Solve LP; T => Evaluate node; U => Unbounded; X => User solution; Y => HiGHS solution;
     Z => ZI Round; l => Trivial lower; p => Trivial point; u => Trivial upper; z => Trivial zero

        Nodes      |    B&B Tree     |            Objective Bounds              |  Dynamic Constraints |       Work      
Src  Proc. InQueue |  Leaves   Expl. | BestBound       BestSol              Gap |   Cuts   InLp Confl. | LpIters     Time

 J       0       0         0   0.00%   -inf            28.53801069        Large        0      0      0         0     0.5s
 T       0       0         0   0.00%   14.90242918     27.98514527       46.75%        0      0      0        78     0.5s
         1       0         1 100.00%   27.98514527     27.98514527        0.00%        0      0      0        78     0.5s

Solving report
  Status            Optimal
  Primal bound      27.985145268
  Dual bound        27.985145268
  Gap               0% (tolerance: 0.5%)
  P-D integral      0.00262902124695
  Solution status   feasible
                    27.985145268 (objective)
                    0 (bound viol.)
                    0 (int. viol.)
                    0 (row viol.)
  Timing            0.47
  Max sub-MIP depth 0
  Nodes             1
  Repair LPs        0
  LP iterations     78
                    0 (strong br.)
                    0 (separation)
                    0 (heuristics)
MIP has 10753 rows; 9409 cols; 25537 nonzeros; 1344 integer variables (1344 binary)
Coefficient ranges:
  Matrix  [2e-01, 2e+00]
  Cost    [1e-02, 6e-02]
  Bound   [1e+00, 1e+00]
  RHS     [7e-18, 4e+00]
WARNING: Problem has some excessively small row bounds
Presolving model
8064 rows, 8473 cols, 21912 nonzeros 0s
6151 rows, 6827 cols, 16884 nonzeros 0s
4095 rows, 4935 cols, 11457 nonzeros 0s
3984 rows, 3548 cols, 8048 nonzeros 0s
1880 rows, 2718 cols, 5561 nonzeros 0s
1655 rows, 1877 cols, 3346 nonzeros 0s
371 rows, 1285 cols, 1735 nonzeros 0s
213 rows, 1068 cols, 1360 nonzeros 0s
164 rows, 860 cols, 1103 nonzeros 0s
147 rows, 651 cols, 877 nonzeros 0s
132 rows, 454 cols, 665 nonzeros 0s
131 rows, 402 cols, 612 nonzeros 0s
Presolve reductions: rows 131(-10622); columns 402(-9007); nonzeros 612(-24925) 

Solving MIP model with:
   131 rows
   402 cols (20 binary, 0 integer, 0 implied int., 382 continuous, 0 domain fixed)
   612 nonzeros

Src: B => Branching; C => Central rounding; F => Feasibility pump; H => Heuristic;
     I => Shifting; J => Feasibility jump; L => Sub-MIP; P => Empty MIP; R => Randomized rounding;
     S => Solve LP; T => Evaluate node; U => Unbounded; X => User solution; Y => HiGHS solution;
     Z => ZI Round; l => Trivial lower; p => Trivial point; u => Trivial upper; z => Trivial zero

        Nodes      |    B&B Tree     |            Objective Bounds              |  Dynamic Constraints |       Work      
Src  Proc. InQueue |  Leaves   Expl. | BestBound       BestSol              Gap |   Cuts   InLp Confl. | LpIters     Time

 J       0       0         0   0.00%   -inf            28.35166344        Large        0      0      0         0     0.4s
 T       0       0         0   0.00%   20.44545212     28.04513127       27.10%        0      0      0        49     0.4s
         1       0         1 100.00%   28.04513127     28.04513127        0.00%        0      0      0        49     0.4s

Solving report
  Status            Optimal
  Primal bound      28.0451312686
  Dual bound        28.0451312686
  Gap               0% (tolerance: 0.5%)
  P-D integral      0.00118033271195
  Solution status   feasible
                    28.0451312686 (objective)
                    0 (bound viol.)
                    0 (int. viol.)
                    0 (row viol.)
  Timing            0.40
  Max sub-MIP depth 0
  Nodes             1
  Repair LPs        0
  LP iterations     49
                    0 (strong br.)
                    0 (separation)
                    0 (heuristics)
MIP has 10753 rows; 9409 cols; 25537 nonzeros; 1344 integer variables (1344 binary)
Coefficient ranges:
  Matrix  [2e-01, 2e+00]
  Cost    [1e-02, 6e-02]
  Bound   [1e+00, 1e+00]
  RHS     [7e-18, 4e+00]
WARNING: Problem has some excessively small row bounds
Presolving model
8064 rows, 8415 cols, 21854 nonzeros 0s
6179 rows, 6808 cols, 16914 nonzeros 0s
4171 rows, 4985 cols, 11639 nonzeros 0s
4061 rows, 3600 cols, 8230 nonzeros 0s
1982 rows, 2797 cols, 5806 nonzeros 0s
1754 rows, 1928 cols, 3482 nonzeros 0s
401 rows, 1303 cols, 1803 nonzeros 0s
240 rows, 1070 cols, 1409 nonzeros 0s
175 rows, 831 cols, 1105 nonzeros 0s
165 rows, 678 cols, 942 nonzeros 0s
162 rows, 600 cols, 861 nonzeros 0s
Presolve reductions: rows 162(-10591); columns 600(-8809); nonzeros 861(-24676) 

Solving MIP model with:
   162 rows
   600 cols (25 binary, 0 integer, 0 implied int., 575 continuous, 0 domain fixed)
   861 nonzeros

Src: B => Branching; C => Central rounding; F => Feasibility pump; H => Heuristic;
     I => Shifting; J => Feasibility jump; L => Sub-MIP; P => Empty MIP; R => Randomized rounding;
     S => Solve LP; T => Evaluate node; U => Unbounded; X => User solution; Y => HiGHS solution;
     Z => ZI Round; l => Trivial lower; p => Trivial point; u => Trivial upper; z => Trivial zero

        Nodes      |    B&B Tree     |            Objective Bounds              |  Dynamic Constraints |       Work      
Src  Proc. InQueue |  Leaves   Expl. | BestBound       BestSol              Gap |   Cuts   InLp Confl. | LpIters     Time

 J       0       0         0   0.00%   -inf            23.87944925        Large        0      0      0         0     0.4s
 T       0       0         0   0.00%   14.28688891     23.35531354       38.83%        0      0      0        56     0.4s
         1       0         1 100.00%   23.35531354     23.35531354        0.00%        0      0      0        56     0.4s

Solving report
  Status            Optimal
  Primal bound      23.3553135446
  Dual bound        23.3553135446
  Gap               0% (tolerance: 0.5%)
  P-D integral      0.00249942679211
  Solution status   feasible
                    23.3553135446 (objective)
                    0 (bound viol.)
                    0 (int. viol.)
                    0 (row viol.)
  Timing            0.42
  Max sub-MIP depth 0
  Nodes             1
  Repair LPs        0
  LP iterations     56
                    0 (strong br.)
                    0 (separation)
                    0 (heuristics)
MIP has 10753 rows; 9409 cols; 25537 nonzeros; 1344 integer variables (1344 binary)
Coefficient ranges:
  Matrix  [2e-01, 2e+00]
  Cost    [1e-02, 6e-02]
  Bound   [1e+00, 1e+00]
  RHS     [2e-17, 4e+00]
WARNING: Problem has some excessively small row bounds
Presolving model
8064 rows, 8401 cols, 21840 nonzeros 0s
6173 rows, 6787 cols, 16883 nonzeros 0s
4176 rows, 4982 cols, 11653 nonzeros 0s
4078 rows, 3618 cols, 8268 nonzeros 0s
2011 rows, 2833 cols, 5899 nonzeros 0s
1801 rows, 1963 cols, 3553 nonzeros 0s
422 rows, 1428 cols, 1953 nonzeros 0s
259 rows, 1263 cols, 1625 nonzeros 0s
197 rows, 1071 cols, 1371 nonzeros 0s
187 rows, 994 cols, 1284 nonzeros 0s
Presolve reductions: rows 187(-10566); columns 994(-8415); nonzeros 1284(-24253) 

Solving MIP model with:
   187 rows
   994 cols (26 binary, 0 integer, 0 implied int., 968 continuous, 0 domain fixed)
   1284 nonzeros

Src: B => Branching; C => Central rounding; F => Feasibility pump; H => Heuristic;
     I => Shifting; J => Feasibility jump; L => Sub-MIP; P => Empty MIP; R => Randomized rounding;
     S => Solve LP; T => Evaluate node; U => Unbounded; X => User solution; Y => HiGHS solution;
     Z => ZI Round; l => Trivial lower; p => Trivial point; u => Trivial upper; z => Trivial zero

        Nodes      |    B&B Tree     |            Objective Bounds              |  Dynamic Constraints |       Work      
Src  Proc. InQueue |  Leaves   Expl. | BestBound       BestSol              Gap |   Cuts   InLp Confl. | LpIters     Time

 J       0       0         0   0.00%   -inf            25.35445931        Large        0      0      0         0     0.4s
 T       0       0         0   0.00%   5.760668469     24.6062445        76.59%        0      0      0        68     0.4s
         1       0         1 100.00%   24.6062445      24.6062445         0.00%        0      0      0        68     0.4s

Solving report
  Status            Optimal
  Primal bound      24.606244499
  Dual bound        24.606244499
  Gap               0% (tolerance: 0.5%)
  P-D integral      0.00745678571906
  Solution status   feasible
                    24.606244499 (objective)
                    0 (bound viol.)
                    0 (int. viol.)
                    0 (row viol.)
  Timing            0.44
  Max sub-MIP depth 0
  Nodes             1
  Repair LPs        0
  LP iterations     68
                    0 (strong br.)
                    0 (separation)
                    0 (heuristics)
MIP has 10753 rows; 9409 cols; 25537 nonzeros; 1344 integer variables (1344 binary)
Coefficient ranges:
  Matrix  [2e-01, 2e+00]
  Cost    [1e-02, 6e-02]
  Bound   [1e+00, 1e+00]
  RHS     [2e-17, 4e+00]
WARNING: Problem has some excessively small row bounds
Presolving model
8064 rows, 8458 cols, 21897 nonzeros 0s
6156 rows, 6821 cols, 16888 nonzeros 0s
4110 rows, 4945 cols, 11502 nonzeros 0s
4005 rows, 3564 cols, 8111 nonzeros 0s
1912 rows, 2741 cols, 5636 nonzeros 0s
1677 rows, 1911 cols, 3437 nonzeros 0s
422 rows, 1411 cols, 1948 nonzeros 0s
271 rows, 1256 cols, 1642 nonzeros 0s
214 rows, 1060 cols, 1389 nonzeros 0s
206 rows, 970 cols, 1291 nonzeros 0s
Presolve reductions: rows 206(-10547); columns 970(-8439); nonzeros 1291(-24246) 

Solving MIP model with:
   206 rows
   970 cols (29 binary, 0 integer, 0 implied int., 941 continuous, 0 domain fixed)
   1291 nonzeros

Src: B => Branching; C => Central rounding; F => Feasibility pump; H => Heuristic;
     I => Shifting; J => Feasibility jump; L => Sub-MIP; P => Empty MIP; R => Randomized rounding;
     S => Solve LP; T => Evaluate node; U => Unbounded; X => User solution; Y => HiGHS solution;
     Z => ZI Round; l => Trivial lower; p => Trivial point; u => Trivial upper; z => Trivial zero

        Nodes      |    B&B Tree     |            Objective Bounds              |  Dynamic Constraints |       Work      
Src  Proc. InQueue |  Leaves   Expl. | BestBound       BestSol              Gap |   Cuts   InLp Confl. | LpIters     Time

 J       0       0         0   0.00%   -inf            27.56218095        Large        0      0      0         0     0.5s
 T       0       0         0   0.00%   6.194543309     26.98315375       77.04%        0      0      0        76     0.5s
         1       0         1 100.00%   26.98315375     26.98315375        0.00%        0      0      0        76     0.5s

Solving report
  Status            Optimal
  Primal bound      26.9831537473
  Dual bound        26.9831537473
  Gap               0% (tolerance: 0.5%)
  P-D integral      0.00666552777173
  Solution status   feasible
                    26.9831537473 (objective)
                    0 (bound viol.)
                    0 (int. viol.)
                    0 (row viol.)
  Timing            0.52
  Max sub-MIP depth 0
  Nodes             1
  Repair LPs        0
  LP iterations     76
                    0 (strong br.)
                    0 (separation)
                    0 (heuristics)
MIP has 10754 rows; 9409 cols; 25538 nonzeros; 1344 integer variables (1344 binary)
Coefficient ranges:
  Matrix  [2e-01, 2e+00]
  Cost    [1e-02, 6e-02]
  Bound   [1e+00, 1e+00]
  RHS     [2e-17, 4e+00]
WARNING: Problem has some excessively small row bounds
Presolving model
8064 rows, 8458 cols, 21897 nonzeros 0s
6119 rows, 6774 cols, 16780 nonzeros 0s
4063 rows, 4887 cols, 11362 nonzeros 0s
3922 rows, 3464 cols, 7877 nonzeros 0s
1826 rows, 2634 cols, 5399 nonzeros 0s
1571 rows, 1440 cols, 2592 nonzeros 0s
289 rows, 974 cols, 1346 nonzeros 0s
174 rows, 823 cols, 1078 nonzeros 0s
142 rows, 628 cols, 851 nonzeros 0s
131 rows, 480 cols, 692 nonzeros 0s
130 rows, 475 cols, 686 nonzeros 0s
Presolve reductions: rows 130(-10624); columns 475(-8934); nonzeros 686(-24852) 

Solving MIP model with:
   130 rows
   475 cols (21 binary, 0 integer, 0 implied int., 454 continuous, 0 domain fixed)
   686 nonzeros

Src: B => Branching; C => Central rounding; F => Feasibility pump; H => Heuristic;
     I => Shifting; J => Feasibility jump; L => Sub-MIP; P => Empty MIP; R => Randomized rounding;
     S => Solve LP; T => Evaluate node; U => Unbounded; X => User solution; Y => HiGHS solution;
     Z => ZI Round; l => Trivial lower; p => Trivial point; u => Trivial upper; z => Trivial zero

        Nodes      |    B&B Tree     |            Objective Bounds              |  Dynamic Constraints |       Work      
Src  Proc. InQueue |  Leaves   Expl. | BestBound       BestSol              Gap |   Cuts   InLp Confl. | LpIters     Time

         0       0         0   0.00%   17.2213343      inf                  inf        0      0      0         0     0.4s
 T       0       0         0   0.00%   17.2213343      26.66778329       35.42%        0      0      0        48     0.4s
         1       0         1 100.00%   26.66778329     26.66778329        0.00%        0      0      0        48     0.4s

Solving report
  Status            Optimal
  Primal bound      26.6677832893
  Dual bound        26.6677832893
  Gap               0% (tolerance: 0.5%)
  P-D integral      1.57985261383e-05
  Solution status   feasible
                    26.6677832893 (objective)
                    0 (bound viol.)
                    0 (int. viol.)
                    0 (row viol.)
  Timing            0.43
  Max sub-MIP depth 0
  Nodes             1
  Repair LPs        0
  LP iterations     48
                    0 (strong br.)
                    0 (separation)
                    0 (heuristics)
