MIP has 10753 rows; 9409 cols; 25537 nonzeros; 1344 integer variables (1344 binary)
Coefficient ranges:
  Matrix  [2e-01, 2e+00]
  Cost    [1e-02, 6e-02]
  Bound   [1e+00, 1e+00]
  RHS     [7e-18, 4e+00]
WARNING: Problem has some excessively small row bounds
Presolving model
8064 rows, 8492 cols, 21931 nonzeros 0s
6116 rows, 6797 cols, 16792 nonzeros 0s
4062 rows, 4915 cols, 11392 nonzeros 0s
3945 rows, 3507 cols, 7974 nonzeros 0s
1835 rows, 2659 cols, 5429 nonzeros 0s
1606 rows, 1869 cols, 3342 nonzeros 0s
410 rows, 1385 cols, 1910 nonzeros 0s
262 rows, 1237 cols, 1614 nonzeros 0s
207 rows, 1088 cols, 1410 nonzeros 0s
Presolve reductions: rows 207(-10546); columns 1088(-8321); nonzeros 1410(-24127) 

Solving MIP model with:
   207 rows
   1088 cols (29 binary, 0 integer, 0 implied int., 1059 continuous, 0 domain fixed)
   1410 nonzeros

Src: B => Branching; C => Central rounding; F => Feasibility pump; H => Heuristic;
     I => Shifting; J => Feasibility jump; L => Sub-MIP; P => Empty MIP; R => Randomized rounding;
     S => Solve LP; T => Evaluate node; U => Unbounded; X => User solution; Y => HiGHS solution;
     Z => ZI Round; l => Trivial lower; p => Trivial point; u => Trivial upper; z => Trivial zero

        Nodes      |    B&B Tree     |            Objective Bounds              |  Dynamic Constraints |       Work      
Src  Proc. InQueue |  Leaves   Expl. | BestBound       BestSol              Gap |   Cuts   InLp Confl. | LpIters     Time

 J       0       0         0   0.00%   -inf            5.116524004        Large        0      0      0         0     0.4s
 T       0       0         0   0.00%   -0.3080364396   4.140473137      107.44%        0      0      0       102     0.4s
         1       0         1 100.00%   4.140473137     4.140473137        0.00%        0      0      0       102     0.4s

Solving report
  Status            Optimal
  Primal bound      4.14047313722
  Dual bound        4.14047313722
  Gap               0% (tolerance: 0.5%)
  P-D integral      0.00849225693984
  Solution status   feasible
                    4.14047313722 (objective)
                    0 (bound viol.)
                    0 (int. viol.)
                    0 (row viol.)
  Timing            0.44
  Max sub-MIP depth 0
  Nodes             1
  Repair LPs        0
  LP iterations     102
                    0 (strong br.)
                    0 (separation)
                    0 (heuristics)
MIP has 10753 rows; 9409 cols; 25537 nonzeros; 1344 integer variables (1344 binary)
Coefficient ranges:
  Matrix  [2e-01, 2e+00]
  Cost    [1e-02, 6e-02]
  Bound   [1e+00, 1e+00]
  RHS     [7e-18, 4e+00]
WARNING: Problem has some excessively small row bounds
Presolving model
8064 rows, 8450 cols, 21889 nonzeros 0s
6138 rows, 6787 cols, 16820 nonzeros 0s
4120 rows, 4952 cols, 11519 nonzeros 0s
4014 rows, 3577 cols, 8127 nonzeros 0s
1917 rows, 2754 cols, 5654 nonzeros 0s
1688 rows, 1907 cols, 3414 nonzeros 0s
385 rows, 1365 cols, 1841 nonzeros 0s
228 rows, 1198 cols, 1517 nonzeros 0s
165 rows, 974 cols, 1230 nonzeros 0s
165 rows, 953 cols, 1209 nonzeros 0s
Presolve reductions: rows 165(-10588); columns 953(-8456); nonzeros 1209(-24328) 

Solving MIP model with:
   165 rows
   953 cols (23 binary, 0 integer, 0 implied int., 930 continuous, 0 domain fixed)
   1209 nonzeros

Src: B => Branching; C => Central rounding; F => Feasibility pump; H => Heuristic;
     I => Shifting; J => Feasibility jump; L => Sub-MIP; P => Empty MIP; R => Randomized rounding;
     S => Solve LP; T => Evaluate node; U => Unbounded; X => User solution; Y => HiGHS solution;
     Z => ZI Round; l => Trivial lower; p => Trivial point; u => Trivial upper; z => Trivial zero

        Nodes      |    B&B Tree     |            Objective Bounds              |  Dynamic Constraints |       Work      
Src  Proc. InQueue |  Leaves   Expl. | BestBound       BestSol              Gap |   Cuts   InLp Confl. | LpIters     Time

 J       0       0         0   0.00%   -inf            8.29692913         Large        0      0      0         0     0.5s
 T       0       0         0   0.00%   -0.1667395704   7.502103         102.22%        0      0      0        61     0.5s
         1       0         1 100.00%   7.502103        7.502103           0.00%        0      0      0        61     0.5s

Solving report
  Status            Optimal
  Primal bound      7.50210299969
  Dual bound        7.50210299969
  Gap               0% (tolerance: 0.5%)
  P-D integral      0.00800837392036
  Solution status   feasible
                    7.50210299969 (objective)
                    0 (bound viol.)
                    0 (int. viol.)
                    0 (row viol.)
  Timing            0.48
  Max sub-MIP depth 0
  Nodes             1
  Repair LPs        0
  LP iterations     61
                    0 (strong br.)
                    0 (separation)
                    0 (heuristics)
MIP has 10753 rows; 9409 cols; 25537 nonzeros; 1344 integer variables (1344 binary)
Coefficient ranges:
  Matrix  [2e-01, 2e+00]
  Cost    [1e-02, 6e-02]
  Bound   [1e+00, 1e+00]
  RHS     [1e-16, 4e+00]
WARNING: Problem has some excessively small row bounds
Presolving model
8064 rows, 8434 cols, 21873 nonzeros 0s
6168 rows, 6811 cols, 16898 nonzeros 0s
4157 rows, 4980 cols, 11608 nonzeros 0s
4058 rows, 3625 cols, 8234 nonzeros 0s
1982 rows, 2828 cols, 5829 nonzeros 0s
1758 rows, 1938 cols, 3437 nonzeros 0s
329 rows, 1133 cols, 1521 nonzeros 0s
183 rows, 966 cols, 1208 nonzeros 0s
124 rows, 766 cols, 949 nonzeros 0s
118 rows, 645 cols, 822 nonzeros 0s
Presolve reductions: rows 118(-10635); columns 645(-8764); nonzeros 822(-24715) 

Solving MIP model with:
   118 rows
   645 cols (15 binary, 0 integer, 0 implied int., 630 continuous, 0 domain fixed)
   822 nonzeros

Src: B => Branching; C => Central rounding; F => Feasibility pump; H => Heuristic;
     I => Shifting; J => Feasibility jump; L => Sub-MIP; P => Empty MIP; R => Randomized rounding;
     S => Solve LP; T => Evaluate node; U => Unbounded; X => User solution; Y => HiGHS solution;
     Z => ZI Round; l => Trivial lower; p => Trivial point; u => Trivial upper; z => Trivial zero

        Nodes      |    B&B Tree     |            Objective Bounds              |  Dynamic Constraints |       Work      
Src  Proc. InQueue |  Leaves   Expl. | BestBound       BestSol              Gap |   Cuts   InLp Confl. | LpIters     Time

 J       0       0         0   0.00%   -inf            9.632157224        Large        0      0      0         0     0.5s
 T       0       0         0   0.00%   5.173483856     9.257863183       44.12%        0      0      0        49     0.5s
         1       0         1 100.00%   9.257863183     9.257863183        0.00%        0      0      0        49     0.5s

Solving report
  Status            Optimal
  Primal bound      9.25786318331
  Dual bound        9.25786318331
  Gap               0% (tolerance: 0.5%)
  P-D integral      0.00254321006688
  Solution status   feasible
                    9.25786318331 (objective)
                    0 (bound viol.)
                    0 (int. viol.)
                    0 (row viol.)
  Timing            0.51
  Max sub-MIP depth 0
  Nodes             1
  Repair LPs        0
  LP iterations     49
                    0 (strong br.)
                    0 (separation)
                    0 (heuristics)
MIP has 10753 rows; 9409 cols; 25537 nonzeros; 1344 integer variables (1344 binary)
Coefficient ranges:
  Matrix  [2e-01, 2e+00]
  Cost    [1e-02, 6e-02]
  Bound   [1e+00, 1e+00]
  RHS     [3e-18, 4e+00]
WARNING: Problem has some excessively small row bounds
Presolving model
8064 rows, 8468 cols, 21907 nonzeros 0s
6141 rows, 6808 cols, 16848 nonzeros 0s
4119 rows, 4964 cols, 11526 nonzeros 0s
4016 rows, 3597 cols, 8145 nonzeros 0s
1930 rows, 2785 cols, 5698 nonzeros 0s
1698 rows, 1938 cols, 3452 nonzeros 0s
387 rows, 1405 cols, 1871 nonzeros 0s
222 rows, 1240 cols, 1541 nonzeros 0s
158 rows, 1026 cols, 1263 nonzeros 0s
158 rows, 1001 cols, 1238 nonzeros 0s
Presolve reductions: rows 158(-10595); columns 1001(-8408); nonzeros 1238(-24299) 

Solving MIP model with:
   158 rows
   1001 cols (20 binary, 0 integer, 0 implied int., 981 continuous, 0 domain fixed)
   1238 nonzeros

Src: B => Branching; C => Central rounding; F => Feasibility pump; H => Heuristic;
     I => Shifting; J => Feasibility jump; L => Sub-MIP; P => Empty MIP; R => Randomized rounding;
     S => Solve LP; T => Evaluate node; U => Unbounded; X => User solution; Y => HiGHS solution;
     Z => ZI Round; l => Trivial lower; p => Trivial point; u => Trivial upper; z => Trivial zero

        Nodes      |    B&B Tree     |            Objective Bounds              |  Dynamic Constraints |       Work      
Src  Proc. InQueue |  Leaves   Expl. | BestBound       BestSol              Gap |   Cuts   InLp Confl. | LpIters     Time

 J       0       0         0   0.00%   -inf            6.84060128         Large        0      0      0         0     0.4s
 T       0       0         0   0.00%   -0.2438660379   6.083327686      104.01%        0      0      0        60     0.4s
         1       0         1 100.00%   6.083327686     6.083327686        0.00%        0      0      0        60     0.4s

Solving report
  Status            Optimal
  Primal bound      6.08332768626
  Dual bound        6.08332768626
  Gap               0% (tolerance: 0.5%)
  P-D integral      0.00888768506122
  Solution status   feasible
                    6.08332768626 (objective)
                    0 (bound viol.)
                    0 (int. viol.)
                    0 (row viol.)
  Timing            0.44
  Max sub-MIP depth 0
  Nodes             1
  Repair LPs        0
  LP iterations     60
                    0 (strong br.)
                    0 (separation)
                    0 (heuristics)
MIP has 10753 rows; 9409 cols; 25537 nonzeros; 1344 integer variables (1344 binary)
Coefficient ranges:
  Matrix  [2e-01, 2e+00]
  Cost    [1e-02, 6e-02]
  Bound   [1e+00, 1e+00]
  RHS     [3e-18, 4e+00]
WARNING: Problem has some excessively small row bounds
Presolving model
8064 rows, 8487 cols, 21926 nonzeros 0s
6126 rows, 6808 cols, 16821 nonzeros 0s
4067 rows, 4916 cols, 11402 nonzeros 0s
3955 rows, 3513 cols, 7994 nonzeros 0s
1824 rows, 2643 cols, 5398 nonzeros 0s
1585 rows, 1833 cols, 3278 nonzeros 0s
353 rows, 1250 cols, 1694 nonzeros 0s
209 rows, 1075 cols, 1375 nonzeros 0s
156 rows, 928 cols, 1175 nonzeros 0s
152 rows, 837 cols, 1080 nonzeros 0s
Presolve reductions: rows 152(-10601); columns 837(-8572); nonzeros 1080(-24457) 

Solving MIP model with:
   152 rows
   837 cols (23 binary, 0 integer, 0 implied int., 814 continuous, 0 domain fixed)
   1080 nonzeros

Src: B => Branching; C => Central rounding; F => Feasibility pump; H => Heuristic;
     I => Shifting; J => Feasibility jump; L => Sub-MIP; P => Empty MIP; R => Randomized rounding;
     S => Solve LP; T => Evaluate node; U => Unbounded; X => User solution; Y => HiGHS solution;
     Z => ZI Round; l => Trivial lower; p => Trivial point; u => Trivial upper; z => Trivial zero

        Nodes      |    B&B Tree     |            Objective Bounds              |  Dynamic Constraints |       Work      
Src  Proc. InQueue |  Leaves   Expl. | BestBound       BestSol              Gap |   Cuts   InLp Confl. | LpIters     Time

 J       0       0         0   0.00%   -inf            3.842127873        Large        0      0      0         0     0.4s
 T       0       0         0   0.00%   1.919235536     3.029071763       36.64%        0      0      0        65     0.4s
         1       0         1 100.00%   3.029071763     3.029071763        0.00%        0      0      0        65     0.4s

Solving report
  Status            Optimal
  Primal bound      3.0290717635
  Dual bound        3.0290717635
  Gap               0% (tolerance: 0.5%)
  P-D integral      0.00305669821045
  Solution status   feasible
                    3.0290717635 (objective)
                    0 (bound viol.)
                    0 (int. viol.)
                    0 (row viol.)
  Timing            0.44
  Max sub-MIP depth 0
  Nodes             1
  Repair LPs        0
  LP iterations     65
                    0 (strong br.)
                    0 (separation)
                    0 (heuristics)
MIP has 10753 rows; 9409 cols; 25537 nonzeros; 1344 integer variables (1344 binary)
Coefficient ranges:
  Matrix  [2e-01, 2e+00]
  Cost    [1e-02, 6e-02]
  Bound   [1e+00, 1e+00]
  RHS     [7e-18, 4e+00]
WARNING: Problem has some excessively small row bounds
Presolving model
8064 rows, 8507 cols, 21946 nonzeros 0s
6106 rows, 6802 cols, 16783 nonzeros 0s
4027 rows, 4881 cols, 11299 nonzeros 0s
3911 rows, 3469 cols, 7872 nonzeros 0s
1792 rows, 2616 cols, 5323 nonzeros 0s
1553 rows, 1863 cols, 3362 nonzeros 0s
441 rows, 1397 cols, 1989 nonzeros 0s
304 rows, 1254 cols, 1709 nonzeros 0s
251 rows, 1131 cols, 1533 nonzeros 0s
Presolve reductions: rows 251(-10502); columns 1131(-8278); nonzeros 1533(-24004) 

Solving MIP model with:
   251 rows
   1131 cols (38 binary, 0 integer, 0 implied int., 1093 continuous, 0 domain fixed)
   1533 nonzeros

Src: B => Branching; C => Central rounding; F => Feasibility pump; H => Heuristic;
     I => Shifting; J => Feasibility jump; L => Sub-MIP; P => Empty MIP; R => Randomized rounding;
     S => Solve LP; T => Evaluate node; U => Unbounded; X => User solution; Y => HiGHS solution;
     Z => ZI Round; l => Trivial lower; p => Trivial point; u => Trivial upper; z => Trivial zero

        Nodes      |    B&B Tree     |            Objective Bounds              |  Dynamic Constraints |       Work      
Src  Proc. InQueue |  Leaves   Expl. | BestBound       BestSol              Gap |   Cuts   InLp Confl. | LpIters     Time

 J       0       0         0   0.00%   -inf            3.194482858        Large        0      0      0         0     0.5s
 T       0       0         0   0.00%   -0.6066068755   1.149430903      152.77%        0      0      0       111     0.5s
         1       0         1 100.00%   1.149430903     1.149430903        0.00%        0      0      0       111     0.5s

Solving report
  Status            Optimal
  Primal bound      1.14943090278
  Dual bound        1.14943090278
  Gap               0% (tolerance: 0.5%)
  P-D integral      0.0115311414657
  Solution status   feasible
                    1.14943090278 (objective)
                    0 (bound viol.)
                    0 (int. viol.)
                    0 (row viol.)
  Timing            0.48
  Max sub-MIP depth 0
  Nodes             1
  Repair LPs        0
  LP iterations     111
                    0 (strong br.)
                    0 (separation)
                    0 (heuristics)
MIP has 10753 rows; 9409 cols; 25537 nonzeros; 1344 integer variables (1344 binary)
Coefficient ranges:
  Matrix  [2e-01, 2e+00]
  Cost    [1e-02, 6e-02]
  Bound   [1e+00, 1e+00]
  RHS     [1e-17, 4e+00]
WARNING: Problem has some excessively small row bounds
Presolving model
8064 rows, 8518 cols, 21957 nonzeros 0s
6133 rows, 6846 cols, 16870 nonzeros 0s
4066 rows, 4941 cols, 11418 nonzeros 0s
3957 rows, 3557 cols, 8020 nonzeros 0s
1854 rows, 2724 cols, 5525 nonzeros 0s
1613 rows, 2023 cols, 3722 nonzeros 0s
599 rows, 1578 cols, 2432 nonzeros 0s
436 rows, 1400 cols, 2091 nonzeros 0s
429 rows, 1303 cols, 1987 nonzeros 0s
Presolve reductions: rows 429(-10324); columns 1303(-8106); nonzeros 1987(-23550) 

Solving MIP model with:
   429 rows
   1303 cols (64 binary, 0 integer, 0 implied int., 1239 continuous, 0 domain fixed)
   1987 nonzeros

Src: B => Branching; C => Central rounding; F => Feasibility pump; H => Heuristic;
     I => Shifting; J => Feasibility jump; L => Sub-MIP; P => Empty MIP; R => Randomized rounding;
     S => Solve LP; T => Evaluate node; U => Unbounded; X => User solution; Y => HiGHS solution;
     Z => ZI Round; l => Trivial lower; p => Trivial point; u => Trivial upper; z => Trivial zero

        Nodes      |    B&B Tree     |            Objective Bounds              |  Dynamic Constraints |       Work      
Src  Proc. InQueue |  Leaves   Expl. | BestBound       BestSol              Gap |   Cuts   InLp Confl. | LpIters     Time

 J       0       0         0   0.00%   -inf            4.796846519        Large        0      0      0         0     0.4s
 T       0       0         0   0.00%   -1.251378817    1.244054134      200.59%        0      0      0       179     0.4s
         1       0         1 100.00%   1.244054134     1.244054134        0.00%        0      0      0       179     0.4s

Solving report
  Status            Optimal
  Primal bound      1.24405413446
  Dual bound        1.24405413446
  Gap               0% (tolerance: 0.5%)
  P-D integral      0.0127015163197
  Solution status   feasible
                    1.24405413446 (objective)
                    0 (bound viol.)
                    0 (int. viol.)
                    0 (row viol.)
  Timing            0.44
  Max sub-MIP depth 0
  Nodes             1
  Repair LPs        0
  LP iterations     179
                    0 (strong br.)
                    0 (separation)
                    0 (heuristics)
MIP has 10753 rows; 9409 cols; 25537 nonzeros; 1344 integer variables (1344 binary)
Coefficient ranges:
  Matrix  [2e-01, 2e+00]
  Cost    [1e-02, 6e-02]
  Bound   [1e+00, 1e+00]
  RHS     [1e-17, 4e+00]
WARNING: Problem has some excessively small row bounds
Presolving model
8064 rows, 8549 cols, 21988 nonzeros 0s
6116 rows, 6858 cols, 16857 nonzeros 0s
4035 rows, 4936 cols, 11374 nonzeros 0s
3916 rows, 3512 cols, 7944 nonzeros 0s
1777 rows, 2631 cols, 5315 nonzeros 0s
1526 rows, 1998 cols, 3714 nonzeros 0s
686 rows, 1633 cols, 2654 nonzeros 0s
552 rows, 1450 cols, 2337 nonzeros 0s
Presolve reductions: rows 552(-10201); columns 1450(-7959); nonzeros 2337(-23200) 

Solving MIP model with:
   552 rows
   1450 cols (84 binary, 0 integer, 0 implied int., 1366 continuous, 0 domain fixed)
   2337 nonzeros

Src: B => Branching; C => Central rounding; F => Feasibility pump; H => Heuristic;
     I => Shifting; J => Feasibility jump; L => Sub-MIP; P => Empty MIP; R => Randomized rounding;
     S => Solve LP; T => Evaluate node; U => Unbounded; X => User solution; Y => HiGHS solution;
     Z => ZI Round; l => Trivial lower; p => Trivial point; u => Trivial upper; z => Trivial zero

        Nodes      |    B&B Tree     |            Objective Bounds              |  Dynamic Constraints |       Work      
Src  Proc. InQueue |  Leaves   Expl. | BestBound       BestSol              Gap |   Cuts   InLp Confl. | LpIters     Time

 J       0       0         0   0.00%   -inf            4.498991585        Large        0      0      0         0     0.4s
 T       0       0         0   0.00%   -1.748808402    0.2490590892     802.17%        0      0      0       230     0.4s
         1       0         1 100.00%   0.2490590892    0.2490590892       0.00%        0      0      0       230     0.4s

Solving report
  Status            Optimal
  Primal bound      0.24905908918
  Dual bound        0.24905908918
  Gap               0% (tolerance: 0.5%)
  P-D integral      0.0162718978713
  Solution status   feasible
                    0.24905908918 (objective)
                    0 (bound viol.)
                    0 (int. viol.)
                    0 (row viol.)
  Timing            0.41
  Max sub-MIP depth 0
  Nodes             1
  Repair LPs        0
  LP iterations     230
                    0 (strong br.)
                    0 (separation)
                    0 (heuristics)
MIP has 10753 rows; 9409 cols; 25537 nonzeros; 1344 integer variables (1344 binary)
Coefficient ranges:
  Matrix  [2e-01, 2e+00]
  Cost    [1e-02, 6e-02]
  Bound   [1e+00, 1e+00]
  RHS     [1e-17, 4e+00]
WARNING: Problem has some excessively small row bounds
Presolving model
8064 rows, 8509 cols, 21948 nonzeros 0s
6139 rows, 6849 cols, 16886 nonzeros 0s
4075 rows, 4951 cols, 11452 nonzeros 0s
3965 rows, 3557 cols, 8043 nonzeros 0s
1859 rows, 2721 cols, 5536 nonzeros 0s
1615 rows, 2058 cols, 3837 nonzeros 0s
704 rows, 1675 cols, 2715 nonzeros 0s
553 rows, 1465 cols, 2354 nonzeros 0s
Presolve reductions: rows 553(-10200); columns 1465(-7944); nonzeros 2354(-23183) 

Solving MIP model with:
   553 rows
   1465 cols (85 binary, 0 integer, 0 implied int., 1380 continuous, 0 domain fixed)
   2354 nonzeros

Src: B => Branching; C => Central rounding; F => Feasibility pump; H => Heuristic;
     I => Shifting; J => Feasibility jump; L => Sub-MIP; P => Empty MIP; R => Randomized rounding;
     S => Solve LP; T => Evaluate node; U => Unbounded; X => User solution; Y => HiGHS solution;
     Z => ZI Round; l => Trivial lower; p => Trivial point; u => Trivial upper; z => Trivial zero

        Nodes      |    B&B Tree     |            Objective Bounds              |  Dynamic Constraints |       Work      
Src  Proc. InQueue |  Leaves   Expl. | BestBound       BestSol              Gap |   Cuts   InLp Confl. | LpIters     Time

 J       0       0         0   0.00%   -inf            4.318081377        Large        0      0      0         0     0.4s
 T       0       0         0   0.00%   -1.773307006    0.1369127827    1395.21%        0      0      0       230     0.4s
         1       0         1 100.00%   0.1369127827    0.1369127827       0.00%        0      0      0       230     0.4s

Solving report
  Status            Optimal
  Primal bound      0.136912782728
  Dual bound        0.136912782728
  Gap               0% (tolerance: 0.5%)
  P-D integral      0.0180415889176
  Solution status   feasible
                    0.136912782728 (objective)
                    0 (bound viol.)
                    0 (int. viol.)
                    0 (row viol.)
  Timing            0.44
  Max sub-MIP depth 0
  Nodes             1
  Repair LPs        0
  LP iterations     230
                    0 (strong br.)
                    0 (separation)
                    0 (heuristics)
MIP has 10753 rows; 9409 cols; 25537 nonzeros; 1344 integer variables (1344 binary)
Coefficient ranges:
  Matrix  [2e-01, 2e+00]
  Cost    [1e-02, 6e-02]
  Bound   [1e+00, 1e+00]
  RHS     [1e-17, 4e+00]
WARNING: Problem has some excessively small row bounds
Presolving model
8064 rows, 8487 cols, 21926 nonzeros 0s
6157 rows, 6852 cols, 16920 nonzeros 0s
4097 rows, 4961 cols, 11501 nonzeros 0s
3987 rows, 3563 cols, 8079 nonzeros 0s
1898 rows, 2750 cols, 5635 nonzeros 0s
1656 rows, 2085 cols, 3927 nonzeros 0s
750 rows, 1713 cols, 2824 nonzeros 0s
602 rows, 1519 cols, 2482 nonzeros 0s
Presolve reductions: rows 602(-10151); columns 1519(-7890); nonzeros 2482(-23055) 

Solving MIP model with:
   602 rows
   1519 cols (92 binary, 0 integer, 0 implied int., 1427 continuous, 0 domain fixed)
   2482 nonzeros

Src: B => Branching; C => Central rounding; F => Feasibility pump; H => Heuristic;
     I => Shifting; J => Feasibility jump; L => Sub-MIP; P => Empty MIP; R => Randomized rounding;
     S => Solve LP; T => Evaluate node; U => Unbounded; X => User solution; Y => HiGHS solution;
     Z => ZI Round; l => Trivial lower; p => Trivial point; u => Trivial upper; z => Trivial zero

        Nodes      |    B&B Tree     |            Objective Bounds              |  Dynamic Constraints |       Work      
Src  Proc. InQueue |  Leaves   Expl. | BestBound       BestSol              Gap |   Cuts   InLp Confl. | LpIters     Time

 J       0       0         0   0.00%   -inf            3.458229261        Large        0      0      0         0     0.4s
 T       0       0         0   0.00%   -2.028603676    -0.4074528832    397.87%        0      0      0       252     0.4s
         1       0         1 100.00%   -0.4074528832   -0.4074528832      0.00%        0      0      0       252     0.4s

Solving report
  Status            Optimal
  Primal bound      -0.407452883184
  Dual bound        -0.407452883184
  Gap               0% (tolerance: 0.5%)
  P-D integral      0.018857997769
  Solution status   feasible
                    -0.407452883184 (objective)
                    0 (bound viol.)
                    0 (int. viol.)
                    0 (row viol.)
  Timing            0.44
  Max sub-MIP depth 0
  Nodes             1
  Repair LPs        0
  LP iterations     252
                    0 (strong br.)
                    0 (separation)
                    0 (heuristics)
MIP has 10753 rows; 9409 cols; 25537 nonzeros; 1344 integer variables (1344 binary)
Coefficient ranges:
  Matrix  [2e-01, 2e+00]
  Cost    [1e-02, 6e-02]
  Bound   [1e+00, 1e+00]
  RHS     [3e-17, 4e+00]
WARNING: Problem has some excessively small row bounds
Presolving model
8064 rows, 8502 cols, 21941 nonzeros 0s
6141 rows, 6847 cols, 16889 nonzeros 0s
4097 rows, 4973 cols, 11511 nonzeros 0s
3986 rows, 3580 cols, 8093 nonzeros 0s
1887 rows, 2757 cols, 5625 nonzeros 0s
1639 rows, 2138 cols, 4056 nonzeros 0s
842 rows, 1809 cols, 3084 nonzeros 0s
714 rows, 1675 cols, 2822 nonzeros 0s
Presolve reductions: rows 714(-10039); columns 1675(-7734); nonzeros 2822(-22715) 

Solving MIP model with:
   714 rows
   1675 cols (110 binary, 0 integer, 0 implied int., 1565 continuous, 0 domain fixed)
   2822 nonzeros

Src: B => Branching; C => Central rounding; F => Feasibility pump; H => Heuristic;
     I => Shifting; J => Feasibility jump; L => Sub-MIP; P => Empty MIP; R => Randomized rounding;
     S => Solve LP; T => Evaluate node; U => Unbounded; X => User solution; Y => HiGHS solution;
     Z => ZI Round; l => Trivial lower; p => Trivial point; u => Trivial upper; z => Trivial zero

        Nodes      |    B&B Tree     |            Objective Bounds              |  Dynamic Constraints |       Work      
Src  Proc. InQueue |  Leaves   Expl. | BestBound       BestSol              Gap |   Cuts   InLp Confl. | LpIters     Time

 J       0       0         0   0.00%   -inf            2.643234739        Large        0      0      0         0     0.4s
 T       0       0         0   0.00%   -2.737529489    -1.424593643      92.16%        0      0      0       300     0.5s
         1       0         1 100.00%   -1.424593643    -1.424593643       0.00%        0      0      0       300     0.5s

Solving report
  Status            Optimal
  Primal bound      -1.42459364305
  Dual bound        -1.42459364305
  Gap               0% (tolerance: 0.5%)
  P-D integral      0.0284860003761
  Solution status   feasible
                    -1.42459364305 (objective)
                    0 (bound viol.)
                    0 (int. viol.)
                    0 (row viol.)
  Timing            0.45
  Max sub-MIP depth 0
  Nodes             1
  Repair LPs        0
  LP iterations     300
                    0 (strong br.)
                    0 (separation)
                    0 (heuristics)
MIP has 10753 rows; 9409 cols; 25537 nonzeros; 1344 integer variables (1344 binary)
Coefficient ranges:
  Matrix  [2e-01, 2e+00]
  Cost    [1e-02, 6e-02]
  Bound   [1e+00, 1e+00]
  RHS     [3e-17, 4e+00]
WARNING: Problem has some excessively small row bounds
Presolving model
8064 rows, 8516 cols, 21955 nonzeros 0s
6137 rows, 6853 cols, 16886 nonzeros 0s
4080 rows, 4966 cols, 11474 nonzeros 0s
3970 rows, 3560 cols, 8062 nonzeros 0s
1837 rows, 2691 cols, 5476 nonzeros 0s
1596 rows, 2059 cols, 3859 nonzeros 0s
756 rows, 1712 cols, 2844 nonzeros 0s
621 rows, 1572 cols, 2569 nonzeros 0s
Presolve reductions: rows 621(-10132); columns 1572(-7837); nonzeros 2569(-22968) 

Solving MIP model with:
   621 rows
   1572 cols (95 binary, 0 integer, 0 implied int., 1477 continuous, 0 domain fixed)
   2569 nonzeros

Src: B => Branching; C => Central rounding; F => Feasibility pump; H => Heuristic;
     I => Shifting; J => Feasibility jump; L => Sub-MIP; P => Empty MIP; R => Randomized rounding;
     S => Solve LP; T => Evaluate node; U => Unbounded; X => User solution; Y => HiGHS solution;
     Z => ZI Round; l => Trivial lower; p => Trivial point; u => Trivial upper; z => Trivial zero

        Nodes      |    B&B Tree     |            Objective Bounds              |  Dynamic Constraints |       Work      
Src  Proc. InQueue |  Leaves   Expl. | BestBound       BestSol              Gap |   Cuts   InLp Confl. | LpIters     Time

         0       0         0   0.00%   -2.557785054    inf                  inf        0      0      0         0     0.4s
 T       0       0         0   0.00%   -2.557785054    -1.135358036     125.28%        0      0      0       267     0.5s
         1       0         1 100.00%   -1.135358036    -1.135358036       0.00%        0      0      0       267     0.5s

Solving report
  Status            Optimal
  Primal bound      -1.13535803621
  Dual bound        -1.13535803621
  Gap               0% (tolerance: 0.5%)
  P-D integral      7.84280583164e-05
  Solution status   feasible
                    -1.13535803621 (objective)
                    0 (bound viol.)
                    0 (int. viol.)
                    0 (row viol.)
  Timing            0.45
  Max sub-MIP depth 0
  Nodes             1
  Repair LPs        0
  LP iterations     267
                    0 (strong br.)
                    0 (separation)
                    0 (heuristics)
MIP has 10753 rows; 9409 cols; 25537 nonzeros; 1344 integer variables (1344 binary)
Coefficient ranges:
  Matrix  [2e-01, 2e+00]
  Cost    [1e-02, 6e-02]
  Bound   [1e+00, 1e+00]
  RHS     [1e-17, 4e+00]
WARNING: Problem has some excessively small row bounds
Presolving model
8064 rows, 8545 cols, 21984 nonzeros 0s
6120 rows, 6856 cols, 16859 nonzeros 0s
4035 rows, 4929 cols, 11363 nonzeros 0s
3921 rows, 3521 cols, 7942 nonzeros 0s
1802 rows, 2668 cols, 5393 nonzeros 0s
1554 rows, 2019 cols, 3758 nonzeros 0s
679 rows, 1633 cols, 2635 nonzeros 0s
536 rows, 1490 cols, 2349 nonzeros 0s
Presolve reductions: rows 536(-10217); columns 1490(-7919); nonzeros 2349(-23188) 

Solving MIP model with:
   536 rows
   1490 cols (81 binary, 0 integer, 0 implied int., 1409 continuous, 0 domain fixed)
   2349 nonzeros

Src: B => Branching; C => Central rounding; F => Feasibility pump; H => Heuristic;
     I => Shifting; J => Feasibility jump; L => Sub-MIP; P => Empty MIP; R => Randomized rounding;
     S => Solve LP; T => Evaluate node; U => Unbounded; X => User solution; Y => HiGHS solution;
     Z => ZI Round; l => Trivial lower; p => Trivial point; u => Trivial upper; z => Trivial zero

        Nodes      |    B&B Tree     |            Objective Bounds              |  Dynamic Constraints |       Work      
Src  Proc. InQueue |  Leaves   Expl. | BestBound       BestSol              Gap |   Cuts   InLp Confl. | LpIters     Time

         0       0         0   0.00%   -2.070773798    inf                  inf        0      0      0         0     0.4s
 T       0       0         0   0.00%   -2.070773798    -0.6516679681    217.77%        0      0      0       228     0.5s
         1       0         1 100.00%   -0.6516679681   -0.6516679681      0.00%        0      0      0       228     0.5s

Solving report
  Status            Optimal
  Primal bound      -0.651667968063
  Dual bound        -0.651667968063
  Gap               0% (tolerance: 0.5%)
  P-D integral      0.000161799514223
  Solution status   feasible
                    -0.651667968063 (objective)
                    0 (bound viol.)
                    0 (int. viol.)
                    0 (row viol.)
  Timing            0.45
  Max sub-MIP depth 0
  Nodes             1
  Repair LPs        0
  LP iterations     228
                    0 (strong br.)
                    0 (separation)
                    0 (heuristics)
MIP has 10753 rows; 9409 cols; 25537 nonzeros; 1344 integer variables (1344 binary)
Coefficient ranges:
  Matrix  [2e-01, 2e+00]
  Cost    [1e-02, 6e-02]
  Bound   [1e+00, 1e+00]
  RHS     [1e-17, 4e+00]
WARNING: Problem has some excessively small row bounds
Presolving model
8064 rows, 8624 cols, 22063 nonzeros 0s
6039 rows, 6828 cols, 16694 nonzeros 0s
3905 rows, 4830 cols, 11050 nonzeros 0s
3779 rows, 3381 cols, 7609 nonzeros 0s
1598 rows, 2444 cols, 4837 nonzeros 0s
1332 rows, 1892 cols, 3476 nonzeros 0s
710 rows, 1629 cols, 2714 nonzeros 0s
615 rows, 1520 cols, 2510 nonzeros 0s
Presolve reductions: rows 615(-10138); columns 1520(-7889); nonzeros 2510(-23027) 

Solving MIP model with:
   615 rows
   1520 cols (94 binary, 0 integer, 0 implied int., 1426 continuous, 0 domain fixed)
   2510 nonzeros

Src: B => Branching; C => Central rounding; F => Feasibility pump; H => Heuristic;
     I => Shifting; J => Feasibility jump; L => Sub-MIP; P => Empty MIP; R => Randomized rounding;
     S => Solve LP; T => Evaluate node; U => Unbounded; X => User solution; Y => HiGHS solution;
     Z => ZI Round; l => Trivial lower; p => Trivial point; u => Trivial upper; z => Trivial zero

        Nodes      |    B&B Tree     |            Objective Bounds              |  Dynamic Constraints |       Work      
Src  Proc. InQueue |  Leaves   Expl. | BestBound       BestSol              Gap |   Cuts   InLp Confl. | LpIters     Time

 J       0       0         0   0.00%   -inf            2.92018029         Large        0      0      0         0     0.4s
 T       0       0         0   0.00%   -1.93392701     -0.6592004881    193.37%        0      0      0       260     0.4s
         1       0         1 100.00%   -0.6592004881   -0.6592004881      0.00%        0      0      0       260     0.4s

Solving report
  Status            Optimal
  Primal bound      -0.659200488051
  Dual bound        -0.659200488051
  Gap               0% (tolerance: 0.5%)
  P-D integral      0.0204323817201
  Solution status   feasible
                    -0.659200488051 (objective)
                    0 (bound viol.)
                    0 (int. viol.)
                    0 (row viol.)
  Timing            0.43
  Max sub-MIP depth 0
  Nodes             1
  Repair LPs        0
  LP iterations     260
                    0 (strong br.)
                    0 (separation)
                    0 (heuristics)
MIP has 10753 rows; 9409 cols; 25537 nonzeros; 1344 integer variables (1344 binary)
Coefficient ranges:
  Matrix  [2e-01, 2e+00]
  Cost    [1e-02, 6e-02]
  Bound   [1e+00, 1e+00]
  RHS     [7e-18, 5e+00]
WARNING: Problem has some excessively small row bounds
Presolving model
8064 rows, 8662 cols, 22101 nonzeros 0s
6058 rows, 6890 cols, 16786 nonzeros 0s
3877 rows, 4827 cols, 10994 nonzeros 0s
3738 rows, 3356 cols, 7521 nonzeros 0s
1558 rows, 2418 cols, 4744 nonzeros 0s
1284 rows, 1910 cols, 3533 nonzeros 0s
750 rows, 1662 cols, 2816 nonzeros 0s
666 rows, 1549 cols, 2619 nonzeros 0s
Presolve reductions: rows 666(-10087); columns 1549(-7860); nonzeros 2619(-22918) 

Solving MIP model with:
   666 rows
   1549 cols (102 binary, 0 integer, 0 implied int., 1447 continuous, 0 domain fixed)
   2619 nonzeros

Src: B => Branching; C => Central rounding; F => Feasibility pump; H => Heuristic;
     I => Shifting; J => Feasibility jump; L => Sub-MIP; P => Empty MIP; R => Randomized rounding;
     S => Solve LP; T => Evaluate node; U => Unbounded; X => User solution; Y => HiGHS solution;
     Z => ZI Round; l => Trivial lower; p => Trivial point; u => Trivial upper; z => Trivial zero

        Nodes      |    B&B Tree     |            Objective Bounds              |  Dynamic Constraints |       Work      
Src  Proc. InQueue |  Leaves   Expl. | BestBound       BestSol              Gap |   Cuts   InLp Confl. | LpIters     Time

         0       0         0   0.00%   -2.245497518    inf                  inf        0      0      0         0     0.4s
 T       0       0         0   0.00%   -2.245497518    -1.107902596     102.68%        0      0      0       282     0.4s
         1       0         1 100.00%   -1.107902596    -1.107902596       0.00%        0      0      0       282     0.4s

Solving report
  Status            Optimal
  Primal bound      -1.10790259607
  Dual bound        -1.10790259607
  Gap               0% (tolerance: 0.5%)
  P-D integral      6.52018341318e-05
  Solution status   feasible
                    -1.10790259607 (objective)
                    0 (bound viol.)
                    0 (int. viol.)
                    0 (row viol.)
  Timing            0.43
  Max sub-MIP depth 0
  Nodes             1
  Repair LPs        0
  LP iterations     282
                    0 (strong br.)
                    0 (separation)
                    0 (heuristics)
MIP has 10753 rows; 9409 cols; 25537 nonzeros; 1344 integer variables (1344 binary)
Coefficient ranges:
  Matrix  [2e-01, 2e+00]
  Cost    [1e-02, 6e-02]
  Bound   [1e+00, 1e+00]
  RHS     [7e-18, 5e+00]
WARNING: Problem has some excessively small row bounds
Presolving model
8064 rows, 8687 cols, 22126 nonzeros 0s
6043 rows, 6897 cols, 16770 nonzeros 0s
3854 rows, 4817 cols, 10939 nonzeros 0s
3719 rows, 3357 cols, 7493 nonzeros 0s
1515 rows, 2387 cols, 4634 nonzeros 0s
1238 rows, 1904 cols, 3499 nonzeros 0s
794 rows, 1704 cols, 2930 nonzeros 0s
722 rows, 1624 cols, 2778 nonzeros 0s
Presolve reductions: rows 722(-10031); columns 1624(-7785); nonzeros 2778(-22759) 

Solving MIP model with:
   722 rows
   1624 cols (109 binary, 0 integer, 0 implied int., 1515 continuous, 0 domain fixed)
   2778 nonzeros

Src: B => Branching; C => Central rounding; F => Feasibility pump; H => Heuristic;
     I => Shifting; J => Feasibility jump; L => Sub-MIP; P => Empty MIP; R => Randomized rounding;
     S => Solve LP; T => Evaluate node; U => Unbounded; X => User solution; Y => HiGHS solution;
     Z => ZI Round; l => Trivial lower; p => Trivial point; u => Trivial upper; z => Trivial zero

        Nodes      |    B&B Tree     |            Objective Bounds              |  Dynamic Constraints |       Work      
Src  Proc. InQueue |  Leaves   Expl. | BestBound       BestSol              Gap |   Cuts   InLp Confl. | LpIters     Time

         0       0         0   0.00%   -2.656735072    inf                  inf        0      0      0         0     0.5s
 T       0       0         0   0.00%   -2.656735072    -1.580139495      68.13%        0      0      0       312     0.5s
         1       0         1 100.00%   -1.580139495    -1.580139495       0.00%        0      0      0       312     0.5s

Solving report
  Status            Optimal
  Primal bound      -1.58013949493
  Dual bound        -1.58013949493
  Gap               0% (tolerance: 0.5%)
  P-D integral      3.9380844791e-05
  Solution status   feasible
                    -1.58013949493 (objective)
                    0 (bound viol.)
                    0 (int. viol.)
                    0 (row viol.)
  Timing            0.49
  Max sub-MIP depth 0
  Nodes             1
  Repair LPs        0
  LP iterations     312
                    0 (strong br.)
                    0 (separation)
                    0 (heuristics)
MIP has 10753 rows; 9409 cols; 25537 nonzeros; 1344 integer variables (1344 binary)
Coefficient ranges:
  Matrix  [2e-01, 2e+00]
  Cost    [1e-02, 6e-02]
  Bound   [1e+00, 1e+00]
  RHS     [7e-18, 5e+00]
WARNING: Problem has some excessively small row bounds
Presolving model
8064 rows, 8726 cols, 22165 nonzeros 0s
6047 rows, 6937 cols, 16810 nonzeros 0s
3847 rows, 4852 cols, 10969 nonzeros 0s
3712 rows, 3380 cols, 7520 nonzeros 0s
1488 rows, 2384 cols, 4588 nonzeros 0s
1197 rows, 2093 cols, 4006 nonzeros 0s
978 rows, 1886 cols, 3456 nonzeros 0s
Presolve reductions: rows 978(-9775); columns 1886(-7523); nonzeros 3456(-22081) 

Solving MIP model with:
   978 rows
   1886 cols (149 binary, 0 integer, 0 implied int., 1737 continuous, 0 domain fixed)
   3456 nonzeros

Src: B => Branching; C => Central rounding; F => Feasibility pump; H => Heuristic;
     I => Shifting; J => Feasibility jump; L => Sub-MIP; P => Empty MIP; R => Randomized rounding;
     S => Solve LP; T => Evaluate node; U => Unbounded; X => User solution; Y => HiGHS solution;
     Z => ZI Round; l => Trivial lower; p => Trivial point; u => Trivial upper; z => Trivial zero

        Nodes      |    B&B Tree     |            Objective Bounds              |  Dynamic Constraints |       Work      
Src  Proc. InQueue |  Leaves   Expl. | BestBound       BestSol              Gap |   Cuts   InLp Confl. | LpIters     Time

 J       0       0         0   0.00%   -inf            1.027780612        Large        0      0      0         0     0.5s
 T       0       0         0   0.00%   -3.720522912    -2.747082455      35.44%        0      0      0       414     0.5s
         1       0         1 100.00%   -2.747082455    -2.747082455       0.00%        0      0      0       414     0.5s

Solving report
  Status            Optimal
  Primal bound      -2.74708245517
  Dual bound        -2.74708245517
  Gap               0% (tolerance: 0.5%)
  P-D integral      0.0796709756574
  Solution status   feasible
                    -2.74708245517 (objective)
                    0 (bound viol.)
                    0 (int. viol.)
                    0 (row viol.)
  Timing            0.49
  Max sub-MIP depth 0
  Nodes             1
  Repair LPs        0
  LP iterations     414
                    0 (strong br.)
                    0 (separation)
                    0 (heuristics)
MIP has 10753 rows; 9409 cols; 25537 nonzeros; 1344 integer variables (1344 binary)
Coefficient ranges:
  Matrix  [2e-01, 2e+00]
  Cost    [1e-02, 6e-02]
  Bound   [1e+00, 1e+00]
  RHS     [7e-18, 5e+00]
WARNING: Problem has some excessively small row bounds
Presolving model
8064 rows, 8702 cols, 22141 nonzeros 0s
6054 rows, 6923 cols, 16807 nonzeros 0s
3860 rows, 4848 cols, 10978 nonzeros 0s
3719 rows, 3367 cols, 7496 nonzeros 0s
1525 rows, 2413 cols, 4678 nonzeros 0s
1232 rows, 2112 cols, 4084 nonzeros 0s
951 rows, 1857 cols, 3356 nonzeros 0s
907 rows, 1810 cols, 3265 nonzeros 0s
Presolve reductions: rows 907(-9846); columns 1810(-7599); nonzeros 3265(-22272) 

Solving MIP model with:
   907 rows
   1810 cols (138 binary, 0 integer, 0 implied int., 1672 continuous, 0 domain fixed)
   3265 nonzeros

Src: B => Branching; C => Central rounding; F => Feasibility pump; H => Heuristic;
     I => Shifting; J => Feasibility jump; L => Sub-MIP; P => Empty MIP; R => Randomized rounding;
     S => Solve LP; T => Evaluate node; U => Unbounded; X => User solution; Y => HiGHS solution;
     Z => ZI Round; l => Trivial lower; p => Trivial point; u => Trivial upper; z => Trivial zero

        Nodes      |    B&B Tree     |            Objective Bounds              |  Dynamic Constraints |       Work      
Src  Proc. InQueue |  Leaves   Expl. | BestBound       BestSol              Gap |   Cuts   InLp Confl. | LpIters     Time

         0       0         0   0.00%   -3.34608134     inf                  inf        0      0      0         0     0.5s
 T       0       0         0   0.00%   -3.34608134     -2.299075524      45.54%        0      0      0       374     0.5s
         1       0         1 100.00%   -2.299075524    -2.299075524       0.00%        0      0      0       374     0.5s

Solving report
  Status            Optimal
  Primal bound      -2.29907552363
  Dual bound        -2.29907552363
  Gap               0% (tolerance: 0.5%)
  P-D integral      2.66410710266e-05
  Solution status   feasible
                    -2.29907552363 (objective)
                    0 (bound viol.)
                    0 (int. viol.)
                    0 (row viol.)
  Timing            0.47
  Max sub-MIP depth 0
  Nodes             1
  Repair LPs        0
  LP iterations     374
                    0 (strong br.)
                    0 (separation)
                    0 (heuristics)
MIP has 10753 rows; 9409 cols; 25537 nonzeros; 1344 integer variables (1344 binary)
Coefficient ranges:
  Matrix  [2e-01, 2e+00]
  Cost    [1e-02, 6e-02]
  Bound   [1e+00, 1e+00]
  RHS     [3e-17, 4e+00]
WARNING: Problem has some excessively small row bounds
Presolving model
8064 rows, 8728 cols, 22167 nonzeros 0s
6033 rows, 6920 cols, 16772 nonzeros 0s
3878 rows, 4891 cols, 11052 nonzeros 0s
3738 rows, 3417 cols, 7602 nonzeros 0s
1497 rows, 2400 cols, 4620 nonzeros 0s
1204 rows, 2102 cols, 4029 nonzeros 0s
1009 rows, 1923 cols, 3547 nonzeros 0s
Presolve reductions: rows 1009(-9744); columns 1923(-7486); nonzeros 3547(-21990) 

Solving MIP model with:
   1009 rows
   1923 cols (154 binary, 0 integer, 0 implied int., 1769 continuous, 0 domain fixed)
   3547 nonzeros

Src: B => Branching; C => Central rounding; F => Feasibility pump; H => Heuristic;
     I => Shifting; J => Feasibility jump; L => Sub-MIP; P => Empty MIP; R => Randomized rounding;
     S => Solve LP; T => Evaluate node; U => Unbounded; X => User solution; Y => HiGHS solution;
     Z => ZI Round; l => Trivial lower; p => Trivial point; u => Trivial upper; z => Trivial zero

        Nodes      |    B&B Tree     |            Objective Bounds              |  Dynamic Constraints |       Work      
Src  Proc. InQueue |  Leaves   Expl. | BestBound       BestSol              Gap |   Cuts   InLp Confl. | LpIters     Time

 J       0       0         0   0.00%   -inf            0.4033768931       Large        0      0      0         0     0.5s
 T       0       0         0   0.00%   -3.368914687    -2.50809146       34.32%        0      0      0       411     0.5s
         1       0         1 100.00%   -2.50809146     -2.50809146        0.00%        0      0      0       411     0.5s

Solving report
  Status            Optimal
  Primal bound      -2.50809145981
  Dual bound        -2.50809145981
  Gap               0% (tolerance: 0.5%)
  P-D integral      0.155561510302
  Solution status   feasible
                    -2.50809145981 (objective)
                    0 (bound viol.)
                    0 (int. viol.)
                    0 (row viol.)
  Timing            0.48
  Max sub-MIP depth 0
  Nodes             1
  Repair LPs        0
  LP iterations     411
                    0 (strong br.)
                    0 (separation)
                    0 (heuristics)
MIP has 10753 rows; 9409 cols; 25537 nonzeros; 1344 integer variables (1344 binary)
Coefficient ranges:
  Matrix  [2e-01, 2e+00]
  Cost    [1e-02, 6e-02]
  Bound   [1e+00, 1e+00]
  RHS     [6e-17, 4e+00]
WARNING: Problem has some excessively small row bounds
Presolving model
8064 rows, 8763 cols, 22202 nonzeros 0s
6014 rows, 6930 cols, 16751 nonzeros 0s
3800 rows, 4820 cols, 10863 nonzeros 0s
3648 rows, 3326 cols, 7423 nonzeros 0s
1434 rows, 2308 cols, 4445 nonzeros 0s
1153 rows, 2026 cols, 3882 nonzeros 0s
1133 rows, 1995 cols, 3831 nonzeros 0s
Presolve reductions: rows 1133(-9620); columns 1995(-7414); nonzeros 3831(-21706) 

Solving MIP model with:
   1133 rows
   1995 cols (176 binary, 0 integer, 0 implied int., 1819 continuous, 0 domain fixed)
   3831 nonzeros

Src: B => Branching; C => Central rounding; F => Feasibility pump; H => Heuristic;
     I => Shifting; J => Feasibility jump; L => Sub-MIP; P => Empty MIP; R => Randomized rounding;
     S => Solve LP; T => Evaluate node; U => Unbounded; X => User solution; Y => HiGHS solution;
     Z => ZI Round; l => Trivial lower; p => Trivial point; u => Trivial upper; z => Trivial zero

        Nodes      |    B&B Tree     |            Objective Bounds              |  Dynamic Constraints |       Work      
Src  Proc. InQueue |  Leaves   Expl. | BestBound       BestSol              Gap |   Cuts   InLp Confl. | LpIters     Time

         0       0         0   0.00%   -4.185822434    inf                  inf        0      0      0         0     0.4s
 T       0       0         0   0.00%   -4.185822434    -3.250659162      28.77%        0      0      0       461     0.5s
         1       0         1 100.00%   -3.250659162    -3.250659162       0.00%        0      0      0       461     0.5s

Solving report
  Status            Optimal
  Primal bound      -3.250659162
  Dual bound        -3.250659162
  Gap               0% (tolerance: 0.5%)
  P-D integral      1.79514924643e-05
  Solution status   feasible
                    -3.250659162 (objective)
                    0 (bound viol.)
                    0 (int. viol.)
                    0 (row viol.)
  Timing            0.47
  Max sub-MIP depth 0
  Nodes             1
  Repair LPs        0
  LP iterations     461
                    0 (strong br.)
                    0 (separation)
                    0 (heuristics)
MIP has 10753 rows; 9409 cols; 25537 nonzeros; 1344 integer variables (1344 binary)
Coefficient ranges:
  Matrix  [2e-01, 2e+00]
  Cost    [1e-02, 6e-02]
  Bound   [1e+00, 1e+00]
  RHS     [3e-16, 4e+00]
WARNING: Problem has some excessively small row bounds
Presolving model
8064 rows, 8774 cols, 22213 nonzeros 0s
5990 rows, 6909 cols, 16690 nonzeros 0s
3740 rows, 4742 cols, 10677 nonzeros 0s
3593 rows, 3247 cols, 7211 nonzeros 0s
1330 rows, 2200 cols, 4149 nonzeros 0s
1053 rows, 1921 cols, 3593 nonzeros 0s
920 rows, 1774 cols, 3257 nonzeros 0s
Presolve reductions: rows 920(-9833); columns 1774(-7635); nonzeros 3257(-22280) 

Solving MIP model with:
   920 rows
   1774 cols (141 binary, 0 integer, 0 implied int., 1633 continuous, 0 domain fixed)
   3257 nonzeros

Src: B => Branching; C => Central rounding; F => Feasibility pump; H => Heuristic;
     I => Shifting; J => Feasibility jump; L => Sub-MIP; P => Empty MIP; R => Randomized rounding;
     S => Solve LP; T => Evaluate node; U => Unbounded; X => User solution; Y => HiGHS solution;
     Z => ZI Round; l => Trivial lower; p => Trivial point; u => Trivial upper; z => Trivial zero

        Nodes      |    B&B Tree     |            Objective Bounds              |  Dynamic Constraints |       Work      
Src  Proc. InQueue |  Leaves   Expl. | BestBound       BestSol              Gap |   Cuts   InLp Confl. | LpIters     Time

         0       0         0   0.00%   -3.458943028    inf                  inf        0      0      0         0     0.5s
 T       0       0         0   0.00%   -3.458943028    -2.456473643      40.81%        0      0      0       386     0.5s
         1       0         1 100.00%   -2.456473643    -2.456473643       0.00%        0      0      0       386     0.5s

Solving report
  Status            Optimal
  Primal bound      -2.45647364331
  Dual bound        -2.45647364331
  Gap               0% (tolerance: 0.5%)
  P-D integral      2.5097712704e-05
  Solution status   feasible
                    -2.45647364331 (objective)
                    0 (bound viol.)
                    0 (int. viol.)
                    0 (row viol.)
  Timing            0.47
  Max sub-MIP depth 0
  Nodes             1
  Repair LPs        0
  LP iterations     386
                    0 (strong br.)
                    0 (separation)
                    0 (heuristics)
MIP has 10753 rows; 9409 cols; 25537 nonzeros; 1344 integer variables (1344 binary)
Coefficient ranges:
  Matrix  [2e-01, 2e+00]
  Cost    [1e-02, 6e-02]
  Bound   [1e+00, 1e+00]
  RHS     [3e-16, 4e+00]
WARNING: Problem has some excessively small row bounds
Presolving model
8064 rows, 8794 cols, 22233 nonzeros 0s
5976 rows, 6908 cols, 16659 nonzeros 0s
3716 rows, 4737 cols, 10624 nonzeros 0s
3566 rows, 3227 cols, 7152 nonzeros 0s
1272 rows, 2141 cols, 3992 nonzeros 0s
1000 rows, 1869 cols, 3448 nonzeros 0s
803 rows, 1678 cols, 2964 nonzeros 0s
Presolve reductions: rows 803(-9950); columns 1678(-7731); nonzeros 2964(-22573) 

Solving MIP model with:
   803 rows
   1678 cols (121 binary, 0 integer, 0 implied int., 1557 continuous, 0 domain fixed)
   2964 nonzeros

Src: B => Branching; C => Central rounding; F => Feasibility pump; H => Heuristic;
     I => Shifting; J => Feasibility jump; L => Sub-MIP; P => Empty MIP; R => Randomized rounding;
     S => Solve LP; T => Evaluate node; U => Unbounded; X => User solution; Y => HiGHS solution;
     Z => ZI Round; l => Trivial lower; p => Trivial point; u => Trivial upper; z => Trivial zero

        Nodes      |    B&B Tree     |            Objective Bounds              |  Dynamic Constraints |       Work      
Src  Proc. InQueue |  Leaves   Expl. | BestBound       BestSol              Gap |   Cuts   InLp Confl. | LpIters     Time

         0       0         0   0.00%   -2.9078277      inf                  inf        0      0      0         0     0.4s
 T       0       0         0   0.00%   -2.9078277      -1.916521376      51.72%        0      0      0       348     0.4s
         1       0         1 100.00%   -1.916521376    -1.916521376       0.00%        0      0      0       348     0.4s

Solving report
  Status            Optimal
  Primal bound      -1.91652137631
  Dual bound        -1.91652137631
  Gap               0% (tolerance: 0.5%)
  P-D integral      7.22070469462e-05
  Solution status   feasible
                    -1.91652137631 (objective)
                    0 (bound viol.)
                    0 (int. viol.)
                    0 (row viol.)
  Timing            0.43
  Max sub-MIP depth 0
  Nodes             1
  Repair LPs        0
  LP iterations     348
                    0 (strong br.)
                    0 (separation)
                    0 (heuristics)
MIP has 10753 rows; 9409 cols; 25537 nonzeros; 1344 integer variables (1344 binary)
Coefficient ranges:
  Matrix  [2e-01, 2e+00]
  Cost    [1e-02, 6e-02]
  Bound   [1e+00, 1e+00]
  RHS     [3e-16, 4e+00]
WARNING: Problem has some excessively small row bounds
Presolving model
8064 rows, 8818 cols, 22257 nonzeros 0s
5966 rows, 6920 cols, 16657 nonzeros 0s
3694 rows, 4722 cols, 10579 nonzeros 0s
3546 rows, 3219 cols, 7125 nonzeros 0s
1246 rows, 2121 cols, 3926 nonzeros 0s
976 rows, 1850 cols, 3385 nonzeros 0s
842 rows, 1697 cols, 3042 nonzeros 0s
Presolve reductions: rows 842(-9911); columns 1697(-7712); nonzeros 3042(-22495) 

Solving MIP model with:
   842 rows
   1697 cols (126 binary, 0 integer, 0 implied int., 1571 continuous, 0 domain fixed)
   3042 nonzeros

Src: B => Branching; C => Central rounding; F => Feasibility pump; H => Heuristic;
     I => Shifting; J => Feasibility jump; L => Sub-MIP; P => Empty MIP; R => Randomized rounding;
     S => Solve LP; T => Evaluate node; U => Unbounded; X => User solution; Y => HiGHS solution;
     Z => ZI Round; l => Trivial lower; p => Trivial point; u => Trivial upper; z => Trivial zero

        Nodes      |    B&B Tree     |            Objective Bounds              |  Dynamic Constraints |       Work      
Src  Proc. InQueue |  Leaves   Expl. | BestBound       BestSol              Gap |   Cuts   InLp Confl. | LpIters     Time

         0       0         0   0.00%   -2.911012842    inf                  inf        0      0      0         0     0.4s
 T       0       0         0   0.00%   -2.911012842    -1.884370447      54.48%        0      0      0       369     0.4s
         1       0         1 100.00%   -1.884370447    -1.884370447       0.00%        0      0      0       369     0.4s

Solving report
  Status            Optimal
  Primal bound      -1.8843704471
  Dual bound        -1.8843704471
  Gap               0% (tolerance: 0.5%)
  P-D integral      3.4378131702e-05
  Solution status   feasible
                    -1.8843704471 (objective)
                    0 (bound viol.)
                    0 (int. viol.)
                    0 (row viol.)
  Timing            0.44
  Max sub-MIP depth 0
  Nodes             1
  Repair LPs        0
  LP iterations     369
                    0 (strong br.)
                    0 (separation)
                    0 (heuristics)
MIP has 10753 rows; 9409 cols; 25537 nonzeros; 1344 integer variables (1344 binary)
Coefficient ranges:
  Matrix  [2e-01, 2e+00]
  Cost    [1e-02, 6e-02]
  Bound   [1e+00, 1e+00]
  RHS     [1e-17, 4e+00]
WARNING: Problem has some excessively small row bounds
Presolving model
8064 rows, 8813 cols, 22252 nonzeros 0s
5984 rows, 6938 cols, 16701 nonzeros 0s
3702 rows, 4728 cols, 10589 nonzeros 0s
3561 rows, 3247 cols, 7164 nonzeros 0s
1257 rows, 2145 cols, 3961 nonzeros 0s
977 rows, 1865 cols, 3401 nonzeros 0s
779 rows, 1670 cols, 2908 nonzeros 0s
Presolve reductions: rows 779(-9974); columns 1670(-7739); nonzeros 2908(-22629) 

Solving MIP model with:
   779 rows
   1670 cols (115 binary, 0 integer, 0 implied int., 1555 continuous, 0 domain fixed)
   2908 nonzeros

Src: B => Branching; C => Central rounding; F => Feasibility pump; H => Heuristic;
     I => Shifting; J => Feasibility jump; L => Sub-MIP; P => Empty MIP; R => Randomized rounding;
     S => Solve LP; T => Evaluate node; U => Unbounded; X => User solution; Y => HiGHS solution;
     Z => ZI Round; l => Trivial lower; p => Trivial point; u => Trivial upper; z => Trivial zero

        Nodes      |    B&B Tree     |            Objective Bounds              |  Dynamic Constraints |       Work      
Src  Proc. InQueue |  Leaves   Expl. | BestBound       BestSol              Gap |   Cuts   InLp Confl. | LpIters     Time

 J       0       0         0   0.00%   -inf            1.769920057        Large        0      0      0         0     0.4s
 T       0       0         0   0.00%   -2.553373653    -1.544499556      65.32%        0      0      0       344     0.4s
         1       0         1 100.00%   -1.544499556    -1.544499556       0.00%        0      0      0       344     0.4s

Solving report
  Status            Optimal
  Primal bound      -1.54449955554
  Dual bound        -1.54449955554
  Gap               0% (tolerance: 0.5%)
  P-D integral      0.0323467522928
  Solution status   feasible
                    -1.54449955554 (objective)
                    0 (bound viol.)
                    0 (int. viol.)
                    0 (row viol.)
  Timing            0.44
  Max sub-MIP depth 0
  Nodes             1
  Repair LPs        0
  LP iterations     344
                    0 (strong br.)
                    0 (separation)
                    0 (heuristics)
MIP has 10753 rows; 9409 cols; 25537 nonzeros; 1344 integer variables (1344 binary)
Coefficient ranges:
  Matrix  [2e-01, 2e+00]
  Cost    [1e-02, 6e-02]
  Bound   [1e+00, 1e+00]
  RHS     [1e-17, 4e+00]
WARNING: Problem has some excessively small row bounds
Presolving model
8064 rows, 8931 cols, 22370 nonzeros 0s
5867 rows, 6894 cols, 16456 nonzeros 0s
3498 rows, 4559 cols, 10076 nonzeros 0s
3324 rows, 3012 cols, 6633 nonzeros 0s
999 rows, 1830 cols, 3228 nonzeros 0s
762 rows, 1593 cols, 2754 nonzeros 0s
683 rows, 1514 cols, 2596 nonzeros 0s
Presolve reductions: rows 683(-10070); columns 1514(-7895); nonzeros 2596(-22941) 

Solving MIP model with:
   683 rows
   1514 cols (100 binary, 0 integer, 0 implied int., 1414 continuous, 0 domain fixed)
   2596 nonzeros

Src: B => Branching; C => Central rounding; F => Feasibility pump; H => Heuristic;
     I => Shifting; J => Feasibility jump; L => Sub-MIP; P => Empty MIP; R => Randomized rounding;
     S => Solve LP; T => Evaluate node; U => Unbounded; X => User solution; Y => HiGHS solution;
     Z => ZI Round; l => Trivial lower; p => Trivial point; u => Trivial upper; z => Trivial zero

        Nodes      |    B&B Tree     |            Objective Bounds              |  Dynamic Constraints |       Work      
Src  Proc. InQueue |  Leaves   Expl. | BestBound       BestSol              Gap |   Cuts   InLp Confl. | LpIters     Time

 J       0       0         0   0.00%   -inf            1.33187352         Large        0      0      0         0     0.4s
 T       0       0         0   0.00%   -1.883923772    -1.159299595      62.51%        0      0      0       298     0.4s
         1       0         1 100.00%   -1.159299595    -1.159299595       0.00%        0      0      0       298     0.4s

Solving report
  Status            Optimal
  Primal bound      -1.15929959513
  Dual bound        -1.15929959513
  Gap               0% (tolerance: 0.5%)
  P-D integral      0.0350429481404
  Solution status   feasible
                    -1.15929959513 (objective)
                    0 (bound viol.)
                    0 (int. viol.)
                    0 (row viol.)
  Timing            0.44
  Max sub-MIP depth 0
  Nodes             1
  Repair LPs        0
  LP iterations     298
                    0 (strong br.)
                    0 (separation)
                    0 (heuristics)
MIP has 10753 rows; 9409 cols; 25537 nonzeros; 1344 integer variables (1344 binary)
Coefficient ranges:
  Matrix  [2e-01, 2e+00]
  Cost    [1e-02, 6e-02]
  Bound   [1e+00, 1e+00]
  RHS     [1e-17, 4e+00]
WARNING: Problem has some excessively small row bounds
Presolving model
8064 rows, 9232 cols, 22671 nonzeros 0s
5609 rows, 6842 cols, 15954 nonzeros 0s
2937 rows, 4060 cols, 8632 nonzeros 0s
2741 rows, 2684 cols, 5896 nonzeros 0s
804 rows, 1510 cols, 2617 nonzeros 0s
592 rows, 1297 cols, 2192 nonzeros 0s
519 rows, 1221 cols, 2043 nonzeros 0s
Presolve reductions: rows 519(-10234); columns 1221(-8188); nonzeros 2043(-23494) 

Solving MIP model with:
   519 rows
   1221 cols (76 binary, 0 integer, 0 implied int., 1145 continuous, 0 domain fixed)
   2043 nonzeros

Src: B => Branching; C => Central rounding; F => Feasibility pump; H => Heuristic;
     I => Shifting; J => Feasibility jump; L => Sub-MIP; P => Empty MIP; R => Randomized rounding;
     S => Solve LP; T => Evaluate node; U => Unbounded; X => User solution; Y => HiGHS solution;
     Z => ZI Round; l => Trivial lower; p => Trivial point; u => Trivial upper; z => Trivial zero

        Nodes      |    B&B Tree     |            Objective Bounds              |  Dynamic Constraints |       Work      
Src  Proc. InQueue |  Leaves   Expl. | BestBound       BestSol              Gap |   Cuts   InLp Confl. | LpIters     Time

 J       0       0         0   0.00%   -inf            0.4473554464       Large        0      0      0         0     0.4s
 T       0       0         0   0.00%   -1.153986976    -0.8098894903     42.49%        0      0      0       229     0.4s
         1       0         1 100.00%   -0.8098894903   -0.8098894903      0.00%        0      0      0       229     0.4s

Solving report
  Status            Optimal
  Primal bound      -0.809889490349
  Dual bound        -0.809889490349
  Gap               0% (tolerance: 0.5%)
  P-D integral      0.0347457000283
  Solution status   feasible
                    -0.809889490349 (objective)
                    0 (bound viol.)
                    0 (int. viol.)
                    0 (row viol.)
  Timing            0.43
  Max sub-MIP depth 0
  Nodes             1
  Repair LPs        0
  LP iterations     229
                    0 (strong br.)
                    0 (separation)
                    0 (heuristics)
MIP has 10753 rows; 9409 cols; 25537 nonzeros; 1344 integer variables (1344 binary)
Coefficient ranges:
  Matrix  [2e-01, 2e+00]
  Cost    [1e-02, 6e-02]
  Bound   [1e+00, 1e+00]
  RHS     [3e-18, 4e+00]
WARNING: Problem has some excessively small row bounds
Presolving model
8064 rows, 9128 cols, 22567 nonzeros 0s
5723 rows, 6895 cols, 16206 nonzeros 0s
3215 rows, 4351 cols, 9385 nonzeros 0s
3028 rows, 2894 cols, 6358 nonzeros 0s
870 rows, 1649 cols, 2842 nonzeros 0s
638 rows, 1412 cols, 2371 nonzeros 0s
551 rows, 1286 cols, 2158 nonzeros 0s
Presolve reductions: rows 551(-10202); columns 1286(-8123); nonzeros 2158(-23379) 

Solving MIP model with:
   551 rows
   1286 cols (81 binary, 0 integer, 0 implied int., 1205 continuous, 0 domain fixed)
   2158 nonzeros

Src: B => Branching; C => Central rounding; F => Feasibility pump; H => Heuristic;
     I => Shifting; J => Feasibility jump; L => Sub-MIP; P => Empty MIP; R => Randomized rounding;
     S => Solve LP; T => Evaluate node; U => Unbounded; X => User solution; Y => HiGHS solution;
     Z => ZI Round; l => Trivial lower; p => Trivial point; u => Trivial upper; z => Trivial zero

        Nodes      |    B&B Tree     |            Objective Bounds              |  Dynamic Constraints |       Work      
Src  Proc. InQueue |  Leaves   Expl. | BestBound       BestSol              Gap |   Cuts   InLp Confl. | LpIters     Time

 J       0       0         0   0.00%   -inf            1.069856367        Large        0      0      0         0     0.4s
 T       0       0         0   0.00%   -1.45359873     -0.8517737182     70.66%        0      0      0       243     0.4s
         1       0         1 100.00%   -0.8517737182   -0.8517737182      0.00%        0      0      0       243     0.4s

Solving report
  Status            Optimal
  Primal bound      -0.851773718232
  Dual bound        -0.851773718232
  Gap               0% (tolerance: 0.5%)
  P-D integral      0.0239840711136
  Solution status   feasible
                    -0.851773718232 (objective)
                    0 (bound viol.)
                    0 (int. viol.)
                    0 (row viol.)
  Timing            0.43
  Max sub-MIP depth 0
  Nodes             1
  Repair LPs        0
  LP iterations     243
                    0 (strong br.)
                    0 (separation)
                    0 (heuristics)
MIP has 10753 rows; 9409 cols; 25537 nonzeros; 1344 integer variables (1344 binary)
Coefficient ranges:
  Matrix  [2e-01, 2e+00]
  Cost    [1e-02, 6e-02]
  Bound   [1e+00, 1e+00]
  RHS     [3e-18, 4e+00]
WARNING: Problem has some excessively small row bounds
Presolving model
8064 rows, 8833 cols, 22272 nonzeros 0s
5952 rows, 6913 cols, 16621 nonzeros 0s
3698 rows, 4738 cols, 10587 nonzeros 0s
3535 rows, 3223 cols, 7105 nonzeros 0s
1244 rows, 2129 cols, 3922 nonzeros 0s
962 rows, 1844 cols, 3357 nonzeros 0s
808 rows, 1691 cols, 2982 nonzeros 0s
Presolve reductions: rows 808(-9945); columns 1691(-7718); nonzeros 2982(-22555) 

Solving MIP model with:
   808 rows
   1691 cols (121 binary, 0 integer, 0 implied int., 1570 continuous, 0 domain fixed)
   2982 nonzeros

Src: B => Branching; C => Central rounding; F => Feasibility pump; H => Heuristic;
     I => Shifting; J => Feasibility jump; L => Sub-MIP; P => Empty MIP; R => Randomized rounding;
     S => Solve LP; T => Evaluate node; U => Unbounded; X => User solution; Y => HiGHS solution;
     Z => ZI Round; l => Trivial lower; p => Trivial point; u => Trivial upper; z => Trivial zero

        Nodes      |    B&B Tree     |            Objective Bounds              |  Dynamic Constraints |       Work      
Src  Proc. InQueue |  Leaves   Expl. | BestBound       BestSol              Gap |   Cuts   InLp Confl. | LpIters     Time

         0       0         0   0.00%   -2.555808826    inf                  inf        0      0      0         0     0.5s
 T       0       0         0   0.00%   -2.555808826    -1.526484965      67.43%        0      0      0       354     0.5s
         1       0         1 100.00%   -1.526484965    -1.526484965       0.00%        0      0      0       354     0.5s

Solving report
  Status            Optimal
  Primal bound      -1.52648496529
  Dual bound        -1.52648496529
  Gap               0% (tolerance: 0.5%)
  P-D integral      4.25489522547e-05
  Solution status   feasible
                    -1.52648496529 (objective)
                    0 (bound viol.)
                    0 (int. viol.)
                    0 (row viol.)
  Timing            0.52
  Max sub-MIP depth 0
  Nodes             1
  Repair LPs        0
  LP iterations     354
                    0 (strong br.)
                    0 (separation)
                    0 (heuristics)
MIP has 10753 rows; 9409 cols; 25537 nonzeros; 1344 integer variables (1344 binary)
Coefficient ranges:
  Matrix  [2e-01, 2e+00]
  Cost    [1e-02, 6e-02]
  Bound   [1e+00, 1e+00]
  RHS     [3e-17, 4e+00]
WARNING: Problem has some excessively small row bounds
Presolving model
8064 rows, 8771 cols, 22210 nonzeros 0s
6001 rows, 6917 cols, 16709 nonzeros 0s
3764 rows, 4774 cols, 10741 nonzeros 0s
3626 rows, 3294 cols, 7305 nonzeros 0s
1349 rows, 2229 cols, 4197 nonzeros 0s
1064 rows, 1944 cols, 3627 nonzeros 0s
753 rows, 1665 cols, 2841 nonzeros 0s
708 rows, 1605 cols, 2736 nonzeros 0s
Presolve reductions: rows 708(-10045); columns 1605(-7804); nonzeros 2736(-22801) 

Solving MIP model with:
   708 rows
   1605 cols (106 binary, 0 integer, 0 implied int., 1499 continuous, 0 domain fixed)
   2736 nonzeros

Src: B => Branching; C => Central rounding; F => Feasibility pump; H => Heuristic;
     I => Shifting; J => Feasibility jump; L => Sub-MIP; P => Empty MIP; R => Randomized rounding;
     S => Solve LP; T => Evaluate node; U => Unbounded; X => User solution; Y => HiGHS solution;
     Z => ZI Round; l => Trivial lower; p => Trivial point; u => Trivial upper; z => Trivial zero

        Nodes      |    B&B Tree     |            Objective Bounds              |  Dynamic Constraints |       Work      
Src  Proc. InQueue |  Leaves   Expl. | BestBound       BestSol              Gap |   Cuts   InLp Confl. | LpIters     Time

 J       0       0         0   0.00%   -inf            1.929838905        Large        0      0      0         0     0.5s
 T       0       0         0   0.00%   -2.394258265    -1.329757244      80.05%        0      0      0       312     0.5s
         1       0         1 100.00%   -1.329757244    -1.329757244       0.00%        0      0      0       312     0.5s

Solving report
  Status            Optimal
  Primal bound      -1.32975724421
  Dual bound        -1.32975724421
  Gap               0% (tolerance: 0.5%)
  P-D integral      0.0295453666253
  Solution status   feasible
                    -1.32975724421 (objective)
                    0 (bound viol.)
                    0 (int. viol.)
                    0 (row viol.)
  Timing            0.47
  Max sub-MIP depth 0
  Nodes             1
  Repair LPs        0
  LP iterations     312
                    0 (strong br.)
                    0 (separation)
                    0 (heuristics)
MIP has 10753 rows; 9409 cols; 25537 nonzeros; 1344 integer variables (1344 binary)
Coefficient ranges:
  Matrix  [2e-01, 2e+00]
  Cost    [1e-02, 6e-02]
  Bound   [1e+00, 1e+00]
  RHS     [3e-17, 4e+00]
WARNING: Problem has some excessively small row bounds
Presolving model
8064 rows, 8744 cols, 22183 nonzeros 0s
5991 rows, 6880 cols, 16658 nonzeros 0s
3764 rows, 4747 cols, 10714 nonzeros 0s
3627 rows, 3275 cols, 7263 nonzeros 0s
1397 rows, 2273 cols, 4317 nonzeros 0s
1120 rows, 1996 cols, 3763 nonzeros 0s
716 rows, 1630 cols, 2737 nonzeros 0s
656 rows, 1560 cols, 2607 nonzeros 0s
Presolve reductions: rows 656(-10097); columns 1560(-7849); nonzeros 2607(-22930) 

Solving MIP model with:
   656 rows
   1560 cols (98 binary, 0 integer, 0 implied int., 1462 continuous, 0 domain fixed)
   2607 nonzeros

Src: B => Branching; C => Central rounding; F => Feasibility pump; H => Heuristic;
     I => Shifting; J => Feasibility jump; L => Sub-MIP; P => Empty MIP; R => Randomized rounding;
     S => Solve LP; T => Evaluate node; U => Unbounded; X => User solution; Y => HiGHS solution;
     Z => ZI Round; l => Trivial lower; p => Trivial point; u => Trivial upper; z => Trivial zero

        Nodes      |    B&B Tree     |            Objective Bounds              |  Dynamic Constraints |       Work      
Src  Proc. InQueue |  Leaves   Expl. | BestBound       BestSol              Gap |   Cuts   InLp Confl. | LpIters     Time

 J       0       0         0   0.00%   -inf            2.164158631        Large        0      0      0         0     0.4s
 T       0       0         0   0.00%   -2.074214907    -0.9363031362    121.53%        0      0      0       291     0.4s
         1       0         1 100.00%   -0.9363031362   -0.9363031362      0.00%        0      0      0       291     0.4s

Solving report
  Status            Optimal
  Primal bound      -0.936303136181
  Dual bound        -0.936303136181
  Gap               0% (tolerance: 0.5%)
  P-D integral      0.0237247567634
  Solution status   feasible
                    -0.936303136181 (objective)
                    0 (bound viol.)
                    0 (int. viol.)
                    0 (row viol.)
  Timing            0.45
  Max sub-MIP depth 0
  Nodes             1
  Repair LPs        0
  LP iterations     291
                    0 (strong br.)
                    0 (separation)
                    0 (heuristics)
MIP has 10753 rows; 9409 cols; 25537 nonzeros; 1344 integer variables (1344 binary)
Coefficient ranges:
  Matrix  [2e-01, 2e+00]
  Cost    [1e-02, 6e-02]
  Bound   [1e+00, 1e+00]
  RHS     [2e-03, 4e+00]
Presolving model
8064 rows, 8763 cols, 22202 nonzeros 0s
5972 rows, 6874 cols, 16621 nonzeros 0s
3745 rows, 4735 cols, 10671 nonzeros 0s
3602 rows, 3258 cols, 7230 nonzeros 0s
1342 rows, 2212 cols, 4169 nonzeros 0s
1064 rows, 1934 cols, 3613 nonzeros 0s
677 rows, 1577 cols, 2621 nonzeros 0s
619 rows, 1510 cols, 2496 nonzeros 0s
Presolve reductions: rows 619(-10134); columns 1510(-7899); nonzeros 2496(-23041) 

Solving MIP model with:
   619 rows
   1510 cols (92 binary, 0 integer, 0 implied int., 1418 continuous, 0 domain fixed)
   2496 nonzeros

Src: B => Branching; C => Central rounding; F => Feasibility pump; H => Heuristic;
     I => Shifting; J => Feasibility jump; L => Sub-MIP; P => Empty MIP; R => Randomized rounding;
     S => Solve LP; T => Evaluate node; U => Unbounded; X => User solution; Y => HiGHS solution;
     Z => ZI Round; l => Trivial lower; p => Trivial point; u => Trivial upper; z => Trivial zero

        Nodes      |    B&B Tree     |            Objective Bounds              |  Dynamic Constraints |       Work      
Src  Proc. InQueue |  Leaves   Expl. | BestBound       BestSol              Gap |   Cuts   InLp Confl. | LpIters     Time

         0       0         0   0.00%   -1.746624146    inf                  inf        0      0      0         0     0.5s
 T       0       0         0   0.00%   -1.746624146    -0.6364838221    174.42%        0      0      0       270     0.5s
         1       0         1 100.00%   -0.6364838221   -0.6364838221      0.00%        0      0      0       270     0.5s

Solving report
  Status            Optimal
  Primal bound      -0.636483822073
  Dual bound        -0.636483822073
  Gap               0% (tolerance: 0.5%)
  P-D integral      0.000155929401484
  Solution status   feasible
                    -0.636483822073 (objective)
                    0 (bound viol.)
                    0 (int. viol.)
                    0 (row viol.)
  Timing            0.47
  Max sub-MIP depth 0
  Nodes             1
  Repair LPs        0
  LP iterations     270
                    0 (strong br.)
                    0 (separation)
                    0 (heuristics)
MIP has 10753 rows; 9409 cols; 25537 nonzeros; 1344 integer variables (1344 binary)
Coefficient ranges:
  Matrix  [2e-01, 2e+00]
  Cost    [1e-02, 6e-02]
  Bound   [1e+00, 1e+00]
  RHS     [1e-15, 4e+00]
WARNING: Problem has some excessively small row bounds
Presolving model
8064 rows, 8778 cols, 22217 nonzeros 0s
5988 rows, 6907 cols, 16678 nonzeros 0s
3762 rows, 4775 cols, 10740 nonzeros 0s
3614 rows, 3277 cols, 7273 nonzeros 0s
1366 rows, 2243 cols, 4236 nonzeros 0s
1094 rows, 1971 cols, 3692 nonzeros 0s
760 rows, 1666 cols, 2841 nonzeros 0s
710 rows, 1616 cols, 2741 nonzeros 0s
Presolve reductions: rows 710(-10043); columns 1616(-7793); nonzeros 2741(-22796) 

Solving MIP model with:
   710 rows
   1616 cols (104 binary, 0 integer, 0 implied int., 1512 continuous, 0 domain fixed)
   2741 nonzeros

Src: B => Branching; C => Central rounding; F => Feasibility pump; H => Heuristic;
     I => Shifting; J => Feasibility jump; L => Sub-MIP; P => Empty MIP; R => Randomized rounding;
     S => Solve LP; T => Evaluate node; U => Unbounded; X => User solution; Y => HiGHS solution;
     Z => ZI Round; l => Trivial lower; p => Trivial point; u => Trivial upper; z => Trivial zero

        Nodes      |    B&B Tree     |            Objective Bounds              |  Dynamic Constraints |       Work      
Src  Proc. InQueue |  Leaves   Expl. | BestBound       BestSol              Gap |   Cuts   InLp Confl. | LpIters     Time

         0       0         0   0.00%   -1.95026884     inf                  inf        0      0      0         0     0.4s
 T       0       0         0   0.00%   -1.95026884     -0.8965579653    117.53%        0      0      0       318     0.4s
         1       0         1 100.00%   -0.8965579653   -0.8965579653      0.00%        0      0      0       318     0.4s

Solving report
  Status            Optimal
  Primal bound      -0.896557965326
  Dual bound        -0.896557965326
  Gap               0% (tolerance: 0.5%)
  P-D integral      6.80489902268e-05
  Solution status   feasible
                    -0.896557965326 (objective)
                    0 (bound viol.)
                    0 (int. viol.)
                    0 (row viol.)
  Timing            0.43
  Max sub-MIP depth 0
  Nodes             1
  Repair LPs        0
  LP iterations     318
                    0 (strong br.)
                    0 (separation)
                    0 (heuristics)
MIP has 10753 rows; 9409 cols; 25537 nonzeros; 1344 integer variables (1344 binary)
Coefficient ranges:
  Matrix  [2e-01, 2e+00]
  Cost    [1e-02, 6e-02]
  Bound   [1e+00, 1e+00]
  RHS     [7e-18, 4e+00]
WARNING: Problem has some excessively small row bounds
Presolving model
8064 rows, 8743 cols, 22182 nonzeros 0s
6026 rows, 6924 cols, 16761 nonzeros 0s
3798 rows, 4792 cols, 10821 nonzeros 0s
3663 rows, 3323 cols, 7384 nonzeros 0s
1422 rows, 2304 cols, 4393 nonzeros 0s
1131 rows, 2013 cols, 3811 nonzeros 0s
804 rows, 1721 cols, 2976 nonzeros 0s
758 rows, 1674 cols, 2883 nonzeros 0s
Presolve reductions: rows 758(-9995); columns 1674(-7735); nonzeros 2883(-22654) 

Solving MIP model with:
   758 rows
   1674 cols (113 binary, 0 integer, 0 implied int., 1561 continuous, 0 domain fixed)
   2883 nonzeros

Src: B => Branching; C => Central rounding; F => Feasibility pump; H => Heuristic;
     I => Shifting; J => Feasibility jump; L => Sub-MIP; P => Empty MIP; R => Randomized rounding;
     S => Solve LP; T => Evaluate node; U => Unbounded; X => User solution; Y => HiGHS solution;
     Z => ZI Round; l => Trivial lower; p => Trivial point; u => Trivial upper; z => Trivial zero

        Nodes      |    B&B Tree     |            Objective Bounds              |  Dynamic Constraints |       Work      
Src  Proc. InQueue |  Leaves   Expl. | BestBound       BestSol              Gap |   Cuts   InLp Confl. | LpIters     Time

 J       0       0         0   0.00%   -inf            2.143597723        Large        0      0      0         0     0.5s
 T       0       0         0   0.00%   -1.881606607    -0.8038893658    134.06%        0      0      0       333     0.5s
         1       0         1 100.00%   -0.8038893658   -0.8038893658      0.00%        0      0      0       333     0.5s

Solving report
  Status            Optimal
  Primal bound      -0.803889365785
  Dual bound        -0.803889365785
  Gap               0% (tolerance: 0.5%)
  P-D integral      0.02569163107
  Solution status   feasible
                    -0.803889365785 (objective)
                    0 (bound viol.)
                    0 (int. viol.)
                    0 (row viol.)
  Timing            0.48
  Max sub-MIP depth 0
  Nodes             1
  Repair LPs        0
  LP iterations     333
                    0 (strong br.)
                    0 (separation)
                    0 (heuristics)
MIP has 10753 rows; 9409 cols; 25537 nonzeros; 1344 integer variables (1344 binary)
Coefficient ranges:
  Matrix  [2e-01, 2e+00]
  Cost    [1e-02, 6e-02]
  Bound   [1e+00, 1e+00]
  RHS     [7e-18, 4e+00]
WARNING: Problem has some excessively small row bounds
Presolving model
8064 rows, 8636 cols, 22075 nonzeros 0s
6085 rows, 6900 cols, 16841 nonzeros 0s
3971 rows, 4930 cols, 11249 nonzeros 0s
3849 rows, 3504 cols, 7823 nonzeros 0s
1697 rows, 2604 cols, 5145 nonzeros 0s
1427 rows, 2078 cols, 3869 nonzeros 0s
861 rows, 1832 cols, 3153 nonzeros 0s
769 rows, 1715 cols, 2944 nonzeros 0s
Presolve reductions: rows 769(-9984); columns 1715(-7694); nonzeros 2944(-22593) 

Solving MIP model with:
   769 rows
   1715 cols (116 binary, 0 integer, 0 implied int., 1599 continuous, 0 domain fixed)
   2944 nonzeros

Src: B => Branching; C => Central rounding; F => Feasibility pump; H => Heuristic;
     I => Shifting; J => Feasibility jump; L => Sub-MIP; P => Empty MIP; R => Randomized rounding;
     S => Solve LP; T => Evaluate node; U => Unbounded; X => User solution; Y => HiGHS solution;
     Z => ZI Round; l => Trivial lower; p => Trivial point; u => Trivial upper; z => Trivial zero

        Nodes      |    B&B Tree     |            Objective Bounds              |  Dynamic Constraints |       Work      
Src  Proc. InQueue |  Leaves   Expl. | BestBound       BestSol              Gap |   Cuts   InLp Confl. | LpIters     Time

 J       0       0         0   0.00%   -inf            5.688762859        Large        0      0      0         0     0.4s
 T       0       0         0   0.00%   -2.150059958    0.1007759387    2233.51%        0      0      0       334     0.5s
         1       0         1 100.00%   0.1007759387    0.1007759387       0.00%        0      0      0       334     0.5s

Solving report
  Status            Optimal
  Primal bound      0.100775938702
  Dual bound        0.100775938702
  Gap               0% (tolerance: 0.5%)
  P-D integral      0.0201710725683
  Solution status   feasible
                    0.100775938702 (objective)
                    0 (bound viol.)
                    0 (int. viol.)
                    0 (row viol.)
  Timing            0.46
  Max sub-MIP depth 0
  Nodes             1
  Repair LPs        0
  LP iterations     334
                    0 (strong br.)
                    0 (separation)
                    0 (heuristics)
MIP has 10753 rows; 9409 cols; 25537 nonzeros; 1344 integer variables (1344 binary)
Coefficient ranges:
  Matrix  [2e-01, 2e+00]
  Cost    [1e-02, 6e-02]
  Bound   [1e+00, 1e+00]
  RHS     [1e-17, 4e+00]
WARNING: Problem has some excessively small row bounds
Presolving model
8064 rows, 8566 cols, 22005 nonzeros 0s
6145 rows, 6910 cols, 16951 nonzeros 0s
4114 rows, 5053 cols, 11603 nonzeros 0s
3994 rows, 3654 cols, 8164 nonzeros 0s
1944 rows, 2884 cols, 5820 nonzeros 0s
1699 rows, 2277 cols, 4278 nonzeros 0s
933 rows, 1971 cols, 3368 nonzeros 0s
805 rows, 1814 cols, 3083 nonzeros 0s
Presolve reductions: rows 805(-9948); columns 1814(-7595); nonzeros 3083(-22454) 

Solving MIP model with:
   805 rows
   1814 cols (117 binary, 0 integer, 0 implied int., 1697 continuous, 0 domain fixed)
   3083 nonzeros

Src: B => Branching; C => Central rounding; F => Feasibility pump; H => Heuristic;
     I => Shifting; J => Feasibility jump; L => Sub-MIP; P => Empty MIP; R => Randomized rounding;
     S => Solve LP; T => Evaluate node; U => Unbounded; X => User solution; Y => HiGHS solution;
     Z => ZI Round; l => Trivial lower; p => Trivial point; u => Trivial upper; z => Trivial zero

        Nodes      |    B&B Tree     |            Objective Bounds              |  Dynamic Constraints |       Work      
Src  Proc. InQueue |  Leaves   Expl. | BestBound       BestSol              Gap |   Cuts   InLp Confl. | LpIters     Time

 J       0       0         0   0.00%   -inf            8.908364587        Large        0      0      0         0     0.4s
 T       0       0         0   0.00%   -2.737930848    0.6103553016     548.58%        0      0      0       373     0.4s
         1       0         1 100.00%   0.6103553016    0.6103553016       0.00%        0      0      0       373     0.4s

Solving report
  Status            Optimal
  Primal bound      0.610355301629
  Dual bound        0.610355301629
  Gap               0% (tolerance: 0.5%)
  P-D integral      0.0189538089132
  Solution status   feasible
                    0.610355301629 (objective)
                    0 (bound viol.)
                    0 (int. viol.)
                    0 (row viol.)
  Timing            0.44
  Max sub-MIP depth 0
  Nodes             1
  Repair LPs        0
  LP iterations     373
                    0 (strong br.)
                    0 (separation)
                    0 (heuristics)
MIP has 10753 rows; 9409 cols; 25537 nonzeros; 1344 integer variables (1344 binary)
Coefficient ranges:
  Matrix  [2e-01, 2e+00]
  Cost    [1e-02, 6e-02]
  Bound   [1e+00, 1e+00]
  RHS     [7e-18, 4e+00]
WARNING: Problem has some excessively small row bounds
Presolving model
8064 rows, 8580 cols, 22019 nonzeros 0s
6195 rows, 6984 cols, 17098 nonzeros 0s
4152 rows, 5121 cols, 11724 nonzeros 0s
4039 rows, 3745 cols, 8321 nonzeros 0s
1967 rows, 2949 cols, 5915 nonzeros 0s
1714 rows, 2345 cols, 4386 nonzeros 0s
985 rows, 2064 cols, 3540 nonzeros 0s
859 rows, 1916 cols, 3266 nonzeros 0s
Presolve reductions: rows 859(-9894); columns 1916(-7493); nonzeros 3266(-22271) 

Solving MIP model with:
   859 rows
   1916 cols (123 binary, 0 integer, 0 implied int., 1793 continuous, 0 domain fixed)
   3266 nonzeros

Src: B => Branching; C => Central rounding; F => Feasibility pump; H => Heuristic;
     I => Shifting; J => Feasibility jump; L => Sub-MIP; P => Empty MIP; R => Randomized rounding;
     S => Solve LP; T => Evaluate node; U => Unbounded; X => User solution; Y => HiGHS solution;
     Z => ZI Round; l => Trivial lower; p => Trivial point; u => Trivial upper; z => Trivial zero

        Nodes      |    B&B Tree     |            Objective Bounds              |  Dynamic Constraints |       Work      
Src  Proc. InQueue |  Leaves   Expl. | BestBound       BestSol              Gap |   Cuts   InLp Confl. | LpIters     Time

 J       0       0         0   0.00%   -inf            9.442209182        Large        0      0      0         0     0.4s
 T       0       0         0   0.00%   -2.690724119    1.00511963       367.70%        0      0      0       385     0.4s
         1       0         1 100.00%   1.00511963      1.00511963         0.00%        0      0      0       385     0.4s

Solving report
  Status            Optimal
  Primal bound      1.00511962961
  Dual bound        1.00511962961
  Gap               0% (tolerance: 0.5%)
  P-D integral      0.0203430405589
  Solution status   feasible
                    1.00511962961 (objective)
                    0 (bound viol.)
                    0 (int. viol.)
                    0 (row viol.)
  Timing            0.45
  Max sub-MIP depth 0
  Nodes             1
  Repair LPs        0
  LP iterations     385
                    0 (strong br.)
                    0 (separation)
                    0 (heuristics)
MIP has 10753 rows; 9409 cols; 25537 nonzeros; 1344 integer variables (1344 binary)
Coefficient ranges:
  Matrix  [2e-01, 2e+00]
  Cost    [1e-02, 6e-02]
  Bound   [1e+00, 1e+00]
  RHS     [7e-18, 4e+00]
WARNING: Problem has some excessively small row bounds
Presolving model
8064 rows, 8605 cols, 22044 nonzeros 0s
6169 rows, 6979 cols, 17055 nonzeros 0s
4135 rows, 5126 cols, 11704 nonzeros 0s
4010 rows, 3722 cols, 8261 nonzeros 0s
1951 rows, 2939 cols, 5873 nonzeros 0s
1694 rows, 2368 cols, 4460 nonzeros 0s
1037 rows, 2082 cols, 3650 nonzeros 0s
925 rows, 1919 cols, 3375 nonzeros 0s
Presolve reductions: rows 925(-9828); columns 1919(-7490); nonzeros 3375(-22162) 

Solving MIP model with:
   925 rows
   1919 cols (133 binary, 0 integer, 0 implied int., 1786 continuous, 0 domain fixed)
   3375 nonzeros

Src: B => Branching; C => Central rounding; F => Feasibility pump; H => Heuristic;
     I => Shifting; J => Feasibility jump; L => Sub-MIP; P => Empty MIP; R => Randomized rounding;
     S => Solve LP; T => Evaluate node; U => Unbounded; X => User solution; Y => HiGHS solution;
     Z => ZI Round; l => Trivial lower; p => Trivial point; u => Trivial upper; z => Trivial zero

        Nodes      |    B&B Tree     |            Objective Bounds              |  Dynamic Constraints |       Work      
Src  Proc. InQueue |  Leaves   Expl. | BestBound       BestSol              Gap |   Cuts   InLp Confl. | LpIters     Time

 J       0       0         0   0.00%   -inf            13.02530854        Large        0      0      0         0     0.4s
 T       0       0         0   0.00%   -2.480023286    4.821134616      151.44%        0      0      0       389     0.5s
         1       0         1 100.00%   4.821134616     4.821134616        0.00%        0      0      0       389     0.5s

Solving report
  Status            Optimal
  Primal bound      4.8211346158
  Dual bound        4.8211346158
  Gap               0% (tolerance: 0.5%)
  P-D integral      0.0206757566563
  Solution status   feasible
                    4.8211346158 (objective)
                    0 (bound viol.)
                    0 (int. viol.)
                    0 (row viol.)
  Timing            0.46
  Max sub-MIP depth 0
  Nodes             1
  Repair LPs        0
  LP iterations     389
                    0 (strong br.)
                    0 (separation)
                    0 (heuristics)
MIP has 10753 rows; 9409 cols; 25537 nonzeros; 1344 integer variables (1344 binary)
Coefficient ranges:
  Matrix  [2e-01, 2e+00]
  Cost    [1e-02, 6e-02]
  Bound   [1e+00, 1e+00]
  RHS     [1e-17, 4e+00]
WARNING: Problem has some excessively small row bounds
Presolving model
8064 rows, 8589 cols, 22028 nonzeros 0s
6173 rows, 6969 cols, 17049 nonzeros 0s
4122 rows, 5099 cols, 11652 nonzeros 0s
3985 rows, 3679 cols, 8167 nonzeros 0s
1946 rows, 2913 cols, 5834 nonzeros 0s
1673 rows, 2311 cols, 4356 nonzeros 0s
1001 rows, 2037 cols, 3547 nonzeros 0s
893 rows, 1852 cols, 3254 nonzeros 0s
Presolve reductions: rows 893(-9860); columns 1852(-7557); nonzeros 3254(-22283) 

Solving MIP model with:
   893 rows
   1852 cols (128 binary, 0 integer, 0 implied int., 1724 continuous, 0 domain fixed)
   3254 nonzeros

Src: B => Branching; C => Central rounding; F => Feasibility pump; H => Heuristic;
     I => Shifting; J => Feasibility jump; L => Sub-MIP; P => Empty MIP; R => Randomized rounding;
     S => Solve LP; T => Evaluate node; U => Unbounded; X => User solution; Y => HiGHS solution;
     Z => ZI Round; l => Trivial lower; p => Trivial point; u => Trivial upper; z => Trivial zero

        Nodes      |    B&B Tree     |            Objective Bounds              |  Dynamic Constraints |       Work      
Src  Proc. InQueue |  Leaves   Expl. | BestBound       BestSol              Gap |   Cuts   InLp Confl. | LpIters     Time

 J       0       0         0   0.00%   -inf            15.56342119        Large        0      0      0         0     0.5s
 T       0       0         0   0.00%   -2.320536458    7.531537351      130.81%        0      0      0       352     0.5s
         1       0         1 100.00%   7.531537351     7.531537351        0.00%        0      0      0       352     0.5s

Solving report
  Status            Optimal
  Primal bound      7.53153735103
  Dual bound        7.53153735103
  Gap               0% (tolerance: 0.5%)
  P-D integral      0.0176239573701
  Solution status   feasible
                    7.53153735103 (objective)
                    0 (bound viol.)
                    0 (int. viol.)
                    0 (row viol.)
  Timing            0.54
  Max sub-MIP depth 0
  Nodes             1
  Repair LPs        0
  LP iterations     352
                    0 (strong br.)
                    0 (separation)
                    0 (heuristics)
MIP has 10753 rows; 9409 cols; 25537 nonzeros; 1344 integer variables (1344 binary)
Coefficient ranges:
  Matrix  [2e-01, 2e+00]
  Cost    [1e-02, 6e-02]
  Bound   [1e+00, 1e+00]
  RHS     [1e-17, 4e+00]
WARNING: Problem has some excessively small row bounds
Presolving model
8064 rows, 8574 cols, 22013 nonzeros 0s
6160 rows, 6937 cols, 17000 nonzeros 0s
4137 rows, 5095 cols, 11671 nonzeros 0s
4005 rows, 3688 cols, 8215 nonzeros 0s
1932 rows, 2883 cols, 5794 nonzeros 0s
1673 rows, 2278 cols, 4282 nonzeros 0s
958 rows, 1991 cols, 3434 nonzeros 0s
842 rows, 1795 cols, 3122 nonzeros 0s
Presolve reductions: rows 842(-9911); columns 1795(-7614); nonzeros 3122(-22415) 

Solving MIP model with:
   842 rows
   1795 cols (122 binary, 0 integer, 0 implied int., 1673 continuous, 0 domain fixed)
   3122 nonzeros

Src: B => Branching; C => Central rounding; F => Feasibility pump; H => Heuristic;
     I => Shifting; J => Feasibility jump; L => Sub-MIP; P => Empty MIP; R => Randomized rounding;
     S => Solve LP; T => Evaluate node; U => Unbounded; X => User solution; Y => HiGHS solution;
     Z => ZI Round; l => Trivial lower; p => Trivial point; u => Trivial upper; z => Trivial zero

        Nodes      |    B&B Tree     |            Objective Bounds              |  Dynamic Constraints |       Work      
Src  Proc. InQueue |  Leaves   Expl. | BestBound       BestSol              Gap |   Cuts   InLp Confl. | LpIters     Time

 J       0       0         0   0.00%   -inf            13.68305477        Large        0      0      0         0     0.5s
 T       0       0         0   0.00%   -2.361540489    5.584555493      142.29%        0      0      0       339     0.5s
         1       0         1 100.00%   5.584555493     5.584555493        0.00%        0      0      0       339     0.5s

Solving report
  Status            Optimal
  Primal bound      5.58455549348
  Dual bound        5.58455549348
  Gap               0% (tolerance: 0.5%)
  P-D integral      0.0186177332191
  Solution status   feasible
                    5.58455549348 (objective)
                    0 (bound viol.)
                    0 (int. viol.)
                    0 (row viol.)
  Timing            0.54
  Max sub-MIP depth 0
  Nodes             1
  Repair LPs        0
  LP iterations     339
                    0 (strong br.)
                    0 (separation)
                    0 (heuristics)
MIP has 10753 rows; 9409 cols; 25537 nonzeros; 1344 integer variables (1344 binary)
Coefficient ranges:
  Matrix  [2e-01, 2e+00]
  Cost    [1e-02, 6e-02]
  Bound   [1e+00, 1e+00]
  RHS     [1e-17, 4e+00]
WARNING: Problem has some excessively small row bounds
Presolving model
8064 rows, 8551 cols, 21990 nonzeros 0s
6151 rows, 6903 cols, 16957 nonzeros 0s
4151 rows, 5082 cols, 11692 nonzeros 0s
4038 rows, 3692 cols, 8278 nonzeros 0s
1966 rows, 2893 cols, 5858 nonzeros 0s
1723 rows, 2221 cols, 4133 nonzeros 0s
828 rows, 1847 cols, 3058 nonzeros 0s
675 rows, 1565 cols, 2623 nonzeros 0s
674 rows, 1564 cols, 2621 nonzeros 0s
Presolve reductions: rows 674(-10079); columns 1564(-7845); nonzeros 2621(-22916) 

Solving MIP model with:
   674 rows
   1564 cols (96 binary, 0 integer, 0 implied int., 1468 continuous, 0 domain fixed)
   2621 nonzeros

Src: B => Branching; C => Central rounding; F => Feasibility pump; H => Heuristic;
     I => Shifting; J => Feasibility jump; L => Sub-MIP; P => Empty MIP; R => Randomized rounding;
     S => Solve LP; T => Evaluate node; U => Unbounded; X => User solution; Y => HiGHS solution;
     Z => ZI Round; l => Trivial lower; p => Trivial point; u => Trivial upper; z => Trivial zero

        Nodes      |    B&B Tree     |            Objective Bounds              |  Dynamic Constraints |       Work      
Src  Proc. InQueue |  Leaves   Expl. | BestBound       BestSol              Gap |   Cuts   InLp Confl. | LpIters     Time

 J       0       0         0   0.00%   -inf            17.01668699        Large        0      0      0         0     0.4s
 T       0       0         0   0.00%   -1.925011547    10.20175875      118.87%        0      0      0       260     0.5s
         1       0         1 100.00%   10.20175875     10.20175875        0.00%        0      0      0       260     0.5s

Solving report
  Status            Optimal
  Primal bound      10.2017587517
  Dual bound        10.2017587517
  Gap               0% (tolerance: 0.5%)
  P-D integral      0.0158417486852
  Solution status   feasible
                    10.2017587517 (objective)
                    0 (bound viol.)
                    0 (int. viol.)
                    0 (row viol.)
  Timing            0.45
  Max sub-MIP depth 0
  Nodes             1
  Repair LPs        0
  LP iterations     260
                    0 (strong br.)
                    0 (separation)
                    0 (heuristics)
MIP has 10753 rows; 9409 cols; 25537 nonzeros; 1344 integer variables (1344 binary)
Coefficient ranges:
  Matrix  [2e-01, 2e+00]
  Cost    [1e-02, 6e-02]
  Bound   [1e+00, 1e+00]
  RHS     [1e-17, 4e+00]
WARNING: Problem has some excessively small row bounds
Presolving model
8064 rows, 8516 cols, 21955 nonzeros 0s
6196 rows, 6924 cols, 17043 nonzeros 0s
4200 rows, 5121 cols, 11800 nonzeros 0s
4095 rows, 3761 cols, 8406 nonzeros 0s
2064 rows, 3016 cols, 6119 nonzeros 0s
1833 rows, 2215 cols, 3995 nonzeros 0s
656 rows, 1766 cols, 2641 nonzeros 0s
480 rows, 1574 cols, 2273 nonzeros 0s
439 rows, 1372 cols, 2030 nonzeros 0s
Presolve reductions: rows 439(-10314); columns 1372(-8037); nonzeros 2030(-23507) 

Solving MIP model with:
   439 rows
   1372 cols (55 binary, 0 integer, 0 implied int., 1317 continuous, 0 domain fixed)
   2030 nonzeros

Src: B => Branching; C => Central rounding; F => Feasibility pump; H => Heuristic;
     I => Shifting; J => Feasibility jump; L => Sub-MIP; P => Empty MIP; R => Randomized rounding;
     S => Solve LP; T => Evaluate node; U => Unbounded; X => User solution; Y => HiGHS solution;
     Z => ZI Round; l => Trivial lower; p => Trivial point; u => Trivial upper; z => Trivial zero

        Nodes      |    B&B Tree     |            Objective Bounds              |  Dynamic Constraints |       Work      
Src  Proc. InQueue |  Leaves   Expl. | BestBound       BestSol              Gap |   Cuts   InLp Confl. | LpIters     Time

 J       0       0         0   0.00%   -inf            22.56672199        Large        0      0      0         0     0.5s
 T       0       0         0   0.00%   -0.9118640284   19.53506139      104.67%        0      0      0       125     0.6s
         1       0         1 100.00%   19.53506139     19.53506139        0.00%        0      0      0       125     0.6s

Solving report
  Status            Optimal
  Primal bound      19.53506139
  Dual bound        19.53506139
  Gap               0% (tolerance: 0.5%)
  P-D integral      0.0106059427107
  Solution status   feasible
                    19.53506139 (objective)
                    0 (bound viol.)
                    0 (int. viol.)
                    0 (row viol.)
  Timing            0.55
  Max sub-MIP depth 0
  Nodes             1
  Repair LPs        0
  LP iterations     125
                    0 (strong br.)
                    0 (separation)
                    0 (heuristics)
MIP has 10753 rows; 9409 cols; 25537 nonzeros; 1344 integer variables (1344 binary)
Coefficient ranges:
  Matrix  [2e-01, 2e+00]
  Cost    [1e-02, 6e-02]
  Bound   [1e+00, 1e+00]
  RHS     [1e-17, 4e+00]
WARNING: Problem has some excessively small row bounds
Presolving model
8064 rows, 8498 cols, 21937 nonzeros 0s
6189 rows, 6902 cols, 17018 nonzeros 0s
4182 rows, 5086 cols, 11747 nonzeros 0s
4061 rows, 3700 cols, 8303 nonzeros 0s
2026 rows, 2955 cols, 6026 nonzeros 0s
1801 rows, 2245 cols, 4164 nonzeros 0s
785 rows, 1809 cols, 2939 nonzeros 0s
619 rows, 1533 cols, 2497 nonzeros 0s
609 rows, 1375 cols, 2329 nonzeros 0s
Presolve reductions: rows 609(-10144); columns 1375(-8034); nonzeros 2329(-23208) 

Solving MIP model with:
   609 rows
   1375 cols (87 binary, 0 integer, 0 implied int., 1288 continuous, 0 domain fixed)
   2329 nonzeros

Src: B => Branching; C => Central rounding; F => Feasibility pump; H => Heuristic;
     I => Shifting; J => Feasibility jump; L => Sub-MIP; P => Empty MIP; R => Randomized rounding;
     S => Solve LP; T => Evaluate node; U => Unbounded; X => User solution; Y => HiGHS solution;
     Z => ZI Round; l => Trivial lower; p => Trivial point; u => Trivial upper; z => Trivial zero

        Nodes      |    B&B Tree     |            Objective Bounds              |  Dynamic Constraints |       Work      
Src  Proc. InQueue |  Leaves   Expl. | BestBound       BestSol              Gap |   Cuts   InLp Confl. | LpIters     Time

 J       0       0         0   0.00%   -inf            24.03822282        Large        0      0      0         0     0.5s
 T       0       0         0   0.00%   2.07377504      19.73944382       89.49%        0      0      0       206     0.5s
         1       0         1 100.00%   19.73944382     19.73944382        0.00%        0      0      0       206     0.5s

Solving report
  Status            Optimal
  Primal bound      19.7394438175
  Dual bound        19.7394438175
  Gap               0% (tolerance: 0.5%)
  P-D integral      0.0114652236373
  Solution status   feasible
                    19.7394438175 (objective)
                    0 (bound viol.)
                    0 (int. viol.)
                    0 (row viol.)
  Timing            0.50
  Max sub-MIP depth 0
  Nodes             1
  Repair LPs        0
  LP iterations     206
                    0 (strong br.)
                    0 (separation)
                    0 (heuristics)
MIP has 10753 rows; 9409 cols; 25537 nonzeros; 1344 integer variables (1344 binary)
Coefficient ranges:
  Matrix  [2e-01, 2e+00]
  Cost    [1e-02, 6e-02]
  Bound   [1e+00, 1e+00]
  RHS     [1e-17, 4e+00]
WARNING: Problem has some excessively small row bounds
Presolving model
8064 rows, 8335 cols, 21774 nonzeros 0s
6212 rows, 6776 cols, 16943 nonzeros 0s
4223 rows, 4990 cols, 11753 nonzeros 0s
4093 rows, 3576 cols, 8240 nonzeros 0s
2102 rows, 2883 cols, 6108 nonzeros 0s
1884 rows, 2051 cols, 3858 nonzeros 0s
658 rows, 1612 cols, 2544 nonzeros 0s
479 rows, 1420 cols, 2173 nonzeros 0s
446 rows, 1290 cols, 2010 nonzeros 0s
Presolve reductions: rows 446(-10307); columns 1290(-8119); nonzeros 2010(-23527) 

Solving MIP model with:
   446 rows
   1290 cols (69 binary, 0 integer, 0 implied int., 1221 continuous, 0 domain fixed)
   2010 nonzeros

Src: B => Branching; C => Central rounding; F => Feasibility pump; H => Heuristic;
     I => Shifting; J => Feasibility jump; L => Sub-MIP; P => Empty MIP; R => Randomized rounding;
     S => Solve LP; T => Evaluate node; U => Unbounded; X => User solution; Y => HiGHS solution;
     Z => ZI Round; l => Trivial lower; p => Trivial point; u => Trivial upper; z => Trivial zero

        Nodes      |    B&B Tree     |            Objective Bounds              |  Dynamic Constraints |       Work      
Src  Proc. InQueue |  Leaves   Expl. | BestBound       BestSol              Gap |   Cuts   InLp Confl. | LpIters     Time

 J       0       0         0   0.00%   -inf            24.42068485        Large        0      0      0         0     0.5s
 T       0       0         0   0.00%   -1.007094458    20.5206015       104.91%        0      0      0       166     0.5s
         1       0         1 100.00%   20.5206015      20.5206015         0.00%        0      0      0       166     0.5s

Solving report
  Status            Optimal
  Primal bound      20.5206014971
  Dual bound        20.5206014971
  Gap               0% (tolerance: 0.5%)
  P-D integral      0.0135453030495
  Solution status   feasible
                    20.5206014971 (objective)
                    0 (bound viol.)
                    0 (int. viol.)
                    0 (row viol.)
  Timing            0.54
  Max sub-MIP depth 0
  Nodes             1
  Repair LPs        0
  LP iterations     166
                    0 (strong br.)
                    0 (separation)
                    0 (heuristics)
MIP has 10753 rows; 9409 cols; 25537 nonzeros; 1344 integer variables (1344 binary)
Coefficient ranges:
  Matrix  [2e-01, 2e+00]
  Cost    [1e-02, 6e-02]
  Bound   [1e+00, 1e+00]
  RHS     [2e-17, 4e+00]
WARNING: Problem has some excessively small row bounds
Presolving model
8064 rows, 8271 cols, 21710 nonzeros 0s
6229 rows, 6734 cols, 16930 nonzeros 0s
4268 rows, 4980 cols, 11815 nonzeros 0s
4166 rows, 3605 cols, 8382 nonzeros 0s
2173 rows, 2916 cols, 6256 nonzeros 0s
1982 rows, 1925 cols, 3508 nonzeros 0s
375 rows, 1290 cols, 1720 nonzeros 0s
255 rows, 1149 cols, 1459 nonzeros 0s
145 rows, 926 cols, 1126 nonzeros 0s
106 rows, 615 cols, 776 nonzeros 0s
100 rows, 435 cols, 590 nonzeros 0s
98 rows, 356 cols, 509 nonzeros 0s
93 rows, 282 cols, 430 nonzeros 0s
Presolve reductions: rows 93(-10660); columns 282(-9127); nonzeros 430(-25107) 

Solving MIP model with:
   93 rows
   282 cols (14 binary, 0 integer, 0 implied int., 268 continuous, 0 domain fixed)
   430 nonzeros

Src: B => Branching; C => Central rounding; F => Feasibility pump; H => Heuristic;
     I => Shifting; J => Feasibility jump; L => Sub-MIP; P => Empty MIP; R => Randomized rounding;
     S => Solve LP; T => Evaluate node; U => Unbounded; X => User solution; Y => HiGHS solution;
     Z => ZI Round; l => Trivial lower; p => Trivial point; u => Trivial upper; z => Trivial zero

        Nodes      |    B&B Tree     |            Objective Bounds              |  Dynamic Constraints |       Work      
Src  Proc. InQueue |  Leaves   Expl. | BestBound       BestSol              Gap |   Cuts   InLp Confl. | LpIters     Time

 J       0       0         0   0.00%   -inf            21.40643994        Large        0      0      0         0     0.4s
 T       0       0         0   0.00%   15.72715198     20.64623453       23.83%        0      0      0        36     0.4s
         1       0         1 100.00%   20.64623453     20.64623453        0.00%        0      0      0        36     0.4s

Solving report
  Status            Optimal
  Primal bound      20.646234526
  Dual bound        20.646234526
  Gap               0% (tolerance: 0.5%)
  P-D integral      0.00074680671837
  Solution status   feasible
                    20.646234526 (objective)
                    0 (bound viol.)
                    0 (int. viol.)
                    0 (row viol.)
  Timing            0.39
  Max sub-MIP depth 0
  Nodes             1
  Repair LPs        0
  LP iterations     36
                    0 (strong br.)
                    0 (separation)
                    0 (heuristics)
MIP has 10753 rows; 9409 cols; 25537 nonzeros; 1344 integer variables (1344 binary)
Coefficient ranges:
  Matrix  [2e-01, 2e+00]
  Cost    [1e-02, 6e-02]
  Bound   [1e+00, 1e+00]
  RHS     [1e-17, 4e+00]
WARNING: Problem has some excessively small row bounds
Presolving model
8064 rows, 8432 cols, 21871 nonzeros 0s
6162 rows, 6804 cols, 16885 nonzeros 0s
4110 rows, 4918 cols, 11483 nonzeros 0s
4006 rows, 3529 cols, 8058 nonzeros 0s
1952 rows, 2763 cols, 5734 nonzeros 0s
1724 rows, 1953 cols, 3592 nonzeros 0s
477 rows, 1418 cols, 2058 nonzeros 0s
332 rows, 1259 cols, 1754 nonzeros 0s
278 rows, 995 cols, 1436 nonzeros 0s
269 rows, 824 cols, 1256 nonzeros 0s
Presolve reductions: rows 269(-10484); columns 824(-8585); nonzeros 1256(-24281) 

Solving MIP model with:
   269 rows
   824 cols (41 binary, 0 integer, 0 implied int., 783 continuous, 0 domain fixed)
   1256 nonzeros

Src: B => Branching; C => Central rounding; F => Feasibility pump; H => Heuristic;
     I => Shifting; J => Feasibility jump; L => Sub-MIP; P => Empty MIP; R => Randomized rounding;
     S => Solve LP; T => Evaluate node; U => Unbounded; X => User solution; Y => HiGHS solution;
     Z => ZI Round; l => Trivial lower; p => Trivial point; u => Trivial upper; z => Trivial zero

        Nodes      |    B&B Tree     |            Objective Bounds              |  Dynamic Constraints |       Work      
Src  Proc. InQueue |  Leaves   Expl. | BestBound       BestSol              Gap |   Cuts   InLp Confl. | LpIters     Time

 J       0       0         0   0.00%   -inf            16.21772655        Large        0      0      0         0     0.4s
 T       0       0         0   0.00%   3.036310991     14.3312768        78.81%        0      0      0       108     0.5s
         1       0         1 100.00%   14.3312768      14.3312768         0.00%        0      0      0       108     0.5s

Solving report
  Status            Optimal
  Primal bound      14.3312767973
  Dual bound        14.3312767973
  Gap               0% (tolerance: 0.5%)
  P-D integral      0.00641756589804
  Solution status   feasible
                    14.3312767973 (objective)
                    0 (bound viol.)
                    0 (int. viol.)
                    0 (row viol.)
  Timing            0.45
  Max sub-MIP depth 0
  Nodes             1
  Repair LPs        0
  LP iterations     108
                    0 (strong br.)
                    0 (separation)
                    0 (heuristics)
MIP has 10753 rows; 9409 cols; 25537 nonzeros; 1344 integer variables (1344 binary)
Coefficient ranges:
  Matrix  [2e-01, 2e+00]
  Cost    [1e-02, 6e-02]
  Bound   [1e+00, 1e+00]
  RHS     [1e-17, 4e+00]
WARNING: Problem has some excessively small row bounds
Presolving model
8064 rows, 8495 cols, 21934 nonzeros 0s
6111 rows, 6800 cols, 16794 nonzeros 0s
4039 rows, 4887 cols, 11330 nonzeros 0s
3895 rows, 3435 cols, 7809 nonzeros 0s
1811 rows, 2621 cols, 5367 nonzeros 0s
1567 rows, 1896 cols, 3520 nonzeros 0s
551 rows, 1380 cols, 2164 nonzeros 0s
405 rows, 1184 cols, 1825 nonzeros 0s
382 rows, 1014 cols, 1633 nonzeros 0s
Presolve reductions: rows 382(-10371); columns 1014(-8395); nonzeros 1633(-23904) 

Solving MIP model with:
   382 rows
   1014 cols (59 binary, 0 integer, 0 implied int., 955 continuous, 0 domain fixed)
   1633 nonzeros

Src: B => Branching; C => Central rounding; F => Feasibility pump; H => Heuristic;
     I => Shifting; J => Feasibility jump; L => Sub-MIP; P => Empty MIP; R => Randomized rounding;
     S => Solve LP; T => Evaluate node; U => Unbounded; X => User solution; Y => HiGHS solution;
     Z => ZI Round; l => Trivial lower; p => Trivial point; u => Trivial upper; z => Trivial zero

        Nodes      |    B&B Tree     |            Objective Bounds              |  Dynamic Constraints |       Work      
Src  Proc. InQueue |  Leaves   Expl. | BestBound       BestSol              Gap |   Cuts   InLp Confl. | LpIters     Time

 J       0       0         0   0.00%   -inf            17.82295834        Large        0      0      0         0     0.4s
 T       0       0         0   0.00%   0.7877895759    15.36243452       94.87%        0      0      0       152     0.4s
         1       0         1 100.00%   15.36243452     15.36243452        0.00%        0      0      0       152     0.4s

Solving report
  Status            Optimal
  Primal bound      15.3624345222
  Dual bound        15.3624345222
  Gap               0% (tolerance: 0.5%)
  P-D integral      0.00747392401592
  Solution status   feasible
                    15.3624345222 (objective)
                    0 (bound viol.)
                    0 (int. viol.)
                    0 (row viol.)
  Timing            0.40
  Max sub-MIP depth 0
  Nodes             1
  Repair LPs        0
  LP iterations     152
                    0 (strong br.)
                    0 (separation)
                    0 (heuristics)
MIP has 10753 rows; 9409 cols; 25537 nonzeros; 1344 integer variables (1344 binary)
Coefficient ranges:
  Matrix  [2e-01, 2e+00]
  Cost    [1e-02, 6e-02]
  Bound   [1e+00, 1e+00]
  RHS     [1e-17, 4e+00]
WARNING: Problem has some excessively small row bounds
Presolving model
8064 rows, 8494 cols, 21933 nonzeros 0s
6114 rows, 6802 cols, 16799 nonzeros 0s
4048 rows, 4900 cols, 11356 nonzeros 0s
3911 rows, 3468 cols, 7874 nonzeros 0s
1805 rows, 2624 cols, 5360 nonzeros 0s
1555 rows, 1908 cols, 3519 nonzeros 0s
570 rows, 1447 cols, 2267 nonzeros 0s
422 rows, 1206 cols, 1877 nonzeros 0s
399 rows, 1014 cols, 1662 nonzeros 0s
Presolve reductions: rows 399(-10354); columns 1014(-8395); nonzeros 1662(-23875) 

Solving MIP model with:
   399 rows
   1014 cols (63 binary, 0 integer, 0 implied int., 951 continuous, 0 domain fixed)
   1662 nonzeros

Src: B => Branching; C => Central rounding; F => Feasibility pump; H => Heuristic;
     I => Shifting; J => Feasibility jump; L => Sub-MIP; P => Empty MIP; R => Randomized rounding;
     S => Solve LP; T => Evaluate node; U => Unbounded; X => User solution; Y => HiGHS solution;
     Z => ZI Round; l => Trivial lower; p => Trivial point; u => Trivial upper; z => Trivial zero

        Nodes      |    B&B Tree     |            Objective Bounds              |  Dynamic Constraints |       Work      
Src  Proc. InQueue |  Leaves   Expl. | BestBound       BestSol              Gap |   Cuts   InLp Confl. | LpIters     Time

 J       0       0         0   0.00%   -inf            22.23807305        Large        0      0      0         0     0.4s
 T       0       0         0   0.00%   1.471195956     19.16937041       92.33%        0      0      0       151     0.4s
         1       0         1 100.00%   19.16937041     19.16937041        0.00%        0      0      0       151     0.4s

Solving report
  Status            Optimal
  Primal bound      19.1693704058
  Dual bound        19.1693704058
  Gap               0% (tolerance: 0.5%)
  P-D integral      0.00746023695446
  Solution status   feasible
                    19.1693704058 (objective)
                    0 (bound viol.)
                    0 (int. viol.)
                    0 (row viol.)
  Timing            0.43
  Max sub-MIP depth 0
  Nodes             1
  Repair LPs        0
  LP iterations     151
                    0 (strong br.)
                    0 (separation)
                    0 (heuristics)
MIP has 10753 rows; 9409 cols; 25537 nonzeros; 1344 integer variables (1344 binary)
Coefficient ranges:
  Matrix  [2e-01, 2e+00]
  Cost    [1e-02, 6e-02]
  Bound   [1e+00, 1e+00]
  RHS     [1e-17, 4e+00]
WARNING: Problem has some excessively small row bounds
Presolving model
8064 rows, 8470 cols, 21909 nonzeros 0s
6153 rows, 6829 cols, 16893 nonzeros 0s
4094 rows, 4933 cols, 11470 nonzeros 0s
3987 rows, 3532 cols, 8060 nonzeros 0s
1860 rows, 2668 cols, 5495 nonzeros 0s
1619 rows, 1925 cols, 3545 nonzeros 0s
565 rows, 1489 cols, 2301 nonzeros 0s
411 rows, 1287 cols, 1945 nonzeros 0s
388 rows, 1048 cols, 1683 nonzeros 0s
388 rows, 1048 cols, 1683 nonzeros 0s
Presolve reductions: rows 388(-10365); columns 1048(-8361); nonzeros 1683(-23854) 

Solving MIP model with:
   388 rows
   1048 cols (62 binary, 0 integer, 0 implied int., 986 continuous, 0 domain fixed)
   1683 nonzeros

Src: B => Branching; C => Central rounding; F => Feasibility pump; H => Heuristic;
     I => Shifting; J => Feasibility jump; L => Sub-MIP; P => Empty MIP; R => Randomized rounding;
     S => Solve LP; T => Evaluate node; U => Unbounded; X => User solution; Y => HiGHS solution;
     Z => ZI Round; l => Trivial lower; p => Trivial point; u => Trivial upper; z => Trivial zero

        Nodes      |    B&B Tree     |            Objective Bounds              |  Dynamic Constraints |       Work      
Src  Proc. InQueue |  Leaves   Expl. | BestBound       BestSol              Gap |   Cuts   InLp Confl. | LpIters     Time

 J       0       0         0   0.00%   -inf            22.22907721        Large        0      0      0         0     0.4s
 T       0       0         0   0.00%   0.0160519868    18.49939221       99.91%        0      0      0       141     0.4s
         1       0         1 100.00%   18.49939221     18.49939221        0.00%        0      0      0       141     0.4s

Solving report
  Status            Optimal
  Primal bound      18.4993922062
  Dual bound        18.4993922062
  Gap               0% (tolerance: 0.5%)
  P-D integral      0.00856030713842
  Solution status   feasible
                    18.4993922062 (objective)
                    0 (bound viol.)
                    0 (int. viol.)
                    0 (row viol.)
  Timing            0.41
  Max sub-MIP depth 0
  Nodes             1
  Repair LPs        0
  LP iterations     141
                    0 (strong br.)
                    0 (separation)
                    0 (heuristics)
MIP has 10753 rows; 9409 cols; 25537 nonzeros; 1344 integer variables (1344 binary)
Coefficient ranges:
  Matrix  [2e-01, 2e+00]
  Cost    [1e-02, 6e-02]
  Bound   [1e+00, 1e+00]
  RHS     [1e-17, 4e+00]
WARNING: Problem has some excessively small row bounds
Presolving model
8064 rows, 8420 cols, 21859 nonzeros 0s
6175 rows, 6808 cols, 16910 nonzeros 0s
4160 rows, 4976 cols, 11623 nonzeros 0s
4052 rows, 3583 cols, 8196 nonzeros 0s
1980 rows, 2794 cols, 5817 nonzeros 0s
1757 rows, 1977 cols, 3661 nonzeros 0s
487 rows, 1428 cols, 2086 nonzeros 0s
341 rows, 1282 cols, 1794 nonzeros 0s
276 rows, 1028 cols, 1475 nonzeros 0s
274 rows, 1006 cols, 1451 nonzeros 0s
Presolve reductions: rows 274(-10479); columns 1006(-8403); nonzeros 1451(-24086) 

Solving MIP model with:
   274 rows
   1006 cols (43 binary, 0 integer, 0 implied int., 963 continuous, 0 domain fixed)
   1451 nonzeros

Src: B => Branching; C => Central rounding; F => Feasibility pump; H => Heuristic;
     I => Shifting; J => Feasibility jump; L => Sub-MIP; P => Empty MIP; R => Randomized rounding;
     S => Solve LP; T => Evaluate node; U => Unbounded; X => User solution; Y => HiGHS solution;
     Z => ZI Round; l => Trivial lower; p => Trivial point; u => Trivial upper; z => Trivial zero

        Nodes      |    B&B Tree     |            Objective Bounds              |  Dynamic Constraints |       Work      
Src  Proc. InQueue |  Leaves   Expl. | BestBound       BestSol              Gap |   Cuts   InLp Confl. | LpIters     Time

 J       0       0         0   0.00%   -inf            18.77016284        Large        0      0      0         0     0.4s
 T       0       0         0   0.00%   -0.6089412171   16.31206341      103.73%        0      0      0       100     0.4s
         1       0         1 100.00%   16.31206341     16.31206341        0.00%        0      0      0       100     0.4s

Solving report
  Status            Optimal
  Primal bound      16.3120634113
  Dual bound        16.3120634113
  Gap               0% (tolerance: 0.5%)
  P-D integral      0.00919216591465
  Solution status   feasible
                    16.3120634113 (objective)
                    0 (bound viol.)
                    0 (int. viol.)
                    0 (row viol.)
  Timing            0.43
  Max sub-MIP depth 0
  Nodes             1
  Repair LPs        0
  LP iterations     100
                    0 (strong br.)
                    0 (separation)
                    0 (heuristics)
MIP has 10753 rows; 9409 cols; 25537 nonzeros; 1344 integer variables (1344 binary)
Coefficient ranges:
  Matrix  [2e-01, 2e+00]
  Cost    [1e-02, 6e-02]
  Bound   [1e+00, 1e+00]
  RHS     [2e-17, 4e+00]
WARNING: Problem has some excessively small row bounds
Presolving model
8064 rows, 8413 cols, 21852 nonzeros 0s
6140 rows, 6758 cols, 16801 nonzeros 0s
4107 rows, 4904 cols, 11463 nonzeros 0s
3976 rows, 3496 cols, 8006 nonzeros 0s
1879 rows, 2663 cols, 5513 nonzeros 0s
1650 rows, 1808 cols, 3226 nonzeros 0s
348 rows, 1286 cols, 1703 nonzeros 0s
188 rows, 1125 cols, 1383 nonzeros 0s
126 rows, 940 cols, 1136 nonzeros 0s
118 rows, 838 cols, 1026 nonzeros 0s
Presolve reductions: rows 118(-10635); columns 838(-8571); nonzeros 1026(-24511) 

Solving MIP model with:
   118 rows
   838 cols (18 binary, 0 integer, 0 implied int., 820 continuous, 0 domain fixed)
   1026 nonzeros

Src: B => Branching; C => Central rounding; F => Feasibility pump; H => Heuristic;
     I => Shifting; J => Feasibility jump; L => Sub-MIP; P => Empty MIP; R => Randomized rounding;
     S => Solve LP; T => Evaluate node; U => Unbounded; X => User solution; Y => HiGHS solution;
     Z => ZI Round; l => Trivial lower; p => Trivial point; u => Trivial upper; z => Trivial zero

        Nodes      |    B&B Tree     |            Objective Bounds              |  Dynamic Constraints |       Work      
Src  Proc. InQueue |  Leaves   Expl. | BestBound       BestSol              Gap |   Cuts   InLp Confl. | LpIters     Time

 J       0       0         0   0.00%   -inf            19.89127083        Large        0      0      0         0     0.4s
 T       0       0         0   0.00%   -0.098130017    19.40940592      100.51%        0      0      0        42     0.5s
         1       0         1 100.00%   19.40940592     19.40940592        0.00%        0      0      0        42     0.5s

Solving report
  Status            Optimal
  Primal bound      19.4094059217
  Dual bound        19.4094059217
  Gap               0% (tolerance: 0.5%)
  P-D integral      0.00756926496792
  Solution status   feasible
                    19.4094059217 (objective)
                    0 (bound viol.)
                    0 (int. viol.)
                    0 (row viol.)
  Timing            0.46
  Max sub-MIP depth 0
  Nodes             1
  Repair LPs        0
  LP iterations     42
                    0 (strong br.)
                    0 (separation)
                    0 (heuristics)
MIP has 10753 rows; 9409 cols; 25537 nonzeros; 1344 integer variables (1344 binary)
Coefficient ranges:
  Matrix  [2e-01, 2e+00]
  Cost    [1e-02, 6e-02]
  Bound   [1e+00, 1e+00]
  RHS     [7e-18, 4e+00]
WARNING: Problem has some excessively small row bounds
Presolving model
8064 rows, 8474 cols, 21913 nonzeros 0s
6132 rows, 6805 cols, 16832 nonzeros 0s
4077 rows, 4919 cols, 11427 nonzeros 0s
3964 rows, 3516 cols, 8018 nonzeros 0s
1838 rows, 2652 cols, 5437 nonzeros 0s
1606 rows, 1844 cols, 3332 nonzeros 0s
412 rows, 1257 cols, 1792 nonzeros 0s
263 rows, 1055 cols, 1441 nonzeros 0s
217 rows, 851 cols, 1191 nonzeros 0s
205 rows, 699 cols, 1027 nonzeros 0s
195 rows, 532 cols, 850 nonzeros 0s
192 rows, 482 cols, 797 nonzeros 0s
Presolve reductions: rows 192(-10561); columns 482(-8927); nonzeros 797(-24740) 

Solving MIP model with:
   192 rows
   482 cols (31 binary, 0 integer, 0 implied int., 451 continuous, 0 domain fixed)
   797 nonzeros

Src: B => Branching; C => Central rounding; F => Feasibility pump; H => Heuristic;
     I => Shifting; J => Feasibility jump; L => Sub-MIP; P => Empty MIP; R => Randomized rounding;
     S => Solve LP; T => Evaluate node; U => Unbounded; X => User solution; Y => HiGHS solution;
     Z => ZI Round; l => Trivial lower; p => Trivial point; u => Trivial upper; z => Trivial zero

        Nodes      |    B&B Tree     |            Objective Bounds              |  Dynamic Constraints |       Work      
Src  Proc. InQueue |  Leaves   Expl. | BestBound       BestSol              Gap |   Cuts   InLp Confl. | LpIters     Time

 J       0       0         0   0.00%   -inf            21.5684023         Large        0      0      0         0     0.4s
 T       0       0         0   0.00%   12.84134289     20.48667138       37.32%        0      0      0        75     0.4s
         1       0         1 100.00%   20.48667138     20.48667138        0.00%        0      0      0        75     0.4s

Solving report
  Status            Optimal
  Primal bound      20.4866713797
  Dual bound        20.4866713797
  Gap               0% (tolerance: 0.5%)
  P-D integral      0.00141009284544
  Solution status   feasible
                    20.4866713797 (objective)
                    0 (bound viol.)
                    0 (int. viol.)
                    0 (row viol.)
  Timing            0.37
  Max sub-MIP depth 0
  Nodes             1
  Repair LPs        0
  LP iterations     75
                    0 (strong br.)
                    0 (separation)
                    0 (heuristics)
MIP has 10754 rows; 9409 cols; 25538 nonzeros; 1344 integer variables (1344 binary)
Coefficient ranges:
  Matrix  [2e-01, 2e+00]
  Cost    [1e-02, 6e-02]
  Bound   [1e+00, 1e+00]
  RHS     [7e-18, 4e+00]
WARNING: Problem has some excessively small row bounds
Presolving model
8064 rows, 8473 cols, 21912 nonzeros 0s
6112 rows, 6776 cols, 16771 nonzeros 0s
4070 rows, 4901 cols, 11398 nonzeros 0s
3953 rows, 3491 cols, 7975 nonzeros 0s
1833 rows, 2635 cols, 5411 nonzeros 0s
1590 rows, 1824 cols, 3298 nonzeros 0s
419 rows, 1282 cols, 1836 nonzeros 0s
274 rows, 1090 cols, 1499 nonzeros 0s
230 rows, 866 cols, 1231 nonzeros 0s
222 rows, 707 cols, 1064 nonzeros 0s
214 rows, 585 cols, 934 nonzeros 0s
Presolve reductions: rows 214(-10540); columns 585(-8824); nonzeros 934(-24604) 

Solving MIP model with:
   214 rows
   585 cols (34 binary, 0 integer, 0 implied int., 551 continuous, 0 domain fixed)
   934 nonzeros

Src: B => Branching; C => Central rounding; F => Feasibility pump; H => Heuristic;
     I => Shifting; J => Feasibility jump; L => Sub-MIP; P => Empty MIP; R => Randomized rounding;
     S => Solve LP; T => Evaluate node; U => Unbounded; X => User solution; Y => HiGHS solution;
     Z => ZI Round; l => Trivial lower; p => Trivial point; u => Trivial upper; z => Trivial zero

        Nodes      |    B&B Tree     |            Objective Bounds              |  Dynamic Constraints |       Work      
Src  Proc. InQueue |  Leaves   Expl. | BestBound       BestSol              Gap |   Cuts   InLp Confl. | LpIters     Time

         0       0         0   0.00%   11.08756716     inf                  inf        0      0      0         0     0.4s
 T       0       0         0   0.00%   11.08756716     20.05235537       44.71%        0      0      0        73     0.4s
         1       0         1 100.00%   20.05235537     20.05235537        0.00%        0      0      0        73     0.4s

Solving report
  Status            Optimal
  Primal bound      20.0523553665
  Dual bound        20.0523553665
  Gap               0% (tolerance: 0.5%)
  P-D integral      2.02969414623e-05
  Solution status   feasible
                    20.0523553665 (objective)
                    0 (bound viol.)
                    0 (int. viol.)
                    0 (row viol.)
  Timing            0.40
  Max sub-MIP depth 0
  Nodes             1
  Repair LPs        0
  LP iterations     73
                    0 (strong br.)
                    0 (separation)
                    0 (heuristics)
MIP has 10753 rows; 9409 cols; 25537 nonzeros; 1344 integer variables (1344 binary)
Coefficient ranges:
  Matrix  [2e-01, 2e+00]
  Cost    [1e-02, 6e-02]
  Bound   [1e+00, 1e+00]
  RHS     [7e-18, 4e+00]
WARNING: Problem has some excessively small row bounds
Presolving model
8064 rows, 8492 cols, 21931 nonzeros 0s
6116 rows, 6797 cols, 16792 nonzeros 0s
4062 rows, 4915 cols, 11392 nonzeros 0s
3945 rows, 3509 cols, 7976 nonzeros 0s
1834 rows, 2660 cols, 5429 nonzeros 0s
1606 rows, 1871 cols, 3344 nonzeros 0s
407 rows, 1384 cols, 1906 nonzeros 0s
261 rows, 1238 cols, 1614 nonzeros 0s
207 rows, 1089 cols, 1411 nonzeros 0s
Presolve reductions: rows 207(-10546); columns 1089(-8320); nonzeros 1411(-24126) 

Solving MIP model with:
   207 rows
   1089 cols (29 binary, 0 integer, 0 implied int., 1060 continuous, 0 domain fixed)
   1411 nonzeros

Src: B => Branching; C => Central rounding; F => Feasibility pump; H => Heuristic;
     I => Shifting; J => Feasibility jump; L => Sub-MIP; P => Empty MIP; R => Randomized rounding;
     S => Solve LP; T => Evaluate node; U => Unbounded; X => User solution; Y => HiGHS solution;
     Z => ZI Round; l => Trivial lower; p => Trivial point; u => Trivial upper; z => Trivial zero

        Nodes      |    B&B Tree     |            Objective Bounds              |  Dynamic Constraints |       Work      
Src  Proc. InQueue |  Leaves   Expl. | BestBound       BestSol              Gap |   Cuts   InLp Confl. | LpIters     Time

 J       0       0         0   0.00%   -inf            5.183870295        Large        0      0      0         0     0.4s
 T       0       0         0   0.00%   1.116605922     4.679919368       76.14%        0      0      0       108     0.4s
         1       0         1 100.00%   4.679919368     4.679919368        0.00%        0      0      0       108     0.4s

Solving report
  Status            Optimal
  Primal bound      4.67991936833
  Dual bound        4.67991936833
  Gap               0% (tolerance: 0.5%)
  P-D integral      0.00654935198246
  Solution status   feasible
                    4.67991936833 (objective)
                    0 (bound viol.)
                    0 (int. viol.)
                    0 (row viol.)
  Timing            0.44
  Max sub-MIP depth 0
  Nodes             1
  Repair LPs        0
  LP iterations     108
                    0 (strong br.)
                    0 (separation)
                    0 (heuristics)
MIP has 10753 rows; 9409 cols; 25537 nonzeros; 1344 integer variables (1344 binary)
Coefficient ranges:
  Matrix  [2e-01, 2e+00]
  Cost    [1e-02, 6e-02]
  Bound   [1e+00, 1e+00]
  RHS     [7e-18, 4e+00]
WARNING: Problem has some excessively small row bounds
Presolving model
8064 rows, 8450 cols, 21889 nonzeros 0s
6138 rows, 6787 cols, 16820 nonzeros 0s
4123 rows, 4956 cols, 11526 nonzeros 0s
4014 rows, 3578 cols, 8128 nonzeros 0s
1920 rows, 2758 cols, 5661 nonzeros 0s
1685 rows, 1905 cols, 3409 nonzeros 0s
384 rows, 1379 cols, 1854 nonzeros 0s
231 rows, 1221 cols, 1543 nonzeros 0s
169 rows, 1059 cols, 1319 nonzeros 0s
167 rows, 995 cols, 1253 nonzeros 0s
Presolve reductions: rows 167(-10586); columns 995(-8414); nonzeros 1253(-24284) 

Solving MIP model with:
   167 rows
   995 cols (23 binary, 0 integer, 0 implied int., 972 continuous, 0 domain fixed)
   1253 nonzeros

Src: B => Branching; C => Central rounding; F => Feasibility pump; H => Heuristic;
     I => Shifting; J => Feasibility jump; L => Sub-MIP; P => Empty MIP; R => Randomized rounding;
     S => Solve LP; T => Evaluate node; U => Unbounded; X => User solution; Y => HiGHS solution;
     Z => ZI Round; l => Trivial lower; p => Trivial point; u => Trivial upper; z => Trivial zero

        Nodes      |    B&B Tree     |            Objective Bounds              |  Dynamic Constraints |       Work      
Src  Proc. InQueue |  Leaves   Expl. | BestBound       BestSol              Gap |   Cuts   InLp Confl. | LpIters     Time

 J       0       0         0   0.00%   -inf            8.268721548        Large        0      0      0         0     0.4s
 T       0       0         0   0.00%   1.804443294     7.894240042       77.14%        0      0      0        73     0.4s
         1       0         1 100.00%   7.894240042     7.894240042        0.00%        0      0      0        73     0.4s

Solving report
  Status            Optimal
  Primal bound      7.89424004232
  Dual bound        7.89424004232
  Gap               0% (tolerance: 0.5%)
  P-D integral      0.00620914563377
  Solution status   feasible
                    7.89424004232 (objective)
                    0 (bound viol.)
                    0 (int. viol.)
                    0 (row viol.)
  Timing            0.43
  Max sub-MIP depth 0
  Nodes             1
  Repair LPs        0
  LP iterations     73
                    0 (strong br.)
                    0 (separation)
                    0 (heuristics)
MIP has 10753 rows; 9409 cols; 25537 nonzeros; 1344 integer variables (1344 binary)
Coefficient ranges:
  Matrix  [2e-01, 2e+00]
  Cost    [1e-02, 6e-02]
  Bound   [1e+00, 1e+00]
  RHS     [1e-16, 4e+00]
WARNING: Problem has some excessively small row bounds
Presolving model
8064 rows, 8434 cols, 21873 nonzeros 0s
6168 rows, 6811 cols, 16898 nonzeros 0s
4157 rows, 4980 cols, 11608 nonzeros 0s
4058 rows, 3625 cols, 8234 nonzeros 0s
1983 rows, 2830 cols, 5832 nonzeros 0s
1758 rows, 1939 cols, 3438 nonzeros 0s
366 rows, 1325 cols, 1750 nonzeros 0s
198 rows, 1101 cols, 1358 nonzeros 0s
147 rows, 957 cols, 1163 nonzeros 0s
127 rows, 737 cols, 923 nonzeros 0s
118 rows, 645 cols, 822 nonzeros 0s
Presolve reductions: rows 118(-10635); columns 645(-8764); nonzeros 822(-24715) 

Solving MIP model with:
   118 rows
   645 cols (15 binary, 0 integer, 0 implied int., 630 continuous, 0 domain fixed)
   822 nonzeros

Src: B => Branching; C => Central rounding; F => Feasibility pump; H => Heuristic;
     I => Shifting; J => Feasibility jump; L => Sub-MIP; P => Empty MIP; R => Randomized rounding;
     S => Solve LP; T => Evaluate node; U => Unbounded; X => User solution; Y => HiGHS solution;
     Z => ZI Round; l => Trivial lower; p => Trivial point; u => Trivial upper; z => Trivial zero

        Nodes      |    B&B Tree     |            Objective Bounds              |  Dynamic Constraints |       Work      
Src  Proc. InQueue |  Leaves   Expl. | BestBound       BestSol              Gap |   Cuts   InLp Confl. | LpIters     Time

 J       0       0         0   0.00%   -inf            9.61530108         Large        0      0      0         0     0.4s
 T       0       0         0   0.00%   6.103699064     9.439225495       35.34%        0      0      0        54     0.4s
         1       0         1 100.00%   9.439225495     9.439225495        0.00%        0      0      0        54     0.4s

Solving report
  Status            Optimal
  Primal bound      9.43922549477
  Dual bound        9.43922549477
  Gap               0% (tolerance: 0.5%)
  P-D integral      0.00197757402305
  Solution status   feasible
                    9.43922549477 (objective)
                    0 (bound viol.)
                    0 (int. viol.)
                    0 (row viol.)
  Timing            0.43
  Max sub-MIP depth 0
  Nodes             1
  Repair LPs        0
  LP iterations     54
                    0 (strong br.)
                    0 (separation)
                    0 (heuristics)
MIP has 10753 rows; 9409 cols; 25537 nonzeros; 1344 integer variables (1344 binary)
Coefficient ranges:
  Matrix  [2e-01, 2e+00]
  Cost    [1e-02, 6e-02]
  Bound   [1e+00, 1e+00]
  RHS     [3e-18, 4e+00]
WARNING: Problem has some excessively small row bounds
Presolving model
8064 rows, 8468 cols, 21907 nonzeros 0s
6141 rows, 6808 cols, 16848 nonzeros 0s
4115 rows, 4960 cols, 11518 nonzeros 0s
4016 rows, 3597 cols, 8145 nonzeros 0s
1930 rows, 2785 cols, 5698 nonzeros 0s
1698 rows, 1938 cols, 3452 nonzeros 0s
389 rows, 1407 cols, 1875 nonzeros 0s
227 rows, 1245 cols, 1551 nonzeros 0s
164 rows, 1015 cols, 1258 nonzeros 0s
Presolve reductions: rows 164(-10589); columns 1015(-8394); nonzeros 1258(-24279) 

Solving MIP model with:
   164 rows
   1015 cols (20 binary, 0 integer, 0 implied int., 995 continuous, 0 domain fixed)
   1258 nonzeros

Src: B => Branching; C => Central rounding; F => Feasibility pump; H => Heuristic;
     I => Shifting; J => Feasibility jump; L => Sub-MIP; P => Empty MIP; R => Randomized rounding;
     S => Solve LP; T => Evaluate node; U => Unbounded; X => User solution; Y => HiGHS solution;
     Z => ZI Round; l => Trivial lower; p => Trivial point; u => Trivial upper; z => Trivial zero

        Nodes      |    B&B Tree     |            Objective Bounds              |  Dynamic Constraints |       Work      
Src  Proc. InQueue |  Leaves   Expl. | BestBound       BestSol              Gap |   Cuts   InLp Confl. | LpIters     Time

 J       0       0         0   0.00%   -inf            6.776726863        Large        0      0      0         0     0.4s
 T       0       0         0   0.00%   1.340657037     6.36716798        78.94%        0      0      0        75     0.4s
         1       0         1 100.00%   6.36716798      6.36716798         0.00%        0      0      0        75     0.4s

Solving report
  Status            Optimal
  Primal bound      6.36716798049
  Dual bound        6.36716798049
  Gap               0% (tolerance: 0.5%)
  P-D integral      0.00611618859042
  Solution status   feasible
                    6.36716798049 (objective)
                    0 (bound viol.)
                    0 (int. viol.)
                    0 (row viol.)
  Timing            0.41
  Max sub-MIP depth 0
  Nodes             1
  Repair LPs        0
  LP iterations     75
                    0 (strong br.)
                    0 (separation)
                    0 (heuristics)
MIP has 10753 rows; 9409 cols; 25537 nonzeros; 1344 integer variables (1344 binary)
Coefficient ranges:
  Matrix  [2e-01, 2e+00]
  Cost    [1e-02, 6e-02]
  Bound   [1e+00, 1e+00]
  RHS     [3e-18, 4e+00]
WARNING: Problem has some excessively small row bounds
Presolving model
8064 rows, 8487 cols, 21926 nonzeros 0s
6127 rows, 6809 cols, 16823 nonzeros 0s
4064 rows, 4914 cols, 11397 nonzeros 0s
3956 rows, 3516 cols, 7998 nonzeros 0s
1820 rows, 2642 cols, 5393 nonzeros 0s
1586 rows, 1841 cols, 3287 nonzeros 0s
363 rows, 1325 cols, 1779 nonzeros 0s
218 rows, 1173 cols, 1482 nonzeros 0s
161 rows, 1046 cols, 1298 nonzeros 0s
Presolve reductions: rows 161(-10592); columns 1046(-8363); nonzeros 1298(-24239) 

Solving MIP model with:
   161 rows
   1046 cols (23 binary, 0 integer, 0 implied int., 1023 continuous, 0 domain fixed)
   1298 nonzeros

Src: B => Branching; C => Central rounding; F => Feasibility pump; H => Heuristic;
     I => Shifting; J => Feasibility jump; L => Sub-MIP; P => Empty MIP; R => Randomized rounding;
     S => Solve LP; T => Evaluate node; U => Unbounded; X => User solution; Y => HiGHS solution;
     Z => ZI Round; l => Trivial lower; p => Trivial point; u => Trivial upper; z => Trivial zero

        Nodes      |    B&B Tree     |            Objective Bounds              |  Dynamic Constraints |       Work      
Src  Proc. InQueue |  Leaves   Expl. | BestBound       BestSol              Gap |   Cuts   InLp Confl. | LpIters     Time

 J       0       0         0   0.00%   -inf            3.770463568        Large        0      0      0         0     0.4s
 T       0       0         0   0.00%   0.6829040527    3.398442438       79.91%        0      0      0        69     0.4s
         1       0         1 100.00%   3.398442438     3.398442438        0.00%        0      0      0        69     0.4s

Solving report
  Status            Optimal
  Primal bound      3.39844243752
  Dual bound        3.39844243752
  Gap               0% (tolerance: 0.5%)
  P-D integral      0.00489422619655
  Solution status   feasible
                    3.39844243752 (objective)
                    0 (bound viol.)
                    0 (int. viol.)
                    0 (row viol.)
  Timing            0.40
  Max sub-MIP depth 0
  Nodes             1
  Repair LPs        0
  LP iterations     69
                    0 (strong br.)
                    0 (separation)
                    0 (heuristics)
MIP has 10753 rows; 9409 cols; 25537 nonzeros; 1344 integer variables (1344 binary)
Coefficient ranges:
  Matrix  [2e-01, 2e+00]
  Cost    [5e-03, 6e-02]
  Bound   [1e+00, 1e+00]
  RHS     [7e-18, 4e+00]
WARNING: Problem has some excessively small row bounds
Presolving model
8064 rows, 8507 cols, 21946 nonzeros 0s
6106 rows, 6802 cols, 16783 nonzeros 0s
4027 rows, 4881 cols, 11299 nonzeros 0s
3911 rows, 3471 cols, 7874 nonzeros 0s
1793 rows, 2619 cols, 5327 nonzeros 0s
1553 rows, 1865 cols, 3364 nonzeros 0s
442 rows, 1400 cols, 1993 nonzeros 0s
304 rows, 1256 cols, 1711 nonzeros 0s
251 rows, 1133 cols, 1535 nonzeros 0s
Presolve reductions: rows 251(-10502); columns 1133(-8276); nonzeros 1535(-24002) 

Solving MIP model with:
   251 rows
   1133 cols (38 binary, 0 integer, 0 implied int., 1095 continuous, 0 domain fixed)
   1535 nonzeros

Src: B => Branching; C => Central rounding; F => Feasibility pump; H => Heuristic;
     I => Shifting; J => Feasibility jump; L => Sub-MIP; P => Empty MIP; R => Randomized rounding;
     S => Solve LP; T => Evaluate node; U => Unbounded; X => User solution; Y => HiGHS solution;
     Z => ZI Round; l => Trivial lower; p => Trivial point; u => Trivial upper; z => Trivial zero

        Nodes      |    B&B Tree     |            Objective Bounds              |  Dynamic Constraints |       Work      
Src  Proc. InQueue |  Leaves   Expl. | BestBound       BestSol              Gap |   Cuts   InLp Confl. | LpIters     Time

 J       0       0         0   0.00%   -inf            3.196718583        Large        0      0      0         0     0.4s
 T       0       0         0   0.00%   0.1602830201    2.00679316        92.01%        0      0      0       118     0.4s
         1       0         1 100.00%   2.00679316      2.00679316         0.00%        0      0      0       118     0.4s

Solving report
  Status            Optimal
  Primal bound      2.0067931597
  Dual bound        2.0067931597
  Gap               0% (tolerance: 0.5%)
  P-D integral      0.00782572626894
  Solution status   feasible
                    2.0067931597 (objective)
                    0 (bound viol.)
                    0 (int. viol.)
                    0 (row viol.)
  Timing            0.39
  Max sub-MIP depth 0
  Nodes             1
  Repair LPs        0
  LP iterations     118
                    0 (strong br.)
                    0 (separation)
                    0 (heuristics)
MIP has 10753 rows; 9409 cols; 25537 nonzeros; 1344 integer variables (1344 binary)
Coefficient ranges:
  Matrix  [2e-01, 2e+00]
  Cost    [5e-03, 6e-02]
  Bound   [1e+00, 1e+00]
  RHS     [1e-17, 4e+00]
WARNING: Problem has some excessively small row bounds
Presolving model
8064 rows, 8518 cols, 21957 nonzeros 0s
6133 rows, 6846 cols, 16870 nonzeros 0s
4062 rows, 4938 cols, 11411 nonzeros 0s
3957 rows, 3560 cols, 8023 nonzeros 0s
1852 rows, 2725 cols, 5524 nonzeros 0s
1613 rows, 2026 cols, 3725 nonzeros 0s
599 rows, 1581 cols, 2435 nonzeros 0s
437 rows, 1404 cols, 2096 nonzeros 0s
429 rows, 1306 cols, 1990 nonzeros 0s
Presolve reductions: rows 429(-10324); columns 1306(-8103); nonzeros 1990(-23547) 

Solving MIP model with:
   429 rows
   1306 cols (64 binary, 0 integer, 0 implied int., 1242 continuous, 0 domain fixed)
   1990 nonzeros

Src: B => Branching; C => Central rounding; F => Feasibility pump; H => Heuristic;
     I => Shifting; J => Feasibility jump; L => Sub-MIP; P => Empty MIP; R => Randomized rounding;
     S => Solve LP; T => Evaluate node; U => Unbounded; X => User solution; Y => HiGHS solution;
     Z => ZI Round; l => Trivial lower; p => Trivial point; u => Trivial upper; z => Trivial zero

        Nodes      |    B&B Tree     |            Objective Bounds              |  Dynamic Constraints |       Work      
Src  Proc. InQueue |  Leaves   Expl. | BestBound       BestSol              Gap |   Cuts   InLp Confl. | LpIters     Time

 J       0       0         0   0.00%   -inf            4.959720574        Large        0      0      0         0     0.4s
 T       0       0         0   0.00%   -0.1222265747   2.650012978      104.61%        0      0      0       190     0.4s
         1       0         1 100.00%   2.650012978     2.650012978        0.00%        0      0      0       190     0.4s

Solving report
  Status            Optimal
  Primal bound      2.65001297849
  Dual bound        2.65001297849
  Gap               0% (tolerance: 0.5%)
  P-D integral      0.0107281648591
  Solution status   feasible
                    2.65001297849 (objective)
                    0 (bound viol.)
                    0 (int. viol.)
                    0 (row viol.)
  Timing            0.42
  Max sub-MIP depth 0
  Nodes             1
  Repair LPs        0
  LP iterations     190
                    0 (strong br.)
                    0 (separation)
                    0 (heuristics)
MIP has 10753 rows; 9409 cols; 25537 nonzeros; 1344 integer variables (1344 binary)
Coefficient ranges:
  Matrix  [2e-01, 2e+00]
  Cost    [5e-03, 6e-02]
  Bound   [1e+00, 1e+00]
  RHS     [1e-17, 4e+00]
WARNING: Problem has some excessively small row bounds
Presolving model
8064 rows, 8549 cols, 21988 nonzeros 0s
6116 rows, 6858 cols, 16857 nonzeros 0s
4035 rows, 4936 cols, 11374 nonzeros 0s
3916 rows, 3514 cols, 7946 nonzeros 0s
1775 rows, 2631 cols, 5313 nonzeros 0s
1526 rows, 2000 cols, 3716 nonzeros 0s
685 rows, 1634 cols, 2654 nonzeros 0s
552 rows, 1452 cols, 2339 nonzeros 0s
Presolve reductions: rows 552(-10201); columns 1452(-7957); nonzeros 2339(-23198) 

Solving MIP model with:
   552 rows
   1452 cols (84 binary, 0 integer, 0 implied int., 1368 continuous, 0 domain fixed)
   2339 nonzeros

Src: B => Branching; C => Central rounding; F => Feasibility pump; H => Heuristic;
     I => Shifting; J => Feasibility jump; L => Sub-MIP; P => Empty MIP; R => Randomized rounding;
     S => Solve LP; T => Evaluate node; U => Unbounded; X => User solution; Y => HiGHS solution;
     Z => ZI Round; l => Trivial lower; p => Trivial point; u => Trivial upper; z => Trivial zero

        Nodes      |    B&B Tree     |            Objective Bounds              |  Dynamic Constraints |       Work      
Src  Proc. InQueue |  Leaves   Expl. | BestBound       BestSol              Gap |   Cuts   InLp Confl. | LpIters     Time

 J       0       0         0   0.00%   -inf            4.513118295        Large        0      0      0         0     0.4s
 T       0       0         0   0.00%   -0.7255495971   1.861550267      138.98%        0      0      0       237     0.4s
         1       0         1 100.00%   1.861550267     1.861550267        0.00%        0      0      0       237     0.4s

Solving report
  Status            Optimal
  Primal bound      1.86155026712
  Dual bound        1.86155026712
  Gap               0% (tolerance: 0.5%)
  P-D integral      0.0140588898778
  Solution status   feasible
                    1.86155026712 (objective)
                    0 (bound viol.)
                    0 (int. viol.)
                    0 (row viol.)
  Timing            0.40
  Max sub-MIP depth 0
  Nodes             1
  Repair LPs        0
  LP iterations     237
                    0 (strong br.)
                    0 (separation)
                    0 (heuristics)
MIP has 10753 rows; 9409 cols; 25537 nonzeros; 1344 integer variables (1344 binary)
Coefficient ranges:
  Matrix  [2e-01, 2e+00]
  Cost    [5e-03, 6e-02]
  Bound   [1e+00, 1e+00]
  RHS     [1e-17, 4e+00]
WARNING: Problem has some excessively small row bounds
Presolving model
8064 rows, 8509 cols, 21948 nonzeros 0s
6139 rows, 6849 cols, 16886 nonzeros 0s
4076 rows, 4952 cols, 11454 nonzeros 0s
3964 rows, 3558 cols, 8043 nonzeros 0s
1862 rows, 2726 cols, 5544 nonzeros 0s
1616 rows, 2061 cols, 3841 nonzeros 0s
705 rows, 1668 cols, 2709 nonzeros 0s
551 rows, 1455 cols, 2342 nonzeros 0s
Presolve reductions: rows 551(-10202); columns 1455(-7954); nonzeros 2342(-23195) 

Solving MIP model with:
   551 rows
   1455 cols (85 binary, 0 integer, 0 implied int., 1370 continuous, 0 domain fixed)
   2342 nonzeros

Src: B => Branching; C => Central rounding; F => Feasibility pump; H => Heuristic;
     I => Shifting; J => Feasibility jump; L => Sub-MIP; P => Empty MIP; R => Randomized rounding;
     S => Solve LP; T => Evaluate node; U => Unbounded; X => User solution; Y => HiGHS solution;
     Z => ZI Round; l => Trivial lower; p => Trivial point; u => Trivial upper; z => Trivial zero

        Nodes      |    B&B Tree     |            Objective Bounds              |  Dynamic Constraints |       Work      
Src  Proc. InQueue |  Leaves   Expl. | BestBound       BestSol              Gap |   Cuts   InLp Confl. | LpIters     Time

 J       0       0         0   0.00%   -inf            4.569271345        Large        0      0      0         0     0.4s
 T       0       0         0   0.00%   -0.6592442171   1.909115846      134.53%        0      0      0       233     0.4s
         1       0         1 100.00%   1.909115846     1.909115846        0.00%        0      0      0       233     0.4s

Solving report
  Status            Optimal
  Primal bound      1.90911584607
  Dual bound        1.90911584607
  Gap               0% (tolerance: 0.5%)
  P-D integral      0.0125322823172
  Solution status   feasible
                    1.90911584607 (objective)
                    0 (bound viol.)
                    0 (int. viol.)
                    0 (row viol.)
  Timing            0.41
  Max sub-MIP depth 0
  Nodes             1
  Repair LPs        0
  LP iterations     233
                    0 (strong br.)
                    0 (separation)
                    0 (heuristics)
MIP has 10753 rows; 9409 cols; 25537 nonzeros; 1344 integer variables (1344 binary)
Coefficient ranges:
  Matrix  [2e-01, 2e+00]
  Cost    [5e-03, 6e-02]
  Bound   [1e+00, 1e+00]
  RHS     [1e-17, 4e+00]
WARNING: Problem has some excessively small row bounds
Presolving model
8064 rows, 8487 cols, 21926 nonzeros 0s
6157 rows, 6852 cols, 16920 nonzeros 0s
4097 rows, 4961 cols, 11501 nonzeros 0s
3987 rows, 3568 cols, 8084 nonzeros 0s
1891 rows, 2748 cols, 5626 nonzeros 0s
1656 rows, 2090 cols, 3932 nonzeros 0s
752 rows, 1720 cols, 2833 nonzeros 0s
602 rows, 1524 cols, 2487 nonzeros 0s
Presolve reductions: rows 602(-10151); columns 1524(-7885); nonzeros 2487(-23050) 

Solving MIP model with:
   602 rows
   1524 cols (92 binary, 0 integer, 0 implied int., 1432 continuous, 0 domain fixed)
   2487 nonzeros

Src: B => Branching; C => Central rounding; F => Feasibility pump; H => Heuristic;
     I => Shifting; J => Feasibility jump; L => Sub-MIP; P => Empty MIP; R => Randomized rounding;
     S => Solve LP; T => Evaluate node; U => Unbounded; X => User solution; Y => HiGHS solution;
     Z => ZI Round; l => Trivial lower; p => Trivial point; u => Trivial upper; z => Trivial zero

        Nodes      |    B&B Tree     |            Objective Bounds              |  Dynamic Constraints |       Work      
Src  Proc. InQueue |  Leaves   Expl. | BestBound       BestSol              Gap |   Cuts   InLp Confl. | LpIters     Time

 J       0       0         0   0.00%   -inf            3.559393284        Large        0      0      0         0     0.4s
 T       0       0         0   0.00%   -0.9964965036   1.105248221      190.16%        0      0      0       249     0.4s
         1       0         1 100.00%   1.105248221     1.105248221        0.00%        0      0      0       249     0.4s

Solving report
  Status            Optimal
  Primal bound      1.10524822114
  Dual bound        1.10524822114
  Gap               0% (tolerance: 0.5%)
  P-D integral      0.0151617627562
  Solution status   feasible
                    1.10524822114 (objective)
                    0 (bound viol.)
                    0 (int. viol.)
                    0 (row viol.)
  Timing            0.41
  Max sub-MIP depth 0
  Nodes             1
  Repair LPs        0
  LP iterations     249
                    0 (strong br.)
                    0 (separation)
                    0 (heuristics)
MIP has 10753 rows; 9409 cols; 25537 nonzeros; 1344 integer variables (1344 binary)
Coefficient ranges:
  Matrix  [2e-01, 2e+00]
  Cost    [5e-03, 6e-02]
  Bound   [1e+00, 1e+00]
  RHS     [3e-17, 4e+00]
WARNING: Problem has some excessively small row bounds
Presolving model
8064 rows, 8502 cols, 21941 nonzeros 0s
6141 rows, 6847 cols, 16889 nonzeros 0s
4099 rows, 4975 cols, 11515 nonzeros 0s
3986 rows, 3586 cols, 8099 nonzeros 0s
1886 rows, 2762 cols, 5629 nonzeros 0s
1640 rows, 2145 cols, 4064 nonzeros 0s
843 rows, 1816 cols, 3092 nonzeros 0s
711 rows, 1678 cols, 2822 nonzeros 0s
Presolve reductions: rows 711(-10042); columns 1678(-7731); nonzeros 2822(-22715) 

Solving MIP model with:
   711 rows
   1678 cols (110 binary, 0 integer, 0 implied int., 1568 continuous, 0 domain fixed)
   2822 nonzeros

Src: B => Branching; C => Central rounding; F => Feasibility pump; H => Heuristic;
     I => Shifting; J => Feasibility jump; L => Sub-MIP; P => Empty MIP; R => Randomized rounding;
     S => Solve LP; T => Evaluate node; U => Unbounded; X => User solution; Y => HiGHS solution;
     Z => ZI Round; l => Trivial lower; p => Trivial point; u => Trivial upper; z => Trivial zero

        Nodes      |    B&B Tree     |            Objective Bounds              |  Dynamic Constraints |       Work      
Src  Proc. InQueue |  Leaves   Expl. | BestBound       BestSol              Gap |   Cuts   InLp Confl. | LpIters     Time

 J       0       0         0   0.00%   -inf            2.9234821          Large        0      0      0         0     0.5s
 T       0       0         0   0.00%   -1.830928183    0.1416105203    1392.93%        0      0      0       288     0.5s
         1       0         1 100.00%   0.1416105203    0.1416105203       0.00%        0      0      0       288     0.5s

Solving report
  Status            Optimal
  Primal bound      0.141610520285
  Dual bound        0.141610520285
  Gap               0% (tolerance: 0.5%)
  P-D integral      0.0225076403095
  Solution status   feasible
                    0.141610520285 (objective)
                    0 (bound viol.)
                    0 (int. viol.)
                    0 (row viol.)
  Timing            0.50
  Max sub-MIP depth 0
  Nodes             1
  Repair LPs        0
  LP iterations     288
                    0 (strong br.)
                    0 (separation)
                    0 (heuristics)
MIP has 10753 rows; 9409 cols; 25537 nonzeros; 1344 integer variables (1344 binary)
Coefficient ranges:
  Matrix  [2e-01, 2e+00]
  Cost    [1e-02, 6e-02]
  Bound   [1e+00, 1e+00]
  RHS     [3e-17, 4e+00]
WARNING: Problem has some excessively small row bounds
Presolving model
8064 rows, 8516 cols, 21955 nonzeros 0s
6137 rows, 6853 cols, 16886 nonzeros 0s
4074 rows, 4960 cols, 11462 nonzeros 0s
3969 rows, 3564 cols, 8065 nonzeros 0s
1842 rows, 2701 cols, 5491 nonzeros 0s
1596 rows, 2064 cols, 3864 nonzeros 0s
758 rows, 1722 cols, 2856 nonzeros 0s
621 rows, 1580 cols, 2577 nonzeros 0s
Presolve reductions: rows 621(-10132); columns 1580(-7829); nonzeros 2577(-22960) 

Solving MIP model with:
   621 rows
   1580 cols (95 binary, 0 integer, 0 implied int., 1485 continuous, 0 domain fixed)
   2577 nonzeros

Src: B => Branching; C => Central rounding; F => Feasibility pump; H => Heuristic;
     I => Shifting; J => Feasibility jump; L => Sub-MIP; P => Empty MIP; R => Randomized rounding;
     S => Solve LP; T => Evaluate node; U => Unbounded; X => User solution; Y => HiGHS solution;
     Z => ZI Round; l => Trivial lower; p => Trivial point; u => Trivial upper; z => Trivial zero

        Nodes      |    B&B Tree     |            Objective Bounds              |  Dynamic Constraints |       Work      
Src  Proc. InQueue |  Leaves   Expl. | BestBound       BestSol              Gap |   Cuts   InLp Confl. | LpIters     Time

 J       0       0         0   0.00%   -inf            3.422062373        Large        0      0      0         0     0.4s
 T       0       0         0   0.00%   -1.631092506    0.4038766084     503.86%        0      0      0       253     0.4s
         1       0         1 100.00%   0.4038766084    0.4038766084       0.00%        0      0      0       253     0.4s

Solving report
  Status            Optimal
  Primal bound      0.40387660838
  Dual bound        0.40387660838
  Gap               0% (tolerance: 0.5%)
  P-D integral      0.0181470671375
  Solution status   feasible
                    0.40387660838 (objective)
                    0 (bound viol.)
                    0 (int. viol.)
                    0 (row viol.)
  Timing            0.40
  Max sub-MIP depth 0
  Nodes             1
  Repair LPs        0
  LP iterations     253
                    0 (strong br.)
                    0 (separation)
                    0 (heuristics)
MIP has 10753 rows; 9409 cols; 25537 nonzeros; 1344 integer variables (1344 binary)
Coefficient ranges:
  Matrix  [2e-01, 2e+00]
  Cost    [5e-03, 6e-02]
  Bound   [1e+00, 1e+00]
  RHS     [1e-17, 4e+00]
WARNING: Problem has some excessively small row bounds
Presolving model
8064 rows, 8545 cols, 21984 nonzeros 0s
6121 rows, 6857 cols, 16861 nonzeros 0s
4038 rows, 4933 cols, 11370 nonzeros 0s
3921 rows, 3528 cols, 7949 nonzeros 0s
1809 rows, 2682 cols, 5414 nonzeros 0s
1555 rows, 2027 cols, 3767 nonzeros 0s
677 rows, 1638 cols, 2638 nonzeros 0s
536 rows, 1497 cols, 2356 nonzeros 0s
Presolve reductions: rows 536(-10217); columns 1497(-7912); nonzeros 2356(-23181) 

Solving MIP model with:
   536 rows
   1497 cols (81 binary, 0 integer, 0 implied int., 1416 continuous, 0 domain fixed)
   2356 nonzeros

Src: B => Branching; C => Central rounding; F => Feasibility pump; H => Heuristic;
     I => Shifting; J => Feasibility jump; L => Sub-MIP; P => Empty MIP; R => Randomized rounding;
     S => Solve LP; T => Evaluate node; U => Unbounded; X => User solution; Y => HiGHS solution;
     Z => ZI Round; l => Trivial lower; p => Trivial point; u => Trivial upper; z => Trivial zero

        Nodes      |    B&B Tree     |            Objective Bounds              |  Dynamic Constraints |       Work      
Src  Proc. InQueue |  Leaves   Expl. | BestBound       BestSol              Gap |   Cuts   InLp Confl. | LpIters     Time

 J       0       0         0   0.00%   -inf            3.752331637        Large        0      0      0         0     0.4s
 T       0       0         0   0.00%   -1.195382565    0.9470487991     226.22%        0      0      0       222     0.4s
         1       0         1 100.00%   0.9470487991    0.9470487991       0.00%        0      0      0       222     0.4s

Solving report
  Status            Optimal
  Primal bound      0.947048799125
  Dual bound        0.947048799125
  Gap               0% (tolerance: 0.5%)
  P-D integral      0.0142066823822
  Solution status   feasible
                    0.947048799125 (objective)
                    0 (bound viol.)
                    0 (int. viol.)
                    0 (row viol.)
  Timing            0.39
  Max sub-MIP depth 0
  Nodes             1
  Repair LPs        0
  LP iterations     222
                    0 (strong br.)
                    0 (separation)
                    0 (heuristics)
MIP has 10753 rows; 9409 cols; 25537 nonzeros; 1344 integer variables (1344 binary)
Coefficient ranges:
  Matrix  [2e-01, 2e+00]
  Cost    [5e-03, 6e-02]
  Bound   [1e+00, 1e+00]
  RHS     [1e-17, 4e+00]
WARNING: Problem has some excessively small row bounds
Presolving model
8064 rows, 8624 cols, 22063 nonzeros 0s
6039 rows, 6828 cols, 16694 nonzeros 0s
3905 rows, 4830 cols, 11050 nonzeros 0s
3779 rows, 3384 cols, 7612 nonzeros 0s
1591 rows, 2440 cols, 4826 nonzeros 0s
1331 rows, 1894 cols, 3477 nonzeros 0s
712 rows, 1621 cols, 2708 nonzeros 0s
613 rows, 1500 cols, 2488 nonzeros 0s
Presolve reductions: rows 613(-10140); columns 1500(-7909); nonzeros 2488(-23049) 

Solving MIP model with:
   613 rows
   1500 cols (94 binary, 0 integer, 0 implied int., 1406 continuous, 0 domain fixed)
   2488 nonzeros

Src: B => Branching; C => Central rounding; F => Feasibility pump; H => Heuristic;
     I => Shifting; J => Feasibility jump; L => Sub-MIP; P => Empty MIP; R => Randomized rounding;
     S => Solve LP; T => Evaluate node; U => Unbounded; X => User solution; Y => HiGHS solution;
     Z => ZI Round; l => Trivial lower; p => Trivial point; u => Trivial upper; z => Trivial zero

        Nodes      |    B&B Tree     |            Objective Bounds              |  Dynamic Constraints |       Work      
Src  Proc. InQueue |  Leaves   Expl. | BestBound       BestSol              Gap |   Cuts   InLp Confl. | LpIters     Time

 J       0       0         0   0.00%   -inf            2.947496265        Large        0      0      0         0     0.4s
 T       0       0         0   0.00%   -1.074716193    0.788780566      236.25%        0      0      0       251     0.4s
         1       0         1 100.00%   0.788780566     0.788780566        0.00%        0      0      0       251     0.4s

Solving report
  Status            Optimal
  Primal bound      0.788780565957
  Dual bound        0.788780565957
  Gap               0% (tolerance: 0.5%)
  P-D integral      0.0169599270554
  Solution status   feasible
                    0.788780565957 (objective)
                    0 (bound viol.)
                    0 (int. viol.)
                    0 (row viol.)
  Timing            0.41
  Max sub-MIP depth 0
  Nodes             1
  Repair LPs        0
  LP iterations     251
                    0 (strong br.)
                    0 (separation)
                    0 (heuristics)
MIP has 10753 rows; 9409 cols; 25537 nonzeros; 1344 integer variables (1344 binary)
Coefficient ranges:
  Matrix  [2e-01, 2e+00]
  Cost    [5e-03, 6e-02]
  Bound   [1e+00, 1e+00]
  RHS     [7e-18, 5e+00]
WARNING: Problem has some excessively small row bounds
Presolving model
8064 rows, 8662 cols, 22101 nonzeros 0s
6058 rows, 6890 cols, 16786 nonzeros 0s
3874 rows, 4824 cols, 10988 nonzeros 0s
3738 rows, 3361 cols, 7526 nonzeros 0s
1552 rows, 2417 cols, 4737 nonzeros 0s
1283 rows, 1914 cols, 3536 nonzeros 0s
748 rows, 1665 cols, 2817 nonzeros 0s
663 rows, 1551 cols, 2618 nonzeros 0s
Presolve reductions: rows 663(-10090); columns 1551(-7858); nonzeros 2618(-22919) 

Solving MIP model with:
   663 rows
   1551 cols (102 binary, 0 integer, 0 implied int., 1449 continuous, 0 domain fixed)
   2618 nonzeros

Src: B => Branching; C => Central rounding; F => Feasibility pump; H => Heuristic;
     I => Shifting; J => Feasibility jump; L => Sub-MIP; P => Empty MIP; R => Randomized rounding;
     S => Solve LP; T => Evaluate node; U => Unbounded; X => User solution; Y => HiGHS solution;
     Z => ZI Round; l => Trivial lower; p => Trivial point; u => Trivial upper; z => Trivial zero

        Nodes      |    B&B Tree     |            Objective Bounds              |  Dynamic Constraints |       Work      
Src  Proc. InQueue |  Leaves   Expl. | BestBound       BestSol              Gap |   Cuts   InLp Confl. | LpIters     Time

         0       0         0   0.00%   -1.461452974    inf                  inf        0      0      0         0     0.4s
 T       0       0         0   0.00%   -1.461452974    0.247172503      691.27%        0      0      0       271     0.4s
         1       0         1 100.00%   0.247172503     0.247172503        0.00%        0      0      0       271     0.4s

Solving report
  Status            Optimal
  Primal bound      0.247172502986
  Dual bound        0.247172502986
  Gap               0% (tolerance: 0.5%)
  P-D integral      0.000401626997292
  Solution status   feasible
                    0.247172502986 (objective)
                    0 (bound viol.)
                    0 (int. viol.)
                    0 (row viol.)
  Timing            0.45
  Max sub-MIP depth 0
  Nodes             1
  Repair LPs        0
  LP iterations     271
                    0 (strong br.)
                    0 (separation)
                    0 (heuristics)
MIP has 10753 rows; 9409 cols; 25537 nonzeros; 1344 integer variables (1344 binary)
Coefficient ranges:
  Matrix  [2e-01, 2e+00]
  Cost    [5e-03, 6e-02]
  Bound   [1e+00, 1e+00]
  RHS     [7e-18, 5e+00]
WARNING: Problem has some excessively small row bounds
Presolving model
8064 rows, 8687 cols, 22126 nonzeros 0s
6066 rows, 6926 cols, 16834 nonzeros 0s
3856 rows, 4827 cols, 10955 nonzeros 0s
3677 rows, 3307 cols, 7388 nonzeros 0s
1484 rows, 2342 cols, 4542 nonzeros 0s
1206 rows, 1876 cols, 3458 nonzeros 0s
789 rows, 1683 cols, 2904 nonzeros 0s
720 rows, 1601 cols, 2751 nonzeros 0s
Presolve reductions: rows 720(-10033); columns 1601(-7808); nonzeros 2751(-22786) 

Solving MIP model with:
   720 rows
   1601 cols (109 binary, 0 integer, 0 implied int., 1492 continuous, 0 domain fixed)
   2751 nonzeros

Src: B => Branching; C => Central rounding; F => Feasibility pump; H => Heuristic;
     I => Shifting; J => Feasibility jump; L => Sub-MIP; P => Empty MIP; R => Randomized rounding;
     S => Solve LP; T => Evaluate node; U => Unbounded; X => User solution; Y => HiGHS solution;
     Z => ZI Round; l => Trivial lower; p => Trivial point; u => Trivial upper; z => Trivial zero

        Nodes      |    B&B Tree     |            Objective Bounds              |  Dynamic Constraints |       Work      
Src  Proc. InQueue |  Leaves   Expl. | BestBound       BestSol              Gap |   Cuts   InLp Confl. | LpIters     Time

         0       0         0   0.00%   -1.828364733    inf                  inf        0      0      0         0     0.5s
 T       0       0         0   0.00%   -1.828364733    -0.1897983052    863.32%        0      0      0       313     0.5s
         1       0         1 100.00%   -0.1897983052   -0.1897983052      0.00%        0      0      0       313     0.5s

Solving report
  Status            Optimal
  Primal bound      -0.189798305243
  Dual bound        -0.189798305243
  Gap               0% (tolerance: 0.5%)
  P-D integral      0.000528351745989
  Solution status   feasible
                    -0.189798305243 (objective)
                    0 (bound viol.)
                    0 (int. viol.)
                    0 (row viol.)
  Timing            0.49
  Max sub-MIP depth 0
  Nodes             1
  Repair LPs        0
  LP iterations     313
                    0 (strong br.)
                    0 (separation)
                    0 (heuristics)
MIP has 10753 rows; 9409 cols; 25537 nonzeros; 1344 integer variables (1344 binary)
Coefficient ranges:
  Matrix  [2e-01, 2e+00]
  Cost    [5e-03, 6e-02]
  Bound   [1e+00, 1e+00]
  RHS     [7e-18, 5e+00]
WARNING: Problem has some excessively small row bounds
Presolving model
8064 rows, 8726 cols, 22165 nonzeros 0s
6047 rows, 6937 cols, 16810 nonzeros 0s
3847 rows, 4852 cols, 10969 nonzeros 0s
3712 rows, 3383 cols, 7523 nonzeros 0s
1493 rows, 2392 cols, 4601 nonzeros 0s
1199 rows, 2098 cols, 4013 nonzeros 0s
980 rows, 1894 cols, 3466 nonzeros 0s
Presolve reductions: rows 980(-9773); columns 1894(-7515); nonzeros 3466(-22071) 

Solving MIP model with:
   980 rows
   1894 cols (149 binary, 0 integer, 0 implied int., 1745 continuous, 0 domain fixed)
   3466 nonzeros

Src: B => Branching; C => Central rounding; F => Feasibility pump; H => Heuristic;
     I => Shifting; J => Feasibility jump; L => Sub-MIP; P => Empty MIP; R => Randomized rounding;
     S => Solve LP; T => Evaluate node; U => Unbounded; X => User solution; Y => HiGHS solution;
     Z => ZI Round; l => Trivial lower; p => Trivial point; u => Trivial upper; z => Trivial zero

        Nodes      |    B&B Tree     |            Objective Bounds              |  Dynamic Constraints |       Work      
Src  Proc. InQueue |  Leaves   Expl. | BestBound       BestSol              Gap |   Cuts   InLp Confl. | LpIters     Time

         0       0         0   0.00%   -2.991292922    inf                  inf        0      0      0         0     0.4s
 T       0       0         0   0.00%   -2.991292922    -1.562536315      91.44%        0      0      0       406     0.4s
         1       0         1 100.00%   -1.562536315    -1.562536315       0.00%        0      0      0       406     0.4s

Solving report
  Status            Optimal
  Primal bound      -1.56253631498
  Dual bound        -1.56253631498
  Gap               0% (tolerance: 0.5%)
  P-D integral      4.28845554986e-05
  Solution status   feasible
                    -1.56253631498 (objective)
                    0 (bound viol.)
                    0 (int. viol.)
                    0 (row viol.)
  Timing            0.39
  Max sub-MIP depth 0
  Nodes             1
  Repair LPs        0
  LP iterations     406
                    0 (strong br.)
                    0 (separation)
                    0 (heuristics)
MIP has 10753 rows; 9409 cols; 25537 nonzeros; 1344 integer variables (1344 binary)
Coefficient ranges:
  Matrix  [2e-01, 2e+00]
  Cost    [5e-03, 6e-02]
  Bound   [1e+00, 1e+00]
  RHS     [7e-18, 5e+00]
WARNING: Problem has some excessively small row bounds
Presolving model
8064 rows, 8702 cols, 22141 nonzeros 0s
6054 rows, 6923 cols, 16807 nonzeros 0s
3859 rows, 4851 cols, 10980 nonzeros 0s
3720 rows, 3376 cols, 7506 nonzeros 0s
1516 rows, 2412 cols, 4668 nonzeros 0s
1232 rows, 1995 cols, 3736 nonzeros 0s
909 rows, 1823 cols, 3280 nonzeros 0s
900 rows, 1814 cols, 3262 nonzeros 0s
Presolve reductions: rows 900(-9853); columns 1814(-7595); nonzeros 3262(-22275) 

Solving MIP model with:
   900 rows
   1814 cols (138 binary, 0 integer, 0 implied int., 1676 continuous, 0 domain fixed)
   3262 nonzeros

Src: B => Branching; C => Central rounding; F => Feasibility pump; H => Heuristic;
     I => Shifting; J => Feasibility jump; L => Sub-MIP; P => Empty MIP; R => Randomized rounding;
     S => Solve LP; T => Evaluate node; U => Unbounded; X => User solution; Y => HiGHS solution;
     Z => ZI Round; l => Trivial lower; p => Trivial point; u => Trivial upper; z => Trivial zero

        Nodes      |    B&B Tree     |            Objective Bounds              |  Dynamic Constraints |       Work      
Src  Proc. InQueue |  Leaves   Expl. | BestBound       BestSol              Gap |   Cuts   InLp Confl. | LpIters     Time

         0       0         0   0.00%   -2.683551916    inf                  inf        0      0      0         0     0.4s
 T       0       0         0   0.00%   -2.683551916    -1.213557967     121.13%        0      0      0       360     0.4s
         1       0         1 100.00%   -1.213557967    -1.213557967       0.00%        0      0      0       360     0.4s

Solving report
  Status            Optimal
  Primal bound      -1.21355796678
  Dual bound        -1.21355796678
  Gap               0% (tolerance: 0.5%)
  P-D integral      6.84389806412e-05
  Solution status   feasible
                    -1.21355796678 (objective)
                    0 (bound viol.)
                    0 (int. viol.)
                    0 (row viol.)
  Timing            0.43
  Max sub-MIP depth 0
  Nodes             1
  Repair LPs        0
  LP iterations     360
                    0 (strong br.)
                    0 (separation)
                    0 (heuristics)
MIP has 10753 rows; 9409 cols; 25537 nonzeros; 1344 integer variables (1344 binary)
Coefficient ranges:
  Matrix  [2e-01, 2e+00]
  Cost    [5e-03, 6e-02]
  Bound   [1e+00, 1e+00]
  RHS     [3e-17, 4e+00]
WARNING: Problem has some excessively small row bounds
Presolving model
8064 rows, 8728 cols, 22167 nonzeros 0s
6033 rows, 6920 cols, 16772 nonzeros 0s
3877 rows, 4891 cols, 11051 nonzeros 0s
3736 rows, 3420 cols, 7603 nonzeros 0s
1501 rows, 2409 cols, 4633 nonzeros 0s
1203 rows, 2106 cols, 4032 nonzeros 0s
1010 rows, 1925 cols, 3550 nonzeros 0s
Presolve reductions: rows 1010(-9743); columns 1925(-7484); nonzeros 3550(-21987) 

Solving MIP model with:
   1010 rows
   1925 cols (154 binary, 0 integer, 0 implied int., 1771 continuous, 0 domain fixed)
   3550 nonzeros

Src: B => Branching; C => Central rounding; F => Feasibility pump; H => Heuristic;
     I => Shifting; J => Feasibility jump; L => Sub-MIP; P => Empty MIP; R => Randomized rounding;
     S => Solve LP; T => Evaluate node; U => Unbounded; X => User solution; Y => HiGHS solution;
     Z => ZI Round; l => Trivial lower; p => Trivial point; u => Trivial upper; z => Trivial zero

        Nodes      |    B&B Tree     |            Objective Bounds              |  Dynamic Constraints |       Work      
Src  Proc. InQueue |  Leaves   Expl. | BestBound       BestSol              Gap |   Cuts   InLp Confl. | LpIters     Time

 J       0       0         0   0.00%   -inf            0.8200898764       Large        0      0      0         0     0.4s
 T       0       0         0   0.00%   -2.72174299     -1.283812979     112.00%        0      0      0       407     0.4s
         1       0         1 100.00%   -1.283812979    -1.283812979       0.00%        0      0      0       407     0.4s

Solving report
  Status            Optimal
  Primal bound      -1.2838129789
  Dual bound        -1.2838129789
  Gap               0% (tolerance: 0.5%)
  P-D integral      0.0739336312834
  Solution status   feasible
                    -1.2838129789 (objective)
                    0 (bound viol.)
                    0 (int. viol.)
                    0 (row viol.)
  Timing            0.39
  Max sub-MIP depth 0
  Nodes             1
  Repair LPs        0
  LP iterations     407
                    0 (strong br.)
                    0 (separation)
                    0 (heuristics)
MIP has 10753 rows; 9409 cols; 25537 nonzeros; 1344 integer variables (1344 binary)
Coefficient ranges:
  Matrix  [2e-01, 2e+00]
  Cost    [1e-02, 6e-02]
  Bound   [1e+00, 1e+00]
  RHS     [6e-17, 4e+00]
WARNING: Problem has some excessively small row bounds
Presolving model
8064 rows, 8763 cols, 22202 nonzeros 0s
6015 rows, 6931 cols, 16753 nonzeros 0s
3802 rows, 4823 cols, 10868 nonzeros 0s
3649 rows, 3332 cols, 7430 nonzeros 0s
1430 rows, 2309 cols, 4442 nonzeros 0s
1140 rows, 2007 cols, 3850 nonzeros 0s
1135 rows, 2002 cols, 3840 nonzeros 0s
Presolve reductions: rows 1135(-9618); columns 2002(-7407); nonzeros 3840(-21697) 

Solving MIP model with:
   1135 rows
   2002 cols (176 binary, 0 integer, 0 implied int., 1826 continuous, 0 domain fixed)
   3840 nonzeros

Src: B => Branching; C => Central rounding; F => Feasibility pump; H => Heuristic;
     I => Shifting; J => Feasibility jump; L => Sub-MIP; P => Empty MIP; R => Randomized rounding;
     S => Solve LP; T => Evaluate node; U => Unbounded; X => User solution; Y => HiGHS solution;
     Z => ZI Round; l => Trivial lower; p => Trivial point; u => Trivial upper; z => Trivial zero

        Nodes      |    B&B Tree     |            Objective Bounds              |  Dynamic Constraints |       Work      
Src  Proc. InQueue |  Leaves   Expl. | BestBound       BestSol              Gap |   Cuts   InLp Confl. | LpIters     Time

         0       0         0   0.00%   -3.519915487    inf                  inf        0      0      0         0     0.4s
 T       0       0         0   0.00%   -3.519915487    -2.187268459      60.93%        0      0      0       449     0.4s
         1       0         1 100.00%   -2.187268459    -2.187268459       0.00%        0      0      0       449     0.4s

Solving report
  Status            Optimal
  Primal bound      -2.18726845921
  Dual bound        -2.18726845921
  Gap               0% (tolerance: 0.5%)
  P-D integral      3.54597745439e-05
  Solution status   feasible
                    -2.18726845921 (objective)
                    0 (bound viol.)
                    0 (int. viol.)
                    0 (row viol.)
  Timing            0.40
  Max sub-MIP depth 0
  Nodes             1
  Repair LPs        0
  LP iterations     449
                    0 (strong br.)
                    0 (separation)
                    0 (heuristics)
MIP has 10753 rows; 9409 cols; 25537 nonzeros; 1344 integer variables (1344 binary)
Coefficient ranges:
  Matrix  [2e-01, 2e+00]
  Cost    [1e-02, 6e-02]
  Bound   [1e+00, 1e+00]
  RHS     [3e-16, 4e+00]
WARNING: Problem has some excessively small row bounds
Presolving model
8064 rows, 8774 cols, 22213 nonzeros 0s
6000 rows, 6923 cols, 16718 nonzeros 0s
3737 rows, 4743 cols, 10675 nonzeros 0s
3579 rows, 3240 cols, 7187 nonzeros 0s
1303 rows, 2169 cols, 4075 nonzeros 0s
1024 rows, 1888 cols, 3515 nonzeros 0s
917 rows, 1773 cols, 3253 nonzeros 0s
Presolve reductions: rows 917(-9836); columns 1773(-7636); nonzeros 3253(-22284) 

Solving MIP model with:
   917 rows
   1773 cols (141 binary, 0 integer, 0 implied int., 1632 continuous, 0 domain fixed)
   3253 nonzeros

Src: B => Branching; C => Central rounding; F => Feasibility pump; H => Heuristic;
     I => Shifting; J => Feasibility jump; L => Sub-MIP; P => Empty MIP; R => Randomized rounding;
     S => Solve LP; T => Evaluate node; U => Unbounded; X => User solution; Y => HiGHS solution;
     Z => ZI Round; l => Trivial lower; p => Trivial point; u => Trivial upper; z => Trivial zero

        Nodes      |    B&B Tree     |            Objective Bounds              |  Dynamic Constraints |       Work      
Src  Proc. InQueue |  Leaves   Expl. | BestBound       BestSol              Gap |   Cuts   InLp Confl. | LpIters     Time

 J       0       0         0   0.00%   -inf            1.172616548        Large        0      0      0         0     0.4s
 T       0       0         0   0.00%   -2.767643591    -1.317117618     110.13%        0      0      0       382     0.5s
         1       0         1 100.00%   -1.317117618    -1.317117618       0.00%        0      0      0       382     0.5s

Solving report
  Status            Optimal
  Primal bound      -1.31711761829
  Dual bound        -1.31711761829
  Gap               0% (tolerance: 0.5%)
  P-D integral      0.0498372018455
  Solution status   feasible
                    -1.31711761829 (objective)
                    0 (bound viol.)
                    0 (int. viol.)
                    0 (row viol.)
  Timing            0.46
  Max sub-MIP depth 0
  Nodes             1
  Repair LPs        0
  LP iterations     382
                    0 (strong br.)
                    0 (separation)
                    0 (heuristics)
MIP has 10753 rows; 9409 cols; 25537 nonzeros; 1344 integer variables (1344 binary)
Coefficient ranges:
  Matrix  [2e-01, 2e+00]
  Cost    [5e-03, 6e-02]
  Bound   [1e+00, 1e+00]
  RHS     [3e-16, 4e+00]
WARNING: Problem has some excessively small row bounds
Presolving model
8064 rows, 8794 cols, 22233 nonzeros 0s
5978 rows, 6915 cols, 16672 nonzeros 0s
3698 rows, 4710 cols, 10571 nonzeros 0s
3534 rows, 3196 cols, 7075 nonzeros 0s
1254 rows, 2116 cols, 3933 nonzeros 0s
974 rows, 1835 cols, 3370 nonzeros 0s
801 rows, 1670 cols, 2952 nonzeros 0s
Presolve reductions: rows 801(-9952); columns 1670(-7739); nonzeros 2952(-22585) 

Solving MIP model with:
   801 rows
   1670 cols (121 binary, 0 integer, 0 implied int., 1549 continuous, 0 domain fixed)
   2952 nonzeros

Src: B => Branching; C => Central rounding; F => Feasibility pump; H => Heuristic;
     I => Shifting; J => Feasibility jump; L => Sub-MIP; P => Empty MIP; R => Randomized rounding;
     S => Solve LP; T => Evaluate node; U => Unbounded; X => User solution; Y => HiGHS solution;
     Z => ZI Round; l => Trivial lower; p => Trivial point; u => Trivial upper; z => Trivial zero

        Nodes      |    B&B Tree     |            Objective Bounds              |  Dynamic Constraints |       Work      
Src  Proc. InQueue |  Leaves   Expl. | BestBound       BestSol              Gap |   Cuts   InLp Confl. | LpIters     Time

         0       0         0   0.00%   -2.15193518     inf                  inf        0      0      0         0     0.4s
 T       0       0         0   0.00%   -2.15193518     -0.7011421987    206.92%        0      0      0       345     0.5s
         1       0         1 100.00%   -0.7011421987   -0.7011421987      0.00%        0      0      0       345     0.5s

Solving report
  Status            Optimal
  Primal bound      -0.70114219871
  Dual bound        -0.70114219871
  Gap               0% (tolerance: 0.5%)
  P-D integral      0.000106563060509
  Solution status   feasible
                    -0.70114219871 (objective)
                    0 (bound viol.)
                    0 (int. viol.)
                    0 (row viol.)
  Timing            0.45
  Max sub-MIP depth 0
  Nodes             1
  Repair LPs        0
  LP iterations     345
                    0 (strong br.)
                    0 (separation)
                    0 (heuristics)
MIP has 10753 rows; 9409 cols; 25537 nonzeros; 1344 integer variables (1344 binary)
Coefficient ranges:
  Matrix  [2e-01, 2e+00]
  Cost    [5e-03, 6e-02]
  Bound   [1e+00, 1e+00]
  RHS     [3e-16, 4e+00]
WARNING: Problem has some excessively small row bounds
Presolving model
8064 rows, 8818 cols, 22257 nonzeros 0s
5953 rows, 6906 cols, 16622 nonzeros 0s
3659 rows, 4676 cols, 10474 nonzeros 0s
3485 rows, 3130 cols, 6926 nonzeros 0s
1216 rows, 2065 cols, 3828 nonzeros 0s
947 rows, 1796 cols, 3288 nonzeros 0s
838 rows, 1683 cols, 3022 nonzeros 0s
Presolve reductions: rows 838(-9915); columns 1683(-7726); nonzeros 3022(-22515) 

Solving MIP model with:
   838 rows
   1683 cols (126 binary, 0 integer, 0 implied int., 1557 continuous, 0 domain fixed)
   3022 nonzeros

Src: B => Branching; C => Central rounding; F => Feasibility pump; H => Heuristic;
     I => Shifting; J => Feasibility jump; L => Sub-MIP; P => Empty MIP; R => Randomized rounding;
     S => Solve LP; T => Evaluate node; U => Unbounded; X => User solution; Y => HiGHS solution;
     Z => ZI Round; l => Trivial lower; p => Trivial point; u => Trivial upper; z => Trivial zero

        Nodes      |    B&B Tree     |            Objective Bounds              |  Dynamic Constraints |       Work      
Src  Proc. InQueue |  Leaves   Expl. | BestBound       BestSol              Gap |   Cuts   InLp Confl. | LpIters     Time

 J       0       0         0   0.00%   -inf            1.304521963        Large        0      0      0         0     0.4s
 T       0       0         0   0.00%   -2.175761515    -0.6826859822    218.71%        0      0      0       348     0.4s
         1       0         1 100.00%   -0.6826859822   -0.6826859822      0.00%        0      0      0       348     0.4s

Solving report
  Status            Optimal
  Primal bound      -0.682685982174
  Dual bound        -0.682685982174
  Gap               0% (tolerance: 0.5%)
  P-D integral      0.0360243779108
  Solution status   feasible
                    -0.682685982174 (objective)
                    0 (bound viol.)
                    0 (int. viol.)
                    0 (row viol.)
  Timing            0.44
  Max sub-MIP depth 0
  Nodes             1
  Repair LPs        0
  LP iterations     348
                    0 (strong br.)
                    0 (separation)
                    0 (heuristics)
MIP has 10753 rows; 9409 cols; 25537 nonzeros; 1344 integer variables (1344 binary)
Coefficient ranges:
  Matrix  [2e-01, 2e+00]
  Cost    [1e-02, 6e-02]
  Bound   [1e+00, 1e+00]
  RHS     [1e-17, 4e+00]
WARNING: Problem has some excessively small row bounds
Presolving model
8064 rows, 8813 cols, 22252 nonzeros 0s
5984 rows, 6938 cols, 16701 nonzeros 0s
3701 rows, 4728 cols, 10588 nonzeros 0s
3560 rows, 3252 cols, 7168 nonzeros 0s
1261 rows, 2148 cols, 3968 nonzeros 0s
982 rows, 1869 cols, 3410 nonzeros 0s
779 rows, 1665 cols, 2903 nonzeros 0s
Presolve reductions: rows 779(-9974); columns 1665(-7744); nonzeros 2903(-22634) 

Solving MIP model with:
   779 rows
   1665 cols (115 binary, 0 integer, 0 implied int., 1550 continuous, 0 domain fixed)
   2903 nonzeros

Src: B => Branching; C => Central rounding; F => Feasibility pump; H => Heuristic;
     I => Shifting; J => Feasibility jump; L => Sub-MIP; P => Empty MIP; R => Randomized rounding;
     S => Solve LP; T => Evaluate node; U => Unbounded; X => User solution; Y => HiGHS solution;
     Z => ZI Round; l => Trivial lower; p => Trivial point; u => Trivial upper; z => Trivial zero

        Nodes      |    B&B Tree     |            Objective Bounds              |  Dynamic Constraints |       Work      
Src  Proc. InQueue |  Leaves   Expl. | BestBound       BestSol              Gap |   Cuts   InLp Confl. | LpIters     Time

         0       0         0   0.00%   -1.820598765    inf                  inf        0      0      0         0     0.4s
 T       0       0         0   0.00%   -1.820598765    -0.3606551979    404.80%        0      0      0       334     0.4s
         1       0         1 100.00%   -0.3606551979   -0.3606551979      0.00%        0      0      0       334     0.4s

Solving report
  Status            Optimal
  Primal bound      -0.360655197908
  Dual bound        -0.360655197908
  Gap               0% (tolerance: 0.5%)
  P-D integral      0.000232357004639
  Solution status   feasible
                    -0.360655197908 (objective)
                    0 (bound viol.)
                    0 (int. viol.)
                    0 (row viol.)
  Timing            0.41
  Max sub-MIP depth 0
  Nodes             1
  Repair LPs        0
  LP iterations     334
                    0 (strong br.)
                    0 (separation)
                    0 (heuristics)
MIP has 10753 rows; 9409 cols; 25537 nonzeros; 1344 integer variables (1344 binary)
Coefficient ranges:
  Matrix  [2e-01, 2e+00]
  Cost    [1e-02, 6e-02]
  Bound   [1e+00, 1e+00]
  RHS     [1e-17, 4e+00]
WARNING: Problem has some excessively small row bounds
Presolving model
8064 rows, 8931 cols, 22370 nonzeros 0s
5867 rows, 6894 cols, 16456 nonzeros 0s
3493 rows, 4555 cols, 10067 nonzeros 0s
3323 rows, 3018 cols, 6638 nonzeros 0s
1003 rows, 1841 cols, 3243 nonzeros 0s
764 rows, 1602 cols, 2765 nonzeros 0s
681 rows, 1495 cols, 2575 nonzeros 0s
Presolve reductions: rows 681(-10072); columns 1495(-7914); nonzeros 2575(-22962) 

Solving MIP model with:
   681 rows
   1495 cols (100 binary, 0 integer, 0 implied int., 1395 continuous, 0 domain fixed)
   2575 nonzeros

Src: B => Branching; C => Central rounding; F => Feasibility pump; H => Heuristic;
     I => Shifting; J => Feasibility jump; L => Sub-MIP; P => Empty MIP; R => Randomized rounding;
     S => Solve LP; T => Evaluate node; U => Unbounded; X => User solution; Y => HiGHS solution;
     Z => ZI Round; l => Trivial lower; p => Trivial point; u => Trivial upper; z => Trivial zero

        Nodes      |    B&B Tree     |            Objective Bounds              |  Dynamic Constraints |       Work      
Src  Proc. InQueue |  Leaves   Expl. | BestBound       BestSol              Gap |   Cuts   InLp Confl. | LpIters     Time

 J       0       0         0   0.00%   -inf            1.24482738         Large        0      0      0         0     0.4s
 T       0       0         0   0.00%   -1.354924509    -0.1940933424    598.08%        0      0      0       296     0.4s
         1       0         1 100.00%   -0.1940933424   -0.1940933424      0.00%        0      0      0       296     0.4s

Solving report
  Status            Optimal
  Primal bound      -0.194093342378
  Dual bound        -0.194093342378
  Gap               0% (tolerance: 0.5%)
  P-D integral      0.0266806708748
  Solution status   feasible
                    -0.194093342378 (objective)
                    0 (bound viol.)
                    0 (int. viol.)
                    0 (row viol.)
  Timing            0.38
  Max sub-MIP depth 0
  Nodes             1
  Repair LPs        0
  LP iterations     296
                    0 (strong br.)
                    0 (separation)
                    0 (heuristics)
MIP has 10753 rows; 9409 cols; 25537 nonzeros; 1344 integer variables (1344 binary)
Coefficient ranges:
  Matrix  [2e-01, 2e+00]
  Cost    [1e-02, 6e-02]
  Bound   [1e+00, 1e+00]
  RHS     [1e-17, 4e+00]
WARNING: Problem has some excessively small row bounds
Presolving model
8064 rows, 9232 cols, 22671 nonzeros 0s
5596 rows, 6826 cols, 15917 nonzeros 0s
2922 rows, 4045 cols, 8590 nonzeros 0s
2706 rows, 2662 cols, 5843 nonzeros 0s
796 rows, 1492 cols, 2590 nonzeros 0s
589 rows, 1284 cols, 2174 nonzeros 0s
517 rows, 1212 cols, 2030 nonzeros 0s
Presolve reductions: rows 517(-10236); columns 1212(-8197); nonzeros 2030(-23507) 

Solving MIP model with:
   517 rows
   1212 cols (76 binary, 0 integer, 0 implied int., 1136 continuous, 0 domain fixed)
   2030 nonzeros

Src: B => Branching; C => Central rounding; F => Feasibility pump; H => Heuristic;
     I => Shifting; J => Feasibility jump; L => Sub-MIP; P => Empty MIP; R => Randomized rounding;
     S => Solve LP; T => Evaluate node; U => Unbounded; X => User solution; Y => HiGHS solution;
     Z => ZI Round; l => Trivial lower; p => Trivial point; u => Trivial upper; z => Trivial zero

        Nodes      |    B&B Tree     |            Objective Bounds              |  Dynamic Constraints |       Work      
Src  Proc. InQueue |  Leaves   Expl. | BestBound       BestSol              Gap |   Cuts   InLp Confl. | LpIters     Time

 J       0       0         0   0.00%   -inf            0.5837783492       Large        0      0      0         0     0.4s
 T       0       0         0   0.00%   -0.9185656978   -0.3372912634    172.34%        0      0      0       230     0.4s
         1       0         1 100.00%   -0.3372912634   -0.3372912634      0.00%        0      0      0       230     0.4s

Solving report
  Status            Optimal
  Primal bound      -0.337291263362
  Dual bound        -0.337291263362
  Gap               0% (tolerance: 0.5%)
  P-D integral      0.0258416197916
  Solution status   feasible
                    -0.337291263362 (objective)
                    0 (bound viol.)
                    0 (int. viol.)
                    0 (row viol.)
  Timing            0.43
  Max sub-MIP depth 0
  Nodes             1
  Repair LPs        0
  LP iterations     230
                    0 (strong br.)
                    0 (separation)
                    0 (heuristics)
MIP has 10753 rows; 9409 cols; 25537 nonzeros; 1344 integer variables (1344 binary)
Coefficient ranges:
  Matrix  [2e-01, 2e+00]
  Cost    [1e-02, 6e-02]
  Bound   [1e+00, 1e+00]
  RHS     [3e-18, 4e+00]
WARNING: Problem has some excessively small row bounds
Presolving model
8064 rows, 9128 cols, 22567 nonzeros 0s
5723 rows, 6895 cols, 16206 nonzeros 0s
3215 rows, 4351 cols, 9385 nonzeros 0s
3028 rows, 2896 cols, 6360 nonzeros 0s
870 rows, 1651 cols, 2844 nonzeros 0s
638 rows, 1414 cols, 2373 nonzeros 0s
551 rows, 1288 cols, 2160 nonzeros 0s
Presolve reductions: rows 551(-10202); columns 1288(-8121); nonzeros 2160(-23377) 

Solving MIP model with:
   551 rows
   1288 cols (81 binary, 0 integer, 0 implied int., 1207 continuous, 0 domain fixed)
   2160 nonzeros

Src: B => Branching; C => Central rounding; F => Feasibility pump; H => Heuristic;
     I => Shifting; J => Feasibility jump; L => Sub-MIP; P => Empty MIP; R => Randomized rounding;
     S => Solve LP; T => Evaluate node; U => Unbounded; X => User solution; Y => HiGHS solution;
     Z => ZI Round; l => Trivial lower; p => Trivial point; u => Trivial upper; z => Trivial zero

        Nodes      |    B&B Tree     |            Objective Bounds              |  Dynamic Constraints |       Work      
Src  Proc. InQueue |  Leaves   Expl. | BestBound       BestSol              Gap |   Cuts   InLp Confl. | LpIters     Time

         0       0         0   0.00%   -1.10730857     inf                  inf        0      0      0         0     0.4s
 T       0       0         0   0.00%   -1.10730857     -0.1527940007    624.71%        0      0      0       244     0.4s
         1       0         1 100.00%   -0.1527940007   -0.1527940007      0.00%        0      0      0       244     0.4s

Solving report
  Status            Optimal
  Primal bound      -0.152794000739
  Dual bound        -0.152794000739
  Gap               0% (tolerance: 0.5%)
  P-D integral      0.000349835856462
  Solution status   feasible
                    -0.152794000739 (objective)
                    0 (bound viol.)
                    0 (int. viol.)
                    0 (row viol.)
  Timing            0.38
  Max sub-MIP depth 0
  Nodes             1
  Repair LPs        0
  LP iterations     244
                    0 (strong br.)
                    0 (separation)
                    0 (heuristics)
MIP has 10753 rows; 9409 cols; 25537 nonzeros; 1344 integer variables (1344 binary)
Coefficient ranges:
  Matrix  [2e-01, 2e+00]
  Cost    [1e-02, 6e-02]
  Bound   [1e+00, 1e+00]
  RHS     [3e-18, 4e+00]
WARNING: Problem has some excessively small row bounds
Presolving model
8064 rows, 8833 cols, 22272 nonzeros 0s
5952 rows, 6913 cols, 16621 nonzeros 0s
3701 rows, 4744 cols, 10596 nonzeros 0s
3535 rows, 3229 cols, 7111 nonzeros 0s
1243 rows, 2134 cols, 3926 nonzeros 0s
961 rows, 1849 cols, 3361 nonzeros 0s
808 rows, 1697 cols, 2988 nonzeros 0s
Presolve reductions: rows 808(-9945); columns 1697(-7712); nonzeros 2988(-22549) 

Solving MIP model with:
   808 rows
   1697 cols (121 binary, 0 integer, 0 implied int., 1576 continuous, 0 domain fixed)
   2988 nonzeros

Src: B => Branching; C => Central rounding; F => Feasibility pump; H => Heuristic;
     I => Shifting; J => Feasibility jump; L => Sub-MIP; P => Empty MIP; R => Randomized rounding;
     S => Solve LP; T => Evaluate node; U => Unbounded; X => User solution; Y => HiGHS solution;
     Z => ZI Round; l => Trivial lower; p => Trivial point; u => Trivial upper; z => Trivial zero

        Nodes      |    B&B Tree     |            Objective Bounds              |  Dynamic Constraints |       Work      
Src  Proc. InQueue |  Leaves   Expl. | BestBound       BestSol              Gap |   Cuts   InLp Confl. | LpIters     Time

         0       0         0   0.00%   -1.924871258    inf                  inf        0      0      0         0     0.4s
 T       0       0         0   0.00%   -1.924871258    -0.4086640892    371.02%        0      0      0       353     0.4s
         1       0         1 100.00%   -0.4086640892   -0.4086640892      0.00%        0      0      0       353     0.4s

Solving report
  Status            Optimal
  Primal bound      -0.408664089165
  Dual bound        -0.408664089165
  Gap               0% (tolerance: 0.5%)
  P-D integral      0.000231884679873
  Solution status   feasible
                    -0.408664089165 (objective)
                    0 (bound viol.)
                    0 (int. viol.)
                    0 (row viol.)
  Timing            0.41
  Max sub-MIP depth 0
  Nodes             1
  Repair LPs        0
  LP iterations     353
                    0 (strong br.)
                    0 (separation)
                    0 (heuristics)
MIP has 10753 rows; 9409 cols; 25537 nonzeros; 1344 integer variables (1344 binary)
Coefficient ranges:
  Matrix  [2e-01, 2e+00]
  Cost    [5e-03, 6e-02]
  Bound   [1e+00, 1e+00]
  RHS     [3e-17, 4e+00]
WARNING: Problem has some excessively small row bounds
Presolving model
8064 rows, 8771 cols, 22210 nonzeros 0s
5997 rows, 6915 cols, 16699 nonzeros 0s
3741 rows, 4755 cols, 10683 nonzeros 0s
3580 rows, 3256 cols, 7197 nonzeros 0s
1308 rows, 2184 cols, 4087 nonzeros 0s
1027 rows, 1901 cols, 3523 nonzeros 0s
745 rows, 1646 cols, 2814 nonzeros 0s
703 rows, 1592 cols, 2718 nonzeros 0s
Presolve reductions: rows 703(-10050); columns 1592(-7817); nonzeros 2718(-22819) 

Solving MIP model with:
   703 rows
   1592 cols (106 binary, 0 integer, 0 implied int., 1486 continuous, 0 domain fixed)
   2718 nonzeros

Src: B => Branching; C => Central rounding; F => Feasibility pump; H => Heuristic;
     I => Shifting; J => Feasibility jump; L => Sub-MIP; P => Empty MIP; R => Randomized rounding;
     S => Solve LP; T => Evaluate node; U => Unbounded; X => User solution; Y => HiGHS solution;
     Z => ZI Round; l => Trivial lower; p => Trivial point; u => Trivial upper; z => Trivial zero

        Nodes      |    B&B Tree     |            Objective Bounds              |  Dynamic Constraints |       Work      
Src  Proc. InQueue |  Leaves   Expl. | BestBound       BestSol              Gap |   Cuts   InLp Confl. | LpIters     Time

 J       0       0         0   0.00%   -inf            2.042000678        Large        0      0      0         0     0.4s
 T       0       0         0   0.00%   -1.694111639    -0.1359643226   1146.00%        0      0      0       298     0.5s
         1       0         1 100.00%   -0.1359643226   -0.1359643226      0.00%        0      0      0       298     0.5s

Solving report
  Status            Optimal
  Primal bound      -0.135964322601
  Dual bound        -0.135964322601
  Gap               0% (tolerance: 0.5%)
  P-D integral      0.0226272569438
  Solution status   feasible
                    -0.135964322601 (objective)
                    0 (bound viol.)
                    0 (int. viol.)
                    0 (row viol.)
  Timing            0.46
  Max sub-MIP depth 0
  Nodes             1
  Repair LPs        0
  LP iterations     298
                    0 (strong br.)
                    0 (separation)
                    0 (heuristics)
MIP has 10753 rows; 9409 cols; 25537 nonzeros; 1344 integer variables (1344 binary)
Coefficient ranges:
  Matrix  [2e-01, 2e+00]
  Cost    [5e-03, 6e-02]
  Bound   [1e+00, 1e+00]
  RHS     [3e-17, 4e+00]
WARNING: Problem has some excessively small row bounds
Presolving model
8064 rows, 8744 cols, 22183 nonzeros 0s
5991 rows, 6880 cols, 16658 nonzeros 0s
3764 rows, 4747 cols, 10714 nonzeros 0s
3626 rows, 3278 cols, 7265 nonzeros 0s
1398 rows, 2277 cols, 4322 nonzeros 0s
1121 rows, 1998 cols, 3766 nonzeros 0s
714 rows, 1627 cols, 2732 nonzeros 0s
654 rows, 1545 cols, 2590 nonzeros 0s
Presolve reductions: rows 654(-10099); columns 1545(-7864); nonzeros 2590(-22947) 

Solving MIP model with:
   654 rows
   1545 cols (98 binary, 0 integer, 0 implied int., 1447 continuous, 0 domain fixed)
   2590 nonzeros

Src: B => Branching; C => Central rounding; F => Feasibility pump; H => Heuristic;
     I => Shifting; J => Feasibility jump; L => Sub-MIP; P => Empty MIP; R => Randomized rounding;
     S => Solve LP; T => Evaluate node; U => Unbounded; X => User solution; Y => HiGHS solution;
     Z => ZI Round; l => Trivial lower; p => Trivial point; u => Trivial upper; z => Trivial zero

        Nodes      |    B&B Tree     |            Objective Bounds              |  Dynamic Constraints |       Work      
Src  Proc. InQueue |  Leaves   Expl. | BestBound       BestSol              Gap |   Cuts   InLp Confl. | LpIters     Time

 J       0       0         0   0.00%   -inf            2.322412285        Large        0      0      0         0     0.4s
 T       0       0         0   0.00%   -1.293549697    0.3724188872     447.34%        0      0      0       274     0.4s
         1       0         1 100.00%   0.3724188872    0.3724188872       0.00%        0      0      0       274     0.4s

Solving report
  Status            Optimal
  Primal bound      0.372418887213
  Dual bound        0.372418887213
  Gap               0% (tolerance: 0.5%)
  P-D integral      0.0189744937157
  Solution status   feasible
                    0.372418887213 (objective)
                    0 (bound viol.)
                    0 (int. viol.)
                    0 (row viol.)
  Timing            0.42
  Max sub-MIP depth 0
  Nodes             1
  Repair LPs        0
  LP iterations     274
                    0 (strong br.)
                    0 (separation)
                    0 (heuristics)
MIP has 10753 rows; 9409 cols; 25537 nonzeros; 1344 integer variables (1344 binary)
Coefficient ranges:
  Matrix  [2e-01, 2e+00]
  Cost    [1e-02, 6e-02]
  Bound   [1e+00, 1e+00]
  RHS     [2e-03, 4e+00]
Presolving model
8064 rows, 8763 cols, 22202 nonzeros 0s
5973 rows, 6875 cols, 16623 nonzeros 0s
3746 rows, 4736 cols, 10673 nonzeros 0s
3603 rows, 3267 cols, 7240 nonzeros 0s
1352 rows, 2230 cols, 4197 nonzeros 0s
1066 rows, 1944 cols, 3625 nonzeros 0s
680 rows, 1597 cols, 2644 nonzeros 0s
619 rows, 1518 cols, 2504 nonzeros 0s
Presolve reductions: rows 619(-10134); columns 1518(-7891); nonzeros 2504(-23033) 

Solving MIP model with:
   619 rows
   1518 cols (92 binary, 0 integer, 0 implied int., 1426 continuous, 0 domain fixed)
   2504 nonzeros

Src: B => Branching; C => Central rounding; F => Feasibility pump; H => Heuristic;
     I => Shifting; J => Feasibility jump; L => Sub-MIP; P => Empty MIP; R => Randomized rounding;
     S => Solve LP; T => Evaluate node; U => Unbounded; X => User solution; Y => HiGHS solution;
     Z => ZI Round; l => Trivial lower; p => Trivial point; u => Trivial upper; z => Trivial zero

        Nodes      |    B&B Tree     |            Objective Bounds              |  Dynamic Constraints |       Work      
Src  Proc. InQueue |  Leaves   Expl. | BestBound       BestSol              Gap |   Cuts   InLp Confl. | LpIters     Time

 J       0       0         0   0.00%   -inf            2.478313146        Large        0      0      0         0     0.4s
 T       0       0         0   0.00%   -0.9982042193   0.6281337113     258.92%        0      0      0       274     0.4s
         1       0         1 100.00%   0.6281337113    0.6281337113       0.00%        0      0      0       274     0.4s

Solving report
  Status            Optimal
  Primal bound      0.628133711305
  Dual bound        0.628133711305
  Gap               0% (tolerance: 0.5%)
  P-D integral      0.0176133814126
  Solution status   feasible
                    0.628133711305 (objective)
                    0 (bound viol.)
                    0 (int. viol.)
                    0 (row viol.)
  Timing            0.43
  Max sub-MIP depth 0
  Nodes             1
  Repair LPs        0
  LP iterations     274
                    0 (strong br.)
                    0 (separation)
                    0 (heuristics)
MIP has 10753 rows; 9409 cols; 25537 nonzeros; 1344 integer variables (1344 binary)
Coefficient ranges:
  Matrix  [2e-01, 2e+00]
  Cost    [1e-02, 6e-02]
  Bound   [1e+00, 1e+00]
  RHS     [1e-15, 4e+00]
WARNING: Problem has some excessively small row bounds
Presolving model
8064 rows, 8778 cols, 22217 nonzeros 0s
5989 rows, 6911 cols, 16683 nonzeros 0s
3731 rows, 4732 cols, 10638 nonzeros 0s
3554 rows, 3213 cols, 7101 nonzeros 0s
1318 rows, 2184 cols, 4105 nonzeros 0s
1046 rows, 1910 cols, 3557 nonzeros 0s
742 rows, 1629 cols, 2785 nonzeros 0s
702 rows, 1588 cols, 2703 nonzeros 0s
Presolve reductions: rows 702(-10051); columns 1588(-7821); nonzeros 2703(-22834) 

Solving MIP model with:
   702 rows
   1588 cols (104 binary, 0 integer, 0 implied int., 1484 continuous, 0 domain fixed)
   2703 nonzeros

Src: B => Branching; C => Central rounding; F => Feasibility pump; H => Heuristic;
     I => Shifting; J => Feasibility jump; L => Sub-MIP; P => Empty MIP; R => Randomized rounding;
     S => Solve LP; T => Evaluate node; U => Unbounded; X => User solution; Y => HiGHS solution;
     Z => ZI Round; l => Trivial lower; p => Trivial point; u => Trivial upper; z => Trivial zero

        Nodes      |    B&B Tree     |            Objective Bounds              |  Dynamic Constraints |       Work      
Src  Proc. InQueue |  Leaves   Expl. | BestBound       BestSol              Gap |   Cuts   InLp Confl. | LpIters     Time

 J       0       0         0   0.00%   -inf            2.085508834        Large        0      0      0         0     0.4s
 T       0       0         0   0.00%   -1.187717363    0.3522831833     437.15%        0      0      0       302     0.4s
         1       0         1 100.00%   0.3522831833    0.3522831833       0.00%        0      0      0       302     0.4s

Solving report
  Status            Optimal
  Primal bound      0.352283183334
  Dual bound        0.352283183334
  Gap               0% (tolerance: 0.5%)
  P-D integral      0.0201972008022
  Solution status   feasible
                    0.352283183334 (objective)
                    0 (bound viol.)
                    0 (int. viol.)
                    0 (row viol.)
  Timing            0.43
  Max sub-MIP depth 0
  Nodes             1
  Repair LPs        0
  LP iterations     302
                    0 (strong br.)
                    0 (separation)
                    0 (heuristics)
MIP has 10753 rows; 9409 cols; 25537 nonzeros; 1344 integer variables (1344 binary)
Coefficient ranges:
  Matrix  [2e-01, 2e+00]
  Cost    [1e-02, 6e-02]
  Bound   [1e+00, 1e+00]
  RHS     [7e-18, 4e+00]
WARNING: Problem has some excessively small row bounds
Presolving model
8064 rows, 8743 cols, 22182 nonzeros 0s
6027 rows, 6925 cols, 16763 nonzeros 0s
3803 rows, 4797 cols, 10831 nonzeros 0s
3663 rows, 3328 cols, 7389 nonzeros 0s
1417 rows, 2304 cols, 4388 nonzeros 0s
1130 rows, 2017 cols, 3814 nonzeros 0s
805 rows, 1727 cols, 2983 nonzeros 0s
757 rows, 1675 cols, 2883 nonzeros 0s
Presolve reductions: rows 757(-9996); columns 1675(-7734); nonzeros 2883(-22654) 

Solving MIP model with:
   757 rows
   1675 cols (113 binary, 0 integer, 0 implied int., 1562 continuous, 0 domain fixed)
   2883 nonzeros

Src: B => Branching; C => Central rounding; F => Feasibility pump; H => Heuristic;
     I => Shifting; J => Feasibility jump; L => Sub-MIP; P => Empty MIP; R => Randomized rounding;
     S => Solve LP; T => Evaluate node; U => Unbounded; X => User solution; Y => HiGHS solution;
     Z => ZI Round; l => Trivial lower; p => Trivial point; u => Trivial upper; z => Trivial zero

        Nodes      |    B&B Tree     |            Objective Bounds              |  Dynamic Constraints |       Work      
Src  Proc. InQueue |  Leaves   Expl. | BestBound       BestSol              Gap |   Cuts   InLp Confl. | LpIters     Time

         0       0         0   0.00%   -1.143591435    inf                  inf        0      0      0         0     0.4s
 T       0       0         0   0.00%   -1.143591435    0.4546363709     351.54%        0      0      0       322     0.4s
         1       0         1 100.00%   0.4546363709    0.4546363709       0.00%        0      0      0       322     0.4s

Solving report
  Status            Optimal
  Primal bound      0.45463637091
  Dual bound        0.45463637091
  Gap               0% (tolerance: 0.5%)
  P-D integral      0.000206002307781
  Solution status   feasible
                    0.45463637091 (objective)
                    0 (bound viol.)
                    0 (int. viol.)
                    0 (row viol.)
  Timing            0.41
  Max sub-MIP depth 0
  Nodes             1
  Repair LPs        0
  LP iterations     322
                    0 (strong br.)
                    0 (separation)
                    0 (heuristics)
MIP has 10753 rows; 9409 cols; 25537 nonzeros; 1344 integer variables (1344 binary)
Coefficient ranges:
  Matrix  [2e-01, 2e+00]
  Cost    [5e-03, 6e-02]
  Bound   [1e+00, 1e+00]
  RHS     [7e-18, 4e+00]
WARNING: Problem has some excessively small row bounds
Presolving model
8064 rows, 8636 cols, 22075 nonzeros 0s
6085 rows, 6900 cols, 16841 nonzeros 0s
3971 rows, 4933 cols, 11252 nonzeros 0s
3848 rows, 3508 cols, 7826 nonzeros 0s
1703 rows, 2615 cols, 5162 nonzeros 0s
1425 rows, 2081 cols, 3870 nonzeros 0s
856 rows, 1819 cols, 3135 nonzeros 0s
764 rows, 1699 cols, 2923 nonzeros 0s
Presolve reductions: rows 764(-9989); columns 1699(-7710); nonzeros 2923(-22614) 

Solving MIP model with:
   764 rows
   1699 cols (116 binary, 0 integer, 0 implied int., 1583 continuous, 0 domain fixed)
   2923 nonzeros

Src: B => Branching; C => Central rounding; F => Feasibility pump; H => Heuristic;
     I => Shifting; J => Feasibility jump; L => Sub-MIP; P => Empty MIP; R => Randomized rounding;
     S => Solve LP; T => Evaluate node; U => Unbounded; X => User solution; Y => HiGHS solution;
     Z => ZI Round; l => Trivial lower; p => Trivial point; u => Trivial upper; z => Trivial zero

        Nodes      |    B&B Tree     |            Objective Bounds              |  Dynamic Constraints |       Work      
Src  Proc. InQueue |  Leaves   Expl. | BestBound       BestSol              Gap |   Cuts   InLp Confl. | LpIters     Time

 J       0       0         0   0.00%   -inf            5.748623811        Large        0      0      0         0     0.4s
 T       0       0         0   0.00%   -0.9829465989   2.221610735      144.24%        0      0      0       322     0.4s
         1       0         1 100.00%   2.221610735     2.221610735        0.00%        0      0      0       322     0.4s

Solving report
  Status            Optimal
  Primal bound      2.22161073524
  Dual bound        2.22161073524
  Gap               0% (tolerance: 0.5%)
  P-D integral      0.0166349839681
  Solution status   feasible
                    2.22161073524 (objective)
                    0 (bound viol.)
                    0 (int. viol.)
                    0 (row viol.)
  Timing            0.41
  Max sub-MIP depth 0
  Nodes             1
  Repair LPs        0
  LP iterations     322
                    0 (strong br.)
                    0 (separation)
                    0 (heuristics)
MIP has 10753 rows; 9409 cols; 25537 nonzeros; 1344 integer variables (1344 binary)
Coefficient ranges:
  Matrix  [2e-01, 2e+00]
  Cost    [5e-03, 6e-02]
  Bound   [1e+00, 1e+00]
  RHS     [1e-17, 4e+00]
WARNING: Problem has some excessively small row bounds
Presolving model
8064 rows, 8566 cols, 22005 nonzeros 0s
6145 rows, 6910 cols, 16951 nonzeros 0s
4113 rows, 5054 cols, 11603 nonzeros 0s
3993 rows, 3659 cols, 8168 nonzeros 0s
1943 rows, 2889 cols, 5824 nonzeros 0s
1699 rows, 2283 cols, 4284 nonzeros 0s
931 rows, 1973 cols, 3368 nonzeros 0s
805 rows, 1818 cols, 3087 nonzeros 0s
Presolve reductions: rows 805(-9948); columns 1818(-7591); nonzeros 3087(-22450) 

Solving MIP model with:
   805 rows
   1818 cols (117 binary, 0 integer, 0 implied int., 1701 continuous, 0 domain fixed)
   3087 nonzeros

Src: B => Branching; C => Central rounding; F => Feasibility pump; H => Heuristic;
     I => Shifting; J => Feasibility jump; L => Sub-MIP; P => Empty MIP; R => Randomized rounding;
     S => Solve LP; T => Evaluate node; U => Unbounded; X => User solution; Y => HiGHS solution;
     Z => ZI Round; l => Trivial lower; p => Trivial point; u => Trivial upper; z => Trivial zero

        Nodes      |    B&B Tree     |            Objective Bounds              |  Dynamic Constraints |       Work      
Src  Proc. InQueue |  Leaves   Expl. | BestBound       BestSol              Gap |   Cuts   InLp Confl. | LpIters     Time

 J       0       0         0   0.00%   -inf            9.056005921        Large        0      0      0         0     0.4s
 T       0       0         0   0.00%   -1.213727938    3.544378209      134.24%        0      0      0       371     0.4s
         1       0         1 100.00%   3.544378209     3.544378209        0.00%        0      0      0       371     0.4s

Solving report
  Status            Optimal
  Primal bound      3.5443782089
  Dual bound        3.5443782089
  Gap               0% (tolerance: 0.5%)
  P-D integral      0.0166128576409
  Solution status   feasible
                    3.5443782089 (objective)
                    0 (bound viol.)
                    0 (int. viol.)
                    0 (row viol.)
  Timing            0.41
  Max sub-MIP depth 0
  Nodes             1
  Repair LPs        0
  LP iterations     371
                    0 (strong br.)
                    0 (separation)
                    0 (heuristics)
MIP has 10753 rows; 9409 cols; 25537 nonzeros; 1344 integer variables (1344 binary)
Coefficient ranges:
  Matrix  [2e-01, 2e+00]
  Cost    [5e-03, 6e-02]
  Bound   [1e+00, 1e+00]
  RHS     [7e-18, 4e+00]
WARNING: Problem has some excessively small row bounds
Presolving model
8064 rows, 8580 cols, 22019 nonzeros 0s
6195 rows, 6984 cols, 17098 nonzeros 0s
4151 rows, 5122 cols, 11724 nonzeros 0s
4039 rows, 3749 cols, 8325 nonzeros 0s
1966 rows, 2952 cols, 5917 nonzeros 0s
1714 rows, 2349 cols, 4390 nonzeros 0s
983 rows, 2066 cols, 3540 nonzeros 0s
859 rows, 1920 cols, 3270 nonzeros 0s
Presolve reductions: rows 859(-9894); columns 1920(-7489); nonzeros 3270(-22267) 

Solving MIP model with:
   859 rows
   1920 cols (123 binary, 0 integer, 0 implied int., 1797 continuous, 0 domain fixed)
   3270 nonzeros

Src: B => Branching; C => Central rounding; F => Feasibility pump; H => Heuristic;
     I => Shifting; J => Feasibility jump; L => Sub-MIP; P => Empty MIP; R => Randomized rounding;
     S => Solve LP; T => Evaluate node; U => Unbounded; X => User solution; Y => HiGHS solution;
     Z => ZI Round; l => Trivial lower; p => Trivial point; u => Trivial upper; z => Trivial zero

        Nodes      |    B&B Tree     |            Objective Bounds              |  Dynamic Constraints |       Work      
Src  Proc. InQueue |  Leaves   Expl. | BestBound       BestSol              Gap |   Cuts   InLp Confl. | LpIters     Time

 J       0       0         0   0.00%   -inf            9.509235606        Large        0      0      0         0     0.4s
 T       0       0         0   0.00%   -1.155794585    3.916131101      129.51%        0      0      0       405     0.4s
         1       0         1 100.00%   3.916131101     3.916131101        0.00%        0      0      0       405     0.4s

Solving report
  Status            Optimal
  Primal bound      3.9161311008
  Dual bound        3.9161311008
  Gap               0% (tolerance: 0.5%)
  P-D integral      0.0184439235062
  Solution status   feasible
                    3.9161311008 (objective)
                    0 (bound viol.)
                    0 (int. viol.)
                    0 (row viol.)
  Timing            0.40
  Max sub-MIP depth 0
  Nodes             1
  Repair LPs        0
  LP iterations     405
                    0 (strong br.)
                    0 (separation)
                    0 (heuristics)
MIP has 10753 rows; 9409 cols; 25537 nonzeros; 1344 integer variables (1344 binary)
Coefficient ranges:
  Matrix  [2e-01, 2e+00]
  Cost    [5e-03, 6e-02]
  Bound   [1e+00, 1e+00]
  RHS     [7e-18, 4e+00]
WARNING: Problem has some excessively small row bounds
Presolving model
8064 rows, 8605 cols, 22044 nonzeros 0s
6169 rows, 6979 cols, 17055 nonzeros 0s
4135 rows, 5127 cols, 11705 nonzeros 0s
4010 rows, 3727 cols, 8266 nonzeros 0s
1947 rows, 2935 cols, 5865 nonzeros 0s
1693 rows, 2367 cols, 4458 nonzeros 0s
1034 rows, 2078 cols, 3643 nonzeros 0s
923 rows, 1920 cols, 3374 nonzeros 0s
Presolve reductions: rows 923(-9830); columns 1920(-7489); nonzeros 3374(-22163) 

Solving MIP model with:
   923 rows
   1920 cols (133 binary, 0 integer, 0 implied int., 1787 continuous, 0 domain fixed)
   3374 nonzeros

Src: B => Branching; C => Central rounding; F => Feasibility pump; H => Heuristic;
     I => Shifting; J => Feasibility jump; L => Sub-MIP; P => Empty MIP; R => Randomized rounding;
     S => Solve LP; T => Evaluate node; U => Unbounded; X => User solution; Y => HiGHS solution;
     Z => ZI Round; l => Trivial lower; p => Trivial point; u => Trivial upper; z => Trivial zero

        Nodes      |    B&B Tree     |            Objective Bounds              |  Dynamic Constraints |       Work      
Src  Proc. InQueue |  Leaves   Expl. | BestBound       BestSol              Gap |   Cuts   InLp Confl. | LpIters     Time

 J       0       0         0   0.00%   -inf            12.95329509        Large        0      0      0         0     0.4s
 T       0       0         0   0.00%   -0.5883000873   7.574518359      107.77%        0      0      0       416     0.4s
         1       0         1 100.00%   7.574518359     7.574518359        0.00%        0      0      0       416     0.4s

Solving report
  Status            Optimal
  Primal bound      7.57451835904
  Dual bound        7.57451835904
  Gap               0% (tolerance: 0.5%)
  P-D integral      0.0157880110545
  Solution status   feasible
                    7.57451835904 (objective)
                    0 (bound viol.)
                    0 (int. viol.)
                    0 (row viol.)
  Timing            0.40
  Max sub-MIP depth 0
  Nodes             1
  Repair LPs        0
  LP iterations     416
                    0 (strong br.)
                    0 (separation)
                    0 (heuristics)
MIP has 10753 rows; 9409 cols; 25537 nonzeros; 1344 integer variables (1344 binary)
Coefficient ranges:
  Matrix  [2e-01, 2e+00]
  Cost    [5e-03, 6e-02]
  Bound   [1e+00, 1e+00]
  RHS     [1e-17, 4e+00]
WARNING: Problem has some excessively small row bounds
Presolving model
8064 rows, 8589 cols, 22028 nonzeros 0s
6173 rows, 6969 cols, 17049 nonzeros 0s
4120 rows, 5099 cols, 11650 nonzeros 0s
3991 rows, 3693 cols, 8189 nonzeros 0s
1940 rows, 2916 cols, 5835 nonzeros 0s
1676 rows, 2324 cols, 4373 nonzeros 0s
1004 rows, 2052 cols, 3565 nonzeros 0s
893 rows, 1859 cols, 3261 nonzeros 0s
Presolve reductions: rows 893(-9860); columns 1859(-7550); nonzeros 3261(-22276) 

Solving MIP model with:
   893 rows
   1859 cols (128 binary, 0 integer, 0 implied int., 1731 continuous, 0 domain fixed)
   3261 nonzeros

Src: B => Branching; C => Central rounding; F => Feasibility pump; H => Heuristic;
     I => Shifting; J => Feasibility jump; L => Sub-MIP; P => Empty MIP; R => Randomized rounding;
     S => Solve LP; T => Evaluate node; U => Unbounded; X => User solution; Y => HiGHS solution;
     Z => ZI Round; l => Trivial lower; p => Trivial point; u => Trivial upper; z => Trivial zero

        Nodes      |    B&B Tree     |            Objective Bounds              |  Dynamic Constraints |       Work      
Src  Proc. InQueue |  Leaves   Expl. | BestBound       BestSol              Gap |   Cuts   InLp Confl. | LpIters     Time

 J       0       0         0   0.00%   -inf            15.56342119        Large        0      0      0         0     0.4s
 T       0       0         0   0.00%   -0.0681720923   10.13772453      100.67%        0      0      0       406     0.5s
         1       0         1 100.00%   10.13772453     10.13772453        0.00%        0      0      0       406     0.5s

Solving report
  Status            Optimal
  Primal bound      10.1377245269
  Dual bound        10.1377245269
  Gap               0% (tolerance: 0.5%)
  P-D integral      0.0149754316094
  Solution status   feasible
                    10.1377245269 (objective)
                    0 (bound viol.)
                    0 (int. viol.)
                    0 (row viol.)
  Timing            0.46
  Max sub-MIP depth 0
  Nodes             1
  Repair LPs        0
  LP iterations     406
                    0 (strong br.)
                    0 (separation)
                    0 (heuristics)
MIP has 10753 rows; 9409 cols; 25537 nonzeros; 1344 integer variables (1344 binary)
Coefficient ranges:
  Matrix  [2e-01, 2e+00]
  Cost    [5e-03, 6e-02]
  Bound   [1e+00, 1e+00]
  RHS     [1e-17, 4e+00]
WARNING: Problem has some excessively small row bounds
Presolving model
8064 rows, 8574 cols, 22013 nonzeros 0s
6160 rows, 6937 cols, 17000 nonzeros 0s
4137 rows, 5098 cols, 11674 nonzeros 0s
4005 rows, 3697 cols, 8224 nonzeros 0s
1937 rows, 2897 cols, 5813 nonzeros 0s
1673 rows, 2287 cols, 4291 nonzeros 0s
959 rows, 2001 cols, 3445 nonzeros 0s
842 rows, 1804 cols, 3131 nonzeros 0s
Presolve reductions: rows 842(-9911); columns 1804(-7605); nonzeros 3131(-22406) 

Solving MIP model with:
   842 rows
   1804 cols (122 binary, 0 integer, 0 implied int., 1682 continuous, 0 domain fixed)
   3131 nonzeros

Src: B => Branching; C => Central rounding; F => Feasibility pump; H => Heuristic;
     I => Shifting; J => Feasibility jump; L => Sub-MIP; P => Empty MIP; R => Randomized rounding;
     S => Solve LP; T => Evaluate node; U => Unbounded; X => User solution; Y => HiGHS solution;
     Z => ZI Round; l => Trivial lower; p => Trivial point; u => Trivial upper; z => Trivial zero

        Nodes      |    B&B Tree     |            Objective Bounds              |  Dynamic Constraints |       Work      
Src  Proc. InQueue |  Leaves   Expl. | BestBound       BestSol              Gap |   Cuts   InLp Confl. | LpIters     Time

 J       0       0         0   0.00%   -inf            13.68305477        Large        0      0      0         0     0.4s
 T       0       0         0   0.00%   -0.2539346418   8.208624489      103.09%        0      0      0       372     0.4s
         1       0         1 100.00%   8.208624489     8.208624489        0.00%        0      0      0       372     0.4s

Solving report
  Status            Optimal
  Primal bound      8.20862448854
  Dual bound        8.20862448854
  Gap               0% (tolerance: 0.5%)
  P-D integral      0.0140696553946
  Solution status   feasible
                    8.20862448854 (objective)
                    0 (bound viol.)
                    0 (int. viol.)
                    0 (row viol.)
  Timing            0.44
  Max sub-MIP depth 0
  Nodes             1
  Repair LPs        0
  LP iterations     372
                    0 (strong br.)
                    0 (separation)
                    0 (heuristics)
MIP has 10753 rows; 9409 cols; 25537 nonzeros; 1344 integer variables (1344 binary)
Coefficient ranges:
  Matrix  [2e-01, 2e+00]
  Cost    [5e-03, 6e-02]
  Bound   [1e+00, 1e+00]
  RHS     [1e-17, 4e+00]
WARNING: Problem has some excessively small row bounds
Presolving model
8064 rows, 8551 cols, 21990 nonzeros 0s
6153 rows, 6906 cols, 16958 nonzeros 0s
4106 rows, 5033 cols, 11574 nonzeros 0s
3970 rows, 3615 cols, 8092 nonzeros 0s
1922 rows, 2840 cols, 5741 nonzeros 0s
1671 rows, 2180 cols, 4060 nonzeros 0s
818 rows, 1835 cols, 3034 nonzeros 0s
673 rows, 1581 cols, 2635 nonzeros 0s
672 rows, 1561 cols, 2614 nonzeros 0s
Presolve reductions: rows 672(-10081); columns 1561(-7848); nonzeros 2614(-22923) 

Solving MIP model with:
   672 rows
   1561 cols (96 binary, 0 integer, 0 implied int., 1465 continuous, 0 domain fixed)
   2614 nonzeros

Src: B => Branching; C => Central rounding; F => Feasibility pump; H => Heuristic;
     I => Shifting; J => Feasibility jump; L => Sub-MIP; P => Empty MIP; R => Randomized rounding;
     S => Solve LP; T => Evaluate node; U => Unbounded; X => User solution; Y => HiGHS solution;
     Z => ZI Round; l => Trivial lower; p => Trivial point; u => Trivial upper; z => Trivial zero

        Nodes      |    B&B Tree     |            Objective Bounds              |  Dynamic Constraints |       Work      
Src  Proc. InQueue |  Leaves   Expl. | BestBound       BestSol              Gap |   Cuts   InLp Confl. | LpIters     Time

 J       0       0         0   0.00%   -inf            17.02626348        Large        0      0      0         0     0.5s
 T       0       0         0   0.00%   0.2279302339    12.32659864       98.15%        0      0      0       279     0.5s
         1       0         1 100.00%   12.32659864     12.32659864        0.00%        0      0      0       279     0.5s

Solving report
  Status            Optimal
  Primal bound      12.3265986436
  Dual bound        12.3265986436
  Gap               0% (tolerance: 0.5%)
  P-D integral      0.0119845989173
  Solution status   feasible
                    12.3265986436 (objective)
                    0 (bound viol.)
                    0 (int. viol.)
                    0 (row viol.)
  Timing            0.47
  Max sub-MIP depth 0
  Nodes             1
  Repair LPs        0
  LP iterations     279
                    0 (strong br.)
                    0 (separation)
                    0 (heuristics)
MIP has 10753 rows; 9409 cols; 25537 nonzeros; 1344 integer variables (1344 binary)
Coefficient ranges:
  Matrix  [2e-01, 2e+00]
  Cost    [5e-03, 6e-02]
  Bound   [1e+00, 1e+00]
  RHS     [1e-17, 4e+00]
WARNING: Problem has some excessively small row bounds
Presolving model
8064 rows, 8516 cols, 21955 nonzeros 0s
6196 rows, 6924 cols, 17043 nonzeros 0s
4200 rows, 5122 cols, 11801 nonzeros 0s
4095 rows, 3763 cols, 8408 nonzeros 0s
2063 rows, 3017 cols, 6119 nonzeros 0s
1833 rows, 2217 cols, 3997 nonzeros 0s
656 rows, 1768 cols, 2643 nonzeros 0s
480 rows, 1576 cols, 2275 nonzeros 0s
439 rows, 1374 cols, 2032 nonzeros 0s
Presolve reductions: rows 439(-10314); columns 1374(-8035); nonzeros 2032(-23505) 

Solving MIP model with:
   439 rows
   1374 cols (55 binary, 0 integer, 0 implied int., 1319 continuous, 0 domain fixed)
   2032 nonzeros

Src: B => Branching; C => Central rounding; F => Feasibility pump; H => Heuristic;
     I => Shifting; J => Feasibility jump; L => Sub-MIP; P => Empty MIP; R => Randomized rounding;
     S => Solve LP; T => Evaluate node; U => Unbounded; X => User solution; Y => HiGHS solution;
     Z => ZI Round; l => Trivial lower; p => Trivial point; u => Trivial upper; z => Trivial zero

        Nodes      |    B&B Tree     |            Objective Bounds              |  Dynamic Constraints |       Work      
Src  Proc. InQueue |  Leaves   Expl. | BestBound       BestSol              Gap |   Cuts   InLp Confl. | LpIters     Time

 J       0       0         0   0.00%   -inf            22.62089111        Large        0      0      0         0     0.6s
 T       0       0         0   0.00%   2.452275047     20.51327801       88.05%        0      0      0       155     0.6s
         1       0         1 100.00%   20.51327801     20.51327801        0.00%        0      0      0       155     0.6s

Solving report
  Status            Optimal
  Primal bound      20.5132780143
  Dual bound        20.5132780143
  Gap               0% (tolerance: 0.5%)
  P-D integral      0.012407287713
  Solution status   feasible
                    20.5132780143 (objective)
                    0 (bound viol.)
                    0 (int. viol.)
                    0 (row viol.)
  Timing            0.64
  Max sub-MIP depth 0
  Nodes             1
  Repair LPs        0
  LP iterations     155
                    0 (strong br.)
                    0 (separation)
                    0 (heuristics)
MIP has 10753 rows; 9409 cols; 25537 nonzeros; 1344 integer variables (1344 binary)
Coefficient ranges:
  Matrix  [2e-01, 2e+00]
  Cost    [5e-03, 6e-02]
  Bound   [1e+00, 1e+00]
  RHS     [1e-17, 4e+00]
WARNING: Problem has some excessively small row bounds
Presolving model
8064 rows, 8498 cols, 21937 nonzeros 0s
6189 rows, 6902 cols, 17018 nonzeros 0s
4181 rows, 5086 cols, 11746 nonzeros 0s
4061 rows, 3704 cols, 8307 nonzeros 0s
2026 rows, 2959 cols, 6030 nonzeros 0s
1801 rows, 2249 cols, 4168 nonzeros 0s
785 rows, 1812 cols, 2942 nonzeros 0s
619 rows, 1539 cols, 2503 nonzeros 0s
609 rows, 1378 cols, 2332 nonzeros 0s
Presolve reductions: rows 609(-10144); columns 1378(-8031); nonzeros 2332(-23205) 

Solving MIP model with:
   609 rows
   1378 cols (87 binary, 0 integer, 0 implied int., 1291 continuous, 0 domain fixed)
   2332 nonzeros

Src: B => Branching; C => Central rounding; F => Feasibility pump; H => Heuristic;
     I => Shifting; J => Feasibility jump; L => Sub-MIP; P => Empty MIP; R => Randomized rounding;
     S => Solve LP; T => Evaluate node; U => Unbounded; X => User solution; Y => HiGHS solution;
     Z => ZI Round; l => Trivial lower; p => Trivial point; u => Trivial upper; z => Trivial zero

        Nodes      |    B&B Tree     |            Objective Bounds              |  Dynamic Constraints |       Work      
Src  Proc. InQueue |  Leaves   Expl. | BestBound       BestSol              Gap |   Cuts   InLp Confl. | LpIters     Time

 J       0       0         0   0.00%   -inf            23.97247797        Large        0      0      0         0     0.4s
 T       0       0         0   0.00%   5.728576158     21.10836243       72.86%        0      0      0       224     0.5s
         1       0         1 100.00%   21.10836243     21.10836243        0.00%        0      0      0       224     0.5s

Solving report
  Status            Optimal
  Primal bound      21.1083624338
  Dual bound        21.1083624338
  Gap               0% (tolerance: 0.5%)
  P-D integral      0.0064993946156
  Solution status   feasible
                    21.1083624338 (objective)
                    0 (bound viol.)
                    0 (int. viol.)
                    0 (row viol.)
  Timing            0.45
  Max sub-MIP depth 0
  Nodes             1
  Repair LPs        0
  LP iterations     224
                    0 (strong br.)
                    0 (separation)
                    0 (heuristics)
MIP has 10753 rows; 9409 cols; 25537 nonzeros; 1344 integer variables (1344 binary)
Coefficient ranges:
  Matrix  [2e-01, 2e+00]
  Cost    [5e-03, 6e-02]
  Bound   [1e+00, 1e+00]
  RHS     [1e-17, 4e+00]
WARNING: Problem has some excessively small row bounds
Presolving model
8064 rows, 8335 cols, 21774 nonzeros 0s
6212 rows, 6776 cols, 16943 nonzeros 0s
4223 rows, 4990 cols, 11753 nonzeros 0s
4093 rows, 3581 cols, 8245 nonzeros 0s
2104 rows, 2890 cols, 6117 nonzeros 0s
1884 rows, 2056 cols, 3863 nonzeros 0s
657 rows, 1616 cols, 2547 nonzeros 0s
481 rows, 1430 cols, 2185 nonzeros 0s
446 rows, 1295 cols, 2015 nonzeros 0s
Presolve reductions: rows 446(-10307); columns 1295(-8114); nonzeros 2015(-23522) 

Solving MIP model with:
   446 rows
   1295 cols (69 binary, 0 integer, 0 implied int., 1226 continuous, 0 domain fixed)
   2015 nonzeros

Src: B => Branching; C => Central rounding; F => Feasibility pump; H => Heuristic;
     I => Shifting; J => Feasibility jump; L => Sub-MIP; P => Empty MIP; R => Randomized rounding;
     S => Solve LP; T => Evaluate node; U => Unbounded; X => User solution; Y => HiGHS solution;
     Z => ZI Round; l => Trivial lower; p => Trivial point; u => Trivial upper; z => Trivial zero

        Nodes      |    B&B Tree     |            Objective Bounds              |  Dynamic Constraints |       Work      
Src  Proc. InQueue |  Leaves   Expl. | BestBound       BestSol              Gap |   Cuts   InLp Confl. | LpIters     Time

 J       0       0         0   0.00%   -inf            24.42068485        Large        0      0      0         0     0.5s
 T       0       0         0   0.00%   4.070848107     21.66505573       81.21%        0      0      0       159     0.5s
         1       0         1 100.00%   21.66505573     21.66505573        0.00%        0      0      0       159     0.5s

Solving report
  Status            Optimal
  Primal bound      21.6650557298
  Dual bound        21.6650557298
  Gap               0% (tolerance: 0.5%)
  P-D integral      0.0105715401041
  Solution status   feasible
                    21.6650557298 (objective)
                    0 (bound viol.)
                    0 (int. viol.)
                    0 (row viol.)
  Timing            0.51
  Max sub-MIP depth 0
  Nodes             1
  Repair LPs        0
  LP iterations     159
                    0 (strong br.)
                    0 (separation)
                    0 (heuristics)
MIP has 10753 rows; 9409 cols; 25537 nonzeros; 1344 integer variables (1344 binary)
Coefficient ranges:
  Matrix  [2e-01, 2e+00]
  Cost    [5e-03, 6e-02]
  Bound   [1e+00, 1e+00]
  RHS     [2e-17, 4e+00]
WARNING: Problem has some excessively small row bounds
Presolving model
8064 rows, 8271 cols, 21710 nonzeros 0s
6229 rows, 6734 cols, 16930 nonzeros 0s
4268 rows, 4981 cols, 11816 nonzeros 0s
4166 rows, 3606 cols, 8383 nonzeros 0s
2173 rows, 2917 cols, 6257 nonzeros 0s
1982 rows, 1926 cols, 3509 nonzeros 0s
375 rows, 1291 cols, 1721 nonzeros 0s
257 rows, 1152 cols, 1464 nonzeros 0s
147 rows, 929 cols, 1131 nonzeros 0s
107 rows, 617 cols, 779 nonzeros 0s
100 rows, 444 cols, 599 nonzeros 0s
98 rows, 357 cols, 510 nonzeros 0s
93 rows, 283 cols, 431 nonzeros 0s
Presolve reductions: rows 93(-10660); columns 283(-9126); nonzeros 431(-25106) 

Solving MIP model with:
   93 rows
   283 cols (14 binary, 0 integer, 0 implied int., 269 continuous, 0 domain fixed)
   431 nonzeros

Src: B => Branching; C => Central rounding; F => Feasibility pump; H => Heuristic;
     I => Shifting; J => Feasibility jump; L => Sub-MIP; P => Empty MIP; R => Randomized rounding;
     S => Solve LP; T => Evaluate node; U => Unbounded; X => User solution; Y => HiGHS solution;
     Z => ZI Round; l => Trivial lower; p => Trivial point; u => Trivial upper; z => Trivial zero

        Nodes      |    B&B Tree     |            Objective Bounds              |  Dynamic Constraints |       Work      
Src  Proc. InQueue |  Leaves   Expl. | BestBound       BestSol              Gap |   Cuts   InLp Confl. | LpIters     Time

 J       0       0         0   0.00%   -inf            21.43776107        Large        0      0      0         0     0.3s
 T       0       0         0   0.00%   16.94648926     20.90560892       18.94%        0      0      0        36     0.3s
         1       0         1 100.00%   20.90560892     20.90560892        0.00%        0      0      0        36     0.3s

Solving report
  Status            Optimal
  Primal bound      20.9056089171
  Dual bound        20.9056089171
  Gap               0% (tolerance: 0.5%)
  P-D integral      0.000584395015811
  Solution status   feasible
                    20.9056089171 (objective)
                    0 (bound viol.)
                    0 (int. viol.)
                    0 (row viol.)
  Timing            0.34
  Max sub-MIP depth 0
  Nodes             1
  Repair LPs        0
  LP iterations     36
                    0 (strong br.)
                    0 (separation)
                    0 (heuristics)
MIP has 10753 rows; 9409 cols; 25537 nonzeros; 1344 integer variables (1344 binary)
Coefficient ranges:
  Matrix  [2e-01, 2e+00]
  Cost    [5e-03, 6e-02]
  Bound   [1e+00, 1e+00]
  RHS     [1e-17, 4e+00]
WARNING: Problem has some excessively small row bounds
Presolving model
8064 rows, 8432 cols, 21871 nonzeros 0s
6162 rows, 6804 cols, 16885 nonzeros 0s
4110 rows, 4918 cols, 11483 nonzeros 0s
4006 rows, 3530 cols, 8059 nonzeros 0s
1953 rows, 2765 cols, 5737 nonzeros 0s
1724 rows, 1954 cols, 3593 nonzeros 0s
475 rows, 1417 cols, 2055 nonzeros 0s
329 rows, 1257 cols, 1749 nonzeros 0s
278 rows, 1003 cols, 1444 nonzeros 0s
269 rows, 825 cols, 1257 nonzeros 0s
Presolve reductions: rows 269(-10484); columns 825(-8584); nonzeros 1257(-24280) 

Solving MIP model with:
   269 rows
   825 cols (41 binary, 0 integer, 0 implied int., 784 continuous, 0 domain fixed)
   1257 nonzeros

Src: B => Branching; C => Central rounding; F => Feasibility pump; H => Heuristic;
     I => Shifting; J => Feasibility jump; L => Sub-MIP; P => Empty MIP; R => Randomized rounding;
     S => Solve LP; T => Evaluate node; U => Unbounded; X => User solution; Y => HiGHS solution;
     Z => ZI Round; l => Trivial lower; p => Trivial point; u => Trivial upper; z => Trivial zero

        Nodes      |    B&B Tree     |            Objective Bounds              |  Dynamic Constraints |       Work      
Src  Proc. InQueue |  Leaves   Expl. | BestBound       BestSol              Gap |   Cuts   InLp Confl. | LpIters     Time

 J       0       0         0   0.00%   -inf            16.24564753        Large        0      0      0         0     0.4s
 T       0       0         0   0.00%   5.893109279     15.07298654       60.90%        0      0      0       111     0.4s
         1       0         1 100.00%   15.07298654     15.07298654        0.00%        0      0      0       111     0.4s

Solving report
  Status            Optimal
  Primal bound      15.0729865439
  Dual bound        15.0729865439
  Gap               0% (tolerance: 0.5%)
  P-D integral      0.00407552863872
  Solution status   feasible
                    15.0729865439 (objective)
                    0 (bound viol.)
                    0 (int. viol.)
                    0 (row viol.)
  Timing            0.40
  Max sub-MIP depth 0
  Nodes             1
  Repair LPs        0
  LP iterations     111
                    0 (strong br.)
                    0 (separation)
                    0 (heuristics)
MIP has 10753 rows; 9409 cols; 25537 nonzeros; 1344 integer variables (1344 binary)
Coefficient ranges:
  Matrix  [2e-01, 2e+00]
  Cost    [5e-03, 6e-02]
  Bound   [1e+00, 1e+00]
  RHS     [1e-17, 4e+00]
WARNING: Problem has some excessively small row bounds
Presolving model
8064 rows, 8495 cols, 21934 nonzeros 0s
6126 rows, 6817 cols, 16834 nonzeros 0s
4095 rows, 4960 cols, 11498 nonzeros 0s
3988 rows, 3573 cols, 8111 nonzeros 0s
1860 rows, 2707 cols, 5526 nonzeros 0s
1620 rows, 1971 cols, 3635 nonzeros 0s
563 rows, 1494 cols, 2292 nonzeros 0s
407 rows, 1263 cols, 1905 nonzeros 0s
385 rows, 1035 cols, 1655 nonzeros 0s
Presolve reductions: rows 385(-10368); columns 1035(-8374); nonzeros 1655(-23882) 

Solving MIP model with:
   385 rows
   1035 cols (59 binary, 0 integer, 0 implied int., 976 continuous, 0 domain fixed)
   1655 nonzeros

Src: B => Branching; C => Central rounding; F => Feasibility pump; H => Heuristic;
     I => Shifting; J => Feasibility jump; L => Sub-MIP; P => Empty MIP; R => Randomized rounding;
     S => Solve LP; T => Evaluate node; U => Unbounded; X => User solution; Y => HiGHS solution;
     Z => ZI Round; l => Trivial lower; p => Trivial point; u => Trivial upper; z => Trivial zero

        Nodes      |    B&B Tree     |            Objective Bounds              |  Dynamic Constraints |       Work      
Src  Proc. InQueue |  Leaves   Expl. | BestBound       BestSol              Gap |   Cuts   InLp Confl. | LpIters     Time

 J       0       0         0   0.00%   -inf            17.94782317        Large        0      0      0         0     0.4s
 T       0       0         0   0.00%   4.235574486     16.32144964       74.05%        0      0      0       145     0.4s
         1       0         1 100.00%   16.32144964     16.32144964        0.00%        0      0      0       145     0.4s

Solving report
  Status            Optimal
  Primal bound      16.3214496435
  Dual bound        16.3214496435
  Gap               0% (tolerance: 0.5%)
  P-D integral      0.00625966366727
  Solution status   feasible
                    16.3214496435 (objective)
                    0 (bound viol.)
                    0 (int. viol.)
                    0 (row viol.)
  Timing            0.38
  Max sub-MIP depth 0
  Nodes             1
  Repair LPs        0
  LP iterations     145
                    0 (strong br.)
                    0 (separation)
                    0 (heuristics)
MIP has 10753 rows; 9409 cols; 25537 nonzeros; 1344 integer variables (1344 binary)
Coefficient ranges:
  Matrix  [2e-01, 2e+00]
  Cost    [5e-03, 6e-02]
  Bound   [1e+00, 1e+00]
  RHS     [1e-17, 4e+00]
WARNING: Problem has some excessively small row bounds
Presolving model
8064 rows, 8494 cols, 21933 nonzeros 0s
6114 rows, 6802 cols, 16799 nonzeros 0s
4048 rows, 4903 cols, 11359 nonzeros 0s
3911 rows, 3472 cols, 7878 nonzeros 0s
1805 rows, 2628 cols, 5364 nonzeros 0s
1555 rows, 1912 cols, 3523 nonzeros 0s
570 rows, 1451 cols, 2271 nonzeros 0s
424 rows, 1217 cols, 1890 nonzeros 0s
399 rows, 1018 cols, 1666 nonzeros 0s
Presolve reductions: rows 399(-10354); columns 1018(-8391); nonzeros 1666(-23871) 

Solving MIP model with:
   399 rows
   1018 cols (63 binary, 0 integer, 0 implied int., 955 continuous, 0 domain fixed)
   1666 nonzeros

Src: B => Branching; C => Central rounding; F => Feasibility pump; H => Heuristic;
     I => Shifting; J => Feasibility jump; L => Sub-MIP; P => Empty MIP; R => Randomized rounding;
     S => Solve LP; T => Evaluate node; U => Unbounded; X => User solution; Y => HiGHS solution;
     Z => ZI Round; l => Trivial lower; p => Trivial point; u => Trivial upper; z => Trivial zero

        Nodes      |    B&B Tree     |            Objective Bounds              |  Dynamic Constraints |       Work      
Src  Proc. InQueue |  Leaves   Expl. | BestBound       BestSol              Gap |   Cuts   InLp Confl. | LpIters     Time

 J       0       0         0   0.00%   -inf            22.23807305        Large        0      0      0         0     0.4s
 T       0       0         0   0.00%   5.778100795     20.23329521       71.44%        0      0      0       150     0.4s
         1       0         1 100.00%   20.23329521     20.23329521        0.00%        0      0      0       150     0.4s

Solving report
  Status            Optimal
  Primal bound      20.2332952063
  Dual bound        20.2332952063
  Gap               0% (tolerance: 0.5%)
  P-D integral      0.00738512687613
  Solution status   feasible
                    20.2332952063 (objective)
                    0 (bound viol.)
                    0 (int. viol.)
                    0 (row viol.)
  Timing            0.43
  Max sub-MIP depth 0
  Nodes             1
  Repair LPs        0
  LP iterations     150
                    0 (strong br.)
                    0 (separation)
                    0 (heuristics)
MIP has 10753 rows; 9409 cols; 25537 nonzeros; 1344 integer variables (1344 binary)
Coefficient ranges:
  Matrix  [2e-01, 2e+00]
  Cost    [5e-03, 6e-02]
  Bound   [1e+00, 1e+00]
  RHS     [1e-17, 4e+00]
WARNING: Problem has some excessively small row bounds
Presolving model
8064 rows, 8470 cols, 21909 nonzeros 0s
6153 rows, 6829 cols, 16893 nonzeros 0s
4095 rows, 4936 cols, 11474 nonzeros 0s
3987 rows, 3536 cols, 8064 nonzeros 0s
1866 rows, 2683 cols, 5516 nonzeros 0s
1621 rows, 1936 cols, 3558 nonzeros 0s
569 rows, 1523 cols, 2339 nonzeros 0s
416 rows, 1356 cols, 2019 nonzeros 0s
390 rows, 1119 cols, 1756 nonzeros 0s
Presolve reductions: rows 390(-10363); columns 1119(-8290); nonzeros 1756(-23781) 

Solving MIP model with:
   390 rows
   1119 cols (62 binary, 0 integer, 0 implied int., 1057 continuous, 0 domain fixed)
   1756 nonzeros

Src: B => Branching; C => Central rounding; F => Feasibility pump; H => Heuristic;
     I => Shifting; J => Feasibility jump; L => Sub-MIP; P => Empty MIP; R => Randomized rounding;
     S => Solve LP; T => Evaluate node; U => Unbounded; X => User solution; Y => HiGHS solution;
     Z => ZI Round; l => Trivial lower; p => Trivial point; u => Trivial upper; z => Trivial zero

        Nodes      |    B&B Tree     |            Objective Bounds              |  Dynamic Constraints |       Work      
Src  Proc. InQueue |  Leaves   Expl. | BestBound       BestSol              Gap |   Cuts   InLp Confl. | LpIters     Time

 J       0       0         0   0.00%   -inf            22.21126617        Large        0      0      0         0     0.4s
 T       0       0         0   0.00%   3.432376817     19.68958152       82.57%        0      0      0       141     0.4s
         1       0         1 100.00%   19.68958152     19.68958152        0.00%        0      0      0       141     0.4s

Solving report
  Status            Optimal
  Primal bound      19.6895815211
  Dual bound        19.6895815211
  Gap               0% (tolerance: 0.5%)
  P-D integral      0.0079725283056
  Solution status   feasible
                    19.6895815211 (objective)
                    0 (bound viol.)
                    0 (int. viol.)
                    0 (row viol.)
  Timing            0.40
  Max sub-MIP depth 0
  Nodes             1
  Repair LPs        0
  LP iterations     141
                    0 (strong br.)
                    0 (separation)
                    0 (heuristics)
MIP has 10753 rows; 9409 cols; 25537 nonzeros; 1344 integer variables (1344 binary)
Coefficient ranges:
  Matrix  [2e-01, 2e+00]
  Cost    [5e-03, 6e-02]
  Bound   [1e+00, 1e+00]
  RHS     [1e-17, 4e+00]
WARNING: Problem has some excessively small row bounds
Presolving model
8064 rows, 8420 cols, 21859 nonzeros 0s
6168 rows, 6803 cols, 16894 nonzeros 0s
4115 rows, 4926 cols, 11497 nonzeros 0s
3989 rows, 3513 cols, 8018 nonzeros 0s
1930 rows, 2734 cols, 5671 nonzeros 0s
1690 rows, 1914 cols, 3520 nonzeros 0s
479 rows, 1425 cols, 2073 nonzeros 0s
335 rows, 1266 cols, 1770 nonzeros 0s
274 rows, 1042 cols, 1485 nonzeros 0s
272 rows, 1020 cols, 1461 nonzeros 0s
Presolve reductions: rows 272(-10481); columns 1020(-8389); nonzeros 1461(-24076) 

Solving MIP model with:
   272 rows
   1020 cols (43 binary, 0 integer, 0 implied int., 977 continuous, 0 domain fixed)
   1461 nonzeros

Src: B => Branching; C => Central rounding; F => Feasibility pump; H => Heuristic;
     I => Shifting; J => Feasibility jump; L => Sub-MIP; P => Empty MIP; R => Randomized rounding;
     S => Solve LP; T => Evaluate node; U => Unbounded; X => User solution; Y => HiGHS solution;
     Z => ZI Round; l => Trivial lower; p => Trivial point; u => Trivial upper; z => Trivial zero

        Nodes      |    B&B Tree     |            Objective Bounds              |  Dynamic Constraints |       Work      
Src  Proc. InQueue |  Leaves   Expl. | BestBound       BestSol              Gap |   Cuts   InLp Confl. | LpIters     Time

 J       0       0         0   0.00%   -inf            18.76724264        Large        0      0      0         0     0.4s
 T       0       0         0   0.00%   3.15868759      17.16974209       81.60%        0      0      0        96     0.5s
         1       0         1 100.00%   17.16974209     17.16974209        0.00%        0      0      0        96     0.5s

Solving report
  Status            Optimal
  Primal bound      17.1697420875
  Dual bound        17.1697420875
  Gap               0% (tolerance: 0.5%)
  P-D integral      0.00737935802419
  Solution status   feasible
                    17.1697420875 (objective)
                    0 (bound viol.)
                    0 (int. viol.)
                    0 (row viol.)
  Timing            0.45
  Max sub-MIP depth 0
  Nodes             1
  Repair LPs        0
  LP iterations     96
                    0 (strong br.)
                    0 (separation)
                    0 (heuristics)
MIP has 10753 rows; 9409 cols; 25537 nonzeros; 1344 integer variables (1344 binary)
Coefficient ranges:
  Matrix  [2e-01, 2e+00]
  Cost    [1e-02, 6e-02]
  Bound   [1e+00, 1e+00]
  RHS     [2e-17, 4e+00]
WARNING: Problem has some excessively small row bounds
Presolving model
8064 rows, 8413 cols, 21852 nonzeros 0s
6156 rows, 6778 cols, 16849 nonzeros 0s
4130 rows, 4931 cols, 11528 nonzeros 0s
4028 rows, 3556 cols, 8131 nonzeros 0s
1952 rows, 2760 cols, 5735 nonzeros 0s
1739 rows, 1899 cols, 3431 nonzeros 0s
360 rows, 1340 cols, 1771 nonzeros 0s
192 rows, 1168 cols, 1431 nonzeros 0s
131 rows, 1006 cols, 1208 nonzeros 0s
123 rows, 883 cols, 1077 nonzeros 0s
Presolve reductions: rows 123(-10630); columns 883(-8526); nonzeros 1077(-24460) 

Solving MIP model with:
   123 rows
   883 cols (18 binary, 0 integer, 0 implied int., 865 continuous, 0 domain fixed)
   1077 nonzeros

Src: B => Branching; C => Central rounding; F => Feasibility pump; H => Heuristic;
     I => Shifting; J => Feasibility jump; L => Sub-MIP; P => Empty MIP; R => Randomized rounding;
     S => Solve LP; T => Evaluate node; U => Unbounded; X => User solution; Y => HiGHS solution;
     Z => ZI Round; l => Trivial lower; p => Trivial point; u => Trivial upper; z => Trivial zero

        Nodes      |    B&B Tree     |            Objective Bounds              |  Dynamic Constraints |       Work      
Src  Proc. InQueue |  Leaves   Expl. | BestBound       BestSol              Gap |   Cuts   InLp Confl. | LpIters     Time

 J       0       0         0   0.00%   -inf            19.92324259        Large        0      0      0         0     0.4s
 T       0       0         0   0.00%   4.798317585     19.60205664       75.52%        0      0      0        47     0.4s
         1       0         1 100.00%   19.60205664     19.60205664        0.00%        0      0      0        47     0.4s

Solving report
  Status            Optimal
  Primal bound      19.60205664
  Dual bound        19.60205664
  Gap               0% (tolerance: 0.5%)
  P-D integral      0.0058551358353
  Solution status   feasible
                    19.60205664 (objective)
                    0 (bound viol.)
                    0 (int. viol.)
                    0 (row viol.)
  Timing            0.44
  Max sub-MIP depth 0
  Nodes             1
  Repair LPs        0
  LP iterations     47
                    0 (strong br.)
                    0 (separation)
                    0 (heuristics)
MIP has 10753 rows; 9409 cols; 25537 nonzeros; 1344 integer variables (1344 binary)
Coefficient ranges:
  Matrix  [2e-01, 2e+00]
  Cost    [1e-02, 6e-02]
  Bound   [1e+00, 1e+00]
  RHS     [7e-18, 4e+00]
WARNING: Problem has some excessively small row bounds
Presolving model
8064 rows, 8474 cols, 21913 nonzeros 0s
6132 rows, 6805 cols, 16832 nonzeros 0s
4077 rows, 4919 cols, 11427 nonzeros 0s
3964 rows, 3516 cols, 8018 nonzeros 0s
1838 rows, 2652 cols, 5437 nonzeros 0s
1606 rows, 1844 cols, 3332 nonzeros 0s
412 rows, 1257 cols, 1792 nonzeros 0s
263 rows, 1055 cols, 1441 nonzeros 0s
217 rows, 851 cols, 1191 nonzeros 0s
205 rows, 699 cols, 1027 nonzeros 0s
195 rows, 532 cols, 850 nonzeros 0s
192 rows, 482 cols, 797 nonzeros 0s
Presolve reductions: rows 192(-10561); columns 482(-8927); nonzeros 797(-24740) 

Solving MIP model with:
   192 rows
   482 cols (31 binary, 0 integer, 0 implied int., 451 continuous, 0 domain fixed)
   797 nonzeros

Src: B => Branching; C => Central rounding; F => Feasibility pump; H => Heuristic;
     I => Shifting; J => Feasibility jump; L => Sub-MIP; P => Empty MIP; R => Randomized rounding;
     S => Solve LP; T => Evaluate node; U => Unbounded; X => User solution; Y => HiGHS solution;
     Z => ZI Round; l => Trivial lower; p => Trivial point; u => Trivial upper; z => Trivial zero

        Nodes      |    B&B Tree     |            Objective Bounds              |  Dynamic Constraints |       Work      
Src  Proc. InQueue |  Leaves   Expl. | BestBound       BestSol              Gap |   Cuts   InLp Confl. | LpIters     Time

 J       0       0         0   0.00%   -inf            21.58105665        Large        0      0      0         0     0.4s
 T       0       0         0   0.00%   14.65237149     20.95884388       30.09%        0      0      0        74     0.4s
         1       0         1 100.00%   20.95884388     20.95884388        0.00%        0      0      0        74     0.4s

Solving report
  Status            Optimal
  Primal bound      20.9588438819
  Dual bound        20.9588438819
  Gap               0% (tolerance: 0.5%)
  P-D integral      0.00146165647226
  Solution status   feasible
                    20.9588438819 (objective)
                    0 (bound viol.)
                    0 (int. viol.)
                    0 (row viol.)
  Timing            0.40
  Max sub-MIP depth 0
  Nodes             1
  Repair LPs        0
  LP iterations     74
                    0 (strong br.)
                    0 (separation)
                    0 (heuristics)
MIP has 10754 rows; 9409 cols; 25538 nonzeros; 1344 integer variables (1344 binary)
Coefficient ranges:
  Matrix  [2e-01, 2e+00]
  Cost    [1e-02, 6e-02]
  Bound   [1e+00, 1e+00]
  RHS     [7e-18, 4e+00]
WARNING: Problem has some excessively small row bounds
Presolving model
8064 rows, 8473 cols, 21912 nonzeros 0s
6112 rows, 6776 cols, 16771 nonzeros 0s
4070 rows, 4901 cols, 11398 nonzeros 0s
3953 rows, 3492 cols, 7976 nonzeros 0s
1831 rows, 2634 cols, 5408 nonzeros 0s
1590 rows, 1825 cols, 3299 nonzeros 0s
420 rows, 1284 cols, 1839 nonzeros 0s
275 rows, 1098 cols, 1508 nonzeros 0s
230 rows, 867 cols, 1232 nonzeros 0s
222 rows, 708 cols, 1065 nonzeros 0s
214 rows, 586 cols, 935 nonzeros 0s
Presolve reductions: rows 214(-10540); columns 586(-8823); nonzeros 935(-24603) 

Solving MIP model with:
   214 rows
   586 cols (34 binary, 0 integer, 0 implied int., 552 continuous, 0 domain fixed)
   935 nonzeros

Src: B => Branching; C => Central rounding; F => Feasibility pump; H => Heuristic;
     I => Shifting; J => Feasibility jump; L => Sub-MIP; P => Empty MIP; R => Randomized rounding;
     S => Solve LP; T => Evaluate node; U => Unbounded; X => User solution; Y => HiGHS solution;
     Z => ZI Round; l => Trivial lower; p => Trivial point; u => Trivial upper; z => Trivial zero

        Nodes      |    B&B Tree     |            Objective Bounds              |  Dynamic Constraints |       Work      
Src  Proc. InQueue |  Leaves   Expl. | BestBound       BestSol              Gap |   Cuts   InLp Confl. | LpIters     Time

         0       0         0   0.00%   13.11042339     inf                  inf        0      0      0         0     0.4s
 T       0       0         0   0.00%   13.11042339     20.47574455       35.97%        0      0      0        75     0.4s
         1       0         1 100.00%   20.47574455     20.47574455        0.00%        0      0      0        75     0.4s

Solving report
  Status            Optimal
  Primal bound      20.4757445544
  Dual bound        20.4757445544
  Gap               0% (tolerance: 0.5%)
  P-D integral      1.65466403445e-05
  Solution status   feasible
                    20.4757445544 (objective)
                    0 (bound viol.)
                    0 (int. viol.)
                    0 (row viol.)
  Timing            0.37
  Max sub-MIP depth 0
  Nodes             1
  Repair LPs        0
  LP iterations     75
                    0 (strong br.)
                    0 (separation)
                    0 (heuristics)
