MIP has 98120 rows; 86024 cols; 247304 nonzeros; 10752 integer variables (10752 binary)
Coefficient ranges:
  Matrix  [2e-01, 3e+00]
  Cost    [1e-02, 6e-02]
  Bound   [1e+00, 1e+00]
  RHS     [2e-03, 5e+00]
Presolving model
69318 rows, 73056 cols, 193384 nonzeros 0s
52365 rows, 58861 cols, 150816 nonzeros 1s
44301 rows, 48142 cols, 120709 nonzeros 2s
33855 rows, 42448 cols, 103729 nonzeros 3s
27687 rows, 37123 cols, 88832 nonzeros 4s
27630 rows, 37066 cols, 88718 nonzeros 4s
Presolve reductions: rows 27630(-70490); columns 37066(-48958); nonzeros 88718(-158586) 

Solving MIP model with:
   27630 rows
   37066 cols (3792 binary, 0 integer, 0 implied int., 33274 continuous, 0 domain fixed)
   88718 nonzeros

Src: B => Branching; C => Central rounding; F => Feasibility pump; H => Heuristic;
     I => Shifting; J => Feasibility jump; L => Sub-MIP; P => Empty MIP; R => Randomized rounding;
     S => Solve LP; T => Evaluate node; U => Unbounded; X => User solution; Y => HiGHS solution;
     Z => ZI Round; l => Trivial lower; p => Trivial point; u => Trivial upper; z => Trivial zero

        Nodes      |    B&B Tree     |            Objective Bounds              |  Dynamic Constraints |       Work      
Src  Proc. InQueue |  Leaves   Expl. | BestBound       BestSol              Gap |   Cuts   InLp Confl. | LpIters     Time

         0       0         0   0.00%   -62.26623908    inf                  inf        0      0      0         0     5.7s
         0       0         0   0.00%   71.87439329     inf                  inf        0      0      3     17913     6.8s
         0       0         0   0.00%   71.87439329     inf                  inf     4674   1376      9     20465     8.6s
         0       0         0   0.00%   71.87439329     inf                  inf     6144   1606     15     20963    10.1s
         0       0         0   0.00%   71.87439329     inf                  inf     7675   2792    131     22537    11.3s
         0       0         0   0.00%   71.87439329     inf                  inf     9257   3037    134     23006    12.4s
         0       0         0   0.00%   71.87439329     inf                  inf    10715   3140    139     23272    13.6s
         0       0         0   0.00%   71.87439329     inf                  inf    11490   3360    146     23773    14.9s
         0       0         0   0.00%   71.87439329     inf                  inf    13180   3695    152     24344    16.2s
         0       0         0   0.00%   71.87439329     inf                  inf    12433   3191    160     24665    17.5s
 L       0       0         0   0.00%   71.87439329     71.87439329        0.00%    12433   3191    160     24665    22.4s
         1       0         1 100.00%   71.87439329     71.87439329        0.00%    12433   3191    160     29334    22.4s

Solving report
  Status            Optimal
  Primal bound      71.874393287
  Dual bound        71.874393287
  Gap               0% (tolerance: 0.5%)
  P-D integral      6.64156005809e-17
  Solution status   feasible
                    71.874393287 (objective)
                    0 (bound viol.)
                    5.55111512313e-15 (int. viol.)
                    0 (row viol.)
  Timing            22.45
  Max sub-MIP depth 2
  Nodes             1
  Repair LPs        0
  LP iterations     29334
                    0 (strong br.)
                    6752 (separation)
                    4669 (heuristics)
MIP has 98120 rows; 86024 cols; 247304 nonzeros; 10752 integer variables (10752 binary)
Coefficient ranges:
  Matrix  [2e-01, 3e+00]
  Cost    [1e-02, 6e-02]
  Bound   [1e+00, 1e+00]
  RHS     [2e-03, 5e+00]
Presolving model
69345 rows, 73104 cols, 193504 nonzeros 0s
60174 rows, 60720 cols, 157163 nonzeros 1s
44578 rows, 51504 cols, 130232 nonzeros 2s
37379 rows, 43004 cols, 105640 nonzeros 3s
29484 rows, 38548 cols, 92906 nonzeros 3s
27030 rows, 36403 cols, 86941 nonzeros 5s
Presolve reductions: rows 27030(-71090); columns 36403(-49621); nonzeros 86941(-160363) 

Solving MIP model with:
   27030 rows
   36403 cols (3666 binary, 0 integer, 0 implied int., 32737 continuous, 0 domain fixed)
   86941 nonzeros

Src: B => Branching; C => Central rounding; F => Feasibility pump; H => Heuristic;
     I => Shifting; J => Feasibility jump; L => Sub-MIP; P => Empty MIP; R => Randomized rounding;
     S => Solve LP; T => Evaluate node; U => Unbounded; X => User solution; Y => HiGHS solution;
     Z => ZI Round; l => Trivial lower; p => Trivial point; u => Trivial upper; z => Trivial zero

        Nodes      |    B&B Tree     |            Objective Bounds              |  Dynamic Constraints |       Work      
Src  Proc. InQueue |  Leaves   Expl. | BestBound       BestSol              Gap |   Cuts   InLp Confl. | LpIters     Time

         0       0         0   0.00%   -57.96118389    inf                  inf        0      0      0         0     5.9s
         0       0         0   0.00%   89.5327438      inf                  inf        0      0      3     18133     7.1s
         0       0         0   0.00%   89.5595087      inf                  inf     5134   1373      7     20685     8.7s
         0       0         0   0.00%   89.5595087      inf                  inf     6569   2491     11     22339     9.9s
         0       0         0   0.00%   89.5595087      inf                  inf     8977   2911    204     23133    11.3s
         0       0         0   0.00%   89.5595087      inf                  inf    11236   3089    210     23569    12.7s
         0       0         0   0.00%   89.5595087      inf                  inf    12851   3561    217     24372    13.8s
         0       0         0   0.00%   89.5595087      inf                  inf    14320   3750    226     24781    14.9s
         0       0         0   0.00%   89.5595087      inf                  inf    12933   3109    230     25055    16.0s
 L       0       0         0   0.00%   89.5595087      89.5595087         0.00%    12933   3109    230     25055    22.3s
         1       0         1 100.00%   89.5595087      89.5595087         0.00%    12933   3109    230     29005    22.3s

Solving report
  Status            Optimal
  Primal bound      89.5595087015
  Dual bound        89.5595087015
  Gap               0% (tolerance: 0.5%)
  P-D integral      0
  Solution status   feasible
                    89.5595087015 (objective)
                    0 (bound viol.)
                    5.55111512313e-16 (int. viol.)
                    0 (row viol.)
  Timing            22.32
  Max sub-MIP depth 2
  Nodes             1
  Repair LPs        0
  LP iterations     29005
                    0 (strong br.)
                    6922 (separation)
                    3950 (heuristics)
MIP has 98120 rows; 86024 cols; 247304 nonzeros; 10752 integer variables (10752 binary)
Coefficient ranges:
  Matrix  [2e-01, 3e+00]
  Cost    [1e-02, 6e-02]
  Bound   [1e+00, 1e+00]
  RHS     [2e-03, 6e+00]
Presolving model
69417 rows, 73232 cols, 193824 nonzeros 0s
52405 rows, 58983 cols, 151054 nonzeros 1s
44302 rows, 48182 cols, 120655 nonzeros 2s
33337 rows, 42078 cols, 102532 nonzeros 3s
27526 rows, 36941 cols, 88419 nonzeros 4s
Presolve reductions: rows 27526(-70594); columns 36941(-49083); nonzeros 88419(-158885) 

Solving MIP model with:
   27526 rows
   36941 cols (3734 binary, 0 integer, 0 implied int., 33207 continuous, 0 domain fixed)
   88419 nonzeros

Src: B => Branching; C => Central rounding; F => Feasibility pump; H => Heuristic;
     I => Shifting; J => Feasibility jump; L => Sub-MIP; P => Empty MIP; R => Randomized rounding;
     S => Solve LP; T => Evaluate node; U => Unbounded; X => User solution; Y => HiGHS solution;
     Z => ZI Round; l => Trivial lower; p => Trivial point; u => Trivial upper; z => Trivial zero

        Nodes      |    B&B Tree     |            Objective Bounds              |  Dynamic Constraints |       Work      
Src  Proc. InQueue |  Leaves   Expl. | BestBound       BestSol              Gap |   Cuts   InLp Confl. | LpIters     Time

         0       0         0   0.00%   -59.41342904    inf                  inf        0      0      0         0     5.7s
         0       0         0   0.00%   93.86545122     inf                  inf        0      0      3     18697     6.8s
         0       0         0   0.00%   93.89533888     inf                  inf     5929   1626     11     21861     8.4s
         0       0         0   0.00%   93.89533888     inf                  inf     7991   3008     18     23747     9.7s
         0       0         0   0.00%   93.89533888     inf                  inf    10538   3467    205     24648    11.0s
         0       0         0   0.00%   93.89533888     inf                  inf    12691   3659    217     25143    12.1s
         0       0         0   0.00%   93.89533888     inf                  inf    14386   3758    223     25414    13.1s
         0       0         0   0.00%   93.89533888     inf                  inf    13195   4235    233     26274    14.3s
         0       0         0   0.00%   93.89533888     inf                  inf    14935   4451    236     26715    15.5s
         0       0         0   0.00%   93.89533888     inf                  inf    13708   3662    241     26987    16.6s
 L       0       0         0   0.00%   93.89533888     93.89533888        0.00%    13708   3662    241     26987    23.3s
         1       0         1 100.00%   93.89533888     93.89533888        0.00%    12412   3662    241     32072    23.3s

Solving report
  Status            Optimal
  Primal bound      93.895338881
  Dual bound        93.895338881
  Gap               0% (tolerance: 0.5%)
  P-D integral      3.29627376037e-17
  Solution status   feasible
                    93.895338881 (objective)
                    0 (bound viol.)
                    2.17603712827e-14 (int. viol.)
                    0 (row viol.)
  Timing            23.34
  Max sub-MIP depth 3
  Nodes             1
  Repair LPs        0
  LP iterations     32072
                    0 (strong br.)
                    8290 (separation)
                    5085 (heuristics)
MIP has 98120 rows; 86024 cols; 247304 nonzeros; 10752 integer variables (10752 binary)
Coefficient ranges:
  Matrix  [2e-01, 3e+00]
  Cost    [1e-02, 6e-02]
  Bound   [1e+00, 1e+00]
  RHS     [2e-03, 7e+00]
Presolving model
69489 rows, 73360 cols, 194144 nonzeros 0s
52561 rows, 59178 cols, 151617 nonzeros 1s
44611 rows, 48556 cols, 121880 nonzeros 2s
34253 rows, 42836 cols, 104935 nonzeros 3s
28404 rows, 37715 cols, 90760 nonzeros 4s
Presolve reductions: rows 28404(-69716); columns 37715(-48309); nonzeros 90760(-156544) 

Solving MIP model with:
   28404 rows
   37715 cols (3876 binary, 0 integer, 0 implied int., 33839 continuous, 0 domain fixed)
   90760 nonzeros

Src: B => Branching; C => Central rounding; F => Feasibility pump; H => Heuristic;
     I => Shifting; J => Feasibility jump; L => Sub-MIP; P => Empty MIP; R => Randomized rounding;
     S => Solve LP; T => Evaluate node; U => Unbounded; X => User solution; Y => HiGHS solution;
     Z => ZI Round; l => Trivial lower; p => Trivial point; u => Trivial upper; z => Trivial zero

        Nodes      |    B&B Tree     |            Objective Bounds              |  Dynamic Constraints |       Work      
Src  Proc. InQueue |  Leaves   Expl. | BestBound       BestSol              Gap |   Cuts   InLp Confl. | LpIters     Time

         0       0         0   0.00%   -63.98132052    inf                  inf        0      0      0         0     5.7s
         0       0         0   0.00%   74.4400341      inf                  inf        0      0      3     18778     6.9s
         0       0         0   0.00%   74.60225518     inf                  inf     3633   1050      5     20847     8.0s
         0       0         0   0.00%   74.60225518     inf                  inf     6504   1713     13     22073     9.6s
         0       0         0   0.00%   74.60549802     inf                  inf     8487   2958    181     23678    11.4s
         0       0         0   0.00%   74.60549802     inf                  inf    10975   3233    193     24156    12.7s
         0       0         0   0.00%   74.60549802     inf                  inf    12833   3354    204     24429    14.0s
         0       0         0   0.00%   74.60549802     inf                  inf    14462   3738    210     25101    15.3s
         0       0         0   0.00%   74.60549802     inf                  inf    12917   3871    214     25318    16.6s
         0       0         0   0.00%   74.60549802     inf                  inf    13973   3172    223     25521    18.0s
 L       0       0         0   0.00%   74.60549802     74.60549802        0.00%    13973   3172    223     25521    26.3s
         1       0         1 100.00%   74.60549802     74.60549802        0.00%    12396   3172    223     30272    26.4s

Solving report
  Status            Optimal
  Primal bound      74.6054980197
  Dual bound        74.6054980197
  Gap               0% (tolerance: 0.5%)
  P-D integral      0
  Solution status   feasible
                    74.6054980197 (objective)
                    0 (bound viol.)
                    5.55111512313e-16 (int. viol.)
                    0 (row viol.)
  Timing            26.38
  Max sub-MIP depth 3
  Nodes             1
  Repair LPs        0
  LP iterations     30272
                    0 (strong br.)
                    6743 (separation)
                    4751 (heuristics)
MIP has 98120 rows; 86024 cols; 247304 nonzeros; 10752 integer variables (10752 binary)
Coefficient ranges:
  Matrix  [2e-01, 3e+00]
  Cost    [1e-02, 6e-02]
  Bound   [1e+00, 1e+00]
  RHS     [4e-03, 7e+00]
Presolving model
69435 rows, 73264 cols, 193904 nonzeros 0s
52538 rows, 59079 cols, 151465 nonzeros 1s
44467 rows, 48357 cols, 121384 nonzeros 2s
34200 rows, 42686 cols, 104721 nonzeros 3s
28224 rows, 37483 cols, 90240 nonzeros 5s
Presolve reductions: rows 28224(-69896); columns 37483(-48541); nonzeros 90240(-157064) 

Solving MIP model with:
   28224 rows
   37483 cols (3874 binary, 0 integer, 0 implied int., 33609 continuous, 0 domain fixed)
   90240 nonzeros

Src: B => Branching; C => Central rounding; F => Feasibility pump; H => Heuristic;
     I => Shifting; J => Feasibility jump; L => Sub-MIP; P => Empty MIP; R => Randomized rounding;
     S => Solve LP; T => Evaluate node; U => Unbounded; X => User solution; Y => HiGHS solution;
     Z => ZI Round; l => Trivial lower; p => Trivial point; u => Trivial upper; z => Trivial zero

        Nodes      |    B&B Tree     |            Objective Bounds              |  Dynamic Constraints |       Work      
Src  Proc. InQueue |  Leaves   Expl. | BestBound       BestSol              Gap |   Cuts   InLp Confl. | LpIters     Time

         0       0         0   0.00%   -71.32619548    inf                  inf        0      0      0         0     6.2s
         0       0         0   0.00%   47.11945225     inf                  inf        0      0      4     17804     7.4s
         0       0         0   0.00%   47.13055251     inf                  inf     2793    862      8     19247     8.5s
         0       0         0   0.00%   47.1347852      inf                  inf     4063   1239     12     19876     9.6s
         0       0         0   0.00%   47.13913844     inf                  inf     5366   2067     19     20893    11.2s
         0       0         0   0.00%   47.14144379     inf                  inf     7244   2381    295     21406    13.0s
         0       0         0   0.00%   47.14144379     inf                  inf     8859   2517    304     21696    14.6s
         0       0         0   0.00%   47.14144379     inf                  inf     9946   2582    310     21804    16.2s
         0       0         0   0.00%   47.14144379     inf                  inf    10674   2717    318     22044    17.9s
         0       0         0   0.00%   47.14144379     inf                  inf    11242   2776    323     22185    19.5s
 L       0       0         0   0.00%   47.14144379     47.14144379        0.00%    11420   2085    329     22222    24.7s
         1       0         1 100.00%   47.14144379     47.14144379        0.00%    11420   2085    329     25039    24.8s

Solving report
  Status            Optimal
  Primal bound      47.1414437859
  Dual bound        47.1414437859
  Gap               0% (tolerance: 0.5%)
  P-D integral      0
  Solution status   feasible
                    47.1414437859 (objective)
                    0 (bound viol.)
                    2.44249065418e-15 (int. viol.)
                    0 (row viol.)
  Timing            24.76
  Max sub-MIP depth 1
  Nodes             1
  Repair LPs        0
  LP iterations     25039
                    0 (strong br.)
                    4418 (separation)
                    2817 (heuristics)
MIP has 98120 rows; 86024 cols; 247304 nonzeros; 10752 integer variables (10752 binary)
Coefficient ranges:
  Matrix  [2e-01, 3e+00]
  Cost    [1e-02, 6e-02]
  Bound   [1e+00, 1e+00]
  RHS     [4e-03, 7e+00]
Presolving model
69651 rows, 73648 cols, 194864 nonzeros 0s
53558 rows, 60156 cols, 154611 nonzeros 1s
41141 rows, 48939 cols, 122685 nonzeros 2s
33550 rows, 42470 cols, 104067 nonzeros 3s
30133 rows, 39494 cols, 95852 nonzeros 4s
Presolve reductions: rows 30133(-67987); columns 39494(-46530); nonzeros 95852(-151452) 

Solving MIP model with:
   30133 rows
   39494 cols (4173 binary, 0 integer, 0 implied int., 35321 continuous, 0 domain fixed)
   95852 nonzeros

Src: B => Branching; C => Central rounding; F => Feasibility pump; H => Heuristic;
     I => Shifting; J => Feasibility jump; L => Sub-MIP; P => Empty MIP; R => Randomized rounding;
     S => Solve LP; T => Evaluate node; U => Unbounded; X => User solution; Y => HiGHS solution;
     Z => ZI Round; l => Trivial lower; p => Trivial point; u => Trivial upper; z => Trivial zero

        Nodes      |    B&B Tree     |            Objective Bounds              |  Dynamic Constraints |       Work      
Src  Proc. InQueue |  Leaves   Expl. | BestBound       BestSol              Gap |   Cuts   InLp Confl. | LpIters     Time

         0       0         0   0.00%   -86.17669955    inf                  inf        0      0      0         0     5.9s
         0       0         0   0.00%   26.24873258     inf                  inf        0      0      3     18386     7.6s
         0       0         0   0.00%   26.29007273     inf                  inf     2645    937      7     19744     9.3s
         0       0         0   0.00%   26.3045684      inf                  inf     3567   1198     11     20197    10.9s
         0       0         0   0.00%   26.3045684      inf                  inf     4098   1284     15     20409    12.0s
         0       0         0   0.00%   26.30651667     inf                  inf     4484   1853     22     21117    13.1s
         0       0         0   0.00%   26.307861       inf                  inf     5199   2013    183     21384    14.8s
         0       0         0   0.00%   26.307861       inf                  inf     5827   2098    187     21570    15.8s
         0       0         0   0.00%   26.307861       inf                  inf     6194   2137    191     21666    16.8s
         0       0         0   0.00%   26.307861       inf                  inf     6493   2157    195     21706    17.9s
         0       0         0   0.00%   26.30788447     inf                  inf     6676   2229    199     21830    19.0s
         0       0         0   0.00%   26.30788447     inf                  inf     7024   2276    202     21927    20.1s
         0       0         0   0.00%   26.30788447     inf                  inf     7202   2309    204     21991    21.2s
         0       0         0   0.00%   26.30788447     inf                  inf     7441   2334    206     22081    22.3s
         0       0         0   0.00%   26.30788447     inf                  inf     7581   2365    209     22133    23.5s
 L       0       0         0   0.00%   26.30788447     26.3079257         0.00%     7581   2365    209     22133    28.2s
         1       0         1 100.00%   26.30788447     26.3079257         0.00%     7581   2365    209     26557    28.3s

Solving report
  Status            Optimal
  Primal bound      26.307925701
  Dual bound        26.3078844724
  Gap               0.000157% (tolerance: 0.5%)
  P-D integral      1.06068628229e-07
  Solution status   feasible
                    26.307925701 (objective)
                    0 (bound viol.)
                    3.33066907388e-16 (int. viol.)
                    0 (row viol.)
  Timing            28.30
  Max sub-MIP depth 2
  Nodes             1
  Repair LPs        0
  LP iterations     26557
                    0 (strong br.)
                    3747 (separation)
                    4423 (heuristics)
MIP has 98120 rows; 86024 cols; 247304 nonzeros; 10752 integer variables (10752 binary)
Coefficient ranges:
  Matrix  [2e-01, 3e+00]
  Cost    [1e-02, 6e-02]
  Bound   [1e+00, 1e+00]
  RHS     [2e-03, 8e+00]
Presolving model
70002 rows, 74272 cols, 196424 nonzeros 0s
54721 rows, 61441 cols, 158414 nonzeros 1s
42763 rows, 50634 cols, 127631 nonzeros 2s
33905 rows, 43064 cols, 105891 nonzeros 3s
32371 rows, 41691 cols, 102268 nonzeros 4s
Presolve reductions: rows 32371(-65749); columns 41691(-44333); nonzeros 102268(-145036) 

Solving MIP model with:
   32371 rows
   41691 cols (4496 binary, 0 integer, 0 implied int., 37195 continuous, 0 domain fixed)
   102268 nonzeros

Src: B => Branching; C => Central rounding; F => Feasibility pump; H => Heuristic;
     I => Shifting; J => Feasibility jump; L => Sub-MIP; P => Empty MIP; R => Randomized rounding;
     S => Solve LP; T => Evaluate node; U => Unbounded; X => User solution; Y => HiGHS solution;
     Z => ZI Round; l => Trivial lower; p => Trivial point; u => Trivial upper; z => Trivial zero

        Nodes      |    B&B Tree     |            Objective Bounds              |  Dynamic Constraints |       Work      
Src  Proc. InQueue |  Leaves   Expl. | BestBound       BestSol              Gap |   Cuts   InLp Confl. | LpIters     Time

         0       0         0   0.00%   -94.85819006    inf                  inf        0      0      0         0     5.9s
         0       0         0   0.00%   25.44135762     inf                  inf        0      0      4     19053     7.3s
         0       0         0   0.00%   25.47161953     inf                  inf     2648    938      7     20405     9.0s
         0       0         0   0.00%   25.48386165     inf                  inf     3504   1159     12     20804    10.5s
         0       0         0   0.00%   25.48386165     inf                  inf     3990   1233     17     20954    11.7s
         0       0         0   0.00%   25.48518121     inf                  inf     4281   1734     21     21560    12.8s
         0       0         0   0.00%   25.48604031     inf                  inf     4698   1837    325     21745    14.1s
         0       0         0   0.00%   25.48604031     inf                  inf     5073   1886    328     21835    15.2s
         0       0         0   0.00%   25.48604031     inf                  inf     5386   1912    331     21901    16.3s
         0       0         0   0.00%   25.48604031     inf                  inf     5617   1927    338     21930    17.4s
         0       0         0   0.00%   25.48604031     inf                  inf     5864   2022    344     22073    18.6s
         0       0         0   0.00%   25.48604031     inf                  inf     6249   2089    344     22172    19.9s
         0       0         0   0.00%   25.48604031     inf                  inf     6505   2139    347     22246    21.0s
         0       0         0   0.00%   25.48604031     inf                  inf     6837   2170    352     22301    22.2s
         0       0         0   0.00%   25.48604031     inf                  inf     7132   2191    355     22354    23.4s
 L       0       0         0   0.00%   25.48604031     25.48604031        0.00%     7132   2191    355     22354    31.5s
         1       0         1 100.00%   25.48604031     25.48604031        0.00%     7132   2191    355     28273    31.5s

Solving report
  Status            Optimal
  Primal bound      25.4860403083
  Dual bound        25.4860403083
  Gap               0% (tolerance: 0.5%)
  P-D integral      4.8395143658e-17
  Solution status   feasible
                    25.4860403083 (objective)
                    0 (bound viol.)
                    0 (int. viol.)
                    0 (row viol.)
  Timing            31.51
  Max sub-MIP depth 4
  Nodes             1
  Repair LPs        0
  LP iterations     28273
                    0 (strong br.)
                    3301 (separation)
                    5919 (heuristics)
MIP has 98120 rows; 86024 cols; 247304 nonzeros; 10752 integer variables (10752 binary)
Coefficient ranges:
  Matrix  [2e-01, 3e+00]
  Cost    [1e-02, 6e-02]
  Bound   [1e+00, 1e+00]
  RHS     [2e-03, 9e+00]
Presolving model
70164 rows, 74560 cols, 197144 nonzeros 0s
55425 rows, 62164 cols, 160561 nonzeros 1s
43922 rows, 51825 cols, 131025 nonzeros 2s
34973 rows, 44118 cols, 109038 nonzeros 4s
33624 rows, 42921 cols, 105870 nonzeros 5s
Presolve reductions: rows 33624(-64496); columns 42921(-43103); nonzeros 105870(-141434) 

Solving MIP model with:
   33624 rows
   42921 cols (4695 binary, 0 integer, 0 implied int., 38226 continuous, 0 domain fixed)
   105870 nonzeros

Src: B => Branching; C => Central rounding; F => Feasibility pump; H => Heuristic;
     I => Shifting; J => Feasibility jump; L => Sub-MIP; P => Empty MIP; R => Randomized rounding;
     S => Solve LP; T => Evaluate node; U => Unbounded; X => User solution; Y => HiGHS solution;
     Z => ZI Round; l => Trivial lower; p => Trivial point; u => Trivial upper; z => Trivial zero

        Nodes      |    B&B Tree     |            Objective Bounds              |  Dynamic Constraints |       Work      
Src  Proc. InQueue |  Leaves   Expl. | BestBound       BestSol              Gap |   Cuts   InLp Confl. | LpIters     Time

         0       0         0   0.00%   -101.088529     inf                  inf        0      0      0         0     6.6s
         0       0         0   0.00%   10.47134802     inf                  inf        0      0      3     19010     7.9s
         0       0         0   0.00%   10.47420523     inf                  inf     2061    747      7     19997     9.7s
         0       0         0   0.00%   10.4760988      inf                  inf     2595    891     11     20224    11.3s
         0       0         0   0.00%   10.4760988      inf                  inf     2931    936     15     20309    12.5s
         0       0         0   0.00%   10.47673837     inf                  inf     3061   1363     20     20758    13.6s
         0       0         0   0.00%   10.47673837     inf                  inf     3330   1432    184     20852    15.1s
         0       0         0   0.00%   10.47673837     inf                  inf     3517   1461    187     20908    16.3s
         0       0         0   0.00%   10.47673837     inf                  inf     3759   1475    190     20934    17.5s
         0       0         0   0.00%   10.47673837     inf                  inf     3958   1548    195     21045    18.7s
         0       0         0   0.00%   10.47673837     inf                  inf     4327   1600    201     21127    19.9s
         0       0         0   0.00%   10.47673837     inf                  inf     4562   1638    204     21194    21.1s
         0       0         0   0.00%   10.47673837     inf                  inf     4781   1666    207     21237    22.4s
         0       0         0   0.00%   10.47673837     inf                  inf     5049   1687    210     21265    23.8s
         0       0         0   0.00%   10.47673837     inf                  inf     5266   1705    210     21287    25.3s
 L       0       0         0   0.00%   10.47673837     10.47674338        0.00%     5266   1705    210     21287    29.1s
         1       0         1 100.00%   10.47673837     10.47674338        0.00%     5266   1705    210     23429    29.2s

Solving report
  Status            Optimal
  Primal bound      10.4767433759
  Dual bound        10.4767383724
  Gap               4.8e-05% (tolerance: 0.5%)
  P-D integral      1.72306170744e-08
  Solution status   feasible
                    10.4767433759 (objective)
                    0 (bound viol.)
                    1.88737914186e-15 (int. viol.)
                    0 (row viol.)
  Timing            29.15
  Max sub-MIP depth 1
  Nodes             1
  Repair LPs        0
  LP iterations     23429
                    0 (strong br.)
                    2277 (separation)
                    2142 (heuristics)
MIP has 98120 rows; 86024 cols; 247304 nonzeros; 10752 integer variables (10752 binary)
Coefficient ranges:
  Matrix  [2e-01, 3e+00]
  Cost    [1e-02, 6e-02]
  Bound   [1e+00, 1e+00]
  RHS     [2e-03, 1e+01]
Presolving model
70299 rows, 74800 cols, 197744 nonzeros 0s
55796 rows, 62617 cols, 161822 nonzeros 1s
45024 rows, 52931 cols, 134148 nonzeros 2s
36006 rows, 45261 cols, 112034 nonzeros 3s
34402 rows, 43849 cols, 108240 nonzeros 4s
Presolve reductions: rows 34402(-63718); columns 43849(-42175); nonzeros 108240(-139064) 

Solving MIP model with:
   34402 rows
   43849 cols (4796 binary, 0 integer, 0 implied int., 39053 continuous, 0 domain fixed)
   108240 nonzeros

Src: B => Branching; C => Central rounding; F => Feasibility pump; H => Heuristic;
     I => Shifting; J => Feasibility jump; L => Sub-MIP; P => Empty MIP; R => Randomized rounding;
     S => Solve LP; T => Evaluate node; U => Unbounded; X => User solution; Y => HiGHS solution;
     Z => ZI Round; l => Trivial lower; p => Trivial point; u => Trivial upper; z => Trivial zero

        Nodes      |    B&B Tree     |            Objective Bounds              |  Dynamic Constraints |       Work      
Src  Proc. InQueue |  Leaves   Expl. | BestBound       BestSol              Gap |   Cuts   InLp Confl. | LpIters     Time

         0       0         0   0.00%   -101.9819385    inf                  inf        0      0      0         0     6.1s
         0       0         0   0.00%   7.078950232     inf                  inf        0      0      3     19741     7.6s
         0       0         0   0.00%   7.085628238     inf                  inf     2621    974      6     20937     9.5s
         0       0         0   0.00%   7.090419525     inf                  inf     3242   1142     10     21152    11.1s
         0       0         0   0.00%   7.090419525     inf                  inf     3539   1192     13     21261    12.2s
         0       0         0   0.00%   7.090419525     inf                  inf     3780   1712     16     21777    13.4s
         0       0         0   0.00%   7.090419525     inf                  inf     4154   1774    119     21887    14.8s
         0       0         0   0.00%   7.090419525     inf                  inf     4464   1799    125     21958    16.0s
         0       0         0   0.00%   7.090419525     inf                  inf     4791   1826    131     22014    17.2s
         0       0         0   0.00%   7.090419525     inf                  inf     5063   1846    134     22088    18.4s
         0       0         0   0.00%   7.090419525     inf                  inf     5367   1957    137     22292    19.7s
         0       0         0   0.00%   7.090419525     inf                  inf     5723   2029    140     22415    21.0s
         0       0         0   0.00%   7.090419525     inf                  inf     5979   2074    143     22504    22.3s
         0       0         0   0.00%   7.090419525     inf                  inf     6231   2102    149     22559    23.6s
         0       0         0   0.00%   7.090419525     inf                  inf     6378   2119    149     22590    24.9s
         0       0         0   0.00%   7.090419525     inf                  inf     6560   2132    149     22619    26.3s
 L       0       0         0   0.00%   7.090419525     7.090419525        0.00%     6560   2132    149     22619    32.5s
         1       0         1 100.00%   7.090419525     7.090419525        0.00%     6560   2132    149     26100    32.5s

Solving report
  Status            Optimal
  Primal bound      7.09041952535
  Dual bound        7.09041952535
  Gap               0% (tolerance: 0.5%)
  P-D integral      0
  Solution status   feasible
                    7.09041952535 (objective)
                    0 (bound viol.)
                    1.66533453694e-15 (int. viol.)
                    0 (row viol.)
  Timing            32.54
  Max sub-MIP depth 2
  Nodes             1
  Repair LPs        0
  LP iterations     26100
                    0 (strong br.)
                    2878 (separation)
                    3481 (heuristics)
MIP has 98120 rows; 86024 cols; 247304 nonzeros; 10752 integer variables (10752 binary)
Coefficient ranges:
  Matrix  [2e-01, 3e+00]
  Cost    [1e-02, 6e-02]
  Bound   [1e+00, 1e+00]
  RHS     [2e-03, 1e+01]
Presolving model
70452 rows, 75072 cols, 198424 nonzeros 0s
56118 rows, 63020 cols, 162958 nonzeros 1s
45498 rows, 53440 cols, 135619 nonzeros 2s
36754 rows, 45957 cols, 114130 nonzeros 3s
35213 rows, 44583 cols, 110486 nonzeros 5s
Presolve reductions: rows 35213(-62907); columns 44583(-41441); nonzeros 110486(-136818) 

Solving MIP model with:
   35213 rows
   44583 cols (4916 binary, 0 integer, 0 implied int., 39667 continuous, 0 domain fixed)
   110486 nonzeros

Src: B => Branching; C => Central rounding; F => Feasibility pump; H => Heuristic;
     I => Shifting; J => Feasibility jump; L => Sub-MIP; P => Empty MIP; R => Randomized rounding;
     S => Solve LP; T => Evaluate node; U => Unbounded; X => User solution; Y => HiGHS solution;
     Z => ZI Round; l => Trivial lower; p => Trivial point; u => Trivial upper; z => Trivial zero

        Nodes      |    B&B Tree     |            Objective Bounds              |  Dynamic Constraints |       Work      
Src  Proc. InQueue |  Leaves   Expl. | BestBound       BestSol              Gap |   Cuts   InLp Confl. | LpIters     Time

         0       0         0   0.00%   -103.8742483    inf                  inf        0      0      0         0     6.3s
         0       0         0   0.00%   4.333717634     inf                  inf        0      0      3     20229     7.8s
         0       0         0   0.00%   4.342867881     inf                  inf     3175   1126      6     21564     9.9s
         0       0         0   0.00%   4.345186928     inf                  inf     3925   1350     10     21888    11.7s
         0       0         0   0.00%   4.345186928     inf                  inf     4332   1426     14     22049    13.0s
         0       0         0   0.00%   4.345186928     inf                  inf     4581   2089     18     22683    14.2s
         0       0         0   0.00%   4.345186928     inf                  inf     4884   2149    273     22800    16.5s
         0       0         0   0.00%   4.345186928     inf                  inf     5152   2176    277     22873    17.7s
         0       0         0   0.00%   4.345186928     inf                  inf     5346   2325    281     23026    19.0s
         0       0         0   0.00%   4.345186928     inf                  inf     5598   2376    285     23118    20.4s
         0       0         0   0.00%   4.345186928     inf                  inf     5830   2403    286     23173    21.7s
         0       0         0   0.00%   4.345186928     inf                  inf     5982   2415    296     23198    23.0s
         0       0         0   0.00%   4.345186928     inf                  inf     6207   2423    301     23220    24.4s
         0       0         0   0.00%   4.345186928     inf                  inf     6313   2459    301     23273    25.9s
         0       0         0   0.00%   4.345186928     inf                  inf     6504   2493    301     23324    27.3s
 L       0       0         0   0.00%   4.345186928     4.345537564        0.01%     6504   2493    301     23324    32.5s
         1       0         1 100.00%   4.345186928     4.345537564        0.01%     6504   2493    301     25804    32.5s

Solving report
  Status            Optimal
  Primal bound      4.34553756396
  Dual bound        4.34518692768
  Gap               0.00807% (tolerance: 0.5%)
  P-D integral      3.34366388241e-06
  Solution status   feasible
                    4.34553756396 (objective)
                    0 (bound viol.)
                    3.99680288865e-15 (int. viol.)
                    0 (row viol.)
  Timing            32.53
  Max sub-MIP depth 1
  Nodes             1
  Repair LPs        0
  LP iterations     25804
                    0 (strong br.)
                    3095 (separation)
                    2480 (heuristics)
MIP has 98120 rows; 86024 cols; 247304 nonzeros; 10752 integer variables (10752 binary)
Coefficient ranges:
  Matrix  [2e-01, 3e+00]
  Cost    [1e-02, 6e-02]
  Bound   [1e+00, 1e+00]
  RHS     [9e-03, 1e+01]
Presolving model
70632 rows, 75392 cols, 199224 nonzeros 0s
56835 rows, 63802 cols, 165189 nonzeros 1s
46433 rows, 54464 cols, 138415 nonzeros 2s
37907 rows, 47212 cols, 117497 nonzeros 4s
36158 rows, 45652 cols, 113312 nonzeros 5s
Presolve reductions: rows 36158(-61962); columns 45652(-40372); nonzeros 113312(-133992) 

Solving MIP model with:
   36158 rows
   45652 cols (5034 binary, 0 integer, 0 implied int., 40618 continuous, 0 domain fixed)
   113312 nonzeros

Src: B => Branching; C => Central rounding; F => Feasibility pump; H => Heuristic;
     I => Shifting; J => Feasibility jump; L => Sub-MIP; P => Empty MIP; R => Randomized rounding;
     S => Solve LP; T => Evaluate node; U => Unbounded; X => User solution; Y => HiGHS solution;
     Z => ZI Round; l => Trivial lower; p => Trivial point; u => Trivial upper; z => Trivial zero

        Nodes      |    B&B Tree     |            Objective Bounds              |  Dynamic Constraints |       Work      
Src  Proc. InQueue |  Leaves   Expl. | BestBound       BestSol              Gap |   Cuts   InLp Confl. | LpIters     Time

         0       0         0   0.00%   -107.3548057    inf                  inf        0      0      0         0     6.7s
         0       0         0   0.00%   -1.910560259    inf                  inf        0      0      3     20392     8.2s
         0       0         0   0.00%   -1.910560259    inf                  inf     3210   1148      6     21712     9.9s
         0       0         0   0.00%   -1.910560259    inf                  inf     4030   1378     10     22027    11.6s
         0       0         0   0.00%   -1.910560259    inf                  inf     4436   1454     14     22181    12.9s
         0       0         0   0.00%   -1.910560259    inf                  inf     4665   2070     17     22742    14.1s
         0       0         0   0.00%   -1.910560259    inf                  inf     4998   2111    325     22833    16.7s
         0       0         0   0.00%   -1.910560259    inf                  inf     5184   2136    329     22888    17.8s
         0       0         0   0.00%   -1.910560259    inf                  inf     5318   2210    336     23009    19.0s
         0       0         0   0.00%   -1.910560259    inf                  inf     5555   2265    339     23097    20.3s
         0       0         0   0.00%   -1.910560259    inf                  inf     5687   2288    342     23141    21.8s
         0       0         0   0.00%   -1.910560259    inf                  inf     5781   2302    345     23166    23.2s
         0       0         0   0.00%   -1.910560259    inf                  inf     5946   2310    350     23178    24.6s
         0       0         0   0.00%   -1.910560259    inf                  inf     6046   2318    357     23194    25.8s
 R       0       0         0   0.00%   -1.910560259    -1.906730704       0.20%     6135   2348    357     23235    27.3s
         1       0         1 100.00%   -1.910560259    -1.906730704       0.20%     6135   2348    357     23235    27.3s

Solving report
  Status            Optimal
  Primal bound      -1.90673070387
  Dual bound        -1.91056025866
  Gap               0.201% (tolerance: 0.5%)
  P-D integral      4.70250187781e-05
  Solution status   feasible
                    -1.90673070387 (objective)
                    0 (bound viol.)
                    3.44169137634e-15 (int. viol.)
                    0 (row viol.)
  Timing            27.29
  Max sub-MIP depth 0
  Nodes             1
  Repair LPs        0
  LP iterations     23235
                    0 (strong br.)
                    2843 (separation)
                    0 (heuristics)
MIP has 98120 rows; 86024 cols; 247304 nonzeros; 10752 integer variables (10752 binary)
Coefficient ranges:
  Matrix  [2e-01, 3e+00]
  Cost    [1e-02, 6e-02]
  Bound   [1e+00, 1e+00]
  RHS     [2e-03, 1e+01]
Presolving model
70812 rows, 75712 cols, 200024 nonzeros 0s
57225 rows, 64299 cols, 166566 nonzeros 1s
47184 rows, 55262 cols, 140651 nonzeros 2s
38567 rows, 47937 cols, 119492 nonzeros 4s
37048 rows, 46597 cols, 115903 nonzeros 5s
Presolve reductions: rows 37048(-61072); columns 46597(-39427); nonzeros 115903(-131401) 

Solving MIP model with:
   37048 rows
   46597 cols (5143 binary, 0 integer, 0 implied int., 41454 continuous, 0 domain fixed)
   115903 nonzeros

Src: B => Branching; C => Central rounding; F => Feasibility pump; H => Heuristic;
     I => Shifting; J => Feasibility jump; L => Sub-MIP; P => Empty MIP; R => Randomized rounding;
     S => Solve LP; T => Evaluate node; U => Unbounded; X => User solution; Y => HiGHS solution;
     Z => ZI Round; l => Trivial lower; p => Trivial point; u => Trivial upper; z => Trivial zero

        Nodes      |    B&B Tree     |            Objective Bounds              |  Dynamic Constraints |       Work      
Src  Proc. InQueue |  Leaves   Expl. | BestBound       BestSol              Gap |   Cuts   InLp Confl. | LpIters     Time

         0       0         0   0.00%   -109.1281751    inf                  inf        0      0      0         0     6.6s
         0       0         0   0.00%   -2.607916049    inf                  inf        0      0      3     20477     8.0s
         0       0         0   0.00%   -2.607916049    inf                  inf     3153   1173      6     21816    10.1s
         0       0         0   0.00%   -2.607916049    inf                  inf     3849   1379     12     22146    12.0s
         0       0         0   0.00%   -2.607916049    inf                  inf     4283   1445     16     22288    13.5s
         0       0         0   0.00%   -2.607916049    inf                  inf     4603   2102     21     22868    14.7s
         0       0         0   0.00%   -2.607916049    inf                  inf     4952   2165    214     22978    17.0s
         0       0         0   0.00%   -2.607916049    inf                  inf     5187   2198    217     23043    18.3s
         0       0         0   0.00%   -2.607916049    inf                  inf     5456   2217    222     23078    19.6s
         0       0         0   0.00%   -2.607916049    inf                  inf     5574   2290    228     23183    20.8s
         0       0         0   0.00%   -2.607916049    inf                  inf     5779   2335    233     23271    22.1s
         0       0         0   0.00%   -2.607916049    inf                  inf     5947   2363    236     23309    23.6s
         0       0         0   0.00%   -2.607916049    inf                  inf     6093   2383    241     23343    25.0s
 R       0       0         0   0.00%   -2.607916049    -2.598350362       0.37%     6268   2395    241     23367    26.6s
         1       0         1 100.00%   -2.607916049    -2.598350362       0.37%     6268   2395    241     23367    26.6s

Solving report
  Status            Optimal
  Primal bound      -2.59835036187
  Dual bound        -2.60791604871
  Gap               0.368% (tolerance: 0.5%)
  P-D integral      9.2500383188e-05
  Solution status   feasible
                    -2.59835036187 (objective)
                    0 (bound viol.)
                    4.10782519111e-15 (int. viol.)
                    0 (row viol.)
  Timing            26.62
  Max sub-MIP depth 0
  Nodes             1
  Repair LPs        0
  LP iterations     23367
                    0 (strong br.)
                    2890 (separation)
                    0 (heuristics)
MIP has 98120 rows; 86024 cols; 247304 nonzeros; 10752 integer variables (10752 binary)
Coefficient ranges:
  Matrix  [2e-01, 3e+00]
  Cost    [1e-02, 6e-02]
  Bound   [1e+00, 1e+00]
  RHS     [2e-03, 1e+01]
Presolving model
70920 rows, 75904 cols, 200504 nonzeros 0s
57414 rows, 64544 cols, 167294 nonzeros 1s
47458 rows, 55566 cols, 141671 nonzeros 2s
39247 rows, 47965 cols, 119881 nonzeros 4s
37957 rows, 47428 cols, 118431 nonzeros 4s
Presolve reductions: rows 37957(-60163); columns 47428(-38596); nonzeros 118431(-128873) 

Solving MIP model with:
   37957 rows
   47428 cols (5286 binary, 0 integer, 0 implied int., 42142 continuous, 0 domain fixed)
   118431 nonzeros

Src: B => Branching; C => Central rounding; F => Feasibility pump; H => Heuristic;
     I => Shifting; J => Feasibility jump; L => Sub-MIP; P => Empty MIP; R => Randomized rounding;
     S => Solve LP; T => Evaluate node; U => Unbounded; X => User solution; Y => HiGHS solution;
     Z => ZI Round; l => Trivial lower; p => Trivial point; u => Trivial upper; z => Trivial zero

        Nodes      |    B&B Tree     |            Objective Bounds              |  Dynamic Constraints |       Work      
Src  Proc. InQueue |  Leaves   Expl. | BestBound       BestSol              Gap |   Cuts   InLp Confl. | LpIters     Time

         0       0         0   0.00%   -112.7606599    inf                  inf        0      0      0         0     7.1s
         0       0         0   0.00%   -0.9783937874   inf                  inf        0      0      3     21345     8.6s
         0       0         0   0.00%   -0.9783937874   inf                  inf     3172   1179      6     22661    10.7s
         0       0         0   0.00%   -0.9783937874   inf                  inf     3844   1367      9     22946    12.5s
         0       0         0   0.00%   -0.9783937874   inf                  inf     4196   1424     12     23056    13.8s
         0       0         0   0.00%   -0.9783937874   inf                  inf     4418   2065     16     23638    15.1s
         0       0         0   0.00%   -0.9783937874   inf                  inf     4685   2116    211     23738    16.9s
         0       0         0   0.00%   -0.9783937874   inf                  inf     4902   2137    216     23778    18.3s
         0       0         0   0.00%   -0.9783937874   inf                  inf     5030   2152    219     23814    19.6s
         0       0         0   0.00%   -0.9783937874   inf                  inf     5128   2248    222     23936    20.9s
         0       0         0   0.00%   -0.9783937874   inf                  inf     5314   2291    229     24008    22.2s
         0       0         0   0.00%   -0.9783937874   inf                  inf     5481   2311    234     24051    23.6s
         0       0         0   0.00%   -0.9783937874   inf                  inf     5631   2325    235     24081    25.1s
         0       0         0   0.00%   -0.9783937874   inf                  inf     5773   2333    236     24107    26.6s
         0       0         0   0.00%   -0.9783937874   inf                  inf     5867   2341    238     24123    27.9s
 L       0       0         0   0.00%   -0.9783937874   -0.9783378603      0.01%     5867   2341    238     24123    36.0s
         1       0         1 100.00%   -0.9783937874   -0.9783378603      0.01%     5867   2341    238     27210    36.0s

Solving report
  Status            Optimal
  Primal bound      -0.978337860318
  Dual bound        -0.978393787434
  Gap               0.00572% (tolerance: 0.5%)
  P-D integral      2.2553424668e-06
  Solution status   feasible
                    -0.978337860318 (objective)
                    0 (bound viol.)
                    1.99840144433e-15 (int. viol.)
                    0 (row viol.)
  Timing            35.99
  Max sub-MIP depth 2
  Nodes             1
  Repair LPs        0
  LP iterations     27210
                    0 (strong br.)
                    2778 (separation)
                    3087 (heuristics)
MIP has 98120 rows; 86024 cols; 247304 nonzeros; 10752 integer variables (10752 binary)
Coefficient ranges:
  Matrix  [2e-01, 3e+00]
  Cost    [1e-02, 6e-02]
  Bound   [1e+00, 1e+00]
  RHS     [4e-03, 1e+01]
Presolving model
71010 rows, 76064 cols, 200904 nonzeros 0s
58058 rows, 65167 cols, 169205 nonzeros 1s
48170 rows, 56228 cols, 143928 nonzeros 2s
39211 rows, 48629 cols, 121872 nonzeros 4s
39035 rows, 48429 cols, 121496 nonzeros 4s
Presolve reductions: rows 39035(-59085); columns 48429(-37595); nonzeros 121496(-125808) 

Solving MIP model with:
   39035 rows
   48429 cols (5471 binary, 0 integer, 0 implied int., 42958 continuous, 0 domain fixed)
   121496 nonzeros

Src: B => Branching; C => Central rounding; F => Feasibility pump; H => Heuristic;
     I => Shifting; J => Feasibility jump; L => Sub-MIP; P => Empty MIP; R => Randomized rounding;
     S => Solve LP; T => Evaluate node; U => Unbounded; X => User solution; Y => HiGHS solution;
     Z => ZI Round; l => Trivial lower; p => Trivial point; u => Trivial upper; z => Trivial zero

        Nodes      |    B&B Tree     |            Objective Bounds              |  Dynamic Constraints |       Work      
Src  Proc. InQueue |  Leaves   Expl. | BestBound       BestSol              Gap |   Cuts   InLp Confl. | LpIters     Time

         0       0         0   0.00%   -121.2272096    inf                  inf        0      0      0         0     6.2s
         0       0         0   0.00%   -5.73206424     inf                  inf        0      0      6     21877     7.8s
         0       0         0   0.00%   -5.73206424     inf                  inf     2206    812      9     22914     9.9s
         0       0         0   0.00%   -5.73206424     inf                  inf     2858    983     12     23202    11.9s
         0       0         0   0.00%   -5.73206424     inf                  inf     3223   1040     18     23301    13.4s
         0       0         0   0.00%   -5.73206424     inf                  inf     3398   1514     26     23759    14.7s
         0       0         0   0.00%   -5.73206424     inf                  inf     3676   1594    270     23906    16.4s
         0       0         0   0.00%   -5.73206424     inf                  inf     3962   1628    275     23978    17.7s
         0       0         0   0.00%   -5.73206424     inf                  inf     4088   1642    280     24010    18.9s
         0       0         0   0.00%   -5.73206424     inf                  inf     4226   1661    285     24050    20.2s
         0       0         0   0.00%   -5.73206424     inf                  inf     4285   1727    290     24167    21.5s
         0       0         0   0.00%   -5.73206424     inf                  inf     4500   1783    296     24246    22.8s
         0       0         0   0.00%   -5.73206424     inf                  inf     4651   1808    299     24300    24.2s
         0       0         0   0.00%   -5.73206424     inf                  inf     4792   1827    305     24331    25.5s
         0       0         0   0.00%   -5.73206424     inf                  inf     4891   1836    306     24342    27.0s
         0       0         0   0.00%   -5.73206424     inf                  inf     4996   1845    307     24357    28.3s
 L       0       0         0   0.00%   -5.73206424     -5.732062809       0.00%     4996   1845    307     24357    34.4s
         1       0         1 100.00%   -5.73206424     -5.732062809       0.00%     4996   1845    307     27642    34.5s

Solving report
  Status            Optimal
  Primal bound      -5.73206280875
  Dual bound        -5.73206424003
  Gap               2.5e-05% (tolerance: 0.5%)
  P-D integral      1.38769445151e-08
  Solution status   feasible
                    -5.73206280875 (objective)
                    0 (bound viol.)
                    1.66533453694e-15 (int. viol.)
                    0 (row viol.)
  Timing            34.49
  Max sub-MIP depth 2
  Nodes             1
  Repair LPs        0
  LP iterations     27642
                    0 (strong br.)
                    2480 (separation)
                    3285 (heuristics)
MIP has 98120 rows; 86024 cols; 247304 nonzeros; 10752 integer variables (10752 binary)
Coefficient ranges:
  Matrix  [2e-01, 3e+00]
  Cost    [1e-02, 6e-02]
  Bound   [1e+00, 1e+00]
  RHS     [4e-03, 1e+01]
Presolving model
71208 rows, 76416 cols, 201784 nonzeros 0s
58947 rows, 66077 cols, 171948 nonzeros 1s
49690 rows, 56198 cols, 143722 nonzeros 2s
40372 rows, 49817 cols, 125409 nonzeros 5s
Presolve reductions: rows 40372(-57748); columns 49817(-36207); nonzeros 125409(-121895) 

Solving MIP model with:
   40372 rows
   49817 cols (5668 binary, 0 integer, 0 implied int., 44149 continuous, 0 domain fixed)
   125409 nonzeros

Src: B => Branching; C => Central rounding; F => Feasibility pump; H => Heuristic;
     I => Shifting; J => Feasibility jump; L => Sub-MIP; P => Empty MIP; R => Randomized rounding;
     S => Solve LP; T => Evaluate node; U => Unbounded; X => User solution; Y => HiGHS solution;
     Z => ZI Round; l => Trivial lower; p => Trivial point; u => Trivial upper; z => Trivial zero

        Nodes      |    B&B Tree     |            Objective Bounds              |  Dynamic Constraints |       Work      
Src  Proc. InQueue |  Leaves   Expl. | BestBound       BestSol              Gap |   Cuts   InLp Confl. | LpIters     Time

         0       0         0   0.00%   -129.0440464    inf                  inf        0      0      0         0     7.7s
         0       0         0   0.00%   -13.09553263    inf                  inf        0      0      3     22530     9.4s
         0       0         0   0.00%   -13.09553263    inf                  inf     1945    705      7     23551    11.3s
         0       0         0   0.00%   -13.09553263    inf                  inf     2700    885     12     23881    13.2s
         0       0         0   0.00%   -13.09553263    inf                  inf     3145    941     13     24015    14.7s
         0       0         0   0.00%   -13.09553263    inf                  inf     3470   1432     18     24527    15.9s
         0       0         0   0.00%   -13.09553263    inf                  inf     3978   1571    200     24725    18.5s
         0       0         0   0.00%   -13.09553263    inf                  inf     4312   1641    204     24829    19.8s
         0       0         0   0.00%   -13.09553263    inf                  inf     4592   1675    205     24889    21.0s
         0       0         0   0.00%   -13.09553263    inf                  inf     4824   1700    206     24932    22.3s
         0       0         0   0.00%   -13.09553263    inf                  inf     5067   1715    212     24960    23.6s
         0       0         0   0.00%   -13.09553263    inf                  inf     5231   1726    215     24990    24.9s
         0       0         0   0.00%   -13.09553263    inf                  inf     5336   1737    218     25012    26.2s
         0       0         0   0.00%   -13.09553263    inf                  inf     5560   1808    221     25136    27.5s
         0       0         0   0.00%   -13.09553263    inf                  inf     5754   1863    225     25214    28.8s
 L       0       0         0   0.00%   -13.09553263    -13.09521362       0.00%     5754   1863    225     25214    35.0s
         1       0         1 100.00%   -13.09553263    -13.09521362       0.00%     5754   1863    225     28818    35.0s

Solving report
  Status            Optimal
  Primal bound      -13.0952136216
  Dual bound        -13.0955326322
  Gap               0.00244% (tolerance: 0.5%)
  P-D integral      1.00820105177e-06
  Solution status   feasible
                    -13.0952136216 (objective)
                    0 (bound viol.)
                    1.66533453694e-15 (int. viol.)
                    0 (row viol.)
  Timing            35.04
  Max sub-MIP depth 2
  Nodes             1
  Repair LPs        0
  LP iterations     28818
                    0 (strong br.)
                    2684 (separation)
                    3604 (heuristics)
MIP has 98120 rows; 86024 cols; 247304 nonzeros; 10752 integer variables (10752 binary)
Coefficient ranges:
  Matrix  [2e-01, 3e+00]
  Cost    [1e-02, 6e-02]
  Bound   [1e+00, 1e+00]
  RHS     [2e-03, 1e+01]
Presolving model
71388 rows, 76736 cols, 202584 nonzeros 0s
59200 rows, 66464 cols, 172966 nonzeros 1s
47452 rows, 56013 cols, 143013 nonzeros 2s
41393 rows, 50812 cols, 128287 nonzeros 4s
Presolve reductions: rows 41393(-56727); columns 50812(-35212); nonzeros 128287(-119017) 

Solving MIP model with:
   41393 rows
   50812 cols (5807 binary, 0 integer, 0 implied int., 45005 continuous, 0 domain fixed)
   128287 nonzeros

Src: B => Branching; C => Central rounding; F => Feasibility pump; H => Heuristic;
     I => Shifting; J => Feasibility jump; L => Sub-MIP; P => Empty MIP; R => Randomized rounding;
     S => Solve LP; T => Evaluate node; U => Unbounded; X => User solution; Y => HiGHS solution;
     Z => ZI Round; l => Trivial lower; p => Trivial point; u => Trivial upper; z => Trivial zero

        Nodes      |    B&B Tree     |            Objective Bounds              |  Dynamic Constraints |       Work      
Src  Proc. InQueue |  Leaves   Expl. | BestBound       BestSol              Gap |   Cuts   InLp Confl. | LpIters     Time

         0       0         0   0.00%   -133.3328934    inf                  inf        0      0      0         0     6.4s
         0       0         0   0.00%   -14.8802779     inf                  inf        0      0      3     23206     8.1s
         0       0         0   0.00%   -14.8802779     inf                  inf     2422    887      6     24410    10.8s
         0       0         0   0.00%   -14.8802779     inf                  inf     3264   1076     11     24794    12.9s
         0       0         0   0.00%   -14.8802779     inf                  inf     3827   1154     16     24963    14.6s
         0       0         0   0.00%   -14.8802779     inf                  inf     4139   1727     20     25522    16.1s
         0       0         0   0.00%   -14.8802779     inf                  inf     4658   1869    202     25748    20.1s
         0       0         0   0.00%   -14.8802779     inf                  inf     5099   1943    206     25868    21.6s
         0       0         0   0.00%   -14.8802779     inf                  inf     5461   1976    208     25929    23.0s
         0       0         0   0.00%   -14.8802779     inf                  inf     5717   1996    212     25958    24.4s
         0       0         0   0.00%   -14.8802779     inf                  inf     5962   2072    216     26104    25.9s
         0       0         0   0.00%   -14.8802779     inf                  inf     6281   2122    219     26171    27.4s
         0       0         0   0.00%   -14.8802779     inf                  inf     6472   2144    223     26213    28.9s
         0       0         0   0.00%   -14.8802779     inf                  inf     6705   2166    227     26255    30.3s
         0       0         0   0.00%   -14.8802779     inf                  inf     6861   2186    232     26283    31.8s
         0       0         0   0.00%   -14.8802779     inf                  inf     7013   2202    240     26321    33.3s
 L       0       0         0   0.00%   -14.8802779     -14.87998278       0.00%     7013   2202    240     26321    38.2s
         1       0         1 100.00%   -14.8802779     -14.87998278       0.00%     7013   2202    240     28883    38.3s

Solving report
  Status            Optimal
  Primal bound      -14.8799827756
  Dual bound        -14.8802779041
  Gap               0.00198% (tolerance: 0.5%)
  P-D integral      8.74781204205e-07
  Solution status   feasible
                    -14.8799827756 (objective)
                    0 (bound viol.)
                    2.55351295664e-15 (int. viol.)
                    0 (row viol.)
  Timing            38.26
  Max sub-MIP depth 1
  Nodes             1
  Repair LPs        0
  LP iterations     28883
                    0 (strong br.)
                    3115 (separation)
                    2562 (heuristics)
MIP has 98120 rows; 86024 cols; 247304 nonzeros; 10752 integer variables (10752 binary)
Coefficient ranges:
  Matrix  [2e-01, 3e+00]
  Cost    [1e-02, 6e-02]
  Bound   [1e+00, 1e+00]
  RHS     [2e-03, 1e+01]
Presolving model
71523 rows, 76976 cols, 203184 nonzeros 0s
59576 rows, 66313 cols, 173766 nonzeros 1s
48233 rows, 56858 cols, 145352 nonzeros 3s
42283 rows, 51752 cols, 130902 nonzeros 5s
Presolve reductions: rows 42283(-55837); columns 51752(-34272); nonzeros 130902(-116402) 

Solving MIP model with:
   42283 rows
   51752 cols (5939 binary, 0 integer, 0 implied int., 45813 continuous, 0 domain fixed)
   130902 nonzeros

Src: B => Branching; C => Central rounding; F => Feasibility pump; H => Heuristic;
     I => Shifting; J => Feasibility jump; L => Sub-MIP; P => Empty MIP; R => Randomized rounding;
     S => Solve LP; T => Evaluate node; U => Unbounded; X => User solution; Y => HiGHS solution;
     Z => ZI Round; l => Trivial lower; p => Trivial point; u => Trivial upper; z => Trivial zero

        Nodes      |    B&B Tree     |            Objective Bounds              |  Dynamic Constraints |       Work      
Src  Proc. InQueue |  Leaves   Expl. | BestBound       BestSol              Gap |   Cuts   InLp Confl. | LpIters     Time

         0       0         0   0.00%   -142.5309065    inf                  inf        0      0      0         0     6.6s
         0       0         0   0.00%   -23.73198074    inf                  inf        0      0      4     22997     8.4s
         0       0         0   0.00%   -23.73198074    inf                  inf     2175    770      8     24059    10.5s
         0       0         0   0.00%   -23.73198074    inf                  inf     2812    928     15     24357    12.3s
         0       0         0   0.00%   -23.73198074    inf                  inf     3245   1010     22     24516    13.9s
         0       0         0   0.00%   -23.73198074    inf                  inf     3508   1475     25     24991    15.2s
         0       0         0   0.00%   -23.73198074    inf                  inf     3895   1573    272     25168    17.6s
         0       0         0   0.00%   -23.73198074    inf                  inf     4221   1614    275     25255    18.9s
         0       0         0   0.00%   -23.73198074    inf                  inf     4439   1637    279     25332    20.3s
         0       0         0   0.00%   -23.73198074    inf                  inf     4640   1660    280     25373    21.6s
         0       0         0   0.00%   -23.73198074    inf                  inf     4868   1740    284     25527    23.0s
         0       0         0   0.00%   -23.73198074    inf                  inf     5102   1808    286     25640    24.5s
         0       0         0   0.00%   -23.73198074    inf                  inf     5318   1848    289     25712    26.0s
         0       0         0   0.00%   -23.73198074    inf                  inf     5478   1870    295     25747    27.5s
         0       0         0   0.00%   -23.73198074    inf                  inf     5610   1881    299     25784    29.0s
         0       0         0   0.00%   -23.73198074    inf                  inf     5703   1888    302     25801    30.3s
 L       0       0         0   0.00%   -23.73198074    -23.73161695       0.00%     5703   1888    302     25801    37.2s
         1       0         1 100.00%   -23.73198074    -23.73161695       0.00%     5703   1888    302     29237    37.3s

Solving report
  Status            Optimal
  Primal bound      -23.7316169492
  Dual bound        -23.7319807402
  Gap               0.00153% (tolerance: 0.5%)
  P-D integral      7.3626236248e-07
  Solution status   feasible
                    -23.7316169492 (objective)
                    0 (bound viol.)
                    1.55431223448e-14 (int. viol.)
                    0 (row viol.)
  Timing            37.29
  Max sub-MIP depth 2
  Nodes             1
  Repair LPs        0
  LP iterations     29237
                    0 (strong br.)
                    2804 (separation)
                    3436 (heuristics)
MIP has 98120 rows; 86024 cols; 247304 nonzeros; 10752 integer variables (10752 binary)
Coefficient ranges:
  Matrix  [2e-01, 3e+00]
  Cost    [1e-02, 6e-02]
  Bound   [1e+00, 1e+00]
  RHS     [2e-03, 1e+01]
Presolving model
71622 rows, 77152 cols, 203624 nonzeros 0s
59628 rows, 66466 cols, 174090 nonzeros 1s
48662 rows, 57329 cols, 146615 nonzeros 3s
42615 rows, 52145 cols, 131912 nonzeros 4s
Presolve reductions: rows 42615(-55505); columns 52145(-33879); nonzeros 131912(-115392) 

Solving MIP model with:
   42615 rows
   52145 cols (5967 binary, 0 integer, 0 implied int., 46178 continuous, 0 domain fixed)
   131912 nonzeros

Src: B => Branching; C => Central rounding; F => Feasibility pump; H => Heuristic;
     I => Shifting; J => Feasibility jump; L => Sub-MIP; P => Empty MIP; R => Randomized rounding;
     S => Solve LP; T => Evaluate node; U => Unbounded; X => User solution; Y => HiGHS solution;
     Z => ZI Round; l => Trivial lower; p => Trivial point; u => Trivial upper; z => Trivial zero

        Nodes      |    B&B Tree     |            Objective Bounds              |  Dynamic Constraints |       Work      
Src  Proc. InQueue |  Leaves   Expl. | BestBound       BestSol              Gap |   Cuts   InLp Confl. | LpIters     Time

         0       0         0   0.00%   -139.8304598    inf                  inf        0      0      0         0     7.6s
         0       0         0   0.00%   -20.5760197     inf                  inf        0      0      3     23289     9.4s
         0       0         0   0.00%   -20.5760197     inf                  inf     2405    857      6     24366    11.7s
         0       0         0   0.00%   -20.5760197     inf                  inf     2996   1003      9     24626    13.7s
         0       0         0   0.00%   -20.5760197     inf                  inf     3260   1053     13     24732    15.2s
         0       0         0   0.00%   -20.5760197     inf                  inf     3442   1549     16     25187    16.5s
         0       0         0   0.00%   -20.5760197     inf                  inf     3769   1614    268     25299    18.8s
         0       0         0   0.00%   -20.5760197     inf                  inf     4102   1648    269     25354    20.3s
         0       0         0   0.00%   -20.5760197     inf                  inf     4302   1670    271     25399    21.7s
         0       0         0   0.00%   -20.5760197     inf                  inf     4452   1750    272     25549    23.1s
         0       0         0   0.00%   -20.5760197     inf                  inf     4648   1809    275     25640    24.6s
 R       0       0         0   0.00%   -20.5760197     -20.57588865       0.00%     4859   1839    275     25689    26.2s
         1       0         1 100.00%   -20.5760197     -20.57588865       0.00%     4859   1839    275     25689    26.2s

Solving report
  Status            Optimal
  Primal bound      -20.5758886538
  Dual bound        -20.5760197041
  Gap               0.000637% (tolerance: 0.5%)
  P-D integral      2.1342222684e-07
  Solution status   feasible
                    -20.5758886538 (objective)
                    0 (bound viol.)
                    1.7763568394e-15 (int. viol.)
                    0 (row viol.)
  Timing            26.24
  Max sub-MIP depth 0
  Nodes             1
  Repair LPs        0
  LP iterations     25689
                    0 (strong br.)
                    2400 (separation)
                    0 (heuristics)
MIP has 98120 rows; 86024 cols; 247304 nonzeros; 10752 integer variables (10752 binary)
Coefficient ranges:
  Matrix  [2e-01, 3e+00]
  Cost    [1e-02, 6e-02]
  Bound   [1e+00, 1e+00]
  RHS     [4e-03, 1e+01]
Presolving model
71757 rows, 77392 cols, 204224 nonzeros 0s
60083 rows, 64760 cols, 168902 nonzeros 2s
49035 rows, 56721 cols, 145003 nonzeros 3s
43398 rows, 52931 cols, 134190 nonzeros 4s
Presolve reductions: rows 43398(-54722); columns 52931(-33093); nonzeros 134190(-113114) 

Solving MIP model with:
   43398 rows
   52931 cols (6081 binary, 0 integer, 0 implied int., 46850 continuous, 0 domain fixed)
   134190 nonzeros

Src: B => Branching; C => Central rounding; F => Feasibility pump; H => Heuristic;
     I => Shifting; J => Feasibility jump; L => Sub-MIP; P => Empty MIP; R => Randomized rounding;
     S => Solve LP; T => Evaluate node; U => Unbounded; X => User solution; Y => HiGHS solution;
     Z => ZI Round; l => Trivial lower; p => Trivial point; u => Trivial upper; z => Trivial zero

        Nodes      |    B&B Tree     |            Objective Bounds              |  Dynamic Constraints |       Work      
Src  Proc. InQueue |  Leaves   Expl. | BestBound       BestSol              Gap |   Cuts   InLp Confl. | LpIters     Time

         0       0         0   0.00%   -143.8796035    inf                  inf        0      0      0         0     6.8s
         0       0         0   0.00%   -22.59074428    inf                  inf        0      0      3     23692     8.7s
         0       0         0   0.00%   -22.59074428    inf                  inf     2244    780      6     24695    10.7s
         0       0         0   0.00%   -22.59074428    inf                  inf     2843    916      9     24925    12.6s
         0       0         0   0.00%   -22.59074428    inf                  inf     3162   1436     14     25441    14.3s
         0       0         0   0.00%   -22.59074428    inf                  inf     3502   1515     19     25582    15.6s
         0       0         0   0.00%   -22.59074428    inf                  inf     3820   1567    207     25710    18.6s
         0       0         0   0.00%   -22.59074428    inf                  inf     4075   1595    210     25793    20.0s
         0       0         0   0.00%   -22.59074428    inf                  inf     4226   1619    213     25831    21.4s
         0       0         0   0.00%   -22.59074428    inf                  inf     4399   1716    216     25992    22.8s
         0       0         0   0.00%   -22.59074428    inf                  inf     4614   1779    218     26088    24.2s
         0       0         0   0.00%   -22.59074428    inf                  inf     4795   1818    219     26145    25.7s
         0       0         0   0.00%   -22.59074428    inf                  inf     4959   1842    223     26191    27.1s
         0       0         0   0.00%   -22.59074428    inf                  inf     5074   1855    223     26214    28.8s
         0       0         0   0.00%   -22.59074428    inf                  inf     5153   1859    227     26223    30.1s
 L       0       0         0   0.00%   -22.59074428    -22.59070257       0.00%     5153   1859    227     26223    37.4s
         1       0         1 100.00%   -22.59074428    -22.59070257       0.00%     5153   1859    227     29887    37.4s

Solving report
  Status            Optimal
  Primal bound      -22.5907025683
  Dual bound        -22.5907442769
  Gap               0.000185% (tolerance: 0.5%)
  P-D integral      7.57159369498e-08
  Solution status   feasible
                    -22.5907025683 (objective)
                    0 (bound viol.)
                    4.66293670343e-15 (int. viol.)
                    0 (row viol.)
  Timing            37.45
  Max sub-MIP depth 2
  Nodes             1
  Repair LPs        0
  LP iterations     29887
                    0 (strong br.)
                    2531 (separation)
                    3664 (heuristics)
MIP has 98120 rows; 86024 cols; 247304 nonzeros; 10752 integer variables (10752 binary)
Coefficient ranges:
  Matrix  [2e-01, 3e+00]
  Cost    [1e-02, 6e-02]
  Bound   [1e+00, 1e+00]
  RHS     [4e-03, 1e+01]
Presolving model
71919 rows, 77680 cols, 204944 nonzeros 0s
60468 rows, 65326 cols, 170643 nonzeros 2s
48267 rows, 57220 cols, 146438 nonzeros 4s
44726 rows, 54166 cols, 137889 nonzeros 6s
Presolve reductions: rows 44726(-53394); columns 54166(-31858); nonzeros 137889(-109415) 

Solving MIP model with:
   44726 rows
   54166 cols (6287 binary, 0 integer, 0 implied int., 47879 continuous, 0 domain fixed)
   137889 nonzeros

Src: B => Branching; C => Central rounding; F => Feasibility pump; H => Heuristic;
     I => Shifting; J => Feasibility jump; L => Sub-MIP; P => Empty MIP; R => Randomized rounding;
     S => Solve LP; T => Evaluate node; U => Unbounded; X => User solution; Y => HiGHS solution;
     Z => ZI Round; l => Trivial lower; p => Trivial point; u => Trivial upper; z => Trivial zero

        Nodes      |    B&B Tree     |            Objective Bounds              |  Dynamic Constraints |       Work      
Src  Proc. InQueue |  Leaves   Expl. | BestBound       BestSol              Gap |   Cuts   InLp Confl. | LpIters     Time

         0       0         0   0.00%   -157.3498378    inf                  inf        0      0      0         0     7.6s
         0       0         0   0.00%   -34.04452578    inf                  inf        0      0      3     23700     9.3s
         0       0         0   0.00%   -34.04452578    inf                  inf     1829    634      6     24590    11.3s
         0       0         0   0.00%   -34.04452578    inf                  inf     2413    762      9     24848    13.2s
         0       0         0   0.00%   -34.04452578    inf                  inf     2767   1225     12     25342    14.7s
         0       0         0   0.00%   -34.04452578    inf                  inf     3142   1342     15     25529    15.9s
         0       0         0   0.00%   -34.04452578    inf                  inf     3429   1402    188     25603    18.2s
         0       0         0   0.00%   -34.04452578    inf                  inf     3730   1434    191     25662    19.4s
         0       0         0   0.00%   -34.04452578    inf                  inf     3984   1538    194     25853    20.7s
         0       0         0   0.00%   -34.04452578    inf                  inf     4281   1609    199     25955    22.0s
         0       0         0   0.00%   -34.04452578    inf                  inf     4561   1643    204     25987    23.3s
         0       0         0   0.00%   -34.04452578    inf                  inf     4762   1656    204     26003    24.9s
         0       0         0   0.00%   -34.04452578    inf                  inf     4866   1687    207     26042    26.2s
         0       0         0   0.00%   -34.04452578    inf                  inf     5030   1719    210     26097    27.6s
         0       0         0   0.00%   -34.04452578    inf                  inf     5209   1741    213     26125    29.0s
 L       0       0         0   0.00%   -34.04452578    -34.04388484       0.00%     5209   1741    213     26125    33.5s
         1       0         1 100.00%   -34.04452578    -34.04388484       0.00%     5209   1741    213     28441    33.6s

Solving report
  Status            Optimal
  Primal bound      -34.0438848423
  Dual bound        -34.0445257752
  Gap               0.00188% (tolerance: 0.5%)
  P-D integral      8.21953529381e-07
  Solution status   feasible
                    -34.0438848423 (objective)
                    0 (bound viol.)
                    5.55111512313e-15 (int. viol.)
                    0 (row viol.)
  Timing            33.56
  Max sub-MIP depth 1
  Nodes             1
  Repair LPs        0
  LP iterations     28441
                    0 (strong br.)
                    2425 (separation)
                    2316 (heuristics)
MIP has 98120 rows; 86024 cols; 247304 nonzeros; 10752 integer variables (10752 binary)
Coefficient ranges:
  Matrix  [2e-01, 3e+00]
  Cost    [1e-02, 6e-02]
  Bound   [1e+00, 1e+00]
  RHS     [2e-03, 1e+01]
Presolving model
71991 rows, 77808 cols, 205264 nonzeros 0s
60782 rows, 65743 cols, 171684 nonzeros 2s
48585 rows, 57612 cols, 147472 nonzeros 3s
45217 rows, 54704 cols, 139342 nonzeros 4s
Presolve reductions: rows 45217(-52903); columns 54704(-31320); nonzeros 139342(-107962) 

Solving MIP model with:
   45217 rows
   54704 cols (6359 binary, 0 integer, 0 implied int., 48345 continuous, 0 domain fixed)
   139342 nonzeros

Src: B => Branching; C => Central rounding; F => Feasibility pump; H => Heuristic;
     I => Shifting; J => Feasibility jump; L => Sub-MIP; P => Empty MIP; R => Randomized rounding;
     S => Solve LP; T => Evaluate node; U => Unbounded; X => User solution; Y => HiGHS solution;
     Z => ZI Round; l => Trivial lower; p => Trivial point; u => Trivial upper; z => Trivial zero

        Nodes      |    B&B Tree     |            Objective Bounds              |  Dynamic Constraints |       Work      
Src  Proc. InQueue |  Leaves   Expl. | BestBound       BestSol              Gap |   Cuts   InLp Confl. | LpIters     Time

         0       0         0   0.00%   -157.6787983    inf                  inf        0      0      0         0     6.6s
         0       0         0   0.00%   -35.96111057    inf                  inf        0      0      3     24157     8.3s
         0       0         0   0.00%   -35.96111057    inf                  inf     1779    604      5     25057    10.2s
         0       0         0   0.00%   -35.96111057    inf                  inf     2373    723     11     25295    12.0s
         0       0         0   0.00%   -35.96111057    inf                  inf     2675    776     16     25392    13.5s
         0       0         0   0.00%   -35.96111057    inf                  inf     2935   1267     19     25935    14.9s
         0       0         0   0.00%   -35.96111057    inf                  inf     3327   1383    254     26122    17.4s
         0       0         0   0.00%   -35.96111057    inf                  inf     3710   1436    256     26209    18.6s
         0       0         0   0.00%   -35.96111057    inf                  inf     3991   1465    259     26256    19.9s
         0       0         0   0.00%   -35.96111057    inf                  inf     4138   1557    262     26422    21.3s
         0       0         0   0.00%   -35.96111057    inf                  inf     4425   1612    262     26503    22.8s
         0       0         0   0.00%   -35.96111057    inf                  inf     4591   1639    268     26555    24.2s
         0       0         0   0.00%   -35.96111057    inf                  inf     4795   1655    273     26582    25.5s
         0       0         0   0.00%   -35.96111057    inf                  inf     4881   1662    278     26593    26.9s
         0       0         0   0.00%   -35.96111057    inf                  inf     4961   1668    278     26606    28.4s
         0       0         0   0.00%   -35.96111057    inf                  inf     5025   1692    278     26644    30.0s
 L       0       0         0   0.00%   -35.96111057    -35.96048318       0.00%     5025   1692    278     26644    38.9s
         1       0         1 100.00%   -35.96111057    -35.96048318       0.00%     5025   1692    278     30177    39.0s

Solving report
  Status            Optimal
  Primal bound      -35.9604831761
  Dual bound        -35.9611105664
  Gap               0.00174% (tolerance: 0.5%)
  P-D integral      7.60642943496e-07
  Solution status   feasible
                    -35.9604831761 (objective)
                    0 (bound viol.)
                    8.881784197e-16 (int. viol.)
                    0 (row viol.)
  Timing            38.96
  Max sub-MIP depth 2
  Nodes             1
  Repair LPs        0
  LP iterations     30177
                    0 (strong br.)
                    2487 (separation)
                    3533 (heuristics)
MIP has 98120 rows; 86024 cols; 247304 nonzeros; 10752 integer variables (10752 binary)
Coefficient ranges:
  Matrix  [2e-01, 3e+00]
  Cost    [1e-02, 6e-02]
  Bound   [1e+00, 1e+00]
  RHS     [2e-03, 1e+01]
Presolving model
72072 rows, 77952 cols, 205624 nonzeros 0s
60931 rows, 65941 cols, 172347 nonzeros 2s
49180 rows, 58143 cols, 149077 nonzeros 3s
45516 rows, 54990 cols, 140196 nonzeros 5s
Presolve reductions: rows 45516(-52604); columns 54990(-31034); nonzeros 140196(-107108) 

Solving MIP model with:
   45516 rows
   54990 cols (6391 binary, 0 integer, 0 implied int., 48599 continuous, 0 domain fixed)
   140196 nonzeros

Src: B => Branching; C => Central rounding; F => Feasibility pump; H => Heuristic;
     I => Shifting; J => Feasibility jump; L => Sub-MIP; P => Empty MIP; R => Randomized rounding;
     S => Solve LP; T => Evaluate node; U => Unbounded; X => User solution; Y => HiGHS solution;
     Z => ZI Round; l => Trivial lower; p => Trivial point; u => Trivial upper; z => Trivial zero

        Nodes      |    B&B Tree     |            Objective Bounds              |  Dynamic Constraints |       Work      
Src  Proc. InQueue |  Leaves   Expl. | BestBound       BestSol              Gap |   Cuts   InLp Confl. | LpIters     Time

         0       0         0   0.00%   -153.8912401    inf                  inf        0      0      0         0     7.2s
         0       0         0   0.00%   -32.16729587    inf                  inf        0      0      3     24132     9.1s
         0       0         0   0.00%   -32.16729587    inf                  inf     1804    603      9     25081    11.1s
         0       0         0   0.00%   -32.16729587    inf                  inf     2396    723     15     25310    13.1s
         0       0         0   0.00%   -32.16729587    inf                  inf     2692    763     21     25376    14.9s
         0       0         0   0.00%   -32.16729587    inf                  inf     2895   1246     27     25870    16.3s
         0       0         0   0.00%   -32.16729587    inf                  inf     3242   1344    322     26027    18.8s
         0       0         0   0.00%   -32.16729587    inf                  inf     3523   1394    326     26114    20.2s
         0       0         0   0.00%   -32.16729587    inf                  inf     3785   1430    332     26167    21.5s
         0       0         0   0.00%   -32.16729587    inf                  inf     4060   1518    335     26322    23.2s
         0       0         0   0.00%   -32.16729587    inf                  inf     4367   1583    338     26436    24.8s
         0       0         0   0.00%   -32.16729587    inf                  inf     4627   1633    340     26504    26.3s
         0       0         0   0.00%   -32.16729587    inf                  inf     4820   1656    342     26552    27.7s
         0       0         0   0.00%   -32.16729587    inf                  inf     5024   1680    342     26607    29.3s
         0       0         0   0.00%   -32.16729587    inf                  inf     5157   1690    342     26630    31.0s
         0       0         0   0.00%   -32.16729587    inf                  inf     5308   1725    342     26677    32.7s
 L       0       0         0   0.00%   -32.16729587    -32.16729587       0.00%     5308   1725    342     26677    38.9s
         1       0         1 100.00%   -32.16729587    -32.16729587       0.00%     5308   1725    342     30052    39.0s

Solving report
  Status            Optimal
  Primal bound      -32.1672958676
  Dual bound        -32.1672958676
  Gap               0% (tolerance: 0.5%)
  P-D integral      0
  Solution status   feasible
                    -32.1672958676 (objective)
                    0 (bound viol.)
                    8.881784197e-16 (int. viol.)
                    0 (row viol.)
  Timing            38.98
  Max sub-MIP depth 2
  Nodes             1
  Repair LPs        0
  LP iterations     30052
                    0 (strong br.)
                    2545 (separation)
                    3375 (heuristics)
MIP has 98120 rows; 86024 cols; 247304 nonzeros; 10752 integer variables (10752 binary)
Coefficient ranges:
  Matrix  [2e-01, 3e+00]
  Cost    [1e-02, 6e-02]
  Bound   [1e+00, 1e+00]
  RHS     [2e-03, 1e+01]
Presolving model
72162 rows, 78112 cols, 206024 nonzeros 0s
57721 rows, 65473 cols, 170538 nonzeros 2s
47643 rows, 56961 cols, 145558 nonzeros 4s
46035 rows, 55546 cols, 141739 nonzeros 5s
Presolve reductions: rows 46035(-52085); columns 55546(-30478); nonzeros 141739(-105565) 

Solving MIP model with:
   46035 rows
   55546 cols (6463 binary, 0 integer, 0 implied int., 49083 continuous, 0 domain fixed)
   141739 nonzeros

Src: B => Branching; C => Central rounding; F => Feasibility pump; H => Heuristic;
     I => Shifting; J => Feasibility jump; L => Sub-MIP; P => Empty MIP; R => Randomized rounding;
     S => Solve LP; T => Evaluate node; U => Unbounded; X => User solution; Y => HiGHS solution;
     Z => ZI Round; l => Trivial lower; p => Trivial point; u => Trivial upper; z => Trivial zero

        Nodes      |    B&B Tree     |            Objective Bounds              |  Dynamic Constraints |       Work      
Src  Proc. InQueue |  Leaves   Expl. | BestBound       BestSol              Gap |   Cuts   InLp Confl. | LpIters     Time

         0       0         0   0.00%   -155.8054549    inf                  inf        0      0      0         0     7.0s
         0       0         0   0.00%   -32.01706503    inf                  inf        0      0      4     24378     8.8s
         0       0         0   0.00%   -32.01706503    inf                  inf     1853    656      6     25318    11.1s
         0       0         0   0.00%   -32.01706503    inf                  inf     2513    810     12     25605    13.0s
         0       0         0   0.00%   -32.01706503    inf                  inf     2821    869     14     25708    15.0s
         0       0         0   0.00%   -32.01706503    inf                  inf     3030   1309     20     26192    16.4s
         0       0         0   0.00%   -32.01706503    inf                  inf     3516   1412    230     26363    20.4s
         0       0         0   0.00%   -32.01706503    inf                  inf     3855   1464    235     26443    21.8s
         0       0         0   0.00%   -32.01706503    inf                  inf     4190   1499    239     26517    23.2s
         0       0         0   0.00%   -32.01706503    inf                  inf     4364   1602    240     26679    24.7s
         0       0         0   0.00%   -32.01706503    inf                  inf     4681   1657    241     26764    26.2s
         0       0         0   0.00%   -32.01706503    inf                  inf     4894   1690    242     26808    27.6s
         0       0         0   0.00%   -32.01706503    inf                  inf     5144   1713    243     26842    29.1s
         0       0         0   0.00%   -32.01706503    inf                  inf     5340   1729    247     26871    30.8s
         0       0         0   0.00%   -32.01706503    inf                  inf     5481   1738    251     26889    32.4s
         0       0         0   0.00%   -32.01706503    inf                  inf     5601   1744    252     26910    34.0s
 L       0       0         0   0.00%   -32.01706503    -32.01702715       0.00%     5601   1744    252     26910    41.7s
         1       0         1 100.00%   -32.01706503    -32.01702715       0.00%     5601   1744    252     30482    41.7s

Solving report
  Status            Optimal
  Primal bound      -32.0170271537
  Dual bound        -32.0170650312
  Gap               0.000118% (tolerance: 0.5%)
  P-D integral      5.0728139061e-08
  Solution status   feasible
                    -32.0170271537 (objective)
                    0 (bound viol.)
                    4.4408920985e-15 (int. viol.)
                    0 (row viol.)
  Timing            41.71
  Max sub-MIP depth 2
  Nodes             1
  Repair LPs        0
  LP iterations     30482
                    0 (strong br.)
                    2532 (separation)
                    3572 (heuristics)
MIP has 98120 rows; 86024 cols; 247304 nonzeros; 10752 integer variables (10752 binary)
Coefficient ranges:
  Matrix  [2e-01, 3e+00]
  Cost    [1e-02, 6e-02]
  Bound   [1e+00, 1e+00]
  RHS     [2e-03, 1e+01]
Presolving model
72099 rows, 78000 cols, 205744 nonzeros 0s
57484 rows, 65167 cols, 169779 nonzeros 2s
47374 rows, 56622 cols, 144709 nonzeros 4s
45693 rows, 55144 cols, 140702 nonzeros 5s
Presolve reductions: rows 45693(-52427); columns 55144(-30880); nonzeros 140702(-106602) 

Solving MIP model with:
   45693 rows
   55144 cols (6415 binary, 0 integer, 0 implied int., 48729 continuous, 0 domain fixed)
   140702 nonzeros

Src: B => Branching; C => Central rounding; F => Feasibility pump; H => Heuristic;
     I => Shifting; J => Feasibility jump; L => Sub-MIP; P => Empty MIP; R => Randomized rounding;
     S => Solve LP; T => Evaluate node; U => Unbounded; X => User solution; Y => HiGHS solution;
     Z => ZI Round; l => Trivial lower; p => Trivial point; u => Trivial upper; z => Trivial zero

        Nodes      |    B&B Tree     |            Objective Bounds              |  Dynamic Constraints |       Work      
Src  Proc. InQueue |  Leaves   Expl. | BestBound       BestSol              Gap |   Cuts   InLp Confl. | LpIters     Time

         0       0         0   0.00%   -151.3531154    inf                  inf        0      0      0         0     6.5s
         0       0         0   0.00%   -28.82075722    inf                  inf        0      0      3     24674     8.4s
         0       0         0   0.00%   -28.82075722    inf                  inf     1734    593      7     25522    10.8s
         0       0         0   0.00%   -28.82075722    inf                  inf     2367    742     12     25836    12.7s
         0       0         0   0.00%   -28.82075722    inf                  inf     2726    802     16     25972    14.5s
         0       0         0   0.00%   -28.82075722    inf                  inf     2989   1213     20     26479    16.1s
         0       0         0   0.00%   -28.82075722    inf                  inf     3387   1327    188     26660    19.1s
         0       0         0   0.00%   -28.82075722    inf                  inf     3676   1376    190     26728    20.4s
         0       0         0   0.00%   -28.82075722    inf                  inf     3848   1397    195     26769    21.8s
         0       0         0   0.00%   -28.82075722    inf                  inf     4060   1498    200     26928    23.1s
         0       0         0   0.00%   -28.82075722    inf                  inf     4389   1579    205     27032    24.6s
         0       0         0   0.00%   -28.82075722    inf                  inf     4616   1625    209     27089    26.0s
         0       0         0   0.00%   -28.82075722    inf                  inf     4928   1655    212     27138    27.5s
         0       0         0   0.00%   -28.82075722    inf                  inf     5159   1675    214     27178    28.9s
         0       0         0   0.00%   -28.82075722    inf                  inf     5314   1692    215     27212    30.4s
         0       0         0   0.00%   -28.82075722    inf                  inf     5443   1702    216     27232    31.9s
 L       0       0         0   0.00%   -28.82075722    -28.82075722       0.00%     5443   1702    216     27232    39.8s
         1       0         1 100.00%   -28.82075722    -28.82075722       0.00%     5443   1702    216     31201    39.8s

Solving report
  Status            Optimal
  Primal bound      -28.8207572175
  Dual bound        -28.8207572175
  Gap               0% (tolerance: 0.5%)
  P-D integral      1.05414455123e-17
  Solution status   feasible
                    -28.8207572175 (objective)
                    0 (bound viol.)
                    1.55431223448e-15 (int. viol.)
                    0 (row viol.)
  Timing            39.81
  Max sub-MIP depth 2
  Nodes             1
  Repair LPs        0
  LP iterations     31201
                    0 (strong br.)
                    2558 (separation)
                    3969 (heuristics)
MIP has 98120 rows; 86024 cols; 247304 nonzeros; 10752 integer variables (10752 binary)
Coefficient ranges:
  Matrix  [2e-01, 3e+00]
  Cost    [1e-02, 6e-02]
  Bound   [1e+00, 1e+00]
  RHS     [2e-03, 1e+01]
Presolving model
73116 rows, 79808 cols, 210264 nonzeros 0s
61442 rows, 68250 cols, 178599 nonzeros 2s
52396 rows, 61842 cols, 159965 nonzeros 4s
Presolve reductions: rows 52396(-45724); columns 61842(-24182); nonzeros 159965(-87339) 

Solving MIP model with:
   52396 rows
   61842 cols (7395 binary, 0 integer, 0 implied int., 54447 continuous, 0 domain fixed)
   159965 nonzeros

Src: B => Branching; C => Central rounding; F => Feasibility pump; H => Heuristic;
     I => Shifting; J => Feasibility jump; L => Sub-MIP; P => Empty MIP; R => Randomized rounding;
     S => Solve LP; T => Evaluate node; U => Unbounded; X => User solution; Y => HiGHS solution;
     Z => ZI Round; l => Trivial lower; p => Trivial point; u => Trivial upper; z => Trivial zero

        Nodes      |    B&B Tree     |            Objective Bounds              |  Dynamic Constraints |       Work      
Src  Proc. InQueue |  Leaves   Expl. | BestBound       BestSol              Gap |   Cuts   InLp Confl. | LpIters     Time

         0       0         0   0.00%   -170.2368976    inf                  inf        0      0      0         0     7.3s
         0       0         0   0.00%   -20.21703267    inf                  inf        0      0      2     28577     9.5s
         0       0         0   0.00%   -20.21703267    inf                  inf     1944    690      5     29659    11.9s
         0       0         0   0.00%   -20.21703267    inf                  inf     2796    917      9     30072    14.0s
         0       0         0   0.00%   -20.21703267    inf                  inf     3387   1017     13     30282    16.1s
         0       0         0   0.00%   -20.21703267    inf                  inf     3707   1362     15     30746    17.6s
         0       0         0   0.00%   -20.21703267    inf                  inf     4306   1506    175     30968    20.4s
         0       0         0   0.00%   -20.21703267    inf                  inf     4791   1592    178     31128    21.9s
         0       0         0   0.00%   -20.21703267    inf                  inf     5117   1646    183     31229    23.4s
         0       0         0   0.00%   -20.21703267    inf                  inf     5393   1678    186     31282    24.8s
         0       0         0   0.00%   -20.21703267    inf                  inf     5607   1701    188     31339    26.3s
         0       0         0   0.00%   -20.21703267    inf                  inf     5835   1791    189     31472    27.8s
         0       0         0   0.00%   -20.21703267    inf                  inf     6167   1843    197     31595    29.4s
         0       0         0   0.00%   -20.21703267    inf                  inf     6363   1865    201     31635    31.0s
         0       0         0   0.00%   -20.21703267    inf                  inf     6540   1889    204     31675    32.6s
         0       0         0   0.00%   -20.21703267    inf                  inf     6699   1909    208     31718    34.2s
 L       0       0         0   0.00%   -20.21703267    -20.21692496       0.00%     6699   1909    208     31718    42.6s
         1       0         1 100.00%   -20.21703267    -20.21692496       0.00%     6699   1909    208     35438    42.6s

Solving report
  Status            Optimal
  Primal bound      -20.2169249554
  Dual bound        -20.2170326696
  Gap               0.000533% (tolerance: 0.5%)
  P-D integral      2.80795819058e-07
  Solution status   feasible
                    -20.2169249554 (objective)
                    0 (bound viol.)
                    4.66293670343e-15 (int. viol.)
                    0 (row viol.)
  Timing            42.61
  Max sub-MIP depth 2
  Nodes             1
  Repair LPs        0
  LP iterations     35438
                    0 (strong br.)
                    3141 (separation)
                    3720 (heuristics)
MIP has 98120 rows; 86024 cols; 247304 nonzeros; 10752 integer variables (10752 binary)
Coefficient ranges:
  Matrix  [2e-01, 3e+00]
  Cost    [1e-02, 6e-02]
  Bound   [1e+00, 1e+00]
  RHS     [6e-03, 1e+01]
Presolving model
75420 rows, 83904 cols, 220504 nonzeros 0s
68340 rows, 77513 cols, 205342 nonzeros 3s
Presolve reductions: rows 68340(-29780); columns 77513(-8511); nonzeros 205342(-41962) 

Solving MIP model with:
   68340 rows
   77513 cols (9734 binary, 0 integer, 0 implied int., 67779 continuous, 0 domain fixed)
   205342 nonzeros

Src: B => Branching; C => Central rounding; F => Feasibility pump; H => Heuristic;
     I => Shifting; J => Feasibility jump; L => Sub-MIP; P => Empty MIP; R => Randomized rounding;
     S => Solve LP; T => Evaluate node; U => Unbounded; X => User solution; Y => HiGHS solution;
     Z => ZI Round; l => Trivial lower; p => Trivial point; u => Trivial upper; z => Trivial zero

        Nodes      |    B&B Tree     |            Objective Bounds              |  Dynamic Constraints |       Work      
Src  Proc. InQueue |  Leaves   Expl. | BestBound       BestSol              Gap |   Cuts   InLp Confl. | LpIters     Time

         0       0         0   0.00%   -240.3276534    inf                  inf        0      0      0         0     6.5s
         0       0         0   0.00%   -17.00984477    inf                  inf        0      0      2     37130     9.7s
         0       0         0   0.00%   -17.00984477    inf                  inf     1744    643      5     38208    11.3s
         0       0         0   0.00%   -17.00984477    inf                  inf     2665    919      7     38718    12.8s
         0       0         0   0.00%   -17.00984477    inf                  inf     3374   1073     10     39000    14.2s
         0       0         0   0.00%   -17.00984477    inf                  inf     3957   1167     13     39185    15.7s
         0       0         0   0.00%   -17.00984477    inf                  inf     4418   1216    160     39288    21.5s
         0       0         0   0.00%   -17.00984477    inf                  inf     5260   1537    174     39734    23.2s
         0       0         0   0.00%   -17.00984477    inf                  inf     5709   1605    177     39846    24.2s
         0       0         0   0.00%   -17.00984477    inf                  inf     6182   1675    183     39972    26.0s
         0       0         0   0.00%   -17.00984477    inf                  inf     6359   1691    189     39999    27.0s
         0       0         0   0.00%   -17.00984477    inf                  inf     6495   1702    191     40025    28.0s
 L       0       0         0   0.00%   -17.00984477    -17.00920042       0.00%     6605   1713    194     40049    35.0s
         1       0         1 100.00%   -17.00984477    -17.00920042       0.00%     6605   1713    194     42463    35.1s

Solving report
  Status            Optimal
  Primal bound      -17.0092004207
  Dual bound        -17.0098447725
  Gap               0.00379% (tolerance: 0.5%)
  P-D integral      2.21748489324e-06
  Solution status   feasible
                    -17.0092004207 (objective)
                    0 (bound viol.)
                    1.08801856413e-14 (int. viol.)
                    0 (row viol.)
  Timing            35.08
  Max sub-MIP depth 1
  Nodes             1
  Repair LPs        0
  LP iterations     42463
                    0 (strong br.)
                    2919 (separation)
                    2414 (heuristics)
MIP has 98120 rows; 86024 cols; 247304 nonzeros; 10752 integer variables (10752 binary)
Coefficient ranges:
  Matrix  [2e-01, 3e+00]
  Cost    [1e-02, 6e-02]
  Bound   [1e+00, 1e+00]
  RHS     [1e-02, 9e+00]
Presolving model
74493 rows, 82256 cols, 216384 nonzeros 0s
61599 rows, 71088 cols, 186373 nonzeros 4s
61416 rows, 70903 cols, 186005 nonzeros 4s
Presolve reductions: rows 61416(-36704); columns 70903(-15121); nonzeros 186005(-61299) 

Solving MIP model with:
   61416 rows
   70903 cols (8726 binary, 0 integer, 0 implied int., 62177 continuous, 0 domain fixed)
   186005 nonzeros

Src: B => Branching; C => Central rounding; F => Feasibility pump; H => Heuristic;
     I => Shifting; J => Feasibility jump; L => Sub-MIP; P => Empty MIP; R => Randomized rounding;
     S => Solve LP; T => Evaluate node; U => Unbounded; X => User solution; Y => HiGHS solution;
     Z => ZI Round; l => Trivial lower; p => Trivial point; u => Trivial upper; z => Trivial zero

        Nodes      |    B&B Tree     |            Objective Bounds              |  Dynamic Constraints |       Work      
Src  Proc. InQueue |  Leaves   Expl. | BestBound       BestSol              Gap |   Cuts   InLp Confl. | LpIters     Time

         0       0         0   0.00%   -204.5966889    inf                  inf        0      0      0         0     7.1s
         0       0         0   0.00%   -16.83876699    inf                  inf        0      0      3     34096    10.1s
         0       0         0   0.00%   -16.83876699    inf                  inf     1385    497      9     34886    11.7s
         0       0         0   0.00%   -16.83876699    inf                  inf     2139    723     15     35304    13.1s
         0       0         0   0.00%   -16.83876699    inf                  inf     2701    844     20     35511    14.4s
         0       0         0   0.00%   -16.83876699    inf                  inf     3109    892     26     35590    15.6s
         0       0         0   0.00%   -16.83876699    inf                  inf     3374   1102    256     35864    21.5s
         0       0         0   0.00%   -16.83876699    inf                  inf     4024   1243    261     36128    23.0s
         0       0         0   0.00%   -16.83876699    inf                  inf     4446   1297    269     36230    24.4s
         0       0         0   0.00%   -16.83876699    inf                  inf     4727   1326    275     36286    26.1s
 R       0       0         0   0.00%   -16.83876699    -16.83876699       0.00%     4970   1372    276     36367    28.0s
         1       0         1 100.00%   -16.83876699    -16.83876699       0.00%     4970   1372    276     36367    28.0s

Solving report
  Status            Optimal
  Primal bound      -16.8387669867
  Dual bound        -16.8387669867
  Gap               0% (tolerance: 0.5%)
  P-D integral      3.73513758289e-18
  Solution status   feasible
                    -16.8387669867 (objective)
                    0 (bound viol.)
                    1.7763568394e-15 (int. viol.)
                    0 (row viol.)
  Timing            28.03
  Max sub-MIP depth 0
  Nodes             1
  Repair LPs        0
  LP iterations     36367
                    0 (strong br.)
                    2271 (separation)
                    0 (heuristics)
MIP has 98120 rows; 86024 cols; 247304 nonzeros; 10752 integer variables (10752 binary)
Coefficient ranges:
  Matrix  [2e-01, 3e+00]
  Cost    [1e-02, 6e-02]
  Bound   [1e+00, 1e+00]
  RHS     [1e-02, 9e+00]
Presolving model
72108 rows, 78016 cols, 205784 nonzeros 0s
57730 rows, 65475 cols, 170521 nonzeros 2s
47379 rows, 56745 cols, 144912 nonzeros 4s
45965 rows, 55493 cols, 141589 nonzeros 4s
Presolve reductions: rows 45965(-52155); columns 55493(-30531); nonzeros 141589(-105715) 

Solving MIP model with:
   45965 rows
   55493 cols (6471 binary, 0 integer, 0 implied int., 49022 continuous, 0 domain fixed)
   141589 nonzeros

Src: B => Branching; C => Central rounding; F => Feasibility pump; H => Heuristic;
     I => Shifting; J => Feasibility jump; L => Sub-MIP; P => Empty MIP; R => Randomized rounding;
     S => Solve LP; T => Evaluate node; U => Unbounded; X => User solution; Y => HiGHS solution;
     Z => ZI Round; l => Trivial lower; p => Trivial point; u => Trivial upper; z => Trivial zero

        Nodes      |    B&B Tree     |            Objective Bounds              |  Dynamic Constraints |       Work      
Src  Proc. InQueue |  Leaves   Expl. | BestBound       BestSol              Gap |   Cuts   InLp Confl. | LpIters     Time

         0       0         0   0.00%   -149.1959047    inf                  inf        0      0      0         0     6.7s
         0       0         0   0.00%   -20.31457725    inf                  inf        0      0      3     25139     8.5s
         0       0         0   0.00%   -20.31457725    inf                  inf     1445    489      9     25958    11.1s
         0       0         0   0.00%   -20.31457725    inf                  inf     2045    631     14     26279    13.1s
         0       0         0   0.00%   -20.31457725    inf                  inf     2348    672     19     26402    15.1s
         0       0         0   0.00%   -20.31457725    inf                  inf     2611   1066     25     26926    16.7s
         0       0         0   0.00%   -20.31457725    inf                  inf     3048   1201    159     27135    18.7s
         0       0         0   0.00%   -20.31457725    inf                  inf     3473   1255    164     27233    20.1s
         0       0         0   0.00%   -20.31457725    inf                  inf     3742   1285    169     27298    21.5s
         0       0         0   0.00%   -20.31457725    inf                  inf     3970   1304    174     27341    22.9s
         0       0         0   0.00%   -20.31457725    inf                  inf     4126   1388    179     27501    24.4s
         0       0         0   0.00%   -20.31457725    inf                  inf     4322   1445    182     27602    25.9s
         0       0         0   0.00%   -20.31457725    inf                  inf     4471   1471    182     27634    27.6s
         0       0         0   0.00%   -20.31457725    inf                  inf     4574   1488    182     27669    29.3s
         0       0         0   0.00%   -20.31457725    inf                  inf     4741   1500    186     27688    30.8s
         0       0         0   0.00%   -20.31457725    inf                  inf     4848   1510    187     27704    32.3s
         0       0         0   0.00%   -20.31457725    inf                  inf     4963   1142    193     27768    33.9s
 L       0       0         0   0.00%   -20.31457725    -20.31457725       0.00%     4963   1142    193     27768    40.2s
         1       0         1 100.00%   -20.31457725    -20.31457725       0.00%     4963   1142    193     30390    40.3s

Solving report
  Status            Optimal
  Primal bound      -20.3145772549
  Dual bound        -20.3145772549
  Gap               0% (tolerance: 0.5%)
  P-D integral      0
  Solution status   feasible
                    -20.3145772549 (objective)
                    0 (bound viol.)
                    2.6645352591e-15 (int. viol.)
                    0 (row viol.)
  Timing            40.26
  Max sub-MIP depth 1
  Nodes             1
  Repair LPs        0
  LP iterations     30390
                    0 (strong br.)
                    2629 (separation)
                    2622 (heuristics)
MIP has 98120 rows; 86024 cols; 247304 nonzeros; 10752 integer variables (10752 binary)
Coefficient ranges:
  Matrix  [2e-01, 3e+00]
  Cost    [1e-02, 6e-02]
  Bound   [1e+00, 1e+00]
  RHS     [2e-03, 9e+00]
Presolving model
71793 rows, 77456 cols, 204384 nonzeros 0s
60090 rows, 64756 cols, 169217 nonzeros 2s
47757 rows, 56542 cols, 144831 nonzeros 3s
43971 rows, 53270 cols, 135626 nonzeros 5s
Presolve reductions: rows 43971(-54149); columns 53270(-32754); nonzeros 135626(-111678) 

Solving MIP model with:
   43971 rows
   53270 cols (6180 binary, 0 integer, 0 implied int., 47090 continuous, 0 domain fixed)
   135626 nonzeros

Src: B => Branching; C => Central rounding; F => Feasibility pump; H => Heuristic;
     I => Shifting; J => Feasibility jump; L => Sub-MIP; P => Empty MIP; R => Randomized rounding;
     S => Solve LP; T => Evaluate node; U => Unbounded; X => User solution; Y => HiGHS solution;
     Z => ZI Round; l => Trivial lower; p => Trivial point; u => Trivial upper; z => Trivial zero

        Nodes      |    B&B Tree     |            Objective Bounds              |  Dynamic Constraints |       Work      
Src  Proc. InQueue |  Leaves   Expl. | BestBound       BestSol              Gap |   Cuts   InLp Confl. | LpIters     Time

         0       0         0   0.00%   -141.0476072    inf                  inf        0      0      0         0     6.6s
         0       0         0   0.00%   -19.3659024     inf                  inf        0      0      3     23962     8.3s
         0       0         0   0.00%   -19.3659024     inf                  inf     1754    609      5     24900    10.7s
         0       0         0   0.00%   -19.3659024     inf                  inf     2367    765     12     25224    12.6s
         0       0         0   0.00%   -19.3659024     inf                  inf     2785    826     17     25359    14.4s
         0       0         0   0.00%   -19.3659024     inf                  inf     3011   1277     20     25848    15.8s
         0       0         0   0.00%   -19.3659024     inf                  inf     3338   1369    194     26012    18.0s
         0       0         0   0.00%   -19.3659024     inf                  inf     3591   1413    197     26079    19.3s
         0       0         0   0.00%   -19.3659024     inf                  inf     3848   1431    200     26120    20.7s
         0       0         0   0.00%   -19.3659024     inf                  inf     4054   1506    206     26266    22.3s
         0       0         0   0.00%   -19.3659024     inf                  inf     4297   1559    212     26362    23.8s
         0       0         0   0.00%   -19.3659024     inf                  inf     4497   1587    217     26396    25.3s
         0       0         0   0.00%   -19.3659024     inf                  inf     4670   1604    222     26424    26.8s
         0       0         0   0.00%   -19.3659024     inf                  inf     4791   1638    222     26485    28.4s
         0       0         0   0.00%   -19.3659024     inf                  inf     4898   1657    223     26523    29.8s
         0       0         0   0.00%   -19.3659024     inf                  inf     5043   1675    227     26563    31.3s
 L       0       0         0   0.00%   -19.3659024     -19.3659024        0.00%     5043   1675    227     26563    38.2s
         1       0         1 100.00%   -19.3659024     -19.3659024        0.00%     5043   1675    227     30000    38.2s

Solving report
  Status            Optimal
  Primal bound      -19.3659024046
  Dual bound        -19.3659024046
  Gap               0% (tolerance: 0.5%)
  P-D integral      3.14989298721e-17
  Solution status   feasible
                    -19.3659024046 (objective)
                    0 (bound viol.)
                    9.99200722163e-16 (int. viol.)
                    0 (row viol.)
  Timing            38.24
  Max sub-MIP depth 2
  Nodes             1
  Repair LPs        0
  LP iterations     30000
                    0 (strong br.)
                    2601 (separation)
                    3437 (heuristics)
MIP has 98120 rows; 86024 cols; 247304 nonzeros; 10752 integer variables (10752 binary)
Coefficient ranges:
  Matrix  [2e-01, 3e+00]
  Cost    [1e-02, 6e-02]
  Bound   [1e+00, 1e+00]
  RHS     [2e-03, 9e+00]
Presolving model
71730 rows, 77344 cols, 204104 nonzeros 0s
60140 rows, 64624 cols, 168759 nonzeros 2s
48983 rows, 56540 cols, 144785 nonzeros 3s
43384 rows, 52763 cols, 134003 nonzeros 4s
Presolve reductions: rows 43384(-54736); columns 52763(-33261); nonzeros 134003(-113301) 

Solving MIP model with:
   43384 rows
   52763 cols (6086 binary, 0 integer, 0 implied int., 46677 continuous, 0 domain fixed)
   134003 nonzeros

Src: B => Branching; C => Central rounding; F => Feasibility pump; H => Heuristic;
     I => Shifting; J => Feasibility jump; L => Sub-MIP; P => Empty MIP; R => Randomized rounding;
     S => Solve LP; T => Evaluate node; U => Unbounded; X => User solution; Y => HiGHS solution;
     Z => ZI Round; l => Trivial lower; p => Trivial point; u => Trivial upper; z => Trivial zero

        Nodes      |    B&B Tree     |            Objective Bounds              |  Dynamic Constraints |       Work      
Src  Proc. InQueue |  Leaves   Expl. | BestBound       BestSol              Gap |   Cuts   InLp Confl. | LpIters     Time

         0       0         0   0.00%   -137.858776     inf                  inf        0      0      0         0     6.4s
         0       0         0   0.00%   -18.49819025    inf                  inf        0      0      3     24056     8.2s
         0       0         0   0.00%   -18.49819025    inf                  inf     1813    647      6     25004    10.5s
         0       0         0   0.00%   -18.49819025    inf                  inf     2453    806      8     25329    12.4s
         0       0         0   0.00%   -18.49819025    inf                  inf     2831    864     11     25478    14.3s
         0       0         0   0.00%   -18.49819025    inf                  inf     3059   1339     16     25973    15.7s
         0       0         0   0.00%   -18.49819025    inf                  inf     3459   1447    125     26147    17.8s
         0       0         0   0.00%   -18.49819025    inf                  inf     3768   1500    128     26261    19.1s
         0       0         0   0.00%   -18.49819025    inf                  inf     4035   1528    134     26305    20.4s
         0       0         0   0.00%   -18.49819025    inf                  inf     4203   1634    137     26475    21.8s
         0       0         0   0.00%   -18.49819025    inf                  inf     4442   1695    142     26571    23.2s
         0       0         0   0.00%   -18.49819025    inf                  inf     4638   1729    147     26631    24.7s
         0       0         0   0.00%   -18.49819025    inf                  inf     4808   1757    153     26693    26.1s
         0       0         0   0.00%   -18.49819025    inf                  inf     4992   1773    156     26751    27.7s
         0       0         0   0.00%   -18.49819025    inf                  inf     5173   1789    162     26797    29.2s
         0       0         0   0.00%   -18.49819025    inf                  inf     5269   1801    168     26826    31.0s
 L       0       0         0   0.00%   -18.49819025    -18.49805505       0.00%     5269   1801    168     26826    39.1s
         1       0         1 100.00%   -18.49819025    -18.49805505       0.00%     5269   1801    168     30576    39.2s

Solving report
  Status            Optimal
  Primal bound      -18.4980550508
  Dual bound        -18.4981902504
  Gap               0.000731% (tolerance: 0.5%)
  P-D integral      2.99903414629e-07
  Solution status   feasible
                    -18.4980550508 (objective)
                    0 (bound viol.)
                    4.4408920985e-16 (int. viol.)
                    0 (row viol.)
  Timing            39.15
  Max sub-MIP depth 2
  Nodes             1
  Repair LPs        0
  LP iterations     30576
                    0 (strong br.)
                    2770 (separation)
                    3750 (heuristics)
MIP has 98120 rows; 86024 cols; 247304 nonzeros; 10752 integer variables (10752 binary)
Coefficient ranges:
  Matrix  [2e-01, 3e+00]
  Cost    [1e-02, 6e-02]
  Bound   [1e+00, 1e+00]
  RHS     [2e-03, 1e+01]
Presolving model
71595 rows, 77104 cols, 203504 nonzeros 0s
59730 rows, 66498 cols, 174297 nonzeros 1s
48555 rows, 57179 cols, 146287 nonzeros 2s
42550 rows, 52023 cols, 131665 nonzeros 4s
Presolve reductions: rows 42550(-55570); columns 52023(-34001); nonzeros 131665(-115639) 

Solving MIP model with:
   42550 rows
   52023 cols (5967 binary, 0 integer, 0 implied int., 46056 continuous, 0 domain fixed)
   131665 nonzeros

Src: B => Branching; C => Central rounding; F => Feasibility pump; H => Heuristic;
     I => Shifting; J => Feasibility jump; L => Sub-MIP; P => Empty MIP; R => Randomized rounding;
     S => Solve LP; T => Evaluate node; U => Unbounded; X => User solution; Y => HiGHS solution;
     Z => ZI Round; l => Trivial lower; p => Trivial point; u => Trivial upper; z => Trivial zero

        Nodes      |    B&B Tree     |            Objective Bounds              |  Dynamic Constraints |       Work      
Src  Proc. InQueue |  Leaves   Expl. | BestBound       BestSol              Gap |   Cuts   InLp Confl. | LpIters     Time

         0       0         0   0.00%   -129.6749311    inf                  inf        0      0      0         0     6.6s
         0       0         0   0.00%   -16.73622429    inf                  inf        0      0      3     23785     8.2s
         0       0         0   0.00%   -16.73622429    inf                  inf     1780    632      6     24755    10.5s
         0       0         0   0.00%   -16.73622429    inf                  inf     2527    802     11     25069    12.4s
         0       0         0   0.00%   -16.73622429    inf                  inf     2934    867     15     25226    13.9s
         0       0         0   0.00%   -16.73622429    inf                  inf     3233   1273     19     25714    15.3s
         0       0         0   0.00%   -16.73622429    inf                  inf     3719   1418    222     25919    17.2s
         0       0         0   0.00%   -16.73622429    inf                  inf     4135   1481    226     26021    18.6s
         0       0         0   0.00%   -16.73622429    inf                  inf     4392   1514    230     26091    20.1s
         0       0         0   0.00%   -16.73622429    inf                  inf     4599   1534    236     26125    21.5s
         0       0         0   0.00%   -16.73622429    inf                  inf     4733   1638    242     26280    23.0s
         0       0         0   0.00%   -16.73622429    inf                  inf     5007   1712    247     26395    24.4s
         0       0         0   0.00%   -16.73622429    inf                  inf     5275   1758    250     26468    25.9s
         0       0         0   0.00%   -16.73622429    inf                  inf     5460   1783    254     26502    27.4s
         0       0         0   0.00%   -16.73622429    inf                  inf     5585   1802    254     26540    29.0s
         0       0         0   0.00%   -16.73622429    inf                  inf     5747   1817    254     26564    30.7s
         0       0         0   0.00%   -16.73622429    inf                  inf     5912   1375    257     26590    32.1s
 L       0       0         0   0.00%   -16.73622429    -16.73622429       0.00%     5912   1375    257     26590    39.0s
         1       0         1 100.00%   -16.73622429    -16.73622429       0.00%     5912   1375    257     30595    39.0s

Solving report
  Status            Optimal
  Primal bound      -16.7362242878
  Dual bound        -16.7362242878
  Gap               0% (tolerance: 0.5%)
  P-D integral      2.48667095159e-17
  Solution status   feasible
                    -16.7362242878 (objective)
                    0 (bound viol.)
                    2.22044604925e-16 (int. viol.)
                    0 (row viol.)
  Timing            38.98
  Max sub-MIP depth 2
  Nodes             1
  Repair LPs        0
  LP iterations     30595
                    0 (strong br.)
                    2805 (separation)
                    4005 (heuristics)
MIP has 98120 rows; 86024 cols; 247304 nonzeros; 10752 integer variables (10752 binary)
Coefficient ranges:
  Matrix  [2e-01, 3e+00]
  Cost    [1e-02, 6e-02]
  Bound   [1e+00, 1e+00]
  RHS     [4e-03, 1e+01]
Presolving model
71478 rows, 76896 cols, 202984 nonzeros 0s
59468 rows, 66602 cols, 173864 nonzeros 1s
48088 rows, 56461 cols, 144766 nonzeros 2s
42181 rows, 51331 cols, 130286 nonzeros 4s
Presolve reductions: rows 42181(-55939); columns 51331(-34693); nonzeros 130286(-117018) 

Solving MIP model with:
   42181 rows
   51331 cols (5937 binary, 0 integer, 0 implied int., 45394 continuous, 0 domain fixed)
   130286 nonzeros

Src: B => Branching; C => Central rounding; F => Feasibility pump; H => Heuristic;
     I => Shifting; J => Feasibility jump; L => Sub-MIP; P => Empty MIP; R => Randomized rounding;
     S => Solve LP; T => Evaluate node; U => Unbounded; X => User solution; Y => HiGHS solution;
     Z => ZI Round; l => Trivial lower; p => Trivial point; u => Trivial upper; z => Trivial zero

        Nodes      |    B&B Tree     |            Objective Bounds              |  Dynamic Constraints |       Work      
Src  Proc. InQueue |  Leaves   Expl. | BestBound       BestSol              Gap |   Cuts   InLp Confl. | LpIters     Time

         0       0         0   0.00%   -124.6108414    inf                  inf        0      0      0         0     6.3s
         0       0         0   0.00%   -17.96457596    inf                  inf        0      0      3     23620     8.0s
         0       0         0   0.00%   -17.96457596    inf                  inf     1383    503      6     24402    10.1s
         0       0         0   0.00%   -17.96457596    inf                  inf     2080    673      9     24696    11.8s
         0       0         0   0.00%   -17.96457596    inf                  inf     2476    728     12     24816    13.3s
         0       0         0   0.00%   -17.96457596    inf                  inf     2690   1065     14     25212    14.6s
         0       0         0   0.00%   -17.96457596    inf                  inf     3091   1169    249     25382    16.8s
         0       0         0   0.00%   -17.96457596    inf                  inf     3361   1220    252     25457    18.0s
         0       0         0   0.00%   -17.96457596    inf                  inf     3634   1244    255     25507    19.2s
         0       0         0   0.00%   -17.96457596    inf                  inf     3827   1262    260     25544    20.5s
         0       0         0   0.00%   -17.96457596    inf                  inf     4002   1336    260     25707    21.9s
         0       0         0   0.00%   -17.96457596    inf                  inf     4215   1384    261     25784    23.2s
         0       0         0   0.00%   -17.96457596    inf                  inf     4356   1411    264     25827    24.5s
         0       0         0   0.00%   -17.96457596    inf                  inf     4513   1430    264     25865    26.0s
         0       0         0   0.00%   -17.96457596    inf                  inf     4623   1441    264     25896    27.5s
         0       0         0   0.00%   -17.96457596    inf                  inf     4721   1448    269     25910    28.7s
 L       0       0         0   0.00%   -17.96457596    -17.96457596       0.00%     4721   1448    269     25910    35.7s
         1       0         1 100.00%   -17.96457596    -17.96457596       0.00%     4721   1448    269     29525    35.7s

Solving report
  Status            Optimal
  Primal bound      -17.9645759578
  Dual bound        -17.9645759578
  Gap               0% (tolerance: 0.5%)
  P-D integral      1.60867271033e-17
  Solution status   feasible
                    -17.9645759578 (objective)
                    0 (bound viol.)
                    0 (int. viol.)
                    0 (row viol.)
  Timing            35.71
  Max sub-MIP depth 2
  Nodes             1
  Repair LPs        0
  LP iterations     29525
                    0 (strong br.)
                    2290 (separation)
                    3615 (heuristics)
MIP has 98120 rows; 86024 cols; 247304 nonzeros; 10752 integer variables (10752 binary)
Coefficient ranges:
  Matrix  [2e-01, 3e+00]
  Cost    [1e-02, 6e-02]
  Bound   [1e+00, 1e+00]
  RHS     [4e-03, 9e+00]
Presolving model
71253 rows, 76496 cols, 201984 nonzeros 0s
58970 rows, 66006 cols, 172041 nonzeros 1s
47179 rows, 55456 cols, 141938 nonzeros 2s
40890 rows, 50019 cols, 126571 nonzeros 4s
Presolve reductions: rows 40890(-57230); columns 50019(-36005); nonzeros 126571(-120733) 

Solving MIP model with:
   40890 rows
   50019 cols (5755 binary, 0 integer, 0 implied int., 44264 continuous, 0 domain fixed)
   126571 nonzeros

Src: B => Branching; C => Central rounding; F => Feasibility pump; H => Heuristic;
     I => Shifting; J => Feasibility jump; L => Sub-MIP; P => Empty MIP; R => Randomized rounding;
     S => Solve LP; T => Evaluate node; U => Unbounded; X => User solution; Y => HiGHS solution;
     Z => ZI Round; l => Trivial lower; p => Trivial point; u => Trivial upper; z => Trivial zero

        Nodes      |    B&B Tree     |            Objective Bounds              |  Dynamic Constraints |       Work      
Src  Proc. InQueue |  Leaves   Expl. | BestBound       BestSol              Gap |   Cuts   InLp Confl. | LpIters     Time

         0       0         0   0.00%   -122.1399487    inf                  inf        0      0      0         0     6.1s
         0       0         0   0.00%   -16.93826621    inf                  inf        0      0      3     22312     7.7s
         0       0         0   0.00%   -16.93826621    inf                  inf     1207    449      8     22977     9.7s
         0       0         0   0.00%   -16.93826621    inf                  inf     1640    556     11     23152    11.5s
         0       0         0   0.00%   -16.93826621    inf                  inf     1866    589     14     23213    13.1s
         0       0         0   0.00%   -16.93826621    inf                  inf     1992    870     15     23529    14.3s
         0       0         0   0.00%   -16.93826621    inf                  inf     2285    952    332     23654    16.5s
         0       0         0   0.00%   -16.93826621    inf                  inf     2465   1000    339     23730    17.7s
         0       0         0   0.00%   -16.93826621    inf                  inf     2682   1018    343     23780    18.9s
         0       0         0   0.00%   -16.93826621    inf                  inf     2811   1029    343     23802    20.3s
         0       0         0   0.00%   -16.93826621    inf                  inf     2987   1084    347     23890    21.4s
         0       0         0   0.00%   -16.93826621    inf                  inf     3113   1123    350     23959    22.8s
         0       0         0   0.00%   -16.93826621    inf                  inf     3321   1147    350     23998    24.2s
         0       0         0   0.00%   -16.93826621    inf                  inf     3458   1160    350     24016    25.5s
         0       0         0   0.00%   -16.93826621    inf                  inf     3598   1168    353     24032    26.9s
         0       0         0   0.00%   -16.93826621    inf                  inf     3698   1195    356     24073    28.2s
 L       0       0         0   0.00%   -16.93826621    -16.93826621       0.00%     3698   1195    356     24073    34.7s
         1       0         1 100.00%   -16.93826621    -16.93826621       0.00%     3698   1195    356     26908    34.7s

Solving report
  Status            Optimal
  Primal bound      -16.9382662107
  Dual bound        -16.9382662107
  Gap               0% (tolerance: 0.5%)
  P-D integral      4.20420748751e-16
  Solution status   feasible
                    -16.9382662107 (objective)
                    0 (bound viol.)
                    2.22044604925e-15 (int. viol.)
                    0 (row viol.)
  Timing            34.75
  Max sub-MIP depth 2
  Nodes             1
  Repair LPs        0
  LP iterations     26908
                    0 (strong br.)
                    1761 (separation)
                    2835 (heuristics)
MIP has 98120 rows; 86024 cols; 247304 nonzeros; 10752 integer variables (10752 binary)
Coefficient ranges:
  Matrix  [2e-01, 3e+00]
  Cost    [1e-02, 6e-02]
  Bound   [1e+00, 1e+00]
  RHS     [1e-02, 9e+00]
Presolving model
71064 rows, 76160 cols, 201144 nonzeros 0s
58252 rows, 65393 cols, 169795 nonzeros 1s
48556 rows, 55109 cols, 140505 nonzeros 2s
39272 rows, 48744 cols, 122256 nonzeros 4s
39259 rows, 48731 cols, 122230 nonzeros 4s
Presolve reductions: rows 39259(-58861); columns 48731(-37293); nonzeros 122230(-125074) 

Solving MIP model with:
   39259 rows
   48731 cols (5492 binary, 0 integer, 0 implied int., 43239 continuous, 0 domain fixed)
   122230 nonzeros

Src: B => Branching; C => Central rounding; F => Feasibility pump; H => Heuristic;
     I => Shifting; J => Feasibility jump; L => Sub-MIP; P => Empty MIP; R => Randomized rounding;
     S => Solve LP; T => Evaluate node; U => Unbounded; X => User solution; Y => HiGHS solution;
     Z => ZI Round; l => Trivial lower; p => Trivial point; u => Trivial upper; z => Trivial zero

        Nodes      |    B&B Tree     |            Objective Bounds              |  Dynamic Constraints |       Work      
Src  Proc. InQueue |  Leaves   Expl. | BestBound       BestSol              Gap |   Cuts   InLp Confl. | LpIters     Time

         0       0         0   0.00%   -108.1908488    inf                  inf        0      0      0         0     6.9s
         0       0         0   0.00%   -2.901708933    inf                  inf        0      0      4     22183     8.6s
         0       0         0   0.00%   -2.901708933    inf                  inf     2677    893      7     23410    10.7s
         0       0         0   0.00%   -2.901708933    inf                  inf     3446   1093      9     23770    12.6s
         0       0         0   0.00%   -2.901708933    inf                  inf     3947   1180     12     23985    14.0s
         0       0         0   0.00%   -2.901708933    inf                  inf     4314   1830     15     24678    15.3s
         0       0         0   0.00%   -2.901708933    inf                  inf     5011   1983    114     24925    16.8s
         0       0         0   0.00%   -2.901708933    inf                  inf     5462   2062    115     25075    18.2s
         0       0         0   0.00%   -2.901708933    inf                  inf     5864   2115    117     25209    19.5s
         0       0         0   0.00%   -2.901708933    inf                  inf     6327   2145    118     25265    20.9s
         0       0         0   0.00%   -2.901708933    inf                  inf     6626   2282    119     25509    22.3s
         0       0         0   0.00%   -2.901708933    inf                  inf     7190   2371    120     25675    23.7s
         0       0         0   0.00%   -2.901708933    inf                  inf     7596   2434    121     25794    25.1s
         0       0         0   0.00%   -2.901708933    inf                  inf     7957   2481    122     25893    26.5s
         0       0         0   0.00%   -2.901708933    inf                  inf     8237   2517    123     25947    27.9s
         0       0         0   0.00%   -2.901708933    inf                  inf     8515   2548    126     25997    29.3s
         0       0         0   0.00%   -2.901708933    inf                  inf     8750   1986    127     26052    30.8s
 L       0       0         0   0.00%   -2.901708933    -2.901695543       0.00%     8750   1986    127     26052    38.1s
         1       0         1 100.00%   -2.901708933    -2.901695543       0.00%     8750   1986    127     30131    38.1s

Solving report
  Status            Optimal
  Primal bound      -2.90169554273
  Dual bound        -2.90170893338
  Gap               0.000461% (tolerance: 0.5%)
  P-D integral      2.03828297967e-07
  Solution status   feasible
                    -2.90169554273 (objective)
                    0 (bound viol.)
                    7.77156117238e-16 (int. viol.)
                    0 (row viol.)
  Timing            38.12
  Max sub-MIP depth 2
  Nodes             1
  Repair LPs        0
  LP iterations     30131
                    0 (strong br.)
                    3869 (separation)
                    4079 (heuristics)
MIP has 98120 rows; 86024 cols; 247304 nonzeros; 10752 integer variables (10752 binary)
Coefficient ranges:
  Matrix  [2e-01, 3e+00]
  Cost    [1e-02, 6e-02]
  Bound   [1e+00, 1e+00]
  RHS     [4e-03, 9e+00]
Presolving model
70794 rows, 75680 cols, 199944 nonzeros 0s
57053 rows, 64121 cols, 166124 nonzeros 1s
46841 rows, 54924 cols, 139871 nonzeros 2s
38610 rows, 47888 cols, 119758 nonzeros 3s
37217 rows, 46682 cols, 116399 nonzeros 4s
Presolve reductions: rows 37217(-60903); columns 46682(-39342); nonzeros 116399(-130905) 

Solving MIP model with:
   37217 rows
   46682 cols (5182 binary, 0 integer, 0 implied int., 41500 continuous, 0 domain fixed)
   116399 nonzeros

Src: B => Branching; C => Central rounding; F => Feasibility pump; H => Heuristic;
     I => Shifting; J => Feasibility jump; L => Sub-MIP; P => Empty MIP; R => Randomized rounding;
     S => Solve LP; T => Evaluate node; U => Unbounded; X => User solution; Y => HiGHS solution;
     Z => ZI Round; l => Trivial lower; p => Trivial point; u => Trivial upper; z => Trivial zero

        Nodes      |    B&B Tree     |            Objective Bounds              |  Dynamic Constraints |       Work      
Src  Proc. InQueue |  Leaves   Expl. | BestBound       BestSol              Gap |   Cuts   InLp Confl. | LpIters     Time

         0       0         0   0.00%   -93.08104136    inf                  inf        0      0      0         0     6.0s
         0       0         0   0.00%   5.91357735      inf                  inf        0      0      3     21991     7.6s
         0       0         0   0.00%   5.921212595     inf                  inf     3981   1245      6     23713    10.3s
         0       0         0   0.00%   5.927214882     inf                  inf     4963   1523      9     24194    12.3s
         0       0         0   0.00%   5.92887251      inf                  inf     5564   2516     12     25223    14.0s
         0       0         0   0.00%   5.929648437     inf                  inf     6351   2707     16     25566    15.4s
         0       0         0   0.00%   5.929648437     inf                  inf     6879   2795    199     25759    17.0s
         0       0         0   0.00%   5.929648437     inf                  inf     7408   2851    202     25871    18.4s
         0       0         0   0.00%   5.929648437     inf                  inf     7808   3131    210     26220    19.9s
         0       0         0   0.00%   5.929648437     inf                  inf     8214   3214    215     26361    21.3s
         0       0         0   0.00%   5.929648437     inf                  inf     8523   3264    218     26453    22.8s
         0       0         0   0.00%   5.929648437     inf                  inf     8788   3292    224     26496    24.3s
         0       0         0   0.00%   5.929648437     inf                  inf     9053   3312    228     26541    25.8s
         0       0         0   0.00%   5.929648437     inf                  inf     9276   3330    231     26582    27.3s
         0       0         0   0.00%   5.929648437     inf                  inf     9479   3346    234     26611    28.8s
 L       0       0         0   0.00%   5.929648437     5.930817191        0.02%     9479   3346    234     26611    36.2s
         1       0         1 100.00%   5.929648437     5.930817191        0.02%     9479   3346    234     31658    36.2s

Solving report
  Status            Optimal
  Primal bound      5.93081719125
  Dual bound        5.929648437
  Gap               0.0197% (tolerance: 0.5%)
  P-D integral      8.8877130568e-06
  Solution status   feasible
                    5.93081719125 (objective)
                    0 (bound viol.)
                    1.66533453694e-15 (int. viol.)
                    0 (row viol.)
  Timing            36.24
  Max sub-MIP depth 2
  Nodes             1
  Repair LPs        0
  LP iterations     31658
                    0 (strong br.)
                    4620 (separation)
                    5047 (heuristics)
MIP has 98120 rows; 86024 cols; 247304 nonzeros; 10752 integer variables (10752 binary)
Coefficient ranges:
  Matrix  [2e-01, 3e+00]
  Cost    [1e-02, 6e-02]
  Bound   [1e+00, 1e+00]
  RHS     [4e-03, 9e+00]
Presolving model
70686 rows, 75488 cols, 199464 nonzeros 0s
56696 rows, 63732 cols, 164956 nonzeros 1s
46212 rows, 54264 cols, 137964 nonzeros 2s
37782 rows, 47086 cols, 117306 nonzeros 3s
36410 rows, 45872 cols, 114072 nonzeros 4s
Presolve reductions: rows 36410(-61710); columns 45872(-40152); nonzeros 114072(-133232) 

Solving MIP model with:
   36410 rows
   45872 cols (5053 binary, 0 integer, 0 implied int., 40819 continuous, 0 domain fixed)
   114072 nonzeros

Src: B => Branching; C => Central rounding; F => Feasibility pump; H => Heuristic;
     I => Shifting; J => Feasibility jump; L => Sub-MIP; P => Empty MIP; R => Randomized rounding;
     S => Solve LP; T => Evaluate node; U => Unbounded; X => User solution; Y => HiGHS solution;
     Z => ZI Round; l => Trivial lower; p => Trivial point; u => Trivial upper; z => Trivial zero

        Nodes      |    B&B Tree     |            Objective Bounds              |  Dynamic Constraints |       Work      
Src  Proc. InQueue |  Leaves   Expl. | BestBound       BestSol              Gap |   Cuts   InLp Confl. | LpIters     Time

         0       0         0   0.00%   -88.71023721    inf                  inf        0      0      0         0     6.3s
         0       0         0   0.00%   9.629296813     inf                  inf        0      0      3     21378     8.0s
         0       0         0   0.00%   9.636987106     inf                  inf     4218   1261      5     22998    10.0s
         0       0         0   0.00%   9.642961683     inf                  inf     5223   1547      8     23533    11.8s
         0       0         0   0.00%   9.642961683     inf                  inf     5825   1633     13     23748    13.2s
         0       0         0   0.00%   9.64512153      inf                  inf     6133   2650     18     24821    14.5s
         0       0         0   0.00%   9.64512153      inf                  inf     6865   2839    210     25181    16.5s
         0       0         0   0.00%   9.64512153      inf                  inf     7406   2930    214     25376    17.9s
         0       0         0   0.00%   9.64512153      inf                  inf     7964   2973    219     25484    19.3s
         0       0         0   0.00%   9.64512153      inf                  inf     8363   3305    223     25903    20.8s
         0       0         0   0.00%   9.64512153      inf                  inf     8921   3407    230     26097    22.2s
         0       0         0   0.00%   9.64512153      inf                  inf     9367   3459    235     26207    23.8s
         0       0         0   0.00%   9.64512153      inf                  inf     9604   3490    236     26265    25.5s
         0       0         0   0.00%   9.64512153      inf                  inf     9905   3509    238     26306    27.2s
         0       0         0   0.00%   9.645176049     inf                  inf    10162   3581    240     26468    28.8s
         0       0         0   0.00%   9.645182229     inf                  inf    10545   3648    242     26580    30.3s
         0       0         0   0.00%   9.645185681     inf                  inf    10838   2833    247     26657    31.9s
         0       0         0   0.00%   9.64518642      inf                  inf    11110   2863    251     26714    33.4s
 L       0       0         0   0.00%   9.64518642      9.646081313        0.01%    11110   2863    251     26714    40.6s
         1       0         1 100.00%   9.64518642      9.646081313        0.01%    11110   2863    251     31542    40.6s

Solving report
  Status            Optimal
  Primal bound      9.64608131326
  Dual bound        9.64518641994
  Gap               0.00928% (tolerance: 0.5%)
  P-D integral      4.19141635665e-06
  Solution status   feasible
                    9.64608131326 (objective)
                    0 (bound viol.)
                    3.08642000846e-14 (int. viol.)
                    0 (row viol.)
  Timing            40.64
  Max sub-MIP depth 2
  Nodes             1
  Repair LPs        0
  LP iterations     31542
                    0 (strong br.)
                    5336 (separation)
                    4828 (heuristics)
MIP has 98120 rows; 86024 cols; 247304 nonzeros; 10752 integer variables (10752 binary)
Coefficient ranges:
  Matrix  [2e-01, 3e+00]
  Cost    [1e-02, 6e-02]
  Bound   [1e+00, 1e+00]
  RHS     [7e-03, 9e+00]
Presolving model
70731 rows, 75568 cols, 199664 nonzeros 0s
56729 rows, 63759 cols, 165078 nonzeros 1s
45893 rows, 54029 cols, 137231 nonzeros 2s
37488 rows, 46799 cols, 116510 nonzeros 3s
36132 rows, 45597 cols, 113310 nonzeros 4s
Presolve reductions: rows 36132(-61988); columns 45597(-40427); nonzeros 113310(-133994) 

Solving MIP model with:
   36132 rows
   45597 cols (4987 binary, 0 integer, 0 implied int., 40610 continuous, 0 domain fixed)
   113310 nonzeros

Src: B => Branching; C => Central rounding; F => Feasibility pump; H => Heuristic;
     I => Shifting; J => Feasibility jump; L => Sub-MIP; P => Empty MIP; R => Randomized rounding;
     S => Solve LP; T => Evaluate node; U => Unbounded; X => User solution; Y => HiGHS solution;
     Z => ZI Round; l => Trivial lower; p => Trivial point; u => Trivial upper; z => Trivial zero

        Nodes      |    B&B Tree     |            Objective Bounds              |  Dynamic Constraints |       Work      
Src  Proc. InQueue |  Leaves   Expl. | BestBound       BestSol              Gap |   Cuts   InLp Confl. | LpIters     Time

         0       0         0   0.00%   -89.11161108    inf                  inf        0      0      0         0     6.5s
         0       0         0   0.00%   27.89689316     inf                  inf        0      0      3     21474     8.2s
         0       0         0   0.00%   27.89982395     inf                  inf     4133   1183      9     22940    10.5s
         0       0         0   0.00%   27.89982395     inf                  inf     5049   1402     15     23393    12.3s
         0       0         0   0.00%   27.89982395     inf                  inf     5570   1477     21     23562    13.9s
         0       0         0   0.00%   27.90367735     inf                  inf     5864   2460     23     24539    15.2s
         0       0         0   0.00%   27.90371048     inf                  inf     6538   2618    162     24798    17.0s
         0       0         0   0.00%   27.90371048     inf                  inf     7008   2689    165     24930    18.3s
         0       0         0   0.00%   27.90371048     inf                  inf     7303   2730    169     25016    19.7s
         0       0         0   0.00%   27.90371048     inf                  inf     7619   2967    171     25307    21.1s
         0       0         0   0.00%   27.90371048     inf                  inf     8029   3058    174     25485    22.5s
         0       0         0   0.00%   27.90371048     inf                  inf     8405   3119    179     25631    23.8s
         0       0         0   0.00%   27.90371048     inf                  inf     8760   3167    181     25715    25.2s
         0       0         0   0.00%   27.90371048     inf                  inf     9170   3191    188     25757    26.7s
         0       0         0   0.00%   27.90371048     inf                  inf     9337   3205    196     25774    28.0s
         0       0         0   0.00%   27.90371048     inf                  inf     9483   3273    202     25930    29.5s
 L       0       0         0   0.00%   27.90371048     27.90399704        0.00%     9483   3273    202     25930    33.9s
         1       0         1 100.00%   27.90371048     27.90399704        0.00%     9483   3273    202     29376    34.0s

Solving report
  Status            Optimal
  Primal bound      27.9039970406
  Dual bound        27.9037104844
  Gap               0.00103% (tolerance: 0.5%)
  P-D integral      5.6588583035e-07
  Solution status   feasible
                    27.9039970406 (objective)
                    0 (bound viol.)
                    3.10862446895e-15 (int. viol.)
                    0 (row viol.)
  Timing            34.00
  Max sub-MIP depth 1
  Nodes             1
  Repair LPs        0
  LP iterations     29376
                    0 (strong br.)
                    4456 (separation)
                    3446 (heuristics)
MIP has 98120 rows; 86024 cols; 247304 nonzeros; 10752 integer variables (10752 binary)
Coefficient ranges:
  Matrix  [2e-01, 3e+00]
  Cost    [1e-02, 6e-02]
  Bound   [1e+00, 1e+00]
  RHS     [2e-03, 9e+00]
Presolving model
70542 rows, 75232 cols, 198824 nonzeros 0s
55882 rows, 62791 cols, 162453 nonzeros 1s
44794 rows, 52754 cols, 133857 nonzeros 2s
36170 rows, 45299 cols, 112538 nonzeros 3s
34811 rows, 44086 cols, 109324 nonzeros 4s
Presolve reductions: rows 34811(-63309); columns 44086(-41938); nonzeros 109324(-137980) 

Solving MIP model with:
   34811 rows
   44086 cols (4792 binary, 0 integer, 0 implied int., 39294 continuous, 0 domain fixed)
   109324 nonzeros

Src: B => Branching; C => Central rounding; F => Feasibility pump; H => Heuristic;
     I => Shifting; J => Feasibility jump; L => Sub-MIP; P => Empty MIP; R => Randomized rounding;
     S => Solve LP; T => Evaluate node; U => Unbounded; X => User solution; Y => HiGHS solution;
     Z => ZI Round; l => Trivial lower; p => Trivial point; u => Trivial upper; z => Trivial zero

        Nodes      |    B&B Tree     |            Objective Bounds              |  Dynamic Constraints |       Work      
Src  Proc. InQueue |  Leaves   Expl. | BestBound       BestSol              Gap |   Cuts   InLp Confl. | LpIters     Time

         0       0         0   0.00%   -86.92775058    inf                  inf        0      0      0         0     6.4s
         0       0         0   0.00%   38.01674949     inf                  inf        0      0      3     20731     8.0s
         0       0         0   0.00%   38.02159534     inf                  inf     3951   1088      6     21997    10.4s
         0       0         0   0.00%   38.02159534     inf                  inf     4632   1235     11     22280    12.2s
         0       0         0   0.00%   38.03473598     inf                  inf     4934   2042     14     23133    13.8s
         0       0         0   0.00%   38.03514439     inf                  inf     5360   2128     17     23300    15.0s
         0       0         0   0.00%   38.03514439     inf                  inf     5674   2165    271     23392    17.0s
         0       0         0   0.00%   38.03514439     inf                  inf     5864   2457    274     23653    18.3s
         0       0         0   0.00%   38.03514439     inf                  inf     6119   2511    279     23725    19.5s
         0       0         0   0.00%   38.03514439     inf                  inf     6286   2546    285     23811    20.8s
         0       0         0   0.00%   38.03514439     inf                  inf     6517   2575    287     23872    22.1s
         0       0         0   0.00%   38.03514439     inf                  inf     6690   2601    290     23924    23.4s
         0       0         0   0.00%   38.03514439     inf                  inf     6917   2618    294     23963    24.8s
         0       0         0   0.00%   38.03514439     inf                  inf     7102   2633    298     24004    26.1s
         0       0         0   0.00%   38.03514439     inf                  inf     7267   2642    301     24028    27.4s
 L       0       0         0   0.00%   38.03514439     38.03550028        0.00%     7267   2642    301     24028    34.0s
         1       0         1 100.00%   38.03514439     38.03550028        0.00%     7267   2642    301     28986    34.0s

Solving report
  Status            Optimal
  Primal bound      38.0355002817
  Dual bound        38.0351443921
  Gap               0.000936% (tolerance: 0.5%)
  P-D integral      5.95984462089e-07
  Solution status   feasible
                    38.0355002817 (objective)
                    0 (bound viol.)
                    3.44169137634e-15 (int. viol.)
                    0 (row viol.)
  Timing            34.05
  Max sub-MIP depth 2
  Nodes             1
  Repair LPs        0
  LP iterations     28986
                    0 (strong br.)
                    3297 (separation)
                    4958 (heuristics)
MIP has 98120 rows; 86024 cols; 247304 nonzeros; 10752 integer variables (10752 binary)
Coefficient ranges:
  Matrix  [2e-01, 3e+00]
  Cost    [1e-02, 6e-02]
  Bound   [1e+00, 1e+00]
  RHS     [2e-03, 9e+00]
Presolving model
70416 rows, 75008 cols, 198264 nonzeros 0s
55749 rows, 62615 cols, 161868 nonzeros 1s
44638 rows, 52587 cols, 133255 nonzeros 2s
35737 rows, 44932 cols, 111342 nonzeros 3s
34339 rows, 43658 cols, 107995 nonzeros 4s
Presolve reductions: rows 34339(-63781); columns 43658(-42366); nonzeros 107995(-139309) 

Solving MIP model with:
   34339 rows
   43658 cols (4741 binary, 0 integer, 0 implied int., 38917 continuous, 0 domain fixed)
   107995 nonzeros

Src: B => Branching; C => Central rounding; F => Feasibility pump; H => Heuristic;
     I => Shifting; J => Feasibility jump; L => Sub-MIP; P => Empty MIP; R => Randomized rounding;
     S => Solve LP; T => Evaluate node; U => Unbounded; X => User solution; Y => HiGHS solution;
     Z => ZI Round; l => Trivial lower; p => Trivial point; u => Trivial upper; z => Trivial zero

        Nodes      |    B&B Tree     |            Objective Bounds              |  Dynamic Constraints |       Work      
Src  Proc. InQueue |  Leaves   Expl. | BestBound       BestSol              Gap |   Cuts   InLp Confl. | LpIters     Time

         0       0         0   0.00%   -87.36219183    inf                  inf        0      0      0         0     6.1s
         0       0         0   0.00%   31.42773172     inf                  inf        0      0      3     19996     7.6s
         0       0         0   0.00%   31.42945048     inf                  inf     3446   1015      8     21324     9.8s
         0       0         0   0.00%   31.42948847     inf                  inf     4092   1182     13     21662    11.6s
         0       0         0   0.00%   31.42948847     inf                  inf     4492   1257     18     21847    12.9s
         0       0         0   0.00%   31.43877243     inf                  inf     4757   1988     23     22640    14.0s
         0       0         0   0.00%   31.43914771     inf                  inf     5210   2099    226     22857    15.9s
         0       0         0   0.00%   31.43914771     inf                  inf     5627   2138    231     22985    17.0s
         0       0         0   0.00%   31.43914771     inf                  inf     5850   2376    238     23280    18.2s
         0       0         0   0.00%   31.43914771     inf                  inf     6119   2453    244     23412    19.4s
         0       0         0   0.00%   31.43914771     inf                  inf     6406   2516    248     23500    20.6s
         0       0         0   0.00%   31.43914771     inf                  inf     6681   2547    251     23576    21.9s
         0       0         0   0.00%   31.43914771     inf                  inf     6834   2570    255     23609    23.1s
         0       0         0   0.00%   31.43914771     inf                  inf     6948   2587    258     23638    24.4s
         0       0         0   0.00%   31.43914771     inf                  inf     7053   2617    263     23687    25.6s
 L       0       0         0   0.00%   31.43914771     31.43914771        0.00%     7053   2617    263     23687    34.0s
         1       0         1 100.00%   31.43914771     31.43914771        0.00%     7053   2617    263     28488    34.0s

Solving report
  Status            Optimal
  Primal bound      31.4391477127
  Dual bound        31.4391477127
  Gap               0% (tolerance: 0.5%)
  P-D integral      0
  Solution status   feasible
                    31.4391477127 (objective)
                    0 (bound viol.)
                    2.22044604925e-15 (int. viol.)
                    0 (row viol.)
  Timing            34.04
  Max sub-MIP depth 2
  Nodes             1
  Repair LPs        0
  LP iterations     28488
                    0 (strong br.)
                    3691 (separation)
                    4801 (heuristics)
MIP has 98120 rows; 86024 cols; 247304 nonzeros; 10752 integer variables (10752 binary)
Coefficient ranges:
  Matrix  [2e-01, 3e+00]
  Cost    [1e-02, 6e-02]
  Bound   [1e+00, 1e+00]
  RHS     [4e-03, 9e+00]
Presolving model
71379 rows, 76720 cols, 202544 nonzeros 0s
58307 rows, 65755 cols, 170499 nonzeros 1s
48428 rows, 56895 cols, 145260 nonzeros 2s
39143 rows, 48930 cols, 122142 nonzeros 4s
38967 rows, 48754 cols, 121790 nonzeros 4s
Presolve reductions: rows 38967(-59153); columns 48754(-37270); nonzeros 121790(-125514) 

Solving MIP model with:
   38967 rows
   48754 cols (5318 binary, 0 integer, 0 implied int., 43436 continuous, 0 domain fixed)
   121790 nonzeros

Src: B => Branching; C => Central rounding; F => Feasibility pump; H => Heuristic;
     I => Shifting; J => Feasibility jump; L => Sub-MIP; P => Empty MIP; R => Randomized rounding;
     S => Solve LP; T => Evaluate node; U => Unbounded; X => User solution; Y => HiGHS solution;
     Z => ZI Round; l => Trivial lower; p => Trivial point; u => Trivial upper; z => Trivial zero

        Nodes      |    B&B Tree     |            Objective Bounds              |  Dynamic Constraints |       Work      
Src  Proc. InQueue |  Leaves   Expl. | BestBound       BestSol              Gap |   Cuts   InLp Confl. | LpIters     Time

         0       0         0   0.00%   -76.19399854    inf                  inf        0      0      0         0     6.9s
         0       0         0   0.00%   52.11411962     inf                  inf        0      0      3     23700     9.0s
         0       0         0   0.00%   53.52062186     inf                  inf     5109   1691      6     26306    11.5s
         0       0         0   0.00%   53.83797931     inf                  inf     6405   2052      9     27085    13.3s
         0       0         0   0.00%   53.92962264     inf                  inf     6971   3331     12     28579    14.6s
         0       0         0   0.00%   53.92996999     inf                  inf     7864   3521     15     28868    15.9s
         0       0         0   0.00%   53.92996999     inf                  inf     8369   3601    293     28997    17.7s
         0       0         0   0.00%   53.92996999     inf                  inf     8600   4076    295     29488    19.0s
         0       0         0   0.00%   53.92996999     inf                  inf     9100   4218    297     29674    20.4s
         0       0         0   0.00%   53.92996999     inf                  inf     9547   4299    302     29822    21.8s
         0       0         0   0.00%   53.92996999     inf                  inf    10079   4364    306     29936    23.2s
         0       0         0   0.00%   53.92996999     inf                  inf    10456   4403    308     30023    24.6s
         0       0         0   0.00%   53.92996999     inf                  inf    10905   4431    310     30093    26.0s
         0       0         0   0.00%   53.92996999     inf                  inf    11262   4451    313     30173    27.5s
         0       0         0   0.00%   53.92996999     inf                  inf    11435   4553    315     30366    28.9s
 L       0       0         0   0.00%   53.92996999     53.93124391        0.00%    11435   4553    315     30366    45.0s
         1       0         1 100.00%   53.92996999     53.93124391        0.00%    11435   4553    315     37351    45.0s

Solving report
  Status            Optimal
  Primal bound      53.9312439148
  Dual bound        53.9299699917
  Gap               0.00236% (tolerance: 0.5%)
  P-D integral      1.198300971e-06
  Solution status   feasible
                    53.9312439148 (objective)
                    0 (bound viol.)
                    2.35367281221e-14 (int. viol.)
                    0 (row viol.)
  Timing            45.01
  Max sub-MIP depth 2
  Nodes             1
  Repair LPs        0
  LP iterations     37351
                    0 (strong br.)
                    6666 (separation)
                    6985 (heuristics)
MIP has 98120 rows; 86024 cols; 247304 nonzeros; 10752 integer variables (10752 binary)
Coefficient ranges:
  Matrix  [2e-01, 3e+00]
  Cost    [1e-02, 6e-02]
  Bound   [1e+00, 1e+00]
  RHS     [4e-03, 7e+00]
Presolving model
74520 rows, 82304 cols, 216504 nonzeros 0s
62039 rows, 70647 cols, 183736 nonzeros 3s
56266 rows, 66814 cols, 172326 nonzeros 5s
Presolve reductions: rows 56266(-41854); columns 66814(-19210); nonzeros 172326(-74978) 

Solving MIP model with:
   56266 rows
   66814 cols (7653 binary, 0 integer, 0 implied int., 59161 continuous, 0 domain fixed)
   172326 nonzeros

Src: B => Branching; C => Central rounding; F => Feasibility pump; H => Heuristic;
     I => Shifting; J => Feasibility jump; L => Sub-MIP; P => Empty MIP; R => Randomized rounding;
     S => Solve LP; T => Evaluate node; U => Unbounded; X => User solution; Y => HiGHS solution;
     Z => ZI Round; l => Trivial lower; p => Trivial point; u => Trivial upper; z => Trivial zero

        Nodes      |    B&B Tree     |            Objective Bounds              |  Dynamic Constraints |       Work      
Src  Proc. InQueue |  Leaves   Expl. | BestBound       BestSol              Gap |   Cuts   InLp Confl. | LpIters     Time

         0       0         0   0.00%   -64.67522261    inf                  inf        0      0      0         0     7.4s
         0       0         0   0.00%   81.8204097      inf                  inf        0      0      6     36035    10.4s
         0       0         0   0.00%   87.67522151     inf                  inf    10868   4409      9     43152    15.4s
         0       0         0   0.00%   88.92729921     inf                  inf    14559   5338     15     45371    18.0s
         0       0         0   0.00%   89.72680218     inf                  inf    16138   8404     17     48972    20.6s
         0       0         0   0.00%   89.79616814     inf                  inf    17668   8897     21     49716    21.6s
         0       0         0   0.00%   89.79624867     inf                  inf    18319   9036    199     49984    23.2s
         0       0         0   0.00%   89.79671442     inf                  inf    18910   9820    202     50810    24.4s
         0       0         0   0.00%   89.79706177     inf                  inf    19695  10017    207     51075    25.5s
         0       0         0   0.00%   89.79706177     inf                  inf    20070  10088    209     51184    26.6s
         0       0         0   0.00%   89.79706177     inf                  inf    20403  10131    212     51248    27.7s
         0       0         0   0.00%   89.79706177     inf                  inf    14208  10155    215     51282    28.8s
         0       0         0   0.00%   89.79706177     inf                  inf    14555  10175    221     51322    29.9s
         0       0         0   0.00%   89.79706177     inf                  inf    14722  10319    226     51595    31.1s
 L       0       0         0   0.00%   89.79706177     89.80003302        0.00%    14722  10319    226     51595    63.7s
         1       0         1 100.00%   89.79706177     89.80003302        0.00%    14722  10319    226     67670    63.7s

Solving report
  Status            Optimal
  Primal bound      89.8000330156
  Dual bound        89.7970617693
  Gap               0.00331% (tolerance: 0.5%)
  P-D integral      2.36995514932e-06
  Solution status   feasible
                    89.8000330156 (objective)
                    0 (bound viol.)
                    3.97459842816e-14 (int. viol.)
                    0 (row viol.)
  Timing            63.72
  Max sub-MIP depth 4
  Nodes             1
  Repair LPs        0
  LP iterations     67670
                    0 (strong br.)
                    15560 (separation)
                    16075 (heuristics)
MIP has 98120 rows; 86024 cols; 247304 nonzeros; 10752 integer variables (10752 binary)
Coefficient ranges:
  Matrix  [2e-01, 3e+00]
  Cost    [1e-02, 6e-02]
  Bound   [1e+00, 1e+00]
  RHS     [8e-03, 6e+00]
Presolving model
73548 rows, 80576 cols, 212184 nonzeros 0s
61155 rows, 68385 cols, 177882 nonzeros 2s
51018 rows, 61350 cols, 157026 nonzeros 5s
Presolve reductions: rows 51018(-47102); columns 61350(-24674); nonzeros 157026(-90278) 

Solving MIP model with:
   51018 rows
   61350 cols (6956 binary, 0 integer, 0 implied int., 54394 continuous, 0 domain fixed)
   157026 nonzeros

Src: B => Branching; C => Central rounding; F => Feasibility pump; H => Heuristic;
     I => Shifting; J => Feasibility jump; L => Sub-MIP; P => Empty MIP; R => Randomized rounding;
     S => Solve LP; T => Evaluate node; U => Unbounded; X => User solution; Y => HiGHS solution;
     Z => ZI Round; l => Trivial lower; p => Trivial point; u => Trivial upper; z => Trivial zero

        Nodes      |    B&B Tree     |            Objective Bounds              |  Dynamic Constraints |       Work      
Src  Proc. InQueue |  Leaves   Expl. | BestBound       BestSol              Gap |   Cuts   InLp Confl. | LpIters     Time

         0       0         0   0.00%   -69.04434848    inf                  inf        0      0      0         0     7.5s
         0       0         0   0.00%   84.47192838     inf                  inf        0      0      3     32620    10.2s
         0       0         0   0.00%   89.73253834     inf                  inf     9206   3810      5     39070    14.9s
         0       0         0   0.00%   90.88281221     inf                  inf    12284   4604      6     41142    17.3s
         0       0         0   0.00%   91.35658819     inf                  inf    13570   7042     10     43929    19.4s
         0       0         0   0.00%   91.39627582     inf                  inf    14956   7462     11     44605    21.1s
         0       0         0   0.00%   91.39684223     inf                  inf    15698   7604    165     44869    24.1s
         0       0         0   0.00%   91.39708969     inf                  inf    16116   8230    169     45557    25.9s
         0       0         0   0.00%   91.39755679     inf                  inf    16673   8400    173     45788    27.7s
         0       0         0   0.00%   91.39755679     inf                  inf    17176   8475    178     45901    29.5s
         0       0         0   0.00%   91.39755679     inf                  inf    17468   8526    182     45967    31.5s
         0       0         0   0.00%   91.39755679     inf                  inf    17862   8561    185     46022    33.3s
         0       0         0   0.00%   91.39755679     inf                  inf    18091   8688    188     46225    35.0s
         0       0         0   0.00%   91.39755679     inf                  inf    18397   8760    194     46344    36.9s
 L       0       0         0   0.00%   91.39755679     91.40141742        0.00%    18397   8760    194     46344    65.8s
         1       0         1 100.00%   91.39755679     91.40141742        0.00%    18397   8760    194     60323    65.9s

Solving report
  Status            Optimal
  Primal bound      91.4014174207
  Dual bound        91.3975567881
  Gap               0.00422% (tolerance: 0.5%)
  P-D integral      3.10081706701e-06
  Solution status   feasible
                    91.4014174207 (objective)
                    0 (bound viol.)
                    6.70098333784e-13 (int. viol.)
                    0 (row viol.)
  Timing            65.89
  Max sub-MIP depth 3
  Nodes             1
  Repair LPs        0
  LP iterations     60323
                    0 (strong br.)
                    13724 (separation)
                    13979 (heuristics)
MIP has 98120 rows; 86024 cols; 247304 nonzeros; 10752 integer variables (10752 binary)
Coefficient ranges:
  Matrix  [2e-01, 3e+00]
  Cost    [1e-02, 6e-02]
  Bound   [1e+00, 1e+00]
  RHS     [9e-03, 6e+00]
Presolving model
68976 rows, 72448 cols, 191864 nonzeros 0s
59258 rows, 59288 cols, 152976 nonzeros 1s
42414 rows, 49344 cols, 123822 nonzeros 2s
34950 rows, 43002 cols, 105508 nonzeros 2s
29441 rows, 36780 cols, 87495 nonzeros 3s
24241 rows, 33815 cols, 79228 nonzeros 4s
Presolve reductions: rows 24241(-73879); columns 33815(-52209); nonzeros 79228(-168076) 

Solving MIP model with:
   24241 rows
   33815 cols (3244 binary, 0 integer, 0 implied int., 30571 continuous, 0 domain fixed)
   79228 nonzeros

Src: B => Branching; C => Central rounding; F => Feasibility pump; H => Heuristic;
     I => Shifting; J => Feasibility jump; L => Sub-MIP; P => Empty MIP; R => Randomized rounding;
     S => Solve LP; T => Evaluate node; U => Unbounded; X => User solution; Y => HiGHS solution;
     Z => ZI Round; l => Trivial lower; p => Trivial point; u => Trivial upper; z => Trivial zero

        Nodes      |    B&B Tree     |            Objective Bounds              |  Dynamic Constraints |       Work      
Src  Proc. InQueue |  Leaves   Expl. | BestBound       BestSol              Gap |   Cuts   InLp Confl. | LpIters     Time

         0       0         0   0.00%   -41.37335573    inf                  inf        0      0      0         0     5.4s
         0       0         0   0.00%   104.1692631     inf                  inf        0      0      3     14890     6.4s
         0       0         0   0.00%   104.8325958     inf                  inf     3287   1255      5     16794     7.6s
         0       0         0   0.00%   105.0815923     inf                  inf     4583   2315      9     18231     9.2s
         0       0         0   0.00%   105.1091902     inf                  inf     5415   2602    200     18726    10.6s
         0       0         0   0.00%   105.131373      inf                  inf     5720   2667    205     18880    11.6s
         0       0         0   0.00%   105.131373      inf                  inf     6330   3000    215     19317    12.7s
         0       0         0   0.00%   105.131373      inf                  inf     6934   3107    222     19485    13.7s
         0       0         0   0.00%   105.131373      inf                  inf     7454   3153    232     19568    14.8s
 L       0       0         0   0.00%   105.131373      105.1325562        0.00%     7454   3153    232     19568    19.1s
         1       0         1 100.00%   105.131373      105.1325562        0.00%     7454   3153    232     22307    19.1s

Solving report
  Status            Optimal
  Primal bound      105.132556241
  Dual bound        105.131372968
  Gap               0.00113% (tolerance: 0.5%)
  P-D integral      4.00624964958e-07
  Solution status   feasible
                    105.132556241 (objective)
                    0 (bound viol.)
                    8.32667268469e-15 (int. viol.)
                    0 (row viol.)
  Timing            19.09
  Max sub-MIP depth 1
  Nodes             1
  Repair LPs        0
  LP iterations     22307
                    0 (strong br.)
                    4678 (separation)
                    2739 (heuristics)
MIP has 98120 rows; 86024 cols; 247304 nonzeros; 10752 integer variables (10752 binary)
Coefficient ranges:
  Matrix  [2e-01, 3e+00]
  Cost    [1e-02, 6e-02]
  Bound   [1e+00, 1e+00]
  RHS     [4e-03, 5e+00]
Presolving model
67662 rows, 70112 cols, 186024 nonzeros 0s
56796 rows, 55286 cols, 141844 nonzeros 1s
46308 rows, 46119 cols, 115988 nonzeros 2s
36416 rows, 38709 cols, 93916 nonzeros 2s
28033 rows, 35598 cols, 85070 nonzeros 2s
21825 rows, 30417 cols, 69386 nonzeros 3s
17639 rows, 26748 cols, 59435 nonzeros 3s
16954 rows, 26126 cols, 57868 nonzeros 5s
Presolve reductions: rows 16954(-81166); columns 26126(-59898); nonzeros 57868(-189436) 

Solving MIP model with:
   16954 rows
   26126 cols (2258 binary, 0 integer, 0 implied int., 23868 continuous, 0 domain fixed)
   57868 nonzeros

Src: B => Branching; C => Central rounding; F => Feasibility pump; H => Heuristic;
     I => Shifting; J => Feasibility jump; L => Sub-MIP; P => Empty MIP; R => Randomized rounding;
     S => Solve LP; T => Evaluate node; U => Unbounded; X => User solution; Y => HiGHS solution;
     Z => ZI Round; l => Trivial lower; p => Trivial point; u => Trivial upper; z => Trivial zero

        Nodes      |    B&B Tree     |            Objective Bounds              |  Dynamic Constraints |       Work      
Src  Proc. InQueue |  Leaves   Expl. | BestBound       BestSol              Gap |   Cuts   InLp Confl. | LpIters     Time

         0       0         0   0.00%   -25.54589531    inf                  inf        0      0      0         0     6.2s
         0       0         0   0.00%   117.8620807     inf                  inf        0      0      3     10473     6.9s
         0       0         0   0.00%   118.1180162     inf                  inf     3713   1735     15     13055     8.2s
         0       0         0   0.00%   118.1191713     inf                  inf     4703   1975    177     13455     9.3s
         0       0         0   0.00%   118.1191713     inf                  inf     6321   2269    193     13958    10.5s
 L       0       0         0   0.00%   118.1191713     118.1191713        0.00%     7094   2351    202     14122    14.6s
         1       0         1 100.00%   118.1191713     118.1191713        0.00%     7094   2351    202     16589    14.6s

Solving report
  Status            Optimal
  Primal bound      118.119171349
  Dual bound        118.119171349
  Gap               0% (tolerance: 0.5%)
  P-D integral      1.97708640042e-17
  Solution status   feasible
                    118.119171349 (objective)
                    0 (bound viol.)
                    1.11022302463e-15 (int. viol.)
                    0 (row viol.)
  Timing            14.58
  Max sub-MIP depth 2
  Nodes             1
  Repair LPs        0
  LP iterations     16589
                    0 (strong br.)
                    3649 (separation)
                    2467 (heuristics)
MIP has 98120 rows; 86024 cols; 247304 nonzeros; 10752 integer variables (10752 binary)
Coefficient ranges:
  Matrix  [2e-01, 3e+00]
  Cost    [1e-02, 6e-02]
  Bound   [1e+00, 1e+00]
  RHS     [2e-03, 5e+00]
Presolving model
68670 rows, 71904 cols, 190504 nonzeros 0s
58927 rows, 58720 cols, 151848 nonzeros 1s
41932 rows, 48467 cols, 121958 nonzeros 2s
34229 rows, 41833 cols, 102956 nonzeros 2s
28388 rows, 34961 cols, 83906 nonzeros 3s
23666 rows, 31541 cols, 75836 nonzeros 5s
Presolve reductions: rows 23666(-74454); columns 31541(-54483); nonzeros 75836(-171468) 

Solving MIP model with:
   23666 rows
   31541 cols (3233 binary, 0 integer, 0 implied int., 28308 continuous, 0 domain fixed)
   75836 nonzeros

Src: B => Branching; C => Central rounding; F => Feasibility pump; H => Heuristic;
     I => Shifting; J => Feasibility jump; L => Sub-MIP; P => Empty MIP; R => Randomized rounding;
     S => Solve LP; T => Evaluate node; U => Unbounded; X => User solution; Y => HiGHS solution;
     Z => ZI Round; l => Trivial lower; p => Trivial point; u => Trivial upper; z => Trivial zero

        Nodes      |    B&B Tree     |            Objective Bounds              |  Dynamic Constraints |       Work      
Src  Proc. InQueue |  Leaves   Expl. | BestBound       BestSol              Gap |   Cuts   InLp Confl. | LpIters     Time

         0       0         0   0.00%   -36.45248816    inf                  inf        0      0      0         0     6.7s
         0       0         0   0.00%   94.00710053     inf                  inf        0      0      3     14219     7.6s
         0       0         0   0.00%   94.13411223     inf                  inf     3367   1072      9     16219     9.1s
         0       0         0   0.00%   94.13411223     inf                  inf     4586   1240     15     16556    10.3s
         0       0         0   0.00%   94.13629521     inf                  inf     5509   1861    146     17414    11.6s
         0       0         0   0.00%   94.13629521     inf                  inf     6993   2071    152     17819    13.1s
         0       0         0   0.00%   94.13629521     inf                  inf     7654   2120    158     17915    14.1s
         0       0         0   0.00%   94.13629521     inf                  inf     8171   2160    164     17996    15.1s
 L       0       0         0   0.00%   94.13629521     94.1364697         0.00%     8368   2167    166     18017    20.2s
         1       0         1 100.00%   94.13629521     94.1364697         0.00%     8368   2167    166     21582    20.2s

Solving report
  Status            Optimal
  Primal bound      94.1364697044
  Dual bound        94.1362952104
  Gap               0.000185% (tolerance: 0.5%)
  P-D integral      6.20125909913e-08
  Solution status   feasible
                    94.1364697044 (objective)
                    0 (bound viol.)
                    4.4408920985e-16 (int. viol.)
                    0 (row viol.)
  Timing            20.20
  Max sub-MIP depth 2
  Nodes             1
  Repair LPs        0
  LP iterations     21582
                    0 (strong br.)
                    3798 (separation)
                    3565 (heuristics)
MIP has 98120 rows; 86024 cols; 247304 nonzeros; 10752 integer variables (10752 binary)
Coefficient ranges:
  Matrix  [2e-01, 3e+00]
  Cost    [1e-02, 6e-02]
  Bound   [1e+00, 1e+00]
  RHS     [2e-03, 5e+00]
Presolving model
69381 rows, 73168 cols, 193664 nonzeros 0s
60117 rows, 60563 cols, 157318 nonzeros 1s
44728 rows, 51301 cols, 130582 nonzeros 2s
37829 rows, 43017 cols, 106858 nonzeros 3s
30255 rows, 37721 cols, 91730 nonzeros 4s
27744 rows, 36543 cols, 88475 nonzeros 4s
Presolve reductions: rows 27744(-70376); columns 36543(-49481); nonzeros 88475(-158829) 

Solving MIP model with:
   27744 rows
   36543 cols (3795 binary, 0 integer, 0 implied int., 32748 continuous, 0 domain fixed)
   88475 nonzeros

Src: B => Branching; C => Central rounding; F => Feasibility pump; H => Heuristic;
     I => Shifting; J => Feasibility jump; L => Sub-MIP; P => Empty MIP; R => Randomized rounding;
     S => Solve LP; T => Evaluate node; U => Unbounded; X => User solution; Y => HiGHS solution;
     Z => ZI Round; l => Trivial lower; p => Trivial point; u => Trivial upper; z => Trivial zero

        Nodes      |    B&B Tree     |            Objective Bounds              |  Dynamic Constraints |       Work      
Src  Proc. InQueue |  Leaves   Expl. | BestBound       BestSol              Gap |   Cuts   InLp Confl. | LpIters     Time

         0       0         0   0.00%   -59.63286194    inf                  inf        0      0      0         0     6.0s
         0       0         0   0.00%   93.11934482     inf                  inf        0      0      3     16570     7.1s
         0       0         0   0.00%   93.21169637     inf                  inf     2495    885      8     18109     8.4s
         0       0         0   0.00%   93.21484858     inf                  inf     4566   1328     13     19087    10.1s
         0       0         0   0.00%   93.22084665     inf                  inf     5380   1834    123     19895    11.9s
         0       0         0   0.00%   93.22168007     inf                  inf     6772   2164    133     20496    13.2s
         0       0         0   0.00%   93.22168007     inf                  inf     7593   2294    137     20773    14.4s
         0       0         0   0.00%   93.22168007     inf                  inf     8234   2357    139     20914    15.8s
         0       0         0   0.00%   93.22168007     inf                  inf     8735   2441    146     21102    17.1s
 L       0       0         0   0.00%   93.22168007     93.2217256         0.00%     9108   2503    150     21222    22.9s
         1       0         1 100.00%   93.22168007     93.2217256         0.00%     9108   2503    150     25924    22.9s

Solving report
  Status            Optimal
  Primal bound      93.2217256048
  Dual bound        93.2216800688
  Gap               4.9e-05% (tolerance: 0.5%)
  P-D integral      1.8148226762e-08
  Solution status   feasible
                    93.2217256048 (objective)
                    0 (bound viol.)
                    2.44249065418e-15 (int. viol.)
                    0 (row viol.)
  Timing            22.92
  Max sub-MIP depth 3
  Nodes             1
  Repair LPs        0
  LP iterations     25924
                    0 (strong br.)
                    4652 (separation)
                    4702 (heuristics)
MIP has 98120 rows; 86024 cols; 247304 nonzeros; 10752 integer variables (10752 binary)
Coefficient ranges:
  Matrix  [2e-01, 3e+00]
  Cost    [1e-02, 6e-02]
  Bound   [1e+00, 1e+00]
  RHS     [2e-03, 5e+00]
Presolving model
69210 rows, 72864 cols, 192904 nonzeros 0s
59637 rows, 59693 cols, 155021 nonzeros 1s
43457 rows, 49930 cols, 126860 nonzeros 2s
36589 rows, 41512 cols, 102920 nonzeros 3s
29013 rows, 37274 cols, 90905 nonzeros 3s
26808 rows, 35355 cols, 85458 nonzeros 4s
Presolve reductions: rows 26808(-71312); columns 35355(-50669); nonzeros 85458(-161846) 

Solving MIP model with:
   26808 rows
   35355 cols (3659 binary, 0 integer, 0 implied int., 31696 continuous, 0 domain fixed)
   85458 nonzeros

Src: B => Branching; C => Central rounding; F => Feasibility pump; H => Heuristic;
     I => Shifting; J => Feasibility jump; L => Sub-MIP; P => Empty MIP; R => Randomized rounding;
     S => Solve LP; T => Evaluate node; U => Unbounded; X => User solution; Y => HiGHS solution;
     Z => ZI Round; l => Trivial lower; p => Trivial point; u => Trivial upper; z => Trivial zero

        Nodes      |    B&B Tree     |            Objective Bounds              |  Dynamic Constraints |       Work      
Src  Proc. InQueue |  Leaves   Expl. | BestBound       BestSol              Gap |   Cuts   InLp Confl. | LpIters     Time

         0       0         0   0.00%   -52.71687512    inf                  inf        0      0      0         0     6.3s
         0       0         0   0.00%   111.6730112     inf                  inf        0      0      3     15763     7.3s
         0       0         0   0.00%   111.8739502     inf                  inf     2615    937      5     17620     8.4s
         0       0         0   0.00%   111.8760423     inf                  inf     4744   1425     11     18678    10.0s
         0       0         0   0.00%   111.8825944     inf                  inf     5744   2010    187     19489    11.4s
         0       0         0   0.00%   111.8840405     inf                  inf     7192   2330    195     19967    12.6s
         0       0         0   0.00%   111.8840405     inf                  inf     7982   2436    207     20131    13.8s
         0       0         0   0.00%   111.8840405     inf                  inf     8604   2543    214     20318    15.0s
         0       0         0   0.00%   111.8840405     inf                  inf     9302   2661    219     20516    16.3s
 L       0       0         0   0.00%   111.8840405     111.8847756        0.00%     9488   2684    219     20563    21.3s
         1       0         1 100.00%   111.8840405     111.8847756        0.00%     9488   2684    219     24493    21.3s

Solving report
  Status            Optimal
  Primal bound      111.884775561
  Dual bound        111.884040478
  Gap               0.000657% (tolerance: 0.5%)
  P-D integral      2.35412774033e-07
  Solution status   feasible
                    111.884775561 (objective)
                    0 (bound viol.)
                    2.44249065418e-15 (int. viol.)
                    0 (row viol.)
  Timing            21.35
  Max sub-MIP depth 2
  Nodes             1
  Repair LPs        0
  LP iterations     24493
                    0 (strong br.)
                    4800 (separation)
                    3930 (heuristics)
MIP has 98120 rows; 86024 cols; 247304 nonzeros; 10752 integer variables (10752 binary)
Coefficient ranges:
  Matrix  [2e-01, 3e+00]
  Cost    [1e-02, 6e-02]
  Bound   [1e+00, 1e+00]
  RHS     [2e-03, 5e+00]
Presolving model
68796 rows, 72128 cols, 191064 nonzeros 0s
58912 rows, 58572 cols, 152043 nonzeros 1s
42162 rows, 48407 cols, 122618 nonzeros 2s
34827 rows, 41997 cols, 104375 nonzeros 2s
29362 rows, 35696 cols, 86506 nonzeros 3s
24296 rows, 32747 cols, 78197 nonzeros 4s
Presolve reductions: rows 24296(-73824); columns 32747(-53277); nonzeros 78197(-169107) 

Solving MIP model with:
   24296 rows
   32747 cols (3316 binary, 0 integer, 0 implied int., 29431 continuous, 0 domain fixed)
   78197 nonzeros

Src: B => Branching; C => Central rounding; F => Feasibility pump; H => Heuristic;
     I => Shifting; J => Feasibility jump; L => Sub-MIP; P => Empty MIP; R => Randomized rounding;
     S => Solve LP; T => Evaluate node; U => Unbounded; X => User solution; Y => HiGHS solution;
     Z => ZI Round; l => Trivial lower; p => Trivial point; u => Trivial upper; z => Trivial zero

        Nodes      |    B&B Tree     |            Objective Bounds              |  Dynamic Constraints |       Work      
Src  Proc. InQueue |  Leaves   Expl. | BestBound       BestSol              Gap |   Cuts   InLp Confl. | LpIters     Time

         0       0         0   0.00%   -48.43121562    inf                  inf        0      0      0         0     5.3s
         0       0         0   0.00%   113.2923671     inf                  inf        0      0      3     14179     6.1s
         0       0         0   0.00%   113.2943187     inf                  inf     3335   1091      9     16084     7.7s
         0       0         0   0.00%   113.3007013     inf                  inf     4367   1732     16     16986     9.1s
         0       0         0   0.00%   113.3030353     inf                  inf     5862   2032    105     17556    10.3s
         0       0         0   0.00%   113.3030353     inf                  inf     6959   2176    114     17840    11.7s
         0       0         0   0.00%   113.3030353     inf                  inf     7322   2278    124     18044    12.7s
         0       0         0   0.00%   113.3030353     inf                  inf     8149   2420    131     18276    14.2s
 L       0       0         0   0.00%   113.3030353     113.3030353        0.00%     8348   1813    133     18307    18.0s
         1       0         1 100.00%   113.3030353     113.3030353        0.00%     8348   1813    133     21957    18.0s

Solving report
  Status            Optimal
  Primal bound      113.303035251
  Dual bound        113.303035251
  Gap               0% (tolerance: 0.5%)
  P-D integral      0
  Solution status   feasible
                    113.303035251 (objective)
                    0 (bound viol.)
                    5.55111512313e-15 (int. viol.)
                    0 (row viol.)
  Timing            18.01
  Max sub-MIP depth 2
  Nodes             1
  Repair LPs        0
  LP iterations     21957
                    0 (strong br.)
                    4128 (separation)
                    3650 (heuristics)
MIP has 98120 rows; 86024 cols; 247304 nonzeros; 10752 integer variables (10752 binary)
Coefficient ranges:
  Matrix  [2e-01, 3e+00]
  Cost    [1e-02, 6e-02]
  Bound   [1e+00, 1e+00]
  RHS     [3e-03, 5e+00]
Presolving model
68301 rows, 71248 cols, 188864 nonzeros 0s
58078 rows, 57134 cols, 147595 nonzeros 1s
48356 rows, 48692 cols, 123835 nonzeros 2s
39259 rows, 41739 cols, 103296 nonzeros 2s
31391 rows, 36186 cols, 87264 nonzeros 3s
23244 rows, 31755 cols, 74531 nonzeros 3s
21576 rows, 30258 cols, 70596 nonzeros 4s
Presolve reductions: rows 21576(-76544); columns 30258(-55766); nonzeros 70596(-176708) 

Solving MIP model with:
   21576 rows
   30258 cols (2949 binary, 0 integer, 0 implied int., 27309 continuous, 0 domain fixed)
   70596 nonzeros

Src: B => Branching; C => Central rounding; F => Feasibility pump; H => Heuristic;
     I => Shifting; J => Feasibility jump; L => Sub-MIP; P => Empty MIP; R => Randomized rounding;
     S => Solve LP; T => Evaluate node; U => Unbounded; X => User solution; Y => HiGHS solution;
     Z => ZI Round; l => Trivial lower; p => Trivial point; u => Trivial upper; z => Trivial zero

        Nodes      |    B&B Tree     |            Objective Bounds              |  Dynamic Constraints |       Work      
Src  Proc. InQueue |  Leaves   Expl. | BestBound       BestSol              Gap |   Cuts   InLp Confl. | LpIters     Time

         0       0         0   0.00%   -39.48607167    inf                  inf        0      0      0         0     5.5s
         0       0         0   0.00%   108.3306577     inf                  inf        0      0      3     13237     6.3s
         0       0         0   0.00%   108.3336041     inf                  inf     3471   1122     10     15122     7.6s
         0       0         0   0.00%   108.3382853     inf                  inf     4527   1833     20     16091     8.7s
         0       0         0   0.00%   108.3394846     inf                  inf     5760   2101    167     16566     9.9s
         0       0         0   0.00%   108.3394846     inf                  inf     6677   2285    177     16990    11.3s
         0       0         0   0.00%   108.3394846     inf                  inf     7544   2484    189     17278    12.7s
         0       0         0   0.00%   108.3394846     inf                  inf     8208   1932    195     17388    14.1s
 L       0       0         0   0.00%   108.3394846     108.3394846        0.00%     8208   1932    195     17388    17.5s
         1       0         1 100.00%   108.3394846     108.3394846        0.00%     8208   1932    195     20536    17.5s

Solving report
  Status            Optimal
  Primal bound      108.339484557
  Dual bound        108.339484557
  Gap               0% (tolerance: 0.5%)
  P-D integral      0
  Solution status   feasible
                    108.339484557 (objective)
                    0 (bound viol.)
                    1.88737914186e-15 (int. viol.)
                    0 (row viol.)
  Timing            17.55
  Max sub-MIP depth 2
  Nodes             1
  Repair LPs        0
  LP iterations     20536
                    0 (strong br.)
                    4151 (separation)
                    3148 (heuristics)
MIP has 98120 rows; 86024 cols; 247304 nonzeros; 10752 integer variables (10752 binary)
Coefficient ranges:
  Matrix  [2e-01, 3e+00]
  Cost    [1e-02, 6e-02]
  Bound   [1e+00, 1e+00]
  RHS     [2e-03, 5e+00]
Presolving model
68472 rows, 71552 cols, 189624 nonzeros 0s
58402 rows, 57802 cols, 148975 nonzeros 1s
48837 rows, 49551 cols, 125628 nonzeros 2s
39902 rows, 42768 cols, 105321 nonzeros 2s
32035 rows, 37200 cols, 89128 nonzeros 3s
23528 rows, 32595 cols, 75801 nonzeros 3s
21679 rows, 30941 cols, 71452 nonzeros 4s
Presolve reductions: rows 21679(-76441); columns 30941(-55083); nonzeros 71452(-175852) 

Solving MIP model with:
   21679 rows
   30941 cols (2899 binary, 0 integer, 0 implied int., 28042 continuous, 0 domain fixed)
   71452 nonzeros

Src: B => Branching; C => Central rounding; F => Feasibility pump; H => Heuristic;
     I => Shifting; J => Feasibility jump; L => Sub-MIP; P => Empty MIP; R => Randomized rounding;
     S => Solve LP; T => Evaluate node; U => Unbounded; X => User solution; Y => HiGHS solution;
     Z => ZI Round; l => Trivial lower; p => Trivial point; u => Trivial upper; z => Trivial zero

        Nodes      |    B&B Tree     |            Objective Bounds              |  Dynamic Constraints |       Work      
Src  Proc. InQueue |  Leaves   Expl. | BestBound       BestSol              Gap |   Cuts   InLp Confl. | LpIters     Time

         0       0         0   0.00%   -31.84390917    inf                  inf        0      0      0         0     5.6s
         0       0         0   0.00%   133.110957      inf                  inf        0      0      3     13801     6.4s
         0       0         0   0.00%   133.1122203     inf                  inf     4002   1221      9     15971     7.5s
         0       0         0   0.00%   133.1130466     inf                  inf     5986   2280    182     17497     9.3s
         0       0         0   0.00%   133.1130466     inf                  inf     8181   2739    194     18254    10.6s
         0       0         0   0.00%   133.1130466     inf                  inf     9818   2948    204     18614    11.6s
         0       0         0   0.00%   133.1130466     inf                  inf    10782   2411    216     18719    12.7s
 L       0       0         0   0.00%   133.1130466     133.1130466        0.00%    10782   2411    216     18719    17.9s
         1       0         1 100.00%   133.1130466     133.1130466        0.00%    10782   2411    216     22341    17.9s

Solving report
  Status            Optimal
  Primal bound      133.11304663
  Dual bound        133.11304663
  Gap               0% (tolerance: 0.5%)
  P-D integral      0
  Solution status   feasible
                    133.11304663 (objective)
                    0 (bound viol.)
                    5.3290705182e-15 (int. viol.)
                    0 (row viol.)
  Timing            17.91
  Max sub-MIP depth 3
  Nodes             1
  Repair LPs        0
  LP iterations     22341
                    0 (strong br.)
                    4918 (separation)
                    3622 (heuristics)
MIP has 98120 rows; 86024 cols; 247304 nonzeros; 10752 integer variables (10752 binary)
Coefficient ranges:
  Matrix  [2e-01, 3e+00]
  Cost    [1e-02, 6e-02]
  Bound   [1e+00, 1e+00]
  RHS     [2e-03, 5e+00]
Presolving model
68994 rows, 72480 cols, 191944 nonzeros 0s
59263 rows, 59390 cols, 153441 nonzeros 1s
42585 rows, 49503 cols, 124334 nonzeros 2s
35008 rows, 42937 cols, 105669 nonzeros 2s
27018 rows, 36162 cols, 85760 nonzeros 3s
24604 rows, 33995 cols, 80010 nonzeros 4s
Presolve reductions: rows 24604(-73516); columns 33995(-52029); nonzeros 80010(-167294) 

Solving MIP model with:
   24604 rows
   33995 cols (3302 binary, 0 integer, 0 implied int., 30693 continuous, 0 domain fixed)
   80010 nonzeros

Src: B => Branching; C => Central rounding; F => Feasibility pump; H => Heuristic;
     I => Shifting; J => Feasibility jump; L => Sub-MIP; P => Empty MIP; R => Randomized rounding;
     S => Solve LP; T => Evaluate node; U => Unbounded; X => User solution; Y => HiGHS solution;
     Z => ZI Round; l => Trivial lower; p => Trivial point; u => Trivial upper; z => Trivial zero

        Nodes      |    B&B Tree     |            Objective Bounds              |  Dynamic Constraints |       Work      
Src  Proc. InQueue |  Leaves   Expl. | BestBound       BestSol              Gap |   Cuts   InLp Confl. | LpIters     Time

         0       0         0   0.00%   -42.73499052    inf                  inf        0      0      0         0     5.8s
         0       0         0   0.00%   141.0818616     inf                  inf        0      0      3     15367     6.6s
         0       0         0   0.00%   141.0818616     inf                  inf     4108   1256     12     17574     7.9s
         0       0         0   0.00%   141.0818616     inf                  inf     5158   2114     21     18747     8.9s
         0       0         0   0.00%   141.0818616     inf                  inf     6603   2381    162     19225    10.2s
         0       0         0   0.00%   141.0818616     inf                  inf     8192   2755    175     19937    11.4s
         0       0         0   0.00%   141.0818616     inf                  inf     9874   2952    184     20327    12.7s
         0       0         0   0.00%   141.0818616     inf                  inf    10907   2399    192     20494    14.2s
 L       0       0         0   0.00%   141.0818616     141.0818616        0.00%    10907   2399    192     20494    18.0s
         1       0         1 100.00%   141.0818616     141.0818616        0.00%    10907   2399    192     24208    18.0s

Solving report
  Status            Optimal
  Primal bound      141.081861631
  Dual bound        141.081861631
  Gap               0% (tolerance: 0.5%)
  P-D integral      5.58970772119e-17
  Solution status   feasible
                    141.081861631 (objective)
                    0 (bound viol.)
                    5.55111512313e-16 (int. viol.)
                    0 (row viol.)
  Timing            18.03
  Max sub-MIP depth 2
  Nodes             1
  Repair LPs        0
  LP iterations     24208
                    0 (strong br.)
                    5127 (separation)
                    3714 (heuristics)
MIP has 98128 rows; 86024 cols; 247312 nonzeros; 10752 integer variables (10752 binary)
Coefficient ranges:
  Matrix  [2e-01, 3e+00]
  Cost    [1e-02, 6e-02]
  Bound   [1e+00, 1e+00]
  RHS     [2e-03, 5e+00]
Presolving model
68985 rows, 72464 cols, 191904 nonzeros 0s
59420 rows, 59562 cols, 153885 nonzeros 1s
42765 rows, 49625 cols, 124780 nonzeros 2s
35154 rows, 43127 cols, 106000 nonzeros 2s
29510 rows, 36850 cols, 87978 nonzeros 3s
24583 rows, 33974 cols, 79956 nonzeros 4s
Presolve reductions: rows 24583(-73545); columns 33974(-52050); nonzeros 79956(-167356) 

Solving MIP model with:
   24583 rows
   33974 cols (3302 binary, 0 integer, 0 implied int., 30672 continuous, 0 domain fixed)
   79956 nonzeros

Src: B => Branching; C => Central rounding; F => Feasibility pump; H => Heuristic;
     I => Shifting; J => Feasibility jump; L => Sub-MIP; P => Empty MIP; R => Randomized rounding;
     S => Solve LP; T => Evaluate node; U => Unbounded; X => User solution; Y => HiGHS solution;
     Z => ZI Round; l => Trivial lower; p => Trivial point; u => Trivial upper; z => Trivial zero

        Nodes      |    B&B Tree     |            Objective Bounds              |  Dynamic Constraints |       Work      
Src  Proc. InQueue |  Leaves   Expl. | BestBound       BestSol              Gap |   Cuts   InLp Confl. | LpIters     Time

         0       0         0   0.00%   -43.47663745    inf                  inf        0      0      0         0     5.3s
         0       0         0   0.00%   143.8627518     inf                  inf        0      0      3     15485     6.3s
         0       0         0   0.00%   143.8627518     inf                  inf     4210   1352      9     17787     7.7s
         0       0         0   0.00%   143.8627518     inf                  inf     5320   2254     15     18931     8.7s
         0       0         0   0.00%   143.8627518     inf                  inf     6806   2528    167     19417    10.1s
         0       0         0   0.00%   143.8627518     inf                  inf     8167   2754    179     19835    11.4s
         0       0         0   0.00%   143.8627518     inf                  inf     9682   2986    188     20163    12.7s
         0       0         0   0.00%   143.8627518     inf                  inf    10527   3056    197     20296    13.7s
 L       0       0         0   0.00%   143.8627518     143.8627518        0.00%    10858   2377    199     20349    18.8s
         1       0         1 100.00%   143.8627518     143.8627518        0.00%    10858   2377    199     23343    18.8s

Solving report
  Status            Optimal
  Primal bound      143.862751794
  Dual bound        143.862751794
  Gap               0% (tolerance: 0.5%)
  P-D integral      1.86607099984e-17
  Solution status   feasible
                    143.862751794 (objective)
                    0 (bound viol.)
                    4.4408920985e-16 (int. viol.)
                    0 (row viol.)
  Timing            18.83
  Max sub-MIP depth 2
  Nodes             1
  Repair LPs        0
  LP iterations     23343
                    0 (strong br.)
                    4864 (separation)
                    2994 (heuristics)
