MIP has 10753 rows; 9409 cols; 25537 nonzeros; 1344 integer variables (1344 binary)
Coefficient ranges:
  Matrix  [2e-01, 1e+00]
  Cost    [1e-02, 6e-02]
  Bound   [1e+00, 1e+00]
  RHS     [3e-18, 2e+00]
WARNING: Problem has some excessively small row bounds
Presolving model
8064 rows, 8544 cols, 21983 nonzeros 0s
6090 rows, 6815 cols, 16768 nonzeros 0s
3984 rows, 4854 cols, 11197 nonzeros 0s
3865 rows, 3445 cols, 7785 nonzeros 0s
1710 rows, 2546 cols, 5119 nonzeros 0s
1480 rows, 1812 cols, 3216 nonzeros 0s
362 rows, 1320 cols, 1781 nonzeros 0s
226 rows, 1184 cols, 1509 nonzeros 0s
173 rows, 1090 cols, 1362 nonzeros 0s
Presolve reductions: rows 173(-10580); columns 1090(-8319); nonzeros 1362(-24175) 

Solving MIP model with:
   173 rows
   1090 cols (25 binary, 0 integer, 0 implied int., 1065 continuous, 0 domain fixed)
   1362 nonzeros

Src: B => Branching; C => Central rounding; F => Feasibility pump; H => Heuristic;
     I => Shifting; J => Feasibility jump; L => Sub-MIP; P => Empty MIP; R => Randomized rounding;
     S => Solve LP; T => Evaluate node; U => Unbounded; X => User solution; Y => HiGHS solution;
     Z => ZI Round; l => Trivial lower; p => Trivial point; u => Trivial upper; z => Trivial zero

        Nodes      |    B&B Tree     |            Objective Bounds              |  Dynamic Constraints |       Work      
Src  Proc. InQueue |  Leaves   Expl. | BestBound       BestSol              Gap |   Cuts   InLp Confl. | LpIters     Time

 J       0       0         0   0.00%   -inf            2.117840612        Large        0      0      0         0     0.4s
 T       0       0         0   0.00%   -0.1550394953   1.666720132      109.30%        0      0      0        86     0.4s
         1       0         1 100.00%   1.666720132     1.666720132        0.00%        0      0      0        86     0.4s

Solving report
  Status            Optimal
  Primal bound      1.66672013223
  Dual bound        1.66672013223
  Gap               0% (tolerance: 0.5%)
  P-D integral      0.00895676474639
  Solution status   feasible
                    1.66672013223 (objective)
                    0 (bound viol.)
                    0 (int. viol.)
                    0 (row viol.)
  Timing            0.40
  Max sub-MIP depth 0
  Nodes             1
  Repair LPs        0
  LP iterations     86
                    0 (strong br.)
                    0 (separation)
                    0 (heuristics)
MIP has 10753 rows; 9409 cols; 25537 nonzeros; 1344 integer variables (1344 binary)
Coefficient ranges:
  Matrix  [2e-01, 1e+00]
  Cost    [1e-02, 6e-02]
  Bound   [1e+00, 1e+00]
  RHS     [3e-18, 2e+00]
WARNING: Problem has some excessively small row bounds
Presolving model
8064 rows, 8523 cols, 21962 nonzeros 0s
6085 rows, 6787 cols, 16731 nonzeros 0s
3998 rows, 4856 cols, 11225 nonzeros 0s
3889 rows, 3455 cols, 7816 nonzeros 0s
1774 rows, 2606 cols, 5275 nonzeros 0s
1538 rows, 1830 cols, 3246 nonzeros 0s
364 rows, 1293 cols, 1748 nonzeros 0s
220 rows, 1123 cols, 1434 nonzeros 0s
166 rows, 967 cols, 1224 nonzeros 0s
163 rows, 846 cols, 1100 nonzeros 0s
Presolve reductions: rows 163(-10590); columns 846(-8563); nonzeros 1100(-24437) 

Solving MIP model with:
   163 rows
   846 cols (23 binary, 0 integer, 0 implied int., 823 continuous, 0 domain fixed)
   1100 nonzeros

Src: B => Branching; C => Central rounding; F => Feasibility pump; H => Heuristic;
     I => Shifting; J => Feasibility jump; L => Sub-MIP; P => Empty MIP; R => Randomized rounding;
     S => Solve LP; T => Evaluate node; U => Unbounded; X => User solution; Y => HiGHS solution;
     Z => ZI Round; l => Trivial lower; p => Trivial point; u => Trivial upper; z => Trivial zero

        Nodes      |    B&B Tree     |            Objective Bounds              |  Dynamic Constraints |       Work      
Src  Proc. InQueue |  Leaves   Expl. | BestBound       BestSol              Gap |   Cuts   InLp Confl. | LpIters     Time

 J       0       0         0   0.00%   -inf            3.369016733        Large        0      0      0         0     0.4s
 T       0       0         0   0.00%   0.0503206267    2.952374914       98.30%        0      0      0        61     0.4s
         1       0         1 100.00%   2.952374914     2.952374914        0.00%        0      0      0        61     0.4s

Solving report
  Status            Optimal
  Primal bound      2.95237491412
  Dual bound        2.95237491412
  Gap               0% (tolerance: 0.5%)
  P-D integral      0.00599342169427
  Solution status   feasible
                    2.95237491412 (objective)
                    0 (bound viol.)
                    0 (int. viol.)
                    0 (row viol.)
  Timing            0.43
  Max sub-MIP depth 0
  Nodes             1
  Repair LPs        0
  LP iterations     61
                    0 (strong br.)
                    0 (separation)
                    0 (heuristics)
MIP has 10753 rows; 9409 cols; 25537 nonzeros; 1344 integer variables (1344 binary)
Coefficient ranges:
  Matrix  [2e-01, 1e+00]
  Cost    [1e-02, 6e-02]
  Bound   [1e+00, 1e+00]
  RHS     [8e-17, 2e+00]
WARNING: Problem has some excessively small row bounds
Presolving model
8064 rows, 8504 cols, 21943 nonzeros 0s
6132 rows, 6832 cols, 16855 nonzeros 0s
4060 rows, 4925 cols, 11392 nonzeros 0s
3953 rows, 3537 cols, 8001 nonzeros 0s
1825 rows, 2673 cols, 5421 nonzeros 0s
1594 rows, 1867 cols, 3301 nonzeros 0s
341 rows, 1310 cols, 1718 nonzeros 0s
189 rows, 1131 cols, 1387 nonzeros 0s
130 rows, 940 cols, 1137 nonzeros 0s
118 rows, 764 cols, 949 nonzeros 0s
114 rows, 634 cols, 815 nonzeros 0s
Presolve reductions: rows 114(-10639); columns 634(-8775); nonzeros 815(-24722) 

Solving MIP model with:
   114 rows
   634 cols (17 binary, 0 integer, 0 implied int., 617 continuous, 0 domain fixed)
   815 nonzeros

Src: B => Branching; C => Central rounding; F => Feasibility pump; H => Heuristic;
     I => Shifting; J => Feasibility jump; L => Sub-MIP; P => Empty MIP; R => Randomized rounding;
     S => Solve LP; T => Evaluate node; U => Unbounded; X => User solution; Y => HiGHS solution;
     Z => ZI Round; l => Trivial lower; p => Trivial point; u => Trivial upper; z => Trivial zero

        Nodes      |    B&B Tree     |            Objective Bounds              |  Dynamic Constraints |       Work      
Src  Proc. InQueue |  Leaves   Expl. | BestBound       BestSol              Gap |   Cuts   InLp Confl. | LpIters     Time

 J       0       0         0   0.00%   -inf            3.770760159        Large        0      0      0         0     0.4s
 T       0       0         0   0.00%   1.647213858     3.320152009       50.39%        0      0      0        52     0.4s
         1       0         1 100.00%   3.320152009     3.320152009        0.00%        0      0      0        52     0.4s

Solving report
  Status            Optimal
  Primal bound      3.32015200865
  Dual bound        3.32015200865
  Gap               0% (tolerance: 0.5%)
  P-D integral      0.00303901976423
  Solution status   feasible
                    3.32015200865 (objective)
                    0 (bound viol.)
                    0 (int. viol.)
                    0 (row viol.)
  Timing            0.40
  Max sub-MIP depth 0
  Nodes             1
  Repair LPs        0
  LP iterations     52
                    0 (strong br.)
                    0 (separation)
                    0 (heuristics)
MIP has 10753 rows; 9409 cols; 25537 nonzeros; 1344 integer variables (1344 binary)
Coefficient ranges:
  Matrix  [2e-01, 1e+00]
  Cost    [1e-02, 6e-02]
  Bound   [1e+00, 1e+00]
  RHS     [3e-18, 2e+00]
WARNING: Problem has some excessively small row bounds
Presolving model
8064 rows, 8519 cols, 21958 nonzeros 0s
6100 rows, 6804 cols, 16775 nonzeros 0s
4005 rows, 4867 cols, 11251 nonzeros 0s
3894 rows, 3460 cols, 7843 nonzeros 0s
1747 rows, 2572 cols, 5206 nonzeros 0s
1514 rows, 1802 cols, 3204 nonzeros 0s
344 rows, 1177 cols, 1608 nonzeros 0s
204 rows, 977 cols, 1268 nonzeros 0s
150 rows, 839 cols, 1076 nonzeros 0s
145 rows, 721 cols, 953 nonzeros 0s
Presolve reductions: rows 145(-10608); columns 721(-8688); nonzeros 953(-24584) 

Solving MIP model with:
   145 rows
   721 cols (22 binary, 0 integer, 0 implied int., 699 continuous, 0 domain fixed)
   953 nonzeros

Src: B => Branching; C => Central rounding; F => Feasibility pump; H => Heuristic;
     I => Shifting; J => Feasibility jump; L => Sub-MIP; P => Empty MIP; R => Randomized rounding;
     S => Solve LP; T => Evaluate node; U => Unbounded; X => User solution; Y => HiGHS solution;
     Z => ZI Round; l => Trivial lower; p => Trivial point; u => Trivial upper; z => Trivial zero

        Nodes      |    B&B Tree     |            Objective Bounds              |  Dynamic Constraints |       Work      
Src  Proc. InQueue |  Leaves   Expl. | BestBound       BestSol              Gap |   Cuts   InLp Confl. | LpIters     Time

 J       0       0         0   0.00%   -inf            2.52294114         Large        0      0      0         0     0.4s
 T       0       0         0   0.00%   0.5449530028    2.089233305       73.92%        0      0      0        60     0.4s
         1       0         1 100.00%   2.089233305     2.089233305        0.00%        0      0      0        60     0.4s

Solving report
  Status            Optimal
  Primal bound      2.08923330503
  Dual bound        2.08923330503
  Gap               0% (tolerance: 0.5%)
  P-D integral      0.00442880802413
  Solution status   feasible
                    2.08923330503 (objective)
                    0 (bound viol.)
                    0 (int. viol.)
                    0 (row viol.)
  Timing            0.40
  Max sub-MIP depth 0
  Nodes             1
  Repair LPs        0
  LP iterations     60
                    0 (strong br.)
                    0 (separation)
                    0 (heuristics)
MIP has 10753 rows; 9409 cols; 25537 nonzeros; 1344 integer variables (1344 binary)
Coefficient ranges:
  Matrix  [2e-01, 1e+00]
  Cost    [1e-02, 6e-02]
  Bound   [1e+00, 1e+00]
  RHS     [3e-18, 2e+00]
WARNING: Problem has some excessively small row bounds
Presolving model
8064 rows, 8509 cols, 21948 nonzeros 0s
6114 rows, 6815 cols, 16812 nonzeros 0s
4043 rows, 4902 cols, 11344 nonzeros 0s
3932 rows, 3502 cols, 7949 nonzeros 0s
1774 rows, 2600 cols, 5273 nonzeros 0s
1534 rows, 1828 cols, 3265 nonzeros 0s
369 rows, 1327 cols, 1799 nonzeros 0s
225 rows, 1169 cols, 1497 nonzeros 0s
176 rows, 1056 cols, 1335 nonzeros 0s
Presolve reductions: rows 176(-10577); columns 1056(-8353); nonzeros 1335(-24202) 

Solving MIP model with:
   176 rows
   1056 cols (26 binary, 0 integer, 0 implied int., 1030 continuous, 0 domain fixed)
   1335 nonzeros

Src: B => Branching; C => Central rounding; F => Feasibility pump; H => Heuristic;
     I => Shifting; J => Feasibility jump; L => Sub-MIP; P => Empty MIP; R => Randomized rounding;
     S => Solve LP; T => Evaluate node; U => Unbounded; X => User solution; Y => HiGHS solution;
     Z => ZI Round; l => Trivial lower; p => Trivial point; u => Trivial upper; z => Trivial zero

        Nodes      |    B&B Tree     |            Objective Bounds              |  Dynamic Constraints |       Work      
Src  Proc. InQueue |  Leaves   Expl. | BestBound       BestSol              Gap |   Cuts   InLp Confl. | LpIters     Time

 J       0       0         0   0.00%   -inf            1.375074158        Large        0      0      0         0     0.4s
 T       0       0         0   0.00%   -0.115563604    1.037612454      111.14%        0      0      0        64     0.4s
         1       0         1 100.00%   1.037612454     1.037612454        0.00%        0      0      0        64     0.4s

Solving report
  Status            Optimal
  Primal bound      1.03761245431
  Dual bound        1.03761245431
  Gap               0% (tolerance: 0.5%)
  P-D integral      0.00815347882161
  Solution status   feasible
                    1.03761245431 (objective)
                    0 (bound viol.)
                    0 (int. viol.)
                    0 (row viol.)
  Timing            0.38
  Max sub-MIP depth 0
  Nodes             1
  Repair LPs        0
  LP iterations     64
                    0 (strong br.)
                    0 (separation)
                    0 (heuristics)
MIP has 10753 rows; 9409 cols; 25537 nonzeros; 1344 integer variables (1344 binary)
Coefficient ranges:
  Matrix  [2e-01, 1e+00]
  Cost    [1e-02, 6e-02]
  Bound   [1e+00, 1e+00]
  RHS     [1e-17, 2e+00]
WARNING: Problem has some excessively small row bounds
Presolving model
8064 rows, 8524 cols, 21963 nonzeros 0s
6091 rows, 6801 cols, 16759 nonzeros 0s
3981 rows, 4842 cols, 11183 nonzeros 0s
3836 rows, 3391 cols, 7684 nonzeros 0s
1704 rows, 2512 cols, 5075 nonzeros 0s
1458 rows, 1788 cols, 3204 nonzeros 0s
414 rows, 1344 cols, 1905 nonzeros 0s
284 rows, 1207 cols, 1638 nonzeros 0s
236 rows, 1066 cols, 1449 nonzeros 0s
Presolve reductions: rows 236(-10517); columns 1066(-8343); nonzeros 1449(-24088) 

Solving MIP model with:
   236 rows
   1066 cols (37 binary, 0 integer, 0 implied int., 1029 continuous, 0 domain fixed)
   1449 nonzeros

Src: B => Branching; C => Central rounding; F => Feasibility pump; H => Heuristic;
     I => Shifting; J => Feasibility jump; L => Sub-MIP; P => Empty MIP; R => Randomized rounding;
     S => Solve LP; T => Evaluate node; U => Unbounded; X => User solution; Y => HiGHS solution;
     Z => ZI Round; l => Trivial lower; p => Trivial point; u => Trivial upper; z => Trivial zero

        Nodes      |    B&B Tree     |            Objective Bounds              |  Dynamic Constraints |       Work      
Src  Proc. InQueue |  Leaves   Expl. | BestBound       BestSol              Gap |   Cuts   InLp Confl. | LpIters     Time

 J       0       0         0   0.00%   -inf            1.323422543        Large        0      0      0         0     0.4s
 T       0       0         0   0.00%   -0.2527316249   0.5785929229     143.68%        0      0      0        97     0.4s
         1       0         1 100.00%   0.5785929229    0.5785929229       0.00%        0      0      0        97     0.4s

Solving report
  Status            Optimal
  Primal bound      0.578592922941
  Dual bound        0.578592922941
  Gap               0% (tolerance: 0.5%)
  P-D integral      0.00911583147157
  Solution status   feasible
                    0.578592922941 (objective)
                    0 (bound viol.)
                    0 (int. viol.)
                    0 (row viol.)
  Timing            0.42
  Max sub-MIP depth 0
  Nodes             1
  Repair LPs        0
  LP iterations     97
                    0 (strong br.)
                    0 (separation)
                    0 (heuristics)
MIP has 10753 rows; 9409 cols; 25537 nonzeros; 1344 integer variables (1344 binary)
Coefficient ranges:
  Matrix  [2e-01, 1e+00]
  Cost    [1e-02, 6e-02]
  Bound   [1e+00, 1e+00]
  RHS     [7e-18, 2e+00]
WARNING: Problem has some excessively small row bounds
Presolving model
8064 rows, 8542 cols, 21981 nonzeros 0s
6095 rows, 6821 cols, 16783 nonzeros 0s
4016 rows, 4899 cols, 11298 nonzeros 0s
3897 rows, 3489 cols, 7882 nonzeros 0s
1751 rows, 2601 cols, 5243 nonzeros 0s
1510 rows, 1899 cols, 3442 nonzeros 0s
486 rows, 1440 cols, 2117 nonzeros 0s
336 rows, 1270 cols, 1797 nonzeros 0s
315 rows, 1118 cols, 1624 nonzeros 0s
Presolve reductions: rows 315(-10438); columns 1118(-8291); nonzeros 1624(-23913) 

Solving MIP model with:
   315 rows
   1118 cols (48 binary, 0 integer, 0 implied int., 1070 continuous, 0 domain fixed)
   1624 nonzeros

Src: B => Branching; C => Central rounding; F => Feasibility pump; H => Heuristic;
     I => Shifting; J => Feasibility jump; L => Sub-MIP; P => Empty MIP; R => Randomized rounding;
     S => Solve LP; T => Evaluate node; U => Unbounded; X => User solution; Y => HiGHS solution;
     Z => ZI Round; l => Trivial lower; p => Trivial point; u => Trivial upper; z => Trivial zero

        Nodes      |    B&B Tree     |            Objective Bounds              |  Dynamic Constraints |       Work      
Src  Proc. InQueue |  Leaves   Expl. | BestBound       BestSol              Gap |   Cuts   InLp Confl. | LpIters     Time

 J       0       0         0   0.00%   -inf            1.920848735        Large        0      0      0         0     0.4s
 T       0       0         0   0.00%   -0.5274992242   0.6431355571     182.02%        0      0      0       127     0.4s
         1       0         1 100.00%   0.6431355571    0.6431355571       0.00%        0      0      0       127     0.4s

Solving report
  Status            Optimal
  Primal bound      0.643135557127
  Dual bound        0.643135557127
  Gap               0% (tolerance: 0.5%)
  P-D integral      0.0112747401093
  Solution status   feasible
                    0.643135557127 (objective)
                    0 (bound viol.)
                    0 (int. viol.)
                    0 (row viol.)
  Timing            0.38
  Max sub-MIP depth 0
  Nodes             1
  Repair LPs        0
  LP iterations     127
                    0 (strong br.)
                    0 (separation)
                    0 (heuristics)
MIP has 10753 rows; 9409 cols; 25537 nonzeros; 1344 integer variables (1344 binary)
Coefficient ranges:
  Matrix  [2e-01, 1e+00]
  Cost    [1e-02, 6e-02]
  Bound   [1e+00, 1e+00]
  RHS     [7e-18, 2e+00]
WARNING: Problem has some excessively small row bounds
Presolving model
8064 rows, 8565 cols, 22004 nonzeros 0s
6097 rows, 6846 cols, 16810 nonzeros 0s
3966 rows, 4857 cols, 11182 nonzeros 0s
3844 rows, 3416 cols, 7741 nonzeros 0s
1692 rows, 2516 cols, 5067 nonzeros 0s
1442 rows, 1853 cols, 3383 nonzeros 0s
528 rows, 1450 cols, 2213 nonzeros 0s
381 rows, 1298 cols, 1914 nonzeros 0s
379 rows, 1231 cols, 1845 nonzeros 0s
Presolve reductions: rows 379(-10374); columns 1231(-8178); nonzeros 1845(-23692) 

Solving MIP model with:
   379 rows
   1231 cols (59 binary, 0 integer, 0 implied int., 1172 continuous, 0 domain fixed)
   1845 nonzeros

Src: B => Branching; C => Central rounding; F => Feasibility pump; H => Heuristic;
     I => Shifting; J => Feasibility jump; L => Sub-MIP; P => Empty MIP; R => Randomized rounding;
     S => Solve LP; T => Evaluate node; U => Unbounded; X => User solution; Y => HiGHS solution;
     Z => ZI Round; l => Trivial lower; p => Trivial point; u => Trivial upper; z => Trivial zero

        Nodes      |    B&B Tree     |            Objective Bounds              |  Dynamic Constraints |       Work      
Src  Proc. InQueue |  Leaves   Expl. | BestBound       BestSol              Gap |   Cuts   InLp Confl. | LpIters     Time

 J       0       0         0   0.00%   -inf            1.569743492        Large        0      0      0         0     0.5s
 T       0       0         0   0.00%   -0.8122853706   0.106221672      864.71%        0      0      0       151     0.5s
         1       0         1 100.00%   0.106221672     0.106221672        0.00%        0      0      0       151     0.5s

Solving report
  Status            Optimal
  Primal bound      0.106221672015
  Dual bound        0.106221672015
  Gap               0% (tolerance: 0.5%)
  P-D integral      0.0146558480587
  Solution status   feasible
                    0.106221672015 (objective)
                    0 (bound viol.)
                    0 (int. viol.)
                    0 (row viol.)
  Timing            0.47
  Max sub-MIP depth 0
  Nodes             1
  Repair LPs        0
  LP iterations     151
                    0 (strong br.)
                    0 (separation)
                    0 (heuristics)
MIP has 10753 rows; 9409 cols; 25537 nonzeros; 1344 integer variables (1344 binary)
Coefficient ranges:
  Matrix  [2e-01, 1e+00]
  Cost    [1e-02, 6e-02]
  Bound   [1e+00, 1e+00]
  RHS     [7e-18, 2e+00]
WARNING: Problem has some excessively small row bounds
Presolving model
8064 rows, 8535 cols, 21974 nonzeros 0s
6109 rows, 6835 cols, 16823 nonzeros 0s
4002 rows, 4876 cols, 11261 nonzeros 0s
3885 rows, 3447 cols, 7825 nonzeros 0s
1741 rows, 2563 cols, 5195 nonzeros 0s
1501 rows, 1885 cols, 3455 nonzeros 0s
543 rows, 1475 cols, 2253 nonzeros 0s
394 rows, 1315 cols, 1944 nonzeros 0s
386 rows, 1302 cols, 1923 nonzeros 0s
Presolve reductions: rows 386(-10367); columns 1302(-8107); nonzeros 1923(-23614) 

Solving MIP model with:
   386 rows
   1302 cols (59 binary, 0 integer, 0 implied int., 1243 continuous, 0 domain fixed)
   1923 nonzeros

Src: B => Branching; C => Central rounding; F => Feasibility pump; H => Heuristic;
     I => Shifting; J => Feasibility jump; L => Sub-MIP; P => Empty MIP; R => Randomized rounding;
     S => Solve LP; T => Evaluate node; U => Unbounded; X => User solution; Y => HiGHS solution;
     Z => ZI Round; l => Trivial lower; p => Trivial point; u => Trivial upper; z => Trivial zero

        Nodes      |    B&B Tree     |            Objective Bounds              |  Dynamic Constraints |       Work      
Src  Proc. InQueue |  Leaves   Expl. | BestBound       BestSol              Gap |   Cuts   InLp Confl. | LpIters     Time

 J       0       0         0   0.00%   -inf            1.55100675         Large        0      0      0         0     0.4s
 T       0       0         0   0.00%   -0.8136117495   0.0238854593    3506.31%        0      0      0       161     0.4s
         1       0         1 100.00%   0.0238854593    0.0238854593       0.00%        0      0      0       161     0.4s

Solving report
  Status            Optimal
  Primal bound      0.0238854592814
  Dual bound        0.0238854592814
  Gap               0% (tolerance: 0.5%)
  P-D integral      0.0176022324605
  Solution status   feasible
                    0.0238854592814 (objective)
                    0 (bound viol.)
                    0 (int. viol.)
                    0 (row viol.)
  Timing            0.39
  Max sub-MIP depth 0
  Nodes             1
  Repair LPs        0
  LP iterations     161
                    0 (strong br.)
                    0 (separation)
                    0 (heuristics)
MIP has 10753 rows; 9409 cols; 25537 nonzeros; 1344 integer variables (1344 binary)
Coefficient ranges:
  Matrix  [2e-01, 1e+00]
  Cost    [1e-02, 6e-02]
  Bound   [1e+00, 1e+00]
  RHS     [1e-17, 2e+00]
WARNING: Problem has some excessively small row bounds
Presolving model
8064 rows, 8475 cols, 21914 nonzeros 0s
6177 rows, 6865 cols, 16968 nonzeros 0s
4095 rows, 4946 cols, 11487 nonzeros 0s
3988 rows, 3547 cols, 8073 nonzeros 0s
1892 rows, 2723 cols, 5599 nonzeros 0s
1666 rows, 2009 cols, 3738 nonzeros 0s
612 rows, 1569 cols, 2441 nonzeros 0s
445 rows, 1395 cols, 2100 nonzeros 0s
443 rows, 1393 cols, 2096 nonzeros 0s
Presolve reductions: rows 443(-10310); columns 1393(-8016); nonzeros 2096(-23441) 

Solving MIP model with:
   443 rows
   1393 cols (66 binary, 0 integer, 0 implied int., 1327 continuous, 0 domain fixed)
   2096 nonzeros

Src: B => Branching; C => Central rounding; F => Feasibility pump; H => Heuristic;
     I => Shifting; J => Feasibility jump; L => Sub-MIP; P => Empty MIP; R => Randomized rounding;
     S => Solve LP; T => Evaluate node; U => Unbounded; X => User solution; Y => HiGHS solution;
     Z => ZI Round; l => Trivial lower; p => Trivial point; u => Trivial upper; z => Trivial zero

        Nodes      |    B&B Tree     |            Objective Bounds              |  Dynamic Constraints |       Work      
Src  Proc. InQueue |  Leaves   Expl. | BestBound       BestSol              Gap |   Cuts   InLp Confl. | LpIters     Time

 J       0       0         0   0.00%   -inf            1.253617202        Large        0      0      0         0     0.4s
 T       0       0         0   0.00%   -0.9362210729   -0.2241153197    317.74%        0      0      0       194     0.4s
         1       0         1 100.00%   -0.2241153197   -0.2241153197      0.00%        0      0      0       194     0.4s

Solving report
  Status            Optimal
  Primal bound      -0.224115319696
  Dual bound        -0.224115319696
  Gap               0% (tolerance: 0.5%)
  P-D integral      0.019296277583
  Solution status   feasible
                    -0.224115319696 (objective)
                    0 (bound viol.)
                    0 (int. viol.)
                    0 (row viol.)
  Timing            0.44
  Max sub-MIP depth 0
  Nodes             1
  Repair LPs        0
  LP iterations     194
                    0 (strong br.)
                    0 (separation)
                    0 (heuristics)
MIP has 10753 rows; 9409 cols; 25537 nonzeros; 1344 integer variables (1344 binary)
Coefficient ranges:
  Matrix  [2e-01, 1e+00]
  Cost    [1e-02, 6e-02]
  Bound   [1e+00, 1e+00]
  RHS     [1e-17, 2e+00]
WARNING: Problem has some excessively small row bounds
Presolving model
8064 rows, 8485 cols, 21924 nonzeros 0s
6137 rows, 6823 cols, 16857 nonzeros 0s
4081 rows, 4935 cols, 11447 nonzeros 0s
3976 rows, 3552 cols, 8045 nonzeros 0s
1885 rows, 2737 cols, 5595 nonzeros 0s
1645 rows, 2066 cols, 3862 nonzeros 0s
726 rows, 1695 cols, 2766 nonzeros 0s
578 rows, 1541 cols, 2464 nonzeros 0s
Presolve reductions: rows 578(-10175); columns 1541(-7868); nonzeros 2464(-23073) 

Solving MIP model with:
   578 rows
   1541 cols (88 binary, 0 integer, 0 implied int., 1453 continuous, 0 domain fixed)
   2464 nonzeros

Src: B => Branching; C => Central rounding; F => Feasibility pump; H => Heuristic;
     I => Shifting; J => Feasibility jump; L => Sub-MIP; P => Empty MIP; R => Randomized rounding;
     S => Solve LP; T => Evaluate node; U => Unbounded; X => User solution; Y => HiGHS solution;
     Z => ZI Round; l => Trivial lower; p => Trivial point; u => Trivial upper; z => Trivial zero

        Nodes      |    B&B Tree     |            Objective Bounds              |  Dynamic Constraints |       Work      
Src  Proc. InQueue |  Leaves   Expl. | BestBound       BestSol              Gap |   Cuts   InLp Confl. | LpIters     Time

 J       0       0         0   0.00%   -inf            0.9014785954       Large        0      0      0         0     0.4s
 T       0       0         0   0.00%   -1.300658408    -0.6650720844     95.57%        0      0      0       252     0.4s
         1       0         1 100.00%   -0.6650720844   -0.6650720844      0.00%        0      0      0       252     0.4s

Solving report
  Status            Optimal
  Primal bound      -0.665072084428
  Dual bound        -0.665072084428
  Gap               0% (tolerance: 0.5%)
  P-D integral      0.0308542909872
  Solution status   feasible
                    -0.665072084428 (objective)
                    0 (bound viol.)
                    0 (int. viol.)
                    0 (row viol.)
  Timing            0.41
  Max sub-MIP depth 0
  Nodes             1
  Repair LPs        0
  LP iterations     252
                    0 (strong br.)
                    0 (separation)
                    0 (heuristics)
MIP has 10753 rows; 9409 cols; 25537 nonzeros; 1344 integer variables (1344 binary)
Coefficient ranges:
  Matrix  [2e-01, 1e+00]
  Cost    [1e-02, 6e-02]
  Bound   [1e+00, 1e+00]
  RHS     [1e-17, 2e+00]
WARNING: Problem has some excessively small row bounds
Presolving model
8064 rows, 8527 cols, 21966 nonzeros 0s
6113 rows, 6831 cols, 16826 nonzeros 0s
4026 rows, 4902 cols, 11328 nonzeros 0s
3913 rows, 3488 cols, 7896 nonzeros 0s
1805 rows, 2650 cols, 5383 nonzeros 0s
1563 rows, 2000 cols, 3729 nonzeros 0s
661 rows, 1604 cols, 2577 nonzeros 0s
519 rows, 1455 cols, 2286 nonzeros 0s
Presolve reductions: rows 519(-10234); columns 1455(-7954); nonzeros 2286(-23251) 

Solving MIP model with:
   519 rows
   1455 cols (79 binary, 0 integer, 0 implied int., 1376 continuous, 0 domain fixed)
   2286 nonzeros

Src: B => Branching; C => Central rounding; F => Feasibility pump; H => Heuristic;
     I => Shifting; J => Feasibility jump; L => Sub-MIP; P => Empty MIP; R => Randomized rounding;
     S => Solve LP; T => Evaluate node; U => Unbounded; X => User solution; Y => HiGHS solution;
     Z => ZI Round; l => Trivial lower; p => Trivial point; u => Trivial upper; z => Trivial zero

        Nodes      |    B&B Tree     |            Objective Bounds              |  Dynamic Constraints |       Work      
Src  Proc. InQueue |  Leaves   Expl. | BestBound       BestSol              Gap |   Cuts   InLp Confl. | LpIters     Time

 J       0       0         0   0.00%   -inf            0.8017797695       Large        0      0      0         0     0.4s
 T       0       0         0   0.00%   -1.154215512    -0.5356234994    115.49%        0      0      0       229     0.4s
         1       0         1 100.00%   -0.5356234994   -0.5356234994      0.00%        0      0      0       229     0.4s

Solving report
  Status            Optimal
  Primal bound      -0.53562349935
  Dual bound        -0.53562349935
  Gap               0% (tolerance: 0.5%)
  P-D integral      0.0292603532539
  Solution status   feasible
                    -0.53562349935 (objective)
                    0 (bound viol.)
                    0 (int. viol.)
                    0 (row viol.)
  Timing            0.38
  Max sub-MIP depth 0
  Nodes             1
  Repair LPs        0
  LP iterations     229
                    0 (strong br.)
                    0 (separation)
                    0 (heuristics)
MIP has 10753 rows; 9409 cols; 25537 nonzeros; 1344 integer variables (1344 binary)
Coefficient ranges:
  Matrix  [2e-01, 1e+00]
  Cost    [1e-02, 6e-02]
  Bound   [1e+00, 1e+00]
  RHS     [6e-17, 2e+00]
WARNING: Problem has some excessively small row bounds
Presolving model
8064 rows, 8497 cols, 21936 nonzeros 0s
6157 rows, 6863 cols, 16935 nonzeros 0s
4081 rows, 4951 cols, 11475 nonzeros 0s
3974 rows, 3545 cols, 8063 nonzeros 0s
1850 rows, 2687 cols, 5500 nonzeros 0s
1615 rows, 2001 cols, 3733 nonzeros 0s
629 rows, 1579 cols, 2495 nonzeros 0s
471 rows, 1419 cols, 2177 nonzeros 0s
Presolve reductions: rows 471(-10282); columns 1419(-7990); nonzeros 2177(-23360) 

Solving MIP model with:
   471 rows
   1419 cols (72 binary, 0 integer, 0 implied int., 1347 continuous, 0 domain fixed)
   2177 nonzeros

Src: B => Branching; C => Central rounding; F => Feasibility pump; H => Heuristic;
     I => Shifting; J => Feasibility jump; L => Sub-MIP; P => Empty MIP; R => Randomized rounding;
     S => Solve LP; T => Evaluate node; U => Unbounded; X => User solution; Y => HiGHS solution;
     Z => ZI Round; l => Trivial lower; p => Trivial point; u => Trivial upper; z => Trivial zero

        Nodes      |    B&B Tree     |            Objective Bounds              |  Dynamic Constraints |       Work      
Src  Proc. InQueue |  Leaves   Expl. | BestBound       BestSol              Gap |   Cuts   InLp Confl. | LpIters     Time

 J       0       0         0   0.00%   -inf            1.223071644        Large        0      0      0         0     0.4s
 T       0       0         0   0.00%   -1.036138308    -0.3447934642    200.51%        0      0      0       201     0.4s
         1       0         1 100.00%   -0.3447934642   -0.3447934642      0.00%        0      0      0       201     0.4s

Solving report
  Status            Optimal
  Primal bound      -0.34479346422
  Dual bound        -0.34479346422
  Gap               0% (tolerance: 0.5%)
  P-D integral      0.0206592146544
  Solution status   feasible
                    -0.34479346422 (objective)
                    0 (bound viol.)
                    0 (int. viol.)
                    0 (row viol.)
  Timing            0.40
  Max sub-MIP depth 0
  Nodes             1
  Repair LPs        0
  LP iterations     201
                    0 (strong br.)
                    0 (separation)
                    0 (heuristics)
MIP has 10753 rows; 9409 cols; 25537 nonzeros; 1344 integer variables (1344 binary)
Coefficient ranges:
  Matrix  [2e-01, 1e+00]
  Cost    [1e-02, 6e-02]
  Bound   [1e+00, 1e+00]
  RHS     [6e-17, 2e+00]
WARNING: Problem has some excessively small row bounds
Presolving model
8064 rows, 8592 cols, 22031 nonzeros 0s
6063 rows, 6826 cols, 16732 nonzeros 0s
3949 rows, 4848 cols, 11136 nonzeros 0s
3818 rows, 3403 cols, 7685 nonzeros 0s
1663 rows, 2498 cols, 4996 nonzeros 0s
1400 rows, 1878 cols, 3453 nonzeros 0s
607 rows, 1519 cols, 2417 nonzeros 0s
479 rows, 1387 cols, 2157 nonzeros 0s
Presolve reductions: rows 479(-10274); columns 1387(-8022); nonzeros 2157(-23380) 

Solving MIP model with:
   479 rows
   1387 cols (73 binary, 0 integer, 0 implied int., 1314 continuous, 0 domain fixed)
   2157 nonzeros

Src: B => Branching; C => Central rounding; F => Feasibility pump; H => Heuristic;
     I => Shifting; J => Feasibility jump; L => Sub-MIP; P => Empty MIP; R => Randomized rounding;
     S => Solve LP; T => Evaluate node; U => Unbounded; X => User solution; Y => HiGHS solution;
     Z => ZI Round; l => Trivial lower; p => Trivial point; u => Trivial upper; z => Trivial zero

        Nodes      |    B&B Tree     |            Objective Bounds              |  Dynamic Constraints |       Work      
Src  Proc. InQueue |  Leaves   Expl. | BestBound       BestSol              Gap |   Cuts   InLp Confl. | LpIters     Time

 J       0       0         0   0.00%   -inf            1.004511021        Large        0      0      0         0     0.4s
 T       0       0         0   0.00%   -1.026876367    -0.4043843808    153.94%        0      0      0       205     0.4s
         1       0         1 100.00%   -0.4043843808   -0.4043843808      0.00%        0      0      0       205     0.4s

Solving report
  Status            Optimal
  Primal bound      -0.404384380825
  Dual bound        -0.404384380825
  Gap               0% (tolerance: 0.5%)
  P-D integral      0.0198018197026
  Solution status   feasible
                    -0.404384380825 (objective)
                    0 (bound viol.)
                    0 (int. viol.)
                    0 (row viol.)
  Timing            0.40
  Max sub-MIP depth 0
  Nodes             1
  Repair LPs        0
  LP iterations     205
                    0 (strong br.)
                    0 (separation)
                    0 (heuristics)
MIP has 10753 rows; 9409 cols; 25537 nonzeros; 1344 integer variables (1344 binary)
Coefficient ranges:
  Matrix  [2e-01, 1e+00]
  Cost    [1e-02, 6e-02]
  Bound   [1e+00, 1e+00]
  RHS     [7e-18, 2e+00]
WARNING: Problem has some excessively small row bounds
Presolving model
8064 rows, 8664 cols, 22103 nonzeros 0s
6029 rows, 6853 cols, 16701 nonzeros 0s
3838 rows, 4769 cols, 10874 nonzeros 0s
3708 rows, 3310 cols, 7434 nonzeros 0s
1496 rows, 2332 cols, 4555 nonzeros 0s
1223 rows, 1791 cols, 3246 nonzeros 0s
612 rows, 1508 cols, 2435 nonzeros 0s
518 rows, 1397 cols, 2230 nonzeros 0s
Presolve reductions: rows 518(-10235); columns 1397(-8012); nonzeros 2230(-23307) 

Solving MIP model with:
   518 rows
   1397 cols (79 binary, 0 integer, 0 implied int., 1318 continuous, 0 domain fixed)
   2230 nonzeros

Src: B => Branching; C => Central rounding; F => Feasibility pump; H => Heuristic;
     I => Shifting; J => Feasibility jump; L => Sub-MIP; P => Empty MIP; R => Randomized rounding;
     S => Solve LP; T => Evaluate node; U => Unbounded; X => User solution; Y => HiGHS solution;
     Z => ZI Round; l => Trivial lower; p => Trivial point; u => Trivial upper; z => Trivial zero

        Nodes      |    B&B Tree     |            Objective Bounds              |  Dynamic Constraints |       Work      
Src  Proc. InQueue |  Leaves   Expl. | BestBound       BestSol              Gap |   Cuts   InLp Confl. | LpIters     Time

 J       0       0         0   0.00%   -inf            0.5440894902       Large        0      0      0         0     0.4s
 T       0       0         0   0.00%   -1.117160052    -0.580920988      92.31%        0      0      0       227     0.4s
         1       0         1 100.00%   -0.580920988    -0.580920988       0.00%        0      0      0       227     0.4s

Solving report
  Status            Optimal
  Primal bound      -0.580920988016
  Dual bound        -0.580920988016
  Gap               0% (tolerance: 0.5%)
  P-D integral      0.0354281590108
  Solution status   feasible
                    -0.580920988016 (objective)
                    0 (bound viol.)
                    0 (int. viol.)
                    0 (row viol.)
  Timing            0.38
  Max sub-MIP depth 0
  Nodes             1
  Repair LPs        0
  LP iterations     227
                    0 (strong br.)
                    0 (separation)
                    0 (heuristics)
MIP has 10753 rows; 9409 cols; 25537 nonzeros; 1344 integer variables (1344 binary)
Coefficient ranges:
  Matrix  [2e-01, 1e+00]
  Cost    [1e-02, 6e-02]
  Bound   [1e+00, 1e+00]
  RHS     [7e-18, 2e+00]
WARNING: Problem has some excessively small row bounds
Presolving model
8064 rows, 8670 cols, 22109 nonzeros 0s
6047 rows, 6883 cols, 16761 nonzeros 0s
3833 rows, 4777 cols, 10877 nonzeros 0s
3701 rows, 3299 cols, 7401 nonzeros 0s
1519 rows, 2361 cols, 4623 nonzeros 0s
1243 rows, 1866 cols, 3456 nonzeros 0s
753 rows, 1637 cols, 2801 nonzeros 0s
672 rows, 1554 cols, 2637 nonzeros 0s
Presolve reductions: rows 672(-10081); columns 1554(-7855); nonzeros 2637(-22900) 

Solving MIP model with:
   672 rows
   1554 cols (103 binary, 0 integer, 0 implied int., 1451 continuous, 0 domain fixed)
   2637 nonzeros

Src: B => Branching; C => Central rounding; F => Feasibility pump; H => Heuristic;
     I => Shifting; J => Feasibility jump; L => Sub-MIP; P => Empty MIP; R => Randomized rounding;
     S => Solve LP; T => Evaluate node; U => Unbounded; X => User solution; Y => HiGHS solution;
     Z => ZI Round; l => Trivial lower; p => Trivial point; u => Trivial upper; z => Trivial zero

        Nodes      |    B&B Tree     |            Objective Bounds              |  Dynamic Constraints |       Work      
Src  Proc. InQueue |  Leaves   Expl. | BestBound       BestSol              Gap |   Cuts   InLp Confl. | LpIters     Time

 J       0       0         0   0.00%   -inf            0.5560297834       Large        0      0      0         0     0.4s
 T       0       0         0   0.00%   -1.339559057    -0.7918338862     69.17%        0      0      0       281     0.4s
         1       0         1 100.00%   -0.7918338862   -0.7918338862      0.00%        0      0      0       281     0.4s

Solving report
  Status            Optimal
  Primal bound      -0.791833886234
  Dual bound        -0.791833886234
  Gap               0% (tolerance: 0.5%)
  P-D integral      0.0416077155251
  Solution status   feasible
                    -0.791833886234 (objective)
                    0 (bound viol.)
                    0 (int. viol.)
                    0 (row viol.)
  Timing            0.41
  Max sub-MIP depth 0
  Nodes             1
  Repair LPs        0
  LP iterations     281
                    0 (strong br.)
                    0 (separation)
                    0 (heuristics)
MIP has 10753 rows; 9409 cols; 25537 nonzeros; 1344 integer variables (1344 binary)
Coefficient ranges:
  Matrix  [2e-01, 1e+00]
  Cost    [1e-02, 6e-02]
  Bound   [1e+00, 1e+00]
  RHS     [4e-17, 3e+00]
WARNING: Problem has some excessively small row bounds
Presolving model
8064 rows, 8731 cols, 22170 nonzeros 0s
6022 rows, 6908 cols, 16738 nonzeros 0s
3809 rows, 4809 cols, 10858 nonzeros 0s
3670 rows, 3332 cols, 7409 nonzeros 0s
1424 rows, 2308 cols, 4408 nonzeros 0s
1136 rows, 2020 cols, 3832 nonzeros 0s
860 rows, 1759 cols, 3115 nonzeros 0s
819 rows, 1708 cols, 3023 nonzeros 0s
Presolve reductions: rows 819(-9934); columns 1708(-7701); nonzeros 3023(-22514) 

Solving MIP model with:
   819 rows
   1708 cols (125 binary, 0 integer, 0 implied int., 1583 continuous, 0 domain fixed)
   3023 nonzeros

Src: B => Branching; C => Central rounding; F => Feasibility pump; H => Heuristic;
     I => Shifting; J => Feasibility jump; L => Sub-MIP; P => Empty MIP; R => Randomized rounding;
     S => Solve LP; T => Evaluate node; U => Unbounded; X => User solution; Y => HiGHS solution;
     Z => ZI Round; l => Trivial lower; p => Trivial point; u => Trivial upper; z => Trivial zero

        Nodes      |    B&B Tree     |            Objective Bounds              |  Dynamic Constraints |       Work      
Src  Proc. InQueue |  Leaves   Expl. | BestBound       BestSol              Gap |   Cuts   InLp Confl. | LpIters     Time

 J       0       0         0   0.00%   -inf            -0.0580610637      Large        0      0      0         0     0.4s
 T       0       0         0   0.00%   -1.737840016    -1.272766675      36.54%        0      0      0       346     0.4s
         1       0         1 100.00%   -1.272766675    -1.272766675       0.00%        0      0      0       346     0.4s

Solving report
  Status            Optimal
  Primal bound      -1.27276667549
  Dual bound        -1.27276667549
  Gap               0% (tolerance: 0.5%)
  P-D integral      0.41083837778
  Solution status   feasible
                    -1.27276667549 (objective)
                    0 (bound viol.)
                    0 (int. viol.)
                    0 (row viol.)
  Timing            0.39
  Max sub-MIP depth 0
  Nodes             1
  Repair LPs        0
  LP iterations     346
                    0 (strong br.)
                    0 (separation)
                    0 (heuristics)
MIP has 10753 rows; 9409 cols; 25537 nonzeros; 1344 integer variables (1344 binary)
Coefficient ranges:
  Matrix  [2e-01, 1e+00]
  Cost    [1e-02, 6e-02]
  Bound   [1e+00, 1e+00]
  RHS     [2e-17, 3e+00]
WARNING: Problem has some excessively small row bounds
Presolving model
8064 rows, 8673 cols, 22112 nonzeros 0s
6052 rows, 6893 cols, 16779 nonzeros 0s
3857 rows, 4812 cols, 10943 nonzeros 0s
3723 rows, 3347 cols, 7481 nonzeros 0s
1528 rows, 2394 cols, 4670 nonzeros 0s
1252 rows, 1935 cols, 3602 nonzeros 0s
848 rows, 1741 cols, 3065 nonzeros 0s
783 rows, 1676 cols, 2935 nonzeros 0s
Presolve reductions: rows 783(-9970); columns 1676(-7733); nonzeros 2935(-22602) 

Solving MIP model with:
   783 rows
   1676 cols (120 binary, 0 integer, 0 implied int., 1556 continuous, 0 domain fixed)
   2935 nonzeros

Src: B => Branching; C => Central rounding; F => Feasibility pump; H => Heuristic;
     I => Shifting; J => Feasibility jump; L => Sub-MIP; P => Empty MIP; R => Randomized rounding;
     S => Solve LP; T => Evaluate node; U => Unbounded; X => User solution; Y => HiGHS solution;
     Z => ZI Round; l => Trivial lower; p => Trivial point; u => Trivial upper; z => Trivial zero

        Nodes      |    B&B Tree     |            Objective Bounds              |  Dynamic Constraints |       Work      
Src  Proc. InQueue |  Leaves   Expl. | BestBound       BestSol              Gap |   Cuts   InLp Confl. | LpIters     Time

 J       0       0         0   0.00%   -inf            0.0405052518       Large        0      0      0         0     0.4s
 T       0       0         0   0.00%   -1.773671347    -1.258555699      40.93%        0      0      0       330     0.4s
         1       0         1 100.00%   -1.258555699    -1.258555699       0.00%        0      0      0       330     0.4s

Solving report
  Status            Optimal
  Primal bound      -1.25855569891
  Dual bound        -1.25855569891
  Gap               0% (tolerance: 0.5%)
  P-D integral      0.535471336247
  Solution status   feasible
                    -1.25855569891 (objective)
                    0 (bound viol.)
                    0 (int. viol.)
                    0 (row viol.)
  Timing            0.41
  Max sub-MIP depth 0
  Nodes             1
  Repair LPs        0
  LP iterations     330
                    0 (strong br.)
                    0 (separation)
                    0 (heuristics)
MIP has 10753 rows; 9409 cols; 25537 nonzeros; 1344 integer variables (1344 binary)
Coefficient ranges:
  Matrix  [2e-01, 1e+00]
  Cost    [1e-02, 6e-02]
  Bound   [1e+00, 1e+00]
  RHS     [1e-17, 2e+00]
WARNING: Problem has some excessively small row bounds
Presolving model
8064 rows, 8709 cols, 22148 nonzeros 0s
6043 rows, 6916 cols, 16786 nonzeros 0s
3856 rows, 4844 cols, 10979 nonzeros 0s
3712 rows, 3353 cols, 7514 nonzeros 0s
1463 rows, 2324 cols, 4494 nonzeros 0s
1181 rows, 2033 cols, 3921 nonzeros 0s
842 rows, 1721 cols, 3042 nonzeros 0s
791 rows, 1670 cols, 2940 nonzeros 0s
Presolve reductions: rows 791(-9962); columns 1670(-7739); nonzeros 2940(-22597) 

Solving MIP model with:
   791 rows
   1670 cols (120 binary, 0 integer, 0 implied int., 1550 continuous, 0 domain fixed)
   2940 nonzeros

Src: B => Branching; C => Central rounding; F => Feasibility pump; H => Heuristic;
     I => Shifting; J => Feasibility jump; L => Sub-MIP; P => Empty MIP; R => Randomized rounding;
     S => Solve LP; T => Evaluate node; U => Unbounded; X => User solution; Y => HiGHS solution;
     Z => ZI Round; l => Trivial lower; p => Trivial point; u => Trivial upper; z => Trivial zero

        Nodes      |    B&B Tree     |            Objective Bounds              |  Dynamic Constraints |       Work      
Src  Proc. InQueue |  Leaves   Expl. | BestBound       BestSol              Gap |   Cuts   InLp Confl. | LpIters     Time

 J       0       0         0   0.00%   -inf            0.0146531507       Large        0      0      0         0     0.4s
 T       0       0         0   0.00%   -1.672407532    -1.18264452       41.41%        0      0      0       327     0.4s
         1       0         1 100.00%   -1.18264452     -1.18264452        0.00%        0      0      0       327     0.4s

Solving report
  Status            Optimal
  Primal bound      -1.18264452031
  Dual bound        -1.18264452031
  Gap               0% (tolerance: 0.5%)
  P-D integral      1.549149199
  Solution status   feasible
                    -1.18264452031 (objective)
                    0 (bound viol.)
                    0 (int. viol.)
                    0 (row viol.)
  Timing            0.42
  Max sub-MIP depth 0
  Nodes             1
  Repair LPs        0
  LP iterations     327
                    0 (strong br.)
                    0 (separation)
                    0 (heuristics)
MIP has 10753 rows; 9409 cols; 25537 nonzeros; 1344 integer variables (1344 binary)
Coefficient ranges:
  Matrix  [2e-01, 1e+00]
  Cost    [1e-02, 6e-02]
  Bound   [1e+00, 1e+00]
  RHS     [1e-17, 2e+00]
WARNING: Problem has some excessively small row bounds
Presolving model
8064 rows, 8792 cols, 22231 nonzeros 0s
5999 rows, 6940 cols, 16738 nonzeros 0s
3753 rows, 4779 cols, 10735 nonzeros 0s
3601 rows, 3274 cols, 7266 nonzeros 0s
1324 rows, 2205 cols, 4140 nonzeros 0s
1048 rows, 1923 cols, 3582 nonzeros 0s
962 rows, 1837 cols, 3382 nonzeros 0s
Presolve reductions: rows 962(-9791); columns 1837(-7572); nonzeros 3382(-22155) 

Solving MIP model with:
   962 rows
   1837 cols (146 binary, 0 integer, 0 implied int., 1691 continuous, 0 domain fixed)
   3382 nonzeros

Src: B => Branching; C => Central rounding; F => Feasibility pump; H => Heuristic;
     I => Shifting; J => Feasibility jump; L => Sub-MIP; P => Empty MIP; R => Randomized rounding;
     S => Solve LP; T => Evaluate node; U => Unbounded; X => User solution; Y => HiGHS solution;
     Z => ZI Round; l => Trivial lower; p => Trivial point; u => Trivial upper; z => Trivial zero

        Nodes      |    B&B Tree     |            Objective Bounds              |  Dynamic Constraints |       Work      
Src  Proc. InQueue |  Leaves   Expl. | BestBound       BestSol              Gap |   Cuts   InLp Confl. | LpIters     Time

         0       0         0   0.00%   -2.107908062    inf                  inf        0      0      0         0     0.4s
 T       0       0         0   0.00%   -2.107908062    -1.693595279      24.46%        0      0      0       406     0.4s
         1       0         1 100.00%   -1.693595279    -1.693595279       0.00%        0      0      0       406     0.4s

Solving report
  Status            Optimal
  Primal bound      -1.69359527904
  Dual bound        -1.69359527904
  Gap               0% (tolerance: 0.5%)
  P-D integral      2.10386151612e-05
  Solution status   feasible
                    -1.69359527904 (objective)
                    0 (bound viol.)
                    0 (int. viol.)
                    0 (row viol.)
  Timing            0.45
  Max sub-MIP depth 0
  Nodes             1
  Repair LPs        0
  LP iterations     406
                    0 (strong br.)
                    0 (separation)
                    0 (heuristics)
MIP has 10753 rows; 9409 cols; 25537 nonzeros; 1344 integer variables (1344 binary)
Coefficient ranges:
  Matrix  [2e-01, 1e+00]
  Cost    [1e-02, 6e-02]
  Bound   [1e+00, 1e+00]
  RHS     [1e-17, 2e+00]
WARNING: Problem has some excessively small row bounds
Presolving model
8064 rows, 8810 cols, 22249 nonzeros 0s
5965 rows, 6912 cols, 16647 nonzeros 0s
3708 rows, 4739 cols, 10619 nonzeros 0s
3560 rows, 3271 cols, 7254 nonzeros 0s
1370 rows, 2247 cols, 4265 nonzeros 0s
1081 rows, 1957 cols, 3686 nonzeros 0s
1063 rows, 1923 cols, 3634 nonzeros 0s
Presolve reductions: rows 1063(-9690); columns 1923(-7486); nonzeros 3634(-21903) 

Solving MIP model with:
   1063 rows
   1923 cols (163 binary, 0 integer, 0 implied int., 1760 continuous, 0 domain fixed)
   3634 nonzeros

Src: B => Branching; C => Central rounding; F => Feasibility pump; H => Heuristic;
     I => Shifting; J => Feasibility jump; L => Sub-MIP; P => Empty MIP; R => Randomized rounding;
     S => Solve LP; T => Evaluate node; U => Unbounded; X => User solution; Y => HiGHS solution;
     Z => ZI Round; l => Trivial lower; p => Trivial point; u => Trivial upper; z => Trivial zero

        Nodes      |    B&B Tree     |            Objective Bounds              |  Dynamic Constraints |       Work      
Src  Proc. InQueue |  Leaves   Expl. | BestBound       BestSol              Gap |   Cuts   InLp Confl. | LpIters     Time

 J       0       0         0   0.00%   -inf            -0.6049709055      Large        0      0      0         0     0.5s
 T       0       0         0   0.00%   -2.363805278    -1.965577652      20.26%        0      0      0       438     0.5s
         1       0         1 100.00%   -1.965577652    -1.965577652       0.00%        0      0      0       438     0.5s

Solving report
  Status            Optimal
  Primal bound      -1.96557765225
  Dual bound        -1.96557765225
  Gap               0% (tolerance: 0.5%)
  P-D integral      0.059540264345
  Solution status   feasible
                    -1.96557765225 (objective)
                    0 (bound viol.)
                    0 (int. viol.)
                    0 (row viol.)
  Timing            0.47
  Max sub-MIP depth 0
  Nodes             1
  Repair LPs        0
  LP iterations     438
                    0 (strong br.)
                    0 (separation)
                    0 (heuristics)
MIP has 10753 rows; 9409 cols; 25537 nonzeros; 1344 integer variables (1344 binary)
Coefficient ranges:
  Matrix  [2e-01, 1e+00]
  Cost    [1e-02, 6e-02]
  Bound   [1e+00, 1e+00]
  RHS     [3e-17, 2e+00]
WARNING: Problem has some excessively small row bounds
Presolving model
8064 rows, 8794 cols, 22233 nonzeros 0s
5962 rows, 6892 cols, 16621 nonzeros 0s
3738 rows, 4766 cols, 10689 nonzeros 0s
3578 rows, 3264 cols, 7233 nonzeros 0s
1345 rows, 2227 cols, 4201 nonzeros 0s
1075 rows, 1953 cols, 3657 nonzeros 0s
1034 rows, 1906 cols, 3569 nonzeros 0s
Presolve reductions: rows 1034(-9719); columns 1906(-7503); nonzeros 3569(-21968) 

Solving MIP model with:
   1034 rows
   1906 cols (159 binary, 0 integer, 0 implied int., 1747 continuous, 0 domain fixed)
   3569 nonzeros

Src: B => Branching; C => Central rounding; F => Feasibility pump; H => Heuristic;
     I => Shifting; J => Feasibility jump; L => Sub-MIP; P => Empty MIP; R => Randomized rounding;
     S => Solve LP; T => Evaluate node; U => Unbounded; X => User solution; Y => HiGHS solution;
     Z => ZI Round; l => Trivial lower; p => Trivial point; u => Trivial upper; z => Trivial zero

        Nodes      |    B&B Tree     |            Objective Bounds              |  Dynamic Constraints |       Work      
Src  Proc. InQueue |  Leaves   Expl. | BestBound       BestSol              Gap |   Cuts   InLp Confl. | LpIters     Time

 J       0       0         0   0.00%   -inf            -0.5156043785      Large        0      0      0         0     0.4s
 T       0       0         0   0.00%   -2.146093428    -1.707567804      25.68%        0      0      0       425     0.4s
         1       0         1 100.00%   -1.707567804    -1.707567804       0.00%        0      0      0       425     0.4s

Solving report
  Status            Optimal
  Primal bound      -1.70756780373
  Dual bound        -1.70756780373
  Gap               0% (tolerance: 0.5%)
  P-D integral      0.0659915147667
  Solution status   feasible
                    -1.70756780373 (objective)
                    0 (bound viol.)
                    0 (int. viol.)
                    0 (row viol.)
  Timing            0.39
  Max sub-MIP depth 0
  Nodes             1
  Repair LPs        0
  LP iterations     425
                    0 (strong br.)
                    0 (separation)
                    0 (heuristics)
MIP has 10753 rows; 9409 cols; 25537 nonzeros; 1344 integer variables (1344 binary)
Coefficient ranges:
  Matrix  [2e-01, 1e+00]
  Cost    [1e-02, 6e-02]
  Bound   [1e+00, 1e+00]
  RHS     [3e-17, 2e+00]
WARNING: Problem has some excessively small row bounds
Presolving model
8064 rows, 8800 cols, 22239 nonzeros 0s
5985 rows, 6927 cols, 16694 nonzeros 0s
3706 rows, 4731 cols, 10613 nonzeros 0s
3559 rows, 3229 cols, 7158 nonzeros 0s
1317 rows, 2191 cols, 4116 nonzeros 0s
1040 rows, 1914 cols, 3562 nonzeros 0s
999 rows, 1867 cols, 3474 nonzeros 0s
Presolve reductions: rows 999(-9754); columns 1867(-7542); nonzeros 3474(-22063) 

Solving MIP model with:
   999 rows
   1867 cols (153 binary, 0 integer, 0 implied int., 1714 continuous, 0 domain fixed)
   3474 nonzeros

Src: B => Branching; C => Central rounding; F => Feasibility pump; H => Heuristic;
     I => Shifting; J => Feasibility jump; L => Sub-MIP; P => Empty MIP; R => Randomized rounding;
     S => Solve LP; T => Evaluate node; U => Unbounded; X => User solution; Y => HiGHS solution;
     Z => ZI Round; l => Trivial lower; p => Trivial point; u => Trivial upper; z => Trivial zero

        Nodes      |    B&B Tree     |            Objective Bounds              |  Dynamic Constraints |       Work      
Src  Proc. InQueue |  Leaves   Expl. | BestBound       BestSol              Gap |   Cuts   InLp Confl. | LpIters     Time

 J       0       0         0   0.00%   -inf            -0.0620932461      Large        0      0      0         0     0.4s
 T       0       0         0   0.00%   -2.000370215    -1.496985346      33.63%        0      0      0       408     0.4s
         1       0         1 100.00%   -1.496985346    -1.496985346       0.00%        0      0      0       408     0.4s

Solving report
  Status            Optimal
  Primal bound      -1.4969853458
  Dual bound        -1.4969853458
  Gap               0% (tolerance: 0.5%)
  P-D integral      0.573421999183
  Solution status   feasible
                    -1.4969853458 (objective)
                    0 (bound viol.)
                    0 (int. viol.)
                    0 (row viol.)
  Timing            0.40
  Max sub-MIP depth 0
  Nodes             1
  Repair LPs        0
  LP iterations     408
                    0 (strong br.)
                    0 (separation)
                    0 (heuristics)
MIP has 10753 rows; 9409 cols; 25537 nonzeros; 1344 integer variables (1344 binary)
Coefficient ranges:
  Matrix  [2e-01, 1e+00]
  Cost    [1e-02, 6e-02]
  Bound   [1e+00, 1e+00]
  RHS     [3e-18, 2e+00]
WARNING: Problem has some excessively small row bounds
Presolving model
8064 rows, 8843 cols, 22282 nonzeros 0s
5963 rows, 6937 cols, 16663 nonzeros 0s
3650 rows, 4693 cols, 10470 nonzeros 0s
3496 rows, 3168 cols, 6997 nonzeros 0s
1185 rows, 2053 cols, 3753 nonzeros 0s
904 rows, 1772 cols, 3191 nonzeros 0s
836 rows, 1696 cols, 3031 nonzeros 0s
Presolve reductions: rows 836(-9917); columns 1696(-7713); nonzeros 3031(-22506) 

Solving MIP model with:
   836 rows
   1696 cols (125 binary, 0 integer, 0 implied int., 1571 continuous, 0 domain fixed)
   3031 nonzeros

Src: B => Branching; C => Central rounding; F => Feasibility pump; H => Heuristic;
     I => Shifting; J => Feasibility jump; L => Sub-MIP; P => Empty MIP; R => Randomized rounding;
     S => Solve LP; T => Evaluate node; U => Unbounded; X => User solution; Y => HiGHS solution;
     Z => ZI Round; l => Trivial lower; p => Trivial point; u => Trivial upper; z => Trivial zero

        Nodes      |    B&B Tree     |            Objective Bounds              |  Dynamic Constraints |       Work      
Src  Proc. InQueue |  Leaves   Expl. | BestBound       BestSol              Gap |   Cuts   InLp Confl. | LpIters     Time

 J       0       0         0   0.00%   -inf            -0.108688199       Large        0      0      0         0     0.4s
 T       0       0         0   0.00%   -1.736963667    -1.289896465      34.66%        0      0      0       362     0.4s
         1       0         1 100.00%   -1.289896465    -1.289896465       0.00%        0      0      0       362     0.4s

Solving report
  Status            Optimal
  Primal bound      -1.28989646511
  Dual bound        -1.28989646511
  Gap               0% (tolerance: 0.5%)
  P-D integral      0.212921640624
  Solution status   feasible
                    -1.28989646511 (objective)
                    0 (bound viol.)
                    0 (int. viol.)
                    0 (row viol.)
  Timing            0.40
  Max sub-MIP depth 0
  Nodes             1
  Repair LPs        0
  LP iterations     362
                    0 (strong br.)
                    0 (separation)
                    0 (heuristics)
MIP has 10753 rows; 9409 cols; 25537 nonzeros; 1344 integer variables (1344 binary)
Coefficient ranges:
  Matrix  [2e-01, 1e+00]
  Cost    [1e-02, 6e-02]
  Bound   [1e+00, 1e+00]
  RHS     [3e-18, 2e+00]
WARNING: Problem has some excessively small row bounds
Presolving model
8064 rows, 8969 cols, 22408 nonzeros 0s
5839 rows, 6892 cols, 16402 nonzeros 0s
3430 rows, 4501 cols, 9898 nonzeros 0s
3258 rows, 2964 cols, 6506 nonzeros 0s
909 rows, 1734 cols, 2982 nonzeros 0s
668 rows, 1493 cols, 2500 nonzeros 0s
579 rows, 1401 cols, 2319 nonzeros 0s
Presolve reductions: rows 579(-10174); columns 1401(-8008); nonzeros 2319(-23218) 

Solving MIP model with:
   579 rows
   1401 cols (85 binary, 0 integer, 0 implied int., 1316 continuous, 0 domain fixed)
   2319 nonzeros

Src: B => Branching; C => Central rounding; F => Feasibility pump; H => Heuristic;
     I => Shifting; J => Feasibility jump; L => Sub-MIP; P => Empty MIP; R => Randomized rounding;
     S => Solve LP; T => Evaluate node; U => Unbounded; X => User solution; Y => HiGHS solution;
     Z => ZI Round; l => Trivial lower; p => Trivial point; u => Trivial upper; z => Trivial zero

        Nodes      |    B&B Tree     |            Objective Bounds              |  Dynamic Constraints |       Work      
Src  Proc. InQueue |  Leaves   Expl. | BestBound       BestSol              Gap |   Cuts   InLp Confl. | LpIters     Time

 J       0       0         0   0.00%   -inf            0.0901410521       Large        0      0      0         0     0.4s
 T       0       0         0   0.00%   -1.165259393    -0.8415145484     38.47%        0      0      0       257     0.4s
         1       0         1 100.00%   -0.8415145484   -0.8415145484      0.00%        0      0      0       257     0.4s

Solving report
  Status            Optimal
  Primal bound      -0.841514548427
  Dual bound        -0.841514548427
  Gap               0% (tolerance: 0.5%)
  P-D integral      0.185314672402
  Solution status   feasible
                    -0.841514548427 (objective)
                    0 (bound viol.)
                    0 (int. viol.)
                    0 (row viol.)
  Timing            0.42
  Max sub-MIP depth 0
  Nodes             1
  Repair LPs        0
  LP iterations     257
                    0 (strong br.)
                    0 (separation)
                    0 (heuristics)
MIP has 10753 rows; 9409 cols; 25537 nonzeros; 1344 integer variables (1344 binary)
Coefficient ranges:
  Matrix  [2e-01, 1e+00]
  Cost    [1e-02, 6e-02]
  Bound   [1e+00, 1e+00]
  RHS     [7e-18, 2e+00]
WARNING: Problem has some excessively small row bounds
Presolving model
8064 rows, 9243 cols, 22682 nonzeros 0s
5589 rows, 6825 cols, 15905 nonzeros 0s
2904 rows, 4036 cols, 8551 nonzeros 0s
2702 rows, 2606 cols, 5707 nonzeros 0s
678 rows, 1383 cols, 2272 nonzeros 0s
453 rows, 1154 cols, 1818 nonzeros 0s
366 rows, 1061 cols, 1638 nonzeros 0s
Presolve reductions: rows 366(-10387); columns 1061(-8348); nonzeros 1638(-23899) 

Solving MIP model with:
   366 rows
   1061 cols (53 binary, 0 integer, 0 implied int., 1008 continuous, 0 domain fixed)
   1638 nonzeros

Src: B => Branching; C => Central rounding; F => Feasibility pump; H => Heuristic;
     I => Shifting; J => Feasibility jump; L => Sub-MIP; P => Empty MIP; R => Randomized rounding;
     S => Solve LP; T => Evaluate node; U => Unbounded; X => User solution; Y => HiGHS solution;
     Z => ZI Round; l => Trivial lower; p => Trivial point; u => Trivial upper; z => Trivial zero

        Nodes      |    B&B Tree     |            Objective Bounds              |  Dynamic Constraints |       Work      
Src  Proc. InQueue |  Leaves   Expl. | BestBound       BestSol              Gap |   Cuts   InLp Confl. | LpIters     Time

 J       0       0         0   0.00%   -inf            0.0686125097       Large        0      0      0         0     0.4s
 T       0       0         0   0.00%   -0.5926275951   -0.450775018      31.47%        0      0      0       177     0.4s
         1       0         1 100.00%   -0.450775018    -0.450775018       0.00%        0      0      0       177     0.4s

Solving report
  Status            Optimal
  Primal bound      -0.450775017997
  Dual bound        -0.450775017997
  Gap               0% (tolerance: 0.5%)
  P-D integral      0.0716463670651
  Solution status   feasible
                    -0.450775017997 (objective)
                    0 (bound viol.)
                    0 (int. viol.)
                    0 (row viol.)
  Timing            0.37
  Max sub-MIP depth 0
  Nodes             1
  Repair LPs        0
  LP iterations     177
                    0 (strong br.)
                    0 (separation)
                    0 (heuristics)
MIP has 10753 rows; 9409 cols; 25537 nonzeros; 1344 integer variables (1344 binary)
Coefficient ranges:
  Matrix  [2e-01, 1e+00]
  Cost    [1e-02, 6e-02]
  Bound   [1e+00, 1e+00]
  RHS     [7e-18, 2e+00]
WARNING: Problem has some excessively small row bounds
Presolving model
8064 rows, 9136 cols, 22575 nonzeros 0s
5728 rows, 6908 cols, 16224 nonzeros 0s
3165 rows, 4299 cols, 9251 nonzeros 0s
2973 rows, 2829 cols, 6216 nonzeros 0s
792 rows, 1556 cols, 2627 nonzeros 0s
555 rows, 1318 cols, 2150 nonzeros 0s
468 rows, 1213 cols, 1960 nonzeros 0s
Presolve reductions: rows 468(-10285); columns 1213(-8196); nonzeros 1960(-23577) 

Solving MIP model with:
   468 rows
   1213 cols (70 binary, 0 integer, 0 implied int., 1143 continuous, 0 domain fixed)
   1960 nonzeros

Src: B => Branching; C => Central rounding; F => Feasibility pump; H => Heuristic;
     I => Shifting; J => Feasibility jump; L => Sub-MIP; P => Empty MIP; R => Randomized rounding;
     S => Solve LP; T => Evaluate node; U => Unbounded; X => User solution; Y => HiGHS solution;
     Z => ZI Round; l => Trivial lower; p => Trivial point; u => Trivial upper; z => Trivial zero

        Nodes      |    B&B Tree     |            Objective Bounds              |  Dynamic Constraints |       Work      
Src  Proc. InQueue |  Leaves   Expl. | BestBound       BestSol              Gap |   Cuts   InLp Confl. | LpIters     Time

 J       0       0         0   0.00%   -inf            0.1743761793       Large        0      0      0         0     0.4s
 T       0       0         0   0.00%   -0.8492002199   -0.6003803996     41.44%        0      0      0       208     0.4s
         1       0         1 100.00%   -0.6003803996   -0.6003803996      0.00%        0      0      0       208     0.4s

Solving report
  Status            Optimal
  Primal bound      -0.600380399634
  Dual bound        -0.600380399634
  Gap               0% (tolerance: 0.5%)
  P-D integral      0.0547850466557
  Solution status   feasible
                    -0.600380399634 (objective)
                    0 (bound viol.)
                    0 (int. viol.)
                    0 (row viol.)
  Timing            0.41
  Max sub-MIP depth 0
  Nodes             1
  Repair LPs        0
  LP iterations     208
                    0 (strong br.)
                    0 (separation)
                    0 (heuristics)
MIP has 10753 rows; 9409 cols; 25537 nonzeros; 1344 integer variables (1344 binary)
Coefficient ranges:
  Matrix  [2e-01, 1e+00]
  Cost    [1e-02, 6e-02]
  Bound   [1e+00, 1e+00]
  RHS     [1e-17, 2e+00]
WARNING: Problem has some excessively small row bounds
Presolving model
8064 rows, 8843 cols, 22282 nonzeros 0s
5940 rows, 6908 cols, 16596 nonzeros 0s
3620 rows, 4650 cols, 10377 nonzeros 0s
3459 rows, 3105 cols, 6875 nonzeros 0s
1149 rows, 1984 cols, 3632 nonzeros 0s
909 rows, 1744 cols, 3152 nonzeros 0s
681 rows, 1511 cols, 2591 nonzeros 0s
656 rows, 1486 cols, 2541 nonzeros 0s
Presolve reductions: rows 656(-10097); columns 1486(-7923); nonzeros 2541(-22996) 

Solving MIP model with:
   656 rows
   1486 cols (100 binary, 0 integer, 0 implied int., 1386 continuous, 0 domain fixed)
   2541 nonzeros

Src: B => Branching; C => Central rounding; F => Feasibility pump; H => Heuristic;
     I => Shifting; J => Feasibility jump; L => Sub-MIP; P => Empty MIP; R => Randomized rounding;
     S => Solve LP; T => Evaluate node; U => Unbounded; X => User solution; Y => HiGHS solution;
     Z => ZI Round; l => Trivial lower; p => Trivial point; u => Trivial upper; z => Trivial zero

        Nodes      |    B&B Tree     |            Objective Bounds              |  Dynamic Constraints |       Work      
Src  Proc. InQueue |  Leaves   Expl. | BestBound       BestSol              Gap |   Cuts   InLp Confl. | LpIters     Time

 J       0       0         0   0.00%   -inf            0.4146511636       Large        0      0      0         0     0.4s
 T       0       0         0   0.00%   -1.371508839    -0.9191399028     49.22%        0      0      0       285     0.4s
         1       0         1 100.00%   -0.9191399028   -0.9191399028      0.00%        0      0      0       285     0.4s

Solving report
  Status            Optimal
  Primal bound      -0.919139902832
  Dual bound        -0.919139902832
  Gap               0% (tolerance: 0.5%)
  P-D integral      0.0498943652562
  Solution status   feasible
                    -0.919139902832 (objective)
                    0 (bound viol.)
                    0 (int. viol.)
                    0 (row viol.)
  Timing            0.41
  Max sub-MIP depth 0
  Nodes             1
  Repair LPs        0
  LP iterations     285
                    0 (strong br.)
                    0 (separation)
                    0 (heuristics)
MIP has 10753 rows; 9409 cols; 25537 nonzeros; 1344 integer variables (1344 binary)
Coefficient ranges:
  Matrix  [2e-01, 1e+00]
  Cost    [1e-02, 6e-02]
  Bound   [1e+00, 1e+00]
  RHS     [1e-17, 2e+00]
WARNING: Problem has some excessively small row bounds
Presolving model
8064 rows, 8751 cols, 22190 nonzeros 0s
5972 rows, 6862 cols, 16609 nonzeros 0s
3730 rows, 4706 cols, 10623 nonzeros 0s
3599 rows, 3235 cols, 7203 nonzeros 0s
1319 rows, 2167 cols, 4089 nonzeros 0s
1037 rows, 1885 cols, 3525 nonzeros 0s
625 rows, 1503 cols, 2467 nonzeros 0s
563 rows, 1422 cols, 2324 nonzeros 0s
Presolve reductions: rows 563(-10190); columns 1422(-7987); nonzeros 2324(-23213) 

Solving MIP model with:
   563 rows
   1422 cols (85 binary, 0 integer, 0 implied int., 1337 continuous, 0 domain fixed)
   2324 nonzeros

Src: B => Branching; C => Central rounding; F => Feasibility pump; H => Heuristic;
     I => Shifting; J => Feasibility jump; L => Sub-MIP; P => Empty MIP; R => Randomized rounding;
     S => Solve LP; T => Evaluate node; U => Unbounded; X => User solution; Y => HiGHS solution;
     Z => ZI Round; l => Trivial lower; p => Trivial point; u => Trivial upper; z => Trivial zero

        Nodes      |    B&B Tree     |            Objective Bounds              |  Dynamic Constraints |       Work      
Src  Proc. InQueue |  Leaves   Expl. | BestBound       BestSol              Gap |   Cuts   InLp Confl. | LpIters     Time

         0       0         0   0.00%   -1.239889852    inf                  inf        0      0      0         0     0.4s
 T       0       0         0   0.00%   -1.239889852    -0.7413214878     67.25%        0      0      0       239     0.4s
         1       0         1 100.00%   -0.7413214878   -0.7413214878      0.00%        0      0      0       239     0.4s

Solving report
  Status            Optimal
  Primal bound      -0.741321487779
  Dual bound        -0.741321487779
  Gap               0% (tolerance: 0.5%)
  P-D integral      4.08904408605e-05
  Solution status   feasible
                    -0.741321487779 (objective)
                    0 (bound viol.)
                    0 (int. viol.)
                    0 (row viol.)
  Timing            0.41
  Max sub-MIP depth 0
  Nodes             1
  Repair LPs        0
  LP iterations     239
                    0 (strong br.)
                    0 (separation)
                    0 (heuristics)
MIP has 10753 rows; 9409 cols; 25537 nonzeros; 1344 integer variables (1344 binary)
Coefficient ranges:
  Matrix  [2e-01, 1e+00]
  Cost    [1e-02, 6e-02]
  Bound   [1e+00, 1e+00]
  RHS     [7e-18, 2e+00]
WARNING: Problem has some excessively small row bounds
Presolving model
8064 rows, 8745 cols, 22184 nonzeros 0s
6012 rows, 6908 cols, 16722 nonzeros 0s
3763 rows, 4752 cols, 10723 nonzeros 0s
3628 rows, 3281 cols, 7299 nonzeros 0s
1353 rows, 2218 cols, 4199 nonzeros 0s
1084 rows, 1949 cols, 3661 nonzeros 0s
655 rows, 1556 cols, 2563 nonzeros 0s
588 rows, 1487 cols, 2427 nonzeros 0s
Presolve reductions: rows 588(-10165); columns 1487(-7922); nonzeros 2427(-23110) 

Solving MIP model with:
   588 rows
   1487 cols (89 binary, 0 integer, 0 implied int., 1398 continuous, 0 domain fixed)
   2427 nonzeros

Src: B => Branching; C => Central rounding; F => Feasibility pump; H => Heuristic;
     I => Shifting; J => Feasibility jump; L => Sub-MIP; P => Empty MIP; R => Randomized rounding;
     S => Solve LP; T => Evaluate node; U => Unbounded; X => User solution; Y => HiGHS solution;
     Z => ZI Round; l => Trivial lower; p => Trivial point; u => Trivial upper; z => Trivial zero

        Nodes      |    B&B Tree     |            Objective Bounds              |  Dynamic Constraints |       Work      
Src  Proc. InQueue |  Leaves   Expl. | BestBound       BestSol              Gap |   Cuts   InLp Confl. | LpIters     Time

         0       0         0   0.00%   -1.161401657    inf                  inf        0      0      0         0     0.4s
 T       0       0         0   0.00%   -1.161401657    -0.6617751483     75.50%        0      0      0       254     0.4s
         1       0         1 100.00%   -0.6617751483   -0.6617751483      0.00%        0      0      0       254     0.4s

Solving report
  Status            Optimal
  Primal bound      -0.661775148275
  Dual bound        -0.661775148275
  Gap               0% (tolerance: 0.5%)
  P-D integral      4.09198796065e-05
  Solution status   feasible
                    -0.661775148275 (objective)
                    0 (bound viol.)
                    0 (int. viol.)
                    0 (row viol.)
  Timing            0.40
  Max sub-MIP depth 0
  Nodes             1
  Repair LPs        0
  LP iterations     254
                    0 (strong br.)
                    0 (separation)
                    0 (heuristics)
MIP has 10753 rows; 9409 cols; 25537 nonzeros; 1344 integer variables (1344 binary)
Coefficient ranges:
  Matrix  [2e-01, 1e+00]
  Cost    [1e-02, 6e-02]
  Bound   [1e+00, 1e+00]
  RHS     [7e-18, 2e+00]
WARNING: Problem has some excessively small row bounds
Presolving model
8064 rows, 8796 cols, 22235 nonzeros 0s
5961 rows, 6892 cols, 16616 nonzeros 0s
3664 rows, 4668 cols, 10473 nonzeros 0s
3518 rows, 3155 cols, 7017 nonzeros 0s
1195 rows, 2030 cols, 3750 nonzeros 0s
953 rows, 1788 cols, 3266 nonzeros 0s
581 rows, 1426 cols, 2324 nonzeros 0s
532 rows, 1377 cols, 2226 nonzeros 0s
Presolve reductions: rows 532(-10221); columns 1377(-8032); nonzeros 2226(-23311) 

Solving MIP model with:
   532 rows
   1377 cols (81 binary, 0 integer, 0 implied int., 1296 continuous, 0 domain fixed)
   2226 nonzeros

Src: B => Branching; C => Central rounding; F => Feasibility pump; H => Heuristic;
     I => Shifting; J => Feasibility jump; L => Sub-MIP; P => Empty MIP; R => Randomized rounding;
     S => Solve LP; T => Evaluate node; U => Unbounded; X => User solution; Y => HiGHS solution;
     Z => ZI Round; l => Trivial lower; p => Trivial point; u => Trivial upper; z => Trivial zero

        Nodes      |    B&B Tree     |            Objective Bounds              |  Dynamic Constraints |       Work      
Src  Proc. InQueue |  Leaves   Expl. | BestBound       BestSol              Gap |   Cuts   InLp Confl. | LpIters     Time

 J       0       0         0   0.00%   -inf            0.7076260016       Large        0      0      0         0     0.4s
 T       0       0         0   0.00%   -0.9795027499   -0.52719723       85.79%        0      0      0       244     0.4s
         1       0         1 100.00%   -0.52719723     -0.52719723        0.00%        0      0      0       244     0.4s

Solving report
  Status            Optimal
  Primal bound      -0.527197229997
  Dual bound        -0.527197229997
  Gap               0% (tolerance: 0.5%)
  P-D integral      0.0256256347452
  Solution status   feasible
                    -0.527197229997 (objective)
                    0 (bound viol.)
                    0 (int. viol.)
                    0 (row viol.)
  Timing            0.41
  Max sub-MIP depth 0
  Nodes             1
  Repair LPs        0
  LP iterations     244
                    0 (strong br.)
                    0 (separation)
                    0 (heuristics)
MIP has 10753 rows; 9409 cols; 25537 nonzeros; 1344 integer variables (1344 binary)
Coefficient ranges:
  Matrix  [2e-01, 1e+00]
  Cost    [1e-02, 6e-02]
  Bound   [1e+00, 1e+00]
  RHS     [1e-17, 2e+00]
WARNING: Problem has some excessively small row bounds
Presolving model
8064 rows, 8788 cols, 22227 nonzeros 0s
5965 rows, 6888 cols, 16617 nonzeros 0s
3674 rows, 4674 cols, 10496 nonzeros 0s
3531 rows, 3163 cols, 7036 nonzeros 0s
1231 rows, 2067 cols, 3842 nonzeros 0s
950 rows, 1786 cols, 3280 nonzeros 0s
586 rows, 1458 cols, 2356 nonzeros 0s
531 rows, 1392 cols, 2235 nonzeros 0s
Presolve reductions: rows 531(-10222); columns 1392(-8017); nonzeros 2235(-23302) 

Solving MIP model with:
   531 rows
   1392 cols (79 binary, 0 integer, 0 implied int., 1313 continuous, 0 domain fixed)
   2235 nonzeros

Src: B => Branching; C => Central rounding; F => Feasibility pump; H => Heuristic;
     I => Shifting; J => Feasibility jump; L => Sub-MIP; P => Empty MIP; R => Randomized rounding;
     S => Solve LP; T => Evaluate node; U => Unbounded; X => User solution; Y => HiGHS solution;
     Z => ZI Round; l => Trivial lower; p => Trivial point; u => Trivial upper; z => Trivial zero

        Nodes      |    B&B Tree     |            Objective Bounds              |  Dynamic Constraints |       Work      
Src  Proc. InQueue |  Leaves   Expl. | BestBound       BestSol              Gap |   Cuts   InLp Confl. | LpIters     Time

         0       0         0   0.00%   -1.077578738    inf                  inf        0      0      0         0     0.4s
 T       0       0         0   0.00%   -1.077578738    -0.6167516333     74.72%        0      0      0       235     0.4s
         1       0         1 100.00%   -0.6167516333   -0.6167516333      0.00%        0      0      0       235     0.4s

Solving report
  Status            Optimal
  Primal bound      -0.616751633291
  Dual bound        -0.616751633291
  Gap               0% (tolerance: 0.5%)
  P-D integral      4.10204230325e-05
  Solution status   feasible
                    -0.616751633291 (objective)
                    0 (bound viol.)
                    0 (int. viol.)
                    0 (row viol.)
  Timing            0.40
  Max sub-MIP depth 0
  Nodes             1
  Repair LPs        0
  LP iterations     235
                    0 (strong br.)
                    0 (separation)
                    0 (heuristics)
MIP has 10753 rows; 9409 cols; 25537 nonzeros; 1344 integer variables (1344 binary)
Coefficient ranges:
  Matrix  [2e-01, 1e+00]
  Cost    [1e-02, 6e-02]
  Bound   [1e+00, 1e+00]
  RHS     [1e-17, 2e+00]
WARNING: Problem has some excessively small row bounds
Presolving model
8064 rows, 8746 cols, 22185 nonzeros 0s
6008 rows, 6904 cols, 16708 nonzeros 0s
3747 rows, 4735 cols, 10678 nonzeros 0s
3605 rows, 3238 cols, 7224 nonzeros 0s
1326 rows, 2169 cols, 4105 nonzeros 0s
1053 rows, 1896 cols, 3559 nonzeros 0s
656 rows, 1529 cols, 2539 nonzeros 0s
596 rows, 1453 cols, 2403 nonzeros 0s
Presolve reductions: rows 596(-10157); columns 1453(-7956); nonzeros 2403(-23134) 

Solving MIP model with:
   596 rows
   1453 cols (91 binary, 0 integer, 0 implied int., 1362 continuous, 0 domain fixed)
   2403 nonzeros

Src: B => Branching; C => Central rounding; F => Feasibility pump; H => Heuristic;
     I => Shifting; J => Feasibility jump; L => Sub-MIP; P => Empty MIP; R => Randomized rounding;
     S => Solve LP; T => Evaluate node; U => Unbounded; X => User solution; Y => HiGHS solution;
     Z => ZI Round; l => Trivial lower; p => Trivial point; u => Trivial upper; z => Trivial zero

        Nodes      |    B&B Tree     |            Objective Bounds              |  Dynamic Constraints |       Work      
Src  Proc. InQueue |  Leaves   Expl. | BestBound       BestSol              Gap |   Cuts   InLp Confl. | LpIters     Time

         0       0         0   0.00%   -1.271575118    inf                  inf        0      0      0         0     0.4s
 T       0       0         0   0.00%   -1.271575118    -0.8229374317     54.52%        0      0      0       257     0.4s
         1       0         1 100.00%   -0.8229374317   -0.8229374317      0.00%        0      0      0       257     0.4s

Solving report
  Status            Optimal
  Primal bound      -0.822937431661
  Dual bound        -0.822937431661
  Gap               0% (tolerance: 0.5%)
  P-D integral      3.22193228438e-05
  Solution status   feasible
                    -0.822937431661 (objective)
                    0 (bound viol.)
                    0 (int. viol.)
                    0 (row viol.)
  Timing            0.43
  Max sub-MIP depth 0
  Nodes             1
  Repair LPs        0
  LP iterations     257
                    0 (strong br.)
                    0 (separation)
                    0 (heuristics)
MIP has 10753 rows; 9409 cols; 25537 nonzeros; 1344 integer variables (1344 binary)
Coefficient ranges:
  Matrix  [2e-01, 1e+00]
  Cost    [1e-02, 6e-02]
  Bound   [1e+00, 1e+00]
  RHS     [7e-18, 2e+00]
WARNING: Problem has some excessively small row bounds
Presolving model
8064 rows, 8648 cols, 22087 nonzeros 0s
6064 rows, 6883 cols, 16785 nonzeros 0s
3900 rows, 4850 cols, 11058 nonzeros 0s
3771 rows, 3396 cols, 7615 nonzeros 0s
1586 rows, 2451 cols, 4815 nonzeros 0s
1309 rows, 1907 cols, 3496 nonzeros 0s
713 rows, 1637 cols, 2724 nonzeros 0s
619 rows, 1537 cols, 2530 nonzeros 0s
Presolve reductions: rows 619(-10134); columns 1537(-7872); nonzeros 2530(-23007) 

Solving MIP model with:
   619 rows
   1537 cols (96 binary, 0 integer, 0 implied int., 1441 continuous, 0 domain fixed)
   2530 nonzeros

Src: B => Branching; C => Central rounding; F => Feasibility pump; H => Heuristic;
     I => Shifting; J => Feasibility jump; L => Sub-MIP; P => Empty MIP; R => Randomized rounding;
     S => Solve LP; T => Evaluate node; U => Unbounded; X => User solution; Y => HiGHS solution;
     Z => ZI Round; l => Trivial lower; p => Trivial point; u => Trivial upper; z => Trivial zero

        Nodes      |    B&B Tree     |            Objective Bounds              |  Dynamic Constraints |       Work      
Src  Proc. InQueue |  Leaves   Expl. | BestBound       BestSol              Gap |   Cuts   InLp Confl. | LpIters     Time

 J       0       0         0   0.00%   -inf            1.838971636        Large        0      0      0         0     0.4s
 T       0       0         0   0.00%   -1.357687955    -0.4577761987    196.58%        0      0      0       262     0.4s
         1       0         1 100.00%   -0.4577761987   -0.4577761987      0.00%        0      0      0       262     0.4s

Solving report
  Status            Optimal
  Primal bound      -0.457776198698
  Dual bound        -0.457776198698
  Gap               0% (tolerance: 0.5%)
  P-D integral      0.0231097498277
  Solution status   feasible
                    -0.457776198698 (objective)
                    0 (bound viol.)
                    0 (int. viol.)
                    0 (row viol.)
  Timing            0.40
  Max sub-MIP depth 0
  Nodes             1
  Repair LPs        0
  LP iterations     262
                    0 (strong br.)
                    0 (separation)
                    0 (heuristics)
MIP has 10753 rows; 9409 cols; 25537 nonzeros; 1344 integer variables (1344 binary)
Coefficient ranges:
  Matrix  [2e-01, 1e+00]
  Cost    [1e-02, 6e-02]
  Bound   [1e+00, 1e+00]
  RHS     [7e-18, 2e+00]
WARNING: Problem has some excessively small row bounds
Presolving model
8064 rows, 8519 cols, 21958 nonzeros 0s
6138 rows, 6854 cols, 16887 nonzeros 0s
4084 rows, 4977 cols, 11496 nonzeros 0s
3967 rows, 3561 cols, 8052 nonzeros 0s
1870 rows, 2738 cols, 5579 nonzeros 0s
1626 rows, 2104 cols, 3954 nonzeros 0s
802 rows, 1778 cols, 2987 nonzeros 0s
662 rows, 1629 cols, 2698 nonzeros 0s
Presolve reductions: rows 662(-10091); columns 1629(-7780); nonzeros 2698(-22839) 

Solving MIP model with:
   662 rows
   1629 cols (102 binary, 0 integer, 0 implied int., 1527 continuous, 0 domain fixed)
   2698 nonzeros

Src: B => Branching; C => Central rounding; F => Feasibility pump; H => Heuristic;
     I => Shifting; J => Feasibility jump; L => Sub-MIP; P => Empty MIP; R => Randomized rounding;
     S => Solve LP; T => Evaluate node; U => Unbounded; X => User solution; Y => HiGHS solution;
     Z => ZI Round; l => Trivial lower; p => Trivial point; u => Trivial upper; z => Trivial zero

        Nodes      |    B&B Tree     |            Objective Bounds              |  Dynamic Constraints |       Work      
Src  Proc. InQueue |  Leaves   Expl. | BestBound       BestSol              Gap |   Cuts   InLp Confl. | LpIters     Time

 J       0       0         0   0.00%   -inf            3.694599759        Large        0      0      0         0     0.5s
 T       0       0         0   0.00%   -1.42705223     0.141289371     1110.02%        0      0      0       277     0.5s
         1       0         1 100.00%   0.141289371     0.141289371        0.00%        0      0      0       277     0.5s

Solving report
  Status            Optimal
  Primal bound      0.141289370962
  Dual bound        0.141289370962
  Gap               0% (tolerance: 0.5%)
  P-D integral      0.021097488311
  Solution status   feasible
                    0.141289370962 (objective)
                    0 (bound viol.)
                    0 (int. viol.)
                    0 (row viol.)
  Timing            0.54
  Max sub-MIP depth 0
  Nodes             1
  Repair LPs        0
  LP iterations     277
                    0 (strong br.)
                    0 (separation)
                    0 (heuristics)
MIP has 10753 rows; 9409 cols; 25537 nonzeros; 1344 integer variables (1344 binary)
Coefficient ranges:
  Matrix  [2e-01, 1e+00]
  Cost    [1e-02, 6e-02]
  Bound   [1e+00, 1e+00]
  RHS     [2e-18, 2e+00]
WARNING: Problem has some excessively small row bounds
Presolving model
8064 rows, 8495 cols, 21934 nonzeros 0s
6173 rows, 6877 cols, 16969 nonzeros 0s
4135 rows, 5016 cols, 11618 nonzeros 0s
4027 rows, 3620 cols, 8197 nonzeros 0s
1943 rows, 2814 cols, 5768 nonzeros 0s
1699 rows, 2155 cols, 4067 nonzeros 0s
828 rows, 1816 cols, 3059 nonzeros 0s
686 rows, 1664 cols, 2765 nonzeros 0s
Presolve reductions: rows 686(-10067); columns 1664(-7745); nonzeros 2765(-22772) 

Solving MIP model with:
   686 rows
   1664 cols (104 binary, 0 integer, 0 implied int., 1560 continuous, 0 domain fixed)
   2765 nonzeros

Src: B => Branching; C => Central rounding; F => Feasibility pump; H => Heuristic;
     I => Shifting; J => Feasibility jump; L => Sub-MIP; P => Empty MIP; R => Randomized rounding;
     S => Solve LP; T => Evaluate node; U => Unbounded; X => User solution; Y => HiGHS solution;
     Z => ZI Round; l => Trivial lower; p => Trivial point; u => Trivial upper; z => Trivial zero

        Nodes      |    B&B Tree     |            Objective Bounds              |  Dynamic Constraints |       Work      
Src  Proc. InQueue |  Leaves   Expl. | BestBound       BestSol              Gap |   Cuts   InLp Confl. | LpIters     Time

 J       0       0         0   0.00%   -inf            4.28880255         Large        0      0      0         0     0.5s
 T       0       0         0   0.00%   -1.452352685    0.5514647778     363.36%        0      0      0       282     0.5s
         1       0         1 100.00%   0.5514647778    0.5514647778       0.00%        0      0      0       282     0.5s

Solving report
  Status            Optimal
  Primal bound      0.551464777753
  Dual bound        0.551464777753
  Gap               0% (tolerance: 0.5%)
  P-D integral      0.019996149934
  Solution status   feasible
                    0.551464777753 (objective)
                    0 (bound viol.)
                    0 (int. viol.)
                    0 (row viol.)
  Timing            0.53
  Max sub-MIP depth 0
  Nodes             1
  Repair LPs        0
  LP iterations     282
                    0 (strong br.)
                    0 (separation)
                    0 (heuristics)
MIP has 10753 rows; 9409 cols; 25537 nonzeros; 1344 integer variables (1344 binary)
Coefficient ranges:
  Matrix  [2e-01, 1e+00]
  Cost    [1e-02, 6e-02]
  Bound   [1e+00, 1e+00]
  RHS     [2e-18, 2e+00]
WARNING: Problem has some excessively small row bounds
Presolving model
8064 rows, 8542 cols, 21981 nonzeros 0s
6164 rows, 6914 cols, 16989 nonzeros 0s
4096 rows, 5021 cols, 11553 nonzeros 0s
3942 rows, 3559 cols, 8008 nonzeros 0s
1875 rows, 2762 cols, 5604 nonzeros 0s
1619 rows, 2164 cols, 4125 nonzeros 0s
890 rows, 1849 cols, 3204 nonzeros 0s
772 rows, 1673 cols, 2910 nonzeros 0s
Presolve reductions: rows 772(-9981); columns 1673(-7736); nonzeros 2910(-22627) 

Solving MIP model with:
   772 rows
   1673 cols (117 binary, 0 integer, 0 implied int., 1556 continuous, 0 domain fixed)
   2910 nonzeros

Src: B => Branching; C => Central rounding; F => Feasibility pump; H => Heuristic;
     I => Shifting; J => Feasibility jump; L => Sub-MIP; P => Empty MIP; R => Randomized rounding;
     S => Solve LP; T => Evaluate node; U => Unbounded; X => User solution; Y => HiGHS solution;
     Z => ZI Round; l => Trivial lower; p => Trivial point; u => Trivial upper; z => Trivial zero

        Nodes      |    B&B Tree     |            Objective Bounds              |  Dynamic Constraints |       Work      
Src  Proc. InQueue |  Leaves   Expl. | BestBound       BestSol              Gap |   Cuts   InLp Confl. | LpIters     Time

 J       0       0         0   0.00%   -inf            6.344965017        Large        0      0      0         0     0.4s
 T       0       0         0   0.00%   -1.49447163     2.258879524      166.16%        0      0      0       309     0.4s
         1       0         1 100.00%   2.258879524     2.258879524        0.00%        0      0      0       309     0.4s

Solving report
  Status            Optimal
  Primal bound      2.25887952446
  Dual bound        2.25887952446
  Gap               0% (tolerance: 0.5%)
  P-D integral      0.0148222480031
  Solution status   feasible
                    2.25887952446 (objective)
                    0 (bound viol.)
                    0 (int. viol.)
                    0 (row viol.)
  Timing            0.45
  Max sub-MIP depth 0
  Nodes             1
  Repair LPs        0
  LP iterations     309
                    0 (strong br.)
                    0 (separation)
                    0 (heuristics)
MIP has 10753 rows; 9409 cols; 25537 nonzeros; 1344 integer variables (1344 binary)
Coefficient ranges:
  Matrix  [2e-01, 1e+00]
  Cost    [1e-02, 6e-02]
  Bound   [1e+00, 1e+00]
  RHS     [3e-18, 2e+00]
WARNING: Problem has some excessively small row bounds
Presolving model
8064 rows, 8548 cols, 21987 nonzeros 0s
6148 rows, 6899 cols, 16950 nonzeros 0s
4066 rows, 4982 cols, 11472 nonzeros 0s
3909 rows, 3523 cols, 7921 nonzeros 0s
1827 rows, 2710 cols, 5470 nonzeros 0s
1570 rows, 2160 cols, 4105 nonzeros 0s
944 rows, 1900 cols, 3353 nonzeros 0s
840 rows, 1720 cols, 3069 nonzeros 0s
Presolve reductions: rows 840(-9913); columns 1720(-7689); nonzeros 3069(-22468) 

Solving MIP model with:
   840 rows
   1720 cols (128 binary, 0 integer, 0 implied int., 1592 continuous, 0 domain fixed)
   3069 nonzeros

Src: B => Branching; C => Central rounding; F => Feasibility pump; H => Heuristic;
     I => Shifting; J => Feasibility jump; L => Sub-MIP; P => Empty MIP; R => Randomized rounding;
     S => Solve LP; T => Evaluate node; U => Unbounded; X => User solution; Y => HiGHS solution;
     Z => ZI Round; l => Trivial lower; p => Trivial point; u => Trivial upper; z => Trivial zero

        Nodes      |    B&B Tree     |            Objective Bounds              |  Dynamic Constraints |       Work      
Src  Proc. InQueue |  Leaves   Expl. | BestBound       BestSol              Gap |   Cuts   InLp Confl. | LpIters     Time

 J       0       0         0   0.00%   -inf            7.207475194        Large        0      0      0         0     0.5s
 T       0       0         0   0.00%   -1.545725328    2.840250326      154.42%        0      0      0       340     0.5s
         1       0         1 100.00%   2.840250326     2.840250326        0.00%        0      0      0       340     0.5s

Solving report
  Status            Optimal
  Primal bound      2.84025032565
  Dual bound        2.84025032565
  Gap               0% (tolerance: 0.5%)
  P-D integral      0.0153524237122
  Solution status   feasible
                    2.84025032565 (objective)
                    0 (bound viol.)
                    0 (int. viol.)
                    0 (row viol.)
  Timing            0.49
  Max sub-MIP depth 0
  Nodes             1
  Repair LPs        0
  LP iterations     340
                    0 (strong br.)
                    0 (separation)
                    0 (heuristics)
MIP has 10753 rows; 9409 cols; 25537 nonzeros; 1344 integer variables (1344 binary)
Coefficient ranges:
  Matrix  [2e-01, 1e+00]
  Cost    [1e-02, 6e-02]
  Bound   [1e+00, 1e+00]
  RHS     [7e-17, 2e+00]
WARNING: Problem has some excessively small row bounds
Presolving model
8064 rows, 8564 cols, 22003 nonzeros 0s
6129 rows, 6887 cols, 16903 nonzeros 0s
4055 rows, 4975 cols, 11441 nonzeros 0s
3929 rows, 3538 cols, 7973 nonzeros 0s
1824 rows, 2698 cols, 5465 nonzeros 0s
1563 rows, 2107 cols, 3998 nonzeros 0s
850 rows, 1784 cols, 3089 nonzeros 0s
742 rows, 1586 cols, 2783 nonzeros 0s
Presolve reductions: rows 742(-10011); columns 1586(-7823); nonzeros 2783(-22754) 

Solving MIP model with:
   742 rows
   1586 cols (114 binary, 0 integer, 0 implied int., 1472 continuous, 0 domain fixed)
   2783 nonzeros

Src: B => Branching; C => Central rounding; F => Feasibility pump; H => Heuristic;
     I => Shifting; J => Feasibility jump; L => Sub-MIP; P => Empty MIP; R => Randomized rounding;
     S => Solve LP; T => Evaluate node; U => Unbounded; X => User solution; Y => HiGHS solution;
     Z => ZI Round; l => Trivial lower; p => Trivial point; u => Trivial upper; z => Trivial zero

        Nodes      |    B&B Tree     |            Objective Bounds              |  Dynamic Constraints |       Work      
Src  Proc. InQueue |  Leaves   Expl. | BestBound       BestSol              Gap |   Cuts   InLp Confl. | LpIters     Time

 J       0       0         0   0.00%   -inf            5.542267608        Large        0      0      0         0     0.5s
 T       0       0         0   0.00%   -1.496738158    1.774225387      184.36%        0      0      0       297     0.5s
         1       0         1 100.00%   1.774225387     1.774225387        0.00%        0      0      0       297     0.5s

Solving report
  Status            Optimal
  Primal bound      1.77422538718
  Dual bound        1.77422538718
  Gap               0% (tolerance: 0.5%)
  P-D integral      0.0153124456118
  Solution status   feasible
                    1.77422538718 (objective)
                    0 (bound viol.)
                    0 (int. viol.)
                    0 (row viol.)
  Timing            0.47
  Max sub-MIP depth 0
  Nodes             1
  Repair LPs        0
  LP iterations     297
                    0 (strong br.)
                    0 (separation)
                    0 (heuristics)
MIP has 10753 rows; 9409 cols; 25537 nonzeros; 1344 integer variables (1344 binary)
Coefficient ranges:
  Matrix  [2e-01, 1e+00]
  Cost    [1e-02, 6e-02]
  Bound   [1e+00, 1e+00]
  RHS     [3e-18, 2e+00]
WARNING: Problem has some excessively small row bounds
Presolving model
8064 rows, 8549 cols, 21988 nonzeros 0s
6149 rows, 6899 cols, 16947 nonzeros 0s
4054 rows, 4961 cols, 11426 nonzeros 0s
3935 rows, 3545 cols, 7989 nonzeros 0s
1815 rows, 2692 cols, 5450 nonzeros 0s
1563 rows, 2105 cols, 3990 nonzeros 0s
867 rows, 1798 cols, 3132 nonzeros 0s
750 rows, 1557 cols, 2774 nonzeros 0s
Presolve reductions: rows 750(-10003); columns 1557(-7852); nonzeros 2774(-22763) 

Solving MIP model with:
   750 rows
   1557 cols (117 binary, 0 integer, 0 implied int., 1440 continuous, 0 domain fixed)
   2774 nonzeros

Src: B => Branching; C => Central rounding; F => Feasibility pump; H => Heuristic;
     I => Shifting; J => Feasibility jump; L => Sub-MIP; P => Empty MIP; R => Randomized rounding;
     S => Solve LP; T => Evaluate node; U => Unbounded; X => User solution; Y => HiGHS solution;
     Z => ZI Round; l => Trivial lower; p => Trivial point; u => Trivial upper; z => Trivial zero

        Nodes      |    B&B Tree     |            Objective Bounds              |  Dynamic Constraints |       Work      
Src  Proc. InQueue |  Leaves   Expl. | BestBound       BestSol              Gap |   Cuts   InLp Confl. | LpIters     Time

 J       0       0         0   0.00%   -inf            7.396109312        Large        0      0      0         0     0.4s
 T       0       0         0   0.00%   -1.411810733    3.430348074      141.16%        0      0      0       279     0.4s
         1       0         1 100.00%   3.430348074     3.430348074        0.00%        0      0      0       279     0.4s

Solving report
  Status            Optimal
  Primal bound      3.43034807362
  Dual bound        3.43034807362
  Gap               0% (tolerance: 0.5%)
  P-D integral      0.0160192583116
  Solution status   feasible
                    3.43034807362 (objective)
                    0 (bound viol.)
                    0 (int. viol.)
                    0 (row viol.)
  Timing            0.42
  Max sub-MIP depth 0
  Nodes             1
  Repair LPs        0
  LP iterations     279
                    0 (strong br.)
                    0 (separation)
                    0 (heuristics)
MIP has 10753 rows; 9409 cols; 25537 nonzeros; 1344 integer variables (1344 binary)
Coefficient ranges:
  Matrix  [2e-01, 1e+00]
  Cost    [1e-02, 6e-02]
  Bound   [1e+00, 1e+00]
  RHS     [3e-18, 2e+00]
WARNING: Problem has some excessively small row bounds
Presolving model
8064 rows, 8512 cols, 21951 nonzeros 0s
6184 rows, 6914 cols, 17033 nonzeros 0s
4192 rows, 5110 cols, 11813 nonzeros 0s
4073 rows, 3712 cols, 8361 nonzeros 0s
2033 rows, 2962 cols, 6082 nonzeros 0s
1790 rows, 2453 cols, 4862 nonzeros 0s
1265 rows, 2240 cols, 4236 nonzeros 0s
1181 rows, 2074 cols, 3986 nonzeros 0s
Presolve reductions: rows 1181(-9572); columns 2074(-7335); nonzeros 3986(-21551) 

Solving MIP model with:
   1181 rows
   2074 cols (183 binary, 0 integer, 0 implied int., 1891 continuous, 0 domain fixed)
   3986 nonzeros

Src: B => Branching; C => Central rounding; F => Feasibility pump; H => Heuristic;
     I => Shifting; J => Feasibility jump; L => Sub-MIP; P => Empty MIP; R => Randomized rounding;
     S => Solve LP; T => Evaluate node; U => Unbounded; X => User solution; Y => HiGHS solution;
     Z => ZI Round; l => Trivial lower; p => Trivial point; u => Trivial upper; z => Trivial zero

        Nodes      |    B&B Tree     |            Objective Bounds              |  Dynamic Constraints |       Work      
Src  Proc. InQueue |  Leaves   Expl. | BestBound       BestSol              Gap |   Cuts   InLp Confl. | LpIters     Time

 J       0       0         0   0.00%   -inf            9.586177719        Large        0      0      0         0     0.4s
 T       0       0         0   0.00%   -1.705628041    4.776664416      135.71%        0      0      0       429     0.4s
         1       0         1 100.00%   4.776664416     4.776664416        0.00%        0      0      0       429     0.5s

Solving report
  Status            Optimal
  Primal bound      4.77666441563
  Dual bound        4.77666441563
  Gap               0% (tolerance: 0.5%)
  P-D integral      0.0203518796516
  Solution status   feasible
                    4.77666441563 (objective)
                    0 (bound viol.)
                    0 (int. viol.)
                    0 (row viol.)
  Timing            0.45
  Max sub-MIP depth 0
  Nodes             1
  Repair LPs        0
  LP iterations     429
                    0 (strong br.)
                    0 (separation)
                    0 (heuristics)
MIP has 10753 rows; 9409 cols; 25537 nonzeros; 1344 integer variables (1344 binary)
Coefficient ranges:
  Matrix  [2e-01, 1e+00]
  Cost    [1e-02, 6e-02]
  Bound   [1e+00, 1e+00]
  RHS     [7e-18, 2e+00]
WARNING: Problem has some excessively small row bounds
Presolving model
8064 rows, 8496 cols, 21935 nonzeros 0s
6196 rows, 6913 cols, 17052 nonzeros 0s
4185 rows, 5088 cols, 11788 nonzeros 0s
4068 rows, 3689 cols, 8328 nonzeros 0s
2046 rows, 2963 cols, 6104 nonzeros 0s
1786 rows, 2440 cols, 4835 nonzeros 0s
1278 rows, 2256 cols, 4285 nonzeros 0s
1199 rows, 2080 cols, 4030 nonzeros 0s
Presolve reductions: rows 1199(-9554); columns 2080(-7329); nonzeros 4030(-21507) 

Solving MIP model with:
   1199 rows
   2080 cols (188 binary, 0 integer, 0 implied int., 1892 continuous, 0 domain fixed)
   4030 nonzeros

Src: B => Branching; C => Central rounding; F => Feasibility pump; H => Heuristic;
     I => Shifting; J => Feasibility jump; L => Sub-MIP; P => Empty MIP; R => Randomized rounding;
     S => Solve LP; T => Evaluate node; U => Unbounded; X => User solution; Y => HiGHS solution;
     Z => ZI Round; l => Trivial lower; p => Trivial point; u => Trivial upper; z => Trivial zero

        Nodes      |    B&B Tree     |            Objective Bounds              |  Dynamic Constraints |       Work      
Src  Proc. InQueue |  Leaves   Expl. | BestBound       BestSol              Gap |   Cuts   InLp Confl. | LpIters     Time

 J       0       0         0   0.00%   -inf            10.54598242        Large        0      0      0         0     0.4s
 T       0       0         0   0.00%   -1.70098592     5.770412023      129.48%        0      0      0       436     0.4s
         1       0         1 100.00%   5.770412023     5.770412023        0.00%        0      0      0       436     0.4s

Solving report
  Status            Optimal
  Primal bound      5.77041202259
  Dual bound        5.77041202259
  Gap               0% (tolerance: 0.5%)
  P-D integral      0.0190193693983
  Solution status   feasible
                    5.77041202259 (objective)
                    0 (bound viol.)
                    0 (int. viol.)
                    0 (row viol.)
  Timing            0.44
  Max sub-MIP depth 0
  Nodes             1
  Repair LPs        0
  LP iterations     436
                    0 (strong br.)
                    0 (separation)
                    0 (heuristics)
MIP has 10753 rows; 9409 cols; 25537 nonzeros; 1344 integer variables (1344 binary)
Coefficient ranges:
  Matrix  [2e-01, 1e+00]
  Cost    [1e-02, 6e-02]
  Bound   [1e+00, 1e+00]
  RHS     [3e-18, 2e+00]
WARNING: Problem has some excessively small row bounds
Presolving model
8064 rows, 8363 cols, 21802 nonzeros 0s
6228 rows, 6826 cols, 17021 nonzeros 0s
4259 rows, 5060 cols, 11882 nonzeros 0s
4152 rows, 3674 cols, 8442 nonzeros 0s
2151 rows, 2971 cols, 6281 nonzeros 0s
1938 rows, 2215 cols, 4253 nonzeros 0s
834 rows, 1817 cols, 3054 nonzeros 0s
647 rows, 1566 cols, 2616 nonzeros 0s
639 rows, 1532 cols, 2574 nonzeros 0s
Presolve reductions: rows 639(-10114); columns 1532(-7877); nonzeros 2574(-22963) 

Solving MIP model with:
   639 rows
   1532 cols (101 binary, 0 integer, 0 implied int., 1431 continuous, 0 domain fixed)
   2574 nonzeros

Src: B => Branching; C => Central rounding; F => Feasibility pump; H => Heuristic;
     I => Shifting; J => Feasibility jump; L => Sub-MIP; P => Empty MIP; R => Randomized rounding;
     S => Solve LP; T => Evaluate node; U => Unbounded; X => User solution; Y => HiGHS solution;
     Z => ZI Round; l => Trivial lower; p => Trivial point; u => Trivial upper; z => Trivial zero

        Nodes      |    B&B Tree     |            Objective Bounds              |  Dynamic Constraints |       Work      
Src  Proc. InQueue |  Leaves   Expl. | BestBound       BestSol              Gap |   Cuts   InLp Confl. | LpIters     Time

 J       0       0         0   0.00%   -inf            11.77592458        Large        0      0      0         0     0.5s
 T       0       0         0   0.00%   -0.8134963299   9.330859108      108.72%        0      0      0       232     0.5s
         1       0         1 100.00%   9.330859108     9.330859108        0.00%        0      0      0       232     0.5s

Solving report
  Status            Optimal
  Primal bound      9.33085910849
  Dual bound        9.33085910849
  Gap               0% (tolerance: 0.5%)
  P-D integral      0.0138254366296
  Solution status   feasible
                    9.33085910849 (objective)
                    0 (bound viol.)
                    0 (int. viol.)
                    0 (row viol.)
  Timing            0.49
  Max sub-MIP depth 0
  Nodes             1
  Repair LPs        0
  LP iterations     232
                    0 (strong br.)
                    0 (separation)
                    0 (heuristics)
MIP has 10753 rows; 9409 cols; 25537 nonzeros; 1344 integer variables (1344 binary)
Coefficient ranges:
  Matrix  [2e-01, 1e+00]
  Cost    [1e-02, 6e-02]
  Bound   [1e+00, 1e+00]
  RHS     [3e-18, 2e+00]
WARNING: Problem has some excessively small row bounds
Presolving model
8064 rows, 8285 cols, 21724 nonzeros 0s
6235 rows, 6756 cols, 16966 nonzeros 0s
4270 rows, 5000 cols, 11846 nonzeros 0s
4146 rows, 3595 cols, 8341 nonzeros 0s
2176 rows, 2930 cols, 6285 nonzeros 0s
1970 rows, 2048 cols, 3868 nonzeros 0s
610 rows, 1570 cols, 2417 nonzeros 0s
419 rows, 1377 cols, 2033 nonzeros 0s
386 rows, 1278 cols, 1901 nonzeros 0s
Presolve reductions: rows 386(-10367); columns 1278(-8131); nonzeros 1901(-23636) 

Solving MIP model with:
   386 rows
   1278 cols (60 binary, 0 integer, 0 implied int., 1218 continuous, 0 domain fixed)
   1901 nonzeros

Src: B => Branching; C => Central rounding; F => Feasibility pump; H => Heuristic;
     I => Shifting; J => Feasibility jump; L => Sub-MIP; P => Empty MIP; R => Randomized rounding;
     S => Solve LP; T => Evaluate node; U => Unbounded; X => User solution; Y => HiGHS solution;
     Z => ZI Round; l => Trivial lower; p => Trivial point; u => Trivial upper; z => Trivial zero

        Nodes      |    B&B Tree     |            Objective Bounds              |  Dynamic Constraints |       Work      
Src  Proc. InQueue |  Leaves   Expl. | BestBound       BestSol              Gap |   Cuts   InLp Confl. | LpIters     Time

 J       0       0         0   0.00%   -inf            10.55175352        Large        0      0      0         0     0.5s
 T       0       0         0   0.00%   -0.3894271232   9.255689185      104.21%        0      0      0       141     0.6s
         1       0         1 100.00%   9.255689185     9.255689185        0.00%        0      0      0       141     0.6s

Solving report
  Status            Optimal
  Primal bound      9.25568918546
  Dual bound        9.25568918546
  Gap               0% (tolerance: 0.5%)
  P-D integral      0.0171030729992
  Solution status   feasible
                    9.25568918546 (objective)
                    0 (bound viol.)
                    0 (int. viol.)
                    0 (row viol.)
  Timing            0.56
  Max sub-MIP depth 0
  Nodes             1
  Repair LPs        0
  LP iterations     141
                    0 (strong br.)
                    0 (separation)
                    0 (heuristics)
MIP has 10753 rows; 9409 cols; 25537 nonzeros; 1344 integer variables (1344 binary)
Coefficient ranges:
  Matrix  [2e-01, 1e+00]
  Cost    [1e-02, 6e-02]
  Bound   [1e+00, 1e+00]
  RHS     [1e-17, 2e+00]
WARNING: Problem has some excessively small row bounds
Presolving model
8064 rows, 8413 cols, 21852 nonzeros 0s
6180 rows, 6808 cols, 16919 nonzeros 0s
4177 rows, 4991 cols, 11667 nonzeros 0s
4075 rows, 3613 cols, 8249 nonzeros 0s
2040 rows, 2870 cols, 5989 nonzeros 0s
1811 rows, 2110 cols, 3986 nonzeros 0s
684 rows, 1659 cols, 2650 nonzeros 0s
505 rows, 1442 cols, 2254 nonzeros 0s
496 rows, 1415 cols, 2218 nonzeros 0s
Presolve reductions: rows 496(-10257); columns 1415(-7994); nonzeros 2218(-23319) 

Solving MIP model with:
   496 rows
   1415 cols (77 binary, 0 integer, 0 implied int., 1338 continuous, 0 domain fixed)
   2218 nonzeros

Src: B => Branching; C => Central rounding; F => Feasibility pump; H => Heuristic;
     I => Shifting; J => Feasibility jump; L => Sub-MIP; P => Empty MIP; R => Randomized rounding;
     S => Solve LP; T => Evaluate node; U => Unbounded; X => User solution; Y => HiGHS solution;
     Z => ZI Round; l => Trivial lower; p => Trivial point; u => Trivial upper; z => Trivial zero

        Nodes      |    B&B Tree     |            Objective Bounds              |  Dynamic Constraints |       Work      
Src  Proc. InQueue |  Leaves   Expl. | BestBound       BestSol              Gap |   Cuts   InLp Confl. | LpIters     Time

 J       0       0         0   0.00%   -inf            7.637185607        Large        0      0      0         0     0.4s
 T       0       0         0   0.00%   -0.8062252431   5.296118271      115.22%        0      0      0       196     0.4s
         1       0         1 100.00%   5.296118271     5.296118271        0.00%        0      0      0       196     0.4s

Solving report
  Status            Optimal
  Primal bound      5.29611827127
  Dual bound        5.29611827127
  Gap               0% (tolerance: 0.5%)
  P-D integral      0.0121440855899
  Solution status   feasible
                    5.29611827127 (objective)
                    0 (bound viol.)
                    0 (int. viol.)
                    0 (row viol.)
  Timing            0.42
  Max sub-MIP depth 0
  Nodes             1
  Repair LPs        0
  LP iterations     196
                    0 (strong br.)
                    0 (separation)
                    0 (heuristics)
MIP has 10753 rows; 9409 cols; 25537 nonzeros; 1344 integer variables (1344 binary)
Coefficient ranges:
  Matrix  [2e-01, 1e+00]
  Cost    [1e-02, 6e-02]
  Bound   [1e+00, 1e+00]
  RHS     [3e-18, 2e+00]
WARNING: Problem has some excessively small row bounds
Presolving model
8064 rows, 8494 cols, 21933 nonzeros 0s
6141 rows, 6839 cols, 16883 nonzeros 0s
4065 rows, 4924 cols, 11409 nonzeros 0s
3919 rows, 3487 cols, 7913 nonzeros 0s
1819 rows, 2647 cols, 5405 nonzeros 0s
1565 rows, 1973 cols, 3677 nonzeros 0s
671 rows, 1593 cols, 2589 nonzeros 0s
527 rows, 1346 cols, 2198 nonzeros 0s
522 rows, 1282 cols, 2129 nonzeros 0s
Presolve reductions: rows 522(-10231); columns 1282(-8127); nonzeros 2129(-23408) 

Solving MIP model with:
   522 rows
   1282 cols (82 binary, 0 integer, 0 implied int., 1200 continuous, 0 domain fixed)
   2129 nonzeros

Src: B => Branching; C => Central rounding; F => Feasibility pump; H => Heuristic;
     I => Shifting; J => Feasibility jump; L => Sub-MIP; P => Empty MIP; R => Randomized rounding;
     S => Solve LP; T => Evaluate node; U => Unbounded; X => User solution; Y => HiGHS solution;
     Z => ZI Round; l => Trivial lower; p => Trivial point; u => Trivial upper; z => Trivial zero

        Nodes      |    B&B Tree     |            Objective Bounds              |  Dynamic Constraints |       Work      
Src  Proc. InQueue |  Leaves   Expl. | BestBound       BestSol              Gap |   Cuts   InLp Confl. | LpIters     Time

 J       0       0         0   0.00%   -inf            8.504279265        Large        0      0      0         0     0.4s
 T       0       0         0   0.00%   -0.5024677468   5.919457773      108.49%        0      0      0       203     0.4s
         1       0         1 100.00%   5.919457773     5.919457773        0.00%        0      0      0       203     0.4s

Solving report
  Status            Optimal
  Primal bound      5.91945777283
  Dual bound        5.91945777283
  Gap               0% (tolerance: 0.5%)
  P-D integral      0.00808430529562
  Solution status   feasible
                    5.91945777283 (objective)
                    0 (bound viol.)
                    0 (int. viol.)
                    0 (row viol.)
  Timing            0.44
  Max sub-MIP depth 0
  Nodes             1
  Repair LPs        0
  LP iterations     203
                    0 (strong br.)
                    0 (separation)
                    0 (heuristics)
MIP has 10753 rows; 9409 cols; 25537 nonzeros; 1344 integer variables (1344 binary)
Coefficient ranges:
  Matrix  [2e-01, 1e+00]
  Cost    [1e-02, 6e-02]
  Bound   [1e+00, 1e+00]
  RHS     [3e-18, 2e+00]
WARNING: Problem has some excessively small row bounds
Presolving model
8064 rows, 8507 cols, 21946 nonzeros 0s
6124 rows, 6826 cols, 16837 nonzeros 0s
4051 rows, 4907 cols, 11365 nonzeros 0s
3933 rows, 3490 cols, 7937 nonzeros 0s
1804 rows, 2623 cols, 5350 nonzeros 0s
1553 rows, 1881 cols, 3433 nonzeros 0s
506 rows, 1450 cols, 2159 nonzeros 0s
357 rows, 1262 cols, 1822 nonzeros 0s
331 rows, 1045 cols, 1579 nonzeros 0s
330 rows, 1044 cols, 1577 nonzeros 0s
Presolve reductions: rows 330(-10423); columns 1044(-8365); nonzeros 1577(-23960) 

Solving MIP model with:
   330 rows
   1044 cols (51 binary, 0 integer, 0 implied int., 993 continuous, 0 domain fixed)
   1577 nonzeros

Src: B => Branching; C => Central rounding; F => Feasibility pump; H => Heuristic;
     I => Shifting; J => Feasibility jump; L => Sub-MIP; P => Empty MIP; R => Randomized rounding;
     S => Solve LP; T => Evaluate node; U => Unbounded; X => User solution; Y => HiGHS solution;
     Z => ZI Round; l => Trivial lower; p => Trivial point; u => Trivial upper; z => Trivial zero

        Nodes      |    B&B Tree     |            Objective Bounds              |  Dynamic Constraints |       Work      
Src  Proc. InQueue |  Leaves   Expl. | BestBound       BestSol              Gap |   Cuts   InLp Confl. | LpIters     Time

 J       0       0         0   0.00%   -inf            10.54570107        Large        0      0      0         0     0.4s
 T       0       0         0   0.00%   -0.5894112764   8.664403486      106.80%        0      0      0       123     0.4s
         1       0         1 100.00%   8.664403486     8.664403486        0.00%        0      0      0       123     0.4s

Solving report
  Status            Optimal
  Primal bound      8.66440348606
  Dual bound        8.66440348606
  Gap               0% (tolerance: 0.5%)
  P-D integral      0.00944902891657
  Solution status   feasible
                    8.66440348606 (objective)
                    0 (bound viol.)
                    0 (int. viol.)
                    0 (row viol.)
  Timing            0.43
  Max sub-MIP depth 0
  Nodes             1
  Repair LPs        0
  LP iterations     123
                    0 (strong br.)
                    0 (separation)
                    0 (heuristics)
MIP has 10753 rows; 9409 cols; 25537 nonzeros; 1344 integer variables (1344 binary)
Coefficient ranges:
  Matrix  [2e-01, 1e+00]
  Cost    [1e-02, 6e-02]
  Bound   [1e+00, 1e+00]
  RHS     [5e-18, 2e+00]
WARNING: Problem has some excessively small row bounds
Presolving model
8064 rows, 8479 cols, 21918 nonzeros 0s
6130 rows, 6808 cols, 16833 nonzeros 0s
4082 rows, 4925 cols, 11442 nonzeros 0s
3977 rows, 3526 cols, 8042 nonzeros 0s
1851 rows, 2664 cols, 5470 nonzeros 0s
1613 rows, 1905 cols, 3498 nonzeros 0s
519 rows, 1461 cols, 2187 nonzeros 0s
362 rows, 1288 cols, 1857 nonzeros 0s
335 rows, 1052 cols, 1594 nonzeros 0s
334 rows, 1051 cols, 1592 nonzeros 0s
Presolve reductions: rows 334(-10419); columns 1051(-8358); nonzeros 1592(-23945) 

Solving MIP model with:
   334 rows
   1051 cols (52 binary, 0 integer, 0 implied int., 999 continuous, 0 domain fixed)
   1592 nonzeros

Src: B => Branching; C => Central rounding; F => Feasibility pump; H => Heuristic;
     I => Shifting; J => Feasibility jump; L => Sub-MIP; P => Empty MIP; R => Randomized rounding;
     S => Solve LP; T => Evaluate node; U => Unbounded; X => User solution; Y => HiGHS solution;
     Z => ZI Round; l => Trivial lower; p => Trivial point; u => Trivial upper; z => Trivial zero

        Nodes      |    B&B Tree     |            Objective Bounds              |  Dynamic Constraints |       Work      
Src  Proc. InQueue |  Leaves   Expl. | BestBound       BestSol              Gap |   Cuts   InLp Confl. | LpIters     Time

 J       0       0         0   0.00%   -inf            10.53447019        Large        0      0      0         0     0.4s
 T       0       0         0   0.00%   -0.6137126732   8.616612513      107.12%        0      0      0       129     0.4s
         1       0         1 100.00%   8.616612513     8.616612513        0.00%        0      0      0       129     0.4s

Solving report
  Status            Optimal
  Primal bound      8.61661251318
  Dual bound        8.61661251318
  Gap               0% (tolerance: 0.5%)
  P-D integral      0.00916870902952
  Solution status   feasible
                    8.61661251318 (objective)
                    0 (bound viol.)
                    0 (int. viol.)
                    0 (row viol.)
  Timing            0.41
  Max sub-MIP depth 0
  Nodes             1
  Repair LPs        0
  LP iterations     129
                    0 (strong br.)
                    0 (separation)
                    0 (heuristics)
MIP has 10753 rows; 9409 cols; 25537 nonzeros; 1344 integer variables (1344 binary)
Coefficient ranges:
  Matrix  [2e-01, 1e+00]
  Cost    [1e-02, 6e-02]
  Bound   [1e+00, 1e+00]
  RHS     [3e-18, 2e+00]
WARNING: Problem has some excessively small row bounds
Presolving model
8064 rows, 8439 cols, 21878 nonzeros 0s
6152 rows, 6799 cols, 16862 nonzeros 0s
4094 rows, 4917 cols, 11451 nonzeros 0s
3954 rows, 3478 cols, 7930 nonzeros 0s
1892 rows, 2695 cols, 5578 nonzeros 0s
1658 rows, 1930 cols, 3585 nonzeros 0s
539 rows, 1456 cols, 2218 nonzeros 0s
374 rows, 1255 cols, 1852 nonzeros 0s
349 rows, 1066 cols, 1638 nonzeros 0s
Presolve reductions: rows 349(-10404); columns 1066(-8343); nonzeros 1638(-23899) 

Solving MIP model with:
   349 rows
   1066 cols (56 binary, 0 integer, 0 implied int., 1010 continuous, 0 domain fixed)
   1638 nonzeros

Src: B => Branching; C => Central rounding; F => Feasibility pump; H => Heuristic;
     I => Shifting; J => Feasibility jump; L => Sub-MIP; P => Empty MIP; R => Randomized rounding;
     S => Solve LP; T => Evaluate node; U => Unbounded; X => User solution; Y => HiGHS solution;
     Z => ZI Round; l => Trivial lower; p => Trivial point; u => Trivial upper; z => Trivial zero

        Nodes      |    B&B Tree     |            Objective Bounds              |  Dynamic Constraints |       Work      
Src  Proc. InQueue |  Leaves   Expl. | BestBound       BestSol              Gap |   Cuts   InLp Confl. | LpIters     Time

 J       0       0         0   0.00%   -inf            9.038924662        Large        0      0      0         0     0.4s
 T       0       0         0   0.00%   0.1332576501    7.159478058       98.14%        0      0      0       137     0.4s
         1       0         1 100.00%   7.159478058     7.159478058        0.00%        0      0      0       137     0.4s

Solving report
  Status            Optimal
  Primal bound      7.15947805807
  Dual bound        7.15947805807
  Gap               0% (tolerance: 0.5%)
  P-D integral      0.0082856330869
  Solution status   feasible
                    7.15947805807 (objective)
                    0 (bound viol.)
                    0 (int. viol.)
                    0 (row viol.)
  Timing            0.44
  Max sub-MIP depth 0
  Nodes             1
  Repair LPs        0
  LP iterations     137
                    0 (strong br.)
                    0 (separation)
                    0 (heuristics)
MIP has 10753 rows; 9409 cols; 25537 nonzeros; 1344 integer variables (1344 binary)
Coefficient ranges:
  Matrix  [2e-01, 1e+00]
  Cost    [1e-02, 6e-02]
  Bound   [1e+00, 1e+00]
  RHS     [3e-18, 2e+00]
WARNING: Problem has some excessively small row bounds
Presolving model
8064 rows, 8457 cols, 21896 nonzeros 0s
6127 rows, 6783 cols, 16805 nonzeros 0s
4049 rows, 4872 cols, 11337 nonzeros 0s
3917 rows, 3439 cols, 7865 nonzeros 0s
1798 rows, 2578 cols, 5303 nonzeros 0s
1562 rows, 1756 cols, 3139 nonzeros 0s
340 rows, 1266 cols, 1683 nonzeros 0s
194 rows, 1120 cols, 1391 nonzeros 0s
135 rows, 964 cols, 1176 nonzeros 0s
127 rows, 820 cols, 1024 nonzeros 0s
Presolve reductions: rows 127(-10626); columns 820(-8589); nonzeros 1024(-24513) 

Solving MIP model with:
   127 rows
   820 cols (20 binary, 0 integer, 0 implied int., 800 continuous, 0 domain fixed)
   1024 nonzeros

Src: B => Branching; C => Central rounding; F => Feasibility pump; H => Heuristic;
     I => Shifting; J => Feasibility jump; L => Sub-MIP; P => Empty MIP; R => Randomized rounding;
     S => Solve LP; T => Evaluate node; U => Unbounded; X => User solution; Y => HiGHS solution;
     Z => ZI Round; l => Trivial lower; p => Trivial point; u => Trivial upper; z => Trivial zero

        Nodes      |    B&B Tree     |            Objective Bounds              |  Dynamic Constraints |       Work      
Src  Proc. InQueue |  Leaves   Expl. | BestBound       BestSol              Gap |   Cuts   InLp Confl. | LpIters     Time

 J       0       0         0   0.00%   -inf            9.795714604        Large        0      0      0         0     0.5s
 T       0       0         0   0.00%   -0.1745822343   9.199986134      101.90%        0      0      0        44     0.5s
         1       0         1 100.00%   9.199986134     9.199986134        0.00%        0      0      0        44     0.5s

Solving report
  Status            Optimal
  Primal bound      9.19998613407
  Dual bound        9.19998613407
  Gap               0% (tolerance: 0.5%)
  P-D integral      0.00810202251419
  Solution status   feasible
                    9.19998613407 (objective)
                    0 (bound viol.)
                    0 (int. viol.)
                    0 (row viol.)
  Timing            0.50
  Max sub-MIP depth 0
  Nodes             1
  Repair LPs        0
  LP iterations     44
                    0 (strong br.)
                    0 (separation)
                    0 (heuristics)
MIP has 10753 rows; 9409 cols; 25537 nonzeros; 1344 integer variables (1344 binary)
Coefficient ranges:
  Matrix  [2e-01, 1e+00]
  Cost    [1e-02, 6e-02]
  Bound   [1e+00, 1e+00]
  RHS     [3e-18, 2e+00]
WARNING: Problem has some excessively small row bounds
Presolving model
8064 rows, 8508 cols, 21947 nonzeros 0s
6105 rows, 6802 cols, 16782 nonzeros 0s
4007 rows, 4855 cols, 11245 nonzeros 0s
3888 rows, 3425 cols, 7812 nonzeros 0s
1735 rows, 2526 cols, 5144 nonzeros 0s
1497 rows, 1726 cols, 3065 nonzeros 0s
312 rows, 912 cols, 1291 nonzeros 0s
223 rows, 749 cols, 1039 nonzeros 0s
170 rows, 616 cols, 853 nonzeros 0s
141 rows, 518 cols, 726 nonzeros 0s
116 rows, 395 cols, 578 nonzeros 0s
107 rows, 326 cols, 500 nonzeros 0s
106 rows, 323 cols, 496 nonzeros 0s
Presolve reductions: rows 106(-10647); columns 323(-9086); nonzeros 496(-25041) 

Solving MIP model with:
   106 rows
   323 cols (17 binary, 0 integer, 0 implied int., 306 continuous, 0 domain fixed)
   496 nonzeros

Src: B => Branching; C => Central rounding; F => Feasibility pump; H => Heuristic;
     I => Shifting; J => Feasibility jump; L => Sub-MIP; P => Empty MIP; R => Randomized rounding;
     S => Solve LP; T => Evaluate node; U => Unbounded; X => User solution; Y => HiGHS solution;
     Z => ZI Round; l => Trivial lower; p => Trivial point; u => Trivial upper; z => Trivial zero

        Nodes      |    B&B Tree     |            Objective Bounds              |  Dynamic Constraints |       Work      
Src  Proc. InQueue |  Leaves   Expl. | BestBound       BestSol              Gap |   Cuts   InLp Confl. | LpIters     Time

 J       0       0         0   0.00%   -inf            10.74072877        Large        0      0      0         0     0.4s
 T       0       0         0   0.00%   7.363978578     10.18346786       27.69%        0      0      0        39     0.4s
         1       0         1 100.00%   10.18346786     10.18346786        0.00%        0      0      0        39     0.4s

Solving report
  Status            Optimal
  Primal bound      10.183467857
  Dual bound        10.183467857
  Gap               0% (tolerance: 0.5%)
  P-D integral      0.00164012392062
  Solution status   feasible
                    10.183467857 (objective)
                    0 (bound viol.)
                    0 (int. viol.)
                    0 (row viol.)
  Timing            0.39
  Max sub-MIP depth 0
  Nodes             1
  Repair LPs        0
  LP iterations     39
                    0 (strong br.)
                    0 (separation)
                    0 (heuristics)
MIP has 10754 rows; 9409 cols; 25538 nonzeros; 1344 integer variables (1344 binary)
Coefficient ranges:
  Matrix  [2e-01, 1e+00]
  Cost    [1e-02, 6e-02]
  Bound   [1e+00, 1e+00]
  RHS     [3e-18, 2e+00]
WARNING: Problem has some excessively small row bounds
Presolving model
8064 rows, 8509 cols, 21948 nonzeros 0s
6098 rows, 6793 cols, 16762 nonzeros 0s
4005 rows, 4850 cols, 11234 nonzeros 0s
3890 rows, 3433 cols, 7821 nonzeros 0s
1744 rows, 2539 cols, 5166 nonzeros 0s
1501 rows, 1735 cols, 3075 nonzeros 0s
310 rows, 973 cols, 1350 nonzeros 0s
220 rows, 817 cols, 1104 nonzeros 0s
167 rows, 705 cols, 939 nonzeros 0s
140 rows, 597 cols, 804 nonzeros 0s
116 rows, 434 cols, 617 nonzeros 0s
105 rows, 371 cols, 543 nonzeros 0s
Presolve reductions: rows 105(-10649); columns 371(-9038); nonzeros 543(-24995) 

Solving MIP model with:
   105 rows
   371 cols (17 binary, 0 integer, 0 implied int., 354 continuous, 0 domain fixed)
   543 nonzeros

Src: B => Branching; C => Central rounding; F => Feasibility pump; H => Heuristic;
     I => Shifting; J => Feasibility jump; L => Sub-MIP; P => Empty MIP; R => Randomized rounding;
     S => Solve LP; T => Evaluate node; U => Unbounded; X => User solution; Y => HiGHS solution;
     Z => ZI Round; l => Trivial lower; p => Trivial point; u => Trivial upper; z => Trivial zero

        Nodes      |    B&B Tree     |            Objective Bounds              |  Dynamic Constraints |       Work      
Src  Proc. InQueue |  Leaves   Expl. | BestBound       BestSol              Gap |   Cuts   InLp Confl. | LpIters     Time

         0       0         0   0.00%   6.552801795     inf                  inf        0      0      0         0     0.4s
 T       0       0         0   0.00%   6.552801795     10.04623671       34.77%        0      0      0        37     0.4s
         1       0         1 100.00%   10.04623671     10.04623671        0.00%        0      0      0        37     0.4s

Solving report
  Status            Optimal
  Primal bound      10.0462367077
  Dual bound        10.0462367077
  Gap               0% (tolerance: 0.5%)
  P-D integral      1.64826700457e-05
  Solution status   feasible
                    10.0462367077 (objective)
                    0 (bound viol.)
                    0 (int. viol.)
                    0 (row viol.)
  Timing            0.39
  Max sub-MIP depth 0
  Nodes             1
  Repair LPs        0
  LP iterations     37
                    0 (strong br.)
                    0 (separation)
                    0 (heuristics)
MIP has 10753 rows; 9409 cols; 25537 nonzeros; 1344 integer variables (1344 binary)
Coefficient ranges:
  Matrix  [2e-01, 1e+00]
  Cost    [1e-02, 6e-02]
  Bound   [1e+00, 1e+00]
  RHS     [3e-18, 2e+00]
WARNING: Problem has some excessively small row bounds
Presolving model
8064 rows, 8544 cols, 21983 nonzeros 0s
6090 rows, 6815 cols, 16768 nonzeros 0s
3985 rows, 4856 cols, 11200 nonzeros 0s
3865 rows, 3448 cols, 7788 nonzeros 0s
1712 rows, 2551 cols, 5126 nonzeros 0s
1480 rows, 1815 cols, 3219 nonzeros 0s
361 rows, 1322 cols, 1782 nonzeros 0s
224 rows, 1185 cols, 1508 nonzeros 0s
173 rows, 1093 cols, 1365 nonzeros 0s
Presolve reductions: rows 173(-10580); columns 1093(-8316); nonzeros 1365(-24172) 

Solving MIP model with:
   173 rows
   1093 cols (25 binary, 0 integer, 0 implied int., 1068 continuous, 0 domain fixed)
   1365 nonzeros

Src: B => Branching; C => Central rounding; F => Feasibility pump; H => Heuristic;
     I => Shifting; J => Feasibility jump; L => Sub-MIP; P => Empty MIP; R => Randomized rounding;
     S => Solve LP; T => Evaluate node; U => Unbounded; X => User solution; Y => HiGHS solution;
     Z => ZI Round; l => Trivial lower; p => Trivial point; u => Trivial upper; z => Trivial zero

        Nodes      |    B&B Tree     |            Objective Bounds              |  Dynamic Constraints |       Work      
Src  Proc. InQueue |  Leaves   Expl. | BestBound       BestSol              Gap |   Cuts   InLp Confl. | LpIters     Time

 J       0       0         0   0.00%   -inf            2.167339136        Large        0      0      0         0     0.4s
 T       0       0         0   0.00%   0.5289484247    1.956824259       72.97%        0      0      0        84     0.4s
         1       0         1 100.00%   1.956824259     1.956824259        0.00%        0      0      0        84     0.4s

Solving report
  Status            Optimal
  Primal bound      1.9568242586
  Dual bound        1.9568242586
  Gap               0% (tolerance: 0.5%)
  P-D integral      0.00585001779415
  Solution status   feasible
                    1.9568242586 (objective)
                    0 (bound viol.)
                    0 (int. viol.)
                    0 (row viol.)
  Timing            0.40
  Max sub-MIP depth 0
  Nodes             1
  Repair LPs        0
  LP iterations     84
                    0 (strong br.)
                    0 (separation)
                    0 (heuristics)
MIP has 10753 rows; 9409 cols; 25537 nonzeros; 1344 integer variables (1344 binary)
Coefficient ranges:
  Matrix  [2e-01, 1e+00]
  Cost    [1e-02, 6e-02]
  Bound   [1e+00, 1e+00]
  RHS     [3e-18, 2e+00]
WARNING: Problem has some excessively small row bounds
Presolving model
8064 rows, 8523 cols, 21962 nonzeros 0s
6085 rows, 6787 cols, 16731 nonzeros 0s
3998 rows, 4856 cols, 11225 nonzeros 0s
3889 rows, 3456 cols, 7817 nonzeros 0s
1774 rows, 2607 cols, 5276 nonzeros 0s
1538 rows, 1831 cols, 3247 nonzeros 0s
365 rows, 1295 cols, 1751 nonzeros 0s
221 rows, 1125 cols, 1437 nonzeros 0s
167 rows, 969 cols, 1227 nonzeros 0s
163 rows, 847 cols, 1101 nonzeros 0s
Presolve reductions: rows 163(-10590); columns 847(-8562); nonzeros 1101(-24436) 

Solving MIP model with:
   163 rows
   847 cols (23 binary, 0 integer, 0 implied int., 824 continuous, 0 domain fixed)
   1101 nonzeros

Src: B => Branching; C => Central rounding; F => Feasibility pump; H => Heuristic;
     I => Shifting; J => Feasibility jump; L => Sub-MIP; P => Empty MIP; R => Randomized rounding;
     S => Solve LP; T => Evaluate node; U => Unbounded; X => User solution; Y => HiGHS solution;
     Z => ZI Round; l => Trivial lower; p => Trivial point; u => Trivial upper; z => Trivial zero

        Nodes      |    B&B Tree     |            Objective Bounds              |  Dynamic Constraints |       Work      
Src  Proc. InQueue |  Leaves   Expl. | BestBound       BestSol              Gap |   Cuts   InLp Confl. | LpIters     Time

 J       0       0         0   0.00%   -inf            3.382736919        Large        0      0      0         0     0.4s
 T       0       0         0   0.00%   0.8825338843    3.201783212       72.44%        0      0      0        69     0.4s
         1       0         1 100.00%   3.201783212     3.201783212        0.00%        0      0      0        69     0.4s

Solving report
  Status            Optimal
  Primal bound      3.20178321193
  Dual bound        3.20178321193
  Gap               0% (tolerance: 0.5%)
  P-D integral      0.00514267856136
  Solution status   feasible
                    3.20178321193 (objective)
                    0 (bound viol.)
                    0 (int. viol.)
                    0 (row viol.)
  Timing            0.43
  Max sub-MIP depth 0
  Nodes             1
  Repair LPs        0
  LP iterations     69
                    0 (strong br.)
                    0 (separation)
                    0 (heuristics)
MIP has 10753 rows; 9409 cols; 25537 nonzeros; 1344 integer variables (1344 binary)
Coefficient ranges:
  Matrix  [2e-01, 1e+00]
  Cost    [1e-02, 6e-02]
  Bound   [1e+00, 1e+00]
  RHS     [8e-17, 2e+00]
WARNING: Problem has some excessively small row bounds
Presolving model
8064 rows, 8504 cols, 21943 nonzeros 0s
6132 rows, 6832 cols, 16855 nonzeros 0s
4060 rows, 4925 cols, 11392 nonzeros 0s
3953 rows, 3537 cols, 8001 nonzeros 0s
1825 rows, 2673 cols, 5421 nonzeros 0s
1594 rows, 1867 cols, 3301 nonzeros 0s
341 rows, 1310 cols, 1718 nonzeros 0s
189 rows, 1131 cols, 1387 nonzeros 0s
130 rows, 940 cols, 1137 nonzeros 0s
118 rows, 764 cols, 949 nonzeros 0s
114 rows, 634 cols, 815 nonzeros 0s
Presolve reductions: rows 114(-10639); columns 634(-8775); nonzeros 815(-24722) 

Solving MIP model with:
   114 rows
   634 cols (17 binary, 0 integer, 0 implied int., 617 continuous, 0 domain fixed)
   815 nonzeros

Src: B => Branching; C => Central rounding; F => Feasibility pump; H => Heuristic;
     I => Shifting; J => Feasibility jump; L => Sub-MIP; P => Empty MIP; R => Randomized rounding;
     S => Solve LP; T => Evaluate node; U => Unbounded; X => User solution; Y => HiGHS solution;
     Z => ZI Round; l => Trivial lower; p => Trivial point; u => Trivial upper; z => Trivial zero

        Nodes      |    B&B Tree     |            Objective Bounds              |  Dynamic Constraints |       Work      
Src  Proc. InQueue |  Leaves   Expl. | BestBound       BestSol              Gap |   Cuts   InLp Confl. | LpIters     Time

 J       0       0         0   0.00%   -inf            3.809321474        Large        0      0      0         0     0.4s
 T       0       0         0   0.00%   2.182674121     3.52448886        38.07%        0      0      0        54     0.4s
         1       0         1 100.00%   3.52448886      3.52448886         0.00%        0      0      0        54     0.4s

Solving report
  Status            Optimal
  Primal bound      3.5244888598
  Dual bound        3.5244888598
  Gap               0% (tolerance: 0.5%)
  P-D integral      0.00228177362976
  Solution status   feasible
                    3.5244888598 (objective)
                    0 (bound viol.)
                    0 (int. viol.)
                    0 (row viol.)
  Timing            0.42
  Max sub-MIP depth 0
  Nodes             1
  Repair LPs        0
  LP iterations     54
                    0 (strong br.)
                    0 (separation)
                    0 (heuristics)
MIP has 10753 rows; 9409 cols; 25537 nonzeros; 1344 integer variables (1344 binary)
Coefficient ranges:
  Matrix  [2e-01, 1e+00]
  Cost    [1e-02, 6e-02]
  Bound   [1e+00, 1e+00]
  RHS     [3e-18, 2e+00]
WARNING: Problem has some excessively small row bounds
Presolving model
8064 rows, 8519 cols, 21958 nonzeros 0s
6100 rows, 6804 cols, 16775 nonzeros 0s
4005 rows, 4867 cols, 11251 nonzeros 0s
3894 rows, 3460 cols, 7843 nonzeros 0s
1747 rows, 2572 cols, 5206 nonzeros 0s
1514 rows, 1802 cols, 3204 nonzeros 0s
344 rows, 1177 cols, 1608 nonzeros 0s
204 rows, 977 cols, 1268 nonzeros 0s
150 rows, 839 cols, 1076 nonzeros 0s
145 rows, 721 cols, 953 nonzeros 0s
Presolve reductions: rows 145(-10608); columns 721(-8688); nonzeros 953(-24584) 

Solving MIP model with:
   145 rows
   721 cols (22 binary, 0 integer, 0 implied int., 699 continuous, 0 domain fixed)
   953 nonzeros

Src: B => Branching; C => Central rounding; F => Feasibility pump; H => Heuristic;
     I => Shifting; J => Feasibility jump; L => Sub-MIP; P => Empty MIP; R => Randomized rounding;
     S => Solve LP; T => Evaluate node; U => Unbounded; X => User solution; Y => HiGHS solution;
     Z => ZI Round; l => Trivial lower; p => Trivial point; u => Trivial upper; z => Trivial zero

        Nodes      |    B&B Tree     |            Objective Bounds              |  Dynamic Constraints |       Work      
Src  Proc. InQueue |  Leaves   Expl. | BestBound       BestSol              Gap |   Cuts   InLp Confl. | LpIters     Time

 J       0       0         0   0.00%   -inf            2.567751407        Large        0      0      0         0     0.4s
 T       0       0         0   0.00%   1.042404193     2.340830258       55.47%        0      0      0        70     0.4s
         1       0         1 100.00%   2.340830258     2.340830258        0.00%        0      0      0        70     0.4s

Solving report
  Status            Optimal
  Primal bound      2.34083025754
  Dual bound        2.34083025754
  Gap               0% (tolerance: 0.5%)
  P-D integral      0.00337469020622
  Solution status   feasible
                    2.34083025754 (objective)
                    0 (bound viol.)
                    0 (int. viol.)
                    0 (row viol.)
  Timing            0.38
  Max sub-MIP depth 0
  Nodes             1
  Repair LPs        0
  LP iterations     70
                    0 (strong br.)
                    0 (separation)
                    0 (heuristics)
MIP has 10753 rows; 9409 cols; 25537 nonzeros; 1344 integer variables (1344 binary)
Coefficient ranges:
  Matrix  [2e-01, 1e+00]
  Cost    [1e-02, 6e-02]
  Bound   [1e+00, 1e+00]
  RHS     [3e-18, 2e+00]
WARNING: Problem has some excessively small row bounds
Presolving model
8064 rows, 8509 cols, 21948 nonzeros 0s
6114 rows, 6815 cols, 16812 nonzeros 0s
4044 rows, 4903 cols, 11346 nonzeros 0s
3932 rows, 3502 cols, 7949 nonzeros 0s
1774 rows, 2600 cols, 5273 nonzeros 0s
1534 rows, 1828 cols, 3265 nonzeros 0s
369 rows, 1311 cols, 1783 nonzeros 0s
220 rows, 1151 cols, 1474 nonzeros 0s
168 rows, 994 cols, 1265 nonzeros 0s
168 rows, 994 cols, 1265 nonzeros 0s
Presolve reductions: rows 168(-10585); columns 994(-8415); nonzeros 1265(-24272) 

Solving MIP model with:
   168 rows
   994 cols (26 binary, 0 integer, 0 implied int., 968 continuous, 0 domain fixed)
   1265 nonzeros

Src: B => Branching; C => Central rounding; F => Feasibility pump; H => Heuristic;
     I => Shifting; J => Feasibility jump; L => Sub-MIP; P => Empty MIP; R => Randomized rounding;
     S => Solve LP; T => Evaluate node; U => Unbounded; X => User solution; Y => HiGHS solution;
     Z => ZI Round; l => Trivial lower; p => Trivial point; u => Trivial upper; z => Trivial zero

        Nodes      |    B&B Tree     |            Objective Bounds              |  Dynamic Constraints |       Work      
Src  Proc. InQueue |  Leaves   Expl. | BestBound       BestSol              Gap |   Cuts   InLp Confl. | LpIters     Time

 J       0       0         0   0.00%   -inf            1.454793609        Large        0      0      0         0     0.4s
 T       0       0         0   0.00%   0.4156149511    1.311773872       68.32%        0      0      0        71     0.4s
         1       0         1 100.00%   1.311773872     1.311773872        0.00%        0      0      0        71     0.4s

Solving report
  Status            Optimal
  Primal bound      1.31177387241
  Dual bound        1.31177387241
  Gap               0% (tolerance: 0.5%)
  P-D integral      0.00516668094866
  Solution status   feasible
                    1.31177387241 (objective)
                    0 (bound viol.)
                    0 (int. viol.)
                    0 (row viol.)
  Timing            0.38
  Max sub-MIP depth 0
  Nodes             1
  Repair LPs        0
  LP iterations     71
                    0 (strong br.)
                    0 (separation)
                    0 (heuristics)
MIP has 10753 rows; 9409 cols; 25537 nonzeros; 1344 integer variables (1344 binary)
Coefficient ranges:
  Matrix  [2e-01, 1e+00]
  Cost    [1e-02, 6e-02]
  Bound   [1e+00, 1e+00]
  RHS     [1e-17, 2e+00]
WARNING: Problem has some excessively small row bounds
Presolving model
8064 rows, 8524 cols, 21963 nonzeros 0s
6091 rows, 6801 cols, 16759 nonzeros 0s
3981 rows, 4842 cols, 11183 nonzeros 0s
3836 rows, 3392 cols, 7685 nonzeros 0s
1705 rows, 2514 cols, 5078 nonzeros 0s
1458 rows, 1789 cols, 3205 nonzeros 0s
412 rows, 1343 cols, 1902 nonzeros 0s
283 rows, 1207 cols, 1637 nonzeros 0s
236 rows, 1067 cols, 1450 nonzeros 0s
Presolve reductions: rows 236(-10517); columns 1067(-8342); nonzeros 1450(-24087) 

Solving MIP model with:
   236 rows
   1067 cols (37 binary, 0 integer, 0 implied int., 1030 continuous, 0 domain fixed)
   1450 nonzeros

Src: B => Branching; C => Central rounding; F => Feasibility pump; H => Heuristic;
     I => Shifting; J => Feasibility jump; L => Sub-MIP; P => Empty MIP; R => Randomized rounding;
     S => Solve LP; T => Evaluate node; U => Unbounded; X => User solution; Y => HiGHS solution;
     Z => ZI Round; l => Trivial lower; p => Trivial point; u => Trivial upper; z => Trivial zero

        Nodes      |    B&B Tree     |            Objective Bounds              |  Dynamic Constraints |       Work      
Src  Proc. InQueue |  Leaves   Expl. | BestBound       BestSol              Gap |   Cuts   InLp Confl. | LpIters     Time

 J       0       0         0   0.00%   -inf            1.367793672        Large        0      0      0         0     0.5s
 T       0       0         0   0.00%   0.1463029735    1.003050873       85.41%        0      0      0       102     0.5s
         1       0         1 100.00%   1.003050873     1.003050873        0.00%        0      0      0       102     0.5s

Solving report
  Status            Optimal
  Primal bound      1.00305087315
  Dual bound        1.00305087315
  Gap               0% (tolerance: 0.5%)
  P-D integral      0.00688812886641
  Solution status   feasible
                    1.00305087315 (objective)
                    0 (bound viol.)
                    0 (int. viol.)
                    0 (row viol.)
  Timing            0.46
  Max sub-MIP depth 0
  Nodes             1
  Repair LPs        0
  LP iterations     102
                    0 (strong br.)
                    0 (separation)
                    0 (heuristics)
MIP has 10753 rows; 9409 cols; 25537 nonzeros; 1344 integer variables (1344 binary)
Coefficient ranges:
  Matrix  [2e-01, 1e+00]
  Cost    [1e-02, 6e-02]
  Bound   [1e+00, 1e+00]
  RHS     [7e-18, 2e+00]
WARNING: Problem has some excessively small row bounds
Presolving model
8064 rows, 8542 cols, 21981 nonzeros 0s
6095 rows, 6821 cols, 16783 nonzeros 0s
4016 rows, 4900 cols, 11299 nonzeros 0s
3897 rows, 3492 cols, 7885 nonzeros 0s
1753 rows, 2606 cols, 5250 nonzeros 0s
1510 rows, 1902 cols, 3445 nonzeros 0s
485 rows, 1442 cols, 2118 nonzeros 0s
336 rows, 1273 cols, 1800 nonzeros 0s
315 rows, 1121 cols, 1627 nonzeros 0s
Presolve reductions: rows 315(-10438); columns 1121(-8288); nonzeros 1627(-23910) 

Solving MIP model with:
   315 rows
   1121 cols (48 binary, 0 integer, 0 implied int., 1073 continuous, 0 domain fixed)
   1627 nonzeros

Src: B => Branching; C => Central rounding; F => Feasibility pump; H => Heuristic;
     I => Shifting; J => Feasibility jump; L => Sub-MIP; P => Empty MIP; R => Randomized rounding;
     S => Solve LP; T => Evaluate node; U => Unbounded; X => User solution; Y => HiGHS solution;
     Z => ZI Round; l => Trivial lower; p => Trivial point; u => Trivial upper; z => Trivial zero

        Nodes      |    B&B Tree     |            Objective Bounds              |  Dynamic Constraints |       Work      
Src  Proc. InQueue |  Leaves   Expl. | BestBound       BestSol              Gap |   Cuts   InLp Confl. | LpIters     Time

 J       0       0         0   0.00%   -inf            1.926746586        Large        0      0      0         0     0.6s
 T       0       0         0   0.00%   0.0612853272    1.351293692       95.46%        0      0      0       133     0.6s
         1       0         1 100.00%   1.351293692     1.351293692        0.00%        0      0      0       133     0.6s

Solving report
  Status            Optimal
  Primal bound      1.35129369246
  Dual bound        1.35129369246
  Gap               0% (tolerance: 0.5%)
  P-D integral      0.0108320366149
  Solution status   feasible
                    1.35129369246 (objective)
                    0 (bound viol.)
                    0 (int. viol.)
                    0 (row viol.)
  Timing            0.57
  Max sub-MIP depth 0
  Nodes             1
  Repair LPs        0
  LP iterations     133
                    0 (strong br.)
                    0 (separation)
                    0 (heuristics)
MIP has 10753 rows; 9409 cols; 25537 nonzeros; 1344 integer variables (1344 binary)
Coefficient ranges:
  Matrix  [2e-01, 1e+00]
  Cost    [5e-03, 6e-02]
  Bound   [1e+00, 1e+00]
  RHS     [7e-18, 2e+00]
WARNING: Problem has some excessively small row bounds
Presolving model
8064 rows, 8565 cols, 22004 nonzeros 0s
6097 rows, 6846 cols, 16810 nonzeros 0s
3966 rows, 4858 cols, 11183 nonzeros 0s
3844 rows, 3421 cols, 7746 nonzeros 0s
1692 rows, 2521 cols, 5072 nonzeros 0s
1442 rows, 1858 cols, 3388 nonzeros 0s
528 rows, 1455 cols, 2218 nonzeros 0s
381 rows, 1303 cols, 1919 nonzeros 0s
379 rows, 1236 cols, 1850 nonzeros 0s
Presolve reductions: rows 379(-10374); columns 1236(-8173); nonzeros 1850(-23687) 

Solving MIP model with:
   379 rows
   1236 cols (59 binary, 0 integer, 0 implied int., 1177 continuous, 0 domain fixed)
   1850 nonzeros

Src: B => Branching; C => Central rounding; F => Feasibility pump; H => Heuristic;
     I => Shifting; J => Feasibility jump; L => Sub-MIP; P => Empty MIP; R => Randomized rounding;
     S => Solve LP; T => Evaluate node; U => Unbounded; X => User solution; Y => HiGHS solution;
     Z => ZI Round; l => Trivial lower; p => Trivial point; u => Trivial upper; z => Trivial zero

        Nodes      |    B&B Tree     |            Objective Bounds              |  Dynamic Constraints |       Work      
Src  Proc. InQueue |  Leaves   Expl. | BestBound       BestSol              Gap |   Cuts   InLp Confl. | LpIters     Time

 J       0       0         0   0.00%   -inf            1.576210143        Large        0      0      0         0     0.4s
 T       0       0         0   0.00%   -0.2967355832   0.9004110051     132.96%        0      0      0       160     0.4s
         1       0         1 100.00%   0.9004110051    0.9004110051       0.00%        0      0      0       160     0.4s

Solving report
  Status            Optimal
  Primal bound      0.900411005065
  Dual bound        0.900411005065
  Gap               0% (tolerance: 0.5%)
  P-D integral      0.0115272246079
  Solution status   feasible
                    0.900411005065 (objective)
                    0 (bound viol.)
                    0 (int. viol.)
                    0 (row viol.)
  Timing            0.39
  Max sub-MIP depth 0
  Nodes             1
  Repair LPs        0
  LP iterations     160
                    0 (strong br.)
                    0 (separation)
                    0 (heuristics)
MIP has 10753 rows; 9409 cols; 25537 nonzeros; 1344 integer variables (1344 binary)
Coefficient ranges:
  Matrix  [2e-01, 1e+00]
  Cost    [5e-03, 6e-02]
  Bound   [1e+00, 1e+00]
  RHS     [7e-18, 2e+00]
WARNING: Problem has some excessively small row bounds
Presolving model
8064 rows, 8535 cols, 21974 nonzeros 0s
6098 rows, 6821 cols, 16790 nonzeros 0s
3974 rows, 4843 cols, 11181 nonzeros 0s
3826 rows, 3377 cols, 7663 nonzeros 0s
1705 rows, 2508 cols, 5084 nonzeros 0s
1456 rows, 1824 cols, 3349 nonzeros 0s
533 rows, 1432 cols, 2198 nonzeros 0s
383 rows, 1270 cols, 1886 nonzeros 0s
381 rows, 1263 cols, 1877 nonzeros 0s
Presolve reductions: rows 381(-10372); columns 1263(-8146); nonzeros 1877(-23660) 

Solving MIP model with:
   381 rows
   1263 cols (59 binary, 0 integer, 0 implied int., 1204 continuous, 0 domain fixed)
   1877 nonzeros

Src: B => Branching; C => Central rounding; F => Feasibility pump; H => Heuristic;
     I => Shifting; J => Feasibility jump; L => Sub-MIP; P => Empty MIP; R => Randomized rounding;
     S => Solve LP; T => Evaluate node; U => Unbounded; X => User solution; Y => HiGHS solution;
     Z => ZI Round; l => Trivial lower; p => Trivial point; u => Trivial upper; z => Trivial zero

        Nodes      |    B&B Tree     |            Objective Bounds              |  Dynamic Constraints |       Work      
Src  Proc. InQueue |  Leaves   Expl. | BestBound       BestSol              Gap |   Cuts   InLp Confl. | LpIters     Time

 J       0       0         0   0.00%   -inf            1.662757416        Large        0      0      0         0     0.4s
 T       0       0         0   0.00%   -0.2368816567   0.9199243205     125.75%        0      0      0       156     0.4s
         1       0         1 100.00%   0.9199243205    0.9199243205       0.00%        0      0      0       156     0.4s

Solving report
  Status            Optimal
  Primal bound      0.91992432047
  Dual bound        0.91992432047
  Gap               0% (tolerance: 0.5%)
  P-D integral      0.0113794355062
  Solution status   feasible
                    0.91992432047 (objective)
                    0 (bound viol.)
                    0 (int. viol.)
                    0 (row viol.)
  Timing            0.43
  Max sub-MIP depth 0
  Nodes             1
  Repair LPs        0
  LP iterations     156
                    0 (strong br.)
                    0 (separation)
                    0 (heuristics)
MIP has 10753 rows; 9409 cols; 25537 nonzeros; 1344 integer variables (1344 binary)
Coefficient ranges:
  Matrix  [2e-01, 1e+00]
  Cost    [5e-03, 6e-02]
  Bound   [1e+00, 1e+00]
  RHS     [1e-17, 2e+00]
WARNING: Problem has some excessively small row bounds
Presolving model
8064 rows, 8475 cols, 21914 nonzeros 0s
6177 rows, 6865 cols, 16968 nonzeros 0s
4095 rows, 4948 cols, 11489 nonzeros 0s
3988 rows, 3551 cols, 8077 nonzeros 0s
1891 rows, 2726 cols, 5601 nonzeros 0s
1666 rows, 2013 cols, 3742 nonzeros 0s
613 rows, 1574 cols, 2447 nonzeros 0s
444 rows, 1398 cols, 2102 nonzeros 0s
443 rows, 1397 cols, 2100 nonzeros 0s
Presolve reductions: rows 443(-10310); columns 1397(-8012); nonzeros 2100(-23437) 

Solving MIP model with:
   443 rows
   1397 cols (66 binary, 0 integer, 0 implied int., 1331 continuous, 0 domain fixed)
   2100 nonzeros

Src: B => Branching; C => Central rounding; F => Feasibility pump; H => Heuristic;
     I => Shifting; J => Feasibility jump; L => Sub-MIP; P => Empty MIP; R => Randomized rounding;
     S => Solve LP; T => Evaluate node; U => Unbounded; X => User solution; Y => HiGHS solution;
     Z => ZI Round; l => Trivial lower; p => Trivial point; u => Trivial upper; z => Trivial zero

        Nodes      |    B&B Tree     |            Objective Bounds              |  Dynamic Constraints |       Work      
Src  Proc. InQueue |  Leaves   Expl. | BestBound       BestSol              Gap |   Cuts   InLp Confl. | LpIters     Time

 J       0       0         0   0.00%   -inf            1.390375566        Large        0      0      0         0     0.4s
 T       0       0         0   0.00%   -0.3988739668   0.5757329515     169.28%        0      0      0       196     0.4s
         1       0         1 100.00%   0.5757329515    0.5757329515       0.00%        0      0      0       196     0.4s

Solving report
  Status            Optimal
  Primal bound      0.575732951518
  Dual bound        0.575732951518
  Gap               0% (tolerance: 0.5%)
  P-D integral      0.014147593926
  Solution status   feasible
                    0.575732951518 (objective)
                    0 (bound viol.)
                    0 (int. viol.)
                    0 (row viol.)
  Timing            0.41
  Max sub-MIP depth 0
  Nodes             1
  Repair LPs        0
  LP iterations     196
                    0 (strong br.)
                    0 (separation)
                    0 (heuristics)
MIP has 10753 rows; 9409 cols; 25537 nonzeros; 1344 integer variables (1344 binary)
Coefficient ranges:
  Matrix  [2e-01, 1e+00]
  Cost    [5e-03, 6e-02]
  Bound   [1e+00, 1e+00]
  RHS     [1e-17, 2e+00]
WARNING: Problem has some excessively small row bounds
Presolving model
8064 rows, 8485 cols, 21924 nonzeros 0s
6136 rows, 6822 cols, 16855 nonzeros 0s
4082 rows, 4938 cols, 11451 nonzeros 0s
3975 rows, 3554 cols, 8046 nonzeros 0s
1884 rows, 2734 cols, 5591 nonzeros 0s
1644 rows, 2063 cols, 3858 nonzeros 0s
724 rows, 1670 cols, 2739 nonzeros 0s
576 rows, 1521 cols, 2442 nonzeros 0s
Presolve reductions: rows 576(-10177); columns 1521(-7888); nonzeros 2442(-23095) 

Solving MIP model with:
   576 rows
   1521 cols (88 binary, 0 integer, 0 implied int., 1433 continuous, 0 domain fixed)
   2442 nonzeros

Src: B => Branching; C => Central rounding; F => Feasibility pump; H => Heuristic;
     I => Shifting; J => Feasibility jump; L => Sub-MIP; P => Empty MIP; R => Randomized rounding;
     S => Solve LP; T => Evaluate node; U => Unbounded; X => User solution; Y => HiGHS solution;
     Z => ZI Round; l => Trivial lower; p => Trivial point; u => Trivial upper; z => Trivial zero

        Nodes      |    B&B Tree     |            Objective Bounds              |  Dynamic Constraints |       Work      
Src  Proc. InQueue |  Leaves   Expl. | BestBound       BestSol              Gap |   Cuts   InLp Confl. | LpIters     Time

         0       0         0   0.00%   -0.7882605462   inf                  inf        0      0      0         0     0.4s
 T       0       0         0   0.00%   -0.7882605462   0.1881766051     518.89%        0      0      0       243     0.4s
         1       0         1 100.00%   0.1881766051    0.1881766051       0.00%        0      0      0       243     0.4s

Solving report
  Status            Optimal
  Primal bound      0.188176605078
  Dual bound        0.188176605078
  Gap               0% (tolerance: 0.5%)
  P-D integral      0.000291618470164
  Solution status   feasible
                    0.188176605078 (objective)
                    0 (bound viol.)
                    0 (int. viol.)
                    0 (row viol.)
  Timing            0.39
  Max sub-MIP depth 0
  Nodes             1
  Repair LPs        0
  LP iterations     243
                    0 (strong br.)
                    0 (separation)
                    0 (heuristics)
MIP has 10753 rows; 9409 cols; 25537 nonzeros; 1344 integer variables (1344 binary)
Coefficient ranges:
  Matrix  [2e-01, 1e+00]
  Cost    [1e-02, 6e-02]
  Bound   [1e+00, 1e+00]
  RHS     [1e-17, 2e+00]
WARNING: Problem has some excessively small row bounds
Presolving model
8064 rows, 8527 cols, 21966 nonzeros 0s
6113 rows, 6831 cols, 16826 nonzeros 0s
4026 rows, 4905 cols, 11331 nonzeros 0s
3913 rows, 3498 cols, 7906 nonzeros 0s
1809 rows, 2664 cols, 5401 nonzeros 0s
1563 rows, 2010 cols, 3739 nonzeros 0s
659 rows, 1614 cols, 2585 nonzeros 0s
513 rows, 1461 cols, 2286 nonzeros 0s
Presolve reductions: rows 513(-10240); columns 1461(-7948); nonzeros 2286(-23251) 

Solving MIP model with:
   513 rows
   1461 cols (79 binary, 0 integer, 0 implied int., 1382 continuous, 0 domain fixed)
   2286 nonzeros

Src: B => Branching; C => Central rounding; F => Feasibility pump; H => Heuristic;
     I => Shifting; J => Feasibility jump; L => Sub-MIP; P => Empty MIP; R => Randomized rounding;
     S => Solve LP; T => Evaluate node; U => Unbounded; X => User solution; Y => HiGHS solution;
     Z => ZI Round; l => Trivial lower; p => Trivial point; u => Trivial upper; z => Trivial zero

        Nodes      |    B&B Tree     |            Objective Bounds              |  Dynamic Constraints |       Work      
Src  Proc. InQueue |  Leaves   Expl. | BestBound       BestSol              Gap |   Cuts   InLp Confl. | LpIters     Time

 J       0       0         0   0.00%   -inf            0.9128677316       Large        0      0      0         0     0.4s
 T       0       0         0   0.00%   -0.6651885993   0.2235056937     397.62%        0      0      0       217     0.4s
         1       0         1 100.00%   0.2235056937    0.2235056937       0.00%        0      0      0       217     0.4s

Solving report
  Status            Optimal
  Primal bound      0.223505693652
  Dual bound        0.223505693652
  Gap               0% (tolerance: 0.5%)
  P-D integral      0.0215743382486
  Solution status   feasible
                    0.223505693652 (objective)
                    0 (bound viol.)
                    0 (int. viol.)
                    0 (row viol.)
  Timing            0.41
  Max sub-MIP depth 0
  Nodes             1
  Repair LPs        0
  LP iterations     217
                    0 (strong br.)
                    0 (separation)
                    0 (heuristics)
MIP has 10753 rows; 9409 cols; 25537 nonzeros; 1344 integer variables (1344 binary)
Coefficient ranges:
  Matrix  [2e-01, 1e+00]
  Cost    [5e-03, 6e-02]
  Bound   [1e+00, 1e+00]
  RHS     [6e-17, 2e+00]
WARNING: Problem has some excessively small row bounds
Presolving model
8064 rows, 8497 cols, 21936 nonzeros 0s
6157 rows, 6863 cols, 16935 nonzeros 0s
4079 rows, 4950 cols, 11472 nonzeros 0s
3974 rows, 3549 cols, 8067 nonzeros 0s
1852 rows, 2693 cols, 5508 nonzeros 0s
1615 rows, 2005 cols, 3737 nonzeros 0s
628 rows, 1580 cols, 2495 nonzeros 0s
470 rows, 1420 cols, 2177 nonzeros 0s
Presolve reductions: rows 470(-10283); columns 1420(-7989); nonzeros 2177(-23360) 

Solving MIP model with:
   470 rows
   1420 cols (72 binary, 0 integer, 0 implied int., 1348 continuous, 0 domain fixed)
   2177 nonzeros

Src: B => Branching; C => Central rounding; F => Feasibility pump; H => Heuristic;
     I => Shifting; J => Feasibility jump; L => Sub-MIP; P => Empty MIP; R => Randomized rounding;
     S => Solve LP; T => Evaluate node; U => Unbounded; X => User solution; Y => HiGHS solution;
     Z => ZI Round; l => Trivial lower; p => Trivial point; u => Trivial upper; z => Trivial zero

        Nodes      |    B&B Tree     |            Objective Bounds              |  Dynamic Constraints |       Work      
Src  Proc. InQueue |  Leaves   Expl. | BestBound       BestSol              Gap |   Cuts   InLp Confl. | LpIters     Time

 J       0       0         0   0.00%   -inf            1.290599866        Large        0      0      0         0     0.4s
 T       0       0         0   0.00%   -0.538975539    0.5257951971     202.51%        0      0      0       201     0.4s
         1       0         1 100.00%   0.5257951971    0.5257951971       0.00%        0      0      0       201     0.4s

Solving report
  Status            Optimal
  Primal bound      0.525795197079
  Dual bound        0.525795197079
  Gap               0% (tolerance: 0.5%)
  P-D integral      0.0161723360467
  Solution status   feasible
                    0.525795197079 (objective)
                    0 (bound viol.)
                    0 (int. viol.)
                    0 (row viol.)
  Timing            0.39
  Max sub-MIP depth 0
  Nodes             1
  Repair LPs        0
  LP iterations     201
                    0 (strong br.)
                    0 (separation)
                    0 (heuristics)
MIP has 10753 rows; 9409 cols; 25537 nonzeros; 1344 integer variables (1344 binary)
Coefficient ranges:
  Matrix  [2e-01, 1e+00]
  Cost    [5e-03, 6e-02]
  Bound   [1e+00, 1e+00]
  RHS     [6e-17, 2e+00]
WARNING: Problem has some excessively small row bounds
Presolving model
8064 rows, 8592 cols, 22031 nonzeros 0s
6062 rows, 6825 cols, 16730 nonzeros 0s
3947 rows, 4849 cols, 11135 nonzeros 0s
3817 rows, 3407 cols, 7688 nonzeros 0s
1653 rows, 2493 cols, 4981 nonzeros 0s
1400 rows, 1883 cols, 3458 nonzeros 0s
607 rows, 1509 cols, 2407 nonzeros 0s
479 rows, 1371 cols, 2141 nonzeros 0s
Presolve reductions: rows 479(-10274); columns 1371(-8038); nonzeros 2141(-23396) 

Solving MIP model with:
   479 rows
   1371 cols (73 binary, 0 integer, 0 implied int., 1298 continuous, 0 domain fixed)
   2141 nonzeros

Src: B => Branching; C => Central rounding; F => Feasibility pump; H => Heuristic;
     I => Shifting; J => Feasibility jump; L => Sub-MIP; P => Empty MIP; R => Randomized rounding;
     S => Solve LP; T => Evaluate node; U => Unbounded; X => User solution; Y => HiGHS solution;
     Z => ZI Round; l => Trivial lower; p => Trivial point; u => Trivial upper; z => Trivial zero

        Nodes      |    B&B Tree     |            Objective Bounds              |  Dynamic Constraints |       Work      
Src  Proc. InQueue |  Leaves   Expl. | BestBound       BestSol              Gap |   Cuts   InLp Confl. | LpIters     Time

 J       0       0         0   0.00%   -inf            1.174044879        Large        0      0      0         0     0.4s
 T       0       0         0   0.00%   -0.5554876087   0.3569235219     255.63%        0      0      0       196     0.4s
         1       0         1 100.00%   0.3569235219    0.3569235219       0.00%        0      0      0       196     0.4s

Solving report
  Status            Optimal
  Primal bound      0.356923521885
  Dual bound        0.356923521885
  Gap               0% (tolerance: 0.5%)
  P-D integral      0.0157091443403
  Solution status   feasible
                    0.356923521885 (objective)
                    0 (bound viol.)
                    0 (int. viol.)
                    0 (row viol.)
  Timing            0.43
  Max sub-MIP depth 0
  Nodes             1
  Repair LPs        0
  LP iterations     196
                    0 (strong br.)
                    0 (separation)
                    0 (heuristics)
MIP has 10753 rows; 9409 cols; 25537 nonzeros; 1344 integer variables (1344 binary)
Coefficient ranges:
  Matrix  [2e-01, 1e+00]
  Cost    [5e-03, 6e-02]
  Bound   [1e+00, 1e+00]
  RHS     [7e-18, 2e+00]
WARNING: Problem has some excessively small row bounds
Presolving model
8064 rows, 8664 cols, 22103 nonzeros 0s
6029 rows, 6853 cols, 16701 nonzeros 0s
3835 rows, 4769 cols, 10871 nonzeros 0s
3707 rows, 3315 cols, 7438 nonzeros 0s
1497 rows, 2339 cols, 4563 nonzeros 0s
1224 rows, 1798 cols, 3254 nonzeros 0s
614 rows, 1518 cols, 2447 nonzeros 0s
518 rows, 1405 cols, 2238 nonzeros 0s
Presolve reductions: rows 518(-10235); columns 1405(-8004); nonzeros 2238(-23299) 

Solving MIP model with:
   518 rows
   1405 cols (79 binary, 0 integer, 0 implied int., 1326 continuous, 0 domain fixed)
   2238 nonzeros

Src: B => Branching; C => Central rounding; F => Feasibility pump; H => Heuristic;
     I => Shifting; J => Feasibility jump; L => Sub-MIP; P => Empty MIP; R => Randomized rounding;
     S => Solve LP; T => Evaluate node; U => Unbounded; X => User solution; Y => HiGHS solution;
     Z => ZI Round; l => Trivial lower; p => Trivial point; u => Trivial upper; z => Trivial zero

        Nodes      |    B&B Tree     |            Objective Bounds              |  Dynamic Constraints |       Work      
Src  Proc. InQueue |  Leaves   Expl. | BestBound       BestSol              Gap |   Cuts   InLp Confl. | LpIters     Time

 J       0       0         0   0.00%   -inf            0.6964963966       Large        0      0      0         0     0.4s
 T       0       0         0   0.00%   -0.6918231046   0.057106128     1311.47%        0      0      0       210     0.4s
         1       0         1 100.00%   0.057106128     0.057106128        0.00%        0      0      0       210     0.4s

Solving report
  Status            Optimal
  Primal bound      0.0571061280048
  Dual bound        0.0571061280048
  Gap               0% (tolerance: 0.5%)
  P-D integral      0.0229909281117
  Solution status   feasible
                    0.0571061280048 (objective)
                    0 (bound viol.)
                    0 (int. viol.)
                    0 (row viol.)
  Timing            0.43
  Max sub-MIP depth 0
  Nodes             1
  Repair LPs        0
  LP iterations     210
                    0 (strong br.)
                    0 (separation)
                    0 (heuristics)
MIP has 10753 rows; 9409 cols; 25537 nonzeros; 1344 integer variables (1344 binary)
Coefficient ranges:
  Matrix  [2e-01, 1e+00]
  Cost    [5e-03, 6e-02]
  Bound   [1e+00, 1e+00]
  RHS     [7e-18, 2e+00]
WARNING: Problem has some excessively small row bounds
Presolving model
8064 rows, 8670 cols, 22109 nonzeros 0s
6041 rows, 6877 cols, 16745 nonzeros 0s
3830 rows, 4779 cols, 10876 nonzeros 0s
3671 rows, 3278 cols, 7356 nonzeros 0s
1465 rows, 2299 cols, 4479 nonzeros 0s
1185 rows, 1821 cols, 3353 nonzeros 0s
735 rows, 1615 cols, 2761 nonzeros 0s
669 rows, 1540 cols, 2620 nonzeros 0s
Presolve reductions: rows 669(-10084); columns 1540(-7869); nonzeros 2620(-22917) 

Solving MIP model with:
   669 rows
   1540 cols (103 binary, 0 integer, 0 implied int., 1437 continuous, 0 domain fixed)
   2620 nonzeros

Src: B => Branching; C => Central rounding; F => Feasibility pump; H => Heuristic;
     I => Shifting; J => Feasibility jump; L => Sub-MIP; P => Empty MIP; R => Randomized rounding;
     S => Solve LP; T => Evaluate node; U => Unbounded; X => User solution; Y => HiGHS solution;
     Z => ZI Round; l => Trivial lower; p => Trivial point; u => Trivial upper; z => Trivial zero

        Nodes      |    B&B Tree     |            Objective Bounds              |  Dynamic Constraints |       Work      
Src  Proc. InQueue |  Leaves   Expl. | BestBound       BestSol              Gap |   Cuts   InLp Confl. | LpIters     Time

 J       0       0         0   0.00%   -inf            0.5328364432       Large        0      0      0         0     0.4s
 T       0       0         0   0.00%   -0.8893194368   -0.0757311033   1074.31%        0      0      0       281     0.4s
         1       0         1 100.00%   -0.0757311033   -0.0757311033      0.00%        0      0      0       281     0.4s

Solving report
  Status            Optimal
  Primal bound      -0.0757311033431
  Dual bound        -0.0757311033431
  Gap               0% (tolerance: 0.5%)
  P-D integral      0.0346569284253
  Solution status   feasible
                    -0.0757311033431 (objective)
                    0 (bound viol.)
                    0 (int. viol.)
                    0 (row viol.)
  Timing            0.44
  Max sub-MIP depth 0
  Nodes             1
  Repair LPs        0
  LP iterations     281
                    0 (strong br.)
                    0 (separation)
                    0 (heuristics)
MIP has 10753 rows; 9409 cols; 25537 nonzeros; 1344 integer variables (1344 binary)
Coefficient ranges:
  Matrix  [2e-01, 1e+00]
  Cost    [1e-02, 6e-02]
  Bound   [1e+00, 1e+00]
  RHS     [4e-17, 3e+00]
WARNING: Problem has some excessively small row bounds
Presolving model
8064 rows, 8731 cols, 22170 nonzeros 0s
6022 rows, 6908 cols, 16738 nonzeros 0s
3812 rows, 4813 cols, 10865 nonzeros 0s
3670 rows, 3338 cols, 7415 nonzeros 0s
1423 rows, 2312 cols, 4411 nonzeros 0s
1135 rows, 2018 cols, 3829 nonzeros 0s
861 rows, 1749 cols, 3106 nonzeros 0s
820 rows, 1698 cols, 3014 nonzeros 0s
Presolve reductions: rows 820(-9933); columns 1698(-7711); nonzeros 3014(-22523) 

Solving MIP model with:
   820 rows
   1698 cols (125 binary, 0 integer, 0 implied int., 1573 continuous, 0 domain fixed)
   3014 nonzeros

Src: B => Branching; C => Central rounding; F => Feasibility pump; H => Heuristic;
     I => Shifting; J => Feasibility jump; L => Sub-MIP; P => Empty MIP; R => Randomized rounding;
     S => Solve LP; T => Evaluate node; U => Unbounded; X => User solution; Y => HiGHS solution;
     Z => ZI Round; l => Trivial lower; p => Trivial point; u => Trivial upper; z => Trivial zero

        Nodes      |    B&B Tree     |            Objective Bounds              |  Dynamic Constraints |       Work      
Src  Proc. InQueue |  Leaves   Expl. | BestBound       BestSol              Gap |   Cuts   InLp Confl. | LpIters     Time

 J       0       0         0   0.00%   -inf            -0.1106264659      Large        0      0      0         0     0.4s
 T       0       0         0   0.00%   -1.332723248    -0.638977174     108.57%        0      0      0       344     0.4s
         1       0         1 100.00%   -0.638977174    -0.638977174       0.00%        0      0      0       344     0.4s

Solving report
  Status            Optimal
  Primal bound      -0.638977174044
  Dual bound        -0.638977174044
  Gap               0% (tolerance: 0.5%)
  P-D integral      0.159867074841
  Solution status   feasible
                    -0.638977174044 (objective)
                    0 (bound viol.)
                    0 (int. viol.)
                    0 (row viol.)
  Timing            0.39
  Max sub-MIP depth 0
  Nodes             1
  Repair LPs        0
  LP iterations     344
                    0 (strong br.)
                    0 (separation)
                    0 (heuristics)
MIP has 10753 rows; 9409 cols; 25537 nonzeros; 1344 integer variables (1344 binary)
Coefficient ranges:
  Matrix  [2e-01, 1e+00]
  Cost    [5e-03, 6e-02]
  Bound   [1e+00, 1e+00]
  RHS     [2e-17, 3e+00]
WARNING: Problem has some excessively small row bounds
Presolving model
8064 rows, 8673 cols, 22112 nonzeros 0s
6042 rows, 6882 cols, 16750 nonzeros 0s
3856 rows, 4816 cols, 10944 nonzeros 0s
3687 rows, 3303 cols, 7400 nonzeros 0s
1483 rows, 2326 cols, 4529 nonzeros 0s
1201 rows, 2036 cols, 3954 nonzeros 0s
838 rows, 1712 cols, 3024 nonzeros 0s
781 rows, 1651 cols, 2906 nonzeros 0s
Presolve reductions: rows 781(-9972); columns 1651(-7758); nonzeros 2906(-22631) 

Solving MIP model with:
   781 rows
   1651 cols (120 binary, 0 integer, 0 implied int., 1531 continuous, 0 domain fixed)
   2906 nonzeros

Src: B => Branching; C => Central rounding; F => Feasibility pump; H => Heuristic;
     I => Shifting; J => Feasibility jump; L => Sub-MIP; P => Empty MIP; R => Randomized rounding;
     S => Solve LP; T => Evaluate node; U => Unbounded; X => User solution; Y => HiGHS solution;
     Z => ZI Round; l => Trivial lower; p => Trivial point; u => Trivial upper; z => Trivial zero

        Nodes      |    B&B Tree     |            Objective Bounds              |  Dynamic Constraints |       Work      
Src  Proc. InQueue |  Leaves   Expl. | BestBound       BestSol              Gap |   Cuts   InLp Confl. | LpIters     Time

 J       0       0         0   0.00%   -inf            0.0258571541       Large        0      0      0         0     0.4s
 T       0       0         0   0.00%   -1.361395912    -0.5963386219    128.29%        0      0      0       326     0.4s
         1       0         1 100.00%   -0.5963386219   -0.5963386219      0.00%        0      0      0       326     0.4s

Solving report
  Status            Optimal
  Primal bound      -0.596338621865
  Dual bound        -0.596338621865
  Gap               0% (tolerance: 0.5%)
  P-D integral      0.703355369913
  Solution status   feasible
                    -0.596338621865 (objective)
                    0 (bound viol.)
                    0 (int. viol.)
                    0 (row viol.)
  Timing            0.43
  Max sub-MIP depth 0
  Nodes             1
  Repair LPs        0
  LP iterations     326
                    0 (strong br.)
                    0 (separation)
                    0 (heuristics)
MIP has 10753 rows; 9409 cols; 25537 nonzeros; 1344 integer variables (1344 binary)
Coefficient ranges:
  Matrix  [2e-01, 1e+00]
  Cost    [5e-03, 6e-02]
  Bound   [1e+00, 1e+00]
  RHS     [1e-17, 2e+00]
WARNING: Problem has some excessively small row bounds
Presolving model
8064 rows, 8709 cols, 22148 nonzeros 0s
6043 rows, 6916 cols, 16786 nonzeros 0s
3857 rows, 4845 cols, 10981 nonzeros 0s
3712 rows, 3355 cols, 7516 nonzeros 0s
1462 rows, 2324 cols, 4493 nonzeros 0s
1180 rows, 2027 cols, 3914 nonzeros 0s
842 rows, 1708 cols, 3029 nonzeros 0s
792 rows, 1658 cols, 2929 nonzeros 0s
Presolve reductions: rows 792(-9961); columns 1658(-7751); nonzeros 2929(-22608) 

Solving MIP model with:
   792 rows
   1658 cols (120 binary, 0 integer, 0 implied int., 1538 continuous, 0 domain fixed)
   2929 nonzeros

Src: B => Branching; C => Central rounding; F => Feasibility pump; H => Heuristic;
     I => Shifting; J => Feasibility jump; L => Sub-MIP; P => Empty MIP; R => Randomized rounding;
     S => Solve LP; T => Evaluate node; U => Unbounded; X => User solution; Y => HiGHS solution;
     Z => ZI Round; l => Trivial lower; p => Trivial point; u => Trivial upper; z => Trivial zero

        Nodes      |    B&B Tree     |            Objective Bounds              |  Dynamic Constraints |       Work      
Src  Proc. InQueue |  Leaves   Expl. | BestBound       BestSol              Gap |   Cuts   InLp Confl. | LpIters     Time

 J       0       0         0   0.00%   -inf            -0.0223478396      Large        0      0      0         0     0.4s
 T       0       0         0   0.00%   -1.284224014    -0.5683637363    125.95%        0      0      0       323     0.4s
         1       0         1 100.00%   -0.5683637363   -0.5683637363      0.00%        0      0      0       323     0.4s

Solving report
  Status            Optimal
  Primal bound      -0.568363736266
  Dual bound        -0.568363736266
  Gap               0% (tolerance: 0.5%)
  P-D integral      0.866241071904
  Solution status   feasible
                    -0.568363736266 (objective)
                    0 (bound viol.)
                    0 (int. viol.)
                    0 (row viol.)
  Timing            0.40
  Max sub-MIP depth 0
  Nodes             1
  Repair LPs        0
  LP iterations     323
                    0 (strong br.)
                    0 (separation)
                    0 (heuristics)
MIP has 10753 rows; 9409 cols; 25537 nonzeros; 1344 integer variables (1344 binary)
Coefficient ranges:
  Matrix  [2e-01, 1e+00]
  Cost    [1e-02, 6e-02]
  Bound   [1e+00, 1e+00]
  RHS     [1e-17, 2e+00]
WARNING: Problem has some excessively small row bounds
Presolving model
8064 rows, 8792 cols, 22231 nonzeros 0s
6000 rows, 6941 cols, 16740 nonzeros 0s
3754 rows, 4782 cols, 10739 nonzeros 0s
3601 rows, 3279 cols, 7271 nonzeros 0s
1315 rows, 2201 cols, 4127 nonzeros 0s
1050 rows, 1936 cols, 3597 nonzeros 0s
963 rows, 1843 cols, 3389 nonzeros 0s
Presolve reductions: rows 963(-9790); columns 1843(-7566); nonzeros 3389(-22148) 

Solving MIP model with:
   963 rows
   1843 cols (146 binary, 0 integer, 0 implied int., 1697 continuous, 0 domain fixed)
   3389 nonzeros

Src: B => Branching; C => Central rounding; F => Feasibility pump; H => Heuristic;
     I => Shifting; J => Feasibility jump; L => Sub-MIP; P => Empty MIP; R => Randomized rounding;
     S => Solve LP; T => Evaluate node; U => Unbounded; X => User solution; Y => HiGHS solution;
     Z => ZI Round; l => Trivial lower; p => Trivial point; u => Trivial upper; z => Trivial zero

        Nodes      |    B&B Tree     |            Objective Bounds              |  Dynamic Constraints |       Work      
Src  Proc. InQueue |  Leaves   Expl. | BestBound       BestSol              Gap |   Cuts   InLp Confl. | LpIters     Time

 J       0       0         0   0.00%   -inf            -0.6097685635      Large        0      0      0         0     0.4s
 T       0       0         0   0.00%   -1.780175432    -1.180182267      50.84%        0      0      0       399     0.4s
         1       0         1 100.00%   -1.180182267    -1.180182267       0.00%        0      0      0       399     0.4s

Solving report
  Status            Optimal
  Primal bound      -1.18018226728
  Dual bound        -1.18018226728
  Gap               0% (tolerance: 0.5%)
  P-D integral      0.0317594610391
  Solution status   feasible
                    -1.18018226728 (objective)
                    0 (bound viol.)
                    0 (int. viol.)
                    0 (row viol.)
  Timing            0.42
  Max sub-MIP depth 0
  Nodes             1
  Repair LPs        0
  LP iterations     399
                    0 (strong br.)
                    0 (separation)
                    0 (heuristics)
MIP has 10753 rows; 9409 cols; 25537 nonzeros; 1344 integer variables (1344 binary)
Coefficient ranges:
  Matrix  [2e-01, 1e+00]
  Cost    [1e-02, 6e-02]
  Bound   [1e+00, 1e+00]
  RHS     [1e-17, 2e+00]
WARNING: Problem has some excessively small row bounds
Presolving model
8064 rows, 8810 cols, 22249 nonzeros 0s
5966 rows, 6916 cols, 16656 nonzeros 0s
3665 rows, 4681 cols, 10490 nonzeros 0s
3494 rows, 3189 cols, 7073 nonzeros 0s
1356 rows, 2208 cols, 4212 nonzeros 0s
1076 rows, 1928 cols, 3650 nonzeros 0s
1059 rows, 1896 cols, 3601 nonzeros 0s
Presolve reductions: rows 1059(-9694); columns 1896(-7513); nonzeros 3601(-21936) 

Solving MIP model with:
   1059 rows
   1896 cols (163 binary, 0 integer, 0 implied int., 1733 continuous, 0 domain fixed)
   3601 nonzeros

Src: B => Branching; C => Central rounding; F => Feasibility pump; H => Heuristic;
     I => Shifting; J => Feasibility jump; L => Sub-MIP; P => Empty MIP; R => Randomized rounding;
     S => Solve LP; T => Evaluate node; U => Unbounded; X => User solution; Y => HiGHS solution;
     Z => ZI Round; l => Trivial lower; p => Trivial point; u => Trivial upper; z => Trivial zero

        Nodes      |    B&B Tree     |            Objective Bounds              |  Dynamic Constraints |       Work      
Src  Proc. InQueue |  Leaves   Expl. | BestBound       BestSol              Gap |   Cuts   InLp Confl. | LpIters     Time

 J       0       0         0   0.00%   -inf            -0.6593725433      Large        0      0      0         0     0.4s
 T       0       0         0   0.00%   -2.017602049    -1.440502264      40.06%        0      0      0       432     0.5s
         1       0         1 100.00%   -1.440502264    -1.440502264       0.00%        0      0      0       432     0.5s

Solving report
  Status            Optimal
  Primal bound      -1.44050226414
  Dual bound        -1.44050226414
  Gap               0% (tolerance: 0.5%)
  P-D integral      0.0270980125218
  Solution status   feasible
                    -1.44050226414 (objective)
                    0 (bound viol.)
                    0 (int. viol.)
                    0 (row viol.)
  Timing            0.46
  Max sub-MIP depth 0
  Nodes             1
  Repair LPs        0
  LP iterations     432
                    0 (strong br.)
                    0 (separation)
                    0 (heuristics)
MIP has 10753 rows; 9409 cols; 25537 nonzeros; 1344 integer variables (1344 binary)
Coefficient ranges:
  Matrix  [2e-01, 1e+00]
  Cost    [5e-03, 6e-02]
  Bound   [1e+00, 1e+00]
  RHS     [3e-17, 2e+00]
WARNING: Problem has some excessively small row bounds
Presolving model
8064 rows, 8794 cols, 22233 nonzeros 0s
5979 rows, 6914 cols, 16670 nonzeros 0s
3704 rows, 4727 cols, 10602 nonzeros 0s
3527 rows, 3196 cols, 7102 nonzeros 0s
1336 rows, 2187 cols, 4152 nonzeros 0s
1052 rows, 1901 cols, 3582 nonzeros 0s
1031 rows, 1877 cols, 3537 nonzeros 0s
Presolve reductions: rows 1031(-9722); columns 1877(-7532); nonzeros 3537(-22000) 

Solving MIP model with:
   1031 rows
   1877 cols (159 binary, 0 integer, 0 implied int., 1718 continuous, 0 domain fixed)
   3537 nonzeros

Src: B => Branching; C => Central rounding; F => Feasibility pump; H => Heuristic;
     I => Shifting; J => Feasibility jump; L => Sub-MIP; P => Empty MIP; R => Randomized rounding;
     S => Solve LP; T => Evaluate node; U => Unbounded; X => User solution; Y => HiGHS solution;
     Z => ZI Round; l => Trivial lower; p => Trivial point; u => Trivial upper; z => Trivial zero

        Nodes      |    B&B Tree     |            Objective Bounds              |  Dynamic Constraints |       Work      
Src  Proc. InQueue |  Leaves   Expl. | BestBound       BestSol              Gap |   Cuts   InLp Confl. | LpIters     Time

 J       0       0         0   0.00%   -inf            -0.3223753595      Large        0      0      0         0     0.4s
 T       0       0         0   0.00%   -1.766078578    -1.087630487      62.38%        0      0      0       412     0.4s
         1       0         1 100.00%   -1.087630487    -1.087630487       0.00%        0      0      0       412     0.4s

Solving report
  Status            Optimal
  Primal bound      -1.08763048698
  Dual bound        -1.08763048698
  Gap               0% (tolerance: 0.5%)
  P-D integral      0.0696021616646
  Solution status   feasible
                    -1.08763048698 (objective)
                    0 (bound viol.)
                    0 (int. viol.)
                    0 (row viol.)
  Timing            0.41
  Max sub-MIP depth 0
  Nodes             1
  Repair LPs        0
  LP iterations     412
                    0 (strong br.)
                    0 (separation)
                    0 (heuristics)
MIP has 10753 rows; 9409 cols; 25537 nonzeros; 1344 integer variables (1344 binary)
Coefficient ranges:
  Matrix  [2e-01, 1e+00]
  Cost    [5e-03, 6e-02]
  Bound   [1e+00, 1e+00]
  RHS     [3e-17, 2e+00]
WARNING: Problem has some excessively small row bounds
Presolving model
8064 rows, 8800 cols, 22239 nonzeros 0s
5984 rows, 6926 cols, 16692 nonzeros 0s
3705 rows, 4731 cols, 10612 nonzeros 0s
3558 rows, 3232 cols, 7160 nonzeros 0s
1309 rows, 2172 cols, 4089 nonzeros 0s
1038 rows, 1893 cols, 3539 nonzeros 0s
998 rows, 1846 cols, 3452 nonzeros 0s
Presolve reductions: rows 998(-9755); columns 1846(-7563); nonzeros 3452(-22085) 

Solving MIP model with:
   998 rows
   1846 cols (153 binary, 0 integer, 0 implied int., 1693 continuous, 0 domain fixed)
   3452 nonzeros

Src: B => Branching; C => Central rounding; F => Feasibility pump; H => Heuristic;
     I => Shifting; J => Feasibility jump; L => Sub-MIP; P => Empty MIP; R => Randomized rounding;
     S => Solve LP; T => Evaluate node; U => Unbounded; X => User solution; Y => HiGHS solution;
     Z => ZI Round; l => Trivial lower; p => Trivial point; u => Trivial upper; z => Trivial zero

        Nodes      |    B&B Tree     |            Objective Bounds              |  Dynamic Constraints |       Work      
Src  Proc. InQueue |  Leaves   Expl. | BestBound       BestSol              Gap |   Cuts   InLp Confl. | LpIters     Time

 J       0       0         0   0.00%   -inf            -0.0304242783      Large        0      0      0         0     0.4s
 T       0       0         0   0.00%   -1.595089962    -0.8514140328     87.35%        0      0      0       398     0.4s
         1       0         1 100.00%   -0.8514140328   -0.8514140328      0.00%        0      0      0       398     0.4s

Solving report
  Status            Optimal
  Primal bound      -0.851414032753
  Dual bound        -0.851414032753
  Gap               0% (tolerance: 0.5%)
  P-D integral      0.903100470246
  Solution status   feasible
                    -0.851414032753 (objective)
                    0 (bound viol.)
                    0 (int. viol.)
                    0 (row viol.)
  Timing            0.40
  Max sub-MIP depth 0
  Nodes             1
  Repair LPs        0
  LP iterations     398
                    0 (strong br.)
                    0 (separation)
                    0 (heuristics)
MIP has 10753 rows; 9409 cols; 25537 nonzeros; 1344 integer variables (1344 binary)
Coefficient ranges:
  Matrix  [2e-01, 1e+00]
  Cost    [1e-02, 6e-02]
  Bound   [1e+00, 1e+00]
  RHS     [3e-18, 2e+00]
WARNING: Problem has some excessively small row bounds
Presolving model
8064 rows, 8843 cols, 22282 nonzeros 0s
5963 rows, 6937 cols, 16663 nonzeros 0s
3652 rows, 4695 cols, 10474 nonzeros 0s
3497 rows, 3169 cols, 6999 nonzeros 0s
1186 rows, 2054 cols, 3755 nonzeros 0s
904 rows, 1772 cols, 3191 nonzeros 0s
826 rows, 1686 cols, 3011 nonzeros 0s
Presolve reductions: rows 826(-9927); columns 1686(-7723); nonzeros 3011(-22526) 

Solving MIP model with:
   826 rows
   1686 cols (125 binary, 0 integer, 0 implied int., 1561 continuous, 0 domain fixed)
   3011 nonzeros

Src: B => Branching; C => Central rounding; F => Feasibility pump; H => Heuristic;
     I => Shifting; J => Feasibility jump; L => Sub-MIP; P => Empty MIP; R => Randomized rounding;
     S => Solve LP; T => Evaluate node; U => Unbounded; X => User solution; Y => HiGHS solution;
     Z => ZI Round; l => Trivial lower; p => Trivial point; u => Trivial upper; z => Trivial zero

        Nodes      |    B&B Tree     |            Objective Bounds              |  Dynamic Constraints |       Work      
Src  Proc. InQueue |  Leaves   Expl. | BestBound       BestSol              Gap |   Cuts   InLp Confl. | LpIters     Time

         0       0         0   0.00%   -1.391276126    inf                  inf        0      0      0         0     0.4s
 T       0       0         0   0.00%   -1.391276126    -0.7964130775     74.69%        0      0      0       341     0.5s
         1       0         1 100.00%   -0.7964130775   -0.7964130775      0.00%        0      0      0       341     0.5s

Solving report
  Status            Optimal
  Primal bound      -0.796413077481
  Dual bound        -0.796413077481
  Gap               0% (tolerance: 0.5%)
  P-D integral      5.08657775758e-05
  Solution status   feasible
                    -0.796413077481 (objective)
                    0 (bound viol.)
                    0 (int. viol.)
                    0 (row viol.)
  Timing            0.46
  Max sub-MIP depth 0
  Nodes             1
  Repair LPs        0
  LP iterations     341
                    0 (strong br.)
                    0 (separation)
                    0 (heuristics)
MIP has 10753 rows; 9409 cols; 25537 nonzeros; 1344 integer variables (1344 binary)
Coefficient ranges:
  Matrix  [2e-01, 1e+00]
  Cost    [1e-02, 6e-02]
  Bound   [1e+00, 1e+00]
  RHS     [3e-18, 2e+00]
WARNING: Problem has some excessively small row bounds
Presolving model
8064 rows, 8969 cols, 22408 nonzeros 0s
5837 rows, 6892 cols, 16400 nonzeros 0s
3409 rows, 4473 cols, 9845 nonzeros 0s
3224 rows, 2939 cols, 6466 nonzeros 0s
908 rows, 1719 cols, 2966 nonzeros 0s
667 rows, 1478 cols, 2484 nonzeros 0s
576 rows, 1384 cols, 2299 nonzeros 0s
Presolve reductions: rows 576(-10177); columns 1384(-8025); nonzeros 2299(-23238) 

Solving MIP model with:
   576 rows
   1384 cols (85 binary, 0 integer, 0 implied int., 1299 continuous, 0 domain fixed)
   2299 nonzeros

Src: B => Branching; C => Central rounding; F => Feasibility pump; H => Heuristic;
     I => Shifting; J => Feasibility jump; L => Sub-MIP; P => Empty MIP; R => Randomized rounding;
     S => Solve LP; T => Evaluate node; U => Unbounded; X => User solution; Y => HiGHS solution;
     Z => ZI Round; l => Trivial lower; p => Trivial point; u => Trivial upper; z => Trivial zero

        Nodes      |    B&B Tree     |            Objective Bounds              |  Dynamic Constraints |       Work      
Src  Proc. InQueue |  Leaves   Expl. | BestBound       BestSol              Gap |   Cuts   InLp Confl. | LpIters     Time

 J       0       0         0   0.00%   -inf            0.1395474457       Large        0      0      0         0     0.4s
 T       0       0         0   0.00%   -0.8961326357   -0.4098472901    118.65%        0      0      0       253     0.4s
         1       0         1 100.00%   -0.4098472901   -0.4098472901      0.00%        0      0      0       253     0.4s

Solving report
  Status            Optimal
  Primal bound      -0.409847290132
  Dual bound        -0.409847290132
  Gap               0% (tolerance: 0.5%)
  P-D integral      0.0816645976503
  Solution status   feasible
                    -0.409847290132 (objective)
                    0 (bound viol.)
                    0 (int. viol.)
                    0 (row viol.)
  Timing            0.43
  Max sub-MIP depth 0
  Nodes             1
  Repair LPs        0
  LP iterations     253
                    0 (strong br.)
                    0 (separation)
                    0 (heuristics)
MIP has 10753 rows; 9409 cols; 25537 nonzeros; 1344 integer variables (1344 binary)
Coefficient ranges:
  Matrix  [2e-01, 1e+00]
  Cost    [1e-02, 6e-02]
  Bound   [1e+00, 1e+00]
  RHS     [7e-18, 2e+00]
WARNING: Problem has some excessively small row bounds
Presolving model
8064 rows, 9243 cols, 22682 nonzeros 0s
5579 rows, 6817 cols, 15883 nonzeros 0s
2887 rows, 4011 cols, 8497 nonzeros 0s
2656 rows, 2554 cols, 5613 nonzeros 0s
657 rows, 1330 cols, 2198 nonzeros 0s
441 rows, 1113 cols, 1763 nonzeros 0s
364 rows, 1036 cols, 1609 nonzeros 0s
Presolve reductions: rows 364(-10389); columns 1036(-8373); nonzeros 1609(-23928) 

Solving MIP model with:
   364 rows
   1036 cols (53 binary, 0 integer, 0 implied int., 983 continuous, 0 domain fixed)
   1609 nonzeros

Src: B => Branching; C => Central rounding; F => Feasibility pump; H => Heuristic;
     I => Shifting; J => Feasibility jump; L => Sub-MIP; P => Empty MIP; R => Randomized rounding;
     S => Solve LP; T => Evaluate node; U => Unbounded; X => User solution; Y => HiGHS solution;
     Z => ZI Round; l => Trivial lower; p => Trivial point; u => Trivial upper; z => Trivial zero

        Nodes      |    B&B Tree     |            Objective Bounds              |  Dynamic Constraints |       Work      
Src  Proc. InQueue |  Leaves   Expl. | BestBound       BestSol              Gap |   Cuts   InLp Confl. | LpIters     Time

 J       0       0         0   0.00%   -inf            0.0610384378       Large        0      0      0         0     0.4s
 T       0       0         0   0.00%   -0.4788458988   -0.2535235845     88.88%        0      0      0       178     0.4s
         1       0         1 100.00%   -0.2535235845   -0.2535235845      0.00%        0      0      0       178     0.4s

Solving report
  Status            Optimal
  Primal bound      -0.253523584521
  Dual bound        -0.253523584521
  Gap               0% (tolerance: 0.5%)
  P-D integral      0.0723063087943
  Solution status   feasible
                    -0.253523584521 (objective)
                    0 (bound viol.)
                    0 (int. viol.)
                    0 (row viol.)
  Timing            0.43
  Max sub-MIP depth 0
  Nodes             1
  Repair LPs        0
  LP iterations     178
                    0 (strong br.)
                    0 (separation)
                    0 (heuristics)
MIP has 10753 rows; 9409 cols; 25537 nonzeros; 1344 integer variables (1344 binary)
Coefficient ranges:
  Matrix  [2e-01, 1e+00]
  Cost    [1e-02, 6e-02]
  Bound   [1e+00, 1e+00]
  RHS     [7e-18, 2e+00]
WARNING: Problem has some excessively small row bounds
Presolving model
8064 rows, 9136 cols, 22575 nonzeros 0s
5728 rows, 6908 cols, 16224 nonzeros 0s
3165 rows, 4299 cols, 9251 nonzeros 0s
2973 rows, 2830 cols, 6217 nonzeros 0s
793 rows, 1558 cols, 2630 nonzeros 0s
556 rows, 1320 cols, 2153 nonzeros 0s
468 rows, 1214 cols, 1961 nonzeros 0s
Presolve reductions: rows 468(-10285); columns 1214(-8195); nonzeros 1961(-23576) 

Solving MIP model with:
   468 rows
   1214 cols (70 binary, 0 integer, 0 implied int., 1144 continuous, 0 domain fixed)
   1961 nonzeros

Src: B => Branching; C => Central rounding; F => Feasibility pump; H => Heuristic;
     I => Shifting; J => Feasibility jump; L => Sub-MIP; P => Empty MIP; R => Randomized rounding;
     S => Solve LP; T => Evaluate node; U => Unbounded; X => User solution; Y => HiGHS solution;
     Z => ZI Round; l => Trivial lower; p => Trivial point; u => Trivial upper; z => Trivial zero

        Nodes      |    B&B Tree     |            Objective Bounds              |  Dynamic Constraints |       Work      
Src  Proc. InQueue |  Leaves   Expl. | BestBound       BestSol              Gap |   Cuts   InLp Confl. | LpIters     Time

 J       0       0         0   0.00%   -inf            0.1771512041       Large        0      0      0         0     0.4s
 T       0       0         0   0.00%   -0.6902016689   -0.2894785672    138.43%        0      0      0       206     0.4s
         1       0         1 100.00%   -0.2894785672   -0.2894785672      0.00%        0      0      0       206     0.4s

Solving report
  Status            Optimal
  Primal bound      -0.289478567156
  Dual bound        -0.289478567156
  Gap               0% (tolerance: 0.5%)
  P-D integral      0.0529334633998
  Solution status   feasible
                    -0.289478567156 (objective)
                    0 (bound viol.)
                    0 (int. viol.)
                    0 (row viol.)
  Timing            0.42
  Max sub-MIP depth 0
  Nodes             1
  Repair LPs        0
  LP iterations     206
                    0 (strong br.)
                    0 (separation)
                    0 (heuristics)
MIP has 10753 rows; 9409 cols; 25537 nonzeros; 1344 integer variables (1344 binary)
Coefficient ranges:
  Matrix  [2e-01, 1e+00]
  Cost    [1e-02, 6e-02]
  Bound   [1e+00, 1e+00]
  RHS     [1e-17, 2e+00]
WARNING: Problem has some excessively small row bounds
Presolving model
8064 rows, 8843 cols, 22282 nonzeros 0s
5940 rows, 6908 cols, 16596 nonzeros 0s
3621 rows, 4652 cols, 10380 nonzeros 0s
3459 rows, 3109 cols, 6879 nonzeros 0s
1153 rows, 1992 cols, 3644 nonzeros 0s
912 rows, 1751 cols, 3162 nonzeros 0s
681 rows, 1515 cols, 2595 nonzeros 0s
656 rows, 1490 cols, 2545 nonzeros 0s
Presolve reductions: rows 656(-10097); columns 1490(-7919); nonzeros 2545(-22992) 

Solving MIP model with:
   656 rows
   1490 cols (100 binary, 0 integer, 0 implied int., 1390 continuous, 0 domain fixed)
   2545 nonzeros

Src: B => Branching; C => Central rounding; F => Feasibility pump; H => Heuristic;
     I => Shifting; J => Feasibility jump; L => Sub-MIP; P => Empty MIP; R => Randomized rounding;
     S => Solve LP; T => Evaluate node; U => Unbounded; X => User solution; Y => HiGHS solution;
     Z => ZI Round; l => Trivial lower; p => Trivial point; u => Trivial upper; z => Trivial zero

        Nodes      |    B&B Tree     |            Objective Bounds              |  Dynamic Constraints |       Work      
Src  Proc. InQueue |  Leaves   Expl. | BestBound       BestSol              Gap |   Cuts   InLp Confl. | LpIters     Time

         0       0         0   0.00%   -1.047090219    inf                  inf        0      0      0         0     0.4s
 T       0       0         0   0.00%   -1.047090219    -0.3656793799    186.34%        0      0      0       286     0.4s
         1       0         1 100.00%   -0.3656793799   -0.3656793799      0.00%        0      0      0       286     0.4s

Solving report
  Status            Optimal
  Primal bound      -0.365679379946
  Dual bound        -0.365679379946
  Gap               0% (tolerance: 0.5%)
  P-D integral      0.000106400742968
  Solution status   feasible
                    -0.365679379946 (objective)
                    0 (bound viol.)
                    0 (int. viol.)
                    0 (row viol.)
  Timing            0.42
  Max sub-MIP depth 0
  Nodes             1
  Repair LPs        0
  LP iterations     286
                    0 (strong br.)
                    0 (separation)
                    0 (heuristics)
MIP has 10753 rows; 9409 cols; 25537 nonzeros; 1344 integer variables (1344 binary)
Coefficient ranges:
  Matrix  [2e-01, 1e+00]
  Cost    [5e-03, 6e-02]
  Bound   [1e+00, 1e+00]
  RHS     [1e-17, 2e+00]
WARNING: Problem has some excessively small row bounds
Presolving model
8064 rows, 8751 cols, 22190 nonzeros 0s
5976 rows, 6868 cols, 16623 nonzeros 0s
3703 rows, 4680 cols, 10562 nonzeros 0s
3537 rows, 3164 cols, 7048 nonzeros 0s
1271 rows, 2102 cols, 3952 nonzeros 0s
995 rows, 1826 cols, 3402 nonzeros 0s
614 rows, 1473 cols, 2424 nonzeros 0s
560 rows, 1406 cols, 2303 nonzeros 0s
Presolve reductions: rows 560(-10193); columns 1406(-8003); nonzeros 2303(-23234) 

Solving MIP model with:
   560 rows
   1406 cols (85 binary, 0 integer, 0 implied int., 1321 continuous, 0 domain fixed)
   2303 nonzeros

Src: B => Branching; C => Central rounding; F => Feasibility pump; H => Heuristic;
     I => Shifting; J => Feasibility jump; L => Sub-MIP; P => Empty MIP; R => Randomized rounding;
     S => Solve LP; T => Evaluate node; U => Unbounded; X => User solution; Y => HiGHS solution;
     Z => ZI Round; l => Trivial lower; p => Trivial point; u => Trivial upper; z => Trivial zero

        Nodes      |    B&B Tree     |            Objective Bounds              |  Dynamic Constraints |       Work      
Src  Proc. InQueue |  Leaves   Expl. | BestBound       BestSol              Gap |   Cuts   InLp Confl. | LpIters     Time

 J       0       0         0   0.00%   -inf            0.5330341061       Large        0      0      0         0     0.4s
 T       0       0         0   0.00%   -0.8477751663   -0.107986422     685.08%        0      0      0       240     0.5s
         1       0         1 100.00%   -0.107986422    -0.107986422       0.00%        0      0      0       240     0.5s

Solving report
  Status            Optimal
  Primal bound      -0.107986421976
  Dual bound        -0.107986421976
  Gap               0% (tolerance: 0.5%)
  P-D integral      0.0274273016202
  Solution status   feasible
                    -0.107986421976 (objective)
                    0 (bound viol.)
                    0 (int. viol.)
                    0 (row viol.)
  Timing            0.46
  Max sub-MIP depth 0
  Nodes             1
  Repair LPs        0
  LP iterations     240
                    0 (strong br.)
                    0 (separation)
                    0 (heuristics)
MIP has 10753 rows; 9409 cols; 25537 nonzeros; 1344 integer variables (1344 binary)
Coefficient ranges:
  Matrix  [2e-01, 1e+00]
  Cost    [5e-03, 6e-02]
  Bound   [1e+00, 1e+00]
  RHS     [7e-18, 2e+00]
WARNING: Problem has some excessively small row bounds
Presolving model
8064 rows, 8745 cols, 22184 nonzeros 0s
5997 rows, 6891 cols, 16680 nonzeros 0s
3744 rows, 4733 cols, 10677 nonzeros 0s
3586 rows, 3233 cols, 7196 nonzeros 0s
1307 rows, 2153 cols, 4060 nonzeros 0s
1029 rows, 1857 cols, 3483 nonzeros 0s
641 rows, 1502 cols, 2493 nonzeros 0s
584 rows, 1440 cols, 2374 nonzeros 0s
Presolve reductions: rows 584(-10169); columns 1440(-7969); nonzeros 2374(-23163) 

Solving MIP model with:
   584 rows
   1440 cols (89 binary, 0 integer, 0 implied int., 1351 continuous, 0 domain fixed)
   2374 nonzeros

Src: B => Branching; C => Central rounding; F => Feasibility pump; H => Heuristic;
     I => Shifting; J => Feasibility jump; L => Sub-MIP; P => Empty MIP; R => Randomized rounding;
     S => Solve LP; T => Evaluate node; U => Unbounded; X => User solution; Y => HiGHS solution;
     Z => ZI Round; l => Trivial lower; p => Trivial point; u => Trivial upper; z => Trivial zero

        Nodes      |    B&B Tree     |            Objective Bounds              |  Dynamic Constraints |       Work      
Src  Proc. InQueue |  Leaves   Expl. | BestBound       BestSol              Gap |   Cuts   InLp Confl. | LpIters     Time

 J       0       0         0   0.00%   -inf            0.5874498977       Large        0      0      0         0     0.4s
 T       0       0         0   0.00%   -0.7402667037   0.0128209229    5873.90%        0      0      0       250     0.4s
         1       0         1 100.00%   0.0128209229    0.0128209229       0.00%        0      0      0       250     0.4s

Solving report
  Status            Optimal
  Primal bound      0.0128209229452
  Dual bound        0.0128209229452
  Gap               0% (tolerance: 0.5%)
  P-D integral      0.0277976930784
  Solution status   feasible
                    0.0128209229452 (objective)
                    0 (bound viol.)
                    0 (int. viol.)
                    0 (row viol.)
  Timing            0.43
  Max sub-MIP depth 0
  Nodes             1
  Repair LPs        0
  LP iterations     250
                    0 (strong br.)
                    0 (separation)
                    0 (heuristics)
MIP has 10753 rows; 9409 cols; 25537 nonzeros; 1344 integer variables (1344 binary)
Coefficient ranges:
  Matrix  [2e-01, 1e+00]
  Cost    [1e-02, 6e-02]
  Bound   [1e+00, 1e+00]
  RHS     [7e-18, 2e+00]
WARNING: Problem has some excessively small row bounds
Presolving model
8064 rows, 8796 cols, 22235 nonzeros 0s
5956 rows, 6885 cols, 16600 nonzeros 0s
3638 rows, 4635 cols, 10390 nonzeros 0s
3462 rows, 3097 cols, 6859 nonzeros 0s
1162 rows, 1994 cols, 3661 nonzeros 0s
915 rows, 1747 cols, 3169 nonzeros 0s
574 rows, 1428 cols, 2319 nonzeros 0s
528 rows, 1373 cols, 2218 nonzeros 0s
Presolve reductions: rows 528(-10225); columns 1373(-8036); nonzeros 2218(-23319) 

Solving MIP model with:
   528 rows
   1373 cols (81 binary, 0 integer, 0 implied int., 1292 continuous, 0 domain fixed)
   2218 nonzeros

Src: B => Branching; C => Central rounding; F => Feasibility pump; H => Heuristic;
     I => Shifting; J => Feasibility jump; L => Sub-MIP; P => Empty MIP; R => Randomized rounding;
     S => Solve LP; T => Evaluate node; U => Unbounded; X => User solution; Y => HiGHS solution;
     Z => ZI Round; l => Trivial lower; p => Trivial point; u => Trivial upper; z => Trivial zero

        Nodes      |    B&B Tree     |            Objective Bounds              |  Dynamic Constraints |       Work      
Src  Proc. InQueue |  Leaves   Expl. | BestBound       BestSol              Gap |   Cuts   InLp Confl. | LpIters     Time

 J       0       0         0   0.00%   -inf            0.7319039375       Large        0      0      0         0     0.4s
 T       0       0         0   0.00%   -0.5899781299   0.1192341184     594.81%        0      0      0       231     0.4s
         1       0         1 100.00%   0.1192341184    0.1192341184       0.00%        0      0      0       231     0.4s

Solving report
  Status            Optimal
  Primal bound      0.119234118374
  Dual bound        0.119234118374
  Gap               0% (tolerance: 0.5%)
  P-D integral      0.0188943281329
  Solution status   feasible
                    0.119234118374 (objective)
                    0 (bound viol.)
                    0 (int. viol.)
                    0 (row viol.)
  Timing            0.44
  Max sub-MIP depth 0
  Nodes             1
  Repair LPs        0
  LP iterations     231
                    0 (strong br.)
                    0 (separation)
                    0 (heuristics)
MIP has 10753 rows; 9409 cols; 25537 nonzeros; 1344 integer variables (1344 binary)
Coefficient ranges:
  Matrix  [2e-01, 1e+00]
  Cost    [1e-02, 6e-02]
  Bound   [1e+00, 1e+00]
  RHS     [1e-17, 2e+00]
WARNING: Problem has some excessively small row bounds
Presolving model
8064 rows, 8788 cols, 22227 nonzeros 0s
5955 rows, 6877 cols, 16594 nonzeros 0s
3661 rows, 4661 cols, 10462 nonzeros 0s
3498 rows, 3145 cols, 6966 nonzeros 0s
1206 rows, 2049 cols, 3787 nonzeros 0s
919 rows, 1759 cols, 3208 nonzeros 0s
572 rows, 1438 cols, 2322 nonzeros 0s
523 rows, 1376 cols, 2211 nonzeros 0s
Presolve reductions: rows 523(-10230); columns 1376(-8033); nonzeros 2211(-23326) 

Solving MIP model with:
   523 rows
   1376 cols (79 binary, 0 integer, 0 implied int., 1297 continuous, 0 domain fixed)
   2211 nonzeros

Src: B => Branching; C => Central rounding; F => Feasibility pump; H => Heuristic;
     I => Shifting; J => Feasibility jump; L => Sub-MIP; P => Empty MIP; R => Randomized rounding;
     S => Solve LP; T => Evaluate node; U => Unbounded; X => User solution; Y => HiGHS solution;
     Z => ZI Round; l => Trivial lower; p => Trivial point; u => Trivial upper; z => Trivial zero

        Nodes      |    B&B Tree     |            Objective Bounds              |  Dynamic Constraints |       Work      
Src  Proc. InQueue |  Leaves   Expl. | BestBound       BestSol              Gap |   Cuts   InLp Confl. | LpIters     Time

 J       0       0         0   0.00%   -inf            0.6573821491       Large        0      0      0         0     0.5s
 T       0       0         0   0.00%   -0.6959052748   0.0214118095    3350.10%        0      0      0       233     0.5s
         1       0         1 100.00%   0.0214118095    0.0214118095       0.00%        0      0      0       233     0.5s

Solving report
  Status            Optimal
  Primal bound      0.0214118095194
  Dual bound        0.0214118095194
  Gap               0% (tolerance: 0.5%)
  P-D integral      0.0266877564942
  Solution status   feasible
                    0.0214118095194 (objective)
                    0 (bound viol.)
                    0 (int. viol.)
                    0 (row viol.)
  Timing            0.48
  Max sub-MIP depth 0
  Nodes             1
  Repair LPs        0
  LP iterations     233
                    0 (strong br.)
                    0 (separation)
                    0 (heuristics)
MIP has 10753 rows; 9409 cols; 25537 nonzeros; 1344 integer variables (1344 binary)
Coefficient ranges:
  Matrix  [2e-01, 1e+00]
  Cost    [1e-02, 6e-02]
  Bound   [1e+00, 1e+00]
  RHS     [1e-17, 2e+00]
WARNING: Problem has some excessively small row bounds
Presolving model
8064 rows, 8746 cols, 22185 nonzeros 0s
6007 rows, 6903 cols, 16706 nonzeros 0s
3751 rows, 4740 cols, 10687 nonzeros 0s
3605 rows, 3244 cols, 7230 nonzeros 0s
1324 rows, 2173 cols, 4107 nonzeros 0s
1051 rows, 1900 cols, 3561 nonzeros 0s
655 rows, 1534 cols, 2543 nonzeros 0s
597 rows, 1460 cols, 2411 nonzeros 0s
Presolve reductions: rows 597(-10156); columns 1460(-7949); nonzeros 2411(-23126) 

Solving MIP model with:
   597 rows
   1460 cols (91 binary, 0 integer, 0 implied int., 1369 continuous, 0 domain fixed)
   2411 nonzeros

Src: B => Branching; C => Central rounding; F => Feasibility pump; H => Heuristic;
     I => Shifting; J => Feasibility jump; L => Sub-MIP; P => Empty MIP; R => Randomized rounding;
     S => Solve LP; T => Evaluate node; U => Unbounded; X => User solution; Y => HiGHS solution;
     Z => ZI Round; l => Trivial lower; p => Trivial point; u => Trivial upper; z => Trivial zero

        Nodes      |    B&B Tree     |            Objective Bounds              |  Dynamic Constraints |       Work      
Src  Proc. InQueue |  Leaves   Expl. | BestBound       BestSol              Gap |   Cuts   InLp Confl. | LpIters     Time

         0       0         0   0.00%   -0.8806205411   inf                  inf        0      0      0         0     0.4s
 T       0       0         0   0.00%   -0.8806205411   -0.1851171104    375.71%        0      0      0       259     0.4s
         1       0         1 100.00%   -0.1851171104   -0.1851171104      0.00%        0      0      0       259     0.4s

Solving report
  Status            Optimal
  Primal bound      -0.18511711044
  Dual bound        -0.18511711044
  Gap               0% (tolerance: 0.5%)
  P-D integral      0.000240078691432
  Solution status   feasible
                    -0.18511711044 (objective)
                    0 (bound viol.)
                    0 (int. viol.)
                    0 (row viol.)
  Timing            0.41
  Max sub-MIP depth 0
  Nodes             1
  Repair LPs        0
  LP iterations     259
                    0 (strong br.)
                    0 (separation)
                    0 (heuristics)
MIP has 10753 rows; 9409 cols; 25537 nonzeros; 1344 integer variables (1344 binary)
Coefficient ranges:
  Matrix  [2e-01, 1e+00]
  Cost    [5e-03, 6e-02]
  Bound   [1e+00, 1e+00]
  RHS     [7e-18, 2e+00]
WARNING: Problem has some excessively small row bounds
Presolving model
8064 rows, 8648 cols, 22087 nonzeros 0s
6053 rows, 6874 cols, 16761 nonzeros 0s
3882 rows, 4824 cols, 10996 nonzeros 0s
3711 rows, 3336 cols, 7455 nonzeros 0s
1533 rows, 2393 cols, 4676 nonzeros 0s
1259 rows, 1871 cols, 3422 nonzeros 0s
708 rows, 1624 cols, 2704 nonzeros 0s
615 rows, 1526 cols, 2513 nonzeros 0s
Presolve reductions: rows 615(-10138); columns 1526(-7883); nonzeros 2513(-23024) 

Solving MIP model with:
   615 rows
   1526 cols (96 binary, 0 integer, 0 implied int., 1430 continuous, 0 domain fixed)
   2513 nonzeros

Src: B => Branching; C => Central rounding; F => Feasibility pump; H => Heuristic;
     I => Shifting; J => Feasibility jump; L => Sub-MIP; P => Empty MIP; R => Randomized rounding;
     S => Solve LP; T => Evaluate node; U => Unbounded; X => User solution; Y => HiGHS solution;
     Z => ZI Round; l => Trivial lower; p => Trivial point; u => Trivial upper; z => Trivial zero

        Nodes      |    B&B Tree     |            Objective Bounds              |  Dynamic Constraints |       Work      
Src  Proc. InQueue |  Leaves   Expl. | BestBound       BestSol              Gap |   Cuts   InLp Confl. | LpIters     Time

 J       0       0         0   0.00%   -inf            1.840112018        Large        0      0      0         0     0.4s
 T       0       0         0   0.00%   -0.7418743027   0.6396655669     215.98%        0      0      0       252     0.5s
         1       0         1 100.00%   0.6396655669    0.6396655669       0.00%        0      0      0       252     0.5s

Solving report
  Status            Optimal
  Primal bound      0.639665566921
  Dual bound        0.639665566921
  Gap               0% (tolerance: 0.5%)
  P-D integral      0.0174823939045
  Solution status   feasible
                    0.639665566921 (objective)
                    0 (bound viol.)
                    0 (int. viol.)
                    0 (row viol.)
  Timing            0.46
  Max sub-MIP depth 0
  Nodes             1
  Repair LPs        0
  LP iterations     252
                    0 (strong br.)
                    0 (separation)
                    0 (heuristics)
MIP has 10753 rows; 9409 cols; 25537 nonzeros; 1344 integer variables (1344 binary)
Coefficient ranges:
  Matrix  [2e-01, 1e+00]
  Cost    [5e-03, 6e-02]
  Bound   [1e+00, 1e+00]
  RHS     [7e-18, 2e+00]
WARNING: Problem has some excessively small row bounds
Presolving model
8064 rows, 8519 cols, 21958 nonzeros 0s
6138 rows, 6854 cols, 16887 nonzeros 0s
4086 rows, 4981 cols, 11502 nonzeros 0s
3968 rows, 3569 cols, 8061 nonzeros 0s
1875 rows, 2750 cols, 5596 nonzeros 0s
1626 rows, 2111 cols, 3961 nonzeros 0s
803 rows, 1786 cols, 2996 nonzeros 0s
666 rows, 1640 cols, 2713 nonzeros 0s
Presolve reductions: rows 666(-10087); columns 1640(-7769); nonzeros 2713(-22824) 

Solving MIP model with:
   666 rows
   1640 cols (102 binary, 0 integer, 0 implied int., 1538 continuous, 0 domain fixed)
   2713 nonzeros

Src: B => Branching; C => Central rounding; F => Feasibility pump; H => Heuristic;
     I => Shifting; J => Feasibility jump; L => Sub-MIP; P => Empty MIP; R => Randomized rounding;
     S => Solve LP; T => Evaluate node; U => Unbounded; X => User solution; Y => HiGHS solution;
     Z => ZI Round; l => Trivial lower; p => Trivial point; u => Trivial upper; z => Trivial zero

        Nodes      |    B&B Tree     |            Objective Bounds              |  Dynamic Constraints |       Work      
Src  Proc. InQueue |  Leaves   Expl. | BestBound       BestSol              Gap |   Cuts   InLp Confl. | LpIters     Time

 J       0       0         0   0.00%   -inf            3.711726197        Large        0      0      0         0     0.4s
 T       0       0         0   0.00%   -0.529472796    1.81763076       129.13%        0      0      0       281     0.4s
         1       0         1 100.00%   1.81763076      1.81763076         0.00%        0      0      0       281     0.4s

Solving report
  Status            Optimal
  Primal bound      1.81763075969
  Dual bound        1.81763075969
  Gap               0% (tolerance: 0.5%)
  P-D integral      0.0143429160168
  Solution status   feasible
                    1.81763075969 (objective)
                    0 (bound viol.)
                    0 (int. viol.)
                    0 (row viol.)
  Timing            0.40
  Max sub-MIP depth 0
  Nodes             1
  Repair LPs        0
  LP iterations     281
                    0 (strong br.)
                    0 (separation)
                    0 (heuristics)
MIP has 10753 rows; 9409 cols; 25537 nonzeros; 1344 integer variables (1344 binary)
Coefficient ranges:
  Matrix  [2e-01, 1e+00]
  Cost    [5e-03, 6e-02]
  Bound   [1e+00, 1e+00]
  RHS     [2e-18, 2e+00]
WARNING: Problem has some excessively small row bounds
Presolving model
8064 rows, 8495 cols, 21934 nonzeros 0s
6173 rows, 6877 cols, 16969 nonzeros 0s
4135 rows, 5019 cols, 11621 nonzeros 0s
4027 rows, 3627 cols, 8204 nonzeros 0s
1935 rows, 2813 cols, 5759 nonzeros 0s
1699 rows, 2162 cols, 4074 nonzeros 0s
830 rows, 1825 cols, 3070 nonzeros 0s
686 rows, 1671 cols, 2772 nonzeros 0s
Presolve reductions: rows 686(-10067); columns 1671(-7738); nonzeros 2772(-22765) 

Solving MIP model with:
   686 rows
   1671 cols (104 binary, 0 integer, 0 implied int., 1567 continuous, 0 domain fixed)
   2772 nonzeros

Src: B => Branching; C => Central rounding; F => Feasibility pump; H => Heuristic;
     I => Shifting; J => Feasibility jump; L => Sub-MIP; P => Empty MIP; R => Randomized rounding;
     S => Solve LP; T => Evaluate node; U => Unbounded; X => User solution; Y => HiGHS solution;
     Z => ZI Round; l => Trivial lower; p => Trivial point; u => Trivial upper; z => Trivial zero

        Nodes      |    B&B Tree     |            Objective Bounds              |  Dynamic Constraints |       Work      
Src  Proc. InQueue |  Leaves   Expl. | BestBound       BestSol              Gap |   Cuts   InLp Confl. | LpIters     Time

 J       0       0         0   0.00%   -inf            4.423362015        Large        0      0      0         0     0.4s
 T       0       0         0   0.00%   -0.4487905982   2.313864399      119.40%        0      0      0       294     0.4s
         1       0         1 100.00%   2.313864399     2.313864399        0.00%        0      0      0       294     0.4s

Solving report
  Status            Optimal
  Primal bound      2.31386439912
  Dual bound        2.31386439912
  Gap               0% (tolerance: 0.5%)
  P-D integral      0.0131475576596
  Solution status   feasible
                    2.31386439912 (objective)
                    0 (bound viol.)
                    0 (int. viol.)
                    0 (row viol.)
  Timing            0.41
  Max sub-MIP depth 0
  Nodes             1
  Repair LPs        0
  LP iterations     294
                    0 (strong br.)
                    0 (separation)
                    0 (heuristics)
MIP has 10753 rows; 9409 cols; 25537 nonzeros; 1344 integer variables (1344 binary)
Coefficient ranges:
  Matrix  [2e-01, 1e+00]
  Cost    [5e-03, 6e-02]
  Bound   [1e+00, 1e+00]
  RHS     [2e-18, 2e+00]
WARNING: Problem has some excessively small row bounds
Presolving model
8064 rows, 8542 cols, 21981 nonzeros 0s
6164 rows, 6914 cols, 16989 nonzeros 0s
4095 rows, 5022 cols, 11553 nonzeros 0s
3943 rows, 3567 cols, 8022 nonzeros 0s
1874 rows, 2765 cols, 5610 nonzeros 0s
1625 rows, 2171 cols, 4136 nonzeros 0s
891 rows, 1855 cols, 3211 nonzeros 0s
772 rows, 1678 cols, 2915 nonzeros 0s
Presolve reductions: rows 772(-9981); columns 1678(-7731); nonzeros 2915(-22622) 

Solving MIP model with:
   772 rows
   1678 cols (117 binary, 0 integer, 0 implied int., 1561 continuous, 0 domain fixed)
   2915 nonzeros

Src: B => Branching; C => Central rounding; F => Feasibility pump; H => Heuristic;
     I => Shifting; J => Feasibility jump; L => Sub-MIP; P => Empty MIP; R => Randomized rounding;
     S => Solve LP; T => Evaluate node; U => Unbounded; X => User solution; Y => HiGHS solution;
     Z => ZI Round; l => Trivial lower; p => Trivial point; u => Trivial upper; z => Trivial zero

        Nodes      |    B&B Tree     |            Objective Bounds              |  Dynamic Constraints |       Work      
Src  Proc. InQueue |  Leaves   Expl. | BestBound       BestSol              Gap |   Cuts   InLp Confl. | LpIters     Time

 J       0       0         0   0.00%   -inf            6.344965017        Large        0      0      0         0     0.4s
 T       0       0         0   0.00%   -0.2287789655   4.039453273      105.66%        0      0      0       326     0.5s
         1       0         1 100.00%   4.039453273     4.039453273        0.00%        0      0      0       326     0.5s

Solving report
  Status            Optimal
  Primal bound      4.0394532726
  Dual bound        4.0394532726
  Gap               0% (tolerance: 0.5%)
  P-D integral      0.0131339329913
  Solution status   feasible
                    4.0394532726 (objective)
                    0 (bound viol.)
                    0 (int. viol.)
                    0 (row viol.)
  Timing            0.46
  Max sub-MIP depth 0
  Nodes             1
  Repair LPs        0
  LP iterations     326
                    0 (strong br.)
                    0 (separation)
                    0 (heuristics)
MIP has 10753 rows; 9409 cols; 25537 nonzeros; 1344 integer variables (1344 binary)
Coefficient ranges:
  Matrix  [2e-01, 1e+00]
  Cost    [5e-03, 6e-02]
  Bound   [1e+00, 1e+00]
  RHS     [3e-18, 2e+00]
WARNING: Problem has some excessively small row bounds
Presolving model
8064 rows, 8548 cols, 21987 nonzeros 0s
6148 rows, 6899 cols, 16950 nonzeros 0s
4064 rows, 4983 cols, 11471 nonzeros 0s
3909 rows, 3533 cols, 7931 nonzeros 0s
1826 rows, 2719 cols, 5478 nonzeros 0s
1570 rows, 2169 cols, 4114 nonzeros 0s
945 rows, 1910 cols, 3364 nonzeros 0s
840 rows, 1729 cols, 3078 nonzeros 0s
Presolve reductions: rows 840(-9913); columns 1729(-7680); nonzeros 3078(-22459) 

Solving MIP model with:
   840 rows
   1729 cols (128 binary, 0 integer, 0 implied int., 1601 continuous, 0 domain fixed)
   3078 nonzeros

Src: B => Branching; C => Central rounding; F => Feasibility pump; H => Heuristic;
     I => Shifting; J => Feasibility jump; L => Sub-MIP; P => Empty MIP; R => Randomized rounding;
     S => Solve LP; T => Evaluate node; U => Unbounded; X => User solution; Y => HiGHS solution;
     Z => ZI Round; l => Trivial lower; p => Trivial point; u => Trivial upper; z => Trivial zero

        Nodes      |    B&B Tree     |            Objective Bounds              |  Dynamic Constraints |       Work      
Src  Proc. InQueue |  Leaves   Expl. | BestBound       BestSol              Gap |   Cuts   InLp Confl. | LpIters     Time

 J       0       0         0   0.00%   -inf            7.256824708        Large        0      0      0         0     0.5s
 T       0       0         0   0.00%   -0.1295287261   4.71491075       102.75%        0      0      0       358     0.5s
         1       0         1 100.00%   4.71491075      4.71491075         0.00%        0      0      0       358     0.5s

Solving report
  Status            Optimal
  Primal bound      4.71491075007
  Dual bound        4.71491075007
  Gap               0% (tolerance: 0.5%)
  P-D integral      0.0136550363238
  Solution status   feasible
                    4.71491075007 (objective)
                    0 (bound viol.)
                    0 (int. viol.)
                    0 (row viol.)
  Timing            0.49
  Max sub-MIP depth 0
  Nodes             1
  Repair LPs        0
  LP iterations     358
                    0 (strong br.)
                    0 (separation)
                    0 (heuristics)
MIP has 10753 rows; 9409 cols; 25537 nonzeros; 1344 integer variables (1344 binary)
Coefficient ranges:
  Matrix  [2e-01, 1e+00]
  Cost    [5e-03, 6e-02]
  Bound   [1e+00, 1e+00]
  RHS     [7e-17, 2e+00]
WARNING: Problem has some excessively small row bounds
Presolving model
8064 rows, 8564 cols, 22003 nonzeros 0s
6142 rows, 6908 cols, 16949 nonzeros 0s
4032 rows, 4955 cols, 11382 nonzeros 0s
3874 rows, 3497 cols, 7866 nonzeros 0s
1763 rows, 2638 cols, 5304 nonzeros 0s
1503 rows, 2062 cols, 3876 nonzeros 0s
847 rows, 1798 cols, 3098 nonzeros 0s
740 rows, 1602 cols, 2795 nonzeros 0s
Presolve reductions: rows 740(-10013); columns 1602(-7807); nonzeros 2795(-22742) 

Solving MIP model with:
   740 rows
   1602 cols (114 binary, 0 integer, 0 implied int., 1488 continuous, 0 domain fixed)
   2795 nonzeros

Src: B => Branching; C => Central rounding; F => Feasibility pump; H => Heuristic;
     I => Shifting; J => Feasibility jump; L => Sub-MIP; P => Empty MIP; R => Randomized rounding;
     S => Solve LP; T => Evaluate node; U => Unbounded; X => User solution; Y => HiGHS solution;
     Z => ZI Round; l => Trivial lower; p => Trivial point; u => Trivial upper; z => Trivial zero

        Nodes      |    B&B Tree     |            Objective Bounds              |  Dynamic Constraints |       Work      
Src  Proc. InQueue |  Leaves   Expl. | BestBound       BestSol              Gap |   Cuts   InLp Confl. | LpIters     Time

 J       0       0         0   0.00%   -inf            5.72110577         Large        0      0      0         0     0.5s
 T       0       0         0   0.00%   -0.3386196417   3.452993493      109.81%        0      0      0       309     0.5s
         1       0         1 100.00%   3.452993493     3.452993493        0.00%        0      0      0       309     0.5s

Solving report
  Status            Optimal
  Primal bound      3.4529934928
  Dual bound        3.4529934928
  Gap               0% (tolerance: 0.5%)
  P-D integral      0.0125711379978
  Solution status   feasible
                    3.4529934928 (objective)
                    0 (bound viol.)
                    0 (int. viol.)
                    0 (row viol.)
  Timing            0.47
  Max sub-MIP depth 0
  Nodes             1
  Repair LPs        0
  LP iterations     309
                    0 (strong br.)
                    0 (separation)
                    0 (heuristics)
MIP has 10753 rows; 9409 cols; 25537 nonzeros; 1344 integer variables (1344 binary)
Coefficient ranges:
  Matrix  [2e-01, 1e+00]
  Cost    [5e-03, 6e-02]
  Bound   [1e+00, 1e+00]
  RHS     [3e-18, 2e+00]
WARNING: Problem has some excessively small row bounds
Presolving model
8064 rows, 8549 cols, 21988 nonzeros 0s
6125 rows, 6872 cols, 16888 nonzeros 0s
4046 rows, 4950 cols, 11407 nonzeros 0s
3890 rows, 3502 cols, 7899 nonzeros 0s
1780 rows, 2645 cols, 5344 nonzeros 0s
1515 rows, 2058 cols, 3900 nonzeros 0s
857 rows, 1792 cols, 3114 nonzeros 0s
746 rows, 1558 cols, 2769 nonzeros 0s
Presolve reductions: rows 746(-10007); columns 1558(-7851); nonzeros 2769(-22768) 

Solving MIP model with:
   746 rows
   1558 cols (117 binary, 0 integer, 0 implied int., 1441 continuous, 0 domain fixed)
   2769 nonzeros

Src: B => Branching; C => Central rounding; F => Feasibility pump; H => Heuristic;
     I => Shifting; J => Feasibility jump; L => Sub-MIP; P => Empty MIP; R => Randomized rounding;
     S => Solve LP; T => Evaluate node; U => Unbounded; X => User solution; Y => HiGHS solution;
     Z => ZI Round; l => Trivial lower; p => Trivial point; u => Trivial upper; z => Trivial zero

        Nodes      |    B&B Tree     |            Objective Bounds              |  Dynamic Constraints |       Work      
Src  Proc. InQueue |  Leaves   Expl. | BestBound       BestSol              Gap |   Cuts   InLp Confl. | LpIters     Time

 J       0       0         0   0.00%   -inf            7.408148981        Large        0      0      0         0     0.4s
 T       0       0         0   0.00%   -0.1092167052   4.991801532      102.19%        0      0      0       290     0.4s
         1       0         1 100.00%   4.991801532     4.991801532        0.00%        0      0      0       290     0.4s

Solving report
  Status            Optimal
  Primal bound      4.99180153208
  Dual bound        4.99180153208
  Gap               0% (tolerance: 0.5%)
  P-D integral      0.0114523836098
  Solution status   feasible
                    4.99180153208 (objective)
                    0 (bound viol.)
                    0 (int. viol.)
                    0 (row viol.)
  Timing            0.45
  Max sub-MIP depth 0
  Nodes             1
  Repair LPs        0
  LP iterations     290
                    0 (strong br.)
                    0 (separation)
                    0 (heuristics)
MIP has 10753 rows; 9409 cols; 25537 nonzeros; 1344 integer variables (1344 binary)
Coefficient ranges:
  Matrix  [2e-01, 1e+00]
  Cost    [5e-03, 6e-02]
  Bound   [1e+00, 1e+00]
  RHS     [3e-18, 2e+00]
WARNING: Problem has some excessively small row bounds
Presolving model
8064 rows, 8512 cols, 21951 nonzeros 0s
6184 rows, 6914 cols, 17033 nonzeros 0s
4192 rows, 5110 cols, 11813 nonzeros 0s
4073 rows, 3721 cols, 8370 nonzeros 0s
2038 rows, 2976 cols, 6101 nonzeros 0s
1790 rows, 2462 cols, 4871 nonzeros 0s
1264 rows, 2248 cols, 4243 nonzeros 0s
1181 rows, 2083 cols, 3995 nonzeros 0s
Presolve reductions: rows 1181(-9572); columns 2083(-7326); nonzeros 3995(-21542) 

Solving MIP model with:
   1181 rows
   2083 cols (183 binary, 0 integer, 0 implied int., 1900 continuous, 0 domain fixed)
   3995 nonzeros

Src: B => Branching; C => Central rounding; F => Feasibility pump; H => Heuristic;
     I => Shifting; J => Feasibility jump; L => Sub-MIP; P => Empty MIP; R => Randomized rounding;
     S => Solve LP; T => Evaluate node; U => Unbounded; X => User solution; Y => HiGHS solution;
     Z => ZI Round; l => Trivial lower; p => Trivial point; u => Trivial upper; z => Trivial zero

        Nodes      |    B&B Tree     |            Objective Bounds              |  Dynamic Constraints |       Work      
Src  Proc. InQueue |  Leaves   Expl. | BestBound       BestSol              Gap |   Cuts   InLp Confl. | LpIters     Time

 J       0       0         0   0.00%   -inf            9.647639451        Large        0      0      0         0     0.4s
 T       0       0         0   0.00%   -0.0911578382   6.596510302      101.38%        0      0      0       463     0.4s
         1       0         1 100.00%   6.596510302     6.596510302        0.00%        0      0      0       463     0.4s

Solving report
  Status            Optimal
  Primal bound      6.59651030243
  Dual bound        6.59651030243
  Gap               0% (tolerance: 0.5%)
  P-D integral      0.016312125859
  Solution status   feasible
                    6.59651030243 (objective)
                    0 (bound viol.)
                    0 (int. viol.)
                    0 (row viol.)
  Timing            0.42
  Max sub-MIP depth 0
  Nodes             1
  Repair LPs        0
  LP iterations     463
                    0 (strong br.)
                    0 (separation)
                    0 (heuristics)
MIP has 10753 rows; 9409 cols; 25537 nonzeros; 1344 integer variables (1344 binary)
Coefficient ranges:
  Matrix  [2e-01, 1e+00]
  Cost    [5e-03, 6e-02]
  Bound   [1e+00, 1e+00]
  RHS     [7e-18, 2e+00]
WARNING: Problem has some excessively small row bounds
Presolving model
8064 rows, 8496 cols, 21935 nonzeros 0s
6196 rows, 6913 cols, 17052 nonzeros 0s
4185 rows, 5094 cols, 11794 nonzeros 0s
4068 rows, 3699 cols, 8338 nonzeros 0s
2043 rows, 2970 cols, 6108 nonzeros 0s
1786 rows, 2450 cols, 4845 nonzeros 0s
1278 rows, 2266 cols, 4295 nonzeros 0s
1199 rows, 2090 cols, 4040 nonzeros 0s
Presolve reductions: rows 1199(-9554); columns 2090(-7319); nonzeros 4040(-21497) 

Solving MIP model with:
   1199 rows
   2090 cols (188 binary, 0 integer, 0 implied int., 1902 continuous, 0 domain fixed)
   4040 nonzeros

Src: B => Branching; C => Central rounding; F => Feasibility pump; H => Heuristic;
     I => Shifting; J => Feasibility jump; L => Sub-MIP; P => Empty MIP; R => Randomized rounding;
     S => Solve LP; T => Evaluate node; U => Unbounded; X => User solution; Y => HiGHS solution;
     Z => ZI Round; l => Trivial lower; p => Trivial point; u => Trivial upper; z => Trivial zero

        Nodes      |    B&B Tree     |            Objective Bounds              |  Dynamic Constraints |       Work      
Src  Proc. InQueue |  Leaves   Expl. | BestBound       BestSol              Gap |   Cuts   InLp Confl. | LpIters     Time

 J       0       0         0   0.00%   -inf            10.52840072        Large        0      0      0         0     0.4s
 T       0       0         0   0.00%   0.2475154614    7.643092184       96.76%        0      0      0       457     0.4s
         1       0         1 100.00%   7.643092184     7.643092184        0.00%        0      0      0       457     0.4s

Solving report
  Status            Optimal
  Primal bound      7.64309218365
  Dual bound        7.64309218365
  Gap               0% (tolerance: 0.5%)
  P-D integral      0.0122779492673
  Solution status   feasible
                    7.64309218365 (objective)
                    0 (bound viol.)
                    0 (int. viol.)
                    0 (row viol.)
  Timing            0.44
  Max sub-MIP depth 0
  Nodes             1
  Repair LPs        0
  LP iterations     457
                    0 (strong br.)
                    0 (separation)
                    0 (heuristics)
MIP has 10753 rows; 9409 cols; 25537 nonzeros; 1344 integer variables (1344 binary)
Coefficient ranges:
  Matrix  [2e-01, 1e+00]
  Cost    [5e-03, 6e-02]
  Bound   [1e+00, 1e+00]
  RHS     [3e-18, 2e+00]
WARNING: Problem has some excessively small row bounds
Presolving model
8064 rows, 8363 cols, 21802 nonzeros 0s
6228 rows, 6826 cols, 17021 nonzeros 0s
4258 rows, 5060 cols, 11881 nonzeros 0s
4152 rows, 3680 cols, 8448 nonzeros 0s
2146 rows, 2972 cols, 6277 nonzeros 0s
1938 rows, 2221 cols, 4259 nonzeros 0s
838 rows, 1827 cols, 3068 nonzeros 0s
658 rows, 1601 cols, 2662 nonzeros 0s
639 rows, 1538 cols, 2580 nonzeros 0s
Presolve reductions: rows 639(-10114); columns 1538(-7871); nonzeros 2580(-22957) 

Solving MIP model with:
   639 rows
   1538 cols (101 binary, 0 integer, 0 implied int., 1437 continuous, 0 domain fixed)
   2580 nonzeros

Src: B => Branching; C => Central rounding; F => Feasibility pump; H => Heuristic;
     I => Shifting; J => Feasibility jump; L => Sub-MIP; P => Empty MIP; R => Randomized rounding;
     S => Solve LP; T => Evaluate node; U => Unbounded; X => User solution; Y => HiGHS solution;
     Z => ZI Round; l => Trivial lower; p => Trivial point; u => Trivial upper; z => Trivial zero

        Nodes      |    B&B Tree     |            Objective Bounds              |  Dynamic Constraints |       Work      
Src  Proc. InQueue |  Leaves   Expl. | BestBound       BestSol              Gap |   Cuts   InLp Confl. | LpIters     Time

 J       0       0         0   0.00%   -inf            11.79213502        Large        0      0      0         0     0.5s
 T       0       0         0   0.00%   1.441310511     10.29225852       86.00%        0      0      0       235     0.5s
         1       0         1 100.00%   10.29225852     10.29225852        0.00%        0      0      0       235     0.5s

Solving report
  Status            Optimal
  Primal bound      10.2922585207
  Dual bound        10.2922585207
  Gap               0% (tolerance: 0.5%)
  P-D integral      0.0115324710062
  Solution status   feasible
                    10.2922585207 (objective)
                    0 (bound viol.)
                    0 (int. viol.)
                    0 (row viol.)
  Timing            0.47
  Max sub-MIP depth 0
  Nodes             1
  Repair LPs        0
  LP iterations     235
                    0 (strong br.)
                    0 (separation)
                    0 (heuristics)
MIP has 10753 rows; 9409 cols; 25537 nonzeros; 1344 integer variables (1344 binary)
Coefficient ranges:
  Matrix  [2e-01, 1e+00]
  Cost    [5e-03, 6e-02]
  Bound   [1e+00, 1e+00]
  RHS     [3e-18, 2e+00]
WARNING: Problem has some excessively small row bounds
Presolving model
8064 rows, 8285 cols, 21724 nonzeros 0s
6235 rows, 6756 cols, 16966 nonzeros 0s
4271 rows, 5003 cols, 11850 nonzeros 0s
4146 rows, 3599 cols, 8345 nonzeros 0s
2177 rows, 2935 cols, 6291 nonzeros 0s
1970 rows, 2052 cols, 3872 nonzeros 0s
610 rows, 1574 cols, 2421 nonzeros 0s
419 rows, 1375 cols, 2031 nonzeros 0s
386 rows, 1282 cols, 1905 nonzeros 0s
Presolve reductions: rows 386(-10367); columns 1282(-8127); nonzeros 1905(-23632) 

Solving MIP model with:
   386 rows
   1282 cols (60 binary, 0 integer, 0 implied int., 1222 continuous, 0 domain fixed)
   1905 nonzeros

Src: B => Branching; C => Central rounding; F => Feasibility pump; H => Heuristic;
     I => Shifting; J => Feasibility jump; L => Sub-MIP; P => Empty MIP; R => Randomized rounding;
     S => Solve LP; T => Evaluate node; U => Unbounded; X => User solution; Y => HiGHS solution;
     Z => ZI Round; l => Trivial lower; p => Trivial point; u => Trivial upper; z => Trivial zero

        Nodes      |    B&B Tree     |            Objective Bounds              |  Dynamic Constraints |       Work      
Src  Proc. InQueue |  Leaves   Expl. | BestBound       BestSol              Gap |   Cuts   InLp Confl. | LpIters     Time

 J       0       0         0   0.00%   -inf            10.55740942        Large        0      0      0         0     0.5s
 T       0       0         0   0.00%   1.735020281     9.854906513       82.39%        0      0      0       143     0.6s
         1       0         1 100.00%   9.854906513     9.854906513        0.00%        0      0      0       143     0.6s

Solving report
  Status            Optimal
  Primal bound      9.8549065133
  Dual bound        9.8549065133
  Gap               0% (tolerance: 0.5%)
  P-D integral      0.0145941520436
  Solution status   feasible
                    9.8549065133 (objective)
                    0 (bound viol.)
                    0 (int. viol.)
                    0 (row viol.)
  Timing            0.55
  Max sub-MIP depth 0
  Nodes             1
  Repair LPs        0
  LP iterations     143
                    0 (strong br.)
                    0 (separation)
                    0 (heuristics)
MIP has 10753 rows; 9409 cols; 25537 nonzeros; 1344 integer variables (1344 binary)
Coefficient ranges:
  Matrix  [2e-01, 1e+00]
  Cost    [5e-03, 6e-02]
  Bound   [1e+00, 1e+00]
  RHS     [1e-17, 2e+00]
WARNING: Problem has some excessively small row bounds
Presolving model
8064 rows, 8413 cols, 21852 nonzeros 0s
6180 rows, 6808 cols, 16919 nonzeros 0s
4177 rows, 4991 cols, 11667 nonzeros 0s
4075 rows, 3616 cols, 8252 nonzeros 0s
2038 rows, 2871 cols, 5988 nonzeros 0s
1811 rows, 2113 cols, 3989 nonzeros 0s
683 rows, 1661 cols, 2651 nonzeros 0s
503 rows, 1443 cols, 2253 nonzeros 0s
496 rows, 1418 cols, 2221 nonzeros 0s
Presolve reductions: rows 496(-10257); columns 1418(-7991); nonzeros 2221(-23316) 

Solving MIP model with:
   496 rows
   1418 cols (77 binary, 0 integer, 0 implied int., 1341 continuous, 0 domain fixed)
   2221 nonzeros

Src: B => Branching; C => Central rounding; F => Feasibility pump; H => Heuristic;
     I => Shifting; J => Feasibility jump; L => Sub-MIP; P => Empty MIP; R => Randomized rounding;
     S => Solve LP; T => Evaluate node; U => Unbounded; X => User solution; Y => HiGHS solution;
     Z => ZI Round; l => Trivial lower; p => Trivial point; u => Trivial upper; z => Trivial zero

        Nodes      |    B&B Tree     |            Objective Bounds              |  Dynamic Constraints |       Work      
Src  Proc. InQueue |  Leaves   Expl. | BestBound       BestSol              Gap |   Cuts   InLp Confl. | LpIters     Time

 J       0       0         0   0.00%   -inf            7.620684886        Large        0      0      0         0     0.4s
 T       0       0         0   0.00%   0.9240049824    6.374220844       85.50%        0      0      0       197     0.4s
         1       0         1 100.00%   6.374220844     6.374220844        0.00%        0      0      0       197     0.4s

Solving report
  Status            Optimal
  Primal bound      6.37422084444
  Dual bound        6.37422084444
  Gap               0% (tolerance: 0.5%)
  P-D integral      0.00828021029705
  Solution status   feasible
                    6.37422084444 (objective)
                    0 (bound viol.)
                    0 (int. viol.)
                    0 (row viol.)
  Timing            0.39
  Max sub-MIP depth 0
  Nodes             1
  Repair LPs        0
  LP iterations     197
                    0 (strong br.)
                    0 (separation)
                    0 (heuristics)
MIP has 10753 rows; 9409 cols; 25537 nonzeros; 1344 integer variables (1344 binary)
Coefficient ranges:
  Matrix  [2e-01, 1e+00]
  Cost    [5e-03, 6e-02]
  Bound   [1e+00, 1e+00]
  RHS     [3e-18, 2e+00]
WARNING: Problem has some excessively small row bounds
Presolving model
8064 rows, 8494 cols, 21933 nonzeros 0s
6141 rows, 6839 cols, 16883 nonzeros 0s
4064 rows, 4927 cols, 11411 nonzeros 0s
3925 rows, 3493 cols, 7916 nonzeros 0s
1835 rows, 2671 cols, 5453 nonzeros 0s
1584 rows, 2000 cols, 3734 nonzeros 0s
675 rows, 1606 cols, 2606 nonzeros 0s
525 rows, 1371 cols, 2221 nonzeros 0s
521 rows, 1275 cols, 2121 nonzeros 0s
Presolve reductions: rows 521(-10232); columns 1275(-8134); nonzeros 2121(-23416) 

Solving MIP model with:
   521 rows
   1275 cols (82 binary, 0 integer, 0 implied int., 1193 continuous, 0 domain fixed)
   2121 nonzeros

Src: B => Branching; C => Central rounding; F => Feasibility pump; H => Heuristic;
     I => Shifting; J => Feasibility jump; L => Sub-MIP; P => Empty MIP; R => Randomized rounding;
     S => Solve LP; T => Evaluate node; U => Unbounded; X => User solution; Y => HiGHS solution;
     Z => ZI Round; l => Trivial lower; p => Trivial point; u => Trivial upper; z => Trivial zero

        Nodes      |    B&B Tree     |            Objective Bounds              |  Dynamic Constraints |       Work      
Src  Proc. InQueue |  Leaves   Expl. | BestBound       BestSol              Gap |   Cuts   InLp Confl. | LpIters     Time

 J       0       0         0   0.00%   -inf            8.504640004        Large        0      0      0         0     0.4s
 T       0       0         0   0.00%   1.0665545       6.999203879       84.76%        0      0      0       205     0.4s
         1       0         1 100.00%   6.999203879     6.999203879        0.00%        0      0      0       205     0.4s

Solving report
  Status            Optimal
  Primal bound      6.99920387934
  Dual bound        6.99920387934
  Gap               0% (tolerance: 0.5%)
  P-D integral      0.00815824517694
  Solution status   feasible
                    6.99920387934 (objective)
                    0 (bound viol.)
                    0 (int. viol.)
                    0 (row viol.)
  Timing            0.44
  Max sub-MIP depth 0
  Nodes             1
  Repair LPs        0
  LP iterations     205
                    0 (strong br.)
                    0 (separation)
                    0 (heuristics)
MIP has 10753 rows; 9409 cols; 25537 nonzeros; 1344 integer variables (1344 binary)
Coefficient ranges:
  Matrix  [2e-01, 1e+00]
  Cost    [5e-03, 6e-02]
  Bound   [1e+00, 1e+00]
  RHS     [3e-18, 2e+00]
WARNING: Problem has some excessively small row bounds
Presolving model
8064 rows, 8507 cols, 21946 nonzeros 0s
6123 rows, 6825 cols, 16835 nonzeros 0s
4047 rows, 4904 cols, 11358 nonzeros 0s
3932 rows, 3493 cols, 7939 nonzeros 0s
1800 rows, 2623 cols, 5346 nonzeros 0s
1550 rows, 1882 cols, 3431 nonzeros 0s
506 rows, 1454 cols, 2163 nonzeros 0s
356 rows, 1269 cols, 1828 nonzeros 0s
330 rows, 1048 cols, 1581 nonzeros 0s
329 rows, 1047 cols, 1579 nonzeros 0s
Presolve reductions: rows 329(-10424); columns 1047(-8362); nonzeros 1579(-23958) 

Solving MIP model with:
   329 rows
   1047 cols (51 binary, 0 integer, 0 implied int., 996 continuous, 0 domain fixed)
   1579 nonzeros

Src: B => Branching; C => Central rounding; F => Feasibility pump; H => Heuristic;
     I => Shifting; J => Feasibility jump; L => Sub-MIP; P => Empty MIP; R => Randomized rounding;
     S => Solve LP; T => Evaluate node; U => Unbounded; X => User solution; Y => HiGHS solution;
     Z => ZI Round; l => Trivial lower; p => Trivial point; u => Trivial upper; z => Trivial zero

        Nodes      |    B&B Tree     |            Objective Bounds              |  Dynamic Constraints |       Work      
Src  Proc. InQueue |  Leaves   Expl. | BestBound       BestSol              Gap |   Cuts   InLp Confl. | LpIters     Time

 J       0       0         0   0.00%   -inf            10.74706187        Large        0      0      0         0     0.4s
 T       0       0         0   0.00%   1.137329063     9.547825087       88.09%        0      0      0       120     0.4s
         1       0         1 100.00%   9.547825087     9.547825087        0.00%        0      0      0       120     0.4s

Solving report
  Status            Optimal
  Primal bound      9.54782508682
  Dual bound        9.54782508682
  Gap               0% (tolerance: 0.5%)
  P-D integral      0.00834697670828
  Solution status   feasible
                    9.54782508682 (objective)
                    0 (bound viol.)
                    0 (int. viol.)
                    0 (row viol.)
  Timing            0.42
  Max sub-MIP depth 0
  Nodes             1
  Repair LPs        0
  LP iterations     120
                    0 (strong br.)
                    0 (separation)
                    0 (heuristics)
MIP has 10753 rows; 9409 cols; 25537 nonzeros; 1344 integer variables (1344 binary)
Coefficient ranges:
  Matrix  [2e-01, 1e+00]
  Cost    [5e-03, 6e-02]
  Bound   [1e+00, 1e+00]
  RHS     [5e-18, 2e+00]
WARNING: Problem has some excessively small row bounds
Presolving model
8064 rows, 8479 cols, 21918 nonzeros 0s
6131 rows, 6809 cols, 16835 nonzeros 0s
4085 rows, 4930 cols, 11450 nonzeros 0s
3975 rows, 3527 cols, 8041 nonzeros 0s
1855 rows, 2671 cols, 5481 nonzeros 0s
1612 rows, 1907 cols, 3499 nonzeros 0s
519 rows, 1464 cols, 2190 nonzeros 0s
360 rows, 1282 cols, 1849 nonzeros 0s
335 rows, 1055 cols, 1597 nonzeros 0s
334 rows, 1054 cols, 1595 nonzeros 0s
Presolve reductions: rows 334(-10419); columns 1054(-8355); nonzeros 1595(-23942) 

Solving MIP model with:
   334 rows
   1054 cols (52 binary, 0 integer, 0 implied int., 1002 continuous, 0 domain fixed)
   1595 nonzeros

Src: B => Branching; C => Central rounding; F => Feasibility pump; H => Heuristic;
     I => Shifting; J => Feasibility jump; L => Sub-MIP; P => Empty MIP; R => Randomized rounding;
     S => Solve LP; T => Evaluate node; U => Unbounded; X => User solution; Y => HiGHS solution;
     Z => ZI Round; l => Trivial lower; p => Trivial point; u => Trivial upper; z => Trivial zero

        Nodes      |    B&B Tree     |            Objective Bounds              |  Dynamic Constraints |       Work      
Src  Proc. InQueue |  Leaves   Expl. | BestBound       BestSol              Gap |   Cuts   InLp Confl. | LpIters     Time

 J       0       0         0   0.00%   -inf            10.51228817        Large        0      0      0         0     0.4s
 T       0       0         0   0.00%   1.27409854      9.331886518       86.35%        0      0      0       126     0.4s
         1       0         1 100.00%   9.331886518     9.331886518        0.00%        0      0      0       126     0.4s

Solving report
  Status            Optimal
  Primal bound      9.33188651752
  Dual bound        9.33188651752
  Gap               0% (tolerance: 0.5%)
  P-D integral      0.00762005581733
  Solution status   feasible
                    9.33188651752 (objective)
                    0 (bound viol.)
                    0 (int. viol.)
                    0 (row viol.)
  Timing            0.39
  Max sub-MIP depth 0
  Nodes             1
  Repair LPs        0
  LP iterations     126
                    0 (strong br.)
                    0 (separation)
                    0 (heuristics)
MIP has 10753 rows; 9409 cols; 25537 nonzeros; 1344 integer variables (1344 binary)
Coefficient ranges:
  Matrix  [2e-01, 1e+00]
  Cost    [5e-03, 6e-02]
  Bound   [1e+00, 1e+00]
  RHS     [3e-18, 2e+00]
WARNING: Problem has some excessively small row bounds
Presolving model
8064 rows, 8439 cols, 21878 nonzeros 0s
6152 rows, 6799 cols, 16862 nonzeros 0s
4094 rows, 4917 cols, 11451 nonzeros 0s
3954 rows, 3480 cols, 7932 nonzeros 0s
1893 rows, 2698 cols, 5582 nonzeros 0s
1658 rows, 1932 cols, 3587 nonzeros 0s
542 rows, 1461 cols, 2226 nonzeros 0s
376 rows, 1259 cols, 1858 nonzeros 0s
349 rows, 1068 cols, 1640 nonzeros 0s
Presolve reductions: rows 349(-10404); columns 1068(-8341); nonzeros 1640(-23897) 

Solving MIP model with:
   349 rows
   1068 cols (56 binary, 0 integer, 0 implied int., 1012 continuous, 0 domain fixed)
   1640 nonzeros

Src: B => Branching; C => Central rounding; F => Feasibility pump; H => Heuristic;
     I => Shifting; J => Feasibility jump; L => Sub-MIP; P => Empty MIP; R => Randomized rounding;
     S => Solve LP; T => Evaluate node; U => Unbounded; X => User solution; Y => HiGHS solution;
     Z => ZI Round; l => Trivial lower; p => Trivial point; u => Trivial upper; z => Trivial zero

        Nodes      |    B&B Tree     |            Objective Bounds              |  Dynamic Constraints |       Work      
Src  Proc. InQueue |  Leaves   Expl. | BestBound       BestSol              Gap |   Cuts   InLp Confl. | LpIters     Time

 J       0       0         0   0.00%   -inf            9.038924662        Large        0      0      0         0     0.4s
 T       0       0         0   0.00%   1.946573459     7.940928281       75.49%        0      0      0       132     0.4s
         1       0         1 100.00%   7.940928281     7.940928281        0.00%        0      0      0       132     0.4s

Solving report
  Status            Optimal
  Primal bound      7.94092828087
  Dual bound        7.94092828087
  Gap               0% (tolerance: 0.5%)
  P-D integral      0.00666043308873
  Solution status   feasible
                    7.94092828087 (objective)
                    0 (bound viol.)
                    0 (int. viol.)
                    0 (row viol.)
  Timing            0.42
  Max sub-MIP depth 0
  Nodes             1
  Repair LPs        0
  LP iterations     132
                    0 (strong br.)
                    0 (separation)
                    0 (heuristics)
MIP has 10753 rows; 9409 cols; 25537 nonzeros; 1344 integer variables (1344 binary)
Coefficient ranges:
  Matrix  [2e-01, 1e+00]
  Cost    [5e-03, 6e-02]
  Bound   [1e+00, 1e+00]
  RHS     [3e-18, 2e+00]
WARNING: Problem has some excessively small row bounds
Presolving model
8064 rows, 8457 cols, 21896 nonzeros 0s
6127 rows, 6783 cols, 16805 nonzeros 0s
4049 rows, 4872 cols, 11337 nonzeros 0s
3917 rows, 3439 cols, 7865 nonzeros 0s
1798 rows, 2578 cols, 5303 nonzeros 0s
1562 rows, 1756 cols, 3139 nonzeros 0s
340 rows, 1266 cols, 1683 nonzeros 0s
194 rows, 1120 cols, 1391 nonzeros 0s
135 rows, 964 cols, 1176 nonzeros 0s
127 rows, 820 cols, 1024 nonzeros 0s
Presolve reductions: rows 127(-10626); columns 820(-8589); nonzeros 1024(-24513) 

Solving MIP model with:
   127 rows
   820 cols (20 binary, 0 integer, 0 implied int., 800 continuous, 0 domain fixed)
   1024 nonzeros

Src: B => Branching; C => Central rounding; F => Feasibility pump; H => Heuristic;
     I => Shifting; J => Feasibility jump; L => Sub-MIP; P => Empty MIP; R => Randomized rounding;
     S => Solve LP; T => Evaluate node; U => Unbounded; X => User solution; Y => HiGHS solution;
     Z => ZI Round; l => Trivial lower; p => Trivial point; u => Trivial upper; z => Trivial zero

        Nodes      |    B&B Tree     |            Objective Bounds              |  Dynamic Constraints |       Work      
Src  Proc. InQueue |  Leaves   Expl. | BestBound       BestSol              Gap |   Cuts   InLp Confl. | LpIters     Time

 J       0       0         0   0.00%   -inf            9.795714604        Large        0      0      0         0     0.5s
 T       0       0         0   0.00%   2.274365306     9.455609274       75.95%        0      0      0        47     0.5s
         1       0         1 100.00%   9.455609274     9.455609274        0.00%        0      0      0        47     0.5s

Solving report
  Status            Optimal
  Primal bound      9.45560927385
  Dual bound        9.45560927385
  Gap               0% (tolerance: 0.5%)
  P-D integral      0.00688629693156
  Solution status   feasible
                    9.45560927385 (objective)
                    0 (bound viol.)
                    0 (int. viol.)
                    0 (row viol.)
  Timing            0.49
  Max sub-MIP depth 0
  Nodes             1
  Repair LPs        0
  LP iterations     47
                    0 (strong br.)
                    0 (separation)
                    0 (heuristics)
MIP has 10753 rows; 9409 cols; 25537 nonzeros; 1344 integer variables (1344 binary)
Coefficient ranges:
  Matrix  [2e-01, 1e+00]
  Cost    [1e-02, 6e-02]
  Bound   [1e+00, 1e+00]
  RHS     [3e-18, 2e+00]
WARNING: Problem has some excessively small row bounds
Presolving model
8064 rows, 8508 cols, 21947 nonzeros 0s
6105 rows, 6802 cols, 16782 nonzeros 0s
4007 rows, 4855 cols, 11245 nonzeros 0s
3888 rows, 3425 cols, 7812 nonzeros 0s
1735 rows, 2526 cols, 5144 nonzeros 0s
1497 rows, 1726 cols, 3065 nonzeros 0s
312 rows, 912 cols, 1291 nonzeros 0s
223 rows, 749 cols, 1039 nonzeros 0s
170 rows, 616 cols, 853 nonzeros 0s
141 rows, 518 cols, 726 nonzeros 0s
116 rows, 395 cols, 578 nonzeros 0s
107 rows, 326 cols, 500 nonzeros 0s
106 rows, 323 cols, 496 nonzeros 0s
Presolve reductions: rows 106(-10647); columns 323(-9086); nonzeros 496(-25041) 

Solving MIP model with:
   106 rows
   323 cols (17 binary, 0 integer, 0 implied int., 306 continuous, 0 domain fixed)
   496 nonzeros

Src: B => Branching; C => Central rounding; F => Feasibility pump; H => Heuristic;
     I => Shifting; J => Feasibility jump; L => Sub-MIP; P => Empty MIP; R => Randomized rounding;
     S => Solve LP; T => Evaluate node; U => Unbounded; X => User solution; Y => HiGHS solution;
     Z => ZI Round; l => Trivial lower; p => Trivial point; u => Trivial upper; z => Trivial zero

        Nodes      |    B&B Tree     |            Objective Bounds              |  Dynamic Constraints |       Work      
Src  Proc. InQueue |  Leaves   Expl. | BestBound       BestSol              Gap |   Cuts   InLp Confl. | LpIters     Time

 J       0       0         0   0.00%   -inf            10.74125065        Large        0      0      0         0     0.4s
 T       0       0         0   0.00%   8.010872472     10.44262218       23.29%        0      0      0        39     0.4s
         1       0         1 100.00%   10.44262218     10.44262218        0.00%        0      0      0        39     0.4s

Solving report
  Status            Optimal
  Primal bound      10.4426221806
  Dual bound        10.4426221806
  Gap               0% (tolerance: 0.5%)
  P-D integral      0.000961140570339
  Solution status   feasible
                    10.4426221806 (objective)
                    0 (bound viol.)
                    0 (int. viol.)
                    0 (row viol.)
  Timing            0.43
  Max sub-MIP depth 0
  Nodes             1
  Repair LPs        0
  LP iterations     39
                    0 (strong br.)
                    0 (separation)
                    0 (heuristics)
MIP has 10754 rows; 9409 cols; 25538 nonzeros; 1344 integer variables (1344 binary)
Coefficient ranges:
  Matrix  [2e-01, 1e+00]
  Cost    [1e-02, 6e-02]
  Bound   [1e+00, 1e+00]
  RHS     [3e-18, 2e+00]
WARNING: Problem has some excessively small row bounds
Presolving model
8064 rows, 8509 cols, 21948 nonzeros 0s
6098 rows, 6793 cols, 16762 nonzeros 0s
4005 rows, 4850 cols, 11234 nonzeros 0s
3890 rows, 3433 cols, 7821 nonzeros 0s
1744 rows, 2539 cols, 5166 nonzeros 0s
1501 rows, 1735 cols, 3075 nonzeros 0s
310 rows, 973 cols, 1350 nonzeros 0s
220 rows, 817 cols, 1104 nonzeros 0s
167 rows, 705 cols, 939 nonzeros 0s
140 rows, 597 cols, 804 nonzeros 0s
116 rows, 434 cols, 617 nonzeros 0s
105 rows, 371 cols, 543 nonzeros 0s
Presolve reductions: rows 105(-10649); columns 371(-9038); nonzeros 543(-24995) 

Solving MIP model with:
   105 rows
   371 cols (17 binary, 0 integer, 0 implied int., 354 continuous, 0 domain fixed)
   543 nonzeros

Src: B => Branching; C => Central rounding; F => Feasibility pump; H => Heuristic;
     I => Shifting; J => Feasibility jump; L => Sub-MIP; P => Empty MIP; R => Randomized rounding;
     S => Solve LP; T => Evaluate node; U => Unbounded; X => User solution; Y => HiGHS solution;
     Z => ZI Round; l => Trivial lower; p => Trivial point; u => Trivial upper; z => Trivial zero

        Nodes      |    B&B Tree     |            Objective Bounds              |  Dynamic Constraints |       Work      
Src  Proc. InQueue |  Leaves   Expl. | BestBound       BestSol              Gap |   Cuts   InLp Confl. | LpIters     Time

         0       0         0   0.00%   7.285371016     inf                  inf        0      0      0         0     0.4s
 T       0       0         0   0.00%   7.285371016     10.26301723       29.01%        0      0      0        37     0.4s
         1       0         1 100.00%   10.26301723     10.26301723        0.00%        0      0      0        37     0.4s

Solving report
  Status            Optimal
  Primal bound      10.2630172313
  Dual bound        10.2630172313
  Gap               0% (tolerance: 0.5%)
  P-D integral      1.3636277845e-05
  Solution status   feasible
                    10.2630172313 (objective)
                    0 (bound viol.)
                    0 (int. viol.)
                    0 (row viol.)
  Timing            0.40
  Max sub-MIP depth 0
  Nodes             1
  Repair LPs        0
  LP iterations     37
                    0 (strong br.)
                    0 (separation)
                    0 (heuristics)
