MIP has 10753 rows; 9409 cols; 25537 nonzeros; 1344 integer variables (1344 binary)
Coefficient ranges:
  Matrix  [2e-01, 3e+00]
  Cost    [1e-02, 6e-02]
  Bound   [1e+00, 1e+00]
  RHS     [1e-03, 5e+00]
Presolving model
8064 rows, 8411 cols, 21850 nonzeros 0s
6233 rows, 6874 cols, 17066 nonzeros 0s
4269 rows, 5113 cols, 11925 nonzeros 0s
4175 rows, 3775 cols, 8549 nonzeros 0s
2158 rows, 3054 cols, 6339 nonzeros 0s
1939 rows, 2224 cols, 4114 nonzeros 0s
670 rows, 1739 cols, 2660 nonzeros 0s
486 rows, 1554 cols, 2291 nonzeros 0s
462 rows, 1400 cols, 2113 nonzeros 0s
Presolve reductions: rows 462(-10291); columns 1400(-8009); nonzeros 2113(-23424) 

Solving MIP model with:
   462 rows
   1400 cols (63 binary, 0 integer, 0 implied int., 1337 continuous, 0 domain fixed)
   2113 nonzeros

Src: B => Branching; C => Central rounding; F => Feasibility pump; H => Heuristic;
     I => Shifting; J => Feasibility jump; L => Sub-MIP; P => Empty MIP; R => Randomized rounding;
     S => Solve LP; T => Evaluate node; U => Unbounded; X => User solution; Y => HiGHS solution;
     Z => ZI Round; l => Trivial lower; p => Trivial point; u => Trivial upper; z => Trivial zero

        Nodes      |    B&B Tree     |            Objective Bounds              |  Dynamic Constraints |       Work      
Src  Proc. InQueue |  Leaves   Expl. | BestBound       BestSol              Gap |   Cuts   InLp Confl. | LpIters     Time

 J       0       0         0   0.00%   -inf            22.14753249        Large        0      0      0         0     0.4s
 T       0       0         0   0.00%   -0.9948183951   18.77264623      105.30%        0      0      0       177     0.4s
         1       0         1 100.00%   18.77264623     18.77264623        0.00%        0      0      0       177     0.4s

Solving report
  Status            Optimal
  Primal bound      18.7726462316
  Dual bound        18.7726462316
  Gap               0% (tolerance: 0.5%)
  P-D integral      0.0102735658953
  Solution status   feasible
                    18.7726462316 (objective)
                    0 (bound viol.)
                    0 (int. viol.)
                    0 (row viol.)
  Timing            0.43
  Max sub-MIP depth 0
  Nodes             1
  Repair LPs        0
  LP iterations     177
                    0 (strong br.)
                    0 (separation)
                    0 (heuristics)
MIP has 10753 rows; 9409 cols; 25537 nonzeros; 1344 integer variables (1344 binary)
Coefficient ranges:
  Matrix  [2e-01, 3e+00]
  Cost    [1e-02, 6e-02]
  Bound   [1e+00, 1e+00]
  RHS     [1e-03, 5e+00]
Presolving model
8064 rows, 8410 cols, 21849 nonzeros 0s
6219 rows, 6855 cols, 17025 nonzeros 0s
4252 rows, 5092 cols, 11875 nonzeros 0s
4152 rows, 3734 cols, 8464 nonzeros 0s
2148 rows, 3032 cols, 6307 nonzeros 0s
1940 rows, 2211 cols, 4102 nonzeros 0s
669 rows, 1724 cols, 2636 nonzeros 0s
476 rows, 1525 cols, 2244 nonzeros 0s
445 rows, 1356 cols, 2044 nonzeros 0s
Presolve reductions: rows 445(-10308); columns 1356(-8053); nonzeros 2044(-23493) 

Solving MIP model with:
   445 rows
   1356 cols (61 binary, 0 integer, 0 implied int., 1295 continuous, 0 domain fixed)
   2044 nonzeros

Src: B => Branching; C => Central rounding; F => Feasibility pump; H => Heuristic;
     I => Shifting; J => Feasibility jump; L => Sub-MIP; P => Empty MIP; R => Randomized rounding;
     S => Solve LP; T => Evaluate node; U => Unbounded; X => User solution; Y => HiGHS solution;
     Z => ZI Round; l => Trivial lower; p => Trivial point; u => Trivial upper; z => Trivial zero

        Nodes      |    B&B Tree     |            Objective Bounds              |  Dynamic Constraints |       Work      
Src  Proc. InQueue |  Leaves   Expl. | BestBound       BestSol              Gap |   Cuts   InLp Confl. | LpIters     Time

 J       0       0         0   0.00%   -inf            24.47236644        Large        0      0      0         0     0.4s
 T       0       0         0   0.00%   -1.053356101    21.09592581      104.99%        0      0      0       162     0.4s
         1       0         1 100.00%   21.09592581     21.09592581        0.00%        0      0      0       162     0.4s

Solving report
  Status            Optimal
  Primal bound      21.0959258089
  Dual bound        21.0959258089
  Gap               0% (tolerance: 0.5%)
  P-D integral      0.0107448646733
  Solution status   feasible
                    21.0959258089 (objective)
                    0 (bound viol.)
                    0 (int. viol.)
                    0 (row viol.)
  Timing            0.40
  Max sub-MIP depth 0
  Nodes             1
  Repair LPs        0
  LP iterations     162
                    0 (strong br.)
                    0 (separation)
                    0 (heuristics)
MIP has 10753 rows; 9409 cols; 25537 nonzeros; 1344 integer variables (1344 binary)
Coefficient ranges:
  Matrix  [2e-01, 3e+00]
  Cost    [1e-02, 6e-02]
  Bound   [1e+00, 1e+00]
  RHS     [2e-03, 5e+00]
Presolving model
8064 rows, 8411 cols, 21850 nonzeros 0s
6209 rows, 6843 cols, 16999 nonzeros 0s
4227 rows, 5047 cols, 11789 nonzeros 0s
4130 rows, 3712 cols, 8419 nonzeros 0s
2103 rows, 2977 cols, 6175 nonzeros 0s
1891 rows, 2098 cols, 3800 nonzeros 0s
512 rows, 1575 cols, 2226 nonzeros 0s
351 rows, 1414 cols, 1904 nonzeros 0s
285 rows, 1179 cols, 1603 nonzeros 0s
283 rows, 1167 cols, 1589 nonzeros 0s
Presolve reductions: rows 283(-10470); columns 1167(-8242); nonzeros 1589(-23948) 

Solving MIP model with:
   283 rows
   1167 cols (35 binary, 0 integer, 0 implied int., 1132 continuous, 0 domain fixed)
   1589 nonzeros

Src: B => Branching; C => Central rounding; F => Feasibility pump; H => Heuristic;
     I => Shifting; J => Feasibility jump; L => Sub-MIP; P => Empty MIP; R => Randomized rounding;
     S => Solve LP; T => Evaluate node; U => Unbounded; X => User solution; Y => HiGHS solution;
     Z => ZI Round; l => Trivial lower; p => Trivial point; u => Trivial upper; z => Trivial zero

        Nodes      |    B&B Tree     |            Objective Bounds              |  Dynamic Constraints |       Work      
Src  Proc. InQueue |  Leaves   Expl. | BestBound       BestSol              Gap |   Cuts   InLp Confl. | LpIters     Time

 J       0       0         0   0.00%   -inf            22.70509666        Large        0      0      0         0     0.4s
 T       0       0         0   0.00%   -0.5732065897   20.76707586      102.76%        0      0      0       106     0.4s
         1       0         1 100.00%   20.76707586     20.76707586        0.00%        0      0      0       106     0.4s

Solving report
  Status            Optimal
  Primal bound      20.7670758633
  Dual bound        20.7670758633
  Gap               0% (tolerance: 0.5%)
  P-D integral      0.0108373808493
  Solution status   feasible
                    20.7670758633 (objective)
                    0 (bound viol.)
                    0 (int. viol.)
                    0 (row viol.)
  Timing            0.39
  Max sub-MIP depth 0
  Nodes             1
  Repair LPs        0
  LP iterations     106
                    0 (strong br.)
                    0 (separation)
                    0 (heuristics)
MIP has 10753 rows; 9409 cols; 25537 nonzeros; 1344 integer variables (1344 binary)
Coefficient ranges:
  Matrix  [2e-01, 3e+00]
  Cost    [1e-02, 6e-02]
  Bound   [1e+00, 1e+00]
  RHS     [1e-17, 5e+00]
WARNING: Problem has some excessively small row bounds
Presolving model
8064 rows, 8404 cols, 21843 nonzeros 0s
6224 rows, 6857 cols, 17036 nonzeros 0s
4250 rows, 5086 cols, 11875 nonzeros 0s
4153 rows, 3733 cols, 8481 nonzeros 0s
2142 rows, 3018 cols, 6283 nonzeros 0s
1929 rows, 2177 cols, 4026 nonzeros 0s
611 rows, 1644 cols, 2470 nonzeros 0s
449 rows, 1456 cols, 2120 nonzeros 0s
388 rows, 1193 cols, 1796 nonzeros 0s
383 rows, 1126 cols, 1724 nonzeros 0s
Presolve reductions: rows 383(-10370); columns 1126(-8283); nonzeros 1724(-23813) 

Solving MIP model with:
   383 rows
   1126 cols (54 binary, 0 integer, 0 implied int., 1072 continuous, 0 domain fixed)
   1724 nonzeros

Src: B => Branching; C => Central rounding; F => Feasibility pump; H => Heuristic;
     I => Shifting; J => Feasibility jump; L => Sub-MIP; P => Empty MIP; R => Randomized rounding;
     S => Solve LP; T => Evaluate node; U => Unbounded; X => User solution; Y => HiGHS solution;
     Z => ZI Round; l => Trivial lower; p => Trivial point; u => Trivial upper; z => Trivial zero

        Nodes      |    B&B Tree     |            Objective Bounds              |  Dynamic Constraints |       Work      
Src  Proc. InQueue |  Leaves   Expl. | BestBound       BestSol              Gap |   Cuts   InLp Confl. | LpIters     Time

 J       0       0         0   0.00%   -inf            23.20624977        Large        0      0      0         0     0.5s
 T       0       0         0   0.00%   2.274222874     18.724661         87.85%        0      0      0       146     0.5s
         1       0         1 100.00%   18.724661       18.724661          0.00%        0      0      0       146     0.5s

Solving report
  Status            Optimal
  Primal bound      18.7246609989
  Dual bound        18.7246609989
  Gap               0% (tolerance: 0.5%)
  P-D integral      0.0117906637378
  Solution status   feasible
                    18.7246609989 (objective)
                    0 (bound viol.)
                    0 (int. viol.)
                    0 (row viol.)
  Timing            0.54
  Max sub-MIP depth 0
  Nodes             1
  Repair LPs        0
  LP iterations     146
                    0 (strong br.)
                    0 (separation)
                    0 (heuristics)
MIP has 10753 rows; 9409 cols; 25537 nonzeros; 1344 integer variables (1344 binary)
Coefficient ranges:
  Matrix  [2e-01, 3e+00]
  Cost    [1e-02, 6e-02]
  Bound   [1e+00, 1e+00]
  RHS     [1e-17, 5e+00]
WARNING: Problem has some excessively small row bounds
Presolving model
8064 rows, 8430 cols, 21869 nonzeros 0s
6188 rows, 6834 cols, 16953 nonzeros 0s
4219 rows, 5062 cols, 11800 nonzeros 0s
4117 rows, 3697 cols, 8380 nonzeros 0s
2112 rows, 2994 cols, 6225 nonzeros 0s
1880 rows, 2271 cols, 4322 nonzeros 0s
868 rows, 1886 cols, 3173 nonzeros 0s
697 rows, 1590 cols, 2706 nonzeros 0s
697 rows, 1590 cols, 2706 nonzeros 0s
Presolve reductions: rows 697(-10056); columns 1590(-7819); nonzeros 2706(-22831) 

Solving MIP model with:
   697 rows
   1590 cols (105 binary, 0 integer, 0 implied int., 1485 continuous, 0 domain fixed)
   2706 nonzeros

Src: B => Branching; C => Central rounding; F => Feasibility pump; H => Heuristic;
     I => Shifting; J => Feasibility jump; L => Sub-MIP; P => Empty MIP; R => Randomized rounding;
     S => Solve LP; T => Evaluate node; U => Unbounded; X => User solution; Y => HiGHS solution;
     Z => ZI Round; l => Trivial lower; p => Trivial point; u => Trivial upper; z => Trivial zero

        Nodes      |    B&B Tree     |            Objective Bounds              |  Dynamic Constraints |       Work      
Src  Proc. InQueue |  Leaves   Expl. | BestBound       BestSol              Gap |   Cuts   InLp Confl. | LpIters     Time

 J       0       0         0   0.00%   -inf            21.04138772        Large        0      0      0         0     0.5s
 T       0       0         0   0.00%   -2.762980501    12.15376937      122.73%        0      0      0       276     0.5s
         1       0         1 100.00%   12.15376937     12.15376937        0.00%        0      0      0       276     0.5s

Solving report
  Status            Optimal
  Primal bound      12.153769371
  Dual bound        12.153769371
  Gap               0% (tolerance: 0.5%)
  P-D integral      0.0222440984171
  Solution status   feasible
                    12.153769371 (objective)
                    0 (bound viol.)
                    0 (int. viol.)
                    0 (row viol.)
  Timing            0.48
  Max sub-MIP depth 0
  Nodes             1
  Repair LPs        0
  LP iterations     276
                    0 (strong br.)
                    0 (separation)
                    0 (heuristics)
MIP has 10753 rows; 9409 cols; 25537 nonzeros; 1344 integer variables (1344 binary)
Coefficient ranges:
  Matrix  [2e-01, 3e+00]
  Cost    [1e-02, 6e-02]
  Bound   [1e+00, 1e+00]
  RHS     [6e-17, 5e+00]
WARNING: Problem has some excessively small row bounds
Presolving model
8064 rows, 8504 cols, 21943 nonzeros 0s
6180 rows, 6896 cols, 16999 nonzeros 0s
4172 rows, 5074 cols, 11733 nonzeros 0s
4050 rows, 3661 cols, 8272 nonzeros 0s
2003 rows, 2898 cols, 5952 nonzeros 0s
1759 rows, 2270 cols, 4360 nonzeros 0s
950 rows, 1902 cols, 3351 nonzeros 0s
821 rows, 1645 cols, 2965 nonzeros 0s
Presolve reductions: rows 821(-9932); columns 1645(-7764); nonzeros 2965(-22572) 

Solving MIP model with:
   821 rows
   1645 cols (125 binary, 0 integer, 0 implied int., 1520 continuous, 0 domain fixed)
   2965 nonzeros

Src: B => Branching; C => Central rounding; F => Feasibility pump; H => Heuristic;
     I => Shifting; J => Feasibility jump; L => Sub-MIP; P => Empty MIP; R => Randomized rounding;
     S => Solve LP; T => Evaluate node; U => Unbounded; X => User solution; Y => HiGHS solution;
     Z => ZI Round; l => Trivial lower; p => Trivial point; u => Trivial upper; z => Trivial zero

        Nodes      |    B&B Tree     |            Objective Bounds              |  Dynamic Constraints |       Work      
Src  Proc. InQueue |  Leaves   Expl. | BestBound       BestSol              Gap |   Cuts   InLp Confl. | LpIters     Time

 J       0       0         0   0.00%   -inf            17.6916383         Large        0      0      0         0     0.4s
 T       0       0         0   0.00%   -2.996678687    7.387618047      140.56%        0      0      0       340     0.4s
         1       0         1 100.00%   7.387618047     7.387618047        0.00%        0      0      0       340     0.4s

Solving report
  Status            Optimal
  Primal bound      7.38761804714
  Dual bound        7.38761804714
  Gap               0% (tolerance: 0.5%)
  P-D integral      0.0177229645383
  Solution status   feasible
                    7.38761804714 (objective)
                    0 (bound viol.)
                    0 (int. viol.)
                    0 (row viol.)
  Timing            0.37
  Max sub-MIP depth 0
  Nodes             1
  Repair LPs        0
  LP iterations     340
                    0 (strong br.)
                    0 (separation)
                    0 (heuristics)
MIP has 10753 rows; 9409 cols; 25537 nonzeros; 1344 integer variables (1344 binary)
Coefficient ranges:
  Matrix  [2e-01, 3e+00]
  Cost    [1e-02, 6e-02]
  Bound   [1e+00, 1e+00]
  RHS     [1e-17, 5e+00]
WARNING: Problem has some excessively small row bounds
Presolving model
8064 rows, 8548 cols, 21987 nonzeros 0s
6157 rows, 6909 cols, 16973 nonzeros 0s
4128 rows, 5051 cols, 11630 nonzeros 0s
4005 rows, 3647 cols, 8192 nonzeros 0s
1929 rows, 2845 cols, 5769 nonzeros 0s
1679 rows, 2239 cols, 4259 nonzeros 0s
939 rows, 1935 cols, 3361 nonzeros 0s
821 rows, 1707 cols, 3015 nonzeros 0s
Presolve reductions: rows 821(-9932); columns 1707(-7702); nonzeros 3015(-22522) 

Solving MIP model with:
   821 rows
   1707 cols (122 binary, 0 integer, 0 implied int., 1585 continuous, 0 domain fixed)
   3015 nonzeros

Src: B => Branching; C => Central rounding; F => Feasibility pump; H => Heuristic;
     I => Shifting; J => Feasibility jump; L => Sub-MIP; P => Empty MIP; R => Randomized rounding;
     S => Solve LP; T => Evaluate node; U => Unbounded; X => User solution; Y => HiGHS solution;
     Z => ZI Round; l => Trivial lower; p => Trivial point; u => Trivial upper; z => Trivial zero

        Nodes      |    B&B Tree     |            Objective Bounds              |  Dynamic Constraints |       Work      
Src  Proc. InQueue |  Leaves   Expl. | BestBound       BestSol              Gap |   Cuts   InLp Confl. | LpIters     Time

 J       0       0         0   0.00%   -inf            16.094792          Large        0      0      0         0     0.4s
 T       0       0         0   0.00%   -3.401961114    6.908321905      149.24%        0      0      0       353     0.4s
         1       0         1 100.00%   6.908321905     6.908321905        0.00%        0      0      0       353     0.4s

Solving report
  Status            Optimal
  Primal bound      6.90832190462
  Dual bound        6.90832190462
  Gap               0% (tolerance: 0.5%)
  P-D integral      0.016175163432
  Solution status   feasible
                    6.90832190462 (objective)
                    0 (bound viol.)
                    0 (int. viol.)
                    0 (row viol.)
  Timing            0.38
  Max sub-MIP depth 0
  Nodes             1
  Repair LPs        0
  LP iterations     353
                    0 (strong br.)
                    0 (separation)
                    0 (heuristics)
MIP has 10753 rows; 9409 cols; 25537 nonzeros; 1344 integer variables (1344 binary)
Coefficient ranges:
  Matrix  [2e-01, 3e+00]
  Cost    [1e-02, 6e-02]
  Bound   [1e+00, 1e+00]
  RHS     [1e-17, 5e+00]
WARNING: Problem has some excessively small row bounds
Presolving model
8064 rows, 8572 cols, 22011 nonzeros 0s
6116 rows, 6879 cols, 16874 nonzeros 0s
4074 rows, 5000 cols, 11489 nonzeros 0s
3946 rows, 3577 cols, 8042 nonzeros 0s
1837 rows, 2730 cols, 5506 nonzeros 0s
1577 rows, 2132 cols, 4045 nonzeros 0s
858 rows, 1787 cols, 3096 nonzeros 0s
747 rows, 1636 cols, 2834 nonzeros 0s
Presolve reductions: rows 747(-10006); columns 1636(-7773); nonzeros 2834(-22703) 

Solving MIP model with:
   747 rows
   1636 cols (113 binary, 0 integer, 0 implied int., 1523 continuous, 0 domain fixed)
   2834 nonzeros

Src: B => Branching; C => Central rounding; F => Feasibility pump; H => Heuristic;
     I => Shifting; J => Feasibility jump; L => Sub-MIP; P => Empty MIP; R => Randomized rounding;
     S => Solve LP; T => Evaluate node; U => Unbounded; X => User solution; Y => HiGHS solution;
     Z => ZI Round; l => Trivial lower; p => Trivial point; u => Trivial upper; z => Trivial zero

        Nodes      |    B&B Tree     |            Objective Bounds              |  Dynamic Constraints |       Work      
Src  Proc. InQueue |  Leaves   Expl. | BestBound       BestSol              Gap |   Cuts   InLp Confl. | LpIters     Time

 J       0       0         0   0.00%   -inf            9.625613761        Large        0      0      0         0     0.4s
 T       0       0         0   0.00%   -2.750904822    3.044611138      190.35%        0      0      0       318     0.4s
         1       0         1 100.00%   3.044611138     3.044611138        0.00%        0      0      0       318     0.4s

Solving report
  Status            Optimal
  Primal bound      3.04461113771
  Dual bound        3.04461113771
  Gap               0% (tolerance: 0.5%)
  P-D integral      0.0163484810674
  Solution status   feasible
                    3.04461113771 (objective)
                    0 (bound viol.)
                    0 (int. viol.)
                    0 (row viol.)
  Timing            0.41
  Max sub-MIP depth 0
  Nodes             1
  Repair LPs        0
  LP iterations     318
                    0 (strong br.)
                    0 (separation)
                    0 (heuristics)
MIP has 10753 rows; 9409 cols; 25537 nonzeros; 1344 integer variables (1344 binary)
Coefficient ranges:
  Matrix  [2e-01, 3e+00]
  Cost    [1e-02, 6e-02]
  Bound   [1e+00, 1e+00]
  RHS     [1e-03, 7e+00]
Presolving model
8064 rows, 8597 cols, 22036 nonzeros 0s
6136 rows, 6930 cols, 16956 nonzeros 0s
4059 rows, 5014 cols, 11481 nonzeros 0s
3949 rows, 3615 cols, 8085 nonzeros 0s
1813 rows, 2737 cols, 5470 nonzeros 0s
1552 rows, 2204 cols, 4166 nonzeros 0s
975 rows, 1962 cols, 3461 nonzeros 0s
880 rows, 1839 cols, 3243 nonzeros 0s
Presolve reductions: rows 880(-9873); columns 1839(-7570); nonzeros 3243(-22294) 

Solving MIP model with:
   880 rows
   1839 cols (132 binary, 0 integer, 0 implied int., 1707 continuous, 0 domain fixed)
   3243 nonzeros

Src: B => Branching; C => Central rounding; F => Feasibility pump; H => Heuristic;
     I => Shifting; J => Feasibility jump; L => Sub-MIP; P => Empty MIP; R => Randomized rounding;
     S => Solve LP; T => Evaluate node; U => Unbounded; X => User solution; Y => HiGHS solution;
     Z => ZI Round; l => Trivial lower; p => Trivial point; u => Trivial upper; z => Trivial zero

        Nodes      |    B&B Tree     |            Objective Bounds              |  Dynamic Constraints |       Work      
Src  Proc. InQueue |  Leaves   Expl. | BestBound       BestSol              Gap |   Cuts   InLp Confl. | LpIters     Time

 J       0       0         0   0.00%   -inf            10.08921171        Large        0      0      0         0     0.4s
 T       0       0         0   0.00%   -3.503033673    2.445578853      243.24%        0      0      0       360     0.4s
         1       0         1 100.00%   2.445578853     2.445578853        0.00%        0      0      0       360     0.4s

Solving report
  Status            Optimal
  Primal bound      2.44557885304
  Dual bound        2.44557885304
  Gap               0% (tolerance: 0.5%)
  P-D integral      0.0199791798678
  Solution status   feasible
                    2.44557885304 (objective)
                    0 (bound viol.)
                    0 (int. viol.)
                    0 (row viol.)
  Timing            0.43
  Max sub-MIP depth 0
  Nodes             1
  Repair LPs        0
  LP iterations     360
                    0 (strong br.)
                    0 (separation)
                    0 (heuristics)
MIP has 10753 rows; 9409 cols; 25537 nonzeros; 1344 integer variables (1344 binary)
Coefficient ranges:
  Matrix  [2e-01, 3e+00]
  Cost    [1e-02, 6e-02]
  Bound   [1e+00, 1e+00]
  RHS     [6e-17, 7e+00]
WARNING: Problem has some excessively small row bounds
Presolving model
8064 rows, 8633 cols, 22072 nonzeros 0s
6146 rows, 6982 cols, 17024 nonzeros 0s
4059 rows, 5043 cols, 11506 nonzeros 0s
3904 rows, 3574 cols, 7976 nonzeros 0s
1820 rows, 2743 cols, 5487 nonzeros 0s
1548 rows, 2306 cols, 4498 nonzeros 0s
1188 rows, 2068 cols, 3966 nonzeros 0s
1188 rows, 2042 cols, 3940 nonzeros 0s
Presolve reductions: rows 1188(-9565); columns 2042(-7367); nonzeros 3940(-21597) 

Solving MIP model with:
   1188 rows
   2042 cols (179 binary, 0 integer, 0 implied int., 1863 continuous, 0 domain fixed)
   3940 nonzeros

Src: B => Branching; C => Central rounding; F => Feasibility pump; H => Heuristic;
     I => Shifting; J => Feasibility jump; L => Sub-MIP; P => Empty MIP; R => Randomized rounding;
     S => Solve LP; T => Evaluate node; U => Unbounded; X => User solution; Y => HiGHS solution;
     Z => ZI Round; l => Trivial lower; p => Trivial point; u => Trivial upper; z => Trivial zero

        Nodes      |    B&B Tree     |            Objective Bounds              |  Dynamic Constraints |       Work      
Src  Proc. InQueue |  Leaves   Expl. | BestBound       BestSol              Gap |   Cuts   InLp Confl. | LpIters     Time

 J       0       0         0   0.00%   -inf            13.41955303        Large        0      0      0         0     0.4s
 T       0       0         0   0.00%   -4.775410697    2.395457773      299.35%        0      0      0       500     0.5s
         1       0         1 100.00%   2.395457773     2.395457773        0.00%        0      0      0       500     0.5s

Solving report
  Status            Optimal
  Primal bound      2.3954577735
  Dual bound        2.3954577735
  Gap               0% (tolerance: 0.5%)
  P-D integral      0.0261159451971
  Solution status   feasible
                    2.3954577735 (objective)
                    0 (bound viol.)
                    0 (int. viol.)
                    0 (row viol.)
  Timing            0.47
  Max sub-MIP depth 0
  Nodes             1
  Repair LPs        0
  LP iterations     500
                    0 (strong br.)
                    0 (separation)
                    0 (heuristics)
MIP has 10753 rows; 9409 cols; 25537 nonzeros; 1344 integer variables (1344 binary)
Coefficient ranges:
  Matrix  [2e-01, 3e+00]
  Cost    [1e-02, 6e-02]
  Bound   [1e+00, 1e+00]
  RHS     [6e-17, 6e+00]
WARNING: Problem has some excessively small row bounds
Presolving model
8064 rows, 8620 cols, 22059 nonzeros 0s
6133 rows, 6946 cols, 16966 nonzeros 0s
4093 rows, 5071 cols, 11595 nonzeros 0s
3956 rows, 3626 cols, 8114 nonzeros 0s
1851 rows, 2787 cols, 5589 nonzeros 0s
1585 rows, 2351 cols, 4602 nonzeros 0s
1200 rows, 2098 cols, 4021 nonzeros 0s
1197 rows, 2045 cols, 3965 nonzeros 0s
Presolve reductions: rows 1197(-9556); columns 2045(-7364); nonzeros 3965(-21572) 

Solving MIP model with:
   1197 rows
   2045 cols (181 binary, 0 integer, 0 implied int., 1864 continuous, 0 domain fixed)
   3965 nonzeros

Src: B => Branching; C => Central rounding; F => Feasibility pump; H => Heuristic;
     I => Shifting; J => Feasibility jump; L => Sub-MIP; P => Empty MIP; R => Randomized rounding;
     S => Solve LP; T => Evaluate node; U => Unbounded; X => User solution; Y => HiGHS solution;
     Z => ZI Round; l => Trivial lower; p => Trivial point; u => Trivial upper; z => Trivial zero

        Nodes      |    B&B Tree     |            Objective Bounds              |  Dynamic Constraints |       Work      
Src  Proc. InQueue |  Leaves   Expl. | BestBound       BestSol              Gap |   Cuts   InLp Confl. | LpIters     Time

 J       0       0         0   0.00%   -inf            12.9456851         Large        0      0      0         0     0.4s
 T       0       0         0   0.00%   -5.741065577    1.495720561      483.83%        0      0      0       503     0.4s
         1       0         1 100.00%   1.495720561     1.495720561        0.00%        0      0      0       503     0.4s

Solving report
  Status            Optimal
  Primal bound      1.49572056114
  Dual bound        1.49572056114
  Gap               0% (tolerance: 0.5%)
  P-D integral      0.0297624636972
  Solution status   feasible
                    1.49572056114 (objective)
                    0 (bound viol.)
                    0 (int. viol.)
                    0 (row viol.)
  Timing            0.45
  Max sub-MIP depth 0
  Nodes             1
  Repair LPs        0
  LP iterations     503
                    0 (strong br.)
                    0 (separation)
                    0 (heuristics)
MIP has 10753 rows; 9409 cols; 25537 nonzeros; 1344 integer variables (1344 binary)
Coefficient ranges:
  Matrix  [2e-01, 3e+00]
  Cost    [1e-02, 6e-02]
  Bound   [1e+00, 1e+00]
  RHS     [1e-16, 7e+00]
WARNING: Problem has some excessively small row bounds
Presolving model
8064 rows, 8607 cols, 22046 nonzeros 0s
6156 rows, 6967 cols, 17029 nonzeros 0s
4110 rows, 5087 cols, 11639 nonzeros 0s
3983 rows, 3668 cols, 8191 nonzeros 0s
1879 rows, 2832 cols, 5679 nonzeros 0s
1608 rows, 2389 cols, 4656 nonzeros 0s
1202 rows, 2189 cols, 4103 nonzeros 0s
1175 rows, 2054 cols, 3941 nonzeros 0s
Presolve reductions: rows 1175(-9578); columns 2054(-7355); nonzeros 3941(-21596) 

Solving MIP model with:
   1175 rows
   2054 cols (179 binary, 0 integer, 0 implied int., 1875 continuous, 0 domain fixed)
   3941 nonzeros

Src: B => Branching; C => Central rounding; F => Feasibility pump; H => Heuristic;
     I => Shifting; J => Feasibility jump; L => Sub-MIP; P => Empty MIP; R => Randomized rounding;
     S => Solve LP; T => Evaluate node; U => Unbounded; X => User solution; Y => HiGHS solution;
     Z => ZI Round; l => Trivial lower; p => Trivial point; u => Trivial upper; z => Trivial zero

        Nodes      |    B&B Tree     |            Objective Bounds              |  Dynamic Constraints |       Work      
Src  Proc. InQueue |  Leaves   Expl. | BestBound       BestSol              Gap |   Cuts   InLp Confl. | LpIters     Time

 J       0       0         0   0.00%   -inf            13.92570802        Large        0      0      0         0     0.5s
 T       0       0         0   0.00%   -6.126374402    1.425451092      529.78%        0      0      0       493     0.5s
         1       0         1 100.00%   1.425451092     1.425451092        0.00%        0      0      0       493     0.5s

Solving report
  Status            Optimal
  Primal bound      1.42545109245
  Dual bound        1.42545109245
  Gap               0% (tolerance: 0.5%)
  P-D integral      0.0280330925474
  Solution status   feasible
                    1.42545109245 (objective)
                    0 (bound viol.)
                    0 (int. viol.)
                    0 (row viol.)
  Timing            0.53
  Max sub-MIP depth 0
  Nodes             1
  Repair LPs        0
  LP iterations     493
                    0 (strong br.)
                    0 (separation)
                    0 (heuristics)
MIP has 10753 rows; 9409 cols; 25537 nonzeros; 1344 integer variables (1344 binary)
Coefficient ranges:
  Matrix  [2e-01, 3e+00]
  Cost    [1e-02, 6e-02]
  Bound   [1e+00, 1e+00]
  RHS     [1e-16, 7e+00]
WARNING: Problem has some excessively small row bounds
Presolving model
8064 rows, 8639 cols, 22078 nonzeros 0s
6137 rows, 6971 cols, 16996 nonzeros 0s
4058 rows, 5047 cols, 11509 nonzeros 0s
3917 rows, 3592 cols, 8020 nonzeros 0s
1814 rows, 2751 cols, 5489 nonzeros 0s
1542 rows, 2306 cols, 4499 nonzeros 0s
1171 rows, 2077 cols, 3952 nonzeros 0s
1170 rows, 2037 cols, 3911 nonzeros 0s
Presolve reductions: rows 1170(-9583); columns 2037(-7372); nonzeros 3911(-21626) 

Solving MIP model with:
   1170 rows
   2037 cols (177 binary, 0 integer, 0 implied int., 1860 continuous, 0 domain fixed)
   3911 nonzeros

Src: B => Branching; C => Central rounding; F => Feasibility pump; H => Heuristic;
     I => Shifting; J => Feasibility jump; L => Sub-MIP; P => Empty MIP; R => Randomized rounding;
     S => Solve LP; T => Evaluate node; U => Unbounded; X => User solution; Y => HiGHS solution;
     Z => ZI Round; l => Trivial lower; p => Trivial point; u => Trivial upper; z => Trivial zero

        Nodes      |    B&B Tree     |            Objective Bounds              |  Dynamic Constraints |       Work      
Src  Proc. InQueue |  Leaves   Expl. | BestBound       BestSol              Gap |   Cuts   InLp Confl. | LpIters     Time

         0       0         0   0.00%   -5.353172843    inf                  inf        0      0      0         0     0.4s
 T       0       0         0   0.00%   -5.353172843    1.375678494      489.13%        0      0      0       502     0.4s
         1       0         1 100.00%   1.375678494     1.375678494        0.00%        0      0      0       502     0.4s

Solving report
  Status            Optimal
  Primal bound      1.37567849447
  Dual bound        1.37567849447
  Gap               0% (tolerance: 0.5%)
  P-D integral      0.000263640893196
  Solution status   feasible
                    1.37567849447 (objective)
                    0 (bound viol.)
                    0 (int. viol.)
                    0 (row viol.)
  Timing            0.45
  Max sub-MIP depth 0
  Nodes             1
  Repair LPs        0
  LP iterations     502
                    0 (strong br.)
                    0 (separation)
                    0 (heuristics)
MIP has 10753 rows; 9409 cols; 25537 nonzeros; 1344 integer variables (1344 binary)
Coefficient ranges:
  Matrix  [2e-01, 3e+00]
  Cost    [1e-02, 6e-02]
  Bound   [1e+00, 1e+00]
  RHS     [4e-17, 5e+00]
WARNING: Problem has some excessively small row bounds
Presolving model
8064 rows, 8691 cols, 22130 nonzeros 0s
6078 rows, 6943 cols, 16868 nonzeros 0s
3970 rows, 4983 cols, 11308 nonzeros 0s
3832 rows, 3512 cols, 7842 nonzeros 0s
1653 rows, 2555 cols, 5035 nonzeros 0s
1360 rows, 2183 cols, 4259 nonzeros 0s
1208 rows, 2072 cols, 4019 nonzeros 0s
Presolve reductions: rows 1208(-9545); columns 2072(-7337); nonzeros 4019(-21518) 

Solving MIP model with:
   1208 rows
   2072 cols (185 binary, 0 integer, 0 implied int., 1887 continuous, 0 domain fixed)
   4019 nonzeros

Src: B => Branching; C => Central rounding; F => Feasibility pump; H => Heuristic;
     I => Shifting; J => Feasibility jump; L => Sub-MIP; P => Empty MIP; R => Randomized rounding;
     S => Solve LP; T => Evaluate node; U => Unbounded; X => User solution; Y => HiGHS solution;
     Z => ZI Round; l => Trivial lower; p => Trivial point; u => Trivial upper; z => Trivial zero

        Nodes      |    B&B Tree     |            Objective Bounds              |  Dynamic Constraints |       Work      
Src  Proc. InQueue |  Leaves   Expl. | BestBound       BestSol              Gap |   Cuts   InLp Confl. | LpIters     Time

 J       0       0         0   0.00%   -inf            6.487989998        Large        0      0      0         0     0.5s
 T       0       0         0   0.00%   -4.753389258    -0.7088797379    570.55%        0      0      0       500     0.5s
         1       0         1 100.00%   -0.7088797379   -0.7088797379      0.00%        0      0      0       500     0.5s

Solving report
  Status            Optimal
  Primal bound      -0.708879737922
  Dual bound        -0.708879737922
  Gap               0% (tolerance: 0.5%)
  P-D integral      0.0312394458229
  Solution status   feasible
                    -0.708879737922 (objective)
                    0 (bound viol.)
                    0 (int. viol.)
                    0 (row viol.)
  Timing            0.50
  Max sub-MIP depth 0
  Nodes             1
  Repair LPs        0
  LP iterations     500
                    0 (strong br.)
                    0 (separation)
                    0 (heuristics)
MIP has 10753 rows; 9409 cols; 25537 nonzeros; 1344 integer variables (1344 binary)
Coefficient ranges:
  Matrix  [2e-01, 3e+00]
  Cost    [1e-02, 6e-02]
  Bound   [1e+00, 1e+00]
  RHS     [3e-17, 5e+00]
WARNING: Problem has some excessively small row bounds
Presolving model
8064 rows, 8706 cols, 22145 nonzeros 0s
6088 rows, 6972 cols, 16915 nonzeros 0s
3923 rows, 4935 cols, 11181 nonzeros 0s
3774 rows, 3440 cols, 7671 nonzeros 0s
1613 rows, 2523 cols, 4939 nonzeros 0s
1325 rows, 2175 cols, 4204 nonzeros 0s
1194 rows, 2110 cols, 4031 nonzeros 0s
Presolve reductions: rows 1194(-9559); columns 2110(-7299); nonzeros 4031(-21506) 

Solving MIP model with:
   1194 rows
   2110 cols (182 binary, 0 integer, 0 implied int., 1928 continuous, 0 domain fixed)
   4031 nonzeros

Src: B => Branching; C => Central rounding; F => Feasibility pump; H => Heuristic;
     I => Shifting; J => Feasibility jump; L => Sub-MIP; P => Empty MIP; R => Randomized rounding;
     S => Solve LP; T => Evaluate node; U => Unbounded; X => User solution; Y => HiGHS solution;
     Z => ZI Round; l => Trivial lower; p => Trivial point; u => Trivial upper; z => Trivial zero

        Nodes      |    B&B Tree     |            Objective Bounds              |  Dynamic Constraints |       Work      
Src  Proc. InQueue |  Leaves   Expl. | BestBound       BestSol              Gap |   Cuts   InLp Confl. | LpIters     Time

         0       0         0   0.00%   -5.349115534    inf                  inf        0      0      0         0     0.4s
 T       0       0         0   0.00%   -5.349115534    -2.961693593      80.61%        0      0      0       494     0.4s
         1       0         1 100.00%   -2.961693593    -2.961693593       0.00%        0      0      0       494     0.4s

Solving report
  Status            Optimal
  Primal bound      -2.96169359324
  Dual bound        -2.96169359324
  Gap               0% (tolerance: 0.5%)
  P-D integral      6.23921650774e-05
  Solution status   feasible
                    -2.96169359324 (objective)
                    0 (bound viol.)
                    0 (int. viol.)
                    0 (row viol.)
  Timing            0.43
  Max sub-MIP depth 0
  Nodes             1
  Repair LPs        0
  LP iterations     494
                    0 (strong br.)
                    0 (separation)
                    0 (heuristics)
MIP has 10753 rows; 9409 cols; 25537 nonzeros; 1344 integer variables (1344 binary)
Coefficient ranges:
  Matrix  [2e-01, 3e+00]
  Cost    [1e-02, 6e-02]
  Bound   [1e+00, 1e+00]
  RHS     [3e-17, 5e+00]
WARNING: Problem has some excessively small row bounds
Presolving model
8064 rows, 8699 cols, 22138 nonzeros 0s
6100 rows, 6982 cols, 16945 nonzeros 0s
3945 rows, 4960 cols, 11236 nonzeros 0s
3805 rows, 3487 cols, 7736 nonzeros 0s
1670 rows, 2610 cols, 5115 nonzeros 0s
1270 rows, 2215 cols, 4248 nonzeros 0s
1254 rows, 2196 cols, 4213 nonzeros 0s
Presolve reductions: rows 1254(-9499); columns 2196(-7213); nonzeros 4213(-21324) 

Solving MIP model with:
   1254 rows
   2196 cols (191 binary, 0 integer, 0 implied int., 2005 continuous, 0 domain fixed)
   4213 nonzeros

Src: B => Branching; C => Central rounding; F => Feasibility pump; H => Heuristic;
     I => Shifting; J => Feasibility jump; L => Sub-MIP; P => Empty MIP; R => Randomized rounding;
     S => Solve LP; T => Evaluate node; U => Unbounded; X => User solution; Y => HiGHS solution;
     Z => ZI Round; l => Trivial lower; p => Trivial point; u => Trivial upper; z => Trivial zero

        Nodes      |    B&B Tree     |            Objective Bounds              |  Dynamic Constraints |       Work      
Src  Proc. InQueue |  Leaves   Expl. | BestBound       BestSol              Gap |   Cuts   InLp Confl. | LpIters     Time

 J       0       0         0   0.00%   -inf            5.022379709        Large        0      0      0         0     0.5s
 T       0       0         0   0.00%   -6.224829815    -3.046921764     104.30%        0      0      0       534     0.5s
         1       0         1 100.00%   -3.046921764    -3.046921764       0.00%        0      0      0       534     0.5s

Solving report
  Status            Optimal
  Primal bound      -3.04692176441
  Dual bound        -3.04692176441
  Gap               0% (tolerance: 0.5%)
  P-D integral      0.049698012141
  Solution status   feasible
                    -3.04692176441 (objective)
                    0 (bound viol.)
                    0 (int. viol.)
                    0 (row viol.)
  Timing            0.50
  Max sub-MIP depth 0
  Nodes             1
  Repair LPs        0
  LP iterations     534
                    0 (strong br.)
                    0 (separation)
                    0 (heuristics)
MIP has 10753 rows; 9409 cols; 25537 nonzeros; 1344 integer variables (1344 binary)
Coefficient ranges:
  Matrix  [2e-01, 3e+00]
  Cost    [1e-02, 6e-02]
  Bound   [1e+00, 1e+00]
  RHS     [1e-17, 5e+00]
WARNING: Problem has some excessively small row bounds
Presolving model
8064 rows, 8737 cols, 22176 nonzeros 0s
6052 rows, 6955 cols, 16838 nonzeros 0s
3942 rows, 4986 cols, 11259 nonzeros 0s
3792 rows, 3571 cols, 7954 nonzeros 0s
1780 rows, 2719 cols, 5418 nonzeros 0s
1502 rows, 2400 cols, 4821 nonzeros 0s
Presolve reductions: rows 1502(-9251); columns 2400(-7009); nonzeros 4821(-20716) 

Solving MIP model with:
   1502 rows
   2400 cols (230 binary, 0 integer, 0 implied int., 2170 continuous, 0 domain fixed)
   4821 nonzeros

Src: B => Branching; C => Central rounding; F => Feasibility pump; H => Heuristic;
     I => Shifting; J => Feasibility jump; L => Sub-MIP; P => Empty MIP; R => Randomized rounding;
     S => Solve LP; T => Evaluate node; U => Unbounded; X => User solution; Y => HiGHS solution;
     Z => ZI Round; l => Trivial lower; p => Trivial point; u => Trivial upper; z => Trivial zero

        Nodes      |    B&B Tree     |            Objective Bounds              |  Dynamic Constraints |       Work      
Src  Proc. InQueue |  Leaves   Expl. | BestBound       BestSol              Gap |   Cuts   InLp Confl. | LpIters     Time

 J       0       0         0   0.00%   -inf            3.711288599        Large        0      0      0         0     0.5s
 T       0       0         0   0.00%   -8.201570543    -4.806355936      70.64%        0      0      0       627     0.5s
         1       0         1 100.00%   -4.806355936    -4.806355936       0.00%        0      0      0       627     0.5s

Solving report
  Status            Optimal
  Primal bound      -4.80635593591
  Dual bound        -4.80635593591
  Gap               0% (tolerance: 0.5%)
  P-D integral      0.0776499901449
  Solution status   feasible
                    -4.80635593591 (objective)
                    0 (bound viol.)
                    0 (int. viol.)
                    0 (row viol.)
  Timing            0.51
  Max sub-MIP depth 0
  Nodes             1
  Repair LPs        0
  LP iterations     627
                    0 (strong br.)
                    0 (separation)
                    0 (heuristics)
MIP has 10753 rows; 9409 cols; 25537 nonzeros; 1344 integer variables (1344 binary)
Coefficient ranges:
  Matrix  [2e-01, 3e+00]
  Cost    [1e-02, 6e-02]
  Bound   [1e+00, 1e+00]
  RHS     [1e-17, 5e+00]
WARNING: Problem has some excessively small row bounds
Presolving model
8064 rows, 8757 cols, 22196 nonzeros 0s
6082 rows, 7011 cols, 16936 nonzeros 0s
3932 rows, 4994 cols, 11245 nonzeros 0s
3787 rows, 3588 cols, 7966 nonzeros 0s
1774 rows, 2727 cols, 5412 nonzeros 0s
1491 rows, 2363 cols, 4765 nonzeros 0s
Presolve reductions: rows 1491(-9262); columns 2363(-7046); nonzeros 4765(-20772) 

Solving MIP model with:
   1491 rows
   2363 cols (228 binary, 0 integer, 0 implied int., 2135 continuous, 0 domain fixed)
   4765 nonzeros

Src: B => Branching; C => Central rounding; F => Feasibility pump; H => Heuristic;
     I => Shifting; J => Feasibility jump; L => Sub-MIP; P => Empty MIP; R => Randomized rounding;
     S => Solve LP; T => Evaluate node; U => Unbounded; X => User solution; Y => HiGHS solution;
     Z => ZI Round; l => Trivial lower; p => Trivial point; u => Trivial upper; z => Trivial zero

        Nodes      |    B&B Tree     |            Objective Bounds              |  Dynamic Constraints |       Work      
Src  Proc. InQueue |  Leaves   Expl. | BestBound       BestSol              Gap |   Cuts   InLp Confl. | LpIters     Time

 J       0       0         0   0.00%   -inf            3.454566096        Large        0      0      0         0     0.4s
 T       0       0         0   0.00%   -8.122328186    -4.19239382       93.74%        0      0      0       617     0.5s
         1       0         1 100.00%   -4.19239382     -4.19239382        0.00%        0      0      0       617     0.5s

Solving report
  Status            Optimal
  Primal bound      -4.1923938195
  Dual bound        -4.1923938195
  Gap               0% (tolerance: 0.5%)
  P-D integral      0.0740750255898
  Solution status   feasible
                    -4.1923938195 (objective)
                    0 (bound viol.)
                    0 (int. viol.)
                    0 (row viol.)
  Timing            0.45
  Max sub-MIP depth 0
  Nodes             1
  Repair LPs        0
  LP iterations     617
                    0 (strong br.)
                    0 (separation)
                    0 (heuristics)
MIP has 10753 rows; 9409 cols; 25537 nonzeros; 1344 integer variables (1344 binary)
Coefficient ranges:
  Matrix  [2e-01, 3e+00]
  Cost    [1e-02, 6e-02]
  Bound   [1e+00, 1e+00]
  RHS     [8e-03, 5e+00]
Presolving model
8064 rows, 8767 cols, 22206 nonzeros 0s
6080 rows, 7021 cols, 16948 nonzeros 0s
3936 rows, 5010 cols, 11277 nonzeros 0s
3775 rows, 3623 cols, 8118 nonzeros 0s
1876 rows, 2798 cols, 5669 nonzeros 0s
1612 rows, 2500 cols, 5107 nonzeros 0s
Presolve reductions: rows 1612(-9141); columns 2500(-6909); nonzeros 5107(-20430) 

Solving MIP model with:
   1612 rows
   2500 cols (249 binary, 0 integer, 0 implied int., 2251 continuous, 0 domain fixed)
   5107 nonzeros

Src: B => Branching; C => Central rounding; F => Feasibility pump; H => Heuristic;
     I => Shifting; J => Feasibility jump; L => Sub-MIP; P => Empty MIP; R => Randomized rounding;
     S => Solve LP; T => Evaluate node; U => Unbounded; X => User solution; Y => HiGHS solution;
     Z => ZI Round; l => Trivial lower; p => Trivial point; u => Trivial upper; z => Trivial zero

        Nodes      |    B&B Tree     |            Objective Bounds              |  Dynamic Constraints |       Work      
Src  Proc. InQueue |  Leaves   Expl. | BestBound       BestSol              Gap |   Cuts   InLp Confl. | LpIters     Time

 J       0       0         0   0.00%   -inf            2.260107678        Large        0      0      0         0     0.4s
 T       0       0         0   0.00%   -8.776489696    -5.069035551      73.14%        0      0      0       668     0.4s
         1       0         1 100.00%   -5.069035551    -5.069035551       0.00%        0      0      0       668     0.4s

Solving report
  Status            Optimal
  Primal bound      -5.06903555084
  Dual bound        -5.06903555084
  Gap               0% (tolerance: 0.5%)
  P-D integral      0.13258773106
  Solution status   feasible
                    -5.06903555084 (objective)
                    0 (bound viol.)
                    0 (int. viol.)
                    0 (row viol.)
  Timing            0.45
  Max sub-MIP depth 0
  Nodes             1
  Repair LPs        0
  LP iterations     668
                    0 (strong br.)
                    0 (separation)
                    0 (heuristics)
MIP has 10753 rows; 9409 cols; 25537 nonzeros; 1344 integer variables (1344 binary)
Coefficient ranges:
  Matrix  [2e-01, 3e+00]
  Cost    [1e-02, 6e-02]
  Bound   [1e+00, 1e+00]
  RHS     [2e-16, 6e+00]
WARNING: Problem has some excessively small row bounds
Presolving model
8064 rows, 8789 cols, 22228 nonzeros 0s
6084 rows, 7051 cols, 16990 nonzeros 0s
3954 rows, 5050 cols, 11351 nonzeros 0s
3791 rows, 3813 cols, 8598 nonzeros 0s
2222 rows, 3146 cols, 6615 nonzeros 0s
2006 rows, 2904 cols, 6157 nonzeros 0s
Presolve reductions: rows 2006(-8747); columns 2904(-6505); nonzeros 6157(-19380) 

Solving MIP model with:
   2006 rows
   2904 cols (312 binary, 0 integer, 0 implied int., 2592 continuous, 0 domain fixed)
   6157 nonzeros

Src: B => Branching; C => Central rounding; F => Feasibility pump; H => Heuristic;
     I => Shifting; J => Feasibility jump; L => Sub-MIP; P => Empty MIP; R => Randomized rounding;
     S => Solve LP; T => Evaluate node; U => Unbounded; X => User solution; Y => HiGHS solution;
     Z => ZI Round; l => Trivial lower; p => Trivial point; u => Trivial upper; z => Trivial zero

        Nodes      |    B&B Tree     |            Objective Bounds              |  Dynamic Constraints |       Work      
Src  Proc. InQueue |  Leaves   Expl. | BestBound       BestSol              Gap |   Cuts   InLp Confl. | LpIters     Time

 J       0       0         0   0.00%   -inf            1.297899251        Large        0      0      0         0     0.4s
 T       0       0         0   0.00%   -11.78407917    -7.990828389      47.47%        0      0      0       796     0.4s
         1       0         1 100.00%   -7.990828389    -7.990828389       0.00%        0      0      0       796     0.4s

Solving report
  Status            Optimal
  Primal bound      -7.99082838891
  Dual bound        -7.99082838891
  Gap               0% (tolerance: 0.5%)
  P-D integral      0.334483730582
  Solution status   feasible
                    -7.99082838891 (objective)
                    0 (bound viol.)
                    0 (int. viol.)
                    0 (row viol.)
  Timing            0.45
  Max sub-MIP depth 0
  Nodes             1
  Repair LPs        0
  LP iterations     796
                    0 (strong br.)
                    0 (separation)
                    0 (heuristics)
MIP has 10753 rows; 9409 cols; 25537 nonzeros; 1344 integer variables (1344 binary)
Coefficient ranges:
  Matrix  [2e-01, 3e+00]
  Cost    [1e-02, 6e-02]
  Bound   [1e+00, 1e+00]
  RHS     [2e-16, 6e+00]
WARNING: Problem has some excessively small row bounds
Presolving model
8064 rows, 8800 cols, 22239 nonzeros 0s
6099 rows, 7082 cols, 17048 nonzeros 0s
3962 rows, 5073 cols, 11390 nonzeros 0s
2365 rows, 3284 cols, 7000 nonzeros 0s
2157 rows, 3056 cols, 6564 nonzeros 0s
Presolve reductions: rows 2157(-8596); columns 3056(-6353); nonzeros 6564(-18973) 

Solving MIP model with:
   2157 rows
   3056 cols (338 binary, 0 integer, 0 implied int., 2718 continuous, 0 domain fixed)
   6564 nonzeros

Src: B => Branching; C => Central rounding; F => Feasibility pump; H => Heuristic;
     I => Shifting; J => Feasibility jump; L => Sub-MIP; P => Empty MIP; R => Randomized rounding;
     S => Solve LP; T => Evaluate node; U => Unbounded; X => User solution; Y => HiGHS solution;
     Z => ZI Round; l => Trivial lower; p => Trivial point; u => Trivial upper; z => Trivial zero

        Nodes      |    B&B Tree     |            Objective Bounds              |  Dynamic Constraints |       Work      
Src  Proc. InQueue |  Leaves   Expl. | BestBound       BestSol              Gap |   Cuts   InLp Confl. | LpIters     Time

 J       0       0         0   0.00%   -inf            0.0566384203       Large        0      0      0         0     0.4s
 T       0       0         0   0.00%   -13.02496896    -9.297692397      40.09%        0      0      0       852     0.5s
         1       0         1 100.00%   -9.297692397    -9.297692397       0.00%        0      0      0       852     0.5s

Solving report
  Status            Optimal
  Primal bound      -9.29769239713
  Dual bound        -9.29769239713
  Gap               0% (tolerance: 0.5%)
  P-D integral      7.895315356
  Solution status   feasible
                    -9.29769239713 (objective)
                    0 (bound viol.)
                    0 (int. viol.)
                    0 (row viol.)
  Timing            0.46
  Max sub-MIP depth 0
  Nodes             1
  Repair LPs        0
  LP iterations     852
                    0 (strong br.)
                    0 (separation)
                    0 (heuristics)
MIP has 10753 rows; 9409 cols; 25537 nonzeros; 1344 integer variables (1344 binary)
Coefficient ranges:
  Matrix  [2e-01, 3e+00]
  Cost    [1e-02, 6e-02]
  Bound   [1e+00, 1e+00]
  RHS     [2e-03, 6e+00]
Presolving model
8064 rows, 8809 cols, 22248 nonzeros 0s
6064 rows, 7044 cols, 16951 nonzeros 0s
3933 rows, 5034 cols, 11294 nonzeros 0s
3768 rows, 3803 cols, 8569 nonzeros 0s
2167 rows, 3088 cols, 6466 nonzeros 0s
1949 rows, 2856 cols, 6016 nonzeros 0s
Presolve reductions: rows 1949(-8804); columns 2856(-6553); nonzeros 6016(-19521) 

Solving MIP model with:
   1949 rows
   2856 cols (303 binary, 0 integer, 0 implied int., 2553 continuous, 0 domain fixed)
   6016 nonzeros

Src: B => Branching; C => Central rounding; F => Feasibility pump; H => Heuristic;
     I => Shifting; J => Feasibility jump; L => Sub-MIP; P => Empty MIP; R => Randomized rounding;
     S => Solve LP; T => Evaluate node; U => Unbounded; X => User solution; Y => HiGHS solution;
     Z => ZI Round; l => Trivial lower; p => Trivial point; u => Trivial upper; z => Trivial zero

        Nodes      |    B&B Tree     |            Objective Bounds              |  Dynamic Constraints |       Work      
Src  Proc. InQueue |  Leaves   Expl. | BestBound       BestSol              Gap |   Cuts   InLp Confl. | LpIters     Time

         0       0         0   0.00%   -10.89575736    inf                  inf        0      0      0         0     0.4s
 T       0       0         0   0.00%   -10.89575736    -7.503187266      45.22%        0      0      0       789     0.5s
         1       0         1 100.00%   -7.503187266    -7.503187266       0.00%        0      0      0       789     0.5s

Solving report
  Status            Optimal
  Primal bound      -7.50318726556
  Dual bound        -7.50318726556
  Gap               0% (tolerance: 0.5%)
  P-D integral      3.40017220624e-05
  Solution status   feasible
                    -7.50318726556 (objective)
                    0 (bound viol.)
                    0 (int. viol.)
                    0 (row viol.)
  Timing            0.47
  Max sub-MIP depth 0
  Nodes             1
  Repair LPs        0
  LP iterations     789
                    0 (strong br.)
                    0 (separation)
                    0 (heuristics)
MIP has 10753 rows; 9409 cols; 25537 nonzeros; 1344 integer variables (1344 binary)
Coefficient ranges:
  Matrix  [2e-01, 3e+00]
  Cost    [1e-02, 6e-02]
  Bound   [1e+00, 1e+00]
  RHS     [6e-17, 6e+00]
WARNING: Problem has some excessively small row bounds
Presolving model
8064 rows, 8825 cols, 22264 nonzeros 0s
6046 rows, 7037 cols, 16914 nonzeros 0s
3872 rows, 4968 cols, 11123 nonzeros 0s
3709 rows, 3714 cols, 8338 nonzeros 0s
2059 rows, 2976 cols, 6162 nonzeros 0s
1830 rows, 2710 cols, 5667 nonzeros 0s
Presolve reductions: rows 1830(-8923); columns 2710(-6699); nonzeros 5667(-19870) 

Solving MIP model with:
   1830 rows
   2710 cols (282 binary, 0 integer, 0 implied int., 2428 continuous, 0 domain fixed)
   5667 nonzeros

Src: B => Branching; C => Central rounding; F => Feasibility pump; H => Heuristic;
     I => Shifting; J => Feasibility jump; L => Sub-MIP; P => Empty MIP; R => Randomized rounding;
     S => Solve LP; T => Evaluate node; U => Unbounded; X => User solution; Y => HiGHS solution;
     Z => ZI Round; l => Trivial lower; p => Trivial point; u => Trivial upper; z => Trivial zero

        Nodes      |    B&B Tree     |            Objective Bounds              |  Dynamic Constraints |       Work      
Src  Proc. InQueue |  Leaves   Expl. | BestBound       BestSol              Gap |   Cuts   InLp Confl. | LpIters     Time

 J       0       0         0   0.00%   -inf            1.115405143        Large        0      0      0         0     0.5s
 T       0       0         0   0.00%   -10.44766011    -7.208086736      44.94%        0      0      0       741     0.5s
         1       0         1 100.00%   -7.208086736    -7.208086736       0.00%        0      0      0       741     0.5s

Solving report
  Status            Optimal
  Primal bound      -7.20808673628
  Dual bound        -7.20808673628
  Gap               0% (tolerance: 0.5%)
  P-D integral      0.295150272512
  Solution status   feasible
                    -7.20808673628 (objective)
                    0 (bound viol.)
                    0 (int. viol.)
                    0 (row viol.)
  Timing            0.48
  Max sub-MIP depth 0
  Nodes             1
  Repair LPs        0
  LP iterations     741
                    0 (strong br.)
                    0 (separation)
                    0 (heuristics)
MIP has 10753 rows; 9409 cols; 25537 nonzeros; 1344 integer variables (1344 binary)
Coefficient ranges:
  Matrix  [2e-01, 3e+00]
  Cost    [1e-02, 6e-02]
  Bound   [1e+00, 1e+00]
  RHS     [3e-17, 6e+00]
WARNING: Problem has some excessively small row bounds
Presolving model
8064 rows, 8807 cols, 22246 nonzeros 0s
6031 rows, 6998 cols, 16848 nonzeros 0s
3867 rows, 4955 cols, 11113 nonzeros 0s
3708 rows, 3650 cols, 8209 nonzeros 0s
1936 rows, 2838 cols, 5825 nonzeros 0s
1703 rows, 2574 cols, 5328 nonzeros 0s
Presolve reductions: rows 1703(-9050); columns 2574(-6835); nonzeros 5328(-20209) 

Solving MIP model with:
   1703 rows
   2574 cols (263 binary, 0 integer, 0 implied int., 2311 continuous, 0 domain fixed)
   5328 nonzeros

Src: B => Branching; C => Central rounding; F => Feasibility pump; H => Heuristic;
     I => Shifting; J => Feasibility jump; L => Sub-MIP; P => Empty MIP; R => Randomized rounding;
     S => Solve LP; T => Evaluate node; U => Unbounded; X => User solution; Y => HiGHS solution;
     Z => ZI Round; l => Trivial lower; p => Trivial point; u => Trivial upper; z => Trivial zero

        Nodes      |    B&B Tree     |            Objective Bounds              |  Dynamic Constraints |       Work      
Src  Proc. InQueue |  Leaves   Expl. | BestBound       BestSol              Gap |   Cuts   InLp Confl. | LpIters     Time

 J       0       0         0   0.00%   -inf            0.6807738313       Large        0      0      0         0     0.4s
 T       0       0         0   0.00%   -9.744165318    -7.207840459      35.19%        0      0      0       695     0.5s
         1       0         1 100.00%   -7.207840459    -7.207840459       0.00%        0      0      0       695     0.5s

Solving report
  Status            Optimal
  Primal bound      -7.20784045896
  Dual bound        -7.20784045896
  Gap               0% (tolerance: 0.5%)
  P-D integral      0.45584678609
  Solution status   feasible
                    -7.20784045896 (objective)
                    0 (bound viol.)
                    0 (int. viol.)
                    0 (row viol.)
  Timing            0.46
  Max sub-MIP depth 0
  Nodes             1
  Repair LPs        0
  LP iterations     695
                    0 (strong br.)
                    0 (separation)
                    0 (heuristics)
MIP has 10753 rows; 9409 cols; 25537 nonzeros; 1344 integer variables (1344 binary)
Coefficient ranges:
  Matrix  [2e-01, 3e+00]
  Cost    [1e-02, 6e-02]
  Bound   [1e+00, 1e+00]
  RHS     [3e-17, 5e+00]
WARNING: Problem has some excessively small row bounds
Presolving model
8064 rows, 8922 cols, 22361 nonzeros 0s
5904 rows, 6936 cols, 16563 nonzeros 0s
3578 rows, 4655 cols, 10316 nonzeros 0s
3404 rows, 3296 cols, 7352 nonzeros 0s
1572 rows, 2413 cols, 4788 nonzeros 0s
1313 rows, 2154 cols, 4270 nonzeros 0s
Presolve reductions: rows 1313(-9440); columns 2154(-7255); nonzeros 4270(-21267) 

Solving MIP model with:
   1313 rows
   2154 cols (201 binary, 0 integer, 0 implied int., 1953 continuous, 0 domain fixed)
   4270 nonzeros

Src: B => Branching; C => Central rounding; F => Feasibility pump; H => Heuristic;
     I => Shifting; J => Feasibility jump; L => Sub-MIP; P => Empty MIP; R => Randomized rounding;
     S => Solve LP; T => Evaluate node; U => Unbounded; X => User solution; Y => HiGHS solution;
     Z => ZI Round; l => Trivial lower; p => Trivial point; u => Trivial upper; z => Trivial zero

        Nodes      |    B&B Tree     |            Objective Bounds              |  Dynamic Constraints |       Work      
Src  Proc. InQueue |  Leaves   Expl. | BestBound       BestSol              Gap |   Cuts   InLp Confl. | LpIters     Time

 J       0       0         0   0.00%   -inf            2.078646138        Large        0      0      0         0     0.4s
 T       0       0         0   0.00%   -6.335344445    -4.395236225      44.14%        0      0      0       543     0.4s
         1       0         1 100.00%   -4.395236225    -4.395236225       0.00%        0      0      0       543     0.4s

Solving report
  Status            Optimal
  Primal bound      -4.39523622539
  Dual bound        -4.39523622539
  Gap               0% (tolerance: 0.5%)
  P-D integral      0.0859959550537
  Solution status   feasible
                    -4.39523622539 (objective)
                    0 (bound viol.)
                    0 (int. viol.)
                    0 (row viol.)
  Timing            0.41
  Max sub-MIP depth 0
  Nodes             1
  Repair LPs        0
  LP iterations     543
                    0 (strong br.)
                    0 (separation)
                    0 (heuristics)
MIP has 10753 rows; 9409 cols; 25537 nonzeros; 1344 integer variables (1344 binary)
Coefficient ranges:
  Matrix  [2e-01, 3e+00]
  Cost    [1e-02, 6e-02]
  Bound   [1e+00, 1e+00]
  RHS     [1e-17, 5e+00]
WARNING: Problem has some excessively small row bounds
Presolving model
8064 rows, 9238 cols, 22677 nonzeros 0s
5613 rows, 6853 cols, 15973 nonzeros 0s
2937 rows, 4064 cols, 8632 nonzeros 0s
2733 rows, 2732 cols, 6013 nonzeros 0s
946 rows, 1650 cols, 3003 nonzeros 0s
749 rows, 1452 cols, 2608 nonzeros 0s
675 rows, 1375 cols, 2457 nonzeros 0s
Presolve reductions: rows 675(-10078); columns 1375(-8034); nonzeros 2457(-23080) 

Solving MIP model with:
   675 rows
   1375 cols (102 binary, 0 integer, 0 implied int., 1273 continuous, 0 domain fixed)
   2457 nonzeros

Src: B => Branching; C => Central rounding; F => Feasibility pump; H => Heuristic;
     I => Shifting; J => Feasibility jump; L => Sub-MIP; P => Empty MIP; R => Randomized rounding;
     S => Solve LP; T => Evaluate node; U => Unbounded; X => User solution; Y => HiGHS solution;
     Z => ZI Round; l => Trivial lower; p => Trivial point; u => Trivial upper; z => Trivial zero

        Nodes      |    B&B Tree     |            Objective Bounds              |  Dynamic Constraints |       Work      
Src  Proc. InQueue |  Leaves   Expl. | BestBound       BestSol              Gap |   Cuts   InLp Confl. | LpIters     Time

 J       0       0         0   0.00%   -inf            0.7356730868       Large        0      0      0         0     0.4s
 T       0       0         0   0.00%   -2.612547456    -1.67627688       55.85%        0      0      0       277     0.4s
         1       0         1 100.00%   -1.67627688     -1.67627688        0.00%        0      0      0       277     0.4s

Solving report
  Status            Optimal
  Primal bound      -1.67627687951
  Dual bound        -1.67627687951
  Gap               0% (tolerance: 0.5%)
  P-D integral      0.0535185704231
  Solution status   feasible
                    -1.67627687951 (objective)
                    0 (bound viol.)
                    0 (int. viol.)
                    0 (row viol.)
  Timing            0.40
  Max sub-MIP depth 0
  Nodes             1
  Repair LPs        0
  LP iterations     277
                    0 (strong br.)
                    0 (separation)
                    0 (heuristics)
MIP has 10753 rows; 9409 cols; 25537 nonzeros; 1344 integer variables (1344 binary)
Coefficient ranges:
  Matrix  [2e-01, 3e+00]
  Cost    [1e-02, 6e-02]
  Bound   [1e+00, 1e+00]
  RHS     [1e-17, 5e+00]
WARNING: Problem has some excessively small row bounds
Presolving model
8064 rows, 9134 cols, 22573 nonzeros 0s
5711 rows, 6887 cols, 16182 nonzeros 0s
3150 rows, 4275 cols, 9212 nonzeros 0s
2959 rows, 2884 cols, 6389 nonzeros 0s
1004 rows, 1751 cols, 3194 nonzeros 0s
785 rows, 1519 cols, 2741 nonzeros 0s
709 rows, 1316 cols, 2462 nonzeros 0s
Presolve reductions: rows 709(-10044); columns 1316(-8093); nonzeros 2462(-23075) 

Solving MIP model with:
   709 rows
   1316 cols (110 binary, 0 integer, 0 implied int., 1206 continuous, 0 domain fixed)
   2462 nonzeros

Src: B => Branching; C => Central rounding; F => Feasibility pump; H => Heuristic;
     I => Shifting; J => Feasibility jump; L => Sub-MIP; P => Empty MIP; R => Randomized rounding;
     S => Solve LP; T => Evaluate node; U => Unbounded; X => User solution; Y => HiGHS solution;
     Z => ZI Round; l => Trivial lower; p => Trivial point; u => Trivial upper; z => Trivial zero

        Nodes      |    B&B Tree     |            Objective Bounds              |  Dynamic Constraints |       Work      
Src  Proc. InQueue |  Leaves   Expl. | BestBound       BestSol              Gap |   Cuts   InLp Confl. | LpIters     Time

 J       0       0         0   0.00%   -inf            1.037940695        Large        0      0      0         0     0.4s
 T       0       0         0   0.00%   -3.0495027      -1.947342224      56.60%        0      0      0       287     0.4s
         1       0         1 100.00%   -1.947342224    -1.947342224       0.00%        0      0      0       287     0.4s

Solving report
  Status            Optimal
  Primal bound      -1.94734222407
  Dual bound        -1.94734222407
  Gap               0% (tolerance: 0.5%)
  P-D integral      0.0419255113771
  Solution status   feasible
                    -1.94734222407 (objective)
                    0 (bound viol.)
                    0 (int. viol.)
                    0 (row viol.)
  Timing            0.38
  Max sub-MIP depth 0
  Nodes             1
  Repair LPs        0
  LP iterations     287
                    0 (strong br.)
                    0 (separation)
                    0 (heuristics)
MIP has 10753 rows; 9409 cols; 25537 nonzeros; 1344 integer variables (1344 binary)
Coefficient ranges:
  Matrix  [2e-01, 3e+00]
  Cost    [1e-02, 6e-02]
  Bound   [1e+00, 1e+00]
  RHS     [4e-17, 5e+00]
WARNING: Problem has some excessively small row bounds
Presolving model
8064 rows, 8820 cols, 22259 nonzeros 0s
5977 rows, 6937 cols, 16694 nonzeros 0s
3742 rows, 4788 cols, 10731 nonzeros 0s
3580 rows, 3401 cols, 7622 nonzeros 0s
1644 rows, 2505 cols, 5008 nonzeros 0s
1369 rows, 2216 cols, 4444 nonzeros 0s
Presolve reductions: rows 1369(-9384); columns 2216(-7193); nonzeros 4444(-21093) 

Solving MIP model with:
   1369 rows
   2216 cols (215 binary, 0 integer, 0 implied int., 2001 continuous, 0 domain fixed)
   4444 nonzeros

Src: B => Branching; C => Central rounding; F => Feasibility pump; H => Heuristic;
     I => Shifting; J => Feasibility jump; L => Sub-MIP; P => Empty MIP; R => Randomized rounding;
     S => Solve LP; T => Evaluate node; U => Unbounded; X => User solution; Y => HiGHS solution;
     Z => ZI Round; l => Trivial lower; p => Trivial point; u => Trivial upper; z => Trivial zero

        Nodes      |    B&B Tree     |            Objective Bounds              |  Dynamic Constraints |       Work      
Src  Proc. InQueue |  Leaves   Expl. | BestBound       BestSol              Gap |   Cuts   InLp Confl. | LpIters     Time

 J       0       0         0   0.00%   -inf            1.872283723        Large        0      0      0         0     0.4s
 T       0       0         0   0.00%   -7.246360897    -5.007929784      44.70%        0      0      0       555     0.5s
         1       0         1 100.00%   -5.007929784    -5.007929784       0.00%        0      0      0       555     0.5s

Solving report
  Status            Optimal
  Primal bound      -5.00792978411
  Dual bound        -5.00792978411
  Gap               0% (tolerance: 0.5%)
  P-D integral      0.113263524047
  Solution status   feasible
                    -5.00792978411 (objective)
                    0 (bound viol.)
                    0 (int. viol.)
                    0 (row viol.)
  Timing            0.45
  Max sub-MIP depth 0
  Nodes             1
  Repair LPs        0
  LP iterations     555
                    0 (strong br.)
                    0 (separation)
                    0 (heuristics)
MIP has 10753 rows; 9409 cols; 25537 nonzeros; 1344 integer variables (1344 binary)
Coefficient ranges:
  Matrix  [2e-01, 3e+00]
  Cost    [1e-02, 6e-02]
  Bound   [1e+00, 1e+00]
  RHS     [1e-16, 5e+00]
WARNING: Problem has some excessively small row bounds
Presolving model
8064 rows, 8784 cols, 22223 nonzeros 0s
6032 rows, 6975 cols, 16826 nonzeros 0s
3836 rows, 4887 cols, 10986 nonzeros 0s
3682 rows, 3517 cols, 7878 nonzeros 0s
1762 rows, 2653 cols, 5342 nonzeros 0s
1493 rows, 2368 cols, 4788 nonzeros 0s
Presolve reductions: rows 1493(-9260); columns 2368(-7041); nonzeros 4788(-20749) 

Solving MIP model with:
   1493 rows
   2368 cols (232 binary, 0 integer, 0 implied int., 2136 continuous, 0 domain fixed)
   4788 nonzeros

Src: B => Branching; C => Central rounding; F => Feasibility pump; H => Heuristic;
     I => Shifting; J => Feasibility jump; L => Sub-MIP; P => Empty MIP; R => Randomized rounding;
     S => Solve LP; T => Evaluate node; U => Unbounded; X => User solution; Y => HiGHS solution;
     Z => ZI Round; l => Trivial lower; p => Trivial point; u => Trivial upper; z => Trivial zero

        Nodes      |    B&B Tree     |            Objective Bounds              |  Dynamic Constraints |       Work      
Src  Proc. InQueue |  Leaves   Expl. | BestBound       BestSol              Gap |   Cuts   InLp Confl. | LpIters     Time

 J       0       0         0   0.00%   -inf            2.91448215         Large        0      0      0         0     0.4s
 T       0       0         0   0.00%   -7.293229361    -4.842748288      50.60%        0      0      0       604     0.4s
         1       0         1 100.00%   -4.842748288    -4.842748288       0.00%        0      0      0       604     0.4s

Solving report
  Status            Optimal
  Primal bound      -4.84274828797
  Dual bound        -4.84274828797
  Gap               0% (tolerance: 0.5%)
  P-D integral      0.0799945576415
  Solution status   feasible
                    -4.84274828797 (objective)
                    0 (bound viol.)
                    0 (int. viol.)
                    0 (row viol.)
  Timing            0.42
  Max sub-MIP depth 0
  Nodes             1
  Repair LPs        0
  LP iterations     604
                    0 (strong br.)
                    0 (separation)
                    0 (heuristics)
MIP has 10753 rows; 9409 cols; 25537 nonzeros; 1344 integer variables (1344 binary)
Coefficient ranges:
  Matrix  [2e-01, 3e+00]
  Cost    [1e-02, 6e-02]
  Bound   [1e+00, 1e+00]
  RHS     [3e-04, 6e+00]
Presolving model
8064 rows, 8776 cols, 22215 nonzeros 0s
6062 rows, 7003 cols, 16896 nonzeros 0s
3930 rows, 5008 cols, 11249 nonzeros 0s
3781 rows, 3627 cols, 8039 nonzeros 0s
1801 rows, 2767 cols, 5495 nonzeros 0s
1534 rows, 2488 cols, 4949 nonzeros 0s
Presolve reductions: rows 1534(-9219); columns 2488(-6921); nonzeros 4949(-20588) 

Solving MIP model with:
   1534 rows
   2488 cols (232 binary, 0 integer, 0 implied int., 2256 continuous, 0 domain fixed)
   4949 nonzeros

Src: B => Branching; C => Central rounding; F => Feasibility pump; H => Heuristic;
     I => Shifting; J => Feasibility jump; L => Sub-MIP; P => Empty MIP; R => Randomized rounding;
     S => Solve LP; T => Evaluate node; U => Unbounded; X => User solution; Y => HiGHS solution;
     Z => ZI Round; l => Trivial lower; p => Trivial point; u => Trivial upper; z => Trivial zero

        Nodes      |    B&B Tree     |            Objective Bounds              |  Dynamic Constraints |       Work      
Src  Proc. InQueue |  Leaves   Expl. | BestBound       BestSol              Gap |   Cuts   InLp Confl. | LpIters     Time

 J       0       0         0   0.00%   -inf            3.370313153        Large        0      0      0         0     0.4s
 T       0       0         0   0.00%   -6.692403736    -4.337582152      54.29%        0      0      0       650     0.4s
         1       0         1 100.00%   -4.337582152    -4.337582152       0.00%        0      0      0       650     0.4s

Solving report
  Status            Optimal
  Primal bound      -4.33758215185
  Dual bound        -4.33758215185
  Gap               0% (tolerance: 0.5%)
  P-D integral      0.0800551166915
  Solution status   feasible
                    -4.33758215185 (objective)
                    0 (bound viol.)
                    0 (int. viol.)
                    0 (row viol.)
  Timing            0.43
  Max sub-MIP depth 0
  Nodes             1
  Repair LPs        0
  LP iterations     650
                    0 (strong br.)
                    0 (separation)
                    0 (heuristics)
MIP has 10753 rows; 9409 cols; 25537 nonzeros; 1344 integer variables (1344 binary)
Coefficient ranges:
  Matrix  [2e-01, 3e+00]
  Cost    [1e-02, 6e-02]
  Bound   [1e+00, 1e+00]
  RHS     [2e-15, 6e+00]
WARNING: Problem has some excessively small row bounds
Presolving model
8064 rows, 8714 cols, 22153 nonzeros 0s
6123 rows, 7024 cols, 17022 nonzeros 0s
3990 rows, 5029 cols, 11374 nonzeros 0s
3845 rows, 3560 cols, 7870 nonzeros 0s
1729 rows, 2704 cols, 5300 nonzeros 0s
1434 rows, 2408 cols, 4709 nonzeros 0s
Presolve reductions: rows 1434(-9319); columns 2408(-7001); nonzeros 4709(-20828) 

Solving MIP model with:
   1434 rows
   2408 cols (217 binary, 0 integer, 0 implied int., 2191 continuous, 0 domain fixed)
   4709 nonzeros

Src: B => Branching; C => Central rounding; F => Feasibility pump; H => Heuristic;
     I => Shifting; J => Feasibility jump; L => Sub-MIP; P => Empty MIP; R => Randomized rounding;
     S => Solve LP; T => Evaluate node; U => Unbounded; X => User solution; Y => HiGHS solution;
     Z => ZI Round; l => Trivial lower; p => Trivial point; u => Trivial upper; z => Trivial zero

        Nodes      |    B&B Tree     |            Objective Bounds              |  Dynamic Constraints |       Work      
Src  Proc. InQueue |  Leaves   Expl. | BestBound       BestSol              Gap |   Cuts   InLp Confl. | LpIters     Time

 J       0       0         0   0.00%   -inf            3.800067878        Large        0      0      0         0     0.4s
         0       0         0   0.00%   -4.29124706     3.800067878      212.93%        0      0      2       615     0.4s
 C       0       0         0   0.00%   -4.29124706     -4.29124706        0.00%        0      0      2       616     0.5s
         1       0         1 100.00%   -4.29124706     -4.29124706        0.00%        0      0      2       616     0.5s

Solving report
  Status            Optimal
  Primal bound      -4.29124706037
  Dual bound        -4.29124706037
  Gap               0% (tolerance: 0.5%)
  P-D integral      0.162573036276
  Solution status   feasible
                    -4.29124706037 (objective)
                    0 (bound viol.)
                    0 (int. viol.)
                    0 (row viol.)
  Timing            0.48
  Max sub-MIP depth 0
  Nodes             1
  Repair LPs        0
  LP iterations     616
                    0 (strong br.)
                    1 (separation)
                    0 (heuristics)
MIP has 10753 rows; 9409 cols; 25537 nonzeros; 1344 integer variables (1344 binary)
Coefficient ranges:
  Matrix  [2e-01, 3e+00]
  Cost    [1e-02, 6e-02]
  Bound   [1e+00, 1e+00]
  RHS     [2e-15, 5e+00]
WARNING: Problem has some excessively small row bounds
Presolving model
8064 rows, 8729 cols, 22168 nonzeros 0s
6100 rows, 7013 cols, 16980 nonzeros 0s
3975 rows, 5029 cols, 11367 nonzeros 0s
3821 rows, 3623 cols, 8127 nonzeros 0s
1846 rows, 2768 cols, 5593 nonzeros 0s
1578 rows, 2482 cols, 5039 nonzeros 0s
Presolve reductions: rows 1578(-9175); columns 2482(-6927); nonzeros 5039(-20498) 

Solving MIP model with:
   1578 rows
   2482 cols (245 binary, 0 integer, 0 implied int., 2237 continuous, 0 domain fixed)
   5039 nonzeros

Src: B => Branching; C => Central rounding; F => Feasibility pump; H => Heuristic;
     I => Shifting; J => Feasibility jump; L => Sub-MIP; P => Empty MIP; R => Randomized rounding;
     S => Solve LP; T => Evaluate node; U => Unbounded; X => User solution; Y => HiGHS solution;
     Z => ZI Round; l => Trivial lower; p => Trivial point; u => Trivial upper; z => Trivial zero

        Nodes      |    B&B Tree     |            Objective Bounds              |  Dynamic Constraints |       Work      
Src  Proc. InQueue |  Leaves   Expl. | BestBound       BestSol              Gap |   Cuts   InLp Confl. | LpIters     Time

         0       0         0   0.00%   -6.913964559    inf                  inf        0      0      0         0     0.4s
 T       0       0         0   0.00%   -6.913964559    -4.467140894      54.77%        0      0      0       634     0.4s
         1       0         1 100.00%   -4.467140894    -4.467140894       0.00%        0      0      0       634     0.4s

Solving report
  Status            Optimal
  Primal bound      -4.46714089436
  Dual bound        -4.46714089436
  Gap               0% (tolerance: 0.5%)
  P-D integral      3.82868960546e-05
  Solution status   feasible
                    -4.46714089436 (objective)
                    0 (bound viol.)
                    0 (int. viol.)
                    0 (row viol.)
  Timing            0.44
  Max sub-MIP depth 0
  Nodes             1
  Repair LPs        0
  LP iterations     634
                    0 (strong br.)
                    0 (separation)
                    0 (heuristics)
MIP has 10753 rows; 9409 cols; 25537 nonzeros; 1344 integer variables (1344 binary)
Coefficient ranges:
  Matrix  [2e-01, 3e+00]
  Cost    [1e-02, 6e-02]
  Bound   [1e+00, 1e+00]
  RHS     [5e-03, 5e+00]
Presolving model
8064 rows, 8743 cols, 22182 nonzeros 0s
6083 rows, 7003 cols, 16941 nonzeros 0s
3944 rows, 4992 cols, 11275 nonzeros 0s
3789 rows, 3629 cols, 8152 nonzeros 0s
1912 rows, 2822 cols, 5765 nonzeros 0s
1650 rows, 2534 cols, 5215 nonzeros 0s
Presolve reductions: rows 1650(-9103); columns 2534(-6875); nonzeros 5215(-20322) 

Solving MIP model with:
   1650 rows
   2534 cols (258 binary, 0 integer, 0 implied int., 2276 continuous, 0 domain fixed)
   5215 nonzeros

Src: B => Branching; C => Central rounding; F => Feasibility pump; H => Heuristic;
     I => Shifting; J => Feasibility jump; L => Sub-MIP; P => Empty MIP; R => Randomized rounding;
     S => Solve LP; T => Evaluate node; U => Unbounded; X => User solution; Y => HiGHS solution;
     Z => ZI Round; l => Trivial lower; p => Trivial point; u => Trivial upper; z => Trivial zero

        Nodes      |    B&B Tree     |            Objective Bounds              |  Dynamic Constraints |       Work      
Src  Proc. InQueue |  Leaves   Expl. | BestBound       BestSol              Gap |   Cuts   InLp Confl. | LpIters     Time

         0       0         0   0.00%   -7.077406971    inf                  inf        0      0      0         0     0.4s
 T       0       0         0   0.00%   -7.077406971    -4.142850059      70.83%        0      0      0       653     0.4s
         1       0         1 100.00%   -4.142850059    -4.142850059       0.00%        0      0      0       653     0.4s

Solving report
  Status            Optimal
  Primal bound      -4.14285005946
  Dual bound        -4.14285005946
  Gap               0% (tolerance: 0.5%)
  P-D integral      4.7175611256e-05
  Solution status   feasible
                    -4.14285005946 (objective)
                    0 (bound viol.)
                    0 (int. viol.)
                    0 (row viol.)
  Timing            0.42
  Max sub-MIP depth 0
  Nodes             1
  Repair LPs        0
  LP iterations     653
                    0 (strong br.)
                    0 (separation)
                    0 (heuristics)
MIP has 10753 rows; 9409 cols; 25537 nonzeros; 1344 integer variables (1344 binary)
Coefficient ranges:
  Matrix  [2e-01, 3e+00]
  Cost    [1e-02, 6e-02]
  Bound   [1e+00, 1e+00]
  RHS     [3e-03, 5e+00]
Presolving model
8064 rows, 8652 cols, 22091 nonzeros 0s
6091 rows, 6922 cols, 16872 nonzeros 0s
3986 rows, 4966 cols, 11315 nonzeros 0s
3846 rows, 3493 cols, 7821 nonzeros 0s
1695 rows, 2596 cols, 5150 nonzeros 0s
1403 rows, 2169 cols, 4197 nonzeros 0s
1094 rows, 1963 cols, 3736 nonzeros 0s
Presolve reductions: rows 1094(-9659); columns 1963(-7446); nonzeros 3736(-21801) 

Solving MIP model with:
   1094 rows
   1963 cols (170 binary, 0 integer, 0 implied int., 1793 continuous, 0 domain fixed)
   3736 nonzeros

Src: B => Branching; C => Central rounding; F => Feasibility pump; H => Heuristic;
     I => Shifting; J => Feasibility jump; L => Sub-MIP; P => Empty MIP; R => Randomized rounding;
     S => Solve LP; T => Evaluate node; U => Unbounded; X => User solution; Y => HiGHS solution;
     Z => ZI Round; l => Trivial lower; p => Trivial point; u => Trivial upper; z => Trivial zero

        Nodes      |    B&B Tree     |            Objective Bounds              |  Dynamic Constraints |       Work      
Src  Proc. InQueue |  Leaves   Expl. | BestBound       BestSol              Gap |   Cuts   InLp Confl. | LpIters     Time

 J       0       0         0   0.00%   -inf            6.635825915        Large        0      0      0         0     0.4s
 T       0       0         0   0.00%   -4.987817142    -0.8170141592    510.49%        0      0      0       441     0.4s
         1       0         1 100.00%   -0.8170141592   -0.8170141592      0.00%        0      0      0       441     0.4s

Solving report
  Status            Optimal
  Primal bound      -0.817014159187
  Dual bound        -0.817014159187
  Gap               0% (tolerance: 0.5%)
  P-D integral      0.0342300668519
  Solution status   feasible
                    -0.817014159187 (objective)
                    0 (bound viol.)
                    0 (int. viol.)
                    0 (row viol.)
  Timing            0.43
  Max sub-MIP depth 0
  Nodes             1
  Repair LPs        0
  LP iterations     441
                    0 (strong br.)
                    0 (separation)
                    0 (heuristics)
MIP has 10753 rows; 9409 cols; 25537 nonzeros; 1344 integer variables (1344 binary)
Coefficient ranges:
  Matrix  [2e-01, 3e+00]
  Cost    [1e-02, 6e-02]
  Bound   [1e+00, 1e+00]
  RHS     [2e-17, 5e+00]
WARNING: Problem has some excessively small row bounds
Presolving model
8064 rows, 8560 cols, 21999 nonzeros 0s
6153 rows, 6914 cols, 16970 nonzeros 0s
4046 rows, 4958 cols, 11411 nonzeros 0s
3928 rows, 3531 cols, 7958 nonzeros 0s
1823 rows, 2698 cols, 5464 nonzeros 0s
1567 rows, 2119 cols, 4017 nonzeros 0s
874 rows, 1834 cols, 3175 nonzeros 0s
762 rows, 1634 cols, 2863 nonzeros 0s
Presolve reductions: rows 762(-9991); columns 1634(-7775); nonzeros 2863(-22674) 

Solving MIP model with:
   762 rows
   1634 cols (117 binary, 0 integer, 0 implied int., 1517 continuous, 0 domain fixed)
   2863 nonzeros

Src: B => Branching; C => Central rounding; F => Feasibility pump; H => Heuristic;
     I => Shifting; J => Feasibility jump; L => Sub-MIP; P => Empty MIP; R => Randomized rounding;
     S => Solve LP; T => Evaluate node; U => Unbounded; X => User solution; Y => HiGHS solution;
     Z => ZI Round; l => Trivial lower; p => Trivial point; u => Trivial upper; z => Trivial zero

        Nodes      |    B&B Tree     |            Objective Bounds              |  Dynamic Constraints |       Work      
Src  Proc. InQueue |  Leaves   Expl. | BestBound       BestSol              Gap |   Cuts   InLp Confl. | LpIters     Time

 J       0       0         0   0.00%   -inf            8.075783299        Large        0      0      0         0     0.4s
 T       0       0         0   0.00%   -3.389515793    1.387173736      344.35%        0      0      0       304     0.4s
         1       0         1 100.00%   1.387173736     1.387173736        0.00%        0      0      0       304     0.4s

Solving report
  Status            Optimal
  Primal bound      1.38717373581
  Dual bound        1.38717373581
  Gap               0% (tolerance: 0.5%)
  P-D integral      0.0212384265262
  Solution status   feasible
                    1.38717373581 (objective)
                    0 (bound viol.)
                    0 (int. viol.)
                    0 (row viol.)
  Timing            0.41
  Max sub-MIP depth 0
  Nodes             1
  Repair LPs        0
  LP iterations     304
                    0 (strong br.)
                    0 (separation)
                    0 (heuristics)
MIP has 10753 rows; 9409 cols; 25537 nonzeros; 1344 integer variables (1344 binary)
Coefficient ranges:
  Matrix  [2e-01, 3e+00]
  Cost    [1e-02, 6e-02]
  Bound   [1e+00, 1e+00]
  RHS     [7e-18, 5e+00]
WARNING: Problem has some excessively small row bounds
Presolving model
8064 rows, 8529 cols, 21968 nonzeros 0s
6120 rows, 6841 cols, 16844 nonzeros 0s
4074 rows, 4959 cols, 11452 nonzeros 0s
3947 rows, 3532 cols, 8002 nonzeros 0s
1831 rows, 2680 cols, 5454 nonzeros 0s
1583 rows, 2044 cols, 3823 nonzeros 0s
770 rows, 1729 cols, 2886 nonzeros 0s
633 rows, 1488 cols, 2508 nonzeros 0s
Presolve reductions: rows 633(-10120); columns 1488(-7921); nonzeros 2508(-23029) 

Solving MIP model with:
   633 rows
   1488 cols (97 binary, 0 integer, 0 implied int., 1391 continuous, 0 domain fixed)
   2508 nonzeros

Src: B => Branching; C => Central rounding; F => Feasibility pump; H => Heuristic;
     I => Shifting; J => Feasibility jump; L => Sub-MIP; P => Empty MIP; R => Randomized rounding;
     S => Solve LP; T => Evaluate node; U => Unbounded; X => User solution; Y => HiGHS solution;
     Z => ZI Round; l => Trivial lower; p => Trivial point; u => Trivial upper; z => Trivial zero

        Nodes      |    B&B Tree     |            Objective Bounds              |  Dynamic Constraints |       Work      
Src  Proc. InQueue |  Leaves   Expl. | BestBound       BestSol              Gap |   Cuts   InLp Confl. | LpIters     Time

 J       0       0         0   0.00%   -inf            7.716384553        Large        0      0      0         0     0.4s
 T       0       0         0   0.00%   -2.871279397    2.151961212      233.43%        0      0      0       256     0.4s
         1       0         1 100.00%   2.151961212     2.151961212        0.00%        0      0      0       256     0.4s

Solving report
  Status            Optimal
  Primal bound      2.15196121189
  Dual bound        2.15196121189
  Gap               0% (tolerance: 0.5%)
  P-D integral      0.018217178513
  Solution status   feasible
                    2.15196121189 (objective)
                    0 (bound viol.)
                    0 (int. viol.)
                    0 (row viol.)
  Timing            0.40
  Max sub-MIP depth 0
  Nodes             1
  Repair LPs        0
  LP iterations     256
                    0 (strong br.)
                    0 (separation)
                    0 (heuristics)
MIP has 10753 rows; 9409 cols; 25537 nonzeros; 1344 integer variables (1344 binary)
Coefficient ranges:
  Matrix  [2e-01, 3e+00]
  Cost    [1e-02, 6e-02]
  Bound   [1e+00, 1e+00]
  RHS     [7e-18, 5e+00]
WARNING: Problem has some excessively small row bounds
Presolving model
8064 rows, 8500 cols, 21939 nonzeros 0s
6115 rows, 6808 cols, 16806 nonzeros 0s
4045 rows, 4898 cols, 11354 nonzeros 0s
3924 rows, 3476 cols, 7897 nonzeros 0s
1847 rows, 2675 cols, 5481 nonzeros 0s
1612 rows, 1980 cols, 3681 nonzeros 0s
621 rows, 1565 cols, 2465 nonzeros 0s
459 rows, 1399 cols, 2137 nonzeros 0s
451 rows, 1232 cols, 1962 nonzeros 0s
Presolve reductions: rows 451(-10302); columns 1232(-8177); nonzeros 1962(-23575) 

Solving MIP model with:
   451 rows
   1232 cols (70 binary, 0 integer, 0 implied int., 1162 continuous, 0 domain fixed)
   1962 nonzeros

Src: B => Branching; C => Central rounding; F => Feasibility pump; H => Heuristic;
     I => Shifting; J => Feasibility jump; L => Sub-MIP; P => Empty MIP; R => Randomized rounding;
     S => Solve LP; T => Evaluate node; U => Unbounded; X => User solution; Y => HiGHS solution;
     Z => ZI Round; l => Trivial lower; p => Trivial point; u => Trivial upper; z => Trivial zero

        Nodes      |    B&B Tree     |            Objective Bounds              |  Dynamic Constraints |       Work      
Src  Proc. InQueue |  Leaves   Expl. | BestBound       BestSol              Gap |   Cuts   InLp Confl. | LpIters     Time

 J       0       0         0   0.00%   -inf            9.739311672        Large        0      0      0         0     0.4s
 T       0       0         0   0.00%   -2.166356127    4.63576964       146.73%        0      0      0       180     0.4s
         1       0         1 100.00%   4.63576964      4.63576964         0.00%        0      0      0       180     0.4s

Solving report
  Status            Optimal
  Primal bound      4.63576963972
  Dual bound        4.63576963972
  Gap               0% (tolerance: 0.5%)
  P-D integral      0.0127917675075
  Solution status   feasible
                    4.63576963972 (objective)
                    0 (bound viol.)
                    0 (int. viol.)
                    0 (row viol.)
  Timing            0.43
  Max sub-MIP depth 0
  Nodes             1
  Repair LPs        0
  LP iterations     180
                    0 (strong br.)
                    0 (separation)
                    0 (heuristics)
MIP has 10753 rows; 9409 cols; 25537 nonzeros; 1344 integer variables (1344 binary)
Coefficient ranges:
  Matrix  [2e-01, 3e+00]
  Cost    [1e-02, 6e-02]
  Bound   [1e+00, 1e+00]
  RHS     [7e-18, 5e+00]
WARNING: Problem has some excessively small row bounds
Presolving model
8064 rows, 8469 cols, 21908 nonzeros 0s
6138 rows, 6807 cols, 16844 nonzeros 0s
4108 rows, 4951 cols, 11510 nonzeros 0s
3996 rows, 3555 cols, 8085 nonzeros 0s
1908 rows, 2745 cols, 5652 nonzeros 0s
1670 rows, 2020 cols, 3759 nonzeros 0s
644 rows, 1611 cols, 2546 nonzeros 0s
483 rows, 1411 cols, 2185 nonzeros 0s
476 rows, 1282 cols, 2049 nonzeros 0s
Presolve reductions: rows 476(-10277); columns 1282(-8127); nonzeros 2049(-23488) 

Solving MIP model with:
   476 rows
   1282 cols (73 binary, 0 integer, 0 implied int., 1209 continuous, 0 domain fixed)
   2049 nonzeros

Src: B => Branching; C => Central rounding; F => Feasibility pump; H => Heuristic;
     I => Shifting; J => Feasibility jump; L => Sub-MIP; P => Empty MIP; R => Randomized rounding;
     S => Solve LP; T => Evaluate node; U => Unbounded; X => User solution; Y => HiGHS solution;
     Z => ZI Round; l => Trivial lower; p => Trivial point; u => Trivial upper; z => Trivial zero

        Nodes      |    B&B Tree     |            Objective Bounds              |  Dynamic Constraints |       Work      
Src  Proc. InQueue |  Leaves   Expl. | BestBound       BestSol              Gap |   Cuts   InLp Confl. | LpIters     Time

 J       0       0         0   0.00%   -inf            13.25420902        Large        0      0      0         0     0.4s
 T       0       0         0   0.00%   -2.054756947    6.695281972      130.69%        0      0      0       209     0.4s
         1       0         1 100.00%   6.695281972     6.695281972        0.00%        0      0      0       209     0.4s

Solving report
  Status            Optimal
  Primal bound      6.69528197197
  Dual bound        6.69528197197
  Gap               0% (tolerance: 0.5%)
  P-D integral      0.0111824712976
  Solution status   feasible
                    6.69528197197 (objective)
                    0 (bound viol.)
                    0 (int. viol.)
                    0 (row viol.)
  Timing            0.44
  Max sub-MIP depth 0
  Nodes             1
  Repair LPs        0
  LP iterations     209
                    0 (strong br.)
                    0 (separation)
                    0 (heuristics)
MIP has 10753 rows; 9409 cols; 25537 nonzeros; 1344 integer variables (1344 binary)
Coefficient ranges:
  Matrix  [2e-01, 3e+00]
  Cost    [1e-02, 6e-02]
  Bound   [1e+00, 1e+00]
  RHS     [5e-17, 5e+00]
WARNING: Problem has some excessively small row bounds
Presolving model
8064 rows, 8493 cols, 21932 nonzeros 0s
6150 rows, 6846 cols, 16903 nonzeros 0s
4116 rows, 4982 cols, 11549 nonzeros 0s
4009 rows, 3602 cols, 8157 nonzeros 0s
1892 rows, 2755 cols, 5626 nonzeros 0s
1643 rows, 2058 cols, 3831 nonzeros 0s
676 rows, 1651 cols, 2646 nonzeros 0s
521 rows, 1400 cols, 2240 nonzeros 0s
521 rows, 1334 cols, 2174 nonzeros 0s
Presolve reductions: rows 521(-10232); columns 1334(-8075); nonzeros 2174(-23363) 

Solving MIP model with:
   521 rows
   1334 cols (80 binary, 0 integer, 0 implied int., 1254 continuous, 0 domain fixed)
   2174 nonzeros

Src: B => Branching; C => Central rounding; F => Feasibility pump; H => Heuristic;
     I => Shifting; J => Feasibility jump; L => Sub-MIP; P => Empty MIP; R => Randomized rounding;
     S => Solve LP; T => Evaluate node; U => Unbounded; X => User solution; Y => HiGHS solution;
     Z => ZI Round; l => Trivial lower; p => Trivial point; u => Trivial upper; z => Trivial zero

        Nodes      |    B&B Tree     |            Objective Bounds              |  Dynamic Constraints |       Work      
Src  Proc. InQueue |  Leaves   Expl. | BestBound       BestSol              Gap |   Cuts   InLp Confl. | LpIters     Time

 J       0       0         0   0.00%   -inf            13.01515423        Large        0      0      0         0     0.4s
 T       0       0         0   0.00%   -2.17922944     6.419568793      133.95%        0      0      0       217     0.4s
         1       0         1 100.00%   6.419568793     6.419568793        0.00%        0      0      0       217     0.4s

Solving report
  Status            Optimal
  Primal bound      6.41956879276
  Dual bound        6.41956879276
  Gap               0% (tolerance: 0.5%)
  P-D integral      0.0109234326594
  Solution status   feasible
                    6.41956879276 (objective)
                    0 (bound viol.)
                    0 (int. viol.)
                    0 (row viol.)
  Timing            0.38
  Max sub-MIP depth 0
  Nodes             1
  Repair LPs        0
  LP iterations     217
                    0 (strong br.)
                    0 (separation)
                    0 (heuristics)
MIP has 10753 rows; 9409 cols; 25537 nonzeros; 1344 integer variables (1344 binary)
Coefficient ranges:
  Matrix  [2e-01, 3e+00]
  Cost    [1e-02, 6e-02]
  Bound   [1e+00, 1e+00]
  RHS     [1e-17, 5e+00]
WARNING: Problem has some excessively small row bounds
Presolving model
8064 rows, 8504 cols, 21943 nonzeros 0s
6129 rows, 6826 cols, 16842 nonzeros 0s
4071 rows, 4936 cols, 11422 nonzeros 0s
3962 rows, 3550 cols, 8016 nonzeros 0s
1862 rows, 2723 cols, 5536 nonzeros 0s
1622 rows, 1976 cols, 3589 nonzeros 0s
557 rows, 1534 cols, 2310 nonzeros 0s
401 rows, 1368 cols, 1988 nonzeros 0s
378 rows, 1161 cols, 1758 nonzeros 0s
Presolve reductions: rows 378(-10375); columns 1161(-8248); nonzeros 1758(-23779) 

Solving MIP model with:
   378 rows
   1161 cols (55 binary, 0 integer, 0 implied int., 1106 continuous, 0 domain fixed)
   1758 nonzeros

Src: B => Branching; C => Central rounding; F => Feasibility pump; H => Heuristic;
     I => Shifting; J => Feasibility jump; L => Sub-MIP; P => Empty MIP; R => Randomized rounding;
     S => Solve LP; T => Evaluate node; U => Unbounded; X => User solution; Y => HiGHS solution;
     Z => ZI Round; l => Trivial lower; p => Trivial point; u => Trivial upper; z => Trivial zero

        Nodes      |    B&B Tree     |            Objective Bounds              |  Dynamic Constraints |       Work      
Src  Proc. InQueue |  Leaves   Expl. | BestBound       BestSol              Gap |   Cuts   InLp Confl. | LpIters     Time

 J       0       0         0   0.00%   -inf            13.94981714        Large        0      0      0         0     0.4s
 T       0       0         0   0.00%   -0.9756243699   10.07818035      109.68%        0      0      0       154     0.4s
         1       0         1 100.00%   10.07818035     10.07818035        0.00%        0      0      0       154     0.4s

Solving report
  Status            Optimal
  Primal bound      10.0781803507
  Dual bound        10.0781803507
  Gap               0% (tolerance: 0.5%)
  P-D integral      0.00934739769649
  Solution status   feasible
                    10.0781803507 (objective)
                    0 (bound viol.)
                    0 (int. viol.)
                    0 (row viol.)
  Timing            0.41
  Max sub-MIP depth 0
  Nodes             1
  Repair LPs        0
  LP iterations     154
                    0 (strong br.)
                    0 (separation)
                    0 (heuristics)
MIP has 10753 rows; 9409 cols; 25537 nonzeros; 1344 integer variables (1344 binary)
Coefficient ranges:
  Matrix  [2e-01, 3e+00]
  Cost    [1e-02, 6e-02]
  Bound   [1e+00, 1e+00]
  RHS     [1e-17, 5e+00]
WARNING: Problem has some excessively small row bounds
Presolving model
8064 rows, 8538 cols, 21977 nonzeros 0s
6129 rows, 6858 cols, 16870 nonzeros 0s
4051 rows, 4941 cols, 11387 nonzeros 0s
3942 rows, 3552 cols, 7990 nonzeros 0s
1835 rows, 2711 cols, 5465 nonzeros 0s
1600 rows, 1914 cols, 3380 nonzeros 0s
425 rows, 1441 cols, 1969 nonzeros 0s
284 rows, 1297 cols, 1684 nonzeros 0s
226 rows, 1008 cols, 1337 nonzeros 0s
223 rows, 1005 cols, 1331 nonzeros 0s
Presolve reductions: rows 223(-10530); columns 1005(-8404); nonzeros 1331(-24206) 

Solving MIP model with:
   223 rows
   1005 cols (26 binary, 0 integer, 0 implied int., 979 continuous, 0 domain fixed)
   1331 nonzeros

Src: B => Branching; C => Central rounding; F => Feasibility pump; H => Heuristic;
     I => Shifting; J => Feasibility jump; L => Sub-MIP; P => Empty MIP; R => Randomized rounding;
     S => Solve LP; T => Evaluate node; U => Unbounded; X => User solution; Y => HiGHS solution;
     Z => ZI Round; l => Trivial lower; p => Trivial point; u => Trivial upper; z => Trivial zero

        Nodes      |    B&B Tree     |            Objective Bounds              |  Dynamic Constraints |       Work      
Src  Proc. InQueue |  Leaves   Expl. | BestBound       BestSol              Gap |   Cuts   InLp Confl. | LpIters     Time

 J       0       0         0   0.00%   -inf            16.81558823        Large        0      0      0         0     0.4s
 T       0       0         0   0.00%   -0.2642954671   15.49092271      101.71%        0      0      0        77     0.4s
         1       0         1 100.00%   15.49092271     15.49092271        0.00%        0      0      0        77     0.4s

Solving report
  Status            Optimal
  Primal bound      15.4909227147
  Dual bound        15.4909227147
  Gap               0% (tolerance: 0.5%)
  P-D integral      0.00855423399139
  Solution status   feasible
                    15.4909227147 (objective)
                    0 (bound viol.)
                    0 (int. viol.)
                    0 (row viol.)
  Timing            0.43
  Max sub-MIP depth 0
  Nodes             1
  Repair LPs        0
  LP iterations     77
                    0 (strong br.)
                    0 (separation)
                    0 (heuristics)
MIP has 10753 rows; 9409 cols; 25537 nonzeros; 1344 integer variables (1344 binary)
Coefficient ranges:
  Matrix  [2e-01, 3e+00]
  Cost    [1e-02, 6e-02]
  Bound   [1e+00, 1e+00]
  RHS     [7e-18, 5e+00]
WARNING: Problem has some excessively small row bounds
Presolving model
8064 rows, 8533 cols, 21972 nonzeros 0s
6115 rows, 6836 cols, 16826 nonzeros 0s
4037 rows, 4920 cols, 11344 nonzeros 0s
3928 rows, 3526 cols, 7951 nonzeros 0s
1798 rows, 2656 cols, 5353 nonzeros 0s
1555 rows, 1861 cols, 3274 nonzeros 0s
351 rows, 1082 cols, 1512 nonzeros 0s
252 rows, 904 cols, 1235 nonzeros 0s
188 rows, 742 cols, 1009 nonzeros 0s
155 rows, 626 cols, 860 nonzeros 0s
132 rows, 529 cols, 740 nonzeros 0s
124 rows, 431 cols, 634 nonzeros 0s
123 rows, 428 cols, 630 nonzeros 0s
Presolve reductions: rows 123(-10630); columns 428(-8981); nonzeros 630(-24907) 

Solving MIP model with:
   123 rows
   428 cols (20 binary, 0 integer, 0 implied int., 408 continuous, 0 domain fixed)
   630 nonzeros

Src: B => Branching; C => Central rounding; F => Feasibility pump; H => Heuristic;
     I => Shifting; J => Feasibility jump; L => Sub-MIP; P => Empty MIP; R => Randomized rounding;
     S => Solve LP; T => Evaluate node; U => Unbounded; X => User solution; Y => HiGHS solution;
     Z => ZI Round; l => Trivial lower; p => Trivial point; u => Trivial upper; z => Trivial zero

        Nodes      |    B&B Tree     |            Objective Bounds              |  Dynamic Constraints |       Work      
Src  Proc. InQueue |  Leaves   Expl. | BestBound       BestSol              Gap |   Cuts   InLp Confl. | LpIters     Time

 J       0       0         0   0.00%   -inf            14.42120329        Large        0      0      0         0     0.4s
 T       0       0         0   0.00%   9.995452391     13.80061359       27.57%        0      0      0        44     0.4s
         1       0         1 100.00%   13.80061359     13.80061359        0.00%        0      0      0        44     0.4s

Solving report
  Status            Optimal
  Primal bound      13.8006135871
  Dual bound        13.8006135871
  Gap               0% (tolerance: 0.5%)
  P-D integral      0.0014460721757
  Solution status   feasible
                    13.8006135871 (objective)
                    0 (bound viol.)
                    0 (int. viol.)
                    0 (row viol.)
  Timing            0.38
  Max sub-MIP depth 0
  Nodes             1
  Repair LPs        0
  LP iterations     44
                    0 (strong br.)
                    0 (separation)
                    0 (heuristics)
MIP has 10753 rows; 9409 cols; 25537 nonzeros; 1344 integer variables (1344 binary)
Coefficient ranges:
  Matrix  [2e-01, 3e+00]
  Cost    [1e-02, 6e-02]
  Bound   [1e+00, 1e+00]
  RHS     [7e-18, 5e+00]
WARNING: Problem has some excessively small row bounds
Presolving model
8064 rows, 8346 cols, 21785 nonzeros 0s
6195 rows, 6765 cols, 16903 nonzeros 0s
4168 rows, 4922 cols, 11585 nonzeros 0s
4062 rows, 3551 cols, 8155 nonzeros 0s
2050 rows, 2832 cols, 5965 nonzeros 0s
1829 rows, 1884 cols, 3429 nonzeros 0s
340 rows, 1280 cols, 1667 nonzeros 0s
162 rows, 1086 cols, 1293 nonzeros 0s
89 rows, 957 cols, 1091 nonzeros 0s
79 rows, 851 cols, 975 nonzeros 0s
Presolve reductions: rows 79(-10674); columns 851(-8558); nonzeros 975(-24562) 

Solving MIP model with:
   79 rows
   851 cols (12 binary, 0 integer, 0 implied int., 839 continuous, 0 domain fixed)
   975 nonzeros

Src: B => Branching; C => Central rounding; F => Feasibility pump; H => Heuristic;
     I => Shifting; J => Feasibility jump; L => Sub-MIP; P => Empty MIP; R => Randomized rounding;
     S => Solve LP; T => Evaluate node; U => Unbounded; X => User solution; Y => HiGHS solution;
     Z => ZI Round; l => Trivial lower; p => Trivial point; u => Trivial upper; z => Trivial zero

        Nodes      |    B&B Tree     |            Objective Bounds              |  Dynamic Constraints |       Work      
Src  Proc. InQueue |  Leaves   Expl. | BestBound       BestSol              Gap |   Cuts   InLp Confl. | LpIters     Time

 J       0       0         0   0.00%   -inf            12.61265254        Large        0      0      0         0     0.7s
 T       0       0         0   0.00%   1.04448782      12.11385019       91.38%        0      0      0        25     0.7s
         1       0         1 100.00%   12.11385019     12.11385019        0.00%        0      0      0        25     0.7s

Solving report
  Status            Optimal
  Primal bound      12.1138501929
  Dual bound        12.1138501929
  Gap               0% (tolerance: 0.5%)
  P-D integral      0.0127554417325
  Solution status   feasible
                    12.1138501929 (objective)
                    0 (bound viol.)
                    0 (int. viol.)
                    0 (row viol.)
  Timing            0.70
  Max sub-MIP depth 0
  Nodes             1
  Repair LPs        0
  LP iterations     25
                    0 (strong br.)
                    0 (separation)
                    0 (heuristics)
MIP has 10753 rows; 9409 cols; 25537 nonzeros; 1344 integer variables (1344 binary)
Coefficient ranges:
  Matrix  [2e-01, 3e+00]
  Cost    [1e-02, 6e-02]
  Bound   [1e+00, 1e+00]
  RHS     [1e-17, 5e+00]
WARNING: Problem has some excessively small row bounds
Presolving model
8064 rows, 8261 cols, 21700 nonzeros 0s
6229 rows, 6724 cols, 16920 nonzeros 0s
4299 rows, 5006 cols, 11884 nonzeros 0s
4198 rows, 3646 cols, 8461 nonzeros 0s
2204 rows, 2960 cols, 6351 nonzeros 0s
2010 rows, 1958 cols, 3565 nonzeros 0s
405 rows, 1362 cols, 1842 nonzeros 0s
219 rows, 1129 cols, 1423 nonzeros 0s
147 rows, 886 cols, 1108 nonzeros 0s
139 rows, 735 cols, 949 nonzeros 0s
129 rows, 407 cols, 611 nonzeros 0s
Presolve reductions: rows 129(-10624); columns 407(-9002); nonzeros 611(-24926) 

Solving MIP model with:
   129 rows
   407 cols (19 binary, 0 integer, 0 implied int., 388 continuous, 0 domain fixed)
   611 nonzeros

Src: B => Branching; C => Central rounding; F => Feasibility pump; H => Heuristic;
     I => Shifting; J => Feasibility jump; L => Sub-MIP; P => Empty MIP; R => Randomized rounding;
     S => Solve LP; T => Evaluate node; U => Unbounded; X => User solution; Y => HiGHS solution;
     Z => ZI Round; l => Trivial lower; p => Trivial point; u => Trivial upper; z => Trivial zero

        Nodes      |    B&B Tree     |            Objective Bounds              |  Dynamic Constraints |       Work      
Src  Proc. InQueue |  Leaves   Expl. | BestBound       BestSol              Gap |   Cuts   InLp Confl. | LpIters     Time

 J       0       0         0   0.00%   -inf            17.31782782        Large        0      0      0         0     0.4s
 T       0       0         0   0.00%   10.3905474      16.4041111        36.66%        0      0      0        55     0.4s
         1       0         1 100.00%   16.4041111      16.4041111         0.00%        0      0      0        55     0.4s

Solving report
  Status            Optimal
  Primal bound      16.4041110955
  Dual bound        16.4041110955
  Gap               0% (tolerance: 0.5%)
  P-D integral      0.00184096445438
  Solution status   feasible
                    16.4041110955 (objective)
                    0 (bound viol.)
                    0 (int. viol.)
                    0 (row viol.)
  Timing            0.43
  Max sub-MIP depth 0
  Nodes             1
  Repair LPs        0
  LP iterations     55
                    0 (strong br.)
                    0 (separation)
                    0 (heuristics)
MIP has 10753 rows; 9409 cols; 25537 nonzeros; 1344 integer variables (1344 binary)
Coefficient ranges:
  Matrix  [2e-01, 3e+00]
  Cost    [1e-02, 6e-02]
  Bound   [1e+00, 1e+00]
  RHS     [5e-17, 5e+00]
WARNING: Problem has some excessively small row bounds
Presolving model
8064 rows, 8394 cols, 21833 nonzeros 0s
6180 rows, 6789 cols, 16900 nonzeros 0s
4195 rows, 4994 cols, 11700 nonzeros 0s
4099 rows, 3635 cols, 8301 nonzeros 0s
2070 rows, 2902 cols, 6071 nonzeros 0s
1846 rows, 2089 cols, 3894 nonzeros 0s
636 rows, 1610 cols, 2509 nonzeros 0s
471 rows, 1417 cols, 2151 nonzeros 0s
445 rows, 1157 cols, 1865 nonzeros 0s
444 rows, 1144 cols, 1851 nonzeros 0s
Presolve reductions: rows 444(-10309); columns 1144(-8265); nonzeros 1851(-23686) 

Solving MIP model with:
   444 rows
   1144 cols (66 binary, 0 integer, 0 implied int., 1078 continuous, 0 domain fixed)
   1851 nonzeros

Src: B => Branching; C => Central rounding; F => Feasibility pump; H => Heuristic;
     I => Shifting; J => Feasibility jump; L => Sub-MIP; P => Empty MIP; R => Randomized rounding;
     S => Solve LP; T => Evaluate node; U => Unbounded; X => User solution; Y => HiGHS solution;
     Z => ZI Round; l => Trivial lower; p => Trivial point; u => Trivial upper; z => Trivial zero

        Nodes      |    B&B Tree     |            Objective Bounds              |  Dynamic Constraints |       Work      
Src  Proc. InQueue |  Leaves   Expl. | BestBound       BestSol              Gap |   Cuts   InLp Confl. | LpIters     Time

 J       0       0         0   0.00%   -inf            19.4652837         Large        0      0      0         0     0.4s
 T       0       0         0   0.00%   2.600220295     16.40482773       84.15%        0      0      0       186     0.4s
         1       0         1 100.00%   16.40482773     16.40482773        0.00%        0      0      0       186     0.4s

Solving report
  Status            Optimal
  Primal bound      16.404827735
  Dual bound        16.404827735
  Gap               0% (tolerance: 0.5%)
  P-D integral      0.00980612255077
  Solution status   feasible
                    16.404827735 (objective)
                    0 (bound viol.)
                    0 (int. viol.)
                    0 (row viol.)
  Timing            0.41
  Max sub-MIP depth 0
  Nodes             1
  Repair LPs        0
  LP iterations     186
                    0 (strong br.)
                    0 (separation)
                    0 (heuristics)
MIP has 10753 rows; 9409 cols; 25537 nonzeros; 1344 integer variables (1344 binary)
Coefficient ranges:
  Matrix  [2e-01, 3e+00]
  Cost    [1e-02, 6e-02]
  Bound   [1e+00, 1e+00]
  RHS     [1e-16, 5e+00]
WARNING: Problem has some excessively small row bounds
Presolving model
8064 rows, 8458 cols, 21897 nonzeros 0s
6166 rows, 6835 cols, 16916 nonzeros 0s
4135 rows, 4986 cols, 11580 nonzeros 0s
3985 rows, 3561 cols, 8056 nonzeros 0s
1924 rows, 2777 cols, 5690 nonzeros 0s
1695 rows, 2052 cols, 3788 nonzeros 0s
646 rows, 1635 cols, 2550 nonzeros 0s
479 rows, 1439 cols, 2187 nonzeros 0s
470 rows, 1283 cols, 2022 nonzeros 0s
Presolve reductions: rows 470(-10283); columns 1283(-8126); nonzeros 2022(-23515) 

Solving MIP model with:
   470 rows
   1283 cols (68 binary, 0 integer, 0 implied int., 1215 continuous, 0 domain fixed)
   2022 nonzeros

Src: B => Branching; C => Central rounding; F => Feasibility pump; H => Heuristic;
     I => Shifting; J => Feasibility jump; L => Sub-MIP; P => Empty MIP; R => Randomized rounding;
     S => Solve LP; T => Evaluate node; U => Unbounded; X => User solution; Y => HiGHS solution;
     Z => ZI Round; l => Trivial lower; p => Trivial point; u => Trivial upper; z => Trivial zero

        Nodes      |    B&B Tree     |            Objective Bounds              |  Dynamic Constraints |       Work      
Src  Proc. InQueue |  Leaves   Expl. | BestBound       BestSol              Gap |   Cuts   InLp Confl. | LpIters     Time

 J       0       0         0   0.00%   -inf            19.10446062        Large        0      0      0         0     0.5s
 T       0       0         0   0.00%   -0.4486676701   15.99561361      102.80%        0      0      0       204     0.5s
         1       0         1 100.00%   15.99561361     15.99561361        0.00%        0      0      0       204     0.5s

Solving report
  Status            Optimal
  Primal bound      15.9956136093
  Dual bound        15.9956136093
  Gap               0% (tolerance: 0.5%)
  P-D integral      0.0125286209049
  Solution status   feasible
                    15.9956136093 (objective)
                    0 (bound viol.)
                    0 (int. viol.)
                    0 (row viol.)
  Timing            0.47
  Max sub-MIP depth 0
  Nodes             1
  Repair LPs        0
  LP iterations     204
                    0 (strong br.)
                    0 (separation)
                    0 (heuristics)
MIP has 10753 rows; 9409 cols; 25537 nonzeros; 1344 integer variables (1344 binary)
Coefficient ranges:
  Matrix  [2e-01, 3e+00]
  Cost    [1e-02, 6e-02]
  Bound   [1e+00, 1e+00]
  RHS     [1e-16, 5e+00]
WARNING: Problem has some excessively small row bounds
Presolving model
8064 rows, 8438 cols, 21877 nonzeros 0s
6168 rows, 6815 cols, 16898 nonzeros 0s
4180 rows, 5014 cols, 11677 nonzeros 0s
4080 rows, 3655 cols, 8295 nonzeros 0s
2015 rows, 2871 cols, 5925 nonzeros 0s
1787 rows, 2023 cols, 3664 nonzeros 0s
473 rows, 1432 cols, 2044 nonzeros 0s
315 rows, 1252 cols, 1706 nonzeros 0s
257 rows, 1029 cols, 1425 nonzeros 0s
254 rows, 959 cols, 1352 nonzeros 0s
Presolve reductions: rows 254(-10499); columns 959(-8450); nonzeros 1352(-24185) 

Solving MIP model with:
   254 rows
   959 cols (35 binary, 0 integer, 0 implied int., 924 continuous, 0 domain fixed)
   1352 nonzeros

Src: B => Branching; C => Central rounding; F => Feasibility pump; H => Heuristic;
     I => Shifting; J => Feasibility jump; L => Sub-MIP; P => Empty MIP; R => Randomized rounding;
     S => Solve LP; T => Evaluate node; U => Unbounded; X => User solution; Y => HiGHS solution;
     Z => ZI Round; l => Trivial lower; p => Trivial point; u => Trivial upper; z => Trivial zero

        Nodes      |    B&B Tree     |            Objective Bounds              |  Dynamic Constraints |       Work      
Src  Proc. InQueue |  Leaves   Expl. | BestBound       BestSol              Gap |   Cuts   InLp Confl. | LpIters     Time

 J       0       0         0   0.00%   -inf            21.14459038        Large        0      0      0         0     0.4s
 T       0       0         0   0.00%   3.210604805     19.97124935       83.92%        0      0      0       101     0.4s
         1       0         1 100.00%   19.97124935     19.97124935        0.00%        0      0      0       101     0.4s

Solving report
  Status            Optimal
  Primal bound      19.9712493493
  Dual bound        19.9712493493
  Gap               0% (tolerance: 0.5%)
  P-D integral      0.00616038019935
  Solution status   feasible
                    19.9712493493 (objective)
                    0 (bound viol.)
                    0 (int. viol.)
                    0 (row viol.)
  Timing            0.40
  Max sub-MIP depth 0
  Nodes             1
  Repair LPs        0
  LP iterations     101
                    0 (strong br.)
                    0 (separation)
                    0 (heuristics)
MIP has 10753 rows; 9409 cols; 25537 nonzeros; 1344 integer variables (1344 binary)
Coefficient ranges:
  Matrix  [2e-01, 3e+00]
  Cost    [1e-02, 6e-02]
  Bound   [1e+00, 1e+00]
  RHS     [6e-18, 5e+00]
WARNING: Problem has some excessively small row bounds
Presolving model
8064 rows, 8395 cols, 21834 nonzeros 0s
6210 rows, 6829 cols, 16986 nonzeros 0s
4219 rows, 5034 cols, 11772 nonzeros 0s
4108 rows, 3652 cols, 8341 nonzeros 0s
2080 rows, 2915 cols, 6090 nonzeros 0s
1871 rows, 2049 cols, 3755 nonzeros 0s
495 rows, 1448 cols, 2090 nonzeros 0s
331 rows, 1256 cols, 1734 nonzeros 0s
264 rows, 959 cols, 1370 nonzeros 0s
257 rows, 820 cols, 1224 nonzeros 0s
Presolve reductions: rows 257(-10496); columns 820(-8589); nonzeros 1224(-24313) 

Solving MIP model with:
   257 rows
   820 cols (37 binary, 0 integer, 0 implied int., 783 continuous, 0 domain fixed)
   1224 nonzeros

Src: B => Branching; C => Central rounding; F => Feasibility pump; H => Heuristic;
     I => Shifting; J => Feasibility jump; L => Sub-MIP; P => Empty MIP; R => Randomized rounding;
     S => Solve LP; T => Evaluate node; U => Unbounded; X => User solution; Y => HiGHS solution;
     Z => ZI Round; l => Trivial lower; p => Trivial point; u => Trivial upper; z => Trivial zero

        Nodes      |    B&B Tree     |            Objective Bounds              |  Dynamic Constraints |       Work      
Src  Proc. InQueue |  Leaves   Expl. | BestBound       BestSol              Gap |   Cuts   InLp Confl. | LpIters     Time

 J       0       0         0   0.00%   -inf            21.62725051        Large        0      0      0         0     0.4s
 T       0       0         0   0.00%   6.288268489     20.54348341       69.39%        0      0      0        93     0.4s
         1       0         1 100.00%   20.54348341     20.54348341        0.00%        0      0      0        93     0.4s

Solving report
  Status            Optimal
  Primal bound      20.5434834133
  Dual bound        20.5434834133
  Gap               0% (tolerance: 0.5%)
  P-D integral      0.0045645005563
  Solution status   feasible
                    20.5434834133 (objective)
                    0 (bound viol.)
                    0 (int. viol.)
                    0 (row viol.)
  Timing            0.39
  Max sub-MIP depth 0
  Nodes             1
  Repair LPs        0
  LP iterations     93
                    0 (strong br.)
                    0 (separation)
                    0 (heuristics)
MIP has 10753 rows; 9409 cols; 25537 nonzeros; 1344 integer variables (1344 binary)
Coefficient ranges:
  Matrix  [2e-01, 3e+00]
  Cost    [1e-02, 6e-02]
  Bound   [1e+00, 1e+00]
  RHS     [6e-18, 5e+00]
WARNING: Problem has some excessively small row bounds
Presolving model
8064 rows, 8342 cols, 21781 nonzeros 0s
6222 rows, 6793 cols, 16970 nonzeros 0s
4270 rows, 5048 cols, 11869 nonzeros 0s
4177 rows, 3707 cols, 8485 nonzeros 0s
2158 rows, 2988 cols, 6289 nonzeros 0s
1956 rows, 2062 cols, 3760 nonzeros 0s
466 rows, 1470 cols, 2051 nonzeros 0s
294 rows, 1275 cols, 1684 nonzeros 0s
221 rows, 1092 cols, 1428 nonzeros 0s
213 rows, 952 cols, 1280 nonzeros 0s
Presolve reductions: rows 213(-10540); columns 952(-8457); nonzeros 1280(-24257) 

Solving MIP model with:
   213 rows
   952 cols (29 binary, 0 integer, 0 implied int., 923 continuous, 0 domain fixed)
   1280 nonzeros

Src: B => Branching; C => Central rounding; F => Feasibility pump; H => Heuristic;
     I => Shifting; J => Feasibility jump; L => Sub-MIP; P => Empty MIP; R => Randomized rounding;
     S => Solve LP; T => Evaluate node; U => Unbounded; X => User solution; Y => HiGHS solution;
     Z => ZI Round; l => Trivial lower; p => Trivial point; u => Trivial upper; z => Trivial zero

        Nodes      |    B&B Tree     |            Objective Bounds              |  Dynamic Constraints |       Work      
Src  Proc. InQueue |  Leaves   Expl. | BestBound       BestSol              Gap |   Cuts   InLp Confl. | LpIters     Time

 J       0       0         0   0.00%   -inf            22.5387432         Large        0      0      0         0     0.4s
 T       0       0         0   0.00%   3.133996983     21.49301468       85.42%        0      0      0        92     0.4s
         1       0         1 100.00%   21.49301468     21.49301468        0.00%        0      0      0        92     0.4s

Solving report
  Status            Optimal
  Primal bound      21.4930146773
  Dual bound        21.4930146773
  Gap               0% (tolerance: 0.5%)
  P-D integral      0.00624916770725
  Solution status   feasible
                    21.4930146773 (objective)
                    0 (bound viol.)
                    0 (int. viol.)
                    0 (row viol.)
  Timing            0.42
  Max sub-MIP depth 0
  Nodes             1
  Repair LPs        0
  LP iterations     92
                    0 (strong br.)
                    0 (separation)
                    0 (heuristics)
MIP has 10753 rows; 9409 cols; 25537 nonzeros; 1344 integer variables (1344 binary)
Coefficient ranges:
  Matrix  [2e-01, 3e+00]
  Cost    [1e-02, 6e-02]
  Bound   [1e+00, 1e+00]
  RHS     [2e-16, 5e+00]
WARNING: Problem has some excessively small row bounds
Presolving model
8064 rows, 8316 cols, 21755 nonzeros 0s
6230 rows, 6779 cols, 16968 nonzeros 0s
4234 rows, 4982 cols, 11751 nonzeros 0s
4119 rows, 3598 cols, 8287 nonzeros 0s
2141 rows, 2921 cols, 6193 nonzeros 0s
1922 rows, 1943 cols, 3532 nonzeros 0s
400 rows, 1270 cols, 1741 nonzeros 0s
282 rows, 1111 cols, 1464 nonzeros 0s
177 rows, 878 cols, 1126 nonzeros 0s
144 rows, 691 cols, 906 nonzeros 0s
124 rows, 525 cols, 720 nonzeros 0s
123 rows, 411 cols, 605 nonzeros 0s
Presolve reductions: rows 123(-10630); columns 411(-8998); nonzeros 605(-24932) 

Solving MIP model with:
   123 rows
   411 cols (18 binary, 0 integer, 0 implied int., 393 continuous, 0 domain fixed)
   605 nonzeros

Src: B => Branching; C => Central rounding; F => Feasibility pump; H => Heuristic;
     I => Shifting; J => Feasibility jump; L => Sub-MIP; P => Empty MIP; R => Randomized rounding;
     S => Solve LP; T => Evaluate node; U => Unbounded; X => User solution; Y => HiGHS solution;
     Z => ZI Round; l => Trivial lower; p => Trivial point; u => Trivial upper; z => Trivial zero

        Nodes      |    B&B Tree     |            Objective Bounds              |  Dynamic Constraints |       Work      
Src  Proc. InQueue |  Leaves   Expl. | BestBound       BestSol              Gap |   Cuts   InLp Confl. | LpIters     Time

 J       0       0         0   0.00%   -inf            25.10132336        Large        0      0      0         0     0.4s
 T       0       0         0   0.00%   15.6576628      24.64735126       36.47%        0      0      0        39     0.4s
         1       0         1 100.00%   24.64735126     24.64735126        0.00%        0      0      0        39     0.4s

Solving report
  Status            Optimal
  Primal bound      24.6473512598
  Dual bound        24.6473512598
  Gap               0% (tolerance: 0.5%)
  P-D integral      0.00277700715699
  Solution status   feasible
                    24.6473512598 (objective)
                    0 (bound viol.)
                    0 (int. viol.)
                    0 (row viol.)
  Timing            0.45
  Max sub-MIP depth 0
  Nodes             1
  Repair LPs        0
  LP iterations     39
                    0 (strong br.)
                    0 (separation)
                    0 (heuristics)
MIP has 10753 rows; 9409 cols; 25537 nonzeros; 1344 integer variables (1344 binary)
Coefficient ranges:
  Matrix  [2e-01, 3e+00]
  Cost    [1e-02, 6e-02]
  Bound   [1e+00, 1e+00]
  RHS     [1e-17, 5e+00]
WARNING: Problem has some excessively small row bounds
Presolving model
8064 rows, 8365 cols, 21804 nonzeros 0s
6214 rows, 6804 cols, 16969 nonzeros 0s
4240 rows, 5027 cols, 11802 nonzeros 0s
4139 rows, 3669 cols, 8393 nonzeros 0s
2118 rows, 2947 cols, 6192 nonzeros 0s
1916 rows, 2066 cols, 3798 nonzeros 0s
520 rows, 1509 cols, 2188 nonzeros 0s
354 rows, 1336 cols, 1849 nonzeros 0s
288 rows, 1119 cols, 1566 nonzeros 0s
284 rows, 931 cols, 1374 nonzeros 0s
Presolve reductions: rows 284(-10469); columns 931(-8478); nonzeros 1374(-24163) 

Solving MIP model with:
   284 rows
   931 cols (40 binary, 0 integer, 0 implied int., 891 continuous, 0 domain fixed)
   1374 nonzeros

Src: B => Branching; C => Central rounding; F => Feasibility pump; H => Heuristic;
     I => Shifting; J => Feasibility jump; L => Sub-MIP; P => Empty MIP; R => Randomized rounding;
     S => Solve LP; T => Evaluate node; U => Unbounded; X => User solution; Y => HiGHS solution;
     Z => ZI Round; l => Trivial lower; p => Trivial point; u => Trivial upper; z => Trivial zero

        Nodes      |    B&B Tree     |            Objective Bounds              |  Dynamic Constraints |       Work      
Src  Proc. InQueue |  Leaves   Expl. | BestBound       BestSol              Gap |   Cuts   InLp Confl. | LpIters     Time

 J       0       0         0   0.00%   -inf            26.3583928         Large        0      0      0         0     0.4s
 T       0       0         0   0.00%   4.918638173     24.98665481       80.31%        0      0      0       104     0.5s
         1       0         1 100.00%   24.98665481     24.98665481        0.00%        0      0      0       104     0.5s

Solving report
  Status            Optimal
  Primal bound      24.9866548147
  Dual bound        24.9866548147
  Gap               0% (tolerance: 0.5%)
  P-D integral      0.0079221178419
  Solution status   feasible
                    24.9866548147 (objective)
                    0 (bound viol.)
                    0 (int. viol.)
                    0 (row viol.)
  Timing            0.45
  Max sub-MIP depth 0
  Nodes             1
  Repair LPs        0
  LP iterations     104
                    0 (strong br.)
                    0 (separation)
                    0 (heuristics)
MIP has 10754 rows; 9409 cols; 25538 nonzeros; 1344 integer variables (1344 binary)
Coefficient ranges:
  Matrix  [2e-01, 3e+00]
  Cost    [1e-02, 6e-02]
  Bound   [1e+00, 1e+00]
  RHS     [1e-17, 5e+00]
WARNING: Problem has some excessively small row bounds
Presolving model
8064 rows, 8364 cols, 21803 nonzeros 0s
6206 rows, 6793 cols, 16946 nonzeros 0s
4225 rows, 5007 cols, 11755 nonzeros 0s
4128 rows, 3656 cols, 8357 nonzeros 0s
2120 rows, 2948 cols, 6187 nonzeros 0s
1912 rows, 2035 cols, 3707 nonzeros 0s
455 rows, 1480 cols, 2046 nonzeros 0s
287 rows, 1311 cols, 1709 nonzeros 0s
219 rows, 1115 cols, 1445 nonzeros 0s
211 rows, 1082 cols, 1404 nonzeros 0s
Presolve reductions: rows 211(-10543); columns 1082(-8327); nonzeros 1404(-24134) 

Solving MIP model with:
   211 rows
   1082 cols (28 binary, 0 integer, 0 implied int., 1054 continuous, 0 domain fixed)
   1404 nonzeros

Src: B => Branching; C => Central rounding; F => Feasibility pump; H => Heuristic;
     I => Shifting; J => Feasibility jump; L => Sub-MIP; P => Empty MIP; R => Randomized rounding;
     S => Solve LP; T => Evaluate node; U => Unbounded; X => User solution; Y => HiGHS solution;
     Z => ZI Round; l => Trivial lower; p => Trivial point; u => Trivial upper; z => Trivial zero

        Nodes      |    B&B Tree     |            Objective Bounds              |  Dynamic Constraints |       Work      
Src  Proc. InQueue |  Leaves   Expl. | BestBound       BestSol              Gap |   Cuts   InLp Confl. | LpIters     Time

         0       0         0   0.00%   -0.3439352415   inf                  inf        0      0      0         0     0.6s
 T       0       0         0   0.00%   -0.3439352415   25.82627323      101.33%        0      0      0        78     0.6s
         1       0         1 100.00%   25.82627323     25.82627323        0.00%        0      0      0        78     0.6s

Solving report
  Status            Optimal
  Primal bound      25.8262732258
  Dual bound        25.8262732258
  Gap               0% (tolerance: 0.5%)
  P-D integral      6.38389869856e-05
  Solution status   feasible
                    25.8262732258 (objective)
                    0 (bound viol.)
                    0 (int. viol.)
                    0 (row viol.)
  Timing            0.58
  Max sub-MIP depth 0
  Nodes             1
  Repair LPs        0
  LP iterations     78
                    0 (strong br.)
                    0 (separation)
                    0 (heuristics)
MIP has 10753 rows; 9409 cols; 25537 nonzeros; 1344 integer variables (1344 binary)
Coefficient ranges:
  Matrix  [2e-01, 3e+00]
  Cost    [5e-03, 6e-02]
  Bound   [1e+00, 1e+00]
  RHS     [1e-03, 5e+00]
Presolving model
8064 rows, 8411 cols, 21850 nonzeros 0s
6233 rows, 6874 cols, 17066 nonzeros 0s
4269 rows, 5113 cols, 11925 nonzeros 0s
4175 rows, 3775 cols, 8549 nonzeros 0s
2158 rows, 3054 cols, 6339 nonzeros 0s
1939 rows, 2224 cols, 4114 nonzeros 0s
670 rows, 1739 cols, 2660 nonzeros 0s
486 rows, 1554 cols, 2291 nonzeros 0s
462 rows, 1400 cols, 2113 nonzeros 0s
Presolve reductions: rows 462(-10291); columns 1400(-8009); nonzeros 2113(-23424) 

Solving MIP model with:
   462 rows
   1400 cols (63 binary, 0 integer, 0 implied int., 1337 continuous, 0 domain fixed)
   2113 nonzeros

Src: B => Branching; C => Central rounding; F => Feasibility pump; H => Heuristic;
     I => Shifting; J => Feasibility jump; L => Sub-MIP; P => Empty MIP; R => Randomized rounding;
     S => Solve LP; T => Evaluate node; U => Unbounded; X => User solution; Y => HiGHS solution;
     Z => ZI Round; l => Trivial lower; p => Trivial point; u => Trivial upper; z => Trivial zero

        Nodes      |    B&B Tree     |            Objective Bounds              |  Dynamic Constraints |       Work      
Src  Proc. InQueue |  Leaves   Expl. | BestBound       BestSol              Gap |   Cuts   InLp Confl. | LpIters     Time

 J       0       0         0   0.00%   -inf            22.33061716        Large        0      0      0         0     0.4s
 T       0       0         0   0.00%   4.379227954     20.16358742       78.28%        0      0      0       188     0.4s
         1       0         1 100.00%   20.16358742     20.16358742        0.00%        0      0      0       188     0.4s

Solving report
  Status            Optimal
  Primal bound      20.1635874246
  Dual bound        20.1635874246
  Gap               0% (tolerance: 0.5%)
  P-D integral      0.00793522198696
  Solution status   feasible
                    20.1635874246 (objective)
                    0 (bound viol.)
                    0 (int. viol.)
                    0 (row viol.)
  Timing            0.40
  Max sub-MIP depth 0
  Nodes             1
  Repair LPs        0
  LP iterations     188
                    0 (strong br.)
                    0 (separation)
                    0 (heuristics)
MIP has 10753 rows; 9409 cols; 25537 nonzeros; 1344 integer variables (1344 binary)
Coefficient ranges:
  Matrix  [2e-01, 3e+00]
  Cost    [5e-03, 6e-02]
  Bound   [1e+00, 1e+00]
  RHS     [1e-03, 5e+00]
Presolving model
8064 rows, 8410 cols, 21849 nonzeros 0s
6218 rows, 6854 cols, 17023 nonzeros 0s
4248 rows, 5089 cols, 11868 nonzeros 0s
4151 rows, 3735 cols, 8464 nonzeros 0s
2148 rows, 3034 cols, 6309 nonzeros 0s
1941 rows, 2214 cols, 4106 nonzeros 0s
661 rows, 1718 cols, 2622 nonzeros 0s
474 rows, 1527 cols, 2244 nonzeros 0s
446 rows, 1359 cols, 2048 nonzeros 0s
Presolve reductions: rows 446(-10307); columns 1359(-8050); nonzeros 2048(-23489) 

Solving MIP model with:
   446 rows
   1359 cols (61 binary, 0 integer, 0 implied int., 1298 continuous, 0 domain fixed)
   2048 nonzeros

Src: B => Branching; C => Central rounding; F => Feasibility pump; H => Heuristic;
     I => Shifting; J => Feasibility jump; L => Sub-MIP; P => Empty MIP; R => Randomized rounding;
     S => Solve LP; T => Evaluate node; U => Unbounded; X => User solution; Y => HiGHS solution;
     Z => ZI Round; l => Trivial lower; p => Trivial point; u => Trivial upper; z => Trivial zero

        Nodes      |    B&B Tree     |            Objective Bounds              |  Dynamic Constraints |       Work      
Src  Proc. InQueue |  Leaves   Expl. | BestBound       BestSol              Gap |   Cuts   InLp Confl. | LpIters     Time

 J       0       0         0   0.00%   -inf            24.305527          Large        0      0      0         0     0.4s
 T       0       0         0   0.00%   4.523530207     22.35372069       79.76%        0      0      0       174     0.4s
         1       0         1 100.00%   22.35372069     22.35372069        0.00%        0      0      0       174     0.4s

Solving report
  Status            Optimal
  Primal bound      22.3537206895
  Dual bound        22.3537206895
  Gap               0% (tolerance: 0.5%)
  P-D integral      0.00820431017273
  Solution status   feasible
                    22.3537206895 (objective)
                    0 (bound viol.)
                    0 (int. viol.)
                    0 (row viol.)
  Timing            0.41
  Max sub-MIP depth 0
  Nodes             1
  Repair LPs        0
  LP iterations     174
                    0 (strong br.)
                    0 (separation)
                    0 (heuristics)
MIP has 10753 rows; 9409 cols; 25537 nonzeros; 1344 integer variables (1344 binary)
Coefficient ranges:
  Matrix  [2e-01, 3e+00]
  Cost    [1e-02, 6e-02]
  Bound   [1e+00, 1e+00]
  RHS     [2e-03, 5e+00]
Presolving model
8064 rows, 8411 cols, 21850 nonzeros 0s
6209 rows, 6843 cols, 16999 nonzeros 0s
4227 rows, 5048 cols, 11790 nonzeros 0s
4130 rows, 3713 cols, 8420 nonzeros 0s
2103 rows, 2978 cols, 6176 nonzeros 0s
1891 rows, 2099 cols, 3801 nonzeros 0s
511 rows, 1575 cols, 2225 nonzeros 0s
351 rows, 1415 cols, 1905 nonzeros 0s
285 rows, 1180 cols, 1604 nonzeros 0s
283 rows, 1168 cols, 1590 nonzeros 0s
Presolve reductions: rows 283(-10470); columns 1168(-8241); nonzeros 1590(-23947) 

Solving MIP model with:
   283 rows
   1168 cols (35 binary, 0 integer, 0 implied int., 1133 continuous, 0 domain fixed)
   1590 nonzeros

Src: B => Branching; C => Central rounding; F => Feasibility pump; H => Heuristic;
     I => Shifting; J => Feasibility jump; L => Sub-MIP; P => Empty MIP; R => Randomized rounding;
     S => Solve LP; T => Evaluate node; U => Unbounded; X => User solution; Y => HiGHS solution;
     Z => ZI Round; l => Trivial lower; p => Trivial point; u => Trivial upper; z => Trivial zero

        Nodes      |    B&B Tree     |            Objective Bounds              |  Dynamic Constraints |       Work      
Src  Proc. InQueue |  Leaves   Expl. | BestBound       BestSol              Gap |   Cuts   InLp Confl. | LpIters     Time

 J       0       0         0   0.00%   -inf            22.81150325        Large        0      0      0         0     0.4s
 T       0       0         0   0.00%   4.867685387     21.70833386       77.58%        0      0      0       112     0.4s
         1       0         1 100.00%   21.70833386     21.70833386        0.00%        0      0      0       112     0.4s

Solving report
  Status            Optimal
  Primal bound      21.7083338635
  Dual bound        21.7083338635
  Gap               0% (tolerance: 0.5%)
  P-D integral      0.00880910164387
  Solution status   feasible
                    21.7083338635 (objective)
                    0 (bound viol.)
                    0 (int. viol.)
                    0 (row viol.)
  Timing            0.42
  Max sub-MIP depth 0
  Nodes             1
  Repair LPs        0
  LP iterations     112
                    0 (strong br.)
                    0 (separation)
                    0 (heuristics)
MIP has 10753 rows; 9409 cols; 25537 nonzeros; 1344 integer variables (1344 binary)
Coefficient ranges:
  Matrix  [2e-01, 3e+00]
  Cost    [5e-03, 6e-02]
  Bound   [1e+00, 1e+00]
  RHS     [1e-17, 5e+00]
WARNING: Problem has some excessively small row bounds
Presolving model
8064 rows, 8404 cols, 21843 nonzeros 0s
6224 rows, 6857 cols, 17036 nonzeros 0s
4251 rows, 5088 cols, 11878 nonzeros 0s
4154 rows, 3738 cols, 8487 nonzeros 0s
2146 rows, 3026 cols, 6295 nonzeros 0s
1930 rows, 2182 cols, 4032 nonzeros 0s
611 rows, 1652 cols, 2478 nonzeros 0s
450 rows, 1472 cols, 2137 nonzeros 0s
389 rows, 1243 cols, 1847 nonzeros 0s
388 rows, 1241 cols, 1844 nonzeros 0s
Presolve reductions: rows 388(-10365); columns 1241(-8168); nonzeros 1844(-23693) 

Solving MIP model with:
   388 rows
   1241 cols (54 binary, 0 integer, 0 implied int., 1187 continuous, 0 domain fixed)
   1844 nonzeros

Src: B => Branching; C => Central rounding; F => Feasibility pump; H => Heuristic;
     I => Shifting; J => Feasibility jump; L => Sub-MIP; P => Empty MIP; R => Randomized rounding;
     S => Solve LP; T => Evaluate node; U => Unbounded; X => User solution; Y => HiGHS solution;
     Z => ZI Round; l => Trivial lower; p => Trivial point; u => Trivial upper; z => Trivial zero

        Nodes      |    B&B Tree     |            Objective Bounds              |  Dynamic Constraints |       Work      
Src  Proc. InQueue |  Leaves   Expl. | BestBound       BestSol              Gap |   Cuts   InLp Confl. | LpIters     Time

 J       0       0         0   0.00%   -inf            23.17894263        Large        0      0      0         0     0.4s
 T       0       0         0   0.00%   3.935927058     20.49317097       80.79%        0      0      0       155     0.4s
         1       0         1 100.00%   20.49317097     20.49317097        0.00%        0      0      0       155     0.4s

Solving report
  Status            Optimal
  Primal bound      20.4931709707
  Dual bound        20.4931709707
  Gap               0% (tolerance: 0.5%)
  P-D integral      0.00992576263514
  Solution status   feasible
                    20.4931709707 (objective)
                    0 (bound viol.)
                    0 (int. viol.)
                    0 (row viol.)
  Timing            0.41
  Max sub-MIP depth 0
  Nodes             1
  Repair LPs        0
  LP iterations     155
                    0 (strong br.)
                    0 (separation)
                    0 (heuristics)
MIP has 10753 rows; 9409 cols; 25537 nonzeros; 1344 integer variables (1344 binary)
Coefficient ranges:
  Matrix  [2e-01, 3e+00]
  Cost    [5e-03, 6e-02]
  Bound   [1e+00, 1e+00]
  RHS     [1e-17, 5e+00]
WARNING: Problem has some excessively small row bounds
Presolving model
8064 rows, 8430 cols, 21869 nonzeros 0s
6188 rows, 6834 cols, 16953 nonzeros 0s
4221 rows, 5066 cols, 11806 nonzeros 0s
4117 rows, 3702 cols, 8385 nonzeros 0s
2110 rows, 2997 cols, 6226 nonzeros 0s
1880 rows, 2276 cols, 4327 nonzeros 0s
869 rows, 1892 cols, 3180 nonzeros 0s
697 rows, 1595 cols, 2711 nonzeros 0s
697 rows, 1595 cols, 2711 nonzeros 0s
Presolve reductions: rows 697(-10056); columns 1595(-7814); nonzeros 2711(-22826) 

Solving MIP model with:
   697 rows
   1595 cols (105 binary, 0 integer, 0 implied int., 1490 continuous, 0 domain fixed)
   2711 nonzeros

Src: B => Branching; C => Central rounding; F => Feasibility pump; H => Heuristic;
     I => Shifting; J => Feasibility jump; L => Sub-MIP; P => Empty MIP; R => Randomized rounding;
     S => Solve LP; T => Evaluate node; U => Unbounded; X => User solution; Y => HiGHS solution;
     Z => ZI Round; l => Trivial lower; p => Trivial point; u => Trivial upper; z => Trivial zero

        Nodes      |    B&B Tree     |            Objective Bounds              |  Dynamic Constraints |       Work      
Src  Proc. InQueue |  Leaves   Expl. | BestBound       BestSol              Gap |   Cuts   InLp Confl. | LpIters     Time

 J       0       0         0   0.00%   -inf            21.13163196        Large        0      0      0         0     0.4s
 T       0       0         0   0.00%   1.69251212      15.61615691       89.16%        0      0      0       294     0.4s
         1       0         1 100.00%   15.61615691     15.61615691        0.00%        0      0      0       294     0.4s

Solving report
  Status            Optimal
  Primal bound      15.6161569079
  Dual bound        15.6161569079
  Gap               0% (tolerance: 0.5%)
  P-D integral      0.00993728074621
  Solution status   feasible
                    15.6161569079 (objective)
                    0 (bound viol.)
                    0 (int. viol.)
                    0 (row viol.)
  Timing            0.41
  Max sub-MIP depth 0
  Nodes             1
  Repair LPs        0
  LP iterations     294
                    0 (strong br.)
                    0 (separation)
                    0 (heuristics)
MIP has 10753 rows; 9409 cols; 25537 nonzeros; 1344 integer variables (1344 binary)
Coefficient ranges:
  Matrix  [2e-01, 3e+00]
  Cost    [5e-03, 6e-02]
  Bound   [1e+00, 1e+00]
  RHS     [6e-17, 5e+00]
WARNING: Problem has some excessively small row bounds
Presolving model
8064 rows, 8504 cols, 21943 nonzeros 0s
6180 rows, 6896 cols, 16999 nonzeros 0s
4173 rows, 5078 cols, 11738 nonzeros 0s
4050 rows, 3668 cols, 8279 nonzeros 0s
1998 rows, 2900 cols, 5949 nonzeros 0s
1759 rows, 2277 cols, 4367 nonzeros 0s
953 rows, 1912 cols, 3364 nonzeros 0s
821 rows, 1652 cols, 2972 nonzeros 0s
Presolve reductions: rows 821(-9932); columns 1652(-7757); nonzeros 2972(-22565) 

Solving MIP model with:
   821 rows
   1652 cols (125 binary, 0 integer, 0 implied int., 1527 continuous, 0 domain fixed)
   2972 nonzeros

Src: B => Branching; C => Central rounding; F => Feasibility pump; H => Heuristic;
     I => Shifting; J => Feasibility jump; L => Sub-MIP; P => Empty MIP; R => Randomized rounding;
     S => Solve LP; T => Evaluate node; U => Unbounded; X => User solution; Y => HiGHS solution;
     Z => ZI Round; l => Trivial lower; p => Trivial point; u => Trivial upper; z => Trivial zero

        Nodes      |    B&B Tree     |            Objective Bounds              |  Dynamic Constraints |       Work      
Src  Proc. InQueue |  Leaves   Expl. | BestBound       BestSol              Gap |   Cuts   InLp Confl. | LpIters     Time

 J       0       0         0   0.00%   -inf            17.7408768         Large        0      0      0         0     0.4s
 T       0       0         0   0.00%   1.007242916     11.68160022       91.38%        0      0      0       352     0.4s
         1       0         1 100.00%   11.68160022     11.68160022        0.00%        0      0      0       352     0.4s

Solving report
  Status            Optimal
  Primal bound      11.6816002182
  Dual bound        11.6816002182
  Gap               0% (tolerance: 0.5%)
  P-D integral      0.0135162614084
  Solution status   feasible
                    11.6816002182 (objective)
                    0 (bound viol.)
                    0 (int. viol.)
                    0 (row viol.)
  Timing            0.40
  Max sub-MIP depth 0
  Nodes             1
  Repair LPs        0
  LP iterations     352
                    0 (strong br.)
                    0 (separation)
                    0 (heuristics)
MIP has 10753 rows; 9409 cols; 25537 nonzeros; 1344 integer variables (1344 binary)
Coefficient ranges:
  Matrix  [2e-01, 3e+00]
  Cost    [5e-03, 6e-02]
  Bound   [1e+00, 1e+00]
  RHS     [1e-17, 5e+00]
WARNING: Problem has some excessively small row bounds
Presolving model
8064 rows, 8548 cols, 21987 nonzeros 0s
6158 rows, 6910 cols, 16975 nonzeros 0s
4130 rows, 5053 cols, 11634 nonzeros 0s
4006 rows, 3654 cols, 8200 nonzeros 0s
1927 rows, 2849 cols, 5771 nonzeros 0s
1678 rows, 2244 cols, 4263 nonzeros 0s
939 rows, 1941 cols, 3367 nonzeros 0s
820 rows, 1712 cols, 3019 nonzeros 0s
Presolve reductions: rows 820(-9933); columns 1712(-7697); nonzeros 3019(-22518) 

Solving MIP model with:
   820 rows
   1712 cols (122 binary, 0 integer, 0 implied int., 1590 continuous, 0 domain fixed)
   3019 nonzeros

Src: B => Branching; C => Central rounding; F => Feasibility pump; H => Heuristic;
     I => Shifting; J => Feasibility jump; L => Sub-MIP; P => Empty MIP; R => Randomized rounding;
     S => Solve LP; T => Evaluate node; U => Unbounded; X => User solution; Y => HiGHS solution;
     Z => ZI Round; l => Trivial lower; p => Trivial point; u => Trivial upper; z => Trivial zero

        Nodes      |    B&B Tree     |            Objective Bounds              |  Dynamic Constraints |       Work      
Src  Proc. InQueue |  Leaves   Expl. | BestBound       BestSol              Gap |   Cuts   InLp Confl. | LpIters     Time

 J       0       0         0   0.00%   -inf            16.00692406        Large        0      0      0         0     0.4s
 T       0       0         0   0.00%   0.6398381025    10.77071333       94.06%        0      0      0       369     0.4s
         1       0         1 100.00%   10.77071333     10.77071333        0.00%        0      0      0       369     0.4s

Solving report
  Status            Optimal
  Primal bound      10.7707133336
  Dual bound        10.7707133336
  Gap               0% (tolerance: 0.5%)
  P-D integral      0.0135902060941
  Solution status   feasible
                    10.7707133336 (objective)
                    0 (bound viol.)
                    0 (int. viol.)
                    0 (row viol.)
  Timing            0.41
  Max sub-MIP depth 0
  Nodes             1
  Repair LPs        0
  LP iterations     369
                    0 (strong br.)
                    0 (separation)
                    0 (heuristics)
MIP has 10753 rows; 9409 cols; 25537 nonzeros; 1344 integer variables (1344 binary)
Coefficient ranges:
  Matrix  [2e-01, 3e+00]
  Cost    [5e-03, 6e-02]
  Bound   [1e+00, 1e+00]
  RHS     [1e-17, 5e+00]
WARNING: Problem has some excessively small row bounds
Presolving model
8064 rows, 8572 cols, 22011 nonzeros 0s
6116 rows, 6879 cols, 16874 nonzeros 0s
4074 rows, 5002 cols, 11491 nonzeros 0s
3946 rows, 3585 cols, 8050 nonzeros 0s
1831 rows, 2732 cols, 5502 nonzeros 0s
1577 rows, 2140 cols, 4053 nonzeros 0s
859 rows, 1796 cols, 3106 nonzeros 0s
747 rows, 1644 cols, 2842 nonzeros 0s
Presolve reductions: rows 747(-10006); columns 1644(-7765); nonzeros 2842(-22695) 

Solving MIP model with:
   747 rows
   1644 cols (113 binary, 0 integer, 0 implied int., 1531 continuous, 0 domain fixed)
   2842 nonzeros

Src: B => Branching; C => Central rounding; F => Feasibility pump; H => Heuristic;
     I => Shifting; J => Feasibility jump; L => Sub-MIP; P => Empty MIP; R => Randomized rounding;
     S => Solve LP; T => Evaluate node; U => Unbounded; X => User solution; Y => HiGHS solution;
     Z => ZI Round; l => Trivial lower; p => Trivial point; u => Trivial upper; z => Trivial zero

        Nodes      |    B&B Tree     |            Objective Bounds              |  Dynamic Constraints |       Work      
Src  Proc. InQueue |  Leaves   Expl. | BestBound       BestSol              Gap |   Cuts   InLp Confl. | LpIters     Time

 J       0       0         0   0.00%   -inf            9.747068181        Large        0      0      0         0     0.4s
 T       0       0         0   0.00%   -0.2207189732   5.947118754      103.71%        0      0      0       312     0.4s
         1       0         1 100.00%   5.947118754     5.947118754        0.00%        0      0      0       312     0.4s

Solving report
  Status            Optimal
  Primal bound      5.94711875411
  Dual bound        5.94711875411
  Gap               0% (tolerance: 0.5%)
  P-D integral      0.0133720955459
  Solution status   feasible
                    5.94711875411 (objective)
                    0 (bound viol.)
                    0 (int. viol.)
                    0 (row viol.)
  Timing            0.39
  Max sub-MIP depth 0
  Nodes             1
  Repair LPs        0
  LP iterations     312
                    0 (strong br.)
                    0 (separation)
                    0 (heuristics)
MIP has 10753 rows; 9409 cols; 25537 nonzeros; 1344 integer variables (1344 binary)
Coefficient ranges:
  Matrix  [2e-01, 3e+00]
  Cost    [5e-03, 6e-02]
  Bound   [1e+00, 1e+00]
  RHS     [1e-03, 7e+00]
Presolving model
8064 rows, 8597 cols, 22036 nonzeros 0s
6135 rows, 6929 cols, 16954 nonzeros 0s
4056 rows, 5007 cols, 11465 nonzeros 0s
3909 rows, 3571 cols, 7983 nonzeros 0s
1790 rows, 2702 cols, 5392 nonzeros 0s
1515 rows, 2164 cols, 4086 nonzeros 0s
964 rows, 1939 cols, 3425 nonzeros 0s
877 rows, 1823 cols, 3222 nonzeros 0s
Presolve reductions: rows 877(-9876); columns 1823(-7586); nonzeros 3222(-22315) 

Solving MIP model with:
   877 rows
   1823 cols (132 binary, 0 integer, 0 implied int., 1691 continuous, 0 domain fixed)
   3222 nonzeros

Src: B => Branching; C => Central rounding; F => Feasibility pump; H => Heuristic;
     I => Shifting; J => Feasibility jump; L => Sub-MIP; P => Empty MIP; R => Randomized rounding;
     S => Solve LP; T => Evaluate node; U => Unbounded; X => User solution; Y => HiGHS solution;
     Z => ZI Round; l => Trivial lower; p => Trivial point; u => Trivial upper; z => Trivial zero

        Nodes      |    B&B Tree     |            Objective Bounds              |  Dynamic Constraints |       Work      
Src  Proc. InQueue |  Leaves   Expl. | BestBound       BestSol              Gap |   Cuts   InLp Confl. | LpIters     Time

 J       0       0         0   0.00%   -inf            9.89389419         Large        0      0      0         0     0.4s
 T       0       0         0   0.00%   -0.9675938363   5.715105329      116.93%        0      0      0       359     0.4s
         1       0         1 100.00%   5.715105329     5.715105329        0.00%        0      0      0       359     0.4s

Solving report
  Status            Optimal
  Primal bound      5.71510532856
  Dual bound        5.71510532856
  Gap               0% (tolerance: 0.5%)
  P-D integral      0.015600634072
  Solution status   feasible
                    5.71510532856 (objective)
                    0 (bound viol.)
                    0 (int. viol.)
                    0 (row viol.)
  Timing            0.44
  Max sub-MIP depth 0
  Nodes             1
  Repair LPs        0
  LP iterations     359
                    0 (strong br.)
                    0 (separation)
                    0 (heuristics)
MIP has 10753 rows; 9409 cols; 25537 nonzeros; 1344 integer variables (1344 binary)
Coefficient ranges:
  Matrix  [2e-01, 3e+00]
  Cost    [5e-03, 6e-02]
  Bound   [1e+00, 1e+00]
  RHS     [6e-17, 7e+00]
WARNING: Problem has some excessively small row bounds
Presolving model
8064 rows, 8633 cols, 22072 nonzeros 0s
6146 rows, 6982 cols, 17024 nonzeros 0s
4060 rows, 5046 cols, 11510 nonzeros 0s
3904 rows, 3581 cols, 7983 nonzeros 0s
1821 rows, 2751 cols, 5496 nonzeros 0s
1548 rows, 2313 cols, 4505 nonzeros 0s
1188 rows, 2075 cols, 3973 nonzeros 0s
1188 rows, 2049 cols, 3947 nonzeros 0s
Presolve reductions: rows 1188(-9565); columns 2049(-7360); nonzeros 3947(-21590) 

Solving MIP model with:
   1188 rows
   2049 cols (179 binary, 0 integer, 0 implied int., 1870 continuous, 0 domain fixed)
   3947 nonzeros

Src: B => Branching; C => Central rounding; F => Feasibility pump; H => Heuristic;
     I => Shifting; J => Feasibility jump; L => Sub-MIP; P => Empty MIP; R => Randomized rounding;
     S => Solve LP; T => Evaluate node; U => Unbounded; X => User solution; Y => HiGHS solution;
     Z => ZI Round; l => Trivial lower; p => Trivial point; u => Trivial upper; z => Trivial zero

        Nodes      |    B&B Tree     |            Objective Bounds              |  Dynamic Constraints |       Work      
Src  Proc. InQueue |  Leaves   Expl. | BestBound       BestSol              Gap |   Cuts   InLp Confl. | LpIters     Time

 J       0       0         0   0.00%   -inf            13.52010567        Large        0      0      0         0     0.5s
 T       0       0         0   0.00%   -1.745280151    6.712174701      126.00%        0      0      0       512     0.5s
         1       0         1 100.00%   6.712174701     6.712174701        0.00%        0      0      0       512     0.5s

Solving report
  Status            Optimal
  Primal bound      6.71217470112
  Dual bound        6.71217470112
  Gap               0% (tolerance: 0.5%)
  P-D integral      0.0193637091006
  Solution status   feasible
                    6.71217470112 (objective)
                    0 (bound viol.)
                    0 (int. viol.)
                    0 (row viol.)
  Timing            0.50
  Max sub-MIP depth 0
  Nodes             1
  Repair LPs        0
  LP iterations     512
                    0 (strong br.)
                    0 (separation)
                    0 (heuristics)
MIP has 10753 rows; 9409 cols; 25537 nonzeros; 1344 integer variables (1344 binary)
Coefficient ranges:
  Matrix  [2e-01, 3e+00]
  Cost    [5e-03, 6e-02]
  Bound   [1e+00, 1e+00]
  RHS     [6e-17, 6e+00]
WARNING: Problem has some excessively small row bounds
Presolving model
8064 rows, 8620 cols, 22059 nonzeros 0s
6133 rows, 6946 cols, 16966 nonzeros 0s
4092 rows, 5073 cols, 11596 nonzeros 0s
3955 rows, 3639 cols, 8126 nonzeros 0s
1851 rows, 2800 cols, 5602 nonzeros 0s
1585 rows, 2358 cols, 4609 nonzeros 0s
1201 rows, 2145 cols, 4069 nonzeros 0s
1193 rows, 2035 cols, 3951 nonzeros 0s
Presolve reductions: rows 1193(-9560); columns 2035(-7374); nonzeros 3951(-21586) 

Solving MIP model with:
   1193 rows
   2035 cols (181 binary, 0 integer, 0 implied int., 1854 continuous, 0 domain fixed)
   3951 nonzeros

Src: B => Branching; C => Central rounding; F => Feasibility pump; H => Heuristic;
     I => Shifting; J => Feasibility jump; L => Sub-MIP; P => Empty MIP; R => Randomized rounding;
     S => Solve LP; T => Evaluate node; U => Unbounded; X => User solution; Y => HiGHS solution;
     Z => ZI Round; l => Trivial lower; p => Trivial point; u => Trivial upper; z => Trivial zero

        Nodes      |    B&B Tree     |            Objective Bounds              |  Dynamic Constraints |       Work      
Src  Proc. InQueue |  Leaves   Expl. | BestBound       BestSol              Gap |   Cuts   InLp Confl. | LpIters     Time

 J       0       0         0   0.00%   -inf            13.82024556        Large        0      0      0         0     0.4s
 T       0       0         0   0.00%   -2.340135624    6.256238421      137.40%        0      0      0       510     0.4s
         1       0         1 100.00%   6.256238421     6.256238421        0.00%        0      0      0       510     0.5s

Solving report
  Status            Optimal
  Primal bound      6.25623842136
  Dual bound        6.25623842136
  Gap               0% (tolerance: 0.5%)
  P-D integral      0.0238328612928
  Solution status   feasible
                    6.25623842136 (objective)
                    0 (bound viol.)
                    0 (int. viol.)
                    0 (row viol.)
  Timing            0.45
  Max sub-MIP depth 0
  Nodes             1
  Repair LPs        0
  LP iterations     510
                    0 (strong br.)
                    0 (separation)
                    0 (heuristics)
MIP has 10753 rows; 9409 cols; 25537 nonzeros; 1344 integer variables (1344 binary)
Coefficient ranges:
  Matrix  [2e-01, 3e+00]
  Cost    [5e-03, 6e-02]
  Bound   [1e+00, 1e+00]
  RHS     [1e-16, 7e+00]
WARNING: Problem has some excessively small row bounds
Presolving model
8064 rows, 8607 cols, 22046 nonzeros 0s
6157 rows, 6968 cols, 17031 nonzeros 0s
4108 rows, 5088 cols, 11638 nonzeros 0s
3984 rows, 3680 cols, 8204 nonzeros 0s
1877 rows, 2841 cols, 5686 nonzeros 0s
1608 rows, 2401 cols, 4668 nonzeros 0s
1202 rows, 2200 cols, 4114 nonzeros 0s
1175 rows, 2065 cols, 3952 nonzeros 0s
Presolve reductions: rows 1175(-9578); columns 2065(-7344); nonzeros 3952(-21585) 

Solving MIP model with:
   1175 rows
   2065 cols (179 binary, 0 integer, 0 implied int., 1886 continuous, 0 domain fixed)
   3952 nonzeros

Src: B => Branching; C => Central rounding; F => Feasibility pump; H => Heuristic;
     I => Shifting; J => Feasibility jump; L => Sub-MIP; P => Empty MIP; R => Randomized rounding;
     S => Solve LP; T => Evaluate node; U => Unbounded; X => User solution; Y => HiGHS solution;
     Z => ZI Round; l => Trivial lower; p => Trivial point; u => Trivial upper; z => Trivial zero

        Nodes      |    B&B Tree     |            Objective Bounds              |  Dynamic Constraints |       Work      
Src  Proc. InQueue |  Leaves   Expl. | BestBound       BestSol              Gap |   Cuts   InLp Confl. | LpIters     Time

         0       0         0   0.00%   -2.623274987    inf                  inf        0      0      0         0     0.4s
 T       0       0         0   0.00%   -2.623274987    6.233415228      142.08%        0      0      0       504     0.4s
         1       0         1 100.00%   6.233415228     6.233415228        0.00%        0      0      0       504     0.4s

Solving report
  Status            Optimal
  Primal bound      6.23341522783
  Dual bound        6.23341522783
  Gap               0% (tolerance: 0.5%)
  P-D integral      7.33153814455e-05
  Solution status   feasible
                    6.23341522783 (objective)
                    0 (bound viol.)
                    0 (int. viol.)
                    0 (row viol.)
  Timing            0.43
  Max sub-MIP depth 0
  Nodes             1
  Repair LPs        0
  LP iterations     504
                    0 (strong br.)
                    0 (separation)
                    0 (heuristics)
MIP has 10753 rows; 9409 cols; 25537 nonzeros; 1344 integer variables (1344 binary)
Coefficient ranges:
  Matrix  [2e-01, 3e+00]
  Cost    [5e-03, 6e-02]
  Bound   [1e+00, 1e+00]
  RHS     [1e-16, 7e+00]
WARNING: Problem has some excessively small row bounds
Presolving model
8064 rows, 8639 cols, 22078 nonzeros 0s
6137 rows, 6971 cols, 16996 nonzeros 0s
4055 rows, 5045 cols, 11504 nonzeros 0s
3916 rows, 3599 cols, 8026 nonzeros 0s
1812 rows, 2757 cols, 5493 nonzeros 0s
1542 rows, 2314 cols, 4507 nonzeros 0s
1174 rows, 2099 cols, 3977 nonzeros 0s
1168 rows, 2025 cols, 3897 nonzeros 0s
Presolve reductions: rows 1168(-9585); columns 2025(-7384); nonzeros 3897(-21640) 

Solving MIP model with:
   1168 rows
   2025 cols (177 binary, 0 integer, 0 implied int., 1848 continuous, 0 domain fixed)
   3897 nonzeros

Src: B => Branching; C => Central rounding; F => Feasibility pump; H => Heuristic;
     I => Shifting; J => Feasibility jump; L => Sub-MIP; P => Empty MIP; R => Randomized rounding;
     S => Solve LP; T => Evaluate node; U => Unbounded; X => User solution; Y => HiGHS solution;
     Z => ZI Round; l => Trivial lower; p => Trivial point; u => Trivial upper; z => Trivial zero

        Nodes      |    B&B Tree     |            Objective Bounds              |  Dynamic Constraints |       Work      
Src  Proc. InQueue |  Leaves   Expl. | BestBound       BestSol              Gap |   Cuts   InLp Confl. | LpIters     Time

         0       0         0   0.00%   -2.089657456    inf                  inf        0      0      0         0     0.5s
 T       0       0         0   0.00%   -2.089657456    5.573190652      137.49%        0      0      0       513     0.5s
         1       0         1 100.00%   5.573190652     5.573190652        0.00%        0      0      0       513     0.5s

Solving report
  Status            Optimal
  Primal bound      5.57319065161
  Dual bound        5.57319065161
  Gap               0% (tolerance: 0.5%)
  P-D integral      0.000110133344097
  Solution status   feasible
                    5.57319065161 (objective)
                    0 (bound viol.)
                    0 (int. viol.)
                    0 (row viol.)
  Timing            0.48
  Max sub-MIP depth 0
  Nodes             1
  Repair LPs        0
  LP iterations     513
                    0 (strong br.)
                    0 (separation)
                    0 (heuristics)
MIP has 10753 rows; 9409 cols; 25537 nonzeros; 1344 integer variables (1344 binary)
Coefficient ranges:
  Matrix  [2e-01, 3e+00]
  Cost    [5e-03, 6e-02]
  Bound   [1e+00, 1e+00]
  RHS     [4e-17, 5e+00]
WARNING: Problem has some excessively small row bounds
Presolving model
8064 rows, 8691 cols, 22130 nonzeros 0s
6078 rows, 6943 cols, 16868 nonzeros 0s
3970 rows, 4984 cols, 11309 nonzeros 0s
3832 rows, 3522 cols, 7852 nonzeros 0s
1646 rows, 2558 cols, 5031 nonzeros 0s
1360 rows, 2190 cols, 4266 nonzeros 0s
1208 rows, 2079 cols, 4026 nonzeros 0s
Presolve reductions: rows 1208(-9545); columns 2079(-7330); nonzeros 4026(-21511) 

Solving MIP model with:
   1208 rows
   2079 cols (185 binary, 0 integer, 0 implied int., 1894 continuous, 0 domain fixed)
   4026 nonzeros

Src: B => Branching; C => Central rounding; F => Feasibility pump; H => Heuristic;
     I => Shifting; J => Feasibility jump; L => Sub-MIP; P => Empty MIP; R => Randomized rounding;
     S => Solve LP; T => Evaluate node; U => Unbounded; X => User solution; Y => HiGHS solution;
     Z => ZI Round; l => Trivial lower; p => Trivial point; u => Trivial upper; z => Trivial zero

        Nodes      |    B&B Tree     |            Objective Bounds              |  Dynamic Constraints |       Work      
Src  Proc. InQueue |  Leaves   Expl. | BestBound       BestSol              Gap |   Cuts   InLp Confl. | LpIters     Time

 J       0       0         0   0.00%   -inf            6.497264654        Large        0      0      0         0     0.5s
 T       0       0         0   0.00%   -2.704110115    2.02010876       233.86%        0      0      0       510     0.5s
         1       0         1 100.00%   2.02010876      2.02010876         0.00%        0      0      0       510     0.5s

Solving report
  Status            Optimal
  Primal bound      2.0201087596
  Dual bound        2.0201087596
  Gap               0% (tolerance: 0.5%)
  P-D integral      0.0321320493059
  Solution status   feasible
                    2.0201087596 (objective)
                    0 (bound viol.)
                    0 (int. viol.)
                    0 (row viol.)
  Timing            0.48
  Max sub-MIP depth 0
  Nodes             1
  Repair LPs        0
  LP iterations     510
                    0 (strong br.)
                    0 (separation)
                    0 (heuristics)
MIP has 10753 rows; 9409 cols; 25537 nonzeros; 1344 integer variables (1344 binary)
Coefficient ranges:
  Matrix  [2e-01, 3e+00]
  Cost    [5e-03, 6e-02]
  Bound   [1e+00, 1e+00]
  RHS     [3e-17, 5e+00]
WARNING: Problem has some excessively small row bounds
Presolving model
8064 rows, 8706 cols, 22145 nonzeros 0s
6094 rows, 6980 cols, 16929 nonzeros 0s
3926 rows, 4939 cols, 11188 nonzeros 0s
3766 rows, 3440 cols, 7660 nonzeros 0s
1595 rows, 2501 cols, 4895 nonzeros 0s
1314 rows, 2162 cols, 4183 nonzeros 0s
1190 rows, 2098 cols, 4013 nonzeros 0s
Presolve reductions: rows 1190(-9563); columns 2098(-7311); nonzeros 4013(-21524) 

Solving MIP model with:
   1190 rows
   2098 cols (182 binary, 0 integer, 0 implied int., 1916 continuous, 0 domain fixed)
   4013 nonzeros

Src: B => Branching; C => Central rounding; F => Feasibility pump; H => Heuristic;
     I => Shifting; J => Feasibility jump; L => Sub-MIP; P => Empty MIP; R => Randomized rounding;
     S => Solve LP; T => Evaluate node; U => Unbounded; X => User solution; Y => HiGHS solution;
     Z => ZI Round; l => Trivial lower; p => Trivial point; u => Trivial upper; z => Trivial zero

        Nodes      |    B&B Tree     |            Objective Bounds              |  Dynamic Constraints |       Work      
Src  Proc. InQueue |  Leaves   Expl. | BestBound       BestSol              Gap |   Cuts   InLp Confl. | LpIters     Time

 J       0       0         0   0.00%   -inf            3.516715336        Large        0      0      0         0     0.4s
 T       0       0         0   0.00%   -3.888014828    -0.3754342073    935.60%        0      0      0       488     0.5s
         1       0         1 100.00%   -0.3754342073   -0.3754342073      0.00%        0      0      0       488     0.5s

Solving report
  Status            Optimal
  Primal bound      -0.375434207347
  Dual bound        -0.375434207347
  Gap               0% (tolerance: 0.5%)
  P-D integral      0.0394722038417
  Solution status   feasible
                    -0.375434207347 (objective)
                    0 (bound viol.)
                    0 (int. viol.)
                    0 (row viol.)
  Timing            0.47
  Max sub-MIP depth 0
  Nodes             1
  Repair LPs        0
  LP iterations     488
                    0 (strong br.)
                    0 (separation)
                    0 (heuristics)
MIP has 10753 rows; 9409 cols; 25537 nonzeros; 1344 integer variables (1344 binary)
Coefficient ranges:
  Matrix  [2e-01, 3e+00]
  Cost    [5e-03, 6e-02]
  Bound   [1e+00, 1e+00]
  RHS     [3e-17, 5e+00]
WARNING: Problem has some excessively small row bounds
Presolving model
8064 rows, 8699 cols, 22138 nonzeros 0s
6098 rows, 6980 cols, 16941 nonzeros 0s
3964 rows, 4985 cols, 11292 nonzeros 0s
3798 rows, 3497 cols, 7760 nonzeros 0s
1647 rows, 2582 cols, 5048 nonzeros 0s
1345 rows, 2226 cols, 4312 nonzeros 0s
1248 rows, 2177 cols, 4188 nonzeros 0s
Presolve reductions: rows 1248(-9505); columns 2177(-7232); nonzeros 4188(-21349) 

Solving MIP model with:
   1248 rows
   2177 cols (191 binary, 0 integer, 0 implied int., 1986 continuous, 0 domain fixed)
   4188 nonzeros

Src: B => Branching; C => Central rounding; F => Feasibility pump; H => Heuristic;
     I => Shifting; J => Feasibility jump; L => Sub-MIP; P => Empty MIP; R => Randomized rounding;
     S => Solve LP; T => Evaluate node; U => Unbounded; X => User solution; Y => HiGHS solution;
     Z => ZI Round; l => Trivial lower; p => Trivial point; u => Trivial upper; z => Trivial zero

        Nodes      |    B&B Tree     |            Objective Bounds              |  Dynamic Constraints |       Work      
Src  Proc. InQueue |  Leaves   Expl. | BestBound       BestSol              Gap |   Cuts   InLp Confl. | LpIters     Time

 J       0       0         0   0.00%   -inf            5.084608936        Large        0      0      0         0     0.5s
 T       0       0         0   0.00%   -4.415812665    0.3232461895    1466.08%        0      0      0       521     0.5s
         1       0         1 100.00%   0.3232461895    0.3232461895       0.00%        0      0      0       521     0.5s

Solving report
  Status            Optimal
  Primal bound      0.323246189538
  Dual bound        0.323246189538
  Gap               0% (tolerance: 0.5%)
  P-D integral      0.0463543904678
  Solution status   feasible
                    0.323246189538 (objective)
                    0 (bound viol.)
                    0 (int. viol.)
                    0 (row viol.)
  Timing            0.52
  Max sub-MIP depth 0
  Nodes             1
  Repair LPs        0
  LP iterations     521
                    0 (strong br.)
                    0 (separation)
                    0 (heuristics)
MIP has 10753 rows; 9409 cols; 25537 nonzeros; 1344 integer variables (1344 binary)
Coefficient ranges:
  Matrix  [2e-01, 3e+00]
  Cost    [5e-03, 6e-02]
  Bound   [1e+00, 1e+00]
  RHS     [1e-17, 5e+00]
WARNING: Problem has some excessively small row bounds
Presolving model
8064 rows, 8737 cols, 22176 nonzeros 0s
6052 rows, 6955 cols, 16838 nonzeros 0s
3942 rows, 4987 cols, 11260 nonzeros 0s
3791 rows, 3575 cols, 7957 nonzeros 0s
1781 rows, 2725 cols, 5425 nonzeros 0s
1500 rows, 2402 cols, 4821 nonzeros 0s
Presolve reductions: rows 1500(-9253); columns 2402(-7007); nonzeros 4821(-20716) 

Solving MIP model with:
   1500 rows
   2402 cols (230 binary, 0 integer, 0 implied int., 2172 continuous, 0 domain fixed)
   4821 nonzeros

Src: B => Branching; C => Central rounding; F => Feasibility pump; H => Heuristic;
     I => Shifting; J => Feasibility jump; L => Sub-MIP; P => Empty MIP; R => Randomized rounding;
     S => Solve LP; T => Evaluate node; U => Unbounded; X => User solution; Y => HiGHS solution;
     Z => ZI Round; l => Trivial lower; p => Trivial point; u => Trivial upper; z => Trivial zero

        Nodes      |    B&B Tree     |            Objective Bounds              |  Dynamic Constraints |       Work      
Src  Proc. InQueue |  Leaves   Expl. | BestBound       BestSol              Gap |   Cuts   InLp Confl. | LpIters     Time

 J       0       0         0   0.00%   -inf            4.301084624        Large        0      0      0         0     0.4s
 T       0       0         0   0.00%   -6.296102269    -1.3564456       364.16%        0      0      0       611     0.5s
         1       0         1 100.00%   -1.3564456      -1.3564456         0.00%        0      0      0       611     0.5s

Solving report
  Status            Optimal
  Primal bound      -1.35644560034
  Dual bound        -1.35644560034
  Gap               0% (tolerance: 0.5%)
  P-D integral      0.0628635990836
  Solution status   feasible
                    -1.35644560034 (objective)
                    0 (bound viol.)
                    0 (int. viol.)
                    0 (row viol.)
  Timing            0.46
  Max sub-MIP depth 0
  Nodes             1
  Repair LPs        0
  LP iterations     611
                    0 (strong br.)
                    0 (separation)
                    0 (heuristics)
MIP has 10753 rows; 9409 cols; 25537 nonzeros; 1344 integer variables (1344 binary)
Coefficient ranges:
  Matrix  [2e-01, 3e+00]
  Cost    [5e-03, 6e-02]
  Bound   [1e+00, 1e+00]
  RHS     [1e-17, 5e+00]
WARNING: Problem has some excessively small row bounds
Presolving model
8064 rows, 8757 cols, 22196 nonzeros 0s
6083 rows, 7012 cols, 16938 nonzeros 0s
3943 rows, 5008 cols, 11270 nonzeros 0s
3787 rows, 3598 cols, 7976 nonzeros 0s
1767 rows, 2707 cols, 5385 nonzeros 0s
1487 rows, 2346 cols, 4744 nonzeros 0s
Presolve reductions: rows 1487(-9266); columns 2346(-7063); nonzeros 4744(-20793) 

Solving MIP model with:
   1487 rows
   2346 cols (228 binary, 0 integer, 0 implied int., 2118 continuous, 0 domain fixed)
   4744 nonzeros

Src: B => Branching; C => Central rounding; F => Feasibility pump; H => Heuristic;
     I => Shifting; J => Feasibility jump; L => Sub-MIP; P => Empty MIP; R => Randomized rounding;
     S => Solve LP; T => Evaluate node; U => Unbounded; X => User solution; Y => HiGHS solution;
     Z => ZI Round; l => Trivial lower; p => Trivial point; u => Trivial upper; z => Trivial zero

        Nodes      |    B&B Tree     |            Objective Bounds              |  Dynamic Constraints |       Work      
Src  Proc. InQueue |  Leaves   Expl. | BestBound       BestSol              Gap |   Cuts   InLp Confl. | LpIters     Time

 J       0       0         0   0.00%   -inf            4.534342534        Large        0      0      0         0     0.4s
 T       0       0         0   0.00%   -6.032507405    -0.8057274339    648.70%        0      0      0       602     0.5s
         1       0         1 100.00%   -0.8057274339   -0.8057274339      0.00%        0      0      0       602     0.5s

Solving report
  Status            Optimal
  Primal bound      -0.805727433899
  Dual bound        -0.805727433899
  Gap               0% (tolerance: 0.5%)
  P-D integral      0.0616491443922
  Solution status   feasible
                    -0.805727433899 (objective)
                    0 (bound viol.)
                    0 (int. viol.)
                    0 (row viol.)
  Timing            0.46
  Max sub-MIP depth 0
  Nodes             1
  Repair LPs        0
  LP iterations     602
                    0 (strong br.)
                    0 (separation)
                    0 (heuristics)
MIP has 10753 rows; 9409 cols; 25537 nonzeros; 1344 integer variables (1344 binary)
Coefficient ranges:
  Matrix  [2e-01, 3e+00]
  Cost    [5e-03, 6e-02]
  Bound   [1e+00, 1e+00]
  RHS     [8e-03, 5e+00]
Presolving model
8064 rows, 8767 cols, 22206 nonzeros 0s
6080 rows, 7021 cols, 16948 nonzeros 0s
3935 rows, 5008 cols, 11274 nonzeros 0s
3774 rows, 3629 cols, 8123 nonzeros 0s
1866 rows, 2768 cols, 5629 nonzeros 0s
1609 rows, 2489 cols, 5093 nonzeros 0s
Presolve reductions: rows 1609(-9144); columns 2489(-6920); nonzeros 5093(-20444) 

Solving MIP model with:
   1609 rows
   2489 cols (249 binary, 0 integer, 0 implied int., 2240 continuous, 0 domain fixed)
   5093 nonzeros

Src: B => Branching; C => Central rounding; F => Feasibility pump; H => Heuristic;
     I => Shifting; J => Feasibility jump; L => Sub-MIP; P => Empty MIP; R => Randomized rounding;
     S => Solve LP; T => Evaluate node; U => Unbounded; X => User solution; Y => HiGHS solution;
     Z => ZI Round; l => Trivial lower; p => Trivial point; u => Trivial upper; z => Trivial zero

        Nodes      |    B&B Tree     |            Objective Bounds              |  Dynamic Constraints |       Work      
Src  Proc. InQueue |  Leaves   Expl. | BestBound       BestSol              Gap |   Cuts   InLp Confl. | LpIters     Time

         0       0         0   0.00%   -6.483583675    inf                  inf        0      0      0         0     0.4s
 T       0       0         0   0.00%   -6.483583675    -1.46032215      343.98%        0      0      0       645     0.4s
         1       0         1 100.00%   -1.46032215     -1.46032215        0.00%        0      0      0       645     0.4s

Solving report
  Status            Optimal
  Primal bound      -1.46032214981
  Dual bound        -1.46032214981
  Gap               0% (tolerance: 0.5%)
  P-D integral      0.000233564557196
  Solution status   feasible
                    -1.46032214981 (objective)
                    0 (bound viol.)
                    0 (int. viol.)
                    0 (row viol.)
  Timing            0.44
  Max sub-MIP depth 0
  Nodes             1
  Repair LPs        0
  LP iterations     645
                    0 (strong br.)
                    0 (separation)
                    0 (heuristics)
MIP has 10753 rows; 9409 cols; 25537 nonzeros; 1344 integer variables (1344 binary)
Coefficient ranges:
  Matrix  [2e-01, 3e+00]
  Cost    [5e-03, 6e-02]
  Bound   [1e+00, 1e+00]
  RHS     [2e-16, 6e+00]
WARNING: Problem has some excessively small row bounds
Presolving model
8064 rows, 8789 cols, 22228 nonzeros 0s
6083 rows, 7053 cols, 16991 nonzeros 0s
3908 rows, 4991 cols, 11218 nonzeros 0s
3723 rows, 3743 cols, 8436 nonzeros 0s
2208 rows, 3115 cols, 6570 nonzeros 0s
2002 rows, 2888 cols, 6135 nonzeros 0s
Presolve reductions: rows 2002(-8751); columns 2888(-6521); nonzeros 6135(-19402) 

Solving MIP model with:
   2002 rows
   2888 cols (312 binary, 0 integer, 0 implied int., 2576 continuous, 0 domain fixed)
   6135 nonzeros

Src: B => Branching; C => Central rounding; F => Feasibility pump; H => Heuristic;
     I => Shifting; J => Feasibility jump; L => Sub-MIP; P => Empty MIP; R => Randomized rounding;
     S => Solve LP; T => Evaluate node; U => Unbounded; X => User solution; Y => HiGHS solution;
     Z => ZI Round; l => Trivial lower; p => Trivial point; u => Trivial upper; z => Trivial zero

        Nodes      |    B&B Tree     |            Objective Bounds              |  Dynamic Constraints |       Work      
Src  Proc. InQueue |  Leaves   Expl. | BestBound       BestSol              Gap |   Cuts   InLp Confl. | LpIters     Time

 J       0       0         0   0.00%   -inf            1.743172942        Large        0      0      0         0     0.5s
 T       0       0         0   0.00%   -9.630125674    -4.334626159     122.17%        0      0      0       790     0.5s
         1       0         1 100.00%   -4.334626159    -4.334626159       0.00%        0      0      0       790     0.5s

Solving report
  Status            Optimal
  Primal bound      -4.33462615933
  Dual bound        -4.33462615933
  Gap               0% (tolerance: 0.5%)
  P-D integral      0.214047648362
  Solution status   feasible
                    -4.33462615933 (objective)
                    0 (bound viol.)
                    0 (int. viol.)
                    0 (row viol.)
  Timing            0.52
  Max sub-MIP depth 0
  Nodes             1
  Repair LPs        0
  LP iterations     790
                    0 (strong br.)
                    0 (separation)
                    0 (heuristics)
MIP has 10753 rows; 9409 cols; 25537 nonzeros; 1344 integer variables (1344 binary)
Coefficient ranges:
  Matrix  [2e-01, 3e+00]
  Cost    [5e-03, 6e-02]
  Bound   [1e+00, 1e+00]
  RHS     [2e-16, 6e+00]
WARNING: Problem has some excessively small row bounds
Presolving model
8064 rows, 8800 cols, 22239 nonzeros 0s
6103 rows, 7088 cols, 17054 nonzeros 0s
3946 rows, 5062 cols, 11351 nonzeros 0s
3756 rows, 3879 cols, 8766 nonzeros 0s
2352 rows, 3272 cols, 6973 nonzeros 0s
2150 rows, 3046 cols, 6547 nonzeros 0s
Presolve reductions: rows 2150(-8603); columns 3046(-6363); nonzeros 6547(-18990) 

Solving MIP model with:
   2150 rows
   3046 cols (338 binary, 0 integer, 0 implied int., 2708 continuous, 0 domain fixed)
   6547 nonzeros

Src: B => Branching; C => Central rounding; F => Feasibility pump; H => Heuristic;
     I => Shifting; J => Feasibility jump; L => Sub-MIP; P => Empty MIP; R => Randomized rounding;
     S => Solve LP; T => Evaluate node; U => Unbounded; X => User solution; Y => HiGHS solution;
     Z => ZI Round; l => Trivial lower; p => Trivial point; u => Trivial upper; z => Trivial zero

        Nodes      |    B&B Tree     |            Objective Bounds              |  Dynamic Constraints |       Work      
Src  Proc. InQueue |  Leaves   Expl. | BestBound       BestSol              Gap |   Cuts   InLp Confl. | LpIters     Time

 J       0       0         0   0.00%   -inf            -0.2817822841      Large        0      0      0         0     0.5s
 T       0       0         0   0.00%   -10.96854537    -5.801004076      89.08%        0      0      0       828     0.5s
         1       0         1 100.00%   -5.801004076    -5.801004076       0.00%        0      0      0       828     0.5s

Solving report
  Status            Optimal
  Primal bound      -5.80100407637
  Dual bound        -5.80100407637
  Gap               0% (tolerance: 0.5%)
  P-D integral      1.38189508217
  Solution status   feasible
                    -5.80100407637 (objective)
                    0 (bound viol.)
                    0 (int. viol.)
                    0 (row viol.)
  Timing            0.50
  Max sub-MIP depth 0
  Nodes             1
  Repair LPs        0
  LP iterations     828
                    0 (strong br.)
                    0 (separation)
                    0 (heuristics)
MIP has 10753 rows; 9409 cols; 25537 nonzeros; 1344 integer variables (1344 binary)
Coefficient ranges:
  Matrix  [2e-01, 3e+00]
  Cost    [5e-03, 6e-02]
  Bound   [1e+00, 1e+00]
  RHS     [2e-03, 6e+00]
Presolving model
8064 rows, 8809 cols, 22248 nonzeros 0s
6065 rows, 7047 cols, 16955 nonzeros 0s
3892 rows, 4979 cols, 11170 nonzeros 0s
3701 rows, 3744 cols, 8426 nonzeros 0s
2160 rows, 3073 cols, 6443 nonzeros 0s
1942 rows, 2834 cols, 5985 nonzeros 0s
Presolve reductions: rows 1942(-8811); columns 2834(-6575); nonzeros 5985(-19552) 

Solving MIP model with:
   1942 rows
   2834 cols (303 binary, 0 integer, 0 implied int., 2531 continuous, 0 domain fixed)
   5985 nonzeros

Src: B => Branching; C => Central rounding; F => Feasibility pump; H => Heuristic;
     I => Shifting; J => Feasibility jump; L => Sub-MIP; P => Empty MIP; R => Randomized rounding;
     S => Solve LP; T => Evaluate node; U => Unbounded; X => User solution; Y => HiGHS solution;
     Z => ZI Round; l => Trivial lower; p => Trivial point; u => Trivial upper; z => Trivial zero

        Nodes      |    B&B Tree     |            Objective Bounds              |  Dynamic Constraints |       Work      
Src  Proc. InQueue |  Leaves   Expl. | BestBound       BestSol              Gap |   Cuts   InLp Confl. | LpIters     Time

         0       0         0   0.00%   -8.714534029    inf                  inf        0      0      0         0     0.5s
 T       0       0         0   0.00%   -8.714534029    -4.129827763     111.01%        0      0      0       760     0.5s
         1       0         1 100.00%   -4.129827763    -4.129827763       0.00%        0      0      0       760     0.5s

Solving report
  Status            Optimal
  Primal bound      -4.12982776307
  Dual bound        -4.12982776307
  Gap               0% (tolerance: 0.5%)
  P-D integral      7.28254954033e-05
  Solution status   feasible
                    -4.12982776307 (objective)
                    0 (bound viol.)
                    0 (int. viol.)
                    0 (row viol.)
  Timing            0.51
  Max sub-MIP depth 0
  Nodes             1
  Repair LPs        0
  LP iterations     760
                    0 (strong br.)
                    0 (separation)
                    0 (heuristics)
MIP has 10753 rows; 9409 cols; 25537 nonzeros; 1344 integer variables (1344 binary)
Coefficient ranges:
  Matrix  [2e-01, 3e+00]
  Cost    [5e-03, 6e-02]
  Bound   [1e+00, 1e+00]
  RHS     [6e-17, 6e+00]
WARNING: Problem has some excessively small row bounds
Presolving model
8064 rows, 8825 cols, 22264 nonzeros 0s
6046 rows, 7037 cols, 16914 nonzeros 0s
3869 rows, 4967 cols, 11119 nonzeros 0s
3708 rows, 3720 cols, 8343 nonzeros 0s
2056 rows, 2979 cols, 6162 nonzeros 0s
1824 rows, 2693 cols, 5644 nonzeros 0s
Presolve reductions: rows 1824(-8929); columns 2693(-6716); nonzeros 5644(-19893) 

Solving MIP model with:
   1824 rows
   2693 cols (282 binary, 0 integer, 0 implied int., 2411 continuous, 0 domain fixed)
   5644 nonzeros

Src: B => Branching; C => Central rounding; F => Feasibility pump; H => Heuristic;
     I => Shifting; J => Feasibility jump; L => Sub-MIP; P => Empty MIP; R => Randomized rounding;
     S => Solve LP; T => Evaluate node; U => Unbounded; X => User solution; Y => HiGHS solution;
     Z => ZI Round; l => Trivial lower; p => Trivial point; u => Trivial upper; z => Trivial zero

        Nodes      |    B&B Tree     |            Objective Bounds              |  Dynamic Constraints |       Work      
Src  Proc. InQueue |  Leaves   Expl. | BestBound       BestSol              Gap |   Cuts   InLp Confl. | LpIters     Time

 J       0       0         0   0.00%   -inf            0.9948878997       Large        0      0      0         0     0.4s
 T       0       0         0   0.00%   -8.464603447    -4.188958358     102.07%        0      0      0       729     0.4s
         1       0         1 100.00%   -4.188958358    -4.188958358       0.00%        0      0      0       729     0.4s

Solving report
  Status            Optimal
  Primal bound      -4.18895835794
  Dual bound        -4.18895835794
  Gap               0% (tolerance: 0.5%)
  P-D integral      0.254578202196
  Solution status   feasible
                    -4.18895835794 (objective)
                    0 (bound viol.)
                    0 (int. viol.)
                    0 (row viol.)
  Timing            0.42
  Max sub-MIP depth 0
  Nodes             1
  Repair LPs        0
  LP iterations     729
                    0 (strong br.)
                    0 (separation)
                    0 (heuristics)
MIP has 10753 rows; 9409 cols; 25537 nonzeros; 1344 integer variables (1344 binary)
Coefficient ranges:
  Matrix  [2e-01, 3e+00]
  Cost    [5e-03, 6e-02]
  Bound   [1e+00, 1e+00]
  RHS     [3e-17, 6e+00]
WARNING: Problem has some excessively small row bounds
Presolving model
8064 rows, 8807 cols, 22246 nonzeros 0s
6046 rows, 7016 cols, 16885 nonzeros 0s
3832 rows, 4902 cols, 10997 nonzeros 0s
3651 rows, 3595 cols, 8066 nonzeros 0s
1934 rows, 2827 cols, 5811 nonzeros 0s
1697 rows, 2559 cols, 5307 nonzeros 0s
Presolve reductions: rows 1697(-9056); columns 2559(-6850); nonzeros 5307(-20230) 

Solving MIP model with:
   1697 rows
   2559 cols (263 binary, 0 integer, 0 implied int., 2296 continuous, 0 domain fixed)
   5307 nonzeros

Src: B => Branching; C => Central rounding; F => Feasibility pump; H => Heuristic;
     I => Shifting; J => Feasibility jump; L => Sub-MIP; P => Empty MIP; R => Randomized rounding;
     S => Solve LP; T => Evaluate node; U => Unbounded; X => User solution; Y => HiGHS solution;
     Z => ZI Round; l => Trivial lower; p => Trivial point; u => Trivial upper; z => Trivial zero

        Nodes      |    B&B Tree     |            Objective Bounds              |  Dynamic Constraints |       Work      
Src  Proc. InQueue |  Leaves   Expl. | BestBound       BestSol              Gap |   Cuts   InLp Confl. | LpIters     Time

 J       0       0         0   0.00%   -inf            0.3035516382       Large        0      0      0         0     0.4s
 T       0       0         0   0.00%   -8.221555081    -4.735029031      73.63%        0      0      0       679     0.5s
         1       0         1 100.00%   -4.735029031    -4.735029031       0.00%        0      0      0       679     0.5s

Solving report
  Status            Optimal
  Primal bound      -4.73502903054
  Dual bound        -4.73502903054
  Gap               0% (tolerance: 0.5%)
  P-D integral      0.751719847897
  Solution status   feasible
                    -4.73502903054 (objective)
                    0 (bound viol.)
                    0 (int. viol.)
                    0 (row viol.)
  Timing            0.47
  Max sub-MIP depth 0
  Nodes             1
  Repair LPs        0
  LP iterations     679
                    0 (strong br.)
                    0 (separation)
                    0 (heuristics)
MIP has 10753 rows; 9409 cols; 25537 nonzeros; 1344 integer variables (1344 binary)
Coefficient ranges:
  Matrix  [2e-01, 3e+00]
  Cost    [5e-03, 6e-02]
  Bound   [1e+00, 1e+00]
  RHS     [3e-17, 5e+00]
WARNING: Problem has some excessively small row bounds
Presolving model
8064 rows, 8922 cols, 22361 nonzeros 0s
5904 rows, 6936 cols, 16563 nonzeros 0s
3584 rows, 4662 cols, 10329 nonzeros 0s
3404 rows, 3304 cols, 7360 nonzeros 0s
1552 rows, 2377 cols, 4732 nonzeros 0s
1305 rows, 2130 cols, 4238 nonzeros 0s
Presolve reductions: rows 1305(-9448); columns 2130(-7279); nonzeros 4238(-21299) 

Solving MIP model with:
   1305 rows
   2130 cols (201 binary, 0 integer, 0 implied int., 1929 continuous, 0 domain fixed)
   4238 nonzeros

Src: B => Branching; C => Central rounding; F => Feasibility pump; H => Heuristic;
     I => Shifting; J => Feasibility jump; L => Sub-MIP; P => Empty MIP; R => Randomized rounding;
     S => Solve LP; T => Evaluate node; U => Unbounded; X => User solution; Y => HiGHS solution;
     Z => ZI Round; l => Trivial lower; p => Trivial point; u => Trivial upper; z => Trivial zero

        Nodes      |    B&B Tree     |            Objective Bounds              |  Dynamic Constraints |       Work      
Src  Proc. InQueue |  Leaves   Expl. | BestBound       BestSol              Gap |   Cuts   InLp Confl. | LpIters     Time

 J       0       0         0   0.00%   -inf            2.012331555        Large        0      0      0         0     0.4s
 T       0       0         0   0.00%   -4.819777461    -1.950518579     147.10%        0      0      0       525     0.5s
         1       0         1 100.00%   -1.950518579    -1.950518579       0.00%        0      0      0       525     0.5s

Solving report
  Status            Optimal
  Primal bound      -1.95051857854
  Dual bound        -1.95051857854
  Gap               0% (tolerance: 0.5%)
  P-D integral      0.0724109919044
  Solution status   feasible
                    -1.95051857854 (objective)
                    0 (bound viol.)
                    0 (int. viol.)
                    0 (row viol.)
  Timing            0.45
  Max sub-MIP depth 0
  Nodes             1
  Repair LPs        0
  LP iterations     525
                    0 (strong br.)
                    0 (separation)
                    0 (heuristics)
MIP has 10753 rows; 9409 cols; 25537 nonzeros; 1344 integer variables (1344 binary)
Coefficient ranges:
  Matrix  [2e-01, 3e+00]
  Cost    [5e-03, 6e-02]
  Bound   [1e+00, 1e+00]
  RHS     [1e-17, 5e+00]
WARNING: Problem has some excessively small row bounds
Presolving model
8064 rows, 9238 cols, 22677 nonzeros 0s
5598 rows, 6836 cols, 15933 nonzeros 0s
2922 rows, 4047 cols, 8600 nonzeros 0s
2693 rows, 2695 cols, 5959 nonzeros 0s
927 rows, 1608 cols, 2940 nonzeros 0s
707 rows, 1388 cols, 2500 nonzeros 0s
671 rows, 1352 cols, 2428 nonzeros 0s
Presolve reductions: rows 671(-10082); columns 1352(-8057); nonzeros 2428(-23109) 

Solving MIP model with:
   671 rows
   1352 cols (102 binary, 0 integer, 0 implied int., 1250 continuous, 0 domain fixed)
   2428 nonzeros

Src: B => Branching; C => Central rounding; F => Feasibility pump; H => Heuristic;
     I => Shifting; J => Feasibility jump; L => Sub-MIP; P => Empty MIP; R => Randomized rounding;
     S => Solve LP; T => Evaluate node; U => Unbounded; X => User solution; Y => HiGHS solution;
     Z => ZI Round; l => Trivial lower; p => Trivial point; u => Trivial upper; z => Trivial zero

        Nodes      |    B&B Tree     |            Objective Bounds              |  Dynamic Constraints |       Work      
Src  Proc. InQueue |  Leaves   Expl. | BestBound       BestSol              Gap |   Cuts   InLp Confl. | LpIters     Time

 J       0       0         0   0.00%   -inf            1.032301595        Large        0      0      0         0     0.6s
 T       0       0         0   0.00%   -1.671076054    -0.2357212247    608.92%        0      0      0       278     0.6s
         1       0         1 100.00%   -0.2357212247   -0.2357212247      0.00%        0      0      0       278     0.6s

Solving report
  Status            Optimal
  Primal bound      -0.235721224679
  Dual bound        -0.235721224679
  Gap               0% (tolerance: 0.5%)
  P-D integral      0.0342246881846
  Solution status   feasible
                    -0.235721224679 (objective)
                    0 (bound viol.)
                    0 (int. viol.)
                    0 (row viol.)
  Timing            0.57
  Max sub-MIP depth 0
  Nodes             1
  Repair LPs        0
  LP iterations     278
                    0 (strong br.)
                    0 (separation)
                    0 (heuristics)
MIP has 10753 rows; 9409 cols; 25537 nonzeros; 1344 integer variables (1344 binary)
Coefficient ranges:
  Matrix  [2e-01, 3e+00]
  Cost    [5e-03, 6e-02]
  Bound   [1e+00, 1e+00]
  RHS     [1e-17, 5e+00]
WARNING: Problem has some excessively small row bounds
Presolving model
8064 rows, 9134 cols, 22573 nonzeros 0s
5717 rows, 6894 cols, 16198 nonzeros 0s
3149 rows, 4277 cols, 9213 nonzeros 0s
2963 rows, 2898 cols, 6415 nonzeros 0s
1009 rows, 1765 cols, 3213 nonzeros 0s
790 rows, 1538 cols, 2767 nonzeros 0s
713 rows, 1360 cols, 2512 nonzeros 0s
Presolve reductions: rows 713(-10040); columns 1360(-8049); nonzeros 2512(-23025) 

Solving MIP model with:
   713 rows
   1360 cols (110 binary, 0 integer, 0 implied int., 1250 continuous, 0 domain fixed)
   2512 nonzeros

Src: B => Branching; C => Central rounding; F => Feasibility pump; H => Heuristic;
     I => Shifting; J => Feasibility jump; L => Sub-MIP; P => Empty MIP; R => Randomized rounding;
     S => Solve LP; T => Evaluate node; U => Unbounded; X => User solution; Y => HiGHS solution;
     Z => ZI Round; l => Trivial lower; p => Trivial point; u => Trivial upper; z => Trivial zero

        Nodes      |    B&B Tree     |            Objective Bounds              |  Dynamic Constraints |       Work      
Src  Proc. InQueue |  Leaves   Expl. | BestBound       BestSol              Gap |   Cuts   InLp Confl. | LpIters     Time

 J       0       0         0   0.00%   -inf            0.9547593268       Large        0      0      0         0     0.4s
 T       0       0         0   0.00%   -2.366246893    -0.8013267258    195.29%        0      0      0       287     0.4s
         1       0         1 100.00%   -0.8013267258   -0.8013267258      0.00%        0      0      0       287     0.4s

Solving report
  Status            Optimal
  Primal bound      -0.801326725766
  Dual bound        -0.801326725766
  Gap               0% (tolerance: 0.5%)
  P-D integral      0.0386031707003
  Solution status   feasible
                    -0.801326725766 (objective)
                    0 (bound viol.)
                    0 (int. viol.)
                    0 (row viol.)
  Timing            0.38
  Max sub-MIP depth 0
  Nodes             1
  Repair LPs        0
  LP iterations     287
                    0 (strong br.)
                    0 (separation)
                    0 (heuristics)
MIP has 10753 rows; 9409 cols; 25537 nonzeros; 1344 integer variables (1344 binary)
Coefficient ranges:
  Matrix  [2e-01, 3e+00]
  Cost    [5e-03, 6e-02]
  Bound   [1e+00, 1e+00]
  RHS     [4e-17, 5e+00]
WARNING: Problem has some excessively small row bounds
Presolving model
8064 rows, 8820 cols, 22259 nonzeros 0s
5977 rows, 6937 cols, 16694 nonzeros 0s
3742 rows, 4790 cols, 10733 nonzeros 0s
3580 rows, 3410 cols, 7631 nonzeros 0s
1640 rows, 2510 cols, 5009 nonzeros 0s
1369 rows, 2225 cols, 4453 nonzeros 0s
Presolve reductions: rows 1369(-9384); columns 2225(-7184); nonzeros 4453(-21084) 

Solving MIP model with:
   1369 rows
   2225 cols (215 binary, 0 integer, 0 implied int., 2010 continuous, 0 domain fixed)
   4453 nonzeros

Src: B => Branching; C => Central rounding; F => Feasibility pump; H => Heuristic;
     I => Shifting; J => Feasibility jump; L => Sub-MIP; P => Empty MIP; R => Randomized rounding;
     S => Solve LP; T => Evaluate node; U => Unbounded; X => User solution; Y => HiGHS solution;
     Z => ZI Round; l => Trivial lower; p => Trivial point; u => Trivial upper; z => Trivial zero

        Nodes      |    B&B Tree     |            Objective Bounds              |  Dynamic Constraints |       Work      
Src  Proc. InQueue |  Leaves   Expl. | BestBound       BestSol              Gap |   Cuts   InLp Confl. | LpIters     Time

 J       0       0         0   0.00%   -inf            2.21962415         Large        0      0      0         0     0.5s
 T       0       0         0   0.00%   -5.821289182    -2.619216081     122.25%        0      0      0       545     0.5s
         1       0         1 100.00%   -2.619216081    -2.619216081       0.00%        0      0      0       545     0.5s

Solving report
  Status            Optimal
  Primal bound      -2.61921608134
  Dual bound        -2.61921608134
  Gap               0% (tolerance: 0.5%)
  P-D integral      0.0842964376584
  Solution status   feasible
                    -2.61921608134 (objective)
                    0 (bound viol.)
                    0 (int. viol.)
                    0 (row viol.)
  Timing            0.49
  Max sub-MIP depth 0
  Nodes             1
  Repair LPs        0
  LP iterations     545
                    0 (strong br.)
                    0 (separation)
                    0 (heuristics)
MIP has 10753 rows; 9409 cols; 25537 nonzeros; 1344 integer variables (1344 binary)
Coefficient ranges:
  Matrix  [2e-01, 3e+00]
  Cost    [5e-03, 6e-02]
  Bound   [1e+00, 1e+00]
  RHS     [1e-16, 5e+00]
WARNING: Problem has some excessively small row bounds
Presolving model
8064 rows, 8784 cols, 22223 nonzeros 0s
6036 rows, 6984 cols, 16843 nonzeros 0s
3813 rows, 4867 cols, 10935 nonzeros 0s
3640 rows, 3486 cols, 7809 nonzeros 0s
1750 rows, 2629 cols, 5306 nonzeros 0s
1491 rows, 2361 cols, 4777 nonzeros 0s
Presolve reductions: rows 1491(-9262); columns 2361(-7048); nonzeros 4777(-20760) 

Solving MIP model with:
   1491 rows
   2361 cols (232 binary, 0 integer, 0 implied int., 2129 continuous, 0 domain fixed)
   4777 nonzeros

Src: B => Branching; C => Central rounding; F => Feasibility pump; H => Heuristic;
     I => Shifting; J => Feasibility jump; L => Sub-MIP; P => Empty MIP; R => Randomized rounding;
     S => Solve LP; T => Evaluate node; U => Unbounded; X => User solution; Y => HiGHS solution;
     Z => ZI Round; l => Trivial lower; p => Trivial point; u => Trivial upper; z => Trivial zero

        Nodes      |    B&B Tree     |            Objective Bounds              |  Dynamic Constraints |       Work      
Src  Proc. InQueue |  Leaves   Expl. | BestBound       BestSol              Gap |   Cuts   InLp Confl. | LpIters     Time

         0       0         0   0.00%   -5.725634769    inf                  inf        0      0      0         0     0.4s
 T       0       0         0   0.00%   -5.725634769    -2.282172308     150.89%        0      0      0       588     0.5s
         1       0         1 100.00%   -2.282172308    -2.282172308       0.00%        0      0      0       588     0.5s

Solving report
  Status            Optimal
  Primal bound      -2.28217230834
  Dual bound        -2.28217230834
  Gap               0% (tolerance: 0.5%)
  P-D integral      0.000207014622647
  Solution status   feasible
                    -2.28217230834 (objective)
                    0 (bound viol.)
                    0 (int. viol.)
                    0 (row viol.)
  Timing            0.45
  Max sub-MIP depth 0
  Nodes             1
  Repair LPs        0
  LP iterations     588
                    0 (strong br.)
                    0 (separation)
                    0 (heuristics)
MIP has 10753 rows; 9409 cols; 25537 nonzeros; 1344 integer variables (1344 binary)
Coefficient ranges:
  Matrix  [2e-01, 3e+00]
  Cost    [5e-03, 6e-02]
  Bound   [1e+00, 1e+00]
  RHS     [3e-04, 6e+00]
Presolving model
8064 rows, 8776 cols, 22215 nonzeros 0s
6062 rows, 7003 cols, 16896 nonzeros 0s
3931 rows, 5010 cols, 11252 nonzeros 0s
3780 rows, 3631 cols, 8042 nonzeros 0s
1800 rows, 2771 cols, 5498 nonzeros 0s
1536 rows, 2495 cols, 4958 nonzeros 0s
Presolve reductions: rows 1536(-9217); columns 2495(-6914); nonzeros 4958(-20579) 

Solving MIP model with:
   1536 rows
   2495 cols (232 binary, 0 integer, 0 implied int., 2263 continuous, 0 domain fixed)
   4958 nonzeros

Src: B => Branching; C => Central rounding; F => Feasibility pump; H => Heuristic;
     I => Shifting; J => Feasibility jump; L => Sub-MIP; P => Empty MIP; R => Randomized rounding;
     S => Solve LP; T => Evaluate node; U => Unbounded; X => User solution; Y => HiGHS solution;
     Z => ZI Round; l => Trivial lower; p => Trivial point; u => Trivial upper; z => Trivial zero

        Nodes      |    B&B Tree     |            Objective Bounds              |  Dynamic Constraints |       Work      
Src  Proc. InQueue |  Leaves   Expl. | BestBound       BestSol              Gap |   Cuts   InLp Confl. | LpIters     Time

 J       0       0         0   0.00%   -inf            3.241315841        Large        0      0      0         0     0.4s
 T       0       0         0   0.00%   -5.312079694    -1.754126757     202.83%        0      0      0       633     0.4s
         1       0         1 100.00%   -1.754126757    -1.754126757       0.00%        0      0      0       633     0.4s

Solving report
  Status            Optimal
  Primal bound      -1.75412675739
  Dual bound        -1.75412675739
  Gap               0% (tolerance: 0.5%)
  P-D integral      0.0673684449413
  Solution status   feasible
                    -1.75412675739 (objective)
                    0 (bound viol.)
                    0 (int. viol.)
                    0 (row viol.)
  Timing            0.43
  Max sub-MIP depth 0
  Nodes             1
  Repair LPs        0
  LP iterations     633
                    0 (strong br.)
                    0 (separation)
                    0 (heuristics)
MIP has 10753 rows; 9409 cols; 25537 nonzeros; 1344 integer variables (1344 binary)
Coefficient ranges:
  Matrix  [2e-01, 3e+00]
  Cost    [5e-03, 6e-02]
  Bound   [1e+00, 1e+00]
  RHS     [2e-15, 6e+00]
WARNING: Problem has some excessively small row bounds
Presolving model
8064 rows, 8714 cols, 22153 nonzeros 0s
6123 rows, 7024 cols, 17022 nonzeros 0s
3990 rows, 5029 cols, 11374 nonzeros 0s
3845 rows, 3564 cols, 7874 nonzeros 0s
1734 rows, 2713 cols, 5314 nonzeros 0s
1435 rows, 2408 cols, 4710 nonzeros 0s
Presolve reductions: rows 1435(-9318); columns 2408(-7001); nonzeros 4710(-20827) 

Solving MIP model with:
   1435 rows
   2408 cols (217 binary, 0 integer, 0 implied int., 2191 continuous, 0 domain fixed)
   4710 nonzeros

Src: B => Branching; C => Central rounding; F => Feasibility pump; H => Heuristic;
     I => Shifting; J => Feasibility jump; L => Sub-MIP; P => Empty MIP; R => Randomized rounding;
     S => Solve LP; T => Evaluate node; U => Unbounded; X => User solution; Y => HiGHS solution;
     Z => ZI Round; l => Trivial lower; p => Trivial point; u => Trivial upper; z => Trivial zero

        Nodes      |    B&B Tree     |            Objective Bounds              |  Dynamic Constraints |       Work      
Src  Proc. InQueue |  Leaves   Expl. | BestBound       BestSol              Gap |   Cuts   InLp Confl. | LpIters     Time

 J       0       0         0   0.00%   -inf            3.723206195        Large        0      0      0         0     0.4s
         0       0         0   0.00%   -1.359722936    3.723206195      136.52%        0      0      2       594     0.4s
 C       0       0         0   0.00%   -1.359722936    -1.359722936       0.00%        0      0      2       595     0.4s
         1       0         1 100.00%   -1.359722936    -1.359722936       0.00%        0      0      2       595     0.4s

Solving report
  Status            Optimal
  Primal bound      -1.35972293613
  Dual bound        -1.35972293613
  Gap               0% (tolerance: 0.5%)
  P-D integral      0.111603669531
  Solution status   feasible
                    -1.35972293613 (objective)
                    0 (bound viol.)
                    0 (int. viol.)
                    0 (row viol.)
  Timing            0.44
  Max sub-MIP depth 0
  Nodes             1
  Repair LPs        0
  LP iterations     595
                    0 (strong br.)
                    1 (separation)
                    0 (heuristics)
MIP has 10753 rows; 9409 cols; 25537 nonzeros; 1344 integer variables (1344 binary)
Coefficient ranges:
  Matrix  [2e-01, 3e+00]
  Cost    [5e-03, 6e-02]
  Bound   [1e+00, 1e+00]
  RHS     [2e-15, 5e+00]
WARNING: Problem has some excessively small row bounds
Presolving model
8064 rows, 8729 cols, 22168 nonzeros 0s
6101 rows, 7014 cols, 16982 nonzeros 0s
3977 rows, 5035 cols, 11375 nonzeros 0s
3822 rows, 3634 cols, 8139 nonzeros 0s
1847 rows, 2779 cols, 5605 nonzeros 0s
1579 rows, 2493 cols, 5051 nonzeros 0s
Presolve reductions: rows 1579(-9174); columns 2493(-6916); nonzeros 5051(-20486) 

Solving MIP model with:
   1579 rows
   2493 cols (245 binary, 0 integer, 0 implied int., 2248 continuous, 0 domain fixed)
   5051 nonzeros

Src: B => Branching; C => Central rounding; F => Feasibility pump; H => Heuristic;
     I => Shifting; J => Feasibility jump; L => Sub-MIP; P => Empty MIP; R => Randomized rounding;
     S => Solve LP; T => Evaluate node; U => Unbounded; X => User solution; Y => HiGHS solution;
     Z => ZI Round; l => Trivial lower; p => Trivial point; u => Trivial upper; z => Trivial zero

        Nodes      |    B&B Tree     |            Objective Bounds              |  Dynamic Constraints |       Work      
Src  Proc. InQueue |  Leaves   Expl. | BestBound       BestSol              Gap |   Cuts   InLp Confl. | LpIters     Time

 J       0       0         0   0.00%   -inf            2.413523533        Large        0      0      0         0     0.4s
 T       0       0         0   0.00%   -5.440513244    -1.810213089     200.55%        0      0      0       630     0.4s
         1       0         1 100.00%   -1.810213089    -1.810213089       0.00%        0      0      0       630     0.4s

Solving report
  Status            Optimal
  Primal bound      -1.81021308918
  Dual bound        -1.81021308918
  Gap               0% (tolerance: 0.5%)
  P-D integral      0.0840889661528
  Solution status   feasible
                    -1.81021308918 (objective)
                    0 (bound viol.)
                    0 (int. viol.)
                    0 (row viol.)
  Timing            0.40
  Max sub-MIP depth 0
  Nodes             1
  Repair LPs        0
  LP iterations     630
                    0 (strong br.)
                    0 (separation)
                    0 (heuristics)
MIP has 10753 rows; 9409 cols; 25537 nonzeros; 1344 integer variables (1344 binary)
Coefficient ranges:
  Matrix  [2e-01, 3e+00]
  Cost    [5e-03, 6e-02]
  Bound   [1e+00, 1e+00]
  RHS     [5e-03, 5e+00]
Presolving model
8064 rows, 8743 cols, 22182 nonzeros 0s
6073 rows, 6991 cols, 16911 nonzeros 0s
3931 rows, 4979 cols, 11241 nonzeros 0s
3767 rows, 3623 cols, 8120 nonzeros 0s
1910 rows, 2822 cols, 5763 nonzeros 0s
1648 rows, 2529 cols, 5206 nonzeros 0s
Presolve reductions: rows 1648(-9105); columns 2529(-6880); nonzeros 5206(-20331) 

Solving MIP model with:
   1648 rows
   2529 cols (258 binary, 0 integer, 0 implied int., 2271 continuous, 0 domain fixed)
   5206 nonzeros

Src: B => Branching; C => Central rounding; F => Feasibility pump; H => Heuristic;
     I => Shifting; J => Feasibility jump; L => Sub-MIP; P => Empty MIP; R => Randomized rounding;
     S => Solve LP; T => Evaluate node; U => Unbounded; X => User solution; Y => HiGHS solution;
     Z => ZI Round; l => Trivial lower; p => Trivial point; u => Trivial upper; z => Trivial zero

        Nodes      |    B&B Tree     |            Objective Bounds              |  Dynamic Constraints |       Work      
Src  Proc. InQueue |  Leaves   Expl. | BestBound       BestSol              Gap |   Cuts   InLp Confl. | LpIters     Time

         0       0         0   0.00%   -5.277966234    inf                  inf        0      0      0         0     0.4s
 T       0       0         0   0.00%   -5.277966234    -1.20796025      336.93%        0      0      0       646     0.5s
         1       0         1 100.00%   -1.20796025     -1.20796025        0.00%        0      0      0       646     0.5s

Solving report
  Status            Optimal
  Primal bound      -1.20796025003
  Dual bound        -1.20796025003
  Gap               0% (tolerance: 0.5%)
  P-D integral      0.000193399034089
  Solution status   feasible
                    -1.20796025003 (objective)
                    0 (bound viol.)
                    0 (int. viol.)
                    0 (row viol.)
  Timing            0.46
  Max sub-MIP depth 0
  Nodes             1
  Repair LPs        0
  LP iterations     646
                    0 (strong br.)
                    0 (separation)
                    0 (heuristics)
MIP has 10753 rows; 9409 cols; 25537 nonzeros; 1344 integer variables (1344 binary)
Coefficient ranges:
  Matrix  [2e-01, 3e+00]
  Cost    [5e-03, 6e-02]
  Bound   [1e+00, 1e+00]
  RHS     [3e-03, 5e+00]
Presolving model
8064 rows, 8652 cols, 22091 nonzeros 0s
6107 rows, 6948 cols, 16926 nonzeros 0s
3963 rows, 4937 cols, 11251 nonzeros 0s
3794 rows, 3435 cols, 7697 nonzeros 0s
1656 rows, 2542 cols, 5041 nonzeros 0s
1364 rows, 2133 cols, 4123 nonzeros 0s
1090 rows, 1943 cols, 3710 nonzeros 0s
Presolve reductions: rows 1090(-9663); columns 1943(-7466); nonzeros 3710(-21827) 

Solving MIP model with:
   1090 rows
   1943 cols (170 binary, 0 integer, 0 implied int., 1773 continuous, 0 domain fixed)
   3710 nonzeros

Src: B => Branching; C => Central rounding; F => Feasibility pump; H => Heuristic;
     I => Shifting; J => Feasibility jump; L => Sub-MIP; P => Empty MIP; R => Randomized rounding;
     S => Solve LP; T => Evaluate node; U => Unbounded; X => User solution; Y => HiGHS solution;
     Z => ZI Round; l => Trivial lower; p => Trivial point; u => Trivial upper; z => Trivial zero

        Nodes      |    B&B Tree     |            Objective Bounds              |  Dynamic Constraints |       Work      
Src  Proc. InQueue |  Leaves   Expl. | BestBound       BestSol              Gap |   Cuts   InLp Confl. | LpIters     Time

 J       0       0         0   0.00%   -inf            7.128044739        Large        0      0      0         0     0.4s
 T       0       0         0   0.00%   -2.345752754    2.957931521      179.30%        0      0      0       441     0.5s
         1       0         1 100.00%   2.957931521     2.957931521        0.00%        0      0      0       441     0.5s

Solving report
  Status            Optimal
  Primal bound      2.95793152142
  Dual bound        2.95793152142
  Gap               0% (tolerance: 0.5%)
  P-D integral      0.0266628711655
  Solution status   feasible
                    2.95793152142 (objective)
                    0 (bound viol.)
                    0 (int. viol.)
                    0 (row viol.)
  Timing            0.46
  Max sub-MIP depth 0
  Nodes             1
  Repair LPs        0
  LP iterations     441
                    0 (strong br.)
                    0 (separation)
                    0 (heuristics)
MIP has 10753 rows; 9409 cols; 25537 nonzeros; 1344 integer variables (1344 binary)
Coefficient ranges:
  Matrix  [2e-01, 3e+00]
  Cost    [5e-03, 6e-02]
  Bound   [1e+00, 1e+00]
  RHS     [2e-17, 5e+00]
WARNING: Problem has some excessively small row bounds
Presolving model
8064 rows, 8560 cols, 21999 nonzeros 0s
6153 rows, 6914 cols, 16970 nonzeros 0s
4045 rows, 4959 cols, 11411 nonzeros 0s
3928 rows, 3542 cols, 7969 nonzeros 0s
1827 rows, 2713 cols, 5483 nonzeros 0s
1567 rows, 2128 cols, 4026 nonzeros 0s
873 rows, 1822 cols, 3162 nonzeros 0s
764 rows, 1621 cols, 2852 nonzeros 0s
Presolve reductions: rows 764(-9989); columns 1621(-7788); nonzeros 2852(-22685) 

Solving MIP model with:
   764 rows
   1621 cols (117 binary, 0 integer, 0 implied int., 1504 continuous, 0 domain fixed)
   2852 nonzeros

Src: B => Branching; C => Central rounding; F => Feasibility pump; H => Heuristic;
     I => Shifting; J => Feasibility jump; L => Sub-MIP; P => Empty MIP; R => Randomized rounding;
     S => Solve LP; T => Evaluate node; U => Unbounded; X => User solution; Y => HiGHS solution;
     Z => ZI Round; l => Trivial lower; p => Trivial point; u => Trivial upper; z => Trivial zero

        Nodes      |    B&B Tree     |            Objective Bounds              |  Dynamic Constraints |       Work      
Src  Proc. InQueue |  Leaves   Expl. | BestBound       BestSol              Gap |   Cuts   InLp Confl. | LpIters     Time

         0       0         0   0.00%   -0.9370812499   inf                  inf        0      0      0         0     0.4s
 T       0       0         0   0.00%   -0.9370812499   5.078310834      118.45%        0      0      0       318     0.4s
         1       0         1 100.00%   5.078310834     5.078310834        0.00%        0      0      0       318     0.4s

Solving report
  Status            Optimal
  Primal bound      5.07831083369
  Dual bound        5.07831083369
  Gap               0% (tolerance: 0.5%)
  P-D integral      9.52359053085e-05
  Solution status   feasible
                    5.07831083369 (objective)
                    0 (bound viol.)
                    0 (int. viol.)
                    0 (row viol.)
  Timing            0.41
  Max sub-MIP depth 0
  Nodes             1
  Repair LPs        0
  LP iterations     318
                    0 (strong br.)
                    0 (separation)
                    0 (heuristics)
MIP has 10753 rows; 9409 cols; 25537 nonzeros; 1344 integer variables (1344 binary)
Coefficient ranges:
  Matrix  [2e-01, 3e+00]
  Cost    [5e-03, 6e-02]
  Bound   [1e+00, 1e+00]
  RHS     [7e-18, 5e+00]
WARNING: Problem has some excessively small row bounds
Presolving model
8064 rows, 8529 cols, 21968 nonzeros 0s
6120 rows, 6841 cols, 16844 nonzeros 0s
4073 rows, 4960 cols, 11452 nonzeros 0s
3947 rows, 3540 cols, 8010 nonzeros 0s
1830 rows, 2687 cols, 5460 nonzeros 0s
1583 rows, 2052 cols, 3831 nonzeros 0s
771 rows, 1738 cols, 2896 nonzeros 0s
633 rows, 1495 cols, 2515 nonzeros 0s
Presolve reductions: rows 633(-10120); columns 1495(-7914); nonzeros 2515(-23022) 

Solving MIP model with:
   633 rows
   1495 cols (97 binary, 0 integer, 0 implied int., 1398 continuous, 0 domain fixed)
   2515 nonzeros

Src: B => Branching; C => Central rounding; F => Feasibility pump; H => Heuristic;
     I => Shifting; J => Feasibility jump; L => Sub-MIP; P => Empty MIP; R => Randomized rounding;
     S => Solve LP; T => Evaluate node; U => Unbounded; X => User solution; Y => HiGHS solution;
     Z => ZI Round; l => Trivial lower; p => Trivial point; u => Trivial upper; z => Trivial zero

        Nodes      |    B&B Tree     |            Objective Bounds              |  Dynamic Constraints |       Work      
Src  Proc. InQueue |  Leaves   Expl. | BestBound       BestSol              Gap |   Cuts   InLp Confl. | LpIters     Time

 J       0       0         0   0.00%   -inf            7.896083999        Large        0      0      0         0     0.4s
 T       0       0         0   0.00%   -0.4437629636   5.315828693      108.35%        0      0      0       269     0.4s
         1       0         1 100.00%   5.315828693     5.315828693        0.00%        0      0      0       269     0.4s

Solving report
  Status            Optimal
  Primal bound      5.315828693
  Dual bound        5.315828693
  Gap               0% (tolerance: 0.5%)
  P-D integral      0.0145558842254
  Solution status   feasible
                    5.315828693 (objective)
                    0 (bound viol.)
                    0 (int. viol.)
                    0 (row viol.)
  Timing            0.38
  Max sub-MIP depth 0
  Nodes             1
  Repair LPs        0
  LP iterations     269
                    0 (strong br.)
                    0 (separation)
                    0 (heuristics)
MIP has 10753 rows; 9409 cols; 25537 nonzeros; 1344 integer variables (1344 binary)
Coefficient ranges:
  Matrix  [2e-01, 3e+00]
  Cost    [5e-03, 6e-02]
  Bound   [1e+00, 1e+00]
  RHS     [7e-18, 5e+00]
WARNING: Problem has some excessively small row bounds
Presolving model
8064 rows, 8500 cols, 21939 nonzeros 0s
6115 rows, 6808 cols, 16806 nonzeros 0s
4045 rows, 4901 cols, 11357 nonzeros 0s
3925 rows, 3482 cols, 7904 nonzeros 0s
1841 rows, 2669 cols, 5469 nonzeros 0s
1611 rows, 1975 cols, 3675 nonzeros 0s
616 rows, 1544 cols, 2439 nonzeros 0s
450 rows, 1327 cols, 2056 nonzeros 0s
449 rows, 1214 cols, 1942 nonzeros 0s
Presolve reductions: rows 449(-10304); columns 1214(-8195); nonzeros 1942(-23595) 

Solving MIP model with:
   449 rows
   1214 cols (70 binary, 0 integer, 0 implied int., 1144 continuous, 0 domain fixed)
   1942 nonzeros

Src: B => Branching; C => Central rounding; F => Feasibility pump; H => Heuristic;
     I => Shifting; J => Feasibility jump; L => Sub-MIP; P => Empty MIP; R => Randomized rounding;
     S => Solve LP; T => Evaluate node; U => Unbounded; X => User solution; Y => HiGHS solution;
     Z => ZI Round; l => Trivial lower; p => Trivial point; u => Trivial upper; z => Trivial zero

        Nodes      |    B&B Tree     |            Objective Bounds              |  Dynamic Constraints |       Work      
Src  Proc. InQueue |  Leaves   Expl. | BestBound       BestSol              Gap |   Cuts   InLp Confl. | LpIters     Time

 J       0       0         0   0.00%   -inf            9.920244756        Large        0      0      0         0     0.4s
 T       0       0         0   0.00%   0.9817538459    7.204041968       86.37%        0      0      0       188     0.4s
         1       0         1 100.00%   7.204041968     7.204041968        0.00%        0      0      0       188     0.4s

Solving report
  Status            Optimal
  Primal bound      7.20404196787
  Dual bound        7.20404196787
  Gap               0% (tolerance: 0.5%)
  P-D integral      0.00874814110175
  Solution status   feasible
                    7.20404196787 (objective)
                    0 (bound viol.)
                    0 (int. viol.)
                    0 (row viol.)
  Timing            0.40
  Max sub-MIP depth 0
  Nodes             1
  Repair LPs        0
  LP iterations     188
                    0 (strong br.)
                    0 (separation)
                    0 (heuristics)
MIP has 10753 rows; 9409 cols; 25537 nonzeros; 1344 integer variables (1344 binary)
Coefficient ranges:
  Matrix  [2e-01, 3e+00]
  Cost    [5e-03, 6e-02]
  Bound   [1e+00, 1e+00]
  RHS     [7e-18, 5e+00]
WARNING: Problem has some excessively small row bounds
Presolving model
8064 rows, 8469 cols, 21908 nonzeros 0s
6138 rows, 6807 cols, 16844 nonzeros 0s
4108 rows, 4951 cols, 11510 nonzeros 0s
3996 rows, 3556 cols, 8086 nonzeros 0s
1906 rows, 2744 cols, 5649 nonzeros 0s
1670 rows, 2021 cols, 3760 nonzeros 0s
641 rows, 1612 cols, 2544 nonzeros 0s
483 rows, 1415 cols, 2189 nonzeros 0s
476 rows, 1283 cols, 2050 nonzeros 0s
Presolve reductions: rows 476(-10277); columns 1283(-8126); nonzeros 2050(-23487) 

Solving MIP model with:
   476 rows
   1283 cols (73 binary, 0 integer, 0 implied int., 1210 continuous, 0 domain fixed)
   2050 nonzeros

Src: B => Branching; C => Central rounding; F => Feasibility pump; H => Heuristic;
     I => Shifting; J => Feasibility jump; L => Sub-MIP; P => Empty MIP; R => Randomized rounding;
     S => Solve LP; T => Evaluate node; U => Unbounded; X => User solution; Y => HiGHS solution;
     Z => ZI Round; l => Trivial lower; p => Trivial point; u => Trivial upper; z => Trivial zero

        Nodes      |    B&B Tree     |            Objective Bounds              |  Dynamic Constraints |       Work      
Src  Proc. InQueue |  Leaves   Expl. | BestBound       BestSol              Gap |   Cuts   InLp Confl. | LpIters     Time

 J       0       0         0   0.00%   -inf            13.2695839         Large        0      0      0         0     0.4s
 T       0       0         0   0.00%   1.471903842     9.159519557       83.93%        0      0      0       214     0.4s
         1       0         1 100.00%   9.159519557     9.159519557        0.00%        0      0      0       214     0.4s

Solving report
  Status            Optimal
  Primal bound      9.15951955677
  Dual bound        9.15951955677
  Gap               0% (tolerance: 0.5%)
  P-D integral      0.00911324765782
  Solution status   feasible
                    9.15951955677 (objective)
                    0 (bound viol.)
                    0 (int. viol.)
                    0 (row viol.)
  Timing            0.40
  Max sub-MIP depth 0
  Nodes             1
  Repair LPs        0
  LP iterations     214
                    0 (strong br.)
                    0 (separation)
                    0 (heuristics)
MIP has 10753 rows; 9409 cols; 25537 nonzeros; 1344 integer variables (1344 binary)
Coefficient ranges:
  Matrix  [2e-01, 3e+00]
  Cost    [5e-03, 6e-02]
  Bound   [1e+00, 1e+00]
  RHS     [5e-17, 5e+00]
WARNING: Problem has some excessively small row bounds
Presolving model
8064 rows, 8493 cols, 21932 nonzeros 0s
6149 rows, 6845 cols, 16901 nonzeros 0s
4116 rows, 4982 cols, 11549 nonzeros 0s
4009 rows, 3606 cols, 8161 nonzeros 0s
1900 rows, 2767 cols, 5646 nonzeros 0s
1644 rows, 2063 cols, 3837 nonzeros 0s
679 rows, 1646 cols, 2644 nonzeros 0s
520 rows, 1368 cols, 2207 nonzeros 0s
520 rows, 1317 cols, 2156 nonzeros 0s
Presolve reductions: rows 520(-10233); columns 1317(-8092); nonzeros 2156(-23381) 

Solving MIP model with:
   520 rows
   1317 cols (80 binary, 0 integer, 0 implied int., 1237 continuous, 0 domain fixed)
   2156 nonzeros

Src: B => Branching; C => Central rounding; F => Feasibility pump; H => Heuristic;
     I => Shifting; J => Feasibility jump; L => Sub-MIP; P => Empty MIP; R => Randomized rounding;
     S => Solve LP; T => Evaluate node; U => Unbounded; X => User solution; Y => HiGHS solution;
     Z => ZI Round; l => Trivial lower; p => Trivial point; u => Trivial upper; z => Trivial zero

        Nodes      |    B&B Tree     |            Objective Bounds              |  Dynamic Constraints |       Work      
Src  Proc. InQueue |  Leaves   Expl. | BestBound       BestSol              Gap |   Cuts   InLp Confl. | LpIters     Time

 J       0       0         0   0.00%   -inf            13.12491318        Large        0      0      0         0     0.4s
 T       0       0         0   0.00%   1.296239618     9.052846974       85.68%        0      0      0       224     0.4s
         1       0         1 100.00%   9.052846974     9.052846974        0.00%        0      0      0       224     0.4s

Solving report
  Status            Optimal
  Primal bound      9.05284697417
  Dual bound        9.05284697417
  Gap               0% (tolerance: 0.5%)
  P-D integral      0.00847910330913
  Solution status   feasible
                    9.05284697417 (objective)
                    0 (bound viol.)
                    0 (int. viol.)
                    0 (row viol.)
  Timing            0.38
  Max sub-MIP depth 0
  Nodes             1
  Repair LPs        0
  LP iterations     224
                    0 (strong br.)
                    0 (separation)
                    0 (heuristics)
MIP has 10753 rows; 9409 cols; 25537 nonzeros; 1344 integer variables (1344 binary)
Coefficient ranges:
  Matrix  [2e-01, 3e+00]
  Cost    [5e-03, 6e-02]
  Bound   [1e+00, 1e+00]
  RHS     [1e-17, 5e+00]
WARNING: Problem has some excessively small row bounds
Presolving model
8064 rows, 8504 cols, 21943 nonzeros 0s
6129 rows, 6826 cols, 16842 nonzeros 0s
4071 rows, 4937 cols, 11423 nonzeros 0s
3962 rows, 3551 cols, 8017 nonzeros 0s
1862 rows, 2724 cols, 5537 nonzeros 0s
1622 rows, 1977 cols, 3590 nonzeros 0s
556 rows, 1534 cols, 2309 nonzeros 0s
401 rows, 1369 cols, 1989 nonzeros 0s
378 rows, 1162 cols, 1759 nonzeros 0s
Presolve reductions: rows 378(-10375); columns 1162(-8247); nonzeros 1759(-23778) 

Solving MIP model with:
   378 rows
   1162 cols (55 binary, 0 integer, 0 implied int., 1107 continuous, 0 domain fixed)
   1759 nonzeros

Src: B => Branching; C => Central rounding; F => Feasibility pump; H => Heuristic;
     I => Shifting; J => Feasibility jump; L => Sub-MIP; P => Empty MIP; R => Randomized rounding;
     S => Solve LP; T => Evaluate node; U => Unbounded; X => User solution; Y => HiGHS solution;
     Z => ZI Round; l => Trivial lower; p => Trivial point; u => Trivial upper; z => Trivial zero

        Nodes      |    B&B Tree     |            Objective Bounds              |  Dynamic Constraints |       Work      
Src  Proc. InQueue |  Leaves   Expl. | BestBound       BestSol              Gap |   Cuts   InLp Confl. | LpIters     Time

 J       0       0         0   0.00%   -inf            14.0242434         Large        0      0      0         0     0.4s
 T       0       0         0   0.00%   2.187269967     11.42047886       80.85%        0      0      0       163     0.4s
         1       0         1 100.00%   11.42047886     11.42047886        0.00%        0      0      0       163     0.4s

Solving report
  Status            Optimal
  Primal bound      11.4204788587
  Dual bound        11.4204788587
  Gap               0% (tolerance: 0.5%)
  P-D integral      0.00924503206074
  Solution status   feasible
                    11.4204788587 (objective)
                    0 (bound viol.)
                    0 (int. viol.)
                    0 (row viol.)
  Timing            0.43
  Max sub-MIP depth 0
  Nodes             1
  Repair LPs        0
  LP iterations     163
                    0 (strong br.)
                    0 (separation)
                    0 (heuristics)
MIP has 10753 rows; 9409 cols; 25537 nonzeros; 1344 integer variables (1344 binary)
Coefficient ranges:
  Matrix  [2e-01, 3e+00]
  Cost    [5e-03, 6e-02]
  Bound   [1e+00, 1e+00]
  RHS     [1e-17, 5e+00]
WARNING: Problem has some excessively small row bounds
Presolving model
8064 rows, 8538 cols, 21977 nonzeros 0s
6129 rows, 6858 cols, 16870 nonzeros 0s
4051 rows, 4941 cols, 11387 nonzeros 0s
3942 rows, 3553 cols, 7991 nonzeros 0s
1834 rows, 2711 cols, 5464 nonzeros 0s
1600 rows, 1915 cols, 3381 nonzeros 0s
426 rows, 1443 cols, 1972 nonzeros 0s
286 rows, 1300 cols, 1689 nonzeros 0s
226 rows, 1009 cols, 1338 nonzeros 0s
223 rows, 1006 cols, 1332 nonzeros 0s
Presolve reductions: rows 223(-10530); columns 1006(-8403); nonzeros 1332(-24205) 

Solving MIP model with:
   223 rows
   1006 cols (26 binary, 0 integer, 0 implied int., 980 continuous, 0 domain fixed)
   1332 nonzeros

Src: B => Branching; C => Central rounding; F => Feasibility pump; H => Heuristic;
     I => Shifting; J => Feasibility jump; L => Sub-MIP; P => Empty MIP; R => Randomized rounding;
     S => Solve LP; T => Evaluate node; U => Unbounded; X => User solution; Y => HiGHS solution;
     Z => ZI Round; l => Trivial lower; p => Trivial point; u => Trivial upper; z => Trivial zero

        Nodes      |    B&B Tree     |            Objective Bounds              |  Dynamic Constraints |       Work      
Src  Proc. InQueue |  Leaves   Expl. | BestBound       BestSol              Gap |   Cuts   InLp Confl. | LpIters     Time

 J       0       0         0   0.00%   -inf            16.90802563        Large        0      0      0         0     0.4s
 T       0       0         0   0.00%   4.213951985     15.89249301       73.48%        0      0      0        81     0.4s
         1       0         1 100.00%   15.89249301     15.89249301        0.00%        0      0      0        81     0.4s

Solving report
  Status            Optimal
  Primal bound      15.8924930116
  Dual bound        15.8924930116
  Gap               0% (tolerance: 0.5%)
  P-D integral      0.00620861257071
  Solution status   feasible
                    15.8924930116 (objective)
                    0 (bound viol.)
                    0 (int. viol.)
                    0 (row viol.)
  Timing            0.40
  Max sub-MIP depth 0
  Nodes             1
  Repair LPs        0
  LP iterations     81
                    0 (strong br.)
                    0 (separation)
                    0 (heuristics)
MIP has 10753 rows; 9409 cols; 25537 nonzeros; 1344 integer variables (1344 binary)
Coefficient ranges:
  Matrix  [2e-01, 3e+00]
  Cost    [1e-02, 6e-02]
  Bound   [1e+00, 1e+00]
  RHS     [7e-18, 5e+00]
WARNING: Problem has some excessively small row bounds
Presolving model
8064 rows, 8533 cols, 21972 nonzeros 0s
6115 rows, 6836 cols, 16826 nonzeros 0s
4037 rows, 4920 cols, 11344 nonzeros 0s
3928 rows, 3526 cols, 7951 nonzeros 0s
1798 rows, 2656 cols, 5353 nonzeros 0s
1555 rows, 1861 cols, 3274 nonzeros 0s
351 rows, 1082 cols, 1512 nonzeros 0s
252 rows, 904 cols, 1235 nonzeros 0s
188 rows, 742 cols, 1009 nonzeros 0s
155 rows, 626 cols, 860 nonzeros 0s
132 rows, 529 cols, 740 nonzeros 0s
124 rows, 431 cols, 634 nonzeros 0s
123 rows, 428 cols, 630 nonzeros 0s
Presolve reductions: rows 123(-10630); columns 428(-8981); nonzeros 630(-24907) 

Solving MIP model with:
   123 rows
   428 cols (20 binary, 0 integer, 0 implied int., 408 continuous, 0 domain fixed)
   630 nonzeros

Src: B => Branching; C => Central rounding; F => Feasibility pump; H => Heuristic;
     I => Shifting; J => Feasibility jump; L => Sub-MIP; P => Empty MIP; R => Randomized rounding;
     S => Solve LP; T => Evaluate node; U => Unbounded; X => User solution; Y => HiGHS solution;
     Z => ZI Round; l => Trivial lower; p => Trivial point; u => Trivial upper; z => Trivial zero

        Nodes      |    B&B Tree     |            Objective Bounds              |  Dynamic Constraints |       Work      
Src  Proc. InQueue |  Leaves   Expl. | BestBound       BestSol              Gap |   Cuts   InLp Confl. | LpIters     Time

 J       0       0         0   0.00%   -inf            14.45572923        Large        0      0      0         0     0.4s
 T       0       0         0   0.00%   11.04382638     14.07458805       21.53%        0      0      0        50     0.4s
         1       0         1 100.00%   14.07458805     14.07458805        0.00%        0      0      0        50     0.4s

Solving report
  Status            Optimal
  Primal bound      14.0745880457
  Dual bound        14.0745880457
  Gap               0% (tolerance: 0.5%)
  P-D integral      0.00117018962446
  Solution status   feasible
                    14.0745880457 (objective)
                    0 (bound viol.)
                    0 (int. viol.)
                    0 (row viol.)
  Timing            0.38
  Max sub-MIP depth 0
  Nodes             1
  Repair LPs        0
  LP iterations     50
                    0 (strong br.)
                    0 (separation)
                    0 (heuristics)
MIP has 10753 rows; 9409 cols; 25537 nonzeros; 1344 integer variables (1344 binary)
Coefficient ranges:
  Matrix  [2e-01, 3e+00]
  Cost    [1e-02, 6e-02]
  Bound   [1e+00, 1e+00]
  RHS     [7e-18, 5e+00]
WARNING: Problem has some excessively small row bounds
Presolving model
8064 rows, 8346 cols, 21785 nonzeros 0s
6190 rows, 6755 cols, 16884 nonzeros 0s
4194 rows, 4945 cols, 11650 nonzeros 0s
4087 rows, 3557 cols, 8217 nonzeros 0s
2042 rows, 2804 cols, 5929 nonzeros 0s
1839 rows, 1871 cols, 3380 nonzeros 0s
331 rows, 1260 cols, 1638 nonzeros 0s
157 rows, 1061 cols, 1265 nonzeros 0s
91 rows, 934 cols, 1072 nonzeros 0s
80 rows, 826 cols, 953 nonzeros 0s
Presolve reductions: rows 80(-10673); columns 826(-8583); nonzeros 953(-24584) 

Solving MIP model with:
   80 rows
   826 cols (12 binary, 0 integer, 0 implied int., 814 continuous, 0 domain fixed)
   953 nonzeros

Src: B => Branching; C => Central rounding; F => Feasibility pump; H => Heuristic;
     I => Shifting; J => Feasibility jump; L => Sub-MIP; P => Empty MIP; R => Randomized rounding;
     S => Solve LP; T => Evaluate node; U => Unbounded; X => User solution; Y => HiGHS solution;
     Z => ZI Round; l => Trivial lower; p => Trivial point; u => Trivial upper; z => Trivial zero

        Nodes      |    B&B Tree     |            Objective Bounds              |  Dynamic Constraints |       Work      
Src  Proc. InQueue |  Leaves   Expl. | BestBound       BestSol              Gap |   Cuts   InLp Confl. | LpIters     Time

 J       0       0         0   0.00%   -inf            12.67536452        Large        0      0      0         0     0.6s
 T       0       0         0   0.00%   4.461764813     12.35164303       63.88%        0      0      0        28     0.6s
         1       0         1 100.00%   12.35164303     12.35164303        0.00%        0      0      0        28     0.6s

Solving report
  Status            Optimal
  Primal bound      12.3516430324
  Dual bound        12.3516430324
  Gap               0% (tolerance: 0.5%)
  P-D integral      0.00923572578615
  Solution status   feasible
                    12.3516430324 (objective)
                    0 (bound viol.)
                    0 (int. viol.)
                    0 (row viol.)
  Timing            0.62
  Max sub-MIP depth 0
  Nodes             1
  Repair LPs        0
  LP iterations     28
                    0 (strong br.)
                    0 (separation)
                    0 (heuristics)
MIP has 10753 rows; 9409 cols; 25537 nonzeros; 1344 integer variables (1344 binary)
Coefficient ranges:
  Matrix  [2e-01, 3e+00]
  Cost    [1e-02, 6e-02]
  Bound   [1e+00, 1e+00]
  RHS     [1e-17, 5e+00]
WARNING: Problem has some excessively small row bounds
Presolving model
8064 rows, 8261 cols, 21700 nonzeros 0s
6229 rows, 6724 cols, 16920 nonzeros 0s
4299 rows, 5006 cols, 11884 nonzeros 0s
4198 rows, 3646 cols, 8461 nonzeros 0s
2204 rows, 2960 cols, 6351 nonzeros 0s
2010 rows, 1958 cols, 3565 nonzeros 0s
405 rows, 1362 cols, 1842 nonzeros 0s
219 rows, 1129 cols, 1423 nonzeros 0s
147 rows, 886 cols, 1108 nonzeros 0s
139 rows, 735 cols, 949 nonzeros 0s
129 rows, 407 cols, 611 nonzeros 0s
Presolve reductions: rows 129(-10624); columns 407(-9002); nonzeros 611(-24926) 

Solving MIP model with:
   129 rows
   407 cols (19 binary, 0 integer, 0 implied int., 388 continuous, 0 domain fixed)
   611 nonzeros

Src: B => Branching; C => Central rounding; F => Feasibility pump; H => Heuristic;
     I => Shifting; J => Feasibility jump; L => Sub-MIP; P => Empty MIP; R => Randomized rounding;
     S => Solve LP; T => Evaluate node; U => Unbounded; X => User solution; Y => HiGHS solution;
     Z => ZI Round; l => Trivial lower; p => Trivial point; u => Trivial upper; z => Trivial zero

        Nodes      |    B&B Tree     |            Objective Bounds              |  Dynamic Constraints |       Work      
Src  Proc. InQueue |  Leaves   Expl. | BestBound       BestSol              Gap |   Cuts   InLp Confl. | LpIters     Time

 J       0       0         0   0.00%   -inf            17.35704016        Large        0      0      0         0     0.3s
 T       0       0         0   0.00%   12.43568745     16.85542603       26.22%        0      0      0        59     0.4s
         1       0         1 100.00%   16.85542603     16.85542603        0.00%        0      0      0        59     0.4s

Solving report
  Status            Optimal
  Primal bound      16.8554260346
  Dual bound        16.8554260346
  Gap               0% (tolerance: 0.5%)
  P-D integral      0.0013371363998
  Solution status   feasible
                    16.8554260346 (objective)
                    0 (bound viol.)
                    0 (int. viol.)
                    0 (row viol.)
  Timing            0.35
  Max sub-MIP depth 0
  Nodes             1
  Repair LPs        0
  LP iterations     59
                    0 (strong br.)
                    0 (separation)
                    0 (heuristics)
MIP has 10753 rows; 9409 cols; 25537 nonzeros; 1344 integer variables (1344 binary)
Coefficient ranges:
  Matrix  [2e-01, 3e+00]
  Cost    [1e-02, 6e-02]
  Bound   [1e+00, 1e+00]
  RHS     [5e-17, 5e+00]
WARNING: Problem has some excessively small row bounds
Presolving model
8064 rows, 8394 cols, 21833 nonzeros 0s
6180 rows, 6789 cols, 16900 nonzeros 0s
4195 rows, 4994 cols, 11700 nonzeros 0s
4099 rows, 3637 cols, 8303 nonzeros 0s
2070 rows, 2904 cols, 6073 nonzeros 0s
1846 rows, 2091 cols, 3896 nonzeros 0s
636 rows, 1612 cols, 2511 nonzeros 0s
472 rows, 1420 cols, 2155 nonzeros 0s
445 rows, 1159 cols, 1867 nonzeros 0s
444 rows, 1146 cols, 1853 nonzeros 0s
Presolve reductions: rows 444(-10309); columns 1146(-8263); nonzeros 1853(-23684) 

Solving MIP model with:
   444 rows
   1146 cols (66 binary, 0 integer, 0 implied int., 1080 continuous, 0 domain fixed)
   1853 nonzeros

Src: B => Branching; C => Central rounding; F => Feasibility pump; H => Heuristic;
     I => Shifting; J => Feasibility jump; L => Sub-MIP; P => Empty MIP; R => Randomized rounding;
     S => Solve LP; T => Evaluate node; U => Unbounded; X => User solution; Y => HiGHS solution;
     Z => ZI Round; l => Trivial lower; p => Trivial point; u => Trivial upper; z => Trivial zero

        Nodes      |    B&B Tree     |            Objective Bounds              |  Dynamic Constraints |       Work      
Src  Proc. InQueue |  Leaves   Expl. | BestBound       BestSol              Gap |   Cuts   InLp Confl. | LpIters     Time

 J       0       0         0   0.00%   -inf            19.5038976         Large        0      0      0         0     0.4s
 T       0       0         0   0.00%   7.487468466     17.89102915       58.15%        0      0      0       189     0.4s
         1       0         1 100.00%   17.89102915     17.89102915        0.00%        0      0      0       189     0.4s

Solving report
  Status            Optimal
  Primal bound      17.8910291484
  Dual bound        17.8910291484
  Gap               0% (tolerance: 0.5%)
  P-D integral      0.00466517909765
  Solution status   feasible
                    17.8910291484 (objective)
                    0 (bound viol.)
                    0 (int. viol.)
                    0 (row viol.)
  Timing            0.41
  Max sub-MIP depth 0
  Nodes             1
  Repair LPs        0
  LP iterations     189
                    0 (strong br.)
                    0 (separation)
                    0 (heuristics)
MIP has 10753 rows; 9409 cols; 25537 nonzeros; 1344 integer variables (1344 binary)
Coefficient ranges:
  Matrix  [2e-01, 3e+00]
  Cost    [1e-02, 6e-02]
  Bound   [1e+00, 1e+00]
  RHS     [1e-16, 5e+00]
WARNING: Problem has some excessively small row bounds
Presolving model
8064 rows, 8458 cols, 21897 nonzeros 0s
6166 rows, 6835 cols, 16916 nonzeros 0s
4136 rows, 4988 cols, 11583 nonzeros 0s
3985 rows, 3562 cols, 8057 nonzeros 0s
1922 rows, 2776 cols, 5687 nonzeros 0s
1695 rows, 2053 cols, 3789 nonzeros 0s
647 rows, 1637 cols, 2553 nonzeros 0s
479 rows, 1437 cols, 2185 nonzeros 0s
470 rows, 1284 cols, 2023 nonzeros 0s
Presolve reductions: rows 470(-10283); columns 1284(-8125); nonzeros 2023(-23514) 

Solving MIP model with:
   470 rows
   1284 cols (68 binary, 0 integer, 0 implied int., 1216 continuous, 0 domain fixed)
   2023 nonzeros

Src: B => Branching; C => Central rounding; F => Feasibility pump; H => Heuristic;
     I => Shifting; J => Feasibility jump; L => Sub-MIP; P => Empty MIP; R => Randomized rounding;
     S => Solve LP; T => Evaluate node; U => Unbounded; X => User solution; Y => HiGHS solution;
     Z => ZI Round; l => Trivial lower; p => Trivial point; u => Trivial upper; z => Trivial zero

        Nodes      |    B&B Tree     |            Objective Bounds              |  Dynamic Constraints |       Work      
Src  Proc. InQueue |  Leaves   Expl. | BestBound       BestSol              Gap |   Cuts   InLp Confl. | LpIters     Time

 J       0       0         0   0.00%   -inf            19.10446062        Large        0      0      0         0     0.5s
 T       0       0         0   0.00%   5.013092369     17.4977538        71.35%        0      0      0       206     0.5s
         1       0         1 100.00%   17.4977538      17.4977538         0.00%        0      0      0       206     0.5s

Solving report
  Status            Optimal
  Primal bound      17.4977537962
  Dual bound        17.4977537962
  Gap               0% (tolerance: 0.5%)
  P-D integral      0.00896485064674
  Solution status   feasible
                    17.4977537962 (objective)
                    0 (bound viol.)
                    0 (int. viol.)
                    0 (row viol.)
  Timing            0.48
  Max sub-MIP depth 0
  Nodes             1
  Repair LPs        0
  LP iterations     206
                    0 (strong br.)
                    0 (separation)
                    0 (heuristics)
MIP has 10753 rows; 9409 cols; 25537 nonzeros; 1344 integer variables (1344 binary)
Coefficient ranges:
  Matrix  [2e-01, 3e+00]
  Cost    [1e-02, 6e-02]
  Bound   [1e+00, 1e+00]
  RHS     [1e-16, 5e+00]
WARNING: Problem has some excessively small row bounds
Presolving model
8064 rows, 8438 cols, 21877 nonzeros 0s
6168 rows, 6815 cols, 16898 nonzeros 0s
4180 rows, 5014 cols, 11677 nonzeros 0s
4080 rows, 3656 cols, 8296 nonzeros 0s
2013 rows, 2870 cols, 5922 nonzeros 0s
1787 rows, 2024 cols, 3665 nonzeros 0s
475 rows, 1435 cols, 2049 nonzeros 0s
316 rows, 1254 cols, 1709 nonzeros 0s
257 rows, 1056 cols, 1452 nonzeros 0s
254 rows, 960 cols, 1353 nonzeros 0s
Presolve reductions: rows 254(-10499); columns 960(-8449); nonzeros 1353(-24184) 

Solving MIP model with:
   254 rows
   960 cols (35 binary, 0 integer, 0 implied int., 925 continuous, 0 domain fixed)
   1353 nonzeros

Src: B => Branching; C => Central rounding; F => Feasibility pump; H => Heuristic;
     I => Shifting; J => Feasibility jump; L => Sub-MIP; P => Empty MIP; R => Randomized rounding;
     S => Solve LP; T => Evaluate node; U => Unbounded; X => User solution; Y => HiGHS solution;
     Z => ZI Round; l => Trivial lower; p => Trivial point; u => Trivial upper; z => Trivial zero

        Nodes      |    B&B Tree     |            Objective Bounds              |  Dynamic Constraints |       Work      
Src  Proc. InQueue |  Leaves   Expl. | BestBound       BestSol              Gap |   Cuts   InLp Confl. | LpIters     Time

 J       0       0         0   0.00%   -inf            21.16465364        Large        0      0      0         0     0.4s
 T       0       0         0   0.00%   8.204314923     20.59449877       60.16%        0      0      0       106     0.4s
         1       0         1 100.00%   20.59449877     20.59449877        0.00%        0      0      0       106     0.4s

Solving report
  Status            Optimal
  Primal bound      20.5944987684
  Dual bound        20.5944987684
  Gap               0% (tolerance: 0.5%)
  P-D integral      0.00480110851805
  Solution status   feasible
                    20.5944987684 (objective)
                    0 (bound viol.)
                    0 (int. viol.)
                    0 (row viol.)
  Timing            0.44
  Max sub-MIP depth 0
  Nodes             1
  Repair LPs        0
  LP iterations     106
                    0 (strong br.)
                    0 (separation)
                    0 (heuristics)
MIP has 10753 rows; 9409 cols; 25537 nonzeros; 1344 integer variables (1344 binary)
Coefficient ranges:
  Matrix  [2e-01, 3e+00]
  Cost    [1e-02, 6e-02]
  Bound   [1e+00, 1e+00]
  RHS     [6e-18, 5e+00]
WARNING: Problem has some excessively small row bounds
Presolving model
8064 rows, 8395 cols, 21834 nonzeros 0s
6203 rows, 6822 cols, 16968 nonzeros 0s
4181 rows, 4987 cols, 11659 nonzeros 0s
4058 rows, 3594 cols, 8202 nonzeros 0s
2031 rows, 2852 cols, 5946 nonzeros 0s
1796 rows, 1979 cols, 3609 nonzeros 0s
493 rows, 1444 cols, 2082 nonzeros 0s
324 rows, 1246 cols, 1715 nonzeros 0s
256 rows, 918 cols, 1319 nonzeros 0s
247 rows, 748 cols, 1140 nonzeros 0s
Presolve reductions: rows 247(-10506); columns 748(-8661); nonzeros 1140(-24397) 

Solving MIP model with:
   247 rows
   748 cols (37 binary, 0 integer, 0 implied int., 711 continuous, 0 domain fixed)
   1140 nonzeros

Src: B => Branching; C => Central rounding; F => Feasibility pump; H => Heuristic;
     I => Shifting; J => Feasibility jump; L => Sub-MIP; P => Empty MIP; R => Randomized rounding;
     S => Solve LP; T => Evaluate node; U => Unbounded; X => User solution; Y => HiGHS solution;
     Z => ZI Round; l => Trivial lower; p => Trivial point; u => Trivial upper; z => Trivial zero

        Nodes      |    B&B Tree     |            Objective Bounds              |  Dynamic Constraints |       Work      
Src  Proc. InQueue |  Leaves   Expl. | BestBound       BestSol              Gap |   Cuts   InLp Confl. | LpIters     Time

 J       0       0         0   0.00%   -inf            21.59079846        Large        0      0      0         0     0.5s
 T       0       0         0   0.00%   11.59046056     21.10227029       45.07%        0      0      0        98     0.5s
         1       0         1 100.00%   21.10227029     21.10227029        0.00%        0      0      0        98     0.5s

Solving report
  Status            Optimal
  Primal bound      21.1022702876
  Dual bound        21.1022702876
  Gap               0% (tolerance: 0.5%)
  P-D integral      0.00261357332401
  Solution status   feasible
                    21.1022702876 (objective)
                    0 (bound viol.)
                    0 (int. viol.)
                    0 (row viol.)
  Timing            0.47
  Max sub-MIP depth 0
  Nodes             1
  Repair LPs        0
  LP iterations     98
                    0 (strong br.)
                    0 (separation)
                    0 (heuristics)
MIP has 10753 rows; 9409 cols; 25537 nonzeros; 1344 integer variables (1344 binary)
Coefficient ranges:
  Matrix  [2e-01, 3e+00]
  Cost    [1e-02, 6e-02]
  Bound   [1e+00, 1e+00]
  RHS     [6e-18, 5e+00]
WARNING: Problem has some excessively small row bounds
Presolving model
8064 rows, 8342 cols, 21781 nonzeros 0s
6210 rows, 6780 cols, 16941 nonzeros 0s
4215 rows, 4983 cols, 11713 nonzeros 0s
4103 rows, 3614 cols, 8273 nonzeros 0s
2102 rows, 2910 cols, 6119 nonzeros 0s
1875 rows, 1963 cols, 3567 nonzeros 0s
458 rows, 1420 cols, 1992 nonzeros 0s
288 rows, 1229 cols, 1630 nonzeros 0s
213 rows, 1025 cols, 1351 nonzeros 0s
206 rows, 939 cols, 1258 nonzeros 0s
Presolve reductions: rows 206(-10547); columns 939(-8470); nonzeros 1258(-24279) 

Solving MIP model with:
   206 rows
   939 cols (29 binary, 0 integer, 0 implied int., 910 continuous, 0 domain fixed)
   1258 nonzeros

Src: B => Branching; C => Central rounding; F => Feasibility pump; H => Heuristic;
     I => Shifting; J => Feasibility jump; L => Sub-MIP; P => Empty MIP; R => Randomized rounding;
     S => Solve LP; T => Evaluate node; U => Unbounded; X => User solution; Y => HiGHS solution;
     Z => ZI Round; l => Trivial lower; p => Trivial point; u => Trivial upper; z => Trivial zero

        Nodes      |    B&B Tree     |            Objective Bounds              |  Dynamic Constraints |       Work      
Src  Proc. InQueue |  Leaves   Expl. | BestBound       BestSol              Gap |   Cuts   InLp Confl. | LpIters     Time

 J       0       0         0   0.00%   -inf            22.52483878        Large        0      0      0         0     0.4s
 T       0       0         0   0.00%   8.791581284     22.00009004       60.04%        0      0      0        87     0.4s
         1       0         1 100.00%   22.00009004     22.00009004        0.00%        0      0      0        87     0.4s

Solving report
  Status            Optimal
  Primal bound      22.0000900402
  Dual bound        22.0000900402
  Gap               0% (tolerance: 0.5%)
  P-D integral      0.00444707628396
  Solution status   feasible
                    22.0000900402 (objective)
                    0 (bound viol.)
                    0 (int. viol.)
                    0 (row viol.)
  Timing            0.45
  Max sub-MIP depth 0
  Nodes             1
  Repair LPs        0
  LP iterations     87
                    0 (strong br.)
                    0 (separation)
                    0 (heuristics)
MIP has 10753 rows; 9409 cols; 25537 nonzeros; 1344 integer variables (1344 binary)
Coefficient ranges:
  Matrix  [2e-01, 3e+00]
  Cost    [1e-02, 6e-02]
  Bound   [1e+00, 1e+00]
  RHS     [2e-16, 5e+00]
WARNING: Problem has some excessively small row bounds
Presolving model
8064 rows, 8316 cols, 21755 nonzeros 0s
6230 rows, 6779 cols, 16968 nonzeros 0s
4234 rows, 4982 cols, 11751 nonzeros 0s
4119 rows, 3598 cols, 8287 nonzeros 0s
2141 rows, 2921 cols, 6193 nonzeros 0s
1922 rows, 1943 cols, 3532 nonzeros 0s
400 rows, 1270 cols, 1741 nonzeros 0s
282 rows, 1111 cols, 1464 nonzeros 0s
177 rows, 878 cols, 1126 nonzeros 0s
144 rows, 691 cols, 906 nonzeros 0s
124 rows, 525 cols, 720 nonzeros 0s
123 rows, 411 cols, 605 nonzeros 0s
Presolve reductions: rows 123(-10630); columns 411(-8998); nonzeros 605(-24932) 

Solving MIP model with:
   123 rows
   411 cols (18 binary, 0 integer, 0 implied int., 393 continuous, 0 domain fixed)
   605 nonzeros

Src: B => Branching; C => Central rounding; F => Feasibility pump; H => Heuristic;
     I => Shifting; J => Feasibility jump; L => Sub-MIP; P => Empty MIP; R => Randomized rounding;
     S => Solve LP; T => Evaluate node; U => Unbounded; X => User solution; Y => HiGHS solution;
     Z => ZI Round; l => Trivial lower; p => Trivial point; u => Trivial upper; z => Trivial zero

        Nodes      |    B&B Tree     |            Objective Bounds              |  Dynamic Constraints |       Work      
Src  Proc. InQueue |  Leaves   Expl. | BestBound       BestSol              Gap |   Cuts   InLp Confl. | LpIters     Time

 J       0       0         0   0.00%   -inf            25.10132336        Large        0      0      0         0     0.4s
 T       0       0         0   0.00%   17.36893333     24.85624744       30.12%        0      0      0        42     0.5s
         1       0         1 100.00%   24.85624744     24.85624744        0.00%        0      0      0        42     0.5s

Solving report
  Status            Optimal
  Primal bound      24.8562474426
  Dual bound        24.8562474426
  Gap               0% (tolerance: 0.5%)
  P-D integral      0.00219731148786
  Solution status   feasible
                    24.8562474426 (objective)
                    0 (bound viol.)
                    0 (int. viol.)
                    0 (row viol.)
  Timing            0.46
  Max sub-MIP depth 0
  Nodes             1
  Repair LPs        0
  LP iterations     42
                    0 (strong br.)
                    0 (separation)
                    0 (heuristics)
MIP has 10753 rows; 9409 cols; 25537 nonzeros; 1344 integer variables (1344 binary)
Coefficient ranges:
  Matrix  [2e-01, 3e+00]
  Cost    [1e-02, 6e-02]
  Bound   [1e+00, 1e+00]
  RHS     [1e-17, 5e+00]
WARNING: Problem has some excessively small row bounds
Presolving model
8064 rows, 8365 cols, 21804 nonzeros 0s
6214 rows, 6804 cols, 16969 nonzeros 0s
4241 rows, 5028 cols, 11804 nonzeros 0s
4140 rows, 3670 cols, 8395 nonzeros 0s
2128 rows, 2958 cols, 6213 nonzeros 0s
1916 rows, 2067 cols, 3799 nonzeros 0s
523 rows, 1531 cols, 2213 nonzeros 0s
355 rows, 1353 cols, 1867 nonzeros 0s
289 rows, 1119 cols, 1567 nonzeros 0s
285 rows, 933 cols, 1377 nonzeros 0s
Presolve reductions: rows 285(-10468); columns 933(-8476); nonzeros 1377(-24160) 

Solving MIP model with:
   285 rows
   933 cols (40 binary, 0 integer, 0 implied int., 893 continuous, 0 domain fixed)
   1377 nonzeros

Src: B => Branching; C => Central rounding; F => Feasibility pump; H => Heuristic;
     I => Shifting; J => Feasibility jump; L => Sub-MIP; P => Empty MIP; R => Randomized rounding;
     S => Solve LP; T => Evaluate node; U => Unbounded; X => User solution; Y => HiGHS solution;
     Z => ZI Round; l => Trivial lower; p => Trivial point; u => Trivial upper; z => Trivial zero

        Nodes      |    B&B Tree     |            Objective Bounds              |  Dynamic Constraints |       Work      
Src  Proc. InQueue |  Leaves   Expl. | BestBound       BestSol              Gap |   Cuts   InLp Confl. | LpIters     Time

 J       0       0         0   0.00%   -inf            26.2713132         Large        0      0      0         0     0.4s
 T       0       0         0   0.00%   9.690320412     25.54125953       62.06%        0      0      0       113     0.5s
         1       0         1 100.00%   25.54125953     25.54125953        0.00%        0      0      0       113     0.5s

Solving report
  Status            Optimal
  Primal bound      25.5412595311
  Dual bound        25.5412595311
  Gap               0% (tolerance: 0.5%)
  P-D integral      0.00581177763225
  Solution status   feasible
                    25.5412595311 (objective)
                    0 (bound viol.)
                    0 (int. viol.)
                    0 (row viol.)
  Timing            0.45
  Max sub-MIP depth 0
  Nodes             1
  Repair LPs        0
  LP iterations     113
                    0 (strong br.)
                    0 (separation)
                    0 (heuristics)
MIP has 10754 rows; 9409 cols; 25538 nonzeros; 1344 integer variables (1344 binary)
Coefficient ranges:
  Matrix  [2e-01, 3e+00]
  Cost    [1e-02, 6e-02]
  Bound   [1e+00, 1e+00]
  RHS     [1e-17, 5e+00]
WARNING: Problem has some excessively small row bounds
Presolving model
8064 rows, 8364 cols, 21803 nonzeros 0s
6206 rows, 6793 cols, 16946 nonzeros 0s
4226 rows, 5008 cols, 11757 nonzeros 0s
4128 rows, 3657 cols, 8358 nonzeros 0s
2121 rows, 2950 cols, 6190 nonzeros 0s
1911 rows, 2035 cols, 3706 nonzeros 0s
456 rows, 1486 cols, 2053 nonzeros 0s
285 rows, 1312 cols, 1708 nonzeros 0s
220 rows, 1120 cols, 1451 nonzeros 0s
211 rows, 1083 cols, 1405 nonzeros 0s
Presolve reductions: rows 211(-10543); columns 1083(-8326); nonzeros 1405(-24133) 

Solving MIP model with:
   211 rows
   1083 cols (28 binary, 0 integer, 0 implied int., 1055 continuous, 0 domain fixed)
   1405 nonzeros

Src: B => Branching; C => Central rounding; F => Feasibility pump; H => Heuristic;
     I => Shifting; J => Feasibility jump; L => Sub-MIP; P => Empty MIP; R => Randomized rounding;
     S => Solve LP; T => Evaluate node; U => Unbounded; X => User solution; Y => HiGHS solution;
     Z => ZI Round; l => Trivial lower; p => Trivial point; u => Trivial upper; z => Trivial zero

        Nodes      |    B&B Tree     |            Objective Bounds              |  Dynamic Constraints |       Work      
Src  Proc. InQueue |  Leaves   Expl. | BestBound       BestSol              Gap |   Cuts   InLp Confl. | LpIters     Time

         0       0         0   0.00%   6.316416919     inf                  inf        0      0      0         0     0.5s
 T       0       0         0   0.00%   6.316416919     26.20268055       75.89%        0      0      0        83     0.5s
         1       0         1 100.00%   26.20268055     26.20268055        0.00%        0      0      0        83     0.5s

Solving report
  Status            Optimal
  Primal bound      26.2026805486
  Dual bound        26.2026805486
  Gap               0% (tolerance: 0.5%)
  P-D integral      3.80228987783e-05
  Solution status   feasible
                    26.2026805486 (objective)
                    0 (bound viol.)
                    0 (int. viol.)
                    0 (row viol.)
  Timing            0.49
  Max sub-MIP depth 0
  Nodes             1
  Repair LPs        0
  LP iterations     83
                    0 (strong br.)
                    0 (separation)
                    0 (heuristics)
