t,Load,PV,P_imp,P_exp,P_ch,P_dis,P_curt,E,c_grid,c_sell
1,0.1945774848771245,0.0,0.0,0.0,0.0,0.1945774848771245,0.0,4.948795398716546,0.27,0.06
2,0.1945774848771245,0.0,0.0,0.0,0.0,0.1945774848771245,0.0,4.897590797433092,0.27,0.06
3,0.16626805572491976,0.0,0.0,0.0,0.0,0.16626805572491976,0.0,4.853836045926535,0.27,0.06
4,0.16626805572491976,0.0,0.0,0.0,0.0,0.16626805572491976,0.0,4.810081294419977,0.27,0.06
5,0.115031976202972,0.0,0.0,0.0,0.0,0.115031976202972,0.0,4.779809721734984,0.27,0.06
6,0.115031976202972,0.0,0.0,0.0,0.0,0.115031976202972,0.0,4.749538149049993,0.27,0.06
7,0.12559817159076675,0.0,0.0,0.0,0.0,0.12559817159076675,0.0,4.71648599863137,0.27,0.06
8,0.12559817159076675,0.0,0.0,0.0,0.0,0.12559817159076675,0.0,4.683433848212747,0.27,0.06
9,0.13536691827004876,0.0,0.0,0.0,0.0,0.13536691827004876,0.0,4.647810974983787,0.27,0.06
10,0.13536691827004876,0.0,0.0,0.0,0.0,0.13536691827004876,0.0,4.6121881017548265,0.27,0.06
11,0.0639952588581525,0.0,0.0,0.0,0.0,0.0639952588581525,0.0,4.595347244160576,0.27,0.06
12,0.0639952588581525,0.0,0.0,0.0,0.0,0.0639952588581525,0.0,4.578506386566325,0.27,0.06
13,0.05582140959589625,0.0,0.0,0.0,0.0,0.05582140959589625,0.0,4.563816541935826,0.27,0.06
14,0.05582140959589625,0.0,0.0,0.0,0.0,0.05582140959589625,0.0,4.5491266973053275,0.27,0.06
15,0.04027115977989675,0.0,0.0,0.0,0.0,0.04027115977989675,0.0,4.538529023679039,0.27,0.06
16,0.04027115977989675,0.0,0.0,0.0,0.0,0.04027115977989675,0.0,4.52793135005275,0.27,0.06
17,0.0372807271229735,0.0,0.0,0.0,0.0,0.0372807271229735,0.0,4.5181206323888095,0.27,0.06
18,0.0372807271229735,0.0,0.0,0.0,0.0,0.0372807271229735,0.0,4.50830991472487,0.27,0.06
19,0.0372807271229735,0.0,0.0,0.0,0.0,0.0372807271229735,0.0,4.498499197060929,0.27,0.06
20,0.0372807271229735,0.0,0.0,0.0,0.0,0.0372807271229735,0.0,4.488688479396989,0.27,0.06
21,0.02890751568358925,0.0,0.0,0.0,0.0,0.02890751568358925,0.0,4.481081238427623,0.27,0.06
22,0.02890751568358925,0.0,0.0,0.0,0.0,0.02890751568358925,0.0,4.473473997458258,0.27,0.06
23,0.032695397049025,0.0,0.0,0.0,0.0,0.032695397049025,0.0,4.464869945603251,0.27,0.06
24,0.032695397049025,0.0,0.0,0.0,0.0,0.032695397049025,0.0,4.4562658937482444,0.27,0.06
25,0.020733666421332925,0.0,0.0,0.0,0.0,0.020733666421332925,0.0,4.45080966574263,0.27,0.06
26,0.020733666421332925,0.0,0.0,0.0,0.0,0.020733666421332925,0.0,4.445353437737016,0.27,0.06
27,0.0669856915150755,0.0,0.0,0.0,0.0,0.0669856915150755,0.0,4.427725624180417,0.27,0.06
28,0.0669856915150755,0.0,0.0,0.0,0.0,0.0669856915150755,0.0,4.410097810623818,0.27,0.06
29,0.0340909322889225,0.0,0.0,0.0,0.0,0.0340909322889225,0.0,4.401126512653049,0.27,0.06
30,0.0340909322889225,0.0,0.0,0.0,0.0,0.0340909322889225,0.0,4.39215521468228,0.27,0.06
31,0.03289475922615325,0.0,0.0,0.0,0.0,0.03289475922615325,0.0,4.38349869909645,0.27,0.06
32,0.03289475922615325,0.0,0.0,0.0,0.0,0.03289475922615325,0.0,4.374842183510621,0.27,0.06
33,0.0430622302596915,0.0,0.0,6.938893903907228e-18,0.0,0.043062230259691504,0.0,4.363510017652807,0.27,0.06
34,0.0430622302596915,0.0,0.0,0.0,0.0,0.0430622302596915,0.0,4.352177851794994,0.27,0.06
35,0.04984054428205025,0.007529900068337619,0.0,6.938893903907228e-18,0.0,0.04231064421371264,0.0,4.341043471738753,0.27,0.06
36,0.04984054428205025,0.01721120015620029,0.0,0.0,0.0,0.03262934412584996,0.0,4.332456802231951,0.27,0.06
37,0.05083735516769125,0.022804840206965365,0.0,1.0408340855860843e-17,0.0,0.028032514960725896,0.0,4.325079824610707,0.27,0.06
38,0.05083735516769125,0.027753060251872925,0.0,0.0,0.0,0.023084294915818326,0.0,4.3190050101591755,0.27,0.06
39,0.032695397049025,0.03205586029092302,0.0,0.0,0.0,0.0006395367581019801,0.0,4.318836711012307,0.27,0.06
40,0.032695397049025,0.03571324032411554,0.0,0.0,0.00301784327509054,0.0,0.0,4.319553448790141,0.27,0.06
41,0.034689018820307,0.03937062035730812,0.0,0.0,0.004681601537001125,0.0,0.0,4.320665329155179,0.27,0.06
42,0.034689018820307,0.04173716037878566,0.0,0.0,0.00704814155847866,0.0,0.0,4.322339262775317,0.27,0.06
43,0.1084530243577415,0.04517940041002571,0.0,0.0,0.0,0.0632736239477158,0.0,4.305688309104866,0.27,0.06
44,0.1084530243577415,0.08670142078685888,0.0,0.0,0.0,0.021751603570882613,0.0,4.299964202902002,0.27,0.06
45,0.0689793132863575,0.16350640148390258,0.0,0.0,0.09452708819754509,0.0,0.0,4.322414386348919,0.27,0.06
46,0.0689793132863575,0.20287702184121056,0.0,0.0,0.13389770855485306,0.0,0.0,4.354215092130697,0.27,0.06
47,0.673644776579975,0.27645490250896715,0.0,0.0,0.0,0.39718987407100786,0.0,4.249691441059379,0.27,0.06
48,0.673644776579975,0.3166860828740851,0.0,0.0,0.0,0.3569586937058899,0.0,4.155754942715725,0.27,0.06
49,0.6275921335995776,0.3461602631415778,0.0,0.0,0.0,0.2814318704579998,0.0,4.081693924174146,0.27,0.06
50,0.6275921335995776,0.37025594336025813,0.0,5.551115123125783e-17,0.0,0.2573361902393195,0.0,4.013973874111167,0.27,0.06
51,0.653309854449115,0.3407817630927655,0.0,0.0,0.0,0.31252809135634957,0.0,3.931729639543706,0.27,0.06
52,0.653309854449115,0.38230378346959826,0.0,0.0,0.0,0.2710060709795168,0.0,3.860412252443833,0.27,0.06
53,0.5119620908014375,0.42834374388743407,0.0,0.0,0.0,0.08361834691400344,0.0,3.838407424308569,0.27,0.06
54,0.5119620908014375,0.43544336395186695,0.0,0.0,0.0,0.07651872684957056,0.0,3.818270917242892,0.27,0.06
55,0.4278312121809025,0.415435343770284,0.0,0.0,0.0,0.01239586841061846,0.0,3.8150088466085186,0.27,0.06
56,0.4278312121809025,0.30162628273740966,0.0,0.0,0.0,0.12620492944349282,0.0,3.7817970230707574,0.27,0.06
57,0.5241231437338225,0.2121280419251683,0.0,-1.1102230246251565e-16,0.0,0.3119951018086541,0.0,3.6996930489105853,0.27,0.06
58,0.5241231437338225,0.15683706142337495,0.0,0.0,0.0,0.36728608231044757,0.0,3.6030388167236254,0.27,0.06
59,0.48205774429599,0.14177726128669962,0.0,0.0,0.0,0.34028048300929037,0.0,3.5134913211948646,0.27,0.06
60,0.48205774429599,0.14672548133160737,0.0,0.0,0.0,0.3353322629643827,0.0,3.4252459888358167,0.27,0.06
61,0.48185840205508,0.16200042147023505,0.0,0.0,0.0,0.31985798058484494,0.0,3.3410728360503312,0.27,0.06
62,0.48185840205508,0.17146658155614522,0.0,0.0,0.0,0.31039182049893477,0.0,3.2593907780242954,0.27,0.06
63,0.3608455206658275,0.1310202611890746,0.0,0.0,0.0,0.2298252594767529,0.0,3.198910446583045,0.27,0.06
64,0.3608455206658275,0.09681300087862653,0.0,0.0,0.0,0.26403251978720094,0.0,3.1294282045337813,0.27,0.06
65,0.05023926863630675,0.07013564063651613,0.0,0.0,0.019896372000209384,0.0,0.0,3.1341535928838313,0.27,0.06
66,0.05023926863630675,0.05980892054279599,0.0,5.134781488891349e-16,0.00956965190648873,0.0,0.0,3.1364263852116223,0.27,0.06
67,0.07994423302840875,0.05270930047836332,0.0,0.0,0.0,0.02723493255004543,0.0,3.129259297698453,0.27,0.06
68,0.07994423302840875,0.047115660427598245,0.0,0.0,0.0,0.032828572600810506,0.0,3.1206201996456078,0.27,0.06
69,0.0657895184523065,0.03807978034559308,0.0,0.0,0.0,0.02770973810671342,0.0,3.113328163301736,0.27,0.06
70,0.0657895184523065,0.02689250024406293,0.0,0.0,0.0,0.038897018208243574,0.0,3.1030921058785137,0.27,0.06
71,0.11523133838010025,0.015705220142532755,0.0,0.0,0.0,0.09952611823756749,0.0,3.0769010221317856,0.27,0.06
72,0.11523133838010025,0.007099620064432615,0.0,1.3877787807814457e-17,0.0,0.10813171831566765,0.0,3.048445306785557,0.27,0.06
73,0.13636372915568976,0.0,0.0,0.0,0.0,0.13636372915568976,0.0,3.012560114902481,0.27,0.06
74,0.13636372915568976,0.0,0.0,0.0,0.0,0.13636372915568976,0.0,2.9766749230194045,0.27,0.06
75,0.020135579889948324,0.0,0.0,0.0,0.0,0.020135579889948324,0.0,2.97137608620626,0.27,0.06
76,0.020135579889948324,0.0,0.0,0.0,0.0,0.020135579889948324,0.0,2.966077249393116,0.27,0.06
77,0.00797448708512805,0.0,0.0,0.0,0.0,0.00797448708512805,0.0,2.963978700160187,0.27,0.06
78,0.00797448708512805,0.0,0.0,0.0,0.0,0.00797448708512805,0.0,2.9618801509272585,0.27,0.06
79,0.03628391623733275,0.0,0.0,0.0,0.0,0.03628391623733275,0.0,2.952331751917434,0.27,0.06
80,0.03628391623733275,0.0,0.0,0.0,0.0,0.03628391623733275,0.0,2.9427833529076097,0.27,0.06
81,0.03149922398625575,0.0,0.0,-6.938893903907228e-18,0.0,0.031499223986255744,0.0,2.9344940834375426,0.27,0.06
82,0.03149922398625575,0.0,0.0,0.0,0.0,0.03149922398625575,0.0,2.9262048139674754,0.27,0.06
83,0.04286286808256325,0.0,0.0,0.0,0.0,0.04286286808256325,0.0,2.914925111840485,0.27,0.06
84,0.04286286808256325,0.0,0.0,0.0,0.0,0.04286286808256325,0.0,2.9036454097134947,0.27,0.06
85,0.0590112044299475,0.0,0.0,6.938893903907228e-18,0.0,0.059011204429947506,0.0,2.8881161453898243,0.27,0.06
86,0.0590112044299475,0.0,0.0,0.0,0.0,0.0590112044299475,0.0,2.872586881066154,0.27,0.06
87,0.04585330073948625,0.0,0.0,0.0,0.0,0.04585330073948625,0.0,2.8605202229768154,0.27,0.06
88,0.04585330073948625,0.0,0.0,0.0,0.0,0.04585330073948625,0.0,2.848453564887477,0.27,0.06
89,0.04764756033364,0.0,0.0,0.0,0.0,0.04764756033364,0.0,2.8359147332207297,0.27,0.06
90,0.04764756033364,0.0,0.0,0.0,0.0,0.04764756033364,0.0,2.8233759015539825,0.27,0.06
91,0.0155502498159997,0.0,0.0,0.0,0.0,0.0155502498159997,0.0,2.8192837305497718,0.27,0.06
92,0.0155502498159997,0.0,0.0,0.0,0.0,0.0155502498159997,0.0,2.8151915595455614,0.27,0.06
93,0.00817384926225625,0.0,0.0,0.0,0.0,0.00817384926225625,0.0,2.81304054658181,0.27,0.06
94,0.00817384926225625,0.0,0.0,0.0,0.0,0.00817384926225625,0.0,2.810889533618058,0.27,0.06
95,0.018939406827179126,0.0,0.0,0.0,0.0,0.018939406827179126,0.0,2.8059054791898532,0.27,0.06
96,0.018939406827179126,0.0,0.0,3.469446951953614e-18,0.0,0.01893940682717913,0.0,2.8009214247616483,0.27,0.06
97,0.04246414372830675,0.0,0.0,0.0,0.0,0.04246414372830675,0.0,2.7897466500963044,0.27,0.06
98,0.04246414372830675,0.0,0.0,6.938893903907228e-18,0.0,0.04246414372830676,0.0,2.7785718754309605,0.27,0.06
99,0.04585330073948625,0.0,0.0,0.0,0.0,0.04585330073948625,0.0,2.766505217341622,0.27,0.06
100,0.04585330073948625,0.0,0.0,0.0,0.0,0.04585330073948625,0.0,2.7544385592522835,0.27,0.06
101,0.0350877431745635,0.0,0.0,0.0,0.0,0.0350877431745635,0.0,2.745204942627398,0.27,0.06
102,0.0350877431745635,0.0,0.0,0.0,0.0,0.0350877431745635,0.0,2.735971326002513,0.27,0.06
103,0.02890751568358925,0.0,0.0,0.0,0.0,0.02890751568358925,0.0,2.7283640850331476,0.27,0.06
104,0.02890751568358925,0.0,0.0,0.0,0.0,0.02890751568358925,0.0,2.720756844063782,0.27,0.06
105,0.035685829705948,0.0,0.0,0.0,0.0,0.035685829705948,0.0,2.7113658362464275,0.27,0.06
106,0.035685829705948,0.0,0.0,0.0,0.0,0.035685829705948,0.0,2.7019748284290723,0.27,0.06
107,0.02212920166123035,0.0,0.0,-6.938893903907228e-18,0.0,0.022129201661230342,0.0,2.696151354307696,0.27,0.06
108,0.02212920166123035,0.0,0.0,0.0,0.0,0.02212920166123035,0.0,2.6903278801863193,0.27,0.06
109,0.02492027214102515,0.0,0.0,0.0,0.0,0.02492027214102515,0.0,2.683769913833418,0.27,0.06
110,0.02492027214102515,0.0,0.0,0.0,0.0,0.02492027214102515,0.0,2.677211947480517,0.27,0.06
111,0.021132390775589326,0.0,0.0,0.0,0.0,0.021132390775589326,0.0,2.671650792013257,0.27,0.06
112,0.021132390775589326,0.0,0.0,0.0,0.0,0.021132390775589326,0.0,2.6660896365459963,0.27,0.06
113,0.011961730627692076,0.0,0.0,6.938893903907228e-18,0.0,0.011961730627692083,0.0,2.662941812696604,0.27,0.06
114,0.011961730627692076,0.0,0.0,0.0,0.0,0.011961730627692076,0.0,2.6597939888472113,0.27,0.06
115,0.05622013395015275,0.0,0.0,0.0,0.0,0.05622013395015275,0.0,2.6449992167550658,0.27,0.06
116,0.05622013395015275,0.0,0.0,0.0,0.0,0.05622013395015275,0.0,2.6302044446629202,0.27,0.06
117,0.043660316791076,0.0,0.0,0.0,0.0,0.043660316791076,0.0,2.618714887612637,0.27,0.06
118,0.043660316791076,0.0,0.0,0.0,0.0,0.043660316791076,0.0,2.6072253305623536,0.27,0.06
119,0.0510367173448195,0.0,0.0,0.0,0.0,0.0510367173448195,0.0,2.593794615471612,0.27,0.06
120,0.0510367173448195,0.0,0.0,-6.938893903907228e-18,0.0,0.051036717344819495,0.0,2.58036390038087,0.27,0.06
121,0.056419496127281,0.0,0.0,0.0,0.0,0.056419496127281,0.0,2.5655166645579013,0.27,0.06
122,0.056419496127281,0.0,0.0,0.0,0.0,0.056419496127281,0.0,2.5506694287349325,0.27,0.06
123,0.04824564686502475,0.0,0.0,0.0,0.0,0.04824564686502475,0.0,2.5379732058757156,0.27,0.06
124,0.04824564686502475,0.0,0.0,0.0,0.0,0.04824564686502475,0.0,2.5252769830164987,0.27,0.06
125,0.05562204741876825,0.0,0.0,0.0,0.0,0.05562204741876825,0.0,2.5106396021168225,0.27,0.06
126,0.05562204741876825,0.0,0.0,0.0,0.0,0.05562204741876825,0.0,2.4960022212171467,0.27,0.06
127,0.0360845540602045,0.0,0.0,0.0,0.0,0.0360845540602045,0.0,2.4865062859381455,0.27,0.06
128,0.0360845540602045,0.0,0.0,0.0,0.0,0.0360845540602045,0.0,2.4770103506591443,0.27,0.06
129,0.02811006697507625,0.0,0.0,0.0,0.0,0.02811006697507625,0.0,2.469612964613072,0.27,0.06
130,0.02811006697507625,0.0,0.0,0.0,0.0,0.02811006697507625,0.0,2.4622155785669992,0.27,0.06
131,0.03987243542564025,0.009681300087862653,0.0,0.0,0.0,0.0301911353377776,0.0,2.454270542951795,0.27,0.06
132,0.03987243542564025,0.017641480160105274,0.0,0.0,0.0,0.022230955265534976,0.0,2.4484202915661277,0.27,0.06
133,0.03767945147723,0.023235120210870378,0.0,0.0,0.0,0.014444331266359623,0.0,2.444619151759191,0.27,0.06
134,0.03767945147723,0.028828760261635458,0.0,0.0,0.0,0.008850691215594543,0.0,2.442290022491929,0.27,0.06
135,0.04186605719692225,0.03270128029678054,0.0,0.0,0.0,0.00916477690014171,0.0,2.4398782390971547,0.27,0.06
136,0.04186605719692225,0.03635866032997306,0.0,0.0,0.0,0.005507396866949191,0.0,2.438428924132168,0.27,0.06
137,0.03767945147723,0.039800900361213136,0.0,0.0,0.0021214488839831347,0.0,0.0,2.4389327682421142,0.27,0.06
138,0.03767945147723,0.043028000390500656,0.0,0.0,0.005348548913270655,0.0,0.0,2.440203048609016,0.27,0.06
139,0.028708153506461,0.047330800429550755,0.0,0.0,0.018622646923089757,0.0,0.0,2.4446259272532496,0.27,0.06
140,0.028708153506461,0.09401618085324401,0.0,4.718447854656915e-16,0.06530802734678254,0.0,0.0,2.4601365837481106,0.27,0.06
141,0.03548646752881975,0.16845462152881005,0.0,0.0,0.1329681539999903,0.0,0.0,2.4917165203231084,0.27,0.06
142,0.03548646752881975,0.20567384186659332,0.0,0.0,0.17018737433777356,0.0,0.0,2.5321360217283297,0.27,0.06
143,0.392942851119685,0.27494892249529973,0.0,0.0,0.0,0.11799392862438529,0.0,2.5010849878798074,0.27,0.06
144,0.392942851119685,0.3175466428818949,0.0,0.0,0.0,0.07539620823779014,0.0,2.48124388044881,0.27,0.06
145,0.425040161637325,0.34314830311424294,0.0,0.0,0.0,0.08189185852308206,0.0,2.459693391363788,0.27,0.06
146,0.425040161637325,0.3732679033875934,0.0,0.0,0.0,0.051772258249731584,0.0,2.4460691128770167,0.27,0.06
147,0.3608455206658275,0.34465428312791063,0.0,0.0,0.0,0.016191237537916847,0.0,2.4418082608933545,0.27,0.06
148,0.3608455206658275,0.37993724344812085,0.0,2.7755575615628914e-17,0.019091722782293347,0.0,0.0,2.446342545054149,0.27,0.06
149,0.18500810037497076,0.4264074838698617,0.0,0.0,0.24139938349489096,0.0,0.0,2.5036748986341855,0.27,0.06
150,0.18500810037497076,0.4384553239792019,0.0,0.0,0.2534472236042311,0.0,0.0,2.5638686142401905,0.27,0.06
151,0.3327354736269675,0.41737160378785654,0.0,1.6653345369377348e-16,0.08463613016088889,0.0,0.0,2.5839696951534017,0.27,0.06
152,0.3327354736269675,0.31625580287018007,0.0,0.0,0.0,0.016479670756787412,0.0,2.579632939691089,0.27,0.06
153,0.1965711066484065,0.2192276619896011,0.0,0.0,0.022656555341194623,0.0,0.0,2.5850138715846227,0.27,0.06
154,0.1965711066484065,0.16458210149366503,0.0,0.0,0.0,0.03198900515474146,0.0,2.576595712333375,0.27,0.06
155,0.24302249391927724,0.14823146134527485,0.0,0.0,0.0,0.0947910325740024,0.0,2.5516507037612692,0.27,0.06
156,0.24302249391927724,0.14973744135894235,0.0,0.0,0.0,0.0932850525603349,0.0,2.527102005719076,0.27,0.06
157,0.2561803976097375,0.1693151815366204,0.0,-2.7755575615628914e-17,0.0,0.08686521607311706,0.0,2.5042427383314134,0.27,0.06
158,0.2561803976097375,0.17361798157567015,0.0,0.0,0.0,0.08256241603406733,0.0,2.482515786743501,0.27,0.06
159,0.210127734693124,0.13446250122031486,0.0,0.0,0.0,0.07566523347280915,0.0,2.4626038831980246,0.27,0.06
160,0.210127734693124,0.1015460809215816,0.0,0.0,0.0,0.10858165377154241,0.0,2.434029763784461,0.27,0.06
161,0.09589320719866475,0.07465358067751868,0.0,0.0,0.0,0.02123962652114607,0.0,2.428440388384159,0.27,0.06
162,0.09589320719866475,0.06583284059746608,0.0,0.0,0.0,0.030060366601198665,0.0,2.4205297655943703,0.27,0.06
163,0.03787881365435825,0.0565818205135084,0.0,0.0,0.018703006859150148,0.0,0.0,2.4249717297234183,0.27,0.06
164,0.03787881365435825,0.04969734045102828,0.0,0.0,0.011818526796670024,0.0,0.0,2.4277786298376274,0.27,0.06
165,0.09190596365610075,0.04044632036707065,0.0,0.0,0.0,0.0514596432890301,0.0,2.4142366184457775,0.27,0.06
166,0.09190596365610075,0.02732278024796794,0.0,0.0,0.0,0.06458318340813281,0.0,2.39724104386469,0.27,0.06
167,0.012759179336204875,0.01656578015034277,0.0,0.0,0.0038066008141378962,0.0,0.0,2.3981451115580477,0.27,0.06
168,0.012759179336204875,0.0066693400605276,0.0,0.0,0.0,0.006089839275677276,0.0,2.3965425222749746,0.27,0.06
169,0.116826235797126,0.0,0.0,0.0,0.0,0.116826235797126,0.0,2.365798776012573,0.27,0.06
170,0.116826235797126,0.0,0.0,-2.7755575615628914e-17,0.0,0.11682623579712598,0.0,2.3350550297501718,0.27,0.06
171,0.021730477306973923,0.0,0.0,0.0,0.0,0.021730477306973923,0.0,2.3293364830904415,0.27,0.06
172,0.021730477306973923,0.0,0.0,0.0,0.0,0.021730477306973923,0.0,2.3236179364307117,0.27,0.06
173,0.02312601254687135,0.0,0.0,0.0,0.0,0.02312601254687135,0.0,2.317532143655219,0.27,0.06
174,0.02312601254687135,0.0,0.0,0.0,0.0,0.02312601254687135,0.0,2.3114463508797267,0.27,0.06
175,0.02611644520379425,0.0,0.0,0.0,0.0,0.02611644520379425,0.0,2.304573602141886,0.27,0.06
176,0.02611644520379425,0.0,0.0,0.0,0.0,0.02611644520379425,0.0,2.2977008534040455,0.27,0.06
177,0.0143540767532305,0.0,0.0,0.0,0.0,0.0143540767532305,0.0,2.293923464784774,0.27,0.06
178,0.0143540767532305,0.0,0.0,0.0,0.0,0.0143540767532305,0.0,2.2901460761655033,0.27,0.06
179,0.03688200276871725,0.0,0.0,0.0,0.0,0.03688200276871725,0.0,2.280440285963209,0.27,0.06
180,0.03688200276871725,0.0,0.0,0.0,0.0,0.03688200276871725,0.0,2.270734495760915,0.27,0.06
181,0.035685829705948,0.0,0.0,0.0,0.0,0.035685829705948,0.0,2.2613434879435603,0.27,0.06
182,0.035685829705948,0.0,0.0,0.0,0.0,0.035685829705948,0.0,2.2519524801262056,0.27,0.06
183,0.03389157011179425,0.0,0.0,0.0,0.0,0.03389157011179425,0.0,2.2430336458862596,0.27,0.06
184,0.03389157011179425,0.0,0.0,0.0,0.0,0.03389157011179425,0.0,2.2341148116463136,0.27,0.06
185,0.03249603487189675,0.0,0.0,6.938893903907228e-18,0.0,0.032496034871896756,0.0,2.2255632235221303,0.27,0.06
186,0.03249603487189675,0.0,0.0,0.0,0.0,0.03249603487189675,0.0,2.217011635397947,0.27,0.06
187,0.021730477306973923,0.0,0.0,0.0,0.0,0.021730477306973923,0.0,2.211293088738217,0.27,0.06
188,0.021730477306973923,0.0,0.0,0.0,0.0,0.021730477306973923,0.0,2.2055745420784874,0.27,0.06
189,0.0179425959415381,0.0,0.0,3.469446951953614e-18,0.0,0.017942595941538103,0.0,2.200852806304398,0.27,0.06
190,0.0179425959415381,0.0,0.0,0.0,0.0,0.0179425959415381,0.0,2.196131070530309,0.27,0.06
191,0.02232856383835855,0.0,0.0,0.0,0.0,0.02232856383835855,0.0,2.1902551326781095,0.27,0.06
192,0.02232856383835855,0.0,0.0,0.0,0.0,0.02232856383835855,0.0,2.18437919482591,0.27,0.06
193,0.011961730627692076,0.0,0.0,0.0,0.0,0.011961730627692076,0.0,2.1812313709765165,0.27,0.06
194,0.011961730627692076,0.0,0.0,0.0,0.0,0.011961730627692076,0.0,2.178083547127124,0.27,0.06
195,0.02232856383835855,0.0,0.0,0.0,0.0,0.02232856383835855,0.0,2.1722076092749245,0.27,0.06
196,0.02232856383835855,0.0,0.0,-3.469446951953614e-18,0.0,0.022328563838358545,0.0,2.166331671422725,0.27,0.06
197,0.02212920166123035,0.0,0.0,0.0,0.0,0.02212920166123035,0.0,2.1605081973013487,0.27,0.06
198,0.02212920166123035,0.0,0.0,0.0,0.0,0.02212920166123035,0.0,2.154684723179972,0.27,0.06
199,0.02192983948410215,0.0,0.0,0.0,0.0,0.02192983948410215,0.0,2.148913712789419,0.27,0.06
200,0.02192983948410215,0.0,0.0,3.469446951953614e-18,0.0,0.021929839484102154,0.0,2.143142702398866,0.27,0.06
201,0.0253189964952815,0.0,0.0,0.0,0.0,0.0253189964952815,0.0,2.136479808584318,0.27,0.06
202,0.0253189964952815,0.0,0.0,6.938893903907228e-18,0.0,0.025318996495281507,0.0,2.1298169147697705,0.27,0.06
203,0.014154714576102276,0.0,0.0,0.0,0.0,0.014154714576102276,0.0,2.1260919898813224,0.27,0.06
204,0.014154714576102276,0.0,0.0,0.0,0.0,0.014154714576102276,0.0,2.1223670649928743,0.27,0.06
205,0.018939406827179126,0.0,0.0,0.0,0.0,0.018939406827179126,0.0,2.1173830105646694,0.27,0.06
206,0.018939406827179126,0.0,0.0,0.0,0.0,0.018939406827179126,0.0,2.1123989561364644,0.27,0.06
207,0.018341320295794526,0.0,0.0,0.0,0.0,0.018341320295794526,0.0,2.1075722929007292,0.27,0.06
208,0.018341320295794526,0.0,0.0,0.0,0.0,0.018341320295794526,0.0,2.1027456296649936,0.27,0.06
209,0.021331752952717525,0.0,0.0,0.0,0.0,0.021331752952717525,0.0,2.0971320104669102,0.27,0.06
210,0.021331752952717525,0.0,0.0,0.0,0.0,0.021331752952717525,0.0,2.091518391268827,0.27,0.06
211,0.05721694483579375,0.0,0.0,6.938893903907228e-18,0.0,0.05721694483579376,0.0,2.076461300522565,0.27,0.06
212,0.05721694483579375,0.0,0.0,0.0,0.0,0.05721694483579375,0.0,2.0614042097763035,0.27,0.06
213,0.052432252584717,0.0,0.0,6.938893903907228e-18,0.0,0.05243225258471701,0.0,2.047606248569799,0.27,0.06
214,0.052432252584717,0.0,0.0,0.0,0.0,0.052432252584717,0.0,2.0338082873632946,0.27,0.06
215,0.03748008930010175,0.0,0.0,0.0,0.0,0.03748008930010175,0.0,2.0239451059685307,0.27,0.06
216,0.03748008930010175,0.0,0.0,0.0,0.0,0.03748008930010175,0.0,2.014081924573767,0.27,0.06
217,0.0460526629166145,0.0,0.0,0.0,0.0,0.0460526629166145,0.0,2.001962802753605,0.27,0.06
218,0.0460526629166145,0.0,0.0,0.0,0.0,0.0460526629166145,0.0,1.9898436809334437,0.27,0.06
219,0.0350877431745635,0.0,0.0,0.0,0.0,0.0350877431745635,0.0,1.9806100643085585,0.27,0.06
220,0.0350877431745635,0.0,0.0,0.0,0.0,0.0350877431745635,0.0,1.9713764476836733,0.27,0.06
221,0.0460526629166145,0.0,0.0,0.0,0.0,0.0460526629166145,0.0,1.9592573258635115,0.27,0.06
222,0.0460526629166145,0.0,0.0,0.0,0.0,0.0460526629166145,0.0,1.9471382040433496,0.27,0.06
223,0.04126797066553775,0.0,0.0,0.0,0.0,0.04126797066553775,0.0,1.936278211762945,0.27,0.06
224,0.04126797066553775,0.0,0.0,0.0,0.0,0.04126797066553775,0.0,1.9254182194825402,0.27,0.06
225,0.0340909322889225,0.0,0.0,0.0,0.0,0.0340909322889225,0.0,1.9164469215117712,0.27,0.06
226,0.0340909322889225,0.0,0.0,0.0,0.0,0.0340909322889225,0.0,1.9074756235410022,0.27,0.06
227,0.03548646752881975,0.00946616008591015,0.0,0.0,0.0,0.026020307442909604,0.0,1.9006281742139208,0.27,0.06
228,0.03548646752881975,0.017856620162057798,0.0,0.0,0.0,0.017629847366761955,0.0,1.8959887406963518,0.27,0.06
229,0.0153508876388715,0.02388054021672787,0.0,0.0,0.00852965257785637,0.0,0.0,1.8980145331835927,0.27,0.06
230,0.0153508876388715,0.029043900263587937,0.0,-8.031769693772617e-16,0.01369301262471724,0.0,0.0,1.901266623681963,0.27,0.06
231,0.0143540767532305,0.032916420298732985,0.0,0.0,0.018562343545502485,0.0,0.0,1.90567518027402,0.27,0.06
232,0.0143540767532305,0.0376495003416881,0.0,0.0,0.023295423588457598,0.0,0.0,1.9112078433762785,0.27,0.06
233,0.021531115129845724,0.04044632036707065,0.0,5.863365348801608e-16,0.018915205237224342,0.0,0.0,1.9157002046201193,0.27,0.06
234,0.021531115129845724,0.04388856039831071,0.0,0.0,0.022357445268464986,0.0,0.0,1.9210100978713796,0.27,0.06
235,0.0169457850558971,0.047545940431503286,0.0,7.320533068622126e-16,0.030600155375605453,0.0,0.0,1.928277634773086,0.27,0.06
236,0.0169457850558971,0.09595244087081654,0.0,5.551115123125783e-17,0.07900665581491939,0.0,0.0,1.9470417155291293,0.27,0.06
237,0.02392346125538415,0.16608808150733273,0.0,0.0,0.1421646202519486,0.0,0.0,1.9808058128389672,0.27,0.06
238,0.02392346125538415,0.20911608189783318,0.0,0.0,0.185192620642449,0.0,0.0,2.024789060241549,0.27,0.06
239,0.3969301145984675,0.27925172253434954,0.0,0.0,0.0,0.11767839206411795,0.0,1.9938210623299386,0.27,0.06
240,0.3969301145984675,0.3209888829131352,0.0,0.0,0.0,0.07594123168533229,0.0,1.9738365276759038,0.27,0.06
241,0.3943383863595825,0.34723596315134064,0.0,0.0,0.0,0.04710242320824187,0.0,1.9614411531474192,0.27,0.06
242,0.3943383863595825,0.37391332339345096,0.0,0.0,0.0,0.020425062966131557,0.0,1.9560661365773846,0.27,0.06
243,0.3423048581291225,0.3429331631122902,0.0,0.0,0.0006283049831677379,0.0,0.0,1.9562153590108868,0.27,0.06
244,0.3423048581291225,0.3788615434383589,0.0,0.0,0.03655668530923645,0.0,0.0,1.9648975717718307,0.27,0.06
245,0.16427443395363775,0.42576206386400434,0.0,0.0,0.26148762991036656,0.0,0.0,2.0270008838755427,0.27,0.06
246,0.16427443395363775,0.4403915839967746,0.0,0.0,0.27611715004313686,0.0,0.0,2.0925787070107877,0.27,0.06
247,0.23066201900111125,0.4203835638151917,0.0,0.0,0.18972154481408046,0.0,0.0,2.137637573904132,0.27,0.06
248,0.23066201900111125,0.3151801028604176,0.0,8.326672684688674e-17,0.08451808385930626,0.0,0.0,2.157710618820717,0.27,0.06
249,0.1877991708547655,0.22761812206574863,0.0,0.0,0.03981895121098314,0.0,0.0,2.1671676197333256,0.27,0.06
250,0.1877991708547655,0.1695303215385727,0.0,0.0,0.0,0.018268849316192798,0.0,2.1623600278080115,0.27,0.06
251,0.19238450092871426,0.15081314136870475,0.0,0.0,0.0,0.04157135956000951,0.0,2.1514201963448514,0.27,0.06
252,0.19238450092871426,0.15210398138041986,0.0,0.0,0.0,0.0402805195482944,0.0,2.1408200596216163,0.27,0.06
253,0.254386138015585,0.17039088154638254,0.0,0.0,0.0,0.08399525646920247,0.0,2.1187160447612996,0.27,0.06
254,0.254386138015585,0.1779207816147205,0.0,0.0,0.0,0.07646535640086452,0.0,2.0985935825505457,0.27,0.06
255,0.1184211332141515,0.1389804412613173,0.0,0.0,0.02055930804716581,0.0,0.0,2.1034764182117476,0.27,0.06
256,0.1184211332141515,0.10348234093915416,0.0,0.0,0.0,0.014938792274997337,0.0,2.0995451570867485,0.27,0.06
257,0.04585330073948625,0.07508386068142374,0.0,0.0,0.02923055994193749,0.0,0.0,2.1064874150729587,0.27,0.06
258,0.04585330073948625,0.06561770059551353,0.0,0.0,0.01976439985602728,0.0,0.0,2.111181460038765,0.27,0.06
259,0.14134778358389474,0.05744238052131843,0.0,-2.7755575615628914e-17,0.0,0.0839054030625763,0.0,2.0891010908117713,0.27,0.06
260,0.14134778358389474,0.050557900458838324,0.0,0.0,0.0,0.09078988312505643,0.0,2.0652090163051775,0.27,0.06
261,0.0291068778607175,0.04152202037683316,0.0,0.0,0.012415142516115661,0.0,0.0,2.068157612652755,0.27,0.06
262,0.0291068778607175,0.029043900263587937,0.0,0.0,0.0,6.297759712956333e-05,0.0,2.068141039600879,0.27,0.06
263,0.0372807271229735,0.017856620162057798,0.0,0.0,0.0,0.0194241069609157,0.0,2.063029432505901,0.27,0.06
264,0.0372807271229735,0.007960180072242628,0.0,0.0,0.0,0.029320547050730873,0.0,2.0553134990714983,0.27,0.06
265,0.1688597640275865,0.0,0.0,0.0,0.0,0.1688597640275865,0.0,2.0108767190642385,0.27,0.06
266,0.1688597640275865,0.0,0.0,0.0,0.0,0.1688597640275865,0.0,1.966439939056979,0.27,0.06
267,0.02432218560964055,0.0,0.0,0.0,0.0,0.02432218560964055,0.0,1.9600393638965472,0.27,0.06
268,0.02432218560964055,0.0,0.0,0.0,0.0,0.02432218560964055,0.0,1.9536387887361155,0.27,0.06
269,0.021132390775589326,0.0,0.0,0.0,0.0,0.021132390775589326,0.0,1.9480776332688552,0.27,0.06
270,0.021132390775589326,0.0,0.0,0.0,0.0,0.021132390775589326,0.0,1.9425164778015949,0.27,0.06
271,0.0181419581186663,0.0,0.0,0.0,0.0,0.0181419581186663,0.0,1.9377422782966827,0.27,0.06
272,0.0181419581186663,0.0,0.0,-2.0816681711721685e-17,0.0,0.018141958118666278,0.0,1.9329680787917705,0.27,0.06
273,0.06120418837835775,0.0,0.0,0.0,0.0,0.06120418837835775,0.0,1.9168617134290449,0.27,0.06
274,0.06120418837835775,0.0,0.0,0.0,0.0,0.06120418837835775,0.0,1.900755348066319,0.27,0.06
275,0.05761566919005025,0.0,0.0,0.0,0.0,0.05761566919005025,0.0,1.885593329858411,0.27,0.06
276,0.05761566919005025,0.0,0.0,0.0,0.0,0.05761566919005025,0.0,1.8704313116505031,0.27,0.06
277,0.04764756033364,0.0,0.0,0.0,0.0,0.04764756033364,0.0,1.8578924799837557,0.27,0.06
278,0.04764756033364,0.0,0.0,6.938893903907228e-18,0.0,0.04764756033364001,0.0,1.8453536483170083,0.27,0.06
279,0.0679825024007165,0.0,0.0,0.0,0.0,0.0679825024007165,0.0,1.8274635161062935,0.27,0.06
280,0.0679825024007165,0.0,0.0,0.0,0.0,0.0679825024007165,0.0,1.8095733838955788,0.27,0.06
281,0.04685011162512725,0.0,0.0,0.0,0.0,0.04685011162512725,0.0,1.7972444071521243,0.27,0.06
282,0.04685011162512725,0.0,0.0,0.0,0.0,0.04685011162512725,0.0,1.7849154304086698,0.27,0.06
283,0.03748008930010175,0.0,0.0,0.0,0.0,0.03748008930010175,0.0,1.7750522490139062,0.27,0.06
284,0.03748008930010175,0.0,0.0,0.0,0.0,0.03748008930010175,0.0,1.7651890676191426,0.27,0.06
285,0.02611644520379425,0.0,0.0,0.0,0.0,0.02611644520379425,0.0,1.758316318881302,0.27,0.06
286,0.02611644520379425,0.0,0.0,0.0,0.0,0.02611644520379425,0.0,1.7514435701434614,0.27,0.06
287,0.04126797066553775,0.0,0.0,0.0,0.0,0.04126797066553775,0.0,1.7405835778630567,0.27,0.06
288,0.04126797066553775,0.0,0.0,0.0,0.0,0.04126797066553775,0.0,1.7297235855826523,0.27,0.06
289,0.05661885830440925,0.0,0.0,0.0,0.0,0.05661885830440925,0.0,1.7148238860288603,0.27,0.06
290,0.05661885830440925,0.0,0.0,0.0,0.0,0.05661885830440925,0.0,1.6999241864750683,0.27,0.06
291,0.14094905922963824,0.0,0.0,0.0,0.0,0.14094905922963824,0.0,1.6628323287830582,0.27,0.06
292,0.14094905922963824,0.0,0.0,0.0,0.0,0.14094905922963824,0.0,1.6257404710910481,0.27,0.06
293,0.15191397897168926,0.0,0.0,0.0,0.0,0.15191397897168926,0.0,1.5857631082037615,0.27,0.06
294,0.15191397897168926,0.0,0.0,0.0,0.0,0.15191397897168926,0.0,1.545785745316475,0.27,0.06
295,0.056419496127281,0.0,0.0,0.0,0.0,0.056419496127281,0.0,1.5309385094935064,0.27,0.06
296,0.056419496127281,0.0,0.0,0.0,0.0,0.056419496127281,0.0,1.5160912736705376,0.27,0.06
297,0.02651516955805075,0.0,0.0,0.0,0.0,0.02651516955805075,0.0,1.5091135974710506,0.27,0.06
298,0.02651516955805075,0.0,0.0,0.0,0.0,0.02651516955805075,0.0,1.5021359212715637,0.27,0.06
299,0.02511963431815325,0.0,0.0,0.0,0.0,0.02511963431815325,0.0,1.495525491187839,0.27,0.06
300,0.02511963431815325,0.0,0.0,0.0,0.0,0.02511963431815325,0.0,1.4889150611041146,0.27,0.06
301,0.0153508876388715,0.0,0.0,0.0,0.0,0.0153508876388715,0.0,1.4848753538307273,0.27,0.06
302,0.0153508876388715,0.0,0.0,0.0,0.0,0.0153508876388715,0.0,1.48083564655734,0.27,0.06
303,0.02472090996389695,0.0,0.0,0.0,0.0,0.02472090996389695,0.0,1.4743301439352618,0.27,0.06
304,0.02472090996389695,0.0,0.0,0.0,0.0,0.02472090996389695,0.0,1.4678246413131837,0.27,0.06
305,0.05123607952194775,0.0,0.0,0.0,0.0,0.05123607952194775,0.0,1.4543414624916184,0.27,0.06
306,0.05123607952194775,0.0,0.0,0.0,0.0,0.05123607952194775,0.0,1.4408582836700532,0.27,0.06
307,0.050438630813435,0.0,0.0,0.0,0.0,0.050438630813435,0.0,1.427584959771781,0.27,0.06
308,0.050438630813435,0.0,0.0,0.0,0.0,0.050438630813435,0.0,1.4143116358735086,0.27,0.06
309,0.05283097693897325,0.0,0.0,0.0,0.0,0.05283097693897325,0.0,1.4004087472053577,0.27,0.06
310,0.05283097693897325,0.0,0.0,0.0,0.0,0.05283097693897325,0.0,1.3865058585372068,0.27,0.06
311,0.138756075281228,0.0,0.0,0.0,0.0,0.138756075281228,0.0,1.349991101884252,0.27,0.06
312,0.138756075281228,0.0,0.0,0.0,0.0,0.138756075281228,0.0,1.313476345231297,0.27,0.06
313,0.038676262362871,0.0,0.0,0.0,0.0,0.038676262362871,0.0,1.3032983814515942,0.27,0.06
314,0.038676262362871,0.0,0.0,0.0,0.0,0.038676262362871,0.0,1.2931204176718913,0.27,0.06
315,0.052432252584717,0.0,0.0,6.938893903907228e-18,0.0,0.05243225258471701,0.0,1.279322456465387,0.27,0.06
316,0.052432252584717,0.0,0.0,2.7755575615628914e-17,0.0,0.05243225258471703,0.0,1.2655244952588824,0.27,0.06
317,0.0350877431745635,0.0,0.0,0.0,0.0,0.0350877431745635,0.0,1.2562908786339972,0.27,0.06
318,0.0350877431745635,0.0,0.0,0.0,0.0,0.0350877431745635,0.0,1.247057262009112,0.27,0.06
319,0.03887562453999925,0.0,0.0,0.0,0.0,0.03887562453999925,0.0,1.236826834498586,0.27,0.06
320,0.03887562453999925,0.0,0.0,0.0,0.0,0.03887562453999925,0.0,1.22659640698806,0.27,0.06
321,0.035685829705948,0.0,0.0,0.0,0.0,0.035685829705948,0.0,1.2172053991707052,0.27,0.06
322,0.035685829705948,0.0,0.0,0.0,0.0,0.035685829705948,0.0,1.2078143913533506,0.27,0.06
323,0.02890751568358925,0.01484466013472275,0.0,0.0,0.0,0.0140628555488665,0.0,1.2041136398931225,0.27,0.06
324,0.02890751568358925,0.027968200253825404,0.0,0.0,0.0,0.0009393154297638456,0.0,1.203866451622132,0.27,0.06
325,0.034689018820307,0.03420726031044806,0.0,1.3877787807814457e-17,0.0,0.00048175850985895247,0.0,1.2037396730669059,0.27,0.06
326,0.034689018820307,0.0378646403436406,0.0,2.185751579730777e-16,0.0031756215233333836,0.0,0.0,1.2044938831786975,0.27,0.06
327,0.035685829705948,0.04195230038073822,0.0,0.0,0.00626647067479022,0.0,0.0,1.2059821699639601,0.27,0.06
328,0.035685829705948,0.047330800429550755,0.0,0.0,0.011644970723602759,0.0,0.0,1.2087478505108158,0.27,0.06
329,0.02691389391230725,0.05270930047836332,0.0,0.0,0.025795406566056073,0.0,0.0,1.2148742595702542,0.27,0.06
330,0.02691389391230725,0.055290980501793374,0.0,0.0,0.028377086589486126,0.0,0.0,1.2216138176352571,0.27,0.06
331,0.02950560221497375,0.05378500048812588,0.0,0.0,0.02427939827315213,0.0,0.0,1.2273801747251307,0.27,0.06
332,0.02950560221497375,0.0993946809020566,0.0,-5.412337245047638e-16,0.06988907868708338,0.0,0.0,1.243978830913313,0.27,0.06
333,0.0157496119931279,0.1673789215190478,0.0,0.0,0.15162930952591988,0.0,0.0,1.279990791925719,0.27,0.06
334,0.0157496119931279,0.21062206191150082,0.0,0.0,0.1948724499183729,0.0,0.0,1.3262729987813324,0.27,0.06
335,0.152512065503074,0.2801122825421596,0.0,0.0,0.12760021703908558,0.0,0.0,1.3565780503281153,0.27,0.06
336,0.152512065503074,0.3209888829131352,0.0,0.0,0.1684768174100612,0.0,0.0,1.3965912944630048,0.27,0.06
337,0.16228081218235574,0.35110848318648546,0.0,0.0,0.18882767100412973,0.0,0.0,1.4414378663264855,0.27,0.06
338,0.16228081218235574,0.3784312634344538,0.0,0.0,0.21615045125209809,0.0,0.0,1.4927735984988588,0.27,0.06
339,0.1608852769424585,0.33755466306347803,0.0,0.0,0.17666938612101954,0.0,0.0,1.534732577702601,0.27,0.06
340,0.1608852769424585,0.37133164337002106,0.0,0.0,0.21044636642756256,0.0,0.0,1.584713589729147,0.27,0.06
341,0.179226597238253,0.4130688037488067,0.0,0.0,0.23384220651055374,0.0,0.0,1.6402511137754037,0.27,0.06
342,0.179226597238253,0.43393738393819936,0.0,0.0,0.2547107866999464,0.0,0.0,1.700744925616641,0.27,0.06
343,0.18640363561486825,0.4274831838796243,0.0,0.0,0.24107954826475606,0.0,0.0,1.7580013183295204,0.27,0.06
344,0.18640363561486825,0.31195300283113003,0.0,0.0,0.12554936721626178,0.0,0.0,1.7878192930433827,0.27,0.06
345,0.18062213247815026,0.23106036209698855,0.0,8.049116928532385e-16,0.05043822961883748,0.0,0.0,1.7997983725778566,0.27,0.06
346,0.18062213247815026,0.17404826157957543,0.0,0.0,0.0,0.006573870898574835,0.0,1.7980684065519157,0.27,0.06
347,0.18500810037497076,0.15124342137261004,0.0,0.0,0.0,0.033764679002360715,0.0,1.7891829647091892,0.27,0.06
348,0.18500810037497076,0.14909202135308489,0.0,0.0,0.0,0.03591607902188587,0.0,1.7797313649665878,0.27,0.06
349,0.17603680240420175,0.16673350151319016,0.0,0.0,0.0,0.009303300891011584,0.0,1.7772831278900059,0.27,0.06
350,0.17603680240420175,0.17361798157567015,0.0,0.0,0.0,0.0024188208285315926,0.0,1.7766465960930238,0.27,0.06
351,0.08293466568533175,0.1348927812242197,0.0,1.942890293094024e-16,0.05195811553888774,0.0,0.0,1.7889866485335095,0.27,0.06
352,0.08293466568533175,0.10262178093134414,0.0,0.0,0.019687115246012382,0.0,0.0,1.7936623384044375,0.27,0.06
353,0.02591708302666625,0.07594442068923365,0.0,1.249000902703301e-16,0.050027337662567284,0.0,0.0,1.805543831099297,0.27,0.06
354,0.02591708302666625,0.06690854060722852,0.0,0.0,0.040991457580562274,0.0,0.0,1.8152793022746807,0.27,0.06
355,0.02292665036974315,0.057872660525223434,0.0,0.0,0.03494601015548028,0.0,0.0,1.8235789796866073,0.27,0.06
356,0.02292665036974315,0.0514184604666483,0.0,0.0,0.028491810096905153,0.0,0.0,1.8303457845846223,0.27,0.06
357,0.12200965240245926,0.04259772038659568,0.0,0.0,0.0,0.07941193201586358,0.0,1.8094479077383423,0.27,0.06
358,0.12200965240245926,0.02968932026944548,0.0,0.0,0.0,0.09232033213301377,0.0,1.7851530834928124,0.27,0.06
359,0.0175438715872817,0.018502040167915318,0.0,0.0,0.0009581685806336164,0.0,0.0,1.7853806485307129,0.27,0.06
360,0.0175438715872817,0.009035880082005142,0.0,0.0,0.0,0.00850799150527656,0.0,1.7831417033977455,0.27,0.06
361,0.074362092068819,0.0,0.0,0.0,0.0,0.074362092068819,0.0,1.7635727318006877,0.27,0.06
362,0.074362092068819,0.0,0.0,0.0,0.0,0.074362092068819,0.0,1.74400376020363,0.27,0.06
363,0.03748008930010175,0.0,0.0,0.0,0.0,0.03748008930010175,0.0,1.7341405788088664,0.27,0.06
364,0.03748008930010175,0.0,0.0,0.0,0.0,0.03748008930010175,0.0,1.7242773974141028,0.27,0.06
365,0.0370813649458455,0.0,0.0,0.0,0.0,0.0370813649458455,0.0,1.7145191434809857,0.27,0.06
366,0.0370813649458455,0.0,0.0,0.0,0.0,0.0370813649458455,0.0,1.7047608895478683,0.27,0.06
367,0.0679825024007165,0.0,0.0,1.3877787807814457e-17,0.0,0.06798250240071652,0.0,1.6868707573371535,0.27,0.06
368,0.0679825024007165,0.0,0.0,1.3877787807814457e-17,0.0,0.06798250240071652,0.0,1.6689806251264387,0.27,0.06
369,0.051634803876204,0.0,0.0,6.938893903907228e-18,0.0,0.051634803876204005,0.0,1.6553925188432272,0.27,0.06
370,0.051634803876204,0.0,0.0,0.0,0.0,0.051634803876204,0.0,1.6418044125600157,0.27,0.06
371,0.0460526629166145,0.0,0.0,0.0,0.0,0.0460526629166145,0.0,1.629685290739854,0.27,0.06
372,0.0460526629166145,0.0,0.030817041383991425,0.0,0.0,0.015235621532623075,0.0,1.6256759166523216,0.27,0.06
373,0.050637992990563,0.0,0.0,0.0,0.0,0.050637992990563,0.0,1.612350129023226,0.27,0.06
374,0.050637992990563,0.0,0.0,-1.3877787807814457e-17,0.0,0.050637992990562986,0.0,1.5990243413941305,0.27,0.06
375,0.0560207717730245,0.0,0.0,0.0,0.0,0.0560207717730245,0.0,1.5842820330328082,0.27,0.06
376,0.0560207717730245,0.0,0.0,0.0,0.0,0.0560207717730245,0.0,1.569539724671486,0.27,0.06
377,0.071371659411896,0.0,0.0,0.0,0.0,0.071371659411896,0.0,1.5507577090367766,0.27,0.06
378,0.071371659411896,0.0,0.0,0.0,0.0,0.071371659411896,0.0,1.531975693402067,0.27,0.06
379,0.06519143192092175,0.0,0.0,0.0,0.0,0.06519143192092175,0.0,1.514820053422877,0.27,0.06
380,0.06519143192092175,0.0,0.0,0.0,0.0,0.06519143192092175,0.0,1.4976644134436872,0.27,0.06
381,0.05083735516769125,0.0,0.0,0.0,0.0,0.05083735516769125,0.0,1.4842861620837684,0.27,0.06
382,0.05083735516769125,0.0,0.0,0.0,0.0,0.05083735516769125,0.0,1.4709079107238496,0.27,0.06
383,0.031698586163384,0.0,0.0,0.0,0.0,0.031698586163384,0.0,1.4625661775229593,0.27,0.06
384,0.031698586163384,0.0,0.0,0.0,0.0,0.031698586163384,0.0,1.4542244443220687,0.27,0.06
385,0.02412282343251235,0.0,0.0,0.0,0.0,0.02412282343251235,0.0,1.4478763328924602,0.27,0.06
386,0.02412282343251235,0.0,0.0,0.0,0.0,0.02412282343251235,0.0,1.4415282214628518,0.27,0.06
387,0.045653938562358,0.0,0.0,0.0,0.0,0.045653938562358,0.0,1.4295140271043365,0.27,0.06
388,0.045653938562358,0.0,0.0,0.0,0.0,0.045653938562358,0.0,1.4174998327458213,0.27,0.06
389,0.045653938562358,0.0,0.0,0.0,0.0,0.045653938562358,0.0,1.405485638387306,0.27,0.06
390,0.045653938562358,0.0,0.0,0.0,0.0,0.045653938562358,0.0,1.3934714440287908,0.27,0.06
391,0.0350877431745635,0.0,0.0,6.938893903907228e-18,0.0,0.03508774317456351,0.0,1.3842378274039056,0.27,0.06
392,0.0350877431745635,0.0,0.0,0.0,0.0,0.0350877431745635,0.0,1.3750042107790206,0.27,0.06
393,0.03149922398625575,0.0,0.0,0.0,0.0,0.03149922398625575,0.0,1.3667149413089532,0.27,0.06
394,0.03149922398625575,0.0,0.0,0.0,0.0,0.03149922398625575,0.0,1.3584256718388859,0.27,0.06
395,0.0155502498159997,0.0,0.0,0.0,0.0,0.0155502498159997,0.0,1.3543335008346755,0.27,0.06
396,0.0155502498159997,0.0,0.0,0.0,0.0,0.0155502498159997,0.0,1.350241329830465,0.27,0.06
397,0.019138769004307325,0.0,0.0,6.938893903907228e-18,0.0,0.019138769004307332,0.0,1.3452048116714364,0.27,0.06
398,0.019138769004307325,0.0,0.0,0.0,0.0,0.019138769004307325,0.0,1.3401682935124082,0.27,0.06
399,0.014154714576102276,0.0,0.0,0.0,0.0,0.014154714576102276,0.0,1.3364433686239603,0.27,0.06
400,0.014154714576102276,0.0,0.0,0.0,0.0,0.014154714576102276,0.0,1.3327184437355124,0.27,0.06
401,0.013556628044717675,0.0,0.0,0.0,0.0,0.013556628044717675,0.0,1.329150910039534,0.27,0.06
402,0.013556628044717675,0.0,0.0,0.0,0.0,0.013556628044717675,0.0,1.325583376343556,0.27,0.06
403,0.02850879132933275,0.0,0.0,0.0,0.0,0.02850879132933275,0.0,1.3180810628358368,0.27,0.06
404,0.02850879132933275,0.0,0.0,3.469446951953614e-18,0.0,0.028508791329332754,0.0,1.3105787493281176,0.27,0.06
405,0.0301036887463585,0.0,0.0,0.0,0.0,0.0301036887463585,0.0,1.3026567259738127,0.27,0.06
406,0.0301036887463585,0.0,0.0,0.0,0.0,0.0301036887463585,0.0,1.2947347026195077,0.27,0.06
407,0.0311004996319995,0.0,0.0,0.0,0.0,0.0311004996319995,0.0,1.2865503606110869,0.27,0.06
408,0.0311004996319995,0.0,0.0,0.0,0.0,0.0311004996319995,0.0,1.278366018602666,0.27,0.06
409,0.05781503136717825,0.0,0.0,0.0,0.0,0.05781503136717825,0.0,1.2631515366639348,0.27,0.06
410,0.05781503136717825,0.0,0.0,0.0,0.0,0.05781503136717825,0.0,1.2479370547252038,0.27,0.06
411,0.141547145761023,0.0,0.0,0.0,0.0,0.141547145761023,0.0,1.210687805840724,0.27,0.06
412,0.141547145761023,0.0,0.0,0.0,0.0,0.141547145761023,0.0,1.1734385569562442,0.27,0.06
413,0.0360845540602045,0.0,0.0,0.0,0.0,0.0360845540602045,0.0,1.163942621677243,0.27,0.06
414,0.0360845540602045,0.0,0.0,0.0,0.0,0.0360845540602045,0.0,1.154446686398242,0.27,0.06
415,0.1104466461290235,0.0,0.0,0.0,0.0,0.1104466461290235,0.0,1.1253817795221832,0.27,0.06
416,0.1104466461290235,0.0,0.0,0.0,0.0,0.1104466461290235,0.0,1.0963168726461243,0.27,0.06
417,0.03588519188307625,0.0,0.0,1.3877787807814457e-17,0.0,0.03588519188307626,0.0,1.0868734010979462,0.27,0.06
418,0.03588519188307625,0.0,0.0,0.0,0.0,0.03588519188307625,0.0,1.0774299295497682,0.27,0.06
419,0.04086924631128125,0.012693260115197696,0.0,0.0,0.0,0.028175986196083552,0.0,1.0700151963402726,0.27,0.06
420,0.04086924631128125,0.021514000195250352,0.0,0.0,0.0,0.019355246116030896,0.0,1.0649217105202644,0.27,0.06
421,0.0273126182665635,0.02818334025577794,0.0,0.0,0.0008707219892144409,0.0,0.0,1.0651285069927028,0.27,0.06
422,0.0273126182665635,0.03377698030654304,0.0,0.0,0.006464362039979538,0.0,0.0,1.0666637929771978,0.27,0.06
423,0.03050241310061475,0.04001604036316561,0.0,-4.3021142204224816e-16,0.00951362726255129,0.0,0.0,1.0689232794520538,0.27,0.06
424,0.03050241310061475,0.047545940431503286,0.0,-7.840950111415168e-16,0.01704352733088932,0.0,0.0,1.07297111719314,0.27,0.06
425,0.0165470607016407,0.05356986048617335,0.0,0.0,0.03702279978453265,0.0,0.0,1.0817640321419666,0.27,0.06
426,0.0165470607016407,0.05744238052131843,0.0,0.0,0.04089531981967773,0.0,0.0,1.0914766705991403,0.27,0.06
427,0.011762368450563875,0.06454200058575106,0.0,1.942890293094024e-16,0.052779632135186993,0.0,0.0,1.1040118332312472,0.27,0.06
428,0.011762368450563875,0.10283692093329662,0.0,0.0,0.09107455248273275,0.0,0.0,1.1256420394458961,0.27,0.06
429,0.02771134262082,0.17749050161081523,0.0,0.0,0.14977915898999522,0.0,0.0,1.16121458970602,0.27,0.06
430,0.02771134262082,0.21987308199545874,0.0,0.0,0.19216173937463873,0.0,0.0,1.2068530028074966,0.27,0.06
431,0.15291078985733025,0.280327422544112,0.0,0.0,0.12741663268678177,0.0,0.0,1.2371144530706073,0.27,0.06
432,0.15291078985733025,0.3224948629268026,0.0,0.0,0.16958407306947232,0.0,0.0,1.277390670424607,0.27,0.06
433,0.14832545978338174,0.3448694231298627,0.0,0.0,0.19654396334648094,0.0,0.0,1.3240698617193962,0.27,0.06
434,0.14832545978338174,0.36702884333097047,0.0,0.0,0.21870338354758873,0.0,0.0,1.3760119153119486,0.27,0.06
435,0.155502498159997,0.33583354304785795,0.0,0.0,0.18033104488786095,0.0,0.0,1.4188405384728155,0.27,0.06
436,0.155502498159997,0.36165034328215845,0.0,0.0,0.20614784512216144,0.0,0.0,1.467800651689329,0.27,0.06
437,0.1531101520344585,0.40532376367851675,0.0,0.0,0.25221361164405826,0.0,0.0,1.5277013844547926,0.27,0.06
438,0.1531101520344585,0.42511664385814696,0.0,0.0,0.27200649182368847,0.0,0.0,1.5923029262629187,0.27,0.06
439,0.1678629531419455,0.42167440382690674,0.0,0.0,0.25381145068496125,0.0,0.0,1.652583145800597,0.27,0.06
440,0.1678629531419455,0.31926776289751513,0.0,0.0,0.15140480975556964,0.0,0.0,1.6885417881175449,0.27,0.06
441,0.1798246837696375,0.23278148211260852,0.0,0.0,0.05295679834297101,0.0,0.0,1.7011190277240005,0.27,0.06
442,0.1798246837696375,0.1835144216654855,0.0,0.0,0.0036897378958480054,0.0,0.0,1.7019953404742643,0.27,0.06
443,0.17842914852974026,0.16286098147804515,0.0,0.0,0.0,0.015568167051695114,0.0,1.6978984544080287,0.27,0.06
444,0.17842914852974026,0.15705220142532758,0.0,0.0,0.0,0.02137694710441268,0.0,1.6922729420121305,0.27,0.06
445,0.1818183055409195,0.17017574154443038,0.0,0.0,0.0,0.011642563996489108,0.0,1.6892091093814754,0.27,0.06
446,0.1818183055409195,0.17533910159129024,0.0,0.0,0.0,0.006479203949629253,0.0,1.6875040557105205,0.27,0.06
447,0.17165083450738125,0.13725932124569726,0.0,0.0,0.0,0.03439151326168399,0.0,1.6784536574837616,0.27,0.06
448,0.17165083450738125,0.1004703809118191,0.0,0.0,0.0,0.07118045359556215,0.0,1.6597219591691401,0.27,0.06
449,0.16846103967333,0.08024722072828383,0.0,0.0,0.0,0.08821381894504618,0.0,1.6365077962888648,0.27,0.06
450,0.16846103967333,0.07013564063651613,0.0,-4.163336342344337e-17,0.0,0.09832539903681384,0.0,1.6106326912791769,0.27,0.06
451,0.17324573192440676,0.06131490055646347,0.0,0.0,0.0,0.1119308313679433,0.0,1.5811772093402443,0.27,0.06
452,0.17324573192440676,0.05378500048812588,0.0,0.0,0.0,0.11946073143628089,0.0,1.5497401747517494,0.27,0.06
453,0.03987243542564025,0.04431884040221568,0.0,0.0,0.004446404976575433,0.0,0.0,1.550796195933686,0.27,0.06
454,0.03987243542564025,0.02990446027139801,0.0,-6.938893903907228e-18,0.0,0.009967975154242234,0.0,1.5481730445773065,0.27,0.06
455,0.086323822696511,0.017641480160105274,0.0,0.0,0.0,0.06868234253640572,0.0,1.5300987439098312,0.27,0.06
456,0.086323822696511,0.00839046007614763,0.0,0.0,0.0,0.07793336262036336,0.0,1.5095899642728936,0.27,0.06
457,0.07655507601722925,0.00021514000195250356,0.0,0.0,0.0,0.07633993601527674,0.0,1.4895005074267682,0.27,0.06
458,0.07655507601722925,0.0,0.0,0.0,0.0,0.07655507601722925,0.0,1.469354434790655,0.27,0.06
459,0.046650749447999,0.0,0.0,0.0,0.0,0.046650749447999,0.0,1.4570779217780239,0.27,0.06
460,0.046650749447999,0.0,0.0,-1.3877787807814457e-17,0.0,0.04665074944799898,0.0,1.4448014087653926,0.27,0.06
461,0.04764756033364,0.0,0.0,0.0,0.0,0.04764756033364,0.0,1.4322625770986452,0.27,0.06
462,0.04764756033364,0.0,0.0,0.0,0.0,0.04764756033364,0.0,1.4197237454318978,0.27,0.06
463,0.05622013395015275,0.0,0.0,0.0,0.0,0.05622013395015275,0.0,1.4049289733397525,0.27,0.06
464,0.05622013395015275,0.0,0.0,0.0,0.0,0.05622013395015275,0.0,1.390134201247607,0.27,0.06
465,0.04685011162512725,0.0,0.0,0.0,0.0,0.04685011162512725,0.0,1.3778052245041523,0.27,0.06
466,0.04685011162512725,0.0,0.0,0.0,0.0,0.04685011162512725,0.0,1.3654762477606979,0.27,0.06
467,0.021132390775589326,0.0,0.0,3.469446951953614e-18,0.0,0.02113239077558933,0.0,1.3599150922934375,0.27,0.06
468,0.021132390775589326,0.0,0.0,0.0,0.0,0.021132390775589326,0.0,1.3543539368261772,0.27,0.06
469,0.0149521632846151,0.0,0.0,0.0,0.0,0.0149521632846151,0.0,1.3504191570144364,0.27,0.06
470,0.0149521632846151,0.0,0.0,0.0,0.0,0.0149521632846151,0.0,1.3464843772026955,0.27,0.06
471,0.0145534389303587,0.0,0.0,0.0,0.0,0.0145534389303587,0.0,1.3426545248526012,0.27,0.06
472,0.0145534389303587,0.0,0.0,0.0,0.0,0.0145534389303587,0.0,1.338824672502507,0.27,0.06
473,0.00937002232502545,0.0,0.0,0.0,0.0,0.00937002232502545,0.0,1.336358877153816,0.27,0.06
474,0.00937002232502545,0.0,0.0,0.0,0.0,0.00937002232502545,0.0,1.3338930818051251,0.27,0.06
475,0.02492027214102515,0.0,0.0,0.0,0.0,0.02492027214102515,0.0,1.3273351154522237,0.27,0.06
476,0.02492027214102515,0.0,0.0,0.0,0.0,0.02492027214102515,0.0,1.3207771490993223,0.27,0.06
477,0.05462523653312725,0.0,0.0,0.0,0.0,0.05462523653312725,0.0,1.3064020868537625,0.27,0.06
478,0.05462523653312725,0.0,0.0,0.0,0.0,0.05462523653312725,0.0,1.2920270246082026,0.27,0.06
479,0.063397172326768,0.0,-0.0,0.0,0.0,0.06339717232664369,0.0,1.2753435582064543,0.27,0.06
480,0.063397172326768,0.0,0.0,-2.7755575615628914e-17,0.0,0.06339717232676798,0.0,1.2586600918046733,0.27,0.06
481,0.0410686084884095,0.0,0.0,0.0,0.0,0.0410686084884095,0.0,1.2478525632550919,0.27,0.06
482,0.0410686084884095,0.0,0.0,0.0,0.0,0.0410686084884095,0.0,1.2370450347055104,0.27,0.06
483,0.03528710535169175,0.0,0.0,0.0,0.0,0.03528710535169175,0.0,1.227758954349802,0.27,0.06
484,0.03528710535169175,0.0,0.0,0.0,0.0,0.03528710535169175,0.0,1.2184728739940935,0.27,0.06
485,0.035685829705948,0.0,0.0,0.0,0.0,0.035685829705948,0.0,1.2090818661767389,0.27,0.06
486,0.035685829705948,0.0,0.0,0.0,0.0,0.035685829705948,0.0,1.1996908583593842,0.27,0.06
487,0.0440590411453325,0.0,0.0,0.0,0.0,0.0440590411453325,0.0,1.1880963738474544,0.27,0.06
488,0.0440590411453325,0.0,0.0,0.0,0.0,0.0440590411453325,0.0,1.1765018893355248,0.27,0.06
489,0.02890751568358925,0.0,0.0,0.0,0.0,0.02890751568358925,0.0,1.168894648366159,0.27,0.06
490,0.02890751568358925,0.0,0.0,0.0,0.0,0.02890751568358925,0.0,1.1612874073967936,0.27,0.06
491,0.02492027214102515,0.0,0.0,0.0,0.0,0.02492027214102515,0.0,1.1547294410438922,0.27,0.06
492,0.02492027214102515,0.0,0.0,0.0,0.0,0.02492027214102515,0.0,1.148171474690991,0.27,0.06
493,0.0301036887463585,0.0,0.0,0.0,0.0,0.0301036887463585,0.0,1.140249451336686,0.27,0.06
494,0.0301036887463585,0.0,0.0,0.0,0.0,0.0301036887463585,0.0,1.1323274279823812,0.27,0.06
495,0.02272728819261495,0.0,0.0,0.0,0.0,0.02272728819261495,0.0,1.1263465626685352,0.27,0.06
496,0.02272728819261495,0.0,0.0,0.0,0.0,0.022727288192613982,0.0,1.1203656973546894,0.27,0.06
497,0.020135579889948324,0.0,0.0,0.0,0.0,0.020135579889948324,0.0,1.1150668605415452,0.27,0.06
498,0.020135579889948324,0.0,0.0,0.0,0.0,0.020135579889948324,0.0,1.1097680237284009,0.27,0.06
499,0.02492027214102515,0.0,0.02492027214102496,0.0,0.0,1.9081958235744878e-16,0.0,1.1097680237284004,0.27,0.06
500,0.02492027214102515,0.0,0.0,0.0,0.0,0.02492027214102515,0.0,1.103210057375499,0.27,0.06
501,0.04246414372830675,0.0,0.0,0.0,0.0,0.04246414372830675,0.0,1.0920352827101552,0.27,0.06
502,0.04246414372830675,0.0,0.0,0.0,0.0,0.04246414372830675,0.0,1.0808605080448113,0.27,0.06
503,0.03249603487189675,0.0,0.0,0.0,0.0,0.03249603487189675,0.0,1.072308919920628,0.27,0.06
504,0.03249603487189675,0.0,0.0,0.0,0.0,0.03249603487189675,0.0,1.0637573317964446,0.27,0.06
505,0.02950560221497375,0.0,0.0,0.0,0.0,0.02950560221497375,0.0,1.0559926996346094,0.27,0.06
506,0.02950560221497375,0.0,0.0,3.469446951953614e-18,0.0,0.029505602214973753,0.0,1.0482280674727742,0.27,0.06
507,0.0311004996319995,0.0,0.0,0.0,0.0,0.0311004996319995,0.0,1.0400437254643533,0.27,0.06
508,0.0311004996319995,0.0,0.0,0.0,0.0,0.03110049963199937,0.0,1.0318593834559324,0.27,0.06
509,0.025717720849538,0.0,0.025717720849538,0.0,0.0,0.0,0.0,1.0318593834559324,0.27,0.06
510,0.025717720849538,0.0,0.025717720849537995,0.0,0.0,3.469446951953614e-18,0.0,1.0318593834559324,0.27,0.06
511,0.0291068778607175,0.0,0.0291068778607175,0.0,0.0,0.0,0.0,1.0318593834559324,0.27,0.06
512,0.0291068778607175,0.0,0.0,0.0,0.0,0.0291068778607175,0.0,1.0241996787557437,0.27,0.06
513,0.0283094291522045,0.0,0.0,-6.938893903907228e-18,0.0,0.028309429152204493,0.0,1.0167498289788477,0.27,0.06
514,0.0283094291522045,0.0,0.0,0.0,0.0,0.0283094291522045,0.0,1.0092999792019517,0.27,0.06
515,0.02950560221497375,0.009896440089815155,0.0,0.0,0.0,0.019609162125158595,0.0,1.0041396733795416,0.27,0.06
516,0.02950560221497375,0.017856620162057798,0.0,0.0,0.0,0.011648982052915952,0.0,1.001074151786669,0.27,0.06
517,0.032695397049025,0.028613620259682972,0.0,0.0,0.0,0.004081776789342028,0.0,1.0,0.27,0.06
518,0.032695397049025,0.04109174037292814,0.0,2.8449465006019636e-16,0.008396343323902856,0.0,0.0,1.001994131539427,0.27,0.06
519,0.0159489741702561,0.04969734045102828,0.0,0.0,0.03374836628077218,0.0,0.0,1.0100093685311102,0.27,0.06
520,0.0159489741702561,0.06260574056817855,0.0,0.0,0.046656766397922454,0.0,0.0,1.0210903505506168,0.27,0.06
521,0.021331752952717525,0.07228704065604118,0.0,-7.077671781985373e-16,0.05095528770332436,0.0,0.0,1.0331922313801563,0.27,0.06
522,0.021331752952717525,0.0748687206794712,0.0,4.718447854656915e-16,0.053536967726753204,0.0,0.0,1.0459072612152602,0.27,0.06
523,0.02890751568358925,0.07422330067361367,0.0,0.0,0.04531578499002442,0.0,0.0,1.0566697601503912,0.27,0.06
524,0.02890751568358925,0.11509990104458939,0.0,-3.469446951953614e-16,0.08619238536100049,0.0,0.0,1.0771404516736287,0.27,0.06
525,0.0165470607016407,0.18093274164205525,0.0,0.0,0.16438568094041456,0.0,0.0,1.116182050896977,0.27,0.06
526,0.0165470607016407,0.21879738198569632,0.0,0.0,0.20225032128405562,0.0,0.0,1.1642165022019404,0.27,0.06
527,0.16068591476533026,0.2644070623996268,0.0,0.0,0.10372114763429655,0.0,0.0,1.1888502747650858,0.27,0.06
528,0.16068591476533026,0.34723596315134064,0.0,0.0,0.1865500483860104,0.0,0.0,1.2331559112567632,0.27,0.06
529,0.161483363473843,0.3676742633368283,0.0,0.0,0.20619089986298528,0.0,0.0,1.282126249974222,0.27,0.06
530,0.161483363473843,0.3870368635125536,0.0,0.0,0.2255535000387106,0.0,0.0,1.335695206233416,0.27,0.06
531,0.1628788987137405,0.36444716330754084,0.0,0.0,0.20156826459380034,0.0,0.0,1.3835676690744436,0.27,0.06
532,0.1628788987137405,0.3988695636199413,0.0,0.0,0.2359906649062008,0.0,0.0,1.4396154519896662,0.27,0.06
533,0.16866040185045825,0.42275010383666917,0.0,0.0,0.25408970198621095,0.0,0.0,1.4999617562113914,0.27,0.06
534,0.16866040185045825,0.43243140392453133,0.0,0.0,0.2637710020740731,0.0,0.0,1.5626073692039837,0.27,0.06
535,0.16626805572491976,0.42511664385814696,0.0,0.0,0.2588485881332272,0.0,0.0,1.6240839088856251,0.27,0.06
536,0.16626805572491976,0.31496496285846504,0.0,0.0,0.14869690713354528,0.0,0.0,1.6593994243298422,0.27,0.06
537,0.17523935369568874,0.26376164239376915,0.0,0.0,0.0885222886980804,0.0,0.0,1.6804234678956362,0.27,0.06
538,0.17523935369568874,0.1968531017865407,0.0,0.0,0.021613748090851953,0.0,0.0,1.6855567330672137,0.27,0.06
539,0.18799853303189376,0.18093274164205525,0.0,0.0,0.0,0.0070657913898385105,0.0,1.6836973142804141,0.27,0.06
540,0.18799853303189376,0.1815781616479129,0.0,0.0,0.0,0.006420371383980855,0.0,1.682007742863577,0.27,0.06
541,0.1828151164265605,0.21148262191931086,0.0,0.0,0.02866750549275035,0.0,0.0,1.688816275418105,0.27,0.06
542,0.1828151164265605,0.17404826157957543,0.0,0.0,0.0,0.008766854846985084,0.0,1.686509208353109,0.27,0.06
543,0.1858055490834835,0.16866976153076269,0.0,0.0,0.0,0.017135787552720827,0.0,1.6819997905760773,0.27,0.06
544,0.1858055490834835,0.14823146134527485,0.0,0.0,0.0,0.03757408773820867,0.0,1.6721118727502329,0.27,0.06
545,0.1848087381978425,0.12736288115588199,0.0,0.0,0.0,0.05744585704196051,0.0,1.656994541949717,0.27,0.06
546,0.1848087381978425,0.10778514097820423,0.0,0.0,0.0,0.07702359721963865,0.0,1.6367251742603384,0.27,0.06
547,0.174441904987176,0.10133094091962916,0.0,0.0,0.0,0.07311096406754683,0.0,1.6174854468741418,0.27,0.06
548,0.174441904987176,0.061099760554510975,0.0,2.7755575615628914e-17,0.0,0.11334214443266505,0.0,1.5876585667602827,0.27,0.06
549,0.17543871587281726,0.04345828039440572,0.0,0.0,0.0,0.13198043547841154,0.0,1.5529268732133323,0.27,0.06
550,0.17543871587281726,0.037434360339735594,0.0,0.0,0.0,0.13800435553308166,0.0,1.5166099375467317,0.27,0.06
551,0.060406739669845,0.019792880179630296,0.0,0.0,0.0,0.040613859490214704,0.0,1.5059220797861488,0.27,0.06
552,0.060406739669845,0.007960180072242628,0.0,0.0,0.0,0.052446559597602374,0.0,1.4921203535762535,0.27,0.06
553,0.11662687361999775,0.0,0.0,0.0,0.0,0.11662687361999775,0.0,1.4614290710446751,0.27,0.06
554,0.11662687361999775,0.0,0.0,-1.3877787807814457e-17,0.0,0.11662687361999774,0.0,1.4307377885130967,0.27,0.06
555,0.029704964392102,0.0,0.0,0.0,0.0,0.029704964392102,0.0,1.4229206926204383,0.27,0.06
556,0.029704964392102,0.0,0.0,0.0,0.0,0.029704964392102,0.0,1.4151035967277799,0.27,0.06
557,0.02432218560964055,0.0,0.0,0.0,0.0,0.02432218560964055,0.0,1.4087030215673482,0.27,0.06
558,0.02432218560964055,0.0,0.0,0.0,0.0,0.02432218560964055,0.0,1.4023024464069165,0.27,0.06
559,0.04027115977989675,0.0,0.0,0.0,0.0,0.04027115977989713,0.0,1.3917047727806278,0.27,0.06
560,0.04027115977989675,0.0,0.0,0.0,0.0,0.04027115977989675,0.0,1.3811070991543393,0.27,0.06
561,0.0627990857953835,0.0,0.0,0.0,0.0,0.0627990857953835,0.0,1.3645810239450278,0.27,0.06
562,0.0627990857953835,0.0,0.0,0.0,0.0,0.0627990857953835,0.0,1.3480549487357165,0.27,0.06
563,0.04764756033364,0.0,0.0,0.0,0.0,0.04764756033364,0.0,1.335516117068969,0.27,0.06
564,0.04764756033364,0.0,0.0,0.0,0.0,0.04764756033364,0.0,1.3229772854022217,0.27,0.06
565,0.05661885830440925,0.0,0.0,0.0,0.0,0.05661885830440925,0.0,1.30807758584843,0.27,0.06
566,0.05661885830440925,0.0,0.0,0.0,0.0,0.05661885830440925,0.0,1.293177886294638,0.27,0.06
567,0.0450558520309735,0.0,0.0,0.0,0.0,0.0450558520309735,0.0,1.2813210831285922,0.27,0.06
568,0.0450558520309735,0.0,0.0,0.0,0.0,0.0450558520309735,0.0,1.2694642799625464,0.27,0.06
569,0.0410686084884095,0.0,0.0,1.3877787807814457e-17,0.0,0.041068608488409514,0.0,1.258656751412965,0.27,0.06
570,0.0410686084884095,0.0,0.0,2.7755575615628914e-17,0.0,0.04106860848840953,0.0,1.2478492228633835,0.27,0.06
571,0.0322966726947685,0.0,0.0,0.0,0.0,0.032296672694768346,0.0,1.2393500984700234,0.27,0.06
572,0.0322966726947685,0.0,0.0,0.0,0.0,0.0322966726947685,0.0,1.2308509740766633,0.27,0.06
573,0.020334942067076527,0.0,0.0,0.0,0.0,0.020334942067076527,0.0,1.2254996735326957,0.27,0.06
574,0.020334942067076527,0.0,0.0,0.0,0.0,0.020334942067076527,0.0,1.2201483729887284,0.27,0.06
575,0.0167464228787689,0.0,0.0,0.0,0.0,0.0167464228787689,0.0,1.2157414195995786,0.27,0.06
576,0.0167464228787689,0.0,0.0,0.0,0.0,0.0167464228787689,0.0,1.2113344662104288,0.27,0.06
577,0.0311004996319995,0.0,0.0,1.0408340855860843e-17,0.0,0.031100499631999512,0.0,1.203150124202008,0.27,0.06
578,0.0311004996319995,0.0,0.0,0.0,0.0,0.0311004996319995,0.0,1.194965782193587,0.27,0.06
579,0.13456946956153576,0.0,0.13456946956153576,0.0,0.0,0.0,0.0,1.194965782193587,0.27,0.06
580,0.13456946956153576,0.0,0.13456946956153576,0.0,0.0,0.0,0.0,1.194965782193587,0.27,0.06
581,0.1738438184557915,0.0,0.1738438184557915,0.0,0.0,0.0,0.0,1.194965782193587,0.27,0.06
582,0.1738438184557915,0.0,0.15973174850372163,0.0,0.0,0.014112069952069862,0.0,1.1912520795746213,0.27,0.06
583,0.04924245775066575,0.0,0.0,0.0,0.0,0.04924245775066574,0.0,1.1782935380612882,0.27,0.06
584,0.04924245775066575,0.0,0.0,0.0,0.0,0.04924245775066575,0.0,1.1653349965479551,0.27,0.06
585,0.04286286808256325,0.0,0.0,0.0,0.0,0.04286286808256325,0.0,1.1540552944209648,0.27,0.06
586,0.04286286808256325,0.0,0.0,0.0,0.0,0.04286286808256325,0.0,1.1427755922939744,0.27,0.06
587,0.04047052195702475,0.0,0.0,0.0,0.0,0.04047052195702475,0.0,1.1321254549368625,0.27,0.06
588,0.04047052195702475,0.0,0.0,0.0,0.0,0.04047052195702375,0.0,1.121475317579751,0.27,0.06
589,0.0167464228787689,0.0,0.0,-6.938893903907228e-18,0.0,0.01674642287876889,0.0,1.1170683641906012,0.27,0.06
590,0.0167464228787689,0.0,0.0,0.0,0.0,0.0167464228787689,0.0,1.1126614108014514,0.27,0.06
591,0.02232856383835855,0.0,0.0,0.0,0.0,0.02232856383835855,0.0,1.106785472949252,0.27,0.06
592,0.02232856383835855,0.0,0.0,0.0,0.0,0.02232856383835855,0.0,1.1009095350970524,0.27,0.06
593,0.0155502498159997,0.0,0.0,0.0,0.0,0.0155502498159997,0.0,1.0968173640928418,0.27,0.06
594,0.0155502498159997,0.0,0.0,0.0,0.0,0.0155502498159997,0.0,1.0927251930886313,0.27,0.06
595,0.0322966726947685,0.0,0.0,0.0,0.0,0.0322966726947685,0.0,1.0842260686952712,0.27,0.06
596,0.0322966726947685,0.0,0.0322966726947685,0.0,0.0,0.0,0.0,1.0842260686952712,0.27,0.06
597,0.04047052195702475,0.0,0.04047052195702475,0.0,0.0,0.0,0.0,1.0842260686952712,0.27,0.06
598,0.04047052195702475,0.0,0.04047052195702516,0.0,0.0,0.0,0.0,1.0842260686952712,0.27,0.06
599,0.021331752952717525,0.0,0.021331752952717525,0.0,0.0,0.0,0.0,1.0842260686952712,0.27,0.06
600,0.021331752952717525,0.0,0.021331752952717525,0.0,0.0,0.0,0.0,1.0842260686952712,0.27,0.06
601,0.019936217712820125,0.0,0.0,0.0,0.0,0.019936217712820125,0.0,1.07897969561295,0.27,0.06
602,0.019936217712820125,0.0,0.0,-1.0408340855860843e-17,0.0,0.019936217712820115,0.0,1.073733322530629,0.27,0.06
603,0.021331752952717525,0.0,0.0,0.0,0.0,0.021331752952717525,0.0,1.0681197033325454,0.27,0.06
604,0.021331752952717525,0.0,0.0,0.0,0.0,0.021331752952717525,0.0,1.0625060841344618,0.27,0.06
605,0.02352473690112775,0.0,0.0,0.0,0.0,0.02352473690112775,0.0,1.0563153638973228,0.27,0.06
606,0.02352473690112775,0.0,0.0,0.0,0.0,0.02352473690112775,0.0,1.050124643660184,0.27,0.06
607,0.04027115977989675,0.0,0.0,0.0,0.0,0.04027115977989675,0.0,1.0395269700338954,0.27,0.06
608,0.04027115977989675,0.0,0.0,0.0,0.0,0.04027115977989675,0.0,1.0289292964076069,0.27,0.06
609,0.04984054428205025,0.0,0.04984054428205025,0.0,0.0,0.0,0.0,1.0289292964076069,0.27,0.06
610,0.04984054428205025,0.0,0.04984054428205023,0.0,0.0,2.0816681711721685e-17,0.0,1.0289292964076069,0.27,0.06
611,0.03887562453999925,0.0,0.03887562453999925,0.0,0.0,0.0,0.0,1.0289292964076069,0.27,0.06
612,0.03887562453999925,0.0,0.03887562453999925,0.0,0.0,0.0,0.0,1.0289292964076069,0.27,0.06
613,0.0400717976027685,0.012693260115197696,0.027378537487570805,0.0,0.0,0.0,0.0,1.0289292964076069,0.27,0.06
614,0.0400717976027685,0.020653440187440336,0.0,0.0,0.0,0.019418357415328165,0.0,1.0238192023509416,0.27,0.06
615,0.04784692251076825,0.013123540119102703,0.0,0.0,0.0,0.034723382391665544,0.0,1.0146814701426086,0.27,0.06
616,0.04784692251076825,0.010972140099577678,0.0,0.0,0.0,0.03687478241119057,0.0,1.0049775800344005,0.27,0.06
617,0.0340909322889225,0.015274940138627728,0.0,0.0,0.0,0.018815992150294773,0.0,1.000026003152744,0.27,0.06
618,0.0340909322889225,0.03399212030849557,0.0,0.0,0.0,9.881198042693135e-05,0.0,1.0,0.27,0.06
619,0.0293062400378455,0.06497228058965603,0.0,0.0,0.035666040551810524,0.0,0.0,1.008470684631055,0.27,0.06
620,0.0293062400378455,0.08605600078100138,0.0,0.0,0.05674976074315588,0.0,0.0,1.0219487528075546,0.27,0.06
621,0.0330941214032815,0.13941072126522233,0.0,0.0,0.10631659986194084,0.0,0.0,1.0471989452747656,0.27,0.06
622,0.0330941214032815,0.15619164141751757,0.0,0.0,0.12309752001423607,0.0,0.0,1.0764346062781465,0.27,0.06
623,0.268740214768815,0.2024467418373056,0.0,0.0,0.0,0.06629347293150939,0.0,1.0589889555066965,0.27,0.06
624,0.268740214768815,0.21148262191931086,0.0,0.0,0.0,0.05725759284950413,0.0,1.0439211679147218,0.27,0.06
625,0.2691389391230725,0.2700007024503917,0.0,0.0,0.0008617633273191871,0.0,0.0,1.04412583670496,0.27,0.06
626,0.2691389391230725,0.2809728425499696,0.0,5.551115123125783e-17,0.011833903426897052,0.0,0.0,1.046936388768848,0.27,0.06
627,0.279904496687995,0.22030336199936373,0.0,0.0,0.0,0.05960113468863126,0.0,1.031251879640261,0.27,0.06
628,0.279904496687995,0.21040692190954846,0.0507491898776888,0.0,0.0,0.018748384900757743,0.0,1.0263180941400616,0.27,0.06
629,0.2791070479794825,0.22912410207941605,0.04998294590006644,0.0,0.0,0.0,0.0,1.0263180941400616,0.27,0.06
630,0.2791070479794825,0.17727536160886304,0.10183168637061946,0.0,0.0,0.0,0.0,1.0263180941400616,0.27,0.06
631,0.283293653699175,0.10004010090791414,0.18325355279126082,0.0,0.0,0.0,0.0,1.0263180941400616,0.27,0.06
632,0.283293653699175,0.07422330067361367,0.20907035302556132,0.0,0.0,0.0,0.0,1.0263180941400616,0.27,0.06
633,0.3116030828513775,0.07185676065213613,0.23974632219924136,0.0,0.0,0.0,0.0,1.0263180941400616,0.27,0.06
634,0.3116030828513775,0.07788068070680626,0.23372240214457124,0.0,0.0,0.0,0.0,1.0263180941400616,0.27,0.06
635,0.260167621216085,0.08282890075171384,0.17733872046437105,0.0,0.0,0.0,0.0,1.0263180941400616,0.27,0.06
636,0.260167621216085,0.06346630057598848,0.19670132064009652,0.0,0.0,0.0,0.0,1.0263180941400616,0.27,0.06
637,0.02272728819261495,0.060024060544748487,0.0,0.0,0.037296772352133536,0.0,0.0,1.0351760775736933,0.27,0.06
638,0.02272728819261495,0.10090066091572406,0.0,2.3592239273284576e-16,0.07817337272310887,0.0,0.0,1.0537422535954317,0.27,0.06
639,0.02252792601548675,0.10670944096844166,0.0,7.91033905045424e-16,0.08418151495295412,0.0,0.0,1.0737353633967583,0.27,0.06
640,0.02252792601548675,0.08928310081028892,0.0,0.0,0.06675517479480217,0.0,0.0,1.0895897174105238,0.27,0.06
641,0.09230468801035725,0.08390460076147631,0.0,0.0,0.0,0.008400087248880944,0.0,1.0873791681345024,0.27,0.06
642,0.09230468801035725,0.09251020083957646,0.0,-1.1102230246251565e-16,0.00020551282921932312,0.0,0.0,1.087427977431442,0.27,0.06
643,0.021531115129845724,0.044964260408073206,0.0,0.0,0.02343314527822748,0.0,0.0,1.092993349435021,0.27,0.06
644,0.021531115129845724,0.033131560300685495,0.0,0.0,0.01160044517083977,0.0,0.0,1.0957484551630954,0.27,0.06
645,0.02432218560964055,0.017856620162057798,0.0,0.0,0.0,0.006465565447582752,0.0,1.0940469905716264,0.27,0.06
646,0.02432218560964055,0.023450260212822885,0.0,0.0,0.0,0.0008719253968176646,0.0,1.0938175365198322,0.27,0.06
647,0.0837321143938445,0.024741100224537873,0.05899101416930662,0.0,0.0,0.0,0.0,1.0938175365198322,0.27,0.06
648,0.0837321143938445,0.004087660037097564,0.07964445435674694,0.0,0.0,0.0,0.0,1.0938175365198322,0.27,0.06
649,0.13257584779025375,0.0,0.13257584779025375,0.0,0.0,0.0,0.0,1.0938175365198322,0.27,0.06
650,0.13257584779025375,0.0,0.13257584779025375,0.0,0.0,0.0,0.0,1.0938175365198322,0.27,0.06
651,0.046650749447999,0.0,0.046650749447999,0.0,0.0,0.0,0.0,1.0938175365198322,0.27,0.06
652,0.046650749447999,0.0,0.046650749447999,0.0,0.0,0.0,0.0,1.0938175365198322,0.27,0.06
653,0.042663505905435,0.0,0.0,0.0,0.0,0.042663505905435,0.0,1.082590298123665,0.27,0.06
654,0.042663505905435,0.0,0.042663505905435,0.0,0.0,0.0,0.0,1.082590298123665,0.27,0.06
655,0.062400361441127,0.0,0.062400361441127,0.0,0.0,0.0,0.0,1.082590298123665,0.27,0.06
656,0.062400361441127,0.0,0.062400361441127,0.0,0.0,0.0,0.0,1.082590298123665,0.27,0.06
657,0.038676262362871,0.0,0.038676262362871,0.0,0.0,0.0,0.0,1.082590298123665,0.27,0.06
658,0.038676262362871,0.0,0.038676262362871,0.0,0.0,0.0,0.0,1.082590298123665,0.27,0.06
659,0.05781503136717825,0.0,0.05781503136717825,0.0,0.0,0.0,0.0,1.082590298123665,0.27,0.06
660,0.05781503136717825,0.0,0.05781503136717825,0.0,0.0,0.0,0.0,1.082590298123665,0.27,0.06
661,0.05482459871025525,0.0,0.05482459871025558,0.0,0.0,0.0,0.0,1.082590298123665,0.27,0.06
662,0.05482459871025525,0.0,0.05482459871025525,0.0,0.0,0.0,0.0,1.082590298123665,0.27,0.06
663,0.0540271500017425,0.0,0.0540271500017425,0.0,0.0,0.0,0.0,1.082590298123665,0.27,0.06
664,0.0540271500017425,0.0,0.0540271500017425,0.0,0.0,0.0,0.0,1.082590298123665,0.27,0.06
665,0.05023926863630675,0.0,0.05023926863630676,0.0,0.0,-1.3877787807814457e-17,0.0,1.082590298123665,0.27,0.06
666,0.05023926863630675,0.0,0.0,0.0,0.0,0.05023926863630675,0.0,1.069369437956216,0.27,0.06
667,0.046650749447999,0.0,0.046650749447999,0.0,0.0,0.0,0.0,1.069369437956216,0.27,0.06
668,0.046650749447999,0.0,0.046650749447999,0.0,0.0,0.0,0.0,1.069369437956216,0.27,0.06
669,0.04146733284266575,0.0,0.0,0.0,0.0,0.04146733284266575,0.0,1.058456981944988,0.27,0.06
670,0.04146733284266575,0.0,0.04146733284266575,0.0,0.0,0.0,0.0,1.058456981944988,0.27,0.06
671,0.05482459871025525,0.0,0.05482459871025525,0.0,0.0,0.0,0.0,1.058456981944988,0.27,0.06
672,0.05482459871025525,0.0,0.05482459871025525,0.0,0.0,0.0,0.0,1.058456981944988,0.27,0.06
673,0.09090915277045974,0.0,0.09090915277045974,0.0,0.0,0.0,0.0,1.058456981944988,0.27,0.06
674,0.09090915277045974,0.0,0.09090915277045974,0.0,0.0,0.0,0.0,1.058456981944988,0.27,0.06
675,0.03947371107138375,0.0,0.03947371107138375,0.0,0.0,0.0,0.0,1.058456981944988,0.27,0.06
676,0.03947371107138375,0.0,0.039473711071383755,0.0,0.0,0.0,0.0,1.058456981944988,0.27,0.06
677,0.04086924631128125,0.0,0.04086924631128125,0.0,0.0,0.0,0.0,1.058456981944988,0.27,0.06
678,0.04086924631128125,0.0,0.0,0.0,0.0,0.04086924631128125,0.0,1.0477019171262298,0.27,0.06
679,0.0312998618091275,0.0,0.0,0.0,0.0,0.0312998618091275,0.0,1.0394651113869857,0.27,0.06
680,0.0312998618091275,0.0,0.0,0.0,0.0,0.0312998618091275,0.0,1.0312283056477416,0.27,0.06
681,0.034689018820307,0.0,0.034689018820307,0.0,0.0,0.0,0.0,1.0312283056477416,0.27,0.06
682,0.034689018820307,0.0,0.0,6.938893903907228e-18,0.0,0.034689018820307005,0.0,1.0220996164845029,0.27,0.06
683,0.03528710535169175,0.0,0.03528710535169175,0.0,0.0,0.0,0.0,1.0220996164845029,0.27,0.06
684,0.03528710535169175,0.0,0.0,0.0,0.0,0.03528710535169175,0.0,1.0128135361287944,0.27,0.06
685,0.020334942067076527,0.0,0.020334942067076422,0.0,0.0,0.0,0.0,1.0128135361287944,0.27,0.06
686,0.020334942067076527,0.0,0.02033494206707652,0.0,0.0,6.938893903907228e-18,0.0,1.0128135361287944,0.27,0.06
687,0.02511963431815325,0.0,0.02511963431815325,0.0,0.0,0.0,0.0,1.0128135361287944,0.27,0.06
688,0.02511963431815325,0.0,0.02511963431815325,0.0,0.0,0.0,0.0,1.0128135361287944,0.27,0.06
689,0.03748008930010175,0.0,0.03748008930010175,0.0,0.0,0.0,0.0,1.0128135361287944,0.27,0.06
690,0.03748008930010175,0.0,0.03748008930010175,0.0,0.0,0.0,0.0,1.0128135361287944,0.27,0.06
691,0.052631614761845,0.0,0.052631614761845,0.0,0.0,0.0,0.0,1.0128135361287944,0.27,0.06
692,0.052631614761845,0.0,0.052631614761845,0.0,0.0,0.0,0.0,1.0128135361287944,0.27,0.06
693,0.0627990857953835,0.0,0.0627990857953835,0.0,0.0,0.0,0.0,1.0128135361287944,0.27,0.06
694,0.0627990857953835,0.0,0.0627990857953835,0.0,0.0,0.0,0.0,1.0128135361287944,0.27,0.06
695,0.05223289040758875,0.0,0.05223289040758875,0.0,0.0,0.0,0.0,1.0128135361287944,0.27,0.06
696,0.05223289040758875,0.0,0.05223289040758875,0.0,0.0,0.0,0.0,1.0128135361287944,0.27,0.06
697,0.0659888806294345,0.0,0.0659888806294345,0.0,0.0,0.0,0.0,1.0128135361287944,0.27,0.06
698,0.0659888806294345,0.0,0.0659888806294345,0.0,0.0,0.0,0.0,1.0128135361287944,0.27,0.06
699,0.046451387270871,0.0,0.046451387270871,0.0,0.0,0.0,0.0,1.0128135361287944,0.27,0.06
700,0.046451387270871,0.0,0.046451387270871,0.0,0.0,0.0,0.0,1.0128135361287944,0.27,0.06
701,0.02791070479794825,0.0,0.02791070479794825,0.0,0.0,0.0,0.0,1.0128135361287944,0.27,0.06
702,0.02791070479794825,0.0,0.02791070479794825,0.0,0.0,0.0,0.0,1.0128135361287944,0.27,0.06
703,0.03389157011179425,0.0,0.03389157011179425,0.0,0.0,0.0,0.0,1.0128135361287944,0.27,0.06
704,0.03389157011179425,0.0,0.03389157011179425,0.0,0.0,0.0,0.0,1.0128135361287944,0.27,0.06
705,0.033692207934666,0.0,0.033692207934666,0.0,0.0,0.0,0.0,1.0128135361287944,0.27,0.06
706,0.033692207934666,0.0,0.033692207934666,0.0,0.0,0.0,0.0,1.0128135361287944,0.27,0.06
707,0.03189794834051225,0.011402420103482682,0.0,0.0,0.0,0.02049552823702957,0.0,1.0074199760664182,0.27,0.06
708,0.03189794834051225,0.02000802018158286,0.0,0.0,0.0,0.011889928158929391,0.0,1.004291047603542,0.27,0.06
709,0.0440590411453325,0.027753060251872925,0.0,0.0,0.0,0.01630598089345958,0.0,1.0,0.27,0.06
710,0.0440590411453325,0.03506782031825808,0.008991220827074424,0.0,0.0,0.0,0.0,1.0,0.27,0.06
711,0.039673073248512,0.04066146036902313,0.0,0.0,0.0009883871205111291,0.0,0.0,1.0002347419411215,0.27,0.06
712,0.039673073248512,0.044964260408073206,0.0,0.0,0.005291187159561207,0.0,0.0,1.0014913988915173,0.27,0.06
713,0.02751198044369175,0.04840650043931328,0.0,0.0,0.02089451999562153,0.0,0.0,1.0064538473904774,0.27,0.06
714,0.02751198044369175,0.05184874047055332,0.0,0.0,0.024336760026861574,0.0,0.0,1.012233827896857,0.27,0.06
715,0.02591708302666625,0.06260574056817855,0.0,-6.938893903907228e-16,0.036688657541513,0.0,0.0,1.0209473840629664,0.27,0.06
716,0.02591708302666625,0.11423934103677935,0.0,0.0,0.0883222580101131,0.0,0.0,1.041923920340368,0.27,0.06
717,0.0155502498159997,0.1805024616381503,0.0,0.0,0.1649522118221506,0.0,0.0,1.0811000706481289,0.27,0.06
718,0.0155502498159997,0.23600858214189602,0.0,0.0,0.22045833232589632,0.0,0.0,1.1334589245755293,0.27,0.06
719,0.2565791020277775,0.3039928227588874,0.0,0.0,0.04741372073110989,0.0,0.0,1.144719683249168,0.27,0.06
720,0.2565791020277775,0.3579929632489656,0.0,0.0,0.10141386122118812,0.0,0.0,1.1688054752892,0.27,0.06
721,0.279904496687995,0.3810129434578837,0.0,0.0,0.10110844676988873,0.0,0.0,1.1928187313970489,0.27,0.06
722,0.279904496687995,0.40403292366680116,0.0,0.0,0.12412842697880616,0.0,0.0,1.2222992328045152,0.27,0.06
723,0.182416392072304,0.3894034035340313,0.0,0.0,0.2069870114617273,0.0,0.0,1.2714586480266754,0.27,0.06
724,0.182416392072304,0.39026396354184134,0.0,0.0,0.20784757146953733,0.0,0.0,1.3208224462506906,0.27,0.06
725,0.0301036887463585,0.43264654392648466,0.0,-5.551115123125783e-17,0.4025428551801262,0.0,0.0,1.4164263743559706,0.27,0.06
726,0.0301036887463585,0.46255100419788264,0.0,-1.1102230246251565e-16,0.43244731545152426,0.0,0.0,1.5191326117757076,0.27,0.06
727,0.0935008610731265,0.48858294443413525,0.0,5.551115123125783e-17,0.3950820833610087,0.0,0.0,1.612964606573947,0.27,0.06
728,0.0935008610731265,0.385961163502791,0.0,8.326672684688674e-16,0.2924603024296637,0.0,0.0,1.682423928400992,0.27,0.06
729,0.019936217712820125,0.2919449826495472,0.0,0.0,0.2720087649367271,0.0,0.0,1.747026010073465,0.27,0.06
730,0.019936217712820125,0.2286938220755113,0.0,0.0,0.2087576043626912,0.0,0.0,1.796605941109604,0.27,0.06
731,0.02192983948410215,0.2041678618529256,0.0,0.0,0.18223802236882344,0.0,0.0,1.8398874714221995,0.27,0.06
732,0.02192983948410215,0.19125946173577557,0.0,0.0,0.16932962225167342,0.0,0.0,1.880103256706972,0.27,0.06
733,0.07854869778851124,0.1959925417787306,0.0,0.0,0.11744384399021936,0.0,0.0,1.907996169654649,0.27,0.06
734,0.07854869778851124,0.20201646183340097,0.0,0.0,0.12346776404488972,0.0,0.0,1.9373197636153103,0.27,0.06
735,0.0283094291522045,0.16651836151123747,0.0,0.0,0.13820893235903298,0.0,0.0,1.9701443850505806,0.27,0.06
736,0.0283094291522045,0.1314505411929797,0.0,0.0,0.1031411120407752,0.0,0.0,1.9946403991602648,0.27,0.06
737,0.0342902944660505,0.10843056098406174,0.0,1.5265566588595902e-16,0.07414026651801109,0.0,0.0,2.0122487124582924,0.27,0.06
738,0.0342902944660505,0.07508386068142374,0.0,0.0,0.040793566215373236,0.0,0.0,2.0219371844344436,0.27,0.06
739,0.0937002232502545,0.06368144057794099,0.0,0.0,0.0,0.030018782672313504,0.0,2.014037504783835,0.27,0.06
740,0.0937002232502545,0.0570121005174134,0.0,0.0,0.0,0.0366881227328411,0.0,2.0043827356436132,0.27,0.06
741,0.02412282343251235,0.0490519204451708,0.0,7.91033905045424e-16,0.02492909701265766,0.0,0.0,2.0103033961841192,0.27,0.06
742,0.02412282343251235,0.037434360339735594,0.0,0.0,0.013311536907223243,0.0,0.0,2.013464886199585,0.27,0.06
743,0.0301036887463585,0.020438300185487826,0.0,-2.0816681711721685e-17,0.0,0.009665388560870652,0.0,2.0109213628940927,0.27,0.06
744,0.0301036887463585,0.009681300087862653,0.0,0.0,0.0,0.020422388658495848,0.0,2.0055470500892256,0.27,0.06
745,0.2007577123680985,0.0010757000097625171,0.0,0.0,0.0,0.199682012358336,0.0,1.9529991521001897,0.27,0.06
746,0.2007577123680985,0.0,0.0,0.0,0.0,0.2007577123680985,0.0,1.9001681751612165,0.27,0.06
747,0.05382778782461425,0.0,0.0,0.0,0.0,0.05382778782461425,0.0,1.8860029678389496,0.27,0.06
748,0.05382778782461425,0.0,0.0,0.0,0.0,0.05382778782461425,0.0,1.8718377605166827,0.27,0.06
749,0.0637958966810245,0.0,0.0,0.0,0.0,0.0637958966810245,0.0,1.8550493666532553,0.27,0.06
750,0.0637958966810245,0.0,0.0,0.0,0.0,0.0637958966810245,0.0,1.8382609727898278,0.27,0.06
751,0.05562204741876825,0.0,0.0,0.0,0.0,0.05562204741876825,0.0,1.823623591890152,0.27,0.06
752,0.05562204741876825,0.0,0.0,0.0,0.0,0.05562204741876825,0.0,1.8089862109904762,0.27,0.06
753,0.04485648985384525,0.0,0.0,0.0,0.0,0.04485648985384525,0.0,1.7971818715552537,0.27,0.06
754,0.04485648985384525,0.0,0.0,-6.938893903907228e-18,0.0,0.044856489853845244,0.0,1.7853775321200311,0.27,0.06
755,0.05083735516769125,0.0,0.0,0.0,0.0,0.05083735516769125,0.0,1.7719992807601124,0.27,0.06
756,0.05083735516769125,0.0,0.0,0.0,0.0,0.05083735516769125,0.0,1.7586210294001936,0.27,0.06
757,0.05582140959589625,0.0,0.0,0.0,0.0,0.05582140959589625,0.0,1.7439311847696948,0.27,0.06
758,0.05582140959589625,0.0,0.0,1.3877787807814457e-17,0.0,0.055821409595896265,0.0,1.7292413401391957,0.27,0.06
759,0.04346095461394775,0.0,0.0,2.7755575615628914e-17,0.0,0.04346095461394778,0.0,1.7178042468197356,0.27,0.06
760,0.04346095461394775,0.0,0.0,0.0,0.0,0.04346095461394775,0.0,1.7063671535002758,0.27,0.06
761,0.05123607952194775,0.0,0.0,0.0,0.0,0.05123607952194775,0.0,1.6928839746787105,0.27,0.06
762,0.05123607952194775,0.0,0.0,0.0,0.0,0.05123607952194775,0.0,1.6794007958571453,0.27,0.06
763,0.05881184225281925,0.0,0.0,0.0,0.0,0.05881184225281925,0.0,1.6639239952642981,0.27,0.06
764,0.05881184225281925,0.0,0.0,0.0,0.0,0.05881184225281925,0.0,1.6484471946714507,0.27,0.06
765,0.0420654193740505,0.0,0.0,0.0,0.0,0.0420654193740505,0.0,1.6373773474677533,0.27,0.06
766,0.0420654193740505,0.0,0.0,0.0,0.0,0.0420654193740505,0.0,1.626307500264056,0.27,0.06
767,0.04425840332246075,0.0,0.0,0.0,0.0,0.04425840332246075,0.0,1.614660552021303,0.27,0.06
768,0.04425840332246075,0.0,0.0,0.0,0.0,0.04425840332246075,0.0,1.6030136037785503,0.27,0.06
769,0.0322966726947685,0.0,0.0,0.0,0.0,0.0322966726947685,0.0,1.5945144793851902,0.27,0.06
770,0.0322966726947685,0.0,0.0,0.0,0.0,0.0322966726947685,0.0,1.58601535499183,0.27,0.06
771,0.02432218560964055,0.0,0.0,6.938893903907228e-18,0.0,0.024322185609640556,0.0,1.5796147798313984,0.27,0.06
772,0.02432218560964055,0.0,0.0,0.0,0.0,0.02432218560964055,0.0,1.5732142046709667,0.27,0.06
773,0.02811006697507625,0.0,0.0,1.0408340855860843e-17,0.0,0.02811006697507626,0.0,1.565816818624894,0.27,0.06
774,0.02811006697507625,0.0,0.0,0.0,0.0,0.02811006697507625,0.0,1.5584194325788212,0.27,0.06
775,0.02511963431815325,0.0,0.0,0.0,0.0,0.02511963431815325,0.0,1.5518090024950966,0.27,0.06
776,0.02511963431815325,0.0,0.0,0.0,0.0,0.02511963431815325,0.0,1.5451985724113722,0.27,0.06
777,0.033692207934666,0.0,0.0,0.0,0.0,0.033692207934666,0.0,1.5363322019022496,0.27,0.06
778,0.033692207934666,0.0,0.0,0.0,0.0,0.033692207934666,0.0,1.5274658313931269,0.27,0.06
779,0.02950560221497375,0.0,0.0,0.0,0.0,0.02950560221497375,0.0,1.5197011992312917,0.27,0.06
780,0.02950560221497375,0.0,0.0,-3.469446951953614e-18,0.0,0.029505602214973746,0.0,1.5119365670694564,0.27,0.06
781,0.019138769004307325,0.0,0.0,0.0,0.0,0.019138769004307325,0.0,1.506900048910428,0.27,0.06
782,0.019138769004307325,0.0,0.0,0.0,0.0,0.019138769004307325,0.0,1.5018635307513999,0.27,0.06
783,0.0253189964952815,0.0,0.0,0.0,0.0,0.0253189964952815,0.0,1.4952006369368522,0.27,0.06
784,0.0253189964952815,0.0,0.0,6.938893903907228e-18,0.0,0.025318996495281507,0.0,1.4885377431223044,0.27,0.06
785,0.02791070479794825,0.0,0.0,0.0,0.0,0.02791070479794825,0.0,1.4811928208070548,0.27,0.06
786,0.02791070479794825,0.0,0.0,0.0,0.0,0.02791070479794825,0.0,1.4738478984918053,0.27,0.06
787,0.038676262362871,0.0,0.0,0.0,0.0,0.038676262362871,0.0,1.4636699347121025,0.27,0.06
788,0.038676262362871,0.0,0.0,0.0,0.0,0.038676262362871,0.0,1.4534919709323997,0.27,0.06
789,0.05681822048153725,0.0,0.0,0.0,0.0,0.05681822048153725,0.0,1.4385398076477844,0.27,0.06
790,0.05681822048153725,0.0,0.0,0.0,0.0,0.05681822048153725,0.0,1.4235876443631694,0.27,0.06
791,0.03748008930010175,0.0,0.0,0.0,0.0,0.03748008930010175,0.0,1.4137244629684058,0.27,0.06
792,0.03748008930010175,0.0,0.0,0.0,0.0,0.03748008930010175,0.0,1.4038612815736422,0.27,0.06
793,0.0500399064591785,0.0,0.0,0.0,0.0,0.0500399064591785,0.0,1.3906928851370162,0.27,0.06
794,0.0500399064591785,0.0,0.0,0.0,0.0,0.0500399064591785,0.0,1.3775244887003903,0.27,0.06
795,0.03887562453999925,0.0,0.0,0.0,0.0,0.03887562453999925,0.0,1.3672940611898643,0.27,0.06
796,0.03887562453999925,0.0,0.0,0.0,0.0,0.03887562453999925,0.0,1.3570636336793382,0.27,0.06
797,0.1331739343216385,0.0,0.0,2.7755575615628914e-17,0.0,0.13317393432163852,0.0,1.3220178614894333,0.27,0.06
798,0.1331739343216385,0.0,0.0,0.0,0.0,0.1331739343216385,0.0,1.2869720892995284,0.27,0.06
799,0.0817384926225625,0.0,0.0,0.0,0.0,0.08173849262256239,0.0,1.265461959662012,0.27,0.06
800,0.0817384926225625,0.0,0.0,0.0,0.0,0.0817384926225625,0.0,1.2439518300244956,0.27,0.06
801,0.07515954077733175,0.0,0.0,0.0,0.0,0.07515954077733175,0.0,1.2241730035041452,0.27,0.06
802,0.07515954077733175,0.0,0.0,0.0,0.0,0.07515954077733175,0.0,1.2043941769837947,0.27,0.06
803,0.0887161688220495,0.0066693400605276,0.0,-1.3877787807814457e-17,0.0,0.08204682876152188,0.0,1.1828029062570782,0.27,0.06
804,0.0887161688220495,0.016350640148390255,0.0,0.0,0.0,0.07236552867365924,0.0,1.1637593460797995,0.27,0.06
805,0.045653938562358,0.03851006034949811,0.0,0.0,0.0,0.007143878212859889,0.0,1.1618793781290468,0.27,0.06
806,0.045653938562358,0.055506120503745905,0.0,-6.869504964868156e-16,0.009852181941388594,0.0,0.0,1.1642192713401267,0.27,0.06
807,0.0717703837661525,0.05356986048617335,0.0,0.0,0.0,0.018200523279979147,0.0,1.1594296599506586,0.27,0.06
808,0.0717703837661525,0.09186478083371896,0.0,-1.3877787807814457e-17,0.02009439706756648,0.0,0.0,1.1642020792542056,0.27,0.06
809,0.031698586163384,0.08691656078881138,0.0,5.551115123125783e-17,0.055217974625427324,0.0,0.0,1.1773163482277447,0.27,0.06
810,0.031698586163384,0.09466160085910148,0.0,0.0,0.06296301469571748,0.0,0.0,1.1922700642179775,0.27,0.06
811,0.0312998618091275,0.1215541011031644,0.0,0.0,0.0902542392940369,0.0,0.0,1.2137054460503114,0.27,0.06
812,0.0312998618091275,0.12736288115588199,0.0,0.0,0.09606301934675449,0.0,0.0,1.2365204131451655,0.27,0.06
813,0.021531115129845724,0.11703616106216191,0.0,0.0,0.0955050459323162,0.0,0.0,1.2592028615540907,0.27,0.06
814,0.021531115129845724,0.09724328088253156,0.0,2.636779683484747e-16,0.07571216575268558,0.0,0.0,1.2771845009203533,0.27,0.06
815,0.2741229935512775,0.08325918075561885,0.0,-2.7755575615628914e-17,0.0,0.19086381279565864,0.0,1.226957181763601,0.27,0.06
816,0.2741229935512775,0.10262178093134414,0.0,0.0,0.0,0.17150121261993337,0.0,1.1818252837057237,0.27,0.06
817,0.2888757946587625,0.12026326109144939,0.04107740671386301,0.0,0.0,0.12753512685345011,0.0,1.1482634082179737,0.27,0.06
818,0.2888757946587625,0.10950626099382424,0.0,0.0,0.0,0.17936953366493827,0.0,1.1010608993587794,0.27,0.06
819,0.2045455937335345,0.1260720411441669,0.0,0.0,0.0,0.07847355258936761,0.0,1.0804099644668406,0.27,0.06
820,0.2045455937335345,0.12478120113245182,0.0,0.0,0.0,0.07976439260108269,0.0,1.0594193348349767,0.27,0.06
821,0.02551835867240975,0.17447854158348014,0.0,0.0,0.14896018291107038,0.0,0.0,1.094797378276356,0.27,0.06
822,0.02551835867240975,0.15576136141361252,0.0,0.0,0.13024300274120276,0.0,0.0,1.1257300914273916,0.27,0.06
823,0.08831744446779324,0.23514802213408623,0.0,0.0,0.14683057766629298,0.0,0.0,1.1606023536231362,0.27,0.06
824,0.08831744446779324,0.1761996615991003,0.0,0.0,0.08788221713130706,0.0,0.0,1.1814743801918217,0.27,0.06
825,0.0157496119931279,0.17770564161276772,0.0,0.0,0.1619560296196398,0.0,0.0,1.2199389372264862,0.27,0.06
826,0.0157496119931279,0.20201646183340097,0.0,0.0,0.18626684984027306,0.0,0.0,1.264177314063551,0.27,0.06
827,0.08293466568533175,0.18114788164400794,0.0,0.0,0.09821321595867619,0.0,0.0,1.2875029528537367,0.27,0.06
828,0.08293466568533175,0.1841598416713429,0.0,0.0,0.10122517598601113,0.0,0.0,1.3115439321504143,0.27,0.06
829,0.02452154778676875,0.15683706142337495,0.0,0.0,0.1323155136366062,0.0,0.0,1.3429688666391082,0.27,0.06
830,0.02452154778676875,0.06604798059941855,0.0,7.91033905045424e-16,0.041526432812649006,0.0,0.0,1.3528313944321124,0.27,0.06
831,0.02691389391230725,0.06497228058965603,0.0,0.0,0.038058386677348774,0.0,0.0,1.3618702612679827,0.27,0.06
832,0.02691389391230725,0.06841452062089608,0.0,0.0,0.041500626708588825,0.0,0.0,1.3717266601112725,0.27,0.06
833,0.08732063358215225,0.056796960515460904,0.0,0.0,0.0,0.030523673066691348,0.0,1.3636941145674064,0.27,0.06
834,0.08732063358215225,0.04087660037097563,0.0,0.0,0.0,0.04644403321117662,0.0,1.3514720005644651,0.27,0.06
835,0.0175438715872817,0.030765020279207963,0.0,0.0,0.013221148691926261,0.0,0.0,1.3546120233787977,0.27,0.06
836,0.0175438715872817,0.02194428019915535,0.0,0.0,0.004400408611873647,0.0,0.0,1.3556571204241177,0.27,0.06
837,0.02691389391230725,0.01678092015229526,0.0,0.0,0.0,0.010132973760011944,0.0,1.3529905483820093,0.27,0.06
838,0.02691389391230725,0.013338680121055217,0.0,0.0,0.0,0.013575213791252032,0.0,1.3494181237001008,0.27,0.06
839,0.09489639631302375,0.013123540119102703,0.08177285619392105,0.0,0.0,0.0,0.0,1.3494181237001008,0.27,0.06
840,0.09489639631302375,0.007960180072242628,0.08693621624078113,0.0,0.0,0.0,0.0,1.3494181237001008,0.27,0.06
841,0.0263158073809225,0.0010757000097625171,0.0,6.938893903907228e-18,0.0,0.02524010737115999,0.0,1.3427759901813745,0.27,0.06
842,0.0263158073809225,0.0,0.0,0.0,0.0,0.0263158073809225,0.0,1.3358507777127107,0.27,0.06
843,0.0322966726947685,0.0,0.0,-6.938893903907228e-18,0.0,0.03229667269476849,0.0,1.3273516533193506,0.27,0.06
844,0.0322966726947685,0.0,0.0,0.0,0.0,0.0322966726947685,0.0,1.3188525289259905,0.27,0.06
845,0.02232856383835855,0.0,0.0,0.0,0.0,0.02232856383835855,0.0,1.312976591073791,0.27,0.06
846,0.02232856383835855,0.0,0.0,0.0,0.0,0.02232856383835855,0.0,1.3071006532215914,0.27,0.06
847,0.051634803876204,0.0,0.0,0.0,0.0,0.051634803876204,0.0,1.2935125469383797,0.27,0.06
848,0.051634803876204,0.0,0.0,0.0,0.0,0.051634803876204,0.0,1.2799244406551682,0.27,0.06
849,0.052631614761845,0.0,0.0,0.0,0.0,0.052631614761845,0.0,1.2660740157178405,0.27,0.06
850,0.052631614761845,0.0,0.05263161476184486,0.0,0.0,0.0,0.0,1.2660740157178405,0.27,0.06
851,0.051435441699076,0.0,0.05143544169907613,0.0,0.0,-1.3183898417423734e-16,0.0,1.2660740157178405,0.27,0.06
852,0.051435441699076,0.0,-0.0,0.0,0.0,0.051435441699076,0.0,1.2525383731654522,0.27,0.06
853,0.054425874355999,0.0,0.05442587435599909,0.0,0.0,-9.020562075079397e-17,0.0,1.2525383731654522,0.27,0.06
854,0.054425874355999,0.0,0.05442587435599909,0.0,0.0,-9.020562075079397e-17,0.0,1.2525383731654522,0.27,0.06
855,0.04485648985384525,0.0,0.0,0.0,0.0,0.04485648985384525,0.0,1.2407340337302297,0.27,0.06
856,0.04485648985384525,0.0,0.0,0.0,0.0,0.04485648985384525,0.0,1.2289296942950074,0.27,0.06
857,0.051634803876204,0.0,0.0,0.0,0.0,0.051634803876204,0.0,1.2153415880117957,0.27,0.06
858,0.051634803876204,0.0,0.0,0.0,0.0,0.051634803876204,0.0,1.2017534817285842,0.27,0.06
859,0.03748008930010175,0.0,0.0,0.0,0.0,0.03748008930010175,0.0,1.1918903003338206,0.27,0.06
860,0.03748008930010175,0.0,0.0,0.0,0.0,0.03748008930010175,0.0,1.182027118939057,0.27,0.06
861,0.02791070479794825,0.0,0.0,0.0,0.0,0.02791070479794825,0.0,1.1746821966238075,0.27,0.06
862,0.02791070479794825,0.0,0.02791070479794825,0.0,0.0,0.0,0.0,1.1746821966238075,0.27,0.06
863,0.02651516955805075,0.0,0.0,0.0,0.0,0.026515169558050913,0.0,1.1677045204243204,0.27,0.06
864,0.02651516955805075,0.0,0.02651516955805075,0.0,0.0,0.0,0.0,1.1677045204243204,0.27,0.06
865,0.0181419581186663,0.0,0.0181419581186663,0.0,0.0,0.0,0.0,1.1677045204243204,0.27,0.06
866,0.0181419581186663,0.0,0.0181419581186663,0.0,0.0,0.0,0.0,1.1677045204243204,0.27,0.06
867,0.0293062400378455,0.0,0.0,0.0,0.0,0.0293062400378455,0.0,1.1599923519933084,0.27,0.06
868,0.0293062400378455,0.0,0.0,0.0,0.0,0.0293062400378455,0.0,1.1522801835622964,0.27,0.06
869,0.034689018820307,0.0,0.0,0.0,0.0,0.034689018820307,0.0,1.1431514943990577,0.27,0.06
870,0.034689018820307,0.0,0.0,0.0,0.0,0.034689018820307,0.0,1.134022805235819,0.27,0.06
871,0.03488838099743525,0.0,0.0,0.0,0.0,0.03488838099743525,0.0,1.124841652341757,0.27,0.06
872,0.03488838099743525,0.0,0.0,0.0,0.0,0.03488838099743525,0.0,1.115660499447695,0.27,0.06
873,0.0370813649458455,0.0,0.0,0.0,0.0,0.0370813649458455,0.0,1.105902245514578,0.27,0.06
874,0.0370813649458455,0.0,0.0,2.7755575615628914e-17,0.0,0.037081364945845526,0.0,1.0961439915814608,0.27,0.06
875,0.028708153506461,0.0,0.028708153506461,0.0,0.0,0.0,0.0,1.0961439915814608,0.27,0.06
876,0.028708153506461,0.0,0.028708153506461,0.0,0.0,0.0,0.0,1.0961439915814608,0.27,0.06
877,0.0173445094101535,0.0,0.0173445094101535,0.0,0.0,0.0,0.0,1.0961439915814608,0.27,0.06
878,0.0173445094101535,0.0,0.0173445094101535,0.0,0.0,0.0,0.0,1.096143991581461,0.27,0.06
879,0.0312998618091275,0.0,0.0312998618091275,0.0,0.0,0.0,0.0,1.096143991581461,0.27,0.06
880,0.0312998618091275,0.0,0.0,0.0,0.0,0.0312998618091275,0.0,1.087907185842217,0.27,0.06
881,0.0271132560894355,0.0,0.0,0.0,0.0,0.0271132560894355,0.0,1.0807721184502603,0.27,0.06
882,0.0271132560894355,0.0,0.0,-6.938893903907228e-18,0.0,0.027113256089435493,0.0,1.0736370510583035,0.27,0.06
883,0.0271132560894355,0.0,0.0,0.0,0.0,0.0271132560894355,0.0,1.066501983666347,0.27,0.06
884,0.0271132560894355,0.0,0.0,0.0,0.0,0.0271132560894355,0.0,1.0593669162743902,0.27,0.06
885,0.02990432656923025,0.0,0.0,0.0,0.0,0.02990432656923025,0.0,1.0514973566509085,0.27,0.06
886,0.02990432656923025,0.0,0.0,0.0,0.0,0.02990432656923025,0.0,1.0436277970274268,0.27,0.06
887,0.021531115129845724,0.0,0.0,0.0,0.0,0.021531115129845724,0.0,1.03796171409852,0.27,0.06
888,0.021531115129845724,0.0,0.021531115129845724,0.0,0.0,0.0,0.0,1.03796171409852,0.27,0.06
889,0.02252792601548675,0.0,0.0,0.0,0.0,0.022527926015487365,0.0,1.032033312515497,0.27,0.06
890,0.02252792601548675,0.0,0.02252792601548675,0.0,0.0,0.0,0.0,1.032033312515497,0.27,0.06
891,0.1323764856131255,0.0,0.1323764856131255,0.0,0.0,0.0,0.0,1.032033312515497,0.27,0.06
892,0.1323764856131255,0.0,0.1323764856131255,0.0,0.0,0.0,0.0,1.032033312515497,0.27,0.06
893,0.111044732660408,0.0,0.11104473266040804,0.0,0.0,-4.85722573273506e-17,0.0,1.032033312515497,0.27,0.06
894,0.111044732660408,0.0,0.111044732660408,0.0,0.0,0.0,0.0,1.032033312515497,0.27,0.06
895,0.11224090572317726,0.0,0.11224090572317726,0.0,0.0,0.0,0.0,1.032033312515497,0.27,0.06
896,0.11224090572317726,0.0,0.11224090572317726,0.0,0.0,0.0,0.0,1.032033312515497,0.27,0.06
897,0.038676262362871,0.007529900068337619,0.0,0.0,0.0,0.03114636229453338,0.0,1.0238369013853565,0.27,0.06
898,0.038676262362871,0.01721120015620029,0.0,0.0,0.0,0.02146506220667071,0.0,1.0181882008046539,0.27,0.06
899,0.076355713840101,0.022804840206965365,0.0,0.0,0.0,0.053550873633135626,0.0,1.0040958656380392,0.27,0.06
900,0.076355713840101,0.027753060251872925,0.04860265358822824,0.0,0.0,0.0,0.0,1.0040958656380392,0.27,0.06
901,0.041666695019794,0.03205586029092302,0.0,0.0,0.0,0.009610834728870983,0.0,1.0015666986041258,0.27,0.06
902,0.041666695019794,0.03571324032411554,0.0,0.0,-0.0,0.005953454695678185,0.0,1.0,0.27,0.06
903,0.03349284575753775,0.03937062035730812,0.0,0.0,0.0058777745997703745,0.0,0.0,1.0013959714674454,0.27,0.06
904,0.03349284575753775,0.04173716037878566,0.0,0.0,0.00824431462124791,0.0,0.0,1.0033539961899918,0.27,0.06
905,0.03648327841446075,0.04517940041002571,0.0,0.0,0.008696121995564958,0.0,0.0,1.0054193251639385,0.27,0.06
906,0.03648327841446075,0.08670142078685888,0.0,3.885780586188048e-16,0.050218142372397745,0.0,0.0,1.017346133977383,0.27,0.06
907,0.04186605719692225,0.16350640148390258,0.0,0.0,0.12164034428698034,0.0,0.0,1.0462357157455409,0.27,0.06
908,0.04186605719692225,0.20287702184121056,0.0,0.0,0.16101096464428832,0.0,0.0,1.0844758198485593,0.27,0.06
909,0.0283094291522045,0.27645490250896715,0.0,0.0,0.24814547335676265,0.0,0.0,1.1434103697707905,0.27,0.06
910,0.0283094291522045,0.3166860828740851,0.0,0.0,0.2883766537218806,0.0,0.0,1.211899825029737,0.27,0.06
911,0.0181419581186663,0.3461602631415778,0.0,0.0,0.32801830502291146,0.0,0.0,1.2898041724726785,0.27,0.06
912,0.0181419581186663,0.37025594336025813,0.0,0.0,0.3521139852415918,0.0,0.0,1.3734312439675564,0.27,0.06
913,0.02551835867240975,0.3407817630927655,0.0,-8.881784197001252e-16,0.3152634044203566,0.0,0.0,1.4483063025173912,0.27,0.06
914,0.02551835867240975,0.38230378346959826,0.0,4.996003610813204e-16,0.356785424797188,0.0,0.0,1.5330428409067234,0.27,0.06
915,0.0175438715872817,0.42834374388743407,0.0,-5.551115123125783e-16,0.4107998723001529,0.0,0.0,1.6306078105780097,0.27,0.06
916,0.0175438715872817,0.43544336395186695,0.0,3.3306690738754696e-16,0.4178994923645849,0.0,0.0,1.7298589400145987,0.27,0.06
917,0.021531115129845724,0.415435343770284,0.0,-7.771561172376096e-16,0.39390422864043906,0.0,0.0,1.823411194316703,0.27,0.06
918,0.021531115129845724,0.30162628273740966,0.0,0.0,0.2800951676075639,0.0,0.0,1.8899337966234995,0.27,0.06
919,0.03149922398625575,0.2121280419251683,0.0,0.0,0.18062881793891256,0.0,0.0,1.9328331408839912,0.27,0.06
920,0.03149922398625575,0.15683706142337495,0.0,0.0,0.12533783743711918,0.0,0.0,1.962600877275307,0.27,0.06
921,0.021132390775589326,0.14177726128669962,0.0,0.0,0.1206448705111103,0.0,0.0,1.9912540340216958,0.27,0.06
922,0.021132390775589326,0.14672548133160737,0.0,0.0,0.12559309055601806,0.0,0.0,2.02108239302875,0.27,0.06
923,0.018341320295794526,0.16200042147023505,0.0,0.0,0.14365910117444053,0.0,0.0,2.0552014295576795,0.27,0.06
924,0.018341320295794526,0.17146658155614522,0.0,0.0,0.1531252612603507,0.0,0.0,2.091568679107013,0.27,0.06
925,0.02212920166123035,0.1310202611890746,0.0,0.0,0.10889105952784424,0.0,0.0,2.117430305744876,0.27,0.06
926,0.02212920166123035,0.09681300087862653,0.0,-3.608224830031759e-16,0.07468379921739654,0.0,0.0,2.1351677080590075,0.27,0.06
927,0.0173445094101535,0.07013564063651613,0.0,3.7470027081099033e-16,0.05279113122636225,0.0,0.0,2.1477056017252685,0.27,0.06
928,0.0173445094101535,0.05980892054279599,0.0,0.0,0.04246441113264249,0.0,0.0,2.157790899369271,0.27,0.06
929,0.030701775277743,0.05270930047836332,0.0,0.0,0.022007525200620322,0.0,0.0,2.1630176866044186,0.27,0.06
930,0.030701775277743,0.047115660427598245,0.0,0.0,0.016413885149855246,0.0,0.0,2.166915984327509,0.27,0.06
931,0.0311004996319995,0.03807978034559308,0.0,0.0,0.006979280713593581,0.0,0.0,2.1685735634969876,0.27,0.06
932,0.0311004996319995,0.02689250024406293,0.0,0.0,0.0,0.004207999387936572,0.0,2.1674661952370045,0.27,0.06
933,0.02492027214102515,0.015705220142532755,0.0,0.0,0.0,0.009215051998492395,0.0,2.1650411815531907,0.27,0.06
934,0.02492027214102515,0.007099620064432615,0.0,0.0,0.0,0.017820652076592537,0.0,2.160351536269877,0.27,0.06
935,0.029704964392102,0.0,0.0,0.0,0.0,0.029704964392102,0.0,2.1525344403772184,0.27,0.06
936,0.029704964392102,0.0,0.0,0.0,0.0,0.029704964392102,0.0,2.14471734448456,0.27,0.06
937,0.0647927075666655,0.0,0.0,0.0,0.0,0.0647927075666655,0.0,2.127666631967016,0.27,0.06
938,0.0647927075666655,0.0,0.0,0.0,0.0,0.0647927075666655,0.0,2.1106159194494727,0.27,0.06
939,0.04226478155117875,0.0,0.0,0.0,0.0,0.04226478155117875,0.0,2.099493608514952,0.27,0.06
940,0.04226478155117875,0.0,0.0,0.0,0.0,0.04226478155117875,0.0,2.0883712975804314,0.27,0.06
941,0.053628425647486,0.0,0.0,0.0,0.0,0.053628425647486,0.0,2.074258553988987,0.27,0.06
942,0.053628425647486,0.0,0.0,0.0,0.0,0.053628425647486,0.0,2.0601458103975436,0.27,0.06
943,0.06658696716081924,0.0,0.0,0.0,0.0,0.06658696716081924,0.0,2.042622924302591,0.27,0.06
944,0.06658696716081924,0.0,0.0,0.0,0.0,0.06658696716081924,0.0,2.025100038207639,0.27,0.06
945,0.049641182104922,0.0,0.0,-1.3877787807814457e-17,0.0,0.04964118210492199,0.0,2.0120365692326594,0.27,0.06
946,0.049641182104922,0.0,0.0,0.0,0.0,0.049641182104922,0.0,1.9989731002576798,0.27,0.06
947,0.0500399064591785,0.0,0.0,0.0,0.0,0.0500399064591785,0.0,1.985804703821054,0.27,0.06
948,0.0500399064591785,0.0,0.0,0.0,0.0,0.0500399064591785,0.0,1.9726363073844282,0.27,0.06
949,0.03289475922615325,0.0,0.0,0.0,0.0,0.03289475922615325,0.0,1.9639797917985984,0.27,0.06
950,0.03289475922615325,0.0,0.0,0.0,0.0,0.03289475922615325,0.0,1.9553232762127686,0.27,0.06
951,0.020534304244204726,0.0,0.0,0.0,0.0,0.020534304244204726,0.0,1.949919511937978,0.27,0.06
952,0.020534304244204726,0.0,0.0,0.0,0.0,0.020534304244204726,0.0,1.9445157476631874,0.27,0.06
953,0.02392346125538415,0.0,0.0,0.0,0.0,0.02392346125538415,0.0,1.9382200999644021,0.27,0.06
954,0.02392346125538415,0.0,0.0,-3.469446951953614e-18,0.0,0.023923461255384148,0.0,1.9319244522656167,0.27,0.06
955,0.02611644520379425,0.0,0.0,0.0,0.0,0.02611644520379425,0.0,1.925051703527776,0.27,0.06
956,0.02611644520379425,0.0,0.0,-1.0408340855860843e-17,0.0,0.02611644520379424,0.0,1.9181789547899355,0.27,0.06
957,0.03448965664317875,0.0,0.0,0.0,0.0,0.03448965664317875,0.0,1.90910272935752,0.27,0.06
958,0.03448965664317875,0.0,0.0,0.0,0.0,0.03448965664317875,0.0,1.9000265039251045,0.27,0.06
959,0.22308627620645724,0.0,0.0,0.0,0.0,0.22308627620645724,0.0,1.8413195891339316,0.27,0.06
960,0.22308627620645724,0.0,0.0,0.0,0.0,0.22308627620645724,0.0,1.7826126743427586,0.27,0.06
961,0.114832614025844,0.0,0.0,0.0,0.0,0.114832614025844,0.0,1.7523935653885891,0.27,0.06
962,0.114832614025844,0.0,0.0,0.0,0.0,0.114832614025844,0.0,1.7221744564344197,0.27,0.06
963,0.04226478155117875,0.0,0.0,0.0,0.0,0.04226478155117875,0.0,1.7110521454998988,0.27,0.06
964,0.04226478155117875,0.0,0.0,0.0,0.0,0.04226478155117875,0.0,1.6999298345653782,0.27,0.06
965,0.035685829705948,0.0,0.0,0.0,0.0,0.035685829705948,0.0,1.6905388267480235,0.27,0.06
966,0.035685829705948,0.0,0.0,0.0,0.0,0.035685829705948,0.0,1.6811478189306688,0.27,0.06
967,0.0380781758314865,0.0,0.0,0.0,0.0,0.0380781758314865,0.0,1.6711272463434355,0.27,0.06
968,0.0380781758314865,0.0,0.0,0.0,0.0,0.0380781758314865,0.0,1.6611066737562021,0.27,0.06
969,0.03389157011179425,0.0,0.0,0.0,0.0,0.03389157011179425,0.0,1.6521878395162564,0.27,0.06
970,0.03389157011179425,0.0,0.0,0.0,0.0,0.03389157011179425,0.0,1.6432690052763106,0.27,0.06
971,0.0253189964952815,0.0,0.0,0.0,0.0,0.0253189964952815,0.0,1.6366061114617627,0.27,0.06
972,0.0253189964952815,0.0,0.0,0.0,0.0,0.0253189964952815,0.0,1.629943217647215,0.27,0.06
973,0.032695397049025,0.0,0.0,0.0,0.0,0.032695397049025,0.0,1.6213391657922083,0.27,0.06
974,0.032695397049025,0.0,0.0,0.0,0.0,0.032695397049025,0.0,1.6127351139372017,0.27,0.06
975,0.04186605719692225,0.0,0.0,6.938893903907228e-18,0.0,0.041866057196922254,0.0,1.6017177304643275,0.27,0.06
976,0.04186605719692225,0.0,0.0,0.0,0.0,0.04186605719692225,0.0,1.5907003469914534,0.27,0.06
977,0.02332537472399955,0.0,0.0,0.0,0.0,0.02332537472399955,0.0,1.5845620904851376,0.27,0.06
978,0.02332537472399955,0.0,0.0,0.0,0.0,0.02332537472399955,0.0,1.578423833978822,0.27,0.06
979,0.03249603487189675,0.0,0.0,0.0,0.0,0.03249603487189675,0.0,1.5698722458546386,0.27,0.06
980,0.03249603487189675,0.0,0.0,0.0,0.0,0.03249603487189675,0.0,1.5613206577304553,0.27,0.06
981,0.02691389391230725,0.0,0.0,0.0,0.0,0.02691389391230725,0.0,1.5542380540693217,0.27,0.06
982,0.02691389391230725,0.0,0.0,0.0,0.0,0.02691389391230725,0.0,1.5471554504081884,0.27,0.06
983,0.0149521632846151,0.0,0.0,0.0,0.0,0.0149521632846151,0.0,1.5432206705964475,0.27,0.06
984,0.0149521632846151,0.0,0.0,3.469446951953614e-18,0.0,0.014952163284615103,0.0,1.5392858907847067,0.27,0.06
985,0.02771134262082,0.0,0.0,0.0,0.0,0.02771134262082,0.0,1.5319934322002804,0.27,0.06
986,0.02771134262082,0.0,0.0,6.938893903907228e-18,0.0,0.027711342620820006,0.0,1.524700973615854,0.27,0.06
987,0.02332537472399955,0.0,0.0,0.0,0.0,0.02332537472399955,0.0,1.5185627171095384,0.27,0.06
988,0.02332537472399955,0.0,0.0,0.0,0.0,0.02332537472399955,0.0,1.5124244606032227,0.27,0.06
989,0.110047921774767,0.0,0.0,0.0,0.0,0.110047921774767,0.0,1.4834644811888102,0.27,0.06
990,0.110047921774767,0.0,0.0,1.3877787807814457e-17,0.0,0.11004792177476701,0.0,1.4545045017743978,0.27,0.06
991,0.136762453509946,0.0,0.0,0.0,0.0,0.136762453509946,0.0,1.418514382429675,0.27,0.06
992,0.136762453509946,0.0,0.0,0.0,0.0,0.136762453509946,0.0,1.3825242630849526,0.27,0.06
993,0.0687799511092295,0.009681300087862653,0.0,0.0,0.0,0.059098651021366855,0.0,1.3669719865003824,0.27,0.06
994,0.0687799511092295,0.017641480160105274,0.0,0.0,0.0,0.05113847094912423,0.0,1.3535144941453496,0.27,0.06
995,0.1242026363508695,0.023235120210870378,0.0,0.0,0.0,0.10096751613999913,0.0,1.3269440951611393,0.27,0.06
996,0.1242026363508695,0.028828760261635458,0.0,0.0,0.0,0.09537387608923405,0.0,1.301845706716604,0.27,0.06
997,0.0440590411453325,0.03270128029678054,0.0,6.938893903907228e-18,0.0,0.011357760848551973,0.0,1.2988568222827745,0.27,0.06
998,0.0440590411453325,0.03635866032997306,0.0,0.0,0.0,0.007700380815359446,0.0,1.2968304062787326,0.27,0.06
999,0.0332934835804095,0.039800900361213136,0.0,2.0469737016526324e-16,0.006507416780803434,0.0,0.0,1.2983759177641734,0.27,0.06
1000,0.0332934835804095,0.043028000390500656,0.0,8.326672684688674e-17,0.009734516810091076,0.0,0.0,1.3006878655065701,0.27,0.06
1001,0.021531115129845724,0.047330800429550755,0.0,0.0,0.02579968529970503,0.0,0.0,1.30681529076525,0.27,0.06
1002,0.021531115129845724,0.09401618085324401,0.0,-3.469446951953614e-16,0.07248506572339863,0.0,0.0,1.324030493874557,0.27,0.06
1003,0.0311004996319995,0.16845462152881005,0.0,0.0,0.13735412189681054,0.0,0.0,1.3566520978250496,0.27,0.06
1004,0.0311004996319995,0.20567384186659332,0.0,0.0,0.1745733422345938,0.0,0.0,1.3981132666057654,0.27,0.06
1005,0.0291068778607175,0.27494892249529973,0.0,0.0,0.24584204463458223,0.0,0.0,1.4565007522064788,0.27,0.06
1006,0.0291068778607175,0.3175466428818949,0.0,0.0,0.2884397650211774,0.0,0.0,1.5250051963990083,0.27,0.06
1007,0.019537493358563723,0.34314830311424294,0.0,0.0,0.32361080975567924,0.0,0.0,1.6018627637159821,0.27,0.06
1008,0.019537493358563723,0.3732679033875934,0.0,-2.220446049250313e-16,0.35373041002902994,0.0,0.0,1.6858737360978768,0.27,0.06
1009,0.02292665036974315,0.34465428312791063,0.0,1.6653345369377348e-16,0.3217276327581673,0.0,0.0,1.7622840488779414,0.27,0.06
1010,0.02292665036974315,0.37993724344812085,0.0,0.0,0.3570105930783777,0.0,0.0,1.8470740647340562,0.27,0.06
1011,0.0161483363473843,0.4264074838698617,0.0,1.1102230246251565e-16,0.4102591475224773,0.0,0.0,1.9445106122706446,0.27,0.06
1012,0.0161483363473843,0.4384553239792019,0.0,0.0,0.4223069876318176,0.0,0.0,2.0448085218332013,0.27,0.06
1013,0.0177432337644099,0.41737160378785654,0.0,2.220446049250313e-16,0.3996283700234464,0.0,0.0,2.1397202597137697,0.27,0.06
1014,0.0177432337644099,0.31625580287018007,0.0,0.0,0.2985125691057702,0.0,0.0,2.21061699487639,0.27,0.06
1015,0.0312998618091275,0.2192276619896011,0.0,0.0,0.18792780018047361,0.0,0.0,2.2552498474192526,0.27,0.06
1016,0.0312998618091275,0.16458210149366503,0.0,0.0,0.13328223968453753,0.0,0.0,2.2869043793443304,0.27,0.06
1017,0.02611644520379425,0.14823146134527485,0.0,0.0,0.1221150161414806,0.0,0.0,2.3159066956779317,0.27,0.06
1018,0.02611644520379425,0.14973744135894235,0.0,0.0,0.1236209961551481,0.0,0.0,2.3452666822647794,0.27,0.06
1019,0.03149922398625575,0.1693151815366204,0.0,0.0,0.13781595755036463,0.0,0.0,2.3779979721829907,0.27,0.06
1020,0.03149922398625575,0.17361798157567015,0.0,0.0,0.1421187575894144,0.0,0.0,2.4117511771104767,0.27,0.06
1021,0.021132390775589326,0.13446250122031486,0.0,0.0,0.11333011044472553,0.0,0.0,2.438667078341099,0.27,0.06
1022,0.021132390775589326,0.1015460809215816,0.0,0.0,0.08041369014599227,0.0,0.0,2.457765329750772,0.27,0.06
1023,0.0181419581186663,0.07465358067751868,0.0,0.0,0.05651162255885238,0.0,0.0,2.4711868401084995,0.27,0.06
1024,0.0181419581186663,0.06583284059746608,0.0,0.0,0.04769088247879978,0.0,0.0,2.4825134246972147,0.27,0.06
1025,0.02611644520379425,0.0565818205135084,0.0,0.0,0.03046537530971415,0.0,0.0,2.489748951333272,0.27,0.06
1026,0.02611644520379425,0.04969734045102828,0.0,0.0,0.023580895247234026,0.0,0.0,2.4953494139544903,0.27,0.06
1027,0.0165470607016407,0.04044632036707065,0.0,0.0,0.023899259665429953,0.0,0.0,2.5010254881250296,0.27,0.06
1028,0.0165470607016407,0.02732278024796794,0.0,7.28583859910259e-17,0.010775719546327167,0.0,0.0,2.5035847215172824,0.27,0.06
1029,0.02511963431815325,0.01656578015034277,0.0,0.0,0.0,0.008553854167810477,0.0,2.5013337072625954,0.27,0.06
1030,0.02511963431815325,0.0066693400605276,0.0,0.0,0.0,0.01845029425762565,0.0,2.4964783666684833,0.27,0.06
1031,0.02950560221497375,0.0,0.0,0.0,0.0,0.02950560221497375,0.0,2.4887137345066486,0.27,0.06
1032,0.02950560221497375,0.0,0.0,-1.734723475976807e-17,0.0,0.029505602214973732,0.0,2.4809491023448134,0.27,0.06
1033,0.02511963431815325,0.0,0.0,0.0,0.0,0.02511963431815325,0.0,2.474338672261089,0.27,0.06
1034,0.02511963431815325,0.0,0.0,0.0,0.0,0.02511963431815325,0.0,2.467728242177364,0.27,0.06
1035,0.08692190922789575,0.0,0.0,0.0,0.0,0.08692190922789575,0.0,2.4448540555384444,0.27,0.06
1036,0.08692190922789575,0.0,0.0,0.0,0.0,0.08692190922789575,0.0,2.421979868899524,0.27,0.06
1037,0.04585330073948625,0.0,0.0,0.0,0.0,0.04585330073948625,0.0,2.4099132108101857,0.27,0.06
1038,0.04585330073948625,0.0,0.0,0.0,0.0,0.04585330073948625,0.0,2.3978465527208472,0.27,0.06
1039,0.05223289040758875,0.0,0.0,0.0,0.0,0.05223289040758875,0.0,2.384101055245166,0.27,0.06
1040,0.05223289040758875,0.0,0.0,0.0,0.0,0.05223289040758875,0.0,2.370355557769485,0.27,0.06
1041,0.05542268524164,0.0,0.0,0.0,0.0,0.05542268524164,0.0,2.3557706406006322,0.27,0.06
1042,0.05542268524164,0.0,0.0,0.0,0.0,0.05542268524164,0.0,2.3411857234317797,0.27,0.06
1043,0.04924245775066575,0.0,0.0,0.0,0.0,0.04924245775066575,0.0,2.328227181918446,0.27,0.06
1044,0.04924245775066575,0.0,0.0,0.0,0.0,0.04924245775066575,0.0,2.315268640405113,0.27,0.06
1045,0.05083735516769125,0.0,0.0,0.0,0.0,0.05083735516769125,0.0,2.3018903890451945,0.27,0.06
1046,0.05083735516769125,0.0,0.0,0.0,0.0,0.05083735516769125,0.0,2.2885121376852755,0.27,0.06
1047,0.07057421070338325,0.0,0.0,0.0,0.0,0.07057421070338325,0.0,2.269939976973859,0.27,0.06
1048,0.07057421070338325,0.0,0.0,0.0,0.0,0.07057421070338325,0.0,2.2513678162624426,0.27,0.06
1049,0.062400361441127,0.0,0.0,0.0,0.0,0.062400361441127,0.0,2.2349466685147776,0.27,0.06
1050,0.062400361441127,0.0,0.0,0.0,0.0,0.062400361441127,0.0,2.2185255207671126,0.27,0.06
1051,0.07456145424594725,0.0,0.0,1.3877787807814457e-17,0.0,0.07456145424594726,0.0,2.198904085439232,0.27,0.06
1052,0.07456145424594725,0.0,0.0,0.0,0.0,0.07456145424594725,0.0,2.179282650111351,0.27,0.06
1053,0.0430622302596915,0.0,0.0,0.0,0.0,0.0430622302596915,0.0,2.1679504842535375,0.27,0.06
1054,0.0430622302596915,0.0,0.0,0.0,0.0,0.0430622302596915,0.0,2.156618318395724,0.27,0.06
1055,0.09090915277045974,0.0,0.0,0.0,0.0,0.09090915277045974,0.0,2.13269485714034,0.27,0.06
1056,0.09090915277045974,0.0,0.0,0.0,0.0,0.09090915277045974,0.0,2.1087713958849554,0.27,0.06
1057,0.0510367173448195,0.0,0.0,0.0,0.0,0.0510367173448195,0.0,2.0953406807942137,0.27,0.06
1058,0.0510367173448195,0.0,0.0,0.0,0.0,0.0510367173448195,0.0,2.081909965703472,0.27,0.06
1059,0.1024721590438955,0.0,0.0,0.0,0.0,0.1024721590438955,0.0,2.0549436080603414,0.27,0.06
1060,0.1024721590438955,0.0,0.0,1.3877787807814457e-17,0.0,0.10247215904389552,0.0,2.027977250417211,0.27,0.06
1061,0.12021539280830525,0.0,0.0,0.0,0.0,0.12021539280830525,0.0,1.996341620730815,0.27,0.06
1062,0.12021539280830525,0.0,0.0,0.0,0.0,0.12021539280830525,0.0,1.9647059910444187,0.27,0.06
1063,0.02292665036974315,0.0,0.0,0.0,0.0,0.02292665036974315,0.0,1.9586726619997494,0.27,0.06
1064,0.02292665036974315,0.0,0.0,2.42861286636753e-17,0.0,0.022926650369743173,0.0,1.9526393329550802,0.27,0.06
1065,0.013357265867589474,0.0,0.0,0.0,0.0,0.013357265867589474,0.0,1.949124262989925,0.27,0.06
1066,0.013357265867589474,0.0,0.0,0.0,0.0,0.013357265867589474,0.0,1.9456091930247699,0.27,0.06
1067,0.02212920166123035,0.0,0.0,0.0,0.0,0.02212920166123035,0.0,1.9397857189033934,0.27,0.06
1068,0.02212920166123035,0.0,0.0,0.0,0.0,0.02212920166123035,0.0,1.933962244782017,0.27,0.06
1069,0.02990432656923025,0.0,0.0,0.0,0.0,0.02990432656923025,0.0,1.9260926851585354,0.27,0.06
1070,0.02990432656923025,0.0,0.0,0.0,0.0,0.02990432656923025,0.0,1.918223125535054,0.27,0.06
1071,0.02850879132933275,0.0,0.0,-3.469446951953614e-18,0.0,0.028508791329332747,0.0,1.9107208120273347,0.27,0.06
1072,0.02850879132933275,0.0,0.0,0.0,0.0,0.02850879132933275,0.0,1.9032184985196154,0.27,0.06
1073,0.0291068778607175,0.0,0.0,0.0,0.0,0.0291068778607175,0.0,1.8955587938194265,0.27,0.06
1074,0.0291068778607175,0.0,0.0,0.0,0.0,0.0291068778607175,0.0,1.8878990891192378,0.27,0.06
1075,0.02312601254687135,0.0,0.0,3.469446951953614e-18,0.0,0.023126012546871355,0.0,1.8818132963437453,0.27,0.06
1076,0.02312601254687135,0.0,0.0,0.0,0.0,0.02312601254687135,0.0,1.8757275035682528,0.27,0.06
1077,0.135765642624305,0.0,0.0,2.7755575615628914e-17,0.0,0.13576564262430502,0.0,1.8399997028776462,0.27,0.06
1078,0.135765642624305,0.0,0.0,0.0,0.0,0.135765642624305,0.0,1.8042719021870397,0.27,0.06
1079,0.02651516955805075,0.0,0.0,0.0,0.0,0.02651516955805075,0.0,1.7972942259875526,0.27,0.06
1080,0.02651516955805075,0.0,0.0,0.0,0.0,0.02651516955805075,0.0,1.7903165497880655,0.27,0.06
1081,0.02192983948410215,0.0,0.0,0.0,0.0,0.02192983948410215,0.0,1.7845455393975123,0.27,0.06
1082,0.02192983948410215,0.0,0.0,0.0,0.0,0.02192983948410215,0.0,1.7787745290069592,0.27,0.06
1083,0.0293062400378455,0.0,0.0,0.0,0.0,0.0293062400378455,0.0,1.7710623605759472,0.27,0.06
1084,0.0293062400378455,0.0,0.0,0.0,0.0,0.0293062400378455,0.0,1.7633501921449353,0.27,0.06
1085,0.074362092068819,0.0,0.0,0.0,0.0,0.074362092068819,0.0,1.7437812205478775,0.27,0.06
1086,0.074362092068819,0.0,0.0,0.0,0.0,0.074362092068819,0.0,1.7242122489508198,0.27,0.06
1087,0.136762453509946,0.0,0.0,0.0,0.0,0.136762453509946,0.0,1.6882221296060973,0.27,0.06
1088,0.136762453509946,0.0,0.0,2.7755575615628914e-17,0.0,0.13676245350994604,0.0,1.6522320102613746,0.27,0.06
1089,0.13755990221845876,0.00946616008591015,0.0,0.0,0.0,0.12809374213254862,0.0,1.6185231307528092,0.27,0.06
1090,0.13755990221845876,0.017856620162057798,0.0,0.0,0.0,0.11970328205640096,0.0,1.5870222670537564,0.27,0.06
1091,0.0954944828444085,0.02388054021672787,0.0,0.0,0.0,0.07161394262768062,0.0,1.568176492678051,0.27,0.06
1092,0.0954944828444085,0.029043900263587937,0.0,0.0,0.0,0.06645058258082055,0.0,1.5506894972620455,0.27,0.06
1093,0.028708153506461,0.032916420298732985,0.0,0.0,0.004208266792271986,0.0,0.0,1.5516889606252102,0.27,0.06
1094,0.028708153506461,0.0376495003416881,0.0,0.0,0.008941346835227099,0.0,0.0,1.5538125304985766,0.27,0.06
1095,0.0382775380086145,0.04044632036707065,0.0,-3.400058012914542e-16,0.0021687823584564947,0.0,0.0,1.55432761630871,0.27,0.06
1096,0.0382775380086145,0.04388856039831071,0.0,0.0,0.005611022389696213,0.0,0.0,1.5556602341262629,0.27,0.06
1097,0.0293062400378455,0.047545940431503286,0.0,6.002143226879753e-16,0.018239700393657188,0.0,0.0,1.5599921629697564,0.27,0.06
1098,0.0293062400378455,0.09595244087081654,0.0,0.0,0.06664620083297104,0.0,0.0,1.575820635667587,0.27,0.06
1099,0.02252792601548675,0.16608808150733273,0.0,0.0,0.14356015549184598,0.0,0.0,1.6099161725969005,0.27,0.06
1100,0.02252792601548675,0.20911608189783318,0.0,0.0,0.18658815588234642,0.0,0.0,1.6542308596189577,0.27,0.06
1101,0.02511963431815325,0.27925172253434954,0.0,0.0,0.2541320882161963,0.0,0.0,1.7145872305703043,0.27,0.06
1102,0.02511963431815325,0.3209888829131352,0.0,0.0,0.295869248594982,0.0,0.0,1.7848561771116125,0.27,0.06
1103,0.020733666421332925,0.34723596315134064,0.0,4.440892098500626e-16,0.3265022967300073,0.0,0.0,1.8624004725849892,0.27,0.06
1104,0.020733666421332925,0.37391332339345096,0.0,-3.3306690738754696e-16,0.3531796569721184,0.0,0.0,1.9462806411158673,0.27,0.06
1105,0.0149521632846151,0.3429331631122902,0.0,1.1102230246251565e-16,0.32798099982767503,0.0,0.0,2.0241761285749402,0.27,0.06
1106,0.0149521632846151,0.3788615434383589,0.0,-6.661338147750939e-16,0.3639093801537445,0.0,0.0,2.1106046063614543,0.27,0.06
1107,0.02212920166123035,0.42576206386400434,0.0,8.326672684688674e-16,0.40363286220277317,0.0,0.0,2.206467411134613,0.27,0.06
1108,0.02212920166123035,0.4403915839967746,0.0,-6.661338147750939e-16,0.4182623823355449,0.0,0.0,2.305804726939305,0.27,0.06
1109,0.02611644520379425,0.4203835638151917,0.0,1.6653345369377348e-16,0.3942671186113973,0.0,0.0,2.399443167609512,0.27,0.06
1110,0.02611644520379425,0.3151801028604176,0.0,0.0,0.28906365765662334,0.0,0.0,2.46809578630296,0.27,0.06
1111,0.02312601254687135,0.22761812206574863,0.0,0.0,0.20449210951887728,0.0,0.0,2.5166626623136934,0.27,0.06
1112,0.02312601254687135,0.1695303215385727,0.0,0.0,0.14640430899170134,0.0,0.0,2.5514336856992226,0.27,0.06
1113,0.02372409907825595,0.15081314136870475,0.0,0.0,0.1270890422904488,0.0,0.0,2.581617333243204,0.27,0.06
1114,0.02372409907825595,0.15210398138041986,0.0,0.0,0.1283798823021639,0.0,0.0,2.6121075552899677,0.27,0.06
1115,0.02771134262082,0.17039088154638254,0.0,0.0,0.14267953892556254,0.0,0.0,2.645993945784789,0.27,0.06
1116,0.02771134262082,0.1779207816147205,0.0,0.0,0.1502094389939005,0.0,0.0,2.6816686875458404,0.27,0.06
1117,0.03050241310061475,0.1389804412613173,0.0,0.0,0.10847802816070257,0.0,0.0,2.7074322192340072,0.27,0.06
1118,0.03050241310061475,0.10348234093915416,0.0,8.326672684688674e-16,0.07297992783853857,0.0,0.0,2.72476495209566,0.27,0.06
1119,0.02272728819261495,0.07508386068142374,0.0,8.049116928532385e-16,0.052356572488807984,0.0,0.0,2.737199638061752,0.27,0.06
1120,0.02272728819261495,0.06561770059551353,0.0,0.0,0.04289041240289858,0.0,0.0,2.7473861110074402,0.27,0.06
1121,0.0301036887463585,0.05744238052131843,0.0,5.273559366969494e-16,0.0273386917749594,0.0,0.0,2.7538790503039934,0.27,0.06
1122,0.0301036887463585,0.050557900458838324,0.0,0.0,0.020454211712479825,0.0,0.0,2.7587369255857075,0.27,0.06
1123,0.034689018820307,0.04152202037683316,0.0,2.7755575615628914e-16,0.006833001556525886,0.0,0.0,2.7603597634553823,0.27,0.06
1124,0.034689018820307,0.029043900263587937,0.0,0.0,0.0,0.005645118556719061,0.0,2.7588742059404563,0.27,0.06
1125,0.102073434689639,0.017856620162057798,0.0,0.0,0.0,0.0842168145275812,0.0,2.7367118863279347,0.27,0.06
1126,0.102073434689639,0.007960180072242628,0.0,0.0,0.0,0.09411325461739638,0.0,2.7119452403759885,0.27,0.06
1127,0.05223289040758875,0.0,0.0,0.0,0.0,0.05223289040758875,0.0,2.6981997429003073,0.27,0.06
1128,0.05223289040758875,0.0,0.0,0.0,0.0,0.05223289040758875,0.0,2.684454245424626,0.27,0.06
1129,0.043660316791076,0.0,0.0,0.0,0.0,0.043660316791076,0.0,2.6729646883743428,0.27,0.06
1130,0.043660316791076,0.0,0.0,0.0,0.0,0.043660316791076,0.0,2.6614751313240594,0.27,0.06
1131,0.0400717976027685,0.0,0.0,0.0,0.0,0.0400717976027685,0.0,2.650929921428594,0.27,0.06
1132,0.0400717976027685,0.0,0.0,0.0,0.0,0.0400717976027685,0.0,2.6403847115331285,0.27,0.06
1133,0.05582140959589625,0.0,0.0,0.0,0.0,0.05582140959589625,0.0,2.62569486690263,0.27,0.06
1134,0.05582140959589625,0.0,0.0,0.0,0.0,0.05582140959589625,0.0,2.611005022272131,0.27,0.06
1135,0.05562204741876825,0.0,0.0,0.0,0.0,0.05562204741876825,0.0,2.596367641372455,0.27,0.06
1136,0.05562204741876825,0.0,0.0,0.0,0.0,0.05562204741876825,0.0,2.581730260472779,0.27,0.06
1137,0.045653938562358,0.0,0.0,0.0,0.0,0.045653938562358,0.0,2.569716066114264,0.27,0.06
1138,0.045653938562358,0.0,0.0,1.3877787807814457e-17,0.0,0.04565393856235801,0.0,2.5577018717557487,0.27,0.06
1139,0.02691389391230725,0.0,0.0,0.0,0.0,0.02691389391230725,0.0,2.550619268094615,0.27,0.06
1140,0.02691389391230725,0.0,0.0,3.469446951953614e-18,0.0,0.026913893912307252,0.0,2.5435366644334816,0.27,0.06
1141,0.0159489741702561,0.0,0.0,0.0,0.0,0.0159489741702561,0.0,2.539339565967625,0.27,0.06
1142,0.0159489741702561,0.0,0.0,0.0,0.0,0.0159489741702561,0.0,2.535142467501768,0.27,0.06
1143,0.0173445094101535,0.0,0.0,0.0,0.0,0.0173445094101535,0.0,2.5305781229201485,0.27,0.06
1144,0.0173445094101535,0.0,0.0,0.0,0.0,0.0173445094101535,0.0,2.526013778338529,0.27,0.06
1145,0.018341320295794526,0.0,0.0,0.0,0.0,0.018341320295794526,0.0,2.521187115102794,0.27,0.06
1146,0.018341320295794526,0.0,0.0,0.0,0.0,0.018341320295794526,0.0,2.516360451867058,0.27,0.06
1147,0.0151515254617433,0.0,0.0,0.0,0.0,0.0151515254617433,0.0,2.5123732083244943,0.27,0.06
1148,0.0151515254617433,0.0,0.0,0.0,0.0,0.0151515254617433,0.0,2.50838596478193,0.27,0.06
1149,0.08452956310235725,0.0,0.0,0.0,0.0,0.08452956310235725,0.0,2.4861413429128887,0.27,0.06
1150,0.08452956310235725,0.0,0.0,0.0,0.0,0.08452956310235725,0.0,2.4638967210438474,0.27,0.06
1151,0.2254786223319955,0.0,0.0,2.7755575615628914e-17,0.0,0.22547862233199553,0.0,2.404560241482796,0.27,0.06
1152,0.2254786223319955,0.0,0.0,0.0,0.0,0.2254786223319955,0.0,2.3452237619217446,0.27,0.06
1153,0.08532701181087,0.0,0.0,0.0,0.0,0.08532701181087,0.0,2.3227692851294104,0.27,0.06
1154,0.08532701181087,0.0,0.0,0.0,0.0,0.08532701181087,0.0,2.300314808337076,0.27,0.06
1155,0.11164281919179275,0.0,0.0,0.0,0.0,0.11164281919179275,0.0,2.270935119076078,0.27,0.06
1156,0.11164281919179275,0.0,0.0,0.0,0.0,0.11164281919179275,0.0,2.24155542981508,0.27,0.06
1157,0.072368470297537,0.0,0.0,0.0,0.0,0.072368470297537,0.0,2.222511095526255,0.27,0.06
1158,0.072368470297537,0.0,0.0,0.0,0.0,0.072368470297537,0.0,2.2034667612374292,0.27,0.06
1159,0.03748008930010175,0.0,0.0,0.0,0.0,0.03748008930010175,0.0,2.1936035798426654,0.27,0.06
1160,0.03748008930010175,0.0,0.0,0.0,0.0,0.03748008930010175,0.0,2.1837403984479016,0.27,0.06
1161,0.02212920166123035,0.0,0.0,0.0,0.0,0.02212920166123035,0.0,2.1779169243265253,0.27,0.06
1162,0.02212920166123035,0.0,0.0,0.0,0.0,0.02212920166123035,0.0,2.172093450205149,0.27,0.06
1163,0.0171451472330253,0.0,0.0,0.0,0.0,0.0171451472330253,0.0,2.1675815693543528,0.27,0.06
1164,0.0171451472330253,0.0,0.0,0.0,0.0,0.0171451472330253,0.0,2.1630696885035565,0.27,0.06
1165,0.021132390775589326,0.0,0.0,4.163336342344337e-17,0.0,0.021132390775589368,0.0,2.1575085330362964,0.27,0.06
1166,0.021132390775589326,0.0,0.0,3.469446951953614e-18,0.0,0.02113239077558933,0.0,2.151947377569036,0.27,0.06
1167,0.0145534389303587,0.0,0.0,0.0,0.0,0.0145534389303587,0.0,2.1481175252189413,0.27,0.06
1168,0.0145534389303587,0.0,0.0,0.0,0.0,0.0145534389303587,0.0,2.1442876728688467,0.27,0.06
1169,0.07157102158902424,0.0,0.0,0.0,0.0,0.07157102158902424,0.0,2.125453193503314,0.27,0.06
1170,0.07157102158902424,0.0,0.0,0.0,0.0,0.07157102158902424,0.0,2.1066187141377815,0.27,0.06
1171,0.1421452322924075,0.0,0.0,0.0,0.0,0.1421452322924075,0.0,2.069212074060832,0.27,0.06
1172,0.1421452322924075,0.0,0.0,0.0,0.0,0.1421452322924075,0.0,2.031805433983883,0.27,0.06
1173,0.095095758490152,0.0,0.0,0.0,0.0,0.095095758490152,0.0,2.0067802343812113,0.27,0.06
1174,0.095095758490152,0.0,0.0,0.0,0.0,0.095095758490152,0.0,1.9817550347785395,0.27,0.06
1175,0.044657127676717,0.0,0.0,6.938893903907228e-18,0.0,0.04465712767671701,0.0,1.9700031590741405,0.27,0.06
1176,0.044657127676717,0.0,0.0,0.0,0.0,0.044657127676717,0.0,1.9582512833697412,0.27,0.06
1177,0.12500008505938226,0.0,0.0,2.7755575615628914e-17,0.0,0.1250000850593823,0.0,1.925356524143588,0.27,0.06
1178,0.12500008505938226,0.0,0.0,0.0,0.0,0.12500008505938226,0.0,1.8924617649174347,0.27,0.06
1179,0.05821375572143475,0.0,0.0,0.0,0.0,0.05821375572143475,0.0,1.8771423555170572,0.27,0.06
1180,0.05821375572143475,0.0,0.0,0.0,0.0,0.05821375572143475,0.0,1.8618229461166798,0.27,0.06
1181,0.026714531735179,0.0,0.0,0.0,0.0,0.026714531735179,0.0,1.8547928061863694,0.27,0.06
1182,0.026714531735179,0.0,0.0,0.0,0.0,0.026714531735179,0.0,1.8477626662560593,0.27,0.06
1183,0.08393147657097275,0.0,0.0,0.0,0.0,0.08393147657097275,0.0,1.8256754355794875,0.27,0.06
1184,0.08393147657097275,0.0,0.0,0.0,0.0,0.08393147657097275,0.0,1.8035882049029157,0.27,0.06
1185,0.03787881365435825,0.01484466013472275,0.0,0.0,0.0,0.023034153519635503,0.0,1.7975265855556433,0.27,0.06
1186,0.03787881365435825,0.027968200253825404,0.0,0.0,0.0,0.009910613400532849,0.0,1.7949185293976082,0.27,0.06
1187,0.02751198044369175,0.03420726031044806,0.0,2.0469737016526324e-16,0.006695279866756106,0.0,0.0,1.7965086583659629,0.27,0.06
1188,0.02751198044369175,0.0378646403436406,0.0,0.0,0.010352659899948852,0.0,0.0,1.7989674150922006,0.27,0.06
1189,0.0271132560894355,0.04195230038073822,0.0,0.0,0.014839044291302717,0.0,0.0,1.802491688111385,0.27,0.06
1190,0.0271132560894355,0.047330800429550755,0.0,0.0,0.020217544340115256,0.0,0.0,1.8072933548921624,0.27,0.06
1191,0.021531115129845724,0.05270930047836332,0.0,0.0,0.031178185348517597,0.0,0.0,1.8146981739124353,0.27,0.06
1192,0.021531115129845724,0.055290980501793374,0.0,0.0,0.03375986537194765,0.0,0.0,1.822716141938273,0.27,0.06
1193,0.02492027214102515,0.05378500048812588,0.0,0.0,0.02886472834710073,0.0,0.0,1.8295715149207092,0.27,0.06
1194,0.02492027214102515,0.0993946809020566,0.0,7.216449660063518e-16,0.07447440876103073,0.0,0.0,1.847259187001454,0.27,0.06
1195,0.04385967896820425,0.1673789215190478,0.0,0.0,0.12351924255084354,0.0,0.0,1.8765950071072794,0.27,0.06
1196,0.04385967896820425,0.21062206191150082,0.0,0.0,0.16676238294329657,0.0,0.0,1.9162010730563122,0.27,0.06
1197,0.019537493358563723,0.2801122825421596,0.0,0.0,0.2605747891835959,0.0,0.0,1.9780875854874163,0.27,0.06
1198,0.019537493358563723,0.3209888829131352,0.0,1.1102230246251565e-16,0.3014513895545714,0.0,0.0,2.049682290506627,0.27,0.06
1199,0.03548646752881975,0.35110848318648546,0.0,-8.326672684688674e-16,0.31562201565766657,0.0,0.0,2.124642519225323,0.27,0.06
1200,0.03548646752881975,0.3784312634344538,0.0,1.1102230246251565e-16,0.342944795905634,0.0,0.0,2.206091908252911,0.27,0.06
1201,0.0372807271229735,0.33755466306347803,0.0,0.0,0.30027393594050455,0.0,0.0,2.2774069680387807,0.27,0.06
1202,0.0372807271229735,0.37133164337002106,0.0,5.551115123125783e-17,0.3340509162470475,0.0,0.0,2.3567440606474546,0.27,0.06
1203,0.02551835867240975,0.4130688037488067,0.0,0.0,0.38755044507639697,0.0,0.0,2.448787291353099,0.27,0.06
1204,0.02551835867240975,0.43393738393819936,0.0,0.0,0.4084190252657896,0.0,0.0,2.5457868098537237,0.27,0.06
1205,0.010366833210666474,0.4274831838796243,0.0,8.326672684688674e-16,0.417116350668957,0.0,0.0,2.6448519431376014,0.27,0.06
1206,0.010366833210666474,0.31195300283113003,0.0,-2.220446049250313e-16,0.3015861696204638,0.0,0.0,2.7164786584224614,0.27,0.06
1207,0.0167464228787689,0.23106036209698855,0.0,0.0,0.21431393921821965,0.0,0.0,2.7673782189867886,0.27,0.06
1208,0.0167464228787689,0.17404826157957543,0.0,0.0,0.15730183870080652,0.0,0.0,2.80473740567823,0.27,0.06
1209,0.00937002232502545,0.15124342137261004,0.0,0.0,0.1418733990475846,0.0,0.0,2.8384323379520313,0.27,0.06
1210,0.00937002232502545,0.14909202135308489,0.0,0.0,0.13972199902805943,0.0,0.0,2.8716163127211956,0.27,0.06
1211,0.012161092804820275,0.16673350151319016,0.0,0.0,0.15457240870836988,0.0,0.0,2.9083272597894334,0.27,0.06
1212,0.012161092804820275,0.17361798157567015,0.0,0.0,0.16145688877084988,0.0,0.0,2.9466732708725103,0.27,0.06
1213,0.0253189964952815,0.1348927812242197,0.0,0.0,0.1095737847289382,0.0,0.0,2.972697044745633,0.27,0.06
1214,0.0253189964952815,0.10262178093134414,0.0,0.0,0.07730278443606264,0.0,0.0,2.991056456049198,0.27,0.06
1215,0.0263158073809225,0.07594442068923365,0.0,1.249000902703301e-16,0.04962861330831103,0.0,0.0,3.0028432517099217,0.27,0.06
1216,0.0263158073809225,0.06690854060722852,0.0,0.0,0.04059273322630602,0.0,0.0,3.0124840258511694,0.27,0.06
1217,0.019537493358563723,0.057872660525223434,0.0,0.0,0.03833516716665971,0.0,0.0,3.021588628053251,0.27,0.06
1218,0.019537493358563723,0.0514184604666483,0.0,0.0,0.03188096710808458,0.0,0.0,3.029160357741421,0.27,0.06
1219,0.02232856383835855,0.04259772038659568,0.0,0.0,0.02026915654823713,0.0,0.0,3.033974282421627,0.27,0.06
1220,0.02232856383835855,0.02968932026944548,0.0,0.0,0.007360756431086933,0.0,0.0,3.0357224620740104,0.27,0.06
1221,0.0175438715872817,0.018502040167915318,0.0,0.0,0.0009581685806336164,0.0,0.0,3.035950027111911,0.27,0.06
1222,0.0175438715872817,0.009035880082005142,0.0,0.0,0.0,0.00850799150527656,0.0,3.0337110819789435,0.27,0.06
1223,0.019736855535691926,0.0,0.0,0.0,0.0,0.019736855535691926,0.0,3.0285171726274456,0.27,0.06
1224,0.019736855535691926,0.0,0.0,0.0,0.0,0.019736855535691926,0.0,3.0233232632759477,0.27,0.06
1225,0.0253189964952815,0.0,0.0,0.0,0.0,0.0253189964952815,0.0,3.0166603694614,0.27,0.06
1226,0.0253189964952815,0.0,0.0,0.0,0.0,0.0253189964952815,0.0,3.0099974756468524,0.27,0.06
1227,0.2567784841411225,0.0,0.0,0.0,0.0,0.2567784841411225,0.0,2.942424190346557,0.27,0.06
1228,0.2567784841411225,0.0,0.0,0.0,0.0,0.2567784841411225,0.0,2.8748509050462614,0.27,0.06
1229,0.3305424896785575,0.0,0.0,0.0,0.0,0.3305424896785575,0.0,2.787866039341378,0.27,0.06
1230,0.3305424896785575,0.0,0.0,0.0,0.0,0.3305424896785575,0.0,2.7008811736364944,0.27,0.06
1231,0.10486450516943376,0.0,0.0,0.0,0.0,0.10486450516943376,0.0,2.6732852512234855,0.27,0.06
1232,0.10486450516943376,0.0,0.0,0.0,0.0,0.10486450516943376,0.0,2.6456893288104766,0.27,0.06
1233,0.03628391623733275,0.0,0.0,0.0,0.0,0.03628391623733275,0.0,2.636140929800652,0.27,0.06
1234,0.03628391623733275,0.0,0.0,0.0,0.0,0.03628391623733275,0.0,2.6265925307908278,0.27,0.06
1235,0.045653938562358,0.0,0.0,0.0,0.0,0.045653938562358,0.0,2.6145783364323125,0.27,0.06
1236,0.045653938562358,0.0,0.0,-2.0816681711721685e-17,0.0,0.04565393856235798,0.0,2.6025641420737973,0.27,0.06
1237,0.049641182104922,0.0,0.0,0.0,0.0,0.049641182104922,0.0,2.5895006730988177,0.27,0.06
1238,0.049641182104922,0.0,0.0,0.0,0.0,0.049641182104922,0.0,2.576437204123838,0.27,0.06
1239,0.06758377804646025,0.0,0.0,0.0,0.0,0.06758377804646025,0.0,2.55865199937477,0.27,0.06
1240,0.06758377804646025,0.0,0.0,0.0,0.0,0.06758377804646025,0.0,2.5408667946257015,0.27,0.06
1241,0.145534389303587,0.0,0.0,0.0,0.0,0.145534389303587,0.0,2.5025682711247574,0.27,0.06
1242,0.145534389303587,0.0,0.0,2.7755575615628914e-17,0.0,0.14553438930358703,0.0,2.4642697476238133,0.27,0.06
1243,0.11762368450563875,0.0,0.0,0.0,0.0,0.11762368450563875,0.0,2.433316146438119,0.27,0.06
1244,0.11762368450563875,0.0,0.0,-6.938893903907228e-17,0.0,0.11762368450563868,0.0,2.4023625452524247,0.27,0.06
1245,0.13197776125886926,0.0,0.0,0.0,0.0,0.13197776125886926,0.0,2.367631555447459,0.27,0.06
1246,0.13197776125886926,0.0,0.0,0.0,0.0,0.13197776125886926,0.0,2.3329005656424933,0.27,0.06
1247,0.07994423302840875,0.0,0.0,0.0,0.0,0.07994423302840875,0.0,2.311862609582386,0.27,0.06
1248,0.07994423302840875,0.0,0.0,0.0,0.0,0.07994423302840875,0.0,2.2908246535222783,0.27,0.06
1249,0.18939406827179125,0.0,0.0,0.0,0.0,0.18939406827179125,0.0,2.240984109240228,0.27,0.06
1250,0.18939406827179125,0.0,0.0,0.0,0.0,0.18939406827179125,0.0,2.1911435649581774,0.27,0.06
1251,0.0610048262012295,0.0,0.0,1.3877787807814457e-17,0.0,0.06100482620122952,0.0,2.175089663326275,0.27,0.06
1252,0.0610048262012295,0.0,0.0,0.0,0.0,0.0610048262012295,0.0,2.1590357616943727,0.27,0.06
1253,0.0610048262012295,0.0,0.0,0.0,0.0,0.0610048262012295,0.0,2.14298186006247,0.27,0.06
1254,0.0610048262012295,0.0,0.0,0.0,0.0,0.0610048262012295,0.0,2.1269279584305676,0.27,0.06
1255,0.150518443731792,0.0,0.0,2.7755575615628914e-17,0.0,0.15051844373179202,0.0,2.0873178416590434,0.27,0.06
1256,0.150518443731792,0.0,0.0,0.0,0.0,0.150518443731792,0.0,2.0477077248875193,0.27,0.06
1257,0.04545457638523,0.0,0.0,0.0,0.0,0.04545457638523,0.0,2.0357459942598273,0.27,0.06
1258,0.04545457638523,0.0,0.0,0.0,0.0,0.04545457638523,0.0,2.0237842636321353,0.27,0.06
1259,0.03189794834051225,0.0,0.0,0.0,0.0,0.03189794834051225,0.0,2.0153900667004216,0.27,0.06
1260,0.03189794834051225,0.0,0.0,0.0,0.0,0.03189794834051225,0.0,2.0069958697687076,0.27,0.06
1261,0.02392346125538415,0.0,0.0,0.0,0.0,0.02392346125538415,0.0,2.000700222069922,0.27,0.06
1262,0.02392346125538415,0.0,0.0,0.0,0.0,0.02392346125538415,0.0,1.994404574371137,0.27,0.06
1263,0.03189794834051225,0.0,0.0,0.0,0.0,0.03189794834051225,0.0,1.986010377439423,0.27,0.06
1264,0.03189794834051225,0.0,0.0,0.0,0.0,0.03189794834051225,0.0,1.9776161805077093,0.27,0.06
1265,0.0312998618091275,0.0,0.0,0.0,0.0,0.0312998618091275,0.0,1.9693793747684651,0.27,0.06
1266,0.0312998618091275,0.0,0.0,0.0,0.0,0.0312998618091275,0.0,1.961142569029221,0.27,0.06
1267,0.04126797066553775,0.0,0.0,0.0,0.0,0.04126797066553775,0.0,1.9502825767488166,0.27,0.06
1268,0.04126797066553775,0.0,0.0,0.0,0.0,0.04126797066553775,0.0,1.9394225844684119,0.27,0.06
1269,0.02771134262082,0.0,0.0,0.0,0.0,0.02771134262082,0.0,1.9321301258839856,0.27,0.06
1270,0.02771134262082,0.0,0.0,0.0,0.0,0.02771134262082,0.0,1.9248376672995593,0.27,0.06
1271,0.02691389391230725,0.0,0.0,0.0,0.0,0.02691389391230725,0.0,1.9177550636384257,0.27,0.06
1272,0.02691389391230725,0.0,0.0,0.0,0.0,0.02691389391230725,0.0,1.9106724599772922,0.27,0.06
1273,0.02412282343251235,0.0,0.0,0.0,0.0,0.02412282343251235,0.0,1.9043243485476837,0.27,0.06
1274,0.02412282343251235,0.0,0.0,0.0,0.0,0.02412282343251235,0.0,1.8979762371180753,0.27,0.06
1275,0.04246414372830675,0.0,0.0,6.938893903907228e-18,0.0,0.04246414372830676,0.0,1.8868014624527314,0.27,0.06
1276,0.04246414372830675,0.0,0.0,0.0,0.0,0.04246414372830675,0.0,1.8756266877873875,0.27,0.06
1277,0.1688597640275865,0.0,0.0,0.0,0.0,0.1688597640275865,0.0,1.831189907780128,0.27,0.06
1278,0.1688597640275865,0.0,0.0,0.0,0.0,0.1688597640275865,0.0,1.7867531277728683,0.27,0.06
1279,0.11423452749445925,0.0,0.0,0.0,0.0,0.11423452749445925,0.0,1.7566914100111686,0.27,0.06
1280,0.11423452749445925,0.0,0.0,0.0,0.0,0.11423452749445925,0.0,1.7266296922494688,0.27,0.06
1281,0.108054300003485,0.012693260115197696,0.0,0.0,0.0,0.0953610398882873,0.0,1.701534681752551,0.27,0.06
1282,0.108054300003485,0.021514000195250352,0.0,0.0,0.0,0.08654029980823465,0.0,1.678760918645121,0.27,0.06
1283,0.0629984479725115,0.02818334025577794,0.0,0.0,0.0,0.03481510771673356,0.0,1.669599048193349,0.27,0.06
1284,0.0629984479725115,0.03377698030654304,0.0,0.0,0.0,0.029221467665968462,0.0,1.661909188281252,0.27,0.06
1285,0.1224083767567155,0.04001604036316561,0.0,0.0,0.0,0.08239233639354988,0.0,1.6402269944934758,0.27,0.06
1286,0.1224083767567155,0.047545940431503286,0.0,0.0,0.0,0.07486243632521221,0.0,1.6205263533552619,0.27,0.06
1287,0.0312998618091275,0.05356986048617335,0.0,-1.942890293094024e-16,0.022269998677046043,0.0,0.0,1.6258154780410603,0.27,0.06
1288,0.0312998618091275,0.05744238052131843,0.0,-6.036837696399289e-16,0.02614251871219153,0.0,0.0,1.6320243262352059,0.27,0.06
1289,0.0291068778607175,0.06454200058575106,0.0,0.0,0.03543512272503356,0.0,0.0,1.6404401678824017,0.27,0.06
1290,0.0291068778607175,0.10283692093329662,0.0,0.0,0.07373004307257912,0.0,0.0,1.6579510531121393,0.27,0.06
1291,0.02751198044369175,0.17749050161081523,0.0,0.0,0.14997852116712349,0.0,0.0,1.6935709518893312,0.27,0.06
1292,0.02751198044369175,0.21987308199545874,0.0,0.0,0.192361101551767,0.0,0.0,1.7392567135078758,0.27,0.06
1293,0.0169457850558971,0.280327422544112,0.0,0.0,0.2633816374882149,0.0,0.0,1.8018098524113269,0.27,0.06
1294,0.0169457850558971,0.3224948629268026,0.0,1.1102230246251565e-16,0.30554907787090535,0.0,0.0,1.8743777584056667,0.27,0.06
1295,0.0179425959415381,0.3448694231298627,0.0,-6.106226635438361e-16,0.3269268271883252,0.0,0.0,1.952022879862894,0.27,0.06
1296,0.0179425959415381,0.36702884333097047,0.0,-7.771561172376096e-16,0.34908624738943317,0.0,0.0,2.0349308636178844,0.27,0.06
1297,0.02472090996389695,0.33583354304785795,0.0,-7.771561172376096e-16,0.31111263308396175,0.0,0.0,2.1088201139753253,0.27,0.06
1298,0.02472090996389695,0.36165034328215845,0.0,6.106226635438361e-16,0.33692943331826086,0.0,0.0,2.1888408543884124,0.27,0.06
1299,0.0151515254617433,0.40532376367851675,0.0,-6.106226635438361e-16,0.39017223821677405,0.0,0.0,2.2815067609648962,0.27,0.06
1300,0.0151515254617433,0.42511664385814696,0.0,1.6653345369377348e-16,0.4099651183964035,0.0,0.0,2.378873476584042,0.27,0.06
1301,0.02771134262082,0.42167440382690674,0.0,0.0,0.39396306120608676,0.0,0.0,2.4724397036204877,0.27,0.06
1302,0.02771134262082,0.31926776289751513,0.0,0.0,0.29155642027669515,0.0,0.0,2.5416843534362026,0.27,0.06
1303,0.03748008930010175,0.23278148211260852,0.0,0.0,0.19530139281250677,0.0,0.0,2.588068434229173,0.27,0.06
1304,0.03748008930010175,0.1835144216654855,0.0,0.0,0.14603433236538377,0.0,0.0,2.6227515881659516,0.27,0.06
1305,0.03050241310061475,0.16286098147804515,0.0,0.0,0.1323585683774304,0.0,0.0,2.6541867481555914,0.27,0.06
1306,0.03050241310061475,0.15705220142532758,0.0,0.0,0.12654978832471284,0.0,0.0,2.6842423228827106,0.27,0.06
1307,0.020135579889948324,0.17017574154443038,0.0,0.0,0.15004016165448206,0.0,0.0,2.71987686127565,0.27,0.06
1308,0.020135579889948324,0.17533910159129024,0.0,0.0,0.1552035217013419,0.0,0.0,2.7567376976797187,0.27,0.06
1309,0.02412282343251235,0.13725932124569726,0.0,0.0,0.11313649781318491,0.0,0.0,2.78360761591035,0.27,0.06
1310,0.02412282343251235,0.1004703809118191,0.0,-5.689893001203927e-16,0.07634755747930733,0.0,0.0,2.8017401608116854,0.27,0.06
1311,0.019936217712820125,0.08024722072828383,0.0,0.0,0.0603110030154637,0.0,0.0,2.8160640240278583,0.27,0.06
1312,0.019936217712820125,0.07013564063651613,0.0,7.216449660063518e-16,0.05019942292369528,0.0,0.0,2.8279863869722353,0.27,0.06
1313,0.0175438715872817,0.06131490055646347,0.0,0.0,0.043771028969181766,0.0,0.0,2.838382006352416,0.27,0.06
1314,0.0175438715872817,0.05378500048812588,0.0,0.0,0.036241128900844174,0.0,0.0,2.8469892744663667,0.27,0.06
1315,0.02212920166123035,0.04431884040221568,0.0,0.0,0.022189638740985333,0.0,0.0,2.852259313667351,0.27,0.06
1316,0.02212920166123035,0.02990446027139801,0.0,0.0,0.00777525861016766,0.0,0.0,2.8541059375872657,0.27,0.06
1317,0.0283094291522045,0.017641480160105274,0.0,0.0,0.0,0.010667948992099226,0.0,2.8512985825893447,0.27,0.06
1318,0.0283094291522045,0.00839046007614763,0.0,0.0,0.0,0.01991896907605687,0.0,2.8460567486219617,0.27,0.06
1319,0.02292665036974315,0.00021514000195250356,0.0,0.0,0.0,0.022711510367790646,0.0,2.8400800353672797,0.27,0.06
1320,0.02292665036974315,0.0,0.0,0.0,0.0,0.02292665036974315,0.0,2.8340467063226105,0.27,0.06
1321,0.285287275470455,0.0,0.0,0.0,0.0,0.285287275470455,0.0,2.7589711075145957,0.27,0.06
1322,0.285287275470455,0.0,0.0,0.0,0.0,0.285287275470455,0.0,2.6838955087065814,0.27,0.06
1323,0.05223289040758875,0.0,0.0,0.0,0.0,0.05223289040758875,0.0,2.6701500112309002,0.27,0.06
1324,0.05223289040758875,0.0,0.0,0.0,0.0,0.05223289040758875,0.0,2.656404513755219,0.27,0.06
1325,0.04326159243681975,0.0,0.0,-6.938893903907228e-18,0.0,0.04326159243681974,0.0,2.645019884166582,0.27,0.06
1326,0.04326159243681975,0.0,0.0,0.0,0.0,0.04326159243681975,0.0,2.6336352545779453,0.27,0.06
1327,0.04764756033364,0.0,0.0,0.0,0.0,0.04764756033364,0.0,2.621096422911198,0.27,0.06
1328,0.04764756033364,0.0,0.0,0.0,0.0,0.04764756033364,0.0,2.6085575912444505,0.27,0.06
1329,0.05522332306451175,0.0,0.0,0.0,0.0,0.05522332306451175,0.0,2.594025137806421,0.27,0.06
1330,0.05522332306451175,0.0,0.0,0.0,0.0,0.05522332306451175,0.0,2.579492684368392,0.27,0.06
1331,0.04685011162512725,0.0,0.0,6.938893903907228e-18,0.0,0.046850111625127255,0.0,2.567163707624937,0.27,0.06
1332,0.04685011162512725,0.0,0.0,0.0,0.0,0.04685011162512725,0.0,2.5548347308814825,0.27,0.06
1333,0.039673073248512,0.0,0.0,0.0,0.0,0.039673073248512,0.0,2.5443944484476635,0.27,0.06
1334,0.039673073248512,0.0,0.0,0.0,0.0,0.039673073248512,0.0,2.5339541660138445,0.27,0.06
1335,0.0263158073809225,0.0,0.0,0.0,0.0,0.0263158073809225,0.0,2.5270289535451806,0.27,0.06
1336,0.0263158073809225,0.0,0.0,0.0,0.0,0.0263158073809225,0.0,2.520103741076517,0.27,0.06
1337,0.020534304244204726,0.0,0.0,0.0,0.0,0.020534304244204726,0.0,2.514699976801726,0.27,0.06
1338,0.020534304244204726,0.0,0.0,-3.469446951953614e-18,0.0,0.020534304244204722,0.0,2.509296212526935,0.27,0.06
1339,0.0153508876388715,0.0,0.0,0.0,0.0,0.0153508876388715,0.0,2.505256505253548,0.27,0.06
1340,0.0153508876388715,0.0,0.0,0.0,0.0,0.0153508876388715,0.0,2.501216797980161,0.27,0.06
1341,0.0867225470507675,0.0,0.0,0.0,0.0,0.0867225470507675,0.0,2.478395075072064,0.27,0.06
1342,0.0867225470507675,0.0,0.0,0.0,0.0,0.0867225470507675,0.0,2.455573352163968,0.27,0.06
1343,0.0372807271229735,0.0,0.0,1.3877787807814457e-17,0.0,0.03728072712297351,0.0,2.4457626345000274,0.27,0.06
1344,0.0372807271229735,0.0,0.0,6.938893903907228e-18,0.0,0.037280727122973506,0.0,2.435951916836087,0.27,0.06
1345,0.02332537472399955,0.0,0.0,0.0,0.0,0.02332537472399955,0.0,2.429813660329771,0.27,0.06
1346,0.02332537472399955,0.0,0.0,0.0,0.0,0.02332537472399955,0.0,2.4236754038234554,0.27,0.06
1347,0.02252792601548675,0.0,0.0,0.0,0.0,0.02252792601548675,0.0,2.4177470022404326,0.27,0.06
1348,0.02252792601548675,0.0,0.0,0.0,0.0,0.02252792601548675,0.0,2.41181860065741,0.27,0.06
1349,0.019537493358563723,0.0,0.0,-6.938893903907228e-18,0.0,0.019537493358563716,0.0,2.4066771550367347,0.27,0.06
1350,0.019537493358563723,0.0,0.0,0.0,0.0,0.019537493358563723,0.0,2.40153570941606,0.27,0.06
1351,0.0151515254617433,0.0,0.0,0.0,0.0,0.0151515254617433,0.0,2.3975484658734962,0.27,0.06
1352,0.0151515254617433,0.0,0.0,0.0,0.0,0.0151515254617433,0.0,2.393561222330933,0.27,0.06
1353,0.0173445094101535,0.0,0.0,0.0,0.0,0.0173445094101535,0.0,2.3889968777493134,0.27,0.06
1354,0.0173445094101535,0.0,0.0,0.0,0.0,0.0173445094101535,0.0,2.384432533167694,0.27,0.06
1355,0.0301036887463585,0.0,0.0,6.938893903907228e-18,0.0,0.030103688746358506,0.0,2.3765105098133894,0.27,0.06
1356,0.0301036887463585,0.0,0.0,0.0,0.0,0.0301036887463585,0.0,2.3685884864590845,0.27,0.06
1357,0.0311004996319995,0.0,0.0,0.0,0.0,0.0311004996319995,0.0,2.3604041444506634,0.27,0.06
1358,0.0311004996319995,0.0,0.0,0.0,0.0,0.0311004996319995,0.0,2.3522198024422423,0.27,0.06
1359,0.02511963431815325,0.0,0.0,0.0,0.0,0.02511963431815325,0.0,2.3456093723585174,0.27,0.06
1360,0.02511963431815325,0.0,0.0,0.0,0.0,0.02511963431815325,0.0,2.338998942274793,0.27,0.06
1361,0.04485648985384525,0.0,0.0,0.0,0.0,0.04485648985384525,0.0,2.3271946028395707,0.27,0.06
1362,0.04485648985384525,0.0,0.0,-6.938893903907228e-18,0.0,0.044856489853845244,0.0,2.315390263404349,0.27,0.06
1363,0.0600080153155885,0.0,0.0,0.0,0.0,0.0600080153155885,0.0,2.2995986804265622,0.27,0.06
1364,0.0600080153155885,0.0,0.0,0.0,0.0,0.0600080153155885,0.0,2.283807097448776,0.27,0.06
1365,0.046650749447999,0.0,0.0,0.0,0.0,0.046650749447999,0.0,2.2715305844361446,0.27,0.06
1366,0.046650749447999,0.0,0.0,0.0,0.0,0.046650749447999,0.0,2.259254071423513,0.27,0.06
1367,0.1034689699295365,0.0,0.0,0.0,0.0,0.1034689699295365,0.0,2.2320253951262665,0.27,0.06
1368,0.1034689699295365,0.0,0.0,0.0,0.0,0.1034689699295365,0.0,2.2047967188290203,0.27,0.06
1369,0.1283892420705615,0.0,0.0,0.0,0.0,0.1283892420705615,0.0,2.1710100761788724,0.27,0.06
1370,0.1283892420705615,0.0,0.0,0.0,0.0,0.1283892420705615,0.0,2.1372234335287246,0.27,0.06
1371,0.0777512490799985,0.0,0.0,0.0,0.0,0.0777512490799985,0.0,2.1167625785076725,0.27,0.06
1372,0.0777512490799985,0.0,0.0,-2.7755575615628914e-17,0.0,0.07775124907999847,0.0,2.0963017234866204,0.27,0.06
1373,0.04346095461394775,0.0,0.0,0.0,0.0,0.04346095461394775,0.0,2.0848646301671603,0.27,0.06
1374,0.04346095461394775,0.0,0.0,0.0,0.0,0.04346095461394775,0.0,2.0734275368477,0.27,0.06
1375,0.18700172214625274,0.0,0.0,0.0,0.0,0.18700172214625274,0.0,2.0242165573355284,0.27,0.06
1376,0.18700172214625274,0.0,0.0,0.0,0.0,0.18700172214625274,0.0,1.9750055778233568,0.27,0.06
1377,0.1056619538779465,0.009896440089815155,0.0,0.0,0.0,0.09576551378813133,0.0,1.94980412682648,0.27,0.06
1378,0.1056619538779465,0.017856620162057798,0.0,0.0,0.0,0.0878053337158887,0.0,1.9266974600591409,0.27,0.06
1379,0.1253988094136385,0.028613620259682972,0.0,2.7755575615628914e-17,0.0,0.09678518915395556,0.0,1.901227673439679,0.27,0.06
1380,0.1253988094136385,0.04109174037292814,0.0,0.0,0.0,0.08430706904071036,0.0,1.879041602639492,0.27,0.06
1381,0.05322970129322975,0.04969734045102828,0.0,1.3877787807814457e-17,0.0,0.0035323608422014874,0.0,1.8781120339968074,0.27,0.06
1382,0.05322970129322975,0.06260574056817855,0.0,-3.191891195797325e-16,0.009376039274949122,0.0,0.0,1.8803388433246078,0.27,0.06
1383,0.157496119931279,0.07228704065604118,0.0,0.0,0.0,0.08520907927523781,0.0,1.8579154014100716,0.27,0.06
1384,0.157496119931279,0.0748687206794712,0.0,0.0,0.0,0.08262739925180779,0.0,1.8361713489753853,0.27,0.06
1385,0.08094104391404976,0.07422330067361367,0.0,0.0,0.0,0.006717743240436086,0.0,1.8344035218068495,0.27,0.06
1386,0.08094104391404976,0.11509990104458939,0.0,0.0,0.034158857130539635,0.0,0.0,1.8425162503753525,0.27,0.06
1387,0.088118082290665,0.18093274164205525,0.0,8.326672684688674e-17,0.09281465935139016,0.0,0.0,1.8645597319713076,0.27,0.06
1388,0.088118082290665,0.21879738198569632,0.0,0.0,0.1306792996950313,0.0,0.0,1.8955960656488775,0.27,0.06
1389,0.02791070479794825,0.2644070623996268,0.0,0.0,0.23649635760167856,0.0,0.0,1.9517639505792763,0.27,0.06
1390,0.02791070479794825,0.34723596315134064,0.0,0.0,0.31932525835339237,0.0,0.0,2.027603699438207,0.27,0.06
1391,0.63915515980923,0.3676742633368283,0.0,0.0,0.0,0.2714808964724017,0.0,1.9561613582612591,0.27,0.06
1392,0.63915515980923,0.3870368635125536,0.0,0.0,0.0,0.25211829629667637,0.0,1.8898144381831865,0.27,0.06
1393,0.6596894441172175,0.36444716330754084,0.0,0.0,0.0,0.2952422808096767,0.0,1.8121191011280084,0.27,0.06
1394,0.6596894441172175,0.3988695636199413,0.0,0.0,0.0,0.2608198804972762,0.0,1.7434822904708305,0.27,0.06
1395,0.6957739981774225,0.42275010383666917,0.0,0.0,0.0,0.2730238943407524,0.0,1.671633897223264,0.27,0.06
1396,0.6957739981774225,0.43243140392453133,0.0,5.551115123125783e-17,0.0,0.2633425942528912,0.0,1.6023332145251348,0.27,0.06
1397,0.70813445315937,0.42511664385814696,0.0,0.0,0.0,0.283017809301223,0.0,1.527854843656392,0.27,0.06
1398,0.70813445315937,0.31496496285846504,0.0,0.0,0.0,0.3931694903009049,0.0,1.4243891883140485,0.27,0.06
1399,0.679825043943385,0.26376164239376915,0.0,0.0,0.0,0.4160634015496159,0.0,1.3148988194852023,0.27,0.06
1400,0.679825043943385,0.1968531017865407,0.1991192417572472,0.0,0.0,0.28385270039959715,0.0,1.2402007404326767,0.27,0.06
1401,0.7204949280775375,0.18093274164205525,0.5395621864354823,0.0,0.0,0.0,0.0,1.2402007404326767,0.27,0.06
1402,0.7204949280775375,0.1815781616479129,0.5389167664296246,0.0,0.0,0.0,0.0,1.2402007404326767,0.27,0.06
1403,0.7384375040828575,0.21148262191931086,0.5269548821635466,0.0,0.0,0.0,0.0,1.2402007404326767,0.27,0.06
1404,0.7384375040828575,0.17404826157957543,0.564389242503282,0.0,0.0,0.0,0.0,1.2402007404326767,0.27,0.06
1405,0.4918264909752725,0.16866976153076269,0.3231567294445098,0.0,0.0,0.0,0.0,1.2402007404326767,0.27,0.06
1406,0.4918264909752725,0.14823146134527485,0.34359502962999766,0.0,0.0,0.0,0.0,1.2402007404326767,0.27,0.06
1407,0.5135569682822475,0.12736288115588199,0.3861940871263655,0.0,0.0,0.0,0.0,1.2402007404326767,0.27,0.06
1408,0.5135569682822475,0.10778514097820423,0.4057718273040436,0.0,0.0,0.0,0.0,1.2402007404326767,0.27,0.06
1409,0.511563346510965,0.10133094091962916,0.4102324055913359,0.0,0.0,0.0,0.0,1.2402007404326767,0.27,0.06
1410,0.511563346510965,0.061099760554510975,0.450463585956454,0.0,0.0,0.0,0.0,1.2402007404326767,0.27,0.06
1411,0.4623208887602975,0.04345828039440572,0.41886260836589173,0.0,0.0,0.0,0.0,1.2402007404326767,0.27,0.06
1412,0.4623208887602975,0.037434360339735594,0.4248865284205619,0.0,0.0,0.0,0.0,1.2402007404326767,0.27,0.06
1413,0.51754421182481,0.019792880179630296,0.4977513316451797,0.0,0.0,0.0,0.0,1.2402007404326767,0.27,0.06
1414,0.51754421182481,0.007960180072242628,0.5095840317525674,0.0,0.0,0.0,0.0,1.2402007404326767,0.27,0.06
1415,0.4621215465193875,0.0,0.4621215465193875,0.0,0.0,0.0,0.0,1.2402007404326767,0.27,0.06
1416,0.4621215465193875,0.0,0.4621215465193875,0.0,0.0,0.0,0.0,1.2402007404326767,0.27,0.06
1417,0.360646178424915,0.0,0.360646178424915,0.0,0.0,0.0,0.0,1.2402007404326767,0.27,0.06
1418,0.360646178424915,0.0,0.360646178424915,0.0,0.0,0.0,0.0,1.2402007404326767,0.27,0.06
1419,0.031698586163384,0.0,0.0,0.0,0.0,0.031698586163384,0.0,1.231859007231786,0.27,0.06
1420,0.031698586163384,0.0,0.031698586163384,0.0,0.0,0.0,0.0,1.231859007231786,0.27,0.06
1421,0.0322966726947685,0.0,0.03229667269476888,0.0,0.0,0.0,0.0,1.231859007231786,0.27,0.06
1422,0.0322966726947685,0.0,0.0322966726947685,0.0,0.0,0.0,0.0,1.231859007231786,0.27,0.06
1423,0.0490430955735375,0.0,0.0490430955735375,0.0,0.0,0.0,0.0,1.231859007231786,0.27,0.06
1424,0.0490430955735375,0.0,0.0490430955735375,0.0,0.0,0.0,0.0,1.231859007231786,0.27,0.06
1425,0.04884373339640925,0.0,0.0,0.0,0.0,0.04884373339640925,0.0,1.2190053931800995,0.27,0.06
1426,0.04884373339640925,0.0,0.0,0.0,0.0,0.04884373339640925,0.0,1.2061517791284129,0.27,0.06
1427,0.04086924631128125,0.0,0.0,0.0,0.0,0.04086924631128125,0.0,1.1953967143096544,0.27,0.06
1428,0.04086924631128125,0.0,0.0,0.0,0.0,0.04086924631128125,0.0,1.1846416494908962,0.27,0.06
1429,0.05661885830440925,0.0,0.0,6.938893903907228e-18,0.0,0.056618858304409256,0.0,1.1697419499371042,0.27,0.06
1430,0.05661885830440925,0.0,0.0,0.0,0.0,0.05661885830440925,0.0,1.1548422503833125,0.27,0.06
1431,0.106060678232203,0.0,0.106060678232203,0.0,0.0,0.0,0.0,1.1548422503833125,0.27,0.06
1432,0.106060678232203,0.0,0.106060678232203,0.0,0.0,0.0,0.0,1.1548422503833125,0.27,0.06
1433,0.0350877431745635,0.0,0.0350877431745635,0.0,0.0,0.0,0.0,1.1548422503833125,0.27,0.06
1434,0.0350877431745635,0.0,0.035087743174563535,0.0,0.0,0.0,0.0,1.1548422503833125,0.27,0.06
1435,0.029704964392102,0.0,0.029704964392102007,0.0,0.0,-6.938893903907228e-18,0.0,1.1548422503833125,0.27,0.06
1436,0.029704964392102,0.0,0.029704964392102,0.0,0.0,0.0,0.0,1.1548422503833125,0.27,0.06
1437,0.02232856383835855,0.0,0.02232856383835855,0.0,0.0,0.0,0.0,1.1548422503833125,0.27,0.06
1438,0.02232856383835855,0.0,0.0,0.0,0.0,0.02232856383835855,0.0,1.148966312531113,0.27,0.06
1439,0.0149521632846151,0.0,0.0,0.0,0.0,0.0149521632846151,0.0,1.145031532719372,0.27,0.06
1440,0.0149521632846151,0.0,0.0,0.0,0.0,0.0149521632846151,0.0,1.1410967529076315,0.27,0.06
1441,0.02192983948410215,0.0,0.0,0.0,0.0,0.02192983948410215,0.0,1.1353257425170782,0.27,0.06
1442,0.02192983948410215,0.0,0.0,3.469446951953614e-18,0.0,0.021929839484102154,0.0,1.129554732126525,0.27,0.06
1443,0.02551835867240975,0.0,0.0,0.0,0.0,0.02551835867240975,0.0,1.122839374581154,0.27,0.06
1444,0.02551835867240975,0.0,0.0,0.0,0.0,0.02551835867240975,0.0,1.1161240170357827,0.27,0.06
1445,0.02292665036974315,0.0,0.0,6.938893903907228e-18,0.0,0.022926650369743156,0.0,1.1100906879911134,0.27,0.06
1446,0.02292665036974315,0.0,0.02292665036974315,0.0,0.0,-8.43769498715119e-16,0.0,1.1100906879911137,0.27,0.06
1447,0.0263158073809225,0.0,0.0263158073809225,0.0,0.0,0.0,0.0,1.1100906879911137,0.27,0.06
1448,0.0263158073809225,0.0,0.0263158073809225,0.0,0.0,0.0,0.0,1.1100906879911137,0.27,0.06
1449,0.0155502498159997,0.0,0.0155502498159997,0.0,0.0,0.0,0.0,1.1100906879911137,0.27,0.06
1450,0.0155502498159997,0.0,0.0155502498159997,0.0,0.0,0.0,0.0,1.1100906879911137,0.27,0.06
1451,0.0165470607016407,0.0,0.0,0.0,0.0,0.0165470607016407,0.0,1.1057361983327871,0.27,0.06
1452,0.0165470607016407,0.0,0.0,0.0,0.0,0.0165470607016407,0.0,1.1013817086744606,0.27,0.06
1453,0.0283094291522045,0.0,0.0,0.0,0.0,0.0283094291522045,0.0,1.0939318588975646,0.27,0.06
1454,0.0283094291522045,0.0,0.0,0.0,0.0,0.0283094291522045,0.0,1.0864820091206688,0.27,0.06
1455,0.057416307012922,0.0,0.0,0.0,0.0,0.057416307012922,0.0,1.071372454643584,0.27,0.06
1456,0.057416307012922,0.0,0.057416307012922,0.0,0.0,0.0,0.0,1.071372454643584,0.27,0.06
1457,0.050438630813435,0.0,0.050438630813435,0.0,0.0,0.0,0.0,1.071372454643584,0.27,0.06
1458,0.050438630813435,0.0,0.050438630813435026,0.0,0.0,0.0,0.0,1.071372454643584,0.27,0.06
1459,0.081140406091178,0.0,0.081140406091178,0.0,0.0,0.0,0.0,1.071372454643584,0.27,0.06
1460,0.081140406091178,0.0,0.08114040609117801,0.0,0.0,0.0,0.0,1.071372454643584,0.27,0.06
1461,0.04286286808256325,0.0,0.04286286808256325,0.0,0.0,0.0,0.0,1.071372454643584,0.27,0.06
1462,0.04286286808256325,0.0,0.04286286808256325,0.0,0.0,0.0,0.0,1.071372454643584,0.27,0.06
1463,0.046650749447999,0.0,0.0,0.0,0.0,0.046650749447999,0.0,1.0590959416309529,0.27,0.06
1464,0.046650749447999,0.0,0.046650749447999,0.0,0.0,0.0,0.0,1.0590959416309529,0.27,0.06
1465,0.06180227490974225,0.0,0.0,0.0,0.0,0.06180227490974225,0.0,1.0428321850757576,0.27,0.06
1466,0.06180227490974225,0.0,0.06180227490974225,0.0,0.0,0.0,0.0,1.0428321850757576,0.27,0.06
1467,0.042663505905435,0.0,0.0,0.0,0.0,0.042663505905435,0.0,1.0316049466795905,0.27,0.06
1468,0.042663505905435,0.0,0.042663505905435,0.0,0.0,0.0,0.0,1.0316049466795905,0.27,0.06
1469,0.1034689699295365,0.0,0.1034689699295365,0.0,0.0,0.0,0.0,1.0316049466795905,0.27,0.06
1470,0.1034689699295365,0.0,0.1034689699295365,0.0,0.0,0.0,0.0,1.0316049466795905,0.27,0.06
1471,0.05283097693897325,0.0,0.05283097693897325,0.0,0.0,0.0,0.0,1.0316049466795905,0.27,0.06
1472,0.05283097693897325,0.0,0.05283097693897368,0.0,0.0,-4.3021142204224816e-16,0.0,1.0316049466795907,0.27,0.06
1473,0.03588519188307625,0.0,0.03588519188307625,0.0,0.0,0.0,0.0,1.0316049466795907,0.27,0.06
1474,0.03588519188307625,0.0,0.03588519188307625,0.0,0.0,0.0,0.0,1.0316049466795905,0.27,0.06
1475,0.03787881365435825,0.012693260115197696,0.025185553539160556,0.0,0.0,0.0,0.0,1.0316049466795905,0.27,0.06
1476,0.03787881365435825,0.020653440187440336,0.0,0.0,0.0,0.017225373466917916,0.0,1.0270719536619803,0.27,0.06
1477,0.050637992990563,0.013123540119102703,0.0,0.0,0.0,0.037514452871460297,0.0,1.0171997292221224,0.27,0.06
1478,0.050637992990563,0.010972140099577678,0.0,0.0,0.0,0.03966585289098532,0.0,1.0067613468823895,0.27,0.06
1479,0.03748008930010175,0.015274940138627728,0.0,0.0,0.0,0.022205149161474022,0.0,1.0009178865767385,0.27,0.06
1480,0.03748008930010175,0.03399212030849557,0.0,0.0,0.0,0.00348796899160618,0.0,1.0,0.27,0.06
1481,0.0380781758314865,0.06497228058965603,0.0,0.0,0.02689410475816953,0.0,0.0,1.0063873498800653,0.27,0.06
1482,0.0380781758314865,0.08605600078100138,0.0,0.0,0.047977824949514886,0.0,0.0,1.017782083305575,0.27,0.06
1483,0.05123607952194775,0.13941072126522233,0.0,0.0,0.08817464174327458,0.0,0.0,1.0387235607196028,0.27,0.06
1484,0.05123607952194775,0.15619164141751757,0.0,0.0,0.10495556189556982,0.0,0.0,1.0636505066698005,0.27,0.06
1485,0.02691389391230725,0.2024467418373056,0.0,0.0,0.17553284792499835,0.0,0.0,1.1053395580519876,0.27,0.06
1486,0.02691389391230725,0.21148262191931086,0.0,0.0,0.1845687280070036,0.0,0.0,1.149174630953651,0.27,0.06
1487,0.64752833137618,0.2700007024503917,0.37752762892578834,0.0,0.0,0.0,0.0,1.149174630953651,0.27,0.06
1488,0.64752833137618,0.2809728425499696,0.180162079014298,0.0,0.0,0.1863934098119124,0.0,1.1001237336347267,0.27,0.06
1489,0.6525124057406025,0.22030336199936373,0.4322090437412388,0.0,0.0,0.0,0.0,1.1001237336347267,0.27,0.06
1490,0.6525124057406025,0.21040692190954846,0.4421054838310541,0.0,0.0,0.0,0.0,1.1001237336347267,0.27,0.06
1491,0.6600881884076925,0.22912410207941605,0.43096408632827643,0.0,0.0,0.0,0.0,1.1001237336347267,0.27,0.06
1492,0.6600881884076925,0.17727536160886304,0.4828128267988294,0.0,0.0,0.0,0.0,1.1001237336347267,0.27,0.06
1493,0.4728870841480925,0.10004010090791414,0.37284698324017834,0.0,0.0,0.0,0.0,1.1001237336347267,0.27,0.06
1494,0.4728870841480925,0.07422330067361367,0.39866378347447884,0.0,0.0,0.0,0.0,1.1001237336347267,0.27,0.06
1495,0.4525521420810175,0.07185676065213613,0.3806953814288814,0.0,0.0,0.0,0.0,1.1001237336347267,0.27,0.06
1496,0.4525521420810175,0.07788068070680626,0.37467146137421126,0.0,0.0,0.0,0.0,1.1001237336347267,0.27,0.06
1497,0.5659892208669625,0.08282890075171384,0.4831603201152488,0.0,0.0,0.0,0.0,1.1001237336347267,0.27,0.06
1498,0.5659892208669625,0.06346630057598848,0.502522920290974,0.0,0.0,0.0,0.0,1.1001237336347267,0.27,0.06
1499,0.4846494525986575,0.060024060544748487,0.42462539205390903,0.0,0.0,0.0,0.0,1.1001237336347267,0.27,0.06
1500,0.4846494525986575,0.10090066091572406,0.3837487916829334,0.0,0.0,0.0,0.0,1.1001237336347267,0.27,0.06
1501,0.496810565339695,0.10670944096844166,0.3901011243712533,0.0,0.0,0.0,0.0,1.1001237336347267,0.27,0.06
1502,0.496810565339695,0.08928310081028892,0.407527464529406,0.0,0.0,0.0,0.0,1.1001237336347267,0.27,0.06
1503,0.5305027533381425,0.08390460076147631,0.44659815257666613,0.0,0.0,0.0,0.0,1.1001237336347267,0.27,0.06
1504,0.5305027533381425,0.09251020083957646,0.437992552498566,0.0,0.0,0.0,0.0,1.1001237336347267,0.27,0.06
1505,0.4377993609097475,0.044964260408073206,0.3928351005016743,0.0,0.0,0.0,0.0,1.1001237336347267,0.27,0.06
1506,0.4377993609097475,0.033131560300685495,0.40466780060906204,0.0,0.0,0.0,0.0,1.1001237336347267,0.27,0.06
1507,0.3247609666056225,0.017856620162057798,0.3069043464435647,0.0,0.0,0.0,0.0,1.1001237336347267,0.27,0.06
1508,0.3247609666056225,0.023450260212822885,0.3013107063927996,0.0,0.0,0.0,0.0,1.1001237336347267,0.27,0.06
1509,0.4389954941000825,0.024741100224537873,0.41425439387554464,0.0,0.0,0.0,0.0,1.1001237336347267,0.27,0.06
1510,0.4389954941000825,0.004087660037097564,0.43490783406298483,0.0,0.0,0.0,0.0,1.1001237336347267,0.27,0.06
1511,0.3321373870955825,0.0,0.3321373870955825,0.0,0.0,0.0,0.0,1.1001237336347267,0.27,0.06
1512,0.3321373870955825,0.0,0.3321373870955825,0.0,0.0,0.0,0.0,1.1001237336347267,0.27,0.06
1513,0.32595715960461,0.0,0.32595715960461,0.0,0.0,0.0,0.0,1.1001237336347267,0.27,0.06
1514,0.32595715960461,0.0,0.32595715960461,0.0,0.0,0.0,0.0,1.1001237336347267,0.27,0.06
1515,0.028708153506461,0.0,0.0,0.0,0.0,0.028708153506461,0.0,1.0925689563961845,0.27,0.06
1516,0.028708153506461,0.0,0.0,0.0,0.0,0.028708153506461,0.0,1.085014179157642,0.27,0.06
1517,0.05681822048153725,0.0,0.05681822048153725,0.0,0.0,0.0,0.0,1.085014179157642,0.27,0.06
1518,0.05681822048153725,0.0,0.05681822048153725,0.0,0.0,0.0,0.0,1.085014179157642,0.27,0.06
1519,0.045653938562358,0.0,0.045653938562358,0.0,0.0,0.0,0.0,1.085014179157642,0.27,0.06
1520,0.045653938562358,0.0,0.045653938562358,0.0,0.0,0.0,0.0,1.085014179157642,0.27,0.06
1521,0.063397172326768,0.0,0.063397172326768,0.0,0.0,0.0,0.0,1.085014179157642,0.27,0.06
1522,0.063397172326768,0.0,0.063397172326768,0.0,0.0,0.0,0.0,1.085014179157642,0.27,0.06
1523,0.0580143935443065,0.0,0.058014393544306486,0.0,0.0,0.0,0.0,1.085014179157642,0.27,0.06
1524,0.0580143935443065,0.0,0.0580143935443065,0.0,0.0,0.0,0.0,1.085014179157642,0.27,0.06
1525,0.0303030509234865,0.0,0.030303050923486494,0.0,0.0,6.938893903907228e-18,0.0,1.085014179157642,0.27,0.06
1526,0.0303030509234865,0.0,0.0303030509234865,0.0,0.0,0.0,0.0,1.085014179157642,0.27,0.06
1527,0.021531115129845724,0.0,0.0,0.0,0.0,0.021531115129845724,0.0,1.0793480962287352,0.27,0.06
1528,0.021531115129845724,0.0,0.0,0.0,0.0,0.021531115129845724,0.0,1.0736820132998284,0.27,0.06
1529,0.02591708302666625,0.0,0.0,0.0,0.0,0.02591708302666625,0.0,1.066861728292811,0.27,0.06
1530,0.02591708302666625,0.0,0.0,0.0,0.0,0.02591708302666625,0.0,1.0600414432857936,0.27,0.06
1531,0.04126797066553775,0.0,0.04126797066553775,0.0,0.0,0.0,0.0,1.0600414432857936,0.27,0.06
1532,0.04126797066553775,0.0,0.04126797066553775,0.0,0.0,0.0,0.0,1.0600414432857936,0.27,0.06
1533,0.05322970129322975,0.0,0.05322970129322975,0.0,0.0,0.0,0.0,1.0600414432857936,0.27,0.06
1534,0.05322970129322975,0.0,0.05322970129322975,0.0,0.0,0.0,0.0,1.0600414432857936,0.27,0.06
1535,0.05223289040758875,0.0,0.05223289040758875,0.0,0.0,0.0,0.0,1.0600414432857936,0.27,0.06
1536,0.05223289040758875,0.0,0.052232890407588606,0.0,0.0,0.0,0.0,1.0600414432857936,0.27,0.06
1537,0.03648327841446075,0.0,0.03648327841446075,0.0,0.0,0.0,0.0,1.0600414432857936,0.27,0.06
1538,0.03648327841446075,0.0,0.03648327841446075,0.0,0.0,0.0,0.0,1.0600414432857936,0.27,0.06
1539,0.038676262362871,0.0,0.038676262362871,0.0,0.0,0.0,0.0,1.0600414432857936,0.27,0.06
1540,0.038676262362871,0.0,0.038676262362871,0.0,0.0,8.43769498715119e-16,0.0,1.0600414432857934,0.27,0.06
1541,0.026714531735179,0.0,0.0,0.0,0.0,0.026714531735179,0.0,1.0530113033554833,0.27,0.06
1542,0.026714531735179,0.0,0.0,0.0,0.0,0.026714531735179,0.0,1.045981163425173,0.27,0.06
1543,0.031698586163384,0.0,0.031698586163384,0.0,0.0,0.0,0.0,1.045981163425173,0.27,0.06
1544,0.031698586163384,0.0,0.031698586163384,0.0,0.0,0.0,0.0,1.045981163425173,0.27,0.06
1545,0.0271132560894355,0.0,0.0271132560894355,0.0,0.0,0.0,0.0,1.045981163425173,0.27,0.06
1546,0.0271132560894355,0.0,0.0,0.0,0.0,0.0271132560894355,0.0,1.0388460960332162,0.27,0.06
1547,0.02392346125538415,0.0,0.02392346125538415,0.0,0.0,0.0,0.0,1.0388460960332162,0.27,0.06
1548,0.02392346125538415,0.0,0.02392346125538415,0.0,0.0,0.0,0.0,1.0388460960332162,0.27,0.06
1549,0.03548646752881975,0.0,0.03548646752881975,0.0,0.0,0.0,0.0,1.0388460960332162,0.27,0.06
1550,0.03548646752881975,0.0,0.03548646752881976,0.0,0.0,-6.938893903907228e-18,0.0,1.0388460960332162,0.27,0.06
1551,0.030701775277743,0.0,0.030701775277743,0.0,0.0,0.0,0.0,1.0388460960332162,0.27,0.06
1552,0.030701775277743,0.0,0.030701775277743,0.0,0.0,0.0,0.0,1.0388460960332162,0.27,0.06
1553,0.026714531735179,0.0,0.0,0.0,0.0,0.026714531735179,0.0,1.0318159561029059,0.27,0.06
1554,0.026714531735179,0.0,0.026714531735179,0.0,0.0,0.0,0.0,1.0318159561029059,0.27,0.06
1555,0.02272728819261495,0.0,0.0,0.0,0.0,0.02272728819261495,0.0,1.0258350907890599,0.27,0.06
1556,0.02272728819261495,0.0,0.0,0.0,0.0,0.02272728819261495,0.0,1.0198542254752139,0.27,0.06
1557,0.0293062400378455,0.0,0.0293062400378455,0.0,0.0,0.0,0.0,1.0198542254752139,0.27,0.06
1558,0.0293062400378455,0.0,0.0293062400378455,0.0,0.0,0.0,0.0,1.0198542254752139,0.27,0.06
1559,0.040669884134153,0.0,0.040669884134153,0.0,0.0,0.0,0.0,1.0198542254752139,0.27,0.06
1560,0.040669884134153,0.0,0.040669884134153,0.0,0.0,0.0,0.0,1.0198542254752139,0.27,0.06
1561,0.072368470297537,0.0,0.072368470297537,0.0,0.0,0.0,0.0,1.0198542254752139,0.27,0.06
1562,0.072368470297537,0.0,0.07236847029753699,0.0,0.0,1.3877787807814457e-17,0.0,1.0198542254752139,0.27,0.06
1563,0.1383573509269715,0.0,0.1383573509269715,0.0,0.0,0.0,0.0,1.0198542254752139,0.27,0.06
1564,0.1383573509269715,0.0,0.1383573509269715,0.0,0.0,0.0,0.0,1.0198542254752139,0.27,0.06
1565,0.05622013395015275,0.0,0.05622013395015275,0.0,0.0,0.0,0.0,1.0198542254752139,0.27,0.06
1566,0.05622013395015275,0.0,0.05622013395015275,0.0,0.0,0.0,0.0,1.0198542254752139,0.27,0.06
1567,0.26674661293375,0.0,0.26674661293375,0.0,0.0,0.0,0.0,1.0198542254752139,0.27,0.06
1568,0.26674661293375,0.0,0.26674661293375,0.0,0.0,0.0,0.0,1.0198542254752139,0.27,0.06
1569,0.06618824280656276,0.011402420103482682,0.05478582270308007,0.0,0.0,0.0,0.0,1.0198542254752139,0.27,0.06
1570,0.06618824280656276,0.02000802018158286,0.046180222624979894,0.0,0.0,0.0,0.0,1.0198542254752139,0.27,0.06
1571,0.0400717976027685,0.027753060251872925,0.0,0.0,0.0,0.012318737350895576,0.0,1.016612452488136,0.27,0.06
1572,0.0400717976027685,0.03506782031825808,0.0,0.0,0.0,0.005003977284510422,0.0,1.0152956163606333,0.27,0.06
1573,0.03488838099743525,0.04066146036902313,0.0,0.0,0.005773079371587879,0.0,0.0,1.0166667227113855,0.27,0.06
1574,0.03488838099743525,0.044964260408073206,0.0,7.979727989493313e-16,0.010075879410637159,0.0,0.0,1.0190597440714118,0.27,0.06
1575,0.046451387270871,0.04840650043931328,0.0,0.0,0.0019551131684422754,0.0,0.0,1.0195240834489168,0.27,0.06
1576,0.046451387270871,0.05184874047055332,0.0,0.0,0.00539735319968232,0.0,0.0,1.0208059548338413,0.27,0.06
1577,0.02811006697507625,0.06260574056817855,0.0,0.0,0.03449567359310231,0.0,0.0,1.028998677312203,0.27,0.06
1578,0.02811006697507625,0.11423934103677935,0.0,0.0,0.0861292740617031,0.0,0.0,1.0494543799018576,0.27,0.06
1579,0.0283094291522045,0.1805024616381503,0.0,0.0,0.15219303248594582,0.0,0.0,1.0856002251172698,0.27,0.06
1580,0.0283094291522045,0.23600858214189602,0.0,0.0,0.20769915298969152,0.0,0.0,1.1349287739523215,0.27,0.06
1581,0.04086924631128125,0.3039928227588874,0.0,0.0,0.26312357644760614,0.0,0.0,1.197420623358628,0.27,0.06
1582,0.04086924631128125,0.3579929632489656,0.0,0.0,0.3171237169376844,0.0,0.0,1.272737506131328,0.27,0.06
1583,0.4059013926330175,0.3810129434578837,0.0,0.0,0.0,0.024888449175133776,0.0,1.2661879142431347,0.27,0.06
1584,0.4059013926330175,0.40403292366680116,0.0,0.0,0.0,0.0018684689662163412,0.0,1.2656962118836041,0.27,0.06
1585,0.40450585739312,0.3894034035340313,0.0,0.0,0.0,0.015102453859088705,0.0,1.2617218819206861,0.27,0.06
1586,0.40450585739312,0.39026396354184134,0.0,0.0,0.0,0.014241893851278454,0.0,1.2579740151177181,0.27,0.06
1587,0.40131606255907,0.43264654392648466,0.0,0.0,0.031330481367414675,0.0,0.0,1.265415004442479,0.27,0.06
1588,0.40131606255907,0.46255100419788264,0.0,5.828670879282072e-16,0.061234941638812074,0.0,0.0,1.279958303081697,0.27,0.06
1589,0.32356481347907,0.48858294443413525,0.0,0.0,0.16501813095506523,0.0,0.0,1.319150109183525,0.27,0.06
1590,0.32356481347907,0.385961163502791,0.0,-6.661338147750939e-16,0.06239635002372168,0.0,0.0,1.3339692423141587,0.27,0.06
1591,0.1660686935477915,0.2919449826495472,0.0,0.0,0.12587628910175572,0.0,0.0,1.3638648609758257,0.27,0.06
1592,0.1660686935477915,0.2286938220755113,0.0,-8.049116928532385e-16,0.06262512852772062,0.0,0.0,1.3787383290011594,0.27,0.06
1593,0.247607823993226,0.2041678618529256,0.0,0.0,0.0,0.04343996214030041,0.0,1.3673067600168698,0.27,0.06
1594,0.247607823993226,0.19125946173577557,0.0,-4.163336342344337e-17,0.0,0.05634836225745039,0.0,1.3524782436333302,0.27,0.06
1595,0.1838119273122015,0.1959925417787306,0.0,2.7755575615628914e-17,0.012180614466529072,0.0,0.0,1.3553711395691308,0.27,0.06
1596,0.1838119273122015,0.20201646183340097,0.0,0.0,0.018204534521199467,0.0,0.0,1.3596947165179158,0.27,0.06
1597,0.1937800361686115,0.16651836151123747,0.0,0.0,0.0,0.02726167465737403,0.0,1.3525205916080805,0.27,0.06
1598,0.1937800361686115,0.1314505411929797,0.0,0.0,0.0,0.06232949497563181,0.0,1.3361180929302827,0.27,0.06
1599,0.24501611569055926,0.10843056098406174,0.0,0.0,0.0,0.13658555470649766,0.0,1.300174525902257,0.27,0.06
1600,0.24501611569055926,0.07508386068142374,-0.0,0.0,0.0,0.1699322550091349,0.0,1.255455511426169,0.27,0.06
1601,0.183213840780817,0.06368144057794099,0.0,0.0,0.0,0.11953240020287602,0.0,1.2239996166359384,0.27,0.06
1602,0.183213840780817,0.0570121005174134,0.0,0.0,0.0,0.1262017402634036,0.0,1.1907886323560952,0.27,0.06
1603,0.1905902413345605,0.0490519204451708,0.14153832088938972,0.0,0.0,0.0,0.0,1.1907886323560952,0.27,0.06
1604,0.1905902413345605,0.037434360339735594,0.1531558809948249,0.0,0.0,0.0,0.0,1.1907886323560952,0.27,0.06
1605,0.24441802915917474,0.020438300185487826,0.2239797289736869,0.0,0.0,0.0,0.0,1.1907886323560952,0.27,0.06
1606,0.24441802915917474,0.009681300087862653,0.23473672907131207,0.0,0.0,0.0,0.0,1.1907886323560952,0.27,0.06
1607,0.1381579887498435,0.0010757000097625171,0.137082288740081,0.0,0.0,0.0,0.0,1.1907886323560952,0.27,0.06
1608,0.1381579887498435,0.0,0.1381579887498435,0.0,0.0,0.0,0.0,1.1907886323560952,0.27,0.06
1609,0.05522332306451175,0.0,0.0,0.0,0.0,0.05522332306451175,0.0,1.1762561789180657,0.27,0.06
1610,0.05522332306451175,0.0,0.0,0.0,0.0,0.05522332306451175,0.0,1.1617237254800363,0.27,0.06
1611,0.042663505905435,0.0,0.042663505905435,0.0,0.0,0.0,0.0,1.1617237254800363,0.27,0.06
1612,0.042663505905435,0.0,0.042663505905435,0.0,0.0,0.0,0.0,1.1617237254800363,0.27,0.06
1613,0.05921056660707575,0.0,0.05921056660707575,0.0,0.0,0.0,0.0,1.1617237254800363,0.27,0.06
1614,0.05921056660707575,0.0,0.05921056660707575,0.0,0.0,0.0,0.0,1.1617237254800363,0.27,0.06
1615,0.0639952588581525,0.0,0.0639952588581525,0.0,0.0,0.0,0.0,1.1617237254800363,0.27,0.06
1616,0.0639952588581525,0.0,0.0639952588581525,0.0,0.0,0.0,0.0,1.1617237254800363,0.27,0.06
1617,0.04824564686502475,0.0,0.0,0.0,0.0,0.04824564686502475,0.0,1.1490275026208194,0.27,0.06
1618,0.04824564686502475,0.0,0.0,-6.938893903907228e-18,0.0,0.04824564686502474,0.0,1.1363312797616023,0.27,0.06
1619,0.049641182104922,0.0,0.0,0.0,0.0,0.049641182104922,0.0,1.123267810786623,0.27,0.06
1620,0.049641182104922,0.0,0.0,0.0,0.0,0.049641182104922,0.0,1.1102043418116434,0.27,0.06
1621,0.046451387270871,0.0,0.0,0.0,0.0,0.046451387270871,0.0,1.0979802925298352,0.27,0.06
1622,0.046451387270871,0.0,0.0,0.0,0.0,0.046451387270871,0.0,1.085756243248027,0.27,0.06
1623,0.02312601254687135,0.0,0.02312601254687152,0.0,0.0,0.0,0.0,1.085756243248027,0.27,0.06
1624,0.02312601254687135,0.0,0.02312601254687135,0.0,0.0,0.0,0.0,1.085756243248027,0.27,0.06
1625,0.021132390775589326,0.0,0.0,0.0,0.0,0.02113239077558924,0.0,1.0801950877807667,0.27,0.06
1626,0.021132390775589326,0.0,0.021132390775589326,0.0,0.0,0.0,0.0,1.0801950877807667,0.27,0.06
1627,0.04286286808256325,0.0,0.04286286808256325,0.0,0.0,0.0,0.0,1.0801950877807667,0.27,0.06
1628,0.04286286808256325,0.0,0.04286286808256325,0.0,0.0,0.0,0.0,1.0801950877807667,0.27,0.06
1629,0.04984054428205025,0.0,0.04984054428205025,0.0,0.0,0.0,0.0,1.0801950877807667,0.27,0.06
1630,0.04984054428205025,0.0,0.04984054428205025,0.0,0.0,0.0,0.0,1.0801950877807667,0.27,0.06
1631,0.15171461679456125,0.0,0.15171461679456125,0.0,0.0,0.0,0.0,1.0801950877807667,0.27,0.06
1632,0.15171461679456125,0.0,0.15171461679456125,0.0,0.0,0.0,0.0,1.0801950877807667,0.27,0.06
1633,0.1321771234359975,0.0,0.1321771234359975,0.0,0.0,0.0,0.0,1.0801950877807667,0.27,0.06
1634,0.1321771234359975,0.0,0.1321771234359975,0.0,0.0,0.0,0.0,1.0801950877807667,0.27,0.06
1635,0.04226478155117875,0.0,0.0,0.0,0.0,0.04226478155117875,0.0,1.069072776846246,0.27,0.06
1636,0.04226478155117875,0.0,0.042264781551178764,0.0,0.0,-1.3877787807814457e-17,0.0,1.069072776846246,0.27,0.06
1637,0.03448965664317875,0.0,0.03448965664317875,0.0,0.0,0.0,0.0,1.069072776846246,0.27,0.06
1638,0.03448965664317875,0.0,0.03448965664317875,0.0,0.0,0.0,0.0,1.069072776846246,0.27,0.06
1639,0.03090113745487125,0.0,0.03090113745487125,0.0,0.0,0.0,0.0,1.069072776846246,0.27,0.06
1640,0.03090113745487125,0.0,0.03090113745487125,0.0,0.0,0.0,0.0,1.069072776846246,0.27,0.06
1641,0.021132390775589326,0.0,0.0,0.0,0.0,0.021132390775589326,0.0,1.0635116213789855,0.27,0.06
1642,0.021132390775589326,0.0,0.0,0.0,0.0,0.021132390775589326,0.0,1.0579504659117251,0.27,0.06
1643,0.020534304244204726,0.0,0.0,0.0,0.0,0.020534304244204726,0.0,1.0525467016369345,0.27,0.06
1644,0.020534304244204726,0.0,0.0,0.0,0.0,0.020534304244204726,0.0,1.047142937362144,0.27,0.06
1645,0.0139553523989741,0.0,0.0,0.0,0.0,0.0139553523989741,0.0,1.043470476204519,0.27,0.06
1646,0.0139553523989741,0.0,0.0,1.734723475976807e-18,0.0,0.013955352398974101,0.0,1.0397980150468944,0.27,0.06
1647,0.0165470607016407,0.0,0.0,0.0,0.0,0.0165470607016407,0.0,1.0354435253885679,0.27,0.06
1648,0.0165470607016407,0.0,0.0,6.938893903907228e-18,0.0,0.016547060701640706,0.0,1.0310890357302414,0.27,0.06
1649,0.02232856383835855,0.0,0.02232856383835855,0.0,0.0,0.0,0.0,1.0310890357302414,0.27,0.06
1650,0.02232856383835855,0.0,0.02232856383835855,0.0,0.0,0.0,0.0,1.0310890357302414,0.27,0.06
1651,0.02432218560964055,0.0,0.02432218560964055,0.0,0.0,0.0,0.0,1.0310890357302414,0.27,0.06
1652,0.02432218560964055,0.0,0.02432218560964055,0.0,0.0,0.0,0.0,1.0310890357302414,0.27,0.06
1653,0.0312998618091275,0.0,0.0312998618091275,0.0,0.0,0.0,0.0,1.0310890357302414,0.27,0.06
1654,0.0312998618091275,0.0,0.0,0.0,0.0,0.0312998618091275,0.0,1.0228522299909972,0.27,0.06
1655,0.013157903690461275,0.0,0.0,-1.734723475976807e-18,0.0,0.013157903690461274,0.0,1.0193896237566653,0.27,0.06
1656,0.013157903690461275,0.0,0.0,0.0,0.0,0.013157903690461275,0.0,1.0159270175223334,0.27,0.06
1657,0.0167464228787689,0.0,0.0,0.0,0.0,0.0167464228787689,0.0,1.0115200641331836,0.27,0.06
1658,0.0167464228787689,0.0,0.0,0.0,0.0,0.0167464228787689,0.0,1.007113110744034,0.27,0.06
1659,0.0410686084884095,0.0,0.04106860848840953,0.0,0.0,-2.42861286636753e-17,0.0,1.007113110744034,0.27,0.06
1660,0.0410686084884095,0.0,0.0410686084884095,0.0,0.0,0.0,0.0,1.007113110744034,0.27,0.06
1661,0.0857257361651265,0.0,0.0857257361651265,0.0,0.0,0.0,0.0,1.007113110744034,0.27,0.06
1662,0.0857257361651265,0.0,0.08572573616512669,0.0,0.0,0.0,0.0,1.007113110744034,0.27,0.06
1663,0.0707735728805115,0.0,0.0707735728805115,0.0,0.0,0.0,0.0,1.007113110744034,0.27,0.06
1664,0.0707735728805115,0.0,0.0707735728805115,0.0,0.0,0.0,0.0,1.007113110744034,0.27,0.06
1665,0.048445009042153,0.0066693400605276,0.0417756689816254,0.0,0.0,0.0,0.0,1.007113110744034,0.27,0.06
1666,0.048445009042153,0.016350640148390255,0.03209436889376274,0.0,0.0,0.0,0.0,1.007113110744034,0.27,0.06
1667,0.08253594133107525,0.03851006034949811,0.04402588098157714,0.0,0.0,0.0,0.0,1.007113110744034,0.27,0.06
1668,0.08253594133107525,0.055506120503745905,0.0,0.0,0.0,0.027029820827329347,0.0,1.0,0.27,0.06
1669,0.03448965664317875,0.05356986048617335,0.0,-4.163336342344337e-17,0.019080203842994643,0.0,0.0,1.0045315484127113,0.27,0.06
1670,0.03448965664317875,0.09186478083371896,0.0,0.0,0.057375124190540215,0.0,0.0,1.0181581404079645,0.27,0.06
1671,0.020135579889948324,0.08691656078881138,0.0,0.0,0.06678098089886306,0.0,0.0,1.0340186233714446,0.27,0.06
1672,0.020135579889948324,0.09466160085910148,0.0,0.0,0.07452602096915316,0.0,0.0,1.051718553351618,0.27,0.06
1673,0.02890751568358925,0.1215541011031644,0.0,0.0,0.09264658541957516,0.0,0.0,1.0737221173887672,0.27,0.06
1674,0.02890751568358925,0.12736288115588199,0.0,0.0,0.09845536547229274,0.0,0.0,1.0971052666884367,0.27,0.06
1675,0.02691389391230725,0.11703616106216191,0.0,0.0,0.09012226714985466,0.0,0.0,1.1185093051365271,0.27,0.06
1676,0.02691389391230725,0.09724328088253156,0.0,-8.326672684688674e-17,0.0703293869702244,0.0,0.0,1.1352125345419555,0.27,0.06
1677,0.021730477306973923,0.08325918075561885,0.0,6.730727086790012e-16,0.06152870344864425,0.0,0.0,1.1498256016110087,0.27,0.06
1678,0.021730477306973923,0.10262178093134414,0.0,7.494005416219807e-16,0.08089130362436947,0.0,0.0,1.1690372862217964,0.27,0.06
1679,0.3905505049941475,0.12026326109144939,0.0,0.0,0.0,0.2702872439026981,0.0,1.097909064142139,0.27,0.06
1680,0.3905505049941475,0.10950626099382424,0.18441245171868112,0.0,0.0,0.09663179228164212,0.0,1.0724796451206542,0.27,0.06
1681,0.3913479736388775,0.1260720411441669,0.2652759324947106,0.0,0.0,0.0,0.0,1.0724796451206542,0.27,0.06
1682,0.3913479736388775,0.12478120113245182,0.2665667725064257,0.0,0.0,0.0,0.0,1.0724796451206542,0.27,0.06
1683,0.33373228451261,0.17447854158348014,0.15925374292912986,0.0,0.0,0.0,0.0,1.0724796451206542,0.27,0.06
1684,0.33373228451261,0.15576136141361252,0.17797092309899748,0.0,0.0,0.0,0.0,1.0724796451206542,0.27,0.06
1685,0.17603680240420175,0.23514802213408623,0.0,0.0,0.05911121972988448,0.0,0.0,1.0865185598065017,0.27,0.06
1686,0.17603680240420175,0.1761996615991003,0.0,-2.220446049250313e-16,0.00016285919489877898,0.0,0.0,1.0865572388652902,0.27,0.06
1687,0.220893292258047,0.17770564161276772,0.0,0.0,0.0,0.04318765064527927,0.0,1.0751920676428484,0.27,0.06
1688,0.220893292258047,0.20201646183340097,0.0,0.0,0.0,0.018876830424645698,0.0,1.0702244806889942,0.27,0.06
1689,0.19437812269999624,0.18114788164400794,0.0,0.0,0.0,0.013230241055988301,0.0,1.0667428383058395,0.27,0.06
1690,0.19437812269999624,0.1841598416713429,0.0,0.0,0.0,0.010218281028653353,0.0,1.0640538169825096,0.27,0.06
1691,0.180422770301022,0.15683706142337495,0.0,0.0,0.0,0.02358570887764705,0.0,1.057847051488392,0.27,0.06
1692,0.180422770301022,0.06604798059941855,0.11437478970160345,0.0,0.0,0.0,0.0,1.0578470514883918,0.27,0.06
1693,0.238237821604418,0.06497228058965603,0.173265541014762,0.0,0.0,0.0,0.0,1.0578470514883918,0.27,0.06
1694,0.238237821604418,0.06841452062089608,0.16982330098352194,0.0,0.0,0.0,0.0,1.0578470514883918,0.27,0.06
1695,0.1868023599691245,0.056796960515460904,0.1300053994536636,0.0,0.0,0.0,0.0,1.0578470514883918,0.27,0.06
1696,0.1868023599691245,0.04087660037097563,0.14592575959814888,0.0,0.0,0.0,0.0,1.0578470514883918,0.27,0.06
1697,0.04625202509374275,0.030765020279207963,0.0,0.0,0.0,0.015487004814534789,0.0,1.0537715239056193,0.27,0.06
1698,0.04625202509374275,0.02194428019915535,0.0,0.0,0.0,0.024307744894587403,0.0,1.0473747489333596,0.27,0.06
1699,0.1521133411488175,0.01678092015229526,0.1353324209965221,0.0,0.0,0.0,0.0,1.0473747489333596,0.27,0.06
1700,0.1521133411488175,0.013338680121055217,0.13877466102776229,0.0,0.0,0.0,0.0,1.0473747489333596,0.27,0.06
1701,0.048644371219281,0.013123540119102703,0.03552083110017801,0.0,0.0,0.0,0.0,1.0473747489333596,0.27,0.06
1702,0.048644371219281,0.007960180072242628,0.040684191147038376,0.0,0.0,0.0,0.0,1.0473747489333596,0.27,0.06
1703,0.05980865313846025,0.0010757000097625171,0.05873295312869773,0.0,0.0,0.0,0.0,1.0473747489333596,0.27,0.06
1704,0.05980865313846025,0.0,0.05980865313846025,0.0,0.0,0.0,0.0,1.0473747489333596,0.27,0.06
1705,0.13197776125886926,0.0,0.13197776125886926,0.0,0.0,0.0,0.0,1.0473747489333596,0.27,0.06
1706,0.13197776125886926,0.0,0.13197776125886926,0.0,0.0,0.0,0.0,1.0473747489333596,0.27,0.06
1707,0.0149521632846151,0.0,0.0,0.0,0.0,0.0149521632846151,0.0,1.0434399691216187,0.27,0.06
1708,0.0149521632846151,0.0,0.0,0.0,0.0,0.0149521632846151,0.0,1.039505189309878,0.27,0.06
1709,0.0330941214032815,0.0,0.0,0.0,0.0,0.0330941214032815,0.0,1.0307962099932249,0.27,0.06
1710,0.0330941214032815,0.0,0.0,0.0,0.0,0.0330941214032815,0.0,1.0220872306765718,0.27,0.06
1711,0.050438630813435,0.0,0.050438630813435,0.0,0.0,0.0,0.0,1.0220872306765718,0.27,0.06
1712,0.050438630813435,0.0,0.050438630813435,0.0,0.0,0.0,0.0,1.0220872306765718,0.27,0.06
1713,0.06419462103528074,0.0,0.06419462103528074,0.0,0.0,0.0,0.0,1.0220872306765718,0.27,0.06
1714,0.06419462103528074,0.0,0.06419462103528074,0.0,0.0,0.0,0.0,1.0220872306765718,0.27,0.06
1715,0.05522332306451175,0.0,0.05522332306451175,0.0,0.0,0.0,0.0,1.0220872306765718,0.27,0.06
1716,0.05522332306451175,0.0,0.05522332306451175,0.0,0.0,0.0,0.0,1.0220872306765718,0.27,0.06
1717,0.04545457638523,0.0,0.04545457638523,0.0,0.0,0.0,0.0,1.0220872306765718,0.27,0.06
1718,0.04545457638523,0.0,0.04545457638523,0.0,0.0,0.0,0.0,1.0220872306765718,0.27,0.06
1719,0.0460526629166145,0.0,0.0460526629166145,0.0,0.0,0.0,0.0,1.0220872306765718,0.27,0.06
1720,0.0460526629166145,0.0,0.0460526629166145,0.0,0.0,0.0,0.0,1.0220872306765718,0.27,0.06
1721,0.07795061125712675,0.0,0.07795061125712675,0.0,0.0,0.0,0.0,1.0220872306765718,0.27,0.06
1722,0.07795061125712675,0.0,0.07795061125712675,0.0,0.0,0.0,0.0,1.0220872306765718,0.27,0.06
1723,0.0699761241719985,0.0,0.0699761241719985,0.0,0.0,0.0,0.0,1.0220872306765718,0.27,0.06
1724,0.0699761241719985,0.0,0.0699761241719985,0.0,0.0,0.0,0.0,1.0220872306765718,0.27,0.06
1725,0.04884373339640925,0.0,0.04884373339640913,0.0,0.0,0.0,0.0,1.0220872306765718,0.27,0.06
1726,0.04884373339640925,0.0,0.04884373339640924,0.0,0.0,1.3877787807814457e-17,0.0,1.0220872306765718,0.27,0.06
1727,0.045653938562358,0.0,0.045653938562358,0.0,0.0,0.0,0.0,1.0220872306765718,0.27,0.06
1728,0.045653938562358,0.0,0.045653938562358,0.0,0.0,0.0,0.0,1.0220872306765718,0.27,0.06
1729,0.04027115977989675,0.0,0.04027115977989675,0.0,0.0,0.0,0.0,1.0220872306765718,0.27,0.06
1730,0.04027115977989675,0.0,0.04027115977989675,0.0,0.0,0.0,0.0,1.0220872306765718,0.27,0.06
1731,0.0420654193740505,0.0,0.0420654193740505,0.0,0.0,0.0,0.0,1.0220872306765718,0.27,0.06
1732,0.0420654193740505,0.0,0.04206541937405062,0.0,0.0,0.0,0.0,1.0220872306765718,0.27,0.06
1733,0.035685829705948,0.0,0.035685829705948,0.0,0.0,0.0,0.0,1.0220872306765718,0.27,0.06
1734,0.035685829705948,0.0,0.0,0.0,0.0,0.035685829705948,0.0,1.0126962228592171,0.27,0.06
1735,0.02412282343251235,0.0,0.0,0.0,0.0,0.02412282343251235,0.0,1.0063481114296087,0.27,0.06
1736,0.02412282343251235,0.0,0.0,0.0,0.0,0.02412282343251235,0.0,1.0000000000000002,0.27,0.06
1737,0.025717720849538,0.0,0.025717720849537995,0.0,0.0,8.43769498715119e-16,0.0,1.0,0.27,0.06
1738,0.025717720849538,0.0,0.025717720849537995,0.0,0.0,3.469446951953614e-18,0.0,1.0,0.27,0.06
1739,0.0143540767532305,0.0,0.0143540767532305,0.0,0.0,0.0,0.0,1.0,0.27,0.06
1740,0.0143540767532305,0.0,0.0143540767532305,0.0,0.0,0.0,0.0,1.0,0.27,0.06
1741,0.048644371219281,0.0,0.04864437121928064,0.0,0.0,3.608224830031759e-16,0.0,1.0,0.27,0.06
1742,0.048644371219281,0.0,0.048644371219281,0.0,0.0,0.0,0.0,1.0,0.27,0.06
1743,0.045653938562358,0.0,0.045653938562358,0.0,0.0,0.0,0.0,1.0,0.27,0.06
1744,0.045653938562358,0.0,0.045653938562358,0.0,0.0,0.0,0.0,1.0,0.27,0.06
1745,0.048445009042153,0.0,0.048445009042153,0.0,0.0,0.0,0.0,1.0,0.27,0.06
1746,0.048445009042153,0.0,0.048445009042153,0.0,0.0,0.0,0.0,1.0,0.27,0.06
1747,0.05980865313846025,0.0,0.05980865313846025,0.0,0.0,0.0,0.0,1.0,0.27,0.06
1748,0.05980865313846025,0.0,0.05980865313846025,0.0,0.0,0.0,0.0,1.0,0.27,0.06
1749,0.04724883597938375,0.0,0.04724883597938375,0.0,0.0,0.0,0.0,1.0,0.27,0.06
1750,0.04724883597938375,0.0,0.04724883597938354,0.0,0.0,2.0816681711721685e-16,0.0,1.0,0.27,0.06
1751,0.02192983948410215,0.0,0.02192983948410215,0.0,0.0,0.0,0.0,1.0,0.27,0.06
1752,0.02192983948410215,0.0,0.02192983948410215,0.0,0.0,0.0,0.0,1.0,0.27,0.06
1753,0.0332934835804095,0.0,0.0332934835804095,0.0,0.0,0.0,0.0,1.0,0.27,0.06
1754,0.0332934835804095,0.0,0.0332934835804095,0.0,0.0,0.0,0.0,1.0,0.27,0.06
1755,0.04346095461394775,0.0,0.04346095461394775,0.0,0.0,0.0,0.0,1.0,0.27,0.06
1756,0.04346095461394775,0.0,0.04346095461394775,0.0,0.0,0.0,0.0,1.0,0.27,0.06
1757,0.04425840332246075,0.0,0.04425840332246075,0.0,0.0,0.0,0.0,1.0,0.27,0.06
1758,0.04425840332246075,0.0,0.04425840332246075,0.0,0.0,0.0,0.0,1.0,0.27,0.06
1759,0.04146733284266575,0.0,0.04146733284266575,0.0,0.0,0.0,0.0,1.0,0.27,0.06
1760,0.04146733284266575,0.0,0.04146733284266575,0.0,0.0,0.0,0.0,1.0,0.27,0.06
1761,0.03748008930010175,0.0,0.03748008930010175,0.0,0.0,0.0,0.0,1.0,0.27,0.06
1762,0.03748008930010175,0.001721120015620029,0.035758969284481724,0.0,0.0,0.0,0.0,1.0,0.27,0.06
1763,0.049441819927794,0.012693260115197696,0.0367485598125963,0.0,0.0,0.0,0.0,1.0,0.27,0.06
1764,0.049441819927794,0.015490080140580243,0.033951739787213775,0.0,0.0,0.0,0.0,1.0,0.27,0.06
1765,0.03628391623733275,0.011402420103482682,0.024881496133850066,0.0,0.0,-0.0,0.0,1.0,0.27,0.06
1766,0.03628391623733275,0.013123540119102703,0.023160376118230047,0.0,0.0,0.0,0.0,1.0,0.27,0.06
1767,0.02990432656923025,0.01828690016596279,0.011617426403267461,0.0,0.0,0.0,0.0,1.0,0.27,0.06
1768,0.02990432656923025,0.032486140294828034,0.0,-3.9898639947466563e-16,0.002581813725598181,0.0,0.0,1.0006131807598295,0.27,0.06
1769,0.0372807271229735,0.07013564063651613,0.0,1.3877787807814457e-17,0.03285491351354262,0.0,0.0,1.0084162227192959,0.27,0.06
1770,0.0372807271229735,0.0494822004490758,0.0,0.0,0.012201473326102302,0.0,0.0,1.011314072634245,0.27,0.06
1771,0.04226478155117875,0.057872660525223434,0.0,0.0,0.015607878974044684,0.0,0.0,1.0150209438905806,0.27,0.06
1772,0.04226478155117875,0.06862966062284859,0.0,0.0,0.026364879071669838,0.0,0.0,1.0212826026701023,0.27,0.06
1773,0.026714531735179,0.05270930047836332,0.0,0.0,0.02599476874318432,0.0,0.0,1.0274563602466085,0.27,0.06
1774,0.026714531735179,0.11058196100358678,0.0,0.0,0.08386742926840778,0.0,0.0,1.0473748746978555,0.27,0.06
1775,0.3891549697542475,0.09444646085714897,0.11468398504524746,0.0,0.0,0.18002452385185094,0.0,1.0,0.27,0.06
1776,0.3891549697542475,0.05744238052131843,0.33171258923292907,0.0,0.0,0.0,0.0,1.0,0.27,0.06
1777,0.39673073248512,0.034422400312400535,0.3623083321727196,0.0,0.0,0.0,0.0,1.0,0.27,0.06
1778,0.39673073248512,0.0376495003416881,0.3590812321434319,0.0,0.0,0.0,0.0,1.0,0.27,0.06
1779,0.411882257946865,0.07852610071266374,0.33335615723420126,0.0,0.0,0.0,0.0,1.0,0.27,0.06
1780,0.411882257946865,0.06131490055646347,0.3505673573904015,0.0,0.0,0.0,0.0,1.0,0.27,0.06
1781,0.360646178424915,0.0985341208942466,0.26211205753066835,0.0,0.0,0.0,0.0,1.0,0.27,0.06
1782,0.360646178424915,0.09035880082005143,0.27028737760486354,0.0,0.0,0.0,0.0,1.0,0.27,0.06
1783,0.180223408123894,0.197928801796303,0.0,0.0,0.017705393672409003,0.0,0.0,1.004205030997197,0.27,0.06
1784,0.180223408123894,0.3196980429014202,0.0,0.0,0.13947463477752617,0.0,0.0,1.0373302567568596,0.27,0.06
1785,0.21371625388143176,0.20008020181582864,0.0,0.0,0.0,0.013636052065603116,0.0,1.0337418220027534,0.27,0.06
1786,0.21371625388143176,0.18781722170453571,0.0,0.0,0.0,0.025899032176896042,0.0,1.0269262872193599,0.27,0.06
1787,0.23046267676020074,0.19878936180411336,0.021999340431256953,0.0,0.0,0.009673974524830431,0.0,1.0243805044496677,0.27,0.06
1788,0.23046267676020074,0.11682102106020933,0.11364165569999063,0.0,0.0,8.43769498715119e-16,0.0,1.0243805044496674,0.27,0.06
1789,0.18540682472922726,0.07078106064237365,0.11462576408685361,0.0,0.0,0.0,0.0,1.0243805044496674,0.27,0.06
1790,0.18540682472922726,0.07379302066970872,0.11161380405951854,0.0,0.0,0.0,0.0,1.0243805044496674,0.27,0.06
1791,0.253389327129945,0.12908400117150212,0.12430532595844287,0.0,0.0,0.0,0.0,1.0243805044496674,0.27,0.06
1792,0.253389327129945,0.10821542098210922,0.14517390614783576,0.0,0.0,0.0,0.0,1.0243805044496674,0.27,0.06
1793,0.12061411716256175,0.02818334025577794,0.09243077690678381,0.0,0.0,0.0,0.0,1.0243805044496674,0.27,0.06
1794,0.12061411716256175,0.03463754031435304,0.08597657684820871,0.0,0.0,0.0,0.0,1.0243805044496674,0.27,0.06
1795,0.0897129797076905,0.02452596022258536,0.06518701948510514,0.0,0.0,0.0,0.0,1.0243805044496674,0.27,0.06
1796,0.0897129797076905,0.024956240226490428,0.06475673948120007,0.0,0.0,0.0,0.0,1.0243805044496674,0.27,0.06
1797,0.112041543546049,0.03377698030654304,0.07826456323950597,0.0,0.0,0.0,0.0,1.0243805044496674,0.27,0.06
1798,0.112041543546049,0.00258168002343004,0.10945986352261897,0.0,0.0,0.0,0.0,1.0243805044496674,0.27,0.06
1799,0.0283094291522045,0.0,0.0283094291522045,0.0,0.0,0.0,0.0,1.0243805044496674,0.27,0.06
1800,0.0283094291522045,0.0,0.0283094291522045,0.0,0.0,0.0,0.0,1.0243805044496674,0.27,0.06
1801,0.24681037528471325,0.0,0.24681037528471325,0.0,0.0,0.0,0.0,1.0243805044496674,0.27,0.06
1802,0.24681037528471325,0.0,0.24681037528471328,0.0,0.0,-2.7755575615628914e-17,0.0,1.0243805044496674,0.27,0.06
1803,0.0639952588581525,0.0,0.0639952588581525,0.0,0.0,0.0,0.0,1.0243805044496674,0.27,0.06
1804,0.0639952588581525,0.0,0.0639952588581525,0.0,0.0,0.0,0.0,1.0243805044496674,0.27,0.06
1805,0.0540271500017425,0.0,0.0540271500017425,0.0,0.0,0.0,0.0,1.0243805044496674,0.27,0.06
1806,0.0540271500017425,0.0,0.0540271500017425,0.0,0.0,0.0,0.0,1.0243805044496674,0.27,0.06
1807,0.0590112044299475,0.0,0.0590112044299475,0.0,0.0,0.0,0.0,1.0243805044496674,0.27,0.06
1808,0.0590112044299475,0.0,0.0590112044299475,0.0,0.0,0.0,0.0,1.0243805044496674,0.27,0.06
1809,0.04385967896820425,0.0,0.04385967896820425,0.0,0.0,0.0,0.0,1.0243805044496674,0.27,0.06
1810,0.04385967896820425,0.0,0.04385967896820425,0.0,0.0,0.0,0.0,1.0243805044496674,0.27,0.06
1811,0.0159489741702561,0.0,0.0,0.0,0.0,0.0159489741702561,0.0,1.0201834059838106,0.27,0.06
1812,0.0159489741702561,0.0,0.0159489741702561,0.0,0.0,0.0,0.0,1.0201834059838106,0.27,0.06
1813,0.021730477306973923,0.0,0.021730477306973923,0.0,0.0,0.0,0.0,1.0201834059838106,0.27,0.06
1814,0.021730477306973923,0.0,0.021730477306973923,0.0,0.0,0.0,0.0,1.0201834059838106,0.27,0.06
1815,0.019736855535691926,0.0,0.019736855535691926,0.0,0.0,0.0,0.0,1.0201834059838106,0.27,0.06
1816,0.019736855535691926,0.0,0.019736855535691926,0.0,0.0,0.0,0.0,1.0201834059838106,0.27,0.06
1817,0.0273126182665635,0.0,0.0273126182665635,0.0,0.0,0.0,0.0,1.0201834059838106,0.27,0.06
1818,0.0273126182665635,0.0,0.0273126182665635,0.0,0.0,0.0,0.0,1.0201834059838106,0.27,0.06
1819,0.02511963431815325,0.0,0.02511963431815325,0.0,0.0,0.0,0.0,1.0201834059838106,0.27,0.06
1820,0.02511963431815325,0.0,0.02511963431815325,0.0,0.0,0.0,0.0,1.0201834059838106,0.27,0.06
1821,0.0149521632846151,0.0,0.0,0.0,0.0,0.0149521632846151,0.0,1.0162486261720698,0.27,0.06
1822,0.0149521632846151,0.0,0.0149521632846151,0.0,0.0,0.0,0.0,1.0162486261720698,0.27,0.06
1823,0.02232856383835855,0.0,0.0,0.0,0.0,0.02232856383835855,0.0,1.0103726883198703,0.27,0.06
1824,0.02232856383835855,0.0,0.0,0.0,0.0,0.02232856383835855,0.0,1.0044967504676707,0.27,0.06
1825,0.0153508876388715,0.0,0.0,0.0,0.0,0.0153508876388715,0.0,1.0004570431942834,0.27,0.06
1826,0.0153508876388715,0.0,0.0153508876388715,0.0,0.0,0.0,0.0,1.0004570431942834,0.27,0.06
1827,0.02551835867240975,0.0,0.025518358672409924,0.0,0.0,0.0,0.0,1.0004570431942834,0.27,0.06
1828,0.02551835867240975,0.0,0.02551835867240975,0.0,0.0,0.0,0.0,1.0004570431942834,0.27,0.06
1829,0.143740129709433,0.0,0.143740129709433,0.0,0.0,0.0,0.0,1.0004570431942834,0.27,0.06
1830,0.143740129709433,0.0,0.143740129709433,0.0,0.0,0.0,0.0,1.0004570431942834,0.27,0.06
1831,0.21570987565271374,0.0,0.21570987565271374,0.0,0.0,0.0,0.0,1.0004570431942834,0.27,0.06
1832,0.21570987565271374,0.0,0.21570987565271374,0.0,0.0,0.0,0.0,1.0004570431942834,0.27,0.06
1833,0.05123607952194775,0.0,0.05123607952194775,0.0,0.0,0.0,0.0,1.0004570431942834,0.27,0.06
1834,0.05123607952194775,0.0,0.05123607952194775,0.0,0.0,0.0,0.0,1.0004570431942834,0.27,0.06
1835,0.034689018820307,0.0,0.034689018820307,0.0,0.0,0.0,0.0,1.0004570431942834,0.27,0.06
1836,0.034689018820307,0.0,0.034689018820307,0.0,0.0,0.0,0.0,1.0004570431942834,0.27,0.06
1837,0.0330941214032815,0.0,0.0330941214032815,0.0,0.0,0.0,0.0,1.0004570431942834,0.27,0.06
1838,0.0330941214032815,0.0,0.0330941214032815,0.0,0.0,0.0,0.0,1.0004570431942834,0.27,0.06
1839,0.02352473690112775,0.0,0.02352473690112775,0.0,0.0,0.0,0.0,1.0004570431942834,0.27,0.06
1840,0.02352473690112775,0.0,0.02352473690112775,0.0,0.0,0.0,0.0,1.0004570431942834,0.27,0.06
1841,0.02432218560964055,0.0,0.02432218560964055,0.0,0.0,0.0,0.0,1.0004570431942834,0.27,0.06
1842,0.02432218560964055,0.0,0.02432218560964055,0.0,0.0,0.0,0.0,1.0004570431942834,0.27,0.06
1843,0.03149922398625575,0.0,0.03149922398625575,0.0,0.0,0.0,0.0,1.0004570431942834,0.27,0.06
1844,0.03149922398625575,0.0,0.03149922398625575,0.0,0.0,0.0,0.0,1.0004570431942834,0.27,0.06
1845,0.02850879132933275,0.0,0.02850879132933275,0.0,0.0,0.0,0.0,1.0004570431942834,0.27,0.06
1846,0.02850879132933275,0.0,0.02850879132933275,0.0,0.0,0.0,0.0,1.0004570431942834,0.27,0.06
1847,0.0372807271229735,0.0,0.0372807271229735,0.0,0.0,0.0,0.0,1.0004570431942834,0.27,0.06
1848,0.0372807271229735,0.0,0.0372807271229735,0.0,0.0,0.0,0.0,1.0004570431942834,0.27,0.06
1849,0.03748008930010175,0.0,0.03748008930010175,0.0,0.0,0.0,0.0,1.0004570431942834,0.27,0.06
1850,0.03748008930010175,0.0,0.03748008930010175,0.0,0.0,0.0,0.0,1.0004570431942834,0.27,0.06
1851,0.02811006697507625,0.0,0.028110066975076453,0.0,0.0,0.0,0.0,1.0004570431942834,0.27,0.06
1852,0.02811006697507625,0.0,0.02811006697507625,0.0,0.0,0.0,0.0,1.0004570431942834,0.27,0.06
1853,0.04246414372830675,0.0,0.04246414372830675,0.0,0.0,0.0,0.0,1.0004570431942834,0.27,0.06
1854,0.04246414372830675,0.0,0.04246414372830675,0.0,0.0,0.0,0.0,1.0004570431942834,0.27,0.06
1855,0.03548646752881975,0.0,0.03548646752881975,0.0,0.0,0.0,0.0,1.0004570431942834,0.27,0.06
1856,0.03548646752881975,0.0,0.03548646752881979,0.0,0.0,0.0,0.0,1.0004570431942834,0.27,0.06
1857,0.0390749867171275,0.013768960124960199,0.025306026592167304,0.0,0.0,0.0,0.0,1.0004570431942834,0.27,0.06
1858,0.0390749867171275,0.02129886019329788,0.017776126523829622,0.0,0.0,0.0,0.0,1.0004570431942834,0.27,0.06
1859,0.029704964392102,0.027968200253825404,0.0,0.0,0.0,0.0017367641382765968,0.0,1.0,0.27,0.06
1860,0.029704964392102,0.03377698030654304,0.0,-3.469446951953614e-18,0.004072015914441042,0.0,0.0,1.0009671037796797,0.27,0.06
1861,0.02811006697507625,0.045824820415883205,0.0,0.0,0.017714753440806957,0.0,0.0,1.0051743577218712,0.27,0.06
1862,0.02811006697507625,0.054860700497888354,0.0,0.0,0.026750633522812105,0.0,0.0,1.011527633183539,0.27,0.06
1863,0.03389157011179425,0.04969734045102828,0.0,0.0,0.015805770339234027,0.0,0.0,1.0152815036391072,0.27,0.06
1864,0.03389157011179425,0.05507584049984085,0.0,0.0,0.0211842703880466,0.0,0.0,1.0203127678562682,0.27,0.06
1865,0.03050241310061475,0.07078106064237365,0.0,0.0,0.040278647541758895,0.0,0.0,1.029878946647436,0.27,0.06
1866,0.03050241310061475,0.12198438110706951,0.0,0.0,0.09148196800645475,0.0,0.0,1.051605914048969,0.27,0.06
1867,0.04226478155117875,0.1951319817709208,0.0,0.0,0.15286720021974207,0.0,0.0,1.0879118741011577,0.27,0.06
1868,0.04226478155117875,0.26139510237229197,0.0,0.0,0.21913032082111322,0.0,0.0,1.139955325296172,0.27,0.06
1869,0.03787881365435825,0.31840720288970514,0.0,0.0,0.2805283892353469,0.0,0.0,1.206580817739567,0.27,0.06
1870,0.03787881365435825,0.39564246359065386,0.0,3.3306690738754696e-16,0.3577636499362953,0.0,0.0,1.291549684599437,0.27,0.06
1871,0.39593326384039,0.41263852374490145,0.0,0.0,0.016705259904511438,0.0,0.0,1.2955171838267585,0.27,0.06
1872,0.39593326384039,0.2852756425890197,0.0,0.0,0.0,0.1106576212513703,0.0,1.266396757181661,0.27,0.06
1873,0.3979269254841075,0.39650302359846384,0.0,0.0,0.0,0.0014239018856436747,0.0,1.2660220461591232,0.27,0.06
1874,0.3979269254841075,0.3169012228760375,0.0,0.0,0.0,0.08102570260807002,0.0,1.24469949284121,0.27,0.06
1875,0.316387775102455,0.3059290827764601,0.0,0.0,0.0,0.010458692325994945,0.0,1.2419472053870009,0.27,0.06
1876,0.316387775102455,0.2723672424718694,0.0,0.0,0.0,0.04402053263058564,0.0,1.2303628546947416,0.27,0.06
1877,0.1758374402270735,0.5191328247113906,0.0,-5.551115123125783e-16,0.3432953844843176,0.0,0.0,1.311895508509767,0.27,0.06
1878,0.1758374402270735,0.49008892444780267,0.0,-6.661338147750939e-16,0.3142514842207298,0.0,0.0,1.3865302360121903,0.27,0.06
1879,0.18341320295794525,0.3949970435847959,0.0,0.0,0.21158384062685068,0.0,0.0,1.4367813981610673,0.27,0.06
1880,0.18341320295794525,0.37025594336025813,0.0,0.0,0.18684274040231288,0.0,0.0,1.4811565490066165,0.27,0.06
1881,0.2641548846948675,0.25859828234690924,0.0,0.0,0.0,0.005556602347958239,0.0,1.4796942852308381,0.27,0.06
1882,0.2641548846948675,0.2895784426280696,0.0,0.0,0.025423557933202112,0.0,0.0,1.4857323802399736,0.27,0.06
1883,0.2055424046191755,0.1755542415932427,0.0,0.0,0.0,0.029988163025932796,0.0,1.4778407583910438,0.27,0.06
1884,0.2055424046191755,0.21040692190954846,0.0,0.0,0.0048645172903729605,0.0,0.0,1.4789960812475074,0.27,0.06
1885,0.19936217712820126,0.2024467418373056,0.0,0.0,0.0030845647091043427,0.0,0.0,1.4797286653659196,0.27,0.06
1886,0.19936217712820126,0.1314505411929797,0.0,0.0,0.0,0.06791163593522156,0.0,1.4618571822250719,0.27,0.06
1887,0.14992035720040725,0.07035078063846863,0.0,0.0,0.0,0.07956957656193862,0.0,1.4409178199719301,0.27,0.06
1888,0.14992035720040725,0.07745040070290123,0.004943592112555351,0.0,0.0,0.06752636438495067,0.0,1.4231477240811536,0.27,0.06
1889,0.020733666421332925,0.0725021806579937,0.0,0.0,0.051768514236660776,0.0,0.0,1.4354427462123605,0.27,0.06
1890,0.020733666421332925,0.08433488076538138,0.0,-6.938893903907228e-17,0.06360121434404853,0.0,0.0,1.450548034619072,0.27,0.06
1891,0.07157102158902424,0.061960320562320974,0.0,-2.0816681711721685e-17,0.0,0.00961070102670325,0.0,1.4480189027699395,0.27,0.06
1892,0.07157102158902424,0.04087660037097563,0.0,0.0,0.0,0.030694421218048613,0.0,1.4399414235020318,0.27,0.06
1893,0.08532701181087,0.029259040265540444,0.0,0.0,0.0,0.05606797154532956,0.0,1.4251866941479978,0.27,0.06
1894,0.08532701181087,0.012693260115197696,0.0,0.0,0.0,0.07263375169567231,0.0,1.4060725489649262,0.27,0.06
1895,0.0946970341358955,0.0036573800331925616,0.09103965410270294,0.0,0.0,0.0,0.0,1.4060725489649262,0.27,0.06
1896,0.0946970341358955,0.0,0.0,-1.3877787807814457e-17,0.0,0.09469703413589549,0.0,1.381152276823901,0.27,0.06
1897,0.02950560221497375,0.0,0.0,0.0,0.0,0.02950560221497375,0.0,1.3733876446620659,0.27,0.06
1898,0.02950560221497375,0.0,0.0,0.0,0.0,0.02950560221497375,0.0,1.3656230125002307,0.27,0.06
1899,0.02212920166123035,0.0,0.0,0.0,0.0,0.02212920166123035,0.0,1.3597995383788544,0.27,0.06
1900,0.02212920166123035,0.0,0.0,0.0,0.0,0.02212920166123035,0.0,1.3539760642574779,0.27,0.06
1901,0.031698586163384,0.0,0.0,0.0,0.0,0.031698586163384,0.0,1.3456343310565873,0.27,0.06
1902,0.031698586163384,0.0,0.0,0.0,0.0,0.03169858616338428,0.0,1.3372925978556967,0.27,0.06
1903,0.0311004996319995,0.0,0.0,0.0,0.0,0.0311004996319995,0.0,1.3291082558472758,0.27,0.06
1904,0.0311004996319995,0.0,0.0,0.0,0.0,0.0311004996319995,0.0,1.3209239138388547,0.27,0.06
1905,0.060406739669845,0.0,0.0,0.0,0.0,0.060406739669845,0.0,1.3050274033994218,0.27,0.06
1906,0.060406739669845,0.0,-0.0,0.0,0.0,0.060406739669845,0.0,1.2891308929599892,0.27,0.06
1907,0.05382778782461425,0.0,0.0,6.938893903907228e-18,0.0,0.053827787824614254,0.0,1.2749656856377223,0.27,0.06
1908,0.05382778782461425,0.0,0.0,0.0,0.0,0.05382778782461425,0.0,1.2608004783154554,0.27,0.06
1909,0.02890751568358925,0.0,0.0,-3.469446951953614e-18,0.0,0.028907515683589246,0.0,1.2531932373460897,0.27,0.06
1910,0.02890751568358925,0.0,0.0,0.0,0.0,0.02890751568358925,0.0,1.2455859963767242,0.27,0.06
1911,0.02950560221497375,0.0,0.0,0.0,0.0,0.02950560221497375,0.0,1.237821364214889,0.27,0.06
1912,0.02950560221497375,0.0,0.0,0.0,0.0,0.02950560221497375,0.0,1.2300567320530538,0.27,0.06
1913,0.03548646752881975,0.0,0.0,0.0,0.0,0.03548646752881975,0.0,1.2207181879665223,0.27,0.06
1914,0.03548646752881975,0.0,0.0,2.7755575615628914e-17,0.0,0.03548646752881978,0.0,1.2113796438799909,0.27,0.06
1915,0.072368470297537,0.0,0.0,0.0,0.0,0.07236847029753717,0.0,1.1923353095911653,0.27,0.06
1916,0.072368470297537,0.0,0.072368470297537,0.0,0.0,0.0,0.0,1.1923353095911653,0.27,0.06
1917,0.12699370683066424,0.0,0.1269937068306644,0.0,0.0,-1.6653345369377348e-16,0.0,1.1923353095911653,0.27,0.06
1918,0.12699370683066424,0.0,0.1269937068306644,0.0,0.0,-1.6653345369377348e-16,0.0,1.1923353095911655,0.27,0.06
1919,0.0370813649458455,0.0,0.0,0.0,0.0,0.0370813649458455,0.0,1.1825770556580484,0.27,0.06
1920,0.0370813649458455,0.0,0.0,0.0,0.0,0.0370813649458455,0.0,1.172818801724931,0.27,0.06
1921,0.033692207934666,0.0,0.0,0.0,0.0,0.033692207934666,0.0,1.1639524312158083,0.27,0.06
1922,0.033692207934666,0.0,0.0,0.0,0.0,0.033692207934666,0.0,1.1550860607066857,0.27,0.06
1923,0.02192983948410215,0.0,0.0,0.0,0.0,0.02192983948410215,0.0,1.1493150503161327,0.27,0.06
1924,0.02192983948410215,0.0,0.0,3.469446951953614e-18,0.0,0.021929839484102154,0.0,1.1435440399255794,0.27,0.06
1925,0.021132390775589326,0.0,0.0,0.0,0.0,0.021132390775589326,0.0,1.137982884458319,0.27,0.06
1926,0.021132390775589326,0.0,0.0,3.469446951953614e-18,0.0,0.02113239077558933,0.0,1.1324217289910588,0.27,0.06
1927,0.02611644520379425,0.0,0.0,0.0,0.0,0.02611644520379425,0.0,1.1255489802532181,0.27,0.06
1928,0.02611644520379425,0.0,0.0,0.0,0.0,0.02611644520379425,0.0,1.1186762315153775,0.27,0.06
1929,0.0273126182665635,0.0,0.0,0.0,0.0,0.027312618266563282,0.0,1.1114887003925977,0.27,0.06
1930,0.0273126182665635,0.0,0.0273126182665635,0.0,0.0,0.0,0.0,1.1114887003925977,0.27,0.06
1931,0.033692207934666,0.0,0.0,0.0,0.0,0.033692207934666,0.0,1.1026223298834752,0.27,0.06
1932,0.033692207934666,0.0,0.03369220793466601,0.0,0.0,7.350023367713732e-16,0.0,1.102622329883475,0.27,0.06
1933,0.02771134262082,0.0,0.0,0.0,0.0,0.02771134262082,0.0,1.0953298712990487,0.27,0.06
1934,0.02771134262082,0.0,0.0,0.0,0.0,0.02771134262082,0.0,1.0880374127146224,0.27,0.06
1935,0.020933028598461124,0.0,0.0,3.469446951953614e-18,0.0,0.020933028598461127,0.0,1.0825287209781853,0.27,0.06
1936,0.020933028598461124,0.0,0.0,0.0,0.0,0.020933028598461124,0.0,1.0770200292417482,0.27,0.06
1937,0.0263158073809225,0.0,0.0,0.0,0.0,0.0263158073809225,0.0,1.0700948167730842,0.27,0.06
1938,0.0263158073809225,0.0,0.0,0.0,0.0,0.0263158073809225,0.0,1.0631696043044205,0.27,0.06
1939,0.02372409907825595,0.0,0.0,6.938893903907228e-18,0.0,0.023724099078255956,0.0,1.0569264203364583,0.27,0.06
1940,0.02372409907825595,0.0,0.02372409907825595,0.0,0.0,0.0,0.0,1.0569264203364583,0.27,0.06
1941,0.04545457638523,0.0,0.04545457638523,0.0,0.0,0.0,0.0,1.0569264203364583,0.27,0.06
1942,0.04545457638523,0.0,0.04545457638523,0.0,0.0,0.0,0.0,1.0569264203364583,0.27,0.06
1943,0.0380781758314865,0.0,0.0380781758314865,0.0,0.0,0.0,0.0,1.0569264203364583,0.27,0.06
1944,0.0380781758314865,0.0,0.0380781758314865,0.0,0.0,0.0,0.0,1.0569264203364583,0.27,0.06
1945,0.0263158073809225,0.0,0.0,0.0,0.0,0.0263158073809225,0.0,1.0500012078677945,0.27,0.06
1946,0.0263158073809225,0.0,0.0,0.0,0.0,0.0263158073809225,0.0,1.0430759953991307,0.27,0.06
1947,0.02791070479794825,0.0,0.0,0.0,0.0,0.02791070479794825,0.0,1.0357310730838811,0.27,0.06
1948,0.02791070479794825,0.0,0.0,0.0,0.0,0.02791070479794825,0.0,1.0283861507686316,0.27,0.06
1949,0.020135579889948324,0.0,0.0,0.0,0.0,0.020135579889948324,0.0,1.0230873139554872,0.27,0.06
1950,0.020135579889948324,0.0,0.0,6.938893903907228e-18,0.0,0.02013557988994833,0.0,1.017788477142343,0.27,0.06
1951,0.02212920166123035,0.0,0.0,0.0,0.0,0.02212920166123035,0.0,1.0119650030209666,0.27,0.06
1952,0.02212920166123035,0.001721120015620029,0.0,3.469446951953614e-18,0.0,0.020408081645610324,0.0,1.0065944552194903,0.27,0.06
1953,0.03887562453999925,0.014199240128865233,0.024676384411133956,0.0,0.0,0.0,0.0,1.0065944552194903,0.27,0.06
1954,0.03887562453999925,0.021729140197202842,0.01714648434279641,0.0,0.0,0.0,0.0,1.0065944552194903,0.27,0.06
1955,0.0372807271229735,0.027968200253825404,0.0,0.0,0.0,0.009312526869148095,0.0,1.004143790253925,0.27,0.06
1956,0.0372807271229735,0.033131560300685495,0.0,0.0,0.0,0.004149166822288004,0.0,1.0030519042480597,0.27,0.06
1957,0.05462523653312725,0.0387252003514506,0.015900036181676652,0.0,0.0,0.0,0.0,1.0030519042480597,0.27,0.06
1958,0.05462523653312725,0.043028000390500656,0.0,0.0,0.0,0.011597236142626595,0.0,1.0,0.27,0.06
1959,0.02751198044369175,0.04668538042369325,0.0,2.7755575615628914e-17,0.019173399980001476,0.0,0.0,1.0045536824952503,0.27,0.06
1960,0.02751198044369175,0.05227902047445833,0.0,0.0,0.02476704003076658,0.0,0.0,1.0104358545025574,0.27,0.06
1961,0.03050241310061475,0.06884480062480111,0.0,0.0,0.03834238752418636,0.0,0.0,1.0195421715395514,0.27,0.06
1962,0.03050241310061475,0.11402420103482679,0.0,1.942890293094024e-16,0.08352178793421183,0.0,0.0,1.0393785961739268,0.27,0.06
1963,0.02850879132933275,0.1800721816342457,0.0,0.0,0.15156339030491295,0.0,0.0,1.0753749013713436,0.27,0.06
1964,0.02850879132933275,0.24891698225904665,0.0,0.0,0.2204081909297139,0.0,0.0,1.1277218467171508,0.27,0.06
1965,0.0263158073809225,0.31367412284674995,0.0,0.0,0.28735831546582746,0.0,0.0,1.1959694466402848,0.27,0.06
1966,0.0263158073809225,0.37025594336025813,0.0,-4.996003610813204e-16,0.34394013597933615,0.0,0.0,1.277655228935377,0.27,0.06
1967,0.41267968671916,0.3872520035145062,0.0,0.0,0.0,0.025427683204653773,0.0,1.270963733355205,0.27,0.06
1968,0.41267968671916,0.42576206386400434,0.0,2.7755575615628914e-16,0.01308237714484406,0.0,0.0,1.2740707979271055,0.27,0.06
1969,0.40151540479998,0.4042480636687539,0.0,-7.216449660063518e-16,0.0027326588687746067,0.0,0.0,1.2747198044084396,0.27,0.06
1970,0.40151540479998,0.4188775838015242,0.0,0.0,0.017362179001544187,0.0,0.0,1.2788433219213062,0.27,0.06
1971,0.3237641756562,0.4530848441119723,0.0,0.0,0.12932066845577228,0.0,0.0,1.3095569806795522,0.27,0.06
1972,0.3237641756562,0.47438370430527005,0.0,0.0,0.15061952864907002,0.0,0.0,1.3453291187337062,0.27,0.06
1973,0.1897927926260475,0.5361288848656385,0.0,0.0,0.34633609223959094,0.0,0.0,1.4275839406406092,0.27,0.06
1974,0.1897927926260475,0.4442641040319199,0.0,0.0,0.2544713114058724,0.0,0.0,1.4880208770995038,0.27,0.06
1975,0.24182634079272575,0.33626382305176306,0.0,0.0,0.09443748225903731,0.0,0.0,1.5104497791360252,0.27,0.06
1976,0.24182634079272575,0.2687098624386769,0.0,0.0,0.026883521645951147,0.0,0.0,1.5168346155269385,0.27,0.06
1977,0.1917864143973295,0.23794484215946896,0.0,0.0,0.046158427762139465,0.0,0.0,1.5277972421204467,0.27,0.06
1978,0.1917864143973295,0.21557028195640837,0.0,0.0,0.02378386755907888,0.0,0.0,1.5334459106657279,0.27,0.06
1979,0.212320738577752,0.2231001820247459,0.0,-1.942890293094024e-16,0.010779443446994108,0.0,0.0,1.536006028484389,0.27,0.06
1980,0.212320738577752,0.19814394179825598,0.0,-1.3877787807814457e-17,0.0,0.014176796779496001,0.0,1.532275292489785,0.27,0.06
1981,0.2250798780415215,0.17835106161862524,0.0,0.0,0.0,0.04672881642289625,0.0,1.519978235536391,0.27,0.06
1982,0.2250798780415215,0.11918756108168692,0.0,0.0,0.0,0.10589231695983457,0.0,1.4921118363364347,0.27,0.06
1983,0.1907896035116885,0.09638272087472155,0.0,0.0,0.0,0.09440688263696695,0.0,1.4672679198530223,0.27,0.06
1984,0.1907896035116885,0.07658984069509125,0.0,0.0,0.0,0.11419976281659724,0.0,1.43721535069076,0.27,0.06
1985,0.20833347509897024,0.06755396061308608,0.0,0.0,0.0,0.14077951448588416,0.0,1.40016811003658,0.27,0.06
1986,0.20833347509897024,0.06389658057989356,0.0,0.0,0.0,0.14443689451907668,0.0,1.3621584009526124,0.27,0.06
1987,0.020135579889948324,0.05916350053693843,0.0,-6.938893903907228e-18,0.039027920646990115,0.0,0.0,1.3714275321062726,0.27,0.06
1988,0.020135579889948324,0.048191360437360754,0.0,0.0,0.02805578054741243,0.0,0.0,1.378090779986283,0.27,0.06
1989,0.1351675560929205,0.032486140294828034,0.09405651032071272,0.0,0.0,0.008624905477379752,0.0,1.3758210680185514,0.27,0.06
1990,0.1351675560929205,0.014199240128865233,0.12096831596405527,0.0,0.0,0.0,0.0,1.3758210680185514,0.27,0.06
1991,0.0877193579364085,0.0036573800331925616,0.0,0.0,0.0,0.08406197790321594,0.0,1.353699494886126,0.27,0.06
1992,0.0877193579364085,0.0,0.0877193579364084,0.0,0.0,0.0,0.0,1.353699494886126,0.27,0.06
1993,0.173445094101535,0.0,0.17344509410153508,0.0,0.0,-8.326672684688674e-17,0.0,1.353699494886126,0.27,0.06
1994,0.173445094101535,0.0,0.17344509410153508,0.0,0.0,-8.326672684688674e-17,0.0,1.353699494886126,0.27,0.06
1995,0.04784692251076825,0.0,0.0,0.0,0.0,0.04784692251076825,0.0,1.3411081994885554,0.27,0.06
1996,0.04784692251076825,0.0,0.0,-9.71445146547012e-17,0.0,0.04784692251076815,0.0,1.3285169040909848,0.27,0.06
1997,0.04625202509374275,0.0,0.0,0.0,0.0,0.04625202509374275,0.0,1.3163453185399998,0.27,0.06
1998,0.04625202509374275,0.0,0.0,0.0,0.0,0.04625202509374275,0.0,1.3041737329890153,0.27,0.06
1999,0.063397172326768,0.0,0.0,0.0,0.0,0.063397172326768,0.0,1.2874902665872343,0.27,0.06
2000,0.063397172326768,0.0,0.0,0.0,0.0,0.063397172326768,0.0,1.2708068001854533,0.27,0.06
2001,0.0470494738022555,0.0,0.0,0.0,0.0,0.0470494738022555,0.0,1.2584253597111754,0.27,0.06
2002,0.0470494738022555,0.0,0.0,0.0,0.0,0.0470494738022555,0.0,1.2460439192368977,0.27,0.06
2003,0.048644371219281,0.0,0.0,0.0,0.0,0.048644371219281,0.0,1.2332427689160341,0.27,0.06
2004,0.048644371219281,0.0,0.048644371219281,0.0,0.0,0.0,0.0,1.2332427689160341,0.27,0.06
2005,0.03987243542564025,0.0,0.0,0.0,0.0,0.03987243542564025,0.0,1.2227500227513919,0.27,0.06
2006,0.03987243542564025,0.0,0.0,0.0,0.0,0.03987243542564025,0.0,1.2122572765867499,0.27,0.06
2007,0.0171451472330253,0.0,0.0,0.0,0.0,0.0171451472330253,0.0,1.2077453957359536,0.27,0.06
2008,0.0171451472330253,0.0,0.0,0.0,0.0,0.0171451472330253,0.0,1.2032335148851574,0.27,0.06
2009,0.0253189964952815,0.0,0.0,0.0,0.0,0.0253189964952815,0.0,1.1965706210706097,0.27,0.06
2010,0.0253189964952815,0.0,0.0,0.0,0.0,0.0253189964952815,0.0,1.189907727256062,0.27,0.06
2011,0.0155502498159997,0.0,0.0,0.0,0.0,0.0155502498159997,0.0,1.1858155562518515,0.27,0.06
2012,0.0155502498159997,0.0,0.0,0.0,0.0,0.0155502498159997,0.0,1.181723385247641,0.27,0.06
2013,0.0301036887463585,0.0,0.0,0.0,0.0,0.0301036887463585,0.0,1.1738013618933363,0.27,0.06
2014,0.0301036887463585,0.0,0.0,0.0,0.0,0.0301036887463585,0.0,1.1658793385390314,0.27,0.06
2015,0.039673073248512,0.0,0.0,0.0,0.0,0.039673073248512,0.0,1.1554390561052124,0.27,0.06
2016,0.039673073248512,0.0,0.0,0.0,0.0,0.039673073248512,0.0,1.1449987736713936,0.27,0.06
2017,0.0320973105176405,0.0,0.0,0.0,0.0,0.032097310517640885,0.0,1.1365521130088565,0.27,0.06
2018,0.0320973105176405,0.0,0.0320973105176405,0.0,0.0,0.0,0.0,1.1365521130088565,0.27,0.06
2019,0.04425840332246075,0.0,0.04425840332246075,0.0,0.0,0.0,0.0,1.1365521130088565,0.27,0.06
2020,0.04425840332246075,0.0,0.04425840332246075,0.0,0.0,0.0,0.0,1.1365521130088565,0.27,0.06
2021,0.03628391623733275,0.0,0.0,0.0,0.0,0.03628391623733275,0.0,1.127003713999032,0.27,0.06
2022,0.03628391623733275,0.0,0.0,0.0,0.0,0.03628391623733275,0.0,1.1174553149892077,0.27,0.06
2023,0.0332934835804095,0.0,0.0,0.0,0.0,0.0332934835804095,0.0,1.1086938719417316,0.27,0.06
2024,0.0332934835804095,0.0,0.0,0.0,0.0,0.0332934835804095,0.0,1.0999324288942554,0.27,0.06
2025,0.03628391623733275,0.0,0.0,0.0,0.0,0.03628391623733275,0.0,1.090384029884431,0.27,0.06
2026,0.03628391623733275,0.0,0.0,0.0,0.0,0.03628391623733275,0.0,1.0808356308746065,0.27,0.06
2027,0.03847690018574275,0.0,0.0,0.0,0.0,0.03847690018574275,0.0,1.0707101308257267,0.27,0.06
2028,0.03847690018574275,0.0,0.0,0.0,0.0,0.03847690018574275,0.0,1.0605846307768472,0.27,0.06
2029,0.019736855535691926,0.0,0.019736855535692044,0.0,0.0,0.0,0.0,1.0605846307768472,0.27,0.06
2030,0.019736855535691926,0.0,0.019736855535691926,0.0,0.0,0.0,0.0,1.0605846307768472,0.27,0.06
2031,0.019936217712820125,0.0,0.01993621771282012,0.0,0.0,3.469446951953614e-18,0.0,1.0605846307768472,0.27,0.06
2032,0.019936217712820125,0.0,0.019936217712820125,0.0,0.0,0.0,0.0,1.0605846307768472,0.27,0.06
2033,0.02352473690112775,0.0,0.023524736901127746,0.0,0.0,3.469446951953614e-18,0.0,1.0605846307768472,0.27,0.06
2034,0.02352473690112775,0.0,0.0,0.0,0.0,0.02352473690112775,0.0,1.0543939105397082,0.27,0.06
2035,0.0540271500017425,0.0,0.0540271500017425,0.0,0.0,0.0,0.0,1.0543939105397082,0.27,0.06
2036,0.0540271500017425,0.0,0.0540271500017425,0.0,0.0,0.0,0.0,1.0543939105397082,0.27,0.06
2037,0.051634803876204,0.0,0.0,0.0,0.0,0.051634803876204,0.0,1.0408058042564967,0.27,0.06
2038,0.051634803876204,0.0,0.051634803876204,0.0,0.0,0.0,0.0,1.0408058042564967,0.27,0.06
2039,0.03349284575753775,0.0,0.0,-6.938893903907228e-18,0.0,0.03349284575753774,0.0,1.0319918974781974,0.27,0.06
2040,0.03349284575753775,0.0,0.0,0.0,0.0,0.03349284575753775,0.0,1.023177990699898,0.27,0.06
2041,0.0301036887463585,0.0,0.0,0.0,0.0,0.0301036887463585,0.0,1.015255967345593,0.27,0.06
2042,0.0301036887463585,0.0,0.0301036887463585,0.0,0.0,0.0,0.0,1.015255967345593,0.27,0.06
2043,0.03688200276871725,0.0,0.036882002768717316,0.0,0.0,-6.938893903907228e-17,0.0,1.015255967345593,0.27,0.06
2044,0.03688200276871725,0.0,0.03688200276871725,0.0,0.0,0.0,0.0,1.015255967345593,0.27,0.06
2045,0.2135168917043035,0.0,0.2135168917043035,0.0,0.0,0.0,0.0,1.015255967345593,0.27,0.06
2046,0.2135168917043035,0.0,0.2135168917043035,0.0,0.0,0.0,0.0,1.015255967345593,0.27,0.06
2047,0.07755188690287025,0.0,0.07755188690287025,0.0,0.0,0.0,0.0,1.015255967345593,0.27,0.06
2048,0.07755188690287025,0.0,0.07755188690287025,0.0,0.0,0.0,0.0,1.015255967345593,0.27,0.06
2049,0.04286286808256325,0.006884480062480107,0.0,0.0,0.0,0.035978388020083144,0.0,1.0057879704982027,0.27,0.06
2050,0.04286286808256325,0.02086858018939281,0.0,0.0,0.0,0.02199428789317044,0.0,1.0,0.27,0.06
2051,0.0450558520309735,0.05184874047055332,0.0,-5.551115123125783e-17,0.006792888439579876,0.0,0.0,1.0016133110044003,0.27,0.06
2052,0.0450558520309735,0.050773040460790855,0.0,0.0,0.005717188429817353,0.0,0.0,1.0029711432564818,0.27,0.06
2053,0.03149922398625575,0.07035078063846863,0.0,0.0,0.038851556652212876,0.0,0.0,1.0121983879613825,0.27,0.06
2054,0.03149922398625575,0.12284494111487927,0.0,0.0,0.09134571712862352,0.0,0.0,1.0338929957794305,0.27,0.06
2055,0.03389157011179425,0.11983298108754428,0.0,5.551115123125783e-16,0.08594141097574948,0.0,0.0,1.054304080886171,0.27,0.06
2056,0.03389157011179425,0.08498030077123886,0.0,5.273559366969494e-16,0.05108873065944408,0.0,0.0,1.066437654417789,0.27,0.06
2057,0.0322966726947685,0.07293246066189867,0.0,0.0,0.04063578796713017,0.0,0.0,1.0760886540599823,0.27,0.06
2058,0.0322966726947685,0.0748687206794712,0.0,0.0,0.0425720479847027,0.0,0.0,1.0861995154563493,0.27,0.06
2059,0.0340909322889225,0.11445448103873182,0.0,8.743006318923108e-16,0.08036354874980844,0.0,0.0,1.1052858582844287,0.27,0.06
2060,0.0340909322889225,0.1088608409879667,0.0,0.0,0.0747699086990442,0.0,0.0,1.123043711600452,0.27,0.06
2061,0.04146733284266575,0.11359392103092184,0.0,-1.5265566588595902e-16,0.07212658818825624,0.0,0.0,1.1401737762951627,0.27,0.06
2062,0.04146733284266575,0.23600858214189602,0.0,0.0,0.19454124929923028,0.0,0.0,1.1863773230037298,0.27,0.06
2063,0.39673073248512,0.13596848123398209,0.0,0.0,0.0,0.2607622512511379,0.0,1.117755677937641,0.27,0.06
2064,0.39673073248512,0.11854214107582949,0.2781885914092905,0.0,0.0,0.0,0.0,1.117755677937641,0.27,0.06
2065,0.4134771354276725,0.11918756108168692,0.0671088549165515,0.0,0.0,0.22718071942943407,0.0,1.05797127808779,0.27,0.06
2066,0.4134771354276725,0.10498832095282173,0.30848881447485077,0.0,0.0,0.0,0.0,1.05797127808779,0.27,0.06
2067,0.421651004626145,0.12822344116369205,0.29342756346245297,0.0,0.0,0.0,0.0,1.05797127808779,0.27,0.06
2068,0.421651004626145,0.08992852081614641,0.33172248380999836,0.0,0.0,8.43769498715119e-16,0.0,1.0579712780877897,0.27,0.06
2069,0.1818183055409195,0.08498030077123886,0.09683800476968063,0.0,0.0,0.0,0.0,1.0579712780877897,0.27,0.06
2070,0.1818183055409195,0.07960180072242631,0.0,0.0,0.0,0.10221650481849318,0.0,1.0310721978723967,0.27,0.06
2071,0.18959343044891924,0.1460800613257499,0.0,0.0,0.0,0.04351336912316933,0.0,1.0196213112610364,0.27,0.06
2072,0.18959343044891924,0.3416423231005756,0.0,-1.1102230246251565e-16,0.15204889265165644,0.0,0.0,1.0557329232658048,0.27,0.06
2073,0.26614850646615,0.32486140294828025,0.0,5.551115123125783e-17,0.058712896482130184,0.0,0.0,1.0696772361803106,0.27,0.06
2074,0.26614850646615,0.3087259028018425,0.0,-3.3306690738754696e-16,0.042577396335692796,0.0,0.0,1.0797893678100376,0.27,0.06
2075,0.19497620923138076,0.33325186302442766,0.0,0.0,0.1382756537930469,0.0,0.0,1.1126298355858864,0.27,0.06
2076,0.19497620923138076,0.31474982285651243,0.0,0.0,0.11977361362513167,0.0,0.0,1.141076068821855,0.27,0.06
2077,0.18620427343774,0.27430350248944224,0.0,0.0,0.08809922905170225,0.0,0.0,1.1619996357216342,0.27,0.06
2078,0.18620427343774,0.24439904221804387,0.0,0.0,0.058194768780303885,0.0,0.0,1.1758208933069565,0.27,0.06
2079,0.245813564399072,0.20266188183925837,0.0,0.0,0.0,0.04315168255981364,0.0,1.1644651873701635,0.27,0.06
2080,0.245813564399072,0.1643669614917129,0.08144660290735911,0.0,0.0,0.0,0.0,1.1644651873701635,0.27,0.06
2081,0.070374848526255,0.12392064112464202,0.0,3.608224830031759e-16,0.053545792598386655,0.0,0.0,1.1771823131122803,0.27,0.06
2082,0.070374848526255,0.09401618085324401,0.0,0.0,0.023641332326989006,0.0,0.0,1.1827971295399402,0.27,0.06
2083,0.02472090996389695,0.044533980404168186,0.0,0.0,0.019813070440271235,0.0,0.0,1.1875027337695045,0.27,0.06
2084,0.02472090996389695,0.02646222024015792,0.0,0.0,0.0017413102762609683,0.0,0.0,1.1879162949601165,0.27,0.06
2085,0.18540682472922726,0.022804840206965365,0.1626019845222619,0.0,0.0,0.0,0.0,1.1879162949601165,0.27,0.06
2086,0.18540682472922726,0.01290840011715021,0.17249842461207704,0.0,0.0,0.0,0.0,1.1879162949601165,0.27,0.06
2087,0.03289475922615325,0.00021514000195250356,0.0,0.0,0.0,0.03267961922420075,0.0,1.1793163951642742,0.27,0.06
2088,0.03289475922615325,0.0,0.0,0.0,0.0,0.03289475922615325,0.0,1.1706598795784444,0.27,0.06
2089,0.08353275221671624,0.0,0.08353275221671624,0.0,0.0,0.0,0.0,1.1706598795784444,0.27,0.06
2090,0.08353275221671624,0.0,0.08353275221671624,0.0,0.0,0.0,0.0,1.1706598795784444,0.27,0.06
2091,0.05283097693897325,0.0,0.0,0.0,0.0,0.05283097693897325,0.0,1.1567569909102935,0.27,0.06
2092,0.05283097693897325,0.0,0.05283097693897343,0.0,0.0,0.0,0.0,1.1567569909102935,0.27,0.06
2093,0.0490430955735375,0.0,0.0490430955735375,0.0,0.0,0.0,0.0,1.1567569909102935,0.27,0.06
2094,0.0490430955735375,0.0,0.0490430955735377,0.0,0.0,0.0,0.0,1.1567569909102935,0.27,0.06
2095,0.067384415869332,0.0,0.067384415869332,0.0,0.0,0.0,0.0,1.1567569909102935,0.27,0.06
2096,0.067384415869332,0.0,0.067384415869332,0.0,0.0,0.0,0.0,1.1567569909102935,0.27,0.06
2097,0.05821375572143475,0.0,0.05821375572143475,0.0,0.0,0.0,0.0,1.1567569909102935,0.27,0.06
2098,0.05821375572143475,0.0,0.05821375572143475,0.0,0.0,0.0,0.0,1.1567569909102933,0.27,0.06
2099,0.05023926863630675,0.0,0.0,0.0,0.0,0.05023926863630675,0.0,1.1435361307428442,0.27,0.06
2100,0.05023926863630675,0.0,0.0,0.0,0.0,0.05023926863630675,0.0,1.1303152705753952,0.27,0.06
2101,0.04824564686502475,0.0,0.04824564686502475,0.0,0.0,0.0,0.0,1.1303152705753952,0.27,0.06
2102,0.04824564686502475,0.0,0.04824564686502475,0.0,0.0,0.0,0.0,1.1303152705753952,0.27,0.06
2103,0.02212920166123035,0.0,0.0,0.0,0.0,0.02212920166123035,0.0,1.1244917964540189,0.27,0.06
2104,0.02212920166123035,0.0,0.0,0.0,0.0,0.02212920166123035,0.0,1.1186683223326424,0.27,0.06
2105,0.021730477306973923,0.0,0.021730477306973923,0.0,0.0,0.0,0.0,1.1186683223326424,0.27,0.06
2106,0.021730477306973923,0.0,0.021730477306973923,0.0,0.0,0.0,0.0,1.1186683223326424,0.27,0.06
2107,0.04784692251076825,0.0,0.04784692251076825,0.0,0.0,0.0,0.0,1.1186683223326424,0.27,0.06
2108,0.04784692251076825,0.0,0.04784692251076823,0.0,0.0,1.3877787807814457e-17,0.0,1.1186683223326424,0.27,0.06
2109,0.15849293081692,0.0,0.15849293081692,0.0,0.0,0.0,0.0,1.1186683223326424,0.27,0.06
2110,0.15849293081692,0.0,0.15849293081692,0.0,0.0,0.0,0.0,1.1186683223326424,0.27,0.06
2111,0.09928236420984425,0.0,0.09928236420984425,0.0,0.0,0.0,0.0,1.1186683223326424,0.27,0.06
2112,0.09928236420984425,0.0,0.09928236420984425,0.0,0.0,0.0,0.0,1.1186683223326424,0.27,0.06
2113,0.04884373339640925,0.0,0.04884373339640925,0.0,0.0,0.0,0.0,1.1186683223326424,0.27,0.06
2114,0.04884373339640925,0.0,0.0,0.0,0.0,0.04884373339640925,0.0,1.1058147082809557,0.27,0.06
2115,0.0410686084884095,0.0,0.0,0.0,0.0,0.0410686084884095,0.0,1.0950071797313743,0.27,0.06
2116,0.0410686084884095,0.0,0.0,0.0,0.0,0.0410686084884095,0.0,1.0841996511817928,0.27,0.06
2117,0.03389157011179425,0.0,0.0,0.0,0.0,0.03389157011179425,0.0,1.0752808169418469,0.27,0.06
2118,0.03389157011179425,0.0,0.03389157011179425,0.0,0.0,0.0,0.0,1.0752808169418469,0.27,0.06
2119,0.02312601254687135,0.0,0.023126012546871338,0.0,0.0,1.3877787807814457e-17,0.0,1.0752808169418469,0.27,0.06
2120,0.02312601254687135,0.0,0.02312601254687135,0.0,0.0,0.0,0.0,1.0752808169418469,0.27,0.06
2121,0.03289475922615325,0.0,0.03289475922615325,0.0,0.0,0.0,0.0,1.0752808169418469,0.27,0.06
2122,0.03289475922615325,0.0,0.03289475922615325,0.0,0.0,0.0,0.0,1.0752808169418469,0.27,0.06
2123,0.026714531735179,0.0,0.0,0.0,0.0,0.026714531735179,0.0,1.0682506770115365,0.27,0.06
2124,0.026714531735179,0.0,0.0,0.0,0.0,0.026714531735179,0.0,1.0612205370812264,0.27,0.06
2125,0.03389157011179425,0.0,0.03389157011179425,0.0,0.0,0.0,0.0,1.0612205370812264,0.27,0.06
2126,0.03389157011179425,0.0,0.0,0.0,0.0,0.03389157011179425,0.0,1.0523017028412807,0.27,0.06
2127,0.0340909322889225,0.0,0.0340909322889225,0.0,0.0,0.0,0.0,1.0523017028412807,0.27,0.06
2128,0.0340909322889225,0.0,0.0,0.0,0.0,0.0340909322889225,0.0,1.0433304048705117,0.27,0.06
2129,0.02591708302666625,0.0,0.0,0.0,0.0,0.02591708302666625,0.0,1.036510119863494,0.27,0.06
2130,0.02591708302666625,0.0,0.02591708302666625,0.0,0.0,0.0,0.0,1.036510119863494,0.27,0.06
2131,0.03289475922615325,0.0,0.03289475922615326,0.0,0.0,0.0,0.0,1.036510119863494,0.27,0.06
2132,0.03289475922615325,0.0,0.032894759226153245,0.0,0.0,6.938893903907228e-18,0.0,1.036510119863494,0.27,0.06
2133,0.03149922398625575,0.0,0.03149922398625575,0.0,0.0,0.0,0.0,1.036510119863494,0.27,0.06
2134,0.03149922398625575,0.0,0.03149922398625575,0.0,0.0,0.0,0.0,1.036510119863494,0.27,0.06
2135,0.029704964392102,0.0,0.0,-3.469446951953614e-18,0.0,0.029704964392101997,0.0,1.0286930239708356,0.27,0.06
2136,0.029704964392102,0.0,0.0,0.0,0.0,0.029704964392102,0.0,1.0208759280781772,0.27,0.06
2137,0.04445776549958875,0.0,0.0,0.0,0.0,0.04445776549958875,0.0,1.0091765161046011,0.27,0.06
2138,0.04445776549958875,0.0,0.04445776549958875,0.0,0.0,0.0,0.0,1.0091765161046011,0.27,0.06
2139,0.0360845540602045,0.0,0.0360845540602045,0.0,0.0,0.0,0.0,1.0091765161046011,0.27,0.06
2140,0.0360845540602045,0.0,0.0360845540602045,0.0,0.0,0.0,0.0,1.0091765161046011,0.27,0.06
2141,0.0976874667928185,0.0,0.0976874667928185,0.0,0.0,0.0,0.0,1.0091765161046011,0.27,0.06
2142,0.0976874667928185,0.0,0.0976874667928185,0.0,0.0,0.0,0.0,1.0091765161046011,0.27,0.06
2143,0.04425840332246075,0.0,0.04425840332246075,0.0,0.0,0.0,0.0,1.0091765161046011,0.27,0.06
2144,0.04425840332246075,0.0,0.04425840332246075,0.0,0.0,0.0,0.0,1.0091765161046011,0.27,0.06
2145,0.0777512490799985,0.002366540021477539,0.07538470905852096,0.0,0.0,0.0,0.0,1.0091765161046011,0.27,0.06
2146,0.0777512490799985,0.013984100126912714,0.06376714895308579,0.0,0.0,0.0,0.0,1.0091765161046011,0.27,0.06
2147,0.03548646752881975,0.025171380228442886,0.010315087300376866,0.0,0.0,0.0,0.0,1.0091765161046011,0.27,0.06
2148,0.03548646752881975,0.051203320464695806,0.0,6.245004513516506e-17,0.01571685293587599,0.0,0.0,1.0129092686768717,0.27,0.06
2149,0.03448965664317875,0.026247080238205406,0.0,0.0,0.0,0.008242576404973341,0.0,1.0107401696229312,0.27,0.06
2150,0.03448965664317875,0.06862966062284859,0.0,-8.465450562766819e-16,0.03414000397967069,0.0,0.0,1.018848420568103,0.27,0.06
2151,0.028708153506461,0.05808780052717593,0.0,0.0,0.02937964702071493,0.0,0.0,1.025826086735523,0.27,0.06
2152,0.028708153506461,0.11553018104849436,0.0,0.0,0.08682202754203336,0.0,0.0,1.0464463182767558,0.27,0.06
2153,0.02392346125538415,0.16910004153466768,0.0,0.0,0.14517658027928354,0.0,0.0,1.0809257560930856,0.27,0.06
2154,0.02392346125538415,0.06303602057208353,0.0,0.0,0.03911255931669938,0.0,0.0,1.0902149889308017,0.27,0.06
2155,0.03528710535169175,0.09251020083957646,0.0,0.0,0.05722309548788471,0.0,0.0,1.1038054741091743,0.27,0.06
2156,0.03528710535169175,0.08670142078685888,0.0,-3.469446951953614e-17,0.05141431543516717,0.0,0.0,1.1160163740250264,0.27,0.06
2157,0.03189794834051225,0.1725422815659077,0.0,0.0,0.14064433322539543,0.0,0.0,1.149419403166058,0.27,0.06
2158,0.03189794834051225,0.1036974809411067,0.0,-6.800116025829084e-16,0.07179953260059513,0.0,0.0,1.1664717921586993,0.27,0.06
2159,0.4100879784164925,0.10757000097625168,0.30251797744024084,0.0,0.0,0.0,0.0,1.1664717921586993,0.27,0.06
2160,0.4100879784164925,0.21987308199545874,-0.0,0.0,0.0,0.19021489642104067,0.0,1.1164152404689518,0.27,0.06
2161,0.4116829157059525,0.08239862074780878,0.3292842949581437,0.0,0.0,0.0,0.0,1.1164152404689518,0.27,0.06
2162,0.4116829157059525,0.09143450082981401,0.3202484148761385,0.0,0.0,0.0,0.0,1.1164152404689518,0.27,0.06
2163,0.360646178424915,0.22331532202669857,0.1373308563982164,0.0,0.0,0.0,0.0,1.1164152404689518,0.27,0.06
2164,0.360646178424915,0.22266990202084141,0.13797627640407356,0.0,0.0,0.0,0.0,1.1164152404689518,0.27,0.06
2165,0.1668661422563045,0.1292991411734545,0.03756700108284999,0.0,0.0,0.0,0.0,1.1164152404689518,0.27,0.06
2166,0.1668661422563045,0.11488476104263681,0.05198138121366769,0.0,0.0,0.0,0.0,1.1164152404689518,0.27,0.06
2167,0.25259187842143,0.06905994062675358,0.18353193779467641,0.0,0.0,0.0,0.0,1.1164152404689518,0.27,0.06
2168,0.25259187842143,0.05830294052912843,0.19428893789230184,0.0,0.0,0.0,0.0,1.1164152404689518,0.27,0.06
2169,0.1977672797111755,0.05227902047445833,0.14548825923671715,0.0,0.0,0.0,0.0,1.1164152404689518,0.27,0.06
2170,0.1977672797111755,0.06239060056622599,0.1353766791449491,0.0,0.0,0.0,0.0,1.1164152404689518,0.27,0.06
2171,0.191188327865945,0.050988180462743275,0.14020014740320172,0.0,0.0,0.0,0.0,1.1164152404689518,0.27,0.06
2172,0.191188327865945,0.06131490055646347,0.12987342730948154,0.0,0.0,0.0,0.0,1.1164152404689518,0.27,0.06
2173,0.232855022885739,0.06260574056817855,0.17024928231756054,0.0,0.0,0.0,0.0,1.1164152404689518,0.27,0.06
2174,0.232855022885739,0.060024060544748487,0.17283096234099052,0.0,0.0,0.0,0.0,1.1164152404689518,0.27,0.06
2175,0.18141958118666324,0.050988180462743275,0.13043140072391995,0.0,0.0,0.0,0.0,1.1164152404689518,0.27,0.06
2176,0.18141958118666324,0.05206388047250582,0.12935570071415742,0.0,0.0,0.0,0.0,1.1164152404689518,0.27,0.06
2177,0.18999215480317574,0.028828760261635458,0.16116339454154027,0.0,0.0,0.0,0.0,1.1164152404689518,0.27,0.06
2178,0.18999215480317574,0.029474180267492923,0.1605179745356828,0.0,0.0,0.0,0.0,1.1164152404689518,0.27,0.06
2179,0.18102085683240676,0.02818334025577794,0.1528375165766288,0.0,0.0,0.0,0.0,1.1164152404689518,0.27,0.06
2180,0.18102085683240676,0.015490080140580243,0.16553077669182653,0.0,0.0,0.0,0.0,1.1164152404689518,0.27,0.06
2181,0.030701775277743,0.01828690016596279,0.012414875111780077,0.0,0.0,0.0,0.0,1.1164152404689518,0.27,0.06
2182,0.030701775277743,0.0034422400312400536,0.027259535246502944,0.0,0.0,0.0,0.0,1.1164152404689518,0.27,0.06
2183,0.11822177103702325,0.0,0.11822177103702325,0.0,0.0,0.0,0.0,1.1164152404689518,0.27,0.06
2184,0.11822177103702325,0.0,0.11822177103702325,0.0,0.0,0.0,0.0,1.1164152404689518,0.27,0.06
2185,0.2284690549889185,0.0,0.2284690549889185,0.0,0.0,0.0,0.0,1.1164152404689518,0.27,0.06
2186,0.2284690549889185,0.0,0.2284690549889185,0.0,0.0,0.0,0.0,1.1164152404689518,0.27,0.06
2187,0.0490430955735375,0.0,0.0490430955735375,0.0,0.0,0.0,0.0,1.1164152404689518,0.27,0.06
2188,0.0490430955735375,0.0,0.0490430955735375,0.0,0.0,0.0,0.0,1.1164152404689518,0.27,0.06
2189,0.04385967896820425,0.0,0.04385967896820425,0.0,0.0,0.0,0.0,1.1164152404689518,0.27,0.06
2190,0.04385967896820425,0.0,0.04385967896820425,0.0,0.0,0.0,0.0,1.1164152404689518,0.27,0.06
2191,0.06618824280656276,0.0,0.06618824280656276,0.0,0.0,0.0,0.0,1.1164152404689518,0.27,0.06
2192,0.06618824280656276,0.0,0.06618824280656276,0.0,0.0,0.0,0.0,1.1164152404689518,0.27,0.06
2193,0.057416307012922,0.0,0.057416307012922,0.0,0.0,0.0,0.0,1.1164152404689518,0.27,0.06
2194,0.057416307012922,0.0,0.057416307012921663,0.0,0.0,0.0,0.0,1.1164152404689518,0.27,0.06
2195,0.06539079409805,0.0,0.06539079409805,0.0,0.0,0.0,0.0,1.1164152404689518,0.27,0.06
2196,0.06539079409805,0.0,0.06539079409805,0.0,0.0,0.0,0.0,1.1164152404689518,0.27,0.06
2197,0.05123607952194775,0.0,0.05123607952194775,0.0,0.0,0.0,0.0,1.1164152404689518,0.27,0.06
2198,0.05123607952194775,0.0,0.05123607952194775,0.0,0.0,0.0,0.0,1.1164152404689518,0.27,0.06
2199,0.02990432656923025,0.0,0.0,0.0,0.0,0.02990432656923025,0.0,1.1085456808454701,0.27,0.06
2200,0.02990432656923025,0.0,0.02990432656923025,0.0,0.0,0.0,0.0,1.1085456808454701,0.27,0.06
2201,0.02591708302666625,0.0,0.0,0.0,0.0,0.02591708302666625,0.0,1.1017253958384527,0.27,0.06
2202,0.02591708302666625,0.0,0.0,0.0,0.0,0.02591708302666625,0.0,1.0949051108314354,0.27,0.06
2203,0.1371611778642025,0.0,0.1371611778642025,0.0,0.0,0.0,0.0,1.0949051108314354,0.27,0.06
2204,0.1371611778642025,0.0,0.1371611778642025,0.0,0.0,0.0,0.0,1.0949051108314354,0.27,0.06
2205,0.045653938562358,0.0,0.045653938562358,0.0,0.0,0.0,0.0,1.0949051108314354,0.27,0.06
2206,0.045653938562358,0.0,0.045653938562358,0.0,0.0,0.0,0.0,1.0949051108314354,0.27,0.06
2207,0.04924245775066575,0.0,0.04924245775066575,0.0,0.0,0.0,0.0,1.0949051108314354,0.27,0.06
2208,0.04924245775066575,0.0,0.04924245775066575,0.0,0.0,0.0,0.0,1.0949051108314354,0.27,0.06
2209,0.03149922398625575,0.0,0.03149922398625576,0.0,0.0,0.0,0.0,1.0949051108314354,0.27,0.06
2210,0.03149922398625575,0.0,0.03149922398625575,0.0,0.0,0.0,0.0,1.0949051108314354,0.27,0.06
2211,0.02551835867240975,0.0,0.025518358672409744,0.0,0.0,6.938893903907228e-18,0.0,1.0949051108314354,0.27,0.06
2212,0.02551835867240975,0.0,0.0,0.0,0.0,0.02551835867240975,0.0,1.0881897532860645,0.27,0.06
2213,0.02811006697507625,0.0,0.0,0.0,0.0,0.02811006697507625,0.0,1.0807923672399917,0.27,0.06
2214,0.02811006697507625,0.0,0.0,0.0,0.0,0.02811006697507625,0.0,1.073394981193919,0.27,0.06
2215,0.030701775277743,0.0,0.030701775277743,0.0,0.0,0.0,0.0,1.073394981193919,0.27,0.06
2216,0.030701775277743,0.0,0.030701775277743,0.0,0.0,0.0,0.0,1.073394981193919,0.27,0.06
2217,0.03349284575753775,0.0,0.03349284575753775,0.0,0.0,0.0,0.0,1.073394981193919,0.27,0.06
2218,0.03349284575753775,0.0,0.03349284575753775,0.0,0.0,0.0,0.0,1.073394981193919,0.27,0.06
2219,0.03648327841446075,0.0,0.03648327841446075,0.0,0.0,0.0,0.0,1.073394981193919,0.27,0.06
2220,0.03648327841446075,0.0,0.03648327841446075,0.0,0.0,0.0,0.0,1.073394981193919,0.27,0.06
2221,0.02850879132933275,0.0,0.02850879132933275,0.0,0.0,0.0,0.0,1.073394981193919,0.27,0.06
2222,0.02850879132933275,0.0,0.02850879132933275,0.0,0.0,0.0,0.0,1.073394981193919,0.27,0.06
2223,0.028708153506461,0.0,0.02870815350646099,0.0,0.0,6.938893903907228e-18,0.0,1.073394981193919,0.27,0.06
2224,0.028708153506461,0.0,0.028708153506461,0.0,0.0,0.0,0.0,1.073394981193919,0.27,0.06
2225,0.021531115129845724,0.0,0.0,0.0,0.0,0.021531115129845724,0.0,1.0677288982650122,0.27,0.06
2226,0.021531115129845724,0.0,0.0,0.0,0.0,0.021531115129845724,0.0,1.0620628153361054,0.27,0.06
2227,0.03349284575753775,0.0,0.03349284575753775,0.0,0.0,0.0,0.0,1.0620628153361054,0.27,0.06
2228,0.03349284575753775,0.0,0.03349284575753775,0.0,0.0,0.0,0.0,1.0620628153361054,0.27,0.06
2229,0.0390749867171275,0.0,0.0390749867171275,0.0,0.0,0.0,0.0,1.0620628153361054,0.27,0.06
2230,0.0390749867171275,0.0,0.0390749867171275,0.0,0.0,0.0,0.0,1.0620628153361054,0.27,0.06
2231,0.040669884134153,0.0,0.040669884134153,0.0,0.0,0.0,0.0,1.0620628153361054,0.27,0.06
2232,0.040669884134153,0.0,0.040669884134153,0.0,0.0,0.0,0.0,1.0620628153361054,0.27,0.06
2233,0.0490430955735375,0.0,0.0490430955735377,0.0,0.0,0.0,0.0,1.0620628153361054,0.27,0.06
2234,0.0490430955735375,0.0,0.0490430955735375,0.0,0.0,0.0,0.0,1.0620628153361054,0.27,0.06
2235,0.12200965240245926,0.0,0.12200965240245926,0.0,0.0,0.0,0.0,1.0620628153361054,0.27,0.06
2236,0.12200965240245926,0.0,0.12200965240245923,0.0,0.0,2.7755575615628914e-17,0.0,1.0620628153361054,0.27,0.06
2237,0.054425874355999,0.0,0.054425874355999,0.0,0.0,0.0,0.0,1.0620628153361054,0.27,0.06
2238,0.054425874355999,0.0,0.054425874355999,0.0,0.0,0.0,0.0,1.0620628153361054,0.27,0.06
2239,0.1154307005572285,0.0,0.1154307005572285,0.0,0.0,0.0,0.0,1.0620628153361054,0.27,0.06
2240,0.1154307005572285,0.0,0.1154307005572285,0.0,0.0,0.0,0.0,1.0620628153361054,0.27,0.06
2241,0.03688200276871725,0.017426340158152778,0.0,0.0,0.0,0.01945566261056447,0.0,1.056942904122799,0.27,0.06
2242,0.03688200276871725,0.02990446027139801,0.0,0.0,0.0,0.006977542497319238,0.0,1.0551067087287676,0.27,0.06
2243,0.032695397049025,0.03571324032411554,0.0,3.469446951953614e-17,0.003017843275090505,0.0,0.0,1.0558234465066016,0.27,0.06
2244,0.032695397049025,0.03851006034949811,0.0,0.0,0.005814663300473109,0.0,0.0,1.0572044290404639,0.27,0.06
2245,0.030701775277743,0.045394540411978226,0.0,0.0,0.014692765134235227,0.0,0.0,1.0606939607598447,0.27,0.06
2246,0.030701775277743,0.05206388047250582,0.0,0.0,0.02136210519476282,0.0,0.0,1.065767460743601,0.27,0.06
2247,0.02272728819261495,0.059593780540843425,0.0,0.0,0.036866492348228475,0.0,0.0,1.0745232526763053,0.27,0.06
2248,0.02272728819261495,0.06733882061113357,0.0,0.0,0.04461153241851862,0.0,0.0,1.0851184916257035,0.27,0.06
2249,0.0312998618091275,0.10326720093720165,0.0,1.942890293094024e-16,0.07196733912807396,0.0,0.0,1.102210734668621,0.27,0.06
2250,0.0312998618091275,0.15339482139213498,0.0,0.0,0.12209495958300748,0.0,0.0,1.1312082875695852,0.27,0.06
2251,0.0283094291522045,0.1787813416225302,0.0,0.0,0.1504719124703257,0.0,0.0,1.1669453667812877,0.27,0.06
2252,0.0283094291522045,0.17749050161081523,0.0,0.0,0.14918107245861073,0.0,0.0,1.2023758714902077,0.27,0.06
2253,0.03189794834051225,0.2005104818197333,0.0,0.0,0.16861253347922106,0.0,0.0,1.2424213481915227,0.27,0.06
2254,0.03189794834051225,0.19577740177677794,0.0,0.0,0.1638794534362657,0.0,0.0,1.2813427183826358,0.27,0.06
2255,0.3981262677250175,0.24439904221804387,0.15372722550697365,0.0,0.0,0.0,0.0,1.2813427183826358,0.27,0.06
2256,0.3981262677250175,0.22783326206770105,0.17029300565731648,0.0,0.0,0.0,0.0,1.2813427183826358,0.27,0.06
2257,0.4098886361755825,0.13510792122617227,0.2747807149494106,0.0,0.0,0.0,0.0,1.2813427183826358,0.27,0.06
2258,0.4098886361755825,0.15877332144094744,0.2511153147346351,0.0,0.0,0.0,0.0,1.2813427183826358,0.27,0.06
2259,0.358253852235595,0.18028732163619787,0.17796653059939693,0.0,0.0,-8.43769498715119e-16,0.0,1.281342718382636,0.27,0.06
2260,0.358253852235595,0.3478813831571983,0.010372469078396729,0.0,0.0,0.0,0.0,1.281342718382636,0.27,0.06
2261,0.16925848838184274,0.5806628652698067,0.0,4.440892098500626e-16,0.4114043768879635,0.0,0.0,1.3790512578935274,0.27,0.06
2262,0.16925848838184274,0.49977022453566583,0.0,0.0,0.3305117361538231,0.0,0.0,1.4575477952300604,0.27,0.06
2263,0.257575952785855,0.41478992376442636,0.0,0.0,0.15721397097857137,0.0,0.0,1.4948861133374711,0.27,0.06
2264,0.257575952785855,0.2583831423449569,0.0,0.0,0.0008071895591019174,0.0,0.0,1.4950778208577578,0.27,0.06
2265,0.18959343044891924,0.26376164239376915,0.0,0.0,0.0741682119448499,0.0,0.0,1.5126927711946596,0.27,0.06
2266,0.18959343044891924,0.1454346413198925,0.04415878912902674,0.0,0.0,0.0,0.0,1.5126927711946596,0.27,0.06
2267,0.183213840780817,0.21535514195445593,0.0,0.0,0.03214130117363892,0.0,0.0,1.520326330223399,0.27,0.06
2268,0.183213840780817,0.13596848123398209,0.047245359546834925,0.0,0.0,0.0,0.0,1.520326330223399,0.27,0.06
2269,0.24302249391927724,0.11402420103482679,0.12899829288445047,0.0,0.0,0.0,0.0,1.520326330223399,0.27,0.06
2270,0.24302249391927724,0.14349838130232004,0.09952411261695726,0.0,0.0,0.0,0.0,1.520326330223399,0.27,0.06
2271,0.1925838631058425,0.1178967210699718,0.0746871420358707,0.0,0.0,0.0,0.0,1.520326330223399,0.27,0.06
2272,0.1925838631058425,0.10477318095086918,0.08781068215497331,0.0,0.0,0.0,0.0,1.520326330223399,0.27,0.06
2273,0.182217029895176,0.08541058077514384,0.09680644912003215,0.0,0.0,0.0,0.0,1.520326330223399,0.27,0.06
2274,0.182217029895176,0.08024722072828383,0.10196980916689216,0.0,0.0,0.0,0.0,1.520326330223399,0.27,0.06
2275,0.2517944297129175,0.0570121005174134,0.1947823291955041,0.0,0.0,0.0,0.0,1.520326330223399,0.27,0.06
2276,0.2517944297129175,0.04259772038659568,0.2091967093263218,0.0,0.0,0.0,0.0,1.520326330223399,0.27,0.06
2277,0.1411484214067665,0.027968200253825404,0.1131802211529411,0.0,0.0,0.0,0.0,1.520326330223399,0.27,0.06
2278,0.1411484214067665,0.016996060154247778,0.12415236125251873,0.0,0.0,0.0,0.0,1.520326330223399,0.27,0.06
2279,0.04047052195702475,0.006884480062480107,0.033586041894544644,0.0,0.0,0.0,0.0,1.520326330223399,0.27,0.06
2280,0.04047052195702475,0.0,0.04047052195702475,0.0,0.0,0.0,0.0,1.520326330223399,0.27,0.06
2281,0.1570973955770225,0.0,0.1570973955770225,0.0,0.0,0.0,0.0,1.520326330223399,0.27,0.06
2282,0.1570973955770225,0.0,0.1570973955770225,0.0,0.0,0.0,0.0,1.520326330223399,0.27,0.06
2283,0.03050241310061475,0.0,0.03050241310061475,0.0,0.0,0.0,0.0,1.520326330223399,0.27,0.06
2284,0.03050241310061475,0.0,0.03050241310061475,0.0,0.0,0.0,0.0,1.520326330223399,0.27,0.06
2285,0.052432252584717,0.0,0.052432252584717,0.0,0.0,0.0,0.0,1.520326330223399,0.27,0.06
2286,0.052432252584717,0.0,0.052432252584717,0.0,0.0,0.0,0.0,1.520326330223399,0.27,0.06
2287,0.06459334538953725,0.0,0.06459334538953725,0.0,0.0,0.0,0.0,1.520326330223399,0.27,0.06
2288,0.06459334538953725,0.0,0.06459334538953725,0.0,0.0,0.0,0.0,1.520326330223399,0.27,0.06
2289,0.0600080153155885,0.0,0.0600080153155885,0.0,0.0,0.0,0.0,1.520326330223399,0.27,0.06
2290,0.0600080153155885,0.0,0.0600080153155885,0.0,0.0,0.0,0.0,1.520326330223399,0.27,0.06
2291,0.0450558520309735,0.0,0.0450558520309735,0.0,0.0,0.0,0.0,1.520326330223399,0.27,0.06
2292,0.0450558520309735,0.0,0.0450558520309735,0.0,0.0,0.0,0.0,1.520326330223399,0.27,0.06
2293,0.03748008930010175,0.0,0.03748008930010175,0.0,0.0,0.0,0.0,1.520326330223399,0.27,0.06
2294,0.03748008930010175,0.0,0.03748008930010175,0.0,0.0,0.0,0.0,1.520326330223399,0.27,0.06
2295,0.02292665036974315,0.0,0.02292665036974315,0.0,0.0,0.0,0.0,1.520326330223399,0.27,0.06
2296,0.02292665036974315,0.0,0.02292665036974295,0.0,0.0,0.0,0.0,1.520326330223399,0.27,0.06
2297,0.0171451472330253,0.0,0.0171451472330253,0.0,0.0,0.0,0.0,1.520326330223399,0.27,0.06
2298,0.0171451472330253,0.0,0.0171451472330253,0.0,0.0,0.0,0.0,1.520326330223399,0.27,0.06
2299,0.02392346125538415,0.0,0.02392346125538415,0.0,0.0,0.0,0.0,1.520326330223399,0.27,0.06
2300,0.02392346125538415,0.0,0.02392346125538415,0.0,0.0,0.0,0.0,1.520326330223399,0.27,0.06
2301,0.0273126182665635,0.0,0.0273126182665635,0.0,0.0,0.0,0.0,1.520326330223399,0.27,0.06
2302,0.0273126182665635,0.0,0.0273126182665635,0.0,0.0,0.0,0.0,1.520326330223399,0.27,0.06
2303,0.13098095037322824,0.0,0.13098095037322824,0.0,0.0,0.0,0.0,1.520326330223399,0.27,0.06
2304,0.13098095037322824,0.0,0.13098095037322824,0.0,0.0,0.0,0.0,1.520326330223399,0.27,0.06
2305,0.0470494738022555,0.0,0.0470494738022555,0.0,0.0,0.0,0.0,1.520326330223399,0.27,0.06
2306,0.0470494738022555,0.0,0.0470494738022555,0.0,0.0,0.0,0.0,1.520326330223399,0.27,0.06
2307,0.02252792601548675,0.0,0.02252792601548675,0.0,0.0,0.0,0.0,1.520326330223399,0.27,0.06
2308,0.02252792601548675,0.0,0.02252792601548675,0.0,0.0,0.0,0.0,1.520326330223399,0.27,0.06
2309,0.03389157011179425,0.0,0.03389157011179425,0.0,0.0,0.0,0.0,1.520326330223399,0.27,0.06
2310,0.03389157011179425,0.0,0.03389157011179425,0.0,0.0,0.0,0.0,1.520326330223399,0.27,0.06
2311,0.0303030509234865,0.0,0.030303050923486508,0.0,0.0,0.0,0.0,1.520326330223399,0.27,0.06
2312,0.0303030509234865,0.0,0.0303030509234865,0.0,0.0,0.0,0.0,1.520326330223399,0.27,0.06
2313,0.03050241310061475,0.0,0.03050241310061475,0.0,0.0,0.0,0.0,1.520326330223399,0.27,0.06
2314,0.03050241310061475,0.0,0.03050241310061475,0.0,0.0,0.0,0.0,1.520326330223399,0.27,0.06
2315,0.0380781758314865,0.0,0.0380781758314865,0.0,0.0,0.0,0.0,1.520326330223399,0.27,0.06
2316,0.0380781758314865,0.0,0.0380781758314865,0.0,0.0,0.0,0.0,1.520326330223399,0.27,0.06
2317,0.0273126182665635,0.0,0.0273126182665635,0.0,0.0,0.0,0.0,1.520326330223399,0.27,0.06
2318,0.0273126182665635,0.0,0.0273126182665635,0.0,0.0,0.0,0.0,1.520326330223399,0.27,0.06
2319,0.03189794834051225,0.0,0.03189794834051225,0.0,0.0,0.0,0.0,1.520326330223399,0.27,0.06
2320,0.03189794834051225,0.0,0.03189794834051225,0.0,0.0,0.0,0.0,1.520326330223399,0.27,0.06
2321,0.0380781758314865,0.0,0.0380781758314865,0.0,0.0,0.0,0.0,1.520326330223399,0.27,0.06
2322,0.0380781758314865,0.0,0.0380781758314865,0.0,0.0,0.0,0.0,1.520326330223399,0.27,0.06
2323,0.04146733284266575,0.0,0.04146733284266575,0.0,0.0,0.0,0.0,1.520326330223399,0.27,0.06
2324,0.04146733284266575,0.0,0.04146733284266575,0.0,0.0,0.0,0.0,1.520326330223399,0.27,0.06
2325,0.057416307012922,0.0,0.057416307012922,0.0,0.0,0.0,0.0,1.520326330223399,0.27,0.06
2326,0.057416307012922,0.0,0.057416307012922,0.0,0.0,0.0,0.0,1.520326330223399,0.27,0.06
2327,0.0360845540602045,0.0,0.0360845540602045,0.0,0.0,0.0,0.0,1.520326330223399,0.27,0.06
2328,0.0360845540602045,0.0,0.0360845540602045,0.0,0.0,0.0,0.0,1.520326330223399,0.27,0.06
2329,0.045653938562358,0.0,0.045653938562358,0.0,0.0,0.0,0.0,1.520326330223399,0.27,0.06
2330,0.045653938562358,0.0,0.045653938562358,0.0,0.0,0.0,0.0,1.520326330223399,0.27,0.06
2331,0.0410686084884095,0.0,0.0410686084884095,0.0,0.0,0.0,0.0,1.520326330223399,0.27,0.06
2332,0.0410686084884095,0.0,0.0410686084884095,0.0,0.0,0.0,0.0,1.520326330223399,0.27,0.06
2333,0.02751198044369175,0.0,0.02751198044369175,0.0,0.0,0.0,0.0,1.520326330223399,0.27,0.06
2334,0.02751198044369175,0.0,0.02751198044369175,0.0,0.0,0.0,0.0,1.520326330223399,0.27,0.06
2335,0.0340909322889225,0.0,0.03409093228892246,0.0,0.0,0.0,0.0,1.520326330223399,0.27,0.06
2336,0.0340909322889225,0.002796820025382541,0.03129411226353996,0.0,0.0,0.0,0.0,1.520326330223399,0.27,0.06
2337,0.04146733284266575,0.014414380130817745,0.02705295271184801,0.0,0.0,0.0,0.0,1.520326330223399,0.27,0.06
2338,0.04146733284266575,0.020653440187440336,0.020813892655225416,0.0,0.0,0.0,0.0,1.520326330223399,0.27,0.06
2339,0.03748008930010175,0.025601660232347914,0.011878429067753837,0.0,0.0,0.0,0.0,1.520326330223399,0.27,0.06
2340,0.03748008930010175,0.030549880277255477,0.0,0.0,0.0,0.006930209022846273,0.0,1.5185025910068604,0.27,0.06
2341,0.0400717976027685,0.034422400312400535,0.0,0.0,0.0,0.005649397290367966,0.0,1.517015907509395,0.27,0.06
2342,0.0400717976027685,0.0376495003416881,0.0,0.0,0.0,0.002422297261080404,0.0,1.5163784608617423,0.27,0.06
2343,0.02811006697507625,0.041306880374880665,0.0,-1.0408340855860843e-16,0.013196813399804521,0.0,0.0,1.519512704044196,0.27,0.06
2344,0.02811006697507625,0.04367342039635822,0.0,0.0,0.015563353421281973,0.0,0.0,1.5232090004817505,0.27,0.06
2345,0.02791070479794825,0.06153004055841598,0.0,0.0,0.03361933576046773,0.0,0.0,1.5311935927248614,0.27,0.06
2346,0.02791070479794825,0.10541860095672667,0.0,3.608224830031759e-16,0.07750789615877807,0.0,0.0,1.5496017180625712,0.27,0.06
2347,0.02791070479794825,0.1761996615991003,0.0,0.0,0.14828895680115206,0.0,0.0,1.5848203453028449,0.27,0.06
2348,0.02791070479794825,0.25666202232933655,0.0,0.0,0.2287513175313883,0.0,0.0,1.6391487832165494,0.27,0.06
2349,0.0303030509234865,0.3059290827764601,0.0,0.0,0.2756260318529736,0.0,0.0,1.7046099657816307,0.27,0.06
2350,0.0303030509234865,0.3831643434774086,0.0,6.661338147750939e-16,0.3528612925539214,0.0,0.0,1.7884145227631871,0.27,0.06
2351,0.40490456181116,0.40618432368632623,0.0,0.0,0.0012797618751662077,0.0,0.0,1.7887184662085391,0.27,0.06
2352,0.40490456181116,0.44598522404753976,0.0,-6.661338147750939e-16,0.041080662236380405,0.0,0.0,1.7984751234896794,0.27,0.06
2353,0.4047052195702475,0.42361066384447943,0.0,0.0,0.01890544427423191,0.0,0.0,1.8029651665048096,0.27,0.06
2354,0.4047052195702475,0.43415252394015164,0.0,0.0,0.029447304369904115,0.0,0.0,1.8099589012926618,0.27,0.06
2355,0.3514755182770175,0.4554513841334501,0.0,0.0,0.10397586585643259,0.0,0.0,1.8346531694335646,0.27,0.06
2356,0.3514755182770175,0.48793752442827754,0.0,0.0,0.13646200615126003,0.0,0.0,1.8670628958944888,0.27,0.06
2357,0.17304636974727874,0.5606548450882237,0.0,0.0,0.387608475340945,0.0,0.0,1.9591199087879632,0.27,0.06
2358,0.17304636974727874,0.5081606846118131,0.0,0.0,0.33511431486453436,0.0,0.0,2.03870955856829,0.27,0.06
2359,0.24700973746184124,0.40188152364727636,0.0,0.0,0.15487178618543512,0.0,0.0,2.075491607787331,0.27,0.06
2360,0.24700973746184124,0.31216814283308286,0.0,7.771561172376096e-16,0.06515840537124085,0.0,0.0,2.0909667290630005,0.27,0.06
2361,0.18401128948932974,0.2919449826495472,0.0,0.0,0.10793369316021748,0.0,0.0,2.116600981188552,0.27,0.06
2362,0.18401128948932974,0.2609648223683864,0.0,6.38378239159465e-16,0.07695353287905604,0.0,0.0,2.1348774452473283,0.27,0.06
2363,0.19537493358563726,0.23923568217118404,0.0,0.0,0.04386074858554678,0.0,0.0,2.1452943730363954,0.27,0.06
2364,0.19537493358563726,0.22654242205598601,0.0,0.0,0.031167488470348753,0.0,0.0,2.152696651548103,0.27,0.06
2365,0.23903525037671325,0.1800721816342457,0.05896306874246754,0.0,0.0,0.0,0.0,2.152696651548103,0.27,0.06
2366,0.23903525037671325,0.12521148113635708,0.11382376924035617,0.0,0.0,0.0,0.0,2.152696651548103,0.27,0.06
2367,0.12260773893384375,0.09143450082981401,0.031173238104029735,0.0,0.0,0.0,0.0,2.152696651548103,0.27,0.06
2368,0.12260773893384375,0.0761595606911862,0.04644817824265754,0.0,0.0,0.0,0.0,2.152696651548103,0.27,0.06
2369,0.081339768268306,0.06819938061894358,0.0,0.0,0.0,0.013140387649362414,0.0,2.149238654798271,0.27,0.06
2370,0.081339768268306,0.06066948055060593,0.02067028771770007,0.0,0.0,0.0,0.0,2.149238654798271,0.27,0.06
2371,0.11862049539127975,0.05593640050765093,0.06268409488362882,0.0,0.0,0.0,0.0,2.149238654798271,0.27,0.06
2372,0.11862049539127975,0.04647024042174072,0.07215025496953942,0.0,0.0,0.0,0.0,2.149238654798271,0.27,0.06
2373,0.03767945147723,0.030549880277255477,0.007129571199974524,0.0,0.0,0.0,0.0,2.149238654798271,0.27,0.06
2374,0.03767945147723,0.017426340158152778,0.020253111319077224,0.0,0.0,0.0,0.0,2.149238654798271,0.27,0.06
2375,0.03050241310061475,0.007960180072242628,0.022542233028372126,0.0,0.0,0.0,0.0,2.149238654798271,0.27,0.06
2376,0.03050241310061475,0.0,0.03050241310061475,0.0,0.0,0.0,0.0,2.149238654798271,0.27,0.06
2377,0.2482059105246105,0.0,0.2482059105246105,0.0,0.0,0.0,0.0,2.149238654798271,0.27,0.06
2378,0.2482059105246105,0.0,0.2482059105246105,0.0,0.0,0.0,0.0,2.149238654798271,0.27,0.06
2379,0.04824564686502475,0.0,0.04824564686502475,0.0,0.0,0.0,0.0,2.149238654798271,0.27,0.06
2380,0.04824564686502475,0.0,0.04824564686502475,0.0,0.0,0.0,0.0,2.149238654798271,0.27,0.06
2381,0.042663505905435,0.0,0.042663505905435,0.0,0.0,0.0,0.0,2.149238654798271,0.27,0.06
2382,0.042663505905435,0.0,0.042663505905435,0.0,0.0,0.0,0.0,2.149238654798271,0.27,0.06
2383,0.051435441699076,0.0,0.051435441699076,0.0,0.0,0.0,0.0,2.149238654798271,0.27,0.06
2384,0.051435441699076,0.0,0.051435441699076,0.0,0.0,0.0,0.0,2.149238654798271,0.27,0.06
2385,0.05422651217887075,0.0,0.05422651217887075,0.0,0.0,0.0,0.0,2.149238654798271,0.27,0.06
2386,0.05422651217887075,0.0,0.05422651217887075,0.0,0.0,0.0,0.0,2.149238654798271,0.27,0.06
2387,0.0470494738022555,0.0,0.0470494738022555,0.0,0.0,0.0,0.0,2.149238654798271,0.27,0.06
2388,0.0470494738022555,0.0,0.04704947380225549,0.0,0.0,6.938893903907228e-18,0.0,2.149238654798271,0.27,0.06
2389,0.05083735516769125,0.0,0.05083735516769125,0.0,0.0,0.0,0.0,2.149238654798271,0.27,0.06
2390,0.05083735516769125,0.0,0.05083735516769125,0.0,0.0,0.0,0.0,2.149238654798271,0.27,0.06
2391,0.04226478155117875,0.0,0.04226478155117875,0.0,0.0,0.0,0.0,2.149238654798271,0.27,0.06
2392,0.04226478155117875,0.0,0.04226478155117875,0.0,0.0,0.0,0.0,2.149238654798271,0.27,0.06
2393,0.0610048262012295,0.0,0.0610048262012295,0.0,0.0,0.0,0.0,2.149238654798271,0.27,0.06
2394,0.0610048262012295,0.0,0.0610048262012295,0.0,0.0,0.0,0.0,2.149238654798271,0.27,0.06
2395,0.06120418837835775,0.0,0.06120418837835775,0.0,0.0,0.0,0.0,2.149238654798271,0.27,0.06
2396,0.06120418837835775,0.0,0.06120418837835775,0.0,0.0,0.0,0.0,2.149238654798271,0.27,0.06
2397,0.05622013395015275,0.0,0.05622013395015275,0.0,0.0,0.0,0.0,2.149238654798271,0.27,0.06
2398,0.05622013395015275,0.0,0.05622013395015275,0.0,0.0,0.0,0.0,2.149238654798271,0.27,0.06
2399,0.0560207717730245,0.0,0.05602077177302449,0.0,0.0,1.3877787807814457e-17,0.0,2.149238654798271,0.27,0.06
2400,0.0560207717730245,0.0,0.0560207717730245,0.0,0.0,0.0,0.0,2.149238654798271,0.27,0.06
2401,0.12500008505938226,0.0,0.12500008505938226,0.0,0.0,0.0,0.0,2.149238654798271,0.27,0.06
2402,0.12500008505938226,0.0,0.12500008505938226,0.0,0.0,0.0,0.0,2.149238654798271,0.27,0.06
2403,0.0887161688220495,0.0,0.0887161688220495,0.0,0.0,0.0,0.0,2.149238654798271,0.27,0.06
2404,0.0887161688220495,0.0,0.0887161688220495,0.0,0.0,0.0,0.0,2.149238654798271,0.27,0.06
2405,0.048644371219281,0.0,0.048644371219281,0.0,0.0,0.0,0.0,2.149238654798271,0.27,0.06
2406,0.048644371219281,0.0,0.048644371219281,0.0,0.0,0.0,0.0,2.149238654798271,0.27,0.06
2407,0.0490430955735375,0.0,0.0490430955735375,0.0,0.0,0.0,0.0,2.149238654798271,0.27,0.06
2408,0.0490430955735375,0.0,0.0490430955735375,0.0,0.0,0.0,0.0,2.149238654798271,0.27,0.06
2409,0.039673073248512,0.0,0.039673073248512,0.0,0.0,0.0,0.0,2.149238654798271,0.27,0.06
2410,0.039673073248512,0.0,0.039673073248512,0.0,0.0,0.0,0.0,2.149238654798271,0.27,0.06
2411,0.028708153506461,0.0,0.028708153506461,0.0,0.0,0.0,0.0,2.149238654798271,0.27,0.06
2412,0.028708153506461,0.0,0.028708153506461,0.0,0.0,0.0,0.0,2.149238654798271,0.27,0.06
2413,0.020135579889948324,0.0,0.020135579889948324,0.0,0.0,0.0,0.0,2.149238654798271,0.27,0.06
2414,0.020135579889948324,0.0,0.020135579889948324,0.0,0.0,0.0,0.0,2.149238654798271,0.27,0.06
2415,0.014154714576102276,0.0,0.014154714576102276,0.0,0.0,0.0,0.0,2.149238654798271,0.27,0.06
2416,0.014154714576102276,0.0,0.014154714576102276,0.0,0.0,0.0,0.0,2.149238654798271,0.27,0.06
2417,0.021730477306973923,0.0,0.021730477306973923,0.0,0.0,0.0,0.0,2.149238654798271,0.27,0.06
2418,0.021730477306973923,0.0,0.021730477306973923,0.0,0.0,0.0,0.0,2.149238654798271,0.27,0.06
2419,0.02352473690112775,0.0,0.02352473690112775,0.0,0.0,0.0,0.0,2.149238654798271,0.27,0.06
2420,0.02352473690112775,0.0,0.02352473690112775,0.0,0.0,0.0,0.0,2.149238654798271,0.27,0.06
2421,0.0273126182665635,0.0,0.0273126182665635,0.0,0.0,0.0,0.0,2.149238654798271,0.27,0.06
2422,0.0273126182665635,0.0,0.027312618266563504,0.0,0.0,0.0,0.0,2.149238654798271,0.27,0.06
2423,0.028708153506461,0.0,0.028708153506461,0.0,0.0,0.0,0.0,2.149238654798271,0.27,0.06
2424,0.028708153506461,0.0,0.028708153506461,0.0,0.0,0.0,0.0,2.149238654798271,0.27,0.06
2425,0.10386769428379275,0.0,0.10386769428379275,0.0,0.0,0.0,0.0,2.149238654798271,0.27,0.06
2426,0.10386769428379275,0.0,0.10386769428379275,0.0,0.0,0.0,0.0,2.149238654798271,0.27,0.06
2427,0.05183416605333225,0.0,0.05183416605333225,0.0,0.0,0.0,0.0,2.149238654798271,0.27,0.06
2428,0.05183416605333225,0.0,0.05183416605333225,0.0,0.0,0.0,0.0,2.149238654798271,0.27,0.06
2429,0.141746507938151,0.0,0.141746507938151,0.0,0.0,0.0,0.0,2.149238654798271,0.27,0.06
2430,0.141746507938151,0.0,0.141746507938151,0.0,0.0,0.0,0.0,2.149238654798271,0.27,0.06
2431,0.03767945147723,0.0,0.03767945147723,0.0,0.0,0.0,0.0,2.149238654798271,0.27,0.06
2432,0.03767945147723,0.002366540021477539,0.035312911455752466,0.0,0.0,0.0,0.0,2.149238654798271,0.27,0.06
2433,0.04525521420810175,0.015490080140580243,0.029765134067521508,0.0,0.0,0.0,0.0,2.149238654798271,0.27,0.06
2434,0.04525521420810175,0.022804840206965365,0.022450374001136388,0.0,0.0,0.0,0.0,2.149238654798271,0.27,0.06
2435,0.07755188690287025,0.028828760261635458,0.048723126641235126,0.0,0.0,0.0,0.0,2.149238654798271,0.27,0.06
2436,0.07755188690287025,0.03485268031630555,0.0426992065865647,0.0,0.0,0.0,0.0,2.149238654798271,0.27,0.06
2437,0.047448198156512,0.04066146036902313,0.006786737787488874,0.0,0.0,0.0,0.0,2.149238654798271,0.27,0.06
2438,0.047448198156512,0.04517940041002571,0.0022687977464862924,0.0,0.0,0.0,0.0,2.149238654798271,0.27,0.06
2439,0.032695397049025,0.04926706044712328,0.0,1.457167719820518e-16,0.01657166339809813,0.0,0.0,2.1531744248553193,0.27,0.06
2440,0.032695397049025,0.05292444048031583,0.0,0.0,0.02022904343129083,0.0,0.0,2.157978822670251,0.27,0.06
2441,0.02691389391230725,0.07379302066970872,0.0,-1.1102230246251565e-16,0.04687912675740158,0.0,0.0,2.1691126152751337,0.27,0.06
2442,0.02691389391230725,0.11294850102506432,0.0,0.0,0.08603460711275707,0.0,0.0,2.189545834464414,0.27,0.06
2443,0.0410686084884095,0.1854506816830579,0.0,0.0,0.1443820731946484,0.0,0.0,2.223836576848143,0.27,0.06
2444,0.0410686084884095,0.2644070623996268,0.0,0.0,0.22333845391121732,0.0,0.0,2.276879459652057,0.27,0.06
2445,0.03688200276871725,0.3179769228858001,0.0,0.0,0.28109492011708287,0.0,0.0,2.343639503179864,0.27,0.06
2446,0.03688200276871725,0.39026396354184134,0.0,2.220446049250313e-16,0.3533819607731239,0.0,0.0,2.427567718863481,0.27,0.06
2447,0.03688200276871725,0.41091740372928137,0.0,6.106226635438361e-16,0.37403540096056354,0.0,0.0,2.516401126591615,0.27,0.06
2448,0.03688200276871725,0.43759476397139174,0.0,-1.1102230246251565e-16,0.4007127612026746,0.0,0.0,2.61157040737725,0.27,0.06
2449,0.3819779313776325,0.4259772038659567,0.0,0.0,0.04399927248832425,0.0,0.0,2.622020234593227,0.27,0.06
2450,0.3819779313776325,0.43350710393429426,0.0,-8.881784197001252e-16,0.05152917255666267,0.0,0.0,2.6342584130754343,0.27,0.06
2451,0.3937402998281975,0.4481366240670648,0.0,-1.6653345369377348e-16,0.05439632423886742,0.0,0.0,2.6471775400821653,0.27,0.06
2452,0.3937402998281975,0.48922836443999285,0.0,0.0,0.09548806461179532,0.0,0.0,2.669855955427467,0.27,0.06
2453,0.3999205273191725,0.5613002650940818,0.0,0.0,0.16137973777490933,0.0,0.0,2.708183643149008,0.27,0.06
2454,0.3999205273191725,0.5057941445903358,0.0,0.0,0.10587361727116329,0.0,0.0,2.733328627250909,0.27,0.06
2455,0.2926636959604175,0.39951498362579896,0.0,0.0,0.10685128766538143,0.0,0.0,2.7587058080714373,0.27,0.06
2456,0.2926636959604175,0.33174588301076,0.0,0.0,0.0390821870503425,0.0,0.0,2.767987827495894,0.27,0.06
2457,0.18799853303189376,0.31496496285846504,0.0,0.0,0.12696642982657128,0.0,0.0,2.7981423545797046,0.27,0.06
2458,0.18799853303189376,0.27710032251482447,0.0,0.0,0.08910178948293071,0.0,0.0,2.8193040295819003,0.27,0.06
2459,0.246611013107585,0.2549409023137165,0.0,0.0,0.008329889206131535,0.0,0.0,2.8212823782683567,0.27,0.06
2460,0.246611013107585,0.23945082217313637,0.0071601909344486125,0.0,0.0,0.0,0.0,2.8212823782683567,0.27,0.06
2461,0.1798246837696375,0.18910806171625097,0.0,0.0,0.009283377946613464,0.0,0.0,2.8234871805306776,0.27,0.06
2462,0.1798246837696375,0.1370441812437448,0.042780502525892716,0.0,0.0,0.0,0.0,2.8234871805306776,0.27,0.06
2463,0.180223408123894,0.10176122092353411,0.0784621872003599,0.0,0.0,0.0,0.0,2.8234871805306776,0.27,0.06
2464,0.180223408123894,0.08562572077709635,0.09459768734679766,0.0,0.0,0.0,0.0,2.8234871805306776,0.27,0.06
2465,0.24102887214799526,0.07658984069509125,0.164439031452904,0.0,0.0,0.0,0.0,2.8234871805306776,0.27,0.06
2466,0.24102887214799526,0.06841452062089608,0.1726143515270992,0.0,0.0,0.0,0.0,2.8234871805306776,0.27,0.06
2467,0.02950560221497375,0.059593780540843425,0.0,8.257283745649602e-16,0.03008817832586885,0.0,0.0,2.8306331228830715,0.27,0.06
2468,0.02950560221497375,0.050773040460790855,0.0,0.0,0.021267438245817106,0.0,0.0,2.835684139466453,0.27,0.06
2469,0.17464126716430425,0.035282960320210575,0.13935830684409367,0.0,0.0,0.0,0.0,2.835684139466453,0.27,0.06
2470,0.17464126716430425,0.023450260212822885,0.15119100695148135,0.0,0.0,0.0,0.0,2.835684139466453,0.27,0.06
2471,0.302831166993955,0.010972140099577678,0.2918590268943773,0.0,0.0,0.0,0.0,2.835684139466453,0.27,0.06
2472,0.302831166993955,0.0008605600078100137,0.301970606986145,0.0,0.0,0.0,0.0,2.835684139466453,0.27,0.06
2473,0.259968278975175,0.0,0.259968278975175,0.0,0.0,0.0,0.0,2.835684139466453,0.27,0.06
2474,0.259968278975175,0.0,0.259968278975175,0.0,0.0,0.0,0.0,2.835684139466453,0.27,0.06
2475,0.04685011162512725,0.0,0.04685011162512725,0.0,0.0,0.0,0.0,2.835684139466453,0.27,0.06
2476,0.04685011162512725,0.0,0.04685011162512725,0.0,0.0,0.0,0.0,2.835684139466453,0.27,0.06
2477,0.0450558520309735,0.0,0.045055852030973495,0.0,0.0,6.938893903907228e-18,0.0,2.835684139466453,0.27,0.06
2478,0.0450558520309735,0.0,0.0450558520309735,0.0,0.0,0.0,0.0,2.835684139466453,0.27,0.06
2479,0.0500399064591785,0.0,0.0500399064591785,0.0,0.0,0.0,0.0,2.835684139466453,0.27,0.06
2480,0.0500399064591785,0.0,0.0500399064591785,0.0,0.0,0.0,0.0,2.835684139466453,0.27,0.06
2481,0.060406739669845,0.0,0.060406739669845,0.0,0.0,0.0,0.0,2.835684139466453,0.27,0.06
2482,0.060406739669845,0.0,0.060406739669845,0.0,0.0,0.0,0.0,2.835684139466453,0.27,0.06
2483,0.05522332306451175,0.0,0.05522332306451175,0.0,0.0,0.0,0.0,2.835684139466453,0.27,0.06
2484,0.05522332306451175,0.0,0.05522332306451175,0.0,0.0,0.0,0.0,2.835684139466453,0.27,0.06
2485,0.02412282343251235,0.0,0.02412282343251171,0.0,0.0,0.0,0.0,2.835684139466453,0.27,0.06
2486,0.02412282343251235,0.0,0.02412282343251235,0.0,0.0,0.0,0.0,2.835684139466453,0.27,0.06
2487,0.0332934835804095,0.0,0.0332934835804095,0.0,0.0,0.0,0.0,2.835684139466453,0.27,0.06
2488,0.0332934835804095,0.0,0.033293483580409504,0.0,0.0,-6.938893903907228e-18,0.0,2.835684139466453,0.27,0.06
2489,0.04525521420810175,0.0,0.04525521420810175,0.0,0.0,0.0,0.0,2.835684139466453,0.27,0.06
2490,0.04525521420810175,0.0,0.04525521420810108,0.0,0.0,0.0,0.0,2.835684139466453,0.27,0.06
2491,0.049641182104922,0.0,0.049641182104922,0.0,0.0,0.0,0.0,2.835684139466453,0.27,0.06
2492,0.049641182104922,0.0,0.049641182104922,0.0,0.0,0.0,0.0,2.835684139466453,0.27,0.06
2493,0.052432252584717,0.0,0.052432252584717,0.0,0.0,0.0,0.0,2.835684139466453,0.27,0.06
2494,0.052432252584717,0.0,0.052432252584717,0.0,0.0,0.0,0.0,2.835684139466453,0.27,0.06
2495,0.04764756033364,0.0,0.04764756033364,0.0,0.0,0.0,0.0,2.835684139466453,0.27,0.06
2496,0.04764756033364,0.0,0.04764756033364,0.0,0.0,0.0,0.0,2.835684139466453,0.27,0.06
2497,0.033692207934666,0.0,0.033692207934666,0.0,0.0,0.0,0.0,2.835684139466453,0.27,0.06
2498,0.033692207934666,0.0,0.03369220793466532,0.0,0.0,0.0,0.0,2.835684139466453,0.27,0.06
2499,0.03767945147723,0.0,0.03767945147723,0.0,0.0,0.0,0.0,2.835684139466453,0.27,0.06
2500,0.03767945147723,0.0,0.03767945147722962,0.0,0.0,0.0,0.0,2.835684139466453,0.27,0.06
2501,0.021730477306973923,0.0,0.021730477306973923,0.0,0.0,0.0,0.0,2.835684139466453,0.27,0.06
2502,0.021730477306973923,0.0,0.021730477306973923,0.0,0.0,0.0,0.0,2.835684139466453,0.27,0.06
2503,0.0173445094101535,0.0,0.0173445094101535,0.0,0.0,0.0,0.0,2.835684139466453,0.27,0.06
2504,0.0173445094101535,0.0,0.0173445094101535,0.0,0.0,0.0,0.0,2.835684139466453,0.27,0.06
2505,0.028708153506461,0.0,0.028708153506461,0.0,0.0,0.0,0.0,2.835684139466453,0.27,0.06
2506,0.028708153506461,0.0,0.028708153506461,0.0,0.0,0.0,0.0,2.835684139466453,0.27,0.06
2507,0.0360845540602045,0.0,0.0360845540602045,0.0,0.0,0.0,0.0,2.835684139466453,0.27,0.06
2508,0.0360845540602045,0.0,0.0360845540602045,0.0,0.0,0.0,0.0,2.835684139466453,0.27,0.06
2509,0.0322966726947685,0.0,0.0322966726947685,0.0,0.0,0.0,0.0,2.835684139466453,0.27,0.06
2510,0.0322966726947685,0.0,0.0322966726947685,0.0,0.0,0.0,0.0,2.835684139466453,0.27,0.06
2511,0.02751198044369175,0.0,0.02751198044369175,0.0,0.0,0.0,0.0,2.835684139466453,0.27,0.06
2512,0.02751198044369175,0.0,0.02751198044369174,0.0,0.0,6.938893903907228e-18,0.0,2.835684139466453,0.27,0.06
2513,0.02332537472399955,0.0,0.02332537472399955,0.0,0.0,0.0,0.0,2.835684139466453,0.27,0.06
2514,0.02332537472399955,0.0,0.02332537472399955,0.0,0.0,0.0,0.0,2.835684139466453,0.27,0.06
2515,0.0311004996319995,0.0,0.031100499631999498,0.0,0.0,0.0,0.0,2.835684139466453,0.27,0.06
2516,0.0311004996319995,0.0,0.0311004996319995,0.0,0.0,0.0,0.0,2.835684139466453,0.27,0.06
2517,0.02551835867240975,0.0,0.02551835867240975,0.0,0.0,0.0,0.0,2.835684139466453,0.27,0.06
2518,0.02551835867240975,0.0,0.02551835867240975,0.0,0.0,0.0,0.0,2.835684139466453,0.27,0.06
2519,0.0175438715872817,0.0,0.0175438715872817,0.0,0.0,0.0,0.0,2.835684139466453,0.27,0.06
2520,0.0175438715872817,0.0,0.0175438715872817,0.0,0.0,0.0,0.0,2.835684139466453,0.27,0.06
2521,0.021531115129845724,0.0,0.021531115129845724,0.0,0.0,0.0,0.0,2.835684139466453,0.27,0.06
2522,0.021531115129845724,0.0,0.021531115129845724,0.0,0.0,0.0,0.0,2.835684139466453,0.27,0.06
2523,0.0159489741702561,0.0,0.0159489741702561,0.0,0.0,0.0,0.0,2.835684139466453,0.27,0.06
2524,0.0159489741702561,0.0,0.015948974170255426,0.0,0.0,0.0,0.0,2.835684139466453,0.27,0.06
2525,0.0480462846878965,0.0,0.04804628468789651,0.0,0.0,-1.3877787807814457e-17,0.0,2.835684139466453,0.27,0.06
2526,0.0480462846878965,0.0,0.0480462846878965,0.0,0.0,0.0,0.0,2.835684139466453,0.27,0.06
2527,0.04545457638523,0.0,0.04545457638523,0.0,0.0,0.0,0.0,2.835684139466453,0.27,0.06
2528,0.04545457638523,0.002796820025382541,0.042657756359847455,0.0,0.0,0.0,0.0,2.835684139466453,0.27,0.06
2529,0.0420654193740505,0.01484466013472275,0.02722075923932775,0.0,0.0,0.0,0.0,2.835684139466453,0.27,0.06
2530,0.0420654193740505,0.02452596022258536,0.01753945915146514,0.0,0.0,0.0,0.0,2.835684139466453,0.27,0.06
2531,0.036682640591589,0.036143520328020554,0.0,0.0,0.0,0.0005391202635684489,0.0,2.8355422657128826,0.27,0.06
2532,0.036682640591589,0.045824820415883205,0.0,2.0816681711721685e-16,0.009142179824293994,0.0,0.0,2.8377135334211525,0.27,0.06
2533,0.02751198044369175,0.05830294052912843,0.0,0.0,0.030790960085436685,0.0,0.0,2.8450263864414436,0.27,0.06
2534,0.02751198044369175,0.06518742059160855,0.0,0.0,0.0376754401479168,0.0,0.0,2.8539743034765737,0.27,0.06
2535,0.02950560221497375,0.13682904124179215,0.0,0.0,0.1073234390268184,0.0,0.0,2.8794636202454433,0.27,0.06
2536,0.02950560221497375,0.16458210149366503,0.0,0.0,0.13507649927869128,0.0,0.0,2.9115442888241323,0.27,0.06
2537,0.03389157011179425,0.12004812108949701,0.0,-5.967448757360216e-16,0.08615655097770336,0.0,0.0,2.9320064696813373,0.27,0.06
2538,0.03389157011179425,0.1749088215873852,0.0,0.0,0.14101725147559094,0.0,0.0,2.96549806690679,0.27,0.06
2539,0.03748008930010175,0.3915548035535564,0.0,-6.661338147750939e-16,0.35407471425345527,0.0,0.0,3.049590811541986,0.27,0.06
2540,0.03748008930010175,0.2897935826300223,0.0,0.0,0.25231349332992054,0.0,0.0,3.1095152662078416,0.27,0.06
2541,0.04226478155117875,0.3500327831767229,0.0,6.106226635438361e-16,0.3077680016255435,0.0,0.0,3.182610166593908,0.27,0.06
2542,0.04226478155117875,0.34723596315134064,0.0,2.220446049250313e-16,0.3049711816001617,0.0,0.0,3.2550408222239464,0.27,0.06
2543,0.0330941214032815,0.4819136043736076,0.0,7.216449660063518e-16,0.44881948297032537,0.0,0.0,3.3616354494293987,0.27,0.06
2544,0.0330941214032815,0.5176268446977232,0.0,0.0,0.48453272329444175,0.0,0.0,3.4767119712118286,0.27,0.06
2545,0.407496270113825,0.536559164869544,0.0,0.0,0.12906289475571903,0.0,0.0,3.507364408716312,0.27,0.06
2546,0.407496270113825,0.36552286331730355,0.04197340679652145,0.0,0.0,0.0,0.0,3.507364408716312,0.27,0.06
2547,0.4053033061016325,0.45114858409439984,0.0,0.0,0.04584527799276733,0.0,0.0,3.518252662239594,0.27,0.06
2548,0.4053033061016325,0.5445193449417862,0.0,0.0,0.1392160388401537,0.0,0.0,3.5513164714641308,0.27,0.06
2549,0.2982458369200075,0.5498978449905985,0.0,0.0,0.25165200807059096,0.0,0.0,3.611083823380896,0.27,0.06
2550,0.2982458369200075,0.529674684807064,0.0,0.0,0.23142884788705653,0.0,0.0,3.6660481747540716,0.27,0.06
2551,0.17464126716430425,0.39757872360822655,0.0,0.0,0.2229374564439223,0.0,0.0,3.718995820659503,0.27,0.06
2552,0.17464126716430425,0.3562718432333459,0.0,0.0,0.18163057606904162,0.0,0.0,3.7621330824759007,0.27,0.06
2553,0.25598103543261,0.23557830213799127,0.020402733294618752,0.0,0.0,0.0,0.0,3.7621330824759007,0.27,0.06
2554,0.25598103543261,0.3726224833817358,0.0,0.0,0.11664144794912579,0.0,0.0,3.789835426363818,0.27,0.06
2555,0.1818183055409195,0.3564869832352983,0.0,0.0,0.17466867769437883,0.0,0.0,3.831319237316233,0.27,0.06
2556,0.1818183055409195,0.2848453625851142,0.0,0.0,0.10302705704419474,0.0,0.0,3.8557881633642292,0.27,0.06
2557,0.18899534391753475,0.2934509626632147,0.0,0.0,0.10445561874567993,0.0,0.0,3.880596372816328,0.27,0.06
2558,0.18899534391753475,0.22374560203060356,0.0,0.0,0.03475025811306881,0.0,0.0,3.888849559118182,0.27,0.06
2559,0.23405119594850826,0.2119129019232161,0.02213829402529216,0.0,0.0,0.0,0.0,3.888849559118182,0.27,0.06
2560,0.23405119594850826,0.14844660134722748,0.08560459460128078,0.0,0.0,0.0,0.0,3.888849559118182,0.27,0.06
2561,0.18859661956327825,0.10541860095672667,0.08317801860655158,0.0,0.0,0.0,0.0,3.888849559118182,0.27,0.06
2562,0.18859661956327825,0.07960180072242631,0.10899481884085194,0.0,0.0,0.0,0.0,3.888849559118182,0.27,0.06
2563,0.177232975466971,0.07013564063651613,0.10709733483045447,0.0,0.0,0.0,0.0,3.888849559118182,0.27,0.06
2564,0.177232975466971,0.05744238052131843,0.11979059494565258,0.0,0.0,0.0,0.0,3.888849559118182,0.27,0.06
2565,0.08253594133107525,0.0378646403436406,0.04467130098743465,0.0,0.0,0.0,0.0,3.888849559118182,0.27,0.06
2566,0.08253594133107525,0.024095680218680377,0.05844026111239488,0.0,0.0,0.0,0.0,3.888849559118182,0.27,0.06
2567,0.21531115129845724,0.006023920054670096,0.20928723124378715,0.0,0.0,0.0,0.0,3.888849559118182,0.27,0.06
2568,0.21531115129845724,0.0,0.21531115129845724,0.0,0.0,0.0,0.0,3.888849559118182,0.27,0.06
2569,0.117823046682767,0.0,0.117823046682767,0.0,0.0,0.0,0.0,3.888849559118182,0.27,0.06
2570,0.117823046682767,0.0,0.117823046682767,0.0,0.0,0.0,0.0,3.888849559118182,0.27,0.06
2571,0.0986842776784595,0.0,0.0986842776784595,0.0,0.0,0.0,0.0,3.888849559118182,0.27,0.06
2572,0.0986842776784595,0.0,0.0986842776784595,0.0,0.0,0.0,0.0,3.888849559118182,0.27,0.06
2573,0.051634803876204,0.0,0.051634803876204,0.0,0.0,0.0,0.0,3.888849559118182,0.27,0.06
2574,0.051634803876204,0.0,0.051634803876204,0.0,0.0,0.0,0.0,3.888849559118182,0.27,0.06
2575,0.04226478155117875,0.0,0.04226478155117875,0.0,0.0,0.0,0.0,3.888849559118182,0.27,0.06
2576,0.04226478155117875,0.0,0.04226478155117875,0.0,0.0,0.0,0.0,3.888849559118182,0.27,0.06
2577,0.07157102158902424,0.0,0.07157102158902424,0.0,0.0,0.0,0.0,3.888849559118182,0.27,0.06
2578,0.07157102158902424,0.0,0.07157102158902424,0.0,0.0,0.0,0.0,3.888849559118182,0.27,0.06
2579,0.05123607952194775,0.0,0.05123607952194775,0.0,0.0,0.0,0.0,3.888849559118182,0.27,0.06
2580,0.05123607952194775,0.0,0.05123607952194775,0.0,0.0,0.0,0.0,3.888849559118182,0.27,0.06
2581,0.04824564686502475,0.0,0.04824564686502475,0.0,0.0,0.0,0.0,3.888849559118182,0.27,0.06
2582,0.04824564686502475,0.0,0.04824564686502475,0.0,0.0,0.0,0.0,3.888849559118182,0.27,0.06
2583,0.04246414372830675,0.0,0.04246414372830675,0.0,0.0,0.0,0.0,3.888849559118182,0.27,0.06
2584,0.04246414372830675,0.0,0.04246414372830675,0.0,0.0,0.0,0.0,3.888849559118182,0.27,0.06
2585,0.02950560221497375,0.0,0.02950560221497375,0.0,0.0,0.0,0.0,3.888849559118182,0.27,0.06
2586,0.02950560221497375,0.0,0.02950560221497375,0.0,0.0,0.0,0.0,3.888849559118182,0.27,0.06
2587,0.02492027214102515,0.0,0.02492027214102515,0.0,0.0,0.0,0.0,3.888849559118182,0.27,0.06
2588,0.02492027214102515,0.0,0.02492027214102515,0.0,0.0,0.0,0.0,3.888849559118182,0.27,0.06
2589,0.0273126182665635,0.0,0.0273126182665635,0.0,0.0,0.0,0.0,3.888849559118182,0.27,0.06
2590,0.0273126182665635,0.0,0.0273126182665635,0.0,0.0,0.0,0.0,3.888849559118182,0.27,0.06
2591,0.0301036887463585,0.0,0.0301036887463585,0.0,0.0,0.0,0.0,3.888849559118182,0.27,0.06
2592,0.0301036887463585,0.0,0.03010368874635851,0.0,0.0,-1.0408340855860843e-17,0.0,3.888849559118182,0.27,0.06
2593,0.031698586163384,0.0,0.031698586163384,0.0,0.0,0.0,0.0,3.888849559118182,0.27,0.06
2594,0.031698586163384,0.0,0.031698586163384,0.0,0.0,0.0,0.0,3.888849559118182,0.27,0.06
2595,0.0966906559071775,0.0,0.0966906559071775,0.0,0.0,0.0,0.0,3.888849559118182,0.27,0.06
2596,0.0966906559071775,0.0,0.0966906559071775,0.0,0.0,0.0,0.0,3.888849559118182,0.27,0.06
2597,0.127791155539177,0.0,0.127791155539177,0.0,0.0,0.0,0.0,3.888849559118182,0.27,0.06
2598,0.127791155539177,0.0,0.127791155539177,0.0,0.0,0.0,0.0,3.888849559118182,0.27,0.06
2599,0.039673073248512,0.0,0.039673073248512,0.0,0.0,0.0,0.0,3.888849559118182,0.27,0.06
2600,0.039673073248512,0.0,0.03967307324851177,0.0,0.0,0.0,0.0,3.888849559118182,0.27,0.06
2601,0.0370813649458455,0.0,0.03708136494584551,0.0,0.0,-1.3877787807814457e-17,0.0,3.888849559118182,0.27,0.06
2602,0.0370813649458455,0.0,0.0370813649458455,0.0,0.0,0.0,0.0,3.888849559118182,0.27,0.06
2603,0.03748008930010175,0.0,0.03748008930010175,0.0,0.0,0.0,0.0,3.888849559118182,0.27,0.06
2604,0.03748008930010175,0.0,0.03748008930010175,0.0,0.0,0.0,0.0,3.888849559118182,0.27,0.06
2605,0.021531115129845724,0.0,0.021531115129845724,0.0,0.0,0.0,0.0,3.888849559118182,0.27,0.06
2606,0.021531115129845724,0.0,0.021531115129845724,0.0,0.0,0.0,0.0,3.888849559118182,0.27,0.06
2607,0.02591708302666625,0.0,0.02591708302666625,0.0,0.0,0.0,0.0,3.888849559118182,0.27,0.06
2608,0.02591708302666625,0.0,0.02591708302666625,0.0,0.0,0.0,0.0,3.888849559118182,0.27,0.06
2609,0.0320973105176405,0.0,0.0320973105176405,0.0,0.0,0.0,0.0,3.888849559118182,0.27,0.06
2610,0.0320973105176405,0.0,0.0320973105176405,0.0,0.0,0.0,0.0,3.888849559118182,0.27,0.06
2611,0.02791070479794825,0.0,0.02791070479794825,0.0,0.0,0.0,0.0,3.888849559118182,0.27,0.06
2612,0.02791070479794825,0.0,0.02791070479794825,0.0,0.0,0.0,0.0,3.888849559118182,0.27,0.06
2613,0.04385967896820425,0.0,0.04385967896820425,0.0,0.0,0.0,0.0,3.888849559118182,0.27,0.06
2614,0.04385967896820425,0.0,0.04385967896820425,0.0,0.0,0.0,0.0,3.888849559118182,0.27,0.06
2615,0.03090113745487125,0.0,0.030901137454871247,0.0,0.0,3.469446951953614e-18,0.0,3.888849559118182,0.27,0.06
2616,0.03090113745487125,0.0,0.030901137454871247,0.0,0.0,3.469446951953614e-18,0.0,3.888849559118182,0.27,0.06
2617,0.02950560221497375,0.0,0.02950560221497375,0.0,0.0,0.0,0.0,3.888849559118182,0.27,0.06
2618,0.02950560221497375,0.0,0.02950560221497375,0.0,0.0,0.0,0.0,3.888849559118182,0.27,0.06
2619,0.032695397049025,0.0,0.032695397049025,0.0,0.0,0.0,0.0,3.888849559118182,0.27,0.06
2620,0.032695397049025,0.0,0.032695397049025,0.0,0.0,0.0,0.0,3.888849559118182,0.27,0.06
2621,0.03050241310061475,0.0,0.03050241310061475,0.0,0.0,0.0,0.0,3.888849559118182,0.27,0.06
2622,0.03050241310061475,0.0,0.03050241310061475,0.0,0.0,0.0,0.0,3.888849559118182,0.27,0.06
2623,0.0430622302596915,0.0,0.0430622302596915,0.0,0.0,0.0,0.0,3.888849559118182,0.27,0.06
2624,0.0430622302596915,0.0,0.0430622302596915,0.0,0.0,0.0,0.0,3.888849559118182,0.27,0.06
2625,0.0390749867171275,0.010757000097625171,0.02831798661950233,0.0,0.0,0.0,0.0,3.888849559118182,0.27,0.06
2626,0.0390749867171275,0.030119600273350495,0.008955386443776803,0.0,0.0,-1.687538997430238e-15,0.0,3.8888495591181824,0.27,0.06
2627,0.0291068778607175,0.07336274066580366,0.0,0.0,0.04425586280508616,0.0,0.0,3.8993603265343904,0.27,0.06
2628,0.0291068778607175,0.09014366081809898,0.0,-5.967448757360216e-16,0.061036782957382074,0.0,0.0,3.9138565624867683,0.27,0.06
2629,0.0370813649458455,0.10843056098406174,0.0,-1.942890293094024e-16,0.07134919603821643,0.0,0.0,3.9308019965458447,0.27,0.06
2630,0.0370813649458455,0.09573730086886406,0.0,-4.2327252813834093e-16,0.05865593592301899,0.0,0.0,3.944732781327562,0.27,0.06
2631,0.02392346125538415,0.06647826060332361,0.0,0.0,0.04255479934793946,0.0,0.0,3.9548395461726975,0.27,0.06
2632,0.02392346125538415,0.11617560105435186,0.0,0.0,0.09225213979896771,0.0,0.0,3.9767494293749523,0.27,0.06
2633,0.03528710535169175,0.11703616106216191,0.0,0.0,0.08174905571047017,0.0,0.0,3.996164830106189,0.27,0.06
2634,0.03528710535169175,0.14737090133746503,0.0,0.0,0.11208379598577328,0.0,0.0,4.02278473165281,0.27,0.06
2635,0.03748008930010175,0.25386520230395415,0.0,0.0,0.2163851130038524,0.0,0.0,4.074176195991225,0.27,0.06
2636,0.03748008930010175,0.2446141822199965,0.0,0.0,0.20713409291989476,0.0,0.0,4.1233705430597,0.27,0.06
2637,0.0293062400378455,0.2037375818490209,0.0,0.0,0.17443134181117542,0.0,0.0,4.164797986739854,0.27,0.06
2638,0.0293062400378455,0.240526522182899,0.0,0.0,0.2112202821450535,0.0,0.0,4.214962803749304,0.27,0.06
2639,0.02651516955805075,0.1211238210992594,0.0,0.0,0.09460865154120865,0.0,0.0,4.2374323584903415,0.27,0.06
2640,0.02651516955805075,0.3418574631025282,0.0,4.440892098500626e-16,0.31534229354447696,0.0,0.0,4.312326153207155,0.27,0.06
2641,0.41128417141548,0.20610412187049856,0.20518004954498145,0.0,0.0,0.0,0.0,4.312326153207155,0.27,0.06
2642,0.41128417141548,0.29990516272178963,0.11137900869369038,0.0,0.0,0.0,0.0,4.312326153207155,0.27,0.06
2643,0.4202554693862475,0.23600858214189602,0.1842468872443515,0.0,0.0,0.0,0.0,4.312326153207155,0.27,0.06
2644,0.4202554693862475,0.2116977619212635,0.20855770746498403,0.0,0.0,0.0,0.0,4.312326153207155,0.27,0.06
2645,0.320973105176405,0.32572196295609007,0.0,2.7755575615628914e-17,0.004748857779685062,0.0,0.0,4.313454006929831,0.27,0.06
2646,0.320973105176405,0.40898114371170896,0.0,0.0,0.08800803853530398,0.0,0.0,4.334355916081965,0.27,0.06
2647,0.1935806739914835,0.2727975224757741,0.0,0.0,0.07921684848429061,0.0,0.0,4.3531699175969845,0.27,0.06
2648,0.1935806739914835,0.22460616203841355,0.0,0.0,0.03102548804693006,0.0,0.0,4.36053847100813,0.27,0.06
2649,0.24401930480491826,0.31216814283308286,0.0,0.0,0.0681488380281646,0.0,0.0,4.376723820039819,0.27,0.06
2650,0.24401930480491826,0.14973744135894235,0.09428186344597478,0.0,0.0,0.0,0.0,4.376723820039819,0.27,0.06
2651,0.1768342511127145,0.3627260432919208,0.0,0.0,0.18589179217920632,0.0,0.0,4.420873120682381,0.27,0.06
2652,0.1768342511127145,0.191474601737728,0.0,0.0,0.01464035062501351,0.0,0.0,4.424350203955822,0.27,0.06
2653,0.197169193179791,0.092725340841529,0.104443852338262,0.0,0.0,0.0,0.0,4.424350203955822,0.27,0.06
2654,0.197169193179791,0.12865372116759685,0.06851547201219416,0.0,0.0,0.0,0.0,4.424350203955822,0.27,0.06
2655,0.238237821604418,0.216645981966171,0.021591839638247012,0.0,0.0,0.0,0.0,4.424350203955822,0.27,0.06
2656,0.238237821604418,0.16200042147023505,0.07623740013418295,0.0,0.0,0.0,0.0,4.424350203955822,0.27,0.06
2657,0.1977672797111755,0.09035880082005143,0.10740847889112407,0.0,0.0,0.0,0.0,4.424350203955822,0.27,0.06
2658,0.1977672797111755,0.08239862074780878,0.11536865896336672,0.0,0.0,0.0,0.0,4.424350203955822,0.27,0.06
2659,0.19597302011702175,0.0757292806872812,0.12024373942974055,0.0,0.0,0.0,0.0,4.424350203955822,0.27,0.06
2660,0.19597302011702175,0.038294920347545586,0.15767809976947617,0.0,0.0,0.0,0.0,4.424350203955822,0.27,0.06
2661,0.14254395664666375,0.04023118036511814,0.10231277628154561,0.0,0.0,0.0,0.0,4.424350203955822,0.27,0.06
2662,0.14254395664666375,0.029043900263587937,0.11350005638307581,0.0,0.0,0.0,0.0,4.424350203955822,0.27,0.06
2663,0.02472090996389695,0.012047840109340206,0.012673069854557184,0.0,0.0,0.0,0.0,4.424350203955822,0.27,0.06
2664,0.02472090996389695,0.002366540021477539,0.022354369942419412,0.0,0.0,0.0,0.0,4.424350203955822,0.27,0.06
2665,0.05542268524164,0.0,0.05542268524164003,0.0,0.0,-2.7755575615628914e-17,0.0,4.424350203955822,0.27,0.06
2666,0.05542268524164,0.0,0.05542268524164,0.0,0.0,0.0,0.0,4.424350203955822,0.27,0.06
2667,0.3024324227034825,0.0,0.3024324227034825,0.0,0.0,0.0,0.0,4.424350203955822,0.27,0.06
2668,0.3024324227034825,0.0,0.3024324227034825,0.0,0.0,0.0,0.0,4.424350203955822,0.27,0.06
2669,0.05482459871025525,0.0,0.05482459871025525,0.0,0.0,0.0,0.0,4.424350203955822,0.27,0.06
2670,0.05482459871025525,0.0,0.05482459871025525,0.0,0.0,0.0,0.0,4.424350203955822,0.27,0.06
2671,0.04585330073948625,0.0,0.04585330073948625,0.0,0.0,0.0,0.0,4.424350203955822,0.27,0.06
2672,0.04585330073948625,0.0,0.04585330073948625,0.0,0.0,0.0,0.0,4.424350203955822,0.27,0.06
2673,0.0610048262012295,0.0,0.0610048262012295,0.0,0.0,0.0,0.0,4.424350203955822,0.27,0.06
2674,0.0610048262012295,0.0,0.0610048262012295,0.0,0.0,0.0,0.0,4.424350203955822,0.27,0.06
2675,0.05023926863630675,0.0,0.05023926863630675,0.0,0.0,0.0,0.0,4.424350203955822,0.27,0.06
2676,0.05023926863630675,0.0,0.05023926863630675,0.0,0.0,0.0,0.0,4.424350203955822,0.27,0.06
2677,0.04585330073948625,0.0,0.04585330073948625,0.0,0.0,0.0,0.0,4.424350203955822,0.27,0.06
2678,0.04585330073948625,0.0,0.04585330073948625,0.0,0.0,0.0,0.0,4.424350203955822,0.27,0.06
2679,0.05083735516769125,0.0,0.05083735516769125,0.0,0.0,0.0,0.0,4.424350203955822,0.27,0.06
2680,0.05083735516769125,0.0,0.05083735516769125,0.0,0.0,0.0,0.0,4.424350203955822,0.27,0.06
2681,0.03648327841446075,0.0,0.03648327841446075,0.0,0.0,0.0,0.0,4.424350203955822,0.27,0.06
2682,0.03648327841446075,0.0,0.03648327841446075,0.0,0.0,0.0,0.0,4.424350203955822,0.27,0.06
2683,0.02432218560964055,0.0,0.02432218560964055,0.0,0.0,0.0,0.0,4.424350203955822,0.27,0.06
2684,0.02432218560964055,0.0,0.02432218560964055,0.0,0.0,0.0,0.0,4.424350203955822,0.27,0.06
2685,0.0181419581186663,0.0,0.0181419581186663,0.0,0.0,0.0,0.0,4.424350203955822,0.27,0.06
2686,0.0181419581186663,0.0,0.0181419581186663,0.0,0.0,0.0,0.0,4.424350203955822,0.27,0.06
2687,0.03628391623733275,0.0,0.03628391623733275,0.0,0.0,0.0,0.0,4.424350203955822,0.27,0.06
2688,0.03628391623733275,0.0,0.03628391623733275,0.0,0.0,0.0,0.0,4.424350203955822,0.27,0.06
2689,0.02272728819261495,0.0,0.02272728819261495,0.0,0.0,0.0,0.0,4.424350203955822,0.27,0.06
2690,0.02272728819261495,0.0,0.02272728819261495,0.0,0.0,0.0,0.0,4.424350203955822,0.27,0.06
2691,0.0410686084884095,0.0,0.0410686084884095,0.0,0.0,0.0,0.0,4.424350203955822,0.27,0.06
2692,0.0410686084884095,0.0,0.041068608488409486,0.0,0.0,1.3877787807814457e-17,0.0,4.424350203955822,0.27,0.06
2693,0.025717720849538,0.0,0.025717720849538,0.0,0.0,0.0,0.0,4.424350203955822,0.27,0.06
2694,0.025717720849538,0.0,0.025717720849538,0.0,0.0,0.0,0.0,4.424350203955822,0.27,0.06
2695,0.0163476985245125,0.0,0.0163476985245125,0.0,0.0,0.0,0.0,4.424350203955822,0.27,0.06
2696,0.0163476985245125,0.0,0.0163476985245125,0.0,0.0,0.0,0.0,4.424350203955822,0.27,0.06
2697,0.021132390775589326,0.0,0.021132390775589326,0.0,0.0,0.0,0.0,4.424350203955822,0.27,0.06
2698,0.021132390775589326,0.0,0.021132390775589326,0.0,0.0,0.0,0.0,4.424350203955822,0.27,0.06
2699,0.0137559902218459,0.0,0.0137559902218459,0.0,0.0,0.0,0.0,4.424350203955822,0.27,0.06
2700,0.0137559902218459,0.0,0.0137559902218459,0.0,0.0,0.0,0.0,4.424350203955822,0.27,0.06
2701,0.02452154778676875,0.0,0.02452154778676875,0.0,0.0,0.0,0.0,4.424350203955822,0.27,0.06
2702,0.02452154778676875,0.0,0.02452154778676885,0.0,0.0,0.0,0.0,4.424350203955822,0.27,0.06
2703,0.0629984479725115,0.0,0.0629984479725115,0.0,0.0,0.0,0.0,4.424350203955822,0.27,0.06
2704,0.0629984479725115,0.0,0.0629984479725115,0.0,0.0,0.0,0.0,4.424350203955822,0.27,0.06
2705,0.050637992990563,0.0,0.050637992990562986,0.0,0.0,1.3877787807814457e-17,0.0,4.424350203955822,0.27,0.06
2706,0.050637992990563,0.0,0.050637992990563,0.0,0.0,0.0,0.0,4.424350203955822,0.27,0.06
2707,0.03688200276871725,0.0,0.03688200276871725,0.0,0.0,0.0,0.0,4.424350203955822,0.27,0.06
2708,0.03688200276871725,0.0,0.03688200276871725,0.0,0.0,0.0,0.0,4.424350203955822,0.27,0.06
2709,0.019537493358563723,0.0,0.019537493358563723,0.0,0.0,0.0,0.0,4.424350203955822,0.27,0.06
2710,0.019537493358563723,0.0,0.019537493358563723,0.0,0.0,0.0,0.0,4.424350203955822,0.27,0.06
2711,0.04027115977989675,0.0,0.04027115977989675,0.0,0.0,0.0,0.0,4.424350203955822,0.27,0.06
2712,0.04027115977989675,0.0,0.04027115977989675,0.0,0.0,0.0,0.0,4.424350203955822,0.27,0.06
2713,0.138756075281228,0.0,0.138756075281228,0.0,0.0,0.0,0.0,4.424350203955822,0.27,0.06
2714,0.138756075281228,0.0,0.138756075281228,0.0,0.0,0.0,0.0,4.424350203955822,0.27,0.06
2715,0.04286286808256325,0.0,0.04286286808256325,0.0,0.0,0.0,0.0,4.424350203955822,0.27,0.06
2716,0.04286286808256325,0.0,0.04286286808256325,0.0,0.0,0.0,0.0,4.424350203955822,0.27,0.06
2717,0.0382775380086145,0.0,0.0382775380086145,0.0,0.0,0.0,0.0,4.424350203955822,0.27,0.06
2718,0.0382775380086145,0.0,0.0382775380086145,0.0,0.0,0.0,0.0,4.424350203955822,0.27,0.06
2719,0.038676262362871,0.0,0.03867626236287101,0.0,0.0,-6.938893903907228e-18,0.0,4.424350203955822,0.27,0.06
2720,0.038676262362871,0.0010757000097625171,0.037600562353108484,0.0,0.0,0.0,0.0,4.424350203955822,0.27,0.06
2721,0.02890751568358925,0.013338680121055217,0.015568835562534033,0.0,0.0,0.0,0.0,4.424350203955822,0.27,0.06
2722,0.02890751568358925,0.024095680218680377,0.0,0.0,0.0,0.004811835464908872,0.0,4.423083931465056,0.27,0.06
2723,0.03548646752881975,0.024310820220632884,0.011175647308186869,0.0,0.0,0.0,0.0,4.423083931465056,0.27,0.06
2724,0.03548646752881975,0.052494160476410805,0.0,6.938893903907228e-18,0.017007692947591045,0.0,0.0,4.427123258540109,0.27,0.06
2725,0.02791070479794825,0.045394540411978226,0.0,0.0,0.017483835614029976,0.0,0.0,4.431275669498441,0.27,0.06
2726,0.02791070479794825,0.09380104085129146,0.0,2.7755575615628914e-16,0.06589033605334293,0.0,0.0,4.4469246243111105,0.27,0.06
2727,0.0330941214032815,0.13768960124960222,0.0,0.0,0.10459547984632073,0.0,0.0,4.471766050774612,0.27,0.06
2728,0.0330941214032815,0.1832992816635331,0.0,0.0,0.1502051602602516,0.0,0.0,4.507439776336422,0.27,0.06
2729,0.0390749867171275,0.13424736121836228,0.0,0.0,0.09517237450123478,0.0,0.0,4.530043215280465,0.27,0.06
2730,0.0390749867171275,0.1052034609547742,0.0,-6.38378239159465e-16,0.06612847423764734,0.0,0.0,4.5457487279119055,0.27,0.06
2731,0.02591708302666625,0.10133094091962916,0.0,0.0,0.07541385789296291,0.0,0.0,4.563659519161484,0.27,0.06
2732,0.02591708302666625,0.10929112099187177,0.0,2.636779683484747e-16,0.08337403796520526,0.0,0.0,4.58346085317822,0.27,0.06
2733,0.021730477306973923,0.11337878102896931,0.0,0.0,0.0916483037219954,0.0,0.0,4.605227325312194,0.27,0.06
2734,0.021730477306973923,0.11918756108168692,0.0,0.0,0.09745708377471299,0.0,0.0,4.628373382708689,0.27,0.06
2735,0.018740044650050924,0.10305206093524913,0.0,0.0,0.0843120162851982,0.0,0.0,4.648397486576424,0.27,0.06
2736,0.018740044650050924,0.10305206093524913,0.0,0.0,0.0843120162851982,0.0,0.0,4.668421590444158,0.27,0.06
2737,0.3937402998281975,0.1103668210016343,0.2833734788265632,0.0,0.0,0.0,0.0,4.668421590444158,0.27,0.06
2738,0.3937402998281975,0.1036974809411067,0.2900428188870908,0.0,0.0,0.0,0.0,4.668421590444158,0.27,0.06
2739,0.4236446263974275,0.13661390123983957,0.28703072515758876,0.0,0.0,0.0,0.0,4.668421590444158,0.27,0.06
2740,0.4236446263974275,0.10004010090791414,0.32360452548951335,0.0,0.0,0.0,0.0,4.668421590444158,0.27,0.06
2741,0.3293463166157875,0.10348234093915416,0.22586397567663336,0.0,0.0,0.0,0.0,4.668421590444158,0.27,0.06
2742,0.3293463166157875,0.07981694072437877,0.24952937589140872,0.0,0.0,0.0,0.0,4.668421590444158,0.27,0.06
2743,0.16965721273609924,0.056796960515460904,0.11286025222063834,0.0,0.0,0.0,0.0,4.668421590444158,0.27,0.06
2744,0.16965721273609924,0.07422330067361367,0.09543391206248557,0.0,0.0,0.0,0.0,4.668421590444158,0.27,0.06
2745,0.2511963431815325,0.07357788066775618,0.17761846251377633,0.0,0.0,0.0,0.0,4.668421590444158,0.27,0.06
2746,0.2511963431815325,0.06131490055646347,0.18988144262506904,0.0,0.0,0.0,0.0,4.668421590444158,0.27,0.06
2747,0.17703361328984274,0.07078106064237365,0.10625255264746909,0.0,0.0,0.0,0.0,4.668421590444158,0.27,0.06
2748,0.17703361328984274,0.18437498167329533,0.0,0.0,0.00734136838345259,0.0,0.0,4.670165165435227,0.27,0.06
2749,0.18141958118666324,0.20588898186854598,0.0,0.0,0.024469400681882747,0.0,0.0,4.6759766480971745,0.27,0.06
2750,0.18141958118666324,0.23192092210479906,0.0,1.942890293094024e-16,0.05050134091813563,0.0,0.0,4.687970716565232,0.27,0.06
2751,0.2567784841411225,0.18975348172210807,0.0670250024190144,0.0,0.0,0.0,0.0,4.687970716565232,0.27,0.06
2752,0.2567784841411225,0.2192276619896011,0.03755082215152136,0.0,0.0,0.0,0.0,4.687970716565232,0.27,0.06
2753,0.1937800361686115,0.13510792122617227,0.058672114942439235,0.0,0.0,0.0,0.0,4.687970716565232,0.27,0.06
2754,0.1937800361686115,0.09896440089815157,0.09481563527045993,0.0,0.0,0.0,0.0,4.687970716565232,0.27,0.06
2755,0.122807101110972,0.10627916096453667,0.016527940146435327,0.0,0.0,0.0,0.0,4.687970716565232,0.27,0.06
2756,0.122807101110972,0.07852610071266374,0.04428100039830826,0.0,0.0,0.0,0.0,4.687970716565232,0.27,0.06
2757,0.0827353035082035,0.049912480452980745,0.03282282305522276,0.0,0.0,0.0,0.0,4.687970716565232,0.27,0.06
2758,0.0827353035082035,0.01936260017572531,0.06337270333247819,0.0,0.0,0.0,0.0,4.687970716565232,0.27,0.06
2759,0.1134370787859465,0.004733080042955075,0.10870399874299143,0.0,0.0,0.0,0.0,4.687970716565232,0.27,0.06
2760,0.1134370787859465,0.0,0.1134370787859465,0.0,0.0,0.0,0.0,4.687970716565232,0.27,0.06
2761,0.04286286808256325,0.0,0.04286286808256325,0.0,0.0,0.0,0.0,4.687970716565232,0.27,0.06
2762,0.04286286808256325,0.0,0.04286286808256325,0.0,0.0,0.0,0.0,4.687970716565232,0.27,0.06
2763,0.33572590628389,0.0,0.33572590628389,0.0,0.0,0.0,0.0,4.687970716565232,0.27,0.06
2764,0.33572590628389,0.0,0.33572590628389,0.0,0.0,0.0,0.0,4.687970716565232,0.27,0.06
2765,0.052631614761845,0.0,0.052631614761846635,0.0,0.0,0.0,0.0,4.687970716565232,0.27,0.06
2766,0.052631614761845,0.0,0.052631614761845,0.0,0.0,0.0,0.0,4.687970716565232,0.27,0.06
2767,0.0520335282304605,0.0,0.0520335282304605,0.0,0.0,0.0,0.0,4.687970716565232,0.27,0.06
2768,0.0520335282304605,0.0,0.0520335282304605,0.0,0.0,0.0,0.0,4.687970716565232,0.27,0.06
2769,0.054425874355999,0.0,0.05442587435599901,0.0,0.0,-6.938893903907228e-18,0.0,4.687970716565232,0.27,0.06
2770,0.054425874355999,0.0,0.054425874355999,0.0,0.0,0.0,0.0,4.687970716565232,0.27,0.06
2771,0.0470494738022555,0.0,0.0470494738022555,0.0,0.0,0.0,0.0,4.687970716565232,0.27,0.06
2772,0.0470494738022555,0.0,0.0470494738022555,0.0,0.0,0.0,0.0,4.687970716565232,0.27,0.06
2773,0.035685829705948,0.0,0.035685829705948,0.0,0.0,0.0,0.0,4.687970716565232,0.27,0.06
2774,0.035685829705948,0.0,0.035685829705948,0.0,0.0,0.0,0.0,4.687970716565232,0.27,0.06
2775,0.02412282343251235,0.0,0.02412282343251235,0.0,0.0,0.0,0.0,4.687970716565232,0.27,0.06
2776,0.02412282343251235,0.0,0.02412282343251235,0.0,0.0,0.0,0.0,4.687970716565232,0.27,0.06
2777,0.03249603487189675,0.0,0.03249603487189675,0.0,0.0,0.0,0.0,4.687970716565232,0.27,0.06
2778,0.03249603487189675,0.0,0.03249603487189675,0.0,0.0,0.0,0.0,4.687970716565232,0.27,0.06
2779,0.0181419581186663,0.0,0.0181419581186663,0.0,0.0,0.0,0.0,4.687970716565232,0.27,0.06
2780,0.0181419581186663,0.0,0.0181419581186663,0.0,0.0,0.0,0.0,4.687970716565232,0.27,0.06
2781,0.0175438715872817,0.0,0.017543871587281698,0.0,0.0,3.469446951953614e-18,0.0,4.687970716565232,0.27,0.06
2782,0.0175438715872817,0.0,0.0175438715872817,0.0,0.0,0.0,0.0,4.687970716565232,0.27,0.06
2783,0.02252792601548675,0.0,0.02252792601548675,0.0,0.0,0.0,0.0,4.687970716565232,0.27,0.06
2784,0.02252792601548675,0.0,0.02252792601548675,0.0,0.0,0.0,0.0,4.687970716565232,0.27,0.06
2785,0.0153508876388715,0.0,0.0153508876388715,0.0,0.0,0.0,0.0,4.687970716565232,0.27,0.06
2786,0.0153508876388715,0.0,0.0153508876388715,0.0,0.0,0.0,0.0,4.687970716565232,0.27,0.06
2787,0.09788682896994674,0.0,0.09788682896994674,0.0,0.0,0.0,0.0,4.687970716565232,0.27,0.06
2788,0.09788682896994674,0.0,0.09788682896994674,0.0,0.0,0.0,0.0,4.687970716565232,0.27,0.06
2789,0.05283097693897325,0.0,0.05283097693897325,0.0,0.0,0.0,0.0,4.687970716565232,0.27,0.06
2790,0.05283097693897325,0.0,0.05283097693897325,0.0,0.0,0.0,0.0,4.687970716565232,0.27,0.06
2791,0.038676262362871,0.0,0.038676262362871,0.0,0.0,0.0,0.0,4.687970716565232,0.27,0.06
2792,0.038676262362871,0.0,0.038676262362871,0.0,0.0,0.0,0.0,4.687970716565232,0.27,0.06
2793,0.03349284575753775,0.0,0.03349284575753775,0.0,0.0,0.0,0.0,4.687970716565232,0.27,0.06
2794,0.03349284575753775,0.0,0.03349284575753775,0.0,0.0,0.0,0.0,4.687970716565232,0.27,0.06
2795,0.02392346125538415,0.0,0.02392346125538415,0.0,0.0,0.0,0.0,4.687970716565232,0.27,0.06
2796,0.02392346125538415,0.0,0.02392346125538415,0.0,0.0,0.0,0.0,4.687970716565232,0.27,0.06
2797,0.02432218560964055,0.0,0.02432218560964055,0.0,0.0,0.0,0.0,4.687970716565232,0.27,0.06
2798,0.02432218560964055,0.0,0.02432218560964055,0.0,0.0,0.0,0.0,4.687970716565232,0.27,0.06
2799,0.0360845540602045,0.0,0.0360845540602045,0.0,0.0,0.0,0.0,4.687970716565232,0.27,0.06
2800,0.0360845540602045,0.0,0.0360845540602045,0.0,0.0,0.0,0.0,4.687970716565232,0.27,0.06
2801,0.03548646752881975,0.0,0.03548646752881975,0.0,0.0,0.0,0.0,4.687970716565232,0.27,0.06
2802,0.03548646752881975,0.0,0.03548646752881975,0.0,0.0,0.0,0.0,4.687970716565232,0.27,0.06
2803,0.035685829705948,0.0,0.035685829705948,0.0,0.0,0.0,0.0,4.687970716565232,0.27,0.06
2804,0.035685829705948,0.0,0.03568582970594747,0.0,0.0,0.0,0.0,4.687970716565232,0.27,0.06
2805,0.0263158073809225,0.0,0.0263158073809225,0.0,0.0,0.0,0.0,4.687970716565232,0.27,0.06
2806,0.0263158073809225,0.0,0.0263158073809225,0.0,0.0,0.0,0.0,4.687970716565232,0.27,0.06
2807,0.0350877431745635,0.0,0.0350877431745635,0.0,0.0,0.0,0.0,4.687970716565232,0.27,0.06
2808,0.0350877431745635,0.0,0.0350877431745635,0.0,0.0,0.0,0.0,4.687970716565232,0.27,0.06
2809,0.04585330073948625,0.0,0.04585330073948625,0.0,0.0,0.0,0.0,4.687970716565232,0.27,0.06
2810,0.04585330073948625,0.0,0.04585330073948625,0.0,0.0,0.0,0.0,4.687970716565232,0.27,0.06
2811,0.03987243542564025,0.0,0.03987243542564025,0.0,0.0,0.0,0.0,4.687970716565232,0.27,0.06
2812,0.03987243542564025,0.0,0.03987243542564025,0.0,0.0,0.0,0.0,4.687970716565232,0.27,0.06
2813,0.03987243542564025,0.0,0.03987243542564025,0.0,0.0,0.0,0.0,4.687970716565232,0.27,0.06
2814,0.03987243542564025,0.0,0.03987243542564025,0.0,0.0,0.0,0.0,4.687970716565232,0.27,0.06
2815,0.04226478155117875,0.0,0.04226478155117875,0.0,0.0,0.0,0.0,4.687970716565232,0.27,0.06
2816,0.04226478155117875,0.0,0.04226478155117875,0.0,0.0,0.0,0.0,4.687970716565232,0.27,0.06
2817,0.03987243542564025,0.00451794004100257,0.035354495384638085,0.0,0.0,0.0,0.0,4.687970716565232,0.27,0.06
2818,0.03987243542564025,0.014199240128865233,0.025673195296775017,0.0,0.0,0.0,0.0,4.687970716565232,0.27,0.06
2819,0.05582140959589625,0.024310820220632884,0.03151058937526337,0.0,0.0,0.0,0.0,4.687970716565232,0.27,0.06
2820,0.05582140959589625,0.03270128029678054,0.023120129299115715,0.0,0.0,0.0,0.0,4.687970716565232,0.27,0.06
2821,0.04525521420810175,0.057872660525223434,0.0,-7.91033905045424e-16,0.012617446317122472,0.0,0.0,4.690967360065549,0.27,0.06
2822,0.04525521420810175,0.043028000390500656,0.0,0.0,0.0,0.0022272138176010967,0.0,4.69038125116618,0.27,0.06
2823,0.03349284575753775,0.08110778073609373,0.0,-2.7755575615628914e-17,0.04761493497855601,0.0,0.0,4.701689798223587,0.27,0.06
2824,0.03349284575753775,0.1189724210797343,0.0,1.3877787807814457e-16,0.08547957532219641,0.0,0.0,4.721991197362608,0.27,0.06
2825,0.02771134262082,0.10434290094696415,0.0,0.0,0.07663155832614416,0.0,0.0,4.740191192465067,0.27,0.06
2826,0.02771134262082,0.13209596119883707,0.0,0.0,0.10438461857801706,0.0,0.0,4.764982539377346,0.27,0.06
2827,0.02292665036974315,0.1835144216654855,0.0,0.0,0.16058777129574237,0.0,0.0,4.803122135060085,0.27,0.06
2828,0.02292665036974315,0.20309216184316328,0.0,0.0,0.18016551147342014,0.0,0.0,4.845911444035022,0.27,0.06
2829,0.020334942067076527,0.17297256156981272,0.0,0.0,0.1526376195027362,0.0,0.0,4.8821628786669224,0.27,0.06
2830,0.020334942067076527,0.15726734142728022,0.0,0.0,0.13693239936020368,0.0,0.0,4.914684323514971,0.27,0.06
2831,0.03767945147723,0.24289306220437648,0.0,0.0,0.20521361072714647,0.0,0.0,4.963422556062668,0.27,0.06
2832,0.03767945147723,0.19168974173968067,0.0,0.0,0.15401029026245067,0.0,0.0,5.0,0.27,0.06
2833,0.4238439686383375,0.17340284157371774,0.25044112706461974,0.0,0.0,0.0,0.0,5.0,0.27,0.06
2834,0.4238439686383375,0.14177726128669962,0.28206670735163786,0.0,0.0,0.0,0.0,5.0,0.27,0.06
2835,0.42882804300276,0.11423934103677935,0.31458870196598065,0.0,0.0,0.0,0.0,5.0,0.27,0.06
2836,0.42882804300276,0.11144252101139679,0.3173855219913632,0.0,0.0,0.0,0.0,5.0,0.27,0.06
2837,0.30023943875507,0.12628718114611956,0.17395225760895042,0.0,0.0,0.0,0.0,5.0,0.27,0.06
2838,0.30023943875507,0.10843056098406174,0.19180887777100825,0.0,0.0,0.0,0.0,5.0,0.27,0.06
2839,0.18640363561486825,0.12198438110706951,0.06441925450779874,0.0,0.0,0.0,0.0,5.0,0.27,0.06
2840,0.18640363561486825,0.11596046105239935,0.0704431745624689,0.0,0.0,0.0,0.0,5.0,0.27,0.06
2841,0.2785089614480975,0.09380104085129146,0.18470792059680718,0.0,0.0,0.0,0.0,5.0,0.27,0.06
2842,0.2785089614480975,0.06239060056622599,0.21611836088187153,0.0,0.0,0.0,0.0,5.0,0.27,0.06
2843,0.189194706094663,0.04883678044321833,0.14035792565144467,0.0,0.0,0.0,0.0,5.0,0.27,0.06
2844,0.189194706094663,0.029043900263587937,0.16015080583107505,0.0,0.0,0.0,0.0,5.0,0.27,0.06
2845,0.253389327129945,0.035282960320210575,0.21810636680973441,0.0,0.0,0.0,0.0,5.0,0.27,0.06
2846,0.253389327129945,0.026247080238205406,0.2271422468917396,0.0,0.0,0.0,0.0,5.0,0.27,0.06
2847,0.20334942067076525,0.03399212030849557,0.16935730036226967,0.0,0.0,0.0,0.0,5.0,0.27,0.06
2848,0.20334942067076525,0.021729140197202842,0.1816202804735624,0.0,0.0,0.0,0.0,5.0,0.27,0.06
2849,0.0817384926225625,0.014629520132770232,0.06710897248979227,0.0,0.0,0.0,0.0,5.0,0.27,0.06
2850,0.0817384926225625,0.008820740080052644,0.07291775254250986,0.0,0.0,0.0,0.0,5.0,0.27,0.06
2851,0.14035097269825375,0.011617560105435186,0.12873341259281856,0.0,0.0,0.0,0.0,5.0,0.27,0.06
2852,0.14035097269825375,0.009681300087862653,0.13066967261039109,0.0,0.0,0.0,0.0,5.0,0.27,0.06
2853,0.05382778782461425,0.004302800039050066,0.04952498778556418,0.0,0.0,0.0,0.0,5.0,0.27,0.06
2854,0.05382778782461425,0.0,0.05382778782461425,0.0,0.0,0.0,0.0,5.0,0.27,0.06
2855,0.02990432656923025,0.0,0.02990432656923025,0.0,0.0,0.0,0.0,5.0,0.27,0.06
2856,0.02990432656923025,0.0,0.02990432656923025,0.0,0.0,0.0,0.0,5.0,0.27,0.06
2857,0.1401516105211255,0.0,0.1401516105211255,0.0,0.0,0.0,0.0,5.0,0.27,0.06
2858,0.1401516105211255,0.0,0.1401516105211255,0.0,0.0,0.0,0.0,5.0,0.27,0.06
2859,0.2693383013002,0.0,0.2693383013002,0.0,0.0,0.0,0.0,5.0,0.27,0.06
2860,0.2693383013002,0.0,0.2693383013002,0.0,0.0,0.0,0.0,5.0,0.27,0.06
2861,0.0470494738022555,0.0,0.0470494738022555,0.0,0.0,0.0,0.0,5.0,0.27,0.06
2862,0.0470494738022555,0.0,0.0470494738022555,0.0,0.0,0.0,0.0,5.0,0.27,0.06
2863,0.04724883597938375,0.0,0.04724883597938375,0.0,0.0,0.0,0.0,5.0,0.27,0.06
2864,0.04724883597938375,0.0,0.04724883597938375,0.0,0.0,0.0,0.0,5.0,0.27,0.06
2865,0.042663505905435,0.0,0.042663505905435,0.0,0.0,0.0,0.0,5.0,0.27,0.06
2866,0.042663505905435,0.0,0.042663505905435,0.0,0.0,0.0,0.0,5.0,0.27,0.06
2867,0.06957739981774225,0.0,0.06957739981774225,0.0,0.0,0.0,0.0,5.0,0.27,0.06
2868,0.06957739981774225,0.0,0.06957739981774225,0.0,0.0,0.0,0.0,5.0,0.27,0.06
2869,0.048445009042153,0.0,0.048445009042153,0.0,0.0,0.0,0.0,5.0,0.27,0.06
2870,0.048445009042153,0.0,0.048445009042153,0.0,0.0,0.0,0.0,5.0,0.27,0.06
2871,0.04764756033364,0.0,0.04764756033364,0.0,0.0,0.0,0.0,5.0,0.27,0.06
2872,0.04764756033364,0.0,0.04764756033364,0.0,0.0,0.0,0.0,5.0,0.27,0.06
2873,0.02511963431815325,0.0,0.02511963431815325,0.0,0.0,0.0,0.0,5.0,0.27,0.06
2874,0.02511963431815325,0.0,0.02511963431815325,0.0,0.0,0.0,0.0,5.0,0.27,0.06
2875,0.0171451472330253,0.0,0.0171451472330253,0.0,0.0,0.0,0.0,5.0,0.27,0.06
2876,0.0171451472330253,0.0,0.0171451472330253,0.0,0.0,0.0,0.0,5.0,0.27,0.06
2877,0.02292665036974315,0.0,0.02292665036974315,0.0,0.0,0.0,0.0,5.0,0.27,0.06
2878,0.02292665036974315,0.0,0.02292665036974315,0.0,0.0,0.0,0.0,5.0,0.27,0.06
2879,0.0173445094101535,0.0,0.0173445094101535,0.0,0.0,0.0,0.0,5.0,0.27,0.06
2880,0.0173445094101535,0.0,0.0173445094101535,0.0,0.0,0.0,0.0,5.0,0.27,0.06
