MIP has 10753 rows; 9409 cols; 25537 nonzeros; 1344 integer variables (1344 binary)
Coefficient ranges:
  Matrix  [2e-01, 1e+00]
  Cost    [1e-02, 6e-02]
  Bound   [1e+00, 1e+00]
  RHS     [3e-04, 2e+00]
Presolving model
8064 rows, 8598 cols, 22037 nonzeros 0s
6358 rows, 7226 cols, 17623 nonzeros 0s
4504 rows, 5611 cols, 12818 nonzeros 0s
2811 rows, 3905 cols, 8331 nonzeros 0s
2567 rows, 3661 cols, 7843 nonzeros 0s
Presolve reductions: rows 2567(-8186); columns 3661(-5748); nonzeros 7843(-17694) 

Solving MIP model with:
   2567 rows
   3661 cols (404 binary, 0 integer, 0 implied int., 3257 continuous, 0 domain fixed)
   7843 nonzeros

Src: B => Branching; C => Central rounding; F => Feasibility pump; H => Heuristic;
     I => Shifting; J => Feasibility jump; L => Sub-MIP; P => Empty MIP; R => Randomized rounding;
     S => Solve LP; T => Evaluate node; U => Unbounded; X => User solution; Y => HiGHS solution;
     Z => ZI Round; l => Trivial lower; p => Trivial point; u => Trivial upper; z => Trivial zero

        Nodes      |    B&B Tree     |            Objective Bounds              |  Dynamic Constraints |       Work      
Src  Proc. InQueue |  Leaves   Expl. | BestBound       BestSol              Gap |   Cuts   InLp Confl. | LpIters     Time

 J       0       0         0   0.00%   -inf            2.337709086        Large        0      0      0         0     0.5s
 T       0       0         0   0.00%   -1.243330486    -0.0997264629   1146.74%        0      0      0       993     0.6s
         1       0         1 100.00%   -0.0997264629   -0.0997264629      0.00%        0      0      0       993     0.6s

Solving report
  Status            Optimal
  Primal bound      -0.0997264628827
  Dual bound        -0.0997264628827
  Gap               0% (tolerance: 0.5%)
  P-D integral      0.0619013777774
  Solution status   feasible
                    -0.0997264628827 (objective)
                    0 (bound viol.)
                    0 (int. viol.)
                    0 (row viol.)
  Timing            0.55
  Max sub-MIP depth 0
  Nodes             1
  Repair LPs        0
  LP iterations     993
                    0 (strong br.)
                    0 (separation)
                    0 (heuristics)
MIP has 10753 rows; 9409 cols; 25537 nonzeros; 1344 integer variables (1344 binary)
Coefficient ranges:
  Matrix  [2e-01, 1e+00]
  Cost    [1e-02, 6e-02]
  Bound   [1e+00, 1e+00]
  RHS     [1e-04, 2e+00]
Presolving model
8064 rows, 8601 cols, 22040 nonzeros 0s
6352 rows, 7223 cols, 17614 nonzeros 0s
4499 rows, 5605 cols, 12807 nonzeros 0s
2822 rows, 3911 cols, 8352 nonzeros 0s
2581 rows, 3670 cols, 7870 nonzeros 0s
Presolve reductions: rows 2581(-8172); columns 3670(-5739); nonzeros 7870(-17667) 

Solving MIP model with:
   2581 rows
   3670 cols (405 binary, 0 integer, 0 implied int., 3265 continuous, 0 domain fixed)
   7870 nonzeros

Src: B => Branching; C => Central rounding; F => Feasibility pump; H => Heuristic;
     I => Shifting; J => Feasibility jump; L => Sub-MIP; P => Empty MIP; R => Randomized rounding;
     S => Solve LP; T => Evaluate node; U => Unbounded; X => User solution; Y => HiGHS solution;
     Z => ZI Round; l => Trivial lower; p => Trivial point; u => Trivial upper; z => Trivial zero

        Nodes      |    B&B Tree     |            Objective Bounds              |  Dynamic Constraints |       Work      
Src  Proc. InQueue |  Leaves   Expl. | BestBound       BestSol              Gap |   Cuts   InLp Confl. | LpIters     Time

 J       0       0         0   0.00%   -inf            1.936203967        Large        0      0      0         0     0.4s
 T       0       0         0   0.00%   -1.175232877    -0.2327208274    405.00%        0      0      0       996     0.4s
         1       0         1 100.00%   -0.2327208274   -0.2327208274      0.00%        0      0      0       996     0.4s

Solving report
  Status            Optimal
  Primal bound      -0.232720827435
  Dual bound        -0.232720827435
  Gap               0% (tolerance: 0.5%)
  P-D integral      0.0435035955246
  Solution status   feasible
                    -0.232720827435 (objective)
                    0 (bound viol.)
                    0 (int. viol.)
                    0 (row viol.)
  Timing            0.44
  Max sub-MIP depth 0
  Nodes             1
  Repair LPs        0
  LP iterations     996
                    0 (strong br.)
                    0 (separation)
                    0 (heuristics)
MIP has 10753 rows; 9409 cols; 25537 nonzeros; 1344 integer variables (1344 binary)
Coefficient ranges:
  Matrix  [2e-01, 1e+00]
  Cost    [1e-02, 6e-02]
  Bound   [1e+00, 1e+00]
  RHS     [1e-04, 2e+00]
Presolving model
8064 rows, 8609 cols, 22048 nonzeros 0s
6357 rows, 7236 cols, 17632 nonzeros 0s
4500 rows, 5615 cols, 12818 nonzeros 0s
2869 rows, 3954 cols, 8474 nonzeros 0s
2631 rows, 3716 cols, 7998 nonzeros 0s
Presolve reductions: rows 2631(-8122); columns 3716(-5693); nonzeros 7998(-17539) 

Solving MIP model with:
   2631 rows
   3716 cols (413 binary, 0 integer, 0 implied int., 3303 continuous, 0 domain fixed)
   7998 nonzeros

Src: B => Branching; C => Central rounding; F => Feasibility pump; H => Heuristic;
     I => Shifting; J => Feasibility jump; L => Sub-MIP; P => Empty MIP; R => Randomized rounding;
     S => Solve LP; T => Evaluate node; U => Unbounded; X => User solution; Y => HiGHS solution;
     Z => ZI Round; l => Trivial lower; p => Trivial point; u => Trivial upper; z => Trivial zero

        Nodes      |    B&B Tree     |            Objective Bounds              |  Dynamic Constraints |       Work      
Src  Proc. InQueue |  Leaves   Expl. | BestBound       BestSol              Gap |   Cuts   InLp Confl. | LpIters     Time

 J       0       0         0   0.00%   -inf            1.752719641        Large        0      0      0         0     0.4s
 T       0       0         0   0.00%   -1.229755633    -0.320475599     283.73%        0      0      0      1008     0.4s
         1       0         1 100.00%   -0.320475599    -0.320475599       0.00%        0      0      0      1008     0.4s

Solving report
  Status            Optimal
  Primal bound      -0.320475598984
  Dual bound        -0.320475598984
  Gap               0% (tolerance: 0.5%)
  P-D integral      0.0724607221061
  Solution status   feasible
                    -0.320475598984 (objective)
                    0 (bound viol.)
                    0 (int. viol.)
                    0 (row viol.)
  Timing            0.42
  Max sub-MIP depth 0
  Nodes             1
  Repair LPs        0
  LP iterations     1008
                    0 (strong br.)
                    0 (separation)
                    0 (heuristics)
MIP has 10753 rows; 9409 cols; 25537 nonzeros; 1344 integer variables (1344 binary)
Coefficient ranges:
  Matrix  [2e-01, 1e+00]
  Cost    [1e-02, 6e-02]
  Bound   [1e+00, 1e+00]
  RHS     [3e-04, 2e+00]
Presolving model
8064 rows, 8617 cols, 22056 nonzeros 0s
6350 rows, 7237 cols, 17626 nonzeros 0s
4501 rows, 5619 cols, 12823 nonzeros 0s
2893 rows, 3975 cols, 8535 nonzeros 0s
2660 rows, 3742 cols, 8069 nonzeros 0s
Presolve reductions: rows 2660(-8093); columns 3742(-5667); nonzeros 8069(-17468) 

Solving MIP model with:
   2660 rows
   3742 cols (417 binary, 0 integer, 0 implied int., 3325 continuous, 0 domain fixed)
   8069 nonzeros

Src: B => Branching; C => Central rounding; F => Feasibility pump; H => Heuristic;
     I => Shifting; J => Feasibility jump; L => Sub-MIP; P => Empty MIP; R => Randomized rounding;
     S => Solve LP; T => Evaluate node; U => Unbounded; X => User solution; Y => HiGHS solution;
     Z => ZI Round; l => Trivial lower; p => Trivial point; u => Trivial upper; z => Trivial zero

        Nodes      |    B&B Tree     |            Objective Bounds              |  Dynamic Constraints |       Work      
Src  Proc. InQueue |  Leaves   Expl. | BestBound       BestSol              Gap |   Cuts   InLp Confl. | LpIters     Time

         0       0         0   0.00%   -1.41329486     inf                  inf        0      0      0         0     0.4s
 T       0       0         0   0.00%   -1.41329486     -0.5574509596    153.53%        0      0      0      1029     0.5s
         1       0         1 100.00%   -0.5574509596   -0.5574509596      0.00%        0      0      0      1029     0.5s

Solving report
  Status            Optimal
  Primal bound      -0.557450959625
  Dual bound        -0.557450959625
  Gap               0% (tolerance: 0.5%)
  P-D integral      0.000121747776847
  Solution status   feasible
                    -0.557450959625 (objective)
                    0 (bound viol.)
                    0 (int. viol.)
                    0 (row viol.)
  Timing            0.45
  Max sub-MIP depth 0
  Nodes             1
  Repair LPs        0
  LP iterations     1029
                    0 (strong br.)
                    0 (separation)
                    0 (heuristics)
MIP has 10753 rows; 9409 cols; 25537 nonzeros; 1344 integer variables (1344 binary)
Coefficient ranges:
  Matrix  [2e-01, 1e+00]
  Cost    [1e-02, 6e-02]
  Bound   [1e+00, 1e+00]
  RHS     [8e-05, 2e+00]
WARNING: Problem has some excessively small row bounds
Presolving model
8064 rows, 8611 cols, 22050 nonzeros 0s
6356 rows, 7237 cols, 17632 nonzeros 0s
4502 rows, 5620 cols, 12825 nonzeros 0s
2898 rows, 3978 cols, 8551 nonzeros 0s
2656 rows, 3736 cols, 8067 nonzeros 0s
Presolve reductions: rows 2656(-8097); columns 3736(-5673); nonzeros 8067(-17470) 

Solving MIP model with:
   2656 rows
   3736 cols (419 binary, 0 integer, 0 implied int., 3317 continuous, 0 domain fixed)
   8067 nonzeros

Src: B => Branching; C => Central rounding; F => Feasibility pump; H => Heuristic;
     I => Shifting; J => Feasibility jump; L => Sub-MIP; P => Empty MIP; R => Randomized rounding;
     S => Solve LP; T => Evaluate node; U => Unbounded; X => User solution; Y => HiGHS solution;
     Z => ZI Round; l => Trivial lower; p => Trivial point; u => Trivial upper; z => Trivial zero

        Nodes      |    B&B Tree     |            Objective Bounds              |  Dynamic Constraints |       Work      
Src  Proc. InQueue |  Leaves   Expl. | BestBound       BestSol              Gap |   Cuts   InLp Confl. | LpIters     Time

 J       0       0         0   0.00%   -inf            1.187240819        Large        0      0      0         0     0.4s
 T       0       0         0   0.00%   -1.811656024    -1.041964691      73.87%        0      0      0      1029     0.5s
         1       0         1 100.00%   -1.041964691    -1.041964691       0.00%        0      0      0      1029     0.5s

Solving report
  Status            Optimal
  Primal bound      -1.04196469085
  Dual bound        -1.04196469085
  Gap               0% (tolerance: 0.5%)
  P-D integral      0.0991611794829
  Solution status   feasible
                    -1.04196469085 (objective)
                    0 (bound viol.)
                    0 (int. viol.)
                    0 (row viol.)
  Timing            0.45
  Max sub-MIP depth 0
  Nodes             1
  Repair LPs        0
  LP iterations     1029
                    0 (strong br.)
                    0 (separation)
                    0 (heuristics)
MIP has 10753 rows; 9409 cols; 25537 nonzeros; 1344 integer variables (1344 binary)
Coefficient ranges:
  Matrix  [2e-01, 1e+00]
  Cost    [1e-02, 6e-02]
  Bound   [1e+00, 1e+00]
  RHS     [8e-05, 2e+00]
WARNING: Problem has some excessively small row bounds
Presolving model
8064 rows, 8635 cols, 22074 nonzeros 0s
6345 rows, 7250 cols, 17634 nonzeros 0s
4476 rows, 5606 cols, 12785 nonzeros 0s
3066 rows, 4100 cols, 8989 nonzeros 0s
2870 rows, 3904 cols, 8597 nonzeros 0s
Presolve reductions: rows 2870(-7883); columns 3904(-5505); nonzeros 8597(-16940) 

Solving MIP model with:
   2870 rows
   3904 cols (456 binary, 0 integer, 0 implied int., 3448 continuous, 0 domain fixed)
   8597 nonzeros

Src: B => Branching; C => Central rounding; F => Feasibility pump; H => Heuristic;
     I => Shifting; J => Feasibility jump; L => Sub-MIP; P => Empty MIP; R => Randomized rounding;
     S => Solve LP; T => Evaluate node; U => Unbounded; X => User solution; Y => HiGHS solution;
     Z => ZI Round; l => Trivial lower; p => Trivial point; u => Trivial upper; z => Trivial zero

        Nodes      |    B&B Tree     |            Objective Bounds              |  Dynamic Constraints |       Work      
Src  Proc. InQueue |  Leaves   Expl. | BestBound       BestSol              Gap |   Cuts   InLp Confl. | LpIters     Time

 J       0       0         0   0.00%   -inf            0.873977844        Large        0      0      0         0     0.4s
 T       0       0         0   0.00%   -2.388670937    -1.572628285      51.89%        0      0      0      1094     0.5s
         1       0         1 100.00%   -1.572628285    -1.572628285       0.00%        0      0      0      1094     0.5s

Solving report
  Status            Optimal
  Primal bound      -1.57262828462
  Dual bound        -1.57262828462
  Gap               0% (tolerance: 0.5%)
  P-D integral      0.134948571141
  Solution status   feasible
                    -1.57262828462 (objective)
                    0 (bound viol.)
                    0 (int. viol.)
                    0 (row viol.)
  Timing            0.47
  Max sub-MIP depth 0
  Nodes             1
  Repair LPs        0
  LP iterations     1094
                    0 (strong br.)
                    0 (separation)
                    0 (heuristics)
MIP has 10753 rows; 9409 cols; 25537 nonzeros; 1344 integer variables (1344 binary)
Coefficient ranges:
  Matrix  [2e-01, 1e+00]
  Cost    [1e-02, 6e-02]
  Bound   [1e+00, 1e+00]
  RHS     [2e-04, 2e+00]
Presolving model
8064 rows, 8674 cols, 22113 nonzeros 0s
6336 rows, 7280 cols, 17655 nonzeros 0s
4453 rows, 5614 cols, 12770 nonzeros 0s
3327 rows, 4296 cols, 9658 nonzeros 0s
3174 rows, 4143 cols, 9352 nonzeros 0s
Presolve reductions: rows 3174(-7579); columns 4143(-5266); nonzeros 9352(-16185) 

Solving MIP model with:
   3174 rows
   4143 cols (509 binary, 0 integer, 0 implied int., 3634 continuous, 0 domain fixed)
   9352 nonzeros

Src: B => Branching; C => Central rounding; F => Feasibility pump; H => Heuristic;
     I => Shifting; J => Feasibility jump; L => Sub-MIP; P => Empty MIP; R => Randomized rounding;
     S => Solve LP; T => Evaluate node; U => Unbounded; X => User solution; Y => HiGHS solution;
     Z => ZI Round; l => Trivial lower; p => Trivial point; u => Trivial upper; z => Trivial zero

        Nodes      |    B&B Tree     |            Objective Bounds              |  Dynamic Constraints |       Work      
Src  Proc. InQueue |  Leaves   Expl. | BestBound       BestSol              Gap |   Cuts   InLp Confl. | LpIters     Time

 J       0       0         0   0.00%   -inf            0.7243353126       Large        0      0      0         0     0.4s
 T       0       0         0   0.00%   -2.941061207    -2.155814628      36.42%        0      0      0      1203     0.5s
         1       0         1 100.00%   -2.155814628    -2.155814628       0.00%        0      0      0      1203     0.5s

Solving report
  Status            Optimal
  Primal bound      -2.15581462794
  Dual bound        -2.15581462794
  Gap               0% (tolerance: 0.5%)
  P-D integral      0.19564081725
  Solution status   feasible
                    -2.15581462794 (objective)
                    0 (bound viol.)
                    0 (int. viol.)
                    0 (row viol.)
  Timing            0.45
  Max sub-MIP depth 0
  Nodes             1
  Repair LPs        0
  LP iterations     1203
                    0 (strong br.)
                    0 (separation)
                    0 (heuristics)
MIP has 10753 rows; 9409 cols; 25537 nonzeros; 1344 integer variables (1344 binary)
Coefficient ranges:
  Matrix  [2e-01, 1e+00]
  Cost    [1e-02, 6e-02]
  Bound   [1e+00, 1e+00]
  RHS     [2e-04, 2e+00]
Presolving model
8064 rows, 8692 cols, 22131 nonzeros 0s
6328 rows, 7290 cols, 17657 nonzeros 0s
4435 rows, 5606 cols, 12744 nonzeros 0s
3497 rows, 4436 cols, 10112 nonzeros 0s
3373 rows, 4312 cols, 9864 nonzeros 0s
Presolve reductions: rows 3373(-7380); columns 4312(-5097); nonzeros 9864(-15673) 

Solving MIP model with:
   3373 rows
   4312 cols (545 binary, 0 integer, 0 implied int., 3767 continuous, 0 domain fixed)
   9864 nonzeros

Src: B => Branching; C => Central rounding; F => Feasibility pump; H => Heuristic;
     I => Shifting; J => Feasibility jump; L => Sub-MIP; P => Empty MIP; R => Randomized rounding;
     S => Solve LP; T => Evaluate node; U => Unbounded; X => User solution; Y => HiGHS solution;
     Z => ZI Round; l => Trivial lower; p => Trivial point; u => Trivial upper; z => Trivial zero

        Nodes      |    B&B Tree     |            Objective Bounds              |  Dynamic Constraints |       Work      
Src  Proc. InQueue |  Leaves   Expl. | BestBound       BestSol              Gap |   Cuts   InLp Confl. | LpIters     Time

 J       0       0         0   0.00%   -inf            0.773310911        Large        0      0      0         0     0.5s
 T       0       0         0   0.00%   -3.12242804     -2.318751115      34.66%        0      0      0      1253     0.5s
         1       0         1 100.00%   -2.318751115    -2.318751115       0.00%        0      0      0      1253     0.5s

Solving report
  Status            Optimal
  Primal bound      -2.31875111499
  Dual bound        -2.31875111499
  Gap               0% (tolerance: 0.5%)
  P-D integral      0.182919409553
  Solution status   feasible
                    -2.31875111499 (objective)
                    0 (bound viol.)
                    0 (int. viol.)
                    0 (row viol.)
  Timing            0.50
  Max sub-MIP depth 0
  Nodes             1
  Repair LPs        0
  LP iterations     1253
                    0 (strong br.)
                    0 (separation)
                    0 (heuristics)
MIP has 10753 rows; 9409 cols; 25537 nonzeros; 1344 integer variables (1344 binary)
Coefficient ranges:
  Matrix  [2e-01, 1e+00]
  Cost    [1e-02, 6e-02]
  Bound   [1e+00, 1e+00]
  RHS     [3e-04, 2e+00]
Presolving model
8064 rows, 8707 cols, 22146 nonzeros 0s
6324 rows, 7301 cols, 17664 nonzeros 0s
4427 rows, 5606 cols, 12736 nonzeros 0s
3565 rows, 4491 cols, 10287 nonzeros 0s
3455 rows, 4381 cols, 10067 nonzeros 0s
Presolve reductions: rows 3455(-7298); columns 4381(-5028); nonzeros 10067(-15470) 

Solving MIP model with:
   3455 rows
   4381 cols (558 binary, 0 integer, 0 implied int., 3823 continuous, 0 domain fixed)
   10067 nonzeros

Src: B => Branching; C => Central rounding; F => Feasibility pump; H => Heuristic;
     I => Shifting; J => Feasibility jump; L => Sub-MIP; P => Empty MIP; R => Randomized rounding;
     S => Solve LP; T => Evaluate node; U => Unbounded; X => User solution; Y => HiGHS solution;
     Z => ZI Round; l => Trivial lower; p => Trivial point; u => Trivial upper; z => Trivial zero

        Nodes      |    B&B Tree     |            Objective Bounds              |  Dynamic Constraints |       Work      
Src  Proc. InQueue |  Leaves   Expl. | BestBound       BestSol              Gap |   Cuts   InLp Confl. | LpIters     Time

 J       0       0         0   0.00%   -inf            1.181063181        Large        0      0      0         0     0.4s
 T       0       0         0   0.00%   -3.202057383    -2.370452733      35.08%        0      0      0      1321     0.5s
         1       0         1 100.00%   -2.370452733    -2.370452733       0.00%        0      0      0      1321     0.5s

Solving report
  Status            Optimal
  Primal bound      -2.37045273292
  Dual bound        -2.37045273292
  Gap               0% (tolerance: 0.5%)
  P-D integral      0.181369132361
  Solution status   feasible
                    -2.37045273292 (objective)
                    0 (bound viol.)
                    0 (int. viol.)
                    0 (row viol.)
  Timing            0.48
  Max sub-MIP depth 0
  Nodes             1
  Repair LPs        0
  LP iterations     1321
                    0 (strong br.)
                    0 (separation)
                    0 (heuristics)
MIP has 10753 rows; 9409 cols; 25537 nonzeros; 1344 integer variables (1344 binary)
Coefficient ranges:
  Matrix  [2e-01, 1e+00]
  Cost    [1e-02, 6e-02]
  Bound   [1e+00, 1e+00]
  RHS     [2e-04, 2e+00]
Presolving model
8064 rows, 8724 cols, 22163 nonzeros 0s
6337 rows, 7331 cols, 17707 nonzeros 0s
4444 rows, 5646 cols, 12793 nonzeros 0s
3558 rows, 4527 cols, 10296 nonzeros 0s
3445 rows, 4414 cols, 10070 nonzeros 0s
Presolve reductions: rows 3445(-7308); columns 4414(-4995); nonzeros 10070(-15467) 

Solving MIP model with:
   3445 rows
   4414 cols (553 binary, 0 integer, 0 implied int., 3861 continuous, 0 domain fixed)
   10070 nonzeros

Src: B => Branching; C => Central rounding; F => Feasibility pump; H => Heuristic;
     I => Shifting; J => Feasibility jump; L => Sub-MIP; P => Empty MIP; R => Randomized rounding;
     S => Solve LP; T => Evaluate node; U => Unbounded; X => User solution; Y => HiGHS solution;
     Z => ZI Round; l => Trivial lower; p => Trivial point; u => Trivial upper; z => Trivial zero

        Nodes      |    B&B Tree     |            Objective Bounds              |  Dynamic Constraints |       Work      
Src  Proc. InQueue |  Leaves   Expl. | BestBound       BestSol              Gap |   Cuts   InLp Confl. | LpIters     Time

         0       0         0   0.00%   -3.818195065    inf                  inf        0      0      0         0     0.5s
 T       0       0         0   0.00%   -3.818195065    -2.972730693      28.44%        0      0      0      1357     0.5s
         1       0         1 100.00%   -2.972730693    -2.972730693       0.00%        0      0      0      1357     0.5s

Solving report
  Status            Optimal
  Primal bound      -2.97273069343
  Dual bound        -2.97273069343
  Gap               0% (tolerance: 0.5%)
  P-D integral      2.16717860416e-05
  Solution status   feasible
                    -2.97273069343 (objective)
                    0 (bound viol.)
                    0 (int. viol.)
                    0 (row viol.)
  Timing            0.51
  Max sub-MIP depth 0
  Nodes             1
  Repair LPs        0
  LP iterations     1357
                    0 (strong br.)
                    0 (separation)
                    0 (heuristics)
MIP has 10753 rows; 9409 cols; 25537 nonzeros; 1344 integer variables (1344 binary)
Coefficient ranges:
  Matrix  [2e-01, 1e+00]
  Cost    [1e-02, 6e-02]
  Bound   [1e+00, 1e+00]
  RHS     [1e-04, 2e+00]
Presolving model
8064 rows, 8744 cols, 22183 nonzeros 0s
6340 rows, 7354 cols, 17733 nonzeros 0s
4464 rows, 5688 cols, 12855 nonzeros 0s
3618 rows, 4619 cols, 10480 nonzeros 0s
3508 rows, 4509 cols, 10260 nonzeros 0s
Presolve reductions: rows 3508(-7245); columns 4509(-4900); nonzeros 10260(-15277) 

Solving MIP model with:
   3508 rows
   4509 cols (561 binary, 0 integer, 0 implied int., 3948 continuous, 0 domain fixed)
   10260 nonzeros

Src: B => Branching; C => Central rounding; F => Feasibility pump; H => Heuristic;
     I => Shifting; J => Feasibility jump; L => Sub-MIP; P => Empty MIP; R => Randomized rounding;
     S => Solve LP; T => Evaluate node; U => Unbounded; X => User solution; Y => HiGHS solution;
     Z => ZI Round; l => Trivial lower; p => Trivial point; u => Trivial upper; z => Trivial zero

        Nodes      |    B&B Tree     |            Objective Bounds              |  Dynamic Constraints |       Work      
Src  Proc. InQueue |  Leaves   Expl. | BestBound       BestSol              Gap |   Cuts   InLp Confl. | LpIters     Time

 J       0       0         0   0.00%   -inf            1.705569805        Large        0      0      0         0     0.5s
 T       0       0         0   0.00%   -4.541036626    -3.824229887      18.74%        0      0      0      1406     0.6s
         1       0         1 100.00%   -3.824229887    -3.824229887       0.00%        0      0      0      1406     0.6s

Solving report
  Status            Optimal
  Primal bound      -3.8242298873
  Dual bound        -3.8242298873
  Gap               0% (tolerance: 0.5%)
  P-D integral      0.186395879267
  Solution status   feasible
                    -3.8242298873 (objective)
                    0 (bound viol.)
                    0 (int. viol.)
                    0 (row viol.)
  Timing            0.58
  Max sub-MIP depth 0
  Nodes             1
  Repair LPs        0
  LP iterations     1406
                    0 (strong br.)
                    0 (separation)
                    0 (heuristics)
MIP has 10753 rows; 9409 cols; 25537 nonzeros; 1344 integer variables (1344 binary)
Coefficient ranges:
  Matrix  [2e-01, 1e+00]
  Cost    [1e-02, 6e-02]
  Bound   [1e+00, 1e+00]
  RHS     [1e-04, 2e+00]
Presolving model
8064 rows, 8764 cols, 22203 nonzeros 0s
6340 rows, 7374 cols, 17753 nonzeros 0s
4469 rows, 5705 cols, 12877 nonzeros 0s
3705 rows, 4699 cols, 10711 nonzeros 0s
3612 rows, 4606 cols, 10525 nonzeros 0s
Presolve reductions: rows 3612(-7141); columns 4606(-4803); nonzeros 10525(-15012) 

Solving MIP model with:
   3612 rows
   4606 cols (577 binary, 0 integer, 0 implied int., 4029 continuous, 0 domain fixed)
   10525 nonzeros

Src: B => Branching; C => Central rounding; F => Feasibility pump; H => Heuristic;
     I => Shifting; J => Feasibility jump; L => Sub-MIP; P => Empty MIP; R => Randomized rounding;
     S => Solve LP; T => Evaluate node; U => Unbounded; X => User solution; Y => HiGHS solution;
     Z => ZI Round; l => Trivial lower; p => Trivial point; u => Trivial upper; z => Trivial zero

        Nodes      |    B&B Tree     |            Objective Bounds              |  Dynamic Constraints |       Work      
Src  Proc. InQueue |  Leaves   Expl. | BestBound       BestSol              Gap |   Cuts   InLp Confl. | LpIters     Time

         0       0         0   0.00%   -4.874046877    inf                  inf        0      0      0         0     0.5s
 T       0       0         0   0.00%   -4.874046877    -4.176521985      16.70%        0      0      0      1437     0.5s
         1       0         1 100.00%   -4.176521985    -4.176521985       0.00%        0      0      0      1437     0.5s

Solving report
  Status            Optimal
  Primal bound      -4.17652198539
  Dual bound        -4.17652198539
  Gap               0% (tolerance: 0.5%)
  P-D integral      1.25425228323e-05
  Solution status   feasible
                    -4.17652198539 (objective)
                    0 (bound viol.)
                    0 (int. viol.)
                    0 (row viol.)
  Timing            0.53
  Max sub-MIP depth 0
  Nodes             1
  Repair LPs        0
  LP iterations     1437
                    0 (strong br.)
                    0 (separation)
                    0 (heuristics)
MIP has 10753 rows; 9409 cols; 25537 nonzeros; 1344 integer variables (1344 binary)
Coefficient ranges:
  Matrix  [2e-01, 1e+00]
  Cost    [1e-02, 6e-02]
  Bound   [1e+00, 1e+00]
  RHS     [1e-04, 2e+00]
Presolving model
8064 rows, 8776 cols, 22215 nonzeros 0s
6330 rows, 7376 cols, 17745 nonzeros 0s
4444 rows, 5683 cols, 12830 nonzeros 0s
3799 rows, 4751 cols, 10973 nonzeros 0s
3767 rows, 4719 cols, 10909 nonzeros 0s
Presolve reductions: rows 3767(-6986); columns 4719(-4690); nonzeros 10909(-14628) 

Solving MIP model with:
   3767 rows
   4719 cols (606 binary, 0 integer, 0 implied int., 4113 continuous, 0 domain fixed)
   10909 nonzeros

Src: B => Branching; C => Central rounding; F => Feasibility pump; H => Heuristic;
     I => Shifting; J => Feasibility jump; L => Sub-MIP; P => Empty MIP; R => Randomized rounding;
     S => Solve LP; T => Evaluate node; U => Unbounded; X => User solution; Y => HiGHS solution;
     Z => ZI Round; l => Trivial lower; p => Trivial point; u => Trivial upper; z => Trivial zero

        Nodes      |    B&B Tree     |            Objective Bounds              |  Dynamic Constraints |       Work      
Src  Proc. InQueue |  Leaves   Expl. | BestBound       BestSol              Gap |   Cuts   InLp Confl. | LpIters     Time

         0       0         0   0.00%   -4.320751743    inf                  inf        0      0      0         0     0.5s
 T       0       0         0   0.00%   -4.320751743    -3.627806938      19.10%        0      0      0      1469     0.5s
         1       0         1 100.00%   -3.627806938    -3.627806938       0.00%        0      0      0      1469     0.5s

Solving report
  Status            Optimal
  Primal bound      -3.6278069378
  Dual bound        -3.6278069378
  Gap               0% (tolerance: 0.5%)
  P-D integral      1.51661358795e-05
  Solution status   feasible
                    -3.6278069378 (objective)
                    0 (bound viol.)
                    0 (int. viol.)
                    0 (row viol.)
  Timing            0.51
  Max sub-MIP depth 0
  Nodes             1
  Repair LPs        0
  LP iterations     1469
                    0 (strong br.)
                    0 (separation)
                    0 (heuristics)
MIP has 10753 rows; 9409 cols; 25537 nonzeros; 1344 integer variables (1344 binary)
Coefficient ranges:
  Matrix  [2e-01, 1e+00]
  Cost    [1e-02, 6e-02]
  Bound   [1e+00, 1e+00]
  RHS     [3e-05, 2e+00]
WARNING: Problem has some excessively small row bounds
Presolving model
8064 rows, 8786 cols, 22225 nonzeros 0s
6312 rows, 7368 cols, 17719 nonzeros 0s
4411 rows, 5653 cols, 12767 nonzeros 0s
3933 rows, 4826 cols, 11310 nonzeros 0s
Presolve reductions: rows 3933(-6820); columns 4826(-4583); nonzeros 11310(-14227) 

Solving MIP model with:
   3933 rows
   4826 cols (638 binary, 0 integer, 0 implied int., 4188 continuous, 0 domain fixed)
   11310 nonzeros

Src: B => Branching; C => Central rounding; F => Feasibility pump; H => Heuristic;
     I => Shifting; J => Feasibility jump; L => Sub-MIP; P => Empty MIP; R => Randomized rounding;
     S => Solve LP; T => Evaluate node; U => Unbounded; X => User solution; Y => HiGHS solution;
     Z => ZI Round; l => Trivial lower; p => Trivial point; u => Trivial upper; z => Trivial zero

        Nodes      |    B&B Tree     |            Objective Bounds              |  Dynamic Constraints |       Work      
Src  Proc. InQueue |  Leaves   Expl. | BestBound       BestSol              Gap |   Cuts   InLp Confl. | LpIters     Time

         0       0         0   0.00%   -3.943063427    inf                  inf        0      0      0         0     0.5s
 T       0       0         0   0.00%   -3.943063427    -3.350647133      17.68%        0      0      0      1525     0.5s
         1       0         1 100.00%   -3.350647133    -3.350647133       0.00%        0      0      0      1525     0.5s

Solving report
  Status            Optimal
  Primal bound      -3.35064713287
  Dual bound        -3.35064713287
  Gap               0% (tolerance: 0.5%)
  P-D integral      1.26416654138e-05
  Solution status   feasible
                    -3.35064713287 (objective)
                    0 (bound viol.)
                    0 (int. viol.)
                    0 (row viol.)
  Timing            0.54
  Max sub-MIP depth 0
  Nodes             1
  Repair LPs        0
  LP iterations     1525
                    0 (strong br.)
                    0 (separation)
                    0 (heuristics)
MIP has 10753 rows; 9409 cols; 25537 nonzeros; 1344 integer variables (1344 binary)
Coefficient ranges:
  Matrix  [2e-01, 1e+00]
  Cost    [1e-02, 6e-02]
  Bound   [1e+00, 1e+00]
  RHS     [3e-05, 2e+00]
WARNING: Problem has some excessively small row bounds
Presolving model
8064 rows, 8808 cols, 22247 nonzeros 0s
6312 rows, 7390 cols, 17741 nonzeros 0s
4405 rows, 5667 cols, 12775 nonzeros 0s
4164 rows, 5025 cols, 11892 nonzeros 0s
Presolve reductions: rows 4164(-6589); columns 5025(-4384); nonzeros 11892(-13645) 

Solving MIP model with:
   4164 rows
   5025 cols (676 binary, 0 integer, 0 implied int., 4349 continuous, 0 domain fixed)
   11892 nonzeros

Src: B => Branching; C => Central rounding; F => Feasibility pump; H => Heuristic;
     I => Shifting; J => Feasibility jump; L => Sub-MIP; P => Empty MIP; R => Randomized rounding;
     S => Solve LP; T => Evaluate node; U => Unbounded; X => User solution; Y => HiGHS solution;
     Z => ZI Round; l => Trivial lower; p => Trivial point; u => Trivial upper; z => Trivial zero

        Nodes      |    B&B Tree     |            Objective Bounds              |  Dynamic Constraints |       Work      
Src  Proc. InQueue |  Leaves   Expl. | BestBound       BestSol              Gap |   Cuts   InLp Confl. | LpIters     Time

         0       0         0   0.00%   -4.739781522    inf                  inf        0      0      0         0     0.5s
         0       0         0   0.00%   -3.845589884    inf                  inf        0      0      2      1693     0.5s
 R       0       0         0   0.00%   -3.845589884    -3.845589884       0.00%        0      0      2      1705     0.6s
         1       0         1 100.00%   -3.845589884    -3.845589884       0.00%        0      0      2      1705     0.6s

Solving report
  Status            Optimal
  Primal bound      -3.84558988381
  Dual bound        -3.84558988381
  Gap               0% (tolerance: 0.5%)
  P-D integral      4.97950310033e-19
  Solution status   feasible
                    -3.84558988381 (objective)
                    0 (bound viol.)
                    0 (int. viol.)
                    0 (row viol.)
  Timing            0.56
  Max sub-MIP depth 0
  Nodes             1
  Repair LPs        0
  LP iterations     1705
                    0 (strong br.)
                    12 (separation)
                    0 (heuristics)
MIP has 10753 rows; 9409 cols; 25537 nonzeros; 1344 integer variables (1344 binary)
Coefficient ranges:
  Matrix  [2e-01, 1e+00]
  Cost    [1e-02, 6e-02]
  Bound   [1e+00, 1e+00]
  RHS     [1e-04, 2e+00]
Presolving model
8064 rows, 8828 cols, 22267 nonzeros 0s
6309 rows, 7407 cols, 17755 nonzeros 0s
4488 rows, 5745 cols, 13000 nonzeros 0s
4251 rows, 5116 cols, 12134 nonzeros 0s
Presolve reductions: rows 4251(-6502); columns 5116(-4293); nonzeros 12134(-13403) 

Solving MIP model with:
   4251 rows
   5116 cols (692 binary, 0 integer, 0 implied int., 4424 continuous, 0 domain fixed)
   12134 nonzeros

Src: B => Branching; C => Central rounding; F => Feasibility pump; H => Heuristic;
     I => Shifting; J => Feasibility jump; L => Sub-MIP; P => Empty MIP; R => Randomized rounding;
     S => Solve LP; T => Evaluate node; U => Unbounded; X => User solution; Y => HiGHS solution;
     Z => ZI Round; l => Trivial lower; p => Trivial point; u => Trivial upper; z => Trivial zero

        Nodes      |    B&B Tree     |            Objective Bounds              |  Dynamic Constraints |       Work      
Src  Proc. InQueue |  Leaves   Expl. | BestBound       BestSol              Gap |   Cuts   InLp Confl. | LpIters     Time

         0       0         0   0.00%   -4.790395077    inf                  inf        0      0      0         0     0.5s
 T       0       0         0   0.00%   -4.790395077    -4.296232528      11.50%        0      0      0      1682     0.5s
         1       0         1 100.00%   -4.296232528    -4.296232528       0.00%        0      0      0      1682     0.5s

Solving report
  Status            Optimal
  Primal bound      -4.29623252754
  Dual bound        -4.29623252754
  Gap               0% (tolerance: 0.5%)
  P-D integral      8.84521531645e-06
  Solution status   feasible
                    -4.29623252754 (objective)
                    0 (bound viol.)
                    0 (int. viol.)
                    0 (row viol.)
  Timing            0.52
  Max sub-MIP depth 0
  Nodes             1
  Repair LPs        0
  LP iterations     1682
                    0 (strong br.)
                    0 (separation)
                    0 (heuristics)
MIP has 10753 rows; 9409 cols; 25537 nonzeros; 1344 integer variables (1344 binary)
Coefficient ranges:
  Matrix  [2e-01, 1e+00]
  Cost    [1e-02, 6e-02]
  Bound   [1e+00, 1e+00]
  RHS     [1e-04, 2e+00]
Presolving model
8064 rows, 8843 cols, 22282 nonzeros 0s
6315 rows, 7428 cols, 17782 nonzeros 0s
4545 rows, 5812 cols, 13164 nonzeros 0s
4314 rows, 5199 cols, 12320 nonzeros 0s
Presolve reductions: rows 4314(-6439); columns 5199(-4210); nonzeros 12320(-13217) 

Solving MIP model with:
   4314 rows
   5199 cols (702 binary, 0 integer, 0 implied int., 4497 continuous, 0 domain fixed)
   12320 nonzeros

Src: B => Branching; C => Central rounding; F => Feasibility pump; H => Heuristic;
     I => Shifting; J => Feasibility jump; L => Sub-MIP; P => Empty MIP; R => Randomized rounding;
     S => Solve LP; T => Evaluate node; U => Unbounded; X => User solution; Y => HiGHS solution;
     Z => ZI Round; l => Trivial lower; p => Trivial point; u => Trivial upper; z => Trivial zero

        Nodes      |    B&B Tree     |            Objective Bounds              |  Dynamic Constraints |       Work      
Src  Proc. InQueue |  Leaves   Expl. | BestBound       BestSol              Gap |   Cuts   InLp Confl. | LpIters     Time

         0       0         0   0.00%   -5.69103139     inf                  inf        0      0      0         0     0.5s
 T       0       0         0   0.00%   -5.69103139     -5.223977884       8.94%        0      0      0      1740     0.5s
         1       0         1 100.00%   -5.223977884    -5.223977884       0.00%        0      0      0      1740     0.5s

Solving report
  Status            Optimal
  Primal bound      -5.22397788364
  Dual bound        -5.22397788364
  Gap               0% (tolerance: 0.5%)
  P-D integral      6.43721275572e-06
  Solution status   feasible
                    -5.22397788364 (objective)
                    0 (bound viol.)
                    0 (int. viol.)
                    0 (row viol.)
  Timing            0.50
  Max sub-MIP depth 0
  Nodes             1
  Repair LPs        0
  LP iterations     1740
                    0 (strong br.)
                    0 (separation)
                    0 (heuristics)
MIP has 10753 rows; 9409 cols; 25537 nonzeros; 1344 integer variables (1344 binary)
Coefficient ranges:
  Matrix  [2e-01, 1e+00]
  Cost    [1e-02, 6e-02]
  Bound   [1e+00, 1e+00]
  RHS     [3e-04, 2e+00]
Presolving model
8064 rows, 8854 cols, 22293 nonzeros 0s
6319 rows, 7443 cols, 17801 nonzeros 0s
4551 rows, 5831 cols, 13185 nonzeros 0s
4317 rows, 5225 cols, 12345 nonzeros 0s
Presolve reductions: rows 4317(-6436); columns 5225(-4184); nonzeros 12345(-13192) 

Solving MIP model with:
   4317 rows
   5225 cols (701 binary, 0 integer, 0 implied int., 4524 continuous, 0 domain fixed)
   12345 nonzeros

Src: B => Branching; C => Central rounding; F => Feasibility pump; H => Heuristic;
     I => Shifting; J => Feasibility jump; L => Sub-MIP; P => Empty MIP; R => Randomized rounding;
     S => Solve LP; T => Evaluate node; U => Unbounded; X => User solution; Y => HiGHS solution;
     Z => ZI Round; l => Trivial lower; p => Trivial point; u => Trivial upper; z => Trivial zero

        Nodes      |    B&B Tree     |            Objective Bounds              |  Dynamic Constraints |       Work      
Src  Proc. InQueue |  Leaves   Expl. | BestBound       BestSol              Gap |   Cuts   InLp Confl. | LpIters     Time

         0       0         0   0.00%   -5.501062591    inf                  inf        0      0      0         0     0.5s
 R       0       0         0   0.00%   -5.056360118    -5.056268497       0.00%        0      0      0      1780     0.5s
         1       0         1 100.00%   -5.056360118    -5.056268497       0.00%        0      0      0      1780     0.5s

Solving report
  Status            Optimal
  Primal bound      -5.05626849699
  Dual bound        -5.05636011763
  Gap               0.00181% (tolerance: 0.5%)
  P-D integral      1.31172192255e-08
  Solution status   feasible
                    -5.05626849699 (objective)
                    0 (bound viol.)
                    0 (int. viol.)
                    0 (row viol.)
  Timing            0.52
  Max sub-MIP depth 0
  Nodes             1
  Repair LPs        0
  LP iterations     1780
                    0 (strong br.)
                    0 (separation)
                    0 (heuristics)
MIP has 10753 rows; 9409 cols; 25537 nonzeros; 1344 integer variables (1344 binary)
Coefficient ranges:
  Matrix  [2e-01, 1e+00]
  Cost    [1e-02, 6e-02]
  Bound   [1e+00, 1e+00]
  RHS     [2e-04, 2e+00]
Presolving model
8064 rows, 8869 cols, 22308 nonzeros 0s
6321 rows, 7460 cols, 17820 nonzeros 0s
4643 rows, 5925 cols, 13439 nonzeros 0s
4414 rows, 5335 cols, 12620 nonzeros 0s
Presolve reductions: rows 4414(-6339); columns 5335(-4074); nonzeros 12620(-12917) 

Solving MIP model with:
   4414 rows
   5335 cols (718 binary, 0 integer, 0 implied int., 4617 continuous, 0 domain fixed)
   12620 nonzeros

Src: B => Branching; C => Central rounding; F => Feasibility pump; H => Heuristic;
     I => Shifting; J => Feasibility jump; L => Sub-MIP; P => Empty MIP; R => Randomized rounding;
     S => Solve LP; T => Evaluate node; U => Unbounded; X => User solution; Y => HiGHS solution;
     Z => ZI Round; l => Trivial lower; p => Trivial point; u => Trivial upper; z => Trivial zero

        Nodes      |    B&B Tree     |            Objective Bounds              |  Dynamic Constraints |       Work      
Src  Proc. InQueue |  Leaves   Expl. | BestBound       BestSol              Gap |   Cuts   InLp Confl. | LpIters     Time

         0       0         0   0.00%   -5.668660043    inf                  inf        0      0      0         0     0.5s
 R       0       0         0   0.00%   -5.245835442    -5.245575253       0.00%        0      0      0      1854     0.6s
         1       0         1 100.00%   -5.245835442    -5.245575253       0.00%        0      0      0      1854     0.6s

Solving report
  Status            Optimal
  Primal bound      -5.24557525289
  Dual bound        -5.245835442
  Gap               0.00496% (tolerance: 0.5%)
  P-D integral      4.4735715281e-08
  Solution status   feasible
                    -5.24557525289 (objective)
                    0 (bound viol.)
                    0 (int. viol.)
                    0 (row viol.)
  Timing            0.56
  Max sub-MIP depth 0
  Nodes             1
  Repair LPs        0
  LP iterations     1854
                    0 (strong br.)
                    0 (separation)
                    0 (heuristics)
MIP has 10753 rows; 9409 cols; 25537 nonzeros; 1344 integer variables (1344 binary)
Coefficient ranges:
  Matrix  [2e-01, 1e+00]
  Cost    [1e-02, 6e-02]
  Bound   [1e+00, 1e+00]
  RHS     [2e-04, 2e+00]
Presolving model
8064 rows, 8887 cols, 22326 nonzeros 0s
6315 rows, 7472 cols, 17826 nonzeros 0s
4784 rows, 6044 cols, 13819 nonzeros 0s
4583 rows, 5510 cols, 13084 nonzeros 0s
Presolve reductions: rows 4583(-6170); columns 5510(-3899); nonzeros 13084(-12453) 

Solving MIP model with:
   4583 rows
   5510 cols (748 binary, 0 integer, 0 implied int., 4762 continuous, 0 domain fixed)
   13084 nonzeros

Src: B => Branching; C => Central rounding; F => Feasibility pump; H => Heuristic;
     I => Shifting; J => Feasibility jump; L => Sub-MIP; P => Empty MIP; R => Randomized rounding;
     S => Solve LP; T => Evaluate node; U => Unbounded; X => User solution; Y => HiGHS solution;
     Z => ZI Round; l => Trivial lower; p => Trivial point; u => Trivial upper; z => Trivial zero

        Nodes      |    B&B Tree     |            Objective Bounds              |  Dynamic Constraints |       Work      
Src  Proc. InQueue |  Leaves   Expl. | BestBound       BestSol              Gap |   Cuts   InLp Confl. | LpIters     Time

         0       0         0   0.00%   -7.000473721    inf                  inf        0      0      0         0     0.5s
 T       0       0         0   0.00%   -7.000473721    -6.562342293       6.68%        0      0      0      1977     0.6s
         1       0         1 100.00%   -6.562342293    -6.562342293       0.00%        0      0      0      1977     0.6s

Solving report
  Status            Optimal
  Primal bound      -6.5623422931
  Dual bound        -6.5623422931
  Gap               0% (tolerance: 0.5%)
  P-D integral      4.91386687021e-06
  Solution status   feasible
                    -6.5623422931 (objective)
                    0 (bound viol.)
                    0 (int. viol.)
                    0 (row viol.)
  Timing            0.56
  Max sub-MIP depth 0
  Nodes             1
  Repair LPs        0
  LP iterations     1977
                    0 (strong br.)
                    0 (separation)
                    0 (heuristics)
MIP has 10753 rows; 9409 cols; 25537 nonzeros; 1344 integer variables (1344 binary)
Coefficient ranges:
  Matrix  [2e-01, 1e+00]
  Cost    [1e-02, 6e-02]
  Bound   [1e+00, 1e+00]
  RHS     [2e-04, 2e+00]
Presolving model
8064 rows, 8895 cols, 22334 nonzeros 0s
6312 rows, 7477 cols, 17828 nonzeros 0s
4841 rows, 6096 cols, 13968 nonzeros 0s
4641 rows, 5574 cols, 13246 nonzeros 0s
Presolve reductions: rows 4641(-6112); columns 5574(-3835); nonzeros 13246(-12291) 

Solving MIP model with:
   4641 rows
   5574 cols (758 binary, 0 integer, 0 implied int., 4816 continuous, 0 domain fixed)
   13246 nonzeros

Src: B => Branching; C => Central rounding; F => Feasibility pump; H => Heuristic;
     I => Shifting; J => Feasibility jump; L => Sub-MIP; P => Empty MIP; R => Randomized rounding;
     S => Solve LP; T => Evaluate node; U => Unbounded; X => User solution; Y => HiGHS solution;
     Z => ZI Round; l => Trivial lower; p => Trivial point; u => Trivial upper; z => Trivial zero

        Nodes      |    B&B Tree     |            Objective Bounds              |  Dynamic Constraints |       Work      
Src  Proc. InQueue |  Leaves   Expl. | BestBound       BestSol              Gap |   Cuts   InLp Confl. | LpIters     Time

         0       0         0   0.00%   -7.184890737    inf                  inf        0      0      0         0     0.5s
 T       0       0         0   0.00%   -7.184890737    -6.672082746       7.69%        0      0      0      1915     0.6s
         1       0         1 100.00%   -6.672082746    -6.672082746       0.00%        0      0      0      1915     0.6s

Solving report
  Status            Optimal
  Primal bound      -6.67208274609
  Dual bound        -6.67208274609
  Gap               0% (tolerance: 0.5%)
  P-D integral      5.03424893783e-06
  Solution status   feasible
                    -6.67208274609 (objective)
                    0 (bound viol.)
                    0 (int. viol.)
                    0 (row viol.)
  Timing            0.59
  Max sub-MIP depth 0
  Nodes             1
  Repair LPs        0
  LP iterations     1915
                    0 (strong br.)
                    0 (separation)
                    0 (heuristics)
MIP has 10753 rows; 9409 cols; 25537 nonzeros; 1344 integer variables (1344 binary)
Coefficient ranges:
  Matrix  [2e-01, 1e+00]
  Cost    [1e-02, 6e-02]
  Bound   [1e+00, 1e+00]
  RHS     [3e-04, 2e+00]
Presolving model
8064 rows, 8904 cols, 22343 nonzeros 0s
6318 rows, 7492 cols, 17849 nonzeros 0s
4870 rows, 6131 cols, 14052 nonzeros 0s
4674 rows, 5620 cols, 13345 nonzeros 0s
Presolve reductions: rows 4674(-6079); columns 5620(-3789); nonzeros 13345(-12192) 

Solving MIP model with:
   4674 rows
   5620 cols (763 binary, 0 integer, 0 implied int., 4857 continuous, 0 domain fixed)
   13345 nonzeros

Src: B => Branching; C => Central rounding; F => Feasibility pump; H => Heuristic;
     I => Shifting; J => Feasibility jump; L => Sub-MIP; P => Empty MIP; R => Randomized rounding;
     S => Solve LP; T => Evaluate node; U => Unbounded; X => User solution; Y => HiGHS solution;
     Z => ZI Round; l => Trivial lower; p => Trivial point; u => Trivial upper; z => Trivial zero

        Nodes      |    B&B Tree     |            Objective Bounds              |  Dynamic Constraints |       Work      
Src  Proc. InQueue |  Leaves   Expl. | BestBound       BestSol              Gap |   Cuts   InLp Confl. | LpIters     Time

         0       0         0   0.00%   -6.610662716    inf                  inf        0      0      0         0     0.5s
 R       0       0         0   0.00%   -6.070683385    -6.070421443       0.00%        0      0      0      1956     0.6s
         1       0         1 100.00%   -6.070683385    -6.070421443       0.00%        0      0      0      1956     0.6s

Solving report
  Status            Optimal
  Primal bound      -6.07042144305
  Dual bound        -6.07068338517
  Gap               0.00432% (tolerance: 0.5%)
  P-D integral      3.69972961799e-08
  Solution status   feasible
                    -6.07042144305 (objective)
                    0 (bound viol.)
                    0 (int. viol.)
                    0 (row viol.)
  Timing            0.58
  Max sub-MIP depth 0
  Nodes             1
  Repair LPs        0
  LP iterations     1956
                    0 (strong br.)
                    0 (separation)
                    0 (heuristics)
MIP has 10753 rows; 9409 cols; 25537 nonzeros; 1344 integer variables (1344 binary)
Coefficient ranges:
  Matrix  [2e-01, 1e+00]
  Cost    [1e-02, 6e-02]
  Bound   [1e+00, 1e+00]
  RHS     [3e-04, 2e+00]
Presolving model
8064 rows, 8914 cols, 22353 nonzeros 0s
6314 rows, 7498 cols, 17851 nonzeros 0s
4969 rows, 6210 cols, 14318 nonzeros 0s
4792 rows, 5736 cols, 13667 nonzeros 0s
Presolve reductions: rows 4792(-5961); columns 5736(-3673); nonzeros 13667(-11870) 

Solving MIP model with:
   4792 rows
   5736 cols (785 binary, 0 integer, 0 implied int., 4951 continuous, 0 domain fixed)
   13667 nonzeros

Src: B => Branching; C => Central rounding; F => Feasibility pump; H => Heuristic;
     I => Shifting; J => Feasibility jump; L => Sub-MIP; P => Empty MIP; R => Randomized rounding;
     S => Solve LP; T => Evaluate node; U => Unbounded; X => User solution; Y => HiGHS solution;
     Z => ZI Round; l => Trivial lower; p => Trivial point; u => Trivial upper; z => Trivial zero

        Nodes      |    B&B Tree     |            Objective Bounds              |  Dynamic Constraints |       Work      
Src  Proc. InQueue |  Leaves   Expl. | BestBound       BestSol              Gap |   Cuts   InLp Confl. | LpIters     Time

         0       0         0   0.00%   -6.528591033    inf                  inf        0      0      0         0     0.5s
 T       0       0         0   0.00%   -6.528591033    -6.046566575       7.97%        0      0      0      2099     0.6s
         1       0         1 100.00%   -6.046566575    -6.046566575       0.00%        0      0      0      2099     0.6s

Solving report
  Status            Optimal
  Primal bound      -6.04656657485
  Dual bound        -6.04656657485
  Gap               0% (tolerance: 0.5%)
  P-D integral      5.88324115666e-06
  Solution status   feasible
                    -6.04656657485 (objective)
                    0 (bound viol.)
                    0 (int. viol.)
                    0 (row viol.)
  Timing            0.62
  Max sub-MIP depth 0
  Nodes             1
  Repair LPs        0
  LP iterations     2099
                    0 (strong br.)
                    0 (separation)
                    0 (heuristics)
MIP has 10753 rows; 9409 cols; 25537 nonzeros; 1344 integer variables (1344 binary)
Coefficient ranges:
  Matrix  [2e-01, 1e+00]
  Cost    [1e-02, 6e-02]
  Bound   [1e+00, 1e+00]
  RHS     [3e-04, 2e+00]
Presolving model
8064 rows, 8907 cols, 22346 nonzeros 0s
6319 rows, 7496 cols, 17854 nonzeros 0s
4874 rows, 6136 cols, 14065 nonzeros 0s
4684 rows, 5635 cols, 13374 nonzeros 0s
Presolve reductions: rows 4684(-6069); columns 5635(-3774); nonzeros 13374(-12163) 

Solving MIP model with:
   4684 rows
   5635 cols (764 binary, 0 integer, 0 implied int., 4871 continuous, 0 domain fixed)
   13374 nonzeros

Src: B => Branching; C => Central rounding; F => Feasibility pump; H => Heuristic;
     I => Shifting; J => Feasibility jump; L => Sub-MIP; P => Empty MIP; R => Randomized rounding;
     S => Solve LP; T => Evaluate node; U => Unbounded; X => User solution; Y => HiGHS solution;
     Z => ZI Round; l => Trivial lower; p => Trivial point; u => Trivial upper; z => Trivial zero

        Nodes      |    B&B Tree     |            Objective Bounds              |  Dynamic Constraints |       Work      
Src  Proc. InQueue |  Leaves   Expl. | BestBound       BestSol              Gap |   Cuts   InLp Confl. | LpIters     Time

         0       0         0   0.00%   -5.903493487    inf                  inf        0      0      0         0     0.5s
 T       0       0         0   0.00%   -5.903493487    -5.374827398       9.84%        0      0      0      1900     0.6s
         1       0         1 100.00%   -5.374827398    -5.374827398       0.00%        0      0      0      1900     0.6s

Solving report
  Status            Optimal
  Primal bound      -5.37482739817
  Dual bound        -5.37482739817
  Gap               0% (tolerance: 0.5%)
  P-D integral      8.75400735857e-06
  Solution status   feasible
                    -5.37482739817 (objective)
                    0 (bound viol.)
                    0 (int. viol.)
                    0 (row viol.)
  Timing            0.58
  Max sub-MIP depth 0
  Nodes             1
  Repair LPs        0
  LP iterations     1900
                    0 (strong br.)
                    0 (separation)
                    0 (heuristics)
MIP has 10753 rows; 9409 cols; 25537 nonzeros; 1344 integer variables (1344 binary)
Coefficient ranges:
  Matrix  [2e-01, 1e+00]
  Cost    [1e-02, 6e-02]
  Bound   [1e+00, 1e+00]
  RHS     [3e-04, 2e+00]
Presolving model
8064 rows, 9020 cols, 22459 nonzeros 0s
6326 rows, 7616 cols, 17981 nonzeros 0s
5356 rows, 6413 cols, 15272 nonzeros 0s
5356 rows, 6413 cols, 15272 nonzeros 0s
Presolve reductions: rows 5356(-5397); columns 6413(-2996); nonzeros 15272(-10265) 

Solving MIP model with:
   5356 rows
   6413 cols (876 binary, 0 integer, 0 implied int., 5537 continuous, 0 domain fixed)
   15272 nonzeros

Src: B => Branching; C => Central rounding; F => Feasibility pump; H => Heuristic;
     I => Shifting; J => Feasibility jump; L => Sub-MIP; P => Empty MIP; R => Randomized rounding;
     S => Solve LP; T => Evaluate node; U => Unbounded; X => User solution; Y => HiGHS solution;
     Z => ZI Round; l => Trivial lower; p => Trivial point; u => Trivial upper; z => Trivial zero

        Nodes      |    B&B Tree     |            Objective Bounds              |  Dynamic Constraints |       Work      
Src  Proc. InQueue |  Leaves   Expl. | BestBound       BestSol              Gap |   Cuts   InLp Confl. | LpIters     Time

         0       0         0   0.00%   -4.73895356     inf                  inf        0      0      0         0     0.5s
 R       0       0         0   0.00%   -4.234224675    -4.234045797       0.00%        0      0      0      1632     0.6s
         1       0         1 100.00%   -4.234224675    -4.234045797       0.00%        0      0      0      1632     0.6s

Solving report
  Status            Optimal
  Primal bound      -4.23404579721
  Dual bound        -4.23422467468
  Gap               0.00422% (tolerance: 0.5%)
  P-D integral      2.92732308458e-08
  Solution status   feasible
                    -4.23404579721 (objective)
                    0 (bound viol.)
                    0 (int. viol.)
                    0 (row viol.)
  Timing            0.62
  Max sub-MIP depth 0
  Nodes             1
  Repair LPs        0
  LP iterations     1632
                    0 (strong br.)
                    0 (separation)
                    0 (heuristics)
MIP has 10753 rows; 9409 cols; 25537 nonzeros; 1344 integer variables (1344 binary)
Coefficient ranges:
  Matrix  [2e-01, 1e+00]
  Cost    [1e-02, 6e-02]
  Bound   [1e+00, 1e+00]
  RHS     [8e-04, 2e+00]
Presolving model
8064 rows, 9276 cols, 22715 nonzeros 0s
7127 rows, 8377 cols, 20227 nonzeros 0s
Presolve reductions: rows 7127(-3626); columns 8377(-1032); nonzeros 20227(-5310) 

Solving MIP model with:
   7127 rows
   8377 cols (1181 binary, 0 integer, 0 implied int., 7196 continuous, 0 domain fixed)
   20227 nonzeros

Src: B => Branching; C => Central rounding; F => Feasibility pump; H => Heuristic;
     I => Shifting; J => Feasibility jump; L => Sub-MIP; P => Empty MIP; R => Randomized rounding;
     S => Solve LP; T => Evaluate node; U => Unbounded; X => User solution; Y => HiGHS solution;
     Z => ZI Round; l => Trivial lower; p => Trivial point; u => Trivial upper; z => Trivial zero

        Nodes      |    B&B Tree     |            Objective Bounds              |  Dynamic Constraints |       Work      
Src  Proc. InQueue |  Leaves   Expl. | BestBound       BestSol              Gap |   Cuts   InLp Confl. | LpIters     Time

 J       0       0         0   0.00%   -inf            -2.144715775       Large        0      0      0         0     0.3s
 T       0       0         0   0.00%   -3.994384103    -3.799081098       5.14%        0      0      0      1181     0.4s
         1       0         1 100.00%   -3.799081098    -3.799081098       0.00%        0      0      0      1181     0.4s

Solving report
  Status            Optimal
  Primal bound      -3.79908109827
  Dual bound        -3.79908109827
  Gap               0% (tolerance: 0.5%)
  P-D integral      0.0607003535251
  Solution status   feasible
                    -3.79908109827 (objective)
                    0 (bound viol.)
                    0 (int. viol.)
                    0 (row viol.)
  Timing            0.43
  Max sub-MIP depth 0
  Nodes             1
  Repair LPs        0
  LP iterations     1181
                    0 (strong br.)
                    0 (separation)
                    0 (heuristics)
MIP has 10753 rows; 9409 cols; 25537 nonzeros; 1344 integer variables (1344 binary)
Coefficient ranges:
  Matrix  [2e-01, 1e+00]
  Cost    [1e-02, 6e-02]
  Bound   [1e+00, 1e+00]
  RHS     [2e-05, 2e+00]
WARNING: Problem has some excessively small row bounds
Presolving model
8064 rows, 9173 cols, 22612 nonzeros 0s
6623 rows, 8002 cols, 18920 nonzeros 0s
6486 rows, 7644 cols, 18425 nonzeros 0s
Presolve reductions: rows 6486(-4267); columns 7644(-1765); nonzeros 18425(-7112) 

Solving MIP model with:
   6486 rows
   7644 cols (1074 binary, 0 integer, 0 implied int., 6570 continuous, 0 domain fixed)
   18425 nonzeros

Src: B => Branching; C => Central rounding; F => Feasibility pump; H => Heuristic;
     I => Shifting; J => Feasibility jump; L => Sub-MIP; P => Empty MIP; R => Randomized rounding;
     S => Solve LP; T => Evaluate node; U => Unbounded; X => User solution; Y => HiGHS solution;
     Z => ZI Round; l => Trivial lower; p => Trivial point; u => Trivial upper; z => Trivial zero

        Nodes      |    B&B Tree     |            Objective Bounds              |  Dynamic Constraints |       Work      
Src  Proc. InQueue |  Leaves   Expl. | BestBound       BestSol              Gap |   Cuts   InLp Confl. | LpIters     Time

 J       0       0         0   0.00%   -inf            -1.722455941       Large        0      0      0         0     0.4s
 T       0       0         0   0.00%   -3.970467181    -3.637103704       9.17%        0      0      0      2362     0.6s
         1       0         1 100.00%   -3.637103704    -3.637103704       0.00%        0      0      0      2362     0.6s

Solving report
  Status            Optimal
  Primal bound      -3.63710370365
  Dual bound        -3.63710370365
  Gap               0% (tolerance: 0.5%)
  P-D integral      0.234705936363
  Solution status   feasible
                    -3.63710370365 (objective)
                    0 (bound viol.)
                    0 (int. viol.)
                    0 (row viol.)
  Timing            0.63
  Max sub-MIP depth 0
  Nodes             1
  Repair LPs        0
  LP iterations     2362
                    0 (strong br.)
                    0 (separation)
                    0 (heuristics)
MIP has 10753 rows; 9409 cols; 25537 nonzeros; 1344 integer variables (1344 binary)
Coefficient ranges:
  Matrix  [2e-01, 1e+00]
  Cost    [1e-02, 6e-02]
  Bound   [1e+00, 1e+00]
  RHS     [2e-05, 2e+00]
WARNING: Problem has some excessively small row bounds
Presolving model
8064 rows, 8908 cols, 22347 nonzeros 0s
6312 rows, 7490 cols, 17839 nonzeros 0s
4860 rows, 6126 cols, 14023 nonzeros 0s
4661 rows, 5617 cols, 13315 nonzeros 0s
Presolve reductions: rows 4661(-6092); columns 5617(-3792); nonzeros 13315(-12222) 

Solving MIP model with:
   4661 rows
   5617 cols (760 binary, 0 integer, 0 implied int., 4857 continuous, 0 domain fixed)
   13315 nonzeros

Src: B => Branching; C => Central rounding; F => Feasibility pump; H => Heuristic;
     I => Shifting; J => Feasibility jump; L => Sub-MIP; P => Empty MIP; R => Randomized rounding;
     S => Solve LP; T => Evaluate node; U => Unbounded; X => User solution; Y => HiGHS solution;
     Z => ZI Round; l => Trivial lower; p => Trivial point; u => Trivial upper; z => Trivial zero

        Nodes      |    B&B Tree     |            Objective Bounds              |  Dynamic Constraints |       Work      
Src  Proc. InQueue |  Leaves   Expl. | BestBound       BestSol              Gap |   Cuts   InLp Confl. | LpIters     Time

 J       0       0         0   0.00%   -inf            0.0919534487       Large        0      0      0         0     0.4s
 T       0       0         0   0.00%   -5.008786847    -4.247302924      17.93%        0      0      0      1917     0.5s
         1       0         1 100.00%   -4.247302924    -4.247302924       0.00%        0      0      0      1917     0.5s

Solving report
  Status            Optimal
  Primal bound      -4.24730292379
  Dual bound        -4.24730292379
  Gap               0% (tolerance: 0.5%)
  P-D integral      3.5602397814
  Solution status   feasible
                    -4.24730292379 (objective)
                    0 (bound viol.)
                    0 (int. viol.)
                    0 (row viol.)
  Timing            0.52
  Max sub-MIP depth 0
  Nodes             1
  Repair LPs        0
  LP iterations     1917
                    0 (strong br.)
                    0 (separation)
                    0 (heuristics)
MIP has 10753 rows; 9409 cols; 25537 nonzeros; 1344 integer variables (1344 binary)
Coefficient ranges:
  Matrix  [2e-01, 1e+00]
  Cost    [1e-02, 6e-02]
  Bound   [1e+00, 1e+00]
  RHS     [2e-04, 2e+00]
Presolving model
8064 rows, 8873 cols, 22312 nonzeros 0s
6327 rows, 7470 cols, 17836 nonzeros 0s
4596 rows, 5896 cols, 13319 nonzeros 0s
4365 rows, 5305 cols, 12497 nonzeros 0s
Presolve reductions: rows 4365(-6388); columns 5305(-4104); nonzeros 12497(-13040) 

Solving MIP model with:
   4365 rows
   5305 cols (707 binary, 0 integer, 0 implied int., 4598 continuous, 0 domain fixed)
   12497 nonzeros

Src: B => Branching; C => Central rounding; F => Feasibility pump; H => Heuristic;
     I => Shifting; J => Feasibility jump; L => Sub-MIP; P => Empty MIP; R => Randomized rounding;
     S => Solve LP; T => Evaluate node; U => Unbounded; X => User solution; Y => HiGHS solution;
     Z => ZI Round; l => Trivial lower; p => Trivial point; u => Trivial upper; z => Trivial zero

        Nodes      |    B&B Tree     |            Objective Bounds              |  Dynamic Constraints |       Work      
Src  Proc. InQueue |  Leaves   Expl. | BestBound       BestSol              Gap |   Cuts   InLp Confl. | LpIters     Time

 J       0       0         0   0.00%   -inf            0.1505289376       Large        0      0      0         0     0.5s
 T       0       0         0   0.00%   -4.838517171    -4.083403915      18.49%        0      0      0      1720     0.5s
         1       0         1 100.00%   -4.083403915    -4.083403915       0.00%        0      0      0      1720     0.5s

Solving report
  Status            Optimal
  Primal bound      -4.08340391474
  Dual bound        -4.08340391474
  Gap               0% (tolerance: 0.5%)
  P-D integral      1.65694291123
  Solution status   feasible
                    -4.08340391474 (objective)
                    0 (bound viol.)
                    0 (int. viol.)
                    0 (row viol.)
  Timing            0.52
  Max sub-MIP depth 0
  Nodes             1
  Repair LPs        0
  LP iterations     1720
                    0 (strong br.)
                    0 (separation)
                    0 (heuristics)
MIP has 10753 rows; 9409 cols; 25537 nonzeros; 1344 integer variables (1344 binary)
Coefficient ranges:
  Matrix  [2e-01, 1e+00]
  Cost    [1e-02, 6e-02]
  Bound   [1e+00, 1e+00]
  RHS     [2e-04, 2e+00]
Presolving model
8064 rows, 8866 cols, 22305 nonzeros 0s
6322 rows, 7458 cols, 17819 nonzeros 0s
4573 rows, 5867 cols, 13251 nonzeros 0s
4339 rows, 5269 cols, 12419 nonzeros 0s
Presolve reductions: rows 4339(-6414); columns 5269(-4140); nonzeros 12419(-13118) 

Solving MIP model with:
   4339 rows
   5269 cols (703 binary, 0 integer, 0 implied int., 4566 continuous, 0 domain fixed)
   12419 nonzeros

Src: B => Branching; C => Central rounding; F => Feasibility pump; H => Heuristic;
     I => Shifting; J => Feasibility jump; L => Sub-MIP; P => Empty MIP; R => Randomized rounding;
     S => Solve LP; T => Evaluate node; U => Unbounded; X => User solution; Y => HiGHS solution;
     Z => ZI Round; l => Trivial lower; p => Trivial point; u => Trivial upper; z => Trivial zero

        Nodes      |    B&B Tree     |            Objective Bounds              |  Dynamic Constraints |       Work      
Src  Proc. InQueue |  Leaves   Expl. | BestBound       BestSol              Gap |   Cuts   InLp Confl. | LpIters     Time

 J       0       0         0   0.00%   -inf            0.2081480959       Large        0      0      0         0     0.5s
 T       0       0         0   0.00%   -4.748848795    -4.005622675      18.55%        0      0      0      1758     0.5s
         1       0         1 100.00%   -4.005622675    -4.005622675       0.00%        0      0      0      1758     0.5s

Solving report
  Status            Optimal
  Primal bound      -4.00562267495
  Dual bound        -4.00562267495
  Gap               0% (tolerance: 0.5%)
  P-D integral      1.44268768876
  Solution status   feasible
                    -4.00562267495 (objective)
                    0 (bound viol.)
                    0 (int. viol.)
                    0 (row viol.)
  Timing            0.52
  Max sub-MIP depth 0
  Nodes             1
  Repair LPs        0
  LP iterations     1758
                    0 (strong br.)
                    0 (separation)
                    0 (heuristics)
MIP has 10753 rows; 9409 cols; 25537 nonzeros; 1344 integer variables (1344 binary)
Coefficient ranges:
  Matrix  [2e-01, 1e+00]
  Cost    [1e-02, 6e-02]
  Bound   [1e+00, 1e+00]
  RHS     [3e-04, 2e+00]
Presolving model
8064 rows, 8851 cols, 22290 nonzeros 0s
6325 rows, 7446 cols, 17810 nonzeros 0s
4455 rows, 5755 cols, 12929 nonzeros 0s
4210 rows, 5133 cols, 12062 nonzeros 0s
Presolve reductions: rows 4210(-6543); columns 5133(-4276); nonzeros 12062(-13475) 

Solving MIP model with:
   4210 rows
   5133 cols (680 binary, 0 integer, 0 implied int., 4453 continuous, 0 domain fixed)
   12062 nonzeros

Src: B => Branching; C => Central rounding; F => Feasibility pump; H => Heuristic;
     I => Shifting; J => Feasibility jump; L => Sub-MIP; P => Empty MIP; R => Randomized rounding;
     S => Solve LP; T => Evaluate node; U => Unbounded; X => User solution; Y => HiGHS solution;
     Z => ZI Round; l => Trivial lower; p => Trivial point; u => Trivial upper; z => Trivial zero

        Nodes      |    B&B Tree     |            Objective Bounds              |  Dynamic Constraints |       Work      
Src  Proc. InQueue |  Leaves   Expl. | BestBound       BestSol              Gap |   Cuts   InLp Confl. | LpIters     Time

 J       0       0         0   0.00%   -inf            0.6137841355       Large        0      0      0         0     0.4s
 T       0       0         0   0.00%   -4.327323436    -3.525689227      22.74%        0      0      0      1681     0.5s
         1       0         1 100.00%   -3.525689227    -3.525689227       0.00%        0      0      0      1681     0.5s

Solving report
  Status            Optimal
  Primal bound      -3.52568922729
  Dual bound        -3.52568922729
  Gap               0% (tolerance: 0.5%)
  P-D integral      0.319364003163
  Solution status   feasible
                    -3.52568922729 (objective)
                    0 (bound viol.)
                    0 (int. viol.)
                    0 (row viol.)
  Timing            0.48
  Max sub-MIP depth 0
  Nodes             1
  Repair LPs        0
  LP iterations     1681
                    0 (strong br.)
                    0 (separation)
                    0 (heuristics)
MIP has 10753 rows; 9409 cols; 25537 nonzeros; 1344 integer variables (1344 binary)
Coefficient ranges:
  Matrix  [2e-01, 1e+00]
  Cost    [1e-02, 6e-02]
  Bound   [1e+00, 1e+00]
  RHS     [2e-04, 2e+00]
Presolving model
8064 rows, 8838 cols, 22277 nonzeros 0s
6325 rows, 7433 cols, 17797 nonzeros 0s
4434 rows, 5730 cols, 12867 nonzeros 0s
4181 rows, 5093 cols, 11973 nonzeros 0s
Presolve reductions: rows 4181(-6572); columns 5093(-4316); nonzeros 11973(-13564) 

Solving MIP model with:
   4181 rows
   5093 cols (675 binary, 0 integer, 0 implied int., 4418 continuous, 0 domain fixed)
   11973 nonzeros

Src: B => Branching; C => Central rounding; F => Feasibility pump; H => Heuristic;
     I => Shifting; J => Feasibility jump; L => Sub-MIP; P => Empty MIP; R => Randomized rounding;
     S => Solve LP; T => Evaluate node; U => Unbounded; X => User solution; Y => HiGHS solution;
     Z => ZI Round; l => Trivial lower; p => Trivial point; u => Trivial upper; z => Trivial zero

        Nodes      |    B&B Tree     |            Objective Bounds              |  Dynamic Constraints |       Work      
Src  Proc. InQueue |  Leaves   Expl. | BestBound       BestSol              Gap |   Cuts   InLp Confl. | LpIters     Time

         0       0         0   0.00%   -4.187789347    inf                  inf        0      0      0         0     0.5s
         0       0         0   0.00%   -3.234347989    inf                  inf        0      0      2      1717     0.5s
 R       0       0         0   0.00%   -3.234347989    -3.234347989       0.00%        0      0      2      1723     0.6s
         1       0         1 100.00%   -3.234347989    -3.234347989       0.00%        0      0      2      1723     0.6s

Solving report
  Status            Optimal
  Primal bound      -3.23434798919
  Dual bound        -3.23434798919
  Gap               0% (tolerance: 0.5%)
  P-D integral      2.12986104958e-19
  Solution status   feasible
                    -3.23434798919 (objective)
                    0 (bound viol.)
                    0 (int. viol.)
                    0 (row viol.)
  Timing            0.56
  Max sub-MIP depth 0
  Nodes             1
  Repair LPs        0
  LP iterations     1723
                    0 (strong br.)
                    6 (separation)
                    0 (heuristics)
MIP has 10753 rows; 9409 cols; 25537 nonzeros; 1344 integer variables (1344 binary)
Coefficient ranges:
  Matrix  [2e-01, 1e+00]
  Cost    [1e-02, 6e-02]
  Bound   [1e+00, 1e+00]
  RHS     [2e-04, 2e+00]
Presolving model
8064 rows, 8813 cols, 22252 nonzeros 0s
6314 rows, 7397 cols, 17750 nonzeros 0s
4407 rows, 5673 cols, 12783 nonzeros 0s
4175 rows, 5048 cols, 11926 nonzeros 0s
Presolve reductions: rows 4175(-6578); columns 5048(-4361); nonzeros 11926(-13611) 

Solving MIP model with:
   4175 rows
   5048 cols (676 binary, 0 integer, 0 implied int., 4372 continuous, 0 domain fixed)
   11926 nonzeros

Src: B => Branching; C => Central rounding; F => Feasibility pump; H => Heuristic;
     I => Shifting; J => Feasibility jump; L => Sub-MIP; P => Empty MIP; R => Randomized rounding;
     S => Solve LP; T => Evaluate node; U => Unbounded; X => User solution; Y => HiGHS solution;
     Z => ZI Round; l => Trivial lower; p => Trivial point; u => Trivial upper; z => Trivial zero

        Nodes      |    B&B Tree     |            Objective Bounds              |  Dynamic Constraints |       Work      
Src  Proc. InQueue |  Leaves   Expl. | BestBound       BestSol              Gap |   Cuts   InLp Confl. | LpIters     Time

         0       0         0   0.00%   -4.542385569    inf                  inf        0      0      0         0     0.5s
         0       0         0   0.00%   -3.397213848    inf                  inf        0      0      2      1752     0.5s
 R       0       0         0   0.00%   -3.397213848    -3.397213848       0.00%        0      0      2      1766     0.5s
         1       0         1 100.00%   -3.397213848    -3.397213848       0.00%        0      0      2      1766     0.5s

Solving report
  Status            Optimal
  Primal bound      -3.39721384766
  Dual bound        -3.39721384766
  Gap               0% (tolerance: 0.5%)
  P-D integral      0
  Solution status   feasible
                    -3.39721384766 (objective)
                    0 (bound viol.)
                    0 (int. viol.)
                    0 (row viol.)
  Timing            0.55
  Max sub-MIP depth 0
  Nodes             1
  Repair LPs        0
  LP iterations     1766
                    0 (strong br.)
                    14 (separation)
                    0 (heuristics)
MIP has 10753 rows; 9409 cols; 25537 nonzeros; 1344 integer variables (1344 binary)
Coefficient ranges:
  Matrix  [2e-01, 1e+00]
  Cost    [1e-02, 6e-02]
  Bound   [1e+00, 1e+00]
  RHS     [3e-05, 2e+00]
WARNING: Problem has some excessively small row bounds
Presolving model
8064 rows, 8792 cols, 22231 nonzeros 0s
6320 rows, 7382 cols, 17741 nonzeros 0s
4417 rows, 5669 cols, 12789 nonzeros 0s
3962 rows, 4860 cols, 11385 nonzeros 0s
Presolve reductions: rows 3962(-6791); columns 4860(-4549); nonzeros 11385(-14152) 

Solving MIP model with:
   3962 rows
   4860 cols (641 binary, 0 integer, 0 implied int., 4219 continuous, 0 domain fixed)
   11385 nonzeros

Src: B => Branching; C => Central rounding; F => Feasibility pump; H => Heuristic;
     I => Shifting; J => Feasibility jump; L => Sub-MIP; P => Empty MIP; R => Randomized rounding;
     S => Solve LP; T => Evaluate node; U => Unbounded; X => User solution; Y => HiGHS solution;
     Z => ZI Round; l => Trivial lower; p => Trivial point; u => Trivial upper; z => Trivial zero

        Nodes      |    B&B Tree     |            Objective Bounds              |  Dynamic Constraints |       Work      
Src  Proc. InQueue |  Leaves   Expl. | BestBound       BestSol              Gap |   Cuts   InLp Confl. | LpIters     Time

 J       0       0         0   0.00%   -inf            0.6287988372       Large        0      0      0         0     0.4s
 T       0       0         0   0.00%   -3.559721827    -2.824148086      26.05%        0      0      0      1659     0.5s
         1       0         1 100.00%   -2.824148086    -2.824148086       0.00%        0      0      0      1659     0.5s

Solving report
  Status            Optimal
  Primal bound      -2.82414808572
  Dual bound        -2.82414808572
  Gap               0% (tolerance: 0.5%)
  P-D integral      0.369914239867
  Solution status   feasible
                    -2.82414808572 (objective)
                    0 (bound viol.)
                    0 (int. viol.)
                    0 (row viol.)
  Timing            0.47
  Max sub-MIP depth 0
  Nodes             1
  Repair LPs        0
  LP iterations     1659
                    0 (strong br.)
                    0 (separation)
                    0 (heuristics)
MIP has 10753 rows; 9409 cols; 25537 nonzeros; 1344 integer variables (1344 binary)
Coefficient ranges:
  Matrix  [2e-01, 1e+00]
  Cost    [1e-02, 6e-02]
  Bound   [1e+00, 1e+00]
  RHS     [1e-05, 2e+00]
WARNING: Problem has some excessively small row bounds
Presolving model
8064 rows, 8762 cols, 22201 nonzeros 0s
6322 rows, 7354 cols, 17715 nonzeros 0s
4428 rows, 5651 cols, 12782 nonzeros 0s
3799 rows, 4736 cols, 10938 nonzeros 0s
3734 rows, 4671 cols, 10808 nonzeros 0s
Presolve reductions: rows 3734(-7019); columns 4671(-4738); nonzeros 10808(-14729) 

Solving MIP model with:
   3734 rows
   4671 cols (601 binary, 0 integer, 0 implied int., 4070 continuous, 0 domain fixed)
   10808 nonzeros

Src: B => Branching; C => Central rounding; F => Feasibility pump; H => Heuristic;
     I => Shifting; J => Feasibility jump; L => Sub-MIP; P => Empty MIP; R => Randomized rounding;
     S => Solve LP; T => Evaluate node; U => Unbounded; X => User solution; Y => HiGHS solution;
     Z => ZI Round; l => Trivial lower; p => Trivial point; u => Trivial upper; z => Trivial zero

        Nodes      |    B&B Tree     |            Objective Bounds              |  Dynamic Constraints |       Work      
Src  Proc. InQueue |  Leaves   Expl. | BestBound       BestSol              Gap |   Cuts   InLp Confl. | LpIters     Time

 J       0       0         0   0.00%   -inf            1.145130332        Large        0      0      0         0     0.5s
 T       0       0         0   0.00%   -3.213459616    -2.449557027      31.19%        0      0      0      1444     0.5s
         1       0         1 100.00%   -2.449557027    -2.449557027       0.00%        0      0      0      1444     0.5s

Solving report
  Status            Optimal
  Primal bound      -2.44955702684
  Dual bound        -2.44955702684
  Gap               0% (tolerance: 0.5%)
  P-D integral      0.224630493379
  Solution status   feasible
                    -2.44955702684 (objective)
                    0 (bound viol.)
                    0 (int. viol.)
                    0 (row viol.)
  Timing            0.52
  Max sub-MIP depth 0
  Nodes             1
  Repair LPs        0
  LP iterations     1444
                    0 (strong br.)
                    0 (separation)
                    0 (heuristics)
MIP has 10753 rows; 9409 cols; 25537 nonzeros; 1344 integer variables (1344 binary)
Coefficient ranges:
  Matrix  [2e-01, 1e+00]
  Cost    [1e-02, 6e-02]
  Bound   [1e+00, 1e+00]
  RHS     [1e-05, 2e+00]
WARNING: Problem has some excessively small row bounds
Presolving model
8064 rows, 8750 cols, 22189 nonzeros 0s
6333 rows, 7353 cols, 17725 nonzeros 0s
4453 rows, 5675 cols, 12831 nonzeros 0s
3688 rows, 4662 cols, 10657 nonzeros 0s
3600 rows, 4574 cols, 10481 nonzeros 0s
Presolve reductions: rows 3600(-7153); columns 4574(-4835); nonzeros 10481(-15056) 

Solving MIP model with:
   3600 rows
   4574 cols (577 binary, 0 integer, 0 implied int., 3997 continuous, 0 domain fixed)
   10481 nonzeros

Src: B => Branching; C => Central rounding; F => Feasibility pump; H => Heuristic;
     I => Shifting; J => Feasibility jump; L => Sub-MIP; P => Empty MIP; R => Randomized rounding;
     S => Solve LP; T => Evaluate node; U => Unbounded; X => User solution; Y => HiGHS solution;
     Z => ZI Round; l => Trivial lower; p => Trivial point; u => Trivial upper; z => Trivial zero

        Nodes      |    B&B Tree     |            Objective Bounds              |  Dynamic Constraints |       Work      
Src  Proc. InQueue |  Leaves   Expl. | BestBound       BestSol              Gap |   Cuts   InLp Confl. | LpIters     Time

 J       0       0         0   0.00%   -inf            1.226636806        Large        0      0      0         0     0.4s
 T       0       0         0   0.00%   -2.929438258    -2.106068438      39.10%        0      0      0      1439     0.5s
         1       0         1 100.00%   -2.106068438    -2.106068438       0.00%        0      0      0      1439     0.5s

Solving report
  Status            Optimal
  Primal bound      -2.10606843802
  Dual bound        -2.10606843802
  Gap               0% (tolerance: 0.5%)
  P-D integral      0.161288472802
  Solution status   feasible
                    -2.10606843802 (objective)
                    0 (bound viol.)
                    0 (int. viol.)
                    0 (row viol.)
  Timing            0.50
  Max sub-MIP depth 0
  Nodes             1
  Repair LPs        0
  LP iterations     1439
                    0 (strong br.)
                    0 (separation)
                    0 (heuristics)
MIP has 10753 rows; 9409 cols; 25537 nonzeros; 1344 integer variables (1344 binary)
Coefficient ranges:
  Matrix  [2e-01, 1e+00]
  Cost    [1e-02, 6e-02]
  Bound   [1e+00, 1e+00]
  RHS     [4e-04, 2e+00]
Presolving model
8064 rows, 8755 cols, 22194 nonzeros 0s
6345 rows, 7370 cols, 17754 nonzeros 0s
4454 rows, 5692 cols, 12849 nonzeros 0s
3665 rows, 4653 cols, 10597 nonzeros 0s
3566 rows, 4554 cols, 10399 nonzeros 0s
Presolve reductions: rows 3566(-7187); columns 4554(-4855); nonzeros 10399(-15138) 

Solving MIP model with:
   3566 rows
   4554 cols (570 binary, 0 integer, 0 implied int., 3984 continuous, 0 domain fixed)
   10399 nonzeros

Src: B => Branching; C => Central rounding; F => Feasibility pump; H => Heuristic;
     I => Shifting; J => Feasibility jump; L => Sub-MIP; P => Empty MIP; R => Randomized rounding;
     S => Solve LP; T => Evaluate node; U => Unbounded; X => User solution; Y => HiGHS solution;
     Z => ZI Round; l => Trivial lower; p => Trivial point; u => Trivial upper; z => Trivial zero

        Nodes      |    B&B Tree     |            Objective Bounds              |  Dynamic Constraints |       Work      
Src  Proc. InQueue |  Leaves   Expl. | BestBound       BestSol              Gap |   Cuts   InLp Confl. | LpIters     Time

 J       0       0         0   0.00%   -inf            0.9195831864       Large        0      0      0         0     0.4s
 T       0       0         0   0.00%   -2.494265358    -1.673143574      49.08%        0      0      0      1447     0.5s
         1       0         1 100.00%   -1.673143574    -1.673143574       0.00%        0      0      0      1447     0.5s

Solving report
  Status            Optimal
  Primal bound      -1.67314357391
  Dual bound        -1.67314357391
  Gap               0% (tolerance: 0.5%)
  P-D integral      0.17343676771
  Solution status   feasible
                    -1.67314357391 (objective)
                    0 (bound viol.)
                    0 (int. viol.)
                    0 (row viol.)
  Timing            0.49
  Max sub-MIP depth 0
  Nodes             1
  Repair LPs        0
  LP iterations     1447
                    0 (strong br.)
                    0 (separation)
                    0 (heuristics)
MIP has 10753 rows; 9409 cols; 25537 nonzeros; 1344 integer variables (1344 binary)
Coefficient ranges:
  Matrix  [2e-01, 1e+00]
  Cost    [1e-02, 6e-02]
  Bound   [1e+00, 1e+00]
  RHS     [2e-04, 2e+00]
Presolving model
8064 rows, 8734 cols, 22173 nonzeros 0s
6340 rows, 7344 cols, 17723 nonzeros 0s
4448 rows, 5663 cols, 12814 nonzeros 0s
3627 rows, 4597 cols, 10491 nonzeros 0s
3521 rows, 4491 cols, 10279 nonzeros 0s
Presolve reductions: rows 3521(-7232); columns 4491(-4918); nonzeros 10279(-15258) 

Solving MIP model with:
   3521 rows
   4491 cols (567 binary, 0 integer, 0 implied int., 3924 continuous, 0 domain fixed)
   10279 nonzeros

Src: B => Branching; C => Central rounding; F => Feasibility pump; H => Heuristic;
     I => Shifting; J => Feasibility jump; L => Sub-MIP; P => Empty MIP; R => Randomized rounding;
     S => Solve LP; T => Evaluate node; U => Unbounded; X => User solution; Y => HiGHS solution;
     Z => ZI Round; l => Trivial lower; p => Trivial point; u => Trivial upper; z => Trivial zero

        Nodes      |    B&B Tree     |            Objective Bounds              |  Dynamic Constraints |       Work      
Src  Proc. InQueue |  Leaves   Expl. | BestBound       BestSol              Gap |   Cuts   InLp Confl. | LpIters     Time

 J       0       0         0   0.00%   -inf            0.9332216163       Large        0      0      0         0     0.4s
 T       0       0         0   0.00%   -2.153611508    -1.4438092        49.16%        0      0      0      1366     0.5s
         1       0         1 100.00%   -1.4438092      -1.4438092         0.00%        0      0      0      1366     0.5s

Solving report
  Status            Optimal
  Primal bound      -1.44380920037
  Dual bound        -1.44380920037
  Gap               0% (tolerance: 0.5%)
  P-D integral      0.150950571304
  Solution status   feasible
                    -1.44380920037 (objective)
                    0 (bound viol.)
                    0 (int. viol.)
                    0 (row viol.)
  Timing            0.50
  Max sub-MIP depth 0
  Nodes             1
  Repair LPs        0
  LP iterations     1366
                    0 (strong br.)
                    0 (separation)
                    0 (heuristics)
MIP has 10753 rows; 9409 cols; 25537 nonzeros; 1344 integer variables (1344 binary)
Coefficient ranges:
  Matrix  [2e-01, 1e+00]
  Cost    [1e-02, 6e-02]
  Bound   [1e+00, 1e+00]
  RHS     [6e-05, 2e+00]
WARNING: Problem has some excessively small row bounds
Presolving model
8064 rows, 8720 cols, 22159 nonzeros 0s
6340 rows, 7330 cols, 17709 nonzeros 0s
4451 rows, 5653 cols, 12807 nonzeros 0s
3504 rows, 4488 cols, 10155 nonzeros 0s
3385 rows, 4369 cols, 9917 nonzeros 0s
Presolve reductions: rows 3385(-7368); columns 4369(-5040); nonzeros 9917(-15620) 

Solving MIP model with:
   3385 rows
   4369 cols (541 binary, 0 integer, 0 implied int., 3828 continuous, 0 domain fixed)
   9917 nonzeros

Src: B => Branching; C => Central rounding; F => Feasibility pump; H => Heuristic;
     I => Shifting; J => Feasibility jump; L => Sub-MIP; P => Empty MIP; R => Randomized rounding;
     S => Solve LP; T => Evaluate node; U => Unbounded; X => User solution; Y => HiGHS solution;
     Z => ZI Round; l => Trivial lower; p => Trivial point; u => Trivial upper; z => Trivial zero

        Nodes      |    B&B Tree     |            Objective Bounds              |  Dynamic Constraints |       Work      
Src  Proc. InQueue |  Leaves   Expl. | BestBound       BestSol              Gap |   Cuts   InLp Confl. | LpIters     Time

 J       0       0         0   0.00%   -inf            1.285253535        Large        0      0      0         0     0.4s
 T       0       0         0   0.00%   -2.063589028    -1.217968588      69.43%        0      0      0      1312     0.5s
         1       0         1 100.00%   -1.217968588    -1.217968588       0.00%        0      0      0      1312     0.5s

Solving report
  Status            Optimal
  Primal bound      -1.21796858794
  Dual bound        -1.21796858794
  Gap               0% (tolerance: 0.5%)
  P-D integral      0.145647316442
  Solution status   feasible
                    -1.21796858794 (objective)
                    0 (bound viol.)
                    0 (int. viol.)
                    0 (row viol.)
  Timing            0.49
  Max sub-MIP depth 0
  Nodes             1
  Repair LPs        0
  LP iterations     1312
                    0 (strong br.)
                    0 (separation)
                    0 (heuristics)
MIP has 10753 rows; 9409 cols; 25537 nonzeros; 1344 integer variables (1344 binary)
Coefficient ranges:
  Matrix  [2e-01, 1e+00]
  Cost    [1e-02, 6e-02]
  Bound   [1e+00, 1e+00]
  RHS     [6e-05, 2e+00]
WARNING: Problem has some excessively small row bounds
Presolving model
8064 rows, 8827 cols, 22266 nonzeros 0s
6392 rows, 7489 cols, 17920 nonzeros 0s
4531 rows, 5865 cols, 13099 nonzeros 0s
3715 rows, 4849 cols, 10811 nonzeros 0s
3611 rows, 4745 cols, 10603 nonzeros 0s
Presolve reductions: rows 3611(-7142); columns 4745(-4664); nonzeros 10603(-14934) 

Solving MIP model with:
   3611 rows
   4745 cols (562 binary, 0 integer, 0 implied int., 4183 continuous, 0 domain fixed)
   10603 nonzeros

Src: B => Branching; C => Central rounding; F => Feasibility pump; H => Heuristic;
     I => Shifting; J => Feasibility jump; L => Sub-MIP; P => Empty MIP; R => Randomized rounding;
     S => Solve LP; T => Evaluate node; U => Unbounded; X => User solution; Y => HiGHS solution;
     Z => ZI Round; l => Trivial lower; p => Trivial point; u => Trivial upper; z => Trivial zero

        Nodes      |    B&B Tree     |            Objective Bounds              |  Dynamic Constraints |       Work      
Src  Proc. InQueue |  Leaves   Expl. | BestBound       BestSol              Gap |   Cuts   InLp Confl. | LpIters     Time

 J       0       0         0   0.00%   -inf            1.496628792        Large        0      0      0         0     0.4s
 T       0       0         0   0.00%   -1.539739816    -0.6632997671    132.13%        0      0      0      1429     0.5s
         1       0         1 100.00%   -0.6632997671   -0.6632997671      0.00%        0      0      0      1429     0.5s

Solving report
  Status            Optimal
  Primal bound      -0.663299767121
  Dual bound        -0.663299767121
  Gap               0% (tolerance: 0.5%)
  P-D integral      0.0925978689738
  Solution status   feasible
                    -0.663299767121 (objective)
                    0 (bound viol.)
                    0 (int. viol.)
                    0 (row viol.)
  Timing            0.47
  Max sub-MIP depth 0
  Nodes             1
  Repair LPs        0
  LP iterations     1429
                    0 (strong br.)
                    0 (separation)
                    0 (heuristics)
MIP has 10753 rows; 9409 cols; 25537 nonzeros; 1344 integer variables (1344 binary)
Coefficient ranges:
  Matrix  [2e-01, 1e+00]
  Cost    [1e-02, 6e-02]
  Bound   [1e+00, 1e+00]
  RHS     [3e-04, 2e+00]
Presolving model
8064 rows, 9176 cols, 22615 nonzeros 0s
6484 rows, 7930 cols, 18453 nonzeros 0s
5222 rows, 6831 cols, 15172 nonzeros 0s
5067 rows, 6520 cols, 14706 nonzeros 0s
Presolve reductions: rows 5067(-5686); columns 6520(-2889); nonzeros 14706(-10831) 

Solving MIP model with:
   5067 rows
   6520 cols (780 binary, 0 integer, 0 implied int., 5740 continuous, 0 domain fixed)
   14706 nonzeros

Src: B => Branching; C => Central rounding; F => Feasibility pump; H => Heuristic;
     I => Shifting; J => Feasibility jump; L => Sub-MIP; P => Empty MIP; R => Randomized rounding;
     S => Solve LP; T => Evaluate node; U => Unbounded; X => User solution; Y => HiGHS solution;
     Z => ZI Round; l => Trivial lower; p => Trivial point; u => Trivial upper; z => Trivial zero

        Nodes      |    B&B Tree     |            Objective Bounds              |  Dynamic Constraints |       Work      
Src  Proc. InQueue |  Leaves   Expl. | BestBound       BestSol              Gap |   Cuts   InLp Confl. | LpIters     Time

 J       0       0         0   0.00%   -inf            0.9853628952       Large        0      0      0         0     0.5s
 T       0       0         0   0.00%   -0.8107866851   -0.2504512667    223.73%        0      0      0      1931     0.5s
         1       0         1 100.00%   -0.2504512667   -0.2504512667      0.00%        0      0      0      1931     0.5s

Solving report
  Status            Optimal
  Primal bound      -0.250451266676
  Dual bound        -0.250451266676
  Gap               0% (tolerance: 0.5%)
  P-D integral      0.104249657247
  Solution status   feasible
                    -0.250451266676 (objective)
                    0 (bound viol.)
                    0 (int. viol.)
                    0 (row viol.)
  Timing            0.55
  Max sub-MIP depth 0
  Nodes             1
  Repair LPs        0
  LP iterations     1931
                    0 (strong br.)
                    0 (separation)
                    0 (heuristics)
MIP has 10753 rows; 9409 cols; 25537 nonzeros; 1344 integer variables (1344 binary)
Coefficient ranges:
  Matrix  [2e-01, 1e+00]
  Cost    [1e-02, 6e-02]
  Bound   [1e+00, 1e+00]
  RHS     [3e-04, 2e+00]
Presolving model
8064 rows, 9068 cols, 22507 nonzeros 0s
6422 rows, 7760 cols, 18221 nonzeros 0s
4861 rows, 6376 cols, 14132 nonzeros 0s
4650 rows, 5948 cols, 13493 nonzeros 0s
Presolve reductions: rows 4650(-6103); columns 5948(-3461); nonzeros 13493(-12044) 

Solving MIP model with:
   4650 rows
   5948 cols (724 binary, 0 integer, 0 implied int., 5224 continuous, 0 domain fixed)
   13493 nonzeros

Src: B => Branching; C => Central rounding; F => Feasibility pump; H => Heuristic;
     I => Shifting; J => Feasibility jump; L => Sub-MIP; P => Empty MIP; R => Randomized rounding;
     S => Solve LP; T => Evaluate node; U => Unbounded; X => User solution; Y => HiGHS solution;
     Z => ZI Round; l => Trivial lower; p => Trivial point; u => Trivial upper; z => Trivial zero

        Nodes      |    B&B Tree     |            Objective Bounds              |  Dynamic Constraints |       Work      
Src  Proc. InQueue |  Leaves   Expl. | BestBound       BestSol              Gap |   Cuts   InLp Confl. | LpIters     Time

 J       0       0         0   0.00%   -inf            1.319209152        Large        0      0      0         0     0.4s
 T       0       0         0   0.00%   -0.9450283873   -0.3138812852    201.08%        0      0      0      1864     0.5s
         1       0         1 100.00%   -0.3138812852   -0.3138812852      0.00%        0      0      0      1864     0.5s

Solving report
  Status            Optimal
  Primal bound      -0.313881285203
  Dual bound        -0.313881285203
  Gap               0% (tolerance: 0.5%)
  P-D integral      0.150741671984
  Solution status   feasible
                    -0.313881285203 (objective)
                    0 (bound viol.)
                    0 (int. viol.)
                    0 (row viol.)
  Timing            0.52
  Max sub-MIP depth 0
  Nodes             1
  Repair LPs        0
  LP iterations     1864
                    0 (strong br.)
                    0 (separation)
                    0 (heuristics)
MIP has 10753 rows; 9409 cols; 25537 nonzeros; 1344 integer variables (1344 binary)
Coefficient ranges:
  Matrix  [2e-01, 1e+00]
  Cost    [1e-02, 6e-02]
  Bound   [1e+00, 1e+00]
  RHS     [3e-04, 2e+00]
Presolving model
8064 rows, 8560 cols, 21999 nonzeros 0s
6377 rows, 7207 cols, 17623 nonzeros 0s
4538 rows, 5619 cols, 12860 nonzeros 0s
4406 rows, 4218 cols, 9323 nonzeros 0s
2541 rows, 3689 cols, 7597 nonzeros 0s
2080 rows, 3256 cols, 6587 nonzeros 0s
Presolve reductions: rows 2080(-8673); columns 3256(-6153); nonzeros 6587(-18950) 

Solving MIP model with:
   2080 rows
   3256 cols (313 binary, 0 integer, 0 implied int., 2943 continuous, 0 domain fixed)
   6587 nonzeros

Src: B => Branching; C => Central rounding; F => Feasibility pump; H => Heuristic;
     I => Shifting; J => Feasibility jump; L => Sub-MIP; P => Empty MIP; R => Randomized rounding;
     S => Solve LP; T => Evaluate node; U => Unbounded; X => User solution; Y => HiGHS solution;
     Z => ZI Round; l => Trivial lower; p => Trivial point; u => Trivial upper; z => Trivial zero

        Nodes      |    B&B Tree     |            Objective Bounds              |  Dynamic Constraints |       Work      
Src  Proc. InQueue |  Leaves   Expl. | BestBound       BestSol              Gap |   Cuts   InLp Confl. | LpIters     Time

 J       0       0         0   0.00%   -inf            2.836205832        Large        0      0      0         0     0.5s
 T       0       0         0   0.00%   -0.7591109261   1.299299774      158.42%        0      0      0       857     0.5s
         1       0         1 100.00%   1.299299774     1.299299774        0.00%        0      0      0       857     0.5s

Solving report
  Status            Optimal
  Primal bound      1.29929977441
  Dual bound        1.29929977441
  Gap               0% (tolerance: 0.5%)
  P-D integral      0.0339915734755
  Solution status   feasible
                    1.29929977441 (objective)
                    0 (bound viol.)
                    0 (int. viol.)
                    0 (row viol.)
  Timing            0.49
  Max sub-MIP depth 0
  Nodes             1
  Repair LPs        0
  LP iterations     857
                    0 (strong br.)
                    0 (separation)
                    0 (heuristics)
MIP has 10753 rows; 9409 cols; 25537 nonzeros; 1344 integer variables (1344 binary)
Coefficient ranges:
  Matrix  [2e-01, 1e+00]
  Cost    [1e-02, 6e-02]
  Bound   [1e+00, 1e+00]
  RHS     [5e-04, 2e+00]
Presolving model
8064 rows, 8414 cols, 21853 nonzeros 0s
6359 rows, 7039 cols, 17441 nonzeros 0s
4526 rows, 5452 cols, 12685 nonzeros 0s
2549 rows, 3563 cols, 7487 nonzeros 0s
1533 rows, 2685 cols, 5037 nonzeros 0s
1376 rows, 2528 cols, 4723 nonzeros 0s
Presolve reductions: rows 1376(-9377); columns 2528(-6881); nonzeros 4723(-20814) 

Solving MIP model with:
   1376 rows
   2528 cols (205 binary, 0 integer, 0 implied int., 2323 continuous, 0 domain fixed)
   4723 nonzeros

Src: B => Branching; C => Central rounding; F => Feasibility pump; H => Heuristic;
     I => Shifting; J => Feasibility jump; L => Sub-MIP; P => Empty MIP; R => Randomized rounding;
     S => Solve LP; T => Evaluate node; U => Unbounded; X => User solution; Y => HiGHS solution;
     Z => ZI Round; l => Trivial lower; p => Trivial point; u => Trivial upper; z => Trivial zero

        Nodes      |    B&B Tree     |            Objective Bounds              |  Dynamic Constraints |       Work      
Src  Proc. InQueue |  Leaves   Expl. | BestBound       BestSol              Gap |   Cuts   InLp Confl. | LpIters     Time

 J       0       0         0   0.00%   -inf            3.397872873        Large        0      0      0         0     0.9s
 T       0       0         0   0.00%   -0.4474476151   2.248380946      119.90%        0      0      0       569     0.9s
         1       0         1 100.00%   2.248380946     2.248380946        0.00%        0      0      0       569     0.9s

Solving report
  Status            Optimal
  Primal bound      2.24838094575
  Dual bound        2.24838094575
  Gap               0% (tolerance: 0.5%)
  P-D integral      0.027463031622
  Solution status   feasible
                    2.24838094575 (objective)
                    0 (bound viol.)
                    0 (int. viol.)
                    0 (row viol.)
  Timing            0.89
  Max sub-MIP depth 0
  Nodes             1
  Repair LPs        0
  LP iterations     569
                    0 (strong br.)
                    0 (separation)
                    0 (heuristics)
MIP has 10753 rows; 9409 cols; 25537 nonzeros; 1344 integer variables (1344 binary)
Coefficient ranges:
  Matrix  [2e-01, 1e+00]
  Cost    [1e-02, 6e-02]
  Bound   [1e+00, 1e+00]
  RHS     [3e-04, 2e+00]
Presolving model
8064 rows, 8526 cols, 21965 nonzeros 0s
6286 rows, 6930 cols, 17259 nonzeros 0s
4402 rows, 5177 cols, 12282 nonzeros 0s
2411 rows, 3180 cols, 6966 nonzeros 0s
2248 rows, 2466 cols, 5084 nonzeros 0s
1188 rows, 2076 cols, 3907 nonzeros 0s
1048 rows, 1936 cols, 3627 nonzeros 0s
Presolve reductions: rows 1048(-9705); columns 1936(-7473); nonzeros 3627(-21910) 

Solving MIP model with:
   1048 rows
   1936 cols (161 binary, 0 integer, 0 implied int., 1775 continuous, 0 domain fixed)
   3627 nonzeros

Src: B => Branching; C => Central rounding; F => Feasibility pump; H => Heuristic;
     I => Shifting; J => Feasibility jump; L => Sub-MIP; P => Empty MIP; R => Randomized rounding;
     S => Solve LP; T => Evaluate node; U => Unbounded; X => User solution; Y => HiGHS solution;
     Z => ZI Round; l => Trivial lower; p => Trivial point; u => Trivial upper; z => Trivial zero

        Nodes      |    B&B Tree     |            Objective Bounds              |  Dynamic Constraints |       Work      
Src  Proc. InQueue |  Leaves   Expl. | BestBound       BestSol              Gap |   Cuts   InLp Confl. | LpIters     Time

 J       0       0         0   0.00%   -inf            1.073226324        Large        0      0      0         0     0.4s
 T       0       0         0   0.00%   -1.132477318    0.0335294524    3477.56%        0      0      0       416     0.4s
         1       0         1 100.00%   0.0335294524    0.0335294524       0.00%        0      0      0       416     0.4s

Solving report
  Status            Optimal
  Primal bound      0.0335294523529
  Dual bound        0.0335294523529
  Gap               0% (tolerance: 0.5%)
  P-D integral      0.0442350827759
  Solution status   feasible
                    0.0335294523529 (objective)
                    0 (bound viol.)
                    0 (int. viol.)
                    0 (row viol.)
  Timing            0.38
  Max sub-MIP depth 0
  Nodes             1
  Repair LPs        0
  LP iterations     416
                    0 (strong br.)
                    0 (separation)
                    0 (heuristics)
MIP has 10753 rows; 9409 cols; 25537 nonzeros; 1344 integer variables (1344 binary)
Coefficient ranges:
  Matrix  [2e-01, 1e+00]
  Cost    [1e-02, 6e-02]
  Bound   [1e+00, 1e+00]
  RHS     [3e-04, 2e+00]
Presolving model
8064 rows, 8605 cols, 22044 nonzeros 0s
6283 rows, 6894 cols, 17264 nonzeros 0s
4433 rows, 5078 cols, 12302 nonzeros 0s
2512 rows, 3091 cols, 7102 nonzeros 0s
2429 rows, 2099 cols, 4570 nonzeros 0s
715 rows, 1356 cols, 2406 nonzeros 0s
571 rows, 1212 cols, 2118 nonzeros 0s
Presolve reductions: rows 571(-10182); columns 1212(-8197); nonzeros 2118(-23419) 

Solving MIP model with:
   571 rows
   1212 cols (84 binary, 0 integer, 0 implied int., 1128 continuous, 0 domain fixed)
   2118 nonzeros

Src: B => Branching; C => Central rounding; F => Feasibility pump; H => Heuristic;
     I => Shifting; J => Feasibility jump; L => Sub-MIP; P => Empty MIP; R => Randomized rounding;
     S => Solve LP; T => Evaluate node; U => Unbounded; X => User solution; Y => HiGHS solution;
     Z => ZI Round; l => Trivial lower; p => Trivial point; u => Trivial upper; z => Trivial zero

        Nodes      |    B&B Tree     |            Objective Bounds              |  Dynamic Constraints |       Work      
Src  Proc. InQueue |  Leaves   Expl. | BestBound       BestSol              Gap |   Cuts   InLp Confl. | LpIters     Time

 J       0       0         0   0.00%   -inf            -0.8120496472      Large        0      0      0         0     0.3s
 T       0       0         0   0.00%   -1.256631632    -1.103207734      13.91%        0      0      0       248     0.3s
         1       0         1 100.00%   -1.103207734    -1.103207734       0.00%        0      0      0       248     0.3s

Solving report
  Status            Optimal
  Primal bound      -1.1032077345
  Dual bound        -1.1032077345
  Gap               0% (tolerance: 0.5%)
  P-D integral      0.00611441411034
  Solution status   feasible
                    -1.1032077345 (objective)
                    0 (bound viol.)
                    0 (int. viol.)
                    0 (row viol.)
  Timing            0.34
  Max sub-MIP depth 0
  Nodes             1
  Repair LPs        0
  LP iterations     248
                    0 (strong br.)
                    0 (separation)
                    0 (heuristics)
MIP has 10753 rows; 9409 cols; 25537 nonzeros; 1344 integer variables (1344 binary)
Coefficient ranges:
  Matrix  [2e-01, 1e+00]
  Cost    [1e-02, 6e-02]
  Bound   [1e+00, 1e+00]
  RHS     [6e-05, 2e+00]
WARNING: Problem has some excessively small row bounds
Presolving model
8064 rows, 8586 cols, 22025 nonzeros 0s
6314 rows, 6896 cols, 17329 nonzeros 0s
4530 rows, 5142 cols, 12543 nonzeros 0s
2658 rows, 3225 cols, 7494 nonzeros 0s
2584 rows, 2222 cols, 4935 nonzeros 0s
919 rows, 1544 cols, 2942 nonzeros 0s
800 rows, 1425 cols, 2704 nonzeros 0s
Presolve reductions: rows 800(-9953); columns 1425(-7984); nonzeros 2704(-22833) 

Solving MIP model with:
   800 rows
   1425 cols (120 binary, 0 integer, 0 implied int., 1305 continuous, 0 domain fixed)
   2704 nonzeros

Src: B => Branching; C => Central rounding; F => Feasibility pump; H => Heuristic;
     I => Shifting; J => Feasibility jump; L => Sub-MIP; P => Empty MIP; R => Randomized rounding;
     S => Solve LP; T => Evaluate node; U => Unbounded; X => User solution; Y => HiGHS solution;
     Z => ZI Round; l => Trivial lower; p => Trivial point; u => Trivial upper; z => Trivial zero

        Nodes      |    B&B Tree     |            Objective Bounds              |  Dynamic Constraints |       Work      
Src  Proc. InQueue |  Leaves   Expl. | BestBound       BestSol              Gap |   Cuts   InLp Confl. | LpIters     Time

 J       0       0         0   0.00%   -inf            -0.6320280946      Large        0      0      0         0     0.3s
 T       0       0         0   0.00%   -0.9993283744   -0.8756479825     14.12%        0      0      0       336     0.3s
         1       0         1 100.00%   -0.8756479825   -0.8756479825      0.00%        0      0      0       336     0.3s

Solving report
  Status            Optimal
  Primal bound      -0.875647982525
  Dual bound        -0.875647982525
  Gap               0% (tolerance: 0.5%)
  P-D integral      0.00810454367743
  Solution status   feasible
                    -0.875647982525 (objective)
                    0 (bound viol.)
                    0 (int. viol.)
                    0 (row viol.)
  Timing            0.33
  Max sub-MIP depth 0
  Nodes             1
  Repair LPs        0
  LP iterations     336
                    0 (strong br.)
                    0 (separation)
                    0 (heuristics)
MIP has 10753 rows; 9409 cols; 25537 nonzeros; 1344 integer variables (1344 binary)
Coefficient ranges:
  Matrix  [2e-01, 1e+00]
  Cost    [1e-02, 6e-02]
  Bound   [1e+00, 1e+00]
  RHS     [6e-05, 2e+00]
WARNING: Problem has some excessively small row bounds
Presolving model
8064 rows, 8540 cols, 21979 nonzeros 0s
6366 rows, 6909 cols, 17434 nonzeros 0s
4606 rows, 5189 cols, 12722 nonzeros 0s
2806 rows, 3350 cols, 7871 nonzeros 0s
2754 rows, 2296 cols, 5177 nonzeros 0s
930 rows, 1530 cols, 2931 nonzeros 0s
723 rows, 1328 cols, 2466 nonzeros 0s
717 rows, 1322 cols, 2454 nonzeros 0s
Presolve reductions: rows 717(-10036); columns 1322(-8087); nonzeros 2454(-23083) 

Solving MIP model with:
   717 rows
   1322 cols (104 binary, 0 integer, 0 implied int., 1218 continuous, 0 domain fixed)
   2454 nonzeros

Src: B => Branching; C => Central rounding; F => Feasibility pump; H => Heuristic;
     I => Shifting; J => Feasibility jump; L => Sub-MIP; P => Empty MIP; R => Randomized rounding;
     S => Solve LP; T => Evaluate node; U => Unbounded; X => User solution; Y => HiGHS solution;
     Z => ZI Round; l => Trivial lower; p => Trivial point; u => Trivial upper; z => Trivial zero

        Nodes      |    B&B Tree     |            Objective Bounds              |  Dynamic Constraints |       Work      
Src  Proc. InQueue |  Leaves   Expl. | BestBound       BestSol              Gap |   Cuts   InLp Confl. | LpIters     Time

 J       0       0         0   0.00%   -inf            -0.591903352       Large        0      0      0         0     0.3s
 T       0       0         0   0.00%   -0.9459626795   -0.8164473233     15.86%        0      0      0       310     0.4s
         1       0         1 100.00%   -0.8164473233   -0.8164473233      0.00%        0      0      0       310     0.4s

Solving report
  Status            Optimal
  Primal bound      -0.816447323269
  Dual bound        -0.816447323269
  Gap               0% (tolerance: 0.5%)
  P-D integral      0.0063113628119
  Solution status   feasible
                    -0.816447323269 (objective)
                    0 (bound viol.)
                    0 (int. viol.)
                    0 (row viol.)
  Timing            0.36
  Max sub-MIP depth 0
  Nodes             1
  Repair LPs        0
  LP iterations     310
                    0 (strong br.)
                    0 (separation)
                    0 (heuristics)
MIP has 10753 rows; 9409 cols; 25537 nonzeros; 1344 integer variables (1344 binary)
Coefficient ranges:
  Matrix  [2e-01, 1e+00]
  Cost    [1e-02, 6e-02]
  Bound   [1e+00, 1e+00]
  RHS     [3e-04, 2e+00]
Presolving model
8064 rows, 8485 cols, 21924 nonzeros 0s
6347 rows, 6943 cols, 17389 nonzeros 0s
4555 rows, 5258 cols, 12648 nonzeros 0s
2680 rows, 3410 cols, 7657 nonzeros 0s
2557 rows, 2579 cols, 5473 nonzeros 0s
1274 rows, 2116 cols, 4073 nonzeros 0s
1143 rows, 1985 cols, 3811 nonzeros 0s
Presolve reductions: rows 1143(-9610); columns 1985(-7424); nonzeros 3811(-21726) 

Solving MIP model with:
   1143 rows
   1985 cols (171 binary, 0 integer, 0 implied int., 1814 continuous, 0 domain fixed)
   3811 nonzeros

Src: B => Branching; C => Central rounding; F => Feasibility pump; H => Heuristic;
     I => Shifting; J => Feasibility jump; L => Sub-MIP; P => Empty MIP; R => Randomized rounding;
     S => Solve LP; T => Evaluate node; U => Unbounded; X => User solution; Y => HiGHS solution;
     Z => ZI Round; l => Trivial lower; p => Trivial point; u => Trivial upper; z => Trivial zero

        Nodes      |    B&B Tree     |            Objective Bounds              |  Dynamic Constraints |       Work      
Src  Proc. InQueue |  Leaves   Expl. | BestBound       BestSol              Gap |   Cuts   InLp Confl. | LpIters     Time

 J       0       0         0   0.00%   -inf            1.118681218        Large        0      0      0         0     0.4s
 T       0       0         0   0.00%   -0.7311255682   0.304906413      339.79%        0      0      0       476     0.4s
         1       0         1 100.00%   0.304906413     0.304906413        0.00%        0      0      0       476     0.4s

Solving report
  Status            Optimal
  Primal bound      0.304906412976
  Dual bound        0.304906412976
  Gap               0% (tolerance: 0.5%)
  P-D integral      0.0368612943126
  Solution status   feasible
                    0.304906412976 (objective)
                    0 (bound viol.)
                    0 (int. viol.)
                    0 (row viol.)
  Timing            0.39
  Max sub-MIP depth 0
  Nodes             1
  Repair LPs        0
  LP iterations     476
                    0 (strong br.)
                    0 (separation)
                    0 (heuristics)
MIP has 10753 rows; 9409 cols; 25537 nonzeros; 1344 integer variables (1344 binary)
Coefficient ranges:
  Matrix  [2e-01, 1e+00]
  Cost    [1e-02, 6e-02]
  Bound   [1e+00, 1e+00]
  RHS     [3e-04, 2e+00]
Presolving model
8064 rows, 8504 cols, 21943 nonzeros 0s
6352 rows, 7108 cols, 17499 nonzeros 0s
4504 rows, 5491 cols, 12698 nonzeros 0s
2531 rows, 3578 cols, 7484 nonzeros 0s
1837 rows, 2961 cols, 5853 nonzeros 0s
1749 rows, 2873 cols, 5677 nonzeros 0s
Presolve reductions: rows 1749(-9004); columns 2873(-6536); nonzeros 5677(-19860) 

Solving MIP model with:
   1749 rows
   2873 cols (264 binary, 0 integer, 0 implied int., 2609 continuous, 0 domain fixed)
   5677 nonzeros

Src: B => Branching; C => Central rounding; F => Feasibility pump; H => Heuristic;
     I => Shifting; J => Feasibility jump; L => Sub-MIP; P => Empty MIP; R => Randomized rounding;
     S => Solve LP; T => Evaluate node; U => Unbounded; X => User solution; Y => HiGHS solution;
     Z => ZI Round; l => Trivial lower; p => Trivial point; u => Trivial upper; z => Trivial zero

        Nodes      |    B&B Tree     |            Objective Bounds              |  Dynamic Constraints |       Work      
Src  Proc. InQueue |  Leaves   Expl. | BestBound       BestSol              Gap |   Cuts   InLp Confl. | LpIters     Time

 J       0       0         0   0.00%   -inf            2.871643831        Large        0      0      0         0     0.4s
 T       0       0         0   0.00%   -0.4793435152   1.570387665      130.52%        0      0      0       718     0.5s
         1       0         1 100.00%   1.570387665     1.570387665        0.00%        0      0      0       718     0.5s

Solving report
  Status            Optimal
  Primal bound      1.57038766485
  Dual bound        1.57038766485
  Gap               0% (tolerance: 0.5%)
  P-D integral      0.0245145964404
  Solution status   feasible
                    1.57038766485 (objective)
                    0 (bound viol.)
                    0 (int. viol.)
                    0 (row viol.)
  Timing            0.47
  Max sub-MIP depth 0
  Nodes             1
  Repair LPs        0
  LP iterations     718
                    0 (strong br.)
                    0 (separation)
                    0 (heuristics)
MIP has 10753 rows; 9409 cols; 25537 nonzeros; 1344 integer variables (1344 binary)
Coefficient ranges:
  Matrix  [2e-01, 1e+00]
  Cost    [1e-02, 6e-02]
  Bound   [1e+00, 1e+00]
  RHS     [3e-04, 2e+00]
Presolving model
8064 rows, 8562 cols, 22001 nonzeros 0s
6356 rows, 7188 cols, 17579 nonzeros 0s
4489 rows, 5558 cols, 12734 nonzeros 0s
4327 rows, 4140 cols, 9186 nonzeros 0s
2512 rows, 3625 cols, 7506 nonzeros 0s
2236 rows, 3349 cols, 6954 nonzeros 0s
Presolve reductions: rows 2236(-8517); columns 3349(-6060); nonzeros 6954(-18583) 

Solving MIP model with:
   2236 rows
   3349 cols (343 binary, 0 integer, 0 implied int., 3006 continuous, 0 domain fixed)
   6954 nonzeros

Src: B => Branching; C => Central rounding; F => Feasibility pump; H => Heuristic;
     I => Shifting; J => Feasibility jump; L => Sub-MIP; P => Empty MIP; R => Randomized rounding;
     S => Solve LP; T => Evaluate node; U => Unbounded; X => User solution; Y => HiGHS solution;
     Z => ZI Round; l => Trivial lower; p => Trivial point; u => Trivial upper; z => Trivial zero

        Nodes      |    B&B Tree     |            Objective Bounds              |  Dynamic Constraints |       Work      
Src  Proc. InQueue |  Leaves   Expl. | BestBound       BestSol              Gap |   Cuts   InLp Confl. | LpIters     Time

 J       0       0         0   0.00%   -inf            2.86503201         Large        0      0      0         0     0.4s
 T       0       0         0   0.00%   -0.6065537694   1.1022444        155.03%        0      0      0       892     0.5s
         1       0         1 100.00%   1.1022444       1.1022444          0.00%        0      0      0       892     0.5s

Solving report
  Status            Optimal
  Primal bound      1.10224439965
  Dual bound        1.10224439965
  Gap               0% (tolerance: 0.5%)
  P-D integral      0.032924332972
  Solution status   feasible
                    1.10224439965 (objective)
                    0 (bound viol.)
                    0 (int. viol.)
                    0 (row viol.)
  Timing            0.46
  Max sub-MIP depth 0
  Nodes             1
  Repair LPs        0
  LP iterations     892
                    0 (strong br.)
                    0 (separation)
                    0 (heuristics)
MIP has 10754 rows; 9409 cols; 25538 nonzeros; 1344 integer variables (1344 binary)
Coefficient ranges:
  Matrix  [2e-01, 1e+00]
  Cost    [1e-02, 6e-02]
  Bound   [1e+00, 1e+00]
  RHS     [3e-04, 2e+00]
Presolving model
8064 rows, 8561 cols, 22000 nonzeros 0s
6359 rows, 7190 cols, 17588 nonzeros 0s
4520 rows, 5592 cols, 12815 nonzeros 0s
4384 rows, 4177 cols, 9260 nonzeros 0s
2517 rows, 3646 cols, 7530 nonzeros 0s
2237 rows, 3366 cols, 6970 nonzeros 0s
Presolve reductions: rows 2237(-8517); columns 3366(-6043); nonzeros 6970(-18568) 

Solving MIP model with:
   2237 rows
   3366 cols (342 binary, 0 integer, 0 implied int., 3024 continuous, 0 domain fixed)
   6970 nonzeros

Src: B => Branching; C => Central rounding; F => Feasibility pump; H => Heuristic;
     I => Shifting; J => Feasibility jump; L => Sub-MIP; P => Empty MIP; R => Randomized rounding;
     S => Solve LP; T => Evaluate node; U => Unbounded; X => User solution; Y => HiGHS solution;
     Z => ZI Round; l => Trivial lower; p => Trivial point; u => Trivial upper; z => Trivial zero

        Nodes      |    B&B Tree     |            Objective Bounds              |  Dynamic Constraints |       Work      
Src  Proc. InQueue |  Leaves   Expl. | BestBound       BestSol              Gap |   Cuts   InLp Confl. | LpIters     Time

         0       0         0   0.00%   -0.7758740074   inf                  inf        0      0      0         0     0.5s
         0       0         0   0.00%   1.092617674     inf                  inf        0      0      2       889     0.6s
 R       0       0         0   0.00%   1.098498114     1.098498114        0.00%        0      0      2       900     0.6s
         1       0         1 100.00%   1.098498114     1.098498114        0.00%        0      0      2       900     0.6s

Solving report
  Status            Optimal
  Primal bound      1.09849811375
  Dual bound        1.09849811375
  Gap               0% (tolerance: 0.5%)
  P-D integral      3.19957026788e-18
  Solution status   feasible
                    1.09849811375 (objective)
                    0 (bound viol.)
                    0 (int. viol.)
                    0 (row viol.)
  Timing            0.60
  Max sub-MIP depth 0
  Nodes             1
  Repair LPs        0
  LP iterations     900
                    0 (strong br.)
                    11 (separation)
                    0 (heuristics)
MIP has 10753 rows; 9409 cols; 25537 nonzeros; 1344 integer variables (1344 binary)
Coefficient ranges:
  Matrix  [2e-01, 1e+00]
  Cost    [5e-03, 6e-02]
  Bound   [1e+00, 1e+00]
  RHS     [3e-04, 2e+00]
Presolving model
8064 rows, 8598 cols, 22037 nonzeros 0s
6358 rows, 7226 cols, 17623 nonzeros 0s
4504 rows, 5611 cols, 12818 nonzeros 0s
2815 rows, 3913 cols, 8343 nonzeros 0s
2567 rows, 3665 cols, 7847 nonzeros 0s
Presolve reductions: rows 2567(-8186); columns 3665(-5744); nonzeros 7847(-17690) 

Solving MIP model with:
   2567 rows
   3665 cols (404 binary, 0 integer, 0 implied int., 3261 continuous, 0 domain fixed)
   7847 nonzeros

Src: B => Branching; C => Central rounding; F => Feasibility pump; H => Heuristic;
     I => Shifting; J => Feasibility jump; L => Sub-MIP; P => Empty MIP; R => Randomized rounding;
     S => Solve LP; T => Evaluate node; U => Unbounded; X => User solution; Y => HiGHS solution;
     Z => ZI Round; l => Trivial lower; p => Trivial point; u => Trivial upper; z => Trivial zero

        Nodes      |    B&B Tree     |            Objective Bounds              |  Dynamic Constraints |       Work      
Src  Proc. InQueue |  Leaves   Expl. | BestBound       BestSol              Gap |   Cuts   InLp Confl. | LpIters     Time

 J       0       0         0   0.00%   -inf            2.383893125        Large        0      0      0         0     0.5s
 T       0       0         0   0.00%   -0.5241939886   1.300673556      140.30%        0      0      0       994     0.5s
         1       0         1 100.00%   1.300673556     1.300673556        0.00%        0      0      0       994     0.5s

Solving report
  Status            Optimal
  Primal bound      1.30067355605
  Dual bound        1.30067355605
  Gap               0% (tolerance: 0.5%)
  P-D integral      0.0361917764729
  Solution status   feasible
                    1.30067355605 (objective)
                    0 (bound viol.)
                    0 (int. viol.)
                    0 (row viol.)
  Timing            0.55
  Max sub-MIP depth 0
  Nodes             1
  Repair LPs        0
  LP iterations     994
                    0 (strong br.)
                    0 (separation)
                    0 (heuristics)
MIP has 10753 rows; 9409 cols; 25537 nonzeros; 1344 integer variables (1344 binary)
Coefficient ranges:
  Matrix  [2e-01, 1e+00]
  Cost    [5e-03, 6e-02]
  Bound   [1e+00, 1e+00]
  RHS     [1e-04, 2e+00]
Presolving model
8064 rows, 8601 cols, 22040 nonzeros 0s
6352 rows, 7223 cols, 17614 nonzeros 0s
4494 rows, 5601 cols, 12798 nonzeros 0s
2821 rows, 3918 cols, 8358 nonzeros 0s
2581 rows, 3678 cols, 7878 nonzeros 0s
Presolve reductions: rows 2581(-8172); columns 3678(-5731); nonzeros 7878(-17659) 

Solving MIP model with:
   2581 rows
   3678 cols (405 binary, 0 integer, 0 implied int., 3273 continuous, 0 domain fixed)
   7878 nonzeros

Src: B => Branching; C => Central rounding; F => Feasibility pump; H => Heuristic;
     I => Shifting; J => Feasibility jump; L => Sub-MIP; P => Empty MIP; R => Randomized rounding;
     S => Solve LP; T => Evaluate node; U => Unbounded; X => User solution; Y => HiGHS solution;
     Z => ZI Round; l => Trivial lower; p => Trivial point; u => Trivial upper; z => Trivial zero

        Nodes      |    B&B Tree     |            Objective Bounds              |  Dynamic Constraints |       Work      
Src  Proc. InQueue |  Leaves   Expl. | BestBound       BestSol              Gap |   Cuts   InLp Confl. | LpIters     Time

 J       0       0         0   0.00%   -inf            1.903185346        Large        0      0      0         0     0.4s
 T       0       0         0   0.00%   -0.5934558328   0.9566805648     162.03%        0      0      0      1014     0.5s
         1       0         1 100.00%   0.9566805648    0.9566805648       0.00%        0      0      0      1014     0.5s

Solving report
  Status            Optimal
  Primal bound      0.956680564835
  Dual bound        0.956680564835
  Gap               0% (tolerance: 0.5%)
  P-D integral      0.0512241214555
  Solution status   feasible
                    0.956680564835 (objective)
                    0 (bound viol.)
                    0 (int. viol.)
                    0 (row viol.)
  Timing            0.48
  Max sub-MIP depth 0
  Nodes             1
  Repair LPs        0
  LP iterations     1014
                    0 (strong br.)
                    0 (separation)
                    0 (heuristics)
MIP has 10753 rows; 9409 cols; 25537 nonzeros; 1344 integer variables (1344 binary)
Coefficient ranges:
  Matrix  [2e-01, 1e+00]
  Cost    [5e-03, 6e-02]
  Bound   [1e+00, 1e+00]
  RHS     [1e-04, 2e+00]
Presolving model
8064 rows, 8609 cols, 22048 nonzeros 0s
6357 rows, 7236 cols, 17632 nonzeros 0s
4498 rows, 5613 cols, 12814 nonzeros 0s
2863 rows, 3953 cols, 8467 nonzeros 0s
2631 rows, 3711 cols, 7993 nonzeros 0s
Presolve reductions: rows 2631(-8122); columns 3711(-5698); nonzeros 7993(-17544) 

Solving MIP model with:
   2631 rows
   3711 cols (413 binary, 0 integer, 0 implied int., 3298 continuous, 0 domain fixed)
   7993 nonzeros

Src: B => Branching; C => Central rounding; F => Feasibility pump; H => Heuristic;
     I => Shifting; J => Feasibility jump; L => Sub-MIP; P => Empty MIP; R => Randomized rounding;
     S => Solve LP; T => Evaluate node; U => Unbounded; X => User solution; Y => HiGHS solution;
     Z => ZI Round; l => Trivial lower; p => Trivial point; u => Trivial upper; z => Trivial zero

        Nodes      |    B&B Tree     |            Objective Bounds              |  Dynamic Constraints |       Work      
Src  Proc. InQueue |  Leaves   Expl. | BestBound       BestSol              Gap |   Cuts   InLp Confl. | LpIters     Time

 J       0       0         0   0.00%   -inf            1.880798137        Large        0      0      0         0     0.4s
 T       0       0         0   0.00%   -0.7007035294   0.77822148       190.04%        0      0      0      1034     0.5s
         1       0         1 100.00%   0.77822148      0.77822148         0.00%        0      0      0      1034     0.5s

Solving report
  Status            Optimal
  Primal bound      0.778221479995
  Dual bound        0.778221479995
  Gap               0% (tolerance: 0.5%)
  P-D integral      0.0540038943854
  Solution status   feasible
                    0.778221479995 (objective)
                    0 (bound viol.)
                    0 (int. viol.)
                    0 (row viol.)
  Timing            0.47
  Max sub-MIP depth 0
  Nodes             1
  Repair LPs        0
  LP iterations     1034
                    0 (strong br.)
                    0 (separation)
                    0 (heuristics)
MIP has 10753 rows; 9409 cols; 25537 nonzeros; 1344 integer variables (1344 binary)
Coefficient ranges:
  Matrix  [2e-01, 1e+00]
  Cost    [5e-03, 6e-02]
  Bound   [1e+00, 1e+00]
  RHS     [3e-04, 2e+00]
Presolving model
8064 rows, 8617 cols, 22056 nonzeros 0s
6350 rows, 7237 cols, 17626 nonzeros 0s
4502 rows, 5620 cols, 12825 nonzeros 0s
2895 rows, 3981 cols, 8543 nonzeros 0s
2663 rows, 3739 cols, 8069 nonzeros 0s
Presolve reductions: rows 2663(-8090); columns 3739(-5670); nonzeros 8069(-17468) 

Solving MIP model with:
   2663 rows
   3739 cols (417 binary, 0 integer, 0 implied int., 3322 continuous, 0 domain fixed)
   8069 nonzeros

Src: B => Branching; C => Central rounding; F => Feasibility pump; H => Heuristic;
     I => Shifting; J => Feasibility jump; L => Sub-MIP; P => Empty MIP; R => Randomized rounding;
     S => Solve LP; T => Evaluate node; U => Unbounded; X => User solution; Y => HiGHS solution;
     Z => ZI Round; l => Trivial lower; p => Trivial point; u => Trivial upper; z => Trivial zero

        Nodes      |    B&B Tree     |            Objective Bounds              |  Dynamic Constraints |       Work      
Src  Proc. InQueue |  Leaves   Expl. | BestBound       BestSol              Gap |   Cuts   InLp Confl. | LpIters     Time

 J       0       0         0   0.00%   -inf            1.771391913        Large        0      0      0         0     0.4s
 T       0       0         0   0.00%   -0.8573852354   0.6118472323     240.13%        0      0      0      1041     0.4s
         1       0         1 100.00%   0.6118472323    0.6118472323       0.00%        0      0      0      1041     0.4s

Solving report
  Status            Optimal
  Primal bound      0.611847232262
  Dual bound        0.611847232262
  Gap               0% (tolerance: 0.5%)
  P-D integral      0.0425858373629
  Solution status   feasible
                    0.611847232262 (objective)
                    0 (bound viol.)
                    0 (int. viol.)
                    0 (row viol.)
  Timing            0.44
  Max sub-MIP depth 0
  Nodes             1
  Repair LPs        0
  LP iterations     1041
                    0 (strong br.)
                    0 (separation)
                    0 (heuristics)
MIP has 10753 rows; 9409 cols; 25537 nonzeros; 1344 integer variables (1344 binary)
Coefficient ranges:
  Matrix  [2e-01, 1e+00]
  Cost    [5e-03, 6e-02]
  Bound   [1e+00, 1e+00]
  RHS     [8e-05, 2e+00]
WARNING: Problem has some excessively small row bounds
Presolving model
8064 rows, 8611 cols, 22050 nonzeros 0s
6356 rows, 7237 cols, 17632 nonzeros 0s
4502 rows, 5621 cols, 12826 nonzeros 0s
2901 rows, 3988 cols, 8564 nonzeros 0s
2664 rows, 3751 cols, 8090 nonzeros 0s
Presolve reductions: rows 2664(-8089); columns 3751(-5658); nonzeros 8090(-17447) 

Solving MIP model with:
   2664 rows
   3751 cols (419 binary, 0 integer, 0 implied int., 3332 continuous, 0 domain fixed)
   8090 nonzeros

Src: B => Branching; C => Central rounding; F => Feasibility pump; H => Heuristic;
     I => Shifting; J => Feasibility jump; L => Sub-MIP; P => Empty MIP; R => Randomized rounding;
     S => Solve LP; T => Evaluate node; U => Unbounded; X => User solution; Y => HiGHS solution;
     Z => ZI Round; l => Trivial lower; p => Trivial point; u => Trivial upper; z => Trivial zero

        Nodes      |    B&B Tree     |            Objective Bounds              |  Dynamic Constraints |       Work      
Src  Proc. InQueue |  Leaves   Expl. | BestBound       BestSol              Gap |   Cuts   InLp Confl. | LpIters     Time

 J       0       0         0   0.00%   -inf            1.432993661        Large        0      0      0         0     0.4s
 T       0       0         0   0.00%   -1.283001361    0.0634622272    2121.68%        0      0      0      1027     0.4s
         1       0         1 100.00%   0.0634622272    0.0634622272       0.00%        0      0      0      1027     0.4s

Solving report
  Status            Optimal
  Primal bound      0.0634622272468
  Dual bound        0.0634622272468
  Gap               0% (tolerance: 0.5%)
  P-D integral      0.0636521803655
  Solution status   feasible
                    0.0634622272468 (objective)
                    0 (bound viol.)
                    0 (int. viol.)
                    0 (row viol.)
  Timing            0.44
  Max sub-MIP depth 0
  Nodes             1
  Repair LPs        0
  LP iterations     1027
                    0 (strong br.)
                    0 (separation)
                    0 (heuristics)
MIP has 10753 rows; 9409 cols; 25537 nonzeros; 1344 integer variables (1344 binary)
Coefficient ranges:
  Matrix  [2e-01, 1e+00]
  Cost    [1e-02, 6e-02]
  Bound   [1e+00, 1e+00]
  RHS     [8e-05, 2e+00]
WARNING: Problem has some excessively small row bounds
Presolving model
8064 rows, 8635 cols, 22074 nonzeros 0s
6345 rows, 7250 cols, 17634 nonzeros 0s
4474 rows, 5606 cols, 12783 nonzeros 0s
3064 rows, 4095 cols, 8982 nonzeros 0s
2868 rows, 3899 cols, 8590 nonzeros 0s
Presolve reductions: rows 2868(-7885); columns 3899(-5510); nonzeros 8590(-16947) 

Solving MIP model with:
   2868 rows
   3899 cols (456 binary, 0 integer, 0 implied int., 3443 continuous, 0 domain fixed)
   8590 nonzeros

Src: B => Branching; C => Central rounding; F => Feasibility pump; H => Heuristic;
     I => Shifting; J => Feasibility jump; L => Sub-MIP; P => Empty MIP; R => Randomized rounding;
     S => Solve LP; T => Evaluate node; U => Unbounded; X => User solution; Y => HiGHS solution;
     Z => ZI Round; l => Trivial lower; p => Trivial point; u => Trivial upper; z => Trivial zero

        Nodes      |    B&B Tree     |            Objective Bounds              |  Dynamic Constraints |       Work      
Src  Proc. InQueue |  Leaves   Expl. | BestBound       BestSol              Gap |   Cuts   InLp Confl. | LpIters     Time

 J       0       0         0   0.00%   -inf            0.9590628739       Large        0      0      0         0     0.4s
 T       0       0         0   0.00%   -1.825978189    -0.5695966676    220.57%        0      0      0      1087     0.5s
         1       0         1 100.00%   -0.5695966676   -0.5695966676      0.00%        0      0      0      1087     0.5s

Solving report
  Status            Optimal
  Primal bound      -0.569596667594
  Dual bound        -0.569596667594
  Gap               0% (tolerance: 0.5%)
  P-D integral      0.088303552047
  Solution status   feasible
                    -0.569596667594 (objective)
                    0 (bound viol.)
                    0 (int. viol.)
                    0 (row viol.)
  Timing            0.46
  Max sub-MIP depth 0
  Nodes             1
  Repair LPs        0
  LP iterations     1087
                    0 (strong br.)
                    0 (separation)
                    0 (heuristics)
MIP has 10753 rows; 9409 cols; 25537 nonzeros; 1344 integer variables (1344 binary)
Coefficient ranges:
  Matrix  [2e-01, 1e+00]
  Cost    [1e-02, 6e-02]
  Bound   [1e+00, 1e+00]
  RHS     [2e-04, 2e+00]
Presolving model
8064 rows, 8674 cols, 22113 nonzeros 0s
6336 rows, 7280 cols, 17655 nonzeros 0s
4447 rows, 5609 cols, 12759 nonzeros 0s
3321 rows, 4288 cols, 9644 nonzeros 0s
3172 rows, 4139 cols, 9346 nonzeros 0s
Presolve reductions: rows 3172(-7581); columns 4139(-5270); nonzeros 9346(-16191) 

Solving MIP model with:
   3172 rows
   4139 cols (509 binary, 0 integer, 0 implied int., 3630 continuous, 0 domain fixed)
   9346 nonzeros

Src: B => Branching; C => Central rounding; F => Feasibility pump; H => Heuristic;
     I => Shifting; J => Feasibility jump; L => Sub-MIP; P => Empty MIP; R => Randomized rounding;
     S => Solve LP; T => Evaluate node; U => Unbounded; X => User solution; Y => HiGHS solution;
     Z => ZI Round; l => Trivial lower; p => Trivial point; u => Trivial upper; z => Trivial zero

        Nodes      |    B&B Tree     |            Objective Bounds              |  Dynamic Constraints |       Work      
Src  Proc. InQueue |  Leaves   Expl. | BestBound       BestSol              Gap |   Cuts   InLp Confl. | LpIters     Time

 J       0       0         0   0.00%   -inf            0.8422467639       Large        0      0      0         0     0.4s
 T       0       0         0   0.00%   -2.400181761    -1.24076096       93.44%        0      0      0      1183     0.5s
         1       0         1 100.00%   -1.24076096     -1.24076096        0.00%        0      0      0      1183     0.5s

Solving report
  Status            Optimal
  Primal bound      -1.24076096009
  Dual bound        -1.24076096009
  Gap               0% (tolerance: 0.5%)
  P-D integral      0.138842872499
  Solution status   feasible
                    -1.24076096009 (objective)
                    0 (bound viol.)
                    0 (int. viol.)
                    0 (row viol.)
  Timing            0.48
  Max sub-MIP depth 0
  Nodes             1
  Repair LPs        0
  LP iterations     1183
                    0 (strong br.)
                    0 (separation)
                    0 (heuristics)
MIP has 10753 rows; 9409 cols; 25537 nonzeros; 1344 integer variables (1344 binary)
Coefficient ranges:
  Matrix  [2e-01, 1e+00]
  Cost    [1e-02, 6e-02]
  Bound   [1e+00, 1e+00]
  RHS     [2e-04, 2e+00]
Presolving model
8064 rows, 8692 cols, 22131 nonzeros 0s
6328 rows, 7290 cols, 17657 nonzeros 0s
4431 rows, 5599 cols, 12733 nonzeros 0s
3494 rows, 4434 cols, 10107 nonzeros 0s
3370 rows, 4310 cols, 9859 nonzeros 0s
Presolve reductions: rows 3370(-7383); columns 4310(-5099); nonzeros 9859(-15678) 

Solving MIP model with:
   3370 rows
   4310 cols (545 binary, 0 integer, 0 implied int., 3765 continuous, 0 domain fixed)
   9859 nonzeros

Src: B => Branching; C => Central rounding; F => Feasibility pump; H => Heuristic;
     I => Shifting; J => Feasibility jump; L => Sub-MIP; P => Empty MIP; R => Randomized rounding;
     S => Solve LP; T => Evaluate node; U => Unbounded; X => User solution; Y => HiGHS solution;
     Z => ZI Round; l => Trivial lower; p => Trivial point; u => Trivial upper; z => Trivial zero

        Nodes      |    B&B Tree     |            Objective Bounds              |  Dynamic Constraints |       Work      
Src  Proc. InQueue |  Leaves   Expl. | BestBound       BestSol              Gap |   Cuts   InLp Confl. | LpIters     Time

 J       0       0         0   0.00%   -inf            0.9636207801       Large        0      0      0         0     0.4s
 T       0       0         0   0.00%   -2.582635331    -1.429690784      80.64%        0      0      0      1240     0.5s
         1       0         1 100.00%   -1.429690784    -1.429690784       0.00%        0      0      0      1240     0.5s

Solving report
  Status            Optimal
  Primal bound      -1.42969078366
  Dual bound        -1.42969078366
  Gap               0% (tolerance: 0.5%)
  P-D integral      0.144867556139
  Solution status   feasible
                    -1.42969078366 (objective)
                    0 (bound viol.)
                    0 (int. viol.)
                    0 (row viol.)
  Timing            0.48
  Max sub-MIP depth 0
  Nodes             1
  Repair LPs        0
  LP iterations     1240
                    0 (strong br.)
                    0 (separation)
                    0 (heuristics)
MIP has 10753 rows; 9409 cols; 25537 nonzeros; 1344 integer variables (1344 binary)
Coefficient ranges:
  Matrix  [2e-01, 1e+00]
  Cost    [1e-02, 6e-02]
  Bound   [1e+00, 1e+00]
  RHS     [3e-04, 2e+00]
Presolving model
8064 rows, 8707 cols, 22146 nonzeros 0s
6324 rows, 7301 cols, 17664 nonzeros 0s
4428 rows, 5607 cols, 12738 nonzeros 0s
3562 rows, 4488 cols, 10281 nonzeros 0s
3452 rows, 4378 cols, 10061 nonzeros 0s
Presolve reductions: rows 3452(-7301); columns 4378(-5031); nonzeros 10061(-15476) 

Solving MIP model with:
   3452 rows
   4378 cols (558 binary, 0 integer, 0 implied int., 3820 continuous, 0 domain fixed)
   10061 nonzeros

Src: B => Branching; C => Central rounding; F => Feasibility pump; H => Heuristic;
     I => Shifting; J => Feasibility jump; L => Sub-MIP; P => Empty MIP; R => Randomized rounding;
     S => Solve LP; T => Evaluate node; U => Unbounded; X => User solution; Y => HiGHS solution;
     Z => ZI Round; l => Trivial lower; p => Trivial point; u => Trivial upper; z => Trivial zero

        Nodes      |    B&B Tree     |            Objective Bounds              |  Dynamic Constraints |       Work      
Src  Proc. InQueue |  Leaves   Expl. | BestBound       BestSol              Gap |   Cuts   InLp Confl. | LpIters     Time

         0       0         0   0.00%   -2.634783463    inf                  inf        0      0      0         0     0.5s
 T       0       0         0   0.00%   -2.634783463    -1.429578298      84.30%        0      0      0      1265     0.5s
         1       0         1 100.00%   -1.429578298    -1.429578298       0.00%        0      0      0      1265     0.5s

Solving report
  Status            Optimal
  Primal bound      -1.42957829792
  Dual bound        -1.42957829792
  Gap               0% (tolerance: 0.5%)
  P-D integral      7.24179451385e-05
  Solution status   feasible
                    -1.42957829792 (objective)
                    0 (bound viol.)
                    0 (int. viol.)
                    0 (row viol.)
  Timing            0.49
  Max sub-MIP depth 0
  Nodes             1
  Repair LPs        0
  LP iterations     1265
                    0 (strong br.)
                    0 (separation)
                    0 (heuristics)
MIP has 10753 rows; 9409 cols; 25537 nonzeros; 1344 integer variables (1344 binary)
Coefficient ranges:
  Matrix  [2e-01, 1e+00]
  Cost    [1e-02, 6e-02]
  Bound   [1e+00, 1e+00]
  RHS     [2e-04, 2e+00]
Presolving model
8064 rows, 8724 cols, 22163 nonzeros 0s
6326 rows, 7320 cols, 17681 nonzeros 0s
4444 rows, 5631 cols, 12770 nonzeros 0s
3559 rows, 4553 cols, 10322 nonzeros 0s
3439 rows, 4433 cols, 10082 nonzeros 0s
Presolve reductions: rows 3439(-7314); columns 4433(-4976); nonzeros 10082(-15455) 

Solving MIP model with:
   3439 rows
   4433 cols (553 binary, 0 integer, 0 implied int., 3880 continuous, 0 domain fixed)
   10082 nonzeros

Src: B => Branching; C => Central rounding; F => Feasibility pump; H => Heuristic;
     I => Shifting; J => Feasibility jump; L => Sub-MIP; P => Empty MIP; R => Randomized rounding;
     S => Solve LP; T => Evaluate node; U => Unbounded; X => User solution; Y => HiGHS solution;
     Z => ZI Round; l => Trivial lower; p => Trivial point; u => Trivial upper; z => Trivial zero

        Nodes      |    B&B Tree     |            Objective Bounds              |  Dynamic Constraints |       Work      
Src  Proc. InQueue |  Leaves   Expl. | BestBound       BestSol              Gap |   Cuts   InLp Confl. | LpIters     Time

 J       0       0         0   0.00%   -inf            1.598077677        Large        0      0      0         0     0.5s
 T       0       0         0   0.00%   -3.245578625    -1.979707167      63.94%        0      0      0      1288     0.5s
         1       0         1 100.00%   -1.979707167    -1.979707167       0.00%        0      0      0      1288     0.5s

Solving report
  Status            Optimal
  Primal bound      -1.97970716698
  Dual bound        -1.97970716698
  Gap               0% (tolerance: 0.5%)
  P-D integral      0.138596042403
  Solution status   feasible
                    -1.97970716698 (objective)
                    0 (bound viol.)
                    0 (int. viol.)
                    0 (row viol.)
  Timing            0.52
  Max sub-MIP depth 0
  Nodes             1
  Repair LPs        0
  LP iterations     1288
                    0 (strong br.)
                    0 (separation)
                    0 (heuristics)
MIP has 10753 rows; 9409 cols; 25537 nonzeros; 1344 integer variables (1344 binary)
Coefficient ranges:
  Matrix  [2e-01, 1e+00]
  Cost    [1e-02, 6e-02]
  Bound   [1e+00, 1e+00]
  RHS     [1e-04, 2e+00]
Presolving model
8064 rows, 8744 cols, 22183 nonzeros 0s
6340 rows, 7354 cols, 17733 nonzeros 0s
4462 rows, 5686 cols, 12851 nonzeros 0s
3610 rows, 4607 cols, 10460 nonzeros 0s
3501 rows, 4498 cols, 10242 nonzeros 0s
Presolve reductions: rows 3501(-7252); columns 4498(-4911); nonzeros 10242(-15295) 

Solving MIP model with:
   3501 rows
   4498 cols (561 binary, 0 integer, 0 implied int., 3937 continuous, 0 domain fixed)
   10242 nonzeros

Src: B => Branching; C => Central rounding; F => Feasibility pump; H => Heuristic;
     I => Shifting; J => Feasibility jump; L => Sub-MIP; P => Empty MIP; R => Randomized rounding;
     S => Solve LP; T => Evaluate node; U => Unbounded; X => User solution; Y => HiGHS solution;
     Z => ZI Round; l => Trivial lower; p => Trivial point; u => Trivial upper; z => Trivial zero

        Nodes      |    B&B Tree     |            Objective Bounds              |  Dynamic Constraints |       Work      
Src  Proc. InQueue |  Leaves   Expl. | BestBound       BestSol              Gap |   Cuts   InLp Confl. | LpIters     Time

         0       0         0   0.00%   -3.958780961    inf                  inf        0      0      0         0     0.5s
 T       0       0         0   0.00%   -3.958780961    -2.827844007      39.99%        0      0      0      1318     0.6s
         1       0         1 100.00%   -2.827844007    -2.827844007       0.00%        0      0      0      1318     0.6s

Solving report
  Status            Optimal
  Primal bound      -2.8278440072
  Dual bound        -2.8278440072
  Gap               0% (tolerance: 0.5%)
  P-D integral      2.81949970433e-05
  Solution status   feasible
                    -2.8278440072 (objective)
                    0 (bound viol.)
                    0 (int. viol.)
                    0 (row viol.)
  Timing            0.57
  Max sub-MIP depth 0
  Nodes             1
  Repair LPs        0
  LP iterations     1318
                    0 (strong br.)
                    0 (separation)
                    0 (heuristics)
MIP has 10753 rows; 9409 cols; 25537 nonzeros; 1344 integer variables (1344 binary)
Coefficient ranges:
  Matrix  [2e-01, 1e+00]
  Cost    [1e-02, 6e-02]
  Bound   [1e+00, 1e+00]
  RHS     [1e-04, 2e+00]
Presolving model
8064 rows, 8764 cols, 22203 nonzeros 0s
6339 rows, 7373 cols, 17751 nonzeros 0s
4468 rows, 5704 cols, 12875 nonzeros 0s
3697 rows, 4690 cols, 10694 nonzeros 0s
3606 rows, 4599 cols, 10512 nonzeros 0s
Presolve reductions: rows 3606(-7147); columns 4599(-4810); nonzeros 10512(-15025) 

Solving MIP model with:
   3606 rows
   4599 cols (577 binary, 0 integer, 0 implied int., 4022 continuous, 0 domain fixed)
   10512 nonzeros

Src: B => Branching; C => Central rounding; F => Feasibility pump; H => Heuristic;
     I => Shifting; J => Feasibility jump; L => Sub-MIP; P => Empty MIP; R => Randomized rounding;
     S => Solve LP; T => Evaluate node; U => Unbounded; X => User solution; Y => HiGHS solution;
     Z => ZI Round; l => Trivial lower; p => Trivial point; u => Trivial upper; z => Trivial zero

        Nodes      |    B&B Tree     |            Objective Bounds              |  Dynamic Constraints |       Work      
Src  Proc. InQueue |  Leaves   Expl. | BestBound       BestSol              Gap |   Cuts   InLp Confl. | LpIters     Time

         0       0         0   0.00%   -4.35538089     inf                  inf        0      0      0         0     0.5s
 T       0       0         0   0.00%   -4.35538089     -3.234054304      34.67%        0      0      0      1350     0.5s
         1       0         1 100.00%   -3.234054304    -3.234054304       0.00%        0      0      0      1350     0.5s

Solving report
  Status            Optimal
  Primal bound      -3.2340543042
  Dual bound        -3.2340543042
  Gap               0% (tolerance: 0.5%)
  P-D integral      2.72178912041e-05
  Solution status   feasible
                    -3.2340543042 (objective)
                    0 (bound viol.)
                    0 (int. viol.)
                    0 (row viol.)
  Timing            0.52
  Max sub-MIP depth 0
  Nodes             1
  Repair LPs        0
  LP iterations     1350
                    0 (strong br.)
                    0 (separation)
                    0 (heuristics)
MIP has 10753 rows; 9409 cols; 25537 nonzeros; 1344 integer variables (1344 binary)
Coefficient ranges:
  Matrix  [2e-01, 1e+00]
  Cost    [1e-02, 6e-02]
  Bound   [1e+00, 1e+00]
  RHS     [1e-04, 2e+00]
Presolving model
8064 rows, 8776 cols, 22215 nonzeros 0s
6331 rows, 7377 cols, 17747 nonzeros 0s
4439 rows, 5681 cols, 12823 nonzeros 0s
3825 rows, 4771 cols, 11019 nonzeros 0s
3761 rows, 4707 cols, 10891 nonzeros 0s
Presolve reductions: rows 3761(-6992); columns 4707(-4702); nonzeros 10891(-14646) 

Solving MIP model with:
   3761 rows
   4707 cols (606 binary, 0 integer, 0 implied int., 4101 continuous, 0 domain fixed)
   10891 nonzeros

Src: B => Branching; C => Central rounding; F => Feasibility pump; H => Heuristic;
     I => Shifting; J => Feasibility jump; L => Sub-MIP; P => Empty MIP; R => Randomized rounding;
     S => Solve LP; T => Evaluate node; U => Unbounded; X => User solution; Y => HiGHS solution;
     Z => ZI Round; l => Trivial lower; p => Trivial point; u => Trivial upper; z => Trivial zero

        Nodes      |    B&B Tree     |            Objective Bounds              |  Dynamic Constraints |       Work      
Src  Proc. InQueue |  Leaves   Expl. | BestBound       BestSol              Gap |   Cuts   InLp Confl. | LpIters     Time

 J       0       0         0   0.00%   -inf            1.449629539        Large        0      0      0         0     0.5s
 T       0       0         0   0.00%   -3.786088808    -2.691118681      40.69%        0      0      0      1396     0.5s
         1       0         1 100.00%   -2.691118681    -2.691118681       0.00%        0      0      0      1396     0.5s

Solving report
  Status            Optimal
  Primal bound      -2.69111868122
  Dual bound        -2.69111868122
  Gap               0% (tolerance: 0.5%)
  P-D integral      0.170315181928
  Solution status   feasible
                    -2.69111868122 (objective)
                    0 (bound viol.)
                    0 (int. viol.)
                    0 (row viol.)
  Timing            0.51
  Max sub-MIP depth 0
  Nodes             1
  Repair LPs        0
  LP iterations     1396
                    0 (strong br.)
                    0 (separation)
                    0 (heuristics)
MIP has 10753 rows; 9409 cols; 25537 nonzeros; 1344 integer variables (1344 binary)
Coefficient ranges:
  Matrix  [2e-01, 1e+00]
  Cost    [1e-02, 6e-02]
  Bound   [1e+00, 1e+00]
  RHS     [3e-05, 2e+00]
WARNING: Problem has some excessively small row bounds
Presolving model
8064 rows, 8786 cols, 22225 nonzeros 0s
6313 rows, 7369 cols, 17721 nonzeros 0s
4415 rows, 5659 cols, 12777 nonzeros 0s
3930 rows, 4828 cols, 11309 nonzeros 0s
Presolve reductions: rows 3930(-6823); columns 4828(-4581); nonzeros 11309(-14228) 

Solving MIP model with:
   3930 rows
   4828 cols (638 binary, 0 integer, 0 implied int., 4190 continuous, 0 domain fixed)
   11309 nonzeros

Src: B => Branching; C => Central rounding; F => Feasibility pump; H => Heuristic;
     I => Shifting; J => Feasibility jump; L => Sub-MIP; P => Empty MIP; R => Randomized rounding;
     S => Solve LP; T => Evaluate node; U => Unbounded; X => User solution; Y => HiGHS solution;
     Z => ZI Round; l => Trivial lower; p => Trivial point; u => Trivial upper; z => Trivial zero

        Nodes      |    B&B Tree     |            Objective Bounds              |  Dynamic Constraints |       Work      
Src  Proc. InQueue |  Leaves   Expl. | BestBound       BestSol              Gap |   Cuts   InLp Confl. | LpIters     Time

         0       0         0   0.00%   -3.44349285     inf                  inf        0      0      0         0     0.5s
 T       0       0         0   0.00%   -3.44349285     -2.491668304      38.20%        0      0      0      1436     0.5s
         1       0         1 100.00%   -2.491668304    -2.491668304       0.00%        0      0      0      1436     0.5s

Solving report
  Status            Optimal
  Primal bound      -2.49166830367
  Dual bound        -2.49166830367
  Gap               0% (tolerance: 0.5%)
  P-D integral      3.51824692206e-05
  Solution status   feasible
                    -2.49166830367 (objective)
                    0 (bound viol.)
                    0 (int. viol.)
                    0 (row viol.)
  Timing            0.55
  Max sub-MIP depth 0
  Nodes             1
  Repair LPs        0
  LP iterations     1436
                    0 (strong br.)
                    0 (separation)
                    0 (heuristics)
MIP has 10753 rows; 9409 cols; 25537 nonzeros; 1344 integer variables (1344 binary)
Coefficient ranges:
  Matrix  [2e-01, 1e+00]
  Cost    [1e-02, 6e-02]
  Bound   [1e+00, 1e+00]
  RHS     [3e-05, 2e+00]
WARNING: Problem has some excessively small row bounds
Presolving model
8064 rows, 8808 cols, 22247 nonzeros 0s
6313 rows, 7391 cols, 17743 nonzeros 0s
4395 rows, 5641 cols, 12739 nonzeros 0s
4160 rows, 5027 cols, 11890 nonzeros 0s
Presolve reductions: rows 4160(-6593); columns 5027(-4382); nonzeros 11890(-13647) 

Solving MIP model with:
   4160 rows
   5027 cols (676 binary, 0 integer, 0 implied int., 4351 continuous, 0 domain fixed)
   11890 nonzeros

Src: B => Branching; C => Central rounding; F => Feasibility pump; H => Heuristic;
     I => Shifting; J => Feasibility jump; L => Sub-MIP; P => Empty MIP; R => Randomized rounding;
     S => Solve LP; T => Evaluate node; U => Unbounded; X => User solution; Y => HiGHS solution;
     Z => ZI Round; l => Trivial lower; p => Trivial point; u => Trivial upper; z => Trivial zero

        Nodes      |    B&B Tree     |            Objective Bounds              |  Dynamic Constraints |       Work      
Src  Proc. InQueue |  Leaves   Expl. | BestBound       BestSol              Gap |   Cuts   InLp Confl. | LpIters     Time

         0       0         0   0.00%   -4.264339007    inf                  inf        0      0      0         0     0.5s
         0       0         0   0.00%   -3.026798504    inf                  inf        0      0      2      1582     0.5s
 R       0       0         0   0.00%   -3.026798504    -3.026798504       0.00%        0      0      2      1594     0.6s
         1       0         1 100.00%   -3.026798504    -3.026798504       0.00%        0      0      2      1594     0.6s

Solving report
  Status            Optimal
  Primal bound      -3.02679850446
  Dual bound        -3.02679850446
  Gap               0% (tolerance: 0.5%)
  P-D integral      1.61942694656e-18
  Solution status   feasible
                    -3.02679850446 (objective)
                    0 (bound viol.)
                    0 (int. viol.)
                    0 (row viol.)
  Timing            0.55
  Max sub-MIP depth 0
  Nodes             1
  Repair LPs        0
  LP iterations     1594
                    0 (strong br.)
                    12 (separation)
                    0 (heuristics)
MIP has 10753 rows; 9409 cols; 25537 nonzeros; 1344 integer variables (1344 binary)
Coefficient ranges:
  Matrix  [2e-01, 1e+00]
  Cost    [1e-02, 6e-02]
  Bound   [1e+00, 1e+00]
  RHS     [1e-04, 2e+00]
Presolving model
8064 rows, 8828 cols, 22267 nonzeros 0s
6308 rows, 7405 cols, 17752 nonzeros 0s
4480 rows, 5723 cols, 12970 nonzeros 0s
4248 rows, 5121 cols, 12136 nonzeros 0s
Presolve reductions: rows 4248(-6505); columns 5121(-4288); nonzeros 12136(-13401) 

Solving MIP model with:
   4248 rows
   5121 cols (692 binary, 0 integer, 0 implied int., 4429 continuous, 0 domain fixed)
   12136 nonzeros

Src: B => Branching; C => Central rounding; F => Feasibility pump; H => Heuristic;
     I => Shifting; J => Feasibility jump; L => Sub-MIP; P => Empty MIP; R => Randomized rounding;
     S => Solve LP; T => Evaluate node; U => Unbounded; X => User solution; Y => HiGHS solution;
     Z => ZI Round; l => Trivial lower; p => Trivial point; u => Trivial upper; z => Trivial zero

        Nodes      |    B&B Tree     |            Objective Bounds              |  Dynamic Constraints |       Work      
Src  Proc. InQueue |  Leaves   Expl. | BestBound       BestSol              Gap |   Cuts   InLp Confl. | LpIters     Time

 J       0       0         0   0.00%   -inf            0.7842345709       Large        0      0      0         0     0.4s
 T       0       0         0   0.00%   -4.299423298    -3.486062874      23.33%        0      0      0      1549     0.5s
         1       0         1 100.00%   -3.486062874    -3.486062874       0.00%        0      0      0      1549     0.5s

Solving report
  Status            Optimal
  Primal bound      -3.48606287368
  Dual bound        -3.48606287368
  Gap               0% (tolerance: 0.5%)
  P-D integral      0.298617996575
  Solution status   feasible
                    -3.48606287368 (objective)
                    0 (bound viol.)
                    0 (int. viol.)
                    0 (row viol.)
  Timing            0.50
  Max sub-MIP depth 0
  Nodes             1
  Repair LPs        0
  LP iterations     1549
                    0 (strong br.)
                    0 (separation)
                    0 (heuristics)
MIP has 10753 rows; 9409 cols; 25537 nonzeros; 1344 integer variables (1344 binary)
Coefficient ranges:
  Matrix  [2e-01, 1e+00]
  Cost    [1e-02, 6e-02]
  Bound   [1e+00, 1e+00]
  RHS     [1e-04, 2e+00]
Presolving model
8064 rows, 8843 cols, 22282 nonzeros 0s
6315 rows, 7428 cols, 17782 nonzeros 0s
4550 rows, 5821 cols, 13178 nonzeros 0s
4313 rows, 5210 cols, 12330 nonzeros 0s
Presolve reductions: rows 4313(-6440); columns 5210(-4199); nonzeros 12330(-13207) 

Solving MIP model with:
   4313 rows
   5210 cols (702 binary, 0 integer, 0 implied int., 4508 continuous, 0 domain fixed)
   12330 nonzeros

Src: B => Branching; C => Central rounding; F => Feasibility pump; H => Heuristic;
     I => Shifting; J => Feasibility jump; L => Sub-MIP; P => Empty MIP; R => Randomized rounding;
     S => Solve LP; T => Evaluate node; U => Unbounded; X => User solution; Y => HiGHS solution;
     Z => ZI Round; l => Trivial lower; p => Trivial point; u => Trivial upper; z => Trivial zero

        Nodes      |    B&B Tree     |            Objective Bounds              |  Dynamic Constraints |       Work      
Src  Proc. InQueue |  Leaves   Expl. | BestBound       BestSol              Gap |   Cuts   InLp Confl. | LpIters     Time

 J       0       0         0   0.00%   -inf            1.011064095        Large        0      0      0         0     0.4s
 T       0       0         0   0.00%   -5.230975532    -4.38810789       19.21%        0      0      0      1594     0.5s
         1       0         1 100.00%   -4.38810789     -4.38810789        0.00%        0      0      0      1594     0.5s

Solving report
  Status            Optimal
  Primal bound      -4.38810789013
  Dual bound        -4.38810789013
  Gap               0% (tolerance: 0.5%)
  P-D integral      0.244511573957
  Solution status   feasible
                    -4.38810789013 (objective)
                    0 (bound viol.)
                    0 (int. viol.)
                    0 (row viol.)
  Timing            0.48
  Max sub-MIP depth 0
  Nodes             1
  Repair LPs        0
  LP iterations     1594
                    0 (strong br.)
                    0 (separation)
                    0 (heuristics)
MIP has 10753 rows; 9409 cols; 25537 nonzeros; 1344 integer variables (1344 binary)
Coefficient ranges:
  Matrix  [2e-01, 1e+00]
  Cost    [1e-02, 6e-02]
  Bound   [1e+00, 1e+00]
  RHS     [3e-04, 2e+00]
Presolving model
8064 rows, 8854 cols, 22293 nonzeros 0s
6319 rows, 7443 cols, 17801 nonzeros 0s
4552 rows, 5837 cols, 13192 nonzeros 0s
4311 rows, 5222 cols, 12336 nonzeros 0s
Presolve reductions: rows 4311(-6442); columns 5222(-4187); nonzeros 12336(-13201) 

Solving MIP model with:
   4311 rows
   5222 cols (701 binary, 0 integer, 0 implied int., 4521 continuous, 0 domain fixed)
   12336 nonzeros

Src: B => Branching; C => Central rounding; F => Feasibility pump; H => Heuristic;
     I => Shifting; J => Feasibility jump; L => Sub-MIP; P => Empty MIP; R => Randomized rounding;
     S => Solve LP; T => Evaluate node; U => Unbounded; X => User solution; Y => HiGHS solution;
     Z => ZI Round; l => Trivial lower; p => Trivial point; u => Trivial upper; z => Trivial zero

        Nodes      |    B&B Tree     |            Objective Bounds              |  Dynamic Constraints |       Work      
Src  Proc. InQueue |  Leaves   Expl. | BestBound       BestSol              Gap |   Cuts   InLp Confl. | LpIters     Time

         0       0         0   0.00%   -5.0254442      inf                  inf        0      0      0         0     0.5s
 T       0       0         0   0.00%   -5.0254442      -4.233765142      18.70%        0      0      0      1601     0.5s
         1       0         1 100.00%   -4.233765142    -4.233765142       0.00%        0      0      0      1601     0.5s

Solving report
  Status            Optimal
  Primal bound      -4.23376514224
  Dual bound        -4.23376514224
  Gap               0% (tolerance: 0.5%)
  P-D integral      1.15747890004e-05
  Solution status   feasible
                    -4.23376514224 (objective)
                    0 (bound viol.)
                    0 (int. viol.)
                    0 (row viol.)
  Timing            0.53
  Max sub-MIP depth 0
  Nodes             1
  Repair LPs        0
  LP iterations     1601
                    0 (strong br.)
                    0 (separation)
                    0 (heuristics)
MIP has 10753 rows; 9409 cols; 25537 nonzeros; 1344 integer variables (1344 binary)
Coefficient ranges:
  Matrix  [2e-01, 1e+00]
  Cost    [1e-02, 6e-02]
  Bound   [1e+00, 1e+00]
  RHS     [2e-04, 2e+00]
Presolving model
8064 rows, 8869 cols, 22308 nonzeros 0s
6320 rows, 7459 cols, 17818 nonzeros 0s
4639 rows, 5924 cols, 13434 nonzeros 0s
4402 rows, 5334 cols, 12607 nonzeros 0s
Presolve reductions: rows 4402(-6351); columns 5334(-4075); nonzeros 12607(-12930) 

Solving MIP model with:
   4402 rows
   5334 cols (718 binary, 0 integer, 0 implied int., 4616 continuous, 0 domain fixed)
   12607 nonzeros

Src: B => Branching; C => Central rounding; F => Feasibility pump; H => Heuristic;
     I => Shifting; J => Feasibility jump; L => Sub-MIP; P => Empty MIP; R => Randomized rounding;
     S => Solve LP; T => Evaluate node; U => Unbounded; X => User solution; Y => HiGHS solution;
     Z => ZI Round; l => Trivial lower; p => Trivial point; u => Trivial upper; z => Trivial zero

        Nodes      |    B&B Tree     |            Objective Bounds              |  Dynamic Constraints |       Work      
Src  Proc. InQueue |  Leaves   Expl. | BestBound       BestSol              Gap |   Cuts   InLp Confl. | LpIters     Time

         0       0         0   0.00%   -5.272197009    inf                  inf        0      0      0         0     0.5s
 T       0       0         0   0.00%   -5.272197009    -4.554452942      15.76%        0      0      0      1631     0.5s
         1       0         1 100.00%   -4.554452942    -4.554452942       0.00%        0      0      0      1631     0.5s

Solving report
  Status            Optimal
  Primal bound      -4.55445294201
  Dual bound        -4.55445294201
  Gap               0% (tolerance: 0.5%)
  P-D integral      1.2591580186e-05
  Solution status   feasible
                    -4.55445294201 (objective)
                    0 (bound viol.)
                    0 (int. viol.)
                    0 (row viol.)
  Timing            0.52
  Max sub-MIP depth 0
  Nodes             1
  Repair LPs        0
  LP iterations     1631
                    0 (strong br.)
                    0 (separation)
                    0 (heuristics)
MIP has 10753 rows; 9409 cols; 25537 nonzeros; 1344 integer variables (1344 binary)
Coefficient ranges:
  Matrix  [2e-01, 1e+00]
  Cost    [1e-02, 6e-02]
  Bound   [1e+00, 1e+00]
  RHS     [2e-04, 2e+00]
Presolving model
8064 rows, 8887 cols, 22326 nonzeros 0s
6314 rows, 7471 cols, 17824 nonzeros 0s
4784 rows, 6046 cols, 13821 nonzeros 0s
4580 rows, 5512 cols, 13083 nonzeros 0s
Presolve reductions: rows 4580(-6173); columns 5512(-3897); nonzeros 13083(-12454) 

Solving MIP model with:
   4580 rows
   5512 cols (748 binary, 0 integer, 0 implied int., 4764 continuous, 0 domain fixed)
   13083 nonzeros

Src: B => Branching; C => Central rounding; F => Feasibility pump; H => Heuristic;
     I => Shifting; J => Feasibility jump; L => Sub-MIP; P => Empty MIP; R => Randomized rounding;
     S => Solve LP; T => Evaluate node; U => Unbounded; X => User solution; Y => HiGHS solution;
     Z => ZI Round; l => Trivial lower; p => Trivial point; u => Trivial upper; z => Trivial zero

        Nodes      |    B&B Tree     |            Objective Bounds              |  Dynamic Constraints |       Work      
Src  Proc. InQueue |  Leaves   Expl. | BestBound       BestSol              Gap |   Cuts   InLp Confl. | LpIters     Time

         0       0         0   0.00%   -6.578116967    inf                  inf        0      0      0         0     0.6s
 T       0       0         0   0.00%   -6.578116967    -5.811994033      13.18%        0      0      0      1720     0.7s
         1       0         1 100.00%   -5.811994033    -5.811994033       0.00%        0      0      0      1720     0.7s

Solving report
  Status            Optimal
  Primal bound      -5.81199403336
  Dual bound        -5.81199403336
  Gap               0% (tolerance: 0.5%)
  P-D integral      9.04268513722e-06
  Solution status   feasible
                    -5.81199403336 (objective)
                    0 (bound viol.)
                    0 (int. viol.)
                    0 (row viol.)
  Timing            0.65
  Max sub-MIP depth 0
  Nodes             1
  Repair LPs        0
  LP iterations     1720
                    0 (strong br.)
                    0 (separation)
                    0 (heuristics)
MIP has 10753 rows; 9409 cols; 25537 nonzeros; 1344 integer variables (1344 binary)
Coefficient ranges:
  Matrix  [2e-01, 1e+00]
  Cost    [1e-02, 6e-02]
  Bound   [1e+00, 1e+00]
  RHS     [2e-04, 2e+00]
Presolving model
8064 rows, 8895 cols, 22334 nonzeros 0s
6313 rows, 7478 cols, 17830 nonzeros 0s
4837 rows, 6097 cols, 13965 nonzeros 0s
4639 rows, 5582 cols, 13252 nonzeros 0s
Presolve reductions: rows 4639(-6114); columns 5582(-3827); nonzeros 13252(-12285) 

Solving MIP model with:
   4639 rows
   5582 cols (758 binary, 0 integer, 0 implied int., 4824 continuous, 0 domain fixed)
   13252 nonzeros

Src: B => Branching; C => Central rounding; F => Feasibility pump; H => Heuristic;
     I => Shifting; J => Feasibility jump; L => Sub-MIP; P => Empty MIP; R => Randomized rounding;
     S => Solve LP; T => Evaluate node; U => Unbounded; X => User solution; Y => HiGHS solution;
     Z => ZI Round; l => Trivial lower; p => Trivial point; u => Trivial upper; z => Trivial zero

        Nodes      |    B&B Tree     |            Objective Bounds              |  Dynamic Constraints |       Work      
Src  Proc. InQueue |  Leaves   Expl. | BestBound       BestSol              Gap |   Cuts   InLp Confl. | LpIters     Time

         0       0         0   0.00%   -6.753987119    inf                  inf        0      0      0         0     0.5s
 T       0       0         0   0.00%   -6.753987119    -5.956570921      13.39%        0      0      0      1675     0.6s
         1       0         1 100.00%   -5.956570921    -5.956570921       0.00%        0      0      0      1675     0.6s

Solving report
  Status            Optimal
  Primal bound      -5.95657092081
  Dual bound        -5.95657092081
  Gap               0% (tolerance: 0.5%)
  P-D integral      1.04152166835e-05
  Solution status   feasible
                    -5.95657092081 (objective)
                    0 (bound viol.)
                    0 (int. viol.)
                    0 (row viol.)
  Timing            0.58
  Max sub-MIP depth 0
  Nodes             1
  Repair LPs        0
  LP iterations     1675
                    0 (strong br.)
                    0 (separation)
                    0 (heuristics)
MIP has 10753 rows; 9409 cols; 25537 nonzeros; 1344 integer variables (1344 binary)
Coefficient ranges:
  Matrix  [2e-01, 1e+00]
  Cost    [1e-02, 6e-02]
  Bound   [1e+00, 1e+00]
  RHS     [3e-04, 2e+00]
Presolving model
8064 rows, 8904 cols, 22343 nonzeros 0s
6318 rows, 7492 cols, 17849 nonzeros 0s
4874 rows, 6141 cols, 14066 nonzeros 0s
4669 rows, 5620 cols, 13340 nonzeros 0s
Presolve reductions: rows 4669(-6084); columns 5620(-3789); nonzeros 13340(-12197) 

Solving MIP model with:
   4669 rows
   5620 cols (763 binary, 0 integer, 0 implied int., 4857 continuous, 0 domain fixed)
   13340 nonzeros

Src: B => Branching; C => Central rounding; F => Feasibility pump; H => Heuristic;
     I => Shifting; J => Feasibility jump; L => Sub-MIP; P => Empty MIP; R => Randomized rounding;
     S => Solve LP; T => Evaluate node; U => Unbounded; X => User solution; Y => HiGHS solution;
     Z => ZI Round; l => Trivial lower; p => Trivial point; u => Trivial upper; z => Trivial zero

        Nodes      |    B&B Tree     |            Objective Bounds              |  Dynamic Constraints |       Work      
Src  Proc. InQueue |  Leaves   Expl. | BestBound       BestSol              Gap |   Cuts   InLp Confl. | LpIters     Time

         0       0         0   0.00%   -6.213811395    inf                  inf        0      0      0         0     0.5s
 T       0       0         0   0.00%   -6.213811395    -5.412860641      14.80%        0      0      0      1691     0.5s
         1       0         1 100.00%   -5.412860641    -5.412860641       0.00%        0      0      0      1691     0.5s

Solving report
  Status            Optimal
  Primal bound      -5.41286064106
  Dual bound        -5.41286064106
  Gap               0% (tolerance: 0.5%)
  P-D integral      1.2326052542e-05
  Solution status   feasible
                    -5.41286064106 (objective)
                    0 (bound viol.)
                    0 (int. viol.)
                    0 (row viol.)
  Timing            0.52
  Max sub-MIP depth 0
  Nodes             1
  Repair LPs        0
  LP iterations     1691
                    0 (strong br.)
                    0 (separation)
                    0 (heuristics)
MIP has 10753 rows; 9409 cols; 25537 nonzeros; 1344 integer variables (1344 binary)
Coefficient ranges:
  Matrix  [2e-01, 1e+00]
  Cost    [1e-02, 6e-02]
  Bound   [1e+00, 1e+00]
  RHS     [3e-04, 2e+00]
Presolving model
8064 rows, 8914 cols, 22353 nonzeros 0s
6314 rows, 7498 cols, 17851 nonzeros 0s
4973 rows, 6219 cols, 14331 nonzeros 0s
4788 rows, 5736 cols, 13663 nonzeros 0s
Presolve reductions: rows 4788(-5965); columns 5736(-3673); nonzeros 13663(-11874) 

Solving MIP model with:
   4788 rows
   5736 cols (785 binary, 0 integer, 0 implied int., 4951 continuous, 0 domain fixed)
   13663 nonzeros

Src: B => Branching; C => Central rounding; F => Feasibility pump; H => Heuristic;
     I => Shifting; J => Feasibility jump; L => Sub-MIP; P => Empty MIP; R => Randomized rounding;
     S => Solve LP; T => Evaluate node; U => Unbounded; X => User solution; Y => HiGHS solution;
     Z => ZI Round; l => Trivial lower; p => Trivial point; u => Trivial upper; z => Trivial zero

        Nodes      |    B&B Tree     |            Objective Bounds              |  Dynamic Constraints |       Work      
Src  Proc. InQueue |  Leaves   Expl. | BestBound       BestSol              Gap |   Cuts   InLp Confl. | LpIters     Time

         0       0         0   0.00%   -6.124541771    inf                  inf        0      0      0         0     0.5s
 T       0       0         0   0.00%   -6.124541771    -5.355276467      14.36%        0      0      0      1755     0.6s
         1       0         1 100.00%   -5.355276467    -5.355276467       0.00%        0      0      0      1755     0.6s

Solving report
  Status            Optimal
  Primal bound      -5.35527646749
  Dual bound        -5.35527646749
  Gap               0% (tolerance: 0.5%)
  P-D integral      1.11469491288e-05
  Solution status   feasible
                    -5.35527646749 (objective)
                    0 (bound viol.)
                    0 (int. viol.)
                    0 (row viol.)
  Timing            0.57
  Max sub-MIP depth 0
  Nodes             1
  Repair LPs        0
  LP iterations     1755
                    0 (strong br.)
                    0 (separation)
                    0 (heuristics)
MIP has 10753 rows; 9409 cols; 25537 nonzeros; 1344 integer variables (1344 binary)
Coefficient ranges:
  Matrix  [2e-01, 1e+00]
  Cost    [1e-02, 6e-02]
  Bound   [1e+00, 1e+00]
  RHS     [3e-04, 2e+00]
Presolving model
8064 rows, 8907 cols, 22346 nonzeros 0s
6319 rows, 7496 cols, 17854 nonzeros 0s
4872 rows, 6135 cols, 14062 nonzeros 0s
4681 rows, 5638 cols, 13374 nonzeros 0s
Presolve reductions: rows 4681(-6072); columns 5638(-3771); nonzeros 13374(-12163) 

Solving MIP model with:
   4681 rows
   5638 cols (764 binary, 0 integer, 0 implied int., 4874 continuous, 0 domain fixed)
   13374 nonzeros

Src: B => Branching; C => Central rounding; F => Feasibility pump; H => Heuristic;
     I => Shifting; J => Feasibility jump; L => Sub-MIP; P => Empty MIP; R => Randomized rounding;
     S => Solve LP; T => Evaluate node; U => Unbounded; X => User solution; Y => HiGHS solution;
     Z => ZI Round; l => Trivial lower; p => Trivial point; u => Trivial upper; z => Trivial zero

        Nodes      |    B&B Tree     |            Objective Bounds              |  Dynamic Constraints |       Work      
Src  Proc. InQueue |  Leaves   Expl. | BestBound       BestSol              Gap |   Cuts   InLp Confl. | LpIters     Time

         0       0         0   0.00%   -5.477046173    inf                  inf        0      0      0         0     0.5s
 T       0       0         0   0.00%   -5.477046173    -4.68777522       16.84%        0      0      0      1708     0.5s
         1       0         1 100.00%   -4.68777522     -4.68777522        0.00%        0      0      0      1708     0.5s

Solving report
  Status            Optimal
  Primal bound      -4.68777521975
  Dual bound        -4.68777521975
  Gap               0% (tolerance: 0.5%)
  P-D integral      1.28464719568e-05
  Solution status   feasible
                    -4.68777521975 (objective)
                    0 (bound viol.)
                    0 (int. viol.)
                    0 (row viol.)
  Timing            0.54
  Max sub-MIP depth 0
  Nodes             1
  Repair LPs        0
  LP iterations     1708
                    0 (strong br.)
                    0 (separation)
                    0 (heuristics)
MIP has 10753 rows; 9409 cols; 25537 nonzeros; 1344 integer variables (1344 binary)
Coefficient ranges:
  Matrix  [2e-01, 1e+00]
  Cost    [1e-02, 6e-02]
  Bound   [1e+00, 1e+00]
  RHS     [3e-04, 2e+00]
Presolving model
8064 rows, 9020 cols, 22459 nonzeros 0s
6326 rows, 7616 cols, 17981 nonzeros 0s
5352 rows, 6419 cols, 15274 nonzeros 0s
5352 rows, 6419 cols, 15274 nonzeros 0s
Presolve reductions: rows 5352(-5401); columns 6419(-2990); nonzeros 15274(-10263) 

Solving MIP model with:
   5352 rows
   6419 cols (876 binary, 0 integer, 0 implied int., 5543 continuous, 0 domain fixed)
   15274 nonzeros

Src: B => Branching; C => Central rounding; F => Feasibility pump; H => Heuristic;
     I => Shifting; J => Feasibility jump; L => Sub-MIP; P => Empty MIP; R => Randomized rounding;
     S => Solve LP; T => Evaluate node; U => Unbounded; X => User solution; Y => HiGHS solution;
     Z => ZI Round; l => Trivial lower; p => Trivial point; u => Trivial upper; z => Trivial zero

        Nodes      |    B&B Tree     |            Objective Bounds              |  Dynamic Constraints |       Work      
Src  Proc. InQueue |  Leaves   Expl. | BestBound       BestSol              Gap |   Cuts   InLp Confl. | LpIters     Time

         0       0         0   0.00%   -4.405391862    inf                  inf        0      0      0         0     0.6s
 T       0       0         0   0.00%   -4.405391862    -3.729483067      18.12%        0      0      0      1563     0.6s
         1       0         1 100.00%   -3.729483067    -3.729483067       0.00%        0      0      0      1563     0.6s

Solving report
  Status            Optimal
  Primal bound      -3.72948306657
  Dual bound        -3.72948306657
  Gap               0% (tolerance: 0.5%)
  P-D integral      1.29763464851e-05
  Solution status   feasible
                    -3.72948306657 (objective)
                    0 (bound viol.)
                    0 (int. viol.)
                    0 (row viol.)
  Timing            0.62
  Max sub-MIP depth 0
  Nodes             1
  Repair LPs        0
  LP iterations     1563
                    0 (strong br.)
                    0 (separation)
                    0 (heuristics)
MIP has 10753 rows; 9409 cols; 25537 nonzeros; 1344 integer variables (1344 binary)
Coefficient ranges:
  Matrix  [2e-01, 1e+00]
  Cost    [1e-02, 6e-02]
  Bound   [1e+00, 1e+00]
  RHS     [8e-04, 2e+00]
Presolving model
8064 rows, 9276 cols, 22715 nonzeros 0s
7125 rows, 8376 cols, 20224 nonzeros 0s
Presolve reductions: rows 7125(-3628); columns 8376(-1033); nonzeros 20224(-5313) 

Solving MIP model with:
   7125 rows
   8376 cols (1181 binary, 0 integer, 0 implied int., 7195 continuous, 0 domain fixed)
   20224 nonzeros

Src: B => Branching; C => Central rounding; F => Feasibility pump; H => Heuristic;
     I => Shifting; J => Feasibility jump; L => Sub-MIP; P => Empty MIP; R => Randomized rounding;
     S => Solve LP; T => Evaluate node; U => Unbounded; X => User solution; Y => HiGHS solution;
     Z => ZI Round; l => Trivial lower; p => Trivial point; u => Trivial upper; z => Trivial zero

        Nodes      |    B&B Tree     |            Objective Bounds              |  Dynamic Constraints |       Work      
Src  Proc. InQueue |  Leaves   Expl. | BestBound       BestSol              Gap |   Cuts   InLp Confl. | LpIters     Time

 J       0       0         0   0.00%   -inf            -1.955755868       Large        0      0      0         0     0.5s
 T       0       0         0   0.00%   -3.827179472    -3.560652731       7.49%        0      0      0      1153     0.6s
         1       0         1 100.00%   -3.560652731    -3.560652731       0.00%        0      0      0      1153     0.6s

Solving report
  Status            Optimal
  Primal bound      -3.5606527309
  Dual bound        -3.5606527309
  Gap               0% (tolerance: 0.5%)
  P-D integral      0.078052819976
  Solution status   feasible
                    -3.5606527309 (objective)
                    0 (bound viol.)
                    0 (int. viol.)
                    0 (row viol.)
  Timing            0.62
  Max sub-MIP depth 0
  Nodes             1
  Repair LPs        0
  LP iterations     1153
                    0 (strong br.)
                    0 (separation)
                    0 (heuristics)
MIP has 10753 rows; 9409 cols; 25537 nonzeros; 1344 integer variables (1344 binary)
Coefficient ranges:
  Matrix  [2e-01, 1e+00]
  Cost    [1e-02, 6e-02]
  Bound   [1e+00, 1e+00]
  RHS     [2e-05, 2e+00]
WARNING: Problem has some excessively small row bounds
Presolving model
8064 rows, 9173 cols, 22612 nonzeros 0s
6623 rows, 8002 cols, 18920 nonzeros 0s
6486 rows, 7650 cols, 18431 nonzeros 0s
Presolve reductions: rows 6486(-4267); columns 7650(-1759); nonzeros 18431(-7106) 

Solving MIP model with:
   6486 rows
   7650 cols (1074 binary, 0 integer, 0 implied int., 6576 continuous, 0 domain fixed)
   18431 nonzeros

Src: B => Branching; C => Central rounding; F => Feasibility pump; H => Heuristic;
     I => Shifting; J => Feasibility jump; L => Sub-MIP; P => Empty MIP; R => Randomized rounding;
     S => Solve LP; T => Evaluate node; U => Unbounded; X => User solution; Y => HiGHS solution;
     Z => ZI Round; l => Trivial lower; p => Trivial point; u => Trivial upper; z => Trivial zero

        Nodes      |    B&B Tree     |            Objective Bounds              |  Dynamic Constraints |       Work      
Src  Proc. InQueue |  Leaves   Expl. | BestBound       BestSol              Gap |   Cuts   InLp Confl. | LpIters     Time

 J       0       0         0   0.00%   -inf            -1.720542355       Large        0      0      0         0     0.4s
 T       0       0         0   0.00%   -3.790648523    -3.348639752      13.20%        0      0      0      2215     0.6s
         1       0         1 100.00%   -3.348639752    -3.348639752       0.00%        0      0      0      2215     0.6s

Solving report
  Status            Optimal
  Primal bound      -3.3486397517
  Dual bound        -3.3486397517
  Gap               0% (tolerance: 0.5%)
  P-D integral      0.126727315034
  Solution status   feasible
                    -3.3486397517 (objective)
                    0 (bound viol.)
                    0 (int. viol.)
                    0 (row viol.)
  Timing            0.56
  Max sub-MIP depth 0
  Nodes             1
  Repair LPs        0
  LP iterations     2215
                    0 (strong br.)
                    0 (separation)
                    0 (heuristics)
MIP has 10753 rows; 9409 cols; 25537 nonzeros; 1344 integer variables (1344 binary)
Coefficient ranges:
  Matrix  [2e-01, 1e+00]
  Cost    [1e-02, 6e-02]
  Bound   [1e+00, 1e+00]
  RHS     [2e-05, 2e+00]
WARNING: Problem has some excessively small row bounds
Presolving model
8064 rows, 8908 cols, 22347 nonzeros 0s
6315 rows, 7493 cols, 17847 nonzeros 0s
4854 rows, 6125 cols, 14018 nonzeros 0s
4662 rows, 5630 cols, 13331 nonzeros 0s
Presolve reductions: rows 4662(-6091); columns 5630(-3779); nonzeros 13331(-12206) 

Solving MIP model with:
   4662 rows
   5630 cols (760 binary, 0 integer, 0 implied int., 4870 continuous, 0 domain fixed)
   13331 nonzeros

Src: B => Branching; C => Central rounding; F => Feasibility pump; H => Heuristic;
     I => Shifting; J => Feasibility jump; L => Sub-MIP; P => Empty MIP; R => Randomized rounding;
     S => Solve LP; T => Evaluate node; U => Unbounded; X => User solution; Y => HiGHS solution;
     Z => ZI Round; l => Trivial lower; p => Trivial point; u => Trivial upper; z => Trivial zero

        Nodes      |    B&B Tree     |            Objective Bounds              |  Dynamic Constraints |       Work      
Src  Proc. InQueue |  Leaves   Expl. | BestBound       BestSol              Gap |   Cuts   InLp Confl. | LpIters     Time

 J       0       0         0   0.00%   -inf            0.1103360657       Large        0      0      0         0     0.4s
 T       0       0         0   0.00%   -4.626531134    -3.624385674      27.65%        0      0      0      1691     0.5s
         1       0         1 100.00%   -3.624385674    -3.624385674       0.00%        0      0      0      1691     0.5s

Solving report
  Status            Optimal
  Primal bound      -3.6243856738
  Dual bound        -3.6243856738
  Gap               0% (tolerance: 0.5%)
  P-D integral      2.23901728301
  Solution status   feasible
                    -3.6243856738 (objective)
                    0 (bound viol.)
                    0 (int. viol.)
                    0 (row viol.)
  Timing            0.50
  Max sub-MIP depth 0
  Nodes             1
  Repair LPs        0
  LP iterations     1691
                    0 (strong br.)
                    0 (separation)
                    0 (heuristics)
MIP has 10753 rows; 9409 cols; 25537 nonzeros; 1344 integer variables (1344 binary)
Coefficient ranges:
  Matrix  [2e-01, 1e+00]
  Cost    [1e-02, 6e-02]
  Bound   [1e+00, 1e+00]
  RHS     [2e-04, 2e+00]
Presolving model
8064 rows, 8873 cols, 22312 nonzeros 0s
6332 rows, 7471 cols, 17846 nonzeros 0s
4580 rows, 5857 cols, 13264 nonzeros 0s
4357 rows, 5299 cols, 12481 nonzeros 0s
Presolve reductions: rows 4357(-6396); columns 5299(-4110); nonzeros 12481(-13056) 

Solving MIP model with:
   4357 rows
   5299 cols (707 binary, 0 integer, 0 implied int., 4592 continuous, 0 domain fixed)
   12481 nonzeros

Src: B => Branching; C => Central rounding; F => Feasibility pump; H => Heuristic;
     I => Shifting; J => Feasibility jump; L => Sub-MIP; P => Empty MIP; R => Randomized rounding;
     S => Solve LP; T => Evaluate node; U => Unbounded; X => User solution; Y => HiGHS solution;
     Z => ZI Round; l => Trivial lower; p => Trivial point; u => Trivial upper; z => Trivial zero

        Nodes      |    B&B Tree     |            Objective Bounds              |  Dynamic Constraints |       Work      
Src  Proc. InQueue |  Leaves   Expl. | BestBound       BestSol              Gap |   Cuts   InLp Confl. | LpIters     Time

 J       0       0         0   0.00%   -inf            0.1041877498       Large        0      0      0         0     0.5s
 T       0       0         0   0.00%   -4.394048407    -3.391010278      29.58%        0      0      0      1591     0.5s
         1       0         1 100.00%   -3.391010278    -3.391010278       0.00%        0      0      0      1591     0.5s

Solving report
  Status            Optimal
  Primal bound      -3.39101027774
  Dual bound        -3.39101027774
  Gap               0% (tolerance: 0.5%)
  P-D integral      1.86140860919
  Solution status   feasible
                    -3.39101027774 (objective)
                    0 (bound viol.)
                    0 (int. viol.)
                    0 (row viol.)
  Timing            0.53
  Max sub-MIP depth 0
  Nodes             1
  Repair LPs        0
  LP iterations     1591
                    0 (strong br.)
                    0 (separation)
                    0 (heuristics)
MIP has 10753 rows; 9409 cols; 25537 nonzeros; 1344 integer variables (1344 binary)
Coefficient ranges:
  Matrix  [2e-01, 1e+00]
  Cost    [1e-02, 6e-02]
  Bound   [1e+00, 1e+00]
  RHS     [2e-04, 2e+00]
Presolving model
8064 rows, 8866 cols, 22305 nonzeros 0s
6322 rows, 7457 cols, 17818 nonzeros 0s
4558 rows, 5829 cols, 13198 nonzeros 0s
4332 rows, 5262 cols, 12405 nonzeros 0s
Presolve reductions: rows 4332(-6421); columns 5262(-4147); nonzeros 12405(-13132) 

Solving MIP model with:
   4332 rows
   5262 cols (703 binary, 0 integer, 0 implied int., 4559 continuous, 0 domain fixed)
   12405 nonzeros

Src: B => Branching; C => Central rounding; F => Feasibility pump; H => Heuristic;
     I => Shifting; J => Feasibility jump; L => Sub-MIP; P => Empty MIP; R => Randomized rounding;
     S => Solve LP; T => Evaluate node; U => Unbounded; X => User solution; Y => HiGHS solution;
     Z => ZI Round; l => Trivial lower; p => Trivial point; u => Trivial upper; z => Trivial zero

        Nodes      |    B&B Tree     |            Objective Bounds              |  Dynamic Constraints |       Work      
Src  Proc. InQueue |  Leaves   Expl. | BestBound       BestSol              Gap |   Cuts   InLp Confl. | LpIters     Time

 J       0       0         0   0.00%   -inf            0.2597649975       Large        0      0      0         0     0.5s
 T       0       0         0   0.00%   -4.249267003    -3.271312994      29.89%        0      0      0      1603     0.6s
         1       0         1 100.00%   -3.271312994    -3.271312994       0.00%        0      0      0      1603     0.6s

Solving report
  Status            Optimal
  Primal bound      -3.27131299428
  Dual bound        -3.27131299428
  Gap               0% (tolerance: 0.5%)
  P-D integral      0.839188343456
  Solution status   feasible
                    -3.27131299428 (objective)
                    0 (bound viol.)
                    0 (int. viol.)
                    0 (row viol.)
  Timing            0.57
  Max sub-MIP depth 0
  Nodes             1
  Repair LPs        0
  LP iterations     1603
                    0 (strong br.)
                    0 (separation)
                    0 (heuristics)
MIP has 10753 rows; 9409 cols; 25537 nonzeros; 1344 integer variables (1344 binary)
Coefficient ranges:
  Matrix  [2e-01, 1e+00]
  Cost    [1e-02, 6e-02]
  Bound   [1e+00, 1e+00]
  RHS     [3e-04, 2e+00]
Presolving model
8064 rows, 8851 cols, 22290 nonzeros 0s
6326 rows, 7447 cols, 17812 nonzeros 0s
4449 rows, 5738 cols, 12906 nonzeros 0s
4208 rows, 5141 cols, 12068 nonzeros 0s
Presolve reductions: rows 4208(-6545); columns 5141(-4268); nonzeros 12068(-13469) 

Solving MIP model with:
   4208 rows
   5141 cols (680 binary, 0 integer, 0 implied int., 4461 continuous, 0 domain fixed)
   12068 nonzeros

Src: B => Branching; C => Central rounding; F => Feasibility pump; H => Heuristic;
     I => Shifting; J => Feasibility jump; L => Sub-MIP; P => Empty MIP; R => Randomized rounding;
     S => Solve LP; T => Evaluate node; U => Unbounded; X => User solution; Y => HiGHS solution;
     Z => ZI Round; l => Trivial lower; p => Trivial point; u => Trivial upper; z => Trivial zero

        Nodes      |    B&B Tree     |            Objective Bounds              |  Dynamic Constraints |       Work      
Src  Proc. InQueue |  Leaves   Expl. | BestBound       BestSol              Gap |   Cuts   InLp Confl. | LpIters     Time

         0       0         0   0.00%   -3.887331688    inf                  inf        0      0      0         0     0.5s
 T       0       0         0   0.00%   -3.887331688    -2.807528942      38.46%        0      0      0      1564     0.5s
         1       0         1 100.00%   -2.807528942    -2.807528942       0.00%        0      0      0      1564     0.5s

Solving report
  Status            Optimal
  Primal bound      -2.80752894227
  Dual bound        -2.80752894227
  Gap               0% (tolerance: 0.5%)
  P-D integral      2.73842090592e-05
  Solution status   feasible
                    -2.80752894227 (objective)
                    0 (bound viol.)
                    0 (int. viol.)
                    0 (row viol.)
  Timing            0.54
  Max sub-MIP depth 0
  Nodes             1
  Repair LPs        0
  LP iterations     1564
                    0 (strong br.)
                    0 (separation)
                    0 (heuristics)
MIP has 10753 rows; 9409 cols; 25537 nonzeros; 1344 integer variables (1344 binary)
Coefficient ranges:
  Matrix  [2e-01, 1e+00]
  Cost    [1e-02, 6e-02]
  Bound   [1e+00, 1e+00]
  RHS     [2e-04, 2e+00]
Presolving model
8064 rows, 8838 cols, 22277 nonzeros 0s
6322 rows, 7428 cols, 17789 nonzeros 0s
4417 rows, 5689 cols, 12813 nonzeros 0s
4185 rows, 5096 cols, 11986 nonzeros 0s
Presolve reductions: rows 4185(-6568); columns 5096(-4313); nonzeros 11986(-13551) 

Solving MIP model with:
   4185 rows
   5096 cols (677 binary, 0 integer, 0 implied int., 4419 continuous, 0 domain fixed)
   11986 nonzeros

Src: B => Branching; C => Central rounding; F => Feasibility pump; H => Heuristic;
     I => Shifting; J => Feasibility jump; L => Sub-MIP; P => Empty MIP; R => Randomized rounding;
     S => Solve LP; T => Evaluate node; U => Unbounded; X => User solution; Y => HiGHS solution;
     Z => ZI Round; l => Trivial lower; p => Trivial point; u => Trivial upper; z => Trivial zero

        Nodes      |    B&B Tree     |            Objective Bounds              |  Dynamic Constraints |       Work      
Src  Proc. InQueue |  Leaves   Expl. | BestBound       BestSol              Gap |   Cuts   InLp Confl. | LpIters     Time

         0       0         0   0.00%   -3.690810006    inf                  inf        0      0      0         0     0.5s
         0       0         0   0.00%   -2.495632855    inf                  inf        0      0      2      1584     0.5s
 R       0       0         0   0.00%   -2.495632855    -2.495632855       0.00%        0      0      2      1592     0.6s
         1       0         1 100.00%   -2.495632855    -2.495632855       0.00%        0      0      2      1592     0.6s

Solving report
  Status            Optimal
  Primal bound      -2.49563285486
  Dual bound        -2.49563285486
  Gap               0% (tolerance: 0.5%)
  P-D integral      2.05243527959e-19
  Solution status   feasible
                    -2.49563285486 (objective)
                    0 (bound viol.)
                    0 (int. viol.)
                    0 (row viol.)
  Timing            0.56
  Max sub-MIP depth 0
  Nodes             1
  Repair LPs        0
  LP iterations     1592
                    0 (strong br.)
                    8 (separation)
                    0 (heuristics)
MIP has 10753 rows; 9409 cols; 25537 nonzeros; 1344 integer variables (1344 binary)
Coefficient ranges:
  Matrix  [2e-01, 1e+00]
  Cost    [1e-02, 6e-02]
  Bound   [1e+00, 1e+00]
  RHS     [2e-04, 2e+00]
Presolving model
8064 rows, 8813 cols, 22252 nonzeros 0s
6317 rows, 7398 cols, 17754 nonzeros 0s
4411 rows, 5655 cols, 12773 nonzeros 0s
4178 rows, 5057 cols, 11940 nonzeros 0s
Presolve reductions: rows 4178(-6575); columns 5057(-4352); nonzeros 11940(-13597) 

Solving MIP model with:
   4178 rows
   5057 cols (677 binary, 0 integer, 0 implied int., 4380 continuous, 0 domain fixed)
   11940 nonzeros

Src: B => Branching; C => Central rounding; F => Feasibility pump; H => Heuristic;
     I => Shifting; J => Feasibility jump; L => Sub-MIP; P => Empty MIP; R => Randomized rounding;
     S => Solve LP; T => Evaluate node; U => Unbounded; X => User solution; Y => HiGHS solution;
     Z => ZI Round; l => Trivial lower; p => Trivial point; u => Trivial upper; z => Trivial zero

        Nodes      |    B&B Tree     |            Objective Bounds              |  Dynamic Constraints |       Work      
Src  Proc. InQueue |  Leaves   Expl. | BestBound       BestSol              Gap |   Cuts   InLp Confl. | LpIters     Time

 J       0       0         0   0.00%   -inf            1.113034296        Large        0      0      0         0     0.7s
         0       0         0   0.00%   -2.705787735    1.113034296      343.10%        0      0      2      1589     0.8s
 C       0       0         0   0.00%   -2.705787735    -2.705787735       0.00%        0      0      2      1604     0.9s
         1       0         1 100.00%   -2.705787735    -2.705787735       0.00%        0      0      2      1604     0.9s

Solving report
  Status            Optimal
  Primal bound      -2.70578773494
  Dual bound        -2.70578773494
  Gap               0% (tolerance: 0.5%)
  P-D integral      0.72594361297
  Solution status   feasible
                    -2.70578773494 (objective)
                    0 (bound viol.)
                    0 (int. viol.)
                    0 (row viol.)
  Timing            0.91
  Max sub-MIP depth 0
  Nodes             1
  Repair LPs        0
  LP iterations     1604
                    0 (strong br.)
                    15 (separation)
                    0 (heuristics)
MIP has 10753 rows; 9409 cols; 25537 nonzeros; 1344 integer variables (1344 binary)
Coefficient ranges:
  Matrix  [2e-01, 1e+00]
  Cost    [1e-02, 6e-02]
  Bound   [1e+00, 1e+00]
  RHS     [3e-05, 2e+00]
WARNING: Problem has some excessively small row bounds
Presolving model
8064 rows, 8792 cols, 22231 nonzeros 0s
6321 rows, 7383 cols, 17743 nonzeros 0s
4424 rows, 5679 cols, 12806 nonzeros 0s
3957 rows, 4856 cols, 11376 nonzeros 0s
Presolve reductions: rows 3957(-6796); columns 4856(-4553); nonzeros 11376(-14161) 

Solving MIP model with:
   3957 rows
   4856 cols (641 binary, 0 integer, 0 implied int., 4215 continuous, 0 domain fixed)
   11376 nonzeros

Src: B => Branching; C => Central rounding; F => Feasibility pump; H => Heuristic;
     I => Shifting; J => Feasibility jump; L => Sub-MIP; P => Empty MIP; R => Randomized rounding;
     S => Solve LP; T => Evaluate node; U => Unbounded; X => User solution; Y => HiGHS solution;
     Z => ZI Round; l => Trivial lower; p => Trivial point; u => Trivial upper; z => Trivial zero

        Nodes      |    B&B Tree     |            Objective Bounds              |  Dynamic Constraints |       Work      
Src  Proc. InQueue |  Leaves   Expl. | BestBound       BestSol              Gap |   Cuts   InLp Confl. | LpIters     Time

 J       0       0         0   0.00%   -inf            0.8024910043       Large        0      0      0         0     0.5s
 T       0       0         0   0.00%   -3.12628568     -2.160815877      44.68%        0      0      0      1485     0.6s
         1       0         1 100.00%   -2.160815877    -2.160815877       0.00%        0      0      0      1485     0.6s

Solving report
  Status            Optimal
  Primal bound      -2.16081587682
  Dual bound        -2.16081587682
  Gap               0% (tolerance: 0.5%)
  P-D integral      0.258884990079
  Solution status   feasible
                    -2.16081587682 (objective)
                    0 (bound viol.)
                    0 (int. viol.)
                    0 (row viol.)
  Timing            0.57
  Max sub-MIP depth 0
  Nodes             1
  Repair LPs        0
  LP iterations     1485
                    0 (strong br.)
                    0 (separation)
                    0 (heuristics)
MIP has 10753 rows; 9409 cols; 25537 nonzeros; 1344 integer variables (1344 binary)
Coefficient ranges:
  Matrix  [2e-01, 1e+00]
  Cost    [1e-02, 6e-02]
  Bound   [1e+00, 1e+00]
  RHS     [1e-05, 2e+00]
WARNING: Problem has some excessively small row bounds
Presolving model
8064 rows, 8762 cols, 22201 nonzeros 0s
6323 rows, 7355 cols, 17717 nonzeros 0s
4430 rows, 5649 cols, 12782 nonzeros 0s
3801 rows, 4739 cols, 10943 nonzeros 0s
3731 rows, 4669 cols, 10803 nonzeros 0s
Presolve reductions: rows 3731(-7022); columns 4669(-4740); nonzeros 10803(-14734) 

Solving MIP model with:
   3731 rows
   4669 cols (601 binary, 0 integer, 0 implied int., 4068 continuous, 0 domain fixed)
   10803 nonzeros

Src: B => Branching; C => Central rounding; F => Feasibility pump; H => Heuristic;
     I => Shifting; J => Feasibility jump; L => Sub-MIP; P => Empty MIP; R => Randomized rounding;
     S => Solve LP; T => Evaluate node; U => Unbounded; X => User solution; Y => HiGHS solution;
     Z => ZI Round; l => Trivial lower; p => Trivial point; u => Trivial upper; z => Trivial zero

        Nodes      |    B&B Tree     |            Objective Bounds              |  Dynamic Constraints |       Work      
Src  Proc. InQueue |  Leaves   Expl. | BestBound       BestSol              Gap |   Cuts   InLp Confl. | LpIters     Time

 J       0       0         0   0.00%   -inf            1.056060526        Large        0      0      0         0     0.4s
 T       0       0         0   0.00%   -2.72619476     -1.691046642      61.21%        0      0      0      1393     0.5s
         1       0         1 100.00%   -1.691046642    -1.691046642       0.00%        0      0      0      1393     0.5s

Solving report
  Status            Optimal
  Primal bound      -1.69104664164
  Dual bound        -1.69104664164
  Gap               0% (tolerance: 0.5%)
  P-D integral      0.161869946952
  Solution status   feasible
                    -1.69104664164 (objective)
                    0 (bound viol.)
                    0 (int. viol.)
                    0 (row viol.)
  Timing            0.50
  Max sub-MIP depth 0
  Nodes             1
  Repair LPs        0
  LP iterations     1393
                    0 (strong br.)
                    0 (separation)
                    0 (heuristics)
MIP has 10753 rows; 9409 cols; 25537 nonzeros; 1344 integer variables (1344 binary)
Coefficient ranges:
  Matrix  [2e-01, 1e+00]
  Cost    [1e-02, 6e-02]
  Bound   [1e+00, 1e+00]
  RHS     [1e-05, 2e+00]
WARNING: Problem has some excessively small row bounds
Presolving model
8064 rows, 8750 cols, 22189 nonzeros 0s
6333 rows, 7353 cols, 17725 nonzeros 0s
4450 rows, 5673 cols, 12826 nonzeros 0s
3693 rows, 4678 cols, 10678 nonzeros 0s
3598 rows, 4583 cols, 10488 nonzeros 0s
Presolve reductions: rows 3598(-7155); columns 4583(-4826); nonzeros 10488(-15049) 

Solving MIP model with:
   3598 rows
   4583 cols (577 binary, 0 integer, 0 implied int., 4006 continuous, 0 domain fixed)
   10488 nonzeros

Src: B => Branching; C => Central rounding; F => Feasibility pump; H => Heuristic;
     I => Shifting; J => Feasibility jump; L => Sub-MIP; P => Empty MIP; R => Randomized rounding;
     S => Solve LP; T => Evaluate node; U => Unbounded; X => User solution; Y => HiGHS solution;
     Z => ZI Round; l => Trivial lower; p => Trivial point; u => Trivial upper; z => Trivial zero

        Nodes      |    B&B Tree     |            Objective Bounds              |  Dynamic Constraints |       Work      
Src  Proc. InQueue |  Leaves   Expl. | BestBound       BestSol              Gap |   Cuts   InLp Confl. | LpIters     Time

 J       0       0         0   0.00%   -inf            1.467917744        Large        0      0      0         0     0.4s
 T       0       0         0   0.00%   -2.447013661    -1.266373998      93.23%        0      0      0      1352     0.5s
         1       0         1 100.00%   -1.266373998    -1.266373998       0.00%        0      0      0      1352     0.5s

Solving report
  Status            Optimal
  Primal bound      -1.2663739981
  Dual bound        -1.2663739981
  Gap               0% (tolerance: 0.5%)
  P-D integral      0.126518982359
  Solution status   feasible
                    -1.2663739981 (objective)
                    0 (bound viol.)
                    0 (int. viol.)
                    0 (row viol.)
  Timing            0.46
  Max sub-MIP depth 0
  Nodes             1
  Repair LPs        0
  LP iterations     1352
                    0 (strong br.)
                    0 (separation)
                    0 (heuristics)
MIP has 10753 rows; 9409 cols; 25537 nonzeros; 1344 integer variables (1344 binary)
Coefficient ranges:
  Matrix  [2e-01, 1e+00]
  Cost    [1e-02, 6e-02]
  Bound   [1e+00, 1e+00]
  RHS     [4e-04, 2e+00]
Presolving model
8064 rows, 8755 cols, 22194 nonzeros 0s
6345 rows, 7370 cols, 17754 nonzeros 0s
4457 rows, 5694 cols, 12854 nonzeros 0s
3661 rows, 4651 cols, 10591 nonzeros 0s
3562 rows, 4552 cols, 10393 nonzeros 0s
Presolve reductions: rows 3562(-7191); columns 4552(-4857); nonzeros 10393(-15144) 

Solving MIP model with:
   3562 rows
   4552 cols (570 binary, 0 integer, 0 implied int., 3982 continuous, 0 domain fixed)
   10393 nonzeros

Src: B => Branching; C => Central rounding; F => Feasibility pump; H => Heuristic;
     I => Shifting; J => Feasibility jump; L => Sub-MIP; P => Empty MIP; R => Randomized rounding;
     S => Solve LP; T => Evaluate node; U => Unbounded; X => User solution; Y => HiGHS solution;
     Z => ZI Round; l => Trivial lower; p => Trivial point; u => Trivial upper; z => Trivial zero

        Nodes      |    B&B Tree     |            Objective Bounds              |  Dynamic Constraints |       Work      
Src  Proc. InQueue |  Leaves   Expl. | BestBound       BestSol              Gap |   Cuts   InLp Confl. | LpIters     Time

 J       0       0         0   0.00%   -inf            1.179653609        Large        0      0      0         0     0.4s
 T       0       0         0   0.00%   -1.943919372    -0.7542183126    157.74%        0      0      0      1357     0.5s
         1       0         1 100.00%   -0.7542183126   -0.7542183126      0.00%        0      0      0      1357     0.5s

Solving report
  Status            Optimal
  Primal bound      -0.754218312552
  Dual bound        -0.754218312552
  Gap               0% (tolerance: 0.5%)
  P-D integral      0.102356868434
  Solution status   feasible
                    -0.754218312552 (objective)
                    0 (bound viol.)
                    0 (int. viol.)
                    0 (row viol.)
  Timing            0.47
  Max sub-MIP depth 0
  Nodes             1
  Repair LPs        0
  LP iterations     1357
                    0 (strong br.)
                    0 (separation)
                    0 (heuristics)
MIP has 10753 rows; 9409 cols; 25537 nonzeros; 1344 integer variables (1344 binary)
Coefficient ranges:
  Matrix  [2e-01, 1e+00]
  Cost    [1e-02, 6e-02]
  Bound   [1e+00, 1e+00]
  RHS     [2e-04, 2e+00]
Presolving model
8064 rows, 8734 cols, 22173 nonzeros 0s
6340 rows, 7344 cols, 17723 nonzeros 0s
4441 rows, 5659 cols, 12803 nonzeros 0s
3625 rows, 4603 cols, 10495 nonzeros 0s
3524 rows, 4502 cols, 10293 nonzeros 0s
Presolve reductions: rows 3524(-7229); columns 4502(-4907); nonzeros 10293(-15244) 

Solving MIP model with:
   3524 rows
   4502 cols (567 binary, 0 integer, 0 implied int., 3935 continuous, 0 domain fixed)
   10293 nonzeros

Src: B => Branching; C => Central rounding; F => Feasibility pump; H => Heuristic;
     I => Shifting; J => Feasibility jump; L => Sub-MIP; P => Empty MIP; R => Randomized rounding;
     S => Solve LP; T => Evaluate node; U => Unbounded; X => User solution; Y => HiGHS solution;
     Z => ZI Round; l => Trivial lower; p => Trivial point; u => Trivial upper; z => Trivial zero

        Nodes      |    B&B Tree     |            Objective Bounds              |  Dynamic Constraints |       Work      
Src  Proc. InQueue |  Leaves   Expl. | BestBound       BestSol              Gap |   Cuts   InLp Confl. | LpIters     Time

 J       0       0         0   0.00%   -inf            1.030892389        Large        0      0      0         0     0.5s
 T       0       0         0   0.00%   -1.625211434    -0.5924368123    174.33%        0      0      0      1326     0.5s
         1       0         1 100.00%   -0.5924368123   -0.5924368123      0.00%        0      0      0      1326     0.5s

Solving report
  Status            Optimal
  Primal bound      -0.592436812277
  Dual bound        -0.592436812277
  Gap               0% (tolerance: 0.5%)
  P-D integral      0.103981567876
  Solution status   feasible
                    -0.592436812277 (objective)
                    0 (bound viol.)
                    0 (int. viol.)
                    0 (row viol.)
  Timing            0.51
  Max sub-MIP depth 0
  Nodes             1
  Repair LPs        0
  LP iterations     1326
                    0 (strong br.)
                    0 (separation)
                    0 (heuristics)
MIP has 10753 rows; 9409 cols; 25537 nonzeros; 1344 integer variables (1344 binary)
Coefficient ranges:
  Matrix  [2e-01, 1e+00]
  Cost    [1e-02, 6e-02]
  Bound   [1e+00, 1e+00]
  RHS     [6e-05, 2e+00]
WARNING: Problem has some excessively small row bounds
Presolving model
8064 rows, 8720 cols, 22159 nonzeros 0s
6340 rows, 7330 cols, 17709 nonzeros 0s
4449 rows, 5655 cols, 12807 nonzeros 0s
3504 rows, 4495 cols, 10162 nonzeros 0s
3386 rows, 4377 cols, 9926 nonzeros 0s
Presolve reductions: rows 3386(-7367); columns 4377(-5032); nonzeros 9926(-15611) 

Solving MIP model with:
   3386 rows
   4377 cols (541 binary, 0 integer, 0 implied int., 3836 continuous, 0 domain fixed)
   9926 nonzeros

Src: B => Branching; C => Central rounding; F => Feasibility pump; H => Heuristic;
     I => Shifting; J => Feasibility jump; L => Sub-MIP; P => Empty MIP; R => Randomized rounding;
     S => Solve LP; T => Evaluate node; U => Unbounded; X => User solution; Y => HiGHS solution;
     Z => ZI Round; l => Trivial lower; p => Trivial point; u => Trivial upper; z => Trivial zero

        Nodes      |    B&B Tree     |            Objective Bounds              |  Dynamic Constraints |       Work      
Src  Proc. InQueue |  Leaves   Expl. | BestBound       BestSol              Gap |   Cuts   InLp Confl. | LpIters     Time

 J       0       0         0   0.00%   -inf            1.341446964        Large        0      0      0         0     0.4s
 T       0       0         0   0.00%   -1.424365778    -0.1646527906    765.07%        0      0      0      1277     0.5s
         1       0         1 100.00%   -0.1646527906   -0.1646527906      0.00%        0      0      0      1277     0.5s

Solving report
  Status            Optimal
  Primal bound      -0.164652790637
  Dual bound        -0.164652790637
  Gap               0% (tolerance: 0.5%)
  P-D integral      0.0843091896666
  Solution status   feasible
                    -0.164652790637 (objective)
                    0 (bound viol.)
                    0 (int. viol.)
                    0 (row viol.)
  Timing            0.49
  Max sub-MIP depth 0
  Nodes             1
  Repair LPs        0
  LP iterations     1277
                    0 (strong br.)
                    0 (separation)
                    0 (heuristics)
MIP has 10753 rows; 9409 cols; 25537 nonzeros; 1344 integer variables (1344 binary)
Coefficient ranges:
  Matrix  [2e-01, 1e+00]
  Cost    [5e-03, 6e-02]
  Bound   [1e+00, 1e+00]
  RHS     [6e-05, 2e+00]
WARNING: Problem has some excessively small row bounds
Presolving model
8064 rows, 8827 cols, 22266 nonzeros 0s
6392 rows, 7489 cols, 17920 nonzeros 0s
4536 rows, 5871 cols, 13110 nonzeros 0s
3712 rows, 4852 cols, 10811 nonzeros 0s
3611 rows, 4751 cols, 10609 nonzeros 0s
Presolve reductions: rows 3611(-7142); columns 4751(-4658); nonzeros 10609(-14928) 

Solving MIP model with:
   3611 rows
   4751 cols (562 binary, 0 integer, 0 implied int., 4189 continuous, 0 domain fixed)
   10609 nonzeros

Src: B => Branching; C => Central rounding; F => Feasibility pump; H => Heuristic;
     I => Shifting; J => Feasibility jump; L => Sub-MIP; P => Empty MIP; R => Randomized rounding;
     S => Solve LP; T => Evaluate node; U => Unbounded; X => User solution; Y => HiGHS solution;
     Z => ZI Round; l => Trivial lower; p => Trivial point; u => Trivial upper; z => Trivial zero

        Nodes      |    B&B Tree     |            Objective Bounds              |  Dynamic Constraints |       Work      
Src  Proc. InQueue |  Leaves   Expl. | BestBound       BestSol              Gap |   Cuts   InLp Confl. | LpIters     Time

 J       0       0         0   0.00%   -inf            1.525243082        Large        0      0      0         0     0.4s
 T       0       0         0   0.00%   -0.9329610051   0.455373948      304.88%        0      0      0      1426     0.5s
         1       0         1 100.00%   0.455373948     0.455373948        0.00%        0      0      0      1426     0.5s

Solving report
  Status            Optimal
  Primal bound      0.455373948036
  Dual bound        0.455373948036
  Gap               0% (tolerance: 0.5%)
  P-D integral      0.0653051140982
  Solution status   feasible
                    0.455373948036 (objective)
                    0 (bound viol.)
                    0 (int. viol.)
                    0 (row viol.)
  Timing            0.47
  Max sub-MIP depth 0
  Nodes             1
  Repair LPs        0
  LP iterations     1426
                    0 (strong br.)
                    0 (separation)
                    0 (heuristics)
MIP has 10753 rows; 9409 cols; 25537 nonzeros; 1344 integer variables (1344 binary)
Coefficient ranges:
  Matrix  [2e-01, 1e+00]
  Cost    [5e-03, 6e-02]
  Bound   [1e+00, 1e+00]
  RHS     [3e-04, 2e+00]
Presolving model
8064 rows, 9176 cols, 22615 nonzeros 0s
6492 rows, 7934 cols, 18469 nonzeros 0s
5210 rows, 6798 cols, 15127 nonzeros 0s
5063 rows, 6516 cols, 14696 nonzeros 0s
Presolve reductions: rows 5063(-5690); columns 6516(-2893); nonzeros 14696(-10841) 

Solving MIP model with:
   5063 rows
   6516 cols (780 binary, 0 integer, 0 implied int., 5736 continuous, 0 domain fixed)
   14696 nonzeros

Src: B => Branching; C => Central rounding; F => Feasibility pump; H => Heuristic;
     I => Shifting; J => Feasibility jump; L => Sub-MIP; P => Empty MIP; R => Randomized rounding;
     S => Solve LP; T => Evaluate node; U => Unbounded; X => User solution; Y => HiGHS solution;
     Z => ZI Round; l => Trivial lower; p => Trivial point; u => Trivial upper; z => Trivial zero

        Nodes      |    B&B Tree     |            Objective Bounds              |  Dynamic Constraints |       Work      
Src  Proc. InQueue |  Leaves   Expl. | BestBound       BestSol              Gap |   Cuts   InLp Confl. | LpIters     Time

 J       0       0         0   0.00%   -inf            1.053233068        Large        0      0      0         0     0.5s
 T       0       0         0   0.00%   -0.5676009548   0.4723787245     220.16%        0      0      0      1984     0.6s
         1       0         1 100.00%   0.4723787245    0.4723787245       0.00%        0      0      0      1984     0.6s

Solving report
  Status            Optimal
  Primal bound      0.47237872447
  Dual bound        0.47237872447
  Gap               0% (tolerance: 0.5%)
  P-D integral      0.113884043895
  Solution status   feasible
                    0.47237872447 (objective)
                    0 (bound viol.)
                    0 (int. viol.)
                    0 (row viol.)
  Timing            0.62
  Max sub-MIP depth 0
  Nodes             1
  Repair LPs        0
  LP iterations     1984
                    0 (strong br.)
                    0 (separation)
                    0 (heuristics)
MIP has 10753 rows; 9409 cols; 25537 nonzeros; 1344 integer variables (1344 binary)
Coefficient ranges:
  Matrix  [2e-01, 1e+00]
  Cost    [5e-03, 6e-02]
  Bound   [1e+00, 1e+00]
  RHS     [3e-04, 2e+00]
Presolving model
8064 rows, 9068 cols, 22507 nonzeros 0s
6423 rows, 7761 cols, 18223 nonzeros 0s
4866 rows, 6384 cols, 14145 nonzeros 0s
4648 rows, 5952 cols, 13495 nonzeros 0s
Presolve reductions: rows 4648(-6105); columns 5952(-3457); nonzeros 13495(-12042) 

Solving MIP model with:
   4648 rows
   5952 cols (724 binary, 0 integer, 0 implied int., 5228 continuous, 0 domain fixed)
   13495 nonzeros

Src: B => Branching; C => Central rounding; F => Feasibility pump; H => Heuristic;
     I => Shifting; J => Feasibility jump; L => Sub-MIP; P => Empty MIP; R => Randomized rounding;
     S => Solve LP; T => Evaluate node; U => Unbounded; X => User solution; Y => HiGHS solution;
     Z => ZI Round; l => Trivial lower; p => Trivial point; u => Trivial upper; z => Trivial zero

        Nodes      |    B&B Tree     |            Objective Bounds              |  Dynamic Constraints |       Work      
Src  Proc. InQueue |  Leaves   Expl. | BestBound       BestSol              Gap |   Cuts   InLp Confl. | LpIters     Time

 J       0       0         0   0.00%   -inf            1.39752745         Large        0      0      0         0     0.5s
 T       0       0         0   0.00%   -0.6704383258   0.5130383897     230.68%        0      0      0      1819     0.6s
         1       0         1 100.00%   0.5130383897    0.5130383897       0.00%        0      0      0      1819     0.6s

Solving report
  Status            Optimal
  Primal bound      0.513038389736
  Dual bound        0.513038389736
  Gap               0% (tolerance: 0.5%)
  P-D integral      0.117636960775
  Solution status   feasible
                    0.513038389736 (objective)
                    0 (bound viol.)
                    0 (int. viol.)
                    0 (row viol.)
  Timing            0.56
  Max sub-MIP depth 0
  Nodes             1
  Repair LPs        0
  LP iterations     1819
                    0 (strong br.)
                    0 (separation)
                    0 (heuristics)
MIP has 10753 rows; 9409 cols; 25537 nonzeros; 1344 integer variables (1344 binary)
Coefficient ranges:
  Matrix  [2e-01, 1e+00]
  Cost    [5e-03, 6e-02]
  Bound   [1e+00, 1e+00]
  RHS     [3e-04, 2e+00]
Presolving model
8064 rows, 8560 cols, 21999 nonzeros 0s
6365 rows, 7194 cols, 17594 nonzeros 0s
4509 rows, 5583 cols, 12777 nonzeros 0s
4378 rows, 4186 cols, 9245 nonzeros 0s
2507 rows, 3640 cols, 7496 nonzeros 0s
2068 rows, 3225 cols, 6542 nonzeros 0s
Presolve reductions: rows 2068(-8685); columns 3225(-6184); nonzeros 6542(-18995) 

Solving MIP model with:
   2068 rows
   3225 cols (313 binary, 0 integer, 0 implied int., 2912 continuous, 0 domain fixed)
   6542 nonzeros

Src: B => Branching; C => Central rounding; F => Feasibility pump; H => Heuristic;
     I => Shifting; J => Feasibility jump; L => Sub-MIP; P => Empty MIP; R => Randomized rounding;
     S => Solve LP; T => Evaluate node; U => Unbounded; X => User solution; Y => HiGHS solution;
     Z => ZI Round; l => Trivial lower; p => Trivial point; u => Trivial upper; z => Trivial zero

        Nodes      |    B&B Tree     |            Objective Bounds              |  Dynamic Constraints |       Work      
Src  Proc. InQueue |  Leaves   Expl. | BestBound       BestSol              Gap |   Cuts   InLp Confl. | LpIters     Time

 J       0       0         0   0.00%   -inf            2.876294855        Large        0      0      0         0     0.5s
 T       0       0         0   0.00%   -0.1233361284   1.962289155      106.29%        0      0      0       832     0.5s
         1       0         1 100.00%   1.962289155     1.962289155        0.00%        0      0      0       832     0.5s

Solving report
  Status            Optimal
  Primal bound      1.96228915499
  Dual bound        1.96228915499
  Gap               0% (tolerance: 0.5%)
  P-D integral      0.025827074632
  Solution status   feasible
                    1.96228915499 (objective)
                    0 (bound viol.)
                    0 (int. viol.)
                    0 (row viol.)
  Timing            0.49
  Max sub-MIP depth 0
  Nodes             1
  Repair LPs        0
  LP iterations     832
                    0 (strong br.)
                    0 (separation)
                    0 (heuristics)
MIP has 10753 rows; 9409 cols; 25537 nonzeros; 1344 integer variables (1344 binary)
Coefficient ranges:
  Matrix  [2e-01, 1e+00]
  Cost    [5e-03, 6e-02]
  Bound   [1e+00, 1e+00]
  RHS     [5e-04, 2e+00]
Presolving model
8064 rows, 8414 cols, 21853 nonzeros 0s
6359 rows, 7039 cols, 17441 nonzeros 0s
4526 rows, 5452 cols, 12685 nonzeros 0s
2549 rows, 3563 cols, 7487 nonzeros 0s
1533 rows, 2685 cols, 5037 nonzeros 0s
1376 rows, 2528 cols, 4723 nonzeros 0s
Presolve reductions: rows 1376(-9377); columns 2528(-6881); nonzeros 4723(-20814) 

Solving MIP model with:
   1376 rows
   2528 cols (205 binary, 0 integer, 0 implied int., 2323 continuous, 0 domain fixed)
   4723 nonzeros

Src: B => Branching; C => Central rounding; F => Feasibility pump; H => Heuristic;
     I => Shifting; J => Feasibility jump; L => Sub-MIP; P => Empty MIP; R => Randomized rounding;
     S => Solve LP; T => Evaluate node; U => Unbounded; X => User solution; Y => HiGHS solution;
     Z => ZI Round; l => Trivial lower; p => Trivial point; u => Trivial upper; z => Trivial zero

        Nodes      |    B&B Tree     |            Objective Bounds              |  Dynamic Constraints |       Work      
Src  Proc. InQueue |  Leaves   Expl. | BestBound       BestSol              Gap |   Cuts   InLp Confl. | LpIters     Time

 J       0       0         0   0.00%   -inf            3.46203079         Large        0      0      0         0     0.9s
 T       0       0         0   0.00%   0.3547471633    2.757187361       87.13%        0      0      0       571     0.9s
         1       0         1 100.00%   2.757187361     2.757187361        0.00%        0      0      0       571     0.9s

Solving report
  Status            Optimal
  Primal bound      2.75718736052
  Dual bound        2.75718736052
  Gap               0% (tolerance: 0.5%)
  P-D integral      0.0291949354288
  Solution status   feasible
                    2.75718736052 (objective)
                    0 (bound viol.)
                    0 (int. viol.)
                    0 (row viol.)
  Timing            0.90
  Max sub-MIP depth 0
  Nodes             1
  Repair LPs        0
  LP iterations     571
                    0 (strong br.)
                    0 (separation)
                    0 (heuristics)
MIP has 10753 rows; 9409 cols; 25537 nonzeros; 1344 integer variables (1344 binary)
Coefficient ranges:
  Matrix  [2e-01, 1e+00]
  Cost    [5e-03, 6e-02]
  Bound   [1e+00, 1e+00]
  RHS     [3e-04, 2e+00]
Presolving model
8064 rows, 8526 cols, 21965 nonzeros 0s
6286 rows, 6930 cols, 17259 nonzeros 0s
4403 rows, 5180 cols, 12286 nonzeros 0s
2412 rows, 3185 cols, 6972 nonzeros 0s
2248 rows, 2470 cols, 5088 nonzeros 0s
1190 rows, 2082 cols, 3915 nonzeros 0s
1048 rows, 1940 cols, 3631 nonzeros 0s
Presolve reductions: rows 1048(-9705); columns 1940(-7469); nonzeros 3631(-21906) 

Solving MIP model with:
   1048 rows
   1940 cols (161 binary, 0 integer, 0 implied int., 1779 continuous, 0 domain fixed)
   3631 nonzeros

Src: B => Branching; C => Central rounding; F => Feasibility pump; H => Heuristic;
     I => Shifting; J => Feasibility jump; L => Sub-MIP; P => Empty MIP; R => Randomized rounding;
     S => Solve LP; T => Evaluate node; U => Unbounded; X => User solution; Y => HiGHS solution;
     Z => ZI Round; l => Trivial lower; p => Trivial point; u => Trivial upper; z => Trivial zero

        Nodes      |    B&B Tree     |            Objective Bounds              |  Dynamic Constraints |       Work      
Src  Proc. InQueue |  Leaves   Expl. | BestBound       BestSol              Gap |   Cuts   InLp Confl. | LpIters     Time

 J       0       0         0   0.00%   -inf            1.094201505        Large        0      0      0         0     0.4s
 T       0       0         0   0.00%   -0.6047786756   0.6138090001     198.53%        0      0      0       414     0.4s
         1       0         1 100.00%   0.6138090001    0.6138090001       0.00%        0      0      0       414     0.4s

Solving report
  Status            Optimal
  Primal bound      0.613809000058
  Dual bound        0.613809000058
  Gap               0% (tolerance: 0.5%)
  P-D integral      0.0305266207225
  Solution status   feasible
                    0.613809000058 (objective)
                    0 (bound viol.)
                    0 (int. viol.)
                    0 (row viol.)
  Timing            0.39
  Max sub-MIP depth 0
  Nodes             1
  Repair LPs        0
  LP iterations     414
                    0 (strong br.)
                    0 (separation)
                    0 (heuristics)
MIP has 10753 rows; 9409 cols; 25537 nonzeros; 1344 integer variables (1344 binary)
Coefficient ranges:
  Matrix  [2e-01, 1e+00]
  Cost    [1e-02, 6e-02]
  Bound   [1e+00, 1e+00]
  RHS     [3e-04, 2e+00]
Presolving model
8064 rows, 8605 cols, 22044 nonzeros 0s
6282 rows, 6893 cols, 17262 nonzeros 0s
4431 rows, 5076 cols, 12298 nonzeros 0s
2504 rows, 3084 cols, 7083 nonzeros 0s
2422 rows, 2098 cols, 4566 nonzeros 0s
716 rows, 1357 cols, 2408 nonzeros 0s
562 rows, 1203 cols, 2100 nonzeros 0s
Presolve reductions: rows 562(-10191); columns 1203(-8206); nonzeros 2100(-23437) 

Solving MIP model with:
   562 rows
   1203 cols (84 binary, 0 integer, 0 implied int., 1119 continuous, 0 domain fixed)
   2100 nonzeros

Src: B => Branching; C => Central rounding; F => Feasibility pump; H => Heuristic;
     I => Shifting; J => Feasibility jump; L => Sub-MIP; P => Empty MIP; R => Randomized rounding;
     S => Solve LP; T => Evaluate node; U => Unbounded; X => User solution; Y => HiGHS solution;
     Z => ZI Round; l => Trivial lower; p => Trivial point; u => Trivial upper; z => Trivial zero

        Nodes      |    B&B Tree     |            Objective Bounds              |  Dynamic Constraints |       Work      
Src  Proc. InQueue |  Leaves   Expl. | BestBound       BestSol              Gap |   Cuts   InLp Confl. | LpIters     Time

         0       0         0   0.00%   -1.132169087    inf                  inf        0      0      0         0     0.3s
 T       0       0         0   0.00%   -1.132169087    -0.9814351638     15.36%        0      0      0       239     0.3s
         1       0         1 100.00%   -0.9814351638   -0.9814351638      0.00%        0      0      0       239     0.3s

Solving report
  Status            Optimal
  Primal bound      -0.981435163805
  Dual bound        -0.981435163805
  Gap               0% (tolerance: 0.5%)
  P-D integral      7.34137293276e-06
  Solution status   feasible
                    -0.981435163805 (objective)
                    0 (bound viol.)
                    0 (int. viol.)
                    0 (row viol.)
  Timing            0.33
  Max sub-MIP depth 0
  Nodes             1
  Repair LPs        0
  LP iterations     239
                    0 (strong br.)
                    0 (separation)
                    0 (heuristics)
MIP has 10753 rows; 9409 cols; 25537 nonzeros; 1344 integer variables (1344 binary)
Coefficient ranges:
  Matrix  [2e-01, 1e+00]
  Cost    [1e-02, 6e-02]
  Bound   [1e+00, 1e+00]
  RHS     [6e-05, 2e+00]
WARNING: Problem has some excessively small row bounds
Presolving model
8064 rows, 8586 cols, 22025 nonzeros 0s
6325 rows, 6905 cols, 17361 nonzeros 0s
4492 rows, 5103 cols, 12447 nonzeros 0s
2606 rows, 3153 cols, 7342 nonzeros 0s
2529 rows, 2172 cols, 4843 nonzeros 0s
905 rows, 1506 cols, 2890 nonzeros 0s
800 rows, 1401 cols, 2680 nonzeros 0s
Presolve reductions: rows 800(-9953); columns 1401(-8008); nonzeros 2680(-22857) 

Solving MIP model with:
   800 rows
   1401 cols (120 binary, 0 integer, 0 implied int., 1281 continuous, 0 domain fixed)
   2680 nonzeros

Src: B => Branching; C => Central rounding; F => Feasibility pump; H => Heuristic;
     I => Shifting; J => Feasibility jump; L => Sub-MIP; P => Empty MIP; R => Randomized rounding;
     S => Solve LP; T => Evaluate node; U => Unbounded; X => User solution; Y => HiGHS solution;
     Z => ZI Round; l => Trivial lower; p => Trivial point; u => Trivial upper; z => Trivial zero

        Nodes      |    B&B Tree     |            Objective Bounds              |  Dynamic Constraints |       Work      
Src  Proc. InQueue |  Leaves   Expl. | BestBound       BestSol              Gap |   Cuts   InLp Confl. | LpIters     Time

 J       0       0         0   0.00%   -inf            -0.6459248013      Large        0      0      0         0     0.3s
 T       0       0         0   0.00%   -0.8887581112   -0.712095617      24.81%        0      0      0       350     0.4s
         1       0         1 100.00%   -0.712095617    -0.712095617       0.00%        0      0      0       350     0.4s

Solving report
  Status            Optimal
  Primal bound      -0.712095617021
  Dual bound        -0.712095617021
  Gap               0% (tolerance: 0.5%)
  P-D integral      0.00570716536414
  Solution status   feasible
                    -0.712095617021 (objective)
                    0 (bound viol.)
                    0 (int. viol.)
                    0 (row viol.)
  Timing            0.35
  Max sub-MIP depth 0
  Nodes             1
  Repair LPs        0
  LP iterations     350
                    0 (strong br.)
                    0 (separation)
                    0 (heuristics)
MIP has 10753 rows; 9409 cols; 25537 nonzeros; 1344 integer variables (1344 binary)
Coefficient ranges:
  Matrix  [2e-01, 1e+00]
  Cost    [1e-02, 6e-02]
  Bound   [1e+00, 1e+00]
  RHS     [6e-05, 2e+00]
WARNING: Problem has some excessively small row bounds
Presolving model
8064 rows, 8540 cols, 21979 nonzeros 0s
6363 rows, 6906 cols, 17425 nonzeros 0s
4603 rows, 5186 cols, 12713 nonzeros 0s
2799 rows, 3343 cols, 7853 nonzeros 0s
2744 rows, 2280 cols, 5145 nonzeros 0s
929 rows, 1521 cols, 2921 nonzeros 0s
724 rows, 1321 cols, 2460 nonzeros 0s
718 rows, 1315 cols, 2448 nonzeros 0s
Presolve reductions: rows 718(-10035); columns 1315(-8094); nonzeros 2448(-23089) 

Solving MIP model with:
   718 rows
   1315 cols (104 binary, 0 integer, 0 implied int., 1211 continuous, 0 domain fixed)
   2448 nonzeros

Src: B => Branching; C => Central rounding; F => Feasibility pump; H => Heuristic;
     I => Shifting; J => Feasibility jump; L => Sub-MIP; P => Empty MIP; R => Randomized rounding;
     S => Solve LP; T => Evaluate node; U => Unbounded; X => User solution; Y => HiGHS solution;
     Z => ZI Round; l => Trivial lower; p => Trivial point; u => Trivial upper; z => Trivial zero

        Nodes      |    B&B Tree     |            Objective Bounds              |  Dynamic Constraints |       Work      
Src  Proc. InQueue |  Leaves   Expl. | BestBound       BestSol              Gap |   Cuts   InLp Confl. | LpIters     Time

 J       0       0         0   0.00%   -inf            -0.5749730901      Large        0      0      0         0     0.3s
 T       0       0         0   0.00%   -0.8300619719   -0.6421709633     29.26%        0      0      0       328     0.3s
         1       0         1 100.00%   -0.6421709633   -0.6421709633      0.00%        0      0      0       328     0.3s

Solving report
  Status            Optimal
  Primal bound      -0.642170963349
  Dual bound        -0.642170963349
  Gap               0% (tolerance: 0.5%)
  P-D integral      0.00661501184849
  Solution status   feasible
                    -0.642170963349 (objective)
                    0 (bound viol.)
                    0 (int. viol.)
                    0 (row viol.)
  Timing            0.34
  Max sub-MIP depth 0
  Nodes             1
  Repair LPs        0
  LP iterations     328
                    0 (strong br.)
                    0 (separation)
                    0 (heuristics)
MIP has 10753 rows; 9409 cols; 25537 nonzeros; 1344 integer variables (1344 binary)
Coefficient ranges:
  Matrix  [2e-01, 1e+00]
  Cost    [5e-03, 6e-02]
  Bound   [1e+00, 1e+00]
  RHS     [3e-04, 2e+00]
Presolving model
8064 rows, 8485 cols, 21924 nonzeros 0s
6344 rows, 6940 cols, 17380 nonzeros 0s
4554 rows, 5257 cols, 12643 nonzeros 0s
2670 rows, 3402 cols, 7631 nonzeros 0s
2541 rows, 2562 cols, 5433 nonzeros 0s
1267 rows, 2104 cols, 4054 nonzeros 0s
1141 rows, 1978 cols, 3802 nonzeros 0s
Presolve reductions: rows 1141(-9612); columns 1978(-7431); nonzeros 3802(-21735) 

Solving MIP model with:
   1141 rows
   1978 cols (171 binary, 0 integer, 0 implied int., 1807 continuous, 0 domain fixed)
   3802 nonzeros

Src: B => Branching; C => Central rounding; F => Feasibility pump; H => Heuristic;
     I => Shifting; J => Feasibility jump; L => Sub-MIP; P => Empty MIP; R => Randomized rounding;
     S => Solve LP; T => Evaluate node; U => Unbounded; X => User solution; Y => HiGHS solution;
     Z => ZI Round; l => Trivial lower; p => Trivial point; u => Trivial upper; z => Trivial zero

        Nodes      |    B&B Tree     |            Objective Bounds              |  Dynamic Constraints |       Work      
Src  Proc. InQueue |  Leaves   Expl. | BestBound       BestSol              Gap |   Cuts   InLp Confl. | LpIters     Time

 J       0       0         0   0.00%   -inf            1.141628925        Large        0      0      0         0     0.4s
 T       0       0         0   0.00%   -0.3293502261   0.7371711487     144.68%        0      0      0       473     0.4s
         1       0         1 100.00%   0.7371711487    0.7371711487       0.00%        0      0      0       473     0.4s

Solving report
  Status            Optimal
  Primal bound      0.737171148729
  Dual bound        0.737171148729
  Gap               0% (tolerance: 0.5%)
  P-D integral      0.0222527755797
  Solution status   feasible
                    0.737171148729 (objective)
                    0 (bound viol.)
                    0 (int. viol.)
                    0 (row viol.)
  Timing            0.39
  Max sub-MIP depth 0
  Nodes             1
  Repair LPs        0
  LP iterations     473
                    0 (strong br.)
                    0 (separation)
                    0 (heuristics)
MIP has 10753 rows; 9409 cols; 25537 nonzeros; 1344 integer variables (1344 binary)
Coefficient ranges:
  Matrix  [2e-01, 1e+00]
  Cost    [5e-03, 6e-02]
  Bound   [1e+00, 1e+00]
  RHS     [3e-04, 2e+00]
Presolving model
8064 rows, 8504 cols, 21943 nonzeros 0s
6348 rows, 7104 cols, 17488 nonzeros 0s
4502 rows, 5491 cols, 12693 nonzeros 0s
4380 rows, 4108 cols, 9206 nonzeros 0s
2527 rows, 3576 cols, 7475 nonzeros 0s
1837 rows, 2957 cols, 5849 nonzeros 0s
1762 rows, 2882 cols, 5699 nonzeros 0s
Presolve reductions: rows 1762(-8991); columns 2882(-6527); nonzeros 5699(-19838) 

Solving MIP model with:
   1762 rows
   2882 cols (264 binary, 0 integer, 0 implied int., 2618 continuous, 0 domain fixed)
   5699 nonzeros

Src: B => Branching; C => Central rounding; F => Feasibility pump; H => Heuristic;
     I => Shifting; J => Feasibility jump; L => Sub-MIP; P => Empty MIP; R => Randomized rounding;
     S => Solve LP; T => Evaluate node; U => Unbounded; X => User solution; Y => HiGHS solution;
     Z => ZI Round; l => Trivial lower; p => Trivial point; u => Trivial upper; z => Trivial zero

        Nodes      |    B&B Tree     |            Objective Bounds              |  Dynamic Constraints |       Work      
Src  Proc. InQueue |  Leaves   Expl. | BestBound       BestSol              Gap |   Cuts   InLp Confl. | LpIters     Time

 J       0       0         0   0.00%   -inf            2.969379016        Large        0      0      0         0     0.4s
 T       0       0         0   0.00%   0.2753846599    2.268274801       87.86%        0      0      0       732     0.5s
         1       0         1 100.00%   2.268274801     2.268274801        0.00%        0      0      0       732     0.5s

Solving report
  Status            Optimal
  Primal bound      2.26827480108
  Dual bound        2.26827480108
  Gap               0% (tolerance: 0.5%)
  P-D integral      0.0189858900504
  Solution status   feasible
                    2.26827480108 (objective)
                    0 (bound viol.)
                    0 (int. viol.)
                    0 (row viol.)
  Timing            0.46
  Max sub-MIP depth 0
  Nodes             1
  Repair LPs        0
  LP iterations     732
                    0 (strong br.)
                    0 (separation)
                    0 (heuristics)
MIP has 10753 rows; 9409 cols; 25537 nonzeros; 1344 integer variables (1344 binary)
Coefficient ranges:
  Matrix  [2e-01, 1e+00]
  Cost    [1e-02, 6e-02]
  Bound   [1e+00, 1e+00]
  RHS     [3e-04, 2e+00]
Presolving model
8064 rows, 8562 cols, 22001 nonzeros 0s
6366 rows, 7198 cols, 17603 nonzeros 0s
4525 rows, 5604 cols, 12832 nonzeros 0s
4381 rows, 4190 cols, 9276 nonzeros 0s
2512 rows, 3635 cols, 7518 nonzeros 0s
2238 rows, 3361 cols, 6970 nonzeros 0s
Presolve reductions: rows 2238(-8515); columns 3361(-6048); nonzeros 6970(-18567) 

Solving MIP model with:
   2238 rows
   3361 cols (343 binary, 0 integer, 0 implied int., 3018 continuous, 0 domain fixed)
   6970 nonzeros

Src: B => Branching; C => Central rounding; F => Feasibility pump; H => Heuristic;
     I => Shifting; J => Feasibility jump; L => Sub-MIP; P => Empty MIP; R => Randomized rounding;
     S => Solve LP; T => Evaluate node; U => Unbounded; X => User solution; Y => HiGHS solution;
     Z => ZI Round; l => Trivial lower; p => Trivial point; u => Trivial upper; z => Trivial zero

        Nodes      |    B&B Tree     |            Objective Bounds              |  Dynamic Constraints |       Work      
Src  Proc. InQueue |  Leaves   Expl. | BestBound       BestSol              Gap |   Cuts   InLp Confl. | LpIters     Time

 J       0       0         0   0.00%   -inf            2.847247322        Large        0      0      0         0     0.4s
 T       0       0         0   0.00%   0.1323335904    1.998414284       93.38%        0      0      0       907     0.5s
         1       0         1 100.00%   1.998414284     1.998414284        0.00%        0      0      0       907     0.5s

Solving report
  Status            Optimal
  Primal bound      1.99841428358
  Dual bound        1.99841428358
  Gap               0% (tolerance: 0.5%)
  P-D integral      0.0306536225246
  Solution status   feasible
                    1.99841428358 (objective)
                    0 (bound viol.)
                    0 (int. viol.)
                    0 (row viol.)
  Timing            0.47
  Max sub-MIP depth 0
  Nodes             1
  Repair LPs        0
  LP iterations     907
                    0 (strong br.)
                    0 (separation)
                    0 (heuristics)
MIP has 10754 rows; 9409 cols; 25538 nonzeros; 1344 integer variables (1344 binary)
Coefficient ranges:
  Matrix  [2e-01, 1e+00]
  Cost    [1e-02, 6e-02]
  Bound   [1e+00, 1e+00]
  RHS     [3e-04, 2e+00]
Presolving model
8064 rows, 8561 cols, 22000 nonzeros 0s
6359 rows, 7190 cols, 17588 nonzeros 0s
4522 rows, 5595 cols, 12820 nonzeros 0s
4384 rows, 4181 cols, 9264 nonzeros 0s
2523 rows, 3656 cols, 7546 nonzeros 0s
2237 rows, 3370 cols, 6974 nonzeros 0s
Presolve reductions: rows 2237(-8517); columns 3370(-6039); nonzeros 6974(-18564) 

Solving MIP model with:
   2237 rows
   3370 cols (342 binary, 0 integer, 0 implied int., 3028 continuous, 0 domain fixed)
   6974 nonzeros

Src: B => Branching; C => Central rounding; F => Feasibility pump; H => Heuristic;
     I => Shifting; J => Feasibility jump; L => Sub-MIP; P => Empty MIP; R => Randomized rounding;
     S => Solve LP; T => Evaluate node; U => Unbounded; X => User solution; Y => HiGHS solution;
     Z => ZI Round; l => Trivial lower; p => Trivial point; u => Trivial upper; z => Trivial zero

        Nodes      |    B&B Tree     |            Objective Bounds              |  Dynamic Constraints |       Work      
Src  Proc. InQueue |  Leaves   Expl. | BestBound       BestSol              Gap |   Cuts   InLp Confl. | LpIters     Time

         0       0         0   0.00%   -0.0133603556   inf                  inf        0      0      0         0     0.5s
         0       0         0   0.00%   1.991887386     inf                  inf        0      0      2       899     0.5s
 R       0       0         0   0.00%   1.991887386     1.991887386        0.00%        0      0      2       902     0.6s
         1       0         1 100.00%   1.991887386     1.991887386        0.00%        0      0      2       902     0.6s

Solving report
  Status            Optimal
  Primal bound      1.99188738648
  Dual bound        1.99188738648
  Gap               0% (tolerance: 0.5%)
  P-D integral      1.01834163077e-18
  Solution status   feasible
                    1.99188738648 (objective)
                    0 (bound viol.)
                    0 (int. viol.)
                    0 (row viol.)
  Timing            0.56
  Max sub-MIP depth 0
  Nodes             1
  Repair LPs        0
  LP iterations     902
                    0 (strong br.)
                    3 (separation)
                    0 (heuristics)
