t,Load,PV,P_imp,P_exp,P_ch,P_dis,P_curt,E,c_grid,c_sell
1,0.1945774848771245,0.0,0.0,0.0,0.0,0.1945774848771245,0.0,4.9487953987165465,0.27,0.06
2,0.1945774848771245,0.0,0.0,0.0,0.0,0.1945774848771245,0.0,4.897590797433093,0.27,0.06
3,0.16626805572491976,0.0,0.0,0.0,0.0,0.16626805572491976,0.0,4.853836045926535,0.27,0.06
4,0.16626805572491976,0.0,0.0,0.0,0.0,0.16626805572491976,0.0,4.810081294419977,0.27,0.06
5,0.115031976202972,0.0,0.0,0.0,0.0,0.115031976202972,0.0,4.779809721734984,0.27,0.06
6,0.115031976202972,0.0,0.0,0.0,0.0,0.115031976202972,0.0,4.749538149049991,0.27,0.06
7,0.12559817159076675,0.0,0.0,0.0,0.0,0.12559817159076675,0.0,4.716485998631368,0.27,0.06
8,0.12559817159076675,0.0,0.0,0.0,0.0,0.12559817159076675,0.0,4.683433848212745,0.27,0.06
9,0.13536691827004876,0.0,0.0,0.0,0.0,0.13536691827004876,0.0,4.647810974983785,0.27,0.06
10,0.13536691827004876,0.0,0.0,0.0,0.0,0.13536691827004876,0.0,4.612188101754825,0.27,0.06
11,0.0639952588581525,0.0,0.0,0.0,0.0,0.0639952588581525,0.0,4.595347244160574,0.27,0.06
12,0.0639952588581525,0.0,0.0,0.0,0.0,0.0639952588581525,0.0,4.578506386566322,0.27,0.06
13,0.05582140959589625,0.0,0.0,0.0,0.0,0.05582140959589625,0.0,4.563816541935823,0.27,0.06
14,0.05582140959589625,0.0,0.0,0.0,0.0,0.05582140959589625,0.0,4.549126697305325,0.27,0.06
15,0.04027115977989675,0.0,0.0,0.0,0.0,0.04027115977989675,0.0,4.538529023679036,0.27,0.06
16,0.04027115977989675,0.0,0.0,0.0,0.0,0.04027115977989675,0.0,4.527931350052747,0.27,0.06
17,0.0372807271229735,0.0,0.0,0.0,0.0,0.0372807271229735,0.0,4.518120632388807,0.27,0.06
18,0.0372807271229735,0.0,0.0,0.0,0.0,0.0372807271229735,0.0,4.508309914724866,0.27,0.06
19,0.0372807271229735,0.0,0.0,-6.938893903907228e-18,0.0,0.03728072712297349,0.0,4.498499197060926,0.27,0.06
20,0.0372807271229735,0.0,0.0,0.0,0.0,0.0372807271229735,0.0,4.488688479396985,0.27,0.06
21,0.02890751568358925,0.0,0.0,0.0,0.0,0.02890751568358925,0.0,4.4810812384276195,0.27,0.06
22,0.02890751568358925,0.0,0.0,0.0,0.0,0.02890751568358925,0.0,4.473473997458254,0.27,0.06
23,0.032695397049025,0.0,0.0,0.0,0.0,0.032695397049025,0.0,4.4648699456032475,0.27,0.06
24,0.032695397049025,0.0,0.0,0.0,0.0,0.032695397049025,0.0,4.456265893748242,0.27,0.06
25,0.020733666421332925,0.0,0.0,0.0,0.0,0.020733666421332925,0.0,4.450809665742628,0.27,0.06
26,0.020733666421332925,0.0,0.0,0.0,0.0,0.020733666421332925,0.0,4.445353437737014,0.27,0.06
27,0.0669856915150755,0.0,0.0,0.0,0.0,0.0669856915150755,0.0,4.427725624180415,0.27,0.06
28,0.0669856915150755,0.0,0.0,0.0,0.0,0.0669856915150755,0.0,4.410097810623816,0.27,0.06
29,0.0340909322889225,0.0,0.0,0.0,0.0,0.0340909322889225,0.0,4.401126512653047,0.27,0.06
30,0.0340909322889225,0.0,0.0,0.0,0.0,0.0340909322889225,0.0,4.392155214682278,0.27,0.06
31,0.03289475922615325,0.0,0.0,0.0,0.0,0.03289475922615325,0.0,4.383498699096449,0.27,0.06
32,0.03289475922615325,0.0,0.0,-2.0816681711721685e-17,0.0,0.03289475922615323,0.0,4.374842183510619,0.27,0.06
33,0.0430622302596915,0.0,0.0,0.0,0.0,0.0430622302596915,0.0,4.363510017652806,0.27,0.06
34,0.0430622302596915,0.0,0.0,0.0,0.0,0.0430622302596915,0.0,4.352177851794992,0.27,0.06
35,0.04984054428205025,0.0022272347117047015,0.0,0.0,0.0,0.04761330957034555,0.0,4.3396480334870065,0.27,0.06
36,0.04984054428205025,0.004820311081982235,0.0,0.0,0.0,0.04502023320006802,0.0,4.327800603697515,0.27,0.06
37,0.05083735516769125,0.006135831590854521,0.0,0.0,0.0,0.04470152357683673,0.0,4.316037044861505,0.27,0.06
38,0.05083735516769125,0.006688499092067935,0.0,0.0,0.0,0.04414885607562331,0.0,4.304418924841604,0.27,0.06
39,0.032695397049025,0.004982365224183486,0.0,0.0,0.0,0.027713031824841514,0.0,4.297126021729804,0.27,0.06
40,0.032695397049025,0.005552748865081537,0.0,0.0,0.0,0.027142648183943463,0.0,4.2899832195761345,0.27,0.06
41,0.034689018820307,0.007491476411637561,0.0,0.0,0.0,0.027197542408669437,0.0,4.282825971573852,0.27,0.06
42,0.034689018820307,0.009437156284048547,0.0,0.0,0.0,0.02525186253625845,0.0,4.276180744590627,0.27,0.06
43,0.1084530243577415,0.02383527141714187,0.0,0.0,0.0,0.08461775294059963,0.0,4.253912914869416,0.27,0.06
44,0.1084530243577415,0.046527812889395045,0.0,0.0,0.0,0.06192521146834645,0.0,4.237616806588273,0.27,0.06
45,0.0689793132863575,0.06291850798324419,0.0,1.3877787807814457e-17,0.0,0.006060805303113315,0.0,4.236021857824295,0.27,0.06
46,0.0689793132863575,0.07760329502057312,0.0,0.0,0.008623981734215622,0.0,0.0,4.2380700534861715,0.27,0.06
47,0.673644776579975,0.34234047147258034,0.0,0.0,0.0,0.33130430510739467,0.0,4.150884710036857,0.27,0.06
48,0.673644776579975,0.3885907895032535,0.0,0.0,0.0,0.2850539870767215,0.0,4.075870502911404,0.27,0.06
49,0.6275921335995776,0.3932206658074994,0.0,0.0,0.0,0.23437146779207813,0.0,4.014193800860857,0.27,0.06
50,0.6275921335995776,0.42106822467086047,0.0,0.0,0.0,0.20652390892871708,0.0,3.9598454037743527,0.27,0.06
51,0.653309854449115,0.41123719655040547,0.0,0.0,0.0,0.24207265789870958,0.0,3.8961420727483764,0.27,0.06
52,0.653309854449115,0.472938877862601,0.0,0.0,0.0,0.18037097658651402,0.0,3.848676026278241,0.27,0.06
53,0.5119620908014375,0.49136533681524514,0.0,0.0,0.0,0.020596753986192373,0.0,3.8432558278608226,0.27,0.06
54,0.5119620908014375,0.509304662338838,0.0,0.0,0.0,0.0026574284625995315,0.0,3.842556504581191,0.27,0.06
55,0.4278312121809025,0.4690360404862816,0.0,6.106226635438361e-16,0.04120482830537853,0.0,0.0,3.8523426513037187,0.27,0.06
56,0.4278312121809025,0.44372982555878443,0.0,0.0,0.015898613377881954,0.0,0.0,3.8561185719809656,0.27,0.06
57,0.5241231437338225,0.32715927401943906,0.0,0.0,0.0,0.19696386971438345,0.0,3.8042859746877067,0.27,0.06
58,0.5241231437338225,0.2527751790054343,0.0,-1.6653345369377348e-16,0.0,0.27134796472838807,0.0,3.7328786155486573,0.27,0.06
59,0.48205774429599,0.19389646307793984,0.0,0.0,0.0,0.2881612812180502,0.0,3.657046699438644,0.27,0.06
60,0.48205774429599,0.16628171820654744,0.0,0.0,0.0,0.31577602608944255,0.0,3.5739477452045803,0.27,0.06
61,0.48185840205508,0.1837155800677428,0.0,0.0,0.0,0.2981428219873372,0.0,3.4954891078394916,0.27,0.06
62,0.48185840205508,0.21106439992760082,0.0,0.0,0.0,0.27079400212747917,0.0,3.4242275283322603,0.27,0.06
63,0.3608455206658275,0.17202368068074905,0.0,0.0,0.0,0.18882183998507843,0.0,3.37453757044145,0.27,0.06
64,0.3608455206658275,0.12699667431233463,0.0,0.0,0.0,0.23384884635349285,0.0,3.312998400348426,0.27,0.06
65,0.05023926863630675,0.03240583508965185,0.0,0.0,0.0,0.017833433546654898,0.0,3.3083053915203586,0.27,0.06
66,0.05023926863630675,0.02843670920583528,0.0,0.0,0.0,0.021802559430471467,0.0,3.302567875880761,0.27,0.06
67,0.07994423302840875,0.033097286031314774,0.0,0.0,0.0,0.04684694699709398,0.0,3.2902397319341574,0.27,0.06
68,0.07994423302840875,0.027597118355299474,0.0,0.0,0.0,0.05234711467310928,0.0,3.276464175441234,0.27,0.06
69,0.0657895184523065,0.016603719040010782,0.0,0.0,0.0,0.04918579941229572,0.0,3.2635205440169455,0.27,0.06
70,0.0657895184523065,0.01189733730327208,0.0,0.0,0.0,0.05389218114903442,0.0,3.249338391082989,0.27,0.06
71,0.11523133838010025,0.01146144619554113,0.0,0.0,0.0,0.10376989218455912,0.0,3.2220305247186314,0.27,0.06
72,0.11523133838010025,0.005466424992793814,0.0,0.0,0.0,0.10976491338730643,0.0,3.193145021195656,0.27,0.06
73,0.13636372915568976,0.0,0.0,0.0,0.0,0.13636372915568976,0.0,3.1572598293125793,0.27,0.06
74,0.13636372915568976,0.0,0.0,0.0,0.0,0.13636372915568976,0.0,3.1213746374295033,0.27,0.06
75,0.020135579889948324,0.0,0.0,0.0,0.0,0.020135579889948324,0.0,3.1160758006163594,0.27,0.06
76,0.020135579889948324,0.0,0.0,0.0,0.0,0.020135579889948324,0.0,3.110776963803215,0.27,0.06
77,0.00797448708512805,0.0,0.0,0.0,0.0,0.00797448708512805,0.0,3.1086784145702864,0.27,0.06
78,0.00797448708512805,0.0,0.0,0.0,0.0,0.00797448708512805,0.0,3.1065798653373577,0.27,0.06
79,0.03628391623733275,0.0,0.0,0.0,0.0,0.03628391623733275,0.0,3.0970314663275333,0.27,0.06
80,0.03628391623733275,0.0,0.0,0.0,0.0,0.03628391623733275,0.0,3.087483067317709,0.27,0.06
81,0.03149922398625575,0.0,0.0,0.0,0.0,0.03149922398625575,0.0,3.079193797847642,0.27,0.06
82,0.03149922398625575,0.0,0.0,0.0,0.0,0.03149922398625575,0.0,3.0709045283775747,0.27,0.06
83,0.04286286808256325,0.0,0.0,0.0,0.0,0.04286286808256325,0.0,3.0596248262505843,0.27,0.06
84,0.04286286808256325,0.0,0.0,0.0,0.0,0.04286286808256325,0.0,3.048345124123594,0.27,0.06
85,0.0590112044299475,0.0,0.0,0.0,0.0,0.0590112044299475,0.0,3.0328158597999235,0.27,0.06
86,0.0590112044299475,0.0,0.0,0.0,0.0,0.0590112044299475,0.0,3.017286595476253,0.27,0.06
87,0.04585330073948625,0.0,0.0,0.0,0.0,0.04585330073948625,0.0,3.0052199373869146,0.27,0.06
88,0.04585330073948625,0.0,0.0,0.0,0.0,0.04585330073948625,0.0,2.993153279297576,0.27,0.06
89,0.04764756033364,0.0,0.0,2.7755575615628914e-17,0.0,0.04764756033364003,0.0,2.9806144476308285,0.27,0.06
90,0.04764756033364,0.0,0.0,0.0,0.0,0.04764756033364,0.0,2.9680756159640813,0.27,0.06
91,0.0155502498159997,0.0,0.0,0.0,0.0,0.0155502498159997,0.0,2.963983444959871,0.27,0.06
92,0.0155502498159997,0.0,0.0,0.0,0.0,0.0155502498159997,0.0,2.9598912739556607,0.27,0.06
93,0.00817384926225625,0.0,0.0,3.2959746043559335e-17,0.0,0.008173849262256283,0.0,2.957740260991909,0.27,0.06
94,0.00817384926225625,0.0,0.0,0.0,0.0,0.00817384926225625,0.0,2.955589248028157,0.27,0.06
95,0.018939406827179126,0.0,0.0,-1.0408340855860843e-17,0.0,0.018939406827179116,0.0,2.950605193599952,0.27,0.06
96,0.018939406827179126,0.0,0.0,0.0,0.0,0.018939406827179126,0.0,2.945621139171747,0.27,0.06
97,0.04246414372830675,0.0,0.0,0.0,0.0,0.04246414372830675,0.0,2.934446364506403,0.27,0.06
98,0.04246414372830675,0.0,0.0,0.0,0.0,0.04246414372830675,0.0,2.9232715898410593,0.27,0.06
99,0.04585330073948625,0.0,0.0,0.0,0.0,0.04585330073948625,0.0,2.911204931751721,0.27,0.06
100,0.04585330073948625,0.0,0.0,0.0,0.0,0.04585330073948625,0.0,2.8991382736623823,0.27,0.06
101,0.0350877431745635,0.0,0.0,0.0,0.0,0.0350877431745635,0.0,2.8899046570374973,0.27,0.06
102,0.0350877431745635,0.0,0.0,0.0,0.0,0.0350877431745635,0.0,2.880671040412612,0.27,0.06
103,0.02890751568358925,0.0,0.0,0.0,0.0,0.02890751568358925,0.0,2.8730637994432464,0.27,0.06
104,0.02890751568358925,0.0,0.0,0.0,0.0,0.02890751568358925,0.0,2.865456558473881,0.27,0.06
105,0.035685829705948,0.0,0.0,0.0,0.0,0.035685829705948,0.0,2.8560655506565262,0.27,0.06
106,0.035685829705948,0.0,0.0,0.0,0.0,0.035685829705948,0.0,2.8466745428391715,0.27,0.06
107,0.02212920166123035,0.0,0.0,0.0,0.0,0.02212920166123035,0.0,2.8408510687177952,0.27,0.06
108,0.02212920166123035,0.0,0.0,-2.0816681711721685e-17,0.0,0.02212920166123033,0.0,2.835027594596419,0.27,0.06
109,0.02492027214102515,0.0,0.0,0.0,0.0,0.02492027214102515,0.0,2.8284696282435173,0.27,0.06
110,0.02492027214102515,0.0,0.0,0.0,0.0,0.02492027214102515,0.0,2.821911661890616,0.27,0.06
111,0.021132390775589326,0.0,0.0,0.0,0.0,0.021132390775589326,0.0,2.816350506423356,0.27,0.06
112,0.021132390775589326,0.0,0.0,0.0,0.0,0.021132390775589326,0.0,2.8107893509560955,0.27,0.06
113,0.011961730627692076,0.0,0.0,0.0,0.0,0.011961730627692076,0.0,2.807641527106703,0.27,0.06
114,0.011961730627692076,0.0,0.0,0.0,0.0,0.011961730627692076,0.0,2.8044937032573105,0.27,0.06
115,0.05622013395015275,0.0,0.0,0.0,0.0,0.05622013395015275,0.0,2.789698931165165,0.27,0.06
116,0.05622013395015275,0.0,0.0,0.0,0.0,0.05622013395015275,0.0,2.7749041590730195,0.27,0.06
117,0.043660316791076,0.0,0.0,0.0,0.0,0.043660316791076,0.0,2.763414602022736,0.27,0.06
118,0.043660316791076,0.0,0.0,0.0,0.0,0.043660316791076,0.0,2.751925044972453,0.27,0.06
119,0.0510367173448195,0.0,0.0,0.0,0.0,0.0510367173448195,0.0,2.738494329881711,0.27,0.06
120,0.0510367173448195,0.0,0.0,0.0,0.0,0.0510367173448195,0.0,2.7250636147909693,0.27,0.06
121,0.056419496127281,0.0,0.0,0.0,0.0,0.056419496127281,0.0,2.7102163789680005,0.27,0.06
122,0.056419496127281,0.0,0.0,0.0,0.0,0.056419496127281,0.0,2.6953691431450317,0.27,0.06
123,0.04824564686502475,0.0,0.0,6.938893903907228e-18,0.0,0.048245646865024756,0.0,2.682672920285815,0.27,0.06
124,0.04824564686502475,0.0,0.0,0.0,0.0,0.04824564686502475,0.0,2.669976697426598,0.27,0.06
125,0.05562204741876825,0.0,0.0,0.0,0.0,0.05562204741876825,0.0,2.655339316526922,0.27,0.06
126,0.05562204741876825,0.0,0.0,2.7755575615628914e-17,0.0,0.05562204741876828,0.0,2.640701935627246,0.27,0.06
127,0.0360845540602045,0.0,0.0,0.0,0.0,0.0360845540602045,0.0,2.6312060003482447,0.27,0.06
128,0.0360845540602045,0.0,0.0,0.0,0.0,0.0360845540602045,0.0,2.6217100650692435,0.27,0.06
129,0.02811006697507625,0.0,0.0,0.0,0.0,0.02811006697507625,0.0,2.6143126790231705,0.27,0.06
130,0.02811006697507625,0.0,0.0,0.0,0.0,0.02811006697507625,0.0,2.606915292977098,0.27,0.06
131,0.03987243542564025,0.0038723544748324084,0.0,0.0,0.0,0.03600008095080784,0.0,2.5974415874637273,0.27,0.06
132,0.03987243542564025,0.006823984562964907,0.0,0.0,0.0,0.03304845086267534,0.0,2.5887446267103917,0.27,0.06
133,0.03767945147723,0.006271661458842189,0.0,0.0,0.0,0.03140779001838781,0.0,2.580479418810816,0.27,0.06
134,0.03767945147723,0.009182058611305251,0.0,0.0,0.0,0.028497392865924752,0.0,2.5729801048987304,0.27,0.06
135,0.04186605719692225,0.009377363480702599,0.0,0.0,0.0,0.03248869371621965,0.0,2.56443044865762,0.27,0.06
136,0.04186605719692225,0.009908536558674505,0.0,0.0,0.0,0.03195752063824774,0.0,2.5560205748054496,0.27,0.06
137,0.03767945147723,0.017810431043008376,0.0,0.0,0.0,0.019869020434221625,0.0,2.5507918852174964,0.27,0.06
138,0.03767945147723,0.011385471726528379,0.0,0.0,0.0,0.02629397975070162,0.0,2.5438724168620492,0.27,0.06
139,0.028708153506461,0.010574080121879697,0.0,0.0,0.0,0.0181340733845813,0.0,2.5391002922871593,0.27,0.06
140,0.028708153506461,0.027251401209924076,0.0,3.469446951953614e-18,0.0,0.0014567522965369256,0.0,2.5387169364196494,0.27,0.06
141,0.03548646752881975,0.05791969687295642,0.0,0.0,0.02243322934413667,0.0,0.0,2.544044828388882,0.27,0.06
142,0.03548646752881975,0.08964439795069978,0.0,3.469446951953614e-17,0.054157930421879996,0.0,0.0,2.5569073368640782,0.27,0.06
143,0.392942851119685,0.387507647886229,0.0,0.0,0.0,0.005435203233456032,0.0,2.5554770202236954,0.27,0.06
144,0.392942851119685,0.39250569365824817,0.0,0.0,0.0,0.0004371574614368545,0.0,2.555361978786475,0.27,0.06
145,0.425040161637325,0.4096497718884712,0.0,0.0,0.0,0.015390389748853817,0.0,2.551311876220987,0.27,0.06
146,0.425040161637325,0.5313996560589418,0.0,5.551115123125783e-17,0.10635949442161674,0.0,0.0,2.576572256146121,0.27,0.06
147,0.3608455206658275,0.4749883001935838,0.0,0.0,0.11414277952775631,0.0,0.0,2.603681166283963,0.27,0.06
148,0.3608455206658275,0.4832627415590059,0.0,0.0,0.12241722089317841,0.0,0.0,2.632755256246093,0.27,0.06
149,0.18500810037497076,0.49651285645140647,0.0,0.0,0.3115047560764357,0.0,0.0,2.7067376358142465,0.27,0.06
150,0.18500810037497076,0.5048672209372367,0.0,0.0,0.31985912056226595,0.0,0.0,2.7827041769477847,0.27,0.06
151,0.3327354736269675,0.4857921144707849,0.0,0.0,0.15305664084381743,0.0,0.0,2.8190551291481913,0.27,0.06
152,0.3327354736269675,0.2934066723375957,0.0,0.0,0.0,0.03932880128937177,0.0,2.8087054445983566,0.27,0.06
153,0.1965711066484065,0.26965606229771705,0.0,0.0,0.07308495564931056,0.0,0.0,2.826063121565068,0.27,0.06
154,0.1965711066484065,0.2017601102758633,0.0,0.0,0.005189003627456806,0.0,0.0,2.827295509926589,0.27,0.06
155,0.24302249391927724,0.1793147894949776,0.0,0.0,0.0,0.06370770442429965,0.0,2.8105303245517734,0.27,0.06
156,0.24302249391927724,0.2103113531762278,0.0,0.0,0.0,0.032711140743049455,0.0,2.801922129619392,0.27,0.06
157,0.2561803976097375,0.13428768938943414,0.0,0.0,0.0,0.12189270822030335,0.0,2.7698451011403646,0.27,0.06
158,0.2561803976097375,0.12743397332815568,0.0,0.0,0.0,0.1287464242815818,0.0,2.7359644631715274,0.27,0.06
159,0.210127734693124,0.10674286737642354,0.0,0.0,0.0,0.10338486731670048,0.0,2.7087579191408167,0.27,0.06
160,0.210127734693124,0.09557086677446905,0.0,-1.3877787807814457e-17,0.0,0.11455686791865495,0.0,2.678611374951697,0.27,0.06
161,0.09589320719866475,0.04763842285087415,0.0,0.0,0.0,0.0482547843477906,0.0,2.665912747491752,0.27,0.06
162,0.09589320719866475,0.03583928157173674,0.0,0.0,0.0,0.060053925626928004,0.0,2.6501090828530867,0.27,0.06
163,0.03787881365435825,0.014752229000749162,0.0,0.0,0.0,0.02312658465360909,0.0,2.6440231395231892,0.27,0.06
164,0.03787881365435825,0.011066095708420482,0.0,0.0,0.0,0.026812717945937772,0.0,2.6369671611163636,0.27,0.06
165,0.09190596365610075,0.01580513152798164,0.0,0.0,0.0,0.0761008321281191,0.0,2.6169406263458064,0.27,0.06
166,0.09190596365610075,0.008362430609206007,0.0,0.0,0.0,0.08354353304689474,0.0,2.5949554860703077,0.27,0.06
167,0.012759179336204875,0.0010353999516825247,0.0,0.0,0.0,0.011723779384522352,0.0,2.5918702809691174,0.27,0.06
168,0.012759179336204875,0.0003957417636146752,0.0,0.0,0.0,0.0123634375725902,0.0,2.588616744765804,0.27,0.06
169,0.116826235797126,0.0,0.0,0.0,0.0,0.116826235797126,0.0,2.5578729985034028,0.27,0.06
170,0.116826235797126,0.0,0.0,0.0,0.0,0.116826235797126,0.0,2.527129252241001,0.27,0.06
171,0.021730477306973923,0.0,0.0,-3.469446951953614e-18,0.0,0.02173047730697392,0.0,2.521410705581271,0.27,0.06
172,0.021730477306973923,0.0,0.0,0.0,0.0,0.021730477306973923,0.0,2.5156921589215413,0.27,0.06
173,0.02312601254687135,0.0,0.0,0.0,0.0,0.02312601254687135,0.0,2.509606366146049,0.27,0.06
174,0.02312601254687135,0.0,0.0,0.0,0.0,0.02312601254687135,0.0,2.5035205733705563,0.27,0.06
175,0.02611644520379425,0.0,0.0,0.0,0.0,0.02611644520379425,0.0,2.4966478246327157,0.27,0.06
176,0.02611644520379425,0.0,0.0,0.0,0.0,0.02611644520379425,0.0,2.489775075894875,0.27,0.06
177,0.0143540767532305,0.0,0.0,0.0,0.0,0.0143540767532305,0.0,2.4859976872756038,0.27,0.06
178,0.0143540767532305,0.0,0.0,2.7755575615628914e-17,0.0,0.014354076753230527,0.0,2.4822202986563324,0.27,0.06
179,0.03688200276871725,0.0,0.0,0.0,0.0,0.03688200276871725,0.0,2.4725145084540388,0.27,0.06
180,0.03688200276871725,0.0,0.0,0.0,0.0,0.03688200276871725,0.0,2.4628087182517446,0.27,0.06
181,0.035685829705948,0.0,0.0,0.0,0.0,0.035685829705948,0.0,2.45341771043439,0.27,0.06
182,0.035685829705948,0.0,0.0,0.0,0.0,0.035685829705948,0.0,2.4440267026170353,0.27,0.06
183,0.03389157011179425,0.0,0.0,0.0,0.0,0.03389157011179425,0.0,2.4351078683770893,0.27,0.06
184,0.03389157011179425,0.0,0.0,0.0,0.0,0.03389157011179425,0.0,2.4261890341371433,0.27,0.06
185,0.03249603487189675,0.0,0.0,0.0,0.0,0.03249603487189675,0.0,2.41763744601296,0.27,0.06
186,0.03249603487189675,0.0,0.0,6.938893903907228e-18,0.0,0.032496034871896756,0.0,2.4090858578887766,0.27,0.06
187,0.021730477306973923,0.0,0.0,0.0,0.0,0.021730477306973923,0.0,2.4033673112290463,0.27,0.06
188,0.021730477306973923,0.0,0.0,0.0,0.0,0.021730477306973923,0.0,2.3976487645693165,0.27,0.06
189,0.0179425959415381,0.0,0.0,0.0,0.0,0.0179425959415381,0.0,2.392927028795228,0.27,0.06
190,0.0179425959415381,0.0,0.0,3.469446951953614e-18,0.0,0.017942595941538103,0.0,2.3882052930211386,0.27,0.06
191,0.02232856383835855,0.0,0.0,0.0,0.0,0.02232856383835855,0.0,2.382329355168939,0.27,0.06
192,0.02232856383835855,0.0,0.0,0.0,0.0,0.02232856383835855,0.0,2.3764534173167395,0.27,0.06
193,0.011961730627692076,0.0,0.0,0.0,0.0,0.011961730627692076,0.0,2.373305593467347,0.27,0.06
194,0.011961730627692076,0.0,0.0,0.0,0.0,0.011961730627692076,0.0,2.370157769617954,0.27,0.06
195,0.02232856383835855,0.0,0.0,0.0,0.0,0.02232856383835855,0.0,2.3642818317657546,0.27,0.06
196,0.02232856383835855,0.0,0.0,0.0,0.0,0.02232856383835855,0.0,2.358405893913555,0.27,0.06
197,0.02212920166123035,0.0,0.0,0.0,0.0,0.02212920166123035,0.0,2.3525824197921783,0.27,0.06
198,0.02212920166123035,0.0,0.0,0.0,0.0,0.02212920166123035,0.0,2.346758945670802,0.27,0.06
199,0.02192983948410215,0.0,0.0,3.469446951953614e-18,0.0,0.021929839484102154,0.0,2.340987935280249,0.27,0.06
200,0.02192983948410215,0.0,0.0,0.0,0.0,0.02192983948410215,0.0,2.335216924889696,0.27,0.06
201,0.0253189964952815,0.0,0.0,6.938893903907228e-18,0.0,0.025318996495281507,0.0,2.3285540310751482,0.27,0.06
202,0.0253189964952815,0.0,0.0,0.0,0.0,0.0253189964952815,0.0,2.3218911372606006,0.27,0.06
203,0.014154714576102276,0.0,0.0,0.0,0.0,0.014154714576102276,0.0,2.3181662123721525,0.27,0.06
204,0.014154714576102276,0.0,0.0,0.0,0.0,0.014154714576102276,0.0,2.3144412874837044,0.27,0.06
205,0.018939406827179126,0.0,0.0,0.0,0.0,0.018939406827179126,0.0,2.3094572330554994,0.27,0.06
206,0.018939406827179126,0.0,0.0,0.0,0.0,0.018939406827179126,0.0,2.3044731786272945,0.27,0.06
207,0.018341320295794526,0.0,0.0,0.0,0.0,0.018341320295794526,0.0,2.2996465153915593,0.27,0.06
208,0.018341320295794526,0.0,0.0,0.0,0.0,0.018341320295794526,0.0,2.2948198521558236,0.27,0.06
209,0.021331752952717525,0.0,0.0,0.0,0.0,0.021331752952717525,0.0,2.28920623295774,0.27,0.06
210,0.021331752952717525,0.0,0.0,0.0,0.0,0.021331752952717525,0.0,2.2835926137596565,0.27,0.06
211,0.05721694483579375,0.0,0.0,0.0,0.0,0.05721694483579375,0.0,2.268535523013395,0.27,0.06
212,0.05721694483579375,0.0,0.0,6.938893903907228e-18,0.0,0.05721694483579376,0.0,2.253478432267133,0.27,0.06
213,0.052432252584717,0.0,0.0,0.0,0.0,0.052432252584717,0.0,2.2396804710606286,0.27,0.06
214,0.052432252584717,0.0,0.0,6.938893903907228e-18,0.0,0.05243225258471701,0.0,2.2258825098541246,0.27,0.06
215,0.03748008930010175,0.0,0.0,0.0,0.0,0.03748008930010175,0.0,2.216019328459361,0.27,0.06
216,0.03748008930010175,0.0,0.0,0.0,0.0,0.03748008930010175,0.0,2.206156147064597,0.27,0.06
217,0.0460526629166145,0.0,0.0,0.0,0.0,0.0460526629166145,0.0,2.1940370252444352,0.27,0.06
218,0.0460526629166145,0.0,0.0,0.0,0.0,0.0460526629166145,0.0,2.1819179034242735,0.27,0.06
219,0.0350877431745635,0.0,0.0,6.938893903907228e-18,0.0,0.03508774317456351,0.0,2.172684286799388,0.27,0.06
220,0.0350877431745635,0.0,0.0,0.0,0.0,0.0350877431745635,0.0,2.163450670174503,0.27,0.06
221,0.0460526629166145,0.0,0.0,0.0,0.0,0.0460526629166145,0.0,2.1513315483543414,0.27,0.06
222,0.0460526629166145,0.0,0.0,0.0,0.0,0.0460526629166145,0.0,2.1392124265341796,0.27,0.06
223,0.04126797066553775,0.0,0.0,0.0,0.0,0.04126797066553775,0.0,2.1283524342537747,0.27,0.06
224,0.04126797066553775,0.0,0.0,0.0,0.0,0.04126797066553775,0.0,2.1174924419733703,0.27,0.06
225,0.0340909322889225,0.0,0.0,0.0,0.0,0.0340909322889225,0.0,2.108521144002601,0.27,0.06
226,0.0340909322889225,0.0,0.0,0.0,0.0,0.0340909322889225,0.0,2.0995498460318323,0.27,0.06
227,0.03548646752881975,0.0016757113477004603,0.0,6.938893903907228e-18,0.0,0.0338107561811193,0.0,2.090652278615748,0.27,0.06
228,0.03548646752881975,0.005309145543057541,0.0,0.0,0.0,0.03017732198576221,0.0,2.082710878093179,0.27,0.06
229,0.0153508876388715,0.003170978575088135,0.0,5.204170427930421e-18,0.0,0.01217990906378337,0.0,2.079505638865868,0.27,0.06
230,0.0153508876388715,0.0037454445017907068,0.0,0.0,0.0,0.011605443137080793,0.0,2.0764515748824257,0.27,0.06
231,0.0143540767532305,0.00384964868157523,0.0,0.0,0.0,0.010504428071655268,0.0,2.0736872517056746,0.27,0.06
232,0.0143540767532305,0.005916615083994643,0.0,0.0,0.0,0.008437461669235856,0.0,2.0714668670558756,0.27,0.06
233,0.021531115129845724,0.009501634450560157,0.0,-5.204170427930421e-18,0.0,0.012029480679285562,0.0,2.068301214245537,0.27,0.06
234,0.021531115129845724,0.007738018759700293,0.0,0.0,0.0,0.013793096370145431,0.0,2.064671452042867,0.27,0.06
235,0.0169457850558971,0.006766076702417709,0.0,0.0,0.0,0.01017970835347939,0.0,2.0619925814235303,0.27,0.06
236,0.0169457850558971,0.015124548393920672,0.0,0.0,0.0,0.001821236661976429,0.0,2.061513308617747,0.27,0.06
237,0.02392346125538415,0.024120786930774487,0.0,1.3530843112619095e-16,0.0001973256753902003,0.0,0.0,2.0615601734656526,0.27,0.06
238,0.02392346125538415,0.034863091075080566,0.0,0.0,0.010939629819696414,0.0,0.0,2.0641583355478303,0.27,0.06
239,0.3969301145984675,0.34052487731753356,0.0,0.0,0.0,0.05640523728093394,0.0,2.0493148520528477,0.27,0.06
240,0.3969301145984675,0.36700203338949805,0.0,0.0,0.0,0.029928081208969448,0.0,2.041439041208382,0.27,0.06
241,0.3943383863595825,0.39935472513425946,0.0,0.0,0.005016338774676943,0.0,0.0,2.0426304216673676,0.27,0.06
242,0.3943383863595825,0.36796307219370183,0.0,0.0,0.0,0.02637531416588068,0.0,2.0356895495184517,0.27,0.06
243,0.3423048581291225,0.33073760112135603,0.0,0.0,0.0,0.011567257007766452,0.0,2.032645534516408,0.27,0.06
244,0.3423048581291225,0.3214429484124141,0.0,0.0,0.0,0.02086190971670837,0.0,2.027155558275169,0.27,0.06
245,0.16427443395363775,0.29845311365109295,0.0,0.0,0.1341786796974552,0.0,0.0,2.0590229947033145,0.27,0.06
246,0.16427443395363775,0.3639938684077653,0.0,0.0,0.19971943445412757,0.0,0.0,2.10645636038617,0.27,0.06
247,0.23066201900111125,0.43243906731085674,0.0,0.0,0.2017770483097455,0.0,0.0,2.1543784093597345,0.27,0.06
248,0.23066201900111125,0.3393014054152346,0.0,0.0,0.10863938641412338,0.0,0.0,2.180180263633089,0.27,0.06
249,0.1877991708547655,0.19251488860714822,0.0,-1.6653345369377348e-16,0.004715717752382886,0.0,0.0,2.18130024659928,0.27,0.06
250,0.1877991708547655,0.12683386421457857,0.0,0.0,0.0,0.06096530664018693,0.0,2.1652567448518623,0.27,0.06
251,0.19238450092871426,0.09628914659227672,0.0,0.0,0.0,0.09609535433643754,0.0,2.1399684937106946,0.27,0.06
252,0.19238450092871426,0.11405367088948437,0.0,0.0,0.0,0.07833083003922989,0.0,2.1193551173845813,0.27,0.06
253,0.254386138015585,0.25409013658967994,0.0,0.0,0.0,0.00029600142590507916,0.0,2.119277222272501,0.27,0.06
254,0.254386138015585,0.26310242174179427,0.0,0.0,0.00871628372620925,0.0,0.0,2.121347339657476,0.27,0.06
255,0.1184211332141515,0.15508836624863323,0.0,-2.0816681711721685e-16,0.03666723303448194,0.0,0.0,2.1300558075031653,0.27,0.06
256,0.1184211332141515,0.09796489316276978,0.0,0.0,0.0,0.02045624005138172,0.0,2.124672586437012,0.27,0.06
257,0.04585330073948625,0.0420190811302873,0.0,0.0,0.0,0.003834219609198948,0.0,2.1236635812766966,0.27,0.06
258,0.04585330073948625,0.03823599640198801,0.0,0.0,0.0,0.007617304337498243,0.0,2.1216590275036706,0.27,0.06
259,0.14134778358389474,0.05993020143831157,0.0,0.0,0.0,0.08141758214558317,0.0,2.1002333479916753,0.27,0.06
260,0.14134778358389474,0.053366138197139826,0.0,0.0,0.0,0.08798164538675492,0.0,2.077080283416213,0.27,0.06
261,0.0291068778607175,0.009180420410964008,0.0,0.0,0.0,0.019926457449753493,0.0,2.071836478824173,0.27,0.06
262,0.0291068778607175,0.006023757110909823,0.0,0.0,0.0,0.023083120749807676,0.0,2.065761973363697,0.27,0.06
263,0.0372807271229735,0.006912853056210891,0.0,0.0,0.0,0.03036787406676261,0.0,2.057770427556654,0.27,0.06
264,0.0372807271229735,0.003912258246781029,0.0,6.938893903907228e-18,0.0,0.03336846887619248,0.0,2.0489892515366037,0.27,0.06
265,0.1688597640275865,0.0,0.0,0.0,0.0,0.1688597640275865,0.0,2.0045524715293443,0.27,0.06
266,0.1688597640275865,0.0,0.0,0.0,0.0,0.1688597640275865,0.0,1.9601156915220845,0.27,0.06
267,0.02432218560964055,0.0,0.0,0.0,0.0,0.02432218560964055,0.0,1.9537151163616528,0.27,0.06
268,0.02432218560964055,0.0,0.0,0.0,0.0,0.02432218560964055,0.0,1.9473145412012212,0.27,0.06
269,0.021132390775589326,0.0,0.0,0.0,0.0,0.021132390775589326,0.0,1.9417533857339608,0.27,0.06
270,0.021132390775589326,0.0,0.0,0.0,0.0,0.021132390775589326,0.0,1.9361922302667005,0.27,0.06
271,0.0181419581186663,0.0,0.0,0.0,0.0,0.0181419581186663,0.0,1.9314180307617883,0.27,0.06
272,0.0181419581186663,0.0,0.0,0.0,0.0,0.0181419581186663,0.0,1.926643831256876,0.27,0.06
273,0.06120418837835775,0.0,0.0,-6.938893903907228e-18,0.0,0.06120418837835774,0.0,1.9105374658941503,0.27,0.06
274,0.06120418837835775,0.0,0.0,0.0,0.0,0.06120418837835775,0.0,1.8944311005314247,0.27,0.06
275,0.05761566919005025,0.0,0.0,0.0,0.0,0.05761566919005025,0.0,1.8792690823235167,0.27,0.06
276,0.05761566919005025,0.0,0.0,0.0,0.0,0.05761566919005025,0.0,1.8641070641156088,0.27,0.06
277,0.04764756033364,0.0,0.0,6.938893903907228e-18,0.0,0.04764756033364001,0.0,1.8515682324488614,0.27,0.06
278,0.04764756033364,0.0,0.0,0.0,0.0,0.04764756033364,0.0,1.839029400782114,0.27,0.06
279,0.0679825024007165,0.0,0.0,1.3877787807814457e-17,0.0,0.06798250240071652,0.0,1.8211392685713992,0.27,0.06
280,0.0679825024007165,0.0,0.0,0.0,0.0,0.0679825024007165,0.0,1.8032491363606842,0.27,0.06
281,0.04685011162512725,0.0,0.0,0.0,0.0,0.04685011162512725,0.0,1.7909201596172297,0.27,0.06
282,0.04685011162512725,0.0,0.0,6.938893903907228e-18,0.0,0.046850111625127255,0.0,1.7785911828737753,0.27,0.06
283,0.03748008930010175,0.0,0.0,2.0816681711721685e-17,0.0,0.03748008930010177,0.0,1.7687280014790117,0.27,0.06
284,0.03748008930010175,0.0,0.0,2.0816681711721685e-17,0.0,0.03748008930010177,0.0,1.758864820084248,0.27,0.06
285,0.02611644520379425,0.0,0.0,0.0,0.0,0.02611644520379425,0.0,1.7519920713464074,0.27,0.06
286,0.02611644520379425,0.0,0.0,0.0,0.0,0.02611644520379425,0.0,1.7451193226085668,0.27,0.06
287,0.04126797066553775,0.0,0.0,0.0,0.0,0.04126797066553775,0.0,1.7342593303281624,0.27,0.06
288,0.04126797066553775,0.0,0.0,0.0,0.0,0.04126797066553775,0.0,1.7233993380477577,0.27,0.06
289,0.05661885830440925,0.0,0.0,0.0,0.0,0.05661885830440925,0.0,1.7084996384939657,0.27,0.06
290,0.05661885830440925,0.0,0.0,0.0,0.0,0.05661885830440925,0.0,1.6935999389401737,0.27,0.06
291,0.14094905922963824,0.0,0.0,0.0,0.0,0.14094905922963824,0.0,1.6565080812481636,0.27,0.06
292,0.14094905922963824,0.0,0.06835199837664531,0.0,0.0,0.07259706085299293,0.0,1.6374035915500076,0.27,0.06
293,0.15191397897168926,0.0,0.0,0.0,0.0,0.15191397897168907,0.0,1.597426228662721,0.27,0.06
294,0.15191397897168926,0.0,0.0,0.0,0.0,0.15191397897168926,0.0,1.5574488657754344,0.27,0.06
295,0.056419496127281,0.0,0.0,0.0,0.0,0.056419496127281,0.0,1.5426016299524656,0.27,0.06
296,0.056419496127281,0.0,0.0,0.0,0.0,0.056419496127281,0.0,1.527754394129497,0.27,0.06
297,0.02651516955805075,0.0,0.0,0.0,0.0,0.02651516955805075,0.0,1.52077671793001,0.27,0.06
298,0.02651516955805075,0.0,0.0,0.0,0.0,0.02651516955805075,0.0,1.513799041730523,0.27,0.06
299,0.02511963431815325,0.0,0.0,0.0,0.0,0.02511963431815325,0.0,1.5071886116467985,0.27,0.06
300,0.02511963431815325,0.0,0.0,0.0,0.0,0.02511963431815325,0.0,1.5005781815630739,0.27,0.06
301,0.0153508876388715,0.0,0.0,0.0,0.0,0.0153508876388715,0.0,1.4965384742896868,0.27,0.06
302,0.0153508876388715,0.0,0.0,0.0,0.0,0.0153508876388715,0.0,1.4924987670162995,0.27,0.06
303,0.02472090996389695,0.0,0.0,0.0,0.0,0.02472090996389695,0.0,1.4859932643942213,0.27,0.06
304,0.02472090996389695,0.0,0.0,0.0,0.0,0.02472090996389695,0.0,1.4794877617721431,0.27,0.06
305,0.05123607952194775,0.0,0.0,0.0,0.0,0.05123607952194775,0.0,1.466004582950578,0.27,0.06
306,0.05123607952194775,0.0,0.0,0.0,0.0,0.05123607952194775,0.0,1.4525214041290126,0.27,0.06
307,0.050438630813435,0.0,0.0,0.0,0.0,0.050438630813435,0.0,1.4392480802307404,0.27,0.06
308,0.050438630813435,0.0,0.0,0.0,0.0,0.050438630813435,0.0,1.4259747563324676,0.27,0.06
309,0.05283097693897325,0.0,0.0,0.0,0.0,0.05283097693897325,0.0,1.4120718676643167,0.27,0.06
310,0.05283097693897325,0.0,0.0,0.0,0.0,0.05283097693897295,0.0,1.398168978996166,0.27,0.06
311,0.138756075281228,0.0,0.0,0.0,0.0,0.138756075281228,0.0,1.361654222343211,0.27,0.06
312,0.138756075281228,0.0,0.0,-2.7755575615628914e-17,0.0,0.13875607528122796,0.0,1.3251394656902564,0.27,0.06
313,0.038676262362871,0.0,0.0,0.0,0.0,0.038676262362871,0.0,1.3149615019105534,0.27,0.06
314,0.038676262362871,0.0,0.0,0.0,0.0,0.038676262362871,0.0,1.3047835381308506,0.27,0.06
315,0.052432252584717,0.0,0.0,0.0,0.0,0.052432252584717,0.0,1.2909855769243461,0.27,0.06
316,0.052432252584717,0.0,0.0,0.0,0.0,0.052432252584717,0.0,1.277187615717842,0.27,0.06
317,0.0350877431745635,0.0,0.0,0.0,0.0,0.0350877431745635,0.0,1.2679539990929567,0.27,0.06
318,0.0350877431745635,0.0,0.0,0.0,0.0,0.0350877431745635,0.0,1.2587203824680715,0.27,0.06
319,0.03887562453999925,0.0,0.0,0.0,0.0,0.03887562453999925,0.0,1.2484899549575454,0.27,0.06
320,0.03887562453999925,0.0,0.0,0.0,0.0,0.03887562453999925,0.0,1.2382595274470194,0.27,0.06
321,0.035685829705948,0.0,0.0,0.0,0.0,0.035685829705948,0.0,1.2288685196296645,0.27,0.06
322,0.035685829705948,0.0,0.0,0.0,0.0,0.035685829705948,0.0,1.2194775118123098,0.27,0.06
323,0.02890751568358925,0.0019635608342482365,0.0,2.0816681711721685e-17,0.0,0.026943954849341034,0.0,1.2123869973782726,0.27,0.06
324,0.02890751568358925,0.0027456201489929975,0.0,0.0,0.0,0.026161895534596254,0.0,1.2055022880270632,0.27,0.06
325,0.034689018820307,0.004857501821272801,0.0,0.0,0.0,0.029831516999034198,0.0,1.197651888816791,0.27,0.06
326,0.034689018820307,0.006274669353603826,0.0,0.0,0.0,0.02841434946670317,0.0,1.1901744284308167,0.27,0.06
327,0.035685829705948,0.00956664374198548,0.0,0.0,0.0,0.026119185963962517,0.0,1.1833009584403003,0.27,0.06
328,0.035685829705948,0.010282258793514904,0.0,0.0,0.0,0.025403570912433095,0.0,1.1766158082001863,0.27,0.06
329,0.02691389391230725,0.010166840291421196,0.0,0.0,0.0,0.016747053620886052,0.0,1.1722086888262688,0.27,0.06
330,0.02691389391230725,0.008960228717395768,0.0,1.3877787807814457e-17,0.0,0.017953665194911494,0.0,1.167484040090766,0.27,0.06
331,0.02950560221497375,0.007715789194564019,0.0,0.0,0.0,0.02178981302040973,0.0,1.1617498787696054,0.27,0.06
332,0.02950560221497375,0.015315560891059045,0.0,0.0,0.0,0.014190041323915149,0.0,1.1580156573685751,0.27,0.06
333,0.0157496119931279,0.020460441571329455,0.0,0.0,0.004710829578201556,0.0,0.0,1.159134479393398,0.27,0.06
334,0.0157496119931279,0.02322787495425678,0.0,-3.0878077872387166e-16,0.0074782629611291895,0.0,0.0,1.1609105668466662,0.27,0.06
335,0.152512065503074,0.16278385606643647,0.0,6.661338147750939e-16,0.010271790563361805,0.0,0.0,1.1633501171054645,0.27,0.06
336,0.152512065503074,0.1702575813948318,0.0,0.0,0.017745515891757796,0.0,0.0,1.1675646771297572,0.27,0.06
337,0.16228081218235574,0.1649818403169167,0.0,0.0,0.0027010281345609677,0.0,0.0,1.1682061713117153,0.27,0.06
338,0.16228081218235574,0.162790048646506,0.0,1.3877787807814457e-16,0.0005092364641501312,0.0,0.0,1.168327114971951,0.27,0.06
339,0.1608852769424585,0.15614619926662207,0.0,0.0,0.0,0.004739077675836423,0.0,1.1670799892677834,0.27,0.06
340,0.1608852769424585,0.18679404618335485,0.0,0.0,0.025908769240896357,0.0,0.0,1.1732333219624964,0.27,0.06
341,0.179226597238253,0.25684015550975176,0.0,0.0,0.07761355827149877,0.0,0.0,1.1916665420519774,0.27,0.06
342,0.179226597238253,0.24302000983222763,0.0,0.0,0.06379341259397464,0.0,0.0,1.2068174775430465,0.27,0.06
343,0.18640363561486825,0.19879913349479128,0.0,0.0,0.012395497879923029,0.0,0.0,1.209761408289528,0.27,0.06
344,0.18640363561486825,0.16390892738621332,0.0,0.0,0.0,0.02249470822865493,0.0,1.2038417482293557,0.27,0.06
345,0.18062213247815026,0.12024643790075906,0.0,0.0,0.0,0.06037569457739203,0.0,1.1879534075510947,0.27,0.06
346,0.18062213247815026,0.11599008525909857,0.0,0.0,0.0,0.06463204721905169,0.0,1.170944974072397,0.27,0.06
347,0.18500810037497076,0.10780280038505981,0.0,1.3877787807814457e-17,0.0,0.07720529998991096,0.0,1.1506277898645256,0.27,0.06
348,0.18500810037497076,0.09633734883702595,0.08867075153794524,0.0,0.0,0.0,0.0,1.1506277898645256,0.27,0.06
349,0.17603680240420175,0.16634118736347592,0.0,0.0,0.0,0.00969561504072583,0.0,1.1480763122222293,0.27,0.06
350,0.17603680240420175,0.19234769842346283,0.0,0.0,0.016310896019261084,0.0,0.0,1.151950150026804,0.27,0.06
351,0.08293466568533175,0.08086628405184303,0.0,0.0,0.0,0.002068381633488728,0.0,1.1514058390706225,0.27,0.06
352,0.08293466568533175,0.054416771605586105,0.0,0.0,0.0,0.02851789407974565,0.0,1.1439011301022686,0.27,0.06
353,0.02591708302666625,0.012940040704826825,0.0,0.0,0.0,0.012977042321839424,0.0,1.1404861189649425,0.27,0.06
354,0.02591708302666625,0.006168630565043148,0.0,0.0,0.0,0.0197484524616231,0.0,1.1352891577908308,0.27,0.06
355,0.02292665036974315,0.005553091089562682,0.0,0.0,0.0,0.017373559280180466,0.0,1.130717168506573,0.27,0.06
356,0.02292665036974315,0.004803688234160505,0.0,0.0,0.0,0.018122962135582645,0.0,1.1259479679445774,0.27,0.06
357,0.12200965240245926,0.01656181445299946,0.1054478379494598,0.0,0.0,0.0,0.0,1.1259479679445774,0.27,0.06
358,0.12200965240245926,0.015915510224214245,0.106094142178245,0.0,0.0,0.0,0.0,1.1259479679445774,0.27,0.06
359,0.0175438715872817,0.0012559551984743333,0.0,0.0,0.0,0.016287916388807368,0.0,1.1216616741580492,0.27,0.06
360,0.0175438715872817,0.0004397732697044523,0.0,3.469446951953614e-18,0.0,0.017104098317577254,0.0,1.1171605956534236,0.27,0.06
361,0.074362092068819,0.0,0.074362092068819,0.0,0.0,0.0,0.0,1.1171605956534236,0.27,0.06
362,0.074362092068819,0.0,0.074362092068819,0.0,0.0,0.0,0.0,1.1171605956534236,0.27,0.06
363,0.03748008930010175,0.0,0.03748008930010175,0.0,0.0,0.0,0.0,1.1171605956534238,0.27,0.06
364,0.03748008930010175,0.0,0.03748008930010175,0.0,0.0,0.0,0.0,1.1171605956534236,0.27,0.06
365,0.0370813649458455,0.0,0.0,0.0,0.0,0.0370813649458455,0.0,1.1074023417203065,0.27,0.06
366,0.0370813649458455,0.0,0.0,0.0,0.0,0.0370813649458455,0.0,1.0976440877871894,0.27,0.06
367,0.0679825024007165,0.0,0.0679825024007165,0.0,0.0,0.0,0.0,1.0976440877871894,0.27,0.06
368,0.0679825024007165,0.0,0.0679825024007165,0.0,0.0,0.0,0.0,1.0976440877871894,0.27,0.06
369,0.051634803876204,0.0,0.051634803876204,0.0,0.0,0.0,0.0,1.0976440877871894,0.27,0.06
370,0.051634803876204,0.0,0.051634803876204005,0.0,0.0,-6.938893903907228e-18,0.0,1.0976440877871894,0.27,0.06
371,0.0460526629166145,0.0,0.0460526629166145,0.0,0.0,0.0,0.0,1.0976440877871894,0.27,0.06
372,0.0460526629166145,0.0,0.0460526629166145,0.0,0.0,0.0,0.0,1.0976440877871894,0.27,0.06
373,0.050637992990563,0.0,0.050637992990563,0.0,0.0,0.0,0.0,1.0976440877871894,0.27,0.06
374,0.050637992990563,0.0,0.050637992990563,0.0,0.0,0.0,0.0,1.0976440877871894,0.27,0.06
375,0.0560207717730245,0.0,0.0560207717730245,0.0,0.0,0.0,0.0,1.0976440877871894,0.27,0.06
376,0.0560207717730245,0.0,0.0560207717730245,0.0,0.0,0.0,0.0,1.0976440877871894,0.27,0.06
377,0.071371659411896,0.0,0.071371659411896,0.0,0.0,0.0,0.0,1.0976440877871894,0.27,0.06
378,0.071371659411896,0.0,0.071371659411896,0.0,0.0,0.0,0.0,1.0976440877871894,0.27,0.06
379,0.06519143192092175,0.0,0.06519143192092175,0.0,0.0,0.0,0.0,1.0976440877871894,0.27,0.06
380,0.06519143192092175,0.0,0.06519143192092175,0.0,0.0,0.0,0.0,1.0976440877871894,0.27,0.06
381,0.05083735516769125,0.0,0.05083735516769125,0.0,0.0,0.0,0.0,1.0976440877871894,0.27,0.06
382,0.05083735516769125,0.0,0.05083735516769125,0.0,0.0,0.0,0.0,1.0976440877871894,0.27,0.06
383,0.031698586163384,0.0,0.031698586163384,0.0,0.0,0.0,0.0,1.0976440877871894,0.27,0.06
384,0.031698586163384,0.0,0.031698586163384,0.0,0.0,0.0,0.0,1.0976440877871894,0.27,0.06
385,0.02412282343251235,0.0,0.024122823432512347,0.0,0.0,3.469446951953614e-18,0.0,1.0976440877871894,0.27,0.06
386,0.02412282343251235,0.0,0.024122823432512347,0.0,0.0,3.469446951953614e-18,0.0,1.0976440877871894,0.27,0.06
387,0.045653938562358,0.0,0.045653938562358,0.0,0.0,0.0,0.0,1.0976440877871894,0.27,0.06
388,0.045653938562358,0.0,0.045653938562358,0.0,0.0,0.0,0.0,1.0976440877871894,0.27,0.06
389,0.045653938562358,0.0,0.045653938562358,0.0,0.0,0.0,0.0,1.0976440877871894,0.27,0.06
390,0.045653938562358,0.0,0.045653938562358,0.0,0.0,0.0,0.0,1.0976440877871894,0.27,0.06
391,0.0350877431745635,0.0,0.0,0.0,0.0,0.0350877431745635,0.0,1.0884104711623044,0.27,0.06
392,0.0350877431745635,0.0,0.0,0.0,0.0,0.0350877431745635,0.0,1.0791768545374192,0.27,0.06
393,0.03149922398625575,0.0,0.03149922398625575,0.0,0.0,0.0,0.0,1.0791768545374192,0.27,0.06
394,0.03149922398625575,0.0,0.0,0.0,0.0,0.03149922398625575,0.0,1.0708875850673518,0.27,0.06
395,0.0155502498159997,0.0,0.0155502498159997,0.0,0.0,0.0,0.0,1.0708875850673518,0.27,0.06
396,0.0155502498159997,0.0,0.0155502498159997,0.0,0.0,0.0,0.0,1.0708875850673518,0.27,0.06
397,0.019138769004307325,0.0,0.019138769004307325,0.0,0.0,0.0,0.0,1.0708875850673518,0.27,0.06
398,0.019138769004307325,0.0,0.019138769004307325,0.0,0.0,0.0,0.0,1.0708875850673518,0.27,0.06
399,0.014154714576102276,0.0,0.014154714576102276,0.0,0.0,0.0,0.0,1.0708875850673518,0.27,0.06
400,0.014154714576102276,0.0,0.0,0.0,0.0,0.014154714576102276,0.0,1.067162660178904,0.27,0.06
401,0.013556628044717675,0.0,0.0,-1.0408340855860843e-17,0.0,0.013556628044717665,0.0,1.0635951264829255,0.27,0.06
402,0.013556628044717675,0.0,0.0,0.0,0.0,0.013556628044717675,0.0,1.0600275927869471,0.27,0.06
403,0.02850879132933275,0.0,0.0,0.0,0.0,0.02850879132933275,0.0,1.0525252792792281,0.27,0.06
404,0.02850879132933275,0.0,0.0,0.0,0.0,0.02850879132933275,0.0,1.0450229657715089,0.27,0.06
405,0.0301036887463585,0.0,0.0,0.0,0.0,0.0301036887463585,0.0,1.0371009424172042,0.27,0.06
406,0.0301036887463585,0.0,0.0,0.0,0.0,0.0301036887463585,0.0,1.0291789190628993,0.27,0.06
407,0.0311004996319995,0.0,0.0311004996319995,0.0,0.0,0.0,0.0,1.0291789190628993,0.27,0.06
408,0.0311004996319995,0.0,0.0311004996319995,0.0,0.0,0.0,0.0,1.0291789190628993,0.27,0.06
409,0.05781503136717825,0.0,0.05781503136717825,0.0,0.0,0.0,0.0,1.0291789190628993,0.27,0.06
410,0.05781503136717825,0.0,0.05781503136717825,0.0,0.0,0.0,0.0,1.0291789190628993,0.27,0.06
411,0.141547145761023,0.0,0.141547145761023,0.0,0.0,0.0,0.0,1.0291789190628993,0.27,0.06
412,0.141547145761023,0.0,0.141547145761023,0.0,0.0,0.0,0.0,1.0291789190628993,0.27,0.06
413,0.0360845540602045,0.0,0.0360845540602045,0.0,0.0,0.0,0.0,1.0291789190628993,0.27,0.06
414,0.0360845540602045,0.0,0.0,0.0,0.0,0.0360845540602045,0.0,1.019682983783898,0.27,0.06
415,0.1104466461290235,0.0,0.1104466461290235,0.0,0.0,0.0,0.0,1.019682983783898,0.27,0.06
416,0.1104466461290235,0.0,0.1104466461290235,0.0,0.0,0.0,0.0,1.019682983783898,0.27,0.06
417,0.03588519188307625,0.0,0.0,0.0,0.0,0.03588519188307625,0.0,1.0102395122357202,0.27,0.06
418,0.03588519188307625,0.0,0.03588519188307625,0.0,0.0,0.0,0.0,1.0102395122357202,0.27,0.06
419,0.04086924631128125,0.002263914446595201,0.038605331864686045,0.0,0.0,0.0,0.0,1.0102395122357202,0.27,0.06
420,0.04086924631128125,0.0038302323911929997,0.03703901392008825,0.0,0.0,0.0,0.0,1.0102395122357202,0.27,0.06
421,0.0273126182665635,0.003694508562354285,0.02361810970420899,0.0,0.0,8.43769498715119e-16,0.0,1.01023951223572,0.27,0.06
422,0.0273126182665635,0.005276648954491638,0.022035969312071864,0.0,0.0,0.0,0.0,1.01023951223572,0.27,0.06
423,0.03050241310061475,0.0067163533925484065,0.023786059708066347,0.0,0.0,0.0,0.0,1.01023951223572,0.27,0.06
424,0.03050241310061475,0.007646650294472897,0.022855762806141853,0.0,0.0,0.0,0.0,1.01023951223572,0.27,0.06
425,0.0165470607016407,0.004222650385142633,0.0,0.0,0.0,0.012324410316498067,0.0,1.0069962463629574,0.27,0.06
426,0.0165470607016407,0.004130021823422332,0.0,0.0,0.0,0.012417038878218368,0.0,1.0037286045529,0.27,0.06
427,0.011762368450563875,0.00343360166656714,0.0,0.0,0.0,0.008328766783996735,0.0,1.001536823820269,0.27,0.06
428,0.011762368450563875,0.005922437933540921,0.0,0.0,0.0,0.005839930517022954,0.0,1.0,0.27,0.06
429,0.02771134262082,0.04581058646523184,0.0,5.551115123125783e-17,0.018099243844411785,0.0,0.0,1.0042985704130478,0.27,0.06
430,0.02771134262082,0.08683185247085982,0.0,0.0,0.059120509850039825,0.0,0.0,1.0183396915024323,0.27,0.06
431,0.15291078985733025,0.20809899201448676,0.0,0.0,0.0551882021571565,0.0,0.0,1.0314468895147568,0.27,0.06
432,0.15291078985733025,0.20564848587164472,0.0,0.0,0.05273769601431447,0.0,0.0,1.0439720923181566,0.27,0.06
433,0.14832545978338174,0.3542188791062849,0.0,0.0,0.20589341932290317,0.0,0.0,1.0928717794073461,0.27,0.06
434,0.14832545978338174,0.2520720945834255,0.0,0.0,0.10374663480004376,0.0,0.0,1.1175116051723566,0.27,0.06
435,0.155502498159997,0.2772723125058161,0.0,0.0,0.12176981434581907,0.0,0.0,1.1464319360794886,0.27,0.06
436,0.155502498159997,0.36399385826900504,0.0,0.0,0.20849136010900804,0.0,0.0,1.195948634105378,0.27,0.06
437,0.1531101520344585,0.4355215365207821,0.0,2.220446049250313e-16,0.2824113844863234,0.0,0.0,1.26302133792088,0.27,0.06
438,0.1531101520344585,0.5312152747818012,0.0,5.551115123125783e-17,0.37810512274734265,0.0,0.0,1.3528213045733737,0.27,0.06
439,0.1678629531419455,0.5694686256492852,0.0,1.6653345369377348e-16,0.4016056725073396,0.0,0.0,1.4482026517938669,0.27,0.06
440,0.1678629531419455,0.40533153145962575,0.0,4.996003610813204e-16,0.23746857831767976,0.0,0.0,1.5046014391443157,0.27,0.06
441,0.1798246837696375,0.2730334253832933,0.0,0.0,0.09320874161365578,0.0,0.0,1.526738515277559,0.27,0.06
442,0.1798246837696375,0.20784042023591245,0.0,0.0,0.02801573646627495,0.0,0.0,1.5333922526882993,0.27,0.06
443,0.17842914852974026,0.16734614279416007,0.0,0.0,0.0,0.011083005735580187,0.0,1.5304756722315676,0.27,0.06
444,0.17842914852974026,0.16013067902199993,0.0,0.0,0.0,0.018298469507740334,0.0,1.5256602855190045,0.27,0.06
445,0.1818183055409195,0.2027028094680234,0.0,0.0,0.02088450392710392,0.0,0.0,1.5306203552016917,0.27,0.06
446,0.1818183055409195,0.1919447850990406,0.0,2.498001805406602e-16,0.010126479558120849,0.0,0.0,1.5330253940967453,0.27,0.06
447,0.17165083450738125,0.10623270102078144,0.0,0.0,0.0,0.0654181334865998,0.0,1.5158100958107978,0.27,0.06
448,0.17165083450738125,0.08259190257233905,0.0,1.3877787807814457e-17,0.0,0.08905893193504222,0.0,1.4923735347752605,0.27,0.06
449,0.16846103967333,0.06803411677618985,0.0,1.3877787807814457e-17,0.0,0.10042692289714017,0.0,1.46594539717075,0.27,0.06
450,0.16846103967333,0.06223517663827868,0.0,0.0,0.0,0.10622586303505133,0.0,1.4379912226878417,0.27,0.06
451,0.17324573192440676,0.054538005662254106,0.11870772626215265,0.0,0.0,0.0,0.0,1.4379912226878417,0.27,0.06
452,0.17324573192440676,0.04186909424506641,0.03183540199037839,0.0,0.0,0.09954123568896196,0.0,1.4117961606644307,0.27,0.06
453,0.03987243542564025,0.0074832742730654754,0.03238916115257477,0.0,0.0,0.0,0.0,1.4117961606644307,0.27,0.06
454,0.03987243542564025,0.004666540616004824,0.0,0.0,0.0,0.03520589480963543,0.0,1.4025314515040004,0.27,0.06
455,0.086323822696511,0.006660393642134116,0.07966342905437689,0.0,0.0,0.0,0.0,1.4025314515040004,0.27,0.06
456,0.086323822696511,0.0035112521203563922,0.0828125705761546,0.0,0.0,0.0,0.0,1.4025314515040004,0.27,0.06
457,0.07655507601722925,5.221633965062616e-05,0.07650285967757862,0.0,0.0,0.0,0.0,1.4025314515040004,0.27,0.06
458,0.07655507601722925,0.0,0.07655507601722922,0.0,0.0,0.0,0.0,1.4025314515040004,0.27,0.06
459,0.046650749447999,0.0,0.0,0.0,0.0,0.046650749447999,0.0,1.390254938491369,0.27,0.06
460,0.046650749447999,0.0,0.0,0.0,0.0,0.046650749447999,0.0,1.3779784254787377,0.27,0.06
461,0.04764756033364,0.0,0.0,0.0,0.0,0.04764756033364,0.0,1.3654395938119905,0.27,0.06
462,0.04764756033364,0.0,0.0,0.0,0.0,0.04764756033364,0.0,1.3529007621452431,0.27,0.06
463,0.05622013395015275,0.0,0.0,0.0,0.0,0.05622013395015275,0.0,1.3381059900530976,0.27,0.06
464,0.05622013395015275,0.0,0.0,-4.163336342344337e-17,0.0,0.056220133950152705,0.0,1.3233112179609523,0.27,0.06
465,0.04685011162512725,0.0,0.0,0.0,0.0,0.04685011162512725,0.0,1.3109822412174978,0.27,0.06
466,0.04685011162512725,0.0,0.0,0.0,0.0,0.04685011162512725,0.0,1.2986532644740432,0.27,0.06
467,0.021132390775589326,0.0,0.0,0.0,0.0,0.021132390775589326,0.0,1.2930921090067828,0.27,0.06
468,0.021132390775589326,0.0,0.0,0.0,0.0,0.021132390775589326,0.0,1.2875309535395225,0.27,0.06
469,0.0149521632846151,0.0,0.0,0.0,0.0,0.0149521632846151,0.0,1.2835961737277817,0.27,0.06
470,0.0149521632846151,0.0,0.0,0.0,0.0,0.0149521632846151,0.0,1.2796613939160408,0.27,0.06
471,0.0145534389303587,0.0,0.0,0.0,0.0,0.0145534389303587,0.0,1.2758315415659465,0.27,0.06
472,0.0145534389303587,0.0,0.0,0.0,0.0,0.0145534389303587,0.0,1.272001689215852,0.27,0.06
473,0.00937002232502545,0.0,0.0,0.0,0.0,0.00937002232502545,0.0,1.269535893867161,0.27,0.06
474,0.00937002232502545,0.0,0.0,0.0,0.0,0.00937002232502545,0.0,1.2670700985184702,0.27,0.06
475,0.02492027214102515,0.0,0.0,0.0,0.0,0.02492027214102515,0.0,1.2605121321655688,0.27,0.06
476,0.02492027214102515,0.0,0.0,0.0,0.0,0.02492027214102515,0.0,1.2539541658126676,0.27,0.06
477,0.05462523653312725,0.0,0.0,0.0,0.0,0.05462523653312725,0.0,1.2395791035671078,0.27,0.06
478,0.05462523653312725,0.0,0.0,0.0,0.0,0.05462523653312725,0.0,1.225204041321548,0.27,0.06
479,0.063397172326768,0.0,0.0,0.0,0.0,0.063397172326768,0.0,1.2085205749197667,0.27,0.06
480,0.063397172326768,0.0,0.0,0.0,0.0,0.063397172326768,0.0,1.1918371085179857,0.27,0.06
481,0.0410686084884095,0.0,0.0,1.3877787807814457e-17,0.0,0.041068608488409514,0.0,1.1810295799684043,0.27,0.06
482,0.0410686084884095,0.0,0.0,0.0,0.0,0.0410686084884095,0.0,1.1702220514188229,0.27,0.06
483,0.03528710535169175,0.0,0.0,0.0,0.0,0.03528710535169175,0.0,1.1609359710631144,0.27,0.06
484,0.03528710535169175,0.0,0.03528710535169176,0.0,0.0,-6.938893903907228e-18,0.0,1.1609359710631144,0.27,0.06
485,0.035685829705948,0.0,0.035685829705948,0.0,0.0,0.0,0.0,1.1609359710631144,0.27,0.06
486,0.035685829705948,0.0,0.035685829705948,0.0,0.0,0.0,0.0,1.1609359710631144,0.27,0.06
487,0.0440590411453325,0.0,0.0440590411453325,0.0,0.0,0.0,0.0,1.1609359710631144,0.27,0.06
488,0.0440590411453325,0.0,0.0,0.0,0.0,0.0440590411453325,0.0,1.1493414865511848,0.27,0.06
489,0.02890751568358925,0.0,0.0,0.0,0.0,0.02890751568358925,0.0,1.1417342455818194,0.27,0.06
490,0.02890751568358925,0.0,0.0,0.0,0.0,0.02890751568358925,0.0,1.1341270046124539,0.27,0.06
491,0.02492027214102515,0.0,0.0,0.0,0.0,0.02492027214102515,0.0,1.1275690382595525,0.27,0.06
492,0.02492027214102515,0.0,0.0,6.938893903907228e-18,0.0,0.024920272141025157,0.0,1.121011071906651,0.27,0.06
493,0.0301036887463585,0.0,0.0,0.0,0.0,0.0301036887463585,0.0,1.1130890485523461,0.27,0.06
494,0.0301036887463585,0.0,0.0,0.0,0.0,0.0301036887463585,0.0,1.1051670251980412,0.27,0.06
495,0.02272728819261495,0.0,0.0,0.0,0.0,0.02272728819261495,0.0,1.0991861598841952,0.27,0.06
496,0.02272728819261495,0.0,0.02272728819261495,0.0,0.0,0.0,0.0,1.0991861598841952,0.27,0.06
497,0.020135579889948324,0.0,0.020135579889948296,0.0,0.0,0.0,0.0,1.0991861598841952,0.27,0.06
498,0.020135579889948324,0.0,0.020135579889948324,0.0,0.0,0.0,0.0,1.0991861598841954,0.27,0.06
499,0.02492027214102515,0.0,0.02492027214102515,0.0,0.0,0.0,0.0,1.0991861598841954,0.27,0.06
500,0.02492027214102515,0.0,0.02492027214102515,0.0,0.0,0.0,0.0,1.0991861598841954,0.27,0.06
501,0.04246414372830675,0.0,0.0,0.0,0.0,0.04246414372830675,0.0,1.0880113852188515,0.27,0.06
502,0.04246414372830675,0.0,0.042464143728306765,0.0,0.0,-1.3877787807814457e-17,0.0,1.0880113852188515,0.27,0.06
503,0.03249603487189675,0.0,0.0,-6.938893903907228e-18,0.0,0.03249603487189674,0.0,1.0794597970946682,0.27,0.06
504,0.03249603487189675,0.0,0.0,0.0,0.0,0.03249603487189675,0.0,1.0709082089704849,0.27,0.06
505,0.02950560221497375,0.0,0.0,0.0,0.0,0.02950560221497375,0.0,1.0631435768086497,0.27,0.06
506,0.02950560221497375,0.0,0.0,0.0,0.0,0.02950560221497375,0.0,1.0553789446468145,0.27,0.06
507,0.0311004996319995,0.0,0.0,0.0,0.0,0.0311004996319995,0.0,1.0471946026383936,0.27,0.06
508,0.0311004996319995,0.0,0.0,0.0,0.0,0.0311004996319995,0.0,1.0390102606299727,0.27,0.06
509,0.025717720849538,0.0,0.02571772084953799,0.0,0.0,6.938893903907228e-18,0.0,1.0390102606299727,0.27,0.06
510,0.025717720849538,0.0,0.025717720849538,0.0,0.0,0.0,0.0,1.0390102606299725,0.27,0.06
511,0.0291068778607175,0.0,0.0291068778607175,0.0,0.0,0.0,0.0,1.0390102606299725,0.27,0.06
512,0.0291068778607175,0.0,0.0291068778607175,0.0,0.0,0.0,0.0,1.0390102606299725,0.27,0.06
513,0.0283094291522045,0.0,0.0283094291522045,0.0,0.0,0.0,0.0,1.0390102606299725,0.27,0.06
514,0.0283094291522045,0.0,0.0,0.0,0.0,0.0283094291522045,0.0,1.0315604108530765,0.27,0.06
515,0.02950560221497375,0.002595026323106897,0.0,0.0,0.0,0.026910575891866854,0.0,1.0244786803552168,0.27,0.06
516,0.02950560221497375,0.005808190297350987,0.0,3.469446951953614e-18,0.0,0.023697411917622768,0.0,1.0182425193242635,0.27,0.06
517,0.032695397049025,0.010500638668025622,0.0,0.0,0.0,0.02219475838099938,0.0,1.0124017934345269,0.27,0.06
518,0.032695397049025,0.017336189878057684,0.0,6.938893903907228e-18,0.0,0.015359207170967323,0.0,1.008359896810588,0.27,0.06
519,0.0159489741702561,0.006051063191345129,0.0,1.3877787807814457e-17,0.0,0.009897910978910983,0.0,1.0057551833950853,0.27,0.06
520,0.0159489741702561,0.004699835105493006,0.0,0.0,0.0,0.011249139064763092,0.0,1.0027948836412002,0.27,0.06
521,0.021331752952717525,0.011212968160224051,0.010118784792493507,0.0,0.0,0.0,0.0,1.0027948836412002,0.27,0.06
522,0.021331752952717525,0.011368974918342108,0.0,0.0,0.0,0.009962778034375418,0.0,1.0001730999479435,0.27,0.06
523,0.02890751568358925,0.011792784942792813,0.017114730740796436,0.0,0.0,0.0,0.0,1.0001730999479435,0.27,0.06
524,0.02890751568358925,0.01731119098850657,0.01159632469508268,0.0,0.0,0.0,0.0,1.0001730999479435,0.27,0.06
525,0.0165470607016407,0.01588928089945571,0.0,0.0,0.0,0.0006577798021849893,0.0,1.0,0.27,0.06
526,0.0165470607016407,0.01927244797311618,0.0,3.469446951953614e-18,0.0027253872714754768,0.0,0.0,1.0006472794769754,0.27,0.06
527,0.16068591476533026,0.17908508314305208,0.0,0.0,0.01839916837772182,0.0,0.0,1.0050170819666844,0.27,0.06
528,0.16068591476533026,0.23775026947393338,0.0,0.0,0.07706435470860312,0.0,0.0,1.0233198662099776,0.27,0.06
529,0.161483363473843,0.16636264918529653,0.0,5.551115123125783e-17,0.004879285711453463,0.0,0.0,1.0244786965664479,0.27,0.06
530,0.161483363473843,0.15132878048112647,0.0,0.0,0.0,0.010154582992716543,0.0,1.021806437884154,0.27,0.06
531,0.1628788987137405,0.1860013809637609,0.0,0.0,0.023122482250020393,0.0,0.0,1.027298027418534,0.27,0.06
532,0.1628788987137405,0.2147488510880764,0.0,1.1102230246251565e-16,0.05186995237433578,0.0,0.0,1.0396171411074386,0.27,0.06
533,0.16866040185045825,0.298893301815667,0.0,0.0,0.13023289996520873,0.0,0.0,1.0705474548491756,0.27,0.06
534,0.16866040185045825,0.3490098888548938,0.0,0.0,0.18034948700443557,0.0,0.0,1.1133804580127291,0.27,0.06
535,0.16626805572491976,0.321468643018028,0.0,0.0,0.15520058729310826,0.0,0.0,1.1502405974948424,0.27,0.06
536,0.16626805572491976,0.19018776377661542,0.0,0.0,0.02391970805169566,0.0,0.0,1.15592152815712,0.27,0.06
537,0.17523935369568874,0.15653295789286703,0.0,0.0,0.0,0.018706395802821713,0.0,1.1509987924195353,0.27,0.06
538,0.17523935369568874,0.1505923863444841,0.0,0.0,0.0,0.02464696735120464,0.0,1.1445127483797446,0.27,0.06
539,0.18799853303189376,0.15396159703358991,0.0,0.0,0.0,0.03403693599830385,0.0,1.1355556599591383,0.27,0.06
540,0.18799853303189376,0.1443804208860776,0.0,0.0,0.0,0.04361811214581615,0.0,1.1240772093944498,0.27,0.06
541,0.1828151164265605,0.16178790617912264,0.0,0.0,0.0,0.021027210247437866,0.0,1.118543733013545,0.27,0.06
542,0.1828151164265605,0.1573020386425005,0.0,0.0,0.0,0.025513077784060006,0.0,1.1118297651756346,0.27,0.06
543,0.1858055490834835,0.15531240005900127,0.030493149024482247,0.0,0.0,0.0,0.0,1.1118297651756346,0.27,0.06
544,0.1858055490834835,0.1498571716594111,0.0,0.0,0.0,0.03594837742407242,0.0,1.1023696658535103,0.27,0.06
545,0.1848087381978425,0.12572322294715543,0.04201012182116992,0.0,0.0,0.01707539342951714,0.0,1.0978761412667952,0.27,0.06
546,0.1848087381978425,0.10596850547225832,0.07884023272558417,0.0,0.0,0.0,0.0,1.0978761412667952,0.27,0.06
547,0.174441904987176,0.08753384037701274,0.08690806461016325,0.0,0.0,8.43769498715119e-16,0.0,1.097876141266795,0.27,0.06
548,0.174441904987176,0.06123088922130342,0.11321101576587257,0.0,0.0,0.0,0.0,1.097876141266795,0.27,0.06
549,0.17543871587281726,0.040251005755455024,0.13518771011736225,0.0,0.0,0.0,0.0,1.097876141266795,0.27,0.06
550,0.17543871587281726,0.02701892378483073,0.14841979208798653,0.0,0.0,0.0,0.0,1.097876141266795,0.27,0.06
551,0.060406739669845,0.006691293007240112,0.0,0.0,0.0,0.05371544666260489,0.0,1.083740497408215,0.27,0.06
552,0.060406739669845,0.001808425598732649,0.05859831407111235,0.0,0.0,0.0,0.0,1.083740497408215,0.27,0.06
553,0.11662687361999775,0.0,0.11662687361999775,0.0,0.0,0.0,0.0,1.083740497408215,0.27,0.06
554,0.11662687361999775,0.0,0.11662687361999775,0.0,0.0,0.0,0.0,1.083740497408215,0.27,0.06
555,0.029704964392102,0.0,0.0,-3.469446951953614e-18,0.0,0.029704964392101997,0.0,1.0759234015155565,0.27,0.06
556,0.029704964392102,0.0,0.0,0.0,0.0,0.029704964392102,0.0,1.068106305622898,0.27,0.06
557,0.02432218560964055,0.0,0.0,0.0,0.0,0.02432218560964055,0.0,1.0617057304624664,0.27,0.06
558,0.02432218560964055,0.0,0.0,0.0,0.0,0.02432218560964055,0.0,1.0553051553020347,0.27,0.06
559,0.04027115977989675,0.0,0.04027115977989675,0.0,0.0,0.0,0.0,1.0553051553020347,0.27,0.06
560,0.04027115977989675,0.0,0.0,0.0,0.0,0.04027115977989713,0.0,1.044707481675746,0.27,0.06
561,0.0627990857953835,0.0,0.06279908579538349,0.0,0.0,1.3877787807814457e-17,0.0,1.044707481675746,0.27,0.06
562,0.0627990857953835,0.0,0.06279908579538349,0.0,0.0,1.3877787807814457e-17,0.0,1.044707481675746,0.27,0.06
563,0.04764756033364,0.0,0.04764756033364,0.0,0.0,0.0,0.0,1.044707481675746,0.27,0.06
564,0.04764756033364,0.0,0.04764756033364,0.0,0.0,0.0,0.0,1.044707481675746,0.27,0.06
565,0.05661885830440925,0.0,0.05661885830440925,0.0,0.0,0.0,0.0,1.044707481675746,0.27,0.06
566,0.05661885830440925,0.0,0.05661885830440925,0.0,0.0,0.0,0.0,1.044707481675746,0.27,0.06
567,0.0450558520309735,0.0,0.0450558520309735,0.0,0.0,0.0,0.0,1.044707481675746,0.27,0.06
568,0.0450558520309735,0.0,0.0450558520309735,0.0,0.0,0.0,0.0,1.044707481675746,0.27,0.06
569,0.0410686084884095,0.0,0.0410686084884095,0.0,0.0,0.0,0.0,1.044707481675746,0.27,0.06
570,0.0410686084884095,0.0,0.0410686084884095,0.0,0.0,0.0,0.0,1.044707481675746,0.27,0.06
571,0.0322966726947685,0.0,0.0322966726947685,0.0,0.0,0.0,0.0,1.044707481675746,0.27,0.06
572,0.0322966726947685,0.0,0.0322966726947685,0.0,0.0,0.0,0.0,1.044707481675746,0.27,0.06
573,0.020334942067076527,0.0,0.020334942067076527,0.0,0.0,0.0,0.0,1.044707481675746,0.27,0.06
574,0.020334942067076527,0.0,0.020334942067076523,0.0,0.0,3.469446951953614e-18,0.0,1.044707481675746,0.27,0.06
575,0.0167464228787689,0.0,0.0167464228787689,0.0,0.0,0.0,0.0,1.044707481675746,0.27,0.06
576,0.0167464228787689,0.0,0.0167464228787689,0.0,0.0,0.0,0.0,1.044707481675746,0.27,0.06
577,0.0311004996319995,0.0,0.0311004996319995,0.0,0.0,0.0,0.0,1.044707481675746,0.27,0.06
578,0.0311004996319995,0.0,0.0311004996319995,0.0,0.0,0.0,0.0,1.044707481675746,0.27,0.06
579,0.13456946956153576,0.0,0.13456946956153576,0.0,0.0,0.0,0.0,1.044707481675746,0.27,0.06
580,0.13456946956153576,0.0,0.13456946956153576,0.0,0.0,0.0,0.0,1.044707481675746,0.27,0.06
581,0.1738438184557915,0.0,0.1738438184557915,0.0,0.0,0.0,0.0,1.044707481675746,0.27,0.06
582,0.1738438184557915,0.0,0.1738438184557915,0.0,0.0,0.0,0.0,1.044707481675746,0.27,0.06
583,0.04924245775066575,0.0,0.04924245775066576,0.0,0.0,-1.3877787807814457e-17,0.0,1.044707481675746,0.27,0.06
584,0.04924245775066575,0.0,0.04924245775066575,0.0,0.0,0.0,0.0,1.044707481675746,0.27,0.06
585,0.04286286808256325,0.0,0.04286286808256325,0.0,0.0,0.0,0.0,1.044707481675746,0.27,0.06
586,0.04286286808256325,0.0,0.04286286808256325,0.0,0.0,0.0,0.0,1.044707481675746,0.27,0.06
587,0.04047052195702475,0.0,0.04047052195702475,0.0,0.0,0.0,0.0,1.044707481675746,0.27,0.06
588,0.04047052195702475,0.0,0.040470521957024747,0.0,0.0,6.938893903907228e-18,0.0,1.044707481675746,0.27,0.06
589,0.0167464228787689,0.0,0.0167464228787689,0.0,0.0,0.0,0.0,1.044707481675746,0.27,0.06
590,0.0167464228787689,0.0,0.0,0.0,0.0,0.0167464228787689,0.0,1.0403005282865962,0.27,0.06
591,0.02232856383835855,0.0,0.0,0.0,0.0,0.02232856383835855,0.0,1.0344245904343967,0.27,0.06
592,0.02232856383835855,0.0,0.02232856383835855,0.0,0.0,0.0,0.0,1.0344245904343967,0.27,0.06
593,0.0155502498159997,0.0,0.0,0.0,0.0,0.0155502498159997,0.0,1.0303324194301864,0.27,0.06
594,0.0155502498159997,0.0,0.0,3.469446951953614e-18,0.0,0.015550249815999704,0.0,1.0262402484259758,0.27,0.06
595,0.0322966726947685,0.0,0.0322966726947685,0.0,0.0,0.0,0.0,1.0262402484259758,0.27,0.06
596,0.0322966726947685,0.0,0.0322966726947685,0.0,0.0,0.0,0.0,1.0262402484259758,0.27,0.06
597,0.04047052195702475,0.0,0.04047052195702475,0.0,0.0,0.0,0.0,1.0262402484259758,0.27,0.06
598,0.04047052195702475,0.0,0.040470521957024747,0.0,0.0,6.938893903907228e-18,0.0,1.0262402484259758,0.27,0.06
599,0.021331752952717525,0.0,0.021331752952717525,0.0,0.0,0.0,0.0,1.0262402484259758,0.27,0.06
600,0.021331752952717525,0.0,0.021331752952717525,0.0,0.0,0.0,0.0,1.0262402484259758,0.27,0.06
601,0.019936217712820125,0.0,0.019936217712820125,0.0,0.0,0.0,0.0,1.0262402484259758,0.27,0.06
602,0.019936217712820125,0.0,0.019936217712820125,0.0,0.0,0.0,0.0,1.0262402484259758,0.27,0.06
603,0.021331752952717525,0.0,0.0,-3.469446951953614e-18,0.0,0.021331752952717522,0.0,1.0206266292278923,0.27,0.06
604,0.021331752952717525,0.0,0.0,0.0,0.0,0.021331752952717525,0.0,1.0150130100298087,0.27,0.06
605,0.02352473690112775,0.0,0.0,0.0,0.0,0.02352473690112775,0.0,1.0088222897926697,0.27,0.06
606,0.02352473690112775,0.0,0.02352473690112775,0.0,0.0,0.0,0.0,1.0088222897926697,0.27,0.06
607,0.04027115977989675,0.0,0.04027115977989675,0.0,0.0,0.0,0.0,1.0088222897926697,0.27,0.06
608,0.04027115977989675,0.0,0.04027115977989675,0.0,0.0,0.0,0.0,1.0088222897926697,0.27,0.06
609,0.04984054428205025,0.0,0.04984054428205025,0.0,0.0,0.0,0.0,1.0088222897926697,0.27,0.06
610,0.04984054428205025,0.0,0.04984054428205025,0.0,0.0,0.0,0.0,1.0088222897926697,0.27,0.06
611,0.03887562453999925,0.0,0.03887562453999922,0.0,0.0,2.7755575615628914e-17,0.0,1.0088222897926697,0.27,0.06
612,0.03887562453999925,0.0,0.03887562453999925,0.0,0.0,0.0,0.0,1.0088222897926697,0.27,0.06
613,0.0400717976027685,0.0037671182002750347,0.03630467940249347,0.0,0.0,0.0,0.0,1.0088222897926697,0.27,0.06
614,0.0400717976027685,0.008112187010810715,0.03195961059195779,0.0,0.0,0.0,0.0,1.0088222897926697,0.27,0.06
615,0.04784692251076825,0.0077115569614716615,0.04013536554929659,0.0,0.0,0.0,0.0,1.0088222897926697,0.27,0.06
616,0.04784692251076825,0.004774510326807479,0.04307241218396077,0.0,0.0,0.0,0.0,1.0088222897926697,0.27,0.06
617,0.0340909322889225,0.004296367532840627,0.029794564756081873,0.0,0.0,0.0,0.0,1.0088222897926697,0.27,0.06
618,0.0340909322889225,0.011098167804332903,0.022992764484589596,0.0,0.0,0.0,0.0,1.0088222897926697,0.27,0.06
619,0.0293062400378455,0.015429379613265272,0.0,0.0,0.0,0.013876860424580226,0.0,1.0051704844177802,0.27,0.06
620,0.0293062400378455,0.01718472994686964,0.0,0.0,0.0,0.012121510090975857,0.0,1.0019806133412077,0.27,0.06
621,0.0330941214032815,0.025567790706691976,0.0,0.0,0.0,0.007526330696589527,0.0,1.0,0.27,0.06
622,0.0330941214032815,0.04142582370106218,0.0,0.0,0.008331702297780678,0.0,0.0,1.0019787792957229,0.27,0.06
623,0.268740214768815,0.267112545020293,0.0,0.0,0.0,0.0016276697485217984,0.0,1.001550445151375,0.27,0.06
624,0.268740214768815,0.28219417110701517,0.0,0.0,0.01345395633820018,0.0,0.0,1.0047457597816976,0.27,0.06
625,0.2691389391230725,0.356755753554479,0.0,0.0,0.08761681443140651,0.0,0.0,1.0255547532091567,0.27,0.06
626,0.2691389391230725,0.39471718711518683,0.0,0.0,0.1255782479921143,0.0,0.0,1.0553795871072837,0.27,0.06
627,0.279904496687995,0.29187296391375295,0.0,0.0,0.01196846722575795,0.0,0.0,1.0582220980734012,0.27,0.06
628,0.279904496687995,0.245639729784614,0.0,0.0,0.0,0.03426476690338098,0.0,1.0492050541514588,0.27,0.06
629,0.2791070479794825,0.1608387119991701,0.11826833598031239,0.0,0.0,0.0,0.0,1.0492050541514588,0.27,0.06
630,0.2791070479794825,0.09588407506062507,0.18322297291885742,0.0,0.0,0.0,0.0,1.0492050541514588,0.27,0.06
631,0.283293653699175,0.08364016479622895,0.15945788116436366,0.0,0.0,0.04019560773858238,0.0,1.0386272626413056,0.27,0.06
632,0.283293653699175,0.0671544883459408,0.21613916535323419,0.0,0.0,0.0,0.0,1.0386272626413056,0.27,0.06
633,0.3116030828513775,0.05991315046022288,0.2516899323911546,0.0,0.0,0.0,0.0,1.0386272626413056,0.27,0.06
634,0.3116030828513775,0.06779332945278091,0.2438097533985966,0.0,0.0,0.0,0.0,1.0386272626413056,0.27,0.06
635,0.260167621216085,0.081378712222773,0.178788908993312,0.0,0.0,0.0,0.0,1.0386272626413056,0.27,0.06
636,0.260167621216085,0.06876091484917347,0.19140670636691154,0.0,0.0,0.0,0.0,1.0386272626413056,0.27,0.06
637,0.02272728819261495,0.004809955945262223,0.0,-6.938893903907228e-18,0.0,0.01791733224735272,0.0,1.0339121752077918,0.27,0.06
638,0.02272728819261495,0.009081536383571894,0.0,0.0,0.0,0.013645751809043056,0.0,1.0303211878896226,0.27,0.06
639,0.02252792601548675,0.01187176615064488,0.0,0.0,0.0,0.01065615986484187,0.0,1.0275169352936115,0.27,0.06
640,0.02252792601548675,0.012380285115295236,0.0,0.0,0.0,0.010147640900191515,0.0,1.0248465034777716,0.27,0.06
641,0.09230468801035725,0.045093255257991294,0.04721143275236596,0.0,0.0,0.0,0.0,1.0248465034777716,0.27,0.06
642,0.09230468801035725,0.04681104422270593,0.04549364378765132,0.0,0.0,0.0,0.0,1.0248465034777716,0.27,0.06
643,0.021531115129845724,0.006172300876060092,0.0,0.0,0.0,0.015358814253785633,0.0,1.0208047102530913,0.27,0.06
644,0.021531115129845724,0.004461638309469433,0.0,0.0,0.0,0.01706947682037629,0.0,1.0163127426687815,0.27,0.06
645,0.02432218560964055,0.003016793800440974,0.0,0.0,0.0,0.021305391809199575,0.0,1.010706060613729,0.27,0.06
646,0.02432218560964055,0.003974097344546923,0.0,3.469446951953614e-18,0.0,0.02034808826509363,0.0,1.0053513005439676,0.27,0.06
647,0.0837321143938445,0.01196248582053942,0.07176962857330507,0.0,0.0,0.0,0.0,1.0053513005439676,0.27,0.06
648,0.0837321143938445,0.001679838730336595,0.0820522756635079,0.0,0.0,0.0,0.0,1.0053513005439676,0.27,0.06
649,0.13257584779025375,0.0,0.13257584779025375,0.0,0.0,0.0,0.0,1.0053513005439676,0.27,0.06
650,0.13257584779025375,0.0,0.13257584779025375,0.0,0.0,0.0,0.0,1.0053513005439676,0.27,0.06
651,0.046650749447999,0.0,0.046650749447999,0.0,0.0,0.0,0.0,1.0053513005439676,0.27,0.06
652,0.046650749447999,0.0,0.04665074944799899,0.0,0.0,6.938893903907228e-18,0.0,1.0053513005439676,0.27,0.06
653,0.042663505905435,0.0,0.042663505905435,0.0,0.0,0.0,0.0,1.0053513005439676,0.27,0.06
654,0.042663505905435,0.0,0.042663505905435,0.0,0.0,0.0,0.0,1.0053513005439676,0.27,0.06
655,0.062400361441127,0.0,0.062400361441127,0.0,0.0,0.0,0.0,1.0053513005439676,0.27,0.06
656,0.062400361441127,0.0,0.062400361441127,0.0,0.0,0.0,0.0,1.0053513005439676,0.27,0.06
657,0.038676262362871,0.0,0.038676262362871,0.0,0.0,0.0,0.0,1.0053513005439676,0.27,0.06
658,0.038676262362871,0.0,0.038676262362871,0.0,0.0,0.0,0.0,1.0053513005439676,0.27,0.06
659,0.05781503136717825,0.0,0.05781503136717825,0.0,0.0,0.0,0.0,1.0053513005439676,0.27,0.06
660,0.05781503136717825,0.0,0.05781503136717825,0.0,0.0,0.0,0.0,1.0053513005439676,0.27,0.06
661,0.05482459871025525,0.0,0.05482459871025525,0.0,0.0,0.0,0.0,1.0053513005439676,0.27,0.06
662,0.05482459871025525,0.0,0.05482459871025525,0.0,0.0,0.0,0.0,1.0053513005439676,0.27,0.06
663,0.0540271500017425,0.0,0.0540271500017425,0.0,0.0,0.0,0.0,1.0053513005439676,0.27,0.06
664,0.0540271500017425,0.0,0.0540271500017425,0.0,0.0,0.0,0.0,1.0053513005439676,0.27,0.06
665,0.05023926863630675,0.0,0.05023926863630675,0.0,0.0,0.0,0.0,1.0053513005439676,0.27,0.06
666,0.05023926863630675,0.0,0.05023926863630675,0.0,0.0,0.0,0.0,1.0053513005439676,0.27,0.06
667,0.046650749447999,0.0,0.046650749447999,0.0,0.0,0.0,0.0,1.0053513005439676,0.27,0.06
668,0.046650749447999,0.0,0.046650749447999,0.0,0.0,0.0,0.0,1.0053513005439676,0.27,0.06
669,0.04146733284266575,0.0,0.04146733284266575,0.0,0.0,0.0,0.0,1.0053513005439676,0.27,0.06
670,0.04146733284266575,0.0,0.04146733284266575,0.0,0.0,0.0,0.0,1.0053513005439676,0.27,0.06
671,0.05482459871025525,0.0,0.05482459871025525,0.0,0.0,0.0,0.0,1.0053513005439676,0.27,0.06
672,0.05482459871025525,0.0,0.05482459871025525,0.0,0.0,0.0,0.0,1.0053513005439676,0.27,0.06
673,0.09090915277045974,0.0,0.09090915277045974,0.0,0.0,0.0,0.0,1.0053513005439676,0.27,0.06
674,0.09090915277045974,0.0,0.09090915277045974,0.0,0.0,0.0,0.0,1.0053513005439676,0.27,0.06
675,0.03947371107138375,0.0,0.03947371107138375,0.0,0.0,0.0,0.0,1.0053513005439676,0.27,0.06
676,0.03947371107138375,0.0,0.03947371107138375,0.0,0.0,0.0,0.0,1.0053513005439676,0.27,0.06
677,0.04086924631128125,0.0,0.04086924631128125,0.0,0.0,0.0,0.0,1.0053513005439676,0.27,0.06
678,0.04086924631128125,0.0,0.04086924631128125,0.0,0.0,0.0,0.0,1.0053513005439676,0.27,0.06
679,0.0312998618091275,0.0,0.0312998618091275,0.0,0.0,0.0,0.0,1.0053513005439676,0.27,0.06
680,0.0312998618091275,0.0,0.0312998618091275,0.0,0.0,0.0,0.0,1.0053513005439676,0.27,0.06
681,0.034689018820307,0.0,0.034689018820307,0.0,0.0,0.0,0.0,1.0053513005439676,0.27,0.06
682,0.034689018820307,0.0,0.034689018820307,0.0,0.0,0.0,0.0,1.0053513005439676,0.27,0.06
683,0.03528710535169175,0.0,0.03528710535169175,0.0,0.0,0.0,0.0,1.0053513005439676,0.27,0.06
684,0.03528710535169175,0.0,0.03528710535169175,0.0,0.0,0.0,0.0,1.0053513005439676,0.27,0.06
685,0.020334942067076527,0.0,0.0,0.0,0.0,0.020334942067076527,0.0,1.0,0.27,0.06
686,0.020334942067076527,0.0,0.020334942067076527,0.0,0.0,0.0,0.0,1.0,0.27,0.06
687,0.02511963431815325,0.0,0.025119634318153117,0.0,0.0,1.3183898417423734e-16,0.0,1.0,0.27,0.06
688,0.02511963431815325,0.0,0.02511963431815325,0.0,0.0,0.0,0.0,1.0,0.27,0.06
689,0.03748008930010175,0.0,0.03748008930010175,0.0,0.0,0.0,0.0,1.0,0.27,0.06
690,0.03748008930010175,0.0,0.03748008930010175,0.0,0.0,0.0,0.0,1.0,0.27,0.06
691,0.052631614761845,0.0,0.052631614761845,0.0,0.0,0.0,0.0,1.0,0.27,0.06
692,0.052631614761845,0.0,0.052631614761845,0.0,0.0,0.0,0.0,1.0,0.27,0.06
693,0.0627990857953835,0.0,0.0627990857953835,0.0,0.0,0.0,0.0,1.0,0.27,0.06
694,0.0627990857953835,0.0,0.0627990857953835,0.0,0.0,0.0,0.0,1.0,0.27,0.06
695,0.05223289040758875,0.0,0.05223289040758875,0.0,0.0,0.0,0.0,1.0,0.27,0.06
696,0.05223289040758875,0.0,0.05223289040758875,0.0,0.0,0.0,0.0,1.0,0.27,0.06
697,0.0659888806294345,0.0,0.0659888806294345,0.0,0.0,0.0,0.0,1.0,0.27,0.06
698,0.0659888806294345,0.0,0.0659888806294345,0.0,0.0,0.0,0.0,1.0,0.27,0.06
699,0.046451387270871,0.0,0.046451387270871,0.0,0.0,0.0,0.0,1.0,0.27,0.06
700,0.046451387270871,0.0,0.046451387270871,0.0,0.0,0.0,0.0,1.0,0.27,0.06
701,0.02791070479794825,0.0,0.027910704797948244,0.0,0.0,6.938893903907228e-18,0.0,1.0,0.27,0.06
702,0.02791070479794825,0.0,0.027910704797948244,0.0,0.0,6.938893903907228e-18,0.0,1.0,0.27,0.06
703,0.03389157011179425,0.0,0.03389157011179425,0.0,0.0,0.0,0.0,1.0,0.27,0.06
704,0.03389157011179425,0.0,0.03389157011179425,0.0,0.0,0.0,0.0,1.0,0.27,0.06
705,0.033692207934666,0.0,0.033692207934666,0.0,0.0,0.0,0.0,1.0,0.27,0.06
706,0.033692207934666,0.0,0.033692207934666,0.0,0.0,0.0,0.0,1.0,0.27,0.06
707,0.03189794834051225,0.0025092678482557212,0.02938868049225653,0.0,0.0,0.0,0.0,1.0,0.27,0.06
708,0.03189794834051225,0.004405777661605925,0.027492170678906327,0.0,0.0,0.0,0.0,1.0,0.27,0.06
709,0.0440590411453325,0.012413460482269776,0.03164558066306273,0.0,0.0,0.0,0.0,1.0,0.27,0.06
710,0.0440590411453325,0.010367081419584001,0.0336919597257485,0.0,0.0,0.0,0.0,1.0,0.27,0.06
711,0.039673073248512,0.010553501389906078,0.02911957185860592,0.0,0.0,0.0,0.0,1.0,0.27,0.06
712,0.039673073248512,0.014246432343493388,0.02542664090501856,0.0,0.0,0.0,0.0,1.0,0.27,0.06
713,0.02751198044369175,0.011919335895654236,0.015592644548037512,0.0,0.0,0.0,0.0,1.0,0.27,0.06
714,0.02751198044369175,0.011813516019435541,0.01569846442425621,0.0,0.0,0.0,0.0,1.0,0.27,0.06
715,0.02591708302666625,0.010246623998869308,0.015670459027796943,0.0,0.0,0.0,0.0,1.0,0.27,0.06
716,0.02591708302666625,0.017941524916360613,0.007975558110305637,0.0,0.0,0.0,0.0,1.0,0.27,0.06
717,0.0155502498159997,0.020628616779662764,0.0,1.3530843112619095e-16,0.005078366963662928,0.0,0.0,1.00120611215387,0.27,0.06
718,0.0155502498159997,0.023917843085032215,0.0,6.002143226879753e-16,0.008367593269031914,0.0,0.0,1.003193415555265,0.27,0.06
719,0.2565791020277775,0.2828002653304855,0.0,0.0,0.026221163302708017,0.0,0.0,1.0094209418396582,0.27,0.06
720,0.2565791020277775,0.43033098596063124,0.0,0.0,0.17375188393285373,0.0,0.0,1.050687014273711,0.27,0.06
721,0.279904496687995,0.49502510344725115,0.0,0.0,0.21512060675925615,0.0,0.0,1.1017781583790345,0.27,0.06
722,0.279904496687995,0.5593334662858411,0.0,0.0,0.27942896959784613,0.0,0.0,1.168142538658523,0.27,0.06
723,0.182416392072304,0.5258723769602673,0.0,1.1102230246251565e-16,0.34345598488796325,0.0,0.0,1.249713335069414,0.27,0.06
724,0.182416392072304,0.561990267874246,0.0,2.220446049250313e-16,0.3795738758019418,0.0,0.0,1.3398621305723752,0.27,0.06
725,0.0301036887463585,0.26667259231463125,0.0,0.0,0.23656890356827276,0.0,0.0,1.39604724516984,0.27,0.06
726,0.0301036887463585,0.17998743186075505,0.0,0.0,0.14988374311439656,0.0,0.0,1.431644634159509,0.27,0.06
727,0.0935008610731265,0.404081193531388,0.0,-1.6653345369377348e-16,0.31058033245826167,0.0,0.0,1.5054074631183463,0.27,0.06
728,0.0935008610731265,0.3445076906225416,0.0,7.771561172376096e-16,0.25100682954941433,0.0,0.0,1.565021585136332,0.27,0.06
729,0.019936217712820125,0.05405721731841148,0.0,0.0,0.034120999605591354,0.0,0.0,1.57312532254266,0.27,0.06
730,0.019936217712820125,0.0367367501280504,0.0,0.0,0.016800532415230277,0.0,0.0,1.5771154489912773,0.27,0.06
731,0.02192983948410215,0.03820733368849953,0.0,0.0,0.01627749420439738,0.0,0.0,1.5809813538648216,0.27,0.06
732,0.02192983948410215,0.03466237799768254,0.0,0.0,0.012732538513580392,0.0,0.0,1.584005331761797,0.27,0.06
733,0.07854869778851124,0.0749767552802969,0.0,0.0,0.0,0.0035719425082143402,0.0,1.5830653468912144,0.27,0.06
734,0.07854869778851124,0.09037802698229047,0.0,0.0,0.011829329193779228,0.0,0.0,1.5858748125747368,0.27,0.06
735,0.0283094291522045,0.033342987023125326,0.0,0.0,0.005033557870920826,0.0,0.0,1.5870702825690806,0.27,0.06
736,0.0283094291522045,0.03082198267176813,0.0,0.0,0.002512553519563629,0.0,0.0,1.587667014029977,0.27,0.06
737,0.0342902944660505,0.030364965637833093,0.0,0.0,0.0,0.00392532882821741,0.0,1.5866340327593933,0.27,0.06
738,0.0342902944660505,0.015046361024418116,0.0,0.0,0.0,0.019243933441631358,0.0,1.5815698397484377,0.27,0.06
739,0.0937002232502545,0.027743546709722993,0.0,0.0,0.0,0.0659566765405315,0.0,1.5642128196061926,0.27,0.06
740,0.0937002232502545,0.03141853901128918,0.0,6.938893903907228e-18,0.0,0.062281684238965324,0.0,1.5478229027012016,0.27,0.06
741,0.02412282343251235,0.010457794383107108,0.0,0.0,0.0,0.013665029049405454,0.0,1.5442268424250423,0.27,0.06
742,0.02412282343251235,0.006638660852476198,0.0,-3.469446951953614e-18,0.0,0.01748416258003615,0.0,1.5396257470092434,0.27,0.06
743,0.0301036887463585,0.0034928637511358034,0.0,1.3877787807814457e-17,0.0,0.026610824995222708,0.0,1.53262289832629,0.27,0.06
744,0.0301036887463585,0.0017469088858451788,0.0,0.0,0.0,0.02835677986051332,0.0,1.5251605878366812,0.27,0.06
745,0.2007577123680985,0.0006470592925449914,0.2001106530755535,0.0,0.0,0.0,0.0,1.5251605878366812,0.27,0.06
746,0.2007577123680985,0.0,0.037247574981014914,0.0,0.0,0.1635101373870836,0.0,1.4821316043137645,0.27,0.06
747,0.05382778782461425,0.0,0.0,0.0,0.0,0.05382778782461425,0.0,1.4679663969914976,0.27,0.06
748,0.05382778782461425,0.0,0.0,-2.0816681711721685e-17,0.0,0.053827787824614226,0.0,1.4538011896692307,0.27,0.06
749,0.0637958966810245,0.0,0.0,0.0,0.0,0.0637958966810245,0.0,1.4370127958058032,0.27,0.06
750,0.0637958966810245,0.0,0.0,0.0,0.0,0.0637958966810245,0.0,1.4202244019423758,0.27,0.06
751,0.05562204741876825,0.0,0.0,0.0,0.0,0.05562204741876825,0.0,1.4055870210427,0.27,0.06
752,0.05562204741876825,0.0,0.0,0.0,0.0,0.05562204741876825,0.0,1.3909496401430241,0.27,0.06
753,0.04485648985384525,0.0,0.0,0.0,0.0,0.04485648985384525,0.0,1.3791453007078016,0.27,0.06
754,0.04485648985384525,0.0,0.0,0.0,0.0,0.04485648985384525,0.0,1.367340961272579,0.27,0.06
755,0.05083735516769125,0.0,0.0,0.0,0.0,0.05083735516769125,0.0,1.3539627099126603,0.27,0.06
756,0.05083735516769125,0.0,0.0,0.0,0.0,0.05083735516769125,0.0,1.3405844585527416,0.27,0.06
757,0.05582140959589625,0.0,0.0,0.0,0.0,0.05582140959589625,0.0,1.3258946139222425,0.27,0.06
758,0.05582140959589625,0.0,0.0,0.0,0.0,0.05582140959589625,0.0,1.3112047692917435,0.27,0.06
759,0.04346095461394775,0.0,0.0,1.3877787807814457e-17,0.0,0.043460954613947764,0.0,1.2997676759722836,0.27,0.06
760,0.04346095461394775,0.0,0.0,0.0,0.0,0.04346095461394775,0.0,1.2883305826528237,0.27,0.06
761,0.05123607952194775,0.0,0.0,0.0,0.0,0.05123607952194775,0.0,1.2748474038312585,0.27,0.06
762,0.05123607952194775,0.0,0.0,0.0,0.0,0.05123607952194793,0.0,1.2613642250096933,0.27,0.06
763,0.05881184225281925,0.0,0.0,0.0,0.0,0.05881184225281925,0.0,1.245887424416846,0.27,0.06
764,0.05881184225281925,0.0,0.0,0.0,0.0,0.05881184225281925,0.0,1.230410623823999,0.27,0.06
765,0.0420654193740505,0.0,0.0,0.0,0.0,0.0420654193740505,0.0,1.2193407766203013,0.27,0.06
766,0.0420654193740505,0.0,0.0,0.0,0.0,0.0420654193740505,0.0,1.2082709294166039,0.27,0.06
767,0.04425840332246075,0.0,0.0,0.0,0.0,0.04425840332246075,0.0,1.196623981173851,0.27,0.06
768,0.04425840332246075,0.0,0.0,0.0,0.0,0.04425840332246075,0.0,1.1849770329310982,0.27,0.06
769,0.0322966726947685,0.0,0.0,0.0,0.0,0.0322966726947685,0.0,1.1764779085377381,0.27,0.06
770,0.0322966726947685,0.0,0.0,0.0,0.0,0.0322966726947685,0.0,1.167978784144378,0.27,0.06
771,0.02432218560964055,0.0,0.0,0.0,0.0,0.02432218560964055,0.0,1.1615782089839464,0.27,0.06
772,0.02432218560964055,0.0,0.0,6.938893903907228e-18,0.0,0.024322185609640556,0.0,1.1551776338235147,0.27,0.06
773,0.02811006697507625,0.0,0.0,0.0,0.0,0.02811006697507625,0.0,1.147780247777442,0.27,0.06
774,0.02811006697507625,0.0,0.0,1.0408340855860843e-17,0.0,0.02811006697507626,0.0,1.1403828617313692,0.27,0.06
775,0.02511963431815325,0.0,0.02511963431815325,0.0,0.0,0.0,0.0,1.1403828617313692,0.27,0.06
776,0.02511963431815325,0.0,0.02511963431815325,0.0,0.0,0.0,0.0,1.1403828617313692,0.27,0.06
777,0.033692207934666,0.0,0.0,0.0,0.0,0.033692207934666,0.0,1.1315164912222466,0.27,0.06
778,0.033692207934666,0.0,0.0,0.0,0.0,0.033692207934666,0.0,1.122650120713124,0.27,0.06
779,0.02950560221497375,0.0,0.029505602214973725,0.0,0.0,4.746203430272545e-16,0.0,1.1226501207131239,0.27,0.06
780,0.02950560221497375,0.0,0.0,0.0,0.0,0.02950560221497375,0.0,1.1148854885512887,0.27,0.06
781,0.019138769004307325,0.0,0.0,-2.0816681711721685e-17,0.0,0.019138769004307304,0.0,1.1098489703922605,0.27,0.06
782,0.019138769004307325,0.0,0.0,0.0,0.0,0.019138769004307325,0.0,1.1048124522332319,0.27,0.06
783,0.0253189964952815,0.0,0.0,0.0,0.0,0.0253189964952815,0.0,1.0981495584186842,0.27,0.06
784,0.0253189964952815,0.0,0.0,0.0,0.0,0.0253189964952815,0.0,1.0914866646041366,0.27,0.06
785,0.02791070479794825,0.0,0.0,0.0,0.0,0.02791070479794825,0.0,1.084141742288887,0.27,0.06
786,0.02791070479794825,0.0,0.0,0.0,0.0,0.02791070479794825,0.0,1.0767968199736375,0.27,0.06
787,0.038676262362871,0.0,0.0,0.0,0.0,0.038676262362871,0.0,1.0666188561939347,0.27,0.06
788,0.038676262362871,0.0,0.038676262362871,0.0,0.0,0.0,0.0,1.0666188561939347,0.27,0.06
789,0.05681822048153725,0.0,0.05681822048153725,0.0,0.0,0.0,0.0,1.0666188561939347,0.27,0.06
790,0.05681822048153725,0.0,0.05681822048153725,0.0,0.0,0.0,0.0,1.0666188561939347,0.27,0.06
791,0.03748008930010175,0.0,0.03748008930010175,0.0,0.0,0.0,0.0,1.0666188561939347,0.27,0.06
792,0.03748008930010175,0.0,0.03748008930010174,0.0,0.0,6.938893903907228e-18,0.0,1.0666188561939347,0.27,0.06
793,0.0500399064591785,0.0,0.0,0.0,0.0,0.0500399064591785,0.0,1.0534504597573089,0.27,0.06
794,0.0500399064591785,0.0,0.05003990645917852,0.0,0.0,-1.3877787807814457e-17,0.0,1.0534504597573089,0.27,0.06
795,0.03887562453999925,0.0,0.0,0.0,0.0,0.03887562453999925,0.0,1.0432200322467828,0.27,0.06
796,0.03887562453999925,0.0,0.0,0.0,0.0,0.03887562453999925,0.0,1.0329896047362566,0.27,0.06
797,0.1331739343216385,0.0,0.1331739343216385,0.0,0.0,0.0,0.0,1.0329896047362566,0.27,0.06
798,0.1331739343216385,0.0,0.1331739343216385,0.0,0.0,0.0,0.0,1.0329896047362566,0.27,0.06
799,0.0817384926225625,0.0,0.0817384926225625,0.0,0.0,0.0,0.0,1.0329896047362566,0.27,0.06
800,0.0817384926225625,0.0,0.0817384926225625,0.0,0.0,0.0,0.0,1.0329896047362566,0.27,0.06
801,0.07515954077733175,0.0,0.07515954077733175,0.0,0.0,0.0,0.0,1.0329896047362566,0.27,0.06
802,0.07515954077733175,0.0,0.07515954077733175,0.0,0.0,0.0,0.0,1.0329896047362566,0.27,0.06
803,0.0887161688220495,0.0026504371726957876,0.0860657316493537,0.0,0.0,0.0,0.0,1.0329896047362566,0.27,0.06
804,0.0887161688220495,0.007192599626310836,0.08152356919573867,0.0,0.0,0.0,0.0,1.0329896047362566,0.27,0.06
805,0.045653938562358,0.011219550126427705,0.034434388435930295,0.0,0.0,0.0,0.0,1.0329896047362566,0.27,0.06
806,0.045653938562358,0.01339643979680255,0.0,0.0,0.0,0.03225749876555545,0.0,1.0245007892716367,0.27,0.06
807,0.0717703837661525,0.01493542645075522,0.056834957315397276,0.0,0.0,0.0,0.0,1.0245007892716367,0.27,0.06
808,0.0717703837661525,0.03600022474781374,0.0,0.0,0.0,0.03577015901833876,0.0,1.0150875895299687,0.27,0.06
809,0.031698586163384,0.01785402064997085,0.0,0.0,0.0,0.013844565513413152,0.0,1.0114442828159125,0.27,0.06
810,0.031698586163384,0.021756851820191624,0.0,0.0,0.0,0.009941734343192378,0.0,1.008828036936125,0.27,0.06
811,0.0312998618091275,0.030666712736441885,0.0,0.0,0.0,0.000633149072685614,0.0,1.0086614187591025,0.27,0.06
812,0.0312998618091275,0.03242228477807006,0.0,0.0,0.001122422968942563,0.0,0.0,1.0089279942142264,0.27,0.06
813,0.021531115129845724,0.025700197274843795,0.0,0.0,0.00416908214499807,0.0,0.0,1.0099181512236632,0.27,0.06
814,0.021531115129845724,0.02210639868837793,0.0,0.0,0.000575283558532206,0.0,0.0,1.0100547810688147,0.27,0.06
815,0.2741229935512775,0.10340299259137924,0.17072000095989825,0.0,0.0,0.0,0.0,1.0100547810688147,0.27,0.06
816,0.2741229935512775,0.13067483356450316,0.14344815998677435,0.0,0.0,0.0,0.0,1.0100547810688147,0.27,0.06
817,0.2888757946587625,0.16027830049831251,0.12859749416044997,0.0,0.0,0.0,0.0,1.0100547810688147,0.27,0.06
818,0.2888757946587625,0.14392379411958414,0.14495200053917837,0.0,0.0,0.0,0.0,1.0100547810688147,0.27,0.06
819,0.2045455937335345,0.1728181394774662,0.0,0.0,0.0,0.03172745425606832,0.0,1.0017054510014283,0.27,0.06
820,0.2045455937335345,0.1695326171927373,0.035012976540797214,0.0,0.0,0.0,0.0,1.0017054510014283,0.27,0.06
821,0.02551835867240975,0.07969481603292942,0.0,4.163336342344337e-17,0.05417645736051963,0.0,0.0,1.0145723596245517,0.27,0.06
822,0.02551835867240975,0.052423784162916584,0.0,0.0,0.026905425490506833,0.0,0.0,1.020962398178547,0.27,0.06
823,0.08831744446779324,0.2134926612766973,0.0,0.0,0.12517521680890406,0.0,0.0,1.0506915121706617,0.27,0.06
824,0.08831744446779324,0.09534717087365746,0.0,0.0,0.007029726405864217,0.0,0.0,1.0523610721920544,0.27,0.06
825,0.0157496119931279,0.037628931714979205,0.0,0.0,0.021879319721851306,0.0,0.0,1.0575574106259942,0.27,0.06
826,0.0157496119931279,0.0644949226991605,0.0,7.771561172376096e-16,0.04874531070603183,0.0,0.0,1.0691344219186767,0.27,0.06
827,0.08293466568533175,0.07791551423861853,0.0,0.0,0.0,0.0050191514467132214,0.0,1.0678135925905943,0.27,0.06
828,0.08293466568533175,0.12336938739703852,0.0,6.938893903907228e-17,0.0404347217117067,0.0,0.0,1.0774168389971246,0.27,0.06
829,0.02452154778676875,0.07758863514550494,0.0,4.163336342344337e-16,0.053067087358735776,0.0,0.0,1.0900202722448245,0.27,0.06
830,0.02452154778676875,0.026873653453452814,0.0,0.0,0.0023521056666840658,0.0,0.0,1.0905788973406618,0.27,0.06
831,0.02691389391230725,0.01830873572743601,0.0,0.0,0.0,0.008605158184871238,0.0,1.0883143820288537,0.27,0.06
832,0.02691389391230725,0.0171564227876584,0.0,0.0,0.0,0.009757471124648847,0.0,1.0857466264697355,0.27,0.06
833,0.08732063358215225,0.021008684710908766,0.06631194887124349,0.0,0.0,0.0,0.0,1.0857466264697355,0.27,0.06
834,0.08732063358215225,0.022204140000016352,0.06511649358213589,0.0,0.0,0.0,0.0,1.0857466264697355,0.27,0.06
835,0.0175438715872817,0.0027050212053845273,0.0,-1.0408340855860843e-17,0.0,0.014838850381897164,0.0,1.0818416658429204,0.27,0.06
836,0.0175438715872817,0.0020325223353157393,0.0,0.0,0.0,0.015511349251965963,0.0,1.0777597318292453,0.27,0.06
837,0.02691389391230725,0.0022726836979341386,0.0,0.0,0.0,0.02464121021437311,0.0,1.0712752028254628,0.27,0.06
838,0.02691389391230725,0.0015528239229981554,0.0,0.0,0.0,0.025361069989308496,0.0,1.0646012370388027,0.27,0.06
839,0.09489639631302375,0.006273998898955241,0.08862239741406851,0.0,0.0,0.0,0.0,1.0646012370388027,0.27,0.06
840,0.09489639631302375,0.0035770264214330895,-0.0,0.0,0.0,0.09131936989159062,0.0,1.0405698239094368,0.27,0.06
841,0.0263158073809225,0.00015690641043552493,0.0,0.0,0.0,0.026158900970486974,0.0,1.0336859026014138,0.27,0.06
842,0.0263158073809225,0.0,0.0,0.0,0.0,0.0263158073809225,0.0,1.02676069013275,0.27,0.06
843,0.0322966726947685,0.0,0.0322966726947685,0.0,0.0,0.0,0.0,1.02676069013275,0.27,0.06
844,0.0322966726947685,0.0,0.0322966726947685,0.0,0.0,0.0,0.0,1.02676069013275,0.27,0.06
845,0.02232856383835855,0.0,0.0,0.0,0.0,0.02232856383835855,0.0,1.0208847522805502,0.27,0.06
846,0.02232856383835855,0.0,0.0,0.0,0.0,0.02232856383835855,0.0,1.0150088144283507,0.27,0.06
847,0.051634803876204,0.0,0.051634803876204,0.0,0.0,0.0,0.0,1.0150088144283507,0.27,0.06
848,0.051634803876204,0.0,0.051634803876204,0.0,0.0,0.0,0.0,1.0150088144283507,0.27,0.06
849,0.052631614761845,0.0,0.052631614761845,0.0,0.0,0.0,0.0,1.0150088144283507,0.27,0.06
850,0.052631614761845,0.0,0.052631614761845,0.0,0.0,0.0,0.0,1.0150088144283507,0.27,0.06
851,0.051435441699076,0.0,0.05143544169907599,0.0,0.0,6.938893903907228e-18,0.0,1.0150088144283507,0.27,0.06
852,0.051435441699076,0.0,0.051435441699076,0.0,0.0,0.0,0.0,1.0150088144283507,0.27,0.06
853,0.054425874355999,0.0,0.054425874355999,0.0,0.0,0.0,0.0,1.0150088144283507,0.27,0.06
854,0.054425874355999,0.0,0.054425874355999,0.0,0.0,0.0,0.0,1.0150088144283507,0.27,0.06
855,0.04485648985384525,0.0,0.044856489853845244,0.0,0.0,6.938893903907228e-18,0.0,1.0150088144283507,0.27,0.06
856,0.04485648985384525,0.0,0.044856489853845265,0.0,0.0,-1.3877787807814457e-17,0.0,1.0150088144283507,0.27,0.06
857,0.051634803876204,0.0,0.051634803876204,0.0,0.0,0.0,0.0,1.0150088144283507,0.27,0.06
858,0.051634803876204,0.0,0.051634803876204,0.0,0.0,0.0,0.0,1.0150088144283507,0.27,0.06
859,0.03748008930010175,0.0,0.03748008930010175,0.0,0.0,0.0,0.0,1.0150088144283507,0.27,0.06
860,0.03748008930010175,0.0,0.03748008930010175,0.0,0.0,0.0,0.0,1.0150088144283507,0.27,0.06
861,0.02791070479794825,0.0,0.02791070479794825,0.0,0.0,0.0,0.0,1.0150088144283507,0.27,0.06
862,0.02791070479794825,0.0,0.0,0.0,0.0,0.02791070479794825,0.0,1.0076638921131011,0.27,0.06
863,0.02651516955805075,0.0,0.02651516955805075,0.0,0.0,0.0,0.0,1.0076638921131011,0.27,0.06
864,0.02651516955805075,0.0,0.02651516955805075,0.0,0.0,0.0,0.0,1.0076638921131011,0.27,0.06
865,0.0181419581186663,0.0,0.0181419581186663,0.0,0.0,0.0,0.0,1.0076638921131011,0.27,0.06
866,0.0181419581186663,0.0,0.0181419581186663,0.0,0.0,0.0,0.0,1.0076638921131011,0.27,0.06
867,0.0293062400378455,0.0,0.0293062400378455,0.0,0.0,0.0,0.0,1.0076638921131011,0.27,0.06
868,0.0293062400378455,0.0,0.0293062400378455,0.0,0.0,0.0,0.0,1.0076638921131011,0.27,0.06
869,0.034689018820307,0.0,0.034689018820307,0.0,0.0,0.0,0.0,1.0076638921131011,0.27,0.06
870,0.034689018820307,0.0,0.034689018820307,0.0,0.0,0.0,0.0,1.0076638921131011,0.27,0.06
871,0.03488838099743525,0.0,0.03488838099743525,0.0,0.0,0.0,0.0,1.0076638921131011,0.27,0.06
872,0.03488838099743525,0.0,0.03488838099743525,0.0,0.0,0.0,0.0,1.0076638921131011,0.27,0.06
873,0.0370813649458455,0.0,0.0370813649458455,0.0,0.0,0.0,0.0,1.0076638921131011,0.27,0.06
874,0.0370813649458455,0.0,0.0370813649458455,0.0,0.0,0.0,0.0,1.0076638921131011,0.27,0.06
875,0.028708153506461,0.0,0.0,0.0,0.0,0.028708153506461,0.0,1.0001091148745587,0.27,0.06
876,0.028708153506461,0.0,0.028708153506461,0.0,0.0,0.0,0.0,1.0001091148745587,0.27,0.06
877,0.0173445094101535,0.0,0.0173445094101535,0.0,0.0,0.0,0.0,1.0001091148745587,0.27,0.06
878,0.0173445094101535,0.0,0.0173445094101535,0.0,0.0,0.0,0.0,1.0001091148745587,0.27,0.06
879,0.0312998618091275,0.0,0.0312998618091275,0.0,0.0,0.0,0.0,1.0001091148745587,0.27,0.06
880,0.0312998618091275,0.0,0.0312998618091275,0.0,0.0,0.0,0.0,1.0001091148745587,0.27,0.06
881,0.0271132560894355,0.0,0.0271132560894355,0.0,0.0,0.0,0.0,1.0001091148745587,0.27,0.06
882,0.0271132560894355,0.0,0.0271132560894355,0.0,0.0,0.0,0.0,1.0001091148745587,0.27,0.06
883,0.0271132560894355,0.0,0.0271132560894355,0.0,0.0,0.0,0.0,1.0001091148745587,0.27,0.06
884,0.0271132560894355,0.0,0.0271132560894355,0.0,0.0,0.0,0.0,1.0001091148745587,0.27,0.06
885,0.02990432656923025,0.0,0.02990432656923025,0.0,0.0,0.0,0.0,1.0001091148745587,0.27,0.06
886,0.02990432656923025,0.0,0.02990432656923025,0.0,0.0,0.0,0.0,1.0001091148745587,0.27,0.06
887,0.021531115129845724,0.0,0.021531115129845724,0.0,0.0,0.0,0.0,1.0001091148745587,0.27,0.06
888,0.021531115129845724,0.0,0.021531115129845724,0.0,0.0,0.0,0.0,1.0001091148745587,0.27,0.06
889,0.02252792601548675,0.0,0.02252792601548675,0.0,0.0,0.0,0.0,1.0001091148745587,0.27,0.06
890,0.02252792601548675,0.0,0.02252792601548675,0.0,0.0,0.0,0.0,1.0001091148745587,0.27,0.06
891,0.1323764856131255,0.0,0.1323764856131255,0.0,0.0,0.0,0.0,1.0001091148745587,0.27,0.06
892,0.1323764856131255,0.0,0.1323764856131255,0.0,0.0,0.0,0.0,1.0001091148745587,0.27,0.06
893,0.111044732660408,0.0,0.11104473266040799,0.0,0.0,0.0,0.0,1.0001091148745587,0.27,0.06
894,0.111044732660408,0.0,0.111044732660408,0.0,0.0,0.0,0.0,1.0001091148745587,0.27,0.06
895,0.11224090572317726,0.0,0.11224090572317726,0.0,0.0,0.0,0.0,1.0001091148745587,0.27,0.06
896,0.11224090572317726,0.0,0.11224090572317726,0.0,0.0,0.0,0.0,1.0001091148745587,0.27,0.06
897,0.038676262362871,0.0009609532820385653,0.03771530908083243,0.0,0.0,0.0,0.0,1.0001091148745587,0.27,0.06
898,0.038676262362871,0.0025260928400695545,0.036150169522801444,0.0,0.0,0.0,0.0,1.0001091148745587,0.27,0.06
899,0.076355713840101,0.005044483238317316,0.07131123060178368,0.0,0.0,0.0,0.0,1.0001091148745587,0.27,0.06
900,0.076355713840101,0.008105672303396268,0.06825004153670472,0.0,0.0,0.0,0.0,1.0001091148745587,0.27,0.06
901,0.041666695019794,0.006875107871785002,0.034791587148009,0.0,0.0,0.0,0.0,1.0001091148745587,0.27,0.06
902,0.041666695019794,0.0067509450793956215,0.03491574994039838,0.0,0.0,0.0,0.0,1.0001091148745587,0.27,0.06
903,0.03349284575753775,0.009165808505477461,0.024327037252060285,0.0,0.0,0.0,0.0,1.0001091148745587,0.27,0.06
904,0.03349284575753775,0.010093486904903281,0.023399358852634465,0.0,0.0,0.0,0.0,1.0001091148745587,0.27,0.06
905,0.03648327841446075,0.010774129774722795,0.025709148639737958,0.0,0.0,0.0,0.0,1.0001091148745587,0.27,0.06
906,0.03648327841446075,0.017067781592420714,0.019415496822039913,0.0,0.0,0.0,0.0,1.0001091148745587,0.27,0.06
907,0.04186605719692225,0.04145142067359919,-0.0,0.0,0.0,0.0004146365233230545,0.0,1.0,0.27,0.06
908,0.04186605719692225,0.0609723469221083,0.0,-3.469446951953614e-18,0.01910628972518606,0.0,0.0,1.0045377438097316,0.27,0.06
909,0.0283094291522045,0.054806958783119746,0.0,0.0,0.026497529630915246,0.0,0.0,1.010830907097074,0.27,0.06
910,0.0283094291522045,0.027114360747365413,0.0,0.0,0.0,0.0011950684048390864,0.0,1.01051641541159,0.27,0.06
911,0.0181419581186663,0.01885982898127871,0.0,3.469446951953614e-18,0.0007178708626124075,0.0,0.0,1.0106869097414604,0.27,0.06
912,0.0181419581186663,0.023807464881956942,0.0,1.734723475976807e-17,0.005665506763290626,0.0,0.0,1.012032467597742,0.27,0.06
913,0.02551835867240975,0.048794351233240434,0.0,0.0,0.023275992560830683,0.0,0.0,1.017560515830939,0.27,0.06
914,0.02551835867240975,0.05488987588480699,0.0,0.0,0.02937151721239724,0.0,0.0,1.0245362511688834,0.27,0.06
915,0.0175438715872817,0.05424724959432539,0.0,9.71445146547012e-17,0.0367033780070436,0.0,0.0,1.0332533034455562,0.27,0.06
916,0.0175438715872817,0.052900864244116226,0.0,0.0,0.03535699265683452,0.0,0.0,1.0416505892015544,0.27,0.06
917,0.021531115129845724,0.17064725189437774,0.0,0.0,0.149116136764532,0.0,0.0,1.0770656716831308,0.27,0.06
918,0.021531115129845724,0.14554053834995004,0.0,0.0,0.12400942322010432,0.0,0.0,1.1065179096979059,0.27,0.06
919,0.03149922398625575,0.07476006292603876,0.0,-4.85722573273506e-16,0.0432608389397835,0.0,0.0,1.1167923589461044,0.27,0.06
920,0.03149922398625575,0.05807917480002821,0.0,0.0,0.026579950813772457,0.0,0.0,1.1231050972643755,0.27,0.06
921,0.021132390775589326,0.026455936208632097,0.0,0.0,0.005323545433042771,0.0,0.0,1.124369439304723,0.27,0.06
922,0.021132390775589326,0.018786054252651743,0.0,0.0,0.0,0.002346336522937583,0.0,1.1237519823250026,0.27,0.06
923,0.018341320295794526,0.018096484256059978,-0.0,0.0,0.0,0.00024483603973468604,0.0,1.1236875517882303,0.27,0.06
924,0.018341320295794526,0.02001835993811043,0.0,0.0,0.0016770396423159036,0.0,0.0,1.1240858487032803,0.27,0.06
925,0.02212920166123035,0.02176697975463625,-0.0,0.0,0.0,0.0003622219065940978,0.0,1.1239905271489135,0.27,0.06
926,0.02212920166123035,0.02022128802348,0.0,0.0,0.0,0.0019079136377503497,0.0,1.1234884446126632,0.27,0.06
927,0.0173445094101535,0.01722341276753354,0.0,0.0,0.0,0.00012109664261995834,0.0,1.1234565770751317,0.27,0.06
928,0.0173445094101535,0.020579347210967193,0.0,0.0,0.003234837800813694,0.0,0.0,1.124224851052825,0.27,0.06
929,0.030701775277743,0.022581603998338116,0.0,-3.469446951953614e-18,0.0,0.00812017127940488,0.0,1.1220879638740342,0.27,0.06
930,0.030701775277743,0.016489256598788776,0.0,0.0,0.0,0.014212518678954223,0.0,1.1183478273795726,0.27,0.06
931,0.0311004996319995,0.016442502353313956,0.0,0.0,0.0,0.014657997278685546,0.0,1.1144904596746554,0.27,0.06
932,0.0311004996319995,0.015209065025639934,0.0,0.0,0.0,0.01589143460635957,0.0,1.1103085031992976,0.27,0.06
933,0.02492027214102515,0.006665244570516507,0.0,0.0,0.0,0.018255027570508644,0.0,1.1055045485754795,0.27,0.06
934,0.02492027214102515,0.0017267166582337376,0.0,0.0,0.0,0.023193555482791412,0.0,1.099400981343166,0.27,0.06
935,0.029704964392102,0.0,0.0,0.0,0.0,0.029704964392102,0.0,1.0915838854505076,0.27,0.06
936,0.029704964392102,0.0,0.0,0.0,0.0,0.029704964392102,0.0,1.083766789557849,0.27,0.06
937,0.0647927075666655,0.0,0.05797270907197,0.0,0.0,0.006819998494695501,0.0,1.0819720531118766,0.27,0.06
938,0.0647927075666655,0.0,0.0647927075666655,0.0,0.0,0.0,0.0,1.0819720531118766,0.27,0.06
939,0.04226478155117875,0.0,0.04226478155117875,0.0,0.0,0.0,0.0,1.0819720531118766,0.27,0.06
940,0.04226478155117875,0.0,0.0,0.0,0.0,0.04226478155117875,0.0,1.070849742177356,0.27,0.06
941,0.053628425647486,0.0,0.053628425647486,0.0,0.0,0.0,0.0,1.070849742177356,0.27,0.06
942,0.053628425647486,0.0,0.0,0.0,0.0,0.053628425647486,0.0,1.0567369985859123,0.27,0.06
943,0.06658696716081924,0.0,0.06658696716081924,0.0,0.0,0.0,0.0,1.056736998585912,0.27,0.06
944,0.06658696716081924,0.0,0.06658696716081902,0.0,0.0,2.220446049250313e-16,0.0,1.056736998585912,0.27,0.06
945,0.049641182104922,0.0,0.049641182104922,0.0,0.0,0.0,0.0,1.056736998585912,0.27,0.06
946,0.049641182104922,0.0,0.049641182104922,0.0,0.0,0.0,0.0,1.056736998585912,0.27,0.06
947,0.0500399064591785,0.0,0.0500399064591785,0.0,0.0,0.0,0.0,1.056736998585912,0.27,0.06
948,0.0500399064591785,0.0,0.0500399064591785,0.0,0.0,0.0,0.0,1.056736998585912,0.27,0.06
949,0.03289475922615325,0.0,0.03289475922615325,0.0,0.0,0.0,0.0,1.056736998585912,0.27,0.06
950,0.03289475922615325,0.0,0.0,-6.938893903907228e-18,0.0,0.032894759226153245,0.0,1.048080483000082,0.27,0.06
951,0.020534304244204726,0.0,0.0,0.0,0.0,0.020534304244204726,0.0,1.0426767187252914,0.27,0.06
952,0.020534304244204726,0.0,0.0,0.0,0.0,0.020534304244204726,0.0,1.0372729544505008,0.27,0.06
953,0.02392346125538415,0.0,0.02392346125538415,0.0,0.0,0.0,0.0,1.0372729544505008,0.27,0.06
954,0.02392346125538415,0.0,0.02392346125538415,0.0,0.0,0.0,0.0,1.0372729544505008,0.27,0.06
955,0.02611644520379425,0.0,0.02611644520379425,0.0,0.0,0.0,0.0,1.0372729544505008,0.27,0.06
956,0.02611644520379425,0.0,0.02611644520379425,0.0,0.0,0.0,0.0,1.0372729544505008,0.27,0.06
957,0.03448965664317875,0.0,0.03448965664317875,0.0,0.0,0.0,0.0,1.0372729544505008,0.27,0.06
958,0.03448965664317875,0.0,0.034489656643178754,0.0,0.0,-1.0408340855860843e-17,0.0,1.0372729544505008,0.27,0.06
959,0.22308627620645724,0.0,0.22308627620645724,0.0,0.0,0.0,0.0,1.0372729544505008,0.27,0.06
960,0.22308627620645724,0.0,0.22308627620645724,0.0,0.0,0.0,0.0,1.0372729544505008,0.27,0.06
961,0.114832614025844,0.0,0.114832614025844,0.0,0.0,0.0,0.0,1.0372729544505008,0.27,0.06
962,0.114832614025844,0.0,0.114832614025844,0.0,0.0,0.0,0.0,1.0372729544505008,0.27,0.06
963,0.04226478155117875,0.0,0.04226478155117875,0.0,0.0,0.0,0.0,1.0372729544505008,0.27,0.06
964,0.04226478155117875,0.0,0.04226478155117875,0.0,0.0,0.0,0.0,1.0372729544505008,0.27,0.06
965,0.035685829705948,0.0,0.03568582970594797,0.0,0.0,2.7755575615628914e-17,0.0,1.0372729544505008,0.27,0.06
966,0.035685829705948,0.0,0.035685829705948,0.0,0.0,0.0,0.0,1.0372729544505008,0.27,0.06
967,0.0380781758314865,0.0,0.0380781758314865,0.0,0.0,0.0,0.0,1.0372729544505008,0.27,0.06
968,0.0380781758314865,0.0,0.0380781758314865,0.0,0.0,0.0,0.0,1.0372729544505008,0.27,0.06
969,0.03389157011179425,0.0,0.03389157011179422,0.0,0.0,2.7755575615628914e-17,0.0,1.0372729544505006,0.27,0.06
970,0.03389157011179425,0.0,0.03389157011179425,0.0,0.0,0.0,0.0,1.0372729544505006,0.27,0.06
971,0.0253189964952815,0.0,0.0253189964952815,0.0,0.0,0.0,0.0,1.0372729544505006,0.27,0.06
972,0.0253189964952815,0.0,0.0,0.0,0.0,0.0253189964952815,0.0,1.030610060635953,0.27,0.06
973,0.032695397049025,0.0,0.032695397049025,0.0,0.0,0.0,0.0,1.030610060635953,0.27,0.06
974,0.032695397049025,0.0,0.032695397049025,0.0,0.0,0.0,0.0,1.030610060635953,0.27,0.06
975,0.04186605719692225,0.0,0.04186605719692225,0.0,0.0,0.0,0.0,1.030610060635953,0.27,0.06
976,0.04186605719692225,0.0,0.041866057196922254,0.0,0.0,-6.938893903907228e-18,0.0,1.030610060635953,0.27,0.06
977,0.02332537472399955,0.0,0.0,0.0,0.0,0.02332537472399955,0.0,1.0244718041296372,0.27,0.06
978,0.02332537472399955,0.0,0.02332537472399955,0.0,0.0,0.0,0.0,1.0244718041296372,0.27,0.06
979,0.03249603487189675,0.0,0.03249603487189675,0.0,0.0,0.0,0.0,1.0244718041296372,0.27,0.06
980,0.03249603487189675,0.0,0.03249603487189674,0.0,0.0,6.938893903907228e-18,0.0,1.0244718041296372,0.27,0.06
981,0.02691389391230725,0.0,0.02691389391230725,0.0,0.0,0.0,0.0,1.0244718041296372,0.27,0.06
982,0.02691389391230725,0.0,0.02691389391230725,0.0,0.0,0.0,0.0,1.0244718041296372,0.27,0.06
983,0.0149521632846151,0.0,0.0,0.0,0.0,0.0149521632846151,0.0,1.0205370243178964,0.27,0.06
984,0.0149521632846151,0.0,0.0,0.0,0.0,0.0149521632846151,0.0,1.0166022445061556,0.27,0.06
985,0.02771134262082,0.0,0.02771134262082,0.0,0.0,0.0,0.0,1.0166022445061556,0.27,0.06
986,0.02771134262082,0.0,0.02771134262082,0.0,0.0,0.0,0.0,1.0166022445061556,0.27,0.06
987,0.02332537472399955,0.0,0.0,0.0,0.0,0.02332537472399955,0.0,1.0104639879998398,0.27,0.06
988,0.02332537472399955,0.0,0.02332537472399955,0.0,0.0,0.0,0.0,1.0104639879998398,0.27,0.06
989,0.110047921774767,0.0,0.110047921774767,0.0,0.0,0.0,0.0,1.0104639879998398,0.27,0.06
990,0.110047921774767,0.0,0.110047921774767,0.0,0.0,0.0,0.0,1.0104639879998398,0.27,0.06
991,0.136762453509946,0.0,0.136762453509946,0.0,0.0,0.0,0.0,1.0104639879998398,0.27,0.06
992,0.136762453509946,0.0,0.136762453509946,0.0,0.0,0.0,0.0,1.0104639879998398,0.27,0.06
993,0.0687799511092295,0.001982351688467118,0.06679759942076238,0.0,0.0,0.0,0.0,1.0104639879998398,0.27,0.06
994,0.0687799511092295,0.005204469114119013,0.0635754819951105,0.0,0.0,0.0,0.0,1.0104639879998398,0.27,0.06
995,0.1242026363508695,0.01062369899185901,0.11357893735901049,0.0,0.0,0.0,0.0,1.0104639879998398,0.27,0.06
996,0.1242026363508695,0.017720942057565962,0.10648169429330354,0.0,0.0,0.0,0.0,1.0104639879998398,0.27,0.06
997,0.0440590411453325,0.00946806069914247,0.03459098044619004,0.0,0.0,0.0,0.0,1.0104639879998398,0.27,0.06
998,0.0440590411453325,0.01079025346196903,0.03326878768336347,0.0,0.0,0.0,0.0,1.0104639879998398,0.27,0.06
999,0.0332934835804095,0.007392043887193158,0.025901439693216337,0.0,0.0,0.0,0.0,1.0104639879998398,0.27,0.06
1000,0.0332934835804095,0.009603694973543664,0.0,0.0,0.0,0.02368978860686583,0.0,1.0042298331032962,0.27,0.06
1001,0.021531115129845724,0.008701688188192922,0.0,0.0,0.0,0.012829426941652802,0.0,1.0008536681186508,0.27,0.06
1002,0.021531115129845724,0.01828717627897291,0.0,0.0,0.0,0.003243938850872815,0.0,1.0,0.27,0.06
1003,0.0311004996319995,0.04305249496581166,0.0,-1.0408340855860843e-16,0.011951995333812266,0.0,0.0,1.0028385988917805,0.27,0.06
1004,0.0311004996319995,0.0475701210786231,0.0,0.0,0.0164696214466236,0.0,0.0,1.0067501339853535,0.27,0.06
1005,0.0291068778607175,0.06584144775309207,0.0,5.967448757360216e-16,0.036734569892373975,0.0,0.0,1.0154745943347925,0.27,0.06
1006,0.0291068778607175,0.07927877213588652,0.0,6.938893903907228e-16,0.05017189427516833,0.0,0.0,1.0273904192251448,0.27,0.06
1007,0.019537493358563723,0.06876338794405576,0.0,2.7755575615628914e-16,0.04922589458549176,0.0,0.0,1.0390815691891993,0.27,0.06
1008,0.019537493358563723,0.13381052198550297,0.0,0.0,0.11427302862693925,0.0,0.0,1.0662214134880974,0.27,0.06
1009,0.02292665036974315,0.17019094965515344,0.0,0.0,0.1472642992854103,0.0,0.0,1.1011966845683823,0.27,0.06
1010,0.02292665036974315,0.16935354603008929,0.0,0.0,0.14642689566034614,0.0,0.0,1.1359730722877144,0.27,0.06
1011,0.0161483363473843,0.21886609998320797,0.0,0.0,0.20271776363582367,0.0,0.0,1.1841185411512225,0.27,0.06
1012,0.0161483363473843,0.1539134362892524,0.0,0.0,0.13776509994186809,0.0,0.0,1.216837752387416,0.27,0.06
1013,0.0177432337644099,0.05806378389693338,0.0,0.0,0.04032055013252348,0.0,0.0,1.2264138830438904,0.27,0.06
1014,0.0177432337644099,0.03974335039202115,0.0,0.0,0.022000116627611248,0.0,0.0,1.2316389107429482,0.27,0.06
1015,0.0312998618091275,0.09433794304497053,0.0,0.0,0.06303808123584304,0.0,0.0,1.246610455036461,0.27,0.06
1016,0.0312998618091275,0.03712746320606472,0.0,0.0,0.005827601396937221,0.0,0.0,1.2479945103682335,0.27,0.06
1017,0.02611644520379425,0.037631446390269385,0.0,0.0,0.011515001186475134,0.0,0.0,1.2507293231500214,0.27,0.06
1018,0.02611644520379425,0.06493705198719113,0.0,6.106226635438361e-16,0.03882060678339627,0.0,0.0,1.259949217261078,0.27,0.06
1019,0.03149922398625575,0.08156806596241266,0.0,-7.771561172376096e-16,0.050068841976157685,0.0,0.0,1.2718405672304154,0.27,0.06
1020,0.03149922398625575,0.07445631278403368,0.0,4.440892098500626e-16,0.04295708879777749,0.0,0.0,1.2820428758198876,0.27,0.06
1021,0.021132390775589326,0.03930057830988139,0.0,0.0,0.01816818753429206,0.0,0.0,1.286357820359282,0.27,0.06
1022,0.021132390775589326,0.021550140922120927,0.0,0.0,0.0004177501465316008,0.0,0.0,1.2864570360190832,0.27,0.06
1023,0.0181419581186663,0.011331292327164472,0.0,0.0,0.0,0.006810665791501826,0.0,1.2846647555476354,0.27,0.06
1024,0.0181419581186663,0.011897256904523748,0.0,-8.673617379884035e-18,0.0,0.006244701214142542,0.0,1.283021413122861,0.27,0.06
1025,0.02611644520379425,0.015306969928784995,0.0,0.0,0.0,0.010809475275009256,0.0,1.2801768143662795,0.27,0.06
1026,0.02611644520379425,0.005778610263579632,0.0,0.0,0.0,0.02033783494021462,0.0,1.2748247525399072,0.27,0.06
1027,0.0165470607016407,0.002009020607410618,0.0,0.0,0.0,0.01453804009423008,0.0,1.27099895251511,0.27,0.06
1028,0.0165470607016407,0.0019135120629866654,0.0,0.0,0.0,0.014633548638654034,0.0,1.2671480186628326,0.27,0.06
1029,0.02511963431815325,0.001858619760197916,0.0,0.0,0.0,0.02326101455795442,0.0,1.2610266990423182,0.27,0.06
1030,0.02511963431815325,0.0006721183029746546,0.0,0.0,0.0,0.024447516015178593,0.0,1.2545931421962186,0.27,0.06
1031,0.02950560221497375,0.0,0.0,0.0,0.0,0.02950560221497375,0.0,1.2468285100343834,0.27,0.06
1032,0.02950560221497375,0.0,0.0,0.0,0.0,0.02950560221497375,0.0,1.2390638778725482,0.27,0.06
1033,0.02511963431815325,0.0,0.0,0.0,0.0,0.02511963431815325,0.0,1.2324534477888236,0.27,0.06
1034,0.02511963431815325,0.0,0.0,0.0,0.0,0.02511963431815325,0.0,1.225843017705099,0.27,0.06
1035,0.08692190922789575,0.0,0.04659887150915937,0.0,0.0,0.04032303771873638,0.0,1.215231691989642,0.27,0.06
1036,0.08692190922789575,0.0,0.0,0.0,0.0,0.08692190922789575,0.0,1.192357505350722,0.27,0.06
1037,0.04585330073948625,0.0,-6.938893903907228e-18,0.0,0.0,0.04585330073948626,0.0,1.1802908472613836,0.27,0.06
1038,0.04585330073948625,0.0,0.0,0.0,0.0,0.04585330073948625,0.0,1.168224189172045,0.27,0.06
1039,0.05223289040758875,0.0,0.0,0.0,0.0,0.05223289040758875,0.0,1.1544786916963639,0.27,0.06
1040,0.05223289040758875,0.0,0.05223289040758875,0.0,0.0,0.0,0.0,1.1544786916963639,0.27,0.06
1041,0.05542268524164,0.0,0.0,0.0,0.0,0.055422685241640623,0.0,1.139893774527511,0.27,0.06
1042,0.05542268524164,0.0,0.0,0.0,0.0,0.05542268524164,0.0,1.1253088573586585,0.27,0.06
1043,0.04924245775066575,0.0,0.0,0.0,0.0,0.04924245775066575,0.0,1.1123503158453254,0.27,0.06
1044,0.04924245775066575,0.0,0.0,0.0,0.0,0.04924245775066575,0.0,1.0993917743319925,0.27,0.06
1045,0.05083735516769125,0.0,0.0,0.0,0.0,0.05083735516769125,0.0,1.0860135229720738,0.27,0.06
1046,0.05083735516769125,0.0,0.0,0.0,0.0,0.05083735516769125,0.0,1.072635271612155,0.27,0.06
1047,0.07057421070338325,0.0,0.07057421070338325,0.0,0.0,0.0,0.0,1.072635271612155,0.27,0.06
1048,0.07057421070338325,0.0,0.07057421070338325,0.0,0.0,0.0,0.0,1.072635271612155,0.27,0.06
1049,0.062400361441127,0.0,0.062400361441127,0.0,0.0,0.0,0.0,1.072635271612155,0.27,0.06
1050,0.062400361441127,0.0,0.062400361441127,0.0,0.0,0.0,0.0,1.072635271612155,0.27,0.06
1051,0.07456145424594725,0.0,0.07456145424594725,0.0,0.0,0.0,0.0,1.072635271612155,0.27,0.06
1052,0.07456145424594725,0.0,0.07456145424594725,0.0,0.0,0.0,0.0,1.072635271612155,0.27,0.06
1053,0.0430622302596915,0.0,0.0430622302596915,0.0,0.0,0.0,0.0,1.072635271612155,0.27,0.06
1054,0.0430622302596915,0.0,0.0430622302596915,0.0,0.0,0.0,0.0,1.072635271612155,0.27,0.06
1055,0.09090915277045974,0.0,0.09090915277045974,0.0,0.0,0.0,0.0,1.072635271612155,0.27,0.06
1056,0.09090915277045974,0.0,0.09090915277045973,0.0,0.0,1.3877787807814457e-17,0.0,1.072635271612155,0.27,0.06
1057,0.0510367173448195,0.0,0.0510367173448195,0.0,0.0,0.0,0.0,1.072635271612155,0.27,0.06
1058,0.0510367173448195,0.0,0.05103671734481985,0.0,0.0,0.0,0.0,1.072635271612155,0.27,0.06
1059,0.1024721590438955,0.0,0.1024721590438955,0.0,0.0,0.0,0.0,1.072635271612155,0.27,0.06
1060,0.1024721590438955,0.0,0.1024721590438955,0.0,0.0,0.0,0.0,1.072635271612155,0.27,0.06
1061,0.12021539280830525,0.0,0.12021539280830525,0.0,0.0,0.0,0.0,1.072635271612155,0.27,0.06
1062,0.12021539280830525,0.0,0.12021539280830525,0.0,0.0,0.0,0.0,1.072635271612155,0.27,0.06
1063,0.02292665036974315,0.0,0.0,0.0,0.0,0.02292665036974315,0.0,1.0666019425674858,0.27,0.06
1064,0.02292665036974315,0.0,0.0,0.0,0.0,0.02292665036974315,0.0,1.0605686135228165,0.27,0.06
1065,0.013357265867589474,0.0,0.0,1.734723475976807e-18,0.0,0.013357265867589476,0.0,1.0570535435576613,0.27,0.06
1066,0.013357265867589474,0.0,0.0,0.0,0.0,0.013357265867589474,0.0,1.0535384735925062,0.27,0.06
1067,0.02212920166123035,0.0,0.022129201661230363,0.0,0.0,-1.3877787807814457e-17,0.0,1.0535384735925062,0.27,0.06
1068,0.02212920166123035,0.0,0.02212920166123035,0.0,0.0,0.0,0.0,1.0535384735925062,0.27,0.06
1069,0.02990432656923025,0.0,0.02990432656923025,0.0,0.0,0.0,0.0,1.0535384735925062,0.27,0.06
1070,0.02990432656923025,0.0,0.02990432656923025,0.0,0.0,0.0,0.0,1.0535384735925062,0.27,0.06
1071,0.02850879132933275,0.0,0.02850879132933275,0.0,0.0,0.0,0.0,1.0535384735925062,0.27,0.06
1072,0.02850879132933275,0.0,0.0,-3.469446951953614e-18,0.0,0.028508791329332747,0.0,1.046036160084787,0.27,0.06
1073,0.0291068778607175,0.0,0.0,0.0,0.0,0.0291068778607175,0.0,1.0383764553845982,0.27,0.06
1074,0.0291068778607175,0.0,0.0,0.0,0.0,0.0291068778607175,0.0,1.0307167506844095,0.27,0.06
1075,0.02312601254687135,0.0,0.0,0.0,0.0,0.02312601254687135,0.0,1.024630957908917,0.27,0.06
1076,0.02312601254687135,0.0,0.0,3.469446951953614e-18,0.0,0.023126012546871355,0.0,1.0185451651334245,0.27,0.06
1077,0.135765642624305,0.0,0.135765642624305,0.0,0.0,0.0,0.0,1.0185451651334245,0.27,0.06
1078,0.135765642624305,0.0,0.135765642624305,0.0,0.0,0.0,0.0,1.0185451651334245,0.27,0.06
1079,0.02651516955805075,0.0,0.02651516955805075,0.0,0.0,0.0,0.0,1.0185451651334245,0.27,0.06
1080,0.02651516955805075,0.0,0.02651516955805075,0.0,0.0,0.0,0.0,1.0185451651334245,0.27,0.06
1081,0.02192983948410215,0.0,0.02192983948410215,0.0,0.0,0.0,0.0,1.0185451651334245,0.27,0.06
1082,0.02192983948410215,0.0,0.02192983948410215,0.0,0.0,0.0,0.0,1.0185451651334245,0.27,0.06
1083,0.0293062400378455,0.0,0.029306240037845488,0.0,0.0,1.0408340855860843e-17,0.0,1.0185451651334245,0.27,0.06
1084,0.0293062400378455,0.0,0.0,0.0,0.0,0.0293062400378455,0.0,1.0108329967024126,0.27,0.06
1085,0.074362092068819,0.0,0.074362092068819,0.0,0.0,0.0,0.0,1.0108329967024126,0.27,0.06
1086,0.074362092068819,0.0,0.074362092068819,0.0,0.0,0.0,0.0,1.0108329967024126,0.27,0.06
1087,0.136762453509946,0.0,0.136762453509946,0.0,0.0,0.0,0.0,1.0108329967024126,0.27,0.06
1088,0.136762453509946,0.0,0.136762453509946,0.0,0.0,0.0,0.0,1.0108329967024126,0.27,0.06
1089,0.13755990221845876,0.003631590915208774,0.13392831130325,0.0,0.0,0.0,0.0,1.0108329967024126,0.27,0.06
1090,0.13755990221845876,0.006650432515541924,0.13090946970291684,0.0,0.0,0.0,0.0,1.0108329967024126,0.27,0.06
1091,0.0954944828444085,0.006411274997100213,0.08908320784730828,0.0,0.0,0.0,0.0,1.0108329967024126,0.27,0.06
1092,0.0954944828444085,0.008318010850548365,0.08717647199386012,0.0,0.0,0.0,0.0,1.0108329967024126,0.27,0.06
1093,0.028708153506461,0.003659804911358095,0.025048348595102903,0.0,0.0,0.0,0.0,1.0108329967024126,0.27,0.06
1094,0.028708153506461,0.004474826388867674,0.024233327117593323,0.0,0.0,0.0,0.0,1.0108329967024126,0.27,0.06
1095,0.0382775380086145,0.006270412953191037,0.03200712505542346,0.0,0.0,0.0,0.0,1.0108329967024126,0.27,0.06
1096,0.0382775380086145,0.005683032799938119,0.03259450520867638,0.0,0.0,0.0,0.0,1.0108329967024126,0.27,0.06
1097,0.0293062400378455,0.00470601703108031,0.0,0.0,0.0,0.02460022300676519,0.0,1.0043592538058954,0.27,0.06
1098,0.0293062400378455,0.01274107557544334,0.0,0.0,0.0,0.01656516446240216,0.0,1.0,0.27,0.06
1099,0.02252792601548675,0.032279738753769716,0.0,1.0061396160665481e-16,0.009751812738282864,0.0,0.0,1.002316055525342,0.27,0.06
1100,0.02252792601548675,0.03071592903707902,0.0,0.0,0.008188003021592269,0.0,0.0,1.0042607062429703,0.27,0.06
1101,0.02511963431815325,0.05478572984572877,0.0,0.0,0.02966609552757552,0.0,0.0,1.0113064039307695,0.27,0.06
1102,0.02511963431815325,0.051268413336572005,0.0,0.0,0.026148779018418757,0.0,0.0,1.017516738947644,0.27,0.06
1103,0.020733666421332925,0.04644746969585535,0.0,0.0,0.025713803274522426,0.0,0.0,1.0236237672253432,0.27,0.06
1104,0.020733666421332925,0.06066847623434465,0.0,0.0,0.03993480981301172,0.0,0.0,1.0331082845559334,0.27,0.06
1105,0.0149521632846151,0.047444304431489934,0.0,0.0,0.032492141146874834,0.0,0.0,1.0408251680783163,0.27,0.06
1106,0.0149521632846151,0.08284593173093684,0.0,0.0,0.06789376844632174,0.0,0.0,1.0569499380843177,0.27,0.06
1107,0.02212920166123035,0.13152098254891684,0.0,0.0,0.10939178088768649,0.0,0.0,1.0829304860451432,0.27,0.06
1108,0.02212920166123035,0.2505872752716578,0.0,-3.3306690738754696e-16,0.2284580736104278,0.0,0.0,1.1371892785276199,0.27,0.06
1109,0.02611644520379425,0.2911080486864307,0.0,-5.551115123125783e-17,0.2649916034826365,0.0,0.0,1.200124784354746,0.27,0.06
1110,0.02611644520379425,0.17997942438569442,0.0,0.0,0.15386297918190017,0.0,0.0,1.2366672419104474,0.27,0.06
1111,0.02312601254687135,0.15458708633372004,0.0,0.0,0.13146107378684868,0.0,0.0,1.267889246934824,0.27,0.06
1112,0.02312601254687135,0.0836677559827918,0.0,0.0,0.06054174343592045,0.0,0.0,1.282267911000855,0.27,0.06
1113,0.02372409907825595,0.04590141195395425,0.0,0.0,0.022177312875698303,0.0,0.0,1.2875350228088334,0.27,0.06
1114,0.02372409907825595,0.06647865934876944,0.0,0.0,0.04275456027051349,0.0,0.0,1.2976892308730803,0.27,0.06
1115,0.02771134262082,0.11340126871810322,0.0,0.0,0.08568992609728321,0.0,0.0,1.3180405883211852,0.27,0.06
1116,0.02771134262082,0.09508545701038452,0.0,0.0,0.06737411438956453,0.0,0.0,1.3340419404887067,0.27,0.06
1117,0.03050241310061475,0.09680838055215461,0.0,6.938893903907228e-16,0.06630596745153916,0.0,0.0,1.3497896077584473,0.27,0.06
1118,0.03050241310061475,0.056139385103820695,0.0,0.0,0.025636972003205943,0.0,0.0,1.3558783886092087,0.27,0.06
1119,0.02272728819261495,0.03450081252654835,0.0,0.0,0.011773524333933402,0.0,0.0,1.358674600638518,0.27,0.06
1120,0.02272728819261495,0.0409614968154475,0.0,0.0,0.01823420862283255,0.0,0.0,1.3630052251864404,0.27,0.06
1121,0.0301036887463585,0.04256099709544642,0.0,0.0,0.012457308349087919,0.0,0.0,1.365963835919349,0.27,0.06
1122,0.0301036887463585,0.031877344678116114,0.0,0.0,0.0017736559317576145,0.0,0.0,1.3663850792031413,0.27,0.06
1123,0.034689018820307,0.031669044770790356,0.0,0.0,0.0,0.0030199740495166424,0.0,1.3655903491901107,0.27,0.06
1124,0.034689018820307,0.01596702952490575,0.0,0.0,0.0,0.018721989295401247,0.0,1.3606635099018471,0.27,0.06
1125,0.102073434689639,0.018011461754241,0.0,0.0,0.0,0.08406197293539801,0.0,1.3385419380767425,0.27,0.06
1126,0.102073434689639,0.008072307724433521,0.0,0.0,0.0,0.09400112696520549,0.0,1.3138047994016884,0.27,0.06
1127,0.05223289040758875,0.0,0.0,0.0,0.0,0.05223289040758875,0.0,1.3000593019260072,0.27,0.06
1128,0.05223289040758875,0.0,0.0,0.0,0.0,0.05223289040758875,0.0,1.286313804450326,0.27,0.06
1129,0.043660316791076,0.0,0.0,0.0,0.0,0.043660316791076,0.0,1.2748242474000426,0.27,0.06
1130,0.043660316791076,0.0,0.0,0.0,0.0,0.043660316791076,0.0,1.2633346903497595,0.27,0.06
1131,0.0400717976027685,0.0,0.0,0.0,0.0,0.04007179760276883,0.0,1.252789480454294,0.27,0.06
1132,0.0400717976027685,0.0,0.0,0.0,0.0,0.0400717976027685,0.0,1.2422442705588288,0.27,0.06
1133,0.05582140959589625,0.0,0.0,0.0,0.0,0.05582140959589625,0.0,1.2275544259283298,0.27,0.06
1134,0.05582140959589625,0.0,0.0,0.0,0.0,0.05582140959589625,0.0,1.2128645812978307,0.27,0.06
1135,0.05562204741876825,0.0,0.0,0.0,0.0,0.05562204741876825,0.0,1.198227200398155,0.27,0.06
1136,0.05562204741876825,0.0,0.0,0.0,0.0,0.05562204741876825,0.0,1.183589819498479,0.27,0.06
1137,0.045653938562358,0.0,0.0,0.0,0.0,0.045653938562358,0.0,1.1715756251399638,0.27,0.06
1138,0.045653938562358,0.0,0.0,0.0,0.0,0.045653938562358,0.0,1.1595614307814486,0.27,0.06
1139,0.02691389391230725,0.0,0.0,3.469446951953614e-18,0.0,0.026913893912307252,0.0,1.152478827120315,0.27,0.06
1140,0.02691389391230725,0.0,0.0,0.0,0.0,0.02691389391230725,0.0,1.1453962234591815,0.27,0.06
1141,0.0159489741702561,0.0,0.0,0.0,0.0,0.0159489741702561,0.0,1.1411991249933247,0.27,0.06
1142,0.0159489741702561,0.0,0.0,0.0,0.0,0.0159489741702561,0.0,1.1370020265274678,0.27,0.06
1143,0.0173445094101535,0.0,0.0,0.0,0.0,0.0173445094101535,0.0,1.1324376819458486,0.27,0.06
1144,0.0173445094101535,0.0,0.0,0.0,0.0,0.0173445094101535,0.0,1.1278733373642291,0.27,0.06
1145,0.018341320295794526,0.0,0.0,0.0,0.0,0.018341320295794526,0.0,1.1230466741284937,0.27,0.06
1146,0.018341320295794526,0.0,0.0,0.0,0.0,0.018341320295794526,0.0,1.1182200108927585,0.27,0.06
1147,0.0151515254617433,0.0,0.0,0.0,0.0,0.0151515254617433,0.0,1.1142327673501944,0.27,0.06
1148,0.0151515254617433,0.0,0.0,8.673617379884035e-18,0.0,0.01515152546174331,0.0,1.1102455238076303,0.27,0.06
1149,0.08452956310235725,0.0,0.08452956310235725,0.0,0.0,0.0,0.0,1.1102455238076303,0.27,0.06
1150,0.08452956310235725,0.0,0.08452956310235725,0.0,0.0,0.0,0.0,1.1102455238076303,0.27,0.06
1151,0.2254786223319955,0.0,0.2254786223319955,0.0,0.0,0.0,0.0,1.1102455238076303,0.27,0.06
1152,0.2254786223319955,0.0,0.2254786223319955,0.0,0.0,0.0,0.0,1.1102455238076303,0.27,0.06
1153,0.08532701181087,0.0,0.08532701181087,0.0,0.0,0.0,0.0,1.1102455238076303,0.27,0.06
1154,0.08532701181087,0.0,0.08532701181087,0.0,0.0,0.0,0.0,1.1102455238076303,0.27,0.06
1155,0.11164281919179275,0.0,0.11164281919179275,0.0,0.0,0.0,0.0,1.1102455238076303,0.27,0.06
1156,0.11164281919179275,0.0,0.11130709138515567,0.0,0.0,0.00033572780663708446,0.0,1.110157174384831,0.27,0.06
1157,0.072368470297537,0.0,0.072368470297537,0.0,0.0,0.0,0.0,1.110157174384831,0.27,0.06
1158,0.072368470297537,0.0,0.07236847029753701,0.0,0.0,-3.2959746043559335e-17,0.0,1.110157174384831,0.27,0.06
1159,0.03748008930010175,0.0,0.0,0.0,0.0,0.03748008930010175,0.0,1.1002939929900675,0.27,0.06
1160,0.03748008930010175,0.0,0.0,0.0,0.0,0.03748008930010175,0.0,1.0904308115953039,0.27,0.06
1161,0.02212920166123035,0.0,0.0,0.0,0.0,0.02212920166123035,0.0,1.0846073374739273,0.27,0.06
1162,0.02212920166123035,0.0,0.02212920166123035,0.0,0.0,0.0,0.0,1.0846073374739273,0.27,0.06
1163,0.0171451472330253,0.0,0.0,-3.469446951953614e-18,0.0,0.017145147233025296,0.0,1.0800954566231311,0.27,0.06
1164,0.0171451472330253,0.0,0.0,0.0,0.0,0.0171451472330253,0.0,1.075583575772335,0.27,0.06
1165,0.021132390775589326,0.0,0.0,0.0,0.0,0.021132390775589326,0.0,1.0700224203050748,0.27,0.06
1166,0.021132390775589326,0.0,0.0,6.938893903907228e-18,0.0,0.021132390775589333,0.0,1.0644612648378144,0.27,0.06
1167,0.0145534389303587,0.0,0.0,1.734723475976807e-18,0.0,0.014553438930358702,0.0,1.06063141248772,0.27,0.06
1168,0.0145534389303587,0.0,0.0145534389303587,0.0,0.0,0.0,0.0,1.06063141248772,0.27,0.06
1169,0.07157102158902424,0.0,0.07157102158902422,0.0,0.0,2.7755575615628914e-17,0.0,1.06063141248772,0.27,0.06
1170,0.07157102158902424,0.0,0.07157102158902424,0.0,0.0,0.0,0.0,1.06063141248772,0.27,0.06
1171,0.1421452322924075,0.0,0.1421452322924075,0.0,0.0,0.0,0.0,1.06063141248772,0.27,0.06
1172,0.1421452322924075,0.0,0.1421452322924075,0.0,0.0,0.0,0.0,1.06063141248772,0.27,0.06
1173,0.095095758490152,0.0,0.095095758490152,0.0,0.0,0.0,0.0,1.06063141248772,0.27,0.06
1174,0.095095758490152,0.0,0.095095758490152,0.0,0.0,0.0,0.0,1.06063141248772,0.27,0.06
1175,0.044657127676717,0.0,0.0,0.0,0.0,0.044657127676717,0.0,1.0488795367833208,0.27,0.06
1176,0.044657127676717,0.0,0.044657127676717,0.0,0.0,0.0,0.0,1.0488795367833208,0.27,0.06
1177,0.12500008505938226,0.0,0.12500008505938226,0.0,0.0,0.0,0.0,1.0488795367833208,0.27,0.06
1178,0.12500008505938226,0.0,0.12500008505938226,0.0,0.0,0.0,0.0,1.0488795367833208,0.27,0.06
1179,0.05821375572143475,0.0,0.0,0.0,0.0,0.05821375572143475,0.0,1.0335601273829433,0.27,0.06
1180,0.05821375572143475,0.0,0.05821375572143475,0.0,0.0,0.0,0.0,1.0335601273829433,0.27,0.06
1181,0.026714531735179,0.0,0.026714531735179,0.0,0.0,0.0,0.0,1.0335601273829433,0.27,0.06
1182,0.026714531735179,0.0,0.026714531735179015,0.0,0.0,-1.3877787807814457e-17,0.0,1.0335601273829433,0.27,0.06
1183,0.08393147657097275,0.0,0.08393147657097275,0.0,0.0,0.0,0.0,1.0335601273829433,0.27,0.06
1184,0.08393147657097275,0.0,0.08393147657097275,0.0,0.0,0.0,0.0,1.0335601273829433,0.27,0.06
1185,0.03787881365435825,0.0026049919322436526,0.0352738217221146,0.0,0.0,0.0,0.0,1.0335601273829433,0.27,0.06
1186,0.03787881365435825,0.0071324479540000735,0.03074636570035818,0.0,0.0,0.0,0.0,1.0335601273829433,0.27,0.06
1187,0.02751198044369175,0.002767184393438787,0.0,-3.469446951953614e-18,0.0,0.024744796050252958,0.0,1.0270483389486662,0.27,0.06
1188,0.02751198044369175,0.0038522534514415898,0.0,0.0,0.0,0.02365972699225016,0.0,1.0208220950033373,0.27,0.06
1189,0.0271132560894355,0.005151635526953774,0.0,0.0,0.0,0.021961620562481726,0.0,1.0150427211711053,0.27,0.06
1190,0.0271132560894355,0.013234779068517853,0.0,0.0,0.0,0.013878477020917646,0.0,1.0113904903761268,0.27,0.06
1191,0.021531115129845724,0.007249790048767293,0.0,1.734723475976807e-18,0.0,0.014281325081078433,0.0,1.0076322469337378,0.27,0.06
1192,0.021531115129845724,0.003450543532024108,0.0,0.0,0.0,0.018080571597821615,0.0,1.0028742017764163,0.27,0.06
1193,0.02492027214102515,0.005282984056135638,0.01963728808488951,0.0,0.0,0.0,0.0,1.0028742017764163,0.27,0.06
1194,0.02492027214102515,0.009687166722712168,0.015233105418312982,0.0,0.0,0.0,0.0,1.0028742017764163,0.27,0.06
1195,0.04385967896820425,0.03359934329406282,0.010260335674141433,0.0,0.0,0.0,0.0,1.0028742017764163,0.27,0.06
1196,0.04385967896820425,0.030128464509343287,0.013731214458860965,0.0,0.0,0.0,0.0,1.0028742017764163,0.27,0.06
1197,0.019537493358563723,0.014592861549078419,0.0,0.0,0.0,0.004944631809485305,0.0,1.0015729828791833,0.27,0.06
1198,0.019537493358563723,0.0214109418266925,0.0,-5.204170427930421e-17,0.0018734484681288271,0.0,0.0,1.002017926890364,0.27,0.06
1199,0.03548646752881975,0.045270004236481205,0.0,0.0,0.009783536707661453,0.0,0.0,1.0043415168584335,0.27,0.06
1200,0.03548646752881975,0.09109743196554931,0.0,-1.8735013540549517e-16,0.05561096443672975,0.0,0.0,1.0175491209121568,0.27,0.06
1201,0.0372807271229735,0.09237006386538407,0.0,6.938893903907228e-18,0.055089336742410566,0.0,0.0,1.0306328383884793,0.27,0.06
1202,0.0372807271229735,0.13626912884316292,0.0,0.0,0.09898840172018941,0.0,0.0,1.0541425837970244,0.27,0.06
1203,0.02551835867240975,0.06219782250168309,0.0,2.220446049250313e-16,0.03667946382927312,0.0,0.0,1.0628539564564767,0.27,0.06
1204,0.02551835867240975,0.05117883280008081,0.0,0.0,0.025660474127671057,0.0,0.0,1.0689483190617983,0.27,0.06
1205,0.010366833210666474,0.01946883221127329,0.0,0.0,0.009101999000606814,0.0,0.0,1.0711100438244425,0.27,0.06
1206,0.010366833210666474,0.012214362034426923,0.0,0.0,0.001847528823760448,0.0,0.0,1.0715488319200857,0.27,0.06
1207,0.0167464228787689,0.022364596158992344,0.0,0.0,0.005618173280223446,0.0,0.0,1.072883148074139,0.27,0.06
1208,0.0167464228787689,0.03224168243249693,0.0,0.0,0.01549525955372803,0.0,0.0,1.0765632722181493,0.27,0.06
1209,0.00937002232502545,0.010405436678927845,0.0,0.0,0.0010354143539023954,0.0,0.0,1.076809183127201,0.27,0.06
1210,0.00937002232502545,0.006484355811056395,0.0,0.0,-0.0,0.0028856665139694207,0.0,1.0760497972024723,0.27,0.06
1211,0.012161092804820275,0.01436779291881806,0.0,-2.5326962749261384e-16,0.002206700113998039,0.0,0.0,1.0765738884795468,0.27,0.06
1212,0.012161092804820275,0.027659632259828454,0.0,0.0,0.015498539455008179,0.0,0.0,1.0802547916001113,0.27,0.06
1213,0.0253189964952815,0.019302655426843368,0.0,0.0,0.0,0.006016341068438132,0.0,1.0786715439505223,0.27,0.06
1214,0.0253189964952815,0.018389798680527838,0.0,0.0,0.0,0.006929197814753662,0.0,1.0768480708413768,0.27,0.06
1215,0.0263158073809225,0.01343185687682981,0.0,1.734723475976807e-18,0.0,0.01288395050409269,0.0,1.073457557550826,0.27,0.06
1216,0.0263158073809225,0.010696544151158373,0.0,0.0,0.0,0.015619263229764126,0.0,1.0693472251219407,0.27,0.06
1217,0.019537493358563723,0.0056831939803870905,0.0,3.469446951953614e-18,0.0,0.013854299378176636,0.0,1.065701356864526,0.27,0.06
1218,0.019537493358563723,0.0047386425495909495,0.0,0.0,0.0,0.014798850808972773,0.0,1.061806922441112,0.27,0.06
1219,0.02232856383835855,0.0041261860170327186,0.0,3.469446951953614e-18,0.0,0.018202377821325832,0.0,1.0570168230144472,0.27,0.06
1220,0.02232856383835855,0.003080508804118928,0.0,3.469446951953614e-18,0.0,0.019248055034239625,0.0,1.051951545373858,0.27,0.06
1221,0.0175438715872817,0.0015271286633543166,0.0,0.0,0.0,0.016016742923927386,0.0,1.047736613025456,0.27,0.06
1222,0.0175438715872817,0.0005530052406384163,0.0,6.938893903907228e-18,0.0,0.01699086634664329,0.0,1.0432653324079182,0.27,0.06
1223,0.019736855535691926,0.0,-0.0,0.0,0.0,0.019736855535691957,0.0,1.0380714230564203,0.27,0.06
1224,0.019736855535691926,0.0,0.0,0.0,0.0,0.019736855535691926,0.0,1.0328775137049222,0.27,0.06
1225,0.0253189964952815,0.0,0.0,0.0,0.0,0.0253189964952815,0.0,1.0262146198903745,0.27,0.06
1226,0.0253189964952815,0.0,0.0,0.0,0.0,0.0253189964952815,0.0,1.019551726075827,0.27,0.06
1227,0.2567784841411225,0.0,0.2567784841411225,0.0,0.0,0.0,0.0,1.019551726075827,0.27,0.06
1228,0.2567784841411225,0.0,0.2567784841411225,0.0,0.0,0.0,0.0,1.019551726075827,0.27,0.06
1229,0.3305424896785575,0.0,0.3305424896785575,0.0,0.0,0.0,0.0,1.019551726075827,0.27,0.06
1230,0.3305424896785575,0.0,0.3305424896785575,0.0,0.0,-2.7755575615628914e-17,0.0,1.019551726075827,0.27,0.06
1231,0.10486450516943376,0.0,0.10486450516943376,0.0,0.0,0.0,0.0,1.019551726075827,0.27,0.06
1232,0.10486450516943376,0.0,0.10486450516943376,0.0,0.0,0.0,0.0,1.019551726075827,0.27,0.06
1233,0.03628391623733275,0.0,0.03628391623733275,0.0,0.0,0.0,0.0,1.019551726075827,0.27,0.06
1234,0.03628391623733275,0.0,0.03628391623733275,0.0,0.0,0.0,0.0,1.019551726075827,0.27,0.06
1235,0.045653938562358,0.0,0.045653938562358,0.0,0.0,0.0,0.0,1.019551726075827,0.27,0.06
1236,0.045653938562358,0.0,0.045653938562358,0.0,0.0,0.0,0.0,1.019551726075827,0.27,0.06
1237,0.049641182104922,0.0,0.049641182104922,0.0,0.0,0.0,0.0,1.019551726075827,0.27,0.06
1238,0.049641182104922,0.0,0.049641182104922,0.0,0.0,0.0,0.0,1.019551726075827,0.27,0.06
1239,0.06758377804646025,0.0,0.06758377804646025,0.0,0.0,0.0,0.0,1.019551726075827,0.27,0.06
1240,0.06758377804646025,0.0,0.06758377804646025,0.0,0.0,0.0,0.0,1.019551726075827,0.27,0.06
1241,0.145534389303587,0.0,0.145534389303587,0.0,0.0,0.0,0.0,1.019551726075827,0.27,0.06
1242,0.145534389303587,0.0,0.145534389303587,0.0,0.0,0.0,0.0,1.019551726075827,0.27,0.06
1243,0.11762368450563875,0.0,0.11762368450563875,0.0,0.0,0.0,0.0,1.019551726075827,0.27,0.06
1244,0.11762368450563875,0.0,0.11762368450563875,0.0,0.0,0.0,0.0,1.019551726075827,0.27,0.06
1245,0.13197776125886926,0.0,0.13197776125886926,0.0,0.0,0.0,0.0,1.019551726075827,0.27,0.06
1246,0.13197776125886926,0.0,0.13197776125886926,0.0,0.0,0.0,0.0,1.019551726075827,0.27,0.06
1247,0.07994423302840875,0.0,0.07994423302840875,0.0,0.0,0.0,0.0,1.019551726075827,0.27,0.06
1248,0.07994423302840875,0.0,0.07994423302840875,0.0,0.0,0.0,0.0,1.019551726075827,0.27,0.06
1249,0.18939406827179125,0.0,0.18939406827179125,0.0,0.0,0.0,0.0,1.019551726075827,0.27,0.06
1250,0.18939406827179125,0.0,0.18939406827179125,0.0,0.0,0.0,0.0,1.019551726075827,0.27,0.06
1251,0.0610048262012295,0.0,0.0610048262012295,0.0,0.0,0.0,0.0,1.019551726075827,0.27,0.06
1252,0.0610048262012295,0.0,0.0610048262012295,0.0,0.0,0.0,0.0,1.019551726075827,0.27,0.06
1253,0.0610048262012295,0.0,0.0610048262012295,0.0,0.0,0.0,0.0,1.019551726075827,0.27,0.06
1254,0.0610048262012295,0.0,0.0610048262012295,0.0,0.0,0.0,0.0,1.019551726075827,0.27,0.06
1255,0.150518443731792,0.0,0.150518443731792,0.0,0.0,0.0,0.0,1.019551726075827,0.27,0.06
1256,0.150518443731792,0.0,0.150518443731792,0.0,0.0,0.0,0.0,1.019551726075827,0.27,0.06
1257,0.04545457638523,0.0,0.04545457638522998,0.0,0.0,0.0,0.0,1.019551726075827,0.27,0.06
1258,0.04545457638523,0.0,0.04545457638523,0.0,0.0,0.0,0.0,1.019551726075827,0.27,0.06
1259,0.03189794834051225,0.0,0.03189794834051225,0.0,0.0,0.0,0.0,1.019551726075827,0.27,0.06
1260,0.03189794834051225,0.0,0.03189794834051225,0.0,0.0,0.0,0.0,1.019551726075827,0.27,0.06
1261,0.02392346125538415,0.0,0.02392346125538415,0.0,0.0,0.0,0.0,1.019551726075827,0.27,0.06
1262,0.02392346125538415,0.0,0.02392346125538415,0.0,0.0,0.0,0.0,1.019551726075827,0.27,0.06
1263,0.03189794834051225,0.0,0.03189794834051225,0.0,0.0,0.0,0.0,1.019551726075827,0.27,0.06
1264,0.03189794834051225,0.0,0.03189794834051225,0.0,0.0,0.0,0.0,1.019551726075827,0.27,0.06
1265,0.0312998618091275,0.0,0.0312998618091275,0.0,0.0,0.0,0.0,1.019551726075827,0.27,0.06
1266,0.0312998618091275,0.0,0.0312998618091275,0.0,0.0,0.0,0.0,1.019551726075827,0.27,0.06
1267,0.04126797066553775,0.0,0.04126797066553775,0.0,0.0,0.0,0.0,1.019551726075827,0.27,0.06
1268,0.04126797066553775,0.0,0.04126797066553775,0.0,0.0,0.0,0.0,1.019551726075827,0.27,0.06
1269,0.02771134262082,0.0,0.02771134262082,0.0,0.0,0.0,0.0,1.019551726075827,0.27,0.06
1270,0.02771134262082,0.0,0.02771134262082,0.0,0.0,0.0,0.0,1.019551726075827,0.27,0.06
1271,0.02691389391230725,0.0,0.026913893912307255,0.0,0.0,-6.938893903907228e-18,0.0,1.019551726075827,0.27,0.06
1272,0.02691389391230725,0.0,0.02691389391230725,0.0,0.0,0.0,0.0,1.019551726075827,0.27,0.06
1273,0.02412282343251235,0.0,0.02412282343251235,0.0,0.0,0.0,0.0,1.019551726075827,0.27,0.06
1274,0.02412282343251235,0.0,0.02412282343251235,0.0,0.0,0.0,0.0,1.019551726075827,0.27,0.06
1275,0.04246414372830675,0.0,0.04246414372830675,0.0,0.0,0.0,0.0,1.019551726075827,0.27,0.06
1276,0.04246414372830675,0.0,0.04246414372830675,0.0,0.0,0.0,0.0,1.019551726075827,0.27,0.06
1277,0.1688597640275865,0.0,0.1688597640275865,0.0,0.0,0.0,0.0,1.019551726075827,0.27,0.06
1278,0.1688597640275865,0.0,0.1688597640275865,0.0,0.0,0.0,0.0,1.019551726075827,0.27,0.06
1279,0.11423452749445925,0.0,0.11423452749445925,0.0,0.0,0.0,0.0,1.019551726075827,0.27,0.06
1280,0.11423452749445925,0.0,0.11423452749445925,0.0,0.0,0.0,0.0,1.019551726075827,0.27,0.06
1281,0.108054300003485,0.008642561477913575,0.09941173852557142,0.0,0.0,0.0,0.0,1.019551726075827,0.27,0.06
1282,0.108054300003485,0.014496100037618838,0.09355819996586616,0.0,0.0,0.0,0.0,1.019551726075827,0.27,0.06
1283,0.0629984479725115,0.010440941717411339,0.052557506255100264,0.0,0.0,0.0,0.0,1.019551726075827,0.27,0.06
1284,0.0629984479725115,0.014307668774368173,0.048690779198143325,0.0,0.0,0.0,0.0,1.019551726075827,0.27,0.06
1285,0.1224083767567155,0.026876483430221396,0.0955318933264941,0.0,0.0,0.0,0.0,1.019551726075827,0.27,0.06
1286,0.1224083767567155,0.025633047529988226,0.09677532922672726,0.0,0.0,0.0,0.0,1.019551726075827,0.27,0.06
1287,0.0312998618091275,0.008887392840676345,0.0,-3.469446951953614e-18,0.0,0.02241246896845115,0.0,1.0136537079262344,0.27,0.06
1288,0.0312998618091275,0.01179462409025824,0.0,0.0,0.0,0.019505237718869257,0.0,1.0085207506317952,0.27,0.06
1289,0.0291068778607175,0.009606569342193954,0.0,0.0,0.0,0.019500308518523544,0.0,1.0033890904953418,0.27,0.06
1290,0.0291068778607175,0.01622833397841896,0.0,0.0,0.0,0.012878543882298539,0.0,1.0,0.27,0.06
1291,0.02751198044369175,0.050701012464455956,0.0,-5.551115123125783e-17,0.023189032020764264,0.0,0.0,1.0055073951049316,0.27,0.06
1292,0.02751198044369175,0.04046442980269197,0.0,0.0,0.012952449359000223,0.0,0.0,1.0085836018276941,0.27,0.06
1293,0.0169457850558971,0.030223781003756393,0.0,0.0,0.013277995947859292,0.0,0.0,1.0117371258653105,0.27,0.06
1294,0.0169457850558971,0.053887503074947496,0.0,0.0,0.0369417180190504,0.0,0.0,1.020510783894835,0.27,0.06
1295,0.0179425959415381,0.11461404215115766,0.0,0.0,0.09667144620961955,0.0,0.0,1.0434702523696195,0.27,0.06
1296,0.0179425959415381,0.07593499660431921,0.0,-5.551115123125783e-16,0.05799240066278166,0.0,0.0,1.0572434475270303,0.27,0.06
1297,0.02472090996389695,0.0515084189552515,0.0,0.0,0.026787508991354552,0.0,0.0,1.063605480912477,0.27,0.06
1298,0.02472090996389695,0.06634865023122309,0.0,-4.85722573273506e-16,0.04162774026732663,0.0,0.0,1.073492069225967,0.27,0.06
1299,0.0151515254617433,0.062015278435837276,0.0,1.3183898417423734e-16,0.04686375297409384,0.0,0.0,1.0846222105573144,0.27,0.06
1300,0.0151515254617433,0.06206862158563381,0.0,6.730727086790012e-16,0.046917096123889834,0.0,0.0,1.0957650208867382,0.27,0.06
1301,0.02771134262082,0.1354156088763218,0.0,0.0,0.10770426625550181,0.0,0.0,1.12134478412242,0.27,0.06
1302,0.02771134262082,0.07423219494094875,0.0,3.8163916471489756e-16,0.04652085232012837,0.0,0.0,1.1323934865484504,0.27,0.06
1303,0.03748008930010175,0.06487892476526438,0.0,0.0,0.027398835465162634,0.0,0.0,1.1389007099714266,0.27,0.06
1304,0.03748008930010175,0.04052955893638199,0.0,0.0,0.003049469636280243,0.0,0.0,1.1396249590100431,0.27,0.06
1305,0.03050241310061475,0.0207002585113471,0.0,0.0,0.0,0.009802154589267652,0.0,1.1370454446444462,0.27,0.06
1306,0.03050241310061475,0.017120389150582917,0.0,0.0,0.0,0.013382023950031834,0.0,1.133523859394438,0.27,0.06
1307,0.020135579889948324,0.01499965976105365,0.0,0.0,0.0,0.005135920128894675,0.0,1.1321723014657814,0.27,0.06
1308,0.020135579889948324,0.022270853620925297,0.0,0.0,0.0021352737309769734,0.0,0.0,1.1326794289768884,0.27,0.06
1309,0.02412282343251235,0.021729323004570446,0.0,-5.204170427930421e-18,0.0,0.0023935004279418987,0.0,1.1320495604432195,0.27,0.06
1310,0.02412282343251235,0.012745320233473483,0.0,0.0,0.0,0.011377503199038868,0.0,1.1290554806539987,0.27,0.06
1311,0.019936217712820125,0.007782436304743608,0.0,0.0,0.0,0.012153781408076516,0.0,1.1258571171255576,0.27,0.06
1312,0.019936217712820125,0.009857692859597986,0.0,0.0,0.0,0.010078524853221672,0.0,1.1232048737431308,0.27,0.06
1313,0.0175438715872817,0.0034220354444291683,0.0,0.0,0.0,0.014121836142852534,0.0,1.119488601073959,0.27,0.06
1314,0.0175438715872817,0.0038088375151228105,0.0,0.0,0.0,0.01373503407215889,0.0,1.115874118423391,0.27,0.06
1315,0.02212920166123035,0.007750616522837868,0.0,0.0,0.0,0.01437858513839248,0.0,1.112090280229077,0.27,0.06
1316,0.02212920166123035,0.0031303019211559625,0.0,0.0,0.0,0.018998899740074387,0.0,1.1070905697711628,0.27,0.06
1317,0.0283094291522045,0.0037726160819076347,0.0,3.469446951953614e-18,0.0,0.024536813070296867,0.0,1.100633513700032,0.27,0.06
1318,0.0283094291522045,0.0007857549450121822,0.027523674207192317,0.0,0.0,0.0,0.0,1.100633513700032,0.27,0.06
1319,0.02292665036974315,1.4985588482486033e-05,0.0,0.0,0.0,0.022911664781260662,0.0,1.0946041282312793,0.27,0.06
1320,0.02292665036974315,0.0,0.0,0.0,0.0,0.02292665036974315,0.0,1.0885707991866098,0.27,0.06
1321,0.285287275470455,0.0,0.1927375433662557,0.0,0.0,0.09254973210419931,0.0,1.06421560652761,0.27,0.06
1322,0.285287275470455,0.0,0.285287275470455,0.0,0.0,0.0,0.0,1.06421560652761,0.27,0.06
1323,0.05223289040758875,0.0,0.0,0.0,0.0,0.05223289040758875,0.0,1.0504701090519288,0.27,0.06
1324,0.05223289040758875,0.0,0.0,3.469446951953614e-18,0.0,0.05223289040758876,0.0,1.0367246115762476,0.27,0.06
1325,0.04326159243681975,0.0,0.04326159243681975,0.0,0.0,0.0,0.0,1.0367246115762476,0.27,0.06
1326,0.04326159243681975,0.0,0.04326159243681975,0.0,0.0,0.0,0.0,1.0367246115762476,0.27,0.06
1327,0.04764756033364,0.0,0.04764756033364,0.0,0.0,0.0,0.0,1.0367246115762476,0.27,0.06
1328,0.04764756033364,0.0,0.04764756033364,0.0,0.0,0.0,0.0,1.0367246115762476,0.27,0.06
1329,0.05522332306451175,0.0,0.05522332306451175,0.0,0.0,0.0,0.0,1.0367246115762476,0.27,0.06
1330,0.05522332306451175,0.0,0.05522332306451175,0.0,0.0,0.0,0.0,1.0367246115762476,0.27,0.06
1331,0.04685011162512725,0.0,0.04685011162512725,0.0,0.0,0.0,0.0,1.0367246115762476,0.27,0.06
1332,0.04685011162512725,0.0,0.04685011162512726,0.0,0.0,-1.3877787807814457e-17,0.0,1.0367246115762476,0.27,0.06
1333,0.039673073248512,0.0,0.039673073248512,0.0,0.0,0.0,0.0,1.0367246115762476,0.27,0.06
1334,0.039673073248512,0.0,0.039673073248512,0.0,0.0,0.0,0.0,1.0367246115762476,0.27,0.06
1335,0.0263158073809225,0.0,0.0263158073809225,0.0,0.0,0.0,0.0,1.0367246115762476,0.27,0.06
1336,0.0263158073809225,0.0,0.0263158073809225,0.0,0.0,0.0,0.0,1.0367246115762476,0.27,0.06
1337,0.020534304244204726,0.0,0.020534304244204715,0.0,0.0,1.0408340855860843e-17,0.0,1.0367246115762476,0.27,0.06
1338,0.020534304244204726,0.0,0.0,0.0,0.0,0.020534304244204726,0.0,1.031320847301457,0.27,0.06
1339,0.0153508876388715,0.0,0.0,0.0,0.0,0.0153508876388715,0.0,1.0272811400280697,0.27,0.06
1340,0.0153508876388715,0.0,0.0,0.0,0.0,0.0153508876388715,0.0,1.0232414327546824,0.27,0.06
1341,0.0867225470507675,0.0,0.0867225470507675,0.0,0.0,0.0,0.0,1.0232414327546824,0.27,0.06
1342,0.0867225470507675,0.0,0.0867225470507675,0.0,0.0,0.0,0.0,1.0232414327546824,0.27,0.06
1343,0.0372807271229735,0.0,0.0372807271229735,0.0,0.0,0.0,0.0,1.0232414327546824,0.27,0.06
1344,0.0372807271229735,0.0,0.0372807271229735,0.0,0.0,0.0,0.0,1.0232414327546824,0.27,0.06
1345,0.02332537472399955,0.0,0.0,0.0,0.0,0.02332537472399955,0.0,1.0171031762483667,0.27,0.06
1346,0.02332537472399955,0.0,0.02332537472399955,0.0,0.0,0.0,0.0,1.0171031762483667,0.27,0.06
1347,0.02252792601548675,0.0,0.022527926015486758,0.0,0.0,-6.938893903907228e-18,0.0,1.0171031762483667,0.27,0.06
1348,0.02252792601548675,0.0,0.02252792601548675,0.0,0.0,0.0,0.0,1.0171031762483667,0.27,0.06
1349,0.019537493358563723,0.0,0.019537493358563723,0.0,0.0,0.0,0.0,1.0171031762483667,0.27,0.06
1350,0.019537493358563723,0.0,0.019537493358563723,0.0,0.0,0.0,0.0,1.0171031762483667,0.27,0.06
1351,0.0151515254617433,0.0,0.0,0.0,0.0,0.0151515254617433,0.0,1.0131159327058026,0.27,0.06
1352,0.0151515254617433,0.0,0.0,-1.734723475976807e-18,0.0,0.015151525461743299,0.0,1.0091286891632385,0.27,0.06
1353,0.0173445094101535,0.0,0.0,0.0,0.0,0.0173445094101535,0.0,1.0045643445816193,0.27,0.06
1354,0.0173445094101535,0.0,0.0,0.0,0.0,0.0173445094101535,0.0,0.9999999999999999,0.27,0.06
1355,0.0301036887463585,0.0,0.0301036887463585,0.0,0.0,0.0,0.0,1.0,0.27,0.06
1356,0.0301036887463585,0.0,0.0301036887463585,0.0,0.0,0.0,0.0,1.0,0.27,0.06
1357,0.0311004996319995,0.0,0.0311004996319995,0.0,0.0,0.0,0.0,1.0,0.27,0.06
1358,0.0311004996319995,0.0,0.0311004996319995,0.0,0.0,0.0,0.0,1.0,0.27,0.06
1359,0.02511963431815325,0.0,0.02511963431815325,0.0,0.0,0.0,0.0,1.0,0.27,0.06
1360,0.02511963431815325,0.0,0.02511963431815325,0.0,0.0,0.0,0.0,1.0,0.27,0.06
1361,0.04485648985384525,0.0,0.04485648985384525,0.0,0.0,0.0,0.0,1.0,0.27,0.06
1362,0.04485648985384525,0.0,0.04485648985384525,0.0,0.0,0.0,0.0,1.0,0.27,0.06
1363,0.0600080153155885,0.0,0.0600080153155885,0.0,0.0,0.0,0.0,1.0,0.27,0.06
1364,0.0600080153155885,0.0,0.0600080153155885,0.0,0.0,0.0,0.0,1.0,0.27,0.06
1365,0.046650749447999,0.0,0.046650749447999,0.0,0.0,0.0,0.0,1.0,0.27,0.06
1366,0.046650749447999,0.0,0.046650749447999,0.0,0.0,0.0,0.0,1.0,0.27,0.06
1367,0.1034689699295365,0.0,0.1034689699295365,0.0,0.0,0.0,0.0,1.0,0.27,0.06
1368,0.1034689699295365,0.0,0.1034689699295365,0.0,0.0,0.0,0.0,1.0,0.27,0.06
1369,0.1283892420705615,0.0,0.1283892420705615,0.0,0.0,0.0,0.0,1.0,0.27,0.06
1370,0.1283892420705615,0.0,0.1283892420705615,0.0,0.0,0.0,0.0,1.0,0.27,0.06
1371,0.0777512490799985,0.0,0.0777512490799985,0.0,0.0,0.0,0.0,1.0,0.27,0.06
1372,0.0777512490799985,0.0,0.0777512490799985,0.0,0.0,0.0,0.0,1.0,0.27,0.06
1373,0.04346095461394775,0.0,0.04346095461394775,0.0,0.0,0.0,0.0,1.0,0.27,0.06
1374,0.04346095461394775,0.0,0.04346095461394775,0.0,0.0,0.0,0.0,1.0,0.27,0.06
1375,0.18700172214625274,0.0,0.18700172214625274,0.0,0.0,0.0,0.0,1.0,0.27,0.06
1376,0.18700172214625274,0.0,0.18700172214625277,0.0,0.0,-2.7755575615628914e-17,0.0,1.0,0.27,0.06
1377,0.1056619538779465,0.004438079985809866,0.10122387389213663,0.0,0.0,0.0,0.0,1.0,0.27,0.06
1378,0.1056619538779465,0.008389634079259044,0.09727231979868745,0.0,0.0,0.0,0.0,1.0,0.27,0.06
1379,0.1253988094136385,0.01872641782205356,0.10667239159158495,0.0,0.0,0.0,0.0,1.0,0.27,0.06
1380,0.1253988094136385,0.023094768931880127,0.10230404048175838,0.0,0.0,0.0,0.0,1.0,0.27,0.06
1381,0.05322970129322975,0.01684645074817711,0.03638325054505264,0.0,0.0,0.0,0.0,1.0,0.27,0.06
1382,0.05322970129322975,0.025976143172098596,0.027253558121131154,0.0,0.0,0.0,0.0,1.0,0.27,0.06
1383,0.157496119931279,0.047154113852539675,0.11034200607873931,0.0,0.0,0.0,0.0,1.0,0.27,0.06
1384,0.157496119931279,0.050182995999798,0.10731312393148099,0.0,0.0,0.0,0.0,1.0,0.27,0.06
1385,0.08094104391404976,0.02572797097892465,0.055213072935125104,0.0,0.0,0.0,0.0,1.0,0.27,0.06
1386,0.08094104391404976,0.0337382620512682,0.047202781862781554,0.0,0.0,0.0,0.0,1.0,0.27,0.06
1387,0.088118082290665,0.08180155554315237,0.006316526747512638,0.0,0.0,0.0,0.0,1.0,0.27,0.06
1388,0.088118082290665,0.1120920622763339,0.0,-6.938893903907228e-18,0.023973979985668907,0.0,0.0,1.0056938202465964,0.27,0.06
1389,0.02791070479794825,0.05339185020391593,0.0,0.0,0.02548114540596768,0.0,0.0,1.0117455922805136,0.27,0.06
1390,0.02791070479794825,0.058670378627645646,0.0,0.0,0.030759673829697395,0.0,0.0,1.0190510148150669,0.27,0.06
1391,0.63915515980923,0.4328377088690529,0.18456482784534198,0.0,0.0,0.021752623094835145,0.0,1.013326640316426,0.27,0.06
1392,0.63915515980923,0.41521296692409365,0.22394219288513634,0.0,0.0,0.0,0.0,1.013326640316426,0.27,0.06
1393,0.6596894441172175,0.403703899947732,0.25598554416948555,0.0,0.0,0.0,0.0,1.013326640316426,0.27,0.06
1394,0.6596894441172175,0.4797346811038871,0.1799547630133304,0.0,0.0,0.0,0.0,1.013326640316426,0.27,0.06
1395,0.6957739981774225,0.5568708597801892,0.13890313839723323,0.0,0.0,0.0,0.0,1.013326640316426,0.27,0.06
1396,0.6957739981774225,0.6209319278508381,0.07484207032658441,0.0,0.0,0.0,0.0,1.013326640316426,0.27,0.06
1397,0.70813445315937,0.6334896139791849,0.07464483918018505,0.0,0.0,0.0,0.0,1.013326640316426,0.27,0.06
1398,0.70813445315937,0.4280811671441029,0.2800532860152671,0.0,0.0,0.0,0.0,1.013326640316426,0.27,0.06
1399,0.679825043943385,0.3741388653327645,0.30568617861062053,0.0,0.0,0.0,0.0,1.013326640316426,0.27,0.06
1400,0.679825043943385,0.2879009040743918,0.39192413986899327,0.0,0.0,0.0,0.0,1.013326640316426,0.27,0.06
1401,0.7204949280775375,0.26727754602637166,0.4532173820511658,0.0,0.0,0.0,0.0,1.013326640316426,0.27,0.06
1402,0.7204949280775375,0.24649282635796638,0.4740021017195711,0.0,0.0,0.0,0.0,1.013326640316426,0.27,0.06
1403,0.7384375040828575,0.292023212801931,0.44641429128092647,0.0,0.0,0.0,0.0,1.013326640316426,0.27,0.06
1404,0.7384375040828575,0.23728866496212897,0.5011488391207285,0.0,0.0,0.0,0.0,1.013326640316426,0.27,0.06
1405,0.4918264909752725,0.1739965568622485,0.31782993411302396,0.0,0.0,0.0,0.0,1.013326640316426,0.27,0.06
1406,0.4918264909752725,0.15658361476099142,0.33524287621428106,0.0,0.0,0.0,0.0,1.013326640316426,0.27,0.06
1407,0.5135569682822475,0.1509129584863867,0.3626440097958608,0.0,0.0,0.0,0.0,1.013326640316426,0.27,0.06
1408,0.5135569682822475,0.13062275951476637,0.38293420876748113,0.0,0.0,0.0,0.0,1.013326640316426,0.27,0.06
1409,0.511563346510965,0.11693282015186364,0.3946305263591014,0.0,0.0,0.0,0.0,1.013326640316426,0.27,0.06
1410,0.511563346510965,0.0625891225383151,0.4489742239726499,0.0,0.0,0.0,0.0,1.013326640316426,0.27,0.06
1411,0.4623208887602975,0.052660205886738955,0.4096606828735585,0.0,0.0,0.0,0.0,1.013326640316426,0.27,0.06
1412,0.4623208887602975,0.04736968512571019,0.41495120363458726,0.0,0.0,0.0,0.0,1.013326640316426,0.27,0.06
1413,0.51754421182481,0.024285369054790343,0.4932588427700197,0.0,0.0,0.0,0.0,1.013326640316426,0.27,0.06
1414,0.51754421182481,0.009418464026187798,0.5081257477986222,0.0,0.0,0.0,0.0,1.013326640316426,0.27,0.06
1415,0.4621215465193875,0.0,0.4621215465193875,0.0,0.0,0.0,0.0,1.013326640316426,0.27,0.06
1416,0.4621215465193875,0.0,0.4621215465193875,0.0,0.0,0.0,0.0,1.013326640316426,0.27,0.06
1417,0.360646178424915,0.0,0.360646178424915,0.0,0.0,0.0,0.0,1.013326640316426,0.27,0.06
1418,0.360646178424915,0.0,0.360646178424915,0.0,0.0,0.0,0.0,1.013326640316426,0.27,0.06
1419,0.031698586163384,0.0,0.031698586163384,0.0,0.0,0.0,0.0,1.013326640316426,0.27,0.06
1420,0.031698586163384,0.0,0.031698586163384,0.0,0.0,0.0,0.0,1.013326640316426,0.27,0.06
1421,0.0322966726947685,0.0,0.0322966726947685,0.0,0.0,0.0,0.0,1.013326640316426,0.27,0.06
1422,0.0322966726947685,0.0,0.0322966726947685,0.0,0.0,0.0,0.0,1.013326640316426,0.27,0.06
1423,0.0490430955735375,0.0,0.0490430955735375,0.0,0.0,0.0,0.0,1.013326640316426,0.27,0.06
1424,0.0490430955735375,0.0,0.0490430955735375,0.0,0.0,0.0,0.0,1.013326640316426,0.27,0.06
1425,0.04884373339640925,0.0,0.04884373339640925,0.0,0.0,0.0,0.0,1.013326640316426,0.27,0.06
1426,0.04884373339640925,0.0,0.04884373339640925,0.0,0.0,0.0,0.0,1.013326640316426,0.27,0.06
1427,0.04086924631128125,0.0,0.04086924631128125,0.0,0.0,0.0,0.0,1.013326640316426,0.27,0.06
1428,0.04086924631128125,0.0,0.04086924631128125,0.0,0.0,0.0,0.0,1.013326640316426,0.27,0.06
1429,0.05661885830440925,0.0,0.05661885830440925,0.0,0.0,0.0,0.0,1.013326640316426,0.27,0.06
1430,0.05661885830440925,0.0,0.05661885830440925,0.0,0.0,0.0,0.0,1.013326640316426,0.27,0.06
1431,0.106060678232203,0.0,0.106060678232203,0.0,0.0,0.0,0.0,1.013326640316426,0.27,0.06
1432,0.106060678232203,0.0,0.106060678232203,0.0,0.0,0.0,0.0,1.013326640316426,0.27,0.06
1433,0.0350877431745635,0.0,0.0350877431745635,0.0,0.0,0.0,0.0,1.013326640316426,0.27,0.06
1434,0.0350877431745635,0.0,0.03508774317456349,0.0,0.0,6.938893903907228e-18,0.0,1.013326640316426,0.27,0.06
1435,0.029704964392102,0.0,0.02970496439210199,0.0,0.0,1.0408340855860843e-17,0.0,1.013326640316426,0.27,0.06
1436,0.029704964392102,0.0,0.029704964392102,0.0,0.0,0.0,0.0,1.013326640316426,0.27,0.06
1437,0.02232856383835855,0.0,0.02232856383835855,0.0,0.0,0.0,0.0,1.013326640316426,0.27,0.06
1438,0.02232856383835855,0.0,0.022328563838358545,0.0,0.0,3.469446951953614e-18,0.0,1.013326640316426,0.27,0.06
1439,0.0149521632846151,0.0,0.0,0.0,0.0,0.0149521632846151,0.0,1.0093918605046852,0.27,0.06
1440,0.0149521632846151,0.0,0.0,0.0,0.0,0.0149521632846151,0.0,1.0054570806929444,0.27,0.06
1441,0.02192983948410215,0.0,0.02192983948410215,0.0,0.0,0.0,0.0,1.0054570806929444,0.27,0.06
1442,0.02192983948410215,0.0,0.02192983948410215,0.0,0.0,0.0,0.0,1.0054570806929444,0.27,0.06
1443,0.02551835867240975,0.0,0.02551835867240975,0.0,0.0,0.0,0.0,1.0054570806929444,0.27,0.06
1444,0.02551835867240975,0.0,0.02551835867240975,0.0,0.0,0.0,0.0,1.0054570806929444,0.27,0.06
1445,0.02292665036974315,0.0,0.022926650369743156,0.0,0.0,-6.938893903907228e-18,0.0,1.0054570806929444,0.27,0.06
1446,0.02292665036974315,0.0,0.02292665036974315,0.0,0.0,0.0,0.0,1.0054570806929444,0.27,0.06
1447,0.0263158073809225,0.0,0.0263158073809225,0.0,0.0,0.0,0.0,1.0054570806929444,0.27,0.06
1448,0.0263158073809225,0.0,0.0263158073809225,0.0,0.0,0.0,0.0,1.0054570806929444,0.27,0.06
1449,0.0155502498159997,0.0,0.0155502498159997,0.0,0.0,0.0,0.0,1.0054570806929444,0.27,0.06
1450,0.0155502498159997,0.0,0.0155502498159997,0.0,0.0,0.0,0.0,1.0054570806929444,0.27,0.06
1451,0.0165470607016407,0.0,0.0165470607016407,0.0,0.0,0.0,0.0,1.0054570806929444,0.27,0.06
1452,0.0165470607016407,0.0,0.0165470607016407,0.0,0.0,0.0,0.0,1.0054570806929444,0.27,0.06
1453,0.0283094291522045,0.0,0.0283094291522045,0.0,0.0,0.0,0.0,1.0054570806929444,0.27,0.06
1454,0.0283094291522045,0.0,0.0283094291522045,0.0,0.0,0.0,0.0,1.0054570806929444,0.27,0.06
1455,0.057416307012922,0.0,0.057416307012922,0.0,0.0,0.0,0.0,1.0054570806929444,0.27,0.06
1456,0.057416307012922,0.0,0.057416307012922,0.0,0.0,0.0,0.0,1.0054570806929444,0.27,0.06
1457,0.050438630813435,0.0,0.050438630813435,0.0,0.0,0.0,0.0,1.0054570806929444,0.27,0.06
1458,0.050438630813435,0.0,0.050438630813435,0.0,0.0,0.0,0.0,1.0054570806929444,0.27,0.06
1459,0.081140406091178,0.0,0.081140406091178,0.0,0.0,0.0,0.0,1.0054570806929444,0.27,0.06
1460,0.081140406091178,0.0,0.08114040609117798,0.0,0.0,1.3877787807814457e-17,0.0,1.0054570806929444,0.27,0.06
1461,0.04286286808256325,0.0,0.04286286808256325,0.0,0.0,0.0,0.0,1.0054570806929444,0.27,0.06
1462,0.04286286808256325,0.0,0.04286286808256325,0.0,0.0,0.0,0.0,1.0054570806929444,0.27,0.06
1463,0.046650749447999,0.0,0.046650749447999,0.0,0.0,0.0,0.0,1.0054570806929444,0.27,0.06
1464,0.046650749447999,0.0,0.04665074944799899,0.0,0.0,0.0,0.0,1.0054570806929444,0.27,0.06
1465,0.06180227490974225,0.0,0.06180227490974228,0.0,0.0,-2.7755575615628914e-17,0.0,1.0054570806929444,0.27,0.06
1466,0.06180227490974225,0.0,0.06180227490974225,0.0,0.0,0.0,0.0,1.0054570806929444,0.27,0.06
1467,0.042663505905435,0.0,0.042663505905435,0.0,0.0,0.0,0.0,1.0054570806929444,0.27,0.06
1468,0.042663505905435,0.0,0.042663505905435,0.0,0.0,0.0,0.0,1.0054570806929444,0.27,0.06
1469,0.1034689699295365,0.0,0.1034689699295365,0.0,0.0,0.0,0.0,1.0054570806929444,0.27,0.06
1470,0.1034689699295365,0.0,0.1034689699295365,0.0,0.0,0.0,0.0,1.0054570806929444,0.27,0.06
1471,0.05283097693897325,0.0,0.05283097693897325,0.0,0.0,0.0,0.0,1.0054570806929444,0.27,0.06
1472,0.05283097693897325,0.0,0.05283097693897325,0.0,0.0,0.0,0.0,1.0054570806929444,0.27,0.06
1473,0.03588519188307625,0.0,0.03588519188307625,0.0,0.0,0.0,0.0,1.0054570806929444,0.27,0.06
1474,0.03588519188307625,0.0,0.03588519188307625,0.0,0.0,0.0,0.0,1.0054570806929444,0.27,0.06
1475,0.03787881365435825,0.004062904849888989,0.03381590880446926,0.0,0.0,0.0,0.0,1.0054570806929444,0.27,0.06
1476,0.03787881365435825,0.008012811435900092,0.02986600221845816,0.0,0.0,0.0,0.0,1.0054570806929444,0.27,0.06
1477,0.050637992990563,0.0060932667062461015,0.044544726284316896,0.0,0.0,0.0,0.0,1.0054570806929444,0.27,0.06
1478,0.050637992990563,0.004963220124037681,0.04567477286652532,0.0,0.0,0.0,0.0,1.0054570806929444,0.27,0.06
1479,0.03748008930010175,0.00261911342137808,0.03486097587872367,0.0,0.0,0.0,0.0,1.0054570806929444,0.27,0.06
1480,0.03748008930010175,0.00644657269640579,0.03103351660369596,0.0,0.0,0.0,0.0,1.0054570806929444,0.27,0.06
1481,0.0380781758314865,0.02946198743732304,0.0,0.0,0.0,0.008616188394163456,0.0,1.0031896626944803,0.27,0.06
1482,0.0380781758314865,0.025957457592461142,0.0,0.0,0.0,0.012120718239025354,0.0,1.0,0.27,0.06
1483,0.05123607952194775,0.05255586819950457,0.0,1.5265566588595902e-16,0.0013197886775566658,0.0,0.0,1.0003134498109196,0.27,0.06
1484,0.05123607952194775,0.07215352158051917,0.0,-1.3877787807814457e-17,0.020917442058571434,0.0,0.0,1.0052813422998303,0.27,0.06
1485,0.02691389391230725,0.08478841115805258,0.0,4.440892098500626e-16,0.05787451724574488,0.0,0.0,1.0190265401456948,0.27,0.06
1486,0.02691389391230725,0.09173400614613832,0.0,7.355227538141662e-16,0.06482011223383033,0.0,0.0,1.0344213168012295,0.27,0.06
1487,0.64752833137618,0.4077004875016034,0.23982784387457662,0.0,0.0,0.0,0.0,1.0344213168012295,0.27,0.06
1488,0.64752833137618,0.4160410896431049,0.18326906599129994,0.0,0.0,0.04821817574177523,0.0,1.0217323231849729,0.27,0.06
1489,0.6525124057406025,0.3107964195209361,0.3417159862196664,0.0,0.0,0.0,0.0,1.0217323231849729,0.27,0.06
1490,0.6525124057406025,0.2234092011609162,0.4291032045796863,0.0,0.0,0.0,0.0,1.0217323231849729,0.27,0.06
1491,0.6600881884076925,0.2761926402303624,0.38389554817733007,0.0,0.0,0.0,0.0,1.0217323231849729,0.27,0.06
1492,0.6600881884076925,0.24142846923605918,0.41865971917163325,0.0,0.0,0.0,0.0,1.0217323231849729,0.27,0.06
1493,0.4728870841480925,0.11581986840064537,0.35706721574744715,0.0,0.0,0.0,0.0,1.0217323231849729,0.27,0.06
1494,0.4728870841480925,0.09938537820272411,0.37350170594536836,0.0,0.0,0.0,0.0,1.0217323231849729,0.27,0.06
1495,0.4525521420810175,0.10371017828876931,0.3488419637922482,0.0,0.0,0.0,0.0,1.0217323231849729,0.27,0.06
1496,0.4525521420810175,0.10844794728953965,0.34410419479147786,0.0,0.0,0.0,0.0,1.0217323231849729,0.27,0.06
1497,0.5659892208669625,0.11145801543071038,0.4545312054362521,0.0,0.0,0.0,0.0,1.0217323231849729,0.27,0.06
1498,0.5659892208669625,0.07378450844598651,0.49220471242097596,0.0,0.0,0.0,0.0,1.0217323231849729,0.27,0.06
1499,0.4846494525986575,0.05765967748611264,0.4269897751125449,0.0,0.0,0.0,0.0,1.0217323231849729,0.27,0.06
1500,0.4846494525986575,0.09222846295824733,0.39242098964041017,0.0,0.0,0.0,0.0,1.0217323231849729,0.27,0.06
1501,0.496810565339695,0.12623517883369878,0.3705753865059962,0.0,0.0,0.0,0.0,1.0217323231849729,0.27,0.06
1502,0.496810565339695,0.13004431889386112,0.3667662464458339,0.0,0.0,0.0,0.0,1.0217323231849729,0.27,0.06
1503,0.5305027533381425,0.12868474254817847,0.401818010789964,0.0,0.0,0.0,0.0,1.0217323231849729,0.27,0.06
1504,0.5305027533381425,0.1441816612106468,0.38632109212749566,0.0,0.0,0.0,0.0,1.0217323231849729,0.27,0.06
1505,0.4377993609097475,0.06105632282329341,0.3767430380864541,0.0,0.0,0.0,0.0,1.0217323231849729,0.27,0.06
1506,0.4377993609097475,0.043534089797178904,0.3942652711125686,0.0,0.0,0.0,0.0,1.0217323231849729,0.27,0.06
1507,0.3247609666056225,0.02041023769013594,0.30435072891548653,0.0,0.0,0.0,0.0,1.0217323231849729,0.27,0.06
1508,0.3247609666056225,0.024957726747465908,0.2998032398581566,0.0,0.0,0.0,0.0,1.0217323231849729,0.27,0.06
1509,0.4389954941000825,0.024657740612059217,0.41433775348802326,0.0,0.0,0.0,0.0,1.0217323231849729,0.27,0.06
1510,0.4389954941000825,0.003965004357989276,0.4350304897420932,0.0,0.0,0.0,0.0,1.0217323231849729,0.27,0.06
1511,0.3321373870955825,0.0,0.3321373870955825,0.0,0.0,0.0,0.0,1.0217323231849729,0.27,0.06
1512,0.3321373870955825,0.0,0.3321373870955825,0.0,0.0,0.0,0.0,1.0217323231849729,0.27,0.06
1513,0.32595715960461,0.0,0.32595715960461,0.0,0.0,0.0,0.0,1.0217323231849729,0.27,0.06
1514,0.32595715960461,0.0,0.32595715960461,0.0,0.0,0.0,0.0,1.0217323231849729,0.27,0.06
1515,0.028708153506461,0.0,0.028708153506461,0.0,0.0,0.0,0.0,1.0217323231849729,0.27,0.06
1516,0.028708153506461,0.0,0.028708153506461,0.0,0.0,0.0,0.0,1.0217323231849729,0.27,0.06
1517,0.05681822048153725,0.0,0.05681822048153725,0.0,0.0,0.0,0.0,1.0217323231849729,0.27,0.06
1518,0.05681822048153725,0.0,0.05681822048153725,0.0,0.0,0.0,0.0,1.0217323231849729,0.27,0.06
1519,0.045653938562358,0.0,0.045653938562358,0.0,0.0,0.0,0.0,1.0217323231849729,0.27,0.06
1520,0.045653938562358,0.0,0.045653938562358,0.0,0.0,0.0,0.0,1.0217323231849729,0.27,0.06
1521,0.063397172326768,0.0,0.063397172326768,0.0,0.0,0.0,0.0,1.0217323231849729,0.27,0.06
1522,0.063397172326768,0.0,0.063397172326768,0.0,0.0,0.0,0.0,1.0217323231849729,0.27,0.06
1523,0.0580143935443065,0.0,0.0580143935443065,0.0,0.0,0.0,0.0,1.0217323231849729,0.27,0.06
1524,0.0580143935443065,0.0,0.0580143935443065,0.0,0.0,0.0,0.0,1.0217323231849729,0.27,0.06
1525,0.0303030509234865,0.0,0.0303030509234865,0.0,0.0,0.0,0.0,1.0217323231849729,0.27,0.06
1526,0.0303030509234865,0.0,0.0303030509234865,0.0,0.0,0.0,0.0,1.0217323231849729,0.27,0.06
1527,0.021531115129845724,0.0,0.021531115129845728,0.0,0.0,0.0,0.0,1.0217323231849729,0.27,0.06
1528,0.021531115129845724,0.0,0.021531115129845724,0.0,0.0,0.0,0.0,1.0217323231849729,0.27,0.06
1529,0.02591708302666625,0.0,0.0,0.0,0.0,0.02591708302666625,0.0,1.0149120381779555,0.27,0.06
1530,0.02591708302666625,0.0,0.02591708302666625,0.0,0.0,0.0,0.0,1.0149120381779555,0.27,0.06
1531,0.04126797066553775,0.0,0.04126797066553775,0.0,0.0,0.0,0.0,1.0149120381779555,0.27,0.06
1532,0.04126797066553775,0.0,0.04126797066553775,0.0,0.0,0.0,0.0,1.0149120381779555,0.27,0.06
1533,0.05322970129322975,0.0,0.05322970129322975,0.0,0.0,0.0,0.0,1.0149120381779555,0.27,0.06
1534,0.05322970129322975,0.0,0.05322970129322975,0.0,0.0,0.0,0.0,1.0149120381779555,0.27,0.06
1535,0.05223289040758875,0.0,0.05223289040758875,0.0,0.0,0.0,0.0,1.0149120381779555,0.27,0.06
1536,0.05223289040758875,0.0,0.05223289040758875,0.0,0.0,0.0,0.0,1.0149120381779555,0.27,0.06
1537,0.03648327841446075,0.0,0.03648327841446075,0.0,0.0,0.0,0.0,1.0149120381779555,0.27,0.06
1538,0.03648327841446075,0.0,0.036483278414460744,0.0,0.0,6.938893903907228e-18,0.0,1.0149120381779555,0.27,0.06
1539,0.038676262362871,0.0,0.038676262362871,0.0,0.0,0.0,0.0,1.0149120381779555,0.27,0.06
1540,0.038676262362871,0.0,0.038676262362871,0.0,0.0,0.0,0.0,1.0149120381779555,0.27,0.06
1541,0.026714531735179,0.0,0.026714531735179,0.0,0.0,0.0,0.0,1.0149120381779555,0.27,0.06
1542,0.026714531735179,0.0,0.026714531735179,0.0,0.0,0.0,0.0,1.0149120381779555,0.27,0.06
1543,0.031698586163384,0.0,0.031698586163384,0.0,0.0,0.0,0.0,1.0149120381779555,0.27,0.06
1544,0.031698586163384,0.0,0.031698586163384,0.0,0.0,0.0,0.0,1.0149120381779555,0.27,0.06
1545,0.0271132560894355,0.0,0.0271132560894355,0.0,0.0,0.0,0.0,1.0149120381779555,0.27,0.06
1546,0.0271132560894355,0.0,0.0271132560894355,0.0,0.0,0.0,0.0,1.0149120381779555,0.27,0.06
1547,0.02392346125538415,0.0,0.0,0.0,0.0,0.02392346125538415,0.0,1.0086163904791703,0.27,0.06
1548,0.02392346125538415,0.0,0.023923461255384165,0.0,0.0,-1.3877787807814457e-17,0.0,1.0086163904791703,0.27,0.06
1549,0.03548646752881975,0.0,0.03548646752881975,0.0,0.0,0.0,0.0,1.0086163904791703,0.27,0.06
1550,0.03548646752881975,0.0,0.03548646752881975,0.0,0.0,0.0,0.0,1.0086163904791703,0.27,0.06
1551,0.030701775277743,0.0,0.030701775277743,0.0,0.0,0.0,0.0,1.0086163904791703,0.27,0.06
1552,0.030701775277743,0.0,0.030701775277743,0.0,0.0,0.0,0.0,1.00861639047917,0.27,0.06
1553,0.026714531735179,0.0,0.026714531735179,0.0,0.0,0.0,0.0,1.00861639047917,0.27,0.06
1554,0.026714531735179,0.0,0.026714531735179,0.0,0.0,0.0,0.0,1.00861639047917,0.27,0.06
1555,0.02272728819261495,0.0,0.02272728819261495,0.0,0.0,0.0,0.0,1.00861639047917,0.27,0.06
1556,0.02272728819261495,0.0,0.0,0.0,0.0,0.02272728819261495,0.0,1.002635525165324,0.27,0.06
1557,0.0293062400378455,0.0,0.0293062400378455,0.0,0.0,0.0,0.0,1.002635525165324,0.27,0.06
1558,0.0293062400378455,0.0,0.0293062400378455,0.0,0.0,0.0,0.0,1.002635525165324,0.27,0.06
1559,0.040669884134153,0.0,0.040669884134153,0.0,0.0,0.0,0.0,1.002635525165324,0.27,0.06
1560,0.040669884134153,0.0,0.040669884134153,0.0,0.0,0.0,0.0,1.002635525165324,0.27,0.06
1561,0.072368470297537,0.0,0.0723684702975369,0.0,0.0,0.0,0.0,1.002635525165324,0.27,0.06
1562,0.072368470297537,0.0,0.07236847029753701,0.0,0.0,-1.3877787807814457e-17,0.0,1.002635525165324,0.27,0.06
1563,0.1383573509269715,0.0,0.1383573509269715,0.0,0.0,0.0,0.0,1.002635525165324,0.27,0.06
1564,0.1383573509269715,0.0,0.1383573509269715,0.0,0.0,0.0,0.0,1.002635525165324,0.27,0.06
1565,0.05622013395015275,0.0,0.05622013395015275,0.0,0.0,0.0,0.0,1.002635525165324,0.27,0.06
1566,0.05622013395015275,0.0,0.05622013395015275,0.0,0.0,0.0,0.0,1.002635525165324,0.27,0.06
1567,0.26674661293375,0.0,0.26674661293375,0.0,0.0,0.0,0.0,1.002635525165324,0.27,0.06
1568,0.26674661293375,0.0,0.26674661293375,0.0,0.0,0.0,0.0,1.002635525165324,0.27,0.06
1569,0.06618824280656276,0.0019248217310541234,0.06426342107550863,0.0,0.0,0.0,0.0,1.002635525165324,0.27,0.06
1570,0.06618824280656276,0.004429954303459325,0.06175828850310343,0.0,0.0,0.0,0.0,1.002635525165324,0.27,0.06
1571,0.0400717976027685,0.004814331843712921,0.03525746575905558,0.0,0.0,0.0,0.0,1.002635525165324,0.27,0.06
1572,0.0400717976027685,0.005632187869525853,0.03443960973324265,0.0,0.0,0.0,0.0,1.002635525165324,0.27,0.06
1573,0.03488838099743525,0.006068562909812573,0.028819818087622677,0.0,0.0,0.0,0.0,1.002635525165324,0.27,0.06
1574,0.03488838099743525,0.006911958080591634,0.027976422916843546,0.0,0.0,0.0,0.0,1.002635525165324,0.27,0.06
1575,0.046451387270871,0.011036356687623471,0.035415030583247534,0.0,0.0,0.0,0.0,1.002635525165324,0.27,0.06
1576,0.046451387270871,0.011564239242071813,0.03488714802879919,0.0,0.0,0.0,0.0,1.002635525165324,0.27,0.06
1577,0.02811006697507625,0.007446380710235423,0.020663686264840823,0.0,0.0,0.0,0.0,1.002635525165324,0.27,0.06
1578,0.02811006697507625,0.009016471586284113,0.019093595388792135,0.0,0.0,-0.0,0.0,1.002635525165324,0.27,0.06
1579,0.0283094291522045,0.018294433523973207,0.0,0.0,0.0,0.010014995628231292,0.0,1.0,0.27,0.06
1580,0.0283094291522045,0.03041576955660137,0.0,-6.279698983036042e-16,0.0021063404043975,0.0,0.0,1.0005002558460445,0.27,0.06
1581,0.04086924631128125,0.08453552738861303,0.0,1.6653345369377348e-16,0.043666281077331615,0.0,0.0,1.0108709976019108,0.27,0.06
1582,0.04086924631128125,0.09340205267258254,0.0,0.0,0.052532806361301296,0.0,0.0,1.0233475391127198,0.27,0.06
1583,0.4059013926330175,0.334204308742181,0.009447809183315864,0.0,0.0,0.062249274707520647,0.0,1.0069661510317933,0.27,0.06
1584,0.4059013926330175,0.37943001871220267,0.0,0.0,0.0,0.026471373920814834,0.0,1.0,0.27,0.06
1585,0.40450585739312,0.40538676232210114,0.0,0.0,0.0008809049289811299,0.0,0.0,1.000209214920633,0.27,0.06
1586,0.40450585739312,0.4338104201979233,0.0,0.0,0.029304562804803314,0.0,0.0,1.0071690485867737,0.27,0.06
1587,0.40131606255907,0.4851145024167638,0.0,5.551115123125783e-17,0.08379843985769375,0.0,0.0,1.027071178052976,0.27,0.06
1588,0.40131606255907,0.5964679020268804,0.0,0.0,0.1951518394678104,0.0,0.0,1.073419739926581,0.27,0.06
1589,0.32356481347907,0.6022195264268319,0.0,-7.216449660063518e-16,0.27865471294776256,0.0,0.0,1.1396002342516744,0.27,0.06
1590,0.32356481347907,0.42757656410602324,0.0,0.0,0.10401175062695323,0.0,0.0,1.164303025025576,0.27,0.06
1591,0.1660686935477915,0.278119846807793,0.0,0.0,0.11205115326000151,0.0,0.0,1.1909151739248263,0.27,0.06
1592,0.1660686935477915,0.19036453530357292,0.0,0.0,0.024295841755781422,0.0,0.0,1.1966854363418244,0.27,0.06
1593,0.247607823993226,0.1748921535356012,0.0,0.0,0.0,0.07271567045762481,0.0,1.177549733589818,0.27,0.06
1594,0.247607823993226,0.15680590257695337,0.0,0.0,0.0,0.09080192141627264,0.0,1.1536544911118516,0.27,0.06
1595,0.1838119273122015,0.12454900969924958,0.059262917612951924,0.0,0.0,0.0,0.0,1.1536544911118516,0.27,0.06
1596,0.1838119273122015,0.13079468989358287,0.0,0.0,0.0,0.053017237418618635,0.0,1.1397025865280046,0.27,0.06
1597,0.1937800361686115,0.08422297388681704,0.0,0.0,0.0,0.10955706228179446,0.0,1.1108717806643744,0.27,0.06
1598,0.1937800361686115,0.07861216212832825,0.10071675199229008,0.0,0.0,0.01445112204799317,0.0,1.1070688538096394,0.27,0.06
1599,0.24501611569055926,0.08049542448746742,0.16452069120309182,0.0,0.0,0.0,0.0,1.1070688538096394,0.27,0.06
1600,0.24501611569055926,0.07076426656619246,0.1742518491243672,0.0,0.0,0.0,0.0,1.1070688538096394,0.27,0.06
1601,0.183213840780817,0.053835478921776515,0.1293783618590405,0.0,0.0,0.0,0.0,1.1070688538096394,0.27,0.06
1602,0.183213840780817,0.046124552764126185,0.13708928801669082,0.0,0.0,0.0,0.0,1.1070688538096394,0.27,0.06
1603,0.1905902413345605,0.042980616664367845,0.147609624670193,0.0,0.0,0.0,0.0,1.1070688538096394,0.27,0.06
1604,0.1905902413345605,0.028633805432263293,0.16195643590229722,0.0,0.0,0.0,0.0,1.1070688538096394,0.27,0.06
1605,0.24441802915917474,0.01319949334585512,0.2312185358133196,0.0,0.0,0.0,0.0,1.1070688538096394,0.27,0.06
1606,0.24441802915917474,0.0056864558104916885,0.23873157334868306,0.0,0.0,0.0,0.0,1.1070688538096394,0.27,0.06
1607,0.1381579887498435,0.00044455957640072557,0.1377134291734428,0.0,0.0,0.0,0.0,1.1070688538096394,0.27,0.06
1608,0.1381579887498435,0.0,0.1381579887498435,0.0,0.0,0.0,0.0,1.1070688538096394,0.27,0.06
1609,0.05522332306451175,0.0,0.05522332306451175,0.0,0.0,0.0,0.0,1.1070688538096394,0.27,0.06
1610,0.05522332306451175,0.0,0.05522332306451179,0.0,0.0,-4.163336342344337e-17,0.0,1.1070688538096394,0.27,0.06
1611,0.042663505905435,0.0,0.0,0.0,0.0,0.042663505905435,0.0,1.0958416154134722,0.27,0.06
1612,0.042663505905435,0.0,0.042663505905435,0.0,0.0,0.0,0.0,1.0958416154134722,0.27,0.06
1613,0.05921056660707575,0.0,0.05921056660707575,0.0,0.0,0.0,0.0,1.0958416154134722,0.27,0.06
1614,0.05921056660707575,0.0,0.05921056660707575,0.0,0.0,0.0,0.0,1.0958416154134722,0.27,0.06
1615,0.0639952588581525,0.0,0.0639952588581525,0.0,0.0,0.0,0.0,1.0958416154134722,0.27,0.06
1616,0.0639952588581525,0.0,0.0639952588581525,0.0,0.0,0.0,0.0,1.0958416154134722,0.27,0.06
1617,0.04824564686502475,0.0,0.04824564686502475,0.0,0.0,0.0,0.0,1.0958416154134722,0.27,0.06
1618,0.04824564686502475,0.0,0.04824564686502475,0.0,0.0,0.0,0.0,1.0958416154134722,0.27,0.06
1619,0.049641182104922,0.0,0.049641182104922,0.0,0.0,0.0,0.0,1.0958416154134722,0.27,0.06
1620,0.049641182104922,0.0,0.049641182104922,0.0,0.0,0.0,0.0,1.0958416154134722,0.27,0.06
1621,0.046451387270871,0.0,0.046451387270871,0.0,0.0,0.0,0.0,1.0958416154134722,0.27,0.06
1622,0.046451387270871,0.0,0.046451387270871,0.0,0.0,0.0,0.0,1.0958416154134722,0.27,0.06
1623,0.02312601254687135,0.0,0.0,0.0,0.0,0.02312601254687135,0.0,1.0897558226379798,0.27,0.06
1624,0.02312601254687135,0.0,0.0,0.0,0.0,0.02312601254687135,0.0,1.0836700298624873,0.27,0.06
1625,0.021132390775589326,0.0,0.021132390775589312,0.0,0.0,1.3877787807814457e-17,0.0,1.0836700298624873,0.27,0.06
1626,0.021132390775589326,0.0,0.021132390775589326,0.0,0.0,0.0,0.0,1.0836700298624873,0.27,0.06
1627,0.04286286808256325,0.0,0.04286286808256325,0.0,0.0,0.0,0.0,1.0836700298624873,0.27,0.06
1628,0.04286286808256325,0.0,0.04286286808256325,0.0,0.0,0.0,0.0,1.0836700298624873,0.27,0.06
1629,0.04984054428205025,0.0,0.04984054428205025,0.0,0.0,0.0,0.0,1.0836700298624873,0.27,0.06
1630,0.04984054428205025,0.0,0.04984054428205025,0.0,0.0,0.0,0.0,1.0836700298624873,0.27,0.06
1631,0.15171461679456125,0.0,0.15171461679456125,0.0,0.0,0.0,0.0,1.0836700298624873,0.27,0.06
1632,0.15171461679456125,0.0,0.15171461679456125,0.0,0.0,0.0,0.0,1.0836700298624873,0.27,0.06
1633,0.1321771234359975,0.0,0.1321771234359975,0.0,0.0,0.0,0.0,1.0836700298624873,0.27,0.06
1634,0.1321771234359975,0.0,0.1321771234359975,0.0,0.0,0.0,0.0,1.0836700298624873,0.27,0.06
1635,0.04226478155117875,0.0,0.0,0.0,0.0,0.04226478155117875,0.0,1.0725477189279666,0.27,0.06
1636,0.04226478155117875,0.0,0.04226478155117875,0.0,0.0,0.0,0.0,1.0725477189279666,0.27,0.06
1637,0.03448965664317875,0.0,0.03448965664317875,0.0,0.0,0.0,0.0,1.0725477189279666,0.27,0.06
1638,0.03448965664317875,0.0,0.034489656643178754,0.0,0.0,-6.938893903907228e-18,0.0,1.0725477189279666,0.27,0.06
1639,0.03090113745487125,0.0,0.03090113745487126,0.0,0.0,6.938893903907228e-18,0.0,1.0725477189279666,0.27,0.06
1640,0.03090113745487125,0.0,0.03090113745487125,0.0,0.0,0.0,0.0,1.0725477189279666,0.27,0.06
1641,0.021132390775589326,0.0,0.021132390775589326,0.0,0.0,0.0,0.0,1.0725477189279666,0.27,0.06
1642,0.021132390775589326,0.0,0.0,0.0,0.0,0.021132390775589326,0.0,1.066986563460706,0.27,0.06
1643,0.020534304244204726,0.0,0.0,-3.469446951953614e-18,0.0,0.020534304244204722,0.0,1.0615827991859155,0.27,0.06
1644,0.020534304244204726,0.0,0.0,0.0,0.0,0.020534304244204726,0.0,1.0561790349111249,0.27,0.06
1645,0.0139553523989741,0.0,0.0,0.0,0.0,0.0139553523989741,0.0,1.0525065737535002,0.27,0.06
1646,0.0139553523989741,0.0,0.0,0.0,0.0,0.0139553523989741,0.0,1.0488341125958753,0.27,0.06
1647,0.0165470607016407,0.0,0.0,0.0,0.0,0.0165470607016407,0.0,1.0444796229375488,0.27,0.06
1648,0.0165470607016407,0.0,0.0,0.0,0.0,0.0165470607016407,0.0,1.0401251332792223,0.27,0.06
1649,0.02232856383835855,0.0,0.0,3.469446951953614e-18,0.0,0.022328563838358552,0.0,1.0342491954270228,0.27,0.06
1650,0.02232856383835855,0.0,0.02232856383835855,0.0,0.0,0.0,0.0,1.0342491954270228,0.27,0.06
1651,0.02432218560964055,0.0,0.02432218560964055,0.0,0.0,0.0,0.0,1.0342491954270228,0.27,0.06
1652,0.02432218560964055,0.0,0.02432218560964055,0.0,0.0,0.0,0.0,1.0342491954270228,0.27,0.06
1653,0.0312998618091275,0.0,0.0312998618091275,0.0,0.0,0.0,0.0,1.0342491954270228,0.27,0.06
1654,0.0312998618091275,0.0,0.0312998618091275,0.0,0.0,0.0,0.0,1.0342491954270225,0.27,0.06
1655,0.013157903690461275,0.0,0.0,0.0,0.0,0.013157903690461275,0.0,1.0307865891926906,0.27,0.06
1656,0.013157903690461275,0.0,0.0,-1.734723475976807e-18,0.0,0.013157903690461274,0.0,1.027323982958359,0.27,0.06
1657,0.0167464228787689,0.0,0.0,0.0,0.0,0.0167464228787689,0.0,1.0229170295692092,0.27,0.06
1658,0.0167464228787689,0.0,0.0,0.0,0.0,0.0167464228787689,0.0,1.0185100761800594,0.27,0.06
1659,0.0410686084884095,0.0,0.041068608488409514,0.0,0.0,-1.3877787807814457e-17,0.0,1.0185100761800594,0.27,0.06
1660,0.0410686084884095,0.0,0.0410686084884095,0.0,0.0,0.0,0.0,1.0185100761800594,0.27,0.06
1661,0.0857257361651265,0.0,0.0857257361651265,0.0,0.0,0.0,0.0,1.0185100761800594,0.27,0.06
1662,0.0857257361651265,0.0,0.0857257361651265,0.0,0.0,0.0,0.0,1.0185100761800594,0.27,0.06
1663,0.0707735728805115,0.0,0.07077357288051145,0.0,0.0,0.0,0.0,1.0185100761800594,0.27,0.06
1664,0.0707735728805115,0.0,0.0707735728805115,0.0,0.0,0.0,0.0,1.0185100761800594,0.27,0.06
1665,0.048445009042153,0.0014060281751488797,0.04703898086700412,0.0,0.0,0.0,0.0,1.0185100761800594,0.27,0.06
1666,0.048445009042153,0.0037212563434673353,0.04472375269868566,0.0,0.0,0.0,0.0,1.0185100761800594,0.27,0.06
1667,0.08253594133107525,0.014599368529242707,0.06793657280183255,0.0,0.0,0.0,0.0,1.0185100761800594,0.27,0.06
1668,0.08253594133107525,0.021495893116398882,0.06104004821467637,0.0,0.0,0.0,0.0,1.0185100761800594,0.27,0.06
1669,0.03448965664317875,0.012872124773063941,0.0,-3.469446951953614e-18,0.0,0.021617531870114802,0.0,1.0128212520037134,0.27,0.06
1670,0.03448965664317875,0.02291859535754189,0.0,0.0,0.0,0.011571061285636858,0.0,1.0097762358759141,0.27,0.06
1671,0.020135579889948324,0.013765510526274729,0.0,0.0,0.0,0.0063700693636735955,0.0,1.0080999018328423,0.27,0.06
1672,0.020135579889948324,0.01536831138780177,0.0,0.0,0.0,0.004767268502146553,0.0,1.0068453574901721,0.27,0.06
1673,0.02890751568358925,0.019749639594156838,0.0,0.0,0.0,0.009157876089432412,0.0,1.0044353900982161,0.27,0.06
1674,0.02890751568358925,0.0218906949614575,0.0,0.0,0.0,0.00701682072213175,0.0,1.0025888583292342,0.27,0.06
1675,0.02691389391230725,0.023620588596787177,0.0,0.0,0.0,0.0032933053155200717,0.0,1.0017221990356762,0.27,0.06
1676,0.02691389391230725,0.021014014647300693,0.005899879265006555,0.0,0.0,0.0,0.0,1.0017221990356762,0.27,0.06
1677,0.021730477306973923,0.015186120971404843,0.0,0.0,0.0,0.006544356335569081,0.0,1.0,0.27,0.06
1678,0.021730477306973923,0.018446664133170476,0.0032838131738034473,0.0,0.0,0.0,0.0,1.0,0.27,0.06
1679,0.3905505049941475,0.13155273977291232,0.2589977652212352,0.0,0.0,0.0,0.0,1.0,0.27,0.06
1680,0.3905505049941475,0.14360506147460428,0.24694544351954323,0.0,0.0,0.0,0.0,1.0,0.27,0.06
1681,0.3913479736388775,0.1224937847176145,0.268854188921263,0.0,0.0,0.0,0.0,1.0,0.27,0.06
1682,0.3913479736388775,0.1303762730539022,0.2609717005849753,0.0,0.0,0.0,0.0,1.0,0.27,0.06
1683,0.33373228451261,0.1915966542519258,0.1421356302606842,0.0,0.0,0.0,0.0,1.0,0.27,0.06
1684,0.33373228451261,0.1745283972699268,0.1592038872426832,0.0,0.0,0.0,0.0,1.0,0.27,0.06
1685,0.17603680240420175,0.2104115334029887,0.0,0.0,0.03437473099878696,0.0,0.0,1.008163998612212,0.27,0.06
1686,0.17603680240420175,0.15264741068832166,0.023389391715880087,0.0,0.0,0.0,0.0,1.008163998612212,0.27,0.06
1687,0.220893292258047,0.16867203249583337,0.04223791563299287,0.0,0.0,0.00998334412922075,0.0,1.0055368027887328,0.27,0.06
1688,0.220893292258047,0.2168775926401433,0.0,0.0,0.0,0.004015699617903684,0.0,1.0044800397313898,0.27,0.06
1689,0.19437812269999624,0.20409201944202848,0.0,8.604228440844963e-16,0.00971389674203138,0.0,0.0,1.0067870902076221,0.27,0.06
1690,0.19437812269999624,0.17545151712085544,0.018926605579140804,0.0,0.0,-0.0,0.0,1.0067870902076221,0.27,0.06
1691,0.180422770301022,0.11386659832591088,0.06655617197511111,0.0,0.0,0.0,0.0,1.0067870902076221,0.27,0.06
1692,0.180422770301022,0.04918911359586279,0.13123365670515907,0.0,0.0,0.0,0.0,1.0067870902076221,0.27,0.06
1693,0.238237821604418,0.054899207282886706,0.1833386143215313,0.0,0.0,0.0,0.0,1.0067870902076221,0.27,0.06
1694,0.238237821604418,0.06576223025233721,0.1724755913520808,0.0,0.0,0.0,0.0,1.0067870902076221,0.27,0.06
1695,0.1868023599691245,0.056276547833889336,0.13052581213523518,0.0,0.0,0.0,0.0,1.0067870902076221,0.27,0.06
1696,0.1868023599691245,0.026078434912430292,0.16072392505669422,0.0,0.0,0.0,0.0,1.0067870902076221,0.27,0.06
1697,0.04625202509374275,0.006619737676007893,0.039632287417734856,0.0,0.0,0.0,0.0,1.0067870902076221,0.27,0.06
1698,0.04625202509374275,0.0047632036517797115,0.04148882144196304,0.0,0.0,0.0,0.0,1.0067870902076221,0.27,0.06
1699,0.1521133411488175,0.009327336704383078,0.14278600444443443,0.0,0.0,0.0,0.0,1.0067870902076221,0.27,0.06
1700,0.1521133411488175,0.009789540572542778,0.14232380057627472,0.0,0.0,0.0,0.0,1.0067870902076221,0.27,0.06
1701,0.048644371219281,0.00421979568718318,0.04442457553209782,0.0,0.0,0.0,0.0,1.0067870902076221,0.27,0.06
1702,0.048644371219281,0.0018176161997009506,0.04682675501958005,0.0,0.0,0.0,0.0,1.0067870902076221,0.27,0.06
1703,0.05980865313846025,0.00025538912898166727,0.05955326400947858,0.0,0.0,0.0,0.0,1.0067870902076221,0.27,0.06
1704,0.05980865313846025,0.0,0.05980865313846025,0.0,0.0,0.0,0.0,1.0067870902076221,0.27,0.06
1705,0.13197776125886926,0.0,0.13197776125886926,0.0,0.0,0.0,0.0,1.0067870902076221,0.27,0.06
1706,0.13197776125886926,0.0,0.13197776125886929,0.0,0.0,-1.3877787807814457e-17,0.0,1.0067870902076221,0.27,0.06
1707,0.0149521632846151,0.0,0.0149521632846151,0.0,0.0,0.0,0.0,1.0067870902076221,0.27,0.06
1708,0.0149521632846151,0.0,0.0,0.0,0.0,0.0149521632846151,0.0,1.0028523103958813,0.27,0.06
1709,0.0330941214032815,0.0,0.0330941214032815,0.0,0.0,0.0,0.0,1.0028523103958813,0.27,0.06
1710,0.0330941214032815,0.0,0.0330941214032815,0.0,0.0,0.0,0.0,1.0028523103958813,0.27,0.06
1711,0.050438630813435,0.0,0.050438630813435,0.0,0.0,0.0,0.0,1.0028523103958813,0.27,0.06
1712,0.050438630813435,0.0,0.050438630813435,0.0,0.0,0.0,0.0,1.0028523103958813,0.27,0.06
1713,0.06419462103528074,0.0,0.06419462103528074,0.0,0.0,0.0,0.0,1.0028523103958813,0.27,0.06
1714,0.06419462103528074,0.0,0.06419462103528073,0.0,0.0,1.3877787807814457e-17,0.0,1.0028523103958813,0.27,0.06
1715,0.05522332306451175,0.0,0.05522332306451175,0.0,0.0,0.0,0.0,1.0028523103958813,0.27,0.06
1716,0.05522332306451175,0.0,0.05522332306451175,0.0,0.0,0.0,0.0,1.0028523103958813,0.27,0.06
1717,0.04545457638523,0.0,0.04545457638523,0.0,0.0,0.0,0.0,1.0028523103958813,0.27,0.06
1718,0.04545457638523,0.0,0.04545457638523,0.0,0.0,0.0,0.0,1.0028523103958813,0.27,0.06
1719,0.0460526629166145,0.0,0.0460526629166145,0.0,0.0,0.0,0.0,1.0028523103958813,0.27,0.06
1720,0.0460526629166145,0.0,0.0460526629166145,0.0,0.0,0.0,0.0,1.0028523103958813,0.27,0.06
1721,0.07795061125712675,0.0,0.07795061125712675,0.0,0.0,0.0,0.0,1.0028523103958813,0.27,0.06
1722,0.07795061125712675,0.0,0.07795061125712675,0.0,0.0,0.0,0.0,1.0028523103958813,0.27,0.06
1723,0.0699761241719985,0.0,0.0699761241719985,0.0,0.0,0.0,0.0,1.0028523103958813,0.27,0.06
1724,0.0699761241719985,0.0,0.0699761241719985,0.0,0.0,0.0,0.0,1.0028523103958813,0.27,0.06
1725,0.04884373339640925,0.0,0.04884373339640925,0.0,0.0,0.0,0.0,1.0028523103958813,0.27,0.06
1726,0.04884373339640925,0.0,0.04884373339640924,0.0,0.0,0.0,0.0,1.0028523103958813,0.27,0.06
1727,0.045653938562358,0.0,0.045653938562358,0.0,0.0,0.0,0.0,1.0028523103958813,0.27,0.06
1728,0.045653938562358,0.0,0.045653938562358,0.0,0.0,0.0,0.0,1.0028523103958813,0.27,0.06
1729,0.04027115977989675,0.0,0.04027115977989675,0.0,0.0,0.0,0.0,1.0028523103958813,0.27,0.06
1730,0.04027115977989675,0.0,0.04027115977989675,0.0,0.0,0.0,0.0,1.0028523103958813,0.27,0.06
1731,0.0420654193740505,0.0,0.0420654193740505,0.0,0.0,0.0,0.0,1.0028523103958813,0.27,0.06
1732,0.0420654193740505,0.0,0.0420654193740505,0.0,0.0,0.0,0.0,1.0028523103958813,0.27,0.06
1733,0.035685829705948,0.0,0.035685829705948,0.0,0.0,0.0,0.0,1.0028523103958813,0.27,0.06
1734,0.035685829705948,0.0,0.035685829705948,0.0,0.0,0.0,0.0,1.0028523103958813,0.27,0.06
1735,0.02412282343251235,0.0,0.02412282343251235,0.0,0.0,0.0,0.0,1.0028523103958813,0.27,0.06
1736,0.02412282343251235,0.0,0.02412282343251235,0.0,0.0,0.0,0.0,1.0028523103958813,0.27,0.06
1737,0.025717720849538,0.0,0.025717720849538,0.0,0.0,0.0,0.0,1.0028523103958813,0.27,0.06
1738,0.025717720849538,0.0,0.025717720849538,0.0,0.0,0.0,0.0,1.0028523103958813,0.27,0.06
1739,0.0143540767532305,0.0,0.0143540767532305,0.0,0.0,0.0,0.0,1.0028523103958813,0.27,0.06
1740,0.0143540767532305,0.0,0.0143540767532305,0.0,0.0,0.0,0.0,1.0028523103958813,0.27,0.06
1741,0.048644371219281,0.0,0.048644371219281,0.0,0.0,0.0,0.0,1.0028523103958813,0.27,0.06
1742,0.048644371219281,0.0,0.048644371219281,0.0,0.0,0.0,0.0,1.0028523103958813,0.27,0.06
1743,0.045653938562358,0.0,0.045653938562358,0.0,0.0,0.0,0.0,1.0028523103958813,0.27,0.06
1744,0.045653938562358,0.0,0.045653938562358,0.0,0.0,0.0,0.0,1.0028523103958813,0.27,0.06
1745,0.048445009042153,0.0,0.048445009042153,0.0,0.0,0.0,0.0,1.0028523103958813,0.27,0.06
1746,0.048445009042153,0.0,0.048445009042153,0.0,0.0,0.0,0.0,1.0028523103958813,0.27,0.06
1747,0.05980865313846025,0.0,0.05980865313846025,0.0,0.0,0.0,0.0,1.0028523103958813,0.27,0.06
1748,0.05980865313846025,0.0,0.05980865313846025,0.0,0.0,0.0,0.0,1.0028523103958813,0.27,0.06
1749,0.04724883597938375,0.0,0.04724883597938375,0.0,0.0,0.0,0.0,1.0028523103958813,0.27,0.06
1750,0.04724883597938375,0.0,0.04724883597938375,0.0,0.0,0.0,0.0,1.0028523103958813,0.27,0.06
1751,0.02192983948410215,0.0,0.02192983948410215,0.0,0.0,0.0,0.0,1.0028523103958813,0.27,0.06
1752,0.02192983948410215,0.0,0.02192983948410215,0.0,0.0,0.0,0.0,1.0028523103958813,0.27,0.06
1753,0.0332934835804095,0.0,0.0332934835804095,0.0,0.0,0.0,0.0,1.0028523103958813,0.27,0.06
1754,0.0332934835804095,0.0,0.0332934835804095,0.0,0.0,0.0,0.0,1.0028523103958813,0.27,0.06
1755,0.04346095461394775,0.0,0.04346095461394775,0.0,0.0,0.0,0.0,1.0028523103958813,0.27,0.06
1756,0.04346095461394775,0.0,0.04346095461394775,0.0,0.0,0.0,0.0,1.0028523103958813,0.27,0.06
1757,0.04425840332246075,0.0,0.04425840332246075,0.0,0.0,0.0,0.0,1.0028523103958813,0.27,0.06
1758,0.04425840332246075,0.0,0.04425840332246075,0.0,0.0,0.0,0.0,1.0028523103958813,0.27,0.06
1759,0.04146733284266575,0.0,0.04146733284266575,0.0,0.0,0.0,0.0,1.0028523103958813,0.27,0.06
1760,0.04146733284266575,0.0,0.04146733284266575,0.0,0.0,0.0,0.0,1.0028523103958813,0.27,0.06
1761,0.03748008930010175,0.0,0.03748008930010175,0.0,0.0,0.0,0.0,1.0028523103958813,0.27,0.06
1762,0.03748008930010175,0.0002172246095487371,0.03726286469055301,0.0,0.0,0.0,0.0,1.0028523103958813,0.27,0.06
1763,0.049441819927794,0.0030571018168117775,0.04638471811098222,0.0,0.0,0.0,0.0,1.0028523103958813,0.27,0.06
1764,0.049441819927794,0.004258573213799037,0.045183246713994964,0.0,0.0,0.0,0.0,1.0028523103958813,0.27,0.06
1765,0.03628391623733275,0.0017556252982503138,0.03452829093908243,0.0,0.0,0.0,0.0,1.0028523103958813,0.27,0.06
1766,0.03628391623733275,0.0034463201174421555,0.032837596119890594,0.0,0.0,0.0,0.0,1.0028523103958813,0.27,0.06
1767,0.02990432656923025,0.002879935112505864,0.02702439145672439,0.0,0.0,0.0,0.0,1.0028523103958813,0.27,0.06
1768,0.02990432656923025,0.0057851996042356585,0.02411912696499474,0.0,0.0,0.0,0.0,1.0028523103958813,0.27,0.06
1769,0.0372807271229735,0.020181489509222172,0.017099237613751327,0.0,0.0,0.0,0.0,1.0028523103958813,0.27,0.06
1770,0.0372807271229735,0.012684953932103516,0.02459577319086998,0.0,0.0,0.0,0.0,1.0028523103958813,0.27,0.06
1771,0.04226478155117875,0.013248830186208803,0.029015951364969948,0.0,0.0,0.0,0.0,1.0028523103958813,0.27,0.06
1772,0.04226478155117875,0.021481766258346788,0.020783015292831962,0.0,0.0,0.0,0.0,1.0028523103958813,0.27,0.06
1773,0.026714531735179,0.015875752230830233,0.0,0.0,0.0,0.010838779504348767,0.0,1.0,0.27,0.06
1774,0.026714531735179,0.038433876154165034,0.0,0.0,0.011719344418986033,0.0,0.0,1.002783344299509,0.27,0.06
1775,0.3891549697542475,0.13406107005648546,0.2550938996977621,0.0,0.0,0.0,0.0,1.002783344299509,0.27,0.06
1776,0.3891549697542475,0.06925431448525568,0.3199006552689918,0.0,0.0,0.0,0.0,1.002783344299509,0.27,0.06
1777,0.39673073248512,0.045749032919216906,0.3509816995659031,0.0,0.0,0.0,0.0,1.002783344299509,0.27,0.06
1778,0.39673073248512,0.0454901533296584,0.34066387081732696,0.0,0.0,0.0105767083381346,0.0,1.0,0.27,0.06
1779,0.411882257946865,0.10336981671143489,0.3085124412354301,0.0,0.0,0.0,0.0,1.0,0.27,0.06
1780,0.411882257946865,0.09042691106169391,0.3214553468851711,0.0,0.0,0.0,0.0,1.0,0.27,0.06
1781,0.360646178424915,0.13897704662021085,0.22166913180470393,0.0,0.0,0.0,0.0,1.0,0.27,0.06
1782,0.360646178424915,0.13738239558854962,0.22326378283636536,0.0,0.0,0.0,0.0,1.0,0.27,0.06
1783,0.180223408123894,0.24604590730826867,0.0,1.1102230246251565e-16,0.06582249918437455,0.0,0.0,1.015632843556289,0.27,0.06
1784,0.180223408123894,0.25163146840362,0.0,0.0,0.07140806027972599,0.0,0.0,1.0325922578727238,0.27,0.06
1785,0.21371625388143176,0.16964036954109593,0.044075884340335825,0.0,0.0,0.0,0.0,1.0325922578727238,0.27,0.06
1786,0.21371625388143176,0.16972806038300164,0.023353486943948037,0.0,0.0,0.020634706554482074,0.0,1.0271620719373338,0.27,0.06
1787,0.23046267676020074,0.2383200939917003,0.0,0.0,0.007857417231499547,0.0,0.0,1.029028208529815,0.27,0.06
1788,0.23046267676020074,0.14318106505346018,0.08728161170674056,0.0,0.0,0.0,0.0,1.029028208529815,0.27,0.06
1789,0.18540682472922726,0.08606886846029818,0.09933795626892916,0.0,0.0,0.0,0.0,1.029028208529815,0.27,0.06
1790,0.18540682472922726,0.08401956863151717,0.10138725609771009,0.0,0.0,0.0,0.0,1.029028208529815,0.27,0.06
1791,0.253389327129945,0.1653052776209258,0.08808404950901919,0.0,0.0,0.0,0.0,1.029028208529815,0.27,0.06
1792,0.253389327129945,0.14432571571413133,0.10906361141581367,0.0,0.0,0.0,0.0,1.029028208529815,0.27,0.06
1793,0.12061411716256175,0.025662597195600642,0.0949515199669611,0.0,0.0,0.0,0.0,1.029028208529815,0.27,0.06
1794,0.12061411716256175,0.031002383579017974,0.08961173358354377,0.0,0.0,0.0,0.0,1.029028208529815,0.27,0.06
1795,0.0897129797076905,0.015162486160829849,0.07455049354686065,0.0,0.0,0.0,0.0,1.029028208529815,0.27,0.06
1796,0.0897129797076905,0.01297393946724135,0.07673904024044916,0.0,0.0,0.0,0.0,1.029028208529815,0.27,0.06
1797,0.112041543546049,0.02084701115311504,0.09119453239293396,0.0,0.0,0.0,0.0,1.029028208529815,0.27,0.06
1798,0.112041543546049,0.0011030200690332007,0.1109385234770158,0.0,0.0,0.0,0.0,1.029028208529815,0.27,0.06
1799,0.0283094291522045,0.0,0.0283094291522045,0.0,0.0,0.0,0.0,1.029028208529815,0.27,0.06
1800,0.0283094291522045,0.0,0.0283094291522045,0.0,0.0,0.0,0.0,1.029028208529815,0.27,0.06
1801,0.24681037528471325,0.0,0.24681037528471325,0.0,0.0,0.0,0.0,1.029028208529815,0.27,0.06
1802,0.24681037528471325,0.0,0.24681037528471325,0.0,0.0,0.0,0.0,1.029028208529815,0.27,0.06
1803,0.0639952588581525,0.0,0.0639952588581525,0.0,0.0,0.0,0.0,1.029028208529815,0.27,0.06
1804,0.0639952588581525,0.0,0.0639952588581525,0.0,0.0,0.0,0.0,1.029028208529815,0.27,0.06
1805,0.0540271500017425,0.0,0.05402715000174249,0.0,0.0,6.938893903907228e-18,0.0,1.029028208529815,0.27,0.06
1806,0.0540271500017425,0.0,0.05402715000174249,0.0,0.0,6.938893903907228e-18,0.0,1.029028208529815,0.27,0.06
1807,0.0590112044299475,0.0,0.0590112044299475,0.0,0.0,0.0,0.0,1.029028208529815,0.27,0.06
1808,0.0590112044299475,0.0,0.0590112044299475,0.0,0.0,0.0,0.0,1.029028208529815,0.27,0.06
1809,0.04385967896820425,0.0,0.04385967896820425,0.0,0.0,0.0,0.0,1.029028208529815,0.27,0.06
1810,0.04385967896820425,0.0,0.04385967896820425,0.0,0.0,0.0,0.0,1.0290282085298148,0.27,0.06
1811,0.0159489741702561,0.0,0.0,0.0,0.0,0.0159489741702561,0.0,1.024831110063958,0.27,0.06
1812,0.0159489741702561,0.0,0.0,0.0,0.0,0.0159489741702561,0.0,1.0206340115981012,0.27,0.06
1813,0.021730477306973923,0.0,0.021730477306973923,0.0,0.0,0.0,0.0,1.0206340115981012,0.27,0.06
1814,0.021730477306973923,0.0,0.021730477306973923,0.0,0.0,0.0,0.0,1.0206340115981012,0.27,0.06
1815,0.019736855535691926,0.0,0.019736855535691926,0.0,0.0,0.0,0.0,1.0206340115981012,0.27,0.06
1816,0.019736855535691926,0.0,0.01973685553569191,0.0,0.0,1.734723475976807e-17,0.0,1.0206340115981012,0.27,0.06
1817,0.0273126182665635,0.0,0.0273126182665635,0.0,0.0,0.0,0.0,1.0206340115981012,0.27,0.06
1818,0.0273126182665635,0.0,0.0273126182665635,0.0,0.0,0.0,0.0,1.0206340115981012,0.27,0.06
1819,0.02511963431815325,0.0,0.02511963431815325,0.0,0.0,0.0,0.0,1.0206340115981012,0.27,0.06
1820,0.02511963431815325,0.0,0.02511963431815325,0.0,0.0,0.0,0.0,1.0206340115981012,0.27,0.06
1821,0.0149521632846151,0.0,0.0,0.0,0.0,0.0149521632846151,0.0,1.0166992317863603,0.27,0.06
1822,0.0149521632846151,0.0,0.0,0.0,0.0,0.0149521632846151,0.0,1.0127644519746195,0.27,0.06
1823,0.02232856383835855,0.0,0.02232856383835855,0.0,0.0,0.0,0.0,1.0127644519746195,0.27,0.06
1824,0.02232856383835855,0.0,0.02232856383835855,0.0,0.0,0.0,0.0,1.0127644519746195,0.27,0.06
1825,0.0153508876388715,0.0,0.0,0.0,0.0,0.0153508876388715,0.0,1.0087247447012322,0.27,0.06
1826,0.0153508876388715,0.0,0.0,0.0,0.0,0.0153508876388715,0.0,1.004685037427845,0.27,0.06
1827,0.02551835867240975,0.0,0.02551835867240975,0.0,0.0,0.0,0.0,1.004685037427845,0.27,0.06
1828,0.02551835867240975,0.0,0.025518358672409924,0.0,0.0,0.0,0.0,1.004685037427845,0.27,0.06
1829,0.143740129709433,0.0,0.143740129709433,0.0,0.0,0.0,0.0,1.004685037427845,0.27,0.06
1830,0.143740129709433,0.0,0.143740129709433,0.0,0.0,0.0,0.0,1.004685037427845,0.27,0.06
1831,0.21570987565271374,0.0,0.2157098756527137,0.0,0.0,0.0,0.0,1.004685037427845,0.27,0.06
1832,0.21570987565271374,0.0,0.21570987565271374,0.0,0.0,0.0,0.0,1.004685037427845,0.27,0.06
1833,0.05123607952194775,0.0,0.05123607952194775,0.0,0.0,0.0,0.0,1.004685037427845,0.27,0.06
1834,0.05123607952194775,0.0,0.05123607952194775,0.0,0.0,0.0,0.0,1.004685037427845,0.27,0.06
1835,0.034689018820307,0.0,0.034689018820307,0.0,0.0,0.0,0.0,1.004685037427845,0.27,0.06
1836,0.034689018820307,0.0,0.034689018820307,0.0,0.0,0.0,0.0,1.004685037427845,0.27,0.06
1837,0.0330941214032815,0.0,0.0330941214032815,0.0,0.0,0.0,0.0,1.004685037427845,0.27,0.06
1838,0.0330941214032815,0.0,0.0330941214032815,0.0,0.0,0.0,0.0,1.004685037427845,0.27,0.06
1839,0.02352473690112775,0.0,0.02352473690112775,0.0,0.0,0.0,0.0,1.004685037427845,0.27,0.06
1840,0.02352473690112775,0.0,0.02352473690112776,0.0,0.0,-1.0408340855860843e-17,0.0,1.004685037427845,0.27,0.06
1841,0.02432218560964055,0.0,0.02432218560964055,0.0,0.0,0.0,0.0,1.004685037427845,0.27,0.06
1842,0.02432218560964055,0.0,0.02432218560964055,0.0,0.0,0.0,0.0,1.004685037427845,0.27,0.06
1843,0.03149922398625575,0.0,0.03149922398625575,0.0,0.0,0.0,0.0,1.004685037427845,0.27,0.06
1844,0.03149922398625575,0.0,0.03149922398625575,0.0,0.0,0.0,0.0,1.004685037427845,0.27,0.06
1845,0.02850879132933275,0.0,0.02850879132933275,0.0,0.0,0.0,0.0,1.004685037427845,0.27,0.06
1846,0.02850879132933275,0.0,0.02850879132933275,0.0,0.0,0.0,0.0,1.004685037427845,0.27,0.06
1847,0.0372807271229735,0.0,0.0372807271229735,0.0,0.0,0.0,0.0,1.004685037427845,0.27,0.06
1848,0.0372807271229735,0.0,0.0372807271229735,0.0,0.0,0.0,0.0,1.004685037427845,0.27,0.06
1849,0.03748008930010175,0.0,0.03748008930010175,0.0,0.0,0.0,0.0,1.004685037427845,0.27,0.06
1850,0.03748008930010175,0.0,0.03748008930010175,0.0,0.0,0.0,0.0,1.004685037427845,0.27,0.06
1851,0.02811006697507625,0.0,0.02811006697507625,0.0,0.0,0.0,0.0,1.004685037427845,0.27,0.06
1852,0.02811006697507625,0.0,0.02811006697507625,0.0,0.0,0.0,0.0,1.004685037427845,0.27,0.06
1853,0.04246414372830675,0.0,0.04246414372830674,0.0,0.0,1.3877787807814457e-17,0.0,1.004685037427845,0.27,0.06
1854,0.04246414372830675,0.0,0.04246414372830675,0.0,0.0,0.0,0.0,1.004685037427845,0.27,0.06
1855,0.03548646752881975,0.0,0.03548646752881975,0.0,0.0,0.0,0.0,1.004685037427845,0.27,0.06
1856,0.03548646752881975,0.0,0.03548646752881975,0.0,0.0,0.0,0.0,1.004685037427845,0.27,0.06
1857,0.0390749867171275,0.0023111240922686106,0.036763862624858756,0.0,0.0,0.0,0.0,1.004685037427845,0.27,0.06
1858,0.0390749867171275,0.005336766328597241,0.03373822038853026,0.0,0.0,0.0,0.0,1.004685037427845,0.27,0.06
1859,0.029704964392102,0.0043011333682994425,0.02540383102380256,0.0,0.0,0.0,0.0,1.004685037427845,0.27,0.06
1860,0.029704964392102,0.00614634990979922,0.02355861448230278,0.0,0.0,0.0,0.0,1.004685037427845,0.27,0.06
1861,0.02811006697507625,0.005742825497708204,0.022367241477368044,0.0,0.0,0.0,0.0,1.004685037427845,0.27,0.06
1862,0.02811006697507625,0.008645381736972853,0.019464685238103394,0.0,0.0,0.0,0.0,1.004685037427845,0.27,0.06
1863,0.03389157011179425,0.006335702946726239,0.027555867165068013,0.0,0.0,0.0,0.0,1.004685037427845,0.27,0.06
1864,0.03389157011179425,0.0069704516124583825,0.02692111849933587,0.0,0.0,0.0,0.0,1.004685037427845,0.27,0.06
1865,0.03050241310061475,0.009461739369337344,0.02104067373127741,0.0,0.0,0.0,0.0,1.004685037427845,0.27,0.06
1866,0.03050241310061475,0.016416807408405978,0.014085605692208774,0.0,0.0,0.0,0.0,1.004685037427845,0.27,0.06
1867,0.04226478155117875,0.027477999561218328,0.014786781989960422,0.0,0.0,0.0,0.0,1.004685037427845,0.27,0.06
1868,0.04226478155117875,0.043864942115325586,0.0,0.0,0.0016001605641468367,0.0,0.0,1.0050650755618298,0.27,0.06
1869,0.03787881365435825,0.05054010642881894,0.0,0.0,0.012661292774460688,0.0,0.0,1.0080721325957642,0.27,0.06
1870,0.03787881365435825,0.07145506597609146,0.0,0.0,0.0335762523217332,0.0,0.0,1.016046492522176,0.27,0.06
1871,0.39593326384039,0.32725445544017717,0.06867880840021284,0.0,0.0,0.0,0.0,1.016046492522176,0.27,0.06
1872,0.39593326384039,0.2853820141316379,0.11055124970875213,0.0,0.0,0.0,0.0,1.016046492522176,0.27,0.06
1873,0.3979269254841075,0.4219014872200019,0.0,0.0,0.023974561735894406,0.0,0.0,1.0217404509344508,0.27,0.06
1874,0.3979269254841075,0.29200150513672857,0.10592542034737895,0.0,0.0,0.0,0.0,1.0217404509344508,0.27,0.06
1875,0.316387775102455,0.27593386296729616,0.040453912135158865,0.0,0.0,0.0,0.0,1.0217404509344508,0.27,0.06
1876,0.316387775102455,0.20559741683518784,0.11079035826726719,0.0,0.0,0.0,0.0,1.0217404509344508,0.27,0.06
1877,0.1758374402270735,0.2704341785983868,0.0,0.0,0.0945967383713133,0.0,0.0,1.0442071762976377,0.27,0.06
1878,0.1758374402270735,0.23843853438241475,0.0,-8.604228440844963e-16,0.0626010941553421,0.0,0.0,1.0590749361595315,0.27,0.06
1879,0.18341320295794525,0.15675001223379526,0.026663190724149993,0.0,0.0,0.0,0.0,1.0590749361595315,0.27,0.06
1880,0.18341320295794525,0.18572761031431723,0.0,0.0,0.002314407356371978,0.0,0.0,1.0596246079066698,0.27,0.06
1881,0.2641548846948675,0.14273624595083198,0.1214186387440355,0.0,0.0,0.0,0.0,1.0596246079066698,0.27,0.06
1882,0.2641548846948675,0.15529405760073303,0.10886082709413444,0.0,0.0,0.0,0.0,1.0596246079066698,0.27,0.06
1883,0.2055424046191755,0.09199961610037859,0.11354278851879691,0.0,0.0,0.0,0.0,1.0596246079066698,0.27,0.06
1884,0.2055424046191755,0.1560393504696154,0.049503054149560105,0.0,0.0,0.0,0.0,1.0596246079066698,0.27,0.06
1885,0.19936217712820126,0.14786762739719655,0.0514945497310047,0.0,0.0,0.0,0.0,1.0596246079066698,0.27,0.06
1886,0.19936217712820126,0.07421674616634613,0.12514543096185513,0.0,0.0,0.0,0.0,1.0596246079066698,0.27,0.06
1887,0.14992035720040725,0.048447367118315356,0.1014729900820919,0.0,0.0,0.0,0.0,1.0596246079066698,0.27,0.06
1888,0.14992035720040725,0.06148605105036809,0.08843430615003917,0.0,0.0,0.0,0.0,1.0596246079066696,0.27,0.06
1889,0.020733666421332925,0.012261384494774827,0.0,0.0,0.0,0.008472281926558098,0.0,1.0573950600312596,0.27,0.06
1890,0.020733666421332925,0.010600370766595686,0.0,0.0,0.0,0.010133295654737239,0.0,1.054728403280013,0.27,0.06
1891,0.07157102158902424,0.023480997657003767,0.04809002393202011,0.0,0.0,0.0,0.0,1.054728403280013,0.27,0.06
1892,0.07157102158902424,0.012237617832682615,0.05933340375634163,0.0,0.0,0.0,0.0,1.054728403280013,0.27,0.06
1893,0.08532701181087,0.007211264552843224,0.07811574725802678,0.0,0.0,0.0,0.0,1.054728403280013,0.27,0.06
1894,0.08532701181087,0.0035344203905863813,0.08179259142028363,0.0,0.0,0.0,0.0,1.054728403280013,0.27,0.06
1895,0.0946970341358955,0.0011185956499218902,0.09357843848597361,0.0,0.0,0.0,0.0,1.054728403280013,0.27,0.06
1896,0.0946970341358955,0.0,0.0946970341358955,0.0,0.0,0.0,0.0,1.054728403280013,0.27,0.06
1897,0.02950560221497375,0.0,0.02950560221497375,0.0,0.0,0.0,0.0,1.054728403280013,0.27,0.06
1898,0.02950560221497375,0.0,0.02950560221497375,0.0,0.0,0.0,0.0,1.054728403280013,0.27,0.06
1899,0.02212920166123035,0.0,0.0,0.0,0.0,0.02212920166123035,0.0,1.0489049291586365,0.27,0.06
1900,0.02212920166123035,0.0,0.02212920166123035,0.0,0.0,0.0,0.0,1.0489049291586365,0.27,0.06
1901,0.031698586163384,0.0,0.031698586163384,0.0,0.0,0.0,0.0,1.0489049291586365,0.27,0.06
1902,0.031698586163384,0.0,0.031698586163384,0.0,0.0,0.0,0.0,1.0489049291586365,0.27,0.06
1903,0.0311004996319995,0.0,0.0311004996319995,0.0,0.0,0.0,0.0,1.0489049291586365,0.27,0.06
1904,0.0311004996319995,0.0,0.0311004996319995,0.0,0.0,0.0,0.0,1.0489049291586365,0.27,0.06
1905,0.060406739669845,0.0,0.060406739669845,0.0,0.0,0.0,0.0,1.0489049291586365,0.27,0.06
1906,0.060406739669845,0.0,0.060406739669845,0.0,0.0,0.0,0.0,1.0489049291586365,0.27,0.06
1907,0.05382778782461425,0.0,0.05382778782461425,0.0,0.0,0.0,0.0,1.0489049291586365,0.27,0.06
1908,0.05382778782461425,0.0,0.05382778782461425,0.0,0.0,0.0,0.0,1.0489049291586365,0.27,0.06
1909,0.02890751568358925,0.0,0.02890751568358925,0.0,0.0,0.0,0.0,1.0489049291586365,0.27,0.06
1910,0.02890751568358925,0.0,0.02890751568358925,0.0,0.0,0.0,0.0,1.0489049291586365,0.27,0.06
1911,0.02950560221497375,0.0,0.02950560221497375,0.0,0.0,0.0,0.0,1.0489049291586365,0.27,0.06
1912,0.02950560221497375,0.0,0.02950560221497375,0.0,0.0,0.0,0.0,1.0489049291586365,0.27,0.06
1913,0.03548646752881975,0.0,0.03548646752881975,0.0,0.0,0.0,0.0,1.0489049291586365,0.27,0.06
1914,0.03548646752881975,0.0,0.03548646752881975,0.0,0.0,0.0,0.0,1.0489049291586365,0.27,0.06
1915,0.072368470297537,0.0,0.072368470297537,0.0,0.0,0.0,0.0,1.0489049291586365,0.27,0.06
1916,0.072368470297537,0.0,0.072368470297537,0.0,0.0,0.0,0.0,1.0489049291586365,0.27,0.06
1917,0.12699370683066424,0.0,0.12699370683066424,0.0,0.0,0.0,0.0,1.0489049291586365,0.27,0.06
1918,0.12699370683066424,0.0,0.12699370683066422,0.0,0.0,2.7755575615628914e-17,0.0,1.0489049291586365,0.27,0.06
1919,0.0370813649458455,0.0,0.0370813649458455,0.0,0.0,0.0,0.0,1.0489049291586365,0.27,0.06
1920,0.0370813649458455,0.0,0.0370813649458455,0.0,0.0,0.0,0.0,1.0489049291586365,0.27,0.06
1921,0.033692207934666,0.0,0.033692207934666,0.0,0.0,0.0,0.0,1.0489049291586365,0.27,0.06
1922,0.033692207934666,0.0,0.033692207934666,0.0,0.0,0.0,0.0,1.0489049291586365,0.27,0.06
1923,0.02192983948410215,0.0,0.02192983948410215,0.0,0.0,0.0,0.0,1.0489049291586365,0.27,0.06
1924,0.02192983948410215,0.0,0.02192983948410215,0.0,0.0,0.0,0.0,1.0489049291586365,0.27,0.06
1925,0.021132390775589326,0.0,0.021132390775589326,0.0,0.0,0.0,0.0,1.0489049291586365,0.27,0.06
1926,0.021132390775589326,0.0,0.0,0.0,0.0,0.021132390775589326,0.0,1.0433437736913762,0.27,0.06
1927,0.02611644520379425,0.0,0.02611644520379425,0.0,0.0,0.0,0.0,1.0433437736913762,0.27,0.06
1928,0.02611644520379425,0.0,0.02611644520379425,0.0,0.0,0.0,0.0,1.0433437736913762,0.27,0.06
1929,0.0273126182665635,0.0,0.027312618266563494,0.0,0.0,6.938893903907228e-18,0.0,1.0433437736913762,0.27,0.06
1930,0.0273126182665635,0.0,0.0273126182665635,0.0,0.0,0.0,0.0,1.0433437736913762,0.27,0.06
1931,0.033692207934666,0.0,0.033692207934666,0.0,0.0,0.0,0.0,1.0433437736913762,0.27,0.06
1932,0.033692207934666,0.0,0.033692207934666,0.0,0.0,0.0,0.0,1.0433437736913762,0.27,0.06
1933,0.02771134262082,0.0,0.0277113426208202,0.0,0.0,0.0,0.0,1.0433437736913762,0.27,0.06
1934,0.02771134262082,0.0,0.02771134262082,0.0,0.0,0.0,0.0,1.0433437736913762,0.27,0.06
1935,0.020933028598461124,0.0,0.0,0.0,0.0,0.020933028598461124,0.0,1.0378350819549391,0.27,0.06
1936,0.020933028598461124,0.0,0.0,0.0,0.0,0.020933028598461124,0.0,1.032326390218502,0.27,0.06
1937,0.0263158073809225,0.0,0.0263158073809225,0.0,0.0,0.0,0.0,1.032326390218502,0.27,0.06
1938,0.0263158073809225,0.0,0.0263158073809225,0.0,0.0,0.0,0.0,1.032326390218502,0.27,0.06
1939,0.02372409907825595,0.0,0.02372409907825595,0.0,0.0,0.0,0.0,1.032326390218502,0.27,0.06
1940,0.02372409907825595,0.0,0.02372409907825595,0.0,0.0,0.0,0.0,1.032326390218502,0.27,0.06
1941,0.04545457638523,0.0,0.04545457638523,0.0,0.0,0.0,0.0,1.032326390218502,0.27,0.06
1942,0.04545457638523,0.0,0.04545457638523,0.0,0.0,0.0,0.0,1.032326390218502,0.27,0.06
1943,0.0380781758314865,0.0,0.0380781758314865,0.0,0.0,0.0,0.0,1.032326390218502,0.27,0.06
1944,0.0380781758314865,0.0,0.0380781758314865,0.0,0.0,0.0,0.0,1.032326390218502,0.27,0.06
1945,0.0263158073809225,0.0,0.0263158073809225,0.0,0.0,0.0,0.0,1.032326390218502,0.27,0.06
1946,0.0263158073809225,0.0,0.0263158073809225,0.0,0.0,0.0,0.0,1.032326390218502,0.27,0.06
1947,0.02791070479794825,0.0,0.02791070479794825,0.0,0.0,0.0,0.0,1.032326390218502,0.27,0.06
1948,0.02791070479794825,0.0,0.02791070479794825,0.0,0.0,0.0,0.0,1.032326390218502,0.27,0.06
1949,0.020135579889948324,0.0,0.0,0.0,0.0,0.020135579889948324,0.0,1.0270275534053577,0.27,0.06
1950,0.020135579889948324,0.0,0.0,0.0,0.0,0.020135579889948324,0.0,1.0217287165922135,0.27,0.06
1951,0.02212920166123035,0.0,0.02212920166123035,0.0,0.0,0.0,0.0,1.0217287165922135,0.27,0.06
1952,0.02212920166123035,0.0002770464225269015,0.021852155238703447,0.0,0.0,0.0,0.0,1.0217287165922135,0.27,0.06
1953,0.03887562453999925,0.0051959539738694735,0.03367967056612978,0.0,0.0,0.0,0.0,1.0217287165922135,0.27,0.06
1954,0.03887562453999925,0.005779951507435298,0.03309567303256395,0.0,0.0,0.0,0.0,1.0217287165922135,0.27,0.06
1955,0.0372807271229735,0.005116229581650136,0.03216449754132336,0.0,0.0,0.0,0.0,1.0217287165922135,0.27,0.06
1956,0.0372807271229735,0.006144081125032554,0.031136645997940946,0.0,0.0,0.0,0.0,1.0217287165922135,0.27,0.06
1957,0.05462523653312725,0.00878938579934877,0.04583585073377848,0.0,0.0,0.0,0.0,1.0217287165922135,0.27,0.06
1958,0.05462523653312725,0.010355891825589467,0.04426934470753778,0.0,0.0,0.0,0.0,1.0217287165922135,0.27,0.06
1959,0.02751198044369175,0.009793296046420173,0.0,0.0,0.0,0.017718684397271575,0.0,1.017065904908721,0.27,0.06
1960,0.02751198044369175,0.009208948984962596,0.0,0.0,0.0,0.018303031458729153,0.0,1.0122493176827396,0.27,0.06
1961,0.03050241310061475,0.010799150258198019,0.019703262842416733,0.0,0.0,0.0,0.0,1.0122493176827396,0.27,0.06
1962,0.03050241310061475,0.018640207599586896,0.0,0.0,0.0,0.011862205501027855,0.0,1.0091276846561534,0.27,0.06
1963,0.02850879132933275,0.034552563539525454,0.0,6.938893903907228e-18,0.006043772210192696,0.0,0.0,1.0105630805560741,0.27,0.06
1964,0.02850879132933275,0.04977160974671952,0.0,0.0,0.02126281841738677,0.0,0.0,1.0156129999302035,0.27,0.06
1965,0.0263158073809225,0.06622845616747722,0.0,0.0,0.03991264878655472,0.0,0.0,1.0250922540170104,0.27,0.06
1966,0.0263158073809225,0.04905490869374392,0.0,0.0,0.02273910131282142,0.0,0.0,1.0304927905788055,0.27,0.06
1967,0.41267968671916,0.38432857260848435,0.0,0.0,0.0,0.02835111411067577,0.0,1.023031971075996,0.27,0.06
1968,0.41267968671916,0.4050213928004659,0.0,0.0,0.0,0.0076582939186941035,0.0,1.0210166305710766,0.27,0.06
1969,0.40151540479998,0.4105785222518734,0.0,4.996003610813204e-16,0.009063117451892921,0.0,0.0,1.023169120965901,0.27,0.06
1970,0.40151540479998,0.357913820908644,0.0,0.0,0.0,0.043601583891336004,0.0,1.0116950199418653,0.27,0.06
1971,0.3237641756562,0.429368320961942,0.0,0.0,0.10560414530574197,0.0,0.0,1.036776004451979,0.27,0.06
1972,0.3237641756562,0.4923919119236934,0.0,0.0,0.1686277362674934,0.0,0.0,1.0768250918155087,0.27,0.06
1973,0.1897927926260475,0.4251927774465532,0.0,4.163336342344337e-16,0.23539998482050528,0.0,0.0,1.1327325882103787,0.27,0.06
1974,0.1897927926260475,0.29819673160854804,0.0,0.0,0.10840393898250053,0.0,0.0,1.1584785237187225,0.27,0.06
1975,0.24182634079272575,0.2207491082643086,0.0,0.0,0.0,0.021077232528417145,0.0,1.1529318835796654,0.27,0.06
1976,0.24182634079272575,0.19427206854045193,0.04755427225227382,0.0,0.0,0.0,0.0,1.1529318835796654,0.27,0.06
1977,0.1917864143973295,0.15981159888639457,0.0,0.0,0.0,0.03197481551093492,0.0,1.144517458445209,0.27,0.06
1978,0.1917864143973295,0.15593262930348276,0.035853785093846735,0.0,0.0,0.0,0.0,1.144517458445209,0.27,0.06
1979,0.212320738577752,0.20464708398375064,0.0,0.0,0.0,0.00767365459400135,0.0,1.1424980756573138,0.27,0.06
1980,0.212320738577752,0.1834429640492744,0.0,0.0,0.0,0.028877774528476997,0.0,1.1348986613077146,0.27,0.06
1981,0.2250798780415215,0.1309898627263798,0.09409001531514169,0.0,0.0,0.0,0.0,1.1348986613077146,0.27,0.06
1982,0.2250798780415215,0.0945015384342094,-0.0,0.0,0.0,0.1305783396073119,0.0,1.1005359403584218,0.27,0.06
1983,0.1907896035116885,0.07095014233335978,0.11983946117832872,0.0,0.0,0.0,0.0,1.1005359403584218,0.27,0.06
1984,0.1907896035116885,0.08817517550602688,0.0,0.0,0.0,0.10261442800566162,0.0,1.0735321435148266,0.27,0.06
1985,0.20833347509897024,0.08546770099970417,0.12286577409926606,0.0,0.0,0.0,0.0,1.0735321435148266,0.27,0.06
1986,0.20833347509897024,0.052474673788776544,0.1558588013101937,0.0,0.0,0.0,0.0,1.0735321435148266,0.27,0.06
1987,0.020135579889948324,0.0057323171920810245,0.0,0.0,0.0,0.014403262697867299,0.0,1.0697418112259143,0.27,0.06
1988,0.020135579889948324,0.011177635755880443,0.0,0.0,0.0,0.00895794413406788,0.0,1.0673844575064226,0.27,0.06
1989,0.1351675560929205,0.0286661538093064,0.1065014022836141,0.0,0.0,0.0,0.0,1.0673844575064226,0.27,0.06
1990,0.1351675560929205,0.009457340151891713,0.1257102159410288,0.0,0.0,0.0,0.0,1.0673844575064226,0.27,0.06
1991,0.0877193579364085,0.0008386896761406766,0.08688066826026783,0.0,0.0,0.0,0.0,1.0673844575064226,0.27,0.06
1992,0.0877193579364085,0.0,0.0877193579364085,0.0,0.0,0.0,0.0,1.0673844575064226,0.27,0.06
1993,0.173445094101535,0.0,0.17344509410153497,0.0,0.0,2.7755575615628914e-17,0.0,1.0673844575064226,0.27,0.06
1994,0.173445094101535,0.0,0.173445094101535,0.0,0.0,0.0,0.0,1.0673844575064226,0.27,0.06
1995,0.04784692251076825,0.0,0.04784692251076825,0.0,0.0,0.0,0.0,1.0673844575064226,0.27,0.06
1996,0.04784692251076825,0.0,0.04784692251076825,0.0,0.0,0.0,0.0,1.0673844575064226,0.27,0.06
1997,0.04625202509374275,0.0,0.04625202509374278,0.0,0.0,-2.7755575615628914e-17,0.0,1.0673844575064226,0.27,0.06
1998,0.04625202509374275,0.0,0.04625202509374275,0.0,0.0,0.0,0.0,1.0673844575064226,0.27,0.06
1999,0.063397172326768,0.0,0.063397172326768,0.0,0.0,0.0,0.0,1.0673844575064226,0.27,0.06
2000,0.063397172326768,0.0,0.063397172326768,0.0,0.0,0.0,0.0,1.0673844575064226,0.27,0.06
2001,0.0470494738022555,0.0,0.0470494738022555,0.0,0.0,0.0,0.0,1.0673844575064226,0.27,0.06
2002,0.0470494738022555,0.0,0.0470494738022555,0.0,0.0,0.0,0.0,1.0673844575064226,0.27,0.06
2003,0.048644371219281,0.0,0.048644371219281,0.0,0.0,0.0,0.0,1.0673844575064226,0.27,0.06
2004,0.048644371219281,0.0,0.048644371219281,0.0,0.0,0.0,0.0,1.0673844575064226,0.27,0.06
2005,0.03987243542564025,0.0,0.039872435425640264,0.0,0.0,-1.3877787807814457e-17,0.0,1.0673844575064226,0.27,0.06
2006,0.03987243542564025,0.0,0.03987243542564025,0.0,0.0,0.0,0.0,1.0673844575064226,0.27,0.06
2007,0.0171451472330253,0.0,0.0171451472330253,0.0,0.0,0.0,0.0,1.0673844575064226,0.27,0.06
2008,0.0171451472330253,0.0,0.0171451472330253,0.0,0.0,0.0,0.0,1.0673844575064226,0.27,0.06
2009,0.0253189964952815,0.0,0.0253189964952815,0.0,0.0,0.0,0.0,1.0673844575064226,0.27,0.06
2010,0.0253189964952815,0.0,0.0,0.0,0.0,0.0253189964952815,0.0,1.060721563691875,0.27,0.06
2011,0.0155502498159997,0.0,0.0,0.0,0.0,0.0155502498159997,0.0,1.0566293926876644,0.27,0.06
2012,0.0155502498159997,0.0,0.0,0.0,0.0,0.0155502498159997,0.0,1.052537221683454,0.27,0.06
2013,0.0301036887463585,0.0,0.0,0.0,0.0,0.0301036887463585,0.0,1.0446151983291492,0.27,0.06
2014,0.0301036887463585,0.0,0.0,0.0,0.0,0.0301036887463585,0.0,1.0366931749748443,0.27,0.06
2015,0.039673073248512,0.0,0.039673073248512,0.0,0.0,0.0,0.0,1.0366931749748443,0.27,0.06
2016,0.039673073248512,0.0,0.039673073248512,0.0,0.0,0.0,0.0,1.0366931749748443,0.27,0.06
2017,0.0320973105176405,0.0,0.0,0.0,0.0,0.0320973105176405,0.0,1.0282465143123072,0.27,0.06
2018,0.0320973105176405,0.0,0.0320973105176405,0.0,0.0,0.0,0.0,1.0282465143123072,0.27,0.06
2019,0.04425840332246075,0.0,0.04425840332246075,0.0,0.0,0.0,0.0,1.0282465143123072,0.27,0.06
2020,0.04425840332246075,0.0,0.04425840332246074,0.0,0.0,6.938893903907228e-18,0.0,1.0282465143123072,0.27,0.06
2021,0.03628391623733275,0.0,0.036283916237332736,0.0,0.0,1.3877787807814457e-17,0.0,1.0282465143123072,0.27,0.06
2022,0.03628391623733275,0.0,0.036283916237332736,0.0,0.0,1.3877787807814457e-17,0.0,1.0282465143123072,0.27,0.06
2023,0.0332934835804095,0.0,0.0332934835804095,0.0,0.0,0.0,0.0,1.0282465143123072,0.27,0.06
2024,0.0332934835804095,0.0,0.0332934835804095,0.0,0.0,0.0,0.0,1.0282465143123072,0.27,0.06
2025,0.03628391623733275,0.0,0.03628391623733275,0.0,0.0,0.0,0.0,1.0282465143123072,0.27,0.06
2026,0.03628391623733275,0.0,0.03628391623733275,0.0,0.0,0.0,0.0,1.0282465143123072,0.27,0.06
2027,0.03847690018574275,0.0,0.03847690018574275,0.0,0.0,0.0,0.0,1.0282465143123072,0.27,0.06
2028,0.03847690018574275,0.0,0.03847690018574275,0.0,0.0,0.0,0.0,1.0282465143123072,0.27,0.06
2029,0.019736855535691926,0.0,0.0,0.0,0.0,0.019736855535691926,0.0,1.0230526049608093,0.27,0.06
2030,0.019736855535691926,0.0,0.019736855535691933,0.0,0.0,0.0,0.0,1.0230526049608093,0.27,0.06
2031,0.019936217712820125,0.0,0.019936217712820132,0.0,0.0,-6.938893903907228e-18,0.0,1.0230526049608093,0.27,0.06
2032,0.019936217712820125,0.0,0.019936217712820125,0.0,0.0,0.0,0.0,1.0230526049608093,0.27,0.06
2033,0.02352473690112775,0.0,0.02352473690112775,0.0,0.0,0.0,0.0,1.0230526049608093,0.27,0.06
2034,0.02352473690112775,0.0,0.02352473690112775,0.0,0.0,0.0,0.0,1.0230526049608093,0.27,0.06
2035,0.0540271500017425,0.0,0.0540271500017425,0.0,0.0,0.0,0.0,1.0230526049608093,0.27,0.06
2036,0.0540271500017425,0.0,0.0540271500017425,0.0,0.0,0.0,0.0,1.0230526049608093,0.27,0.06
2037,0.051634803876204,0.0,0.051634803876204,0.0,0.0,0.0,0.0,1.0230526049608093,0.27,0.06
2038,0.051634803876204,0.0,0.051634803876204,0.0,0.0,0.0,0.0,1.0230526049608093,0.27,0.06
2039,0.03349284575753775,0.0,0.03349284575753775,0.0,0.0,0.0,0.0,1.0230526049608093,0.27,0.06
2040,0.03349284575753775,0.0,0.03349284575753775,0.0,0.0,0.0,0.0,1.0230526049608093,0.27,0.06
2041,0.0301036887463585,0.0,0.0301036887463585,0.0,0.0,0.0,0.0,1.0230526049608093,0.27,0.06
2042,0.0301036887463585,0.0,0.0301036887463585,0.0,0.0,0.0,0.0,1.0230526049608093,0.27,0.06
2043,0.03688200276871725,0.0,0.03688200276871725,0.0,0.0,0.0,0.0,1.0230526049608093,0.27,0.06
2044,0.03688200276871725,0.0,0.03688200276871725,0.0,0.0,0.0,0.0,1.0230526049608093,0.27,0.06
2045,0.2135168917043035,0.0,0.2135168917043035,0.0,0.0,0.0,0.0,1.0230526049608093,0.27,0.06
2046,0.2135168917043035,0.0,0.2135168917043035,0.0,0.0,0.0,0.0,1.0230526049608093,0.27,0.06
2047,0.07755188690287025,0.0,0.07755188690287025,0.0,0.0,0.0,0.0,1.0230526049608093,0.27,0.06
2048,0.07755188690287025,0.0,0.07755188690287029,0.0,0.0,-3.469446951953614e-17,0.0,1.0230526049608093,0.27,0.06
2049,0.04286286808256325,0.0013180017561978095,0.04154486632636544,0.0,0.0,0.0,0.0,1.0230526049608093,0.27,0.06
2050,0.04286286808256325,0.004924281883816749,0.0379385861987465,0.0,0.0,0.0,0.0,1.0230526049608093,0.27,0.06
2051,0.0450558520309735,0.011743971166351118,0.0,0.0,0.0,0.03331188086462238,0.0,1.0142863205227508,0.27,0.06
2052,0.0450558520309735,0.013044249327795077,0.032011602703178425,0.0,0.0,0.0,0.0,1.0142863205227508,0.27,0.06
2053,0.03149922398625575,0.013971220455193997,0.0,0.0,0.0,0.017528003531061754,0.0,1.0096736880145767,0.27,0.06
2054,0.03149922398625575,0.021048832998569397,0.0,6.938893903907228e-18,0.0,0.01045039098768636,0.0,1.0069235851230802,0.27,0.06
2055,0.03389157011179425,0.017984889035353547,0.0,0.0,0.0,0.015906681076440703,0.0,1.0027376164187538,0.27,0.06
2056,0.03389157011179425,0.01888017725570955,0.015011392856084882,0.0,0.0,0.0,0.0,1.0027376164187538,0.27,0.06
2057,0.0322966726947685,0.01006777897030142,0.022228893724467076,0.0,0.0,0.0,0.0,1.0027376164187538,0.27,0.06
2058,0.0322966726947685,0.008915278764480155,0.023381393930288343,0.0,0.0,-0.0,0.0,1.0027376164187538,0.27,0.06
2059,0.0340909322889225,0.018016117384414363,0.01607481490450814,0.0,0.0,0.0,0.0,1.0027376164187538,0.27,0.06
2060,0.0340909322889225,0.018910211752614668,0.015180720536307833,0.0,0.0,0.0,0.0,1.0027376164187538,0.27,0.06
2061,0.04146733284266575,0.031064390451401608,0.0,0.0,0.0,0.010402942391264144,0.0,1.0,0.27,0.06
2062,0.04146733284266575,0.07287803362543174,0.0,0.0,0.03141070078276599,0.0,0.0,1.007460041435907,0.27,0.06
2063,0.39673073248512,0.1671918056515053,0.22953892683361468,0.0,0.0,0.0,0.0,1.007460041435907,0.27,0.06
2064,0.39673073248512,0.14354073610080922,0.2531899963843107,0.0,0.0,0.0,0.0,1.007460041435907,0.27,0.06
2065,0.4134771354276725,0.152607876705552,0.24369503297004982,0.0,0.0,0.017174225752070706,0.0,1.0029405083432568,0.27,0.06
2066,0.4134771354276725,0.1398199773279507,0.2736571580997218,0.0,0.0,0.0,0.0,1.0029405083432568,0.27,0.06
2067,0.421651004626145,0.17491257968329008,0.24673842494285494,0.0,0.0,0.0,0.0,1.0029405083432568,0.27,0.06
2068,0.421651004626145,0.09264137478816721,0.3290096298379778,0.0,0.0,0.0,0.0,1.0029405083432568,0.27,0.06
2069,0.1818183055409195,0.04386718695431533,0.13795111858660417,0.0,0.0,0.0,0.0,1.0029405083432568,0.27,0.06
2070,0.1818183055409195,0.06170699238685623,0.12011131315406326,0.0,0.0,0.0,0.0,1.0029405083432568,0.27,0.06
2071,0.18959343044891924,0.17841949874454363,0.0,0.0,0.0,0.011173931704375611,0.0,1.0,0.27,0.06
2072,0.18959343044891924,0.24935583873587033,0.0,-8.049116928532385e-16,0.059762408286951896,0.0,0.0,1.014193571968151,0.27,0.06
2073,0.26614850646615,0.29795001650180664,0.0,0.0,0.03180151003565662,0.0,0.0,1.0217464306016195,0.27,0.06
2074,0.26614850646615,0.25299991127930926,0.0,0.0,0.0,0.01314859518684075,0.0,1.0182862739735035,0.27,0.06
2075,0.19497620923138076,0.3087869118020958,0.0,0.0,0.11381070257071502,0.0,0.0,1.0453163158340484,0.27,0.06
2076,0.19497620923138076,0.3135789944243313,0.0,0.0,0.11860278519295053,0.0,0.0,1.073484477317374,0.27,0.06
2077,0.18620427343774,0.26761521982592806,0.0,0.0,0.08141094638818808,0.0,0.0,1.0928195770845688,0.27,0.06
2078,0.18620427343774,0.2271816319651539,0.0,1.1102230246251565e-16,0.0409773585274138,0.0,0.0,1.1025516997348295,0.27,0.06
2079,0.245813564399072,0.20305948533473026,0.03548823490020339,0.0,0.0,0.007265844164138363,0.0,1.1006396354811088,0.27,0.06
2080,0.245813564399072,0.152696854584418,0.0,0.0,0.0,0.093116709814654,0.0,1.076135238161463,0.27,0.06
2081,0.070374848526255,0.05220471693992186,0.0,0.0,0.0,0.01817013158633314,0.0,1.0713536245861122,0.27,0.06
2082,0.070374848526255,0.048770425198804694,0.0,0.0,0.0,0.02160442332745012,0.0,1.0656682500262569,0.27,0.06
2083,0.02472090996389695,0.01026936346981057,0.0,0.0,0.0,0.01445154649408638,0.0,1.0618652114751814,0.27,0.06
2084,0.02472090996389695,0.007806480096883149,0.0,0.0,0.0,0.016914429867013803,0.0,1.0574140457207042,0.27,0.06
2085,0.18540682472922726,0.022039399843344607,0.16336742488588266,0.0,0.0,0.0,0.0,1.0574140457207042,0.27,0.06
2086,0.18540682472922726,0.010862441259707041,0.17454438346952023,0.0,0.0,0.0,0.0,1.0574140457207042,0.27,0.06
2087,0.03289475922615325,3.605495490585322e-05,0.0,0.0,0.0,0.032858704271247395,0.0,1.0487670182809021,0.27,0.06
2088,0.03289475922615325,0.0,0.03289475922615325,0.0,0.0,0.0,0.0,1.0487670182809021,0.27,0.06
2089,0.08353275221671624,0.0,0.08353275221671624,0.0,0.0,0.0,0.0,1.0487670182809021,0.27,0.06
2090,0.08353275221671624,0.0,0.08353275221671624,0.0,0.0,0.0,0.0,1.0487670182809021,0.27,0.06
2091,0.05283097693897325,0.0,0.05283097693897325,0.0,0.0,0.0,0.0,1.0487670182809021,0.27,0.06
2092,0.05283097693897325,0.0,0.05283097693897325,0.0,0.0,0.0,0.0,1.0487670182809021,0.27,0.06
2093,0.0490430955735375,0.0,0.0490430955735375,0.0,0.0,0.0,0.0,1.0487670182809021,0.27,0.06
2094,0.0490430955735375,0.0,0.0,0.0,0.0,0.0490430955735375,0.0,1.0358609404983923,0.27,0.06
2095,0.067384415869332,0.0,0.067384415869332,0.0,0.0,0.0,0.0,1.0358609404983923,0.27,0.06
2096,0.067384415869332,0.0,0.067384415869332,0.0,0.0,0.0,0.0,1.0358609404983923,0.27,0.06
2097,0.05821375572143475,0.0,0.05821375572143475,0.0,0.0,0.0,0.0,1.0358609404983923,0.27,0.06
2098,0.05821375572143475,0.0,0.05821375572143475,0.0,0.0,0.0,0.0,1.0358609404983923,0.27,0.06
2099,0.05023926863630675,0.0,0.05023926863630675,0.0,0.0,0.0,0.0,1.0358609404983923,0.27,0.06
2100,0.05023926863630675,0.0,0.05023926863630675,0.0,0.0,0.0,0.0,1.0358609404983923,0.27,0.06
2101,0.04824564686502475,0.0,0.04824564686502475,0.0,0.0,0.0,0.0,1.0358609404983923,0.27,0.06
2102,0.04824564686502475,0.0,0.04824564686502475,0.0,0.0,0.0,0.0,1.0358609404983923,0.27,0.06
2103,0.02212920166123035,0.0,0.0,0.0,0.0,0.02212920166123035,0.0,1.0300374663770158,0.27,0.06
2104,0.02212920166123035,0.0,0.0,0.0,0.0,0.02212920166123035,0.0,1.0242139922556395,0.27,0.06
2105,0.021730477306973923,0.0,0.0,0.0,0.0,0.021730477306973923,0.0,1.0184954455959094,0.27,0.06
2106,0.021730477306973923,0.0,0.021730477306973917,0.0,0.0,6.938893903907228e-18,0.0,1.0184954455959094,0.27,0.06
2107,0.04784692251076825,0.0,0.04784692251076825,0.0,0.0,0.0,0.0,1.0184954455959094,0.27,0.06
2108,0.04784692251076825,0.0,0.04784692251076825,0.0,0.0,0.0,0.0,1.0184954455959094,0.27,0.06
2109,0.15849293081692,0.0,0.15849293081692,0.0,0.0,0.0,0.0,1.0184954455959094,0.27,0.06
2110,0.15849293081692,0.0,0.15849293081692,0.0,0.0,0.0,0.0,1.0184954455959094,0.27,0.06
2111,0.09928236420984425,0.0,0.09928236420984425,0.0,0.0,0.0,0.0,1.0184954455959094,0.27,0.06
2112,0.09928236420984425,0.0,0.09928236420984425,0.0,0.0,0.0,0.0,1.0184954455959094,0.27,0.06
2113,0.04884373339640925,0.0,0.04884373339640925,0.0,0.0,0.0,0.0,1.0184954455959094,0.27,0.06
2114,0.04884373339640925,0.0,0.04884373339640925,0.0,0.0,0.0,0.0,1.0184954455959094,0.27,0.06
2115,0.0410686084884095,0.0,0.0410686084884095,0.0,0.0,0.0,0.0,1.0184954455959094,0.27,0.06
2116,0.0410686084884095,0.0,0.0410686084884095,0.0,0.0,0.0,0.0,1.0184954455959094,0.27,0.06
2117,0.03389157011179425,0.0,0.03389157011179425,0.0,0.0,0.0,0.0,1.0184954455959094,0.27,0.06
2118,0.03389157011179425,0.0,0.03389157011179425,0.0,0.0,0.0,0.0,1.0184954455959094,0.27,0.06
2119,0.02312601254687135,0.0,0.02312601254687135,0.0,0.0,0.0,0.0,1.0184954455959094,0.27,0.06
2120,0.02312601254687135,0.0,0.02312601254687135,0.0,0.0,0.0,0.0,1.0184954455959094,0.27,0.06
2121,0.03289475922615325,0.0,0.03289475922615325,0.0,0.0,0.0,0.0,1.0184954455959094,0.27,0.06
2122,0.03289475922615325,0.0,0.032894759226153245,0.0,0.0,6.938893903907228e-18,0.0,1.0184954455959094,0.27,0.06
2123,0.026714531735179,0.0,0.026714531735178987,0.0,0.0,1.3877787807814457e-17,0.0,1.0184954455959094,0.27,0.06
2124,0.026714531735179,0.0,0.026714531735179,0.0,0.0,0.0,0.0,1.0184954455959094,0.27,0.06
2125,0.03389157011179425,0.0,0.03389157011179425,0.0,0.0,0.0,0.0,1.0184954455959094,0.27,0.06
2126,0.03389157011179425,0.0,0.03389157011179425,0.0,0.0,0.0,0.0,1.0184954455959094,0.27,0.06
2127,0.0340909322889225,0.0,0.0340909322889225,0.0,0.0,0.0,0.0,1.0184954455959094,0.27,0.06
2128,0.0340909322889225,0.0,0.0340909322889225,0.0,0.0,0.0,0.0,1.0184954455959094,0.27,0.06
2129,0.02591708302666625,0.0,0.0,0.0,0.0,0.02591708302666625,0.0,1.011675160588892,0.27,0.06
2130,0.02591708302666625,0.0,0.02591708302666625,0.0,0.0,0.0,0.0,1.011675160588892,0.27,0.06
2131,0.03289475922615325,0.0,0.03289475922615325,0.0,0.0,0.0,0.0,1.011675160588892,0.27,0.06
2132,0.03289475922615325,0.0,0.03289475922615325,0.0,0.0,0.0,0.0,1.011675160588892,0.27,0.06
2133,0.03149922398625575,0.0,0.03149922398625575,0.0,0.0,0.0,0.0,1.011675160588892,0.27,0.06
2134,0.03149922398625575,0.0,0.03149922398625575,0.0,0.0,0.0,0.0,1.011675160588892,0.27,0.06
2135,0.029704964392102,0.0,0.029704964392102,0.0,0.0,0.0,0.0,1.011675160588892,0.27,0.06
2136,0.029704964392102,0.0,0.029704964392102,0.0,0.0,0.0,0.0,1.011675160588892,0.27,0.06
2137,0.04445776549958875,0.0,0.04445776549958875,0.0,0.0,0.0,0.0,1.011675160588892,0.27,0.06
2138,0.04445776549958875,0.0,0.04445776549958875,0.0,0.0,0.0,0.0,1.011675160588892,0.27,0.06
2139,0.0360845540602045,0.0,0.0360845540602045,0.0,0.0,0.0,0.0,1.011675160588892,0.27,0.06
2140,0.0360845540602045,0.0,0.0360845540602045,0.0,0.0,0.0,0.0,1.011675160588892,0.27,0.06
2141,0.0976874667928185,0.0,0.0976874667928185,0.0,0.0,0.0,0.0,1.011675160588892,0.27,0.06
2142,0.0976874667928185,0.0,0.0976874667928185,0.0,0.0,0.0,0.0,1.011675160588892,0.27,0.06
2143,0.04425840332246075,0.0,0.04425840332246075,0.0,0.0,0.0,0.0,1.011675160588892,0.27,0.06
2144,0.04425840332246075,0.0,0.04425840332246075,0.0,0.0,0.0,0.0,1.011675160588892,0.27,0.06
2145,0.0777512490799985,0.0006876523136936853,0.07706359676630481,0.0,0.0,0.0,0.0,1.011675160588892,0.27,0.06
2146,0.0777512490799985,0.005302882345527276,0.07244836673447122,0.0,0.0,0.0,0.0,1.011675160588892,0.27,0.06
2147,0.03548646752881975,0.004742428185710151,0.0307440393431096,0.0,0.0,0.0,0.0,1.011675160588892,0.27,0.06
2148,0.03548646752881975,0.010389033389179705,0.025097434139640048,0.0,0.0,0.0,0.0,1.011675160588892,0.27,0.06
2149,0.03448965664317875,0.005062531281017371,0.029427125362161376,0.0,0.0,0.0,0.0,1.011675160588892,0.27,0.06
2150,0.03448965664317875,0.013452811067138722,0.0,0.0,0.0,0.021036845576040027,0.0,1.0061391485951974,0.27,0.06
2151,0.028708153506461,0.010409340373879984,0.0,0.0,0.0,0.018298813132581013,0.0,1.0013236714550444,0.27,0.06
2152,0.028708153506461,0.023678201977292285,0.0,0.0,0.0,0.005029951529168714,0.0,1.0,0.27,0.06
2153,0.02392346125538415,0.048033080420474876,0.0,0.0,0.024109619165090725,0.0,0.0,1.005726034551709,0.27,0.06
2154,0.02392346125538415,0.014498416402620853,0.0,0.0,0.0,0.009425044852762765,0.0,1.0032457595904556,0.27,0.06
2155,0.03528710535169175,0.04300630839540094,0.0,0.0,0.00771920304370919,0.0,0.0,1.0050790703133365,0.27,0.06
2156,0.03528710535169175,0.038645762529577146,0.0,0.0,0.003358657177885395,0.0,0.0,1.0058767513930844,0.27,0.06
2157,0.03189794834051225,0.052895918373974456,0.0,0.0,0.020997970033462203,0.0,0.0,1.0108637692760316,0.27,0.06
2158,0.03189794834051225,0.031381636593478354,0.0,0.0,0.0,0.0005163117470338985,0.0,1.0107278977636542,0.27,0.06
2159,0.4100879784164925,0.16011283163893203,0.2499751467775605,0.0,0.0,0.0,0.0,1.0107278977636542,0.27,0.06
2160,0.4100879784164925,0.30213045959504287,0.10795751882144966,0.0,0.0,0.0,0.0,1.0107278977636542,0.27,0.06
2161,0.4116829157059525,0.11284872302240234,0.28916748688969324,0.0,0.0,0.009666705793857,0.0,1.0081840278179024,0.27,0.06
2162,0.4116829157059525,0.137632535063955,0.2740503806419975,0.0,0.0,0.0,0.0,1.0081840278179026,0.27,0.06
2163,0.360646178424915,0.35020071542470554,0.0,0.0,0.0,0.010445463000209432,0.0,1.0054352217652158,0.27,0.06
2164,0.360646178424915,0.3352775841924983,0.025368594232416664,0.0,0.0,0.0,0.0,1.0054352217652158,0.27,0.06
2165,0.1668661422563045,0.1554025380076444,0.0,0.0,0.0,0.011463604248660109,0.0,1.002418483805042,0.27,0.06
2166,0.1668661422563045,0.1322652036690387,0.03460093858726579,0.0,0.0,0.0,0.0,1.002418483805042,0.27,0.06
2167,0.25259187842143,0.057377883694961974,0.19521399472646803,0.0,0.0,0.0,0.0,1.002418483805042,0.27,0.06
2168,0.25259187842143,0.07224494644812655,0.18034693197330343,0.0,0.0,0.0,0.0,1.002418483805042,0.27,0.06
2169,0.1977672797111755,0.07634966015347876,0.12141761955769674,0.0,0.0,0.0,0.0,1.002418483805042,0.27,0.06
2170,0.1977672797111755,0.07953551132741306,0.11823176838376244,0.0,0.0,0.0,0.0,1.002418483805042,0.27,0.06
2171,0.191188327865945,0.060067436455140746,0.13112089141080424,0.0,0.0,0.0,0.0,1.002418483805042,0.27,0.06
2172,0.191188327865945,0.06974499625081523,0.12144333161512977,0.0,0.0,0.0,0.0,1.002418483805042,0.27,0.06
2173,0.232855022885739,0.07349949200876726,0.15935553087697174,0.0,0.0,0.0,0.0,1.002418483805042,0.27,0.06
2174,0.232855022885739,0.08095367309328035,0.15190134979245867,0.0,0.0,0.0,0.0,1.002418483805042,0.27,0.06
2175,0.18141958118666324,0.05637513489897022,0.125044446287693,0.0,0.0,0.0,0.0,1.002418483805042,0.27,0.06
2176,0.18141958118666324,0.06779453486620539,0.11362504632045785,0.0,0.0,0.0,0.0,1.002418483805042,0.27,0.06
2177,0.18999215480317574,0.03657409653693385,0.15341805826624189,0.0,0.0,0.0,0.0,1.002418483805042,0.27,0.06
2178,0.18999215480317574,0.031941537644721234,0.1580506171584545,0.0,0.0,0.0,0.0,1.002418483805042,0.27,0.06
2179,0.18102085683240676,0.023814501072620536,0.15720635575978623,0.0,0.0,0.0,0.0,1.002418483805042,0.27,0.06
2180,0.18102085683240676,0.013133508796791942,0.1678873480356148,0.0,0.0,0.0,0.0,1.002418483805042,0.27,0.06
2181,0.030701775277743,0.003056759188983392,0.02764501608875961,0.0,0.0,0.0,0.0,1.002418483805042,0.27,0.06
2182,0.030701775277743,0.00040552536184515795,0.03029624991589784,0.0,0.0,0.0,0.0,1.002418483805042,0.27,0.06
2183,0.11822177103702325,0.0,0.11822177103702325,0.0,0.0,0.0,0.0,1.002418483805042,0.27,0.06
2184,0.11822177103702325,0.0,0.11822177103702325,0.0,0.0,0.0,0.0,1.002418483805042,0.27,0.06
2185,0.2284690549889185,0.0,0.2284690549889185,0.0,0.0,0.0,0.0,1.002418483805042,0.27,0.06
2186,0.2284690549889185,0.0,0.2284690549889185,0.0,0.0,0.0,0.0,1.002418483805042,0.27,0.06
2187,0.0490430955735375,0.0,0.049043095573537476,0.0,0.0,2.0816681711721685e-17,0.0,1.002418483805042,0.27,0.06
2188,0.0490430955735375,0.0,0.0490430955735375,0.0,0.0,0.0,0.0,1.002418483805042,0.27,0.06
2189,0.04385967896820425,0.0,0.04385967896820425,0.0,0.0,0.0,0.0,1.002418483805042,0.27,0.06
2190,0.04385967896820425,0.0,0.04385967896820425,0.0,0.0,0.0,0.0,1.002418483805042,0.27,0.06
2191,0.06618824280656276,0.0,0.06618824280656276,0.0,0.0,0.0,0.0,1.002418483805042,0.27,0.06
2192,0.06618824280656276,0.0,0.06618824280656276,0.0,0.0,0.0,0.0,1.002418483805042,0.27,0.06
2193,0.057416307012922,0.0,0.057416307012922,0.0,0.0,0.0,0.0,1.002418483805042,0.27,0.06
2194,0.057416307012922,0.0,0.057416307012922,0.0,0.0,0.0,0.0,1.002418483805042,0.27,0.06
2195,0.06539079409805,0.0,0.06539079409805,0.0,0.0,0.0,0.0,1.002418483805042,0.27,0.06
2196,0.06539079409805,0.0,0.06539079409805,0.0,0.0,0.0,0.0,1.002418483805042,0.27,0.06
2197,0.05123607952194775,0.0,0.05123607952194775,0.0,0.0,0.0,0.0,1.002418483805042,0.27,0.06
2198,0.05123607952194775,0.0,0.05123607952194775,0.0,0.0,0.0,0.0,1.002418483805042,0.27,0.06
2199,0.02990432656923025,0.0,0.029904326569230227,0.0,0.0,2.42861286636753e-17,0.0,1.002418483805042,0.27,0.06
2200,0.02990432656923025,0.0,0.02990432656923025,0.0,0.0,0.0,0.0,1.002418483805042,0.27,0.06
2201,0.02591708302666625,0.0,0.02591708302666625,0.0,0.0,0.0,0.0,1.002418483805042,0.27,0.06
2202,0.02591708302666625,0.0,0.02591708302666625,0.0,0.0,0.0,0.0,1.002418483805042,0.27,0.06
2203,0.1371611778642025,0.0,0.1371611778642025,0.0,0.0,0.0,0.0,1.002418483805042,0.27,0.06
2204,0.1371611778642025,0.0,0.1371611778642025,0.0,0.0,0.0,0.0,1.002418483805042,0.27,0.06
2205,0.045653938562358,0.0,0.045653938562358,0.0,0.0,0.0,0.0,1.002418483805042,0.27,0.06
2206,0.045653938562358,0.0,0.045653938562358,0.0,0.0,0.0,0.0,1.002418483805042,0.27,0.06
2207,0.04924245775066575,0.0,0.04924245775066575,0.0,0.0,0.0,0.0,1.002418483805042,0.27,0.06
2208,0.04924245775066575,0.0,0.04924245775066575,0.0,0.0,0.0,0.0,1.002418483805042,0.27,0.06
2209,0.03149922398625575,0.0,0.03149922398625575,0.0,0.0,0.0,0.0,1.002418483805042,0.27,0.06
2210,0.03149922398625575,0.0,0.03149922398625575,0.0,0.0,0.0,0.0,1.002418483805042,0.27,0.06
2211,0.02551835867240975,0.0,0.02551835867240975,0.0,0.0,0.0,0.0,1.002418483805042,0.27,0.06
2212,0.02551835867240975,0.0,0.02551835867240975,0.0,0.0,0.0,0.0,1.002418483805042,0.27,0.06
2213,0.02811006697507625,0.0,0.02811006697507625,0.0,0.0,0.0,0.0,1.002418483805042,0.27,0.06
2214,0.02811006697507625,0.0,0.02811006697507625,0.0,0.0,0.0,0.0,1.002418483805042,0.27,0.06
2215,0.030701775277743,0.0,0.030701775277743,0.0,0.0,0.0,0.0,1.002418483805042,0.27,0.06
2216,0.030701775277743,0.0,0.030701775277743,0.0,0.0,0.0,0.0,1.002418483805042,0.27,0.06
2217,0.03349284575753775,0.0,0.03349284575753775,0.0,0.0,0.0,0.0,1.002418483805042,0.27,0.06
2218,0.03349284575753775,0.0,0.03349284575753775,0.0,0.0,0.0,0.0,1.002418483805042,0.27,0.06
2219,0.03648327841446075,0.0,0.03648327841446075,0.0,0.0,0.0,0.0,1.002418483805042,0.27,0.06
2220,0.03648327841446075,0.0,0.036483278414460765,0.0,0.0,-1.0408340855860843e-17,0.0,1.002418483805042,0.27,0.06
2221,0.02850879132933275,0.0,0.02850879132933275,0.0,0.0,0.0,0.0,1.002418483805042,0.27,0.06
2222,0.02850879132933275,0.0,0.028508791329332747,0.0,0.0,3.469446951953614e-18,0.0,1.002418483805042,0.27,0.06
2223,0.028708153506461,0.0,0.028708153506461,0.0,0.0,0.0,0.0,1.002418483805042,0.27,0.06
2224,0.028708153506461,0.0,0.028708153506461,0.0,0.0,0.0,0.0,1.002418483805042,0.27,0.06
2225,0.021531115129845724,0.0,0.021531115129845724,0.0,0.0,0.0,0.0,1.002418483805042,0.27,0.06
2226,0.021531115129845724,0.0,0.021531115129845724,0.0,0.0,0.0,0.0,1.002418483805042,0.27,0.06
2227,0.03349284575753775,0.0,0.03349284575753775,0.0,0.0,0.0,0.0,1.002418483805042,0.27,0.06
2228,0.03349284575753775,0.0,0.03349284575753775,0.0,0.0,0.0,0.0,1.002418483805042,0.27,0.06
2229,0.0390749867171275,0.0,0.0390749867171275,0.0,0.0,0.0,0.0,1.002418483805042,0.27,0.06
2230,0.0390749867171275,0.0,0.0390749867171275,0.0,0.0,0.0,0.0,1.002418483805042,0.27,0.06
2231,0.040669884134153,0.0,0.040669884134153,0.0,0.0,0.0,0.0,1.002418483805042,0.27,0.06
2232,0.040669884134153,0.0,0.040669884134153,0.0,0.0,0.0,0.0,1.002418483805042,0.27,0.06
2233,0.0490430955735375,0.0,0.04904309557353751,0.0,0.0,-1.3877787807814457e-17,0.0,1.002418483805042,0.27,0.06
2234,0.0490430955735375,0.0,0.0490430955735375,0.0,0.0,0.0,0.0,1.002418483805042,0.27,0.06
2235,0.12200965240245926,0.0,0.12200965240245926,0.0,0.0,0.0,0.0,1.002418483805042,0.27,0.06
2236,0.12200965240245926,0.0,0.12200965240245926,0.0,0.0,0.0,0.0,1.002418483805042,0.27,0.06
2237,0.054425874355999,0.0,0.054425874355999,0.0,0.0,0.0,0.0,1.002418483805042,0.27,0.06
2238,0.054425874355999,0.0,0.054425874355999,0.0,0.0,0.0,0.0,1.002418483805042,0.27,0.06
2239,0.1154307005572285,0.0,0.1154307005572285,0.0,0.0,0.0,0.0,1.002418483805042,0.27,0.06
2240,0.1154307005572285,0.0,0.1154307005572285,0.0,0.0,0.0,0.0,1.002418483805042,0.27,0.06
2241,0.03688200276871725,0.00191210220321044,0.034969900565506806,0.0,0.0,0.0,0.0,1.002418483805042,0.27,0.06
2242,0.03688200276871725,0.004016851793068731,0.032865150975648516,0.0,0.0,0.0,0.0,1.002418483805042,0.27,0.06
2243,0.032695397049025,0.004536262619382356,0.028159134429642643,0.0,0.0,0.0,0.0,1.002418483805042,0.27,0.06
2244,0.032695397049025,0.004225546318368716,0.028469850730656283,0.0,0.0,0.0,0.0,1.002418483805042,0.27,0.06
2245,0.030701775277743,0.005520949346610732,0.025180825931132265,0.0,0.0,0.0,0.0,1.002418483805042,0.27,0.06
2246,0.030701775277743,0.006812481322464851,0.023889293955278147,0.0,0.0,0.0,0.0,1.002418483805042,0.27,0.06
2247,0.02272728819261495,0.0039863630351778786,0.018740925157437083,0.0,0.0,0.0,0.0,1.002418483805042,0.27,0.06
2248,0.02272728819261495,0.006306562217180473,0.016420725975434477,0.0,0.0,0.0,0.0,1.002418483805042,0.27,0.06
2249,0.0312998618091275,0.015492125010445489,0.015807736798682012,0.0,0.0,0.0,0.0,1.002418483805042,0.27,0.06
2250,0.0312998618091275,0.019557685308623632,0.011742176500503868,0.0,0.0,0.0,0.0,1.002418483805042,0.27,0.06
2251,0.0283094291522045,0.019119190693044696,0.0,0.0,0.0,0.009190238459159804,0.0,1.0,0.27,0.06
2252,0.0283094291522045,0.03693440540585493,0.0,3.469446951953614e-18,0.008624976253650427,0.0,0.0,1.002048431860242,0.27,0.06
2253,0.03189794834051225,0.04817954851237098,0.0,0.0,0.01628160017185873,0.0,0.0,1.0059153119010584,0.27,0.06
2254,0.03189794834051225,0.045940486938568906,0.0,0.0,0.014042538598056653,0.0,0.0,1.009250414818097,0.27,0.06
2255,0.3981262677250175,0.25223143521102886,0.11074325620522019,0.0,0.0,0.035151576308768466,0.0,1.0,0.27,0.06
2256,0.3981262677250175,0.2792401634508756,0.11888610427414192,0.0,0.0,0.0,0.0,1.0,0.27,0.06
2257,0.4098886361755825,0.15780879974774975,0.25207983642783277,0.0,0.0,0.0,0.0,1.0,0.27,0.06
2258,0.4098886361755825,0.142905291581969,0.2669833445936135,0.0,0.0,0.0,0.0,1.0,0.27,0.06
2259,0.358253852235595,0.15720570558355745,0.20104814665203757,0.0,0.0,0.0,0.0,1.0,0.27,0.06
2260,0.358253852235595,0.3944413997464333,0.0,-1.6653345369377348e-16,0.036187547510838414,0.0,0.0,1.008594542533824,0.27,0.06
2261,0.16925848838184274,0.5583926710476671,0.0,2.220446049250313e-16,0.3891341826658241,0.0,0.0,1.1010139109169574,0.27,0.06
2262,0.16925848838184274,0.4688594675148547,0.0,-7.771561172376096e-16,0.29960097913301276,0.0,0.0,1.172169143461048,0.27,0.06
2263,0.257575952785855,0.45353079131423846,0.0,0.0,0.19595483852838347,0.0,0.0,1.218708417611539,0.27,0.06
2264,0.257575952785855,0.2209973776930095,0.0,0.0,0.0,0.03657857509284548,0.0,1.2090824767976323,0.27,0.06
2265,0.18959343044891924,0.2419455955744646,0.0,1.6653345369377348e-16,0.05235216512554519,0.0,0.0,1.2215161160149492,0.27,0.06
2266,0.18959343044891924,0.14015332341157016,0.0,0.0,0.0,0.04944010703734908,0.0,1.2085055615314364,0.27,0.06
2267,0.183213840780817,0.20464696982122996,0.0,0.0,0.021433129040412946,0.0,0.0,1.2135959296785346,0.27,0.06
2268,0.183213840780817,0.13048409102182662,0.05272974975899039,0.0,0.0,0.0,0.0,1.2135959296785346,0.27,0.06
2269,0.24302249391927724,0.08921969022004689,0.15380280369923036,0.0,0.0,0.0,0.0,1.2135959296785346,0.27,0.06
2270,0.24302249391927724,0.14619802006309343,0.09682447385618381,0.0,0.0,0.0,0.0,1.2135959296785346,0.27,0.06
2271,0.1925838631058425,0.09247038827236204,0.03157061069258003,0.0,0.0,0.06854286414090081,0.0,1.1955583338519817,0.27,0.06
2272,0.1925838631058425,0.07386363698036716,0.11872022612547534,0.0,0.0,0.0,0.0,1.1955583338519817,0.27,0.06
2273,0.182217029895176,0.06358436618230388,0.11863266371287211,0.0,0.0,-0.0,0.0,1.1955583338519817,0.27,0.06
2274,0.182217029895176,0.059173314374205956,0.12304371552097004,0.0,0.0,0.0,0.0,1.195558333851982,0.27,0.06
2275,0.2517944297129175,0.048425734836117416,0.0,0.0,0.0,0.20336869487680007,0.0,1.142040256252824,0.27,0.06
2276,0.2517944297129175,0.03937664557884085,0.21241778413407664,0.0,0.0,0.0,0.0,1.142040256252824,0.27,0.06
2277,0.1411484214067665,0.022602256430563586,0.11854616497620292,0.0,0.0,0.0,0.0,1.142040256252824,0.27,0.06
2278,0.1411484214067665,0.014022849241355313,0.1271255721654112,0.0,0.0,0.0,0.0,1.142040256252824,0.27,0.06
2279,0.04047052195702475,0.002334516576679781,0.0,0.0,0.0,0.03813600538034497,0.0,1.1320044653632595,0.27,0.06
2280,0.04047052195702475,0.0,0.04047052195702475,0.0,0.0,0.0,0.0,1.1320044653632595,0.27,0.06
2281,0.1570973955770225,0.0,0.1570973955770225,0.0,0.0,0.0,0.0,1.1320044653632595,0.27,0.06
2282,0.1570973955770225,0.0,0.1570973955770225,0.0,0.0,0.0,0.0,1.1320044653632595,0.27,0.06
2283,0.03050241310061475,0.0,0.0,0.0,0.0,0.03050241310061475,0.0,1.1239775145473083,0.27,0.06
2284,0.03050241310061475,0.0,0.03050241310061475,0.0,0.0,0.0,0.0,1.1239775145473083,0.27,0.06
2285,0.052432252584717,0.0,0.052432252584716975,0.0,0.0,2.7755575615628914e-17,0.0,1.1239775145473083,0.27,0.06
2286,0.052432252584717,0.0,0.052432252584717,0.0,0.0,0.0,0.0,1.1239775145473083,0.27,0.06
2287,0.06459334538953725,0.0,0.06459334538953725,0.0,0.0,0.0,0.0,1.1239775145473083,0.27,0.06
2288,0.06459334538953725,0.0,0.06459334538953725,0.0,0.0,0.0,0.0,1.1239775145473083,0.27,0.06
2289,0.0600080153155885,0.0,0.0600080153155885,0.0,0.0,0.0,0.0,1.1239775145473083,0.27,0.06
2290,0.0600080153155885,0.0,0.0600080153155885,0.0,0.0,0.0,0.0,1.1239775145473083,0.27,0.06
2291,0.0450558520309735,0.0,0.0450558520309735,0.0,0.0,0.0,0.0,1.1239775145473083,0.27,0.06
2292,0.0450558520309735,0.0,0.0,0.0,0.0,0.0450558520309735,0.0,1.1121207113812626,0.27,0.06
2293,0.03748008930010175,0.0,0.03748008930010175,0.0,0.0,0.0,0.0,1.1121207113812626,0.27,0.06
2294,0.03748008930010175,0.0,0.03748008930010175,0.0,0.0,0.0,0.0,1.1121207113812626,0.27,0.06
2295,0.02292665036974315,0.0,0.0,3.469446951953614e-18,0.0,0.022926650369743153,0.0,1.1060873823365933,0.27,0.06
2296,0.02292665036974315,0.0,0.0,0.0,0.0,0.02292665036974315,0.0,1.100054053291924,0.27,0.06
2297,0.0171451472330253,0.0,0.01714514723302507,0.0,0.0,0.0,0.0,1.100054053291924,0.27,0.06
2298,0.0171451472330253,0.0,0.0171451472330253,0.0,0.0,0.0,0.0,1.100054053291924,0.27,0.06
2299,0.02392346125538415,0.0,0.02392346125538415,0.0,0.0,0.0,0.0,1.100054053291924,0.27,0.06
2300,0.02392346125538415,0.0,0.02392346125538415,0.0,0.0,0.0,0.0,1.100054053291924,0.27,0.06
2301,0.0273126182665635,0.0,0.0273126182665635,0.0,0.0,0.0,0.0,1.100054053291924,0.27,0.06
2302,0.0273126182665635,0.0,0.0,0.0,0.0,0.0273126182665635,0.0,1.0928665221691443,0.27,0.06
2303,0.13098095037322824,0.0,0.13098095037322827,0.0,0.0,-2.0816681711721685e-17,0.0,1.0928665221691443,0.27,0.06
2304,0.13098095037322824,0.0,0.13098095037322824,0.0,0.0,0.0,0.0,1.0928665221691443,0.27,0.06
2305,0.0470494738022555,0.0,0.0470494738022555,0.0,0.0,0.0,0.0,1.0928665221691443,0.27,0.06
2306,0.0470494738022555,0.0,0.0470494738022555,0.0,0.0,0.0,0.0,1.0928665221691443,0.27,0.06
2307,0.02252792601548675,0.0,0.0,-3.469446951953614e-18,0.0,0.022527926015486748,0.0,1.0869381205861215,0.27,0.06
2308,0.02252792601548675,0.0,0.0,0.0,0.0,0.02252792601548675,0.0,1.0810097190030985,0.27,0.06
2309,0.03389157011179425,0.0,0.03389157011179425,0.0,0.0,-8.43769498715119e-16,0.0,1.0810097190030987,0.27,0.06
2310,0.03389157011179425,0.0,0.03389157011179425,0.0,0.0,0.0,0.0,1.0810097190030987,0.27,0.06
2311,0.0303030509234865,0.0,0.0303030509234865,0.0,0.0,0.0,0.0,1.0810097190030987,0.27,0.06
2312,0.0303030509234865,0.0,0.030303050923486508,0.0,0.0,8.43769498715119e-16,0.0,1.0810097190030985,0.27,0.06
2313,0.03050241310061475,0.0,0.03050241310061475,0.0,0.0,0.0,0.0,1.0810097190030985,0.27,0.06
2314,0.03050241310061475,0.0,0.0,0.0,0.0,0.03050241310061475,0.0,1.0729827681871473,0.27,0.06
2315,0.0380781758314865,0.0,0.0380781758314865,0.0,0.0,0.0,0.0,1.0729827681871473,0.27,0.06
2316,0.0380781758314865,0.0,0.0380781758314865,0.0,0.0,0.0,0.0,1.0729827681871473,0.27,0.06
2317,0.0273126182665635,0.0,0.0,0.0,0.0,0.0273126182665635,0.0,1.0657952370643675,0.27,0.06
2318,0.0273126182665635,0.0,0.0,0.0,0.0,0.0273126182665635,0.0,1.0586077059415877,0.27,0.06
2319,0.03189794834051225,0.0,0.0,0.0,0.0,0.03189794834051225,0.0,1.0502135090098739,0.27,0.06
2320,0.03189794834051225,0.0,0.03189794834051225,0.0,0.0,0.0,0.0,1.0502135090098739,0.27,0.06
2321,0.0380781758314865,0.0,0.0380781758314865,0.0,0.0,0.0,0.0,1.0502135090098739,0.27,0.06
2322,0.0380781758314865,0.0,0.0380781758314865,0.0,0.0,0.0,0.0,1.0502135090098739,0.27,0.06
2323,0.04146733284266575,0.0,0.04146733284266575,0.0,0.0,0.0,0.0,1.0502135090098739,0.27,0.06
2324,0.04146733284266575,0.0,0.04146733284266574,0.0,0.0,1.3877787807814457e-17,0.0,1.0502135090098739,0.27,0.06
2325,0.057416307012922,0.0,0.057416307012922,0.0,0.0,0.0,0.0,1.0502135090098739,0.27,0.06
2326,0.057416307012922,0.0,0.057416307012922,0.0,0.0,0.0,0.0,1.0502135090098739,0.27,0.06
2327,0.0360845540602045,0.0,0.0360845540602045,0.0,0.0,0.0,0.0,1.0502135090098739,0.27,0.06
2328,0.0360845540602045,0.0,0.0,0.0,0.0,0.0360845540602045,0.0,1.0407175737308727,0.27,0.06
2329,0.045653938562358,0.0,0.045653938562358,0.0,0.0,0.0,0.0,1.0407175737308727,0.27,0.06
2330,0.045653938562358,0.0,0.045653938562358,0.0,0.0,0.0,0.0,1.0407175737308727,0.27,0.06
2331,0.0410686084884095,0.0,0.0410686084884095,0.0,0.0,0.0,0.0,1.0407175737308727,0.27,0.06
2332,0.0410686084884095,0.0,0.0410686084884095,0.0,0.0,0.0,0.0,1.0407175737308727,0.27,0.06
2333,0.02751198044369175,0.0,0.0,0.0,0.0,0.02751198044369175,0.0,1.0334775788772697,0.27,0.06
2334,0.02751198044369175,0.0,0.0,0.0,0.0,0.02751198044369175,0.0,1.0262375840236666,0.27,0.06
2335,0.0340909322889225,0.0,0.0340909322889225,0.0,0.0,0.0,0.0,1.0262375840236666,0.27,0.06
2336,0.0340909322889225,0.0004610099556807836,0.03362992233324172,0.0,0.0,0.0,0.0,1.0262375840236666,0.27,0.06
2337,0.04146733284266575,0.0026332535919059187,0.03883407925075984,0.0,0.0,0.0,0.0,1.0262375840236666,0.27,0.06
2338,0.04146733284266575,0.004909179188733688,0.036558153653932064,0.0,0.0,0.0,0.0,1.0262375840236666,0.27,0.06
2339,0.03748008930010175,0.005341102882176797,0.0321389864179249,0.0,0.0,0.0,0.0,1.0262375840236666,0.27,0.06
2340,0.03748008930010175,0.006219677729456441,0.0,0.0,0.0,0.03126041157064531,0.0,1.0180111599261283,0.27,0.06
2341,0.0400717976027685,0.007930607953670623,0.0,0.0,0.0,0.03214118964909788,0.0,1.009552952123734,0.27,0.06
2342,0.0400717976027685,0.01568977811875605,0.02438201948401245,0.0,0.0,-0.0,0.0,1.009552952123734,0.27,0.06
2343,0.02811006697507625,0.013780336630325286,0.0,0.0,0.0,0.014329730344750963,0.0,1.0057819704540627,0.27,0.06
2344,0.02811006697507625,0.013925304919316584,0.0,0.0,0.0,0.014184762055759664,0.0,1.0020491383341261,0.27,0.06
2345,0.02791070479794825,0.02548461643504366,0.0,0.0,0.0,0.0024260883629045916,0.0,1.0014106940280987,0.27,0.06
2346,0.02791070479794825,0.02255006749117416,0.0,3.469446951953614e-18,0.0,0.005360637306774094,0.0,1.0,0.27,0.06
2347,0.02791070479794825,0.043309461288563916,0.0,0.0,0.015398756490615666,0.0,0.0,1.0036572046665213,0.27,0.06
2348,0.02791070479794825,0.05526226256375377,0.0,0.0,0.02735155776580552,0.0,0.0,1.0101531996359001,0.27,0.06
2349,0.0303030509234865,0.10821734267578627,0.0,-5.551115123125783e-17,0.07791429175229983,0.0,0.0,1.0286578439270713,0.27,0.06
2350,0.0303030509234865,0.2260200005637308,0.0,0.0,0.1957169496402443,0.0,0.0,1.0751406194666293,0.27,0.06
2351,0.40490456181116,0.6299501739240447,0.0,1.6653345369377348e-16,0.22504561211288454,0.0,0.0,1.1285889523434394,0.27,0.06
2352,0.40490456181116,0.678322668758825,0.0,5.551115123125783e-17,0.2734181069476649,0.0,0.0,1.1935257527435097,0.27,0.06
2353,0.4047052195702475,0.6319391563920247,0.0,-3.3306690738754696e-16,0.2272339368217775,0.0,0.0,1.2474938127386819,0.27,0.06
2354,0.4047052195702475,0.6751679086965541,0.0,1.1102230246251565e-16,0.27046268912630644,0.0,0.0,1.3117287014061798,0.27,0.06
2355,0.3514755182770175,0.7190430887364945,0.0,6.661338147750939e-16,0.3675675704594763,0.0,0.0,1.3990259993903054,0.27,0.06
2356,0.3514755182770175,0.7256476106741766,0.0,1.1102230246251565e-16,0.374172092397159,0.0,0.0,1.4878918713346305,0.27,0.06
2357,0.17304636974727874,0.6307635701077954,0.0,0.0,0.45771720036051666,0.0,0.0,1.5965997064202533,0.27,0.06
2358,0.17304636974727874,0.5638606288144774,0.0,1.1102230246251565e-16,0.3908142590671986,0.0,0.0,1.689418092948713,0.27,0.06
2359,0.24700973746184124,0.5467276145075421,0.0,0.0,0.2997178770457009,0.0,0.0,1.7606010887470671,0.27,0.06
2360,0.24700973746184124,0.38458664204631077,0.0,0.0,0.13757690458446953,0.0,0.0,1.7932756035858786,0.27,0.06
2361,0.18401128948932974,0.25172562462457554,0.0,0.0,0.0677143351352458,0.0,0.0,1.8093577581804994,0.27,0.06
2362,0.18401128948932974,0.21856320879606367,0.0,0.0,0.03455191930673393,0.0,0.0,1.8175638390158486,0.27,0.06
2363,0.19537493358563726,0.1746685249760075,0.0,0.0,0.0,0.020706408609629773,0.0,1.8121147841185776,0.27,0.06
2364,0.19537493358563726,0.1695878939514831,0.0,0.0,0.0,0.025787039634154157,0.0,1.8053287210569582,0.27,0.06
2365,0.23903525037671325,0.16964397492768973,0.0,0.0,0.0,0.06939127544902352,0.0,1.7870678590966889,0.27,0.06
2366,0.23903525037671325,0.12815970257325915,0.0,0.0,0.0,0.1108755478034541,0.0,1.7578900833589377,0.27,0.06
2367,0.12260773893384375,0.06237208740439142,0.0,0.0,0.0,0.06023565152945232,0.0,1.742038596114345,0.27,0.06
2368,0.12260773893384375,0.051798727899093226,0.0,0.0,0.0,0.07080901103475051,0.0,1.7234046458420422,0.27,0.06
2369,0.081339768268306,0.03337353561323933,0.0,0.0,0.0,0.047966232655066665,0.0,1.7107819530380772,0.27,0.06
2370,0.081339768268306,0.03158897902238795,0.0,6.938893903907228e-18,0.0,0.04975078924591805,0.0,1.6976896400786252,0.27,0.06
2371,0.11862049539127975,0.022512446980619674,0.0,0.0,0.0,0.09610804841066008,0.0,1.6723980483916094,0.27,0.06
2372,0.11862049539127975,0.021135073348878576,0.0,2.7755575615628914e-17,0.0,0.09748542204240121,0.0,1.6467439899593985,0.27,0.06
2373,0.03767945147723,0.005806991972986278,0.0,0.0,0.0,0.03187245950424394,0.0,1.6383565006161764,0.27,0.06
2374,0.03767945147723,0.0035602510013599724,0.0,0.0,0.0,0.034119200475870026,0.0,1.6293777636488422,0.27,0.06
2375,0.03050241310061475,0.0017847366440299876,0.0,0.0,0.0,0.028717676456584764,0.0,1.6218204803707936,0.27,0.06
2376,0.03050241310061475,0.0,0.0,0.0,0.0,0.03050241310061475,0.0,1.6137935295548425,0.27,0.06
2377,0.2482059105246105,0.0,0.0,0.0,0.0,0.2482059105246105,0.0,1.5484761846799449,0.27,0.06
2378,0.2482059105246105,0.0,0.2482059105246105,0.0,0.0,0.0,0.0,1.548476184679945,0.27,0.06
2379,0.04824564686502475,0.0,0.0,-3.469446951953614e-17,0.0,0.048245646865024715,0.0,1.535779961820728,0.27,0.06
2380,0.04824564686502475,0.0,0.0,0.0,0.0,0.04824564686502475,0.0,1.523083738961511,0.27,0.06
2381,0.042663505905435,0.0,0.0,0.0,0.0,0.042663505905435,0.0,1.511856500565344,0.27,0.06
2382,0.042663505905435,0.0,0.0,0.0,0.0,0.042663505905435,0.0,1.5006292621691768,0.27,0.06
2383,0.051435441699076,0.0,0.0,0.0,0.0,0.051435441699076,0.0,1.4870936196167885,0.27,0.06
2384,0.051435441699076,0.0,0.0,0.0,0.0,0.051435441699076,0.0,1.4735579770644,0.27,0.06
2385,0.05422651217887075,0.0,0.0,0.0,0.0,0.05422651217887075,0.0,1.4592878422804867,0.27,0.06
2386,0.05422651217887075,0.0,0.0,0.0,0.0,0.05422651217887075,0.0,1.4450177074965733,0.27,0.06
2387,0.0470494738022555,0.0,0.0,0.0,0.0,0.0470494738022555,0.0,1.4326362670222956,0.27,0.06
2388,0.0470494738022555,0.0,0.0,0.0,0.0,0.0470494738022555,0.0,1.4202548265480177,0.27,0.06
2389,0.05083735516769125,0.0,0.0,0.0,0.0,0.05083735516769125,0.0,1.406876575188099,0.27,0.06
2390,0.05083735516769125,0.0,0.0,0.0,0.0,0.05083735516769125,0.0,1.3934983238281802,0.27,0.06
2391,0.04226478155117875,0.0,0.0,0.0,0.0,0.04226478155117875,0.0,1.3823760128936593,0.27,0.06
2392,0.04226478155117875,0.0,0.0,0.0,0.0,0.04226478155117875,0.0,1.3712537019591386,0.27,0.06
2393,0.0610048262012295,0.0,0.0,0.0,0.0,0.0610048262012295,0.0,1.3551998003272363,0.27,0.06
2394,0.0610048262012295,0.0,0.0,6.938893903907228e-18,0.0,0.06100482620122951,0.0,1.3391458986953337,0.27,0.06
2395,0.06120418837835775,0.0,0.0,0.0,0.0,0.06120418837835775,0.0,1.3230395333326082,0.27,0.06
2396,0.06120418837835775,0.0,0.0,6.938893903907228e-18,0.0,0.061204188378357754,0.0,1.3069331679698823,0.27,0.06
2397,0.05622013395015275,0.0,0.0,0.0,0.0,0.05622013395015275,0.0,1.2921383958777368,0.27,0.06
2398,0.05622013395015275,0.0,0.0,0.0,0.0,0.05622013395015275,0.0,1.2773436237855913,0.27,0.06
2399,0.0560207717730245,0.0,0.0,0.0,0.0,0.0560207717730247,0.0,1.262601315424269,0.27,0.06
2400,0.0560207717730245,0.0,0.0,0.0,0.0,0.0560207717730245,0.0,1.2478590070629467,0.27,0.06
2401,0.12500008505938226,0.0,0.06293382622731332,0.0,0.0,0.06206625883206894,0.0,1.2315257810545075,0.27,0.06
2402,0.12500008505938226,0.0,0.0,0.0,0.0,0.12500008505938226,0.0,1.1986310218283542,0.27,0.06
2403,0.0887161688220495,0.0,0.0887161688220495,0.0,0.0,0.0,0.0,1.1986310218283542,0.27,0.06
2404,0.0887161688220495,0.0,0.08871616882204947,0.0,0.0,0.0,0.0,1.1986310218283542,0.27,0.06
2405,0.048644371219281,0.0,0.0,0.0,0.0,0.048644371219281,0.0,1.1858298715074909,0.27,0.06
2406,0.048644371219281,0.0,0.0,0.0,0.0,0.048644371219281,0.0,1.1730287211866275,0.27,0.06
2407,0.0490430955735375,0.0,0.0,6.938893903907228e-18,0.0,0.049043095573537504,0.0,1.1601226434041176,0.27,0.06
2408,0.0490430955735375,0.0,0.0,0.0,0.0,0.0490430955735375,0.0,1.1472165656216078,0.27,0.06
2409,0.039673073248512,0.0,0.0,0.0,0.0,0.039673073248512,0.0,1.1367762831877888,0.27,0.06
2410,0.039673073248512,0.0,0.0,0.0,0.0,0.039673073248512,0.0,1.1263360007539698,0.27,0.06
2411,0.028708153506461,0.0,0.028708153506460984,0.0,0.0,1.3877787807814457e-17,0.0,1.1263360007539698,0.27,0.06
2412,0.028708153506461,0.0,0.028708153506461,0.0,0.0,0.0,0.0,1.1263360007539696,0.27,0.06
2413,0.020135579889948324,0.0,0.0,0.0,0.0,0.020135579889948324,0.0,1.1210371639408252,0.27,0.06
2414,0.020135579889948324,0.0,0.020135579889948324,0.0,0.0,-6.031633525971359e-16,0.0,1.1210371639408254,0.27,0.06
2415,0.014154714576102276,0.0,0.014154714576102276,0.0,0.0,0.0,0.0,1.1210371639408254,0.27,0.06
2416,0.014154714576102276,0.0,0.0,0.0,0.0,0.014154714576102276,0.0,1.1173122390523775,0.27,0.06
2417,0.021730477306973923,0.0,0.0,0.0,0.0,0.021730477306973923,0.0,1.1115936923926475,0.27,0.06
2418,0.021730477306973923,0.0,0.0,0.0,0.0,0.021730477306973923,0.0,1.1058751457329175,0.27,0.06
2419,0.02352473690112775,0.0,0.0,0.0,0.0,0.02352473690112775,0.0,1.0996844254957785,0.27,0.06
2420,0.02352473690112775,0.0,0.0,3.469446951953614e-18,0.0,0.023524736901127753,0.0,1.0934937052586395,0.27,0.06
2421,0.0273126182665635,0.0,0.0,0.0,0.0,0.0273126182665635,0.0,1.0863061741358597,0.27,0.06
2422,0.0273126182665635,0.0,0.0,3.469446951953614e-18,0.0,0.027312618266563504,0.0,1.07911864301308,0.27,0.06
2423,0.028708153506461,0.0,0.028708153506461,0.0,0.0,0.0,0.0,1.07911864301308,0.27,0.06
2424,0.028708153506461,0.0,0.028708153506461,0.0,0.0,0.0,0.0,1.07911864301308,0.27,0.06
2425,0.10386769428379275,0.0,0.10386769428379275,0.0,0.0,0.0,0.0,1.07911864301308,0.27,0.06
2426,0.10386769428379275,0.0,0.10386769428379275,0.0,0.0,0.0,0.0,1.07911864301308,0.27,0.06
2427,0.05183416605333225,0.0,0.05183416605333224,0.0,0.0,6.938893903907228e-18,0.0,1.07911864301308,0.27,0.06
2428,0.05183416605333225,0.0,0.0,0.0,0.0,0.05183416605333225,0.0,1.0654780729990452,0.27,0.06
2429,0.141746507938151,0.0,0.141746507938151,0.0,0.0,0.0,0.0,1.0654780729990452,0.27,0.06
2430,0.141746507938151,0.0,0.141746507938151,0.0,0.0,0.0,0.0,1.0654780729990452,0.27,0.06
2431,0.03767945147723,0.0,0.0,-6.938893903907228e-18,0.0,0.037679451477229994,0.0,1.0555624278734583,0.27,0.06
2432,0.03767945147723,0.00044763495274982633,0.0,0.0,0.0,0.037231816524480175,0.0,1.0457645814196477,0.27,0.06
2433,0.04525521420810175,0.003918076485135415,0.0,0.0,0.0,0.041337137722966336,0.0,1.0348863872820249,0.27,0.06
2434,0.04525521420810175,0.008156431548369654,0.0,0.0,0.0,0.0370987826597321,0.0,1.0251235497399904,0.27,0.06
2435,0.07755188690287025,0.01621709927144173,0.0,0.0,0.0,0.06133478763142852,0.0,1.0089828161527723,0.27,0.06
2436,0.07755188690287025,0.016324779878921798,0.06122710702394851,0.0,0.0,0.0,0.0,1.0089828161527723,0.27,0.06
2437,0.047448198156512,0.011998319710345323,0.03544987844616668,0.0,0.0,-0.0,0.0,1.0089828161527723,0.27,0.06
2438,0.047448198156512,0.017583499909644935,0.029864698246867067,0.0,0.0,0.0,0.0,1.0089828161527723,0.27,0.06
2439,0.032695397049025,0.01601386285782697,0.0,0.0,0.0,0.01668153419119803,0.0,1.004592938734036,0.27,0.06
2440,0.032695397049025,0.010773738730732027,0.021921658318292972,0.0,0.0,0.0,0.0,1.004592938734036,0.27,0.06
2441,0.02691389391230725,0.009460726722970738,0.0,0.0,0.0,0.01745316718933651,0.0,1.0,0.27,0.06
2442,0.02691389391230725,0.029483699881614894,0.0,-7.4593109467002705e-16,0.002569805969308392,0.0,0.0,1.0006103289177108,0.27,0.06
2443,0.0410686084884095,0.11977547633137514,0.0,0.0,0.07870686784296564,0.0,0.0,1.0193032100304151,0.27,0.06
2444,0.0410686084884095,0.07434454619802078,0.0,0.0,0.03327593770961128,0.0,0.0,1.0272062452364479,0.27,0.06
2445,0.03688200276871725,0.04355080632969177,0.0,0.0,0.006668803560974525,0.0,0.0,1.0287900860821793,0.27,0.06
2446,0.03688200276871725,0.04770416449741996,0.0,0.0,0.010822161728702713,0.0,0.0,1.0313603494927461,0.27,0.06
2447,0.03688200276871725,0.06452048496790483,0.0,0.0,0.027638482199187582,0.0,0.0,1.0379244890150532,0.27,0.06
2448,0.03688200276871725,0.08179759689651218,0.0,0.0,0.04491559412779494,0.0,0.0,1.0485919426204044,0.27,0.06
2449,0.3819779313776325,0.501920407676247,0.0,0.0,0.11994247629861454,0.0,0.0,1.0770782807413255,0.27,0.06
2450,0.3819779313776325,0.488026265749737,0.0,0.0,0.10604833437210454,0.0,0.0,1.1022647601547004,0.27,0.06
2451,0.3937402998281975,0.485587282937857,0.0,0.0,0.0918469831096595,0.0,0.0,1.1240784186432444,0.27,0.06
2452,0.3937402998281975,0.5938405209312484,0.0,0.0,0.20010022110305087,0.0,0.0,1.171602221155219,0.27,0.06
2453,0.3999205273191725,0.6674241527101044,0.0,3.3306690738754696e-16,0.26750362539093153,0.0,0.0,1.2351343321855655,0.27,0.06
2454,0.3999205273191725,0.6106565339804941,0.0,0.0,0.21073600666132164,0.0,0.0,1.2851841337676293,0.27,0.06
2455,0.2926636959604175,0.4200714433646013,0.0,0.0,0.12740774740418376,0.0,0.0,1.315443473776123,0.27,0.06
2456,0.2926636959604175,0.3454335685013585,0.0,5.551115123125783e-17,0.0527698725409409,0.0,0.0,1.3279763185045965,0.27,0.06
2457,0.18799853303189376,0.27470036069594217,0.0,0.0,0.08670182766404841,0.0,0.0,1.348568002574808,0.27,0.06
2458,0.18799853303189376,0.24647014056882632,0.0,0.0,0.05847160753693256,0.0,0.0,1.3624550093648296,0.27,0.06
2459,0.246611013107585,0.24981778716076194,0.0,0.0,0.0032067740531769584,0.0,0.0,1.363216618202459,0.27,0.06
2460,0.246611013107585,0.24336201894269477,0.0,0.0,0.0,0.0032489941648902176,0.0,1.3623616197380142,0.27,0.06
2461,0.1798246837696375,0.16949323180902218,0.0,0.0,0.0,0.010331451960615329,0.0,1.359642816590484,0.27,0.06
2462,0.1798246837696375,0.15177230052455484,0.0,0.0,0.0,0.02805238324508315,0.0,1.3522606104733568,0.27,0.06
2463,0.180223408123894,0.12932109267162797,0.0,0.0,0.0,0.050902315452266034,0.0,1.3388652643017078,0.27,0.06
2464,0.180223408123894,0.1240103288018599,0.0,0.0,0.0,0.05621307932203411,0.0,1.3240723486906463,0.27,0.06
2465,0.24102887214799526,0.11539738431814837,0.0,0.0,0.0,0.1256314878298469,0.0,1.2910114308406866,0.27,0.06
2466,0.24102887214799526,0.10287787480896779,0.0,0.0,0.0,0.13815099733902747,0.0,1.254655905225153,0.27,0.06
2467,0.02950560221497375,0.04196385602994502,0.0,0.0,0.01245825381497127,0.0,0.0,1.2576147405062086,0.27,0.06
2468,0.02950560221497375,0.03706771924525147,0.0,6.279698983036042e-16,0.0075621170302770935,0.0,0.0,1.2594107433008994,0.27,0.06
2469,0.17464126716430425,0.04951015374570501,0.12513111341859923,0.0,0.0,0.0,0.0,1.2594107433008994,0.27,0.06
2470,0.17464126716430425,0.03084212682546098,0.00012797465055364166,0.0,0.0,0.14367116568828964,0.0,1.221602541803981,0.27,0.06
2471,0.302831166993955,0.01418900247455549,0.2886421645193995,0.0,0.0,0.0,0.0,1.221602541803981,0.27,0.06
2472,0.302831166993955,0.0010149379641254406,0.3018162290298296,0.0,0.0,0.0,0.0,1.221602541803981,0.27,0.06
2473,0.259968278975175,0.0,0.259968278975175,0.0,0.0,0.0,0.0,1.221602541803981,0.27,0.06
2474,0.259968278975175,0.0,0.259968278975175,0.0,0.0,0.0,0.0,1.221602541803981,0.27,0.06
2475,0.04685011162512725,0.0,0.0,0.0,0.0,0.04685011162512725,0.0,1.2092735650605266,0.27,0.06
2476,0.04685011162512725,0.0,0.0,0.0,0.0,0.04685011162512725,0.0,1.196944588317072,0.27,0.06
2477,0.0450558520309735,0.0,0.0,0.0,0.0,0.0450558520309735,0.0,1.1850877851510262,0.27,0.06
2478,0.0450558520309735,0.0,0.0450558520309735,0.0,0.0,0.0,0.0,1.1850877851510262,0.27,0.06
2479,0.0500399064591785,0.0,0.050039906459178496,0.0,0.0,6.938893903907228e-18,0.0,1.1850877851510262,0.27,0.06
2480,0.0500399064591785,0.0,0.0,0.0,0.0,0.0500399064591785,0.0,1.1719193887144004,0.27,0.06
2481,0.060406739669845,0.0,0.060406739669845,0.0,0.0,0.0,0.0,1.1719193887144004,0.27,0.06
2482,0.060406739669845,0.0,0.060406739669845,0.0,0.0,0.0,0.0,1.1719193887144004,0.27,0.06
2483,0.05522332306451175,0.0,0.05522332306451175,0.0,0.0,0.0,0.0,1.1719193887144004,0.27,0.06
2484,0.05522332306451175,0.0,0.05522332306451175,0.0,0.0,0.0,0.0,1.1719193887144004,0.27,0.06
2485,0.02412282343251235,0.0,0.0,0.0,0.0,0.02412282343251235,0.0,1.165571277284792,0.27,0.06
2486,0.02412282343251235,0.0,0.0,0.0,0.0,0.02412282343251235,0.0,1.1592231658551835,0.27,0.06
2487,0.0332934835804095,0.0,0.0,0.0,0.0,0.0332934835804095,0.0,1.1504617228077072,0.27,0.06
2488,0.0332934835804095,0.0,0.033293483580409504,0.0,0.0,-6.938893903907228e-18,0.0,1.1504617228077072,0.27,0.06
2489,0.04525521420810175,0.0,0.04525521420810175,0.0,0.0,0.0,0.0,1.1504617228077072,0.27,0.06
2490,0.04525521420810175,0.0,0.04525521420810175,0.0,0.0,0.0,0.0,1.1504617228077072,0.27,0.06
2491,0.049641182104922,0.0,0.049641182104921994,0.0,0.0,6.938893903907228e-18,0.0,1.1504617228077072,0.27,0.06
2492,0.049641182104922,0.0,0.0,6.938893903907228e-18,0.0,0.04964118210492201,0.0,1.1373982538327276,0.27,0.06
2493,0.052432252584717,0.0,0.052432252584717,0.0,0.0,0.0,0.0,1.1373982538327276,0.27,0.06
2494,0.052432252584717,0.0,0.052432252584717,0.0,0.0,0.0,0.0,1.1373982538327276,0.27,0.06
2495,0.04764756033364,0.0,0.04764756033364,0.0,0.0,0.0,0.0,1.1373982538327276,0.27,0.06
2496,0.04764756033364,0.0,0.04764756033364,0.0,0.0,0.0,0.0,1.1373982538327276,0.27,0.06
2497,0.033692207934666,0.0,0.0,0.0,0.0,0.033692207934666,0.0,1.128531883323605,0.27,0.06
2498,0.033692207934666,0.0,0.0,0.0,0.0,0.033692207934666,0.0,1.1196655128144826,0.27,0.06
2499,0.03767945147723,0.0,0.0,0.0,0.0,0.03767945147723,0.0,1.1097498676888955,0.27,0.06
2500,0.03767945147723,0.0,0.03767945147723,0.0,0.0,0.0,0.0,1.1097498676888955,0.27,0.06
2501,0.021730477306973923,0.0,0.021730477306973923,0.0,0.0,0.0,0.0,1.1097498676888955,0.27,0.06
2502,0.021730477306973923,0.0,0.021730477306973917,0.0,0.0,6.938893903907228e-18,0.0,1.1097498676888955,0.27,0.06
2503,0.0173445094101535,0.0,0.0173445094101535,0.0,0.0,0.0,0.0,1.1097498676888955,0.27,0.06
2504,0.0173445094101535,0.0,0.017344509410153475,0.0,0.0,2.42861286636753e-17,0.0,1.1097498676888955,0.27,0.06
2505,0.028708153506461,0.0,0.0,0.0,0.0,0.028708153506461,0.0,1.1021950904503532,0.27,0.06
2506,0.028708153506461,0.0,0.0,0.0,0.0,0.028708153506461,0.0,1.0946403132118108,0.27,0.06
2507,0.0360845540602045,0.0,0.0360845540602045,0.0,0.0,0.0,0.0,1.0946403132118108,0.27,0.06
2508,0.0360845540602045,0.0,0.0,0.0,0.0,0.0360845540602045,0.0,1.0851443779328096,0.27,0.06
2509,0.0322966726947685,0.0,0.0,0.0,0.0,0.0322966726947685,0.0,1.0766452535394495,0.27,0.06
2510,0.0322966726947685,0.0,0.0322966726947685,0.0,0.0,0.0,0.0,1.0766452535394495,0.27,0.06
2511,0.02751198044369175,0.0,0.0,0.0,0.0,0.02751198044369175,0.0,1.0694052586858465,0.27,0.06
2512,0.02751198044369175,0.0,0.02751198044369174,0.0,0.0,6.938893903907228e-18,0.0,1.0694052586858465,0.27,0.06
2513,0.02332537472399955,0.0,0.02332537472399955,0.0,0.0,0.0,0.0,1.0694052586858465,0.27,0.06
2514,0.02332537472399955,0.0,0.02332537472399955,0.0,0.0,0.0,0.0,1.0694052586858465,0.27,0.06
2515,0.0311004996319995,0.0,0.0311004996319995,0.0,0.0,0.0,0.0,1.0694052586858465,0.27,0.06
2516,0.0311004996319995,0.0,0.031100499631999567,0.0,0.0,0.0,0.0,1.0694052586858465,0.27,0.06
2517,0.02551835867240975,0.0,0.0,0.0,0.0,0.02551835867240975,0.0,1.0626899011404753,0.27,0.06
2518,0.02551835867240975,0.0,0.0,0.0,0.0,0.02551835867240975,0.0,1.0559745435951045,0.27,0.06
2519,0.0175438715872817,0.0,0.0,0.0,0.0,0.0175438715872817,0.0,1.0513577352826617,0.27,0.06
2520,0.0175438715872817,0.0,0.0,3.469446951953614e-18,0.0,0.017543871587281705,0.0,1.0467409269702193,0.27,0.06
2521,0.021531115129845724,0.0,0.0,0.0,0.0,0.021531115129845724,0.0,1.0410748440413125,0.27,0.06
2522,0.021531115129845724,0.0,0.0,0.0,0.0,0.021531115129845724,0.0,1.0354087611124057,0.27,0.06
2523,0.0159489741702561,0.0,0.0,0.0,0.0,0.0159489741702561,0.0,1.0312116626465488,0.27,0.06
2524,0.0159489741702561,0.0,0.0,0.0,0.0,0.0159489741702561,0.0,1.027014564180692,0.27,0.06
2525,0.0480462846878965,0.0,0.0480462846878965,0.0,0.0,0.0,0.0,1.027014564180692,0.27,0.06
2526,0.0480462846878965,0.0,0.0480462846878965,0.0,0.0,0.0,0.0,1.027014564180692,0.27,0.06
2527,0.04545457638523,0.0,0.04545457638523,0.0,0.0,0.0,0.0,1.027014564180692,0.27,0.06
2528,0.04545457638523,0.0005742498030371939,0.044880326582192806,0.0,0.0,0.0,0.0,1.027014564180692,0.27,0.06
2529,0.0420654193740505,0.0026856927606612674,0.03937972661338923,0.0,0.0,0.0,0.0,1.027014564180692,0.27,0.06
2530,0.0420654193740505,0.005964168438494537,0.0,0.0,0.0,0.03610125093555596,0.0,1.0175142349871247,0.27,0.06
2531,0.036682640591589,0.006336306303528536,0.0,0.0,0.0,0.030346334288060467,0.0,1.0095283575428982,0.27,0.06
2532,0.036682640591589,0.007169597312771881,0.02951304327881712,0.0,0.0,0.0,0.0,1.0095283575428982,0.27,0.06
2533,0.02751198044369175,0.006915359505890779,0.0,0.0,0.0,0.02059662093780097,0.0,1.0041081941382137,0.27,0.06
2534,0.02751198044369175,0.01190084271847945,0.0,0.0,0.0,0.015611137725212299,0.0,1.0,0.27,0.06
2535,0.02950560221497375,0.03013283941657391,0.0,0.0,0.0006272372016001594,0.0,0.0,1.00014896883538,0.27,0.06
2536,0.02950560221497375,0.035606635849318544,0.0,0.0,0.006101033634344794,0.0,0.0,1.0015979643235369,0.27,0.06
2537,0.03389157011179425,0.03380613525470148,0.0,0.0,0.0,8.54348570927671e-05,0.0,1.0015754814664073,0.27,0.06
2538,0.03389157011179425,0.029326953557294304,0.0,0.0,0.0,0.0045646165545008,0.0,1.000374266583644,0.27,0.06
2539,0.03748008930010175,0.0992318760524522,0.0,1.214306433183765e-15,0.06175178675234924,0.0,0.0,1.015040315937327,0.27,0.06
2540,0.03748008930010175,0.06969810141960493,0.0,0.0,0.03221801211950318,0.0,0.0,1.022692093815709,0.27,0.06
2541,0.04226478155117875,0.09209951093224966,0.0,-7.840950111415168e-16,0.049834729381071696,0.0,0.0,1.0345278420437134,0.27,0.06
2542,0.04226478155117875,0.11486863355937098,0.0,0.0,0.07260385200819222,0.0,0.0,1.051771256895659,0.27,0.06
2543,0.0330941214032815,0.11086621122027457,0.0,0.0,0.07777208981699307,0.0,0.0,1.0702421282271948,0.27,0.06
2544,0.0330941214032815,0.12685481817474017,0.0,0.0,0.09376069677145868,0.0,0.0,1.092510293710416,0.27,0.06
2545,0.407496270113825,0.6954529535073116,0.0,5.551115123125783e-17,0.28795668339348657,0.0,0.0,1.1609000060163692,0.27,0.06
2546,0.407496270113825,0.45375335884156204,0.0,0.0,0.04625708872773704,0.0,0.0,1.1718860645892069,0.27,0.06
2547,0.4053033061016325,0.5297042734107029,0.0,0.0,0.12440096730907041,0.0,0.0,1.201431294325111,0.27,0.06
2548,0.4053033061016325,0.6674424337638679,0.0,0.0,0.2621391276622354,0.0,0.0,1.263689337144892,0.27,0.06
2549,0.2982458369200075,0.5811338972579636,0.0,0.0,0.2828880603379561,0.0,0.0,1.3308752514751565,0.27,0.06
2550,0.2982458369200075,0.44208250650205616,0.0,0.0,0.14383666958204866,0.0,0.0,1.3650364605008931,0.27,0.06
2551,0.17464126716430425,0.2610610631755348,0.0,0.0,0.08641979601123054,0.0,0.0,1.3855611620535604,0.27,0.06
2552,0.17464126716430425,0.27665745562912153,0.0,0.0,0.10201618846481728,0.0,0.0,1.4097900068139544,0.27,0.06
2553,0.25598103543261,0.21632149330975167,0.0,0.0,0.0,0.039659542122858354,0.0,1.3993532852026758,0.27,0.06
2554,0.25598103543261,0.2539605502360437,0.0,0.0,0.0,0.0020204851965663906,0.0,1.3988215785720004,0.27,0.06
2555,0.1818183055409195,0.15971083830123917,0.0,0.0,0.0,0.022107467239680323,0.0,1.3930038240352425,0.27,0.06
2556,0.1818183055409195,0.12657635333055767,0.0,0.0,0.0,0.05524195221036182,0.0,1.3784664681904104,0.27,0.06
2557,0.18899534391753475,0.19489740055722846,0.0,-8.604228440844963e-16,0.005902056639694564,0.0,0.0,1.3798682066423378,0.27,0.06
2558,0.18899534391753475,0.18746177547190299,0.0,0.0,0.0,0.0015335684456317666,0.0,1.3794646359987506,0.27,0.06
2559,0.23405119594850826,0.22648822648925487,0.0,0.0,0.0,0.007562969459253388,0.0,1.3774743808778944,0.27,0.06
2560,0.23405119594850826,0.14858663171405892,0.0,0.0,0.0,0.08546456423444934,0.0,1.354983706079355,0.27,0.06
2561,0.18859661956327825,0.06219137681104549,0.0,0.0,0.0,0.12640524275223275,0.0,1.321719168512978,0.27,0.06
2562,0.18859661956327825,0.060698629181016164,0.12789799038226207,0.0,0.0,0.0,0.0,1.321719168512978,0.27,0.06
2563,0.177232975466971,0.040300050282298036,0.0,-2.7755575615628914e-17,0.0,0.13693292518467295,0.0,1.285684188201222,0.27,0.06
2564,0.177232975466971,0.027042518447479603,0.0,0.0,0.0,0.15019045701949063,0.0,1.2461603837224087,0.27,0.06
2565,0.08253594133107525,0.011622861230607993,0.0,0.0,0.0,0.07091308010046726,0.0,1.2274990468538647,0.27,0.06
2566,0.08253594133107525,0.009941269919067578,0.0,0.0,0.0,0.07259467141200768,0.0,1.2083951859559678,0.27,0.06
2567,0.21531115129845724,0.005301033330272753,0.189224472793879,0.0,0.0,0.020785645174305235,0.0,1.2029252793311507,0.27,0.06
2568,0.21531115129845724,0.0,0.21531115129845724,0.0,0.0,0.0,0.0,1.2029252793311507,0.27,0.06
2569,0.117823046682767,0.0,0.117823046682767,0.0,0.0,0.0,0.0,1.2029252793311507,0.27,0.06
2570,0.117823046682767,0.0,0.117823046682767,0.0,0.0,0.0,0.0,1.2029252793311507,0.27,0.06
2571,0.0986842776784595,0.0,0.0986842776784595,0.0,0.0,0.0,0.0,1.2029252793311507,0.27,0.06
2572,0.0986842776784595,0.0,0.09868427767845953,0.0,0.0,-2.0816681711721685e-17,0.0,1.2029252793311507,0.27,0.06
2573,0.051634803876204,0.0,0.0,0.0,0.0,0.051634803876204,0.0,1.189337173047939,0.27,0.06
2574,0.051634803876204,0.0,0.0,0.0,0.0,0.051634803876204,0.0,1.1757490667647275,0.27,0.06
2575,0.04226478155117875,0.0,0.0,0.0,0.0,0.04226478155117875,0.0,1.1646267558302068,0.27,0.06
2576,0.04226478155117875,0.0,0.04226478155117875,0.0,0.0,0.0,0.0,1.1646267558302068,0.27,0.06
2577,0.07157102158902424,0.0,0.07157102158902424,0.0,0.0,0.0,0.0,1.1646267558302068,0.27,0.06
2578,0.07157102158902424,0.0,0.07157102158902424,0.0,0.0,0.0,0.0,1.1646267558302068,0.27,0.06
2579,0.05123607952194775,0.0,0.05123607952194775,0.0,0.0,0.0,0.0,1.1646267558302068,0.27,0.06
2580,0.05123607952194775,0.0,0.05123607952194775,0.0,0.0,0.0,0.0,1.1646267558302068,0.27,0.06
2581,0.04824564686502475,0.0,0.04824564686502475,0.0,0.0,0.0,0.0,1.1646267558302068,0.27,0.06
2582,0.04824564686502475,0.0,0.04824564686502475,0.0,0.0,0.0,0.0,1.1646267558302068,0.27,0.06
2583,0.04246414372830675,0.0,0.0,-2.0816681711721685e-17,0.0,0.04246414372830673,0.0,1.153451981164863,0.27,0.06
2584,0.04246414372830675,0.0,0.0,0.0,0.0,0.04246414372830675,0.0,1.142277206499519,0.27,0.06
2585,0.02950560221497375,0.0,0.0,0.0,0.0,0.02950560221497375,0.0,1.1345125743376838,0.27,0.06
2586,0.02950560221497375,0.0,0.0,0.0,0.0,0.02950560221497375,0.0,1.1267479421758486,0.27,0.06
2587,0.02492027214102515,0.0,0.0,0.0,0.0,0.02492027214102515,0.0,1.1201899758229472,0.27,0.06
2588,0.02492027214102515,0.0,0.02492027214102515,0.0,0.0,0.0,0.0,1.1201899758229472,0.27,0.06
2589,0.0273126182665635,0.0,0.0273126182665635,0.0,0.0,0.0,0.0,1.1201899758229472,0.27,0.06
2590,0.0273126182665635,0.0,0.0273126182665635,0.0,0.0,0.0,0.0,1.1201899758229472,0.27,0.06
2591,0.0301036887463585,0.0,0.0301036887463585,0.0,0.0,0.0,0.0,1.1201899758229472,0.27,0.06
2592,0.0301036887463585,0.0,0.0301036887463585,0.0,0.0,0.0,0.0,1.1201899758229472,0.27,0.06
2593,0.031698586163384,0.0,0.0,0.0,0.0,0.031698586163384,0.0,1.1118482426220566,0.27,0.06
2594,0.031698586163384,0.0,0.0,0.0,0.0,0.031698586163384,0.0,1.1035065094211662,0.27,0.06
2595,0.0966906559071775,0.0,0.0966906559071775,0.0,0.0,0.0,0.0,1.1035065094211662,0.27,0.06
2596,0.0966906559071775,0.0,0.0966906559071775,0.0,0.0,0.0,0.0,1.1035065094211662,0.27,0.06
2597,0.127791155539177,0.0,0.127791155539177,0.0,0.0,0.0,0.0,1.1035065094211662,0.27,0.06
2598,0.127791155539177,0.0,0.127791155539177,0.0,0.0,0.0,0.0,1.1035065094211662,0.27,0.06
2599,0.039673073248512,0.0,0.039673073248512,0.0,0.0,0.0,0.0,1.1035065094211662,0.27,0.06
2600,0.039673073248512,0.0,0.039673073248512,0.0,0.0,0.0,0.0,1.1035065094211662,0.27,0.06
2601,0.0370813649458455,0.0,0.0370813649458455,0.0,0.0,0.0,0.0,1.1035065094211662,0.27,0.06
2602,0.0370813649458455,0.0,0.03708136494584551,0.0,0.0,-1.3877787807814457e-17,0.0,1.1035065094211662,0.27,0.06
2603,0.03748008930010175,0.0,0.03748008930010175,0.0,0.0,0.0,0.0,1.1035065094211662,0.27,0.06
2604,0.03748008930010175,0.0,0.03748008930010175,0.0,0.0,0.0,0.0,1.1035065094211662,0.27,0.06
2605,0.021531115129845724,0.0,0.021531115129845724,0.0,0.0,0.0,0.0,1.1035065094211662,0.27,0.06
2606,0.021531115129845724,0.0,0.0,0.0,0.0,0.021531115129845724,0.0,1.0978404264922594,0.27,0.06
2607,0.02591708302666625,0.0,0.0,0.0,0.0,0.02591708302666625,0.0,1.091020141485242,0.27,0.06
2608,0.02591708302666625,0.0,0.0,0.0,0.0,0.02591708302666625,0.0,1.0841998564782247,0.27,0.06
2609,0.0320973105176405,0.0,0.0,6.938893903907228e-18,0.0,0.032097310517640504,0.0,1.0757531958156876,0.27,0.06
2610,0.0320973105176405,0.0,0.0320973105176405,0.0,0.0,0.0,0.0,1.0757531958156876,0.27,0.06
2611,0.02791070479794825,0.0,0.0,-6.938893903907228e-18,0.0,0.027910704797948244,0.0,1.068408273500438,0.27,0.06
2612,0.02791070479794825,0.0,0.0,0.0,0.0,0.02791070479794825,0.0,1.0610633511851886,0.27,0.06
2613,0.04385967896820425,0.0,0.0,0.0,0.0,0.04385967896820425,0.0,1.0495213304040822,0.27,0.06
2614,0.04385967896820425,0.0,0.04385967896820425,0.0,0.0,0.0,0.0,1.0495213304040822,0.27,0.06
2615,0.03090113745487125,0.0,0.03090113745487125,0.0,0.0,0.0,0.0,1.0495213304040822,0.27,0.06
2616,0.03090113745487125,0.0,0.03090113745487125,0.0,0.0,0.0,0.0,1.0495213304040822,0.27,0.06
2617,0.02950560221497375,0.0,0.02950560221497375,0.0,0.0,0.0,0.0,1.0495213304040822,0.27,0.06
2618,0.02950560221497375,0.0,0.02950560221497374,0.0,0.0,0.0,0.0,1.0495213304040822,0.27,0.06
2619,0.032695397049025,0.0,0.0,0.0,0.0,0.032695397049025,0.0,1.0409172785490757,0.27,0.06
2620,0.032695397049025,0.0,0.03269539704902501,0.0,0.0,-6.938893903907228e-18,0.0,1.0409172785490757,0.27,0.06
2621,0.03050241310061475,0.0,0.03050241310061475,0.0,0.0,0.0,0.0,1.0409172785490757,0.27,0.06
2622,0.03050241310061475,0.0,0.03050241310061475,0.0,0.0,0.0,0.0,1.0409172785490757,0.27,0.06
2623,0.0430622302596915,0.0,0.0430622302596915,0.0,0.0,0.0,0.0,1.0409172785490757,0.27,0.06
2624,0.0430622302596915,0.0,0.0430622302596915,0.0,0.0,0.0,0.0,1.0409172785490757,0.27,0.06
2625,0.0390749867171275,0.002743767980641954,0.0,0.0,0.0,0.03633121873648555,0.0,1.0313564315131585,0.27,0.06
2626,0.0390749867171275,0.006925116841662801,0.0321498698754647,0.0,0.0,0.0,0.0,1.0313564315131585,0.27,0.06
2627,0.0291068778607175,0.009177137175189363,0.019929740685528136,0.0,0.0,0.0,0.0,1.0313564315131585,0.27,0.06
2628,0.0291068778607175,0.007670227926731729,0.021436649933985773,0.0,0.0,0.0,0.0,1.0313564315131585,0.27,0.06
2629,0.0370813649458455,0.011132409973317525,0.02594895497252797,0.0,0.0,0.0,0.0,1.0313564315131585,0.27,0.06
2630,0.0370813649458455,0.010952530796514906,0.026128834149330593,0.0,0.0,0.0,0.0,1.0313564315131585,0.27,0.06
2631,0.02392346125538415,0.009131893350450915,0.0,0.0,0.0,0.014791567904933236,0.0,1.0274639136434391,0.27,0.06
2632,0.02392346125538415,0.01780215996947108,0.0,0.0,0.0,0.00612130128591307,0.0,1.0258530448839884,0.27,0.06
2633,0.03528710535169175,0.019346422330718732,0.0,0.0,0.0,0.01594068302097302,0.0,1.0216581282995219,0.27,0.06
2634,0.03528710535169175,0.024487780680671537,0.0,0.0,0.0,0.010799324671020214,0.0,1.0188162007545165,0.27,0.06
2635,0.03748008930010175,0.058216343865302195,0.0,6.938893903907228e-18,0.020736254565200438,0.0,0.0,1.0237410612137519,0.27,0.06
2636,0.03748008930010175,0.0544823040871194,0.0,0.0,0.017002214787017647,0.0,0.0,1.0277790872256685,0.27,0.06
2637,0.0293062400378455,0.035863358112139844,0.0,0.0,0.006557118074294346,0.0,0.0,1.0293364027683134,0.27,0.06
2638,0.0293062400378455,0.03963647804972893,0.0,1.700029006457271e-16,0.010330238011883264,0.0,0.0,1.0317898342961356,0.27,0.06
2639,0.02651516955805075,0.021928705919899146,0.004586463638151603,0.0,0.0,0.0,0.0,1.0317898342961356,0.27,0.06
2640,0.02651516955805075,0.054864683727565054,0.0,0.0,0.028349514169514305,0.0,0.0,1.0385228439113952,0.27,0.06
2641,0.41128417141548,0.15275776928695542,0.2585264021285246,0.0,0.0,0.0,0.0,1.0385228439113952,0.27,0.06
2642,0.41128417141548,0.31242012121988294,0.09886405019559708,0.0,0.0,0.0,0.0,1.0385228439113952,0.27,0.06
2643,0.4202554693862475,0.24152507440638674,0.1787303949798611,0.0,0.0,0.0,0.0,1.0385228439113952,0.27,0.06
2644,0.4202554693862475,0.19678058258903552,0.223474886797212,0.0,0.0,0.0,0.0,1.0385228439113952,0.27,0.06
2645,0.320973105176405,0.26997526615475803,0.05099783902164695,0.0,0.0,0.0,0.0,1.0385228439113952,0.27,0.06
2646,0.320973105176405,0.30837297442876516,0.0,0.0,0.0,0.012600130747639826,0.0,1.0352070200304373,0.27,0.06
2647,0.1935806739914835,0.19444334468274585,0.0,1.3877787807814457e-16,0.000862670691262224,0.0,0.0,1.0354119043196122,0.27,0.06
2648,0.1935806739914835,0.1500486658256857,0.043532008165797775,0.0,0.0,0.0,0.0,1.0354119043196122,0.27,0.06
2649,0.24401930480491826,0.2705612738459469,0.0,0.0,0.02654196904102865,0.0,0.0,1.0417156219668564,0.27,0.06
2650,0.24401930480491826,0.140189328346871,0.10382997645804726,0.0,0.0,0.0,0.0,1.0417156219668564,0.27,0.06
2651,0.1768342511127145,0.23333943014175093,0.0,0.0,0.05650517902903643,0.0,0.0,1.0551356019862526,0.27,0.06
2652,0.1768342511127145,0.11124588957867021,0.06558836153404429,0.0,0.0,0.0,0.0,1.0551356019862526,0.27,0.06
2653,0.197169193179791,0.06414506145077785,0.13302413172901317,0.0,0.0,0.0,0.0,1.0551356019862526,0.27,0.06
2654,0.197169193179791,0.10002533026049683,0.09714386291929418,0.0,0.0,0.0,0.0,1.0551356019862526,0.27,0.06
2655,0.238237821604418,0.2384756689505515,0.0,0.0,0.00023784734613349623,0.0,0.0,1.0551920907309593,0.27,0.06
2656,0.238237821604418,0.1370540355110254,0.1011837860933926,0.0,0.0,0.0,0.0,1.0551920907309593,0.27,0.06
2657,0.1977672797111755,0.0799512478274894,0.1178160318836861,0.0,0.0,0.0,0.0,1.0551920907309593,0.27,0.06
2658,0.1977672797111755,0.04967215844927929,0.14809512126189622,0.0,0.0,0.0,0.0,1.0551920907309593,0.27,0.06
2659,0.19597302011702175,0.05742022699402546,0.1385527931229963,0.0,0.0,0.0,0.0,1.0551920907309593,0.27,0.06
2660,0.19597302011702175,0.03396954027741904,0.16200347983960273,0.0,0.0,0.0,0.0,1.0551920907309593,0.27,0.06
2661,0.14254395664666375,0.028759173070342866,0.11378478357632088,0.0,0.0,0.0,0.0,1.0551920907309593,0.27,0.06
2662,0.14254395664666375,0.02071902227117806,0.1218249343754857,0.0,0.0,0.0,0.0,1.0551920907309593,0.27,0.06
2663,0.02472090996389695,0.0014386604875420922,0.0,0.0,0.0,0.02328224947635486,0.0,1.0490651829740238,0.27,0.06
2664,0.02472090996389695,0.0003062041486802465,0.024414705815216653,0.0,0.0,0.0,0.0,1.0490651829740238,0.27,0.06
2665,0.05542268524164,0.0,0.05542268524164,0.0,0.0,0.0,0.0,1.0490651829740238,0.27,0.06
2666,0.05542268524164,0.0,0.05542268524164,0.0,0.0,0.0,0.0,1.0490651829740238,0.27,0.06
2667,0.3024324227034825,0.0,0.3024324227034825,0.0,0.0,0.0,0.0,1.0490651829740238,0.27,0.06
2668,0.3024324227034825,0.0,0.3024324227034825,0.0,0.0,0.0,0.0,1.0490651829740238,0.27,0.06
2669,0.05482459871025525,0.0,0.05482459871025525,0.0,0.0,0.0,0.0,1.0490651829740238,0.27,0.06
2670,0.05482459871025525,0.0,0.05482459871025525,0.0,0.0,0.0,0.0,1.0490651829740238,0.27,0.06
2671,0.04585330073948625,0.0,0.04585330073948625,0.0,0.0,0.0,0.0,1.0490651829740238,0.27,0.06
2672,0.04585330073948625,0.0,0.04585330073948625,0.0,0.0,0.0,0.0,1.0490651829740238,0.27,0.06
2673,0.0610048262012295,0.0,0.0610048262012295,0.0,0.0,0.0,0.0,1.0490651829740238,0.27,0.06
2674,0.0610048262012295,0.0,0.0610048262012295,0.0,0.0,0.0,0.0,1.0490651829740238,0.27,0.06
2675,0.05023926863630675,0.0,0.05023926863630675,0.0,0.0,0.0,0.0,1.0490651829740238,0.27,0.06
2676,0.05023926863630675,0.0,0.05023926863630675,0.0,0.0,0.0,0.0,1.0490651829740238,0.27,0.06
2677,0.04585330073948625,0.0,0.04585330073948625,0.0,0.0,0.0,0.0,1.0490651829740238,0.27,0.06
2678,0.04585330073948625,0.0,0.045853300739486236,0.0,0.0,1.3877787807814457e-17,0.0,1.0490651829740238,0.27,0.06
2679,0.05083735516769125,0.0,0.05083735516769125,0.0,0.0,0.0,0.0,1.0490651829740238,0.27,0.06
2680,0.05083735516769125,0.0,0.05083735516769125,0.0,0.0,0.0,0.0,1.0490651829740238,0.27,0.06
2681,0.03648327841446075,0.0,0.03648327841446075,0.0,0.0,0.0,0.0,1.0490651829740238,0.27,0.06
2682,0.03648327841446075,0.0,0.03648327841446075,0.0,0.0,0.0,0.0,1.0490651829740238,0.27,0.06
2683,0.02432218560964055,0.0,0.0,0.0,0.0,0.02432218560964055,0.0,1.0426646078135922,0.27,0.06
2684,0.02432218560964055,0.0,0.02432218560964055,0.0,0.0,0.0,0.0,1.0426646078135922,0.27,0.06
2685,0.0181419581186663,0.0,0.0,0.0,0.0,0.0181419581186663,0.0,1.03789040830868,0.27,0.06
2686,0.0181419581186663,0.0,0.0,0.0,0.0,0.0181419581186663,0.0,1.0331162088037678,0.27,0.06
2687,0.03628391623733275,0.0,0.03628391623733278,0.0,0.0,-2.7755575615628914e-17,0.0,1.0331162088037678,0.27,0.06
2688,0.03628391623733275,0.0,0.03628391623733275,0.0,0.0,0.0,0.0,1.0331162088037678,0.27,0.06
2689,0.02272728819261495,0.0,0.02272728819261495,0.0,0.0,0.0,0.0,1.0331162088037678,0.27,0.06
2690,0.02272728819261495,0.0,0.02272728819261495,0.0,0.0,0.0,0.0,1.0331162088037678,0.27,0.06
2691,0.0410686084884095,0.0,0.0410686084884095,0.0,0.0,0.0,0.0,1.0331162088037678,0.27,0.06
2692,0.0410686084884095,0.0,0.0410686084884095,0.0,0.0,0.0,0.0,1.0331162088037678,0.27,0.06
2693,0.025717720849538,0.0,0.025717720849537995,0.0,0.0,3.469446951953614e-18,0.0,1.0331162088037678,0.27,0.06
2694,0.025717720849538,0.0,0.025717720849537995,0.0,0.0,3.469446951953614e-18,0.0,1.0331162088037678,0.27,0.06
2695,0.0163476985245125,0.0,0.0,0.0,0.0,0.0163476985245125,0.0,1.0288141828762645,0.27,0.06
2696,0.0163476985245125,0.0,0.0,0.0,0.0,0.0163476985245125,0.0,1.0245121569487612,0.27,0.06
2697,0.021132390775589326,0.0,0.021132390775589326,0.0,0.0,0.0,0.0,1.0245121569487612,0.27,0.06
2698,0.021132390775589326,0.0,0.021132390775589326,0.0,0.0,0.0,0.0,1.0245121569487612,0.27,0.06
2699,0.0137559902218459,0.0,0.0,0.0,0.0,0.0137559902218459,0.0,1.0208921595219596,0.27,0.06
2700,0.0137559902218459,0.0,0.0,0.0,0.0,0.0137559902218459,0.0,1.017272162095158,0.27,0.06
2701,0.02452154778676875,0.0,0.0,1.734723475976807e-18,0.0,0.024521547786768752,0.0,1.0108191232039032,0.27,0.06
2702,0.02452154778676875,0.0,0.024521547786768738,0.0,0.0,1.0408340855860843e-17,0.0,1.0108191232039032,0.27,0.06
2703,0.0629984479725115,0.0,0.06299844797251142,0.0,0.0,0.0,0.0,1.0108191232039032,0.27,0.06
2704,0.0629984479725115,0.0,0.0629984479725115,0.0,0.0,0.0,0.0,1.0108191232039032,0.27,0.06
2705,0.050637992990563,0.0,0.050637992990563,0.0,0.0,0.0,0.0,1.0108191232039032,0.27,0.06
2706,0.050637992990563,0.0,0.050637992990563,0.0,0.0,0.0,0.0,1.0108191232039032,0.27,0.06
2707,0.03688200276871725,0.0,0.03688200276871725,0.0,0.0,0.0,0.0,1.0108191232039032,0.27,0.06
2708,0.03688200276871725,0.0,0.03688200276871725,0.0,0.0,0.0,0.0,1.0108191232039032,0.27,0.06
2709,0.019537493358563723,0.0,0.0,0.0,0.0,0.019537493358563723,0.0,1.0056776775832286,0.27,0.06
2710,0.019537493358563723,0.0,0.019537493358563723,0.0,0.0,0.0,0.0,1.0056776775832286,0.27,0.06
2711,0.04027115977989675,0.0,0.04027115977989675,0.0,0.0,0.0,0.0,1.0056776775832286,0.27,0.06
2712,0.04027115977989675,0.0,0.04027115977989675,0.0,0.0,0.0,0.0,1.0056776775832286,0.27,0.06
2713,0.138756075281228,0.0,0.138756075281228,0.0,0.0,0.0,0.0,1.0056776775832286,0.27,0.06
2714,0.138756075281228,0.0,0.138756075281228,0.0,0.0,0.0,0.0,1.0056776775832286,0.27,0.06
2715,0.04286286808256325,0.0,0.04286286808256327,0.0,0.0,0.0,0.0,1.0056776775832286,0.27,0.06
2716,0.04286286808256325,0.0,0.04286286808256325,0.0,0.0,0.0,0.0,1.0056776775832286,0.27,0.06
2717,0.0382775380086145,0.0,0.0382775380086145,0.0,0.0,0.0,0.0,1.0056776775832286,0.27,0.06
2718,0.0382775380086145,0.0,0.0382775380086145,0.0,0.0,0.0,0.0,1.0056776775832286,0.27,0.06
2719,0.038676262362871,0.0,0.038676262362871,0.0,0.0,0.0,0.0,1.0056776775832286,0.27,0.06
2720,0.038676262362871,0.00025195340194492045,0.03842430896092608,0.0,0.0,0.0,0.0,1.0056776775832286,0.27,0.06
2721,0.02890751568358925,0.002670203064655758,0.02623731261893349,0.0,0.0,0.0,0.0,1.0056776775832286,0.27,0.06
2722,0.02890751568358925,0.006373584428822011,0.02253393125476724,0.0,0.0,0.0,0.0,1.0056776775832286,0.27,0.06
2723,0.03548646752881975,0.007552224228350356,0.027934243300469397,0.0,0.0,0.0,0.0,1.0056776775832286,0.27,0.06
2724,0.03548646752881975,0.014882427399822888,0.020604040128996866,0.0,0.0,0.0,0.0,1.0056776775832286,0.27,0.06
2725,0.02791070479794825,0.009872058320716833,0.01803864647723142,0.0,0.0,0.0,0.0,1.0056776775832286,0.27,0.06
2726,0.02791070479794825,0.01445267637147592,0.0,0.0,0.0,0.01345802842647233,0.0,1.0021360911552095,0.27,0.06
2727,0.0330941214032815,0.028422223170365253,0.0,0.0,0.0,0.0046718982329162495,0.0,1.0009066442518104,0.27,0.06
2728,0.0330941214032815,0.03316869214805814,0.0,0.0,7.457074477663916e-05,0.0,0.0,1.0009243548036948,0.27,0.06
2729,0.0390749867171275,0.03080204306242145,0.008272943654706051,0.0,0.0,0.0,0.0,1.0009243548036948,0.27,0.06
2730,0.0390749867171275,0.021713220500601992,0.01736176621652551,0.0,0.0,0.0,0.0,1.0009243548036948,0.27,0.06
2731,0.02591708302666625,0.01861417276707961,0.00730291025958664,0.0,0.0,0.0,0.0,1.0009243548036948,0.27,0.06
2732,0.02591708302666625,0.02760594351601239,0.0,0.0,0.0016888604893461404,0.0,0.0,1.0013254591699146,0.27,0.06
2733,0.021730477306973923,0.020469794868437863,0.0,0.0,0.0,0.0012606824385360607,0.0,1.0009937006334577,0.27,0.06
2734,0.021730477306973923,0.023496807207917664,0.0,0.0,0.0017663299009437403,0.0,0.0,1.001413203984932,0.27,0.06
2735,0.018740044650050924,0.015652970018519327,0.0,0.0,0.0,0.0030870746315315965,0.0,1.0006008159240025,0.27,0.06
2736,0.018740044650050924,0.01645694413884109,0.0,0.0,0.0,0.0022831005112098346,0.0,1.0,0.27,0.06
2737,0.3937402998281975,0.1199880038313307,0.27375229599686685,0.0,0.0,0.0,0.0,1.0,0.27,0.06
2738,0.3937402998281975,0.12631395941547216,0.2674263404127254,0.0,0.0,0.0,0.0,1.0,0.27,0.06
2739,0.4236446263974275,0.18001871024425264,0.24362591615317486,0.0,0.0,0.0,0.0,1.0,0.27,0.06
2740,0.4236446263974275,0.1357472956721886,0.28789733072523893,0.0,0.0,0.0,0.0,1.0,0.27,0.06
2741,0.3293463166157875,0.11341505616507608,0.21593126045071143,0.0,0.0,0.0,0.0,1.0,0.27,0.06
2742,0.3293463166157875,0.09247698103465278,0.2368693355811347,0.0,0.0,0.0,0.0,1.0,0.27,0.06
2743,0.16965721273609924,0.045756434690802615,0.12390077804529662,0.0,0.0,0.0,0.0,1.0,0.27,0.06
2744,0.16965721273609924,0.07182895372818776,0.09782825900791148,0.0,0.0,0.0,0.0,1.0,0.27,0.06
2745,0.2511963431815325,0.07817469921194035,0.17302164396959213,0.0,0.0,0.0,0.0,1.0,0.27,0.06
2746,0.2511963431815325,0.06943492292499877,0.18176142025653375,0.0,0.0,0.0,0.0,1.0,0.27,0.06
2747,0.17703361328984274,0.06950361091316597,0.10753000237667677,0.0,0.0,0.0,0.0,1.0,0.27,0.06
2748,0.17703361328984274,0.18309741437691138,0.0,6.938893903907228e-16,0.006063801087067944,0.0,0.0,1.0014401527581787,0.27,0.06
2749,0.18141958118666324,0.1923371689904925,0.0,0.0,0.01091758780382926,0.0,0.0,1.0040330798615882,0.27,0.06
2750,0.18141958118666324,0.19624666729570797,0.0,0.0,0.014827086109044735,0.0,0.0,1.0075545128124863,0.27,0.06
2751,0.2567784841411225,0.21508343391913437,0.041695050221988106,0.0,0.0,0.0,0.0,1.0075545128124863,0.27,0.06
2752,0.2567784841411225,0.24511671141480584,0.0,0.0,0.0,0.011661772726316633,0.0,1.0044856252529293,0.27,0.06
2753,0.1937800361686115,0.1386025640775251,0.05130317038739216,0.0,0.0,0.003874301703694183,0.0,1.0034660721730098,0.27,0.06
2754,0.1937800361686115,0.0882244205563038,0.1055556156123077,0.0,0.0,0.0,0.0,1.0034660721730098,0.27,0.06
2755,0.122807101110972,0.06873965610152531,0.054067445009446685,0.0,0.0,0.0,0.0,1.0034660721730098,0.27,0.06
2756,0.122807101110972,0.06543970781282356,0.05736739329814844,0.0,0.0,0.0,0.0,1.0034660721730098,0.27,0.06
2757,0.0827353035082035,0.030741835692231288,0.051993467815972215,0.0,0.0,-0.0,0.0,1.0034660721730098,0.27,0.06
2758,0.0827353035082035,0.010037671924089489,0.07269763158411402,0.0,0.0,0.0,0.0,1.0034660721730098,0.27,0.06
2759,0.1134370787859465,0.0030946018307187228,0.11034247695522778,0.0,0.0,0.0,0.0,1.0034660721730098,0.27,0.06
2760,0.1134370787859465,0.0,0.1134370787859465,0.0,0.0,0.0,0.0,1.0034660721730098,0.27,0.06
2761,0.04286286808256325,0.0,0.04286286808256325,0.0,0.0,0.0,0.0,1.0034660721730098,0.27,0.06
2762,0.04286286808256325,0.0,0.04286286808256325,0.0,0.0,0.0,0.0,1.0034660721730098,0.27,0.06
2763,0.33572590628389,0.0,0.33572590628389,0.0,0.0,0.0,0.0,1.0034660721730098,0.27,0.06
2764,0.33572590628389,0.0,0.33572590628389,0.0,0.0,0.0,0.0,1.0034660721730098,0.27,0.06
2765,0.052631614761845,0.0,0.052631614761845,0.0,0.0,0.0,0.0,1.0034660721730098,0.27,0.06
2766,0.052631614761845,0.0,0.05263161476184486,0.0,0.0,0.0,0.0,1.0034660721730098,0.27,0.06
2767,0.0520335282304605,0.0,0.0520335282304605,0.0,0.0,0.0,0.0,1.0034660721730098,0.27,0.06
2768,0.0520335282304605,0.0,0.0520335282304605,0.0,0.0,0.0,0.0,1.0034660721730098,0.27,0.06
2769,0.054425874355999,0.0,0.054425874355999,0.0,0.0,0.0,0.0,1.0034660721730098,0.27,0.06
2770,0.054425874355999,0.0,0.05442587435599899,0.0,0.0,6.938893903907228e-18,0.0,1.0034660721730098,0.27,0.06
2771,0.0470494738022555,0.0,0.04704947380225551,0.0,0.0,-1.3877787807814457e-17,0.0,1.0034660721730098,0.27,0.06
2772,0.0470494738022555,0.0,0.0470494738022555,0.0,0.0,0.0,0.0,1.0034660721730098,0.27,0.06
2773,0.035685829705948,0.0,0.035685829705948,0.0,0.0,0.0,0.0,1.0034660721730098,0.27,0.06
2774,0.035685829705948,0.0,0.035685829705948,0.0,0.0,0.0,0.0,1.0034660721730098,0.27,0.06
2775,0.02412282343251235,0.0,0.02412282343251235,0.0,0.0,0.0,0.0,1.0034660721730098,0.27,0.06
2776,0.02412282343251235,0.0,0.02412282343251235,0.0,0.0,0.0,0.0,1.0034660721730098,0.27,0.06
2777,0.03249603487189675,0.0,0.03249603487189675,0.0,0.0,0.0,0.0,1.0034660721730098,0.27,0.06
2778,0.03249603487189675,0.0,0.03249603487189674,0.0,0.0,0.0,0.0,1.0034660721730098,0.27,0.06
2779,0.0181419581186663,0.0,0.0181419581186663,0.0,0.0,0.0,0.0,1.0034660721730098,0.27,0.06
2780,0.0181419581186663,0.0,0.0181419581186663,0.0,0.0,0.0,0.0,1.0034660721730098,0.27,0.06
2781,0.0175438715872817,0.0,0.017543871587281698,0.0,0.0,3.469446951953614e-18,0.0,1.0034660721730098,0.27,0.06
2782,0.0175438715872817,0.0,0.017543871587281698,0.0,0.0,3.469446951953614e-18,0.0,1.0034660721730098,0.27,0.06
2783,0.02252792601548675,0.0,0.02252792601548675,0.0,0.0,0.0,0.0,1.0034660721730098,0.27,0.06
2784,0.02252792601548675,0.0,0.02252792601548675,0.0,0.0,0.0,0.0,1.0034660721730098,0.27,0.06
2785,0.0153508876388715,0.0,0.0153508876388715,0.0,0.0,0.0,0.0,1.0034660721730098,0.27,0.06
2786,0.0153508876388715,0.0,0.0153508876388715,0.0,0.0,0.0,0.0,1.0034660721730098,0.27,0.06
2787,0.09788682896994674,0.0,0.09788682896994674,0.0,0.0,0.0,0.0,1.0034660721730098,0.27,0.06
2788,0.09788682896994674,0.0,0.09788682896994674,0.0,0.0,0.0,0.0,1.0034660721730098,0.27,0.06
2789,0.05283097693897325,0.0,0.05283097693897325,0.0,0.0,0.0,0.0,1.0034660721730098,0.27,0.06
2790,0.05283097693897325,0.0,0.05283097693897325,0.0,0.0,0.0,0.0,1.0034660721730098,0.27,0.06
2791,0.038676262362871,0.0,0.038676262362871,0.0,0.0,0.0,0.0,1.0034660721730098,0.27,0.06
2792,0.038676262362871,0.0,0.038676262362871,0.0,0.0,0.0,0.0,1.0034660721730098,0.27,0.06
2793,0.03349284575753775,0.0,0.03349284575753775,0.0,0.0,0.0,0.0,1.0034660721730098,0.27,0.06
2794,0.03349284575753775,0.0,0.03349284575753775,0.0,0.0,0.0,0.0,1.0034660721730098,0.27,0.06
2795,0.02392346125538415,0.0,0.02392346125538415,0.0,0.0,0.0,0.0,1.0034660721730098,0.27,0.06
2796,0.02392346125538415,0.0,0.02392346125538415,0.0,0.0,0.0,0.0,1.0034660721730098,0.27,0.06
2797,0.02432218560964055,0.0,0.02432218560964055,0.0,0.0,0.0,0.0,1.0034660721730098,0.27,0.06
2798,0.02432218560964055,0.0,0.02432218560964055,0.0,0.0,0.0,0.0,1.0034660721730098,0.27,0.06
2799,0.0360845540602045,0.0,0.0360845540602045,0.0,0.0,0.0,0.0,1.0034660721730098,0.27,0.06
2800,0.0360845540602045,0.0,0.0360845540602045,0.0,0.0,0.0,0.0,1.0034660721730098,0.27,0.06
2801,0.03548646752881975,0.0,0.03548646752881975,0.0,0.0,0.0,0.0,1.0034660721730098,0.27,0.06
2802,0.03548646752881975,0.0,0.03548646752881975,0.0,0.0,0.0,0.0,1.0034660721730098,0.27,0.06
2803,0.035685829705948,0.0,0.035685829705948,0.0,0.0,0.0,0.0,1.0034660721730098,0.27,0.06
2804,0.035685829705948,0.0,0.035685829705948,0.0,0.0,0.0,0.0,1.0034660721730098,0.27,0.06
2805,0.0263158073809225,0.0,0.0263158073809225,0.0,0.0,0.0,0.0,1.0034660721730098,0.27,0.06
2806,0.0263158073809225,0.0,0.0263158073809225,0.0,0.0,0.0,0.0,1.0034660721730098,0.27,0.06
2807,0.0350877431745635,0.0,0.0350877431745635,0.0,0.0,0.0,0.0,1.0034660721730098,0.27,0.06
2808,0.0350877431745635,0.0,0.0350877431745635,0.0,0.0,0.0,0.0,1.0034660721730098,0.27,0.06
2809,0.04585330073948625,0.0,0.04585330073948625,0.0,0.0,0.0,0.0,1.0034660721730098,0.27,0.06
2810,0.04585330073948625,0.0,0.04585330073948625,0.0,0.0,0.0,0.0,1.0034660721730098,0.27,0.06
2811,0.03987243542564025,0.0,0.03987243542564025,0.0,0.0,0.0,0.0,1.0034660721730098,0.27,0.06
2812,0.03987243542564025,0.0,0.03987243542564025,0.0,0.0,0.0,0.0,1.0034660721730098,0.27,0.06
2813,0.03987243542564025,0.0,0.03987243542564025,0.0,0.0,0.0,0.0,1.0034660721730098,0.27,0.06
2814,0.03987243542564025,0.0,0.03987243542564025,0.0,0.0,0.0,0.0,1.0034660721730098,0.27,0.06
2815,0.04226478155117875,0.0,0.04226478155117875,0.0,0.0,0.0,0.0,1.0034660721730098,0.27,0.06
2816,0.04226478155117875,0.0,0.04226478155117875,0.0,0.0,0.0,0.0,1.0034660721730098,0.27,0.06
2817,0.03987243542564025,0.0006562236928783057,0.03921621173276194,0.0,0.0,0.0,0.0,1.0034660721730098,0.27,0.06
2818,0.03987243542564025,0.0021537441532891674,0.037718691272351085,0.0,0.0,0.0,0.0,1.0034660721730098,0.27,0.06
2819,0.05582140959589625,0.00757880365536569,0.048242605940530564,0.0,0.0,0.0,0.0,1.0034660721730098,0.27,0.06
2820,0.05582140959589625,0.01016342603580905,0.0456579835600872,0.0,0.0,0.0,0.0,1.0034660721730095,0.27,0.06
2821,0.04525521420810175,0.014330961633982547,0.03092425257411921,0.0,0.0,0.0,0.0,1.0034660721730095,0.27,0.06
2822,0.04525521420810175,0.01397910498211313,0.03127610922598863,0.0,0.0,0.0,0.0,1.0034660721730095,0.27,0.06
2823,0.03349284575753775,0.020321771500101102,0.0,0.0,0.0,0.013171074257436646,0.0,1.0,0.27,0.06
2824,0.03349284575753775,0.04102994888635627,0.0,2.7755575615628914e-17,0.007537103128818494,0.0,0.0,1.0017900619930944,0.27,0.06
2825,0.02771134262082,0.039112887242921356,0.0,0.0,0.011401544622101356,0.0,0.0,1.0044979288408435,0.27,0.06
2826,0.02771134262082,0.04256802453400664,0.0,0.0,0.014856681913186641,0.0,0.0,1.0080263907952254,0.27,0.06
2827,0.02292665036974315,0.04408336401679407,0.0,0.0,0.021156713647050924,0.0,0.0,1.0130511102863997,0.27,0.06
2828,0.02292665036974315,0.07033076014168133,0.0,0.0,0.04740410977193818,0.0,0.0,1.0243095863572351,0.27,0.06
2829,0.020334942067076527,0.06563103066696269,0.0,-8.257283745649602e-16,0.045296088599886986,0.0,0.0,1.0350674073997084,0.27,0.06
2830,0.020334942067076527,0.04736707244353542,0.0,0.0,0.027032130376458893,0.0,0.0,1.0414875383641173,0.27,0.06
2831,0.03767945147723,0.07588031434396261,0.0,9.020562075079397e-17,0.03820086286673252,0.0,0.0,1.0505602432949663,0.27,0.06
2832,0.03767945147723,0.07791734094230844,0.0,-3.400058012914542e-16,0.04023788946507878,0.0,0.0,1.0601167420429225,0.27,0.06
2833,0.4238439686383375,0.21135827885214795,0.21248568978618956,0.0,0.0,-0.0,0.0,1.0601167420429225,0.27,0.06
2834,0.4238439686383375,0.19468209746554713,0.11176298407009275,0.0,0.0,0.11739888710269764,0.0,1.0292222980685284,0.27,0.06
2835,0.42882804300276,0.18329503802594851,0.2455330049768115,0.0,0.0,0.0,0.0,1.0292222980685284,0.27,0.06
2836,0.42882804300276,0.16696974367148237,0.26185829933127763,0.0,0.0,0.0,0.0,1.0292222980685284,0.27,0.06
2837,0.30023943875507,0.1607929703324841,0.13944646842258587,0.0,0.0,0.0,0.0,1.0292222980685284,0.27,0.06
2838,0.30023943875507,0.13157207323431983,0.16866736552075015,0.0,0.0,0.0,0.0,1.0292222980685284,0.27,0.06
2839,0.18640363561486825,0.11212923646769261,0.07427439914717564,0.0,0.0,0.0,0.0,1.0292222980685284,0.27,0.06
2840,0.18640363561486825,0.08655669804308944,0.09984693757177882,0.0,0.0,0.0,0.0,1.0292222980685284,0.27,0.06
2841,0.2785089614480975,0.11425100309897449,0.16425795834912302,0.0,0.0,0.0,0.0,1.0292222980685284,0.27,0.06
2842,0.2785089614480975,0.08480410570850454,0.19370485573959295,0.0,0.0,0.0,0.0,1.0292222980685284,0.27,0.06
2843,0.189194706094663,0.0633766051469323,0.1258181009477307,0.0,0.0,0.0,0.0,1.0292222980685284,0.27,0.06
2844,0.189194706094663,0.040222542507365046,0.14897216358729795,0.0,0.0,0.0,0.0,1.0292222980685284,0.27,0.06
2845,0.253389327129945,0.04594027190621979,0.2074490552237252,0.0,0.0,0.0,0.0,1.0292222980685284,0.27,0.06
2846,0.253389327129945,0.03403001258541697,0.21935931454452803,0.0,0.0,0.0,0.0,1.0292222980685284,0.27,0.06
2847,0.20334942067076525,0.036025698232518714,0.16732372243824653,0.0,0.0,0.0,0.0,1.0292222980685284,0.27,0.06
2848,0.20334942067076525,0.01965723729061121,0.18369218338015403,0.0,0.0,0.0,0.0,1.0292222980685284,0.27,0.06
2849,0.0817384926225625,0.006893671456614435,0.07484482116594807,0.0,0.0,0.0,0.0,1.0292222980685284,0.27,0.06
2850,0.0817384926225625,0.004402658622184313,0.07733583400037819,0.0,0.0,0.0,0.0,1.0292222980685284,0.27,0.06
2851,0.14035097269825375,0.009755104113592022,0.13059586858466174,0.0,0.0,0.0,0.0,1.0292222980685284,0.27,0.06
2852,0.14035097269825375,0.008363448167602434,0.13198752453065132,0.0,0.0,0.0,0.0,1.0292222980685284,0.27,0.06
2853,0.05382778782461425,0.0019256476201751005,0.051902140204439146,0.0,0.0,0.0,0.0,1.0292222980685284,0.27,0.06
2854,0.05382778782461425,0.0,0.05382778782461425,0.0,0.0,0.0,0.0,1.0292222980685284,0.27,0.06
2855,0.02990432656923025,0.0,0.02990432656923025,0.0,0.0,0.0,0.0,1.0292222980685284,0.27,0.06
2856,0.02990432656923025,0.0,0.029904326569230255,0.0,0.0,-3.469446951953614e-18,0.0,1.0292222980685284,0.27,0.06
2857,0.1401516105211255,0.0,0.1401516105211255,0.0,0.0,0.0,0.0,1.0292222980685284,0.27,0.06
2858,0.1401516105211255,0.0,0.1401516105211255,0.0,0.0,0.0,0.0,1.0292222980685284,0.27,0.06
2859,0.2693383013002,0.0,0.2693383013002,0.0,0.0,0.0,0.0,1.0292222980685284,0.27,0.06
2860,0.2693383013002,0.0,0.2693383013002,0.0,0.0,0.0,0.0,1.0292222980685284,0.27,0.06
2861,0.0470494738022555,0.0,0.0470494738022555,0.0,0.0,0.0,0.0,1.0292222980685284,0.27,0.06
2862,0.0470494738022555,0.0,0.0470494738022555,0.0,0.0,0.0,0.0,1.0292222980685284,0.27,0.06
2863,0.04724883597938375,0.0,0.04724883597938375,0.0,0.0,0.0,0.0,1.0292222980685284,0.27,0.06
2864,0.04724883597938375,0.0,0.04724883597938375,0.0,0.0,0.0,0.0,1.0292222980685284,0.27,0.06
2865,0.042663505905435,0.0,0.042663505905435,0.0,0.0,0.0,0.0,1.0292222980685284,0.27,0.06
2866,0.042663505905435,0.0,0.042663505905435,0.0,0.0,0.0,0.0,1.0292222980685284,0.27,0.06
2867,0.06957739981774225,0.0,0.06957739981774225,0.0,0.0,0.0,0.0,1.0292222980685284,0.27,0.06
2868,0.06957739981774225,0.0,0.06957739981774225,0.0,0.0,0.0,0.0,1.0292222980685284,0.27,0.06
2869,0.048445009042153,0.0,0.048445009042153,0.0,0.0,0.0,0.0,1.0292222980685284,0.27,0.06
2870,0.048445009042153,0.0,0.048445009042153,0.0,0.0,0.0,0.0,1.0292222980685284,0.27,0.06
2871,0.04764756033364,0.0,0.04764756033364,0.0,0.0,0.0,0.0,1.0292222980685284,0.27,0.06
2872,0.04764756033364,0.0,0.04764756033364,0.0,0.0,0.0,0.0,1.0292222980685284,0.27,0.06
2873,0.02511963431815325,0.0,0.02511963431815325,0.0,0.0,0.0,0.0,1.0292222980685284,0.27,0.06
2874,0.02511963431815325,0.0,0.02511963431815325,0.0,0.0,0.0,0.0,1.0292222980685286,0.27,0.06
2875,0.0171451472330253,0.0,0.0,0.0,0.0,0.0171451472330253,0.0,1.0247104172177324,0.27,0.06
2876,0.0171451472330253,0.0,0.0,0.0,0.0,0.0171451472330253,0.0,1.0201985363669361,0.27,0.06
2877,0.02292665036974315,0.0,0.02292665036974315,0.0,0.0,0.0,0.0,1.0201985363669361,0.27,0.06
2878,0.02292665036974315,0.0,0.02292665036974315,0.0,0.0,0.0,0.0,1.0201985363669361,0.27,0.06
2879,0.0173445094101535,0.0,0.0,0.0,0.0,0.0173445094101535,0.0,1.0156341917853169,0.27,0.06
2880,0.0173445094101535,0.0,0.017344509410153496,0.0,0.0,8.43769498715119e-16,0.0,1.0156341917853167,0.27,0.06
2881,0.04146733284266575,0.0,0.04146733284266575,0.0,0.0,0.0,0.0,1.0156341917853167,0.27,0.06
2882,0.04146733284266575,0.0,0.041467332842665745,0.0,0.0,6.938893903907228e-18,0.0,1.0156341917853167,0.27,0.06
2883,0.04286286808256325,0.0,0.04286286808256325,0.0,0.0,0.0,0.0,1.0156341917853167,0.27,0.06
2884,0.04286286808256325,0.0,0.04286286808256325,0.0,0.0,0.0,0.0,1.0156341917853167,0.27,0.06
2885,0.0984849155013315,0.0,0.0984849155013315,0.0,0.0,0.0,0.0,1.0156341917853167,0.27,0.06
2886,0.0984849155013315,0.0,0.0984849155013315,0.0,0.0,0.0,0.0,1.0156341917853167,0.27,0.06
2887,0.03927434889425575,0.0,0.03927434889425575,0.0,0.0,0.0,0.0,1.0156341917853167,0.27,0.06
2888,0.03927434889425575,0.0,0.03927434889425575,0.0,0.0,0.0,0.0,1.0156341917853167,0.27,0.06
2889,0.0175438715872817,0.0,0.0175438715872817,0.0,0.0,0.0,0.0,1.0156341917853167,0.27,0.06
2890,0.0175438715872817,0.0,0.0175438715872817,0.0,0.0,0.0,0.0,1.0156341917853167,0.27,0.06
2891,0.0177432337644099,0.0,0.0,0.0,0.0,0.0177432337644099,0.0,1.010964919742051,0.27,0.06
2892,0.0177432337644099,0.0,0.0177432337644099,0.0,0.0,0.0,0.0,1.010964919742051,0.27,0.06
2893,0.021331752952717525,0.0,0.021331752952717525,0.0,0.0,0.0,0.0,1.010964919742051,0.27,0.06
2894,0.021331752952717525,0.0,0.021331752952717525,0.0,0.0,0.0,0.0,1.010964919742051,0.27,0.06
2895,0.019537493358563723,0.0,0.019537493358563723,0.0,0.0,0.0,0.0,1.010964919742051,0.27,0.06
2896,0.019537493358563723,0.0,0.019537493358563723,0.0,0.0,0.0,0.0,1.010964919742051,0.27,0.06
2897,0.0301036887463585,0.0,0.030103688746358492,0.0,0.0,0.0,0.0,1.010964919742051,0.27,0.06
2898,0.0301036887463585,0.0,0.0301036887463585,0.0,0.0,0.0,0.0,1.010964919742051,0.27,0.06
2899,0.02472090996389695,0.0,0.02472090996389695,0.0,0.0,0.0,0.0,1.010964919742051,0.27,0.06
2900,0.02472090996389695,0.0,0.02472090996389695,0.0,0.0,0.0,0.0,1.010964919742051,0.27,0.06
2901,0.0177432337644099,0.0,0.017743233764409894,0.0,0.0,6.938893903907228e-18,0.0,1.010964919742051,0.27,0.06
2902,0.0177432337644099,0.0,0.0,0.0,0.0,0.0177432337644099,0.0,1.0062956476987852,0.27,0.06
2903,0.02392346125538415,0.0,0.02392346125538415,0.0,0.0,0.0,0.0,1.0062956476987852,0.27,0.06
2904,0.02392346125538415,0.0,0.02392346125538415,0.0,0.0,0.0,0.0,1.0062956476987852,0.27,0.06
2905,0.012958541513333074,0.0,0.012958541513333074,0.0,0.0,0.0,0.0,1.0062956476987852,0.27,0.06
2906,0.012958541513333074,0.0,0.012958541513333074,0.0,0.0,0.0,0.0,1.0062956476987852,0.27,0.06
2907,0.02511963431815325,0.0,0.02511963431815325,0.0,0.0,0.0,0.0,1.0062956476987852,0.27,0.06
2908,0.02511963431815325,0.0,0.02511963431815325,0.0,0.0,0.0,0.0,1.0062956476987852,0.27,0.06
2909,0.0390749867171275,0.0,0.03907498671712749,0.0,0.0,1.3877787807814457e-17,0.0,1.0062956476987852,0.27,0.06
2910,0.0390749867171275,0.0,0.0390749867171275,0.0,0.0,0.0,0.0,1.0062956476987852,0.27,0.06
2911,0.0560207717730245,0.0,0.0560207717730245,0.0,0.0,0.0,0.0,1.0062956476987852,0.27,0.06
2912,0.0560207717730245,0.0,0.0560207717730245,0.0,0.0,0.0,0.0,1.0062956476987852,0.27,0.06
2913,0.036682640591589,0.0,0.036682640591589,0.0,0.0,0.0,0.0,1.0062956476987852,0.27,0.06
2914,0.036682640591589,0.0008417975173619604,0.035840843074227045,0.0,0.0,0.0,0.0,1.0062956476987852,0.27,0.06
2915,0.02691389391230725,0.001665706139153201,0.025248187773154046,0.0,0.0,0.0,0.0,1.0062956476987852,0.27,0.06
2916,0.02691389391230725,0.00229780990138949,0.02461608401091776,0.0,0.0,0.0,0.0,1.0062956476987852,0.27,0.06
2917,0.0273126182665635,0.003114918637360236,0.024197699629203265,0.0,0.0,0.0,0.0,1.0062956476987852,0.27,0.06
2918,0.0273126182665635,0.009360495036583741,0.017952123229979758,0.0,0.0,0.0,0.0,1.0062956476987852,0.27,0.06
2919,0.02651516955805075,0.013370324253855646,0.013144845304195104,0.0,0.0,0.0,0.0,1.0062956476987852,0.27,0.06
2920,0.02651516955805075,0.006223434435083457,0.020291735122967294,0.0,0.0,0.0,0.0,1.0062956476987852,0.27,0.06
2921,0.028708153506461,0.01044140104149153,0.01826675246496947,0.0,0.0,0.0,0.0,1.0062956476987852,0.27,0.06
2922,0.028708153506461,0.008228299839185771,0.020479853667275227,0.0,0.0,0.0,0.0,1.0062956476987852,0.27,0.06
2923,0.03628391623733275,0.01141338541822116,0.02487053081911159,0.0,0.0,0.0,0.0,1.0062956476987852,0.27,0.06
2924,0.03628391623733275,0.013974476971519321,0.022309439265813427,0.0,0.0,0.0,0.0,1.0062956476987852,0.27,0.06
2925,0.0360845540602045,0.016616951455570766,0.019467602604633732,0.0,0.0,0.0,0.0,1.0062956476987852,0.27,0.06
2926,0.0360845540602045,0.021084425217467388,0.01500012884273711,0.0,0.0,0.0,0.0,1.0062956476987852,0.27,0.06
2927,0.0370813649458455,0.0169507461796101,0.020130618766235397,0.0,0.0,0.0,0.0,1.0062956476987852,0.27,0.06
2928,0.0370813649458455,0.009135428588023818,0.02794593635782168,0.0,0.0,0.0,0.0,1.0062956476987852,0.27,0.06
2929,0.42902740517989,0.10421385373458089,0.3248135514453091,0.0,0.0,0.0,0.0,1.0062956476987852,0.27,0.06
2930,0.42902740517989,0.13247597875879596,0.29655142642109406,0.0,0.0,0.0,0.0,1.0062956476987852,0.27,0.06
2931,0.4244420551697225,0.08226514830763404,0.34217690686208846,0.0,0.0,0.0,0.0,1.0062956476987852,0.27,0.06
2932,0.4244420551697225,0.07386725682023208,0.3505747983494904,0.0,0.0,0.0,0.0,1.0062956476987852,0.27,0.06
2933,0.2613638142150725,0.07475961046250229,0.1866042037525702,0.0,0.0,0.0,0.0,1.0062956476987852,0.27,0.06
2934,0.2613638142150725,0.07043225672375301,0.19093155749131946,0.0,0.0,0.0,0.0,1.0062956476987852,0.27,0.06
2935,0.18161894336379125,0.054963786328604054,0.1266551570351872,0.0,0.0,0.0,0.0,1.0062956476987852,0.27,0.06
2936,0.18161894336379125,0.04462936595950032,0.13698957740429094,0.0,0.0,0.0,0.0,1.0062956476987852,0.27,0.06
2937,0.2771134262082,0.05415803148461247,0.22295539472358755,0.0,0.0,0.0,0.0,1.0062956476987852,0.27,0.06
2938,0.2771134262082,0.04952512192525465,0.22758830428294535,0.0,0.0,0.0,0.0,1.0062956476987852,0.27,0.06
2939,0.18939406827179125,0.023636053225857753,0.16575801504593352,0.0,0.0,0.0,0.0,1.0062956476987852,0.27,0.06
2940,0.18939406827179125,0.01737479525283832,0.17201927301895292,0.0,0.0,0.0,0.0,1.0062956476987852,0.27,0.06
2941,0.23145948764584176,0.015021675946318072,0.2164378116995237,0.0,0.0,0.0,0.0,1.0062956476987852,0.27,0.06
2942,0.23145948764584176,0.01890999330205832,0.21254949434378345,0.0,0.0,0.0,0.0,1.0062956476987852,0.27,0.06
2943,0.22527926015486724,0.015702347116576587,0.20957691303829065,0.0,0.0,0.0,0.0,1.0062956476987852,0.27,0.06
2944,0.22527926015486724,0.012492335097127267,0.21278692505773966,0.0,0.0,0.0,0.0,1.0062956476987852,0.27,0.06
2945,0.19597302011702175,0.008434184691875167,0.18753883542514657,0.0,0.0,0.0,0.0,1.0062956476987852,0.27,0.06
2946,0.19597302011702175,0.007987335466279596,0.18798568465074217,0.0,0.0,0.0,0.0,1.0062956476987852,0.27,0.06
2947,0.20992837251599575,0.008975724855836822,0.2009526476601589,0.0,0.0,0.0,0.0,1.0062956476987852,0.27,0.06
2948,0.20992837251599575,0.005815796633199895,0.20411257588279585,0.0,0.0,0.0,0.0,1.0062956476987852,0.27,0.06
2949,0.02212920166123035,0.0,0.02212920166123035,0.0,0.0,0.0,0.0,1.0062956476987852,0.27,0.06
2950,0.02212920166123035,0.0008503767472550952,0.021278824913975255,0.0,0.0,0.0,0.0,1.0062956476987852,0.27,0.06
2951,0.1056619538779465,0.0,0.1056619538779465,0.0,0.0,0.0,0.0,1.0062956476987852,0.27,0.06
2952,0.1056619538779465,0.0,0.1056619538779465,0.0,0.0,0.0,0.0,1.0062956476987852,0.27,0.06
2953,0.0976874667928185,0.0,0.0976874667928185,0.0,0.0,0.0,0.0,1.0062956476987852,0.27,0.06
2954,0.0976874667928185,0.0,0.0976874667928185,0.0,0.0,0.0,0.0,1.0062956476987852,0.27,0.06
2955,0.026714531735179,0.0,0.026714531735179,0.0,0.0,0.0,0.0,1.0062956476987852,0.27,0.06
2956,0.026714531735179,0.0,0.026714531735179,0.0,0.0,0.0,0.0,1.0062956476987852,0.27,0.06
2957,0.05422651217887075,0.0,0.05422651217887075,0.0,0.0,0.0,0.0,1.0062956476987852,0.27,0.06
2958,0.05422651217887075,0.0,0.05422651217887075,0.0,0.0,0.0,0.0,1.0062956476987852,0.27,0.06
2959,0.04286286808256325,0.0,0.04286286808256325,0.0,0.0,0.0,0.0,1.0062956476987852,0.27,0.06
2960,0.04286286808256325,0.0,0.042862868082563246,0.0,0.0,6.938893903907228e-18,0.0,1.0062956476987852,0.27,0.06
2961,0.05721694483579375,0.0,0.05721694483579375,0.0,0.0,0.0,0.0,1.0062956476987852,0.27,0.06
2962,0.05721694483579375,0.0,0.05721694483579375,0.0,0.0,0.0,0.0,1.0062956476987852,0.27,0.06
2963,0.03628391623733275,0.0,0.03628391623733275,0.0,0.0,0.0,0.0,1.0062956476987852,0.27,0.06
2964,0.03628391623733275,0.0,0.03628391623733275,0.0,0.0,0.0,0.0,1.0062956476987852,0.27,0.06
2965,0.03927434889425575,0.0,0.03927434889425575,0.0,0.0,0.0,0.0,1.0062956476987852,0.27,0.06
2966,0.03927434889425575,0.0,0.03927434889425575,0.0,0.0,0.0,0.0,1.0062956476987852,0.27,0.06
2967,0.04027115977989675,0.0,0.04027115977989675,0.0,0.0,0.0,0.0,1.0062956476987852,0.27,0.06
2968,0.04027115977989675,0.0,0.04027115977989675,0.0,0.0,0.0,0.0,1.0062956476987852,0.27,0.06
2969,0.013357265867589474,0.0,0.013357265867589474,0.0,0.0,0.0,0.0,1.0062956476987852,0.27,0.06
2970,0.013357265867589474,0.0,0.013357265867589474,0.0,0.0,0.0,0.0,1.0062956476987852,0.27,0.06
2971,0.02212920166123035,0.0,0.022129201661230346,0.0,0.0,3.469446951953614e-18,0.0,1.0062956476987852,0.27,0.06
2972,0.02212920166123035,0.0,0.02212920166123035,0.0,0.0,0.0,0.0,1.0062956476987852,0.27,0.06
2973,0.02472090996389695,0.0,0.024720909963896948,0.0,0.0,3.469446951953614e-18,0.0,1.0062956476987852,0.27,0.06
2974,0.02472090996389695,0.0,0.02472090996389695,0.0,0.0,0.0,0.0,1.0062956476987854,0.27,0.06
2975,0.011961730627692076,0.0,0.0,0.0,0.0,0.011961730627692076,0.0,1.0031478238493927,0.27,0.06
2976,0.011961730627692076,0.0,0.0,0.0,0.0,0.011961730627692076,0.0,1.0,0.27,0.06
2977,0.0173445094101535,0.0,0.0173445094101535,0.0,0.0,0.0,0.0,1.0,0.27,0.06
2978,0.0173445094101535,0.0,0.0173445094101535,0.0,0.0,0.0,0.0,1.0,0.27,0.06
2979,0.0332934835804095,0.0,0.0332934835804095,0.0,0.0,0.0,0.0,1.0,0.27,0.06
2980,0.0332934835804095,0.0,0.0332934835804095,0.0,0.0,0.0,0.0,1.0,0.27,0.06
2981,0.03488838099743525,0.0,0.03488838099743525,0.0,0.0,0.0,0.0,1.0,0.27,0.06
2982,0.03488838099743525,0.0,0.034888380997435214,0.0,0.0,3.469446951953614e-17,0.0,1.0,0.27,0.06
2983,0.07496017860020375,0.0,0.07496017860020375,0.0,0.0,0.0,0.0,1.0,0.27,0.06
2984,0.07496017860020375,0.0,0.07496017860020375,0.0,0.0,0.0,0.0,1.0,0.27,0.06
2985,0.03688200276871725,0.0,0.036882002768717254,0.0,0.0,0.0,0.0,1.0,0.27,0.06
2986,0.03688200276871725,0.0,0.03688200276871725,0.0,0.0,0.0,0.0,1.0,0.27,0.06
2987,0.03927434889425575,0.0,0.03927434889425575,0.0,0.0,0.0,0.0,1.0,0.27,0.06
2988,0.03927434889425575,0.0,0.03927434889425575,0.0,0.0,0.0,0.0,1.0,0.27,0.06
2989,0.028708153506461,0.0,0.028708153506461,0.0,0.0,0.0,0.0,1.0,0.27,0.06
2990,0.028708153506461,0.0,0.028708153506461,0.0,0.0,0.0,0.0,1.0,0.27,0.06
2991,0.020933028598461124,0.0,0.020933028598461124,0.0,0.0,0.0,0.0,1.0,0.27,0.06
2992,0.020933028598461124,0.0,0.020933028598461124,0.0,0.0,0.0,0.0,1.0,0.27,0.06
2993,0.02691389391230725,0.0,0.02691389391230725,0.0,0.0,0.0,0.0,1.0,0.27,0.06
2994,0.02691389391230725,0.0,0.026913893912307238,0.0,0.0,1.0408340855860843e-17,0.0,1.0,0.27,0.06
2995,0.02551835867240975,0.0,0.02551835867240975,0.0,0.0,0.0,0.0,1.0,0.27,0.06
2996,0.02551835867240975,0.0,0.02551835867240975,0.0,0.0,0.0,0.0,1.0,0.27,0.06
2997,0.0342902944660505,0.0,0.0342902944660505,0.0,0.0,0.0,0.0,1.0,0.27,0.06
2998,0.0342902944660505,0.0,0.0342902944660505,0.0,0.0,0.0,0.0,1.0,0.27,0.06
2999,0.03189794834051225,0.0,0.03189794834051225,0.0,0.0,0.0,0.0,1.0,0.27,0.06
3000,0.03189794834051225,0.0,0.03189794834051225,0.0,0.0,0.0,0.0,1.0,0.27,0.06
3001,0.02272728819261495,0.0,0.02272728819261495,0.0,0.0,0.0,0.0,1.0,0.27,0.06
3002,0.02272728819261495,0.0,0.02272728819261495,0.0,0.0,0.0,0.0,1.0,0.27,0.06
3003,0.046451387270871,0.0,0.046451387270871,0.0,0.0,0.0,0.0,1.0,0.27,0.06
3004,0.046451387270871,0.0,0.046451387270871,0.0,0.0,0.0,0.0,1.0,0.27,0.06
3005,0.03548646752881975,0.0,0.03548646752881975,0.0,0.0,0.0,0.0,1.0,0.27,0.06
3006,0.03548646752881975,0.0,0.03548646752881975,0.0,0.0,0.0,0.0,1.0,0.27,0.06
3007,0.03987243542564025,0.0,0.03987243542564025,0.0,0.0,0.0,0.0,1.0,0.27,0.06
3008,0.03987243542564025,0.0,0.03987243542564025,0.0,0.0,0.0,0.0,1.0,0.27,0.06
3009,0.0430622302596915,0.0013322125583285552,0.04173001770136294,0.0,0.0,0.0,0.0,1.0,0.27,0.06
3010,0.0430622302596915,0.002094407537760471,0.04096782272193103,0.0,0.0,0.0,0.0,1.0,0.27,0.06
3011,0.03448965664317875,0.0025672194976110434,0.0319224371455677,0.0,0.0,0.0,0.0,1.0,0.27,0.06
3012,0.03448965664317875,0.00761544105076194,0.026874215592416806,0.0,0.0,0.0,0.0,1.0,0.27,0.06
3013,0.03349284575753775,0.015940405131116147,0.0175524406264216,0.0,0.0,0.0,0.0,1.0,0.27,0.06
3014,0.03349284575753775,0.012707945487526025,0.020784900270011723,0.0,0.0,0.0,0.0,1.0,0.27,0.06
3015,0.02890751568358925,0.017206720788909547,0.011700794894679702,0.0,0.0,-0.0,0.0,1.0,0.27,0.06
3016,0.02890751568358925,0.0038032197167979336,0.025104295966791316,0.0,0.0,0.0,0.0,1.0,0.27,0.06
3017,0.028708153506461,0.030806444240321553,0.0,0.0,0.002098290733860555,0.0,0.0,1.0004983440492918,0.27,0.06
3018,0.028708153506461,0.05154920921164141,0.0,0.0,0.022841055705180413,0.0,0.0,1.005923094779272,0.27,0.06
3019,0.0360845540602045,0.020921187211437042,0.0,0.0,0.0,0.015163366848767457,0.0,1.001932735082228,0.27,0.06
3020,0.0360845540602045,0.031383520083044576,0.0,0.0,0.0,0.004701033977159952,0.0,1.0006956208777122,0.27,0.06
3021,0.0293062400378455,0.07222107834462525,0.0,-3.608224830031759e-16,0.04291483830678011,0.0,0.0,1.0108878949755726,0.27,0.06
3022,0.0293062400378455,0.12247908389788344,0.0,0.0,0.09317284386003793,0.0,0.0,1.0330164453923316,0.27,0.06
3023,0.029704964392102,0.1152890448610542,0.0,0.0,0.08558408046895219,0.0,0.0,1.0533426645037078,0.27,0.06
3024,0.029704964392102,0.05539370753915765,0.0,0.0,0.02568874314705565,0.0,0.0,1.0594437410011335,0.27,0.06
3025,0.4001198894963,0.3302763256305541,0.0,0.0,0.0,0.06984356386574592,0.0,1.0410638557733056,0.27,0.06
3026,0.4001198894963,0.641700926139724,0.0,-3.885780586188048e-16,0.24158103664342434,0.0,0.0,1.0984393519761189,0.27,0.06
3027,0.4116829157059525,0.8024752987995497,0.0,1.1102230246251565e-16,0.3907923830935971,0.0,0.0,1.191252542960848,0.27,0.06
3028,0.4116829157059525,0.7450485106302274,0.0,0.0,0.33336559492427487,0.0,0.0,1.2704268717553633,0.27,0.06
3029,0.35925064318502,0.5188425849071574,0.0,0.0,0.15959194172213742,0.0,0.0,1.308329957914371,0.27,0.06
3030,0.35925064318502,0.2782990848975091,0.0,0.0,0.0,0.08095155828751088,0.0,1.287026916259763,0.27,0.06
3031,0.1768342511127145,0.4766241088581123,0.0,0.0,0.2997898577453978,0.0,0.0,1.3582270074742948,0.27,0.06
3032,0.1768342511127145,0.23737126554733418,0.0,7.771561172376096e-16,0.060537014434618897,0.0,0.0,1.3726045484025169,0.27,0.06
3033,0.2392346125538415,0.4550048587360425,0.0,0.0,0.215770246182201,0.0,0.0,1.4238499818707897,0.27,0.06
3034,0.2392346125538415,0.18421102519606408,0.0,0.0,0.0,0.05502358735777743,0.0,1.4093700904608482,0.27,0.06
3035,0.190191516980304,0.04549739755095732,0.0,0.0,0.0,0.14469411942934668,0.0,1.37129269061102,0.27,0.06
3036,0.190191516980304,0.2421793676767073,0.0,6.38378239159465e-16,0.05198785069640266,0.0,0.0,1.3836398051514158,0.27,0.06
3037,0.19976090148245776,0.3761558625033395,0.0,0.0,0.17639496102088173,0.0,0.0,1.4255336083938752,0.27,0.06
3038,0.19976090148245776,0.3350654591261174,0.0,0.0,0.13530455764365965,0.0,0.0,1.4576684408342444,0.27,0.06
3039,0.25039889447302,0.09398308806058374,0.0,0.0,0.0,0.15641580641243624,0.0,1.4165063865151821,0.27,0.06
3040,0.25039889447302,0.006493796941925973,0.041194177928164655,0.0,0.0,0.20271091960292936,0.0,1.3631614076723062,0.27,0.06
3041,0.18401128948932974,0.09286686411330423,0.0,0.0,0.0,0.0911444253760255,0.0,1.3391760325733522,0.27,0.06
3042,0.18401128948932974,0.2114545433222652,0.0,0.0,0.02744325383293547,0.0,0.0,1.3456938053586742,0.27,0.06
3043,0.15330951421158676,0.12588599420447083,0.0,0.0,0.0,0.027423520007115926,0.0,1.338477089567328,0.27,0.06
3044,0.15330951421158676,0.18760784694915789,0.0,0.0,0.03429833273757113,0.0,0.0,1.346622943592501,0.27,0.06
3045,0.051435441699076,0.03925771316600675,0.0,-1.0408340855860843e-17,0.0,0.012177728533069237,0.0,1.3434182781890618,0.27,0.06
3046,0.051435441699076,0.022429546393943265,0.0,0.0,0.0,0.029005895305132732,0.0,1.3357851478456058,0.27,0.06
3047,0.1194179440997925,0.00821419039300329,0.0,0.0,0.0,0.11120375370678921,0.0,1.3065210021332927,0.27,0.06
3048,0.1194179440997925,0.00037570267067791436,0.0,0.0,0.0,0.1190422414291146,0.0,1.275194096494052,0.27,0.06
3049,0.02791070479794825,0.0,0.0,5.551115123125783e-17,0.0,0.027910704797948306,0.0,1.2678491741788025,0.27,0.06
3050,0.02791070479794825,0.0,0.0,2.0816681711721685e-17,0.0,0.02791070479794827,0.0,1.260504251863553,0.27,0.06
3051,0.21431434041281625,0.0,0.21431434041281625,0.0,0.0,0.0,0.0,1.260504251863553,0.27,0.06
3052,0.21431434041281625,0.0,0.21431434041281625,0.0,0.0,0.0,0.0,1.260504251863553,0.27,0.06
3053,0.02472090996389695,0.0,0.0,0.0,0.0,0.02472090996389695,0.0,1.2539987492414748,0.27,0.06
3054,0.02472090996389695,0.0,0.0,0.0,0.0,0.02472090996389695,0.0,1.2474932466193964,0.27,0.06
3055,0.02551835867240975,0.0,0.0,0.0,0.0,0.02551835867240975,0.0,1.2407778890740255,0.27,0.06
3056,0.02551835867240975,0.0,0.0,3.469446951953614e-18,0.0,0.025518358672409754,0.0,1.2340625315286546,0.27,0.06
3057,0.05821375572143475,0.0,0.0,0.0,0.0,0.05821375572143475,0.0,1.2187431221282772,0.27,0.06
3058,0.05821375572143475,0.0,0.05821375572143475,0.0,0.0,0.0,0.0,1.2187431221282772,0.27,0.06
3059,0.04924245775066575,0.0,0.04924245775066574,0.0,0.0,6.938893903907228e-18,0.0,1.2187431221282772,0.27,0.06
3060,0.04924245775066575,0.0,0.0,0.0,0.0,0.04924245775066575,0.0,1.205784580614944,0.27,0.06
3061,0.0470494738022555,0.0,0.04704947380225549,0.0,0.0,6.938893903907228e-18,0.0,1.205784580614944,0.27,0.06
3062,0.0470494738022555,0.0,0.0,0.0,0.0,0.0470494738022555,0.0,1.1934031401406664,0.27,0.06
3063,0.039673073248512,0.0,0.0,-6.938893903907228e-18,0.0,0.03967307324851199,0.0,1.1829628577068474,0.27,0.06
3064,0.039673073248512,0.0,0.0,0.0,0.0,0.039673073248512,0.0,1.1725225752730284,0.27,0.06
3065,0.0460526629166145,0.0,0.0,0.0,0.0,0.0460526629166145,0.0,1.1604034534528667,0.27,0.06
3066,0.0460526629166145,0.0,0.0,0.0,0.0,0.0460526629166145,0.0,1.148284331632705,0.27,0.06
3067,0.066387604983691,0.0,0.066387604983691,0.0,0.0,0.0,0.0,1.148284331632705,0.27,0.06
3068,0.066387604983691,0.0,0.066387604983691,0.0,0.0,0.0,0.0,1.148284331632705,0.27,0.06
3069,0.0687799511092295,0.0,0.0687799511092295,0.0,0.0,0.0,0.0,1.148284331632705,0.27,0.06
3070,0.0687799511092295,0.0,0.0687799511092295,0.0,0.0,0.0,0.0,1.148284331632705,0.27,0.06
3071,0.057416307012922,0.0,0.05741630701292198,0.0,0.0,1.3877787807814457e-17,0.0,1.148284331632705,0.27,0.06
3072,0.057416307012922,0.0,0.057416307012922,0.0,0.0,0.0,0.0,1.148284331632705,0.27,0.06
3073,0.050637992990563,0.0,0.050637992990563,0.0,0.0,0.0,0.0,1.148284331632705,0.27,0.06
3074,0.050637992990563,0.0,0.050637992990563,0.0,0.0,0.0,0.0,1.148284331632705,0.27,0.06
3075,0.05223289040758875,0.0,0.0,0.0,0.0,0.05223289040758875,0.0,1.1345388341570237,0.27,0.06
3076,0.05223289040758875,0.0,0.0,0.0,0.0,0.05223289040758875,0.0,1.1207933366813425,0.27,0.06
3077,0.12021539280830525,0.0,0.12021539280830525,0.0,0.0,0.0,0.0,1.1207933366813425,0.27,0.06
3078,0.12021539280830525,0.0,0.12021539280830525,0.0,0.0,0.0,0.0,1.1207933366813425,0.27,0.06
3079,0.0382775380086145,0.0,0.0,0.0,0.0,0.0382775380086145,0.0,1.1107203003632862,0.27,0.06
3080,0.0382775380086145,0.0,0.0,0.0,0.0,0.0382775380086145,0.0,1.1006472640452296,0.27,0.06
3081,0.03349284575753775,0.0,0.0,0.0,0.0,0.03349284575753775,0.0,1.09183335726693,0.27,0.06
3082,0.03349284575753775,0.0,0.0,0.0,0.0,0.03349284575753775,0.0,1.0830194504886308,0.27,0.06
3083,0.0430622302596915,0.0,0.0430622302596915,0.0,0.0,0.0,0.0,1.0830194504886308,0.27,0.06
3084,0.0430622302596915,0.0,0.0430622302596915,0.0,0.0,0.0,0.0,1.0830194504886308,0.27,0.06
3085,0.02511963431815325,0.0,0.02511963431815325,0.0,0.0,0.0,0.0,1.0830194504886308,0.27,0.06
3086,0.02511963431815325,0.0,0.02511963431815325,0.0,0.0,0.0,0.0,1.0830194504886308,0.27,0.06
3087,0.0163476985245125,0.0,0.016347698524512504,0.0,0.0,0.0,0.0,1.0830194504886308,0.27,0.06
3088,0.0163476985245125,0.0,0.0,0.0,0.0,0.0163476985245125,0.0,1.0787174245611275,0.27,0.06
3089,0.018540682472922725,0.0,0.0,-6.938893903907228e-18,0.0,0.018540682472922718,0.0,1.0738382975945688,0.27,0.06
3090,0.018540682472922725,0.0,0.0,0.0,0.0,0.018540682472922725,0.0,1.0689591706280106,0.27,0.06
3091,0.02372409907825595,0.0,0.0,0.0,0.0,0.02372409907825595,0.0,1.0627159866600484,0.27,0.06
3092,0.02372409907825595,0.0,0.0,0.0,0.0,0.02372409907825595,0.0,1.0564728026920862,0.27,0.06
3093,0.03548646752881975,0.0,0.0,0.0,0.0,0.03548646752881975,0.0,1.0471342586055545,0.27,0.06
3094,0.03548646752881975,0.0,0.0,0.0,0.0,0.03548646752881975,0.0,1.037795714519023,0.27,0.06
3095,0.025717720849538,0.0,0.025717720849537995,0.0,0.0,3.469446951953614e-18,0.0,1.037795714519023,0.27,0.06
3096,0.025717720849538,0.0,0.025717720849537995,0.0,0.0,3.469446951953614e-18,0.0,1.037795714519023,0.27,0.06
3097,0.020334942067076527,0.0,0.020334942067076527,0.0,0.0,0.0,0.0,1.037795714519023,0.27,0.06
3098,0.020334942067076527,0.0,0.020334942067076527,0.0,0.0,0.0,0.0,1.037795714519023,0.27,0.06
3099,0.14792673542912524,0.0,0.14792673542912524,0.0,0.0,0.0,0.0,1.037795714519023,0.27,0.06
3100,0.14792673542912524,0.0,0.14792673542912524,0.0,0.0,-6.938893903907228e-18,0.0,1.037795714519023,0.27,0.06
3101,0.0867225470507675,0.0,0.0867225470507675,0.0,0.0,0.0,0.0,1.037795714519023,0.27,0.06
3102,0.0867225470507675,0.0,0.0867225470507675,0.0,0.0,0.0,0.0,1.037795714519023,0.27,0.06
3103,0.0480462846878965,0.0,0.0480462846878965,0.0,0.0,0.0,0.0,1.037795714519023,0.27,0.06
3104,0.0480462846878965,0.0018389151208200367,0.04620736956707646,0.0,0.0,0.0,0.0,1.037795714519023,0.27,0.06
3105,0.041666695019794,0.0035287678527302782,0.0,0.0,0.0,0.038137927167063726,0.0,1.0277594178961116,0.27,0.06
3106,0.041666695019794,0.006109382561165802,0.0,0.0,0.0,0.0355573124586282,0.0,1.0184022304069988,0.27,0.06
3107,0.0400717976027685,0.008464865831275929,0.0,0.0,0.0,0.03160693177149257,0.0,1.0100846167829218,0.27,0.06
3108,0.0400717976027685,0.011857627797808535,0.028214169804959964,0.0,0.0,0.0,0.0,1.0100846167829218,0.27,0.06
3109,0.044657127676717,0.01617869434323369,0.0284784333334831,0.0,0.0,0.0,0.0,1.0100846167829218,0.27,0.06
3110,0.044657127676717,0.018451908489538132,0.026205219187178868,0.0,0.0,0.0,0.0,1.0100846167829218,0.27,0.06
3111,0.03748008930010175,0.01713000953974171,0.02035007976036004,0.0,0.0,0.0,0.0,1.0100846167829218,0.27,0.06
3112,0.03748008930010175,0.011625001209224944,0.025855088090876777,0.0,0.0,0.0,0.0,1.0100846167829218,0.27,0.06
3113,0.051634803876204,0.025668488305229217,0.0,0.0,0.0,0.02596631557097478,0.0,1.0032513758431916,0.27,0.06
3114,0.051634803876204,0.03927957567207533,0.0,0.0,0.0,0.012355228204128668,0.0,0.9999999999999999,0.27,0.06
3115,0.03748008930010175,0.06230284347547146,0.0,-2.1510571102112408e-16,0.024822754175369922,0.0,0.0,1.0058954041166503,0.27,0.06
3116,0.03748008930010175,0.05006863997121912,0.0,0.0,0.012588550671117367,0.0,0.0,1.0088851849010407,0.27,0.06
3117,0.03149922398625575,0.07613609016509346,0.0,0.0,0.044636866178837706,0.0,0.0,1.0194864406185147,0.27,0.06
3118,0.03149922398625575,0.07380451965130634,0.0,1.1102230246251565e-16,0.04230529566505048,0.0,0.0,1.0295339483389643,0.27,0.06
3119,0.03349284575753775,0.11888853534766017,0.0,0.0,0.08539568959012242,0.0,0.0,1.0498154246166183,0.27,0.06
3120,0.03349284575753775,0.11027847806991269,0.0,0.0,0.07678563231237494,0.0,0.0,1.0680520122908073,0.27,0.06
3121,0.2739236313741475,0.6330231717768972,0.0,8.326672684688674e-16,0.35909954040274883,0.0,0.0,1.1533381531364602,0.27,0.06
3122,0.2739236313741475,0.55831774965069,0.0,-4.996003610813204e-16,0.28439411827654304,0.0,0.0,1.220881756227139,0.27,0.06
3123,0.286483448533225,0.5825799088921344,0.0,7.216449660063518e-16,0.2960964603589087,0.0,0.0,1.29120466556238,0.27,0.06
3124,0.286483448533225,0.48997082018249405,0.0,0.0,0.20348737164926906,0.0,0.0,1.3395329163290812,0.27,0.06
3125,0.2974483682752775,0.6723942639778224,0.0,-3.885780586188048e-16,0.37494589570254533,0.0,0.0,1.4285825665584357,0.27,0.06
3126,0.2974483682752775,0.7217658330051541,0.0,3.885780586188048e-16,0.4243174647298762,0.0,0.0,1.5293579644317814,0.27,0.06
3127,0.07117229723476776,0.21110665237668377,0.0,0.0,0.13993435514191602,0.0,0.0,1.5625923737779865,0.27,0.06
3128,0.07117229723476776,0.3059243345845192,0.0,-6.106226635438361e-16,0.23475203734975203,0.0,0.0,1.6183459826485525,0.27,0.06
3129,0.035685829705948,0.172797404953004,0.0,0.0,0.137111575247056,0.0,0.0,1.6509099817697281,0.27,0.06
3130,0.035685829705948,0.11104723048877607,0.0,0.0,0.07536140078282808,0.0,0.0,1.6688083144556498,0.27,0.06
3131,0.081140406091178,0.29901495389773686,0.0,0.0,0.21787454780655885,0.0,0.0,1.7205535195597075,0.27,0.06
3132,0.081140406091178,0.19051382735411315,0.0,0.0,0.10937342126293516,0.0,0.0,1.7465297071096548,0.27,0.06
3133,0.02392346125538415,0.0760209649977021,0.0,2.7755575615628914e-17,0.05209750374231792,0.0,0.0,1.7589028642484554,0.27,0.06
3134,0.02392346125538415,0.05773519600635331,0.0,0.0,0.03381173475096916,0.0,0.0,1.7669331512518105,0.27,0.06
3135,0.0857257361651265,0.1407618673001901,0.0,4.85722573273506e-16,0.055036131135063115,0.0,0.0,1.780004232396388,0.27,0.06
3136,0.0857257361651265,0.11083729045632881,0.0,0.0,0.025111554291202307,0.0,0.0,1.7859682265405485,0.27,0.06
3137,0.02771134262082,0.023330724237492325,0.0,0.0,0.0,0.0043806183833276745,0.0,1.7848154322291463,0.27,0.06
3138,0.02771134262082,0.012459897763467877,0.0,0.0,0.0,0.015251444857352123,0.0,1.7808018941087904,0.27,0.06
3139,0.0360845540602045,0.03895527647415184,0.0,3.0531133177191805e-16,0.0028707224139470355,0.0,0.0,1.7814836906821028,0.27,0.06
3140,0.0360845540602045,0.03420870501117835,0.0,0.0,0.0,0.00187584904902615,0.0,1.780990046195517,0.27,0.06
3141,0.07894742214276775,0.05018791699639625,0.0,0.0,0.0,0.028759505146371496,0.0,1.7734217553675244,0.27,0.06
3142,0.07894742214276775,0.02652311294085724,0.0,0.0,0.0,0.052424309201910504,0.0,1.7596258845249164,0.27,0.06
3143,0.021531115129845724,0.0034409871382334568,0.0,0.0,0.0,0.01809012799161227,0.0,1.7548653245271237,0.27,0.06
3144,0.021531115129845724,0.0006737340172607813,0.0,0.0,0.0,0.020857381112584943,0.0,1.749376540023812,0.27,0.06
3145,0.0283094291522045,0.0,0.0,0.0,0.0,0.0283094291522045,0.0,1.741926690246916,0.27,0.06
3146,0.0283094291522045,0.0,0.0,0.0,0.0,0.0283094291522045,0.0,1.7344768404700202,0.27,0.06
3147,0.082137216976819,0.0,0.0,0.0,0.0,0.082137216976819,0.0,1.7128617833708573,0.27,0.06
3148,0.082137216976819,0.0,0.0,0.0,0.0,0.082137216976819,0.0,1.6912467262716944,0.27,0.06
3149,0.03349284575753775,0.0,0.0,0.0,0.0,0.03349284575753775,0.0,1.6824328194933948,0.27,0.06
3150,0.03349284575753775,0.0,0.0,0.0,0.0,0.03349284575753775,0.0,1.6736189127150956,0.27,0.06
3151,0.02811006697507625,0.0,0.0,0.0,0.0,0.02811006697507625,0.0,1.666221526669023,0.27,0.06
3152,0.02811006697507625,0.0,0.0,0.0,0.0,0.02811006697507625,0.0,1.6588241406229502,0.27,0.06
3153,0.05761566919005025,0.0,0.0,0.0,0.0,0.05761566919005025,0.0,1.643662122415042,0.27,0.06
3154,0.05761566919005025,0.0,0.0,0.0,0.0,0.05761566919005025,0.0,1.628500104207134,0.27,0.06
3155,0.06539079409805,0.0,0.0,0.0,0.0,0.06539079409805,0.0,1.611292000497121,0.27,0.06
3156,0.06539079409805,0.0,0.0,1.3877787807814457e-17,0.0,0.06539079409805001,0.0,1.5940838967871078,0.27,0.06
3157,0.040669884134153,0.0,0.0,0.0,0.0,0.040669884134153,0.0,1.5833812956991729,0.27,0.06
3158,0.040669884134153,0.0,0.0,1.3877787807814457e-17,0.0,0.04066988413415301,0.0,1.5726786946112379,0.27,0.06
3159,0.0550239608873835,0.0,0.0,0.0,0.0,0.0550239608873835,0.0,1.5581987049040318,0.27,0.06
3160,0.0550239608873835,0.0,0.0,0.0,0.0,0.0550239608873835,0.0,1.5437187151968257,0.27,0.06
3161,0.08732063358215225,0.0,0.0,0.0,0.0,0.08732063358215225,0.0,1.5207396010962593,0.27,0.06
3162,0.08732063358215225,0.0,0.0,0.0,0.0,0.08732063358215225,0.0,1.4977604869956929,0.27,0.06
3163,0.0719697459432805,0.0,0.0,0.0,0.0,0.0719697459432805,0.0,1.4788210801685138,0.27,0.06
3164,0.0719697459432805,0.0,0.0,0.0,0.0,0.0719697459432805,0.0,1.4598816733413347,0.27,0.06
3165,0.034689018820307,0.0,0.0,-6.938893903907228e-18,0.0,0.03468901882030699,0.0,1.450752984178096,0.27,0.06
3166,0.034689018820307,0.0,0.0,0.0,0.0,0.034689018820307,0.0,1.4416242950148572,0.27,0.06
3167,0.0173445094101535,0.0,0.0,0.0,0.0,0.0173445094101535,0.0,1.437059950433238,0.27,0.06
3168,0.0173445094101535,0.0,0.0,0.0,0.0,0.0173445094101535,0.0,1.4324956058516185,0.27,0.06
3169,0.021132390775589326,0.0,0.0,3.469446951953614e-18,0.0,0.02113239077558933,0.0,1.4269344503843582,0.27,0.06
3170,0.021132390775589326,0.0,0.0,0.0,0.0,0.021132390775589326,0.0,1.4213732949170979,0.27,0.06
3171,0.02232856383835855,0.0,0.0,0.0,0.0,0.02232856383835855,0.0,1.4154973570648983,0.27,0.06
3172,0.02232856383835855,0.0,0.0,0.0,0.0,0.02232856383835855,0.0,1.4096214192126988,0.27,0.06
3173,0.04146733284266575,0.0,0.0,0.0,0.0,0.04146733284266575,0.0,1.398708963201471,0.27,0.06
3174,0.04146733284266575,0.0,0.0,0.0,0.0,0.04146733284266575,0.0,1.3877965071902432,0.27,0.06
3175,0.0500399064591785,0.0,0.0,0.0,0.0,0.0500399064591785,0.0,1.3746281107536171,0.27,0.06
3176,0.0500399064591785,0.0,0.0,0.0,0.0,0.0500399064591785,0.0,1.3614597143169913,0.27,0.06
3177,0.03548646752881975,0.0,0.0,0.0,0.0,0.03548646752881975,0.0,1.3521211702304599,0.27,0.06
3178,0.03548646752881975,0.0,0.0,0.0,0.0,0.03548646752881975,0.0,1.3427826261439284,0.27,0.06
3179,0.034689018820307,0.0,0.0,0.0,0.0,0.034689018820307,0.0,1.3336539369806897,0.27,0.06
3180,0.034689018820307,0.0,0.0,0.0,0.0,0.034689018820307,0.0,1.324525247817451,0.27,0.06
3181,0.02791070479794825,0.0,0.0,0.0,0.0,0.02791070479794825,0.0,1.3171803255022014,0.27,0.06
3182,0.02791070479794825,0.0,0.0,0.0,0.0,0.02791070479794825,0.0,1.3098354031869517,0.27,0.06
3183,0.021730477306973923,0.0,0.0,0.0,0.0,0.021730477306973923,0.0,1.3041168565272216,0.27,0.06
3184,0.021730477306973923,0.0,0.0,0.0,0.0,0.021730477306973306,0.0,1.2983983098674918,0.27,0.06
3185,0.03090113745487125,0.0,0.0,0.0,0.0,0.03090113745487125,0.0,1.2902664315898942,0.27,0.06
3186,0.03090113745487125,0.0,0.0,0.0,0.0,0.03090113745487125,0.0,1.2821345533122965,0.27,0.06
3187,0.034689018820307,0.0,0.0,0.0,0.0,0.034689018820307,0.0,1.273005864149058,0.27,0.06
3188,0.034689018820307,0.0,0.0,0.0,0.0,0.034689018820307,0.0,1.2638771749858193,0.27,0.06
3189,0.0263158073809225,0.0,0.0,-1.0408340855860843e-17,0.0,0.026315807380922488,0.0,1.2569519625171555,0.27,0.06
3190,0.0263158073809225,0.0,0.0,0.0,0.0,0.0263158073809225,0.0,1.2500267500484916,0.27,0.06
3191,0.030701775277743,0.0,0.0,0.0,0.0,0.030701775277743,0.0,1.2419473355017172,0.27,0.06
3192,0.030701775277743,0.0,0.0,0.0,0.0,0.030701775277743,0.0,1.2338679209549428,0.27,0.06
3193,0.04246414372830675,0.0,0.0,0.0,0.0,0.04246414372830675,0.0,1.222693146289599,0.27,0.06
3194,0.04246414372830675,0.0,0.0,0.0,0.0,0.04246414372830675,0.0,1.2115183716242548,0.27,0.06
3195,0.0480462846878965,0.0,0.0,0.0,0.0,0.0480462846878965,0.0,1.1988746124958611,0.27,0.06
3196,0.0480462846878965,0.0,0.0,0.0,0.0,0.0480462846878965,0.0,1.1862308533674673,0.27,0.06
3197,0.1491229084918945,0.0,0.0,0.0,0.0,0.1491229084918945,0.0,1.1469879827117055,0.27,0.06
3198,0.1491229084918945,0.0,0.0,0.0,0.0,0.1491229084918945,0.0,1.1077451120559438,0.27,0.06
3199,0.048644371219281,0.0,0.0,0.0,0.0,0.048644371219281,0.0,1.0949439617350802,0.27,0.06
3200,0.048644371219281,0.004027638877756917,0.0,0.0,0.0,0.044616732341524086,0.0,1.0832027163820477,0.27,0.06
3201,0.403907770861735,0.041342114707168684,0.2550580254445404,0.0,0.0,0.10750763071002645,0.0,1.0549112346162512,0.27,0.06
3202,0.403907770861735,0.08609334404729092,0.3178144268144441,0.0,0.0,0.0,0.0,1.0549112346162512,0.27,0.06
3203,0.03528710535169175,0.008006880823423284,0.0,0.0,0.0,0.02728022452826847,0.0,1.0477322281614438,0.27,0.06
3204,0.03528710535169175,0.01359667047749462,0.0,0.0,0.0,0.021690434874197133,0.0,1.0420242189840234,0.27,0.06
3205,0.02751198044369175,0.011720406764775544,0.0,0.0,0.0,0.015791573678916204,0.0,1.0378685417000981,0.27,0.06
3206,0.02751198044369175,0.01014618654511092,0.0,3.469446951953614e-18,0.0,0.017365793898580832,0.0,1.0332985959373138,0.27,0.06
3207,0.0301036887463585,0.018817324315694172,0.0,0.0,0.0,0.011286364430664327,0.0,1.0303285000345073,0.27,0.06
3208,0.0301036887463585,0.01906886907312159,0.0,3.469446951953614e-18,0.0,0.011034819673236912,0.0,1.0274246001204976,0.27,0.06
3209,0.04126797066553775,0.030006609144784306,0.0,0.0,0.0,0.011261361520753445,0.0,1.0244610839308257,0.27,0.06
3210,0.04126797066553775,0.05152959536533499,0.0,-3.95516952522712e-16,0.010261624699797633,0.0,0.0,1.0268982197970276,0.27,0.06
3211,0.0370813649458455,0.056103884121504556,0.0,0.0,0.01902251917565906,0.0,0.0,1.0314160681012465,0.27,0.06
3212,0.0370813649458455,0.0620082661346398,0.0,0.0,0.0249269011887943,0.0,0.0,1.0373362071335852,0.27,0.06
3213,0.03548646752881975,0.07936405932818622,0.0,-5.48172618408671e-16,0.04387759179936701,0.0,0.0,1.047757135185935,0.27,0.06
3214,0.03548646752881975,0.11452384529219663,0.0,0.0,0.07903737776337688,0.0,0.0,1.066528512404737,0.27,0.06
3215,0.021730477306973923,0.07526814244180619,0.0,-6.730727086790012e-16,0.053537665134832935,0.0,0.0,1.0792437078742598,0.27,0.06
3216,0.021730477306973923,0.061610834890393595,0.0,2.1510571102112408e-16,0.03988035758341946,0.0,0.0,1.0887152928003219,0.27,0.06
3217,0.021132390775589326,0.07288075442855216,0.0,-8.187894806610529e-16,0.05174836365296365,0.0,0.0,1.1010055291679008,0.27,0.06
3218,0.021132390775589326,0.057455938183796636,0.0,2.220446049250313e-16,0.03632354740820709,0.0,0.0,1.10963237167735,0.27,0.06
3219,0.0271132560894355,0.0751381458298608,0.0,0.0,0.04802488974042529,0.0,0.0,1.121038282990701,0.27,0.06
3220,0.0271132560894355,0.08969294160626516,0.0,1.942890293094024e-16,0.06257968551682946,0.0,0.0,1.135900958300948,0.27,0.06
3221,0.03090113745487125,0.14517144813027263,0.0,0.0,0.11427031067540139,0.0,0.0,1.163040157086356,0.27,0.06
3222,0.03090113745487125,0.12609815361337945,0.0,0.0,0.0951970161585082,0.0,0.0,1.1856494484240017,0.27,0.06
3223,0.03528710535169175,0.17286722509218047,0.0,0.0,0.13758011974048873,0.0,0.0,1.2183247268623678,0.27,0.06
3224,0.03528710535169175,0.1852806879228667,0.0,0.0,0.14999358257117495,0.0,0.0,1.2539482027230215,0.27,0.06
3225,0.02432218560964055,0.03428859263786068,0.0,6.38378239159465e-16,0.009966407028219493,0.0,0.0,1.2563152243922238,0.27,0.06
3226,0.02432218560964055,0.023481986383571147,0.0,0.0,0.0,0.0008401992260694026,0.0,1.2560941193327317,0.27,0.06
3227,0.020534304244204726,0.02303720343209594,0.0,0.0,0.002502899187891216,0.0,0.0,1.256688557889856,0.27,0.06
3228,0.020534304244204726,0.02992365192927296,0.0,-5.93275428784068e-16,0.009389347685068827,0.0,0.0,1.2589185279650597,0.27,0.06
3229,0.10725685129497226,0.07671627042886527,0.0,0.0,0.0,0.03054058086610699,0.0,1.2508815330002947,0.27,0.06
3230,0.10725685129497226,0.05480341771976347,0.0,0.0,0.0,0.052453433575208784,0.0,1.237077997848924,0.27,0.06
3231,0.046451387270871,0.018995906057490648,0.0,0.0,0.0,0.027455481213380355,0.0,1.229852871213824,0.27,0.06
3232,0.046451387270871,0.014853346976018648,0.0,6.938893903907228e-18,0.0,0.031598040294852366,0.0,1.2215375974520206,0.27,0.06
3233,0.052631614761845,0.014789786292587538,0.0,0.0,0.0,0.03784182846925746,0.0,1.2115792215390582,0.27,0.06
3234,0.052631614761845,0.02255742870245036,0.0,0.0,0.0,0.030074186059394638,0.0,1.2036649620497437,0.27,0.06
3235,0.0303030509234865,0.01066354895148824,0.01963950197199793,0.0,0.0,0.0,0.0,1.2036649620497437,0.27,0.06
3236,0.0303030509234865,0.009268021635913493,0.0,-3.469446951953614e-18,0.0,0.021035029287573004,0.0,1.198129428026698,0.27,0.06
3237,0.012958541513333074,0.0032119571597283725,0.0,0.0,0.0,0.009746584353604702,0.0,1.1955645374073285,0.27,0.06
3238,0.012958541513333074,0.0018689044310621179,0.0,0.0,0.0,0.011089637082270957,0.0,1.1926462118593626,0.27,0.06
3239,0.0179425959415381,0.0011606770554330704,0.0,0.0,0.0,0.01678191888610503,0.0,1.1882299174156508,0.27,0.06
3240,0.0179425959415381,0.0003115110951734038,0.0,0.0,0.0,0.017631084846364695,0.0,1.1835901582455548,0.27,0.06
3241,0.012360454981948476,0.0,0.0,0.0,0.0,0.012360454981948476,0.0,1.1803374069345156,0.27,0.06
3242,0.012360454981948476,0.0,0.0,0.0,0.0,0.012360454981948476,0.0,1.1770846556234766,0.27,0.06
3243,0.0151515254617433,0.0,0.0,0.0,0.0,0.0151515254617433,0.0,1.1730974120809126,0.27,0.06
3244,0.0151515254617433,0.0,0.0,0.0,0.0,0.0151515254617433,0.0,1.1691101685383485,0.27,0.06
3245,0.02611644520379425,0.0,0.0,3.469446951953614e-18,0.0,0.026116445203794254,0.0,1.1622374198005079,0.27,0.06
3246,0.02611644520379425,0.0,0.0,0.0,0.0,0.02611644520379425,0.0,1.1553646710626673,0.27,0.06
3247,0.0165470607016407,0.0,0.0,6.938893903907228e-18,0.0,0.016547060701640706,0.0,1.1510101814043407,0.27,0.06
3248,0.0165470607016407,0.0,0.016547060701640696,0.0,0.0,3.469446951953614e-18,0.0,1.1510101814043407,0.27,0.06
3249,0.0147528011074869,0.0,0.0147528011074869,0.0,0.0,0.0,0.0,1.1510101814043407,0.27,0.06
3250,0.0147528011074869,0.0,0.0147528011074869,0.0,0.0,0.0,0.0,1.1510101814043407,0.27,0.06
3251,0.0147528011074869,0.0,0.0147528011074869,0.0,0.0,0.0,0.0,1.1510101814043407,0.27,0.06
3252,0.0147528011074869,0.0,0.0147528011074869,0.0,0.0,0.0,0.0,1.1510101814043407,0.27,0.06
3253,0.010765557564922874,0.0,0.0,0.0,0.0,0.010765557564922874,0.0,1.1481771399398872,0.27,0.06
3254,0.010765557564922874,0.0,0.0,-6.938893903907228e-18,0.0,0.010765557564922867,0.0,1.145344098475434,0.27,0.06
3255,0.02212920166123035,0.0,0.0,0.0,0.0,0.02212920166123035,0.0,1.1395206243540579,0.27,0.06
3256,0.02212920166123035,0.0,0.0,0.0,0.0,0.02212920166123035,0.0,1.1336971502326814,0.27,0.06
3257,0.019936217712820125,0.0,0.0,0.0,0.0,0.019936217712820125,0.0,1.1284507771503602,0.27,0.06
3258,0.019936217712820125,0.0,0.0,0.0,0.0,0.019936217712820125,0.0,1.1232044040680391,0.27,0.06
3259,0.0149521632846151,0.0,0.0,0.0,0.0,0.0149521632846151,0.0,1.1192696242562983,0.27,0.06
3260,0.0149521632846151,0.0,0.0149521632846151,0.0,0.0,0.0,0.0,1.1192696242562983,0.27,0.06
3261,0.0177432337644099,0.0,0.0177432337644099,0.0,0.0,0.0,0.0,1.1192696242562983,0.27,0.06
3262,0.0177432337644099,0.0,0.0177432337644099,0.0,0.0,0.0,0.0,1.1192696242562983,0.27,0.06
3263,0.010167471033538275,0.0,0.0,0.0,0.0,0.010167471033538275,0.0,1.1165939739843145,0.27,0.06
3264,0.010167471033538275,0.0,0.010167471033538275,0.0,0.0,0.0,0.0,1.1165939739843145,0.27,0.06
3265,0.013157903690461275,0.0,0.0,-5.204170427930421e-18,0.0,0.01315790369046127,0.0,1.1131313677499826,0.27,0.06
3266,0.013157903690461275,0.0,0.0,0.0,0.0,0.013157903690461275,0.0,1.1096687615156506,0.27,0.06
3267,0.02212920166123035,0.0,0.0,0.0,0.0,0.02212920166123035,0.0,1.1038452873942741,0.27,0.06
3268,0.02212920166123035,0.0,0.0,0.0,0.0,0.02212920166123035,0.0,1.0980218132728978,0.27,0.06
3269,0.018740044650050924,0.0,0.0,0.0,0.0,0.018740044650050924,0.0,1.093090222575516,0.27,0.06
3270,0.018740044650050924,0.0,0.0,0.0,0.0,0.018740044650050924,0.0,1.0881586318781342,0.27,0.06
3271,0.0181419581186663,0.0,0.0,0.0,0.0,0.0181419581186663,0.0,1.083384432373222,0.27,0.06
3272,0.0181419581186663,0.0,0.0,0.0,0.0,0.0181419581186663,0.0,1.0786102328683098,0.27,0.06
3273,0.013157903690461275,0.0,0.013157903690461275,0.0,0.0,0.0,0.0,1.0786102328683098,0.27,0.06
3274,0.013157903690461275,0.0,0.013157903690461659,0.0,0.0,0.0,0.0,1.0786102328683098,0.27,0.06
3275,0.010366833210666474,0.0,0.010366833210666471,0.0,0.0,3.469446951953614e-18,0.0,1.0786102328683098,0.27,0.06
3276,0.010366833210666474,0.0,0.010366833210666474,0.0,0.0,0.0,0.0,1.0786102328683098,0.27,0.06
3277,0.0179425959415381,0.0,0.0179425959415381,0.0,0.0,0.0,0.0,1.0786102328683098,0.27,0.06
3278,0.0179425959415381,0.0,0.0,-3.469446951953614e-18,0.0,0.017942595941538096,0.0,1.0738884970942209,0.27,0.06
3279,0.0177432337644099,0.0,0.0,0.0,0.0,0.0177432337644099,0.0,1.069219225050955,0.27,0.06
3280,0.0177432337644099,0.0,0.0,0.0,0.0,0.0177432337644099,0.0,1.0645499530076892,0.27,0.06
3281,0.019138769004307325,0.0,0.0,0.0,0.0,0.019138769004307325,0.0,1.059513434848661,0.27,0.06
3282,0.019138769004307325,0.0,0.019138769004307325,0.0,0.0,0.0,0.0,1.059513434848661,0.27,0.06
3283,0.019936217712820125,0.0,0.0,0.0,0.0,0.019936217712820125,0.0,1.0542670617663399,0.27,0.06
3284,0.019936217712820125,0.0,0.0,3.469446951953614e-18,0.0,0.01993621771282013,0.0,1.049020688684019,0.27,0.06
3285,0.010366833210666474,0.0,0.0,0.0,0.0,0.010366833210666474,0.0,1.046292574681212,0.27,0.06
3286,0.010366833210666474,0.0,0.010366833210666474,0.0,0.0,0.0,0.0,1.046292574681212,0.27,0.06
3287,0.012559817159076675,0.0,0.012559817159076675,0.0,0.0,0.0,0.0,1.046292574681212,0.27,0.06
3288,0.012559817159076675,0.0,0.012559817159076673,0.0,0.0,1.734723475976807e-18,0.0,1.046292574681212,0.27,0.06
3289,0.0155502498159997,0.0,0.0155502498159997,0.0,0.0,0.0,0.0,1.046292574681212,0.27,0.06
3290,0.0155502498159997,0.0,0.0155502498159997,0.0,0.0,0.0,0.0,1.046292574681212,0.27,0.06
3291,0.0167464228787689,0.0,0.0,0.0,0.0,0.0167464228787689,0.0,1.0418856212920622,0.27,0.06
3292,0.0167464228787689,0.0,0.0,0.0,0.0,0.0167464228787689,0.0,1.0374786679029124,0.27,0.06
3293,0.02272728819261495,0.0,0.0,3.469446951953614e-18,0.0,0.022727288192614954,0.0,1.0314978025890664,0.27,0.06
3294,0.02272728819261495,0.0,0.0,0.0,0.0,0.02272728819261495,0.0,1.0255169372752204,0.27,0.06
3295,0.0165470607016407,0.0,0.0,0.0,0.0,0.0165470607016407,0.0,1.021162447616894,0.27,0.06
3296,0.0165470607016407,0.0011431135989377309,0.0,0.0,0.0,0.015403947102702969,0.0,1.017108777326709,0.27,0.06
3297,0.010366833210666474,0.0017303264889954705,0.0,5.204170427930421e-18,0.0,0.00863650672167101,0.0,1.0148360123999534,0.27,0.06
3298,0.010366833210666474,0.0024840348215563403,0.007882798389110136,0.0,0.0,0.0,0.0,1.0148360123999534,0.27,0.06
3299,0.0171451472330253,0.005148001778687888,0.011997145454337412,0.0,0.0,0.0,0.0,1.0148360123999534,0.27,0.06
3300,0.0171451472330253,0.003825956957448225,0.013319190275577075,0.0,0.0,0.0,0.0,1.0148360123999534,0.27,0.06
3301,0.012161092804820275,0.004114296055279363,0.0,0.0,0.0,0.008046796749540912,0.0,1.012718434307969,0.27,0.06
3302,0.012161092804820275,0.004868349501758925,0.0,0.0,0.0,0.007292743303061349,0.0,1.0107992913334791,0.27,0.06
3303,0.0159489741702561,0.004473381034507276,0.0,0.0,0.0,0.011475593135748823,0.0,1.007779398403019,0.27,0.06
3304,0.0159489741702561,0.004688872801166922,0.0,0.0,0.0,0.011260101369089177,0.0,1.004816213832206,0.27,0.06
3305,0.02691389391230725,0.008612281349924302,0.0,0.0,0.0,0.018301612562382948,0.0,1.0,0.27,0.06
3306,0.02691389391230725,0.0286416784534175,0.0,1.3877787807814457e-16,0.0017277845411101111,0.0,0.0,1.0004103488285137,0.27,0.06
3307,0.0147528011074869,0.02952593786599344,0.0,1.3877787807814457e-17,0.014773136758506524,0.0,0.0,1.003918968808659,0.27,0.06
3308,0.0147528011074869,0.033911145502162385,0.0,0.0,0.019158344394675484,0.0,0.0,1.0084690756023944,0.27,0.06
3309,0.012360454981948476,0.046723610142174965,0.0,0.0,0.03436315516022649,0.0,0.0,1.0166303249529482,0.27,0.06
3310,0.012360454981948476,0.0660928732783824,0.0,0.0,0.05373241829643392,0.0,0.0,1.0293917742983512,0.27,0.06
3311,0.0165470607016407,0.08748315243639229,0.0,0.0,0.0709360917347516,0.0,0.0,1.0462390960853547,0.27,0.06
3312,0.0165470607016407,0.09571491939461939,0.0,0.0,0.07916785869297868,0.0,0.0,1.0650414625249371,0.27,0.06
3313,0.010566195387794675,0.06822805931594968,0.0,-1.942890293094024e-16,0.0576618639281552,0.0,0.0,1.078736155207874,0.27,0.06
3314,0.010566195387794675,0.05328133656213548,0.0,-1.3877787807814457e-16,0.04271514117434094,0.0,0.0,1.08888100123678,0.27,0.06
3315,0.0157496119931279,0.035507072718725455,0.0,0.0,0.019757460725597555,0.0,0.0,1.0935733981591094,0.27,0.06
3316,0.0157496119931279,0.043690350791784995,0.0,0.0,0.027940738798657095,0.0,0.0,1.1002093236237904,0.27,0.06
3317,0.02412282343251235,0.0812139736654391,0.0,4.3021142204224816e-16,0.057091150232926324,0.0,0.0,1.1137684718041105,0.27,0.06
3318,0.02412282343251235,0.11349050564795791,0.0,0.0,0.08936768221544557,0.0,0.0,1.1349932963302787,0.27,0.06
3319,0.0165470607016407,0.0908198863682461,0.0,0.0,0.0742728256666054,0.0,0.0,1.1526330924260975,0.27,0.06
3320,0.0165470607016407,0.07561051634455612,0.0,0.0,0.05906345564291542,0.0,0.0,1.16666066314129,0.27,0.06
3321,0.0147528011074869,0.06808621523455888,0.0,0.0,0.053333414127071974,0.0,0.0,1.1793273489964695,0.27,0.06
3322,0.0147528011074869,0.05792441573141969,0.0,8.326672684688674e-17,0.04317161462393271,0.0,0.0,1.1895806074696536,0.27,0.06
3323,0.0151515254617433,0.04179145868389881,0.0,0.0,0.026639933222155507,0.0,0.0,1.1959075916099156,0.27,0.06
3324,0.0151515254617433,0.0442336025289936,0.0,0.0,0.0290820770672503,0.0,0.0,1.2028145849133876,0.27,0.06
3325,0.011563006273435676,0.02300062798427599,0.0,0.0,0.011437621710840314,0.0,0.0,1.205531020069712,0.27,0.06
3326,0.011563006273435676,0.012795856426819721,0.0,0.0,0.0012328501533840457,0.0,0.0,1.2058238219811408,0.27,0.06
3327,0.0167464228787689,0.012338569677177839,0.0,0.0,0.0,0.00440785320159106,0.0,1.204663860612301,0.27,0.06
3328,0.0167464228787689,0.013916614142685921,0.0,0.0,0.0,0.002829808736082977,0.0,1.2039191741028055,0.27,0.06
3329,0.021730477306973923,0.016445798033926373,0.0,0.0,0.0,0.00528467927304755,0.0,1.2025284690309508,0.27,0.06
3330,0.021730477306973923,0.008297387539204799,0.0,0.0,0.0,0.013433089767769125,0.0,1.1989934454078537,0.27,0.06
3331,0.018939406827179126,0.00584910229538531,0.0,0.0,0.0,0.013090304531793816,0.0,1.1955486284258028,0.27,0.06
3332,0.018939406827179126,0.005411777851037219,0.0,0.0,0.0,0.013527628976141907,0.0,1.1919887260636601,0.27,0.06
3333,0.0177432337644099,0.004393345157437091,0.0,0.0,0.0,0.01334988860697281,0.0,1.188475597482878,0.27,0.06
3334,0.0177432337644099,0.004342777744211227,0.0,0.0,0.0,0.013400456020198674,0.0,1.184949161688089,0.27,0.06
3335,0.012559817159076675,0.0015775549586110765,0.0,0.0,0.0,0.010982262200465599,0.0,1.1820590926879664,0.27,0.06
3336,0.012559817159076675,0.00026507465333819145,0.0,0.0,0.0,0.012294742505738483,0.0,1.1788236341338247,0.27,0.06
3337,0.011164281919179274,0.0,0.0,0.0,0.0,0.011164281919179952,0.0,1.1758856652077248,0.27,0.06
3338,0.011164281919179274,0.0,0.0,0.0,0.0,0.011164281919179274,0.0,1.172947696281625,0.27,0.06
3339,0.020135579889948324,0.0,0.0,0.0,0.0,0.020135579889948324,0.0,1.1676488594684806,0.27,0.06
3340,0.020135579889948324,0.0,0.0,0.0,0.0,0.020135579889948324,0.0,1.1623500226553365,0.27,0.06
3341,0.02372409907825595,0.0,0.0,0.0,0.0,0.02372409907825595,0.0,1.1561068386873743,0.27,0.06
3342,0.02372409907825595,0.0,0.0,0.0,0.0,0.02372409907825595,0.0,1.149863654719412,0.27,0.06
3343,0.019138769004307325,0.0,0.0,0.0,0.0,0.019138769004307325,0.0,1.144827136560384,0.27,0.06
3344,0.019138769004307325,0.0,0.019138769004307325,0.0,0.0,0.0,0.0,1.144827136560384,0.27,0.06
3345,0.0157496119931279,0.0,0.0,0.0,0.0,0.0157496119931279,0.0,1.1406825018253501,0.27,0.06
3346,0.0157496119931279,0.0,0.0,0.0,0.0,0.0157496119931279,0.0,1.1365378670903166,0.27,0.06
3347,0.0175438715872817,0.0,0.0,0.0,0.0,0.0175438715872817,0.0,1.131921058777874,0.27,0.06
3348,0.0175438715872817,0.0,0.0175438715872817,0.0,0.0,0.0,0.0,1.131921058777874,0.27,0.06
3349,0.010566195387794675,0.0,0.0,0.0,0.0,0.010566195387794198,0.0,1.129140481044244,0.27,0.06
3350,0.010566195387794675,0.0,0.0,0.0,0.0,0.010566195387794675,0.0,1.1263599033106138,0.27,0.06
3351,0.013357265867589474,0.0,0.0,0.0,0.0,0.013357265867589474,0.0,1.1228448333454586,0.27,0.06
3352,0.013357265867589474,0.0,0.0,0.0,0.0,0.013357265867589474,0.0,1.1193297633803037,0.27,0.06
3353,0.0171451472330253,0.0,0.0,0.0,0.0,0.0171451472330253,0.0,1.1148178825295074,0.27,0.06
3354,0.0171451472330253,0.0,0.0171451472330253,0.0,0.0,0.0,0.0,1.1148178825295074,0.27,0.06
3355,0.019338131181435524,0.0,0.0,0.0,0.0,0.019338131181435524,0.0,1.109728900639656,0.27,0.06
3356,0.019338131181435524,0.0,0.0073312290944364394,0.0,0.0,0.012006902086999085,0.0,1.1065691895641299,0.27,0.06
3357,0.02292665036974315,0.0,0.0,0.0,0.0,0.02292665036974315,0.0,1.1005358605194604,0.27,0.06
3358,0.02292665036974315,0.0,0.0,0.0,0.0,0.02292665036974315,0.0,1.0945025314747912,0.27,0.06
3359,0.014154714576102276,0.0,0.0,0.0,0.0,0.014154714576102276,0.0,1.0907776065863433,0.27,0.06
3360,0.014154714576102276,0.0,0.0,0.0,0.0,0.014154714576102276,0.0,1.0870526816978954,0.27,0.06
3361,0.010566195387794675,0.0,0.0,0.0,0.0,0.010566195387794675,0.0,1.084272103964265,0.27,0.06
3362,0.010566195387794675,0.0,0.0,0.0,0.0,0.010566195387794675,0.0,1.0814915262306348,0.27,0.06
3363,0.0173445094101535,0.0,0.0,0.0,0.0,0.0173445094101535,0.0,1.0769271816490156,0.27,0.06
3364,0.0173445094101535,0.0,0.0,0.0,0.0,0.017344509410153402,0.0,1.0723628370673963,0.27,0.06
3365,0.011961730627692076,0.0,0.0,0.0,0.0,0.011961730627692076,0.0,1.0692150132180036,0.27,0.06
3366,0.011961730627692076,0.0,0.0,6.938893903907228e-18,0.0,0.011961730627692325,0.0,1.066067189368611,0.27,0.06
3367,0.0173445094101535,0.0,0.0,3.469446951953614e-18,0.0,0.017344509410153502,0.0,1.0615028447869916,0.27,0.06
3368,0.0173445094101535,0.0,0.0173445094101535,0.0,0.0,0.0,0.0,1.0615028447869916,0.27,0.06
3369,0.02651516955805075,0.0,0.02651516955805075,0.0,0.0,0.0,0.0,1.0615028447869916,0.27,0.06
3370,0.02651516955805075,0.0,0.02651516955805075,0.0,0.0,0.0,0.0,1.0615028447869916,0.27,0.06
3371,0.013357265867589474,0.0,0.0,0.0,0.0,0.013357265867589474,0.0,1.0579877748218365,0.27,0.06
3372,0.013357265867589474,0.0,0.0,0.0,0.0,0.013357265867589474,0.0,1.0544727048566813,0.27,0.06
3373,0.011164281919179274,0.0,0.0,0.0,0.0,0.011164281919179274,0.0,1.0515347359305816,0.27,0.06
3374,0.011164281919179274,0.0,0.0,0.0,0.0,0.011164281919179274,0.0,1.0485967670044818,0.27,0.06
3375,0.0173445094101535,0.0,0.0173445094101535,0.0,0.0,0.0,0.0,1.0485967670044818,0.27,0.06
3376,0.0173445094101535,0.0,0.0173445094101535,0.0,0.0,0.0,0.0,1.0485967670044818,0.27,0.06
3377,0.010366833210666474,0.0,0.0,0.0,0.0,0.010366833210666474,0.0,1.0458686530016748,0.27,0.06
3378,0.010366833210666474,0.0,0.010366833210666476,0.0,0.0,0.0,0.0,1.0458686530016748,0.27,0.06
3379,0.0149521632846151,0.0,0.0,3.469446951953614e-18,0.0,0.014952163284615103,0.0,1.041933873189934,0.27,0.06
3380,0.0149521632846151,0.0,0.0,0.0,0.0,0.0149521632846151,0.0,1.037999093378193,0.27,0.06
3381,0.02472090996389695,0.0,0.02472090996389695,0.0,0.0,0.0,0.0,1.037999093378193,0.27,0.06
3382,0.02472090996389695,0.0,0.02472090996389695,0.0,0.0,0.0,0.0,1.037999093378193,0.27,0.06
3383,0.0155502498159997,0.0,0.0,0.0,0.0,0.0155502498159997,0.0,1.0339069223739825,0.27,0.06
3384,0.0155502498159997,0.0,0.0,0.0,0.0,0.0155502498159997,0.0,1.0298147513697722,0.27,0.06
3385,0.012958541513333074,0.0,0.0,0.0,0.0,0.012958541513333074,0.0,1.0264046088662635,0.27,0.06
3386,0.012958541513333074,0.0,0.0,0.0,0.0,0.012958541513333074,0.0,1.0229944663627548,0.27,0.06
3387,0.0151515254617433,0.0,0.0151515254617433,0.0,0.0,0.0,0.0,1.0229944663627548,0.27,0.06
3388,0.0151515254617433,0.0,0.015151525461743297,0.0,0.0,3.469446951953614e-18,0.0,1.0229944663627548,0.27,0.06
3389,0.010366833210666474,0.0,0.010366833210666474,0.0,0.0,0.0,0.0,1.0229944663627548,0.27,0.06
3390,0.010366833210666474,0.0,0.010366833210666474,0.0,0.0,0.0,0.0,1.0229944663627548,0.27,0.06
3391,0.0153508876388715,5.241136038978392e-05,0.0,0.0,0.0,0.015298476278481715,0.0,1.018968551552628,0.27,0.06
3392,0.0153508876388715,0.0012562515180529487,0.0,0.0,0.0,0.01409463612081855,0.0,1.0152594367839916,0.27,0.06
3393,0.02292665036974315,0.0030412039754347388,0.01988544639430841,0.0,0.0,0.0,0.0,1.0152594367839916,0.27,0.06
3394,0.02292665036974315,0.0034654563659440086,0.01946119400379914,0.0,0.0,0.0,0.0,1.0152594367839916,0.27,0.06
3395,0.018740044650050924,0.0038748128568653634,0.0,0.0,0.0,0.01486523179318556,0.0,1.0113475336805218,0.27,0.06
3396,0.018740044650050924,0.008401576284344462,0.0,0.0,0.0,0.010338468365706462,0.0,1.008626884110599,0.27,0.06
3397,0.0167464228787689,0.00970079342590788,0.0,0.0,0.0,0.007045629452861019,0.0,1.0067727710966883,0.27,0.06
3398,0.0167464228787689,0.006572835089292127,0.0,0.0,0.0,0.010173587789476772,0.0,1.004095511152089,0.27,0.06
3399,0.012759179336204875,0.005239967076660932,0.0,0.0,0.0,0.007519212259543944,0.0,1.002116771083788,0.27,0.06
3400,0.012759179336204875,0.006563352284666921,0.0,0.0,0.0,0.006195827051537917,0.0,1.0004862902807516,0.27,0.06
3401,0.010964919742051075,0.009117016675194656,0.0,1.734723475976807e-18,0.0,0.0018479030668564211,0.0,0.9999999999999999,0.27,0.06
3402,0.010964919742051075,0.011437728960539352,0.0,0.0,0.0004728092184882772,0.0,0.0,1.0001122921893908,0.27,0.06
3403,0.018341320295794526,0.024561381713169007,0.0,-2.3592239273284576e-16,0.006220061417374717,0.0,0.0,1.0015895567760174,0.27,0.06
3404,0.018341320295794526,0.026170914139689777,0.0,-6.696032617270475e-16,0.007829593843895921,0.0,0.0,1.0034490853139426,0.27,0.06
3405,0.0167464228787689,0.05175586514858382,0.0,0.0,0.03500944226981492,0.0,0.0,1.0117638278530237,0.27,0.06
3406,0.0167464228787689,0.05567062227286742,0.0,-6.661338147750939e-16,0.03892419939409919,0.0,0.0,1.0210083252091222,0.27,0.06
3407,0.018740044650050924,0.06816450581182933,0.0,1.6653345369377348e-16,0.04942446116177823,0.0,0.0,1.0327466347350445,0.27,0.06
3408,0.018740044650050924,0.06340114722934703,0.0,0.0,0.044661102579296105,0.0,0.0,1.0433536465976272,0.27,0.06
3409,0.019936217712820125,0.05114932092791439,0.0,0.0,0.031213103215094264,0.0,0.0,1.0507667586112122,0.27,0.06
3410,0.019936217712820125,0.14203238663480997,0.0,0.0,0.12209616892198984,0.0,0.0,1.0797645987301847,0.27,0.06
3411,0.010366833210666474,0.03128276777258066,0.0,0.0,0.020915934561914186,0.0,0.0,1.0847321331886393,0.27,0.06
3412,0.010366833210666474,0.04601224973572998,0.0,-4.163336342344337e-16,0.03564541652506392,0.0,0.0,1.0931979196133421,0.27,0.06
3413,0.010765557564922874,0.06578488082807468,0.0,7.424616477180734e-16,0.055019323263151065,0.0,0.0,1.1062650088883406,0.27,0.06
3414,0.010765557564922874,0.09178683484431148,0.0,0.0,0.0810212772793886,0.0,0.0,1.1255075622421953,0.27,0.06
3415,0.018341320295794526,0.19049223443225033,0.0,0.0,0.1721509141364558,0.0,0.0,1.1663934043496036,0.27,0.06
3416,0.018341320295794526,0.16110868309462326,0.0,0.0,0.14276736279882873,0.0,0.0,1.2003006530143254,0.27,0.06
3417,0.0143540767532305,0.07832801954943645,0.0,-3.191891195797325e-16,0.06397394279620627,0.0,0.0,1.2154944644284245,0.27,0.06
3418,0.0143540767532305,0.0502394424181492,0.0,0.0,0.0358853656649187,0.0,0.0,1.2240172387738426,0.27,0.06
3419,0.020534304244204726,0.04056473502189293,0.0,0.0,0.020030430777688204,0.0,0.0,1.2287744660835436,0.27,0.06
3420,0.020534304244204726,0.045233969186847946,0.0,0.0,0.02469966494264322,0.0,0.0,1.2346406365074214,0.27,0.06
3421,0.02292665036974315,0.047823712184081664,0.0,0.0,0.024897061814338515,0.0,0.0,1.2405536886883268,0.27,0.06
3422,0.02292665036974315,0.03128251549171434,0.0,0.0,0.00835586512197119,0.0,0.0,1.242538206654795,0.27,0.06
3423,0.011363644096307475,0.012481910926684546,0.0,0.0,0.0011182668303770706,0.0,0.0,1.2428037950270094,0.27,0.06
3424,0.011363644096307475,0.00872668928602505,0.0,0.0,0.0,0.002636954810282425,0.0,1.2421098595506193,0.27,0.06
3425,0.012958541513333074,0.009429257374172446,0.0,0.0,0.0,0.003529284139160628,0.0,1.2411811005666298,0.27,0.06
3426,0.012958541513333074,0.013231505019967478,0.0,0.0,0.0002729635066344039,0.0,0.0,1.2412459293994555,0.27,0.06
3427,0.0169457850558971,0.01994019474102848,0.0,0.0,0.0029944096851313787,0.0,0.0,1.2419571016996742,0.27,0.06
3428,0.0169457850558971,0.007855799918677799,0.0,0.0,0.0,0.009089985137219302,0.0,1.2395650003477745,0.27,0.06
3429,0.011164281919179274,0.002770257528661625,0.0,0.0,0.0,0.008394024390517441,0.0,1.2373560465607962,0.27,0.06
3430,0.011164281919179274,0.001426748813759431,0.0,0.0,0.0,0.009737533105419843,0.0,1.2347935378488435,0.27,0.06
3431,0.021132390775589326,0.0014995357557648502,0.0,3.469446951953614e-18,0.0,0.01963285501982448,0.0,1.229626997054153,0.27,0.06
3432,0.021132390775589326,0.00036689667627728777,0.0,0.0,0.0,0.02076549409931204,0.0,1.2241623933438077,0.27,0.06
3433,0.02432218560964055,0.0,0.02432218560964055,0.0,0.0,0.0,0.0,1.2241623933438077,0.27,0.06
3434,0.02432218560964055,0.0,0.0,0.0,0.0,0.02432218560964055,0.0,1.217761818183376,0.27,0.06
3435,0.012559817159076675,0.0,0.0,0.0,0.0,0.012559817159076675,0.0,1.2144566031415138,0.27,0.06
3436,0.012559817159076675,0.0,0.0,1.734723475976807e-18,0.0,0.012559817159076676,0.0,1.2111513880996516,0.27,0.06
3437,0.014154714576102276,0.0,0.0,0.0,0.0,0.014154714576102276,0.0,1.2074264632112035,0.27,0.06
3438,0.014154714576102276,0.0,0.0,0.0,0.0,0.014154714576102276,0.0,1.2037015383227556,0.27,0.06
3439,0.0151515254617433,0.0,0.0,0.0,0.0,0.0151515254617433,0.0,1.1997142947801915,0.27,0.06
3440,0.0151515254617433,0.0,0.0,0.0,0.0,0.0151515254617433,0.0,1.1957270512376272,0.27,0.06
3441,0.010765557564922874,0.0,0.0,0.0,0.0,0.010765557564922874,0.0,1.192894009773174,0.27,0.06
3442,0.010765557564922874,0.0,0.0,0.0,0.0,0.010765557564922874,0.0,1.1900609683087207,0.27,0.06
3443,0.0163476985245125,0.0,0.0,0.0,0.0,0.0163476985245125,0.0,1.1857589423812174,0.27,0.06
3444,0.0163476985245125,0.0,0.0,0.0,0.0,0.0163476985245125,0.0,1.181456916453714,0.27,0.06
3445,0.02511963431815325,0.0,0.02511963431815325,0.0,0.0,0.0,0.0,1.181456916453714,0.27,0.06
3446,0.02511963431815325,0.0,0.02511963431815325,0.0,0.0,0.0,0.0,1.181456916453714,0.27,0.06
3447,0.018540682472922725,0.0,0.0,-2.42861286636753e-17,0.0,0.0185406824729227,0.0,1.1765777894871556,0.27,0.06
3448,0.018540682472922725,0.0,0.0,0.0,0.0,0.018540682472922725,0.0,1.171698662520597,0.27,0.06
3449,0.02452154778676875,0.0,0.0,0.0,0.0,0.02452154778676875,0.0,1.165245623629342,0.27,0.06
3450,0.02452154778676875,0.0,0.0,0.0,0.0,0.02452154778676875,0.0,1.158792584738087,0.27,0.06
3451,0.021531115129845724,0.0,0.0,0.0,0.0,0.021531115129845724,0.0,1.1531265018091803,0.27,0.06
3452,0.021531115129845724,0.0,0.0,0.0,0.0,0.021531115129845724,0.0,1.1474604188802735,0.27,0.06
3453,0.018540682472922725,0.0,0.0,0.0,0.0,0.018540682472922725,0.0,1.1425812919137148,0.27,0.06
3454,0.018540682472922725,0.0,0.0,0.0,0.0,0.018540682472922725,0.0,1.1377021649471564,0.27,0.06
3455,0.0173445094101535,0.0,0.0,0.0,0.0,0.0173445094101535,0.0,1.1331378203655371,0.27,0.06
3456,0.0173445094101535,0.0,0.0,0.0,0.0,0.0173445094101535,0.0,1.1285734757839179,0.27,0.06
3457,0.011961730627692076,0.0,0.0,0.0,0.0,0.011961730627692076,0.0,1.1254256519345252,0.27,0.06
3458,0.011961730627692076,0.0,0.0,0.0,0.0,0.011961730627692076,0.0,1.1222778280851324,0.27,0.06
3459,0.010566195387794675,0.0,0.0,0.0,0.0,0.010566195387794675,0.0,1.1194972503515024,0.27,0.06
3460,0.010566195387794675,0.0,0.0,0.0,0.0,0.010566195387794675,0.0,1.116716672617872,0.27,0.06
3461,0.0181419581186663,0.0,0.0,0.0,0.0,0.0181419581186663,0.0,1.11194247311296,0.27,0.06
3462,0.0181419581186663,0.0,0.0,0.0,0.0,0.0181419581186663,0.0,1.1071682736080477,0.27,0.06
3463,0.012559817159076675,0.0,0.0,0.0,0.0,0.012559817159077237,0.0,1.1038630585661853,0.27,0.06
3464,0.012559817159076675,0.0,0.0,0.0,0.0,0.012559817159076675,0.0,1.1005578435243228,0.27,0.06
3465,0.019338131181435524,0.0,0.0,0.0,0.0,0.019338131181435524,0.0,1.0954688616344714,0.27,0.06
3466,0.019338131181435524,0.0,0.0,0.0,0.0,0.019338131181435247,0.0,1.09037987974462,0.27,0.06
3467,0.0263158073809225,0.0,0.024775629799076448,0.0,0.0,0.0015401775818460507,0.0,1.0899745698546606,0.27,0.06
3468,0.0263158073809225,0.0,0.0,0.0,0.0,0.0263158073809225,0.0,1.0830493573859967,0.27,0.06
3469,0.010765557564922874,0.0,0.0,-1.734723475976807e-18,0.0,0.010765557564922873,0.0,1.0802163159215434,0.27,0.06
3470,0.010765557564922874,0.0,0.0,0.0,0.0,0.010765557564922874,0.0,1.0773832744570901,0.27,0.06
3471,0.011762368450563875,0.0,0.0,0.0,0.0,0.011762368450563875,0.0,1.0742879143385204,0.27,0.06
3472,0.011762368450563875,0.0,0.0,0.0,0.0,0.011762368450563875,0.0,1.0711925542199512,0.27,0.06
3473,0.0169457850558971,0.0,0.0,3.469446951953614e-18,0.0,0.016945785055897104,0.0,1.0667331370999782,0.27,0.06
3474,0.0169457850558971,0.0,0.0,0.0,0.0,0.0169457850558971,0.0,1.0622737199800054,0.27,0.06
3475,0.010366833210666474,0.0,0.0,1.734723475976807e-18,0.0,0.010366833210666476,0.0,1.0595456059771984,0.27,0.06
3476,0.010366833210666474,0.0,0.0,0.0,0.0,0.010366833210666474,0.0,1.0568174919743913,0.27,0.06
3477,0.0169457850558971,0.0,0.0,0.0,0.0,0.0169457850558971,0.0,1.0523580748544183,0.27,0.06
3478,0.0169457850558971,0.0,0.0169457850558971,0.0,0.0,0.0,0.0,1.0523580748544183,0.27,0.06
3479,0.02452154778676875,0.0,0.02452154778676875,0.0,0.0,0.0,0.0,1.0523580748544183,0.27,0.06
3480,0.02452154778676875,0.0,0.02452154778676875,0.0,0.0,0.0,0.0,1.0523580748544183,0.27,0.06
3481,0.0157496119931279,0.0,0.0,0.0,0.0,0.0157496119931279,0.0,1.0482134401193848,0.27,0.06
3482,0.0157496119931279,0.0,0.0,-3.469446951953614e-18,0.0,0.015749611993127896,0.0,1.0440688053843512,0.27,0.06
3483,0.012958541513333074,0.0,0.0,0.0,0.0,0.012958541513333074,0.0,1.0406586628808425,0.27,0.06
3484,0.012958541513333074,0.0,0.0,0.0,0.0,0.012958541513333074,0.0,1.0372485203773338,0.27,0.06
3485,0.0151515254617433,0.0,0.0,0.0,0.0,0.0151515254617433,0.0,1.0332612768347698,0.27,0.06
3486,0.0151515254617433,0.0,0.0,0.0,0.0,0.0151515254617433,0.0,1.0292740332922057,0.27,0.06
3487,0.010366833210666474,2.8432847600637523e-05,0.0,0.0,0.0,0.010338400363065837,0.0,1.0265534016177147,0.27,0.06
3488,0.010366833210666474,0.0007715102245135818,0.0,0.0,0.0,0.009595322986152892,0.0,1.0240283166213586,0.27,0.06
3489,0.0161483363473843,0.0010855494492789514,0.0,0.0,0.0,0.01506278689810503,0.0,1.0200644253323836,0.27,0.06
3490,0.0161483363473843,0.0019336943952678188,0.014214641952116483,0.0,0.0,0.0,0.0,1.0200644253323836,0.27,0.06
3491,0.0263158073809225,0.004508216632525506,0.0,0.0,0.0,0.021807590748396992,0.0,1.0143255856617528,0.27,0.06
3492,0.0263158073809225,0.009022907069786257,0.0,0.0,0.0,0.01729290031113624,0.0,1.00977482242198,0.27,0.06
3493,0.02332537472399955,0.010072303793574799,0.0,0.0,0.0,0.013253070930424752,0.0,1.0062871721771314,0.27,0.06
3494,0.02332537472399955,0.011472852660373201,0.0,0.0,0.0,0.01185252206362635,0.0,1.0031680874235456,0.27,0.06
3495,0.012958541513333074,0.009001627219527956,0.0,0.0,0.0,0.003956914293805118,0.0,1.0021267941883336,0.27,0.06
3496,0.012958541513333074,0.0048767235976650706,0.0,6.938893903907228e-18,0.0,0.008081817915668012,0.0,1.0,0.27,0.06
3497,0.0173445094101535,0.02922917508757237,0.0,-1.6653345369377348e-16,0.011884665677419037,0.0,0.0,1.002822608098387,0.27,0.06
3498,0.0173445094101535,0.029326666892283262,0.0,0.0,0.011982157482129763,0.0,0.0,1.005668370500393,0.27,0.06
3499,0.012559817159076675,0.029959296912941732,0.0,0.0,0.017399479753865056,0.0,0.0,1.009800746941936,0.27,0.06
3500,0.012559817159076675,0.039994254245892785,0.0,0.0,0.02743443708681611,0.0,0.0,1.0163164257500545,0.27,0.06
3501,0.010366833210666474,0.04007564004198775,0.0,0.0,0.029708806831321273,0.0,0.0,1.0233722673724934,0.27,0.06
3502,0.010366833210666474,0.0545532116798998,0.0,6.453171330633722e-16,0.04418637846923268,0.0,0.0,1.0338665322589362,0.27,0.06
3503,0.019936217712820125,0.1100399722804666,0.0,0.0,0.09010375456764647,0.0,0.0,1.055266173968752,0.27,0.06
3504,0.019936217712820125,0.0769861399711612,0.0,-7.494005416219807e-16,0.05704992225834182,0.0,0.0,1.0688155305051084,0.27,0.06
3505,0.018939406827179126,0.07893236087408145,0.0,-7.494005416219807e-16,0.05999295404690308,0.0,0.0,1.0830638570912479,0.27,0.06
3506,0.018939406827179126,0.08489188394729423,0.0,-9.71445146547012e-17,0.0659524771201152,0.0,0.0,1.0987275704072752,0.27,0.06
3507,0.0163476985245125,0.11986706831372397,0.0,0.0,0.10351936978921147,0.0,0.0,1.1233134207322129,0.27,0.06
3508,0.0163476985245125,0.09965496121799253,0.0,0.0,0.08330726269348003,0.0,0.0,1.1430988956219146,0.27,0.06
3509,0.0175438715872817,0.10866595631059602,0.0,0.0,0.09112208472331432,0.0,0.0,1.1647403907437017,0.27,0.06
3510,0.0175438715872817,0.15436663338158296,0.0,0.0,0.13682276179430125,0.0,0.0,1.1972357966698481,0.27,0.06
3511,0.011363644096307475,0.09647766932464771,0.0,0.0,0.08511402522834025,0.0,0.0,1.217450377661579,0.27,0.06
3512,0.011363644096307475,0.0456366147656873,0.0,0.0,0.03427297066937982,0.0,0.0,1.2255902081955568,0.27,0.06
3513,0.010964919742051075,0.04650922799367086,0.0,2.0122792321330962e-16,0.03554430825161958,0.0,0.0,1.2340319814053164,0.27,0.06
3514,0.010964919742051075,0.030266313888662997,0.0,0.0,0.019301394146611923,0.0,0.0,1.2386160625151368,0.27,0.06
3515,0.018740044650050924,0.01983653296070436,0.0,0.0,0.0010964883106534366,0.0,0.0,1.238876478488917,0.27,0.06
3516,0.018740044650050924,0.015789658080501666,0.0,0.0,0.0,0.0029503865695492577,0.0,1.2381000609706145,0.27,0.06
3517,0.0169457850558971,0.025672771886165364,0.0,-1.3183898417423734e-16,0.008726986830268395,0.0,0.0,1.2401727203428032,0.27,0.06
3518,0.0169457850558971,0.034514325781758226,0.0,0.0,0.017568540725861125,0.0,0.0,1.2443452487651954,0.27,0.06
3519,0.019936217712820125,0.03154085856343054,0.0,0.0,0.011604640850610418,0.0,0.0,1.2471013509672153,0.27,0.06
3520,0.019936217712820125,0.03585159402414531,0.0,0.0,0.015915376311325186,0.0,0.0,1.250881252841155,0.27,0.06
3521,0.021132390775589326,0.030229872826769845,0.0,5.238864897449957e-16,0.009097482051179995,0.0,0.0,1.2530419048283103,0.27,0.06
3522,0.021132390775589326,0.018631746415718808,0.0,0.0,0.0,0.0025006443598705186,0.0,1.2523838405230812,0.27,0.06
3523,0.011164281919179274,0.012143431770463328,0.0,1.6479873021779667e-16,0.0009791498512838892,0.0,0.0,1.2526163886127613,0.27,0.06
3524,0.011164281919179274,0.014859469563985291,0.0,0.0,0.0036951876448060167,0.0,0.0,1.2534939956784026,0.27,0.06
3525,0.011164281919179274,0.003261324466200344,0.0,-2.42861286636753e-17,0.0,0.007902957452978907,0.0,1.2514142700328816,0.27,0.06
3526,0.011164281919179274,0.004411591027293602,0.0,0.0,0.0,0.0067526908918856725,0.0,1.2496372461139644,0.27,0.06
3527,0.018540682472922725,0.002023264754056638,0.0,0.0,0.0,0.016517417718866088,0.0,1.2452905572405786,0.27,0.06
3528,0.018540682472922725,0.0009339811436193485,0.0,0.0,0.0,0.017606701329303375,0.0,1.2406572147854988,0.27,0.06
3529,0.011363644096307475,0.0001651846219152637,0.0,0.0,0.0,0.011198459474392212,0.0,1.237710251765922,0.27,0.06
3530,0.011363644096307475,0.0,0.0,0.0,0.0,0.011363644096307475,0.0,1.234719819108999,0.27,0.06
3531,0.019736855535691926,0.0,0.0,0.0,0.0,0.019736855535691957,0.0,1.229525909757501,0.27,0.06
3532,0.019736855535691926,0.0,0.0,0.0,0.0,0.019736855535691926,0.0,1.2243320004060032,0.27,0.06
3533,0.02611644520379425,0.0,0.0,0.0,0.0,0.02611644520379425,0.0,1.2174592516681626,0.27,0.06
3534,0.02611644520379425,0.0,-1.0408340855860843e-17,0.0,0.0,0.02611644520379426,0.0,1.210586502930322,0.27,0.06
3535,0.011961730627692076,0.0,0.0,0.0,0.0,0.011961730627692076,0.0,1.2074386790809295,0.27,0.06
3536,0.011961730627692076,0.0,0.0,0.0,0.0,0.011961730627692076,0.0,1.2042908552315368,0.27,0.06
3537,0.011762368450563875,0.0,0.0,0.0,0.0,0.011762368450563875,0.0,1.2011954951129673,0.27,0.06
3538,0.011762368450563875,0.0,0.0,0.0,0.0,0.011762368450563875,0.0,1.1981001349943978,0.27,0.06
3539,0.0173445094101535,0.0,0.0,0.0,0.0,0.0173445094101535,0.0,1.1935357904127786,0.27,0.06
3540,0.0173445094101535,0.0,0.0,0.0,0.0,0.0173445094101535,0.0,1.1889714458311593,0.27,0.06
3541,0.010566195387794675,0.0,0.0,0.0,0.0,0.010566195387794675,0.0,1.186190868097529,0.27,0.06
3542,0.010566195387794675,0.0,0.0,0.0,0.0,0.010566195387794675,0.0,1.183410290363899,0.27,0.06
3543,0.013157903690461275,0.0,0.0,0.0,0.0,0.013157903690461275,0.0,1.179947684129567,0.27,0.06
3544,0.013157903690461275,0.0,0.0,0.0,0.0,0.013157903690461275,0.0,1.1764850778952352,0.27,0.06
3545,0.0253189964952815,0.0,0.0,-3.469446951953614e-18,0.0,0.025318996495281496,0.0,1.1698221840806873,0.27,0.06
3546,0.0253189964952815,0.0,0.0,0.0,0.0,0.0253189964952815,0.0,1.1631592902661396,0.27,0.06
3547,0.018740044650050924,0.0,0.0,0.0,0.0,0.018740044650050924,0.0,1.158227699568758,0.27,0.06
3548,0.018740044650050924,0.0,0.0,0.0,0.0,0.018740044650050924,0.0,1.153296108871376,0.27,0.06
3549,0.013556628044717675,0.0,0.0,0.0,0.0,0.013556628044717675,0.0,1.1497285751753976,0.27,0.06
3550,0.013556628044717675,0.0,0.0,0.0,0.0,0.013556628044717675,0.0,1.1461610414794192,0.27,0.06
3551,0.0157496119931279,0.0,0.0,0.0,0.0,0.0157496119931279,0.0,1.1420164067443856,0.27,0.06
3552,0.0157496119931279,0.0,0.0,0.0,0.0,0.0157496119931279,0.0,1.137871772009352,0.27,0.06
3553,0.010566195387794675,0.0,0.0,0.0,0.0,0.010566195387794675,0.0,1.1350911942757218,0.27,0.06
3554,0.010566195387794675,0.0,0.0,0.0,0.0,0.010566195387794675,0.0,1.1323106165420915,0.27,0.06
3555,0.014154714576102276,0.0,0.0,0.0,0.0,0.014154714576102276,0.0,1.1285856916536436,0.27,0.06
3556,0.014154714576102276,0.0,0.0,0.0,0.0,0.014154714576102276,0.0,1.1248607667651955,0.27,0.06
3557,0.019138769004307325,0.0,0.0,0.0,0.0,0.019138769004307325,0.0,1.1198242486061671,0.27,0.06
3558,0.019138769004307325,0.0,0.0,0.0,0.0,0.019138769004307325,0.0,1.114787730447139,0.27,0.06
3559,0.019138769004307325,0.0,0.0,0.0,0.0,0.019138769004307325,0.0,1.1097512122881108,0.27,0.06
3560,0.019138769004307325,0.0,0.0,-3.469446951953614e-18,0.0,0.019138769004307322,0.0,1.1047146941290826,0.27,0.06
3561,0.021132390775589326,0.0,0.0,0.0,0.0,0.021132390775589326,0.0,1.0991535386618223,0.27,0.06
3562,0.021132390775589326,0.0,0.0,0.0,0.0,0.021132390775589326,0.0,1.093592383194562,0.27,0.06
3563,0.013556628044717675,0.0,0.0,0.0,0.0,0.013556628044717675,0.0,1.0900248494985836,0.27,0.06
3564,0.013556628044717675,0.0,0.0,0.0,0.0,0.013556628044717675,0.0,1.0864573158026052,0.27,0.06
3565,0.010566195387794675,0.0,0.0,0.0,0.0,0.010566195387795041,0.0,1.083676738068975,0.27,0.06
3566,0.010566195387794675,0.0,0.0,0.0,0.0,0.010566195387794675,0.0,1.0808961603353446,0.27,0.06
3567,0.0163476985245125,0.0,0.0,0.0,0.0,0.0163476985245125,0.0,1.0765941344078414,0.27,0.06
3568,0.0163476985245125,0.0,0.0,0.0,0.0,0.0163476985245125,0.0,1.072292108480338,0.27,0.06
3569,0.011961730627692076,0.0,0.0,0.0,0.0,0.011961730627692076,0.0,1.0691442846309456,0.27,0.06
3570,0.011961730627692076,0.0,0.0,0.0,0.0,0.011961730627692076,0.0,1.0659964607815529,0.27,0.06
3571,0.0181419581186663,0.0,0.0,0.0,0.0,0.0181419581186663,0.0,1.0612222612766407,0.27,0.06
3572,0.0181419581186663,0.0,0.0,1.3877787807814457e-17,0.0,0.018141958118666313,0.0,1.0564480617717285,0.27,0.06
3573,0.02511963431815325,0.0,0.0,0.0,0.0,0.02511963431815325,0.0,1.049837631688004,0.27,0.06
3574,0.02511963431815325,0.0,0.018616341382758448,0.0,0.0,0.006503292935394801,0.0,1.0481262388102686,0.27,0.06
3575,0.013157903690461275,0.0,0.0,0.0,0.0,0.013157903690461275,0.0,1.0446636325759366,0.27,0.06
3576,0.013157903690461275,0.0,0.0,0.0,0.0,0.013157903690461275,0.0,1.0412010263416047,0.27,0.06
3577,0.010167471033538275,0.0,0.0,0.0,0.0,0.010167471033538275,0.0,1.038525376069621,0.27,0.06
3578,0.010167471033538275,0.0,0.0,0.0,0.0,0.010167471033538275,0.0,1.0358497257976371,0.27,0.06
3579,0.0173445094101535,0.0,0.0,0.0,0.0,0.0173445094101535,0.0,1.0312853812160179,0.27,0.06
3580,0.0173445094101535,0.0,0.0,0.0,0.0,0.0173445094101535,0.0,1.0267210366343986,0.27,0.06
3581,0.010765557564922874,0.0,0.0,0.0,0.0,0.010765557564922874,0.0,1.023887995169945,0.27,0.06
3582,0.010765557564922874,0.0,0.0,1.734723475976807e-18,0.0,0.010765557564922876,0.0,1.0210549537054918,0.27,0.06
3583,0.0145534389303587,0.0,0.0,0.0,0.0,0.0145534389303587,0.0,1.0172251013553977,0.27,0.06
3584,0.0145534389303587,0.0005855673494101348,0.0,-1.734723475976807e-18,0.0,0.013967871580948563,0.0,1.0135493456762006,0.27,0.06
3585,0.0263158073809225,0.001963273437288559,0.0,0.0,0.0,0.02435253394363394,0.0,1.0071407841120863,0.27,0.06
3586,0.0263158073809225,0.004236489651693104,0.022079317729229393,0.0,0.0,0.0,0.0,1.0071407841120863,0.27,0.06
3587,0.0151515254617433,0.0039141664871990296,0.0,0.0,0.0,0.011237358974544271,0.0,1.004183584381943,0.27,0.06
3588,0.0151515254617433,0.004861681171668314,0.0,0.0,0.0,0.010289844290074988,0.0,1.001475730621397,0.27,0.06
3589,0.011961730627692076,0.007968761617174478,0.0,0.0,0.0,0.003992969010517598,0.0,1.0004249493028399,0.27,0.06
3590,0.011961730627692076,0.010570390878753616,0.0,0.0,0.0,0.00139133974893846,0.0,1.0000588072636454,0.27,0.06
3591,0.0175438715872817,0.017320403985429188,0.0,0.0,0.0,0.00022346760185251377,0.0,1.0,0.27,0.06
3592,0.0175438715872817,0.027989772152957233,0.0,-5.793976409762536e-16,0.010445900565676111,0.0,0.0,1.002480901384348,0.27,0.06
3593,0.010765557564922874,0.02404695131798685,0.0,0.0,0.013281393753063975,0.0,0.0,1.0056352324007007,0.27,0.06
3594,0.010765557564922874,0.025539896435036943,0.0,0.0,0.014774338870114069,0.0,0.0,1.009144137882353,0.27,0.06
3595,0.0145534389303587,0.04008892526377405,0.0,0.0,0.025535486333415347,0.0,0.0,1.015208815886539,0.27,0.06
3596,0.0145534389303587,0.045351380570492185,0.0,0.0,0.030797941640133483,0.0,0.0,1.0225233270260707,0.27,0.06
3597,0.02452154778676875,0.07802986538035615,0.0,-3.608224830031759e-16,0.05350831759358776,0.0,0.0,1.035231552454548,0.27,0.06
3598,0.02452154778676875,0.03860313853898304,0.0,0.0,0.014081590752214292,0.0,0.0,1.0385759302581987,0.27,0.06
3599,0.0175438715872817,0.02330421788229291,0.0,0.0,0.005760346295011209,0.0,0.0,1.039944012503264,0.27,0.06
3600,0.0175438715872817,0.02254282404628923,0.0,0.0,0.004998952459007527,0.0,0.0,1.0411312637122783,0.27,0.06
3601,0.012759179336204875,0.03116983181683962,0.0,0.0,0.018410652480634743,0.0,0.0,1.045503793676429,0.27,0.06
3602,0.012759179336204875,0.025430606487584804,0.0,0.0,0.012671427151379928,0.0,0.0,1.0485132576248817,0.27,0.06
3603,0.0151515254617433,0.030424298368125297,0.0,0.0,0.015272772906381996,0.0,0.0,1.0521405411901474,0.27,0.06
3604,0.0151515254617433,0.05748188110916932,0.0,8.326672684688674e-17,0.04233035564742593,0.0,0.0,1.062194000656411,0.27,0.06
3605,0.010566195387794675,0.05175678411010814,0.0,-3.885780586188048e-16,0.04119058872231385,0.0,0.0,1.0719767654779606,0.27,0.06
3606,0.010566195387794675,0.01902905074141409,0.0,6.210310043996969e-16,0.008462855353618792,0.0,0.0,1.073986693624445,0.27,0.06
3607,0.013556628044717675,0.021924224588525047,0.0,-5.48172618408671e-16,0.00836759654380792,0.0,0.0,1.0759739978035994,0.27,0.06
3608,0.013556628044717675,0.018108250768760877,0.0,-8.777700788442644e-16,0.00455162272404408,0.0,0.0,1.0770550082005599,0.27,0.06
3609,0.02212920166123035,0.05340086659786307,0.0,0.0,0.03127166493663272,0.0,0.0,1.0844820286230101,0.27,0.06
3610,0.02212920166123035,0.09168735860343966,0.0,0.0,0.0695581569422093,0.0,0.0,1.1010020908967848,0.27,0.06
3611,0.019537493358563723,0.07251911747402008,0.0,2.0816681711721685e-16,0.05298162411545615,0.0,0.0,1.1135852266242057,0.27,0.06
3612,0.019537493358563723,0.049669915197232586,0.0,0.0,0.030132421838668863,0.0,0.0,1.1207416768108895,0.27,0.06
3613,0.0179425959415381,0.039152428769134516,0.0,0.0,0.021209832827596416,0.0,0.0,1.1257790121074438,0.27,0.06
3614,0.0179425959415381,0.03468901973674245,0.0,0.0,0.016746423795204354,0.0,0.0,1.1297562877588048,0.27,0.06
3615,0.0151515254617433,0.016091616388310255,0.0,0.0,0.0009400909265669544,0.0,0.0,1.1299795593538644,0.27,0.06
3616,0.0151515254617433,0.012810883406402232,0.0,0.0,0.0,0.002340642055341069,0.0,1.1293636009182484,0.27,0.06
3617,0.011164281919179274,0.015205364541614589,0.0,0.0,0.004041082622435315,0.0,0.0,1.1303233580410768,0.27,0.06
3618,0.011164281919179274,0.016660068053829843,0.0,0.0,0.005495786134650569,0.0,0.0,1.1316286072480564,0.27,0.06
3619,0.0163476985245125,0.016519425730059958,0.0,0.0,0.00017172720554745752,0.0,0.0,1.131669392459374,0.27,0.06
3620,0.0163476985245125,0.013923938362357046,0.0,0.0,0.0,0.0024237601621554545,0.0,1.1310315608377541,0.27,0.06
3621,0.0149521632846151,0.0,0.0,0.0,0.0,0.0149521632846151,0.0,1.1270967810260133,0.27,0.06
3622,0.0149521632846151,0.0,0.0,0.0,0.0,0.0149521632846151,0.0,1.1231620012142725,0.27,0.06
3623,0.019537493358563723,0.0,0.0,0.0,0.0,0.019537493358563723,0.0,1.1180205555935978,0.27,0.06
3624,0.019537493358563723,0.0,0.0,0.0,0.0,0.019537493358563723,0.0,1.1128791099729232,0.27,0.06
3625,0.02232856383835855,0.0,0.02232856383835855,0.0,0.0,0.0,0.0,1.1128791099729232,0.27,0.06
3626,0.02232856383835855,0.0,0.011051707024831724,0.0,0.0,0.011276856813526824,0.0,1.1099115160746267,0.27,0.06
3627,0.013357265867589474,0.0,0.0,0.0,0.0,0.013357265867589474,0.0,1.1063964461094715,0.27,0.06
3628,0.013357265867589474,0.0,0.0,0.0,0.0,0.013357265867589474,0.0,1.1028813761443164,0.27,0.06
3629,0.010566195387794675,0.0,0.0,0.0,0.0,0.010566195387794675,0.0,1.100100798410686,0.27,0.06
3630,0.010566195387794675,0.0,0.0,0.0,0.0,0.010566195387794675,0.0,1.097320220677056,0.27,0.06
3631,0.0167464228787689,0.0,0.0,0.0,0.0,0.0167464228787689,0.0,1.0929132672879063,0.27,0.06
3632,0.0167464228787689,0.0,0.0,0.0,0.0,0.0167464228787689,0.0,1.0885063138987565,0.27,0.06
3633,0.012161092804820275,0.0,0.0,0.0,0.0,0.012161092804820275,0.0,1.0853060263185406,0.27,0.06
3634,0.012161092804820275,0.0,0.0,0.0,0.0,0.012161092804820275,0.0,1.0821057387383248,0.27,0.06
3635,0.0167464228787689,0.0,0.0,1.734723475976807e-18,0.0,0.016746422878768902,0.0,1.077698785349175,0.27,0.06
3636,0.0167464228787689,0.0,0.0,0.0,0.0,0.0167464228787689,0.0,1.0732918319600255,0.27,0.06
3637,0.0253189964952815,0.0,0.0253189964952815,0.0,0.0,0.0,0.0,1.0732918319600255,0.27,0.06
3638,0.0253189964952815,0.0,0.025318996495281507,0.0,0.0,-6.938893903907228e-18,0.0,1.0732918319600255,0.27,0.06
3639,0.0145534389303587,0.0,0.0,0.0,0.0,0.0145534389303587,0.0,1.0694619796099312,0.27,0.06
3640,0.0145534389303587,0.0,0.0,0.0,0.0,0.0145534389303587,0.0,1.0656321272598368,0.27,0.06
3641,0.010566195387794675,0.0,0.0,0.0,0.0,0.010566195387794675,0.0,1.0628515495262065,0.27,0.06
3642,0.010566195387794675,0.0,0.0,0.0,0.0,0.010566195387794675,0.0,1.0600709717925763,0.27,0.06
3643,0.020334942067076527,0.0,0.020334942067076527,0.0,0.0,0.0,0.0,1.0600709717925763,0.27,0.06
3644,0.020334942067076527,0.0,0.0,0.0,0.0,0.020334942067076527,0.0,1.0547196712486089,0.27,0.06
3645,0.018939406827179126,0.0,0.0,0.0,0.0,0.018939406827179126,0.0,1.049735616820404,0.27,0.06
3646,0.018939406827179126,0.0,0.0,0.0,0.0,0.018939406827179126,0.0,1.044751562392199,0.27,0.06
3647,0.0137559902218459,0.0,0.0,0.0,0.0,0.0137559902218459,0.0,1.0411315649653974,0.27,0.06
3648,0.0137559902218459,0.0,0.0,0.0,0.0,0.0137559902218459,0.0,1.0375115675385957,0.27,0.06
3649,0.020733666421332925,0.0,0.020733666421332925,0.0,0.0,0.0,0.0,1.0375115675385957,0.27,0.06
3650,0.020733666421332925,0.0,0.020733666421332925,0.0,0.0,0.0,0.0,1.0375115675385957,0.27,0.06
3651,0.02372409907825595,0.0,0.02372409907825595,0.0,0.0,0.0,0.0,1.0375115675385957,0.27,0.06
3652,0.02372409907825595,0.0,0.02372409907825595,0.0,0.0,0.0,0.0,1.0375115675385957,0.27,0.06
3653,0.010566195387794675,0.0,0.0,0.0,0.0,0.010566195387795041,0.0,1.0347309898049655,0.27,0.06
3654,0.010566195387794675,0.0,0.010566195387794672,0.0,0.0,3.469446951953614e-18,0.0,1.0347309898049655,0.27,0.06
3655,0.0137559902218459,0.0,0.0137559902218459,0.0,0.0,0.0,0.0,1.0347309898049655,0.27,0.06
3656,0.0137559902218459,0.0,0.0137559902218459,0.0,0.0,0.0,0.0,1.0347309898049655,0.27,0.06
3657,0.0155502498159997,0.0,0.015550249815999697,0.0,0.0,3.469446951953614e-18,0.0,1.0347309898049655,0.27,0.06
3658,0.0155502498159997,0.0,0.0,0.0,0.0,0.0155502498159997,0.0,1.0306388188007551,0.27,0.06
3659,0.010964919742051075,0.0,0.0,1.734723475976807e-18,0.0,0.010964919742051077,0.0,1.0277533136054784,0.27,0.06
3660,0.010964919742051075,0.0,0.0,0.0,0.0,0.010964919742051075,0.0,1.0248678084102019,0.27,0.06
3661,0.02432218560964055,0.0,0.02432218560964055,0.0,0.0,0.0,0.0,1.0248678084102019,0.27,0.06
3662,0.02432218560964055,0.0,0.02432218560964055,0.0,0.0,0.0,0.0,1.0248678084102019,0.27,0.06
3663,0.021730477306973923,0.0,0.021730477306973923,0.0,0.0,0.0,0.0,1.0248678084102019,0.27,0.06
3664,0.021730477306973923,0.0,0.021730477306973923,0.0,0.0,0.0,0.0,1.0248678084102019,0.27,0.06
3665,0.010964919742051075,0.0,0.0,0.0,0.0,0.010964919742051075,0.0,1.0219823032149253,0.27,0.06
3666,0.010964919742051075,0.0,0.010964919742051075,0.0,0.0,0.0,0.0,1.0219823032149253,0.27,0.06
3667,0.0167464228787689,0.0,0.0167464228787689,0.0,0.0,0.0,0.0,1.0219823032149253,0.27,0.06
3668,0.0167464228787689,0.0,0.016746422878768902,0.0,0.0,-3.469446951953614e-18,0.0,1.0219823032149253,0.27,0.06
3669,0.011762368450563875,0.0,0.011762368450563875,0.0,0.0,0.0,0.0,1.0219823032149253,0.27,0.06
3670,0.011762368450563875,0.0,0.011762368450563887,0.0,0.0,0.0,0.0,1.0219823032149253,0.27,0.06
3671,0.010366833210666474,0.0,0.0,0.0,0.0,0.010366833210666474,0.0,1.0192541892121185,0.27,0.06
3672,0.010366833210666474,0.0,0.0,0.0,0.0,0.010366833210666474,0.0,1.0165260752093115,0.27,0.06
3673,0.02492027214102515,0.0,0.02492027214102515,0.0,0.0,0.0,0.0,1.0165260752093115,0.27,0.06
3674,0.02492027214102515,0.0,0.02492027214102515,0.0,0.0,0.0,0.0,1.0165260752093115,0.27,0.06
3675,0.018540682472922725,0.0,0.0,0.0,0.0,0.018540682472922725,0.0,1.0116469482427528,0.27,0.06
3676,0.018540682472922725,0.0,0.018540682472922725,0.0,0.0,0.0,0.0,1.0116469482427528,0.27,0.06
3677,0.012759179336204875,0.0,0.0,0.0,0.0,0.012759179336204875,0.0,1.0082892694700674,0.27,0.06
3678,0.012759179336204875,0.0,0.0,0.0,0.0,0.012759179336204875,0.0,1.004931590697382,0.27,0.06
3679,0.0181419581186663,0.0,0.0181419581186663,0.0,0.0,0.0,0.0,1.004931590697382,0.27,0.06
3680,0.0181419581186663,0.0,0.0181419581186663,0.0,0.0,0.0,0.0,1.004931590697382,0.27,0.06
3681,0.010566195387794675,0.0,0.010566195387794675,0.0,0.0,0.0,0.0,1.004931590697382,0.27,0.06
3682,0.010566195387794675,0.0,0.010566195387794675,0.0,0.0,0.0,0.0,1.004931590697382,0.27,0.06
3683,0.012360454981948476,0.0,0.012360454981948474,0.0,0.0,1.734723475976807e-18,0.0,1.004931590697382,0.27,0.06
3684,0.012360454981948476,0.0,0.012360454981948476,0.0,0.0,0.0,0.0,1.004931590697382,0.27,0.06
3685,0.02192983948410215,0.0,0.02192983948410215,0.0,0.0,0.0,0.0,1.004931590697382,0.27,0.06
3686,0.02192983948410215,0.0,0.02192983948410215,0.0,0.0,0.0,0.0,1.004931590697382,0.27,0.06
3687,0.019338131181435524,0.0,0.019338131181435524,0.0,0.0,0.0,0.0,1.004931590697382,0.27,0.06
3688,0.019338131181435524,0.0,0.019338131181435524,0.0,0.0,0.0,0.0,1.004931590697382,0.27,0.06
3689,0.018740044650050924,0.0,0.0,0.0,0.0,0.018740044650050924,0.0,1.0,0.27,0.06
3690,0.018740044650050924,0.0,0.018740044650050924,0.0,0.0,0.0,0.0,1.0,0.27,0.06
3691,0.0151515254617433,0.0,0.0151515254617433,0.0,0.0,0.0,0.0,1.0,0.27,0.06
3692,0.0151515254617433,0.0,0.0151515254617433,0.0,0.0,0.0,0.0,1.0,0.27,0.06
3693,0.010366833210666474,0.0,0.010366833210666473,0.0,0.0,1.734723475976807e-18,0.0,1.0,0.27,0.06
3694,0.010366833210666474,0.0,0.010366833210666474,0.0,0.0,0.0,0.0,1.0,0.27,0.06
3695,0.0151515254617433,0.0,0.0151515254617433,0.0,0.0,0.0,0.0,1.0,0.27,0.06
3696,0.0151515254617433,0.0,0.0151515254617433,0.0,0.0,0.0,0.0,1.0,0.27,0.06
3697,0.0155502498159997,0.04836646257455291,0.0,-1.3877787807814457e-17,0.032816212758553225,0.0,0.0,1.0077938505301565,0.27,0.06
3698,0.0155502498159997,0.050043967762993836,0.0,0.0,0.034493717946994136,0.0,0.0,1.0159861085425674,0.27,0.06
3699,0.018740044650050924,0.08098244032886596,0.0,-3.608224830031759e-16,0.0622423956788154,0.0,0.0,1.030768677516286,0.27,0.06
3700,0.018740044650050924,0.07071387060780616,0.0,0.0,0.05197382595775524,0.0,0.0,1.043112461181253,0.27,0.06
3701,0.02212920166123035,0.16974892051023377,0.0,0.0,0.14761971884900343,0.0,0.0,1.0781721444078913,0.27,0.06
3702,0.02212920166123035,0.17600503762994152,0.0,0.0,0.15387583596871118,0.0,0.0,1.1147176554504603,0.27,0.06
3703,0.0139553523989741,0.08979072140620632,0.0,0.0,0.07583536900723223,0.0,0.0,1.1327285555896778,0.27,0.06
3704,0.0139553523989741,0.13827376753233295,0.0,0.0,0.12431841513335885,0.0,0.0,1.1622541791838505,0.27,0.06
3705,0.011164281919179274,0.037387630378582205,0.0,0.0,0.026223348459402933,0.0,0.0,1.1684822244429587,0.27,0.06
3706,0.011164281919179274,0.015951164538524604,0.0,0.0,0.0047868826193453295,0.0,0.0,1.1696191090650532,0.27,0.06
3707,0.0179425959415381,0.03465816329452762,0.0,0.0,0.016715567352989524,0.0,0.0,1.1735890563113882,0.27,0.06
3708,0.0179425959415381,0.0554454400395902,0.0,2.7755575615628914e-16,0.037502844098051824,0.0,0.0,1.1824959817846754,0.27,0.06
3709,0.012559817159076675,0.04415911557995087,0.0,0.0,0.031599298420874194,0.0,0.0,1.190000815159633,0.27,0.06
3710,0.012559817159076675,0.020630619626111395,0.0,-3.452099717193846e-16,0.008070802467035065,0.0,0.0,1.191917630745554,0.27,0.06
3711,0.020135579889948324,0.04003748918131633,0.0,0.0,0.01990190929136801,0.0,0.0,1.196644334202254,0.27,0.06
3712,0.020135579889948324,0.042909634877409876,0.0,0.0,0.022774054987461552,0.0,0.0,1.202053172261776,0.27,0.06
3713,0.02691389391230725,0.031420373105428175,0.0,0.0,0.004506479193120926,0.0,0.0,1.2031234610701422,0.27,0.06
3714,0.02691389391230725,0.022566016913632442,0.0,-8.673617379884035e-19,0.0,0.004347876998674806,0.0,1.2019792829125961,0.27,0.06
3715,0.011961730627692076,0.008838422996840355,0.0,0.0,0.0,0.0031233076308517203,0.0,1.2011573598518457,0.27,0.06
3716,0.011961730627692076,0.005823424348930766,0.0,0.0,0.0,0.00613830627876131,0.0,1.199542016094277,0.27,0.06
3717,0.011762368450563875,0.0016633166246489207,0.0,0.0,0.0,0.01009905182591444,0.0,1.196884370876931,0.27,0.06
3718,0.011762368450563875,0.0011765809468001287,0.0,0.0,0.0,0.010585787503763745,0.0,1.194098637323309,0.27,0.06
3719,0.0179425959415381,0.0005569186123229806,0.0,0.0,0.0,0.01738567732921512,0.0,1.1895234590787787,0.27,0.06
3720,0.0179425959415381,0.0,0.0,0.0,0.0,0.0179425959415381,0.0,1.1848017233046897,0.27,0.06
3721,0.011363644096307475,0.0,0.0,0.0,0.0,0.01136364409630738,0.0,1.1818112906477667,0.27,0.06
3722,0.011363644096307475,0.0,0.0,0.0,0.0,0.011363644096307475,0.0,1.1788208579908437,0.27,0.06
3723,0.018540682472922725,0.0,0.0,0.0,0.0,0.018540682472922725,0.0,1.173941731024285,0.27,0.06
3724,0.018540682472922725,0.0,0.0,0.0,0.0,0.018540682472922725,0.0,1.1690626040577266,0.27,0.06
3725,0.02492027214102515,0.0,0.020053997990953927,0.0,0.0,0.004866274150071223,0.0,1.1677820055971815,0.27,0.06
3726,0.02492027214102515,0.0,0.0,0.0,0.0,0.02492027214102515,0.0,1.16122403924428,0.27,0.06
3727,0.0139553523989741,0.0,0.0,1.734723475976807e-18,0.0,0.013955352398974101,0.0,1.1575515780866554,0.27,0.06
3728,0.0139553523989741,0.0,0.0,0.0,0.0,0.0139553523989741,0.0,1.1538791169290306,0.27,0.06
3729,0.0139553523989741,0.0,0.0,0.0,0.0,0.0139553523989741,0.0,1.1502066557714057,0.27,0.06
3730,0.0139553523989741,0.0,0.0,0.0,0.0,0.0139553523989741,0.0,1.146534194613781,0.27,0.06
3731,0.0151515254617433,0.0,0.0,0.0,0.0,0.0151515254617433,0.0,1.142546951071217,0.27,0.06
3732,0.0151515254617433,0.0,0.0,0.0,0.0,0.0151515254617433,0.0,1.1385597075286529,0.27,0.06
3733,0.0330941214032815,0.0,0.0,0.0,0.0,0.0330941214032815,0.0,1.1298507282119998,0.27,0.06
3734,0.0330941214032815,0.0,0.0,0.0,0.0,0.0330941214032815,0.0,1.1211417488953468,0.27,0.06
3735,0.03688200276871725,0.0,0.0,0.0,0.0,0.03688200276871725,0.0,1.111435958693053,0.27,0.06
3736,0.03688200276871725,0.0,0.0,0.0,0.0,0.03688200276871725,0.0,1.1017301684907588,0.27,0.06
3737,0.04724883597938375,0.0,0.04724883597938375,0.0,0.0,0.0,0.0,1.1017301684907588,0.27,0.06
3738,0.04724883597938375,0.0,0.04724883597938375,0.0,0.0,0.0,0.0,1.1017301684907588,0.27,0.06
3739,0.0137559902218459,0.0,0.0,0.0,0.0,0.0137559902218459,0.0,1.0981101710639571,0.27,0.06
3740,0.0137559902218459,0.0,0.0,0.0,0.0,0.0137559902218459,0.0,1.0944901736371555,0.27,0.06
3741,0.0157496119931279,0.0,0.0,0.0,0.0,0.0157496119931279,0.0,1.090345538902122,0.27,0.06
3742,0.0157496119931279,0.0,0.0,0.0,0.0,0.0157496119931279,0.0,1.0862009041670884,0.27,0.06
3743,0.010566195387794675,0.0,0.0,0.0,0.0,0.010566195387794198,0.0,1.0834203264334583,0.27,0.06
3744,0.010566195387794675,0.0,0.0,0.0,0.0,0.010566195387794675,0.0,1.080639748699828,0.27,0.06
3745,0.0165470607016407,0.0,0.0,0.0,0.0,0.0165470607016407,0.0,1.0762852590415015,0.27,0.06
3746,0.0165470607016407,0.0,0.016547060701640692,0.0,0.0,6.938893903907228e-18,0.0,1.0762852590415015,0.27,0.06
3747,0.02192983948410215,0.0,0.0,0.0,0.0,0.02192983948410215,0.0,1.0705142486509482,0.27,0.06
3748,0.02192983948410215,0.0,0.0,0.0,0.0,0.02192983948410215,0.0,1.0647432382603952,0.27,0.06
3749,0.018341320295794526,0.0,0.0,0.0,0.0,0.018341320295794526,0.0,1.0599165750246597,0.27,0.06
3750,0.018341320295794526,0.0,0.0,0.0,0.0,0.018341320295794526,0.0,1.0550899117889243,0.27,0.06
3751,0.0177432337644099,0.0,0.0,0.0,0.0,0.0177432337644099,0.0,1.0504206397456586,0.27,0.06
3752,0.0177432337644099,0.0,0.0,0.0,0.0,0.0177432337644099,0.0,1.0457513677023929,0.27,0.06
3753,0.011363644096307475,0.0,0.0,0.0,0.0,0.011363644096307475,0.0,1.0427609350454699,0.27,0.06
3754,0.011363644096307475,0.0,0.0,0.0,0.0,0.011363644096307475,0.0,1.0397705023885468,0.27,0.06
3755,0.011164281919179274,0.0,0.0,0.0,0.0,0.011164281919179274,0.0,1.036832533462447,0.27,0.06
3756,0.011164281919179274,0.0,0.0,0.0,0.0,0.011164281919179274,0.0,1.033894564536347,0.27,0.06
3757,0.0177432337644099,0.0,0.0177432337644099,0.0,0.0,0.0,0.0,1.033894564536347,0.27,0.06
3758,0.0177432337644099,0.0,0.0177432337644099,0.0,0.0,0.0,0.0,1.033894564536347,0.27,0.06
3759,0.019138769004307325,0.0,0.019138769004307325,0.0,0.0,0.0,0.0,1.033894564536347,0.27,0.06
3760,0.019138769004307325,0.0,0.019138769004307325,0.0,0.0,0.0,0.0,1.033894564536347,0.27,0.06
3761,0.020534304244204726,0.0,0.020534304244204715,0.0,0.0,1.0408340855860843e-17,0.0,1.033894564536347,0.27,0.06
3762,0.020534304244204726,0.0,0.02053430424420473,0.0,0.0,-1.734723475976807e-18,0.0,1.033894564536347,0.27,0.06
3763,0.0175438715872817,0.0,0.0175438715872817,0.0,0.0,0.0,0.0,1.033894564536347,0.27,0.06
3764,0.0175438715872817,0.0,0.0,-3.469446951953614e-18,0.0,0.017543871587281698,0.0,1.0292777562239046,0.27,0.06
3765,0.010366833210666474,0.0,0.0,0.0,0.0,0.010366833210666474,0.0,1.0265496422210976,0.27,0.06
3766,0.010366833210666474,0.0,0.0,0.0,0.0,0.010366833210666474,0.0,1.0238215282182905,0.27,0.06
3767,0.0145534389303587,0.0,0.0,0.0,0.0,0.0145534389303587,0.0,1.0199916758681962,0.27,0.06
3768,0.0145534389303587,0.0,0.0145534389303587,0.0,0.0,0.0,0.0,1.0199916758681962,0.27,0.06
3769,0.0143540767532305,0.0,0.0143540767532305,0.0,0.0,0.0,0.0,1.0199916758681962,0.27,0.06
3770,0.0143540767532305,0.0,0.0143540767532305,0.0,0.0,0.0,0.0,1.0199916758681962,0.27,0.06
3771,0.0171451472330253,0.0,0.017145147233025293,0.0,0.0,6.938893903907228e-18,0.0,1.0199916758681962,0.27,0.06
3772,0.0171451472330253,0.0,0.017145147233025293,0.0,0.0,0.0,0.0,1.0199916758681962,0.27,0.06
3773,0.02392346125538415,0.0,0.02392346125538415,0.0,0.0,0.0,0.0,1.0199916758681962,0.27,0.06
3774,0.02392346125538415,0.0,0.02392346125538415,0.0,0.0,0.0,0.0,1.0199916758681962,0.27,0.06
3775,0.0145534389303587,0.00044937772766920635,0.0,0.0,0.0,0.014104061202689493,0.0,1.0162800808148569,0.27,0.06
3776,0.0145534389303587,0.002347197000772354,0.0,0.0,0.0,0.012206241929586345,0.0,1.0130679118860184,0.27,0.06
3777,0.010765557564922874,0.0016075980481910959,0.0,1.734723475976807e-18,0.0,0.00915795951673178,0.0,1.01065792253951,0.27,0.06
3778,0.010765557564922874,0.003393051352479754,0.0,0.0,0.0,0.00737250621244312,0.0,1.008717789325709,0.27,0.06
3779,0.0181419581186663,0.008893887789511154,0.0,0.0,0.0,0.009248070329155145,0.0,1.0062840866075105,0.27,0.06
3780,0.0181419581186663,0.012537170631058981,0.0,0.0,0.0,0.005604787487606977,0.0,1.0048091425318244,0.27,0.06
3781,0.011164281919179274,0.012501162115773644,0.0,0.0,0.0013368801965943696,0.0,0.0,1.0051266515785156,0.27,0.06
3782,0.011164281919179274,0.009193951015476081,0.0,0.0,0.0,0.001970330903703193,0.0,1.0046081434459622,0.27,0.06
3783,0.0175438715872817,0.013074172836954718,0.0,0.0,0.0,0.004469698750326984,0.0,1.0034319069327182,0.27,0.06
3784,0.0175438715872817,0.013129472026966835,0.004414399560314867,0.0,0.0,-0.0,0.0,1.0034319069327182,0.27,0.06
3785,0.02990432656923025,0.025696386579925953,0.0,0.0,0.0,0.004207939989304299,0.0,1.0023245543039538,0.27,0.06
3786,0.02990432656923025,0.021071020214205604,0.0,0.0,0.0,0.008833306355024648,0.0,1.0,0.27,0.06
3787,0.02352473690112775,0.029889314929679917,0.0,-1.0408340855860843e-17,0.006364578028552177,0.0,0.0,1.0015115872817812,0.27,0.06
3788,0.02352473690112775,0.06498398933162919,0.0,3.608224830031759e-16,0.04145925243050108,0.0,0.0,1.0113581597340253,0.27,0.06
3789,0.011164281919179274,0.030213498341981927,0.0,0.0,0.019049216422802655,0.0,0.0,1.0158823486344406,0.27,0.06
3790,0.011164281919179274,0.029257814834760525,0.0,0.0,0.018093532915581252,0.0,0.0,1.0201795627018913,0.27,0.06
3791,0.010964919742051075,0.03793876524875231,0.0,0.0,0.026973845506701233,0.0,0.0,1.0265858510097328,0.27,0.06
3792,0.010964919742051075,0.03465952769804595,0.0,0.0,0.023694607955994873,0.0,0.0,1.0322133203992816,0.27,0.06
3793,0.018341320295794526,0.07225874975685789,0.0,8.881784197001252e-16,0.05391742946106248,0.0,0.0,1.045018709896284,0.27,0.06
3794,0.018341320295794526,0.0860241915697241,0.0,0.0,0.06768287127392958,0.0,0.0,1.0610933918238423,0.27,0.06
3795,0.012360454981948476,0.06625900374578152,0.0,2.220446049250313e-16,0.05389854876383282,0.0,0.0,1.0738942971552525,0.27,0.06
3796,0.012360454981948476,0.08704469533372104,0.0,0.0,0.07468424035177257,0.0,0.0,1.0916318042387985,0.27,0.06
3797,0.020933028598461124,0.10452941305383015,0.0,0.0,0.08359638445536903,0.0,0.0,1.1114859455469486,0.27,0.06
3798,0.020933028598461124,0.0842440272861536,0.0,0.0,0.06331099868769248,0.0,0.0,1.1265223077352755,0.27,0.06
3799,0.02511963431815325,0.07378835967741841,0.0,-9.020562075079397e-17,0.04866872535926525,0.0,0.0,1.138081130008101,0.27,0.06
3800,0.02511963431815325,0.06800096609660908,0.0,6.245004513516506e-17,0.04288133177845577,0.0,0.0,1.1482654463054842,0.27,0.06
3801,0.011363644096307475,0.027559592568567964,0.0,0.0,0.01619594847226049,0.0,0.0,1.152111984067646,0.27,0.06
3802,0.011363644096307475,0.030469060051224007,0.0,0.0,0.019105415954916532,0.0,0.0,1.1566495203569387,0.27,0.06
3803,0.0147528011074869,0.036438378136667296,0.0,0.0,0.021685577029180395,0.0,0.0,1.1617998449013691,0.27,0.06
3804,0.0147528011074869,0.024191689746802844,0.0,1.97758476261356e-16,0.009438888639315746,0.0,0.0,1.1640415809532065,0.27,0.06
3805,0.0163476985245125,0.03981466317220284,0.0,0.0,0.023466964647690342,0.0,0.0,1.169614985057033,0.27,0.06
3806,0.0163476985245125,0.05404196606476496,0.0,-7.216449660063518e-16,0.03769426754025318,0.0,0.0,1.178567373597843,0.27,0.06
3807,0.011563006273435676,0.035634136056702424,0.0,0.0,0.024071129783266747,0.0,0.0,1.184284266921369,0.27,0.06
3808,0.011563006273435676,0.033136892467952116,0.0,0.0,0.021573886194516438,0.0,0.0,1.1894080648925665,0.27,0.06
3809,0.02352473690112775,0.0404233725154444,0.0,0.0,0.016898635614316652,0.0,0.0,1.1934214908509668,0.27,0.06
3810,0.02352473690112775,0.03417230966682305,0.0,0.0,0.010647572765695303,0.0,0.0,1.1959502893828196,0.27,0.06
3811,0.02232856383835855,0.029714961727932743,0.0,1.249000902703301e-16,0.00738639788957407,0.0,0.0,1.1977045588815933,0.27,0.06
3812,0.02232856383835855,0.020151288584430705,0.0,0.0,0.0,0.0021772752539278434,0.0,1.1971315917095071,0.27,0.06
3813,0.013556628044717675,0.010183789924930627,0.0,0.0,0.0,0.003372838119787048,0.0,1.1962440027306158,0.27,0.06
3814,0.013556628044717675,0.007087591876937906,0.0,8.673617379884035e-19,0.0,0.00646903616777977,0.0,1.1945416247917264,0.27,0.06
3815,0.0175438715872817,0.005051812062458214,0.0,0.0,0.0,0.012492059524823487,0.0,1.1912542407062465,0.27,0.06
3816,0.0175438715872817,0.0007505566980110183,0.0,0.0,0.0,0.01679331488927068,0.0,1.1868349473143331,0.27,0.06
3817,0.013157903690461275,0.0,0.0,0.0,0.0,0.013157903690461275,0.0,1.1833723410800012,0.27,0.06
3818,0.013157903690461275,0.0,0.0,0.0,0.0,0.013157903690461305,0.0,1.1799097348456693,0.27,0.06
3819,0.011164281919179274,0.0,0.0,0.0,0.0,0.011164281919179274,0.0,1.1769717659195695,0.27,0.06
3820,0.011164281919179274,0.0,0.0,0.0,0.0,0.011164281919179274,0.0,1.1740337969934698,0.27,0.06
3821,0.020933028598461124,0.0,0.0,0.0,0.0,0.020933028598461124,0.0,1.1685251052570325,0.27,0.06
3822,0.020933028598461124,0.0,0.0,0.0,0.0,0.020933028598461124,0.0,1.1630164135205954,0.27,0.06
3823,0.02232856383835855,0.0,0.0,0.0,0.0,0.022328563838359062,0.0,1.1571404756683956,0.27,0.06
3824,0.02232856383835855,0.0,0.0,0.0,0.0,0.02232856383835855,0.0,1.151264537816196,0.27,0.06
3825,0.018740044650050924,0.0,0.0,0.0,0.0,0.018740044650050924,0.0,1.1463329471188142,0.27,0.06
3826,0.018740044650050924,0.0,0.0,0.0,0.0,0.018740044650050924,0.0,1.1414013564214325,0.27,0.06
3827,0.026714531735179,0.0,0.0,0.0,0.0,0.026714531735179,0.0,1.1343712164911222,0.27,0.06
3828,0.026714531735179,0.0,0.026714531735179,0.0,0.0,0.0,0.0,1.1343712164911222,0.27,0.06
3829,0.018341320295794526,0.0,0.0,0.0,0.0,0.018341320295794526,0.0,1.1295445532553867,0.27,0.06
3830,0.018341320295794526,0.0,0.0,0.0,0.0,0.018341320295794526,0.0,1.1247178900196513,0.27,0.06
3831,0.019537493358563723,0.0,0.0,0.0,0.0,0.019537493358563723,0.0,1.1195764443989766,0.27,0.06
3832,0.019537493358563723,0.0,0.0,0.0,0.0,0.019537493358563723,0.0,1.114434998778302,0.27,0.06
3833,0.0171451472330253,0.0,0.0,0.0,0.0,0.0171451472330253,0.0,1.1099231179275062,0.27,0.06
3834,0.0171451472330253,0.0,0.0,0.0,0.0,0.0171451472330253,0.0,1.10541123707671,0.27,0.06
3835,0.010366833210666474,0.0,0.0,0.0,0.0,0.010366833210666738,0.0,1.102683123073903,0.27,0.06
3836,0.010366833210666474,0.0,0.0,-1.734723475976807e-18,0.0,0.010366833210666473,0.0,1.099955009071096,0.27,0.06
3837,0.012759179336204875,0.0,0.0,0.0,0.0,0.012759179336204875,0.0,1.0965973302984104,0.27,0.06
3838,0.012759179336204875,0.0,0.0,0.0,0.0,0.012759179336204875,0.0,1.093239651525725,0.27,0.06
3839,0.0159489741702561,0.0,0.0,0.0,0.0,0.0159489741702561,0.0,1.0890425530598682,0.27,0.06
3840,0.0159489741702561,0.0,0.0159489741702561,0.0,0.0,0.0,0.0,1.0890425530598682,0.27,0.06
3841,0.010964919742051075,0.0,0.0,6.938893903907228e-18,0.0,0.010964919742051082,0.0,1.0861570478645914,0.27,0.06
3842,0.010964919742051075,0.0,0.0,1.734723475976807e-18,0.0,0.010964919742051077,0.0,1.083271542669315,0.27,0.06
3843,0.02292665036974315,0.0,0.02292665036974315,0.0,0.0,0.0,0.0,1.083271542669315,0.27,0.06
3844,0.02292665036974315,0.0,0.0,0.0,0.0,0.02292665036974315,0.0,1.0772382136246457,0.27,0.06
3845,0.02332537472399955,0.0,0.023325374723999565,0.0,0.0,-1.97758476261356e-17,0.0,1.0772382136246457,0.27,0.06
3846,0.02332537472399955,0.0,0.02332537472399955,0.0,0.0,0.0,0.0,1.0772382136246457,0.27,0.06
3847,0.012759179336204875,0.0,0.0,0.0,0.0,0.012759179336204875,0.0,1.0738805348519602,0.27,0.06
3848,0.012759179336204875,0.0,0.0,0.0,0.0,0.012759179336204875,0.0,1.0705228560792748,0.27,0.06
3849,0.0153508876388715,0.0,0.0,-1.734723475976807e-18,0.0,0.015350887638871498,0.0,1.0664831488058875,0.27,0.06
3850,0.0153508876388715,0.0,0.0,0.0,0.0,0.0153508876388715,0.0,1.0624434415325,0.27,0.06
3851,0.013556628044717675,0.0,0.0,0.0,0.0,0.013556628044717675,0.0,1.0588759078365217,0.27,0.06
3852,0.013556628044717675,0.0,0.0,0.0,0.0,0.013556628044717675,0.0,1.0553083741405433,0.27,0.06
3853,0.010366833210666474,0.0,0.0,1.734723475976807e-18,0.0,0.010366833210666476,0.0,1.0525802601377365,0.27,0.06
3854,0.010366833210666474,0.0,0.0,0.0,0.0,0.010366833210666474,0.0,1.0498521461349295,0.27,0.06
3855,0.0169457850558971,0.0,0.0169457850558971,0.0,0.0,0.0,0.0,1.0498521461349295,0.27,0.06
3856,0.0169457850558971,0.0,0.016945785055897097,0.0,0.0,3.469446951953614e-18,0.0,1.0498521461349295,0.27,0.06
3857,0.021132390775589326,0.0,0.021132390775589326,0.0,0.0,0.0,0.0,1.0498521461349295,0.27,0.06
3858,0.021132390775589326,0.0,0.021132390775589326,0.0,0.0,0.0,0.0,1.0498521461349295,0.27,0.06
3859,0.018540682472922725,0.0,0.010858731616470094,0.0,0.0,0.007681950856452631,0.0,1.0478305801200736,0.27,0.06
3860,0.018540682472922725,0.0,0.0,0.0,0.0,0.018540682472922725,0.0,1.042951453153515,0.27,0.06
3861,0.018341320295794526,0.0,0.0,0.0,0.0,0.018341320295794526,0.0,1.0381247899177795,0.27,0.06
3862,0.018341320295794526,0.0,0.0,-3.469446951953614e-18,0.0,0.018341320295794522,0.0,1.033298126682044,0.27,0.06
3863,0.011363644096307475,0.0,0.0,0.0,0.0,0.011363644096307475,0.0,1.030307694025121,0.27,0.06
3864,0.011363644096307475,0.0,0.0,0.0,0.0,0.011363644096307475,0.0,1.027317261368198,0.27,0.06
3865,0.010366833210666474,0.0,0.0,0.0,0.0,0.010366833210666474,0.0,1.0245891473653912,0.27,0.06
3866,0.010366833210666474,0.0,0.0,0.0,0.0,0.010366833210666474,0.0,1.0218610333625842,0.27,0.06
3867,0.0181419581186663,0.0,0.0181419581186663,0.0,0.0,0.0,0.0,1.0218610333625842,0.27,0.06
3868,0.0181419581186663,0.0,0.018141958118666302,0.0,0.0,-3.469446951953614e-18,0.0,1.0218610333625842,0.27,0.06
3869,0.012958541513333074,0.0,0.012958541513333074,0.0,0.0,0.0,0.0,1.0218610333625842,0.27,0.06
3870,0.012958541513333074,0.0,0.012958541513333074,0.0,0.0,0.0,0.0,1.0218610333625842,0.27,0.06
3871,0.019936217712820125,0.0,0.019936217712820125,0.0,0.0,0.0,0.0,1.0218610333625842,0.27,0.06
3872,0.019936217712820125,0.0,0.019936217712820125,0.0,0.0,0.0,0.0,1.0218610333625842,0.27,0.06
3873,0.02452154778676875,0.00014757879502791716,0.02437396899174083,0.0,0.0,0.0,0.0,1.0218610333625842,0.27,0.06
3874,0.02452154778676875,0.0013836026862807838,0.0,0.0,0.0,0.023137945100487965,0.0,1.015772100441403,0.27,0.06
3875,0.010765557564922874,0.0008589722892384565,0.0,0.0,0.0,0.009906585275684419,0.0,1.013165104316223,0.27,0.06
3876,0.010765557564922874,0.0011422312695420448,0.0,0.0,0.0,0.009623326295380829,0.0,1.010632650027965,0.27,0.06
3877,0.012360454981948476,0.0015954672780528006,0.0,0.0,0.0,0.010764987703895675,0.0,1.0077997585269398,0.27,0.06
3878,0.012360454981948476,0.0011002206074682513,0.0,0.0,0.0,0.011260234374480224,0.0,1.0048365389547083,0.27,0.06
3879,0.0169457850558971,0.0027189579478680025,0.014226827108029099,0.0,0.0,0.0,0.0,1.004836538954708,0.27,0.06
3880,0.0169457850558971,0.005727819509376713,0.0,0.0,0.0,0.011217965546520388,0.0,1.0018844427582554,0.27,0.06
3881,0.010765557564922874,0.008922272404911294,0.0,0.0,0.0,0.0018432851600115804,0.0,1.001399367716147,0.27,0.06
3882,0.010765557564922874,0.01204933633087345,0.0,0.0,0.0012837787659505748,0.0,0.0,1.0017042651730603,0.27,0.06
3883,0.018341320295794526,0.01659162156717014,0.0,0.0,0.0,0.001749698728624384,0.0,1.0012438181392118,0.27,0.06
3884,0.018341320295794526,0.013614811366789775,0.0,0.0,0.0,0.004726508929004751,0.0,1.0,0.27,0.06
3885,0.02352473690112775,0.048856936162813856,0.0,0.0,0.025332199261686107,0.0,0.0,1.0060163973246505,0.27,0.06
3886,0.02352473690112775,0.05815311033355135,0.0,0.0,0.0346283734324236,0.0,0.0,1.014240636014851,0.27,0.06
3887,0.014154714576102276,0.027686291692367904,0.0,7.979727989493313e-17,0.013531577116265549,0.0,0.0,1.017454385579964,0.27,0.06
3888,0.014154714576102276,0.031330038400722286,0.0,0.0,0.01717532382462001,0.0,0.0,1.0215335249883113,0.27,0.06
3889,0.013556628044717675,0.035325559261327126,0.0,0.0,0.02176893121660945,0.0,0.0,1.0267036461522563,0.27,0.06
3890,0.013556628044717675,0.03771341306308008,0.0,0.0,0.024156785018362402,0.0,0.0,1.0324408825941174,0.27,0.06
3891,0.0149521632846151,0.05632022284361486,0.0,0.0,0.04136805955899976,0.0,0.0,1.0422657967393798,0.27,0.06
3892,0.0149521632846151,0.04762546606438111,0.0,0.0,0.03267330277976601,0.0,0.0,1.0500257061495741,0.27,0.06
3893,0.010964919742051075,0.030490836533807877,0.0,0.0,0.019525916791756803,0.0,0.0,1.0546631113876164,0.27,0.06
3894,0.010964919742051075,0.04598476054561579,0.0,0.0,0.03501984080356471,0.0,0.0,1.062980323578463,0.27,0.06
3895,0.0143540767532305,0.0751573130135756,0.0,5.412337245047638e-16,0.06080323626034456,0.0,0.0,1.0774210921902947,0.27,0.06
3896,0.0143540767532305,0.04235996504263203,0.0,0.0,0.02800588828940153,0.0,0.0,1.0840724906590276,0.27,0.06
3897,0.02312601254687135,0.0901369705919163,0.0,0.0,0.06701095804504495,0.0,0.0,1.0999875931947258,0.27,0.06
3898,0.02312601254687135,0.09418101199400152,0.0,0.0,0.07105499944713016,0.0,0.0,1.1168631555634192,0.27,0.06
3899,0.019537493358563723,0.04265773041688436,0.0,0.0,0.023120237058320635,0.0,0.0,1.1223542118647702,0.27,0.06
3900,0.019537493358563723,0.04126397925689127,0.0,0.0,0.021726485898327548,0.0,0.0,1.127514252265623,0.27,0.06
3901,0.0175438715872817,0.03688639971149489,0.0,0.0,0.01934252812421319,0.0,0.0,1.1321081026951236,0.27,0.06
3902,0.0175438715872817,0.03292124083780119,0.0,0.0,0.015377369250519485,0.0,0.0,1.1357602278921222,0.27,0.06
3903,0.0151515254617433,0.027127356578566963,0.0,0.0,0.011975831116823663,0.0,0.0,1.1386044877823678,0.27,0.06
3904,0.0151515254617433,0.016793242153045736,0.0,0.0,0.001641716691302435,0.0,0.0,1.138994395496552,0.27,0.06
3905,0.011363644096307475,0.007752919118312237,0.0,0.0,0.0,0.003610724977995238,0.0,1.1380442047128692,0.27,0.06
3906,0.011363644096307475,0.007196669643134349,0.0,0.0,0.0,0.004166974453173126,0.0,1.1369476324883498,0.27,0.06
3907,0.0165470607016407,0.011096205598373871,0.0,0.0,0.0,0.005450855103266828,0.0,1.1355131969348586,0.27,0.06
3908,0.0165470607016407,0.006953117584156855,0.0,0.0,0.0,0.009593943117484427,0.0,1.1329884750618364,0.27,0.06
3909,0.014154714576102276,0.0058301588338733265,0.0,0.0,0.0,0.00832455574222895,0.0,1.130797802498092,0.27,0.06
3910,0.014154714576102276,0.0051130816939381095,0.0,0.0,0.0,0.009041632882164165,0.0,1.1284184254238383,0.27,0.06
3911,0.019537493358563723,0.004498636826044202,0.0,0.0,0.0,0.015038856532519507,0.0,1.124460831599491,0.27,0.06
3912,0.019537493358563723,0.0016170788096525378,0.0,0.0,0.0,0.017920414548911186,0.0,1.1197449330339881,0.27,0.06
3913,0.02551835867240975,0.00051987133468682,0.02499848733772293,0.0,0.0,0.0,0.0,1.1197449330339881,0.27,0.06
3914,0.02551835867240975,0.0,0.02551835867240975,0.0,0.0,0.0,0.0,1.1197449330339881,0.27,0.06
3915,0.0139553523989741,0.0,0.0,0.0,0.0,0.0139553523989741,0.0,1.1160724718763633,0.27,0.06
3916,0.0139553523989741,0.0,0.0139553523989741,0.0,0.0,0.0,0.0,1.1160724718763633,0.27,0.06
3917,0.010964919742051075,0.0,0.0,0.0,0.0,0.010964919742051075,0.0,1.1131869666810867,0.27,0.06
3918,0.010964919742051075,0.0,0.0,0.0,0.0,0.010964919742051075,0.0,1.1103014614858102,0.27,0.06
3919,0.0169457850558971,0.0,0.0169457850558971,0.0,0.0,0.0,0.0,1.1103014614858102,0.27,0.06
3920,0.0169457850558971,0.0,0.0,0.0,0.0,0.0169457850558971,0.0,1.1058420443658372,0.27,0.06
3921,0.012360454981948476,0.0,0.0,0.0,0.0,0.012360454981948476,0.0,1.1025892930547982,0.27,0.06
3922,0.012360454981948476,0.0,0.0,0.0,0.0,0.012360454981948476,0.0,1.0993365417437593,0.27,0.06
3923,0.010964919742051075,0.0,0.0,0.0,0.0,0.010964919742051075,0.0,1.0964510365484825,0.27,0.06
3924,0.010964919742051075,0.0,0.0,1.734723475976807e-18,0.0,0.010964919742051077,0.0,1.093565531353206,0.27,0.06
3925,0.0263158073809225,0.0,0.0009382010503133364,0.0,0.0,0.025377606330609162,0.0,1.0868872138977825,0.27,0.06
3926,0.0263158073809225,0.0,0.0,0.0,0.0,0.0263158073809225,0.0,1.0799620014291187,0.27,0.06
3927,0.019537493358563723,0.0,0.0,0.0,0.0,0.019537493358563723,0.0,1.074820555808444,0.27,0.06
3928,0.019537493358563723,0.0,0.019537493358563723,0.0,0.0,0.0,0.0,1.074820555808444,0.27,0.06
3929,0.011363644096307475,0.0,0.0,0.0,0.0,0.011363644096307475,0.0,1.071830123151521,0.27,0.06
3930,0.011363644096307475,0.0,0.0,0.0,0.0,0.011363644096307475,0.0,1.068839690494598,0.27,0.06
3931,0.018341320295794526,0.0,0.018341320295794526,0.0,0.0,0.0,0.0,1.068839690494598,0.27,0.06
3932,0.018341320295794526,0.0,0.0,0.0,0.0,0.01834132029579467,0.0,1.0640130272588626,0.27,0.06
3933,0.010765557564922874,0.0,0.0,0.0,0.0,0.010765557564922874,0.0,1.0611799857944093,0.27,0.06
3934,0.010765557564922874,0.0,0.0,0.0,0.0,0.010765557564922874,0.0,1.058346944329956,0.27,0.06
3935,0.010566195387794675,0.0,0.0,0.0,0.0,0.010566195387794675,0.0,1.0555663665963257,0.27,0.06
3936,0.010566195387794675,0.0,0.010566195387794675,0.0,0.0,0.0,0.0,1.0555663665963257,0.27,0.06
3937,0.021132390775589326,0.0,0.021132390775589326,0.0,0.0,0.0,0.0,1.0555663665963257,0.27,0.06
3938,0.021132390775589326,0.0,0.021132390775589326,0.0,0.0,0.0,0.0,1.0555663665963257,0.27,0.06
3939,0.02751198044369175,0.0,0.02751198044369175,0.0,0.0,0.0,0.0,1.0555663665963257,0.27,0.06
3940,0.02751198044369175,0.0,0.02751198044369175,0.0,0.0,0.0,0.0,1.0555663665963257,0.27,0.06
3941,0.019537493358563723,0.0,0.019537493358563723,0.0,0.0,0.0,0.0,1.0555663665963257,0.27,0.06
3942,0.019537493358563723,0.0,0.0,0.0,0.0,0.019537493358563723,0.0,1.050424920975651,0.27,0.06
3943,0.010566195387794675,0.0,0.0,3.469446951953614e-18,0.0,0.010566195387794679,0.0,1.0476443432420208,0.27,0.06
3944,0.010566195387794675,0.0,0.0,0.0,0.0,0.010566195387794675,0.0,1.0448637655083906,0.27,0.06
3945,0.0179425959415381,0.0,0.0179425959415381,0.0,0.0,0.0,0.0,1.0448637655083906,0.27,0.06
3946,0.0179425959415381,0.0,0.0179425959415381,0.0,0.0,0.0,0.0,1.0448637655083906,0.27,0.06
3947,0.010964919742051075,0.0,0.010964919742051073,0.0,0.0,1.734723475976807e-18,0.0,1.0448637655083906,0.27,0.06
3948,0.010964919742051075,0.0,0.010964919742051075,0.0,0.0,0.0,0.0,1.0448637655083906,0.27,0.06
3949,0.010366833210666474,0.0,0.01036683321066647,0.0,0.0,-8.43769498715119e-16,0.0,1.0448637655083908,0.27,0.06
3950,0.010366833210666474,0.0,0.0,3.469446951953614e-18,0.0,0.010366833210666478,0.0,1.0421356515055837,0.27,0.06
3951,0.021132390775589326,0.0,0.021132390775589326,0.0,0.0,0.0,0.0,1.0421356515055837,0.27,0.06
3952,0.021132390775589326,0.0,0.021132390775589326,0.0,0.0,0.0,0.0,1.0421356515055837,0.27,0.06
3953,0.018740044650050924,0.0,0.0,0.0,0.0,0.018740044650050924,0.0,1.0372040608082018,0.27,0.06
3954,0.018740044650050924,0.0,0.01874004465005097,0.0,0.0,0.0,0.0,1.0372040608082018,0.27,0.06
3955,0.0161483363473843,0.0,0.0161483363473843,0.0,0.0,0.0,0.0,1.0372040608082018,0.27,0.06
3956,0.0161483363473843,0.0,0.0,0.0,0.0,0.0161483363473843,0.0,1.0329544986115218,0.27,0.06
3957,0.0179425959415381,0.0,0.0179425959415381,0.0,0.0,0.0,0.0,1.0329544986115218,0.27,0.06
3958,0.0179425959415381,0.0,0.0179425959415381,0.0,0.0,0.0,0.0,1.0329544986115218,0.27,0.06
3959,0.010366833210666474,0.0,0.010366833210666473,0.0,0.0,1.734723475976807e-18,0.0,1.0329544986115218,0.27,0.06
3960,0.010366833210666474,0.0,0.010366833210666474,0.0,0.0,0.0,0.0,1.0329544986115218,0.27,0.06
3961,0.010366833210666474,0.0,0.010366833210666474,0.0,0.0,0.0,0.0,1.0329544986115218,0.27,0.06
3962,0.010366833210666474,0.0,0.010366833210666474,0.0,0.0,0.0,0.0,1.0329544986115216,0.27,0.06
3963,0.0181419581186663,0.0,0.0,0.0,0.0,0.0181419581186663,0.0,1.0281802991066094,0.27,0.06
3964,0.0181419581186663,0.0,0.0181419581186663,0.0,0.0,0.0,0.0,1.0281802991066094,0.27,0.06
3965,0.0145534389303587,0.0,0.0,0.0,0.0,0.0145534389303587,0.0,1.024350446756515,0.27,0.06
3966,0.0145534389303587,0.0,0.0,0.0,0.0,0.0145534389303587,0.0,1.0205205944064206,0.27,0.06
3967,0.018740044650050924,0.0004958914095839247,0.0,0.0,0.0,0.018244153240467,0.0,1.015719501448403,0.27,0.06
3968,0.018740044650050924,0.001579618222059073,0.01716042642799185,0.0,0.0,0.0,0.0,1.015719501448403,0.27,0.06
3969,0.02232856383835855,0.003068053648498852,0.019260510189859695,0.0,0.0,0.0,0.0,1.015719501448403,0.27,0.06
3970,0.02232856383835855,0.003738345092066624,0.018590218746291923,0.0,0.0,0.0,0.0,1.015719501448403,0.27,0.06
3971,0.010566195387794675,0.0023345074087806434,0.008231687979014031,0.0,0.0,0.0,0.0,1.015719501448403,0.27,0.06
3972,0.010566195387794675,0.0027711860699294287,0.0,-3.469446951953614e-18,0.0,0.007795009317865243,0.0,1.0136681832068597,0.27,0.06
3973,0.010566195387794675,0.003423195482574723,0.0,0.0,0.0,0.007142999905219952,0.0,1.0117884463896964,0.27,0.06
3974,0.010566195387794675,0.002452850424356886,0.0,0.0,0.0,0.00811334496343779,0.0,1.0096533556098446,0.27,0.06
3975,0.018341320295794526,0.0039366544373247,0.0,0.0,0.0,0.014404665858469825,0.0,1.005862654068142,0.27,0.06
3976,0.018341320295794526,0.0053082840460278325,0.0,0.0,0.0,0.013033036249766693,0.0,1.0024329076866243,0.27,0.06
3977,0.010765557564922874,0.006903536237934142,0.0,8.673617379884035e-19,0.0,0.003862021326988733,0.0,1.0014165862847852,0.27,0.06
3978,0.010765557564922874,0.01441003320645915,0.0,-1.5612511283791264e-17,0.0036444756415362906,0.0,0.0,1.00228214924965,0.27,0.06
3979,0.0177432337644099,0.027014071020114966,0.0,0.0,0.009270837255705065,0.0,0.0,1.00448397309788,0.27,0.06
3980,0.0177432337644099,0.07946110869386154,0.0,0.0,0.06171787492945164,0.0,0.0,1.019141968393625,0.27,0.06
3981,0.025717720849538,0.090982562313999,0.0,0.0,0.065264841464461,0.0,0.0,1.0346423682414343,0.27,0.06
3982,0.025717720849538,0.04682652523790624,0.0,0.0,0.02110880438836824,0.0,0.0,1.0396557092836718,0.27,0.06
3983,0.012360454981948476,0.024126268094442797,0.0,0.0,0.011765813112494321,0.0,0.0,1.0424500898978892,0.27,0.06
3984,0.012360454981948476,0.03869939180768213,0.0,0.0,0.026338936825733655,0.0,0.0,1.048705587394001,0.27,0.06
3985,0.010765557564922874,0.021508375291591105,0.0,0.0,0.01074281772666823,0.0,0.0,1.0512570066040847,0.27,0.06
3986,0.010765557564922874,0.02059068370894905,0.0,9.020562075079397e-17,0.009825126144026086,0.0,0.0,1.0535904740632906,0.27,0.06
3987,0.0181419581186663,0.037342770394549044,0.0,0.0,0.019200812275882745,0.0,0.0,1.0581506669788128,0.27,0.06
3988,0.0181419581186663,0.04937205755749185,0.0,0.0,0.03123009943882555,0.0,0.0,1.065567815595534,0.27,0.06
3989,0.010765557564922874,0.05190629197024975,0.0,1.457167719820518e-16,0.04114073440532673,0.0,0.0,1.075338740016799,0.27,0.06
3990,0.010765557564922874,0.057854028090351416,0.0,-3.191891195797325e-16,0.04708847052542886,0.0,0.0,1.0865222517665885,0.27,0.06
3991,0.011164281919179274,0.04334435407623348,0.0,0.0,0.03218007215705421,0.0,0.0,1.0941650189038887,0.27,0.06
3992,0.011164281919179274,0.02199765321954164,0.0,0.0,0.010833371300362367,0.0,0.0,1.0967379445877248,0.27,0.06
3993,0.02651516955805075,0.07064064684229264,0.0,0.0,0.04412547728424189,0.0,0.0,1.1072177454427323,0.27,0.06
3994,0.02651516955805075,0.05211888692794572,0.0,0.0,0.025603717369894974,0.0,0.0,1.1132986283180824,0.27,0.06
3995,0.019936217712820125,0.04273588744722082,0.0,0.0,0.022799669734400698,0.0,0.0,1.1187135498800025,0.27,0.06
3996,0.019936217712820125,0.02333775435285349,0.0,0.0,0.0034015366400333667,0.0,0.0,1.1195214148320105,0.27,0.06
3997,0.014154714576102276,0.00996005616997819,0.0,-2.2551405187698492e-17,0.0,0.004194658406124064,0.0,1.1184175573567148,0.27,0.06
3998,0.014154714576102276,0.012016875105434357,0.0,0.0,0.0,0.0021378394706679186,0.0,1.1178549680223284,0.27,0.06
3999,0.018740044650050924,0.017437235913825254,0.0,0.0,0.0,0.0013028087362256698,0.0,1.1175121236180585,0.27,0.06
4000,0.018740044650050924,0.012542014386311936,0.0,0.0,0.0,0.00619803026373913,0.0,1.1158810630223377,0.27,0.06
4001,0.011164281919179274,0.01633756225863847,0.0,-9.8879238130678e-17,0.005173280339459296,0.0,0.0,1.1171097171029591,0.27,0.06
4002,0.011164281919179274,0.014726375964880382,0.0,0.0,0.003562094045701108,0.0,0.0,1.1179557144388133,0.27,0.06
4003,0.011762368450563875,0.013997132248472637,0.0,6.609296443471635e-16,0.0022347637979081014,0.0,0.0,1.1184864708408164,0.27,0.06
4004,0.011762368450563875,0.007773568353633219,0.0,0.0,0.0,0.003988800096930656,0.0,1.117436786604782,0.27,0.06
4005,0.0181419581186663,0.015615303548335114,0.0,0.0,0.0,0.0025266545703311848,0.0,1.1167718775073265,0.27,0.06
4006,0.0181419581186663,0.01137737370410914,0.0,0.0,0.0,0.006764584414557158,0.0,1.1149917237140219,0.27,0.06
4007,0.0163476985245125,0.0019149149871167822,0.0,1.734723475976807e-18,0.0,0.01443278353739572,0.0,1.1111936227831283,0.27,0.06
4008,0.0163476985245125,0.0006121395030978734,0.0,0.0,0.0,0.015735559021414682,0.0,1.1070526861985455,0.27,0.06
4009,0.020534304244204726,9.799596418593369e-05,0.0,0.0,0.0,0.020436308280018793,0.0,1.1016747103353826,0.27,0.06
4010,0.020534304244204726,0.0,0.0,0.0,0.0,0.020534304244204726,0.0,1.096270946060592,0.27,0.06
4011,0.02192983948410215,0.0,0.0,0.0,0.0,0.02192983948410215,0.0,1.090499935670039,0.27,0.06
4012,0.02192983948410215,0.0,0.0,0.0,0.0,0.02192983948410215,0.0,1.0847289252794856,0.27,0.06
4013,0.010964919742051075,0.0,0.0,0.0,0.0,0.010964919742051075,0.0,1.0818434200842089,0.27,0.06
4014,0.010964919742051075,0.0,0.0,0.0,0.0,0.010964919742051075,0.0,1.0789579148889323,0.27,0.06
4015,0.011164281919179274,0.0,0.0,0.0,0.0,0.011164281919179274,0.0,1.0760199459628326,0.27,0.06
4016,0.011164281919179274,0.0,0.0,0.0,0.0,0.011164281919179274,0.0,1.0730819770367328,0.27,0.06
4017,0.0177432337644099,0.0,0.0177432337644099,0.0,0.0,0.0,0.0,1.0730819770367328,0.27,0.06
4018,0.0177432337644099,0.0,0.0177432337644099,0.0,0.0,0.0,0.0,1.0730819770367328,0.27,0.06
4019,0.010566195387794675,0.0,0.0,0.0,0.0,0.010566195387794675,0.0,1.0703013993031025,0.27,0.06
4020,0.010566195387794675,0.0,0.0,0.0,0.0,0.010566195387794675,0.0,1.0675208215694723,0.27,0.06
4021,0.0145534389303587,0.0,0.0,0.0,0.0,0.0145534389303587,0.0,1.063690969219378,0.27,0.06
4022,0.0145534389303587,0.0,0.0,0.0,0.0,0.0145534389303587,0.0,1.0598611168692835,0.27,0.06
4023,0.0263158073809225,0.0,0.0263158073809225,0.0,0.0,0.0,0.0,1.0598611168692835,0.27,0.06
4024,0.0263158073809225,0.0,0.0263158073809225,0.0,0.0,0.0,0.0,1.0598611168692835,0.27,0.06
4025,0.0157496119931279,0.0,0.0,0.0,0.0,0.0157496119931279,0.0,1.0557164821342497,0.27,0.06
4026,0.0157496119931279,0.0,0.0,0.0,0.0,0.0157496119931279,0.0,1.051571847399216,0.27,0.06
4027,0.010765557564922874,0.0,0.0,0.0,0.0,0.010765557564922874,0.0,1.0487388059347627,0.27,0.06
4028,0.010765557564922874,0.0,0.0,0.0,0.0,0.010765557564922874,0.0,1.0459057644703094,0.27,0.06
4029,0.0179425959415381,0.0,0.0,0.0,0.0,0.0179425959415381,0.0,1.0411840286962204,0.27,0.06
4030,0.0179425959415381,0.0,0.0,0.0,0.0,0.0179425959415381,0.0,1.0364622929221317,0.27,0.06
4031,0.010566195387794675,0.0,0.0,0.0,0.0,0.010566195387794675,0.0,1.0336817151885014,0.27,0.06
4032,0.010566195387794675,0.0,0.0,0.0,0.0,0.010566195387794675,0.0,1.030901137454871,0.27,0.06
4033,0.011563006273435676,0.0,0.0,1.734723475976807e-18,0.0,0.011563006273435678,0.0,1.0278582410671249,0.27,0.06
4034,0.011563006273435676,0.0,0.0,0.0,0.0,0.011563006273435717,0.0,1.0248153446793786,0.27,0.06
4035,0.021730477306973923,0.0,0.021730477306973917,0.0,0.0,6.938893903907228e-18,0.0,1.0248153446793786,0.27,0.06
4036,0.021730477306973923,0.0,0.021730477306973917,0.0,0.0,6.938893903907228e-18,0.0,1.0248153446793786,0.27,0.06
4037,0.019138769004307325,0.0,0.019138769004307325,0.0,0.0,0.0,0.0,1.0248153446793788,0.27,0.06
4038,0.019138769004307325,0.0,0.019138769004307325,0.0,0.0,0.0,0.0,1.0248153446793788,0.27,0.06
4039,0.018341320295794526,0.0,0.0,0.0,0.0,0.018341320295794526,0.0,1.0199886814436434,0.27,0.06
4040,0.018341320295794526,0.0,0.018341320295794526,0.0,0.0,0.0,0.0,1.0199886814436434,0.27,0.06
4041,0.0169457850558971,0.0,0.0169457850558971,0.0,0.0,0.0,0.0,1.0199886814436434,0.27,0.06
4042,0.0169457850558971,0.0,0.016945785055897104,0.0,0.0,-1.734723475976807e-18,0.0,1.0199886814436434,0.27,0.06
4043,0.010566195387794675,0.0,0.0,0.0,0.0,0.010566195387794675,0.0,1.0172081037100131,0.27,0.06
4044,0.010566195387794675,0.0,0.0,0.0,0.0,0.010566195387794675,0.0,1.0144275259763829,0.27,0.06
4045,0.012360454981948476,0.0,0.0,0.0,0.0,0.012360454981948476,0.0,1.011174774665344,0.27,0.06
4046,0.012360454981948476,0.0,0.012360454981948476,0.0,0.0,0.0,0.0,1.011174774665344,0.27,0.06
4047,0.0163476985245125,0.0,0.0163476985245125,0.0,0.0,0.0,0.0,1.011174774665344,0.27,0.06
4048,0.0163476985245125,0.0,0.016347698524512497,0.0,0.0,3.469446951953614e-18,0.0,1.011174774665344,0.27,0.06
4049,0.0139553523989741,0.0,0.0139553523989741,0.0,0.0,0.0,0.0,1.011174774665344,0.27,0.06
4050,0.0139553523989741,0.0,0.0139553523989741,0.0,0.0,0.0,0.0,1.011174774665344,0.27,0.06
4051,0.020733666421332925,0.0,0.020733666421332925,0.0,0.0,0.0,0.0,1.011174774665344,0.27,0.06
4052,0.020733666421332925,0.0,0.0,3.469446951953614e-18,0.0,0.020733666421332928,0.0,1.00571854665973,0.27,0.06
4053,0.021730477306973923,0.0,0.0,0.0,0.0,0.021730477306973923,0.0,1.0,0.27,0.06
4054,0.021730477306973923,0.0,0.021730477306973923,0.0,0.0,0.0,0.0,1.0,0.27,0.06
4055,0.02791070479794825,0.0,0.02791070479794825,0.0,0.0,0.0,0.0,1.0,0.27,0.06
4056,0.02791070479794825,0.0,0.02791070479794825,0.0,0.0,0.0,0.0,1.0,0.27,0.06
4057,0.02791070479794825,0.0,0.02791070479794825,0.0,0.0,0.0,0.0,1.0,0.27,0.06
4058,0.02791070479794825,0.0,0.02791070479794825,0.0,0.0,-0.0,0.0,1.0,0.27,0.06
4059,0.04764756033364,0.0,0.04764756033363996,0.0,0.0,4.163336342344337e-17,0.0,1.0,0.27,0.06
4060,0.04764756033364,0.0,0.04764756033364,0.0,0.0,0.0,0.0,1.0,0.27,0.06
4061,0.025717720849538,0.0,0.025717720849538,0.0,0.0,0.0,0.0,1.0,0.27,0.06
4062,0.025717720849538,0.0,0.025717720849538,0.0,0.0,0.0,0.0,1.0,0.27,0.06
4063,0.057416307012922,0.0020172636829281893,0.05539904332999379,0.0,0.0,0.0,0.0,1.0,0.27,0.06
4064,0.057416307012922,0.005411703963783134,0.05200460304913886,0.0,0.0,0.0,0.0,1.0,0.27,0.06
4065,0.05681822048153725,0.00756189923090845,0.0492563212506288,0.0,0.0,0.0,0.0,1.0,0.27,0.06
4066,0.05681822048153725,0.00860818982838739,0.04821003065314986,0.0,0.0,0.0,0.0,1.0,0.27,0.06
4067,0.056419496127281,0.017009160111502403,0.03941033601577859,0.0,0.0,0.0,0.0,1.0,0.27,0.06
4068,0.056419496127281,0.017587051468986276,0.03883244465829472,0.0,0.0,0.0,0.0,1.0,0.27,0.06
4069,0.03688200276871725,0.01498127651171198,0.021900726257005267,0.0,0.0,0.0,0.0,1.0,0.27,0.06
4070,0.03688200276871725,0.01865684439746898,0.018225158371248266,0.0,0.0,0.0,0.0,1.0,0.27,0.06
4071,0.04186605719692225,0.014053148079907941,0.027812909117014305,0.0,0.0,0.0,0.0,1.0,0.27,0.06
4072,0.04186605719692225,0.024098020602452603,0.017768036594469645,0.0,0.0,0.0,0.0,1.0,0.27,0.06
4073,0.3690193898643,0.1616430638188778,0.2073763260454222,0.0,0.0,0.0,0.0,1.0,0.27,0.06
4074,0.3690193898643,0.27693756411208337,0.09208182575221663,0.0,0.0,0.0,0.0,1.0,0.27,0.06
4075,0.0420654193740505,0.08774398893888391,0.0,1.734723475976807e-16,0.04567856956483324,0.0,0.0,1.010848660271648,0.27,0.06
4076,0.0420654193740505,0.0821807663237426,0.0,-1.0408340855860843e-16,0.04011534694969221,0.0,0.0,1.0203760551721999,0.27,0.06
4077,0.04824564686502475,0.161084621212012,0.0,0.0,0.11283897434698725,0.0,0.0,1.0471753115796092,0.27,0.06
4078,0.04824564686502475,0.17903687112588462,0.0,0.0,0.13079122426085987,0.0,0.0,1.0782382273415634,0.27,0.06
4079,0.02432218560964055,0.10370136154276585,0.0,0.0,0.0793791759331253,0.0,0.0,1.0970907816256807,0.27,0.06
4080,0.02432218560964055,0.13377179566674985,0.0,0.0,0.10944961005710929,0.0,0.0,1.1230850640142442,0.27,0.06
4081,0.280901307573635,0.7388161873228787,0.0,0.0,0.45791487974924366,0.0,0.0,1.2318398479546897,0.27,0.06
4082,0.280901307573635,0.7480644058864344,0.0,0.0,0.4671630983127994,0.0,0.0,1.3427910838039794,0.27,0.06
4083,0.297647730452405,0.9311190800179876,0.0,0.0,0.6334713495655826,0.0,0.0,1.4932405293258053,0.27,0.06
4084,0.297647730452405,0.9451861947165288,0.0,0.0,0.6475384642641238,0.0,0.0,1.6470309145885347,0.27,0.06
4085,0.3078152014859425,0.8147417746951002,0.0,-6.661338147750939e-16,0.5069265732091583,0.0,0.0,1.7674259757257098,0.27,0.06
4086,0.3078152014859425,0.9137379364205772,0.0,-6.661338147750939e-16,0.6059227349346354,0.0,0.0,1.9113326252726857,0.27,0.06
4087,0.3096094610800975,1.0258047600139517,0.0,0.0,0.7161952989338543,0.0,0.0,2.0814290087694762,0.27,0.06
4088,0.3096094610800975,0.9859411475000751,0.0,-4.440892098500626e-16,0.676331686419978,0.0,0.0,2.2420577842942206,0.27,0.06
4089,0.310805634142865,0.8408665469959047,0.0,-3.3306690738754696e-16,0.53006091285304,0.0,0.0,2.3679472510968176,0.27,0.06
4090,0.310805634142865,0.5684648880209482,0.0,-1.1102230246251565e-16,0.2576592538780833,0.0,0.0,2.4291413238928623,0.27,0.06
4091,0.318780121227995,0.4874781090986724,0.0,0.0,0.1686979878706774,0.0,0.0,2.4692070960121484,0.27,0.06
4092,0.318780121227995,0.36050560725956293,0.0,-3.885780586188048e-16,0.04172548603156834,0.0,0.0,2.4791168989446457,0.27,0.06
4093,0.3177833103423525,0.26449763619021555,0.0,0.0,0.0,0.053285674152136975,0.0,2.465094353115136,0.27,0.06
4094,0.3177833103423525,0.18389538111808984,0.0,0.0,0.0,0.13388792922426268,0.0,2.429860687529804,0.27,0.06
4095,0.2539874136613275,0.12488338670202324,0.0,0.0,0.0,0.12910402695930423,0.0,2.3958859435931448,0.27,0.06
4096,0.2539874136613275,0.07643398273393508,0.0,0.0,0.0,0.1775534309273924,0.0,2.349161356506989,0.27,0.06
4097,0.0322966726947685,0.021446937888265034,0.0,0.0,0.0,0.010849734806503464,0.0,2.3463061631368562,0.27,0.06
4098,0.0322966726947685,0.03166992767720304,0.0,0.0,0.0,0.000626745017565461,0.0,2.346141230237497,0.27,0.06
4099,0.02850879132933275,0.028169093847583617,0.0,0.0,0.0,0.00033969748174913356,0.0,2.3460518361633524,0.27,0.06
4100,0.02850879132933275,0.029010303379733513,0.0,0.0,0.0005015120504007625,0.0,0.0,2.3461709452753228,0.27,0.06
4101,0.0263158073809225,0.032069387049321094,0.0,0.0,0.005753579668398595,0.0,0.0,2.3475374204465673,0.27,0.06
4102,0.0263158073809225,0.02241695529548381,0.0,0.0,0.0,0.0038988520854386886,0.0,2.346511406739873,0.27,0.06
4103,0.025717720849538,0.00916324524566782,0.0,0.0,0.0,0.01655447560387018,0.0,2.342154965791486,0.27,0.06
4104,0.025717720849538,0.003756037588649901,0.0,0.0,0.0,0.0219616832608881,0.0,2.3363755754596736,0.27,0.06
4105,0.1224083767567155,0.002413160697317397,0.0,0.0,0.0,0.1199952160593981,0.0,2.3047978870229895,0.27,0.06
4106,0.1224083767567155,0.0,0.0,0.0,0.0,0.1224083767567155,0.0,2.2725851562975383,0.27,0.06
4107,0.02392346125538415,0.0,0.0,1.3877787807814457e-17,0.0,0.023923461255384165,0.0,2.266289508598753,0.27,0.06
4108,0.02392346125538415,0.0,0.0,0.0,0.0,0.02392346125538415,0.0,2.2599938608999675,0.27,0.06
4109,0.0320973105176405,0.0,0.0,6.938893903907228e-18,0.0,0.032097310517640504,0.0,2.2515472002374306,0.27,0.06
4110,0.0320973105176405,0.0,0.0,0.0,0.0,0.0320973105176405,0.0,2.2431005395748937,0.27,0.06
4111,0.0301036887463585,0.0,0.0,0.0,0.0,0.0301036887463585,0.0,2.235178516220589,0.27,0.06
4112,0.0301036887463585,0.0,0.0,0.0,0.0,0.0301036887463585,0.0,2.227256492866284,0.27,0.06
4113,0.0301036887463585,0.0,0.0,6.938893903907228e-18,0.0,0.030103688746358506,0.0,2.219334469511979,0.27,0.06
4114,0.0301036887463585,0.0,0.0,0.0,0.0,0.0301036887463585,0.0,2.211412446157674,0.27,0.06
4115,0.03389157011179425,0.0,0.0,0.0,0.0,0.03389157011179425,0.0,2.2024936119177285,0.27,0.06
4116,0.03389157011179425,0.0,0.0,0.0,0.0,0.03389157011179425,0.0,2.1935747776777825,0.27,0.06
4117,0.0430622302596915,0.0,0.0,0.0,0.0,0.0430622302596915,0.0,2.182242611819969,0.27,0.06
4118,0.0430622302596915,0.0,0.0,0.0,0.0,0.0430622302596915,0.0,2.1709104459621553,0.27,0.06
4119,0.04625202509374275,0.0,0.0,0.0,0.0,0.04625202509374275,0.0,2.1587388604111704,0.27,0.06
4120,0.04625202509374275,0.0,0.0,0.0,0.0,0.04625202509374275,0.0,2.1465672748601854,0.27,0.06
4121,0.02611644520379425,0.0,0.0,0.0,0.0,0.02611644520379425,0.0,2.139694526122345,0.27,0.06
4122,0.02611644520379425,0.0,0.0,1.0408340855860843e-17,0.0,0.02611644520379426,0.0,2.132821777384504,0.27,0.06
4123,0.0639952588581525,0.0,0.0,0.0,0.0,0.0639952588581525,0.0,2.1159809197902537,0.27,0.06
4124,0.0639952588581525,0.0,0.0,0.0,0.0,0.0639952588581525,0.0,2.0991400621960032,0.27,0.06
4125,0.1471292867206125,0.0,0.0,0.0,0.0,0.1471292867206125,0.0,2.0604218288484732,0.27,0.06
4126,0.1471292867206125,0.0,0.0,0.0,0.0,0.1471292867206125,0.0,2.0217035955009437,0.27,0.06
4127,0.04186605719692225,0.0,0.0,0.0,0.0,0.04186605719692225,0.0,2.010686212028069,0.27,0.06
4128,0.04186605719692225,0.0,0.0,0.0,0.0,0.04186605719692225,0.0,1.999668828555195,0.27,0.06
4129,0.03349284575753775,0.0,0.0,-6.938893903907228e-18,0.0,0.03349284575753774,0.0,1.9908549217768956,0.27,0.06
4130,0.03349284575753775,0.0,0.0,0.0,0.0,0.03349284575753775,0.0,1.9820410149985963,0.27,0.06
4131,0.03448965664317875,0.0,0.0,0.0,0.0,0.03448965664317875,0.0,1.9729647895661808,0.27,0.06
4132,0.03448965664317875,0.0,0.0,0.0,0.0,0.03448965664317875,0.0,1.9638885641337656,0.27,0.06
4133,0.02850879132933275,0.0,0.0,0.0,0.0,0.02850879132933275,0.0,1.9563862506260463,0.27,0.06
4134,0.02850879132933275,0.0,0.0,1.3877787807814457e-17,0.0,0.028508791329332765,0.0,1.948883937118327,0.27,0.06
4135,0.03090113745487125,0.0,0.0,0.0,0.0,0.03090113745487125,0.0,1.9407520588407294,0.27,0.06
4136,0.03090113745487125,0.0,0.0,0.0,0.0,0.03090113745487125,0.0,1.9326201805631318,0.27,0.06
4137,0.02990432656923025,0.0,0.0,0.0,0.0,0.02990432656923025,0.0,1.92475062093965,0.27,0.06
4138,0.02990432656923025,0.0,0.0,0.0,0.0,0.02990432656923025,0.0,1.9168810613161684,0.27,0.06
4139,0.02412282343251235,0.0,0.0,0.0,0.0,0.02412282343251235,0.0,1.91053294988656,0.27,0.06
4140,0.02412282343251235,0.0,0.0,0.0,0.0,0.02412282343251235,0.0,1.9041848384569515,0.27,0.06
4141,0.021730477306973923,0.0,0.0,0.0,0.0,0.021730477306973923,0.0,1.8984662917972215,0.27,0.06
4142,0.021730477306973923,0.0,0.0,3.469446951953614e-18,0.0,0.021730477306973927,0.0,1.8927477451374917,0.27,0.06
4143,0.021730477306973923,0.0,0.0,0.0,0.0,0.021730477306973923,0.0,1.8870291984777616,0.27,0.06
4144,0.021730477306973923,0.0,0.0,6.938893903907228e-18,0.0,0.02173047730697393,0.0,1.8813106518180316,0.27,0.06
4145,0.019936217712820125,0.0,0.0,0.0,0.0,0.019936217712820125,0.0,1.8760642787357105,0.27,0.06
4146,0.019936217712820125,0.0,0.0,3.469446951953614e-18,0.0,0.01993621771282013,0.0,1.8708179056533893,0.27,0.06
4147,0.0293062400378455,0.0,0.0,0.0,0.0,0.0293062400378455,0.0,1.8631057372223774,0.27,0.06
4148,0.0293062400378455,0.0,0.0,3.469446951953614e-18,0.0,0.029306240037845502,0.0,1.8553935687913654,0.27,0.06
4149,0.03787881365435825,0.0,0.0,0.0,0.0,0.03787881365435825,0.0,1.8454254599349553,0.27,0.06
4150,0.03787881365435825,0.0,0.0,0.0,0.0,0.03787881365435825,0.0,1.8354573510785452,0.27,0.06
4151,0.0322966726947685,0.0,0.0,0.0,0.0,0.0322966726947685,0.0,1.8269582266851851,0.27,0.06
4152,0.0322966726947685,0.0,0.0,0.0,0.0,0.0322966726947685,0.0,1.818459102291825,0.27,0.06
4153,0.0283094291522045,0.0,0.0,-6.938893903907228e-18,0.0,0.028309429152204493,0.0,1.811009252514929,0.27,0.06
4154,0.0283094291522045,0.0,0.0,0.0,0.0,0.0283094291522045,0.0,1.8035594027380333,0.27,0.06
4155,0.02990432656923025,0.0,0.0,0.0,0.0,0.02990432656923025,0.0,1.7956898431145516,0.27,0.06
4156,0.02990432656923025,0.0,0.0,0.0,0.0,0.02990432656923025,0.0,1.78782028349107,0.27,0.06
4157,0.02791070479794825,0.0,0.0,0.0,0.0,0.02791070479794825,0.0,1.7804753611758204,0.27,0.06
4158,0.02791070479794825,0.0,0.0,0.0,0.0,0.02791070479794825,0.0,1.7731304388605709,0.27,0.06
4159,0.03189794834051225,0.0014362402502283425,0.0,0.0,0.0,0.03046170809028391,0.0,1.7651141998894435,0.27,0.06
4160,0.03189794834051225,0.0036387941799173613,0.0,0.0,0.0,0.028259154160594893,0.0,1.7576775803734974,0.27,0.06
4161,0.04525521420810175,0.005149065587511104,0.0,0.0,0.0,0.04010614862059065,0.0,1.7471233307365,0.27,0.06
4162,0.04525521420810175,0.007449744864576689,0.0,0.0,0.0,0.037805469343525064,0.0,1.7371745230145195,0.27,0.06
4163,0.0570175826586655,0.014846632537900301,0.0,0.0,0.0,0.0421709501207652,0.0,1.7260769045616866,0.27,0.06
4164,0.0570175826586655,0.016266463982084388,0.0,0.0,0.0,0.04075111867658111,0.0,1.7153529259625864,0.27,0.06
4165,0.146730562366356,0.03216819008613368,0.0,0.0,0.0,0.11456237228022233,0.0,1.6852049332572647,0.27,0.06
4166,0.146730562366356,0.02936614393950396,0.0,0.0,0.0,0.11736441842685205,0.0,1.6543195599870406,0.27,0.06
4167,0.1461324758349715,0.03580381705538883,0.0,0.0,0.0,0.11032865877958267,0.0,1.6252857024134661,0.27,0.06
4168,0.1461324758349715,0.05486646755490237,0.0,0.0,0.0,0.09126600828006912,0.0,1.601268331813448,0.27,0.06
4169,0.06160291273261425,0.07331218235176101,0.0,6.938893903907228e-18,0.011709269619146756,0.0,0.0,1.6040492833479953,0.27,0.06
4170,0.06160291273261425,0.15001619398054605,0.0,0.0,0.0884132812479318,0.0,0.0,1.625047437644379,0.27,0.06
4171,0.019736855535691926,0.05880138142908558,0.0,1.6653345369377348e-16,0.03906452589339349,0.0,0.0,1.63432526254406,0.27,0.06
4172,0.019736855535691926,0.04286385085374266,0.0,0.0,0.023126995318050736,0.0,0.0,1.6398179239320971,0.27,0.06
4173,0.02890751568358925,0.07590508345725205,0.0,7.632783294297951e-16,0.04699756777366204,0.0,0.0,1.6509798462783418,0.27,0.06
4174,0.02890751568358925,0.08725444483449733,0.0,5.273559366969494e-16,0.058346929150907556,0.0,0.0,1.6648372419516824,0.27,0.06
4175,0.02432218560964055,0.06446108075559905,0.0,4.649058915617843e-16,0.04013889514595803,0.0,0.0,1.6743702295488474,0.27,0.06
4176,0.02432218560964055,0.08683956621801449,0.0,-8.049116928532385e-16,0.06251738060837475,0.0,0.0,1.6892181074433363,0.27,0.06
4177,0.2828949293449175,0.5268618300466549,0.0,-1.6653345369377348e-16,0.24396690070173754,0.0,0.0,1.7471602463599991,0.27,0.06
4178,0.2828949293449175,0.6778484146939713,0.0,0.0,0.3949534853490538,0.0,0.0,1.8409616991303994,0.27,0.06
4179,0.2719300096028675,0.6570972465647018,0.0,1.1102230246251565e-16,0.3851672369618342,0.0,0.0,1.932438917908835,0.27,0.06
4180,0.2719300096028675,0.6468626956276115,0.0,0.0,0.37493268602474394,0.0,0.0,2.0214854308397117,0.27,0.06
4181,0.02192983948410215,0.13561091203857448,0.0,0.0,0.11368107255447232,0.0,0.0,2.048484685571399,0.27,0.06
4182,0.02192983948410215,0.28140124809213185,0.0,5.551115123125783e-17,0.25947140860802964,0.0,0.0,2.110109145115806,0.27,0.06
4183,0.02452154778676875,0.23291204231803944,0.0,0.0,0.2083904945312707,0.0,0.0,2.159601887566983,0.27,0.06
4184,0.02452154778676875,0.27262966111046605,0.0,0.0,0.2481081133236973,0.0,0.0,2.218527564481361,0.27,0.06
4185,0.109051110889126,0.3711149623386179,0.0,0.0,0.2620638514494919,0.0,0.0,2.280767729200615,0.27,0.06
4186,0.109051110889126,0.23849864219767247,0.0,0.0,0.12944753130854647,0.0,0.0,2.311511517886395,0.27,0.06
4187,0.02751198044369175,0.07708382688487064,0.0,1.5959455978986625e-16,0.049571846441178735,0.0,0.0,2.323284831416175,0.27,0.06
4188,0.02751198044369175,0.05710502631278248,0.0,0.0,0.02959304586909073,0.0,0.0,2.330313179810084,0.27,0.06
4189,0.025717720849538,0.05555970187241963,0.0,0.0,0.029841981022881634,0.0,0.0,2.3374006503030182,0.27,0.06
4190,0.025717720849538,0.043197873874515826,0.0,0.0,0.017480153024977827,0.0,0.0,2.3415521866464504,0.27,0.06
4191,0.08552637398799826,0.09748587543518414,0.0,0.0,0.011959501447185883,0.0,0.0,2.344392568240157,0.27,0.06
4192,0.08552637398799826,0.03398148162219059,0.0,-6.938893903907228e-18,0.0,0.05154489236580766,0.0,2.330828122880734,0.27,0.06
4193,0.020733666421332925,0.011581811327291058,0.0,0.0,0.0,0.009151855094041867,0.0,2.3284197399612494,0.27,0.06
4194,0.020733666421332925,0.010586875263373725,0.0,0.0,0.0,0.0101467911579592,0.0,2.3257495317617867,0.27,0.06
4195,0.02811006697507625,0.0079417841870231,0.0,0.0,0.0,0.020168282788053146,0.0,2.320442088922825,0.27,0.06
4196,0.02811006697507625,0.009748354701547638,0.0,6.938893903907228e-18,0.0,0.01836171227352862,0.0,2.3156100593771596,0.27,0.06
4197,0.0777512490799985,0.026803684454833727,0.0,0.0,0.0,0.050947564625164775,0.0,2.302202805528432,0.27,0.06
4198,0.0777512490799985,0.011160470037782637,0.0,0.0,0.0,0.06659077904221586,0.0,2.284678916306796,0.27,0.06
4199,0.05721694483579375,0.0049023543609764885,0.0,0.0,0.0,0.05231459047481726,0.0,2.2709119188134235,0.27,0.06
4200,0.05721694483579375,0.003432839070307791,0.0,0.0,0.0,0.053784105765485965,0.0,2.2567582067698746,0.27,0.06
4201,0.14433821624081775,0.00184287688878586,0.0,0.0,0.0,0.14249533935203187,0.0,2.219259433256182,0.27,0.06
4202,0.14433821624081775,0.0,0.0,0.0,0.0,0.14433821624081775,0.0,2.1812756921401775,0.27,0.06
4203,0.1341707452072795,0.0,0.0,2.7755575615628914e-17,0.0,0.13417074520727953,0.0,2.145967601296156,0.27,0.06
4204,0.1341707452072795,0.0,0.0,0.0,0.0,0.1341707452072795,0.0,2.1106595104521353,0.27,0.06
4205,0.057416307012922,0.0,0.0,0.0,0.0,0.057416307012922,0.0,2.095549955975051,0.27,0.06
4206,0.057416307012922,0.0,0.0,0.0,0.0,0.057416307012922,0.0,2.080440401497966,0.27,0.06
4207,0.05721694483579375,0.0,0.0,6.938893903907228e-18,0.0,0.05721694483579376,0.0,2.065383310751704,0.27,0.06
4208,0.05721694483579375,0.0,0.0,0.0,0.0,0.05721694483579375,0.0,2.050326220005443,0.27,0.06
4209,0.049641182104922,0.0,0.0,0.0,0.0,0.049641182104922,0.0,2.0372627510304633,0.27,0.06
4210,0.049641182104922,0.0,0.0,0.0,0.0,0.049641182104922,0.0,2.0241992820554837,0.27,0.06
4211,0.044657127676717,0.0,0.0,0.0,0.0,0.044657127676717,0.0,2.0124474063510847,0.27,0.06
4212,0.044657127676717,0.0,0.0,0.0,0.0,0.044657127676717,0.0,2.0006955306466856,0.27,0.06
4213,0.04545457638523,0.0,0.0,0.0,0.0,0.04545457638523,0.0,1.9887338000189934,0.27,0.06
4214,0.04545457638523,0.0,0.0,0.0,0.0,0.04545457638523,0.0,1.9767720693913013,0.27,0.06
4215,0.04425840332246075,0.0,0.0,0.0,0.0,0.04425840332246075,0.0,1.9651251211485485,0.27,0.06
4216,0.04425840332246075,0.0,0.0,-6.938893903907228e-18,0.0,0.04425840332246074,0.0,1.9534781729057957,0.27,0.06
4217,0.02312601254687135,0.0,0.0,0.0,0.0,0.02312601254687135,0.0,1.9473923801303032,0.27,0.06
4218,0.02312601254687135,0.0,0.0,0.0,0.0,0.02312601254687135,0.0,1.9413065873548108,0.27,0.06
4219,0.03389157011179425,0.0,0.0,0.0,0.0,0.03389157011179425,0.0,1.932387753114865,0.27,0.06
4220,0.03389157011179425,0.0,0.0,0.0,0.0,0.03389157011179425,0.0,1.923468918874919,0.27,0.06
4221,0.13297457214451025,0.0,0.0,0.0,0.0,0.13297457214451025,0.0,1.8884756104158373,0.27,0.06
4222,0.13297457214451025,0.0,0.0,0.0,0.0,0.13297457214451025,0.0,1.8534823019567557,0.27,0.06
4223,0.15271142768020224,0.0,0.0,0.0,0.0,0.15271142768020224,0.0,1.8132950841461761,0.27,0.06
4224,0.15271142768020224,0.0,0.0,0.0,0.0,0.15271142768020224,0.0,1.7731078663355966,0.27,0.06
4225,0.04764756033364,0.0,0.0,0.0,0.0,0.04764756033364,0.0,1.7605690346688492,0.27,0.06
4226,0.04764756033364,0.0,0.0,0.0,0.0,0.04764756033364,0.0,1.7480302030021018,0.27,0.06
4227,0.0372807271229735,0.0,0.0,0.0,0.0,0.0372807271229735,0.0,1.7382194853381614,0.27,0.06
4228,0.0372807271229735,0.0,0.0,0.0,0.0,0.0372807271229735,0.0,1.728408767674221,0.27,0.06
4229,0.03748008930010175,0.0,0.0,-2.0816681711721685e-17,0.0,0.03748008930010173,0.0,1.7185455862794574,0.27,0.06
4230,0.03748008930010175,0.0,0.0,0.0,0.0,0.03748008930010175,0.0,1.7086824048846938,0.27,0.06
4231,0.0271132560894355,0.0,0.0,0.0,0.0,0.0271132560894355,0.0,1.701547337492737,0.27,0.06
4232,0.0271132560894355,0.0,0.0,0.0,0.0,0.0271132560894355,0.0,1.6944122701007804,0.27,0.06
4233,0.0283094291522045,0.0,0.0,0.0,0.0,0.0283094291522045,0.0,1.6869624203238844,0.27,0.06
4234,0.0283094291522045,0.0,0.0,0.0,0.0,0.0283094291522045,0.0,1.6795125705469887,0.27,0.06
4235,0.02292665036974315,0.0,0.0,0.0,0.0,0.02292665036974315,0.0,1.6734792415023194,0.27,0.06
4236,0.02292665036974315,0.0,0.0,0.0,0.0,0.02292665036974315,0.0,1.6674459124576502,0.27,0.06
4237,0.019537493358563723,0.0,0.0,0.0,0.0,0.019537493358563723,0.0,1.6623044668369753,0.27,0.06
4238,0.019537493358563723,0.0,0.0,0.0,0.0,0.019537493358563723,0.0,1.6571630212163007,0.27,0.06
4239,0.0350877431745635,0.0,0.0,0.0,0.0,0.0350877431745635,0.0,1.6479294045914157,0.27,0.06
4240,0.0350877431745635,0.0,0.0,6.938893903907228e-18,0.0,0.03508774317456351,0.0,1.6386957879665305,0.27,0.06
4241,0.02811006697507625,0.0,0.0,0.0,0.0,0.02811006697507625,0.0,1.631298401920458,0.27,0.06
4242,0.02811006697507625,0.0,0.0,0.0,0.0,0.02811006697507625,0.0,1.6239010158743852,0.27,0.06
4243,0.0360845540602045,0.0,0.0,0.0,0.0,0.0360845540602045,0.0,1.614405080595384,0.27,0.06
4244,0.0360845540602045,0.0,0.0,0.0,0.0,0.0360845540602045,0.0,1.604909145316383,0.27,0.06
4245,0.049641182104922,0.0,0.0,0.0,0.0,0.049641182104922,0.0,1.5918456763414035,0.27,0.06
4246,0.049641182104922,0.0,0.0,6.938893903907228e-18,0.0,0.04964118210492201,0.0,1.578782207366424,0.27,0.06
4247,0.0470494738022555,0.0,0.0,2.7755575615628914e-17,0.0,0.04704947380225553,0.0,1.566400766892146,0.27,0.06
4248,0.0470494738022555,0.0,0.0,0.0,0.0,0.0470494738022555,0.0,1.5540193264178683,0.27,0.06
4249,0.0480462846878965,0.0,0.0,0.0,0.0,0.0480462846878965,0.0,1.5413755672894744,0.27,0.06
4250,0.0480462846878965,0.0,0.0,0.0,0.0,0.0480462846878965,0.0,1.5287318081610806,0.27,0.06
4251,0.04884373339640925,0.0,0.0,0.0,0.0,0.04884373339640925,0.0,1.515878194109394,0.27,0.06
4252,0.04884373339640925,0.0,0.0,0.0,0.0,0.04884373339640925,0.0,1.5030245800577073,0.27,0.06
4253,0.03090113745487125,0.0,0.0,0.0,0.0,0.03090113745487125,0.0,1.4948927017801097,0.27,0.06
4254,0.03090113745487125,0.0,0.0,0.0,0.0,0.03090113745487125,0.0,1.486760823502512,0.27,0.06
4255,0.05462523653312725,0.0022262365223064125,0.0,0.0,0.0,0.05239900001082084,0.0,1.4729716129733486,0.27,0.06
4256,0.05462523653312725,0.004167060053253197,0.0,0.0,0.0,0.05045817647987405,0.0,1.459693145478645,0.27,0.06
4257,0.041666695019794,0.00408350203850096,0.0,0.0,0.0,0.03758319298129304,0.0,1.4498028315361995,0.27,0.06
4258,0.041666695019794,0.0059689918463641375,0.0,0.0,0.0,0.035697703173429865,0.0,1.440408699122139,0.27,0.06
4259,0.0382775380086145,0.008165009766722933,0.0,0.0,0.0,0.030112528241891565,0.0,1.4324843495847992,0.27,0.06
4260,0.0382775380086145,0.010681913422144172,0.0,0.0,0.0,0.027595624586470326,0.0,1.4252223431146753,0.27,0.06
4261,0.16028719041107375,0.03441459177376803,0.0,0.0,0.0,0.1258725986373057,0.0,1.3920979750522264,0.27,0.06
4262,0.16028719041107375,0.033710339723522435,0.0,0.0,0.0,0.1265768506875513,0.0,1.3587882775028708,0.27,0.06
4263,0.02890751568358925,0.008501523401509378,0.0,0.0,0.0,0.02040599228207987,0.0,1.3534182795339023,0.27,0.06
4264,0.02890751568358925,0.013565268038783666,0.0,0.0,0.0,0.015342247644805584,0.0,1.349380845943164,0.27,0.06
4265,0.02312601254687135,0.030016622051789073,0.0,-4.0592529337857286e-16,0.006890609504918127,0.0,0.0,1.351017365700582,0.27,0.06
4266,0.02312601254687135,0.056406977878768666,0.0,0.0,0.03328096533189731,0.0,0.0,1.3589215949669076,0.27,0.06
4267,0.021132390775589326,0.06563623102220492,0.0,1.3877787807814457e-17,0.04450384024661558,0.0,0.0,1.3694912570254787,0.27,0.06
4268,0.021132390775589326,0.07356556997443414,0.0,-1.3877787807814457e-17,0.052433179198844826,0.0,0.0,1.3819441370852044,0.27,0.06
4269,0.020534304244204726,0.07200571167470643,0.0,9.71445146547012e-17,0.0514714074305016,0.0,0.0,1.3941685963499486,0.27,0.06
4270,0.020534304244204726,0.06334573218589164,0.0,0.0,0.04281142794168691,0.0,0.0,1.4043363104860993,0.27,0.06
4271,0.029704964392102,0.07076240433532463,0.0,0.0,0.041057439943222626,0.0,0.0,1.4140874524726146,0.27,0.06
4272,0.029704964392102,0.08076395042644453,0.0,0.0,0.05105898603434253,0.0,0.0,1.4262139616557707,0.27,0.06
4273,0.2872808972417375,0.5514672763467623,0.0,5.551115123125783e-17,0.26418637910502474,0.0,0.0,1.4889582266932142,0.27,0.06
4274,0.2872808972417375,0.478835154459419,0.0,0.0,0.1915542572176815,0.0,0.0,1.5344523627824136,0.27,0.06
4275,0.286483448533225,0.3975028832341614,0.0,0.0,0.11101943470093639,0.0,0.0,1.560819478523886,0.27,0.06
4276,0.286483448533225,0.4425703109304856,0.0,0.0,0.1560868623972606,0.0,0.0,1.5978901083432355,0.27,0.06
4277,0.2075360263904575,0.5275674917588967,0.0,1.1102230246251565e-16,0.32003146536843907,0.0,0.0,1.6738975813682397,0.27,0.06
4278,0.2075360263904575,0.5396158429580398,0.0,4.440892098500626e-16,0.3320798165675818,0.0,0.0,1.7527665378030406,0.27,0.06
4279,0.02511963431815325,0.10416152216010825,0.0,0.0,0.07904188784195501,0.0,0.0,1.7715389861655049,0.27,0.06
4280,0.02511963431815325,0.08755786295086046,0.0,6.938893903907228e-18,0.062438228632707204,0.0,0.0,1.7863680654657728,0.27,0.06
4281,0.1084530243577415,0.30176317583123324,0.0,0.0,0.19331015147349173,0.0,0.0,1.832279226440727,0.27,0.06
4282,0.1084530243577415,0.1951200206750288,0.0,0.0,0.08666699631728729,0.0,0.0,1.8528626380660826,0.27,0.06
4283,0.02771134262082,0.039671528691817386,0.0,0.0,0.011960186070997386,0.0,0.0,1.8557031822579446,0.27,0.06
4284,0.02771134262082,0.03680345853673358,0.0,0.0,0.009092115915913579,0.0,0.0,1.857862559787974,0.27,0.06
4285,0.08891553099917775,0.06267762946180885,0.0,0.0,0.0,0.026237901537368893,0.0,1.8509578488570875,0.27,0.06
4286,0.08891553099917775,0.047336110465871585,0.0,0.0,0.0,0.04157942053330616,0.0,1.840015896085165,0.27,0.06
4287,0.02551835867240975,0.012728734326939554,0.0,0.0,0.0,0.012789624345470197,0.0,1.836650205467936,0.27,0.06
4288,0.02551835867240975,0.008789908936299122,0.0,0.0,0.0,0.01672844973611063,0.0,1.8322479818531698,0.27,0.06
4289,0.05462523653312725,0.021744106122563285,0.0,0.0,0.0,0.032881130410563966,0.0,1.8235950527977582,0.27,0.06
4290,0.05462523653312725,0.023135775549821738,0.0,0.0,0.0,0.03148946098330552,0.0,1.8153083525389937,0.27,0.06
4291,0.03289475922615325,0.019050786893577754,0.0,0.0,0.0,0.013843972332575498,0.0,1.811665201925158,0.27,0.06
4292,0.03289475922615325,0.02746938801365387,0.0,0.0,0.0,0.005425371212499381,0.0,1.8102374726587107,0.27,0.06
4293,0.013556628044717675,0.008981500206342042,0.0,0.0,0.0,0.004575127838375633,0.0,1.809033491648612,0.27,0.06
4294,0.013556628044717675,0.005360546125667175,0.0,0.0,0.0,0.0081960819190505,0.0,1.8068766279857038,0.27,0.06
4295,0.0847289252794855,0.01057956717494366,0.0,0.0,0.0,0.07414935810454185,0.0,1.7873636390108245,0.27,0.06
4296,0.0847289252794855,0.004629918692173409,0.0,0.0,0.0,0.08009900658731209,0.0,1.766284953066795,0.27,0.06
4297,0.0817384926225625,0.0005785188883498235,0.0,0.0,0.0,0.08115997373421267,0.0,1.7449270652420021,0.27,0.06
4298,0.0817384926225625,0.0,0.0,0.0,0.0,0.0817384926225625,0.0,1.7234169356044857,0.27,0.06
4299,0.179226597238253,0.0,0.0,0.0,0.0,0.179226597238253,0.0,1.676252041594419,0.27,0.06
4300,0.179226597238253,0.0,0.0,0.0,0.0,0.179226597238253,0.0,1.6290871475843525,0.27,0.06
4301,0.05821375572143475,0.0,0.0,0.0,0.0,0.05821375572143475,0.0,1.613767738183975,0.27,0.06
4302,0.05821375572143475,0.0,0.0,-1.3877787807814457e-17,0.0,0.05821375572143474,0.0,1.5984483287835975,0.27,0.06
4303,0.0530303391161015,0.0,0.0,0.0,0.0,0.0530303391161015,0.0,1.5844929763846234,0.27,0.06
4304,0.0530303391161015,0.0,0.0,0.0,0.0,0.0530303391161015,0.0,1.5705376239856492,0.27,0.06
4305,0.0332934835804095,0.0,0.0,0.0,0.0,0.0332934835804095,0.0,1.5617761809381732,0.27,0.06
4306,0.0332934835804095,0.0,0.0,0.0,0.0,0.0332934835804095,0.0,1.5530147378906969,0.27,0.06
4307,0.02232856383835855,0.0,0.0,0.0,0.0,0.02232856383835855,0.0,1.5471388000384971,0.27,0.06
4308,0.02232856383835855,0.0,0.0,0.0,0.0,0.02232856383835855,0.0,1.5412628621862976,0.27,0.06
4309,0.02312601254687135,0.0,0.0,3.469446951953614e-18,0.0,0.023126012546871355,0.0,1.5351770694108051,0.27,0.06
4310,0.02312601254687135,0.0,0.0,0.0,0.0,0.02312601254687135,0.0,1.5290912766353126,0.27,0.06
4311,0.02352473690112775,0.0,0.0,0.0,0.0,0.02352473690112775,0.0,1.5229005563981737,0.27,0.06
4312,0.02352473690112775,0.0,0.0,0.0,0.0,0.02352473690112775,0.0,1.516709836161035,0.27,0.06
4313,0.02412282343251235,0.0,0.0,0.0,0.0,0.02412282343251235,0.0,1.5103617247314265,0.27,0.06
4314,0.02412282343251235,0.0,0.0,0.0,0.0,0.02412282343251235,0.0,1.504013613301818,0.27,0.06
4315,0.0143540767532305,0.0,0.0,0.0,0.0,0.0143540767532305,0.0,1.5002362246825467,0.27,0.06
4316,0.0143540767532305,0.0,0.0,0.0,0.0,0.0143540767532305,0.0,1.4964588360632756,0.27,0.06
4317,0.034689018820307,0.0,0.0,0.0,0.0,0.034689018820307,0.0,1.4873301469000368,0.27,0.06
4318,0.034689018820307,0.0,0.0,-6.938893903907228e-18,0.0,0.03468901882030699,0.0,1.4782014577367981,0.27,0.06
4319,0.02771134262082,0.0,0.0,0.0,0.0,0.02771134262082,0.0,1.4709089991523718,0.27,0.06
4320,0.02771134262082,0.0,0.0,0.0,0.0,0.02771134262082,0.0,1.4636165405679455,0.27,0.06
4321,0.019736855535691926,0.0,0.0,0.0,0.0,0.019736855535691926,0.0,1.4584226312164477,0.27,0.06
4322,0.019736855535691926,0.0,0.0,0.0,0.0,0.019736855535691926,0.0,1.45322872186495,0.27,0.06
4323,0.026714531735179,0.0,0.0,0.0,0.0,0.026714531735179,0.0,1.4461985819346397,0.27,0.06
4324,0.026714531735179,0.0,0.0,0.0,0.0,0.026714531735179,0.0,1.4391684420043294,0.27,0.06
4325,0.02511963431815325,0.0,0.0,0.0,0.0,0.02511963431815325,0.0,1.4325580119206047,0.27,0.06
4326,0.02511963431815325,0.0,0.0,0.0,0.0,0.02511963431815325,0.0,1.42594758183688,0.27,0.06
4327,0.1481260976062535,0.0,0.0,0.0,0.0,0.1481260976062535,0.0,1.3869670298352346,0.27,0.06
4328,0.1481260976062535,0.0,0.0,0.0,0.0,0.1481260976062535,0.0,1.3479864778335888,0.27,0.06
4329,0.0787480599656395,0.0,0.0,0.0,0.0,0.0787480599656395,0.0,1.3272633041584208,0.27,0.06
4330,0.0787480599656395,0.0,0.0,0.0,0.0,0.0787480599656395,0.0,1.3065401304832525,0.27,0.06
4331,0.04027115977989675,0.0,0.0,-2.0816681711721685e-17,0.0,0.04027115977989673,0.0,1.2959424568569637,0.27,0.06
4332,0.04027115977989675,0.0,0.0,0.0,0.0,0.04027115977989675,0.0,1.2853447832306752,0.27,0.06
4333,0.02691389391230725,0.0,0.0,0.0,0.0,0.02691389391230725,0.0,1.2782621795695417,0.27,0.06
4334,0.02691389391230725,0.0,0.0,0.0,0.0,0.02691389391230725,0.0,1.2711795759084081,0.27,0.06
4335,0.05681822048153725,0.0,0.0,0.0,0.0,0.05681822048153725,0.0,1.2562274126237931,0.27,0.06
4336,0.05681822048153725,0.0,0.0,0.0,0.0,0.05681822048153725,0.0,1.241275249339178,0.27,0.06
4337,0.049441819927794,0.0,0.0,6.938893903907228e-18,0.0,0.049441819927794006,0.0,1.2282642440950218,0.27,0.06
4338,0.049441819927794,0.0,0.0,6.938893903907228e-18,0.0,0.049441819927794006,0.0,1.2152532388508654,0.27,0.06
4339,0.021531115129845724,0.0,0.0,1.0408340855860843e-17,0.0,0.021531115129845735,0.0,1.2095871559219586,0.27,0.06
4340,0.021531115129845724,0.0,0.0,1.0408340855860843e-17,0.0,0.021531115129845735,0.0,1.2039210729930518,0.27,0.06
4341,0.03648327841446075,0.0,0.0,0.0,0.0,0.03648327841446075,0.0,1.1943202102524044,0.27,0.06
4342,0.03648327841446075,0.0,0.0,0.0,0.0,0.03648327841446075,0.0,1.1847193475117568,0.27,0.06
4343,0.0291068778607175,0.0,0.0,0.0,0.0,0.0291068778607175,0.0,1.177059642811568,0.27,0.06
4344,0.0291068778607175,0.0,0.0,-6.938893903907228e-18,0.0,0.029106877860717494,0.0,1.169399938111379,0.27,0.06
4345,0.0500399064591785,0.0,0.0,0.0,0.0,0.0500399064591785,0.0,1.1562315416747533,0.27,0.06
4346,0.0500399064591785,0.0,0.0,0.0,0.0,0.0500399064591785,0.0,1.1430631452381272,0.27,0.06
4347,0.04186605719692225,0.0,0.0,0.0,0.0,0.04186605719692225,0.0,1.132045761765253,0.27,0.06
4348,0.04186605719692225,0.0,0.0,0.0,0.0,0.04186605719692225,0.0,1.1210283782923787,0.27,0.06
4349,0.0330941214032815,0.0,0.0,0.0,0.0,0.0330941214032815,0.0,1.1123193989757256,0.27,0.06
4350,0.0330941214032815,0.0017037202383572527,0.0,0.0,0.0,0.03139040116492425,0.0,1.1040587670902193,0.27,0.06
4351,0.0271132560894355,0.002697292529227107,0.0,0.0,0.0,0.024415963560208392,0.0,1.0976335135217434,0.27,0.06
4352,0.0271132560894355,0.0036591432535634243,0.0,0.0,0.0,0.023454112835872076,0.0,1.091461378564935,0.27,0.06
4353,0.12320582546522825,0.023915571933811268,0.0,0.0,0.0,0.09929025353141699,0.0,1.06533236447772,0.27,0.06
4354,0.12320582546522825,0.037467096406192536,0.0,0.0,0.0,0.0857387290590357,0.0,1.0427695410411317,0.27,0.06
4355,0.02771134262082,0.02081169976094846,0.0,0.0,0.0,0.0068996428598715395,0.0,1.0409538455516918,0.27,0.06
4356,0.02771134262082,0.029277585312444395,0.0,0.0,0.0015662426916243956,0.0,0.0,1.0413258281909525,0.27,0.06
4357,0.04286286808256325,0.04340247581140658,0.0,0.0,0.0005396077288433235,0.0,0.0,1.0414539850265527,0.27,0.06
4358,0.04286286808256325,0.03204626260567114,0.0,0.0,0.0,0.010816605476892116,0.0,1.0386075099010548,0.27,0.06
4359,0.03448965664317875,0.03271539475388916,0.0,0.0,0.0,0.0017742618892895856,0.0,1.0381405988775576,0.27,0.06
4360,0.03448965664317875,0.038133321797286186,0.0,2.7755575615628914e-17,0.0036436651541074117,0.0,0.0,1.039005969351658,0.27,0.06
4361,0.101076623803998,0.13477292580360536,0.0,0.0,0.03369630199960737,0.0,0.0,1.0470088410765648,0.27,0.06
4362,0.101076623803998,0.18553548257598568,0.0,0.0,0.08445885877198768,0.0,0.0,1.0670678200349117,0.27,0.06
4363,0.02472090996389695,0.06344876785514685,0.0,5.689893001203927e-16,0.03872785789124933,0.0,0.0,1.0762656862840836,0.27,0.06
4364,0.02472090996389695,0.0710911530083619,0.0,8.187894806610529e-16,0.04637024304446413,0.0,0.0,1.0872786190071437,0.27,0.06
4365,0.018540682472922725,0.06358518838116303,0.0,-1.8735013540549517e-16,0.045044505908240495,0.0,0.0,1.0979766891603508,0.27,0.06
4366,0.018540682472922725,0.07353852852673753,0.0,-8.257283745649602e-16,0.054997846053815636,0.0,0.0,1.1110386775981325,0.27,0.06
4367,0.02332537472399955,0.11686590714477262,0.0,0.0,0.09354053242077306,0.0,0.0,1.133254554048066,0.27,0.06
4368,0.02332537472399955,0.06013522793726776,0.0,-5.828670879282072e-16,0.036809853213268795,0.0,0.0,1.1419968941862173,0.27,0.06
4369,0.286483448533225,0.5749389705303609,0.0,0.0,0.2884555219971359,0.0,0.0,1.210505080660537,0.27,0.06
4370,0.286483448533225,0.6157687541667504,0.0,-7.216449660063518e-16,0.3292853056335261,0.0,0.0,1.2887103407484994,0.27,0.06
4371,0.295454746503995,0.6026132605333785,0.0,1.6653345369377348e-16,0.3071585140293833,0.0,0.0,1.3616604878304779,0.27,0.06
4372,0.295454746503995,0.5731716559092442,0.0,0.0,0.27771690940524923,0.0,0.0,1.4276182538142246,0.27,0.06
4373,0.138756075281228,0.5245083685210384,0.0,1.1102230246251565e-16,0.3857522932398103,0.0,0.0,1.5192344234586794,0.27,0.06
4374,0.138756075281228,0.5330139927019132,0.0,0.0,0.39425791742068517,0.0,0.0,1.6128706788460923,0.27,0.06
4375,0.02811006697507625,0.22104745915116342,0.0,0.0,0.19293739217608716,0.0,0.0,1.658693309487913,0.27,0.06
4376,0.02811006697507625,0.4013150486379196,0.0,4.996003610813204e-16,0.3732049816628429,0.0,0.0,1.7473294926328382,0.27,0.06
4377,0.0897129797076905,0.37946403491661107,0.0,-2.7755575615628914e-16,0.28975105520892086,0.0,0.0,1.8161453682449569,0.27,0.06
4378,0.0897129797076905,0.28830037076773085,0.0,0.0,0.19858739106004036,0.0,0.0,1.8633098736217164,0.27,0.06
4379,0.02811006697507625,0.1411506913420458,0.0,0.0,0.11304062436696956,0.0,0.0,1.8901570219088717,0.27,0.06
4380,0.02811006697507625,0.10208594939930636,0.0,0.0,0.07397588242423012,0.0,0.0,1.9077262939846265,0.27,0.06
4381,0.0697767619948705,0.21608542133274147,0.0,0.0,0.14630865933787096,0.0,0.0,1.9424746005773708,0.27,0.06
4382,0.0697767619948705,0.17572752165035813,0.0,0.0,0.10595075965548763,0.0,0.0,1.967637905995549,0.27,0.06
4383,0.02412282343251235,0.11699290595669515,0.0,0.0,0.0928700825241828,0.0,0.0,1.9896945505950425,0.27,0.06
4384,0.02412282343251235,0.06982723961425157,0.0,1.8041124150158794e-16,0.04570441618173904,0.0,0.0,2.0005493494382054,0.27,0.06
4385,0.091108514947588,0.13612594837697953,0.0,0.0,0.04501743342939153,0.0,0.0,2.011240989877686,0.27,0.06
4386,0.091108514947588,0.13476558203840275,0.0,1.3877787807814457e-17,0.04365706709081474,0.0,0.0,2.0216095433117545,0.27,0.06
4387,0.0175438715872817,0.027948743469888463,0.0,0.0,0.010404871882606762,0.0,0.0,2.0240807003838737,0.27,0.06
4388,0.0175438715872817,0.008482048767671328,0.0,0.0,0.0,0.009061822819610373,0.0,2.0216960101681867,0.27,0.06
4389,0.112838992254562,0.030764745171610902,-0.0,0.0,0.0,0.08207424708295054,0.0,2.000097524093726,0.27,0.06
4390,0.112838992254562,0.02708641125331628,0.0,0.0,0.0,0.08575258100124572,0.0,1.9775310554091876,0.27,0.06
4391,0.31917884558225,0.04175971339949105,0.0,0.0,0.0,0.277419132182759,0.0,1.9045260206242511,0.27,0.06
4392,0.31917884558225,0.017761888748476957,0.0,0.0,0.0,0.30141695683377306,0.0,1.8252057688258898,0.27,0.06
4393,0.13257584779025375,0.0011084315453034706,0.0,0.0,0.0,0.13146741624495029,0.0,1.7906090803403765,0.27,0.06
4394,0.13257584779025375,0.0,0.0,0.0,0.0,0.13257584779025375,0.0,1.7557206993429413,0.27,0.06
4395,0.13337329649876675,0.0,0.0,0.0,0.0,0.13337329649876675,0.0,1.7206224634222131,0.27,0.06
4396,0.13337329649876675,0.0,0.0,0.0,0.0,0.13337329649876675,0.0,1.685524227501485,0.27,0.06
4397,0.056419496127281,0.0,0.0,0.0,0.0,0.056419496127281,0.0,1.6706769916785165,0.27,0.06
4398,0.056419496127281,0.0,0.0,0.0,0.0,0.056419496127281,0.0,1.6558297558555477,0.27,0.06
4399,0.048445009042153,0.0,0.0,0.0,0.0,0.048445009042153,0.0,1.6430810692655073,0.27,0.06
4400,0.048445009042153,0.0,0.0,0.0,0.0,0.048445009042153,0.0,1.6303323826754672,0.27,0.06
4401,0.05123607952194775,0.0,0.0,0.0,0.0,0.05123607952194775,0.0,1.616849203853902,0.27,0.06
4402,0.05123607952194775,0.0,0.0,0.0,0.0,0.05123607952194775,0.0,1.6033660250323367,0.27,0.06
4403,0.047448198156512,0.0,0.0,2.0816681711721685e-17,0.0,0.04744819815651202,0.0,1.5908796570964125,0.27,0.06
4404,0.047448198156512,0.0,0.0,0.0,0.0,0.047448198156512,0.0,1.5783932891604886,0.27,0.06
4405,0.051435441699076,0.0,0.0,0.0,0.0,0.051435441699076,0.0,1.5648576466081001,0.27,0.06
4406,0.051435441699076,0.0,-0.0,0.0,0.0,0.051435441699076136,0.0,1.5513220040557116,0.27,0.06
4407,0.0620016370868705,0.0,0.0,0.0,0.0,0.0620016370868705,0.0,1.535005783769693,0.27,0.06
4408,0.0620016370868705,0.0,0.0,0.0,0.0,0.0620016370868705,0.0,1.5186895634836746,0.27,0.06
4409,0.077352524725742,0.0,0.0,0.0,0.0,0.077352524725742,0.0,1.4983336359242687,0.27,0.06
4410,0.077352524725742,0.0,0.0,0.0,0.0,0.077352524725742,0.0,1.4779777083648629,0.27,0.06
4411,0.05382778782461425,0.0,0.0,6.938893903907228e-18,0.0,0.053827787824614254,0.0,1.463812501042596,0.27,0.06
4412,0.05382778782461425,0.0,0.0,2.7755575615628914e-17,0.0,0.053827787824614275,0.0,1.449647293720329,0.27,0.06
4413,0.02312601254687135,0.0,0.0,3.469446951953614e-18,0.0,0.023126012546871355,0.0,1.4435615009448366,0.27,0.06
4414,0.02312601254687135,0.0,0.0,0.0,0.0,0.02312601254687135,0.0,1.4374757081693441,0.27,0.06
4415,0.03588519188307625,0.0,0.0,0.0,0.0,0.03588519188307625,0.0,1.4280322366211662,0.27,0.06
4416,0.03588519188307625,0.0,-0.0,0.0,0.0,0.03588519188307625,0.0,1.4185887650729883,0.27,0.06
4417,0.15929037952543276,0.0,0.0,0.0,0.0,0.15929037952543276,0.0,1.3766702441452427,0.27,0.06
4418,0.15929037952543276,0.0,0.07599473377677182,0.0,0.0,0.08329564574866094,0.0,1.3547503373692793,0.27,0.06
4419,0.0580143935443065,0.0,0.0,0.0,0.0,0.0580143935443065,0.0,1.3394833916997257,0.27,0.06
4420,0.0580143935443065,0.0,0.0,0.0,0.0,0.0580143935443065,0.0,1.3242164460301713,0.27,0.06
4421,0.036682640591589,0.0,0.0,0.0,0.0,0.036682640591589,0.0,1.3145631195587004,0.27,0.06
4422,0.036682640591589,0.0,0.0,0.0,0.0,0.036682640591589,0.0,1.3049097930872295,0.27,0.06
4423,0.0360845540602045,0.0,0.0,0.0,0.0,0.0360845540602045,0.0,1.2954138578082284,0.27,0.06
4424,0.0360845540602045,0.0,0.0,0.0,0.0,0.0360845540602045,0.0,1.285917922529227,0.27,0.06
4425,0.0273126182665635,0.0,0.0,0.0,0.0,0.0273126182665635,0.0,1.2787303914064472,0.27,0.06
4426,0.0273126182665635,0.0,0.0,3.469446951953614e-18,0.0,0.027312618266563504,0.0,1.2715428602836674,0.27,0.06
4427,0.021730477306973923,0.0,0.0,0.0,0.0,0.021730477306973923,0.0,1.2658243136239373,0.27,0.06
4428,0.021730477306973923,0.0,0.0,0.0,0.0,0.021730477306973923,0.0,1.2601057669642073,0.27,0.06
4429,0.028708153506461,0.0,0.0,0.0,0.0,0.028708153506461,0.0,1.252550989725665,0.27,0.06
4430,0.028708153506461,0.0,0.0,0.0,0.0,0.028708153506461,0.0,1.2449962124871226,0.27,0.06
4431,0.0301036887463585,0.0,0.0,0.0,0.0,0.0301036887463585,0.0,1.2370741891328176,0.27,0.06
4432,0.0301036887463585,0.0,0.0,0.0,0.0,0.0301036887463585,0.0,1.2291521657785127,0.27,0.06
4433,0.0301036887463585,0.0,0.0,-3.469446951953614e-18,0.0,0.030103688746358496,0.0,1.2212301424242078,0.27,0.06
4434,0.0301036887463585,0.0,0.0,0.0,0.0,0.0301036887463585,0.0,1.213308119069903,0.27,0.06
4435,0.02691389391230725,0.0,0.0,0.0,0.0,0.02691389391230725,0.0,1.2062255154087695,0.27,0.06
4436,0.02691389391230725,0.0,0.0,0.0,0.0,0.02691389391230725,0.0,1.199142911747636,0.27,0.06
4437,0.0163476985245125,0.0,0.0,0.0,0.0,0.0163476985245125,0.0,1.1948408858201327,0.27,0.06
4438,0.0163476985245125,0.0,0.0,1.3877787807814457e-17,0.0,0.016347698524512514,0.0,1.1905388598926294,0.27,0.06
4439,0.020733666421332925,0.0,0.0,0.0,0.0,0.020733666421332925,0.0,1.1850826318870156,0.27,0.06
4440,0.020733666421332925,0.0,0.0,0.0,0.0,0.020733666421332633,0.0,1.1796264038814017,0.27,0.06
4441,0.0271132560894355,0.0,0.0,0.0,0.0,0.0271132560894355,0.0,1.1724913364894451,0.27,0.06
4442,0.0271132560894355,0.0,0.0,0.0,0.0,0.0271132560894355,0.0,1.1653562690974884,0.27,0.06
4443,0.0273126182665635,0.0,0.0,0.0,0.0,0.0273126182665635,0.0,1.1581687379747083,0.27,0.06
4444,0.0273126182665635,0.0,0.0,0.0,0.0,0.0273126182665635,0.0,1.1509812068519285,0.27,0.06
4445,0.0303030509234865,0.0,0.0,0.0,0.0,0.0303030509234865,0.0,1.1430067197668006,0.27,0.06
4446,0.0303030509234865,0.0,0.0,0.0,0.0,0.0303030509234865,0.0,1.1350322326816724,0.27,0.06
4447,0.02252792601548675,0.00101236191908648,0.0,0.0,0.0,0.02151556409640027,0.0,1.129370242129988,0.27,0.06
4448,0.02252792601548675,0.0029534505783125812,0.0,3.469446951953614e-18,0.0,0.019574475437174173,0.0,1.1242190643833634,0.27,0.06
4449,0.060406739669845,0.011169884846098838,0.0,0.0,0.0,0.049236854823746165,0.0,1.1112619973244828,0.27,0.06
4450,0.060406739669845,0.02287783306113365,0.0,0.0,0.0,0.037528906608711346,0.0,1.1013859692695587,0.27,0.06
4451,0.1451356649493305,0.040304038103283535,0.0,0.0,0.0,0.10483162684604697,0.0,1.0737986990469148,0.27,0.06
4452,0.1451356649493305,0.04728732918221713,-0.0,0.0,0.0,0.09784833576711316,0.0,1.0480491370029377,0.27,0.06
4453,0.141746507938151,0.06747977577269772,0.07426673216545328,0.0,0.0,0.0,0.0,1.0480491370029377,0.27,0.06
4454,0.141746507938151,0.04521232386272983,0.0,-1.3877787807814457e-17,0.0,0.09653418407542115,0.0,1.022645404351511,0.27,0.06
4455,0.07515954077733175,0.02281297013250393,0.0,0.0,0.0,0.052346570644827825,0.0,1.0088699910239247,0.27,0.06
4456,0.07515954077733175,0.04145357488641823,0.0,0.0,-0.0,0.03370596589091392,0.0,1.0,0.27,0.06
4457,0.02551835867240975,0.05390036949344826,0.0,9.020562075079397e-17,0.028382010821038417,0.0,0.0,1.0067407275699967,0.27,0.06
4458,0.02551835867240975,0.0890406611685561,0.0,1.3877787807814457e-16,0.06352230249614621,0.0,0.0,1.0218272744128314,0.27,0.06
4459,0.0151515254617433,0.04215751362512287,0.0,0.0,0.02700598816337957,0.0,0.0,1.028241196601634,0.27,0.06
4460,0.0151515254617433,0.04210923939016342,0.0,0.0,0.02695771392842012,0.0,0.0,1.0346436536596337,0.27,0.06
4461,0.018939406827179126,0.042736722818072295,0.0,0.0,0.02379731599089317,0.0,0.0,1.040295516207471,0.27,0.06
4462,0.018939406827179126,0.062230842819275024,0.0,1.6653345369377348e-16,0.04329143599209573,0.0,0.0,1.0505772322555935,0.27,0.06
4463,0.018939406827179126,0.07783575016392336,0.0,0.0,0.058896343336744233,0.0,0.0,1.0645651137980703,0.27,0.06
4464,0.018939406827179126,0.06241818317010247,0.0,1.5265566588595902e-16,0.04347877634292319,0.0,0.0,1.0748913231795145,0.27,0.06
4465,0.2828949293449175,0.7611316285994622,0.0,-1.6653345369377348e-16,0.4782366992545448,0.0,0.0,1.1884725392524689,0.27,0.06
4466,0.2828949293449175,0.8176240892277424,0.0,-6.661338147750939e-16,0.5347291598828257,0.0,0.0,1.31547071472464,0.27,0.06
4467,0.295454746503995,0.8270264403450756,0.0,4.440892098500626e-16,0.5315716938410802,0.0,0.0,1.4417189920118965,0.27,0.06
4468,0.295454746503995,0.861240573502458,0.0,4.440892098500626e-16,0.5657858269984626,0.0,0.0,1.5760931259240314,0.27,0.06
4469,0.205143680264919,0.6683127187874224,0.0,2.220446049250313e-16,0.46316903852250313,0.0,0.0,1.6860957725731258,0.27,0.06
4470,0.205143680264919,0.5126916711409134,0.0,2.220446049250313e-16,0.30754799087599416,0.0,0.0,1.7591384204061744,0.27,0.06
4471,0.0153508876388715,0.0492715729716929,0.0,0.0,0.0339206853328214,0.0,0.0,1.7671945831727196,0.27,0.06
4472,0.0153508876388715,0.08546098939587464,0.0,0.0,0.07011010175700313,0.0,0.0,1.7838457323400079,0.27,0.06
4473,0.0944976719587675,0.636757958230327,0.0,0.0,0.5422602862715595,0.0,0.0,1.9126325503295032,0.27,0.06
4474,0.0944976719587675,0.5222830252815667,0.0,0.0,0.42778535332279916,0.0,0.0,2.014231571743668,0.27,0.06
4475,0.0165470607016407,0.11935633801966535,0.0,0.0,0.10280927731802464,0.0,0.0,2.038648775106699,0.27,0.06
4476,0.0165470607016407,0.12501747973755523,0.0,0.0,0.10847041903591453,0.0,0.0,2.0644104996277286,0.27,0.06
4477,0.069378037640614,0.20704425711129537,0.0,0.0,0.13766621947068136,0.0,0.0,2.0971062267520155,0.27,0.06
4478,0.069378037640614,0.1626254460924552,0.0,0.0,0.0932474084518412,0.0,0.0,2.119252486259328,0.27,0.06
4479,0.04246414372830675,0.0759221264215437,0.0,0.0,0.033457982693236944,0.0,0.0,2.1271987571489714,0.27,0.06
4480,0.04246414372830675,0.06643679921143195,0.0,0.0,0.023972655483125195,0.0,0.0,2.1328922628262132,0.27,0.06
4481,0.019537493358563723,0.044466027534482484,0.0,0.0,0.02492853417591876,0.0,0.0,2.138812789692994,0.27,0.06
4482,0.019537493358563723,0.04934715404411289,0.0,0.0,0.029809660685549168,0.0,0.0,2.1458925841058116,0.27,0.06
4483,0.06758377804646025,0.07987553176667486,0.0,0.0,0.012291753720214613,0.0,0.0,2.1488118756143626,0.27,0.06
4484,0.06758377804646025,0.05698905600793383,0.0,0.0,0.0,0.010594722038526419,0.0,2.146023790867382,0.27,0.06
4485,0.020933028598461124,0.029402758209104176,0.0,-6.869504964868156e-16,0.00846972961064374,0.0,0.0,2.1480353516499098,0.27,0.06
4486,0.020933028598461124,0.01324900091670348,0.0,0.0,0.0,0.007684027681757643,0.0,2.146013239102079,0.27,0.06
4487,0.0155502498159997,0.009501158049537235,0.0,0.0,0.0,0.006049091766462466,0.0,2.144421372847747,0.27,0.06
4488,0.0155502498159997,0.005084869225962483,0.0,0.0,0.0,0.010465380590037217,0.0,2.141667325324053,0.27,0.06
4489,0.0986842776784595,0.004924451017216439,0.0,0.0,0.0,0.09375982666124306,0.0,2.1169936867289887,0.27,0.06
4490,0.0986842776784595,0.0,0.0,0.0,0.0,0.0986842776784595,0.0,2.0910241399714993,0.27,0.06
4491,0.1144338896715875,0.0,0.0,0.0,0.0,0.1144338896715875,0.0,2.0609099584789763,0.27,0.06
4492,0.1144338896715875,0.0,0.0,-4.163336342344337e-17,0.0,0.11443388967158746,0.0,2.0307957769864533,0.27,0.06
4493,0.044657127676717,0.0,0.0,0.0,0.0,0.044657127676717,0.0,2.0190439012820542,0.27,0.06
4494,0.044657127676717,0.0,0.0,0.0,0.0,0.044657127676717,0.0,2.007292025577655,0.27,0.06
4495,0.0470494738022555,0.0,0.0,0.0,0.0,0.0470494738022555,0.0,1.9949105851033773,0.27,0.06
4496,0.0470494738022555,0.0,0.0,-6.938893903907228e-18,0.0,0.04704947380225549,0.0,1.9825291446290996,0.27,0.06
4497,0.013556628044717675,0.0,0.0,0.0,0.0,0.013556628044717675,0.0,1.9789616109331212,0.27,0.06
4498,0.013556628044717675,0.0,0.0,0.0,0.0,0.013556628044717675,0.0,1.9753940772371428,0.27,0.06
4499,0.010964919742051075,0.0,0.0,0.0,0.0,0.010964919742051075,0.0,1.9725085720418662,0.27,0.06
4500,0.010964919742051075,0.0,0.0,0.0,0.0,0.010964919742051075,0.0,1.9696230668465897,0.27,0.06
4501,0.0175438715872817,0.0,0.0,0.0,0.0,0.0175438715872817,0.0,1.965006258534147,0.27,0.06
4502,0.0175438715872817,0.0,0.0,0.0,0.0,0.0175438715872817,0.0,1.9603894502217045,0.27,0.06
4503,0.013357265867589474,0.0,0.0,0.0,0.0,0.013357265867589474,0.0,1.9568743802565494,0.27,0.06
4504,0.013357265867589474,0.0,0.0,0.0,0.0,0.013357265867589474,0.0,1.9533593102913942,0.27,0.06
4505,0.018540682472922725,0.0,0.0,0.0,0.0,0.018540682472922725,0.0,1.9484801833248355,0.27,0.06
4506,0.018540682472922725,0.0,0.0,0.0,0.0,0.018540682472922725,0.0,1.9436010563582768,0.27,0.06
4507,0.10626004040933125,0.0,0.0,0.0,0.0,0.10626004040933125,0.0,1.9156378878295055,0.27,0.06
4508,0.10626004040933125,0.0,0.0,0.0,0.0,0.10626004040933125,0.0,1.8876747193007342,0.27,0.06
4509,0.1301835016647155,0.0,0.0,0.0,0.0,0.1301835016647155,0.0,1.8534159030731776,0.27,0.06
4510,0.1301835016647155,0.0,0.0,0.0,0.0,0.1301835016647155,0.0,1.8191570868456208,0.27,0.06
4511,0.149521632846151,0.0,0.0,2.7755575615628914e-17,0.0,0.14952163284615103,0.0,1.7798092887282126,0.27,0.06
4512,0.149521632846151,0.0,0.0,0.0,0.0,0.149521632846151,0.0,1.7404614906108045,0.27,0.06
4513,0.0390749867171275,0.0,0.0,0.0,0.0,0.0390749867171275,0.0,1.7301785993694552,0.27,0.06
4514,0.0390749867171275,0.0,0.0,0.0,0.0,0.0390749867171275,0.0,1.7198957081281059,0.27,0.06
4515,0.041666695019794,0.0,0.0,2.7755575615628914e-17,0.0,0.04166669501979403,0.0,1.7089307883860547,0.27,0.06
4516,0.041666695019794,0.0,0.0,0.0,0.0,0.041666695019794,0.0,1.6979658686440036,0.27,0.06
4517,0.046451387270871,0.0,0.0,0.0,0.0,0.046451387270871,0.0,1.6857418193621954,0.27,0.06
4518,0.046451387270871,0.0,0.0,0.0,0.0,0.046451387270871,0.0,1.6735177700803872,0.27,0.06
4519,0.181220219009535,0.0,0.0,0.0,0.0,0.181220219009535,0.0,1.6258282387620886,0.27,0.06
4520,0.181220219009535,0.0,0.0,0.0,0.0,0.181220219009535,0.0,1.5781387074437898,0.27,0.06
4521,0.123803911996613,0.0,0.0,0.0,0.0,0.123803911996613,0.0,1.5455587306025755,0.27,0.06
4522,0.123803911996613,0.0,0.0,-1.3877787807814457e-17,0.0,0.12380391199661299,0.0,1.5129787537613617,0.27,0.06
4523,0.02332537472399955,0.0,0.0,0.0,0.0,0.02332537472399955,0.0,1.506840497255046,0.27,0.06
4524,0.02332537472399955,0.0,0.0,0.0,0.0,0.02332537472399955,0.0,1.5007022407487303,0.27,0.06
4525,0.0151515254617433,0.0,0.0,0.0,0.0,0.0151515254617433,0.0,1.4967149972061662,0.27,0.06
4526,0.0151515254617433,0.0,0.0,8.673617379884035e-18,0.0,0.01515152546174331,0.0,1.492727753663602,0.27,0.06
4527,0.0273126182665635,0.0,0.0,0.0,0.0,0.0273126182665635,0.0,1.4855402225408223,0.27,0.06
4528,0.0273126182665635,0.0,0.0,3.469446951953614e-18,0.0,0.027312618266563504,0.0,1.4783526914180425,0.27,0.06
4529,0.02591708302666625,0.0,0.0,0.0,0.0,0.02591708302666625,0.0,1.4715324064110251,0.27,0.06
4530,0.02591708302666625,0.0,0.0,1.0408340855860843e-17,0.0,0.02591708302666626,0.0,1.4647121214040077,0.27,0.06
4531,0.018740044650050924,0.0,0.0,0.0,0.0,0.018740044650050924,0.0,1.4597805307066258,0.27,0.06
4532,0.018740044650050924,0.0,0.0,0.0,0.0,0.018740044650050924,0.0,1.454848940009244,0.27,0.06
4533,0.02272728819261495,0.0,0.0,0.0,0.0,0.02272728819261495,0.0,1.448868074695398,0.27,0.06
4534,0.02272728819261495,0.0,0.0,0.0,0.0,0.02272728819261495,0.0,1.442887209381552,0.27,0.06
4535,0.0877193579364085,0.0,0.0,0.0,0.0,0.0877193579364085,0.0,1.4198031678193392,0.27,0.06
4536,0.0877193579364085,0.0,0.0,0.0,0.0,0.0877193579364085,0.0,1.3967191262571266,0.27,0.06
4537,0.1975679175340475,0.0,0.0,0.0,0.0,0.1975679175340475,0.0,1.3447275690113245,0.27,0.06
4538,0.1975679175340475,0.0,0.0,0.0,0.0,0.1975679175340475,0.0,1.2927360117655227,0.27,0.06
4539,0.07256783247466525,0.0,0.0,0.0,0.0,0.07256783247466525,0.0,1.2736392137458739,0.27,0.06
4540,0.07256783247466525,0.0,0.0,5.551115123125783e-17,0.0,0.0725678324746653,0.0,1.254542415726225,0.27,0.06
4541,0.1114434570146645,0.0,0.0,0.0,0.0,0.1114434570146645,0.0,1.2252151901960502,0.27,0.06
4542,0.1114434570146645,0.0,0.0,0.0,0.0,0.1114434570146645,0.0,1.1958879646658753,0.27,0.06
4543,0.0777512490799985,0.00755324735270265,0.0,0.0,0.0,0.07019800172729586,0.0,1.177414806316587,0.27,0.06
4544,0.0777512490799985,0.01783452543586854,0.0,0.0,0.0,0.05991672364412996,0.0,1.1616472474628685,0.27,0.06
4545,0.09728874243856225,0.029122044732036303,0.0,0.0,0.0,0.06816669770652595,0.0,1.1437086428032563,0.27,0.06
4546,0.09728874243856225,0.050876582522657685,0.0,0.0,0.0,0.04641215991590457,0.0,1.1314949165095973,0.27,0.06
4547,0.02811006697507625,0.01859357921038169,0.0,0.0,0.0,0.009516487764694558,0.0,1.1289905776241513,0.27,0.06
4548,0.02811006697507625,0.015297392755889677,0.0,0.0,0.0,0.012812674219186571,0.0,1.1256188212506812,0.27,0.06
4549,0.02352473690112775,0.018565085632285542,0.0,0.0,0.0,0.004959651268842208,0.0,1.1243136498641437,0.27,0.06
4550,0.02352473690112775,0.03322908523683841,0.0,-8.326672684688674e-17,0.009704348335710742,0.0,0.0,1.126618432593875,0.27,0.06
4551,0.02392346125538415,0.03136713939243591,0.0,4.85722573273506e-17,0.0074436781370517124,0.0,0.0,1.1283863061514248,0.27,0.06
4552,0.02392346125538415,0.03427755134641663,0.0,0.0,0.010354090091032477,0.0,0.0,1.130845402548045,0.27,0.06
4553,0.018939406827179126,0.04411350758441277,0.0,0.0,0.025174100757233645,0.0,0.0,1.136824251477888,0.27,0.06
4554,0.018939406827179126,0.038465793047917196,0.0,0.0,0.01952638622073807,0.0,0.0,1.1414617682053132,0.27,0.06
4555,0.02212920166123035,0.08807917112525407,0.0,1.8041124150158794e-16,0.06594996946402354,0.0,0.0,1.1571248859530188,0.27,0.06
4556,0.02212920166123035,0.13102439668514687,0.0,0.0,0.10889519502391652,0.0,0.0,1.182987494771199,0.27,0.06
4557,0.0283094291522045,0.12294639546571563,0.0,0.0,0.09463696631351114,0.0,0.0,1.2054637742706578,0.27,0.06
4558,0.0283094291522045,0.19905559415766572,0.0,0.0,0.17074616500546122,0.0,0.0,1.2460159884594548,0.27,0.06
4559,0.0330941214032815,0.10465444162274913,0.0,0.0,0.07156032021946762,0.0,0.0,1.2630115645115785,0.27,0.06
4560,0.0330941214032815,0.18958956487500075,0.0,0.0,0.15649544347171926,0.0,0.0,1.3001792323361119,0.27,0.06
4561,0.2870815550008275,0.778000422846129,0.0,-4.996003610813204e-16,0.49091886784530203,0.0,0.0,1.416772463449371,0.27,0.06
4562,0.2870815550008275,0.7418888247803447,0.0,5.551115123125783e-17,0.45480726977951713,0.0,0.0,1.5247891900220065,0.27,0.06
4563,0.28967322343106,0.8852636295023123,0.0,0.0,0.5955904060712522,0.0,0.0,1.6662419114639289,0.27,0.06
4564,0.28967322343106,0.9622556110355256,0.0,0.0,0.6725823876044656,0.0,0.0,1.8259802285199895,0.27,0.06
4565,0.1321771234359975,0.6938428891040337,0.0,0.0,0.5616657656680362,0.0,0.0,1.959375847866148,0.27,0.06
4566,0.1321771234359975,0.2881229168431593,0.0,0.0,0.15594579340716183,0.0,0.0,1.9964129738003489,0.27,0.06
4567,0.12619625812215124,0.21283393195190378,0.0,0.0,0.08663767382975254,0.0,0.0,2.016989421334915,0.27,0.06
4568,0.12619625812215124,0.17840426130806938,0.0,5.828670879282072e-16,0.05220800318591756,0.0,0.0,2.0293888220915703,0.27,0.06
4569,0.14852482196051,0.22446006632922702,0.0,0.0,0.07593524436871701,0.0,0.0,2.0474234426291407,0.27,0.06
4570,0.14852482196051,0.21076268325302142,0.0,6.661338147750939e-16,0.06223786129251074,0.0,0.0,2.062204934686112,0.27,0.06
4571,0.02850879132933275,0.08711535823025415,0.0,0.0,0.058606566900921406,0.0,0.0,2.076123994325081,0.27,0.06
4572,0.02850879132933275,0.08495159306148067,0.0,4.163336342344337e-17,0.056442801732147885,0.0,0.0,2.089529159736466,0.27,0.06
4573,0.02771134262082,0.07362723977401053,0.0,2.0122792321330962e-16,0.04591589715319033,0.0,0.0,2.1004341853103488,0.27,0.06
4574,0.02771134262082,0.0462285274872741,0.0,0.0,0.018517184866454102,0.0,0.0,2.1048320167161316,0.27,0.06
4575,0.0935008610731265,0.0948556699381262,0.0,2.0816681711721685e-16,0.0013548088649995016,0.0,0.0,2.105153783821569,0.27,0.06
4576,0.0935008610731265,0.06393699508803505,0.0,0.0,0.0,0.029563865985091448,0.0,2.0973738190886504,0.27,0.06
4577,0.021531115129845724,0.02824589247499964,0.0,0.0,0.006714777345153914,0.0,0.0,2.0989685787081243,0.27,0.06
4578,0.021531115129845724,0.030138974179899462,0.0,0.0,0.008607859050053738,0.0,0.0,2.101012945232512,0.27,0.06
4579,0.02192983948410215,0.022505957955199146,0.0,0.0,0.0005761184710969952,0.0,0.0,2.101149773369398,0.27,0.06
4580,0.02192983948410215,0.019103120587727413,-0.0,0.0,0.0,0.0028267188963747372,0.0,2.1004058999756148,0.27,0.06
4581,0.09728874243856225,0.018184429191703263,-0.0,0.0,0.0,0.07910431324685899,0.0,2.079588975436968,0.27,0.06
4582,0.09728874243856225,0.016442432855083407,-0.0,0.0,0.0,0.08084630958347885,0.0,2.0583136308097365,0.27,0.06
4583,0.021531115129845724,0.003986348308949831,-0.0,0.0,0.0,0.017544766820895893,0.0,2.053696586909501,0.27,0.06
4584,0.021531115129845724,0.0018085958796928076,0.0,0.0,0.0,0.019722519250152917,0.0,2.048506450264724,0.27,0.06
4585,0.16128400129671475,0.0,0.0,0.0,0.0,0.16128400129671475,0.0,2.0060632920287462,0.27,0.06
4586,0.16128400129671475,0.0,0.0,0.0,0.0,0.16128400129671475,0.0,1.9636201337927688,0.27,0.06
4587,0.09290277454174176,0.0,0.0,0.0,0.0,0.09290277454174176,0.0,1.9391720352291524,0.27,0.06
4588,0.09290277454174176,0.0,0.0,0.0,0.0,0.09290277454174176,0.0,1.9147239366655362,0.27,0.06
4589,0.047448198156512,0.0,0.0,2.0816681711721685e-17,0.0,0.04744819815651202,0.0,1.902237568729612,0.27,0.06
4590,0.047448198156512,0.0,0.0,0.0,0.0,0.047448198156512,0.0,1.8897512007936879,0.27,0.06
4591,0.0450558520309735,0.0,0.0,6.938893903907228e-18,0.0,0.04505585203097351,0.0,1.877894397627642,0.27,0.06
4592,0.0450558520309735,0.0,0.0,6.938893903907228e-18,0.0,0.04505585203097351,0.0,1.8660375944615963,0.27,0.06
4593,0.060406739669845,0.0,0.0,0.0,0.0,0.060406739669845,0.0,1.8501410840221635,0.27,0.06
4594,0.060406739669845,0.0,0.0,0.0,0.0,0.060406739669845,0.0,1.8342445735827306,0.27,0.06
4595,0.112041543546049,0.0,0.0,0.0,0.0,0.112041543546049,0.0,1.804759956860086,0.27,0.06
4596,0.112041543546049,0.0,0.0,0.0,0.0,0.112041543546049,0.0,1.7752753401374417,0.27,0.06
4597,0.0480462846878965,0.0,0.0,0.0,0.0,0.0480462846878965,0.0,1.7626315810090478,0.27,0.06
4598,0.0480462846878965,0.0,0.0,-6.938893903907228e-18,0.0,0.04804628468789649,0.0,1.749987821880654,0.27,0.06
4599,0.0303030509234865,0.0,0.0,0.0,0.0,0.0303030509234865,0.0,1.742013334795526,0.27,0.06
4600,0.0303030509234865,0.0,0.0,0.0,0.0,0.0303030509234865,0.0,1.734038847710398,0.27,0.06
4601,0.02511963431815325,0.0,0.0,0.0,0.0,0.02511963431815325,0.0,1.7274284176266734,0.27,0.06
4602,0.02511963431815325,0.0,0.0,6.938893903907228e-18,0.0,0.025119634318153256,0.0,1.7208179875429488,0.27,0.06
4603,0.0169457850558971,0.0,0.0,0.0,0.0,0.0169457850558971,0.0,1.716358570422976,0.27,0.06
4604,0.0169457850558971,0.0,0.0,0.0,0.0,0.0169457850558971,0.0,1.711899153303003,0.27,0.06
4605,0.013157903690461275,0.0,0.0,0.0,0.0,0.013157903690461275,0.0,1.708436547068671,0.27,0.06
4606,0.013157903690461275,0.0,0.0,0.0,0.0,0.013157903690461275,0.0,1.7049739408343392,0.27,0.06
4607,0.020334942067076527,0.0,0.0,0.0,0.0,0.020334942067076527,0.0,1.6996226402903716,0.27,0.06
4608,0.020334942067076527,0.0,0.0,0.0,0.0,0.020334942067076527,0.0,1.694271339746404,0.27,0.06
4609,0.02312601254687135,0.0,0.0,-4.163336342344337e-17,0.0,0.02312601254687131,0.0,1.6881855469709115,0.27,0.06
4610,0.02312601254687135,0.0,0.0,0.0,0.0,0.02312601254687135,0.0,1.682099754195419,0.27,0.06
4611,0.02352473690112775,0.0,0.0,0.0,0.0,0.02352473690112775,0.0,1.6759090339582803,0.27,0.06
4612,0.02352473690112775,0.0,0.0,0.0,0.0,0.02352473690112775,0.0,1.6697183137211413,0.27,0.06
4613,0.02850879132933275,0.0,0.0,0.0,0.0,0.02850879132933275,0.0,1.6622160002134223,0.27,0.06
4614,0.02850879132933275,0.0,0.0,0.0,0.0,0.02850879132933275,0.0,1.654713686705703,0.27,0.06
4615,0.02691389391230725,0.0,0.0,0.0,0.0,0.02691389391230725,0.0,1.6476310830445695,0.27,0.06
4616,0.02691389391230725,0.0,0.0,0.0,0.0,0.02691389391230725,0.0,1.6405484793834362,0.27,0.06
4617,0.0342902944660505,0.0,0.0,0.0,0.0,0.034290294466050544,0.0,1.631524717681844,0.27,0.06
4618,0.0342902944660505,0.0,0.0,0.0,0.0,0.0342902944660505,0.0,1.6225009559802517,0.27,0.06
4619,0.033692207934666,0.0,0.0,0.0,0.0,0.033692207934666,0.0,1.6136345854711291,0.27,0.06
4620,0.033692207934666,0.0,0.0,0.0,0.0,0.0336922079346661,0.0,1.6047682149620064,0.27,0.06
4621,0.02511963431815325,0.0,0.0,0.0,0.0,0.02511963431815325,0.0,1.5981577848782818,0.27,0.06
4622,0.02511963431815325,0.0,0.0,-6.938893903907228e-18,0.0,0.02511963431815324,0.0,1.5915473547945571,0.27,0.06
4623,0.0372807271229735,0.0,0.0,0.0,0.0,0.0372807271229735,0.0,1.5817366371306167,0.27,0.06
4624,0.0372807271229735,0.0,0.0,0.0,0.0,0.0372807271229735,0.0,1.5719259194666764,0.27,0.06
4625,0.034689018820307,0.0,0.0,0.0,0.0,0.034689018820307,0.0,1.562797230303438,0.27,0.06
4626,0.034689018820307,0.0,0.0,0.0,0.0,0.034689018820307,0.0,1.5536685411401994,0.27,0.06
4627,0.04425840332246075,0.0,0.0,0.0,0.0,0.04425840332246075,0.0,1.5420215928974466,0.27,0.06
4628,0.04425840332246075,0.0,0.02893750829377527,0.0,0.0,0.015320895028685479,0.0,1.5379897784162135,0.27,0.06
4629,0.0332934835804095,0.0,0.0,0.0,0.0,0.0332934835804095,0.0,1.5292283353687373,0.27,0.06
4630,0.0332934835804095,0.0,0.0,0.0,0.0,0.0332934835804095,0.0,1.520466892321261,0.27,0.06
4631,0.040669884134153,0.0,0.0,0.0,0.0,0.040669884134153,0.0,1.509764291233326,0.27,0.06
4632,0.040669884134153,0.0,0.0,0.0,0.0,0.040669884134153,0.0,1.499061690145391,0.27,0.06
4633,0.04585330073948625,0.0,0.0,0.0,0.0,0.04585330073948625,0.0,1.4869950320560525,0.27,0.06
4634,0.04585330073948625,0.0,0.0,0.0,0.0,0.045853300739486264,0.0,1.474928373966714,0.27,0.06
4635,0.089114893176306,0.0,0.0,-1.3877787807814457e-17,0.0,0.08911489317630598,0.0,1.451477086288739,0.27,0.06
4636,0.089114893176306,0.0,0.0,0.0,0.0,0.089114893176306,0.0,1.4280257986107636,0.27,0.06
4637,0.108851748711998,0.0,0.0,0.0,0.0,0.108851748711998,0.0,1.3993806015812904,0.27,0.06
4638,0.108851748711998,0.0,0.0,0.0,0.0,0.108851748711998,0.0,1.3707354045518172,0.27,0.06
4639,0.088118082290665,0.0,0.0,2.7755575615628914e-17,0.0,0.08811808229066503,0.0,1.347546435527958,0.27,0.06
4640,0.088118082290665,0.003941951905444732,0.0,0.0,0.0,0.08417613038522027,0.0,1.3253948222686895,0.27,0.06
4641,0.08253594133107525,0.010875979413800946,0.0,0.0,0.0,0.0716599619172743,0.0,1.3065369375536173,0.27,0.06
4642,0.08253594133107525,0.01063237891996623,0.0,0.0,0.0,0.07190356241110961,0.0,1.2876149474454306,0.27,0.06
4643,0.02252792601548675,0.004048504257799462,0.0,0.0,0.0,0.01847942175768729,0.0,1.2827519417197235,0.27,0.06
4644,0.02252792601548675,0.004658052559949157,0.0,0.0,0.0,0.017869873455537595,0.0,1.2780493434419504,0.27,0.06
4645,0.02771134262082,0.008041851685297849,0.0,2.0816681711721685e-17,0.0,0.01966949093552217,0.0,1.2728731616168134,0.27,0.06
4646,0.02771134262082,0.005563858706300782,0.0,4.5102810375396984e-17,0.0,0.02214748391451926,0.0,1.2670448763761504,0.27,0.06
4647,0.019936217712820125,0.010195189249539969,0.0,0.0,0.0,0.009741028463280156,0.0,1.2644814478331818,0.27,0.06
4648,0.019936217712820125,0.014675566677857617,0.0,-1.734723475976807e-18,0.0,0.005260651034962507,0.0,1.2630970659818759,0.27,0.06
4649,0.020334942067076527,0.009398264041099096,0.0,0.0,0.0,0.01093667802597743,0.0,1.260218992817145,0.27,0.06
4650,0.020334942067076527,0.012056308746107927,0.0,0.0,0.0,0.0082786333209686,0.0,1.2580404051011005,0.27,0.06
4651,0.02551835867240975,0.01493990959561478,0.0,4.163336342344337e-17,0.0,0.010578449076795013,0.0,1.2552566027124703,0.27,0.06
4652,0.02551835867240975,0.018547348882477426,0.0,0.0,0.0,0.006971009789932325,0.0,1.2534221264519618,0.27,0.06
4653,0.02312601254687135,0.04738324540252972,0.0,3.469446951953614e-18,0.024257232855658367,0.0,0.0,1.2591832192551806,0.27,0.06
4654,0.02312601254687135,0.05725737512587075,0.0,0.0,0.0341313625789994,0.0,0.0,1.267289417867693,0.27,0.06
4655,0.02950560221497375,0.045952601631369286,0.0,0.0,0.016446999416395536,0.0,0.0,1.2711955802290869,0.27,0.06
4656,0.02950560221497375,0.05344752426259138,0.0,0.0,0.023941922047617633,0.0,0.0,1.276881786715396,0.27,0.06
4657,0.2856859998247125,0.19365596096003615,0.0,0.0,0.0,0.09203003886467634,0.0,1.252663355435218,0.27,0.06
4658,0.2856859998247125,0.2126657610526671,0.0,0.0,0.0,0.07302023877204539,0.0,1.233447503126785,0.27,0.06
4659,0.27930641015661,0.1893407281625215,0.0,2.7755575615628914e-17,0.0,0.08996568199408853,0.0,1.2097723236546565,0.27,0.06
4660,0.27930641015661,0.2033330370370164,0.0759733731195936,0.0,0.0,0.0,0.0,1.2097723236546565,0.27,0.06
4661,0.2537880514842,0.12090047645566815,0.13288757502853182,0.0,0.0,0.0,0.0,1.2097723236546565,0.27,0.06
4662,0.2537880514842,0.18545955926735705,0.0,0.0,0.0,0.06832849221684292,0.0,1.1917911414923295,0.27,0.06
4663,0.18460937602071426,0.19688078059637268,0.0,0.0,0.012271404575658423,0.0,0.0,1.1947056000790484,0.27,0.06
4664,0.18460937602071426,0.20084829096427695,0.0,0.0,0.016238914943562693,0.0,0.0,1.1985623423781444,0.27,0.06
4665,0.13596500480143325,0.15001926593871381,0.0,0.0,0.01405426113728056,0.0,0.0,1.2019002293982486,0.27,0.06
4666,0.13596500480143325,0.11547132735776496,0.0,0.0,0.0,0.0204936774436683,0.0,1.1965071563867569,0.27,0.06
4667,0.02950560221497375,0.04048835211206704,0.0,3.469446951953614e-18,0.010982749897093289,0.0,0.0,1.1991155594873166,0.27,0.06
4668,0.02950560221497375,0.04572954917973534,0.0,0.0,0.01622394696476159,0.0,0.0,1.2029687468914474,0.27,0.06
4669,0.086323822696511,0.1326147923344092,0.0,2.914335439641036e-16,0.046290969637897916,0.0,0.0,1.2139628521804484,0.27,0.06
4670,0.086323822696511,0.1546377851162266,0.0,0.0,0.06831396241971562,0.0,0.0,1.230187418255131,0.27,0.06
4671,0.02771134262082,0.038230545050527746,0.0,0.0,0.010519202429707747,0.0,0.0,1.2326857288321864,0.27,0.06
4672,0.02771134262082,0.02209903475031185,0.0,0.0,0.0,0.005612307870508149,0.0,1.2312088057083685,0.27,0.06
4673,0.021531115129845724,0.014099359478330097,0.0,0.0,0.0,0.007431755651515628,0.0,1.229253080536917,0.27,0.06
4674,0.021531115129845724,0.016862471251995036,0.0,0.0,0.0,0.004668643877850688,0.0,1.2280244900427457,0.27,0.06
4675,0.064393983212409,0.028404034127622588,0.0,0.0,0.0,0.03598994908478641,0.0,1.2185534508099072,0.27,0.06
4676,0.064393983212409,0.020111250474753286,0.0,0.0,0.0,0.044282732737655706,0.0,1.2069001000894715,0.27,0.06
4677,0.02392346125538415,0.010057302728868681,0.0,0.0,0.0,0.01386615852651547,0.0,1.2032511110035464,0.27,0.06
4678,0.02392346125538415,0.008806345639396744,0.0,0.0,0.0,0.015117115615987407,0.0,1.1992729226835497,0.27,0.06
4679,0.12001603063117725,0.020021537358137713,0.09999449327303953,0.0,0.0,0.0,0.0,1.1992729226835497,0.27,0.06
4680,0.12001603063117725,0.009072743531554562,0.11094328709962269,0.0,0.0,0.0,0.0,1.1992729226835497,0.27,0.06
4681,0.1907896035116885,0.0035594332049091004,0.1872301703067798,0.0,0.0,0.0,0.0,1.1992729226835497,0.27,0.06
4682,0.1907896035116885,0.0,0.1907896035116885,0.0,0.0,0.0,0.0,1.1992729226835497,0.27,0.06
4683,0.05861248007569125,0.0,0.05861248007569125,0.0,0.0,0.0,0.0,1.1992729226835497,0.27,0.06
4684,0.05861248007569125,0.0,0.05861248007569125,0.0,0.0,0.0,0.0,1.1992729226835497,0.27,0.06
4685,0.06459334538953725,0.0,0.06459334538953725,0.0,0.0,0.0,0.0,1.1992729226835497,0.27,0.06
4686,0.06459334538953725,0.0,0.06459334538953725,0.0,0.0,0.0,0.0,1.1992729226835497,0.27,0.06
4687,0.04924245775066575,0.0,0.0,0.0,0.0,0.04924245775066575,0.0,1.1863143811702166,0.27,0.06
4688,0.04924245775066575,0.0,0.04924245775066575,0.0,0.0,0.0,0.0,1.1863143811702166,0.27,0.06
4689,0.046650749447999,0.0,0.0,0.0,0.0,0.046650749447999,0.0,1.1740378681575852,0.27,0.06
4690,0.046650749447999,0.0,0.0,0.0,0.0,0.046650749447999,0.0,1.161761355144954,0.27,0.06
4691,0.04047052195702475,0.0,0.04047052195702475,0.0,0.0,0.0,0.0,1.161761355144954,0.27,0.06
4692,0.04047052195702475,0.0,0.0,0.0,0.0,0.04047052195702475,0.0,1.1511112177878422,0.27,0.06
4693,0.04884373339640925,0.0,0.04884373339640925,0.0,0.0,0.0,0.0,1.1511112177878422,0.27,0.06
4694,0.04884373339640925,0.0,0.04884373339640925,0.0,0.0,0.0,0.0,1.1511112177878422,0.27,0.06
4695,0.0291068778607175,0.0,0.0291068778607175,0.0,0.0,0.0,0.0,1.1511112177878422,0.27,0.06
4696,0.0291068778607175,0.0,0.029106877860717473,0.0,0.0,2.7755575615628914e-17,0.0,1.1511112177878422,0.27,0.06
4697,0.0173445094101535,0.0,0.0173445094101535,0.0,0.0,0.0,0.0,1.1511112177878422,0.27,0.06
4698,0.0173445094101535,0.0,0.0,-1.0408340855860843e-17,0.0,0.01734450941015349,0.0,1.146546873206223,0.27,0.06
4699,0.034689018820307,0.0,0.0,0.0,0.0,0.034689018820307,0.0,1.1374181840429842,0.27,0.06
4700,0.034689018820307,0.0,0.0,0.0,0.0,0.034689018820307,0.0,1.1282894948797455,0.27,0.06
4701,0.04385967896820425,0.0,0.0,0.0,0.0,0.04385967896820425,0.0,1.1167474740986392,0.27,0.06
4702,0.04385967896820425,0.0,0.04385967896820425,0.0,0.0,0.0,0.0,1.1167474740986392,0.27,0.06
4703,0.044657127676717,0.0,0.0,0.0,0.0,0.044657127676717,0.0,1.1049955983942399,0.27,0.06
4704,0.044657127676717,0.0,0.0,0.0,0.0,0.044657127676717,0.0,1.0932437226898406,0.27,0.06
4705,0.14094905922963824,0.0,0.14094905922963824,0.0,0.0,0.0,0.0,1.0932437226898406,0.27,0.06
4706,0.14094905922963824,0.0,0.14094905922963824,0.0,0.0,0.0,0.0,1.0932437226898406,0.27,0.06
4707,0.03050241310061475,0.0,0.030502413100614745,0.0,0.0,6.938893903907228e-18,0.0,1.0932437226898406,0.27,0.06
4708,0.03050241310061475,0.0,0.030502413100614745,0.0,0.0,6.938893903907228e-18,0.0,1.0932437226898406,0.27,0.06
4709,0.02492027214102515,0.0,0.02492027214102515,0.0,0.0,0.0,0.0,1.0932437226898406,0.27,0.06
4710,0.02492027214102515,0.0,0.02492027214102515,0.0,0.0,0.0,0.0,1.0932437226898406,0.27,0.06
4711,0.02551835867240975,0.0,0.0,0.0,0.0,0.02551835867240975,0.0,1.0865283651444695,0.27,0.06
4712,0.02551835867240975,0.0,0.0,0.0,0.0,0.02551835867240975,0.0,1.0798130075990986,0.27,0.06
4713,0.03748008930010175,0.0,0.03748008930010175,0.0,0.0,0.0,0.0,1.0798130075990986,0.27,0.06
4714,0.03748008930010175,0.0,0.0,0.0,0.0,0.03748008930010175,0.0,1.069949826204335,0.27,0.06
4715,0.0382775380086145,0.0,0.0,6.938893903907228e-18,0.0,0.038277538008614505,0.0,1.0598767898862786,0.27,0.06
4716,0.0382775380086145,0.0,0.0382775380086145,0.0,0.0,0.0,0.0,1.0598767898862786,0.27,0.06
4717,0.03149922398625575,0.0,0.0,0.0,0.0,0.03149922398625575,0.0,1.0515875204162113,0.27,0.06
4718,0.03149922398625575,0.0,0.03149922398625575,0.0,0.0,0.0,0.0,1.0515875204162113,0.27,0.06
4719,0.02492027214102515,0.0,0.02492027214102515,0.0,0.0,0.0,0.0,1.0515875204162113,0.27,0.06
4720,0.02492027214102515,0.0,0.02492027214102515,0.0,0.0,0.0,0.0,1.0515875204162113,0.27,0.06
4721,0.012958541513333074,0.0,0.012958541513333074,0.0,0.0,0.0,0.0,1.0515875204162113,0.27,0.06
4722,0.012958541513333074,0.0,0.012958541513333074,0.0,0.0,0.0,0.0,1.0515875204162113,0.27,0.06
4723,0.02332537472399955,0.0,0.02332537472399955,0.0,0.0,0.0,0.0,1.0515875204162113,0.27,0.06
4724,0.02332537472399955,0.0,0.0,0.0,0.0,0.02332537472399955,0.0,1.0454492639098956,0.27,0.06
4725,0.013357265867589474,0.0,0.0,0.0,0.0,0.013357265867589474,0.0,1.0419341939447404,0.27,0.06
4726,0.013357265867589474,0.0,0.0,0.0,0.0,0.013357265867589474,0.0,1.0384191239795852,0.27,0.06
4727,0.02392346125538415,0.0,0.0,0.0,0.0,0.02392346125538415,0.0,1.0321234762808,0.27,0.06
4728,0.02392346125538415,0.0,0.0,0.0,0.0,0.02392346125538415,0.0,1.0258278285820148,0.27,0.06
4729,0.1311803125503565,0.0,0.1311803125503565,0.0,0.0,0.0,0.0,1.0258278285820148,0.27,0.06
4730,0.1311803125503565,0.0,0.1311803125503565,0.0,0.0,0.0,0.0,1.0258278285820148,0.27,0.06
4731,0.15929037952543276,0.0,0.15929037952543276,0.0,0.0,0.0,0.0,1.0258278285820148,0.27,0.06
4732,0.15929037952543276,0.0,0.15929037952543276,0.0,0.0,0.0,0.0,1.0258278285820148,0.27,0.06
4733,0.0570175826586655,0.0,0.0570175826586655,0.0,0.0,0.0,0.0,1.0258278285820148,0.27,0.06
4734,0.0570175826586655,0.0003913553813844728,0.056626227277281026,0.0,0.0,0.0,0.0,1.0258278285820148,0.27,0.06
4735,0.17105274797599676,0.011891433006639439,0.15916131496935731,0.0,0.0,0.0,0.0,1.0258278285820148,0.27,0.06
4736,0.17105274797599676,0.023711655848100335,0.14734109212789642,0.0,0.0,0.0,0.0,1.0258278285820148,0.27,0.06
4737,0.10426641863804925,0.025115408283063897,0.07915101035498535,0.0,0.0,0.0,0.0,1.0258278285820148,0.27,0.06
4738,0.10426641863804925,0.03656069012774128,0.06770572851030797,0.0,0.0,0.0,0.0,1.0258278285820148,0.27,0.06
4739,0.04385967896820425,0.020346131527557508,0.0,0.0,0.0,0.023513547440646744,0.0,1.0196400529397394,0.27,0.06
4740,0.04385967896820425,0.020880504913021167,0.0,0.0,0.0,0.022979174055183085,0.0,1.013592901872586,0.27,0.06
4741,0.06180227490974225,0.028254648575871733,0.0,0.0,0.0,0.03354762633387052,0.0,1.0047645791531463,0.27,0.06
4742,0.06180227490974225,0.030859585691846367,0.030942689217895884,0.0,0.0,0.0,0.0,1.0047645791531463,0.27,0.06
4743,0.0470494738022555,0.028944073020299634,0.0,3.469446951953614e-18,0.0,0.01810540078195587,0.0,1.0,0.27,0.06
4744,0.0470494738022555,0.02953750186388195,0.017511971938373547,0.0,0.0,0.0,0.0,1.0,0.27,0.06
4745,0.0301036887463585,0.0461496020980895,0.0,0.0,0.016045913351731,0.0,0.0,1.003810904421036,0.27,0.06
4746,0.0301036887463585,0.07415392179560058,0.0,-8.257283745649602e-16,0.04405023304924291,0.0,0.0,1.0142728347702312,0.27,0.06
4747,0.0311004996319995,0.07361805995832751,0.0,3.191891195797325e-16,0.0425175603263277,0.0,0.0,1.0243707553477341,0.27,0.06
4748,0.0311004996319995,0.06086874559333163,0.0,0.0,0.029768245961332127,0.0,0.0,1.0314407137635506,0.27,0.06
4749,0.09090915277045974,0.20426027107504907,0.0,0.0,0.11335111830458933,0.0,0.0,1.0583616043608906,0.27,0.06
4750,0.09090915277045974,0.28023680522515193,0.0,0.0,0.18932765245469219,0.0,0.0,1.10332692181888,0.27,0.06
4751,0.026714531735179,0.11406954837461422,0.0,0.0,0.08735501663943522,0.0,0.0,1.1240737382707457,0.27,0.06
4752,0.026714531735179,0.1256693634831907,0.0,0.0,0.09895483174801169,0.0,0.0,1.1475755108108985,0.27,0.06
4753,0.2888757946587625,0.5973571162384193,0.0,5.551115123125783e-17,0.3084813215796567,0.0,0.0,1.220839824686067,0.27,0.06
4754,0.2888757946587625,0.6964171532920159,0.0,0.0,0.4075413586332534,0.0,0.0,1.3176308973614648,0.27,0.06
4755,0.2848885511162,0.7429642754481282,0.0,0.0,0.45807572433192817,0.0,0.0,1.4264238818902977,0.27,0.06
4756,0.2848885511162,0.6938883541729074,0.0,0.0,0.4089998030567074,0.0,0.0,1.5235613351162656,0.27,0.06
4757,0.1024721590438955,0.46343929344114004,0.0,4.996003610813204e-16,0.36096713439724404,0.0,0.0,1.609291029535611,0.27,0.06
4758,0.1024721590438955,0.47891023404765304,0.0,-6.106226635438361e-16,0.37643807500375814,0.0,0.0,1.6986950723490037,0.27,0.06
4759,0.03289475922615325,0.2560677844505903,0.0,0.0,0.22317302522443705,0.0,0.0,1.7516986658398075,0.27,0.06
4760,0.03289475922615325,0.33048132270245456,0.0,2.220446049250313e-16,0.2975865634763011,0.0,0.0,1.822375474665429,0.27,0.06
4761,0.087121271405024,0.5420096589945701,0.0,-5.551115123125783e-16,0.45488838758954664,0.0,0.0,1.930411466717946,0.27,0.06
4762,0.087121271405024,0.43127174547595853,0.0,5.551115123125783e-17,0.34415047407093446,0.0,0.0,2.012147204309793,0.27,0.06
4763,0.02352473690112775,0.14983537693068033,0.0,0.0,0.12631064002955258,0.0,0.0,2.042145981316812,0.27,0.06
4764,0.02352473690112775,0.11474227916579408,0.0,0.0,0.09121754226466633,0.0,0.0,2.06381014760467,0.27,0.06
4765,0.07954550867415225,0.1921795347114198,0.0,0.0,0.11263402603726755,0.0,0.0,2.090560728788521,0.27,0.06
4766,0.07954550867415225,0.12831323155049082,0.0,0.0,0.04876772287633857,0.0,0.0,2.1021430629716513,0.27,0.06
4767,0.02412282343251235,0.04382866808309278,0.0,0.0,0.019705844650580426,0.0,0.0,2.1068232010761645,0.27,0.06
4768,0.02412282343251235,0.030326959349284144,0.0,0.0,0.006204135916771793,0.0,0.0,2.108296683356398,0.27,0.06
4769,0.02252792601548675,0.028012786815217242,0.0,0.0,0.005484860799730491,0.0,0.0,2.109599337796334,0.27,0.06
4770,0.02252792601548675,0.027051502907973705,0.0,0.0,0.004523576892486954,0.0,0.0,2.1106736873082994,0.27,0.06
4771,0.0917066014789725,0.06813126603077879,0.0,0.0,0.0,0.023575335448193707,0.0,2.104469651664038,0.27,0.06
4772,0.0917066014789725,0.08947716488305792,0.0,0.0,0.0,0.002229436595914583,0.0,2.103882957823008,0.27,0.06
4773,0.0283094291522045,0.05164852417608761,0.0,0.0,0.02333909502388311,0.0,0.0,2.1094259928911803,0.27,0.06
4774,0.0283094291522045,0.04390479215138152,0.0,0.0,0.015595362999177024,0.0,0.0,2.1131298916034846,0.27,0.06
4775,0.021331752952717525,0.012162006390624591,0.0,0.0,0.0,0.009169746562092934,0.0,2.1107168004029337,0.27,0.06
4776,0.021331752952717525,0.003914720569600996,0.0,0.0,0.0,0.01741703238311653,0.0,2.1061333708284296,0.27,0.06
4777,0.0707735728805115,0.00206535058579238,0.0,0.0,0.0,0.06870822229471912,0.0,2.0880522596982405,0.27,0.06
4778,0.0707735728805115,0.0,0.0,0.0,0.0,0.0707735728805115,0.0,2.0694276352560004,0.27,0.06
4779,0.02312601254687135,0.0,0.0,0.0,0.0,0.02312601254687135,0.0,2.063341842480508,0.27,0.06
4780,0.02312601254687135,0.0,0.0,3.469446951953614e-18,0.0,0.023126012546871355,0.0,2.0572560497050154,0.27,0.06
4781,0.020135579889948324,0.0,0.0,0.0,0.0,0.020135579889948324,0.0,2.051957212891871,0.27,0.06
4782,0.020135579889948324,0.0,0.0,0.0,0.0,0.020135579889948324,0.0,2.0466583760787267,0.27,0.06
4783,0.046451387270871,0.0,0.0,0.0,0.0,0.046451387270871,0.0,2.0344343267969185,0.27,0.06
4784,0.046451387270871,0.0,0.0,0.0,0.0,0.046451387270871,0.0,2.0222102775151103,0.27,0.06
4785,0.06120418837835775,0.0,0.0,0.0,0.0,0.06120418837835775,0.0,2.0061039121523847,0.27,0.06
4786,0.06120418837835775,0.0,0.0,0.0,0.0,0.06120418837835775,0.0,1.9899975467896591,0.27,0.06
4787,0.06120418837835775,0.0,0.0,0.0,0.0,0.06120418837835775,0.0,1.9738911814269333,0.27,0.06
4788,0.06120418837835775,0.0,0.0,0.0,0.0,0.06120418837835775,0.0,1.9577848160642077,0.27,0.06
4789,0.05462523653312725,0.0,0.0,0.0,0.0,0.05462523653312725,0.0,1.943409753818648,0.27,0.06
4790,0.05462523653312725,0.0,0.0,0.0,0.0,0.05462523653312725,0.0,1.929034691573088,0.27,0.06
4791,0.04445776549958875,0.0,0.0,6.938893903907228e-18,0.0,0.044457765499588756,0.0,1.917335279599512,0.27,0.06
4792,0.04445776549958875,0.0,0.0,0.0,0.0,0.04445776549958875,0.0,1.905635867625936,0.27,0.06
4793,0.0173445094101535,0.0,0.0,3.469446951953614e-18,0.0,0.017344509410153502,0.0,1.9010715230443167,0.27,0.06
4794,0.0173445094101535,0.0,0.0,0.0,0.0,0.0173445094101535,0.0,1.8965071784626975,0.27,0.06
4795,0.02472090996389695,0.0,0.0,0.0,0.0,0.02472090996389695,0.0,1.8900016758406193,0.27,0.06
4796,0.02472090996389695,0.0,0.0,0.0,0.0,0.02472090996389695,0.0,1.8834961732185411,0.27,0.06
4797,0.0181419581186663,0.0,0.0,0.0,0.0,0.0181419581186663,0.0,1.878721973713629,0.27,0.06
4798,0.0181419581186663,0.0,0.0,0.0,0.0,0.0181419581186663,0.0,1.8739477742087167,0.27,0.06
4799,0.02771134262082,0.0,0.0,0.0,0.0,0.02771134262082,0.0,1.8666553156242904,0.27,0.06
4800,0.02771134262082,0.0,0.0,-2.0816681711721685e-17,0.0,0.02771134262081998,0.0,1.8593628570398641,0.27,0.06
4801,0.0312998618091275,0.0,0.0,0.0,0.0,0.0312998618091275,0.0,1.85112605130062,0.27,0.06
4802,0.0312998618091275,0.0,0.0,0.0,0.0,0.0312998618091275,0.0,1.842889245561376,0.27,0.06
4803,0.02252792601548675,0.0,0.0,0.0,0.0,0.02252792601548675,0.0,1.836960843978353,0.27,0.06
4804,0.02252792601548675,0.0,0.0,0.0,0.0,0.02252792601548675,0.0,1.8310324423953301,0.27,0.06
4805,0.02372409907825595,0.0,0.0,0.0,0.0,0.02372409907825595,0.0,1.8247892584273684,0.27,0.06
4806,0.02372409907825595,0.0,0.0,0.0,0.0,0.02372409907825595,0.0,1.8185460744594062,0.27,0.06
4807,0.026714531735179,0.0,0.0,0.0,0.0,0.026714531735179,0.0,1.8115159345290959,0.27,0.06
4808,0.026714531735179,0.0,0.0,0.0,0.0,0.026714531735179,0.0,1.8044857945987856,0.27,0.06
4809,0.03249603487189675,0.0,0.0,0.0,0.0,0.03249603487189675,0.0,1.7959342064746022,0.27,0.06
4810,0.03249603487189675,0.0,0.0,-6.938893903907228e-18,0.0,0.03249603487189674,0.0,1.787382618350419,0.27,0.06
4811,0.0687799511092295,0.0,0.0,0.0,0.0,0.0687799511092295,0.0,1.7692826312164112,0.27,0.06
4812,0.0687799511092295,0.0,0.0,0.0,0.0,0.0687799511092295,0.0,1.7511826440824034,0.27,0.06
4813,0.058413117898563,0.0,0.0,0.0,0.0,0.058413117898563,0.0,1.7358107709512025,0.27,0.06
4814,0.058413117898563,0.0,0.0,0.0,0.0,0.058413117898563,0.0,1.7204388978200018,0.27,0.06
4815,0.052631614761845,0.0,0.0,0.0,0.0,0.052631614761845,0.0,1.7065884728826743,0.27,0.06
4816,0.052631614761845,0.0,0.0,0.0,0.0,0.052631614761845,0.0,1.6927380479453467,0.27,0.06
4817,0.049641182104922,0.0,0.0,6.938893903907228e-18,0.0,0.04964118210492201,0.0,1.679674578970367,0.27,0.06
4818,0.049641182104922,0.0,0.0,0.0,0.0,0.049641182104922,0.0,1.6666111099953878,0.27,0.06
4819,0.06419462103528074,0.0,0.0,0.0,0.0,0.06419462103528074,0.0,1.6497177886703138,0.27,0.06
4820,0.06419462103528074,0.0,0.0,0.0,0.0,0.06419462103528074,0.0,1.63282446734524,0.27,0.06
4821,0.0410686084884095,0.0,0.0,0.0,0.0,0.0410686084884095,0.0,1.6220169387956584,0.27,0.06
4822,0.0410686084884095,0.0,0.0,0.0,0.0,0.0410686084884095,0.0,1.611209410246077,0.27,0.06
4823,0.03090113745487125,0.0,0.0,0.0,0.0,0.03090113745487125,0.0,1.6030775319684794,0.27,0.06
4824,0.03090113745487125,0.0,0.0,0.0,0.0,0.03090113745487125,0.0,1.5949456536908817,0.27,0.06
4825,0.0303030509234865,0.0,0.0,0.0,0.0,0.0303030509234865,0.0,1.5869711666057535,0.27,0.06
4826,0.0303030509234865,0.0,0.0,-3.469446951953614e-18,0.0,0.030303050923486497,0.0,1.5789966795206256,0.27,0.06
4827,0.025717720849538,0.0,0.0,0.0,0.0,0.025717720849538,0.0,1.5722288582444313,0.27,0.06
4828,0.025717720849538,0.0,0.0,0.0,0.0,0.025717720849538,0.0,1.5654610369682371,0.27,0.06
4829,0.04445776549958875,0.0,0.0,0.0,0.0,0.04445776549958875,0.0,1.553761624994661,0.27,0.06
4830,0.04445776549958875,0.0031135926283250314,0.0,0.0,0.0,0.04134417287126372,0.0,1.5428815795022233,0.27,0.06
4831,0.033692207934666,0.00407096976517336,0.0,0.0,0.0,0.02962123816949264,0.0,1.535086516826041,0.27,0.06
4832,0.033692207934666,0.004958280712180956,0.0,6.938893903907228e-18,0.0,0.02873392722248505,0.0,1.5275249570306502,0.27,0.06
4833,0.03628391623733275,0.00985683871765633,0.0,0.0,0.0,0.02642707751967642,0.0,1.5205704629465249,0.27,0.06
4834,0.03628391623733275,0.013577865164497943,0.0,0.0,0.0,0.022706051072834806,0.0,1.5145951863484104,0.27,0.06
4835,0.042663505905435,0.02028303345639744,0.0,0.0,0.0,0.022380472449037563,0.0,1.5087055883355058,0.27,0.06
4836,0.042663505905435,0.023427048604962492,0.0,0.0,0.0,0.01923645730047251,0.0,1.5036433627301182,0.27,0.06
4837,0.02651516955805075,0.014872441317491844,0.0,0.0,0.0,0.011642728240558906,0.0,1.5005794868773397,0.27,0.06
4838,0.02651516955805075,0.011959821688343636,0.0,0.0,0.0,0.014555347869707113,0.0,1.4967491321747852,0.27,0.06
4839,0.02771134262082,0.024780146918318112,0.0,0.0,0.0,0.0029311957025018875,0.0,1.495977764884653,0.27,0.06
4840,0.02771134262082,0.03498715360025567,0.0,1.1102230246251565e-16,0.007275810979435561,0.0,0.0,1.497705769992269,0.27,0.06
4841,0.018540682472922725,0.039479285125497164,0.0,0.0,0.02093860265257444,0.0,0.0,1.5026786881222554,0.27,0.06
4842,0.018540682472922725,0.051153236662367776,0.0,0.0,0.03261255418944505,0.0,0.0,1.5104241697422487,0.27,0.06
4843,0.0151515254617433,0.025559220817974647,0.0,0.0,0.010407695356231346,0.0,0.0,1.5128959973893537,0.27,0.06
4844,0.0151515254617433,0.0339005414251042,0.0,0.0,0.0187490159633609,0.0,0.0,1.5173488886806519,0.27,0.06
4845,0.02392346125538415,0.07043063937075157,0.0,-4.440892098500626e-16,0.046507178115367864,0.0,0.0,1.5283943434830518,0.27,0.06
4846,0.02392346125538415,0.07080932358820304,0.0,7.771561172376096e-16,0.04688586233281811,0.0,0.0,1.539529735787096,0.27,0.06
4847,0.0320973105176405,0.09185900550083519,0.0,1.8735013540549517e-16,0.0597616949831945,0.0,0.0,1.5537231383456047,0.27,0.06
4848,0.0320973105176405,0.05713309687971157,0.0,0.0,0.025035786362071072,0.0,0.0,1.5596691376065965,0.27,0.06
4849,0.289872605544405,0.23789600086347004,0.0,0.0,0.0,0.051976604680934985,0.0,1.5459910837431925,0.27,0.06
4850,0.289872605544405,0.39363670321678856,0.0,-3.885780586188048e-16,0.10376409767238393,0.0,0.0,1.5706350569403837,0.27,0.06
4851,0.307615839308815,0.5519442703820329,0.0,0.0,0.2443284310732179,0.0,0.0,1.6286630593202729,0.27,0.06
4852,0.307615839308815,0.6808673657879845,0.0,1.1102230246251565e-16,0.37325152647916937,0.0,0.0,1.7173102968590757,0.27,0.06
4853,0.20175452325373974,0.5279765189240561,0.0,0.0,0.3262219956703163,0.0,0.0,1.7947880208307758,0.27,0.06
4854,0.20175452325373974,0.45194026399907017,0.0,0.0,0.2501857407453304,0.0,0.0,1.8542071342577917,0.27,0.06
4855,0.02751198044369175,0.15213087610420947,0.0,0.0,0.12461889566051773,0.0,0.0,1.8838041219771646,0.27,0.06
4856,0.02751198044369175,0.11823745471482533,0.0,0.0,0.09072547427113359,0.0,0.0,1.9053514221165588,0.27,0.06
4857,0.099083002032716,0.25173858779540653,0.0,0.0,0.15265558576269053,0.0,0.0,1.941607123735198,0.27,0.06
4858,0.099083002032716,0.24246215307105262,0.0,0.0,0.14337915103833662,0.0,0.0,1.975659672106803,0.27,0.06
4859,0.02252792601548675,0.03205947156552533,0.0,5.863365348801608e-16,0.00953154555003799,0.0,0.0,1.977923414174937,0.27,0.06
4860,0.02252792601548675,0.033941487601174006,0.0,0.0,0.011413561585687255,0.0,0.0,1.9806341350515375,0.27,0.06
4861,0.085127649633742,0.20409782443047175,0.0,0.0,0.11897017479672975,0.0,0.0,2.008889551565761,0.27,0.06
4862,0.085127649633742,0.2040558062218056,0.0,0.0,0.1189281565880636,0.0,0.0,2.037134988755426,0.27,0.06
4863,0.0143540767532305,0.03873945927171715,0.0,0.0,0.024385382518486654,0.0,0.0,2.0429265171035667,0.27,0.06
4864,0.0143540767532305,0.0484570899925762,0.0,0.0,0.0341030132393457,0.0,0.0,2.051025982747911,0.27,0.06
4865,0.0155502498159997,0.03671903011683513,0.0,0.0,0.02116878030083543,0.0,0.0,2.0560535680693595,0.27,0.06
4866,0.0155502498159997,0.0344005343447611,0.0,0.0,0.018850284528761398,0.0,0.0,2.06053051064494,0.27,0.06
4867,0.078349335611383,0.10381979524600342,0.0,0.0,0.025470459634620413,0.0,0.0,2.0665797448081626,0.27,0.06
4868,0.078349335611383,0.08565868729191416,0.0,0.0,0.007309351680531151,0.0,0.0,2.0683157158322887,0.27,0.06
4869,0.013556628044717675,0.009794936098006144,0.0,-1.9081958235744878e-17,0.0,0.0037616919467115123,0.0,2.0673257968989436,0.27,0.06
4870,0.013556628044717675,0.004973893880158684,0.0,0.0,0.0,0.008582734164558991,0.0,2.0650671826451124,0.27,0.06
4871,0.0179425959415381,0.0060192671575827646,0.0,0.0,0.0,0.011923328783955335,0.0,2.0619294645440713,0.27,0.06
4872,0.0179425959415381,0.0029328206053981618,0.0,0.0,0.0,0.015009775336139938,0.0,2.05797952366614,0.27,0.06
4873,0.08054231955979325,0.0020804490318715343,0.0,0.0,0.0,0.07846187052792172,0.0,2.0373316630008973,0.27,0.06
4874,0.08054231955979325,0.0,0.0,0.0,0.0,0.08054231955979325,0.0,2.0161363157483203,0.27,0.06
4875,0.0273126182665635,0.0,0.0,0.0,0.0,0.0273126182665635,0.0,2.0089487846255403,0.27,0.06
4876,0.0273126182665635,0.0,0.0,0.0,0.0,0.0273126182665635,0.0,2.0017612535027602,0.27,0.06
4877,0.07396336771456274,0.0,0.0,0.0,0.0,0.07396336771456274,0.0,1.9822972093673492,0.27,0.06
4878,0.07396336771456274,0.0,0.0,0.0,0.0,0.07396336771456274,0.0,1.9628331652319382,0.27,0.06
4879,0.04425840332246075,0.0,0.0,0.0,0.0,0.04425840332246075,0.0,1.9511862169891854,0.27,0.06
4880,0.04425840332246075,0.0,0.0,6.938893903907228e-18,0.0,0.044258403322460754,0.0,1.9395392687464326,0.27,0.06
4881,0.03488838099743525,0.0,0.0,0.0,0.0,0.03488838099743525,0.0,1.9303581158523706,0.27,0.06
4882,0.03488838099743525,0.0,0.0,0.0,0.0,0.03488838099743525,0.0,1.9211769629583086,0.27,0.06
4883,0.052631614761845,0.0,0.0,0.0,0.0,0.052631614761845,0.0,1.907326538020981,0.27,0.06
4884,0.052631614761845,0.0,0.0,0.0,0.0,0.052631614761845,0.0,1.8934761130836533,0.27,0.06
4885,0.02890751568358925,0.0,-0.0,0.0,0.0,0.02890751568358925,0.0,1.8858688721142878,0.27,0.06
4886,0.02890751568358925,0.0,-0.0,0.0,0.0,0.02890751568358925,0.0,1.8782616311449223,0.27,0.06
4887,0.052631614761845,0.0,-0.0,0.0,0.0,0.052631614761845,0.0,1.8644112062075946,0.27,0.06
4888,0.052631614761845,0.0,0.0,0.0,0.0,0.052631614761845,0.0,1.850560781270267,0.27,0.06
4889,0.15231270332594574,0.0,0.0,0.0,0.0,0.15231270332594574,0.0,1.8104784909213338,0.27,0.06
4890,0.15231270332594574,0.0,0.0,0.0,0.0,0.15231270332594574,0.0,1.7703962005724008,0.27,0.06
4891,0.04764756033364,0.0,0.0,6.938893903907228e-18,0.0,0.04764756033364001,0.0,1.7578573689056534,0.27,0.06
4892,0.04764756033364,0.0,0.0,0.0,0.0,0.04764756033364,0.0,1.745318537238906,0.27,0.06
4893,0.05422651217887075,0.0,0.0,6.938893903907228e-18,0.0,0.054226512178870756,0.0,1.7310484024549926,0.27,0.06
4894,0.05422651217887075,0.0,0.0,0.0,0.0,0.05422651217887075,0.0,1.7167782676710792,0.27,0.06
4895,0.021730477306973923,0.0,0.0,0.0,0.0,0.021730477306973923,0.0,1.7110597210113492,0.27,0.06
4896,0.021730477306973923,0.0,-0.0,0.0,0.0,0.021730477306973923,0.0,1.7053411743516191,0.27,0.06
4897,0.02312601254687135,0.0,-0.0,0.0,0.0,0.02312601254687135,0.0,1.6992553815761267,0.27,0.06
4898,0.02312601254687135,0.0,0.0,0.0,0.0,0.02312601254687135,0.0,1.6931695888006342,0.27,0.06
4899,0.1313796747274845,0.0,0.0,0.0,0.0,0.1313796747274845,0.0,1.6585959901881382,0.27,0.06
4900,0.1313796747274845,0.0,0.0,0.0,0.0,0.1313796747274845,0.0,1.6240223915756424,0.27,0.06
4901,0.09429830978163925,0.0,0.0,0.0,0.0,0.09429830978163925,0.0,1.5992070468962636,0.27,0.06
4902,0.09429830978163925,0.0,0.0,0.0,0.0,0.09429830978163925,0.0,1.5743917022168847,0.27,0.06
4903,0.030701775277743,0.0,0.0,0.0,0.0,0.030701775277743,0.0,1.56631228767011,0.27,0.06
4904,0.030701775277743,0.0,0.0,1.0408340855860843e-17,0.0,0.03070177527774301,0.0,1.5582328731233357,0.27,0.06
4905,0.03448965664317875,0.0,0.0,0.0,0.0,0.03448965664317875,0.0,1.5491566476909204,0.27,0.06
4906,0.03448965664317875,0.0,0.0,0.0,0.0,0.03448965664317875,0.0,1.540080422258505,0.27,0.06
4907,0.029704964392102,0.0,0.0,0.0,0.0,0.029704964392102,0.0,1.5322633263658465,0.27,0.06
4908,0.029704964392102,0.0,0.0,0.0,0.0,0.029704964392102,0.0,1.524446230473188,0.27,0.06
4909,0.03548646752881975,0.0,0.0,0.0,0.0,0.03548646752881975,0.0,1.5151076863866566,0.27,0.06
4910,0.03548646752881975,0.0,0.0,-2.0816681711721685e-17,0.0,0.03548646752881973,0.0,1.5057691423001252,0.27,0.06
4911,0.0179425959415381,0.0,0.0,0.0,0.0,0.0179425959415381,0.0,1.5010474065260362,0.27,0.06
4912,0.0179425959415381,0.0,0.0,0.0,0.0,0.0179425959415381,0.0,1.4963256707519472,0.27,0.06
4913,0.04286286808256325,0.0,0.0,0.0,0.0,0.04286286808256325,0.0,1.4850459686249569,0.27,0.06
4914,0.04286286808256325,0.0,0.0,0.0,0.0,0.04286286808256325,0.0,1.4737662664979665,0.27,0.06
4915,0.02272728819261495,0.0,0.0,0.0,0.0,0.02272728819261495,0.0,1.4677854011841205,0.27,0.06
4916,0.02272728819261495,0.0,0.0,0.0,0.0,0.02272728819261495,0.0,1.4618045358702745,0.27,0.06
4917,0.0151515254617433,0.0,0.0,1.734723475976807e-18,0.0,0.015151525461743302,0.0,1.4578172923277106,0.27,0.06
4918,0.0151515254617433,0.0,0.0,0.0,0.0,0.0151515254617433,0.0,1.4538300487851465,0.27,0.06
4919,0.03149922398625575,0.0,0.0,6.938893903907228e-18,0.0,0.03149922398625576,0.0,1.4455407793150792,0.27,0.06
4920,0.03149922398625575,0.0,0.0,0.0,0.0,0.03149922398625575,0.0,1.4372515098450118,0.27,0.06
4921,0.04625202509374275,0.0,0.0,0.0,0.0,0.04625202509374275,0.0,1.4250799242940269,0.27,0.06
4922,0.04625202509374275,0.0,-0.0,0.0,0.0,0.04625202509374275,0.0,1.412908338743042,0.27,0.06
4923,0.047448198156512,0.0,0.0,0.0,0.0,0.047448198156512,0.0,1.4004219708071177,0.27,0.06
4924,0.047448198156512,0.0,0.0,0.0,0.0,0.047448198156512,0.0,1.3879356028711936,0.27,0.06
4925,0.0322966726947685,0.0,0.0054915162603354165,0.0,0.0,0.026805156434433083,0.0,1.3808816143358165,0.27,0.06
4926,0.0322966726947685,0.0006050892171394533,0.0,0.0,0.0,0.03169158347762904,0.0,1.372541723946967,0.27,0.06
4927,0.02432218560964055,0.0029316928103621134,0.0,0.0,0.0,0.021390492799278436,0.0,1.3669126468945254,0.27,0.06
4928,0.02432218560964055,0.005044888793430347,0.0,0.0,0.0,0.019277296816210203,0.0,1.3618396740481542,0.27,0.06
4929,0.07316591900604975,0.016527947139401943,0.0,0.0,0.0,0.05663797186664781,0.0,1.3469349446095626,0.27,0.06
4930,0.07316591900604975,0.03224330451259695,0.0,6.938893903907228e-18,0.0,0.04092261449345281,0.0,1.3361658355323383,0.27,0.06
4931,0.0490430955735375,0.02718907848476036,0.0,0.0,0.0,0.02185401708877714,0.0,1.3304147784037126,0.27,0.06
4932,0.0490430955735375,0.03241307247551979,0.0,0.0,0.0,0.016630023098017706,0.0,1.3260384565358132,0.27,0.06
4933,0.028708153506461,0.029100661142323115,0.0,1.5612511283791264e-16,0.0003925076358619606,0.0,0.0,1.3261316770993303,0.27,0.06
4934,0.028708153506461,0.031760273498620845,0.0,0.0,0.0030521199921598463,0.0,0.0,1.3268565555974683,0.27,0.06
4935,0.033692207934666,0.049355500041215083,0.0,0.0,0.015663292106549084,0.0,0.0,1.3305765874727737,0.27,0.06
4936,0.033692207934666,0.04696778336793876,0.0,0.0,0.013275575433272763,0.0,0.0,1.333729536638176,0.27,0.06
4937,0.0283094291522045,0.06847366040456998,0.0,-5.828670879282072e-16,0.04016423125236607,0.0,0.0,1.343268541560613,0.27,0.06
4938,0.0283094291522045,0.0691592613645704,0.0,-3.608224830031759e-16,0.040849832212366266,0.0,0.0,1.35297037671105,0.27,0.06
4939,0.019138769004307325,0.049003453724202575,0.0,0.0,0.02986468471989525,0.0,0.0,1.360063239332025,0.27,0.06
4940,0.019138769004307325,0.04700864450986006,0.0,0.0,0.027869875505552734,0.0,0.0,1.3666823347645938,0.27,0.06
4941,0.02811006697507625,0.11031525851812195,0.0,0.0,0.0822051915430457,0.0,0.0,1.386206067756067,0.27,0.06
4942,0.02811006697507625,0.16759937456943064,0.0,0.0,0.13948930759435438,0.0,0.0,1.4193347783097263,0.27,0.06
4943,0.02651516955805075,0.16078605218979947,0.0,0.0,0.13427088263174872,0.0,0.0,1.4512241129347667,0.27,0.06
4944,0.02651516955805075,0.15258025815354317,0.0,0.0,0.12606508859549242,0.0,0.0,1.481164571476196,0.27,0.06
4945,0.2822968428135325,0.7682099188441041,0.0,0.0,0.48591307603057154,0.0,0.0,1.5965689270334569,0.27,0.06
4946,0.2822968428135325,0.4664067973041517,0.0,0.0,0.18410995449061918,0.0,0.0,1.6402950412249788,0.27,0.06
4947,0.2940592112640975,0.3709527097775949,0.0,0.0,0.07689349851349742,0.0,0.0,1.6585572471219345,0.27,0.06
4948,0.2940592112640975,0.5065252149145721,0.0,0.0,0.21246600365047463,0.0,0.0,1.7090179229889224,0.27,0.06
4949,0.1945774848771245,0.6084293804308246,0.0,2.7755575615628914e-16,0.41385189555369983,0.0,0.0,1.807307748182926,0.27,0.06
4950,0.1945774848771245,0.3917889943935875,0.0,0.0,0.197211509516463,0.0,0.0,1.854145481693086,0.27,0.06
4951,0.02651516955805075,0.07802437142206706,0.0,-1.1102230246251565e-16,0.05150920186401642,0.0,0.0,1.8663789171357898,0.27,0.06
4952,0.02651516955805075,0.05214226791868788,0.0,0.0,0.025627098360637132,0.0,0.0,1.8724653529964412,0.27,0.06
4953,0.122807101110972,0.13908578270348457,0.0,0.0,0.01627868159251257,0.0,0.0,1.876331539874663,0.27,0.06
4954,0.122807101110972,0.13624730936307555,0.0,0.0,0.013440208252103555,0.0,0.0,1.8795235893345374,0.27,0.06
4955,0.02272728819261495,0.050334096271346336,0.0,0.0,0.027606808078731386,0.0,0.0,1.8860802062532362,0.27,0.06
4956,0.02272728819261495,0.0528154483317783,0.0,0.0,0.03008816013916335,0.0,0.0,1.8932261442862874,0.27,0.06
4957,0.08831744446779324,0.16423728763462123,0.0,0.0,0.07591984316682798,0.0,0.0,1.9112571070384092,0.27,0.06
4958,0.08831744446779324,0.1425804009255546,0.0,0.0,0.05426295645776136,0.0,0.0,1.9241445591971276,0.27,0.06
4959,0.028708153506461,0.04547311633222981,0.0,0.0,0.01676496282576881,0.0,0.0,1.9281262378682476,0.27,0.06
4960,0.028708153506461,0.028936818681519635,0.0,0.0,0.00022866517505863715,0.0,0.0,1.928180545847324,0.27,0.06
4961,0.08652318487363925,0.10479430468945108,0.0,0.0,0.018271119815811837,0.0,0.0,1.9325199368035793,0.27,0.06
4962,0.08652318487363925,0.06369182080606861,0.0,0.0,0.0,0.022831364067570636,0.0,1.926511683101587,0.27,0.06
4963,0.2691389391230725,0.09145948173777181,0.0,0.0,0.0,0.17767945738530072,0.0,1.8797539311580866,0.27,0.06
4964,0.2691389391230725,0.08350137218931461,0.0,0.0,0.0,0.1856375669337579,0.0,1.8309019398597293,0.27,0.06
4965,0.4627196330507725,0.09540582753220224,0.0,0.0,0.0,0.3673138055185703,0.0,1.7342404120916846,0.27,0.06
4966,0.4627196330507725,0.067492995096119,0.0,0.0,0.0,0.39522663795465296,0.0,1.630233402103618,0.27,0.06
4967,0.173445094101535,0.027788683543612677,0.0,0.0,0.0,0.14565641055792233,0.0,1.59190276774627,0.27,0.06
4968,0.173445094101535,0.010116427579741778,0.0,0.0,0.0,0.16332866652179323,0.0,1.548921539714219,0.27,0.06
4969,0.025717720849538,0.0004102844691968878,0.0,0.0,0.0,0.025307436380341112,0.0,1.542261688035182,0.27,0.06
4970,0.025717720849538,0.0,0.0,5.551115123125783e-17,0.0,0.025717720849538054,0.0,1.535493866758988,0.27,0.06
4971,0.054425874355999,0.0,0.0,0.0,0.0,0.054425874355999,0.0,1.5211712682442513,0.27,0.06
4972,0.054425874355999,0.0,0.0,0.0,0.0,0.054425874355999104,0.0,1.5068486697295147,0.27,0.06
4973,0.04425840332246075,0.0,0.0,0.0,0.0,0.04425840332246075,0.0,1.495201721486762,0.27,0.06
4974,0.04425840332246075,0.0,0.0,0.0,0.0,0.04425840332246075,0.0,1.483554773244009,0.27,0.06
4975,0.05721694483579375,0.0,0.0,0.0,0.0,0.05721694483579375,0.0,1.4684976824977476,0.27,0.06
4976,0.05721694483579375,0.0,0.0,0.0,0.0,0.05721694483579375,0.0,1.453440591751486,0.27,0.06
4977,0.04824564686502475,0.0,0.0,0.0,0.0,0.04824564686502475,0.0,1.440744368892269,0.27,0.06
4978,0.04824564686502475,0.0,0.0,0.0,0.0,0.04824564686502475,0.0,1.428048146033052,0.27,0.06
4979,0.049441819927794,0.0,0.0,0.0,0.0,0.049441819927794,0.0,1.4150371407888958,0.27,0.06
4980,0.049441819927794,0.0,0.0,6.938893903907228e-18,0.0,0.049441819927794006,0.0,1.4020261355447394,0.27,0.06
4981,0.046451387270871,0.0,0.0,0.0,0.0,0.046451387270871,0.0,1.3898020862629312,0.27,0.06
4982,0.046451387270871,0.0,0.0,0.0,0.0,0.046451387270871,0.0,1.377578036981123,0.27,0.06
4983,0.0151515254617433,0.0,0.0,0.0,0.0,0.0151515254617433,0.0,1.373590793438559,0.27,0.06
4984,0.0151515254617433,0.0,0.0,8.673617379884035e-18,0.0,0.01515152546174331,0.0,1.3696035498959949,0.27,0.06
4985,0.020933028598461124,0.0,0.0,0.0,0.0,0.020933028598461124,0.0,1.3640948581595578,0.27,0.06
4986,0.020933028598461124,0.0,0.0,0.0,0.0,0.020933028598461124,0.0,1.3585861664231207,0.27,0.06
4987,0.04246414372830675,0.0,0.0,0.0,0.0,0.04246414372830675,0.0,1.3474113917577768,0.27,0.06
4988,0.04246414372830675,0.0,0.0,0.0,0.0,0.04246414372830675,0.0,1.336236617092433,0.27,0.06
4989,0.06120418837835775,0.0,0.0,0.0,0.0,0.06120418837835775,0.0,1.320130251729707,0.27,0.06
4990,0.06120418837835775,0.0,0.0,0.0,0.0,0.06120418837835775,0.0,1.3040238863669813,0.27,0.06
4991,0.16726486661056075,0.0,0.16726486661056075,0.0,0.0,0.0,0.0,1.3040238863669813,0.27,0.06
4992,0.16726486661056075,0.0,0.0,0.0,0.0,0.16726486661056075,0.0,1.2600068162063076,0.27,0.06
4993,0.1551037738057405,0.0,0.1551037738057405,0.0,0.0,0.0,0.0,1.2600068162063076,0.27,0.06
4994,0.1551037738057405,0.0,0.1551037738057405,0.0,0.0,0.0,0.0,1.2600068162063076,0.27,0.06
4995,0.03588519188307625,0.0,0.0,0.0,0.0,0.03588519188307625,0.0,1.2505633446581297,0.27,0.06
4996,0.03588519188307625,0.0,0.0,0.0,0.0,0.03588519188307625,0.0,1.2411198731099518,0.27,0.06
4997,0.13197776125886926,0.0,0.13197776125886926,0.0,0.0,0.0,0.0,1.2411198731099518,0.27,0.06
4998,0.13197776125886926,0.0,0.13197776125886926,0.0,0.0,0.0,0.0,1.2411198731099518,0.27,0.06
4999,0.064393983212409,0.0,0.0,0.0,0.0,0.0643939832124084,0.0,1.2241740880540548,0.27,0.06
5000,0.064393983212409,0.0,0.0,0.0,0.0,0.064393983212409,0.0,1.2072283029981574,0.27,0.06
5001,0.03947371107138375,0.0,0.03947371107138375,0.0,0.0,0.0,0.0,1.2072283029981574,0.27,0.06
5002,0.03947371107138375,0.0,0.0,0.0,0.0,0.03947371107138375,0.0,1.1968404842951617,0.27,0.06
5003,0.03289475922615325,0.0,0.0,0.0,0.0,0.03289475922615325,0.0,1.1881839687093319,0.27,0.06
5004,0.03289475922615325,0.0,0.0,-6.938893903907228e-18,0.0,0.032894759226153245,0.0,1.179527453123502,0.27,0.06
5005,0.02452154778676875,0.0,0.0,0.0,0.0,0.02452154778676875,0.0,1.1730744142322471,0.27,0.06
5006,0.02452154778676875,0.0,0.0,0.0,0.0,0.02452154778676875,0.0,1.1666213753409922,0.27,0.06
5007,0.021132390775589326,0.0,0.0,0.0,0.0,0.021132390775589326,0.0,1.1610602198737319,0.27,0.06
5008,0.021132390775589326,0.0,0.0,3.469446951953614e-18,0.0,0.02113239077558933,0.0,1.1554990644064715,0.27,0.06
5009,0.018540682472922725,0.0,0.0,0.0,0.0,0.018540682472922725,0.0,1.1506199374399129,0.27,0.06
5010,0.018540682472922725,0.0,0.0,0.0,0.0,0.018540682472922725,0.0,1.1457408104733542,0.27,0.06
5011,0.02811006697507625,0.0,0.0,0.0,0.0,0.028110066975075655,0.0,1.1383434244272816,0.27,0.06
5012,0.02811006697507625,0.0,0.02811006697507625,0.0,0.0,0.0,0.0,1.1383434244272816,0.27,0.06
5013,0.02212920166123035,0.0,0.02212920166123035,0.0,0.0,0.0,0.0,1.1383434244272816,0.27,0.06
5014,0.02212920166123035,0.0,0.02212920166123035,0.0,0.0,0.0,0.0,1.1383434244272816,0.27,0.06
5015,0.028708153506461,0.0,0.0,-6.938893903907228e-18,0.0,0.02870815350646099,0.0,1.1307886471887392,0.27,0.06
5016,0.028708153506461,0.0,0.0,0.0,0.0,0.028708153506461,0.0,1.123233869950197,0.27,0.06
5017,0.05482459871025525,0.0,0.0,0.0,0.0,0.05482459871025525,0.0,1.1088063439738138,0.27,0.06
5018,0.05482459871025525,0.0,0.0,0.0,0.0,0.05482459871025525,0.0,1.094378817997431,0.27,0.06
5019,0.04385967896820425,0.0,0.0,0.0,0.0,0.04385967896820425,0.0,1.0828367972163246,0.27,0.06
5020,0.04385967896820425,0.0,0.0,0.0,0.0,0.04385967896820425,0.0,1.0712947764352183,0.27,0.06
5021,0.04425840332246075,0.0,0.0,6.938893903907228e-18,0.0,0.044258403322460754,0.0,1.0596478281924653,0.27,0.06
5022,0.04425840332246075,0.0014479041091332208,0.0,0.0,0.0,0.042810499213327524,0.0,1.0483819073468528,0.27,0.06
5023,0.0291068778607175,0.004176052410125143,0.0,0.0,0.0,0.02493082545059236,0.0,1.0418211638072232,0.27,0.06
5024,0.0291068778607175,0.006131202371825111,0.0,1.0408340855860843e-17,0.0,0.0229756754888924,0.0,1.0357749334154094,0.27,0.06
5025,0.0263158073809225,0.010427167059859448,0.0,0.0,0.0,0.01588864032106305,0.0,1.0315937122782874,0.27,0.06
5026,0.0263158073809225,0.014167477941344483,0.0,1.0408340855860843e-17,0.0,0.012148329439578026,0.0,1.0283967834783987,0.27,0.06
5027,0.11064600830615175,0.05346406287963473,0.057181945426517,0.0,0.0,0.0,0.0,1.0283967834783987,0.27,0.06
5028,0.11064600830615175,0.049168961188746266,0.0,0.0,0.0,0.06147704711740548,0.0,1.0122186131843447,0.27,0.06
5029,0.09529512066728026,0.06005261020921178,0.0,0.0,0.0,0.03524251045806848,0.0,1.0029442683269583,0.27,0.06
5030,0.09529512066728026,0.08604929788907335,0.0,0.0,0.0,0.009245822778206902,0.0,1.0005111570695353,0.27,0.06
5031,0.03149922398625575,0.033168961225570656,0.0,0.0,0.0016697372393149057,0.0,0.0,1.0009077196638725,0.27,0.06
5032,0.03149922398625575,0.02804988926353949,0.0,0.0,0.0,0.00344933472271626,0.0,0.9999999999999998,0.27,0.06
5033,0.0303030509234865,0.05201419164395866,0.0,7.632783294297951e-17,0.02171114072047208,0.0,0.0,1.0051563959211118,0.27,0.06
5034,0.0303030509234865,0.07942711316317547,0.0,0.0,0.049124062239688966,0.0,0.0,1.016823360703038,0.27,0.06
5035,0.018540682472922725,0.05489810514140004,0.0,1.3877787807814457e-17,0.0363574226684773,0.0,0.0,1.0254582485868013,0.27,0.06
5036,0.018540682472922725,0.05649447996371867,0.0,8.604228440844963e-16,0.03795379749079508,0.0,0.0,1.034472275490865,0.27,0.06
5037,0.021132390775589326,0.08596527465588402,0.0,4.0245584642661925e-16,0.06483288388029429,0.0,0.0,1.049870085412435,0.27,0.06
5038,0.021132390775589326,0.07161095391635008,0.0,4.163336342344337e-17,0.05047856314076071,0.0,0.0,1.0618587441583658,0.27,0.06
5039,0.021730477306973923,0.08227576940677696,0.0,-2.706168622523819e-16,0.060545292099803305,0.0,0.0,1.0762382510320692,0.27,0.06
5040,0.021730477306973923,0.10193214207314838,0.0,0.0,0.08020166476617446,0.0,0.0,1.0952861464140355,0.27,0.06
5041,0.2880783658864675,0.49351177136463115,0.0,0.0,0.20543340547816363,0.0,0.0,1.1440765802150994,0.27,0.06
5042,0.2880783658864675,0.5930322580070562,0.0,0.0,0.30495389212058865,0.0,0.0,1.2165031295937392,0.27,0.06
5043,0.2996413522236875,0.43261638251492995,0.0,0.0,0.13297503029124247,0.0,0.0,1.2480846992879093,0.27,0.06
5044,0.2996413522236875,0.4845113655009419,0.0,0.0,0.18487001327725444,0.0,0.0,1.2919913274412573,0.27,0.06
5045,0.09489639631302375,0.2610474445094437,0.0,0.0,0.16615104819641996,0.0,0.0,1.331452201387907,0.27,0.06
5046,0.09489639631302375,0.41381938221444614,0.0,0.0,0.3189229859014224,0.0,0.0,1.4071964105394947,0.27,0.06
5047,0.033692207934666,0.20992253167134708,0.0,0.0,0.17623032373668107,0.0,0.0,1.4490511124269565,0.27,0.06
5048,0.033692207934666,0.17210863094497025,0.0,0.0,0.13841642301030427,0.0,0.0,1.4819250128919037,0.27,0.06
5049,0.081339768268306,0.32393277336293663,0.0,7.494005416219807e-16,0.2425930050946299,0.0,0.0,1.5395408516018783,0.27,0.06
5050,0.081339768268306,0.3074898570974214,0.0,1.3877787807814457e-16,0.22615008882911525,0.0,0.0,1.5932514976987933,0.27,0.06
5051,0.0169457850558971,0.08179332818034245,0.0,5.551115123125783e-17,0.0648475431244453,0.0,0.0,1.6086527891908489,0.27,0.06
5052,0.0169457850558971,0.02453974646916793,0.0,9.71445146547012e-17,0.007593961413270733,0.0,0.0,1.6104563550265008,0.27,0.06
5053,0.0837321143938445,0.07898623977705635,0.0,0.0,0.0,0.0047458746167881455,0.0,1.6092074406536616,0.27,0.06
5054,0.0837321143938445,0.07825819577710812,0.0,-6.938893903907228e-18,0.0,0.0054739186167363715,0.0,1.6077669357545206,0.27,0.06
5055,0.0311004996319995,0.029745771921182166,0.0,0.0,0.0,0.0013547277108173356,0.0,1.6074104284622002,0.27,0.06
5056,0.0311004996319995,0.03431818975383155,0.0,-7.667477763817487e-16,0.003217690121832817,0.0,0.0,1.6081746298661357,0.27,0.06
5057,0.0707735728805115,0.05468417537930965,0.0,0.0,0.0,0.016089397501201856,0.0,1.6039405778921352,0.27,0.06
5058,0.0707735728805115,0.04486391121273058,0.0,0.0,0.0,0.02590966166778092,0.0,1.597122245874298,0.27,0.06
5059,0.04545457638523,0.027514813776218814,0.0,0.0,0.0,0.017939762609011183,0.0,1.592401255714032,0.27,0.06
5060,0.04545457638523,0.06436830107792582,0.0,0.0,0.018913724692695824,0.0,0.0,1.5968932653285473,0.27,0.06
5061,0.021730477306973923,0.03103482734131314,0.0,-2.7755575615628914e-16,0.009304350034339492,0.0,0.0,1.5991030484617028,0.27,0.06
5062,0.021730477306973923,0.01704271371274799,0.0,0.0,0.0,0.004687763594225933,0.0,1.5978694264632223,0.27,0.06
5063,0.13736054004133075,0.02665345616190635,0.0,0.0,0.0,0.1107070838794244,0.0,1.568735983337058,0.27,0.06
5064,0.13736054004133075,0.010759921963410213,0.0,2.7755575615628914e-17,0.0,0.12660061807792056,0.0,1.5354200312112893,0.27,0.06
5065,0.16267953653661224,0.0045117984116544935,0.0,2.7755575615628914e-17,0.0,0.15816773812495777,0.0,1.4937969422310373,0.27,0.06
5066,0.16267953653661224,0.0,0.16267953653661224,0.0,0.0,0.0,0.0,1.4937969422310373,0.27,0.06
5067,0.0649920697437935,0.0,0.0,0.0,0.0,0.0649920697437935,0.0,1.4766937659826707,0.27,0.06
5068,0.0649920697437935,0.0,0.0,0.0,0.0,0.0649920697437935,0.0,1.459590589734304,0.27,0.06
5069,0.04824564686502475,0.0,0.0,0.0,0.0,0.04824564686502475,0.0,1.4468943668750869,0.27,0.06
5070,0.04824564686502475,0.0,0.0,0.0,0.0,0.04824564686502475,0.0,1.43419814401587,0.27,0.06
5071,0.05542268524164,0.0,0.0,0.0,0.0,0.05542268524164,0.0,1.4196132268470174,0.27,0.06
5072,0.05542268524164,0.0,0.0,0.0,0.0,0.05542268524164,0.0,1.4050283096781646,0.27,0.06
5073,0.03927434889425575,0.0,0.0,1.3877787807814457e-17,0.0,0.03927434889425577,0.0,1.394692954705992,0.27,0.06
5074,0.03927434889425575,0.0,0.0,0.0,0.0,0.039274348894256454,0.0,1.3843575997338193,0.27,0.06
5075,0.048445009042153,0.0,0.0,0.0,0.0,0.048445009042153,0.0,1.3716089131437794,0.27,0.06
5076,0.048445009042153,0.0,0.0,0.0,0.0,0.048445009042153,0.0,1.358860226553739,0.27,0.06
5077,0.05382778782461425,0.0,0.0,0.0,0.0,0.05382778782461425,0.0,1.3446950192314722,0.27,0.06
5078,0.05382778782461425,0.0,0.0,0.0,0.0,0.05382778782461425,0.0,1.3305298119092053,0.27,0.06
5079,0.05921056660707575,0.0,0.0,4.85722573273506e-17,0.0,0.0592105666070758,0.0,1.3149480838547116,0.27,0.06
5080,0.05921056660707575,0.0,0.0,0.0,0.0,0.05921056660707575,0.0,1.299366355800218,0.27,0.06
5081,0.0697767619948705,0.0,0.0697767619948705,0.0,0.0,0.0,0.0,1.299366355800218,0.27,0.06
5082,0.0697767619948705,0.0,0.0,0.0,0.0,0.0697767619948705,0.0,1.2810040500120938,0.27,0.06
5083,0.0649920697437935,0.0,0.0,0.0,0.0,0.0649920697437935,0.0,1.2639008737637272,0.27,0.06
5084,0.0649920697437935,0.0,0.0,0.0,0.0,0.0649920697437935,0.0,1.2467976975153605,0.27,0.06
5085,0.0350877431745635,0.0,0.0,0.0,0.0,0.0350877431745635,0.0,1.2375640808904753,0.27,0.06
5086,0.0350877431745635,0.0,0.0,0.0,0.0,0.03508774317456292,0.0,1.2283304642655903,0.27,0.06
5087,0.03448965664317875,0.0,0.0,0.0,0.0,0.03448965664317875,0.0,1.2192542388331749,0.27,0.06
5088,0.03448965664317875,0.0,0.0,0.0,0.0,0.03448965664317875,0.0,1.2101780134007594,0.27,0.06
5089,0.0647927075666655,0.0,0.06479270756666548,0.0,0.0,1.3877787807814457e-17,0.0,1.2101780134007594,0.27,0.06
5090,0.0647927075666655,0.0,0.0647927075666655,0.0,0.0,0.0,0.0,1.2101780134007594,0.27,0.06
5091,0.038676262362871,0.0,0.0,-1.3877787807814457e-17,0.0,0.038676262362870986,0.0,1.2000000496210566,0.27,0.06
5092,0.038676262362871,0.0,0.0,0.0,0.0,0.038676262362871,0.0,1.1898220858413535,0.27,0.06
5093,0.04385967896820425,0.0,0.0,0.0,0.0,0.04385967896820425,0.0,1.1782800650602472,0.27,0.06
5094,0.04385967896820425,0.0,0.0,0.0,0.0,0.04385967896820425,0.0,1.1667380442791409,0.27,0.06
5095,0.0380781758314865,0.0,0.0,0.0,0.0,0.0380781758314865,0.0,1.1567174716919075,0.27,0.06
5096,0.0380781758314865,0.0,0.0,0.0,0.0,0.0380781758314865,0.0,1.1466968991046742,0.27,0.06
5097,0.03548646752881975,0.0,0.0,0.0,0.0,0.03548646752881975,0.0,1.1373583550181425,0.27,0.06
5098,0.03548646752881975,0.0,0.0,0.0,0.0,0.03548646752881975,0.0,1.128019810931611,0.27,0.06
5099,0.02492027214102515,0.0,0.00982798978339186,0.0,0.0,0.01509228235763329,0.0,1.1240481576796024,0.27,0.06
5100,0.02492027214102515,0.0,0.0,0.0,0.0,0.02492027214102515,0.0,1.117490191326701,0.27,0.06
5101,0.020334942067076527,0.0,0.0,0.0,0.0,0.020334942067076527,0.0,1.1121388907827334,0.27,0.06
5102,0.020334942067076527,0.0,0.0,0.0,0.0,0.020334942067076527,0.0,1.106787590238766,0.27,0.06
5103,0.02372409907825595,0.0,0.023724099078256344,0.0,0.0,0.0,0.0,1.106787590238766,0.27,0.06
5104,0.02372409907825595,0.0,0.0,-1.3877787807814457e-17,0.0,0.023724099078255935,0.0,1.1005444062708036,0.27,0.06
5105,0.02551835867240975,0.0,0.0,0.0,0.0,0.02551835867240975,0.0,1.0938290487254327,0.27,0.06
5106,0.02551835867240975,0.0,0.0,0.0,0.0,0.02551835867240975,0.0,1.0871136911800618,0.27,0.06
5107,0.031698586163384,0.0,0.0,0.0,0.0,0.031698586163384,0.0,1.0787719579791715,0.27,0.06
5108,0.031698586163384,0.0,0.0,0.0,0.0,0.031698586163384,0.0,1.0704302247782809,0.27,0.06
5109,0.0311004996319995,0.0,0.0,0.0,0.0,0.0311004996319995,0.0,1.06224588276986,0.27,0.06
5110,0.0311004996319995,0.0,0.0,0.0,0.0,0.0311004996319995,0.0,1.054061540761439,0.27,0.06
5111,0.0167464228787689,0.0,0.0,0.0,0.0,0.0167464228787689,0.0,1.0496545873722893,0.27,0.06
5112,0.0167464228787689,0.0,0.016746422878768888,0.0,0.0,1.0408340855860843e-17,0.0,1.0496545873722893,0.27,0.06
5113,0.04246414372830675,0.0,0.04246414372830675,0.0,0.0,0.0,0.0,1.0496545873722893,0.27,0.06
5114,0.04246414372830675,0.0,0.04246414372830675,0.0,0.0,0.0,0.0,1.0496545873722893,0.27,0.06
5115,0.0470494738022555,0.0,0.0470494738022555,0.0,0.0,0.0,0.0,1.0496545873722893,0.27,0.06
5116,0.0470494738022555,0.0,0.0470494738022555,0.0,0.0,0.0,0.0,1.0496545873722893,0.27,0.06
5117,0.04385967896820425,0.0,0.0,0.0,0.0,0.04385967896820425,0.0,1.038112566591183,0.27,0.06
5118,0.04385967896820425,0.00038654241166072306,0.0,0.0,0.0,0.04347313655654353,0.0,1.0266722674973559,0.27,0.06
5119,0.0570175826586655,0.005877283194687329,0.0,0.0,0.0,0.051140299463978175,0.0,1.0132142939542037,0.27,0.06
5120,0.0570175826586655,0.009433470004198556,0.0,0.0,0.0,0.047584112654466944,0.0,1.0006921590451334,0.27,0.06
5121,0.06539079409805,0.01778279787933148,0.04760799621871852,0.0,0.0,0.0,0.0,1.0006921590451334,0.27,0.06
5122,0.06539079409805,0.03636491469501005,0.029025879403039953,0.0,0.0,0.0,0.0,1.0006921590451334,0.27,0.06
5123,0.16726486661056075,0.08660170511875796,0.08066316149180279,0.0,0.0,0.0,0.0,1.0006921590451334,0.27,0.06
5124,0.16726486661056075,0.10539890201176441,0.06186596459879634,0.0,0.0,0.0,0.0,1.0006921590451334,0.27,0.06
5125,0.08193785479969075,0.07930765042818462,0.0,0.0,0.0,0.0026302043715061285,0.0,1.0000000000000002,0.27,0.06
5126,0.08193785479969075,0.08864577953136446,0.0,0.006707924731673712,0.0,0.0,0.0,1.0000000000000002,0.27,0.06
5127,0.025717720849538,0.043498859367683294,0.0,0.017781138518145296,0.0,0.0,0.0,1.0000000000000002,0.27,0.06
5128,0.025717720849538,0.04424092993767698,0.0,0.018523209088138985,0.0,0.0,0.0,1.0,0.27,0.06
5129,0.06220099926399875,0.14579068430291373,0.0,0.08358968503891498,0.0,0.0,0.0,1.0,0.27,0.06
5130,0.06220099926399875,0.14932524476725004,0.0,0.08712424550325129,0.0,0.0,0.0,1.0,0.27,0.06
5131,0.041666695019794,0.12575894966055406,0.0,0.08409225464076006,0.0,0.0,0.0,1.0,0.27,0.06
5132,0.041666695019794,0.16096374850582568,0.0,0.11929705348603167,0.0,0.0,0.0,1.0,0.27,0.06
5133,0.02591708302666625,0.11912685220029443,0.0,0.09320976917362818,0.0,0.0,0.0,1.0,0.27,0.06
5134,0.02591708302666625,0.10718999502374076,0.0,0.08127291199707451,0.0,0.0,0.0,1.0,0.27,0.06
5135,0.0291068778607175,0.14674839312184224,0.0,0.09216267775590126,0.025478837505223485,0.0,0.0,1.0060512239074906,0.27,0.06
5136,0.0291068778607175,0.13293499138093928,0.0,0.10382811352022178,0.0,0.0,0.0,1.0060512239074906,0.27,0.06
5137,0.275518528791175,0.7213545011704009,0.0,1.1102230246251565e-16,0.4458359723792258,0.0,0.0,1.1119372673475567,0.27,0.06
5138,0.275518528791175,0.7337023992377336,0.0,-6.661338147750939e-16,0.4581838704465593,0.0,0.0,1.2207559365786145,0.27,0.06
5139,0.28349303581252,0.7919756933228593,0.0,8.881784197001252e-16,0.5084826575103385,0.0,0.0,1.3415205677373199,0.27,0.06
5140,0.28349303581252,0.686299224937112,0.0,4.996003610813204e-16,0.40280618912459154,0.0,0.0,1.4371870376544105,0.27,0.06
5141,0.16905912620471475,0.6352631664913007,0.0,0.0,0.4662040402865859,0.0,0.0,1.5479104972224746,0.27,0.06
5142,0.16905912620471475,0.5882568706718715,0.0,0.0,0.41919774446715674,0.0,0.0,1.6474699615334245,0.27,0.06
5143,0.0161483363473843,0.10469881508912922,0.0,0.0,0.08855047874174492,0.0,0.0,1.6685007002345889,0.27,0.06
5144,0.0161483363473843,0.09140424467318078,0.0,0.0,0.07525590832579648,0.0,0.0,1.6863739784619654,0.27,0.06
5145,0.101076623803998,0.3712627063941766,0.0,0.0,0.27018608259017857,0.0,0.0,1.7505431730771328,0.27,0.06
5146,0.101076623803998,0.3561118754130872,0.0,1.6653345369377348e-16,0.255035251609089,0.0,0.0,1.8111140453342913,0.27,0.06
5147,0.028708153506461,0.12073422573635016,0.0,0.0,0.09202607222988916,0.0,0.0,1.83297023748889,0.27,0.06
5148,0.028708153506461,0.0762691213462637,0.0,0.0,0.047560967839802695,0.0,0.0,1.8442659673508432,0.27,0.06
5149,0.076355713840101,0.13934700472423045,0.0,0.06299129088412946,0.0,0.0,0.0,1.8442659673508432,0.27,0.06
5150,0.076355713840101,0.10760629800347866,0.0,0.0,0.03125058416337767,0.0,0.0,1.8516879810896454,0.27,0.06
5151,0.02492027214102515,0.029780302295813268,0.0,0.004860030154788118,0.0,0.0,0.0,1.8516879810896454,0.27,0.06
5152,0.02492027214102515,0.03503233812138561,0.0,0.010112065980360463,0.0,0.0,0.0,1.8516879810896454,0.27,0.06
5153,0.080342957382665,0.08367533691549643,0.0,0.003332379532831428,0.0,0.0,0.0,1.8516879810896452,0.27,0.06
5154,0.080342957382665,0.07114710594433563,0.0,0.0,0.0,0.009195851438329378,0.0,1.8492680201848217,0.27,0.06
5155,0.0169457850558971,0.020614185603492277,0.0,0.0036684005475951763,0.0,0.0,0.0,1.8492680201848217,0.27,0.06
5156,0.0169457850558971,0.020522526876583617,0.0,0.0035767418206865166,0.0,0.0,0.0,1.8492680201848217,0.27,0.06
5157,0.028708153506461,0.02497977951403672,0.0,0.0,0.0,0.0037283739924242783,0.0,1.8482868691341838,0.27,0.06
5158,0.028708153506461,0.029504207867782347,0.0,0.0007960543613213487,0.0,0.0,0.0,1.8482868691341838,0.27,0.06
5159,0.19696983100266274,0.05796044380914275,0.0,0.0,0.0,0.13900938719352,0.0,1.8117054514516786,0.27,0.06
5160,0.19696983100266274,0.03316367068439267,0.0,0.0,0.0,0.16380616031827008,0.0,1.768598567157397,0.27,0.06
5161,0.21590921789362424,0.012998804309594311,0.0,0.0,0.0,0.20291041358402995,0.0,1.7152010898984418,0.27,0.06
5162,0.21590921789362424,0.0,0.0,0.0,0.0,0.21590921789362424,0.0,1.6583828746632774,0.27,0.06
5163,0.0322966726947685,0.0,0.0,0.0,0.0,0.0322966726947685,0.0,1.6498837502699173,0.27,0.06
5164,0.0322966726947685,0.0,0.0,0.0,0.0,0.0322966726947685,0.0,1.6413846258765572,0.27,0.06
5165,0.040669884134153,0.0,0.0,0.0,0.0,0.040669884134153,0.0,1.6306820247886222,0.27,0.06
5166,0.040669884134153,0.0,0.0,0.0,0.0,0.040669884134153,0.0,1.6199794237006873,0.27,0.06
5167,0.033692207934666,0.0,0.0,0.0,0.0,0.033692207934666,0.0,1.6111130531915645,0.27,0.06
5168,0.033692207934666,0.0,0.0,0.0,0.0,0.033692207934666,0.0,1.602246682682442,0.27,0.06
5169,0.019736855535691926,0.0,0.0,0.0,0.0,0.019736855535691926,0.0,1.597052773330944,0.27,0.06
5170,0.019736855535691926,0.0,0.0,0.0,0.0,0.019736855535691926,0.0,1.5918588639794462,0.27,0.06
5171,0.02392346125538415,0.0,0.0,6.938893903907228e-18,0.0,0.02392346125538416,0.0,1.585563216280661,0.27,0.06
5172,0.02392346125538415,0.0,0.0,0.0,0.0,0.02392346125538415,0.0,1.5792675685818756,0.27,0.06
5173,0.029704964392102,0.0,0.0,3.469446951953614e-18,0.0,0.029704964392102004,0.0,1.5714504726892171,0.27,0.06
5174,0.029704964392102,0.0,0.0,1.3877787807814457e-17,0.0,0.029704964392102014,0.0,1.5636333767965587,0.27,0.06
5175,0.019736855535691926,0.0,0.0,6.938893903907228e-18,0.0,0.019736855535691933,0.0,1.5584394674450608,0.27,0.06
5176,0.019736855535691926,0.0,0.0,0.0,0.0,0.019736855535691926,0.0,1.553245558093563,0.27,0.06
5177,0.0159489741702561,0.0,0.0,0.0,0.0,0.0159489741702561,0.0,1.5490484596277059,0.27,0.06
5178,0.0159489741702561,0.0,0.0,0.0,0.0,0.0159489741702561,0.0,1.544851361161849,0.27,0.06
5179,0.02232856383835855,0.0,0.0,0.0,0.0,0.02232856383835855,0.0,1.5389754233096495,0.27,0.06
5180,0.02232856383835855,0.0,0.0,-1.0408340855860843e-17,0.0,0.022328563838358538,0.0,1.53309948545745,0.27,0.06
5181,0.0153508876388715,0.0,0.0,0.0,0.0,0.0153508876388715,0.0,1.5290597781840627,0.27,0.06
5182,0.0153508876388715,0.0,0.0,0.0,0.0,0.0153508876388715,0.0,1.5250200709106754,0.27,0.06
5183,0.02412282343251235,0.0,0.0,0.0,0.0,0.02412282343251235,0.0,1.518671959481067,0.27,0.06
5184,0.02412282343251235,0.0,0.0,0.0,0.0,0.02412282343251235,0.0,1.5123238480514585,0.27,0.06
5185,0.03688200276871725,0.0,0.0,0.0,0.0,0.03688200276871725,0.0,1.5026180578491644,0.27,0.06
5186,0.03688200276871725,0.0,0.0,0.0,0.0,0.03688200276871725,0.0,1.4929122676468702,0.27,0.06
5187,0.05123607952194775,0.0,0.0,0.0,0.0,0.05123607952194775,0.0,1.4794290888253052,0.27,0.06
5188,0.05123607952194775,0.0,0.0,0.0,0.0,0.05123607952194775,0.0,1.46594591000374,0.27,0.06
5189,0.05761566919005025,0.0,0.0,0.0,0.0,0.05761566919005025,0.0,1.450783891795832,0.27,0.06
5190,0.05761566919005025,0.0,0.0,0.0,0.0,0.05761566919005025,0.0,1.435621873587924,0.27,0.06
5191,0.04984054428205025,0.0,0.0,0.0,0.0,0.04984054428205025,0.0,1.4225059408821215,0.27,0.06
5192,0.04984054428205025,0.0,0.0,0.0,0.0,0.04984054428205025,0.0,1.4093900081763189,0.27,0.06
5193,0.050438630813435,0.0,0.0,0.0,0.0,0.050438630813435,0.0,1.3961166842780466,0.27,0.06
5194,0.050438630813435,0.0,0.0,0.0,0.0,0.050438630813435,0.0,1.382843360379774,0.27,0.06
5195,0.04086924631128125,0.0,0.0,0.0,0.0,0.04086924631128125,0.0,1.3720882955610159,0.27,0.06
5196,0.04086924631128125,0.0,0.0,0.0,0.0,0.04086924631128125,0.0,1.3613332307422576,0.27,0.06
5197,0.02432218560964055,0.0,0.0,6.938893903907228e-18,0.0,0.024322185609640556,0.0,1.3549326555818257,0.27,0.06
5198,0.02432218560964055,0.0,0.0,0.0,0.0,0.02432218560964055,0.0,1.348532080421394,0.27,0.06
5199,0.0291068778607175,0.0,0.0,0.0,0.0,0.0291068778607175,0.0,1.3408723757212053,0.27,0.06
5200,0.0291068778607175,0.0,0.0,0.0,0.0,0.0291068778607175,0.0,1.3332126710210166,0.27,0.06
5201,0.02611644520379425,0.0,0.0,-2.7755575615628914e-17,0.0,0.026116445203794223,0.0,1.326339922283176,0.27,0.06
5202,0.02611644520379425,0.0,0.0,0.0,0.0,0.02611644520379425,0.0,1.3194671735453354,0.27,0.06
5203,0.02771134262082,0.0,0.0,0.0,0.0,0.02771134262082,0.0,1.312174714960909,0.27,0.06
5204,0.02771134262082,0.0,0.0,0.0,0.0,0.02771134262082,0.0,1.304882256376483,0.27,0.06
5205,0.0737640055374345,0.0,0.0,0.0,0.0,0.0737640055374345,0.0,1.285470675971895,0.27,0.06
5206,0.0737640055374345,0.0,0.0,-1.3877787807814457e-17,0.0,0.07376400553743448,0.0,1.2660590955673068,0.27,0.06
5207,0.0470494738022555,0.0,0.0,0.0,0.0,0.0470494738022555,0.0,1.253677655093029,0.27,0.06
5208,0.0470494738022555,0.0,0.0,0.0,0.0,0.0470494738022555,0.0,1.2412962146187514,0.27,0.06
5209,0.021132390775589326,0.0,0.0,0.0,0.0,0.021132390775589326,0.0,1.235735059151491,0.27,0.06
5210,0.021132390775589326,0.0,0.0,0.0,0.0,0.021132390775589326,0.0,1.2301739036842307,0.27,0.06
5211,0.0311004996319995,0.0,0.0,0.0,0.0,0.0311004996319995,0.0,1.2219895616758096,0.27,0.06
5212,0.0311004996319995,0.0,0.0,1.0408340855860843e-17,0.0,0.031100499631999512,0.0,1.2138052196673887,0.27,0.06
5213,0.02791070479794825,0.0,0.0,0.0,0.0,0.02791070479794825,0.0,1.2064602973521392,0.27,0.06
5214,0.02791070479794825,0.003616526325798022,0.0,0.0,0.0,0.024294178472150228,0.0,1.200067092491047,0.27,0.06
5215,0.111044732660408,0.02125130710288589,0.0,0.0,0.0,0.08979342555752211,0.0,1.1764372436601203,0.27,0.06
5216,0.111044732660408,0.016845119181674702,0.0,0.0,0.0,0.09419961347873329,0.0,1.1516478716920324,0.27,0.06
5217,0.14334140535517675,0.018268070002705736,0.0,0.0,0.0,0.125073335352471,0.0,1.118733836072961,0.27,0.06
5218,0.14334140535517675,0.023568504813028177,0.0,0.0,0.0,0.11977290054214858,0.0,1.0872146517197643,0.27,0.06
5219,0.07496017860020375,0.01631885465677846,0.0,-1.3877787807814457e-17,0.0,0.05864132394342528,0.0,1.0717827243662312,0.27,0.06
5220,0.07496017860020375,0.020326703305706555,0.0,0.0,0.0,0.05463347529449719,0.0,1.0574054940255742,0.27,0.06
5221,0.12300646328810025,0.035015671231680034,0.0,0.0,0.0,0.08799079205642021,0.0,1.0342500224317792,0.27,0.06
5222,0.12300646328810025,0.036706769578355225,0.0,0.0,0.0,0.08629969370974502,0.0,1.0115395767186883,0.27,0.06
5223,0.04346095461394775,0.018993093591677734,0.0,1.0408340855860843e-17,0.0,0.024467861022270027,0.0,1.0051006659233541,0.27,0.06
5224,0.04346095461394775,0.05853850383484987,0.0,0.015077549220902119,0.0,0.0,0.0,1.0051006659233541,0.27,0.06
5225,0.03050241310061475,0.052416483165034534,0.0,0.021914070064419783,0.0,0.0,0.0,1.0051006659233541,0.27,0.06
5226,0.03050241310061475,0.08131853083720256,0.0,0.050816117736587806,0.0,0.0,0.0,1.0051006659233541,0.27,0.06
5227,0.02950560221497375,0.16883610087553633,0.0,0.13933049866056257,0.0,0.0,0.0,1.0051006659233541,0.27,0.06
5228,0.02950560221497375,0.11875411610501685,0.0,0.0892485138900431,0.0,0.0,0.0,1.0051006659233541,0.27,0.06
5229,0.05582140959589625,0.3413583055036476,0.0,0.28553689590775133,0.0,0.0,0.0,1.0051006659233541,0.27,0.06
5230,0.05582140959589625,0.5111012740844695,0.0,0.4552798644885732,0.0,0.0,0.0,1.0051006659233541,0.27,0.06
5231,0.02950560221497375,0.30915221615227045,0.0,0.27964661393729673,0.0,0.0,0.0,1.0051006659233541,0.27,0.06
5232,0.02950560221497375,0.35491743897085665,0.0,0.3254118367558829,0.0,0.0,0.0,1.0051006659233541,0.27,0.06
5233,0.2735249070198925,0.8557720905200419,0.0,0.0,0.5822471835001494,0.0,0.0,1.1433843720046395,0.27,0.06
5234,0.2735249070198925,0.6633161733556759,0.0,0.3897912663357834,-0.0,0.0,0.0,1.1433843720046402,0.27,0.06
5235,0.2870815550008275,1.1119362574546066,0.0,2.220446049250313e-16,0.8248547024537789,0.0,0.0,1.3392873638374125,0.27,0.06
5236,0.2870815550008275,0.870646342829408,0.0,0.0,0.5835647878285806,0.0,0.0,1.4778840009467005,0.27,0.06
5237,0.11722496015138224,0.5582253991496318,0.0,0.0,0.44100043899824953,0.0,0.0,1.5826216052087847,0.27,0.06
5238,0.11722496015138224,0.5850756974232796,0.0,1.6653345369377348e-16,0.4678507372718972,0.0,0.0,1.6937361553108603,0.27,0.06
5239,0.020733666421332925,0.2148834639538286,0.0,0.19414979753249567,0.0,0.0,0.0,1.6937361553108603,0.27,0.06
5240,0.020733666421332925,0.08935362710547289,0.0,0.06861996068413996,0.0,0.0,0.0,1.6937361553108603,0.27,0.06
5241,0.12500008505938226,0.28335507916698727,0.0,0.158354994107605,0.0,0.0,0.0,1.6937361553108603,0.27,0.06
5242,0.12500008505938226,0.38105158446251086,0.0,6.106226635438361e-16,0.256051499403128,0.0,0.0,1.7545483864191032,0.27,0.06
5243,0.0253189964952815,0.1378947791704014,0.0,0.11257578267511992,0.0,0.0,0.0,1.7545483864191032,0.27,0.06
5244,0.0253189964952815,0.11113404521257068,0.0,0.0,0.08581504871728918,0.0,0.0,1.7749294604894594,0.27,0.06
5245,0.09310213671887,0.193245993971744,0.0,0.100143857252874,0.0,0.0,0.0,1.7749294604894594,0.27,0.06
5246,0.09310213671887,0.21156734142016204,0.0,0.0,0.11846520470129204,0.0,0.0,1.8030649466060162,0.27,0.06
5247,0.018939406827179126,0.04660569175728389,0.0,0.027666284930104767,0.0,0.0,0.0,1.8030649466060162,0.27,0.06
5248,0.018939406827179126,0.02691132943568403,0.0,0.007971922608504906,0.0,0.0,0.0,1.8030649466060162,0.27,0.06
5249,0.020933028598461124,0.04578206865719452,0.0,0.0248490400587334,0.0,0.0,0.0,1.8030649466060162,0.27,0.06
5250,0.020933028598461124,0.03391998231218929,0.0,0.0,0.012986953713728166,0.0,0.0,1.8061493481130266,0.27,0.06
5251,0.0907097905933315,0.12396549942929647,0.0,0.03325570883596497,0.0,0.0,0.0,1.8061493481130266,0.27,0.06
5252,0.0907097905933315,0.030877452381858874,0.0,0.0,0.0,0.059832338211472616,0.0,1.7904039959521127,0.27,0.06
5253,0.02292665036974315,0.008011756038297247,0.0,0.0,0.0,0.014914894331445902,0.0,1.786479023759627,0.27,0.06
5254,0.02292665036974315,0.011458964927261967,0.0,0.0,0.0,0.011467685442481182,0.0,1.7834612118010795,0.27,0.06
5255,0.02791070479794825,0.006787551122017732,0.0,0.0,0.0,0.02112315367593052,0.0,1.7779024871495188,0.27,0.06
5256,0.02791070479794825,0.004942800744998494,0.0,-5.898059818321144e-17,0.0,0.022967904052949698,0.0,1.7718583018724268,0.27,0.06
5257,0.11164281919179275,0.009286637865349497,0.0,0.0,0.0,0.10235618132644325,0.0,1.7449224646812576,0.27,0.06
5258,0.11164281919179275,0.00019531286639786234,0.0,0.0,0.0,0.1114475063253949,0.0,1.7155941735429958,0.27,0.06
5259,0.163476985245125,0.0,0.0,0.0,0.0,0.163476985245125,0.0,1.672573914267963,0.27,0.06
5260,0.163476985245125,0.0,0.0,0.0,0.0,0.163476985245125,0.0,1.62955365499293,0.27,0.06
5261,0.0600080153155885,0.0,0.0,0.0,0.0,0.0600080153155885,0.0,1.6137620720151435,0.27,0.06
5262,0.0600080153155885,0.0,0.0,0.0,0.0,0.0600080153155885,0.0,1.5979704890373572,0.27,0.06
5263,0.044657127676717,0.0,0.0,0.0,0.0,0.044657127676717,0.0,1.5862186133329579,0.27,0.06
5264,0.044657127676717,0.0,0.0,0.0,0.0,0.044657127676717,0.0,1.5744667376285586,0.27,0.06
5265,0.04625202509374275,0.0,0.0,1.3877787807814457e-17,0.0,0.046252025093742766,0.0,1.5622951520775736,0.27,0.06
5266,0.04625202509374275,0.0,0.0,1.3877787807814457e-17,0.0,0.046252025093742766,0.0,1.5501235665265887,0.27,0.06
5267,0.0570175826586655,0.0,0.0,2.0816681711721685e-17,0.0,0.05701758265866552,0.0,1.5351189395111504,0.27,0.06
5268,0.0570175826586655,0.0,0.0,0.0,0.0,0.0570175826586655,0.0,1.520114312495712,0.27,0.06
5269,0.03927434889425575,0.0,0.0,0.0,0.0,0.03927434889425575,0.0,1.5097789575235394,0.27,0.06
5270,0.03927434889425575,0.0,0.0,0.0,0.0,0.03927434889425575,0.0,1.4994436025513669,0.27,0.06
5271,0.0157496119931279,0.0,0.0,0.0,0.0,0.0157496119931279,0.0,1.4952989678163333,0.27,0.06
5272,0.0157496119931279,0.0,0.0,0.0,0.0,0.0157496119931279,0.0,1.4911543330812995,0.27,0.06
5273,0.018540682472922725,0.0,0.0,6.938893903907228e-18,0.0,0.01854068247292273,0.0,1.4862752061147408,0.27,0.06
5274,0.018540682472922725,0.0,0.0,0.0,0.0,0.018540682472922725,0.0,1.4813960791481824,0.27,0.06
5275,0.013157903690461275,0.0,0.0,0.0,0.0,0.013157903690461275,0.0,1.4779334729138505,0.27,0.06
5276,0.013157903690461275,0.0,0.0,0.0,0.0,0.013157903690461275,0.0,1.4744708666795185,0.27,0.06
5277,0.019936217712820125,0.0,0.0,0.0,0.0,0.019936217712820125,0.0,1.4692244935971974,0.27,0.06
5278,0.019936217712820125,0.0,0.0,0.0,0.0,0.019936217712820125,0.0,1.4639781205148763,0.27,0.06
5279,0.02412282343251235,0.0,0.0,0.0,0.0,0.02412282343251235,0.0,1.4576300090852679,0.27,0.06
5280,0.02412282343251235,0.0,0.0,0.0,0.0,0.02412282343251235,0.0,1.4512818976556594,0.27,0.06
5281,0.021132390775589326,0.0,0.0,0.0,0.0,0.021132390775589326,0.0,1.445720742188399,0.27,0.06
5282,0.021132390775589326,0.0,0.0,0.0,0.0,0.021132390775589326,0.0,1.4401595867211388,0.27,0.06
5283,0.05761566919005025,0.0,0.0,0.0,0.0,0.05761566919005025,0.0,1.4249975685132308,0.27,0.06
5284,0.05761566919005025,0.0,0.0,0.0,0.0,0.05761566919005025,0.0,1.4098355503053228,0.27,0.06
5285,0.151515254617433,0.0,0.0,0.0,0.0,0.151515254617433,0.0,1.3699631148796825,0.27,0.06
5286,0.151515254617433,0.0,0.0,0.0,0.0,0.151515254617433,0.0,1.3300906794540421,0.27,0.06
5287,0.08153913044543425,0.0,0.0,0.0,0.0,0.08153913044543425,0.0,1.308633013547349,0.27,0.06
5288,0.08153913044543425,0.0,0.0,1.3877787807814457e-17,0.0,0.08153913044543426,0.0,1.2871753476406558,0.27,0.06
5289,0.03628391623733275,0.0,0.0,0.0,0.0,0.03628391623733275,0.0,1.2776269486308314,0.27,0.06
5290,0.03628391623733275,0.0,0.0,0.0,0.0,0.03628391623733275,0.0,1.268078549621007,0.27,0.06
5291,0.0707735728805115,0.0,0.0,0.0,0.0,0.0707735728805115,0.0,1.249453925178767,0.27,0.06
5292,0.0707735728805115,0.0,0.0,0.0,0.0,0.0707735728805115,0.0,1.2308293007365272,0.27,0.06
5293,0.0322966726947685,0.0,0.0,0.0,0.0,0.0322966726947685,0.0,1.222330176343167,0.27,0.06
5294,0.0322966726947685,0.0,0.0,0.0,0.0,0.0322966726947685,0.0,1.213831051949807,0.27,0.06
5295,0.03688200276871725,0.0,0.0,-1.3877787807814457e-17,0.0,0.03688200276871723,0.0,1.2041252617475129,0.27,0.06
5296,0.03688200276871725,0.0,0.0,0.0,0.0,0.03688200276871725,0.0,1.194419471545219,0.27,0.06
5297,0.02432218560964055,0.0,0.0,0.0,0.0,0.02432218560964055,0.0,1.1880188963847873,0.27,0.06
5298,0.02432218560964055,0.0,0.0,0.0,0.0,0.02432218560964055,0.0,1.1816183212243556,0.27,0.06
5299,0.0647927075666655,0.0,0.0,0.0,0.0,0.0647927075666655,0.0,1.1645676087068122,0.27,0.06
5300,0.0647927075666655,0.0,0.0,0.0,0.0,0.0647927075666655,0.0,1.1475168961892686,0.27,0.06
5301,0.0320973105176405,0.0,0.0,6.938893903907228e-18,0.0,0.032097310517640504,0.0,1.1390702355267315,0.27,0.06
5302,0.0320973105176405,0.0,0.0,6.938893903907228e-18,0.0,0.032097310517640504,0.0,1.1306235748641944,0.27,0.06
5303,0.0263158073809225,0.0,0.0,0.0,0.0,0.0263158073809225,0.0,1.1236983623955306,0.27,0.06
5304,0.0263158073809225,0.0,0.0,0.0,0.0,0.0263158073809225,0.0,1.1167731499268667,0.27,0.06
5305,0.03767945147723,0.0,0.0,0.0,0.0,0.03767945147723,0.0,1.1068575048012799,0.27,0.06
5306,0.03767945147723,0.0,0.0,0.0,0.0,0.03767945147723,0.0,1.096941859675693,0.27,0.06
5307,0.032695397049025,0.0,0.0,0.0,0.0,0.032695397049025,0.0,1.0883378078206865,0.27,0.06
5308,0.032695397049025,0.0,0.0,-6.938893903907228e-18,0.0,0.03269539704902499,0.0,1.0797337559656799,0.27,0.06
5309,0.03628391623733275,0.0,0.0,0.0,0.0,0.03628391623733275,0.0,1.0701853569558555,0.27,0.06
5310,0.03628391623733275,0.005903666032709377,0.0,0.0,0.0,0.03038025020462337,0.0,1.0621905542704282,0.27,0.06
5311,0.030701775277743,0.01206554391313211,0.0,0.0,0.0,0.01863623136461089,0.0,1.0572862828586886,0.27,0.06
5312,0.030701775277743,0.011304085612455463,0.0,6.938893903907228e-18,0.0,0.019397689665287543,0.0,1.052181627683613,0.27,0.06
5313,0.11164281919179275,0.03250162778896837,0.0,2.7755575615628914e-17,0.0,0.07914119140282441,0.0,1.03135499836708,0.27,0.06
5314,0.11164281919179275,0.047146093827525506,0.0,0.0,0.0,0.06449672536426725,0.0,1.014382175902799,0.27,0.06
5315,0.0440590411453325,0.03257815340253668,0.0,0.0,0.0,0.01148088774279582,0.0,1.0113608896546948,0.27,0.06
5316,0.0440590411453325,0.028261415566558725,0.0,0.0,0.0,0.015797625578773778,0.0,1.0072036197655438,0.27,0.06
5317,0.04764756033364,0.03238956100495951,0.0,0.0,0.0,0.015257999328680494,0.0,1.003188356784312,0.27,0.06
5318,0.04764756033364,0.038718782420573444,0.0,0.0,0.0,0.008928777913066559,0.0,1.0008386783861367,0.27,0.06
5319,0.07416272989169075,0.0709757520243714,0.0,0.0,0.0,0.003186977867319349,0.0,1.0,0.27,0.06
5320,0.07416272989169075,0.1278024610425385,0.0,0.05363973115084776,0.0,0.0,0.0,1.0,0.27,0.06
5321,0.035685829705948,0.18534285299295034,0.0,0.14965702328700234,0.0,0.0,0.0,1.0,0.27,0.06
5322,0.035685829705948,0.23749428911050394,0.0,0.20180845940455594,0.0,0.0,0.0,1.0,0.27,0.06
5323,0.0370813649458455,0.1465918762124617,0.0,0.1095105112666162,0.0,0.0,0.0,1.0,0.27,0.06
5324,0.0370813649458455,0.36551661264064733,0.0,0.3284352476948018,0.0,0.0,0.0,1.0,0.27,0.06
5325,0.019736855535691926,0.19211206877707007,0.0,0.17237521324137814,0.0,0.0,0.0,1.0,0.27,0.06
5326,0.019736855535691926,0.23660451340422037,0.0,0.21686765786852844,0.0,0.0,0.0,1.0,0.27,0.06
5327,0.0155502498159997,0.26442981842866986,0.0,0.24887956861267016,0.0,0.0,0.0,1.0,0.27,0.06
5328,0.0155502498159997,0.2841048552063183,0.0,0.2685546053903186,0.0,0.0,0.0,1.0,0.27,0.06
5329,0.285486637647585,1.0720007615449179,0.0,0.11808859418886286,0.66842552970847,0.0,0.0,1.1587510633057616,0.27,0.06
5330,0.285486637647585,0.8414663320802617,0.0,-6.661338147750939e-16,0.5559796944326774,0.0,0.0,1.2907962407335223,0.27,0.06
5331,0.2918662273156875,0.7679689092347516,0.0,1.6653345369377348e-16,0.4761026819190639,0.0,0.0,1.4038706276893,0.27,0.06
5332,0.2918662273156875,0.9182776677747782,0.0,-1.1102230246251565e-16,0.6264114404590907,0.0,0.0,1.552643344798334,0.27,0.06
5333,0.2492027214102515,0.7877646186115171,0.0,0.0,0.5385618972012657,0.0,0.0,1.6805517953836346,0.27,0.06
5334,0.2492027214102515,0.9290172341055334,0.0,-2.220446049250313e-16,0.6798145126952821,0.0,0.0,1.8420077421487642,0.27,0.06
5335,0.0273126182665635,0.4507998630569264,0.0,5.551115123125783e-17,0.4234872447903628,0.0,0.0,1.9425859627864752,0.27,0.06
5336,0.0273126182665635,0.2845019575455586,0.0,0.0,0.2571893392789951,0.0,0.0,2.0036684308652366,0.27,0.06
5337,0.1234051876423565,0.4580455248046666,0.0,2.220446049250313e-16,0.3346403371623099,0.0,0.0,2.0831455109412853,0.27,0.06
5338,0.1234051876423565,0.2631852710031265,0.0,0.13978008336077,0.0,0.0,0.0,2.0831455109412853,0.27,0.06
5339,0.020135579889948324,0.043418762718612273,0.0,0.02328318282866395,0.0,0.0,0.0,2.0831455109412853,0.27,0.06
5340,0.020135579889948324,0.049379584423901335,0.0,0.02924400453395301,0.0,0.0,0.0,2.0831455109412853,0.27,0.06
5341,0.05661885830440925,0.18625153416021586,0.0,0.12963267585580662,0.0,0.0,0.0,2.0831455109412853,0.27,0.06
5342,0.05661885830440925,0.14916158934263507,0.0,0.09254273103822583,0.0,0.0,0.0,2.0831455109412853,0.27,0.06
5343,0.0639952588581525,0.07447665410197361,0.0,0.010481395243821107,0.0,0.0,0.0,2.0831455109412853,0.27,0.06
5344,0.0639952588581525,0.10345456791103583,0.0,0.03945930905288332,0.0,0.0,0.0,2.0831455109412853,0.27,0.06
5345,0.03050241310061475,0.04519371452254737,0.0,0.014691301421932618,0.0,0.0,0.0,2.0831455109412853,0.27,0.06
5346,0.03050241310061475,0.04675610206385625,0.0,0.0,0.016253688963241496,0.0,0.0,2.087005762070055,0.27,0.06
5347,0.136762453509946,0.12794691394708432,0.0,0.0,0.0,0.008815539562861685,0.0,2.084685883237723,0.27,0.06
5348,0.136762453509946,0.17231636596676836,0.0,8.326672684688674e-17,0.03555391245682227,0.0,0.0,2.0931299374462182,0.27,0.06
5349,0.0167464228787689,0.04671213547896677,0.0,0.029965712600197873,0.0,0.0,0.0,2.0931299374462182,0.27,0.06
5350,0.0167464228787689,0.017142820891334024,0.0,0.0003963980125651252,0.0,0.0,0.0,2.0931299374462182,0.27,0.06
5351,0.068381226754973,0.03292485501285268,0.0,-1.3877787807814457e-17,0.0,0.03545637174212031,0.0,2.083799313303555,0.27,0.06
5352,0.068381226754973,0.02421277339754099,0.0,0.0,0.0,0.04416845335743201,0.0,2.072176036104231,0.27,0.06
5353,0.2569778463182525,0.015599049402445221,0.0,0.0,0.0,0.24137879691580727,0.0,2.0086553000737553,0.27,0.06
5354,0.2569778463182525,0.001466475054140234,0.0,0.0,0.0,0.2555113712641123,0.0,1.941415465530568,0.27,0.06
5355,0.12460136070512574,0.0,0.0,0.0,0.0,0.12460136070512574,0.0,1.9086256337660612,0.27,0.06
5356,0.12460136070512574,0.0,0.0,0.0,0.0,0.12460136070512574,0.0,1.8758358020015542,0.27,0.06
5357,0.0699761241719985,0.0,0.0,0.0,0.0,0.0699761241719985,0.0,1.8574210324826073,0.27,0.06
5358,0.0699761241719985,0.0,0.0,-1.3877787807814457e-17,0.0,0.06997612417199849,0.0,1.8390062629636603,0.27,0.06
5359,0.04824564686502475,0.0,0.0,0.0,0.0,0.04824564686502475,0.0,1.8263100401044432,0.27,0.06
5360,0.04824564686502475,0.0,0.0,0.0,0.0,0.04824564686502475,0.0,1.813613817245226,0.27,0.06
5361,0.05980865313846025,0.0,0.0,0.0,0.0,0.05980865313846025,0.0,1.797874697998263,0.27,0.06
5362,0.05980865313846025,0.0,0.0,0.0,0.0,0.05980865313846025,0.0,1.7821355787513,0.27,0.06
5363,0.041666695019794,0.0,0.0,0.0,0.0,0.041666695019794,0.0,1.7711706590092489,0.27,0.06
5364,0.041666695019794,0.0,0.0,0.0,0.0,0.041666695019794,0.0,1.7602057392671977,0.27,0.06
5365,0.03050241310061475,0.0,0.0,0.0,0.0,0.03050241310061475,0.0,1.7521787884512463,0.27,0.06
5366,0.03050241310061475,0.0,0.0,0.0,0.0,0.03050241310061475,0.0,1.7441518376352951,0.27,0.06
5367,0.02292665036974315,0.0,0.0,0.0,0.0,0.02292665036974315,0.0,1.7381185085906259,0.27,0.06
5368,0.02292665036974315,0.0,0.0,0.0,0.0,0.02292665036974315,0.0,1.7320851795459566,0.27,0.06
5369,0.02611644520379425,0.0,0.0,0.0,0.0,0.02611644520379425,0.0,1.7252124308081163,0.27,0.06
5370,0.02611644520379425,0.0,0.0,0.0,0.0,0.02611644520379425,0.0,1.7183396820702757,0.27,0.06
5371,0.042663505905435,0.0,0.0,0.0,0.0,0.042663505905435,0.0,1.7071124436741085,0.27,0.06
5372,0.042663505905435,0.0,0.0,0.0,0.0,0.042663505905435,0.0,1.6958852052779414,0.27,0.06
5373,0.10366833210666475,0.0,0.0,1.3877787807814457e-17,0.0,0.10366833210666476,0.0,1.6686040652498717,0.27,0.06
5374,0.10366833210666475,0.0,0.0,0.0,0.0,0.10366833210666475,0.0,1.641322925221802,0.27,0.06
5375,0.10685812694071575,0.0,0.0,2.7755575615628914e-17,0.0,0.10685812694071578,0.0,1.613202365500561,0.27,0.06
5376,0.10685812694071575,0.0,0.0,0.0,0.0,0.10685812694071575,0.0,1.5850818057793201,0.27,0.06
5377,0.17264764539302224,0.0,0.0,0.0,0.0,0.17264764539302224,0.0,1.5396482148864195,0.27,0.06
5378,0.17264764539302224,0.0,0.0,0.0,0.0,0.17264764539302224,0.0,1.4942146239935188,0.27,0.06
5379,0.0370813649458455,0.0,0.0,0.0,0.0,0.0370813649458455,0.0,1.4844563700604014,0.27,0.06
5380,0.0370813649458455,0.0,0.0,0.0,0.0,0.0370813649458455,0.0,1.4746981161272843,0.27,0.06
5381,0.04186605719692225,0.0,0.0,0.0,0.0,0.04186605719692225,0.0,1.46368073265441,0.27,0.06
5382,0.04186605719692225,0.0,0.0,0.0,0.0,0.04186605719692225,0.0,1.4526633491815357,0.27,0.06
5383,0.033692207934666,0.0,0.0,0.0,0.0,0.033692207934666,0.0,1.4437969786724132,0.27,0.06
5384,0.033692207934666,0.0,0.0,0.0,0.0,0.033692207934666,0.0,1.4349306081632904,0.27,0.06
5385,0.0322966726947685,0.0,0.0,0.0,0.0,0.0322966726947685,0.0,1.4264314837699303,0.27,0.06
5386,0.0322966726947685,0.0,0.0,6.938893903907228e-18,0.0,0.032296672694768505,0.0,1.41793235937657,0.27,0.06
5387,0.03389157011179425,0.0,0.0,0.0,0.0,0.03389157011179425,0.0,1.4090135251366243,0.27,0.06
5388,0.03389157011179425,0.0,0.0,0.0,0.0,0.03389157011179425,0.0,1.4000946908966785,0.27,0.06
5389,0.0283094291522045,0.0,0.0,0.0,0.0,0.0283094291522045,0.0,1.3926448411197827,0.27,0.06
5390,0.0283094291522045,0.0,0.0,0.0,0.0,0.0283094291522045,0.0,1.3851949913428867,0.27,0.06
5391,0.028708153506461,0.0,0.0,0.0,0.0,0.028708153506461,0.0,1.3776402141043442,0.27,0.06
5392,0.028708153506461,0.0,0.0,0.0,0.0,0.028708153506461,0.0,1.3700854368658018,0.27,0.06
5393,0.02890751568358925,0.0,0.0,0.0,0.0,0.02890751568358925,0.0,1.3624781958964363,0.27,0.06
5394,0.02890751568358925,0.0,0.0,0.0,0.0,0.02890751568358925,0.0,1.3548709549270708,0.27,0.06
5395,0.02511963431815325,0.0,0.0,0.0,0.0,0.02511963431815325,0.0,1.3482605248433461,0.27,0.06
5396,0.02511963431815325,0.0,0.0,0.0,0.0,0.02511963431815325,0.0,1.3416500947596215,0.27,0.06
5397,0.04924245775066575,0.0,0.0,-6.938893903907228e-18,0.0,0.04924245775066574,0.0,1.3286915532462884,0.27,0.06
5398,0.04924245775066575,0.0,0.0,0.0,0.0,0.04924245775066575,0.0,1.3157330117329558,0.27,0.06
5399,0.05781503136717825,0.0,0.0,0.0,0.0,0.05781503136717825,0.0,1.3005185297942246,0.27,0.06
5400,0.05781503136717825,0.0,0.0,0.0,0.0,0.05781503136717825,0.0,1.2853040478554933,0.27,0.06
5401,0.0390749867171275,0.0,0.0,0.0,0.0,0.0390749867171275,0.0,1.275021156614144,0.27,0.06
5402,0.0390749867171275,0.0,0.0,0.0,0.0,0.0390749867171275,0.0,1.2647382653727948,0.27,0.06
5403,0.04824564686502475,0.0,0.0,0.0,0.0,0.04824564686502475,0.0,1.2520420425135776,0.27,0.06
5404,0.04824564686502475,0.0,0.0,0.0,0.0,0.04824564686502475,0.0,1.2393458196543605,0.27,0.06
5405,0.0907097905933315,0.0,0.0,1.3877787807814457e-17,0.0,0.09070979059333151,0.0,1.2154748221297995,0.27,0.06
5406,0.0907097905933315,0.012751893752553957,0.0,5.551115123125783e-17,0.0,0.07795789684077759,0.0,1.1949595861190685,0.27,0.06
5407,0.37240854687548,0.03628548170490902,0.0,0.0,0.0,0.33612306517057094,0.0,1.1065061479162868,0.27,0.06
5408,0.37240854687548,0.0520087464770026,0.0,0.0,0.0,0.3203998003984774,0.0,1.022190410969319,0.27,0.06
5409,0.04027115977989675,0.023052048287790297,0.0,0.0,0.0,0.017219111492106455,0.0,1.0176590658398172,0.27,0.06
5410,0.04027115977989675,0.032791277678054044,0.0,0.0,0.0,0.007479882101842708,0.0,1.0156906758130166,0.27,0.06
5411,0.02791070479794825,0.03565545278729695,0.0,0.0,0.0077447479893486965,0.0,0.0,1.017530053460487,0.27,0.06
5412,0.02791070479794825,0.03643670842523864,0.0,0.00852600362729039,0.0,0.0,0.0,1.017530053460487,0.27,0.06
5413,0.05023926863630675,0.03734961330746079,0.0,0.0,0.0,0.012889655328845957,0.0,1.0141380389002639,0.27,0.06
5414,0.05023926863630675,0.03363419181487916,0.0,0.0,0.0,0.01660507682142759,0.0,1.0097682818419935,0.27,0.06
5415,0.0312998618091275,0.019987637728119956,0.0,0.0,0.0,0.011312224081007544,0.0,1.0067913807680442,0.27,0.06
5416,0.0312998618091275,0.03873336381146864,0.0,0.007433502002341143,0.0,0.0,0.0,1.0067913807680442,0.27,0.06
5417,0.03488838099743525,0.18644506596185192,0.0,0.15155668496441668,0.0,0.0,0.0,1.0067913807680442,0.27,0.06
5418,0.03488838099743525,0.16804127581511158,0.0,0.13315289481767634,0.0,0.0,0.0,1.0067913807680442,0.27,0.06
5419,0.0293062400378455,0.15741906181009488,0.0,0.1281128217722494,0.0,0.0,0.0,1.0067913807680442,0.27,0.06
5420,0.0293062400378455,0.2294253038788399,0.0,0.2001190638409944,0.0,0.0,0.0,1.0067913807680442,0.27,0.06
5421,0.018740044650050924,0.32334125602086405,0.0,8.326672684688674e-16,0.3046012113708123,0.0,0.0,1.0791341684686122,0.27,0.06
5422,0.018740044650050924,0.1656672774887208,0.0,0.14692723283866987,0.0,0.0,0.0,1.0791341684686122,0.27,0.06
5423,0.0271132560894355,0.20222042467998036,0.0,0.0,0.17510716859054487,0.0,0.0,1.1207221210088667,0.27,0.06
5424,0.0271132560894355,0.20841223311499468,0.0,0.1812989770255592,0.0,0.0,0.0,1.1207221210088667,0.27,0.06
5425,0.0271132560894355,0.09614411913532228,0.0,0.06903086304588678,0.0,0.0,0.0,1.1207221210088667,0.27,0.06
5426,0.0271132560894355,0.14332278598504677,0.0,0.11620952989561127,0.0,0.0,0.0,1.1207221210088667,0.27,0.06
5427,0.26674661293375,0.7675513563141421,0.0,1.1102230246251565e-16,0.5008047433803919,0.0,0.0,1.2396632475617098,0.27,0.06
5428,0.26674661293375,0.9031630540414964,0.0,0.0,0.6364164411077464,0.0,0.0,1.3908121523247996,0.27,0.06
5429,0.2719300096028675,0.8757106199896657,0.0,6.661338147750939e-16,0.6037806103867975,0.0,0.0,1.534210047291664,0.27,0.06
5430,0.2719300096028675,0.9407967630136101,0.0,-4.440892098500626e-16,0.6688667534107431,0.0,0.0,1.6930659012267153,0.27,0.06
5431,0.189194706094663,0.9747757976487995,0.0,0.0,0.7855810915541366,0.0,0.0,1.8796414104708228,0.27,0.06
5432,0.189194706094663,1.0258344098050896,0.0,0.0,0.8366397037104265,0.0,0.0,2.078343340102049,0.27,0.06
5433,0.02511963431815325,0.24641235749152543,0.0,0.0,0.22129272317337217,0.0,0.0,2.130900361855725,0.27,0.06
5434,0.02511963431815325,0.14862566865949148,0.0,0.12350603434133822,0.0,0.0,0.0,2.130900361855725,0.27,0.06
5435,0.1064594025864595,0.3516470860599606,0.0,1.3877787807814457e-16,0.24518768347350095,0.0,0.0,2.1891324366806812,0.27,0.06
5436,0.1064594025864595,0.22189514170697583,0.0,0.11543573912051633,0.0,0.0,0.0,2.1891324366806812,0.27,0.06
5437,0.0291068778607175,0.050387885714723635,0.0,0.021281007854006134,0.0,0.0,0.0,2.1891324366806812,0.27,0.06
5438,0.0291068778607175,0.1073470147234401,0.0,0.0782401368627226,0.0,0.0,0.0,2.1891324366806812,0.27,0.06
5439,0.07416272989169075,0.16595839927042236,0.0,0.0,0.09179566937873161,0.0,0.0,2.21093390815813,0.27,0.06
5440,0.07416272989169075,0.10711404246019768,0.0,0.03295131256850693,0.0,0.0,0.0,2.21093390815813,0.27,0.06
5441,0.02691389391230725,0.08176436639965239,0.0,0.054850472487345134,0.0,0.0,0.0,2.21093390815813,0.27,0.06
5442,0.02691389391230725,0.08094266859789152,0.0,0.05402877468558427,0.0,0.0,0.0,2.21093390815813,0.27,0.06
5443,0.019936217712820125,0.05336128727809157,0.0,0.03342506956527144,0.0,0.0,0.0,2.21093390815813,0.27,0.06
5444,0.019936217712820125,0.06181132956649897,0.0,0.04187511185367884,0.0,0.0,0.0,2.21093390815813,0.27,0.06
5445,0.1234051876423565,0.12515308075459797,0.0,0.0017478931122414665,0.0,0.0,0.0,2.21093390815813,0.27,0.06
5446,0.1234051876423565,0.0655154900442047,0.0,0.0,0.0,0.057889697598151796,0.0,2.1956997772112476,0.27,0.06
5447,0.052432252584717,0.027815290546931756,0.0,-2.0816681711721685e-17,0.0,0.024616962037785226,0.0,2.1892216293065676,0.27,0.06
5448,0.052432252584717,0.023160166915807717,0.0,0.0,0.0,0.029272085668909285,0.0,2.181518448867381,0.27,0.06
5449,0.02432218560964055,0.004795047253480796,0.0,0.0,0.0,0.019527138356159754,0.0,2.1763797282473387,0.27,0.06
5450,0.02432218560964055,0.0007990973734896483,0.0,0.0,0.0,0.023523088236150902,0.0,2.1701894418694043,0.27,0.06
5451,0.085127649633742,0.0,0.0,0.0,0.0,0.085127649633742,0.0,2.1477874288078933,0.27,0.06
5452,0.085127649633742,0.0,0.0,0.0,0.0,0.085127649633742,0.0,2.1253854157463823,0.27,0.06
5453,0.0857257361651265,0.0,0.0,0.0,0.0,0.0857257361651265,0.0,2.1028260114924016,0.27,0.06
5454,0.0857257361651265,0.0,0.0,0.0,0.0,0.0857257361651265,0.0,2.080266607238421,0.27,0.06
5455,0.0430622302596915,0.0,0.0,0.0,0.0,0.0430622302596915,0.0,2.0689344413806072,0.27,0.06
5456,0.0430622302596915,0.0,0.0,0.0,0.0,0.0430622302596915,0.0,2.0576022755227936,0.27,0.06
5457,0.06120418837835775,0.0,0.0,6.938893903907228e-18,0.0,0.061204188378357754,0.0,2.0414959101600676,0.27,0.06
5458,0.06120418837835775,0.0,0.0,0.0,0.0,0.06120418837835775,0.0,2.025389544797342,0.27,0.06
5459,0.0440590411453325,0.0,0.0,0.0,0.0,0.0440590411453325,0.0,2.0137950602854127,0.27,0.06
5460,0.0440590411453325,0.0,0.0,-6.938893903907228e-18,0.0,0.044059041145332496,0.0,2.002200575773483,0.27,0.06
5461,0.02551835867240975,0.0,0.0,0.0,0.0,0.02551835867240975,0.0,1.995485218228112,0.27,0.06
5462,0.02551835867240975,0.0,0.0,0.0,0.0,0.02551835867240975,0.0,1.988769860682741,0.27,0.06
5463,0.0301036887463585,0.0,0.0,0.0,0.0,0.0301036887463585,0.0,1.9808478373284362,0.27,0.06
5464,0.0301036887463585,0.0,0.0,0.0,0.0,0.0301036887463585,0.0,1.9729258139741312,0.27,0.06
5465,0.02452154778676875,0.0,0.0,1.3877787807814457e-17,0.0,0.024521547786768762,0.0,1.9664727750828763,0.27,0.06
5466,0.02452154778676875,0.0,0.0,3.469446951953614e-18,0.0,0.024521547786768752,0.0,1.9600197361916214,0.27,0.06
5467,0.119816668454049,0.0,0.0,0.0,0.0,0.119816668454049,0.0,1.9284890339668719,0.27,0.06
5468,0.119816668454049,0.0,0.0,0.0,0.0,0.119816668454049,0.0,1.8969583317421221,0.27,0.06
5469,0.102073434689639,0.0,0.0,0.0,0.0,0.102073434689639,0.0,1.8700969015606383,0.27,0.06
5470,0.102073434689639,0.0,0.0,0.0,0.0,0.102073434689639,0.0,1.8432354713791543,0.27,0.06
5471,0.13895543745835626,0.0,0.0,0.0,0.0,0.13895543745835626,0.0,1.8066682509953758,0.27,0.06
5472,0.13895543745835626,0.0,0.0,0.0,0.0,0.13895543745835626,0.0,1.7701010306115978,0.27,0.06
5473,0.05382778782461425,0.0,0.0,0.0,0.0,0.05382778782461425,0.0,1.755935823289331,0.27,0.06
5474,0.05382778782461425,0.0,0.0,0.0,0.0,0.05382778782461425,0.0,1.741770615967064,0.27,0.06
5475,0.0560207717730245,0.0,0.0,6.938893903907228e-18,0.0,0.05602077177302451,0.0,1.7270283076057418,0.27,0.06
5476,0.0560207717730245,0.0,0.0,0.0,0.0,0.0560207717730245,0.0,1.7122859992444197,0.27,0.06
5477,0.08532701181087,0.0,0.0,1.3877787807814457e-17,0.0,0.08532701181087002,0.0,1.6898315224520855,0.27,0.06
5478,0.08532701181087,0.0,0.0,0.0,0.0,0.08532701181087,0.0,1.6673770456597512,0.27,0.06
5479,0.019537493358563723,0.0,0.0,0.0,0.0,0.019537493358563723,0.0,1.6622356000390766,0.27,0.06
5480,0.019537493358563723,0.0,0.0,0.0,0.0,0.019537493358563723,0.0,1.657094154418402,0.27,0.06
5481,0.012161092804820275,0.0,0.0,0.0,0.0,0.012161092804820275,0.0,1.6538938668381862,0.27,0.06
5482,0.012161092804820275,0.0,0.0,0.0,0.0,0.012161092804820275,0.0,1.6506935792579702,0.27,0.06
5483,0.0155502498159997,0.0,0.0,0.0,0.0,0.0155502498159997,0.0,1.64660140825376,0.27,0.06
5484,0.0155502498159997,0.0,0.0,-3.469446951953614e-18,0.0,0.015550249815999697,0.0,1.6425092372495493,0.27,0.06
5485,0.02452154778676875,0.0,0.0,0.0,0.0,0.02452154778676875,0.0,1.6360561983582944,0.27,0.06
5486,0.02452154778676875,0.0,0.0,0.0,0.0,0.02452154778676875,0.0,1.6296031594670395,0.27,0.06
5487,0.02771134262082,0.0,0.0,0.0,0.0,0.02771134262082,0.0,1.6223107008826132,0.27,0.06
5488,0.02771134262082,0.0,0.0,0.0,0.0,0.02771134262082,0.0,1.615018242298187,0.27,0.06
5489,0.019936217712820125,0.0,0.0,0.0,0.0,0.019936217712820125,0.0,1.6097718692158658,0.27,0.06
5490,0.019936217712820125,0.0,0.0,3.469446951953614e-18,0.0,0.01993621771282013,0.0,1.6045254961335447,0.27,0.06
5491,0.02771134262082,0.0,0.0,1.3877787807814457e-17,0.0,0.027711342620820013,0.0,1.5972330375491184,0.27,0.06
5492,0.02771134262082,0.0,0.0,0.0,0.0,0.02771134262082,0.0,1.589940578964692,0.27,0.06
5493,0.02492027214102515,0.0,0.0,0.0,0.0,0.02492027214102515,0.0,1.5833826126117907,0.27,0.06
5494,0.02492027214102515,0.0,0.0,0.0,0.0,0.02492027214102515,0.0,1.5768246462588893,0.27,0.06
5495,0.018540682472922725,0.0,0.0,0.0,0.0,0.018540682472922725,0.0,1.5719455192923308,0.27,0.06
5496,0.018540682472922725,0.0,0.0,0.0,0.0,0.018540682472922725,0.0,1.5670663923257722,0.27,0.06
5497,0.0253189964952815,0.0,0.0,0.0,0.0,0.0253189964952815,0.0,1.5604034985112245,0.27,0.06
5498,0.0253189964952815,0.0,0.0,0.0,0.0,0.0253189964952815,0.0,1.5537406046966766,0.27,0.06
5499,0.0157496119931279,0.0,0.0,3.469446951953614e-18,0.0,0.015749611993127903,0.0,1.549595969961643,0.27,0.06
5500,0.0157496119931279,0.0,0.0,0.0,0.0,0.0157496119931279,0.0,1.5454513352266093,0.27,0.06
5501,0.0159489741702561,8.436554361279768e-05,0.0,0.0,0.0,0.015864608626643302,0.0,1.5412764382195978,0.27,0.06
5502,0.0159489741702561,0.002863277297089782,0.0,0.0,0.0,0.013085696873166316,0.0,1.537832833779291,0.27,0.06
5503,0.09051042841620326,0.0147763831530526,0.0,1.3877787807814457e-17,0.0,0.07573404526315067,0.0,1.5179028218679356,0.27,0.06
5504,0.09051042841620326,0.03341049534182725,0.0,0.0,0.0,0.057099933074376004,0.0,1.5028765236904682,0.27,0.06
5505,0.1539076007429715,0.02855735446472335,0.0,0.0,0.0,0.12535024627824815,0.0,1.4698896167751399,0.27,0.06
5506,0.1539076007429715,0.04148334121554092,0.0,0.0,0.0,0.11242425952743057,0.0,1.4403042853205528,0.27,0.06
5507,0.16407507177650976,0.1252892895726331,0.0,0.0,0.0,0.038785782203876656,0.0,1.430097500530059,0.27,0.06
5508,0.16407507177650976,0.181482619370281,0.0,0.01740754759377125,0.0,0.0,0.0,1.430097500530059,0.27,0.06
5509,0.029704964392102,0.031031438432991686,0.0,0.001326474040889685,-0.0,0.0,0.0,1.430097500530059,0.27,0.06
5510,0.029704964392102,0.025149054389776396,0.0,0.0,0.0,0.004555910002325605,0.0,1.4288985768452365,0.27,0.06
5511,0.02352473690112775,0.03291485904255559,0.0,0.0,0.009390122141427839,0.0,0.0,1.4311287308538256,0.27,0.06
5512,0.02352473690112775,0.03701817282328732,0.0,0.013493435922159572,0.0,0.0,0.0,1.4311287308538256,0.27,0.06
5513,0.026714531735179,0.06546241431488116,0.0,8.326672684688674e-17,0.038747882579702075,0.0,0.0,1.440331352966505,0.27,0.06
5514,0.026714531735179,0.07624004234645286,0.0,0.0,0.04952551061127386,0.0,0.0,1.4520936617366824,0.27,0.06
5515,0.014154714576102276,0.1034486001043985,0.0,0.0,0.08929388552829623,0.0,0.0,1.4733009595496527,0.27,0.06
5516,0.014154714576102276,0.02904890363890609,0.0,0.014894189062803813,0.0,0.0,0.0,1.4733009595496527,0.27,0.06
5517,0.010366833210666474,0.021903356797048825,0.0,0.01153652358638235,0.0,0.0,0.0,1.4733009595496527,0.27,0.06
5518,0.010366833210666474,0.02522367682974676,0.0,0.014856843619080287,0.0,0.0,0.0,1.4733009595496527,0.27,0.06
5519,0.0175438715872817,0.050257222711982345,0.0,0.0,0.03271335112470064,0.0,0.0,1.481070380441769,0.27,0.06
5520,0.0175438715872817,0.02539564491158858,0.0,0.00785177332430688,0.0,0.0,0.0,1.481070380441769,0.27,0.06
5521,0.010167471033538275,0.0070789528702806664,0.0,0.0,0.0,0.003088518163257609,0.0,1.4802576125040696,0.27,0.06
5522,0.010167471033538275,0.004143478225441896,0.0,0.0,0.0,0.0060239928080963795,0.0,1.4786723512387812,0.27,0.06
5523,0.26036700332943,0.141534102407695,0.0,0.0,0.0,0.11883290092173501,0.0,1.4474005352067456,0.27,0.06
5524,0.26036700332943,0.3568371681282694,0.0,5.551115123125783e-17,0.0964701647988393,0.0,0.0,1.47031219934647,0.27,0.06
5525,0.27830959927097,0.39310931917343317,0.0,0.0,0.11479971990246318,0.0,0.0,1.497577132823305,0.27,0.06
5526,0.27830959927097,0.8641291240834179,0.0,0.0,0.5858195248124479,0.0,0.0,1.636709269966261,0.27,0.06
5527,0.1768342511127145,0.3695280933306787,0.0,0.0,0.1926938422179642,0.0,0.0,1.6824740574930277,0.27,0.06
5528,0.1768342511127145,0.6845504932747577,0.0,0.0,0.5077162421620431,0.0,0.0,1.803056665006513,0.27,0.06
5529,0.0163476985245125,0.18650135281311198,0.0,0.0,0.17015365428859947,0.0,0.0,1.8434681579000554,0.27,0.06
5530,0.0163476985245125,0.11528716681659047,0.0,0.0,0.09893946829207798,0.0,0.0,1.866966281619424,0.27,0.06
5531,0.08652318487363925,0.25410597583656325,0.0,0.0,0.167582790962924,0.0,0.0,1.9067671944731184,0.27,0.06
5532,0.08652318487363925,0.10856295254628688,0.0,0.022039767672647634,0.0,0.0,0.0,1.9067671944731184,0.27,0.06
5533,0.03588519188307625,0.09764063531264462,0.0,-2.7755575615628914e-17,0.0617554434295684,0.0,0.0,1.9214341122876408,0.27,0.06
5534,0.03588519188307625,0.08585243722194741,0.0,-3.7470027081099033e-16,0.049967245338871535,0.0,0.0,1.9333013330556228,0.27,0.06
5535,0.131778399081741,0.19090136106726266,0.0,0.0,0.059122961985521666,0.0,0.0,1.9473430365271842,0.27,0.06
5536,0.131778399081741,0.1302437796800754,0.0,0.0,0.0,0.0015346194016656045,0.0,1.9469391893162196,0.27,0.06
5537,0.02292665036974315,0.049381194310792645,0.0,0.0,0.026454543941049496,0.0,0.0,1.9532221435022188,0.27,0.06
5538,0.02292665036974315,0.022088169381208327,0.0,0.0,0.0,0.0008384809885348225,0.0,1.953001490610499,0.27,0.06
5539,0.019936217712820125,0.05249921208217362,0.0,0.0,0.03256299436935349,0.0,0.0,1.9607352017732205,0.27,0.06
5540,0.019936217712820125,0.04216651590178603,0.0,0.022230298188965904,0.0,0.0,0.0,1.9607352017732205,0.27,0.06
5541,0.07994423302840875,0.09690205612997213,0.0,0.0,0.01695782310156338,0.0,0.0,1.9647626847598418,0.27,0.06
5542,0.07994423302840875,0.0601641885383239,0.0,0.0,0.0,0.01978004449008485,0.0,1.95955740989403,0.27,0.06
5543,0.0293062400378455,0.012641980261218405,0.0,0.0,0.0,0.016664259776627093,0.0,1.955172078373865,0.27,0.06
5544,0.0293062400378455,0.01597842418452965,0.0,0.0,0.0,0.013327815853315848,0.0,1.9516647584124662,0.27,0.06
5545,0.1975679175340475,0.02478517838471535,0.0,0.0,0.0,0.17278273914933215,0.0,1.906195616531063,0.27,0.06
5546,0.1975679175340475,0.002540523065214558,0.0,0.0,0.0,0.19502739446883297,0.0,1.8548726179866337,0.27,0.06
5547,0.02751198044369175,0.0,0.0,0.0,0.0,0.02751198044369175,0.0,1.8476326231330307,0.27,0.06
5548,0.02751198044369175,0.0,0.0,0.0,0.0,0.02751198044369175,0.0,1.8403926282794276,0.27,0.06
5549,0.1748406293414325,0.0,0.0,0.0,0.0,0.1748406293414325,0.0,1.7943819363474716,0.27,0.06
5550,0.1748406293414325,0.0,0.0,0.0,0.0,0.1748406293414325,0.0,1.7483712444155157,0.27,0.06
5551,0.04724883597938375,0.0,0.0,6.938893903907228e-18,0.0,0.04724883597938376,0.0,1.7359373402104146,0.27,0.06
5552,0.04724883597938375,0.0,0.0,0.0,0.0,0.04724883597938375,0.0,1.7235034360053136,0.27,0.06
5553,0.0382775380086145,0.0,0.0,0.0,0.0,0.0382775380086145,0.0,1.713430399687257,0.27,0.06
5554,0.0382775380086145,0.0,0.0,0.0,0.0,0.0382775380086145,0.0,1.7033573633692007,0.27,0.06
5555,0.04824564686502475,0.0,0.0,0.0,0.0,0.04824564686502475,0.0,1.6906611405099836,0.27,0.06
5556,0.04824564686502475,0.0,0.0,0.0,0.0,0.04824564686502475,0.0,1.6779649176507665,0.27,0.06
5557,0.04326159243681975,0.0,0.0,0.0,0.0,0.04326159243681975,0.0,1.6665802880621297,0.27,0.06
5558,0.04326159243681975,0.0,0.0,0.0,0.0,0.04326159243681975,0.0,1.655195658473493,0.27,0.06
5559,0.02432218560964055,0.0,0.0,0.0,0.0,0.02432218560964055,0.0,1.6487950833130613,0.27,0.06
5560,0.02432218560964055,0.0,0.0,-6.938893903907228e-18,0.0,0.024322185609640543,0.0,1.6423945081526297,0.27,0.06
5561,0.012559817159076675,0.0,0.0,0.0,0.0,0.012559817159076675,0.0,1.6390892931107672,0.27,0.06
5562,0.012559817159076675,0.0,0.0,0.0,0.0,0.012559817159076675,0.0,1.635784078068905,0.27,0.06
5563,0.0330941214032815,0.0,0.0,0.0,0.0,0.0330941214032815,0.0,1.627075098752252,0.27,0.06
5564,0.0330941214032815,0.0,0.0,0.0,0.0,0.0330941214032815,0.0,1.618366119435599,0.27,0.06
5565,0.04445776549958875,0.0,0.0,0.0,0.0,0.04445776549958875,0.0,1.606666707462023,0.27,0.06
5566,0.04445776549958875,0.0,0.0,0.0,0.0,0.04445776549958875,0.0,1.594967295488447,0.27,0.06
5567,0.02591708302666625,0.0,0.0,0.0,0.0,0.02591708302666625,0.0,1.5881470104814297,0.27,0.06
5568,0.02591708302666625,0.0,0.0,0.0,0.0,0.02591708302666625,0.0,1.581326725474412,0.27,0.06
5569,0.115829424911485,0.0,0.0,0.0,0.0,0.115829424911485,0.0,1.5508452978661267,0.27,0.06
5570,0.115829424911485,0.0,0.0,0.0,0.0,0.115829424911485,0.0,1.5203638702578413,0.27,0.06
5571,0.04027115977989675,0.0,0.0,0.0,0.0,0.04027115977989675,0.0,1.5097661966315525,0.27,0.06
5572,0.04027115977989675,0.0,0.0,0.0,0.0,0.04027115977989675,0.0,1.4991685230052638,0.27,0.06
5573,0.028708153506461,0.0,0.0,-3.469446951953614e-18,0.0,0.028708153506460995,0.0,1.4916137457667216,0.27,0.06
5574,0.028708153506461,0.0,0.0,0.0,0.0,0.028708153506461,0.0,1.484058968528179,0.27,0.06
5575,0.025717720849538,0.0,0.0,0.0,0.0,0.025717720849538,0.0,1.477291147251985,0.27,0.06
5576,0.025717720849538,0.0,0.0,0.0,0.0,0.025717720849538,0.0,1.4705233259757908,0.27,0.06
5577,0.029704964392102,0.0,0.0,3.469446951953614e-18,0.0,0.029704964392102004,0.0,1.4627062300831324,0.27,0.06
5578,0.029704964392102,0.0,0.0,0.0,0.0,0.029704964392102,0.0,1.4548891341904737,0.27,0.06
5579,0.0253189964952815,0.0,0.0,6.938893903907228e-18,0.0,0.025318996495281507,0.0,1.448226240375926,0.27,0.06
5580,0.0253189964952815,0.0,0.0,0.0,0.0,0.0253189964952815,0.0,1.4415633465613782,0.27,0.06
5581,0.02392346125538415,0.0,0.0,0.0,0.0,0.02392346125538415,0.0,1.435267698862593,0.27,0.06
5582,0.02392346125538415,0.0,0.0,0.0,0.0,0.02392346125538415,0.0,1.4289720511638078,0.27,0.06
5583,0.02292665036974315,0.0,0.0,0.0,0.0,0.02292665036974315,0.0,1.4229387221191385,0.27,0.06
5584,0.02292665036974315,0.0,0.0,0.0,0.0,0.02292665036974315,0.0,1.4169053930744693,0.27,0.06
5585,0.036682640591589,0.0,0.0,0.0,0.0,0.036682640591589,0.0,1.4072520666029984,0.27,0.06
5586,0.036682640591589,0.0,0.0,-4.163336342344337e-17,0.0,0.03668264059158896,0.0,1.3975987401315275,0.27,0.06
5587,0.14493630277220226,0.0,0.0,0.0,0.0,0.14493630277220226,0.0,1.3594576078230534,0.27,0.06
5588,0.14493630277220226,0.0,0.0,0.0,0.0,0.14493630277220226,0.0,1.3213164755145792,0.27,0.06
5589,0.049641182104922,0.0,0.0,0.0,0.0,0.049641182104922,0.0,1.3082530065395996,0.27,0.06
5590,0.049641182104922,0.0,0.0,0.0,0.0,0.049641182104922,0.0,1.29518953756462,0.27,0.06
5591,0.2274722441032775,0.0,0.0,0.0,0.0,0.2274722441032775,0.0,1.2353284206953365,0.27,0.06
5592,0.2274722441032775,0.0,0.0,0.0,0.0,0.2274722441032775,0.0,1.175467303826053,0.27,0.06
5593,0.11263963007743374,0.0,0.0,0.0,0.0,0.11263963007743374,0.0,1.145825295910939,0.27,0.06
5594,0.11263963007743374,0.0,0.0,0.0,0.0,0.11263963007743374,0.0,1.116183287995825,0.27,0.06
5595,0.04545457638523,0.0,0.0,0.0,0.0,0.04545457638523,0.0,1.1042215573681327,0.27,0.06
5596,0.04545457638523,0.0,0.0,0.0,0.0,0.04545457638523,0.0,1.0922598267404406,0.27,0.06
5597,0.082336579153947,0.0,0.0,0.0,0.0,0.082336579153947,0.0,1.0705923059104545,0.27,0.06
5598,0.082336579153947,0.009671747371391785,0.0,0.0,0.0,0.07266483178255521,0.0,1.0514699817571505,0.27,0.06
5599,0.1281898798934335,0.02637523282391222,0.0,0.0,0.0,0.10181464706952129,0.0,1.0246766535809606,0.27,0.06
5600,0.1281898798934335,0.04604426612134655,0.0,0.0,0.0,0.08214561377208696,0.0,1.0030593867988324,0.27,0.06
5601,0.03887562453999925,0.027249954704436072,0.0,0.0,0.0,0.01162566983556318,0.0,1.0,0.27,0.06
5602,0.03887562453999925,0.05349743332430262,0.0,0.014621808784303372,0.0,0.0,0.0,1.0,0.27,0.06
5603,0.031698586163384,0.06939022507844626,0.0,0.03769163891506226,0.0,0.0,0.0,1.0,0.27,0.06
5604,0.031698586163384,0.06644429309253272,0.0,0.03474570692914872,0.0,0.0,0.0,1.0,0.27,0.06
5605,0.1293860529562025,0.22473335624205287,0.0,0.09534730328585037,0.0,0.0,0.0,1.0,0.27,0.06
5606,0.1293860529562025,0.2252994456469675,0.0,0.09591339269076499,0.0,0.0,0.0,1.0,0.27,0.06
5607,0.0877193579364085,0.2788408378393171,0.0,0.0,0.19112147990290862,0.0,0.0,1.0453913514769406,0.27,0.06
5608,0.0877193579364085,0.3455582451044336,0.0,-6.106226635438361e-16,0.2578388871680257,0.0,0.0,1.1066280871793468,0.27,0.06
5609,0.02212920166123035,0.21443711873738994,0.0,0.17357769993867986,0.018730217137479712,0.0,0.0,1.1110765137494982,0.27,0.06
5610,0.02212920166123035,0.23860595692756098,0.0,0.0,0.21647675526633064,0.0,0.0,1.1624897431252517,0.27,0.06
5611,0.0747608164230755,0.39337030431312797,0.0,2.220446049250313e-16,0.3186094878900523,0.0,0.0,1.2381594964991391,0.27,0.06
5612,0.0747608164230755,0.2232692162798686,0.0,0.0,0.1485083998567931,0.0,0.0,1.2734302414651275,0.27,0.06
5613,0.02292665036974315,0.13076380966562548,0.0,0.0,0.10783715929588233,0.0,0.0,1.2990415667978996,0.27,0.06
5614,0.02292665036974315,0.0768353064331496,0.0,0.05390865606340646,0.0,0.0,0.0,1.2990415667978996,0.27,0.06
5615,0.02890751568358925,0.16264600066942056,0.0,0.0,0.1337384849858313,0.0,0.0,1.3308044569820345,0.27,0.06
5616,0.02890751568358925,0.10677837723803581,0.0,0.07787086155444656,0.0,0.0,0.0,1.3308044569820345,0.27,0.06
5617,0.0430622302596915,0.14842307179750444,0.0,5.551115123125783e-17,0.10536084153781289,0.0,0.0,1.3558276568472651,0.27,0.06
5618,0.0430622302596915,0.3085850451508565,0.0,0.0,0.265522814891165,0.0,0.0,1.4188893253839168,0.27,0.06
5619,0.284290464584815,0.9515560335221147,0.0,2.220446049250313e-16,0.6672655689372995,0.0,0.0,1.5773648980065254,0.27,0.06
5620,0.284290464584815,0.8904369516936465,0.0,-7.771561172376096e-16,0.6061464871088322,0.0,0.0,1.721324688694873,0.27,0.06
5621,0.2767147018539425,0.8795710910083798,0.0,-2.220446049250313e-16,0.6028563891544376,0.0,0.0,1.8645030811190522,0.27,0.06
5622,0.2767147018539425,0.8372815519704423,0.0,2.220446049250313e-16,0.5605668501164995,0.0,0.0,1.997637708021721,0.27,0.06
5623,0.1311803125503565,0.7833383260166322,0.0,4.440892098500626e-16,0.6521580134662752,0.0,0.0,2.152525236219961,0.27,0.06
5624,0.1311803125503565,0.7593488670894993,0.0,0.0,0.6281685545391429,0.0,0.0,2.301715267923008,0.27,0.06
5625,0.03767945147723,0.24389691582339984,0.0,0.0,0.20621746434616983,0.0,0.0,2.350691915705223,0.27,0.06
5626,0.03767945147723,0.16236705592380352,0.0,0.0,0.12468760444657351,0.0,0.0,2.3803052217612843,0.27,0.06
5627,0.0897129797076905,0.36742755814911005,0.0,0.0,0.27771457844141956,0.0,0.0,2.446262434141121,0.27,0.06
5628,0.0897129797076905,0.37724840281641486,0.0,2.220446049250313e-16,0.28753542310872415,0.0,0.0,2.5145520971294433,0.27,0.06
5629,0.02751198044369175,0.13617771205157436,0.0,0.0,0.10866573160788262,0.0,0.0,2.5403602083863155,0.27,0.06
5630,0.02751198044369175,0.05320609133532105,0.0,0.025694110891629304,0.0,0.0,0.0,2.5403602083863155,0.27,0.06
5631,0.087121271405024,0.2078320641526572,0.0,0.0,0.1207107927476332,0.0,0.0,2.5690290216638787,0.27,0.06
5632,0.087121271405024,0.2047142665990411,0.0,0.0,0.1175929951940171,0.0,0.0,2.5969573580224576,0.27,0.06
5633,0.02332537472399955,0.0779082576263633,0.0,0.05458288290236375,0.0,0.0,0.0,2.5969573580224576,0.27,0.06
5634,0.02332537472399955,0.07624250475235127,0.0,0.05291713002835172,0.0,0.0,0.0,2.5969573580224576,0.27,0.06
5635,0.03448965664317875,0.08140478598862343,0.0,0.04691512934544468,0.0,0.0,0.0,2.5969573580224576,0.27,0.06
5636,0.03448965664317875,0.026317208118031548,0.0,0.0,0.0,0.008172448525147199,0.0,2.594806713673734,0.27,0.06
5637,0.061403550555486,0.06083671180865548,0.0,0.0,0.0,0.0005668387468305211,0.0,2.594657545582463,0.27,0.06
5638,0.061403550555486,0.04723785831980835,0.0,-3.469446951953614e-18,0.0,0.014165692235677648,0.0,2.590929731836232,0.27,0.06
5639,0.0450558520309735,0.04107371247570576,0.0,0.0,0.0,0.003982139555267744,0.0,2.58988180037432,0.27,0.06
5640,0.0450558520309735,0.02779197431099351,0.0,0.0,0.0,0.017263877719979993,0.0,2.5853386746585354,0.27,0.06
5641,0.2751198044369175,0.021581134788038372,0.0,0.0,0.0,0.25353866964887917,0.0,2.518617972119357,0.27,0.06
5642,0.2751198044369175,0.00735702097268829,0.0,0.0,0.0,0.2677627834642292,0.0,2.4481540817340335,0.27,0.06
5643,0.0530303391161015,0.0,0.0,0.0,0.0,0.0530303391161015,0.0,2.4341987293350593,0.27,0.06
5644,0.0530303391161015,0.0,0.0,0.0,0.0,0.0530303391161015,0.0,2.420243376936085,0.27,0.06
5645,0.05921056660707575,0.0,0.0,0.0,0.0,0.05921056660707575,0.0,2.4046616488815915,0.27,0.06
5646,0.05921056660707575,0.0,0.0,0.0,0.0,0.05921056660707575,0.0,2.389079920827098,0.27,0.06
5647,0.05422651217887075,0.0,0.0,6.938893903907228e-18,0.0,0.054226512178870756,0.0,2.3748097860431847,0.27,0.06
5648,0.05422651217887075,0.0,0.0,0.0,0.0,0.05422651217887075,0.0,2.3605396512592716,0.27,0.06
5649,0.052432252584717,0.0,0.0,-2.0816681711721685e-17,0.0,0.05243225258471698,0.0,2.346741690052767,0.27,0.06
5650,0.052432252584717,0.0,0.0,0.0,0.0,0.052432252584717,0.0,2.3329437288462627,0.27,0.06
5651,0.03588519188307625,0.0,0.0,0.0,0.0,0.03588519188307625,0.0,2.3235002572980847,0.27,0.06
5652,0.03588519188307625,0.0,0.0,0.0,0.0,0.03588519188307625,0.0,2.314056785749907,0.27,0.06
5653,0.07715316254861375,0.0,0.0,0.0,0.0,0.07715316254861375,0.0,2.2937533219213244,0.27,0.06
5654,0.07715316254861375,0.0,0.0,0.0,0.0,0.07715316254861375,0.0,2.273449858092742,0.27,0.06
5655,0.047448198156512,0.0,0.0,0.0,0.0,0.047448198156512,0.0,2.2609634901568167,0.27,0.06
5656,0.047448198156512,0.0,0.0,0.0,0.0,0.047448198156512,0.0,2.2484771222208924,0.27,0.06
5657,0.042663505905435,0.0,0.0,0.0,0.0,0.042663505905435,0.0,2.2372498838247252,0.27,0.06
5658,0.042663505905435,0.0,0.0,0.0,0.0,0.042663505905435,0.0,2.2260226454285585,0.27,0.06
5659,0.072368470297537,0.0,0.0,0.0,0.0,0.072368470297537,0.0,2.206978311139733,0.27,0.06
5660,0.072368470297537,0.0,0.0,0.0,0.0,0.072368470297537,0.0,2.1879339768509074,0.27,0.06
5661,0.1273924311849205,0.0,0.0,0.0,0.0,0.1273924311849205,0.0,2.1544096528548757,0.27,0.06
5662,0.1273924311849205,0.0,0.0,-2.7755575615628914e-17,0.0,0.12739243118492047,0.0,2.120885328858844,0.27,0.06
5663,0.03448965664317875,0.0,0.0,0.0,0.0,0.03448965664317875,0.0,2.1118091034264284,0.27,0.06
5664,0.03448965664317875,0.0,0.0,0.0,0.0,0.03448965664317875,0.0,2.102732877994013,0.27,0.06
5665,0.030701775277743,0.0,0.0,0.0,0.0,0.030701775277743,0.0,2.094653463447239,0.27,0.06
5666,0.030701775277743,0.0,0.0,0.0,0.0,0.030701775277743,0.0,2.0865740489004643,0.27,0.06
5667,0.013157903690461275,0.0,0.0,0.0,0.0,0.013157903690461275,0.0,2.0831114426661324,0.27,0.06
5668,0.013157903690461275,0.0,0.0,0.0,0.0,0.013157903690461275,0.0,2.0796488364318004,0.27,0.06
5669,0.0151515254617433,0.0,0.0,0.0,0.0,0.0151515254617433,0.0,2.0756615928892366,0.27,0.06
5670,0.0151515254617433,0.0,0.0,0.0,0.0,0.0151515254617433,0.0,2.0716743493466723,0.27,0.06
5671,0.019338131181435524,0.0,0.0,0.0,0.0,0.019338131181435524,0.0,2.066585367456821,0.27,0.06
5672,0.019338131181435524,0.0,0.0,0.0,0.0,0.019338131181435524,0.0,2.0614963855669695,0.27,0.06
5673,0.020534304244204726,0.0,0.0,0.0,0.0,0.020534304244204726,0.0,2.0560926212921786,0.27,0.06
5674,0.020534304244204726,0.0,0.0,0.0,0.0,0.020534304244204726,0.0,2.050688857017388,0.27,0.06
5675,0.0430622302596915,0.0,0.0,-6.938893903907228e-18,0.0,0.04306223025969149,0.0,2.039356691159574,0.27,0.06
5676,0.0430622302596915,0.0,0.0,0.0,0.0,0.0430622302596915,0.0,2.0280245253017606,0.27,0.06
5677,0.051435441699076,0.0,0.0,0.0,0.0,0.051435441699076,0.0,2.0144888827493723,0.27,0.06
5678,0.051435441699076,0.0,0.0,0.0,0.0,0.051435441699076,0.0,2.000953240196984,0.27,0.06
5679,0.04027115977989675,0.0,0.0,6.938893903907228e-18,0.0,0.04027115977989676,0.0,1.9903555665706953,0.27,0.06
5680,0.04027115977989675,0.0,0.0,0.0,0.0,0.04027115977989675,0.0,1.9797578929444066,0.27,0.06
5681,0.046451387270871,0.0,0.0,0.0,0.0,0.046451387270871,0.0,1.9675338436625984,0.27,0.06
5682,0.046451387270871,0.0,0.0,0.0,0.0,0.046451387270871,0.0,1.9553097943807902,0.27,0.06
5683,0.0440590411453325,0.0,0.0,0.0,0.0,0.0440590411453325,0.0,1.9437153098688607,0.27,0.06
5684,0.0440590411453325,0.0,0.0,0.0,0.0,0.0440590411453325,0.0,1.932120825356931,0.27,0.06
5685,0.048445009042153,0.0,0.0,0.0,0.0,0.048445009042153,0.0,1.919372138766891,0.27,0.06
5686,0.048445009042153,0.0,0.0,0.0,0.0,0.048445009042153,0.0,1.9066234521768506,0.27,0.06
5687,0.16228081218235574,0.0,0.0,0.0,0.0,0.16228081218235574,0.0,1.8639179752867572,0.27,0.06
5688,0.16228081218235574,0.0,0.0,-2.7755575615628914e-17,0.0,0.1622808121823557,0.0,1.8212124983966635,0.27,0.06
5689,0.04784692251076825,0.0,0.0,0.0,0.0,0.04784692251076825,0.0,1.808621202999093,0.27,0.06
5690,0.04784692251076825,0.0,0.0,0.0,0.0,0.04784692251076825,0.0,1.7960299076015223,0.27,0.06
5691,0.0340909322889225,0.0,0.0,0.0,0.0,0.0340909322889225,0.0,1.7870586096307532,0.27,0.06
5692,0.0340909322889225,0.0,0.0,0.0,0.0,0.0340909322889225,0.0,1.778087311659984,0.27,0.06
5693,0.070374848526255,0.0,0.0,5.551115123125783e-17,0.0,0.07037484852625506,0.0,1.7595676146793906,0.27,0.06
5694,0.070374848526255,0.004634539177953114,0.0,0.0,0.0,0.06574030934830188,0.0,1.7422675332719428,0.27,0.06
5695,0.02412282343251235,0.004545543844786603,0.0,0.0,0.0,0.019577279587725746,0.0,1.7371156175909623,0.27,0.06
5696,0.02412282343251235,0.008391144154927645,0.0,0.0,0.0,0.015731679277584704,0.0,1.732975701991598,0.27,0.06
5697,0.06818186457784475,0.030339858654972164,0.0,0.0,0.0,0.03784200592287259,0.0,1.7230172793803158,0.27,0.06
5698,0.06818186457784475,0.04962194905738929,0.0,0.0,0.0,0.01855991552045546,0.0,1.718133091085459,0.27,0.06
5699,0.03149922398625575,0.022600512218431058,0.0,0.0,0.0,0.008898711767824693,0.0,1.7157913248307683,0.27,0.06
5700,0.03149922398625575,0.032756124329860865,0.0,0.0012569003436051149,0.0,0.0,0.0,1.7157913248307683,0.27,0.06
5701,0.02272728819261495,0.04950372820596449,0.0,0.026776440013349542,0.0,0.0,0.0,1.7157913248307683,0.27,0.06
5702,0.02272728819261495,0.06526954221173215,0.0,-1.3877787807814457e-17,0.04254225401911721,0.0,0.0,1.7258951101603086,0.27,0.06
5703,0.03149922398625575,0.10245550726071606,0.0,0.0,0.07095628327446031,0.0,0.0,1.742747227437993,0.27,0.06
5704,0.03149922398625575,0.15215174001035794,0.0,0.0,0.1206525160241022,0.0,0.0,1.7714021999937173,0.27,0.06
5705,0.02192983948410215,0.05430120191901781,0.0,0.03237136243491566,0.0,0.0,0.0,1.7714021999937173,0.27,0.06
5706,0.02192983948410215,0.05391894923917076,0.0,-5.134781488891349e-16,0.03198910975506912,0.0,0.0,1.7789996135605461,0.27,0.06
5707,0.0173445094101535,0.06242702358035644,0.0,0.0,0.04508251417020294,0.0,0.0,1.7897067106759694,0.27,0.06
5708,0.0173445094101535,0.1650715980998965,0.0,0.0,0.147727088689743,0.0,0.0,1.8247918942397834,0.27,0.06
5709,0.020733666421332925,0.18394133444937166,0.0,0.0,0.16320766802803874,0.0,0.0,1.8635537153964425,0.27,0.06
5710,0.020733666421332925,0.1373676208157986,0.0,0.0,0.11663395439446567,0.0,0.0,1.8912542795651281,0.27,0.06
5711,0.012958541513333074,0.06326767819126938,0.0,-5.967448757360216e-16,0.050309136677936905,0.0,0.0,1.903202699526138,0.27,0.06
5712,0.012958541513333074,0.06983116770069292,0.0,-1.5265566588595902e-16,0.05687262618736,0.0,0.0,1.916709948245636,0.27,0.06
5713,0.0171451472330253,0.1054637201439413,0.0,0.0,0.088318572910916,0.0,0.0,1.9376856093119785,0.27,0.06
5714,0.0171451472330253,0.17339230432104047,0.0,0.0,0.15624715708801518,0.0,0.0,1.9747943091203821,0.27,0.06
5715,0.28369237805343,1.1589238868451917,0.0,0.0,0.8752315087917617,0.0,0.0,2.1826617924584255,0.27,0.06
5716,0.28369237805343,1.0319607545783922,0.0,0.0,0.7482683765249623,0.0,0.0,2.360375531883104,0.27,0.06
5717,0.2862840863560975,0.7777353123034544,0.0,0.0,0.4914512259473569,0.0,0.0,2.4770951980456015,0.27,0.06
5718,0.2862840863560975,0.5103695995376861,0.0,0.0,0.22408551318158865,0.0,0.0,2.5303155074262285,0.27,0.06
5719,0.293261762555585,0.37528641140404634,0.0,0.0,0.08202464884846133,0.0,0.0,2.549796361527738,0.27,0.06
5720,0.293261762555585,0.345918993951221,0.0,-8.326672684688674e-16,0.05265723139563683,0.0,0.0,2.5623024539842016,0.27,0.06
5721,0.0165470607016407,0.06666934347982535,0.0,-2.1510571102112408e-16,0.05012228277818487,0.0,0.0,2.5742064961440208,0.27,0.06
5722,0.0165470607016407,0.04048114902117185,0.0,0.02393408831953115,0.0,0.0,0.0,2.5742064961440208,0.27,0.06
5723,0.0966906559071775,0.14119165681730117,0.0,-2.220446049250313e-16,0.04450100091012389,0.0,0.0,2.584775483860175,0.27,0.06
5724,0.0966906559071775,0.18696939112985603,0.0,0.0,0.09027873522267853,0.0,0.0,2.6062166834755613,0.27,0.06
5725,0.020933028598461124,0.04452091434597121,0.0,0.023587885747510088,0.0,0.0,0.0,2.6062166834755613,0.27,0.06
5726,0.020933028598461124,0.04235063199990673,0.0,0.0,0.021417603401445603,0.0,0.0,2.6113033642834047,0.27,0.06
5727,0.0143540767532305,0.029007772980817435,0.0,0.014653696227586936,0.0,0.0,0.0,2.6113033642834047,0.27,0.06
5728,0.0143540767532305,0.03523494655128629,0.0,0.0,0.02088086979805579,0.0,0.0,2.616262570860443,0.27,0.06
5729,0.07256783247466525,0.05194991252915905,0.0,0.0,0.0,0.0206179199455062,0.0,2.610836802453731,0.27,0.06
5730,0.07256783247466525,0.043632273423731945,0.0,0.0,0.0,0.028935559050933306,0.0,2.6032221816508536,0.27,0.06
5731,0.029704964392102,0.02629857855557135,0.0,0.0,0.0,0.0034063858365306517,0.0,2.602325764325451,0.27,0.06
5732,0.029704964392102,0.028223596797543205,0.0,0.0,0.0,0.0014813675945587954,0.0,2.6019359307479353,0.27,0.06
5733,0.0807416817369215,0.05969483492294836,0.0,0.0,0.0,0.021046846813973147,0.0,2.596397286849521,0.27,0.06
5734,0.0807416817369215,0.04676866635675516,0.0,0.0,0.0,0.033973015380166345,0.0,2.5874570196442144,0.27,0.06
5735,0.019338131181435524,0.009795374731114312,0.0,0.0,0.0,0.009542756450321212,0.0,2.5849457679467616,0.27,0.06
5736,0.019338131181435524,0.0035390064463968036,0.0,0.0,0.0,0.015799124735038722,0.0,2.5807881035428037,0.27,0.06
5737,0.0639952588581525,0.005580117257167571,0.0,0.0,0.0,0.05841514160098493,0.0,2.565415697858334,0.27,0.06
5738,0.0639952588581525,0.00022629536226187499,0.0,0.0,0.0,0.06376896349589063,0.0,2.548634391675205,0.27,0.06
5739,0.23624415996070075,0.0,0.0,0.0,0.0,0.23624415996070075,0.0,2.4864648758960732,0.27,0.06
5740,0.23624415996070075,0.0,0.0,0.0,0.0,0.23624415996070075,0.0,2.4242953601169415,0.27,0.06
5741,0.11164281919179275,0.0,0.0,0.0,0.0,0.11164281919179275,0.0,2.3949156708559434,0.27,0.06
5742,0.11164281919179275,0.0,0.0,0.0,0.0,0.11164281919179275,0.0,2.3655359815949453,0.27,0.06
5743,0.044657127676717,0.0,0.0,0.0,0.0,0.044657127676717,0.0,2.3537841058905458,0.27,0.06
5744,0.044657127676717,0.0,0.0,0.0,0.0,0.044657127676717,0.0,2.3420322301861467,0.27,0.06
5745,0.048445009042153,0.0,0.0,0.0,0.0,0.048445009042153,0.0,2.3292835435961066,0.27,0.06
5746,0.048445009042153,0.0,0.0,4.163336342344337e-17,0.0,0.04844500904215304,0.0,2.3165348570060664,0.27,0.06
5747,0.0580143935443065,0.0,0.0,0.0,0.0,0.0580143935443065,0.0,2.301267911336512,0.27,0.06
5748,0.0580143935443065,0.0,0.0,0.0,0.0,0.0580143935443065,0.0,2.2860009656669575,0.27,0.06
5749,0.04525521420810175,0.0,0.0,0.0,0.0,0.04525521420810175,0.0,2.2740916987700888,0.27,0.06
5750,0.04525521420810175,0.0,0.0,0.0,0.0,0.04525521420810175,0.0,2.2621824318732195,0.27,0.06
5751,0.050438630813435,0.0,0.0,0.0,0.0,0.050438630813435,0.0,2.2489091079749475,0.27,0.06
5752,0.050438630813435,0.0,0.0,0.0,0.0,0.050438630813435,0.0,2.235635784076675,0.27,0.06
5753,0.0669856915150755,0.0,0.0,0.0,0.0,0.0669856915150755,0.0,2.218007970520076,0.27,0.06
5754,0.0669856915150755,0.0,0.0,0.0,0.0,0.0669856915150755,0.0,2.2003801569634773,0.27,0.06
5755,0.0639952588581525,0.0,0.0,1.3877787807814457e-17,0.0,0.06399525885815252,0.0,2.1835392993692264,0.27,0.06
5756,0.0639952588581525,0.0,0.0,0.0,0.0,0.0639952588581525,0.0,2.166698441774976,0.27,0.06
5757,0.048445009042153,0.0,0.0,0.0,0.0,0.048445009042153,0.0,2.153949755184936,0.27,0.06
5758,0.048445009042153,0.0,0.0,0.0,0.0,0.048445009042153,0.0,2.1412010685948957,0.27,0.06
5759,0.135765642624305,0.0,0.0,0.0,0.0,0.135765642624305,0.0,2.105473267904289,0.27,0.06
5760,0.135765642624305,0.0,0.0,0.0,0.0,0.135765642624305,0.0,2.0697454672136826,0.27,0.06
5761,0.1104466461290235,0.0,0.0,0.0,0.0,0.1104466461290235,0.0,2.040680560337624,0.27,0.06
5762,0.1104466461290235,0.0,0.0,0.0,0.0,0.1104466461290235,0.0,2.011615653461565,0.27,0.06
5763,0.05781503136717825,0.0,0.0,0.0,0.0,0.05781503136717825,0.0,1.9964011715228338,0.27,0.06
5764,0.05781503136717825,0.0,0.0,-6.938893903907228e-18,0.0,0.05781503136717824,0.0,1.9811866895841026,0.27,0.06
5765,0.032695397049025,0.0,0.0,0.0,0.0,0.032695397049025,0.0,1.9725826377290958,0.27,0.06
5766,0.032695397049025,0.0,0.0,0.0,0.0,0.032695397049025,0.0,1.9639785858740892,0.27,0.06
5767,0.02651516955805075,0.0,0.0,0.0,0.0,0.02651516955805075,0.0,1.9570009096746022,0.27,0.06
5768,0.02651516955805075,0.0,0.0,0.0,0.0,0.02651516955805075,0.0,1.950023233475115,0.27,0.06
5769,0.02412282343251235,0.0,0.0,0.0,0.0,0.02412282343251235,0.0,1.9436751220455066,0.27,0.06
5770,0.02412282343251235,0.0,0.0,0.0,0.0,0.02412282343251235,0.0,1.9373270106158982,0.27,0.06
5771,0.03289475922615325,0.0,0.0,0.0,0.0,0.03289475922615325,0.0,1.9286704950300684,0.27,0.06
5772,0.03289475922615325,0.0,0.0,0.0,0.0,0.03289475922615325,0.0,1.9200139794442386,0.27,0.06
5773,0.02212920166123035,0.0,0.0,0.0,0.0,0.02212920166123035,0.0,1.914190505322862,0.27,0.06
5774,0.02212920166123035,0.0,0.0,0.0,0.0,0.02212920166123035,0.0,1.9083670312014858,0.27,0.06
5775,0.02432218560964055,0.0,0.0,6.938893903907228e-18,0.0,0.024322185609640556,0.0,1.901966456041054,0.27,0.06
5776,0.02432218560964055,0.0,0.0,0.0,0.0,0.02432218560964055,0.0,1.8955658808806224,0.27,0.06
5777,0.0175438715872817,0.0,0.0,-3.469446951953614e-18,0.0,0.017543871587281698,0.0,1.8909490725681797,0.27,0.06
5778,0.0175438715872817,0.0,0.0,0.0,0.0,0.0175438715872817,0.0,1.8863322642557372,0.27,0.06
5779,0.014154714576102276,0.0,0.0,0.0,0.0,0.014154714576102276,0.0,1.8826073393672893,0.27,0.06
5780,0.014154714576102276,0.0,0.0,0.0,0.0,0.014154714576102276,0.0,1.8788824144788414,0.27,0.06
5781,0.02192983948410215,0.0,0.0,3.469446951953614e-18,0.0,0.021929839484102154,0.0,1.8731114040882881,0.27,0.06
5782,0.02192983948410215,0.0,0.0,1.3877787807814457e-17,0.0,0.021929839484102164,0.0,1.8673403936977349,0.27,0.06
5783,0.0311004996319995,0.0,0.0,0.0,0.0,0.0311004996319995,0.0,1.859156051689314,0.27,0.06
5784,0.0311004996319995,0.0,0.0,0.0,0.0,0.0311004996319995,0.0,1.850971709680893,0.27,0.06
5785,0.03149922398625575,0.0,0.0,0.0,0.0,0.03149922398625575,0.0,1.842682440210826,0.27,0.06
5786,0.03149922398625575,0.0,0.0,0.0,0.0,0.03149922398625575,0.0,1.8343931707407586,0.27,0.06
5787,0.03688200276871725,0.0,0.0,0.0,0.0,0.03688200276871725,0.0,1.8246873805384645,0.27,0.06
5788,0.03688200276871725,0.0,0.0,0.0,0.0,0.03688200276871725,0.0,1.8149815903361703,0.27,0.06
5789,0.02432218560964055,0.00012147281802957506,0.0,0.0,0.0,0.024200712791610974,0.0,1.8086129817067993,0.27,0.06
5790,0.02432218560964055,0.012532547131222652,0.0,0.0,0.0,0.011789638478417897,0.0,1.8055104452651103,0.27,0.06
5791,0.0370813649458455,0.02057698991196151,0.0,0.0,0.0,0.016504375033883988,0.0,1.801167188677246,0.27,0.06
5792,0.0370813649458455,0.01997623320737348,0.0,0.0,0.0,0.01710513173847202,0.0,1.7966658382197533,0.27,0.06
5793,0.028708153506461,0.010698176335860222,0.0,0.0,0.0,0.018009977170600776,0.0,1.7919263705432795,0.27,0.06
5794,0.028708153506461,0.00900890793406671,0.0,0.0,0.0,0.01969924557239429,0.0,1.7867423585505442,0.27,0.06
5795,0.02472090996389695,0.015626370188015562,0.0,0.0,0.0,0.009094539775881389,0.0,1.7843490586095228,0.27,0.06
5796,0.02472090996389695,0.029027241780983554,0.0,0.004306331817086603,0.0,0.0,0.0,1.7843490586095228,0.27,0.06
5797,0.070374848526255,0.10872405700510987,0.0,-8.326672684688674e-16,0.0383492084788557,0.0,0.0,1.793456995623251,0.27,0.06
5798,0.070374848526255,0.08838879608777737,0.0,0.018013947561522373,0.0,0.0,0.0,1.793456995623251,0.27,0.06
5799,0.0320973105176405,0.10637384294848348,0.0,0.0,0.07427653243084298,0.0,0.0,1.811097672075576,0.27,0.06
5800,0.0320973105176405,0.13839728583936056,0.0,0.0,0.10629997532172006,0.0,0.0,1.8363439162144846,0.27,0.06
5801,0.03289475922615325,0.03791451517845015,0.0,0.005019755952296902,0.0,0.0,0.0,1.8363439162144846,0.27,0.06
5802,0.03289475922615325,0.09045359780254177,0.0,0.0,0.057558838576388514,0.0,0.0,1.8500141403763768,0.27,0.06
5803,0.0382775380086145,0.048419610536602146,0.0,0.010142072527987649,0.0,0.0,0.0,1.8500141403763768,0.27,0.06
5804,0.0382775380086145,0.07736584606963481,0.0,4.163336342344337e-17,0.039088308061020274,0.0,0.0,1.8592976135408692,0.27,0.06
5805,0.0311004996319995,0.15253267148546293,0.0,0.0,0.12143217185346343,0.0,0.0,1.8881377543560665,0.27,0.06
5806,0.0311004996319995,0.2109055619934403,0.0,0.0,0.17980506236144078,0.0,0.0,1.9308414566669088,0.27,0.06
5807,0.02950560221497375,0.22792962325632937,0.0,0.0,0.19842402104135562,0.0,0.0,1.9779671616642307,0.27,0.06
5808,0.02950560221497375,0.15923064976672663,0.0,0.0,0.12972504755175288,0.0,0.0,2.0087768604577723,0.27,0.06
5809,0.02811006697507625,0.07469940651059664,0.0,-1.8041124150158794e-16,0.04658933953552058,0.0,0.0,2.019841828597458,0.27,0.06
5810,0.02811006697507625,0.08629476083419788,0.0,-3.191891195797325e-16,0.05818469385912195,0.0,0.0,2.033660693389,0.27,0.06
5811,0.270933198717225,0.7184734198679642,0.0,5.551115123125783e-16,0.44754022115073866,0.0,0.0,2.1399514959123,0.27,0.06
5812,0.270933198717225,0.46368910234541866,0.0,0.0,0.19275590362819367,0.0,0.0,2.185731023023996,0.27,0.06
5813,0.2807019453965075,0.7719807760210371,0.0,-7.771561172376096e-16,0.49127883062453037,0.0,0.0,2.302409745297322,0.27,0.06
5814,0.2807019453965075,0.6816714906590577,0.0,5.551115123125783e-16,0.4009695452625497,0.0,0.0,2.3976400122971775,0.27,0.06
5815,0.25039889447302,0.8569418844064528,0.0,1.1102230246251565e-16,0.6065429899334327,0.0,0.0,2.541693972406368,0.27,0.06
5816,0.25039889447302,0.8942640835929265,0.0,-6.661338147750939e-16,0.6438651891199072,0.0,0.0,2.6946119548223457,0.27,0.06
5817,0.013556628044717675,0.1315398499149554,0.0,0.0,0.11798322187023773,0.0,0.0,2.722632970016527,0.27,0.06
5818,0.013556628044717675,0.0977085183878299,0.0,0.0,0.08415189034311223,0.0,0.0,2.7426190439730163,0.27,0.06
5819,0.032695397049025,0.07303727205838603,0.0,0.0,0.04034187500936103,0.0,0.0,2.7522002392877396,0.27,0.06
5820,0.032695397049025,0.07388298783897519,0.0,0.0,0.04118759078995019,0.0,0.0,2.761982292100353,0.27,0.06
5821,0.087121271405024,0.11774474582641949,0.0,0.0,0.030623474421395486,0.0,0.0,2.7692553672754343,0.27,0.06
5822,0.087121271405024,0.06778300121529415,0.0,0.0,0.0,0.019338270189729848,0.0,2.7641663488044528,0.27,0.06
5823,0.02212920166123035,0.021793417185604704,0.0,0.0,0.0,0.0003357844756256452,0.0,2.764077984468762,0.27,0.06
5824,0.02212920166123035,0.0529698916266669,0.0,6.938893903907228e-18,0.03084068996543654,0.0,0.0,2.771402648335553,0.27,0.06
5825,0.09728874243856225,0.1545518599408163,0.0,5.551115123125783e-17,0.05726311750225399,0.0,0.0,2.785002638742338,0.27,0.06
5826,0.09728874243856225,0.1307018739546519,0.0,0.0,0.033413131516089656,0.0,0.0,2.7929382574774095,0.27,0.06
5827,0.0153508876388715,0.03094730631180789,0.0,0.0,0.01559641867293639,0.0,0.0,2.7966424069122318,0.27,0.06
5828,0.0153508876388715,0.03680938697472332,0.0,0.0,0.021458499335851824,0.0,0.0,2.8017388005044968,0.27,0.06
5829,0.0151515254617433,0.019077996027912547,0.0,0.0039264705661692465,0.0,0.0,0.0,2.8017388005044968,0.27,0.06
5830,0.0151515254617433,0.012764690792428226,0.0,0.0,0.0,0.0023868346693150747,0.0,2.801110686117835,0.27,0.06
5831,0.08552637398799826,0.02104229969654457,0.0,-1.3877787807814457e-17,0.0,0.06448407429145367,0.0,2.784141192883242,0.27,0.06
5832,0.08552637398799826,0.015124405214481867,0.0,0.0,0.0,0.07040196877351639,0.0,2.7656143589954745,0.27,0.06
5833,0.06818186457784475,0.007039488184067169,0.0,0.0,0.0,0.061142376393777585,0.0,2.7495242599444802,0.27,0.06
5834,0.06818186457784475,0.00435770778848938,0.0,0.0,0.0,0.06382415678935538,0.0,2.7327284292104395,0.27,0.06
5835,0.21730477306973925,0.0,0.0,0.0,0.0,0.21730477306973925,0.0,2.6755429626131395,0.27,0.06
5836,0.21730477306973925,0.0,0.0,-5.551115123125783e-17,0.0,0.2173047730697392,0.0,2.61835749601584,0.27,0.06
5837,0.046650749447999,0.0,0.0,0.0,0.0,0.046650749447999,0.0,2.6060809830032086,0.27,0.06
5838,0.046650749447999,0.0,0.0,0.0,0.0,0.046650749447999,0.0,2.5938044699905776,0.27,0.06
5839,0.04385967896820425,0.0,0.0,0.0,0.0,0.04385967896820425,0.0,2.582262449209471,0.27,0.06
5840,0.04385967896820425,0.0,0.0,-6.938893903907228e-18,0.0,0.043859678968204245,0.0,2.5707204284283645,0.27,0.06
5841,0.0470494738022555,0.0,0.0,0.0,0.0,0.0470494738022555,0.0,2.5583389879540865,0.27,0.06
5842,0.0470494738022555,0.0,0.0,0.0,0.0,0.0470494738022555,0.0,2.5459575474798086,0.27,0.06
5843,0.034689018820307,0.0,0.0,0.0,0.0,0.034689018820307,0.0,2.53682885831657,0.27,0.06
5844,0.034689018820307,0.0,0.0,6.938893903907228e-18,0.0,0.034689018820307005,0.0,2.5277001691533316,0.27,0.06
5845,0.018939406827179126,0.0,0.0,0.0,0.0,0.018939406827179126,0.0,2.5227161147251262,0.27,0.06
5846,0.018939406827179126,0.0,0.0,0.0,0.0,0.018939406827179126,0.0,2.5177320602969213,0.27,0.06
5847,0.032695397049025,0.0,0.0,0.0,0.0,0.032695397049025,0.0,2.5091280084419147,0.27,0.06
5848,0.032695397049025,0.0,0.0,0.0,0.0,0.032695397049025,0.0,2.500523956586908,0.27,0.06
5849,0.02950560221497375,0.0,0.0,0.0,0.0,0.02950560221497375,0.0,2.492759324425073,0.27,0.06
5850,0.02950560221497375,0.0,0.0,0.0,0.0,0.02950560221497375,0.0,2.484994692263238,0.27,0.06
5851,0.03050241310061475,0.0,0.0,0.0,0.0,0.03050241310061475,0.0,2.476967741447287,0.27,0.06
5852,0.03050241310061475,0.0,0.0,0.0,0.0,0.03050241310061475,0.0,2.4689407906313354,0.27,0.06
5853,0.02950560221497375,0.0,0.0,-3.469446951953614e-18,0.0,0.029505602214973746,0.0,2.4611761584695,0.27,0.06
5854,0.02950560221497375,0.0,0.0,0.0,0.0,0.02950560221497375,0.0,2.453411526307665,0.27,0.06
5855,0.02551835867240975,0.0,0.0,0.0,0.0,0.02551835867240975,0.0,2.446696168762294,0.27,0.06
5856,0.02551835867240975,0.0,0.0,0.0,0.0,0.02551835867240975,0.0,2.4399808112169232,0.27,0.06
5857,0.04126797066553775,0.0,0.0,0.0,0.0,0.04126797066553775,0.0,2.4291208189365183,0.27,0.06
5858,0.04126797066553775,0.0,0.0,0.0,0.0,0.04126797066553775,0.0,2.418260826656114,0.27,0.06
5859,0.0169457850558971,0.0,0.0,0.0,0.0,0.0169457850558971,0.0,2.413801409536141,0.27,0.06
5860,0.0169457850558971,0.0,0.0,0.0,0.0,0.0169457850558971,0.0,2.409341992416168,0.27,0.06
5861,0.012759179336204875,0.0,0.0,0.0,0.0,0.012759179336204875,0.0,2.4059843136434824,0.27,0.06
5862,0.012759179336204875,0.0,0.0,0.0,0.0,0.012759179336204875,0.0,2.402626634870797,0.27,0.06
5863,0.03149922398625575,0.0,0.0,0.0,0.0,0.03149922398625575,0.0,2.39433736540073,0.27,0.06
5864,0.03149922398625575,0.0,0.0,0.0,0.0,0.03149922398625575,0.0,2.3860480959306622,0.27,0.06
5865,0.02432218560964055,0.0,0.0,0.0,0.0,0.02432218560964055,0.0,2.379647520770231,0.27,0.06
5866,0.02432218560964055,0.0,0.0,0.0,0.0,0.02432218560964055,0.0,2.373246945609799,0.27,0.06
5867,0.02551835867240975,0.0,0.0,0.0,0.0,0.02551835867240975,0.0,2.366531588064428,0.27,0.06
5868,0.02551835867240975,0.0,0.0,0.0,0.0,0.02551835867240975,0.0,2.359816230519057,0.27,0.06
5869,0.03050241310061475,0.0,0.0,0.0,0.0,0.03050241310061475,0.0,2.3517892797031057,0.27,0.06
5870,0.03050241310061475,0.0,0.0,6.938893903907228e-18,0.0,0.03050241310061476,0.0,2.3437623288871547,0.27,0.06
5871,0.020933028598461124,0.0,0.0,0.0,0.0,0.020933028598461124,0.0,2.3382536371507174,0.27,0.06
5872,0.020933028598461124,0.0,0.0,0.0,0.0,0.020933028598461124,0.0,2.33274494541428,0.27,0.06
5873,0.0253189964952815,0.0,0.0,6.938893903907228e-18,0.0,0.025318996495281507,0.0,2.3260820515997325,0.27,0.06
5874,0.0253189964952815,0.0,0.0,0.0,0.0,0.0253189964952815,0.0,2.319419157785185,0.27,0.06
5875,0.0330941214032815,0.0,0.0,0.0,0.0,0.0330941214032815,0.0,2.3107101784685318,0.27,0.06
5876,0.0330941214032815,0.0,0.0,0.0,0.0,0.0330941214032815,0.0,2.3020011991518787,0.27,0.06
5877,0.02392346125538415,0.0,0.0,0.0,0.0,0.02392346125538415,0.0,2.2957055514530933,0.27,0.06
5878,0.02392346125538415,0.0,0.0,0.0,0.0,0.02392346125538415,0.0,2.289409903754308,0.27,0.06
5879,0.021331752952717525,0.0,0.0,0.0,0.0,0.021331752952717525,0.0,2.283796284556224,0.27,0.06
5880,0.021331752952717525,0.0,0.0,0.0,0.0,0.021331752952717525,0.0,2.2781826653581407,0.27,0.06
5881,0.0181419581186663,0.0,0.0,0.0,0.0,0.0181419581186663,0.0,2.2734084658532288,0.27,0.06
5882,0.0181419581186663,0.0,0.0,0.0,0.0,0.0181419581186663,0.0,2.2686342663483163,0.27,0.06
5883,0.0153508876388715,0.0,0.0,5.204170427930421e-18,0.0,0.015350887638871505,0.0,2.2645945590749292,0.27,0.06
5884,0.0153508876388715,0.0,0.0,1.3877787807814457e-17,0.0,0.015350887638871514,0.0,2.2605548518015417,0.27,0.06
5885,0.03767945147723,0.0017750899915080452,0.0,0.0,0.0,0.03590436148572196,0.0,2.2511063356210887,0.27,0.06
5886,0.03767945147723,0.007807219546683867,0.0,0.0,0.0,0.029872231930546132,0.0,2.2432452219551555,0.27,0.06
5887,0.03289475922615325,0.014555365922828101,0.0,0.0,0.0,0.018339393303325152,0.0,2.2384190658227014,0.27,0.06
5888,0.03289475922615325,0.011001286285804704,0.0,0.0,0.0,0.021893472940348546,0.0,2.2326576255752415,0.27,0.06
5889,0.0480462846878965,0.015686652558809838,0.0,0.0,0.0,0.03235963212908666,0.0,2.224141932909692,0.27,0.06
5890,0.0480462846878965,0.05655197601220968,0.0,0.008505691324313183,0.0,0.0,0.0,2.224141932909692,0.27,0.06
5891,0.04685011162512725,0.06519824700741161,0.0,0.0,0.018348135382284365,0.0,0.0,2.2284996150629848,0.27,0.06
5892,0.04685011162512725,0.043074898124664085,0.0,0.0,0.0,0.0037752135004631635,0.0,2.227506137826021,0.27,0.06
5893,0.03448965664317875,0.042565019548572336,0.0,2.0816681711721685e-17,0.008075362905393568,0.0,0.0,2.229424036516052,0.27,0.06
5894,0.03448965664317875,0.04662809832539811,0.0,0.0,0.012138441682219364,0.0,0.0,2.232306916415579,0.27,0.06
5895,0.0311004996319995,0.07640037152032692,0.0,1.249000902703301e-16,0.04529987188832729,0.0,0.0,2.2430656359890566,0.27,0.06
5896,0.0311004996319995,0.10660187287421642,0.0,0.0,0.07550137324221692,0.0,0.0,2.2609972121340833,0.27,0.06
5897,0.02950560221497375,0.09416524601883453,0.0,8.326672684688674e-17,0.06465964380386069,0.0,0.0,2.2763538775375003,0.27,0.06
5898,0.02950560221497375,0.0650992905417083,0.0,-1.6653345369377348e-16,0.03559368832673471,0.0,0.0,2.2848073785151,0.27,0.06
5899,0.02811006697507625,0.06873555886278987,0.0,4.85722573273506e-16,0.04062549188771314,0.0,0.0,2.294455932838431,0.27,0.06
5900,0.02811006697507625,0.09359126954377067,0.0,4.163336342344337e-17,0.06548120256869439,0.0,0.0,2.310007718448496,0.27,0.06
5901,0.0440590411453325,0.15019529626421732,0.0,0.0,0.10613625511888482,0.0,0.0,2.335215079039231,0.27,0.06
5902,0.0440590411453325,0.33522934336422744,0.0,4.440892098500626e-16,0.2911703022188945,0.0,0.0,2.4043680258162183,0.27,0.06
5903,0.0340909322889225,0.4108980367069539,0.0,3.885780586188048e-16,0.376807104418031,0.0,0.0,2.493859713115501,0.27,0.06
5904,0.0340909322889225,0.3134779094298709,0.0,1.1102230246251565e-16,0.2793869771409483,0.0,0.0,2.5602141201864765,0.27,0.06
5905,0.021132390775589326,0.09723282427146814,0.0,0.0,0.0761004334958788,0.0,0.0,2.5782879731417476,0.27,0.06
5906,0.021132390775589326,0.049886167082326474,0.0,0.0,0.028753776306737148,0.0,0.0,2.5851169950145976,0.27,0.06
5907,0.2870815550008275,0.2486662868477796,0.0,0.0,0.0,0.03841526815304788,0.0,2.57500771392169,0.27,0.06
5908,0.2870815550008275,0.39608903830505393,0.0,0.0,0.10900748330422644,0.0,0.0,2.6008969912064437,0.27,0.06
5909,0.2870815550008275,0.44546236993069377,0.0,0.0,0.15838081492986628,0.0,0.0,2.638512434752287,0.27,0.06
5910,0.2870815550008275,0.488286870683279,0.0,0.0,0.20120531568245148,0.0,0.0,2.6862986972268694,0.27,0.06
5911,0.14433821624081775,0.43315874336685745,0.0,-3.3306690738754696e-16,0.28882052712604,0.0,0.0,2.7548935724193035,0.27,0.06
5912,0.14433821624081775,0.267085681790623,0.0,0.0,0.12274746554980523,0.0,0.0,2.7840460954873825,0.27,0.06
5913,0.0608054640241015,0.15735272619651644,0.0,0.0,0.09654726217241494,0.0,0.0,2.806976070253331,0.27,0.06
5914,0.0608054640241015,0.1577514164022453,0.0,0.0,0.0969459523781438,0.0,0.0,2.83000073394314,0.27,0.06
5915,0.074362092068819,0.11790224810466617,0.0,1.249000902703301e-16,0.043540156035847044,0.0,0.0,2.840341521001654,0.27,0.06
5916,0.074362092068819,0.09117377347702736,0.0,0.016811681408208365,0.0,0.0,0.0,2.840341521001654,0.27,0.06
5917,0.02452154778676875,0.041729136600796524,0.0,4.5102810375396984e-17,0.01720758881402773,0.0,0.0,2.8444283233449856,0.27,0.06
5918,0.02452154778676875,0.06666754473583567,0.0,-4.163336342344337e-17,0.042145996949066955,0.0,0.0,2.854437997620389,0.27,0.06
5919,0.09051042841620326,0.09431684005788521,0.0,0.0,0.0038064116416819532,0.0,0.0,2.855342020385288,0.27,0.06
5920,0.09051042841620326,0.1270812880284833,0.0,0.0,0.03657085961228006,0.0,0.0,2.8640275995432045,0.27,0.06
5921,0.021730477306973923,0.08853301405092825,0.0,0.0,0.06680253674395434,0.0,0.0,2.8798932020198937,0.27,0.06
5922,0.021730477306973923,0.048412239175457124,0.0,0.0,0.0266817618684832,0.0,0.0,2.8862301204636585,0.27,0.06
5923,0.07894742214276775,0.130360767557307,0.0,-5.412337245047638e-16,0.05141334541453979,0.0,0.0,2.898440789999612,0.27,0.06
5924,0.07894742214276775,0.10373763908101873,0.0,0.0,0.02479021693825098,0.0,0.0,2.9043284665224465,0.27,0.06
5925,0.02332537472399955,0.027202097676799066,0.0,0.0038767229527995155,0.0,0.0,0.0,2.9043284665224465,0.27,0.06
5926,0.02332537472399955,0.01809778412772827,0.0,0.0,0.0,0.00522759059627128,0.0,2.9029527847865855,0.27,0.06
5927,0.020534304244204726,0.015276908079697822,0.0,0.0,0.0,0.005257396164506904,0.0,2.9015692594801363,0.27,0.06
5928,0.020534304244204726,0.0046793896067206485,0.0,0.0,0.0,0.015854914637484077,0.0,2.8973969135229036,0.27,0.06
5929,0.086124460519383,0.0016505201786111213,0.0,0.0,0.0,0.08447394034077188,0.0,2.8751669292227007,0.27,0.06
5930,0.086124460519383,0.0,0.0,0.0,0.0,0.086124460519383,0.0,2.8525025975070735,0.27,0.06
5931,0.02850879132933275,0.0,0.0,0.0,0.0,0.02850879132933275,0.0,2.8450002839993545,0.27,0.06
5932,0.02850879132933275,0.0,0.0,0.0,0.0,0.02850879132933275,0.0,2.837497970491635,0.27,0.06
5933,0.16905912620471475,0.0,0.0,0.0,0.0,0.16905912620471475,0.0,2.793008726753552,0.27,0.06
5934,0.16905912620471475,0.0,0.0,0.0,0.0,0.16905912620471475,0.0,2.7485194830154693,0.27,0.06
5935,0.06539079409805,0.0,0.0,0.0,0.0,0.06539079409805,0.0,2.731311379305456,0.27,0.06
5936,0.06539079409805,0.0,0.0,0.0,0.0,0.06539079409805,0.0,2.714103275595443,0.27,0.06
5937,0.05522332306451175,0.0,0.0,0.0,0.0,0.05522332306451175,0.0,2.6995708221574137,0.27,0.06
5938,0.05522332306451175,0.0,0.0,0.0,0.0,0.05522332306451175,0.0,2.685038368719384,0.27,0.06
5939,0.0181419581186663,0.0,0.0,0.0,0.0,0.0181419581186663,0.0,2.680264169214472,0.27,0.06
5940,0.0181419581186663,0.0,0.0,0.0,0.0,0.0181419581186663,0.0,2.67548996970956,0.27,0.06
5941,0.02352473690112775,0.0,0.0,0.0,0.0,0.02352473690112775,0.0,2.669299249472421,0.27,0.06
5942,0.02352473690112775,0.0,0.0,0.0,0.0,0.02352473690112775,0.0,2.6631085292352825,0.27,0.06
5943,0.0173445094101535,0.0,0.0,0.0,0.0,0.0173445094101535,0.0,2.658544184653663,0.27,0.06
5944,0.0173445094101535,0.0,0.0,0.0,0.0,0.0173445094101535,0.0,2.6539798400720436,0.27,0.06
5945,0.019537493358563723,0.0,0.0,0.0,0.0,0.019537493358563723,0.0,2.648838394451369,0.27,0.06
5946,0.019537493358563723,0.0,0.0,0.0,0.0,0.019537493358563723,0.0,2.6436969488306943,0.27,0.06
5947,0.032695397049025,0.0,0.0,2.7755575615628914e-17,0.0,0.03269539704902503,0.0,2.6350928969756877,0.27,0.06
5948,0.032695397049025,0.0,0.0,0.0,0.0,0.032695397049025,0.0,2.626488845120681,0.27,0.06
5949,0.0480462846878965,0.0,0.0,0.0,0.0,0.0480462846878965,0.0,2.6138450859922875,0.27,0.06
5950,0.0480462846878965,0.0,0.0,0.0,0.0,0.0480462846878965,0.0,2.601201326863894,0.27,0.06
5951,0.17324573192440676,0.0,0.0,0.0,0.0,0.17324573192440676,0.0,2.5556103447785237,0.27,0.06
5952,0.17324573192440676,0.0,0.0,0.0,0.0,0.17324573192440676,0.0,2.5100193626931535,0.27,0.06
5953,0.04246414372830675,0.0,0.0,0.0,0.0,0.04246414372830675,0.0,2.4988445880278096,0.27,0.06
5954,0.04246414372830675,0.0,0.0,0.0,0.0,0.04246414372830675,0.0,2.4876698133624657,0.27,0.06
5955,0.0360845540602045,0.0,0.0,0.0,0.0,0.0360845540602045,0.0,2.4781738780834646,0.27,0.06
5956,0.0360845540602045,0.0,0.0,0.0,0.0,0.0360845540602045,0.0,2.4686779428044634,0.27,0.06
5957,0.0312998618091275,0.0,0.0,0.0,0.0,0.0312998618091275,0.0,2.460441137065219,0.27,0.06
5958,0.0312998618091275,0.0,0.0,0.0,0.0,0.0312998618091275,0.0,2.452204331325975,0.27,0.06
5959,0.018740044650050924,0.0,0.0,3.469446951953614e-18,0.0,0.018740044650050927,0.0,2.4472727406285935,0.27,0.06
5960,0.018740044650050924,0.0,0.0,0.0,0.0,0.018740044650050924,0.0,2.4423411499312118,0.27,0.06
5961,0.0303030509234865,0.0,0.0,0.0,0.0,0.0303030509234865,0.0,2.4343666628460836,0.27,0.06
5962,0.0303030509234865,0.0,0.0,0.0,0.0,0.0303030509234865,0.0,2.4263921757609554,0.27,0.06
5963,0.02890751568358925,0.0,0.0,-2.7755575615628914e-17,0.0,0.02890751568358922,0.0,2.41878493479159,0.27,0.06
5964,0.02890751568358925,0.0,0.0,0.0,0.0,0.02890751568358925,0.0,2.4111776938222245,0.27,0.06
5965,0.019936217712820125,0.0,0.0,0.0,0.0,0.019936217712820125,0.0,2.4059313207399033,0.27,0.06
5966,0.019936217712820125,0.0,0.0,-3.469446951953614e-18,0.0,0.01993621771282012,0.0,2.4006849476575822,0.27,0.06
5967,0.02372409907825595,0.0,0.0,0.0,0.0,0.02372409907825595,0.0,2.3944417636896205,0.27,0.06
5968,0.02372409907825595,0.0,0.0,0.0,0.0,0.02372409907825595,0.0,2.3881985797216583,0.27,0.06
5969,0.02212920166123035,0.0,0.0,0.0,0.0,0.02212920166123035,0.0,2.382375105600281,0.27,0.06
5970,0.02212920166123035,0.0,0.0,0.0,0.0,0.02212920166123035,0.0,2.376551631478905,0.27,0.06
5971,0.132775209967382,0.0,0.0,0.0,0.0,0.132775209967382,0.0,2.3416107867506466,0.27,0.06
5972,0.132775209967382,0.0,0.0,0.0,0.0,0.132775209967382,0.0,2.3066699420223884,0.27,0.06
5973,0.0263158073809225,0.0,0.0,0.0,0.0,0.0263158073809225,0.0,2.2997447295537246,0.27,0.06
5974,0.0263158073809225,0.0,0.0,0.0,0.0,0.0263158073809225,0.0,2.2928195170850607,0.27,0.06
5975,0.021331752952717525,0.0,0.0,0.0,0.0,0.021331752952717525,0.0,2.2872058978869774,0.27,0.06
5976,0.021331752952717525,0.0,0.0,0.0,0.0,0.021331752952717525,0.0,2.2815922786888936,0.27,0.06
5977,0.03090113745487125,0.0,0.0,0.0,0.0,0.03090113745487125,0.0,2.2734604004112957,0.27,0.06
5978,0.03090113745487125,0.0,0.0,0.0,0.0,0.03090113745487125,0.0,2.2653285221336983,0.27,0.06
5979,0.0167464228787689,0.0,0.0,0.0,0.0,0.0167464228787689,0.0,2.2609215687445485,0.27,0.06
5980,0.0167464228787689,0.0,0.0,0.0,0.0,0.0167464228787689,0.0,2.2565146153553988,0.27,0.06
5981,0.0171451472330253,0.00012008723904899803,0.0,0.0,0.0,0.017025059993976303,0.0,2.2520343364096154,0.27,0.06
5982,0.0171451472330253,0.005456275662063199,0.0,0.0,0.0,0.0116888715709621,0.0,2.2489583175751515,0.27,0.06
5983,0.0659888806294345,0.025407394268010617,0.0,0.0,0.0,0.04058148636142389,0.0,2.2382789790589874,0.27,0.06
5984,0.0659888806294345,0.031017154655190504,0.0,0.0,0.0,0.034971725974244,0.0,2.2290758932762915,0.27,0.06
5985,0.13058222601897174,0.06397417280881326,0.0,0.0,0.0,0.06660805321015847,0.0,2.211547458220987,0.27,0.06
5986,0.13058222601897174,0.07607552619653508,0.0,0.0,0.0,0.05450669982243665,0.0,2.1972035898466613,0.27,0.06
5987,0.05522332306451175,0.0618233137435394,0.0,0.006599990679027654,0.0,0.0,0.0,2.1972035898466613,0.27,0.06
5988,0.05522332306451175,0.06995373894805758,0.0,0.0,0.01473041588354583,0.0,0.0,2.2007020636190036,0.27,0.06
5989,0.100079812918357,0.14260874557850386,0.0,-1.3877787807814457e-17,0.04252893266014687,0.0,0.0,2.2108026851257883,0.27,0.06
5990,0.100079812918357,0.15103841483483893,0.0,-5.689893001203927e-16,0.05095860191648249,0.0,0.0,2.222905353080953,0.27,0.06
5991,0.02691389391230725,0.07249131060144395,0.0,4.163336342344337e-16,0.045577416689136285,0.0,0.0,2.2337299895446225,0.27,0.06
5992,0.02691389391230725,0.06923889558583692,0.0,8.465450562766819e-16,0.04232500167352882,0.0,0.0,2.243782177442086,0.27,0.06
5993,0.02372409907825595,0.1321644393735769,0.0,0.0,0.10844034029532093,0.0,0.0,2.2695367582622246,0.27,0.06
5994,0.02372409907825595,0.1313048099560575,0.0,0.0,0.10758071087780155,0.0,0.0,2.2950871770957026,0.27,0.06
5995,0.0159489741702561,0.10477179812233631,0.0,0.0,0.08882282395208022,0.0,0.0,2.3161825977843216,0.27,0.06
5996,0.0159489741702561,0.07759364841409573,0.0,0.0,0.06164467424383963,0.0,0.0,2.3308232079172333,0.27,0.06
5997,0.0143540767532305,0.10143858410450096,0.0,0.0,0.08708450735127046,0.0,0.0,2.35150577841316,0.27,0.06
5998,0.0143540767532305,0.2421553292417923,0.0,0.0,0.2278012524885618,0.0,0.0,2.4056085758791936,0.27,0.06
5999,0.028708153506461,0.17336561359823147,0.0,0.0,0.14465746009177047,0.0,0.0,2.439964722650989,0.27,0.06
6000,0.028708153506461,0.19738961428995816,0.0,0.0,0.16868146078349716,0.0,0.0,2.4800265695870696,0.27,0.06
6001,0.02811006697507625,0.2995640129448472,0.0,-1.6653345369377348e-16,0.2714539459697711,0.0,0.0,2.54449688175489,0.27,0.06
6002,0.02811006697507625,0.17952006170630863,0.0,0.0,0.15140999473123237,0.0,0.0,2.580456755503558,0.27,0.06
6003,0.2878789837731225,0.7119513261862165,0.0,-1.1102230246251565e-16,0.4240723424130941,0.0,0.0,2.6811739368266676,0.27,0.06
6004,0.2878789837731225,0.8547502091210053,0.0,0.0,0.5668712253478828,0.0,0.0,2.8158058528467897,0.27,0.06
6005,0.28927451901302,0.7062582237338736,0.0,-6.106226635438361e-16,0.4169837047208542,0.0,0.0,2.9148394827179924,0.27,0.06
6006,0.28927451901302,0.6457737741949487,0.0,0.0,0.35649925518192876,0.0,0.0,2.999508055823701,0.27,0.06
6007,0.11901921974553625,0.4120606874906083,0.0,3.885780586188048e-16,0.29304146774507167,0.0,0.0,3.0691054044131554,0.27,0.06
6008,0.11901921974553625,0.48605494342948197,0.0,5.551115123125783e-17,0.36703572368394566,0.0,0.0,3.1562763887880925,0.27,0.06
6009,0.0165470607016407,0.1759830216649865,0.0,0.0,0.1594359609633458,0.0,0.0,3.194142429516887,0.27,0.06
6010,0.0165470607016407,0.07417587755818797,0.0,1.8735013540549517e-16,0.05762881685654708,0.0,0.0,3.207829273520317,0.27,0.06
6011,0.08054231955979325,0.30616337143660677,0.0,0.0,0.22562105187681353,0.0,0.0,3.2614142733410603,0.27,0.06
6012,0.08054231955979325,0.24690651244792297,0.0,0.0,0.1663641928881297,0.0,0.0,3.300925769151991,0.27,0.06
6013,0.020334942067076527,0.07363700532615722,0.0,5.342948306008566e-16,0.05330206325908016,0.0,0.0,3.3135850091760224,0.27,0.06
6014,0.020334942067076527,0.07108582794508568,0.0,-7.563394355258879e-16,0.05075088587800991,0.0,0.0,3.3256383445720497,0.27,0.06
6015,0.09689001808430575,0.17211523629026662,0.0,0.0,0.07522521820596087,0.0,0.0,3.3435043338959662,0.27,0.06
6016,0.09689001808430575,0.1180449053089456,0.0,0.0,0.021154887224639846,0.0,0.0,3.3485286196118182,0.27,0.06
6017,0.0320973105176405,0.04419390879834764,0.0,0.0,0.012096598280707145,0.0,0.0,3.351401561703486,0.27,0.06
6018,0.0320973105176405,0.016671034807936937,0.0,0.0,0.0,0.01542627570970356,0.0,3.3473420154640903,0.27,0.06
6019,0.03927434889425575,0.015948832111953568,0.0,0.0,0.0,0.023325516782302186,0.0,3.341203721574011,0.27,0.06
6020,0.03927434889425575,0.021378412174891736,0.0,0.0,0.0,0.017895936719364017,0.0,3.3364942645425995,0.27,0.06
6021,0.06818186457784475,0.01939425125028252,0.0,0.0,0.0,0.048787613327562235,0.0,3.323655418930083,0.27,0.06
6022,0.06818186457784475,0.010584197888993964,0.0,0.0,0.0,0.05759766668885079,0.0,3.308498138222491,0.27,0.06
6023,0.0163476985245125,0.0023265119279570015,0.0,0.0,0.0,0.0140211865965555,0.0,3.3048083522760288,0.27,0.06
6024,0.0163476985245125,0.0013027097264153486,0.0,1.734723475976807e-18,0.0,0.015044988798097153,0.0,3.3008491446975823,0.27,0.06
6025,0.3301437653243025,0.01233470283079611,0.0,0.0,0.0,0.3178090624935064,0.0,3.2172151808835014,0.27,0.06
6026,0.3301437653243025,0.0019863100135321856,0.0,0.0,0.0,0.32815745531077034,0.0,3.1308579558017198,0.27,0.06
6027,0.3480863812020575,0.0,0.0,0.0,0.0,0.3480863812020575,0.0,3.0392562765380204,0.27,0.06
6028,0.3480863812020575,0.0,0.0,0.0,0.0,0.3480863812020575,0.0,2.947654597274321,0.27,0.06
6029,0.062400361441127,0.0,0.0,4.163336342344337e-17,0.0,0.06240036144112704,0.0,2.931233449526656,0.27,0.06
6030,0.062400361441127,0.0,0.0,0.0,0.0,0.062400361441127,0.0,2.914812301778991,0.27,0.06
6031,0.04984054428205025,0.0,0.0,0.0,0.0,0.04984054428205025,0.0,2.9016963690731883,0.27,0.06
6032,0.04984054428205025,0.0,0.0,0.0,0.0,0.04984054428205025,0.0,2.888580436367385,0.27,0.06
6033,0.038676262362871,0.0,0.0,6.938893903907228e-18,0.0,0.03867626236287101,0.0,2.8784024725876822,0.27,0.06
6034,0.038676262362871,0.0,0.0,0.0,0.0,0.038676262362871,0.0,2.8682245088079794,0.27,0.06
6035,0.0293062400378455,0.0,0.0,3.469446951953614e-18,0.0,0.029306240037845502,0.0,2.8605123403769674,0.27,0.06
6036,0.0293062400378455,0.0,0.0,1.3877787807814457e-17,0.0,0.029306240037845512,0.0,2.8528001719459555,0.27,0.06
6037,0.0151515254617433,0.0,0.0,0.0,0.0,0.0151515254617433,0.0,2.8488129284033916,0.27,0.06
6038,0.0151515254617433,0.0,0.0,0.0,0.0,0.0151515254617433,0.0,2.8448256848608278,0.27,0.06
6039,0.02771134262082,0.0,0.0,0.0,0.0,0.02771134262082,0.0,2.8375332262764017,0.27,0.06
6040,0.02771134262082,0.0,0.0,0.0,0.0,0.02771134262082,0.0,2.830240767691975,0.27,0.06
6041,0.04425840332246075,0.0,0.0,0.0,0.0,0.04425840332246075,0.0,2.818593819449222,0.27,0.06
6042,0.04425840332246075,0.0,0.0,-2.7755575615628914e-17,0.0,0.04425840332246072,0.0,2.806946871206469,0.27,0.06
6043,0.04226478155117875,0.0,0.0,0.0,0.0,0.04226478155117875,0.0,2.7958245602719485,0.27,0.06
6044,0.04226478155117875,0.0,0.0,0.0,0.0,0.04226478155117875,0.0,2.784702249337428,0.27,0.06
6045,0.054425874355999,0.0,0.0,0.0,0.0,0.054425874355999,0.0,2.7703796508226914,0.27,0.06
6046,0.054425874355999,0.0,0.0,0.0,0.0,0.054425874355999,0.0,2.756057052307955,0.27,0.06
6047,0.058413117898563,0.0,0.0,0.0,0.0,0.058413117898563,0.0,2.740685179176754,0.27,0.06
6048,0.058413117898563,0.0,0.0,0.0,0.0,0.058413117898563,0.0,2.725313306045553,0.27,0.06
6049,0.04545457638523,0.0,0.0,0.0,0.0,0.04545457638523,0.0,2.7133515754178608,0.27,0.06
6050,0.04545457638523,0.0,0.0,0.0,0.0,0.04545457638523,0.0,2.7013898447901687,0.27,0.06
6051,0.059409928784204,0.0,0.0,0.0,0.0,0.059409928784204,0.0,2.685755653004852,0.27,0.06
6052,0.059409928784204,0.0,0.0,0.0,0.0,0.059409928784204,0.0,2.670121461219535,0.27,0.06
6053,0.02492027214102515,0.0,0.0,0.0,0.0,0.02492027214102515,0.0,2.663563494866634,0.27,0.06
6054,0.02492027214102515,0.0,0.0,0.0,0.0,0.02492027214102515,0.0,2.6570055285137326,0.27,0.06
6055,0.026714531735179,0.0,0.0,0.0,0.0,0.026714531735179,0.0,2.6499753885834223,0.27,0.06
6056,0.026714531735179,0.0,0.0,0.0,0.0,0.026714531735179,0.0,2.6429452486531124,0.27,0.06
6057,0.020135579889948324,0.0,0.0,0.0,0.0,0.020135579889948324,0.0,2.637646411839968,0.27,0.06
6058,0.020135579889948324,0.0,0.0,0.0,0.0,0.020135579889948324,0.0,2.6323475750268237,0.27,0.06
6059,0.021331752952717525,0.0,0.0,0.0,0.0,0.021331752952717525,0.0,2.62673395582874,0.27,0.06
6060,0.021331752952717525,0.0,0.0,0.0,0.0,0.021331752952717525,0.0,2.6211203366306566,0.27,0.06
6061,0.0342902944660505,0.0,0.0,0.0,0.0,0.0342902944660505,0.0,2.612096574929064,0.27,0.06
6062,0.0342902944660505,0.0,0.0,0.0,0.0,0.0342902944660505,0.0,2.603072813227472,0.27,0.06
6063,0.03488838099743525,0.0,0.0,6.938893903907228e-18,0.0,0.034888380997435256,0.0,2.5938916603334103,0.27,0.06
6064,0.03488838099743525,0.0,0.0,0.0,0.0,0.03488838099743525,0.0,2.584710507439348,0.27,0.06
6065,0.0382775380086145,0.0,0.0,0.0,0.0,0.0382775380086145,0.0,2.574637471121292,0.27,0.06
6066,0.0382775380086145,0.0,0.0,0.0,0.0,0.0382775380086145,0.0,2.5645644348032355,0.27,0.06
6067,0.04346095461394775,0.0,0.0,0.0,0.0,0.04346095461394775,0.0,2.5531273414837754,0.27,0.06
6068,0.04346095461394775,0.0,0.0,-6.938893903907228e-18,0.0,0.04346095461394774,0.0,2.5416902481643153,0.27,0.06
6069,0.0149521632846151,0.0,0.0,0.0,0.0,0.0149521632846151,0.0,2.5377554683525743,0.27,0.06
6070,0.0149521632846151,0.0,0.0,0.0,0.0,0.0149521632846151,0.0,2.5338206885408336,0.27,0.06
6071,0.02372409907825595,0.0,0.0,0.0,0.0,0.02372409907825595,0.0,2.5275775045728714,0.27,0.06
6072,0.02372409907825595,0.0,0.0,0.0,0.0,0.02372409907825595,0.0,2.5213343206049093,0.27,0.06
6073,0.0689793132863575,0.0,0.0,0.0,0.0,0.0689793132863575,0.0,2.5031818697400787,0.27,0.06
6074,0.0689793132863575,0.0,0.0,0.0,0.0,0.0689793132863575,0.0,2.4850294188752478,0.27,0.06
6075,0.12858860424768975,0.0,0.0,0.0,0.0,0.12858860424768975,0.0,2.4511903124942767,0.27,0.06
6076,0.12858860424768975,0.0,0.0,0.0,0.0,0.12858860424768975,0.0,2.417351206113306,0.27,0.06
6077,0.06718505369220375,0.0012147886427624505,0.0,0.0,0.0,0.0659702650494413,0.0,2.3999906100476633,0.27,0.06
6078,0.06718505369220375,0.006753118272946147,0.0,0.0,0.0,0.0604319354192576,0.0,2.3840874691478584,0.27,0.06
6079,0.040669884134153,0.010599604839431936,0.0,0.0,0.0,0.030070279294721062,0.0,2.376174237754511,0.27,0.06
6080,0.040669884134153,0.010900964843519496,0.0,0.0,0.0,0.0297689192906335,0.0,2.368340311625397,0.27,0.06
6081,0.038676262362871,0.012209827152249114,0.0,0.0,0.0,0.026466435210621884,0.0,2.3613754602541808,0.27,0.06
6082,0.038676262362871,0.015400088347344576,0.0,0.0,0.0,0.023276174015526424,0.0,2.3552501513027266,0.27,0.06
6083,0.03249603487189675,0.02014944877683224,0.0,3.469446951953614e-18,0.0,0.012346586095064511,0.0,2.352001049698762,0.27,0.06
6084,0.03249603487189675,0.022554112490785514,0.0,1.3877787807814457e-17,0.0,0.009941922381111249,0.0,2.3493847543353117,0.27,0.06
6085,0.0271132560894355,0.015131076364798761,0.0,0.0,0.0,0.011982179724636739,0.0,2.3462315491446177,0.27,0.06
6086,0.0271132560894355,0.035280891986686685,0.0,6.591949208711867e-17,0.00816763589725112,0.0,0.0,2.348171362670215,0.27,0.06
6087,0.032695397049025,0.07202616870743142,0.0,0.0,0.03933077165840642,0.0,0.0,2.3575124209390865,0.27,0.06
6088,0.032695397049025,0.08124427138646419,0.0,-8.534839501805891e-16,0.04854887433744004,0.0,0.0,2.3690427785942285,0.27,0.06
6089,0.03947371107138375,0.060810374051015824,0.0,0.0,0.021336662979632076,0.0,0.0,2.3741102360518913,0.27,0.06
6090,0.03947371107138375,0.06941776847359109,0.0,0.0,0.02994405740220734,0.0,0.0,2.381221949684915,0.27,0.06
6091,0.021730477306973923,0.05526224471568545,0.0,0.0,0.03353176740871153,0.0,0.0,2.389185744444484,0.27,0.06
6092,0.021730477306973923,0.026339836674992626,0.0,0.004609359368018703,0.0,0.0,0.0,2.389185744444484,0.27,0.06
6093,0.0147528011074869,0.01881307681908466,0.0,0.0,0.0040602757115977585,0.0,0.0,2.390150059925989,0.27,0.06
6094,0.0147528011074869,0.01880236283718241,0.0,0.004049561729695509,0.0,0.0,0.0,2.390150059925989,0.27,0.06
6095,0.02232856383835855,0.031127376382359722,0.0,1.214306433183765e-16,0.008798812544001052,0.0,0.0,2.392239777905189,0.27,0.06
6096,0.02232856383835855,0.04496704801650485,0.0,0.0,0.0226384841781463,0.0,0.0,2.397616417897499,0.27,0.06
6097,0.019537493358563723,0.02501239206840577,0.0,0.0,0.005474898709842045,0.0,0.0,2.3989167063410863,0.27,0.06
6098,0.019537493358563723,0.05427966598989653,0.0,0.0,0.03474217263133281,0.0,0.0,2.407167972341028,0.27,0.06
6099,0.2673446795289175,0.36745100093900696,0.0,0.0,0.10010632141008946,0.0,0.0,2.430943223675924,0.27,0.06
6100,0.2673446795289175,0.4244399053676003,0.0,0.0,0.1570952258386828,0.0,0.0,2.468253339812611,0.27,0.06
6101,0.28249622492688,0.31616750950793066,0.0,0.0,0.033671284581050676,0.0,0.0,2.4762502699006106,0.27,0.06
6102,0.28249622492688,0.3491881483314573,0.0,8.881784197001252e-16,0.06669192340457641,0.0,0.0,2.4920896017091976,0.27,0.06
6103,0.271331903135265,0.24663659972463758,0.0,0.0,0.0,0.024695303410627423,0.0,2.485590837653769,0.27,0.06
6104,0.271331903135265,0.09808052612663834,0.0,0.0,0.0,0.17325137700862667,0.0,2.43999837001992,0.27,0.06
6105,0.018939406827179126,0.017124245646632487,0.0,0.0,0.0,0.0018151611805466393,0.0,2.4395206960250393,0.27,0.06
6106,0.018939406827179126,0.02802898622022708,0.0,0.0,0.009089579393047952,0.0,0.0,2.4416794711308882,0.27,0.06
6107,0.102073434689639,0.029615317295293684,0.0,0.0,0.0,0.07245811739434532,0.0,2.4226115455007973,0.27,0.06
6108,0.102073434689639,0.04966043880180212,0.0,0.0,0.0,0.052412995887836884,0.0,2.4088186518461034,0.27,0.06
6109,0.020933028598461124,0.014630700887975382,0.0,0.0,0.0,0.006302327710485741,0.0,2.4071601445538704,0.27,0.06
6110,0.020933028598461124,0.014621252568201805,0.0,0.0,0.0,0.006311776030259319,0.0,2.4054991508616967,0.27,0.06
6111,0.0637958966810245,0.035455938049508695,0.0,0.0,0.0,0.02833995863151581,0.0,2.398041267011298,0.27,0.06
6112,0.0637958966810245,0.031842462858701126,0.0,0.0,0.0,0.03195343382232338,0.0,2.3896324686370023,0.27,0.06
6113,0.03289475922615325,0.014405813289055087,0.0,0.0,0.0,0.018488945937098163,0.0,2.384766956548292,0.27,0.06
6114,0.03289475922615325,0.01644689598665013,0.0,0.0,0.0,0.016447863239503122,0.0,2.3804385714852647,0.27,0.06
6115,0.0293062400378455,0.010203145935678358,0.0,0.0,0.0,0.01910309410216714,0.0,2.3754114414583785,0.27,0.06
6116,0.0293062400378455,0.006359706023733137,0.0,0.0,0.0,0.02294653401411236,0.0,2.3693728798757174,0.27,0.06
6117,0.09051042841620326,0.023555878152710853,0.0,0.0,0.0,0.0669545502634924,0.0,2.3517532613853245,0.27,0.06
6118,0.09051042841620326,0.018870519705414177,0.0,-1.3877787807814457e-17,0.0,0.07163990871078907,0.0,2.332900653829854,0.27,0.06
6119,0.02990432656923025,0.004231669021010966,0.0,0.0,0.0,0.025672657548219284,0.0,2.3261446913171646,0.27,0.06
6120,0.02990432656923025,0.001957872017674768,0.0,0.0,0.0,0.027946454551555484,0.0,2.3187903611720184,0.27,0.06
6121,0.020933028598461124,0.0008450301083156028,0.0,0.0,0.0,0.02008799849014552,0.0,2.313504045779875,0.27,0.06
6122,0.020933028598461124,0.0,0.0,0.0,0.0,0.020933028598461124,0.0,2.307995354043438,0.27,0.06
6123,0.1024721590438955,0.0,0.0,0.0,0.0,0.1024721590438955,0.0,2.2810289964003077,0.27,0.06
6124,0.1024721590438955,0.0,0.0,0.0,0.0,0.1024721590438955,0.0,2.254062638757177,0.27,0.06
6125,0.0460526629166145,0.0,0.0,0.0,0.0,0.0460526629166145,0.0,2.2419435169370154,0.27,0.06
6126,0.0460526629166145,0.0,0.0,2.7755575615628914e-17,0.0,0.04605266291661453,0.0,2.2298243951168537,0.27,0.06
6127,0.03688200276871725,0.0,0.0,0.0,0.0,0.03688200276871725,0.0,2.2201186049145596,0.27,0.06
6128,0.03688200276871725,0.0,0.0,0.0,0.0,0.03688200276871725,0.0,2.2104128147122655,0.27,0.06
6129,0.03488838099743525,0.0,0.0,0.0,0.0,0.03488838099743525,0.0,2.2012316618182037,0.27,0.06
6130,0.03488838099743525,0.0,0.0,0.0,0.0,0.03488838099743525,0.0,2.192050508924142,0.27,0.06
6131,0.028708153506461,0.0,0.0,-3.469446951953614e-18,0.0,0.028708153506460995,0.0,2.1844957316855997,0.27,0.06
6132,0.028708153506461,0.0,0.0,0.0,0.0,0.028708153506461,0.0,2.176940954447057,0.27,0.06
6133,0.020933028598461124,0.0,0.0,0.0,0.0,0.020933028598461124,0.0,2.1714322627106197,0.27,0.06
6134,0.020933028598461124,0.0,0.0,0.0,0.0,0.020933028598461124,0.0,2.165923570974183,0.27,0.06
6135,0.028708153506461,0.0,0.0,0.0,0.0,0.028708153506461,0.0,2.1583687937356406,0.27,0.06
6136,0.028708153506461,0.0,0.0,0.0,0.0,0.028708153506461,0.0,2.1508140164970984,0.27,0.06
6137,0.026714531735179,0.0,0.0,0.0,0.0,0.026714531735179,0.0,2.143783876566788,0.27,0.06
6138,0.026714531735179,0.0,0.0,0.0,0.0,0.026714531735179,0.0,2.1367537366364777,0.27,0.06
6139,0.026714531735179,0.0,0.0,0.0,0.0,0.026714531735179,0.0,2.1297235967061674,0.27,0.06
6140,0.026714531735179,0.0,0.0,0.0,0.0,0.026714531735179,0.0,2.122693456775857,0.27,0.06
6141,0.21610860000697024,0.0,0.0,0.0,0.0,0.21610860000697024,0.0,2.0658227725634966,0.27,0.06
6142,0.21610860000697024,0.0,0.0,0.0,0.0,0.21610860000697024,0.0,2.008952088351136,0.27,0.06
6143,0.16467315830789425,0.0,0.0,0.0,0.0,0.16467315830789425,0.0,1.9656170466911638,0.27,0.06
6144,0.16467315830789425,0.0,0.0,0.0,0.0,0.16467315830789425,0.0,1.9222820050311917,0.27,0.06
6145,0.218899670486765,0.0,0.0,0.0,0.0,0.218899670486765,0.0,1.864676828587306,0.27,0.06
6146,0.218899670486765,0.0,0.0,0.0,0.0,0.218899670486765,0.0,1.8070716521434205,0.27,0.06
6147,0.084330200925229,0.0,0.0,0.0,0.0,0.084330200925229,0.0,1.7848794940052022,0.27,0.06
6148,0.084330200925229,0.0,0.0,2.7755575615628914e-17,0.0,0.08433020092522903,0.0,1.7626873358669841,0.27,0.06
6149,0.0470494738022555,0.0,0.0,0.0,0.0,0.0470494738022555,0.0,1.7503058953927064,0.27,0.06
6150,0.0470494738022555,0.0,0.0,4.85722573273506e-17,0.0,0.04704947380225555,0.0,1.7379244549184287,0.27,0.06
6151,0.03688200276871725,0.0,0.0,0.0,0.0,0.03688200276871725,0.0,1.7282186647161346,0.27,0.06
6152,0.03688200276871725,0.0,0.0,0.0,0.0,0.03688200276871725,0.0,1.7185128745138405,0.27,0.06
6153,0.02791070479794825,0.0,0.0,0.0,0.0,0.02791070479794825,0.0,1.711167952198591,0.27,0.06
6154,0.02791070479794825,0.0,0.0,0.0,0.0,0.02791070479794825,0.0,1.7038230298833414,0.27,0.06
6155,0.02551835867240975,0.0,0.0,0.0,0.0,0.02551835867240975,0.0,1.6971076723379706,0.27,0.06
6156,0.02551835867240975,0.0,0.0,0.0,0.0,0.02551835867240975,0.0,1.6903923147925997,0.27,0.06
6157,0.02950560221497375,0.0,0.0,0.0,0.0,0.02950560221497375,0.0,1.6826276826307645,0.27,0.06
6158,0.02950560221497375,0.0,0.0,0.0,0.0,0.02950560221497375,0.0,1.6748630504689292,0.27,0.06
6159,0.0283094291522045,0.0,0.0,0.0,0.0,0.0283094291522045,0.0,1.6674132006920335,0.27,0.06
6160,0.0283094291522045,0.0,0.0,0.0,0.0,0.0283094291522045,0.0,1.6599633509151375,0.27,0.06
6161,0.0291068778607175,0.0,0.0,0.0,0.0,0.0291068778607175,0.0,1.6523036462149485,0.27,0.06
6162,0.0291068778607175,0.0,0.0,0.0,0.0,0.0291068778607175,0.0,1.6446439415147598,0.27,0.06
6163,0.0263158073809225,0.0,0.0,0.0,0.0,0.0263158073809225,0.0,1.637718729046096,0.27,0.06
6164,0.0263158073809225,0.0,0.0,0.0,0.0,0.0263158073809225,0.0,1.630793516577432,0.27,0.06
6165,0.019537493358563723,0.0,0.0,0.0,0.0,0.019537493358563723,0.0,1.6256520709567575,0.27,0.06
6166,0.019537493358563723,0.0,0.0,0.0,0.0,0.019537493358563723,0.0,1.6205106253360828,0.27,0.06
6167,0.0253189964952815,0.0,0.0,0.0,0.0,0.0253189964952815,0.0,1.6138477315215352,0.27,0.06
6168,0.0253189964952815,0.0,0.0,0.0,0.0,0.0253189964952815,0.0,1.6071848377069877,0.27,0.06
6169,0.02492027214102515,0.0,0.0,0.0,0.0,0.02492027214102515,0.0,1.6006268713540863,0.27,0.06
6170,0.02492027214102515,0.0,0.0,0.0,0.0,0.02492027214102515,0.0,1.594068905001185,0.27,0.06
6171,0.018540682472922725,0.0,0.0,0.0,0.0,0.018540682472922725,0.0,1.5891897780346265,0.27,0.06
6172,0.018540682472922725,0.0,0.0,0.0,0.0,0.018540682472922725,0.0,1.5843106510680678,0.27,0.06
6173,0.0253189964952815,0.0,0.0,0.0,0.0,0.0253189964952815,0.0,1.57764775725352,0.27,0.06
6174,0.0253189964952815,0.0,0.0,6.938893903907228e-18,0.0,0.025318996495281507,0.0,1.5709848634389723,0.27,0.06
6175,0.03548646752881975,0.00035977296007613595,0.0,0.0,0.0,0.035126694568743615,0.0,1.5617409964471975,0.27,0.06
6176,0.03548646752881975,0.00210918038344277,0.0,0.0,0.0,0.03337728714537698,0.0,1.552957499829993,0.27,0.06
6177,0.128787966424818,0.022894820633764756,0.0,0.0,0.0,0.10589314579105323,0.0,1.525090882516558,0.27,0.06
6178,0.128787966424818,0.025331036734671606,0.0,0.0,0.0,0.10345692969014639,0.0,1.4978653747033617,0.27,0.06
6179,0.0719697459432805,0.020405746878952354,0.0,0.0,0.0,0.05156399906432814,0.0,1.4842959012653807,0.27,0.06
6180,0.0719697459432805,0.015144969585688044,0.0,0.0,0.0,0.05682477635759245,0.0,1.4693420127502248,0.27,0.06
6181,0.02591708302666625,0.017654006385358415,0.0,0.0,0.0,0.008263076641307834,0.0,1.467167518897249,0.27,0.06
6182,0.02591708302666625,0.0265689731037731,0.0,0.0006518900771068509,-0.0,0.0,0.0,1.467167518897249,0.27,0.06
6183,0.02791070479794825,0.03426142271413667,0.0,2.914335439641036e-16,0.006350717916188131,0.0,0.0,1.4686758144023437,0.27,0.06
6184,0.02791070479794825,0.028181596816720805,0.0,0.0002708920187725547,0.0,0.0,0.0,1.4686758144023437,0.27,0.06
6185,0.0271132560894355,0.024825943230704372,0.0,0.0,0.0,0.0022873128587311276,0.0,1.4680738899658357,0.27,0.06
6186,0.0271132560894355,0.06674173030894727,0.0,1.249000902703301e-16,0.03962847421951164,0.0,0.0,1.4774856525929696,0.27,0.06
6187,0.0283094291522045,0.07606401825785922,0.0,0.0,0.04775458910565472,0.0,0.0,1.4888273675055628,0.27,0.06
6188,0.0283094291522045,0.0947138075225744,0.0,0.0,0.0664043783703699,0.0,0.0,1.5045984073685257,0.27,0.06
6189,0.0370813649458455,0.17830906794902568,0.0,0.0,0.1412277030031802,0.0,0.0,1.5381399868317809,0.27,0.06
6190,0.0370813649458455,0.2632587836891361,0.0,2.7755575615628914e-17,0.22617741874329056,0.0,0.0,1.5918571237833123,0.27,0.06
6191,0.0271132560894355,0.14184392994851946,0.0,0.0,0.11473067385908396,0.0,0.0,1.6191056588248447,0.27,0.06
6192,0.0271132560894355,0.16222456738924726,0.0,0.0,0.13511131129981177,0.0,0.0,1.6511945952585503,0.27,0.06
6193,0.02452154778676875,0.11152484930180338,0.0,0.0,0.08700330151503463,0.0,0.0,1.6718578793683712,0.27,0.06
6194,0.02452154778676875,0.19755916252366051,0.0,0.0,0.17303761473689178,0.0,0.0,1.7129543128683828,0.27,0.06
6195,0.27611661532256,1.081172053750259,0.0,0.0,0.8050554384276989,0.0,0.0,1.9041549794949613,0.27,0.06
6196,0.27611661532256,0.8365454656471379,0.0,-6.661338147750939e-16,0.5604288503245787,0.0,0.0,2.0372568314470487,0.27,0.06
6197,0.2733255647789825,0.5427555411455657,0.0,0.0,0.26942997636658317,0.0,0.0,2.101246450834112,0.27,0.06
6198,0.2733255647789825,0.2903044012224888,0.0,0.0,0.016978836443506284,0.0,0.0,2.1052789244894448,0.27,0.06
6199,0.27691408396729,0.16580774381357116,0.0,0.0,0.0,0.11110634015371884,0.0,2.0760404139226765,0.27,0.06
6200,0.27691408396729,0.5973550697857462,0.0,1.1102230246251565e-16,0.32044098581845604,0.0,0.0,2.1521451480545597,0.27,0.06
6201,0.021132390775589326,0.1806429285062669,0.0,0.0,0.15951053773067758,0.0,0.0,2.1900289007655958,0.27,0.06
6202,0.021132390775589326,0.13671213692175863,0.0,0.0,0.1155797461461693,0.0,0.0,2.217479090475311,0.27,0.06
6203,0.09190596365610075,0.2475034221418437,0.0,0.0,0.15559745848574297,0.0,0.0,2.254433486865675,0.27,0.06
6204,0.09190596365610075,0.22230842691311672,0.0,0.0,0.130402463257016,0.0,0.0,2.285404071889216,0.27,0.06
6205,0.0303030509234865,0.10771986317566319,0.0,0.0,0.0774168122521767,0.0,0.0,2.3037905647991077,0.27,0.06
6206,0.0303030509234865,0.11110640645080662,0.0,0.0,0.08080335552732013,0.0,0.0,2.322981361736846,0.27,0.06
6207,0.0273126182665635,0.09579321037776443,0.0,0.0,0.06848059211120093,0.0,0.0,2.3392455023632563,0.27,0.06
6208,0.0273126182665635,0.11635893209889056,0.0,0.0,0.08904631383232706,0.0,0.0,2.360394001898434,0.27,0.06
6209,0.07256783247466525,0.190539867830471,0.0,0.0,0.11797203535580575,0.0,0.0,2.388412360295438,0.27,0.06
6210,0.07256783247466525,0.15700217519739296,0.0,0.0,0.0844343427227277,0.0,0.0,2.408465516692086,0.27,0.06
6211,0.0291068778607175,0.03443892633052348,0.0,0.005332048469805978,0.0,0.0,0.0,2.408465516692086,0.27,0.06
6212,0.0291068778607175,0.06470582734016346,0.0,-1.3877787807814457e-17,0.035598949479445974,0.0,0.0,2.4169202671934547,0.27,0.06
6213,0.08313402786246,0.21459048274349482,0.0,0.0,0.1314564548810348,0.0,0.0,2.4481411752277005,0.27,0.06
6214,0.08313402786246,0.03600371488862338,0.0,0.0,0.0,0.04713031297383662,0.0,2.435738461287217,0.27,0.06
6215,0.021531115129845724,0.012429052805973369,0.0,0.0,0.0,0.009102062323872355,0.0,2.4333431817283038,0.27,0.06
6216,0.021531115129845724,0.007020103797248798,0.0,0.0,0.0,0.014511011332596926,0.0,2.429524494535515,0.27,0.06
6217,0.03748008930010175,0.008163475110265562,0.0,0.0,0.0,0.029316614189836186,0.0,2.4218095960645054,0.27,0.06
6218,0.03748008930010175,0.002818554622446451,0.0,0.0,0.0,0.0346615346776553,0.0,2.4126881395703856,0.27,0.06
6219,0.15869229299404825,0.0,0.0,0.0,0.0,0.15869229299404825,0.0,2.3709270098351096,0.27,0.06
6220,0.15869229299404825,0.0,0.0,0.0,0.0,0.15869229299404825,0.0,2.3291658800998336,0.27,0.06
6221,0.02312601254687135,0.0,0.0,0.0,0.0,0.02312601254687135,0.0,2.323080087324341,0.27,0.06
6222,0.02312601254687135,0.0,0.0,3.469446951953614e-18,0.0,0.023126012546871355,0.0,2.3169942945488486,0.27,0.06
6223,0.0320973105176405,0.0,0.0,0.0,0.0,0.0320973105176405,0.0,2.308547633886312,0.27,0.06
6224,0.0320973105176405,0.0,0.0,6.938893903907228e-18,0.0,0.032097310517640504,0.0,2.3001009732237745,0.27,0.06
6225,0.04146733284266575,0.0,0.0,0.0,0.0,0.04146733284266575,0.0,2.289188517212547,0.27,0.06
6226,0.04146733284266575,0.0,0.0,1.3877787807814457e-17,0.0,0.041467332842665766,0.0,2.278276061201319,0.27,0.06
6227,0.0390749867171275,0.0,0.0,0.0,0.0,0.0390749867171275,0.0,2.26799316995997,0.27,0.06
6228,0.0390749867171275,0.0,0.0,0.0,0.0,0.0390749867171275,0.0,2.2577102787186205,0.27,0.06
6229,0.04385967896820425,0.0,0.0,0.0,0.0,0.04385967896820425,0.0,2.246168257937514,0.27,0.06
6230,0.04385967896820425,0.0,0.0,0.0,0.0,0.04385967896820425,0.0,2.2346262371564074,0.27,0.06
6231,0.026714531735179,0.0,0.0,0.0,0.0,0.026714531735179,0.0,2.227596097226097,0.27,0.06
6232,0.026714531735179,0.0,0.0,0.0,0.0,0.026714531735179,0.0,2.2205659572957868,0.27,0.06
6233,0.0283094291522045,0.0,0.0,-1.734723475976807e-17,0.0,0.028309429152204482,0.0,2.213116107518891,0.27,0.06
6234,0.0283094291522045,0.0,0.0,0.0,0.0,0.0283094291522045,0.0,2.205666257741995,0.27,0.06
6235,0.026714531735179,0.0,0.0,0.0,0.0,0.026714531735179,0.0,2.198636117811685,0.27,0.06
6236,0.026714531735179,0.0,0.0,0.0,0.0,0.026714531735179,0.0,2.1916059778813746,0.27,0.06
6237,0.018939406827179126,0.0,0.0,0.0,0.0,0.018939406827179126,0.0,2.1866219234531696,0.27,0.06
6238,0.018939406827179126,0.0,0.0,0.0,0.0,0.018939406827179126,0.0,2.1816378690249647,0.27,0.06
6239,0.04724883597938375,0.0,0.0,0.0,0.0,0.04724883597938375,0.0,2.1692039648198636,0.27,0.06
6240,0.04724883597938375,0.0,0.0,0.0,0.0,0.04724883597938375,0.0,2.1567700606147624,0.27,0.06
6241,0.0350877431745635,0.0,0.0,0.0,0.0,0.0350877431745635,0.0,2.147536443989877,0.27,0.06
6242,0.0350877431745635,0.0,0.0,0.0,0.0,0.0350877431745635,0.0,2.138302827364992,0.27,0.06
6243,0.02591708302666625,0.0,0.0,-4.85722573273506e-17,0.0,0.0259170830266662,0.0,2.1314825423579746,0.27,0.06
6244,0.02591708302666625,0.0,0.0,0.0,0.0,0.02591708302666625,0.0,2.1246622573509573,0.27,0.06
6245,0.025717720849538,0.0,0.0,0.0,0.0,0.025717720849538,0.0,2.117894436074763,0.27,0.06
6246,0.025717720849538,0.0,0.0,-3.469446951953614e-18,0.0,0.025717720849537995,0.0,2.111126614798569,0.27,0.06
6247,0.02651516955805075,0.0,0.0,0.0,0.0,0.02651516955805075,0.0,2.104148938599082,0.27,0.06
6248,0.02651516955805075,0.0,0.0,0.0,0.0,0.02651516955805075,0.0,2.097171262399595,0.27,0.06
6249,0.02452154778676875,0.0,0.0,0.0,0.0,0.02452154778676875,0.0,2.09071822350834,0.27,0.06
6250,0.02452154778676875,0.0,0.0,3.469446951953614e-18,0.0,0.024521547786768752,0.0,2.084265184617085,0.27,0.06
6251,0.02990432656923025,0.0,0.0,0.0,0.0,0.02990432656923025,0.0,2.0763956249936033,0.27,0.06
6252,0.02990432656923025,0.0,0.0,3.469446951953614e-18,0.0,0.029904326569230255,0.0,2.0685260653701216,0.27,0.06
6253,0.0167464228787689,0.0,0.0,0.0,0.0,0.0167464228787689,0.0,2.064119111980972,0.27,0.06
6254,0.0167464228787689,0.0,0.0,0.0,0.0,0.0167464228787689,0.0,2.059712158591822,0.27,0.06
6255,0.018341320295794526,0.0,0.0,0.0,0.0,0.018341320295794526,0.0,2.054885495356087,0.27,0.06
6256,0.018341320295794526,0.0,0.0,0.0,0.0,0.018341320295794526,0.0,2.0500588321203517,0.27,0.06
6257,0.033692207934666,0.0,0.0,0.0,0.0,0.033692207934666,0.0,2.041192461611229,0.27,0.06
6258,0.033692207934666,0.0,0.0,0.0,0.0,0.033692207934666,0.0,2.032326091102106,0.27,0.06
6259,0.026714531735179,0.0,0.0,0.0,0.0,0.026714531735179,0.0,2.025295951171796,0.27,0.06
6260,0.026714531735179,0.0,0.0,0.0,0.0,0.026714531735179,0.0,2.0182658112414855,0.27,0.06
6261,0.0342902944660505,0.0,0.0,0.0,0.0,0.0342902944660505,0.0,2.009242049539893,0.27,0.06
6262,0.0342902944660505,0.0,0.0,0.0,0.0,0.0342902944660505,0.0,2.000218287838301,0.27,0.06
6263,0.11722496015138224,0.0,0.0,0.0,0.0,0.11722496015138224,0.0,1.9693696141142527,0.27,0.06
6264,0.11722496015138224,0.0,0.0,0.0,0.0,0.11722496015138224,0.0,1.9385209403902048,0.27,0.06
6265,0.13696181568707425,0.0,0.0,0.0,0.0,0.13696181568707425,0.0,1.902478357314659,0.27,0.06
6266,0.13696181568707425,0.0,0.0,0.0,0.0,0.13696181568707425,0.0,1.8664357742391133,0.27,0.06
6267,0.17324573192440676,0.0,0.0,0.0,0.0,0.17324573192440676,0.0,1.8208447921537432,0.27,0.06
6268,0.17324573192440676,0.0,0.0,0.0,0.0,0.17324573192440676,0.0,1.775253810068373,0.27,0.06
6269,0.0699761241719985,0.00020481068233083808,0.0,0.0,0.0,0.06977131348966766,0.0,1.7568929380974079,0.27,0.06
6270,0.0699761241719985,0.009424364545405663,0.0,0.0,0.0,0.06055175962659284,0.0,1.7409582645114625,0.27,0.06
6271,0.02751198044369175,0.007950699297631984,0.0,0.0,0.0,0.019561281146059765,0.0,1.7358105589467099,0.27,0.06
6272,0.02751198044369175,0.006992206679550381,0.0,0.0,0.0,0.020519773764141366,0.0,1.7304106184824621,0.27,0.06
6273,0.028708153506461,0.015129299709225497,0.0,0.0,0.0,0.013578853797235502,0.0,1.7268372359042423,0.27,0.06
6274,0.028708153506461,0.01279446368758103,0.0,3.469446951953614e-18,0.0,0.015913689818879972,0.0,1.7226494227940108,0.27,0.06
6275,0.04326159243681975,0.021008262069001575,0.0,0.0,0.0,0.022253330367818173,0.0,1.7167932832235322,0.27,0.06
6276,0.04326159243681975,0.03789502373364115,0.0,0.0,0.0,0.005366568703178601,0.0,1.715381028301643,0.27,0.06
6277,0.03748008930010175,0.05807258741889291,0.0,0.0,0.020592498118791158,0.0,0.0,1.720271746604856,0.27,0.06
6278,0.03748008930010175,0.022741129330064534,0.0,0.0,0.0,0.014738959970037217,0.0,1.7163930729285304,0.27,0.06
6279,0.03448965664317875,0.03822158355347885,0.0,0.0,0.0037319269103001027,0.0,0.0,1.7172794055697267,0.27,0.06
6280,0.03448965664317875,0.1132575616694908,0.0,0.0,0.07876790502631206,0.0,0.0,1.7359867830134759,0.27,0.06
6281,0.03090113745487125,0.062430389985532395,0.0,6.938893903907228e-18,0.03152925253066114,0.0,0.0,1.7434749804895078,0.27,0.06
6282,0.03090113745487125,0.04045781855273575,0.0,2.740863092043355e-16,0.009556681097864228,0.0,0.0,1.7457446922502506,0.27,0.06
6283,0.026714531735179,0.03564480547189271,0.0,-8.049116928532385e-16,0.008930273736714511,0.0,0.0,1.7478656322627204,0.27,0.06
6284,0.026714531735179,0.034940776445909656,0.0,0.0,0.008226244710730655,0.0,0.0,1.7498193653815188,0.27,0.06
6285,0.02272728819261495,0.060655861064081995,0.0,3.7470027081099033e-16,0.03792857287146667,0.0,0.0,1.7588274014384921,0.27,0.06
6286,0.02272728819261495,0.045988734536884714,0.0,0.0,0.023261446344269764,0.0,0.0,1.7643519949452562,0.27,0.06
6287,0.02472090996389695,0.027188199505408003,0.0,0.0024672895415110523,0.0,0.0,0.0,1.7643519949452562,0.27,0.06
6288,0.02472090996389695,0.03394098281405256,0.0,3.469446951953614e-18,0.009220072850155608,0.0,0.0,1.766541762247168,0.27,0.06
6289,0.02651516955805075,0.04657011978438086,0.0,0.0,0.02005495022633011,0.0,0.0,1.7713048129259215,0.27,0.06
6290,0.02651516955805075,0.04814295349652896,0.0,0.0,0.02162778393847821,0.0,0.0,1.77644141161131,0.27,0.06
6291,0.2813000319278925,0.16542014511130626,0.0,0.0,0.0,0.11587988681658623,0.0,1.7459467045543138,0.27,0.06
6292,0.2813000319278925,0.32831800258171334,0.0,1.1102230246251565e-16,0.04701797065382074,0.0,0.0,1.7571134725845963,0.27,0.06
6293,0.29047069207579,0.10476972699603619,0.0,0.0,0.0,0.1857009650797538,0.0,1.7082447975636084,0.27,0.06
6294,0.29047069207579,0.0728611365237662,0.0,0.0,0.0,0.21760955555202383,0.0,1.6509791250499177,0.27,0.06
6295,0.1383573509269715,0.1384732374288446,0.0,0.00011588650187310812,-0.0,0.0,0.0,1.6509791250499177,0.27,0.06
6296,0.1383573509269715,0.20379883916457672,0.0,3.469446951953614e-16,0.06544148823760489,0.0,0.0,1.666521478506349,0.27,0.06
6297,0.0175438715872817,0.029248543991627216,0.0,0.0,0.011704672404345515,0.0,0.0,1.669301338202381,0.27,0.06
6298,0.0175438715872817,0.026386423355413236,0.0,3.3306690738754696e-16,0.008842551768131202,0.0,0.0,1.671401444247312,0.27,0.06
6299,0.09888363985558775,0.12988286362471904,0.0,0.0,0.030999223769131293,0.0,0.0,1.6787637598924807,0.27,0.06
6300,0.09888363985558775,0.16941987672148962,0.0,0.0,0.07053623686590187,0.0,0.0,1.6955161161481325,0.27,0.06
6301,0.02412282343251235,0.0747730263366085,0.0,0.0,0.05065020290409615,0.0,0.0,1.7075455393378554,0.27,0.06
6302,0.02412282343251235,0.02951422875207117,0.0,0.005391405319558819,0.0,0.0,0.0,1.7075455393378554,0.27,0.06
6303,0.0797448708512805,0.12071622412374687,0.0,9.71445146547012e-17,0.040971353272466274,0.0,0.0,1.7172762357400662,0.27,0.06
6304,0.0797448708512805,0.09701557102167097,0.0,0.0,0.017270700170390466,0.0,0.0,1.7213780270305339,0.27,0.06
6305,0.02651516955805075,0.0416455429875445,0.0,0.0,0.015130373429493749,0.0,0.0,1.7249714907200386,0.27,0.06
6306,0.02651516955805075,0.05977270067881205,0.0,0.0,0.033257531120761304,0.0,0.0,1.7328701543612195,0.27,0.06
6307,0.03090113745487125,0.030219255824957714,0.0,0.0,0.0,0.0006818816299135368,0.0,1.7326907118270318,0.27,0.06
6308,0.03090113745487125,0.037609784480858825,0.0,-4.822531263215524e-16,0.006708647025988057,0.0,0.0,1.734284015495704,0.27,0.06
6309,0.07356464336030626,0.09781453416479773,0.0,0.0,0.02424989080449147,0.0,0.0,1.7400433645617708,0.27,0.06
6310,0.07356464336030626,0.08220790880572633,0.0,2.7755575615628914e-17,0.008643265445420045,0.0,0.0,1.7420961401050579,0.27,0.06
6311,0.0827353035082035,0.09098219027812834,0.0,4.163336342344337e-17,0.0082468867699248,0.0,0.0,1.744054775712915,0.27,0.06
6312,0.0827353035082035,0.052286480904391794,0.0,0.0,0.0,0.03044882260381171,0.0,1.7360419276592804,0.27,0.06
6313,0.052631614761845,0.023308436237764973,0.0,0.0,0.0,0.029323178524080024,0.0,1.728325301731891,0.27,0.06
6314,0.052631614761845,0.0037528797702866645,0.0,0.0,0.0,0.048878734991558336,0.0,1.7154624767341122,0.27,0.06
6315,0.10725685129497226,0.0002396040122804682,0.0,0.0,0.0,0.10701724728269178,0.0,1.6873000432386671,0.27,0.06
6316,0.10725685129497226,0.0,0.0,0.0,0.0,0.10725685129497226,0.0,1.6590745560557796,0.27,0.06
6317,0.05622013395015275,0.0,0.0,-1.3877787807814457e-17,0.0,0.05622013395015273,0.0,1.6442797839636343,0.27,0.06
6318,0.05622013395015275,0.0,0.0,0.0,0.0,0.05622013395015275,0.0,1.6294850118714888,0.27,0.06
6319,0.05721694483579375,0.0,0.0,0.0,0.0,0.05721694483579375,0.0,1.614427921125227,0.27,0.06
6320,0.05721694483579375,0.0,0.0,0.0,0.0,0.05721694483579375,0.0,1.5993708303789655,0.27,0.06
6321,0.115829424911485,0.0,0.0,0.0,0.0,0.115829424911485,0.0,1.56888940277068,0.27,0.06
6322,0.115829424911485,0.0,0.0,0.0,0.0,0.115829424911485,0.0,1.5384079751623945,0.27,0.06
6323,0.17703361328984274,0.0,0.0,0.0,0.0,0.17703361328984274,0.0,1.4918201821913832,0.27,0.06
6324,0.17703361328984274,0.0,0.0,0.0,0.0,0.17703361328984274,0.0,1.445232389220372,0.27,0.06
6325,0.086323822696511,0.0,0.0,0.0,0.0,0.086323822696511,0.0,1.4225155937739218,0.27,0.06
6326,0.086323822696511,0.0,0.0,1.3877787807814457e-17,0.0,0.08632382269651101,0.0,1.3997987983274716,0.27,0.06
6327,0.02252792601548675,0.0,0.0,0.0,0.0,0.02252792601548675,0.0,1.3938703967444488,0.27,0.06
6328,0.02252792601548675,0.0,0.0,3.469446951953614e-18,0.0,0.022527926015486754,0.0,1.3879419951614258,0.27,0.06
6329,0.02272728819261495,0.0,0.0,0.0,0.0,0.02272728819261495,0.0,1.3819611298475798,0.27,0.06
6330,0.02272728819261495,0.0,0.0,0.0,0.0,0.02272728819261495,0.0,1.3759802645337338,0.27,0.06
6331,0.018740044650050924,0.0,0.0,0.0,0.0,0.018740044650050924,0.0,1.3710486738363519,0.27,0.06
6332,0.018740044650050924,0.0,0.0,0.0,0.0,0.018740044650050924,0.0,1.36611708313897,0.27,0.06
6333,0.0301036887463585,0.0,0.0,0.0,0.0,0.0301036887463585,0.0,1.3581950597846655,0.27,0.06
6334,0.0301036887463585,0.0,0.0,0.0,0.0,0.0301036887463585,0.0,1.3502730364303606,0.27,0.06
6335,0.04246414372830675,0.0,0.0,0.0,0.0,0.04246414372830675,0.0,1.3390982617650167,0.27,0.06
6336,0.04246414372830675,0.0,0.0,0.0,0.0,0.04246414372830675,0.0,1.3279234870996728,0.27,0.06
6337,0.034689018820307,0.0,0.0,0.0,0.0,0.034689018820307,0.0,1.318794797936434,0.27,0.06
6338,0.034689018820307,0.0,0.0,0.0,0.0,0.034689018820307,0.0,1.3096661087731953,0.27,0.06
6339,0.028708153506461,0.0,0.0,0.0,0.0,0.028708153506461,0.0,1.3021113315346529,0.27,0.06
6340,0.028708153506461,0.0,0.0,0.0,0.0,0.028708153506461,0.0,1.2945565542961104,0.27,0.06
6341,0.02611644520379425,0.0,0.0,1.0408340855860843e-17,0.0,0.02611644520379426,0.0,1.28768380555827,0.27,0.06
6342,0.02611644520379425,0.0,0.0,0.0,0.0,0.02611644520379425,0.0,1.2808110568204294,0.27,0.06
6343,0.018341320295794526,0.0,0.0,0.0,0.0,0.018341320295794526,0.0,1.275984393584694,0.27,0.06
6344,0.018341320295794526,0.0,0.0,0.0,0.0,0.018341320295794526,0.0,1.2711577303489585,0.27,0.06
6345,0.020334942067076527,0.0,0.0,6.938893903907228e-18,0.0,0.020334942067076534,0.0,1.2658064298049914,0.27,0.06
6346,0.020334942067076527,0.0,0.0,6.938893903907228e-18,0.0,0.020334942067076534,0.0,1.2604551292610238,0.27,0.06
6347,0.02511963431815325,0.0,0.0,0.0,0.0,0.02511963431815325,0.0,1.2538446991772991,0.27,0.06
6348,0.02511963431815325,0.0,0.0,-1.0408340855860843e-17,0.0,0.025119634318153238,0.0,1.2472342690935747,0.27,0.06
6349,0.0271132560894355,0.0,0.0,0.0,0.0,0.0271132560894355,0.0,1.240099201701618,0.27,0.06
6350,0.0271132560894355,0.0,0.0,0.0,0.0,0.0271132560894355,0.0,1.2329641343096611,0.27,0.06
6351,0.03748008930010175,0.0,0.0,0.0,0.0,0.03748008930010175,0.0,1.2231009529148975,0.27,0.06
6352,0.03748008930010175,0.0,0.0,0.0,0.0,0.03748008930010175,0.0,1.213237771520134,0.27,0.06
6353,0.0340909322889225,0.0,0.0,0.0,0.0,0.0340909322889225,0.0,1.2042664735493647,0.27,0.06
6354,0.0340909322889225,0.0,0.0,1.3877787807814457e-17,0.0,0.034090932288922515,0.0,1.1952951755785957,0.27,0.06
6355,0.05721694483579375,0.0,0.0,0.0,0.0,0.05721694483579375,0.0,1.1802380848323342,0.27,0.06
6356,0.05721694483579375,0.0,0.0,0.0,0.0,0.05721694483579375,0.0,1.1651809940860727,0.27,0.06
6357,0.04425840332246075,0.0,0.0,0.0,0.0,0.04425840332246075,0.0,1.15353404584332,0.27,0.06
6358,0.04425840332246075,0.0,0.0,0.0,0.0,0.04425840332246075,0.0,1.1418870976005673,0.27,0.06
6359,0.04445776549958875,0.0,0.0,0.0,0.0,0.04445776549958875,0.0,1.1301876856269912,0.27,0.06
6360,0.04445776549958875,0.0,0.0,0.0,0.0,0.04445776549958875,0.0,1.1184882736534154,0.27,0.06
6361,0.04485648985384525,0.0,0.0,0.0,0.0,0.04485648985384525,0.0,1.1066839342181929,0.27,0.06
6362,0.04485648985384525,0.0,0.0,0.0,0.0,0.04485648985384525,0.0,1.0948795947829704,0.27,0.06
6363,0.05223289040758875,0.0,0.0,6.938893903907228e-18,0.0,0.05223289040758876,0.0,1.0811340973072892,0.27,0.06
6364,0.05223289040758875,0.0,0.0,0.0,0.0,0.05223289040758875,0.0,1.067388599831608,0.27,0.06
6365,0.059409928784204,0.0027014459857572426,0.0,0.0,0.0,0.05670848279844676,0.0,1.0524653148846481,0.27,0.06
6366,0.059409928784204,0.00823607559118748,0.0,0.0,0.0,0.051173853193016525,0.0,1.0389985114128018,0.27,0.06
6367,0.0283094291522045,0.005954557850849956,0.0,0.0,0.0,0.022354871301354544,0.0,1.0331156505440242,0.27,0.06
6368,0.0283094291522045,0.005116695227779901,0.0,0.0,0.0,0.0231927339244246,0.0,1.027012299511281,0.27,0.06
6369,0.029704964392102,0.004510231886341934,0.0,0.0,0.0,0.025194732505760067,0.0,1.0203821067466072,0.27,0.06
6370,0.029704964392102,0.00913752183416383,0.0,0.0,0.0,0.020567442557938173,0.0,1.0149696218629394,0.27,0.06
6371,0.02372409907825595,0.008146631841633495,0.0,0.0,0.0,0.015577467236622454,0.0,1.0108702883796175,0.27,0.06
6372,0.02372409907825595,0.005883952925414185,0.0,-3.469446951953614e-18,0.0,0.01784014615284176,0.0,1.0061755130762382,0.27,0.06
6373,0.02312601254687135,0.0091187941063466,0.0,0.0,0.0,0.014007218440524752,0.0,1.0024894029603106,0.27,0.06
6374,0.02312601254687135,0.013666281297691324,0.0,0.0,0.0,0.009459731249180028,0.0,1.0,0.27,0.06
6375,0.0311004996319995,0.03803238258841303,0.0,0.0069318829564135286,0.0,0.0,0.0,1.0,0.27,0.06
6376,0.0311004996319995,0.25060083234165603,0.0,0.21950033270965652,0.0,0.0,0.0,1.0,0.27,0.06
6377,0.03149922398625575,0.34600546462211274,0.0,0.31450624063585697,-0.0,0.0,0.0,1.0,0.27,0.06
6378,0.03149922398625575,0.33228410724165064,0.0,0.3007848832553949,0.0,0.0,0.0,1.0,0.27,0.06
6379,0.02551835867240975,0.10050042455452766,0.0,0.07498206588211792,0.0,0.0,0.0,1.0,0.27,0.06
6380,0.02551835867240975,0.1480988955632151,0.0,0.12258053689080534,0.0,0.0,0.0,1.0,0.27,0.06
6381,0.02791070479794825,0.343179887108215,0.0,0.31526918231026674,0.0,0.0,0.0,1.0,0.27,0.06
6382,0.02791070479794825,0.38968876674955316,0.0,0.3617780619516049,0.0,0.0,0.0,1.0,0.27,0.06
6383,0.0165470607016407,0.18451000469022846,0.0,0.16796294398858777,0.0,0.0,0.0,1.0,0.27,0.06
6384,0.0165470607016407,0.21020509109061447,0.0,0.19365803038897378,0.0,0.0,0.0,1.0,0.27,0.06
6385,0.018939406827179126,0.2324475095444027,0.0,0.21350810271722356,0.0,0.0,0.0,1.0,0.27,0.06
6386,0.018939406827179126,0.1885121028056688,0.0,0.16957269597848967,0.0,0.0,0.0,1.0,0.27,0.06
6387,0.27830959927097,1.1270711283516366,0.0,0.35207352906433753,0.49668800001632907,0.0,0.0,1.117963400003878,0.27,0.06
6388,0.27830959927097,1.1670843590720488,0.0,0.0,0.8887747598010788,0.0,0.0,1.3290474054566344,0.27,0.06
6389,0.2749204223235725,0.9372445218880635,0.0,0.662324099564491,0.0,0.0,0.0,1.3290474054566344,0.27,0.06
6390,0.2749204223235725,1.1843072872485487,0.0,0.0,0.9093868649249762,0.0,0.0,1.5450267858763163,0.27,0.06
6391,0.147528011074869,0.7278428108730439,0.0,0.0,0.5803147997981749,0.0,0.0,1.6828515508283828,0.27,0.06
6392,0.147528011074869,0.6747095303850156,0.0,0.5271815193101466,0.0,0.0,0.0,1.6828515508283828,0.27,0.06
6393,0.05542268524164,0.3379831307132508,0.0,0.2825604454716108,0.0,0.0,0.0,1.6828515508283828,0.27,0.06
6394,0.05542268524164,0.18529130866713128,0.0,0.12986862342549127,0.0,0.0,0.0,1.6828515508283828,0.27,0.06
6395,0.084130838748101,0.24160988204902276,0.0,0.15747904330092177,0.0,0.0,0.0,1.6828515508283828,0.27,0.06
6396,0.084130838748101,0.2552681698929305,0.0,0.17113733114482949,0.0,0.0,0.0,1.6828515508283828,0.27,0.06
6397,0.026714531735179,0.14075347524808085,0.0,0.0,0.11403894351290185,0.0,0.0,1.709935799912697,0.27,0.06
6398,0.026714531735179,0.1368563761516583,0.0,0.1101418444164793,0.0,0.0,0.0,1.709935799912697,0.27,0.06
6399,0.09051042841620326,0.3983124594134997,0.0,0.0,0.3078020309972964,0.0,0.0,1.7830387822745548,0.27,0.06
6400,0.09051042841620326,0.32460569662325994,0.0,0.23409526820705667,0.0,0.0,0.0,1.7830387822745548,0.27,0.06
6401,0.02272728819261495,0.08649124621695027,0.0,1.1102230246251565e-16,0.06376395802433521,0.0,0.0,1.7981827223053344,0.27,0.06
6402,0.02272728819261495,0.02028142809619524,0.0,0.0,0.0,0.00244586009641971,0.0,1.7975390749115396,0.27,0.06
6403,0.0717703837661525,0.10419115445537973,0.0,0.0,0.03242077068922723,0.0,0.0,1.8052390079502312,0.27,0.06
6404,0.0717703837661525,0.05303347717807504,0.0,0.0,0.0,0.018736906588077452,0.0,1.800308243058632,0.27,0.06
6405,0.04346095461394775,0.04707901221651262,0.0,0.003618057602564867,0.0,0.0,0.0,1.800308243058632,0.27,0.06
6406,0.04346095461394775,0.021906050131923212,0.0,0.0,0.0,0.021554904482024538,0.0,1.7946358997738887,0.27,0.06
6407,0.159489741702561,0.08224349570804287,0.0,0.0,0.0,0.07724624599451813,0.0,1.774307940301647,0.27,0.06
6408,0.159489741702561,0.04219004010136577,0.0,0.0,0.0,0.11729970160119524,0.0,1.7434395977750168,0.27,0.06
6409,0.04485648985384525,0.009822495450091083,0.0,0.0,0.0,0.03503399440375417,0.0,1.7342201255635026,0.27,0.06
6410,0.04485648985384525,0.006075303351684566,0.0,0.0,0.0,0.03878118650216068,0.0,1.7240145501681972,0.27,0.06
6411,0.0342902944660505,0.0017775399763755653,0.0,-6.938893903907228e-18,0.0,0.03251275448967493,0.0,1.7154585621445986,0.27,0.06
6412,0.0342902944660505,0.0,0.0,0.0,0.0,0.0342902944660505,0.0,1.7064348004430063,0.27,0.06
6413,0.11064600830615175,0.0,0.0,0.0,0.0,0.11064600830615175,0.0,1.6773174298361242,0.27,0.06
6414,0.11064600830615175,0.0,0.0,0.0,0.0,0.11064600830615175,0.0,1.648200059229242,0.27,0.06
6415,0.0629984479725115,0.0,0.0,0.0,0.0,0.0629984479725115,0.0,1.6316215202891076,0.27,0.06
6416,0.0629984479725115,0.0,0.0,0.0,0.0,0.0629984479725115,0.0,1.615042981348973,0.27,0.06
6417,0.048445009042153,0.0,0.0,1.3877787807814457e-17,0.0,0.048445009042153014,0.0,1.6022942947589327,0.27,0.06
6418,0.048445009042153,0.0,0.0,0.0,0.0,0.048445009042153,0.0,1.5895456081688923,0.27,0.06
6419,0.05921056660707575,0.0,0.0,0.0,0.0,0.05921056660707575,0.0,1.5739638801143987,0.27,0.06
6420,0.05921056660707575,0.0,0.0,0.0,0.0,0.05921056660707575,0.0,1.558382152059905,0.27,0.06
6421,0.05921056660707575,0.0,0.0,0.0,0.0,0.05921056660707575,0.0,1.5428004240054116,0.27,0.06
6422,0.05921056660707575,0.0,0.0,0.0,0.0,0.05921056660707575,0.0,1.527218695950918,0.27,0.06
6423,0.05322970129322975,0.0,0.0,0.0,0.0,0.05322970129322975,0.0,1.5132108798211208,0.27,0.06
6424,0.05322970129322975,0.0,0.0,0.0,0.0,0.05322970129322975,0.0,1.4992030636913234,0.27,0.06
6425,0.0717703837661525,0.0,0.0,0.0,0.0,0.0717703837661525,0.0,1.4803161205949675,0.27,0.06
6426,0.0717703837661525,0.0,0.0,1.3877787807814457e-17,0.0,0.07177038376615251,0.0,1.4614291774986115,0.27,0.06
6427,0.081140406091178,0.0,0.0,0.0,0.0,0.081140406091178,0.0,1.4400764390535645,0.27,0.06
6428,0.081140406091178,0.0,0.0,1.3877787807814457e-17,0.0,0.08114040609117801,0.0,1.4187237006085178,0.27,0.06
6429,0.04884373339640925,0.0,0.0,0.0,0.0,0.04884373339640925,0.0,1.4058700865568312,0.27,0.06
6430,0.04884373339640925,0.0,0.0,0.0,0.0,0.04884373339640925,0.0,1.3930164725051444,0.27,0.06
6431,0.051634803876204,0.0,0.0,0.0,0.0,0.051634803876204,0.0,1.3794283662219329,0.27,0.06
6432,0.051634803876204,0.0,0.0,0.0,0.0,0.051634803876204,0.0,1.3658402599387214,0.27,0.06
6433,0.05861248007569125,0.0,0.0,0.0,0.0,0.05861248007569125,0.0,1.3504159230766972,0.27,0.06
6434,0.05861248007569125,0.0,0.0,0.0,0.0,0.05861248007569125,0.0,1.3349915862146733,0.27,0.06
6435,0.0580143935443065,0.0,0.0,-2.0816681711721685e-17,0.0,0.05801439354430648,0.0,1.3197246405451184,0.27,0.06
6436,0.0580143935443065,0.0,0.0,0.0,0.0,0.0580143935443065,0.0,1.3044576948755642,0.27,0.06
6437,0.03947371107138375,0.0,0.0,0.0,0.0,0.03947371107138375,0.0,1.2940698761725684,0.27,0.06
6438,0.03947371107138375,0.0,0.0,0.0,0.0,0.03947371107138375,0.0,1.2836820574695729,0.27,0.06
6439,0.03189794834051225,0.0,0.0,0.0,0.0,0.03189794834051225,0.0,1.275287860537859,0.27,0.06
6440,0.03189794834051225,0.0,0.0,0.0,0.0,0.03189794834051225,0.0,1.2668936636061454,0.27,0.06
6441,0.0301036887463585,0.0,0.0,0.0,0.0,0.0301036887463585,0.0,1.2589716402518405,0.27,0.06
6442,0.0301036887463585,0.0,0.0,0.0,0.0,0.0301036887463585,0.0,1.2510496168975356,0.27,0.06
6443,0.0179425959415381,0.0,0.0,0.0,0.0,0.0179425959415381,0.0,1.2463278811234466,0.27,0.06
6444,0.0179425959415381,0.0,0.0,0.0,0.0,0.0179425959415381,0.0,1.2416061453493576,0.27,0.06
6445,0.02771134262082,0.0,0.0,6.938893903907228e-18,0.0,0.027711342620820006,0.0,1.2343136867649314,0.27,0.06
6446,0.02771134262082,0.0,0.0,6.938893903907228e-18,0.0,0.027711342620820006,0.0,1.227021228180505,0.27,0.06
6447,0.02551835867240975,0.0,0.0,0.0,0.0,0.02551835867240975,0.0,1.2203058706351342,0.27,0.06
6448,0.02551835867240975,0.0,0.0,0.0,0.0,0.02551835867240975,0.0,1.2135905130897633,0.27,0.06
6449,0.0330941214032815,0.0,0.0,0.0,0.0,0.0330941214032815,0.0,1.2048815337731102,0.27,0.06
6450,0.0330941214032815,0.0,0.0,0.0,0.0,0.0330941214032815,0.0,1.1961725544564572,0.27,0.06
6451,0.0360845540602045,0.0,0.0,0.0,0.0,0.0360845540602045,0.0,1.186676619177456,0.27,0.06
6452,0.0360845540602045,0.0,0.0,0.0,0.0,0.0360845540602045,0.0,1.1771806838984549,0.27,0.06
6453,0.02212920166123035,0.0,0.0,0.0,0.0,0.02212920166123035,0.0,1.1713572097770786,0.27,0.06
6454,0.02212920166123035,0.0,0.0,0.0,0.0,0.02212920166123035,0.0,1.165533735655702,0.27,0.06
6455,0.019736855535691926,0.0,0.0,0.0,0.0,0.019736855535691926,0.0,1.1603398263042042,0.27,0.06
6456,0.019736855535691926,0.0,0.0,0.0,0.0,0.019736855535691926,0.0,1.1551459169527063,0.27,0.06
6457,0.019537493358563723,0.0,0.0,0.0,0.0,0.019537493358563723,0.0,1.1500044713320317,0.27,0.06
6458,0.019537493358563723,0.0,0.0,0.0,0.0,0.019537493358563723,0.0,1.144863025711357,0.27,0.06
6459,0.0181419581186663,0.0,0.0,0.0,0.0,0.0181419581186663,0.0,1.1400888262064448,0.27,0.06
6460,0.0181419581186663,0.0,0.0,0.0,0.0,0.0181419581186663,0.0,1.1353146267015326,0.27,0.06
6461,0.13995224834399725,0.004463684176803872,0.0,-2.7755575615628914e-17,0.0,0.13548856416719335,0.0,1.0996597413943765,0.27,0.06
6462,0.13995224834399725,0.01548116337378657,0.0,0.0,0.0,0.12447108497021067,0.0,1.0669041927180052,0.27,0.06
6463,0.07117229723476776,0.00881088293893707,0.0,0.0,0.0,0.06236141429583068,0.0,1.0504932942191023,0.27,0.06
6464,0.07117229723476776,0.012611293620837512,0.0,0.0,0.0,0.05856100361393024,0.0,1.0350825037943838,0.27,0.06
6465,0.053628425647486,0.00916156379089567,0.0,0.0,0.0,0.04446686185659034,0.0,1.0233806980426496,0.27,0.06
6466,0.053628425647486,0.018983615252333514,0.0,0.0,0.0,0.03464481039515249,0.0,1.0142636426755043,0.27,0.06
6467,0.03389157011179425,0.02089969453264121,0.0,3.469446951953614e-18,0.0,0.012991875579153045,0.0,1.0108447280494113,0.27,0.06
6468,0.03389157011179425,0.021880713327074412,0.0,2.0816681711721685e-17,0.0,0.012010856784719859,0.0,1.0076839762639587,0.27,0.06
6469,0.05522332306451175,0.036970048193051205,0.0,1.3877787807814457e-17,0.0,0.018253274871460556,0.0,1.0028804828767321,0.27,0.06
6470,0.05522332306451175,0.06272145201292222,0.0,0.007498128948410468,0.0,0.0,0.0,1.0028804828767321,0.27,0.06
6471,0.04385967896820425,0.03291384403662172,0.0,0.0,0.0,0.010945834931582535,0.0,1.0,0.27,0.06
6472,0.04385967896820425,0.06360960313251433,0.0,0.01974992416431008,0.0,0.0,0.0,1.0,0.27,0.06
6473,0.032695397049025,0.11351053675493933,0.0,0.08081513970591434,-0.0,0.0,0.0,1.0,0.27,0.06
6474,0.032695397049025,0.12882771204002386,0.0,0.09613231499099886,0.0,0.0,0.0,1.0,0.27,0.06
6475,0.02950560221497375,0.13760239187218132,0.0,0.10809678965720756,0.0,0.0,0.0,1.0,0.27,0.06
6476,0.02950560221497375,0.13046323227185,0.0,0.10095763005687625,0.0,0.0,0.0,1.0,0.27,0.06
6477,0.02292665036974315,0.12500256761186043,0.0,0.10207591724211729,0.0,0.0,0.0,1.0,0.27,0.06
6478,0.02292665036974315,0.10719480441768305,0.0,0.0842681540479399,0.0,0.0,0.0,1.0,0.27,0.06
6479,0.02611644520379425,0.13938503836021085,0.0,0.1132685931564166,0.0,0.0,0.0,1.0,0.27,0.06
6480,0.02611644520379425,0.1556203471952577,0.0,0.12950390199146344,0.0,0.0,0.0,1.0,0.27,0.06
6481,0.0147528011074869,0.09197438878743798,0.0,0.07722158767995108,0.0,0.0,0.0,1.0,0.27,0.06
6482,0.0147528011074869,0.08861814409670923,0.0,0.07386534298922233,0.0,0.0,0.0,1.0,0.27,0.06
6483,0.2763159774996875,0.9475125879898333,0.0,0.5651032178664775,0.10609339262366824,0.0,0.0,1.0251971807481213,0.27,0.06
6484,0.2763159774996875,1.0555039529388208,0.0,0.0,0.7791879754391333,0.0,0.0,1.2102543249149154,0.27,0.06
6485,0.2848885511162,1.0788559175241146,0.0,0.0,0.7939673664079145,0.0,0.0,1.3988215744367951,0.27,0.06
6486,0.2848885511162,0.9601571181777337,0.0,0.0,0.6752685670615337,0.0,0.0,1.5591978591139093,0.27,0.06
6487,0.11961730627692076,0.6161027766484374,0.0,0.49648547037151664,0.0,0.0,0.0,1.5591978591139093,0.27,0.06
6488,0.11961730627692076,0.5494635495557395,0.0,0.0,0.42984624327881876,0.0,0.0,1.6612863418926287,0.27,0.06
6489,0.02392346125538415,0.11918062132225227,0.0,0.09525716006686812,0.0,0.0,0.0,1.6612863418926287,0.27,0.06
6490,0.02392346125538415,0.1470824103278858,0.0,0.0,0.12315894907250165,0.0,0.0,1.6905365922973479,0.27,0.06
6491,0.10466514299230575,0.4362689807349145,0.0,0.3316038377426087,0.0,0.0,0.0,1.6905365922973479,0.27,0.06
6492,0.10466514299230575,0.2886763900821828,0.0,0.0,0.18401124708987707,0.0,0.0,1.7342392634811936,0.27,0.06
6493,0.0147528011074869,0.056108544705682814,0.0,0.04135574359819591,0.0,0.0,0.0,1.7342392634811936,0.27,0.06
6494,0.0147528011074869,0.03572535799137512,0.0,0.02097255688388822,0.0,0.0,0.0,1.7342392634811936,0.27,0.06
6495,0.07854869778851124,0.11529652924154522,0.0,0.03674783145303398,0.0,0.0,0.0,1.7342392634811936,0.27,0.06
6496,0.07854869778851124,0.10508291285336428,0.0,0.02653421506485304,0.0,0.0,0.0,1.7342392634811936,0.27,0.06
6497,0.019736855535691926,0.05312286452908263,0.0,0.033386008993390705,0.0,0.0,0.0,1.7342392634811936,0.27,0.06
6498,0.019736855535691926,0.060021578769358964,0.0,0.04028472323366704,0.0,0.0,0.0,1.7342392634811936,0.27,0.06
6499,0.0163476985245125,0.05171369034081047,0.0,0.0,0.03536599181629797,0.0,0.0,1.7426386865375645,0.27,0.06
6500,0.0163476985245125,0.03864212914670878,0.0,0.02229443062219628,0.0,0.0,0.0,1.7426386865375645,0.27,0.06
6501,0.079146784319896,0.13901742834132802,0.0,1.942890293094024e-16,0.05987064402143183,0.0,0.0,1.7568579644926545,0.27,0.06
6502,0.079146784319896,0.11791298703997187,0.0,0.03876620272007584,0.0,-3.469446951953614e-17,0.0,1.7568579644926545,0.27,0.06
6503,0.0350877431745635,0.042604409037143215,0.0,0.007516665862579715,0.0,0.0,0.0,1.7568579644926545,0.27,0.06
6504,0.0350877431745635,0.02861530879001535,0.0,0.0,0.0,0.006472434384548149,0.0,1.7551546922861945,0.27,0.06
6505,0.10426641863804925,0.033147423206069226,0.0,0.0,0.0,0.07111899543198003,0.0,1.7364391671725155,0.27,0.06
6506,0.10426641863804925,0.01752445417912753,0.0,0.0,0.0,0.08674196445892172,0.0,1.7136123344201677,0.27,0.06
6507,0.05562204741876825,0.0029193068066789888,0.0,0.0,0.0,0.05270274061208926,0.0,1.6997431921538284,0.27,0.06
6508,0.05562204741876825,0.0,0.0,0.0,0.0,0.05562204741876825,0.0,1.6851058112541526,0.27,0.06
6509,0.0460526629166145,0.0,0.0,0.0,0.0,0.0460526629166145,0.0,1.672986689433991,0.27,0.06
6510,0.0460526629166145,0.0,0.0,0.0,0.0,0.0460526629166145,0.0,1.6608675676138294,0.27,0.06
6511,0.03767945147723,0.0,0.0,0.0,0.0,0.03767945147723,0.0,1.6509519224882425,0.27,0.06
6512,0.03767945147723,0.0,0.0,0.0,0.0,0.03767945147723,0.0,1.6410362773626557,0.27,0.06
6513,0.0500399064591785,0.0,0.0,0.0,0.0,0.0500399064591785,0.0,1.6278678809260296,0.27,0.06
6514,0.0500399064591785,0.0,0.0,0.0,0.0,0.0500399064591785,0.0,1.6146994844894038,0.27,0.06
6515,0.05123607952194775,0.0,0.0,0.0,0.0,0.05123607952194775,0.0,1.6012163056678386,0.27,0.06
6516,0.05123607952194775,0.0,0.0,0.0,0.0,0.05123607952194775,0.0,1.5877331268462733,0.27,0.06
6517,0.03090113745487125,0.0,0.0,0.0,0.0,0.03090113745487125,0.0,1.5796012485686757,0.27,0.06
6518,0.03090113745487125,0.0,0.0,0.0,0.0,0.03090113745487125,0.0,1.5714693702910778,0.27,0.06
6519,0.02412282343251235,0.0,0.0,0.0,0.0,0.02412282343251235,0.0,1.5651212588614694,0.27,0.06
6520,0.02412282343251235,0.0,0.0,0.0,0.0,0.02412282343251235,0.0,1.558773147431861,0.27,0.06
6521,0.0147528011074869,0.0,0.0,0.0,0.0,0.0147528011074869,0.0,1.5548908313509433,0.27,0.06
6522,0.0147528011074869,0.0,0.0,0.0,0.0,0.0147528011074869,0.0,1.5510085152700257,0.27,0.06
6523,0.013157903690461275,0.0,0.0,0.0,0.0,0.013157903690461275,0.0,1.5475459090356938,0.27,0.06
6524,0.013157903690461275,0.0,0.0,-1.734723475976807e-18,0.0,0.013157903690461274,0.0,1.5440833028013619,0.27,0.06
6525,0.021132390775589326,0.0,0.0,0.0,0.0,0.021132390775589326,0.0,1.5385221473341015,0.27,0.06
6526,0.021132390775589326,0.0,0.0,0.0,0.0,0.021132390775589326,0.0,1.5329609918668412,0.27,0.06
6527,0.15490441162861224,0.0,0.0,0.0,0.0,0.15490441162861224,0.0,1.4921966730172065,0.27,0.06
6528,0.15490441162861224,0.0,0.0,0.0,0.0,0.15490441162861224,0.0,1.4514323541675715,0.27,0.06
6529,0.1321771234359975,0.0,0.0,0.0,0.0,0.1321771234359975,0.0,1.4166489006317828,0.27,0.06
6530,0.1321771234359975,0.0,0.0,2.7755575615628914e-17,0.0,0.13217712343599752,0.0,1.3818654470959943,0.27,0.06
6531,0.05661885830440925,0.0,0.0,0.0,0.0,0.05661885830440925,0.0,1.3669657475422023,0.27,0.06
6532,0.05661885830440925,0.0,0.0,0.0,0.0,0.05661885830440925,0.0,1.3520660479884103,0.27,0.06
6533,0.0312998618091275,0.0,0.0,0.0,0.0,0.0312998618091275,0.0,1.3438292422491662,0.27,0.06
6534,0.0312998618091275,0.0,0.0,0.0,0.0,0.0312998618091275,0.0,1.335592436509922,0.27,0.06
6535,0.02412282343251235,0.0,0.0,0.0,0.0,0.02412282343251235,0.0,1.3292443250803136,0.27,0.06
6536,0.02412282343251235,0.0,0.0,0.0,0.0,0.02412282343251235,0.0,1.3228962136507052,0.27,0.06
6537,0.026714531735179,0.0,0.0,-6.938893903907228e-18,0.0,0.026714531735178994,0.0,1.3158660737203949,0.27,0.06
6538,0.026714531735179,0.0,0.0,0.0,0.0,0.026714531735179,0.0,1.3088359337900848,0.27,0.06
6539,0.013157903690461275,0.0,0.0,0.0,0.0,0.013157903690461275,0.0,1.3053733275557529,0.27,0.06
6540,0.013157903690461275,0.0,0.0,0.0,0.0,0.013157903690461275,0.0,1.301910721321421,0.27,0.06
6541,0.0147528011074869,0.0,0.0,0.0,0.0,0.0147528011074869,0.0,1.2980284052405033,0.27,0.06
6542,0.0147528011074869,0.0,0.0,0.0,0.0,0.0147528011074869,0.0,1.2941460891595857,0.27,0.06
6543,0.02811006697507625,0.0,0.0,0.0,0.0,0.02811006697507625,0.0,1.286748703113513,0.27,0.06
6544,0.02811006697507625,0.0,0.0,0.0,0.0,0.02811006697507625,0.0,1.2793513170674402,0.27,0.06
6545,0.02252792601548675,0.0,0.0,3.469446951953614e-18,0.0,0.022527926015486754,0.0,1.2734229154844172,0.27,0.06
6546,0.02252792601548675,0.0,0.0,0.0,0.0,0.02252792601548675,0.0,1.2674945139013944,0.27,0.06
6547,0.032695397049025,0.0,0.0,0.0,0.0,0.032695397049025,0.0,1.2588904620463879,0.27,0.06
6548,0.032695397049025,0.0,0.0,0.0,0.0,0.032695397049025,0.0,1.2502864101913813,0.27,0.06
6549,0.03050241310061475,0.0,0.0,0.0,0.0,0.03050241310061475,0.0,1.2422594593754301,0.27,0.06
6550,0.03050241310061475,0.0,0.0,0.0,0.0,0.03050241310061475,0.0,1.2342325085594787,0.27,0.06
6551,0.02232856383835855,0.0,0.0,0.0,0.0,0.02232856383835855,0.0,1.2283565707072792,0.27,0.06
6552,0.02232856383835855,0.0,0.0,3.469446951953614e-18,0.0,0.022328563838358552,0.0,1.2224806328550797,0.27,0.06
6553,0.019537493358563723,0.0,0.0,0.0,0.0,0.019537493358563723,0.0,1.217339187234405,0.27,0.06
6554,0.019537493358563723,0.0,0.0,0.0,0.0,0.019537493358563723,0.0,1.2121977416137304,0.27,0.06
6555,0.0181419581186663,0.0,0.0,5.551115123125783e-17,0.0,0.018141958118666354,0.0,1.2074235421088182,0.27,0.06
6556,0.0181419581186663,0.0,0.0,0.0,0.0,0.0181419581186663,0.0,1.202649342603906,0.27,0.06
6557,0.019736855535691926,0.0008259533018256177,0.0,0.0,0.0,0.01891090223386631,0.0,1.1976727893844674,0.27,0.06
6558,0.019736855535691926,0.005395350715552663,0.0,0.0,0.0,0.014341504820139264,0.0,1.1938987091686413,0.27,0.06
6559,0.02691389391230725,0.003566912030288993,0.0,0.0,0.0,0.023346981882018256,0.0,1.18775476656811,0.27,0.06
6560,0.02691389391230725,0.005197724072410644,0.0,0.0,0.0,0.021716169839896604,0.0,1.182039985031295,0.27,0.06
6561,0.0937002232502545,0.01860851701874947,0.0,0.0,0.0,0.07509170623150503,0.0,1.1622790097072149,0.27,0.06
6562,0.0937002232502545,0.04186197056397116,0.0,0.0,0.0,0.05183825268628334,0.0,1.1486373642634562,0.27,0.06
6563,0.10326960775240825,0.04174879837366863,0.0,-6.938893903907228e-18,0.0,0.06152080937873961,0.0,1.1324476775848404,0.27,0.06
6564,0.10326960775240825,0.05384346047774573,0.0,0.0,0.0,0.04942614727466252,0.0,1.119440796723087,0.27,0.06
6565,0.081140406091178,0.045793203662927655,0.0,0.0,0.0,0.03534720242825034,0.0,1.1101389013472318,0.27,0.06
6566,0.081140406091178,0.03503776171890557,0.0,0.0,0.0,0.046102644372272426,0.0,1.0980066265124233,0.27,0.06
6567,0.04445776549958875,0.059616603750705495,0.0,0.015158838251116746,0.0,0.0,0.0,1.0980066265124233,0.27,0.06
6568,0.04445776549958875,0.10948334385479536,0.0,-5.551115123125783e-16,0.06502557835520717,0.0,0.0,1.113450201371785,0.27,0.06
6569,0.089114893176306,0.15816239450192215,0.0,0.0,0.06904750132561616,0.0,0.0,1.129848982936619,0.27,0.06
6570,0.089114893176306,0.22108285856252838,0.0,0.0,0.13196796538622238,0.0,0.0,1.1611913747158467,0.27,0.06
6571,0.1628788987137405,0.4133513839128267,0.0,-2.7755575615628914e-16,0.2504724851990865,0.0,0.0,1.2206785899506296,0.27,0.06
6572,0.1628788987137405,0.38119993888853426,0.0,0.0,0.21832104017479376,0.0,0.0,1.2725298369921432,0.27,0.06
6573,0.03748008930010175,0.09347282078698124,0.0,-2.8449465006019636e-16,0.055992731486879777,0.0,0.0,1.2858281107202771,0.27,0.06
6574,0.03748008930010175,0.20443631558999562,0.0,0.0,0.16695622628989387,0.0,0.0,1.325480214464127,0.27,0.06
6575,0.02232856383835855,0.07384606816113463,0.0,6.938893903907228e-17,0.05151750432277602,0.0,0.0,1.3377156217407862,0.27,0.06
6576,0.02232856383835855,0.12983810394331255,0.0,0.0,0.107509540104954,0.0,0.0,1.3632491375157128,0.27,0.06
6577,0.0171451472330253,0.042961503967624055,0.0,0.0,0.025816356734598755,0.0,0.0,1.36938052224018,0.27,0.06
6578,0.0171451472330253,0.07119526957073388,0.0,0.0,0.05405012233770858,0.0,0.0,1.3822174262953857,0.27,0.06
6579,0.28269556716779,0.5501567400745778,0.0,0.0,0.26746117290678784,0.0,0.0,1.4457394548607478,0.27,0.06
6580,0.28269556716779,0.5560718710261552,0.0,0.0,0.2733763038583652,0.0,0.0,1.5106663270271097,0.27,0.06
6581,0.27930641015661,0.8205843768085702,0.0,0.0,0.5412779666519603,0.0,0.0,1.6392198441069503,0.27,0.06
6582,0.27930641015661,0.7943240674920082,0.0,-6.661338147750939e-16,0.5150176573353988,0.0,0.0,1.7615365377241075,0.27,0.06
6583,0.141547145761023,0.6066802109594058,0.0,-5.551115123125783e-16,0.4651330651983834,0.0,0.0,1.8720056407087236,0.27,0.06
6584,0.141547145761023,0.3569929438956178,0.0,0.0,0.2154457981345948,0.0,0.0,1.9231740177656897,0.27,0.06
6585,0.028708153506461,0.05867871193834275,0.0,0.029970558431881754,0.0,0.0,0.0,1.9231740177656897,0.27,0.06
6586,0.028708153506461,0.1314168028371045,0.0,0.0,0.1027086493306435,0.0,0.0,1.9475673219817176,0.27,0.06
6587,0.0937002232502545,0.22446204834105088,0.0,0.0,0.13076182509079637,0.0,0.0,1.9786232554407817,0.27,0.06
6588,0.0937002232502545,0.14153397381589022,0.0,6.938893903907228e-17,0.04783375056563566,0.0,0.0,1.98998377120012,0.27,0.06
6589,0.0155502498159997,0.03258560495432454,0.0,0.01703535513832484,0.0,0.0,0.0,1.98998377120012,0.27,0.06
6590,0.0155502498159997,0.03897346303761819,0.0,0.0,0.023423213221618493,0.0,0.0,1.9955467843402543,0.27,0.06
6591,0.08333339003958826,0.03640073755888733,0.0,0.0,0.0,0.04693265248070093,0.0,1.9831960863190172,0.27,0.06
6592,0.08333339003958826,0.06786864350920961,0.0,0.0,0.0,0.015464746530378645,0.0,1.979126416179444,0.27,0.06
6593,0.0175438715872817,0.014467811350304527,0.0,0.0,0.0,0.0030760602369771742,0.0,1.9783169266433973,0.27,0.06
6594,0.0175438715872817,0.021061900319313608,0.0,0.0035180287320319067,0.0,0.0,0.0,1.9783169266433973,0.27,0.06
6595,0.0157496119931279,0.04927571578819383,0.0,0.03352610379506593,0.0,0.0,0.0,1.9783169266433973,0.27,0.06
6596,0.0157496119931279,0.02325251707123257,0.0,0.007502905078104669,0.0,0.0,0.0,1.9783169266433973,0.27,0.06
6597,0.0817384926225625,0.07209032405466306,0.0,0.0,0.0,0.009648168567899434,0.0,1.9757779349150026,0.27,0.06
6598,0.0817384926225625,0.07260675770674417,0.0,0.0,0.0,0.009131734915818326,0.0,1.9733748467792611,0.27,0.06
6599,0.02511963431815325,0.015085963719500342,0.0,0.0,0.0,0.010033670598652907,0.0,1.9707344071480366,0.27,0.06
6600,0.02511963431815325,0.016567241498615076,0.0,-1.3877787807814457e-17,0.0,0.008552392819538158,0.0,1.9684837774586845,0.27,0.06
6601,0.04625202509374275,0.024727123450162185,0.0,0.0,0.0,0.021524901643580566,0.0,1.9628193296577423,0.27,0.06
6602,0.04625202509374275,0.015988568202931583,0.0,0.0,0.0,0.03026345689081117,0.0,1.9548552620548973,0.27,0.06
6603,0.056419496127281,0.0016433328736863572,0.0,0.0,0.0,0.05477616325359464,0.0,1.9404404822513197,0.27,0.06
6604,0.056419496127281,0.0,0.0,0.0,0.0,0.056419496127281,0.0,1.925593246428351,0.27,0.06
6605,0.074362092068819,0.0,0.0,0.0,0.0,0.074362092068819,0.0,1.9060242748312934,0.27,0.06
6606,0.074362092068819,0.0,0.0,0.0,0.0,0.074362092068819,0.0,1.8864553032342357,0.27,0.06
6607,0.1965711066484065,0.0,0.0,0.0,0.0,0.1965711066484065,0.0,1.8347260646425498,0.27,0.06
6608,0.1965711066484065,0.0,0.0,0.0,0.0,0.1965711066484065,0.0,1.782996826050864,0.27,0.06
6609,0.1620814500052275,0.0,0.0,0.0,0.0,0.1620814500052275,0.0,1.7403438128915936,0.27,0.06
6610,0.1620814500052275,0.0,0.0,0.0,0.0,0.1620814500052275,0.0,1.697690799732323,0.27,0.06
6611,0.021531115129845724,0.0,0.0,0.0,0.0,0.021531115129845724,0.0,1.6920247168034162,0.27,0.06
6612,0.021531115129845724,0.0,0.0,0.0,0.0,0.021531115129845724,0.0,1.6863586338745093,0.27,0.06
6613,0.02392346125538415,0.0,0.0,-2.0816681711721685e-17,0.0,0.02392346125538413,0.0,1.680062986175724,0.27,0.06
6614,0.02392346125538415,0.0,0.0,0.0,0.0,0.02392346125538415,0.0,1.6737673384769387,0.27,0.06
6615,0.03050241310061475,0.0,0.0,0.0,0.0,0.03050241310061475,0.0,1.6657403876609875,0.27,0.06
6616,0.03050241310061475,0.0,0.0,0.0,0.0,0.03050241310061475,0.0,1.6577134368450364,0.27,0.06
6617,0.1708533857988685,0.0,0.0,0.0,0.0,0.1708533857988685,0.0,1.6127520195295446,0.27,0.06
6618,0.1708533857988685,0.0,0.0,0.0,0.0,0.1708533857988685,0.0,1.5677906022140529,0.27,0.06
6619,0.07715316254861375,0.0,0.0,0.0,0.0,0.07715316254861375,0.0,1.5474871383854703,0.27,0.06
6620,0.07715316254861375,0.0,0.0,0.0,0.0,0.07715316254861375,0.0,1.5271836745568876,0.27,0.06
6621,0.0530303391161015,0.0,0.0,0.0,0.0,0.0530303391161015,0.0,1.5132283221579135,0.27,0.06
6622,0.0530303391161015,0.0,0.0,0.0,0.0,0.0530303391161015,0.0,1.4992729697589395,0.27,0.06
6623,0.02691389391230725,0.0,0.0,0.0,0.0,0.02691389391230725,0.0,1.4921903660978062,0.27,0.06
6624,0.02691389391230725,0.0,0.0,0.0,0.0,0.02691389391230725,0.0,1.4851077624366726,0.27,0.06
6625,0.0171451472330253,0.0,0.0,0.0,0.0,0.0171451472330253,0.0,1.4805958815858764,0.27,0.06
6626,0.0171451472330253,0.0,0.0,0.0,0.0,0.0171451472330253,0.0,1.4760840007350802,0.27,0.06
6627,0.02850879132933275,0.0,0.0,0.0,0.0,0.02850879132933275,0.0,1.4685816872273614,0.27,0.06
6628,0.02850879132933275,0.0,0.0,3.469446951953614e-18,0.0,0.028508791329332754,0.0,1.4610793737196424,0.27,0.06
6629,0.028708153506461,0.0,0.0,0.0,0.0,0.028708153506461,0.0,1.4535245964810999,0.27,0.06
6630,0.028708153506461,0.0,0.0,0.0,0.0,0.028708153506461,0.0,1.4459698192425576,0.27,0.06
6631,0.02511963431815325,0.0,0.0,0.0,0.0,0.02511963431815325,0.0,1.439359389158833,0.27,0.06
6632,0.02511963431815325,0.0,0.0,6.938893903907228e-18,0.0,0.025119634318153256,0.0,1.4327489590751084,0.27,0.06
6633,0.02511963431815325,0.0,0.0,0.0,0.0,0.02511963431815325,0.0,1.4261385289913837,0.27,0.06
6634,0.02511963431815325,0.0,0.0,-6.938893903907228e-18,0.0,0.02511963431815324,0.0,1.419528098907659,0.27,0.06
6635,0.0322966726947685,0.0,0.0,0.0,0.0,0.0322966726947685,0.0,1.411028974514299,0.27,0.06
6636,0.0322966726947685,0.0,0.0,0.0,0.0,0.0322966726947685,0.0,1.402529850120939,0.27,0.06
6637,0.048644371219281,0.0,0.0,0.0,0.0,0.048644371219281,0.0,1.3897286998000753,0.27,0.06
6638,0.048644371219281,0.0,0.0,0.0,0.0,0.048644371219281,0.0,1.376927549479212,0.27,0.06
6639,0.02611644520379425,0.0,0.0,0.0,0.0,0.02611644520379425,0.0,1.3700548007413713,0.27,0.06
6640,0.02611644520379425,0.0,0.0,0.0,0.0,0.02611644520379425,0.0,1.3631820520035307,0.27,0.06
6641,0.02192983948410215,0.0,0.0,0.0,0.0,0.02192983948410215,0.0,1.3574110416129774,0.27,0.06
6642,0.02192983948410215,0.0,0.0,0.0,0.0,0.02192983948410215,0.0,1.3516400312224244,0.27,0.06
6643,0.117823046682767,0.0,0.0,0.0,0.0,0.117823046682767,0.0,1.3206339663059068,0.27,0.06
6644,0.117823046682767,0.0,0.0,5.551115123125783e-17,0.0,0.11782304668276705,0.0,1.2896279013893892,0.27,0.06
6645,0.12320582546522825,0.0,0.0,0.0,0.0,0.12320582546522825,0.0,1.2572053157406449,0.27,0.06
6646,0.12320582546522825,0.0,0.0,0.0,0.0,0.12320582546522825,0.0,1.2247827300919005,0.27,0.06
6647,0.10586131605507475,0.0,0.0,0.0,0.0,0.10586131605507475,0.0,1.1969244890247754,0.27,0.06
6648,0.10586131605507475,0.0,0.0,0.0,0.0,0.10586131605507475,0.0,1.1690662479576506,0.27,0.06
6649,0.04126797066553775,0.0,0.0,-2.7755575615628914e-17,0.0,0.04126797066553772,0.0,1.158206255677246,0.27,0.06
6650,0.04126797066553775,0.0,0.0,0.0,0.0,0.04126797066553775,0.0,1.1473462633968414,0.27,0.06
6651,0.043660316791076,0.0,0.0,0.0,0.0,0.043660316791076,0.0,1.1358567063465583,0.27,0.06
6652,0.043660316791076,5.8206538782036175e-05,0.0,0.0,0.0,0.04360211025229396,0.0,1.124382466806481,0.27,0.06
6653,0.0420654193740505,0.0034224161482351097,0.0,0.0,0.0,0.03864300322581539,0.0,1.1142132554312665,0.27,0.06
6654,0.0420654193740505,0.0053129804508351966,0.0,6.938893903907228e-18,0.0,0.03675243892321531,0.0,1.1045415609777887,0.27,0.06
6655,0.03349284575753775,0.006241044086315902,0.0,0.0,0.0,0.027251801671221848,0.0,1.097370034222204,0.27,0.06
6656,0.03349284575753775,0.009839203724879859,0.0,3.469446951953614e-18,0.0,0.023653642032657893,0.0,1.0911453915820308,0.27,0.06
6657,0.04784692251076825,0.01357015641068805,0.0,0.0,0.0,0.034276766100080194,0.0,1.0821251899767466,0.27,0.06
6658,0.04784692251076825,0.014211341610016238,0.0,0.0,0.0,0.03363558090075201,0.0,1.0732737213186538,0.27,0.06
6659,0.13257584779025375,0.03541253413630505,0.0,0.0,0.0,0.0971633136539487,0.0,1.0477044282518253,0.27,0.06
6660,0.13257584779025375,0.051378570783047604,0.0,0.0,0.0,0.08119727700720614,0.0,1.0263367237762449,0.27,0.06
6661,0.1024721590438955,0.04772013622934636,0.0,1.3877787807814457e-17,0.0,0.05475202281454916,0.0,1.0119282967197847,0.27,0.06
6662,0.1024721590438955,0.05714463150871404,0.0,2.0816681711721685e-17,0.0,0.04532752753518149,0.0,1.0,0.27,0.06
6663,0.02472090996389695,0.030829180811579406,0.0,0.0061082708476824545,0.0,0.0,0.0,1.0,0.27,0.06
6664,0.02472090996389695,0.08074418688787816,0.0,0.05602327692398121,0.0,0.0,0.0,1.0,0.27,0.06
6665,0.011961730627692076,0.061807918869371724,0.0,0.04984618824167965,0.0,0.0,0.0,1.0,0.27,0.06
6666,0.011961730627692076,0.14465871267786998,0.0,0.1326969820501779,0.0,0.0,0.0,1.0,0.27,0.06
6667,0.0149521632846151,0.0855694446487085,0.0,0.0706172813640934,0.0,0.0,0.0,1.0,0.27,0.06
6668,0.0149521632846151,0.09024826553351915,0.0,0.07529610224890405,0.0,0.0,0.0,1.0,0.27,0.06
6669,0.1451356649493305,0.7916460938770881,0.0,0.6465104289277576,0.0,0.0,0.0,1.0,0.27,0.06
6670,0.1451356649493305,1.0317177469860324,0.0,0.5062049939626634,0.3803770880740384,0.0,0.0,1.0903395584175841,0.27,0.06
6671,0.02432218560964055,0.4369481954619064,0.0,0.41262600985226583,0.0,0.0,0.0,1.0903395584175841,0.27,0.06
6672,0.02432218560964055,0.25970109776385314,0.0,0.23537891215421258,0.0,0.0,0.0,1.0903395584175841,0.27,0.06
6673,0.0263158073809225,0.18029189499728943,0.0,0.15397608761636694,0.0,0.0,0.0,1.0903395584175841,0.27,0.06
6674,0.0263158073809225,0.2247932553290946,0.0,0.19847744794817213,0.0,0.0,0.0,1.0903395584175841,0.27,0.06
6675,0.2848885511162,0.6889389495568687,0.0,0.40405039844066876,0.0,0.0,0.0,1.0903395584175841,0.27,0.06
6676,0.2848885511162,0.8142447408188187,0.0,6.661338147750939e-16,0.529356189702618,0.0,0.0,1.216061653471956,0.27,0.06
6677,0.276515339676815,0.710787807070153,0.0,1.6653345369377348e-16,0.4342724673933378,0.0,0.0,1.3192013644778735,0.27,0.06
6678,0.276515339676815,0.6478178231745424,0.0,1.6653345369377348e-16,0.3713024834977272,0.0,0.0,1.4073857043085838,0.27,0.06
6679,0.088118082290665,0.4296506774896239,0.0,0.0,0.34153259519895884,0.0,0.0,1.4884996956683365,0.27,0.06
6680,0.088118082290665,0.43269116705999533,0.0,0.0,0.34457308476933035,0.0,0.0,1.5703358033010524,0.27,0.06
6681,0.0143540767532305,0.08332546010069987,0.0,0.0,0.06897138334746937,0.0,0.0,1.5867165068460765,0.27,0.06
6682,0.0143540767532305,0.06535468162859663,0.0,0.05100060487536613,0.0,0.0,0.0,1.5867165068460765,0.27,0.06
6683,0.07854869778851124,0.20699280682166613,0.0,0.0,0.1284441090331549,0.0,0.0,1.6172219827414507,0.27,0.06
6684,0.07854869778851124,0.1157827347651501,0.0,0.03723403697663885,0.0,0.0,0.0,1.6172219827414507,0.27,0.06
6685,0.00937002232502545,0.01660594580937119,0.0,0.007235923484345739,0.0,0.0,0.0,1.6172219827414507,0.27,0.06
6686,0.00937002232502545,0.012932069427234561,0.0,0.0035620471022091114,0.0,0.0,0.0,1.6172219827414507,0.27,0.06
6687,0.08851680664492124,0.05195029244520531,0.0,0.0,0.0,0.03656651419971593,0.0,1.6075992158467887,0.27,0.06
6688,0.08851680664492124,0.031423472217042815,0.0,0.0,0.0,0.05709333442787843,0.0,1.5925746541552417,0.27,0.06
6689,0.0161483363473843,0.01161788072544586,0.0,0.0,0.0,0.004530455621938441,0.0,1.5913824289915737,0.27,0.06
6690,0.0161483363473843,0.025765045794035216,0.0,0.0,0.009616709446650915,0.0,0.0,1.5936663974851533,0.27,0.06
6691,0.018341320295794526,0.012847474110426893,0.0,0.0,0.0,0.005493846185367633,0.0,1.5922206484890038,0.27,0.06
6692,0.018341320295794526,0.026252902160483003,0.0,4.5102810375396984e-17,0.007911581864688433,0.0,0.0,1.5940996491818673,0.27,0.06
6693,0.07396336771456274,0.07900229585372744,0.0,0.005038928139164671,0.0,-2.0383000842727483e-17,0.0,1.5940996491818673,0.27,0.06
6694,0.07396336771456274,0.04715451391878555,0.0,0.0,0.0,0.026808853795777195,0.0,1.5870446876566628,0.27,0.06
6695,0.00717703837661525,0.003542905004268328,0.0,0.0,0.0,0.0036341333723469214,0.0,1.586088336769203,0.27,0.06
6696,0.00717703837661525,0.0017443927365308007,0.0,0.0,0.0,0.005432645640084449,0.0,1.584658693179707,0.27,0.06
6697,0.010964919742051075,0.0018834871559681862,0.0,0.0,0.0,0.00908143258608289,0.0,1.582268842499159,0.27,0.06
6698,0.010964919742051075,0.0011821927620737007,0.0,0.0,0.0,0.009782726979977374,0.0,1.5796944406623228,0.27,0.06
6699,0.07755188690287025,0.0012038047458809817,0.0,0.0,0.0,0.07634808215698927,0.0,1.559602840094694,0.27,0.06
6700,0.07755188690287025,0.0,0.0,0.0,0.0,0.07755188690287025,0.0,1.539194448804465,0.27,0.06
6701,0.1551037738057405,0.0,0.0,0.0,0.0,0.1551037738057405,0.0,1.4983776662240071,0.27,0.06
6702,0.1551037738057405,0.0,0.0,-5.551115123125783e-17,0.0,0.15510377380574045,0.0,1.4575608836435492,0.27,0.06
6703,0.059409928784204,0.0,0.0,0.0,0.0,0.059409928784204,0.0,1.4419266918582323,0.27,0.06
6704,0.059409928784204,0.0,0.0,0.0,0.0,0.059409928784204,0.0,1.4262925000729154,0.27,0.06
6705,0.0530303391161015,0.0,0.0,0.0,0.0,0.0530303391161015,0.0,1.4123371476739413,0.27,0.06
6706,0.0530303391161015,0.0,0.0,0.0,0.0,0.0530303391161015,0.0,1.398381795274967,0.27,0.06
6707,0.05083735516769125,0.0,0.0,0.0,0.0,0.05083735516769125,0.0,1.3850035439150485,0.27,0.06
6708,0.05083735516769125,0.0,0.0,0.0,0.0,0.05083735516769125,0.0,1.3716252925551298,0.27,0.06
6709,0.02192983948410215,0.0,0.0,0.0,0.0,0.02192983948410215,0.0,1.3658542821645765,0.27,0.06
6710,0.02192983948410215,0.0,0.0,0.0,0.0,0.02192983948410215,0.0,1.3600832717740232,0.27,0.06
6711,0.012559817159076675,0.0,0.0,0.0,0.0,0.012559817159076675,0.0,1.356778056732161,0.27,0.06
6712,0.012559817159076675,0.0,0.0,0.0,0.0,0.012559817159076675,0.0,1.3534728416902986,0.27,0.06
6713,0.0149521632846151,0.0,0.0,0.0,0.0,0.0149521632846151,0.0,1.3495380618785577,0.27,0.06
6714,0.0149521632846151,0.0,0.0,0.0,0.0,0.0149521632846151,0.0,1.345603282066817,0.27,0.06
6715,0.00877193579364085,0.0,0.0,0.0,0.0,0.00877193579364085,0.0,1.3432948779105958,0.27,0.06
6716,0.00877193579364085,0.0,0.0,0.0,0.0,0.00877193579364085,0.0,1.3409864737543744,0.27,0.06
6717,0.051435441699076,0.0,0.0,0.0,0.0,0.051435441699076,0.0,1.3274508312019861,0.27,0.06
6718,0.051435441699076,0.0,0.0,0.0,0.0,0.051435441699076,0.0,1.3139151886495977,0.27,0.06
6719,0.0390749867171275,0.0,0.0,0.0,0.0,0.0390749867171275,0.0,1.3036322974082484,0.27,0.06
6720,0.0390749867171275,0.0,0.0,0.0,0.0,0.0390749867171275,0.0,1.2933494061668989,0.27,0.06
6721,0.0311004996319995,0.0,0.0,1.0408340855860843e-17,0.0,0.031100499631999512,0.0,1.285165064158478,0.27,0.06
6722,0.0311004996319995,0.0,0.0,0.0,0.0,0.0311004996319995,0.0,1.276980722150057,0.27,0.06
6723,0.04126797066553775,0.0,0.0,0.0,0.0,0.04126797066553775,0.0,1.2661207298696524,0.27,0.06
6724,0.04126797066553775,0.0,0.0,0.0,0.0,0.04126797066553775,0.0,1.255260737589248,0.27,0.06
6725,0.02651516955805075,0.0,0.0,0.0,0.0,0.02651516955805075,0.0,1.2482830613897609,0.27,0.06
6726,0.02651516955805075,0.0,0.0,0.0,0.0,0.02651516955805075,0.0,1.2413053851902738,0.27,0.06
6727,0.02791070479794825,0.0,0.0,0.0,0.0,0.02791070479794825,0.0,1.233960462875024,0.27,0.06
6728,0.02791070479794825,0.0,0.0,0.0,0.0,0.02791070479794825,0.0,1.2266155405597745,0.27,0.06
6729,0.032695397049025,0.0,0.0,0.0,0.0,0.032695397049025,0.0,1.218011488704768,0.27,0.06
6730,0.032695397049025,0.0,0.0,0.0,0.0,0.032695397049025,0.0,1.2094074368497614,0.27,0.06
6731,0.021331752952717525,0.0,0.0,0.0,0.0,0.021331752952717525,0.0,1.2037938176516778,0.27,0.06
6732,0.021331752952717525,0.0,0.0,0.0,0.0,0.021331752952717525,0.0,1.1981801984535942,0.27,0.06
6733,0.018341320295794526,0.0,0.0,0.0,0.0,0.018341320295794526,0.0,1.1933535352178588,0.27,0.06
6734,0.018341320295794526,0.0,0.0,0.0,0.0,0.018341320295794526,0.0,1.1885268719821234,0.27,0.06
6735,0.020534304244204726,0.0,0.0,0.0,0.0,0.020534304244204726,0.0,1.1831231077073328,0.27,0.06
6736,0.020534304244204726,0.0,0.0,0.0,0.0,0.020534304244204726,0.0,1.1777193434325421,0.27,0.06
6737,0.02511963431815325,0.0,0.0,0.0,0.0,0.02511963431815325,0.0,1.1711089133488175,0.27,0.06
6738,0.02511963431815325,0.0,0.0,0.0,0.0,0.02511963431815325,0.0,1.1644984832650929,0.27,0.06
6739,0.0382775380086145,0.0,0.0,0.0,0.0,0.0382775380086145,0.0,1.1544254469470365,0.27,0.06
6740,0.0382775380086145,0.0,0.0,0.0,0.0,0.0382775380086145,0.0,1.1443524106289802,0.27,0.06
6741,0.05422651217887075,0.0,0.0,-6.938893903907228e-18,0.0,0.05422651217887074,0.0,1.1300822758450668,0.27,0.06
6742,0.05422651217887075,0.0,0.0,0.0,0.0,0.05422651217887075,0.0,1.1158121410611535,0.27,0.06
6743,0.04385967896820425,0.0,0.0,0.0,0.0,0.04385967896820425,0.0,1.1042701202800471,0.27,0.06
6744,0.04385967896820425,0.0,0.0,0.0,0.0,0.04385967896820425,0.0,1.0927280994989406,0.27,0.06
6745,0.0550239608873835,0.0,0.0,0.0,0.0,0.0550239608873835,0.0,1.0782481097917345,0.27,0.06
6746,0.0550239608873835,0.0,0.0,0.0,0.0,0.0550239608873835,0.0,1.0637681200845284,0.27,0.06
6747,0.04625202509374275,0.0,0.0,0.0,0.0,0.04625202509374275,0.0,1.0515965345335434,0.27,0.06
6748,0.04625202509374275,0.0024450471666246456,0.0,0.0,0.0,0.04380697792711811,0.0,1.0400683824474597,0.27,0.06
6749,0.03050241310061475,0.004487241520730171,0.0,0.0,0.0,0.02601517157988458,0.0,1.0332222846632795,0.27,0.06
6750,0.03050241310061475,0.011631085198128666,0.0,0.0,0.0,0.018871327902486086,0.0,1.0282561457415726,0.27,0.06
6751,0.033692207934666,0.018417754968356324,0.0,0.0,0.0,0.015274452966309676,0.0,1.0242365528557018,0.27,0.06
6752,0.033692207934666,0.018009849993707007,0.0,-3.469446951953614e-18,0.0,0.01568235794095899,0.0,1.0201096165554495,0.27,0.06
6753,0.02412282343251235,0.013401331028134272,0.0,0.0,0.0,0.010721492404378079,0.0,1.0172881711858763,0.27,0.06
6754,0.02412282343251235,0.021611935846717355,0.0,0.0,0.0,0.0025108875857949957,0.0,1.0166274112948777,0.27,0.06
6755,0.0273126182665635,0.020004022059140578,0.0,0.0,0.0,0.007308596207422923,0.0,1.0147040965034506,0.27,0.06
6756,0.0273126182665635,0.014331831713858505,0.0,0.0,0.0,0.012980786552704996,0.0,1.0112881000422125,0.27,0.06
6757,0.0291068778607175,0.024099621637262498,0.0,1.3877787807814457e-17,0.0,0.0050072562234550165,0.0,1.0099704010360402,0.27,0.06
6758,0.0291068778607175,0.027826148449015774,0.0,0.0,0.0,0.001280729411701726,0.0,1.009633366980329,0.27,0.06
6759,0.0303030509234865,0.03313239514134765,0.0,0.0028293442178611503,0.0,0.0,0.0,1.009633366980329,0.27,0.06
6760,0.0303030509234865,0.025181612506011915,0.0,0.0,0.0,0.005121438417474585,0.0,1.008285620028362,0.27,0.06
6761,0.03289475922615325,0.038077392760712266,0.0,0.005182633534559014,0.0,0.0,0.0,1.008285620028362,0.27,0.06
6762,0.03289475922615325,0.022064900754100687,0.0,2.42861286636753e-17,0.0,0.01082985847205259,0.0,1.0054356572725587,0.27,0.06
6763,0.02472090996389695,0.05194598961105576,0.0,0.02722507964715881,0.0,0.0,0.0,1.0054356572725587,0.27,0.06
6764,0.02472090996389695,0.05928531627376576,0.0,0.0345644063098688,0.0,0.0,0.0,1.0054356572725587,0.27,0.06
6765,0.0165470607016407,0.04613930320156077,0.0,0.02959224249992007,0.0,0.0,0.0,1.0054356572725587,0.27,0.06
6766,0.0165470607016407,0.10753461472855495,0.0,0.09098755402691425,0.0,0.0,0.0,1.0054356572725587,0.27,0.06
6767,0.02192983948410215,0.1336204746769364,0.0,0.0,0.11169063519283426,0.0,0.0,1.0319621831308567,0.27,0.06
6768,0.02192983948410215,0.07074421094613555,0.0,0.04881437146203339,0.0,0.0,0.0,1.0319621831308567,0.27,0.06
6769,0.018341320295794526,0.06736823791659666,0.0,0.049026917620802135,0.0,0.0,0.0,1.0319621831308567,0.27,0.06
6770,0.018341320295794526,0.06139544170417731,0.0,0.04305412140838279,0.0,0.0,0.0,1.0319621831308567,0.27,0.06
6771,0.2767147018539425,0.3571508418387417,0.0,0.0804361399847992,0.0,0.0,0.0,1.0319621831308567,0.27,0.06
6772,0.2767147018539425,0.6977207248041892,0.0,-5.551115123125783e-17,0.4210060229502468,0.0,0.0,1.1319511135815403,0.27,0.06
6773,0.28030322104225,0.7098748026825469,0.0,8.326672684688674e-16,0.4295715816402961,0.0,0.0,1.2339743642211107,0.27,0.06
6774,0.28030322104225,0.5204983505407732,0.0,-6.106226635438361e-16,0.24019512949852384,0.0,0.0,1.2910207074770101,0.27,0.06
6775,0.1084530243577415,0.3066607387241221,0.0,0.0,0.19820771436638057,0.0,0.0,1.3380950396390257,0.27,0.06
6776,0.1084530243577415,0.3362862812338763,0.0,-1.6653345369377348e-16,0.22783325687613498,0.0,0.0,1.3922054381471076,0.27,0.06
6777,0.07356464336030626,0.1882481887712658,0.0,0.11468354541095956,0.0,0.0,0.0,1.3922054381471076,0.27,0.06
6778,0.07356464336030626,0.17311594058875354,0.0,1.3877787807814457e-17,0.09955129722844727,0.0,0.0,1.415848871238864,0.27,0.06
6779,0.05661885830440925,0.1511901150012505,0.0,0.0,0.09457125669684127,0.0,0.0,1.4383095447043637,0.27,0.06
6780,0.05661885830440925,0.12029072043768896,0.0,0.06367186213327972,0.0,0.0,0.0,1.4383095447043637,0.27,0.06
6781,0.018341320295794526,0.07916743114235375,0.0,1.3877787807814457e-16,0.06082611084655909,0.0,0.0,1.4527557460304215,0.27,0.06
6782,0.018341320295794526,0.07929812098991414,0.0,0.060956800694119614,0.0,0.0,0.0,1.4527557460304215,0.27,0.06
6783,0.0807416817369215,0.2185769946328604,0.0,0.0,0.1378353128959389,0.0,0.0,1.485491632843207,0.27,0.06
6784,0.0807416817369215,0.18084468764683972,0.0,0.0,0.10010300590991822,0.0,0.0,1.5092660967468126,0.27,0.06
6785,0.0157496119931279,0.05407812794214052,0.0,0.038328515949012626,0.0,0.0,0.0,1.5092660967468126,0.27,0.06
6786,0.0157496119931279,0.029636638129614246,0.0,0.013887026136486347,0.0,0.0,0.0,1.5092660967468126,0.27,0.06
6787,0.074362092068819,0.09733819483962891,0.0,0.022976102770809914,0.0,0.0,0.0,1.5092660967468126,0.27,0.06
6788,0.074362092068819,0.0706645575737173,0.0,0.0,0.0,0.003697534495101698,0.0,1.5082930613533647,0.27,0.06
6789,0.03050241310061475,0.027363450330918478,0.0,0.0,0.0,0.003138962769696274,0.0,1.507467018519234,0.27,0.06
6790,0.03050241310061475,0.018265586722674438,0.0,0.0,0.0,0.012236826377940314,0.0,1.504246801051355,0.27,0.06
6791,0.02372409907825595,0.01231847096994834,0.0,0.0,0.0,0.011405628108307609,0.0,1.5012453199702214,0.27,0.06
6792,0.02372409907825595,0.007031281647791213,0.0,0.0,0.0,0.016692817430464735,0.0,1.4968524732779938,0.27,0.06
6793,0.09489639631302375,0.007383704712378968,0.0,0.0,0.0,0.08751269160064479,0.0,1.4738228175936137,0.27,0.06
6794,0.09489639631302375,0.0035300876060882394,0.0,0.0,0.0,0.09136630870693552,0.0,1.44977905214442,0.27,0.06
6795,0.019138769004307325,0.0,0.0,6.938893903907228e-18,0.0,0.019138769004307332,0.0,1.4447425339853917,0.27,0.06
6796,0.019138769004307325,0.0,0.0,0.0,0.0,0.019138769004307325,0.0,1.4397060158263635,0.27,0.06
6797,0.0157496119931279,0.0,0.0,1.0408340855860843e-17,0.0,0.01574961199312791,0.0,1.43556138109133,0.27,0.06
6798,0.0157496119931279,0.0,0.0,0.0,0.0,0.0157496119931279,0.0,1.4314167463562963,0.27,0.06
6799,0.02412282343251235,0.0,0.0,0.0,0.0,0.02412282343251235,0.0,1.425068634926688,0.27,0.06
6800,0.02412282343251235,0.0,0.0,0.0,0.0,0.02412282343251235,0.0,1.4187205234970792,0.27,0.06
6801,0.019936217712820125,0.0,0.0,0.0,0.0,0.019936217712820125,0.0,1.413474150414758,0.27,0.06
6802,0.019936217712820125,0.0,0.0,0.0,0.0,0.019936217712820125,0.0,1.4082277773324372,0.27,0.06
6803,0.0263158073809225,0.0,0.0,0.0,0.0,0.0263158073809225,0.0,1.4013025648637734,0.27,0.06
6804,0.0263158073809225,0.0,0.0,-6.938893903907228e-18,0.0,0.02631580738092249,0.0,1.3943773523951095,0.27,0.06
6805,0.0320973105176405,0.0,0.0,0.0,0.0,0.0320973105176405,0.0,1.3859306917325727,0.27,0.06
6806,0.0320973105176405,0.0,0.0,0.0,0.0,0.0320973105176405,0.0,1.3774840310700356,0.27,0.06
6807,0.028708153506461,0.0,0.0,0.0,0.0,0.028708153506461,0.0,1.3699292538314933,0.27,0.06
6808,0.028708153506461,0.0,0.0,0.0,0.0,0.028708153506461,0.0,1.3623744765929509,0.27,0.06
6809,0.031698586163384,0.0,0.0,0.0,0.0,0.031698586163384,0.0,1.3540327433920605,0.27,0.06
6810,0.031698586163384,0.0,0.0,0.0,0.0,0.031698586163384,0.0,1.3456910101911699,0.27,0.06
6811,0.02292665036974315,0.0,0.0,0.0,0.0,0.02292665036974315,0.0,1.3396576811465006,0.27,0.06
6812,0.02292665036974315,0.0,0.0,0.0,0.0,0.02292665036974315,0.0,1.3336243521018314,0.27,0.06
6813,0.0173445094101535,0.0,0.0,0.0,0.0,0.0173445094101535,0.0,1.3290600075202121,0.27,0.06
6814,0.0173445094101535,0.0,0.0,0.0,0.0,0.0173445094101535,0.0,1.3244956629385927,0.27,0.06
6815,0.05183416605333225,0.0,0.0,0.0,0.0,0.05183416605333225,0.0,1.310855092924558,0.27,0.06
6816,0.05183416605333225,0.0,0.0,0.0,0.0,0.05183416605333225,0.0,1.2972145229105232,0.27,0.06
6817,0.07555826513158825,0.0,0.0,0.0,0.0,0.07555826513158825,0.0,1.2773307689285263,0.27,0.06
6818,0.07555826513158825,0.0,0.0,0.0,0.0,0.07555826513158825,0.0,1.2574470149465293,0.27,0.06
6819,0.047448198156512,0.0,0.0,0.0,0.0,0.047448198156512,0.0,1.2449606470106052,0.27,0.06
6820,0.047448198156512,0.0,0.0,0.0,0.0,0.047448198156512,0.0,1.232474279074681,0.27,0.06
6821,0.036682640591589,0.0,0.0,1.3877787807814457e-17,0.0,0.036682640591589016,0.0,1.22282095260321,0.27,0.06
6822,0.036682640591589,0.0,0.0,0.0,0.0,0.036682640591589,0.0,1.2131676261317392,0.27,0.06
6823,0.02392346125538415,0.0,0.0,0.0,0.0,0.02392346125538415,0.0,1.206871978432954,0.27,0.06
6824,0.02392346125538415,0.0,0.0,0.0,0.0,0.02392346125538415,0.0,1.2005763307341688,0.27,0.06
6825,0.0167464228787689,0.0,0.0,-6.938893903907228e-18,0.0,0.01674642287876889,0.0,1.196169377345019,0.27,0.06
6826,0.0167464228787689,0.0,0.0,0.0,0.0,0.0167464228787689,0.0,1.1917624239558693,0.27,0.06
6827,0.021132390775589326,0.0,0.0,0.0,0.0,0.021132390775589326,0.0,1.186201268488609,0.27,0.06
6828,0.021132390775589326,0.0,0.0,-3.469446951953614e-18,0.0,0.021132390775589323,0.0,1.1806401130213486,0.27,0.06
6829,0.012958541513333074,0.0,0.0,0.0,0.0,0.012958541513333074,0.0,1.1772299705178402,0.27,0.06
6830,0.012958541513333074,0.0,0.0,0.0,0.0,0.012958541513333074,0.0,1.1738198280143315,0.27,0.06
6831,0.02372409907825595,0.0,0.0,0.0,0.0,0.02372409907825595,0.0,1.1675766440463693,0.27,0.06
6832,0.02372409907825595,0.0,0.0,0.0,0.0,0.02372409907825595,0.0,1.161333460078407,0.27,0.06
6833,0.0273126182665635,0.0,0.0,0.0,0.0,0.0273126182665635,0.0,1.1541459289556273,0.27,0.06
6834,0.0273126182665635,0.0,0.0,0.0,0.0,0.0273126182665635,0.0,1.1469583978328473,0.27,0.06
6835,0.0311004996319995,0.0,0.0,1.3877787807814457e-17,0.0,0.031100499631999515,0.0,1.1387740558244264,0.27,0.06
6836,0.0311004996319995,0.0,0.0,1.0408340855860843e-17,0.0,0.031100499631999512,0.0,1.1305897138160055,0.27,0.06
6837,0.021531115129845724,0.0,0.0,0.0,0.0,0.021531115129845724,0.0,1.1249236308870987,0.27,0.06
6838,0.021531115129845724,0.0,0.0,0.0,0.0,0.021531115129845724,0.0,1.1192575479581919,0.27,0.06
6839,0.02771134262082,0.0,0.0,0.0,0.0,0.02771134262082,0.0,1.1119650893737656,0.27,0.06
6840,0.02771134262082,0.0,0.0,0.0,0.0,0.02771134262082,0.0,1.1046726307893393,0.27,0.06
6841,0.030701775277743,0.0,0.0,0.0,0.0,0.030701775277743,0.0,1.0965932162425647,0.27,0.06
6842,0.030701775277743,0.0,0.0,0.0,0.0,0.030701775277743,0.0,1.0885138016957903,0.27,0.06
6843,0.03748008930010175,0.0,0.0,6.938893903907228e-18,0.0,0.03748008930010176,0.0,1.0786506203010267,0.27,0.06
6844,0.03748008930010175,0.0013813207271331043,0.0,0.0,0.0,0.03609876857296865,0.0,1.0691509443607718,0.27,0.06
6845,0.05083735516769125,0.006381452177272229,0.0,0.0,0.0,0.04445590299041902,0.0,1.0574520225211879,0.27,0.06
6846,0.05083735516769125,0.011044159123275374,0.0,0.0,0.0,0.03979319604441588,0.0,1.046980128825289,0.27,0.06
6847,0.05223289040758875,0.011750684673298546,0.0,0.0,0.0,0.040482205734290205,0.0,1.0363269167899494,0.27,0.06
6848,0.05223289040758875,0.013254414051826644,0.0,0.0,0.0,0.038978476355762105,0.0,1.0260694230121172,0.27,0.06
6849,0.0320973105176405,0.008250664910606487,0.0,0.0,0.0,0.02384664560703401,0.0,1.0197939899576347,0.27,0.06
6850,0.0320973105176405,0.011236460682201577,0.0,0.0,0.0,0.02086084983543892,0.0,1.0143042926325192,0.27,0.06
6851,0.03628391623733275,0.013626030171184113,0.0,0.0,0.0,0.022657886066148637,0.0,1.0083416910361642,0.27,0.06
6852,0.03628391623733275,0.01707761752829381,0.0,0.0,0.0,0.01920629870903894,0.0,1.0032874019022067,0.27,0.06
6853,0.0273126182665635,0.014820491038178271,0.0,0.0,0.0,0.01249212722838523,0.0,1.0,0.27,0.06
6854,0.0273126182665635,0.031225795064393526,0.0,0.003913176797830025,0.0,0.0,0.0,1.0,0.27,0.06
6855,0.02551835867240975,0.1114613816400264,0.0,0.08594302296761666,0.0,0.0,0.0,1.0,0.27,0.06
6856,0.02551835867240975,0.26505147686410685,0.0,0.2395331181916971,0.0,0.0,0.0,1.0,0.27,0.06
6857,0.03448965664317875,0.17287565717793946,0.0,0.13838600053476072,0.0,0.0,0.0,1.0,0.27,0.06
6858,0.03448965664317875,0.2103731510619315,0.0,0.17588349441875276,0.0,0.0,0.0,1.0,0.27,0.06
6859,0.02771134262082,0.35690827068454045,0.0,0.3291969280637205,0.0,0.0,0.0,1.0,0.27,0.06
6860,0.02771134262082,0.3406308368540043,0.0,0.3129194942331843,0.0,0.0,0.0,1.0,0.27,0.06
6861,0.02850879132933275,0.4492710428325421,0.0,0.42076225150320934,0.0,0.0,0.0,1.0,0.27,0.06
6862,0.02850879132933275,0.40611722919869475,0.0,0.377608437869362,0.0,0.0,0.0,1.0,0.27,0.06
6863,0.03249603487189675,0.49578418490298404,0.0,0.4632881500310873,0.0,0.0,0.0,1.0,0.27,0.06
6864,0.03249603487189675,0.4013849711978894,0.0,0.3688889363259927,0.0,0.0,0.0,1.0,0.27,0.06
6865,0.021132390775589326,0.3480659509844327,0.0,0.3269335602088434,0.0,0.0,0.0,1.0,0.27,0.06
6866,0.021132390775589326,0.08905831293698885,0.0,0.06792592216139952,0.0,0.0,0.0,1.0,0.27,0.06
6867,0.2818981184592775,1.225532764634952,0.0,0.9436346461756746,0.0,0.0,0.0,1.0,0.27,0.06
6868,0.2818981184592775,1.3047463760768538,0.0,1.0228482576175764,0.0,0.0,0.0,1.0,0.27,0.06
6869,0.28608470424275,1.1803481501606488,0.0,0.11692595925344651,0.7773374866644522,0.0,0.0,1.1846176530828074,0.27,0.06
6870,0.28608470424275,1.0817179976003533,0.0,1.1102230246251565e-16,0.7956332933576031,0.0,0.0,1.3735805602552382,0.27,0.06
6871,0.0956938450215365,0.88049420719634,0.0,0.0,0.7848003621748034,0.0,0.0,1.559970646271754,0.27,0.06
6872,0.0956938450215365,0.4003229864522162,0.0,0.3046291414306797,0.0,0.0,0.0,1.559970646271754,0.27,0.06
6873,0.03688200276871725,0.10442325378091319,0.0,0.06754125101219594,0.0,0.0,0.0,1.559970646271754,0.27,0.06
6874,0.03688200276871725,0.13874392235454636,0.0,0.1018619195858291,0.0,0.0,0.0,1.559970646271754,0.27,0.06
6875,0.10287088339815174,0.3410544612976446,0.0,0.23818357789949285,0.0,0.0,0.0,1.559970646271754,0.27,0.06
6876,0.10287088339815174,0.32421992522667764,0.0,0.22134904182852588,0.0,0.0,0.0,1.559970646271754,0.27,0.06
6877,0.02432218560964055,0.06420801080630784,0.0,0.039885825196667286,0.0,0.0,0.0,1.5599706462717535,0.27,0.06
6878,0.02432218560964055,0.06303070150751708,0.0,0.03870851589787653,0.0,0.0,0.0,1.5599706462717535,0.27,0.06
6879,0.0817384926225625,0.08827644432098924,0.0,0.006537951698426747,0.0,0.0,0.0,1.5599706462717535,0.27,0.06
6880,0.0817384926225625,0.08798314314167764,0.0,0.006244650519115144,0.0,0.0,0.0,1.5599706462717535,0.27,0.06
6881,0.02192983948410215,0.06387237003654553,0.0,0.041942530552443374,0.0,0.0,0.0,1.5599706462717535,0.27,0.06
6882,0.02192983948410215,0.04633883790250129,0.0,0.02440899841839914,0.0,0.0,0.0,1.5599706462717535,0.27,0.06
6883,0.021730477306973923,0.05692413892312736,0.0,0.035193661616153435,0.0,0.0,0.0,1.5599706462717535,0.27,0.06
6884,0.021730477306973923,0.030074596671957842,0.0,0.008344119364983919,0.0,0.0,0.0,1.5599706462717535,0.27,0.06
6885,0.08313402786246,0.07642860493616385,0.0,0.0,0.0,0.0067054229262961534,0.0,1.5582060612911492,0.27,0.06
6886,0.08313402786246,0.06822045119233174,0.0,0.0,0.0,0.01491357667012827,0.0,1.554281435851642,0.27,0.06
6887,0.0263158073809225,0.014085160377671274,0.0,0.0,0.0,0.012230647003251225,0.0,1.5510628445349968,0.27,0.06
6888,0.0263158073809225,0.011211188751583834,0.0,0.0,0.0,0.015104618629338665,0.0,1.5470879448956971,0.27,0.06
6889,0.0560207717730245,0.012073323406157981,0.0,0.0,0.0,0.04394744836686652,0.0,1.5355228269044165,0.27,0.06
6890,0.0560207717730245,0.007104575651915882,0.0,0.0,0.0,0.04891619612110862,0.0,1.5226501437146511,0.27,0.06
6891,0.04764756033364,0.0016427843641791066,0.0,0.0,0.0,0.0460047759694609,0.0,1.5105436237226877,0.27,0.06
6892,0.04764756033364,0.0,0.0,0.0,0.0,0.04764756033364,0.0,1.4980047920559403,0.27,0.06
6893,0.08353275221671624,0.0,0.0,0.0,0.0,0.08353275221671624,0.0,1.476022488841015,0.27,0.06
6894,0.08353275221671624,0.0,0.0,0.0,0.0,0.08353275221671624,0.0,1.4540401856260896,0.27,0.06
6895,0.05522332306451175,0.0,0.0,0.0,0.0,0.05522332306451175,0.0,1.43950773218806,0.27,0.06
6896,0.05522332306451175,0.0,0.0,0.0,0.0,0.05522332306451175,0.0,1.4249752787500307,0.27,0.06
6897,0.04724883597938375,0.0,0.0,6.938893903907228e-18,0.0,0.04724883597938376,0.0,1.4125413745449298,0.27,0.06
6898,0.04724883597938375,0.0,0.0,2.7755575615628914e-17,0.0,0.04724883597938378,0.0,1.4001074703398289,0.27,0.06
6899,0.05582140959589625,0.0,0.0,1.3877787807814457e-17,0.0,0.055821409595896265,0.0,1.3854176257093298,0.27,0.06
6900,0.05582140959589625,0.0,0.0,0.0,0.0,0.05582140959589625,0.0,1.3707277810788308,0.27,0.06
6901,0.0400717976027685,0.0,0.0,0.0,0.0,0.0400717976027685,0.0,1.3601825711833653,0.27,0.06
6902,0.0400717976027685,0.0,0.0,0.0,0.0,0.0400717976027685,0.0,1.3496373612879,0.27,0.06
6903,0.02890751568358925,0.0,0.0,0.0,0.0,0.02890751568358925,0.0,1.3420301203185345,0.27,0.06
6904,0.02890751568358925,0.0,0.0,0.0,0.0,0.02890751568358925,0.0,1.3344228793491688,0.27,0.06
6905,0.0153508876388715,0.0,0.0,0.0,0.0,0.0153508876388715,0.0,1.3303831720757817,0.27,0.06
6906,0.0153508876388715,0.0,0.0,-5.204170427930421e-18,0.0,0.015350887638871494,0.0,1.3263434648023944,0.27,0.06
6907,0.018939406827179126,0.0,0.0,0.0,0.0,0.018939406827179126,0.0,1.3213594103741892,0.27,0.06
6908,0.018939406827179126,0.0,0.0,0.0,0.0,0.018939406827179126,0.0,1.3163753559459843,0.27,0.06
6909,0.021730477306973923,0.0,0.0,0.0,0.0,0.021730477306973923,0.0,1.3106568092862545,0.27,0.06
6910,0.021730477306973923,0.0,0.0,0.0,0.0,0.021730477306973923,0.0,1.3049382626265245,0.27,0.06
6911,0.0165470607016407,0.0,0.0,0.0,0.0,0.0165470607016407,0.0,1.300583772968198,0.27,0.06
6912,0.0165470607016407,0.0,0.0,0.0,0.0,0.0165470607016407,0.0,1.2962292833098714,0.27,0.06
6913,0.0530303391161015,0.0,0.0,0.0,0.0,0.0530303391161015,0.0,1.2822739309108973,0.27,0.06
6914,0.0530303391161015,0.0,0.0,0.0,0.0,0.0530303391161015,0.0,1.2683185785119229,0.27,0.06
6915,0.04186605719692225,0.0,0.0,0.0,0.0,0.04186605719692225,0.0,1.2573011950390487,0.27,0.06
6916,0.04186605719692225,0.0,0.0,0.0,0.0,0.04186605719692225,0.0,1.2462838115661745,0.27,0.06
6917,0.04126797066553775,0.0,0.0,0.0,0.0,0.04126797066553775,0.0,1.2354238192857698,0.27,0.06
6918,0.04126797066553775,0.0,0.0,0.0,0.0,0.04126797066553775,0.0,1.2245638270053651,0.27,0.06
6919,0.03249603487189675,0.0,0.0,6.938893903907228e-18,0.0,0.032496034871896756,0.0,1.2160122388811818,0.27,0.06
6920,0.03249603487189675,0.0,0.0,0.0,0.0,0.03249603487189675,0.0,1.2074606507569985,0.27,0.06
6921,0.02472090996389695,0.0,0.0,0.0,0.0,0.02472090996389695,0.0,1.2009551481349203,0.27,0.06
6922,0.02472090996389695,0.0,0.0,0.0,0.0,0.02472090996389695,0.0,1.1944496455128424,0.27,0.06
6923,0.02212920166123035,0.0,0.0,0.0,0.0,0.02212920166123035,0.0,1.1886261713914659,0.27,0.06
6924,0.02212920166123035,0.0,0.0,0.0,0.0,0.02212920166123035,0.0,1.1828026972700894,0.27,0.06
6925,0.02232856383835855,0.0,0.0,0.0,0.0,0.02232856383835855,0.0,1.1769267594178898,0.27,0.06
6926,0.02232856383835855,0.0,0.0,0.0,0.0,0.02232856383835855,0.0,1.1710508215656903,0.27,0.06
6927,0.02372409907825595,0.0,0.0,6.938893903907228e-18,0.0,0.023724099078255956,0.0,1.164807637597728,0.27,0.06
6928,0.02372409907825595,0.0,0.0,0.0,0.0,0.02372409907825595,0.0,1.1585644536297661,0.27,0.06
6929,0.02990432656923025,0.0,0.0,0.0,0.0,0.02990432656923025,0.0,1.1506948940062844,0.27,0.06
6930,0.02990432656923025,0.0,0.0,0.0,0.0,0.02990432656923025,0.0,1.1428253343828028,0.27,0.06
6931,0.02651516955805075,0.0,0.0,0.0,0.0,0.02651516955805075,0.0,1.1358476581833157,0.27,0.06
6932,0.02651516955805075,0.0,0.0,3.469446951953614e-18,0.0,0.026515169558050753,0.0,1.1288699819838286,0.27,0.06
6933,0.0153508876388715,0.0,0.0,0.0,0.0,0.0153508876388715,0.0,1.1248302747104415,0.27,0.06
6934,0.0153508876388715,0.0,0.0,5.204170427930421e-18,0.0,0.015350887638871505,0.0,1.1207905674370542,0.27,0.06
6935,0.02472090996389695,0.0,0.0,0.0,0.0,0.02472090996389695,0.0,1.114285064814976,0.27,0.06
6936,0.02472090996389695,0.0,0.0,0.0,0.0,0.02472090996389695,0.0,1.1077795621928976,0.27,0.06
6937,0.018939406827179126,0.0,0.0,1.3877787807814457e-17,0.0,0.01893940682717914,0.0,1.1027955077646927,0.27,0.06
6938,0.018939406827179126,0.0,0.0,0.0,0.0,0.018939406827179126,0.0,1.0978114533364878,0.27,0.06
6939,0.04246414372830675,0.0,0.0,0.0,0.0,0.04246414372830675,0.0,1.0866366786711439,0.27,0.06
6940,0.04246414372830675,0.0019087531746487367,0.0,0.0,0.0,0.04055539055365801,0.0,1.0759642074728129,0.27,0.06
6941,0.057416307012922,0.008217363070931032,0.0,0.0,0.0,0.049198943941990966,0.0,1.0630171169617626,0.27,0.06
6942,0.057416307012922,0.011837912604187166,0.0,0.0,0.0,0.04557839440873483,0.0,1.0510228026436745,0.27,0.06
6943,0.046650749447999,0.00781576637219433,0.0,0.0,0.0,0.03883498307580467,0.0,1.040803070255305,0.27,0.06
6944,0.046650749447999,0.008820150736315252,0.0,0.0,0.0,0.03783059871168375,0.0,1.030847649541704,0.27,0.06
6945,0.038676262362871,0.007476855055654587,0.0,3.469446951953614e-18,0.0,0.031199407307216417,0.0,1.0226372791976996,0.27,0.06
6946,0.038676262362871,0.01099743178255872,0.0,0.0,0.0,0.02767883058031228,0.0,1.0153533764134068,0.27,0.06
6947,0.030701775277743,0.010056412730498081,0.0,0.0,0.0,0.020645362547244916,0.0,1.009920386269395,0.27,0.06
6948,0.030701775277743,0.011048960397891517,0.0,0.0,0.0,0.01965281487985148,0.0,1.0047485928799604,0.27,0.06
6949,0.02232856383835855,0.009012859593423985,0.0,0.0,0.0,0.013315704244934563,0.0,1.001244460183925,0.27,0.06
6950,0.02232856383835855,0.017599615139443296,0.0,0.0,0.0,0.004728948698915252,0.0,1.0,0.27,0.06
6951,0.0273126182665635,0.0629010556017601,0.0,0.03558843733519659,0.0,0.0,0.0,1.0,0.27,0.06
6952,0.0273126182665635,0.08986827495712592,0.0,0.06255565669056241,0.0,0.0,0.0,1.0,0.27,0.06
6953,0.03748008930010175,0.18906131117807118,0.0,0.15158122187796944,0.0,0.0,0.0,1.0,0.27,0.06
6954,0.03748008930010175,0.2234951974626442,0.0,0.18601510816254246,0.0,0.0,0.0,1.0,0.27,0.06
6955,0.03090113745487125,0.24574386177790628,0.0,0.21484272432303503,0.0,0.0,0.0,1.0,0.27,0.06
6956,0.03090113745487125,0.4104360677890439,0.0,0.3795349303341726,0.0,0.0,0.0,1.0,0.27,0.06
6957,0.03787881365435825,0.43571732979167216,0.0,0.3978385161373139,0.0,0.0,0.0,1.0,0.27,0.06
6958,0.03787881365435825,0.27443277993856663,0.0,0.23655396628420838,0.0,0.0,0.0,1.0,0.27,0.06
6959,0.0143540767532305,0.12641861309525818,0.0,0.11206453634202768,0.0,0.0,0.0,1.0,0.27,0.06
6960,0.0143540767532305,0.12082609971540119,0.0,0.10647202296217069,0.0,0.0,0.0,1.0,0.27,0.06
6961,0.021730477306973923,0.1476058921138224,0.0,0.1258754148068485,0.0,0.0,0.0,1.0,0.27,0.06
6962,0.021730477306973923,0.17967613676100255,0.0,0.15794565945402864,0.0,0.0,0.0,1.0,0.27,0.06
6963,0.288676432481635,1.1522831017514985,0.0,0.8636066692698635,0.0,0.0,0.0,1.0,0.27,0.06
6964,0.288676432481635,1.0744394942240658,0.0,0.14224578103570618,0.6435172807067246,0.0,0.0,1.152835354167847,0.27,0.06
6965,0.2940592112640975,1.077449984356889,0.0,0.0,0.7833907730927915,0.0,0.0,1.338890662777385,0.27,0.06
6966,0.2940592112640975,1.1126143308588954,0.0,0.8185551195947979,0.0,0.0,0.0,1.338890662777385,0.27,0.06
6967,0.1291866907790745,0.6530400504218744,0.0,0.0,0.5238533596427999,0.0,0.0,1.46330583569255,0.27,0.06
6968,0.1291866907790745,0.627291853723241,0.0,1.1102230246251565e-16,0.4981051629441664,0.0,0.0,1.5816058118917895,0.27,0.06
6969,0.03847690018574275,0.18374188596125693,0.0,0.14526498577551417,0.0,0.0,0.0,1.5816058118917895,0.27,0.06
6970,0.03847690018574275,0.2819802252914447,0.0,0.0,0.24350332510570194,0.0,0.0,1.6394378516043937,0.27,0.06
6971,0.09429830978163925,0.41846169638887687,0.0,0.0,0.32416338660723765,0.0,0.0,1.7164266559236125,0.27,0.06
6972,0.09429830978163925,0.30341498233236985,0.0,0.0,0.2091166725507306,0.0,0.0,1.7660918656544111,0.27,0.06
6973,0.02551835867240975,0.0745529660951166,0.0,0.04903460742270684,0.0,0.0,0.0,1.7660918656544111,0.27,0.06
6974,0.02551835867240975,0.03655458318858538,0.0,0.011036224516175627,0.0,0.0,0.0,1.7660918656544111,0.27,0.06
6975,0.063397172326768,0.09483583215887521,0.0,0.03143865983210721,0.0,0.0,0.0,1.7660918656544111,0.27,0.06
6976,0.063397172326768,0.15360700702951133,0.0,0.09020983470274332,0.0,0.0,0.0,1.7660918656544111,0.27,0.06
6977,0.020334942067076527,0.08158688727294197,0.0,0.061251945205865445,0.0,0.0,0.0,1.7660918656544111,0.27,0.06
6978,0.020334942067076527,0.09163783188050562,0.0,0.07130288981342908,0.0,0.0,0.0,1.7660918656544111,0.27,0.06
6979,0.07854869778851124,0.17276284298251438,0.0,0.09421414519400313,0.0,0.0,0.0,1.7660918656544111,0.27,0.06
6980,0.07854869778851124,0.17481145164138281,0.0,0.09626275385287157,0.0,0.0,0.0,1.7660918656544111,0.27,0.06
6981,0.019138769004307325,0.06675564354594316,0.0,1.734723475976807e-16,0.047616874541635656,0.0,0.0,1.7774008733580495,0.27,0.06
6982,0.019138769004307325,0.07392460998479039,0.0,0.054785840980482996,0.0,-6.938893903907228e-17,0.0,1.7774008733580495,0.27,0.06
6983,0.031698586163384,0.047853163359726614,0.0,0.016154577196342612,0.0,0.0,0.0,1.7774008733580495,0.27,0.06
6984,0.031698586163384,0.04444307354500111,0.0,0.012744487381617112,0.0,0.0,0.0,1.7774008733580495,0.27,0.06
6985,0.08492828745661375,0.04775489465806528,0.0,0.0,0.0,0.03717339279854847,0.0,1.767618401568958,0.27,0.06
6986,0.08492828745661375,0.027196006461361166,0.0,0.0,0.0,0.057732280995252586,0.0,1.7524256960438915,0.27,0.06
6987,0.2938598490869675,0.014672107875029523,0.0,0.0,0.0,0.27918774121193796,0.0,1.6789552378302235,0.27,0.06
6988,0.2938598490869675,0.0,0.0,0.0,0.0,0.2938598490869675,0.0,1.601623698596811,0.27,0.06
6989,0.05123607952194775,0.0,0.0,0.0,0.0,0.05123607952194775,0.0,1.5881405197752458,0.27,0.06
6990,0.05123607952194775,0.0,0.0,0.0,0.0,0.05123607952194775,0.0,1.5746573409536806,0.27,0.06
6991,0.06020737749271675,0.0,0.0,0.0,0.0,0.06020737749271675,0.0,1.558813294245071,0.27,0.06
6992,0.06020737749271675,0.0,0.0,1.3877787807814457e-17,0.0,0.06020737749271676,0.0,1.5429692475364614,0.27,0.06
6993,0.04286286808256325,0.0,0.0,0.0,0.0,0.04286286808256325,0.0,1.531689545409471,0.27,0.06
6994,0.04286286808256325,0.0,0.0,0.0,0.0,0.04286286808256325,0.0,1.5204098432824806,0.27,0.06
6995,0.05821375572143475,0.0,0.0,6.938893903907228e-18,0.0,0.05821375572143476,0.0,1.5050904338821032,0.27,0.06
6996,0.05821375572143475,0.0,0.0,0.0,0.0,0.05821375572143475,0.0,1.4897710244817257,0.27,0.06
6997,0.045653938562358,0.0,0.0,0.0,0.0,0.045653938562358,0.0,1.4777568301232102,0.27,0.06
6998,0.045653938562358,0.0,0.0,0.0,0.0,0.045653938562358,0.0,1.465742635764695,0.27,0.06
6999,0.04047052195702475,0.0,0.0,0.0,0.0,0.04047052195702475,0.0,1.4550924984075833,0.27,0.06
7000,0.04047052195702475,0.0,0.0,2.7755575615628914e-17,0.0,0.04047052195702478,0.0,1.4444423610504715,0.27,0.06
7001,0.02332537472399955,0.0,0.0,0.0,0.0,0.02332537472399955,0.0,1.4383041045441558,0.27,0.06
7002,0.02332537472399955,0.0,0.0,0.0,0.0,0.02332537472399955,0.0,1.43216584803784,0.27,0.06
7003,0.0151515254617433,0.0,0.0,0.0,0.0,0.0151515254617433,0.0,1.428178604495276,0.27,0.06
7004,0.0151515254617433,0.0,0.0,0.0,0.0,0.0151515254617433,0.0,1.4241913609527121,0.27,0.06
7005,0.0171451472330253,0.0,0.0,0.0,0.0,0.0171451472330253,0.0,1.419679480101916,0.27,0.06
7006,0.0171451472330253,0.0,0.0,-1.3877787807814457e-17,0.0,0.017145147233025286,0.0,1.4151675992511197,0.27,0.06
7007,0.03528710535169175,0.0,0.0,0.0,0.0,0.03528710535169175,0.0,1.4058815188954115,0.27,0.06
7008,0.03528710535169175,0.0,0.0,0.0,0.0,0.03528710535169175,0.0,1.396595438539703,0.27,0.06
7009,0.04824564686502475,0.0,0.0,0.0,0.0,0.04824564686502475,0.0,1.3838992156804861,0.27,0.06
7010,0.04824564686502475,0.0,0.0,0.0,0.0,0.04824564686502475,0.0,1.371202992821269,0.27,0.06
7011,0.0608054640241015,0.0,0.0,0.0,0.0,0.0608054640241015,0.0,1.3552015549201895,0.27,0.06
7012,0.0608054640241015,0.0,0.0,0.0,0.0,0.0608054640241015,0.0,1.3392001170191101,0.27,0.06
7013,0.0540271500017425,0.0,0.0,0.0,0.0,0.0540271500017425,0.0,1.32498244596602,0.27,0.06
7014,0.0540271500017425,0.0,0.0,0.0,0.0,0.0540271500017425,0.0,1.3107647749129299,0.27,0.06
7015,0.036682640591589,0.0,0.0,0.0,0.0,0.036682640591589,0.0,1.301111448441459,0.27,0.06
7016,0.036682640591589,0.0,0.0,0.0,0.0,0.036682640591589,0.0,1.2914581219699883,0.27,0.06
7017,0.02691389391230725,0.0,0.0,3.469446951953614e-18,0.0,0.026913893912307252,0.0,1.2843755183088548,0.27,0.06
7018,0.02691389391230725,0.0,0.0,0.0,0.0,0.02691389391230725,0.0,1.2772929146477214,0.27,0.06
7019,0.0263158073809225,0.0,0.0,-6.938893903907228e-18,0.0,0.02631580738092249,0.0,1.2703677021790576,0.27,0.06
7020,0.0263158073809225,0.0,0.0,0.0,0.0,0.0263158073809225,0.0,1.2634424897103937,0.27,0.06
7021,0.021730477306973923,0.0,0.0,0.0,0.0,0.021730477306973923,0.0,1.2577239430506637,0.27,0.06
7022,0.021730477306973923,0.0,0.0,0.0,0.0,0.021730477306973923,0.0,1.2520053963909337,0.27,0.06
7023,0.03628391623733275,0.0,0.0,0.0,0.0,0.03628391623733275,0.0,1.2424569973811093,0.27,0.06
7024,0.03628391623733275,0.0,0.0,1.3877787807814457e-17,0.0,0.036283916237332764,0.0,1.2329085983712849,0.27,0.06
7025,0.02392346125538415,0.0,0.0,0.0,0.0,0.02392346125538415,0.0,1.2266129506724996,0.27,0.06
7026,0.02392346125538415,0.0,0.0,0.0,0.0,0.02392346125538415,0.0,1.2203173029737144,0.27,0.06
7027,0.02232856383835855,0.0,0.0,0.0,0.0,0.02232856383835855,0.0,1.214441365121515,0.27,0.06
7028,0.02232856383835855,0.0,0.0,0.0,0.0,0.02232856383835855,0.0,1.2085654272693152,0.27,0.06
7029,0.03090113745487125,0.0,0.0,0.0,0.0,0.03090113745487125,0.0,1.2004335489917175,0.27,0.06
7030,0.03090113745487125,0.0,0.0,0.0,0.0,0.03090113745487125,0.0,1.1923016707141199,0.27,0.06
7031,0.02511963431815325,0.0,0.0,0.0,0.0,0.02511963431815325,0.0,1.1856912406303954,0.27,0.06
7032,0.02511963431815325,0.0,0.0,0.0,0.0,0.02511963431815325,0.0,1.1790808105466708,0.27,0.06
7033,0.13456946956153576,0.0,0.0,0.0,0.0,0.13456946956153576,0.0,1.1436677922410035,0.27,0.06
7034,0.13456946956153576,0.0,0.0,0.0,0.0,0.13456946956153576,0.0,1.1082547739353361,0.27,0.06
7035,0.07795061125712675,0.0,0.0,0.0,0.0,0.07795061125712675,0.0,1.0877414551834605,0.27,0.06
7036,0.07795061125712675,0.0031113849917348206,0.0,0.0,0.0,0.07483922626539194,0.0,1.0680469219557258,0.27,0.06
7037,0.02492027214102515,0.002391602108940504,0.0,0.0,0.0,0.022528670032084648,0.0,1.0621183245788615,0.27,0.06
7038,0.02492027214102515,0.004524579902847212,0.0,3.469446951953614e-18,0.0,0.020395692238177943,0.0,1.056751037147762,0.27,0.06
7039,0.038676262362871,0.009279298384959625,0.0,0.0,0.0,0.029396963977911375,0.0,1.04901499399568,0.27,0.06
7040,0.038676262362871,0.011446174282790532,0.0,0.0,0.0,0.02723008808008047,0.0,1.0418491813430273,0.27,0.06
7041,0.06957739981774225,0.016377185549300358,0.0,0.0,0.0,0.05320021426844189,0.0,1.027849124956595,0.27,0.06
7042,0.06957739981774225,0.018524672740527753,0.0,0.0,0.0,0.05105272707721449,0.0,1.0144141967783809,0.27,0.06
7043,0.02432218560964055,0.0066626247950572,0.0,0.0,0.0,0.01765956081458335,0.0,1.009766943932438,0.27,0.06
7044,0.02432218560964055,0.011071932478326945,0.0,0.0,0.0,0.013250253131313604,0.0,1.0062800352136712,0.27,0.06
7045,0.03090113745487125,0.014153109985800726,0.0,0.0,0.0,0.016748027469070524,0.0,1.0018726595639158,0.27,0.06
7046,0.03090113745487125,0.02378503111199151,0.0,0.0,0.0,0.007116106342879739,0.0,1.0,0.27,0.06
7047,0.06419462103528074,0.1757352243094223,0.0,0.11154060327414154,0.0,0.0,0.0,1.0,0.27,0.06
7048,0.06419462103528074,0.2716356766561346,0.0,0.20744105562085385,0.0,0.0,0.0,1.0,0.27,0.06
7049,0.03289475922615325,0.19786766853390758,0.0,0.16497290930775432,0.0,0.0,0.0,1.0,0.27,0.06
7050,0.03289475922615325,0.13093541304082967,0.0,0.09804065381467642,-0.0,0.0,0.0,1.0,0.27,0.06
7051,0.0382775380086145,0.2669916550266873,0.0,0.22871411701807282,0.0,0.0,0.0,1.0,0.27,0.06
7052,0.0382775380086145,0.3014562395158613,0.0,0.2631787015072468,0.0,0.0,0.0,1.0,0.27,0.06
7053,0.018540682472922725,0.1605537382490531,0.0,0.14201305577613038,0.0,0.0,0.0,1.0,0.27,0.06
7054,0.018540682472922725,0.14828095557086193,0.0,0.1297402730979392,0.0,0.0,0.0,1.0,0.27,0.06
7055,0.0175438715872817,0.08210602246600943,0.0,0.06456215087872773,0.0,0.0,0.0,1.0,0.27,0.06
7056,0.0175438715872817,0.14022071732519242,0.0,0.12267684573791073,0.0,0.0,0.0,1.0,0.27,0.06
7057,0.02472090996389695,0.24436398131188428,0.0,0.21964307134798733,0.0,0.0,0.0,1.0,0.27,0.06
7058,0.02472090996389695,0.24767596644165293,0.0,0.222955056477756,0.0,0.0,0.0,1.0,0.27,0.06
7059,0.28269556716779,1.2128760092522604,0.0,0.9301804420844704,0.0,0.0,0.0,1.0,0.27,0.06
7060,0.28269556716779,1.4075674627729526,0.0,0.2921146880424148,0.8327572075627478,0.0,0.0,1.1977798367961525,0.27,0.06
7061,0.2900719677215325,1.3382791414171185,0.0,0.0,1.048207173695586,0.0,0.0,1.4467290405488542,0.27,0.06
7062,0.2900719677215325,1.0958042331041842,0.0,0.0,0.8057322653826517,0.0,0.0,1.6380904535772343,0.27,0.06
7063,0.06718505369220375,0.6832048710728756,0.0,0.0,0.6160198173806719,0.0,0.0,1.7843951602051438,0.27,0.06
7064,0.06718505369220375,0.5811627984702571,0.0,2.220446049250313e-16,0.5139777447780531,0.0,0.0,1.9064648745899313,0.27,0.06
7065,0.109051110889126,0.46327370916701366,0.0,0.35422259827788766,0.0,0.0,0.0,1.9064648745899313,0.27,0.06
7066,0.109051110889126,0.23175099431316892,0.0,0.12269988342404292,0.0,0.0,0.0,1.9064648745899313,0.27,0.06
7067,0.03528710535169175,0.18342653001984252,0.0,0.14813942466815078,0.0,0.0,0.0,1.9064648745899313,0.27,0.06
7068,0.03528710535169175,0.051136255011193,0.0,0.015849149659501252,0.0,0.0,0.0,1.9064648745899313,0.27,0.06
7069,0.019537493358563723,0.019513445888812108,0.0,0.0,0.0,2.404746975161534e-05,0.0,1.9064585463084176,0.27,0.06
7070,0.019537493358563723,0.019365493218278938,0.0,0.0,0.0,0.0001720001402847858,0.0,1.9064132831136058,0.27,0.06
7071,0.079146784319896,0.04175545965765439,0.0,6.938893903907228e-18,0.0,0.03739132466224161,0.0,1.8965734608340685,0.27,0.06
7072,0.079146784319896,0.02775794392796726,0.0,0.0,0.0,0.05138884039192874,0.0,1.883050081783561,0.27,0.06
7073,0.02452154778676875,0.015980988986333534,0.0,0.0,0.0,0.008540558800435215,0.0,1.8808025663097623,0.27,0.06
7074,0.02452154778676875,0.026913182038960717,0.0,0.002391634252191969,0.0,0.0,0.0,1.8808025663097623,0.27,0.06
7075,0.07316591900604975,0.05387501112393516,0.0,0.0,0.0,0.019290907882114593,0.0,1.8757260116039427,0.27,0.06
7076,0.07316591900604975,0.05638127711599121,0.0,0.0,0.0,0.016784641890058544,0.0,1.871309000580243,0.27,0.06
7077,0.048644371219281,0.08245918457080646,0.0,0.03381481335152546,0.0,0.0,0.0,1.871309000580243,0.27,0.06
7078,0.048644371219281,0.08383602757197264,0.0,0.0,0.03519165635269164,0.0,0.0,1.8796670189640072,0.27,0.06
7079,0.1301835016647155,0.060631529880069396,0.0,0.0,0.0,0.06955197178464612,0.0,1.8613638684943636,0.27,0.06
7080,0.1301835016647155,0.02743443337952844,0.0,0.0,0.0,0.10274906828518707,0.0,1.8343246399982618,0.27,0.06
7081,0.050637992990563,0.010719178425383589,0.0,0.0,0.0,0.039918814565179414,0.0,1.8238196887968987,0.27,0.06
7082,0.050637992990563,0.007277438749047822,0.0,0.0,0.0,0.04336055424151518,0.0,1.8124090166280789,0.27,0.06
7083,0.0649920697437935,0.002863386288466886,0.0,0.0,0.0,0.062128683455326614,0.0,1.7960593630872035,0.27,0.06
7084,0.0649920697437935,0.0,0.0,0.0,0.0,0.0649920697437935,0.0,1.7789561868388368,0.27,0.06
7085,0.099083002032716,0.0,0.0,0.0,0.0,0.099083002032716,0.0,1.752881712619701,0.27,0.06
7086,0.099083002032716,0.0,0.0,0.0,0.0,0.099083002032716,0.0,1.726807238400565,0.27,0.06
7087,0.04047052195702475,0.0,0.0,0.0,0.0,0.04047052195702475,0.0,1.7161571010434533,0.27,0.06
7088,0.04047052195702475,0.0,0.0,0.0,0.0,0.04047052195702475,0.0,1.7055069636863416,0.27,0.06
7089,0.0470494738022555,0.0,0.0,0.0,0.0,0.0470494738022555,0.0,1.6931255232120639,0.27,0.06
7090,0.0470494738022555,0.0,0.0,0.0,0.0,0.0470494738022555,0.0,1.6807440827377862,0.27,0.06
7091,0.0420654193740505,0.0,0.0,0.0,0.0,0.0420654193740505,0.0,1.6696742355340886,0.27,0.06
7092,0.0420654193740505,0.0,0.0,0.0,0.0,0.0420654193740505,0.0,1.6586043883303911,0.27,0.06
7093,0.046451387270871,0.0,0.0,0.0,0.0,0.046451387270871,0.0,1.646380339048583,0.27,0.06
7094,0.046451387270871,0.0,0.0,0.0,0.0,0.046451387270871,0.0,1.6341562897667747,0.27,0.06
7095,0.0600080153155885,0.0,0.0,-1.3877787807814457e-17,0.0,0.060008015315588484,0.0,1.6183647067889884,0.27,0.06
7096,0.0600080153155885,0.0,0.0,0.0,0.0,0.0600080153155885,0.0,1.6025731238112018,0.27,0.06
7097,0.0649920697437935,0.0,0.0,0.0,0.0,0.0649920697437935,0.0,1.585469947562835,0.27,0.06
7098,0.0649920697437935,0.0,0.0,0.0,0.0,0.0649920697437935,0.0,1.5683667713144684,0.27,0.06
7099,0.0667863293379475,0.0,0.0,0.0,0.0,0.0667863293379475,0.0,1.5507914214886926,0.27,0.06
7100,0.0667863293379475,0.0,0.0,0.0,0.0,0.0667863293379475,0.0,1.533216071662917,0.27,0.06
7101,0.044657127676717,0.0,0.0,6.938893903907228e-18,0.0,0.04465712767671701,0.0,1.521464195958518,0.27,0.06
7102,0.044657127676717,0.0,0.0,0.0,0.0,0.044657127676717,0.0,1.5097123202541187,0.27,0.06
7103,0.04445776549958875,0.0,0.0,0.0,0.0,0.04445776549958875,0.0,1.4980129082805427,0.27,0.06
7104,0.04445776549958875,0.0,0.0,0.0,0.0,0.04445776549958875,0.0,1.4863134963069669,0.27,0.06
7105,0.08353275221671624,0.0,0.0,0.0,0.0,0.08353275221671624,0.0,1.4643311930920415,0.27,0.06
7106,0.08353275221671624,0.0,0.0,0.0,0.0,0.08353275221671624,0.0,1.4423488898771162,0.27,0.06
7107,0.1600878282339455,0.0,0.0,0.0,0.0,0.1600878282339455,0.0,1.400220514026078,0.27,0.06
7108,0.1600878282339455,0.0,0.0,0.0,0.0,0.1600878282339455,0.0,1.3580921381750397,0.27,0.06
7109,0.12021539280830525,0.0,0.0,0.0,0.0,0.12021539280830525,0.0,1.3264565084886437,0.27,0.06
7110,0.12021539280830525,0.0,0.0,1.3877787807814457e-17,0.0,0.12021539280830526,0.0,1.2948208788022475,0.27,0.06
7111,0.05283097693897325,0.0,0.0,0.0,0.0,0.05283097693897325,0.0,1.2809179901340968,0.27,0.06
7112,0.05283097693897325,0.0,0.0,1.3877787807814457e-17,0.0,0.05283097693897326,0.0,1.2670151014659459,0.27,0.06
7113,0.04186605719692225,0.0,0.0,0.0,0.0,0.04186605719692225,0.0,1.2559977179930715,0.27,0.06
7114,0.04186605719692225,0.0,0.0,2.0816681711721685e-17,0.0,0.04186605719692227,0.0,1.2449803345201973,0.27,0.06
7115,0.02372409907825595,0.0,0.0,0.0,0.0,0.02372409907825595,0.0,1.238737150552235,0.27,0.06
7116,0.02372409907825595,0.0,0.0,6.938893903907228e-18,0.0,0.023724099078255956,0.0,1.2324939665842731,0.27,0.06
7117,0.026714531735179,0.0,0.0,1.3877787807814457e-17,0.0,0.026714531735179015,0.0,1.2254638266539628,0.27,0.06
7118,0.026714531735179,0.0,0.0,1.3877787807814457e-17,0.0,0.026714531735179015,0.0,1.2184336867236527,0.27,0.06
7119,0.0271132560894355,0.0,0.0,0.0,0.0,0.0271132560894355,0.0,1.211298619331696,0.27,0.06
7120,0.0271132560894355,0.0,0.0,0.0,0.0,0.0271132560894355,0.0,1.2041635519397391,0.27,0.06
7121,0.02232856383835855,0.0,0.0,0.0,0.0,0.02232856383835855,0.0,1.1982876140875394,0.27,0.06
7122,0.02232856383835855,0.0,0.0,0.0,0.0,0.02232856383835855,0.0,1.1924116762353398,0.27,0.06
7123,0.032695397049025,0.0,0.0,6.938893903907228e-18,0.0,0.03269539704902501,0.0,1.1838076243803333,0.27,0.06
7124,0.032695397049025,0.0,0.0,0.0,0.0,0.032695397049025,0.0,1.1752035725253267,0.27,0.06
7125,0.02292665036974315,0.0,0.0,0.0,0.0,0.02292665036974315,0.0,1.1691702434806575,0.27,0.06
7126,0.02292665036974315,0.0,0.0,4.163336342344337e-17,0.0,0.02292665036974319,0.0,1.1631369144359882,0.27,0.06
7127,0.02352473690112775,0.0,0.0,0.0,0.0,0.02352473690112775,0.0,1.1569461941988493,0.27,0.06
7128,0.02352473690112775,0.0,0.0,0.0,0.0,0.02352473690112775,0.0,1.1507554739617103,0.27,0.06
7129,0.026714531735179,0.0,0.0,0.0,0.0,0.026714531735179,0.0,1.1437253340314,0.27,0.06
7130,0.026714531735179,0.0,0.0,0.0,0.0,0.026714531735179,0.0,1.1366951941010899,0.27,0.06
7131,0.09928236420984425,0.0,0.0,0.0,0.0,0.09928236420984425,0.0,1.110568256151131,0.27,0.06
7132,0.09928236420984425,0.0020083074573246018,0.0,0.0,0.0,0.09727405675251966,0.0,1.0849698201636255,0.27,0.06
7133,0.02990432656923025,0.004454128445239571,0.0,0.0,0.0,0.02545019812399068,0.0,1.0782723996046808,0.27,0.06
7134,0.02990432656923025,0.015748559375092064,0.0,0.0,0.0,0.014155767194138188,0.0,1.0745471977114864,0.27,0.06
7135,0.018939406827179126,0.011124924750103397,0.0,0.0,0.0,0.007814482077075729,0.0,1.0724907550596243,0.27,0.06
7136,0.018939406827179126,0.013237680264534446,0.0,1.734723475976807e-18,0.0,0.0057017265626446816,0.0,1.0709903007010335,0.27,0.06
7137,0.04027115977989675,0.028496521293663035,0.0,0.0,0.0,0.011774638486233717,0.0,1.067891711625709,0.27,0.06
7138,0.04027115977989675,0.05204907095838187,0.0,0.011777911178485118,0.0,0.0,0.0,1.067891711625709,0.27,0.06
7139,0.0590112044299475,0.051719417879126296,0.0,0.0,0.0,0.007291786550821203,0.0,1.0659728204281245,0.27,0.06
7140,0.0590112044299475,0.029529086286352875,0.0,0.0,0.0,0.029482118143594624,0.0,1.0582143682850733,0.27,0.06
7141,0.10665876476358775,0.04990237504164766,0.0,0.0,0.0,0.05675638972194009,0.0,1.0432784762529839,0.27,0.06
7142,0.10665876476358775,0.05391693074818996,0.0,0.0,0.0,0.05274183401539779,0.0,1.0293990462489317,0.27,0.06
7143,0.0669856915150755,0.15540899264692024,0.0,0.08842330113184474,0.0,0.0,0.0,1.0293990462489315,0.27,0.06
7144,0.0669856915150755,0.18910429642734805,0.0,0.12211860491227255,0.0,0.0,0.0,1.0293990462489315,0.27,0.06
7145,0.05522332306451175,0.18690115751136496,0.0,0.13167783444685321,0.0,0.0,0.0,1.0293990462489315,0.27,0.06
7146,0.05522332306451175,0.38469179614522386,0.0,0.32946847308071214,0.0,0.0,0.0,1.0293990462489315,0.27,0.06
7147,0.02272728819261495,0.31183453467155314,0.0,0.2891072464789382,0.0,0.0,0.0,1.0293990462489315,0.27,0.06
7148,0.02272728819261495,0.18080751290467853,0.0,0.15808022471206357,0.0,0.0,0.0,1.0293990462489315,0.27,0.06
7149,0.0273126182665635,0.3717245281875897,0.0,0.3444119099210262,0.0,0.0,0.0,1.0293990462489315,0.27,0.06
7150,0.0273126182665635,0.4368249064577348,0.0,0.4095122881911713,-0.0,0.0,0.0,1.0293990462489315,0.27,0.06
7151,0.021331752952717525,0.4236206438742738,0.0,0.0,0.4022888909215563,0.0,0.0,1.1249426578428012,0.27,0.06
7152,0.021331752952717525,0.47876593350883717,0.0,1.1102230246251565e-16,0.4574341805561195,0.0,0.0,1.2335832757248795,0.27,0.06
7153,0.02272728819261495,0.520240841592788,0.0,-2.220446049250313e-16,0.49751355340017334,0.0,0.0,1.3517427446574206,0.27,0.06
7154,0.02272728819261495,0.47654083054396856,0.0,0.4538135423513536,0.0,0.0,0.0,1.3517427446574206,0.27,0.06
7155,0.030701775277743,0.5622377947316463,0.0,1.2212453270876722e-15,0.531536019453902,0.0,0.0,1.477982549277722,0.27,0.06
7156,0.030701775277743,0.7338507110365745,0.0,0.0,0.7031489357588315,0.0,0.0,1.6449804215204447,0.27,0.06
7157,0.02452154778676875,0.6544296019629761,0.0,3.3306690738754696e-16,0.629908054176207,0.0,0.0,1.794583584387294,0.27,0.06
7158,0.02452154778676875,0.6181996230878589,0.0,-2.220446049250313e-16,0.5936780753010904,0.0,0.0,1.9355821272713032,0.27,0.06
7159,0.0161483363473843,0.4549934266542052,0.0,1.1102230246251565e-16,0.43884509030682084,0.0,0.0,2.039807836219173,0.27,0.06
7160,0.0161483363473843,0.2760525836438338,0.0,6.661338147750939e-16,0.2599042472964488,0.0,0.0,2.1015350949520797,0.27,0.06
7161,0.02292665036974315,0.25558394402171886,0.0,0.0,0.2326572936519757,0.0,0.0,2.156791202194424,0.27,0.06
7162,0.02292665036974315,0.2751980040864957,0.0,0.0,0.2522713537167525,0.0,0.0,2.2167056487021526,0.27,0.06
7163,0.0175438715872817,0.1686439396893899,0.0,0.0,0.1511000681021082,0.0,0.0,2.2525919148764033,0.27,0.06
7164,0.0175438715872817,0.10667538822142249,0.0,0.08913151663414079,0.0,0.0,0.0,2.2525919148764033,0.27,0.06
7165,0.018740044650050924,0.08603179306617378,0.0,0.0,0.06729174841612286,0.0,0.0,2.2685737051252324,0.27,0.06
7166,0.018740044650050924,0.06771426388211821,0.0,0.04897421923206728,0.0,0.0,0.0,2.2685737051252324,0.27,0.06
7167,0.02412282343251235,0.07669510472160525,0.0,0.0525722812890929,0.0,0.0,0.0,2.2685737051252324,0.27,0.06
7168,0.02412282343251235,0.06590845639040947,0.0,0.041785632957897126,0.0,0.0,0.0,2.2685737051252324,0.27,0.06
7169,0.02492027214102515,0.0503897789912737,0.0,0.025469506850248548,0.0,0.0,0.0,2.2685737051252324,0.27,0.06
7170,0.02492027214102515,0.07563837448462066,0.0,-1.3183898417423734e-16,0.05071810234359564,0.0,0.0,2.280619254431836,0.27,0.06
7171,0.02950560221497375,0.09439092976138957,0.0,0.06488532754641582,0.0,0.0,0.0,2.280619254431836,0.27,0.06
7172,0.02950560221497375,0.09578369351384254,0.0,1.3877787807814457e-17,0.06627809129886877,0.0,0.0,2.2963603011153175,0.27,0.06
7173,0.06120418837835775,0.17525088501235453,0.0,0.0,0.11404669663399677,0.0,0.0,2.323446391565892,0.27,0.06
7174,0.06120418837835775,0.09884040211027546,0.0,2.1510571102112408e-16,0.0376362137319175,0.0,0.0,2.3323849923272224,0.27,0.06
7175,0.11901921974553625,0.060138084880531205,0.0,-2.0816681711721685e-17,0.0,0.05888113486500503,0.0,2.3168899568364316,0.27,0.06
7176,0.11901921974553625,0.06110773816173866,0.0,0.0,0.0,0.057911481583797594,0.0,2.301650093261748,0.27,0.06
7177,0.0311004996319995,0.00754843923480779,0.0,0.0,0.0,0.02355206039719171,0.0,2.2954521826309082,0.27,0.06
7178,0.0311004996319995,0.002715762880007404,0.0,0.0,0.0,0.028384736751992098,0.0,2.2879825150645945,0.27,0.06
7179,0.051435441699076,0.0009112595999994868,0.0,0.0,0.0,0.05052418209907651,0.0,2.2746866776701005,0.27,0.06
7180,0.051435441699076,0.0,0.0,0.0,0.0,0.051435441699076,0.0,2.261151035117712,0.27,0.06
7181,0.0420654193740505,0.0,0.0,0.0,0.0,0.0420654193740505,0.0,2.250081187914015,0.27,0.06
7182,0.0420654193740505,0.0,0.0,0.0,0.0,0.0420654193740505,0.0,2.2390113407103174,0.27,0.06
7183,0.0697767619948705,0.0,0.0,0.0,0.0,0.0697767619948705,0.0,2.2206490349221935,0.27,0.06
7184,0.0697767619948705,0.0,0.0,-1.3877787807814457e-17,0.0,0.06977676199487048,0.0,2.2022867291340695,0.27,0.06
7185,0.0490430955735375,0.0,0.0,0.0,0.0,0.0490430955735375,0.0,2.1893806513515597,0.27,0.06
7186,0.0490430955735375,0.0,0.0,0.0,0.0,0.0490430955735375,0.0,2.17647457356905,0.27,0.06
7187,0.02850879132933275,0.0,0.0,0.0,0.0,0.02850879132933275,0.0,2.168972260061331,0.27,0.06
7188,0.02850879132933275,0.0,0.0,1.0408340855860843e-17,0.0,0.02850879132933276,0.0,2.1614699465536114,0.27,0.06
7189,0.020933028598461124,0.0,0.0,0.0,0.0,0.020933028598461124,0.0,2.1559612548171745,0.27,0.06
7190,0.020933028598461124,0.0,0.0,1.0408340855860843e-17,0.0,0.020933028598461134,0.0,2.150452563080737,0.27,0.06
7191,0.0153508876388715,0.0,0.0,0.0,0.0,0.0153508876388715,0.0,2.14641285580735,0.27,0.06
7192,0.0153508876388715,0.0,0.0,0.0,0.0,0.0153508876388715,0.0,2.142373148533963,0.27,0.06
7193,0.020135579889948324,0.0,0.0,0.0,0.0,0.020135579889948324,0.0,2.137074311720818,0.27,0.06
7194,0.020135579889948324,0.0,0.0,0.0,0.0,0.020135579889948324,0.0,2.131775474907674,0.27,0.06
7195,0.018740044650050924,0.0,0.0,0.0,0.0,0.018740044650050924,0.0,2.126843884210292,0.27,0.06
7196,0.018740044650050924,0.0,0.0,0.0,0.0,0.018740044650050924,0.0,2.1219122935129104,0.27,0.06
7197,0.03588519188307625,0.0,0.0,0.0,0.0,0.03588519188307625,0.0,2.1124688219647325,0.27,0.06
7198,0.03588519188307625,0.0,0.0,0.0,0.0,0.03588519188307625,0.0,2.1030253504165546,0.27,0.06
7199,0.050637992990563,0.0,0.0,0.0,0.0,0.050637992990563,0.0,2.0896995627874593,0.27,0.06
7200,0.050637992990563,0.0,0.0,0.0,0.0,0.050637992990563,0.0,2.076373775158364,0.27,0.06
7201,0.045653938562358,0.0,0.0,0.0,0.0,0.045653938562358,0.0,2.0643595807998483,0.27,0.06
7202,0.045653938562358,0.0,0.0,0.0,0.0,0.045653938562358,0.0,2.052345386441333,0.27,0.06
7203,0.1174243223285105,0.0,0.0,0.0,0.0,0.1174243223285105,0.0,2.021444248986462,0.27,0.06
7204,0.1174243223285105,0.0,0.0,0.0,0.0,0.1174243223285105,0.0,1.9905431115315908,0.27,0.06
7205,0.0976874667928185,0.0,0.0,0.0,0.0,0.0976874667928185,0.0,1.9648358834282176,0.27,0.06
7206,0.0976874667928185,0.0,0.0,0.0,0.0,0.0976874667928185,0.0,1.9391286553248444,0.27,0.06
7207,0.0149521632846151,0.0,0.0,0.0,0.0,0.0149521632846151,0.0,1.9351938755131035,0.27,0.06
7208,0.0149521632846151,0.0,0.0,0.0,0.0,0.0149521632846151,0.0,1.931259095701363,0.27,0.06
7209,0.0155502498159997,0.0,0.0,0.0,0.0,0.0155502498159997,0.0,1.9271669246971523,0.27,0.06
7210,0.0155502498159997,0.0,0.0,0.0,0.0,0.0155502498159997,0.0,1.9230747536929418,0.27,0.06
7211,0.020135579889948324,0.0,0.0,0.0,0.0,0.020135579889948324,0.0,1.9177759168797976,0.27,0.06
7212,0.020135579889948324,0.0,0.0,0.0,0.0,0.020135579889948324,0.0,1.9124770800666533,0.27,0.06
7213,0.02392346125538415,0.0,0.0,0.0,0.0,0.02392346125538415,0.0,1.9061814323678679,0.27,0.06
7214,0.02392346125538415,0.0,0.0,0.0,0.0,0.02392346125538415,0.0,1.8998857846690826,0.27,0.06
7215,0.0273126182665635,0.0,0.0,0.0,0.0,0.0273126182665635,0.0,1.8926982535463026,0.27,0.06
7216,0.0273126182665635,0.0,0.0,3.469446951953614e-18,0.0,0.027312618266563504,0.0,1.8855107224235228,0.27,0.06
7217,0.021730477306973923,0.0,0.0,0.0,0.0,0.021730477306973923,0.0,1.8797921757637928,0.27,0.06
7218,0.021730477306973923,0.0,0.0,0.0,0.0,0.021730477306973923,0.0,1.8740736291040627,0.27,0.06
7219,0.0181419581186663,0.0,0.0,0.0,0.0,0.0181419581186663,0.0,1.8692994295991505,0.27,0.06
7220,0.0181419581186663,0.0,0.0,0.0,0.0,0.0181419581186663,0.0,1.8645252300942385,0.27,0.06
7221,0.02691389391230725,0.0,0.0,0.0,0.0,0.02691389391230725,0.0,1.857442626433105,0.27,0.06
7222,0.02691389391230725,0.0,0.0,0.0,0.0,0.02691389391230725,0.0,1.8503600227719714,0.27,0.06
7223,0.0167464228787689,0.0,0.0,0.0,0.0,0.0167464228787689,0.0,1.8459530693828217,0.27,0.06
7224,0.0167464228787689,0.0,0.0,0.0,0.0,0.0167464228787689,0.0,1.841546115993672,0.27,0.06
7225,0.0163476985245125,0.0,0.0,0.0,0.0,0.0163476985245125,0.0,1.8372440900661688,0.27,0.06
7226,0.0163476985245125,0.0,0.0,0.0,0.0,0.0163476985245125,0.0,1.8329420641386656,0.27,0.06
7227,0.031698586163384,0.0,0.0,0.0,0.0,0.031698586163384,0.0,1.824600330937775,0.27,0.06
7228,0.031698586163384,0.0,0.0,0.0,0.0,0.031698586163384,0.0,1.8162585977368844,0.27,0.06
7229,0.0935008610731265,0.0012355881674453561,0.0,0.0,0.0,0.09226527290568114,0.0,1.7919782627617051,0.27,0.06
7230,0.0935008610731265,0.018402527645729003,0.0,0.0,0.0,0.0750983334273975,0.0,1.7722155434387055,0.27,0.06
7231,0.13437010738440774,0.03138074770118481,0.0,0.0,0.0,0.10298935968322293,0.0,1.745113080364173,0.27,0.06
7232,0.13437010738440774,0.034751486017531696,0.0,0.0,0.0,0.09961862136687605,0.0,1.7188976536886795,0.27,0.06
7233,0.2563797597868675,0.03853092595458871,0.0,0.0,0.0,0.2178488338322788,0.0,1.6615690132065009,0.27,0.06
7234,0.2563797597868675,0.05644675349087275,0.0,0.0,0.0,0.19993300629599475,0.0,1.6089550641812391,0.27,0.06
7235,0.074362092068819,0.044126163065277446,0.0,0.0,0.0,0.03023592900354155,0.0,1.6009982407592545,0.27,0.06
7236,0.074362092068819,0.08809144089271623,0.0,0.01372934882389723,0.0,0.0,0.0,1.6009982407592545,0.27,0.06
7237,0.108851748711998,0.12943454048882425,0.0,0.0,0.020582791776826245,0.0,0.0,1.6058866538062506,0.27,0.06
7238,0.108851748711998,0.10892412083590489,0.0,7.237212390688585e-05,-0.0,0.0,0.0,1.6058866538062506,0.27,0.06
7239,0.032695397049025,0.048632563267674525,0.0,0.0,0.015937166218649525,0.0,0.0,1.6096717307831798,0.27,0.06
7240,0.032695397049025,0.05000897152234757,0.0,0.017313574473322567,0.0,0.0,0.0,1.6096717307831798,0.27,0.06
7241,0.03628391623733275,0.04263304677800379,0.0,0.0,0.006349130540671037,0.0,0.0,1.6111796492865893,0.27,0.06
7242,0.03628391623733275,0.048646860732364815,0.0,0.012362944495032065,0.0,0.0,0.0,1.6111796492865893,0.27,0.06
7243,0.073365281183178,0.10836249874734241,0.0,0.03499721756416441,0.0,0.0,0.0,1.6111796492865893,0.27,0.06
7244,0.073365281183178,0.0830933055784024,0.0,0.009728024395224397,0.0,0.0,0.0,1.6111796492865893,0.27,0.06
7245,0.0372807271229735,0.12425786284209399,0.0,0.0,0.0869771357191205,0.0,0.0,1.6318367190198804,0.27,0.06
7246,0.0372807271229735,0.052975360033045364,0.0,0.0,0.015694632910071865,0.0,0.0,1.6355641943360224,0.27,0.06
7247,0.02492027214102515,0.022501962994946587,0.0,0.0,0.0,0.002418309146078563,0.0,1.6349277971923175,0.27,0.06
7248,0.02492027214102515,0.032329739382295414,0.0,1.457167719820518e-16,0.007409467241270118,0.0,0.0,1.6366875456621193,0.27,0.06
7249,0.0179425959415381,0.040870752180126264,0.0,0.022928156238588165,0.0,0.0,0.0,1.6366875456621193,0.27,0.06
7250,0.0179425959415381,0.09690622682194966,0.0,0.0,0.07896363088041156,0.0,0.0,1.655441407996217,0.27,0.06
7251,0.02372409907825595,0.09219286425436878,0.0,0.0,0.06846876517611283,0.0,0.0,1.6717027397255437,0.27,0.06
7252,0.02372409907825595,0.11330820837671057,0.0,0.0,0.08958410929845462,0.0,0.0,1.6929789656839267,0.27,0.06
7253,0.020534304244204726,0.239313784461441,0.0,0.0,0.21877948021723628,0.0,0.0,1.7449390922355204,0.27,0.06
7254,0.020534304244204726,0.044967096152271305,0.0,0.0,0.02443279190806658,0.0,0.0,1.7507418803136863,0.27,0.06
7255,0.02452154778676875,0.05342174811992954,0.0,0.028900200333160788,0.0,0.0,0.0,1.7507418803136863,0.27,0.06
7256,0.02452154778676875,0.06004751716642158,0.0,0.03552596937965283,0.0,0.0,0.0,1.7507418803136863,0.27,0.06
7257,0.02890751568358925,0.10510512016370474,0.0,0.0,0.07619760448011549,0.0,0.0,1.7688388113777136,0.27,0.06
7258,0.02890751568358925,0.10000494632290152,0.0,0.0,0.07109743063931227,0.0,0.0,1.7857244511545503,0.27,0.06
7259,0.0177432337644099,0.04610713602595326,0.0,0.0,0.02836390226154336,0.0,0.0,1.7924608779416669,0.27,0.06
7260,0.0177432337644099,0.02981771338807983,0.0,0.01207447962366993,0.0,0.0,0.0,1.7924608779416669,0.27,0.06
7261,0.02511963431815325,0.018130499507672555,0.0,0.0,0.0,0.006989134810480694,0.0,1.7906216319389088,0.27,0.06
7262,0.02511963431815325,0.02198373113969687,0.0,0.0,0.0,0.003135903178456377,0.0,1.7897963942603676,0.27,0.06
7263,0.02850879132933275,0.03148524169956683,0.0,0.0,0.0029764503702340815,0.0,0.0,1.7905033012232983,0.27,0.06
7264,0.02850879132933275,0.03308888151278877,0.0,0.00458009018345602,0.0,0.0,0.0,1.7905033012232983,0.27,0.06
7265,0.018740044650050924,0.021334921688591277,0.0,0.0,0.002594877038540354,0.0,0.0,1.7911195845199517,0.27,0.06
7266,0.018740044650050924,0.01949399722878825,0.0,0.0007539525787373276,0.0,0.0,0.0,1.7911195845199515,0.27,0.06
7267,0.02511963431815325,0.03708409328685991,0.0,0.0,0.01196445896870666,0.0,0.0,1.7939611435250193,0.27,0.06
7268,0.02511963431815325,0.028797500848997615,0.0,0.003677866530844367,0.0,0.0,0.0,1.7939611435250193,0.27,0.06
7269,0.02811006697507625,0.0320124668009147,0.0,0.0039023998258384505,0.0,0.0,0.0,1.7939611435250193,0.27,0.06
7270,0.02811006697507625,0.015258581008186148,0.0,0.0,0.0,0.0128514859668901,0.0,1.7905791735337324,0.27,0.06
7271,0.02232856383835855,0.007191323509126657,0.0,1.734723475976807e-18,0.0,0.015137240329231893,0.0,1.786595689236566,0.27,0.06
7272,0.02232856383835855,0.006585720474758547,0.0,0.0,0.0,0.0157428433636,0.0,1.782452835719829,0.27,0.06
7273,0.0647927075666655,0.01293576086224889,0.0,0.0,0.0,0.05185694670441661,0.0,1.7688062707976142,0.27,0.06
7274,0.0647927075666655,0.007038097887751675,0.0,0.0,0.0,0.05775460967891382,0.0,1.7536076893031631,0.27,0.06
7275,0.17264764539302224,0.006691393931460409,0.0,0.0,0.0,0.16595625146156184,0.0,1.7099349915501205,0.27,0.06
7276,0.17264764539302224,0.0,0.0,0.0,0.0,0.17264764539302224,0.0,1.66450140065722,0.27,0.06
7277,0.02312601254687135,0.0,0.0,3.469446951953614e-18,0.0,0.023126012546871355,0.0,1.6584156078817276,0.27,0.06
7278,0.02312601254687135,0.0,0.0,0.0,0.0,0.02312601254687135,0.0,1.6523298151062351,0.27,0.06
7279,0.05562204741876825,0.0,0.0,0.0,0.0,0.05562204741876825,0.0,1.6376924342065593,0.27,0.06
7280,0.05562204741876825,0.0,0.0,0.0,0.0,0.05562204741876825,0.0,1.6230550533068835,0.27,0.06
7281,0.04445776549958875,0.0,0.0,0.0,0.0,0.04445776549958875,0.0,1.6113556413333077,0.27,0.06
7282,0.04445776549958875,0.0,0.0,0.0,0.0,0.04445776549958875,0.0,1.5996562293597316,0.27,0.06
7283,0.05083735516769125,0.0,0.0,0.0,0.0,0.05083735516769125,0.0,1.5862779779998128,0.27,0.06
7284,0.05083735516769125,0.0,0.0,0.0,0.0,0.05083735516769125,0.0,1.572899726639894,0.27,0.06
7285,0.063397172326768,0.0,0.0,0.0,0.0,0.063397172326768,0.0,1.556216260238113,0.27,0.06
7286,0.063397172326768,0.0,0.0,0.0,0.0,0.063397172326768,0.0,1.539532793836332,0.27,0.06
7287,0.0500399064591785,0.0,0.0,0.0,0.0,0.0500399064591785,0.0,1.526364397399706,0.27,0.06
7288,0.0500399064591785,0.0,0.0,0.0,0.0,0.0500399064591785,0.0,1.51319600096308,0.27,0.06
7289,0.040669884134153,0.0,0.0,0.0,0.0,0.040669884134153,0.0,1.502493399875145,0.27,0.06
7290,0.040669884134153,0.0,0.0,1.3877787807814457e-17,0.0,0.04066988413415301,0.0,1.49179079878721,0.27,0.06
7291,0.062400361441127,0.0,0.0,0.0,0.0,0.062400361441127,0.0,1.475369651039545,0.27,0.06
7292,0.062400361441127,0.0,0.0,0.0,0.0,0.062400361441127,0.0,1.45894850329188,0.27,0.06
7293,0.04226478155117875,0.0,0.0,0.0,0.0,0.04226478155117875,0.0,1.4478261923573594,0.27,0.06
7294,0.04226478155117875,0.0,0.0,0.0,0.0,0.04226478155117875,0.0,1.4367038814228388,0.27,0.06
7295,0.06459334538953725,0.0,0.0,0.0,0.0,0.06459334538953725,0.0,1.4197056326361184,0.27,0.06
7296,0.06459334538953725,0.0,0.0,0.0,0.0,0.06459334538953725,0.0,1.402707383849398,0.27,0.06
7297,0.05681822048153725,0.0,0.0,0.0,0.0,0.05681822048153725,0.0,1.387755220564783,0.27,0.06
7298,0.05681822048153725,0.0,0.0,0.0,0.0,0.05681822048153725,0.0,1.3728030572801677,0.27,0.06
7299,0.052432252584717,0.0,0.0,-6.938893903907228e-18,0.0,0.052432252584716996,0.0,1.3590050960736633,0.27,0.06
7300,0.052432252584717,0.0,0.0,0.0,0.0,0.052432252584717,0.0,1.3452071348671588,0.27,0.06
7301,0.07416272989169075,0.0,0.0,0.0,0.0,0.07416272989169075,0.0,1.3256906270009245,0.27,0.06
7302,0.07416272989169075,0.0,0.0,0.0,0.0,0.07416272989169075,0.0,1.30617411913469,0.27,0.06
7303,0.05382778782461425,0.0,0.0,6.938893903907228e-18,0.0,0.053827787824614254,0.0,1.2920089118124232,0.27,0.06
7304,0.05382778782461425,0.0,0.0,0.0,0.0,0.05382778782461425,0.0,1.2778437044901563,0.27,0.06
7305,0.05123607952194775,0.0,0.0,0.0,0.0,0.05123607952194775,0.0,1.264360525668591,0.27,0.06
7306,0.05123607952194775,0.0,0.0,0.0,0.0,0.05123607952194775,0.0,1.2508773468470258,0.27,0.06
7307,0.0580143935443065,0.0,0.0,0.0,0.0,0.0580143935443065,0.0,1.2356104011774716,0.27,0.06
7308,0.0580143935443065,0.0,0.0,0.0,0.0,0.0580143935443065,0.0,1.2203434555079171,0.27,0.06
7309,0.049441819927794,0.0,0.0,0.0,0.0,0.049441819927794,0.0,1.2073324502637608,0.27,0.06
7310,0.049441819927794,0.0,0.0,-2.0816681711721685e-17,0.0,0.04944181992779398,0.0,1.1943214450196047,0.27,0.06
7311,0.05283097693897325,0.0,0.0,0.0,0.0,0.05283097693897325,0.0,1.1804185563514538,0.27,0.06
7312,0.05283097693897325,0.0,0.0,0.0,0.0,0.05283097693897325,0.0,1.1665156676833028,0.27,0.06
7313,0.043660316791076,0.0,0.0,0.0,0.0,0.043660316791076,0.0,1.1550261106330195,0.27,0.06
7314,0.043660316791076,0.0,0.0,0.0,0.0,0.043660316791076,0.0,1.1435365535827364,0.27,0.06
7315,0.033692207934666,0.0,0.0,0.0,0.0,0.033692207934666,0.0,1.134670183073614,0.27,0.06
7316,0.033692207934666,0.0,0.0,0.0,0.0,0.033692207934666,0.0,1.1258038125644914,0.27,0.06
7317,0.019936217712820125,0.0,0.0,0.0,0.0,0.019936217712820125,0.0,1.1205574394821702,0.27,0.06
7318,0.019936217712820125,0.0,0.0,0.0,0.0,0.019936217712820125,0.0,1.1153110663998491,0.27,0.06
7319,0.0430622302596915,0.0,0.0,0.0,0.0,0.0430622302596915,0.0,1.1039789005420355,0.27,0.06
7320,0.0430622302596915,0.0,0.0,0.0,0.0,0.0430622302596915,0.0,1.092646734684222,0.27,0.06
7321,0.04924245775066575,0.0,0.0,0.0,0.0,0.04924245775066575,0.0,1.0796881931708888,0.27,0.06
7322,0.04924245775066575,0.0,0.0,0.0,0.0,0.04924245775066575,0.0,1.0667296516575557,0.27,0.06
7323,0.04086924631128125,0.0,0.0,0.0,0.0,0.04086924631128125,0.0,1.0559745868387975,0.27,0.06
7324,0.04086924631128125,0.005556430670331278,0.0,0.0,0.0,0.03531281564094997,0.0,1.0466817406174949,0.27,0.06
7325,0.02791070479794825,0.007274858214104673,0.0,0.0,0.0,0.020635846583843577,0.0,1.0412512546743782,0.27,0.06
7326,0.02791070479794825,0.0031498197698499025,0.0,0.0,0.0,0.024760885028098346,0.0,1.0347352322985628,0.27,0.06
7327,0.0253189964952815,0.0057685974454282085,0.0,0.0,0.0,0.01955039904985329,0.0,1.0295903904433383,0.27,0.06
7328,0.0253189964952815,0.007396729161565145,0.0,0.0,0.0,0.017922267333716355,0.0,1.0248740043028866,0.27,0.06
7329,0.0322966726947685,0.007946799446675947,0.0,3.469446951953614e-18,0.0,0.024349873248092554,0.0,1.0184661429218096,0.27,0.06
7330,0.0322966726947685,0.012314640106515035,0.0,0.0,0.0,0.019982032588253464,0.0,1.013207713293322,0.27,0.06
7331,0.02272728819261495,0.008205825692470938,0.0,0.0,0.0,0.014521462500144012,0.0,1.009386275793284,0.27,0.06
7332,0.02272728819261495,0.008810149906785402,0.0,0.0,0.0,0.013917138285829548,0.0,1.0057238709812235,0.27,0.06
7333,0.03050241310061475,0.01680017034725799,0.0,0.0,0.0,0.013702242753356762,0.0,1.002118017625077,0.27,0.06
7334,0.03050241310061475,0.022453946125321807,0.0,3.469446951953614e-18,0.0,0.008048466975292948,0.0,0.9999999999999999,0.27,0.06
7335,0.0291068778607175,0.06436075676509963,0.0,0.03525387890438213,0.0,0.0,0.0,0.9999999999999999,0.27,0.06
7336,0.0291068778607175,0.09846556200205923,0.0,0.06935868414134173,0.0,0.0,0.0,0.9999999999999999,0.27,0.06
7337,0.12460136070512574,0.2538076560955754,0.0,0.12920629539044964,0.0,0.0,0.0,0.9999999999999999,0.27,0.06
7338,0.12460136070512574,0.37984354455926833,0.0,0.2552421838541426,0.0,0.0,0.0,1.0,0.27,0.06
7339,0.143740129709433,0.4466729460774069,0.0,0.30293281636797387,-0.0,0.0,0.0,1.0,0.27,0.06
7340,0.143740129709433,0.38818321051044724,0.0,0.24444308080101423,0.0,0.0,0.0,1.0,0.27,0.06
7341,0.02691389391230725,0.1177488836964025,0.0,0.09083498978409525,0.0,0.0,0.0,1.0,0.27,0.06
7342,0.02691389391230725,0.15257960982625593,0.0,0.12566571591394868,0.0,0.0,0.0,1.0,0.27,0.06
7343,0.021730477306973923,0.14966329558870214,0.0,0.12793281828172823,-0.0,0.0,0.0,1.0,0.27,0.06
7344,0.021730477306973923,0.17937535673650556,0.0,0.15764487942953165,0.0,0.0,0.0,1.0,0.27,0.06
7345,0.03748008930010175,0.24418619300550592,0.0,0.20670610370540418,0.0,0.0,0.0,1.0,0.27,0.06
7346,0.03748008930010175,0.3036475300253424,0.0,0.2661674407252406,0.0,0.0,0.0,1.0,0.27,0.06
7347,0.2900719677215325,0.9536646753496573,0.0,0.6635927076281247,0.0,0.0,0.0,1.0,0.27,0.06
7348,0.2900719677215325,0.8287716528567327,0.0,0.5386996851352002,0.0,0.0,0.0,1.0,0.27,0.06
7349,0.2906700343167,0.8622869660531297,0.0,0.5716169317364297,0.0,0.0,0.0,1.0,0.27,0.06
7350,0.2906700343167,1.1825809724421286,0.0,0.30233241702404456,0.589578521101384,0.0,0.0,1.1400248987615786,0.27,0.06
7351,0.298644541338045,1.2456898376428531,0.0,0.0,0.9470452963048082,0.0,0.0,1.3649481566339707,0.27,0.06
7352,0.298644541338045,1.0820089362368153,0.0,0.0,0.7833643948987703,0.0,0.0,1.5509972004224286,0.27,0.06
7353,0.310008165498135,0.7887629362324132,0.0,1.6653345369377348e-16,0.4787547707342781,0.0,0.0,1.6647014584718196,0.27,0.06
7354,0.310008165498135,0.3509381691948302,0.0,0.040930003696695194,0.0,0.0,0.0,1.6647014584718196,0.27,0.06
7355,0.3159890507482,0.3207922864306143,0.0,0.0048032356824143085,0.0,0.0,0.0,1.6647014584718196,0.27,0.06
7356,0.3159890507482,0.2857370384324807,0.0,0.0,0.0,0.03025201231571928,0.0,1.6567404025992618,0.27,0.06
7357,0.2613638142150725,0.20446188812988672,0.0,0.0,0.0,0.05690192608518577,0.0,1.6417662115242129,0.27,0.06
7358,0.2613638142150725,0.18790253159778111,0.0,0.0,0.0,0.07346128261729137,0.0,1.6224342950459782,0.27,0.06
7359,0.02591708302666625,0.03985176632975697,0.0,0.013934683303090719,0.0,0.0,0.0,1.6224342950459782,0.27,0.06
7360,0.02591708302666625,0.06268496813497747,0.0,0.03676788510831122,0.0,0.0,0.0,1.6224342950459782,0.27,0.06
7361,0.0877193579364085,0.12012895059773267,0.0,0.03240959266132416,0.0,0.0,0.0,1.6224342950459782,0.27,0.06
7362,0.0877193579364085,0.1361342127705334,0.0,0.04841485483412489,0.0,0.0,0.0,1.6224342950459782,0.27,0.06
7363,0.02611644520379425,0.07561458884095623,0.0,0.049498143637161984,0.0,0.0,0.0,1.6224342950459782,0.27,0.06
7364,0.02611644520379425,0.051269406587588225,0.0,0.025152961383793974,0.0,0.0,0.0,1.6224342950459782,0.27,0.06
7365,0.07894742214276775,0.10844204549953633,0.0,0.029494623356768584,0.0,0.0,0.0,1.6224342950459782,0.27,0.06
7366,0.07894742214276775,0.09062520662507767,0.0,0.011677784482309925,0.0,0.0,0.0,1.6224342950459782,0.27,0.06
7367,0.02372409907825595,0.018175765919297593,0.0,0.0,0.0,0.005548333158958356,0.0,1.6209742073725681,0.27,0.06
7368,0.02372409907825595,0.007018392608323953,0.0,0.0,0.0,0.016705706469931997,0.0,1.6165779688278492,0.27,0.06
7369,0.02611644520379425,0.005039675843336825,0.0,0.0,0.0,0.021076769360457426,0.0,1.6110314505750973,0.27,0.06
7370,0.02611644520379425,0.004121918032859582,0.0,0.0,0.0,0.02199452717093467,0.0,1.605243417109062,0.27,0.06
7371,0.07515954077733175,0.004430325402190374,0.0,0.0,0.0,0.07072921537514137,0.0,1.586630465694551,0.27,0.06
7372,0.07515954077733175,0.00018700771053453927,0.0,0.0,0.0,0.07497253306679721,0.0,1.5669008517296044,0.27,0.06
7373,0.02192983948410215,0.0,0.0,0.0,0.0,0.02192983948410215,0.0,1.5611298413390513,0.27,0.06
7374,0.02192983948410215,0.0,0.0,0.0,0.0,0.02192983948410215,0.0,1.555358830948498,0.27,0.06
7375,0.0273126182665635,0.0,0.0,0.0,0.0,0.0273126182665635,0.0,1.5481712998257182,0.27,0.06
7376,0.0273126182665635,0.0,0.0,0.0,0.0,0.0273126182665635,0.0,1.5409837687029382,0.27,0.06
7377,0.02292665036974315,0.0,0.0,0.0,0.0,0.02292665036974315,0.0,1.534950439658269,0.27,0.06
7378,0.02292665036974315,0.0,0.0,0.0,0.0,0.02292665036974315,0.0,1.5289171106135997,0.27,0.06
7379,0.020733666421332925,0.0,0.0,0.0,0.0,0.020733666421332925,0.0,1.5234608826079858,0.27,0.06
7380,0.020733666421332925,0.0,0.0,0.0,0.0,0.020733666421332925,0.0,1.5180046546023718,0.27,0.06
7381,0.050438630813435,0.0,0.0,0.0,0.0,0.050438630813435,0.0,1.5047313307040995,0.27,0.06
7382,0.050438630813435,0.0,0.0,0.0,0.0,0.050438630813435,0.0,1.4914580068058272,0.27,0.06
7383,0.04585330073948625,0.0,0.0,0.0,0.0,0.04585330073948625,0.0,1.4793913487164887,0.27,0.06
7384,0.04585330073948625,0.0,0.0,0.0,0.0,0.04585330073948625,0.0,1.4673246906271502,0.27,0.06
7385,0.05781503136717825,0.0,0.0,0.0,0.0,0.05781503136717825,0.0,1.452110208688419,0.27,0.06
7386,0.05781503136717825,0.0,0.0,0.0,0.0,0.05781503136717825,0.0,1.4368957267496878,0.27,0.06
7387,0.04545457638523,0.0,0.0,0.0,0.0,0.04545457638523,0.0,1.4249339961219958,0.27,0.06
7388,0.04545457638523,0.0,0.0,0.0,0.0,0.04545457638523,0.0,1.4129722654943038,0.27,0.06
7389,0.041666695019794,0.0,0.0,0.0,0.0,0.041666695019794,0.0,1.4020073457522526,0.27,0.06
7390,0.041666695019794,0.0,0.0,1.3877787807814457e-17,0.0,0.04166669501979402,0.0,1.3910424260102014,0.27,0.06
7391,0.0173445094101535,0.0,0.0,0.0,0.0,0.0173445094101535,0.0,1.3864780814285822,0.27,0.06
7392,0.0173445094101535,0.0,0.0,3.469446951953614e-18,0.0,0.017344509410153502,0.0,1.381913736846963,0.27,0.06
7393,0.0153508876388715,0.0,0.0,0.0,0.0,0.0153508876388715,0.0,1.3778740295735756,0.27,0.06
7394,0.0153508876388715,0.0,0.0,0.0,0.0,0.0153508876388715,0.0,1.3738343223001883,0.27,0.06
7395,0.03847690018574275,0.0,0.0,0.0,0.0,0.03847690018574275,0.0,1.3637088222513087,0.27,0.06
7396,0.03847690018574275,0.0,0.0,0.0,0.0,0.03847690018574275,0.0,1.3535833222024292,0.27,0.06
7397,0.0320973105176405,0.0,0.0,0.0,0.0,0.0320973105176405,0.0,1.345136661539892,0.27,0.06
7398,0.0320973105176405,0.0,0.0,0.0,0.0,0.0320973105176405,0.0,1.336690000877355,0.27,0.06
7399,0.0320973105176405,0.0,0.0,-6.938893903907228e-18,0.0,0.03209731051764049,0.0,1.328243340214818,0.27,0.06
7400,0.0320973105176405,0.0,0.0,0.0,0.0,0.0320973105176405,0.0,1.319796679552281,0.27,0.06
7401,0.030701775277743,0.0,0.0,0.0,0.0,0.030701775277743,0.0,1.3117172650055067,0.27,0.06
7402,0.030701775277743,0.0,0.0,0.0,0.0,0.030701775277743,0.0,1.3036378504587325,0.27,0.06
7403,0.019138769004307325,0.0,0.0,0.0,0.0,0.019138769004307325,0.0,1.298601332299704,0.27,0.06
7404,0.019138769004307325,0.0,0.0,0.0,0.0,0.019138769004307325,0.0,1.293564814140676,0.27,0.06
7405,0.013157903690461275,0.0,0.0,0.0,0.0,0.013157903690461275,0.0,1.290102207906344,0.27,0.06
7406,0.013157903690461275,0.0,0.0,0.0,0.0,0.013157903690461275,0.0,1.286639601672012,0.27,0.06
7407,0.03090113745487125,0.0,0.0,0.0,0.0,0.03090113745487125,0.0,1.2785077233944142,0.27,0.06
7408,0.03090113745487125,0.0,0.0,0.0,0.0,0.03090113745487125,0.0,1.2703758451168166,0.27,0.06
7409,0.020334942067076527,0.0,0.0,0.0,0.0,0.020334942067076527,0.0,1.265024544572849,0.27,0.06
7410,0.020334942067076527,0.0,0.0,0.0,0.0,0.020334942067076527,0.0,1.2596732440288816,0.27,0.06
7411,0.019736855535691926,0.0,0.0,0.0,0.0,0.019736855535691926,0.0,1.2544793346773837,0.27,0.06
7412,0.019736855535691926,0.0,0.0,-6.938893903907228e-18,0.0,0.01973685553569192,0.0,1.2492854253258858,0.27,0.06
7413,0.0342902944660505,0.0,0.0,0.0,0.0,0.0342902944660505,0.0,1.2402616636242936,0.27,0.06
7414,0.0342902944660505,0.0,0.0,0.0,0.0,0.0342902944660505,0.0,1.2312379019227013,0.27,0.06
7415,0.03847690018574275,0.0,0.0,0.0,0.0,0.03847690018574275,0.0,1.2211124018738215,0.27,0.06
7416,0.03847690018574275,0.0,0.0,0.0,0.0,0.03847690018574275,0.0,1.210986901824942,0.27,0.06
7417,0.12021539280830525,0.0,0.0,0.0,0.0,0.12021539280830525,0.0,1.179351272138546,0.27,0.06
7418,0.12021539280830525,0.0,0.0,1.3877787807814457e-17,0.0,0.12021539280830526,0.0,1.1477156424521497,0.27,0.06
7419,0.1194179440997925,0.0,0.0,0.0,0.0,0.1194179440997925,0.0,1.1162898676890465,0.27,0.06
7420,0.1194179440997925,0.008638811195323491,0.0,0.0,0.0,0.11077913290446902,0.0,1.0871374642931335,0.27,0.06
7421,0.02432218560964055,0.0039157729327150646,0.0,0.0,0.0,0.020406412676925487,0.0,1.0817673556939427,0.27,0.06
7422,0.02432218560964055,0.004953244317637207,0.0,0.0,0.0,0.019368941292003342,0.0,1.0766702658802576,0.27,0.06
7423,0.08532701181087,0.02004612148248444,0.0,0.0,0.0,0.06528089032838556,0.0,1.059491084214893,0.27,0.06
7424,0.08532701181087,0.01932127454382374,0.0,0.0,0.0,0.06600573726704627,0.0,1.042121153355144,0.27,0.06
7425,0.06818186457784475,0.017998694638615413,0.0,0.0,0.0,0.05018316993922934,0.0,1.0289150560027152,0.27,0.06
7426,0.06818186457784475,0.016783915162071273,0.0,0.0,0.0,0.05139794941577348,0.0,1.0153892798406694,0.27,0.06
7427,0.0360845540602045,0.011313580746288259,0.0,6.938893903907228e-18,0.0,0.02477097331391625,0.0,1.0088706026527967,0.27,0.06
7428,0.0360845540602045,0.015590705294931053,0.0,0.0,0.0,0.020493848765273444,0.0,1.003477484556672,0.27,0.06
7429,0.0370813649458455,0.023866923630491924,0.0,0.0,0.0,0.013214441315353573,0.0,1.0000000000000002,0.27,0.06
7430,0.0370813649458455,0.045858714587725766,0.0,0.008777349641880268,0.0,0.0,0.0,1.0000000000000002,0.27,0.06
7431,0.0372807271229735,0.1504461354364794,0.0,0.11316540831350588,0.0,0.0,0.0,1.0000000000000002,0.27,0.06
7432,0.0372807271229735,0.17692744451091058,0.0,0.13964671738793707,0.0,0.0,0.0,1.0000000000000002,0.27,0.06
7433,0.0273126182665635,0.10279685732767466,0.0,0.07548423906111115,0.0,0.0,0.0,1.0000000000000002,0.27,0.06
7434,0.0273126182665635,0.128400225605499,0.0,0.10108760733893549,0.0,0.0,0.0,1.0000000000000002,0.27,0.06
7435,0.02890751568358925,0.16587002939544315,0.0,0.13696251371185392,0.0,0.0,0.0,1.0000000000000002,0.27,0.06
7436,0.02890751568358925,0.13852649937489933,0.0,0.10961898369131008,0.0,0.0,0.0,1.0000000000000002,0.27,0.06
7437,0.0177432337644099,0.1059711729298777,0.0,0.08822793916546781,0.0,0.0,0.0,1.0000000000000002,0.27,0.06
7438,0.0177432337644099,0.17774366319213755,0.0,0.16000042942772766,0.0,0.0,0.0,1.0000000000000002,0.27,0.06
7439,0.0137559902218459,0.08519043254075646,0.0,0.07143444231891057,0.0,0.0,0.0,1.0000000000000002,0.27,0.06
7440,0.0137559902218459,0.09687563433031374,0.0,0.08311964410846784,0.0,0.0,0.0,1.0000000000000002,0.27,0.06
7441,0.021730477306973923,0.29353257064226657,0.0,0.27180209333529265,0.0,0.0,0.0,1.0000000000000002,0.27,0.06
7442,0.021730477306973923,0.3641040921413566,0.0,0.34237361483438267,0.0,0.0,0.0,1.0000000000000002,0.27,0.06
7443,0.2840911024076875,1.3469121667020267,0.0,1.0628210642943392,0.0,0.0,0.0,1.0000000000000002,0.27,0.06
7444,0.2840911024076875,1.4334854136985895,0.0,1.149394311290902,0.0,0.0,0.0,1.0000000000000002,0.27,0.06
7445,0.2966509195667625,1.4681045740583614,0.0,0.038170672239287384,1.1332829822523114,0.0,0.0,1.2691547082849242,0.27,0.06
7446,0.2966509195667625,1.329032269488039,0.0,0.0,1.0323813499212764,0.0,0.0,1.5143452788912273,0.27,0.06
7447,0.14194587011527926,0.9146596587972308,0.0,0.0,0.7727137886819515,0.0,0.0,1.6978648037031907,0.27,0.06
7448,0.14194587011527926,0.695743826040541,0.0,0.5537979559252617,0.0,0.0,0.0,1.6978648037031907,0.27,0.06
7449,0.02651516955805075,0.11914476022936651,0.0,0.09262959067131576,0.0,0.0,0.0,1.6978648037031907,0.27,0.06
7450,0.02651516955805075,0.09087851207308163,0.0,1.5265566588595902e-16,0.06436334251503073,0.0,0.0,1.7131510975505104,0.27,0.06
7451,0.0707735728805115,0.1413539729758371,0.0,0.0705804000953256,0.0,0.0,0.0,1.7131510975505104,0.27,0.06
7452,0.0707735728805115,0.10544344395864207,0.0,0.0,0.03466987107813056,0.0,0.0,1.7213851919315664,0.27,0.06
7453,0.03528710535169175,0.04736841834221679,0.0,0.01208131299052504,0.0,0.0,0.0,1.7213851919315664,0.27,0.06
7454,0.03528710535169175,0.04886220999570528,0.0,0.0,0.013575104644013528,0.0,0.0,1.7246092792845196,0.27,0.06
7455,0.10386769428379275,0.070631738606906,0.0,0.0,0.0,0.03323595567688675,0.0,1.715862975159023,0.27,0.06
7456,0.10386769428379275,0.05865907735114016,0.0,0.0,0.0,0.04520861693265259,0.0,1.7039659707030617,0.27,0.06
7457,0.03389157011179425,0.022286025110744546,0.0,0.0,0.0,0.011605545001049704,0.0,1.7009118799133118,0.27,0.06
7458,0.03389157011179425,0.02140406075688672,0.0,0.0,0.0,0.012487509354907531,0.0,1.6976256932409677,0.27,0.06
7459,0.092105325833229,0.051088094445712225,0.0,0.0,0.0,0.04101723138751678,0.0,1.686831684981095,0.27,0.06
7460,0.092105325833229,0.055875767763848574,0.0,0.0,0.0,0.03622955806938043,0.0,1.6772975907523107,0.27,0.06
7461,0.019338131181435524,0.014101092062931213,0.0,0.0,0.0,0.005237039118504311,0.0,1.6759194225632306,0.27,0.06
7462,0.019338131181435524,0.018085036157166504,0.0,-1.0408340855860843e-17,0.0,0.0012530950242690096,0.0,1.6755896607147387,0.27,0.06
7463,0.019138769004307325,0.01055812244455321,0.0,0.0,0.0,0.008580646559754115,0.0,1.673331595830593,0.27,0.06
7464,0.019138769004307325,0.0051457048195862505,0.0,0.0,0.0,0.013993064184721075,0.0,1.6696492105188243,0.27,0.06
7465,0.088118082290665,0.014393767744499946,0.0,0.0,0.0,0.07372431454616506,0.0,1.6502480751119388,0.27,0.06
7466,0.088118082290665,0.008125139347927496,0.0,0.0,0.0,0.07999294294273751,0.0,1.6291973006533236,0.27,0.06
7467,0.11164281919179275,0.004339992494528586,0.0,0.0,0.0,0.10730282669726417,0.0,1.6009597146803594,0.27,0.06
7468,0.11164281919179275,0.0,0.0,0.0,0.0,0.11164281919179275,0.0,1.5715800254193613,0.27,0.06
7469,0.141547145761023,0.0,0.0,0.0,0.0,0.141547145761023,0.0,1.5343307765348815,0.27,0.06
7470,0.141547145761023,0.0,0.0,0.0,0.0,0.141547145761023,0.0,1.4970815276504017,0.27,0.06
7471,0.0689793132863575,0.0,0.0,0.0,0.0,0.0689793132863575,0.0,1.4789290767855707,0.27,0.06
7472,0.0689793132863575,0.0,0.0,0.0,0.0,0.0689793132863575,0.0,1.4607766259207398,0.27,0.06
7473,0.0510367173448195,0.0,0.0,0.0,0.0,0.0510367173448195,0.0,1.447345910829998,0.27,0.06
7474,0.0510367173448195,0.0,0.0,0.0,0.0,0.0510367173448195,0.0,1.433915195739256,0.27,0.06
7475,0.0540271500017425,0.0,0.0,-1.3877787807814457e-17,0.0,0.054027150001742484,0.0,1.4196975246861658,0.27,0.06
7476,0.0540271500017425,0.0,0.0,0.0,0.0,0.0540271500017425,0.0,1.4054798536330757,0.27,0.06
7477,0.04246414372830675,0.0,0.0,0.0,0.0,0.04246414372830675,0.0,1.3943050789677318,0.27,0.06
7478,0.04246414372830675,0.0,0.0,0.0,0.0,0.04246414372830675,0.0,1.383130304302388,0.27,0.06
7479,0.0332934835804095,0.0,0.0,0.0,0.0,0.0332934835804095,0.0,1.3743688612549116,0.27,0.06
7480,0.0332934835804095,0.0,0.0,0.0,0.0,0.0332934835804095,0.0,1.3656074182074356,0.27,0.06
7481,0.02890751568358925,0.0,0.0,0.0,0.0,0.02890751568358925,0.0,1.35800017723807,0.27,0.06
7482,0.02890751568358925,0.0,0.0,5.551115123125783e-17,0.0,0.028907515683589305,0.0,1.3503929362687044,0.27,0.06
7483,0.018939406827179126,0.0,0.0,0.0,0.0,0.018939406827179126,0.0,1.3454088818404992,0.27,0.06
7484,0.018939406827179126,0.0,0.0,0.0,0.0,0.018939406827179126,0.0,1.3404248274122943,0.27,0.06
7485,0.02611644520379425,0.0,0.0,0.0,0.0,0.02611644520379425,0.0,1.3335520786744537,0.27,0.06
7486,0.02611644520379425,0.0,0.0,0.0,0.0,0.02611644520379425,0.0,1.326679329936613,0.27,0.06
7487,0.0342902944660505,0.0,0.0,0.0,0.0,0.0342902944660505,0.0,1.3176555682350208,0.27,0.06
7488,0.0342902944660505,0.0,0.0,-2.7755575615628914e-17,0.0,0.034290294466050475,0.0,1.3086318065334286,0.27,0.06
7489,0.02811006697507625,0.0,0.0,0.0,0.0,0.02811006697507625,0.0,1.3012344204873558,0.27,0.06
7490,0.02811006697507625,0.0,0.0,0.0,0.0,0.02811006697507625,0.0,1.2938370344412833,0.27,0.06
7491,0.04286286808256325,0.0,0.0,0.0,0.0,0.04286286808256325,0.0,1.282557332314293,0.27,0.06
7492,0.04286286808256325,0.0,0.0,0.0,0.0,0.04286286808256325,0.0,1.2712776301873023,0.27,0.06
7493,0.02890751568358925,0.0,0.0,0.0,0.0,0.02890751568358925,0.0,1.2636703892179368,0.27,0.06
7494,0.02890751568358925,0.0,0.0,0.0,0.0,0.02890751568358925,0.0,1.2560631482485713,0.27,0.06
7495,0.0179425959415381,0.0,0.0,0.0,0.0,0.0179425959415381,0.0,1.2513414124744824,0.27,0.06
7496,0.0179425959415381,0.0,0.0,0.0,0.0,0.0179425959415381,0.0,1.2466196767003934,0.27,0.06
7497,0.02432218560964055,0.0,0.0,6.938893903907228e-18,0.0,0.024322185609640556,0.0,1.2402191015399617,0.27,0.06
7498,0.02432218560964055,0.0,0.0,6.938893903907228e-18,0.0,0.024322185609640556,0.0,1.23381852637953,0.27,0.06
7499,0.021730477306973923,0.0,0.0,0.0,0.0,0.021730477306973923,0.0,1.2280999797198,0.27,0.06
7500,0.021730477306973923,0.0,0.0,0.0,0.0,0.021730477306973923,0.0,1.22238143306007,0.27,0.06
7501,0.02791070479794825,0.0,0.0,-3.469446951953614e-18,0.0,0.027910704797948247,0.0,1.2150365107448204,0.27,0.06
7502,0.02791070479794825,0.0,0.0,0.0,0.0,0.02791070479794825,0.0,1.207691588429571,0.27,0.06
7503,0.0293062400378455,0.0,0.0,0.0,0.0,0.0293062400378455,0.0,1.199979419998559,0.27,0.06
7504,0.0293062400378455,0.0,0.0,0.0,0.0,0.0293062400378455,0.0,1.192267251567547,0.27,0.06
7505,0.04385967896820425,0.0,0.0,0.0,0.0,0.04385967896820425,0.0,1.1807252307864404,0.27,0.06
7506,0.04385967896820425,0.0,0.0,2.7755575615628914e-17,0.0,0.04385967896820428,0.0,1.169183210005334,0.27,0.06
7507,0.047448198156512,0.0,0.0,6.938893903907228e-18,0.0,0.04744819815651201,0.0,1.15669684206941,0.27,0.06
7508,0.047448198156512,0.0,0.0,0.0,0.0,0.047448198156512,0.0,1.1442104741334858,0.27,0.06
7509,0.04326159243681975,0.0,0.0,0.0,0.0,0.04326159243681975,0.0,1.1328258445448491,0.27,0.06
7510,0.04326159243681975,0.0,0.0,0.0,0.0,0.04326159243681975,0.0,1.1214412149562123,0.27,0.06
7511,0.021331752952717525,0.0,0.0,0.0,0.0,0.021331752952717525,0.0,1.1158275957581287,0.27,0.06
7512,0.021331752952717525,0.0,0.0,0.0,0.0,0.021331752952717525,0.0,1.1102139765600447,0.27,0.06
7513,0.03548646752881975,0.0,0.0,0.0,0.0,0.03548646752881975,0.0,1.1008754324735133,0.27,0.06
7514,0.03548646752881975,0.0,0.0,-6.938893903907228e-18,0.0,0.035486467528819746,0.0,1.0915368883869818,0.27,0.06
7515,0.043660316791076,0.0003414367590771314,0.0,0.0,0.0,0.04331888003199887,0.0,1.0801371831154032,0.27,0.06
7516,0.043660316791076,0.004163662124630905,0.0,0.0,0.0,0.0394966546664451,0.0,1.0697433266242333,0.27,0.06
7517,0.04545457638523,0.0068294445336962726,0.0,0.0,0.0,0.038625131851533726,0.0,1.0595788182422508,0.27,0.06
7518,0.04545457638523,0.009051466826521424,0.0,0.0,0.0,0.036403109558708575,0.0,1.0499990525689065,0.27,0.06
7519,0.044657127676717,0.01070070301436601,0.0,0.0,0.0,0.03395642466235099,0.0,1.0410631513419721,0.27,0.06
7520,0.044657127676717,0.008188698063752114,0.0,1.3877787807814457e-17,0.0,0.0364684296129649,0.0,1.0314661961806655,0.27,0.06
7521,0.04047052195702475,0.0067688817928900245,0.0,0.0,0.0,0.03370164016413473,0.0,1.0225973435058933,0.27,0.06
7522,0.04047052195702475,0.008674424063812795,0.0,0.0,0.0,0.03179609789321196,0.0,1.014229949323469,0.27,0.06
7523,0.02392346125538415,0.004381021776392883,0.0,0.0,0.0,0.01954243947899127,0.0,1.0090872020921555,0.27,0.06
7524,0.02392346125538415,0.005762029170562195,0.0,0.0,0.0,0.018161432084821957,0.0,1.0043078778593078,0.27,0.06
7525,0.0303030509234865,0.013933115058116972,0.0,0.0,0.0,0.016369935865369528,0.0,1.0,0.27,0.06
7526,0.0303030509234865,0.030494833940306106,0.0,0.00019178301681960566,0.0,0.0,0.0,1.0,0.27,0.06
7527,0.0330941214032815,0.1042659406152797,0.0,0.0711718192119982,0.0,0.0,0.0,1.0,0.27,0.06
7528,0.0330941214032815,0.10563183494151475,0.0,0.07253771353823324,0.0,0.0,0.0,1.0,0.27,0.06
7529,0.0332934835804095,0.12804147940250066,0.0,0.09474799582209116,0.0,0.0,0.0,1.0,0.27,0.06
7530,0.0332934835804095,0.19253149030759656,0.0,0.15923800672718708,-0.0,0.0,0.0,1.0,0.27,0.06
7531,0.04186605719692225,0.19002485949730732,0.0,0.14815880230038508,0.0,0.0,0.0,1.0,0.27,0.06
7532,0.04186605719692225,0.16825959145126104,0.0,0.1263935342543388,0.0,0.0,0.0,1.0,0.27,0.06
7533,0.02492027214102515,0.13146273940729855,0.0,0.1065424672662734,0.0,0.0,0.0,1.0,0.27,0.06
7534,0.02492027214102515,0.1607777641575939,0.0,0.13585749201656874,-0.0,0.0,0.0,1.0,0.27,0.06
7535,0.02511963431815325,0.18865564551413305,0.0,0.1635360111959798,0.0,0.0,0.0,1.0,0.27,0.06
7536,0.02511963431815325,0.14641406550347094,0.0,0.12129443118531769,0.0,0.0,0.0,1.0,0.27,0.06
7537,0.02691389391230725,0.16103765776563278,0.0,0.13412376385332553,0.0,0.0,0.0,1.0,0.27,0.06
7538,0.02691389391230725,0.16609691543540417,0.0,0.13918302152309692,0.0,0.0,0.0,1.0,0.27,0.06
7539,0.271132560894355,0.9217073015982319,0.0,0.6505747407038769,0.0,0.0,0.0,1.0,0.27,0.06
7540,0.271132560894355,1.1088635948763919,0.0,0.8377310339820369,0.0,0.0,0.0,1.0,0.27,0.06
7541,0.2866828107103525,1.1684853503298136,0.0,0.19823640114144947,0.6835661384780116,0.0,0.0,1.1623469578885277,0.27,0.06
7542,0.2866828107103525,1.2349639340672693,0.0,0.0,0.9482811233569168,0.0,0.0,1.3875637246857955,0.27,0.06
7543,0.1917864143973295,1.259428528495252,0.0,1.0676421140979224,0.0,0.0,0.0,1.3875637246857955,0.27,0.06
7544,0.1917864143973295,0.9649127701819715,0.0,0.0,0.7731263557846421,0.0,0.0,1.571181234184648,0.27,0.06
7545,0.02292665036974315,0.1857228458724342,0.0,0.16279619550269106,0.0,0.0,0.0,1.571181234184648,0.27,0.06
7546,0.02292665036974315,0.11285055293511163,0.0,0.08992390256536849,0.0,0.0,0.0,1.571181234184648,0.27,0.06
7547,0.090111704061947,0.1955249449106107,0.0,0.1054132408486637,0.0,0.0,0.0,1.571181234184648,0.27,0.06
7548,0.090111704061947,0.11009165964528615,0.0,0.01997995558333915,0.0,0.0,0.0,1.571181234184648,0.27,0.06
7549,0.020334942067076527,0.024435766165579395,0.0,0.0041008240985028685,0.0,0.0,0.0,1.571181234184648,0.27,0.06
7550,0.020334942067076527,0.021272964303871877,0.0,0.0009380222367953508,0.0,0.0,0.0,1.571181234184648,0.27,0.06
7551,0.0777512490799985,0.09172906636466452,0.0,0.013977817284666016,0.0,0.0,0.0,1.571181234184648,0.27,0.06
7552,0.0777512490799985,0.05668645127302734,0.0,0.0,0.0,0.02106479780697116,0.0,1.5656378663407082,0.27,0.06
7553,0.02551835867240975,0.04197292744093974,0.0,0.016454568768529992,0.0,0.0,0.0,1.5656378663407082,0.27,0.06
7554,0.02551835867240975,0.018065203937769427,0.0,0.0,0.0,0.007453154734640324,0.0,1.5636765098315923,0.27,0.06
7555,0.026714531735179,0.014876072553337272,0.0,0.0,0.0,0.011838459181841728,0.0,1.5605611258363707,0.27,0.06
7556,0.026714531735179,0.02495880833038029,0.0,0.0,0.0,0.0017557234047987091,0.0,1.5600990933614238,0.27,0.06
7557,0.09230468801035725,0.08649277454130283,0.0,0.0,0.0,0.005811913469054422,0.0,1.5585696424485147,0.27,0.06
7558,0.09230468801035725,0.10455887711859306,0.0,0.012254189108235808,0.0,0.0,0.0,1.5585696424485147,0.27,0.06
7559,0.0253189964952815,0.030445370546700153,0.0,0.005126374051418654,0.0,0.0,0.0,1.5585696424485147,0.27,0.06
7560,0.0253189964952815,0.017909895278806827,0.0,0.0,0.0,0.007409101216474673,0.0,1.556619878970495,0.27,0.06
7561,0.0430622302596915,0.01222936140867789,0.0,3.469446951953614e-18,0.0,0.03083286885101361,0.0,1.5485059661149652,0.27,0.06
7562,0.0430622302596915,0.008656103543196365,0.0,0.0,0.0,0.034406126716495136,0.0,1.5394517222422033,0.27,0.06
7563,0.08452956310235725,0.006180886189892908,0.0,0.0,0.0,0.07834867691246435,0.0,1.5188336493705021,0.27,0.06
7564,0.08452956310235725,0.0002411173348687502,0.0,0.0,0.0,0.08428844576748849,0.0,1.4966524794316893,0.27,0.06
7565,0.05542268524164,0.0,0.0,0.0,0.0,0.05542268524164,0.0,1.4820675622628368,0.27,0.06
7566,0.05542268524164,0.0,0.0,0.0,0.0,0.05542268524164,0.0,1.4674826450939842,0.27,0.06
7567,0.04764756033364,0.0,0.0,0.0,0.0,0.04764756033364,0.0,1.4549438134272368,0.27,0.06
7568,0.04764756033364,0.0,0.0,6.938893903907228e-18,0.0,0.04764756033364001,0.0,1.4424049817604894,0.27,0.06
7569,0.06519143192092175,0.0,0.0,0.0,0.0,0.06519143192092175,0.0,1.4252493417812995,0.27,0.06
7570,0.06519143192092175,0.0,0.0,0.0,0.0,0.06519143192092175,0.0,1.4080937018021094,0.27,0.06
7571,0.0490430955735375,0.0,0.0,0.0,0.0,0.0490430955735375,0.0,1.3951876240195995,0.27,0.06
7572,0.0490430955735375,0.0,0.0,0.0,0.0,0.0490430955735375,0.0,1.3822815462370897,0.27,0.06
7573,0.04485648985384525,0.0,0.0,0.0,0.0,0.04485648985384525,0.0,1.3704772068018674,0.27,0.06
7574,0.04485648985384525,0.0,0.0,0.0,0.0,0.04485648985384525,0.0,1.3586728673666448,0.27,0.06
7575,0.020933028598461124,0.0,0.0,0.0,0.0,0.020933028598461124,0.0,1.3531641756302077,0.27,0.06
7576,0.020933028598461124,0.0,0.0,0.0,0.0,0.020933028598461124,0.0,1.3476554838937707,0.27,0.06
7577,0.0171451472330253,0.0,0.0,-1.0408340855860843e-17,0.0,0.01714514723302529,0.0,1.3431436030429746,0.27,0.06
7578,0.0171451472330253,0.0,0.0,0.0,0.0,0.0171451472330253,0.0,1.3386317221921784,0.27,0.06
7579,0.02452154778676875,0.0,0.0,0.0,0.0,0.02452154778676875,0.0,1.3321786833009235,0.27,0.06
7580,0.02452154778676875,0.0,0.0,0.0,0.0,0.02452154778676875,0.0,1.3257256444096686,0.27,0.06
7581,0.02372409907825595,0.0,0.0,0.0,0.0,0.02372409907825595,0.0,1.3194824604417064,0.27,0.06
7582,0.02372409907825595,0.0,0.0,0.0,0.0,0.02372409907825595,0.0,1.3132392764737444,0.27,0.06
7583,0.02591708302666625,0.0,0.0,0.0,0.0,0.02591708302666625,0.0,1.306418991466727,0.27,0.06
7584,0.02591708302666625,0.0,0.0,0.0,0.0,0.02591708302666625,0.0,1.2995987064597097,0.27,0.06
7585,0.030701775277743,0.0,0.0,0.0,0.0,0.030701775277743,0.0,1.291519291912935,0.27,0.06
7586,0.030701775277743,0.0,0.0,0.0,0.0,0.030701775277743,0.0,1.2834398773661606,0.27,0.06
7587,0.0159489741702561,0.0,0.0,0.0,0.0,0.0159489741702561,0.0,1.2792427789003036,0.27,0.06
7588,0.0159489741702561,0.0,0.0,0.0,0.0,0.0159489741702561,0.0,1.2750456804344468,0.27,0.06
7589,0.15091716808604824,0.0,0.0,0.0,0.0,0.15091716808604824,0.0,1.2353306362012761,0.27,0.06
7590,0.15091716808604824,0.0,0.0,-2.7755575615628914e-17,0.0,0.15091716808604821,0.0,1.1956155919681057,0.27,0.06
7591,0.04326159243681975,0.0,0.0,0.0,0.0,0.04326159243681975,0.0,1.184230962379469,0.27,0.06
7592,0.04326159243681975,0.0,0.0,0.0,0.0,0.04326159243681975,0.0,1.172846332790832,0.27,0.06
7593,0.03947371107138375,0.0,0.0,0.0,0.0,0.03947371107138375,0.0,1.1624585140878363,0.27,0.06
7594,0.03947371107138375,0.0,0.0,6.938893903907228e-18,0.0,0.039473711071383755,0.0,1.1520706953848405,0.27,0.06
7595,0.03887562453999925,0.0,0.0,0.0,0.0,0.03887562453999925,0.0,1.1418402678743145,0.27,0.06
7596,0.03887562453999925,0.0,0.0,1.3877787807814457e-17,0.0,0.038875624539999265,0.0,1.1316098403637884,0.27,0.06
7597,0.031698586163384,0.0,0.0,0.0,0.0,0.031698586163384,0.0,1.1232681071628978,0.27,0.06
7598,0.031698586163384,0.0,0.0,0.0,0.0,0.031698586163384,0.0,1.1149263739620072,0.27,0.06
7599,0.0283094291522045,0.0,0.0,0.0,0.0,0.0283094291522045,0.0,1.1074765241851114,0.27,0.06
7600,0.0283094291522045,0.0,0.0,0.0,0.0,0.0283094291522045,0.0,1.1000266744082154,0.27,0.06
7601,0.019736855535691926,0.0,0.0,0.0,0.0,0.019736855535691926,0.0,1.0948327650567176,0.27,0.06
7602,0.019736855535691926,0.0,0.0,0.0,0.0,0.019736855535691926,0.0,1.0896388557052197,0.27,0.06
7603,0.020933028598461124,0.0,0.0,-3.469446951953614e-18,0.0,0.02093302859846112,0.0,1.0841301639687826,0.27,0.06
7604,0.020933028598461124,0.0,0.0,0.0,0.0,0.020933028598461124,0.0,1.0786214722323455,0.27,0.06
7605,0.02651516955805075,0.0,0.0,0.0,0.0,0.02651516955805075,0.0,1.0716437960328584,0.27,0.06
7606,0.02651516955805075,0.0,0.0,0.0,0.0,0.02651516955805075,0.0,1.0646661198333713,0.27,0.06
7607,0.013357265867589474,0.0,0.0,0.0,0.0,0.013357265867589474,0.0,1.0611510498682162,0.27,0.06
7608,0.013357265867589474,0.0,0.0,0.0,0.0,0.013357265867589474,0.0,1.057635979903061,0.27,0.06
7609,0.0253189964952815,0.0,0.0,0.0,0.0,0.0253189964952815,0.0,1.0509730860885134,0.27,0.06
7610,0.0253189964952815,0.0,0.0,0.0,0.0,0.0253189964952815,0.0,1.0443101922739657,0.27,0.06
7611,0.02890751568358925,0.0004935557665913634,0.0,0.0,0.0,0.028413959916997886,0.0,1.0368328344010715,0.27,0.06
7612,0.02890751568358925,0.007693875055179546,0.0,0.0,0.0,0.021213640628409705,0.0,1.0312502973935953,0.27,0.06
7613,0.02252792601548675,0.012459296700634013,0.0,0.0,0.0,0.010068629314852738,0.0,1.028600658100213,0.27,0.06
7614,0.02252792601548675,0.010946285847507203,0.0,0.0,0.0,0.011581640167979548,0.0,1.025552858056008,0.27,0.06
7615,0.02232856383835855,0.0052729324750115155,0.0,0.0,0.0,0.017055631363347035,0.0,1.021064534013022,0.27,0.06
7616,0.02232856383835855,0.0042398156000196556,0.0,0.0,0.0,0.018088748238338892,0.0,1.016304337108196,0.27,0.06
7617,0.019736855535691926,0.0043497421558164545,0.0,0.0,0.0,0.015387113379875472,0.0,1.0122550967450707,0.27,0.06
7618,0.019736855535691926,0.006545441027207539,0.0,0.0,0.0,0.013191414508484387,0.0,1.008783671874417,0.27,0.06
7619,0.0167464228787689,0.00552893192305494,0.0,0.0,0.0,0.01121749095571396,0.0,1.0058317005702817,0.27,0.06
7620,0.0167464228787689,0.006661146865879415,0.0,1.734723475976807e-18,0.0,0.010085276012889485,0.0,1.0031776805668897,0.27,0.06
7621,0.0271132560894355,0.015038069935254214,0.0,0.0,0.0,0.012075186154181286,0.0,1.0,0.27,0.06
7622,0.0271132560894355,0.035714256806505584,0.0,0.008601000717070085,0.0,0.0,0.0,1.0,0.27,0.06
7623,0.0570175826586655,0.19457600594268673,0.0,0.13755842328402124,0.0,0.0,0.0,1.0,0.27,0.06
7624,0.0570175826586655,0.2354818232313562,0.0,0.1784642405726907,0.0,0.0,0.0,1.0,0.27,0.06
7625,0.1441388540636895,0.4932247205498969,0.0,0.34908586648620743,0.0,0.0,0.0,1.0,0.27,0.06
7626,0.1441388540636895,0.5369292478265195,0.0,0.39279039376283,0.0,0.0,0.0,1.0,0.27,0.06
7627,0.1024721590438955,0.563184001275706,0.0,0.4607118422318105,0.0,0.0,0.0,1.0,0.27,0.06
7628,0.1024721590438955,0.6556168173937241,0.0,0.5531446583498286,0.0,0.0,0.0,1.0,0.27,0.06
7629,0.09330149889599824,0.5967034197457332,0.0,0.5034019208497349,0.0,0.0,0.0,1.0,0.27,0.06
7630,0.09330149889599824,0.5165464219013989,0.0,0.4232449230054006,0.0,0.0,0.0,1.0,0.27,0.06
7631,0.02352473690112775,0.14260440090417362,0.0,0.11907966400304587,0.0,0.0,0.0,1.0,0.27,0.06
7632,0.02352473690112775,0.1918303185177333,0.0,0.16830558161660555,0.0,0.0,0.0,1.0,0.27,0.06
7633,0.0157496119931279,0.07425795955565716,0.0,0.05850834756252926,0.0,0.0,0.0,1.0,0.27,0.06
7634,0.0157496119931279,0.0966506603439254,0.0,0.0809010483507975,0.0,0.0,0.0,1.0,0.27,0.06
7635,0.27811023709384,0.8633246383739277,0.0,0.467340903261041,0.11787349801904674,0.0,0.0,1.0279949557795236,0.27,0.06
7636,0.27811023709384,0.7342094701079274,0.0,0.4560992330140874,0.0,0.0,0.0,1.0279949557795236,0.27,0.06
7637,0.29366048690984,0.961568745534507,0.0,-2.220446049250313e-16,0.6679082586246672,0.0,0.0,1.186623167202882,0.27,0.06
7638,0.29366048690984,1.0203096805678014,0.0,0.0,0.7266491936579613,0.0,0.0,1.359202350696648,0.27,0.06
7639,0.1124402679003055,0.5910648162252009,0.0,6.661338147750939e-16,0.47862454832489476,0.0,0.0,1.4728756809238104,0.27,0.06
7640,0.1124402679003055,0.4574793121986243,0.0,0.34503904429831883,0.0,0.0,0.0,1.4728756809238104,0.27,0.06
7641,0.02332537472399955,0.125216635524249,0.0,0.0,0.10189126080024945,0.0,0.0,1.4970748553638695,0.27,0.06
7642,0.02332537472399955,0.06789637983922103,0.0,0.04457100511522148,0.0,0.0,0.0,1.4970748553638695,0.27,0.06
7643,0.123803911996613,0.1716512539299026,0.0,0.0,0.0478473419332896,0.0,0.0,1.5084385990730258,0.27,0.06
7644,0.123803911996613,0.13125769662816994,0.0,0.007453784631556937,0.0,0.0,0.0,1.5084385990730258,0.27,0.06
7645,0.02511963431815325,0.028245339754576305,0.0,0.003125705436423057,0.0,0.0,0.0,1.5084385990730258,0.27,0.06
7646,0.02511963431815325,0.043202473803909874,0.0,0.018082839485756626,0.0,0.0,0.0,1.5084385990730258,0.27,0.06
7647,0.08732063358215225,0.14642766507035093,0.0,0.0,0.05910703148819868,0.0,0.0,1.522476519051473,0.27,0.06
7648,0.08732063358215225,0.039768316391240684,0.0,0.0,0.0,0.04755231719091157,0.0,1.5099627513696543,0.27,0.06
7649,0.02352473690112775,0.017324767424732605,0.0,0.0,0.0,0.006199969476395145,0.0,1.5083311804548134,0.27,0.06
7650,0.02352473690112775,0.05099509610653007,0.0,0.027470359205402323,0.0,0.0,0.0,1.5083311804548134,0.27,0.06
7651,0.02990432656923025,0.03852679158768279,0.0,0.008622465018452537,0.0,0.0,0.0,1.5083311804548134,0.27,0.06
7652,0.02990432656923025,0.04700148236833567,0.0,0.0,0.01709715579910542,0.0,0.0,1.5123917549571009,0.27,0.06
7653,0.074362092068819,0.09751058916003046,0.0,0.02314849709121146,0.0,0.0,0.0,1.5123917549571009,0.27,0.06
7654,0.074362092068819,0.08932885776975533,0.0,0.01496676570093633,0.0,0.0,0.0,1.5123917549571009,0.27,0.06
7655,0.0253189964952815,0.016158557411587116,0.0,-6.938893903907228e-18,0.0,0.009160439083694377,0.0,1.5099811130929708,0.27,0.06
7656,0.0253189964952815,0.008812407511129735,0.0,0.0,0.0,0.016506588984151763,0.0,1.505637273886615,0.27,0.06
7657,0.0177432337644099,0.0034523334024971694,0.0,0.0,0.0,0.014290900361912731,0.0,1.5018765106334802,0.27,0.06
7658,0.0177432337644099,0.002734568923502138,0.0,0.0,0.0,0.015008664840907762,0.0,1.497926861991136,0.27,0.06
7659,0.07216910812040875,0.005789557037901088,0.0,0.0,0.0,0.06637955108250766,0.0,1.4804585590746866,0.27,0.06
7660,0.07216910812040875,0.0006890865134245495,0.0,0.0,0.0,0.0714800216069842,0.0,1.4616480270728487,0.27,0.06
7661,0.02192983948410215,0.0,0.0,3.469446951953614e-18,0.0,0.021929839484102154,0.0,1.4558770166822954,0.27,0.06
7662,0.02192983948410215,0.0,0.0,0.0,0.0,0.02192983948410215,0.0,1.4501060062917424,0.27,0.06
7663,0.020534304244204726,0.0,0.0,0.0,0.0,0.020534304244204726,0.0,1.4447022420169515,0.27,0.06
7664,0.020534304244204726,0.0,0.0,0.0,0.0,0.020534304244204726,0.0,1.439298477742161,0.27,0.06
7665,0.05123607952194775,0.0,0.0,0.0,0.0,0.05123607952194775,0.0,1.4258152989205957,0.27,0.06
7666,0.05123607952194775,0.0,0.0,0.0,0.0,0.05123607952194775,0.0,1.4123321200990304,0.27,0.06
7667,0.050438630813435,0.0,0.0,0.0,0.0,0.050438630813435,0.0,1.399058796200758,0.27,0.06
7668,0.050438630813435,0.0,0.0,0.0,0.0,0.050438630813435,0.0,1.3857854723024856,0.27,0.06
7669,0.04385967896820425,0.0,0.0,0.0,0.0,0.04385967896820425,0.0,1.3742434515213793,0.27,0.06
7670,0.04385967896820425,0.0,0.0,0.0,0.0,0.04385967896820425,0.0,1.3627014307402727,0.27,0.06
7671,0.0303030509234865,0.0,0.0,2.7755575615628914e-17,0.0,0.03030305092348653,0.0,1.3547269436551448,0.27,0.06
7672,0.0303030509234865,0.0,0.0,6.938893903907228e-18,0.0,0.030303050923486508,0.0,1.3467524565700169,0.27,0.06
7673,0.02551835867240975,0.0,0.0,0.0,0.0,0.02551835867240975,0.0,1.340037099024646,0.27,0.06
7674,0.02551835867240975,0.0,0.0,0.0,0.0,0.02551835867240975,0.0,1.333321741479275,0.27,0.06
7675,0.02432218560964055,0.0,0.0,0.0,0.0,0.02432218560964055,0.0,1.3269211663188432,0.27,0.06
7676,0.02432218560964055,0.0,0.0,0.0,0.0,0.02432218560964055,0.0,1.3205205911584115,0.27,0.06
7677,0.0293062400378455,0.0,0.0,0.0,0.0,0.0293062400378455,0.0,1.3128084227273997,0.27,0.06
7678,0.0293062400378455,0.0,0.0,0.0,0.0,0.0293062400378455,0.0,1.3050962542963878,0.27,0.06
7679,0.0153508876388715,0.0,0.0,0.0,0.0,0.0153508876388715,0.0,1.3010565470230004,0.27,0.06
7680,0.0153508876388715,0.0,0.0,0.0,0.0,0.0153508876388715,0.0,1.2970168397496131,0.27,0.06
7681,0.0420654193740505,0.0,0.0,0.0,0.0,0.0420654193740505,0.0,1.2859469925459157,0.27,0.06
7682,0.0420654193740505,0.0,0.0,0.0,0.0,0.0420654193740505,0.0,1.274877145342218,0.27,0.06
7683,0.0263158073809225,0.0,0.0,0.0,0.0,0.0263158073809225,0.0,1.2679519328735542,0.27,0.06
7684,0.0263158073809225,0.0,0.0,1.3877787807814457e-17,0.0,0.026315807380922512,0.0,1.2610267204048904,0.27,0.06
7685,0.020733666421332925,0.0,0.0,0.0,0.0,0.020733666421332925,0.0,1.2555704923992765,0.27,0.06
7686,0.020733666421332925,0.0,0.0,0.0,0.0,0.020733666421332925,0.0,1.2501142643936627,0.27,0.06
7687,0.0253189964952815,0.0,0.0,0.0,0.0,0.0253189964952815,0.0,1.2434513705791148,0.27,0.06
7688,0.0253189964952815,0.0,0.0,-2.0816681711721685e-17,0.0,0.02531899649528148,0.0,1.2367884767645672,0.27,0.06
7689,0.020334942067076527,0.0,0.0,0.0,0.0,0.020334942067076527,0.0,1.2314371762205998,0.27,0.06
7690,0.020334942067076527,0.0,0.0,0.0,0.0,0.020334942067076527,0.0,1.2260858756766322,0.27,0.06
7691,0.02990432656923025,0.0,0.0,0.0,0.0,0.02990432656923025,0.0,1.2182163160531505,0.27,0.06
7692,0.02990432656923025,0.0,0.0,0.0,0.0,0.02990432656923025,0.0,1.2103467564296688,0.27,0.06
7693,0.021132390775589326,0.0,0.0,0.0,0.0,0.021132390775589326,0.0,1.2047856009624085,0.27,0.06
7694,0.021132390775589326,0.0,0.0,0.0,0.0,0.021132390775589326,0.0,1.199224445495148,0.27,0.06
7695,0.014154714576102276,0.0,0.0,0.0,0.0,0.014154714576102276,0.0,1.1954995206067,0.27,0.06
7696,0.014154714576102276,0.0,0.0,6.938893903907228e-18,0.0,0.014154714576102283,0.0,1.1917745957182522,0.27,0.06
7697,0.02850879132933275,0.0,0.0,0.0,0.0,0.02850879132933275,0.0,1.1842722822105332,0.27,0.06
7698,0.02850879132933275,0.0,0.0,0.0,0.0,0.02850879132933275,0.0,1.176769968702814,0.27,0.06
7699,0.028708153506461,0.0,0.0,0.0,0.0,0.028708153506461,0.0,1.1692151914642714,0.27,0.06
7700,0.028708153506461,0.0,0.0,0.0,0.0,0.028708153506461,0.0,1.161660414225729,0.27,0.06
7701,0.04685011162512725,0.0,0.0,0.0,0.0,0.04685011162512725,0.0,1.1493314374822745,0.27,0.06
7702,0.04685011162512725,0.0,0.0,0.0,0.0,0.04685011162512725,0.0,1.13700246073882,0.27,0.06
7703,0.05183416605333225,0.0,0.0,-4.163336342344337e-17,0.0,0.05183416605333221,0.0,1.123361890724785,0.27,0.06
7704,0.05183416605333225,0.0,0.0,0.0,0.0,0.05183416605333225,0.0,1.1097213207107504,0.27,0.06
7705,0.03748008930010175,0.0,0.0,0.0,0.0,0.03748008930010175,0.0,1.0998581393159867,0.27,0.06
7706,0.03748008930010175,0.0,0.0,0.0,0.0,0.03748008930010175,0.0,1.0899949579212231,0.27,0.06
7707,0.048644371219281,0.0011667945268213971,0.0,0.0,0.0,0.047477576692459604,0.0,1.0775008587916286,0.27,0.06
7708,0.048644371219281,0.0040442242807232215,0.0,0.0,0.0,0.04460014693855778,0.0,1.065763978018324,0.27,0.06
7709,0.0440590411453325,0.006046757438065679,0.0,0.0,0.0,0.03801228370726682,0.0,1.0557607454637798,0.27,0.06
7710,0.0440590411453325,0.006730328525056615,0.0,0.0,0.0,0.037328712620275886,0.0,1.0459374000373916,0.27,0.06
7711,0.045653938562358,0.01093745179760283,0.0,0.0,0.0,0.03471648676475517,0.0,1.0368014824677192,0.27,0.06
7712,0.045653938562358,0.011197148564848314,0.0,0.0,0.0,0.03445678999750969,0.0,1.027733906152585,0.27,0.06
7713,0.04186605719692225,0.009706524310599412,0.0,0.0,0.0,0.03215953288632284,0.0,1.0192708711825,0.27,0.06
7714,0.04186605719692225,0.013584902804749043,0.0,0.0,0.0,0.028281154392173206,0.0,1.0118284621319282,0.27,0.06
7715,0.02472090996389695,0.008294051613948156,0.0,0.0,0.0,0.016426858349948795,0.0,1.0075056046714155,0.27,0.06
7716,0.02472090996389695,0.010105044556113963,0.0,0.0,0.0,0.014615865407782988,0.0,1.0036593243009462,0.27,0.06
7717,0.04086924631128125,0.026963813967685435,0.0,0.0,0.0,0.013905432343595814,0.0,1.0,0.27,0.06
7718,0.04086924631128125,0.07773185526133092,0.0,0.03686260895004967,0.0,0.0,0.0,1.0,0.27,0.06
7719,0.030701775277743,0.1444918377494698,0.0,0.11379006247172681,0.0,0.0,0.0,1.0,0.27,0.06
7720,0.030701775277743,0.10668827964250305,0.0,0.07598650436476005,0.0,0.0,0.0,1.0,0.27,0.06
7721,0.03488838099743525,0.22469931830542364,0.0,0.1898109373079884,-0.0,0.0,0.0,1.0,0.27,0.06
7722,0.03488838099743525,0.21281537955088822,0.0,0.17792699855345298,0.0,0.0,0.0,1.0,0.27,0.06
7723,0.02791070479794825,0.16866019296097406,0.0,0.14074948816302582,0.0,0.0,0.0,1.0,0.27,0.06
7724,0.02791070479794825,0.1561881336056502,0.0,0.12827742880770196,0.0,0.0,0.0,1.0,0.27,0.06
7725,0.0179425959415381,0.11787192202393497,0.0,0.09992932608239687,0.0,0.0,0.0,1.0,0.27,0.06
7726,0.0179425959415381,0.15988707918978093,0.0,0.14194448324824283,0.0,0.0,0.0,1.0,0.27,0.06
7727,0.02392346125538415,0.2169669106857097,0.0,0.19304344943032553,0.0,0.0,0.0,1.0,0.27,0.06
7728,0.02392346125538415,0.2792315387119209,0.0,0.2553080774565368,0.0,0.0,0.0,1.0,0.27,0.06
7729,0.0161483363473843,0.09756089425036898,0.0,0.08141255790298468,0.0,0.0,0.0,1.0,0.27,0.06
7730,0.0161483363473843,0.07677382795026119,0.0,0.06062549160287689,0.0,0.0,0.0,1.0,0.27,0.06
7731,0.27811023709384,1.1678982386841463,0.0,0.8897880015903064,0.0,0.0,0.0,1.0,0.27,0.06
7732,0.27811023709384,1.188469779655538,0.0,0.16507347345388323,0.7452860691078147,0.0,0.0,1.177005441413106,0.27,0.06
7733,0.286483448533225,1.1863771012939328,0.0,0.0,0.8998936527607078,0.0,0.0,1.390730183943774,0.27,0.06
7734,0.286483448533225,1.2877594105408698,0.0,0.0,1.0012759620076448,0.0,0.0,1.6285332249205897,0.27,0.06
7735,0.08791872011353676,0.7344495105647001,0.0,0.0,0.6465307904511634,0.0,0.0,1.782084287652741,0.27,0.06
7736,0.08791872011353676,0.551213547855888,0.0,0.4632948277423513,0.0,0.0,0.0,1.782084287652741,0.27,0.06
7737,0.1016747103353825,0.6140056221913285,0.0,0.512330911855946,0.0,0.0,0.0,1.782084287652741,0.27,0.06
7738,0.1016747103353825,0.4458376514953681,0.0,0.3441629411599856,0.0,0.0,0.0,1.782084287652741,0.27,0.06
7739,0.0263158073809225,0.08682307402847869,0.0,0.06050726664755619,0.0,0.0,0.0,1.782084287652741,0.27,0.06
7740,0.0263158073809225,0.0716274866232394,0.0,0.045311679242316896,0.0,0.0,0.0,1.782084287652741,0.27,0.06
7741,0.0137559902218459,0.01748385862185538,0.0,0.003727868400009481,0.0,0.0,0.0,1.782084287652741,0.27,0.06
7742,0.0137559902218459,0.021850127947344537,0.0,0.008094137725498636,0.0,0.0,0.0,1.782084287652741,0.27,0.06
7743,0.08492828745661375,0.06277356918539073,0.0,0.0,0.0,0.02215471827122302,0.0,1.776254098633998,0.27,0.06
7744,0.08492828745661375,0.07738431299634971,0.0,0.0,0.0,0.007543974460264044,0.0,1.7742688421970865,0.27,0.06
7745,0.02312601254687135,0.016344794227560345,0.0,0.0,0.0,0.006781218319311007,0.0,1.7724843110604256,0.27,0.06
7746,0.02312601254687135,0.027563430549345045,0.0,0.004437418002473693,0.0,0.0,0.0,1.7724843110604256,0.27,0.06
7747,0.0966906559071775,0.07843987072979174,0.0,0.0,0.0,0.018250785177385764,0.0,1.7676814728558505,0.27,0.06
7748,0.0966906559071775,0.10937292822242463,0.0,0.012682272315247128,0.0,0.0,0.0,1.7676814728558505,0.27,0.06
7749,0.03249603487189675,0.05638619354367693,0.0,0.02389015867178018,0.0,0.0,0.0,1.7676814728558505,0.27,0.06
7750,0.03249603487189675,0.04499066142568426,0.0,0.01249462655378751,0.0,0.0,0.0,1.7676814728558505,0.27,0.06
7751,0.020534304244204726,0.02040867896199644,0.0,0.0,0.0,0.00012562528220828525,0.0,1.7676484135710588,0.27,0.06
7752,0.020534304244204726,0.006626156198567265,0.0,0.0,0.0,0.013908148045637461,0.0,1.7639883746116805,0.27,0.06
7753,0.0937002232502545,0.014122543646531874,0.0,0.0,0.0,0.07957767960372263,0.0,1.7430468799791219,0.27,0.06
7754,0.0937002232502545,0.010951842603692832,0.0,0.0,0.0,0.08274838064656166,0.0,1.7212709903352899,0.27,0.06
7755,0.021730477306973923,0.001399964220484705,0.0,-3.469446951953614e-18,0.0,0.020330513086489217,0.0,1.7159208553125296,0.27,0.06
7756,0.021730477306973923,0.0001520739388470569,0.0,0.0,0.0,0.021578403368126865,0.0,1.710242328110391,0.27,0.06
7757,0.025717720849538,0.0,0.0,0.0,0.0,0.025717720849538,0.0,1.7034745068341968,0.27,0.06
7758,0.025717720849538,0.0,0.0,0.0,0.0,0.025717720849538,0.0,1.6967066855580026,0.27,0.06
7759,0.03748008930010175,0.0,0.0,0.0,0.0,0.03748008930010175,0.0,1.6868435041632388,0.27,0.06
7760,0.03748008930010175,0.0,0.0,2.7755575615628914e-17,0.0,0.03748008930010178,0.0,1.6769803227684752,0.27,0.06
7761,0.1291866907790745,0.0,0.0,0.0,0.0,0.1291866907790745,0.0,1.6429838251950346,0.27,0.06
7762,0.1291866907790745,0.0,0.0,0.0,0.0,0.1291866907790745,0.0,1.608987327621594,0.27,0.06
7763,0.044657127676717,0.0,0.0,0.0,0.0,0.044657127676717,0.0,1.5972354519171947,0.27,0.06
7764,0.044657127676717,0.0,0.0,0.0,0.0,0.044657127676717,0.0,1.5854835762127957,0.27,0.06
7765,0.04784692251076825,0.0,0.0,0.0,0.0,0.04784692251076825,0.0,1.572892280815225,0.27,0.06
7766,0.04784692251076825,0.0,0.0,0.0,0.0,0.04784692251076825,0.0,1.5603009854176544,0.27,0.06
7767,0.04086924631128125,0.0,0.0,0.0,0.0,0.04086924631128125,0.0,1.5495459205988962,0.27,0.06
7768,0.04086924631128125,0.0,0.0,-4.163336342344337e-17,0.0,0.04086924631128121,0.0,1.538790855780138,0.27,0.06
7769,0.0480462846878965,0.0,0.0,0.0,0.0,0.0480462846878965,0.0,1.5261470966517443,0.27,0.06
7770,0.0480462846878965,0.0,0.0,0.0,0.0,0.0480462846878965,0.0,1.5135033375233504,0.27,0.06
7771,0.034689018820307,0.0,0.0,0.0,0.0,0.034689018820307,0.0,1.5043746483601117,0.27,0.06
7772,0.034689018820307,0.0,0.0,0.0,0.0,0.034689018820307,0.0,1.495245959196873,0.27,0.06
7773,0.04126797066553775,0.0,0.0,0.0,0.0,0.04126797066553775,0.0,1.4843859669164683,0.27,0.06
7774,0.04126797066553775,0.0,0.0,0.0,0.0,0.04126797066553775,0.0,1.4735259746360636,0.27,0.06
7775,0.15729675775415075,0.0,0.0,0.0,0.0,0.15729675775415075,0.0,1.4321320910165503,0.27,0.06
7776,0.15729675775415075,0.0,0.0,0.0,0.0,0.15729675775415075,0.0,1.390738207397037,0.27,0.06
7777,0.0707735728805115,0.0,0.0,0.0,0.0,0.0707735728805115,0.0,1.372113582954797,0.27,0.06
7778,0.0707735728805115,0.0,0.0,0.0,0.0,0.0707735728805115,0.0,1.3534889585125571,0.27,0.06
7779,0.04027115977989675,0.0,0.0,-1.3877787807814457e-17,0.0,0.04027115977989674,0.0,1.3428912848862684,0.27,0.06
7780,0.04027115977989675,0.0,0.0,0.0,0.0,0.04027115977989675,0.0,1.3322936112599797,0.27,0.06
7781,0.054425874355999,0.0,0.0,0.0,0.0,0.054425874355999,0.0,1.317971012745243,0.27,0.06
7782,0.054425874355999,0.0,0.0,0.0,0.0,0.054425874355999,0.0,1.3036484142305065,0.27,0.06
7783,0.05023926863630675,0.0,0.0,0.0,0.0,0.05023926863630675,0.0,1.2904275540630574,0.27,0.06
7784,0.05023926863630675,0.0,0.0,0.0,0.0,0.05023926863630675,0.0,1.2772066938956084,0.27,0.06
7785,0.034689018820307,0.0,0.0,6.938893903907228e-18,0.0,0.034689018820307005,0.0,1.2680780047323696,0.27,0.06
7786,0.034689018820307,0.0,0.0,0.0,0.0,0.034689018820307,0.0,1.258949315569131,0.27,0.06
7787,0.0311004996319995,0.0,0.0,1.0408340855860843e-17,0.0,0.031100499631999512,0.0,1.25076497356071,0.27,0.06
7788,0.0311004996319995,0.0,0.0,0.0,0.0,0.0311004996319995,0.0,1.2425806315522891,0.27,0.06
7789,0.02192983948410215,0.0,0.0,3.469446951953614e-18,0.0,0.021929839484102154,0.0,1.236809621161736,0.27,0.06
7790,0.02192983948410215,0.0,0.0,0.0,0.0,0.02192983948410215,0.0,1.2310386107711828,0.27,0.06
7791,0.0291068778607175,0.0,0.0,0.0,0.0,0.0291068778607175,0.0,1.223378906070994,0.27,0.06
7792,0.0291068778607175,0.0,0.0,-3.469446951953614e-18,0.0,0.029106877860717497,0.0,1.2157192013708054,0.27,0.06
7793,0.02472090996389695,0.0,0.0,0.0,0.0,0.02472090996389695,0.0,1.209213698748727,0.27,0.06
7794,0.02472090996389695,0.0,0.0,0.0,0.0,0.02472090996389695,0.0,1.202708196126649,0.27,0.06
7795,0.0332934835804095,0.0,0.0,0.0,0.0,0.0332934835804095,0.0,1.1939467530791728,0.27,0.06
7796,0.0332934835804095,0.0,0.0,0.0,0.0,0.0332934835804095,0.0,1.1851853100316965,0.27,0.06
7797,0.0340909322889225,0.0,0.0,0.0,0.0,0.0340909322889225,0.0,1.1762140120609275,0.27,0.06
7798,0.0340909322889225,0.0,0.0,0.0,0.0,0.0340909322889225,0.0,1.1672427140901585,0.27,0.06
7799,0.0169457850558971,0.0,0.0,0.0,0.0,0.0169457850558971,0.0,1.1627832969701855,0.27,0.06
7800,0.0169457850558971,0.0,0.0,0.0,0.0,0.0169457850558971,0.0,1.1583238798502125,0.27,0.06
7801,0.0797448708512805,0.0,0.0,0.0,0.0,0.0797448708512805,0.0,1.1373383875209282,0.27,0.06
7802,0.0797448708512805,0.0,0.0,0.0,0.0,0.0797448708512805,0.0,1.116352895191644,0.27,0.06
7803,0.12699370683066424,0.004469007366508425,0.0,0.0,0.0,0.12252469946415581,0.0,1.0841095532273923,0.27,0.06
7804,0.12699370683066424,0.014095291726654914,0.0,0.0,0.0,0.11289841510400933,0.0,1.054399443989495,0.27,0.06
7805,0.02811006697507625,0.004871446099384898,0.0,-3.469446951953614e-18,0.0,0.023238620875691347,0.0,1.0482840174432604,0.27,0.06
7806,0.02811006697507625,0.006274464733466822,0.0,0.0,0.0,0.021835602241609426,0.0,1.0425378063270474,0.27,0.06
7807,0.03787881365435825,0.008840820538437223,0.0,0.0,0.0,0.029037993115921028,0.0,1.0348962291912787,0.27,0.06
7808,0.03787881365435825,0.009331323657401802,0.0,0.0,0.0,0.02854748999695645,0.0,1.0273837318236587,0.27,0.06
7809,0.030701775277743,0.007243170221092217,0.0,6.938893903907228e-18,0.0,0.02345860505665079,0.0,1.0212104147034875,0.27,0.06
7810,0.030701775277743,0.011360699772785657,0.0,0.0,0.0,0.019341075504957343,0.0,1.0161206579916566,0.27,0.06
7811,0.04525521420810175,0.018046888419241326,0.0,0.0,0.0,0.027208325788860427,0.0,1.008960572257746,0.27,0.06
7812,0.04525521420810175,0.017700231867208826,0.0,0.0,0.0,0.027554982340892927,0.0,1.0017092611154057,0.27,0.06
7813,0.02492027214102515,0.018425079902483835,0.0,0.0,0.0,0.0064951922385413155,0.0,1.0,0.27,0.06
7814,0.02492027214102515,0.06388251514310934,0.0,0.038962243002084194,0.0,0.0,0.0,1.0,0.27,0.06
7815,0.02412282343251235,0.11115821410066971,0.0,0.08703539066815737,0.0,0.0,0.0,1.0,0.27,0.06
7816,0.02412282343251235,0.1154890882906316,0.0,0.09136626485811926,0.0,0.0,0.0,1.0,0.27,0.06
7817,0.029704964392102,0.10617698930804936,0.0,0.07647202491594736,0.0,0.0,0.0,1.0,0.27,0.06
7818,0.029704964392102,0.25242808409382184,0.0,0.22272311970171985,0.0,0.0,0.0,1.0,0.27,0.06
7819,0.0271132560894355,0.2577571908414123,0.0,0.2306439347519768,0.0,0.0,0.0,1.0,0.27,0.06
7820,0.0271132560894355,0.14187368187564312,0.0,0.11476042578620761,0.0,0.0,0.0,1.0,0.27,0.06
7821,0.03588519188307625,0.23472733344868077,0.0,0.19884214156560454,0.0,0.0,0.0,1.0,0.27,0.06
7822,0.03588519188307625,0.3905121670740253,0.0,0.35462697519094905,0.0,0.0,0.0,1.0,0.27,0.06
7823,0.02511963431815325,0.31101169852617855,0.0,0.2858920642080253,0.0,0.0,0.0,1.0,0.27,0.06
7824,0.02511963431815325,0.2845471132863768,0.0,0.25942747896822355,0.0,0.0,0.0,1.0,0.27,0.06
7825,0.0163476985245125,0.20604886062733566,0.0,0.18970116210282315,0.0,0.0,0.0,1.0,0.27,0.06
7826,0.0163476985245125,0.24168652884283504,0.0,0.22533883031832252,0.0,0.0,0.0,1.0,0.27,0.06
7827,0.2814993741688025,1.3218317362565615,0.0,1.040332362087759,0.0,0.0,0.0,1.0,0.27,0.06
7828,0.2814993741688025,1.1989845532622898,0.0,0.9174851790934873,0.0,0.0,0.0,1.0,0.27,0.06
7829,0.2685408525916875,1.422250922669914,0.0,0.6433647582458355,0.5103453118323911,0.0,0.0,1.1212070115601929,0.27,0.06
7830,0.2685408525916875,1.3348573842442502,0.0,-2.220446049250313e-16,1.066316531652563,0.0,0.0,1.3744571878276766,0.27,0.06
7831,0.27830959927097,1.1369068911315268,0.0,0.0,0.8585972918605568,0.0,0.0,1.5783740446445589,0.27,0.06
7832,0.27830959927097,1.001818443819857,0.0,0.0,0.723508844548887,0.0,0.0,1.7502073952249195,0.27,0.06
7833,0.03389157011179425,0.19337148640971757,0.0,0.15947991629792332,0.0,0.0,0.0,1.7502073952249195,0.27,0.06
7834,0.03389157011179425,0.11195009982456895,0.0,0.0780585297127747,0.0,0.0,0.0,1.7502073952249195,0.27,0.06
7835,0.107854937826357,0.2706532964951444,0.0,0.16279835866878742,0.0,0.0,0.0,1.7502073952249195,0.27,0.06
7836,0.107854937826357,0.12389003716022554,0.0,0.0,0.01603509933386854,0.0,0.0,1.7540157313167133,0.27,0.06
7837,0.019936217712820125,0.03740335282924868,0.0,0.017467135116428553,0.0,0.0,0.0,1.7540157313167133,0.27,0.06
7838,0.019936217712820125,0.0292846626111919,0.0,0.009348444898371774,0.0,0.0,0.0,1.7540157313167133,0.27,0.06
7839,0.0159489741702561,0.05457081337163949,0.0,0.038621839201383394,0.0,0.0,0.0,1.7540157313167133,0.27,0.06
7840,0.0159489741702561,0.04689651822080991,0.0,0.03094754405055381,0.0,0.0,0.0,1.7540157313167133,0.27,0.06
7841,0.07994423302840875,0.14607430004609198,0.0,0.06613006701768323,0.0,0.0,0.0,1.7540157313167133,0.27,0.06
7842,0.07994423302840875,0.11585817067729114,0.0,0.035913937648882385,0.0,0.0,0.0,1.7540157313167133,0.27,0.06
7843,0.02452154778676875,0.03821015495096736,0.0,0.013688607164198608,0.0,0.0,0.0,1.7540157313167133,0.27,0.06
7844,0.02452154778676875,0.05068403764098872,0.0,0.026162489854219973,0.0,0.0,0.0,1.7540157313167133,0.27,0.06
7845,0.07695380037148575,0.13077478364649997,0.0,0.0,0.05382098327501422,0.0,0.0,1.7667982148445291,0.27,0.06
7846,0.07695380037148575,0.11071659158421752,0.0,0.03376279121273178,0.0,0.0,0.0,1.7667982148445291,0.27,0.06
7847,0.02811006697507625,0.04547335499778162,0.0,0.0,0.017363288022705373,0.0,0.0,1.7709219957499216,0.27,0.06
7848,0.02811006697507625,0.013234976877266717,0.0,-3.469446951953614e-18,0.0,0.014875090097809528,0.0,1.767007498355761,0.27,0.06
7849,0.02452154778676875,0.010006287961753303,0.0,0.0,0.0,0.014515259825015446,0.0,1.7631876931386519,0.27,0.06
7850,0.02452154778676875,0.006088235992730667,0.0,0.0,0.0,0.018433311794038083,0.0,1.758336821613905,0.27,0.06
7851,0.0897129797076905,0.00882389568300688,0.0,0.0,0.0,0.08088908402468362,0.0,1.7370502205547778,0.27,0.06
7852,0.0897129797076905,0.0015212317789902326,0.0,0.0,0.0,0.08819174792870027,0.0,1.7138418658366987,0.27,0.06
7853,0.048644371219281,0.0,0.0,0.0,0.0,0.048644371219281,0.0,1.7010407155158354,0.27,0.06
7854,0.048644371219281,0.0,0.0,0.0,0.0,0.048644371219281,0.0,1.6882395651949718,0.27,0.06
7855,0.04047052195702475,0.0,0.0,2.0816681711721685e-17,0.0,0.040470521957024774,0.0,1.67758942783786,0.27,0.06
7856,0.04047052195702475,0.0,0.0,0.0,0.0,0.04047052195702475,0.0,1.6669392904807483,0.27,0.06
7857,0.051435441699076,0.0,0.0,0.0,0.0,0.051435441699076,0.0,1.6534036479283598,0.27,0.06
7858,0.051435441699076,0.0,0.0,0.0,0.0,0.051435441699076,0.0,1.6398680053759713,0.27,0.06
7859,0.0311004996319995,0.0,0.0,3.469446951953614e-18,0.0,0.031100499631999505,0.0,1.6316836633675504,0.27,0.06
7860,0.0311004996319995,0.0,0.0,0.0,0.0,0.0311004996319995,0.0,1.6234993213591296,0.27,0.06
7861,0.020534304244204726,0.0,0.0,3.469446951953614e-18,0.0,0.02053430424420473,0.0,1.6180955570843387,0.27,0.06
7862,0.020534304244204726,0.0,0.0,0.0,0.0,0.020534304244204726,0.0,1.612691792809548,0.27,0.06
7863,0.021331752952717525,0.0,0.0,0.0,0.0,0.021331752952717525,0.0,1.6070781736114645,0.27,0.06
7864,0.021331752952717525,0.0,0.0,0.0,0.0,0.021331752952717525,0.0,1.601464554413381,0.27,0.06
7865,0.019537493358563723,0.0,0.0,0.0,0.0,0.019537493358563723,0.0,1.5963231087927063,0.27,0.06
7866,0.019537493358563723,0.0,0.0,0.0,0.0,0.019537493358563723,0.0,1.5911816631720317,0.27,0.06
7867,0.06060610184697325,0.0,0.0,0.0,0.0,0.06060610184697325,0.0,1.5752326890017756,0.27,0.06
7868,0.06060610184697325,0.0,0.0,0.0,0.0,0.06060610184697325,0.0,1.5592837148315195,0.27,0.06
7869,0.213317549463393,0.0,0.0,0.0,0.0,0.213317549463393,0.0,1.5031475176043108,0.27,0.06
7870,0.213317549463393,0.0,0.0,2.7755575615628914e-17,0.0,0.21331754946339304,0.0,1.447011320377102,0.27,0.06
7871,0.12559817159076675,0.0,0.0,0.0,0.0,0.12559817159076675,0.0,1.4139591699584793,0.27,0.06
7872,0.12559817159076675,0.0,0.0,0.0,0.0,0.12559817159076675,0.0,1.3809070195398565,0.27,0.06
7873,0.10386769428379275,0.0,0.0,0.0,0.0,0.10386769428379275,0.0,1.3535734157809636,0.27,0.06
7874,0.10386769428379275,0.0,0.0,0.0,0.0,0.10386769428379275,0.0,1.3262398120220709,0.27,0.06
7875,0.14194587011527926,0.0,0.0,0.0,0.0,0.14194587011527926,0.0,1.2888856356759448,0.27,0.06
7876,0.14194587011527926,0.0,0.0,1.1102230246251565e-16,0.0,0.14194587011527937,0.0,1.2515314593298188,0.27,0.06
7877,0.0560207717730245,0.0,0.0,5.551115123125783e-17,0.0,0.05602077177302456,0.0,1.2367891509684965,0.27,0.06
7878,0.0560207717730245,0.0,0.0,5.551115123125783e-17,0.0,0.05602077177302456,0.0,1.2220468426071742,0.27,0.06
7879,0.04286286808256325,0.0,0.0,9.020562075079397e-17,0.0,0.04286286808256334,0.0,1.2107671404801839,0.27,0.06
7880,0.04286286808256325,0.0,0.0,0.0,0.0,0.04286286808256325,0.0,1.1994874383531935,0.27,0.06
7881,0.0263158073809225,0.0,0.0,0.0,0.0,0.0263158073809225,0.0,1.1925622258845296,0.27,0.06
7882,0.0263158073809225,0.0,0.0,0.0,0.0,0.0263158073809225,0.0,1.1856370134158658,0.27,0.06
7883,0.0360845540602045,0.0,0.0,0.0,0.0,0.0360845540602045,0.0,1.1761410781368646,0.27,0.06
7884,0.0360845540602045,0.0,0.0,0.0,0.0,0.0360845540602045,0.0,1.1666451428578635,0.27,0.06
7885,0.03149922398625575,0.0,0.0,0.0,0.0,0.03149922398625575,0.0,1.158355873387796,0.27,0.06
7886,0.03149922398625575,0.0,0.0,0.0,0.0,0.03149922398625575,0.0,1.150066603917729,0.27,0.06
7887,0.034689018820307,0.0,0.0,6.938893903907228e-18,0.0,0.034689018820307005,0.0,1.1409379147544902,0.27,0.06
7888,0.034689018820307,0.0,0.0,5.551115123125783e-17,0.0,0.034689018820307053,0.0,1.1318092255912515,0.27,0.06
7889,0.02412282343251235,0.0,0.0,2.42861286636753e-17,0.0,0.024122823432512375,0.0,1.125461114161643,0.27,0.06
7890,0.02412282343251235,0.0,0.0,2.42861286636753e-17,0.0,0.024122823432512375,0.0,1.1191130027320346,0.27,0.06
7891,0.0177432337644099,0.0,0.0,0.0,0.0,0.0177432337644099,0.0,1.1144437306887687,0.27,0.06
7892,0.0177432337644099,0.0,0.0,0.0,0.0,0.0177432337644099,0.0,1.109774458645503,0.27,0.06
7893,0.02511963431815325,0.0,0.0,0.0,0.0,0.02511963431815325,0.0,1.1031640285617783,0.27,0.06
7894,0.02511963431815325,0.0,0.0,0.0,0.0,0.02511963431815325,0.0,1.0965535984780537,0.27,0.06
7895,0.02492027214102515,0.0,0.0,0.0,0.0,0.02492027214102515,0.0,1.0899956321251525,0.27,0.06
7896,0.02492027214102515,0.0,0.0,0.0,0.0,0.02492027214102515,0.0,1.083437665772251,0.27,0.06
7897,0.0291068778607175,0.0,0.0,0.0,0.0,0.0291068778607175,0.0,1.0757779610720624,0.27,0.06
7898,0.0291068778607175,0.0,0.0,0.0,0.0,0.0291068778607175,0.0,1.0681182563718736,0.27,0.06
7899,0.0560207717730245,0.004071786252973026,0.0,0.0,0.0,0.05194898552005148,0.0,1.0544474707087022,0.27,0.06
7900,0.0560207717730245,0.02431380778076495,0.0,0.0,0.0,0.03170696399225956,0.0,1.0461035328160022,0.27,0.06
7901,0.0400717976027685,0.0372543881800848,0.0,0.0,0.0,0.0028174094226837004,0.0,1.045362109283717,0.27,0.06
7902,0.0400717976027685,0.04142428239270516,0.0,0.0013524847899366588,0.0,0.0,0.0,1.045362109283717,0.27,0.06
7903,0.04625202509374275,0.01673677067500815,0.0,-2.0816681711721685e-17,0.0,0.02951525441873458,0.0,1.0375949370682604,0.27,0.06
7904,0.04625202509374275,0.015013217020436273,0.0,0.0,0.0,0.03123880807330648,0.0,1.029374198101601,0.27,0.06
7905,0.03887562453999925,0.013985536023219228,0.0,0.0,0.0,0.024890088516780023,0.0,1.0228241748077116,0.27,0.06
7906,0.03887562453999925,0.028786281388514995,0.0,0.0,0.0,0.010089343151484256,0.0,1.0201690845046893,0.27,0.06
7907,0.04385967896820425,0.022047970035393848,0.0,0.0,0.0,0.021811708932810404,0.0,1.014429161101318,0.27,0.06
7908,0.04385967896820425,0.015219548261419967,0.0,0.0,0.0,0.028640130706784284,0.0,1.0068922845995327,0.27,0.06
7909,0.05123607952194775,0.025045398043722973,0.0,0.0,0.0,0.02619068147822478,0.0,1.0,0.27,0.06
7910,0.05123607952194775,0.05885373184412635,0.0,0.007617652322178599,0.0,0.0,0.0,1.0,0.27,0.06
7911,0.03289475922615325,0.08881616249757085,0.0,0.0559214032714176,0.0,0.0,0.0,1.0,0.27,0.06
7912,0.03289475922615325,0.1266779517203091,0.0,0.09378319249415584,0.0,0.0,0.0,1.0,0.27,0.06
7913,0.03767945147723,0.17048515147843768,0.0,0.13280570000120767,0.0,0.0,0.0,1.0,0.27,0.06
7914,0.03767945147723,0.17458136133769583,0.0,0.13690190986046583,-0.0,0.0,0.0,1.0,0.27,0.06
7915,0.0263158073809225,0.13534136379184664,0.0,0.10902555641092414,0.0,0.0,0.0,1.0,0.27,0.06
7916,0.0263158073809225,0.15715075173602688,0.0,0.1308349443551044,0.0,0.0,0.0,1.0,0.27,0.06
7917,0.02771134262082,0.16409430737524577,0.0,0.13638296475442577,0.0,0.0,0.0,1.0,0.27,0.06
7918,0.02771134262082,0.19785682455168788,0.0,0.17014548193086787,0.0,0.0,0.0,1.0,0.27,0.06
7919,0.018939406827179126,0.1489849027550185,0.0,0.13004549592783937,0.0,0.0,0.0,1.0,0.27,0.06
7920,0.018939406827179126,0.10914022214617511,0.0,0.09020081531899599,0.0,0.0,0.0,1.0,0.27,0.06
7921,0.0271132560894355,0.11770673006563742,0.0,0.09059347397620192,0.0,0.0,0.0,1.0,0.27,0.06
7922,0.0271132560894355,0.09376056202611037,0.0,0.06664730593667487,0.0,0.0,0.0,1.0,0.27,0.06
7923,0.289872605544405,0.886748309733322,0.0,0.2091323402543957,0.3877433639345213,0.0,0.0,1.0920890489344488,0.27,0.06
7924,0.289872605544405,0.7444344534579553,0.0,0.0,0.4545618479135503,0.0,0.0,1.200047487813917,0.27,0.06
7925,0.293062400378455,1.082012073860095,0.0,0.0,0.7889496734816399,0.0,0.0,1.3874230352658063,0.27,0.06
7926,0.293062400378455,0.944141944658426,0.0,0.0,0.6510795442799711,0.0,0.0,1.5420544270322996,0.27,0.06
7927,0.20474495591066275,0.7779013032149903,0.0,0.5731563473043275,0.0,0.0,0.0,1.5420544270322996,0.27,0.06
7928,0.20474495591066275,0.5566738072288612,0.0,2.220446049250313e-16,0.3519288513181982,0.0,0.0,1.6256375292203715,0.27,0.06
7929,0.020135579889948324,0.07119556535300056,0.0,0.05105998546305224,0.0,0.0,0.0,1.6256375292203715,0.27,0.06
7930,0.020135579889948324,0.030288992410476646,0.0,0.010153412520528322,0.0,0.0,0.0,1.6256375292203715,0.27,0.06
7931,0.08791872011353676,0.09618806812416315,0.0,0.008269348010626398,0.0,0.0,0.0,1.6256375292203715,0.27,0.06
7932,0.08791872011353676,0.06768050858979542,0.0,0.0,0.0,0.020238211523741334,0.0,1.620311684082545,0.27,0.06
7933,0.0312998618091275,0.020760977187729273,0.0,0.0,0.0,0.010538884621398226,0.0,1.6175382933927032,0.27,0.06
7934,0.0312998618091275,0.019557100907762578,0.0,0.0,0.0,0.011742760901364922,0.0,1.6144480931555019,0.27,0.06
7935,0.09051042841620326,0.04122116112999061,0.0,0.0,0.0,0.04928926728621265,0.0,1.6014772333433407,0.27,0.06
7936,0.09051042841620326,0.06115192019835184,0.0,0.0,0.0,0.029358508217851416,0.0,1.5937513101281167,0.27,0.06
7937,0.03249603487189675,0.029730851623845707,0.0,0.0,0.0,0.0027651832480510424,0.0,1.593023630325998,0.27,0.06
7938,0.03249603487189675,0.02723854341488523,0.0,0.0,0.0,0.0052574914570115185,0.0,1.5916400799425738,0.27,0.06
7939,0.02272728819261495,0.022029622021320503,0.0,0.0,0.0,0.0006976661712944469,0.0,1.5914564835817069,0.27,0.06
7940,0.02272728819261495,0.022833800549296897,0.0,0.00010651235668194745,0.0,0.0,0.0,1.5914564835817069,0.27,0.06
7941,0.07097293505763975,0.04999529128085136,0.0,0.0,0.0,0.020977643776788395,0.0,1.5859360510088678,0.27,0.06
7942,0.07097293505763975,0.047086466635061275,0.0,0.0,0.0,0.02388646842257848,0.0,1.5796501382660841,0.27,0.06
7943,0.02232856383835855,0.011111067685840404,0.0,0.0,0.0,0.011217496152518144,0.0,1.5766981655943688,0.27,0.06
7944,0.02232856383835855,0.0071234542185463256,0.0,0.0,0.0,0.015205109619812224,0.0,1.5726968209575762,0.27,0.06
7945,0.05562204741876825,0.009505515672686319,0.0,0.0,0.0,0.046116531746081935,0.0,1.5605608915507125,0.27,0.06
7946,0.05562204741876825,0.006176854434407307,0.0,6.938893903907228e-18,0.0,0.04944519298436095,0.0,1.5475489986600912,0.27,0.06
7947,0.05123607952194775,0.0029818909549176047,0.0,0.0,0.0,0.04825418856703015,0.0,1.534850527984557,0.27,0.06
7948,0.05123607952194775,0.00044475251482021367,0.0,6.938893903907228e-18,0.0,0.050791327007127546,0.0,1.5214843892984709,0.27,0.06
7949,0.026714531735179,0.0,0.0,0.0,0.0,0.026714531735179,0.0,1.5144542493681603,0.27,0.06
7950,0.026714531735179,0.0,0.0,1.3877787807814457e-17,0.0,0.026714531735179015,0.0,1.50742410943785,0.27,0.06
7951,0.02751198044369175,0.0,0.0,0.0,0.0,0.02751198044369175,0.0,1.500184114584247,0.27,0.06
7952,0.02751198044369175,0.0,0.0,0.0,0.0,0.02751198044369175,0.0,1.492944119730644,0.27,0.06
7953,0.04226478155117875,0.0,0.0,0.0,0.0,0.04226478155117875,0.0,1.4818218087961232,0.27,0.06
7954,0.04226478155117875,0.0,0.0,0.0,0.0,0.04226478155117875,0.0,1.4706994978616024,0.27,0.06
7955,0.0699761241719985,0.0,0.0,0.0,0.0,0.0699761241719985,0.0,1.4522847283426554,0.27,0.06
7956,0.0699761241719985,0.0,0.0,0.0,0.0,0.0699761241719985,0.0,1.4338699588237085,0.27,0.06
7957,0.05382778782461425,0.0,0.0,-6.938893903907228e-18,0.0,0.05382778782461424,0.0,1.4197047515014416,0.27,0.06
7958,0.05382778782461425,0.0,0.0,0.0,0.0,0.05382778782461425,0.0,1.4055395441791747,0.27,0.06
7959,0.0380781758314865,0.0,0.0,0.0,0.0,0.0380781758314865,0.0,1.3955189715919414,0.27,0.06
7960,0.0380781758314865,0.0,0.0,0.0,0.0,0.0380781758314865,0.0,1.385498399004708,0.27,0.06
7961,0.02392346125538415,0.0,0.0,0.0,0.0,0.02392346125538415,0.0,1.3792027513059228,0.27,0.06
7962,0.02392346125538415,0.0,0.0,0.0,0.0,0.02392346125538415,0.0,1.3729071036071376,0.27,0.06
7963,0.02232856383835855,0.0,0.0,1.0408340855860843e-17,0.0,0.02232856383835856,0.0,1.367031165754938,0.27,0.06
7964,0.02232856383835855,0.0,0.0,0.0,0.0,0.02232856383835855,0.0,1.3611552279027386,0.27,0.06
7965,0.0171451472330253,0.0,0.0,0.0,0.0,0.0171451472330253,0.0,1.3566433470519423,0.27,0.06
7966,0.0171451472330253,0.0,0.0,0.0,0.0,0.0171451472330253,0.0,1.352131466201146,0.27,0.06
7967,0.02511963431815325,0.0,0.0,0.0,0.0,0.02511963431815325,0.0,1.3455210361174215,0.27,0.06
7968,0.02511963431815325,0.0,0.0,0.0,0.0,0.02511963431815325,0.0,1.338910606033697,0.27,0.06
7969,0.02432218560964055,0.0,0.0,0.0,0.0,0.02432218560964055,0.0,1.3325100308732654,0.27,0.06
7970,0.02432218560964055,0.0,0.0,0.0,0.0,0.02432218560964055,0.0,1.3261094557128337,0.27,0.06
7971,0.127791155539177,0.0,0.0,0.0,0.0,0.127791155539177,0.0,1.2924802042551555,0.27,0.06
7972,0.127791155539177,0.0,0.0,0.0,0.0,0.127791155539177,0.0,1.2588509527974774,0.27,0.06
7973,0.04385967896820425,0.0,0.0,0.0,0.0,0.04385967896820425,0.0,1.2473089320163708,0.27,0.06
7974,0.04385967896820425,0.0,0.0,0.0,0.0,0.04385967896820425,0.0,1.2357669112352645,0.27,0.06
7975,0.0311004996319995,0.0,0.0,0.0,0.0,0.0311004996319995,0.0,1.2275825692268436,0.27,0.06
7976,0.0311004996319995,0.0,0.0,1.0408340855860843e-17,0.0,0.031100499631999512,0.0,1.2193982272184227,0.27,0.06
7977,0.03349284575753775,0.0,0.0,0.0,0.0,0.03349284575753775,0.0,1.2105843204401232,0.27,0.06
7978,0.03349284575753775,0.0,0.0,2.7755575615628914e-17,0.0,0.033492845757537776,0.0,1.2017704136618237,0.27,0.06
7979,0.02432218560964055,0.0,0.0,6.938893903907228e-18,0.0,0.024322185609640556,0.0,1.195369838501392,0.27,0.06
7980,0.02432218560964055,0.0,0.0,0.0,0.0,0.02432218560964055,0.0,1.1889692633409608,0.27,0.06
7981,0.03349284575753775,0.0,0.0,0.0,0.0,0.03349284575753775,0.0,1.1801553565626612,0.27,0.06
7982,0.03349284575753775,0.0,0.0,0.0,0.0,0.03349284575753775,0.0,1.1713414497843617,0.27,0.06
7983,0.0253189964952815,0.0,0.0,0.0,0.0,0.0253189964952815,0.0,1.1646785559698138,0.27,0.06
7984,0.0253189964952815,0.0,0.0,0.0,0.0,0.0253189964952815,0.0,1.1580156621552662,0.27,0.06
7985,0.025717720849538,0.0,0.0,3.469446951953614e-18,0.0,0.025717720849538002,0.0,1.151247840879072,0.27,0.06
7986,0.025717720849538,0.0,0.0,0.0,0.0,0.025717720849538,0.0,1.144480019602878,0.27,0.06
7987,0.026714531735179,0.0,0.0,0.0,0.0,0.026714531735179,0.0,1.1374498796725676,0.27,0.06
7988,0.026714531735179,0.0,0.0,0.0,0.0,0.026714531735179,0.0,1.1304197397422573,0.27,0.06
7989,0.0167464228787689,0.0,0.0,3.469446951953614e-18,0.0,0.016746422878768902,0.0,1.1260127863531075,0.27,0.06
7990,0.0167464228787689,0.0,0.0,0.0,0.0,0.0167464228787689,0.0,1.1216058329639578,0.27,0.06
7991,0.02771134262082,0.0,0.0,0.0,0.0,0.02771134262082,0.0,1.1143133743795315,0.27,0.06
7992,0.02771134262082,0.0,0.0,0.0,0.0,0.02771134262082,0.0,1.1070209157951052,0.27,0.06
7993,0.039673073248512,0.0,0.0,0.0,0.0,0.039673073248512,0.0,1.0965806333612862,0.27,0.06
7994,0.039673073248512,0.0,0.0,0.0,0.0,0.039673073248512,0.0,1.0861403509274672,0.27,0.06
7995,0.0510367173448195,0.0026829129495355235,0.0,0.0,0.0,0.04835380439528398,0.0,1.073415665560287,0.27,0.06
7996,0.0510367173448195,0.0063836376987899965,0.0,-6.938893903907228e-18,0.0,0.0446530796460295,0.0,1.0616648551271213,0.27,0.06
7997,0.042663505905435,0.0074112667272456705,0.0,0.0,0.0,0.03525223917818933,0.0,1.0523879500802293,0.27,0.06
7998,0.042663505905435,0.010478563764211789,0.0,0.0,0.0,0.032184942141223215,0.0,1.043918228464118,0.27,0.06
7999,0.04086924631128125,0.01204973335788336,0.0,0.0,0.0,0.028819512953397887,0.0,1.0363341461079607,0.27,0.06
8000,0.04086924631128125,0.01415707499649758,0.0,6.938893903907228e-18,0.0,0.026712171314783678,0.0,1.0293046273409123,0.27,0.06
8001,0.04385967896820425,0.013804687811519806,0.0,0.0,0.0,0.030054991156684446,0.0,1.0213954191417849,0.27,0.06
8002,0.04385967896820425,0.010316340876510354,0.0,1.3877787807814457e-17,0.0,0.03354333809169391,0.0,1.0125682249071286,0.27,0.06
8003,0.02611644520379425,0.0085599795571914,0.0,0.0,0.0,0.01755646564660285,0.0,1.0079481023685488,0.27,0.06
8004,0.02611644520379425,0.0131250121576489,0.0,0.0,0.0,0.012991433046145352,0.0,1.0045293041985106,0.27,0.06
8005,0.04086924631128125,0.02365789035694086,0.0,0.0,0.0,0.01721135595434039,0.0,0.9999999999999999,0.27,0.06
8006,0.04086924631128125,0.06618719215633849,0.0,0.02531794584505724,0.0,0.0,0.0,0.9999999999999999,0.27,0.06
8007,0.040669884134153,0.11684006720041713,0.0,0.07617018306626414,0.0,0.0,0.0,1.0,0.27,0.06
8008,0.040669884134153,0.11924474207215273,0.0,0.07857485793799973,0.0,0.0,0.0,1.0,0.27,0.06
8009,0.029704964392102,0.15456942174159055,0.0,0.12486445734948855,0.0,0.0,0.0,1.0,0.27,0.06
8010,0.029704964392102,0.14069233121139288,0.0,0.11098736681929088,0.0,0.0,0.0,1.0,0.27,0.06
8011,0.02432218560964055,0.16724483025099793,0.0,0.14292264464135737,0.0,0.0,0.0,1.0,0.27,0.06
8012,0.02432218560964055,0.20774211227159076,0.0,0.1834199266619502,0.0,0.0,0.0,1.0,0.27,0.06
8013,0.02771134262082,0.3171609972469672,0.0,0.28944965462614725,0.0,0.0,0.0,1.0,0.27,0.06
8014,0.02771134262082,0.44709752581879875,0.0,0.2811629428755189,0.13822324032245983,0.0,0.0,1.0328280195765842,0.27,0.06
8015,0.019936217712820125,0.312539958964654,0.0,0.29260374125183386,0.0,0.0,0.0,1.0328280195765842,0.27,0.06
8016,0.019936217712820125,0.41314644649676724,0.0,0.3932102287839471,0.0,0.0,0.0,1.0328280195765842,0.27,0.06
8017,0.02591708302666625,0.3271160146401001,0.0,0.30119893161343386,0.0,0.0,0.0,1.0328280195765842,0.27,0.06
8018,0.02591708302666625,0.18651478554247852,0.0,0.16059770251581226,0.0,0.0,0.0,1.0328280195765842,0.27,0.06
8019,0.28967322343106,0.8375766987979613,0.0,0.0,0.5479034753669012,0.0,0.0,1.1629550949762235,0.27,0.06
8020,0.28967322343106,0.8193116435534703,0.0,2.220446049250313e-16,0.52963842012241,0.0,0.0,1.2887442197552959,0.27,0.06
8021,0.276515339676815,0.8260020785139921,0.0,0.0,0.5494867388371771,0.0,0.0,1.4192473202291254,0.27,0.06
8022,0.276515339676815,0.9189903164584181,0.0,0.0,0.6424749767816031,0.0,0.0,1.5718351272147562,0.27,0.06
8023,0.13357265867589474,0.54653212684563,0.0,0.0,0.4129594681697353,0.0,0.0,1.6699130009050682,0.27,0.06
8024,0.13357265867589474,0.5190135235377071,0.0,0.0,0.3854408648618124,0.0,0.0,1.7614552063097486,0.27,0.06
8025,0.0177432337644099,0.07296672347928362,0.0,0.0,0.05522348971487372,0.0,0.0,1.7745707851170311,0.27,0.06
8026,0.0177432337644099,0.04917782216046063,0.0,0.031434588396050726,0.0,0.0,0.0,1.7745707851170311,0.27,0.06
8027,0.096092569375793,0.12920820768510094,0.0,0.0,0.03311563830930794,0.0,0.0,1.7824357492154919,0.27,0.06
8028,0.096092569375793,0.06426662107859937,0.0,0.0,0.0,0.031825948297193624,0.0,1.774060499663599,0.27,0.06
8029,0.0311004996319995,0.03399672463232869,0.0,0.002896225000329187,0.0,0.0,0.0,1.774060499663599,0.27,0.06
8030,0.0311004996319995,0.030230576002770324,0.0,0.0,0.0,0.0008699236292291773,0.0,1.7738315723927491,0.27,0.06
8031,0.080143595205537,0.05314815270356839,0.0,0.0,0.0,0.026995442501968614,0.0,1.7667275085764418,0.27,0.06
8032,0.080143595205537,0.12067804050237173,0.0,0.040534445296834726,0.0,0.0,0.0,1.7667275085764418,0.27,0.06
8033,0.0169457850558971,0.01912629430509484,0.0,0.0021805092491977394,0.0,0.0,0.0,1.7667275085764418,0.27,0.06
8034,0.0169457850558971,0.014847081011371471,0.0,0.0,0.0,0.0020987040445256296,0.0,1.7661752180384087,0.27,0.06
8035,0.0340909322889225,0.029827595822052695,0.0,0.0,0.0,0.004263336466869806,0.0,1.7650532873892324,0.27,0.06
8036,0.0340909322889225,0.04773888862097673,0.0,0.0,0.013647956332054227,0.0,0.0,1.7682946770180952,0.27,0.06
8037,0.05881184225281925,0.11380489749697445,0.0,0.05499305524415519,0.0,-1.3877787807814457e-17,0.0,1.7682946770180952,0.27,0.06
8038,0.05881184225281925,0.07597891258373947,0.0,0.01716707033092022,0.0,0.0,0.0,1.7682946770180952,0.27,0.06
8039,0.020135579889948324,0.018218173116263656,0.0,0.0,0.0,0.0019174067736846684,0.0,1.767790096288178,0.27,0.06
8040,0.020135579889948324,0.00901091180902469,0.0,0.0,0.0,0.011124668080923635,0.0,1.7648625520563561,0.27,0.06
8041,0.0897129797076905,0.006399752061527039,0.0,0.0,0.0,0.08331322764616346,0.0,1.7429380184652605,0.27,0.06
8042,0.0897129797076905,0.0,0.0,0.0,0.0,0.0897129797076905,0.0,1.7193293395948155,0.27,0.06
8043,0.14194587011527926,0.0,0.0,0.0,0.0,0.14194587011527926,0.0,1.6819751632486895,0.27,0.06
8044,0.14194587011527926,0.0,0.0,0.0,0.0,0.14194587011527926,0.0,1.6446209869025634,0.27,0.06
8045,0.14593311365784326,0.0,0.0,0.0,0.0,0.14593311365784326,0.0,1.606217535939973,0.27,0.06
8046,0.14593311365784326,0.0,0.0,0.0,0.0,0.14593311365784326,0.0,1.5678140849773825,0.27,0.06
8047,0.053429063470358,0.0,0.0,0.0,0.0,0.053429063470358,0.0,1.553753805116762,0.27,0.06
8048,0.053429063470358,0.0,0.0,0.0,0.0,0.053429063470358,0.0,1.5396935252561417,0.27,0.06
8049,0.04884373339640925,0.0,0.0,0.0,0.0,0.04884373339640925,0.0,1.526839911204455,0.27,0.06
8050,0.04884373339640925,0.0,0.0,0.0,0.0,0.04884373339640925,0.0,1.5139862971527684,0.27,0.06
8051,0.05183416605333225,0.0,0.0,0.0,0.0,0.05183416605333225,0.0,1.5003457271387335,0.27,0.06
8052,0.05183416605333225,0.0,0.0,0.0,0.0,0.05183416605333225,0.0,1.4867051571246988,0.27,0.06
8053,0.04764756033364,0.0,0.0,0.0,0.0,0.04764756033364,0.0,1.4741663254579513,0.27,0.06
8054,0.04764756033364,0.0,0.0,0.0,0.0,0.04764756033364,0.0,1.461627493791204,0.27,0.06
8055,0.02492027214102515,0.0,0.0,0.0,0.0,0.02492027214102515,0.0,1.4550695274383025,0.27,0.06
8056,0.02492027214102515,0.0,0.0,0.0,0.0,0.02492027214102515,0.0,1.4485115610854011,0.27,0.06
8057,0.0273126182665635,0.0,0.0,0.0,0.0,0.0273126182665635,0.0,1.4413240299626213,0.27,0.06
8058,0.0273126182665635,0.0,0.0,0.0,0.0,0.0273126182665635,0.0,1.4341364988398415,0.27,0.06
8059,0.0153508876388715,0.0,0.0,-1.9081958235744878e-17,0.0,0.01535088763887148,0.0,1.4300967915664544,0.27,0.06
8060,0.0153508876388715,0.0,0.0,0.0,0.0,0.0153508876388715,0.0,1.426057084293067,0.27,0.06
8061,0.02691389391230725,0.0,0.0,0.0,0.0,0.02691389391230725,0.0,1.4189744806319338,0.27,0.06
8062,0.02691389391230725,0.0,0.0,0.0,0.0,0.02691389391230725,0.0,1.4118918769708002,0.27,0.06
8063,0.02890751568358925,0.0,0.0,0.0,0.0,0.02890751568358925,0.0,1.4042846360014345,0.27,0.06
8064,0.02890751568358925,0.0,0.0,0.0,0.0,0.02890751568358925,0.0,1.396677395032069,0.27,0.06
8065,0.02312601254687135,0.0,0.0,0.0,0.0,0.02312601254687135,0.0,1.3905916022565765,0.27,0.06
8066,0.02312601254687135,0.0,0.0,0.0,0.0,0.02312601254687135,0.0,1.384505809481084,0.27,0.06
8067,0.03149922398625575,0.0,0.0,0.0,0.0,0.03149922398625575,0.0,1.3762165400110167,0.27,0.06
8068,0.03149922398625575,0.0,0.0,0.0,0.0,0.03149922398625575,0.0,1.3679272705409495,0.27,0.06
8069,0.031698586163384,0.0,0.0,0.0,0.0,0.031698586163384,0.0,1.359585537340059,0.27,0.06
8070,0.031698586163384,0.0,0.0,0.0,0.0,0.031698586163384,0.0,1.3512438041391686,0.27,0.06
8071,0.019138769004307325,0.0,0.0,0.0,0.0,0.019138769004307325,0.0,1.3462072859801402,0.27,0.06
8072,0.019138769004307325,0.0,0.0,0.0,0.0,0.019138769004307325,0.0,1.341170767821112,0.27,0.06
8073,0.02751198044369175,0.0,0.0,0.0,0.0,0.02751198044369175,0.0,1.3339307729675087,0.27,0.06
8074,0.02751198044369175,0.0,0.0,0.0,0.0,0.02751198044369175,0.0,1.3266907781139057,0.27,0.06
8075,0.019736855535691926,0.0,0.0,0.0,0.0,0.019736855535691926,0.0,1.3214968687624078,0.27,0.06
8076,0.019736855535691926,0.0,0.0,6.938893903907228e-18,0.0,0.019736855535691933,0.0,1.31630295941091,0.27,0.06
8077,0.021531115129845724,0.0,0.0,0.0,0.0,0.021531115129845724,0.0,1.310636876482003,0.27,0.06
8078,0.021531115129845724,0.0,0.0,0.0,0.0,0.021531115129845724,0.0,1.3049707935530963,0.27,0.06
8079,0.043660316791076,0.0,0.0,0.0,0.0,0.043660316791076,0.0,1.2934812365028132,0.27,0.06
8080,0.043660316791076,0.0,0.0,0.0,0.0,0.043660316791076,0.0,1.2819916794525301,0.27,0.06
8081,0.06180227490974225,0.0,0.0,0.0,0.0,0.06180227490974225,0.0,1.2657279228973348,0.27,0.06
8082,0.06180227490974225,0.0,0.0,0.0,0.0,0.06180227490974225,0.0,1.2494641663421395,0.27,0.06
8083,0.049641182104922,0.0,0.0,0.0,0.0,0.049641182104922,0.0,1.2364006973671602,0.27,0.06
8084,0.049641182104922,0.0,0.0,0.0,0.0,0.049641182104922,0.0,1.2233372283921806,0.27,0.06
8085,0.04924245775066575,0.0,0.0,0.0,0.0,0.04924245775066575,0.0,1.2103786868788475,0.27,0.06
8086,0.04924245775066575,0.0,0.0,0.0,0.0,0.04924245775066575,0.0,1.1974201453655144,0.27,0.06
8087,0.06020737749271675,0.0,0.0,6.938893903907228e-18,0.0,0.060207377492716756,0.0,1.1815760986569048,0.27,0.06
8088,0.06020737749271675,0.0,0.0,0.0,0.0,0.06020737749271675,0.0,1.1657320519482952,0.27,0.06
8089,0.04884373339640925,0.0,0.0,1.3877787807814457e-17,0.0,0.04884373339640927,0.0,1.1528784378966086,0.27,0.06
8090,0.04884373339640925,0.0,0.0,0.0,0.0,0.04884373339640925,0.0,1.1400248238449218,0.27,0.06
8091,0.154505687274356,0.012106705448332667,0.0,0.0,0.0,0.14239898182602334,0.0,1.1025514075749157,0.27,0.06
8092,0.154505687274356,0.013413192493755118,0.0,0.0,0.0,0.1410924947806009,0.0,1.0654218036852838,0.27,0.06
8093,0.0540271500017425,0.008930127632031817,0.0,0.0,0.0,0.04509702236971068,0.0,1.0535541662195707,0.27,0.06
8094,0.0540271500017425,0.010921826145792141,0.0,0.0,0.0,0.04310532385595035,0.0,1.042210659941689,0.27,0.06
8095,0.05761566919005025,0.012905460770244336,0.0,0.0,0.0,0.044710208419805914,0.0,1.0304448156206871,0.27,0.06
8096,0.05761566919005025,0.014588911844270452,0.0,0.0,0.0,0.04302675734577979,0.0,1.0191219847402189,0.27,0.06
8097,0.03987243542564025,0.017223015416477507,0.0,0.0,0.0,0.022649420009162743,0.0,1.013161611053597,0.27,0.06
8098,0.03987243542564025,0.01984746966006831,0.0,3.469446951953614e-18,0.0,0.020024965765571945,0.0,1.0078918832205517,0.27,0.06
8099,0.030701775277743,0.015605151123422936,0.0,0.0,0.0,0.015096624154320063,0.0,1.0039190873904675,0.27,0.06
8100,0.030701775277743,0.016235188944341363,0.0,6.938893903907228e-18,0.0,0.014466586333401643,0.0,1.0001120909869408,0.27,0.06
8101,0.026714531735179,0.026288585984803877,0.0,2.7755575615628914e-17,0.0,0.0004259457503751514,0.0,0.9999999999999999,0.27,0.06
8102,0.026714531735179,0.09300758825281456,0.0,0.06629305651763556,0.0,0.0,0.0,1.0,0.27,0.06
8103,0.0177432337644099,0.09173691538914049,0.0,0.07399368162473058,0.0,0.0,0.0,1.0,0.27,0.06
8104,0.0177432337644099,0.0999481679591486,0.0,0.0822049341947387,0.0,0.0,0.0,1.0,0.27,0.06
8105,0.0312998618091275,0.20812704681774002,0.0,0.17682718500861253,0.0,0.0,0.0,1.0,0.27,0.06
8106,0.0312998618091275,0.17831065327500037,0.0,0.14701079146587287,0.0,0.0,0.0,1.0,0.27,0.06
8107,0.02452154778676875,0.10489917491008861,0.0,0.08037762712331986,0.0,0.0,0.0,1.0,0.27,0.06
8108,0.02452154778676875,0.1520398706657809,0.0,0.12751832287901216,-0.0,0.0,0.0,1.0,0.27,0.06
8109,0.0179425959415381,0.0748283566657881,0.0,0.05688576072425,0.0,0.0,0.0,1.0,0.27,0.06
8110,0.0179425959415381,0.09756536394836611,0.0,0.079622768006828,0.0,0.0,0.0,1.0,0.27,0.06
8111,0.019736855535691926,0.07260390293376283,0.0,0.0528670473980709,0.0,0.0,0.0,1.0,0.27,0.06
8112,0.019736855535691926,0.10255491024509619,0.0,0.08281805470940426,0.0,0.0,0.0,1.0,0.27,0.06
8113,0.012958541513333074,0.050140114270246526,0.0,0.03718157275691345,0.0,0.0,0.0,1.0,0.27,0.06
8114,0.012958541513333074,0.09239732847895943,0.0,0.07943878696562635,0.0,0.0,0.0,1.0,0.27,0.06
8115,0.2741229935512775,1.1472754142716772,0.0,0.5977085747970474,0.27544384592335236,0.0,0.0,1.065417913406796,0.27,0.06
8116,0.2741229935512775,0.8871942208784407,0.0,2.220446049250313e-16,0.613071227327163,0.0,0.0,1.2110223298969973,0.27,0.06
8117,0.2874802594188675,1.080887765896814,0.0,0.0,0.7934075064779464,0.0,0.0,1.3994566126855095,0.27,0.06
8118,0.2874802594188675,0.9757832533118284,0.0,-2.220446049250313e-16,0.688302993892961,0.0,0.0,1.5629285737350878,0.27,0.06
8119,0.16846103967333,0.6093665337956726,0.0,5.551115123125783e-16,0.44090549412234203,0.0,0.0,1.667643628589144,0.27,0.06
8120,0.16846103967333,0.5603839926319754,0.0,7.771561172376096e-16,0.39192295295864454,0.0,0.0,1.7607253299168222,0.27,0.06
8121,0.02432218560964055,0.0976464247359571,0.0,0.07332423912631655,0.0,0.0,0.0,1.7607253299168222,0.27,0.06
8122,0.02432218560964055,0.08310148947001557,0.0,0.05877930386037502,0.0,0.0,0.0,1.7607253299168222,0.27,0.06
8123,0.1034689699295365,0.1466836527155773,0.0,0.04321468278604079,0.0,0.0,0.0,1.7607253299168222,0.27,0.06
8124,0.1034689699295365,0.07797519305165278,0.0,0.0,0.0,0.02549377687788372,0.0,1.7540164412647474,0.27,0.06
8125,0.013556628044717675,0.012371712953386788,0.0,0.0,0.0,0.0011849150913308872,0.0,1.753704621503871,0.27,0.06
8126,0.013556628044717675,0.020744988568779304,0.0,0.007188360524061629,0.0,0.0,0.0,1.753704621503871,0.27,0.06
8127,0.08532701181087,0.078219389412497,0.0,0.0,0.0,0.007107622398373009,0.0,1.7518341945569307,0.27,0.06
8128,0.08532701181087,0.08677114789095683,0.0,0.0014441360800868247,0.0,0.0,0.0,1.7518341945569307,0.27,0.06
8129,0.018740044650050924,0.02384903274766713,0.0,0.005108988097616205,0.0,0.0,0.0,1.7518341945569307,0.27,0.06
8130,0.018740044650050924,0.028289869676826566,0.0,0.009549825026775642,0.0,0.0,0.0,1.7518341945569307,0.27,0.06
8131,0.02492027214102515,0.043535244537699865,0.0,0.018614972396674714,0.0,0.0,0.0,1.7518341945569307,0.27,0.06
8132,0.02492027214102515,0.04958365622469622,0.0,0.024663384083671067,0.0,0.0,0.0,1.7518341945569307,0.27,0.06
8133,0.0787480599656395,0.13912094102101805,0.0,0.06037288105537855,0.0,0.0,0.0,1.7518341945569307,0.27,0.06
8134,0.0787480599656395,0.1287150480231998,0.0,1.3877787807814457e-16,0.04996698805756017,0.0,0.0,1.7637013542206013,0.27,0.06
8135,0.0167464228787689,0.02061040588157519,0.0,0.0038639830028062913,0.0,0.0,0.0,1.7637013542206013,0.27,0.06
8136,0.0167464228787689,0.008690656037279258,0.0,0.0,0.0,0.00805576684148964,0.0,1.761581415578104,0.27,0.06
8137,0.03289475922615325,0.01591831154470155,0.0,-2.42861286636753e-17,0.0,0.01697644768145168,0.0,1.757113929346143,0.27,0.06
8138,0.03289475922615325,0.009885286894399176,0.0,0.0,0.0,0.023009472331754075,0.0,1.751058805048313,0.27,0.06
8139,0.20334942067076525,0.0149335535710002,0.0,0.0,0.0,0.18841586709976504,0.0,1.7014756821273223,0.27,0.06
8140,0.20334942067076525,0.0030795390996999545,0.0,0.0,0.0,0.2002698815710653,0.0,1.648773081713884,0.27,0.06
8141,0.0677831402235885,0.0,0.0,0.0,0.0,0.0677831402235885,0.0,1.6309354132339922,0.27,0.06
8142,0.0677831402235885,0.0,0.0,0.0,0.0,0.0677831402235885,0.0,1.6130977447541006,0.27,0.06
8143,0.06020737749271675,0.0,0.0,0.0,0.0,0.06020737749271675,0.0,1.597253698045491,0.27,0.06
8144,0.06020737749271675,0.0,0.0,0.0,0.0,0.06020737749271675,0.0,1.5814096513368814,0.27,0.06
8145,0.05462523653312725,0.0,0.0,0.0,0.0,0.05462523653312725,0.0,1.5670345890913215,0.27,0.06
8146,0.05462523653312725,0.0,0.0,0.0,0.0,0.05462523653312725,0.0,1.5526595268457617,0.27,0.06
8147,0.0380781758314865,0.0,0.0,0.0,0.0,0.0380781758314865,0.0,1.5426389542585284,0.27,0.06
8148,0.0380781758314865,0.0,0.0,0.0,0.0,0.0380781758314865,0.0,1.532618381671295,0.27,0.06
8149,0.0181419581186663,0.0,0.0,0.0,0.0,0.0181419581186663,0.0,1.5278441821663828,0.27,0.06
8150,0.0181419581186663,0.0,0.0,0.0,0.0,0.0181419581186663,0.0,1.5230699826614706,0.27,0.06
8151,0.02332537472399955,0.0,0.0,0.0,0.0,0.02332537472399955,0.0,1.516931726155155,0.27,0.06
8152,0.02332537472399955,0.0,0.0,0.0,0.0,0.02332537472399955,0.0,1.5107934696488392,0.27,0.06
8153,0.0163476985245125,0.0,0.0,0.0,0.0,0.0163476985245125,0.0,1.506491443721336,0.27,0.06
8154,0.0163476985245125,0.0,0.0,0.0,0.0,0.0163476985245125,0.0,1.5021894177938326,0.27,0.06
8155,0.0490430955735375,0.0,0.0,0.0,0.0,0.0490430955735375,0.0,1.4892833400113228,0.27,0.06
8156,0.0490430955735375,0.0,0.0,0.0,0.0,0.0490430955735375,0.0,1.476377262228813,0.27,0.06
8157,0.07057421070338325,0.0,0.0,0.0,0.0,0.07057421070338325,0.0,1.4578051015173963,0.27,0.06
8158,0.07057421070338325,0.0,0.0,0.0,0.0,0.07057421070338325,0.0,1.4392329408059799,0.27,0.06
8159,0.048445009042153,0.0,0.0,0.0,0.0,0.048445009042153,0.0,1.4264842542159395,0.27,0.06
8160,0.048445009042153,0.0,0.0,0.0,0.0,0.048445009042153,0.0,1.4137355676258991,0.27,0.06
8161,0.07695380037148575,0.0,0.0,0.0,0.0,0.07695380037148575,0.0,1.3934845675281398,0.27,0.06
8162,0.07695380037148575,0.0,0.0,0.0,0.0,0.07695380037148575,0.0,1.3732335674303804,0.27,0.06
8163,0.041666695019794,0.0,0.0,0.0,0.0,0.041666695019794,0.0,1.3622686476883294,0.27,0.06
8164,0.041666695019794,0.0,0.0,0.0,0.0,0.041666695019794,0.0,1.3513037279462783,0.27,0.06
8165,0.02591708302666625,0.0,0.0,1.0408340855860843e-17,0.0,0.02591708302666626,0.0,1.344483442939261,0.27,0.06
8166,0.02591708302666625,0.0,0.0,0.0,0.0,0.02591708302666625,0.0,1.3376631579322436,0.27,0.06
8167,0.02651516955805075,0.0,0.0,0.0,0.0,0.02651516955805075,0.0,1.3306854817327565,0.27,0.06
8168,0.02651516955805075,0.0,0.0,0.0,0.0,0.02651516955805075,0.0,1.3237078055332694,0.27,0.06
8169,0.02272728819261495,0.0,0.0,1.3877787807814457e-17,0.0,0.022727288192614964,0.0,1.3177269402194234,0.27,0.06
8170,0.02272728819261495,0.0,0.0,0.0,0.0,0.02272728819261495,0.0,1.3117460749055774,0.27,0.06
8171,0.02751198044369175,0.0,0.0,0.0,0.0,0.02751198044369175,0.0,1.3045060800519743,0.27,0.06
8172,0.02751198044369175,0.0,0.0,0.0,0.0,0.02751198044369175,0.0,1.297266085198371,0.27,0.06
8173,0.0177432337644099,0.0,0.0,0.0,0.0,0.0177432337644099,0.0,1.2925968131551053,0.27,0.06
8174,0.0177432337644099,0.0,0.0,0.0,0.0,0.0177432337644099,0.0,1.2879275411118396,0.27,0.06
8175,0.014154714576102276,0.0,0.0,0.0,0.0,0.014154714576102276,0.0,1.2842026162233915,0.27,0.06
8176,0.014154714576102276,0.0,0.0,0.0,0.0,0.014154714576102276,0.0,1.2804776913349436,0.27,0.06
8177,0.02492027214102515,0.0,0.0,0.0,0.0,0.02492027214102515,0.0,1.2739197249820422,0.27,0.06
8178,0.02492027214102515,0.0,0.0,0.0,0.0,0.02492027214102515,0.0,1.267361758629141,0.27,0.06
8179,0.03149922398625575,0.0,0.0,1.3877787807814457e-17,0.0,0.031499223986255764,0.0,1.2590724891590737,0.27,0.06
8180,0.03149922398625575,0.0,0.0,0.0,0.0,0.03149922398625575,0.0,1.2507832196890063,0.27,0.06
8181,0.15669867122276626,0.0,0.0,0.0,0.0,0.15669867122276626,0.0,1.2095467272619624,0.27,0.06
8182,0.15669867122276626,0.0,0.0,0.0,0.0,0.15669867122276626,0.0,1.1683102348349188,0.27,0.06
8183,0.14493630277220226,0.0,0.0,0.0,0.0,0.14493630277220226,0.0,1.1301691025264444,0.27,0.06
8184,0.14493630277220226,0.0,0.0,0.0,0.0,0.14493630277220226,0.0,1.09202797021797,0.27,0.06
8185,0.04764756033364,0.0,0.0,-1.3877787807814457e-17,0.0,0.04764756033363999,0.0,1.0794891385512226,0.27,0.06
8186,0.04764756033364,0.0,0.0,0.0,0.0,0.04764756033364,0.0,1.0669503068844752,0.27,0.06
8187,0.0470494738022555,0.007107939734302364,0.0,0.0,0.0,0.03994153406795314,0.0,1.056439376866593,0.27,0.06
8188,0.0470494738022555,0.009581295002452497,0.0,0.0,0.0,0.037468178799803006,0.0,1.0465793298140131,0.27,0.06
8189,0.04047052195702475,0.013114841649292955,0.0,0.0,0.0,0.0273556803077318,0.0,1.0393804665751363,0.27,0.06
8190,0.04047052195702475,0.016427980401425513,0.0,0.0,0.0,0.02404254155559924,0.0,1.0330534819552417,0.27,0.06
8191,0.02272728819261495,0.005826399533173976,0.0,3.469446951953614e-18,0.0,0.016900888659440977,0.0,1.0286058796764415,0.27,0.06
8192,0.02272728819261495,0.007533741100889563,0.0,0.0,0.0,0.015193547091725386,0.0,1.024607577810198,0.27,0.06
8193,0.03887562453999925,0.010685037012554988,0.0,0.0,0.0,0.028190587527444265,0.0,1.0171890021450811,0.27,0.06
8194,0.03887562453999925,0.01157151441977855,0.0,0.0,0.0,0.0273041101202207,0.0,1.010003710008181,0.27,0.06
8195,0.0330941214032815,0.010639230211781061,0.0,0.0,0.0,0.02245489119150044,0.0,1.0040945281156808,0.27,0.06
8196,0.0330941214032815,0.017534914563694413,0.0,0.0,0.0,0.01555920683958709,0.0,1.0,0.27,0.06
8197,0.02791070479794825,0.031134351637394343,0.0,0.0032236468394460926,0.0,0.0,0.0,1.0,0.27,0.06
8198,0.02791070479794825,0.1365107276322312,0.0,0.10860002283428297,0.0,0.0,0.0,1.0,0.27,0.06
8199,0.03090113745487125,0.19502747190929548,0.0,0.16412633445442423,0.0,0.0,0.0,1.0,0.27,0.06
8200,0.03090113745487125,0.1952704523418102,0.0,0.16436931488693896,0.0,0.0,0.0,1.0,0.27,0.06
8201,0.03787881365435825,0.29370419976444534,0.0,0.2558253861100871,0.0,0.0,0.0,1.0,0.27,0.06
8202,0.03787881365435825,0.36857166256201906,0.0,0.3306928489076608,0.0,0.0,0.0,1.0,0.27,0.06
8203,0.143540767532305,0.8994468406395376,0.0,0.7559060731072327,0.0,0.0,0.0,1.0,0.27,0.06
8204,0.143540767532305,1.039638011062362,0.0,0.8960972435300569,0.0,0.0,0.0,1.0,0.27,0.06
8205,0.02771134262082,0.470078482734226,0.0,0.442367140113406,0.0,0.0,0.0,1.0,0.27,0.06
8206,0.02771134262082,0.5007807501453047,0.0,0.4730694075244847,0.0,0.0,0.0,1.0,0.27,0.06
8207,0.02312601254687135,0.35684558750975753,0.0,0.3337195749628862,0.0,0.0,0.0,1.0,0.27,0.06
8208,0.02312601254687135,0.35731551869206507,0.0,0.3341895061451937,0.0,0.0,0.0,1.0,0.27,0.06
8209,0.021331752952717525,0.466131678812857,0.0,0.4447999258601395,0.0,0.0,0.0,1.0,0.27,0.06
8210,0.021331752952717525,0.4043239950912925,0.0,0.38299224213857497,0.0,0.0,0.0,1.0,0.27,0.06
8211,0.273126182665635,1.5869891545019867,0.0,0.08013717136856369,1.233725800467788,0.0,0.0,1.2930098776110996,0.27,0.06
8212,0.273126182665635,1.4772514415677154,0.0,-1.1102230246251565e-15,1.2041252589020814,0.0,0.0,1.578989626600344,0.27,0.06
8213,0.275319166614045,1.3351938472501796,0.0,0.0,1.0598746806361348,0.0,0.0,1.830709863251426,0.27,0.06
8214,0.275319166614045,0.9706394471893572,0.0,0.0,0.6953202805753123,0.0,0.0,1.9958484298880625,0.27,0.06
8215,0.06758377804646025,0.457230940266626,0.0,0.3896471622201657,0.0,0.0,0.0,1.9958484298880625,0.27,0.06
8216,0.06758377804646025,0.45814373631638944,0.0,0.0,0.3905599582699292,0.0,0.0,2.088606419977171,0.27,0.06
8217,0.12460136070512574,0.3976285508626714,0.0,0.2730271901575457,0.0,0.0,0.0,2.088606419977171,0.27,0.06
8218,0.12460136070512574,0.29612244078606015,0.0,0.17152108008093442,0.0,0.0,0.0,2.088606419977171,0.27,0.06
8219,0.02312601254687135,0.09828495958268342,0.0,0.07515894703581207,0.0,0.0,0.0,2.088606419977171,0.27,0.06
8220,0.02312601254687135,0.08202204158804349,0.0,0.05889602904117214,0.0,0.0,0.0,2.088606419977171,0.27,0.06
8221,0.025717720849538,0.02680023785704157,0.0,0.0010825170075035723,0.0,0.0,0.0,2.088606419977171,0.27,0.06
8222,0.025717720849538,0.023123932700952404,0.0,0.0,0.0,0.002593788148585595,0.0,2.0879238441485954,0.27,0.06
8223,0.0897129797076905,0.0634122189001221,0.0,0.0,0.0,0.026300760807568407,0.0,2.0810025913044985,0.27,0.06
8224,0.0897129797076905,0.05489782926999888,0.0,-2.7755575615628914e-17,0.0,0.034815150437691594,0.0,2.0718407096103695,0.27,0.06
8225,0.02990432656923025,0.022692306050343378,0.0,0.0,0.0,0.007212020518886874,0.0,2.06994280947382,0.27,0.06
8226,0.02990432656923025,0.030703689164551375,0.0,0.0,0.0007993625953211236,0.0,0.0,2.0701326580902086,0.27,0.06
8227,0.079146784319896,0.08368965146658787,0.0,0.004542867146691873,0.0,0.0,0.0,2.0701326580902086,0.27,0.06
8228,0.079146784319896,0.06758116272679193,0.0,0.0,0.0,0.011565621593104064,0.0,2.0670890734604446,0.27,0.06
8229,0.029704964392102,0.032484137344272176,0.0,0.002779172952170176,0.0,0.0,0.0,2.0670890734604446,0.27,0.06
8230,0.029704964392102,0.04509031005383282,0.0,0.015385345661730821,0.0,0.0,0.0,2.0670890734604446,0.27,0.06
8231,0.03748008930010175,0.04819723620451853,0.0,0.010717146904416781,0.0,0.0,0.0,2.0670890734604446,0.27,0.06
8232,0.03748008930010175,0.020085417645303475,0.0,0.0,0.0,0.017394671654798275,0.0,2.0625115282881294,0.27,0.06
8233,0.0887161688220495,0.01743215774025938,0.0,0.0,0.0,0.07128401108179011,0.0,2.043752578003448,0.27,0.06
8234,0.0887161688220495,0.014062596797985287,0.0,0.0,0.0,0.07465357202406421,0.0,2.02410690115501,0.27,0.06
8235,0.1648725204850225,0.015301688081055725,0.0,0.0,0.0,0.14957083240396676,0.0,1.9847461557855448,0.27,0.06
8236,0.1648725204850225,0.004714845905877699,0.0,0.0,0.0,0.1601576745791448,0.0,1.9425993993173487,0.27,0.06
8237,0.06858058893210126,0.0,0.0,0.0,0.0,0.06858058893210126,0.0,1.9245518759141642,0.27,0.06
8238,0.06858058893210126,0.0,0.0,0.0,0.0,0.06858058893210126,0.0,1.90650435251098,0.27,0.06
8239,0.056419496127281,0.0,0.0,6.938893903907228e-18,0.0,0.056419496127281005,0.0,1.8916571166880112,0.27,0.06
8240,0.056419496127281,0.0,0.0,0.0,0.0,0.056419496127281,0.0,1.8768098808650424,0.27,0.06
8241,0.04784692251076825,0.0,0.0,0.0,0.0,0.04784692251076825,0.0,1.8642185854674718,0.27,0.06
8242,0.04784692251076825,0.0,0.0,0.0,0.0,0.04784692251076825,0.0,1.8516272900699011,0.27,0.06
8243,0.052432252584717,0.0,0.0,6.938893903907228e-18,0.0,0.05243225258471701,0.0,1.8378293288633967,0.27,0.06
8244,0.052432252584717,0.0,0.0,0.0,0.0,0.052432252584717,0.0,1.8240313676568922,0.27,0.06
8245,0.04884373339640925,0.0,0.0,0.0,0.0,0.04884373339640925,0.0,1.8111777536052056,0.27,0.06
8246,0.04884373339640925,0.0,0.0,0.0,0.0,0.04884373339640925,0.0,1.798324139553519,0.27,0.06
8247,0.054425874355999,0.0,0.0,0.0,0.0,0.054425874355999,0.0,1.7840015410387824,0.27,0.06
8248,0.054425874355999,0.0,0.0,0.0,0.0,0.054425874355999,0.0,1.7696789425240458,0.27,0.06
8249,0.05023926863630675,0.0,0.0,0.0,0.0,0.05023926863630675,0.0,1.7564580823565967,0.27,0.06
8250,0.05023926863630675,0.0,0.0,0.0,0.0,0.05023926863630675,0.0,1.7432372221891477,0.27,0.06
8251,0.04445776549958875,0.0,0.0,0.0,0.0,0.04445776549958875,0.0,1.7315378102155716,0.27,0.06
8252,0.04445776549958875,0.0,0.0,6.938893903907228e-18,0.0,0.044457765499588756,0.0,1.7198383982419956,0.27,0.06
8253,0.031698586163384,0.0,0.0,0.0,0.0,0.031698586163384,0.0,1.7114966650411052,0.27,0.06
8254,0.031698586163384,0.0,0.0,0.0,0.0,0.031698586163384,0.0,1.7031549318402146,0.27,0.06
8255,0.03748008930010175,0.0,0.0,0.0,0.0,0.03748008930010175,0.0,1.693291750445451,0.27,0.06
8256,0.03748008930010175,0.0,0.0,0.0,0.0,0.03748008930010175,0.0,1.6834285690506874,0.27,0.06
8257,0.04186605719692225,0.0,0.0,0.0,0.0,0.04186605719692225,0.0,1.6724111855778132,0.27,0.06
8258,0.04186605719692225,0.0,0.0,0.0,0.0,0.04186605719692225,0.0,1.661393802104939,0.27,0.06
8259,0.0480462846878965,0.0,0.0,-1.3877787807814457e-17,0.0,0.048046284687896484,0.0,1.6487500429765451,0.27,0.06
8260,0.0480462846878965,0.0,0.0,0.0,0.0,0.0480462846878965,0.0,1.6361062838481513,0.27,0.06
8261,0.0171451472330253,0.0,0.0,-6.938893903907228e-18,0.0,0.017145147233025293,0.0,1.631594402997355,0.27,0.06
8262,0.0171451472330253,0.0,0.0,0.0,0.0,0.0171451472330253,0.0,1.6270825221465592,0.27,0.06
8263,0.021331752952717525,0.0,0.0,0.0,0.0,0.021331752952717525,0.0,1.6214689029484757,0.27,0.06
8264,0.021331752952717525,0.0,0.0,0.0,0.0,0.021331752952717525,0.0,1.6158552837503921,0.27,0.06
8265,0.0273126182665635,0.0,0.0,0.0,0.0,0.0273126182665635,0.0,1.608667752627612,0.27,0.06
8266,0.0273126182665635,0.0,0.0,0.0,0.0,0.0273126182665635,0.0,1.6014802215048323,0.27,0.06
8267,0.028708153506461,0.0,0.0,0.0,0.0,0.028708153506461,0.0,1.59392544426629,0.27,0.06
8268,0.028708153506461,0.0,0.0,0.0,0.0,0.028708153506461,0.0,1.5863706670277475,0.27,0.06
8269,0.029704964392102,0.0,0.0,0.0,0.0,0.029704964392102,0.0,1.578553571135089,0.27,0.06
8270,0.029704964392102,0.0,0.0,0.0,0.0,0.029704964392102,0.0,1.5707364752424307,0.27,0.06
8271,0.03050241310061475,0.0,0.0,0.0,0.0,0.03050241310061475,0.0,1.5627095244264795,0.27,0.06
8272,0.03050241310061475,0.0,0.0,0.0,0.0,0.03050241310061475,0.0,1.554682573610528,0.27,0.06
8273,0.0301036887463585,0.0,0.0,0.0,0.0,0.0301036887463585,0.0,1.5467605502562232,0.27,0.06
8274,0.0301036887463585,0.0,0.0,-1.3877787807814457e-17,0.0,0.030103688746358485,0.0,1.5388385269019182,0.27,0.06
8275,0.0263158073809225,0.0,0.0,0.0,0.0,0.0263158073809225,0.0,1.5319133144332546,0.27,0.06
8276,0.0263158073809225,0.0,0.0,0.0,0.0,0.0263158073809225,0.0,1.5249881019645908,0.27,0.06
8277,0.0350877431745635,0.0,0.0,0.0,0.0,0.0350877431745635,0.0,1.5157544853397056,0.27,0.06
8278,0.0350877431745635,0.0,0.0,0.0,0.0,0.0350877431745635,0.0,1.5065208687148204,0.27,0.06
8279,0.02511963431815325,0.0,0.0,0.0,0.0,0.02511963431815325,0.0,1.4999104386310957,0.27,0.06
8280,0.02511963431815325,0.0,0.0,0.0,0.0,0.02511963431815325,0.0,1.4933000085473713,0.27,0.06
8281,0.03448965664317875,0.0,0.0,0.0,0.0,0.03448965664317875,0.0,1.4842237831149558,0.27,0.06
8282,0.03448965664317875,6.950236058877742e-05,0.0,0.0,0.0,0.03442015428258997,0.0,1.4751658477774323,0.27,0.06
8283,0.0322966726947685,0.0029023044631715862,0.0,0.0,0.0,0.029394368231596912,0.0,1.4674304877164857,0.27,0.06
8284,0.0322966726947685,0.004153862366009853,0.0,0.0,0.0,0.028142810328758646,0.0,1.4600244849983912,0.27,0.06
8285,0.02611644520379425,0.0035028422694309133,0.0,0.0,0.0,0.022613602934363337,0.0,1.4540735368577693,0.27,0.06
8286,0.02611644520379425,0.005487969469541779,0.0,0.0,0.0,0.02062847573425247,0.0,1.4486449906119134,0.27,0.06
8287,0.028708153506461,0.005613395854173453,0.0,0.0,0.0,0.023094757652287544,0.0,1.4425674228086798,0.27,0.06
8288,0.028708153506461,0.008666905227450158,0.0,0.0,0.0,0.02004124827901084,0.0,1.437293410103677,0.27,0.06
8289,0.046650749447999,0.00624595347566727,0.0,0.0,0.0,0.04040479597233173,0.0,1.4266605690583265,0.27,0.06
8290,0.046650749447999,0.008111393912539754,0.0,0.0,0.0,0.038539355535459244,0.0,1.4165186333911004,0.27,0.06
8291,0.03488838099743525,0.010560850230631412,0.0,6.938893903907228e-18,0.0,0.024327530766803843,0.0,1.4101166516103625,0.27,0.06
8292,0.03488838099743525,0.017876899601352202,0.0,0.0,0.0,0.017011481396083047,0.0,1.4056399459798143,0.27,0.06
8293,0.0390749867171275,0.03637101891675871,0.0,6.938893903907228e-18,0.0,0.0027039678003688006,0.0,1.4049283755060331,0.27,0.06
8294,0.0390749867171275,0.09616768478736731,0.0,0.05709269807023981,0.0,0.0,0.0,1.4049283755060331,0.27,0.06
8295,0.09689001808430575,0.258823241612188,0.0,-1.3877787807814457e-15,0.16193322352788364,0.0,0.0,1.4433875160939054,0.27,0.06
8296,0.09689001808430575,0.36913779802578156,0.0,7.216449660063518e-16,0.2722477799414751,0.0,0.0,1.5080463638300057,0.27,0.06
8297,0.42264779557557,0.9207049648623247,0.0,1.1102230246251565e-16,0.4980571692867546,0.0,0.0,1.6263349415356099,0.27,0.06
8298,0.42264779557557,0.9336120072899814,0.0,5.551115123125783e-16,0.5109642117144109,0.0,0.0,1.7476889418177826,0.27,0.06
8299,0.08054231955979325,0.3596913835766302,0.0,0.0,0.279149064016837,0.0,0.0,1.8139868445217813,0.27,0.06
8300,0.08054231955979325,0.364313472792337,0.0,8.881784197001252e-16,0.28377115323254287,0.0,0.0,1.8813824934145102,0.27,0.06
8301,0.02651516955805075,0.18984067840447535,0.0,0.0,0.1633255088464246,0.0,0.0,1.920172301765536,0.27,0.06
8302,0.02651516955805075,0.13542377376882536,0.0,0.0,0.10890860421077461,0.0,0.0,1.9460380952655951,0.27,0.06
8303,0.052631614761845,0.2087358892000631,0.0,0.0,0.15610427443821812,0.0,0.0,1.983112860444672,0.27,0.06
8304,0.052631614761845,0.25675295518779845,0.0,0.0,0.20412134042595345,0.0,0.0,2.0315916787958357,0.27,0.06
8305,0.0382775380086145,0.2593713696283443,0.0,0.0,0.22109383161972979,0.0,0.0,2.0841014638055215,0.27,0.06
8306,0.0382775380086145,0.3033638675559511,0.0,0.0,0.26508632954733663,0.0,0.0,2.147059467073014,0.27,0.06
8307,0.290869416430045,0.9938232995437547,0.0,0.0,0.7029538831137097,0.0,0.0,2.3140110143125203,0.27,0.06
8308,0.290869416430045,0.8930688137463313,0.0,-8.881784197001252e-16,0.6021993973162871,0.0,0.0,2.4570333711751386,0.27,0.06
8309,0.2884770703045075,0.967063385857032,0.0,6.661338147750939e-16,0.6785863155525238,0.0,0.0,2.6181976211188625,0.27,0.06
8310,0.2884770703045075,0.9409189319412357,0.0,4.440892098500626e-16,0.6524418616367278,0.0,0.0,2.7731525632575855,0.27,0.06
8311,0.146531200189228,0.49861327799955385,0.0,-5.551115123125783e-16,0.3520820778103264,0.0,0.0,2.856772056737538,0.27,0.06
8312,0.146531200189228,0.25312108713481757,0.0,0.0,0.10658988694558957,0.0,0.0,2.8820871548871154,0.27,0.06
8313,0.021531115129845724,0.05117399967514926,0.0,0.029642884545303536,0.0,0.0,0.0,2.8820871548871154,0.27,0.06
8314,0.021531115129845724,0.03795758054172693,0.0,0.0,0.016426465411881207,0.0,0.0,2.8859884404224374,0.27,0.06
8315,0.09928236420984425,0.10051869636369488,0.0,0.0012363321538506333,0.0,0.0,0.0,2.8859884404224374,0.27,0.06
8316,0.09928236420984425,0.07865513313395295,0.0,0.0,0.0,0.020627231075891303,0.0,2.8805602217182558,0.27,0.06
8317,0.0273126182665635,0.020801903458985783,0.0,0.0,0.0,0.006510714807577717,0.0,2.8788468757162615,0.27,0.06
8318,0.0273126182665635,0.021186343330018443,0.0,0.0,0.0,0.006126274936545058,0.0,2.8772346981013808,0.27,0.06
8319,0.081140406091178,0.045279872679992596,0.0,6.938893903907228e-18,0.0,0.035860533411185405,0.0,2.867797715624753,0.27,0.06
8320,0.081140406091178,0.03477629636036285,0.0,0.0,0.0,0.046364109730815145,0.0,2.855596634116644,0.27,0.06
8321,0.02591708302666625,0.013084498603670133,0.0,0.0,0.0,0.012832584422996117,0.0,2.852219638215855,0.27,0.06
8322,0.02591708302666625,0.015162371692843206,0.0,0.0,0.0,0.010754711333823044,0.0,2.849389451022744,0.27,0.06
8323,0.07854869778851124,0.05195409793304614,0.0,0.0,0.0,0.026594599855465105,0.0,2.8423908721134117,0.27,0.06
8324,0.07854869778851124,0.06804353451566823,0.0,0.0,0.0,0.01050516327284301,0.0,2.8396263554626637,0.27,0.06
8325,0.0263158073809225,0.03664124115625922,0.0,0.0,0.01032543377533672,0.0,0.0,2.8420786459843064,0.27,0.06
8326,0.0263158073809225,0.06701306412198305,0.0,0.04069725674106055,0.0,0.0,0.0,2.8420786459843064,0.27,0.06
8327,0.08313402786246,0.14245813186150236,0.0,0.0,0.05932410399904235,0.0,0.0,2.8561681206840785,0.27,0.06
8328,0.08313402786246,0.08644291049460939,0.0,0.0033088826321493597,0.0,-2.7755575615628914e-17,0.0,2.8561681206840785,0.27,0.06
8329,0.16267953653661224,0.06229782670294156,0.0,0.0,0.0,0.10038170983367067,0.0,2.829751881254165,0.27,0.06
8330,0.16267953653661224,0.03759474818810538,0.0,0.0,0.0,0.12508478834850686,0.0,2.7968348316887686,0.27,0.06
8331,0.054425874355999,0.014897147174822148,0.0,0.0,0.0,0.03952872718117685,0.0,2.786432535062143,0.27,0.06
8332,0.054425874355999,0.0020864356564646255,0.0,0.0,0.0,0.05233943869953438,0.0,2.7726589985622656,0.27,0.06
8333,0.04625202509374275,0.0,0.0,1.3877787807814457e-17,0.0,0.046252025093742766,0.0,2.7604874130112806,0.27,0.06
8334,0.04625202509374275,0.0,0.0,0.0,0.0,0.04625202509374275,0.0,2.7483158274602957,0.27,0.06
8335,0.0560207717730245,0.0,0.0,0.0,0.0,0.0560207717730245,0.0,2.7335735190989734,0.27,0.06
8336,0.0560207717730245,0.0,0.0,0.0,0.0,0.0560207717730245,0.0,2.718831210737651,0.27,0.06
8337,0.048644371219281,0.0,0.0,0.0,0.0,0.048644371219281,0.0,2.7060300604167877,0.27,0.06
8338,0.048644371219281,0.0,0.0,0.0,0.0,0.048644371219281,0.0,2.6932289100959244,0.27,0.06
8339,0.0430622302596915,0.0,0.0,0.0,0.0,0.0430622302596915,0.0,2.6818967442381108,0.27,0.06
8340,0.0430622302596915,0.0,0.0,0.0,0.0,0.0430622302596915,0.0,2.670564578380297,0.27,0.06
8341,0.0490430955735375,0.0,0.0,6.938893903907228e-18,0.0,0.049043095573537504,0.0,2.6576585005977873,0.27,0.06
8342,0.0490430955735375,0.0,0.0,0.0,0.0,0.0490430955735375,0.0,2.6447524228152774,0.27,0.06
8343,0.03688200276871725,0.0,0.0,6.938893903907228e-18,0.0,0.036882002768717254,0.0,2.6350466326129833,0.27,0.06
8344,0.03688200276871725,0.0,0.0,2.7755575615628914e-17,0.0,0.036882002768717274,0.0,2.625340842410689,0.27,0.06
8345,0.0149521632846151,0.0,0.0,0.0,0.0,0.0149521632846151,0.0,2.6214060625989486,0.27,0.06
8346,0.0149521632846151,0.0,0.0,0.0,0.0,0.0149521632846151,0.0,2.617471282787208,0.27,0.06
8347,0.02292665036974315,0.0,0.0,0.0,0.0,0.02292665036974315,0.0,2.6114379537425387,0.27,0.06
8348,0.02292665036974315,0.0,0.0,0.0,0.0,0.02292665036974315,0.0,2.6054046246978695,0.27,0.06
8349,0.0137559902218459,0.0,0.0,0.0,0.0,0.0137559902218459,0.0,2.601784627271068,0.27,0.06
8350,0.0137559902218459,0.0,0.0,0.0,0.0,0.0137559902218459,0.0,2.5981646298442667,0.27,0.06
8351,0.02771134262082,0.0,0.0,0.0,0.0,0.02771134262082,0.0,2.59087217125984,0.27,0.06
8352,0.02771134262082,0.0,0.0,0.0,0.0,0.02771134262082,0.0,2.5835797126754136,0.27,0.06
8353,0.0400717976027685,0.0,0.0,0.0,0.0,0.0400717976027685,0.0,2.573034502779948,0.27,0.06
8354,0.0400717976027685,0.0,0.0,0.0,0.0,0.0400717976027685,0.0,2.5624892928844827,0.27,0.06
8355,0.035685829705948,0.0,0.0,0.0,0.0,0.035685829705948,0.0,2.553098285067128,0.27,0.06
8356,0.035685829705948,0.0,0.0,0.0,0.0,0.035685829705948,0.0,2.5437072772497733,0.27,0.06
8357,0.02890751568358925,0.0,0.0,0.0,0.0,0.02890751568358925,0.0,2.536100036280408,0.27,0.06
8358,0.02890751568358925,0.0,0.0,0.0,0.0,0.02890751568358925,0.0,2.5284927953110423,0.27,0.06
8359,0.018341320295794526,0.0,0.0,0.0,0.0,0.018341320295794526,0.0,2.5236661320753067,0.27,0.06
8360,0.018341320295794526,0.0,0.0,0.0,0.0,0.018341320295794526,0.0,2.5188394688395714,0.27,0.06
8361,0.02950560221497375,0.0,0.0,3.469446951953614e-18,0.0,0.029505602214973753,0.0,2.5110748366777362,0.27,0.06
8362,0.02950560221497375,0.0,0.0,0.0,0.0,0.02950560221497375,0.0,2.503310204515901,0.27,0.06
8363,0.032695397049025,0.0,0.0,-1.3877787807814457e-17,0.0,0.032695397049024987,0.0,2.4947061526608945,0.27,0.06
8364,0.032695397049025,0.0,0.0,0.0,0.0,0.032695397049025,0.0,2.486102100805888,0.27,0.06
8365,0.04027115977989675,0.0,0.0,0.0,0.0,0.04027115977989675,0.0,2.475504427179599,0.27,0.06
8366,0.04027115977989675,0.0,0.0,0.0,0.0,0.04027115977989675,0.0,2.4649067535533105,0.27,0.06
8367,0.03149922398625575,0.0,0.0,0.0,0.0,0.03149922398625575,0.0,2.4566174840832433,0.27,0.06
8368,0.03149922398625575,0.0,0.0,0.0,0.0,0.03149922398625575,0.0,2.448328214613176,0.27,0.06
8369,0.02412282343251235,0.0,0.0,0.0,0.0,0.02412282343251235,0.0,2.4419801031835675,0.27,0.06
8370,0.02412282343251235,0.0,0.0,0.0,0.0,0.02412282343251235,0.0,2.435631991753959,0.27,0.06
8371,0.031698586163384,0.0,0.0,0.0,0.0,0.031698586163384,0.0,2.4272902585530685,0.27,0.06
8372,0.031698586163384,0.0,0.0,0.0,0.0,0.031698586163384,0.0,2.4189485253521776,0.27,0.06
8373,0.02452154778676875,0.0,0.0,0.0,0.0,0.02452154778676875,0.0,2.4124954864609225,0.27,0.06
8374,0.02452154778676875,0.0,0.0,0.0,0.0,0.02452154778676875,0.0,2.406042447569668,0.27,0.06
8375,0.03189794834051225,0.0,0.0,0.0,0.0,0.03189794834051225,0.0,2.397648250637954,0.27,0.06
8376,0.03189794834051225,0.0,0.0,-6.938893903907228e-18,0.0,0.031897948340512246,0.0,2.3892540537062406,0.27,0.06
8377,0.03090113745487125,0.0,0.0,0.0,0.0,0.03090113745487125,0.0,2.3811221754286427,0.27,0.06
8378,0.03090113745487125,0.00023806558068451938,0.0,0.0,0.0,0.03066307187418673,0.0,2.3730529459880674,0.27,0.06
8379,0.02192983948410215,0.0028074117596522297,0.0,0.0,0.0,0.01912242772444992,0.0,2.368020728165843,0.27,0.06
8380,0.02192983948410215,0.0030170631100610943,0.0,0.0,0.0,0.018912776374041054,0.0,2.363043681751622,0.27,0.06
8381,0.02492027214102515,0.005948335268954534,0.0,0.0,0.0,0.018971936872070615,0.0,2.358051066785288,0.27,0.06
8382,0.02492027214102515,0.00753794158711905,0.0,3.469446951953614e-18,0.0,0.017382330553906103,0.0,2.353476769271102,0.27,0.06
8383,0.020534304244204726,0.00662861827653482,0.0,0.0,0.0,0.013905685967669905,0.0,2.3498173782269784,0.27,0.06
8384,0.020534304244204726,0.007338600254419855,0.0,0.0,0.0,0.013195703989784872,0.0,2.346344824545456,0.27,0.06
8385,0.019936217712820125,0.008165346851867084,0.0,0.0,0.0,0.01177087086095304,0.0,2.3432472269504685,0.27,0.06
8386,0.019936217712820125,0.008471051649657918,0.0,1.734723475976807e-17,0.0,0.011465166063162224,0.0,2.340230077986478,0.27,0.06
8387,0.02990432656923025,0.01228602977361875,0.0,0.0,0.0,0.017618296795611502,0.0,2.3355936840928964,0.27,0.06
8388,0.02990432656923025,0.018569703801605546,0.0,2.42861286636753e-17,0.0,0.01133462276762473,0.0,2.332610888627732,0.27,0.06
8389,0.0303030509234865,0.02301259050241313,0.0,0.0,0.0,0.007290460421073369,0.0,2.3306923464116602,0.27,0.06
8390,0.0303030509234865,0.08333529200318157,0.0,-1.3808398868775384e-15,0.05303224107969645,0.0,0.0,2.3432875036680882,0.27,0.06
8391,0.04685011162512725,0.19405799535238208,0.0,0.0,0.14720788372725482,0.0,0.0,2.378249376053311,0.27,0.06
8392,0.04685011162512725,0.24640268237561289,0.0,0.0,0.19955257075048563,0.0,0.0,2.4256431116065515,0.27,0.06
8393,0.02811006697507625,0.16932437180666787,0.0,0.0,0.1412143048315916,0.0,0.0,2.4591815090040545,0.27,0.06
8394,0.02811006697507625,0.2729164543572372,0.0,0.0,0.24480638738216096,0.0,0.0,2.517323026007318,0.27,0.06
8395,0.02511963431815325,0.24997806595473357,0.0,0.0,0.2248584316365803,0.0,0.0,2.5707269035210056,0.27,0.06
8396,0.02511963431815325,0.16124415851637416,0.0,0.0,0.1361245241982209,0.0,0.0,2.603056478018083,0.27,0.06
8397,0.03149922398625575,0.21102337106067512,0.0,0.0,0.17952414707441938,0.0,0.0,2.6456934629482576,0.27,0.06
8398,0.03149922398625575,0.3189012814870748,0.0,5.551115123125783e-16,0.2874020575008185,0.0,0.0,2.7139514516047023,0.27,0.06
8399,0.019138769004307325,0.2604197088327278,0.0,-5.551115123125783e-16,0.24128093982842103,0.0,0.0,2.7712556748139523,0.27,0.06
8400,0.019138769004307325,0.2082308042217499,0.0,0.0,0.18909203521744256,0.0,0.0,2.8161650331780947,0.27,0.06
8401,0.03349284575753775,0.3882411835346229,0.0,0.0,0.35474833777708514,0.0,0.0,2.9004177634001524,0.27,0.06
8402,0.03349284575753775,0.28541103363898657,0.0,-1.1102230246251565e-16,0.25191818788144893,0.0,0.0,2.9602483330219966,0.27,0.06
8403,0.03349284575753775,0.3195309203316847,0.0,5.551115123125783e-17,0.28603807457414687,0.0,0.0,3.0281823757333566,0.27,0.06
8404,0.03349284575753775,0.3461628515554173,0.0,0.0,0.31267000579787957,0.0,0.0,3.1024415021103526,0.27,0.06
8405,0.2982458369200075,1.1264434308548794,0.0,0.0,0.8281975939348719,0.0,0.0,3.2991384306698848,0.27,0.06
8406,0.2982458369200075,1.2283114799101855,0.0,0.0,0.930065642990178,0.0,0.0,3.520029020880052,0.27,0.06
8407,0.3000400765779425,1.0707798639645867,0.0,0.0,0.7707397873866442,0.0,0.0,3.7030797203843804,0.27,0.06
8408,0.3000400765779425,0.8988624467109383,0.0,-6.661338147750939e-16,0.5988223701329964,0.0,0.0,3.845300033290967,0.27,0.06
8409,0.08751999575928025,0.3267773834009748,0.0,-4.996003610813204e-16,0.23925738764169502,0.0,0.0,3.9021236628558693,0.27,0.06
8410,0.08751999575928025,0.16505133896651186,0.0,0.0,0.07753134320723161,0.0,0.0,3.920537356867587,0.27,0.06
8411,0.072368470297537,0.10373051852345681,0.0,0.0,0.031362048225919814,0.0,0.0,3.9279858433212427,0.27,0.06
8412,0.072368470297537,0.1682912502866229,0.0,0.0,0.0959227799890859,0.0,0.0,3.9507675035686507,0.27,0.06
8413,0.04186605719692225,0.10870514296653454,0.0,0.0,0.06683908576961228,0.0,0.0,3.9666417864389336,0.27,0.06
8414,0.04186605719692225,0.056836062750688136,0.0,0.0,0.014970005553765889,0.0,0.0,3.970197162757953,0.27,0.06
8415,0.028708153506461,0.059131110961166314,0.0,0.0,0.030422957454705316,0.0,0.0,3.9774226151534458,0.27,0.06
8416,0.028708153506461,0.04452110895993301,0.0,0.0,0.015812955453472013,0.0,0.0,3.9811781920736453,0.27,0.06
8417,0.08652318487363925,0.11723138349009293,0.0,0.0,0.030708198616453686,0.0,0.0,3.9884713892450527,0.27,0.06
8418,0.08652318487363925,0.10922544563081302,0.0,0.0,0.02270226075717377,0.0,0.0,3.9938631761748815,0.27,0.06
8419,0.02252792601548675,0.03665690711469966,0.0,0.014128981099212911,0.0,0.0,0.0,3.9938631761748815,0.27,0.06
8420,0.02252792601548675,0.06501364976285139,0.0,1.3877787807814457e-17,0.04248572374736462,0.0,0.0,4.0039535355648805,0.27,0.06
8421,0.08333339003958826,0.16984134988462576,0.0,0.0,0.08650795984503751,0.0,0.0,4.024499176028077,0.27,0.06
8422,0.08333339003958826,0.1718644942006638,0.0,0.0,0.08853110416107554,0.0,0.0,4.0455253132663325,0.27,0.06
8423,0.0817384926225625,0.07665308692863354,0.0,0.0,0.0,0.005085405693928957,0.0,4.044187048610035,0.27,0.06
8424,0.0817384926225625,0.034113730825552316,0.0,0.0,0.0,0.04762476179701018,0.0,4.031654216558191,0.27,0.06
8425,0.02890751568358925,0.007959698018601954,0.0,0.0,0.0,0.020947817664987295,0.0,4.026141632962141,0.27,0.06
8426,0.02890751568358925,0.00569190503317299,0.0,0.0,0.0,0.02321561065041626,0.0,4.020032261738348,0.27,0.06
8427,0.0342902944660505,0.004528794678279191,0.0,0.0,0.0,0.02976149978777131,0.0,4.0122002881099865,0.27,0.06
8428,0.0342902944660505,0.0013858997495089771,0.0,0.0,0.0,0.032904394716541524,0.0,4.0035412368687915,0.27,0.06
8429,0.11423452749445925,0.0,0.0,0.0,0.0,0.11423452749445925,0.0,3.9734795191070917,0.27,0.06
8430,0.11423452749445925,0.0,0.0,1.3877787807814457e-17,0.0,0.11423452749445927,0.0,3.943417801345392,0.27,0.06
8431,0.0550239608873835,0.0,0.0,0.0,0.0,0.0550239608873835,0.0,3.928937811638186,0.27,0.06
8432,0.0550239608873835,0.0,0.0,0.0,0.0,0.0550239608873835,0.0,3.9144578219309794,0.27,0.06
8433,0.046451387270871,0.0,0.0,0.0,0.0,0.046451387270871,0.0,3.902233772649171,0.27,0.06
8434,0.046451387270871,0.0,0.0,0.0,0.0,0.046451387270871,0.0,3.890009723367363,0.27,0.06
8435,0.0450558520309735,0.0,0.0,0.0,0.0,0.0450558520309735,0.0,3.8781529202013174,0.27,0.06
8436,0.0450558520309735,0.0,0.0,0.0,0.0,0.0450558520309735,0.0,3.866296117035272,0.27,0.06
8437,0.045653938562358,0.0,0.0,0.0,0.0,0.045653938562358,0.0,3.8542819226767566,0.27,0.06
8438,0.045653938562358,0.0,0.0,0.0,0.0,0.045653938562358,0.0,3.8422677283182414,0.27,0.06
8439,0.04186605719692225,0.0,0.0,-5.551115123125783e-17,0.0,0.04186605719692219,0.0,3.831250344845367,0.27,0.06
8440,0.04186605719692225,0.0,0.0,0.0,0.0,0.04186605719692225,0.0,3.820232961372493,0.27,0.06
8441,0.06160291273261425,0.0,0.0,0.0,0.0,0.06160291273261425,0.0,3.804021668548121,0.27,0.06
8442,0.06160291273261425,0.0,0.0,0.0,0.0,0.06160291273261425,0.0,3.7878103757237485,0.27,0.06
8443,0.07296655682892175,0.0,0.0,0.0,0.0,0.07296655682892175,0.0,3.768608650242453,0.27,0.06
8444,0.07296655682892175,0.0,0.0,0.0,0.0,0.07296655682892175,0.0,3.749406924761158,0.27,0.06
8445,0.0657895184523065,0.0,0.0,0.0,0.0,0.0657895184523065,0.0,3.7320938935894983,0.27,0.06
8446,0.0657895184523065,0.0,0.0,0.0,0.0,0.0657895184523065,0.0,3.7147808624178387,0.27,0.06
8447,0.1313796747274845,0.0,0.0,0.0,0.0,0.1313796747274845,0.0,3.6802072638053427,0.27,0.06
8448,0.1313796747274845,0.0,0.0,0.0,0.0,0.1313796747274845,0.0,3.6456336651928467,0.27,0.06
8449,0.18441001384358624,0.0,0.0,0.0,0.0,0.18441001384358624,0.0,3.597104714181377,0.27,0.06
8450,0.18441001384358624,0.0,0.0,0.0,0.0,0.18441001384358624,0.0,3.548575763169907,0.27,0.06
8451,0.048445009042153,0.0,0.0,0.0,0.0,0.048445009042153,0.0,3.5358270765798667,0.27,0.06
8452,0.048445009042153,0.0,0.0,0.0,0.0,0.048445009042153,0.0,3.523078389989827,0.27,0.06
8453,0.04086924631128125,0.0,0.0,0.0,0.0,0.04086924631128125,0.0,3.5123233251710686,0.27,0.06
8454,0.04086924631128125,0.0,0.0,0.0,0.0,0.04086924631128125,0.0,3.50156826035231,0.27,0.06
8455,0.03389157011179425,0.0,0.0,0.0,0.0,0.03389157011179425,0.0,3.4926494261123646,0.27,0.06
8456,0.03389157011179425,0.0,0.0,0.0,0.0,0.03389157011179425,0.0,3.4837305918724186,0.27,0.06
8457,0.02352473690112775,0.0,0.0,0.0,0.0,0.02352473690112775,0.0,3.4775398716352797,0.27,0.06
8458,0.02352473690112775,0.0,0.0,1.0408340855860843e-17,0.0,0.02352473690112776,0.0,3.4713491513981407,0.27,0.06
8459,0.0137559902218459,0.0,0.0,0.0,0.0,0.0137559902218459,0.0,3.467729153971339,0.27,0.06
8460,0.0137559902218459,0.0,0.0,2.6020852139652106e-17,0.0,0.013755990221845926,0.0,3.4641091565445374,0.27,0.06
8461,0.020534304244204726,0.0,0.0,0.0,0.0,0.020534304244204726,0.0,3.4587053922697466,0.27,0.06
8462,0.020534304244204726,0.0,0.0,0.0,0.0,0.020534304244204726,0.0,3.453301627994956,0.27,0.06
8463,0.012958541513333074,0.0,0.0,0.0,0.0,0.012958541513333074,0.0,3.4498914854914475,0.27,0.06
8464,0.012958541513333074,0.0,0.0,0.0,0.0,0.012958541513333074,0.0,3.446481342987939,0.27,0.06
8465,0.03050241310061475,0.0,0.0,0.0,0.0,0.03050241310061475,0.0,3.4384543921719875,0.27,0.06
8466,0.03050241310061475,0.0,0.0,0.0,0.0,0.03050241310061475,0.0,3.430427441356036,0.27,0.06
8467,0.0311004996319995,0.0,0.0,3.469446951953614e-18,0.0,0.031100499631999505,0.0,3.4222430993476154,0.27,0.06
8468,0.0311004996319995,0.0,0.0,0.0,0.0,0.0311004996319995,0.0,3.4140587573391943,0.27,0.06
8469,0.02352473690112775,0.0,0.0,0.0,0.0,0.02352473690112775,0.0,3.4078680371020553,0.27,0.06
8470,0.02352473690112775,0.0,0.0,0.0,0.0,0.02352473690112775,0.0,3.4016773168649164,0.27,0.06
8471,0.02472090996389695,0.0,0.0,0.0,0.0,0.02472090996389695,0.0,3.3951718142428384,0.27,0.06
8472,0.02472090996389695,0.0,0.0,0.0,0.0,0.02472090996389695,0.0,3.3886663116207605,0.27,0.06
8473,0.012958541513333074,0.0,0.0,0.0,0.0,0.012958541513333074,0.0,3.385256169117252,0.27,0.06
8474,0.012958541513333074,0.0005405808526591798,0.0,0.0,0.0,0.012417960660673895,0.0,3.3819882847328637,0.27,0.06
8475,0.0175438715872817,0.002016930814279055,0.0,0.0,0.0,0.015526940773002647,0.0,3.3779022476873366,0.27,0.06
8476,0.0175438715872817,0.004097338200184054,0.0,0.0,0.0,0.013446533387097647,0.0,3.3743636862696795,0.27,0.06
8477,0.02791070479794825,0.008182995609924939,0.0,0.0,0.0,0.01972770918802331,0.0,3.3691721838517785,0.27,0.06
8478,0.02791070479794825,0.010146259678588676,0.0,0.0,0.0,0.017764445119359575,0.0,3.3644973298729997,0.27,0.06
8479,0.03249603487189675,0.011932714006215395,0.0,0.0,0.0,0.020563320865681356,0.0,3.3590859296451887,0.27,0.06
8480,0.03249603487189675,0.011833595178178983,0.0,0.0,0.0,0.02066243969371777,0.0,3.353648445515263,0.27,0.06
8481,0.03767945147723,0.010921391674039427,0.0,0.0,0.0,0.026758059803190574,0.0,3.346606850830213,0.27,0.06
8482,0.03767945147723,0.01412849701543707,0.0,0.0,0.0,0.02355095446179293,0.0,3.340409231235004,0.27,0.06
8483,0.02452154778676875,0.011715363952169657,0.0,0.0,0.0,0.012806183834599092,0.0,3.3370391828574784,0.27,0.06
8484,0.02452154778676875,0.01803206059197678,0.0,0.0,0.0,0.006489487194791969,0.0,3.335331423069375,0.27,0.06
8485,0.02492027214102515,0.033458474694068936,0.0,-1.2073675392798577e-15,0.008538202553044993,0.0,0.0,3.337359246175723,0.27,0.06
8486,0.02492027214102515,0.0996218211294895,0.0,0.0,0.07470154898846434,0.0,0.0,3.3551008640604834,0.27,0.06
8487,0.02312601254687135,0.10940639710350245,0.0,0.0,0.08628038455663109,0.0,0.0,3.3755924553926833,0.27,0.06
8488,0.02312601254687135,0.11436833231283346,0.0,0.0,0.0912423197659621,0.0,0.0,3.3972625063370994,0.27,0.06
8489,0.0149521632846151,0.039321290468102475,0.0,0.0,0.024369127183487375,0.0,0.0,3.4030501740431776,0.27,0.06
8490,0.0149521632846151,0.056021476595033086,0.0,1.3183898417423734e-16,0.041069313310417854,0.0,0.0,3.412804135954402,0.27,0.06
8491,0.0322966726947685,0.2174177537416066,0.0,0.0,0.1851210810468381,0.0,0.0,3.4567703927030258,0.27,0.06
8492,0.0322966726947685,0.31442799911075675,0.0,1.1102230246251565e-16,0.28213132641598815,0.0,0.0,3.523776582726823,0.27,0.06
8493,0.02591708302666625,0.36309735318997116,0.0,0.0,0.33718027016330493,0.0,0.0,3.603856896890608,0.27,0.06
8494,0.02591708302666625,0.40441482785648425,0.0,0.0,0.378497744829818,0.0,0.0,3.69375011128769,0.27,0.06
8495,0.0253189964952815,0.21435638256511677,0.0,0.0,0.18903738606983528,0.0,0.0,3.7386464904792756,0.27,0.06
8496,0.0253189964952815,0.10396544042227257,0.0,0.0,0.07864644392699108,0.0,0.0,3.757325020911936,0.27,0.06
8497,0.02232856383835855,0.08682123721347358,0.0,-1.8041124150158794e-16,0.06449267337511522,0.0,0.0,3.772642030838526,0.27,0.06
8498,0.02232856383835855,0.1848579836779152,0.0,0.0,0.16252941983955665,0.0,0.0,3.8112427680504206,0.27,0.06
8499,0.012958541513333074,0.0924019311296641,0.0,0.0,0.07944338961633103,0.0,0.0,3.830110573084299,0.27,0.06
8500,0.012958541513333074,0.07605534887241247,0.0,4.3021142204224816e-16,0.06309680735907897,0.0,0.0,3.8450960648320804,0.27,0.06
8501,0.292065589492815,1.0566231940334991,0.0,0.0,0.7645576045406841,0.0,0.0,4.026678495910493,0.27,0.06
8502,0.292065589492815,0.9111256218442471,0.0,-7.771561172376096e-16,0.6190600323514328,0.0,0.0,4.173705253593958,0.27,0.06
8503,0.297249026034365,0.8531738693374408,0.0,0.0,0.5559248433030758,0.0,0.0,4.305737403878439,0.27,0.06
8504,0.297249026034365,0.6597519174904921,0.0,-5.551115123125783e-16,0.3625028914561277,0.0,0.0,4.391831840599269,0.27,0.06
8505,0.23664290425117476,0.5037350109457752,0.0,0.0,0.2670921066946005,0.0,0.0,4.455266215939237,0.27,0.06
8506,0.23664290425117476,0.34206744801225386,0.0,0.0,0.1054245437610791,0.0,0.0,4.480304545082493,0.27,0.06
8507,0.02850879132933275,0.06281412955978168,0.0,0.0,0.03430533823044893,0.0,0.0,4.488452062912224,0.27,0.06
8508,0.02850879132933275,0.03937142260576328,0.0,0.010862631276430532,0.0,0.0,0.0,4.488452062912224,0.27,0.06
8509,0.10865238653486975,0.14235915704314978,0.0,0.0,0.033706770508280026,0.0,0.0,4.496457420907941,0.27,0.06
8510,0.10865238653486975,0.1714639079172339,0.0,-6.38378239159465e-16,0.06281152138236479,0.0,0.0,4.511375157236253,0.27,0.06
8511,0.018341320295794526,0.04988137594396433,0.0,0.0,0.03154005564816981,0.0,0.0,4.518865920452693,0.27,0.06
8512,0.018341320295794526,0.09813713542904344,0.0,0.0,0.07979581513324892,0.0,0.0,4.537817426546839,0.27,0.06
8513,0.08732063358215225,0.12632776073404217,0.0,-6.661338147750939e-16,0.039007127151890586,0.0,0.0,4.5470816192454135,0.27,0.06
8514,0.08732063358215225,0.14940592829412547,0.0,-4.440892098500626e-16,0.06208529471197366,0.0,0.0,4.561826876739507,0.27,0.06
8515,0.018939406827179126,0.05899625796549197,0.0,-6.38378239159465e-16,0.040056851138313476,0.0,0.0,4.571340378884856,0.27,0.06
8516,0.018939406827179126,0.064457315460127,0.0,6.938893903907228e-17,0.0455179086329478,0.0,0.0,4.582150882185181,0.27,0.06
8517,0.02950560221497375,0.0871093004900432,0.0,-6.106226635438361e-16,0.05760369827507006,0.0,0.0,4.595831760525511,0.27,0.06
8518,0.02950560221497375,0.04756790786141024,0.0,0.0,0.018062305646436492,0.0,0.0,4.600121558116539,0.27,0.06
8519,0.0857257361651265,0.08627787638379913,0.0,0.0005521402186726282,0.0,0.0,0.0,4.600121558116539,0.27,0.06
8520,0.0857257361651265,0.05629078623000816,0.0,0.0,0.0,0.029434949935118346,0.0,4.592375518659929,0.27,0.06
8521,0.02691389391230725,0.0287178576626314,0.0,0.0,0.0018039637503241522,0.0,0.0,4.592803960050631,0.27,0.06
8522,0.02691389391230725,0.017650890779752744,0.0,0.0,0.0,0.009263003132554504,0.0,4.590366327647327,0.27,0.06
8523,0.019537493358563723,0.007434312641924176,0.0,0.0,0.0,0.012103180716639548,0.0,4.587181280090317,0.27,0.06
8524,0.019537493358563723,0.0024968382977846116,0.0,0.0,0.0,0.017040655060779113,0.0,4.582696897179586,0.27,0.06
8525,0.0757576273087165,0.0,0.0,0.0,0.0,0.0757576273087165,0.0,4.5627606794667654,0.27,0.06
8526,0.0757576273087165,0.0,0.0,0.0,0.0,0.0757576273087165,0.0,4.542824461753946,0.27,0.06
8527,0.03548646752881975,0.0,0.0,0.0,0.0,0.03548646752881975,0.0,4.533485917667415,0.27,0.06
8528,0.03548646752881975,0.0,0.0,0.0,0.0,0.03548646752881975,0.0,4.524147373580883,0.27,0.06
8529,0.04246414372830675,0.0,0.0,0.0,0.0,0.04246414372830675,0.0,4.512972598915539,0.27,0.06
8530,0.04246414372830675,0.0,0.0,0.0,0.0,0.04246414372830675,0.0,4.501797824250195,0.27,0.06
8531,0.031698586163384,0.0,0.0,0.0,0.0,0.031698586163384,0.0,4.493456091049304,0.27,0.06
8532,0.031698586163384,0.0,0.0,0.0,0.0,0.031698586163384,0.0,4.485114357848414,0.27,0.06
8533,0.03389157011179425,0.0,0.0,0.0,0.0,0.03389157011179425,0.0,4.476195523608468,0.27,0.06
8534,0.03389157011179425,0.0,0.0,1.3877787807814457e-17,0.0,0.033891570111794264,0.0,4.467276689368522,0.27,0.06
8535,0.028708153506461,0.0,0.0,0.0,0.0,0.028708153506461,0.0,4.45972191212998,0.27,0.06
8536,0.028708153506461,0.0,0.0,0.0,0.0,0.028708153506461,0.0,4.452167134891437,0.27,0.06
8537,0.02392346125538415,0.0,0.0,0.0,0.0,0.02392346125538415,0.0,4.445871487192652,0.27,0.06
8538,0.02392346125538415,0.0,0.0,0.0,0.0,0.02392346125538415,0.0,4.439575839493867,0.27,0.06
8539,0.02990432656923025,0.0,0.0,0.0,0.0,0.02990432656923025,0.0,4.431706279870385,0.27,0.06
8540,0.02990432656923025,0.0,0.0,0.0,0.0,0.02990432656923025,0.0,4.4238367202469036,0.27,0.06
8541,0.0253189964952815,0.0,0.0,0.0,0.0,0.0253189964952815,0.0,4.4171738264323555,0.27,0.06
8542,0.0253189964952815,0.0,0.0,0.0,0.0,0.0253189964952815,0.0,4.410510932617807,0.27,0.06
8543,0.074362092068819,0.0,0.0,0.0,0.0,0.074362092068819,0.0,4.39094196102075,0.27,0.06
8544,0.074362092068819,0.0,0.0,0.0,0.0,0.074362092068819,0.0,4.3713729894236915,0.27,0.06
8545,0.131778399081741,0.0,0.0,0.0,0.0,0.131778399081741,0.0,4.3366944633495494,0.27,0.06
8546,0.131778399081741,0.0,0.0,0.0,0.0,0.131778399081741,0.0,4.302015937275407,0.27,0.06
8547,0.1154307005572285,0.0,0.0,1.3877787807814457e-17,0.0,0.11543070055722851,0.0,4.271639437128768,0.27,0.06
8548,0.1154307005572285,0.0,0.0,0.0,0.0,0.1154307005572285,0.0,4.241262936982129,0.27,0.06
8549,0.09728874243856225,0.0,0.0,0.0,0.0,0.09728874243856225,0.0,4.215660636340402,0.27,0.06
8550,0.09728874243856225,0.0,0.0,0.0,0.0,0.09728874243856225,0.0,4.190058335698676,0.27,0.06
8551,0.052432252584717,0.0,0.0,6.938893903907228e-18,0.0,0.05243225258471701,0.0,4.176260374492172,0.27,0.06
8552,0.052432252584717,0.0,0.0,0.0,0.0,0.052432252584717,0.0,4.162462413285667,0.27,0.06
8553,0.049641182104922,0.0,0.0,0.0,0.0,0.049641182104922,0.0,4.149398944310687,0.27,0.06
8554,0.049641182104922,0.0,0.0,0.0,0.0,0.049641182104922,0.0,4.1363354753357084,0.27,0.06
8555,0.03767945147723,0.0,0.0,0.0,0.0,0.03767945147723,0.0,4.126419830210121,0.27,0.06
8556,0.03767945147723,0.0,0.0,0.0,0.0,0.03767945147723,0.0,4.116504185084534,0.27,0.06
8557,0.02292665036974315,0.0,0.0,0.0,0.0,0.02292665036974315,0.0,4.110470856039865,0.27,0.06
8558,0.02292665036974315,0.0,0.0,0.0,0.0,0.02292665036974315,0.0,4.104437526995196,0.27,0.06
8559,0.02691389391230725,0.0,0.0,0.0,0.0,0.02691389391230725,0.0,4.097354923334062,0.27,0.06
8560,0.02691389391230725,0.0,0.0,3.469446951953614e-18,0.0,0.026913893912307252,0.0,4.090272319672929,0.27,0.06
8561,0.02751198044369175,0.0,0.0,0.0,0.0,0.02751198044369175,0.0,4.083032324819325,0.27,0.06
8562,0.02751198044369175,0.0,0.0,0.0,0.0,0.02751198044369175,0.0,4.075792329965722,0.27,0.06
8563,0.02372409907825595,0.0,0.0,0.0,0.0,0.02372409907825595,0.0,4.06954914599776,0.27,0.06
8564,0.02372409907825595,0.0,0.0,0.0,0.0,0.02372409907825595,0.0,4.063305962029798,0.27,0.06
8565,0.0311004996319995,0.0,0.0,0.0,0.0,0.0311004996319995,0.0,4.055121620021377,0.27,0.06
8566,0.0311004996319995,0.0,0.0,0.0,0.0,0.0311004996319995,0.0,4.046937278012956,0.27,0.06
8567,0.021331752952717525,0.0,0.0,0.0,0.0,0.021331752952717525,0.0,4.041323658814873,0.27,0.06
8568,0.021331752952717525,0.0,0.0,0.0,0.0,0.021331752952717525,0.0,4.03571003961679,0.27,0.06
8569,0.020135579889948324,0.0,0.0,0.0,0.0,0.020135579889948324,0.0,4.030411202803645,0.27,0.06
8570,0.020135579889948324,0.0,0.0,0.0,0.0,0.020135579889948324,0.0,4.025112365990501,0.27,0.06
8571,0.0169457850558971,0.0,0.0,0.0,0.0,0.0169457850558971,0.0,4.020652948870528,0.27,0.06
8572,0.0169457850558971,0.0,0.0,0.0,0.0,0.0169457850558971,0.0,4.016193531750555,0.27,0.06
8573,0.013556628044717675,0.0,0.0,0.0,0.0,0.013556628044717675,0.0,4.012625998054577,0.27,0.06
8574,0.013556628044717675,2.3409031509558816e-05,0.0,0.0,0.0,0.013533219013208116,0.0,4.0090646246300485,0.27,0.06
8575,0.02292665036974315,0.0022993829196597086,0.0,0.0,0.0,0.02062726745008344,0.0,4.003636396353711,0.27,0.06
8576,0.02292665036974315,0.00577235713277949,0.0,0.0,0.0,0.017154293236963658,0.0,3.999122108659773,0.27,0.06
8577,0.0169457850558971,0.003591575030664472,0.0,0.0,0.0,0.013354210025232629,0.0,3.995607842863659,0.27,0.06
8578,0.0169457850558971,0.0037071358329435317,0.0,-1.734723475976807e-18,0.0,0.013238649222953567,0.0,3.992123987804987,0.27,0.06
8579,0.026714531735179,0.004747780571142689,0.0,0.0,0.0,0.021966751164036312,0.0,3.986343263814451,0.27,0.06
8580,0.026714531735179,0.00876266189803154,0.0,0.0,0.0,0.01795186983714746,0.0,3.9816190875415174,0.27,0.06
8581,0.02751198044369175,0.011288004744899565,0.0,0.0,0.0,0.016223975698792185,0.0,3.9773496202523617,0.27,0.06
8582,0.02751198044369175,0.008653609864969549,0.0,0.0,0.0,0.0188583705787222,0.0,3.972386891152698,0.27,0.06
8583,0.02192983948410215,0.008740850875292675,0.0,0.0,0.0,0.013188988608809476,0.0,3.9689161046766954,0.27,0.06
8584,0.02192983948410215,0.01152416775224971,0.0,0.0,0.0,0.01040567173185244,0.0,3.9661777700104186,0.27,0.06
8585,0.02372409907825595,0.014906024377520685,0.0,0.0,0.0,0.008818074700735264,0.0,3.963857224036541,0.27,0.06
8586,0.02372409907825595,0.03757701058638232,0.0,-8.049116928532385e-16,0.013852911508127175,0.0,0.0,3.967147290519721,0.27,0.06
8587,0.0500399064591785,0.09611042284810269,0.0,-6.036837696399289e-16,0.04607051638892479,0.0,0.0,3.9780890381620906,0.27,0.06
8588,0.0500399064591785,0.13798331359725957,0.0,0.0,0.08794340713808108,0.0,0.0,3.9989755973573837,0.27,0.06
8589,0.13297457214451025,0.4197298305000296,0.0,-1.6653345369377348e-16,0.2867552583555195,0.0,0.0,4.0670799712168195,0.27,0.06
8590,0.13297457214451025,0.5825537801295262,0.0,1.1102230246251565e-16,0.4495792079850158,0.0,0.0,4.173855033113261,0.27,0.06
8591,0.02890751568358925,0.20765532312607857,0.0,0.0,0.1787478074424893,0.0,0.0,4.216307637380853,0.27,0.06
8592,0.02890751568358925,0.21724023591352873,0.0,0.0,0.18833272022993947,0.0,0.0,4.261036658435463,0.27,0.06
8593,0.0301036887463585,0.23981138087134687,0.0,0.0,0.20970769212498838,0.0,0.0,4.310842235315149,0.27,0.06
8594,0.0301036887463585,0.14759549241720918,0.0,0.0,0.11749180367085069,0.0,0.0,4.3387465386869755,0.27,0.06
8595,0.0303030509234865,0.16472838254136402,0.0,0.0,0.1344253316178775,0.0,0.0,4.370672554946221,0.27,0.06
8596,0.0303030509234865,0.16319713041005277,0.0,0.0,0.13289407948656626,0.0,0.0,4.402234898824281,0.27,0.06
8597,0.297249026034365,0.7615150561003199,0.0,0.0,0.4642660300659549,0.0,0.0,4.512498080964945,0.27,0.06
8598,0.297249026034365,0.8124472434728774,0.0,1.1102230246251565e-16,0.5151982174385124,0.0,0.0,4.634857657606592,0.27,0.06
8599,0.2950560221497375,0.9479600012226116,0.0,-4.440892098500626e-16,0.6529039790728746,0.0,0.0,4.789922352636399,0.27,0.06
8600,0.2950560221497375,1.0336147897613424,0.0,0.0,0.7385587676116049,0.0,0.0,4.965330059944155,0.27,0.06
8601,0.1698565749132275,0.7647306909114119,0.0,1.1102230246251565e-16,0.5948741159981843,0.0,0.0,5.106612662493724,0.27,0.06
8602,0.1698565749132275,0.6400422772691172,0.0,0.0,0.47018570235588975,0.0,0.0,5.218281766803248,0.27,0.06
8603,0.02591708302666625,0.07019460873764116,0.0,4.163336342344337e-17,0.044277525710974874,0.0,0.0,5.228797679159604,0.27,0.06
8604,0.02591708302666625,0.09751266867930267,0.0,0.0,0.07159558565263642,0.0,0.0,5.245801630752106,0.27,0.06
8605,0.0797448708512805,0.25349619407042057,0.0,0.0,0.17375132321914005,0.0,0.0,5.287067570016651,0.27,0.06
8606,0.0797448708512805,0.09720577501750988,0.0,0.0,0.017460904166229377,0.0,0.0,5.291214534756131,0.27,0.06
8607,0.029704964392102,0.02282403590498541,0.0,0.0,0.0,0.0068809284871165916,0.0,5.2894037641016265,0.27,0.06
8608,0.029704964392102,0.025788048859673167,0.0,0.0,0.0,0.003916915532428834,0.0,5.288372996856251,0.27,0.06
8609,0.078349335611383,0.08072510744973245,0.0,0.0,0.002375771838349444,0.0,0.0,5.288937242667859,0.27,0.06
8610,0.078349335611383,0.12061314189705205,0.0,0.0,0.042263806285669045,0.0,0.0,5.298974896660705,0.27,0.06
8611,0.02591708302666625,0.041447790304093755,0.0,0.0,0.015530707277427506,0.0,0.0,5.302663439639094,0.27,0.06
8612,0.02591708302666625,0.03577646465056744,0.0,0.009859381623901192,0.0,0.0,0.0,5.302663439639094,0.27,0.06
8613,0.072368470297537,0.07939164438339857,0.0,0.007023174085861575,0.0,0.0,0.0,5.302663439639094,0.27,0.06
8614,0.072368470297537,0.06915683041551125,0.0,0.0,0.0,0.0032116398820257464,0.0,5.301818271249087,0.27,0.06
8615,0.0137559902218459,0.013428222174859315,0.0,0.0,0.0,0.0003277680469865856,0.0,5.30173201649988,0.27,0.06
8616,0.0137559902218459,0.010181778726767766,0.0,0.0,0.0,0.0035742114950781338,0.0,5.300791434527491,0.27,0.06
8617,0.030701775277743,0.02904824126452509,0.0,-1.3877787807814457e-17,0.0,0.0016535340132178972,0.0,5.300356293997696,0.27,0.06
8618,0.030701775277743,0.020305668709634954,0.0,0.0,0.0,0.010396106568108045,0.0,5.297620476479773,0.27,0.06
8619,0.1559012225142535,0.049969113617582314,0.0,0.0,0.0,0.10593210889667119,0.0,5.269743605717491,0.27,0.06
8620,0.1559012225142535,0.045608112841610204,0.0,0.0,0.0,0.1102931096726433,0.0,5.240719103172059,0.27,0.06
8621,0.153508876388715,0.030014132031775644,0.0,0.0,0.0,0.12349474435693936,0.0,5.208220486236022,0.27,0.06
8622,0.153508876388715,0.014177695023840992,0.0,0.0,0.0,0.139331181364874,0.0,5.171554385876846,0.27,0.06
8623,0.06419462103528074,0.004104167244593841,0.0,0.0,0.0,0.0600904537906869,0.0,5.1557411085635065,0.27,0.06
8624,0.06419462103528074,0.0006881778836951353,0.0,0.0,0.0,0.06350644315158561,0.0,5.13902888668151,0.27,0.06
8625,0.06818186457784475,0.0,0.0,0.0,0.0,0.06818186457784475,0.0,5.121086290739973,0.27,0.06
8626,0.06818186457784475,0.0,0.0,0.0,0.0,0.06818186457784475,0.0,5.103143694798434,0.27,0.06
8627,0.03947371107138375,0.0,0.0,0.0,0.0,0.03947371107138375,0.0,5.092755876095438,0.27,0.06
8628,0.03947371107138375,0.0,0.0,0.0,0.0,0.03947371107138375,0.0,5.082368057392443,0.27,0.06
8629,0.020135579889948324,0.0,0.0,0.0,0.0,0.020135579889948324,0.0,5.077069220579297,0.27,0.06
8630,0.020135579889948324,0.0,0.0,0.0,0.0,0.020135579889948324,0.0,5.071770383766153,0.27,0.06
8631,0.0153508876388715,0.0,0.0,0.0,0.0,0.0153508876388715,0.0,5.067730676492766,0.27,0.06
8632,0.0153508876388715,0.0,0.0,0.0,0.0,0.0153508876388715,0.0,5.063690969219379,0.27,0.06
8633,0.021730477306973923,0.0,0.0,0.0,0.0,0.021730477306973923,0.0,5.057972422559649,0.27,0.06
8634,0.021730477306973923,0.0,0.0,0.0,0.0,0.021730477306973923,0.0,5.052253875899919,0.27,0.06
8635,0.0179425959415381,0.0,0.0,0.0,0.0,0.0179425959415381,0.0,5.04753214012583,0.27,0.06
8636,0.0179425959415381,0.0,0.0,3.469446951953614e-18,0.0,0.017942595941538103,0.0,5.042810404351742,0.27,0.06
8637,0.0253189964952815,0.0,0.0,0.0,0.0,0.0253189964952815,0.0,5.036147510537193,0.27,0.06
8638,0.0253189964952815,0.0,0.0,0.0,0.0,0.0253189964952815,0.0,5.029484616722645,0.27,0.06
8639,0.0560207717730245,0.0,0.0,0.0,0.0,0.0560207717730245,0.0,5.014742308361322,0.27,0.06
8640,0.0560207717730245,0.0,0.0,0.0,0.0,0.0560207717730245,0.0,5.0,0.27,0.06
