MIP has 10753 rows; 9409 cols; 25537 nonzeros; 1344 integer variables (1344 binary)
Coefficient ranges:
  Matrix  [2e-01, 1e+00]
  Cost    [1e-02, 6e-02]
  Bound   [1e+00, 1e+00]
  RHS     [2e-04, 2e+00]
Presolving model
8064 rows, 8598 cols, 22037 nonzeros 0s
6365 rows, 7233 cols, 17637 nonzeros 0s
4507 rows, 5617 cols, 12827 nonzeros 0s
2754 rows, 3862 cols, 8175 nonzeros 0s
2498 rows, 3606 cols, 7663 nonzeros 0s
Presolve reductions: rows 2498(-8255); columns 3606(-5803); nonzeros 7663(-17874) 

Solving MIP model with:
   2498 rows
   3606 cols (390 binary, 0 integer, 0 implied int., 3216 continuous, 0 domain fixed)
   7663 nonzeros

Src: B => Branching; C => Central rounding; F => Feasibility pump; H => Heuristic;
     I => Shifting; J => Feasibility jump; L => Sub-MIP; P => Empty MIP; R => Randomized rounding;
     S => Solve LP; T => Evaluate node; U => Unbounded; X => User solution; Y => HiGHS solution;
     Z => ZI Round; l => Trivial lower; p => Trivial point; u => Trivial upper; z => Trivial zero

        Nodes      |    B&B Tree     |            Objective Bounds              |  Dynamic Constraints |       Work      
Src  Proc. InQueue |  Leaves   Expl. | BestBound       BestSol              Gap |   Cuts   InLp Confl. | LpIters     Time

 J       0       0         0   0.00%   -inf            2.558418153        Large        0      0      0         0     0.4s
 T       0       0         0   0.00%   -0.9533719471   0.4731359885     301.50%        0      0      0       959     0.4s
         1       0         1 100.00%   0.4731359885    0.4731359885       0.00%        0      0      0       959     0.4s

Solving report
  Status            Optimal
  Primal bound      0.473135988497
  Dual bound        0.473135988497
  Gap               0% (tolerance: 0.5%)
  P-D integral      0.0360110224133
  Solution status   feasible
                    0.473135988497 (objective)
                    0 (bound viol.)
                    0 (int. viol.)
                    0 (row viol.)
  Timing            0.43
  Max sub-MIP depth 0
  Nodes             1
  Repair LPs        0
  LP iterations     959
                    0 (strong br.)
                    0 (separation)
                    0 (heuristics)
MIP has 10753 rows; 9409 cols; 25537 nonzeros; 1344 integer variables (1344 binary)
Coefficient ranges:
  Matrix  [2e-01, 1e+00]
  Cost    [1e-02, 6e-02]
  Bound   [1e+00, 1e+00]
  RHS     [2e-04, 2e+00]
Presolving model
8064 rows, 8601 cols, 22040 nonzeros 0s
6363 rows, 7234 cols, 17636 nonzeros 0s
4525 rows, 5637 cols, 12865 nonzeros 0s
2749 rows, 3877 cols, 8173 nonzeros 0s
2492 rows, 3620 cols, 7659 nonzeros 0s
Presolve reductions: rows 2492(-8261); columns 3620(-5789); nonzeros 7659(-17878) 

Solving MIP model with:
   2492 rows
   3620 cols (387 binary, 0 integer, 0 implied int., 3233 continuous, 0 domain fixed)
   7659 nonzeros

Src: B => Branching; C => Central rounding; F => Feasibility pump; H => Heuristic;
     I => Shifting; J => Feasibility jump; L => Sub-MIP; P => Empty MIP; R => Randomized rounding;
     S => Solve LP; T => Evaluate node; U => Unbounded; X => User solution; Y => HiGHS solution;
     Z => ZI Round; l => Trivial lower; p => Trivial point; u => Trivial upper; z => Trivial zero

        Nodes      |    B&B Tree     |            Objective Bounds              |  Dynamic Constraints |       Work      
Src  Proc. InQueue |  Leaves   Expl. | BestBound       BestSol              Gap |   Cuts   InLp Confl. | LpIters     Time

 J       0       0         0   0.00%   -inf            2.141503724        Large        0      0      0         0     0.4s
 T       0       0         0   0.00%   -0.8950753271   0.2926549802     405.85%        0      0      0       962     0.4s
         1       0         1 100.00%   0.2926549802    0.2926549802       0.00%        0      0      0       962     0.4s

Solving report
  Status            Optimal
  Primal bound      0.292654980174
  Dual bound        0.292654980174
  Gap               0% (tolerance: 0.5%)
  P-D integral      0.0430465772471
  Solution status   feasible
                    0.292654980174 (objective)
                    0 (bound viol.)
                    0 (int. viol.)
                    0 (row viol.)
  Timing            0.41
  Max sub-MIP depth 0
  Nodes             1
  Repair LPs        0
  LP iterations     962
                    0 (strong br.)
                    0 (separation)
                    0 (heuristics)
MIP has 10753 rows; 9409 cols; 25537 nonzeros; 1344 integer variables (1344 binary)
Coefficient ranges:
  Matrix  [2e-01, 1e+00]
  Cost    [1e-02, 6e-02]
  Bound   [1e+00, 1e+00]
  RHS     [2e-04, 2e+00]
Presolving model
8064 rows, 8609 cols, 22048 nonzeros 0s
6362 rows, 7241 cols, 17642 nonzeros 0s
4509 rows, 5626 cols, 12838 nonzeros 0s
2764 rows, 3875 cols, 8198 nonzeros 0s
2517 rows, 3628 cols, 7704 nonzeros 0s
Presolve reductions: rows 2517(-8236); columns 3628(-5781); nonzeros 7704(-17833) 

Solving MIP model with:
   2517 rows
   3628 cols (390 binary, 0 integer, 0 implied int., 3238 continuous, 0 domain fixed)
   7704 nonzeros

Src: B => Branching; C => Central rounding; F => Feasibility pump; H => Heuristic;
     I => Shifting; J => Feasibility jump; L => Sub-MIP; P => Empty MIP; R => Randomized rounding;
     S => Solve LP; T => Evaluate node; U => Unbounded; X => User solution; Y => HiGHS solution;
     Z => ZI Round; l => Trivial lower; p => Trivial point; u => Trivial upper; z => Trivial zero

        Nodes      |    B&B Tree     |            Objective Bounds              |  Dynamic Constraints |       Work      
Src  Proc. InQueue |  Leaves   Expl. | BestBound       BestSol              Gap |   Cuts   InLp Confl. | LpIters     Time

 J       0       0         0   0.00%   -inf            1.974556001        Large        0      0      0         0     0.4s
 T       0       0         0   0.00%   -0.9340700632   0.1478130188     731.93%        0      0      0       982     0.5s
         1       0         1 100.00%   0.1478130188    0.1478130188       0.00%        0      0      0       982     0.5s

Solving report
  Status            Optimal
  Primal bound      0.147813018831
  Dual bound        0.147813018831
  Gap               0% (tolerance: 0.5%)
  P-D integral      0.0471601418172
  Solution status   feasible
                    0.147813018831 (objective)
                    0 (bound viol.)
                    0 (int. viol.)
                    0 (row viol.)
  Timing            0.46
  Max sub-MIP depth 0
  Nodes             1
  Repair LPs        0
  LP iterations     982
                    0 (strong br.)
                    0 (separation)
                    0 (heuristics)
MIP has 10753 rows; 9409 cols; 25537 nonzeros; 1344 integer variables (1344 binary)
Coefficient ranges:
  Matrix  [2e-01, 1e+00]
  Cost    [1e-02, 6e-02]
  Bound   [1e+00, 1e+00]
  RHS     [2e-04, 2e+00]
Presolving model
8064 rows, 8617 cols, 22056 nonzeros 0s
6360 rows, 7247 cols, 17646 nonzeros 0s
4520 rows, 5644 cols, 12867 nonzeros 0s
2797 rows, 3922 cols, 8294 nonzeros 0s
2540 rows, 3665 cols, 7780 nonzeros 0s
Presolve reductions: rows 2540(-8213); columns 3665(-5744); nonzeros 7780(-17757) 

Solving MIP model with:
   2540 rows
   3665 cols (394 binary, 0 integer, 0 implied int., 3271 continuous, 0 domain fixed)
   7780 nonzeros

Src: B => Branching; C => Central rounding; F => Feasibility pump; H => Heuristic;
     I => Shifting; J => Feasibility jump; L => Sub-MIP; P => Empty MIP; R => Randomized rounding;
     S => Solve LP; T => Evaluate node; U => Unbounded; X => User solution; Y => HiGHS solution;
     Z => ZI Round; l => Trivial lower; p => Trivial point; u => Trivial upper; z => Trivial zero

        Nodes      |    B&B Tree     |            Objective Bounds              |  Dynamic Constraints |       Work      
Src  Proc. InQueue |  Leaves   Expl. | BestBound       BestSol              Gap |   Cuts   InLp Confl. | LpIters     Time

 J       0       0         0   0.00%   -inf            1.892899507        Large        0      0      0         0     0.5s
 T       0       0         0   0.00%   -1.078272221    -0.0367380959   2835.02%        0      0      0       991     0.5s
         1       0         1 100.00%   -0.0367380959   -0.0367380959      0.00%        0      0      0       991     0.5s

Solving report
  Status            Optimal
  Primal bound      -0.0367380958756
  Dual bound        -0.0367380958756
  Gap               0% (tolerance: 0.5%)
  P-D integral      0.050704113219
  Solution status   feasible
                    -0.0367380958756 (objective)
                    0 (bound viol.)
                    0 (int. viol.)
                    0 (row viol.)
  Timing            0.50
  Max sub-MIP depth 0
  Nodes             1
  Repair LPs        0
  LP iterations     991
                    0 (strong br.)
                    0 (separation)
                    0 (heuristics)
MIP has 10753 rows; 9409 cols; 25537 nonzeros; 1344 integer variables (1344 binary)
Coefficient ranges:
  Matrix  [2e-01, 1e+00]
  Cost    [1e-02, 6e-02]
  Bound   [1e+00, 1e+00]
  RHS     [4e-04, 2e+00]
Presolving model
8064 rows, 8611 cols, 22050 nonzeros 0s
6364 rows, 7245 cols, 17648 nonzeros 0s
4508 rows, 5629 cols, 12840 nonzeros 0s
2807 rows, 3916 cols, 8318 nonzeros 0s
2553 rows, 3662 cols, 7810 nonzeros 0s
Presolve reductions: rows 2553(-8200); columns 3662(-5747); nonzeros 7810(-17727) 

Solving MIP model with:
   2553 rows
   3662 cols (399 binary, 0 integer, 0 implied int., 3263 continuous, 0 domain fixed)
   7810 nonzeros

Src: B => Branching; C => Central rounding; F => Feasibility pump; H => Heuristic;
     I => Shifting; J => Feasibility jump; L => Sub-MIP; P => Empty MIP; R => Randomized rounding;
     S => Solve LP; T => Evaluate node; U => Unbounded; X => User solution; Y => HiGHS solution;
     Z => ZI Round; l => Trivial lower; p => Trivial point; u => Trivial upper; z => Trivial zero

        Nodes      |    B&B Tree     |            Objective Bounds              |  Dynamic Constraints |       Work      
Src  Proc. InQueue |  Leaves   Expl. | BestBound       BestSol              Gap |   Cuts   InLp Confl. | LpIters     Time

 J       0       0         0   0.00%   -inf            1.324979821        Large        0      0      0         0     0.4s
 T       0       0         0   0.00%   -1.393429959    -0.5717106648    143.73%        0      0      0       996     0.4s
         1       0         1 100.00%   -0.5717106648   -0.5717106648      0.00%        0      0      0       996     0.4s

Solving report
  Status            Optimal
  Primal bound      -0.57171066478
  Dual bound        -0.57171066478
  Gap               0% (tolerance: 0.5%)
  P-D integral      0.0631496456909
  Solution status   feasible
                    -0.57171066478 (objective)
                    0 (bound viol.)
                    0 (int. viol.)
                    0 (row viol.)
  Timing            0.41
  Max sub-MIP depth 0
  Nodes             1
  Repair LPs        0
  LP iterations     996
                    0 (strong br.)
                    0 (separation)
                    0 (heuristics)
MIP has 10753 rows; 9409 cols; 25537 nonzeros; 1344 integer variables (1344 binary)
Coefficient ranges:
  Matrix  [2e-01, 1e+00]
  Cost    [1e-02, 6e-02]
  Bound   [1e+00, 1e+00]
  RHS     [4e-04, 2e+00]
Presolving model
8064 rows, 8635 cols, 22074 nonzeros 0s
6351 rows, 7256 cols, 17646 nonzeros 0s
4495 rows, 5632 cols, 12830 nonzeros 0s
3007 rows, 4076 cols, 8846 nonzeros 0s
2797 rows, 3866 cols, 8426 nonzeros 0s
Presolve reductions: rows 2797(-7956); columns 3866(-5543); nonzeros 8426(-17111) 

Solving MIP model with:
   2797 rows
   3866 cols (441 binary, 0 integer, 0 implied int., 3425 continuous, 0 domain fixed)
   8426 nonzeros

Src: B => Branching; C => Central rounding; F => Feasibility pump; H => Heuristic;
     I => Shifting; J => Feasibility jump; L => Sub-MIP; P => Empty MIP; R => Randomized rounding;
     S => Solve LP; T => Evaluate node; U => Unbounded; X => User solution; Y => HiGHS solution;
     Z => ZI Round; l => Trivial lower; p => Trivial point; u => Trivial upper; z => Trivial zero

        Nodes      |    B&B Tree     |            Objective Bounds              |  Dynamic Constraints |       Work      
Src  Proc. InQueue |  Leaves   Expl. | BestBound       BestSol              Gap |   Cuts   InLp Confl. | LpIters     Time

 J       0       0         0   0.00%   -inf            1.210238157        Large        0      0      0         0     0.4s
 T       0       0         0   0.00%   -1.839212681    -1.023384478      79.72%        0      0      0      1085     0.4s
         1       0         1 100.00%   -1.023384478    -1.023384478       0.00%        0      0      0      1085     0.4s

Solving report
  Status            Optimal
  Primal bound      -1.02338447799
  Dual bound        -1.02338447799
  Gap               0% (tolerance: 0.5%)
  P-D integral      0.0772023255125
  Solution status   feasible
                    -1.02338447799 (objective)
                    0 (bound viol.)
                    0 (int. viol.)
                    0 (row viol.)
  Timing            0.45
  Max sub-MIP depth 0
  Nodes             1
  Repair LPs        0
  LP iterations     1085
                    0 (strong br.)
                    0 (separation)
                    0 (heuristics)
MIP has 10753 rows; 9409 cols; 25537 nonzeros; 1344 integer variables (1344 binary)
Coefficient ranges:
  Matrix  [2e-01, 1e+00]
  Cost    [1e-02, 6e-02]
  Bound   [1e+00, 1e+00]
  RHS     [2e-04, 2e+00]
Presolving model
8064 rows, 8674 cols, 22113 nonzeros 0s
6345 rows, 7289 cols, 17673 nonzeros 0s
4468 rows, 5634 cols, 12805 nonzeros 0s
3275 rows, 4275 cols, 9533 nonzeros 0s
3110 rows, 4110 cols, 9203 nonzeros 0s
Presolve reductions: rows 3110(-7643); columns 4110(-5299); nonzeros 9203(-16334) 

Solving MIP model with:
   3110 rows
   4110 cols (496 binary, 0 integer, 0 implied int., 3614 continuous, 0 domain fixed)
   9203 nonzeros

Src: B => Branching; C => Central rounding; F => Feasibility pump; H => Heuristic;
     I => Shifting; J => Feasibility jump; L => Sub-MIP; P => Empty MIP; R => Randomized rounding;
     S => Solve LP; T => Evaluate node; U => Unbounded; X => User solution; Y => HiGHS solution;
     Z => ZI Round; l => Trivial lower; p => Trivial point; u => Trivial upper; z => Trivial zero

        Nodes      |    B&B Tree     |            Objective Bounds              |  Dynamic Constraints |       Work      
Src  Proc. InQueue |  Leaves   Expl. | BestBound       BestSol              Gap |   Cuts   InLp Confl. | LpIters     Time

 J       0       0         0   0.00%   -inf            0.710505234        Large        0      0      0         0     0.4s
 T       0       0         0   0.00%   -2.240811846    -1.498702509      49.52%        0      0      0      1175     0.5s
         1       0         1 100.00%   -1.498702509    -1.498702509       0.00%        0      0      0      1175     0.5s

Solving report
  Status            Optimal
  Primal bound      -1.49870250939
  Dual bound        -1.49870250939
  Gap               0% (tolerance: 0.5%)
  P-D integral      0.162047960921
  Solution status   feasible
                    -1.49870250939 (objective)
                    0 (bound viol.)
                    0 (int. viol.)
                    0 (row viol.)
  Timing            0.48
  Max sub-MIP depth 0
  Nodes             1
  Repair LPs        0
  LP iterations     1175
                    0 (strong br.)
                    0 (separation)
                    0 (heuristics)
MIP has 10753 rows; 9409 cols; 25537 nonzeros; 1344 integer variables (1344 binary)
Coefficient ranges:
  Matrix  [2e-01, 1e+00]
  Cost    [1e-02, 6e-02]
  Bound   [1e+00, 1e+00]
  RHS     [2e-04, 2e+00]
Presolving model
8064 rows, 8692 cols, 22131 nonzeros 0s
6335 rows, 7297 cols, 17671 nonzeros 0s
4452 rows, 5628 cols, 12783 nonzeros 0s
3442 rows, 4404 cols, 9973 nonzeros 0s
3309 rows, 4271 cols, 9707 nonzeros 0s
Presolve reductions: rows 3309(-7444); columns 4271(-5138); nonzeros 9707(-15830) 

Solving MIP model with:
   3309 rows
   4271 cols (532 binary, 0 integer, 0 implied int., 3739 continuous, 0 domain fixed)
   9707 nonzeros

Src: B => Branching; C => Central rounding; F => Feasibility pump; H => Heuristic;
     I => Shifting; J => Feasibility jump; L => Sub-MIP; P => Empty MIP; R => Randomized rounding;
     S => Solve LP; T => Evaluate node; U => Unbounded; X => User solution; Y => HiGHS solution;
     Z => ZI Round; l => Trivial lower; p => Trivial point; u => Trivial upper; z => Trivial zero

        Nodes      |    B&B Tree     |            Objective Bounds              |  Dynamic Constraints |       Work      
Src  Proc. InQueue |  Leaves   Expl. | BestBound       BestSol              Gap |   Cuts   InLp Confl. | LpIters     Time

 J       0       0         0   0.00%   -inf            0.6222170601       Large        0      0      0         0     0.4s
 T       0       0         0   0.00%   -2.365561786    -1.630198625      45.11%        0      0      0      1230     0.5s
         1       0         1 100.00%   -1.630198625    -1.630198625       0.00%        0      0      0      1230     0.5s

Solving report
  Status            Optimal
  Primal bound      -1.6301986253
  Dual bound        -1.6301986253
  Gap               0% (tolerance: 0.5%)
  P-D integral      0.17398849019
  Solution status   feasible
                    -1.6301986253 (objective)
                    0 (bound viol.)
                    0 (int. viol.)
                    0 (row viol.)
  Timing            0.46
  Max sub-MIP depth 0
  Nodes             1
  Repair LPs        0
  LP iterations     1230
                    0 (strong br.)
                    0 (separation)
                    0 (heuristics)
MIP has 10753 rows; 9409 cols; 25537 nonzeros; 1344 integer variables (1344 binary)
Coefficient ranges:
  Matrix  [2e-01, 1e+00]
  Cost    [1e-02, 6e-02]
  Bound   [1e+00, 1e+00]
  RHS     [5e-05, 2e+00]
WARNING: Problem has some excessively small row bounds
Presolving model
8064 rows, 8707 cols, 22146 nonzeros 0s
6333 rows, 7310 cols, 17682 nonzeros 0s
4452 rows, 5637 cols, 12792 nonzeros 0s
3506 rows, 4468 cols, 10141 nonzeros 0s
3379 rows, 4341 cols, 9887 nonzeros 0s
Presolve reductions: rows 3379(-7374); columns 4341(-5068); nonzeros 9887(-15650) 

Solving MIP model with:
   3379 rows
   4341 cols (542 binary, 0 integer, 0 implied int., 3799 continuous, 0 domain fixed)
   9887 nonzeros

Src: B => Branching; C => Central rounding; F => Feasibility pump; H => Heuristic;
     I => Shifting; J => Feasibility jump; L => Sub-MIP; P => Empty MIP; R => Randomized rounding;
     S => Solve LP; T => Evaluate node; U => Unbounded; X => User solution; Y => HiGHS solution;
     Z => ZI Round; l => Trivial lower; p => Trivial point; u => Trivial upper; z => Trivial zero

        Nodes      |    B&B Tree     |            Objective Bounds              |  Dynamic Constraints |       Work      
Src  Proc. InQueue |  Leaves   Expl. | BestBound       BestSol              Gap |   Cuts   InLp Confl. | LpIters     Time

 J       0       0         0   0.00%   -inf            1.08702718         Large        0      0      0         0     0.4s
 T       0       0         0   0.00%   -2.463046824    -1.66415362       48.01%        0      0      0      1284     0.5s
         1       0         1 100.00%   -1.66415362     -1.66415362        0.00%        0      0      0      1284     0.5s

Solving report
  Status            Optimal
  Primal bound      -1.66415362017
  Dual bound        -1.66415362017
  Gap               0% (tolerance: 0.5%)
  P-D integral      0.153382042972
  Solution status   feasible
                    -1.66415362017 (objective)
                    0 (bound viol.)
                    0 (int. viol.)
                    0 (row viol.)
  Timing            0.49
  Max sub-MIP depth 0
  Nodes             1
  Repair LPs        0
  LP iterations     1284
                    0 (strong br.)
                    0 (separation)
                    0 (heuristics)
MIP has 10753 rows; 9409 cols; 25537 nonzeros; 1344 integer variables (1344 binary)
Coefficient ranges:
  Matrix  [2e-01, 1e+00]
  Cost    [1e-02, 6e-02]
  Bound   [1e+00, 1e+00]
  RHS     [5e-05, 2e+00]
WARNING: Problem has some excessively small row bounds
Presolving model
8064 rows, 8724 cols, 22163 nonzeros 0s
6347 rows, 7341 cols, 17727 nonzeros 0s
4476 rows, 5684 cols, 12863 nonzeros 0s
3506 rows, 4519 cols, 10176 nonzeros 0s
3370 rows, 4383 cols, 9904 nonzeros 0s
Presolve reductions: rows 3370(-7383); columns 4383(-5026); nonzeros 9904(-15633) 

Solving MIP model with:
   3370 rows
   4383 cols (538 binary, 0 integer, 0 implied int., 3845 continuous, 0 domain fixed)
   9904 nonzeros

Src: B => Branching; C => Central rounding; F => Feasibility pump; H => Heuristic;
     I => Shifting; J => Feasibility jump; L => Sub-MIP; P => Empty MIP; R => Randomized rounding;
     S => Solve LP; T => Evaluate node; U => Unbounded; X => User solution; Y => HiGHS solution;
     Z => ZI Round; l => Trivial lower; p => Trivial point; u => Trivial upper; z => Trivial zero

        Nodes      |    B&B Tree     |            Objective Bounds              |  Dynamic Constraints |       Work      
Src  Proc. InQueue |  Leaves   Expl. | BestBound       BestSol              Gap |   Cuts   InLp Confl. | LpIters     Time

 J       0       0         0   0.00%   -inf            1.518614869        Large        0      0      0         0     0.4s
 T       0       0         0   0.00%   -3.057117196    -2.131239371      43.44%        0      0      0      1292     0.5s
         1       0         1 100.00%   -2.131239371    -2.131239371       0.00%        0      0      0      1292     0.5s

Solving report
  Status            Optimal
  Primal bound      -2.13123937108
  Dual bound        -2.13123937108
  Gap               0% (tolerance: 0.5%)
  P-D integral      0.135642972073
  Solution status   feasible
                    -2.13123937108 (objective)
                    0 (bound viol.)
                    0 (int. viol.)
                    0 (row viol.)
  Timing            0.50
  Max sub-MIP depth 0
  Nodes             1
  Repair LPs        0
  LP iterations     1292
                    0 (strong br.)
                    0 (separation)
                    0 (heuristics)
MIP has 10753 rows; 9409 cols; 25537 nonzeros; 1344 integer variables (1344 binary)
Coefficient ranges:
  Matrix  [2e-01, 1e+00]
  Cost    [1e-02, 6e-02]
  Bound   [1e+00, 1e+00]
  RHS     [7e-05, 2e+00]
WARNING: Problem has some excessively small row bounds
Presolving model
8064 rows, 8744 cols, 22183 nonzeros 0s
6348 rows, 7362 cols, 17749 nonzeros 0s
4489 rows, 5718 cols, 12910 nonzeros 0s
3512 rows, 4555 cols, 10210 nonzeros 0s
3383 rows, 4426 cols, 9952 nonzeros 0s
Presolve reductions: rows 3383(-7370); columns 4426(-4983); nonzeros 9952(-15585) 

Solving MIP model with:
   3383 rows
   4426 cols (536 binary, 0 integer, 0 implied int., 3890 continuous, 0 domain fixed)
   9952 nonzeros

Src: B => Branching; C => Central rounding; F => Feasibility pump; H => Heuristic;
     I => Shifting; J => Feasibility jump; L => Sub-MIP; P => Empty MIP; R => Randomized rounding;
     S => Solve LP; T => Evaluate node; U => Unbounded; X => User solution; Y => HiGHS solution;
     Z => ZI Round; l => Trivial lower; p => Trivial point; u => Trivial upper; z => Trivial zero

        Nodes      |    B&B Tree     |            Objective Bounds              |  Dynamic Constraints |       Work      
Src  Proc. InQueue |  Leaves   Expl. | BestBound       BestSol              Gap |   Cuts   InLp Confl. | LpIters     Time

 J       0       0         0   0.00%   -inf            1.422327787        Large        0      0      0         0     0.5s
 T       0       0         0   0.00%   -3.756835821    -2.823098719      33.07%        0      0      0      1302     0.6s
         1       0         1 100.00%   -2.823098719    -2.823098719       0.00%        0      0      0      1302     0.6s

Solving report
  Status            Optimal
  Primal bound      -2.82309871874
  Dual bound        -2.82309871874
  Gap               0% (tolerance: 0.5%)
  P-D integral      0.174054090904
  Solution status   feasible
                    -2.82309871874 (objective)
                    0 (bound viol.)
                    0 (int. viol.)
                    0 (row viol.)
  Timing            0.55
  Max sub-MIP depth 0
  Nodes             1
  Repair LPs        0
  LP iterations     1302
                    0 (strong br.)
                    0 (separation)
                    0 (heuristics)
MIP has 10753 rows; 9409 cols; 25537 nonzeros; 1344 integer variables (1344 binary)
Coefficient ranges:
  Matrix  [2e-01, 1e+00]
  Cost    [1e-02, 6e-02]
  Bound   [1e+00, 1e+00]
  RHS     [7e-05, 2e+00]
WARNING: Problem has some excessively small row bounds
Presolving model
8064 rows, 8764 cols, 22203 nonzeros 0s
6348 rows, 7382 cols, 17769 nonzeros 0s
4490 rows, 5735 cols, 12928 nonzeros 0s
3575 rows, 4631 cols, 10393 nonzeros 0s
3458 rows, 4514 cols, 10159 nonzeros 0s
Presolve reductions: rows 3458(-7295); columns 4514(-4895); nonzeros 10159(-15378) 

Solving MIP model with:
   3458 rows
   4514 cols (547 binary, 0 integer, 0 implied int., 3967 continuous, 0 domain fixed)
   10159 nonzeros

Src: B => Branching; C => Central rounding; F => Feasibility pump; H => Heuristic;
     I => Shifting; J => Feasibility jump; L => Sub-MIP; P => Empty MIP; R => Randomized rounding;
     S => Solve LP; T => Evaluate node; U => Unbounded; X => User solution; Y => HiGHS solution;
     Z => ZI Round; l => Trivial lower; p => Trivial point; u => Trivial upper; z => Trivial zero

        Nodes      |    B&B Tree     |            Objective Bounds              |  Dynamic Constraints |       Work      
Src  Proc. InQueue |  Leaves   Expl. | BestBound       BestSol              Gap |   Cuts   InLp Confl. | LpIters     Time

 J       0       0         0   0.00%   -inf            1.544078521        Large        0      0      0         0     0.4s
 T       0       0         0   0.00%   -4.071651976    -3.100772185      31.31%        0      0      0      1335     0.5s
         1       0         1 100.00%   -3.100772185    -3.100772185       0.00%        0      0      0      1335     0.5s

Solving report
  Status            Optimal
  Primal bound      -3.10077218521
  Dual bound        -3.10077218521
  Gap               0% (tolerance: 0.5%)
  P-D integral      0.16968809006
  Solution status   feasible
                    -3.10077218521 (objective)
                    0 (bound viol.)
                    0 (int. viol.)
                    0 (row viol.)
  Timing            0.45
  Max sub-MIP depth 0
  Nodes             1
  Repair LPs        0
  LP iterations     1335
                    0 (strong br.)
                    0 (separation)
                    0 (heuristics)
MIP has 10753 rows; 9409 cols; 25537 nonzeros; 1344 integer variables (1344 binary)
Coefficient ranges:
  Matrix  [2e-01, 1e+00]
  Cost    [1e-02, 6e-02]
  Bound   [1e+00, 1e+00]
  RHS     [2e-04, 2e+00]
Presolving model
8064 rows, 8776 cols, 22215 nonzeros 0s
6339 rows, 7385 cols, 17763 nonzeros 0s
4463 rows, 5707 cols, 12873 nonzeros 0s
3741 rows, 4744 cols, 10816 nonzeros 0s
3651 rows, 4654 cols, 10636 nonzeros 0s
Presolve reductions: rows 3651(-7102); columns 4654(-4755); nonzeros 10636(-14901) 

Solving MIP model with:
   3651 rows
   4654 cols (583 binary, 0 integer, 0 implied int., 4071 continuous, 0 domain fixed)
   10636 nonzeros

Src: B => Branching; C => Central rounding; F => Feasibility pump; H => Heuristic;
     I => Shifting; J => Feasibility jump; L => Sub-MIP; P => Empty MIP; R => Randomized rounding;
     S => Solve LP; T => Evaluate node; U => Unbounded; X => User solution; Y => HiGHS solution;
     Z => ZI Round; l => Trivial lower; p => Trivial point; u => Trivial upper; z => Trivial zero

        Nodes      |    B&B Tree     |            Objective Bounds              |  Dynamic Constraints |       Work      
Src  Proc. InQueue |  Leaves   Expl. | BestBound       BestSol              Gap |   Cuts   InLp Confl. | LpIters     Time

 J       0       0         0   0.00%   -inf            1.123110803        Large        0      0      0         0     0.4s
 T       0       0         0   0.00%   -3.542752608    -2.665151179      32.93%        0      0      0      1401     0.5s
         1       0         1 100.00%   -2.665151179    -2.665151179       0.00%        0      0      0      1401     0.5s

Solving report
  Status            Optimal
  Primal bound      -2.66515117902
  Dual bound        -2.66515117902
  Gap               0% (tolerance: 0.5%)
  P-D integral      0.163998636494
  Solution status   feasible
                    -2.66515117902 (objective)
                    0 (bound viol.)
                    0 (int. viol.)
                    0 (row viol.)
  Timing            0.49
  Max sub-MIP depth 0
  Nodes             1
  Repair LPs        0
  LP iterations     1401
                    0 (strong br.)
                    0 (separation)
                    0 (heuristics)
MIP has 10753 rows; 9409 cols; 25537 nonzeros; 1344 integer variables (1344 binary)
Coefficient ranges:
  Matrix  [2e-01, 1e+00]
  Cost    [1e-02, 6e-02]
  Bound   [1e+00, 1e+00]
  RHS     [2e-04, 2e+00]
Presolving model
8064 rows, 8786 cols, 22225 nonzeros 0s
6324 rows, 7380 cols, 17743 nonzeros 0s
4431 rows, 5678 cols, 12812 nonzeros 0s
3848 rows, 4780 cols, 11107 nonzeros 0s
Presolve reductions: rows 3848(-6905); columns 4780(-4629); nonzeros 11107(-14430) 

Solving MIP model with:
   3848 rows
   4780 cols (620 binary, 0 integer, 0 implied int., 4160 continuous, 0 domain fixed)
   11107 nonzeros

Src: B => Branching; C => Central rounding; F => Feasibility pump; H => Heuristic;
     I => Shifting; J => Feasibility jump; L => Sub-MIP; P => Empty MIP; R => Randomized rounding;
     S => Solve LP; T => Evaluate node; U => Unbounded; X => User solution; Y => HiGHS solution;
     Z => ZI Round; l => Trivial lower; p => Trivial point; u => Trivial upper; z => Trivial zero

        Nodes      |    B&B Tree     |            Objective Bounds              |  Dynamic Constraints |       Work      
Src  Proc. InQueue |  Leaves   Expl. | BestBound       BestSol              Gap |   Cuts   InLp Confl. | LpIters     Time

         0       0         0   0.00%   -3.198365178    inf                  inf        0      0      0         0     0.5s
 T       0       0         0   0.00%   -3.198365178    -2.462574284      29.88%        0      0      0      1477     0.6s
         1       0         1 100.00%   -2.462574284    -2.462574284       0.00%        0      0      0      1477     0.6s

Solving report
  Status            Optimal
  Primal bound      -2.46257428362
  Dual bound        -2.46257428362
  Gap               0% (tolerance: 0.5%)
  P-D integral      2.32756869416e-05
  Solution status   feasible
                    -2.46257428362 (objective)
                    0 (bound viol.)
                    0 (int. viol.)
                    0 (row viol.)
  Timing            0.57
  Max sub-MIP depth 0
  Nodes             1
  Repair LPs        0
  LP iterations     1477
                    0 (strong br.)
                    0 (separation)
                    0 (heuristics)
MIP has 10753 rows; 9409 cols; 25537 nonzeros; 1344 integer variables (1344 binary)
Coefficient ranges:
  Matrix  [2e-01, 1e+00]
  Cost    [1e-02, 6e-02]
  Bound   [1e+00, 1e+00]
  RHS     [2e-04, 2e+00]
Presolving model
8064 rows, 8808 cols, 22247 nonzeros 0s
6319 rows, 7397 cols, 17755 nonzeros 0s
4419 rows, 5687 cols, 12809 nonzeros 0s
4182 rows, 5057 cols, 11942 nonzeros 0s
Presolve reductions: rows 4182(-6571); columns 5057(-4352); nonzeros 11942(-13595) 

Solving MIP model with:
   4182 rows
   5057 cols (676 binary, 0 integer, 0 implied int., 4381 continuous, 0 domain fixed)
   11942 nonzeros

Src: B => Branching; C => Central rounding; F => Feasibility pump; H => Heuristic;
     I => Shifting; J => Feasibility jump; L => Sub-MIP; P => Empty MIP; R => Randomized rounding;
     S => Solve LP; T => Evaluate node; U => Unbounded; X => User solution; Y => HiGHS solution;
     Z => ZI Round; l => Trivial lower; p => Trivial point; u => Trivial upper; z => Trivial zero

        Nodes      |    B&B Tree     |            Objective Bounds              |  Dynamic Constraints |       Work      
Src  Proc. InQueue |  Leaves   Expl. | BestBound       BestSol              Gap |   Cuts   InLp Confl. | LpIters     Time

         0       0         0   0.00%   -4.255894122    inf                  inf        0      0      0         0     0.5s
         0       0         0   0.00%   -2.867145998    inf                  inf        0      0      2      1731     0.5s
 R       0       0         0   0.00%   -2.867145998    -2.867145998       0.00%        0      0      2      1755     0.5s
         1       0         1 100.00%   -2.867145998    -2.867145998       0.00%        0      0      2      1755     0.5s

Solving report
  Status            Optimal
  Primal bound      -2.86714599761
  Dual bound        -2.86714599761
  Gap               0% (tolerance: 0.5%)
  P-D integral      6.33526759759e-19
  Solution status   feasible
                    -2.86714599761 (objective)
                    0 (bound viol.)
                    0 (int. viol.)
                    0 (row viol.)
  Timing            0.54
  Max sub-MIP depth 0
  Nodes             1
  Repair LPs        0
  LP iterations     1755
                    0 (strong br.)
                    24 (separation)
                    0 (heuristics)
MIP has 10753 rows; 9409 cols; 25537 nonzeros; 1344 integer variables (1344 binary)
Coefficient ranges:
  Matrix  [2e-01, 1e+00]
  Cost    [1e-02, 6e-02]
  Bound   [1e+00, 1e+00]
  RHS     [9e-05, 2e+00]
WARNING: Problem has some excessively small row bounds
Presolving model
8064 rows, 8828 cols, 22267 nonzeros 0s
6314 rows, 7412 cols, 17765 nonzeros 0s
4434 rows, 5707 cols, 12856 nonzeros 0s
4187 rows, 5065 cols, 11967 nonzeros 0s
Presolve reductions: rows 4187(-6566); columns 5065(-4344); nonzeros 11967(-13570) 

Solving MIP model with:
   4187 rows
   5065 cols (679 binary, 0 integer, 0 implied int., 4386 continuous, 0 domain fixed)
   11967 nonzeros

Src: B => Branching; C => Central rounding; F => Feasibility pump; H => Heuristic;
     I => Shifting; J => Feasibility jump; L => Sub-MIP; P => Empty MIP; R => Randomized rounding;
     S => Solve LP; T => Evaluate node; U => Unbounded; X => User solution; Y => HiGHS solution;
     Z => ZI Round; l => Trivial lower; p => Trivial point; u => Trivial upper; z => Trivial zero

        Nodes      |    B&B Tree     |            Objective Bounds              |  Dynamic Constraints |       Work      
Src  Proc. InQueue |  Leaves   Expl. | BestBound       BestSol              Gap |   Cuts   InLp Confl. | LpIters     Time

         0       0         0   0.00%   -3.956095797    inf                  inf        0      0      0         0     0.5s
 T       0       0         0   0.00%   -3.956095797    -3.22498949       22.67%        0      0      0      1674     0.5s
         1       0         1 100.00%   -3.22498949     -3.22498949        0.00%        0      0      0      1674     0.5s

Solving report
  Status            Optimal
  Primal bound      -3.22498948965
  Dual bound        -3.22498948965
  Gap               0% (tolerance: 0.5%)
  P-D integral      1.61864075333e-05
  Solution status   feasible
                    -3.22498948965 (objective)
                    0 (bound viol.)
                    0 (int. viol.)
                    0 (row viol.)
  Timing            0.52
  Max sub-MIP depth 0
  Nodes             1
  Repair LPs        0
  LP iterations     1674
                    0 (strong br.)
                    0 (separation)
                    0 (heuristics)
MIP has 10753 rows; 9409 cols; 25537 nonzeros; 1344 integer variables (1344 binary)
Coefficient ranges:
  Matrix  [2e-01, 1e+00]
  Cost    [1e-02, 6e-02]
  Bound   [1e+00, 1e+00]
  RHS     [9e-05, 2e+00]
WARNING: Problem has some excessively small row bounds
Presolving model
8064 rows, 8843 cols, 22282 nonzeros 0s
6318 rows, 7431 cols, 17788 nonzeros 0s
4506 rows, 5786 cols, 13059 nonzeros 0s
4264 rows, 5159 cols, 12190 nonzeros 0s
Presolve reductions: rows 4264(-6489); columns 5159(-4250); nonzeros 12190(-13347) 

Solving MIP model with:
   4264 rows
   5159 cols (692 binary, 0 integer, 0 implied int., 4467 continuous, 0 domain fixed)
   12190 nonzeros

Src: B => Branching; C => Central rounding; F => Feasibility pump; H => Heuristic;
     I => Shifting; J => Feasibility jump; L => Sub-MIP; P => Empty MIP; R => Randomized rounding;
     S => Solve LP; T => Evaluate node; U => Unbounded; X => User solution; Y => HiGHS solution;
     Z => ZI Round; l => Trivial lower; p => Trivial point; u => Trivial upper; z => Trivial zero

        Nodes      |    B&B Tree     |            Objective Bounds              |  Dynamic Constraints |       Work      
Src  Proc. InQueue |  Leaves   Expl. | BestBound       BestSol              Gap |   Cuts   InLp Confl. | LpIters     Time

 J       0       0         0   0.00%   -inf            0.7413517523       Large        0      0      0         0     0.4s
 T       0       0         0   0.00%   -4.763203527    -3.958123608      20.34%        0      0      0      1713     0.5s
         1       0         1 100.00%   -3.958123608    -3.958123608       0.00%        0      0      0      1713     0.5s

Solving report
  Status            Optimal
  Primal bound      -3.95812360776
  Dual bound        -3.95812360776
  Gap               0% (tolerance: 0.5%)
  P-D integral      0.493183980002
  Solution status   feasible
                    -3.95812360776 (objective)
                    0 (bound viol.)
                    0 (int. viol.)
                    0 (row viol.)
  Timing            0.46
  Max sub-MIP depth 0
  Nodes             1
  Repair LPs        0
  LP iterations     1713
                    0 (strong br.)
                    0 (separation)
                    0 (heuristics)
MIP has 10753 rows; 9409 cols; 25537 nonzeros; 1344 integer variables (1344 binary)
Coefficient ranges:
  Matrix  [2e-01, 1e+00]
  Cost    [1e-02, 6e-02]
  Bound   [1e+00, 1e+00]
  RHS     [2e-04, 2e+00]
Presolving model
8064 rows, 8854 cols, 22293 nonzeros 0s
6325 rows, 7449 cols, 17813 nonzeros 0s
4487 rows, 5786 cols, 13020 nonzeros 0s
4248 rows, 5170 cols, 12165 nonzeros 0s
Presolve reductions: rows 4248(-6505); columns 5170(-4239); nonzeros 12165(-13372) 

Solving MIP model with:
   4248 rows
   5170 cols (687 binary, 0 integer, 0 implied int., 4483 continuous, 0 domain fixed)
   12165 nonzeros

Src: B => Branching; C => Central rounding; F => Feasibility pump; H => Heuristic;
     I => Shifting; J => Feasibility jump; L => Sub-MIP; P => Empty MIP; R => Randomized rounding;
     S => Solve LP; T => Evaluate node; U => Unbounded; X => User solution; Y => HiGHS solution;
     Z => ZI Round; l => Trivial lower; p => Trivial point; u => Trivial upper; z => Trivial zero

        Nodes      |    B&B Tree     |            Objective Bounds              |  Dynamic Constraints |       Work      
Src  Proc. InQueue |  Leaves   Expl. | BestBound       BestSol              Gap |   Cuts   InLp Confl. | LpIters     Time

 J       0       0         0   0.00%   -inf            0.5778860897       Large        0      0      0         0     0.5s
 T       0       0         0   0.00%   -4.607876044    -3.841384825      19.95%        0      0      0      1729     0.5s
         1       0         1 100.00%   -3.841384825    -3.841384825       0.00%        0      0      0      1729     0.5s

Solving report
  Status            Optimal
  Primal bound      -3.84138482496
  Dual bound        -3.84138482496
  Gap               0% (tolerance: 0.5%)
  P-D integral      0.416372879948
  Solution status   feasible
                    -3.84138482496 (objective)
                    0 (bound viol.)
                    0 (int. viol.)
                    0 (row viol.)
  Timing            0.52
  Max sub-MIP depth 0
  Nodes             1
  Repair LPs        0
  LP iterations     1729
                    0 (strong br.)
                    0 (separation)
                    0 (heuristics)
MIP has 10753 rows; 9409 cols; 25537 nonzeros; 1344 integer variables (1344 binary)
Coefficient ranges:
  Matrix  [2e-01, 1e+00]
  Cost    [1e-02, 6e-02]
  Bound   [1e+00, 1e+00]
  RHS     [4e-04, 2e+00]
Presolving model
8064 rows, 8869 cols, 22308 nonzeros 0s
6329 rows, 7468 cols, 17836 nonzeros 0s
4558 rows, 5862 cols, 13219 nonzeros 0s
4325 rows, 5264 cols, 12388 nonzeros 0s
Presolve reductions: rows 4325(-6428); columns 5264(-4145); nonzeros 12388(-13149) 

Solving MIP model with:
   4325 rows
   5264 cols (700 binary, 0 integer, 0 implied int., 4564 continuous, 0 domain fixed)
   12388 nonzeros

Src: B => Branching; C => Central rounding; F => Feasibility pump; H => Heuristic;
     I => Shifting; J => Feasibility jump; L => Sub-MIP; P => Empty MIP; R => Randomized rounding;
     S => Solve LP; T => Evaluate node; U => Unbounded; X => User solution; Y => HiGHS solution;
     Z => ZI Round; l => Trivial lower; p => Trivial point; u => Trivial upper; z => Trivial zero

        Nodes      |    B&B Tree     |            Objective Bounds              |  Dynamic Constraints |       Work      
Src  Proc. InQueue |  Leaves   Expl. | BestBound       BestSol              Gap |   Cuts   InLp Confl. | LpIters     Time

         0       0         0   0.00%   -4.667853942    inf                  inf        0      0      0         0     0.5s
 T       0       0         0   0.00%   -4.667853942    -3.998890166      16.73%        0      0      0      1693     0.5s
         1       0         1 100.00%   -3.998890166    -3.998890166       0.00%        0      0      0      1693     0.5s

Solving report
  Status            Optimal
  Primal bound      -3.99889016645
  Dual bound        -3.99889016645
  Gap               0% (tolerance: 0.5%)
  P-D integral      1.16432012173e-05
  Solution status   feasible
                    -3.99889016645 (objective)
                    0 (bound viol.)
                    0 (int. viol.)
                    0 (row viol.)
  Timing            0.53
  Max sub-MIP depth 0
  Nodes             1
  Repair LPs        0
  LP iterations     1693
                    0 (strong br.)
                    0 (separation)
                    0 (heuristics)
MIP has 10753 rows; 9409 cols; 25537 nonzeros; 1344 integer variables (1344 binary)
Coefficient ranges:
  Matrix  [2e-01, 1e+00]
  Cost    [1e-02, 6e-02]
  Bound   [1e+00, 1e+00]
  RHS     [5e-05, 2e+00]
WARNING: Problem has some excessively small row bounds
Presolving model
8064 rows, 8887 cols, 22326 nonzeros 0s
6321 rows, 7478 cols, 17838 nonzeros 0s
4728 rows, 6004 cols, 13675 nonzeros 0s
4521 rows, 5460 cols, 12924 nonzeros 0s
Presolve reductions: rows 4521(-6232); columns 5460(-3949); nonzeros 12924(-12613) 

Solving MIP model with:
   4521 rows
   5460 cols (736 binary, 0 integer, 0 implied int., 4724 continuous, 0 domain fixed)
   12924 nonzeros

Src: B => Branching; C => Central rounding; F => Feasibility pump; H => Heuristic;
     I => Shifting; J => Feasibility jump; L => Sub-MIP; P => Empty MIP; R => Randomized rounding;
     S => Solve LP; T => Evaluate node; U => Unbounded; X => User solution; Y => HiGHS solution;
     Z => ZI Round; l => Trivial lower; p => Trivial point; u => Trivial upper; z => Trivial zero

        Nodes      |    B&B Tree     |            Objective Bounds              |  Dynamic Constraints |       Work      
Src  Proc. InQueue |  Leaves   Expl. | BestBound       BestSol              Gap |   Cuts   InLp Confl. | LpIters     Time

 J       0       0         0   0.00%   -inf            -0.035247755       Large        0      0      0         0     0.4s
 T       0       0         0   0.00%   -5.762407768    -5.053884461      14.02%        0      0      0      1734     0.5s
         1       0         1 100.00%   -5.053884461    -5.053884461       0.00%        0      0      0      1734     0.5s

Solving report
  Status            Optimal
  Primal bound      -5.05388446056
  Dual bound        -5.05388446056
  Gap               0% (tolerance: 0.5%)
  P-D integral      8.02770899827
  Solution status   feasible
                    -5.05388446056 (objective)
                    0 (bound viol.)
                    0 (int. viol.)
                    0 (row viol.)
  Timing            0.48
  Max sub-MIP depth 0
  Nodes             1
  Repair LPs        0
  LP iterations     1734
                    0 (strong br.)
                    0 (separation)
                    0 (heuristics)
MIP has 10753 rows; 9409 cols; 25537 nonzeros; 1344 integer variables (1344 binary)
Coefficient ranges:
  Matrix  [2e-01, 1e+00]
  Cost    [1e-02, 6e-02]
  Bound   [1e+00, 1e+00]
  RHS     [5e-05, 2e+00]
WARNING: Problem has some excessively small row bounds
Presolving model
8064 rows, 8895 cols, 22334 nonzeros 0s
6320 rows, 7485 cols, 17844 nonzeros 0s
4802 rows, 6071 cols, 13872 nonzeros 0s
4600 rows, 5541 cols, 13140 nonzeros 0s
Presolve reductions: rows 4600(-6153); columns 5541(-3868); nonzeros 13140(-12397) 

Solving MIP model with:
   4600 rows
   5541 cols (750 binary, 0 integer, 0 implied int., 4791 continuous, 0 domain fixed)
   13140 nonzeros

Src: B => Branching; C => Central rounding; F => Feasibility pump; H => Heuristic;
     I => Shifting; J => Feasibility jump; L => Sub-MIP; P => Empty MIP; R => Randomized rounding;
     S => Solve LP; T => Evaluate node; U => Unbounded; X => User solution; Y => HiGHS solution;
     Z => ZI Round; l => Trivial lower; p => Trivial point; u => Trivial upper; z => Trivial zero

        Nodes      |    B&B Tree     |            Objective Bounds              |  Dynamic Constraints |       Work      
Src  Proc. InQueue |  Leaves   Expl. | BestBound       BestSol              Gap |   Cuts   InLp Confl. | LpIters     Time

 J       0       0         0   0.00%   -inf            -0.2607201317      Large        0      0      0         0     0.4s
 T       0       0         0   0.00%   -5.868421409    -5.142820369      14.11%        0      0      0      1694     0.5s
         1       0         1 100.00%   -5.142820369    -5.142820369       0.00%        0      0      0      1694     0.5s

Solving report
  Status            Optimal
  Primal bound      -5.14282036936
  Dual bound        -5.14282036936
  Gap               0% (tolerance: 0.5%)
  P-D integral      1.17801419671
  Solution status   feasible
                    -5.14282036936 (objective)
                    0 (bound viol.)
                    0 (int. viol.)
                    0 (row viol.)
  Timing            0.47
  Max sub-MIP depth 0
  Nodes             1
  Repair LPs        0
  LP iterations     1694
                    0 (strong br.)
                    0 (separation)
                    0 (heuristics)
MIP has 10753 rows; 9409 cols; 25537 nonzeros; 1344 integer variables (1344 binary)
Coefficient ranges:
  Matrix  [2e-01, 1e+00]
  Cost    [1e-02, 6e-02]
  Bound   [1e+00, 1e+00]
  RHS     [2e-04, 2e+00]
Presolving model
8064 rows, 8904 cols, 22343 nonzeros 0s
6324 rows, 7498 cols, 17861 nonzeros 0s
4816 rows, 6094 cols, 13913 nonzeros 0s
4617 rows, 5575 cols, 13195 nonzeros 0s
Presolve reductions: rows 4617(-6136); columns 5575(-3834); nonzeros 13195(-12342) 

Solving MIP model with:
   4617 rows
   5575 cols (751 binary, 0 integer, 0 implied int., 4824 continuous, 0 domain fixed)
   13195 nonzeros

Src: B => Branching; C => Central rounding; F => Feasibility pump; H => Heuristic;
     I => Shifting; J => Feasibility jump; L => Sub-MIP; P => Empty MIP; R => Randomized rounding;
     S => Solve LP; T => Evaluate node; U => Unbounded; X => User solution; Y => HiGHS solution;
     Z => ZI Round; l => Trivial lower; p => Trivial point; u => Trivial upper; z => Trivial zero

        Nodes      |    B&B Tree     |            Objective Bounds              |  Dynamic Constraints |       Work      
Src  Proc. InQueue |  Leaves   Expl. | BestBound       BestSol              Gap |   Cuts   InLp Confl. | LpIters     Time

         0       0         0   0.00%   -5.346970092    inf                  inf        0      0      0         0     0.5s
 T       0       0         0   0.00%   -5.346970092    -4.662073286      14.69%        0      0      0      1831     0.5s
         1       0         1 100.00%   -4.662073286    -4.662073286       0.00%        0      0      0      1831     0.5s

Solving report
  Status            Optimal
  Primal bound      -4.66207328553
  Dual bound        -4.66207328553
  Gap               0% (tolerance: 0.5%)
  P-D integral      9.88692249778e-06
  Solution status   feasible
                    -4.66207328553 (objective)
                    0 (bound viol.)
                    0 (int. viol.)
                    0 (row viol.)
  Timing            0.53
  Max sub-MIP depth 0
  Nodes             1
  Repair LPs        0
  LP iterations     1831
                    0 (strong br.)
                    0 (separation)
                    0 (heuristics)
MIP has 10753 rows; 9409 cols; 25537 nonzeros; 1344 integer variables (1344 binary)
Coefficient ranges:
  Matrix  [2e-01, 1e+00]
  Cost    [1e-02, 6e-02]
  Bound   [1e+00, 1e+00]
  RHS     [3e-05, 2e+00]
WARNING: Problem has some excessively small row bounds
Presolving model
8064 rows, 8914 cols, 22353 nonzeros 0s
6329 rows, 7513 cols, 17881 nonzeros 0s
4879 rows, 6153 cols, 14083 nonzeros 0s
4686 rows, 5652 cols, 13389 nonzeros 0s
Presolve reductions: rows 4686(-6067); columns 5652(-3757); nonzeros 13389(-12148) 

Solving MIP model with:
   4686 rows
   5652 cols (763 binary, 0 integer, 0 implied int., 4889 continuous, 0 domain fixed)
   13389 nonzeros

Src: B => Branching; C => Central rounding; F => Feasibility pump; H => Heuristic;
     I => Shifting; J => Feasibility jump; L => Sub-MIP; P => Empty MIP; R => Randomized rounding;
     S => Solve LP; T => Evaluate node; U => Unbounded; X => User solution; Y => HiGHS solution;
     Z => ZI Round; l => Trivial lower; p => Trivial point; u => Trivial upper; z => Trivial zero

        Nodes      |    B&B Tree     |            Objective Bounds              |  Dynamic Constraints |       Work      
Src  Proc. InQueue |  Leaves   Expl. | BestBound       BestSol              Gap |   Cuts   InLp Confl. | LpIters     Time

 J       0       0         0   0.00%   -inf            -0.1143002776      Large        0      0      0         0     0.4s
 T       0       0         0   0.00%   -5.309839552    -4.63849239       14.47%        0      0      0      1775     0.5s
         1       0         1 100.00%   -4.63849239     -4.63849239        0.00%        0      0      0      1775     0.5s

Solving report
  Status            Optimal
  Primal bound      -4.6384923899
  Dual bound        -4.6384923899
  Gap               0% (tolerance: 0.5%)
  P-D integral      3.05385929123
  Solution status   feasible
                    -4.6384923899 (objective)
                    0 (bound viol.)
                    0 (int. viol.)
                    0 (row viol.)
  Timing            0.50
  Max sub-MIP depth 0
  Nodes             1
  Repair LPs        0
  LP iterations     1775
                    0 (strong br.)
                    0 (separation)
                    0 (heuristics)
MIP has 10753 rows; 9409 cols; 25537 nonzeros; 1344 integer variables (1344 binary)
Coefficient ranges:
  Matrix  [2e-01, 1e+00]
  Cost    [1e-02, 6e-02]
  Bound   [1e+00, 1e+00]
  RHS     [3e-05, 2e+00]
WARNING: Problem has some excessively small row bounds
Presolving model
8064 rows, 8907 cols, 22346 nonzeros 0s
6327 rows, 7504 cols, 17870 nonzeros 0s
4799 rows, 6086 cols, 13868 nonzeros 0s
4597 rows, 5566 cols, 13146 nonzeros 0s
Presolve reductions: rows 4597(-6156); columns 5566(-3843); nonzeros 13146(-12391) 

Solving MIP model with:
   4597 rows
   5566 cols (746 binary, 0 integer, 0 implied int., 4820 continuous, 0 domain fixed)
   13146 nonzeros

Src: B => Branching; C => Central rounding; F => Feasibility pump; H => Heuristic;
     I => Shifting; J => Feasibility jump; L => Sub-MIP; P => Empty MIP; R => Randomized rounding;
     S => Solve LP; T => Evaluate node; U => Unbounded; X => User solution; Y => HiGHS solution;
     Z => ZI Round; l => Trivial lower; p => Trivial point; u => Trivial upper; z => Trivial zero

        Nodes      |    B&B Tree     |            Objective Bounds              |  Dynamic Constraints |       Work      
Src  Proc. InQueue |  Leaves   Expl. | BestBound       BestSol              Gap |   Cuts   InLp Confl. | LpIters     Time

 J       0       0         0   0.00%   -inf            -0.0879887836      Large        0      0      0         0     0.4s
 T       0       0         0   0.00%   -4.760821212    -4.096045792      16.23%        0      0      0      1749     0.5s
         1       0         1 100.00%   -4.096045792    -4.096045792       0.00%        0      0      0      1749     0.5s

Solving report
  Status            Optimal
  Primal bound      -4.09604579172
  Dual bound        -4.09604579172
  Gap               0% (tolerance: 0.5%)
  P-D integral      2.72180083002
  Solution status   feasible
                    -4.09604579172 (objective)
                    0 (bound viol.)
                    0 (int. viol.)
                    0 (row viol.)
  Timing            0.47
  Max sub-MIP depth 0
  Nodes             1
  Repair LPs        0
  LP iterations     1749
                    0 (strong br.)
                    0 (separation)
                    0 (heuristics)
MIP has 10754 rows; 9409 cols; 25538 nonzeros; 1344 integer variables (1344 binary)
Coefficient ranges:
  Matrix  [2e-01, 1e+00]
  Cost    [1e-02, 6e-02]
  Bound   [1e+00, 1e+00]
  RHS     [3e-05, 2e+00]
WARNING: Problem has some excessively small row bounds
Presolving model
8064 rows, 8950 cols, 22389 nonzeros 0s
6324 rows, 7544 cols, 17907 nonzeros 0s
5010 rows, 6289 cols, 14442 nonzeros 0s
4839 rows, 5850 cols, 13832 nonzeros 0s
Presolve reductions: rows 4839(-5915); columns 5850(-3559); nonzeros 13832(-11706) 

Solving MIP model with:
   4839 rows
   5850 cols (786 binary, 0 integer, 0 implied int., 5064 continuous, 0 domain fixed)
   13832 nonzeros

Src: B => Branching; C => Central rounding; F => Feasibility pump; H => Heuristic;
     I => Shifting; J => Feasibility jump; L => Sub-MIP; P => Empty MIP; R => Randomized rounding;
     S => Solve LP; T => Evaluate node; U => Unbounded; X => User solution; Y => HiGHS solution;
     Z => ZI Round; l => Trivial lower; p => Trivial point; u => Trivial upper; z => Trivial zero

        Nodes      |    B&B Tree     |            Objective Bounds              |  Dynamic Constraints |       Work      
Src  Proc. InQueue |  Leaves   Expl. | BestBound       BestSol              Gap |   Cuts   InLp Confl. | LpIters     Time

         0       0         0   0.00%   -4.001467679    inf                  inf        0      0      0         0     0.5s
 T       0       0         0   0.00%   -4.001467679    -3.318790441      20.57%        0      0      0      1828     0.6s
         1       0         1 100.00%   -3.318790441    -3.318790441       0.00%        0      0      0      1828     0.6s

Solving report
  Status            Optimal
  Primal bound      -3.3187904406
  Dual bound        -3.3187904406
  Gap               0% (tolerance: 0.5%)
  P-D integral      1.39053627746e-05
  Solution status   feasible
                    -3.3187904406 (objective)
                    0 (bound viol.)
                    0 (int. viol.)
                    0 (row viol.)
  Timing            0.60
  Max sub-MIP depth 0
  Nodes             1
  Repair LPs        0
  LP iterations     1828
                    0 (strong br.)
                    0 (separation)
                    0 (heuristics)
MIP has 10753 rows; 9409 cols; 25537 nonzeros; 1344 integer variables (1344 binary)
Coefficient ranges:
  Matrix  [2e-01, 1e+00]
  Cost    [1e-02, 6e-02]
  Bound   [1e+00, 1e+00]
  RHS     [2e-04, 2e+00]
Presolving model
8064 rows, 8598 cols, 22037 nonzeros 0s
6365 rows, 7233 cols, 17637 nonzeros 0s
4506 rows, 5617 cols, 12826 nonzeros 0s
2753 rows, 3868 cols, 8180 nonzeros 0s
2498 rows, 3613 cols, 7670 nonzeros 0s
Presolve reductions: rows 2498(-8255); columns 3613(-5796); nonzeros 7670(-17867) 

Solving MIP model with:
   2498 rows
   3613 cols (390 binary, 0 integer, 0 implied int., 3223 continuous, 0 domain fixed)
   7670 nonzeros

Src: B => Branching; C => Central rounding; F => Feasibility pump; H => Heuristic;
     I => Shifting; J => Feasibility jump; L => Sub-MIP; P => Empty MIP; R => Randomized rounding;
     S => Solve LP; T => Evaluate node; U => Unbounded; X => User solution; Y => HiGHS solution;
     Z => ZI Round; l => Trivial lower; p => Trivial point; u => Trivial upper; z => Trivial zero

        Nodes      |    B&B Tree     |            Objective Bounds              |  Dynamic Constraints |       Work      
Src  Proc. InQueue |  Leaves   Expl. | BestBound       BestSol              Gap |   Cuts   InLp Confl. | LpIters     Time

 J       0       0         0   0.00%   -inf            2.624214923        Large        0      0      0         0     0.4s
 T       0       0         0   0.00%   -0.2002940606   1.640948792      112.21%        0      0      0       972     0.4s
         1       0         1 100.00%   1.640948792     1.640948792        0.00%        0      0      0       972     0.4s

Solving report
  Status            Optimal
  Primal bound      1.6409487915
  Dual bound        1.6409487915
  Gap               0% (tolerance: 0.5%)
  P-D integral      0.0357589897631
  Solution status   feasible
                    1.6409487915 (objective)
                    0 (bound viol.)
                    0 (int. viol.)
                    0 (row viol.)
  Timing            0.44
  Max sub-MIP depth 0
  Nodes             1
  Repair LPs        0
  LP iterations     972
                    0 (strong br.)
                    0 (separation)
                    0 (heuristics)
MIP has 10753 rows; 9409 cols; 25537 nonzeros; 1344 integer variables (1344 binary)
Coefficient ranges:
  Matrix  [2e-01, 1e+00]
  Cost    [1e-02, 6e-02]
  Bound   [1e+00, 1e+00]
  RHS     [2e-04, 2e+00]
Presolving model
8064 rows, 8601 cols, 22040 nonzeros 0s
6363 rows, 7234 cols, 17636 nonzeros 0s
4525 rows, 5637 cols, 12865 nonzeros 0s
2750 rows, 3881 cols, 8178 nonzeros 0s
2491 rows, 3622 cols, 7660 nonzeros 0s
Presolve reductions: rows 2491(-8262); columns 3622(-5787); nonzeros 7660(-17877) 

Solving MIP model with:
   2491 rows
   3622 cols (387 binary, 0 integer, 0 implied int., 3235 continuous, 0 domain fixed)
   7660 nonzeros

Src: B => Branching; C => Central rounding; F => Feasibility pump; H => Heuristic;
     I => Shifting; J => Feasibility jump; L => Sub-MIP; P => Empty MIP; R => Randomized rounding;
     S => Solve LP; T => Evaluate node; U => Unbounded; X => User solution; Y => HiGHS solution;
     Z => ZI Round; l => Trivial lower; p => Trivial point; u => Trivial upper; z => Trivial zero

        Nodes      |    B&B Tree     |            Objective Bounds              |  Dynamic Constraints |       Work      
Src  Proc. InQueue |  Leaves   Expl. | BestBound       BestSol              Gap |   Cuts   InLp Confl. | LpIters     Time

 J       0       0         0   0.00%   -inf            2.179593218        Large        0      0      0         0     0.4s
 T       0       0         0   0.00%   -0.2805844917   1.303201639      121.53%        0      0      0       985     0.4s
         1       0         1 100.00%   1.303201639     1.303201639        0.00%        0      0      0       985     0.4s

Solving report
  Status            Optimal
  Primal bound      1.30320163924
  Dual bound        1.30320163924
  Gap               0% (tolerance: 0.5%)
  P-D integral      0.0408258718821
  Solution status   feasible
                    1.30320163924 (objective)
                    0 (bound viol.)
                    0 (int. viol.)
                    0 (row viol.)
  Timing            0.44
  Max sub-MIP depth 0
  Nodes             1
  Repair LPs        0
  LP iterations     985
                    0 (strong br.)
                    0 (separation)
                    0 (heuristics)
MIP has 10753 rows; 9409 cols; 25537 nonzeros; 1344 integer variables (1344 binary)
Coefficient ranges:
  Matrix  [2e-01, 1e+00]
  Cost    [5e-03, 6e-02]
  Bound   [1e+00, 1e+00]
  RHS     [2e-04, 2e+00]
Presolving model
8064 rows, 8609 cols, 22048 nonzeros 0s
6362 rows, 7241 cols, 17642 nonzeros 0s
4505 rows, 5624 cols, 12832 nonzeros 0s
2759 rows, 3874 cols, 8192 nonzeros 0s
2515 rows, 3620 cols, 7694 nonzeros 0s
Presolve reductions: rows 2515(-8238); columns 3620(-5789); nonzeros 7694(-17843) 

Solving MIP model with:
   2515 rows
   3620 cols (390 binary, 0 integer, 0 implied int., 3230 continuous, 0 domain fixed)
   7694 nonzeros

Src: B => Branching; C => Central rounding; F => Feasibility pump; H => Heuristic;
     I => Shifting; J => Feasibility jump; L => Sub-MIP; P => Empty MIP; R => Randomized rounding;
     S => Solve LP; T => Evaluate node; U => Unbounded; X => User solution; Y => HiGHS solution;
     Z => ZI Round; l => Trivial lower; p => Trivial point; u => Trivial upper; z => Trivial zero

        Nodes      |    B&B Tree     |            Objective Bounds              |  Dynamic Constraints |       Work      
Src  Proc. InQueue |  Leaves   Expl. | BestBound       BestSol              Gap |   Cuts   InLp Confl. | LpIters     Time

 J       0       0         0   0.00%   -inf            1.941834528        Large        0      0      0         0     0.4s
 T       0       0         0   0.00%   -0.3793188626   1.150893609      132.96%        0      0      0       999     0.4s
         1       0         1 100.00%   1.150893609     1.150893609        0.00%        0      0      0       999     0.4s

Solving report
  Status            Optimal
  Primal bound      1.15089360944
  Dual bound        1.15089360944
  Gap               0% (tolerance: 0.5%)
  P-D integral      0.0334664667211
  Solution status   feasible
                    1.15089360944 (objective)
                    0 (bound viol.)
                    0 (int. viol.)
                    0 (row viol.)
  Timing            0.44
  Max sub-MIP depth 0
  Nodes             1
  Repair LPs        0
  LP iterations     999
                    0 (strong br.)
                    0 (separation)
                    0 (heuristics)
MIP has 10753 rows; 9409 cols; 25537 nonzeros; 1344 integer variables (1344 binary)
Coefficient ranges:
  Matrix  [2e-01, 1e+00]
  Cost    [5e-03, 6e-02]
  Bound   [1e+00, 1e+00]
  RHS     [2e-04, 2e+00]
Presolving model
8064 rows, 8617 cols, 22056 nonzeros 0s
6359 rows, 7246 cols, 17644 nonzeros 0s
4518 rows, 5642 cols, 12863 nonzeros 0s
2792 rows, 3908 cols, 8275 nonzeros 0s
2546 rows, 3662 cols, 7783 nonzeros 0s
Presolve reductions: rows 2546(-8207); columns 3662(-5747); nonzeros 7783(-17754) 

Solving MIP model with:
   2546 rows
   3662 cols (394 binary, 0 integer, 0 implied int., 3268 continuous, 0 domain fixed)
   7783 nonzeros

Src: B => Branching; C => Central rounding; F => Feasibility pump; H => Heuristic;
     I => Shifting; J => Feasibility jump; L => Sub-MIP; P => Empty MIP; R => Randomized rounding;
     S => Solve LP; T => Evaluate node; U => Unbounded; X => User solution; Y => HiGHS solution;
     Z => ZI Round; l => Trivial lower; p => Trivial point; u => Trivial upper; z => Trivial zero

        Nodes      |    B&B Tree     |            Objective Bounds              |  Dynamic Constraints |       Work      
Src  Proc. InQueue |  Leaves   Expl. | BestBound       BestSol              Gap |   Cuts   InLp Confl. | LpIters     Time

 J       0       0         0   0.00%   -inf            1.97249564         Large        0      0      0         0     0.4s
 T       0       0         0   0.00%   -0.4779653761   1.025309451      146.62%        0      0      0      1016     0.4s
         1       0         1 100.00%   1.025309451     1.025309451        0.00%        0      0      0      1016     0.4s

Solving report
  Status            Optimal
  Primal bound      1.02530945082
  Dual bound        1.02530945082
  Gap               0% (tolerance: 0.5%)
  P-D integral      0.0436882374366
  Solution status   feasible
                    1.02530945082 (objective)
                    0 (bound viol.)
                    0 (int. viol.)
                    0 (row viol.)
  Timing            0.44
  Max sub-MIP depth 0
  Nodes             1
  Repair LPs        0
  LP iterations     1016
                    0 (strong br.)
                    0 (separation)
                    0 (heuristics)
MIP has 10753 rows; 9409 cols; 25537 nonzeros; 1344 integer variables (1344 binary)
Coefficient ranges:
  Matrix  [2e-01, 1e+00]
  Cost    [5e-03, 6e-02]
  Bound   [1e+00, 1e+00]
  RHS     [4e-04, 2e+00]
Presolving model
8064 rows, 8611 cols, 22050 nonzeros 0s
6365 rows, 7246 cols, 17650 nonzeros 0s
4509 rows, 5631 cols, 12843 nonzeros 0s
2806 rows, 3922 cols, 8323 nonzeros 0s
2564 rows, 3680 cols, 7839 nonzeros 0s
Presolve reductions: rows 2564(-8189); columns 3680(-5729); nonzeros 7839(-17698) 

Solving MIP model with:
   2564 rows
   3680 cols (399 binary, 0 integer, 0 implied int., 3281 continuous, 0 domain fixed)
   7839 nonzeros

Src: B => Branching; C => Central rounding; F => Feasibility pump; H => Heuristic;
     I => Shifting; J => Feasibility jump; L => Sub-MIP; P => Empty MIP; R => Randomized rounding;
     S => Solve LP; T => Evaluate node; U => Unbounded; X => User solution; Y => HiGHS solution;
     Z => ZI Round; l => Trivial lower; p => Trivial point; u => Trivial upper; z => Trivial zero

        Nodes      |    B&B Tree     |            Objective Bounds              |  Dynamic Constraints |       Work      
Src  Proc. InQueue |  Leaves   Expl. | BestBound       BestSol              Gap |   Cuts   InLp Confl. | LpIters     Time

 J       0       0         0   0.00%   -inf            1.58093869         Large        0      0      0         0     0.4s
 T       0       0         0   0.00%   -0.8507289607   0.5211310157     263.25%        0      0      0      1015     0.4s
         1       0         1 100.00%   0.5211310157    0.5211310157       0.00%        0      0      0      1015     0.4s

Solving report
  Status            Optimal
  Primal bound      0.521131015662
  Dual bound        0.521131015662
  Gap               0% (tolerance: 0.5%)
  P-D integral      0.0508537119504
  Solution status   feasible
                    0.521131015662 (objective)
                    0 (bound viol.)
                    0 (int. viol.)
                    0 (row viol.)
  Timing            0.42
  Max sub-MIP depth 0
  Nodes             1
  Repair LPs        0
  LP iterations     1015
                    0 (strong br.)
                    0 (separation)
                    0 (heuristics)
MIP has 10753 rows; 9409 cols; 25537 nonzeros; 1344 integer variables (1344 binary)
Coefficient ranges:
  Matrix  [2e-01, 1e+00]
  Cost    [1e-02, 6e-02]
  Bound   [1e+00, 1e+00]
  RHS     [4e-04, 2e+00]
Presolving model
8064 rows, 8635 cols, 22074 nonzeros 0s
6351 rows, 7256 cols, 17646 nonzeros 0s
4495 rows, 5635 cols, 12833 nonzeros 0s
3010 rows, 4085 cols, 8858 nonzeros 0s
2795 rows, 3858 cols, 8416 nonzeros 0s
Presolve reductions: rows 2795(-7958); columns 3858(-5551); nonzeros 8416(-17121) 

Solving MIP model with:
   2795 rows
   3858 cols (441 binary, 0 integer, 0 implied int., 3417 continuous, 0 domain fixed)
   8416 nonzeros

Src: B => Branching; C => Central rounding; F => Feasibility pump; H => Heuristic;
     I => Shifting; J => Feasibility jump; L => Sub-MIP; P => Empty MIP; R => Randomized rounding;
     S => Solve LP; T => Evaluate node; U => Unbounded; X => User solution; Y => HiGHS solution;
     Z => ZI Round; l => Trivial lower; p => Trivial point; u => Trivial upper; z => Trivial zero

        Nodes      |    B&B Tree     |            Objective Bounds              |  Dynamic Constraints |       Work      
Src  Proc. InQueue |  Leaves   Expl. | BestBound       BestSol              Gap |   Cuts   InLp Confl. | LpIters     Time

 J       0       0         0   0.00%   -inf            1.061377871        Large        0      0      0         0     0.4s
 T       0       0         0   0.00%   -1.280188538    0.00239763145      Large        0      0      0      1075     0.5s
         1       0         1 100.00%   0.00239763145   0.00239763145      0.00%        0      0      0      1075     0.5s

Solving report
  Status            Optimal
  Primal bound      0.00239763145089
  Dual bound        0.00239763145089
  Gap               0% (tolerance: 0.5%)
  P-D integral      0.126343725039
  Solution status   feasible
                    0.00239763145089 (objective)
                    0 (bound viol.)
                    0 (int. viol.)
                    0 (row viol.)
  Timing            0.48
  Max sub-MIP depth 0
  Nodes             1
  Repair LPs        0
  LP iterations     1075
                    0 (strong br.)
                    0 (separation)
                    0 (heuristics)
MIP has 10753 rows; 9409 cols; 25537 nonzeros; 1344 integer variables (1344 binary)
Coefficient ranges:
  Matrix  [2e-01, 1e+00]
  Cost    [1e-02, 6e-02]
  Bound   [1e+00, 1e+00]
  RHS     [2e-04, 2e+00]
Presolving model
8064 rows, 8674 cols, 22113 nonzeros 0s
6345 rows, 7289 cols, 17673 nonzeros 0s
4465 rows, 5631 cols, 12799 nonzeros 0s
3276 rows, 4281 cols, 9540 nonzeros 0s
3108 rows, 4108 cols, 9199 nonzeros 0s
Presolve reductions: rows 3108(-7645); columns 4108(-5301); nonzeros 9199(-16338) 

Solving MIP model with:
   3108 rows
   4108 cols (496 binary, 0 integer, 0 implied int., 3612 continuous, 0 domain fixed)
   9199 nonzeros

Src: B => Branching; C => Central rounding; F => Feasibility pump; H => Heuristic;
     I => Shifting; J => Feasibility jump; L => Sub-MIP; P => Empty MIP; R => Randomized rounding;
     S => Solve LP; T => Evaluate node; U => Unbounded; X => User solution; Y => HiGHS solution;
     Z => ZI Round; l => Trivial lower; p => Trivial point; u => Trivial upper; z => Trivial zero

        Nodes      |    B&B Tree     |            Objective Bounds              |  Dynamic Constraints |       Work      
Src  Proc. InQueue |  Leaves   Expl. | BestBound       BestSol              Gap |   Cuts   InLp Confl. | LpIters     Time

 J       0       0         0   0.00%   -inf            0.7383130384       Large        0      0      0         0     0.4s
 T       0       0         0   0.00%   -1.712988833    -0.5629439239    204.29%        0      0      0      1165     0.5s
         1       0         1 100.00%   -0.5629439239   -0.5629439239      0.00%        0      0      0      1165     0.5s

Solving report
  Status            Optimal
  Primal bound      -0.562943923921
  Dual bound        -0.562943923921
  Gap               0% (tolerance: 0.5%)
  P-D integral      0.130050437085
  Solution status   feasible
                    -0.562943923921 (objective)
                    0 (bound viol.)
                    0 (int. viol.)
                    0 (row viol.)
  Timing            0.49
  Max sub-MIP depth 0
  Nodes             1
  Repair LPs        0
  LP iterations     1165
                    0 (strong br.)
                    0 (separation)
                    0 (heuristics)
MIP has 10753 rows; 9409 cols; 25537 nonzeros; 1344 integer variables (1344 binary)
Coefficient ranges:
  Matrix  [2e-01, 1e+00]
  Cost    [1e-02, 6e-02]
  Bound   [1e+00, 1e+00]
  RHS     [2e-04, 2e+00]
Presolving model
8064 rows, 8692 cols, 22131 nonzeros 0s
6335 rows, 7297 cols, 17671 nonzeros 0s
4451 rows, 5627 cols, 12781 nonzeros 0s
3437 rows, 4396 cols, 9960 nonzeros 0s
3306 rows, 4265 cols, 9698 nonzeros 0s
Presolve reductions: rows 3306(-7447); columns 4265(-5144); nonzeros 9698(-15839) 

Solving MIP model with:
   3306 rows
   4265 cols (532 binary, 0 integer, 0 implied int., 3733 continuous, 0 domain fixed)
   9698 nonzeros

Src: B => Branching; C => Central rounding; F => Feasibility pump; H => Heuristic;
     I => Shifting; J => Feasibility jump; L => Sub-MIP; P => Empty MIP; R => Randomized rounding;
     S => Solve LP; T => Evaluate node; U => Unbounded; X => User solution; Y => HiGHS solution;
     Z => ZI Round; l => Trivial lower; p => Trivial point; u => Trivial upper; z => Trivial zero

        Nodes      |    B&B Tree     |            Objective Bounds              |  Dynamic Constraints |       Work      
Src  Proc. InQueue |  Leaves   Expl. | BestBound       BestSol              Gap |   Cuts   InLp Confl. | LpIters     Time

 J       0       0         0   0.00%   -inf            0.6657210714       Large        0      0      0         0     0.4s
 T       0       0         0   0.00%   -1.82758008     -0.7265874328    151.53%        0      0      0      1217     0.5s
         1       0         1 100.00%   -0.7265874328   -0.7265874328      0.00%        0      0      0      1217     0.5s

Solving report
  Status            Optimal
  Primal bound      -0.726587432844
  Dual bound        -0.726587432844
  Gap               0% (tolerance: 0.5%)
  P-D integral      0.175194905939
  Solution status   feasible
                    -0.726587432844 (objective)
                    0 (bound viol.)
                    0 (int. viol.)
                    0 (row viol.)
  Timing            0.48
  Max sub-MIP depth 0
  Nodes             1
  Repair LPs        0
  LP iterations     1217
                    0 (strong br.)
                    0 (separation)
                    0 (heuristics)
MIP has 10753 rows; 9409 cols; 25537 nonzeros; 1344 integer variables (1344 binary)
Coefficient ranges:
  Matrix  [2e-01, 1e+00]
  Cost    [1e-02, 6e-02]
  Bound   [1e+00, 1e+00]
  RHS     [5e-05, 2e+00]
WARNING: Problem has some excessively small row bounds
Presolving model
8064 rows, 8707 cols, 22146 nonzeros 0s
6333 rows, 7310 cols, 17682 nonzeros 0s
4454 rows, 5639 cols, 12796 nonzeros 0s
3502 rows, 4466 cols, 10135 nonzeros 0s
3376 rows, 4340 cols, 9883 nonzeros 0s
Presolve reductions: rows 3376(-7377); columns 4340(-5069); nonzeros 9883(-15654) 

Solving MIP model with:
   3376 rows
   4340 cols (542 binary, 0 integer, 0 implied int., 3798 continuous, 0 domain fixed)
   9883 nonzeros

Src: B => Branching; C => Central rounding; F => Feasibility pump; H => Heuristic;
     I => Shifting; J => Feasibility jump; L => Sub-MIP; P => Empty MIP; R => Randomized rounding;
     S => Solve LP; T => Evaluate node; U => Unbounded; X => User solution; Y => HiGHS solution;
     Z => ZI Round; l => Trivial lower; p => Trivial point; u => Trivial upper; z => Trivial zero

        Nodes      |    B&B Tree     |            Objective Bounds              |  Dynamic Constraints |       Work      
Src  Proc. InQueue |  Leaves   Expl. | BestBound       BestSol              Gap |   Cuts   InLp Confl. | LpIters     Time

 J       0       0         0   0.00%   -inf            1.044962239        Large        0      0      0         0     0.5s
 T       0       0         0   0.00%   -1.898091143    -0.7110863621    166.93%        0      0      0      1258     0.5s
         1       0         1 100.00%   -0.7110863621   -0.7110863621      0.00%        0      0      0      1258     0.5s

Solving report
  Status            Optimal
  Primal bound      -0.711086362072
  Dual bound        -0.711086362072
  Gap               0% (tolerance: 0.5%)
  P-D integral      0.122080270582
  Solution status   feasible
                    -0.711086362072 (objective)
                    0 (bound viol.)
                    0 (int. viol.)
                    0 (row viol.)
  Timing            0.51
  Max sub-MIP depth 0
  Nodes             1
  Repair LPs        0
  LP iterations     1258
                    0 (strong br.)
                    0 (separation)
                    0 (heuristics)
MIP has 10753 rows; 9409 cols; 25537 nonzeros; 1344 integer variables (1344 binary)
Coefficient ranges:
  Matrix  [2e-01, 1e+00]
  Cost    [1e-02, 6e-02]
  Bound   [1e+00, 1e+00]
  RHS     [5e-05, 2e+00]
WARNING: Problem has some excessively small row bounds
Presolving model
8064 rows, 8724 cols, 22163 nonzeros 0s
6347 rows, 7341 cols, 17727 nonzeros 0s
4473 rows, 5678 cols, 12854 nonzeros 0s
3500 rows, 4513 cols, 10164 nonzeros 0s
3366 rows, 4379 cols, 9896 nonzeros 0s
Presolve reductions: rows 3366(-7387); columns 4379(-5030); nonzeros 9896(-15641) 

Solving MIP model with:
   3366 rows
   4379 cols (538 binary, 0 integer, 0 implied int., 3841 continuous, 0 domain fixed)
   9896 nonzeros

Src: B => Branching; C => Central rounding; F => Feasibility pump; H => Heuristic;
     I => Shifting; J => Feasibility jump; L => Sub-MIP; P => Empty MIP; R => Randomized rounding;
     S => Solve LP; T => Evaluate node; U => Unbounded; X => User solution; Y => HiGHS solution;
     Z => ZI Round; l => Trivial lower; p => Trivial point; u => Trivial upper; z => Trivial zero

        Nodes      |    B&B Tree     |            Objective Bounds              |  Dynamic Constraints |       Work      
Src  Proc. InQueue |  Leaves   Expl. | BestBound       BestSol              Gap |   Cuts   InLp Confl. | LpIters     Time

 J       0       0         0   0.00%   -inf            1.545350402        Large        0      0      0         0     0.4s
 T       0       0         0   0.00%   -2.487179193    -1.131568812     119.80%        0      0      0      1271     0.5s
         1       0         1 100.00%   -1.131568812    -1.131568812       0.00%        0      0      0      1271     0.5s

Solving report
  Status            Optimal
  Primal bound      -1.13156881191
  Dual bound        -1.13156881191
  Gap               0% (tolerance: 0.5%)
  P-D integral      0.105580906515
  Solution status   feasible
                    -1.13156881191 (objective)
                    0 (bound viol.)
                    0 (int. viol.)
                    0 (row viol.)
  Timing            0.49
  Max sub-MIP depth 0
  Nodes             1
  Repair LPs        0
  LP iterations     1271
                    0 (strong br.)
                    0 (separation)
                    0 (heuristics)
MIP has 10753 rows; 9409 cols; 25537 nonzeros; 1344 integer variables (1344 binary)
Coefficient ranges:
  Matrix  [2e-01, 1e+00]
  Cost    [1e-02, 6e-02]
  Bound   [1e+00, 1e+00]
  RHS     [7e-05, 2e+00]
WARNING: Problem has some excessively small row bounds
Presolving model
8064 rows, 8744 cols, 22183 nonzeros 0s
6348 rows, 7362 cols, 17749 nonzeros 0s
4488 rows, 5714 cols, 12905 nonzeros 0s
3506 rows, 4543 cols, 10192 nonzeros 0s
3376 rows, 4413 cols, 9932 nonzeros 0s
Presolve reductions: rows 3376(-7377); columns 4413(-4996); nonzeros 9932(-15605) 

Solving MIP model with:
   3376 rows
   4413 cols (536 binary, 0 integer, 0 implied int., 3877 continuous, 0 domain fixed)
   9932 nonzeros

Src: B => Branching; C => Central rounding; F => Feasibility pump; H => Heuristic;
     I => Shifting; J => Feasibility jump; L => Sub-MIP; P => Empty MIP; R => Randomized rounding;
     S => Solve LP; T => Evaluate node; U => Unbounded; X => User solution; Y => HiGHS solution;
     Z => ZI Round; l => Trivial lower; p => Trivial point; u => Trivial upper; z => Trivial zero

        Nodes      |    B&B Tree     |            Objective Bounds              |  Dynamic Constraints |       Work      
Src  Proc. InQueue |  Leaves   Expl. | BestBound       BestSol              Gap |   Cuts   InLp Confl. | LpIters     Time

 J       0       0         0   0.00%   -inf            1.614223925        Large        0      0      0         0     0.4s
 T       0       0         0   0.00%   -3.176715953    -1.831663124      73.43%        0      0      0      1283     0.5s
         1       0         1 100.00%   -1.831663124    -1.831663124       0.00%        0      0      0      1283     0.5s

Solving report
  Status            Optimal
  Primal bound      -1.83166312397
  Dual bound        -1.83166312397
  Gap               0% (tolerance: 0.5%)
  P-D integral      0.113334345695
  Solution status   feasible
                    -1.83166312397 (objective)
                    0 (bound viol.)
                    0 (int. viol.)
                    0 (row viol.)
  Timing            0.48
  Max sub-MIP depth 0
  Nodes             1
  Repair LPs        0
  LP iterations     1283
                    0 (strong br.)
                    0 (separation)
                    0 (heuristics)
MIP has 10753 rows; 9409 cols; 25537 nonzeros; 1344 integer variables (1344 binary)
Coefficient ranges:
  Matrix  [2e-01, 1e+00]
  Cost    [1e-02, 6e-02]
  Bound   [1e+00, 1e+00]
  RHS     [7e-05, 2e+00]
WARNING: Problem has some excessively small row bounds
Presolving model
8064 rows, 8764 cols, 22203 nonzeros 0s
6348 rows, 7382 cols, 17769 nonzeros 0s
4487 rows, 5736 cols, 12926 nonzeros 0s
3573 rows, 4625 cols, 10385 nonzeros 0s
3453 rows, 4505 cols, 10145 nonzeros 0s
Presolve reductions: rows 3453(-7300); columns 4505(-4904); nonzeros 10145(-15392) 

Solving MIP model with:
   3453 rows
   4505 cols (547 binary, 0 integer, 0 implied int., 3958 continuous, 0 domain fixed)
   10145 nonzeros

Src: B => Branching; C => Central rounding; F => Feasibility pump; H => Heuristic;
     I => Shifting; J => Feasibility jump; L => Sub-MIP; P => Empty MIP; R => Randomized rounding;
     S => Solve LP; T => Evaluate node; U => Unbounded; X => User solution; Y => HiGHS solution;
     Z => ZI Round; l => Trivial lower; p => Trivial point; u => Trivial upper; z => Trivial zero

        Nodes      |    B&B Tree     |            Objective Bounds              |  Dynamic Constraints |       Work      
Src  Proc. InQueue |  Leaves   Expl. | BestBound       BestSol              Gap |   Cuts   InLp Confl. | LpIters     Time

 J       0       0         0   0.00%   -inf            1.558234325        Large        0      0      0         0     0.5s
 T       0       0         0   0.00%   -3.556707369    -2.169030366      63.98%        0      0      0      1321     0.5s
         1       0         1 100.00%   -2.169030366    -2.169030366       0.00%        0      0      0      1321     0.5s

Solving report
  Status            Optimal
  Primal bound      -2.16903036601
  Dual bound        -2.16903036601
  Gap               0% (tolerance: 0.5%)
  P-D integral      0.134962980275
  Solution status   feasible
                    -2.16903036601 (objective)
                    0 (bound viol.)
                    0 (int. viol.)
                    0 (row viol.)
  Timing            0.53
  Max sub-MIP depth 0
  Nodes             1
  Repair LPs        0
  LP iterations     1321
                    0 (strong br.)
                    0 (separation)
                    0 (heuristics)
MIP has 10753 rows; 9409 cols; 25537 nonzeros; 1344 integer variables (1344 binary)
Coefficient ranges:
  Matrix  [2e-01, 1e+00]
  Cost    [1e-02, 6e-02]
  Bound   [1e+00, 1e+00]
  RHS     [2e-04, 2e+00]
Presolving model
8064 rows, 8776 cols, 22215 nonzeros 0s
6339 rows, 7385 cols, 17763 nonzeros 0s
4464 rows, 5712 cols, 12879 nonzeros 0s
3737 rows, 4736 cols, 10804 nonzeros 0s
3645 rows, 4644 cols, 10620 nonzeros 0s
Presolve reductions: rows 3645(-7108); columns 4644(-4765); nonzeros 10620(-14917) 

Solving MIP model with:
   3645 rows
   4644 cols (583 binary, 0 integer, 0 implied int., 4061 continuous, 0 domain fixed)
   10620 nonzeros

Src: B => Branching; C => Central rounding; F => Feasibility pump; H => Heuristic;
     I => Shifting; J => Feasibility jump; L => Sub-MIP; P => Empty MIP; R => Randomized rounding;
     S => Solve LP; T => Evaluate node; U => Unbounded; X => User solution; Y => HiGHS solution;
     Z => ZI Round; l => Trivial lower; p => Trivial point; u => Trivial upper; z => Trivial zero

        Nodes      |    B&B Tree     |            Objective Bounds              |  Dynamic Constraints |       Work      
Src  Proc. InQueue |  Leaves   Expl. | BestBound       BestSol              Gap |   Cuts   InLp Confl. | LpIters     Time

         0       0         0   0.00%   -3.010159742    inf                  inf        0      0      0         0     0.5s
 T       0       0         0   0.00%   -3.010159742    -1.740692865      72.93%        0      0      0      1372     0.5s
         1       0         1 100.00%   -1.740692865    -1.740692865       0.00%        0      0      0      1372     0.5s

Solving report
  Status            Optimal
  Primal bound      -1.74069286454
  Dual bound        -1.74069286454
  Gap               0% (tolerance: 0.5%)
  P-D integral      4.99562444144e-05
  Solution status   feasible
                    -1.74069286454 (objective)
                    0 (bound viol.)
                    0 (int. viol.)
                    0 (row viol.)
  Timing            0.55
  Max sub-MIP depth 0
  Nodes             1
  Repair LPs        0
  LP iterations     1372
                    0 (strong br.)
                    0 (separation)
                    0 (heuristics)
MIP has 10753 rows; 9409 cols; 25537 nonzeros; 1344 integer variables (1344 binary)
Coefficient ranges:
  Matrix  [2e-01, 1e+00]
  Cost    [1e-02, 6e-02]
  Bound   [1e+00, 1e+00]
  RHS     [2e-04, 2e+00]
Presolving model
8064 rows, 8786 cols, 22225 nonzeros 0s
6325 rows, 7381 cols, 17745 nonzeros 0s
4434 rows, 5684 cols, 12821 nonzeros 0s
3845 rows, 4782 cols, 11106 nonzeros 0s
Presolve reductions: rows 3845(-6908); columns 4782(-4627); nonzeros 11106(-14431) 

Solving MIP model with:
   3845 rows
   4782 cols (620 binary, 0 integer, 0 implied int., 4162 continuous, 0 domain fixed)
   11106 nonzeros

Src: B => Branching; C => Central rounding; F => Feasibility pump; H => Heuristic;
     I => Shifting; J => Feasibility jump; L => Sub-MIP; P => Empty MIP; R => Randomized rounding;
     S => Solve LP; T => Evaluate node; U => Unbounded; X => User solution; Y => HiGHS solution;
     Z => ZI Round; l => Trivial lower; p => Trivial point; u => Trivial upper; z => Trivial zero

        Nodes      |    B&B Tree     |            Objective Bounds              |  Dynamic Constraints |       Work      
Src  Proc. InQueue |  Leaves   Expl. | BestBound       BestSol              Gap |   Cuts   InLp Confl. | LpIters     Time

         0       0         0   0.00%   -2.700672453    inf                  inf        0      0      0         0     0.5s
 T       0       0         0   0.00%   -2.700672453    -1.630192892      65.67%        0      0      0      1420     0.5s
         1       0         1 100.00%   -1.630192892    -1.630192892       0.00%        0      0      0      1420     0.5s

Solving report
  Status            Optimal
  Primal bound      -1.63019289243
  Dual bound        -1.63019289243
  Gap               0% (tolerance: 0.5%)
  P-D integral      4.59660717334e-05
  Solution status   feasible
                    -1.63019289243 (objective)
                    0 (bound viol.)
                    0 (int. viol.)
                    0 (row viol.)
  Timing            0.55
  Max sub-MIP depth 0
  Nodes             1
  Repair LPs        0
  LP iterations     1420
                    0 (strong br.)
                    0 (separation)
                    0 (heuristics)
MIP has 10753 rows; 9409 cols; 25537 nonzeros; 1344 integer variables (1344 binary)
Coefficient ranges:
  Matrix  [2e-01, 1e+00]
  Cost    [1e-02, 6e-02]
  Bound   [1e+00, 1e+00]
  RHS     [2e-04, 2e+00]
Presolving model
8064 rows, 8808 cols, 22247 nonzeros 0s
6320 rows, 7398 cols, 17757 nonzeros 0s
4415 rows, 5685 cols, 12803 nonzeros 0s
4182 rows, 5069 cols, 11954 nonzeros 0s
Presolve reductions: rows 4182(-6571); columns 5069(-4340); nonzeros 11954(-13583) 

Solving MIP model with:
   4182 rows
   5069 cols (676 binary, 0 integer, 0 implied int., 4393 continuous, 0 domain fixed)
   11954 nonzeros

Src: B => Branching; C => Central rounding; F => Feasibility pump; H => Heuristic;
     I => Shifting; J => Feasibility jump; L => Sub-MIP; P => Empty MIP; R => Randomized rounding;
     S => Solve LP; T => Evaluate node; U => Unbounded; X => User solution; Y => HiGHS solution;
     Z => ZI Round; l => Trivial lower; p => Trivial point; u => Trivial upper; z => Trivial zero

        Nodes      |    B&B Tree     |            Objective Bounds              |  Dynamic Constraints |       Work      
Src  Proc. InQueue |  Leaves   Expl. | BestBound       BestSol              Gap |   Cuts   InLp Confl. | LpIters     Time

         0       0         0   0.00%   -3.814771379    inf                  inf        0      0      0         0     0.5s
         0       0         0   0.00%   -2.094175996    inf                  inf        0      0      2      1634     0.5s
 R       0       0         0   0.00%   -2.094175996    -2.094175996       0.00%        0      0      2      1658     0.5s
         1       0         1 100.00%   -2.094175996    -2.094175996       0.00%        0      0      2      1658     0.5s

Solving report
  Status            Optimal
  Primal bound      -2.09417599589
  Dual bound        -2.09417599589
  Gap               0% (tolerance: 0.5%)
  P-D integral      1.41816686589e-18
  Solution status   feasible
                    -2.09417599589 (objective)
                    0 (bound viol.)
                    0 (int. viol.)
                    0 (row viol.)
  Timing            0.55
  Max sub-MIP depth 0
  Nodes             1
  Repair LPs        0
  LP iterations     1658
                    0 (strong br.)
                    24 (separation)
                    0 (heuristics)
MIP has 10753 rows; 9409 cols; 25537 nonzeros; 1344 integer variables (1344 binary)
Coefficient ranges:
  Matrix  [2e-01, 1e+00]
  Cost    [1e-02, 6e-02]
  Bound   [1e+00, 1e+00]
  RHS     [9e-05, 2e+00]
WARNING: Problem has some excessively small row bounds
Presolving model
8064 rows, 8828 cols, 22267 nonzeros 0s
6321 rows, 7415 cols, 17779 nonzeros 0s
4416 rows, 5673 cols, 12804 nonzeros 0s
4179 rows, 5436 cols, 12328 nonzeros 0s
Presolve reductions: rows 4179(-6574); columns 5436(-3973); nonzeros 12328(-13209) 

Solving MIP model with:
   4179 rows
   5436 cols (679 binary, 0 integer, 0 implied int., 4757 continuous, 0 domain fixed)
   12328 nonzeros

Src: B => Branching; C => Central rounding; F => Feasibility pump; H => Heuristic;
     I => Shifting; J => Feasibility jump; L => Sub-MIP; P => Empty MIP; R => Randomized rounding;
     S => Solve LP; T => Evaluate node; U => Unbounded; X => User solution; Y => HiGHS solution;
     Z => ZI Round; l => Trivial lower; p => Trivial point; u => Trivial upper; z => Trivial zero

        Nodes      |    B&B Tree     |            Objective Bounds              |  Dynamic Constraints |       Work      
Src  Proc. InQueue |  Leaves   Expl. | BestBound       BestSol              Gap |   Cuts   InLp Confl. | LpIters     Time

         0       0         0   0.00%   -3.461612077    inf                  inf        0      0      0         0     0.5s
 T       0       0         0   0.00%   -3.461612077    -2.460514127      40.69%        0      0      0      1512     0.6s
         1       0         1 100.00%   -2.460514127    -2.460514127       0.00%        0      0      0      1512     0.6s

Solving report
  Status            Optimal
  Primal bound      -2.46051412738
  Dual bound        -2.46051412738
  Gap               0% (tolerance: 0.5%)
  P-D integral      3.1165886544e-05
  Solution status   feasible
                    -2.46051412738 (objective)
                    0 (bound viol.)
                    0 (int. viol.)
                    0 (row viol.)
  Timing            0.56
  Max sub-MIP depth 0
  Nodes             1
  Repair LPs        0
  LP iterations     1512
                    0 (strong br.)
                    0 (separation)
                    0 (heuristics)
MIP has 10753 rows; 9409 cols; 25537 nonzeros; 1344 integer variables (1344 binary)
Coefficient ranges:
  Matrix  [2e-01, 1e+00]
  Cost    [1e-02, 6e-02]
  Bound   [1e+00, 1e+00]
  RHS     [9e-05, 2e+00]
WARNING: Problem has some excessively small row bounds
Presolving model
8064 rows, 8843 cols, 22282 nonzeros 0s
6318 rows, 7430 cols, 17787 nonzeros 0s
4490 rows, 5753 cols, 13010 nonzeros 0s
4261 rows, 5165 cols, 12193 nonzeros 0s
Presolve reductions: rows 4261(-6492); columns 5165(-4244); nonzeros 12193(-13344) 

Solving MIP model with:
   4261 rows
   5165 cols (692 binary, 0 integer, 0 implied int., 4473 continuous, 0 domain fixed)
   12193 nonzeros

Src: B => Branching; C => Central rounding; F => Feasibility pump; H => Heuristic;
     I => Shifting; J => Feasibility jump; L => Sub-MIP; P => Empty MIP; R => Randomized rounding;
     S => Solve LP; T => Evaluate node; U => Unbounded; X => User solution; Y => HiGHS solution;
     Z => ZI Round; l => Trivial lower; p => Trivial point; u => Trivial upper; z => Trivial zero

        Nodes      |    B&B Tree     |            Objective Bounds              |  Dynamic Constraints |       Work      
Src  Proc. InQueue |  Leaves   Expl. | BestBound       BestSol              Gap |   Cuts   InLp Confl. | LpIters     Time

         0       0         0   0.00%   -4.258978341    inf                  inf        0      0      0         0     0.5s
 T       0       0         0   0.00%   -4.258978341    -3.175243424      34.13%        0      0      0      1547     0.5s
         1       0         1 100.00%   -3.175243424    -3.175243424       0.00%        0      0      0      1547     0.5s

Solving report
  Status            Optimal
  Primal bound      -3.17524342407
  Dual bound        -3.17524342407
  Gap               0% (tolerance: 0.5%)
  P-D integral      2.50861156115e-05
  Solution status   feasible
                    -3.17524342407 (objective)
                    0 (bound viol.)
                    0 (int. viol.)
                    0 (row viol.)
  Timing            0.51
  Max sub-MIP depth 0
  Nodes             1
  Repair LPs        0
  LP iterations     1547
                    0 (strong br.)
                    0 (separation)
                    0 (heuristics)
MIP has 10753 rows; 9409 cols; 25537 nonzeros; 1344 integer variables (1344 binary)
Coefficient ranges:
  Matrix  [2e-01, 1e+00]
  Cost    [1e-02, 6e-02]
  Bound   [1e+00, 1e+00]
  RHS     [2e-04, 2e+00]
Presolving model
8064 rows, 8854 cols, 22293 nonzeros 0s
6338 rows, 7458 cols, 17839 nonzeros 0s
4479 rows, 5760 cols, 12986 nonzeros 0s
4240 rows, 5521 cols, 12506 nonzeros 0s
Presolve reductions: rows 4240(-6513); columns 5521(-3888); nonzeros 12506(-13031) 

Solving MIP model with:
   4240 rows
   5521 cols (687 binary, 0 integer, 0 implied int., 4834 continuous, 0 domain fixed)
   12506 nonzeros

Src: B => Branching; C => Central rounding; F => Feasibility pump; H => Heuristic;
     I => Shifting; J => Feasibility jump; L => Sub-MIP; P => Empty MIP; R => Randomized rounding;
     S => Solve LP; T => Evaluate node; U => Unbounded; X => User solution; Y => HiGHS solution;
     Z => ZI Round; l => Trivial lower; p => Trivial point; u => Trivial upper; z => Trivial zero

        Nodes      |    B&B Tree     |            Objective Bounds              |  Dynamic Constraints |       Work      
Src  Proc. InQueue |  Leaves   Expl. | BestBound       BestSol              Gap |   Cuts   InLp Confl. | LpIters     Time

         0       0         0   0.00%   -4.113648454    inf                  inf        0      0      0         0     0.5s
 T       0       0         0   0.00%   -4.113648454    -3.076535894      33.71%        0      0      0      1566     0.6s
         1       0         1 100.00%   -3.076535894    -3.076535894       0.00%        0      0      0      1566     0.6s

Solving report
  Status            Optimal
  Primal bound      -3.07653589354
  Dual bound        -3.07653589354
  Gap               0% (tolerance: 0.5%)
  P-D integral      2.49794053905e-05
  Solution status   feasible
                    -3.07653589354 (objective)
                    0 (bound viol.)
                    0 (int. viol.)
                    0 (row viol.)
  Timing            0.57
  Max sub-MIP depth 0
  Nodes             1
  Repair LPs        0
  LP iterations     1566
                    0 (strong br.)
                    0 (separation)
                    0 (heuristics)
MIP has 10753 rows; 9409 cols; 25537 nonzeros; 1344 integer variables (1344 binary)
Coefficient ranges:
  Matrix  [2e-01, 1e+00]
  Cost    [1e-02, 6e-02]
  Bound   [1e+00, 1e+00]
  RHS     [4e-04, 2e+00]
Presolving model
8064 rows, 8869 cols, 22308 nonzeros 0s
6332 rows, 7467 cols, 17842 nonzeros 0s
4551 rows, 5836 cols, 13186 nonzeros 0s
4319 rows, 5604 cols, 12720 nonzeros 0s
Presolve reductions: rows 4319(-6434); columns 5604(-3805); nonzeros 12720(-12817) 

Solving MIP model with:
   4319 rows
   5604 cols (700 binary, 0 integer, 0 implied int., 4904 continuous, 0 domain fixed)
   12720 nonzeros

Src: B => Branching; C => Central rounding; F => Feasibility pump; H => Heuristic;
     I => Shifting; J => Feasibility jump; L => Sub-MIP; P => Empty MIP; R => Randomized rounding;
     S => Solve LP; T => Evaluate node; U => Unbounded; X => User solution; Y => HiGHS solution;
     Z => ZI Round; l => Trivial lower; p => Trivial point; u => Trivial upper; z => Trivial zero

        Nodes      |    B&B Tree     |            Objective Bounds              |  Dynamic Constraints |       Work      
Src  Proc. InQueue |  Leaves   Expl. | BestBound       BestSol              Gap |   Cuts   InLp Confl. | LpIters     Time

         0       0         0   0.00%   -4.245172114    inf                  inf        0      0      0         0     0.6s
 T       0       0         0   0.00%   -4.245172114    -3.334088947      27.33%        0      0      0      1583     0.6s
         1       0         1 100.00%   -3.334088947    -3.334088947       0.00%        0      0      0      1583     0.6s

Solving report
  Status            Optimal
  Primal bound      -3.33408894736
  Dual bound        -3.33408894736
  Gap               0% (tolerance: 0.5%)
  P-D integral      2.12871871884e-05
  Solution status   feasible
                    -3.33408894736 (objective)
                    0 (bound viol.)
                    0 (int. viol.)
                    0 (row viol.)
  Timing            0.62
  Max sub-MIP depth 0
  Nodes             1
  Repair LPs        0
  LP iterations     1583
                    0 (strong br.)
                    0 (separation)
                    0 (heuristics)
MIP has 10753 rows; 9409 cols; 25537 nonzeros; 1344 integer variables (1344 binary)
Coefficient ranges:
  Matrix  [2e-01, 1e+00]
  Cost    [1e-02, 6e-02]
  Bound   [1e+00, 1e+00]
  RHS     [5e-05, 2e+00]
WARNING: Problem has some excessively small row bounds
Presolving model
8064 rows, 8887 cols, 22326 nonzeros 0s
6321 rows, 7478 cols, 17838 nonzeros 0s
4731 rows, 6010 cols, 13684 nonzeros 0s
4518 rows, 5463 cols, 12924 nonzeros 0s
Presolve reductions: rows 4518(-6235); columns 5463(-3946); nonzeros 12924(-12613) 

Solving MIP model with:
   4518 rows
   5463 cols (736 binary, 0 integer, 0 implied int., 4727 continuous, 0 domain fixed)
   12924 nonzeros

Src: B => Branching; C => Central rounding; F => Feasibility pump; H => Heuristic;
     I => Shifting; J => Feasibility jump; L => Sub-MIP; P => Empty MIP; R => Randomized rounding;
     S => Solve LP; T => Evaluate node; U => Unbounded; X => User solution; Y => HiGHS solution;
     Z => ZI Round; l => Trivial lower; p => Trivial point; u => Trivial upper; z => Trivial zero

        Nodes      |    B&B Tree     |            Objective Bounds              |  Dynamic Constraints |       Work      
Src  Proc. InQueue |  Leaves   Expl. | BestBound       BestSol              Gap |   Cuts   InLp Confl. | LpIters     Time

         0       0         0   0.00%   -5.331822315    inf                  inf        0      0      0         0     0.5s
 T       0       0         0   0.00%   -5.331822315    -4.400523086      21.16%        0      0      0      1641     0.6s
         1       0         1 100.00%   -4.400523086    -4.400523086       0.00%        0      0      0      1641     0.6s

Solving report
  Status            Optimal
  Primal bound      -4.40052308569
  Dual bound        -4.40052308569
  Gap               0% (tolerance: 0.5%)
  P-D integral      1.60206741344e-05
  Solution status   feasible
                    -4.40052308569 (objective)
                    0 (bound viol.)
                    0 (int. viol.)
                    0 (row viol.)
  Timing            0.56
  Max sub-MIP depth 0
  Nodes             1
  Repair LPs        0
  LP iterations     1641
                    0 (strong br.)
                    0 (separation)
                    0 (heuristics)
MIP has 10753 rows; 9409 cols; 25537 nonzeros; 1344 integer variables (1344 binary)
Coefficient ranges:
  Matrix  [2e-01, 1e+00]
  Cost    [1e-02, 6e-02]
  Bound   [1e+00, 1e+00]
  RHS     [5e-05, 2e+00]
WARNING: Problem has some excessively small row bounds
Presolving model
8064 rows, 8895 cols, 22334 nonzeros 0s
6321 rows, 7486 cols, 17846 nonzeros 0s
4798 rows, 6055 cols, 13852 nonzeros 0s
4598 rows, 5549 cols, 13146 nonzeros 0s
Presolve reductions: rows 4598(-6155); columns 5549(-3860); nonzeros 13146(-12391) 

Solving MIP model with:
   4598 rows
   5549 cols (750 binary, 0 integer, 0 implied int., 4799 continuous, 0 domain fixed)
   13146 nonzeros

Src: B => Branching; C => Central rounding; F => Feasibility pump; H => Heuristic;
     I => Shifting; J => Feasibility jump; L => Sub-MIP; P => Empty MIP; R => Randomized rounding;
     S => Solve LP; T => Evaluate node; U => Unbounded; X => User solution; Y => HiGHS solution;
     Z => ZI Round; l => Trivial lower; p => Trivial point; u => Trivial upper; z => Trivial zero

        Nodes      |    B&B Tree     |            Objective Bounds              |  Dynamic Constraints |       Work      
Src  Proc. InQueue |  Leaves   Expl. | BestBound       BestSol              Gap |   Cuts   InLp Confl. | LpIters     Time

 J       0       0         0   0.00%   -inf            -0.1145557956      Large        0      0      0         0     0.5s
 T       0       0         0   0.00%   -5.420128268    -4.487974388      20.77%        0      0      0      1644     0.5s
         1       0         1 100.00%   -4.487974388    -4.487974388       0.00%        0      0      0      1644     0.5s

Solving report
  Status            Optimal
  Primal bound      -4.48797438791
  Dual bound        -4.48797438791
  Gap               0% (tolerance: 0.5%)
  P-D integral      2.28336361949
  Solution status   feasible
                    -4.48797438791 (objective)
                    0 (bound viol.)
                    0 (int. viol.)
                    0 (row viol.)
  Timing            0.53
  Max sub-MIP depth 0
  Nodes             1
  Repair LPs        0
  LP iterations     1644
                    0 (strong br.)
                    0 (separation)
                    0 (heuristics)
MIP has 10753 rows; 9409 cols; 25537 nonzeros; 1344 integer variables (1344 binary)
Coefficient ranges:
  Matrix  [2e-01, 1e+00]
  Cost    [1e-02, 6e-02]
  Bound   [1e+00, 1e+00]
  RHS     [2e-04, 2e+00]
Presolving model
8064 rows, 8904 cols, 22343 nonzeros 0s
6328 rows, 7498 cols, 17869 nonzeros 0s
4812 rows, 6072 cols, 13887 nonzeros 0s
4610 rows, 5571 cols, 13182 nonzeros 0s
Presolve reductions: rows 4610(-6143); columns 5571(-3838); nonzeros 13182(-12355) 

Solving MIP model with:
   4610 rows
   5571 cols (751 binary, 0 integer, 0 implied int., 4820 continuous, 0 domain fixed)
   13182 nonzeros

Src: B => Branching; C => Central rounding; F => Feasibility pump; H => Heuristic;
     I => Shifting; J => Feasibility jump; L => Sub-MIP; P => Empty MIP; R => Randomized rounding;
     S => Solve LP; T => Evaluate node; U => Unbounded; X => User solution; Y => HiGHS solution;
     Z => ZI Round; l => Trivial lower; p => Trivial point; u => Trivial upper; z => Trivial zero

        Nodes      |    B&B Tree     |            Objective Bounds              |  Dynamic Constraints |       Work      
Src  Proc. InQueue |  Leaves   Expl. | BestBound       BestSol              Gap |   Cuts   InLp Confl. | LpIters     Time

         0       0         0   0.00%   -4.943556707    inf                  inf        0      0      0         0     0.5s
 T       0       0         0   0.00%   -4.943556707    -4.046028158      22.18%        0      0      0      1687     0.5s
         1       0         1 100.00%   -4.046028158    -4.046028158       0.00%        0      0      0      1687     0.5s

Solving report
  Status            Optimal
  Primal bound      -4.04602815801
  Dual bound        -4.04602815801
  Gap               0% (tolerance: 0.5%)
  P-D integral      1.42858243778e-05
  Solution status   feasible
                    -4.04602815801 (objective)
                    0 (bound viol.)
                    0 (int. viol.)
                    0 (row viol.)
  Timing            0.54
  Max sub-MIP depth 0
  Nodes             1
  Repair LPs        0
  LP iterations     1687
                    0 (strong br.)
                    0 (separation)
                    0 (heuristics)
MIP has 10753 rows; 9409 cols; 25537 nonzeros; 1344 integer variables (1344 binary)
Coefficient ranges:
  Matrix  [2e-01, 1e+00]
  Cost    [1e-02, 6e-02]
  Bound   [1e+00, 1e+00]
  RHS     [3e-05, 2e+00]
WARNING: Problem has some excessively small row bounds
Presolving model
8064 rows, 8914 cols, 22353 nonzeros 0s
6329 rows, 7513 cols, 17881 nonzeros 0s
4865 rows, 6123 cols, 14039 nonzeros 0s
4682 rows, 5651 cols, 13384 nonzeros 0s
Presolve reductions: rows 4682(-6071); columns 5651(-3758); nonzeros 13384(-12153) 

Solving MIP model with:
   4682 rows
   5651 cols (763 binary, 0 integer, 0 implied int., 4888 continuous, 0 domain fixed)
   13384 nonzeros

Src: B => Branching; C => Central rounding; F => Feasibility pump; H => Heuristic;
     I => Shifting; J => Feasibility jump; L => Sub-MIP; P => Empty MIP; R => Randomized rounding;
     S => Solve LP; T => Evaluate node; U => Unbounded; X => User solution; Y => HiGHS solution;
     Z => ZI Round; l => Trivial lower; p => Trivial point; u => Trivial upper; z => Trivial zero

        Nodes      |    B&B Tree     |            Objective Bounds              |  Dynamic Constraints |       Work      
Src  Proc. InQueue |  Leaves   Expl. | BestBound       BestSol              Gap |   Cuts   InLp Confl. | LpIters     Time

         0       0         0   0.00%   -4.900720276    inf                  inf        0      0      0         0     0.5s
 T       0       0         0   0.00%   -4.900720276    -4.020169298      21.90%        0      0      0      1686     0.6s
         1       0         1 100.00%   -4.020169298    -4.020169298       0.00%        0      0      0      1686     0.6s

Solving report
  Status            Optimal
  Primal bound      -4.02016929786
  Dual bound        -4.02016929786
  Gap               0% (tolerance: 0.5%)
  P-D integral      1.65370131494e-05
  Solution status   feasible
                    -4.02016929786 (objective)
                    0 (bound viol.)
                    0 (int. viol.)
                    0 (row viol.)
  Timing            0.56
  Max sub-MIP depth 0
  Nodes             1
  Repair LPs        0
  LP iterations     1686
                    0 (strong br.)
                    0 (separation)
                    0 (heuristics)
MIP has 10753 rows; 9409 cols; 25537 nonzeros; 1344 integer variables (1344 binary)
Coefficient ranges:
  Matrix  [2e-01, 1e+00]
  Cost    [1e-02, 6e-02]
  Bound   [1e+00, 1e+00]
  RHS     [3e-05, 2e+00]
WARNING: Problem has some excessively small row bounds
Presolving model
8064 rows, 8907 cols, 22346 nonzeros 0s
6327 rows, 7504 cols, 17870 nonzeros 0s
4797 rows, 6085 cols, 13865 nonzeros 0s
4593 rows, 5567 cols, 13143 nonzeros 0s
Presolve reductions: rows 4593(-6160); columns 5567(-3842); nonzeros 13143(-12394) 

Solving MIP model with:
   4593 rows
   5567 cols (746 binary, 0 integer, 0 implied int., 4821 continuous, 0 domain fixed)
   13143 nonzeros

Src: B => Branching; C => Central rounding; F => Feasibility pump; H => Heuristic;
     I => Shifting; J => Feasibility jump; L => Sub-MIP; P => Empty MIP; R => Randomized rounding;
     S => Solve LP; T => Evaluate node; U => Unbounded; X => User solution; Y => HiGHS solution;
     Z => ZI Round; l => Trivial lower; p => Trivial point; u => Trivial upper; z => Trivial zero

        Nodes      |    B&B Tree     |            Objective Bounds              |  Dynamic Constraints |       Work      
Src  Proc. InQueue |  Leaves   Expl. | BestBound       BestSol              Gap |   Cuts   InLp Confl. | LpIters     Time

 J       0       0         0   0.00%   -inf            -0.0145792867      Large        0      0      0         0     0.5s
 T       0       0         0   0.00%   -4.332499785    -3.446434374      25.71%        0      0      0      1669     0.5s
         1       0         1 100.00%   -3.446434374    -3.446434374       0.00%        0      0      0      1669     0.5s

Solving report
  Status            Optimal
  Primal bound      -3.44643437443
  Dual bound        -3.44643437443
  Gap               0% (tolerance: 0.5%)
  P-D integral      13.2209942246
  Solution status   feasible
                    -3.44643437443 (objective)
                    0 (bound viol.)
                    0 (int. viol.)
                    0 (row viol.)
  Timing            0.53
  Max sub-MIP depth 0
  Nodes             1
  Repair LPs        0
  LP iterations     1669
                    0 (strong br.)
                    0 (separation)
                    0 (heuristics)
MIP has 10754 rows; 9409 cols; 25538 nonzeros; 1344 integer variables (1344 binary)
Coefficient ranges:
  Matrix  [2e-01, 1e+00]
  Cost    [1e-02, 6e-02]
  Bound   [1e+00, 1e+00]
  RHS     [3e-05, 2e+00]
WARNING: Problem has some excessively small row bounds
Presolving model
8064 rows, 8950 cols, 22389 nonzeros 0s
6324 rows, 7544 cols, 17907 nonzeros 0s
5000 rows, 6267 cols, 14410 nonzeros 0s
4836 rows, 5854 cols, 13833 nonzeros 0s
Presolve reductions: rows 4836(-5918); columns 5854(-3555); nonzeros 13833(-11705) 

Solving MIP model with:
   4836 rows
   5854 cols (786 binary, 0 integer, 0 implied int., 5068 continuous, 0 domain fixed)
   13833 nonzeros

Src: B => Branching; C => Central rounding; F => Feasibility pump; H => Heuristic;
     I => Shifting; J => Feasibility jump; L => Sub-MIP; P => Empty MIP; R => Randomized rounding;
     S => Solve LP; T => Evaluate node; U => Unbounded; X => User solution; Y => HiGHS solution;
     Z => ZI Round; l => Trivial lower; p => Trivial point; u => Trivial upper; z => Trivial zero

        Nodes      |    B&B Tree     |            Objective Bounds              |  Dynamic Constraints |       Work      
Src  Proc. InQueue |  Leaves   Expl. | BestBound       BestSol              Gap |   Cuts   InLp Confl. | LpIters     Time

         0       0         0   0.00%   -3.589209346    inf                  inf        0      0      0         0     0.5s
 T       0       0         0   0.00%   -3.589209346    -2.633930649      36.27%        0      0      0      1738     0.6s
         1       0         1 100.00%   -2.633930649    -2.633930649       0.00%        0      0      0      1738     0.6s

Solving report
  Status            Optimal
  Primal bound      -2.63393064883
  Dual bound        -2.63393064883
  Gap               0% (tolerance: 0.5%)
  P-D integral      2.76000889616e-05
  Solution status   feasible
                    -2.63393064883 (objective)
                    0 (bound viol.)
                    0 (int. viol.)
                    0 (row viol.)
  Timing            0.59
  Max sub-MIP depth 0
  Nodes             1
  Repair LPs        0
  LP iterations     1738
                    0 (strong br.)
                    0 (separation)
                    0 (heuristics)
